DATAFLOW,FREQ,REF_AREA,DATA_TYPE,TIME_PERIOD,OBS_VALUE,OBS_STATUS,NOTE_DS,NOTE_REF_AREA,NOTE_DATA_TYPE,BASE_PER,UNIT_MEAS,UNIT_MULT
IT1:22_293_DF_DCIS_INDDEMOG1_1(1.0),A,IT,GROWTHRATET,2015,-2.2,,,,TIPO_DATO15__GROWTHRATET_N1,,,
IT1:22_293_DF_DCIS_INDDEMOG1_1(1.0),A,IT,GROWTHRATET,2016,-1.6,,,,TIPO_DATO15__GROWTHRATET_N1,,,
IT1:22_293_DF_DCIS_INDDEMOG1_1(1.0),A,IT,GROWTHRATET,2017,-2.1,,,,TIPO_DATO15__GROWTHRATET_N1,,,
IT1:22_293_DF_DCIS_INDDEMOG1_1(1.0),A,IT,GROWTHRATET,2018,-2,,,,TIPO_DATO15__GROWTHRATET_N1,,,
IT1:22_293_DF_DCIS_INDDEMOG1_1(1.0),A,IT,GROWTHRATET,2019,-2.9,,,,TIPO_DATO15__GROWTHRATET_N1,,,
IT1:22_293_DF_DCIS_INDDEMOG1_1(1.0),A,IT,GROWTHRATET,2020,-6.7,,,,TIPO_DATO15__GROWTHRATET_N1,,,
IT1:22_293_DF_DCIS_INDDEMOG1_1(1.0),A,IT,GROWTHRATET,2021,-3.5,,,,TIPO_DATO15__GROWTHRATET_N1,,,
IT1:22_293_DF_DCIS_INDDEMOG1_1(1.0),A,IT,GROWTHRATET,2022,-0.6,,,,TIPO_DATO15__GROWTHRATET_N1,,,
IT1:22_293_DF_DCIS_INDDEMOG1_1(1.0),A,IT,GROWTHRATET,2023,-0.4,,,,TIPO_DATO15__GROWTHRATET_N1,,,
IT1:22_293_DF_DCIS_INDDEMOG1_1(1.0),A,IT,GROWTHRATET,2024,-0.5,,,,TIPO_DATO15__GROWTHRATET_N1,,,
IT1:22_293_DF_DCIS_INDDEMOG1_1(1.0),A,IT,GROWTHRATET,2025,0,p,,,TIPO_DATO15__GROWTHRATET_N1,,,
IT1:22_293_DF_DCIS_INDDEMOG1_1(1.0),A,IT108,GROWTHRATET,2015,1.2,,,,TIPO_DATO15__GROWTHRATET_N1,,,
IT1:22_293_DF_DCIS_INDDEMOG1_1(1.0),A,IT108,GROWTHRATET,2016,2.5,,,,TIPO_DATO15__GROWTHRATET_N1,,,
IT1:22_293_DF_DCIS_INDDEMOG1_1(1.0),A,IT108,GROWTHRATET,2017,2.8,,,,TIPO_DATO15__GROWTHRATET_N1,,,
IT1:22_293_DF_DCIS_INDDEMOG1_1(1.0),A,IT108,GROWTHRATET,2018,2,,,,TIPO_DATO15__GROWTHRATET_N1,,,
IT1:22_293_DF_DCIS_INDDEMOG1_1(1.0),A,IT108,GROWTHRATET,2019,3.2,,,,TIPO_DATO15__GROWTHRATET_N1,,,
IT1:22_293_DF_DCIS_INDDEMOG1_1(1.0),A,IT108,GROWTHRATET,2020,0,,,,TIPO_DATO15__GROWTHRATET_N1,,,
IT1:22_293_DF_DCIS_INDDEMOG1_1(1.0),A,IT108,GROWTHRATET,2021,0.2,,,,TIPO_DATO15__GROWTHRATET_N1,,,
IT1:22_293_DF_DCIS_INDDEMOG1_1(1.0),A,IT108,GROWTHRATET,2022,3.7,,,,TIPO_DATO15__GROWTHRATET_N1,,,
IT1:22_293_DF_DCIS_INDDEMOG1_1(1.0),A,IT108,GROWTHRATET,2023,3.6,,,,TIPO_DATO15__GROWTHRATET_N1,,,
IT1:22_293_DF_DCIS_INDDEMOG1_1(1.0),A,IT108,GROWTHRATET,2024,2.9,,,,TIPO_DATO15__GROWTHRATET_N1,,,
IT1:22_293_DF_DCIS_INDDEMOG1_1(1.0),A,IT108,GROWTHRATET,2025,4.6,p,,,TIPO_DATO15__GROWTHRATET_N1,,,
IT1:22_293_DF_DCIS_INDDEMOG1_1(1.0),A,IT109,GROWTHRATET,2015,-5.6,,,,TIPO_DATO15__GROWTHRATET_N1,,,
IT1:22_293_DF_DCIS_INDDEMOG1_1(1.0),A,IT109,GROWTHRATET,2016,-4.4,,,,TIPO_DATO15__GROWTHRATET_N1,,,
IT1:22_293_DF_DCIS_INDDEMOG1_1(1.0),A,IT109,GROWTHRATET,2017,-3.6,,,,TIPO_DATO15__GROWTHRATET_N1,,,
IT1:22_293_DF_DCIS_INDDEMOG1_1(1.0),A,IT109,GROWTHRATET,2018,-4.1,,,,TIPO_DATO15__GROWTHRATET_N1,,,
IT1:22_293_DF_DCIS_INDDEMOG1_1(1.0),A,IT109,GROWTHRATET,2019,-5.5,,,,TIPO_DATO15__GROWTHRATET_N1,,,
IT1:22_293_DF_DCIS_INDDEMOG1_1(1.0),A,IT109,GROWTHRATET,2020,-11.8,,,,TIPO_DATO15__GROWTHRATET_N1,,,
IT1:22_293_DF_DCIS_INDDEMOG1_1(1.0),A,IT109,GROWTHRATET,2021,-8.4,,,,TIPO_DATO15__GROWTHRATET_N1,,,
IT1:22_293_DF_DCIS_INDDEMOG1_1(1.0),A,IT109,GROWTHRATET,2022,-2.8,,,,TIPO_DATO15__GROWTHRATET_N1,,,
IT1:22_293_DF_DCIS_INDDEMOG1_1(1.0),A,IT109,GROWTHRATET,2023,-2.9,,,,TIPO_DATO15__GROWTHRATET_N1,,,
IT1:22_293_DF_DCIS_INDDEMOG1_1(1.0),A,IT109,GROWTHRATET,2024,-2.3,,,,TIPO_DATO15__GROWTHRATET_N1,,,
IT1:22_293_DF_DCIS_INDDEMOG1_1(1.0),A,IT109,GROWTHRATET,2025,-1.1,p,,,TIPO_DATO15__GROWTHRATET_N1,,,
IT1:22_293_DF_DCIS_INDDEMOG1_1(1.0),A,IT110,GROWTHRATET,2015,-3.9,,,,TIPO_DATO15__GROWTHRATET_N1,,,
IT1:22_293_DF_DCIS_INDDEMOG1_1(1.0),A,IT110,GROWTHRATET,2016,-4.1,,,,TIPO_DATO15__GROWTHRATET_N1,,,
IT1:22_293_DF_DCIS_INDDEMOG1_1(1.0),A,IT110,GROWTHRATET,2017,-5.4,,,,TIPO_DATO15__GROWTHRATET_N1,,,
IT1:22_293_DF_DCIS_INDDEMOG1_1(1.0),A,IT110,GROWTHRATET,2018,-5,,,,TIPO_DATO15__GROWTHRATET_N1,,,
IT1:22_293_DF_DCIS_INDDEMOG1_1(1.0),A,IT110,GROWTHRATET,2019,-4.6,,,,TIPO_DATO15__GROWTHRATET_N1,,,
IT1:22_293_DF_DCIS_INDDEMOG1_1(1.0),A,IT110,GROWTHRATET,2020,-9.8,,,,TIPO_DATO15__GROWTHRATET_N1,,,
IT1:22_293_DF_DCIS_INDDEMOG1_1(1.0),A,IT110,GROWTHRATET,2021,-1.2,,,,TIPO_DATO15__GROWTHRATET_N1,,,
IT1:22_293_DF_DCIS_INDDEMOG1_1(1.0),A,IT110,GROWTHRATET,2022,-2.9,,,,TIPO_DATO15__GROWTHRATET_N1,,,
IT1:22_293_DF_DCIS_INDDEMOG1_1(1.0),A,IT110,GROWTHRATET,2023,-4.1,,,,TIPO_DATO15__GROWTHRATET_N1,,,
IT1:22_293_DF_DCIS_INDDEMOG1_1(1.0),A,IT110,GROWTHRATET,2024,-2.2,,,,TIPO_DATO15__GROWTHRATET_N1,,,
IT1:22_293_DF_DCIS_INDDEMOG1_1(1.0),A,IT110,GROWTHRATET,2025,-3.1,p,,,TIPO_DATO15__GROWTHRATET_N1,,,
IT1:22_293_DF_DCIS_INDDEMOG1_1(1.0),A,IT111,GROWTHRATET,2015,-7.4,,,,TIPO_DATO15__GROWTHRATET_N1,,,
IT1:22_293_DF_DCIS_INDDEMOG1_1(1.0),A,IT111,GROWTHRATET,2016,-6.9,,,,TIPO_DATO15__GROWTHRATET_N1,,,
IT1:22_293_DF_DCIS_INDDEMOG1_1(1.0),A,IT111,GROWTHRATET,2017,-7.2,,,,TIPO_DATO15__GROWTHRATET_N1,,,
IT1:22_293_DF_DCIS_INDDEMOG1_1(1.0),A,IT111,GROWTHRATET,2018,-9.4,,,,TIPO_DATO15__GROWTHRATET_N1,,,
IT1:22_293_DF_DCIS_INDDEMOG1_1(1.0),A,IT111,GROWTHRATET,2019,-10.2,,,,TIPO_DATO15__GROWTHRATET_N1,,,
IT1:22_293_DF_DCIS_INDDEMOG1_1(1.0),A,IT111,GROWTHRATET,2020,-17.4,,,,TIPO_DATO15__GROWTHRATET_N1,,,
IT1:22_293_DF_DCIS_INDDEMOG1_1(1.0),A,IT111,GROWTHRATET,2021,-3.2,,,,TIPO_DATO15__GROWTHRATET_N1,,,
IT1:22_293_DF_DCIS_INDDEMOG1_1(1.0),A,IT111,GROWTHRATET,2022,-8.8,,,,TIPO_DATO15__GROWTHRATET_N1,,,
IT1:22_293_DF_DCIS_INDDEMOG1_1(1.0),A,IT111,GROWTHRATET,2023,-7.2,,,,TIPO_DATO15__GROWTHRATET_N1,,,
IT1:22_293_DF_DCIS_INDDEMOG1_1(1.0),A,IT111,GROWTHRATET,2024,-6.8,,,,TIPO_DATO15__GROWTHRATET_N1,,,
IT1:22_293_DF_DCIS_INDDEMOG1_1(1.0),A,IT111,GROWTHRATET,2025,-7.3,p,,,TIPO_DATO15__GROWTHRATET_N1,,,
IT1:22_293_DF_DCIS_INDDEMOG1_1(1.0),A,ITC,GROWTHRATET,2015,-1.8,,,,TIPO_DATO15__GROWTHRATET_N1,,,
IT1:22_293_DF_DCIS_INDDEMOG1_1(1.0),A,ITC,GROWTHRATET,2016,-0.5,,,,TIPO_DATO15__GROWTHRATET_N1,,,
IT1:22_293_DF_DCIS_INDDEMOG1_1(1.0),A,ITC,GROWTHRATET,2017,-0.9,,,,TIPO_DATO15__GROWTHRATET_N1,,,
IT1:22_293_DF_DCIS_INDDEMOG1_1(1.0),A,ITC,GROWTHRATET,2018,-0.4,,,,TIPO_DATO15__GROWTHRATET_N1,,,
IT1:22_293_DF_DCIS_INDDEMOG1_1(1.0),A,ITC,GROWTHRATET,2019,-0.7,,,,TIPO_DATO15__GROWTHRATET_N1,,,
IT1:22_293_DF_DCIS_INDDEMOG1_1(1.0),A,ITC,GROWTHRATET,2020,-5.6,,,,TIPO_DATO15__GROWTHRATET_N1,,,
IT1:22_293_DF_DCIS_INDDEMOG1_1(1.0),A,ITC,GROWTHRATET,2021,-4.3,,,,TIPO_DATO15__GROWTHRATET_N1,,,
IT1:22_293_DF_DCIS_INDDEMOG1_1(1.0),A,ITC,GROWTHRATET,2022,1.7,,,,TIPO_DATO15__GROWTHRATET_N1,,,
IT1:22_293_DF_DCIS_INDDEMOG1_1(1.0),A,ITC,GROWTHRATET,2023,2.4,,,,TIPO_DATO15__GROWTHRATET_N1,,,
IT1:22_293_DF_DCIS_INDDEMOG1_1(1.0),A,ITC,GROWTHRATET,2024,1.4,,,,TIPO_DATO15__GROWTHRATET_N1,,,
IT1:22_293_DF_DCIS_INDDEMOG1_1(1.0),A,ITC,GROWTHRATET,2025,2.3,p,,,TIPO_DATO15__GROWTHRATET_N1,,,
IT1:22_293_DF_DCIS_INDDEMOG1_1(1.0),A,ITC1,GROWTHRATET,2015,-4.4,,,,TIPO_DATO15__GROWTHRATET_N1,,,
IT1:22_293_DF_DCIS_INDDEMOG1_1(1.0),A,ITC1,GROWTHRATET,2016,-3.2,,,,TIPO_DATO15__GROWTHRATET_N1,,,
IT1:22_293_DF_DCIS_INDDEMOG1_1(1.0),A,ITC1,GROWTHRATET,2017,-4.7,,,,TIPO_DATO15__GROWTHRATET_N1,,,
IT1:22_293_DF_DCIS_INDDEMOG1_1(1.0),A,ITC1,GROWTHRATET,2018,-4.9,,,,TIPO_DATO15__GROWTHRATET_N1,,,
IT1:22_293_DF_DCIS_INDDEMOG1_1(1.0),A,ITC1,GROWTHRATET,2019,-4,,,,TIPO_DATO15__GROWTHRATET_N1,,,
IT1:22_293_DF_DCIS_INDDEMOG1_1(1.0),A,ITC1,GROWTHRATET,2020,-8.4,,,,TIPO_DATO15__GROWTHRATET_N1,,,
IT1:22_293_DF_DCIS_INDDEMOG1_1(1.0),A,ITC1,GROWTHRATET,2021,-4.4,,,,TIPO_DATO15__GROWTHRATET_N1,,,
IT1:22_293_DF_DCIS_INDDEMOG1_1(1.0),A,ITC1,GROWTHRATET,2022,-1.2,,,,TIPO_DATO15__GROWTHRATET_N1,,,
IT1:22_293_DF_DCIS_INDDEMOG1_1(1.0),A,ITC1,GROWTHRATET,2023,0,,,,TIPO_DATO15__GROWTHRATET_N1,,,
IT1:22_293_DF_DCIS_INDDEMOG1_1(1.0),A,ITC1,GROWTHRATET,2024,0.1,,,,TIPO_DATO15__GROWTHRATET_N1,,,
IT1:22_293_DF_DCIS_INDDEMOG1_1(1.0),A,ITC1,GROWTHRATET,2025,0.7,p,,,TIPO_DATO15__GROWTHRATET_N1,,,
IT1:22_293_DF_DCIS_INDDEMOG1_1(1.0),A,ITC11,GROWTHRATET,2015,-3.3,,,,TIPO_DATO15__GROWTHRATET_N1,,,
IT1:22_293_DF_DCIS_INDDEMOG1_1(1.0),A,ITC11,GROWTHRATET,2016,-2.7,,,,TIPO_DATO15__GROWTHRATET_N1,,,
IT1:22_293_DF_DCIS_INDDEMOG1_1(1.0),A,ITC11,GROWTHRATET,2017,-5.6,,,,TIPO_DATO15__GROWTHRATET_N1,,,
IT1:22_293_DF_DCIS_INDDEMOG1_1(1.0),A,ITC11,GROWTHRATET,2018,-4.9,,,,TIPO_DATO15__GROWTHRATET_N1,,,
IT1:22_293_DF_DCIS_INDDEMOG1_1(1.0),A,ITC11,GROWTHRATET,2019,-3.5,,,,TIPO_DATO15__GROWTHRATET_N1,,,
IT1:22_293_DF_DCIS_INDDEMOG1_1(1.0),A,ITC11,GROWTHRATET,2020,-5.3,,,,TIPO_DATO15__GROWTHRATET_N1,,,
IT1:22_293_DF_DCIS_INDDEMOG1_1(1.0),A,ITC11,GROWTHRATET,2021,-4.9,,,,TIPO_DATO15__GROWTHRATET_N1,,,
IT1:22_293_DF_DCIS_INDDEMOG1_1(1.0),A,ITC11,GROWTHRATET,2022,-1.7,,,,TIPO_DATO15__GROWTHRATET_N1,,,
IT1:22_293_DF_DCIS_INDDEMOG1_1(1.0),A,ITC11,GROWTHRATET,2023,0.1,,,,TIPO_DATO15__GROWTHRATET_N1,,,
IT1:22_293_DF_DCIS_INDDEMOG1_1(1.0),A,ITC11,GROWTHRATET,2024,-0.3,,,,TIPO_DATO15__GROWTHRATET_N1,,,
IT1:22_293_DF_DCIS_INDDEMOG1_1(1.0),A,ITC11,GROWTHRATET,2025,0.2,p,,,TIPO_DATO15__GROWTHRATET_N1,,,
IT1:22_293_DF_DCIS_INDDEMOG1_1(1.0),A,ITC12,GROWTHRATET,2015,-7.4,,,,TIPO_DATO15__GROWTHRATET_N1,,,
IT1:22_293_DF_DCIS_INDDEMOG1_1(1.0),A,ITC12,GROWTHRATET,2016,-5.9,,,,TIPO_DATO15__GROWTHRATET_N1,,,
IT1:22_293_DF_DCIS_INDDEMOG1_1(1.0),A,ITC12,GROWTHRATET,2017,-7.7,,,,TIPO_DATO15__GROWTHRATET_N1,,,
IT1:22_293_DF_DCIS_INDDEMOG1_1(1.0),A,ITC12,GROWTHRATET,2018,-8.2,,,,TIPO_DATO15__GROWTHRATET_N1,,,
IT1:22_293_DF_DCIS_INDDEMOG1_1(1.0),A,ITC12,GROWTHRATET,2019,-6.4,,,,TIPO_DATO15__GROWTHRATET_N1,,,
IT1:22_293_DF_DCIS_INDDEMOG1_1(1.0),A,ITC12,GROWTHRATET,2020,-16.7,,,,TIPO_DATO15__GROWTHRATET_N1,,,
IT1:22_293_DF_DCIS_INDDEMOG1_1(1.0),A,ITC12,GROWTHRATET,2021,-3.1,,,,TIPO_DATO15__GROWTHRATET_N1,,,
IT1:22_293_DF_DCIS_INDDEMOG1_1(1.0),A,ITC12,GROWTHRATET,2022,-1.2,,,,TIPO_DATO15__GROWTHRATET_N1,,,
IT1:22_293_DF_DCIS_INDDEMOG1_1(1.0),A,ITC12,GROWTHRATET,2023,-1.1,,,,TIPO_DATO15__GROWTHRATET_N1,,,
IT1:22_293_DF_DCIS_INDDEMOG1_1(1.0),A,ITC12,GROWTHRATET,2024,1.2,,,,TIPO_DATO15__GROWTHRATET_N1,,,
IT1:22_293_DF_DCIS_INDDEMOG1_1(1.0),A,ITC12,GROWTHRATET,2025,1.5,p,,,TIPO_DATO15__GROWTHRATET_N1,,,
IT1:22_293_DF_DCIS_INDDEMOG1_1(1.0),A,ITC13,GROWTHRATET,2015,-8.4,,,,TIPO_DATO15__GROWTHRATET_N1,,,
IT1:22_293_DF_DCIS_INDDEMOG1_1(1.0),A,ITC13,GROWTHRATET,2016,-6,,,,TIPO_DATO15__GROWTHRATET_N1,,,
IT1:22_293_DF_DCIS_INDDEMOG1_1(1.0),A,ITC13,GROWTHRATET,2017,-7.4,,,,TIPO_DATO15__GROWTHRATET_N1,,,
IT1:22_293_DF_DCIS_INDDEMOG1_1(1.0),A,ITC13,GROWTHRATET,2018,-7.9,,,,TIPO_DATO15__GROWTHRATET_N1,,,
IT1:22_293_DF_DCIS_INDDEMOG1_1(1.0),A,ITC13,GROWTHRATET,2019,-6.6,,,,TIPO_DATO15__GROWTHRATET_N1,,,
IT1:22_293_DF_DCIS_INDDEMOG1_1(1.0),A,ITC13,GROWTHRATET,2020,-20,,,,TIPO_DATO15__GROWTHRATET_N1,,,
IT1:22_293_DF_DCIS_INDDEMOG1_1(1.0),A,ITC13,GROWTHRATET,2021,-4.1,,,,TIPO_DATO15__GROWTHRATET_N1,,,
IT1:22_293_DF_DCIS_INDDEMOG1_1(1.0),A,ITC13,GROWTHRATET,2022,-5.4,,,,TIPO_DATO15__GROWTHRATET_N1,,,
IT1:22_293_DF_DCIS_INDDEMOG1_1(1.0),A,ITC13,GROWTHRATET,2023,-3.2,,,,TIPO_DATO15__GROWTHRATET_N1,,,
IT1:22_293_DF_DCIS_INDDEMOG1_1(1.0),A,ITC13,GROWTHRATET,2024,-1.5,,,,TIPO_DATO15__GROWTHRATET_N1,,,
IT1:22_293_DF_DCIS_INDDEMOG1_1(1.0),A,ITC13,GROWTHRATET,2025,-0.6,p,,,TIPO_DATO15__GROWTHRATET_N1,,,
IT1:22_293_DF_DCIS_INDDEMOG1_1(1.0),A,ITC14,GROWTHRATET,2015,-5.9,,,,TIPO_DATO15__GROWTHRATET_N1,,,
IT1:22_293_DF_DCIS_INDDEMOG1_1(1.0),A,ITC14,GROWTHRATET,2016,-3.4,,,,TIPO_DATO15__GROWTHRATET_N1,,,
IT1:22_293_DF_DCIS_INDDEMOG1_1(1.0),A,ITC14,GROWTHRATET,2017,-3.9,,,,TIPO_DATO15__GROWTHRATET_N1,,,
IT1:22_293_DF_DCIS_INDDEMOG1_1(1.0),A,ITC14,GROWTHRATET,2018,-5.4,,,,TIPO_DATO15__GROWTHRATET_N1,,,
IT1:22_293_DF_DCIS_INDDEMOG1_1(1.0),A,ITC14,GROWTHRATET,2019,-6.1,,,,TIPO_DATO15__GROWTHRATET_N1,,,
IT1:22_293_DF_DCIS_INDDEMOG1_1(1.0),A,ITC14,GROWTHRATET,2020,-9,,,,TIPO_DATO15__GROWTHRATET_N1,,,
IT1:22_293_DF_DCIS_INDDEMOG1_1(1.0),A,ITC14,GROWTHRATET,2021,-4.4,,,,TIPO_DATO15__GROWTHRATET_N1,,,
IT1:22_293_DF_DCIS_INDDEMOG1_1(1.0),A,ITC14,GROWTHRATET,2022,-1.4,,,,TIPO_DATO15__GROWTHRATET_N1,,,
IT1:22_293_DF_DCIS_INDDEMOG1_1(1.0),A,ITC14,GROWTHRATET,2023,-1.8,,,,TIPO_DATO15__GROWTHRATET_N1,,,
IT1:22_293_DF_DCIS_INDDEMOG1_1(1.0),A,ITC14,GROWTHRATET,2024,-3.1,,,,TIPO_DATO15__GROWTHRATET_N1,,,
IT1:22_293_DF_DCIS_INDDEMOG1_1(1.0),A,ITC14,GROWTHRATET,2025,-4,p,,,TIPO_DATO15__GROWTHRATET_N1,,,
IT1:22_293_DF_DCIS_INDDEMOG1_1(1.0),A,ITC15,GROWTHRATET,2015,-3.6,,,,TIPO_DATO15__GROWTHRATET_N1,,,
IT1:22_293_DF_DCIS_INDDEMOG1_1(1.0),A,ITC15,GROWTHRATET,2016,-2.1,,,,TIPO_DATO15__GROWTHRATET_N1,,,
IT1:22_293_DF_DCIS_INDDEMOG1_1(1.0),A,ITC15,GROWTHRATET,2017,-1.7,,,,TIPO_DATO15__GROWTHRATET_N1,,,
IT1:22_293_DF_DCIS_INDDEMOG1_1(1.0),A,ITC15,GROWTHRATET,2018,-2.5,,,,TIPO_DATO15__GROWTHRATET_N1,,,
IT1:22_293_DF_DCIS_INDDEMOG1_1(1.0),A,ITC15,GROWTHRATET,2019,-2.3,,,,TIPO_DATO15__GROWTHRATET_N1,,,
IT1:22_293_DF_DCIS_INDDEMOG1_1(1.0),A,ITC15,GROWTHRATET,2020,-5.6,,,,TIPO_DATO15__GROWTHRATET_N1,,,
IT1:22_293_DF_DCIS_INDDEMOG1_1(1.0),A,ITC15,GROWTHRATET,2021,-2.8,,,,TIPO_DATO15__GROWTHRATET_N1,,,
IT1:22_293_DF_DCIS_INDDEMOG1_1(1.0),A,ITC15,GROWTHRATET,2022,1.6,,,,TIPO_DATO15__GROWTHRATET_N1,,,
IT1:22_293_DF_DCIS_INDDEMOG1_1(1.0),A,ITC15,GROWTHRATET,2023,2.7,,,,TIPO_DATO15__GROWTHRATET_N1,,,
IT1:22_293_DF_DCIS_INDDEMOG1_1(1.0),A,ITC15,GROWTHRATET,2024,1.8,,,,TIPO_DATO15__GROWTHRATET_N1,,,
IT1:22_293_DF_DCIS_INDDEMOG1_1(1.0),A,ITC15,GROWTHRATET,2025,4.9,p,,,TIPO_DATO15__GROWTHRATET_N1,,,
IT1:22_293_DF_DCIS_INDDEMOG1_1(1.0),A,ITC16,GROWTHRATET,2015,-3.1,,,,TIPO_DATO15__GROWTHRATET_N1,,,
IT1:22_293_DF_DCIS_INDDEMOG1_1(1.0),A,ITC16,GROWTHRATET,2016,-2.2,,,,TIPO_DATO15__GROWTHRATET_N1,,,
IT1:22_293_DF_DCIS_INDDEMOG1_1(1.0),A,ITC16,GROWTHRATET,2017,-1,,,,TIPO_DATO15__GROWTHRATET_N1,,,
IT1:22_293_DF_DCIS_INDDEMOG1_1(1.0),A,ITC16,GROWTHRATET,2018,-2.4,,,,TIPO_DATO15__GROWTHRATET_N1,,,
IT1:22_293_DF_DCIS_INDDEMOG1_1(1.0),A,ITC16,GROWTHRATET,2019,-1.9,,,,TIPO_DATO15__GROWTHRATET_N1,,,
IT1:22_293_DF_DCIS_INDDEMOG1_1(1.0),A,ITC16,GROWTHRATET,2020,-7.4,,,,TIPO_DATO15__GROWTHRATET_N1,,,
IT1:22_293_DF_DCIS_INDDEMOG1_1(1.0),A,ITC16,GROWTHRATET,2021,-2.8,,,,TIPO_DATO15__GROWTHRATET_N1,,,
IT1:22_293_DF_DCIS_INDDEMOG1_1(1.0),A,ITC16,GROWTHRATET,2022,1,,,,TIPO_DATO15__GROWTHRATET_N1,,,
IT1:22_293_DF_DCIS_INDDEMOG1_1(1.0),A,ITC16,GROWTHRATET,2023,1.5,,,,TIPO_DATO15__GROWTHRATET_N1,,,
IT1:22_293_DF_DCIS_INDDEMOG1_1(1.0),A,ITC16,GROWTHRATET,2024,-0.2,,,,TIPO_DATO15__GROWTHRATET_N1,,,
IT1:22_293_DF_DCIS_INDDEMOG1_1(1.0),A,ITC16,GROWTHRATET,2025,1,p,,,TIPO_DATO15__GROWTHRATET_N1,,,
IT1:22_293_DF_DCIS_INDDEMOG1_1(1.0),A,ITC17,GROWTHRATET,2015,-9,,,,TIPO_DATO15__GROWTHRATET_N1,,,
IT1:22_293_DF_DCIS_INDDEMOG1_1(1.0),A,ITC17,GROWTHRATET,2016,-4.4,,,,TIPO_DATO15__GROWTHRATET_N1,,,
IT1:22_293_DF_DCIS_INDDEMOG1_1(1.0),A,ITC17,GROWTHRATET,2017,-4.2,,,,TIPO_DATO15__GROWTHRATET_N1,,,
IT1:22_293_DF_DCIS_INDDEMOG1_1(1.0),A,ITC17,GROWTHRATET,2018,-6.5,,,,TIPO_DATO15__GROWTHRATET_N1,,,
IT1:22_293_DF_DCIS_INDDEMOG1_1(1.0),A,ITC17,GROWTHRATET,2019,-7,,,,TIPO_DATO15__GROWTHRATET_N1,,,
IT1:22_293_DF_DCIS_INDDEMOG1_1(1.0),A,ITC17,GROWTHRATET,2020,-12.5,,,,TIPO_DATO15__GROWTHRATET_N1,,,
IT1:22_293_DF_DCIS_INDDEMOG1_1(1.0),A,ITC17,GROWTHRATET,2021,-5.3,,,,TIPO_DATO15__GROWTHRATET_N1,,,
IT1:22_293_DF_DCIS_INDDEMOG1_1(1.0),A,ITC17,GROWTHRATET,2022,-1.6,,,,TIPO_DATO15__GROWTHRATET_N1,,,
IT1:22_293_DF_DCIS_INDDEMOG1_1(1.0),A,ITC17,GROWTHRATET,2023,-3.4,,,,TIPO_DATO15__GROWTHRATET_N1,,,
IT1:22_293_DF_DCIS_INDDEMOG1_1(1.0),A,ITC17,GROWTHRATET,2024,-0.2,,,,TIPO_DATO15__GROWTHRATET_N1,,,
IT1:22_293_DF_DCIS_INDDEMOG1_1(1.0),A,ITC17,GROWTHRATET,2025,-0.7,p,,,TIPO_DATO15__GROWTHRATET_N1,,,
IT1:22_293_DF_DCIS_INDDEMOG1_1(1.0),A,ITC18,GROWTHRATET,2015,-7.2,,,,TIPO_DATO15__GROWTHRATET_N1,,,
IT1:22_293_DF_DCIS_INDDEMOG1_1(1.0),A,ITC18,GROWTHRATET,2016,-5.1,,,,TIPO_DATO15__GROWTHRATET_N1,,,
IT1:22_293_DF_DCIS_INDDEMOG1_1(1.0),A,ITC18,GROWTHRATET,2017,-5.6,,,,TIPO_DATO15__GROWTHRATET_N1,,,
IT1:22_293_DF_DCIS_INDDEMOG1_1(1.0),A,ITC18,GROWTHRATET,2018,-7.1,,,,TIPO_DATO15__GROWTHRATET_N1,,,
IT1:22_293_DF_DCIS_INDDEMOG1_1(1.0),A,ITC18,GROWTHRATET,2019,-7.2,,,,TIPO_DATO15__GROWTHRATET_N1,,,
IT1:22_293_DF_DCIS_INDDEMOG1_1(1.0),A,ITC18,GROWTHRATET,2020,-19,,,,TIPO_DATO15__GROWTHRATET_N1,,,
IT1:22_293_DF_DCIS_INDDEMOG1_1(1.0),A,ITC18,GROWTHRATET,2021,-5.1,,,,TIPO_DATO15__GROWTHRATET_N1,,,
IT1:22_293_DF_DCIS_INDDEMOG1_1(1.0),A,ITC18,GROWTHRATET,2022,-1.9,,,,TIPO_DATO15__GROWTHRATET_N1,,,
IT1:22_293_DF_DCIS_INDDEMOG1_1(1.0),A,ITC18,GROWTHRATET,2023,-0.3,,,,TIPO_DATO15__GROWTHRATET_N1,,,
IT1:22_293_DF_DCIS_INDDEMOG1_1(1.0),A,ITC18,GROWTHRATET,2024,2,,,,TIPO_DATO15__GROWTHRATET_N1,,,
IT1:22_293_DF_DCIS_INDDEMOG1_1(1.0),A,ITC18,GROWTHRATET,2025,2.1,p,,,TIPO_DATO15__GROWTHRATET_N1,,,
IT1:22_293_DF_DCIS_INDDEMOG1_1(1.0),A,ITC2,GROWTHRATET,2015,-7.4,,,,TIPO_DATO15__GROWTHRATET_N1,,,
IT1:22_293_DF_DCIS_INDDEMOG1_1(1.0),A,ITC2,GROWTHRATET,2016,-2.8,,,,TIPO_DATO15__GROWTHRATET_N1,,,
IT1:22_293_DF_DCIS_INDDEMOG1_1(1.0),A,ITC2,GROWTHRATET,2017,-3.7,,,,TIPO_DATO15__GROWTHRATET_N1,,,
IT1:22_293_DF_DCIS_INDDEMOG1_1(1.0),A,ITC2,GROWTHRATET,2018,-4.4,,,,TIPO_DATO15__GROWTHRATET_N1,,,
IT1:22_293_DF_DCIS_INDDEMOG1_1(1.0),A,ITC2,GROWTHRATET,2019,-4.9,,,,TIPO_DATO15__GROWTHRATET_N1,,,
IT1:22_293_DF_DCIS_INDDEMOG1_1(1.0),A,ITC2,GROWTHRATET,2020,-7.6,,,,TIPO_DATO15__GROWTHRATET_N1,,,
IT1:22_293_DF_DCIS_INDDEMOG1_1(1.0),A,ITC2,GROWTHRATET,2021,-5.9,,,,TIPO_DATO15__GROWTHRATET_N1,,,
IT1:22_293_DF_DCIS_INDDEMOG1_1(1.0),A,ITC2,GROWTHRATET,2022,-1.9,,,,TIPO_DATO15__GROWTHRATET_N1,,,
IT1:22_293_DF_DCIS_INDDEMOG1_1(1.0),A,ITC2,GROWTHRATET,2023,-2.1,,,,TIPO_DATO15__GROWTHRATET_N1,,,
IT1:22_293_DF_DCIS_INDDEMOG1_1(1.0),A,ITC2,GROWTHRATET,2024,-2.8,,,,TIPO_DATO15__GROWTHRATET_N1,,,
IT1:22_293_DF_DCIS_INDDEMOG1_1(1.0),A,ITC2,GROWTHRATET,2025,0.2,p,,,TIPO_DATO15__GROWTHRATET_N1,,,
IT1:22_293_DF_DCIS_INDDEMOG1_1(1.0),A,ITC20,GROWTHRATET,2015,-7.4,,,,TIPO_DATO15__GROWTHRATET_N1,,,
IT1:22_293_DF_DCIS_INDDEMOG1_1(1.0),A,ITC20,GROWTHRATET,2016,-2.8,,,,TIPO_DATO15__GROWTHRATET_N1,,,
IT1:22_293_DF_DCIS_INDDEMOG1_1(1.0),A,ITC20,GROWTHRATET,2017,-3.7,,,,TIPO_DATO15__GROWTHRATET_N1,,,
IT1:22_293_DF_DCIS_INDDEMOG1_1(1.0),A,ITC20,GROWTHRATET,2018,-4.4,,,,TIPO_DATO15__GROWTHRATET_N1,,,
IT1:22_293_DF_DCIS_INDDEMOG1_1(1.0),A,ITC20,GROWTHRATET,2019,-4.9,,,,TIPO_DATO15__GROWTHRATET_N1,,,
IT1:22_293_DF_DCIS_INDDEMOG1_1(1.0),A,ITC20,GROWTHRATET,2020,-7.6,,,,TIPO_DATO15__GROWTHRATET_N1,,,
IT1:22_293_DF_DCIS_INDDEMOG1_1(1.0),A,ITC20,GROWTHRATET,2021,-5.9,,,,TIPO_DATO15__GROWTHRATET_N1,,,
IT1:22_293_DF_DCIS_INDDEMOG1_1(1.0),A,ITC20,GROWTHRATET,2022,-1.9,,,,TIPO_DATO15__GROWTHRATET_N1,,,
IT1:22_293_DF_DCIS_INDDEMOG1_1(1.0),A,ITC20,GROWTHRATET,2023,-2.1,,,,TIPO_DATO15__GROWTHRATET_N1,,,
IT1:22_293_DF_DCIS_INDDEMOG1_1(1.0),A,ITC20,GROWTHRATET,2024,-2.8,,,,TIPO_DATO15__GROWTHRATET_N1,,,
IT1:22_293_DF_DCIS_INDDEMOG1_1(1.0),A,ITC20,GROWTHRATET,2025,0.2,p,,,TIPO_DATO15__GROWTHRATET_N1,,,
IT1:22_293_DF_DCIS_INDDEMOG1_1(1.0),A,ITC3,GROWTHRATET,2015,-7.5,,,,TIPO_DATO15__GROWTHRATET_N1,,,
IT1:22_293_DF_DCIS_INDDEMOG1_1(1.0),A,ITC3,GROWTHRATET,2016,-4.1,,,,TIPO_DATO15__GROWTHRATET_N1,,,
IT1:22_293_DF_DCIS_INDDEMOG1_1(1.0),A,ITC3,GROWTHRATET,2017,-6.4,,,,TIPO_DATO15__GROWTHRATET_N1,,,
IT1:22_293_DF_DCIS_INDDEMOG1_1(1.0),A,ITC3,GROWTHRATET,2018,-5.6,,,,TIPO_DATO15__GROWTHRATET_N1,,,
IT1:22_293_DF_DCIS_INDDEMOG1_1(1.0),A,ITC3,GROWTHRATET,2019,-5.3,,,,TIPO_DATO15__GROWTHRATET_N1,,,
IT1:22_293_DF_DCIS_INDDEMOG1_1(1.0),A,ITC3,GROWTHRATET,2020,-4.2,,,,TIPO_DATO15__GROWTHRATET_N1,,,
IT1:22_293_DF_DCIS_INDDEMOG1_1(1.0),A,ITC3,GROWTHRATET,2021,-6.2,,,,TIPO_DATO15__GROWTHRATET_N1,,,
IT1:22_293_DF_DCIS_INDDEMOG1_1(1.0),A,ITC3,GROWTHRATET,2022,-1.1,,,,TIPO_DATO15__GROWTHRATET_N1,,,
IT1:22_293_DF_DCIS_INDDEMOG1_1(1.0),A,ITC3,GROWTHRATET,2023,1,,,,TIPO_DATO15__GROWTHRATET_N1,,,
IT1:22_293_DF_DCIS_INDDEMOG1_1(1.0),A,ITC3,GROWTHRATET,2024,0.7,,,,TIPO_DATO15__GROWTHRATET_N1,,,
IT1:22_293_DF_DCIS_INDDEMOG1_1(1.0),A,ITC3,GROWTHRATET,2025,1.2,p,,,TIPO_DATO15__GROWTHRATET_N1,,,
IT1:22_293_DF_DCIS_INDDEMOG1_1(1.0),A,ITC31,GROWTHRATET,2015,-9.2,,,,TIPO_DATO15__GROWTHRATET_N1,,,
IT1:22_293_DF_DCIS_INDDEMOG1_1(1.0),A,ITC31,GROWTHRATET,2016,-2.9,,,,TIPO_DATO15__GROWTHRATET_N1,,,
IT1:22_293_DF_DCIS_INDDEMOG1_1(1.0),A,ITC31,GROWTHRATET,2017,-6.2,,,,TIPO_DATO15__GROWTHRATET_N1,,,
IT1:22_293_DF_DCIS_INDDEMOG1_1(1.0),A,ITC31,GROWTHRATET,2018,-5.2,,,,TIPO_DATO15__GROWTHRATET_N1,,,
IT1:22_293_DF_DCIS_INDDEMOG1_1(1.0),A,ITC31,GROWTHRATET,2019,-2.9,,,,TIPO_DATO15__GROWTHRATET_N1,,,
IT1:22_293_DF_DCIS_INDDEMOG1_1(1.0),A,ITC31,GROWTHRATET,2020,-0.7,,,,TIPO_DATO15__GROWTHRATET_N1,,,
IT1:22_293_DF_DCIS_INDDEMOG1_1(1.0),A,ITC31,GROWTHRATET,2021,-2.7,,,,TIPO_DATO15__GROWTHRATET_N1,,,
IT1:22_293_DF_DCIS_INDDEMOG1_1(1.0),A,ITC31,GROWTHRATET,2022,0.6,,,,TIPO_DATO15__GROWTHRATET_N1,,,
IT1:22_293_DF_DCIS_INDDEMOG1_1(1.0),A,ITC31,GROWTHRATET,2023,0.1,,,,TIPO_DATO15__GROWTHRATET_N1,,,
IT1:22_293_DF_DCIS_INDDEMOG1_1(1.0),A,ITC31,GROWTHRATET,2024,2.6,,,,TIPO_DATO15__GROWTHRATET_N1,,,
IT1:22_293_DF_DCIS_INDDEMOG1_1(1.0),A,ITC31,GROWTHRATET,2025,2.4,p,,,TIPO_DATO15__GROWTHRATET_N1,,,
IT1:22_293_DF_DCIS_INDDEMOG1_1(1.0),A,ITC32,GROWTHRATET,2015,-7.3,,,,TIPO_DATO15__GROWTHRATET_N1,,,
IT1:22_293_DF_DCIS_INDDEMOG1_1(1.0),A,ITC32,GROWTHRATET,2016,-5.1,,,,TIPO_DATO15__GROWTHRATET_N1,,,
IT1:22_293_DF_DCIS_INDDEMOG1_1(1.0),A,ITC32,GROWTHRATET,2017,-6,,,,TIPO_DATO15__GROWTHRATET_N1,,,
IT1:22_293_DF_DCIS_INDDEMOG1_1(1.0),A,ITC32,GROWTHRATET,2018,-7.2,,,,TIPO_DATO15__GROWTHRATET_N1,,,
IT1:22_293_DF_DCIS_INDDEMOG1_1(1.0),A,ITC32,GROWTHRATET,2019,-6.9,,,,TIPO_DATO15__GROWTHRATET_N1,,,
IT1:22_293_DF_DCIS_INDDEMOG1_1(1.0),A,ITC32,GROWTHRATET,2020,-7.7,,,,TIPO_DATO15__GROWTHRATET_N1,,,
IT1:22_293_DF_DCIS_INDDEMOG1_1(1.0),A,ITC32,GROWTHRATET,2021,-6.4,,,,TIPO_DATO15__GROWTHRATET_N1,,,
IT1:22_293_DF_DCIS_INDDEMOG1_1(1.0),A,ITC32,GROWTHRATET,2022,-2.5,,,,TIPO_DATO15__GROWTHRATET_N1,,,
IT1:22_293_DF_DCIS_INDDEMOG1_1(1.0),A,ITC32,GROWTHRATET,2023,0.9,,,,TIPO_DATO15__GROWTHRATET_N1,,,
IT1:22_293_DF_DCIS_INDDEMOG1_1(1.0),A,ITC32,GROWTHRATET,2024,-2.1,,,,TIPO_DATO15__GROWTHRATET_N1,,,
IT1:22_293_DF_DCIS_INDDEMOG1_1(1.0),A,ITC32,GROWTHRATET,2025,-0.6,p,,,TIPO_DATO15__GROWTHRATET_N1,,,
IT1:22_293_DF_DCIS_INDDEMOG1_1(1.0),A,ITC33,GROWTHRATET,2015,-8.2,,,,TIPO_DATO15__GROWTHRATET_N1,,,
IT1:22_293_DF_DCIS_INDDEMOG1_1(1.0),A,ITC33,GROWTHRATET,2016,-4.7,,,,TIPO_DATO15__GROWTHRATET_N1,,,
IT1:22_293_DF_DCIS_INDDEMOG1_1(1.0),A,ITC33,GROWTHRATET,2017,-7.3,,,,TIPO_DATO15__GROWTHRATET_N1,,,
IT1:22_293_DF_DCIS_INDDEMOG1_1(1.0),A,ITC33,GROWTHRATET,2018,-6,,,,TIPO_DATO15__GROWTHRATET_N1,,,
IT1:22_293_DF_DCIS_INDDEMOG1_1(1.0),A,ITC33,GROWTHRATET,2019,-6,,,,TIPO_DATO15__GROWTHRATET_N1,,,
IT1:22_293_DF_DCIS_INDDEMOG1_1(1.0),A,ITC33,GROWTHRATET,2020,-3,,,,TIPO_DATO15__GROWTHRATET_N1,,,
IT1:22_293_DF_DCIS_INDDEMOG1_1(1.0),A,ITC33,GROWTHRATET,2021,-7.4,,,,TIPO_DATO15__GROWTHRATET_N1,,,
IT1:22_293_DF_DCIS_INDDEMOG1_1(1.0),A,ITC33,GROWTHRATET,2022,-1,,,,TIPO_DATO15__GROWTHRATET_N1,,,
IT1:22_293_DF_DCIS_INDDEMOG1_1(1.0),A,ITC33,GROWTHRATET,2023,1.2,,,,TIPO_DATO15__GROWTHRATET_N1,,,
IT1:22_293_DF_DCIS_INDDEMOG1_1(1.0),A,ITC33,GROWTHRATET,2024,1.4,,,,TIPO_DATO15__GROWTHRATET_N1,,,
IT1:22_293_DF_DCIS_INDDEMOG1_1(1.0),A,ITC33,GROWTHRATET,2025,2.3,p,,,TIPO_DATO15__GROWTHRATET_N1,,,
IT1:22_293_DF_DCIS_INDDEMOG1_1(1.0),A,ITC34,GROWTHRATET,2015,-3.2,,,,TIPO_DATO15__GROWTHRATET_N1,,,
IT1:22_293_DF_DCIS_INDDEMOG1_1(1.0),A,ITC34,GROWTHRATET,2016,-1.7,,,,TIPO_DATO15__GROWTHRATET_N1,,,
IT1:22_293_DF_DCIS_INDDEMOG1_1(1.0),A,ITC34,GROWTHRATET,2017,-3.5,,,,TIPO_DATO15__GROWTHRATET_N1,,,
IT1:22_293_DF_DCIS_INDDEMOG1_1(1.0),A,ITC34,GROWTHRATET,2018,-2.4,,,,TIPO_DATO15__GROWTHRATET_N1,,,
IT1:22_293_DF_DCIS_INDDEMOG1_1(1.0),A,ITC34,GROWTHRATET,2019,-3,,,,TIPO_DATO15__GROWTHRATET_N1,,,
IT1:22_293_DF_DCIS_INDDEMOG1_1(1.0),A,ITC34,GROWTHRATET,2020,-7,,,,TIPO_DATO15__GROWTHRATET_N1,,,
IT1:22_293_DF_DCIS_INDDEMOG1_1(1.0),A,ITC34,GROWTHRATET,2021,-3.5,,,,TIPO_DATO15__GROWTHRATET_N1,,,
IT1:22_293_DF_DCIS_INDDEMOG1_1(1.0),A,ITC34,GROWTHRATET,2022,-1.1,,,,TIPO_DATO15__GROWTHRATET_N1,,,
IT1:22_293_DF_DCIS_INDDEMOG1_1(1.0),A,ITC34,GROWTHRATET,2023,1,,,,TIPO_DATO15__GROWTHRATET_N1,,,
IT1:22_293_DF_DCIS_INDDEMOG1_1(1.0),A,ITC34,GROWTHRATET,2024,-0.8,,,,TIPO_DATO15__GROWTHRATET_N1,,,
IT1:22_293_DF_DCIS_INDDEMOG1_1(1.0),A,ITC34,GROWTHRATET,2025,-1.8,p,,,TIPO_DATO15__GROWTHRATET_N1,,,
IT1:22_293_DF_DCIS_INDDEMOG1_1(1.0),A,ITC4,GROWTHRATET,2015,0.4,,,,TIPO_DATO15__GROWTHRATET_N1,,,
IT1:22_293_DF_DCIS_INDDEMOG1_1(1.0),A,ITC4,GROWTHRATET,2016,1.2,,,,TIPO_DATO15__GROWTHRATET_N1,,,
IT1:22_293_DF_DCIS_INDDEMOG1_1(1.0),A,ITC4,GROWTHRATET,2017,1.7,,,,TIPO_DATO15__GROWTHRATET_N1,,,
IT1:22_293_DF_DCIS_INDDEMOG1_1(1.0),A,ITC4,GROWTHRATET,2018,2.4,,,,TIPO_DATO15__GROWTHRATET_N1,,,
IT1:22_293_DF_DCIS_INDDEMOG1_1(1.0),A,ITC4,GROWTHRATET,2019,1.7,,,,TIPO_DATO15__GROWTHRATET_N1,,,
IT1:22_293_DF_DCIS_INDDEMOG1_1(1.0),A,ITC4,GROWTHRATET,2020,-4.6,,,,TIPO_DATO15__GROWTHRATET_N1,,,
IT1:22_293_DF_DCIS_INDDEMOG1_1(1.0),A,ITC4,GROWTHRATET,2021,-3.9,,,,TIPO_DATO15__GROWTHRATET_N1,,,
IT1:22_293_DF_DCIS_INDDEMOG1_1(1.0),A,ITC4,GROWTHRATET,2022,3.4,,,,TIPO_DATO15__GROWTHRATET_N1,,,
IT1:22_293_DF_DCIS_INDDEMOG1_1(1.0),A,ITC4,GROWTHRATET,2023,3.6,,,,TIPO_DATO15__GROWTHRATET_N1,,,
IT1:22_293_DF_DCIS_INDDEMOG1_1(1.0),A,ITC4,GROWTHRATET,2024,2.2,,,,TIPO_DATO15__GROWTHRATET_N1,,,
IT1:22_293_DF_DCIS_INDDEMOG1_1(1.0),A,ITC4,GROWTHRATET,2025,3.2,p,,,TIPO_DATO15__GROWTHRATET_N1,,,
IT1:22_293_DF_DCIS_INDDEMOG1_1(1.0),A,ITC41,GROWTHRATET,2015,-0.7,,,,TIPO_DATO15__GROWTHRATET_N1,,,
IT1:22_293_DF_DCIS_INDDEMOG1_1(1.0),A,ITC41,GROWTHRATET,2016,-0.5,,,,TIPO_DATO15__GROWTHRATET_N1,,,
IT1:22_293_DF_DCIS_INDDEMOG1_1(1.0),A,ITC41,GROWTHRATET,2017,0,,,,TIPO_DATO15__GROWTHRATET_N1,,,
IT1:22_293_DF_DCIS_INDDEMOG1_1(1.0),A,ITC41,GROWTHRATET,2018,0.2,,,,TIPO_DATO15__GROWTHRATET_N1,,,
IT1:22_293_DF_DCIS_INDDEMOG1_1(1.0),A,ITC41,GROWTHRATET,2019,-0.2,,,,TIPO_DATO15__GROWTHRATET_N1,,,
IT1:22_293_DF_DCIS_INDDEMOG1_1(1.0),A,ITC41,GROWTHRATET,2020,-5.4,,,,TIPO_DATO15__GROWTHRATET_N1,,,
IT1:22_293_DF_DCIS_INDDEMOG1_1(1.0),A,ITC41,GROWTHRATET,2021,-2.7,,,,TIPO_DATO15__GROWTHRATET_N1,,,
IT1:22_293_DF_DCIS_INDDEMOG1_1(1.0),A,ITC41,GROWTHRATET,2022,2.4,,,,TIPO_DATO15__GROWTHRATET_N1,,,
IT1:22_293_DF_DCIS_INDDEMOG1_1(1.0),A,ITC41,GROWTHRATET,2023,0.6,,,,TIPO_DATO15__GROWTHRATET_N1,,,
IT1:22_293_DF_DCIS_INDDEMOG1_1(1.0),A,ITC41,GROWTHRATET,2024,2.7,,,,TIPO_DATO15__GROWTHRATET_N1,,,
IT1:22_293_DF_DCIS_INDDEMOG1_1(1.0),A,ITC41,GROWTHRATET,2025,2.5,p,,,TIPO_DATO15__GROWTHRATET_N1,,,
IT1:22_293_DF_DCIS_INDDEMOG1_1(1.0),A,ITC42,GROWTHRATET,2015,-0.7,,,,TIPO_DATO15__GROWTHRATET_N1,,,
IT1:22_293_DF_DCIS_INDDEMOG1_1(1.0),A,ITC42,GROWTHRATET,2016,0.8,,,,TIPO_DATO15__GROWTHRATET_N1,,,
IT1:22_293_DF_DCIS_INDDEMOG1_1(1.0),A,ITC42,GROWTHRATET,2017,-0.7,,,,TIPO_DATO15__GROWTHRATET_N1,,,
IT1:22_293_DF_DCIS_INDDEMOG1_1(1.0),A,ITC42,GROWTHRATET,2018,0.5,,,,TIPO_DATO15__GROWTHRATET_N1,,,
IT1:22_293_DF_DCIS_INDDEMOG1_1(1.0),A,ITC42,GROWTHRATET,2019,-0.4,,,,TIPO_DATO15__GROWTHRATET_N1,,,
IT1:22_293_DF_DCIS_INDDEMOG1_1(1.0),A,ITC42,GROWTHRATET,2020,-2,,,,TIPO_DATO15__GROWTHRATET_N1,,,
IT1:22_293_DF_DCIS_INDDEMOG1_1(1.0),A,ITC42,GROWTHRATET,2021,-2.5,,,,TIPO_DATO15__GROWTHRATET_N1,,,
IT1:22_293_DF_DCIS_INDDEMOG1_1(1.0),A,ITC42,GROWTHRATET,2022,3.7,,,,TIPO_DATO15__GROWTHRATET_N1,,,
IT1:22_293_DF_DCIS_INDDEMOG1_1(1.0),A,ITC42,GROWTHRATET,2023,1.4,,,,TIPO_DATO15__GROWTHRATET_N1,,,
IT1:22_293_DF_DCIS_INDDEMOG1_1(1.0),A,ITC42,GROWTHRATET,2024,0.4,,,,TIPO_DATO15__GROWTHRATET_N1,,,
IT1:22_293_DF_DCIS_INDDEMOG1_1(1.0),A,ITC42,GROWTHRATET,2025,0.6,p,,,TIPO_DATO15__GROWTHRATET_N1,,,
IT1:22_293_DF_DCIS_INDDEMOG1_1(1.0),A,ITC43,GROWTHRATET,2015,-4,,,,TIPO_DATO15__GROWTHRATET_N1,,,
IT1:22_293_DF_DCIS_INDDEMOG1_1(1.0),A,ITC43,GROWTHRATET,2016,-0.2,,,,TIPO_DATO15__GROWTHRATET_N1,,,
IT1:22_293_DF_DCIS_INDDEMOG1_1(1.0),A,ITC43,GROWTHRATET,2017,-0.5,,,,TIPO_DATO15__GROWTHRATET_N1,,,
IT1:22_293_DF_DCIS_INDDEMOG1_1(1.0),A,ITC43,GROWTHRATET,2018,-0.1,,,,TIPO_DATO15__GROWTHRATET_N1,,,
IT1:22_293_DF_DCIS_INDDEMOG1_1(1.0),A,ITC43,GROWTHRATET,2019,-1.8,,,,TIPO_DATO15__GROWTHRATET_N1,,,
IT1:22_293_DF_DCIS_INDDEMOG1_1(1.0),A,ITC43,GROWTHRATET,2020,-4.2,,,,TIPO_DATO15__GROWTHRATET_N1,,,
IT1:22_293_DF_DCIS_INDDEMOG1_1(1.0),A,ITC43,GROWTHRATET,2021,-3.4,,,,TIPO_DATO15__GROWTHRATET_N1,,,
IT1:22_293_DF_DCIS_INDDEMOG1_1(1.0),A,ITC43,GROWTHRATET,2022,1,,,,TIPO_DATO15__GROWTHRATET_N1,,,
IT1:22_293_DF_DCIS_INDDEMOG1_1(1.0),A,ITC43,GROWTHRATET,2023,1.5,,,,TIPO_DATO15__GROWTHRATET_N1,,,
IT1:22_293_DF_DCIS_INDDEMOG1_1(1.0),A,ITC43,GROWTHRATET,2024,1.4,,,,TIPO_DATO15__GROWTHRATET_N1,,,
IT1:22_293_DF_DCIS_INDDEMOG1_1(1.0),A,ITC43,GROWTHRATET,2025,1.4,p,,,TIPO_DATO15__GROWTHRATET_N1,,,
IT1:22_293_DF_DCIS_INDDEMOG1_1(1.0),A,ITC44,GROWTHRATET,2015,-2.1,,,,TIPO_DATO15__GROWTHRATET_N1,,,
IT1:22_293_DF_DCIS_INDDEMOG1_1(1.0),A,ITC44,GROWTHRATET,2016,-2.1,,,,TIPO_DATO15__GROWTHRATET_N1,,,
IT1:22_293_DF_DCIS_INDDEMOG1_1(1.0),A,ITC44,GROWTHRATET,2017,-0.3,,,,TIPO_DATO15__GROWTHRATET_N1,,,
IT1:22_293_DF_DCIS_INDDEMOG1_1(1.0),A,ITC44,GROWTHRATET,2018,-1.9,,,,TIPO_DATO15__GROWTHRATET_N1,,,
IT1:22_293_DF_DCIS_INDDEMOG1_1(1.0),A,ITC44,GROWTHRATET,2019,-1.4,,,,TIPO_DATO15__GROWTHRATET_N1,,,
IT1:22_293_DF_DCIS_INDDEMOG1_1(1.0),A,ITC44,GROWTHRATET,2020,-9.1,,,,TIPO_DATO15__GROWTHRATET_N1,,,
IT1:22_293_DF_DCIS_INDDEMOG1_1(1.0),A,ITC44,GROWTHRATET,2021,-0.2,,,,TIPO_DATO15__GROWTHRATET_N1,,,
IT1:22_293_DF_DCIS_INDDEMOG1_1(1.0),A,ITC44,GROWTHRATET,2022,0.1,,,,TIPO_DATO15__GROWTHRATET_N1,,,
IT1:22_293_DF_DCIS_INDDEMOG1_1(1.0),A,ITC44,GROWTHRATET,2023,0.4,,,,TIPO_DATO15__GROWTHRATET_N1,,,
IT1:22_293_DF_DCIS_INDDEMOG1_1(1.0),A,ITC44,GROWTHRATET,2024,1.3,,,,TIPO_DATO15__GROWTHRATET_N1,,,
IT1:22_293_DF_DCIS_INDDEMOG1_1(1.0),A,ITC44,GROWTHRATET,2025,0.9,p,,,TIPO_DATO15__GROWTHRATET_N1,,,
IT1:22_293_DF_DCIS_INDDEMOG1_1(1.0),A,ITC45,GROWTHRATET,2015,4.4,,,,TIPO_DATO15__GROWTHRATET_N1,,,
IT1:22_293_DF_DCIS_INDDEMOG1_1(1.0),A,ITC45,GROWTHRATET,2016,4.4,,,,TIPO_DATO15__GROWTHRATET_N1,,,
IT1:22_293_DF_DCIS_INDDEMOG1_1(1.0),A,ITC45,GROWTHRATET,2017,5.6,,,,TIPO_DATO15__GROWTHRATET_N1,,,
IT1:22_293_DF_DCIS_INDDEMOG1_1(1.0),A,ITC45,GROWTHRATET,2018,5.4,,,,TIPO_DATO15__GROWTHRATET_N1,,,
IT1:22_293_DF_DCIS_INDDEMOG1_1(1.0),A,ITC45,GROWTHRATET,2019,4.7,,,,TIPO_DATO15__GROWTHRATET_N1,,,
IT1:22_293_DF_DCIS_INDDEMOG1_1(1.0),A,ITC45,GROWTHRATET,2020,-7.2,,,,TIPO_DATO15__GROWTHRATET_N1,,,
IT1:22_293_DF_DCIS_INDDEMOG1_1(1.0),A,ITC45,GROWTHRATET,2021,-8.4,,,,TIPO_DATO15__GROWTHRATET_N1,,,
IT1:22_293_DF_DCIS_INDDEMOG1_1(1.0),A,ITC45,GROWTHRATET,2022,4.2,,,,TIPO_DATO15__GROWTHRATET_N1,,,
IT1:22_293_DF_DCIS_INDDEMOG1_1(1.0),A,ITC45,GROWTHRATET,2023,5.3,,,,TIPO_DATO15__GROWTHRATET_N1,,,
IT1:22_293_DF_DCIS_INDDEMOG1_1(1.0),A,ITC45,GROWTHRATET,2024,0.3,,,,TIPO_DATO15__GROWTHRATET_N1,,,
IT1:22_293_DF_DCIS_INDDEMOG1_1(1.0),A,ITC45,GROWTHRATET,2025,2,p,,,TIPO_DATO15__GROWTHRATET_N1,,,
IT1:22_293_DF_DCIS_INDDEMOG1_1(1.0),A,ITC46,GROWTHRATET,2015,-1.2,,,,TIPO_DATO15__GROWTHRATET_N1,,,
IT1:22_293_DF_DCIS_INDDEMOG1_1(1.0),A,ITC46,GROWTHRATET,2016,0.8,,,,TIPO_DATO15__GROWTHRATET_N1,,,
IT1:22_293_DF_DCIS_INDDEMOG1_1(1.0),A,ITC46,GROWTHRATET,2017,0.8,,,,TIPO_DATO15__GROWTHRATET_N1,,,
IT1:22_293_DF_DCIS_INDDEMOG1_1(1.0),A,ITC46,GROWTHRATET,2018,0.9,,,,TIPO_DATO15__GROWTHRATET_N1,,,
IT1:22_293_DF_DCIS_INDDEMOG1_1(1.0),A,ITC46,GROWTHRATET,2019,0.8,,,,TIPO_DATO15__GROWTHRATET_N1,,,
IT1:22_293_DF_DCIS_INDDEMOG1_1(1.0),A,ITC46,GROWTHRATET,2020,-4.1,,,,TIPO_DATO15__GROWTHRATET_N1,,,
IT1:22_293_DF_DCIS_INDDEMOG1_1(1.0),A,ITC46,GROWTHRATET,2021,-0.5,,,,TIPO_DATO15__GROWTHRATET_N1,,,
IT1:22_293_DF_DCIS_INDDEMOG1_1(1.0),A,ITC46,GROWTHRATET,2022,3,,,,TIPO_DATO15__GROWTHRATET_N1,,,
IT1:22_293_DF_DCIS_INDDEMOG1_1(1.0),A,ITC46,GROWTHRATET,2023,3.6,,,,TIPO_DATO15__GROWTHRATET_N1,,,
IT1:22_293_DF_DCIS_INDDEMOG1_1(1.0),A,ITC46,GROWTHRATET,2024,3.9,,,,TIPO_DATO15__GROWTHRATET_N1,,,
IT1:22_293_DF_DCIS_INDDEMOG1_1(1.0),A,ITC46,GROWTHRATET,2025,4,p,,,TIPO_DATO15__GROWTHRATET_N1,,,
IT1:22_293_DF_DCIS_INDDEMOG1_1(1.0),A,ITC47,GROWTHRATET,2015,-1.6,,,,TIPO_DATO15__GROWTHRATET_N1,,,
IT1:22_293_DF_DCIS_INDDEMOG1_1(1.0),A,ITC47,GROWTHRATET,2016,-1.6,,,,TIPO_DATO15__GROWTHRATET_N1,,,
IT1:22_293_DF_DCIS_INDDEMOG1_1(1.0),A,ITC47,GROWTHRATET,2017,-0.5,,,,TIPO_DATO15__GROWTHRATET_N1,,,
IT1:22_293_DF_DCIS_INDDEMOG1_1(1.0),A,ITC47,GROWTHRATET,2018,2.5,,,,TIPO_DATO15__GROWTHRATET_N1,,,
IT1:22_293_DF_DCIS_INDDEMOG1_1(1.0),A,ITC47,GROWTHRATET,2019,0.7,,,,TIPO_DATO15__GROWTHRATET_N1,,,
IT1:22_293_DF_DCIS_INDDEMOG1_1(1.0),A,ITC47,GROWTHRATET,2020,0.2,,,,TIPO_DATO15__GROWTHRATET_N1,,,
IT1:22_293_DF_DCIS_INDDEMOG1_1(1.0),A,ITC47,GROWTHRATET,2021,-2,,,,TIPO_DATO15__GROWTHRATET_N1,,,
IT1:22_293_DF_DCIS_INDDEMOG1_1(1.0),A,ITC47,GROWTHRATET,2022,3.3,,,,TIPO_DATO15__GROWTHRATET_N1,,,
IT1:22_293_DF_DCIS_INDDEMOG1_1(1.0),A,ITC47,GROWTHRATET,2023,2.9,,,,TIPO_DATO15__GROWTHRATET_N1,,,
IT1:22_293_DF_DCIS_INDDEMOG1_1(1.0),A,ITC47,GROWTHRATET,2024,3.9,,,,TIPO_DATO15__GROWTHRATET_N1,,,
IT1:22_293_DF_DCIS_INDDEMOG1_1(1.0),A,ITC47,GROWTHRATET,2025,4.6,p,,,TIPO_DATO15__GROWTHRATET_N1,,,
IT1:22_293_DF_DCIS_INDDEMOG1_1(1.0),A,ITC48,GROWTHRATET,2015,-1.8,,,,TIPO_DATO15__GROWTHRATET_N1,,,
IT1:22_293_DF_DCIS_INDDEMOG1_1(1.0),A,ITC48,GROWTHRATET,2016,-1.4,,,,TIPO_DATO15__GROWTHRATET_N1,,,
IT1:22_293_DF_DCIS_INDDEMOG1_1(1.0),A,ITC48,GROWTHRATET,2017,-2.8,,,,TIPO_DATO15__GROWTHRATET_N1,,,
IT1:22_293_DF_DCIS_INDDEMOG1_1(1.0),A,ITC48,GROWTHRATET,2018,0.2,,,,TIPO_DATO15__GROWTHRATET_N1,,,
IT1:22_293_DF_DCIS_INDDEMOG1_1(1.0),A,ITC48,GROWTHRATET,2019,-2.5,,,,TIPO_DATO15__GROWTHRATET_N1,,,
IT1:22_293_DF_DCIS_INDDEMOG1_1(1.0),A,ITC48,GROWTHRATET,2020,-8.6,,,,TIPO_DATO15__GROWTHRATET_N1,,,
IT1:22_293_DF_DCIS_INDDEMOG1_1(1.0),A,ITC48,GROWTHRATET,2021,-2.4,,,,TIPO_DATO15__GROWTHRATET_N1,,,
IT1:22_293_DF_DCIS_INDDEMOG1_1(1.0),A,ITC48,GROWTHRATET,2022,3.6,,,,TIPO_DATO15__GROWTHRATET_N1,,,
IT1:22_293_DF_DCIS_INDDEMOG1_1(1.0),A,ITC48,GROWTHRATET,2023,4.1,,,,TIPO_DATO15__GROWTHRATET_N1,,,
IT1:22_293_DF_DCIS_INDDEMOG1_1(1.0),A,ITC48,GROWTHRATET,2024,6.2,,,,TIPO_DATO15__GROWTHRATET_N1,,,
IT1:22_293_DF_DCIS_INDDEMOG1_1(1.0),A,ITC48,GROWTHRATET,2025,7.5,p,,,TIPO_DATO15__GROWTHRATET_N1,,,
IT1:22_293_DF_DCIS_INDDEMOG1_1(1.0),A,ITC49,GROWTHRATET,2015,-2.8,,,,TIPO_DATO15__GROWTHRATET_N1,,,
IT1:22_293_DF_DCIS_INDDEMOG1_1(1.0),A,ITC49,GROWTHRATET,2016,-1.4,,,,TIPO_DATO15__GROWTHRATET_N1,,,
IT1:22_293_DF_DCIS_INDDEMOG1_1(1.0),A,ITC49,GROWTHRATET,2017,0.5,,,,TIPO_DATO15__GROWTHRATET_N1,,,
IT1:22_293_DF_DCIS_INDDEMOG1_1(1.0),A,ITC49,GROWTHRATET,2018,0.6,,,,TIPO_DATO15__GROWTHRATET_N1,,,
IT1:22_293_DF_DCIS_INDDEMOG1_1(1.0),A,ITC49,GROWTHRATET,2019,2.1,,,,TIPO_DATO15__GROWTHRATET_N1,,,
IT1:22_293_DF_DCIS_INDDEMOG1_1(1.0),A,ITC49,GROWTHRATET,2020,-0.4,,,,TIPO_DATO15__GROWTHRATET_N1,,,
IT1:22_293_DF_DCIS_INDDEMOG1_1(1.0),A,ITC49,GROWTHRATET,2021,-0.1,,,,TIPO_DATO15__GROWTHRATET_N1,,,
IT1:22_293_DF_DCIS_INDDEMOG1_1(1.0),A,ITC49,GROWTHRATET,2022,3.6,,,,TIPO_DATO15__GROWTHRATET_N1,,,
IT1:22_293_DF_DCIS_INDDEMOG1_1(1.0),A,ITC49,GROWTHRATET,2023,5.9,,,,TIPO_DATO15__GROWTHRATET_N1,,,
IT1:22_293_DF_DCIS_INDDEMOG1_1(1.0),A,ITC49,GROWTHRATET,2024,3.4,,,,TIPO_DATO15__GROWTHRATET_N1,,,
IT1:22_293_DF_DCIS_INDDEMOG1_1(1.0),A,ITC49,GROWTHRATET,2025,5.3,p,,,TIPO_DATO15__GROWTHRATET_N1,,,
IT1:22_293_DF_DCIS_INDDEMOG1_1(1.0),A,ITC4A,GROWTHRATET,2015,-3.5,,,,TIPO_DATO15__GROWTHRATET_N1,,,
IT1:22_293_DF_DCIS_INDDEMOG1_1(1.0),A,ITC4A,GROWTHRATET,2016,-3,,,,TIPO_DATO15__GROWTHRATET_N1,,,
IT1:22_293_DF_DCIS_INDDEMOG1_1(1.0),A,ITC4A,GROWTHRATET,2017,-3,,,,TIPO_DATO15__GROWTHRATET_N1,,,
IT1:22_293_DF_DCIS_INDDEMOG1_1(1.0),A,ITC4A,GROWTHRATET,2018,0.2,,,,TIPO_DATO15__GROWTHRATET_N1,,,
IT1:22_293_DF_DCIS_INDDEMOG1_1(1.0),A,ITC4A,GROWTHRATET,2019,-0.7,,,,TIPO_DATO15__GROWTHRATET_N1,,,
IT1:22_293_DF_DCIS_INDDEMOG1_1(1.0),A,ITC4A,GROWTHRATET,2020,-10.3,,,,TIPO_DATO15__GROWTHRATET_N1,,,
IT1:22_293_DF_DCIS_INDDEMOG1_1(1.0),A,ITC4A,GROWTHRATET,2021,-1.7,,,,TIPO_DATO15__GROWTHRATET_N1,,,
IT1:22_293_DF_DCIS_INDDEMOG1_1(1.0),A,ITC4A,GROWTHRATET,2022,1.5,,,,TIPO_DATO15__GROWTHRATET_N1,,,
IT1:22_293_DF_DCIS_INDDEMOG1_1(1.0),A,ITC4A,GROWTHRATET,2023,2.2,,,,TIPO_DATO15__GROWTHRATET_N1,,,
IT1:22_293_DF_DCIS_INDDEMOG1_1(1.0),A,ITC4A,GROWTHRATET,2024,2.7,,,,TIPO_DATO15__GROWTHRATET_N1,,,
IT1:22_293_DF_DCIS_INDDEMOG1_1(1.0),A,ITC4A,GROWTHRATET,2025,3.4,p,,,TIPO_DATO15__GROWTHRATET_N1,,,
IT1:22_293_DF_DCIS_INDDEMOG1_1(1.0),A,ITC4B,GROWTHRATET,2015,-6,,,,TIPO_DATO15__GROWTHRATET_N1,,,
IT1:22_293_DF_DCIS_INDDEMOG1_1(1.0),A,ITC4B,GROWTHRATET,2016,-2,,,,TIPO_DATO15__GROWTHRATET_N1,,,
IT1:22_293_DF_DCIS_INDDEMOG1_1(1.0),A,ITC4B,GROWTHRATET,2017,-2.7,,,,TIPO_DATO15__GROWTHRATET_N1,,,
IT1:22_293_DF_DCIS_INDDEMOG1_1(1.0),A,ITC4B,GROWTHRATET,2018,0.7,,,,TIPO_DATO15__GROWTHRATET_N1,,,
IT1:22_293_DF_DCIS_INDDEMOG1_1(1.0),A,ITC4B,GROWTHRATET,2019,-2.3,,,,TIPO_DATO15__GROWTHRATET_N1,,,
IT1:22_293_DF_DCIS_INDDEMOG1_1(1.0),A,ITC4B,GROWTHRATET,2020,-2,,,,TIPO_DATO15__GROWTHRATET_N1,,,
IT1:22_293_DF_DCIS_INDDEMOG1_1(1.0),A,ITC4B,GROWTHRATET,2021,-3.9,,,,TIPO_DATO15__GROWTHRATET_N1,,,
IT1:22_293_DF_DCIS_INDDEMOG1_1(1.0),A,ITC4B,GROWTHRATET,2022,4.1,,,,TIPO_DATO15__GROWTHRATET_N1,,,
IT1:22_293_DF_DCIS_INDDEMOG1_1(1.0),A,ITC4B,GROWTHRATET,2023,2.2,,,,TIPO_DATO15__GROWTHRATET_N1,,,
IT1:22_293_DF_DCIS_INDDEMOG1_1(1.0),A,ITC4B,GROWTHRATET,2024,1.8,,,,TIPO_DATO15__GROWTHRATET_N1,,,
IT1:22_293_DF_DCIS_INDDEMOG1_1(1.0),A,ITC4B,GROWTHRATET,2025,2.4,p,,,TIPO_DATO15__GROWTHRATET_N1,,,
IT1:22_293_DF_DCIS_INDDEMOG1_1(1.0),A,ITCD,GROWTHRATET,2015,-1.5,,,,TIPO_DATO15__GROWTHRATET_N1,,,
IT1:22_293_DF_DCIS_INDDEMOG1_1(1.0),A,ITCD,GROWTHRATET,2016,-0.4,,,,TIPO_DATO15__GROWTHRATET_N1,,,
IT1:22_293_DF_DCIS_INDDEMOG1_1(1.0),A,ITCD,GROWTHRATET,2017,-0.3,,,,TIPO_DATO15__GROWTHRATET_N1,,,
IT1:22_293_DF_DCIS_INDDEMOG1_1(1.0),A,ITCD,GROWTHRATET,2018,0.5,,,,TIPO_DATO15__GROWTHRATET_N1,,,
IT1:22_293_DF_DCIS_INDDEMOG1_1(1.0),A,ITCD,GROWTHRATET,2019,-0.4,,,,TIPO_DATO15__GROWTHRATET_N1,,,
IT1:22_293_DF_DCIS_INDDEMOG1_1(1.0),A,ITCD,GROWTHRATET,2020,-4.7,,,,TIPO_DATO15__GROWTHRATET_N1,,,
IT1:22_293_DF_DCIS_INDDEMOG1_1(1.0),A,ITCD,GROWTHRATET,2021,-4.2,,,,TIPO_DATO15__GROWTHRATET_N1,,,
IT1:22_293_DF_DCIS_INDDEMOG1_1(1.0),A,ITCD,GROWTHRATET,2022,1.6,,,,TIPO_DATO15__GROWTHRATET_N1,,,
IT1:22_293_DF_DCIS_INDDEMOG1_1(1.0),A,ITCD,GROWTHRATET,2023,2.2,,,,TIPO_DATO15__GROWTHRATET_N1,,,
IT1:22_293_DF_DCIS_INDDEMOG1_1(1.0),A,ITCD,GROWTHRATET,2024,1.3,,,,TIPO_DATO15__GROWTHRATET_N1,,,
IT1:22_293_DF_DCIS_INDDEMOG1_1(1.0),A,ITCD,GROWTHRATET,2025,2.2,p,,,TIPO_DATO15__GROWTHRATET_N1,,,
IT1:22_293_DF_DCIS_INDDEMOG1_1(1.0),A,ITD,GROWTHRATET,2015,-1.1,,,,TIPO_DATO15__GROWTHRATET_N1,,,
IT1:22_293_DF_DCIS_INDDEMOG1_1(1.0),A,ITD,GROWTHRATET,2016,-0.2,,,,TIPO_DATO15__GROWTHRATET_N1,,,
IT1:22_293_DF_DCIS_INDDEMOG1_1(1.0),A,ITD,GROWTHRATET,2017,0.6,,,,TIPO_DATO15__GROWTHRATET_N1,,,
IT1:22_293_DF_DCIS_INDDEMOG1_1(1.0),A,ITD,GROWTHRATET,2018,1.9,,,,TIPO_DATO15__GROWTHRATET_N1,,,
IT1:22_293_DF_DCIS_INDDEMOG1_1(1.0),A,ITD,GROWTHRATET,2019,-0.2,,,,TIPO_DATO15__GROWTHRATET_N1,,,
IT1:22_293_DF_DCIS_INDDEMOG1_1(1.0),A,ITD,GROWTHRATET,2020,-3.5,,,,TIPO_DATO15__GROWTHRATET_N1,,,
IT1:22_293_DF_DCIS_INDDEMOG1_1(1.0),A,ITD,GROWTHRATET,2021,-4.2,,,,TIPO_DATO15__GROWTHRATET_N1,,,
IT1:22_293_DF_DCIS_INDDEMOG1_1(1.0),A,ITD,GROWTHRATET,2022,1.5,,,,TIPO_DATO15__GROWTHRATET_N1,,,
IT1:22_293_DF_DCIS_INDDEMOG1_1(1.0),A,ITD,GROWTHRATET,2023,1.9,,,,TIPO_DATO15__GROWTHRATET_N1,,,
IT1:22_293_DF_DCIS_INDDEMOG1_1(1.0),A,ITD,GROWTHRATET,2024,1.2,,,,TIPO_DATO15__GROWTHRATET_N1,,,
IT1:22_293_DF_DCIS_INDDEMOG1_1(1.0),A,ITD,GROWTHRATET,2025,2,p,,,TIPO_DATO15__GROWTHRATET_N1,,,
IT1:22_293_DF_DCIS_INDDEMOG1_1(1.0),A,ITD1,GROWTHRATET,2015,4.3,,,,TIPO_DATO15__GROWTHRATET_N1,,,
IT1:22_293_DF_DCIS_INDDEMOG1_1(1.0),A,ITD1,GROWTHRATET,2016,6.1,,,,TIPO_DATO15__GROWTHRATET_N1,,,
IT1:22_293_DF_DCIS_INDDEMOG1_1(1.0),A,ITD1,GROWTHRATET,2017,6.3,,,,TIPO_DATO15__GROWTHRATET_N1,,,
IT1:22_293_DF_DCIS_INDDEMOG1_1(1.0),A,ITD1,GROWTHRATET,2018,6.7,,,,TIPO_DATO15__GROWTHRATET_N1,,,
IT1:22_293_DF_DCIS_INDDEMOG1_1(1.0),A,ITD1,GROWTHRATET,2019,4.4,,,,TIPO_DATO15__GROWTHRATET_N1,,,
IT1:22_293_DF_DCIS_INDDEMOG1_1(1.0),A,ITD1,GROWTHRATET,2020,4.2,,,,TIPO_DATO15__GROWTHRATET_N1,,,
IT1:22_293_DF_DCIS_INDDEMOG1_1(1.0),A,ITD1,GROWTHRATET,2021,-4.3,,,,TIPO_DATO15__GROWTHRATET_N1,,,
IT1:22_293_DF_DCIS_INDDEMOG1_1(1.0),A,ITD1,GROWTHRATET,2022,2.9,,,,TIPO_DATO15__GROWTHRATET_N1,,,
IT1:22_293_DF_DCIS_INDDEMOG1_1(1.0),A,ITD1,GROWTHRATET,2023,6.2,,,,TIPO_DATO15__GROWTHRATET_N1,,,
IT1:22_293_DF_DCIS_INDDEMOG1_1(1.0),A,ITD1,GROWTHRATET,2024,4,,,,TIPO_DATO15__GROWTHRATET_N1,,,
IT1:22_293_DF_DCIS_INDDEMOG1_1(1.0),A,ITD1,GROWTHRATET,2025,4.5,p,,,TIPO_DATO15__GROWTHRATET_N1,,,
IT1:22_293_DF_DCIS_INDDEMOG1_1(1.0),A,ITD10,GROWTHRATET,2015,4.3,,,,TIPO_DATO15__GROWTHRATET_N1,,,
IT1:22_293_DF_DCIS_INDDEMOG1_1(1.0),A,ITD10,GROWTHRATET,2016,6.1,,,,TIPO_DATO15__GROWTHRATET_N1,,,
IT1:22_293_DF_DCIS_INDDEMOG1_1(1.0),A,ITD10,GROWTHRATET,2017,6.3,,,,TIPO_DATO15__GROWTHRATET_N1,,,
IT1:22_293_DF_DCIS_INDDEMOG1_1(1.0),A,ITD10,GROWTHRATET,2018,6.7,,,,TIPO_DATO15__GROWTHRATET_N1,,,
IT1:22_293_DF_DCIS_INDDEMOG1_1(1.0),A,ITD10,GROWTHRATET,2019,4.4,,,,TIPO_DATO15__GROWTHRATET_N1,,,
IT1:22_293_DF_DCIS_INDDEMOG1_1(1.0),A,ITD10,GROWTHRATET,2020,4.2,,,,TIPO_DATO15__GROWTHRATET_N1,,,
IT1:22_293_DF_DCIS_INDDEMOG1_1(1.0),A,ITD10,GROWTHRATET,2021,-4.3,,,,TIPO_DATO15__GROWTHRATET_N1,,,
IT1:22_293_DF_DCIS_INDDEMOG1_1(1.0),A,ITD10,GROWTHRATET,2022,2.9,,,,TIPO_DATO15__GROWTHRATET_N1,,,
IT1:22_293_DF_DCIS_INDDEMOG1_1(1.0),A,ITD10,GROWTHRATET,2023,6.2,,,,TIPO_DATO15__GROWTHRATET_N1,,,
IT1:22_293_DF_DCIS_INDDEMOG1_1(1.0),A,ITD10,GROWTHRATET,2024,4,,,,TIPO_DATO15__GROWTHRATET_N1,,,
IT1:22_293_DF_DCIS_INDDEMOG1_1(1.0),A,ITD10,GROWTHRATET,2025,4.5,p,,,TIPO_DATO15__GROWTHRATET_N1,,,
IT1:22_293_DF_DCIS_INDDEMOG1_1(1.0),A,ITD2,GROWTHRATET,2015,2.5,,,,TIPO_DATO15__GROWTHRATET_N1,,,
IT1:22_293_DF_DCIS_INDDEMOG1_1(1.0),A,ITD2,GROWTHRATET,2016,1.4,,,,TIPO_DATO15__GROWTHRATET_N1,,,
IT1:22_293_DF_DCIS_INDDEMOG1_1(1.0),A,ITD2,GROWTHRATET,2017,3.1,,,,TIPO_DATO15__GROWTHRATET_N1,,,
IT1:22_293_DF_DCIS_INDDEMOG1_1(1.0),A,ITD2,GROWTHRATET,2018,3.2,,,,TIPO_DATO15__GROWTHRATET_N1,,,
IT1:22_293_DF_DCIS_INDDEMOG1_1(1.0),A,ITD2,GROWTHRATET,2019,3.2,,,,TIPO_DATO15__GROWTHRATET_N1,,,
IT1:22_293_DF_DCIS_INDDEMOG1_1(1.0),A,ITD2,GROWTHRATET,2020,-6.1,,,,TIPO_DATO15__GROWTHRATET_N1,,,
IT1:22_293_DF_DCIS_INDDEMOG1_1(1.0),A,ITD2,GROWTHRATET,2021,-2.2,,,,TIPO_DATO15__GROWTHRATET_N1,,,
IT1:22_293_DF_DCIS_INDDEMOG1_1(1.0),A,ITD2,GROWTHRATET,2022,3.8,,,,TIPO_DATO15__GROWTHRATET_N1,,,
IT1:22_293_DF_DCIS_INDDEMOG1_1(1.0),A,ITD2,GROWTHRATET,2023,4,,,,TIPO_DATO15__GROWTHRATET_N1,,,
IT1:22_293_DF_DCIS_INDDEMOG1_1(1.0),A,ITD2,GROWTHRATET,2024,2.6,,,,TIPO_DATO15__GROWTHRATET_N1,,,
IT1:22_293_DF_DCIS_INDDEMOG1_1(1.0),A,ITD2,GROWTHRATET,2025,3.9,p,,,TIPO_DATO15__GROWTHRATET_N1,,,
IT1:22_293_DF_DCIS_INDDEMOG1_1(1.0),A,ITD20,GROWTHRATET,2015,2.5,,,,TIPO_DATO15__GROWTHRATET_N1,,,
IT1:22_293_DF_DCIS_INDDEMOG1_1(1.0),A,ITD20,GROWTHRATET,2016,1.4,,,,TIPO_DATO15__GROWTHRATET_N1,,,
IT1:22_293_DF_DCIS_INDDEMOG1_1(1.0),A,ITD20,GROWTHRATET,2017,3.1,,,,TIPO_DATO15__GROWTHRATET_N1,,,
IT1:22_293_DF_DCIS_INDDEMOG1_1(1.0),A,ITD20,GROWTHRATET,2018,3.2,,,,TIPO_DATO15__GROWTHRATET_N1,,,
IT1:22_293_DF_DCIS_INDDEMOG1_1(1.0),A,ITD20,GROWTHRATET,2019,3.2,,,,TIPO_DATO15__GROWTHRATET_N1,,,
IT1:22_293_DF_DCIS_INDDEMOG1_1(1.0),A,ITD20,GROWTHRATET,2020,-6.1,,,,TIPO_DATO15__GROWTHRATET_N1,,,
IT1:22_293_DF_DCIS_INDDEMOG1_1(1.0),A,ITD20,GROWTHRATET,2021,-2.2,,,,TIPO_DATO15__GROWTHRATET_N1,,,
IT1:22_293_DF_DCIS_INDDEMOG1_1(1.0),A,ITD20,GROWTHRATET,2022,3.8,,,,TIPO_DATO15__GROWTHRATET_N1,,,
IT1:22_293_DF_DCIS_INDDEMOG1_1(1.0),A,ITD20,GROWTHRATET,2023,4,,,,TIPO_DATO15__GROWTHRATET_N1,,,
IT1:22_293_DF_DCIS_INDDEMOG1_1(1.0),A,ITD20,GROWTHRATET,2024,2.6,,,,TIPO_DATO15__GROWTHRATET_N1,,,
IT1:22_293_DF_DCIS_INDDEMOG1_1(1.0),A,ITD20,GROWTHRATET,2025,3.9,p,,,TIPO_DATO15__GROWTHRATET_N1,,,
IT1:22_293_DF_DCIS_INDDEMOG1_1(1.0),A,ITD3,GROWTHRATET,2015,-2.5,,,,TIPO_DATO15__GROWTHRATET_N1,,,
IT1:22_293_DF_DCIS_INDDEMOG1_1(1.0),A,ITD3,GROWTHRATET,2016,-1.5,,,,TIPO_DATO15__GROWTHRATET_N1,,,
IT1:22_293_DF_DCIS_INDDEMOG1_1(1.0),A,ITD3,GROWTHRATET,2017,-0.5,,,,TIPO_DATO15__GROWTHRATET_N1,,,
IT1:22_293_DF_DCIS_INDDEMOG1_1(1.0),A,ITD3,GROWTHRATET,2018,0.7,,,,TIPO_DATO15__GROWTHRATET_N1,,,
IT1:22_293_DF_DCIS_INDDEMOG1_1(1.0),A,ITD3,GROWTHRATET,2019,-1,,,,TIPO_DATO15__GROWTHRATET_N1,,,
IT1:22_293_DF_DCIS_INDDEMOG1_1(1.0),A,ITD3,GROWTHRATET,2020,-1.9,,,,TIPO_DATO15__GROWTHRATET_N1,,,
IT1:22_293_DF_DCIS_INDDEMOG1_1(1.0),A,ITD3,GROWTHRATET,2021,-4.6,,,,TIPO_DATO15__GROWTHRATET_N1,,,
IT1:22_293_DF_DCIS_INDDEMOG1_1(1.0),A,ITD3,GROWTHRATET,2022,0.4,,,,TIPO_DATO15__GROWTHRATET_N1,,,
IT1:22_293_DF_DCIS_INDDEMOG1_1(1.0),A,ITD3,GROWTHRATET,2023,0.5,,,,TIPO_DATO15__GROWTHRATET_N1,,,
IT1:22_293_DF_DCIS_INDDEMOG1_1(1.0),A,ITD3,GROWTHRATET,2024,0.3,,,,TIPO_DATO15__GROWTHRATET_N1,,,
IT1:22_293_DF_DCIS_INDDEMOG1_1(1.0),A,ITD3,GROWTHRATET,2025,0.8,p,,,TIPO_DATO15__GROWTHRATET_N1,,,
IT1:22_293_DF_DCIS_INDDEMOG1_1(1.0),A,ITD31,GROWTHRATET,2015,-0.4,,,,TIPO_DATO15__GROWTHRATET_N1,,,
IT1:22_293_DF_DCIS_INDDEMOG1_1(1.0),A,ITD31,GROWTHRATET,2016,0,,,,TIPO_DATO15__GROWTHRATET_N1,,,
IT1:22_293_DF_DCIS_INDDEMOG1_1(1.0),A,ITD31,GROWTHRATET,2017,1.2,,,,TIPO_DATO15__GROWTHRATET_N1,,,
IT1:22_293_DF_DCIS_INDDEMOG1_1(1.0),A,ITD31,GROWTHRATET,2018,4,,,,TIPO_DATO15__GROWTHRATET_N1,,,
IT1:22_293_DF_DCIS_INDDEMOG1_1(1.0),A,ITD31,GROWTHRATET,2019,2.1,,,,TIPO_DATO15__GROWTHRATET_N1,,,
IT1:22_293_DF_DCIS_INDDEMOG1_1(1.0),A,ITD31,GROWTHRATET,2020,3.3,,,,TIPO_DATO15__GROWTHRATET_N1,,,
IT1:22_293_DF_DCIS_INDDEMOG1_1(1.0),A,ITD31,GROWTHRATET,2021,-4.1,,,,TIPO_DATO15__GROWTHRATET_N1,,,
IT1:22_293_DF_DCIS_INDDEMOG1_1(1.0),A,ITD31,GROWTHRATET,2022,1.8,,,,TIPO_DATO15__GROWTHRATET_N1,,,
IT1:22_293_DF_DCIS_INDDEMOG1_1(1.0),A,ITD31,GROWTHRATET,2023,1.4,,,,TIPO_DATO15__GROWTHRATET_N1,,,
IT1:22_293_DF_DCIS_INDDEMOG1_1(1.0),A,ITD31,GROWTHRATET,2024,1.8,,,,TIPO_DATO15__GROWTHRATET_N1,,,
IT1:22_293_DF_DCIS_INDDEMOG1_1(1.0),A,ITD31,GROWTHRATET,2025,2.4,p,,,TIPO_DATO15__GROWTHRATET_N1,,,
IT1:22_293_DF_DCIS_INDDEMOG1_1(1.0),A,ITD32,GROWTHRATET,2015,-3.2,,,,TIPO_DATO15__GROWTHRATET_N1,,,
IT1:22_293_DF_DCIS_INDDEMOG1_1(1.0),A,ITD32,GROWTHRATET,2016,-3.3,,,,TIPO_DATO15__GROWTHRATET_N1,,,
IT1:22_293_DF_DCIS_INDDEMOG1_1(1.0),A,ITD32,GROWTHRATET,2017,-2.4,,,,TIPO_DATO15__GROWTHRATET_N1,,,
IT1:22_293_DF_DCIS_INDDEMOG1_1(1.0),A,ITD32,GROWTHRATET,2018,-0.8,,,,TIPO_DATO15__GROWTHRATET_N1,,,
IT1:22_293_DF_DCIS_INDDEMOG1_1(1.0),A,ITD32,GROWTHRATET,2019,-1.9,,,,TIPO_DATO15__GROWTHRATET_N1,,,
IT1:22_293_DF_DCIS_INDDEMOG1_1(1.0),A,ITD32,GROWTHRATET,2020,-0.4,,,,TIPO_DATO15__GROWTHRATET_N1,,,
IT1:22_293_DF_DCIS_INDDEMOG1_1(1.0),A,ITD32,GROWTHRATET,2021,-3.3,,,,TIPO_DATO15__GROWTHRATET_N1,,,
IT1:22_293_DF_DCIS_INDDEMOG1_1(1.0),A,ITD32,GROWTHRATET,2022,0.8,,,,TIPO_DATO15__GROWTHRATET_N1,,,
IT1:22_293_DF_DCIS_INDDEMOG1_1(1.0),A,ITD32,GROWTHRATET,2023,1,,,,TIPO_DATO15__GROWTHRATET_N1,,,
IT1:22_293_DF_DCIS_INDDEMOG1_1(1.0),A,ITD32,GROWTHRATET,2024,0.6,,,,TIPO_DATO15__GROWTHRATET_N1,,,
IT1:22_293_DF_DCIS_INDDEMOG1_1(1.0),A,ITD32,GROWTHRATET,2025,1.2,p,,,TIPO_DATO15__GROWTHRATET_N1,,,
IT1:22_293_DF_DCIS_INDDEMOG1_1(1.0),A,ITD33,GROWTHRATET,2015,-5.9,,,,TIPO_DATO15__GROWTHRATET_N1,,,
IT1:22_293_DF_DCIS_INDDEMOG1_1(1.0),A,ITD33,GROWTHRATET,2016,-5.4,,,,TIPO_DATO15__GROWTHRATET_N1,,,
IT1:22_293_DF_DCIS_INDDEMOG1_1(1.0),A,ITD33,GROWTHRATET,2017,-3.7,,,,TIPO_DATO15__GROWTHRATET_N1,,,
IT1:22_293_DF_DCIS_INDDEMOG1_1(1.0),A,ITD33,GROWTHRATET,2018,-2.7,,,,TIPO_DATO15__GROWTHRATET_N1,,,
IT1:22_293_DF_DCIS_INDDEMOG1_1(1.0),A,ITD33,GROWTHRATET,2019,-4.8,,,,TIPO_DATO15__GROWTHRATET_N1,,,
IT1:22_293_DF_DCIS_INDDEMOG1_1(1.0),A,ITD33,GROWTHRATET,2020,-8.1,,,,TIPO_DATO15__GROWTHRATET_N1,,,
IT1:22_293_DF_DCIS_INDDEMOG1_1(1.0),A,ITD33,GROWTHRATET,2021,-5.2,,,,TIPO_DATO15__GROWTHRATET_N1,,,
IT1:22_293_DF_DCIS_INDDEMOG1_1(1.0),A,ITD33,GROWTHRATET,2022,-2.9,,,,TIPO_DATO15__GROWTHRATET_N1,,,
IT1:22_293_DF_DCIS_INDDEMOG1_1(1.0),A,ITD33,GROWTHRATET,2023,-1.7,,,,TIPO_DATO15__GROWTHRATET_N1,,,
IT1:22_293_DF_DCIS_INDDEMOG1_1(1.0),A,ITD33,GROWTHRATET,2024,-0.4,,,,TIPO_DATO15__GROWTHRATET_N1,,,
IT1:22_293_DF_DCIS_INDDEMOG1_1(1.0),A,ITD33,GROWTHRATET,2025,-2.2,p,,,TIPO_DATO15__GROWTHRATET_N1,,,
IT1:22_293_DF_DCIS_INDDEMOG1_1(1.0),A,ITD34,GROWTHRATET,2015,-2.5,,,,TIPO_DATO15__GROWTHRATET_N1,,,
IT1:22_293_DF_DCIS_INDDEMOG1_1(1.0),A,ITD34,GROWTHRATET,2016,0.5,,,,TIPO_DATO15__GROWTHRATET_N1,,,
IT1:22_293_DF_DCIS_INDDEMOG1_1(1.0),A,ITD34,GROWTHRATET,2017,1.8,,,,TIPO_DATO15__GROWTHRATET_N1,,,
IT1:22_293_DF_DCIS_INDDEMOG1_1(1.0),A,ITD34,GROWTHRATET,2018,0.9,,,,TIPO_DATO15__GROWTHRATET_N1,,,
IT1:22_293_DF_DCIS_INDDEMOG1_1(1.0),A,ITD34,GROWTHRATET,2019,-0.8,,,,TIPO_DATO15__GROWTHRATET_N1,,,
IT1:22_293_DF_DCIS_INDDEMOG1_1(1.0),A,ITD34,GROWTHRATET,2020,-3.5,,,,TIPO_DATO15__GROWTHRATET_N1,,,
IT1:22_293_DF_DCIS_INDDEMOG1_1(1.0),A,ITD34,GROWTHRATET,2021,-2.9,,,,TIPO_DATO15__GROWTHRATET_N1,,,
IT1:22_293_DF_DCIS_INDDEMOG1_1(1.0),A,ITD34,GROWTHRATET,2022,1.1,,,,TIPO_DATO15__GROWTHRATET_N1,,,
IT1:22_293_DF_DCIS_INDDEMOG1_1(1.0),A,ITD34,GROWTHRATET,2023,0.6,,,,TIPO_DATO15__GROWTHRATET_N1,,,
IT1:22_293_DF_DCIS_INDDEMOG1_1(1.0),A,ITD34,GROWTHRATET,2024,-0.2,,,,TIPO_DATO15__GROWTHRATET_N1,,,
IT1:22_293_DF_DCIS_INDDEMOG1_1(1.0),A,ITD34,GROWTHRATET,2025,-1,p,,,TIPO_DATO15__GROWTHRATET_N1,,,
IT1:22_293_DF_DCIS_INDDEMOG1_1(1.0),A,ITD35,GROWTHRATET,2015,-2.4,,,,TIPO_DATO15__GROWTHRATET_N1,,,
IT1:22_293_DF_DCIS_INDDEMOG1_1(1.0),A,ITD35,GROWTHRATET,2016,-1,,,,TIPO_DATO15__GROWTHRATET_N1,,,
IT1:22_293_DF_DCIS_INDDEMOG1_1(1.0),A,ITD35,GROWTHRATET,2017,-0.9,,,,TIPO_DATO15__GROWTHRATET_N1,,,
IT1:22_293_DF_DCIS_INDDEMOG1_1(1.0),A,ITD35,GROWTHRATET,2018,0.5,,,,TIPO_DATO15__GROWTHRATET_N1,,,
IT1:22_293_DF_DCIS_INDDEMOG1_1(1.0),A,ITD35,GROWTHRATET,2019,-2.6,,,,TIPO_DATO15__GROWTHRATET_N1,,,
IT1:22_293_DF_DCIS_INDDEMOG1_1(1.0),A,ITD35,GROWTHRATET,2020,-6.3,,,,TIPO_DATO15__GROWTHRATET_N1,,,
IT1:22_293_DF_DCIS_INDDEMOG1_1(1.0),A,ITD35,GROWTHRATET,2021,-7.9,,,,TIPO_DATO15__GROWTHRATET_N1,,,
IT1:22_293_DF_DCIS_INDDEMOG1_1(1.0),A,ITD35,GROWTHRATET,2022,-1.2,,,,TIPO_DATO15__GROWTHRATET_N1,,,
IT1:22_293_DF_DCIS_INDDEMOG1_1(1.0),A,ITD35,GROWTHRATET,2023,-0.6,,,,TIPO_DATO15__GROWTHRATET_N1,,,
IT1:22_293_DF_DCIS_INDDEMOG1_1(1.0),A,ITD35,GROWTHRATET,2024,-1.3,,,,TIPO_DATO15__GROWTHRATET_N1,,,
IT1:22_293_DF_DCIS_INDDEMOG1_1(1.0),A,ITD35,GROWTHRATET,2025,-0.3,p,,,TIPO_DATO15__GROWTHRATET_N1,,,
IT1:22_293_DF_DCIS_INDDEMOG1_1(1.0),A,ITD36,GROWTHRATET,2015,-1.3,,,,TIPO_DATO15__GROWTHRATET_N1,,,
IT1:22_293_DF_DCIS_INDDEMOG1_1(1.0),A,ITD36,GROWTHRATET,2016,-1.1,,,,TIPO_DATO15__GROWTHRATET_N1,,,
IT1:22_293_DF_DCIS_INDDEMOG1_1(1.0),A,ITD36,GROWTHRATET,2017,0.6,,,,TIPO_DATO15__GROWTHRATET_N1,,,
IT1:22_293_DF_DCIS_INDDEMOG1_1(1.0),A,ITD36,GROWTHRATET,2018,1.5,,,,TIPO_DATO15__GROWTHRATET_N1,,,
IT1:22_293_DF_DCIS_INDDEMOG1_1(1.0),A,ITD36,GROWTHRATET,2019,-0.2,,,,TIPO_DATO15__GROWTHRATET_N1,,,
IT1:22_293_DF_DCIS_INDDEMOG1_1(1.0),A,ITD36,GROWTHRATET,2020,-1.2,,,,TIPO_DATO15__GROWTHRATET_N1,,,
IT1:22_293_DF_DCIS_INDDEMOG1_1(1.0),A,ITD36,GROWTHRATET,2021,-3.7,,,,TIPO_DATO15__GROWTHRATET_N1,,,
IT1:22_293_DF_DCIS_INDDEMOG1_1(1.0),A,ITD36,GROWTHRATET,2022,1.2,,,,TIPO_DATO15__GROWTHRATET_N1,,,
IT1:22_293_DF_DCIS_INDDEMOG1_1(1.0),A,ITD36,GROWTHRATET,2023,1.4,,,,TIPO_DATO15__GROWTHRATET_N1,,,
IT1:22_293_DF_DCIS_INDDEMOG1_1(1.0),A,ITD36,GROWTHRATET,2024,0.7,,,,TIPO_DATO15__GROWTHRATET_N1,,,
IT1:22_293_DF_DCIS_INDDEMOG1_1(1.0),A,ITD36,GROWTHRATET,2025,2.4,p,,,TIPO_DATO15__GROWTHRATET_N1,,,
IT1:22_293_DF_DCIS_INDDEMOG1_1(1.0),A,ITD37,GROWTHRATET,2015,-8.8,,,,TIPO_DATO15__GROWTHRATET_N1,,,
IT1:22_293_DF_DCIS_INDDEMOG1_1(1.0),A,ITD37,GROWTHRATET,2016,-8.2,,,,TIPO_DATO15__GROWTHRATET_N1,,,
IT1:22_293_DF_DCIS_INDDEMOG1_1(1.0),A,ITD37,GROWTHRATET,2017,-9,,,,TIPO_DATO15__GROWTHRATET_N1,,,
IT1:22_293_DF_DCIS_INDDEMOG1_1(1.0),A,ITD37,GROWTHRATET,2018,-6.2,,,,TIPO_DATO15__GROWTHRATET_N1,,,
IT1:22_293_DF_DCIS_INDDEMOG1_1(1.0),A,ITD37,GROWTHRATET,2019,-7.2,,,,TIPO_DATO15__GROWTHRATET_N1,,,
IT1:22_293_DF_DCIS_INDDEMOG1_1(1.0),A,ITD37,GROWTHRATET,2020,-4.2,,,,TIPO_DATO15__GROWTHRATET_N1,,,
IT1:22_293_DF_DCIS_INDDEMOG1_1(1.0),A,ITD37,GROWTHRATET,2021,-8.1,,,,TIPO_DATO15__GROWTHRATET_N1,,,
IT1:22_293_DF_DCIS_INDDEMOG1_1(1.0),A,ITD37,GROWTHRATET,2022,-4.2,,,,TIPO_DATO15__GROWTHRATET_N1,,,
IT1:22_293_DF_DCIS_INDDEMOG1_1(1.0),A,ITD37,GROWTHRATET,2023,-2.1,,,,TIPO_DATO15__GROWTHRATET_N1,,,
IT1:22_293_DF_DCIS_INDDEMOG1_1(1.0),A,ITD37,GROWTHRATET,2024,-1.4,,,,TIPO_DATO15__GROWTHRATET_N1,,,
IT1:22_293_DF_DCIS_INDDEMOG1_1(1.0),A,ITD37,GROWTHRATET,2025,0.2,p,,,TIPO_DATO15__GROWTHRATET_N1,,,
IT1:22_293_DF_DCIS_INDDEMOG1_1(1.0),A,ITD4,GROWTHRATET,2015,-4.5,,,,TIPO_DATO15__GROWTHRATET_N1,,,
IT1:22_293_DF_DCIS_INDDEMOG1_1(1.0),A,ITD4,GROWTHRATET,2016,-2.8,,,,TIPO_DATO15__GROWTHRATET_N1,,,
IT1:22_293_DF_DCIS_INDDEMOG1_1(1.0),A,ITD4,GROWTHRATET,2017,-1.4,,,,TIPO_DATO15__GROWTHRATET_N1,,,
IT1:22_293_DF_DCIS_INDDEMOG1_1(1.0),A,ITD4,GROWTHRATET,2018,-0.6,,,,TIPO_DATO15__GROWTHRATET_N1,,,
IT1:22_293_DF_DCIS_INDDEMOG1_1(1.0),A,ITD4,GROWTHRATET,2019,-3.5,,,,TIPO_DATO15__GROWTHRATET_N1,,,
IT1:22_293_DF_DCIS_INDDEMOG1_1(1.0),A,ITD4,GROWTHRATET,2020,-3.9,,,,TIPO_DATO15__GROWTHRATET_N1,,,
IT1:22_293_DF_DCIS_INDDEMOG1_1(1.0),A,ITD4,GROWTHRATET,2021,-5.7,,,,TIPO_DATO15__GROWTHRATET_N1,,,
IT1:22_293_DF_DCIS_INDDEMOG1_1(1.0),A,ITD4,GROWTHRATET,2022,-0.3,,,,TIPO_DATO15__GROWTHRATET_N1,,,
IT1:22_293_DF_DCIS_INDDEMOG1_1(1.0),A,ITD4,GROWTHRATET,2023,0.3,,,,TIPO_DATO15__GROWTHRATET_N1,,,
IT1:22_293_DF_DCIS_INDDEMOG1_1(1.0),A,ITD4,GROWTHRATET,2024,-1.1,,,,TIPO_DATO15__GROWTHRATET_N1,,,
IT1:22_293_DF_DCIS_INDDEMOG1_1(1.0),A,ITD4,GROWTHRATET,2025,0.2,p,,,TIPO_DATO15__GROWTHRATET_N1,,,
IT1:22_293_DF_DCIS_INDDEMOG1_1(1.0),A,ITD41,GROWTHRATET,2015,-4,,,,TIPO_DATO15__GROWTHRATET_N1,,,
IT1:22_293_DF_DCIS_INDDEMOG1_1(1.0),A,ITD41,GROWTHRATET,2016,-3.4,,,,TIPO_DATO15__GROWTHRATET_N1,,,
IT1:22_293_DF_DCIS_INDDEMOG1_1(1.0),A,ITD41,GROWTHRATET,2017,0.8,,,,TIPO_DATO15__GROWTHRATET_N1,,,
IT1:22_293_DF_DCIS_INDDEMOG1_1(1.0),A,ITD41,GROWTHRATET,2018,2.2,,,,TIPO_DATO15__GROWTHRATET_N1,,,
IT1:22_293_DF_DCIS_INDDEMOG1_1(1.0),A,ITD41,GROWTHRATET,2019,-0.5,,,,TIPO_DATO15__GROWTHRATET_N1,,,
IT1:22_293_DF_DCIS_INDDEMOG1_1(1.0),A,ITD41,GROWTHRATET,2020,0.5,,,,TIPO_DATO15__GROWTHRATET_N1,,,
IT1:22_293_DF_DCIS_INDDEMOG1_1(1.0),A,ITD41,GROWTHRATET,2021,-3.8,,,,TIPO_DATO15__GROWTHRATET_N1,,,
IT1:22_293_DF_DCIS_INDDEMOG1_1(1.0),A,ITD41,GROWTHRATET,2022,2.1,,,,TIPO_DATO15__GROWTHRATET_N1,,,
IT1:22_293_DF_DCIS_INDDEMOG1_1(1.0),A,ITD41,GROWTHRATET,2023,2,,,,TIPO_DATO15__GROWTHRATET_N1,,,
IT1:22_293_DF_DCIS_INDDEMOG1_1(1.0),A,ITD41,GROWTHRATET,2024,-0.1,,,,TIPO_DATO15__GROWTHRATET_N1,,,
IT1:22_293_DF_DCIS_INDDEMOG1_1(1.0),A,ITD41,GROWTHRATET,2025,1.2,p,,,TIPO_DATO15__GROWTHRATET_N1,,,
IT1:22_293_DF_DCIS_INDDEMOG1_1(1.0),A,ITD42,GROWTHRATET,2015,-5,,,,TIPO_DATO15__GROWTHRATET_N1,,,
IT1:22_293_DF_DCIS_INDDEMOG1_1(1.0),A,ITD42,GROWTHRATET,2016,-3.3,,,,TIPO_DATO15__GROWTHRATET_N1,,,
IT1:22_293_DF_DCIS_INDDEMOG1_1(1.0),A,ITD42,GROWTHRATET,2017,-3.6,,,,TIPO_DATO15__GROWTHRATET_N1,,,
IT1:22_293_DF_DCIS_INDDEMOG1_1(1.0),A,ITD42,GROWTHRATET,2018,-2.8,,,,TIPO_DATO15__GROWTHRATET_N1,,,
IT1:22_293_DF_DCIS_INDDEMOG1_1(1.0),A,ITD42,GROWTHRATET,2019,-5.2,,,,TIPO_DATO15__GROWTHRATET_N1,,,
IT1:22_293_DF_DCIS_INDDEMOG1_1(1.0),A,ITD42,GROWTHRATET,2020,-10.2,,,,TIPO_DATO15__GROWTHRATET_N1,,,
IT1:22_293_DF_DCIS_INDDEMOG1_1(1.0),A,ITD42,GROWTHRATET,2021,-5.2,,,,TIPO_DATO15__GROWTHRATET_N1,,,
IT1:22_293_DF_DCIS_INDDEMOG1_1(1.0),A,ITD42,GROWTHRATET,2022,-2.1,,,,TIPO_DATO15__GROWTHRATET_N1,,,
IT1:22_293_DF_DCIS_INDDEMOG1_1(1.0),A,ITD42,GROWTHRATET,2023,-0.5,,,,TIPO_DATO15__GROWTHRATET_N1,,,
IT1:22_293_DF_DCIS_INDDEMOG1_1(1.0),A,ITD42,GROWTHRATET,2024,-1.6,,,,TIPO_DATO15__GROWTHRATET_N1,,,
IT1:22_293_DF_DCIS_INDDEMOG1_1(1.0),A,ITD42,GROWTHRATET,2025,-1,p,,,TIPO_DATO15__GROWTHRATET_N1,,,
IT1:22_293_DF_DCIS_INDDEMOG1_1(1.0),A,ITD43,GROWTHRATET,2015,-4.8,,,,TIPO_DATO15__GROWTHRATET_N1,,,
IT1:22_293_DF_DCIS_INDDEMOG1_1(1.0),A,ITD43,GROWTHRATET,2016,-4.9,,,,TIPO_DATO15__GROWTHRATET_N1,,,
IT1:22_293_DF_DCIS_INDDEMOG1_1(1.0),A,ITD43,GROWTHRATET,2017,-2.4,,,,TIPO_DATO15__GROWTHRATET_N1,,,
IT1:22_293_DF_DCIS_INDDEMOG1_1(1.0),A,ITD43,GROWTHRATET,2018,-0.5,,,,TIPO_DATO15__GROWTHRATET_N1,,,
IT1:22_293_DF_DCIS_INDDEMOG1_1(1.0),A,ITD43,GROWTHRATET,2019,-2.5,,,,TIPO_DATO15__GROWTHRATET_N1,,,
IT1:22_293_DF_DCIS_INDDEMOG1_1(1.0),A,ITD43,GROWTHRATET,2020,9.2,,,,TIPO_DATO15__GROWTHRATET_N1,,,
IT1:22_293_DF_DCIS_INDDEMOG1_1(1.0),A,ITD43,GROWTHRATET,2021,-8.5,,,,TIPO_DATO15__GROWTHRATET_N1,,,
IT1:22_293_DF_DCIS_INDDEMOG1_1(1.0),A,ITD43,GROWTHRATET,2022,1,,,,TIPO_DATO15__GROWTHRATET_N1,,,
IT1:22_293_DF_DCIS_INDDEMOG1_1(1.0),A,ITD43,GROWTHRATET,2023,2,,,,TIPO_DATO15__GROWTHRATET_N1,,,
IT1:22_293_DF_DCIS_INDDEMOG1_1(1.0),A,ITD43,GROWTHRATET,2024,0.8,,,,TIPO_DATO15__GROWTHRATET_N1,,,
IT1:22_293_DF_DCIS_INDDEMOG1_1(1.0),A,ITD43,GROWTHRATET,2025,2.1,p,,,TIPO_DATO15__GROWTHRATET_N1,,,
IT1:22_293_DF_DCIS_INDDEMOG1_1(1.0),A,ITD44,GROWTHRATET,2015,-3.8,,,,TIPO_DATO15__GROWTHRATET_N1,,,
IT1:22_293_DF_DCIS_INDDEMOG1_1(1.0),A,ITD44,GROWTHRATET,2016,0.4,,,,TIPO_DATO15__GROWTHRATET_N1,,,
IT1:22_293_DF_DCIS_INDDEMOG1_1(1.0),A,ITD44,GROWTHRATET,2017,1.6,,,,TIPO_DATO15__GROWTHRATET_N1,,,
IT1:22_293_DF_DCIS_INDDEMOG1_1(1.0),A,ITD44,GROWTHRATET,2018,0.6,,,,TIPO_DATO15__GROWTHRATET_N1,,,
IT1:22_293_DF_DCIS_INDDEMOG1_1(1.0),A,ITD44,GROWTHRATET,2019,-4.2,,,,TIPO_DATO15__GROWTHRATET_N1,,,
IT1:22_293_DF_DCIS_INDDEMOG1_1(1.0),A,ITD44,GROWTHRATET,2020,-3.2,,,,TIPO_DATO15__GROWTHRATET_N1,,,
IT1:22_293_DF_DCIS_INDDEMOG1_1(1.0),A,ITD44,GROWTHRATET,2021,-8.1,,,,TIPO_DATO15__GROWTHRATET_N1,,,
IT1:22_293_DF_DCIS_INDDEMOG1_1(1.0),A,ITD44,GROWTHRATET,2022,-0.6,,,,TIPO_DATO15__GROWTHRATET_N1,,,
IT1:22_293_DF_DCIS_INDDEMOG1_1(1.0),A,ITD44,GROWTHRATET,2023,-1.4,,,,TIPO_DATO15__GROWTHRATET_N1,,,
IT1:22_293_DF_DCIS_INDDEMOG1_1(1.0),A,ITD44,GROWTHRATET,2024,-2.6,,,,TIPO_DATO15__GROWTHRATET_N1,,,
IT1:22_293_DF_DCIS_INDDEMOG1_1(1.0),A,ITD44,GROWTHRATET,2025,0.2,p,,,TIPO_DATO15__GROWTHRATET_N1,,,
IT1:22_293_DF_DCIS_INDDEMOG1_1(1.0),A,ITD5,GROWTHRATET,2015,0.2,,,,TIPO_DATO15__GROWTHRATET_N1,,,
IT1:22_293_DF_DCIS_INDDEMOG1_1(1.0),A,ITD5,GROWTHRATET,2016,1,,,,TIPO_DATO15__GROWTHRATET_N1,,,
IT1:22_293_DF_DCIS_INDDEMOG1_1(1.0),A,ITD5,GROWTHRATET,2017,1.4,,,,TIPO_DATO15__GROWTHRATET_N1,,,
IT1:22_293_DF_DCIS_INDDEMOG1_1(1.0),A,ITD5,GROWTHRATET,2018,3,,,,TIPO_DATO15__GROWTHRATET_N1,,,
IT1:22_293_DF_DCIS_INDDEMOG1_1(1.0),A,ITD5,GROWTHRATET,2019,1,,,,TIPO_DATO15__GROWTHRATET_N1,,,
IT1:22_293_DF_DCIS_INDDEMOG1_1(1.0),A,ITD5,GROWTHRATET,2020,-5.7,,,,TIPO_DATO15__GROWTHRATET_N1,,,
IT1:22_293_DF_DCIS_INDDEMOG1_1(1.0),A,ITD5,GROWTHRATET,2021,-3.6,,,,TIPO_DATO15__GROWTHRATET_N1,,,
IT1:22_293_DF_DCIS_INDDEMOG1_1(1.0),A,ITD5,GROWTHRATET,2022,2.8,,,,TIPO_DATO15__GROWTHRATET_N1,,,
IT1:22_293_DF_DCIS_INDDEMOG1_1(1.0),A,ITD5,GROWTHRATET,2023,3.2,,,,TIPO_DATO15__GROWTHRATET_N1,,,
IT1:22_293_DF_DCIS_INDDEMOG1_1(1.0),A,ITD5,GROWTHRATET,2024,2.3,,,,TIPO_DATO15__GROWTHRATET_N1,,,
IT1:22_293_DF_DCIS_INDDEMOG1_1(1.0),A,ITD5,GROWTHRATET,2025,3.4,p,,,TIPO_DATO15__GROWTHRATET_N1,,,
IT1:22_293_DF_DCIS_INDDEMOG1_1(1.0),A,ITD51,GROWTHRATET,2015,-3.7,,,,TIPO_DATO15__GROWTHRATET_N1,,,
IT1:22_293_DF_DCIS_INDDEMOG1_1(1.0),A,ITD51,GROWTHRATET,2016,-0.9,,,,TIPO_DATO15__GROWTHRATET_N1,,,
IT1:22_293_DF_DCIS_INDDEMOG1_1(1.0),A,ITD51,GROWTHRATET,2017,0.1,,,,TIPO_DATO15__GROWTHRATET_N1,,,
IT1:22_293_DF_DCIS_INDDEMOG1_1(1.0),A,ITD51,GROWTHRATET,2018,0.2,,,,TIPO_DATO15__GROWTHRATET_N1,,,
IT1:22_293_DF_DCIS_INDDEMOG1_1(1.0),A,ITD51,GROWTHRATET,2019,0.6,,,,TIPO_DATO15__GROWTHRATET_N1,,,
IT1:22_293_DF_DCIS_INDDEMOG1_1(1.0),A,ITD51,GROWTHRATET,2020,-9.4,,,,TIPO_DATO15__GROWTHRATET_N1,,,
IT1:22_293_DF_DCIS_INDDEMOG1_1(1.0),A,ITD51,GROWTHRATET,2021,-1,,,,TIPO_DATO15__GROWTHRATET_N1,,,
IT1:22_293_DF_DCIS_INDDEMOG1_1(1.0),A,ITD51,GROWTHRATET,2022,2.8,,,,TIPO_DATO15__GROWTHRATET_N1,,,
IT1:22_293_DF_DCIS_INDDEMOG1_1(1.0),A,ITD51,GROWTHRATET,2023,4.1,,,,TIPO_DATO15__GROWTHRATET_N1,,,
IT1:22_293_DF_DCIS_INDDEMOG1_1(1.0),A,ITD51,GROWTHRATET,2024,3.7,,,,TIPO_DATO15__GROWTHRATET_N1,,,
IT1:22_293_DF_DCIS_INDDEMOG1_1(1.0),A,ITD51,GROWTHRATET,2025,4.5,p,,,TIPO_DATO15__GROWTHRATET_N1,,,
IT1:22_293_DF_DCIS_INDDEMOG1_1(1.0),A,ITD52,GROWTHRATET,2015,6.4,,,,TIPO_DATO15__GROWTHRATET_N1,,,
IT1:22_293_DF_DCIS_INDDEMOG1_1(1.0),A,ITD52,GROWTHRATET,2016,3.8,,,,TIPO_DATO15__GROWTHRATET_N1,,,
IT1:22_293_DF_DCIS_INDDEMOG1_1(1.0),A,ITD52,GROWTHRATET,2017,4.5,,,,TIPO_DATO15__GROWTHRATET_N1,,,
IT1:22_293_DF_DCIS_INDDEMOG1_1(1.0),A,ITD52,GROWTHRATET,2018,4.5,,,,TIPO_DATO15__GROWTHRATET_N1,,,
IT1:22_293_DF_DCIS_INDDEMOG1_1(1.0),A,ITD52,GROWTHRATET,2019,5.3,,,,TIPO_DATO15__GROWTHRATET_N1,,,
IT1:22_293_DF_DCIS_INDDEMOG1_1(1.0),A,ITD52,GROWTHRATET,2020,-11.6,,,,TIPO_DATO15__GROWTHRATET_N1,,,
IT1:22_293_DF_DCIS_INDDEMOG1_1(1.0),A,ITD52,GROWTHRATET,2021,-1.6,,,,TIPO_DATO15__GROWTHRATET_N1,,,
IT1:22_293_DF_DCIS_INDDEMOG1_1(1.0),A,ITD52,GROWTHRATET,2022,6.2,,,,TIPO_DATO15__GROWTHRATET_N1,,,
IT1:22_293_DF_DCIS_INDDEMOG1_1(1.0),A,ITD52,GROWTHRATET,2023,5.4,,,,TIPO_DATO15__GROWTHRATET_N1,,,
IT1:22_293_DF_DCIS_INDDEMOG1_1(1.0),A,ITD52,GROWTHRATET,2024,3.4,,,,TIPO_DATO15__GROWTHRATET_N1,,,
IT1:22_293_DF_DCIS_INDDEMOG1_1(1.0),A,ITD52,GROWTHRATET,2025,3.9,p,,,TIPO_DATO15__GROWTHRATET_N1,,,
IT1:22_293_DF_DCIS_INDDEMOG1_1(1.0),A,ITD53,GROWTHRATET,2015,0.6,,,,TIPO_DATO15__GROWTHRATET_N1,,,
IT1:22_293_DF_DCIS_INDDEMOG1_1(1.0),A,ITD53,GROWTHRATET,2016,-0.3,,,,TIPO_DATO15__GROWTHRATET_N1,,,
IT1:22_293_DF_DCIS_INDDEMOG1_1(1.0),A,ITD53,GROWTHRATET,2017,0.2,,,,TIPO_DATO15__GROWTHRATET_N1,,,
IT1:22_293_DF_DCIS_INDDEMOG1_1(1.0),A,ITD53,GROWTHRATET,2018,0.6,,,,TIPO_DATO15__GROWTHRATET_N1,,,
IT1:22_293_DF_DCIS_INDDEMOG1_1(1.0),A,ITD53,GROWTHRATET,2019,-0.6,,,,TIPO_DATO15__GROWTHRATET_N1,,,
IT1:22_293_DF_DCIS_INDDEMOG1_1(1.0),A,ITD53,GROWTHRATET,2020,-4.6,,,,TIPO_DATO15__GROWTHRATET_N1,,,
IT1:22_293_DF_DCIS_INDDEMOG1_1(1.0),A,ITD53,GROWTHRATET,2021,-2.9,,,,TIPO_DATO15__GROWTHRATET_N1,,,
IT1:22_293_DF_DCIS_INDDEMOG1_1(1.0),A,ITD53,GROWTHRATET,2022,2.7,,,,TIPO_DATO15__GROWTHRATET_N1,,,
IT1:22_293_DF_DCIS_INDDEMOG1_1(1.0),A,ITD53,GROWTHRATET,2023,3.5,,,,TIPO_DATO15__GROWTHRATET_N1,,,
IT1:22_293_DF_DCIS_INDDEMOG1_1(1.0),A,ITD53,GROWTHRATET,2024,3.5,,,,TIPO_DATO15__GROWTHRATET_N1,,,
IT1:22_293_DF_DCIS_INDDEMOG1_1(1.0),A,ITD53,GROWTHRATET,2025,2.7,p,,,TIPO_DATO15__GROWTHRATET_N1,,,
IT1:22_293_DF_DCIS_INDDEMOG1_1(1.0),A,ITD54,GROWTHRATET,2015,-0.1,,,,TIPO_DATO15__GROWTHRATET_N1,,,
IT1:22_293_DF_DCIS_INDDEMOG1_1(1.0),A,ITD54,GROWTHRATET,2016,0.4,,,,TIPO_DATO15__GROWTHRATET_N1,,,
IT1:22_293_DF_DCIS_INDDEMOG1_1(1.0),A,ITD54,GROWTHRATET,2017,2.1,,,,TIPO_DATO15__GROWTHRATET_N1,,,
IT1:22_293_DF_DCIS_INDDEMOG1_1(1.0),A,ITD54,GROWTHRATET,2018,6.8,,,,TIPO_DATO15__GROWTHRATET_N1,,,
IT1:22_293_DF_DCIS_INDDEMOG1_1(1.0),A,ITD54,GROWTHRATET,2019,0.5,,,,TIPO_DATO15__GROWTHRATET_N1,,,
IT1:22_293_DF_DCIS_INDDEMOG1_1(1.0),A,ITD54,GROWTHRATET,2020,-4.8,,,,TIPO_DATO15__GROWTHRATET_N1,,,
IT1:22_293_DF_DCIS_INDDEMOG1_1(1.0),A,ITD54,GROWTHRATET,2021,-2.8,,,,TIPO_DATO15__GROWTHRATET_N1,,,
IT1:22_293_DF_DCIS_INDDEMOG1_1(1.0),A,ITD54,GROWTHRATET,2022,3.7,,,,TIPO_DATO15__GROWTHRATET_N1,,,
IT1:22_293_DF_DCIS_INDDEMOG1_1(1.0),A,ITD54,GROWTHRATET,2023,3,,,,TIPO_DATO15__GROWTHRATET_N1,,,
IT1:22_293_DF_DCIS_INDDEMOG1_1(1.0),A,ITD54,GROWTHRATET,2024,2.7,,,,TIPO_DATO15__GROWTHRATET_N1,,,
IT1:22_293_DF_DCIS_INDDEMOG1_1(1.0),A,ITD54,GROWTHRATET,2025,4.5,p,,,TIPO_DATO15__GROWTHRATET_N1,,,
IT1:22_293_DF_DCIS_INDDEMOG1_1(1.0),A,ITD55,GROWTHRATET,2015,2.9,,,,TIPO_DATO15__GROWTHRATET_N1,,,
IT1:22_293_DF_DCIS_INDDEMOG1_1(1.0),A,ITD55,GROWTHRATET,2016,4.8,,,,TIPO_DATO15__GROWTHRATET_N1,,,
IT1:22_293_DF_DCIS_INDDEMOG1_1(1.0),A,ITD55,GROWTHRATET,2017,2.7,,,,TIPO_DATO15__GROWTHRATET_N1,,,
IT1:22_293_DF_DCIS_INDDEMOG1_1(1.0),A,ITD55,GROWTHRATET,2018,4.9,,,,TIPO_DATO15__GROWTHRATET_N1,,,
IT1:22_293_DF_DCIS_INDDEMOG1_1(1.0),A,ITD55,GROWTHRATET,2019,3.8,,,,TIPO_DATO15__GROWTHRATET_N1,,,
IT1:22_293_DF_DCIS_INDDEMOG1_1(1.0),A,ITD55,GROWTHRATET,2020,-5.8,,,,TIPO_DATO15__GROWTHRATET_N1,,,
IT1:22_293_DF_DCIS_INDDEMOG1_1(1.0),A,ITD55,GROWTHRATET,2021,-4.7,,,,TIPO_DATO15__GROWTHRATET_N1,,,
IT1:22_293_DF_DCIS_INDDEMOG1_1(1.0),A,ITD55,GROWTHRATET,2022,3.3,,,,TIPO_DATO15__GROWTHRATET_N1,,,
IT1:22_293_DF_DCIS_INDDEMOG1_1(1.0),A,ITD55,GROWTHRATET,2023,3.3,,,,TIPO_DATO15__GROWTHRATET_N1,,,
IT1:22_293_DF_DCIS_INDDEMOG1_1(1.0),A,ITD55,GROWTHRATET,2024,2.6,,,,TIPO_DATO15__GROWTHRATET_N1,,,
IT1:22_293_DF_DCIS_INDDEMOG1_1(1.0),A,ITD55,GROWTHRATET,2025,4,p,,,TIPO_DATO15__GROWTHRATET_N1,,,
IT1:22_293_DF_DCIS_INDDEMOG1_1(1.0),A,ITD56,GROWTHRATET,2015,-7.4,,,,TIPO_DATO15__GROWTHRATET_N1,,,
IT1:22_293_DF_DCIS_INDDEMOG1_1(1.0),A,ITD56,GROWTHRATET,2016,-8.3,,,,TIPO_DATO15__GROWTHRATET_N1,,,
IT1:22_293_DF_DCIS_INDDEMOG1_1(1.0),A,ITD56,GROWTHRATET,2017,-3.9,,,,TIPO_DATO15__GROWTHRATET_N1,,,
IT1:22_293_DF_DCIS_INDDEMOG1_1(1.0),A,ITD56,GROWTHRATET,2018,-2.6,,,,TIPO_DATO15__GROWTHRATET_N1,,,
IT1:22_293_DF_DCIS_INDDEMOG1_1(1.0),A,ITD56,GROWTHRATET,2019,-3,,,,TIPO_DATO15__GROWTHRATET_N1,,,
IT1:22_293_DF_DCIS_INDDEMOG1_1(1.0),A,ITD56,GROWTHRATET,2020,-7.1,,,,TIPO_DATO15__GROWTHRATET_N1,,,
IT1:22_293_DF_DCIS_INDDEMOG1_1(1.0),A,ITD56,GROWTHRATET,2021,-7.3,,,,TIPO_DATO15__GROWTHRATET_N1,,,
IT1:22_293_DF_DCIS_INDDEMOG1_1(1.0),A,ITD56,GROWTHRATET,2022,-0.8,,,,TIPO_DATO15__GROWTHRATET_N1,,,
IT1:22_293_DF_DCIS_INDDEMOG1_1(1.0),A,ITD56,GROWTHRATET,2023,1.1,,,,TIPO_DATO15__GROWTHRATET_N1,,,
IT1:22_293_DF_DCIS_INDDEMOG1_1(1.0),A,ITD56,GROWTHRATET,2024,-0.2,,,,TIPO_DATO15__GROWTHRATET_N1,,,
IT1:22_293_DF_DCIS_INDDEMOG1_1(1.0),A,ITD56,GROWTHRATET,2025,2.6,p,,,TIPO_DATO15__GROWTHRATET_N1,,,
IT1:22_293_DF_DCIS_INDDEMOG1_1(1.0),A,ITD57,GROWTHRATET,2015,-1.1,,,,TIPO_DATO15__GROWTHRATET_N1,,,
IT1:22_293_DF_DCIS_INDDEMOG1_1(1.0),A,ITD57,GROWTHRATET,2016,-0.2,,,,TIPO_DATO15__GROWTHRATET_N1,,,
IT1:22_293_DF_DCIS_INDDEMOG1_1(1.0),A,ITD57,GROWTHRATET,2017,0,,,,TIPO_DATO15__GROWTHRATET_N1,,,
IT1:22_293_DF_DCIS_INDDEMOG1_1(1.0),A,ITD57,GROWTHRATET,2018,-2.6,,,,TIPO_DATO15__GROWTHRATET_N1,,,
IT1:22_293_DF_DCIS_INDDEMOG1_1(1.0),A,ITD57,GROWTHRATET,2019,-2.4,,,,TIPO_DATO15__GROWTHRATET_N1,,,
IT1:22_293_DF_DCIS_INDDEMOG1_1(1.0),A,ITD57,GROWTHRATET,2020,-3.5,,,,TIPO_DATO15__GROWTHRATET_N1,,,
IT1:22_293_DF_DCIS_INDDEMOG1_1(1.0),A,ITD57,GROWTHRATET,2021,-2.6,,,,TIPO_DATO15__GROWTHRATET_N1,,,
IT1:22_293_DF_DCIS_INDDEMOG1_1(1.0),A,ITD57,GROWTHRATET,2022,1.9,,,,TIPO_DATO15__GROWTHRATET_N1,,,
IT1:22_293_DF_DCIS_INDDEMOG1_1(1.0),A,ITD57,GROWTHRATET,2023,2.3,,,,TIPO_DATO15__GROWTHRATET_N1,,,
IT1:22_293_DF_DCIS_INDDEMOG1_1(1.0),A,ITD57,GROWTHRATET,2024,-0.1,,,,TIPO_DATO15__GROWTHRATET_N1,,,
IT1:22_293_DF_DCIS_INDDEMOG1_1(1.0),A,ITD57,GROWTHRATET,2025,1.4,p,,,TIPO_DATO15__GROWTHRATET_N1,,,
IT1:22_293_DF_DCIS_INDDEMOG1_1(1.0),A,ITD58,GROWTHRATET,2015,-3.1,,,,TIPO_DATO15__GROWTHRATET_N1,,,
IT1:22_293_DF_DCIS_INDDEMOG1_1(1.0),A,ITD58,GROWTHRATET,2016,-1,,,,TIPO_DATO15__GROWTHRATET_N1,,,
IT1:22_293_DF_DCIS_INDDEMOG1_1(1.0),A,ITD58,GROWTHRATET,2017,1.3,,,,TIPO_DATO15__GROWTHRATET_N1,,,
IT1:22_293_DF_DCIS_INDDEMOG1_1(1.0),A,ITD58,GROWTHRATET,2018,4,,,,TIPO_DATO15__GROWTHRATET_N1,,,
IT1:22_293_DF_DCIS_INDDEMOG1_1(1.0),A,ITD58,GROWTHRATET,2019,-0.4,,,,TIPO_DATO15__GROWTHRATET_N1,,,
IT1:22_293_DF_DCIS_INDDEMOG1_1(1.0),A,ITD58,GROWTHRATET,2020,-6.9,,,,TIPO_DATO15__GROWTHRATET_N1,,,
IT1:22_293_DF_DCIS_INDDEMOG1_1(1.0),A,ITD58,GROWTHRATET,2021,-3.4,,,,TIPO_DATO15__GROWTHRATET_N1,,,
IT1:22_293_DF_DCIS_INDDEMOG1_1(1.0),A,ITD58,GROWTHRATET,2022,0.9,,,,TIPO_DATO15__GROWTHRATET_N1,,,
IT1:22_293_DF_DCIS_INDDEMOG1_1(1.0),A,ITD58,GROWTHRATET,2023,2.9,,,,TIPO_DATO15__GROWTHRATET_N1,,,
IT1:22_293_DF_DCIS_INDDEMOG1_1(1.0),A,ITD58,GROWTHRATET,2024,1.4,,,,TIPO_DATO15__GROWTHRATET_N1,,,
IT1:22_293_DF_DCIS_INDDEMOG1_1(1.0),A,ITD58,GROWTHRATET,2025,2.5,p,,,TIPO_DATO15__GROWTHRATET_N1,,,
IT1:22_293_DF_DCIS_INDDEMOG1_1(1.0),A,ITD59,GROWTHRATET,2015,1,,,,TIPO_DATO15__GROWTHRATET_N1,,,
IT1:22_293_DF_DCIS_INDDEMOG1_1(1.0),A,ITD59,GROWTHRATET,2016,3.8,,,,TIPO_DATO15__GROWTHRATET_N1,,,
IT1:22_293_DF_DCIS_INDDEMOG1_1(1.0),A,ITD59,GROWTHRATET,2017,1.7,,,,TIPO_DATO15__GROWTHRATET_N1,,,
IT1:22_293_DF_DCIS_INDDEMOG1_1(1.0),A,ITD59,GROWTHRATET,2018,5,,,,TIPO_DATO15__GROWTHRATET_N1,,,
IT1:22_293_DF_DCIS_INDDEMOG1_1(1.0),A,ITD59,GROWTHRATET,2019,0.8,,,,TIPO_DATO15__GROWTHRATET_N1,,,
IT1:22_293_DF_DCIS_INDDEMOG1_1(1.0),A,ITD59,GROWTHRATET,2020,2.8,,,,TIPO_DATO15__GROWTHRATET_N1,,,
IT1:22_293_DF_DCIS_INDDEMOG1_1(1.0),A,ITD59,GROWTHRATET,2021,-5.3,,,,TIPO_DATO15__GROWTHRATET_N1,,,
IT1:22_293_DF_DCIS_INDDEMOG1_1(1.0),A,ITD59,GROWTHRATET,2022,1.7,,,,TIPO_DATO15__GROWTHRATET_N1,,,
IT1:22_293_DF_DCIS_INDDEMOG1_1(1.0),A,ITD59,GROWTHRATET,2023,2.6,,,,TIPO_DATO15__GROWTHRATET_N1,,,
IT1:22_293_DF_DCIS_INDDEMOG1_1(1.0),A,ITD59,GROWTHRATET,2024,1.6,,,,TIPO_DATO15__GROWTHRATET_N1,,,
IT1:22_293_DF_DCIS_INDDEMOG1_1(1.0),A,ITD59,GROWTHRATET,2025,2.5,p,,,TIPO_DATO15__GROWTHRATET_N1,,,
IT1:22_293_DF_DCIS_INDDEMOG1_1(1.0),A,ITDA,GROWTHRATET,2015,3.4,,,,TIPO_DATO15__GROWTHRATET_N1,,,
IT1:22_293_DF_DCIS_INDDEMOG1_1(1.0),A,ITDA,GROWTHRATET,2016,3.7,,,,TIPO_DATO15__GROWTHRATET_N1,,,
IT1:22_293_DF_DCIS_INDDEMOG1_1(1.0),A,ITDA,GROWTHRATET,2017,4.7,,,,TIPO_DATO15__GROWTHRATET_N1,,,
IT1:22_293_DF_DCIS_INDDEMOG1_1(1.0),A,ITDA,GROWTHRATET,2018,4.9,,,,TIPO_DATO15__GROWTHRATET_N1,,,
IT1:22_293_DF_DCIS_INDDEMOG1_1(1.0),A,ITDA,GROWTHRATET,2019,3.7,,,,TIPO_DATO15__GROWTHRATET_N1,,,
IT1:22_293_DF_DCIS_INDDEMOG1_1(1.0),A,ITDA,GROWTHRATET,2020,-0.9,,,,TIPO_DATO15__GROWTHRATET_N1,,,
IT1:22_293_DF_DCIS_INDDEMOG1_1(1.0),A,ITDA,GROWTHRATET,2021,-3.2,,,,TIPO_DATO15__GROWTHRATET_N1,,,
IT1:22_293_DF_DCIS_INDDEMOG1_1(1.0),A,ITDA,GROWTHRATET,2022,3.3,,,,TIPO_DATO15__GROWTHRATET_N1,,,
IT1:22_293_DF_DCIS_INDDEMOG1_1(1.0),A,ITDA,GROWTHRATET,2023,5.2,,,,TIPO_DATO15__GROWTHRATET_N1,,,
IT1:22_293_DF_DCIS_INDDEMOG1_1(1.0),A,ITDA,GROWTHRATET,2024,3.3,,,,TIPO_DATO15__GROWTHRATET_N1,,,
IT1:22_293_DF_DCIS_INDDEMOG1_1(1.0),A,ITDA,GROWTHRATET,2025,4.2,p,,,TIPO_DATO15__GROWTHRATET_N1,,,
IT1:22_293_DF_DCIS_INDDEMOG1_1(1.0),A,ITE,GROWTHRATET,2015,-0.6,,,,TIPO_DATO15__GROWTHRATET_N1,,,
IT1:22_293_DF_DCIS_INDDEMOG1_1(1.0),A,ITE,GROWTHRATET,2016,-0.1,,,,TIPO_DATO15__GROWTHRATET_N1,,,
IT1:22_293_DF_DCIS_INDDEMOG1_1(1.0),A,ITE,GROWTHRATET,2017,-1.6,,,,TIPO_DATO15__GROWTHRATET_N1,,,
IT1:22_293_DF_DCIS_INDDEMOG1_1(1.0),A,ITE,GROWTHRATET,2018,-1.8,,,,TIPO_DATO15__GROWTHRATET_N1,,,
IT1:22_293_DF_DCIS_INDDEMOG1_1(1.0),A,ITE,GROWTHRATET,2019,-3.2,,,,TIPO_DATO15__GROWTHRATET_N1,,,
IT1:22_293_DF_DCIS_INDDEMOG1_1(1.0),A,ITE,GROWTHRATET,2020,-3.8,,,,TIPO_DATO15__GROWTHRATET_N1,,,
IT1:22_293_DF_DCIS_INDDEMOG1_1(1.0),A,ITE,GROWTHRATET,2021,-5.1,,,,TIPO_DATO15__GROWTHRATET_N1,,,
IT1:22_293_DF_DCIS_INDDEMOG1_1(1.0),A,ITE,GROWTHRATET,2022,-0.1,,,,TIPO_DATO15__GROWTHRATET_N1,,,
IT1:22_293_DF_DCIS_INDDEMOG1_1(1.0),A,ITE,GROWTHRATET,2023,-1,,,,TIPO_DATO15__GROWTHRATET_N1,,,
IT1:22_293_DF_DCIS_INDDEMOG1_1(1.0),A,ITE,GROWTHRATET,2024,-1,,,,TIPO_DATO15__GROWTHRATET_N1,,,
IT1:22_293_DF_DCIS_INDDEMOG1_1(1.0),A,ITE,GROWTHRATET,2025,0,p,,,TIPO_DATO15__GROWTHRATET_N1,,,
IT1:22_293_DF_DCIS_INDDEMOG1_1(1.0),A,ITE1,GROWTHRATET,2015,-3.4,,,,TIPO_DATO15__GROWTHRATET_N1,,,
IT1:22_293_DF_DCIS_INDDEMOG1_1(1.0),A,ITE1,GROWTHRATET,2016,-1.4,,,,TIPO_DATO15__GROWTHRATET_N1,,,
IT1:22_293_DF_DCIS_INDDEMOG1_1(1.0),A,ITE1,GROWTHRATET,2017,-2.5,,,,TIPO_DATO15__GROWTHRATET_N1,,,
IT1:22_293_DF_DCIS_INDDEMOG1_1(1.0),A,ITE1,GROWTHRATET,2018,-2.9,,,,TIPO_DATO15__GROWTHRATET_N1,,,
IT1:22_293_DF_DCIS_INDDEMOG1_1(1.0),A,ITE1,GROWTHRATET,2019,-2.4,,,,TIPO_DATO15__GROWTHRATET_N1,,,
IT1:22_293_DF_DCIS_INDDEMOG1_1(1.0),A,ITE1,GROWTHRATET,2020,0,,,,TIPO_DATO15__GROWTHRATET_N1,,,
IT1:22_293_DF_DCIS_INDDEMOG1_1(1.0),A,ITE1,GROWTHRATET,2021,-8.2,,,,TIPO_DATO15__GROWTHRATET_N1,,,
IT1:22_293_DF_DCIS_INDDEMOG1_1(1.0),A,ITE1,GROWTHRATET,2022,-0.3,,,,TIPO_DATO15__GROWTHRATET_N1,,,
IT1:22_293_DF_DCIS_INDDEMOG1_1(1.0),A,ITE1,GROWTHRATET,2023,-0.4,,,,TIPO_DATO15__GROWTHRATET_N1,,,
IT1:22_293_DF_DCIS_INDDEMOG1_1(1.0),A,ITE1,GROWTHRATET,2024,-0.8,,,,TIPO_DATO15__GROWTHRATET_N1,,,
IT1:22_293_DF_DCIS_INDDEMOG1_1(1.0),A,ITE1,GROWTHRATET,2025,0.4,p,,,TIPO_DATO15__GROWTHRATET_N1,,,
IT1:22_293_DF_DCIS_INDDEMOG1_1(1.0),A,ITE11,GROWTHRATET,2015,-10.7,,,,TIPO_DATO15__GROWTHRATET_N1,,,
IT1:22_293_DF_DCIS_INDDEMOG1_1(1.0),A,ITE11,GROWTHRATET,2016,-7.7,,,,TIPO_DATO15__GROWTHRATET_N1,,,
IT1:22_293_DF_DCIS_INDDEMOG1_1(1.0),A,ITE11,GROWTHRATET,2017,-5,,,,TIPO_DATO15__GROWTHRATET_N1,,,
IT1:22_293_DF_DCIS_INDDEMOG1_1(1.0),A,ITE11,GROWTHRATET,2018,-7.1,,,,TIPO_DATO15__GROWTHRATET_N1,,,
IT1:22_293_DF_DCIS_INDDEMOG1_1(1.0),A,ITE11,GROWTHRATET,2019,-6,,,,TIPO_DATO15__GROWTHRATET_N1,,,
IT1:22_293_DF_DCIS_INDDEMOG1_1(1.0),A,ITE11,GROWTHRATET,2020,-9.8,,,,TIPO_DATO15__GROWTHRATET_N1,,,
IT1:22_293_DF_DCIS_INDDEMOG1_1(1.0),A,ITE11,GROWTHRATET,2021,-7.3,,,,TIPO_DATO15__GROWTHRATET_N1,,,
IT1:22_293_DF_DCIS_INDDEMOG1_1(1.0),A,ITE11,GROWTHRATET,2022,-4.8,,,,TIPO_DATO15__GROWTHRATET_N1,,,
IT1:22_293_DF_DCIS_INDDEMOG1_1(1.0),A,ITE11,GROWTHRATET,2023,-3.2,,,,TIPO_DATO15__GROWTHRATET_N1,,,
IT1:22_293_DF_DCIS_INDDEMOG1_1(1.0),A,ITE11,GROWTHRATET,2024,-1.1,,,,TIPO_DATO15__GROWTHRATET_N1,,,
IT1:22_293_DF_DCIS_INDDEMOG1_1(1.0),A,ITE11,GROWTHRATET,2025,-0.8,p,,,TIPO_DATO15__GROWTHRATET_N1,,,
IT1:22_293_DF_DCIS_INDDEMOG1_1(1.0),A,ITE12,GROWTHRATET,2015,-7.8,,,,TIPO_DATO15__GROWTHRATET_N1,,,
IT1:22_293_DF_DCIS_INDDEMOG1_1(1.0),A,ITE12,GROWTHRATET,2016,-4,,,,TIPO_DATO15__GROWTHRATET_N1,,,
IT1:22_293_DF_DCIS_INDDEMOG1_1(1.0),A,ITE12,GROWTHRATET,2017,-3.7,,,,TIPO_DATO15__GROWTHRATET_N1,,,
IT1:22_293_DF_DCIS_INDDEMOG1_1(1.0),A,ITE12,GROWTHRATET,2018,-4.8,,,,TIPO_DATO15__GROWTHRATET_N1,,,
IT1:22_293_DF_DCIS_INDDEMOG1_1(1.0),A,ITE12,GROWTHRATET,2019,-2.5,,,,TIPO_DATO15__GROWTHRATET_N1,,,
IT1:22_293_DF_DCIS_INDDEMOG1_1(1.0),A,ITE12,GROWTHRATET,2020,3.7,,,,TIPO_DATO15__GROWTHRATET_N1,,,
IT1:22_293_DF_DCIS_INDDEMOG1_1(1.0),A,ITE12,GROWTHRATET,2021,-4,,,,TIPO_DATO15__GROWTHRATET_N1,,,
IT1:22_293_DF_DCIS_INDDEMOG1_1(1.0),A,ITE12,GROWTHRATET,2022,-0.7,,,,TIPO_DATO15__GROWTHRATET_N1,,,
IT1:22_293_DF_DCIS_INDDEMOG1_1(1.0),A,ITE12,GROWTHRATET,2023,-0.9,,,,TIPO_DATO15__GROWTHRATET_N1,,,
IT1:22_293_DF_DCIS_INDDEMOG1_1(1.0),A,ITE12,GROWTHRATET,2024,-1.1,,,,TIPO_DATO15__GROWTHRATET_N1,,,
IT1:22_293_DF_DCIS_INDDEMOG1_1(1.0),A,ITE12,GROWTHRATET,2025,-3.8,p,,,TIPO_DATO15__GROWTHRATET_N1,,,
IT1:22_293_DF_DCIS_INDDEMOG1_1(1.0),A,ITE13,GROWTHRATET,2015,-2.3,,,,TIPO_DATO15__GROWTHRATET_N1,,,
IT1:22_293_DF_DCIS_INDDEMOG1_1(1.0),A,ITE13,GROWTHRATET,2016,-0.5,,,,TIPO_DATO15__GROWTHRATET_N1,,,
IT1:22_293_DF_DCIS_INDDEMOG1_1(1.0),A,ITE13,GROWTHRATET,2017,0.7,,,,TIPO_DATO15__GROWTHRATET_N1,,,
IT1:22_293_DF_DCIS_INDDEMOG1_1(1.0),A,ITE13,GROWTHRATET,2018,2.6,,,,TIPO_DATO15__GROWTHRATET_N1,,,
IT1:22_293_DF_DCIS_INDDEMOG1_1(1.0),A,ITE13,GROWTHRATET,2019,1,,,,TIPO_DATO15__GROWTHRATET_N1,,,
IT1:22_293_DF_DCIS_INDDEMOG1_1(1.0),A,ITE13,GROWTHRATET,2020,-5,,,,TIPO_DATO15__GROWTHRATET_N1,,,
IT1:22_293_DF_DCIS_INDDEMOG1_1(1.0),A,ITE13,GROWTHRATET,2021,-2.9,,,,TIPO_DATO15__GROWTHRATET_N1,,,
IT1:22_293_DF_DCIS_INDDEMOG1_1(1.0),A,ITE13,GROWTHRATET,2022,1.2,,,,TIPO_DATO15__GROWTHRATET_N1,,,
IT1:22_293_DF_DCIS_INDDEMOG1_1(1.0),A,ITE13,GROWTHRATET,2023,0.4,,,,TIPO_DATO15__GROWTHRATET_N1,,,
IT1:22_293_DF_DCIS_INDDEMOG1_1(1.0),A,ITE13,GROWTHRATET,2024,0.1,,,,TIPO_DATO15__GROWTHRATET_N1,,,
IT1:22_293_DF_DCIS_INDDEMOG1_1(1.0),A,ITE13,GROWTHRATET,2025,3.2,p,,,TIPO_DATO15__GROWTHRATET_N1,,,
IT1:22_293_DF_DCIS_INDDEMOG1_1(1.0),A,ITE14,GROWTHRATET,2015,-0.5,,,,TIPO_DATO15__GROWTHRATET_N1,,,
IT1:22_293_DF_DCIS_INDDEMOG1_1(1.0),A,ITE14,GROWTHRATET,2016,0.5,,,,TIPO_DATO15__GROWTHRATET_N1,,,
IT1:22_293_DF_DCIS_INDDEMOG1_1(1.0),A,ITE14,GROWTHRATET,2017,-2.9,,,,TIPO_DATO15__GROWTHRATET_N1,,,
IT1:22_293_DF_DCIS_INDDEMOG1_1(1.0),A,ITE14,GROWTHRATET,2018,-3.9,,,,TIPO_DATO15__GROWTHRATET_N1,,,
IT1:22_293_DF_DCIS_INDDEMOG1_1(1.0),A,ITE14,GROWTHRATET,2019,-3.4,,,,TIPO_DATO15__GROWTHRATET_N1,,,
IT1:22_293_DF_DCIS_INDDEMOG1_1(1.0),A,ITE14,GROWTHRATET,2020,2.9,,,,TIPO_DATO15__GROWTHRATET_N1,,,
IT1:22_293_DF_DCIS_INDDEMOG1_1(1.0),A,ITE14,GROWTHRATET,2021,-11.2,,,,TIPO_DATO15__GROWTHRATET_N1,,,
IT1:22_293_DF_DCIS_INDDEMOG1_1(1.0),A,ITE14,GROWTHRATET,2022,0.9,,,,TIPO_DATO15__GROWTHRATET_N1,,,
IT1:22_293_DF_DCIS_INDDEMOG1_1(1.0),A,ITE14,GROWTHRATET,2023,0.6,,,,TIPO_DATO15__GROWTHRATET_N1,,,
IT1:22_293_DF_DCIS_INDDEMOG1_1(1.0),A,ITE14,GROWTHRATET,2024,-0.7,,,,TIPO_DATO15__GROWTHRATET_N1,,,
IT1:22_293_DF_DCIS_INDDEMOG1_1(1.0),A,ITE14,GROWTHRATET,2025,0.4,p,,,TIPO_DATO15__GROWTHRATET_N1,,,
IT1:22_293_DF_DCIS_INDDEMOG1_1(1.0),A,ITE15,GROWTHRATET,2015,3.2,,,,TIPO_DATO15__GROWTHRATET_N1,,,
IT1:22_293_DF_DCIS_INDDEMOG1_1(1.0),A,ITE15,GROWTHRATET,2016,4.7,,,,TIPO_DATO15__GROWTHRATET_N1,,,
IT1:22_293_DF_DCIS_INDDEMOG1_1(1.0),A,ITE15,GROWTHRATET,2017,2.6,,,,TIPO_DATO15__GROWTHRATET_N1,,,
IT1:22_293_DF_DCIS_INDDEMOG1_1(1.0),A,ITE15,GROWTHRATET,2018,5,,,,TIPO_DATO15__GROWTHRATET_N1,,,
IT1:22_293_DF_DCIS_INDDEMOG1_1(1.0),A,ITE15,GROWTHRATET,2019,2.1,,,,TIPO_DATO15__GROWTHRATET_N1,,,
IT1:22_293_DF_DCIS_INDDEMOG1_1(1.0),A,ITE15,GROWTHRATET,2020,31.4,,,,TIPO_DATO15__GROWTHRATET_N1,,,
IT1:22_293_DF_DCIS_INDDEMOG1_1(1.0),A,ITE15,GROWTHRATET,2021,-27.3,,,,TIPO_DATO15__GROWTHRATET_N1,,,
IT1:22_293_DF_DCIS_INDDEMOG1_1(1.0),A,ITE15,GROWTHRATET,2022,4.3,,,,TIPO_DATO15__GROWTHRATET_N1,,,
IT1:22_293_DF_DCIS_INDDEMOG1_1(1.0),A,ITE15,GROWTHRATET,2023,2.6,,,,TIPO_DATO15__GROWTHRATET_N1,,,
IT1:22_293_DF_DCIS_INDDEMOG1_1(1.0),A,ITE15,GROWTHRATET,2024,-1,,,,TIPO_DATO15__GROWTHRATET_N1,,,
IT1:22_293_DF_DCIS_INDDEMOG1_1(1.0),A,ITE15,GROWTHRATET,2025,5.7,p,,,TIPO_DATO15__GROWTHRATET_N1,,,
IT1:22_293_DF_DCIS_INDDEMOG1_1(1.0),A,ITE16,GROWTHRATET,2015,-4.5,,,,TIPO_DATO15__GROWTHRATET_N1,,,
IT1:22_293_DF_DCIS_INDDEMOG1_1(1.0),A,ITE16,GROWTHRATET,2016,-2.9,,,,TIPO_DATO15__GROWTHRATET_N1,,,
IT1:22_293_DF_DCIS_INDDEMOG1_1(1.0),A,ITE16,GROWTHRATET,2017,-4.1,,,,TIPO_DATO15__GROWTHRATET_N1,,,
IT1:22_293_DF_DCIS_INDDEMOG1_1(1.0),A,ITE16,GROWTHRATET,2018,-4.8,,,,TIPO_DATO15__GROWTHRATET_N1,,,
IT1:22_293_DF_DCIS_INDDEMOG1_1(1.0),A,ITE16,GROWTHRATET,2019,-3.1,,,,TIPO_DATO15__GROWTHRATET_N1,,,
IT1:22_293_DF_DCIS_INDDEMOG1_1(1.0),A,ITE16,GROWTHRATET,2020,-8.8,,,,TIPO_DATO15__GROWTHRATET_N1,,,
IT1:22_293_DF_DCIS_INDDEMOG1_1(1.0),A,ITE16,GROWTHRATET,2021,-5.3,,,,TIPO_DATO15__GROWTHRATET_N1,,,
IT1:22_293_DF_DCIS_INDDEMOG1_1(1.0),A,ITE16,GROWTHRATET,2022,-2,,,,TIPO_DATO15__GROWTHRATET_N1,,,
IT1:22_293_DF_DCIS_INDDEMOG1_1(1.0),A,ITE16,GROWTHRATET,2023,-0.9,,,,TIPO_DATO15__GROWTHRATET_N1,,,
IT1:22_293_DF_DCIS_INDDEMOG1_1(1.0),A,ITE16,GROWTHRATET,2024,-1.7,,,,TIPO_DATO15__GROWTHRATET_N1,,,
IT1:22_293_DF_DCIS_INDDEMOG1_1(1.0),A,ITE16,GROWTHRATET,2025,-2.6,p,,,TIPO_DATO15__GROWTHRATET_N1,,,
IT1:22_293_DF_DCIS_INDDEMOG1_1(1.0),A,ITE17,GROWTHRATET,2015,-3,,,,TIPO_DATO15__GROWTHRATET_N1,,,
IT1:22_293_DF_DCIS_INDDEMOG1_1(1.0),A,ITE17,GROWTHRATET,2016,1.9,,,,TIPO_DATO15__GROWTHRATET_N1,,,
IT1:22_293_DF_DCIS_INDDEMOG1_1(1.0),A,ITE17,GROWTHRATET,2017,-2.2,,,,TIPO_DATO15__GROWTHRATET_N1,,,
IT1:22_293_DF_DCIS_INDDEMOG1_1(1.0),A,ITE17,GROWTHRATET,2018,-3.2,,,,TIPO_DATO15__GROWTHRATET_N1,,,
IT1:22_293_DF_DCIS_INDDEMOG1_1(1.0),A,ITE17,GROWTHRATET,2019,-0.4,,,,TIPO_DATO15__GROWTHRATET_N1,,,
IT1:22_293_DF_DCIS_INDDEMOG1_1(1.0),A,ITE17,GROWTHRATET,2020,-0.3,,,,TIPO_DATO15__GROWTHRATET_N1,,,
IT1:22_293_DF_DCIS_INDDEMOG1_1(1.0),A,ITE17,GROWTHRATET,2021,-2.2,,,,TIPO_DATO15__GROWTHRATET_N1,,,
IT1:22_293_DF_DCIS_INDDEMOG1_1(1.0),A,ITE17,GROWTHRATET,2022,0.3,,,,TIPO_DATO15__GROWTHRATET_N1,,,
IT1:22_293_DF_DCIS_INDDEMOG1_1(1.0),A,ITE17,GROWTHRATET,2023,1.2,,,,TIPO_DATO15__GROWTHRATET_N1,,,
IT1:22_293_DF_DCIS_INDDEMOG1_1(1.0),A,ITE17,GROWTHRATET,2024,1.8,,,,TIPO_DATO15__GROWTHRATET_N1,,,
IT1:22_293_DF_DCIS_INDDEMOG1_1(1.0),A,ITE17,GROWTHRATET,2025,2.7,p,,,TIPO_DATO15__GROWTHRATET_N1,,,
IT1:22_293_DF_DCIS_INDDEMOG1_1(1.0),A,ITE18,GROWTHRATET,2015,-5.6,,,,TIPO_DATO15__GROWTHRATET_N1,,,
IT1:22_293_DF_DCIS_INDDEMOG1_1(1.0),A,ITE18,GROWTHRATET,2016,-3.5,,,,TIPO_DATO15__GROWTHRATET_N1,,,
IT1:22_293_DF_DCIS_INDDEMOG1_1(1.0),A,ITE18,GROWTHRATET,2017,-3.4,,,,TIPO_DATO15__GROWTHRATET_N1,,,
IT1:22_293_DF_DCIS_INDDEMOG1_1(1.0),A,ITE18,GROWTHRATET,2018,-3,,,,TIPO_DATO15__GROWTHRATET_N1,,,
IT1:22_293_DF_DCIS_INDDEMOG1_1(1.0),A,ITE18,GROWTHRATET,2019,-3.5,,,,TIPO_DATO15__GROWTHRATET_N1,,,
IT1:22_293_DF_DCIS_INDDEMOG1_1(1.0),A,ITE18,GROWTHRATET,2020,-8,,,,TIPO_DATO15__GROWTHRATET_N1,,,
IT1:22_293_DF_DCIS_INDDEMOG1_1(1.0),A,ITE18,GROWTHRATET,2021,-4.7,,,,TIPO_DATO15__GROWTHRATET_N1,,,
IT1:22_293_DF_DCIS_INDDEMOG1_1(1.0),A,ITE18,GROWTHRATET,2022,-2.6,,,,TIPO_DATO15__GROWTHRATET_N1,,,
IT1:22_293_DF_DCIS_INDDEMOG1_1(1.0),A,ITE18,GROWTHRATET,2023,-2.2,,,,TIPO_DATO15__GROWTHRATET_N1,,,
IT1:22_293_DF_DCIS_INDDEMOG1_1(1.0),A,ITE18,GROWTHRATET,2024,-0.3,,,,TIPO_DATO15__GROWTHRATET_N1,,,
IT1:22_293_DF_DCIS_INDDEMOG1_1(1.0),A,ITE18,GROWTHRATET,2025,0.1,p,,,TIPO_DATO15__GROWTHRATET_N1,,,
IT1:22_293_DF_DCIS_INDDEMOG1_1(1.0),A,ITE19,GROWTHRATET,2015,-4.6,,,,TIPO_DATO15__GROWTHRATET_N1,,,
IT1:22_293_DF_DCIS_INDDEMOG1_1(1.0),A,ITE19,GROWTHRATET,2016,-5,,,,TIPO_DATO15__GROWTHRATET_N1,,,
IT1:22_293_DF_DCIS_INDDEMOG1_1(1.0),A,ITE19,GROWTHRATET,2017,-1.7,,,,TIPO_DATO15__GROWTHRATET_N1,,,
IT1:22_293_DF_DCIS_INDDEMOG1_1(1.0),A,ITE19,GROWTHRATET,2018,-3.2,,,,TIPO_DATO15__GROWTHRATET_N1,,,
IT1:22_293_DF_DCIS_INDDEMOG1_1(1.0),A,ITE19,GROWTHRATET,2019,-3.3,,,,TIPO_DATO15__GROWTHRATET_N1,,,
IT1:22_293_DF_DCIS_INDDEMOG1_1(1.0),A,ITE19,GROWTHRATET,2020,-5.2,,,,TIPO_DATO15__GROWTHRATET_N1,,,
IT1:22_293_DF_DCIS_INDDEMOG1_1(1.0),A,ITE19,GROWTHRATET,2021,-9.8,,,,TIPO_DATO15__GROWTHRATET_N1,,,
IT1:22_293_DF_DCIS_INDDEMOG1_1(1.0),A,ITE19,GROWTHRATET,2022,-2.5,,,,TIPO_DATO15__GROWTHRATET_N1,,,
IT1:22_293_DF_DCIS_INDDEMOG1_1(1.0),A,ITE19,GROWTHRATET,2023,-2.2,,,,TIPO_DATO15__GROWTHRATET_N1,,,
IT1:22_293_DF_DCIS_INDDEMOG1_1(1.0),A,ITE19,GROWTHRATET,2024,-2,,,,TIPO_DATO15__GROWTHRATET_N1,,,
IT1:22_293_DF_DCIS_INDDEMOG1_1(1.0),A,ITE19,GROWTHRATET,2025,0.2,p,,,TIPO_DATO15__GROWTHRATET_N1,,,
IT1:22_293_DF_DCIS_INDDEMOG1_1(1.0),A,ITE1A,GROWTHRATET,2015,-5.4,,,,TIPO_DATO15__GROWTHRATET_N1,,,
IT1:22_293_DF_DCIS_INDDEMOG1_1(1.0),A,ITE1A,GROWTHRATET,2016,-3.2,,,,TIPO_DATO15__GROWTHRATET_N1,,,
IT1:22_293_DF_DCIS_INDDEMOG1_1(1.0),A,ITE1A,GROWTHRATET,2017,-4.3,,,,TIPO_DATO15__GROWTHRATET_N1,,,
IT1:22_293_DF_DCIS_INDDEMOG1_1(1.0),A,ITE1A,GROWTHRATET,2018,-3.4,,,,TIPO_DATO15__GROWTHRATET_N1,,,
IT1:22_293_DF_DCIS_INDDEMOG1_1(1.0),A,ITE1A,GROWTHRATET,2019,-3.8,,,,TIPO_DATO15__GROWTHRATET_N1,,,
IT1:22_293_DF_DCIS_INDDEMOG1_1(1.0),A,ITE1A,GROWTHRATET,2020,-8.5,,,,TIPO_DATO15__GROWTHRATET_N1,,,
IT1:22_293_DF_DCIS_INDDEMOG1_1(1.0),A,ITE1A,GROWTHRATET,2021,-3.8,,,,TIPO_DATO15__GROWTHRATET_N1,,,
IT1:22_293_DF_DCIS_INDDEMOG1_1(1.0),A,ITE1A,GROWTHRATET,2022,-1.7,,,,TIPO_DATO15__GROWTHRATET_N1,,,
IT1:22_293_DF_DCIS_INDDEMOG1_1(1.0),A,ITE1A,GROWTHRATET,2023,-3.8,,,,TIPO_DATO15__GROWTHRATET_N1,,,
IT1:22_293_DF_DCIS_INDDEMOG1_1(1.0),A,ITE1A,GROWTHRATET,2024,-3.7,,,,TIPO_DATO15__GROWTHRATET_N1,,,
IT1:22_293_DF_DCIS_INDDEMOG1_1(1.0),A,ITE1A,GROWTHRATET,2025,-0.7,p,,,TIPO_DATO15__GROWTHRATET_N1,,,
IT1:22_293_DF_DCIS_INDDEMOG1_1(1.0),A,ITE2,GROWTHRATET,2015,-4.7,,,,TIPO_DATO15__GROWTHRATET_N1,,,
IT1:22_293_DF_DCIS_INDDEMOG1_1(1.0),A,ITE2,GROWTHRATET,2016,-3.5,,,,TIPO_DATO15__GROWTHRATET_N1,,,
IT1:22_293_DF_DCIS_INDDEMOG1_1(1.0),A,ITE2,GROWTHRATET,2017,-5.1,,,,TIPO_DATO15__GROWTHRATET_N1,,,
IT1:22_293_DF_DCIS_INDDEMOG1_1(1.0),A,ITE2,GROWTHRATET,2018,-3.1,,,,TIPO_DATO15__GROWTHRATET_N1,,,
IT1:22_293_DF_DCIS_INDDEMOG1_1(1.0),A,ITE2,GROWTHRATET,2019,-4.2,,,,TIPO_DATO15__GROWTHRATET_N1,,,
IT1:22_293_DF_DCIS_INDDEMOG1_1(1.0),A,ITE2,GROWTHRATET,2020,-5.4,,,,TIPO_DATO15__GROWTHRATET_N1,,,
IT1:22_293_DF_DCIS_INDDEMOG1_1(1.0),A,ITE2,GROWTHRATET,2021,-7.7,,,,TIPO_DATO15__GROWTHRATET_N1,,,
IT1:22_293_DF_DCIS_INDDEMOG1_1(1.0),A,ITE2,GROWTHRATET,2022,-2.8,,,,TIPO_DATO15__GROWTHRATET_N1,,,
IT1:22_293_DF_DCIS_INDDEMOG1_1(1.0),A,ITE2,GROWTHRATET,2023,-4,,,,TIPO_DATO15__GROWTHRATET_N1,,,
IT1:22_293_DF_DCIS_INDDEMOG1_1(1.0),A,ITE2,GROWTHRATET,2024,-1.9,,,,TIPO_DATO15__GROWTHRATET_N1,,,
IT1:22_293_DF_DCIS_INDDEMOG1_1(1.0),A,ITE2,GROWTHRATET,2025,-1,p,,,TIPO_DATO15__GROWTHRATET_N1,,,
IT1:22_293_DF_DCIS_INDDEMOG1_1(1.0),A,ITE21,GROWTHRATET,2015,-4.3,,,,TIPO_DATO15__GROWTHRATET_N1,,,
IT1:22_293_DF_DCIS_INDDEMOG1_1(1.0),A,ITE21,GROWTHRATET,2016,-3.4,,,,TIPO_DATO15__GROWTHRATET_N1,,,
IT1:22_293_DF_DCIS_INDDEMOG1_1(1.0),A,ITE21,GROWTHRATET,2017,-5,,,,TIPO_DATO15__GROWTHRATET_N1,,,
IT1:22_293_DF_DCIS_INDDEMOG1_1(1.0),A,ITE21,GROWTHRATET,2018,-2.6,,,,TIPO_DATO15__GROWTHRATET_N1,,,
IT1:22_293_DF_DCIS_INDDEMOG1_1(1.0),A,ITE21,GROWTHRATET,2019,-3.2,,,,TIPO_DATO15__GROWTHRATET_N1,,,
IT1:22_293_DF_DCIS_INDDEMOG1_1(1.0),A,ITE21,GROWTHRATET,2020,-1.9,,,,TIPO_DATO15__GROWTHRATET_N1,,,
IT1:22_293_DF_DCIS_INDDEMOG1_1(1.0),A,ITE21,GROWTHRATET,2021,-7.8,,,,TIPO_DATO15__GROWTHRATET_N1,,,
IT1:22_293_DF_DCIS_INDDEMOG1_1(1.0),A,ITE21,GROWTHRATET,2022,-2,,,,TIPO_DATO15__GROWTHRATET_N1,,,
IT1:22_293_DF_DCIS_INDDEMOG1_1(1.0),A,ITE21,GROWTHRATET,2023,-3.2,,,,TIPO_DATO15__GROWTHRATET_N1,,,
IT1:22_293_DF_DCIS_INDDEMOG1_1(1.0),A,ITE21,GROWTHRATET,2024,-1.6,,,,TIPO_DATO15__GROWTHRATET_N1,,,
IT1:22_293_DF_DCIS_INDDEMOG1_1(1.0),A,ITE21,GROWTHRATET,2025,-0.3,p,,,TIPO_DATO15__GROWTHRATET_N1,,,
IT1:22_293_DF_DCIS_INDDEMOG1_1(1.0),A,ITE22,GROWTHRATET,2015,-6,,,,TIPO_DATO15__GROWTHRATET_N1,,,
IT1:22_293_DF_DCIS_INDDEMOG1_1(1.0),A,ITE22,GROWTHRATET,2016,-4,,,,TIPO_DATO15__GROWTHRATET_N1,,,
IT1:22_293_DF_DCIS_INDDEMOG1_1(1.0),A,ITE22,GROWTHRATET,2017,-5.5,,,,TIPO_DATO15__GROWTHRATET_N1,,,
IT1:22_293_DF_DCIS_INDDEMOG1_1(1.0),A,ITE22,GROWTHRATET,2018,-4.6,,,,TIPO_DATO15__GROWTHRATET_N1,,,
IT1:22_293_DF_DCIS_INDDEMOG1_1(1.0),A,ITE22,GROWTHRATET,2019,-6.5,,,,TIPO_DATO15__GROWTHRATET_N1,,,
IT1:22_293_DF_DCIS_INDDEMOG1_1(1.0),A,ITE22,GROWTHRATET,2020,-15.8,,,,TIPO_DATO15__GROWTHRATET_N1,,,
IT1:22_293_DF_DCIS_INDDEMOG1_1(1.0),A,ITE22,GROWTHRATET,2021,-7.3,,,,TIPO_DATO15__GROWTHRATET_N1,,,
IT1:22_293_DF_DCIS_INDDEMOG1_1(1.0),A,ITE22,GROWTHRATET,2022,-5.3,,,,TIPO_DATO15__GROWTHRATET_N1,,,
IT1:22_293_DF_DCIS_INDDEMOG1_1(1.0),A,ITE22,GROWTHRATET,2023,-6.3,,,,TIPO_DATO15__GROWTHRATET_N1,,,
IT1:22_293_DF_DCIS_INDDEMOG1_1(1.0),A,ITE22,GROWTHRATET,2024,-2.6,,,,TIPO_DATO15__GROWTHRATET_N1,,,
IT1:22_293_DF_DCIS_INDDEMOG1_1(1.0),A,ITE22,GROWTHRATET,2025,-3,p,,,TIPO_DATO15__GROWTHRATET_N1,,,
IT1:22_293_DF_DCIS_INDDEMOG1_1(1.0),A,ITE3,GROWTHRATET,2015,-4.8,,,,TIPO_DATO15__GROWTHRATET_N1,,,
IT1:22_293_DF_DCIS_INDDEMOG1_1(1.0),A,ITE3,GROWTHRATET,2016,-3.9,,,,TIPO_DATO15__GROWTHRATET_N1,,,
IT1:22_293_DF_DCIS_INDDEMOG1_1(1.0),A,ITE3,GROWTHRATET,2017,-4,,,,TIPO_DATO15__GROWTHRATET_N1,,,
IT1:22_293_DF_DCIS_INDDEMOG1_1(1.0),A,ITE3,GROWTHRATET,2018,-3.9,,,,TIPO_DATO15__GROWTHRATET_N1,,,
IT1:22_293_DF_DCIS_INDDEMOG1_1(1.0),A,ITE3,GROWTHRATET,2019,-5.1,,,,TIPO_DATO15__GROWTHRATET_N1,,,
IT1:22_293_DF_DCIS_INDDEMOG1_1(1.0),A,ITE3,GROWTHRATET,2020,-9.5,,,,TIPO_DATO15__GROWTHRATET_N1,,,
IT1:22_293_DF_DCIS_INDDEMOG1_1(1.0),A,ITE3,GROWTHRATET,2021,-5.7,,,,TIPO_DATO15__GROWTHRATET_N1,,,
IT1:22_293_DF_DCIS_INDDEMOG1_1(1.0),A,ITE3,GROWTHRATET,2022,-1.9,,,,TIPO_DATO15__GROWTHRATET_N1,,,
IT1:22_293_DF_DCIS_INDDEMOG1_1(1.0),A,ITE3,GROWTHRATET,2023,-1,,,,TIPO_DATO15__GROWTHRATET_N1,,,
IT1:22_293_DF_DCIS_INDDEMOG1_1(1.0),A,ITE3,GROWTHRATET,2024,-1.5,,,,TIPO_DATO15__GROWTHRATET_N1,,,
IT1:22_293_DF_DCIS_INDDEMOG1_1(1.0),A,ITE3,GROWTHRATET,2025,-0.5,p,,,TIPO_DATO15__GROWTHRATET_N1,,,
IT1:22_293_DF_DCIS_INDDEMOG1_1(1.0),A,ITE31,GROWTHRATET,2015,-4.9,,,,TIPO_DATO15__GROWTHRATET_N1,,,
IT1:22_293_DF_DCIS_INDDEMOG1_1(1.0),A,ITE31,GROWTHRATET,2016,-2.3,,,,TIPO_DATO15__GROWTHRATET_N1,,,
IT1:22_293_DF_DCIS_INDDEMOG1_1(1.0),A,ITE31,GROWTHRATET,2017,-0.9,,,,TIPO_DATO15__GROWTHRATET_N1,,,
IT1:22_293_DF_DCIS_INDDEMOG1_1(1.0),A,ITE31,GROWTHRATET,2018,-2.5,,,,TIPO_DATO15__GROWTHRATET_N1,,,
IT1:22_293_DF_DCIS_INDDEMOG1_1(1.0),A,ITE31,GROWTHRATET,2019,-4.5,,,,TIPO_DATO15__GROWTHRATET_N1,,,
IT1:22_293_DF_DCIS_INDDEMOG1_1(1.0),A,ITE31,GROWTHRATET,2020,-9.1,,,,TIPO_DATO15__GROWTHRATET_N1,,,
IT1:22_293_DF_DCIS_INDDEMOG1_1(1.0),A,ITE31,GROWTHRATET,2021,-2.9,,,,TIPO_DATO15__GROWTHRATET_N1,,,
IT1:22_293_DF_DCIS_INDDEMOG1_1(1.0),A,ITE31,GROWTHRATET,2022,-0.8,,,,TIPO_DATO15__GROWTHRATET_N1,,,
IT1:22_293_DF_DCIS_INDDEMOG1_1(1.0),A,ITE31,GROWTHRATET,2023,1,,,,TIPO_DATO15__GROWTHRATET_N1,,,
IT1:22_293_DF_DCIS_INDDEMOG1_1(1.0),A,ITE31,GROWTHRATET,2024,-0.9,,,,TIPO_DATO15__GROWTHRATET_N1,,,
IT1:22_293_DF_DCIS_INDDEMOG1_1(1.0),A,ITE31,GROWTHRATET,2025,0,p,,,TIPO_DATO15__GROWTHRATET_N1,,,
IT1:22_293_DF_DCIS_INDDEMOG1_1(1.0),A,ITE32,GROWTHRATET,2015,-3.7,,,,TIPO_DATO15__GROWTHRATET_N1,,,
IT1:22_293_DF_DCIS_INDDEMOG1_1(1.0),A,ITE32,GROWTHRATET,2016,-4.7,,,,TIPO_DATO15__GROWTHRATET_N1,,,
IT1:22_293_DF_DCIS_INDDEMOG1_1(1.0),A,ITE32,GROWTHRATET,2017,-3.3,,,,TIPO_DATO15__GROWTHRATET_N1,,,
IT1:22_293_DF_DCIS_INDDEMOG1_1(1.0),A,ITE32,GROWTHRATET,2018,-2.9,,,,TIPO_DATO15__GROWTHRATET_N1,,,
IT1:22_293_DF_DCIS_INDDEMOG1_1(1.0),A,ITE32,GROWTHRATET,2019,-3.7,,,,TIPO_DATO15__GROWTHRATET_N1,,,
IT1:22_293_DF_DCIS_INDDEMOG1_1(1.0),A,ITE32,GROWTHRATET,2020,-6.5,,,,TIPO_DATO15__GROWTHRATET_N1,,,
IT1:22_293_DF_DCIS_INDDEMOG1_1(1.0),A,ITE32,GROWTHRATET,2021,-5.8,,,,TIPO_DATO15__GROWTHRATET_N1,,,
IT1:22_293_DF_DCIS_INDDEMOG1_1(1.0),A,ITE32,GROWTHRATET,2022,-0.1,,,,TIPO_DATO15__GROWTHRATET_N1,,,
IT1:22_293_DF_DCIS_INDDEMOG1_1(1.0),A,ITE32,GROWTHRATET,2023,-0.1,,,,TIPO_DATO15__GROWTHRATET_N1,,,
IT1:22_293_DF_DCIS_INDDEMOG1_1(1.0),A,ITE32,GROWTHRATET,2024,-0.3,,,,TIPO_DATO15__GROWTHRATET_N1,,,
IT1:22_293_DF_DCIS_INDDEMOG1_1(1.0),A,ITE32,GROWTHRATET,2025,0.2,p,,,TIPO_DATO15__GROWTHRATET_N1,,,
IT1:22_293_DF_DCIS_INDDEMOG1_1(1.0),A,ITE33,GROWTHRATET,2015,-5.7,,,,TIPO_DATO15__GROWTHRATET_N1,,,
IT1:22_293_DF_DCIS_INDDEMOG1_1(1.0),A,ITE33,GROWTHRATET,2016,-4.8,,,,TIPO_DATO15__GROWTHRATET_N1,,,
IT1:22_293_DF_DCIS_INDDEMOG1_1(1.0),A,ITE33,GROWTHRATET,2017,-8.2,,,,TIPO_DATO15__GROWTHRATET_N1,,,
IT1:22_293_DF_DCIS_INDDEMOG1_1(1.0),A,ITE33,GROWTHRATET,2018,-6.1,,,,TIPO_DATO15__GROWTHRATET_N1,,,
IT1:22_293_DF_DCIS_INDDEMOG1_1(1.0),A,ITE33,GROWTHRATET,2019,-7.2,,,,TIPO_DATO15__GROWTHRATET_N1,,,
IT1:22_293_DF_DCIS_INDDEMOG1_1(1.0),A,ITE33,GROWTHRATET,2020,-10.9,,,,TIPO_DATO15__GROWTHRATET_N1,,,
IT1:22_293_DF_DCIS_INDDEMOG1_1(1.0),A,ITE33,GROWTHRATET,2021,-8,,,,TIPO_DATO15__GROWTHRATET_N1,,,
IT1:22_293_DF_DCIS_INDDEMOG1_1(1.0),A,ITE33,GROWTHRATET,2022,-3.8,,,,TIPO_DATO15__GROWTHRATET_N1,,,
IT1:22_293_DF_DCIS_INDDEMOG1_1(1.0),A,ITE33,GROWTHRATET,2023,-2.8,,,,TIPO_DATO15__GROWTHRATET_N1,,,
IT1:22_293_DF_DCIS_INDDEMOG1_1(1.0),A,ITE33,GROWTHRATET,2024,-3.2,,,,TIPO_DATO15__GROWTHRATET_N1,,,
IT1:22_293_DF_DCIS_INDDEMOG1_1(1.0),A,ITE33,GROWTHRATET,2025,-1.1,p,,,TIPO_DATO15__GROWTHRATET_N1,,,
IT1:22_293_DF_DCIS_INDDEMOG1_1(1.0),A,ITE34,GROWTHRATET,2015,-5.1,,,,TIPO_DATO15__GROWTHRATET_N1,,,
IT1:22_293_DF_DCIS_INDDEMOG1_1(1.0),A,ITE34,GROWTHRATET,2016,-3,,,,TIPO_DATO15__GROWTHRATET_N1,,,
IT1:22_293_DF_DCIS_INDDEMOG1_1(1.0),A,ITE34,GROWTHRATET,2017,-4.8,,,,TIPO_DATO15__GROWTHRATET_N1,,,
IT1:22_293_DF_DCIS_INDDEMOG1_1(1.0),A,ITE34,GROWTHRATET,2018,-5.4,,,,TIPO_DATO15__GROWTHRATET_N1,,,
IT1:22_293_DF_DCIS_INDDEMOG1_1(1.0),A,ITE34,GROWTHRATET,2019,-5.5,,,,TIPO_DATO15__GROWTHRATET_N1,,,
IT1:22_293_DF_DCIS_INDDEMOG1_1(1.0),A,ITE34,GROWTHRATET,2020,-13.4,,,,TIPO_DATO15__GROWTHRATET_N1,,,
IT1:22_293_DF_DCIS_INDDEMOG1_1(1.0),A,ITE34,GROWTHRATET,2021,-5.2,,,,TIPO_DATO15__GROWTHRATET_N1,,,
IT1:22_293_DF_DCIS_INDDEMOG1_1(1.0),A,ITE34,GROWTHRATET,2022,-4.5,,,,TIPO_DATO15__GROWTHRATET_N1,,,
IT1:22_293_DF_DCIS_INDDEMOG1_1(1.0),A,ITE34,GROWTHRATET,2023,-2.7,,,,TIPO_DATO15__GROWTHRATET_N1,,,
IT1:22_293_DF_DCIS_INDDEMOG1_1(1.0),A,ITE34,GROWTHRATET,2024,-2,,,,TIPO_DATO15__GROWTHRATET_N1,,,
IT1:22_293_DF_DCIS_INDDEMOG1_1(1.0),A,ITE34,GROWTHRATET,2025,-1.5,p,,,TIPO_DATO15__GROWTHRATET_N1,,,
IT1:22_293_DF_DCIS_INDDEMOG1_1(1.0),A,ITE4,GROWTHRATET,2015,2.9,,,,TIPO_DATO15__GROWTHRATET_N1,,,
IT1:22_293_DF_DCIS_INDDEMOG1_1(1.0),A,ITE4,GROWTHRATET,2016,2.2,,,,TIPO_DATO15__GROWTHRATET_N1,,,
IT1:22_293_DF_DCIS_INDDEMOG1_1(1.0),A,ITE4,GROWTHRATET,2017,0.1,,,,TIPO_DATO15__GROWTHRATET_N1,,,
IT1:22_293_DF_DCIS_INDDEMOG1_1(1.0),A,ITE4,GROWTHRATET,2018,-0.3,,,,TIPO_DATO15__GROWTHRATET_N1,,,
IT1:22_293_DF_DCIS_INDDEMOG1_1(1.0),A,ITE4,GROWTHRATET,2019,-3,,,,TIPO_DATO15__GROWTHRATET_N1,,,
IT1:22_293_DF_DCIS_INDDEMOG1_1(1.0),A,ITE4,GROWTHRATET,2020,-4.5,,,,TIPO_DATO15__GROWTHRATET_N1,,,
IT1:22_293_DF_DCIS_INDDEMOG1_1(1.0),A,ITE4,GROWTHRATET,2021,-2.7,,,,TIPO_DATO15__GROWTHRATET_N1,,,
IT1:22_293_DF_DCIS_INDDEMOG1_1(1.0),A,ITE4,GROWTHRATET,2022,1,,,,TIPO_DATO15__GROWTHRATET_N1,,,
IT1:22_293_DF_DCIS_INDDEMOG1_1(1.0),A,ITE4,GROWTHRATET,2023,-0.9,,,,TIPO_DATO15__GROWTHRATET_N1,,,
IT1:22_293_DF_DCIS_INDDEMOG1_1(1.0),A,ITE4,GROWTHRATET,2024,-1,,,,TIPO_DATO15__GROWTHRATET_N1,,,
IT1:22_293_DF_DCIS_INDDEMOG1_1(1.0),A,ITE4,GROWTHRATET,2025,0,p,,,TIPO_DATO15__GROWTHRATET_N1,,,
IT1:22_293_DF_DCIS_INDDEMOG1_1(1.0),A,ITE41,GROWTHRATET,2015,-5.1,,,,TIPO_DATO15__GROWTHRATET_N1,,,
IT1:22_293_DF_DCIS_INDDEMOG1_1(1.0),A,ITE41,GROWTHRATET,2016,-5.3,,,,TIPO_DATO15__GROWTHRATET_N1,,,
IT1:22_293_DF_DCIS_INDDEMOG1_1(1.0),A,ITE41,GROWTHRATET,2017,-3.2,,,,TIPO_DATO15__GROWTHRATET_N1,,,
IT1:22_293_DF_DCIS_INDDEMOG1_1(1.0),A,ITE41,GROWTHRATET,2018,-4,,,,TIPO_DATO15__GROWTHRATET_N1,,,
IT1:22_293_DF_DCIS_INDDEMOG1_1(1.0),A,ITE41,GROWTHRATET,2019,-6.3,,,,TIPO_DATO15__GROWTHRATET_N1,,,
IT1:22_293_DF_DCIS_INDDEMOG1_1(1.0),A,ITE41,GROWTHRATET,2020,-3.1,,,,TIPO_DATO15__GROWTHRATET_N1,,,
IT1:22_293_DF_DCIS_INDDEMOG1_1(1.0),A,ITE41,GROWTHRATET,2021,-0.3,,,,TIPO_DATO15__GROWTHRATET_N1,,,
IT1:22_293_DF_DCIS_INDDEMOG1_1(1.0),A,ITE41,GROWTHRATET,2022,-1.9,,,,TIPO_DATO15__GROWTHRATET_N1,,,
IT1:22_293_DF_DCIS_INDDEMOG1_1(1.0),A,ITE41,GROWTHRATET,2023,-1.5,,,,TIPO_DATO15__GROWTHRATET_N1,,,
IT1:22_293_DF_DCIS_INDDEMOG1_1(1.0),A,ITE41,GROWTHRATET,2024,-0.9,,,,TIPO_DATO15__GROWTHRATET_N1,,,
IT1:22_293_DF_DCIS_INDDEMOG1_1(1.0),A,ITE41,GROWTHRATET,2025,1.3,p,,,TIPO_DATO15__GROWTHRATET_N1,,,
IT1:22_293_DF_DCIS_INDDEMOG1_1(1.0),A,ITE42,GROWTHRATET,2015,-3.9,,,,TIPO_DATO15__GROWTHRATET_N1,,,
IT1:22_293_DF_DCIS_INDDEMOG1_1(1.0),A,ITE42,GROWTHRATET,2016,-6.4,,,,TIPO_DATO15__GROWTHRATET_N1,,,
IT1:22_293_DF_DCIS_INDDEMOG1_1(1.0),A,ITE42,GROWTHRATET,2017,-6.7,,,,TIPO_DATO15__GROWTHRATET_N1,,,
IT1:22_293_DF_DCIS_INDDEMOG1_1(1.0),A,ITE42,GROWTHRATET,2018,-8.4,,,,TIPO_DATO15__GROWTHRATET_N1,,,
IT1:22_293_DF_DCIS_INDDEMOG1_1(1.0),A,ITE42,GROWTHRATET,2019,-6.8,,,,TIPO_DATO15__GROWTHRATET_N1,,,
IT1:22_293_DF_DCIS_INDDEMOG1_1(1.0),A,ITE42,GROWTHRATET,2020,-7.7,,,,TIPO_DATO15__GROWTHRATET_N1,,,
IT1:22_293_DF_DCIS_INDDEMOG1_1(1.0),A,ITE42,GROWTHRATET,2021,-1.3,,,,TIPO_DATO15__GROWTHRATET_N1,,,
IT1:22_293_DF_DCIS_INDDEMOG1_1(1.0),A,ITE42,GROWTHRATET,2022,-4.5,,,,TIPO_DATO15__GROWTHRATET_N1,,,
IT1:22_293_DF_DCIS_INDDEMOG1_1(1.0),A,ITE42,GROWTHRATET,2023,-3.1,,,,TIPO_DATO15__GROWTHRATET_N1,,,
IT1:22_293_DF_DCIS_INDDEMOG1_1(1.0),A,ITE42,GROWTHRATET,2024,-1.5,,,,TIPO_DATO15__GROWTHRATET_N1,,,
IT1:22_293_DF_DCIS_INDDEMOG1_1(1.0),A,ITE42,GROWTHRATET,2025,-2.9,p,,,TIPO_DATO15__GROWTHRATET_N1,,,
IT1:22_293_DF_DCIS_INDDEMOG1_1(1.0),A,ITE43,GROWTHRATET,2015,4.8,,,,TIPO_DATO15__GROWTHRATET_N1,,,
IT1:22_293_DF_DCIS_INDDEMOG1_1(1.0),A,ITE43,GROWTHRATET,2016,4.1,,,,TIPO_DATO15__GROWTHRATET_N1,,,
IT1:22_293_DF_DCIS_INDDEMOG1_1(1.0),A,ITE43,GROWTHRATET,2017,1.3,,,,TIPO_DATO15__GROWTHRATET_N1,,,
IT1:22_293_DF_DCIS_INDDEMOG1_1(1.0),A,ITE43,GROWTHRATET,2018,1,,,,TIPO_DATO15__GROWTHRATET_N1,,,
IT1:22_293_DF_DCIS_INDDEMOG1_1(1.0),A,ITE43,GROWTHRATET,2019,-2.4,,,,TIPO_DATO15__GROWTHRATET_N1,,,
IT1:22_293_DF_DCIS_INDDEMOG1_1(1.0),A,ITE43,GROWTHRATET,2020,-5.1,,,,TIPO_DATO15__GROWTHRATET_N1,,,
IT1:22_293_DF_DCIS_INDDEMOG1_1(1.0),A,ITE43,GROWTHRATET,2021,-3.4,,,,TIPO_DATO15__GROWTHRATET_N1,,,
IT1:22_293_DF_DCIS_INDDEMOG1_1(1.0),A,ITE43,GROWTHRATET,2022,2.4,,,,TIPO_DATO15__GROWTHRATET_N1,,,
IT1:22_293_DF_DCIS_INDDEMOG1_1(1.0),A,ITE43,GROWTHRATET,2023,-0.4,,,,TIPO_DATO15__GROWTHRATET_N1,,,
IT1:22_293_DF_DCIS_INDDEMOG1_1(1.0),A,ITE43,GROWTHRATET,2024,-0.7,,,,TIPO_DATO15__GROWTHRATET_N1,,,
IT1:22_293_DF_DCIS_INDDEMOG1_1(1.0),A,ITE43,GROWTHRATET,2025,0.5,p,,,TIPO_DATO15__GROWTHRATET_N1,,,
IT1:22_293_DF_DCIS_INDDEMOG1_1(1.0),A,ITE44,GROWTHRATET,2015,2,,,,TIPO_DATO15__GROWTHRATET_N1,,,
IT1:22_293_DF_DCIS_INDDEMOG1_1(1.0),A,ITE44,GROWTHRATET,2016,0.5,,,,TIPO_DATO15__GROWTHRATET_N1,,,
IT1:22_293_DF_DCIS_INDDEMOG1_1(1.0),A,ITE44,GROWTHRATET,2017,0.5,,,,TIPO_DATO15__GROWTHRATET_N1,,,
IT1:22_293_DF_DCIS_INDDEMOG1_1(1.0),A,ITE44,GROWTHRATET,2018,-1.6,,,,TIPO_DATO15__GROWTHRATET_N1,,,
IT1:22_293_DF_DCIS_INDDEMOG1_1(1.0),A,ITE44,GROWTHRATET,2019,-1.3,,,,TIPO_DATO15__GROWTHRATET_N1,,,
IT1:22_293_DF_DCIS_INDDEMOG1_1(1.0),A,ITE44,GROWTHRATET,2020,6.5,,,,TIPO_DATO15__GROWTHRATET_N1,,,
IT1:22_293_DF_DCIS_INDDEMOG1_1(1.0),A,ITE44,GROWTHRATET,2021,2.1,,,,TIPO_DATO15__GROWTHRATET_N1,,,
IT1:22_293_DF_DCIS_INDDEMOG1_1(1.0),A,ITE44,GROWTHRATET,2022,-0.8,,,,TIPO_DATO15__GROWTHRATET_N1,,,
IT1:22_293_DF_DCIS_INDDEMOG1_1(1.0),A,ITE44,GROWTHRATET,2023,-0.2,,,,TIPO_DATO15__GROWTHRATET_N1,,,
IT1:22_293_DF_DCIS_INDDEMOG1_1(1.0),A,ITE44,GROWTHRATET,2024,-0.3,,,,TIPO_DATO15__GROWTHRATET_N1,,,
IT1:22_293_DF_DCIS_INDDEMOG1_1(1.0),A,ITE44,GROWTHRATET,2025,0.8,p,,,TIPO_DATO15__GROWTHRATET_N1,,,
IT1:22_293_DF_DCIS_INDDEMOG1_1(1.0),A,ITE45,GROWTHRATET,2015,-5.2,,,,TIPO_DATO15__GROWTHRATET_N1,,,
IT1:22_293_DF_DCIS_INDDEMOG1_1(1.0),A,ITE45,GROWTHRATET,2016,-5.3,,,,TIPO_DATO15__GROWTHRATET_N1,,,
IT1:22_293_DF_DCIS_INDDEMOG1_1(1.0),A,ITE45,GROWTHRATET,2017,-6.4,,,,TIPO_DATO15__GROWTHRATET_N1,,,
IT1:22_293_DF_DCIS_INDDEMOG1_1(1.0),A,ITE45,GROWTHRATET,2018,-4.5,,,,TIPO_DATO15__GROWTHRATET_N1,,,
IT1:22_293_DF_DCIS_INDDEMOG1_1(1.0),A,ITE45,GROWTHRATET,2019,-7.3,,,,TIPO_DATO15__GROWTHRATET_N1,,,
IT1:22_293_DF_DCIS_INDDEMOG1_1(1.0),A,ITE45,GROWTHRATET,2020,-10.4,,,,TIPO_DATO15__GROWTHRATET_N1,,,
IT1:22_293_DF_DCIS_INDDEMOG1_1(1.0),A,ITE45,GROWTHRATET,2021,-3.9,,,,TIPO_DATO15__GROWTHRATET_N1,,,
IT1:22_293_DF_DCIS_INDDEMOG1_1(1.0),A,ITE45,GROWTHRATET,2022,-6,,,,TIPO_DATO15__GROWTHRATET_N1,,,
IT1:22_293_DF_DCIS_INDDEMOG1_1(1.0),A,ITE45,GROWTHRATET,2023,-6.5,,,,TIPO_DATO15__GROWTHRATET_N1,,,
IT1:22_293_DF_DCIS_INDDEMOG1_1(1.0),A,ITE45,GROWTHRATET,2024,-4.6,,,,TIPO_DATO15__GROWTHRATET_N1,,,
IT1:22_293_DF_DCIS_INDDEMOG1_1(1.0),A,ITE45,GROWTHRATET,2025,-5.2,p,,,TIPO_DATO15__GROWTHRATET_N1,,,
IT1:22_293_DF_DCIS_INDDEMOG1_1(1.0),A,ITF,GROWTHRATET,2015,-3.8,,,,TIPO_DATO15__GROWTHRATET_N1,,,
IT1:22_293_DF_DCIS_INDDEMOG1_1(1.0),A,ITF,GROWTHRATET,2016,-3.7,,,,TIPO_DATO15__GROWTHRATET_N1,,,
IT1:22_293_DF_DCIS_INDDEMOG1_1(1.0),A,ITF,GROWTHRATET,2017,-4.4,,,,TIPO_DATO15__GROWTHRATET_N1,,,
IT1:22_293_DF_DCIS_INDDEMOG1_1(1.0),A,ITF,GROWTHRATET,2018,-5.3,,,,TIPO_DATO15__GROWTHRATET_N1,,,
IT1:22_293_DF_DCIS_INDDEMOG1_1(1.0),A,ITF,GROWTHRATET,2019,-6,,,,TIPO_DATO15__GROWTHRATET_N1,,,
IT1:22_293_DF_DCIS_INDDEMOG1_1(1.0),A,ITF,GROWTHRATET,2020,-12.4,,,,TIPO_DATO15__GROWTHRATET_N1,,,
IT1:22_293_DF_DCIS_INDDEMOG1_1(1.0),A,ITF,GROWTHRATET,2021,-2,,,,TIPO_DATO15__GROWTHRATET_N1,,,
IT1:22_293_DF_DCIS_INDDEMOG1_1(1.0),A,ITF,GROWTHRATET,2022,-3.5,,,,TIPO_DATO15__GROWTHRATET_N1,,,
IT1:22_293_DF_DCIS_INDDEMOG1_1(1.0),A,ITF,GROWTHRATET,2023,-3.7,,,,TIPO_DATO15__GROWTHRATET_N1,,,
IT1:22_293_DF_DCIS_INDDEMOG1_1(1.0),A,ITF,GROWTHRATET,2024,-2.5,,,,TIPO_DATO15__GROWTHRATET_N1,,,
IT1:22_293_DF_DCIS_INDDEMOG1_1(1.0),A,ITF,GROWTHRATET,2025,-3.1,p,,,TIPO_DATO15__GROWTHRATET_N1,,,
IT1:22_293_DF_DCIS_INDDEMOG1_1(1.0),A,ITF1,GROWTHRATET,2015,-4.9,,,,TIPO_DATO15__GROWTHRATET_N1,,,
IT1:22_293_DF_DCIS_INDDEMOG1_1(1.0),A,ITF1,GROWTHRATET,2016,-4.1,,,,TIPO_DATO15__GROWTHRATET_N1,,,
IT1:22_293_DF_DCIS_INDDEMOG1_1(1.0),A,ITF1,GROWTHRATET,2017,-6,,,,TIPO_DATO15__GROWTHRATET_N1,,,
IT1:22_293_DF_DCIS_INDDEMOG1_1(1.0),A,ITF1,GROWTHRATET,2018,-4.2,,,,TIPO_DATO15__GROWTHRATET_N1,,,
IT1:22_293_DF_DCIS_INDDEMOG1_1(1.0),A,ITF1,GROWTHRATET,2019,-5.2,,,,TIPO_DATO15__GROWTHRATET_N1,,,
IT1:22_293_DF_DCIS_INDDEMOG1_1(1.0),A,ITF1,GROWTHRATET,2020,-10.1,,,,TIPO_DATO15__GROWTHRATET_N1,,,
IT1:22_293_DF_DCIS_INDDEMOG1_1(1.0),A,ITF1,GROWTHRATET,2021,-4,,,,TIPO_DATO15__GROWTHRATET_N1,,,
IT1:22_293_DF_DCIS_INDDEMOG1_1(1.0),A,ITF1,GROWTHRATET,2022,-2.6,,,,TIPO_DATO15__GROWTHRATET_N1,,,
IT1:22_293_DF_DCIS_INDDEMOG1_1(1.0),A,ITF1,GROWTHRATET,2023,-2.4,,,,TIPO_DATO15__GROWTHRATET_N1,,,
IT1:22_293_DF_DCIS_INDDEMOG1_1(1.0),A,ITF1,GROWTHRATET,2024,-0.4,,,,TIPO_DATO15__GROWTHRATET_N1,,,
IT1:22_293_DF_DCIS_INDDEMOG1_1(1.0),A,ITF1,GROWTHRATET,2025,-1.5,p,,,TIPO_DATO15__GROWTHRATET_N1,,,
IT1:22_293_DF_DCIS_INDDEMOG1_1(1.0),A,ITF11,GROWTHRATET,2015,-6,,,,TIPO_DATO15__GROWTHRATET_N1,,,
IT1:22_293_DF_DCIS_INDDEMOG1_1(1.0),A,ITF11,GROWTHRATET,2016,-5.1,,,,TIPO_DATO15__GROWTHRATET_N1,,,
IT1:22_293_DF_DCIS_INDDEMOG1_1(1.0),A,ITF11,GROWTHRATET,2017,-5.6,,,,TIPO_DATO15__GROWTHRATET_N1,,,
IT1:22_293_DF_DCIS_INDDEMOG1_1(1.0),A,ITF11,GROWTHRATET,2018,-5.9,,,,TIPO_DATO15__GROWTHRATET_N1,,,
IT1:22_293_DF_DCIS_INDDEMOG1_1(1.0),A,ITF11,GROWTHRATET,2019,-8.4,,,,TIPO_DATO15__GROWTHRATET_N1,,,
IT1:22_293_DF_DCIS_INDDEMOG1_1(1.0),A,ITF11,GROWTHRATET,2020,-13.8,,,,TIPO_DATO15__GROWTHRATET_N1,,,
IT1:22_293_DF_DCIS_INDDEMOG1_1(1.0),A,ITF11,GROWTHRATET,2021,-6.4,,,,TIPO_DATO15__GROWTHRATET_N1,,,
IT1:22_293_DF_DCIS_INDDEMOG1_1(1.0),A,ITF11,GROWTHRATET,2022,-4,,,,TIPO_DATO15__GROWTHRATET_N1,,,
IT1:22_293_DF_DCIS_INDDEMOG1_1(1.0),A,ITF11,GROWTHRATET,2023,-3.4,,,,TIPO_DATO15__GROWTHRATET_N1,,,
IT1:22_293_DF_DCIS_INDDEMOG1_1(1.0),A,ITF11,GROWTHRATET,2024,-0.4,,,,TIPO_DATO15__GROWTHRATET_N1,,,
IT1:22_293_DF_DCIS_INDDEMOG1_1(1.0),A,ITF11,GROWTHRATET,2025,0.2,p,,,TIPO_DATO15__GROWTHRATET_N1,,,
IT1:22_293_DF_DCIS_INDDEMOG1_1(1.0),A,ITF12,GROWTHRATET,2015,-4.4,,,,TIPO_DATO15__GROWTHRATET_N1,,,
IT1:22_293_DF_DCIS_INDDEMOG1_1(1.0),A,ITF12,GROWTHRATET,2016,-2.1,,,,TIPO_DATO15__GROWTHRATET_N1,,,
IT1:22_293_DF_DCIS_INDDEMOG1_1(1.0),A,ITF12,GROWTHRATET,2017,-5.8,,,,TIPO_DATO15__GROWTHRATET_N1,,,
IT1:22_293_DF_DCIS_INDDEMOG1_1(1.0),A,ITF12,GROWTHRATET,2018,-2,,,,TIPO_DATO15__GROWTHRATET_N1,,,
IT1:22_293_DF_DCIS_INDDEMOG1_1(1.0),A,ITF12,GROWTHRATET,2019,-4.6,,,,TIPO_DATO15__GROWTHRATET_N1,,,
IT1:22_293_DF_DCIS_INDDEMOG1_1(1.0),A,ITF12,GROWTHRATET,2020,-9.2,,,,TIPO_DATO15__GROWTHRATET_N1,,,
IT1:22_293_DF_DCIS_INDDEMOG1_1(1.0),A,ITF12,GROWTHRATET,2021,-4.9,,,,TIPO_DATO15__GROWTHRATET_N1,,,
IT1:22_293_DF_DCIS_INDDEMOG1_1(1.0),A,ITF12,GROWTHRATET,2022,-1.9,,,,TIPO_DATO15__GROWTHRATET_N1,,,
IT1:22_293_DF_DCIS_INDDEMOG1_1(1.0),A,ITF12,GROWTHRATET,2023,0.7,,,,TIPO_DATO15__GROWTHRATET_N1,,,
IT1:22_293_DF_DCIS_INDDEMOG1_1(1.0),A,ITF12,GROWTHRATET,2024,2.6,,,,TIPO_DATO15__GROWTHRATET_N1,,,
IT1:22_293_DF_DCIS_INDDEMOG1_1(1.0),A,ITF12,GROWTHRATET,2025,-0.7,p,,,TIPO_DATO15__GROWTHRATET_N1,,,
IT1:22_293_DF_DCIS_INDDEMOG1_1(1.0),A,ITF13,GROWTHRATET,2015,-3.5,,,,TIPO_DATO15__GROWTHRATET_N1,,,
IT1:22_293_DF_DCIS_INDDEMOG1_1(1.0),A,ITF13,GROWTHRATET,2016,-2.2,,,,TIPO_DATO15__GROWTHRATET_N1,,,
IT1:22_293_DF_DCIS_INDDEMOG1_1(1.0),A,ITF13,GROWTHRATET,2017,-6.2,,,,TIPO_DATO15__GROWTHRATET_N1,,,
IT1:22_293_DF_DCIS_INDDEMOG1_1(1.0),A,ITF13,GROWTHRATET,2018,-2.1,,,,TIPO_DATO15__GROWTHRATET_N1,,,
IT1:22_293_DF_DCIS_INDDEMOG1_1(1.0),A,ITF13,GROWTHRATET,2019,-3.1,,,,TIPO_DATO15__GROWTHRATET_N1,,,
IT1:22_293_DF_DCIS_INDDEMOG1_1(1.0),A,ITF13,GROWTHRATET,2020,-7.9,,,,TIPO_DATO15__GROWTHRATET_N1,,,
IT1:22_293_DF_DCIS_INDDEMOG1_1(1.0),A,ITF13,GROWTHRATET,2021,-0.8,,,,TIPO_DATO15__GROWTHRATET_N1,,,
IT1:22_293_DF_DCIS_INDDEMOG1_1(1.0),A,ITF13,GROWTHRATET,2022,-1.7,,,,TIPO_DATO15__GROWTHRATET_N1,,,
IT1:22_293_DF_DCIS_INDDEMOG1_1(1.0),A,ITF13,GROWTHRATET,2023,-2.7,,,,TIPO_DATO15__GROWTHRATET_N1,,,
IT1:22_293_DF_DCIS_INDDEMOG1_1(1.0),A,ITF13,GROWTHRATET,2024,-1.2,,,,TIPO_DATO15__GROWTHRATET_N1,,,
IT1:22_293_DF_DCIS_INDDEMOG1_1(1.0),A,ITF13,GROWTHRATET,2025,-1,p,,,TIPO_DATO15__GROWTHRATET_N1,,,
IT1:22_293_DF_DCIS_INDDEMOG1_1(1.0),A,ITF14,GROWTHRATET,2015,-5.8,,,,TIPO_DATO15__GROWTHRATET_N1,,,
IT1:22_293_DF_DCIS_INDDEMOG1_1(1.0),A,ITF14,GROWTHRATET,2016,-6.4,,,,TIPO_DATO15__GROWTHRATET_N1,,,
IT1:22_293_DF_DCIS_INDDEMOG1_1(1.0),A,ITF14,GROWTHRATET,2017,-6.3,,,,TIPO_DATO15__GROWTHRATET_N1,,,
IT1:22_293_DF_DCIS_INDDEMOG1_1(1.0),A,ITF14,GROWTHRATET,2018,-6.2,,,,TIPO_DATO15__GROWTHRATET_N1,,,
IT1:22_293_DF_DCIS_INDDEMOG1_1(1.0),A,ITF14,GROWTHRATET,2019,-4.8,,,,TIPO_DATO15__GROWTHRATET_N1,,,
IT1:22_293_DF_DCIS_INDDEMOG1_1(1.0),A,ITF14,GROWTHRATET,2020,-9.6,,,,TIPO_DATO15__GROWTHRATET_N1,,,
IT1:22_293_DF_DCIS_INDDEMOG1_1(1.0),A,ITF14,GROWTHRATET,2021,-4,,,,TIPO_DATO15__GROWTHRATET_N1,,,
IT1:22_293_DF_DCIS_INDDEMOG1_1(1.0),A,ITF14,GROWTHRATET,2022,-2.9,,,,TIPO_DATO15__GROWTHRATET_N1,,,
IT1:22_293_DF_DCIS_INDDEMOG1_1(1.0),A,ITF14,GROWTHRATET,2023,-3.8,,,,TIPO_DATO15__GROWTHRATET_N1,,,
IT1:22_293_DF_DCIS_INDDEMOG1_1(1.0),A,ITF14,GROWTHRATET,2024,-2,,,,TIPO_DATO15__GROWTHRATET_N1,,,
IT1:22_293_DF_DCIS_INDDEMOG1_1(1.0),A,ITF14,GROWTHRATET,2025,-3.9,p,,,TIPO_DATO15__GROWTHRATET_N1,,,
IT1:22_293_DF_DCIS_INDDEMOG1_1(1.0),A,ITF2,GROWTHRATET,2015,-4.4,,,,TIPO_DATO15__GROWTHRATET_N1,,,
IT1:22_293_DF_DCIS_INDDEMOG1_1(1.0),A,ITF2,GROWTHRATET,2016,-5.3,,,,TIPO_DATO15__GROWTHRATET_N1,,,
IT1:22_293_DF_DCIS_INDDEMOG1_1(1.0),A,ITF2,GROWTHRATET,2017,-6,,,,TIPO_DATO15__GROWTHRATET_N1,,,
IT1:22_293_DF_DCIS_INDDEMOG1_1(1.0),A,ITF2,GROWTHRATET,2018,-9.1,,,,TIPO_DATO15__GROWTHRATET_N1,,,
IT1:22_293_DF_DCIS_INDDEMOG1_1(1.0),A,ITF2,GROWTHRATET,2019,-10.7,,,,TIPO_DATO15__GROWTHRATET_N1,,,
IT1:22_293_DF_DCIS_INDDEMOG1_1(1.0),A,ITF2,GROWTHRATET,2020,-21,,,,TIPO_DATO15__GROWTHRATET_N1,,,
IT1:22_293_DF_DCIS_INDDEMOG1_1(1.0),A,ITF2,GROWTHRATET,2021,-7.4,,,,TIPO_DATO15__GROWTHRATET_N1,,,
IT1:22_293_DF_DCIS_INDDEMOG1_1(1.0),A,ITF2,GROWTHRATET,2022,-5.2,,,,TIPO_DATO15__GROWTHRATET_N1,,,
IT1:22_293_DF_DCIS_INDDEMOG1_1(1.0),A,ITF2,GROWTHRATET,2023,-4.9,,,,TIPO_DATO15__GROWTHRATET_N1,,,
IT1:22_293_DF_DCIS_INDDEMOG1_1(1.0),A,ITF2,GROWTHRATET,2024,-4.9,,,,TIPO_DATO15__GROWTHRATET_N1,,,
IT1:22_293_DF_DCIS_INDDEMOG1_1(1.0),A,ITF2,GROWTHRATET,2025,-6.5,p,,,TIPO_DATO15__GROWTHRATET_N1,,,
IT1:22_293_DF_DCIS_INDDEMOG1_1(1.0),A,ITF21,GROWTHRATET,2015,-4.9,,,,TIPO_DATO15__GROWTHRATET_N1,,,
IT1:22_293_DF_DCIS_INDDEMOG1_1(1.0),A,ITF21,GROWTHRATET,2016,-6.7,,,,TIPO_DATO15__GROWTHRATET_N1,,,
IT1:22_293_DF_DCIS_INDDEMOG1_1(1.0),A,ITF21,GROWTHRATET,2017,-6.2,,,,TIPO_DATO15__GROWTHRATET_N1,,,
IT1:22_293_DF_DCIS_INDDEMOG1_1(1.0),A,ITF21,GROWTHRATET,2018,-11.2,,,,TIPO_DATO15__GROWTHRATET_N1,,,
IT1:22_293_DF_DCIS_INDDEMOG1_1(1.0),A,ITF21,GROWTHRATET,2019,-10.4,,,,TIPO_DATO15__GROWTHRATET_N1,,,
IT1:22_293_DF_DCIS_INDDEMOG1_1(1.0),A,ITF21,GROWTHRATET,2020,-21.1,,,,TIPO_DATO15__GROWTHRATET_N1,,,
IT1:22_293_DF_DCIS_INDDEMOG1_1(1.0),A,ITF21,GROWTHRATET,2021,-10.5,,,,TIPO_DATO15__GROWTHRATET_N1,,,
IT1:22_293_DF_DCIS_INDDEMOG1_1(1.0),A,ITF21,GROWTHRATET,2022,-8.1,,,,TIPO_DATO15__GROWTHRATET_N1,,,
IT1:22_293_DF_DCIS_INDDEMOG1_1(1.0),A,ITF21,GROWTHRATET,2023,-8.5,,,,TIPO_DATO15__GROWTHRATET_N1,,,
IT1:22_293_DF_DCIS_INDDEMOG1_1(1.0),A,ITF21,GROWTHRATET,2024,-6.1,,,,TIPO_DATO15__GROWTHRATET_N1,,,
IT1:22_293_DF_DCIS_INDDEMOG1_1(1.0),A,ITF21,GROWTHRATET,2025,-6.9,p,,,TIPO_DATO15__GROWTHRATET_N1,,,
IT1:22_293_DF_DCIS_INDDEMOG1_1(1.0),A,ITF22,GROWTHRATET,2015,-4.2,,,,TIPO_DATO15__GROWTHRATET_N1,,,
IT1:22_293_DF_DCIS_INDDEMOG1_1(1.0),A,ITF22,GROWTHRATET,2016,-4.7,,,,TIPO_DATO15__GROWTHRATET_N1,,,
IT1:22_293_DF_DCIS_INDDEMOG1_1(1.0),A,ITF22,GROWTHRATET,2017,-5.9,,,,TIPO_DATO15__GROWTHRATET_N1,,,
IT1:22_293_DF_DCIS_INDDEMOG1_1(1.0),A,ITF22,GROWTHRATET,2018,-8.3,,,,TIPO_DATO15__GROWTHRATET_N1,,,
IT1:22_293_DF_DCIS_INDDEMOG1_1(1.0),A,ITF22,GROWTHRATET,2019,-11,,,,TIPO_DATO15__GROWTHRATET_N1,,,
IT1:22_293_DF_DCIS_INDDEMOG1_1(1.0),A,ITF22,GROWTHRATET,2020,-20.8,,,,TIPO_DATO15__GROWTHRATET_N1,,,
IT1:22_293_DF_DCIS_INDDEMOG1_1(1.0),A,ITF22,GROWTHRATET,2021,-6.2,,,,TIPO_DATO15__GROWTHRATET_N1,,,
IT1:22_293_DF_DCIS_INDDEMOG1_1(1.0),A,ITF22,GROWTHRATET,2022,-4.1,,,,TIPO_DATO15__GROWTHRATET_N1,,,
IT1:22_293_DF_DCIS_INDDEMOG1_1(1.0),A,ITF22,GROWTHRATET,2023,-3.6,,,,TIPO_DATO15__GROWTHRATET_N1,,,
IT1:22_293_DF_DCIS_INDDEMOG1_1(1.0),A,ITF22,GROWTHRATET,2024,-4.4,,,,TIPO_DATO15__GROWTHRATET_N1,,,
IT1:22_293_DF_DCIS_INDDEMOG1_1(1.0),A,ITF22,GROWTHRATET,2025,-6.4,p,,,TIPO_DATO15__GROWTHRATET_N1,,,
IT1:22_293_DF_DCIS_INDDEMOG1_1(1.0),A,ITF3,GROWTHRATET,2015,-2.3,,,,TIPO_DATO15__GROWTHRATET_N1,,,
IT1:22_293_DF_DCIS_INDDEMOG1_1(1.0),A,ITF3,GROWTHRATET,2016,-2.4,,,,TIPO_DATO15__GROWTHRATET_N1,,,
IT1:22_293_DF_DCIS_INDDEMOG1_1(1.0),A,ITF3,GROWTHRATET,2017,-2.4,,,,TIPO_DATO15__GROWTHRATET_N1,,,
IT1:22_293_DF_DCIS_INDDEMOG1_1(1.0),A,ITF3,GROWTHRATET,2018,-3.9,,,,TIPO_DATO15__GROWTHRATET_N1,,,
IT1:22_293_DF_DCIS_INDDEMOG1_1(1.0),A,ITF3,GROWTHRATET,2019,-4.9,,,,TIPO_DATO15__GROWTHRATET_N1,,,
IT1:22_293_DF_DCIS_INDDEMOG1_1(1.0),A,ITF3,GROWTHRATET,2020,-15.5,,,,TIPO_DATO15__GROWTHRATET_N1,,,
IT1:22_293_DF_DCIS_INDDEMOG1_1(1.0),A,ITF3,GROWTHRATET,2021,0,,,,TIPO_DATO15__GROWTHRATET_N1,,,
IT1:22_293_DF_DCIS_INDDEMOG1_1(1.0),A,ITF3,GROWTHRATET,2022,-2.6,,,,TIPO_DATO15__GROWTHRATET_N1,,,
IT1:22_293_DF_DCIS_INDDEMOG1_1(1.0),A,ITF3,GROWTHRATET,2023,-2.9,,,,TIPO_DATO15__GROWTHRATET_N1,,,
IT1:22_293_DF_DCIS_INDDEMOG1_1(1.0),A,ITF3,GROWTHRATET,2024,-2.1,,,,TIPO_DATO15__GROWTHRATET_N1,,,
IT1:22_293_DF_DCIS_INDDEMOG1_1(1.0),A,ITF3,GROWTHRATET,2025,-2.4,p,,,TIPO_DATO15__GROWTHRATET_N1,,,
IT1:22_293_DF_DCIS_INDDEMOG1_1(1.0),A,ITF31,GROWTHRATET,2015,-0.7,,,,TIPO_DATO15__GROWTHRATET_N1,,,
IT1:22_293_DF_DCIS_INDDEMOG1_1(1.0),A,ITF31,GROWTHRATET,2016,-0.9,,,,TIPO_DATO15__GROWTHRATET_N1,,,
IT1:22_293_DF_DCIS_INDDEMOG1_1(1.0),A,ITF31,GROWTHRATET,2017,-1,,,,TIPO_DATO15__GROWTHRATET_N1,,,
IT1:22_293_DF_DCIS_INDDEMOG1_1(1.0),A,ITF31,GROWTHRATET,2018,-0.2,,,,TIPO_DATO15__GROWTHRATET_N1,,,
IT1:22_293_DF_DCIS_INDDEMOG1_1(1.0),A,ITF31,GROWTHRATET,2019,-1.9,,,,TIPO_DATO15__GROWTHRATET_N1,,,
IT1:22_293_DF_DCIS_INDDEMOG1_1(1.0),A,ITF31,GROWTHRATET,2020,-12.9,,,,TIPO_DATO15__GROWTHRATET_N1,,,
IT1:22_293_DF_DCIS_INDDEMOG1_1(1.0),A,ITF31,GROWTHRATET,2021,3.5,,,,TIPO_DATO15__GROWTHRATET_N1,,,
IT1:22_293_DF_DCIS_INDDEMOG1_1(1.0),A,ITF31,GROWTHRATET,2022,1.1,,,,TIPO_DATO15__GROWTHRATET_N1,,,
IT1:22_293_DF_DCIS_INDDEMOG1_1(1.0),A,ITF31,GROWTHRATET,2023,0.5,,,,TIPO_DATO15__GROWTHRATET_N1,,,
IT1:22_293_DF_DCIS_INDDEMOG1_1(1.0),A,ITF31,GROWTHRATET,2024,2.1,,,,TIPO_DATO15__GROWTHRATET_N1,,,
IT1:22_293_DF_DCIS_INDDEMOG1_1(1.0),A,ITF31,GROWTHRATET,2025,1.1,p,,,TIPO_DATO15__GROWTHRATET_N1,,,
IT1:22_293_DF_DCIS_INDDEMOG1_1(1.0),A,ITF32,GROWTHRATET,2015,-6.4,,,,TIPO_DATO15__GROWTHRATET_N1,,,
IT1:22_293_DF_DCIS_INDDEMOG1_1(1.0),A,ITF32,GROWTHRATET,2016,-4.7,,,,TIPO_DATO15__GROWTHRATET_N1,,,
IT1:22_293_DF_DCIS_INDDEMOG1_1(1.0),A,ITF32,GROWTHRATET,2017,-3.2,,,,TIPO_DATO15__GROWTHRATET_N1,,,
IT1:22_293_DF_DCIS_INDDEMOG1_1(1.0),A,ITF32,GROWTHRATET,2018,-7.9,,,,TIPO_DATO15__GROWTHRATET_N1,,,
IT1:22_293_DF_DCIS_INDDEMOG1_1(1.0),A,ITF32,GROWTHRATET,2019,-11.3,,,,TIPO_DATO15__GROWTHRATET_N1,,,
IT1:22_293_DF_DCIS_INDDEMOG1_1(1.0),A,ITF32,GROWTHRATET,2020,-20.7,,,,TIPO_DATO15__GROWTHRATET_N1,,,
IT1:22_293_DF_DCIS_INDDEMOG1_1(1.0),A,ITF32,GROWTHRATET,2021,-6.2,,,,TIPO_DATO15__GROWTHRATET_N1,,,
IT1:22_293_DF_DCIS_INDDEMOG1_1(1.0),A,ITF32,GROWTHRATET,2022,-7.3,,,,TIPO_DATO15__GROWTHRATET_N1,,,
IT1:22_293_DF_DCIS_INDDEMOG1_1(1.0),A,ITF32,GROWTHRATET,2023,-6.6,,,,TIPO_DATO15__GROWTHRATET_N1,,,
IT1:22_293_DF_DCIS_INDDEMOG1_1(1.0),A,ITF32,GROWTHRATET,2024,-6.2,,,,TIPO_DATO15__GROWTHRATET_N1,,,
IT1:22_293_DF_DCIS_INDDEMOG1_1(1.0),A,ITF32,GROWTHRATET,2025,-7.1,p,,,TIPO_DATO15__GROWTHRATET_N1,,,
IT1:22_293_DF_DCIS_INDDEMOG1_1(1.0),A,ITF33,GROWTHRATET,2015,-1.3,,,,TIPO_DATO15__GROWTHRATET_N1,,,
IT1:22_293_DF_DCIS_INDDEMOG1_1(1.0),A,ITF33,GROWTHRATET,2016,-2.1,,,,TIPO_DATO15__GROWTHRATET_N1,,,
IT1:22_293_DF_DCIS_INDDEMOG1_1(1.0),A,ITF33,GROWTHRATET,2017,-1.7,,,,TIPO_DATO15__GROWTHRATET_N1,,,
IT1:22_293_DF_DCIS_INDDEMOG1_1(1.0),A,ITF33,GROWTHRATET,2018,-3.9,,,,TIPO_DATO15__GROWTHRATET_N1,,,
IT1:22_293_DF_DCIS_INDDEMOG1_1(1.0),A,ITF33,GROWTHRATET,2019,-4.5,,,,TIPO_DATO15__GROWTHRATET_N1,,,
IT1:22_293_DF_DCIS_INDDEMOG1_1(1.0),A,ITF33,GROWTHRATET,2020,-15.7,,,,TIPO_DATO15__GROWTHRATET_N1,,,
IT1:22_293_DF_DCIS_INDDEMOG1_1(1.0),A,ITF33,GROWTHRATET,2021,0.6,,,,TIPO_DATO15__GROWTHRATET_N1,,,
IT1:22_293_DF_DCIS_INDDEMOG1_1(1.0),A,ITF33,GROWTHRATET,2022,-2.7,,,,TIPO_DATO15__GROWTHRATET_N1,,,
IT1:22_293_DF_DCIS_INDDEMOG1_1(1.0),A,ITF33,GROWTHRATET,2023,-3.1,,,,TIPO_DATO15__GROWTHRATET_N1,,,
IT1:22_293_DF_DCIS_INDDEMOG1_1(1.0),A,ITF33,GROWTHRATET,2024,-2.5,,,,TIPO_DATO15__GROWTHRATET_N1,,,
IT1:22_293_DF_DCIS_INDDEMOG1_1(1.0),A,ITF33,GROWTHRATET,2025,-3,p,,,TIPO_DATO15__GROWTHRATET_N1,,,
IT1:22_293_DF_DCIS_INDDEMOG1_1(1.0),A,ITF34,GROWTHRATET,2015,-8.3,,,,TIPO_DATO15__GROWTHRATET_N1,,,
IT1:22_293_DF_DCIS_INDDEMOG1_1(1.0),A,ITF34,GROWTHRATET,2016,-6.3,,,,TIPO_DATO15__GROWTHRATET_N1,,,
IT1:22_293_DF_DCIS_INDDEMOG1_1(1.0),A,ITF34,GROWTHRATET,2017,-6.2,,,,TIPO_DATO15__GROWTHRATET_N1,,,
IT1:22_293_DF_DCIS_INDDEMOG1_1(1.0),A,ITF34,GROWTHRATET,2018,-9.6,,,,TIPO_DATO15__GROWTHRATET_N1,,,
IT1:22_293_DF_DCIS_INDDEMOG1_1(1.0),A,ITF34,GROWTHRATET,2019,-9,,,,TIPO_DATO15__GROWTHRATET_N1,,,
IT1:22_293_DF_DCIS_INDDEMOG1_1(1.0),A,ITF34,GROWTHRATET,2020,-18.3,,,,TIPO_DATO15__GROWTHRATET_N1,,,
IT1:22_293_DF_DCIS_INDDEMOG1_1(1.0),A,ITF34,GROWTHRATET,2021,-3.6,,,,TIPO_DATO15__GROWTHRATET_N1,,,
IT1:22_293_DF_DCIS_INDDEMOG1_1(1.0),A,ITF34,GROWTHRATET,2022,-6.3,,,,TIPO_DATO15__GROWTHRATET_N1,,,
IT1:22_293_DF_DCIS_INDDEMOG1_1(1.0),A,ITF34,GROWTHRATET,2023,-4.9,,,,TIPO_DATO15__GROWTHRATET_N1,,,
IT1:22_293_DF_DCIS_INDDEMOG1_1(1.0),A,ITF34,GROWTHRATET,2024,-4.8,,,,TIPO_DATO15__GROWTHRATET_N1,,,
IT1:22_293_DF_DCIS_INDDEMOG1_1(1.0),A,ITF34,GROWTHRATET,2025,-5,p,,,TIPO_DATO15__GROWTHRATET_N1,,,
IT1:22_293_DF_DCIS_INDDEMOG1_1(1.0),A,ITF35,GROWTHRATET,2015,-3.3,,,,TIPO_DATO15__GROWTHRATET_N1,,,
IT1:22_293_DF_DCIS_INDDEMOG1_1(1.0),A,ITF35,GROWTHRATET,2016,-2.7,,,,TIPO_DATO15__GROWTHRATET_N1,,,
IT1:22_293_DF_DCIS_INDDEMOG1_1(1.0),A,ITF35,GROWTHRATET,2017,-3.8,,,,TIPO_DATO15__GROWTHRATET_N1,,,
IT1:22_293_DF_DCIS_INDDEMOG1_1(1.0),A,ITF35,GROWTHRATET,2018,-4,,,,TIPO_DATO15__GROWTHRATET_N1,,,
IT1:22_293_DF_DCIS_INDDEMOG1_1(1.0),A,ITF35,GROWTHRATET,2019,-5.3,,,,TIPO_DATO15__GROWTHRATET_N1,,,
IT1:22_293_DF_DCIS_INDDEMOG1_1(1.0),A,ITF35,GROWTHRATET,2020,-14.4,,,,TIPO_DATO15__GROWTHRATET_N1,,,
IT1:22_293_DF_DCIS_INDDEMOG1_1(1.0),A,ITF35,GROWTHRATET,2021,-1.4,,,,TIPO_DATO15__GROWTHRATET_N1,,,
IT1:22_293_DF_DCIS_INDDEMOG1_1(1.0),A,ITF35,GROWTHRATET,2022,-3.2,,,,TIPO_DATO15__GROWTHRATET_N1,,,
IT1:22_293_DF_DCIS_INDDEMOG1_1(1.0),A,ITF35,GROWTHRATET,2023,-2.9,,,,TIPO_DATO15__GROWTHRATET_N1,,,
IT1:22_293_DF_DCIS_INDDEMOG1_1(1.0),A,ITF35,GROWTHRATET,2024,-2.5,,,,TIPO_DATO15__GROWTHRATET_N1,,,
IT1:22_293_DF_DCIS_INDDEMOG1_1(1.0),A,ITF35,GROWTHRATET,2025,-2,p,,,TIPO_DATO15__GROWTHRATET_N1,,,
IT1:22_293_DF_DCIS_INDDEMOG1_1(1.0),A,ITF4,GROWTHRATET,2015,-4.8,,,,TIPO_DATO15__GROWTHRATET_N1,,,
IT1:22_293_DF_DCIS_INDDEMOG1_1(1.0),A,ITF4,GROWTHRATET,2016,-4.9,,,,TIPO_DATO15__GROWTHRATET_N1,,,
IT1:22_293_DF_DCIS_INDDEMOG1_1(1.0),A,ITF4,GROWTHRATET,2017,-5.8,,,,TIPO_DATO15__GROWTHRATET_N1,,,
IT1:22_293_DF_DCIS_INDDEMOG1_1(1.0),A,ITF4,GROWTHRATET,2018,-6.4,,,,TIPO_DATO15__GROWTHRATET_N1,,,
IT1:22_293_DF_DCIS_INDDEMOG1_1(1.0),A,ITF4,GROWTHRATET,2019,-5.6,,,,TIPO_DATO15__GROWTHRATET_N1,,,
IT1:22_293_DF_DCIS_INDDEMOG1_1(1.0),A,ITF4,GROWTHRATET,2020,-4.9,,,,TIPO_DATO15__GROWTHRATET_N1,,,
IT1:22_293_DF_DCIS_INDDEMOG1_1(1.0),A,ITF4,GROWTHRATET,2021,-2.7,,,,TIPO_DATO15__GROWTHRATET_N1,,,
IT1:22_293_DF_DCIS_INDDEMOG1_1(1.0),A,ITF4,GROWTHRATET,2022,-3.9,,,,TIPO_DATO15__GROWTHRATET_N1,,,
IT1:22_293_DF_DCIS_INDDEMOG1_1(1.0),A,ITF4,GROWTHRATET,2023,-4.4,,,,TIPO_DATO15__GROWTHRATET_N1,,,
IT1:22_293_DF_DCIS_INDDEMOG1_1(1.0),A,ITF4,GROWTHRATET,2024,-3.4,,,,TIPO_DATO15__GROWTHRATET_N1,,,
IT1:22_293_DF_DCIS_INDDEMOG1_1(1.0),A,ITF4,GROWTHRATET,2025,-3.1,p,,,TIPO_DATO15__GROWTHRATET_N1,,,
IT1:22_293_DF_DCIS_INDDEMOG1_1(1.0),A,ITF41,GROWTHRATET,2015,-6.8,,,,TIPO_DATO15__GROWTHRATET_N1,,,
IT1:22_293_DF_DCIS_INDDEMOG1_1(1.0),A,ITF41,GROWTHRATET,2016,-6,,,,TIPO_DATO15__GROWTHRATET_N1,,,
IT1:22_293_DF_DCIS_INDDEMOG1_1(1.0),A,ITF41,GROWTHRATET,2017,-7.6,,,,TIPO_DATO15__GROWTHRATET_N1,,,
IT1:22_293_DF_DCIS_INDDEMOG1_1(1.0),A,ITF41,GROWTHRATET,2018,-8.6,,,,TIPO_DATO15__GROWTHRATET_N1,,,
IT1:22_293_DF_DCIS_INDDEMOG1_1(1.0),A,ITF41,GROWTHRATET,2019,-7.6,,,,TIPO_DATO15__GROWTHRATET_N1,,,
IT1:22_293_DF_DCIS_INDDEMOG1_1(1.0),A,ITF41,GROWTHRATET,2020,-7.5,,,,TIPO_DATO15__GROWTHRATET_N1,,,
IT1:22_293_DF_DCIS_INDDEMOG1_1(1.0),A,ITF41,GROWTHRATET,2021,-5.6,,,,TIPO_DATO15__GROWTHRATET_N1,,,
IT1:22_293_DF_DCIS_INDDEMOG1_1(1.0),A,ITF41,GROWTHRATET,2022,-5.6,,,,TIPO_DATO15__GROWTHRATET_N1,,,
IT1:22_293_DF_DCIS_INDDEMOG1_1(1.0),A,ITF41,GROWTHRATET,2023,-4.4,,,,TIPO_DATO15__GROWTHRATET_N1,,,
IT1:22_293_DF_DCIS_INDDEMOG1_1(1.0),A,ITF41,GROWTHRATET,2024,-4.7,,,,TIPO_DATO15__GROWTHRATET_N1,,,
IT1:22_293_DF_DCIS_INDDEMOG1_1(1.0),A,ITF41,GROWTHRATET,2025,-4.2,p,,,TIPO_DATO15__GROWTHRATET_N1,,,
IT1:22_293_DF_DCIS_INDDEMOG1_1(1.0),A,ITF42,GROWTHRATET,2015,-3,,,,TIPO_DATO15__GROWTHRATET_N1,,,
IT1:22_293_DF_DCIS_INDDEMOG1_1(1.0),A,ITF42,GROWTHRATET,2016,-3.6,,,,TIPO_DATO15__GROWTHRATET_N1,,,
IT1:22_293_DF_DCIS_INDDEMOG1_1(1.0),A,ITF42,GROWTHRATET,2017,-3.7,,,,TIPO_DATO15__GROWTHRATET_N1,,,
IT1:22_293_DF_DCIS_INDDEMOG1_1(1.0),A,ITF42,GROWTHRATET,2018,-4.5,,,,TIPO_DATO15__GROWTHRATET_N1,,,
IT1:22_293_DF_DCIS_INDDEMOG1_1(1.0),A,ITF42,GROWTHRATET,2019,-3.9,,,,TIPO_DATO15__GROWTHRATET_N1,,,
IT1:22_293_DF_DCIS_INDDEMOG1_1(1.0),A,ITF42,GROWTHRATET,2020,-0.1,,,,TIPO_DATO15__GROWTHRATET_N1,,,
IT1:22_293_DF_DCIS_INDDEMOG1_1(1.0),A,ITF42,GROWTHRATET,2021,-2.8,,,,TIPO_DATO15__GROWTHRATET_N1,,,
IT1:22_293_DF_DCIS_INDDEMOG1_1(1.0),A,ITF42,GROWTHRATET,2022,-1.4,,,,TIPO_DATO15__GROWTHRATET_N1,,,
IT1:22_293_DF_DCIS_INDDEMOG1_1(1.0),A,ITF42,GROWTHRATET,2023,-2.8,,,,TIPO_DATO15__GROWTHRATET_N1,,,
IT1:22_293_DF_DCIS_INDDEMOG1_1(1.0),A,ITF42,GROWTHRATET,2024,-1.7,,,,TIPO_DATO15__GROWTHRATET_N1,,,
IT1:22_293_DF_DCIS_INDDEMOG1_1(1.0),A,ITF42,GROWTHRATET,2025,-1.2,p,,,TIPO_DATO15__GROWTHRATET_N1,,,
IT1:22_293_DF_DCIS_INDDEMOG1_1(1.0),A,ITF43,GROWTHRATET,2015,-5.3,,,,TIPO_DATO15__GROWTHRATET_N1,,,
IT1:22_293_DF_DCIS_INDDEMOG1_1(1.0),A,ITF43,GROWTHRATET,2016,-5.7,,,,TIPO_DATO15__GROWTHRATET_N1,,,
IT1:22_293_DF_DCIS_INDDEMOG1_1(1.0),A,ITF43,GROWTHRATET,2017,-6.3,,,,TIPO_DATO15__GROWTHRATET_N1,,,
IT1:22_293_DF_DCIS_INDDEMOG1_1(1.0),A,ITF43,GROWTHRATET,2018,-7.3,,,,TIPO_DATO15__GROWTHRATET_N1,,,
IT1:22_293_DF_DCIS_INDDEMOG1_1(1.0),A,ITF43,GROWTHRATET,2019,-7.5,,,,TIPO_DATO15__GROWTHRATET_N1,,,
IT1:22_293_DF_DCIS_INDDEMOG1_1(1.0),A,ITF43,GROWTHRATET,2020,-3.7,,,,TIPO_DATO15__GROWTHRATET_N1,,,
IT1:22_293_DF_DCIS_INDDEMOG1_1(1.0),A,ITF43,GROWTHRATET,2021,-3.6,,,,TIPO_DATO15__GROWTHRATET_N1,,,
IT1:22_293_DF_DCIS_INDDEMOG1_1(1.0),A,ITF43,GROWTHRATET,2022,-5.7,,,,TIPO_DATO15__GROWTHRATET_N1,,,
IT1:22_293_DF_DCIS_INDDEMOG1_1(1.0),A,ITF43,GROWTHRATET,2023,-5.7,,,,TIPO_DATO15__GROWTHRATET_N1,,,
IT1:22_293_DF_DCIS_INDDEMOG1_1(1.0),A,ITF43,GROWTHRATET,2024,-5.5,,,,TIPO_DATO15__GROWTHRATET_N1,,,
IT1:22_293_DF_DCIS_INDDEMOG1_1(1.0),A,ITF43,GROWTHRATET,2025,-4.6,p,,,TIPO_DATO15__GROWTHRATET_N1,,,
IT1:22_293_DF_DCIS_INDDEMOG1_1(1.0),A,ITF44,GROWTHRATET,2015,-7.6,,,,TIPO_DATO15__GROWTHRATET_N1,,,
IT1:22_293_DF_DCIS_INDDEMOG1_1(1.0),A,ITF44,GROWTHRATET,2016,-6.4,,,,TIPO_DATO15__GROWTHRATET_N1,,,
IT1:22_293_DF_DCIS_INDDEMOG1_1(1.0),A,ITF44,GROWTHRATET,2017,-7.8,,,,TIPO_DATO15__GROWTHRATET_N1,,,
IT1:22_293_DF_DCIS_INDDEMOG1_1(1.0),A,ITF44,GROWTHRATET,2018,-7.5,,,,TIPO_DATO15__GROWTHRATET_N1,,,
IT1:22_293_DF_DCIS_INDDEMOG1_1(1.0),A,ITF44,GROWTHRATET,2019,-6.6,,,,TIPO_DATO15__GROWTHRATET_N1,,,
IT1:22_293_DF_DCIS_INDDEMOG1_1(1.0),A,ITF44,GROWTHRATET,2020,-8.6,,,,TIPO_DATO15__GROWTHRATET_N1,,,
IT1:22_293_DF_DCIS_INDDEMOG1_1(1.0),A,ITF44,GROWTHRATET,2021,-1.8,,,,TIPO_DATO15__GROWTHRATET_N1,,,
IT1:22_293_DF_DCIS_INDDEMOG1_1(1.0),A,ITF44,GROWTHRATET,2022,-4.6,,,,TIPO_DATO15__GROWTHRATET_N1,,,
IT1:22_293_DF_DCIS_INDDEMOG1_1(1.0),A,ITF44,GROWTHRATET,2023,-6.1,,,,TIPO_DATO15__GROWTHRATET_N1,,,
IT1:22_293_DF_DCIS_INDDEMOG1_1(1.0),A,ITF44,GROWTHRATET,2024,-4.4,,,,TIPO_DATO15__GROWTHRATET_N1,,,
IT1:22_293_DF_DCIS_INDDEMOG1_1(1.0),A,ITF44,GROWTHRATET,2025,-5.2,p,,,TIPO_DATO15__GROWTHRATET_N1,,,
IT1:22_293_DF_DCIS_INDDEMOG1_1(1.0),A,ITF45,GROWTHRATET,2015,-4.8,,,,TIPO_DATO15__GROWTHRATET_N1,,,
IT1:22_293_DF_DCIS_INDDEMOG1_1(1.0),A,ITF45,GROWTHRATET,2016,-5,,,,TIPO_DATO15__GROWTHRATET_N1,,,
IT1:22_293_DF_DCIS_INDDEMOG1_1(1.0),A,ITF45,GROWTHRATET,2017,-6.3,,,,TIPO_DATO15__GROWTHRATET_N1,,,
IT1:22_293_DF_DCIS_INDDEMOG1_1(1.0),A,ITF45,GROWTHRATET,2018,-7,,,,TIPO_DATO15__GROWTHRATET_N1,,,
IT1:22_293_DF_DCIS_INDDEMOG1_1(1.0),A,ITF45,GROWTHRATET,2019,-5.4,,,,TIPO_DATO15__GROWTHRATET_N1,,,
IT1:22_293_DF_DCIS_INDDEMOG1_1(1.0),A,ITF45,GROWTHRATET,2020,-7.6,,,,TIPO_DATO15__GROWTHRATET_N1,,,
IT1:22_293_DF_DCIS_INDDEMOG1_1(1.0),A,ITF45,GROWTHRATET,2021,-1.2,,,,TIPO_DATO15__GROWTHRATET_N1,,,
IT1:22_293_DF_DCIS_INDDEMOG1_1(1.0),A,ITF45,GROWTHRATET,2022,-5.3,,,,TIPO_DATO15__GROWTHRATET_N1,,,
IT1:22_293_DF_DCIS_INDDEMOG1_1(1.0),A,ITF45,GROWTHRATET,2023,-5.2,,,,TIPO_DATO15__GROWTHRATET_N1,,,
IT1:22_293_DF_DCIS_INDDEMOG1_1(1.0),A,ITF45,GROWTHRATET,2024,-3.6,,,,TIPO_DATO15__GROWTHRATET_N1,,,
IT1:22_293_DF_DCIS_INDDEMOG1_1(1.0),A,ITF45,GROWTHRATET,2025,-3.4,p,,,TIPO_DATO15__GROWTHRATET_N1,,,
IT1:22_293_DF_DCIS_INDDEMOG1_1(1.0),A,ITF5,GROWTHRATET,2015,-5.9,,,,TIPO_DATO15__GROWTHRATET_N1,,,
IT1:22_293_DF_DCIS_INDDEMOG1_1(1.0),A,ITF5,GROWTHRATET,2016,-6.1,,,,TIPO_DATO15__GROWTHRATET_N1,,,
IT1:22_293_DF_DCIS_INDDEMOG1_1(1.0),A,ITF5,GROWTHRATET,2017,-6.1,,,,TIPO_DATO15__GROWTHRATET_N1,,,
IT1:22_293_DF_DCIS_INDDEMOG1_1(1.0),A,ITF5,GROWTHRATET,2018,-7.8,,,,TIPO_DATO15__GROWTHRATET_N1,,,
IT1:22_293_DF_DCIS_INDDEMOG1_1(1.0),A,ITF5,GROWTHRATET,2019,-9.6,,,,TIPO_DATO15__GROWTHRATET_N1,,,
IT1:22_293_DF_DCIS_INDDEMOG1_1(1.0),A,ITF5,GROWTHRATET,2020,-14.8,,,,TIPO_DATO15__GROWTHRATET_N1,,,
IT1:22_293_DF_DCIS_INDDEMOG1_1(1.0),A,ITF5,GROWTHRATET,2021,-7.3,,,,TIPO_DATO15__GROWTHRATET_N1,,,
IT1:22_293_DF_DCIS_INDDEMOG1_1(1.0),A,ITF5,GROWTHRATET,2022,-6.6,,,,TIPO_DATO15__GROWTHRATET_N1,,,
IT1:22_293_DF_DCIS_INDDEMOG1_1(1.0),A,ITF5,GROWTHRATET,2023,-8,,,,TIPO_DATO15__GROWTHRATET_N1,,,
IT1:22_293_DF_DCIS_INDDEMOG1_1(1.0),A,ITF5,GROWTHRATET,2024,-6.1,,,,TIPO_DATO15__GROWTHRATET_N1,,,
IT1:22_293_DF_DCIS_INDDEMOG1_1(1.0),A,ITF5,GROWTHRATET,2025,-9,p,,,TIPO_DATO15__GROWTHRATET_N1,,,
IT1:22_293_DF_DCIS_INDDEMOG1_1(1.0),A,ITF51,GROWTHRATET,2015,-6.6,,,,TIPO_DATO15__GROWTHRATET_N1,,,
IT1:22_293_DF_DCIS_INDDEMOG1_1(1.0),A,ITF51,GROWTHRATET,2016,-6.7,,,,TIPO_DATO15__GROWTHRATET_N1,,,
IT1:22_293_DF_DCIS_INDDEMOG1_1(1.0),A,ITF51,GROWTHRATET,2017,-6.8,,,,TIPO_DATO15__GROWTHRATET_N1,,,
IT1:22_293_DF_DCIS_INDDEMOG1_1(1.0),A,ITF51,GROWTHRATET,2018,-9.5,,,,TIPO_DATO15__GROWTHRATET_N1,,,
IT1:22_293_DF_DCIS_INDDEMOG1_1(1.0),A,ITF51,GROWTHRATET,2019,-11.2,,,,TIPO_DATO15__GROWTHRATET_N1,,,
IT1:22_293_DF_DCIS_INDDEMOG1_1(1.0),A,ITF51,GROWTHRATET,2020,-16.6,,,,TIPO_DATO15__GROWTHRATET_N1,,,
IT1:22_293_DF_DCIS_INDDEMOG1_1(1.0),A,ITF51,GROWTHRATET,2021,-8.1,,,,TIPO_DATO15__GROWTHRATET_N1,,,
IT1:22_293_DF_DCIS_INDDEMOG1_1(1.0),A,ITF51,GROWTHRATET,2022,-9,,,,TIPO_DATO15__GROWTHRATET_N1,,,
IT1:22_293_DF_DCIS_INDDEMOG1_1(1.0),A,ITF51,GROWTHRATET,2023,-9.4,,,,TIPO_DATO15__GROWTHRATET_N1,,,
IT1:22_293_DF_DCIS_INDDEMOG1_1(1.0),A,ITF51,GROWTHRATET,2024,-6.8,,,,TIPO_DATO15__GROWTHRATET_N1,,,
IT1:22_293_DF_DCIS_INDDEMOG1_1(1.0),A,ITF51,GROWTHRATET,2025,-10,p,,,TIPO_DATO15__GROWTHRATET_N1,,,
IT1:22_293_DF_DCIS_INDDEMOG1_1(1.0),A,ITF52,GROWTHRATET,2015,-4.4,,,,TIPO_DATO15__GROWTHRATET_N1,,,
IT1:22_293_DF_DCIS_INDDEMOG1_1(1.0),A,ITF52,GROWTHRATET,2016,-5.1,,,,TIPO_DATO15__GROWTHRATET_N1,,,
IT1:22_293_DF_DCIS_INDDEMOG1_1(1.0),A,ITF52,GROWTHRATET,2017,-4.8,,,,TIPO_DATO15__GROWTHRATET_N1,,,
IT1:22_293_DF_DCIS_INDDEMOG1_1(1.0),A,ITF52,GROWTHRATET,2018,-4.7,,,,TIPO_DATO15__GROWTHRATET_N1,,,
IT1:22_293_DF_DCIS_INDDEMOG1_1(1.0),A,ITF52,GROWTHRATET,2019,-6.6,,,,TIPO_DATO15__GROWTHRATET_N1,,,
IT1:22_293_DF_DCIS_INDDEMOG1_1(1.0),A,ITF52,GROWTHRATET,2020,-11.4,,,,TIPO_DATO15__GROWTHRATET_N1,,,
IT1:22_293_DF_DCIS_INDDEMOG1_1(1.0),A,ITF52,GROWTHRATET,2021,-5.6,,,,TIPO_DATO15__GROWTHRATET_N1,,,
IT1:22_293_DF_DCIS_INDDEMOG1_1(1.0),A,ITF52,GROWTHRATET,2022,-2.3,,,,TIPO_DATO15__GROWTHRATET_N1,,,
IT1:22_293_DF_DCIS_INDDEMOG1_1(1.0),A,ITF52,GROWTHRATET,2023,-5.9,,,,TIPO_DATO15__GROWTHRATET_N1,,,
IT1:22_293_DF_DCIS_INDDEMOG1_1(1.0),A,ITF52,GROWTHRATET,2024,-4.7,,,,TIPO_DATO15__GROWTHRATET_N1,,,
IT1:22_293_DF_DCIS_INDDEMOG1_1(1.0),A,ITF52,GROWTHRATET,2025,-7.1,p,,,TIPO_DATO15__GROWTHRATET_N1,,,
IT1:22_293_DF_DCIS_INDDEMOG1_1(1.0),A,ITF6,GROWTHRATET,2015,-4.4,,,,TIPO_DATO15__GROWTHRATET_N1,,,
IT1:22_293_DF_DCIS_INDDEMOG1_1(1.0),A,ITF6,GROWTHRATET,2016,-4.1,,,,TIPO_DATO15__GROWTHRATET_N1,,,
IT1:22_293_DF_DCIS_INDDEMOG1_1(1.0),A,ITF6,GROWTHRATET,2017,-5.6,,,,TIPO_DATO15__GROWTHRATET_N1,,,
IT1:22_293_DF_DCIS_INDDEMOG1_1(1.0),A,ITF6,GROWTHRATET,2018,-6.4,,,,TIPO_DATO15__GROWTHRATET_N1,,,
IT1:22_293_DF_DCIS_INDDEMOG1_1(1.0),A,ITF6,GROWTHRATET,2019,-9.4,,,,TIPO_DATO15__GROWTHRATET_N1,,,
IT1:22_293_DF_DCIS_INDDEMOG1_1(1.0),A,ITF6,GROWTHRATET,2020,-17.8,,,,TIPO_DATO15__GROWTHRATET_N1,,,
IT1:22_293_DF_DCIS_INDDEMOG1_1(1.0),A,ITF6,GROWTHRATET,2021,-2.8,,,,TIPO_DATO15__GROWTHRATET_N1,,,
IT1:22_293_DF_DCIS_INDDEMOG1_1(1.0),A,ITF6,GROWTHRATET,2022,-4.8,,,,TIPO_DATO15__GROWTHRATET_N1,,,
IT1:22_293_DF_DCIS_INDDEMOG1_1(1.0),A,ITF6,GROWTHRATET,2023,-4.4,,,,TIPO_DATO15__GROWTHRATET_N1,,,
IT1:22_293_DF_DCIS_INDDEMOG1_1(1.0),A,ITF6,GROWTHRATET,2024,-2.1,,,,TIPO_DATO15__GROWTHRATET_N1,,,
IT1:22_293_DF_DCIS_INDDEMOG1_1(1.0),A,ITF6,GROWTHRATET,2025,-3.9,p,,,TIPO_DATO15__GROWTHRATET_N1,,,
IT1:22_293_DF_DCIS_INDDEMOG1_1(1.0),A,ITF61,GROWTHRATET,2015,-5.6,,,,TIPO_DATO15__GROWTHRATET_N1,,,
IT1:22_293_DF_DCIS_INDDEMOG1_1(1.0),A,ITF61,GROWTHRATET,2016,-5.3,,,,TIPO_DATO15__GROWTHRATET_N1,,,
IT1:22_293_DF_DCIS_INDDEMOG1_1(1.0),A,ITF61,GROWTHRATET,2017,-5.6,,,,TIPO_DATO15__GROWTHRATET_N1,,,
IT1:22_293_DF_DCIS_INDDEMOG1_1(1.0),A,ITF61,GROWTHRATET,2018,-5.1,,,,TIPO_DATO15__GROWTHRATET_N1,,,
IT1:22_293_DF_DCIS_INDDEMOG1_1(1.0),A,ITF61,GROWTHRATET,2019,-7.4,,,,TIPO_DATO15__GROWTHRATET_N1,,,
IT1:22_293_DF_DCIS_INDDEMOG1_1(1.0),A,ITF61,GROWTHRATET,2020,-21.1,,,,TIPO_DATO15__GROWTHRATET_N1,,,
IT1:22_293_DF_DCIS_INDDEMOG1_1(1.0),A,ITF61,GROWTHRATET,2021,-2.3,,,,TIPO_DATO15__GROWTHRATET_N1,,,
IT1:22_293_DF_DCIS_INDDEMOG1_1(1.0),A,ITF61,GROWTHRATET,2022,-3.1,,,,TIPO_DATO15__GROWTHRATET_N1,,,
IT1:22_293_DF_DCIS_INDDEMOG1_1(1.0),A,ITF61,GROWTHRATET,2023,-3,,,,TIPO_DATO15__GROWTHRATET_N1,,,
IT1:22_293_DF_DCIS_INDDEMOG1_1(1.0),A,ITF61,GROWTHRATET,2024,-1.2,,,,TIPO_DATO15__GROWTHRATET_N1,,,
IT1:22_293_DF_DCIS_INDDEMOG1_1(1.0),A,ITF61,GROWTHRATET,2025,-3.6,p,,,TIPO_DATO15__GROWTHRATET_N1,,,
IT1:22_293_DF_DCIS_INDDEMOG1_1(1.0),A,ITF62,GROWTHRATET,2015,0.1,,,,TIPO_DATO15__GROWTHRATET_N1,,,
IT1:22_293_DF_DCIS_INDDEMOG1_1(1.0),A,ITF62,GROWTHRATET,2016,3.8,,,,TIPO_DATO15__GROWTHRATET_N1,,,
IT1:22_293_DF_DCIS_INDDEMOG1_1(1.0),A,ITF62,GROWTHRATET,2017,-4.2,,,,TIPO_DATO15__GROWTHRATET_N1,,,
IT1:22_293_DF_DCIS_INDDEMOG1_1(1.0),A,ITF62,GROWTHRATET,2018,-2.4,,,,TIPO_DATO15__GROWTHRATET_N1,,,
IT1:22_293_DF_DCIS_INDDEMOG1_1(1.0),A,ITF62,GROWTHRATET,2019,-17.1,,,,TIPO_DATO15__GROWTHRATET_N1,,,
IT1:22_293_DF_DCIS_INDDEMOG1_1(1.0),A,ITF62,GROWTHRATET,2020,-27.2,,,,TIPO_DATO15__GROWTHRATET_N1,,,
IT1:22_293_DF_DCIS_INDDEMOG1_1(1.0),A,ITF62,GROWTHRATET,2021,-3.1,,,,TIPO_DATO15__GROWTHRATET_N1,,,
IT1:22_293_DF_DCIS_INDDEMOG1_1(1.0),A,ITF62,GROWTHRATET,2022,-4.9,,,,TIPO_DATO15__GROWTHRATET_N1,,,
IT1:22_293_DF_DCIS_INDDEMOG1_1(1.0),A,ITF62,GROWTHRATET,2023,-5.3,,,,TIPO_DATO15__GROWTHRATET_N1,,,
IT1:22_293_DF_DCIS_INDDEMOG1_1(1.0),A,ITF62,GROWTHRATET,2024,0,,,,TIPO_DATO15__GROWTHRATET_N1,,,
IT1:22_293_DF_DCIS_INDDEMOG1_1(1.0),A,ITF62,GROWTHRATET,2025,-0.8,p,,,TIPO_DATO15__GROWTHRATET_N1,,,
IT1:22_293_DF_DCIS_INDDEMOG1_1(1.0),A,ITF63,GROWTHRATET,2015,-3.2,,,,TIPO_DATO15__GROWTHRATET_N1,,,
IT1:22_293_DF_DCIS_INDDEMOG1_1(1.0),A,ITF63,GROWTHRATET,2016,-2.9,,,,TIPO_DATO15__GROWTHRATET_N1,,,
IT1:22_293_DF_DCIS_INDDEMOG1_1(1.0),A,ITF63,GROWTHRATET,2017,-5.3,,,,TIPO_DATO15__GROWTHRATET_N1,,,
IT1:22_293_DF_DCIS_INDDEMOG1_1(1.0),A,ITF63,GROWTHRATET,2018,-8.3,,,,TIPO_DATO15__GROWTHRATET_N1,,,
IT1:22_293_DF_DCIS_INDDEMOG1_1(1.0),A,ITF63,GROWTHRATET,2019,-7.8,,,,TIPO_DATO15__GROWTHRATET_N1,,,
IT1:22_293_DF_DCIS_INDDEMOG1_1(1.0),A,ITF63,GROWTHRATET,2020,-14.1,,,,TIPO_DATO15__GROWTHRATET_N1,,,
IT1:22_293_DF_DCIS_INDDEMOG1_1(1.0),A,ITF63,GROWTHRATET,2021,-2.1,,,,TIPO_DATO15__GROWTHRATET_N1,,,
IT1:22_293_DF_DCIS_INDDEMOG1_1(1.0),A,ITF63,GROWTHRATET,2022,-4.8,,,,TIPO_DATO15__GROWTHRATET_N1,,,
IT1:22_293_DF_DCIS_INDDEMOG1_1(1.0),A,ITF63,GROWTHRATET,2023,-4,,,,TIPO_DATO15__GROWTHRATET_N1,,,
IT1:22_293_DF_DCIS_INDDEMOG1_1(1.0),A,ITF63,GROWTHRATET,2024,-2.7,,,,TIPO_DATO15__GROWTHRATET_N1,,,
IT1:22_293_DF_DCIS_INDDEMOG1_1(1.0),A,ITF63,GROWTHRATET,2025,-4.7,p,,,TIPO_DATO15__GROWTHRATET_N1,,,
IT1:22_293_DF_DCIS_INDDEMOG1_1(1.0),A,ITF64,GROWTHRATET,2015,-5.4,,,,TIPO_DATO15__GROWTHRATET_N1,,,
IT1:22_293_DF_DCIS_INDDEMOG1_1(1.0),A,ITF64,GROWTHRATET,2016,-7.9,,,,TIPO_DATO15__GROWTHRATET_N1,,,
IT1:22_293_DF_DCIS_INDDEMOG1_1(1.0),A,ITF64,GROWTHRATET,2017,-5.9,,,,TIPO_DATO15__GROWTHRATET_N1,,,
IT1:22_293_DF_DCIS_INDDEMOG1_1(1.0),A,ITF64,GROWTHRATET,2018,-8,,,,TIPO_DATO15__GROWTHRATET_N1,,,
IT1:22_293_DF_DCIS_INDDEMOG1_1(1.0),A,ITF64,GROWTHRATET,2019,-10.7,,,,TIPO_DATO15__GROWTHRATET_N1,,,
IT1:22_293_DF_DCIS_INDDEMOG1_1(1.0),A,ITF64,GROWTHRATET,2020,-16.5,,,,TIPO_DATO15__GROWTHRATET_N1,,,
IT1:22_293_DF_DCIS_INDDEMOG1_1(1.0),A,ITF64,GROWTHRATET,2021,-4.1,,,,TIPO_DATO15__GROWTHRATET_N1,,,
IT1:22_293_DF_DCIS_INDDEMOG1_1(1.0),A,ITF64,GROWTHRATET,2022,-5.6,,,,TIPO_DATO15__GROWTHRATET_N1,,,
IT1:22_293_DF_DCIS_INDDEMOG1_1(1.0),A,ITF64,GROWTHRATET,2023,-1.5,,,,TIPO_DATO15__GROWTHRATET_N1,,,
IT1:22_293_DF_DCIS_INDDEMOG1_1(1.0),A,ITF64,GROWTHRATET,2024,0.2,,,,TIPO_DATO15__GROWTHRATET_N1,,,
IT1:22_293_DF_DCIS_INDDEMOG1_1(1.0),A,ITF64,GROWTHRATET,2025,-4,p,,,TIPO_DATO15__GROWTHRATET_N1,,,
IT1:22_293_DF_DCIS_INDDEMOG1_1(1.0),A,ITF65,GROWTHRATET,2015,-4.9,,,,TIPO_DATO15__GROWTHRATET_N1,,,
IT1:22_293_DF_DCIS_INDDEMOG1_1(1.0),A,ITF65,GROWTHRATET,2016,-4.8,,,,TIPO_DATO15__GROWTHRATET_N1,,,
IT1:22_293_DF_DCIS_INDDEMOG1_1(1.0),A,ITF65,GROWTHRATET,2017,-6.2,,,,TIPO_DATO15__GROWTHRATET_N1,,,
IT1:22_293_DF_DCIS_INDDEMOG1_1(1.0),A,ITF65,GROWTHRATET,2018,-7.6,,,,TIPO_DATO15__GROWTHRATET_N1,,,
IT1:22_293_DF_DCIS_INDDEMOG1_1(1.0),A,ITF65,GROWTHRATET,2019,-10.3,,,,TIPO_DATO15__GROWTHRATET_N1,,,
IT1:22_293_DF_DCIS_INDDEMOG1_1(1.0),A,ITF65,GROWTHRATET,2020,-13.7,,,,TIPO_DATO15__GROWTHRATET_N1,,,
IT1:22_293_DF_DCIS_INDDEMOG1_1(1.0),A,ITF65,GROWTHRATET,2021,-3.2,,,,TIPO_DATO15__GROWTHRATET_N1,,,
IT1:22_293_DF_DCIS_INDDEMOG1_1(1.0),A,ITF65,GROWTHRATET,2022,-6.6,,,,TIPO_DATO15__GROWTHRATET_N1,,,
IT1:22_293_DF_DCIS_INDDEMOG1_1(1.0),A,ITF65,GROWTHRATET,2023,-6.9,,,,TIPO_DATO15__GROWTHRATET_N1,,,
IT1:22_293_DF_DCIS_INDDEMOG1_1(1.0),A,ITF65,GROWTHRATET,2024,-4.3,,,,TIPO_DATO15__GROWTHRATET_N1,,,
IT1:22_293_DF_DCIS_INDDEMOG1_1(1.0),A,ITF65,GROWTHRATET,2025,-4.6,p,,,TIPO_DATO15__GROWTHRATET_N1,,,
IT1:22_293_DF_DCIS_INDDEMOG1_1(1.0),A,ITFG,GROWTHRATET,2015,-4,,,,TIPO_DATO15__GROWTHRATET_N1,,,
IT1:22_293_DF_DCIS_INDDEMOG1_1(1.0),A,ITFG,GROWTHRATET,2016,-4.1,,,,TIPO_DATO15__GROWTHRATET_N1,,,
IT1:22_293_DF_DCIS_INDDEMOG1_1(1.0),A,ITFG,GROWTHRATET,2017,-5,,,,TIPO_DATO15__GROWTHRATET_N1,,,
IT1:22_293_DF_DCIS_INDDEMOG1_1(1.0),A,ITFG,GROWTHRATET,2018,-5.7,,,,TIPO_DATO15__GROWTHRATET_N1,,,
IT1:22_293_DF_DCIS_INDDEMOG1_1(1.0),A,ITFG,GROWTHRATET,2019,-6.2,,,,TIPO_DATO15__GROWTHRATET_N1,,,
IT1:22_293_DF_DCIS_INDDEMOG1_1(1.0),A,ITFG,GROWTHRATET,2020,-11.5,,,,TIPO_DATO15__GROWTHRATET_N1,,,
IT1:22_293_DF_DCIS_INDDEMOG1_1(1.0),A,ITFG,GROWTHRATET,2021,-1.6,,,,TIPO_DATO15__GROWTHRATET_N1,,,
IT1:22_293_DF_DCIS_INDDEMOG1_1(1.0),A,ITFG,GROWTHRATET,2022,-3.8,,,,TIPO_DATO15__GROWTHRATET_N1,,,
IT1:22_293_DF_DCIS_INDDEMOG1_1(1.0),A,ITFG,GROWTHRATET,2023,-3.7,,,,TIPO_DATO15__GROWTHRATET_N1,,,
IT1:22_293_DF_DCIS_INDDEMOG1_1(1.0),A,ITFG,GROWTHRATET,2024,-2.6,,,,TIPO_DATO15__GROWTHRATET_N1,,,
IT1:22_293_DF_DCIS_INDDEMOG1_1(1.0),A,ITFG,GROWTHRATET,2025,-3.1,p,,,TIPO_DATO15__GROWTHRATET_N1,,,
IT1:22_293_DF_DCIS_INDDEMOG1_1(1.0),A,ITG,GROWTHRATET,2015,-4.5,,,,TIPO_DATO15__GROWTHRATET_N1,,,
IT1:22_293_DF_DCIS_INDDEMOG1_1(1.0),A,ITG,GROWTHRATET,2016,-4.8,,,,TIPO_DATO15__GROWTHRATET_N1,,,
IT1:22_293_DF_DCIS_INDDEMOG1_1(1.0),A,ITG,GROWTHRATET,2017,-6.3,,,,TIPO_DATO15__GROWTHRATET_N1,,,
IT1:22_293_DF_DCIS_INDDEMOG1_1(1.0),A,ITG,GROWTHRATET,2018,-6.5,,,,TIPO_DATO15__GROWTHRATET_N1,,,
IT1:22_293_DF_DCIS_INDDEMOG1_1(1.0),A,ITG,GROWTHRATET,2019,-6.8,,,,TIPO_DATO15__GROWTHRATET_N1,,,
IT1:22_293_DF_DCIS_INDDEMOG1_1(1.0),A,ITG,GROWTHRATET,2020,-9.8,,,,TIPO_DATO15__GROWTHRATET_N1,,,
IT1:22_293_DF_DCIS_INDDEMOG1_1(1.0),A,ITG,GROWTHRATET,2021,-0.5,,,,TIPO_DATO15__GROWTHRATET_N1,,,
IT1:22_293_DF_DCIS_INDDEMOG1_1(1.0),A,ITG,GROWTHRATET,2022,-4.5,,,,TIPO_DATO15__GROWTHRATET_N1,,,
IT1:22_293_DF_DCIS_INDDEMOG1_1(1.0),A,ITG,GROWTHRATET,2023,-3.8,,,,TIPO_DATO15__GROWTHRATET_N1,,,
IT1:22_293_DF_DCIS_INDDEMOG1_1(1.0),A,ITG,GROWTHRATET,2024,-2.8,,,,TIPO_DATO15__GROWTHRATET_N1,,,
IT1:22_293_DF_DCIS_INDDEMOG1_1(1.0),A,ITG,GROWTHRATET,2025,-3.2,p,,,TIPO_DATO15__GROWTHRATET_N1,,,
IT1:22_293_DF_DCIS_INDDEMOG1_1(1.0),A,ITG1,GROWTHRATET,2015,-4.8,,,,TIPO_DATO15__GROWTHRATET_N1,,,
IT1:22_293_DF_DCIS_INDDEMOG1_1(1.0),A,ITG1,GROWTHRATET,2016,-5.3,,,,TIPO_DATO15__GROWTHRATET_N1,,,
IT1:22_293_DF_DCIS_INDDEMOG1_1(1.0),A,ITG1,GROWTHRATET,2017,-7.2,,,,TIPO_DATO15__GROWTHRATET_N1,,,
IT1:22_293_DF_DCIS_INDDEMOG1_1(1.0),A,ITG1,GROWTHRATET,2018,-6.8,,,,TIPO_DATO15__GROWTHRATET_N1,,,
IT1:22_293_DF_DCIS_INDDEMOG1_1(1.0),A,ITG1,GROWTHRATET,2019,-6.8,,,,TIPO_DATO15__GROWTHRATET_N1,,,
IT1:22_293_DF_DCIS_INDDEMOG1_1(1.0),A,ITG1,GROWTHRATET,2020,-8.6,,,,TIPO_DATO15__GROWTHRATET_N1,,,
IT1:22_293_DF_DCIS_INDDEMOG1_1(1.0),A,ITG1,GROWTHRATET,2021,-0.1,,,,TIPO_DATO15__GROWTHRATET_N1,,,
IT1:22_293_DF_DCIS_INDDEMOG1_1(1.0),A,ITG1,GROWTHRATET,2022,-4,,,,TIPO_DATO15__GROWTHRATET_N1,,,
IT1:22_293_DF_DCIS_INDDEMOG1_1(1.0),A,ITG1,GROWTHRATET,2023,-3.4,,,,TIPO_DATO15__GROWTHRATET_N1,,,
IT1:22_293_DF_DCIS_INDDEMOG1_1(1.0),A,ITG1,GROWTHRATET,2024,-2.1,,,,TIPO_DATO15__GROWTHRATET_N1,,,
IT1:22_293_DF_DCIS_INDDEMOG1_1(1.0),A,ITG1,GROWTHRATET,2025,-2.6,p,,,TIPO_DATO15__GROWTHRATET_N1,,,
IT1:22_293_DF_DCIS_INDDEMOG1_1(1.0),A,ITG11,GROWTHRATET,2015,-3,,,,TIPO_DATO15__GROWTHRATET_N1,,,
IT1:22_293_DF_DCIS_INDDEMOG1_1(1.0),A,ITG11,GROWTHRATET,2016,-4.6,,,,TIPO_DATO15__GROWTHRATET_N1,,,
IT1:22_293_DF_DCIS_INDDEMOG1_1(1.0),A,ITG11,GROWTHRATET,2017,-6,,,,TIPO_DATO15__GROWTHRATET_N1,,,
IT1:22_293_DF_DCIS_INDDEMOG1_1(1.0),A,ITG11,GROWTHRATET,2018,-6.9,,,,TIPO_DATO15__GROWTHRATET_N1,,,
IT1:22_293_DF_DCIS_INDDEMOG1_1(1.0),A,ITG11,GROWTHRATET,2019,-6.5,,,,TIPO_DATO15__GROWTHRATET_N1,,,
IT1:22_293_DF_DCIS_INDDEMOG1_1(1.0),A,ITG11,GROWTHRATET,2020,-7.1,,,,TIPO_DATO15__GROWTHRATET_N1,,,
IT1:22_293_DF_DCIS_INDDEMOG1_1(1.0),A,ITG11,GROWTHRATET,2021,-2.6,,,,TIPO_DATO15__GROWTHRATET_N1,,,
IT1:22_293_DF_DCIS_INDDEMOG1_1(1.0),A,ITG11,GROWTHRATET,2022,-5.3,,,,TIPO_DATO15__GROWTHRATET_N1,,,
IT1:22_293_DF_DCIS_INDDEMOG1_1(1.0),A,ITG11,GROWTHRATET,2023,-5,,,,TIPO_DATO15__GROWTHRATET_N1,,,
IT1:22_293_DF_DCIS_INDDEMOG1_1(1.0),A,ITG11,GROWTHRATET,2024,-3.8,,,,TIPO_DATO15__GROWTHRATET_N1,,,
IT1:22_293_DF_DCIS_INDDEMOG1_1(1.0),A,ITG11,GROWTHRATET,2025,-1.9,p,,,TIPO_DATO15__GROWTHRATET_N1,,,
IT1:22_293_DF_DCIS_INDDEMOG1_1(1.0),A,ITG12,GROWTHRATET,2015,-3.6,,,,TIPO_DATO15__GROWTHRATET_N1,,,
IT1:22_293_DF_DCIS_INDDEMOG1_1(1.0),A,ITG12,GROWTHRATET,2016,-3.7,,,,TIPO_DATO15__GROWTHRATET_N1,,,
IT1:22_293_DF_DCIS_INDDEMOG1_1(1.0),A,ITG12,GROWTHRATET,2017,-6,,,,TIPO_DATO15__GROWTHRATET_N1,,,
IT1:22_293_DF_DCIS_INDDEMOG1_1(1.0),A,ITG12,GROWTHRATET,2018,-5.7,,,,TIPO_DATO15__GROWTHRATET_N1,,,
IT1:22_293_DF_DCIS_INDDEMOG1_1(1.0),A,ITG12,GROWTHRATET,2019,-7.1,,,,TIPO_DATO15__GROWTHRATET_N1,,,
IT1:22_293_DF_DCIS_INDDEMOG1_1(1.0),A,ITG12,GROWTHRATET,2020,-11.7,,,,TIPO_DATO15__GROWTHRATET_N1,,,
IT1:22_293_DF_DCIS_INDDEMOG1_1(1.0),A,ITG12,GROWTHRATET,2021,0.2,,,,TIPO_DATO15__GROWTHRATET_N1,,,
IT1:22_293_DF_DCIS_INDDEMOG1_1(1.0),A,ITG12,GROWTHRATET,2022,-4,,,,TIPO_DATO15__GROWTHRATET_N1,,,
IT1:22_293_DF_DCIS_INDDEMOG1_1(1.0),A,ITG12,GROWTHRATET,2023,-3.2,,,,TIPO_DATO15__GROWTHRATET_N1,,,
IT1:22_293_DF_DCIS_INDDEMOG1_1(1.0),A,ITG12,GROWTHRATET,2024,-1.3,,,,TIPO_DATO15__GROWTHRATET_N1,,,
IT1:22_293_DF_DCIS_INDDEMOG1_1(1.0),A,ITG12,GROWTHRATET,2025,-2.9,p,,,TIPO_DATO15__GROWTHRATET_N1,,,
IT1:22_293_DF_DCIS_INDDEMOG1_1(1.0),A,ITG13,GROWTHRATET,2015,-8.8,,,,TIPO_DATO15__GROWTHRATET_N1,,,
IT1:22_293_DF_DCIS_INDDEMOG1_1(1.0),A,ITG13,GROWTHRATET,2016,-8.1,,,,TIPO_DATO15__GROWTHRATET_N1,,,
IT1:22_293_DF_DCIS_INDDEMOG1_1(1.0),A,ITG13,GROWTHRATET,2017,-10.1,,,,TIPO_DATO15__GROWTHRATET_N1,,,
IT1:22_293_DF_DCIS_INDDEMOG1_1(1.0),A,ITG13,GROWTHRATET,2018,-8.7,,,,TIPO_DATO15__GROWTHRATET_N1,,,
IT1:22_293_DF_DCIS_INDDEMOG1_1(1.0),A,ITG13,GROWTHRATET,2019,-7.8,,,,TIPO_DATO15__GROWTHRATET_N1,,,
IT1:22_293_DF_DCIS_INDDEMOG1_1(1.0),A,ITG13,GROWTHRATET,2020,-16.3,,,,TIPO_DATO15__GROWTHRATET_N1,,,
IT1:22_293_DF_DCIS_INDDEMOG1_1(1.0),A,ITG13,GROWTHRATET,2021,-1.3,,,,TIPO_DATO15__GROWTHRATET_N1,,,
IT1:22_293_DF_DCIS_INDDEMOG1_1(1.0),A,ITG13,GROWTHRATET,2022,-5.1,,,,TIPO_DATO15__GROWTHRATET_N1,,,
IT1:22_293_DF_DCIS_INDDEMOG1_1(1.0),A,ITG13,GROWTHRATET,2023,-3.5,,,,TIPO_DATO15__GROWTHRATET_N1,,,
IT1:22_293_DF_DCIS_INDDEMOG1_1(1.0),A,ITG13,GROWTHRATET,2024,-3.2,,,,TIPO_DATO15__GROWTHRATET_N1,,,
IT1:22_293_DF_DCIS_INDDEMOG1_1(1.0),A,ITG13,GROWTHRATET,2025,-3.5,p,,,TIPO_DATO15__GROWTHRATET_N1,,,
IT1:22_293_DF_DCIS_INDDEMOG1_1(1.0),A,ITG14,GROWTHRATET,2015,-8.4,,,,TIPO_DATO15__GROWTHRATET_N1,,,
IT1:22_293_DF_DCIS_INDDEMOG1_1(1.0),A,ITG14,GROWTHRATET,2016,-9.6,,,,TIPO_DATO15__GROWTHRATET_N1,,,
IT1:22_293_DF_DCIS_INDDEMOG1_1(1.0),A,ITG14,GROWTHRATET,2017,-11.1,,,,TIPO_DATO15__GROWTHRATET_N1,,,
IT1:22_293_DF_DCIS_INDDEMOG1_1(1.0),A,ITG14,GROWTHRATET,2018,-10.1,,,,TIPO_DATO15__GROWTHRATET_N1,,,
IT1:22_293_DF_DCIS_INDDEMOG1_1(1.0),A,ITG14,GROWTHRATET,2019,-10.6,,,,TIPO_DATO15__GROWTHRATET_N1,,,
IT1:22_293_DF_DCIS_INDDEMOG1_1(1.0),A,ITG14,GROWTHRATET,2020,-17.3,,,,TIPO_DATO15__GROWTHRATET_N1,,,
IT1:22_293_DF_DCIS_INDDEMOG1_1(1.0),A,ITG14,GROWTHRATET,2021,-0.7,,,,TIPO_DATO15__GROWTHRATET_N1,,,
IT1:22_293_DF_DCIS_INDDEMOG1_1(1.0),A,ITG14,GROWTHRATET,2022,-6.5,,,,TIPO_DATO15__GROWTHRATET_N1,,,
IT1:22_293_DF_DCIS_INDDEMOG1_1(1.0),A,ITG14,GROWTHRATET,2023,-6.5,,,,TIPO_DATO15__GROWTHRATET_N1,,,
IT1:22_293_DF_DCIS_INDDEMOG1_1(1.0),A,ITG14,GROWTHRATET,2024,-5.1,,,,TIPO_DATO15__GROWTHRATET_N1,,,
IT1:22_293_DF_DCIS_INDDEMOG1_1(1.0),A,ITG14,GROWTHRATET,2025,-3.3,p,,,TIPO_DATO15__GROWTHRATET_N1,,,
IT1:22_293_DF_DCIS_INDDEMOG1_1(1.0),A,ITG15,GROWTHRATET,2015,-8.2,,,,TIPO_DATO15__GROWTHRATET_N1,,,
IT1:22_293_DF_DCIS_INDDEMOG1_1(1.0),A,ITG15,GROWTHRATET,2016,-8.7,,,,TIPO_DATO15__GROWTHRATET_N1,,,
IT1:22_293_DF_DCIS_INDDEMOG1_1(1.0),A,ITG15,GROWTHRATET,2017,-12.1,,,,TIPO_DATO15__GROWTHRATET_N1,,,
IT1:22_293_DF_DCIS_INDDEMOG1_1(1.0),A,ITG15,GROWTHRATET,2018,-14,,,,TIPO_DATO15__GROWTHRATET_N1,,,
IT1:22_293_DF_DCIS_INDDEMOG1_1(1.0),A,ITG15,GROWTHRATET,2019,-14.2,,,,TIPO_DATO15__GROWTHRATET_N1,,,
IT1:22_293_DF_DCIS_INDDEMOG1_1(1.0),A,ITG15,GROWTHRATET,2020,-8.8,,,,TIPO_DATO15__GROWTHRATET_N1,,,
IT1:22_293_DF_DCIS_INDDEMOG1_1(1.0),A,ITG15,GROWTHRATET,2021,-7.9,,,,TIPO_DATO15__GROWTHRATET_N1,,,
IT1:22_293_DF_DCIS_INDDEMOG1_1(1.0),A,ITG15,GROWTHRATET,2022,-9.1,,,,TIPO_DATO15__GROWTHRATET_N1,,,
IT1:22_293_DF_DCIS_INDDEMOG1_1(1.0),A,ITG15,GROWTHRATET,2023,-9.3,,,,TIPO_DATO15__GROWTHRATET_N1,,,
IT1:22_293_DF_DCIS_INDDEMOG1_1(1.0),A,ITG15,GROWTHRATET,2024,-6.9,,,,TIPO_DATO15__GROWTHRATET_N1,,,
IT1:22_293_DF_DCIS_INDDEMOG1_1(1.0),A,ITG15,GROWTHRATET,2025,-7.9,p,,,TIPO_DATO15__GROWTHRATET_N1,,,
IT1:22_293_DF_DCIS_INDDEMOG1_1(1.0),A,ITG16,GROWTHRATET,2015,-9.8,,,,TIPO_DATO15__GROWTHRATET_N1,,,
IT1:22_293_DF_DCIS_INDDEMOG1_1(1.0),A,ITG16,GROWTHRATET,2016,-11.8,,,,TIPO_DATO15__GROWTHRATET_N1,,,
IT1:22_293_DF_DCIS_INDDEMOG1_1(1.0),A,ITG16,GROWTHRATET,2017,-12.9,,,,TIPO_DATO15__GROWTHRATET_N1,,,
IT1:22_293_DF_DCIS_INDDEMOG1_1(1.0),A,ITG16,GROWTHRATET,2018,-11,,,,TIPO_DATO15__GROWTHRATET_N1,,,
IT1:22_293_DF_DCIS_INDDEMOG1_1(1.0),A,ITG16,GROWTHRATET,2019,-13.7,,,,TIPO_DATO15__GROWTHRATET_N1,,,
IT1:22_293_DF_DCIS_INDDEMOG1_1(1.0),A,ITG16,GROWTHRATET,2020,-15.6,,,,TIPO_DATO15__GROWTHRATET_N1,,,
IT1:22_293_DF_DCIS_INDDEMOG1_1(1.0),A,ITG16,GROWTHRATET,2021,-6.1,,,,TIPO_DATO15__GROWTHRATET_N1,,,
IT1:22_293_DF_DCIS_INDDEMOG1_1(1.0),A,ITG16,GROWTHRATET,2022,-11.4,,,,TIPO_DATO15__GROWTHRATET_N1,,,
IT1:22_293_DF_DCIS_INDDEMOG1_1(1.0),A,ITG16,GROWTHRATET,2023,-9,,,,TIPO_DATO15__GROWTHRATET_N1,,,
IT1:22_293_DF_DCIS_INDDEMOG1_1(1.0),A,ITG16,GROWTHRATET,2024,-6.6,,,,TIPO_DATO15__GROWTHRATET_N1,,,
IT1:22_293_DF_DCIS_INDDEMOG1_1(1.0),A,ITG16,GROWTHRATET,2025,-6.7,p,,,TIPO_DATO15__GROWTHRATET_N1,,,
IT1:22_293_DF_DCIS_INDDEMOG1_1(1.0),A,ITG17,GROWTHRATET,2015,-2.6,,,,TIPO_DATO15__GROWTHRATET_N1,,,
IT1:22_293_DF_DCIS_INDDEMOG1_1(1.0),A,ITG17,GROWTHRATET,2016,-3.8,,,,TIPO_DATO15__GROWTHRATET_N1,,,
IT1:22_293_DF_DCIS_INDDEMOG1_1(1.0),A,ITG17,GROWTHRATET,2017,-4.8,,,,TIPO_DATO15__GROWTHRATET_N1,,,
IT1:22_293_DF_DCIS_INDDEMOG1_1(1.0),A,ITG17,GROWTHRATET,2018,-4.2,,,,TIPO_DATO15__GROWTHRATET_N1,,,
IT1:22_293_DF_DCIS_INDDEMOG1_1(1.0),A,ITG17,GROWTHRATET,2019,-4.3,,,,TIPO_DATO15__GROWTHRATET_N1,,,
IT1:22_293_DF_DCIS_INDDEMOG1_1(1.0),A,ITG17,GROWTHRATET,2020,1.4,,,,TIPO_DATO15__GROWTHRATET_N1,,,
IT1:22_293_DF_DCIS_INDDEMOG1_1(1.0),A,ITG17,GROWTHRATET,2021,3.1,,,,TIPO_DATO15__GROWTHRATET_N1,,,
IT1:22_293_DF_DCIS_INDDEMOG1_1(1.0),A,ITG17,GROWTHRATET,2022,-2.9,,,,TIPO_DATO15__GROWTHRATET_N1,,,
IT1:22_293_DF_DCIS_INDDEMOG1_1(1.0),A,ITG17,GROWTHRATET,2023,-2.4,,,,TIPO_DATO15__GROWTHRATET_N1,,,
IT1:22_293_DF_DCIS_INDDEMOG1_1(1.0),A,ITG17,GROWTHRATET,2024,-1.5,,,,TIPO_DATO15__GROWTHRATET_N1,,,
IT1:22_293_DF_DCIS_INDDEMOG1_1(1.0),A,ITG17,GROWTHRATET,2025,-2.5,p,,,TIPO_DATO15__GROWTHRATET_N1,,,
IT1:22_293_DF_DCIS_INDDEMOG1_1(1.0),A,ITG18,GROWTHRATET,2015,0.6,,,,TIPO_DATO15__GROWTHRATET_N1,,,
IT1:22_293_DF_DCIS_INDDEMOG1_1(1.0),A,ITG18,GROWTHRATET,2016,0.5,,,,TIPO_DATO15__GROWTHRATET_N1,,,
IT1:22_293_DF_DCIS_INDDEMOG1_1(1.0),A,ITG18,GROWTHRATET,2017,-2.5,,,,TIPO_DATO15__GROWTHRATET_N1,,,
IT1:22_293_DF_DCIS_INDDEMOG1_1(1.0),A,ITG18,GROWTHRATET,2018,-3.5,,,,TIPO_DATO15__GROWTHRATET_N1,,,
IT1:22_293_DF_DCIS_INDDEMOG1_1(1.0),A,ITG18,GROWTHRATET,2019,0.1,,,,TIPO_DATO15__GROWTHRATET_N1,,,
IT1:22_293_DF_DCIS_INDDEMOG1_1(1.0),A,ITG18,GROWTHRATET,2020,-2.2,,,,TIPO_DATO15__GROWTHRATET_N1,,,
IT1:22_293_DF_DCIS_INDDEMOG1_1(1.0),A,ITG18,GROWTHRATET,2021,3.9,,,,TIPO_DATO15__GROWTHRATET_N1,,,
IT1:22_293_DF_DCIS_INDDEMOG1_1(1.0),A,ITG18,GROWTHRATET,2022,5.2,,,,TIPO_DATO15__GROWTHRATET_N1,,,
IT1:22_293_DF_DCIS_INDDEMOG1_1(1.0),A,ITG18,GROWTHRATET,2023,4.5,,,,TIPO_DATO15__GROWTHRATET_N1,,,
IT1:22_293_DF_DCIS_INDDEMOG1_1(1.0),A,ITG18,GROWTHRATET,2024,6.5,,,,TIPO_DATO15__GROWTHRATET_N1,,,
IT1:22_293_DF_DCIS_INDDEMOG1_1(1.0),A,ITG18,GROWTHRATET,2025,5.7,p,,,TIPO_DATO15__GROWTHRATET_N1,,,
IT1:22_293_DF_DCIS_INDDEMOG1_1(1.0),A,ITG19,GROWTHRATET,2015,-5.5,,,,TIPO_DATO15__GROWTHRATET_N1,,,
IT1:22_293_DF_DCIS_INDDEMOG1_1(1.0),A,ITG19,GROWTHRATET,2016,-5.6,,,,TIPO_DATO15__GROWTHRATET_N1,,,
IT1:22_293_DF_DCIS_INDDEMOG1_1(1.0),A,ITG19,GROWTHRATET,2017,-8.1,,,,TIPO_DATO15__GROWTHRATET_N1,,,
IT1:22_293_DF_DCIS_INDDEMOG1_1(1.0),A,ITG19,GROWTHRATET,2018,-7,,,,TIPO_DATO15__GROWTHRATET_N1,,,
IT1:22_293_DF_DCIS_INDDEMOG1_1(1.0),A,ITG19,GROWTHRATET,2019,-5.3,,,,TIPO_DATO15__GROWTHRATET_N1,,,
IT1:22_293_DF_DCIS_INDDEMOG1_1(1.0),A,ITG19,GROWTHRATET,2020,-8.4,,,,TIPO_DATO15__GROWTHRATET_N1,,,
IT1:22_293_DF_DCIS_INDDEMOG1_1(1.0),A,ITG19,GROWTHRATET,2021,-0.6,,,,TIPO_DATO15__GROWTHRATET_N1,,,
IT1:22_293_DF_DCIS_INDDEMOG1_1(1.0),A,ITG19,GROWTHRATET,2022,-2.7,,,,TIPO_DATO15__GROWTHRATET_N1,,,
IT1:22_293_DF_DCIS_INDDEMOG1_1(1.0),A,ITG19,GROWTHRATET,2023,-2.6,,,,TIPO_DATO15__GROWTHRATET_N1,,,
IT1:22_293_DF_DCIS_INDDEMOG1_1(1.0),A,ITG19,GROWTHRATET,2024,-1.5,,,,TIPO_DATO15__GROWTHRATET_N1,,,
IT1:22_293_DF_DCIS_INDDEMOG1_1(1.0),A,ITG19,GROWTHRATET,2025,-2.2,p,,,TIPO_DATO15__GROWTHRATET_N1,,,
IT1:22_293_DF_DCIS_INDDEMOG1_1(1.0),A,ITG2,GROWTHRATET,2015,-3.7,,,,TIPO_DATO15__GROWTHRATET_N1,,,
IT1:22_293_DF_DCIS_INDDEMOG1_1(1.0),A,ITG2,GROWTHRATET,2016,-3.4,,,,TIPO_DATO15__GROWTHRATET_N1,,,
IT1:22_293_DF_DCIS_INDDEMOG1_1(1.0),A,ITG2,GROWTHRATET,2017,-3.5,,,,TIPO_DATO15__GROWTHRATET_N1,,,
IT1:22_293_DF_DCIS_INDDEMOG1_1(1.0),A,ITG2,GROWTHRATET,2018,-5.4,,,,TIPO_DATO15__GROWTHRATET_N1,,,
IT1:22_293_DF_DCIS_INDDEMOG1_1(1.0),A,ITG2,GROWTHRATET,2019,-6.5,,,,TIPO_DATO15__GROWTHRATET_N1,,,
IT1:22_293_DF_DCIS_INDDEMOG1_1(1.0),A,ITG2,GROWTHRATET,2020,-13.4,,,,TIPO_DATO15__GROWTHRATET_N1,,,
IT1:22_293_DF_DCIS_INDDEMOG1_1(1.0),A,ITG2,GROWTHRATET,2021,-1.6,,,,TIPO_DATO15__GROWTHRATET_N1,,,
IT1:22_293_DF_DCIS_INDDEMOG1_1(1.0),A,ITG2,GROWTHRATET,2022,-5.8,,,,TIPO_DATO15__GROWTHRATET_N1,,,
IT1:22_293_DF_DCIS_INDDEMOG1_1(1.0),A,ITG2,GROWTHRATET,2023,-4.9,,,,TIPO_DATO15__GROWTHRATET_N1,,,
IT1:22_293_DF_DCIS_INDDEMOG1_1(1.0),A,ITG2,GROWTHRATET,2024,-5.1,,,,TIPO_DATO15__GROWTHRATET_N1,,,
IT1:22_293_DF_DCIS_INDDEMOG1_1(1.0),A,ITG2,GROWTHRATET,2025,-5.1,p,,,TIPO_DATO15__GROWTHRATET_N1,,,
IT1:22_293_DF_DCIS_INDDEMOG1_1(1.0),A,ITG25,GROWTHRATET,2015,0,,,,TIPO_DATO15__GROWTHRATET_N1,,,
IT1:22_293_DF_DCIS_INDDEMOG1_1(1.0),A,ITG25,GROWTHRATET,2016,-0.9,,,,TIPO_DATO15__GROWTHRATET_N1,,,
IT1:22_293_DF_DCIS_INDDEMOG1_1(1.0),A,ITG25,GROWTHRATET,2017,-1.9,,,,TIPO_DATO15__GROWTHRATET_N1,,,
IT1:22_293_DF_DCIS_INDDEMOG1_1(1.0),A,ITG25,GROWTHRATET,2018,-1.7,,,,TIPO_DATO15__GROWTHRATET_N1,,,
IT1:22_293_DF_DCIS_INDDEMOG1_1(1.0),A,ITG25,GROWTHRATET,2019,-4.8,,,,TIPO_DATO15__GROWTHRATET_N1,,,
IT1:22_293_DF_DCIS_INDDEMOG1_1(1.0),A,ITG25,GROWTHRATET,2020,-16.8,,,,TIPO_DATO15__GROWTHRATET_N1,,,
IT1:22_293_DF_DCIS_INDDEMOG1_1(1.0),A,ITG25,GROWTHRATET,2021,0.4,,,,TIPO_DATO15__GROWTHRATET_N1,,,
IT1:22_293_DF_DCIS_INDDEMOG1_1(1.0),A,ITG25,GROWTHRATET,2022,-3.7,,,,TIPO_DATO15__GROWTHRATET_N1,,,
IT1:22_293_DF_DCIS_INDDEMOG1_1(1.0),A,ITG25,GROWTHRATET,2023,-2.6,,,,TIPO_DATO15__GROWTHRATET_N1,,,
IT1:22_293_DF_DCIS_INDDEMOG1_1(1.0),A,ITG25,GROWTHRATET,2024,-3.2,,,,TIPO_DATO15__GROWTHRATET_N1,,,
IT1:22_293_DF_DCIS_INDDEMOG1_1(1.0),A,ITG25,GROWTHRATET,2025,-2.9,p,,,TIPO_DATO15__GROWTHRATET_N1,,,
IT1:22_293_DF_DCIS_INDDEMOG1_1(1.0),A,ITG26,GROWTHRATET,2015,-8.1,,,,TIPO_DATO15__GROWTHRATET_N1,,,
IT1:22_293_DF_DCIS_INDDEMOG1_1(1.0),A,ITG26,GROWTHRATET,2016,-5.3,,,,TIPO_DATO15__GROWTHRATET_N1,,,
IT1:22_293_DF_DCIS_INDDEMOG1_1(1.0),A,ITG26,GROWTHRATET,2017,-6.8,,,,TIPO_DATO15__GROWTHRATET_N1,,,
IT1:22_293_DF_DCIS_INDDEMOG1_1(1.0),A,ITG26,GROWTHRATET,2018,-9.6,,,,TIPO_DATO15__GROWTHRATET_N1,,,
IT1:22_293_DF_DCIS_INDDEMOG1_1(1.0),A,ITG26,GROWTHRATET,2019,-9.3,,,,TIPO_DATO15__GROWTHRATET_N1,,,
IT1:22_293_DF_DCIS_INDDEMOG1_1(1.0),A,ITG26,GROWTHRATET,2020,-18.1,,,,TIPO_DATO15__GROWTHRATET_N1,,,
IT1:22_293_DF_DCIS_INDDEMOG1_1(1.0),A,ITG26,GROWTHRATET,2021,-5.7,,,,TIPO_DATO15__GROWTHRATET_N1,,,
IT1:22_293_DF_DCIS_INDDEMOG1_1(1.0),A,ITG26,GROWTHRATET,2022,-9.3,,,,TIPO_DATO15__GROWTHRATET_N1,,,
IT1:22_293_DF_DCIS_INDDEMOG1_1(1.0),A,ITG26,GROWTHRATET,2023,-7.2,,,,TIPO_DATO15__GROWTHRATET_N1,,,
IT1:22_293_DF_DCIS_INDDEMOG1_1(1.0),A,ITG26,GROWTHRATET,2024,-8.9,,,,TIPO_DATO15__GROWTHRATET_N1,,,
IT1:22_293_DF_DCIS_INDDEMOG1_1(1.0),A,ITG26,GROWTHRATET,2025,-6.4,p,,,TIPO_DATO15__GROWTHRATET_N1,,,
IT1:22_293_DF_DCIS_INDDEMOG1_1(1.0),A,ITG27,GROWTHRATET,2015,-1.6,,,,TIPO_DATO15__GROWTHRATET_N1,,,
IT1:22_293_DF_DCIS_INDDEMOG1_1(1.0),A,ITG27,GROWTHRATET,2016,-1.5,,,,TIPO_DATO15__GROWTHRATET_N1,,,
IT1:22_293_DF_DCIS_INDDEMOG1_1(1.0),A,ITG27,GROWTHRATET,2017,-0.4,,,,TIPO_DATO15__GROWTHRATET_N1,,,
IT1:22_293_DF_DCIS_INDDEMOG1_1(1.0),A,ITG27,GROWTHRATET,2018,-2.6,,,,TIPO_DATO15__GROWTHRATET_N1,,,
IT1:22_293_DF_DCIS_INDDEMOG1_1(1.0),A,ITG27,GROWTHRATET,2019,-3,,,,TIPO_DATO15__GROWTHRATET_N1,,,
IT1:22_293_DF_DCIS_INDDEMOG1_1(1.0),A,ITG27,GROWTHRATET,2020,-3.2,,,,TIPO_DATO15__GROWTHRATET_N1,,,
IT1:22_293_DF_DCIS_INDDEMOG1_1(1.0),A,ITG27,GROWTHRATET,2021,0.5,,,,TIPO_DATO15__GROWTHRATET_N1,,,
IT1:22_293_DF_DCIS_INDDEMOG1_1(1.0),A,ITG27,GROWTHRATET,2022,-3.1,,,,TIPO_DATO15__GROWTHRATET_N1,,,
IT1:22_293_DF_DCIS_INDDEMOG1_1(1.0),A,ITG27,GROWTHRATET,2023,-3.4,,,,TIPO_DATO15__GROWTHRATET_N1,,,
IT1:22_293_DF_DCIS_INDDEMOG1_1(1.0),A,ITG27,GROWTHRATET,2024,-3.4,,,,TIPO_DATO15__GROWTHRATET_N1,,,
IT1:22_293_DF_DCIS_INDDEMOG1_1(1.0),A,ITG27,GROWTHRATET,2025,-4,p,,,TIPO_DATO15__GROWTHRATET_N1,,,
IT1:22_293_DF_DCIS_INDDEMOG1_1(1.0),A,ITG28,GROWTHRATET,2015,-6.9,,,,TIPO_DATO15__GROWTHRATET_N1,,,
IT1:22_293_DF_DCIS_INDDEMOG1_1(1.0),A,ITG28,GROWTHRATET,2016,-6.3,,,,TIPO_DATO15__GROWTHRATET_N1,,,
IT1:22_293_DF_DCIS_INDDEMOG1_1(1.0),A,ITG28,GROWTHRATET,2017,-4.7,,,,TIPO_DATO15__GROWTHRATET_N1,,,
IT1:22_293_DF_DCIS_INDDEMOG1_1(1.0),A,ITG28,GROWTHRATET,2018,-10,,,,TIPO_DATO15__GROWTHRATET_N1,,,
IT1:22_293_DF_DCIS_INDDEMOG1_1(1.0),A,ITG28,GROWTHRATET,2019,-10.6,,,,TIPO_DATO15__GROWTHRATET_N1,,,
IT1:22_293_DF_DCIS_INDDEMOG1_1(1.0),A,ITG28,GROWTHRATET,2020,-16.7,,,,TIPO_DATO15__GROWTHRATET_N1,,,
IT1:22_293_DF_DCIS_INDDEMOG1_1(1.0),A,ITG28,GROWTHRATET,2021,-5,,,,TIPO_DATO15__GROWTHRATET_N1,,,
IT1:22_293_DF_DCIS_INDDEMOG1_1(1.0),A,ITG28,GROWTHRATET,2022,-8.8,,,,TIPO_DATO15__GROWTHRATET_N1,,,
IT1:22_293_DF_DCIS_INDDEMOG1_1(1.0),A,ITG28,GROWTHRATET,2023,-8.3,,,,TIPO_DATO15__GROWTHRATET_N1,,,
IT1:22_293_DF_DCIS_INDDEMOG1_1(1.0),A,ITG28,GROWTHRATET,2024,-7.3,,,,TIPO_DATO15__GROWTHRATET_N1,,,
IT1:22_293_DF_DCIS_INDDEMOG1_1(1.0),A,ITG28,GROWTHRATET,2025,-8.3,p,,,TIPO_DATO15__GROWTHRATET_N1,,,
