DATAFLOW,FREQ,REF_AREA,DATA_TYPE,TIME_PERIOD,OBS_VALUE,OBS_STATUS,NOTE_DS,NOTE_REF_AREA,NOTE_DATA_TYPE,BASE_PER,UNIT_MEAS,UNIT_MULT
IT1:22_293_DF_DCIS_INDDEMOG1_1(1.0),A,IT,LIFEEXP65F,2015,21.9,,,,TIPO_DATO15__LIFEEXP65F_N1,,,
IT1:22_293_DF_DCIS_INDDEMOG1_1(1.0),A,IT,LIFEEXP65F,2016,22.4,,,,TIPO_DATO15__LIFEEXP65F_N1,,,
IT1:22_293_DF_DCIS_INDDEMOG1_1(1.0),A,IT,LIFEEXP65F,2017,22.1,,,,TIPO_DATO15__LIFEEXP65F_N1,,,
IT1:22_293_DF_DCIS_INDDEMOG1_1(1.0),A,IT,LIFEEXP65F,2018,22.4,,,,TIPO_DATO15__LIFEEXP65F_N1,,,
IT1:22_293_DF_DCIS_INDDEMOG1_1(1.0),A,IT,LIFEEXP65F,2019,22.6,,,,TIPO_DATO15__LIFEEXP65F_N1,,,
IT1:22_293_DF_DCIS_INDDEMOG1_1(1.0),A,IT,LIFEEXP65F,2020,21.7,,,,TIPO_DATO15__LIFEEXP65F_N1,,,
IT1:22_293_DF_DCIS_INDDEMOG1_1(1.0),A,IT,LIFEEXP65F,2021,22,,,,TIPO_DATO15__LIFEEXP65F_N1,,,
IT1:22_293_DF_DCIS_INDDEMOG1_1(1.0),A,IT,LIFEEXP65F,2022,21.9,,,,TIPO_DATO15__LIFEEXP65F_N1,,,
IT1:22_293_DF_DCIS_INDDEMOG1_1(1.0),A,IT,LIFEEXP65F,2023,22.3,,,,TIPO_DATO15__LIFEEXP65F_N1,,,
IT1:22_293_DF_DCIS_INDDEMOG1_1(1.0),A,IT,LIFEEXP65F,2024,22.7,,,,TIPO_DATO15__LIFEEXP65F_N1,,,
IT1:22_293_DF_DCIS_INDDEMOG1_1(1.0),A,IT,LIFEEXP65F,2025,22.8,e,,,TIPO_DATO15__LIFEEXP65F_N1,,,
IT1:22_293_DF_DCIS_INDDEMOG1_1(1.0),A,IT108,LIFEEXP65F,2015,22.3,,,,TIPO_DATO15__LIFEEXP65F_N1,,,
IT1:22_293_DF_DCIS_INDDEMOG1_1(1.0),A,IT108,LIFEEXP65F,2016,23.1,,,,TIPO_DATO15__LIFEEXP65F_N1,,,
IT1:22_293_DF_DCIS_INDDEMOG1_1(1.0),A,IT108,LIFEEXP65F,2017,22.9,,,,TIPO_DATO15__LIFEEXP65F_N1,,,
IT1:22_293_DF_DCIS_INDDEMOG1_1(1.0),A,IT108,LIFEEXP65F,2018,22.8,,,,TIPO_DATO15__LIFEEXP65F_N1,,,
IT1:22_293_DF_DCIS_INDDEMOG1_1(1.0),A,IT108,LIFEEXP65F,2019,23.2,,,,TIPO_DATO15__LIFEEXP65F_N1,,,
IT1:22_293_DF_DCIS_INDDEMOG1_1(1.0),A,IT108,LIFEEXP65F,2020,21.7,,,,TIPO_DATO15__LIFEEXP65F_N1,,,
IT1:22_293_DF_DCIS_INDDEMOG1_1(1.0),A,IT108,LIFEEXP65F,2021,22.9,,,,TIPO_DATO15__LIFEEXP65F_N1,,,
IT1:22_293_DF_DCIS_INDDEMOG1_1(1.0),A,IT108,LIFEEXP65F,2022,22.5,,,,TIPO_DATO15__LIFEEXP65F_N1,,,
IT1:22_293_DF_DCIS_INDDEMOG1_1(1.0),A,IT108,LIFEEXP65F,2023,23.4,,,,TIPO_DATO15__LIFEEXP65F_N1,,,
IT1:22_293_DF_DCIS_INDDEMOG1_1(1.0),A,IT108,LIFEEXP65F,2024,23.4,,,,TIPO_DATO15__LIFEEXP65F_N1,,,
IT1:22_293_DF_DCIS_INDDEMOG1_1(1.0),A,IT108,LIFEEXP65F,2025,23.4,e,,,TIPO_DATO15__LIFEEXP65F_N1,,,
IT1:22_293_DF_DCIS_INDDEMOG1_1(1.0),A,IT109,LIFEEXP65F,2015,22.3,,,,TIPO_DATO15__LIFEEXP65F_N1,,,
IT1:22_293_DF_DCIS_INDDEMOG1_1(1.0),A,IT109,LIFEEXP65F,2016,22.8,,,,TIPO_DATO15__LIFEEXP65F_N1,,,
IT1:22_293_DF_DCIS_INDDEMOG1_1(1.0),A,IT109,LIFEEXP65F,2017,21.8,,,,TIPO_DATO15__LIFEEXP65F_N1,,,
IT1:22_293_DF_DCIS_INDDEMOG1_1(1.0),A,IT109,LIFEEXP65F,2018,22.9,,,,TIPO_DATO15__LIFEEXP65F_N1,,,
IT1:22_293_DF_DCIS_INDDEMOG1_1(1.0),A,IT109,LIFEEXP65F,2019,22.7,,,,TIPO_DATO15__LIFEEXP65F_N1,,,
IT1:22_293_DF_DCIS_INDDEMOG1_1(1.0),A,IT109,LIFEEXP65F,2020,22.4,,,,TIPO_DATO15__LIFEEXP65F_N1,,,
IT1:22_293_DF_DCIS_INDDEMOG1_1(1.0),A,IT109,LIFEEXP65F,2021,21.8,,,,TIPO_DATO15__LIFEEXP65F_N1,,,
IT1:22_293_DF_DCIS_INDDEMOG1_1(1.0),A,IT109,LIFEEXP65F,2022,22.4,,,,TIPO_DATO15__LIFEEXP65F_N1,,,
IT1:22_293_DF_DCIS_INDDEMOG1_1(1.0),A,IT109,LIFEEXP65F,2023,22.9,,,,TIPO_DATO15__LIFEEXP65F_N1,,,
IT1:22_293_DF_DCIS_INDDEMOG1_1(1.0),A,IT109,LIFEEXP65F,2024,23.1,,,,TIPO_DATO15__LIFEEXP65F_N1,,,
IT1:22_293_DF_DCIS_INDDEMOG1_1(1.0),A,IT109,LIFEEXP65F,2025,23.4,e,,,TIPO_DATO15__LIFEEXP65F_N1,,,
IT1:22_293_DF_DCIS_INDDEMOG1_1(1.0),A,IT110,LIFEEXP65F,2015,21.2,,,,TIPO_DATO15__LIFEEXP65F_N1,,,
IT1:22_293_DF_DCIS_INDDEMOG1_1(1.0),A,IT110,LIFEEXP65F,2016,21.9,,,,TIPO_DATO15__LIFEEXP65F_N1,,,
IT1:22_293_DF_DCIS_INDDEMOG1_1(1.0),A,IT110,LIFEEXP65F,2017,21.5,,,,TIPO_DATO15__LIFEEXP65F_N1,,,
IT1:22_293_DF_DCIS_INDDEMOG1_1(1.0),A,IT110,LIFEEXP65F,2018,22.1,,,,TIPO_DATO15__LIFEEXP65F_N1,,,
IT1:22_293_DF_DCIS_INDDEMOG1_1(1.0),A,IT110,LIFEEXP65F,2019,22.1,,,,TIPO_DATO15__LIFEEXP65F_N1,,,
IT1:22_293_DF_DCIS_INDDEMOG1_1(1.0),A,IT110,LIFEEXP65F,2020,21.2,,,,TIPO_DATO15__LIFEEXP65F_N1,,,
IT1:22_293_DF_DCIS_INDDEMOG1_1(1.0),A,IT110,LIFEEXP65F,2021,21,,,,TIPO_DATO15__LIFEEXP65F_N1,,,
IT1:22_293_DF_DCIS_INDDEMOG1_1(1.0),A,IT110,LIFEEXP65F,2022,21.9,,,,TIPO_DATO15__LIFEEXP65F_N1,,,
IT1:22_293_DF_DCIS_INDDEMOG1_1(1.0),A,IT110,LIFEEXP65F,2023,21.7,,,,TIPO_DATO15__LIFEEXP65F_N1,,,
IT1:22_293_DF_DCIS_INDDEMOG1_1(1.0),A,IT110,LIFEEXP65F,2024,22.5,,,,TIPO_DATO15__LIFEEXP65F_N1,,,
IT1:22_293_DF_DCIS_INDDEMOG1_1(1.0),A,IT110,LIFEEXP65F,2025,22.3,e,,,TIPO_DATO15__LIFEEXP65F_N1,,,
IT1:22_293_DF_DCIS_INDDEMOG1_1(1.0),A,IT111,LIFEEXP65F,2015,22.5,,,,TIPO_DATO15__LIFEEXP65F_N1,,,
IT1:22_293_DF_DCIS_INDDEMOG1_1(1.0),A,IT111,LIFEEXP65F,2016,23.4,,,,TIPO_DATO15__LIFEEXP65F_N1,,,
IT1:22_293_DF_DCIS_INDDEMOG1_1(1.0),A,IT111,LIFEEXP65F,2017,22.6,,,,TIPO_DATO15__LIFEEXP65F_N1,,,
IT1:22_293_DF_DCIS_INDDEMOG1_1(1.0),A,IT111,LIFEEXP65F,2018,23.2,,,,TIPO_DATO15__LIFEEXP65F_N1,,,
IT1:22_293_DF_DCIS_INDDEMOG1_1(1.0),A,IT111,LIFEEXP65F,2019,23.2,,,,TIPO_DATO15__LIFEEXP65F_N1,,,
IT1:22_293_DF_DCIS_INDDEMOG1_1(1.0),A,IT111,LIFEEXP65F,2020,22.7,,,,TIPO_DATO15__LIFEEXP65F_N1,,,
IT1:22_293_DF_DCIS_INDDEMOG1_1(1.0),A,IT111,LIFEEXP65F,2021,22.3,,,,TIPO_DATO15__LIFEEXP65F_N1,,,
IT1:22_293_DF_DCIS_INDDEMOG1_1(1.0),A,IT111,LIFEEXP65F,2022,22,,,,TIPO_DATO15__LIFEEXP65F_N1,,,
IT1:22_293_DF_DCIS_INDDEMOG1_1(1.0),A,IT111,LIFEEXP65F,2023,22.6,,,,TIPO_DATO15__LIFEEXP65F_N1,,,
IT1:22_293_DF_DCIS_INDDEMOG1_1(1.0),A,IT111,LIFEEXP65F,2024,22.9,,,,TIPO_DATO15__LIFEEXP65F_N1,,,
IT1:22_293_DF_DCIS_INDDEMOG1_1(1.0),A,IT111,LIFEEXP65F,2025,23,e,,,TIPO_DATO15__LIFEEXP65F_N1,,,
IT1:22_293_DF_DCIS_INDDEMOG1_1(1.0),A,ITC,LIFEEXP65F,2015,22.1,,,,TIPO_DATO15__LIFEEXP65F_N1,,,
IT1:22_293_DF_DCIS_INDDEMOG1_1(1.0),A,ITC,LIFEEXP65F,2016,22.6,,,,TIPO_DATO15__LIFEEXP65F_N1,,,
IT1:22_293_DF_DCIS_INDDEMOG1_1(1.0),A,ITC,LIFEEXP65F,2017,22.4,,,,TIPO_DATO15__LIFEEXP65F_N1,,,
IT1:22_293_DF_DCIS_INDDEMOG1_1(1.0),A,ITC,LIFEEXP65F,2018,22.5,,,,TIPO_DATO15__LIFEEXP65F_N1,,,
IT1:22_293_DF_DCIS_INDDEMOG1_1(1.0),A,ITC,LIFEEXP65F,2019,22.7,,,,TIPO_DATO15__LIFEEXP65F_N1,,,
IT1:22_293_DF_DCIS_INDDEMOG1_1(1.0),A,ITC,LIFEEXP65F,2020,21.1,,,,TIPO_DATO15__LIFEEXP65F_N1,,,
IT1:22_293_DF_DCIS_INDDEMOG1_1(1.0),A,ITC,LIFEEXP65F,2021,22.3,,,,TIPO_DATO15__LIFEEXP65F_N1,,,
IT1:22_293_DF_DCIS_INDDEMOG1_1(1.0),A,ITC,LIFEEXP65F,2022,22.1,,,,TIPO_DATO15__LIFEEXP65F_N1,,,
IT1:22_293_DF_DCIS_INDDEMOG1_1(1.0),A,ITC,LIFEEXP65F,2023,22.7,,,,TIPO_DATO15__LIFEEXP65F_N1,,,
IT1:22_293_DF_DCIS_INDDEMOG1_1(1.0),A,ITC,LIFEEXP65F,2024,23,,,,TIPO_DATO15__LIFEEXP65F_N1,,,
IT1:22_293_DF_DCIS_INDDEMOG1_1(1.0),A,ITC,LIFEEXP65F,2025,23,e,,,TIPO_DATO15__LIFEEXP65F_N1,,,
IT1:22_293_DF_DCIS_INDDEMOG1_1(1.0),A,ITC1,LIFEEXP65F,2015,21.8,,,,TIPO_DATO15__LIFEEXP65F_N1,,,
IT1:22_293_DF_DCIS_INDDEMOG1_1(1.0),A,ITC1,LIFEEXP65F,2016,22.3,,,,TIPO_DATO15__LIFEEXP65F_N1,,,
IT1:22_293_DF_DCIS_INDDEMOG1_1(1.0),A,ITC1,LIFEEXP65F,2017,22,,,,TIPO_DATO15__LIFEEXP65F_N1,,,
IT1:22_293_DF_DCIS_INDDEMOG1_1(1.0),A,ITC1,LIFEEXP65F,2018,22.2,,,,TIPO_DATO15__LIFEEXP65F_N1,,,
IT1:22_293_DF_DCIS_INDDEMOG1_1(1.0),A,ITC1,LIFEEXP65F,2019,22.4,,,,TIPO_DATO15__LIFEEXP65F_N1,,,
IT1:22_293_DF_DCIS_INDDEMOG1_1(1.0),A,ITC1,LIFEEXP65F,2020,21.1,,,,TIPO_DATO15__LIFEEXP65F_N1,,,
IT1:22_293_DF_DCIS_INDDEMOG1_1(1.0),A,ITC1,LIFEEXP65F,2021,22,,,,TIPO_DATO15__LIFEEXP65F_N1,,,
IT1:22_293_DF_DCIS_INDDEMOG1_1(1.0),A,ITC1,LIFEEXP65F,2022,21.8,,,,TIPO_DATO15__LIFEEXP65F_N1,,,
IT1:22_293_DF_DCIS_INDDEMOG1_1(1.0),A,ITC1,LIFEEXP65F,2023,22.3,,,,TIPO_DATO15__LIFEEXP65F_N1,,,
IT1:22_293_DF_DCIS_INDDEMOG1_1(1.0),A,ITC1,LIFEEXP65F,2024,22.7,,,,TIPO_DATO15__LIFEEXP65F_N1,,,
IT1:22_293_DF_DCIS_INDDEMOG1_1(1.0),A,ITC1,LIFEEXP65F,2025,22.8,e,,,TIPO_DATO15__LIFEEXP65F_N1,,,
IT1:22_293_DF_DCIS_INDDEMOG1_1(1.0),A,ITC11,LIFEEXP65F,2015,22,,,,TIPO_DATO15__LIFEEXP65F_N1,,,
IT1:22_293_DF_DCIS_INDDEMOG1_1(1.0),A,ITC11,LIFEEXP65F,2016,22.6,,,,TIPO_DATO15__LIFEEXP65F_N1,,,
IT1:22_293_DF_DCIS_INDDEMOG1_1(1.0),A,ITC11,LIFEEXP65F,2017,22.2,,,,TIPO_DATO15__LIFEEXP65F_N1,,,
IT1:22_293_DF_DCIS_INDDEMOG1_1(1.0),A,ITC11,LIFEEXP65F,2018,22.4,,,,TIPO_DATO15__LIFEEXP65F_N1,,,
IT1:22_293_DF_DCIS_INDDEMOG1_1(1.0),A,ITC11,LIFEEXP65F,2019,22.7,,,,TIPO_DATO15__LIFEEXP65F_N1,,,
IT1:22_293_DF_DCIS_INDDEMOG1_1(1.0),A,ITC11,LIFEEXP65F,2020,21.4,,,,TIPO_DATO15__LIFEEXP65F_N1,,,
IT1:22_293_DF_DCIS_INDDEMOG1_1(1.0),A,ITC11,LIFEEXP65F,2021,22.1,,,,TIPO_DATO15__LIFEEXP65F_N1,,,
IT1:22_293_DF_DCIS_INDDEMOG1_1(1.0),A,ITC11,LIFEEXP65F,2022,21.9,,,,TIPO_DATO15__LIFEEXP65F_N1,,,
IT1:22_293_DF_DCIS_INDDEMOG1_1(1.0),A,ITC11,LIFEEXP65F,2023,22.5,,,,TIPO_DATO15__LIFEEXP65F_N1,,,
IT1:22_293_DF_DCIS_INDDEMOG1_1(1.0),A,ITC11,LIFEEXP65F,2024,22.9,,,,TIPO_DATO15__LIFEEXP65F_N1,,,
IT1:22_293_DF_DCIS_INDDEMOG1_1(1.0),A,ITC11,LIFEEXP65F,2025,23.1,e,,,TIPO_DATO15__LIFEEXP65F_N1,,,
IT1:22_293_DF_DCIS_INDDEMOG1_1(1.0),A,ITC12,LIFEEXP65F,2015,22.1,,,,TIPO_DATO15__LIFEEXP65F_N1,,,
IT1:22_293_DF_DCIS_INDDEMOG1_1(1.0),A,ITC12,LIFEEXP65F,2016,22,,,,TIPO_DATO15__LIFEEXP65F_N1,,,
IT1:22_293_DF_DCIS_INDDEMOG1_1(1.0),A,ITC12,LIFEEXP65F,2017,21.6,,,,TIPO_DATO15__LIFEEXP65F_N1,,,
IT1:22_293_DF_DCIS_INDDEMOG1_1(1.0),A,ITC12,LIFEEXP65F,2018,21.9,,,,TIPO_DATO15__LIFEEXP65F_N1,,,
IT1:22_293_DF_DCIS_INDDEMOG1_1(1.0),A,ITC12,LIFEEXP65F,2019,22,,,,TIPO_DATO15__LIFEEXP65F_N1,,,
IT1:22_293_DF_DCIS_INDDEMOG1_1(1.0),A,ITC12,LIFEEXP65F,2020,20.1,,,,TIPO_DATO15__LIFEEXP65F_N1,,,
IT1:22_293_DF_DCIS_INDDEMOG1_1(1.0),A,ITC12,LIFEEXP65F,2021,21.5,,,,TIPO_DATO15__LIFEEXP65F_N1,,,
IT1:22_293_DF_DCIS_INDDEMOG1_1(1.0),A,ITC12,LIFEEXP65F,2022,21.5,,,,TIPO_DATO15__LIFEEXP65F_N1,,,
IT1:22_293_DF_DCIS_INDDEMOG1_1(1.0),A,ITC12,LIFEEXP65F,2023,22.2,,,,TIPO_DATO15__LIFEEXP65F_N1,,,
IT1:22_293_DF_DCIS_INDDEMOG1_1(1.0),A,ITC12,LIFEEXP65F,2024,22.5,,,,TIPO_DATO15__LIFEEXP65F_N1,,,
IT1:22_293_DF_DCIS_INDDEMOG1_1(1.0),A,ITC12,LIFEEXP65F,2025,22.4,e,,,TIPO_DATO15__LIFEEXP65F_N1,,,
IT1:22_293_DF_DCIS_INDDEMOG1_1(1.0),A,ITC13,LIFEEXP65F,2015,22.1,,,,TIPO_DATO15__LIFEEXP65F_N1,,,
IT1:22_293_DF_DCIS_INDDEMOG1_1(1.0),A,ITC13,LIFEEXP65F,2016,22.2,,,,TIPO_DATO15__LIFEEXP65F_N1,,,
IT1:22_293_DF_DCIS_INDDEMOG1_1(1.0),A,ITC13,LIFEEXP65F,2017,22.4,,,,TIPO_DATO15__LIFEEXP65F_N1,,,
IT1:22_293_DF_DCIS_INDDEMOG1_1(1.0),A,ITC13,LIFEEXP65F,2018,22.4,,,,TIPO_DATO15__LIFEEXP65F_N1,,,
IT1:22_293_DF_DCIS_INDDEMOG1_1(1.0),A,ITC13,LIFEEXP65F,2019,22.7,,,,TIPO_DATO15__LIFEEXP65F_N1,,,
IT1:22_293_DF_DCIS_INDDEMOG1_1(1.0),A,ITC13,LIFEEXP65F,2020,21.5,,,,TIPO_DATO15__LIFEEXP65F_N1,,,
IT1:22_293_DF_DCIS_INDDEMOG1_1(1.0),A,ITC13,LIFEEXP65F,2021,22.4,,,,TIPO_DATO15__LIFEEXP65F_N1,,,
IT1:22_293_DF_DCIS_INDDEMOG1_1(1.0),A,ITC13,LIFEEXP65F,2022,22,,,,TIPO_DATO15__LIFEEXP65F_N1,,,
IT1:22_293_DF_DCIS_INDDEMOG1_1(1.0),A,ITC13,LIFEEXP65F,2023,23,,,,TIPO_DATO15__LIFEEXP65F_N1,,,
IT1:22_293_DF_DCIS_INDDEMOG1_1(1.0),A,ITC13,LIFEEXP65F,2024,22.4,,,,TIPO_DATO15__LIFEEXP65F_N1,,,
IT1:22_293_DF_DCIS_INDDEMOG1_1(1.0),A,ITC13,LIFEEXP65F,2025,22.8,e,,,TIPO_DATO15__LIFEEXP65F_N1,,,
IT1:22_293_DF_DCIS_INDDEMOG1_1(1.0),A,ITC14,LIFEEXP65F,2015,22.2,,,,TIPO_DATO15__LIFEEXP65F_N1,,,
IT1:22_293_DF_DCIS_INDDEMOG1_1(1.0),A,ITC14,LIFEEXP65F,2016,23,,,,TIPO_DATO15__LIFEEXP65F_N1,,,
IT1:22_293_DF_DCIS_INDDEMOG1_1(1.0),A,ITC14,LIFEEXP65F,2017,22.3,,,,TIPO_DATO15__LIFEEXP65F_N1,,,
IT1:22_293_DF_DCIS_INDDEMOG1_1(1.0),A,ITC14,LIFEEXP65F,2018,22.6,,,,TIPO_DATO15__LIFEEXP65F_N1,,,
IT1:22_293_DF_DCIS_INDDEMOG1_1(1.0),A,ITC14,LIFEEXP65F,2019,22.9,,,,TIPO_DATO15__LIFEEXP65F_N1,,,
IT1:22_293_DF_DCIS_INDDEMOG1_1(1.0),A,ITC14,LIFEEXP65F,2020,21.7,,,,TIPO_DATO15__LIFEEXP65F_N1,,,
IT1:22_293_DF_DCIS_INDDEMOG1_1(1.0),A,ITC14,LIFEEXP65F,2021,22.5,,,,TIPO_DATO15__LIFEEXP65F_N1,,,
IT1:22_293_DF_DCIS_INDDEMOG1_1(1.0),A,ITC14,LIFEEXP65F,2022,22,,,,TIPO_DATO15__LIFEEXP65F_N1,,,
IT1:22_293_DF_DCIS_INDDEMOG1_1(1.0),A,ITC14,LIFEEXP65F,2023,22.3,,,,TIPO_DATO15__LIFEEXP65F_N1,,,
IT1:22_293_DF_DCIS_INDDEMOG1_1(1.0),A,ITC14,LIFEEXP65F,2024,22.8,,,,TIPO_DATO15__LIFEEXP65F_N1,,,
IT1:22_293_DF_DCIS_INDDEMOG1_1(1.0),A,ITC14,LIFEEXP65F,2025,22.9,e,,,TIPO_DATO15__LIFEEXP65F_N1,,,
IT1:22_293_DF_DCIS_INDDEMOG1_1(1.0),A,ITC15,LIFEEXP65F,2015,22.1,,,,TIPO_DATO15__LIFEEXP65F_N1,,,
IT1:22_293_DF_DCIS_INDDEMOG1_1(1.0),A,ITC15,LIFEEXP65F,2016,22.3,,,,TIPO_DATO15__LIFEEXP65F_N1,,,
IT1:22_293_DF_DCIS_INDDEMOG1_1(1.0),A,ITC15,LIFEEXP65F,2017,22.4,,,,TIPO_DATO15__LIFEEXP65F_N1,,,
IT1:22_293_DF_DCIS_INDDEMOG1_1(1.0),A,ITC15,LIFEEXP65F,2018,22.2,,,,TIPO_DATO15__LIFEEXP65F_N1,,,
IT1:22_293_DF_DCIS_INDDEMOG1_1(1.0),A,ITC15,LIFEEXP65F,2019,22.3,,,,TIPO_DATO15__LIFEEXP65F_N1,,,
IT1:22_293_DF_DCIS_INDDEMOG1_1(1.0),A,ITC15,LIFEEXP65F,2020,21.3,,,,TIPO_DATO15__LIFEEXP65F_N1,,,
IT1:22_293_DF_DCIS_INDDEMOG1_1(1.0),A,ITC15,LIFEEXP65F,2021,22.5,,,,TIPO_DATO15__LIFEEXP65F_N1,,,
IT1:22_293_DF_DCIS_INDDEMOG1_1(1.0),A,ITC15,LIFEEXP65F,2022,22,,,,TIPO_DATO15__LIFEEXP65F_N1,,,
IT1:22_293_DF_DCIS_INDDEMOG1_1(1.0),A,ITC15,LIFEEXP65F,2023,22.6,,,,TIPO_DATO15__LIFEEXP65F_N1,,,
IT1:22_293_DF_DCIS_INDDEMOG1_1(1.0),A,ITC15,LIFEEXP65F,2024,22.9,,,,TIPO_DATO15__LIFEEXP65F_N1,,,
IT1:22_293_DF_DCIS_INDDEMOG1_1(1.0),A,ITC15,LIFEEXP65F,2025,22.9,e,,,TIPO_DATO15__LIFEEXP65F_N1,,,
IT1:22_293_DF_DCIS_INDDEMOG1_1(1.0),A,ITC16,LIFEEXP65F,2015,21.8,,,,TIPO_DATO15__LIFEEXP65F_N1,,,
IT1:22_293_DF_DCIS_INDDEMOG1_1(1.0),A,ITC16,LIFEEXP65F,2016,22.1,,,,TIPO_DATO15__LIFEEXP65F_N1,,,
IT1:22_293_DF_DCIS_INDDEMOG1_1(1.0),A,ITC16,LIFEEXP65F,2017,22.1,,,,TIPO_DATO15__LIFEEXP65F_N1,,,
IT1:22_293_DF_DCIS_INDDEMOG1_1(1.0),A,ITC16,LIFEEXP65F,2018,22.2,,,,TIPO_DATO15__LIFEEXP65F_N1,,,
IT1:22_293_DF_DCIS_INDDEMOG1_1(1.0),A,ITC16,LIFEEXP65F,2019,22.5,,,,TIPO_DATO15__LIFEEXP65F_N1,,,
IT1:22_293_DF_DCIS_INDDEMOG1_1(1.0),A,ITC16,LIFEEXP65F,2020,21.2,,,,TIPO_DATO15__LIFEEXP65F_N1,,,
IT1:22_293_DF_DCIS_INDDEMOG1_1(1.0),A,ITC16,LIFEEXP65F,2021,22,,,,TIPO_DATO15__LIFEEXP65F_N1,,,
IT1:22_293_DF_DCIS_INDDEMOG1_1(1.0),A,ITC16,LIFEEXP65F,2022,21.7,,,,TIPO_DATO15__LIFEEXP65F_N1,,,
IT1:22_293_DF_DCIS_INDDEMOG1_1(1.0),A,ITC16,LIFEEXP65F,2023,22.4,,,,TIPO_DATO15__LIFEEXP65F_N1,,,
IT1:22_293_DF_DCIS_INDDEMOG1_1(1.0),A,ITC16,LIFEEXP65F,2024,22.7,,,,TIPO_DATO15__LIFEEXP65F_N1,,,
IT1:22_293_DF_DCIS_INDDEMOG1_1(1.0),A,ITC16,LIFEEXP65F,2025,22.7,e,,,TIPO_DATO15__LIFEEXP65F_N1,,,
IT1:22_293_DF_DCIS_INDDEMOG1_1(1.0),A,ITC17,LIFEEXP65F,2015,21.2,,,,TIPO_DATO15__LIFEEXP65F_N1,,,
IT1:22_293_DF_DCIS_INDDEMOG1_1(1.0),A,ITC17,LIFEEXP65F,2016,21.6,,,,TIPO_DATO15__LIFEEXP65F_N1,,,
IT1:22_293_DF_DCIS_INDDEMOG1_1(1.0),A,ITC17,LIFEEXP65F,2017,21.6,,,,TIPO_DATO15__LIFEEXP65F_N1,,,
IT1:22_293_DF_DCIS_INDDEMOG1_1(1.0),A,ITC17,LIFEEXP65F,2018,21.6,,,,TIPO_DATO15__LIFEEXP65F_N1,,,
IT1:22_293_DF_DCIS_INDDEMOG1_1(1.0),A,ITC17,LIFEEXP65F,2019,22,,,,TIPO_DATO15__LIFEEXP65F_N1,,,
IT1:22_293_DF_DCIS_INDDEMOG1_1(1.0),A,ITC17,LIFEEXP65F,2020,20.5,,,,TIPO_DATO15__LIFEEXP65F_N1,,,
IT1:22_293_DF_DCIS_INDDEMOG1_1(1.0),A,ITC17,LIFEEXP65F,2021,21.5,,,,TIPO_DATO15__LIFEEXP65F_N1,,,
IT1:22_293_DF_DCIS_INDDEMOG1_1(1.0),A,ITC17,LIFEEXP65F,2022,21.5,,,,TIPO_DATO15__LIFEEXP65F_N1,,,
IT1:22_293_DF_DCIS_INDDEMOG1_1(1.0),A,ITC17,LIFEEXP65F,2023,22.5,,,,TIPO_DATO15__LIFEEXP65F_N1,,,
IT1:22_293_DF_DCIS_INDDEMOG1_1(1.0),A,ITC17,LIFEEXP65F,2024,22.8,,,,TIPO_DATO15__LIFEEXP65F_N1,,,
IT1:22_293_DF_DCIS_INDDEMOG1_1(1.0),A,ITC17,LIFEEXP65F,2025,22.6,e,,,TIPO_DATO15__LIFEEXP65F_N1,,,
IT1:22_293_DF_DCIS_INDDEMOG1_1(1.0),A,ITC18,LIFEEXP65F,2015,21.3,,,,TIPO_DATO15__LIFEEXP65F_N1,,,
IT1:22_293_DF_DCIS_INDDEMOG1_1(1.0),A,ITC18,LIFEEXP65F,2016,21.9,,,,TIPO_DATO15__LIFEEXP65F_N1,,,
IT1:22_293_DF_DCIS_INDDEMOG1_1(1.0),A,ITC18,LIFEEXP65F,2017,21.5,,,,TIPO_DATO15__LIFEEXP65F_N1,,,
IT1:22_293_DF_DCIS_INDDEMOG1_1(1.0),A,ITC18,LIFEEXP65F,2018,21.9,,,,TIPO_DATO15__LIFEEXP65F_N1,,,
IT1:22_293_DF_DCIS_INDDEMOG1_1(1.0),A,ITC18,LIFEEXP65F,2019,21.9,,,,TIPO_DATO15__LIFEEXP65F_N1,,,
IT1:22_293_DF_DCIS_INDDEMOG1_1(1.0),A,ITC18,LIFEEXP65F,2020,20.4,,,,TIPO_DATO15__LIFEEXP65F_N1,,,
IT1:22_293_DF_DCIS_INDDEMOG1_1(1.0),A,ITC18,LIFEEXP65F,2021,21.8,,,,TIPO_DATO15__LIFEEXP65F_N1,,,
IT1:22_293_DF_DCIS_INDDEMOG1_1(1.0),A,ITC18,LIFEEXP65F,2022,21.2,,,,TIPO_DATO15__LIFEEXP65F_N1,,,
IT1:22_293_DF_DCIS_INDDEMOG1_1(1.0),A,ITC18,LIFEEXP65F,2023,21.9,,,,TIPO_DATO15__LIFEEXP65F_N1,,,
IT1:22_293_DF_DCIS_INDDEMOG1_1(1.0),A,ITC18,LIFEEXP65F,2024,22.4,,,,TIPO_DATO15__LIFEEXP65F_N1,,,
IT1:22_293_DF_DCIS_INDDEMOG1_1(1.0),A,ITC18,LIFEEXP65F,2025,22.2,e,,,TIPO_DATO15__LIFEEXP65F_N1,,,
IT1:22_293_DF_DCIS_INDDEMOG1_1(1.0),A,ITC2,LIFEEXP65F,2015,21.6,,,,TIPO_DATO15__LIFEEXP65F_N1,,,
IT1:22_293_DF_DCIS_INDDEMOG1_1(1.0),A,ITC2,LIFEEXP65F,2016,22.5,,,,TIPO_DATO15__LIFEEXP65F_N1,,,
IT1:22_293_DF_DCIS_INDDEMOG1_1(1.0),A,ITC2,LIFEEXP65F,2017,22.2,,,,TIPO_DATO15__LIFEEXP65F_N1,,,
IT1:22_293_DF_DCIS_INDDEMOG1_1(1.0),A,ITC2,LIFEEXP65F,2018,22.3,,,,TIPO_DATO15__LIFEEXP65F_N1,,,
IT1:22_293_DF_DCIS_INDDEMOG1_1(1.0),A,ITC2,LIFEEXP65F,2019,22.9,,,,TIPO_DATO15__LIFEEXP65F_N1,,,
IT1:22_293_DF_DCIS_INDDEMOG1_1(1.0),A,ITC2,LIFEEXP65F,2020,20.6,,,,TIPO_DATO15__LIFEEXP65F_N1,,,
IT1:22_293_DF_DCIS_INDDEMOG1_1(1.0),A,ITC2,LIFEEXP65F,2021,22.1,,,,TIPO_DATO15__LIFEEXP65F_N1,,,
IT1:22_293_DF_DCIS_INDDEMOG1_1(1.0),A,ITC2,LIFEEXP65F,2022,22.2,,,,TIPO_DATO15__LIFEEXP65F_N1,,,
IT1:22_293_DF_DCIS_INDDEMOG1_1(1.0),A,ITC2,LIFEEXP65F,2023,22.6,,,,TIPO_DATO15__LIFEEXP65F_N1,,,
IT1:22_293_DF_DCIS_INDDEMOG1_1(1.0),A,ITC2,LIFEEXP65F,2024,22.6,,,,TIPO_DATO15__LIFEEXP65F_N1,,,
IT1:22_293_DF_DCIS_INDDEMOG1_1(1.0),A,ITC2,LIFEEXP65F,2025,22.5,e,,,TIPO_DATO15__LIFEEXP65F_N1,,,
IT1:22_293_DF_DCIS_INDDEMOG1_1(1.0),A,ITC20,LIFEEXP65F,2015,21.6,,,,TIPO_DATO15__LIFEEXP65F_N1,,,
IT1:22_293_DF_DCIS_INDDEMOG1_1(1.0),A,ITC20,LIFEEXP65F,2016,22.5,,,,TIPO_DATO15__LIFEEXP65F_N1,,,
IT1:22_293_DF_DCIS_INDDEMOG1_1(1.0),A,ITC20,LIFEEXP65F,2017,22.2,,,,TIPO_DATO15__LIFEEXP65F_N1,,,
IT1:22_293_DF_DCIS_INDDEMOG1_1(1.0),A,ITC20,LIFEEXP65F,2018,22.3,,,,TIPO_DATO15__LIFEEXP65F_N1,,,
IT1:22_293_DF_DCIS_INDDEMOG1_1(1.0),A,ITC20,LIFEEXP65F,2019,22.9,,,,TIPO_DATO15__LIFEEXP65F_N1,,,
IT1:22_293_DF_DCIS_INDDEMOG1_1(1.0),A,ITC20,LIFEEXP65F,2020,20.6,,,,TIPO_DATO15__LIFEEXP65F_N1,,,
IT1:22_293_DF_DCIS_INDDEMOG1_1(1.0),A,ITC20,LIFEEXP65F,2021,22.1,,,,TIPO_DATO15__LIFEEXP65F_N1,,,
IT1:22_293_DF_DCIS_INDDEMOG1_1(1.0),A,ITC20,LIFEEXP65F,2022,22.2,,,,TIPO_DATO15__LIFEEXP65F_N1,,,
IT1:22_293_DF_DCIS_INDDEMOG1_1(1.0),A,ITC20,LIFEEXP65F,2023,22.6,,,,TIPO_DATO15__LIFEEXP65F_N1,,,
IT1:22_293_DF_DCIS_INDDEMOG1_1(1.0),A,ITC20,LIFEEXP65F,2024,22.6,,,,TIPO_DATO15__LIFEEXP65F_N1,,,
IT1:22_293_DF_DCIS_INDDEMOG1_1(1.0),A,ITC20,LIFEEXP65F,2025,22.5,e,,,TIPO_DATO15__LIFEEXP65F_N1,,,
IT1:22_293_DF_DCIS_INDDEMOG1_1(1.0),A,ITC3,LIFEEXP65F,2015,22,,,,TIPO_DATO15__LIFEEXP65F_N1,,,
IT1:22_293_DF_DCIS_INDDEMOG1_1(1.0),A,ITC3,LIFEEXP65F,2016,22.6,,,,TIPO_DATO15__LIFEEXP65F_N1,,,
IT1:22_293_DF_DCIS_INDDEMOG1_1(1.0),A,ITC3,LIFEEXP65F,2017,22.3,,,,TIPO_DATO15__LIFEEXP65F_N1,,,
IT1:22_293_DF_DCIS_INDDEMOG1_1(1.0),A,ITC3,LIFEEXP65F,2018,22.3,,,,TIPO_DATO15__LIFEEXP65F_N1,,,
IT1:22_293_DF_DCIS_INDDEMOG1_1(1.0),A,ITC3,LIFEEXP65F,2019,22.7,,,,TIPO_DATO15__LIFEEXP65F_N1,,,
IT1:22_293_DF_DCIS_INDDEMOG1_1(1.0),A,ITC3,LIFEEXP65F,2020,21.4,,,,TIPO_DATO15__LIFEEXP65F_N1,,,
IT1:22_293_DF_DCIS_INDDEMOG1_1(1.0),A,ITC3,LIFEEXP65F,2021,22.3,,,,TIPO_DATO15__LIFEEXP65F_N1,,,
IT1:22_293_DF_DCIS_INDDEMOG1_1(1.0),A,ITC3,LIFEEXP65F,2022,21.9,,,,TIPO_DATO15__LIFEEXP65F_N1,,,
IT1:22_293_DF_DCIS_INDDEMOG1_1(1.0),A,ITC3,LIFEEXP65F,2023,22.4,,,,TIPO_DATO15__LIFEEXP65F_N1,,,
IT1:22_293_DF_DCIS_INDDEMOG1_1(1.0),A,ITC3,LIFEEXP65F,2024,22.8,,,,TIPO_DATO15__LIFEEXP65F_N1,,,
IT1:22_293_DF_DCIS_INDDEMOG1_1(1.0),A,ITC3,LIFEEXP65F,2025,22.8,e,,,TIPO_DATO15__LIFEEXP65F_N1,,,
IT1:22_293_DF_DCIS_INDDEMOG1_1(1.0),A,ITC31,LIFEEXP65F,2015,22,,,,TIPO_DATO15__LIFEEXP65F_N1,,,
IT1:22_293_DF_DCIS_INDDEMOG1_1(1.0),A,ITC31,LIFEEXP65F,2016,22.5,,,,TIPO_DATO15__LIFEEXP65F_N1,,,
IT1:22_293_DF_DCIS_INDDEMOG1_1(1.0),A,ITC31,LIFEEXP65F,2017,22.1,,,,TIPO_DATO15__LIFEEXP65F_N1,,,
IT1:22_293_DF_DCIS_INDDEMOG1_1(1.0),A,ITC31,LIFEEXP65F,2018,22.2,,,,TIPO_DATO15__LIFEEXP65F_N1,,,
IT1:22_293_DF_DCIS_INDDEMOG1_1(1.0),A,ITC31,LIFEEXP65F,2019,22.6,,,,TIPO_DATO15__LIFEEXP65F_N1,,,
IT1:22_293_DF_DCIS_INDDEMOG1_1(1.0),A,ITC31,LIFEEXP65F,2020,21.7,,,,TIPO_DATO15__LIFEEXP65F_N1,,,
IT1:22_293_DF_DCIS_INDDEMOG1_1(1.0),A,ITC31,LIFEEXP65F,2021,22.1,,,,TIPO_DATO15__LIFEEXP65F_N1,,,
IT1:22_293_DF_DCIS_INDDEMOG1_1(1.0),A,ITC31,LIFEEXP65F,2022,21.5,,,,TIPO_DATO15__LIFEEXP65F_N1,,,
IT1:22_293_DF_DCIS_INDDEMOG1_1(1.0),A,ITC31,LIFEEXP65F,2023,22.1,,,,TIPO_DATO15__LIFEEXP65F_N1,,,
IT1:22_293_DF_DCIS_INDDEMOG1_1(1.0),A,ITC31,LIFEEXP65F,2024,22.4,,,,TIPO_DATO15__LIFEEXP65F_N1,,,
IT1:22_293_DF_DCIS_INDDEMOG1_1(1.0),A,ITC31,LIFEEXP65F,2025,22.3,e,,,TIPO_DATO15__LIFEEXP65F_N1,,,
IT1:22_293_DF_DCIS_INDDEMOG1_1(1.0),A,ITC32,LIFEEXP65F,2015,21.8,,,,TIPO_DATO15__LIFEEXP65F_N1,,,
IT1:22_293_DF_DCIS_INDDEMOG1_1(1.0),A,ITC32,LIFEEXP65F,2016,22.6,,,,TIPO_DATO15__LIFEEXP65F_N1,,,
IT1:22_293_DF_DCIS_INDDEMOG1_1(1.0),A,ITC32,LIFEEXP65F,2017,22.2,,,,TIPO_DATO15__LIFEEXP65F_N1,,,
IT1:22_293_DF_DCIS_INDDEMOG1_1(1.0),A,ITC32,LIFEEXP65F,2018,22.4,,,,TIPO_DATO15__LIFEEXP65F_N1,,,
IT1:22_293_DF_DCIS_INDDEMOG1_1(1.0),A,ITC32,LIFEEXP65F,2019,22.9,,,,TIPO_DATO15__LIFEEXP65F_N1,,,
IT1:22_293_DF_DCIS_INDDEMOG1_1(1.0),A,ITC32,LIFEEXP65F,2020,21.8,,,,TIPO_DATO15__LIFEEXP65F_N1,,,
IT1:22_293_DF_DCIS_INDDEMOG1_1(1.0),A,ITC32,LIFEEXP65F,2021,22.2,,,,TIPO_DATO15__LIFEEXP65F_N1,,,
IT1:22_293_DF_DCIS_INDDEMOG1_1(1.0),A,ITC32,LIFEEXP65F,2022,21.9,,,,TIPO_DATO15__LIFEEXP65F_N1,,,
IT1:22_293_DF_DCIS_INDDEMOG1_1(1.0),A,ITC32,LIFEEXP65F,2023,22.6,,,,TIPO_DATO15__LIFEEXP65F_N1,,,
IT1:22_293_DF_DCIS_INDDEMOG1_1(1.0),A,ITC32,LIFEEXP65F,2024,22.9,,,,TIPO_DATO15__LIFEEXP65F_N1,,,
IT1:22_293_DF_DCIS_INDDEMOG1_1(1.0),A,ITC32,LIFEEXP65F,2025,23,e,,,TIPO_DATO15__LIFEEXP65F_N1,,,
IT1:22_293_DF_DCIS_INDDEMOG1_1(1.0),A,ITC33,LIFEEXP65F,2015,22,,,,TIPO_DATO15__LIFEEXP65F_N1,,,
IT1:22_293_DF_DCIS_INDDEMOG1_1(1.0),A,ITC33,LIFEEXP65F,2016,22.5,,,,TIPO_DATO15__LIFEEXP65F_N1,,,
IT1:22_293_DF_DCIS_INDDEMOG1_1(1.0),A,ITC33,LIFEEXP65F,2017,22.3,,,,TIPO_DATO15__LIFEEXP65F_N1,,,
IT1:22_293_DF_DCIS_INDDEMOG1_1(1.0),A,ITC33,LIFEEXP65F,2018,22.3,,,,TIPO_DATO15__LIFEEXP65F_N1,,,
IT1:22_293_DF_DCIS_INDDEMOG1_1(1.0),A,ITC33,LIFEEXP65F,2019,22.7,,,,TIPO_DATO15__LIFEEXP65F_N1,,,
IT1:22_293_DF_DCIS_INDDEMOG1_1(1.0),A,ITC33,LIFEEXP65F,2020,21.2,,,,TIPO_DATO15__LIFEEXP65F_N1,,,
IT1:22_293_DF_DCIS_INDDEMOG1_1(1.0),A,ITC33,LIFEEXP65F,2021,22.5,,,,TIPO_DATO15__LIFEEXP65F_N1,,,
IT1:22_293_DF_DCIS_INDDEMOG1_1(1.0),A,ITC33,LIFEEXP65F,2022,21.9,,,,TIPO_DATO15__LIFEEXP65F_N1,,,
IT1:22_293_DF_DCIS_INDDEMOG1_1(1.0),A,ITC33,LIFEEXP65F,2023,22.6,,,,TIPO_DATO15__LIFEEXP65F_N1,,,
IT1:22_293_DF_DCIS_INDDEMOG1_1(1.0),A,ITC33,LIFEEXP65F,2024,23,,,,TIPO_DATO15__LIFEEXP65F_N1,,,
IT1:22_293_DF_DCIS_INDDEMOG1_1(1.0),A,ITC33,LIFEEXP65F,2025,22.9,e,,,TIPO_DATO15__LIFEEXP65F_N1,,,
IT1:22_293_DF_DCIS_INDDEMOG1_1(1.0),A,ITC34,LIFEEXP65F,2015,22.5,,,,TIPO_DATO15__LIFEEXP65F_N1,,,
IT1:22_293_DF_DCIS_INDDEMOG1_1(1.0),A,ITC34,LIFEEXP65F,2016,23.2,,,,TIPO_DATO15__LIFEEXP65F_N1,,,
IT1:22_293_DF_DCIS_INDDEMOG1_1(1.0),A,ITC34,LIFEEXP65F,2017,22.8,,,,TIPO_DATO15__LIFEEXP65F_N1,,,
IT1:22_293_DF_DCIS_INDDEMOG1_1(1.0),A,ITC34,LIFEEXP65F,2018,22.6,,,,TIPO_DATO15__LIFEEXP65F_N1,,,
IT1:22_293_DF_DCIS_INDDEMOG1_1(1.0),A,ITC34,LIFEEXP65F,2019,23.1,,,,TIPO_DATO15__LIFEEXP65F_N1,,,
IT1:22_293_DF_DCIS_INDDEMOG1_1(1.0),A,ITC34,LIFEEXP65F,2020,22,,,,TIPO_DATO15__LIFEEXP65F_N1,,,
IT1:22_293_DF_DCIS_INDDEMOG1_1(1.0),A,ITC34,LIFEEXP65F,2021,22.1,,,,TIPO_DATO15__LIFEEXP65F_N1,,,
IT1:22_293_DF_DCIS_INDDEMOG1_1(1.0),A,ITC34,LIFEEXP65F,2022,22.2,,,,TIPO_DATO15__LIFEEXP65F_N1,,,
IT1:22_293_DF_DCIS_INDDEMOG1_1(1.0),A,ITC34,LIFEEXP65F,2023,22.7,,,,TIPO_DATO15__LIFEEXP65F_N1,,,
IT1:22_293_DF_DCIS_INDDEMOG1_1(1.0),A,ITC34,LIFEEXP65F,2024,23.1,,,,TIPO_DATO15__LIFEEXP65F_N1,,,
IT1:22_293_DF_DCIS_INDDEMOG1_1(1.0),A,ITC34,LIFEEXP65F,2025,23.1,e,,,TIPO_DATO15__LIFEEXP65F_N1,,,
IT1:22_293_DF_DCIS_INDDEMOG1_1(1.0),A,ITC4,LIFEEXP65F,2015,22.2,,,,TIPO_DATO15__LIFEEXP65F_N1,,,
IT1:22_293_DF_DCIS_INDDEMOG1_1(1.0),A,ITC4,LIFEEXP65F,2016,22.8,,,,TIPO_DATO15__LIFEEXP65F_N1,,,
IT1:22_293_DF_DCIS_INDDEMOG1_1(1.0),A,ITC4,LIFEEXP65F,2017,22.6,,,,TIPO_DATO15__LIFEEXP65F_N1,,,
IT1:22_293_DF_DCIS_INDDEMOG1_1(1.0),A,ITC4,LIFEEXP65F,2018,22.8,,,,TIPO_DATO15__LIFEEXP65F_N1,,,
IT1:22_293_DF_DCIS_INDDEMOG1_1(1.0),A,ITC4,LIFEEXP65F,2019,22.9,,,,TIPO_DATO15__LIFEEXP65F_N1,,,
IT1:22_293_DF_DCIS_INDDEMOG1_1(1.0),A,ITC4,LIFEEXP65F,2020,21.1,,,,TIPO_DATO15__LIFEEXP65F_N1,,,
IT1:22_293_DF_DCIS_INDDEMOG1_1(1.0),A,ITC4,LIFEEXP65F,2021,22.5,,,,TIPO_DATO15__LIFEEXP65F_N1,,,
IT1:22_293_DF_DCIS_INDDEMOG1_1(1.0),A,ITC4,LIFEEXP65F,2022,22.3,,,,TIPO_DATO15__LIFEEXP65F_N1,,,
IT1:22_293_DF_DCIS_INDDEMOG1_1(1.0),A,ITC4,LIFEEXP65F,2023,22.9,,,,TIPO_DATO15__LIFEEXP65F_N1,,,
IT1:22_293_DF_DCIS_INDDEMOG1_1(1.0),A,ITC4,LIFEEXP65F,2024,23.1,,,,TIPO_DATO15__LIFEEXP65F_N1,,,
IT1:22_293_DF_DCIS_INDDEMOG1_1(1.0),A,ITC4,LIFEEXP65F,2025,23.1,e,,,TIPO_DATO15__LIFEEXP65F_N1,,,
IT1:22_293_DF_DCIS_INDDEMOG1_1(1.0),A,ITC41,LIFEEXP65F,2015,22.3,,,,TIPO_DATO15__LIFEEXP65F_N1,,,
IT1:22_293_DF_DCIS_INDDEMOG1_1(1.0),A,ITC41,LIFEEXP65F,2016,23.2,,,,TIPO_DATO15__LIFEEXP65F_N1,,,
IT1:22_293_DF_DCIS_INDDEMOG1_1(1.0),A,ITC41,LIFEEXP65F,2017,22.6,,,,TIPO_DATO15__LIFEEXP65F_N1,,,
IT1:22_293_DF_DCIS_INDDEMOG1_1(1.0),A,ITC41,LIFEEXP65F,2018,22.8,,,,TIPO_DATO15__LIFEEXP65F_N1,,,
IT1:22_293_DF_DCIS_INDDEMOG1_1(1.0),A,ITC41,LIFEEXP65F,2019,23.1,,,,TIPO_DATO15__LIFEEXP65F_N1,,,
IT1:22_293_DF_DCIS_INDDEMOG1_1(1.0),A,ITC41,LIFEEXP65F,2020,21.6,,,,TIPO_DATO15__LIFEEXP65F_N1,,,
IT1:22_293_DF_DCIS_INDDEMOG1_1(1.0),A,ITC41,LIFEEXP65F,2021,22.3,,,,TIPO_DATO15__LIFEEXP65F_N1,,,
IT1:22_293_DF_DCIS_INDDEMOG1_1(1.0),A,ITC41,LIFEEXP65F,2022,22.5,,,,TIPO_DATO15__LIFEEXP65F_N1,,,
IT1:22_293_DF_DCIS_INDDEMOG1_1(1.0),A,ITC41,LIFEEXP65F,2023,23.1,,,,TIPO_DATO15__LIFEEXP65F_N1,,,
IT1:22_293_DF_DCIS_INDDEMOG1_1(1.0),A,ITC41,LIFEEXP65F,2024,23.2,,,,TIPO_DATO15__LIFEEXP65F_N1,,,
IT1:22_293_DF_DCIS_INDDEMOG1_1(1.0),A,ITC41,LIFEEXP65F,2025,23.3,e,,,TIPO_DATO15__LIFEEXP65F_N1,,,
IT1:22_293_DF_DCIS_INDDEMOG1_1(1.0),A,ITC42,LIFEEXP65F,2015,22.6,,,,TIPO_DATO15__LIFEEXP65F_N1,,,
IT1:22_293_DF_DCIS_INDDEMOG1_1(1.0),A,ITC42,LIFEEXP65F,2016,22.9,,,,TIPO_DATO15__LIFEEXP65F_N1,,,
IT1:22_293_DF_DCIS_INDDEMOG1_1(1.0),A,ITC42,LIFEEXP65F,2017,22.6,,,,TIPO_DATO15__LIFEEXP65F_N1,,,
IT1:22_293_DF_DCIS_INDDEMOG1_1(1.0),A,ITC42,LIFEEXP65F,2018,22.8,,,,TIPO_DATO15__LIFEEXP65F_N1,,,
IT1:22_293_DF_DCIS_INDDEMOG1_1(1.0),A,ITC42,LIFEEXP65F,2019,22.6,,,,TIPO_DATO15__LIFEEXP65F_N1,,,
IT1:22_293_DF_DCIS_INDDEMOG1_1(1.0),A,ITC42,LIFEEXP65F,2020,21.4,,,,TIPO_DATO15__LIFEEXP65F_N1,,,
IT1:22_293_DF_DCIS_INDDEMOG1_1(1.0),A,ITC42,LIFEEXP65F,2021,22.4,,,,TIPO_DATO15__LIFEEXP65F_N1,,,
IT1:22_293_DF_DCIS_INDDEMOG1_1(1.0),A,ITC42,LIFEEXP65F,2022,22.4,,,,TIPO_DATO15__LIFEEXP65F_N1,,,
IT1:22_293_DF_DCIS_INDDEMOG1_1(1.0),A,ITC42,LIFEEXP65F,2023,23.1,,,,TIPO_DATO15__LIFEEXP65F_N1,,,
IT1:22_293_DF_DCIS_INDDEMOG1_1(1.0),A,ITC42,LIFEEXP65F,2024,23.3,,,,TIPO_DATO15__LIFEEXP65F_N1,,,
IT1:22_293_DF_DCIS_INDDEMOG1_1(1.0),A,ITC42,LIFEEXP65F,2025,23.4,e,,,TIPO_DATO15__LIFEEXP65F_N1,,,
IT1:22_293_DF_DCIS_INDDEMOG1_1(1.0),A,ITC43,LIFEEXP65F,2015,22.3,,,,TIPO_DATO15__LIFEEXP65F_N1,,,
IT1:22_293_DF_DCIS_INDDEMOG1_1(1.0),A,ITC43,LIFEEXP65F,2016,23.1,,,,TIPO_DATO15__LIFEEXP65F_N1,,,
IT1:22_293_DF_DCIS_INDDEMOG1_1(1.0),A,ITC43,LIFEEXP65F,2017,22.9,,,,TIPO_DATO15__LIFEEXP65F_N1,,,
IT1:22_293_DF_DCIS_INDDEMOG1_1(1.0),A,ITC43,LIFEEXP65F,2018,23.2,,,,TIPO_DATO15__LIFEEXP65F_N1,,,
IT1:22_293_DF_DCIS_INDDEMOG1_1(1.0),A,ITC43,LIFEEXP65F,2019,22.9,,,,TIPO_DATO15__LIFEEXP65F_N1,,,
IT1:22_293_DF_DCIS_INDDEMOG1_1(1.0),A,ITC43,LIFEEXP65F,2020,21.4,,,,TIPO_DATO15__LIFEEXP65F_N1,,,
IT1:22_293_DF_DCIS_INDDEMOG1_1(1.0),A,ITC43,LIFEEXP65F,2021,22.4,,,,TIPO_DATO15__LIFEEXP65F_N1,,,
IT1:22_293_DF_DCIS_INDDEMOG1_1(1.0),A,ITC43,LIFEEXP65F,2022,22.7,,,,TIPO_DATO15__LIFEEXP65F_N1,,,
IT1:22_293_DF_DCIS_INDDEMOG1_1(1.0),A,ITC43,LIFEEXP65F,2023,23.4,,,,TIPO_DATO15__LIFEEXP65F_N1,,,
IT1:22_293_DF_DCIS_INDDEMOG1_1(1.0),A,ITC43,LIFEEXP65F,2024,23.4,,,,TIPO_DATO15__LIFEEXP65F_N1,,,
IT1:22_293_DF_DCIS_INDDEMOG1_1(1.0),A,ITC43,LIFEEXP65F,2025,23.6,e,,,TIPO_DATO15__LIFEEXP65F_N1,,,
IT1:22_293_DF_DCIS_INDDEMOG1_1(1.0),A,ITC44,LIFEEXP65F,2015,22.7,,,,TIPO_DATO15__LIFEEXP65F_N1,,,
IT1:22_293_DF_DCIS_INDDEMOG1_1(1.0),A,ITC44,LIFEEXP65F,2016,22.8,,,,TIPO_DATO15__LIFEEXP65F_N1,,,
IT1:22_293_DF_DCIS_INDDEMOG1_1(1.0),A,ITC44,LIFEEXP65F,2017,23.1,,,,TIPO_DATO15__LIFEEXP65F_N1,,,
IT1:22_293_DF_DCIS_INDDEMOG1_1(1.0),A,ITC44,LIFEEXP65F,2018,22.9,,,,TIPO_DATO15__LIFEEXP65F_N1,,,
IT1:22_293_DF_DCIS_INDDEMOG1_1(1.0),A,ITC44,LIFEEXP65F,2019,22.8,,,,TIPO_DATO15__LIFEEXP65F_N1,,,
IT1:22_293_DF_DCIS_INDDEMOG1_1(1.0),A,ITC44,LIFEEXP65F,2020,21.1,,,,TIPO_DATO15__LIFEEXP65F_N1,,,
IT1:22_293_DF_DCIS_INDDEMOG1_1(1.0),A,ITC44,LIFEEXP65F,2021,22.8,,,,TIPO_DATO15__LIFEEXP65F_N1,,,
IT1:22_293_DF_DCIS_INDDEMOG1_1(1.0),A,ITC44,LIFEEXP65F,2022,22.7,,,,TIPO_DATO15__LIFEEXP65F_N1,,,
IT1:22_293_DF_DCIS_INDDEMOG1_1(1.0),A,ITC44,LIFEEXP65F,2023,23,,,,TIPO_DATO15__LIFEEXP65F_N1,,,
IT1:22_293_DF_DCIS_INDDEMOG1_1(1.0),A,ITC44,LIFEEXP65F,2024,23.3,,,,TIPO_DATO15__LIFEEXP65F_N1,,,
IT1:22_293_DF_DCIS_INDDEMOG1_1(1.0),A,ITC44,LIFEEXP65F,2025,22.9,e,,,TIPO_DATO15__LIFEEXP65F_N1,,,
IT1:22_293_DF_DCIS_INDDEMOG1_1(1.0),A,ITC45,LIFEEXP65F,2015,22.6,,,,TIPO_DATO15__LIFEEXP65F_N1,,,
IT1:22_293_DF_DCIS_INDDEMOG1_1(1.0),A,ITC45,LIFEEXP65F,2016,23.2,,,,TIPO_DATO15__LIFEEXP65F_N1,,,
IT1:22_293_DF_DCIS_INDDEMOG1_1(1.0),A,ITC45,LIFEEXP65F,2017,23,,,,TIPO_DATO15__LIFEEXP65F_N1,,,
IT1:22_293_DF_DCIS_INDDEMOG1_1(1.0),A,ITC45,LIFEEXP65F,2018,23.4,,,,TIPO_DATO15__LIFEEXP65F_N1,,,
IT1:22_293_DF_DCIS_INDDEMOG1_1(1.0),A,ITC45,LIFEEXP65F,2019,23.3,,,,TIPO_DATO15__LIFEEXP65F_N1,,,
IT1:22_293_DF_DCIS_INDDEMOG1_1(1.0),A,ITC45,LIFEEXP65F,2020,21.7,,,,TIPO_DATO15__LIFEEXP65F_N1,,,
IT1:22_293_DF_DCIS_INDDEMOG1_1(1.0),A,ITC45,LIFEEXP65F,2021,22.9,,,,TIPO_DATO15__LIFEEXP65F_N1,,,
IT1:22_293_DF_DCIS_INDDEMOG1_1(1.0),A,ITC45,LIFEEXP65F,2022,22.6,,,,TIPO_DATO15__LIFEEXP65F_N1,,,
IT1:22_293_DF_DCIS_INDDEMOG1_1(1.0),A,ITC45,LIFEEXP65F,2023,23.2,,,,TIPO_DATO15__LIFEEXP65F_N1,,,
IT1:22_293_DF_DCIS_INDDEMOG1_1(1.0),A,ITC45,LIFEEXP65F,2024,23.5,,,,TIPO_DATO15__LIFEEXP65F_N1,,,
IT1:22_293_DF_DCIS_INDDEMOG1_1(1.0),A,ITC45,LIFEEXP65F,2025,23.6,e,,,TIPO_DATO15__LIFEEXP65F_N1,,,
IT1:22_293_DF_DCIS_INDDEMOG1_1(1.0),A,ITC46,LIFEEXP65F,2015,21.7,,,,TIPO_DATO15__LIFEEXP65F_N1,,,
IT1:22_293_DF_DCIS_INDDEMOG1_1(1.0),A,ITC46,LIFEEXP65F,2016,22.7,,,,TIPO_DATO15__LIFEEXP65F_N1,,,
IT1:22_293_DF_DCIS_INDDEMOG1_1(1.0),A,ITC46,LIFEEXP65F,2017,22.3,,,,TIPO_DATO15__LIFEEXP65F_N1,,,
IT1:22_293_DF_DCIS_INDDEMOG1_1(1.0),A,ITC46,LIFEEXP65F,2018,22.7,,,,TIPO_DATO15__LIFEEXP65F_N1,,,
IT1:22_293_DF_DCIS_INDDEMOG1_1(1.0),A,ITC46,LIFEEXP65F,2019,22.9,,,,TIPO_DATO15__LIFEEXP65F_N1,,,
IT1:22_293_DF_DCIS_INDDEMOG1_1(1.0),A,ITC46,LIFEEXP65F,2020,19.8,,,,TIPO_DATO15__LIFEEXP65F_N1,,,
IT1:22_293_DF_DCIS_INDDEMOG1_1(1.0),A,ITC46,LIFEEXP65F,2021,22.8,,,,TIPO_DATO15__LIFEEXP65F_N1,,,
IT1:22_293_DF_DCIS_INDDEMOG1_1(1.0),A,ITC46,LIFEEXP65F,2022,21.9,,,,TIPO_DATO15__LIFEEXP65F_N1,,,
IT1:22_293_DF_DCIS_INDDEMOG1_1(1.0),A,ITC46,LIFEEXP65F,2023,22.6,,,,TIPO_DATO15__LIFEEXP65F_N1,,,
IT1:22_293_DF_DCIS_INDDEMOG1_1(1.0),A,ITC46,LIFEEXP65F,2024,22.8,,,,TIPO_DATO15__LIFEEXP65F_N1,,,
IT1:22_293_DF_DCIS_INDDEMOG1_1(1.0),A,ITC46,LIFEEXP65F,2025,22.9,e,,,TIPO_DATO15__LIFEEXP65F_N1,,,
IT1:22_293_DF_DCIS_INDDEMOG1_1(1.0),A,ITC47,LIFEEXP65F,2015,22.4,,,,TIPO_DATO15__LIFEEXP65F_N1,,,
IT1:22_293_DF_DCIS_INDDEMOG1_1(1.0),A,ITC47,LIFEEXP65F,2016,23.1,,,,TIPO_DATO15__LIFEEXP65F_N1,,,
IT1:22_293_DF_DCIS_INDDEMOG1_1(1.0),A,ITC47,LIFEEXP65F,2017,22.8,,,,TIPO_DATO15__LIFEEXP65F_N1,,,
IT1:22_293_DF_DCIS_INDDEMOG1_1(1.0),A,ITC47,LIFEEXP65F,2018,23,,,,TIPO_DATO15__LIFEEXP65F_N1,,,
IT1:22_293_DF_DCIS_INDDEMOG1_1(1.0),A,ITC47,LIFEEXP65F,2019,23,,,,TIPO_DATO15__LIFEEXP65F_N1,,,
IT1:22_293_DF_DCIS_INDDEMOG1_1(1.0),A,ITC47,LIFEEXP65F,2020,21,,,,TIPO_DATO15__LIFEEXP65F_N1,,,
IT1:22_293_DF_DCIS_INDDEMOG1_1(1.0),A,ITC47,LIFEEXP65F,2021,22.4,,,,TIPO_DATO15__LIFEEXP65F_N1,,,
IT1:22_293_DF_DCIS_INDDEMOG1_1(1.0),A,ITC47,LIFEEXP65F,2022,22.6,,,,TIPO_DATO15__LIFEEXP65F_N1,,,
IT1:22_293_DF_DCIS_INDDEMOG1_1(1.0),A,ITC47,LIFEEXP65F,2023,23.3,,,,TIPO_DATO15__LIFEEXP65F_N1,,,
IT1:22_293_DF_DCIS_INDDEMOG1_1(1.0),A,ITC47,LIFEEXP65F,2024,23.4,,,,TIPO_DATO15__LIFEEXP65F_N1,,,
IT1:22_293_DF_DCIS_INDDEMOG1_1(1.0),A,ITC47,LIFEEXP65F,2025,23.3,e,,,TIPO_DATO15__LIFEEXP65F_N1,,,
IT1:22_293_DF_DCIS_INDDEMOG1_1(1.0),A,ITC48,LIFEEXP65F,2015,21.5,,,,TIPO_DATO15__LIFEEXP65F_N1,,,
IT1:22_293_DF_DCIS_INDDEMOG1_1(1.0),A,ITC48,LIFEEXP65F,2016,22,,,,TIPO_DATO15__LIFEEXP65F_N1,,,
IT1:22_293_DF_DCIS_INDDEMOG1_1(1.0),A,ITC48,LIFEEXP65F,2017,21.7,,,,TIPO_DATO15__LIFEEXP65F_N1,,,
IT1:22_293_DF_DCIS_INDDEMOG1_1(1.0),A,ITC48,LIFEEXP65F,2018,21.9,,,,TIPO_DATO15__LIFEEXP65F_N1,,,
IT1:22_293_DF_DCIS_INDDEMOG1_1(1.0),A,ITC48,LIFEEXP65F,2019,22.1,,,,TIPO_DATO15__LIFEEXP65F_N1,,,
IT1:22_293_DF_DCIS_INDDEMOG1_1(1.0),A,ITC48,LIFEEXP65F,2020,20.1,,,,TIPO_DATO15__LIFEEXP65F_N1,,,
IT1:22_293_DF_DCIS_INDDEMOG1_1(1.0),A,ITC48,LIFEEXP65F,2021,21.6,,,,TIPO_DATO15__LIFEEXP65F_N1,,,
IT1:22_293_DF_DCIS_INDDEMOG1_1(1.0),A,ITC48,LIFEEXP65F,2022,21.3,,,,TIPO_DATO15__LIFEEXP65F_N1,,,
IT1:22_293_DF_DCIS_INDDEMOG1_1(1.0),A,ITC48,LIFEEXP65F,2023,21.6,,,,TIPO_DATO15__LIFEEXP65F_N1,,,
IT1:22_293_DF_DCIS_INDDEMOG1_1(1.0),A,ITC48,LIFEEXP65F,2024,22,,,,TIPO_DATO15__LIFEEXP65F_N1,,,
IT1:22_293_DF_DCIS_INDDEMOG1_1(1.0),A,ITC48,LIFEEXP65F,2025,22,e,,,TIPO_DATO15__LIFEEXP65F_N1,,,
IT1:22_293_DF_DCIS_INDDEMOG1_1(1.0),A,ITC49,LIFEEXP65F,2015,21.6,,,,TIPO_DATO15__LIFEEXP65F_N1,,,
IT1:22_293_DF_DCIS_INDDEMOG1_1(1.0),A,ITC49,LIFEEXP65F,2016,22.2,,,,TIPO_DATO15__LIFEEXP65F_N1,,,
IT1:22_293_DF_DCIS_INDDEMOG1_1(1.0),A,ITC49,LIFEEXP65F,2017,22.3,,,,TIPO_DATO15__LIFEEXP65F_N1,,,
IT1:22_293_DF_DCIS_INDDEMOG1_1(1.0),A,ITC49,LIFEEXP65F,2018,21.8,,,,TIPO_DATO15__LIFEEXP65F_N1,,,
IT1:22_293_DF_DCIS_INDDEMOG1_1(1.0),A,ITC49,LIFEEXP65F,2019,22.5,,,,TIPO_DATO15__LIFEEXP65F_N1,,,
IT1:22_293_DF_DCIS_INDDEMOG1_1(1.0),A,ITC49,LIFEEXP65F,2020,19.8,,,,TIPO_DATO15__LIFEEXP65F_N1,,,
IT1:22_293_DF_DCIS_INDDEMOG1_1(1.0),A,ITC49,LIFEEXP65F,2021,21.7,,,,TIPO_DATO15__LIFEEXP65F_N1,,,
IT1:22_293_DF_DCIS_INDDEMOG1_1(1.0),A,ITC49,LIFEEXP65F,2022,21.8,,,,TIPO_DATO15__LIFEEXP65F_N1,,,
IT1:22_293_DF_DCIS_INDDEMOG1_1(1.0),A,ITC49,LIFEEXP65F,2023,22.7,,,,TIPO_DATO15__LIFEEXP65F_N1,,,
IT1:22_293_DF_DCIS_INDDEMOG1_1(1.0),A,ITC49,LIFEEXP65F,2024,22.4,,,,TIPO_DATO15__LIFEEXP65F_N1,,,
IT1:22_293_DF_DCIS_INDDEMOG1_1(1.0),A,ITC49,LIFEEXP65F,2025,22.6,e,,,TIPO_DATO15__LIFEEXP65F_N1,,,
IT1:22_293_DF_DCIS_INDDEMOG1_1(1.0),A,ITC4A,LIFEEXP65F,2015,21.7,,,,TIPO_DATO15__LIFEEXP65F_N1,,,
IT1:22_293_DF_DCIS_INDDEMOG1_1(1.0),A,ITC4A,LIFEEXP65F,2016,22.3,,,,TIPO_DATO15__LIFEEXP65F_N1,,,
IT1:22_293_DF_DCIS_INDDEMOG1_1(1.0),A,ITC4A,LIFEEXP65F,2017,22.3,,,,TIPO_DATO15__LIFEEXP65F_N1,,,
IT1:22_293_DF_DCIS_INDDEMOG1_1(1.0),A,ITC4A,LIFEEXP65F,2018,22.1,,,,TIPO_DATO15__LIFEEXP65F_N1,,,
IT1:22_293_DF_DCIS_INDDEMOG1_1(1.0),A,ITC4A,LIFEEXP65F,2019,22.6,,,,TIPO_DATO15__LIFEEXP65F_N1,,,
IT1:22_293_DF_DCIS_INDDEMOG1_1(1.0),A,ITC4A,LIFEEXP65F,2020,19.8,,,,TIPO_DATO15__LIFEEXP65F_N1,,,
IT1:22_293_DF_DCIS_INDDEMOG1_1(1.0),A,ITC4A,LIFEEXP65F,2021,22.2,,,,TIPO_DATO15__LIFEEXP65F_N1,,,
IT1:22_293_DF_DCIS_INDDEMOG1_1(1.0),A,ITC4A,LIFEEXP65F,2022,22.3,,,,TIPO_DATO15__LIFEEXP65F_N1,,,
IT1:22_293_DF_DCIS_INDDEMOG1_1(1.0),A,ITC4A,LIFEEXP65F,2023,22.4,,,,TIPO_DATO15__LIFEEXP65F_N1,,,
IT1:22_293_DF_DCIS_INDDEMOG1_1(1.0),A,ITC4A,LIFEEXP65F,2024,22.4,,,,TIPO_DATO15__LIFEEXP65F_N1,,,
IT1:22_293_DF_DCIS_INDDEMOG1_1(1.0),A,ITC4A,LIFEEXP65F,2025,22.5,e,,,TIPO_DATO15__LIFEEXP65F_N1,,,
IT1:22_293_DF_DCIS_INDDEMOG1_1(1.0),A,ITC4B,LIFEEXP65F,2015,22.2,,,,TIPO_DATO15__LIFEEXP65F_N1,,,
IT1:22_293_DF_DCIS_INDDEMOG1_1(1.0),A,ITC4B,LIFEEXP65F,2016,22.9,,,,TIPO_DATO15__LIFEEXP65F_N1,,,
IT1:22_293_DF_DCIS_INDDEMOG1_1(1.0),A,ITC4B,LIFEEXP65F,2017,22.6,,,,TIPO_DATO15__LIFEEXP65F_N1,,,
IT1:22_293_DF_DCIS_INDDEMOG1_1(1.0),A,ITC4B,LIFEEXP65F,2018,22.7,,,,TIPO_DATO15__LIFEEXP65F_N1,,,
IT1:22_293_DF_DCIS_INDDEMOG1_1(1.0),A,ITC4B,LIFEEXP65F,2019,22.6,,,,TIPO_DATO15__LIFEEXP65F_N1,,,
IT1:22_293_DF_DCIS_INDDEMOG1_1(1.0),A,ITC4B,LIFEEXP65F,2020,21.1,,,,TIPO_DATO15__LIFEEXP65F_N1,,,
IT1:22_293_DF_DCIS_INDDEMOG1_1(1.0),A,ITC4B,LIFEEXP65F,2021,22.2,,,,TIPO_DATO15__LIFEEXP65F_N1,,,
IT1:22_293_DF_DCIS_INDDEMOG1_1(1.0),A,ITC4B,LIFEEXP65F,2022,22,,,,TIPO_DATO15__LIFEEXP65F_N1,,,
IT1:22_293_DF_DCIS_INDDEMOG1_1(1.0),A,ITC4B,LIFEEXP65F,2023,22.3,,,,TIPO_DATO15__LIFEEXP65F_N1,,,
IT1:22_293_DF_DCIS_INDDEMOG1_1(1.0),A,ITC4B,LIFEEXP65F,2024,22.5,,,,TIPO_DATO15__LIFEEXP65F_N1,,,
IT1:22_293_DF_DCIS_INDDEMOG1_1(1.0),A,ITC4B,LIFEEXP65F,2025,23,e,,,TIPO_DATO15__LIFEEXP65F_N1,,,
IT1:22_293_DF_DCIS_INDDEMOG1_1(1.0),A,ITCD,LIFEEXP65F,2015,22.2,,,,TIPO_DATO15__LIFEEXP65F_N1,,,
IT1:22_293_DF_DCIS_INDDEMOG1_1(1.0),A,ITCD,LIFEEXP65F,2016,22.7,,,,TIPO_DATO15__LIFEEXP65F_N1,,,
IT1:22_293_DF_DCIS_INDDEMOG1_1(1.0),A,ITCD,LIFEEXP65F,2017,22.5,,,,TIPO_DATO15__LIFEEXP65F_N1,,,
IT1:22_293_DF_DCIS_INDDEMOG1_1(1.0),A,ITCD,LIFEEXP65F,2018,22.7,,,,TIPO_DATO15__LIFEEXP65F_N1,,,
IT1:22_293_DF_DCIS_INDDEMOG1_1(1.0),A,ITCD,LIFEEXP65F,2019,22.9,,,,TIPO_DATO15__LIFEEXP65F_N1,,,
IT1:22_293_DF_DCIS_INDDEMOG1_1(1.0),A,ITCD,LIFEEXP65F,2020,21.5,,,,TIPO_DATO15__LIFEEXP65F_N1,,,
IT1:22_293_DF_DCIS_INDDEMOG1_1(1.0),A,ITCD,LIFEEXP65F,2021,22.4,,,,TIPO_DATO15__LIFEEXP65F_N1,,,
IT1:22_293_DF_DCIS_INDDEMOG1_1(1.0),A,ITCD,LIFEEXP65F,2022,22.3,,,,TIPO_DATO15__LIFEEXP65F_N1,,,
IT1:22_293_DF_DCIS_INDDEMOG1_1(1.0),A,ITCD,LIFEEXP65F,2023,22.8,,,,TIPO_DATO15__LIFEEXP65F_N1,,,
IT1:22_293_DF_DCIS_INDDEMOG1_1(1.0),A,ITCD,LIFEEXP65F,2024,23,,,,TIPO_DATO15__LIFEEXP65F_N1,,,
IT1:22_293_DF_DCIS_INDDEMOG1_1(1.0),A,ITCD,LIFEEXP65F,2025,23.1,e,,,TIPO_DATO15__LIFEEXP65F_N1,,,
IT1:22_293_DF_DCIS_INDDEMOG1_1(1.0),A,ITD,LIFEEXP65F,2015,22.3,,,,TIPO_DATO15__LIFEEXP65F_N1,,,
IT1:22_293_DF_DCIS_INDDEMOG1_1(1.0),A,ITD,LIFEEXP65F,2016,22.8,,,,TIPO_DATO15__LIFEEXP65F_N1,,,
IT1:22_293_DF_DCIS_INDDEMOG1_1(1.0),A,ITD,LIFEEXP65F,2017,22.7,,,,TIPO_DATO15__LIFEEXP65F_N1,,,
IT1:22_293_DF_DCIS_INDDEMOG1_1(1.0),A,ITD,LIFEEXP65F,2018,22.8,,,,TIPO_DATO15__LIFEEXP65F_N1,,,
IT1:22_293_DF_DCIS_INDDEMOG1_1(1.0),A,ITD,LIFEEXP65F,2019,23,,,,TIPO_DATO15__LIFEEXP65F_N1,,,
IT1:22_293_DF_DCIS_INDDEMOG1_1(1.0),A,ITD,LIFEEXP65F,2020,22.1,,,,TIPO_DATO15__LIFEEXP65F_N1,,,
IT1:22_293_DF_DCIS_INDDEMOG1_1(1.0),A,ITD,LIFEEXP65F,2021,22.5,,,,TIPO_DATO15__LIFEEXP65F_N1,,,
IT1:22_293_DF_DCIS_INDDEMOG1_1(1.0),A,ITD,LIFEEXP65F,2022,22.4,,,,TIPO_DATO15__LIFEEXP65F_N1,,,
IT1:22_293_DF_DCIS_INDDEMOG1_1(1.0),A,ITD,LIFEEXP65F,2023,22.9,,,,TIPO_DATO15__LIFEEXP65F_N1,,,
IT1:22_293_DF_DCIS_INDDEMOG1_1(1.0),A,ITD,LIFEEXP65F,2024,23.1,,,,TIPO_DATO15__LIFEEXP65F_N1,,,
IT1:22_293_DF_DCIS_INDDEMOG1_1(1.0),A,ITD,LIFEEXP65F,2025,23.3,e,,,TIPO_DATO15__LIFEEXP65F_N1,,,
IT1:22_293_DF_DCIS_INDDEMOG1_1(1.0),A,ITD1,LIFEEXP65F,2015,22.9,,,,TIPO_DATO15__LIFEEXP65F_N1,,,
IT1:22_293_DF_DCIS_INDDEMOG1_1(1.0),A,ITD1,LIFEEXP65F,2016,23.2,,,,TIPO_DATO15__LIFEEXP65F_N1,,,
IT1:22_293_DF_DCIS_INDDEMOG1_1(1.0),A,ITD1,LIFEEXP65F,2017,23.1,,,,TIPO_DATO15__LIFEEXP65F_N1,,,
IT1:22_293_DF_DCIS_INDDEMOG1_1(1.0),A,ITD1,LIFEEXP65F,2018,23.1,,,,TIPO_DATO15__LIFEEXP65F_N1,,,
IT1:22_293_DF_DCIS_INDDEMOG1_1(1.0),A,ITD1,LIFEEXP65F,2019,23.6,,,,TIPO_DATO15__LIFEEXP65F_N1,,,
IT1:22_293_DF_DCIS_INDDEMOG1_1(1.0),A,ITD1,LIFEEXP65F,2020,22.2,,,,TIPO_DATO15__LIFEEXP65F_N1,,,
IT1:22_293_DF_DCIS_INDDEMOG1_1(1.0),A,ITD1,LIFEEXP65F,2021,22.7,,,,TIPO_DATO15__LIFEEXP65F_N1,,,
IT1:22_293_DF_DCIS_INDDEMOG1_1(1.0),A,ITD1,LIFEEXP65F,2022,22.7,,,,TIPO_DATO15__LIFEEXP65F_N1,,,
IT1:22_293_DF_DCIS_INDDEMOG1_1(1.0),A,ITD1,LIFEEXP65F,2023,23.5,,,,TIPO_DATO15__LIFEEXP65F_N1,,,
IT1:22_293_DF_DCIS_INDDEMOG1_1(1.0),A,ITD1,LIFEEXP65F,2024,23.6,,,,TIPO_DATO15__LIFEEXP65F_N1,,,
IT1:22_293_DF_DCIS_INDDEMOG1_1(1.0),A,ITD1,LIFEEXP65F,2025,23.6,e,,,TIPO_DATO15__LIFEEXP65F_N1,,,
IT1:22_293_DF_DCIS_INDDEMOG1_1(1.0),A,ITD10,LIFEEXP65F,2015,22.9,,,,TIPO_DATO15__LIFEEXP65F_N1,,,
IT1:22_293_DF_DCIS_INDDEMOG1_1(1.0),A,ITD10,LIFEEXP65F,2016,23.2,,,,TIPO_DATO15__LIFEEXP65F_N1,,,
IT1:22_293_DF_DCIS_INDDEMOG1_1(1.0),A,ITD10,LIFEEXP65F,2017,23.1,,,,TIPO_DATO15__LIFEEXP65F_N1,,,
IT1:22_293_DF_DCIS_INDDEMOG1_1(1.0),A,ITD10,LIFEEXP65F,2018,23.1,,,,TIPO_DATO15__LIFEEXP65F_N1,,,
IT1:22_293_DF_DCIS_INDDEMOG1_1(1.0),A,ITD10,LIFEEXP65F,2019,23.6,,,,TIPO_DATO15__LIFEEXP65F_N1,,,
IT1:22_293_DF_DCIS_INDDEMOG1_1(1.0),A,ITD10,LIFEEXP65F,2020,22.2,,,,TIPO_DATO15__LIFEEXP65F_N1,,,
IT1:22_293_DF_DCIS_INDDEMOG1_1(1.0),A,ITD10,LIFEEXP65F,2021,22.7,,,,TIPO_DATO15__LIFEEXP65F_N1,,,
IT1:22_293_DF_DCIS_INDDEMOG1_1(1.0),A,ITD10,LIFEEXP65F,2022,22.7,,,,TIPO_DATO15__LIFEEXP65F_N1,,,
IT1:22_293_DF_DCIS_INDDEMOG1_1(1.0),A,ITD10,LIFEEXP65F,2023,23.5,,,,TIPO_DATO15__LIFEEXP65F_N1,,,
IT1:22_293_DF_DCIS_INDDEMOG1_1(1.0),A,ITD10,LIFEEXP65F,2024,23.6,,,,TIPO_DATO15__LIFEEXP65F_N1,,,
IT1:22_293_DF_DCIS_INDDEMOG1_1(1.0),A,ITD10,LIFEEXP65F,2025,23.6,e,,,TIPO_DATO15__LIFEEXP65F_N1,,,
IT1:22_293_DF_DCIS_INDDEMOG1_1(1.0),A,ITD2,LIFEEXP65F,2015,23,,,,TIPO_DATO15__LIFEEXP65F_N1,,,
IT1:22_293_DF_DCIS_INDDEMOG1_1(1.0),A,ITD2,LIFEEXP65F,2016,23.4,,,,TIPO_DATO15__LIFEEXP65F_N1,,,
IT1:22_293_DF_DCIS_INDDEMOG1_1(1.0),A,ITD2,LIFEEXP65F,2017,23.3,,,,TIPO_DATO15__LIFEEXP65F_N1,,,
IT1:22_293_DF_DCIS_INDDEMOG1_1(1.0),A,ITD2,LIFEEXP65F,2018,23.6,,,,TIPO_DATO15__LIFEEXP65F_N1,,,
IT1:22_293_DF_DCIS_INDDEMOG1_1(1.0),A,ITD2,LIFEEXP65F,2019,23.7,,,,TIPO_DATO15__LIFEEXP65F_N1,,,
IT1:22_293_DF_DCIS_INDDEMOG1_1(1.0),A,ITD2,LIFEEXP65F,2020,22.2,,,,TIPO_DATO15__LIFEEXP65F_N1,,,
IT1:22_293_DF_DCIS_INDDEMOG1_1(1.0),A,ITD2,LIFEEXP65F,2021,23.4,,,,TIPO_DATO15__LIFEEXP65F_N1,,,
IT1:22_293_DF_DCIS_INDDEMOG1_1(1.0),A,ITD2,LIFEEXP65F,2022,23.4,,,,TIPO_DATO15__LIFEEXP65F_N1,,,
IT1:22_293_DF_DCIS_INDDEMOG1_1(1.0),A,ITD2,LIFEEXP65F,2023,23.9,,,,TIPO_DATO15__LIFEEXP65F_N1,,,
IT1:22_293_DF_DCIS_INDDEMOG1_1(1.0),A,ITD2,LIFEEXP65F,2024,23.9,,,,TIPO_DATO15__LIFEEXP65F_N1,,,
IT1:22_293_DF_DCIS_INDDEMOG1_1(1.0),A,ITD2,LIFEEXP65F,2025,24.1,e,,,TIPO_DATO15__LIFEEXP65F_N1,,,
IT1:22_293_DF_DCIS_INDDEMOG1_1(1.0),A,ITD20,LIFEEXP65F,2015,23,,,,TIPO_DATO15__LIFEEXP65F_N1,,,
IT1:22_293_DF_DCIS_INDDEMOG1_1(1.0),A,ITD20,LIFEEXP65F,2016,23.4,,,,TIPO_DATO15__LIFEEXP65F_N1,,,
IT1:22_293_DF_DCIS_INDDEMOG1_1(1.0),A,ITD20,LIFEEXP65F,2017,23.3,,,,TIPO_DATO15__LIFEEXP65F_N1,,,
IT1:22_293_DF_DCIS_INDDEMOG1_1(1.0),A,ITD20,LIFEEXP65F,2018,23.6,,,,TIPO_DATO15__LIFEEXP65F_N1,,,
IT1:22_293_DF_DCIS_INDDEMOG1_1(1.0),A,ITD20,LIFEEXP65F,2019,23.7,,,,TIPO_DATO15__LIFEEXP65F_N1,,,
IT1:22_293_DF_DCIS_INDDEMOG1_1(1.0),A,ITD20,LIFEEXP65F,2020,22.2,,,,TIPO_DATO15__LIFEEXP65F_N1,,,
IT1:22_293_DF_DCIS_INDDEMOG1_1(1.0),A,ITD20,LIFEEXP65F,2021,23.4,,,,TIPO_DATO15__LIFEEXP65F_N1,,,
IT1:22_293_DF_DCIS_INDDEMOG1_1(1.0),A,ITD20,LIFEEXP65F,2022,23.4,,,,TIPO_DATO15__LIFEEXP65F_N1,,,
IT1:22_293_DF_DCIS_INDDEMOG1_1(1.0),A,ITD20,LIFEEXP65F,2023,23.9,,,,TIPO_DATO15__LIFEEXP65F_N1,,,
IT1:22_293_DF_DCIS_INDDEMOG1_1(1.0),A,ITD20,LIFEEXP65F,2024,23.9,,,,TIPO_DATO15__LIFEEXP65F_N1,,,
IT1:22_293_DF_DCIS_INDDEMOG1_1(1.0),A,ITD20,LIFEEXP65F,2025,24.1,e,,,TIPO_DATO15__LIFEEXP65F_N1,,,
IT1:22_293_DF_DCIS_INDDEMOG1_1(1.0),A,ITD3,LIFEEXP65F,2015,22.4,,,,TIPO_DATO15__LIFEEXP65F_N1,,,
IT1:22_293_DF_DCIS_INDDEMOG1_1(1.0),A,ITD3,LIFEEXP65F,2016,22.9,,,,TIPO_DATO15__LIFEEXP65F_N1,,,
IT1:22_293_DF_DCIS_INDDEMOG1_1(1.0),A,ITD3,LIFEEXP65F,2017,22.7,,,,TIPO_DATO15__LIFEEXP65F_N1,,,
IT1:22_293_DF_DCIS_INDDEMOG1_1(1.0),A,ITD3,LIFEEXP65F,2018,22.9,,,,TIPO_DATO15__LIFEEXP65F_N1,,,
IT1:22_293_DF_DCIS_INDDEMOG1_1(1.0),A,ITD3,LIFEEXP65F,2019,23.1,,,,TIPO_DATO15__LIFEEXP65F_N1,,,
IT1:22_293_DF_DCIS_INDDEMOG1_1(1.0),A,ITD3,LIFEEXP65F,2020,22.2,,,,TIPO_DATO15__LIFEEXP65F_N1,,,
IT1:22_293_DF_DCIS_INDDEMOG1_1(1.0),A,ITD3,LIFEEXP65F,2021,22.7,,,,TIPO_DATO15__LIFEEXP65F_N1,,,
IT1:22_293_DF_DCIS_INDDEMOG1_1(1.0),A,ITD3,LIFEEXP65F,2022,22.5,,,,TIPO_DATO15__LIFEEXP65F_N1,,,
IT1:22_293_DF_DCIS_INDDEMOG1_1(1.0),A,ITD3,LIFEEXP65F,2023,23,,,,TIPO_DATO15__LIFEEXP65F_N1,,,
IT1:22_293_DF_DCIS_INDDEMOG1_1(1.0),A,ITD3,LIFEEXP65F,2024,23.3,,,,TIPO_DATO15__LIFEEXP65F_N1,,,
IT1:22_293_DF_DCIS_INDDEMOG1_1(1.0),A,ITD3,LIFEEXP65F,2025,23.4,e,,,TIPO_DATO15__LIFEEXP65F_N1,,,
IT1:22_293_DF_DCIS_INDDEMOG1_1(1.0),A,ITD31,LIFEEXP65F,2015,22.3,,,,TIPO_DATO15__LIFEEXP65F_N1,,,
IT1:22_293_DF_DCIS_INDDEMOG1_1(1.0),A,ITD31,LIFEEXP65F,2016,22.9,,,,TIPO_DATO15__LIFEEXP65F_N1,,,
IT1:22_293_DF_DCIS_INDDEMOG1_1(1.0),A,ITD31,LIFEEXP65F,2017,22.7,,,,TIPO_DATO15__LIFEEXP65F_N1,,,
IT1:22_293_DF_DCIS_INDDEMOG1_1(1.0),A,ITD31,LIFEEXP65F,2018,23.2,,,,TIPO_DATO15__LIFEEXP65F_N1,,,
IT1:22_293_DF_DCIS_INDDEMOG1_1(1.0),A,ITD31,LIFEEXP65F,2019,23.2,,,,TIPO_DATO15__LIFEEXP65F_N1,,,
IT1:22_293_DF_DCIS_INDDEMOG1_1(1.0),A,ITD31,LIFEEXP65F,2020,21.9,,,,TIPO_DATO15__LIFEEXP65F_N1,,,
IT1:22_293_DF_DCIS_INDDEMOG1_1(1.0),A,ITD31,LIFEEXP65F,2021,22.9,,,,TIPO_DATO15__LIFEEXP65F_N1,,,
IT1:22_293_DF_DCIS_INDDEMOG1_1(1.0),A,ITD31,LIFEEXP65F,2022,23,,,,TIPO_DATO15__LIFEEXP65F_N1,,,
IT1:22_293_DF_DCIS_INDDEMOG1_1(1.0),A,ITD31,LIFEEXP65F,2023,23.2,,,,TIPO_DATO15__LIFEEXP65F_N1,,,
IT1:22_293_DF_DCIS_INDDEMOG1_1(1.0),A,ITD31,LIFEEXP65F,2024,23.7,,,,TIPO_DATO15__LIFEEXP65F_N1,,,
IT1:22_293_DF_DCIS_INDDEMOG1_1(1.0),A,ITD31,LIFEEXP65F,2025,23.5,e,,,TIPO_DATO15__LIFEEXP65F_N1,,,
IT1:22_293_DF_DCIS_INDDEMOG1_1(1.0),A,ITD32,LIFEEXP65F,2015,22.5,,,,TIPO_DATO15__LIFEEXP65F_N1,,,
IT1:22_293_DF_DCIS_INDDEMOG1_1(1.0),A,ITD32,LIFEEXP65F,2016,23.2,,,,TIPO_DATO15__LIFEEXP65F_N1,,,
IT1:22_293_DF_DCIS_INDDEMOG1_1(1.0),A,ITD32,LIFEEXP65F,2017,22.7,,,,TIPO_DATO15__LIFEEXP65F_N1,,,
IT1:22_293_DF_DCIS_INDDEMOG1_1(1.0),A,ITD32,LIFEEXP65F,2018,23.1,,,,TIPO_DATO15__LIFEEXP65F_N1,,,
IT1:22_293_DF_DCIS_INDDEMOG1_1(1.0),A,ITD32,LIFEEXP65F,2019,23.3,,,,TIPO_DATO15__LIFEEXP65F_N1,,,
IT1:22_293_DF_DCIS_INDDEMOG1_1(1.0),A,ITD32,LIFEEXP65F,2020,22.1,,,,TIPO_DATO15__LIFEEXP65F_N1,,,
IT1:22_293_DF_DCIS_INDDEMOG1_1(1.0),A,ITD32,LIFEEXP65F,2021,23,,,,TIPO_DATO15__LIFEEXP65F_N1,,,
IT1:22_293_DF_DCIS_INDDEMOG1_1(1.0),A,ITD32,LIFEEXP65F,2022,22.7,,,,TIPO_DATO15__LIFEEXP65F_N1,,,
IT1:22_293_DF_DCIS_INDDEMOG1_1(1.0),A,ITD32,LIFEEXP65F,2023,23.3,,,,TIPO_DATO15__LIFEEXP65F_N1,,,
IT1:22_293_DF_DCIS_INDDEMOG1_1(1.0),A,ITD32,LIFEEXP65F,2024,23.5,,,,TIPO_DATO15__LIFEEXP65F_N1,,,
IT1:22_293_DF_DCIS_INDDEMOG1_1(1.0),A,ITD32,LIFEEXP65F,2025,23.6,e,,,TIPO_DATO15__LIFEEXP65F_N1,,,
IT1:22_293_DF_DCIS_INDDEMOG1_1(1.0),A,ITD33,LIFEEXP65F,2015,21.9,,,,TIPO_DATO15__LIFEEXP65F_N1,,,
IT1:22_293_DF_DCIS_INDDEMOG1_1(1.0),A,ITD33,LIFEEXP65F,2016,22.6,,,,TIPO_DATO15__LIFEEXP65F_N1,,,
IT1:22_293_DF_DCIS_INDDEMOG1_1(1.0),A,ITD33,LIFEEXP65F,2017,22.3,,,,TIPO_DATO15__LIFEEXP65F_N1,,,
IT1:22_293_DF_DCIS_INDDEMOG1_1(1.0),A,ITD33,LIFEEXP65F,2018,22.3,,,,TIPO_DATO15__LIFEEXP65F_N1,,,
IT1:22_293_DF_DCIS_INDDEMOG1_1(1.0),A,ITD33,LIFEEXP65F,2019,22.7,,,,TIPO_DATO15__LIFEEXP65F_N1,,,
IT1:22_293_DF_DCIS_INDDEMOG1_1(1.0),A,ITD33,LIFEEXP65F,2020,21.8,,,,TIPO_DATO15__LIFEEXP65F_N1,,,
IT1:22_293_DF_DCIS_INDDEMOG1_1(1.0),A,ITD33,LIFEEXP65F,2021,22.3,,,,TIPO_DATO15__LIFEEXP65F_N1,,,
IT1:22_293_DF_DCIS_INDDEMOG1_1(1.0),A,ITD33,LIFEEXP65F,2022,22.1,,,,TIPO_DATO15__LIFEEXP65F_N1,,,
IT1:22_293_DF_DCIS_INDDEMOG1_1(1.0),A,ITD33,LIFEEXP65F,2023,23,,,,TIPO_DATO15__LIFEEXP65F_N1,,,
IT1:22_293_DF_DCIS_INDDEMOG1_1(1.0),A,ITD33,LIFEEXP65F,2024,22.6,,,,TIPO_DATO15__LIFEEXP65F_N1,,,
IT1:22_293_DF_DCIS_INDDEMOG1_1(1.0),A,ITD33,LIFEEXP65F,2025,23,e,,,TIPO_DATO15__LIFEEXP65F_N1,,,
IT1:22_293_DF_DCIS_INDDEMOG1_1(1.0),A,ITD34,LIFEEXP65F,2015,22.7,,,,TIPO_DATO15__LIFEEXP65F_N1,,,
IT1:22_293_DF_DCIS_INDDEMOG1_1(1.0),A,ITD34,LIFEEXP65F,2016,23.3,,,,TIPO_DATO15__LIFEEXP65F_N1,,,
IT1:22_293_DF_DCIS_INDDEMOG1_1(1.0),A,ITD34,LIFEEXP65F,2017,23.2,,,,TIPO_DATO15__LIFEEXP65F_N1,,,
IT1:22_293_DF_DCIS_INDDEMOG1_1(1.0),A,ITD34,LIFEEXP65F,2018,23.3,,,,TIPO_DATO15__LIFEEXP65F_N1,,,
IT1:22_293_DF_DCIS_INDDEMOG1_1(1.0),A,ITD34,LIFEEXP65F,2019,23.5,,,,TIPO_DATO15__LIFEEXP65F_N1,,,
IT1:22_293_DF_DCIS_INDDEMOG1_1(1.0),A,ITD34,LIFEEXP65F,2020,22.8,,,,TIPO_DATO15__LIFEEXP65F_N1,,,
IT1:22_293_DF_DCIS_INDDEMOG1_1(1.0),A,ITD34,LIFEEXP65F,2021,23.1,,,,TIPO_DATO15__LIFEEXP65F_N1,,,
IT1:22_293_DF_DCIS_INDDEMOG1_1(1.0),A,ITD34,LIFEEXP65F,2022,22.9,,,,TIPO_DATO15__LIFEEXP65F_N1,,,
IT1:22_293_DF_DCIS_INDDEMOG1_1(1.0),A,ITD34,LIFEEXP65F,2023,23.5,,,,TIPO_DATO15__LIFEEXP65F_N1,,,
IT1:22_293_DF_DCIS_INDDEMOG1_1(1.0),A,ITD34,LIFEEXP65F,2024,23.8,,,,TIPO_DATO15__LIFEEXP65F_N1,,,
IT1:22_293_DF_DCIS_INDDEMOG1_1(1.0),A,ITD34,LIFEEXP65F,2025,23.8,e,,,TIPO_DATO15__LIFEEXP65F_N1,,,
IT1:22_293_DF_DCIS_INDDEMOG1_1(1.0),A,ITD35,LIFEEXP65F,2015,22.5,,,,TIPO_DATO15__LIFEEXP65F_N1,,,
IT1:22_293_DF_DCIS_INDDEMOG1_1(1.0),A,ITD35,LIFEEXP65F,2016,22.9,,,,TIPO_DATO15__LIFEEXP65F_N1,,,
IT1:22_293_DF_DCIS_INDDEMOG1_1(1.0),A,ITD35,LIFEEXP65F,2017,22.7,,,,TIPO_DATO15__LIFEEXP65F_N1,,,
IT1:22_293_DF_DCIS_INDDEMOG1_1(1.0),A,ITD35,LIFEEXP65F,2018,22.8,,,,TIPO_DATO15__LIFEEXP65F_N1,,,
IT1:22_293_DF_DCIS_INDDEMOG1_1(1.0),A,ITD35,LIFEEXP65F,2019,23,,,,TIPO_DATO15__LIFEEXP65F_N1,,,
IT1:22_293_DF_DCIS_INDDEMOG1_1(1.0),A,ITD35,LIFEEXP65F,2020,22.1,,,,TIPO_DATO15__LIFEEXP65F_N1,,,
IT1:22_293_DF_DCIS_INDDEMOG1_1(1.0),A,ITD35,LIFEEXP65F,2021,22.4,,,,TIPO_DATO15__LIFEEXP65F_N1,,,
IT1:22_293_DF_DCIS_INDDEMOG1_1(1.0),A,ITD35,LIFEEXP65F,2022,22,,,,TIPO_DATO15__LIFEEXP65F_N1,,,
IT1:22_293_DF_DCIS_INDDEMOG1_1(1.0),A,ITD35,LIFEEXP65F,2023,23,,,,TIPO_DATO15__LIFEEXP65F_N1,,,
IT1:22_293_DF_DCIS_INDDEMOG1_1(1.0),A,ITD35,LIFEEXP65F,2024,23.3,,,,TIPO_DATO15__LIFEEXP65F_N1,,,
IT1:22_293_DF_DCIS_INDDEMOG1_1(1.0),A,ITD35,LIFEEXP65F,2025,23.4,e,,,TIPO_DATO15__LIFEEXP65F_N1,,,
IT1:22_293_DF_DCIS_INDDEMOG1_1(1.0),A,ITD36,LIFEEXP65F,2015,22.7,,,,TIPO_DATO15__LIFEEXP65F_N1,,,
IT1:22_293_DF_DCIS_INDDEMOG1_1(1.0),A,ITD36,LIFEEXP65F,2016,22.8,,,,TIPO_DATO15__LIFEEXP65F_N1,,,
IT1:22_293_DF_DCIS_INDDEMOG1_1(1.0),A,ITD36,LIFEEXP65F,2017,22.8,,,,TIPO_DATO15__LIFEEXP65F_N1,,,
IT1:22_293_DF_DCIS_INDDEMOG1_1(1.0),A,ITD36,LIFEEXP65F,2018,23,,,,TIPO_DATO15__LIFEEXP65F_N1,,,
IT1:22_293_DF_DCIS_INDDEMOG1_1(1.0),A,ITD36,LIFEEXP65F,2019,23.4,,,,TIPO_DATO15__LIFEEXP65F_N1,,,
IT1:22_293_DF_DCIS_INDDEMOG1_1(1.0),A,ITD36,LIFEEXP65F,2020,22.7,,,,TIPO_DATO15__LIFEEXP65F_N1,,,
IT1:22_293_DF_DCIS_INDDEMOG1_1(1.0),A,ITD36,LIFEEXP65F,2021,22.8,,,,TIPO_DATO15__LIFEEXP65F_N1,,,
IT1:22_293_DF_DCIS_INDDEMOG1_1(1.0),A,ITD36,LIFEEXP65F,2022,22.8,,,,TIPO_DATO15__LIFEEXP65F_N1,,,
IT1:22_293_DF_DCIS_INDDEMOG1_1(1.0),A,ITD36,LIFEEXP65F,2023,23,,,,TIPO_DATO15__LIFEEXP65F_N1,,,
IT1:22_293_DF_DCIS_INDDEMOG1_1(1.0),A,ITD36,LIFEEXP65F,2024,23.3,,,,TIPO_DATO15__LIFEEXP65F_N1,,,
IT1:22_293_DF_DCIS_INDDEMOG1_1(1.0),A,ITD36,LIFEEXP65F,2025,23.6,e,,,TIPO_DATO15__LIFEEXP65F_N1,,,
IT1:22_293_DF_DCIS_INDDEMOG1_1(1.0),A,ITD37,LIFEEXP65F,2015,21.8,,,,TIPO_DATO15__LIFEEXP65F_N1,,,
IT1:22_293_DF_DCIS_INDDEMOG1_1(1.0),A,ITD37,LIFEEXP65F,2016,22.4,,,,TIPO_DATO15__LIFEEXP65F_N1,,,
IT1:22_293_DF_DCIS_INDDEMOG1_1(1.0),A,ITD37,LIFEEXP65F,2017,21.9,,,,TIPO_DATO15__LIFEEXP65F_N1,,,
IT1:22_293_DF_DCIS_INDDEMOG1_1(1.0),A,ITD37,LIFEEXP65F,2018,22,,,,TIPO_DATO15__LIFEEXP65F_N1,,,
IT1:22_293_DF_DCIS_INDDEMOG1_1(1.0),A,ITD37,LIFEEXP65F,2019,22.3,,,,TIPO_DATO15__LIFEEXP65F_N1,,,
IT1:22_293_DF_DCIS_INDDEMOG1_1(1.0),A,ITD37,LIFEEXP65F,2020,21.8,,,,TIPO_DATO15__LIFEEXP65F_N1,,,
IT1:22_293_DF_DCIS_INDDEMOG1_1(1.0),A,ITD37,LIFEEXP65F,2021,21.8,,,,TIPO_DATO15__LIFEEXP65F_N1,,,
IT1:22_293_DF_DCIS_INDDEMOG1_1(1.0),A,ITD37,LIFEEXP65F,2022,21.7,,,,TIPO_DATO15__LIFEEXP65F_N1,,,
IT1:22_293_DF_DCIS_INDDEMOG1_1(1.0),A,ITD37,LIFEEXP65F,2023,22.2,,,,TIPO_DATO15__LIFEEXP65F_N1,,,
IT1:22_293_DF_DCIS_INDDEMOG1_1(1.0),A,ITD37,LIFEEXP65F,2024,22.5,,,,TIPO_DATO15__LIFEEXP65F_N1,,,
IT1:22_293_DF_DCIS_INDDEMOG1_1(1.0),A,ITD37,LIFEEXP65F,2025,22.8,e,,,TIPO_DATO15__LIFEEXP65F_N1,,,
IT1:22_293_DF_DCIS_INDDEMOG1_1(1.0),A,ITD4,LIFEEXP65F,2015,22.4,,,,TIPO_DATO15__LIFEEXP65F_N1,,,
IT1:22_293_DF_DCIS_INDDEMOG1_1(1.0),A,ITD4,LIFEEXP65F,2016,22.8,,,,TIPO_DATO15__LIFEEXP65F_N1,,,
IT1:22_293_DF_DCIS_INDDEMOG1_1(1.0),A,ITD4,LIFEEXP65F,2017,22.8,,,,TIPO_DATO15__LIFEEXP65F_N1,,,
IT1:22_293_DF_DCIS_INDDEMOG1_1(1.0),A,ITD4,LIFEEXP65F,2018,22.7,,,,TIPO_DATO15__LIFEEXP65F_N1,,,
IT1:22_293_DF_DCIS_INDDEMOG1_1(1.0),A,ITD4,LIFEEXP65F,2019,23,,,,TIPO_DATO15__LIFEEXP65F_N1,,,
IT1:22_293_DF_DCIS_INDDEMOG1_1(1.0),A,ITD4,LIFEEXP65F,2020,22.2,,,,TIPO_DATO15__LIFEEXP65F_N1,,,
IT1:22_293_DF_DCIS_INDDEMOG1_1(1.0),A,ITD4,LIFEEXP65F,2021,22.1,,,,TIPO_DATO15__LIFEEXP65F_N1,,,
IT1:22_293_DF_DCIS_INDDEMOG1_1(1.0),A,ITD4,LIFEEXP65F,2022,22.5,,,,TIPO_DATO15__LIFEEXP65F_N1,,,
IT1:22_293_DF_DCIS_INDDEMOG1_1(1.0),A,ITD4,LIFEEXP65F,2023,22.9,,,,TIPO_DATO15__LIFEEXP65F_N1,,,
IT1:22_293_DF_DCIS_INDDEMOG1_1(1.0),A,ITD4,LIFEEXP65F,2024,23.1,,,,TIPO_DATO15__LIFEEXP65F_N1,,,
IT1:22_293_DF_DCIS_INDDEMOG1_1(1.0),A,ITD4,LIFEEXP65F,2025,23.4,e,,,TIPO_DATO15__LIFEEXP65F_N1,,,
IT1:22_293_DF_DCIS_INDDEMOG1_1(1.0),A,ITD41,LIFEEXP65F,2015,22.9,,,,TIPO_DATO15__LIFEEXP65F_N1,,,
IT1:22_293_DF_DCIS_INDDEMOG1_1(1.0),A,ITD41,LIFEEXP65F,2016,23.7,,,,TIPO_DATO15__LIFEEXP65F_N1,,,
IT1:22_293_DF_DCIS_INDDEMOG1_1(1.0),A,ITD41,LIFEEXP65F,2017,23.3,,,,TIPO_DATO15__LIFEEXP65F_N1,,,
IT1:22_293_DF_DCIS_INDDEMOG1_1(1.0),A,ITD41,LIFEEXP65F,2018,22.9,,,,TIPO_DATO15__LIFEEXP65F_N1,,,
IT1:22_293_DF_DCIS_INDDEMOG1_1(1.0),A,ITD41,LIFEEXP65F,2019,23.5,,,,TIPO_DATO15__LIFEEXP65F_N1,,,
IT1:22_293_DF_DCIS_INDDEMOG1_1(1.0),A,ITD41,LIFEEXP65F,2020,22.8,,,,TIPO_DATO15__LIFEEXP65F_N1,,,
IT1:22_293_DF_DCIS_INDDEMOG1_1(1.0),A,ITD41,LIFEEXP65F,2021,22.9,,,,TIPO_DATO15__LIFEEXP65F_N1,,,
IT1:22_293_DF_DCIS_INDDEMOG1_1(1.0),A,ITD41,LIFEEXP65F,2022,23.1,,,,TIPO_DATO15__LIFEEXP65F_N1,,,
IT1:22_293_DF_DCIS_INDDEMOG1_1(1.0),A,ITD41,LIFEEXP65F,2023,23.4,,,,TIPO_DATO15__LIFEEXP65F_N1,,,
IT1:22_293_DF_DCIS_INDDEMOG1_1(1.0),A,ITD41,LIFEEXP65F,2024,23.6,,,,TIPO_DATO15__LIFEEXP65F_N1,,,
IT1:22_293_DF_DCIS_INDDEMOG1_1(1.0),A,ITD41,LIFEEXP65F,2025,23.7,e,,,TIPO_DATO15__LIFEEXP65F_N1,,,
IT1:22_293_DF_DCIS_INDDEMOG1_1(1.0),A,ITD42,LIFEEXP65F,2015,22.5,,,,TIPO_DATO15__LIFEEXP65F_N1,,,
IT1:22_293_DF_DCIS_INDDEMOG1_1(1.0),A,ITD42,LIFEEXP65F,2016,22.9,,,,TIPO_DATO15__LIFEEXP65F_N1,,,
IT1:22_293_DF_DCIS_INDDEMOG1_1(1.0),A,ITD42,LIFEEXP65F,2017,22.8,,,,TIPO_DATO15__LIFEEXP65F_N1,,,
IT1:22_293_DF_DCIS_INDDEMOG1_1(1.0),A,ITD42,LIFEEXP65F,2018,22.9,,,,TIPO_DATO15__LIFEEXP65F_N1,,,
IT1:22_293_DF_DCIS_INDDEMOG1_1(1.0),A,ITD42,LIFEEXP65F,2019,23.1,,,,TIPO_DATO15__LIFEEXP65F_N1,,,
IT1:22_293_DF_DCIS_INDDEMOG1_1(1.0),A,ITD42,LIFEEXP65F,2020,22.3,,,,TIPO_DATO15__LIFEEXP65F_N1,,,
IT1:22_293_DF_DCIS_INDDEMOG1_1(1.0),A,ITD42,LIFEEXP65F,2021,21.9,,,,TIPO_DATO15__LIFEEXP65F_N1,,,
IT1:22_293_DF_DCIS_INDDEMOG1_1(1.0),A,ITD42,LIFEEXP65F,2022,22.5,,,,TIPO_DATO15__LIFEEXP65F_N1,,,
IT1:22_293_DF_DCIS_INDDEMOG1_1(1.0),A,ITD42,LIFEEXP65F,2023,23.2,,,,TIPO_DATO15__LIFEEXP65F_N1,,,
IT1:22_293_DF_DCIS_INDDEMOG1_1(1.0),A,ITD42,LIFEEXP65F,2024,23.3,,,,TIPO_DATO15__LIFEEXP65F_N1,,,
IT1:22_293_DF_DCIS_INDDEMOG1_1(1.0),A,ITD42,LIFEEXP65F,2025,23.3,e,,,TIPO_DATO15__LIFEEXP65F_N1,,,
IT1:22_293_DF_DCIS_INDDEMOG1_1(1.0),A,ITD43,LIFEEXP65F,2015,22,,,,TIPO_DATO15__LIFEEXP65F_N1,,,
IT1:22_293_DF_DCIS_INDDEMOG1_1(1.0),A,ITD43,LIFEEXP65F,2016,22.5,,,,TIPO_DATO15__LIFEEXP65F_N1,,,
IT1:22_293_DF_DCIS_INDDEMOG1_1(1.0),A,ITD43,LIFEEXP65F,2017,22.8,,,,TIPO_DATO15__LIFEEXP65F_N1,,,
IT1:22_293_DF_DCIS_INDDEMOG1_1(1.0),A,ITD43,LIFEEXP65F,2018,22.4,,,,TIPO_DATO15__LIFEEXP65F_N1,,,
IT1:22_293_DF_DCIS_INDDEMOG1_1(1.0),A,ITD43,LIFEEXP65F,2019,23,,,,TIPO_DATO15__LIFEEXP65F_N1,,,
IT1:22_293_DF_DCIS_INDDEMOG1_1(1.0),A,ITD43,LIFEEXP65F,2020,22.1,,,,TIPO_DATO15__LIFEEXP65F_N1,,,
IT1:22_293_DF_DCIS_INDDEMOG1_1(1.0),A,ITD43,LIFEEXP65F,2021,22.2,,,,TIPO_DATO15__LIFEEXP65F_N1,,,
IT1:22_293_DF_DCIS_INDDEMOG1_1(1.0),A,ITD43,LIFEEXP65F,2022,22.3,,,,TIPO_DATO15__LIFEEXP65F_N1,,,
IT1:22_293_DF_DCIS_INDDEMOG1_1(1.0),A,ITD43,LIFEEXP65F,2023,22.9,,,,TIPO_DATO15__LIFEEXP65F_N1,,,
IT1:22_293_DF_DCIS_INDDEMOG1_1(1.0),A,ITD43,LIFEEXP65F,2024,23.4,,,,TIPO_DATO15__LIFEEXP65F_N1,,,
IT1:22_293_DF_DCIS_INDDEMOG1_1(1.0),A,ITD43,LIFEEXP65F,2025,23.7,e,,,TIPO_DATO15__LIFEEXP65F_N1,,,
IT1:22_293_DF_DCIS_INDDEMOG1_1(1.0),A,ITD44,LIFEEXP65F,2015,21.9,,,,TIPO_DATO15__LIFEEXP65F_N1,,,
IT1:22_293_DF_DCIS_INDDEMOG1_1(1.0),A,ITD44,LIFEEXP65F,2016,22.3,,,,TIPO_DATO15__LIFEEXP65F_N1,,,
IT1:22_293_DF_DCIS_INDDEMOG1_1(1.0),A,ITD44,LIFEEXP65F,2017,22.7,,,,TIPO_DATO15__LIFEEXP65F_N1,,,
IT1:22_293_DF_DCIS_INDDEMOG1_1(1.0),A,ITD44,LIFEEXP65F,2018,22.5,,,,TIPO_DATO15__LIFEEXP65F_N1,,,
IT1:22_293_DF_DCIS_INDDEMOG1_1(1.0),A,ITD44,LIFEEXP65F,2019,22.7,,,,TIPO_DATO15__LIFEEXP65F_N1,,,
IT1:22_293_DF_DCIS_INDDEMOG1_1(1.0),A,ITD44,LIFEEXP65F,2020,21.8,,,,TIPO_DATO15__LIFEEXP65F_N1,,,
IT1:22_293_DF_DCIS_INDDEMOG1_1(1.0),A,ITD44,LIFEEXP65F,2021,21.8,,,,TIPO_DATO15__LIFEEXP65F_N1,,,
IT1:22_293_DF_DCIS_INDDEMOG1_1(1.0),A,ITD44,LIFEEXP65F,2022,22.1,,,,TIPO_DATO15__LIFEEXP65F_N1,,,
IT1:22_293_DF_DCIS_INDDEMOG1_1(1.0),A,ITD44,LIFEEXP65F,2023,22.5,,,,TIPO_DATO15__LIFEEXP65F_N1,,,
IT1:22_293_DF_DCIS_INDDEMOG1_1(1.0),A,ITD44,LIFEEXP65F,2024,22.5,,,,TIPO_DATO15__LIFEEXP65F_N1,,,
IT1:22_293_DF_DCIS_INDDEMOG1_1(1.0),A,ITD44,LIFEEXP65F,2025,23.4,e,,,TIPO_DATO15__LIFEEXP65F_N1,,,
IT1:22_293_DF_DCIS_INDDEMOG1_1(1.0),A,ITD5,LIFEEXP65F,2015,22.2,,,,TIPO_DATO15__LIFEEXP65F_N1,,,
IT1:22_293_DF_DCIS_INDDEMOG1_1(1.0),A,ITD5,LIFEEXP65F,2016,22.6,,,,TIPO_DATO15__LIFEEXP65F_N1,,,
IT1:22_293_DF_DCIS_INDDEMOG1_1(1.0),A,ITD5,LIFEEXP65F,2017,22.5,,,,TIPO_DATO15__LIFEEXP65F_N1,,,
IT1:22_293_DF_DCIS_INDDEMOG1_1(1.0),A,ITD5,LIFEEXP65F,2018,22.8,,,,TIPO_DATO15__LIFEEXP65F_N1,,,
IT1:22_293_DF_DCIS_INDDEMOG1_1(1.0),A,ITD5,LIFEEXP65F,2019,22.8,,,,TIPO_DATO15__LIFEEXP65F_N1,,,
IT1:22_293_DF_DCIS_INDDEMOG1_1(1.0),A,ITD5,LIFEEXP65F,2020,21.8,,,,TIPO_DATO15__LIFEEXP65F_N1,,,
IT1:22_293_DF_DCIS_INDDEMOG1_1(1.0),A,ITD5,LIFEEXP65F,2021,22.2,,,,TIPO_DATO15__LIFEEXP65F_N1,,,
IT1:22_293_DF_DCIS_INDDEMOG1_1(1.0),A,ITD5,LIFEEXP65F,2022,22.2,,,,TIPO_DATO15__LIFEEXP65F_N1,,,
IT1:22_293_DF_DCIS_INDDEMOG1_1(1.0),A,ITD5,LIFEEXP65F,2023,22.6,,,,TIPO_DATO15__LIFEEXP65F_N1,,,
IT1:22_293_DF_DCIS_INDDEMOG1_1(1.0),A,ITD5,LIFEEXP65F,2024,22.9,,,,TIPO_DATO15__LIFEEXP65F_N1,,,
IT1:22_293_DF_DCIS_INDDEMOG1_1(1.0),A,ITD5,LIFEEXP65F,2025,23,e,,,TIPO_DATO15__LIFEEXP65F_N1,,,
IT1:22_293_DF_DCIS_INDDEMOG1_1(1.0),A,ITD51,LIFEEXP65F,2015,22.3,,,,TIPO_DATO15__LIFEEXP65F_N1,,,
IT1:22_293_DF_DCIS_INDDEMOG1_1(1.0),A,ITD51,LIFEEXP65F,2016,22.3,,,,TIPO_DATO15__LIFEEXP65F_N1,,,
IT1:22_293_DF_DCIS_INDDEMOG1_1(1.0),A,ITD51,LIFEEXP65F,2017,22.3,,,,TIPO_DATO15__LIFEEXP65F_N1,,,
IT1:22_293_DF_DCIS_INDDEMOG1_1(1.0),A,ITD51,LIFEEXP65F,2018,22.1,,,,TIPO_DATO15__LIFEEXP65F_N1,,,
IT1:22_293_DF_DCIS_INDDEMOG1_1(1.0),A,ITD51,LIFEEXP65F,2019,22.8,,,,TIPO_DATO15__LIFEEXP65F_N1,,,
IT1:22_293_DF_DCIS_INDDEMOG1_1(1.0),A,ITD51,LIFEEXP65F,2020,20.2,,,,TIPO_DATO15__LIFEEXP65F_N1,,,
IT1:22_293_DF_DCIS_INDDEMOG1_1(1.0),A,ITD51,LIFEEXP65F,2021,22.3,,,,TIPO_DATO15__LIFEEXP65F_N1,,,
IT1:22_293_DF_DCIS_INDDEMOG1_1(1.0),A,ITD51,LIFEEXP65F,2022,22.4,,,,TIPO_DATO15__LIFEEXP65F_N1,,,
IT1:22_293_DF_DCIS_INDDEMOG1_1(1.0),A,ITD51,LIFEEXP65F,2023,22,,,,TIPO_DATO15__LIFEEXP65F_N1,,,
IT1:22_293_DF_DCIS_INDDEMOG1_1(1.0),A,ITD51,LIFEEXP65F,2024,22.7,,,,TIPO_DATO15__LIFEEXP65F_N1,,,
IT1:22_293_DF_DCIS_INDDEMOG1_1(1.0),A,ITD51,LIFEEXP65F,2025,22.8,e,,,TIPO_DATO15__LIFEEXP65F_N1,,,
IT1:22_293_DF_DCIS_INDDEMOG1_1(1.0),A,ITD52,LIFEEXP65F,2015,22.2,,,,TIPO_DATO15__LIFEEXP65F_N1,,,
IT1:22_293_DF_DCIS_INDDEMOG1_1(1.0),A,ITD52,LIFEEXP65F,2016,22.7,,,,TIPO_DATO15__LIFEEXP65F_N1,,,
IT1:22_293_DF_DCIS_INDDEMOG1_1(1.0),A,ITD52,LIFEEXP65F,2017,22.7,,,,TIPO_DATO15__LIFEEXP65F_N1,,,
IT1:22_293_DF_DCIS_INDDEMOG1_1(1.0),A,ITD52,LIFEEXP65F,2018,23,,,,TIPO_DATO15__LIFEEXP65F_N1,,,
IT1:22_293_DF_DCIS_INDDEMOG1_1(1.0),A,ITD52,LIFEEXP65F,2019,22.7,,,,TIPO_DATO15__LIFEEXP65F_N1,,,
IT1:22_293_DF_DCIS_INDDEMOG1_1(1.0),A,ITD52,LIFEEXP65F,2020,21.1,,,,TIPO_DATO15__LIFEEXP65F_N1,,,
IT1:22_293_DF_DCIS_INDDEMOG1_1(1.0),A,ITD52,LIFEEXP65F,2021,22.2,,,,TIPO_DATO15__LIFEEXP65F_N1,,,
IT1:22_293_DF_DCIS_INDDEMOG1_1(1.0),A,ITD52,LIFEEXP65F,2022,22,,,,TIPO_DATO15__LIFEEXP65F_N1,,,
IT1:22_293_DF_DCIS_INDDEMOG1_1(1.0),A,ITD52,LIFEEXP65F,2023,22.8,,,,TIPO_DATO15__LIFEEXP65F_N1,,,
IT1:22_293_DF_DCIS_INDDEMOG1_1(1.0),A,ITD52,LIFEEXP65F,2024,22.9,,,,TIPO_DATO15__LIFEEXP65F_N1,,,
IT1:22_293_DF_DCIS_INDDEMOG1_1(1.0),A,ITD52,LIFEEXP65F,2025,23,e,,,TIPO_DATO15__LIFEEXP65F_N1,,,
IT1:22_293_DF_DCIS_INDDEMOG1_1(1.0),A,ITD53,LIFEEXP65F,2015,22.2,,,,TIPO_DATO15__LIFEEXP65F_N1,,,
IT1:22_293_DF_DCIS_INDDEMOG1_1(1.0),A,ITD53,LIFEEXP65F,2016,22.4,,,,TIPO_DATO15__LIFEEXP65F_N1,,,
IT1:22_293_DF_DCIS_INDDEMOG1_1(1.0),A,ITD53,LIFEEXP65F,2017,22.5,,,,TIPO_DATO15__LIFEEXP65F_N1,,,
IT1:22_293_DF_DCIS_INDDEMOG1_1(1.0),A,ITD53,LIFEEXP65F,2018,22.8,,,,TIPO_DATO15__LIFEEXP65F_N1,,,
IT1:22_293_DF_DCIS_INDDEMOG1_1(1.0),A,ITD53,LIFEEXP65F,2019,22.7,,,,TIPO_DATO15__LIFEEXP65F_N1,,,
IT1:22_293_DF_DCIS_INDDEMOG1_1(1.0),A,ITD53,LIFEEXP65F,2020,22,,,,TIPO_DATO15__LIFEEXP65F_N1,,,
IT1:22_293_DF_DCIS_INDDEMOG1_1(1.0),A,ITD53,LIFEEXP65F,2021,22.2,,,,TIPO_DATO15__LIFEEXP65F_N1,,,
IT1:22_293_DF_DCIS_INDDEMOG1_1(1.0),A,ITD53,LIFEEXP65F,2022,22,,,,TIPO_DATO15__LIFEEXP65F_N1,,,
IT1:22_293_DF_DCIS_INDDEMOG1_1(1.0),A,ITD53,LIFEEXP65F,2023,22.8,,,,TIPO_DATO15__LIFEEXP65F_N1,,,
IT1:22_293_DF_DCIS_INDDEMOG1_1(1.0),A,ITD53,LIFEEXP65F,2024,23,,,,TIPO_DATO15__LIFEEXP65F_N1,,,
IT1:22_293_DF_DCIS_INDDEMOG1_1(1.0),A,ITD53,LIFEEXP65F,2025,22.8,e,,,TIPO_DATO15__LIFEEXP65F_N1,,,
IT1:22_293_DF_DCIS_INDDEMOG1_1(1.0),A,ITD54,LIFEEXP65F,2015,22.6,,,,TIPO_DATO15__LIFEEXP65F_N1,,,
IT1:22_293_DF_DCIS_INDDEMOG1_1(1.0),A,ITD54,LIFEEXP65F,2016,22.6,,,,TIPO_DATO15__LIFEEXP65F_N1,,,
IT1:22_293_DF_DCIS_INDDEMOG1_1(1.0),A,ITD54,LIFEEXP65F,2017,22.7,,,,TIPO_DATO15__LIFEEXP65F_N1,,,
IT1:22_293_DF_DCIS_INDDEMOG1_1(1.0),A,ITD54,LIFEEXP65F,2018,22.8,,,,TIPO_DATO15__LIFEEXP65F_N1,,,
IT1:22_293_DF_DCIS_INDDEMOG1_1(1.0),A,ITD54,LIFEEXP65F,2019,23,,,,TIPO_DATO15__LIFEEXP65F_N1,,,
IT1:22_293_DF_DCIS_INDDEMOG1_1(1.0),A,ITD54,LIFEEXP65F,2020,22.2,,,,TIPO_DATO15__LIFEEXP65F_N1,,,
IT1:22_293_DF_DCIS_INDDEMOG1_1(1.0),A,ITD54,LIFEEXP65F,2021,22.4,,,,TIPO_DATO15__LIFEEXP65F_N1,,,
IT1:22_293_DF_DCIS_INDDEMOG1_1(1.0),A,ITD54,LIFEEXP65F,2022,22.3,,,,TIPO_DATO15__LIFEEXP65F_N1,,,
IT1:22_293_DF_DCIS_INDDEMOG1_1(1.0),A,ITD54,LIFEEXP65F,2023,22.8,,,,TIPO_DATO15__LIFEEXP65F_N1,,,
IT1:22_293_DF_DCIS_INDDEMOG1_1(1.0),A,ITD54,LIFEEXP65F,2024,22.8,,,,TIPO_DATO15__LIFEEXP65F_N1,,,
IT1:22_293_DF_DCIS_INDDEMOG1_1(1.0),A,ITD54,LIFEEXP65F,2025,23.2,e,,,TIPO_DATO15__LIFEEXP65F_N1,,,
IT1:22_293_DF_DCIS_INDDEMOG1_1(1.0),A,ITD55,LIFEEXP65F,2015,22.1,,,,TIPO_DATO15__LIFEEXP65F_N1,,,
IT1:22_293_DF_DCIS_INDDEMOG1_1(1.0),A,ITD55,LIFEEXP65F,2016,22.8,,,,TIPO_DATO15__LIFEEXP65F_N1,,,
IT1:22_293_DF_DCIS_INDDEMOG1_1(1.0),A,ITD55,LIFEEXP65F,2017,22.7,,,,TIPO_DATO15__LIFEEXP65F_N1,,,
IT1:22_293_DF_DCIS_INDDEMOG1_1(1.0),A,ITD55,LIFEEXP65F,2018,22.8,,,,TIPO_DATO15__LIFEEXP65F_N1,,,
IT1:22_293_DF_DCIS_INDDEMOG1_1(1.0),A,ITD55,LIFEEXP65F,2019,23,,,,TIPO_DATO15__LIFEEXP65F_N1,,,
IT1:22_293_DF_DCIS_INDDEMOG1_1(1.0),A,ITD55,LIFEEXP65F,2020,22.2,,,,TIPO_DATO15__LIFEEXP65F_N1,,,
IT1:22_293_DF_DCIS_INDDEMOG1_1(1.0),A,ITD55,LIFEEXP65F,2021,22.4,,,,TIPO_DATO15__LIFEEXP65F_N1,,,
IT1:22_293_DF_DCIS_INDDEMOG1_1(1.0),A,ITD55,LIFEEXP65F,2022,22.5,,,,TIPO_DATO15__LIFEEXP65F_N1,,,
IT1:22_293_DF_DCIS_INDDEMOG1_1(1.0),A,ITD55,LIFEEXP65F,2023,22.8,,,,TIPO_DATO15__LIFEEXP65F_N1,,,
IT1:22_293_DF_DCIS_INDDEMOG1_1(1.0),A,ITD55,LIFEEXP65F,2024,22.9,,,,TIPO_DATO15__LIFEEXP65F_N1,,,
IT1:22_293_DF_DCIS_INDDEMOG1_1(1.0),A,ITD55,LIFEEXP65F,2025,23.2,e,,,TIPO_DATO15__LIFEEXP65F_N1,,,
IT1:22_293_DF_DCIS_INDDEMOG1_1(1.0),A,ITD56,LIFEEXP65F,2015,21.3,,,,TIPO_DATO15__LIFEEXP65F_N1,,,
IT1:22_293_DF_DCIS_INDDEMOG1_1(1.0),A,ITD56,LIFEEXP65F,2016,21.9,,,,TIPO_DATO15__LIFEEXP65F_N1,,,
IT1:22_293_DF_DCIS_INDDEMOG1_1(1.0),A,ITD56,LIFEEXP65F,2017,21.8,,,,TIPO_DATO15__LIFEEXP65F_N1,,,
IT1:22_293_DF_DCIS_INDDEMOG1_1(1.0),A,ITD56,LIFEEXP65F,2018,22.4,,,,TIPO_DATO15__LIFEEXP65F_N1,,,
IT1:22_293_DF_DCIS_INDDEMOG1_1(1.0),A,ITD56,LIFEEXP65F,2019,22.6,,,,TIPO_DATO15__LIFEEXP65F_N1,,,
IT1:22_293_DF_DCIS_INDDEMOG1_1(1.0),A,ITD56,LIFEEXP65F,2020,21.5,,,,TIPO_DATO15__LIFEEXP65F_N1,,,
IT1:22_293_DF_DCIS_INDDEMOG1_1(1.0),A,ITD56,LIFEEXP65F,2021,21.4,,,,TIPO_DATO15__LIFEEXP65F_N1,,,
IT1:22_293_DF_DCIS_INDDEMOG1_1(1.0),A,ITD56,LIFEEXP65F,2022,21.6,,,,TIPO_DATO15__LIFEEXP65F_N1,,,
IT1:22_293_DF_DCIS_INDDEMOG1_1(1.0),A,ITD56,LIFEEXP65F,2023,22.4,,,,TIPO_DATO15__LIFEEXP65F_N1,,,
IT1:22_293_DF_DCIS_INDDEMOG1_1(1.0),A,ITD56,LIFEEXP65F,2024,22.6,,,,TIPO_DATO15__LIFEEXP65F_N1,,,
IT1:22_293_DF_DCIS_INDDEMOG1_1(1.0),A,ITD56,LIFEEXP65F,2025,23,e,,,TIPO_DATO15__LIFEEXP65F_N1,,,
IT1:22_293_DF_DCIS_INDDEMOG1_1(1.0),A,ITD57,LIFEEXP65F,2015,22.4,,,,TIPO_DATO15__LIFEEXP65F_N1,,,
IT1:22_293_DF_DCIS_INDDEMOG1_1(1.0),A,ITD57,LIFEEXP65F,2016,23,,,,TIPO_DATO15__LIFEEXP65F_N1,,,
IT1:22_293_DF_DCIS_INDDEMOG1_1(1.0),A,ITD57,LIFEEXP65F,2017,22.8,,,,TIPO_DATO15__LIFEEXP65F_N1,,,
IT1:22_293_DF_DCIS_INDDEMOG1_1(1.0),A,ITD57,LIFEEXP65F,2018,23.3,,,,TIPO_DATO15__LIFEEXP65F_N1,,,
IT1:22_293_DF_DCIS_INDDEMOG1_1(1.0),A,ITD57,LIFEEXP65F,2019,22.7,,,,TIPO_DATO15__LIFEEXP65F_N1,,,
IT1:22_293_DF_DCIS_INDDEMOG1_1(1.0),A,ITD57,LIFEEXP65F,2020,22.3,,,,TIPO_DATO15__LIFEEXP65F_N1,,,
IT1:22_293_DF_DCIS_INDDEMOG1_1(1.0),A,ITD57,LIFEEXP65F,2021,22.4,,,,TIPO_DATO15__LIFEEXP65F_N1,,,
IT1:22_293_DF_DCIS_INDDEMOG1_1(1.0),A,ITD57,LIFEEXP65F,2022,22.4,,,,TIPO_DATO15__LIFEEXP65F_N1,,,
IT1:22_293_DF_DCIS_INDDEMOG1_1(1.0),A,ITD57,LIFEEXP65F,2023,22.8,,,,TIPO_DATO15__LIFEEXP65F_N1,,,
IT1:22_293_DF_DCIS_INDDEMOG1_1(1.0),A,ITD57,LIFEEXP65F,2024,22.8,,,,TIPO_DATO15__LIFEEXP65F_N1,,,
IT1:22_293_DF_DCIS_INDDEMOG1_1(1.0),A,ITD57,LIFEEXP65F,2025,23,e,,,TIPO_DATO15__LIFEEXP65F_N1,,,
IT1:22_293_DF_DCIS_INDDEMOG1_1(1.0),A,ITD58,LIFEEXP65F,2015,22.4,,,,TIPO_DATO15__LIFEEXP65F_N1,,,
IT1:22_293_DF_DCIS_INDDEMOG1_1(1.0),A,ITD58,LIFEEXP65F,2016,23,,,,TIPO_DATO15__LIFEEXP65F_N1,,,
IT1:22_293_DF_DCIS_INDDEMOG1_1(1.0),A,ITD58,LIFEEXP65F,2017,22.7,,,,TIPO_DATO15__LIFEEXP65F_N1,,,
IT1:22_293_DF_DCIS_INDDEMOG1_1(1.0),A,ITD58,LIFEEXP65F,2018,23.2,,,,TIPO_DATO15__LIFEEXP65F_N1,,,
IT1:22_293_DF_DCIS_INDDEMOG1_1(1.0),A,ITD58,LIFEEXP65F,2019,22.9,,,,TIPO_DATO15__LIFEEXP65F_N1,,,
IT1:22_293_DF_DCIS_INDDEMOG1_1(1.0),A,ITD58,LIFEEXP65F,2020,22.4,,,,TIPO_DATO15__LIFEEXP65F_N1,,,
IT1:22_293_DF_DCIS_INDDEMOG1_1(1.0),A,ITD58,LIFEEXP65F,2021,22.2,,,,TIPO_DATO15__LIFEEXP65F_N1,,,
IT1:22_293_DF_DCIS_INDDEMOG1_1(1.0),A,ITD58,LIFEEXP65F,2022,22.1,,,,TIPO_DATO15__LIFEEXP65F_N1,,,
IT1:22_293_DF_DCIS_INDDEMOG1_1(1.0),A,ITD58,LIFEEXP65F,2023,22.7,,,,TIPO_DATO15__LIFEEXP65F_N1,,,
IT1:22_293_DF_DCIS_INDDEMOG1_1(1.0),A,ITD58,LIFEEXP65F,2024,23.5,,,,TIPO_DATO15__LIFEEXP65F_N1,,,
IT1:22_293_DF_DCIS_INDDEMOG1_1(1.0),A,ITD58,LIFEEXP65F,2025,23.2,e,,,TIPO_DATO15__LIFEEXP65F_N1,,,
IT1:22_293_DF_DCIS_INDDEMOG1_1(1.0),A,ITD59,LIFEEXP65F,2015,22.6,,,,TIPO_DATO15__LIFEEXP65F_N1,,,
IT1:22_293_DF_DCIS_INDDEMOG1_1(1.0),A,ITD59,LIFEEXP65F,2016,23.4,,,,TIPO_DATO15__LIFEEXP65F_N1,,,
IT1:22_293_DF_DCIS_INDDEMOG1_1(1.0),A,ITD59,LIFEEXP65F,2017,23.3,,,,TIPO_DATO15__LIFEEXP65F_N1,,,
IT1:22_293_DF_DCIS_INDDEMOG1_1(1.0),A,ITD59,LIFEEXP65F,2018,23.2,,,,TIPO_DATO15__LIFEEXP65F_N1,,,
IT1:22_293_DF_DCIS_INDDEMOG1_1(1.0),A,ITD59,LIFEEXP65F,2019,23.1,,,,TIPO_DATO15__LIFEEXP65F_N1,,,
IT1:22_293_DF_DCIS_INDDEMOG1_1(1.0),A,ITD59,LIFEEXP65F,2020,21.5,,,,TIPO_DATO15__LIFEEXP65F_N1,,,
IT1:22_293_DF_DCIS_INDDEMOG1_1(1.0),A,ITD59,LIFEEXP65F,2021,22.6,,,,TIPO_DATO15__LIFEEXP65F_N1,,,
IT1:22_293_DF_DCIS_INDDEMOG1_1(1.0),A,ITD59,LIFEEXP65F,2022,22.6,,,,TIPO_DATO15__LIFEEXP65F_N1,,,
IT1:22_293_DF_DCIS_INDDEMOG1_1(1.0),A,ITD59,LIFEEXP65F,2023,23.3,,,,TIPO_DATO15__LIFEEXP65F_N1,,,
IT1:22_293_DF_DCIS_INDDEMOG1_1(1.0),A,ITD59,LIFEEXP65F,2024,23.2,,,,TIPO_DATO15__LIFEEXP65F_N1,,,
IT1:22_293_DF_DCIS_INDDEMOG1_1(1.0),A,ITD59,LIFEEXP65F,2025,23.6,e,,,TIPO_DATO15__LIFEEXP65F_N1,,,
IT1:22_293_DF_DCIS_INDDEMOG1_1(1.0),A,ITDA,LIFEEXP65F,2015,22.9,,,,TIPO_DATO15__LIFEEXP65F_N1,,,
IT1:22_293_DF_DCIS_INDDEMOG1_1(1.0),A,ITDA,LIFEEXP65F,2016,23.3,,,,TIPO_DATO15__LIFEEXP65F_N1,,,
IT1:22_293_DF_DCIS_INDDEMOG1_1(1.0),A,ITDA,LIFEEXP65F,2017,23.2,,,,TIPO_DATO15__LIFEEXP65F_N1,,,
IT1:22_293_DF_DCIS_INDDEMOG1_1(1.0),A,ITDA,LIFEEXP65F,2018,23.3,,,,TIPO_DATO15__LIFEEXP65F_N1,,,
IT1:22_293_DF_DCIS_INDDEMOG1_1(1.0),A,ITDA,LIFEEXP65F,2019,23.7,,,,TIPO_DATO15__LIFEEXP65F_N1,,,
IT1:22_293_DF_DCIS_INDDEMOG1_1(1.0),A,ITDA,LIFEEXP65F,2020,22.2,,,,TIPO_DATO15__LIFEEXP65F_N1,,,
IT1:22_293_DF_DCIS_INDDEMOG1_1(1.0),A,ITDA,LIFEEXP65F,2021,23,,,,TIPO_DATO15__LIFEEXP65F_N1,,,
IT1:22_293_DF_DCIS_INDDEMOG1_1(1.0),A,ITDA,LIFEEXP65F,2022,23.1,,,,TIPO_DATO15__LIFEEXP65F_N1,,,
IT1:22_293_DF_DCIS_INDDEMOG1_1(1.0),A,ITDA,LIFEEXP65F,2023,23.6,,,,TIPO_DATO15__LIFEEXP65F_N1,,,
IT1:22_293_DF_DCIS_INDDEMOG1_1(1.0),A,ITDA,LIFEEXP65F,2024,23.8,,,,TIPO_DATO15__LIFEEXP65F_N1,,,
IT1:22_293_DF_DCIS_INDDEMOG1_1(1.0),A,ITDA,LIFEEXP65F,2025,23.9,e,,,TIPO_DATO15__LIFEEXP65F_N1,,,
IT1:22_293_DF_DCIS_INDDEMOG1_1(1.0),A,ITE,LIFEEXP65F,2015,22.1,,,,TIPO_DATO15__LIFEEXP65F_N1,,,
IT1:22_293_DF_DCIS_INDDEMOG1_1(1.0),A,ITE,LIFEEXP65F,2016,22.5,,,,TIPO_DATO15__LIFEEXP65F_N1,,,
IT1:22_293_DF_DCIS_INDDEMOG1_1(1.0),A,ITE,LIFEEXP65F,2017,22.2,,,,TIPO_DATO15__LIFEEXP65F_N1,,,
IT1:22_293_DF_DCIS_INDDEMOG1_1(1.0),A,ITE,LIFEEXP65F,2018,22.7,,,,TIPO_DATO15__LIFEEXP65F_N1,,,
IT1:22_293_DF_DCIS_INDDEMOG1_1(1.0),A,ITE,LIFEEXP65F,2019,22.8,,,,TIPO_DATO15__LIFEEXP65F_N1,,,
IT1:22_293_DF_DCIS_INDDEMOG1_1(1.0),A,ITE,LIFEEXP65F,2020,22.3,,,,TIPO_DATO15__LIFEEXP65F_N1,,,
IT1:22_293_DF_DCIS_INDDEMOG1_1(1.0),A,ITE,LIFEEXP65F,2021,22.2,,,,TIPO_DATO15__LIFEEXP65F_N1,,,
IT1:22_293_DF_DCIS_INDDEMOG1_1(1.0),A,ITE,LIFEEXP65F,2022,22.3,,,,TIPO_DATO15__LIFEEXP65F_N1,,,
IT1:22_293_DF_DCIS_INDDEMOG1_1(1.0),A,ITE,LIFEEXP65F,2023,22.5,,,,TIPO_DATO15__LIFEEXP65F_N1,,,
IT1:22_293_DF_DCIS_INDDEMOG1_1(1.0),A,ITE,LIFEEXP65F,2024,22.8,,,,TIPO_DATO15__LIFEEXP65F_N1,,,
IT1:22_293_DF_DCIS_INDDEMOG1_1(1.0),A,ITE,LIFEEXP65F,2025,23,e,,,TIPO_DATO15__LIFEEXP65F_N1,,,
IT1:22_293_DF_DCIS_INDDEMOG1_1(1.0),A,ITE1,LIFEEXP65F,2015,22.3,,,,TIPO_DATO15__LIFEEXP65F_N1,,,
IT1:22_293_DF_DCIS_INDDEMOG1_1(1.0),A,ITE1,LIFEEXP65F,2016,22.7,,,,TIPO_DATO15__LIFEEXP65F_N1,,,
IT1:22_293_DF_DCIS_INDDEMOG1_1(1.0),A,ITE1,LIFEEXP65F,2017,22.6,,,,TIPO_DATO15__LIFEEXP65F_N1,,,
IT1:22_293_DF_DCIS_INDDEMOG1_1(1.0),A,ITE1,LIFEEXP65F,2018,22.7,,,,TIPO_DATO15__LIFEEXP65F_N1,,,
IT1:22_293_DF_DCIS_INDDEMOG1_1(1.0),A,ITE1,LIFEEXP65F,2019,22.8,,,,TIPO_DATO15__LIFEEXP65F_N1,,,
IT1:22_293_DF_DCIS_INDDEMOG1_1(1.0),A,ITE1,LIFEEXP65F,2020,22.3,,,,TIPO_DATO15__LIFEEXP65F_N1,,,
IT1:22_293_DF_DCIS_INDDEMOG1_1(1.0),A,ITE1,LIFEEXP65F,2021,22.4,,,,TIPO_DATO15__LIFEEXP65F_N1,,,
IT1:22_293_DF_DCIS_INDDEMOG1_1(1.0),A,ITE1,LIFEEXP65F,2022,22.3,,,,TIPO_DATO15__LIFEEXP65F_N1,,,
IT1:22_293_DF_DCIS_INDDEMOG1_1(1.0),A,ITE1,LIFEEXP65F,2023,22.8,,,,TIPO_DATO15__LIFEEXP65F_N1,,,
IT1:22_293_DF_DCIS_INDDEMOG1_1(1.0),A,ITE1,LIFEEXP65F,2024,22.9,,,,TIPO_DATO15__LIFEEXP65F_N1,,,
IT1:22_293_DF_DCIS_INDDEMOG1_1(1.0),A,ITE1,LIFEEXP65F,2025,23.1,e,,,TIPO_DATO15__LIFEEXP65F_N1,,,
IT1:22_293_DF_DCIS_INDDEMOG1_1(1.0),A,ITE11,LIFEEXP65F,2015,21.8,,,,TIPO_DATO15__LIFEEXP65F_N1,,,
IT1:22_293_DF_DCIS_INDDEMOG1_1(1.0),A,ITE11,LIFEEXP65F,2016,22.7,,,,TIPO_DATO15__LIFEEXP65F_N1,,,
IT1:22_293_DF_DCIS_INDDEMOG1_1(1.0),A,ITE11,LIFEEXP65F,2017,22.1,,,,TIPO_DATO15__LIFEEXP65F_N1,,,
IT1:22_293_DF_DCIS_INDDEMOG1_1(1.0),A,ITE11,LIFEEXP65F,2018,22.5,,,,TIPO_DATO15__LIFEEXP65F_N1,,,
IT1:22_293_DF_DCIS_INDDEMOG1_1(1.0),A,ITE11,LIFEEXP65F,2019,22.6,,,,TIPO_DATO15__LIFEEXP65F_N1,,,
IT1:22_293_DF_DCIS_INDDEMOG1_1(1.0),A,ITE11,LIFEEXP65F,2020,21.5,,,,TIPO_DATO15__LIFEEXP65F_N1,,,
IT1:22_293_DF_DCIS_INDDEMOG1_1(1.0),A,ITE11,LIFEEXP65F,2021,22.2,,,,TIPO_DATO15__LIFEEXP65F_N1,,,
IT1:22_293_DF_DCIS_INDDEMOG1_1(1.0),A,ITE11,LIFEEXP65F,2022,22,,,,TIPO_DATO15__LIFEEXP65F_N1,,,
IT1:22_293_DF_DCIS_INDDEMOG1_1(1.0),A,ITE11,LIFEEXP65F,2023,22.1,,,,TIPO_DATO15__LIFEEXP65F_N1,,,
IT1:22_293_DF_DCIS_INDDEMOG1_1(1.0),A,ITE11,LIFEEXP65F,2024,22.7,,,,TIPO_DATO15__LIFEEXP65F_N1,,,
IT1:22_293_DF_DCIS_INDDEMOG1_1(1.0),A,ITE11,LIFEEXP65F,2025,23.2,e,,,TIPO_DATO15__LIFEEXP65F_N1,,,
IT1:22_293_DF_DCIS_INDDEMOG1_1(1.0),A,ITE12,LIFEEXP65F,2015,21.8,,,,TIPO_DATO15__LIFEEXP65F_N1,,,
IT1:22_293_DF_DCIS_INDDEMOG1_1(1.0),A,ITE12,LIFEEXP65F,2016,22.2,,,,TIPO_DATO15__LIFEEXP65F_N1,,,
IT1:22_293_DF_DCIS_INDDEMOG1_1(1.0),A,ITE12,LIFEEXP65F,2017,22.1,,,,TIPO_DATO15__LIFEEXP65F_N1,,,
IT1:22_293_DF_DCIS_INDDEMOG1_1(1.0),A,ITE12,LIFEEXP65F,2018,22,,,,TIPO_DATO15__LIFEEXP65F_N1,,,
IT1:22_293_DF_DCIS_INDDEMOG1_1(1.0),A,ITE12,LIFEEXP65F,2019,22.5,,,,TIPO_DATO15__LIFEEXP65F_N1,,,
IT1:22_293_DF_DCIS_INDDEMOG1_1(1.0),A,ITE12,LIFEEXP65F,2020,22,,,,TIPO_DATO15__LIFEEXP65F_N1,,,
IT1:22_293_DF_DCIS_INDDEMOG1_1(1.0),A,ITE12,LIFEEXP65F,2021,22.1,,,,TIPO_DATO15__LIFEEXP65F_N1,,,
IT1:22_293_DF_DCIS_INDDEMOG1_1(1.0),A,ITE12,LIFEEXP65F,2022,22.2,,,,TIPO_DATO15__LIFEEXP65F_N1,,,
IT1:22_293_DF_DCIS_INDDEMOG1_1(1.0),A,ITE12,LIFEEXP65F,2023,22.5,,,,TIPO_DATO15__LIFEEXP65F_N1,,,
IT1:22_293_DF_DCIS_INDDEMOG1_1(1.0),A,ITE12,LIFEEXP65F,2024,22.8,,,,TIPO_DATO15__LIFEEXP65F_N1,,,
IT1:22_293_DF_DCIS_INDDEMOG1_1(1.0),A,ITE12,LIFEEXP65F,2025,22.9,e,,,TIPO_DATO15__LIFEEXP65F_N1,,,
IT1:22_293_DF_DCIS_INDDEMOG1_1(1.0),A,ITE13,LIFEEXP65F,2015,22.7,,,,TIPO_DATO15__LIFEEXP65F_N1,,,
IT1:22_293_DF_DCIS_INDDEMOG1_1(1.0),A,ITE13,LIFEEXP65F,2016,23,,,,TIPO_DATO15__LIFEEXP65F_N1,,,
IT1:22_293_DF_DCIS_INDDEMOG1_1(1.0),A,ITE13,LIFEEXP65F,2017,22.7,,,,TIPO_DATO15__LIFEEXP65F_N1,,,
IT1:22_293_DF_DCIS_INDDEMOG1_1(1.0),A,ITE13,LIFEEXP65F,2018,23.1,,,,TIPO_DATO15__LIFEEXP65F_N1,,,
IT1:22_293_DF_DCIS_INDDEMOG1_1(1.0),A,ITE13,LIFEEXP65F,2019,23.4,,,,TIPO_DATO15__LIFEEXP65F_N1,,,
IT1:22_293_DF_DCIS_INDDEMOG1_1(1.0),A,ITE13,LIFEEXP65F,2020,22.7,,,,TIPO_DATO15__LIFEEXP65F_N1,,,
IT1:22_293_DF_DCIS_INDDEMOG1_1(1.0),A,ITE13,LIFEEXP65F,2021,22.4,,,,TIPO_DATO15__LIFEEXP65F_N1,,,
IT1:22_293_DF_DCIS_INDDEMOG1_1(1.0),A,ITE13,LIFEEXP65F,2022,22.9,,,,TIPO_DATO15__LIFEEXP65F_N1,,,
IT1:22_293_DF_DCIS_INDDEMOG1_1(1.0),A,ITE13,LIFEEXP65F,2023,22.7,,,,TIPO_DATO15__LIFEEXP65F_N1,,,
IT1:22_293_DF_DCIS_INDDEMOG1_1(1.0),A,ITE13,LIFEEXP65F,2024,23.2,,,,TIPO_DATO15__LIFEEXP65F_N1,,,
IT1:22_293_DF_DCIS_INDDEMOG1_1(1.0),A,ITE13,LIFEEXP65F,2025,23.6,e,,,TIPO_DATO15__LIFEEXP65F_N1,,,
IT1:22_293_DF_DCIS_INDDEMOG1_1(1.0),A,ITE14,LIFEEXP65F,2015,22.6,,,,TIPO_DATO15__LIFEEXP65F_N1,,,
IT1:22_293_DF_DCIS_INDDEMOG1_1(1.0),A,ITE14,LIFEEXP65F,2016,23.2,,,,TIPO_DATO15__LIFEEXP65F_N1,,,
IT1:22_293_DF_DCIS_INDDEMOG1_1(1.0),A,ITE14,LIFEEXP65F,2017,23,,,,TIPO_DATO15__LIFEEXP65F_N1,,,
IT1:22_293_DF_DCIS_INDDEMOG1_1(1.0),A,ITE14,LIFEEXP65F,2018,23.4,,,,TIPO_DATO15__LIFEEXP65F_N1,,,
IT1:22_293_DF_DCIS_INDDEMOG1_1(1.0),A,ITE14,LIFEEXP65F,2019,23.4,,,,TIPO_DATO15__LIFEEXP65F_N1,,,
IT1:22_293_DF_DCIS_INDDEMOG1_1(1.0),A,ITE14,LIFEEXP65F,2020,22.6,,,,TIPO_DATO15__LIFEEXP65F_N1,,,
IT1:22_293_DF_DCIS_INDDEMOG1_1(1.0),A,ITE14,LIFEEXP65F,2021,22.9,,,,TIPO_DATO15__LIFEEXP65F_N1,,,
IT1:22_293_DF_DCIS_INDDEMOG1_1(1.0),A,ITE14,LIFEEXP65F,2022,22.6,,,,TIPO_DATO15__LIFEEXP65F_N1,,,
IT1:22_293_DF_DCIS_INDDEMOG1_1(1.0),A,ITE14,LIFEEXP65F,2023,23.5,,,,TIPO_DATO15__LIFEEXP65F_N1,,,
IT1:22_293_DF_DCIS_INDDEMOG1_1(1.0),A,ITE14,LIFEEXP65F,2024,23.4,,,,TIPO_DATO15__LIFEEXP65F_N1,,,
IT1:22_293_DF_DCIS_INDDEMOG1_1(1.0),A,ITE14,LIFEEXP65F,2025,23.8,e,,,TIPO_DATO15__LIFEEXP65F_N1,,,
IT1:22_293_DF_DCIS_INDDEMOG1_1(1.0),A,ITE15,LIFEEXP65F,2015,23.1,,,,TIPO_DATO15__LIFEEXP65F_N1,,,
IT1:22_293_DF_DCIS_INDDEMOG1_1(1.0),A,ITE15,LIFEEXP65F,2016,23.3,,,,TIPO_DATO15__LIFEEXP65F_N1,,,
IT1:22_293_DF_DCIS_INDDEMOG1_1(1.0),A,ITE15,LIFEEXP65F,2017,23,,,,TIPO_DATO15__LIFEEXP65F_N1,,,
IT1:22_293_DF_DCIS_INDDEMOG1_1(1.0),A,ITE15,LIFEEXP65F,2018,22.8,,,,TIPO_DATO15__LIFEEXP65F_N1,,,
IT1:22_293_DF_DCIS_INDDEMOG1_1(1.0),A,ITE15,LIFEEXP65F,2019,23.3,,,,TIPO_DATO15__LIFEEXP65F_N1,,,
IT1:22_293_DF_DCIS_INDDEMOG1_1(1.0),A,ITE15,LIFEEXP65F,2020,22.8,,,,TIPO_DATO15__LIFEEXP65F_N1,,,
IT1:22_293_DF_DCIS_INDDEMOG1_1(1.0),A,ITE15,LIFEEXP65F,2021,21.8,,,,TIPO_DATO15__LIFEEXP65F_N1,,,
IT1:22_293_DF_DCIS_INDDEMOG1_1(1.0),A,ITE15,LIFEEXP65F,2022,22.8,,,,TIPO_DATO15__LIFEEXP65F_N1,,,
IT1:22_293_DF_DCIS_INDDEMOG1_1(1.0),A,ITE15,LIFEEXP65F,2023,23.3,,,,TIPO_DATO15__LIFEEXP65F_N1,,,
IT1:22_293_DF_DCIS_INDDEMOG1_1(1.0),A,ITE15,LIFEEXP65F,2024,23.3,,,,TIPO_DATO15__LIFEEXP65F_N1,,,
IT1:22_293_DF_DCIS_INDDEMOG1_1(1.0),A,ITE15,LIFEEXP65F,2025,23.6,e,,,TIPO_DATO15__LIFEEXP65F_N1,,,
IT1:22_293_DF_DCIS_INDDEMOG1_1(1.0),A,ITE16,LIFEEXP65F,2015,22.1,,,,TIPO_DATO15__LIFEEXP65F_N1,,,
IT1:22_293_DF_DCIS_INDDEMOG1_1(1.0),A,ITE16,LIFEEXP65F,2016,22.5,,,,TIPO_DATO15__LIFEEXP65F_N1,,,
IT1:22_293_DF_DCIS_INDDEMOG1_1(1.0),A,ITE16,LIFEEXP65F,2017,22.2,,,,TIPO_DATO15__LIFEEXP65F_N1,,,
IT1:22_293_DF_DCIS_INDDEMOG1_1(1.0),A,ITE16,LIFEEXP65F,2018,22.5,,,,TIPO_DATO15__LIFEEXP65F_N1,,,
IT1:22_293_DF_DCIS_INDDEMOG1_1(1.0),A,ITE16,LIFEEXP65F,2019,22.4,,,,TIPO_DATO15__LIFEEXP65F_N1,,,
IT1:22_293_DF_DCIS_INDDEMOG1_1(1.0),A,ITE16,LIFEEXP65F,2020,22,,,,TIPO_DATO15__LIFEEXP65F_N1,,,
IT1:22_293_DF_DCIS_INDDEMOG1_1(1.0),A,ITE16,LIFEEXP65F,2021,22.3,,,,TIPO_DATO15__LIFEEXP65F_N1,,,
IT1:22_293_DF_DCIS_INDDEMOG1_1(1.0),A,ITE16,LIFEEXP65F,2022,21.5,,,,TIPO_DATO15__LIFEEXP65F_N1,,,
IT1:22_293_DF_DCIS_INDDEMOG1_1(1.0),A,ITE16,LIFEEXP65F,2023,22.6,,,,TIPO_DATO15__LIFEEXP65F_N1,,,
IT1:22_293_DF_DCIS_INDDEMOG1_1(1.0),A,ITE16,LIFEEXP65F,2024,22.5,,,,TIPO_DATO15__LIFEEXP65F_N1,,,
IT1:22_293_DF_DCIS_INDDEMOG1_1(1.0),A,ITE16,LIFEEXP65F,2025,22.6,e,,,TIPO_DATO15__LIFEEXP65F_N1,,,
IT1:22_293_DF_DCIS_INDDEMOG1_1(1.0),A,ITE17,LIFEEXP65F,2015,21.9,,,,TIPO_DATO15__LIFEEXP65F_N1,,,
IT1:22_293_DF_DCIS_INDDEMOG1_1(1.0),A,ITE17,LIFEEXP65F,2016,22.5,,,,TIPO_DATO15__LIFEEXP65F_N1,,,
IT1:22_293_DF_DCIS_INDDEMOG1_1(1.0),A,ITE17,LIFEEXP65F,2017,22.5,,,,TIPO_DATO15__LIFEEXP65F_N1,,,
IT1:22_293_DF_DCIS_INDDEMOG1_1(1.0),A,ITE17,LIFEEXP65F,2018,22.6,,,,TIPO_DATO15__LIFEEXP65F_N1,,,
IT1:22_293_DF_DCIS_INDDEMOG1_1(1.0),A,ITE17,LIFEEXP65F,2019,22.4,,,,TIPO_DATO15__LIFEEXP65F_N1,,,
IT1:22_293_DF_DCIS_INDDEMOG1_1(1.0),A,ITE17,LIFEEXP65F,2020,22.2,,,,TIPO_DATO15__LIFEEXP65F_N1,,,
IT1:22_293_DF_DCIS_INDDEMOG1_1(1.0),A,ITE17,LIFEEXP65F,2021,22.3,,,,TIPO_DATO15__LIFEEXP65F_N1,,,
IT1:22_293_DF_DCIS_INDDEMOG1_1(1.0),A,ITE17,LIFEEXP65F,2022,22.1,,,,TIPO_DATO15__LIFEEXP65F_N1,,,
IT1:22_293_DF_DCIS_INDDEMOG1_1(1.0),A,ITE17,LIFEEXP65F,2023,22.7,,,,TIPO_DATO15__LIFEEXP65F_N1,,,
IT1:22_293_DF_DCIS_INDDEMOG1_1(1.0),A,ITE17,LIFEEXP65F,2024,22.8,,,,TIPO_DATO15__LIFEEXP65F_N1,,,
IT1:22_293_DF_DCIS_INDDEMOG1_1(1.0),A,ITE17,LIFEEXP65F,2025,23,e,,,TIPO_DATO15__LIFEEXP65F_N1,,,
IT1:22_293_DF_DCIS_INDDEMOG1_1(1.0),A,ITE18,LIFEEXP65F,2015,22.5,,,,TIPO_DATO15__LIFEEXP65F_N1,,,
IT1:22_293_DF_DCIS_INDDEMOG1_1(1.0),A,ITE18,LIFEEXP65F,2016,22.8,,,,TIPO_DATO15__LIFEEXP65F_N1,,,
IT1:22_293_DF_DCIS_INDDEMOG1_1(1.0),A,ITE18,LIFEEXP65F,2017,22.5,,,,TIPO_DATO15__LIFEEXP65F_N1,,,
IT1:22_293_DF_DCIS_INDDEMOG1_1(1.0),A,ITE18,LIFEEXP65F,2018,22.7,,,,TIPO_DATO15__LIFEEXP65F_N1,,,
IT1:22_293_DF_DCIS_INDDEMOG1_1(1.0),A,ITE18,LIFEEXP65F,2019,22.8,,,,TIPO_DATO15__LIFEEXP65F_N1,,,
IT1:22_293_DF_DCIS_INDDEMOG1_1(1.0),A,ITE18,LIFEEXP65F,2020,22.6,,,,TIPO_DATO15__LIFEEXP65F_N1,,,
IT1:22_293_DF_DCIS_INDDEMOG1_1(1.0),A,ITE18,LIFEEXP65F,2021,22.1,,,,TIPO_DATO15__LIFEEXP65F_N1,,,
IT1:22_293_DF_DCIS_INDDEMOG1_1(1.0),A,ITE18,LIFEEXP65F,2022,22.3,,,,TIPO_DATO15__LIFEEXP65F_N1,,,
IT1:22_293_DF_DCIS_INDDEMOG1_1(1.0),A,ITE18,LIFEEXP65F,2023,22.6,,,,TIPO_DATO15__LIFEEXP65F_N1,,,
IT1:22_293_DF_DCIS_INDDEMOG1_1(1.0),A,ITE18,LIFEEXP65F,2024,22.9,,,,TIPO_DATO15__LIFEEXP65F_N1,,,
IT1:22_293_DF_DCIS_INDDEMOG1_1(1.0),A,ITE18,LIFEEXP65F,2025,22.9,e,,,TIPO_DATO15__LIFEEXP65F_N1,,,
IT1:22_293_DF_DCIS_INDDEMOG1_1(1.0),A,ITE19,LIFEEXP65F,2015,22.5,,,,TIPO_DATO15__LIFEEXP65F_N1,,,
IT1:22_293_DF_DCIS_INDDEMOG1_1(1.0),A,ITE19,LIFEEXP65F,2016,22.9,,,,TIPO_DATO15__LIFEEXP65F_N1,,,
IT1:22_293_DF_DCIS_INDDEMOG1_1(1.0),A,ITE19,LIFEEXP65F,2017,22.9,,,,TIPO_DATO15__LIFEEXP65F_N1,,,
IT1:22_293_DF_DCIS_INDDEMOG1_1(1.0),A,ITE19,LIFEEXP65F,2018,23.2,,,,TIPO_DATO15__LIFEEXP65F_N1,,,
IT1:22_293_DF_DCIS_INDDEMOG1_1(1.0),A,ITE19,LIFEEXP65F,2019,23,,,,TIPO_DATO15__LIFEEXP65F_N1,,,
IT1:22_293_DF_DCIS_INDDEMOG1_1(1.0),A,ITE19,LIFEEXP65F,2020,22.5,,,,TIPO_DATO15__LIFEEXP65F_N1,,,
IT1:22_293_DF_DCIS_INDDEMOG1_1(1.0),A,ITE19,LIFEEXP65F,2021,22.6,,,,TIPO_DATO15__LIFEEXP65F_N1,,,
IT1:22_293_DF_DCIS_INDDEMOG1_1(1.0),A,ITE19,LIFEEXP65F,2022,22.4,,,,TIPO_DATO15__LIFEEXP65F_N1,,,
IT1:22_293_DF_DCIS_INDDEMOG1_1(1.0),A,ITE19,LIFEEXP65F,2023,22.8,,,,TIPO_DATO15__LIFEEXP65F_N1,,,
IT1:22_293_DF_DCIS_INDDEMOG1_1(1.0),A,ITE19,LIFEEXP65F,2024,23.1,,,,TIPO_DATO15__LIFEEXP65F_N1,,,
IT1:22_293_DF_DCIS_INDDEMOG1_1(1.0),A,ITE19,LIFEEXP65F,2025,23.3,e,,,TIPO_DATO15__LIFEEXP65F_N1,,,
IT1:22_293_DF_DCIS_INDDEMOG1_1(1.0),A,ITE1A,LIFEEXP65F,2015,22.2,,,,TIPO_DATO15__LIFEEXP65F_N1,,,
IT1:22_293_DF_DCIS_INDDEMOG1_1(1.0),A,ITE1A,LIFEEXP65F,2016,22.7,,,,TIPO_DATO15__LIFEEXP65F_N1,,,
IT1:22_293_DF_DCIS_INDDEMOG1_1(1.0),A,ITE1A,LIFEEXP65F,2017,22.5,,,,TIPO_DATO15__LIFEEXP65F_N1,,,
IT1:22_293_DF_DCIS_INDDEMOG1_1(1.0),A,ITE1A,LIFEEXP65F,2018,22.8,,,,TIPO_DATO15__LIFEEXP65F_N1,,,
IT1:22_293_DF_DCIS_INDDEMOG1_1(1.0),A,ITE1A,LIFEEXP65F,2019,22.7,,,,TIPO_DATO15__LIFEEXP65F_N1,,,
IT1:22_293_DF_DCIS_INDDEMOG1_1(1.0),A,ITE1A,LIFEEXP65F,2020,22.4,,,,TIPO_DATO15__LIFEEXP65F_N1,,,
IT1:22_293_DF_DCIS_INDDEMOG1_1(1.0),A,ITE1A,LIFEEXP65F,2021,22.6,,,,TIPO_DATO15__LIFEEXP65F_N1,,,
IT1:22_293_DF_DCIS_INDDEMOG1_1(1.0),A,ITE1A,LIFEEXP65F,2022,22.4,,,,TIPO_DATO15__LIFEEXP65F_N1,,,
IT1:22_293_DF_DCIS_INDDEMOG1_1(1.0),A,ITE1A,LIFEEXP65F,2023,22.9,,,,TIPO_DATO15__LIFEEXP65F_N1,,,
IT1:22_293_DF_DCIS_INDDEMOG1_1(1.0),A,ITE1A,LIFEEXP65F,2024,22.3,,,,TIPO_DATO15__LIFEEXP65F_N1,,,
IT1:22_293_DF_DCIS_INDDEMOG1_1(1.0),A,ITE1A,LIFEEXP65F,2025,22.9,e,,,TIPO_DATO15__LIFEEXP65F_N1,,,
IT1:22_293_DF_DCIS_INDDEMOG1_1(1.0),A,ITE2,LIFEEXP65F,2015,22.5,,,,TIPO_DATO15__LIFEEXP65F_N1,,,
IT1:22_293_DF_DCIS_INDDEMOG1_1(1.0),A,ITE2,LIFEEXP65F,2016,22.8,,,,TIPO_DATO15__LIFEEXP65F_N1,,,
IT1:22_293_DF_DCIS_INDDEMOG1_1(1.0),A,ITE2,LIFEEXP65F,2017,22.5,,,,TIPO_DATO15__LIFEEXP65F_N1,,,
IT1:22_293_DF_DCIS_INDDEMOG1_1(1.0),A,ITE2,LIFEEXP65F,2018,23.1,,,,TIPO_DATO15__LIFEEXP65F_N1,,,
IT1:22_293_DF_DCIS_INDDEMOG1_1(1.0),A,ITE2,LIFEEXP65F,2019,23.3,,,,TIPO_DATO15__LIFEEXP65F_N1,,,
IT1:22_293_DF_DCIS_INDDEMOG1_1(1.0),A,ITE2,LIFEEXP65F,2020,22.8,,,,TIPO_DATO15__LIFEEXP65F_N1,,,
IT1:22_293_DF_DCIS_INDDEMOG1_1(1.0),A,ITE2,LIFEEXP65F,2021,22.6,,,,TIPO_DATO15__LIFEEXP65F_N1,,,
IT1:22_293_DF_DCIS_INDDEMOG1_1(1.0),A,ITE2,LIFEEXP65F,2022,22.5,,,,TIPO_DATO15__LIFEEXP65F_N1,,,
IT1:22_293_DF_DCIS_INDDEMOG1_1(1.0),A,ITE2,LIFEEXP65F,2023,23,,,,TIPO_DATO15__LIFEEXP65F_N1,,,
IT1:22_293_DF_DCIS_INDDEMOG1_1(1.0),A,ITE2,LIFEEXP65F,2024,23,,,,TIPO_DATO15__LIFEEXP65F_N1,,,
IT1:22_293_DF_DCIS_INDDEMOG1_1(1.0),A,ITE2,LIFEEXP65F,2025,23.4,e,,,TIPO_DATO15__LIFEEXP65F_N1,,,
IT1:22_293_DF_DCIS_INDDEMOG1_1(1.0),A,ITE21,LIFEEXP65F,2015,22.8,,,,TIPO_DATO15__LIFEEXP65F_N1,,,
IT1:22_293_DF_DCIS_INDDEMOG1_1(1.0),A,ITE21,LIFEEXP65F,2016,22.9,,,,TIPO_DATO15__LIFEEXP65F_N1,,,
IT1:22_293_DF_DCIS_INDDEMOG1_1(1.0),A,ITE21,LIFEEXP65F,2017,22.8,,,,TIPO_DATO15__LIFEEXP65F_N1,,,
IT1:22_293_DF_DCIS_INDDEMOG1_1(1.0),A,ITE21,LIFEEXP65F,2018,23.3,,,,TIPO_DATO15__LIFEEXP65F_N1,,,
IT1:22_293_DF_DCIS_INDDEMOG1_1(1.0),A,ITE21,LIFEEXP65F,2019,23.5,,,,TIPO_DATO15__LIFEEXP65F_N1,,,
IT1:22_293_DF_DCIS_INDDEMOG1_1(1.0),A,ITE21,LIFEEXP65F,2020,23.2,,,,TIPO_DATO15__LIFEEXP65F_N1,,,
IT1:22_293_DF_DCIS_INDDEMOG1_1(1.0),A,ITE21,LIFEEXP65F,2021,22.6,,,,TIPO_DATO15__LIFEEXP65F_N1,,,
IT1:22_293_DF_DCIS_INDDEMOG1_1(1.0),A,ITE21,LIFEEXP65F,2022,22.8,,,,TIPO_DATO15__LIFEEXP65F_N1,,,
IT1:22_293_DF_DCIS_INDDEMOG1_1(1.0),A,ITE21,LIFEEXP65F,2023,23.3,,,,TIPO_DATO15__LIFEEXP65F_N1,,,
IT1:22_293_DF_DCIS_INDDEMOG1_1(1.0),A,ITE21,LIFEEXP65F,2024,23.3,,,,TIPO_DATO15__LIFEEXP65F_N1,,,
IT1:22_293_DF_DCIS_INDDEMOG1_1(1.0),A,ITE21,LIFEEXP65F,2025,23.7,e,,,TIPO_DATO15__LIFEEXP65F_N1,,,
IT1:22_293_DF_DCIS_INDDEMOG1_1(1.0),A,ITE22,LIFEEXP65F,2015,22.1,,,,TIPO_DATO15__LIFEEXP65F_N1,,,
IT1:22_293_DF_DCIS_INDDEMOG1_1(1.0),A,ITE22,LIFEEXP65F,2016,22.6,,,,TIPO_DATO15__LIFEEXP65F_N1,,,
IT1:22_293_DF_DCIS_INDDEMOG1_1(1.0),A,ITE22,LIFEEXP65F,2017,22.2,,,,TIPO_DATO15__LIFEEXP65F_N1,,,
IT1:22_293_DF_DCIS_INDDEMOG1_1(1.0),A,ITE22,LIFEEXP65F,2018,22.7,,,,TIPO_DATO15__LIFEEXP65F_N1,,,
IT1:22_293_DF_DCIS_INDDEMOG1_1(1.0),A,ITE22,LIFEEXP65F,2019,23,,,,TIPO_DATO15__LIFEEXP65F_N1,,,
IT1:22_293_DF_DCIS_INDDEMOG1_1(1.0),A,ITE22,LIFEEXP65F,2020,22.3,,,,TIPO_DATO15__LIFEEXP65F_N1,,,
IT1:22_293_DF_DCIS_INDDEMOG1_1(1.0),A,ITE22,LIFEEXP65F,2021,22.6,,,,TIPO_DATO15__LIFEEXP65F_N1,,,
IT1:22_293_DF_DCIS_INDDEMOG1_1(1.0),A,ITE22,LIFEEXP65F,2022,21.6,,,,TIPO_DATO15__LIFEEXP65F_N1,,,
IT1:22_293_DF_DCIS_INDDEMOG1_1(1.0),A,ITE22,LIFEEXP65F,2023,22.5,,,,TIPO_DATO15__LIFEEXP65F_N1,,,
IT1:22_293_DF_DCIS_INDDEMOG1_1(1.0),A,ITE22,LIFEEXP65F,2024,22.5,,,,TIPO_DATO15__LIFEEXP65F_N1,,,
IT1:22_293_DF_DCIS_INDDEMOG1_1(1.0),A,ITE22,LIFEEXP65F,2025,22.8,e,,,TIPO_DATO15__LIFEEXP65F_N1,,,
IT1:22_293_DF_DCIS_INDDEMOG1_1(1.0),A,ITE3,LIFEEXP65F,2015,22.6,,,,TIPO_DATO15__LIFEEXP65F_N1,,,
IT1:22_293_DF_DCIS_INDDEMOG1_1(1.0),A,ITE3,LIFEEXP65F,2016,22.9,,,,TIPO_DATO15__LIFEEXP65F_N1,,,
IT1:22_293_DF_DCIS_INDDEMOG1_1(1.0),A,ITE3,LIFEEXP65F,2017,22.5,,,,TIPO_DATO15__LIFEEXP65F_N1,,,
IT1:22_293_DF_DCIS_INDDEMOG1_1(1.0),A,ITE3,LIFEEXP65F,2018,23.2,,,,TIPO_DATO15__LIFEEXP65F_N1,,,
IT1:22_293_DF_DCIS_INDDEMOG1_1(1.0),A,ITE3,LIFEEXP65F,2019,23.2,,,,TIPO_DATO15__LIFEEXP65F_N1,,,
IT1:22_293_DF_DCIS_INDDEMOG1_1(1.0),A,ITE3,LIFEEXP65F,2020,22.3,,,,TIPO_DATO15__LIFEEXP65F_N1,,,
IT1:22_293_DF_DCIS_INDDEMOG1_1(1.0),A,ITE3,LIFEEXP65F,2021,22.3,,,,TIPO_DATO15__LIFEEXP65F_N1,,,
IT1:22_293_DF_DCIS_INDDEMOG1_1(1.0),A,ITE3,LIFEEXP65F,2022,22.5,,,,TIPO_DATO15__LIFEEXP65F_N1,,,
IT1:22_293_DF_DCIS_INDDEMOG1_1(1.0),A,ITE3,LIFEEXP65F,2023,22.9,,,,TIPO_DATO15__LIFEEXP65F_N1,,,
IT1:22_293_DF_DCIS_INDDEMOG1_1(1.0),A,ITE3,LIFEEXP65F,2024,23.2,,,,TIPO_DATO15__LIFEEXP65F_N1,,,
IT1:22_293_DF_DCIS_INDDEMOG1_1(1.0),A,ITE3,LIFEEXP65F,2025,23.3,e,,,TIPO_DATO15__LIFEEXP65F_N1,,,
IT1:22_293_DF_DCIS_INDDEMOG1_1(1.0),A,ITE31,LIFEEXP65F,2015,22.8,,,,TIPO_DATO15__LIFEEXP65F_N1,,,
IT1:22_293_DF_DCIS_INDDEMOG1_1(1.0),A,ITE31,LIFEEXP65F,2016,23,,,,TIPO_DATO15__LIFEEXP65F_N1,,,
IT1:22_293_DF_DCIS_INDDEMOG1_1(1.0),A,ITE31,LIFEEXP65F,2017,22.9,,,,TIPO_DATO15__LIFEEXP65F_N1,,,
IT1:22_293_DF_DCIS_INDDEMOG1_1(1.0),A,ITE31,LIFEEXP65F,2018,23.5,,,,TIPO_DATO15__LIFEEXP65F_N1,,,
IT1:22_293_DF_DCIS_INDDEMOG1_1(1.0),A,ITE31,LIFEEXP65F,2019,23,,,,TIPO_DATO15__LIFEEXP65F_N1,,,
IT1:22_293_DF_DCIS_INDDEMOG1_1(1.0),A,ITE31,LIFEEXP65F,2020,21.7,,,,TIPO_DATO15__LIFEEXP65F_N1,,,
IT1:22_293_DF_DCIS_INDDEMOG1_1(1.0),A,ITE31,LIFEEXP65F,2021,22.5,,,,TIPO_DATO15__LIFEEXP65F_N1,,,
IT1:22_293_DF_DCIS_INDDEMOG1_1(1.0),A,ITE31,LIFEEXP65F,2022,22.1,,,,TIPO_DATO15__LIFEEXP65F_N1,,,
IT1:22_293_DF_DCIS_INDDEMOG1_1(1.0),A,ITE31,LIFEEXP65F,2023,23,,,,TIPO_DATO15__LIFEEXP65F_N1,,,
IT1:22_293_DF_DCIS_INDDEMOG1_1(1.0),A,ITE31,LIFEEXP65F,2024,23.3,,,,TIPO_DATO15__LIFEEXP65F_N1,,,
IT1:22_293_DF_DCIS_INDDEMOG1_1(1.0),A,ITE31,LIFEEXP65F,2025,23.3,e,,,TIPO_DATO15__LIFEEXP65F_N1,,,
IT1:22_293_DF_DCIS_INDDEMOG1_1(1.0),A,ITE32,LIFEEXP65F,2015,22.7,,,,TIPO_DATO15__LIFEEXP65F_N1,,,
IT1:22_293_DF_DCIS_INDDEMOG1_1(1.0),A,ITE32,LIFEEXP65F,2016,23.3,,,,TIPO_DATO15__LIFEEXP65F_N1,,,
IT1:22_293_DF_DCIS_INDDEMOG1_1(1.0),A,ITE32,LIFEEXP65F,2017,22.8,,,,TIPO_DATO15__LIFEEXP65F_N1,,,
IT1:22_293_DF_DCIS_INDDEMOG1_1(1.0),A,ITE32,LIFEEXP65F,2018,23.1,,,,TIPO_DATO15__LIFEEXP65F_N1,,,
IT1:22_293_DF_DCIS_INDDEMOG1_1(1.0),A,ITE32,LIFEEXP65F,2019,23.4,,,,TIPO_DATO15__LIFEEXP65F_N1,,,
IT1:22_293_DF_DCIS_INDDEMOG1_1(1.0),A,ITE32,LIFEEXP65F,2020,22.7,,,,TIPO_DATO15__LIFEEXP65F_N1,,,
IT1:22_293_DF_DCIS_INDDEMOG1_1(1.0),A,ITE32,LIFEEXP65F,2021,22.3,,,,TIPO_DATO15__LIFEEXP65F_N1,,,
IT1:22_293_DF_DCIS_INDDEMOG1_1(1.0),A,ITE32,LIFEEXP65F,2022,22.7,,,,TIPO_DATO15__LIFEEXP65F_N1,,,
IT1:22_293_DF_DCIS_INDDEMOG1_1(1.0),A,ITE32,LIFEEXP65F,2023,22.9,,,,TIPO_DATO15__LIFEEXP65F_N1,,,
IT1:22_293_DF_DCIS_INDDEMOG1_1(1.0),A,ITE32,LIFEEXP65F,2024,23.5,,,,TIPO_DATO15__LIFEEXP65F_N1,,,
IT1:22_293_DF_DCIS_INDDEMOG1_1(1.0),A,ITE32,LIFEEXP65F,2025,23.7,e,,,TIPO_DATO15__LIFEEXP65F_N1,,,
IT1:22_293_DF_DCIS_INDDEMOG1_1(1.0),A,ITE33,LIFEEXP65F,2015,22.7,,,,TIPO_DATO15__LIFEEXP65F_N1,,,
IT1:22_293_DF_DCIS_INDDEMOG1_1(1.0),A,ITE33,LIFEEXP65F,2016,22.8,,,,TIPO_DATO15__LIFEEXP65F_N1,,,
IT1:22_293_DF_DCIS_INDDEMOG1_1(1.0),A,ITE33,LIFEEXP65F,2017,22.3,,,,TIPO_DATO15__LIFEEXP65F_N1,,,
IT1:22_293_DF_DCIS_INDDEMOG1_1(1.0),A,ITE33,LIFEEXP65F,2018,23.6,,,,TIPO_DATO15__LIFEEXP65F_N1,,,
IT1:22_293_DF_DCIS_INDDEMOG1_1(1.0),A,ITE33,LIFEEXP65F,2019,23.5,,,,TIPO_DATO15__LIFEEXP65F_N1,,,
IT1:22_293_DF_DCIS_INDDEMOG1_1(1.0),A,ITE33,LIFEEXP65F,2020,22.4,,,,TIPO_DATO15__LIFEEXP65F_N1,,,
IT1:22_293_DF_DCIS_INDDEMOG1_1(1.0),A,ITE33,LIFEEXP65F,2021,22.4,,,,TIPO_DATO15__LIFEEXP65F_N1,,,
IT1:22_293_DF_DCIS_INDDEMOG1_1(1.0),A,ITE33,LIFEEXP65F,2022,22.5,,,,TIPO_DATO15__LIFEEXP65F_N1,,,
IT1:22_293_DF_DCIS_INDDEMOG1_1(1.0),A,ITE33,LIFEEXP65F,2023,23.1,,,,TIPO_DATO15__LIFEEXP65F_N1,,,
IT1:22_293_DF_DCIS_INDDEMOG1_1(1.0),A,ITE33,LIFEEXP65F,2024,23,,,,TIPO_DATO15__LIFEEXP65F_N1,,,
IT1:22_293_DF_DCIS_INDDEMOG1_1(1.0),A,ITE33,LIFEEXP65F,2025,23.1,e,,,TIPO_DATO15__LIFEEXP65F_N1,,,
IT1:22_293_DF_DCIS_INDDEMOG1_1(1.0),A,ITE34,LIFEEXP65F,2015,22.2,,,,TIPO_DATO15__LIFEEXP65F_N1,,,
IT1:22_293_DF_DCIS_INDDEMOG1_1(1.0),A,ITE34,LIFEEXP65F,2016,22.9,,,,TIPO_DATO15__LIFEEXP65F_N1,,,
IT1:22_293_DF_DCIS_INDDEMOG1_1(1.0),A,ITE34,LIFEEXP65F,2017,22.4,,,,TIPO_DATO15__LIFEEXP65F_N1,,,
IT1:22_293_DF_DCIS_INDDEMOG1_1(1.0),A,ITE34,LIFEEXP65F,2018,22.9,,,,TIPO_DATO15__LIFEEXP65F_N1,,,
IT1:22_293_DF_DCIS_INDDEMOG1_1(1.0),A,ITE34,LIFEEXP65F,2019,23.3,,,,TIPO_DATO15__LIFEEXP65F_N1,,,
IT1:22_293_DF_DCIS_INDDEMOG1_1(1.0),A,ITE34,LIFEEXP65F,2020,22.4,,,,TIPO_DATO15__LIFEEXP65F_N1,,,
IT1:22_293_DF_DCIS_INDDEMOG1_1(1.0),A,ITE34,LIFEEXP65F,2021,22.7,,,,TIPO_DATO15__LIFEEXP65F_N1,,,
IT1:22_293_DF_DCIS_INDDEMOG1_1(1.0),A,ITE34,LIFEEXP65F,2022,22.6,,,,TIPO_DATO15__LIFEEXP65F_N1,,,
IT1:22_293_DF_DCIS_INDDEMOG1_1(1.0),A,ITE34,LIFEEXP65F,2023,23.2,,,,TIPO_DATO15__LIFEEXP65F_N1,,,
IT1:22_293_DF_DCIS_INDDEMOG1_1(1.0),A,ITE34,LIFEEXP65F,2024,23.1,,,,TIPO_DATO15__LIFEEXP65F_N1,,,
IT1:22_293_DF_DCIS_INDDEMOG1_1(1.0),A,ITE34,LIFEEXP65F,2025,23.2,e,,,TIPO_DATO15__LIFEEXP65F_N1,,,
IT1:22_293_DF_DCIS_INDDEMOG1_1(1.0),A,ITE4,LIFEEXP65F,2015,21.7,,,,TIPO_DATO15__LIFEEXP65F_N1,,,
IT1:22_293_DF_DCIS_INDDEMOG1_1(1.0),A,ITE4,LIFEEXP65F,2016,22.1,,,,TIPO_DATO15__LIFEEXP65F_N1,,,
IT1:22_293_DF_DCIS_INDDEMOG1_1(1.0),A,ITE4,LIFEEXP65F,2017,21.8,,,,TIPO_DATO15__LIFEEXP65F_N1,,,
IT1:22_293_DF_DCIS_INDDEMOG1_1(1.0),A,ITE4,LIFEEXP65F,2018,22.4,,,,TIPO_DATO15__LIFEEXP65F_N1,,,
IT1:22_293_DF_DCIS_INDDEMOG1_1(1.0),A,ITE4,LIFEEXP65F,2019,22.6,,,,TIPO_DATO15__LIFEEXP65F_N1,,,
IT1:22_293_DF_DCIS_INDDEMOG1_1(1.0),A,ITE4,LIFEEXP65F,2020,22.1,,,,TIPO_DATO15__LIFEEXP65F_N1,,,
IT1:22_293_DF_DCIS_INDDEMOG1_1(1.0),A,ITE4,LIFEEXP65F,2021,22.1,,,,TIPO_DATO15__LIFEEXP65F_N1,,,
IT1:22_293_DF_DCIS_INDDEMOG1_1(1.0),A,ITE4,LIFEEXP65F,2022,22.1,,,,TIPO_DATO15__LIFEEXP65F_N1,,,
IT1:22_293_DF_DCIS_INDDEMOG1_1(1.0),A,ITE4,LIFEEXP65F,2023,22.1,,,,TIPO_DATO15__LIFEEXP65F_N1,,,
IT1:22_293_DF_DCIS_INDDEMOG1_1(1.0),A,ITE4,LIFEEXP65F,2024,22.6,,,,TIPO_DATO15__LIFEEXP65F_N1,,,
IT1:22_293_DF_DCIS_INDDEMOG1_1(1.0),A,ITE4,LIFEEXP65F,2025,22.8,e,,,TIPO_DATO15__LIFEEXP65F_N1,,,
IT1:22_293_DF_DCIS_INDDEMOG1_1(1.0),A,ITE41,LIFEEXP65F,2015,21,,,,TIPO_DATO15__LIFEEXP65F_N1,,,
IT1:22_293_DF_DCIS_INDDEMOG1_1(1.0),A,ITE41,LIFEEXP65F,2016,21.8,,,,TIPO_DATO15__LIFEEXP65F_N1,,,
IT1:22_293_DF_DCIS_INDDEMOG1_1(1.0),A,ITE41,LIFEEXP65F,2017,21.1,,,,TIPO_DATO15__LIFEEXP65F_N1,,,
IT1:22_293_DF_DCIS_INDDEMOG1_1(1.0),A,ITE41,LIFEEXP65F,2018,21.7,,,,TIPO_DATO15__LIFEEXP65F_N1,,,
IT1:22_293_DF_DCIS_INDDEMOG1_1(1.0),A,ITE41,LIFEEXP65F,2019,21.9,,,,TIPO_DATO15__LIFEEXP65F_N1,,,
IT1:22_293_DF_DCIS_INDDEMOG1_1(1.0),A,ITE41,LIFEEXP65F,2020,21.5,,,,TIPO_DATO15__LIFEEXP65F_N1,,,
IT1:22_293_DF_DCIS_INDDEMOG1_1(1.0),A,ITE41,LIFEEXP65F,2021,21.9,,,,TIPO_DATO15__LIFEEXP65F_N1,,,
IT1:22_293_DF_DCIS_INDDEMOG1_1(1.0),A,ITE41,LIFEEXP65F,2022,21.2,,,,TIPO_DATO15__LIFEEXP65F_N1,,,
IT1:22_293_DF_DCIS_INDDEMOG1_1(1.0),A,ITE41,LIFEEXP65F,2023,21.5,,,,TIPO_DATO15__LIFEEXP65F_N1,,,
IT1:22_293_DF_DCIS_INDDEMOG1_1(1.0),A,ITE41,LIFEEXP65F,2024,22,,,,TIPO_DATO15__LIFEEXP65F_N1,,,
IT1:22_293_DF_DCIS_INDDEMOG1_1(1.0),A,ITE41,LIFEEXP65F,2025,22.6,e,,,TIPO_DATO15__LIFEEXP65F_N1,,,
IT1:22_293_DF_DCIS_INDDEMOG1_1(1.0),A,ITE42,LIFEEXP65F,2015,22.1,,,,TIPO_DATO15__LIFEEXP65F_N1,,,
IT1:22_293_DF_DCIS_INDDEMOG1_1(1.0),A,ITE42,LIFEEXP65F,2016,21.6,,,,TIPO_DATO15__LIFEEXP65F_N1,,,
IT1:22_293_DF_DCIS_INDDEMOG1_1(1.0),A,ITE42,LIFEEXP65F,2017,21.3,,,,TIPO_DATO15__LIFEEXP65F_N1,,,
IT1:22_293_DF_DCIS_INDDEMOG1_1(1.0),A,ITE42,LIFEEXP65F,2018,23.2,,,,TIPO_DATO15__LIFEEXP65F_N1,,,
IT1:22_293_DF_DCIS_INDDEMOG1_1(1.0),A,ITE42,LIFEEXP65F,2019,22.2,,,,TIPO_DATO15__LIFEEXP65F_N1,,,
IT1:22_293_DF_DCIS_INDDEMOG1_1(1.0),A,ITE42,LIFEEXP65F,2020,21.9,,,,TIPO_DATO15__LIFEEXP65F_N1,,,
IT1:22_293_DF_DCIS_INDDEMOG1_1(1.0),A,ITE42,LIFEEXP65F,2021,21.9,,,,TIPO_DATO15__LIFEEXP65F_N1,,,
IT1:22_293_DF_DCIS_INDDEMOG1_1(1.0),A,ITE42,LIFEEXP65F,2022,21.3,,,,TIPO_DATO15__LIFEEXP65F_N1,,,
IT1:22_293_DF_DCIS_INDDEMOG1_1(1.0),A,ITE42,LIFEEXP65F,2023,22.3,,,,TIPO_DATO15__LIFEEXP65F_N1,,,
IT1:22_293_DF_DCIS_INDDEMOG1_1(1.0),A,ITE42,LIFEEXP65F,2024,22.5,,,,TIPO_DATO15__LIFEEXP65F_N1,,,
IT1:22_293_DF_DCIS_INDDEMOG1_1(1.0),A,ITE42,LIFEEXP65F,2025,23.1,e,,,TIPO_DATO15__LIFEEXP65F_N1,,,
IT1:22_293_DF_DCIS_INDDEMOG1_1(1.0),A,ITE43,LIFEEXP65F,2015,21.9,,,,TIPO_DATO15__LIFEEXP65F_N1,,,
IT1:22_293_DF_DCIS_INDDEMOG1_1(1.0),A,ITE43,LIFEEXP65F,2016,22.2,,,,TIPO_DATO15__LIFEEXP65F_N1,,,
IT1:22_293_DF_DCIS_INDDEMOG1_1(1.0),A,ITE43,LIFEEXP65F,2017,22.1,,,,TIPO_DATO15__LIFEEXP65F_N1,,,
IT1:22_293_DF_DCIS_INDDEMOG1_1(1.0),A,ITE43,LIFEEXP65F,2018,22.5,,,,TIPO_DATO15__LIFEEXP65F_N1,,,
IT1:22_293_DF_DCIS_INDDEMOG1_1(1.0),A,ITE43,LIFEEXP65F,2019,22.8,,,,TIPO_DATO15__LIFEEXP65F_N1,,,
IT1:22_293_DF_DCIS_INDDEMOG1_1(1.0),A,ITE43,LIFEEXP65F,2020,22.3,,,,TIPO_DATO15__LIFEEXP65F_N1,,,
IT1:22_293_DF_DCIS_INDDEMOG1_1(1.0),A,ITE43,LIFEEXP65F,2021,22.2,,,,TIPO_DATO15__LIFEEXP65F_N1,,,
IT1:22_293_DF_DCIS_INDDEMOG1_1(1.0),A,ITE43,LIFEEXP65F,2022,22.4,,,,TIPO_DATO15__LIFEEXP65F_N1,,,
IT1:22_293_DF_DCIS_INDDEMOG1_1(1.0),A,ITE43,LIFEEXP65F,2023,22.2,,,,TIPO_DATO15__LIFEEXP65F_N1,,,
IT1:22_293_DF_DCIS_INDDEMOG1_1(1.0),A,ITE43,LIFEEXP65F,2024,22.8,,,,TIPO_DATO15__LIFEEXP65F_N1,,,
IT1:22_293_DF_DCIS_INDDEMOG1_1(1.0),A,ITE43,LIFEEXP65F,2025,23,e,,,TIPO_DATO15__LIFEEXP65F_N1,,,
IT1:22_293_DF_DCIS_INDDEMOG1_1(1.0),A,ITE44,LIFEEXP65F,2015,21.6,,,,TIPO_DATO15__LIFEEXP65F_N1,,,
IT1:22_293_DF_DCIS_INDDEMOG1_1(1.0),A,ITE44,LIFEEXP65F,2016,22.3,,,,TIPO_DATO15__LIFEEXP65F_N1,,,
IT1:22_293_DF_DCIS_INDDEMOG1_1(1.0),A,ITE44,LIFEEXP65F,2017,22.2,,,,TIPO_DATO15__LIFEEXP65F_N1,,,
IT1:22_293_DF_DCIS_INDDEMOG1_1(1.0),A,ITE44,LIFEEXP65F,2018,22.3,,,,TIPO_DATO15__LIFEEXP65F_N1,,,
IT1:22_293_DF_DCIS_INDDEMOG1_1(1.0),A,ITE44,LIFEEXP65F,2019,22.6,,,,TIPO_DATO15__LIFEEXP65F_N1,,,
IT1:22_293_DF_DCIS_INDDEMOG1_1(1.0),A,ITE44,LIFEEXP65F,2020,22,,,,TIPO_DATO15__LIFEEXP65F_N1,,,
IT1:22_293_DF_DCIS_INDDEMOG1_1(1.0),A,ITE44,LIFEEXP65F,2021,22.2,,,,TIPO_DATO15__LIFEEXP65F_N1,,,
IT1:22_293_DF_DCIS_INDDEMOG1_1(1.0),A,ITE44,LIFEEXP65F,2022,21.8,,,,TIPO_DATO15__LIFEEXP65F_N1,,,
IT1:22_293_DF_DCIS_INDDEMOG1_1(1.0),A,ITE44,LIFEEXP65F,2023,22.1,,,,TIPO_DATO15__LIFEEXP65F_N1,,,
IT1:22_293_DF_DCIS_INDDEMOG1_1(1.0),A,ITE44,LIFEEXP65F,2024,22.3,,,,TIPO_DATO15__LIFEEXP65F_N1,,,
IT1:22_293_DF_DCIS_INDDEMOG1_1(1.0),A,ITE44,LIFEEXP65F,2025,22.3,e,,,TIPO_DATO15__LIFEEXP65F_N1,,,
IT1:22_293_DF_DCIS_INDDEMOG1_1(1.0),A,ITE45,LIFEEXP65F,2015,21.8,,,,TIPO_DATO15__LIFEEXP65F_N1,,,
IT1:22_293_DF_DCIS_INDDEMOG1_1(1.0),A,ITE45,LIFEEXP65F,2016,21.8,,,,TIPO_DATO15__LIFEEXP65F_N1,,,
IT1:22_293_DF_DCIS_INDDEMOG1_1(1.0),A,ITE45,LIFEEXP65F,2017,21.3,,,,TIPO_DATO15__LIFEEXP65F_N1,,,
IT1:22_293_DF_DCIS_INDDEMOG1_1(1.0),A,ITE45,LIFEEXP65F,2018,22.3,,,,TIPO_DATO15__LIFEEXP65F_N1,,,
IT1:22_293_DF_DCIS_INDDEMOG1_1(1.0),A,ITE45,LIFEEXP65F,2019,22.4,,,,TIPO_DATO15__LIFEEXP65F_N1,,,
IT1:22_293_DF_DCIS_INDDEMOG1_1(1.0),A,ITE45,LIFEEXP65F,2020,21.9,,,,TIPO_DATO15__LIFEEXP65F_N1,,,
IT1:22_293_DF_DCIS_INDDEMOG1_1(1.0),A,ITE45,LIFEEXP65F,2021,21.3,,,,TIPO_DATO15__LIFEEXP65F_N1,,,
IT1:22_293_DF_DCIS_INDDEMOG1_1(1.0),A,ITE45,LIFEEXP65F,2022,21.7,,,,TIPO_DATO15__LIFEEXP65F_N1,,,
IT1:22_293_DF_DCIS_INDDEMOG1_1(1.0),A,ITE45,LIFEEXP65F,2023,21.8,,,,TIPO_DATO15__LIFEEXP65F_N1,,,
IT1:22_293_DF_DCIS_INDDEMOG1_1(1.0),A,ITE45,LIFEEXP65F,2024,22.2,,,,TIPO_DATO15__LIFEEXP65F_N1,,,
IT1:22_293_DF_DCIS_INDDEMOG1_1(1.0),A,ITE45,LIFEEXP65F,2025,22.4,e,,,TIPO_DATO15__LIFEEXP65F_N1,,,
IT1:22_293_DF_DCIS_INDDEMOG1_1(1.0),A,ITF,LIFEEXP65F,2015,21.3,,,,TIPO_DATO15__LIFEEXP65F_N1,,,
IT1:22_293_DF_DCIS_INDDEMOG1_1(1.0),A,ITF,LIFEEXP65F,2016,21.8,,,,TIPO_DATO15__LIFEEXP65F_N1,,,
IT1:22_293_DF_DCIS_INDDEMOG1_1(1.0),A,ITF,LIFEEXP65F,2017,21.5,,,,TIPO_DATO15__LIFEEXP65F_N1,,,
IT1:22_293_DF_DCIS_INDDEMOG1_1(1.0),A,ITF,LIFEEXP65F,2018,22,,,,TIPO_DATO15__LIFEEXP65F_N1,,,
IT1:22_293_DF_DCIS_INDDEMOG1_1(1.0),A,ITF,LIFEEXP65F,2019,22,,,,TIPO_DATO15__LIFEEXP65F_N1,,,
IT1:22_293_DF_DCIS_INDDEMOG1_1(1.0),A,ITF,LIFEEXP65F,2020,21.6,,,,TIPO_DATO15__LIFEEXP65F_N1,,,
IT1:22_293_DF_DCIS_INDDEMOG1_1(1.0),A,ITF,LIFEEXP65F,2021,21.3,,,,TIPO_DATO15__LIFEEXP65F_N1,,,
IT1:22_293_DF_DCIS_INDDEMOG1_1(1.0),A,ITF,LIFEEXP65F,2022,21.3,,,,TIPO_DATO15__LIFEEXP65F_N1,,,
IT1:22_293_DF_DCIS_INDDEMOG1_1(1.0),A,ITF,LIFEEXP65F,2023,21.7,,,,TIPO_DATO15__LIFEEXP65F_N1,,,
IT1:22_293_DF_DCIS_INDDEMOG1_1(1.0),A,ITF,LIFEEXP65F,2024,22.2,,,,TIPO_DATO15__LIFEEXP65F_N1,,,
IT1:22_293_DF_DCIS_INDDEMOG1_1(1.0),A,ITF,LIFEEXP65F,2025,22.3,e,,,TIPO_DATO15__LIFEEXP65F_N1,,,
IT1:22_293_DF_DCIS_INDDEMOG1_1(1.0),A,ITF1,LIFEEXP65F,2015,21.9,,,,TIPO_DATO15__LIFEEXP65F_N1,,,
IT1:22_293_DF_DCIS_INDDEMOG1_1(1.0),A,ITF1,LIFEEXP65F,2016,22.7,,,,TIPO_DATO15__LIFEEXP65F_N1,,,
IT1:22_293_DF_DCIS_INDDEMOG1_1(1.0),A,ITF1,LIFEEXP65F,2017,22.1,,,,TIPO_DATO15__LIFEEXP65F_N1,,,
IT1:22_293_DF_DCIS_INDDEMOG1_1(1.0),A,ITF1,LIFEEXP65F,2018,22.7,,,,TIPO_DATO15__LIFEEXP65F_N1,,,
IT1:22_293_DF_DCIS_INDDEMOG1_1(1.0),A,ITF1,LIFEEXP65F,2019,22.9,,,,TIPO_DATO15__LIFEEXP65F_N1,,,
IT1:22_293_DF_DCIS_INDDEMOG1_1(1.0),A,ITF1,LIFEEXP65F,2020,22.3,,,,TIPO_DATO15__LIFEEXP65F_N1,,,
IT1:22_293_DF_DCIS_INDDEMOG1_1(1.0),A,ITF1,LIFEEXP65F,2021,22.2,,,,TIPO_DATO15__LIFEEXP65F_N1,,,
IT1:22_293_DF_DCIS_INDDEMOG1_1(1.0),A,ITF1,LIFEEXP65F,2022,22.1,,,,TIPO_DATO15__LIFEEXP65F_N1,,,
IT1:22_293_DF_DCIS_INDDEMOG1_1(1.0),A,ITF1,LIFEEXP65F,2023,22.6,,,,TIPO_DATO15__LIFEEXP65F_N1,,,
IT1:22_293_DF_DCIS_INDDEMOG1_1(1.0),A,ITF1,LIFEEXP65F,2024,22.8,,,,TIPO_DATO15__LIFEEXP65F_N1,,,
IT1:22_293_DF_DCIS_INDDEMOG1_1(1.0),A,ITF1,LIFEEXP65F,2025,23,e,,,TIPO_DATO15__LIFEEXP65F_N1,,,
IT1:22_293_DF_DCIS_INDDEMOG1_1(1.0),A,ITF11,LIFEEXP65F,2015,21.8,,,,TIPO_DATO15__LIFEEXP65F_N1,,,
IT1:22_293_DF_DCIS_INDDEMOG1_1(1.0),A,ITF11,LIFEEXP65F,2016,22.6,,,,TIPO_DATO15__LIFEEXP65F_N1,,,
IT1:22_293_DF_DCIS_INDDEMOG1_1(1.0),A,ITF11,LIFEEXP65F,2017,22.1,,,,TIPO_DATO15__LIFEEXP65F_N1,,,
IT1:22_293_DF_DCIS_INDDEMOG1_1(1.0),A,ITF11,LIFEEXP65F,2018,22.7,,,,TIPO_DATO15__LIFEEXP65F_N1,,,
IT1:22_293_DF_DCIS_INDDEMOG1_1(1.0),A,ITF11,LIFEEXP65F,2019,22.5,,,,TIPO_DATO15__LIFEEXP65F_N1,,,
IT1:22_293_DF_DCIS_INDDEMOG1_1(1.0),A,ITF11,LIFEEXP65F,2020,22,,,,TIPO_DATO15__LIFEEXP65F_N1,,,
IT1:22_293_DF_DCIS_INDDEMOG1_1(1.0),A,ITF11,LIFEEXP65F,2021,22.2,,,,TIPO_DATO15__LIFEEXP65F_N1,,,
IT1:22_293_DF_DCIS_INDDEMOG1_1(1.0),A,ITF11,LIFEEXP65F,2022,21.9,,,,TIPO_DATO15__LIFEEXP65F_N1,,,
IT1:22_293_DF_DCIS_INDDEMOG1_1(1.0),A,ITF11,LIFEEXP65F,2023,22.1,,,,TIPO_DATO15__LIFEEXP65F_N1,,,
IT1:22_293_DF_DCIS_INDDEMOG1_1(1.0),A,ITF11,LIFEEXP65F,2024,22.7,,,,TIPO_DATO15__LIFEEXP65F_N1,,,
IT1:22_293_DF_DCIS_INDDEMOG1_1(1.0),A,ITF11,LIFEEXP65F,2025,22.9,e,,,TIPO_DATO15__LIFEEXP65F_N1,,,
IT1:22_293_DF_DCIS_INDDEMOG1_1(1.0),A,ITF12,LIFEEXP65F,2015,21.9,,,,TIPO_DATO15__LIFEEXP65F_N1,,,
IT1:22_293_DF_DCIS_INDDEMOG1_1(1.0),A,ITF12,LIFEEXP65F,2016,22.8,,,,TIPO_DATO15__LIFEEXP65F_N1,,,
IT1:22_293_DF_DCIS_INDDEMOG1_1(1.0),A,ITF12,LIFEEXP65F,2017,22.1,,,,TIPO_DATO15__LIFEEXP65F_N1,,,
IT1:22_293_DF_DCIS_INDDEMOG1_1(1.0),A,ITF12,LIFEEXP65F,2018,23,,,,TIPO_DATO15__LIFEEXP65F_N1,,,
IT1:22_293_DF_DCIS_INDDEMOG1_1(1.0),A,ITF12,LIFEEXP65F,2019,22.9,,,,TIPO_DATO15__LIFEEXP65F_N1,,,
IT1:22_293_DF_DCIS_INDDEMOG1_1(1.0),A,ITF12,LIFEEXP65F,2020,22.5,,,,TIPO_DATO15__LIFEEXP65F_N1,,,
IT1:22_293_DF_DCIS_INDDEMOG1_1(1.0),A,ITF12,LIFEEXP65F,2021,22.4,,,,TIPO_DATO15__LIFEEXP65F_N1,,,
IT1:22_293_DF_DCIS_INDDEMOG1_1(1.0),A,ITF12,LIFEEXP65F,2022,22.1,,,,TIPO_DATO15__LIFEEXP65F_N1,,,
IT1:22_293_DF_DCIS_INDDEMOG1_1(1.0),A,ITF12,LIFEEXP65F,2023,23.1,,,,TIPO_DATO15__LIFEEXP65F_N1,,,
IT1:22_293_DF_DCIS_INDDEMOG1_1(1.0),A,ITF12,LIFEEXP65F,2024,23.1,,,,TIPO_DATO15__LIFEEXP65F_N1,,,
IT1:22_293_DF_DCIS_INDDEMOG1_1(1.0),A,ITF12,LIFEEXP65F,2025,23.2,e,,,TIPO_DATO15__LIFEEXP65F_N1,,,
IT1:22_293_DF_DCIS_INDDEMOG1_1(1.0),A,ITF13,LIFEEXP65F,2015,22.1,,,,TIPO_DATO15__LIFEEXP65F_N1,,,
IT1:22_293_DF_DCIS_INDDEMOG1_1(1.0),A,ITF13,LIFEEXP65F,2016,23.3,,,,TIPO_DATO15__LIFEEXP65F_N1,,,
IT1:22_293_DF_DCIS_INDDEMOG1_1(1.0),A,ITF13,LIFEEXP65F,2017,22.5,,,,TIPO_DATO15__LIFEEXP65F_N1,,,
IT1:22_293_DF_DCIS_INDDEMOG1_1(1.0),A,ITF13,LIFEEXP65F,2018,22.7,,,,TIPO_DATO15__LIFEEXP65F_N1,,,
IT1:22_293_DF_DCIS_INDDEMOG1_1(1.0),A,ITF13,LIFEEXP65F,2019,23.3,,,,TIPO_DATO15__LIFEEXP65F_N1,,,
IT1:22_293_DF_DCIS_INDDEMOG1_1(1.0),A,ITF13,LIFEEXP65F,2020,22.1,,,,TIPO_DATO15__LIFEEXP65F_N1,,,
IT1:22_293_DF_DCIS_INDDEMOG1_1(1.0),A,ITF13,LIFEEXP65F,2021,22.1,,,,TIPO_DATO15__LIFEEXP65F_N1,,,
IT1:22_293_DF_DCIS_INDDEMOG1_1(1.0),A,ITF13,LIFEEXP65F,2022,21.9,,,,TIPO_DATO15__LIFEEXP65F_N1,,,
IT1:22_293_DF_DCIS_INDDEMOG1_1(1.0),A,ITF13,LIFEEXP65F,2023,23,,,,TIPO_DATO15__LIFEEXP65F_N1,,,
IT1:22_293_DF_DCIS_INDDEMOG1_1(1.0),A,ITF13,LIFEEXP65F,2024,22.9,,,,TIPO_DATO15__LIFEEXP65F_N1,,,
IT1:22_293_DF_DCIS_INDDEMOG1_1(1.0),A,ITF13,LIFEEXP65F,2025,23,e,,,TIPO_DATO15__LIFEEXP65F_N1,,,
IT1:22_293_DF_DCIS_INDDEMOG1_1(1.0),A,ITF14,LIFEEXP65F,2015,22.1,,,,TIPO_DATO15__LIFEEXP65F_N1,,,
IT1:22_293_DF_DCIS_INDDEMOG1_1(1.0),A,ITF14,LIFEEXP65F,2016,22.3,,,,TIPO_DATO15__LIFEEXP65F_N1,,,
IT1:22_293_DF_DCIS_INDDEMOG1_1(1.0),A,ITF14,LIFEEXP65F,2017,21.9,,,,TIPO_DATO15__LIFEEXP65F_N1,,,
IT1:22_293_DF_DCIS_INDDEMOG1_1(1.0),A,ITF14,LIFEEXP65F,2018,22.4,,,,TIPO_DATO15__LIFEEXP65F_N1,,,
IT1:22_293_DF_DCIS_INDDEMOG1_1(1.0),A,ITF14,LIFEEXP65F,2019,22.9,,,,TIPO_DATO15__LIFEEXP65F_N1,,,
IT1:22_293_DF_DCIS_INDDEMOG1_1(1.0),A,ITF14,LIFEEXP65F,2020,22.5,,,,TIPO_DATO15__LIFEEXP65F_N1,,,
IT1:22_293_DF_DCIS_INDDEMOG1_1(1.0),A,ITF14,LIFEEXP65F,2021,22.2,,,,TIPO_DATO15__LIFEEXP65F_N1,,,
IT1:22_293_DF_DCIS_INDDEMOG1_1(1.0),A,ITF14,LIFEEXP65F,2022,22.3,,,,TIPO_DATO15__LIFEEXP65F_N1,,,
IT1:22_293_DF_DCIS_INDDEMOG1_1(1.0),A,ITF14,LIFEEXP65F,2023,22.4,,,,TIPO_DATO15__LIFEEXP65F_N1,,,
IT1:22_293_DF_DCIS_INDDEMOG1_1(1.0),A,ITF14,LIFEEXP65F,2024,22.6,,,,TIPO_DATO15__LIFEEXP65F_N1,,,
IT1:22_293_DF_DCIS_INDDEMOG1_1(1.0),A,ITF14,LIFEEXP65F,2025,23.1,e,,,TIPO_DATO15__LIFEEXP65F_N1,,,
IT1:22_293_DF_DCIS_INDDEMOG1_1(1.0),A,ITF2,LIFEEXP65F,2015,22.1,,,,TIPO_DATO15__LIFEEXP65F_N1,,,
IT1:22_293_DF_DCIS_INDDEMOG1_1(1.0),A,ITF2,LIFEEXP65F,2016,22.8,,,,TIPO_DATO15__LIFEEXP65F_N1,,,
IT1:22_293_DF_DCIS_INDDEMOG1_1(1.0),A,ITF2,LIFEEXP65F,2017,22.4,,,,TIPO_DATO15__LIFEEXP65F_N1,,,
IT1:22_293_DF_DCIS_INDDEMOG1_1(1.0),A,ITF2,LIFEEXP65F,2018,22.9,,,,TIPO_DATO15__LIFEEXP65F_N1,,,
IT1:22_293_DF_DCIS_INDDEMOG1_1(1.0),A,ITF2,LIFEEXP65F,2019,22.7,,,,TIPO_DATO15__LIFEEXP65F_N1,,,
IT1:22_293_DF_DCIS_INDDEMOG1_1(1.0),A,ITF2,LIFEEXP65F,2020,22.2,,,,TIPO_DATO15__LIFEEXP65F_N1,,,
IT1:22_293_DF_DCIS_INDDEMOG1_1(1.0),A,ITF2,LIFEEXP65F,2021,21.8,,,,TIPO_DATO15__LIFEEXP65F_N1,,,
IT1:22_293_DF_DCIS_INDDEMOG1_1(1.0),A,ITF2,LIFEEXP65F,2022,21.6,,,,TIPO_DATO15__LIFEEXP65F_N1,,,
IT1:22_293_DF_DCIS_INDDEMOG1_1(1.0),A,ITF2,LIFEEXP65F,2023,22.1,,,,TIPO_DATO15__LIFEEXP65F_N1,,,
IT1:22_293_DF_DCIS_INDDEMOG1_1(1.0),A,ITF2,LIFEEXP65F,2024,22.4,,,,TIPO_DATO15__LIFEEXP65F_N1,,,
IT1:22_293_DF_DCIS_INDDEMOG1_1(1.0),A,ITF2,LIFEEXP65F,2025,22.8,e,,,TIPO_DATO15__LIFEEXP65F_N1,,,
IT1:22_293_DF_DCIS_INDDEMOG1_1(1.0),A,ITF21,LIFEEXP65F,2015,21.9,,,,TIPO_DATO15__LIFEEXP65F_N1,,,
IT1:22_293_DF_DCIS_INDDEMOG1_1(1.0),A,ITF21,LIFEEXP65F,2016,22.6,,,,TIPO_DATO15__LIFEEXP65F_N1,,,
IT1:22_293_DF_DCIS_INDDEMOG1_1(1.0),A,ITF21,LIFEEXP65F,2017,22.3,,,,TIPO_DATO15__LIFEEXP65F_N1,,,
IT1:22_293_DF_DCIS_INDDEMOG1_1(1.0),A,ITF21,LIFEEXP65F,2018,22.3,,,,TIPO_DATO15__LIFEEXP65F_N1,,,
IT1:22_293_DF_DCIS_INDDEMOG1_1(1.0),A,ITF21,LIFEEXP65F,2019,22.7,,,,TIPO_DATO15__LIFEEXP65F_N1,,,
IT1:22_293_DF_DCIS_INDDEMOG1_1(1.0),A,ITF21,LIFEEXP65F,2020,21.6,,,,TIPO_DATO15__LIFEEXP65F_N1,,,
IT1:22_293_DF_DCIS_INDDEMOG1_1(1.0),A,ITF21,LIFEEXP65F,2021,22.2,,,,TIPO_DATO15__LIFEEXP65F_N1,,,
IT1:22_293_DF_DCIS_INDDEMOG1_1(1.0),A,ITF21,LIFEEXP65F,2022,21.5,,,,TIPO_DATO15__LIFEEXP65F_N1,,,
IT1:22_293_DF_DCIS_INDDEMOG1_1(1.0),A,ITF21,LIFEEXP65F,2023,21.7,,,,TIPO_DATO15__LIFEEXP65F_N1,,,
IT1:22_293_DF_DCIS_INDDEMOG1_1(1.0),A,ITF21,LIFEEXP65F,2024,22.3,,,,TIPO_DATO15__LIFEEXP65F_N1,,,
IT1:22_293_DF_DCIS_INDDEMOG1_1(1.0),A,ITF21,LIFEEXP65F,2025,22,e,,,TIPO_DATO15__LIFEEXP65F_N1,,,
IT1:22_293_DF_DCIS_INDDEMOG1_1(1.0),A,ITF22,LIFEEXP65F,2015,22.1,,,,TIPO_DATO15__LIFEEXP65F_N1,,,
IT1:22_293_DF_DCIS_INDDEMOG1_1(1.0),A,ITF22,LIFEEXP65F,2016,22.9,,,,TIPO_DATO15__LIFEEXP65F_N1,,,
IT1:22_293_DF_DCIS_INDDEMOG1_1(1.0),A,ITF22,LIFEEXP65F,2017,22.5,,,,TIPO_DATO15__LIFEEXP65F_N1,,,
IT1:22_293_DF_DCIS_INDDEMOG1_1(1.0),A,ITF22,LIFEEXP65F,2018,23.1,,,,TIPO_DATO15__LIFEEXP65F_N1,,,
IT1:22_293_DF_DCIS_INDDEMOG1_1(1.0),A,ITF22,LIFEEXP65F,2019,22.7,,,,TIPO_DATO15__LIFEEXP65F_N1,,,
IT1:22_293_DF_DCIS_INDDEMOG1_1(1.0),A,ITF22,LIFEEXP65F,2020,22.5,,,,TIPO_DATO15__LIFEEXP65F_N1,,,
IT1:22_293_DF_DCIS_INDDEMOG1_1(1.0),A,ITF22,LIFEEXP65F,2021,21.6,,,,TIPO_DATO15__LIFEEXP65F_N1,,,
IT1:22_293_DF_DCIS_INDDEMOG1_1(1.0),A,ITF22,LIFEEXP65F,2022,21.6,,,,TIPO_DATO15__LIFEEXP65F_N1,,,
IT1:22_293_DF_DCIS_INDDEMOG1_1(1.0),A,ITF22,LIFEEXP65F,2023,22.3,,,,TIPO_DATO15__LIFEEXP65F_N1,,,
IT1:22_293_DF_DCIS_INDDEMOG1_1(1.0),A,ITF22,LIFEEXP65F,2024,22.8,,,,TIPO_DATO15__LIFEEXP65F_N1,,,
IT1:22_293_DF_DCIS_INDDEMOG1_1(1.0),A,ITF22,LIFEEXP65F,2025,23.2,e,,,TIPO_DATO15__LIFEEXP65F_N1,,,
IT1:22_293_DF_DCIS_INDDEMOG1_1(1.0),A,ITF3,LIFEEXP65F,2015,20.4,,,,TIPO_DATO15__LIFEEXP65F_N1,,,
IT1:22_293_DF_DCIS_INDDEMOG1_1(1.0),A,ITF3,LIFEEXP65F,2016,21.1,,,,TIPO_DATO15__LIFEEXP65F_N1,,,
IT1:22_293_DF_DCIS_INDDEMOG1_1(1.0),A,ITF3,LIFEEXP65F,2017,20.8,,,,TIPO_DATO15__LIFEEXP65F_N1,,,
IT1:22_293_DF_DCIS_INDDEMOG1_1(1.0),A,ITF3,LIFEEXP65F,2018,21.3,,,,TIPO_DATO15__LIFEEXP65F_N1,,,
IT1:22_293_DF_DCIS_INDDEMOG1_1(1.0),A,ITF3,LIFEEXP65F,2019,21.4,,,,TIPO_DATO15__LIFEEXP65F_N1,,,
IT1:22_293_DF_DCIS_INDDEMOG1_1(1.0),A,ITF3,LIFEEXP65F,2020,21,,,,TIPO_DATO15__LIFEEXP65F_N1,,,
IT1:22_293_DF_DCIS_INDDEMOG1_1(1.0),A,ITF3,LIFEEXP65F,2021,20.6,,,,TIPO_DATO15__LIFEEXP65F_N1,,,
IT1:22_293_DF_DCIS_INDDEMOG1_1(1.0),A,ITF3,LIFEEXP65F,2022,20.6,,,,TIPO_DATO15__LIFEEXP65F_N1,,,
IT1:22_293_DF_DCIS_INDDEMOG1_1(1.0),A,ITF3,LIFEEXP65F,2023,21,,,,TIPO_DATO15__LIFEEXP65F_N1,,,
IT1:22_293_DF_DCIS_INDDEMOG1_1(1.0),A,ITF3,LIFEEXP65F,2024,21.5,,,,TIPO_DATO15__LIFEEXP65F_N1,,,
IT1:22_293_DF_DCIS_INDDEMOG1_1(1.0),A,ITF3,LIFEEXP65F,2025,21.6,e,,,TIPO_DATO15__LIFEEXP65F_N1,,,
IT1:22_293_DF_DCIS_INDDEMOG1_1(1.0),A,ITF31,LIFEEXP65F,2015,20.4,,,,TIPO_DATO15__LIFEEXP65F_N1,,,
IT1:22_293_DF_DCIS_INDDEMOG1_1(1.0),A,ITF31,LIFEEXP65F,2016,20.9,,,,TIPO_DATO15__LIFEEXP65F_N1,,,
IT1:22_293_DF_DCIS_INDDEMOG1_1(1.0),A,ITF31,LIFEEXP65F,2017,20.7,,,,TIPO_DATO15__LIFEEXP65F_N1,,,
IT1:22_293_DF_DCIS_INDDEMOG1_1(1.0),A,ITF31,LIFEEXP65F,2018,21.1,,,,TIPO_DATO15__LIFEEXP65F_N1,,,
IT1:22_293_DF_DCIS_INDDEMOG1_1(1.0),A,ITF31,LIFEEXP65F,2019,21.4,,,,TIPO_DATO15__LIFEEXP65F_N1,,,
IT1:22_293_DF_DCIS_INDDEMOG1_1(1.0),A,ITF31,LIFEEXP65F,2020,20.9,,,,TIPO_DATO15__LIFEEXP65F_N1,,,
IT1:22_293_DF_DCIS_INDDEMOG1_1(1.0),A,ITF31,LIFEEXP65F,2021,20.6,,,,TIPO_DATO15__LIFEEXP65F_N1,,,
IT1:22_293_DF_DCIS_INDDEMOG1_1(1.0),A,ITF31,LIFEEXP65F,2022,20.6,,,,TIPO_DATO15__LIFEEXP65F_N1,,,
IT1:22_293_DF_DCIS_INDDEMOG1_1(1.0),A,ITF31,LIFEEXP65F,2023,20.7,,,,TIPO_DATO15__LIFEEXP65F_N1,,,
IT1:22_293_DF_DCIS_INDDEMOG1_1(1.0),A,ITF31,LIFEEXP65F,2024,21.3,,,,TIPO_DATO15__LIFEEXP65F_N1,,,
IT1:22_293_DF_DCIS_INDDEMOG1_1(1.0),A,ITF31,LIFEEXP65F,2025,21.5,e,,,TIPO_DATO15__LIFEEXP65F_N1,,,
IT1:22_293_DF_DCIS_INDDEMOG1_1(1.0),A,ITF32,LIFEEXP65F,2015,21.6,,,,TIPO_DATO15__LIFEEXP65F_N1,,,
IT1:22_293_DF_DCIS_INDDEMOG1_1(1.0),A,ITF32,LIFEEXP65F,2016,22.1,,,,TIPO_DATO15__LIFEEXP65F_N1,,,
IT1:22_293_DF_DCIS_INDDEMOG1_1(1.0),A,ITF32,LIFEEXP65F,2017,21.6,,,,TIPO_DATO15__LIFEEXP65F_N1,,,
IT1:22_293_DF_DCIS_INDDEMOG1_1(1.0),A,ITF32,LIFEEXP65F,2018,22,,,,TIPO_DATO15__LIFEEXP65F_N1,,,
IT1:22_293_DF_DCIS_INDDEMOG1_1(1.0),A,ITF32,LIFEEXP65F,2019,22.3,,,,TIPO_DATO15__LIFEEXP65F_N1,,,
IT1:22_293_DF_DCIS_INDDEMOG1_1(1.0),A,ITF32,LIFEEXP65F,2020,22.3,,,,TIPO_DATO15__LIFEEXP65F_N1,,,
IT1:22_293_DF_DCIS_INDDEMOG1_1(1.0),A,ITF32,LIFEEXP65F,2021,21.8,,,,TIPO_DATO15__LIFEEXP65F_N1,,,
IT1:22_293_DF_DCIS_INDDEMOG1_1(1.0),A,ITF32,LIFEEXP65F,2022,21.7,,,,TIPO_DATO15__LIFEEXP65F_N1,,,
IT1:22_293_DF_DCIS_INDDEMOG1_1(1.0),A,ITF32,LIFEEXP65F,2023,22,,,,TIPO_DATO15__LIFEEXP65F_N1,,,
IT1:22_293_DF_DCIS_INDDEMOG1_1(1.0),A,ITF32,LIFEEXP65F,2024,22.5,,,,TIPO_DATO15__LIFEEXP65F_N1,,,
IT1:22_293_DF_DCIS_INDDEMOG1_1(1.0),A,ITF32,LIFEEXP65F,2025,22.3,e,,,TIPO_DATO15__LIFEEXP65F_N1,,,
IT1:22_293_DF_DCIS_INDDEMOG1_1(1.0),A,ITF33,LIFEEXP65F,2015,19.9,,,,TIPO_DATO15__LIFEEXP65F_N1,,,
IT1:22_293_DF_DCIS_INDDEMOG1_1(1.0),A,ITF33,LIFEEXP65F,2016,20.6,,,,TIPO_DATO15__LIFEEXP65F_N1,,,
IT1:22_293_DF_DCIS_INDDEMOG1_1(1.0),A,ITF33,LIFEEXP65F,2017,20.3,,,,TIPO_DATO15__LIFEEXP65F_N1,,,
IT1:22_293_DF_DCIS_INDDEMOG1_1(1.0),A,ITF33,LIFEEXP65F,2018,20.9,,,,TIPO_DATO15__LIFEEXP65F_N1,,,
IT1:22_293_DF_DCIS_INDDEMOG1_1(1.0),A,ITF33,LIFEEXP65F,2019,21,,,,TIPO_DATO15__LIFEEXP65F_N1,,,
IT1:22_293_DF_DCIS_INDDEMOG1_1(1.0),A,ITF33,LIFEEXP65F,2020,20.5,,,,TIPO_DATO15__LIFEEXP65F_N1,,,
IT1:22_293_DF_DCIS_INDDEMOG1_1(1.0),A,ITF33,LIFEEXP65F,2021,20.2,,,,TIPO_DATO15__LIFEEXP65F_N1,,,
IT1:22_293_DF_DCIS_INDDEMOG1_1(1.0),A,ITF33,LIFEEXP65F,2022,20.3,,,,TIPO_DATO15__LIFEEXP65F_N1,,,
IT1:22_293_DF_DCIS_INDDEMOG1_1(1.0),A,ITF33,LIFEEXP65F,2023,20.7,,,,TIPO_DATO15__LIFEEXP65F_N1,,,
IT1:22_293_DF_DCIS_INDDEMOG1_1(1.0),A,ITF33,LIFEEXP65F,2024,21.1,,,,TIPO_DATO15__LIFEEXP65F_N1,,,
IT1:22_293_DF_DCIS_INDDEMOG1_1(1.0),A,ITF33,LIFEEXP65F,2025,21.3,e,,,TIPO_DATO15__LIFEEXP65F_N1,,,
IT1:22_293_DF_DCIS_INDDEMOG1_1(1.0),A,ITF34,LIFEEXP65F,2015,21.4,,,,TIPO_DATO15__LIFEEXP65F_N1,,,
IT1:22_293_DF_DCIS_INDDEMOG1_1(1.0),A,ITF34,LIFEEXP65F,2016,22,,,,TIPO_DATO15__LIFEEXP65F_N1,,,
IT1:22_293_DF_DCIS_INDDEMOG1_1(1.0),A,ITF34,LIFEEXP65F,2017,22,,,,TIPO_DATO15__LIFEEXP65F_N1,,,
IT1:22_293_DF_DCIS_INDDEMOG1_1(1.0),A,ITF34,LIFEEXP65F,2018,22.2,,,,TIPO_DATO15__LIFEEXP65F_N1,,,
IT1:22_293_DF_DCIS_INDDEMOG1_1(1.0),A,ITF34,LIFEEXP65F,2019,22.3,,,,TIPO_DATO15__LIFEEXP65F_N1,,,
IT1:22_293_DF_DCIS_INDDEMOG1_1(1.0),A,ITF34,LIFEEXP65F,2020,21.4,,,,TIPO_DATO15__LIFEEXP65F_N1,,,
IT1:22_293_DF_DCIS_INDDEMOG1_1(1.0),A,ITF34,LIFEEXP65F,2021,21.4,,,,TIPO_DATO15__LIFEEXP65F_N1,,,
IT1:22_293_DF_DCIS_INDDEMOG1_1(1.0),A,ITF34,LIFEEXP65F,2022,21.4,,,,TIPO_DATO15__LIFEEXP65F_N1,,,
IT1:22_293_DF_DCIS_INDDEMOG1_1(1.0),A,ITF34,LIFEEXP65F,2023,21.9,,,,TIPO_DATO15__LIFEEXP65F_N1,,,
IT1:22_293_DF_DCIS_INDDEMOG1_1(1.0),A,ITF34,LIFEEXP65F,2024,22.3,,,,TIPO_DATO15__LIFEEXP65F_N1,,,
IT1:22_293_DF_DCIS_INDDEMOG1_1(1.0),A,ITF34,LIFEEXP65F,2025,22,e,,,TIPO_DATO15__LIFEEXP65F_N1,,,
IT1:22_293_DF_DCIS_INDDEMOG1_1(1.0),A,ITF35,LIFEEXP65F,2015,21,,,,TIPO_DATO15__LIFEEXP65F_N1,,,
IT1:22_293_DF_DCIS_INDDEMOG1_1(1.0),A,ITF35,LIFEEXP65F,2016,21.9,,,,TIPO_DATO15__LIFEEXP65F_N1,,,
IT1:22_293_DF_DCIS_INDDEMOG1_1(1.0),A,ITF35,LIFEEXP65F,2017,21.4,,,,TIPO_DATO15__LIFEEXP65F_N1,,,
IT1:22_293_DF_DCIS_INDDEMOG1_1(1.0),A,ITF35,LIFEEXP65F,2018,21.9,,,,TIPO_DATO15__LIFEEXP65F_N1,,,
IT1:22_293_DF_DCIS_INDDEMOG1_1(1.0),A,ITF35,LIFEEXP65F,2019,21.9,,,,TIPO_DATO15__LIFEEXP65F_N1,,,
IT1:22_293_DF_DCIS_INDDEMOG1_1(1.0),A,ITF35,LIFEEXP65F,2020,22,,,,TIPO_DATO15__LIFEEXP65F_N1,,,
IT1:22_293_DF_DCIS_INDDEMOG1_1(1.0),A,ITF35,LIFEEXP65F,2021,21.3,,,,TIPO_DATO15__LIFEEXP65F_N1,,,
IT1:22_293_DF_DCIS_INDDEMOG1_1(1.0),A,ITF35,LIFEEXP65F,2022,21,,,,TIPO_DATO15__LIFEEXP65F_N1,,,
IT1:22_293_DF_DCIS_INDDEMOG1_1(1.0),A,ITF35,LIFEEXP65F,2023,21.6,,,,TIPO_DATO15__LIFEEXP65F_N1,,,
IT1:22_293_DF_DCIS_INDDEMOG1_1(1.0),A,ITF35,LIFEEXP65F,2024,22.2,,,,TIPO_DATO15__LIFEEXP65F_N1,,,
IT1:22_293_DF_DCIS_INDDEMOG1_1(1.0),A,ITF35,LIFEEXP65F,2025,22.4,e,,,TIPO_DATO15__LIFEEXP65F_N1,,,
IT1:22_293_DF_DCIS_INDDEMOG1_1(1.0),A,ITF4,LIFEEXP65F,2015,21.8,,,,TIPO_DATO15__LIFEEXP65F_N1,,,
IT1:22_293_DF_DCIS_INDDEMOG1_1(1.0),A,ITF4,LIFEEXP65F,2016,22.3,,,,TIPO_DATO15__LIFEEXP65F_N1,,,
IT1:22_293_DF_DCIS_INDDEMOG1_1(1.0),A,ITF4,LIFEEXP65F,2017,22,,,,TIPO_DATO15__LIFEEXP65F_N1,,,
IT1:22_293_DF_DCIS_INDDEMOG1_1(1.0),A,ITF4,LIFEEXP65F,2018,22.4,,,,TIPO_DATO15__LIFEEXP65F_N1,,,
IT1:22_293_DF_DCIS_INDDEMOG1_1(1.0),A,ITF4,LIFEEXP65F,2019,22.5,,,,TIPO_DATO15__LIFEEXP65F_N1,,,
IT1:22_293_DF_DCIS_INDDEMOG1_1(1.0),A,ITF4,LIFEEXP65F,2020,21.9,,,,TIPO_DATO15__LIFEEXP65F_N1,,,
IT1:22_293_DF_DCIS_INDDEMOG1_1(1.0),A,ITF4,LIFEEXP65F,2021,21.5,,,,TIPO_DATO15__LIFEEXP65F_N1,,,
IT1:22_293_DF_DCIS_INDDEMOG1_1(1.0),A,ITF4,LIFEEXP65F,2022,22,,,,TIPO_DATO15__LIFEEXP65F_N1,,,
IT1:22_293_DF_DCIS_INDDEMOG1_1(1.0),A,ITF4,LIFEEXP65F,2023,22.1,,,,TIPO_DATO15__LIFEEXP65F_N1,,,
IT1:22_293_DF_DCIS_INDDEMOG1_1(1.0),A,ITF4,LIFEEXP65F,2024,22.6,,,,TIPO_DATO15__LIFEEXP65F_N1,,,
IT1:22_293_DF_DCIS_INDDEMOG1_1(1.0),A,ITF4,LIFEEXP65F,2025,22.8,e,,,TIPO_DATO15__LIFEEXP65F_N1,,,
IT1:22_293_DF_DCIS_INDDEMOG1_1(1.0),A,ITF41,LIFEEXP65F,2015,21.8,,,,TIPO_DATO15__LIFEEXP65F_N1,,,
IT1:22_293_DF_DCIS_INDDEMOG1_1(1.0),A,ITF41,LIFEEXP65F,2016,22.3,,,,TIPO_DATO15__LIFEEXP65F_N1,,,
IT1:22_293_DF_DCIS_INDDEMOG1_1(1.0),A,ITF41,LIFEEXP65F,2017,21.8,,,,TIPO_DATO15__LIFEEXP65F_N1,,,
IT1:22_293_DF_DCIS_INDDEMOG1_1(1.0),A,ITF41,LIFEEXP65F,2018,22.3,,,,TIPO_DATO15__LIFEEXP65F_N1,,,
IT1:22_293_DF_DCIS_INDDEMOG1_1(1.0),A,ITF41,LIFEEXP65F,2019,22.2,,,,TIPO_DATO15__LIFEEXP65F_N1,,,
IT1:22_293_DF_DCIS_INDDEMOG1_1(1.0),A,ITF41,LIFEEXP65F,2020,21.1,,,,TIPO_DATO15__LIFEEXP65F_N1,,,
IT1:22_293_DF_DCIS_INDDEMOG1_1(1.0),A,ITF41,LIFEEXP65F,2021,21.3,,,,TIPO_DATO15__LIFEEXP65F_N1,,,
IT1:22_293_DF_DCIS_INDDEMOG1_1(1.0),A,ITF41,LIFEEXP65F,2022,21.8,,,,TIPO_DATO15__LIFEEXP65F_N1,,,
IT1:22_293_DF_DCIS_INDDEMOG1_1(1.0),A,ITF41,LIFEEXP65F,2023,22.2,,,,TIPO_DATO15__LIFEEXP65F_N1,,,
IT1:22_293_DF_DCIS_INDDEMOG1_1(1.0),A,ITF41,LIFEEXP65F,2024,22.4,,,,TIPO_DATO15__LIFEEXP65F_N1,,,
IT1:22_293_DF_DCIS_INDDEMOG1_1(1.0),A,ITF41,LIFEEXP65F,2025,22.7,e,,,TIPO_DATO15__LIFEEXP65F_N1,,,
IT1:22_293_DF_DCIS_INDDEMOG1_1(1.0),A,ITF42,LIFEEXP65F,2015,22.1,,,,TIPO_DATO15__LIFEEXP65F_N1,,,
IT1:22_293_DF_DCIS_INDDEMOG1_1(1.0),A,ITF42,LIFEEXP65F,2016,22.6,,,,TIPO_DATO15__LIFEEXP65F_N1,,,
IT1:22_293_DF_DCIS_INDDEMOG1_1(1.0),A,ITF42,LIFEEXP65F,2017,22.3,,,,TIPO_DATO15__LIFEEXP65F_N1,,,
IT1:22_293_DF_DCIS_INDDEMOG1_1(1.0),A,ITF42,LIFEEXP65F,2018,22.5,,,,TIPO_DATO15__LIFEEXP65F_N1,,,
IT1:22_293_DF_DCIS_INDDEMOG1_1(1.0),A,ITF42,LIFEEXP65F,2019,22.7,,,,TIPO_DATO15__LIFEEXP65F_N1,,,
IT1:22_293_DF_DCIS_INDDEMOG1_1(1.0),A,ITF42,LIFEEXP65F,2020,22,,,,TIPO_DATO15__LIFEEXP65F_N1,,,
IT1:22_293_DF_DCIS_INDDEMOG1_1(1.0),A,ITF42,LIFEEXP65F,2021,21.4,,,,TIPO_DATO15__LIFEEXP65F_N1,,,
IT1:22_293_DF_DCIS_INDDEMOG1_1(1.0),A,ITF42,LIFEEXP65F,2022,22.2,,,,TIPO_DATO15__LIFEEXP65F_N1,,,
IT1:22_293_DF_DCIS_INDDEMOG1_1(1.0),A,ITF42,LIFEEXP65F,2023,22.3,,,,TIPO_DATO15__LIFEEXP65F_N1,,,
IT1:22_293_DF_DCIS_INDDEMOG1_1(1.0),A,ITF42,LIFEEXP65F,2024,22.8,,,,TIPO_DATO15__LIFEEXP65F_N1,,,
IT1:22_293_DF_DCIS_INDDEMOG1_1(1.0),A,ITF42,LIFEEXP65F,2025,23,e,,,TIPO_DATO15__LIFEEXP65F_N1,,,
IT1:22_293_DF_DCIS_INDDEMOG1_1(1.0),A,ITF43,LIFEEXP65F,2015,22,,,,TIPO_DATO15__LIFEEXP65F_N1,,,
IT1:22_293_DF_DCIS_INDDEMOG1_1(1.0),A,ITF43,LIFEEXP65F,2016,22.2,,,,TIPO_DATO15__LIFEEXP65F_N1,,,
IT1:22_293_DF_DCIS_INDDEMOG1_1(1.0),A,ITF43,LIFEEXP65F,2017,21.9,,,,TIPO_DATO15__LIFEEXP65F_N1,,,
IT1:22_293_DF_DCIS_INDDEMOG1_1(1.0),A,ITF43,LIFEEXP65F,2018,22.3,,,,TIPO_DATO15__LIFEEXP65F_N1,,,
IT1:22_293_DF_DCIS_INDDEMOG1_1(1.0),A,ITF43,LIFEEXP65F,2019,22.3,,,,TIPO_DATO15__LIFEEXP65F_N1,,,
IT1:22_293_DF_DCIS_INDDEMOG1_1(1.0),A,ITF43,LIFEEXP65F,2020,22,,,,TIPO_DATO15__LIFEEXP65F_N1,,,
IT1:22_293_DF_DCIS_INDDEMOG1_1(1.0),A,ITF43,LIFEEXP65F,2021,21.3,,,,TIPO_DATO15__LIFEEXP65F_N1,,,
IT1:22_293_DF_DCIS_INDDEMOG1_1(1.0),A,ITF43,LIFEEXP65F,2022,21.9,,,,TIPO_DATO15__LIFEEXP65F_N1,,,
IT1:22_293_DF_DCIS_INDDEMOG1_1(1.0),A,ITF43,LIFEEXP65F,2023,22.1,,,,TIPO_DATO15__LIFEEXP65F_N1,,,
IT1:22_293_DF_DCIS_INDDEMOG1_1(1.0),A,ITF43,LIFEEXP65F,2024,22.6,,,,TIPO_DATO15__LIFEEXP65F_N1,,,
IT1:22_293_DF_DCIS_INDDEMOG1_1(1.0),A,ITF43,LIFEEXP65F,2025,23.2,e,,,TIPO_DATO15__LIFEEXP65F_N1,,,
IT1:22_293_DF_DCIS_INDDEMOG1_1(1.0),A,ITF44,LIFEEXP65F,2015,21.4,,,,TIPO_DATO15__LIFEEXP65F_N1,,,
IT1:22_293_DF_DCIS_INDDEMOG1_1(1.0),A,ITF44,LIFEEXP65F,2016,22.3,,,,TIPO_DATO15__LIFEEXP65F_N1,,,
IT1:22_293_DF_DCIS_INDDEMOG1_1(1.0),A,ITF44,LIFEEXP65F,2017,21.8,,,,TIPO_DATO15__LIFEEXP65F_N1,,,
IT1:22_293_DF_DCIS_INDDEMOG1_1(1.0),A,ITF44,LIFEEXP65F,2018,21.8,,,,TIPO_DATO15__LIFEEXP65F_N1,,,
IT1:22_293_DF_DCIS_INDDEMOG1_1(1.0),A,ITF44,LIFEEXP65F,2019,22.4,,,,TIPO_DATO15__LIFEEXP65F_N1,,,
IT1:22_293_DF_DCIS_INDDEMOG1_1(1.0),A,ITF44,LIFEEXP65F,2020,22.1,,,,TIPO_DATO15__LIFEEXP65F_N1,,,
IT1:22_293_DF_DCIS_INDDEMOG1_1(1.0),A,ITF44,LIFEEXP65F,2021,22.1,,,,TIPO_DATO15__LIFEEXP65F_N1,,,
IT1:22_293_DF_DCIS_INDDEMOG1_1(1.0),A,ITF44,LIFEEXP65F,2022,21.5,,,,TIPO_DATO15__LIFEEXP65F_N1,,,
IT1:22_293_DF_DCIS_INDDEMOG1_1(1.0),A,ITF44,LIFEEXP65F,2023,22,,,,TIPO_DATO15__LIFEEXP65F_N1,,,
IT1:22_293_DF_DCIS_INDDEMOG1_1(1.0),A,ITF44,LIFEEXP65F,2024,22.5,,,,TIPO_DATO15__LIFEEXP65F_N1,,,
IT1:22_293_DF_DCIS_INDDEMOG1_1(1.0),A,ITF44,LIFEEXP65F,2025,22.5,e,,,TIPO_DATO15__LIFEEXP65F_N1,,,
IT1:22_293_DF_DCIS_INDDEMOG1_1(1.0),A,ITF45,LIFEEXP65F,2015,22,,,,TIPO_DATO15__LIFEEXP65F_N1,,,
IT1:22_293_DF_DCIS_INDDEMOG1_1(1.0),A,ITF45,LIFEEXP65F,2016,22.6,,,,TIPO_DATO15__LIFEEXP65F_N1,,,
IT1:22_293_DF_DCIS_INDDEMOG1_1(1.0),A,ITF45,LIFEEXP65F,2017,22.1,,,,TIPO_DATO15__LIFEEXP65F_N1,,,
IT1:22_293_DF_DCIS_INDDEMOG1_1(1.0),A,ITF45,LIFEEXP65F,2018,22.7,,,,TIPO_DATO15__LIFEEXP65F_N1,,,
IT1:22_293_DF_DCIS_INDDEMOG1_1(1.0),A,ITF45,LIFEEXP65F,2019,23,,,,TIPO_DATO15__LIFEEXP65F_N1,,,
IT1:22_293_DF_DCIS_INDDEMOG1_1(1.0),A,ITF45,LIFEEXP65F,2020,22.7,,,,TIPO_DATO15__LIFEEXP65F_N1,,,
IT1:22_293_DF_DCIS_INDDEMOG1_1(1.0),A,ITF45,LIFEEXP65F,2021,22.2,,,,TIPO_DATO15__LIFEEXP65F_N1,,,
IT1:22_293_DF_DCIS_INDDEMOG1_1(1.0),A,ITF45,LIFEEXP65F,2022,22.2,,,,TIPO_DATO15__LIFEEXP65F_N1,,,
IT1:22_293_DF_DCIS_INDDEMOG1_1(1.0),A,ITF45,LIFEEXP65F,2023,22.4,,,,TIPO_DATO15__LIFEEXP65F_N1,,,
IT1:22_293_DF_DCIS_INDDEMOG1_1(1.0),A,ITF45,LIFEEXP65F,2024,22.7,,,,TIPO_DATO15__LIFEEXP65F_N1,,,
IT1:22_293_DF_DCIS_INDDEMOG1_1(1.0),A,ITF45,LIFEEXP65F,2025,22.9,e,,,TIPO_DATO15__LIFEEXP65F_N1,,,
IT1:22_293_DF_DCIS_INDDEMOG1_1(1.0),A,ITF5,LIFEEXP65F,2015,21.8,,,,TIPO_DATO15__LIFEEXP65F_N1,,,
IT1:22_293_DF_DCIS_INDDEMOG1_1(1.0),A,ITF5,LIFEEXP65F,2016,22,,,,TIPO_DATO15__LIFEEXP65F_N1,,,
IT1:22_293_DF_DCIS_INDDEMOG1_1(1.0),A,ITF5,LIFEEXP65F,2017,22.2,,,,TIPO_DATO15__LIFEEXP65F_N1,,,
IT1:22_293_DF_DCIS_INDDEMOG1_1(1.0),A,ITF5,LIFEEXP65F,2018,22.5,,,,TIPO_DATO15__LIFEEXP65F_N1,,,
IT1:22_293_DF_DCIS_INDDEMOG1_1(1.0),A,ITF5,LIFEEXP65F,2019,22.2,,,,TIPO_DATO15__LIFEEXP65F_N1,,,
IT1:22_293_DF_DCIS_INDDEMOG1_1(1.0),A,ITF5,LIFEEXP65F,2020,22.2,,,,TIPO_DATO15__LIFEEXP65F_N1,,,
IT1:22_293_DF_DCIS_INDDEMOG1_1(1.0),A,ITF5,LIFEEXP65F,2021,21.9,,,,TIPO_DATO15__LIFEEXP65F_N1,,,
IT1:22_293_DF_DCIS_INDDEMOG1_1(1.0),A,ITF5,LIFEEXP65F,2022,21.7,,,,TIPO_DATO15__LIFEEXP65F_N1,,,
IT1:22_293_DF_DCIS_INDDEMOG1_1(1.0),A,ITF5,LIFEEXP65F,2023,22.2,,,,TIPO_DATO15__LIFEEXP65F_N1,,,
IT1:22_293_DF_DCIS_INDDEMOG1_1(1.0),A,ITF5,LIFEEXP65F,2024,22.9,,,,TIPO_DATO15__LIFEEXP65F_N1,,,
IT1:22_293_DF_DCIS_INDDEMOG1_1(1.0),A,ITF5,LIFEEXP65F,2025,22.6,e,,,TIPO_DATO15__LIFEEXP65F_N1,,,
IT1:22_293_DF_DCIS_INDDEMOG1_1(1.0),A,ITF51,LIFEEXP65F,2015,21.8,,,,TIPO_DATO15__LIFEEXP65F_N1,,,
IT1:22_293_DF_DCIS_INDDEMOG1_1(1.0),A,ITF51,LIFEEXP65F,2016,21.8,,,,TIPO_DATO15__LIFEEXP65F_N1,,,
IT1:22_293_DF_DCIS_INDDEMOG1_1(1.0),A,ITF51,LIFEEXP65F,2017,22.1,,,,TIPO_DATO15__LIFEEXP65F_N1,,,
IT1:22_293_DF_DCIS_INDDEMOG1_1(1.0),A,ITF51,LIFEEXP65F,2018,22.5,,,,TIPO_DATO15__LIFEEXP65F_N1,,,
IT1:22_293_DF_DCIS_INDDEMOG1_1(1.0),A,ITF51,LIFEEXP65F,2019,22.1,,,,TIPO_DATO15__LIFEEXP65F_N1,,,
IT1:22_293_DF_DCIS_INDDEMOG1_1(1.0),A,ITF51,LIFEEXP65F,2020,22,,,,TIPO_DATO15__LIFEEXP65F_N1,,,
IT1:22_293_DF_DCIS_INDDEMOG1_1(1.0),A,ITF51,LIFEEXP65F,2021,21.8,,,,TIPO_DATO15__LIFEEXP65F_N1,,,
IT1:22_293_DF_DCIS_INDDEMOG1_1(1.0),A,ITF51,LIFEEXP65F,2022,21.6,,,,TIPO_DATO15__LIFEEXP65F_N1,,,
IT1:22_293_DF_DCIS_INDDEMOG1_1(1.0),A,ITF51,LIFEEXP65F,2023,22.2,,,,TIPO_DATO15__LIFEEXP65F_N1,,,
IT1:22_293_DF_DCIS_INDDEMOG1_1(1.0),A,ITF51,LIFEEXP65F,2024,22.9,,,,TIPO_DATO15__LIFEEXP65F_N1,,,
IT1:22_293_DF_DCIS_INDDEMOG1_1(1.0),A,ITF51,LIFEEXP65F,2025,22.5,e,,,TIPO_DATO15__LIFEEXP65F_N1,,,
IT1:22_293_DF_DCIS_INDDEMOG1_1(1.0),A,ITF52,LIFEEXP65F,2015,21.8,,,,TIPO_DATO15__LIFEEXP65F_N1,,,
IT1:22_293_DF_DCIS_INDDEMOG1_1(1.0),A,ITF52,LIFEEXP65F,2016,22.3,,,,TIPO_DATO15__LIFEEXP65F_N1,,,
IT1:22_293_DF_DCIS_INDDEMOG1_1(1.0),A,ITF52,LIFEEXP65F,2017,22.2,,,,TIPO_DATO15__LIFEEXP65F_N1,,,
IT1:22_293_DF_DCIS_INDDEMOG1_1(1.0),A,ITF52,LIFEEXP65F,2018,22.8,,,,TIPO_DATO15__LIFEEXP65F_N1,,,
IT1:22_293_DF_DCIS_INDDEMOG1_1(1.0),A,ITF52,LIFEEXP65F,2019,22.2,,,,TIPO_DATO15__LIFEEXP65F_N1,,,
IT1:22_293_DF_DCIS_INDDEMOG1_1(1.0),A,ITF52,LIFEEXP65F,2020,22.5,,,,TIPO_DATO15__LIFEEXP65F_N1,,,
IT1:22_293_DF_DCIS_INDDEMOG1_1(1.0),A,ITF52,LIFEEXP65F,2021,22,,,,TIPO_DATO15__LIFEEXP65F_N1,,,
IT1:22_293_DF_DCIS_INDDEMOG1_1(1.0),A,ITF52,LIFEEXP65F,2022,21.8,,,,TIPO_DATO15__LIFEEXP65F_N1,,,
IT1:22_293_DF_DCIS_INDDEMOG1_1(1.0),A,ITF52,LIFEEXP65F,2023,22.4,,,,TIPO_DATO15__LIFEEXP65F_N1,,,
IT1:22_293_DF_DCIS_INDDEMOG1_1(1.0),A,ITF52,LIFEEXP65F,2024,23,,,,TIPO_DATO15__LIFEEXP65F_N1,,,
IT1:22_293_DF_DCIS_INDDEMOG1_1(1.0),A,ITF52,LIFEEXP65F,2025,22.8,e,,,TIPO_DATO15__LIFEEXP65F_N1,,,
IT1:22_293_DF_DCIS_INDDEMOG1_1(1.0),A,ITF6,LIFEEXP65F,2015,21.6,,,,TIPO_DATO15__LIFEEXP65F_N1,,,
IT1:22_293_DF_DCIS_INDDEMOG1_1(1.0),A,ITF6,LIFEEXP65F,2016,22.1,,,,TIPO_DATO15__LIFEEXP65F_N1,,,
IT1:22_293_DF_DCIS_INDDEMOG1_1(1.0),A,ITF6,LIFEEXP65F,2017,21.6,,,,TIPO_DATO15__LIFEEXP65F_N1,,,
IT1:22_293_DF_DCIS_INDDEMOG1_1(1.0),A,ITF6,LIFEEXP65F,2018,22.2,,,,TIPO_DATO15__LIFEEXP65F_N1,,,
IT1:22_293_DF_DCIS_INDDEMOG1_1(1.0),A,ITF6,LIFEEXP65F,2019,22.1,,,,TIPO_DATO15__LIFEEXP65F_N1,,,
IT1:22_293_DF_DCIS_INDDEMOG1_1(1.0),A,ITF6,LIFEEXP65F,2020,22,,,,TIPO_DATO15__LIFEEXP65F_N1,,,
IT1:22_293_DF_DCIS_INDDEMOG1_1(1.0),A,ITF6,LIFEEXP65F,2021,21.4,,,,TIPO_DATO15__LIFEEXP65F_N1,,,
IT1:22_293_DF_DCIS_INDDEMOG1_1(1.0),A,ITF6,LIFEEXP65F,2022,21.4,,,,TIPO_DATO15__LIFEEXP65F_N1,,,
IT1:22_293_DF_DCIS_INDDEMOG1_1(1.0),A,ITF6,LIFEEXP65F,2023,21.7,,,,TIPO_DATO15__LIFEEXP65F_N1,,,
IT1:22_293_DF_DCIS_INDDEMOG1_1(1.0),A,ITF6,LIFEEXP65F,2024,22.3,,,,TIPO_DATO15__LIFEEXP65F_N1,,,
IT1:22_293_DF_DCIS_INDDEMOG1_1(1.0),A,ITF6,LIFEEXP65F,2025,22.4,e,,,TIPO_DATO15__LIFEEXP65F_N1,,,
IT1:22_293_DF_DCIS_INDDEMOG1_1(1.0),A,ITF61,LIFEEXP65F,2015,21.7,,,,TIPO_DATO15__LIFEEXP65F_N1,,,
IT1:22_293_DF_DCIS_INDDEMOG1_1(1.0),A,ITF61,LIFEEXP65F,2016,22.1,,,,TIPO_DATO15__LIFEEXP65F_N1,,,
IT1:22_293_DF_DCIS_INDDEMOG1_1(1.0),A,ITF61,LIFEEXP65F,2017,21.5,,,,TIPO_DATO15__LIFEEXP65F_N1,,,
IT1:22_293_DF_DCIS_INDDEMOG1_1(1.0),A,ITF61,LIFEEXP65F,2018,22.5,,,,TIPO_DATO15__LIFEEXP65F_N1,,,
IT1:22_293_DF_DCIS_INDDEMOG1_1(1.0),A,ITF61,LIFEEXP65F,2019,22.1,,,,TIPO_DATO15__LIFEEXP65F_N1,,,
IT1:22_293_DF_DCIS_INDDEMOG1_1(1.0),A,ITF61,LIFEEXP65F,2020,21.9,,,,TIPO_DATO15__LIFEEXP65F_N1,,,
IT1:22_293_DF_DCIS_INDDEMOG1_1(1.0),A,ITF61,LIFEEXP65F,2021,21.3,,,,TIPO_DATO15__LIFEEXP65F_N1,,,
IT1:22_293_DF_DCIS_INDDEMOG1_1(1.0),A,ITF61,LIFEEXP65F,2022,21.4,,,,TIPO_DATO15__LIFEEXP65F_N1,,,
IT1:22_293_DF_DCIS_INDDEMOG1_1(1.0),A,ITF61,LIFEEXP65F,2023,21.5,,,,TIPO_DATO15__LIFEEXP65F_N1,,,
IT1:22_293_DF_DCIS_INDDEMOG1_1(1.0),A,ITF61,LIFEEXP65F,2024,22.2,,,,TIPO_DATO15__LIFEEXP65F_N1,,,
IT1:22_293_DF_DCIS_INDDEMOG1_1(1.0),A,ITF61,LIFEEXP65F,2025,22.3,e,,,TIPO_DATO15__LIFEEXP65F_N1,,,
IT1:22_293_DF_DCIS_INDDEMOG1_1(1.0),A,ITF62,LIFEEXP65F,2015,21.2,,,,TIPO_DATO15__LIFEEXP65F_N1,,,
IT1:22_293_DF_DCIS_INDDEMOG1_1(1.0),A,ITF62,LIFEEXP65F,2016,22,,,,TIPO_DATO15__LIFEEXP65F_N1,,,
IT1:22_293_DF_DCIS_INDDEMOG1_1(1.0),A,ITF62,LIFEEXP65F,2017,21.1,,,,TIPO_DATO15__LIFEEXP65F_N1,,,
IT1:22_293_DF_DCIS_INDDEMOG1_1(1.0),A,ITF62,LIFEEXP65F,2018,22,,,,TIPO_DATO15__LIFEEXP65F_N1,,,
IT1:22_293_DF_DCIS_INDDEMOG1_1(1.0),A,ITF62,LIFEEXP65F,2019,21.9,,,,TIPO_DATO15__LIFEEXP65F_N1,,,
IT1:22_293_DF_DCIS_INDDEMOG1_1(1.0),A,ITF62,LIFEEXP65F,2020,21.4,,,,TIPO_DATO15__LIFEEXP65F_N1,,,
IT1:22_293_DF_DCIS_INDDEMOG1_1(1.0),A,ITF62,LIFEEXP65F,2021,21,,,,TIPO_DATO15__LIFEEXP65F_N1,,,
IT1:22_293_DF_DCIS_INDDEMOG1_1(1.0),A,ITF62,LIFEEXP65F,2022,21,,,,TIPO_DATO15__LIFEEXP65F_N1,,,
IT1:22_293_DF_DCIS_INDDEMOG1_1(1.0),A,ITF62,LIFEEXP65F,2023,21.6,,,,TIPO_DATO15__LIFEEXP65F_N1,,,
IT1:22_293_DF_DCIS_INDDEMOG1_1(1.0),A,ITF62,LIFEEXP65F,2024,21.6,,,,TIPO_DATO15__LIFEEXP65F_N1,,,
IT1:22_293_DF_DCIS_INDDEMOG1_1(1.0),A,ITF62,LIFEEXP65F,2025,22.1,e,,,TIPO_DATO15__LIFEEXP65F_N1,,,
IT1:22_293_DF_DCIS_INDDEMOG1_1(1.0),A,ITF63,LIFEEXP65F,2015,22,,,,TIPO_DATO15__LIFEEXP65F_N1,,,
IT1:22_293_DF_DCIS_INDDEMOG1_1(1.0),A,ITF63,LIFEEXP65F,2016,22.5,,,,TIPO_DATO15__LIFEEXP65F_N1,,,
IT1:22_293_DF_DCIS_INDDEMOG1_1(1.0),A,ITF63,LIFEEXP65F,2017,21.7,,,,TIPO_DATO15__LIFEEXP65F_N1,,,
IT1:22_293_DF_DCIS_INDDEMOG1_1(1.0),A,ITF63,LIFEEXP65F,2018,21.9,,,,TIPO_DATO15__LIFEEXP65F_N1,,,
IT1:22_293_DF_DCIS_INDDEMOG1_1(1.0),A,ITF63,LIFEEXP65F,2019,22.3,,,,TIPO_DATO15__LIFEEXP65F_N1,,,
IT1:22_293_DF_DCIS_INDDEMOG1_1(1.0),A,ITF63,LIFEEXP65F,2020,22.3,,,,TIPO_DATO15__LIFEEXP65F_N1,,,
IT1:22_293_DF_DCIS_INDDEMOG1_1(1.0),A,ITF63,LIFEEXP65F,2021,22,,,,TIPO_DATO15__LIFEEXP65F_N1,,,
IT1:22_293_DF_DCIS_INDDEMOG1_1(1.0),A,ITF63,LIFEEXP65F,2022,21.9,,,,TIPO_DATO15__LIFEEXP65F_N1,,,
IT1:22_293_DF_DCIS_INDDEMOG1_1(1.0),A,ITF63,LIFEEXP65F,2023,22.3,,,,TIPO_DATO15__LIFEEXP65F_N1,,,
IT1:22_293_DF_DCIS_INDDEMOG1_1(1.0),A,ITF63,LIFEEXP65F,2024,22.5,,,,TIPO_DATO15__LIFEEXP65F_N1,,,
IT1:22_293_DF_DCIS_INDDEMOG1_1(1.0),A,ITF63,LIFEEXP65F,2025,22.4,e,,,TIPO_DATO15__LIFEEXP65F_N1,,,
IT1:22_293_DF_DCIS_INDDEMOG1_1(1.0),A,ITF64,LIFEEXP65F,2015,22,,,,TIPO_DATO15__LIFEEXP65F_N1,,,
IT1:22_293_DF_DCIS_INDDEMOG1_1(1.0),A,ITF64,LIFEEXP65F,2016,22.8,,,,TIPO_DATO15__LIFEEXP65F_N1,,,
IT1:22_293_DF_DCIS_INDDEMOG1_1(1.0),A,ITF64,LIFEEXP65F,2017,21.8,,,,TIPO_DATO15__LIFEEXP65F_N1,,,
IT1:22_293_DF_DCIS_INDDEMOG1_1(1.0),A,ITF64,LIFEEXP65F,2018,22.2,,,,TIPO_DATO15__LIFEEXP65F_N1,,,
IT1:22_293_DF_DCIS_INDDEMOG1_1(1.0),A,ITF64,LIFEEXP65F,2019,22.6,,,,TIPO_DATO15__LIFEEXP65F_N1,,,
IT1:22_293_DF_DCIS_INDDEMOG1_1(1.0),A,ITF64,LIFEEXP65F,2020,22.3,,,,TIPO_DATO15__LIFEEXP65F_N1,,,
IT1:22_293_DF_DCIS_INDDEMOG1_1(1.0),A,ITF64,LIFEEXP65F,2021,21.9,,,,TIPO_DATO15__LIFEEXP65F_N1,,,
IT1:22_293_DF_DCIS_INDDEMOG1_1(1.0),A,ITF64,LIFEEXP65F,2022,20.8,,,,TIPO_DATO15__LIFEEXP65F_N1,,,
IT1:22_293_DF_DCIS_INDDEMOG1_1(1.0),A,ITF64,LIFEEXP65F,2023,21.9,,,,TIPO_DATO15__LIFEEXP65F_N1,,,
IT1:22_293_DF_DCIS_INDDEMOG1_1(1.0),A,ITF64,LIFEEXP65F,2024,22.6,,,,TIPO_DATO15__LIFEEXP65F_N1,,,
IT1:22_293_DF_DCIS_INDDEMOG1_1(1.0),A,ITF64,LIFEEXP65F,2025,23.1,e,,,TIPO_DATO15__LIFEEXP65F_N1,,,
IT1:22_293_DF_DCIS_INDDEMOG1_1(1.0),A,ITF65,LIFEEXP65F,2015,21.4,,,,TIPO_DATO15__LIFEEXP65F_N1,,,
IT1:22_293_DF_DCIS_INDDEMOG1_1(1.0),A,ITF65,LIFEEXP65F,2016,22.1,,,,TIPO_DATO15__LIFEEXP65F_N1,,,
IT1:22_293_DF_DCIS_INDDEMOG1_1(1.0),A,ITF65,LIFEEXP65F,2017,21.9,,,,TIPO_DATO15__LIFEEXP65F_N1,,,
IT1:22_293_DF_DCIS_INDDEMOG1_1(1.0),A,ITF65,LIFEEXP65F,2018,22.1,,,,TIPO_DATO15__LIFEEXP65F_N1,,,
IT1:22_293_DF_DCIS_INDDEMOG1_1(1.0),A,ITF65,LIFEEXP65F,2019,22.2,,,,TIPO_DATO15__LIFEEXP65F_N1,,,
IT1:22_293_DF_DCIS_INDDEMOG1_1(1.0),A,ITF65,LIFEEXP65F,2020,22,,,,TIPO_DATO15__LIFEEXP65F_N1,,,
IT1:22_293_DF_DCIS_INDDEMOG1_1(1.0),A,ITF65,LIFEEXP65F,2021,21.2,,,,TIPO_DATO15__LIFEEXP65F_N1,,,
IT1:22_293_DF_DCIS_INDDEMOG1_1(1.0),A,ITF65,LIFEEXP65F,2022,21.3,,,,TIPO_DATO15__LIFEEXP65F_N1,,,
IT1:22_293_DF_DCIS_INDDEMOG1_1(1.0),A,ITF65,LIFEEXP65F,2023,21.5,,,,TIPO_DATO15__LIFEEXP65F_N1,,,
IT1:22_293_DF_DCIS_INDDEMOG1_1(1.0),A,ITF65,LIFEEXP65F,2024,22.4,,,,TIPO_DATO15__LIFEEXP65F_N1,,,
IT1:22_293_DF_DCIS_INDDEMOG1_1(1.0),A,ITF65,LIFEEXP65F,2025,22.5,e,,,TIPO_DATO15__LIFEEXP65F_N1,,,
IT1:22_293_DF_DCIS_INDDEMOG1_1(1.0),A,ITFG,LIFEEXP65F,2015,21.3,,,,TIPO_DATO15__LIFEEXP65F_N1,,,
IT1:22_293_DF_DCIS_INDDEMOG1_1(1.0),A,ITFG,LIFEEXP65F,2016,21.8,,,,TIPO_DATO15__LIFEEXP65F_N1,,,
IT1:22_293_DF_DCIS_INDDEMOG1_1(1.0),A,ITFG,LIFEEXP65F,2017,21.5,,,,TIPO_DATO15__LIFEEXP65F_N1,,,
IT1:22_293_DF_DCIS_INDDEMOG1_1(1.0),A,ITFG,LIFEEXP65F,2018,21.9,,,,TIPO_DATO15__LIFEEXP65F_N1,,,
IT1:22_293_DF_DCIS_INDDEMOG1_1(1.0),A,ITFG,LIFEEXP65F,2019,22,,,,TIPO_DATO15__LIFEEXP65F_N1,,,
IT1:22_293_DF_DCIS_INDDEMOG1_1(1.0),A,ITFG,LIFEEXP65F,2020,21.6,,,,TIPO_DATO15__LIFEEXP65F_N1,,,
IT1:22_293_DF_DCIS_INDDEMOG1_1(1.0),A,ITFG,LIFEEXP65F,2021,21.3,,,,TIPO_DATO15__LIFEEXP65F_N1,,,
IT1:22_293_DF_DCIS_INDDEMOG1_1(1.0),A,ITFG,LIFEEXP65F,2022,21.3,,,,TIPO_DATO15__LIFEEXP65F_N1,,,
IT1:22_293_DF_DCIS_INDDEMOG1_1(1.0),A,ITFG,LIFEEXP65F,2023,21.6,,,,TIPO_DATO15__LIFEEXP65F_N1,,,
IT1:22_293_DF_DCIS_INDDEMOG1_1(1.0),A,ITFG,LIFEEXP65F,2024,22.2,,,,TIPO_DATO15__LIFEEXP65F_N1,,,
IT1:22_293_DF_DCIS_INDDEMOG1_1(1.0),A,ITFG,LIFEEXP65F,2025,22.3,e,,,TIPO_DATO15__LIFEEXP65F_N1,,,
IT1:22_293_DF_DCIS_INDDEMOG1_1(1.0),A,ITG,LIFEEXP65F,2015,21.2,,,,TIPO_DATO15__LIFEEXP65F_N1,,,
IT1:22_293_DF_DCIS_INDDEMOG1_1(1.0),A,ITG,LIFEEXP65F,2016,21.8,,,,TIPO_DATO15__LIFEEXP65F_N1,,,
IT1:22_293_DF_DCIS_INDDEMOG1_1(1.0),A,ITG,LIFEEXP65F,2017,21.4,,,,TIPO_DATO15__LIFEEXP65F_N1,,,
IT1:22_293_DF_DCIS_INDDEMOG1_1(1.0),A,ITG,LIFEEXP65F,2018,21.9,,,,TIPO_DATO15__LIFEEXP65F_N1,,,
IT1:22_293_DF_DCIS_INDDEMOG1_1(1.0),A,ITG,LIFEEXP65F,2019,21.9,,,,TIPO_DATO15__LIFEEXP65F_N1,,,
IT1:22_293_DF_DCIS_INDDEMOG1_1(1.0),A,ITG,LIFEEXP65F,2020,21.5,,,,TIPO_DATO15__LIFEEXP65F_N1,,,
IT1:22_293_DF_DCIS_INDDEMOG1_1(1.0),A,ITG,LIFEEXP65F,2021,21.3,,,,TIPO_DATO15__LIFEEXP65F_N1,,,
IT1:22_293_DF_DCIS_INDDEMOG1_1(1.0),A,ITG,LIFEEXP65F,2022,21.2,,,,TIPO_DATO15__LIFEEXP65F_N1,,,
IT1:22_293_DF_DCIS_INDDEMOG1_1(1.0),A,ITG,LIFEEXP65F,2023,21.5,,,,TIPO_DATO15__LIFEEXP65F_N1,,,
IT1:22_293_DF_DCIS_INDDEMOG1_1(1.0),A,ITG,LIFEEXP65F,2024,22.2,,,,TIPO_DATO15__LIFEEXP65F_N1,,,
IT1:22_293_DF_DCIS_INDDEMOG1_1(1.0),A,ITG,LIFEEXP65F,2025,22.2,e,,,TIPO_DATO15__LIFEEXP65F_N1,,,
IT1:22_293_DF_DCIS_INDDEMOG1_1(1.0),A,ITG1,LIFEEXP65F,2015,20.9,,,,TIPO_DATO15__LIFEEXP65F_N1,,,
IT1:22_293_DF_DCIS_INDDEMOG1_1(1.0),A,ITG1,LIFEEXP65F,2016,21.5,,,,TIPO_DATO15__LIFEEXP65F_N1,,,
IT1:22_293_DF_DCIS_INDDEMOG1_1(1.0),A,ITG1,LIFEEXP65F,2017,21,,,,TIPO_DATO15__LIFEEXP65F_N1,,,
IT1:22_293_DF_DCIS_INDDEMOG1_1(1.0),A,ITG1,LIFEEXP65F,2018,21.5,,,,TIPO_DATO15__LIFEEXP65F_N1,,,
IT1:22_293_DF_DCIS_INDDEMOG1_1(1.0),A,ITG1,LIFEEXP65F,2019,21.4,,,,TIPO_DATO15__LIFEEXP65F_N1,,,
IT1:22_293_DF_DCIS_INDDEMOG1_1(1.0),A,ITG1,LIFEEXP65F,2020,21.3,,,,TIPO_DATO15__LIFEEXP65F_N1,,,
IT1:22_293_DF_DCIS_INDDEMOG1_1(1.0),A,ITG1,LIFEEXP65F,2021,20.9,,,,TIPO_DATO15__LIFEEXP65F_N1,,,
IT1:22_293_DF_DCIS_INDDEMOG1_1(1.0),A,ITG1,LIFEEXP65F,2022,20.9,,,,TIPO_DATO15__LIFEEXP65F_N1,,,
IT1:22_293_DF_DCIS_INDDEMOG1_1(1.0),A,ITG1,LIFEEXP65F,2023,21.2,,,,TIPO_DATO15__LIFEEXP65F_N1,,,
IT1:22_293_DF_DCIS_INDDEMOG1_1(1.0),A,ITG1,LIFEEXP65F,2024,21.8,,,,TIPO_DATO15__LIFEEXP65F_N1,,,
IT1:22_293_DF_DCIS_INDDEMOG1_1(1.0),A,ITG1,LIFEEXP65F,2025,21.9,e,,,TIPO_DATO15__LIFEEXP65F_N1,,,
IT1:22_293_DF_DCIS_INDDEMOG1_1(1.0),A,ITG11,LIFEEXP65F,2015,21.1,,,,TIPO_DATO15__LIFEEXP65F_N1,,,
IT1:22_293_DF_DCIS_INDDEMOG1_1(1.0),A,ITG11,LIFEEXP65F,2016,21.9,,,,TIPO_DATO15__LIFEEXP65F_N1,,,
IT1:22_293_DF_DCIS_INDDEMOG1_1(1.0),A,ITG11,LIFEEXP65F,2017,21.4,,,,TIPO_DATO15__LIFEEXP65F_N1,,,
IT1:22_293_DF_DCIS_INDDEMOG1_1(1.0),A,ITG11,LIFEEXP65F,2018,21.9,,,,TIPO_DATO15__LIFEEXP65F_N1,,,
IT1:22_293_DF_DCIS_INDDEMOG1_1(1.0),A,ITG11,LIFEEXP65F,2019,21.8,,,,TIPO_DATO15__LIFEEXP65F_N1,,,
IT1:22_293_DF_DCIS_INDDEMOG1_1(1.0),A,ITG11,LIFEEXP65F,2020,21.8,,,,TIPO_DATO15__LIFEEXP65F_N1,,,
IT1:22_293_DF_DCIS_INDDEMOG1_1(1.0),A,ITG11,LIFEEXP65F,2021,21.1,,,,TIPO_DATO15__LIFEEXP65F_N1,,,
IT1:22_293_DF_DCIS_INDDEMOG1_1(1.0),A,ITG11,LIFEEXP65F,2022,20.9,,,,TIPO_DATO15__LIFEEXP65F_N1,,,
IT1:22_293_DF_DCIS_INDDEMOG1_1(1.0),A,ITG11,LIFEEXP65F,2023,21.3,,,,TIPO_DATO15__LIFEEXP65F_N1,,,
IT1:22_293_DF_DCIS_INDDEMOG1_1(1.0),A,ITG11,LIFEEXP65F,2024,21.7,,,,TIPO_DATO15__LIFEEXP65F_N1,,,
IT1:22_293_DF_DCIS_INDDEMOG1_1(1.0),A,ITG11,LIFEEXP65F,2025,22.2,e,,,TIPO_DATO15__LIFEEXP65F_N1,,,
IT1:22_293_DF_DCIS_INDDEMOG1_1(1.0),A,ITG12,LIFEEXP65F,2015,21,,,,TIPO_DATO15__LIFEEXP65F_N1,,,
IT1:22_293_DF_DCIS_INDDEMOG1_1(1.0),A,ITG12,LIFEEXP65F,2016,21.4,,,,TIPO_DATO15__LIFEEXP65F_N1,,,
IT1:22_293_DF_DCIS_INDDEMOG1_1(1.0),A,ITG12,LIFEEXP65F,2017,21.1,,,,TIPO_DATO15__LIFEEXP65F_N1,,,
IT1:22_293_DF_DCIS_INDDEMOG1_1(1.0),A,ITG12,LIFEEXP65F,2018,21.4,,,,TIPO_DATO15__LIFEEXP65F_N1,,,
IT1:22_293_DF_DCIS_INDDEMOG1_1(1.0),A,ITG12,LIFEEXP65F,2019,21.4,,,,TIPO_DATO15__LIFEEXP65F_N1,,,
IT1:22_293_DF_DCIS_INDDEMOG1_1(1.0),A,ITG12,LIFEEXP65F,2020,21,,,,TIPO_DATO15__LIFEEXP65F_N1,,,
IT1:22_293_DF_DCIS_INDDEMOG1_1(1.0),A,ITG12,LIFEEXP65F,2021,20.9,,,,TIPO_DATO15__LIFEEXP65F_N1,,,
IT1:22_293_DF_DCIS_INDDEMOG1_1(1.0),A,ITG12,LIFEEXP65F,2022,21,,,,TIPO_DATO15__LIFEEXP65F_N1,,,
IT1:22_293_DF_DCIS_INDDEMOG1_1(1.0),A,ITG12,LIFEEXP65F,2023,21.1,,,,TIPO_DATO15__LIFEEXP65F_N1,,,
IT1:22_293_DF_DCIS_INDDEMOG1_1(1.0),A,ITG12,LIFEEXP65F,2024,21.8,,,,TIPO_DATO15__LIFEEXP65F_N1,,,
IT1:22_293_DF_DCIS_INDDEMOG1_1(1.0),A,ITG12,LIFEEXP65F,2025,21.7,e,,,TIPO_DATO15__LIFEEXP65F_N1,,,
IT1:22_293_DF_DCIS_INDDEMOG1_1(1.0),A,ITG13,LIFEEXP65F,2015,20.9,,,,TIPO_DATO15__LIFEEXP65F_N1,,,
IT1:22_293_DF_DCIS_INDDEMOG1_1(1.0),A,ITG13,LIFEEXP65F,2016,22.1,,,,TIPO_DATO15__LIFEEXP65F_N1,,,
IT1:22_293_DF_DCIS_INDDEMOG1_1(1.0),A,ITG13,LIFEEXP65F,2017,21.1,,,,TIPO_DATO15__LIFEEXP65F_N1,,,
IT1:22_293_DF_DCIS_INDDEMOG1_1(1.0),A,ITG13,LIFEEXP65F,2018,21.8,,,,TIPO_DATO15__LIFEEXP65F_N1,,,
IT1:22_293_DF_DCIS_INDDEMOG1_1(1.0),A,ITG13,LIFEEXP65F,2019,21.5,,,,TIPO_DATO15__LIFEEXP65F_N1,,,
IT1:22_293_DF_DCIS_INDDEMOG1_1(1.0),A,ITG13,LIFEEXP65F,2020,21.7,,,,TIPO_DATO15__LIFEEXP65F_N1,,,
IT1:22_293_DF_DCIS_INDDEMOG1_1(1.0),A,ITG13,LIFEEXP65F,2021,21,,,,TIPO_DATO15__LIFEEXP65F_N1,,,
IT1:22_293_DF_DCIS_INDDEMOG1_1(1.0),A,ITG13,LIFEEXP65F,2022,20.7,,,,TIPO_DATO15__LIFEEXP65F_N1,,,
IT1:22_293_DF_DCIS_INDDEMOG1_1(1.0),A,ITG13,LIFEEXP65F,2023,21.4,,,,TIPO_DATO15__LIFEEXP65F_N1,,,
IT1:22_293_DF_DCIS_INDDEMOG1_1(1.0),A,ITG13,LIFEEXP65F,2024,22,,,,TIPO_DATO15__LIFEEXP65F_N1,,,
IT1:22_293_DF_DCIS_INDDEMOG1_1(1.0),A,ITG13,LIFEEXP65F,2025,22,e,,,TIPO_DATO15__LIFEEXP65F_N1,,,
IT1:22_293_DF_DCIS_INDDEMOG1_1(1.0),A,ITG14,LIFEEXP65F,2015,21.3,,,,TIPO_DATO15__LIFEEXP65F_N1,,,
IT1:22_293_DF_DCIS_INDDEMOG1_1(1.0),A,ITG14,LIFEEXP65F,2016,21.8,,,,TIPO_DATO15__LIFEEXP65F_N1,,,
IT1:22_293_DF_DCIS_INDDEMOG1_1(1.0),A,ITG14,LIFEEXP65F,2017,21,,,,TIPO_DATO15__LIFEEXP65F_N1,,,
IT1:22_293_DF_DCIS_INDDEMOG1_1(1.0),A,ITG14,LIFEEXP65F,2018,21.9,,,,TIPO_DATO15__LIFEEXP65F_N1,,,
IT1:22_293_DF_DCIS_INDDEMOG1_1(1.0),A,ITG14,LIFEEXP65F,2019,21.4,,,,TIPO_DATO15__LIFEEXP65F_N1,,,
IT1:22_293_DF_DCIS_INDDEMOG1_1(1.0),A,ITG14,LIFEEXP65F,2020,21.4,,,,TIPO_DATO15__LIFEEXP65F_N1,,,
IT1:22_293_DF_DCIS_INDDEMOG1_1(1.0),A,ITG14,LIFEEXP65F,2021,20.8,,,,TIPO_DATO15__LIFEEXP65F_N1,,,
IT1:22_293_DF_DCIS_INDDEMOG1_1(1.0),A,ITG14,LIFEEXP65F,2022,21.1,,,,TIPO_DATO15__LIFEEXP65F_N1,,,
IT1:22_293_DF_DCIS_INDDEMOG1_1(1.0),A,ITG14,LIFEEXP65F,2023,21,,,,TIPO_DATO15__LIFEEXP65F_N1,,,
IT1:22_293_DF_DCIS_INDDEMOG1_1(1.0),A,ITG14,LIFEEXP65F,2024,22,,,,TIPO_DATO15__LIFEEXP65F_N1,,,
IT1:22_293_DF_DCIS_INDDEMOG1_1(1.0),A,ITG14,LIFEEXP65F,2025,22.2,e,,,TIPO_DATO15__LIFEEXP65F_N1,,,
IT1:22_293_DF_DCIS_INDDEMOG1_1(1.0),A,ITG15,LIFEEXP65F,2015,20.8,,,,TIPO_DATO15__LIFEEXP65F_N1,,,
IT1:22_293_DF_DCIS_INDDEMOG1_1(1.0),A,ITG15,LIFEEXP65F,2016,21.1,,,,TIPO_DATO15__LIFEEXP65F_N1,,,
IT1:22_293_DF_DCIS_INDDEMOG1_1(1.0),A,ITG15,LIFEEXP65F,2017,20.3,,,,TIPO_DATO15__LIFEEXP65F_N1,,,
IT1:22_293_DF_DCIS_INDDEMOG1_1(1.0),A,ITG15,LIFEEXP65F,2018,21.3,,,,TIPO_DATO15__LIFEEXP65F_N1,,,
IT1:22_293_DF_DCIS_INDDEMOG1_1(1.0),A,ITG15,LIFEEXP65F,2019,20.9,,,,TIPO_DATO15__LIFEEXP65F_N1,,,
IT1:22_293_DF_DCIS_INDDEMOG1_1(1.0),A,ITG15,LIFEEXP65F,2020,21.1,,,,TIPO_DATO15__LIFEEXP65F_N1,,,
IT1:22_293_DF_DCIS_INDDEMOG1_1(1.0),A,ITG15,LIFEEXP65F,2021,20.5,,,,TIPO_DATO15__LIFEEXP65F_N1,,,
IT1:22_293_DF_DCIS_INDDEMOG1_1(1.0),A,ITG15,LIFEEXP65F,2022,20.7,,,,TIPO_DATO15__LIFEEXP65F_N1,,,
IT1:22_293_DF_DCIS_INDDEMOG1_1(1.0),A,ITG15,LIFEEXP65F,2023,21.1,,,,TIPO_DATO15__LIFEEXP65F_N1,,,
IT1:22_293_DF_DCIS_INDDEMOG1_1(1.0),A,ITG15,LIFEEXP65F,2024,21.6,,,,TIPO_DATO15__LIFEEXP65F_N1,,,
IT1:22_293_DF_DCIS_INDDEMOG1_1(1.0),A,ITG15,LIFEEXP65F,2025,22.1,e,,,TIPO_DATO15__LIFEEXP65F_N1,,,
IT1:22_293_DF_DCIS_INDDEMOG1_1(1.0),A,ITG16,LIFEEXP65F,2015,20.7,,,,TIPO_DATO15__LIFEEXP65F_N1,,,
IT1:22_293_DF_DCIS_INDDEMOG1_1(1.0),A,ITG16,LIFEEXP65F,2016,21.5,,,,TIPO_DATO15__LIFEEXP65F_N1,,,
IT1:22_293_DF_DCIS_INDDEMOG1_1(1.0),A,ITG16,LIFEEXP65F,2017,20.4,,,,TIPO_DATO15__LIFEEXP65F_N1,,,
IT1:22_293_DF_DCIS_INDDEMOG1_1(1.0),A,ITG16,LIFEEXP65F,2018,22,,,,TIPO_DATO15__LIFEEXP65F_N1,,,
IT1:22_293_DF_DCIS_INDDEMOG1_1(1.0),A,ITG16,LIFEEXP65F,2019,21.5,,,,TIPO_DATO15__LIFEEXP65F_N1,,,
IT1:22_293_DF_DCIS_INDDEMOG1_1(1.0),A,ITG16,LIFEEXP65F,2020,21.4,,,,TIPO_DATO15__LIFEEXP65F_N1,,,
IT1:22_293_DF_DCIS_INDDEMOG1_1(1.0),A,ITG16,LIFEEXP65F,2021,21.3,,,,TIPO_DATO15__LIFEEXP65F_N1,,,
IT1:22_293_DF_DCIS_INDDEMOG1_1(1.0),A,ITG16,LIFEEXP65F,2022,20.6,,,,TIPO_DATO15__LIFEEXP65F_N1,,,
IT1:22_293_DF_DCIS_INDDEMOG1_1(1.0),A,ITG16,LIFEEXP65F,2023,20.9,,,,TIPO_DATO15__LIFEEXP65F_N1,,,
IT1:22_293_DF_DCIS_INDDEMOG1_1(1.0),A,ITG16,LIFEEXP65F,2024,22.7,,,,TIPO_DATO15__LIFEEXP65F_N1,,,
IT1:22_293_DF_DCIS_INDDEMOG1_1(1.0),A,ITG16,LIFEEXP65F,2025,22.1,e,,,TIPO_DATO15__LIFEEXP65F_N1,,,
IT1:22_293_DF_DCIS_INDDEMOG1_1(1.0),A,ITG17,LIFEEXP65F,2015,20.9,,,,TIPO_DATO15__LIFEEXP65F_N1,,,
IT1:22_293_DF_DCIS_INDDEMOG1_1(1.0),A,ITG17,LIFEEXP65F,2016,21.4,,,,TIPO_DATO15__LIFEEXP65F_N1,,,
IT1:22_293_DF_DCIS_INDDEMOG1_1(1.0),A,ITG17,LIFEEXP65F,2017,21,,,,TIPO_DATO15__LIFEEXP65F_N1,,,
IT1:22_293_DF_DCIS_INDDEMOG1_1(1.0),A,ITG17,LIFEEXP65F,2018,21.2,,,,TIPO_DATO15__LIFEEXP65F_N1,,,
IT1:22_293_DF_DCIS_INDDEMOG1_1(1.0),A,ITG17,LIFEEXP65F,2019,21.5,,,,TIPO_DATO15__LIFEEXP65F_N1,,,
IT1:22_293_DF_DCIS_INDDEMOG1_1(1.0),A,ITG17,LIFEEXP65F,2020,21.4,,,,TIPO_DATO15__LIFEEXP65F_N1,,,
IT1:22_293_DF_DCIS_INDDEMOG1_1(1.0),A,ITG17,LIFEEXP65F,2021,21,,,,TIPO_DATO15__LIFEEXP65F_N1,,,
IT1:22_293_DF_DCIS_INDDEMOG1_1(1.0),A,ITG17,LIFEEXP65F,2022,20.9,,,,TIPO_DATO15__LIFEEXP65F_N1,,,
IT1:22_293_DF_DCIS_INDDEMOG1_1(1.0),A,ITG17,LIFEEXP65F,2023,21.1,,,,TIPO_DATO15__LIFEEXP65F_N1,,,
IT1:22_293_DF_DCIS_INDDEMOG1_1(1.0),A,ITG17,LIFEEXP65F,2024,22,,,,TIPO_DATO15__LIFEEXP65F_N1,,,
IT1:22_293_DF_DCIS_INDDEMOG1_1(1.0),A,ITG17,LIFEEXP65F,2025,22,e,,,TIPO_DATO15__LIFEEXP65F_N1,,,
IT1:22_293_DF_DCIS_INDDEMOG1_1(1.0),A,ITG18,LIFEEXP65F,2015,21.3,,,,TIPO_DATO15__LIFEEXP65F_N1,,,
IT1:22_293_DF_DCIS_INDDEMOG1_1(1.0),A,ITG18,LIFEEXP65F,2016,21.8,,,,TIPO_DATO15__LIFEEXP65F_N1,,,
IT1:22_293_DF_DCIS_INDDEMOG1_1(1.0),A,ITG18,LIFEEXP65F,2017,21.4,,,,TIPO_DATO15__LIFEEXP65F_N1,,,
IT1:22_293_DF_DCIS_INDDEMOG1_1(1.0),A,ITG18,LIFEEXP65F,2018,21.5,,,,TIPO_DATO15__LIFEEXP65F_N1,,,
IT1:22_293_DF_DCIS_INDDEMOG1_1(1.0),A,ITG18,LIFEEXP65F,2019,21.8,,,,TIPO_DATO15__LIFEEXP65F_N1,,,
IT1:22_293_DF_DCIS_INDDEMOG1_1(1.0),A,ITG18,LIFEEXP65F,2020,21.4,,,,TIPO_DATO15__LIFEEXP65F_N1,,,
IT1:22_293_DF_DCIS_INDDEMOG1_1(1.0),A,ITG18,LIFEEXP65F,2021,21.9,,,,TIPO_DATO15__LIFEEXP65F_N1,,,
IT1:22_293_DF_DCIS_INDDEMOG1_1(1.0),A,ITG18,LIFEEXP65F,2022,21.2,,,,TIPO_DATO15__LIFEEXP65F_N1,,,
IT1:22_293_DF_DCIS_INDDEMOG1_1(1.0),A,ITG18,LIFEEXP65F,2023,21.4,,,,TIPO_DATO15__LIFEEXP65F_N1,,,
IT1:22_293_DF_DCIS_INDDEMOG1_1(1.0),A,ITG18,LIFEEXP65F,2024,22.3,,,,TIPO_DATO15__LIFEEXP65F_N1,,,
IT1:22_293_DF_DCIS_INDDEMOG1_1(1.0),A,ITG18,LIFEEXP65F,2025,22.4,e,,,TIPO_DATO15__LIFEEXP65F_N1,,,
IT1:22_293_DF_DCIS_INDDEMOG1_1(1.0),A,ITG19,LIFEEXP65F,2015,20.6,,,,TIPO_DATO15__LIFEEXP65F_N1,,,
IT1:22_293_DF_DCIS_INDDEMOG1_1(1.0),A,ITG19,LIFEEXP65F,2016,21.2,,,,TIPO_DATO15__LIFEEXP65F_N1,,,
IT1:22_293_DF_DCIS_INDDEMOG1_1(1.0),A,ITG19,LIFEEXP65F,2017,21.2,,,,TIPO_DATO15__LIFEEXP65F_N1,,,
IT1:22_293_DF_DCIS_INDDEMOG1_1(1.0),A,ITG19,LIFEEXP65F,2018,21,,,,TIPO_DATO15__LIFEEXP65F_N1,,,
IT1:22_293_DF_DCIS_INDDEMOG1_1(1.0),A,ITG19,LIFEEXP65F,2019,21.1,,,,TIPO_DATO15__LIFEEXP65F_N1,,,
IT1:22_293_DF_DCIS_INDDEMOG1_1(1.0),A,ITG19,LIFEEXP65F,2020,20.8,,,,TIPO_DATO15__LIFEEXP65F_N1,,,
IT1:22_293_DF_DCIS_INDDEMOG1_1(1.0),A,ITG19,LIFEEXP65F,2021,20.1,,,,TIPO_DATO15__LIFEEXP65F_N1,,,
IT1:22_293_DF_DCIS_INDDEMOG1_1(1.0),A,ITG19,LIFEEXP65F,2022,20.4,,,,TIPO_DATO15__LIFEEXP65F_N1,,,
IT1:22_293_DF_DCIS_INDDEMOG1_1(1.0),A,ITG19,LIFEEXP65F,2023,21.1,,,,TIPO_DATO15__LIFEEXP65F_N1,,,
IT1:22_293_DF_DCIS_INDDEMOG1_1(1.0),A,ITG19,LIFEEXP65F,2024,21.1,,,,TIPO_DATO15__LIFEEXP65F_N1,,,
IT1:22_293_DF_DCIS_INDDEMOG1_1(1.0),A,ITG19,LIFEEXP65F,2025,21.8,e,,,TIPO_DATO15__LIFEEXP65F_N1,,,
IT1:22_293_DF_DCIS_INDDEMOG1_1(1.0),A,ITG2,LIFEEXP65F,2015,22.3,,,,TIPO_DATO15__LIFEEXP65F_N1,,,
IT1:22_293_DF_DCIS_INDDEMOG1_1(1.0),A,ITG2,LIFEEXP65F,2016,22.8,,,,TIPO_DATO15__LIFEEXP65F_N1,,,
IT1:22_293_DF_DCIS_INDDEMOG1_1(1.0),A,ITG2,LIFEEXP65F,2017,22.6,,,,TIPO_DATO15__LIFEEXP65F_N1,,,
IT1:22_293_DF_DCIS_INDDEMOG1_1(1.0),A,ITG2,LIFEEXP65F,2018,23.1,,,,TIPO_DATO15__LIFEEXP65F_N1,,,
IT1:22_293_DF_DCIS_INDDEMOG1_1(1.0),A,ITG2,LIFEEXP65F,2019,23,,,,TIPO_DATO15__LIFEEXP65F_N1,,,
IT1:22_293_DF_DCIS_INDDEMOG1_1(1.0),A,ITG2,LIFEEXP65F,2020,22.4,,,,TIPO_DATO15__LIFEEXP65F_N1,,,
IT1:22_293_DF_DCIS_INDDEMOG1_1(1.0),A,ITG2,LIFEEXP65F,2021,22.7,,,,TIPO_DATO15__LIFEEXP65F_N1,,,
IT1:22_293_DF_DCIS_INDDEMOG1_1(1.0),A,ITG2,LIFEEXP65F,2022,22,,,,TIPO_DATO15__LIFEEXP65F_N1,,,
IT1:22_293_DF_DCIS_INDDEMOG1_1(1.0),A,ITG2,LIFEEXP65F,2023,22.6,,,,TIPO_DATO15__LIFEEXP65F_N1,,,
IT1:22_293_DF_DCIS_INDDEMOG1_1(1.0),A,ITG2,LIFEEXP65F,2024,23,,,,TIPO_DATO15__LIFEEXP65F_N1,,,
IT1:22_293_DF_DCIS_INDDEMOG1_1(1.0),A,ITG2,LIFEEXP65F,2025,23,e,,,TIPO_DATO15__LIFEEXP65F_N1,,,
IT1:22_293_DF_DCIS_INDDEMOG1_1(1.0),A,ITG25,LIFEEXP65F,2015,22.5,,,,TIPO_DATO15__LIFEEXP65F_N1,,,
IT1:22_293_DF_DCIS_INDDEMOG1_1(1.0),A,ITG25,LIFEEXP65F,2016,22.3,,,,TIPO_DATO15__LIFEEXP65F_N1,,,
IT1:22_293_DF_DCIS_INDDEMOG1_1(1.0),A,ITG25,LIFEEXP65F,2017,22.4,,,,TIPO_DATO15__LIFEEXP65F_N1,,,
IT1:22_293_DF_DCIS_INDDEMOG1_1(1.0),A,ITG25,LIFEEXP65F,2018,22.8,,,,TIPO_DATO15__LIFEEXP65F_N1,,,
IT1:22_293_DF_DCIS_INDDEMOG1_1(1.0),A,ITG25,LIFEEXP65F,2019,22.8,,,,TIPO_DATO15__LIFEEXP65F_N1,,,
IT1:22_293_DF_DCIS_INDDEMOG1_1(1.0),A,ITG25,LIFEEXP65F,2020,21.8,,,,TIPO_DATO15__LIFEEXP65F_N1,,,
IT1:22_293_DF_DCIS_INDDEMOG1_1(1.0),A,ITG25,LIFEEXP65F,2021,22.5,,,,TIPO_DATO15__LIFEEXP65F_N1,,,
IT1:22_293_DF_DCIS_INDDEMOG1_1(1.0),A,ITG25,LIFEEXP65F,2022,21.7,,,,TIPO_DATO15__LIFEEXP65F_N1,,,
IT1:22_293_DF_DCIS_INDDEMOG1_1(1.0),A,ITG25,LIFEEXP65F,2023,22.5,,,,TIPO_DATO15__LIFEEXP65F_N1,,,
IT1:22_293_DF_DCIS_INDDEMOG1_1(1.0),A,ITG25,LIFEEXP65F,2024,22.7,,,,TIPO_DATO15__LIFEEXP65F_N1,,,
IT1:22_293_DF_DCIS_INDDEMOG1_1(1.0),A,ITG25,LIFEEXP65F,2025,23,e,,,TIPO_DATO15__LIFEEXP65F_N1,,,
IT1:22_293_DF_DCIS_INDDEMOG1_1(1.0),A,ITG26,LIFEEXP65F,2015,22.5,,,,TIPO_DATO15__LIFEEXP65F_N1,,,
IT1:22_293_DF_DCIS_INDDEMOG1_1(1.0),A,ITG26,LIFEEXP65F,2016,23.1,,,,TIPO_DATO15__LIFEEXP65F_N1,,,
IT1:22_293_DF_DCIS_INDDEMOG1_1(1.0),A,ITG26,LIFEEXP65F,2017,22.8,,,,TIPO_DATO15__LIFEEXP65F_N1,,,
IT1:22_293_DF_DCIS_INDDEMOG1_1(1.0),A,ITG26,LIFEEXP65F,2018,23.1,,,,TIPO_DATO15__LIFEEXP65F_N1,,,
IT1:22_293_DF_DCIS_INDDEMOG1_1(1.0),A,ITG26,LIFEEXP65F,2019,23.5,,,,TIPO_DATO15__LIFEEXP65F_N1,,,
IT1:22_293_DF_DCIS_INDDEMOG1_1(1.0),A,ITG26,LIFEEXP65F,2020,22.8,,,,TIPO_DATO15__LIFEEXP65F_N1,,,
IT1:22_293_DF_DCIS_INDDEMOG1_1(1.0),A,ITG26,LIFEEXP65F,2021,22.7,,,,TIPO_DATO15__LIFEEXP65F_N1,,,
IT1:22_293_DF_DCIS_INDDEMOG1_1(1.0),A,ITG26,LIFEEXP65F,2022,22,,,,TIPO_DATO15__LIFEEXP65F_N1,,,
IT1:22_293_DF_DCIS_INDDEMOG1_1(1.0),A,ITG26,LIFEEXP65F,2023,22.9,,,,TIPO_DATO15__LIFEEXP65F_N1,,,
IT1:22_293_DF_DCIS_INDDEMOG1_1(1.0),A,ITG26,LIFEEXP65F,2024,23.3,,,,TIPO_DATO15__LIFEEXP65F_N1,,,
IT1:22_293_DF_DCIS_INDDEMOG1_1(1.0),A,ITG26,LIFEEXP65F,2025,23.2,e,,,TIPO_DATO15__LIFEEXP65F_N1,,,
IT1:22_293_DF_DCIS_INDDEMOG1_1(1.0),A,ITG27,LIFEEXP65F,2015,22.8,,,,TIPO_DATO15__LIFEEXP65F_N1,,,
IT1:22_293_DF_DCIS_INDDEMOG1_1(1.0),A,ITG27,LIFEEXP65F,2016,23.3,,,,TIPO_DATO15__LIFEEXP65F_N1,,,
IT1:22_293_DF_DCIS_INDDEMOG1_1(1.0),A,ITG27,LIFEEXP65F,2017,23.1,,,,TIPO_DATO15__LIFEEXP65F_N1,,,
IT1:22_293_DF_DCIS_INDDEMOG1_1(1.0),A,ITG27,LIFEEXP65F,2018,23.6,,,,TIPO_DATO15__LIFEEXP65F_N1,,,
IT1:22_293_DF_DCIS_INDDEMOG1_1(1.0),A,ITG27,LIFEEXP65F,2019,23.1,,,,TIPO_DATO15__LIFEEXP65F_N1,,,
IT1:22_293_DF_DCIS_INDDEMOG1_1(1.0),A,ITG27,LIFEEXP65F,2020,22.9,,,,TIPO_DATO15__LIFEEXP65F_N1,,,
IT1:22_293_DF_DCIS_INDDEMOG1_1(1.0),A,ITG27,LIFEEXP65F,2021,23.5,,,,TIPO_DATO15__LIFEEXP65F_N1,,,
IT1:22_293_DF_DCIS_INDDEMOG1_1(1.0),A,ITG27,LIFEEXP65F,2022,22.3,,,,TIPO_DATO15__LIFEEXP65F_N1,,,
IT1:22_293_DF_DCIS_INDDEMOG1_1(1.0),A,ITG27,LIFEEXP65F,2023,22.6,,,,TIPO_DATO15__LIFEEXP65F_N1,,,
IT1:22_293_DF_DCIS_INDDEMOG1_1(1.0),A,ITG27,LIFEEXP65F,2024,23.6,,,,TIPO_DATO15__LIFEEXP65F_N1,,,
IT1:22_293_DF_DCIS_INDDEMOG1_1(1.0),A,ITG27,LIFEEXP65F,2025,23.4,e,,,TIPO_DATO15__LIFEEXP65F_N1,,,
IT1:22_293_DF_DCIS_INDDEMOG1_1(1.0),A,ITG28,LIFEEXP65F,2015,21.9,,,,TIPO_DATO15__LIFEEXP65F_N1,,,
IT1:22_293_DF_DCIS_INDDEMOG1_1(1.0),A,ITG28,LIFEEXP65F,2016,23.1,,,,TIPO_DATO15__LIFEEXP65F_N1,,,
IT1:22_293_DF_DCIS_INDDEMOG1_1(1.0),A,ITG28,LIFEEXP65F,2017,23.3,,,,TIPO_DATO15__LIFEEXP65F_N1,,,
IT1:22_293_DF_DCIS_INDDEMOG1_1(1.0),A,ITG28,LIFEEXP65F,2018,23.2,,,,TIPO_DATO15__LIFEEXP65F_N1,,,
IT1:22_293_DF_DCIS_INDDEMOG1_1(1.0),A,ITG28,LIFEEXP65F,2019,23.1,,,,TIPO_DATO15__LIFEEXP65F_N1,,,
IT1:22_293_DF_DCIS_INDDEMOG1_1(1.0),A,ITG28,LIFEEXP65F,2020,22.3,,,,TIPO_DATO15__LIFEEXP65F_N1,,,
IT1:22_293_DF_DCIS_INDDEMOG1_1(1.0),A,ITG28,LIFEEXP65F,2021,22.6,,,,TIPO_DATO15__LIFEEXP65F_N1,,,
IT1:22_293_DF_DCIS_INDDEMOG1_1(1.0),A,ITG28,LIFEEXP65F,2022,22.5,,,,TIPO_DATO15__LIFEEXP65F_N1,,,
IT1:22_293_DF_DCIS_INDDEMOG1_1(1.0),A,ITG28,LIFEEXP65F,2023,22.7,,,,TIPO_DATO15__LIFEEXP65F_N1,,,
IT1:22_293_DF_DCIS_INDDEMOG1_1(1.0),A,ITG28,LIFEEXP65F,2024,23.1,,,,TIPO_DATO15__LIFEEXP65F_N1,,,
IT1:22_293_DF_DCIS_INDDEMOG1_1(1.0),A,ITG28,LIFEEXP65F,2025,22.8,e,,,TIPO_DATO15__LIFEEXP65F_N1,,,
