DATAFLOW,FREQ,REF_AREA,DATA_TYPE,TIME_PERIOD,OBS_VALUE,OBS_STATUS,NOTE_DS,NOTE_REF_AREA,NOTE_DATA_TYPE,BASE_PER,UNIT_MEAS,UNIT_MULT
IT1:22_293_DF_DCIS_INDDEMOG1_1(1.0),A,IT,NMIGRATEAB,2015,0.5,,,,TIPO_DATO15__NMIGRATEAB_N1,,,
IT1:22_293_DF_DCIS_INDDEMOG1_1(1.0),A,IT,NMIGRATEAB,2016,0.7,,,,TIPO_DATO15__NMIGRATEAB_N1,,,
IT1:22_293_DF_DCIS_INDDEMOG1_1(1.0),A,IT,NMIGRATEAB,2017,1,,,,TIPO_DATO15__NMIGRATEAB_N1,,,
IT1:22_293_DF_DCIS_INDDEMOG1_1(1.0),A,IT,NMIGRATEAB,2018,1.2,,,,TIPO_DATO15__NMIGRATEAB_N1,,,
IT1:22_293_DF_DCIS_INDDEMOG1_1(1.0),A,IT,NMIGRATEAB,2019,2.6,,,,TIPO_DATO15__NMIGRATEAB_N1,,,
IT1:22_293_DF_DCIS_INDDEMOG1_1(1.0),A,IT,NMIGRATEAB,2020,1.5,,,,TIPO_DATO15__NMIGRATEAB_N1,,,
IT1:22_293_DF_DCIS_INDDEMOG1_1(1.0),A,IT,NMIGRATEAB,2021,2.7,,,,TIPO_DATO15__NMIGRATEAB_N1,,,
IT1:22_293_DF_DCIS_INDDEMOG1_1(1.0),A,IT,NMIGRATEAB,2022,4.4,,,,TIPO_DATO15__NMIGRATEAB_N1,,,
IT1:22_293_DF_DCIS_INDDEMOG1_1(1.0),A,IT,NMIGRATEAB,2023,4.8,,,,TIPO_DATO15__NMIGRATEAB_N1,,,
IT1:22_293_DF_DCIS_INDDEMOG1_1(1.0),A,IT,NMIGRATEAB,2024,4.5,,,,TIPO_DATO15__NMIGRATEAB_N1,,,
IT1:22_293_DF_DCIS_INDDEMOG1_1(1.0),A,IT,NMIGRATEAB,2025,5,p,,,TIPO_DATO15__NMIGRATEAB_N1,,,
IT1:22_293_DF_DCIS_INDDEMOG1_1(1.0),A,IT108,NMIGRATEAB,2015,-0.3,,,,TIPO_DATO15__NMIGRATEAB_N1,,,
IT1:22_293_DF_DCIS_INDDEMOG1_1(1.0),A,IT108,NMIGRATEAB,2016,0.4,,,,TIPO_DATO15__NMIGRATEAB_N1,,,
IT1:22_293_DF_DCIS_INDDEMOG1_1(1.0),A,IT108,NMIGRATEAB,2017,0.8,,,,TIPO_DATO15__NMIGRATEAB_N1,,,
IT1:22_293_DF_DCIS_INDDEMOG1_1(1.0),A,IT108,NMIGRATEAB,2018,0.6,,,,TIPO_DATO15__NMIGRATEAB_N1,,,
IT1:22_293_DF_DCIS_INDDEMOG1_1(1.0),A,IT108,NMIGRATEAB,2019,2.6,,,,TIPO_DATO15__NMIGRATEAB_N1,,,
IT1:22_293_DF_DCIS_INDDEMOG1_1(1.0),A,IT108,NMIGRATEAB,2020,0.9,,,,TIPO_DATO15__NMIGRATEAB_N1,,,
IT1:22_293_DF_DCIS_INDDEMOG1_1(1.0),A,IT108,NMIGRATEAB,2021,1.5,,,,TIPO_DATO15__NMIGRATEAB_N1,,,
IT1:22_293_DF_DCIS_INDDEMOG1_1(1.0),A,IT108,NMIGRATEAB,2022,3.3,,,,TIPO_DATO15__NMIGRATEAB_N1,,,
IT1:22_293_DF_DCIS_INDDEMOG1_1(1.0),A,IT108,NMIGRATEAB,2023,3.8,,,,TIPO_DATO15__NMIGRATEAB_N1,,,
IT1:22_293_DF_DCIS_INDDEMOG1_1(1.0),A,IT108,NMIGRATEAB,2024,3.2,,,,TIPO_DATO15__NMIGRATEAB_N1,,,
IT1:22_293_DF_DCIS_INDDEMOG1_1(1.0),A,IT108,NMIGRATEAB,2025,4.9,p,,,TIPO_DATO15__NMIGRATEAB_N1,,,
IT1:22_293_DF_DCIS_INDDEMOG1_1(1.0),A,IT109,NMIGRATEAB,2015,-0.4,,,,TIPO_DATO15__NMIGRATEAB_N1,,,
IT1:22_293_DF_DCIS_INDDEMOG1_1(1.0),A,IT109,NMIGRATEAB,2016,0.2,,,,TIPO_DATO15__NMIGRATEAB_N1,,,
IT1:22_293_DF_DCIS_INDDEMOG1_1(1.0),A,IT109,NMIGRATEAB,2017,3.2,,,,TIPO_DATO15__NMIGRATEAB_N1,,,
IT1:22_293_DF_DCIS_INDDEMOG1_1(1.0),A,IT109,NMIGRATEAB,2018,0.7,,,,TIPO_DATO15__NMIGRATEAB_N1,,,
IT1:22_293_DF_DCIS_INDDEMOG1_1(1.0),A,IT109,NMIGRATEAB,2019,1.6,,,,TIPO_DATO15__NMIGRATEAB_N1,,,
IT1:22_293_DF_DCIS_INDDEMOG1_1(1.0),A,IT109,NMIGRATEAB,2020,1.4,,,,TIPO_DATO15__NMIGRATEAB_N1,,,
IT1:22_293_DF_DCIS_INDDEMOG1_1(1.0),A,IT109,NMIGRATEAB,2021,2.8,,,,TIPO_DATO15__NMIGRATEAB_N1,,,
IT1:22_293_DF_DCIS_INDDEMOG1_1(1.0),A,IT109,NMIGRATEAB,2022,4.6,,,,TIPO_DATO15__NMIGRATEAB_N1,,,
IT1:22_293_DF_DCIS_INDDEMOG1_1(1.0),A,IT109,NMIGRATEAB,2023,5.4,,,,TIPO_DATO15__NMIGRATEAB_N1,,,
IT1:22_293_DF_DCIS_INDDEMOG1_1(1.0),A,IT109,NMIGRATEAB,2024,5.6,,,,TIPO_DATO15__NMIGRATEAB_N1,,,
IT1:22_293_DF_DCIS_INDDEMOG1_1(1.0),A,IT109,NMIGRATEAB,2025,5.7,p,,,TIPO_DATO15__NMIGRATEAB_N1,,,
IT1:22_293_DF_DCIS_INDDEMOG1_1(1.0),A,IT110,NMIGRATEAB,2015,-0.2,,,,TIPO_DATO15__NMIGRATEAB_N1,,,
IT1:22_293_DF_DCIS_INDDEMOG1_1(1.0),A,IT110,NMIGRATEAB,2016,-0.7,,,,TIPO_DATO15__NMIGRATEAB_N1,,,
IT1:22_293_DF_DCIS_INDDEMOG1_1(1.0),A,IT110,NMIGRATEAB,2017,-0.6,,,,TIPO_DATO15__NMIGRATEAB_N1,,,
IT1:22_293_DF_DCIS_INDDEMOG1_1(1.0),A,IT110,NMIGRATEAB,2018,0.1,,,,TIPO_DATO15__NMIGRATEAB_N1,,,
IT1:22_293_DF_DCIS_INDDEMOG1_1(1.0),A,IT110,NMIGRATEAB,2019,-0.1,,,,TIPO_DATO15__NMIGRATEAB_N1,,,
IT1:22_293_DF_DCIS_INDDEMOG1_1(1.0),A,IT110,NMIGRATEAB,2020,0.3,,,,TIPO_DATO15__NMIGRATEAB_N1,,,
IT1:22_293_DF_DCIS_INDDEMOG1_1(1.0),A,IT110,NMIGRATEAB,2021,1,,,,TIPO_DATO15__NMIGRATEAB_N1,,,
IT1:22_293_DF_DCIS_INDDEMOG1_1(1.0),A,IT110,NMIGRATEAB,2022,1.3,,,,TIPO_DATO15__NMIGRATEAB_N1,,,
IT1:22_293_DF_DCIS_INDDEMOG1_1(1.0),A,IT110,NMIGRATEAB,2023,1.5,,,,TIPO_DATO15__NMIGRATEAB_N1,,,
IT1:22_293_DF_DCIS_INDDEMOG1_1(1.0),A,IT110,NMIGRATEAB,2024,1.2,,,,TIPO_DATO15__NMIGRATEAB_N1,,,
IT1:22_293_DF_DCIS_INDDEMOG1_1(1.0),A,IT110,NMIGRATEAB,2025,1.6,p,,,TIPO_DATO15__NMIGRATEAB_N1,,,
IT1:22_293_DF_DCIS_INDDEMOG1_1(1.0),A,IT111,NMIGRATEAB,2015,-0.9,,,,TIPO_DATO15__NMIGRATEAB_N1,,,
IT1:22_293_DF_DCIS_INDDEMOG1_1(1.0),A,IT111,NMIGRATEAB,2016,-0.3,,,,TIPO_DATO15__NMIGRATEAB_N1,,,
IT1:22_293_DF_DCIS_INDDEMOG1_1(1.0),A,IT111,NMIGRATEAB,2017,1.1,,,,TIPO_DATO15__NMIGRATEAB_N1,,,
IT1:22_293_DF_DCIS_INDDEMOG1_1(1.0),A,IT111,NMIGRATEAB,2018,-1,,,,TIPO_DATO15__NMIGRATEAB_N1,,,
IT1:22_293_DF_DCIS_INDDEMOG1_1(1.0),A,IT111,NMIGRATEAB,2019,-0.7,,,,TIPO_DATO15__NMIGRATEAB_N1,,,
IT1:22_293_DF_DCIS_INDDEMOG1_1(1.0),A,IT111,NMIGRATEAB,2020,-0.3,,,,TIPO_DATO15__NMIGRATEAB_N1,,,
IT1:22_293_DF_DCIS_INDDEMOG1_1(1.0),A,IT111,NMIGRATEAB,2021,0.4,,,,TIPO_DATO15__NMIGRATEAB_N1,,,
IT1:22_293_DF_DCIS_INDDEMOG1_1(1.0),A,IT111,NMIGRATEAB,2022,1.5,,,,TIPO_DATO15__NMIGRATEAB_N1,,,
IT1:22_293_DF_DCIS_INDDEMOG1_1(1.0),A,IT111,NMIGRATEAB,2023,2.2,,,,TIPO_DATO15__NMIGRATEAB_N1,,,
IT1:22_293_DF_DCIS_INDDEMOG1_1(1.0),A,IT111,NMIGRATEAB,2024,1.3,,,,TIPO_DATO15__NMIGRATEAB_N1,,,
IT1:22_293_DF_DCIS_INDDEMOG1_1(1.0),A,IT111,NMIGRATEAB,2025,2.4,p,,,TIPO_DATO15__NMIGRATEAB_N1,,,
IT1:22_293_DF_DCIS_INDDEMOG1_1(1.0),A,ITC,NMIGRATEAB,2015,0.1,,,,TIPO_DATO15__NMIGRATEAB_N1,,,
IT1:22_293_DF_DCIS_INDDEMOG1_1(1.0),A,ITC,NMIGRATEAB,2016,0.7,,,,TIPO_DATO15__NMIGRATEAB_N1,,,
IT1:22_293_DF_DCIS_INDDEMOG1_1(1.0),A,ITC,NMIGRATEAB,2017,1.1,,,,TIPO_DATO15__NMIGRATEAB_N1,,,
IT1:22_293_DF_DCIS_INDDEMOG1_1(1.0),A,ITC,NMIGRATEAB,2018,1.4,,,,TIPO_DATO15__NMIGRATEAB_N1,,,
IT1:22_293_DF_DCIS_INDDEMOG1_1(1.0),A,ITC,NMIGRATEAB,2019,3.5,,,,TIPO_DATO15__NMIGRATEAB_N1,,,
IT1:22_293_DF_DCIS_INDDEMOG1_1(1.0),A,ITC,NMIGRATEAB,2020,1.8,,,,TIPO_DATO15__NMIGRATEAB_N1,,,
IT1:22_293_DF_DCIS_INDDEMOG1_1(1.0),A,ITC,NMIGRATEAB,2021,3,,,,TIPO_DATO15__NMIGRATEAB_N1,,,
IT1:22_293_DF_DCIS_INDDEMOG1_1(1.0),A,ITC,NMIGRATEAB,2022,5.4,,,,TIPO_DATO15__NMIGRATEAB_N1,,,
IT1:22_293_DF_DCIS_INDDEMOG1_1(1.0),A,ITC,NMIGRATEAB,2023,6.1,,,,TIPO_DATO15__NMIGRATEAB_N1,,,
IT1:22_293_DF_DCIS_INDDEMOG1_1(1.0),A,ITC,NMIGRATEAB,2024,5.4,,,,TIPO_DATO15__NMIGRATEAB_N1,,,
IT1:22_293_DF_DCIS_INDDEMOG1_1(1.0),A,ITC,NMIGRATEAB,2025,6.3,p,,,TIPO_DATO15__NMIGRATEAB_N1,,,
IT1:22_293_DF_DCIS_INDDEMOG1_1(1.0),A,ITC1,NMIGRATEAB,2015,0.1,,,,TIPO_DATO15__NMIGRATEAB_N1,,,
IT1:22_293_DF_DCIS_INDDEMOG1_1(1.0),A,ITC1,NMIGRATEAB,2016,1.1,,,,TIPO_DATO15__NMIGRATEAB_N1,,,
IT1:22_293_DF_DCIS_INDDEMOG1_1(1.0),A,ITC1,NMIGRATEAB,2017,0.1,,,,TIPO_DATO15__NMIGRATEAB_N1,,,
IT1:22_293_DF_DCIS_INDDEMOG1_1(1.0),A,ITC1,NMIGRATEAB,2018,0.5,,,,TIPO_DATO15__NMIGRATEAB_N1,,,
IT1:22_293_DF_DCIS_INDDEMOG1_1(1.0),A,ITC1,NMIGRATEAB,2019,3.1,,,,TIPO_DATO15__NMIGRATEAB_N1,,,
IT1:22_293_DF_DCIS_INDDEMOG1_1(1.0),A,ITC1,NMIGRATEAB,2020,1.6,,,,TIPO_DATO15__NMIGRATEAB_N1,,,
IT1:22_293_DF_DCIS_INDDEMOG1_1(1.0),A,ITC1,NMIGRATEAB,2021,2.8,,,,TIPO_DATO15__NMIGRATEAB_N1,,,
IT1:22_293_DF_DCIS_INDDEMOG1_1(1.0),A,ITC1,NMIGRATEAB,2022,5,,,,TIPO_DATO15__NMIGRATEAB_N1,,,
IT1:22_293_DF_DCIS_INDDEMOG1_1(1.0),A,ITC1,NMIGRATEAB,2023,5.4,,,,TIPO_DATO15__NMIGRATEAB_N1,,,
IT1:22_293_DF_DCIS_INDDEMOG1_1(1.0),A,ITC1,NMIGRATEAB,2024,5,,,,TIPO_DATO15__NMIGRATEAB_N1,,,
IT1:22_293_DF_DCIS_INDDEMOG1_1(1.0),A,ITC1,NMIGRATEAB,2025,5.9,p,,,TIPO_DATO15__NMIGRATEAB_N1,,,
IT1:22_293_DF_DCIS_INDDEMOG1_1(1.0),A,ITC11,NMIGRATEAB,2015,0.3,,,,TIPO_DATO15__NMIGRATEAB_N1,,,
IT1:22_293_DF_DCIS_INDDEMOG1_1(1.0),A,ITC11,NMIGRATEAB,2016,1,,,,TIPO_DATO15__NMIGRATEAB_N1,,,
IT1:22_293_DF_DCIS_INDDEMOG1_1(1.0),A,ITC11,NMIGRATEAB,2017,-1.2,,,,TIPO_DATO15__NMIGRATEAB_N1,,,
IT1:22_293_DF_DCIS_INDDEMOG1_1(1.0),A,ITC11,NMIGRATEAB,2018,0.4,,,,TIPO_DATO15__NMIGRATEAB_N1,,,
IT1:22_293_DF_DCIS_INDDEMOG1_1(1.0),A,ITC11,NMIGRATEAB,2019,3.4,,,,TIPO_DATO15__NMIGRATEAB_N1,,,
IT1:22_293_DF_DCIS_INDDEMOG1_1(1.0),A,ITC11,NMIGRATEAB,2020,1.5,,,,TIPO_DATO15__NMIGRATEAB_N1,,,
IT1:22_293_DF_DCIS_INDDEMOG1_1(1.0),A,ITC11,NMIGRATEAB,2021,2.2,,,,TIPO_DATO15__NMIGRATEAB_N1,,,
IT1:22_293_DF_DCIS_INDDEMOG1_1(1.0),A,ITC11,NMIGRATEAB,2022,4.5,,,,TIPO_DATO15__NMIGRATEAB_N1,,,
IT1:22_293_DF_DCIS_INDDEMOG1_1(1.0),A,ITC11,NMIGRATEAB,2023,4.6,,,,TIPO_DATO15__NMIGRATEAB_N1,,,
IT1:22_293_DF_DCIS_INDDEMOG1_1(1.0),A,ITC11,NMIGRATEAB,2024,4.2,,,,TIPO_DATO15__NMIGRATEAB_N1,,,
IT1:22_293_DF_DCIS_INDDEMOG1_1(1.0),A,ITC11,NMIGRATEAB,2025,5.2,p,,,TIPO_DATO15__NMIGRATEAB_N1,,,
IT1:22_293_DF_DCIS_INDDEMOG1_1(1.0),A,ITC12,NMIGRATEAB,2015,0.5,,,,TIPO_DATO15__NMIGRATEAB_N1,,,
IT1:22_293_DF_DCIS_INDDEMOG1_1(1.0),A,ITC12,NMIGRATEAB,2016,2.5,,,,TIPO_DATO15__NMIGRATEAB_N1,,,
IT1:22_293_DF_DCIS_INDDEMOG1_1(1.0),A,ITC12,NMIGRATEAB,2017,1.5,,,,TIPO_DATO15__NMIGRATEAB_N1,,,
IT1:22_293_DF_DCIS_INDDEMOG1_1(1.0),A,ITC12,NMIGRATEAB,2018,0.8,,,,TIPO_DATO15__NMIGRATEAB_N1,,,
IT1:22_293_DF_DCIS_INDDEMOG1_1(1.0),A,ITC12,NMIGRATEAB,2019,3.1,,,,TIPO_DATO15__NMIGRATEAB_N1,,,
IT1:22_293_DF_DCIS_INDDEMOG1_1(1.0),A,ITC12,NMIGRATEAB,2020,1.5,,,,TIPO_DATO15__NMIGRATEAB_N1,,,
IT1:22_293_DF_DCIS_INDDEMOG1_1(1.0),A,ITC12,NMIGRATEAB,2021,4.2,,,,TIPO_DATO15__NMIGRATEAB_N1,,,
IT1:22_293_DF_DCIS_INDDEMOG1_1(1.0),A,ITC12,NMIGRATEAB,2022,5.8,,,,TIPO_DATO15__NMIGRATEAB_N1,,,
IT1:22_293_DF_DCIS_INDDEMOG1_1(1.0),A,ITC12,NMIGRATEAB,2023,6.5,,,,TIPO_DATO15__NMIGRATEAB_N1,,,
IT1:22_293_DF_DCIS_INDDEMOG1_1(1.0),A,ITC12,NMIGRATEAB,2024,7,,,,TIPO_DATO15__NMIGRATEAB_N1,,,
IT1:22_293_DF_DCIS_INDDEMOG1_1(1.0),A,ITC12,NMIGRATEAB,2025,8,p,,,TIPO_DATO15__NMIGRATEAB_N1,,,
IT1:22_293_DF_DCIS_INDDEMOG1_1(1.0),A,ITC13,NMIGRATEAB,2015,-0.6,,,,TIPO_DATO15__NMIGRATEAB_N1,,,
IT1:22_293_DF_DCIS_INDDEMOG1_1(1.0),A,ITC13,NMIGRATEAB,2016,1,,,,TIPO_DATO15__NMIGRATEAB_N1,,,
IT1:22_293_DF_DCIS_INDDEMOG1_1(1.0),A,ITC13,NMIGRATEAB,2017,0.8,,,,TIPO_DATO15__NMIGRATEAB_N1,,,
IT1:22_293_DF_DCIS_INDDEMOG1_1(1.0),A,ITC13,NMIGRATEAB,2018,-0.2,,,,TIPO_DATO15__NMIGRATEAB_N1,,,
IT1:22_293_DF_DCIS_INDDEMOG1_1(1.0),A,ITC13,NMIGRATEAB,2019,2.8,,,,TIPO_DATO15__NMIGRATEAB_N1,,,
IT1:22_293_DF_DCIS_INDDEMOG1_1(1.0),A,ITC13,NMIGRATEAB,2020,0.5,,,,TIPO_DATO15__NMIGRATEAB_N1,,,
IT1:22_293_DF_DCIS_INDDEMOG1_1(1.0),A,ITC13,NMIGRATEAB,2021,2.5,,,,TIPO_DATO15__NMIGRATEAB_N1,,,
IT1:22_293_DF_DCIS_INDDEMOG1_1(1.0),A,ITC13,NMIGRATEAB,2022,3.6,,,,TIPO_DATO15__NMIGRATEAB_N1,,,
IT1:22_293_DF_DCIS_INDDEMOG1_1(1.0),A,ITC13,NMIGRATEAB,2023,5.1,,,,TIPO_DATO15__NMIGRATEAB_N1,,,
IT1:22_293_DF_DCIS_INDDEMOG1_1(1.0),A,ITC13,NMIGRATEAB,2024,5.6,,,,TIPO_DATO15__NMIGRATEAB_N1,,,
IT1:22_293_DF_DCIS_INDDEMOG1_1(1.0),A,ITC13,NMIGRATEAB,2025,5.8,p,,,TIPO_DATO15__NMIGRATEAB_N1,,,
IT1:22_293_DF_DCIS_INDDEMOG1_1(1.0),A,ITC14,NMIGRATEAB,2015,0.4,,,,TIPO_DATO15__NMIGRATEAB_N1,,,
IT1:22_293_DF_DCIS_INDDEMOG1_1(1.0),A,ITC14,NMIGRATEAB,2016,0.9,,,,TIPO_DATO15__NMIGRATEAB_N1,,,
IT1:22_293_DF_DCIS_INDDEMOG1_1(1.0),A,ITC14,NMIGRATEAB,2017,2.1,,,,TIPO_DATO15__NMIGRATEAB_N1,,,
IT1:22_293_DF_DCIS_INDDEMOG1_1(1.0),A,ITC14,NMIGRATEAB,2018,0.5,,,,TIPO_DATO15__NMIGRATEAB_N1,,,
IT1:22_293_DF_DCIS_INDDEMOG1_1(1.0),A,ITC14,NMIGRATEAB,2019,1.4,,,,TIPO_DATO15__NMIGRATEAB_N1,,,
IT1:22_293_DF_DCIS_INDDEMOG1_1(1.0),A,ITC14,NMIGRATEAB,2020,1.5,,,,TIPO_DATO15__NMIGRATEAB_N1,,,
IT1:22_293_DF_DCIS_INDDEMOG1_1(1.0),A,ITC14,NMIGRATEAB,2021,3.1,,,,TIPO_DATO15__NMIGRATEAB_N1,,,
IT1:22_293_DF_DCIS_INDDEMOG1_1(1.0),A,ITC14,NMIGRATEAB,2022,4.5,,,,TIPO_DATO15__NMIGRATEAB_N1,,,
IT1:22_293_DF_DCIS_INDDEMOG1_1(1.0),A,ITC14,NMIGRATEAB,2023,4.7,,,,TIPO_DATO15__NMIGRATEAB_N1,,,
IT1:22_293_DF_DCIS_INDDEMOG1_1(1.0),A,ITC14,NMIGRATEAB,2024,3.3,,,,TIPO_DATO15__NMIGRATEAB_N1,,,
IT1:22_293_DF_DCIS_INDDEMOG1_1(1.0),A,ITC14,NMIGRATEAB,2025,4.3,p,,,TIPO_DATO15__NMIGRATEAB_N1,,,
IT1:22_293_DF_DCIS_INDDEMOG1_1(1.0),A,ITC15,NMIGRATEAB,2015,0.5,,,,TIPO_DATO15__NMIGRATEAB_N1,,,
IT1:22_293_DF_DCIS_INDDEMOG1_1(1.0),A,ITC15,NMIGRATEAB,2016,0.7,,,,TIPO_DATO15__NMIGRATEAB_N1,,,
IT1:22_293_DF_DCIS_INDDEMOG1_1(1.0),A,ITC15,NMIGRATEAB,2017,1.5,,,,TIPO_DATO15__NMIGRATEAB_N1,,,
IT1:22_293_DF_DCIS_INDDEMOG1_1(1.0),A,ITC15,NMIGRATEAB,2018,1.1,,,,TIPO_DATO15__NMIGRATEAB_N1,,,
IT1:22_293_DF_DCIS_INDDEMOG1_1(1.0),A,ITC15,NMIGRATEAB,2019,2.9,,,,TIPO_DATO15__NMIGRATEAB_N1,,,
IT1:22_293_DF_DCIS_INDDEMOG1_1(1.0),A,ITC15,NMIGRATEAB,2020,1.7,,,,TIPO_DATO15__NMIGRATEAB_N1,,,
IT1:22_293_DF_DCIS_INDDEMOG1_1(1.0),A,ITC15,NMIGRATEAB,2021,3.6,,,,TIPO_DATO15__NMIGRATEAB_N1,,,
IT1:22_293_DF_DCIS_INDDEMOG1_1(1.0),A,ITC15,NMIGRATEAB,2022,5.1,,,,TIPO_DATO15__NMIGRATEAB_N1,,,
IT1:22_293_DF_DCIS_INDDEMOG1_1(1.0),A,ITC15,NMIGRATEAB,2023,6.3,,,,TIPO_DATO15__NMIGRATEAB_N1,,,
IT1:22_293_DF_DCIS_INDDEMOG1_1(1.0),A,ITC15,NMIGRATEAB,2024,6.1,,,,TIPO_DATO15__NMIGRATEAB_N1,,,
IT1:22_293_DF_DCIS_INDDEMOG1_1(1.0),A,ITC15,NMIGRATEAB,2025,7.8,p,,,TIPO_DATO15__NMIGRATEAB_N1,,,
IT1:22_293_DF_DCIS_INDDEMOG1_1(1.0),A,ITC16,NMIGRATEAB,2015,-0.4,,,,TIPO_DATO15__NMIGRATEAB_N1,,,
IT1:22_293_DF_DCIS_INDDEMOG1_1(1.0),A,ITC16,NMIGRATEAB,2016,0.4,,,,TIPO_DATO15__NMIGRATEAB_N1,,,
IT1:22_293_DF_DCIS_INDDEMOG1_1(1.0),A,ITC16,NMIGRATEAB,2017,1.4,,,,TIPO_DATO15__NMIGRATEAB_N1,,,
IT1:22_293_DF_DCIS_INDDEMOG1_1(1.0),A,ITC16,NMIGRATEAB,2018,0.5,,,,TIPO_DATO15__NMIGRATEAB_N1,,,
IT1:22_293_DF_DCIS_INDDEMOG1_1(1.0),A,ITC16,NMIGRATEAB,2019,2.8,,,,TIPO_DATO15__NMIGRATEAB_N1,,,
IT1:22_293_DF_DCIS_INDDEMOG1_1(1.0),A,ITC16,NMIGRATEAB,2020,1.9,,,,TIPO_DATO15__NMIGRATEAB_N1,,,
IT1:22_293_DF_DCIS_INDDEMOG1_1(1.0),A,ITC16,NMIGRATEAB,2021,3.7,,,,TIPO_DATO15__NMIGRATEAB_N1,,,
IT1:22_293_DF_DCIS_INDDEMOG1_1(1.0),A,ITC16,NMIGRATEAB,2022,5.4,,,,TIPO_DATO15__NMIGRATEAB_N1,,,
IT1:22_293_DF_DCIS_INDDEMOG1_1(1.0),A,ITC16,NMIGRATEAB,2023,6.3,,,,TIPO_DATO15__NMIGRATEAB_N1,,,
IT1:22_293_DF_DCIS_INDDEMOG1_1(1.0),A,ITC16,NMIGRATEAB,2024,4.8,,,,TIPO_DATO15__NMIGRATEAB_N1,,,
IT1:22_293_DF_DCIS_INDDEMOG1_1(1.0),A,ITC16,NMIGRATEAB,2025,5.6,p,,,TIPO_DATO15__NMIGRATEAB_N1,,,
IT1:22_293_DF_DCIS_INDDEMOG1_1(1.0),A,ITC17,NMIGRATEAB,2015,-1.6,,,,TIPO_DATO15__NMIGRATEAB_N1,,,
IT1:22_293_DF_DCIS_INDDEMOG1_1(1.0),A,ITC17,NMIGRATEAB,2016,1.2,,,,TIPO_DATO15__NMIGRATEAB_N1,,,
IT1:22_293_DF_DCIS_INDDEMOG1_1(1.0),A,ITC17,NMIGRATEAB,2017,1.5,,,,TIPO_DATO15__NMIGRATEAB_N1,,,
IT1:22_293_DF_DCIS_INDDEMOG1_1(1.0),A,ITC17,NMIGRATEAB,2018,0.9,,,,TIPO_DATO15__NMIGRATEAB_N1,,,
IT1:22_293_DF_DCIS_INDDEMOG1_1(1.0),A,ITC17,NMIGRATEAB,2019,2.1,,,,TIPO_DATO15__NMIGRATEAB_N1,,,
IT1:22_293_DF_DCIS_INDDEMOG1_1(1.0),A,ITC17,NMIGRATEAB,2020,1.1,,,,TIPO_DATO15__NMIGRATEAB_N1,,,
IT1:22_293_DF_DCIS_INDDEMOG1_1(1.0),A,ITC17,NMIGRATEAB,2021,3.8,,,,TIPO_DATO15__NMIGRATEAB_N1,,,
IT1:22_293_DF_DCIS_INDDEMOG1_1(1.0),A,ITC17,NMIGRATEAB,2022,6.6,,,,TIPO_DATO15__NMIGRATEAB_N1,,,
IT1:22_293_DF_DCIS_INDDEMOG1_1(1.0),A,ITC17,NMIGRATEAB,2023,5.9,,,,TIPO_DATO15__NMIGRATEAB_N1,,,
IT1:22_293_DF_DCIS_INDDEMOG1_1(1.0),A,ITC17,NMIGRATEAB,2024,6.1,,,,TIPO_DATO15__NMIGRATEAB_N1,,,
IT1:22_293_DF_DCIS_INDDEMOG1_1(1.0),A,ITC17,NMIGRATEAB,2025,5.7,p,,,TIPO_DATO15__NMIGRATEAB_N1,,,
IT1:22_293_DF_DCIS_INDDEMOG1_1(1.0),A,ITC18,NMIGRATEAB,2015,-0.1,,,,TIPO_DATO15__NMIGRATEAB_N1,,,
IT1:22_293_DF_DCIS_INDDEMOG1_1(1.0),A,ITC18,NMIGRATEAB,2016,2,,,,TIPO_DATO15__NMIGRATEAB_N1,,,
IT1:22_293_DF_DCIS_INDDEMOG1_1(1.0),A,ITC18,NMIGRATEAB,2017,2.2,,,,TIPO_DATO15__NMIGRATEAB_N1,,,
IT1:22_293_DF_DCIS_INDDEMOG1_1(1.0),A,ITC18,NMIGRATEAB,2018,0.8,,,,TIPO_DATO15__NMIGRATEAB_N1,,,
IT1:22_293_DF_DCIS_INDDEMOG1_1(1.0),A,ITC18,NMIGRATEAB,2019,3.5,,,,TIPO_DATO15__NMIGRATEAB_N1,,,
IT1:22_293_DF_DCIS_INDDEMOG1_1(1.0),A,ITC18,NMIGRATEAB,2020,1.8,,,,TIPO_DATO15__NMIGRATEAB_N1,,,
IT1:22_293_DF_DCIS_INDDEMOG1_1(1.0),A,ITC18,NMIGRATEAB,2021,3.4,,,,TIPO_DATO15__NMIGRATEAB_N1,,,
IT1:22_293_DF_DCIS_INDDEMOG1_1(1.0),A,ITC18,NMIGRATEAB,2022,6.4,,,,TIPO_DATO15__NMIGRATEAB_N1,,,
IT1:22_293_DF_DCIS_INDDEMOG1_1(1.0),A,ITC18,NMIGRATEAB,2023,7.6,,,,TIPO_DATO15__NMIGRATEAB_N1,,,
IT1:22_293_DF_DCIS_INDDEMOG1_1(1.0),A,ITC18,NMIGRATEAB,2024,7.3,,,,TIPO_DATO15__NMIGRATEAB_N1,,,
IT1:22_293_DF_DCIS_INDDEMOG1_1(1.0),A,ITC18,NMIGRATEAB,2025,8.1,p,,,TIPO_DATO15__NMIGRATEAB_N1,,,
IT1:22_293_DF_DCIS_INDDEMOG1_1(1.0),A,ITC2,NMIGRATEAB,2015,-3,,,,TIPO_DATO15__NMIGRATEAB_N1,,,
IT1:22_293_DF_DCIS_INDDEMOG1_1(1.0),A,ITC2,NMIGRATEAB,2016,-0.2,,,,TIPO_DATO15__NMIGRATEAB_N1,,,
IT1:22_293_DF_DCIS_INDDEMOG1_1(1.0),A,ITC2,NMIGRATEAB,2017,-0.3,,,,TIPO_DATO15__NMIGRATEAB_N1,,,
IT1:22_293_DF_DCIS_INDDEMOG1_1(1.0),A,ITC2,NMIGRATEAB,2018,-0.8,,,,TIPO_DATO15__NMIGRATEAB_N1,,,
IT1:22_293_DF_DCIS_INDDEMOG1_1(1.0),A,ITC2,NMIGRATEAB,2019,1.9,,,,TIPO_DATO15__NMIGRATEAB_N1,,,
IT1:22_293_DF_DCIS_INDDEMOG1_1(1.0),A,ITC2,NMIGRATEAB,2020,-0.1,,,,TIPO_DATO15__NMIGRATEAB_N1,,,
IT1:22_293_DF_DCIS_INDDEMOG1_1(1.0),A,ITC2,NMIGRATEAB,2021,1.1,,,,TIPO_DATO15__NMIGRATEAB_N1,,,
IT1:22_293_DF_DCIS_INDDEMOG1_1(1.0),A,ITC2,NMIGRATEAB,2022,3.9,,,,TIPO_DATO15__NMIGRATEAB_N1,,,
IT1:22_293_DF_DCIS_INDDEMOG1_1(1.0),A,ITC2,NMIGRATEAB,2023,4.1,,,,TIPO_DATO15__NMIGRATEAB_N1,,,
IT1:22_293_DF_DCIS_INDDEMOG1_1(1.0),A,ITC2,NMIGRATEAB,2024,3,,,,TIPO_DATO15__NMIGRATEAB_N1,,,
IT1:22_293_DF_DCIS_INDDEMOG1_1(1.0),A,ITC2,NMIGRATEAB,2025,3.3,p,,,TIPO_DATO15__NMIGRATEAB_N1,,,
IT1:22_293_DF_DCIS_INDDEMOG1_1(1.0),A,ITC20,NMIGRATEAB,2015,-3,,,,TIPO_DATO15__NMIGRATEAB_N1,,,
IT1:22_293_DF_DCIS_INDDEMOG1_1(1.0),A,ITC20,NMIGRATEAB,2016,-0.2,,,,TIPO_DATO15__NMIGRATEAB_N1,,,
IT1:22_293_DF_DCIS_INDDEMOG1_1(1.0),A,ITC20,NMIGRATEAB,2017,-0.3,,,,TIPO_DATO15__NMIGRATEAB_N1,,,
IT1:22_293_DF_DCIS_INDDEMOG1_1(1.0),A,ITC20,NMIGRATEAB,2018,-0.8,,,,TIPO_DATO15__NMIGRATEAB_N1,,,
IT1:22_293_DF_DCIS_INDDEMOG1_1(1.0),A,ITC20,NMIGRATEAB,2019,1.9,,,,TIPO_DATO15__NMIGRATEAB_N1,,,
IT1:22_293_DF_DCIS_INDDEMOG1_1(1.0),A,ITC20,NMIGRATEAB,2020,-0.1,,,,TIPO_DATO15__NMIGRATEAB_N1,,,
IT1:22_293_DF_DCIS_INDDEMOG1_1(1.0),A,ITC20,NMIGRATEAB,2021,1.1,,,,TIPO_DATO15__NMIGRATEAB_N1,,,
IT1:22_293_DF_DCIS_INDDEMOG1_1(1.0),A,ITC20,NMIGRATEAB,2022,3.9,,,,TIPO_DATO15__NMIGRATEAB_N1,,,
IT1:22_293_DF_DCIS_INDDEMOG1_1(1.0),A,ITC20,NMIGRATEAB,2023,4.1,,,,TIPO_DATO15__NMIGRATEAB_N1,,,
IT1:22_293_DF_DCIS_INDDEMOG1_1(1.0),A,ITC20,NMIGRATEAB,2024,3,,,,TIPO_DATO15__NMIGRATEAB_N1,,,
IT1:22_293_DF_DCIS_INDDEMOG1_1(1.0),A,ITC20,NMIGRATEAB,2025,3.3,p,,,TIPO_DATO15__NMIGRATEAB_N1,,,
IT1:22_293_DF_DCIS_INDDEMOG1_1(1.0),A,ITC3,NMIGRATEAB,2015,0,,,,TIPO_DATO15__NMIGRATEAB_N1,,,
IT1:22_293_DF_DCIS_INDDEMOG1_1(1.0),A,ITC3,NMIGRATEAB,2016,2,,,,TIPO_DATO15__NMIGRATEAB_N1,,,
IT1:22_293_DF_DCIS_INDDEMOG1_1(1.0),A,ITC3,NMIGRATEAB,2017,0.9,,,,TIPO_DATO15__NMIGRATEAB_N1,,,
IT1:22_293_DF_DCIS_INDDEMOG1_1(1.0),A,ITC3,NMIGRATEAB,2018,1.7,,,,TIPO_DATO15__NMIGRATEAB_N1,,,
IT1:22_293_DF_DCIS_INDDEMOG1_1(1.0),A,ITC3,NMIGRATEAB,2019,4.2,,,,TIPO_DATO15__NMIGRATEAB_N1,,,
IT1:22_293_DF_DCIS_INDDEMOG1_1(1.0),A,ITC3,NMIGRATEAB,2020,2.4,,,,TIPO_DATO15__NMIGRATEAB_N1,,,
IT1:22_293_DF_DCIS_INDDEMOG1_1(1.0),A,ITC3,NMIGRATEAB,2021,4.3,,,,TIPO_DATO15__NMIGRATEAB_N1,,,
IT1:22_293_DF_DCIS_INDDEMOG1_1(1.0),A,ITC3,NMIGRATEAB,2022,7.6,,,,TIPO_DATO15__NMIGRATEAB_N1,,,
IT1:22_293_DF_DCIS_INDDEMOG1_1(1.0),A,ITC3,NMIGRATEAB,2023,7.5,,,,TIPO_DATO15__NMIGRATEAB_N1,,,
IT1:22_293_DF_DCIS_INDDEMOG1_1(1.0),A,ITC3,NMIGRATEAB,2024,7.5,,,,TIPO_DATO15__NMIGRATEAB_N1,,,
IT1:22_293_DF_DCIS_INDDEMOG1_1(1.0),A,ITC3,NMIGRATEAB,2025,8,p,,,TIPO_DATO15__NMIGRATEAB_N1,,,
IT1:22_293_DF_DCIS_INDDEMOG1_1(1.0),A,ITC31,NMIGRATEAB,2015,-1.4,,,,TIPO_DATO15__NMIGRATEAB_N1,,,
IT1:22_293_DF_DCIS_INDDEMOG1_1(1.0),A,ITC31,NMIGRATEAB,2016,2.5,,,,TIPO_DATO15__NMIGRATEAB_N1,,,
IT1:22_293_DF_DCIS_INDDEMOG1_1(1.0),A,ITC31,NMIGRATEAB,2017,1.4,,,,TIPO_DATO15__NMIGRATEAB_N1,,,
IT1:22_293_DF_DCIS_INDDEMOG1_1(1.0),A,ITC31,NMIGRATEAB,2018,1.9,,,,TIPO_DATO15__NMIGRATEAB_N1,,,
IT1:22_293_DF_DCIS_INDDEMOG1_1(1.0),A,ITC31,NMIGRATEAB,2019,4.5,,,,TIPO_DATO15__NMIGRATEAB_N1,,,
IT1:22_293_DF_DCIS_INDDEMOG1_1(1.0),A,ITC31,NMIGRATEAB,2020,4.6,,,,TIPO_DATO15__NMIGRATEAB_N1,,,
IT1:22_293_DF_DCIS_INDDEMOG1_1(1.0),A,ITC31,NMIGRATEAB,2021,7.2,,,,TIPO_DATO15__NMIGRATEAB_N1,,,
IT1:22_293_DF_DCIS_INDDEMOG1_1(1.0),A,ITC31,NMIGRATEAB,2022,9,,,,TIPO_DATO15__NMIGRATEAB_N1,,,
IT1:22_293_DF_DCIS_INDDEMOG1_1(1.0),A,ITC31,NMIGRATEAB,2023,10,,,,TIPO_DATO15__NMIGRATEAB_N1,,,
IT1:22_293_DF_DCIS_INDDEMOG1_1(1.0),A,ITC31,NMIGRATEAB,2024,9.9,,,,TIPO_DATO15__NMIGRATEAB_N1,,,
IT1:22_293_DF_DCIS_INDDEMOG1_1(1.0),A,ITC31,NMIGRATEAB,2025,10,p,,,TIPO_DATO15__NMIGRATEAB_N1,,,
IT1:22_293_DF_DCIS_INDDEMOG1_1(1.0),A,ITC32,NMIGRATEAB,2015,-0.9,,,,TIPO_DATO15__NMIGRATEAB_N1,,,
IT1:22_293_DF_DCIS_INDDEMOG1_1(1.0),A,ITC32,NMIGRATEAB,2016,0.5,,,,TIPO_DATO15__NMIGRATEAB_N1,,,
IT1:22_293_DF_DCIS_INDDEMOG1_1(1.0),A,ITC32,NMIGRATEAB,2017,0.5,,,,TIPO_DATO15__NMIGRATEAB_N1,,,
IT1:22_293_DF_DCIS_INDDEMOG1_1(1.0),A,ITC32,NMIGRATEAB,2018,-0.1,,,,TIPO_DATO15__NMIGRATEAB_N1,,,
IT1:22_293_DF_DCIS_INDDEMOG1_1(1.0),A,ITC32,NMIGRATEAB,2019,3.2,,,,TIPO_DATO15__NMIGRATEAB_N1,,,
IT1:22_293_DF_DCIS_INDDEMOG1_1(1.0),A,ITC32,NMIGRATEAB,2020,1.9,,,,TIPO_DATO15__NMIGRATEAB_N1,,,
IT1:22_293_DF_DCIS_INDDEMOG1_1(1.0),A,ITC32,NMIGRATEAB,2021,3.5,,,,TIPO_DATO15__NMIGRATEAB_N1,,,
IT1:22_293_DF_DCIS_INDDEMOG1_1(1.0),A,ITC32,NMIGRATEAB,2022,5.9,,,,TIPO_DATO15__NMIGRATEAB_N1,,,
IT1:22_293_DF_DCIS_INDDEMOG1_1(1.0),A,ITC32,NMIGRATEAB,2023,6.3,,,,TIPO_DATO15__NMIGRATEAB_N1,,,
IT1:22_293_DF_DCIS_INDDEMOG1_1(1.0),A,ITC32,NMIGRATEAB,2024,6.4,,,,TIPO_DATO15__NMIGRATEAB_N1,,,
IT1:22_293_DF_DCIS_INDDEMOG1_1(1.0),A,ITC32,NMIGRATEAB,2025,7,p,,,TIPO_DATO15__NMIGRATEAB_N1,,,
IT1:22_293_DF_DCIS_INDDEMOG1_1(1.0),A,ITC33,NMIGRATEAB,2015,0.3,,,,TIPO_DATO15__NMIGRATEAB_N1,,,
IT1:22_293_DF_DCIS_INDDEMOG1_1(1.0),A,ITC33,NMIGRATEAB,2016,2.6,,,,TIPO_DATO15__NMIGRATEAB_N1,,,
IT1:22_293_DF_DCIS_INDDEMOG1_1(1.0),A,ITC33,NMIGRATEAB,2017,0.7,,,,TIPO_DATO15__NMIGRATEAB_N1,,,
IT1:22_293_DF_DCIS_INDDEMOG1_1(1.0),A,ITC33,NMIGRATEAB,2018,2.1,,,,TIPO_DATO15__NMIGRATEAB_N1,,,
IT1:22_293_DF_DCIS_INDDEMOG1_1(1.0),A,ITC33,NMIGRATEAB,2019,4.4,,,,TIPO_DATO15__NMIGRATEAB_N1,,,
IT1:22_293_DF_DCIS_INDDEMOG1_1(1.0),A,ITC33,NMIGRATEAB,2020,2.1,,,,TIPO_DATO15__NMIGRATEAB_N1,,,
IT1:22_293_DF_DCIS_INDDEMOG1_1(1.0),A,ITC33,NMIGRATEAB,2021,4.1,,,,TIPO_DATO15__NMIGRATEAB_N1,,,
IT1:22_293_DF_DCIS_INDDEMOG1_1(1.0),A,ITC33,NMIGRATEAB,2022,8.3,,,,TIPO_DATO15__NMIGRATEAB_N1,,,
IT1:22_293_DF_DCIS_INDDEMOG1_1(1.0),A,ITC33,NMIGRATEAB,2023,7.4,,,,TIPO_DATO15__NMIGRATEAB_N1,,,
IT1:22_293_DF_DCIS_INDDEMOG1_1(1.0),A,ITC33,NMIGRATEAB,2024,7.8,,,,TIPO_DATO15__NMIGRATEAB_N1,,,
IT1:22_293_DF_DCIS_INDDEMOG1_1(1.0),A,ITC33,NMIGRATEAB,2025,8.5,p,,,TIPO_DATO15__NMIGRATEAB_N1,,,
IT1:22_293_DF_DCIS_INDDEMOG1_1(1.0),A,ITC34,NMIGRATEAB,2015,1.3,,,,TIPO_DATO15__NMIGRATEAB_N1,,,
IT1:22_293_DF_DCIS_INDDEMOG1_1(1.0),A,ITC34,NMIGRATEAB,2016,1.4,,,,TIPO_DATO15__NMIGRATEAB_N1,,,
IT1:22_293_DF_DCIS_INDDEMOG1_1(1.0),A,ITC34,NMIGRATEAB,2017,2.1,,,,TIPO_DATO15__NMIGRATEAB_N1,,,
IT1:22_293_DF_DCIS_INDDEMOG1_1(1.0),A,ITC34,NMIGRATEAB,2018,2.3,,,,TIPO_DATO15__NMIGRATEAB_N1,,,
IT1:22_293_DF_DCIS_INDDEMOG1_1(1.0),A,ITC34,NMIGRATEAB,2019,4.5,,,,TIPO_DATO15__NMIGRATEAB_N1,,,
IT1:22_293_DF_DCIS_INDDEMOG1_1(1.0),A,ITC34,NMIGRATEAB,2020,2.1,,,,TIPO_DATO15__NMIGRATEAB_N1,,,
IT1:22_293_DF_DCIS_INDDEMOG1_1(1.0),A,ITC34,NMIGRATEAB,2021,3.5,,,,TIPO_DATO15__NMIGRATEAB_N1,,,
IT1:22_293_DF_DCIS_INDDEMOG1_1(1.0),A,ITC34,NMIGRATEAB,2022,6,,,,TIPO_DATO15__NMIGRATEAB_N1,,,
IT1:22_293_DF_DCIS_INDDEMOG1_1(1.0),A,ITC34,NMIGRATEAB,2023,7.1,,,,TIPO_DATO15__NMIGRATEAB_N1,,,
IT1:22_293_DF_DCIS_INDDEMOG1_1(1.0),A,ITC34,NMIGRATEAB,2024,5.7,,,,TIPO_DATO15__NMIGRATEAB_N1,,,
IT1:22_293_DF_DCIS_INDDEMOG1_1(1.0),A,ITC34,NMIGRATEAB,2025,5.2,p,,,TIPO_DATO15__NMIGRATEAB_N1,,,
IT1:22_293_DF_DCIS_INDDEMOG1_1(1.0),A,ITC4,NMIGRATEAB,2015,0.2,,,,TIPO_DATO15__NMIGRATEAB_N1,,,
IT1:22_293_DF_DCIS_INDDEMOG1_1(1.0),A,ITC4,NMIGRATEAB,2016,0.4,,,,TIPO_DATO15__NMIGRATEAB_N1,,,
IT1:22_293_DF_DCIS_INDDEMOG1_1(1.0),A,ITC4,NMIGRATEAB,2017,1.5,,,,TIPO_DATO15__NMIGRATEAB_N1,,,
IT1:22_293_DF_DCIS_INDDEMOG1_1(1.0),A,ITC4,NMIGRATEAB,2018,1.8,,,,TIPO_DATO15__NMIGRATEAB_N1,,,
IT1:22_293_DF_DCIS_INDDEMOG1_1(1.0),A,ITC4,NMIGRATEAB,2019,3.6,,,,TIPO_DATO15__NMIGRATEAB_N1,,,
IT1:22_293_DF_DCIS_INDDEMOG1_1(1.0),A,ITC4,NMIGRATEAB,2020,1.8,,,,TIPO_DATO15__NMIGRATEAB_N1,,,
IT1:22_293_DF_DCIS_INDDEMOG1_1(1.0),A,ITC4,NMIGRATEAB,2021,2.9,,,,TIPO_DATO15__NMIGRATEAB_N1,,,
IT1:22_293_DF_DCIS_INDDEMOG1_1(1.0),A,ITC4,NMIGRATEAB,2022,5.2,,,,TIPO_DATO15__NMIGRATEAB_N1,,,
IT1:22_293_DF_DCIS_INDDEMOG1_1(1.0),A,ITC4,NMIGRATEAB,2023,6.1,,,,TIPO_DATO15__NMIGRATEAB_N1,,,
IT1:22_293_DF_DCIS_INDDEMOG1_1(1.0),A,ITC4,NMIGRATEAB,2024,5.2,,,,TIPO_DATO15__NMIGRATEAB_N1,,,
IT1:22_293_DF_DCIS_INDDEMOG1_1(1.0),A,ITC4,NMIGRATEAB,2025,6.3,p,,,TIPO_DATO15__NMIGRATEAB_N1,,,
IT1:22_293_DF_DCIS_INDDEMOG1_1(1.0),A,ITC41,NMIGRATEAB,2015,-0.6,,,,TIPO_DATO15__NMIGRATEAB_N1,,,
IT1:22_293_DF_DCIS_INDDEMOG1_1(1.0),A,ITC41,NMIGRATEAB,2016,-0.7,,,,TIPO_DATO15__NMIGRATEAB_N1,,,
IT1:22_293_DF_DCIS_INDDEMOG1_1(1.0),A,ITC41,NMIGRATEAB,2017,0.7,,,,TIPO_DATO15__NMIGRATEAB_N1,,,
IT1:22_293_DF_DCIS_INDDEMOG1_1(1.0),A,ITC41,NMIGRATEAB,2018,0.6,,,,TIPO_DATO15__NMIGRATEAB_N1,,,
IT1:22_293_DF_DCIS_INDDEMOG1_1(1.0),A,ITC41,NMIGRATEAB,2019,2.1,,,,TIPO_DATO15__NMIGRATEAB_N1,,,
IT1:22_293_DF_DCIS_INDDEMOG1_1(1.0),A,ITC41,NMIGRATEAB,2020,0.9,,,,TIPO_DATO15__NMIGRATEAB_N1,,,
IT1:22_293_DF_DCIS_INDDEMOG1_1(1.0),A,ITC41,NMIGRATEAB,2021,1.9,,,,TIPO_DATO15__NMIGRATEAB_N1,,,
IT1:22_293_DF_DCIS_INDDEMOG1_1(1.0),A,ITC41,NMIGRATEAB,2022,3.4,,,,TIPO_DATO15__NMIGRATEAB_N1,,,
IT1:22_293_DF_DCIS_INDDEMOG1_1(1.0),A,ITC41,NMIGRATEAB,2023,3.4,,,,TIPO_DATO15__NMIGRATEAB_N1,,,
IT1:22_293_DF_DCIS_INDDEMOG1_1(1.0),A,ITC41,NMIGRATEAB,2024,3.5,,,,TIPO_DATO15__NMIGRATEAB_N1,,,
IT1:22_293_DF_DCIS_INDDEMOG1_1(1.0),A,ITC41,NMIGRATEAB,2025,4.4,p,,,TIPO_DATO15__NMIGRATEAB_N1,,,
IT1:22_293_DF_DCIS_INDDEMOG1_1(1.0),A,ITC42,NMIGRATEAB,2015,-1.4,,,,TIPO_DATO15__NMIGRATEAB_N1,,,
IT1:22_293_DF_DCIS_INDDEMOG1_1(1.0),A,ITC42,NMIGRATEAB,2016,-0.3,,,,TIPO_DATO15__NMIGRATEAB_N1,,,
IT1:22_293_DF_DCIS_INDDEMOG1_1(1.0),A,ITC42,NMIGRATEAB,2017,0.2,,,,TIPO_DATO15__NMIGRATEAB_N1,,,
IT1:22_293_DF_DCIS_INDDEMOG1_1(1.0),A,ITC42,NMIGRATEAB,2018,1.1,,,,TIPO_DATO15__NMIGRATEAB_N1,,,
IT1:22_293_DF_DCIS_INDDEMOG1_1(1.0),A,ITC42,NMIGRATEAB,2019,1.6,,,,TIPO_DATO15__NMIGRATEAB_N1,,,
IT1:22_293_DF_DCIS_INDDEMOG1_1(1.0),A,ITC42,NMIGRATEAB,2020,1.4,,,,TIPO_DATO15__NMIGRATEAB_N1,,,
IT1:22_293_DF_DCIS_INDDEMOG1_1(1.0),A,ITC42,NMIGRATEAB,2021,1.7,,,,TIPO_DATO15__NMIGRATEAB_N1,,,
IT1:22_293_DF_DCIS_INDDEMOG1_1(1.0),A,ITC42,NMIGRATEAB,2022,4.2,,,,TIPO_DATO15__NMIGRATEAB_N1,,,
IT1:22_293_DF_DCIS_INDDEMOG1_1(1.0),A,ITC42,NMIGRATEAB,2023,3.8,,,,TIPO_DATO15__NMIGRATEAB_N1,,,
IT1:22_293_DF_DCIS_INDDEMOG1_1(1.0),A,ITC42,NMIGRATEAB,2024,3.2,,,,TIPO_DATO15__NMIGRATEAB_N1,,,
IT1:22_293_DF_DCIS_INDDEMOG1_1(1.0),A,ITC42,NMIGRATEAB,2025,3.7,p,,,TIPO_DATO15__NMIGRATEAB_N1,,,
IT1:22_293_DF_DCIS_INDDEMOG1_1(1.0),A,ITC43,NMIGRATEAB,2015,-1.6,,,,TIPO_DATO15__NMIGRATEAB_N1,,,
IT1:22_293_DF_DCIS_INDDEMOG1_1(1.0),A,ITC43,NMIGRATEAB,2016,0.2,,,,TIPO_DATO15__NMIGRATEAB_N1,,,
IT1:22_293_DF_DCIS_INDDEMOG1_1(1.0),A,ITC43,NMIGRATEAB,2017,0.5,,,,TIPO_DATO15__NMIGRATEAB_N1,,,
IT1:22_293_DF_DCIS_INDDEMOG1_1(1.0),A,ITC43,NMIGRATEAB,2018,0.8,,,,TIPO_DATO15__NMIGRATEAB_N1,,,
IT1:22_293_DF_DCIS_INDDEMOG1_1(1.0),A,ITC43,NMIGRATEAB,2019,2,,,,TIPO_DATO15__NMIGRATEAB_N1,,,
IT1:22_293_DF_DCIS_INDDEMOG1_1(1.0),A,ITC43,NMIGRATEAB,2020,1.8,,,,TIPO_DATO15__NMIGRATEAB_N1,,,
IT1:22_293_DF_DCIS_INDDEMOG1_1(1.0),A,ITC43,NMIGRATEAB,2021,2.5,,,,TIPO_DATO15__NMIGRATEAB_N1,,,
IT1:22_293_DF_DCIS_INDDEMOG1_1(1.0),A,ITC43,NMIGRATEAB,2022,3.7,,,,TIPO_DATO15__NMIGRATEAB_N1,,,
IT1:22_293_DF_DCIS_INDDEMOG1_1(1.0),A,ITC43,NMIGRATEAB,2023,4.8,,,,TIPO_DATO15__NMIGRATEAB_N1,,,
IT1:22_293_DF_DCIS_INDDEMOG1_1(1.0),A,ITC43,NMIGRATEAB,2024,4,,,,TIPO_DATO15__NMIGRATEAB_N1,,,
IT1:22_293_DF_DCIS_INDDEMOG1_1(1.0),A,ITC43,NMIGRATEAB,2025,5.5,p,,,TIPO_DATO15__NMIGRATEAB_N1,,,
IT1:22_293_DF_DCIS_INDDEMOG1_1(1.0),A,ITC44,NMIGRATEAB,2015,-0.8,,,,TIPO_DATO15__NMIGRATEAB_N1,,,
IT1:22_293_DF_DCIS_INDDEMOG1_1(1.0),A,ITC44,NMIGRATEAB,2016,0.1,,,,TIPO_DATO15__NMIGRATEAB_N1,,,
IT1:22_293_DF_DCIS_INDDEMOG1_1(1.0),A,ITC44,NMIGRATEAB,2017,1.7,,,,TIPO_DATO15__NMIGRATEAB_N1,,,
IT1:22_293_DF_DCIS_INDDEMOG1_1(1.0),A,ITC44,NMIGRATEAB,2018,1.1,,,,TIPO_DATO15__NMIGRATEAB_N1,,,
IT1:22_293_DF_DCIS_INDDEMOG1_1(1.0),A,ITC44,NMIGRATEAB,2019,2.7,,,,TIPO_DATO15__NMIGRATEAB_N1,,,
IT1:22_293_DF_DCIS_INDDEMOG1_1(1.0),A,ITC44,NMIGRATEAB,2020,1.3,,,,TIPO_DATO15__NMIGRATEAB_N1,,,
IT1:22_293_DF_DCIS_INDDEMOG1_1(1.0),A,ITC44,NMIGRATEAB,2021,2.9,,,,TIPO_DATO15__NMIGRATEAB_N1,,,
IT1:22_293_DF_DCIS_INDDEMOG1_1(1.0),A,ITC44,NMIGRATEAB,2022,4.4,,,,TIPO_DATO15__NMIGRATEAB_N1,,,
IT1:22_293_DF_DCIS_INDDEMOG1_1(1.0),A,ITC44,NMIGRATEAB,2023,4,,,,TIPO_DATO15__NMIGRATEAB_N1,,,
IT1:22_293_DF_DCIS_INDDEMOG1_1(1.0),A,ITC44,NMIGRATEAB,2024,4.3,,,,TIPO_DATO15__NMIGRATEAB_N1,,,
IT1:22_293_DF_DCIS_INDDEMOG1_1(1.0),A,ITC44,NMIGRATEAB,2025,4.8,p,,,TIPO_DATO15__NMIGRATEAB_N1,,,
IT1:22_293_DF_DCIS_INDDEMOG1_1(1.0),A,ITC45,NMIGRATEAB,2015,2.4,,,,TIPO_DATO15__NMIGRATEAB_N1,,,
IT1:22_293_DF_DCIS_INDDEMOG1_1(1.0),A,ITC45,NMIGRATEAB,2016,1.7,,,,TIPO_DATO15__NMIGRATEAB_N1,,,
IT1:22_293_DF_DCIS_INDDEMOG1_1(1.0),A,ITC45,NMIGRATEAB,2017,3.4,,,,TIPO_DATO15__NMIGRATEAB_N1,,,
IT1:22_293_DF_DCIS_INDDEMOG1_1(1.0),A,ITC45,NMIGRATEAB,2018,3.2,,,,TIPO_DATO15__NMIGRATEAB_N1,,,
IT1:22_293_DF_DCIS_INDDEMOG1_1(1.0),A,ITC45,NMIGRATEAB,2019,5.1,,,,TIPO_DATO15__NMIGRATEAB_N1,,,
IT1:22_293_DF_DCIS_INDDEMOG1_1(1.0),A,ITC45,NMIGRATEAB,2020,3.1,,,,TIPO_DATO15__NMIGRATEAB_N1,,,
IT1:22_293_DF_DCIS_INDDEMOG1_1(1.0),A,ITC45,NMIGRATEAB,2021,4.2,,,,TIPO_DATO15__NMIGRATEAB_N1,,,
IT1:22_293_DF_DCIS_INDDEMOG1_1(1.0),A,ITC45,NMIGRATEAB,2022,7.1,,,,TIPO_DATO15__NMIGRATEAB_N1,,,
IT1:22_293_DF_DCIS_INDDEMOG1_1(1.0),A,ITC45,NMIGRATEAB,2023,9,,,,TIPO_DATO15__NMIGRATEAB_N1,,,
IT1:22_293_DF_DCIS_INDDEMOG1_1(1.0),A,ITC45,NMIGRATEAB,2024,6.8,,,,TIPO_DATO15__NMIGRATEAB_N1,,,
IT1:22_293_DF_DCIS_INDDEMOG1_1(1.0),A,ITC45,NMIGRATEAB,2025,7.8,p,,,TIPO_DATO15__NMIGRATEAB_N1,,,
IT1:22_293_DF_DCIS_INDDEMOG1_1(1.0),A,ITC46,NMIGRATEAB,2015,-1.3,,,,TIPO_DATO15__NMIGRATEAB_N1,,,
IT1:22_293_DF_DCIS_INDDEMOG1_1(1.0),A,ITC46,NMIGRATEAB,2016,-0.1,,,,TIPO_DATO15__NMIGRATEAB_N1,,,
IT1:22_293_DF_DCIS_INDDEMOG1_1(1.0),A,ITC46,NMIGRATEAB,2017,0.4,,,,TIPO_DATO15__NMIGRATEAB_N1,,,
IT1:22_293_DF_DCIS_INDDEMOG1_1(1.0),A,ITC46,NMIGRATEAB,2018,0.3,,,,TIPO_DATO15__NMIGRATEAB_N1,,,
IT1:22_293_DF_DCIS_INDDEMOG1_1(1.0),A,ITC46,NMIGRATEAB,2019,3.1,,,,TIPO_DATO15__NMIGRATEAB_N1,,,
IT1:22_293_DF_DCIS_INDDEMOG1_1(1.0),A,ITC46,NMIGRATEAB,2020,0.9,,,,TIPO_DATO15__NMIGRATEAB_N1,,,
IT1:22_293_DF_DCIS_INDDEMOG1_1(1.0),A,ITC46,NMIGRATEAB,2021,1.9,,,,TIPO_DATO15__NMIGRATEAB_N1,,,
IT1:22_293_DF_DCIS_INDDEMOG1_1(1.0),A,ITC46,NMIGRATEAB,2022,3.7,,,,TIPO_DATO15__NMIGRATEAB_N1,,,
IT1:22_293_DF_DCIS_INDDEMOG1_1(1.0),A,ITC46,NMIGRATEAB,2023,4.6,,,,TIPO_DATO15__NMIGRATEAB_N1,,,
IT1:22_293_DF_DCIS_INDDEMOG1_1(1.0),A,ITC46,NMIGRATEAB,2024,4.1,,,,TIPO_DATO15__NMIGRATEAB_N1,,,
IT1:22_293_DF_DCIS_INDDEMOG1_1(1.0),A,ITC46,NMIGRATEAB,2025,5.3,p,,,TIPO_DATO15__NMIGRATEAB_N1,,,
IT1:22_293_DF_DCIS_INDDEMOG1_1(1.0),A,ITC47,NMIGRATEAB,2015,-1.4,,,,TIPO_DATO15__NMIGRATEAB_N1,,,
IT1:22_293_DF_DCIS_INDDEMOG1_1(1.0),A,ITC47,NMIGRATEAB,2016,-1.5,,,,TIPO_DATO15__NMIGRATEAB_N1,,,
IT1:22_293_DF_DCIS_INDDEMOG1_1(1.0),A,ITC47,NMIGRATEAB,2017,0,,,,TIPO_DATO15__NMIGRATEAB_N1,,,
IT1:22_293_DF_DCIS_INDDEMOG1_1(1.0),A,ITC47,NMIGRATEAB,2018,1.4,,,,TIPO_DATO15__NMIGRATEAB_N1,,,
IT1:22_293_DF_DCIS_INDDEMOG1_1(1.0),A,ITC47,NMIGRATEAB,2019,3.6,,,,TIPO_DATO15__NMIGRATEAB_N1,,,
IT1:22_293_DF_DCIS_INDDEMOG1_1(1.0),A,ITC47,NMIGRATEAB,2020,0.9,,,,TIPO_DATO15__NMIGRATEAB_N1,,,
IT1:22_293_DF_DCIS_INDDEMOG1_1(1.0),A,ITC47,NMIGRATEAB,2021,2.7,,,,TIPO_DATO15__NMIGRATEAB_N1,,,
IT1:22_293_DF_DCIS_INDDEMOG1_1(1.0),A,ITC47,NMIGRATEAB,2022,4.6,,,,TIPO_DATO15__NMIGRATEAB_N1,,,
IT1:22_293_DF_DCIS_INDDEMOG1_1(1.0),A,ITC47,NMIGRATEAB,2023,5.1,,,,TIPO_DATO15__NMIGRATEAB_N1,,,
IT1:22_293_DF_DCIS_INDDEMOG1_1(1.0),A,ITC47,NMIGRATEAB,2024,5.1,,,,TIPO_DATO15__NMIGRATEAB_N1,,,
IT1:22_293_DF_DCIS_INDDEMOG1_1(1.0),A,ITC47,NMIGRATEAB,2025,6.3,p,,,TIPO_DATO15__NMIGRATEAB_N1,,,
IT1:22_293_DF_DCIS_INDDEMOG1_1(1.0),A,ITC48,NMIGRATEAB,2015,1.3,,,,TIPO_DATO15__NMIGRATEAB_N1,,,
IT1:22_293_DF_DCIS_INDDEMOG1_1(1.0),A,ITC48,NMIGRATEAB,2016,1.8,,,,TIPO_DATO15__NMIGRATEAB_N1,,,
IT1:22_293_DF_DCIS_INDDEMOG1_1(1.0),A,ITC48,NMIGRATEAB,2017,2.1,,,,TIPO_DATO15__NMIGRATEAB_N1,,,
IT1:22_293_DF_DCIS_INDDEMOG1_1(1.0),A,ITC48,NMIGRATEAB,2018,2,,,,TIPO_DATO15__NMIGRATEAB_N1,,,
IT1:22_293_DF_DCIS_INDDEMOG1_1(1.0),A,ITC48,NMIGRATEAB,2019,3.3,,,,TIPO_DATO15__NMIGRATEAB_N1,,,
IT1:22_293_DF_DCIS_INDDEMOG1_1(1.0),A,ITC48,NMIGRATEAB,2020,1.7,,,,TIPO_DATO15__NMIGRATEAB_N1,,,
IT1:22_293_DF_DCIS_INDDEMOG1_1(1.0),A,ITC48,NMIGRATEAB,2021,3.1,,,,TIPO_DATO15__NMIGRATEAB_N1,,,
IT1:22_293_DF_DCIS_INDDEMOG1_1(1.0),A,ITC48,NMIGRATEAB,2022,6.3,,,,TIPO_DATO15__NMIGRATEAB_N1,,,
IT1:22_293_DF_DCIS_INDDEMOG1_1(1.0),A,ITC48,NMIGRATEAB,2023,6.8,,,,TIPO_DATO15__NMIGRATEAB_N1,,,
IT1:22_293_DF_DCIS_INDDEMOG1_1(1.0),A,ITC48,NMIGRATEAB,2024,8,,,,TIPO_DATO15__NMIGRATEAB_N1,,,
IT1:22_293_DF_DCIS_INDDEMOG1_1(1.0),A,ITC48,NMIGRATEAB,2025,9.1,p,,,TIPO_DATO15__NMIGRATEAB_N1,,,
IT1:22_293_DF_DCIS_INDDEMOG1_1(1.0),A,ITC49,NMIGRATEAB,2015,-0.6,,,,TIPO_DATO15__NMIGRATEAB_N1,,,
IT1:22_293_DF_DCIS_INDDEMOG1_1(1.0),A,ITC49,NMIGRATEAB,2016,0,,,,TIPO_DATO15__NMIGRATEAB_N1,,,
IT1:22_293_DF_DCIS_INDDEMOG1_1(1.0),A,ITC49,NMIGRATEAB,2017,2.3,,,,TIPO_DATO15__NMIGRATEAB_N1,,,
IT1:22_293_DF_DCIS_INDDEMOG1_1(1.0),A,ITC49,NMIGRATEAB,2018,1.9,,,,TIPO_DATO15__NMIGRATEAB_N1,,,
IT1:22_293_DF_DCIS_INDDEMOG1_1(1.0),A,ITC49,NMIGRATEAB,2019,2.8,,,,TIPO_DATO15__NMIGRATEAB_N1,,,
IT1:22_293_DF_DCIS_INDDEMOG1_1(1.0),A,ITC49,NMIGRATEAB,2020,1.4,,,,TIPO_DATO15__NMIGRATEAB_N1,,,
IT1:22_293_DF_DCIS_INDDEMOG1_1(1.0),A,ITC49,NMIGRATEAB,2021,3.1,,,,TIPO_DATO15__NMIGRATEAB_N1,,,
IT1:22_293_DF_DCIS_INDDEMOG1_1(1.0),A,ITC49,NMIGRATEAB,2022,5.1,,,,TIPO_DATO15__NMIGRATEAB_N1,,,
IT1:22_293_DF_DCIS_INDDEMOG1_1(1.0),A,ITC49,NMIGRATEAB,2023,6.2,,,,TIPO_DATO15__NMIGRATEAB_N1,,,
IT1:22_293_DF_DCIS_INDDEMOG1_1(1.0),A,ITC49,NMIGRATEAB,2024,5.2,,,,TIPO_DATO15__NMIGRATEAB_N1,,,
IT1:22_293_DF_DCIS_INDDEMOG1_1(1.0),A,ITC49,NMIGRATEAB,2025,6.7,p,,,TIPO_DATO15__NMIGRATEAB_N1,,,
IT1:22_293_DF_DCIS_INDDEMOG1_1(1.0),A,ITC4A,NMIGRATEAB,2015,0.1,,,,TIPO_DATO15__NMIGRATEAB_N1,,,
IT1:22_293_DF_DCIS_INDDEMOG1_1(1.0),A,ITC4A,NMIGRATEAB,2016,-0.1,,,,TIPO_DATO15__NMIGRATEAB_N1,,,
IT1:22_293_DF_DCIS_INDDEMOG1_1(1.0),A,ITC4A,NMIGRATEAB,2017,0.8,,,,TIPO_DATO15__NMIGRATEAB_N1,,,
IT1:22_293_DF_DCIS_INDDEMOG1_1(1.0),A,ITC4A,NMIGRATEAB,2018,2.5,,,,TIPO_DATO15__NMIGRATEAB_N1,,,
IT1:22_293_DF_DCIS_INDDEMOG1_1(1.0),A,ITC4A,NMIGRATEAB,2019,2.7,,,,TIPO_DATO15__NMIGRATEAB_N1,,,
IT1:22_293_DF_DCIS_INDDEMOG1_1(1.0),A,ITC4A,NMIGRATEAB,2020,1.7,,,,TIPO_DATO15__NMIGRATEAB_N1,,,
IT1:22_293_DF_DCIS_INDDEMOG1_1(1.0),A,ITC4A,NMIGRATEAB,2021,2.5,,,,TIPO_DATO15__NMIGRATEAB_N1,,,
IT1:22_293_DF_DCIS_INDDEMOG1_1(1.0),A,ITC4A,NMIGRATEAB,2022,4.6,,,,TIPO_DATO15__NMIGRATEAB_N1,,,
IT1:22_293_DF_DCIS_INDDEMOG1_1(1.0),A,ITC4A,NMIGRATEAB,2023,5.7,,,,TIPO_DATO15__NMIGRATEAB_N1,,,
IT1:22_293_DF_DCIS_INDDEMOG1_1(1.0),A,ITC4A,NMIGRATEAB,2024,5.1,,,,TIPO_DATO15__NMIGRATEAB_N1,,,
IT1:22_293_DF_DCIS_INDDEMOG1_1(1.0),A,ITC4A,NMIGRATEAB,2025,6,p,,,TIPO_DATO15__NMIGRATEAB_N1,,,
IT1:22_293_DF_DCIS_INDDEMOG1_1(1.0),A,ITC4B,NMIGRATEAB,2015,-1.5,,,,TIPO_DATO15__NMIGRATEAB_N1,,,
IT1:22_293_DF_DCIS_INDDEMOG1_1(1.0),A,ITC4B,NMIGRATEAB,2016,-0.2,,,,TIPO_DATO15__NMIGRATEAB_N1,,,
IT1:22_293_DF_DCIS_INDDEMOG1_1(1.0),A,ITC4B,NMIGRATEAB,2017,-0.9,,,,TIPO_DATO15__NMIGRATEAB_N1,,,
IT1:22_293_DF_DCIS_INDDEMOG1_1(1.0),A,ITC4B,NMIGRATEAB,2018,2.1,,,,TIPO_DATO15__NMIGRATEAB_N1,,,
IT1:22_293_DF_DCIS_INDDEMOG1_1(1.0),A,ITC4B,NMIGRATEAB,2019,4.1,,,,TIPO_DATO15__NMIGRATEAB_N1,,,
IT1:22_293_DF_DCIS_INDDEMOG1_1(1.0),A,ITC4B,NMIGRATEAB,2020,1.7,,,,TIPO_DATO15__NMIGRATEAB_N1,,,
IT1:22_293_DF_DCIS_INDDEMOG1_1(1.0),A,ITC4B,NMIGRATEAB,2021,3.7,,,,TIPO_DATO15__NMIGRATEAB_N1,,,
IT1:22_293_DF_DCIS_INDDEMOG1_1(1.0),A,ITC4B,NMIGRATEAB,2022,6.8,,,,TIPO_DATO15__NMIGRATEAB_N1,,,
IT1:22_293_DF_DCIS_INDDEMOG1_1(1.0),A,ITC4B,NMIGRATEAB,2023,5.5,,,,TIPO_DATO15__NMIGRATEAB_N1,,,
IT1:22_293_DF_DCIS_INDDEMOG1_1(1.0),A,ITC4B,NMIGRATEAB,2024,5.2,,,,TIPO_DATO15__NMIGRATEAB_N1,,,
IT1:22_293_DF_DCIS_INDDEMOG1_1(1.0),A,ITC4B,NMIGRATEAB,2025,5.5,p,,,TIPO_DATO15__NMIGRATEAB_N1,,,
IT1:22_293_DF_DCIS_INDDEMOG1_1(1.0),A,ITCD,NMIGRATEAB,2015,-0.1,,,,TIPO_DATO15__NMIGRATEAB_N1,,,
IT1:22_293_DF_DCIS_INDDEMOG1_1(1.0),A,ITCD,NMIGRATEAB,2016,0.5,,,,TIPO_DATO15__NMIGRATEAB_N1,,,
IT1:22_293_DF_DCIS_INDDEMOG1_1(1.0),A,ITCD,NMIGRATEAB,2017,1.1,,,,TIPO_DATO15__NMIGRATEAB_N1,,,
IT1:22_293_DF_DCIS_INDDEMOG1_1(1.0),A,ITCD,NMIGRATEAB,2018,1.5,,,,TIPO_DATO15__NMIGRATEAB_N1,,,
IT1:22_293_DF_DCIS_INDDEMOG1_1(1.0),A,ITCD,NMIGRATEAB,2019,3.2,,,,TIPO_DATO15__NMIGRATEAB_N1,,,
IT1:22_293_DF_DCIS_INDDEMOG1_1(1.0),A,ITCD,NMIGRATEAB,2020,1.7,,,,TIPO_DATO15__NMIGRATEAB_N1,,,
IT1:22_293_DF_DCIS_INDDEMOG1_1(1.0),A,ITCD,NMIGRATEAB,2021,3,,,,TIPO_DATO15__NMIGRATEAB_N1,,,
IT1:22_293_DF_DCIS_INDDEMOG1_1(1.0),A,ITCD,NMIGRATEAB,2022,5,,,,TIPO_DATO15__NMIGRATEAB_N1,,,
IT1:22_293_DF_DCIS_INDDEMOG1_1(1.0),A,ITCD,NMIGRATEAB,2023,5.5,,,,TIPO_DATO15__NMIGRATEAB_N1,,,
IT1:22_293_DF_DCIS_INDDEMOG1_1(1.0),A,ITCD,NMIGRATEAB,2024,4.9,,,,TIPO_DATO15__NMIGRATEAB_N1,,,
IT1:22_293_DF_DCIS_INDDEMOG1_1(1.0),A,ITCD,NMIGRATEAB,2025,5.8,p,,,TIPO_DATO15__NMIGRATEAB_N1,,,
IT1:22_293_DF_DCIS_INDDEMOG1_1(1.0),A,ITD,NMIGRATEAB,2015,-0.3,,,,TIPO_DATO15__NMIGRATEAB_N1,,,
IT1:22_293_DF_DCIS_INDDEMOG1_1(1.0),A,ITD,NMIGRATEAB,2016,0.2,,,,TIPO_DATO15__NMIGRATEAB_N1,,,
IT1:22_293_DF_DCIS_INDDEMOG1_1(1.0),A,ITD,NMIGRATEAB,2017,1,,,,TIPO_DATO15__NMIGRATEAB_N1,,,
IT1:22_293_DF_DCIS_INDDEMOG1_1(1.0),A,ITD,NMIGRATEAB,2018,1.7,,,,TIPO_DATO15__NMIGRATEAB_N1,,,
IT1:22_293_DF_DCIS_INDDEMOG1_1(1.0),A,ITD,NMIGRATEAB,2019,2.8,,,,TIPO_DATO15__NMIGRATEAB_N1,,,
IT1:22_293_DF_DCIS_INDDEMOG1_1(1.0),A,ITD,NMIGRATEAB,2020,1.5,,,,TIPO_DATO15__NMIGRATEAB_N1,,,
IT1:22_293_DF_DCIS_INDDEMOG1_1(1.0),A,ITD,NMIGRATEAB,2021,3,,,,TIPO_DATO15__NMIGRATEAB_N1,,,
IT1:22_293_DF_DCIS_INDDEMOG1_1(1.0),A,ITD,NMIGRATEAB,2022,4.4,,,,TIPO_DATO15__NMIGRATEAB_N1,,,
IT1:22_293_DF_DCIS_INDDEMOG1_1(1.0),A,ITD,NMIGRATEAB,2023,4.7,,,,TIPO_DATO15__NMIGRATEAB_N1,,,
IT1:22_293_DF_DCIS_INDDEMOG1_1(1.0),A,ITD,NMIGRATEAB,2024,4.4,,,,TIPO_DATO15__NMIGRATEAB_N1,,,
IT1:22_293_DF_DCIS_INDDEMOG1_1(1.0),A,ITD,NMIGRATEAB,2025,5.2,p,,,TIPO_DATO15__NMIGRATEAB_N1,,,
IT1:22_293_DF_DCIS_INDDEMOG1_1(1.0),A,ITD1,NMIGRATEAB,2015,-0.2,,,,TIPO_DATO15__NMIGRATEAB_N1,,,
IT1:22_293_DF_DCIS_INDDEMOG1_1(1.0),A,ITD1,NMIGRATEAB,2016,1.1,,,,TIPO_DATO15__NMIGRATEAB_N1,,,
IT1:22_293_DF_DCIS_INDDEMOG1_1(1.0),A,ITD1,NMIGRATEAB,2017,1.1,,,,TIPO_DATO15__NMIGRATEAB_N1,,,
IT1:22_293_DF_DCIS_INDDEMOG1_1(1.0),A,ITD1,NMIGRATEAB,2018,0.9,,,,TIPO_DATO15__NMIGRATEAB_N1,,,
IT1:22_293_DF_DCIS_INDDEMOG1_1(1.0),A,ITD1,NMIGRATEAB,2019,-0.2,,,,TIPO_DATO15__NMIGRATEAB_N1,,,
IT1:22_293_DF_DCIS_INDDEMOG1_1(1.0),A,ITD1,NMIGRATEAB,2020,0.3,,,,TIPO_DATO15__NMIGRATEAB_N1,,,
IT1:22_293_DF_DCIS_INDDEMOG1_1(1.0),A,ITD1,NMIGRATEAB,2021,1.5,,,,TIPO_DATO15__NMIGRATEAB_N1,,,
IT1:22_293_DF_DCIS_INDDEMOG1_1(1.0),A,ITD1,NMIGRATEAB,2022,2.4,,,,TIPO_DATO15__NMIGRATEAB_N1,,,
IT1:22_293_DF_DCIS_INDDEMOG1_1(1.0),A,ITD1,NMIGRATEAB,2023,3.3,,,,TIPO_DATO15__NMIGRATEAB_N1,,,
IT1:22_293_DF_DCIS_INDDEMOG1_1(1.0),A,ITD1,NMIGRATEAB,2024,2.4,,,,TIPO_DATO15__NMIGRATEAB_N1,,,
IT1:22_293_DF_DCIS_INDDEMOG1_1(1.0),A,ITD1,NMIGRATEAB,2025,3.4,p,,,TIPO_DATO15__NMIGRATEAB_N1,,,
IT1:22_293_DF_DCIS_INDDEMOG1_1(1.0),A,ITD10,NMIGRATEAB,2015,-0.2,,,,TIPO_DATO15__NMIGRATEAB_N1,,,
IT1:22_293_DF_DCIS_INDDEMOG1_1(1.0),A,ITD10,NMIGRATEAB,2016,1.1,,,,TIPO_DATO15__NMIGRATEAB_N1,,,
IT1:22_293_DF_DCIS_INDDEMOG1_1(1.0),A,ITD10,NMIGRATEAB,2017,1.1,,,,TIPO_DATO15__NMIGRATEAB_N1,,,
IT1:22_293_DF_DCIS_INDDEMOG1_1(1.0),A,ITD10,NMIGRATEAB,2018,0.9,,,,TIPO_DATO15__NMIGRATEAB_N1,,,
IT1:22_293_DF_DCIS_INDDEMOG1_1(1.0),A,ITD10,NMIGRATEAB,2019,-0.2,,,,TIPO_DATO15__NMIGRATEAB_N1,,,
IT1:22_293_DF_DCIS_INDDEMOG1_1(1.0),A,ITD10,NMIGRATEAB,2020,0.3,,,,TIPO_DATO15__NMIGRATEAB_N1,,,
IT1:22_293_DF_DCIS_INDDEMOG1_1(1.0),A,ITD10,NMIGRATEAB,2021,1.5,,,,TIPO_DATO15__NMIGRATEAB_N1,,,
IT1:22_293_DF_DCIS_INDDEMOG1_1(1.0),A,ITD10,NMIGRATEAB,2022,2.4,,,,TIPO_DATO15__NMIGRATEAB_N1,,,
IT1:22_293_DF_DCIS_INDDEMOG1_1(1.0),A,ITD10,NMIGRATEAB,2023,3.3,,,,TIPO_DATO15__NMIGRATEAB_N1,,,
IT1:22_293_DF_DCIS_INDDEMOG1_1(1.0),A,ITD10,NMIGRATEAB,2024,2.4,,,,TIPO_DATO15__NMIGRATEAB_N1,,,
IT1:22_293_DF_DCIS_INDDEMOG1_1(1.0),A,ITD10,NMIGRATEAB,2025,3.4,p,,,TIPO_DATO15__NMIGRATEAB_N1,,,
IT1:22_293_DF_DCIS_INDDEMOG1_1(1.0),A,ITD2,NMIGRATEAB,2015,-0.4,,,,TIPO_DATO15__NMIGRATEAB_N1,,,
IT1:22_293_DF_DCIS_INDDEMOG1_1(1.0),A,ITD2,NMIGRATEAB,2016,-0.6,,,,TIPO_DATO15__NMIGRATEAB_N1,,,
IT1:22_293_DF_DCIS_INDDEMOG1_1(1.0),A,ITD2,NMIGRATEAB,2017,1.1,,,,TIPO_DATO15__NMIGRATEAB_N1,,,
IT1:22_293_DF_DCIS_INDDEMOG1_1(1.0),A,ITD2,NMIGRATEAB,2018,0,,,,TIPO_DATO15__NMIGRATEAB_N1,,,
IT1:22_293_DF_DCIS_INDDEMOG1_1(1.0),A,ITD2,NMIGRATEAB,2019,2.5,,,,TIPO_DATO15__NMIGRATEAB_N1,,,
IT1:22_293_DF_DCIS_INDDEMOG1_1(1.0),A,ITD2,NMIGRATEAB,2020,2,,,,TIPO_DATO15__NMIGRATEAB_N1,,,
IT1:22_293_DF_DCIS_INDDEMOG1_1(1.0),A,ITD2,NMIGRATEAB,2021,2.7,,,,TIPO_DATO15__NMIGRATEAB_N1,,,
IT1:22_293_DF_DCIS_INDDEMOG1_1(1.0),A,ITD2,NMIGRATEAB,2022,4.3,,,,TIPO_DATO15__NMIGRATEAB_N1,,,
IT1:22_293_DF_DCIS_INDDEMOG1_1(1.0),A,ITD2,NMIGRATEAB,2023,4.1,,,,TIPO_DATO15__NMIGRATEAB_N1,,,
IT1:22_293_DF_DCIS_INDDEMOG1_1(1.0),A,ITD2,NMIGRATEAB,2024,3.6,,,,TIPO_DATO15__NMIGRATEAB_N1,,,
IT1:22_293_DF_DCIS_INDDEMOG1_1(1.0),A,ITD2,NMIGRATEAB,2025,4.6,p,,,TIPO_DATO15__NMIGRATEAB_N1,,,
IT1:22_293_DF_DCIS_INDDEMOG1_1(1.0),A,ITD20,NMIGRATEAB,2015,-0.4,,,,TIPO_DATO15__NMIGRATEAB_N1,,,
IT1:22_293_DF_DCIS_INDDEMOG1_1(1.0),A,ITD20,NMIGRATEAB,2016,-0.6,,,,TIPO_DATO15__NMIGRATEAB_N1,,,
IT1:22_293_DF_DCIS_INDDEMOG1_1(1.0),A,ITD20,NMIGRATEAB,2017,1.1,,,,TIPO_DATO15__NMIGRATEAB_N1,,,
IT1:22_293_DF_DCIS_INDDEMOG1_1(1.0),A,ITD20,NMIGRATEAB,2018,0,,,,TIPO_DATO15__NMIGRATEAB_N1,,,
IT1:22_293_DF_DCIS_INDDEMOG1_1(1.0),A,ITD20,NMIGRATEAB,2019,2.5,,,,TIPO_DATO15__NMIGRATEAB_N1,,,
IT1:22_293_DF_DCIS_INDDEMOG1_1(1.0),A,ITD20,NMIGRATEAB,2020,2,,,,TIPO_DATO15__NMIGRATEAB_N1,,,
IT1:22_293_DF_DCIS_INDDEMOG1_1(1.0),A,ITD20,NMIGRATEAB,2021,2.7,,,,TIPO_DATO15__NMIGRATEAB_N1,,,
IT1:22_293_DF_DCIS_INDDEMOG1_1(1.0),A,ITD20,NMIGRATEAB,2022,4.3,,,,TIPO_DATO15__NMIGRATEAB_N1,,,
IT1:22_293_DF_DCIS_INDDEMOG1_1(1.0),A,ITD20,NMIGRATEAB,2023,4.1,,,,TIPO_DATO15__NMIGRATEAB_N1,,,
IT1:22_293_DF_DCIS_INDDEMOG1_1(1.0),A,ITD20,NMIGRATEAB,2024,3.6,,,,TIPO_DATO15__NMIGRATEAB_N1,,,
IT1:22_293_DF_DCIS_INDDEMOG1_1(1.0),A,ITD20,NMIGRATEAB,2025,4.6,p,,,TIPO_DATO15__NMIGRATEAB_N1,,,
IT1:22_293_DF_DCIS_INDDEMOG1_1(1.0),A,ITD3,NMIGRATEAB,2015,-1.3,,,,TIPO_DATO15__NMIGRATEAB_N1,,,
IT1:22_293_DF_DCIS_INDDEMOG1_1(1.0),A,ITD3,NMIGRATEAB,2016,-0.5,,,,TIPO_DATO15__NMIGRATEAB_N1,,,
IT1:22_293_DF_DCIS_INDDEMOG1_1(1.0),A,ITD3,NMIGRATEAB,2017,0.5,,,,TIPO_DATO15__NMIGRATEAB_N1,,,
IT1:22_293_DF_DCIS_INDDEMOG1_1(1.0),A,ITD3,NMIGRATEAB,2018,1.5,,,,TIPO_DATO15__NMIGRATEAB_N1,,,
IT1:22_293_DF_DCIS_INDDEMOG1_1(1.0),A,ITD3,NMIGRATEAB,2019,2.6,,,,TIPO_DATO15__NMIGRATEAB_N1,,,
IT1:22_293_DF_DCIS_INDDEMOG1_1(1.0),A,ITD3,NMIGRATEAB,2020,1.1,,,,TIPO_DATO15__NMIGRATEAB_N1,,,
IT1:22_293_DF_DCIS_INDDEMOG1_1(1.0),A,ITD3,NMIGRATEAB,2021,2.5,,,,TIPO_DATO15__NMIGRATEAB_N1,,,
IT1:22_293_DF_DCIS_INDDEMOG1_1(1.0),A,ITD3,NMIGRATEAB,2022,3.8,,,,TIPO_DATO15__NMIGRATEAB_N1,,,
IT1:22_293_DF_DCIS_INDDEMOG1_1(1.0),A,ITD3,NMIGRATEAB,2023,3.9,,,,TIPO_DATO15__NMIGRATEAB_N1,,,
IT1:22_293_DF_DCIS_INDDEMOG1_1(1.0),A,ITD3,NMIGRATEAB,2024,3.7,,,,TIPO_DATO15__NMIGRATEAB_N1,,,
IT1:22_293_DF_DCIS_INDDEMOG1_1(1.0),A,ITD3,NMIGRATEAB,2025,4.3,p,,,TIPO_DATO15__NMIGRATEAB_N1,,,
IT1:22_293_DF_DCIS_INDDEMOG1_1(1.0),A,ITD31,NMIGRATEAB,2015,-0.9,,,,TIPO_DATO15__NMIGRATEAB_N1,,,
IT1:22_293_DF_DCIS_INDDEMOG1_1(1.0),A,ITD31,NMIGRATEAB,2016,-0.5,,,,TIPO_DATO15__NMIGRATEAB_N1,,,
IT1:22_293_DF_DCIS_INDDEMOG1_1(1.0),A,ITD31,NMIGRATEAB,2017,0.2,,,,TIPO_DATO15__NMIGRATEAB_N1,,,
IT1:22_293_DF_DCIS_INDDEMOG1_1(1.0),A,ITD31,NMIGRATEAB,2018,2.6,,,,TIPO_DATO15__NMIGRATEAB_N1,,,
IT1:22_293_DF_DCIS_INDDEMOG1_1(1.0),A,ITD31,NMIGRATEAB,2019,3.7,,,,TIPO_DATO15__NMIGRATEAB_N1,,,
IT1:22_293_DF_DCIS_INDDEMOG1_1(1.0),A,ITD31,NMIGRATEAB,2020,1.9,,,,TIPO_DATO15__NMIGRATEAB_N1,,,
IT1:22_293_DF_DCIS_INDDEMOG1_1(1.0),A,ITD31,NMIGRATEAB,2021,3.1,,,,TIPO_DATO15__NMIGRATEAB_N1,,,
IT1:22_293_DF_DCIS_INDDEMOG1_1(1.0),A,ITD31,NMIGRATEAB,2022,4.1,,,,TIPO_DATO15__NMIGRATEAB_N1,,,
IT1:22_293_DF_DCIS_INDDEMOG1_1(1.0),A,ITD31,NMIGRATEAB,2023,3.8,,,,TIPO_DATO15__NMIGRATEAB_N1,,,
IT1:22_293_DF_DCIS_INDDEMOG1_1(1.0),A,ITD31,NMIGRATEAB,2024,4.2,,,,TIPO_DATO15__NMIGRATEAB_N1,,,
IT1:22_293_DF_DCIS_INDDEMOG1_1(1.0),A,ITD31,NMIGRATEAB,2025,5.2,p,,,TIPO_DATO15__NMIGRATEAB_N1,,,
IT1:22_293_DF_DCIS_INDDEMOG1_1(1.0),A,ITD32,NMIGRATEAB,2015,-2,,,,TIPO_DATO15__NMIGRATEAB_N1,,,
IT1:22_293_DF_DCIS_INDDEMOG1_1(1.0),A,ITD32,NMIGRATEAB,2016,-2.3,,,,TIPO_DATO15__NMIGRATEAB_N1,,,
IT1:22_293_DF_DCIS_INDDEMOG1_1(1.0),A,ITD32,NMIGRATEAB,2017,-1.2,,,,TIPO_DATO15__NMIGRATEAB_N1,,,
IT1:22_293_DF_DCIS_INDDEMOG1_1(1.0),A,ITD32,NMIGRATEAB,2018,0.1,,,,TIPO_DATO15__NMIGRATEAB_N1,,,
IT1:22_293_DF_DCIS_INDDEMOG1_1(1.0),A,ITD32,NMIGRATEAB,2019,1.4,,,,TIPO_DATO15__NMIGRATEAB_N1,,,
IT1:22_293_DF_DCIS_INDDEMOG1_1(1.0),A,ITD32,NMIGRATEAB,2020,-0.2,,,,TIPO_DATO15__NMIGRATEAB_N1,,,
IT1:22_293_DF_DCIS_INDDEMOG1_1(1.0),A,ITD32,NMIGRATEAB,2021,1.6,,,,TIPO_DATO15__NMIGRATEAB_N1,,,
IT1:22_293_DF_DCIS_INDDEMOG1_1(1.0),A,ITD32,NMIGRATEAB,2022,3.5,,,,TIPO_DATO15__NMIGRATEAB_N1,,,
IT1:22_293_DF_DCIS_INDDEMOG1_1(1.0),A,ITD32,NMIGRATEAB,2023,3.8,,,,TIPO_DATO15__NMIGRATEAB_N1,,,
IT1:22_293_DF_DCIS_INDDEMOG1_1(1.0),A,ITD32,NMIGRATEAB,2024,2.9,,,,TIPO_DATO15__NMIGRATEAB_N1,,,
IT1:22_293_DF_DCIS_INDDEMOG1_1(1.0),A,ITD32,NMIGRATEAB,2025,3.7,p,,,TIPO_DATO15__NMIGRATEAB_N1,,,
IT1:22_293_DF_DCIS_INDDEMOG1_1(1.0),A,ITD33,NMIGRATEAB,2015,-0.1,,,,TIPO_DATO15__NMIGRATEAB_N1,,,
IT1:22_293_DF_DCIS_INDDEMOG1_1(1.0),A,ITD33,NMIGRATEAB,2016,-0.3,,,,TIPO_DATO15__NMIGRATEAB_N1,,,
IT1:22_293_DF_DCIS_INDDEMOG1_1(1.0),A,ITD33,NMIGRATEAB,2017,1.9,,,,TIPO_DATO15__NMIGRATEAB_N1,,,
IT1:22_293_DF_DCIS_INDDEMOG1_1(1.0),A,ITD33,NMIGRATEAB,2018,1.3,,,,TIPO_DATO15__NMIGRATEAB_N1,,,
IT1:22_293_DF_DCIS_INDDEMOG1_1(1.0),A,ITD33,NMIGRATEAB,2019,2,,,,TIPO_DATO15__NMIGRATEAB_N1,,,
IT1:22_293_DF_DCIS_INDDEMOG1_1(1.0),A,ITD33,NMIGRATEAB,2020,0.8,,,,TIPO_DATO15__NMIGRATEAB_N1,,,
IT1:22_293_DF_DCIS_INDDEMOG1_1(1.0),A,ITD33,NMIGRATEAB,2021,2,,,,TIPO_DATO15__NMIGRATEAB_N1,,,
IT1:22_293_DF_DCIS_INDDEMOG1_1(1.0),A,ITD33,NMIGRATEAB,2022,3.9,,,,TIPO_DATO15__NMIGRATEAB_N1,,,
IT1:22_293_DF_DCIS_INDDEMOG1_1(1.0),A,ITD33,NMIGRATEAB,2023,4.1,,,,TIPO_DATO15__NMIGRATEAB_N1,,,
IT1:22_293_DF_DCIS_INDDEMOG1_1(1.0),A,ITD33,NMIGRATEAB,2024,5.1,,,,TIPO_DATO15__NMIGRATEAB_N1,,,
IT1:22_293_DF_DCIS_INDDEMOG1_1(1.0),A,ITD33,NMIGRATEAB,2025,4.5,p,,,TIPO_DATO15__NMIGRATEAB_N1,,,
IT1:22_293_DF_DCIS_INDDEMOG1_1(1.0),A,ITD34,NMIGRATEAB,2015,-2.2,,,,TIPO_DATO15__NMIGRATEAB_N1,,,
IT1:22_293_DF_DCIS_INDDEMOG1_1(1.0),A,ITD34,NMIGRATEAB,2016,0.1,,,,TIPO_DATO15__NMIGRATEAB_N1,,,
IT1:22_293_DF_DCIS_INDDEMOG1_1(1.0),A,ITD34,NMIGRATEAB,2017,1.5,,,,TIPO_DATO15__NMIGRATEAB_N1,,,
IT1:22_293_DF_DCIS_INDDEMOG1_1(1.0),A,ITD34,NMIGRATEAB,2018,1.1,,,,TIPO_DATO15__NMIGRATEAB_N1,,,
IT1:22_293_DF_DCIS_INDDEMOG1_1(1.0),A,ITD34,NMIGRATEAB,2019,2,,,,TIPO_DATO15__NMIGRATEAB_N1,,,
IT1:22_293_DF_DCIS_INDDEMOG1_1(1.0),A,ITD34,NMIGRATEAB,2020,0.5,,,,TIPO_DATO15__NMIGRATEAB_N1,,,
IT1:22_293_DF_DCIS_INDDEMOG1_1(1.0),A,ITD34,NMIGRATEAB,2021,1.7,,,,TIPO_DATO15__NMIGRATEAB_N1,,,
IT1:22_293_DF_DCIS_INDDEMOG1_1(1.0),A,ITD34,NMIGRATEAB,2022,3.6,,,,TIPO_DATO15__NMIGRATEAB_N1,,,
IT1:22_293_DF_DCIS_INDDEMOG1_1(1.0),A,ITD34,NMIGRATEAB,2023,3.9,,,,TIPO_DATO15__NMIGRATEAB_N1,,,
IT1:22_293_DF_DCIS_INDDEMOG1_1(1.0),A,ITD34,NMIGRATEAB,2024,3.3,,,,TIPO_DATO15__NMIGRATEAB_N1,,,
IT1:22_293_DF_DCIS_INDDEMOG1_1(1.0),A,ITD34,NMIGRATEAB,2025,1.9,p,,,TIPO_DATO15__NMIGRATEAB_N1,,,
IT1:22_293_DF_DCIS_INDDEMOG1_1(1.0),A,ITD35,NMIGRATEAB,2015,-0.4,,,,TIPO_DATO15__NMIGRATEAB_N1,,,
IT1:22_293_DF_DCIS_INDDEMOG1_1(1.0),A,ITD35,NMIGRATEAB,2016,0.9,,,,TIPO_DATO15__NMIGRATEAB_N1,,,
IT1:22_293_DF_DCIS_INDDEMOG1_1(1.0),A,ITD35,NMIGRATEAB,2017,1.6,,,,TIPO_DATO15__NMIGRATEAB_N1,,,
IT1:22_293_DF_DCIS_INDDEMOG1_1(1.0),A,ITD35,NMIGRATEAB,2018,2.4,,,,TIPO_DATO15__NMIGRATEAB_N1,,,
IT1:22_293_DF_DCIS_INDDEMOG1_1(1.0),A,ITD35,NMIGRATEAB,2019,3.1,,,,TIPO_DATO15__NMIGRATEAB_N1,,,
IT1:22_293_DF_DCIS_INDDEMOG1_1(1.0),A,ITD35,NMIGRATEAB,2020,1.9,,,,TIPO_DATO15__NMIGRATEAB_N1,,,
IT1:22_293_DF_DCIS_INDDEMOG1_1(1.0),A,ITD35,NMIGRATEAB,2021,2.9,,,,TIPO_DATO15__NMIGRATEAB_N1,,,
IT1:22_293_DF_DCIS_INDDEMOG1_1(1.0),A,ITD35,NMIGRATEAB,2022,4.3,,,,TIPO_DATO15__NMIGRATEAB_N1,,,
IT1:22_293_DF_DCIS_INDDEMOG1_1(1.0),A,ITD35,NMIGRATEAB,2023,4,,,,TIPO_DATO15__NMIGRATEAB_N1,,,
IT1:22_293_DF_DCIS_INDDEMOG1_1(1.0),A,ITD35,NMIGRATEAB,2024,3.5,,,,TIPO_DATO15__NMIGRATEAB_N1,,,
IT1:22_293_DF_DCIS_INDDEMOG1_1(1.0),A,ITD35,NMIGRATEAB,2025,5.1,p,,,TIPO_DATO15__NMIGRATEAB_N1,,,
IT1:22_293_DF_DCIS_INDDEMOG1_1(1.0),A,ITD36,NMIGRATEAB,2015,-0.9,,,,TIPO_DATO15__NMIGRATEAB_N1,,,
IT1:22_293_DF_DCIS_INDDEMOG1_1(1.0),A,ITD36,NMIGRATEAB,2016,-0.7,,,,TIPO_DATO15__NMIGRATEAB_N1,,,
IT1:22_293_DF_DCIS_INDDEMOG1_1(1.0),A,ITD36,NMIGRATEAB,2017,0.4,,,,TIPO_DATO15__NMIGRATEAB_N1,,,
IT1:22_293_DF_DCIS_INDDEMOG1_1(1.0),A,ITD36,NMIGRATEAB,2018,1.3,,,,TIPO_DATO15__NMIGRATEAB_N1,,,
IT1:22_293_DF_DCIS_INDDEMOG1_1(1.0),A,ITD36,NMIGRATEAB,2019,2.7,,,,TIPO_DATO15__NMIGRATEAB_N1,,,
IT1:22_293_DF_DCIS_INDDEMOG1_1(1.0),A,ITD36,NMIGRATEAB,2020,1.3,,,,TIPO_DATO15__NMIGRATEAB_N1,,,
IT1:22_293_DF_DCIS_INDDEMOG1_1(1.0),A,ITD36,NMIGRATEAB,2021,2.8,,,,TIPO_DATO15__NMIGRATEAB_N1,,,
IT1:22_293_DF_DCIS_INDDEMOG1_1(1.0),A,ITD36,NMIGRATEAB,2022,3.2,,,,TIPO_DATO15__NMIGRATEAB_N1,,,
IT1:22_293_DF_DCIS_INDDEMOG1_1(1.0),A,ITD36,NMIGRATEAB,2023,3.9,,,,TIPO_DATO15__NMIGRATEAB_N1,,,
IT1:22_293_DF_DCIS_INDDEMOG1_1(1.0),A,ITD36,NMIGRATEAB,2024,4.1,,,,TIPO_DATO15__NMIGRATEAB_N1,,,
IT1:22_293_DF_DCIS_INDDEMOG1_1(1.0),A,ITD36,NMIGRATEAB,2025,4.9,p,,,TIPO_DATO15__NMIGRATEAB_N1,,,
IT1:22_293_DF_DCIS_INDDEMOG1_1(1.0),A,ITD37,NMIGRATEAB,2015,-1.6,,,,TIPO_DATO15__NMIGRATEAB_N1,,,
IT1:22_293_DF_DCIS_INDDEMOG1_1(1.0),A,ITD37,NMIGRATEAB,2016,-0.7,,,,TIPO_DATO15__NMIGRATEAB_N1,,,
IT1:22_293_DF_DCIS_INDDEMOG1_1(1.0),A,ITD37,NMIGRATEAB,2017,-0.7,,,,TIPO_DATO15__NMIGRATEAB_N1,,,
IT1:22_293_DF_DCIS_INDDEMOG1_1(1.0),A,ITD37,NMIGRATEAB,2018,1.9,,,,TIPO_DATO15__NMIGRATEAB_N1,,,
IT1:22_293_DF_DCIS_INDDEMOG1_1(1.0),A,ITD37,NMIGRATEAB,2019,2.8,,,,TIPO_DATO15__NMIGRATEAB_N1,,,
IT1:22_293_DF_DCIS_INDDEMOG1_1(1.0),A,ITD37,NMIGRATEAB,2020,1.9,,,,TIPO_DATO15__NMIGRATEAB_N1,,,
IT1:22_293_DF_DCIS_INDDEMOG1_1(1.0),A,ITD37,NMIGRATEAB,2021,3.4,,,,TIPO_DATO15__NMIGRATEAB_N1,,,
IT1:22_293_DF_DCIS_INDDEMOG1_1(1.0),A,ITD37,NMIGRATEAB,2022,4.6,,,,TIPO_DATO15__NMIGRATEAB_N1,,,
IT1:22_293_DF_DCIS_INDDEMOG1_1(1.0),A,ITD37,NMIGRATEAB,2023,4.7,,,,TIPO_DATO15__NMIGRATEAB_N1,,,
IT1:22_293_DF_DCIS_INDDEMOG1_1(1.0),A,ITD37,NMIGRATEAB,2024,5,,,,TIPO_DATO15__NMIGRATEAB_N1,,,
IT1:22_293_DF_DCIS_INDDEMOG1_1(1.0),A,ITD37,NMIGRATEAB,2025,6.9,p,,,TIPO_DATO15__NMIGRATEAB_N1,,,
IT1:22_293_DF_DCIS_INDDEMOG1_1(1.0),A,ITD4,NMIGRATEAB,2015,-0.6,,,,TIPO_DATO15__NMIGRATEAB_N1,,,
IT1:22_293_DF_DCIS_INDDEMOG1_1(1.0),A,ITD4,NMIGRATEAB,2016,-0.1,,,,TIPO_DATO15__NMIGRATEAB_N1,,,
IT1:22_293_DF_DCIS_INDDEMOG1_1(1.0),A,ITD4,NMIGRATEAB,2017,1.6,,,,TIPO_DATO15__NMIGRATEAB_N1,,,
IT1:22_293_DF_DCIS_INDDEMOG1_1(1.0),A,ITD4,NMIGRATEAB,2018,1.6,,,,TIPO_DATO15__NMIGRATEAB_N1,,,
IT1:22_293_DF_DCIS_INDDEMOG1_1(1.0),A,ITD4,NMIGRATEAB,2019,1.5,,,,TIPO_DATO15__NMIGRATEAB_N1,,,
IT1:22_293_DF_DCIS_INDDEMOG1_1(1.0),A,ITD4,NMIGRATEAB,2020,1.8,,,,TIPO_DATO15__NMIGRATEAB_N1,,,
IT1:22_293_DF_DCIS_INDDEMOG1_1(1.0),A,ITD4,NMIGRATEAB,2021,3.7,,,,TIPO_DATO15__NMIGRATEAB_N1,,,
IT1:22_293_DF_DCIS_INDDEMOG1_1(1.0),A,ITD4,NMIGRATEAB,2022,4.9,,,,TIPO_DATO15__NMIGRATEAB_N1,,,
IT1:22_293_DF_DCIS_INDDEMOG1_1(1.0),A,ITD4,NMIGRATEAB,2023,5.2,,,,TIPO_DATO15__NMIGRATEAB_N1,,,
IT1:22_293_DF_DCIS_INDDEMOG1_1(1.0),A,ITD4,NMIGRATEAB,2024,4.2,,,,TIPO_DATO15__NMIGRATEAB_N1,,,
IT1:22_293_DF_DCIS_INDDEMOG1_1(1.0),A,ITD4,NMIGRATEAB,2025,4.9,p,,,TIPO_DATO15__NMIGRATEAB_N1,,,
IT1:22_293_DF_DCIS_INDDEMOG1_1(1.0),A,ITD41,NMIGRATEAB,2015,-1.9,,,,TIPO_DATO15__NMIGRATEAB_N1,,,
IT1:22_293_DF_DCIS_INDDEMOG1_1(1.0),A,ITD41,NMIGRATEAB,2016,-1.9,,,,TIPO_DATO15__NMIGRATEAB_N1,,,
IT1:22_293_DF_DCIS_INDDEMOG1_1(1.0),A,ITD41,NMIGRATEAB,2017,1.4,,,,TIPO_DATO15__NMIGRATEAB_N1,,,
IT1:22_293_DF_DCIS_INDDEMOG1_1(1.0),A,ITD41,NMIGRATEAB,2018,1,,,,TIPO_DATO15__NMIGRATEAB_N1,,,
IT1:22_293_DF_DCIS_INDDEMOG1_1(1.0),A,ITD41,NMIGRATEAB,2019,2.2,,,,TIPO_DATO15__NMIGRATEAB_N1,,,
IT1:22_293_DF_DCIS_INDDEMOG1_1(1.0),A,ITD41,NMIGRATEAB,2020,1.2,,,,TIPO_DATO15__NMIGRATEAB_N1,,,
IT1:22_293_DF_DCIS_INDDEMOG1_1(1.0),A,ITD41,NMIGRATEAB,2021,3.8,,,,TIPO_DATO15__NMIGRATEAB_N1,,,
IT1:22_293_DF_DCIS_INDDEMOG1_1(1.0),A,ITD41,NMIGRATEAB,2022,5.6,,,,TIPO_DATO15__NMIGRATEAB_N1,,,
IT1:22_293_DF_DCIS_INDDEMOG1_1(1.0),A,ITD41,NMIGRATEAB,2023,5.5,,,,TIPO_DATO15__NMIGRATEAB_N1,,,
IT1:22_293_DF_DCIS_INDDEMOG1_1(1.0),A,ITD41,NMIGRATEAB,2024,4.2,,,,TIPO_DATO15__NMIGRATEAB_N1,,,
IT1:22_293_DF_DCIS_INDDEMOG1_1(1.0),A,ITD41,NMIGRATEAB,2025,5,p,,,TIPO_DATO15__NMIGRATEAB_N1,,,
IT1:22_293_DF_DCIS_INDDEMOG1_1(1.0),A,ITD42,NMIGRATEAB,2015,-1,,,,TIPO_DATO15__NMIGRATEAB_N1,,,
IT1:22_293_DF_DCIS_INDDEMOG1_1(1.0),A,ITD42,NMIGRATEAB,2016,-0.4,,,,TIPO_DATO15__NMIGRATEAB_N1,,,
IT1:22_293_DF_DCIS_INDDEMOG1_1(1.0),A,ITD42,NMIGRATEAB,2017,0.1,,,,TIPO_DATO15__NMIGRATEAB_N1,,,
IT1:22_293_DF_DCIS_INDDEMOG1_1(1.0),A,ITD42,NMIGRATEAB,2018,0.9,,,,TIPO_DATO15__NMIGRATEAB_N1,,,
IT1:22_293_DF_DCIS_INDDEMOG1_1(1.0),A,ITD42,NMIGRATEAB,2019,0.6,,,,TIPO_DATO15__NMIGRATEAB_N1,,,
IT1:22_293_DF_DCIS_INDDEMOG1_1(1.0),A,ITD42,NMIGRATEAB,2020,1,,,,TIPO_DATO15__NMIGRATEAB_N1,,,
IT1:22_293_DF_DCIS_INDDEMOG1_1(1.0),A,ITD42,NMIGRATEAB,2021,2.4,,,,TIPO_DATO15__NMIGRATEAB_N1,,,
IT1:22_293_DF_DCIS_INDDEMOG1_1(1.0),A,ITD42,NMIGRATEAB,2022,3.5,,,,TIPO_DATO15__NMIGRATEAB_N1,,,
IT1:22_293_DF_DCIS_INDDEMOG1_1(1.0),A,ITD42,NMIGRATEAB,2023,3.6,,,,TIPO_DATO15__NMIGRATEAB_N1,,,
IT1:22_293_DF_DCIS_INDDEMOG1_1(1.0),A,ITD42,NMIGRATEAB,2024,3.4,,,,TIPO_DATO15__NMIGRATEAB_N1,,,
IT1:22_293_DF_DCIS_INDDEMOG1_1(1.0),A,ITD42,NMIGRATEAB,2025,3.9,p,,,TIPO_DATO15__NMIGRATEAB_N1,,,
IT1:22_293_DF_DCIS_INDDEMOG1_1(1.0),A,ITD43,NMIGRATEAB,2015,0.4,,,,TIPO_DATO15__NMIGRATEAB_N1,,,
IT1:22_293_DF_DCIS_INDDEMOG1_1(1.0),A,ITD43,NMIGRATEAB,2016,0.2,,,,TIPO_DATO15__NMIGRATEAB_N1,,,
IT1:22_293_DF_DCIS_INDDEMOG1_1(1.0),A,ITD43,NMIGRATEAB,2017,1.9,,,,TIPO_DATO15__NMIGRATEAB_N1,,,
IT1:22_293_DF_DCIS_INDDEMOG1_1(1.0),A,ITD43,NMIGRATEAB,2018,3.1,,,,TIPO_DATO15__NMIGRATEAB_N1,,,
IT1:22_293_DF_DCIS_INDDEMOG1_1(1.0),A,ITD43,NMIGRATEAB,2019,3.7,,,,TIPO_DATO15__NMIGRATEAB_N1,,,
IT1:22_293_DF_DCIS_INDDEMOG1_1(1.0),A,ITD43,NMIGRATEAB,2020,2.6,,,,TIPO_DATO15__NMIGRATEAB_N1,,,
IT1:22_293_DF_DCIS_INDDEMOG1_1(1.0),A,ITD43,NMIGRATEAB,2021,7,,,,TIPO_DATO15__NMIGRATEAB_N1,,,
IT1:22_293_DF_DCIS_INDDEMOG1_1(1.0),A,ITD43,NMIGRATEAB,2022,7.2,,,,TIPO_DATO15__NMIGRATEAB_N1,,,
IT1:22_293_DF_DCIS_INDDEMOG1_1(1.0),A,ITD43,NMIGRATEAB,2023,7.5,,,,TIPO_DATO15__NMIGRATEAB_N1,,,
IT1:22_293_DF_DCIS_INDDEMOG1_1(1.0),A,ITD43,NMIGRATEAB,2024,5.5,,,,TIPO_DATO15__NMIGRATEAB_N1,,,
IT1:22_293_DF_DCIS_INDDEMOG1_1(1.0),A,ITD43,NMIGRATEAB,2025,7.3,p,,,TIPO_DATO15__NMIGRATEAB_N1,,,
IT1:22_293_DF_DCIS_INDDEMOG1_1(1.0),A,ITD44,NMIGRATEAB,2015,1.2,,,,TIPO_DATO15__NMIGRATEAB_N1,,,
IT1:22_293_DF_DCIS_INDDEMOG1_1(1.0),A,ITD44,NMIGRATEAB,2016,3,,,,TIPO_DATO15__NMIGRATEAB_N1,,,
IT1:22_293_DF_DCIS_INDDEMOG1_1(1.0),A,ITD44,NMIGRATEAB,2017,5.1,,,,TIPO_DATO15__NMIGRATEAB_N1,,,
IT1:22_293_DF_DCIS_INDDEMOG1_1(1.0),A,ITD44,NMIGRATEAB,2018,3,,,,TIPO_DATO15__NMIGRATEAB_N1,,,
IT1:22_293_DF_DCIS_INDDEMOG1_1(1.0),A,ITD44,NMIGRATEAB,2019,1.4,,,,TIPO_DATO15__NMIGRATEAB_N1,,,
IT1:22_293_DF_DCIS_INDDEMOG1_1(1.0),A,ITD44,NMIGRATEAB,2020,4,,,,TIPO_DATO15__NMIGRATEAB_N1,,,
IT1:22_293_DF_DCIS_INDDEMOG1_1(1.0),A,ITD44,NMIGRATEAB,2021,4.5,,,,TIPO_DATO15__NMIGRATEAB_N1,,,
IT1:22_293_DF_DCIS_INDDEMOG1_1(1.0),A,ITD44,NMIGRATEAB,2022,5.7,,,,TIPO_DATO15__NMIGRATEAB_N1,,,
IT1:22_293_DF_DCIS_INDDEMOG1_1(1.0),A,ITD44,NMIGRATEAB,2023,7,,,,TIPO_DATO15__NMIGRATEAB_N1,,,
IT1:22_293_DF_DCIS_INDDEMOG1_1(1.0),A,ITD44,NMIGRATEAB,2024,5.2,,,,TIPO_DATO15__NMIGRATEAB_N1,,,
IT1:22_293_DF_DCIS_INDDEMOG1_1(1.0),A,ITD44,NMIGRATEAB,2025,5.7,p,,,TIPO_DATO15__NMIGRATEAB_N1,,,
IT1:22_293_DF_DCIS_INDDEMOG1_1(1.0),A,ITD5,NMIGRATEAB,2015,0.7,,,,TIPO_DATO15__NMIGRATEAB_N1,,,
IT1:22_293_DF_DCIS_INDDEMOG1_1(1.0),A,ITD5,NMIGRATEAB,2016,1,,,,TIPO_DATO15__NMIGRATEAB_N1,,,
IT1:22_293_DF_DCIS_INDDEMOG1_1(1.0),A,ITD5,NMIGRATEAB,2017,1.4,,,,TIPO_DATO15__NMIGRATEAB_N1,,,
IT1:22_293_DF_DCIS_INDDEMOG1_1(1.0),A,ITD5,NMIGRATEAB,2018,2.2,,,,TIPO_DATO15__NMIGRATEAB_N1,,,
IT1:22_293_DF_DCIS_INDDEMOG1_1(1.0),A,ITD5,NMIGRATEAB,2019,3.8,,,,TIPO_DATO15__NMIGRATEAB_N1,,,
IT1:22_293_DF_DCIS_INDDEMOG1_1(1.0),A,ITD5,NMIGRATEAB,2020,1.9,,,,TIPO_DATO15__NMIGRATEAB_N1,,,
IT1:22_293_DF_DCIS_INDDEMOG1_1(1.0),A,ITD5,NMIGRATEAB,2021,3.5,,,,TIPO_DATO15__NMIGRATEAB_N1,,,
IT1:22_293_DF_DCIS_INDDEMOG1_1(1.0),A,ITD5,NMIGRATEAB,2022,5.3,,,,TIPO_DATO15__NMIGRATEAB_N1,,,
IT1:22_293_DF_DCIS_INDDEMOG1_1(1.0),A,ITD5,NMIGRATEAB,2023,5.7,,,,TIPO_DATO15__NMIGRATEAB_N1,,,
IT1:22_293_DF_DCIS_INDDEMOG1_1(1.0),A,ITD5,NMIGRATEAB,2024,5.5,,,,TIPO_DATO15__NMIGRATEAB_N1,,,
IT1:22_293_DF_DCIS_INDDEMOG1_1(1.0),A,ITD5,NMIGRATEAB,2025,6.5,p,,,TIPO_DATO15__NMIGRATEAB_N1,,,
IT1:22_293_DF_DCIS_INDDEMOG1_1(1.0),A,ITD51,NMIGRATEAB,2015,-0.6,,,,TIPO_DATO15__NMIGRATEAB_N1,,,
IT1:22_293_DF_DCIS_INDDEMOG1_1(1.0),A,ITD51,NMIGRATEAB,2016,1.3,,,,TIPO_DATO15__NMIGRATEAB_N1,,,
IT1:22_293_DF_DCIS_INDDEMOG1_1(1.0),A,ITD51,NMIGRATEAB,2017,3.2,,,,TIPO_DATO15__NMIGRATEAB_N1,,,
IT1:22_293_DF_DCIS_INDDEMOG1_1(1.0),A,ITD51,NMIGRATEAB,2018,2.9,,,,TIPO_DATO15__NMIGRATEAB_N1,,,
IT1:22_293_DF_DCIS_INDDEMOG1_1(1.0),A,ITD51,NMIGRATEAB,2019,3.9,,,,TIPO_DATO15__NMIGRATEAB_N1,,,
IT1:22_293_DF_DCIS_INDDEMOG1_1(1.0),A,ITD51,NMIGRATEAB,2020,2.1,,,,TIPO_DATO15__NMIGRATEAB_N1,,,
IT1:22_293_DF_DCIS_INDDEMOG1_1(1.0),A,ITD51,NMIGRATEAB,2021,5.1,,,,TIPO_DATO15__NMIGRATEAB_N1,,,
IT1:22_293_DF_DCIS_INDDEMOG1_1(1.0),A,ITD51,NMIGRATEAB,2022,6.8,,,,TIPO_DATO15__NMIGRATEAB_N1,,,
IT1:22_293_DF_DCIS_INDDEMOG1_1(1.0),A,ITD51,NMIGRATEAB,2023,8.5,,,,TIPO_DATO15__NMIGRATEAB_N1,,,
IT1:22_293_DF_DCIS_INDDEMOG1_1(1.0),A,ITD51,NMIGRATEAB,2024,7.3,,,,TIPO_DATO15__NMIGRATEAB_N1,,,
IT1:22_293_DF_DCIS_INDDEMOG1_1(1.0),A,ITD51,NMIGRATEAB,2025,7.4,p,,,TIPO_DATO15__NMIGRATEAB_N1,,,
IT1:22_293_DF_DCIS_INDDEMOG1_1(1.0),A,ITD52,NMIGRATEAB,2015,3.8,,,,TIPO_DATO15__NMIGRATEAB_N1,,,
IT1:22_293_DF_DCIS_INDDEMOG1_1(1.0),A,ITD52,NMIGRATEAB,2016,2.1,,,,TIPO_DATO15__NMIGRATEAB_N1,,,
IT1:22_293_DF_DCIS_INDDEMOG1_1(1.0),A,ITD52,NMIGRATEAB,2017,3.6,,,,TIPO_DATO15__NMIGRATEAB_N1,,,
IT1:22_293_DF_DCIS_INDDEMOG1_1(1.0),A,ITD52,NMIGRATEAB,2018,4,,,,TIPO_DATO15__NMIGRATEAB_N1,,,
IT1:22_293_DF_DCIS_INDDEMOG1_1(1.0),A,ITD52,NMIGRATEAB,2019,5.9,,,,TIPO_DATO15__NMIGRATEAB_N1,,,
IT1:22_293_DF_DCIS_INDDEMOG1_1(1.0),A,ITD52,NMIGRATEAB,2020,3.2,,,,TIPO_DATO15__NMIGRATEAB_N1,,,
IT1:22_293_DF_DCIS_INDDEMOG1_1(1.0),A,ITD52,NMIGRATEAB,2021,4.9,,,,TIPO_DATO15__NMIGRATEAB_N1,,,
IT1:22_293_DF_DCIS_INDDEMOG1_1(1.0),A,ITD52,NMIGRATEAB,2022,6.3,,,,TIPO_DATO15__NMIGRATEAB_N1,,,
IT1:22_293_DF_DCIS_INDDEMOG1_1(1.0),A,ITD52,NMIGRATEAB,2023,6.8,,,,TIPO_DATO15__NMIGRATEAB_N1,,,
IT1:22_293_DF_DCIS_INDDEMOG1_1(1.0),A,ITD52,NMIGRATEAB,2024,5.5,,,,TIPO_DATO15__NMIGRATEAB_N1,,,
IT1:22_293_DF_DCIS_INDDEMOG1_1(1.0),A,ITD52,NMIGRATEAB,2025,6.7,p,,,TIPO_DATO15__NMIGRATEAB_N1,,,
IT1:22_293_DF_DCIS_INDDEMOG1_1(1.0),A,ITD53,NMIGRATEAB,2015,0.5,,,,TIPO_DATO15__NMIGRATEAB_N1,,,
IT1:22_293_DF_DCIS_INDDEMOG1_1(1.0),A,ITD53,NMIGRATEAB,2016,0,,,,TIPO_DATO15__NMIGRATEAB_N1,,,
IT1:22_293_DF_DCIS_INDDEMOG1_1(1.0),A,ITD53,NMIGRATEAB,2017,-0.1,,,,TIPO_DATO15__NMIGRATEAB_N1,,,
IT1:22_293_DF_DCIS_INDDEMOG1_1(1.0),A,ITD53,NMIGRATEAB,2018,-0.1,,,,TIPO_DATO15__NMIGRATEAB_N1,,,
IT1:22_293_DF_DCIS_INDDEMOG1_1(1.0),A,ITD53,NMIGRATEAB,2019,2.4,,,,TIPO_DATO15__NMIGRATEAB_N1,,,
IT1:22_293_DF_DCIS_INDDEMOG1_1(1.0),A,ITD53,NMIGRATEAB,2020,0.6,,,,TIPO_DATO15__NMIGRATEAB_N1,,,
IT1:22_293_DF_DCIS_INDDEMOG1_1(1.0),A,ITD53,NMIGRATEAB,2021,1.3,,,,TIPO_DATO15__NMIGRATEAB_N1,,,
IT1:22_293_DF_DCIS_INDDEMOG1_1(1.0),A,ITD53,NMIGRATEAB,2022,4.9,,,,TIPO_DATO15__NMIGRATEAB_N1,,,
IT1:22_293_DF_DCIS_INDDEMOG1_1(1.0),A,ITD53,NMIGRATEAB,2023,5.4,,,,TIPO_DATO15__NMIGRATEAB_N1,,,
IT1:22_293_DF_DCIS_INDDEMOG1_1(1.0),A,ITD53,NMIGRATEAB,2024,5.7,,,,TIPO_DATO15__NMIGRATEAB_N1,,,
IT1:22_293_DF_DCIS_INDDEMOG1_1(1.0),A,ITD53,NMIGRATEAB,2025,5.9,p,,,TIPO_DATO15__NMIGRATEAB_N1,,,
IT1:22_293_DF_DCIS_INDDEMOG1_1(1.0),A,ITD54,NMIGRATEAB,2015,-0.3,,,,TIPO_DATO15__NMIGRATEAB_N1,,,
IT1:22_293_DF_DCIS_INDDEMOG1_1(1.0),A,ITD54,NMIGRATEAB,2016,-0.1,,,,TIPO_DATO15__NMIGRATEAB_N1,,,
IT1:22_293_DF_DCIS_INDDEMOG1_1(1.0),A,ITD54,NMIGRATEAB,2017,0.7,,,,TIPO_DATO15__NMIGRATEAB_N1,,,
IT1:22_293_DF_DCIS_INDDEMOG1_1(1.0),A,ITD54,NMIGRATEAB,2018,3.2,,,,TIPO_DATO15__NMIGRATEAB_N1,,,
IT1:22_293_DF_DCIS_INDDEMOG1_1(1.0),A,ITD54,NMIGRATEAB,2019,3.5,,,,TIPO_DATO15__NMIGRATEAB_N1,,,
IT1:22_293_DF_DCIS_INDDEMOG1_1(1.0),A,ITD54,NMIGRATEAB,2020,1.4,,,,TIPO_DATO15__NMIGRATEAB_N1,,,
IT1:22_293_DF_DCIS_INDDEMOG1_1(1.0),A,ITD54,NMIGRATEAB,2021,3,,,,TIPO_DATO15__NMIGRATEAB_N1,,,
IT1:22_293_DF_DCIS_INDDEMOG1_1(1.0),A,ITD54,NMIGRATEAB,2022,5.3,,,,TIPO_DATO15__NMIGRATEAB_N1,,,
IT1:22_293_DF_DCIS_INDDEMOG1_1(1.0),A,ITD54,NMIGRATEAB,2023,5.6,,,,TIPO_DATO15__NMIGRATEAB_N1,,,
IT1:22_293_DF_DCIS_INDDEMOG1_1(1.0),A,ITD54,NMIGRATEAB,2024,5.5,,,,TIPO_DATO15__NMIGRATEAB_N1,,,
IT1:22_293_DF_DCIS_INDDEMOG1_1(1.0),A,ITD54,NMIGRATEAB,2025,7.1,p,,,TIPO_DATO15__NMIGRATEAB_N1,,,
IT1:22_293_DF_DCIS_INDDEMOG1_1(1.0),A,ITD55,NMIGRATEAB,2015,2.1,,,,TIPO_DATO15__NMIGRATEAB_N1,,,
IT1:22_293_DF_DCIS_INDDEMOG1_1(1.0),A,ITD55,NMIGRATEAB,2016,2.2,,,,TIPO_DATO15__NMIGRATEAB_N1,,,
IT1:22_293_DF_DCIS_INDDEMOG1_1(1.0),A,ITD55,NMIGRATEAB,2017,0.9,,,,TIPO_DATO15__NMIGRATEAB_N1,,,
IT1:22_293_DF_DCIS_INDDEMOG1_1(1.0),A,ITD55,NMIGRATEAB,2018,2.1,,,,TIPO_DATO15__NMIGRATEAB_N1,,,
IT1:22_293_DF_DCIS_INDDEMOG1_1(1.0),A,ITD55,NMIGRATEAB,2019,4.1,,,,TIPO_DATO15__NMIGRATEAB_N1,,,
IT1:22_293_DF_DCIS_INDDEMOG1_1(1.0),A,ITD55,NMIGRATEAB,2020,1.9,,,,TIPO_DATO15__NMIGRATEAB_N1,,,
IT1:22_293_DF_DCIS_INDDEMOG1_1(1.0),A,ITD55,NMIGRATEAB,2021,3.5,,,,TIPO_DATO15__NMIGRATEAB_N1,,,
IT1:22_293_DF_DCIS_INDDEMOG1_1(1.0),A,ITD55,NMIGRATEAB,2022,4.8,,,,TIPO_DATO15__NMIGRATEAB_N1,,,
IT1:22_293_DF_DCIS_INDDEMOG1_1(1.0),A,ITD55,NMIGRATEAB,2023,5.5,,,,TIPO_DATO15__NMIGRATEAB_N1,,,
IT1:22_293_DF_DCIS_INDDEMOG1_1(1.0),A,ITD55,NMIGRATEAB,2024,5.8,,,,TIPO_DATO15__NMIGRATEAB_N1,,,
IT1:22_293_DF_DCIS_INDDEMOG1_1(1.0),A,ITD55,NMIGRATEAB,2025,6.7,p,,,TIPO_DATO15__NMIGRATEAB_N1,,,
IT1:22_293_DF_DCIS_INDDEMOG1_1(1.0),A,ITD56,NMIGRATEAB,2015,0.1,,,,TIPO_DATO15__NMIGRATEAB_N1,,,
IT1:22_293_DF_DCIS_INDDEMOG1_1(1.0),A,ITD56,NMIGRATEAB,2016,0.2,,,,TIPO_DATO15__NMIGRATEAB_N1,,,
IT1:22_293_DF_DCIS_INDDEMOG1_1(1.0),A,ITD56,NMIGRATEAB,2017,2.2,,,,TIPO_DATO15__NMIGRATEAB_N1,,,
IT1:22_293_DF_DCIS_INDDEMOG1_1(1.0),A,ITD56,NMIGRATEAB,2018,2.1,,,,TIPO_DATO15__NMIGRATEAB_N1,,,
IT1:22_293_DF_DCIS_INDDEMOG1_1(1.0),A,ITD56,NMIGRATEAB,2019,3.6,,,,TIPO_DATO15__NMIGRATEAB_N1,,,
IT1:22_293_DF_DCIS_INDDEMOG1_1(1.0),A,ITD56,NMIGRATEAB,2020,1.6,,,,TIPO_DATO15__NMIGRATEAB_N1,,,
IT1:22_293_DF_DCIS_INDDEMOG1_1(1.0),A,ITD56,NMIGRATEAB,2021,4,,,,TIPO_DATO15__NMIGRATEAB_N1,,,
IT1:22_293_DF_DCIS_INDDEMOG1_1(1.0),A,ITD56,NMIGRATEAB,2022,5.9,,,,TIPO_DATO15__NMIGRATEAB_N1,,,
IT1:22_293_DF_DCIS_INDDEMOG1_1(1.0),A,ITD56,NMIGRATEAB,2023,5.4,,,,TIPO_DATO15__NMIGRATEAB_N1,,,
IT1:22_293_DF_DCIS_INDDEMOG1_1(1.0),A,ITD56,NMIGRATEAB,2024,5.9,,,,TIPO_DATO15__NMIGRATEAB_N1,,,
IT1:22_293_DF_DCIS_INDDEMOG1_1(1.0),A,ITD56,NMIGRATEAB,2025,6.9,p,,,TIPO_DATO15__NMIGRATEAB_N1,,,
IT1:22_293_DF_DCIS_INDDEMOG1_1(1.0),A,ITD57,NMIGRATEAB,2015,0.6,,,,TIPO_DATO15__NMIGRATEAB_N1,,,
IT1:22_293_DF_DCIS_INDDEMOG1_1(1.0),A,ITD57,NMIGRATEAB,2016,2,,,,TIPO_DATO15__NMIGRATEAB_N1,,,
IT1:22_293_DF_DCIS_INDDEMOG1_1(1.0),A,ITD57,NMIGRATEAB,2017,1.7,,,,TIPO_DATO15__NMIGRATEAB_N1,,,
IT1:22_293_DF_DCIS_INDDEMOG1_1(1.0),A,ITD57,NMIGRATEAB,2018,0.6,,,,TIPO_DATO15__NMIGRATEAB_N1,,,
IT1:22_293_DF_DCIS_INDDEMOG1_1(1.0),A,ITD57,NMIGRATEAB,2019,4.1,,,,TIPO_DATO15__NMIGRATEAB_N1,,,
IT1:22_293_DF_DCIS_INDDEMOG1_1(1.0),A,ITD57,NMIGRATEAB,2020,3,,,,TIPO_DATO15__NMIGRATEAB_N1,,,
IT1:22_293_DF_DCIS_INDDEMOG1_1(1.0),A,ITD57,NMIGRATEAB,2021,4.8,,,,TIPO_DATO15__NMIGRATEAB_N1,,,
IT1:22_293_DF_DCIS_INDDEMOG1_1(1.0),A,ITD57,NMIGRATEAB,2022,5.3,,,,TIPO_DATO15__NMIGRATEAB_N1,,,
IT1:22_293_DF_DCIS_INDDEMOG1_1(1.0),A,ITD57,NMIGRATEAB,2023,5.6,,,,TIPO_DATO15__NMIGRATEAB_N1,,,
IT1:22_293_DF_DCIS_INDDEMOG1_1(1.0),A,ITD57,NMIGRATEAB,2024,4.1,,,,TIPO_DATO15__NMIGRATEAB_N1,,,
IT1:22_293_DF_DCIS_INDDEMOG1_1(1.0),A,ITD57,NMIGRATEAB,2025,6.1,p,,,TIPO_DATO15__NMIGRATEAB_N1,,,
IT1:22_293_DF_DCIS_INDDEMOG1_1(1.0),A,ITD58,NMIGRATEAB,2015,-1.5,,,,TIPO_DATO15__NMIGRATEAB_N1,,,
IT1:22_293_DF_DCIS_INDDEMOG1_1(1.0),A,ITD58,NMIGRATEAB,2016,-0.8,,,,TIPO_DATO15__NMIGRATEAB_N1,,,
IT1:22_293_DF_DCIS_INDDEMOG1_1(1.0),A,ITD58,NMIGRATEAB,2017,2,,,,TIPO_DATO15__NMIGRATEAB_N1,,,
IT1:22_293_DF_DCIS_INDDEMOG1_1(1.0),A,ITD58,NMIGRATEAB,2018,2.1,,,,TIPO_DATO15__NMIGRATEAB_N1,,,
IT1:22_293_DF_DCIS_INDDEMOG1_1(1.0),A,ITD58,NMIGRATEAB,2019,3.6,,,,TIPO_DATO15__NMIGRATEAB_N1,,,
IT1:22_293_DF_DCIS_INDDEMOG1_1(1.0),A,ITD58,NMIGRATEAB,2020,2.3,,,,TIPO_DATO15__NMIGRATEAB_N1,,,
IT1:22_293_DF_DCIS_INDDEMOG1_1(1.0),A,ITD58,NMIGRATEAB,2021,3.3,,,,TIPO_DATO15__NMIGRATEAB_N1,,,
IT1:22_293_DF_DCIS_INDDEMOG1_1(1.0),A,ITD58,NMIGRATEAB,2022,4.6,,,,TIPO_DATO15__NMIGRATEAB_N1,,,
IT1:22_293_DF_DCIS_INDDEMOG1_1(1.0),A,ITD58,NMIGRATEAB,2023,4.6,,,,TIPO_DATO15__NMIGRATEAB_N1,,,
IT1:22_293_DF_DCIS_INDDEMOG1_1(1.0),A,ITD58,NMIGRATEAB,2024,4.6,,,,TIPO_DATO15__NMIGRATEAB_N1,,,
IT1:22_293_DF_DCIS_INDDEMOG1_1(1.0),A,ITD58,NMIGRATEAB,2025,5.6,p,,,TIPO_DATO15__NMIGRATEAB_N1,,,
IT1:22_293_DF_DCIS_INDDEMOG1_1(1.0),A,ITD59,NMIGRATEAB,2015,-0.4,,,,TIPO_DATO15__NMIGRATEAB_N1,,,
IT1:22_293_DF_DCIS_INDDEMOG1_1(1.0),A,ITD59,NMIGRATEAB,2016,0.9,,,,TIPO_DATO15__NMIGRATEAB_N1,,,
IT1:22_293_DF_DCIS_INDDEMOG1_1(1.0),A,ITD59,NMIGRATEAB,2017,1.1,,,,TIPO_DATO15__NMIGRATEAB_N1,,,
IT1:22_293_DF_DCIS_INDDEMOG1_1(1.0),A,ITD59,NMIGRATEAB,2018,3.5,,,,TIPO_DATO15__NMIGRATEAB_N1,,,
IT1:22_293_DF_DCIS_INDDEMOG1_1(1.0),A,ITD59,NMIGRATEAB,2019,3.5,,,,TIPO_DATO15__NMIGRATEAB_N1,,,
IT1:22_293_DF_DCIS_INDDEMOG1_1(1.0),A,ITD59,NMIGRATEAB,2020,1.5,,,,TIPO_DATO15__NMIGRATEAB_N1,,,
IT1:22_293_DF_DCIS_INDDEMOG1_1(1.0),A,ITD59,NMIGRATEAB,2021,3.5,,,,TIPO_DATO15__NMIGRATEAB_N1,,,
IT1:22_293_DF_DCIS_INDDEMOG1_1(1.0),A,ITD59,NMIGRATEAB,2022,4.5,,,,TIPO_DATO15__NMIGRATEAB_N1,,,
IT1:22_293_DF_DCIS_INDDEMOG1_1(1.0),A,ITD59,NMIGRATEAB,2023,5.4,,,,TIPO_DATO15__NMIGRATEAB_N1,,,
IT1:22_293_DF_DCIS_INDDEMOG1_1(1.0),A,ITD59,NMIGRATEAB,2024,4.5,,,,TIPO_DATO15__NMIGRATEAB_N1,,,
IT1:22_293_DF_DCIS_INDDEMOG1_1(1.0),A,ITD59,NMIGRATEAB,2025,5.2,p,,,TIPO_DATO15__NMIGRATEAB_N1,,,
IT1:22_293_DF_DCIS_INDDEMOG1_1(1.0),A,ITDA,NMIGRATEAB,2015,-0.3,,,,TIPO_DATO15__NMIGRATEAB_N1,,,
IT1:22_293_DF_DCIS_INDDEMOG1_1(1.0),A,ITDA,NMIGRATEAB,2016,0.2,,,,TIPO_DATO15__NMIGRATEAB_N1,,,
IT1:22_293_DF_DCIS_INDDEMOG1_1(1.0),A,ITDA,NMIGRATEAB,2017,1.1,,,,TIPO_DATO15__NMIGRATEAB_N1,,,
IT1:22_293_DF_DCIS_INDDEMOG1_1(1.0),A,ITDA,NMIGRATEAB,2018,0.5,,,,TIPO_DATO15__NMIGRATEAB_N1,,,
IT1:22_293_DF_DCIS_INDDEMOG1_1(1.0),A,ITDA,NMIGRATEAB,2019,1.2,,,,TIPO_DATO15__NMIGRATEAB_N1,,,
IT1:22_293_DF_DCIS_INDDEMOG1_1(1.0),A,ITDA,NMIGRATEAB,2020,1.2,,,,TIPO_DATO15__NMIGRATEAB_N1,,,
IT1:22_293_DF_DCIS_INDDEMOG1_1(1.0),A,ITDA,NMIGRATEAB,2021,2.1,,,,TIPO_DATO15__NMIGRATEAB_N1,,,
IT1:22_293_DF_DCIS_INDDEMOG1_1(1.0),A,ITDA,NMIGRATEAB,2022,3.4,,,,TIPO_DATO15__NMIGRATEAB_N1,,,
IT1:22_293_DF_DCIS_INDDEMOG1_1(1.0),A,ITDA,NMIGRATEAB,2023,3.7,,,,TIPO_DATO15__NMIGRATEAB_N1,,,
IT1:22_293_DF_DCIS_INDDEMOG1_1(1.0),A,ITDA,NMIGRATEAB,2024,3,,,,TIPO_DATO15__NMIGRATEAB_N1,,,
IT1:22_293_DF_DCIS_INDDEMOG1_1(1.0),A,ITDA,NMIGRATEAB,2025,4,p,,,TIPO_DATO15__NMIGRATEAB_N1,,,
IT1:22_293_DF_DCIS_INDDEMOG1_1(1.0),A,ITE,NMIGRATEAB,2015,1.4,,,,TIPO_DATO15__NMIGRATEAB_N1,,,
IT1:22_293_DF_DCIS_INDDEMOG1_1(1.0),A,ITE,NMIGRATEAB,2016,1.6,,,,TIPO_DATO15__NMIGRATEAB_N1,,,
IT1:22_293_DF_DCIS_INDDEMOG1_1(1.0),A,ITE,NMIGRATEAB,2017,1.3,,,,TIPO_DATO15__NMIGRATEAB_N1,,,
IT1:22_293_DF_DCIS_INDDEMOG1_1(1.0),A,ITE,NMIGRATEAB,2018,1.5,,,,TIPO_DATO15__NMIGRATEAB_N1,,,
IT1:22_293_DF_DCIS_INDDEMOG1_1(1.0),A,ITE,NMIGRATEAB,2019,3.6,,,,TIPO_DATO15__NMIGRATEAB_N1,,,
IT1:22_293_DF_DCIS_INDDEMOG1_1(1.0),A,ITE,NMIGRATEAB,2020,2.3,,,,TIPO_DATO15__NMIGRATEAB_N1,,,
IT1:22_293_DF_DCIS_INDDEMOG1_1(1.0),A,ITE,NMIGRATEAB,2021,3.4,,,,TIPO_DATO15__NMIGRATEAB_N1,,,
IT1:22_293_DF_DCIS_INDDEMOG1_1(1.0),A,ITE,NMIGRATEAB,2022,5.1,,,,TIPO_DATO15__NMIGRATEAB_N1,,,
IT1:22_293_DF_DCIS_INDDEMOG1_1(1.0),A,ITE,NMIGRATEAB,2023,5.2,,,,TIPO_DATO15__NMIGRATEAB_N1,,,
IT1:22_293_DF_DCIS_INDDEMOG1_1(1.0),A,ITE,NMIGRATEAB,2024,5,,,,TIPO_DATO15__NMIGRATEAB_N1,,,
IT1:22_293_DF_DCIS_INDDEMOG1_1(1.0),A,ITE,NMIGRATEAB,2025,5.2,p,,,TIPO_DATO15__NMIGRATEAB_N1,,,
IT1:22_293_DF_DCIS_INDDEMOG1_1(1.0),A,ITE1,NMIGRATEAB,2015,0.4,,,,TIPO_DATO15__NMIGRATEAB_N1,,,
IT1:22_293_DF_DCIS_INDDEMOG1_1(1.0),A,ITE1,NMIGRATEAB,2016,1.6,,,,TIPO_DATO15__NMIGRATEAB_N1,,,
IT1:22_293_DF_DCIS_INDDEMOG1_1(1.0),A,ITE1,NMIGRATEAB,2017,1.7,,,,TIPO_DATO15__NMIGRATEAB_N1,,,
IT1:22_293_DF_DCIS_INDDEMOG1_1(1.0),A,ITE1,NMIGRATEAB,2018,1.5,,,,TIPO_DATO15__NMIGRATEAB_N1,,,
IT1:22_293_DF_DCIS_INDDEMOG1_1(1.0),A,ITE1,NMIGRATEAB,2019,4.6,,,,TIPO_DATO15__NMIGRATEAB_N1,,,
IT1:22_293_DF_DCIS_INDDEMOG1_1(1.0),A,ITE1,NMIGRATEAB,2020,2.6,,,,TIPO_DATO15__NMIGRATEAB_N1,,,
IT1:22_293_DF_DCIS_INDDEMOG1_1(1.0),A,ITE1,NMIGRATEAB,2021,3.8,,,,TIPO_DATO15__NMIGRATEAB_N1,,,
IT1:22_293_DF_DCIS_INDDEMOG1_1(1.0),A,ITE1,NMIGRATEAB,2022,6.1,,,,TIPO_DATO15__NMIGRATEAB_N1,,,
IT1:22_293_DF_DCIS_INDDEMOG1_1(1.0),A,ITE1,NMIGRATEAB,2023,6.2,,,,TIPO_DATO15__NMIGRATEAB_N1,,,
IT1:22_293_DF_DCIS_INDDEMOG1_1(1.0),A,ITE1,NMIGRATEAB,2024,5.8,,,,TIPO_DATO15__NMIGRATEAB_N1,,,
IT1:22_293_DF_DCIS_INDDEMOG1_1(1.0),A,ITE1,NMIGRATEAB,2025,6,p,,,TIPO_DATO15__NMIGRATEAB_N1,,,
IT1:22_293_DF_DCIS_INDDEMOG1_1(1.0),A,ITE11,NMIGRATEAB,2015,-1.3,,,,TIPO_DATO15__NMIGRATEAB_N1,,,
IT1:22_293_DF_DCIS_INDDEMOG1_1(1.0),A,ITE11,NMIGRATEAB,2016,0.6,,,,TIPO_DATO15__NMIGRATEAB_N1,,,
IT1:22_293_DF_DCIS_INDDEMOG1_1(1.0),A,ITE11,NMIGRATEAB,2017,2,,,,TIPO_DATO15__NMIGRATEAB_N1,,,
IT1:22_293_DF_DCIS_INDDEMOG1_1(1.0),A,ITE11,NMIGRATEAB,2018,1.6,,,,TIPO_DATO15__NMIGRATEAB_N1,,,
IT1:22_293_DF_DCIS_INDDEMOG1_1(1.0),A,ITE11,NMIGRATEAB,2019,2.8,,,,TIPO_DATO15__NMIGRATEAB_N1,,,
IT1:22_293_DF_DCIS_INDDEMOG1_1(1.0),A,ITE11,NMIGRATEAB,2020,1.9,,,,TIPO_DATO15__NMIGRATEAB_N1,,,
IT1:22_293_DF_DCIS_INDDEMOG1_1(1.0),A,ITE11,NMIGRATEAB,2021,2.3,,,,TIPO_DATO15__NMIGRATEAB_N1,,,
IT1:22_293_DF_DCIS_INDDEMOG1_1(1.0),A,ITE11,NMIGRATEAB,2022,3.8,,,,TIPO_DATO15__NMIGRATEAB_N1,,,
IT1:22_293_DF_DCIS_INDDEMOG1_1(1.0),A,ITE11,NMIGRATEAB,2023,5.2,,,,TIPO_DATO15__NMIGRATEAB_N1,,,
IT1:22_293_DF_DCIS_INDDEMOG1_1(1.0),A,ITE11,NMIGRATEAB,2024,4.9,,,,TIPO_DATO15__NMIGRATEAB_N1,,,
IT1:22_293_DF_DCIS_INDDEMOG1_1(1.0),A,ITE11,NMIGRATEAB,2025,4.8,p,,,TIPO_DATO15__NMIGRATEAB_N1,,,
IT1:22_293_DF_DCIS_INDDEMOG1_1(1.0),A,ITE12,NMIGRATEAB,2015,-1.4,,,,TIPO_DATO15__NMIGRATEAB_N1,,,
IT1:22_293_DF_DCIS_INDDEMOG1_1(1.0),A,ITE12,NMIGRATEAB,2016,0.9,,,,TIPO_DATO15__NMIGRATEAB_N1,,,
IT1:22_293_DF_DCIS_INDDEMOG1_1(1.0),A,ITE12,NMIGRATEAB,2017,1.1,,,,TIPO_DATO15__NMIGRATEAB_N1,,,
IT1:22_293_DF_DCIS_INDDEMOG1_1(1.0),A,ITE12,NMIGRATEAB,2018,0.4,,,,TIPO_DATO15__NMIGRATEAB_N1,,,
IT1:22_293_DF_DCIS_INDDEMOG1_1(1.0),A,ITE12,NMIGRATEAB,2019,4.1,,,,TIPO_DATO15__NMIGRATEAB_N1,,,
IT1:22_293_DF_DCIS_INDDEMOG1_1(1.0),A,ITE12,NMIGRATEAB,2020,2.4,,,,TIPO_DATO15__NMIGRATEAB_N1,,,
IT1:22_293_DF_DCIS_INDDEMOG1_1(1.0),A,ITE12,NMIGRATEAB,2021,2.5,,,,TIPO_DATO15__NMIGRATEAB_N1,,,
IT1:22_293_DF_DCIS_INDDEMOG1_1(1.0),A,ITE12,NMIGRATEAB,2022,4.9,,,,TIPO_DATO15__NMIGRATEAB_N1,,,
IT1:22_293_DF_DCIS_INDDEMOG1_1(1.0),A,ITE12,NMIGRATEAB,2023,4.9,,,,TIPO_DATO15__NMIGRATEAB_N1,,,
IT1:22_293_DF_DCIS_INDDEMOG1_1(1.0),A,ITE12,NMIGRATEAB,2024,4.1,,,,TIPO_DATO15__NMIGRATEAB_N1,,,
IT1:22_293_DF_DCIS_INDDEMOG1_1(1.0),A,ITE12,NMIGRATEAB,2025,2.1,p,,,TIPO_DATO15__NMIGRATEAB_N1,,,
IT1:22_293_DF_DCIS_INDDEMOG1_1(1.0),A,ITE13,NMIGRATEAB,2015,-0.7,,,,TIPO_DATO15__NMIGRATEAB_N1,,,
IT1:22_293_DF_DCIS_INDDEMOG1_1(1.0),A,ITE13,NMIGRATEAB,2016,1,,,,TIPO_DATO15__NMIGRATEAB_N1,,,
IT1:22_293_DF_DCIS_INDDEMOG1_1(1.0),A,ITE13,NMIGRATEAB,2017,2.1,,,,TIPO_DATO15__NMIGRATEAB_N1,,,
IT1:22_293_DF_DCIS_INDDEMOG1_1(1.0),A,ITE13,NMIGRATEAB,2018,2.5,,,,TIPO_DATO15__NMIGRATEAB_N1,,,
IT1:22_293_DF_DCIS_INDDEMOG1_1(1.0),A,ITE13,NMIGRATEAB,2019,4.4,,,,TIPO_DATO15__NMIGRATEAB_N1,,,
IT1:22_293_DF_DCIS_INDDEMOG1_1(1.0),A,ITE13,NMIGRATEAB,2020,2.1,,,,TIPO_DATO15__NMIGRATEAB_N1,,,
IT1:22_293_DF_DCIS_INDDEMOG1_1(1.0),A,ITE13,NMIGRATEAB,2021,3.6,,,,TIPO_DATO15__NMIGRATEAB_N1,,,
IT1:22_293_DF_DCIS_INDDEMOG1_1(1.0),A,ITE13,NMIGRATEAB,2022,5.2,,,,TIPO_DATO15__NMIGRATEAB_N1,,,
IT1:22_293_DF_DCIS_INDDEMOG1_1(1.0),A,ITE13,NMIGRATEAB,2023,4.9,,,,TIPO_DATO15__NMIGRATEAB_N1,,,
IT1:22_293_DF_DCIS_INDDEMOG1_1(1.0),A,ITE13,NMIGRATEAB,2024,4.7,,,,TIPO_DATO15__NMIGRATEAB_N1,,,
IT1:22_293_DF_DCIS_INDDEMOG1_1(1.0),A,ITE13,NMIGRATEAB,2025,5.5,p,,,TIPO_DATO15__NMIGRATEAB_N1,,,
IT1:22_293_DF_DCIS_INDDEMOG1_1(1.0),A,ITE14,NMIGRATEAB,2015,1.7,,,,TIPO_DATO15__NMIGRATEAB_N1,,,
IT1:22_293_DF_DCIS_INDDEMOG1_1(1.0),A,ITE14,NMIGRATEAB,2016,2.7,,,,TIPO_DATO15__NMIGRATEAB_N1,,,
IT1:22_293_DF_DCIS_INDDEMOG1_1(1.0),A,ITE14,NMIGRATEAB,2017,1.6,,,,TIPO_DATO15__NMIGRATEAB_N1,,,
IT1:22_293_DF_DCIS_INDDEMOG1_1(1.0),A,ITE14,NMIGRATEAB,2018,1.1,,,,TIPO_DATO15__NMIGRATEAB_N1,,,
IT1:22_293_DF_DCIS_INDDEMOG1_1(1.0),A,ITE14,NMIGRATEAB,2019,5.4,,,,TIPO_DATO15__NMIGRATEAB_N1,,,
IT1:22_293_DF_DCIS_INDDEMOG1_1(1.0),A,ITE14,NMIGRATEAB,2020,3.2,,,,TIPO_DATO15__NMIGRATEAB_N1,,,
IT1:22_293_DF_DCIS_INDDEMOG1_1(1.0),A,ITE14,NMIGRATEAB,2021,4.5,,,,TIPO_DATO15__NMIGRATEAB_N1,,,
IT1:22_293_DF_DCIS_INDDEMOG1_1(1.0),A,ITE14,NMIGRATEAB,2022,6.9,,,,TIPO_DATO15__NMIGRATEAB_N1,,,
IT1:22_293_DF_DCIS_INDDEMOG1_1(1.0),A,ITE14,NMIGRATEAB,2023,7,,,,TIPO_DATO15__NMIGRATEAB_N1,,,
IT1:22_293_DF_DCIS_INDDEMOG1_1(1.0),A,ITE14,NMIGRATEAB,2024,6.7,,,,TIPO_DATO15__NMIGRATEAB_N1,,,
IT1:22_293_DF_DCIS_INDDEMOG1_1(1.0),A,ITE14,NMIGRATEAB,2025,7.1,p,,,TIPO_DATO15__NMIGRATEAB_N1,,,
IT1:22_293_DF_DCIS_INDDEMOG1_1(1.0),A,ITE15,NMIGRATEAB,2015,2.1,,,,TIPO_DATO15__NMIGRATEAB_N1,,,
IT1:22_293_DF_DCIS_INDDEMOG1_1(1.0),A,ITE15,NMIGRATEAB,2016,2.8,,,,TIPO_DATO15__NMIGRATEAB_N1,,,
IT1:22_293_DF_DCIS_INDDEMOG1_1(1.0),A,ITE15,NMIGRATEAB,2017,3.4,,,,TIPO_DATO15__NMIGRATEAB_N1,,,
IT1:22_293_DF_DCIS_INDDEMOG1_1(1.0),A,ITE15,NMIGRATEAB,2018,5.2,,,,TIPO_DATO15__NMIGRATEAB_N1,,,
IT1:22_293_DF_DCIS_INDDEMOG1_1(1.0),A,ITE15,NMIGRATEAB,2019,8.4,,,,TIPO_DATO15__NMIGRATEAB_N1,,,
IT1:22_293_DF_DCIS_INDDEMOG1_1(1.0),A,ITE15,NMIGRATEAB,2020,3.6,,,,TIPO_DATO15__NMIGRATEAB_N1,,,
IT1:22_293_DF_DCIS_INDDEMOG1_1(1.0),A,ITE15,NMIGRATEAB,2021,6.5,,,,TIPO_DATO15__NMIGRATEAB_N1,,,
IT1:22_293_DF_DCIS_INDDEMOG1_1(1.0),A,ITE15,NMIGRATEAB,2022,9.6,,,,TIPO_DATO15__NMIGRATEAB_N1,,,
IT1:22_293_DF_DCIS_INDDEMOG1_1(1.0),A,ITE15,NMIGRATEAB,2023,9.8,,,,TIPO_DATO15__NMIGRATEAB_N1,,,
IT1:22_293_DF_DCIS_INDDEMOG1_1(1.0),A,ITE15,NMIGRATEAB,2024,7,,,,TIPO_DATO15__NMIGRATEAB_N1,,,
IT1:22_293_DF_DCIS_INDDEMOG1_1(1.0),A,ITE15,NMIGRATEAB,2025,10.3,p,,,TIPO_DATO15__NMIGRATEAB_N1,,,
IT1:22_293_DF_DCIS_INDDEMOG1_1(1.0),A,ITE16,NMIGRATEAB,2015,-0.4,,,,TIPO_DATO15__NMIGRATEAB_N1,,,
IT1:22_293_DF_DCIS_INDDEMOG1_1(1.0),A,ITE16,NMIGRATEAB,2016,1.2,,,,TIPO_DATO15__NMIGRATEAB_N1,,,
IT1:22_293_DF_DCIS_INDDEMOG1_1(1.0),A,ITE16,NMIGRATEAB,2017,0.4,,,,TIPO_DATO15__NMIGRATEAB_N1,,,
IT1:22_293_DF_DCIS_INDDEMOG1_1(1.0),A,ITE16,NMIGRATEAB,2018,0.3,,,,TIPO_DATO15__NMIGRATEAB_N1,,,
IT1:22_293_DF_DCIS_INDDEMOG1_1(1.0),A,ITE16,NMIGRATEAB,2019,2.9,,,,TIPO_DATO15__NMIGRATEAB_N1,,,
IT1:22_293_DF_DCIS_INDDEMOG1_1(1.0),A,ITE16,NMIGRATEAB,2020,1.7,,,,TIPO_DATO15__NMIGRATEAB_N1,,,
IT1:22_293_DF_DCIS_INDDEMOG1_1(1.0),A,ITE16,NMIGRATEAB,2021,2.4,,,,TIPO_DATO15__NMIGRATEAB_N1,,,
IT1:22_293_DF_DCIS_INDDEMOG1_1(1.0),A,ITE16,NMIGRATEAB,2022,5.6,,,,TIPO_DATO15__NMIGRATEAB_N1,,,
IT1:22_293_DF_DCIS_INDDEMOG1_1(1.0),A,ITE16,NMIGRATEAB,2023,5,,,,TIPO_DATO15__NMIGRATEAB_N1,,,
IT1:22_293_DF_DCIS_INDDEMOG1_1(1.0),A,ITE16,NMIGRATEAB,2024,4.5,,,,TIPO_DATO15__NMIGRATEAB_N1,,,
IT1:22_293_DF_DCIS_INDDEMOG1_1(1.0),A,ITE16,NMIGRATEAB,2025,3.1,p,,,TIPO_DATO15__NMIGRATEAB_N1,,,
IT1:22_293_DF_DCIS_INDDEMOG1_1(1.0),A,ITE17,NMIGRATEAB,2015,0.4,,,,TIPO_DATO15__NMIGRATEAB_N1,,,
IT1:22_293_DF_DCIS_INDDEMOG1_1(1.0),A,ITE17,NMIGRATEAB,2016,1.4,,,,TIPO_DATO15__NMIGRATEAB_N1,,,
IT1:22_293_DF_DCIS_INDDEMOG1_1(1.0),A,ITE17,NMIGRATEAB,2017,1.3,,,,TIPO_DATO15__NMIGRATEAB_N1,,,
IT1:22_293_DF_DCIS_INDDEMOG1_1(1.0),A,ITE17,NMIGRATEAB,2018,1.1,,,,TIPO_DATO15__NMIGRATEAB_N1,,,
IT1:22_293_DF_DCIS_INDDEMOG1_1(1.0),A,ITE17,NMIGRATEAB,2019,4.5,,,,TIPO_DATO15__NMIGRATEAB_N1,,,
IT1:22_293_DF_DCIS_INDDEMOG1_1(1.0),A,ITE17,NMIGRATEAB,2020,3,,,,TIPO_DATO15__NMIGRATEAB_N1,,,
IT1:22_293_DF_DCIS_INDDEMOG1_1(1.0),A,ITE17,NMIGRATEAB,2021,3.8,,,,TIPO_DATO15__NMIGRATEAB_N1,,,
IT1:22_293_DF_DCIS_INDDEMOG1_1(1.0),A,ITE17,NMIGRATEAB,2022,5.7,,,,TIPO_DATO15__NMIGRATEAB_N1,,,
IT1:22_293_DF_DCIS_INDDEMOG1_1(1.0),A,ITE17,NMIGRATEAB,2023,5.6,,,,TIPO_DATO15__NMIGRATEAB_N1,,,
IT1:22_293_DF_DCIS_INDDEMOG1_1(1.0),A,ITE17,NMIGRATEAB,2024,6.1,,,,TIPO_DATO15__NMIGRATEAB_N1,,,
IT1:22_293_DF_DCIS_INDDEMOG1_1(1.0),A,ITE17,NMIGRATEAB,2025,6.6,p,,,TIPO_DATO15__NMIGRATEAB_N1,,,
IT1:22_293_DF_DCIS_INDDEMOG1_1(1.0),A,ITE18,NMIGRATEAB,2015,-0.3,,,,TIPO_DATO15__NMIGRATEAB_N1,,,
IT1:22_293_DF_DCIS_INDDEMOG1_1(1.0),A,ITE18,NMIGRATEAB,2016,0.6,,,,TIPO_DATO15__NMIGRATEAB_N1,,,
IT1:22_293_DF_DCIS_INDDEMOG1_1(1.0),A,ITE18,NMIGRATEAB,2017,1.2,,,,TIPO_DATO15__NMIGRATEAB_N1,,,
IT1:22_293_DF_DCIS_INDDEMOG1_1(1.0),A,ITE18,NMIGRATEAB,2018,1.3,,,,TIPO_DATO15__NMIGRATEAB_N1,,,
IT1:22_293_DF_DCIS_INDDEMOG1_1(1.0),A,ITE18,NMIGRATEAB,2019,2.5,,,,TIPO_DATO15__NMIGRATEAB_N1,,,
IT1:22_293_DF_DCIS_INDDEMOG1_1(1.0),A,ITE18,NMIGRATEAB,2020,1.2,,,,TIPO_DATO15__NMIGRATEAB_N1,,,
IT1:22_293_DF_DCIS_INDDEMOG1_1(1.0),A,ITE18,NMIGRATEAB,2021,2.9,,,,TIPO_DATO15__NMIGRATEAB_N1,,,
IT1:22_293_DF_DCIS_INDDEMOG1_1(1.0),A,ITE18,NMIGRATEAB,2022,4.4,,,,TIPO_DATO15__NMIGRATEAB_N1,,,
IT1:22_293_DF_DCIS_INDDEMOG1_1(1.0),A,ITE18,NMIGRATEAB,2023,4.3,,,,TIPO_DATO15__NMIGRATEAB_N1,,,
IT1:22_293_DF_DCIS_INDDEMOG1_1(1.0),A,ITE18,NMIGRATEAB,2024,5.8,,,,TIPO_DATO15__NMIGRATEAB_N1,,,
IT1:22_293_DF_DCIS_INDDEMOG1_1(1.0),A,ITE18,NMIGRATEAB,2025,5.9,p,,,TIPO_DATO15__NMIGRATEAB_N1,,,
IT1:22_293_DF_DCIS_INDDEMOG1_1(1.0),A,ITE19,NMIGRATEAB,2015,-0.3,,,,TIPO_DATO15__NMIGRATEAB_N1,,,
IT1:22_293_DF_DCIS_INDDEMOG1_1(1.0),A,ITE19,NMIGRATEAB,2016,0.6,,,,TIPO_DATO15__NMIGRATEAB_N1,,,
IT1:22_293_DF_DCIS_INDDEMOG1_1(1.0),A,ITE19,NMIGRATEAB,2017,3.1,,,,TIPO_DATO15__NMIGRATEAB_N1,,,
IT1:22_293_DF_DCIS_INDDEMOG1_1(1.0),A,ITE19,NMIGRATEAB,2018,2.2,,,,TIPO_DATO15__NMIGRATEAB_N1,,,
IT1:22_293_DF_DCIS_INDDEMOG1_1(1.0),A,ITE19,NMIGRATEAB,2019,5.4,,,,TIPO_DATO15__NMIGRATEAB_N1,,,
IT1:22_293_DF_DCIS_INDDEMOG1_1(1.0),A,ITE19,NMIGRATEAB,2020,3.2,,,,TIPO_DATO15__NMIGRATEAB_N1,,,
IT1:22_293_DF_DCIS_INDDEMOG1_1(1.0),A,ITE19,NMIGRATEAB,2021,4.6,,,,TIPO_DATO15__NMIGRATEAB_N1,,,
IT1:22_293_DF_DCIS_INDDEMOG1_1(1.0),A,ITE19,NMIGRATEAB,2022,7,,,,TIPO_DATO15__NMIGRATEAB_N1,,,
IT1:22_293_DF_DCIS_INDDEMOG1_1(1.0),A,ITE19,NMIGRATEAB,2023,8.4,,,,TIPO_DATO15__NMIGRATEAB_N1,,,
IT1:22_293_DF_DCIS_INDDEMOG1_1(1.0),A,ITE19,NMIGRATEAB,2024,7.1,,,,TIPO_DATO15__NMIGRATEAB_N1,,,
IT1:22_293_DF_DCIS_INDDEMOG1_1(1.0),A,ITE19,NMIGRATEAB,2025,7.6,p,,,TIPO_DATO15__NMIGRATEAB_N1,,,
IT1:22_293_DF_DCIS_INDDEMOG1_1(1.0),A,ITE1A,NMIGRATEAB,2015,0.6,,,,TIPO_DATO15__NMIGRATEAB_N1,,,
IT1:22_293_DF_DCIS_INDDEMOG1_1(1.0),A,ITE1A,NMIGRATEAB,2016,1.4,,,,TIPO_DATO15__NMIGRATEAB_N1,,,
IT1:22_293_DF_DCIS_INDDEMOG1_1(1.0),A,ITE1A,NMIGRATEAB,2017,2.1,,,,TIPO_DATO15__NMIGRATEAB_N1,,,
IT1:22_293_DF_DCIS_INDDEMOG1_1(1.0),A,ITE1A,NMIGRATEAB,2018,1.4,,,,TIPO_DATO15__NMIGRATEAB_N1,,,
IT1:22_293_DF_DCIS_INDDEMOG1_1(1.0),A,ITE1A,NMIGRATEAB,2019,3.5,,,,TIPO_DATO15__NMIGRATEAB_N1,,,
IT1:22_293_DF_DCIS_INDDEMOG1_1(1.0),A,ITE1A,NMIGRATEAB,2020,3,,,,TIPO_DATO15__NMIGRATEAB_N1,,,
IT1:22_293_DF_DCIS_INDDEMOG1_1(1.0),A,ITE1A,NMIGRATEAB,2021,4.2,,,,TIPO_DATO15__NMIGRATEAB_N1,,,
IT1:22_293_DF_DCIS_INDDEMOG1_1(1.0),A,ITE1A,NMIGRATEAB,2022,6.2,,,,TIPO_DATO15__NMIGRATEAB_N1,,,
IT1:22_293_DF_DCIS_INDDEMOG1_1(1.0),A,ITE1A,NMIGRATEAB,2023,5.7,,,,TIPO_DATO15__NMIGRATEAB_N1,,,
IT1:22_293_DF_DCIS_INDDEMOG1_1(1.0),A,ITE1A,NMIGRATEAB,2024,5.3,,,,TIPO_DATO15__NMIGRATEAB_N1,,,
IT1:22_293_DF_DCIS_INDDEMOG1_1(1.0),A,ITE1A,NMIGRATEAB,2025,6.2,p,,,TIPO_DATO15__NMIGRATEAB_N1,,,
IT1:22_293_DF_DCIS_INDDEMOG1_1(1.0),A,ITE2,NMIGRATEAB,2015,-0.2,,,,TIPO_DATO15__NMIGRATEAB_N1,,,
IT1:22_293_DF_DCIS_INDDEMOG1_1(1.0),A,ITE2,NMIGRATEAB,2016,0.7,,,,TIPO_DATO15__NMIGRATEAB_N1,,,
IT1:22_293_DF_DCIS_INDDEMOG1_1(1.0),A,ITE2,NMIGRATEAB,2017,0.1,,,,TIPO_DATO15__NMIGRATEAB_N1,,,
IT1:22_293_DF_DCIS_INDDEMOG1_1(1.0),A,ITE2,NMIGRATEAB,2018,1.5,,,,TIPO_DATO15__NMIGRATEAB_N1,,,
IT1:22_293_DF_DCIS_INDDEMOG1_1(1.0),A,ITE2,NMIGRATEAB,2019,3,,,,TIPO_DATO15__NMIGRATEAB_N1,,,
IT1:22_293_DF_DCIS_INDDEMOG1_1(1.0),A,ITE2,NMIGRATEAB,2020,1.8,,,,TIPO_DATO15__NMIGRATEAB_N1,,,
IT1:22_293_DF_DCIS_INDDEMOG1_1(1.0),A,ITE2,NMIGRATEAB,2021,3,,,,TIPO_DATO15__NMIGRATEAB_N1,,,
IT1:22_293_DF_DCIS_INDDEMOG1_1(1.0),A,ITE2,NMIGRATEAB,2022,4.7,,,,TIPO_DATO15__NMIGRATEAB_N1,,,
IT1:22_293_DF_DCIS_INDDEMOG1_1(1.0),A,ITE2,NMIGRATEAB,2023,5,,,,TIPO_DATO15__NMIGRATEAB_N1,,,
IT1:22_293_DF_DCIS_INDDEMOG1_1(1.0),A,ITE2,NMIGRATEAB,2024,4.8,,,,TIPO_DATO15__NMIGRATEAB_N1,,,
IT1:22_293_DF_DCIS_INDDEMOG1_1(1.0),A,ITE2,NMIGRATEAB,2025,5.7,p,,,TIPO_DATO15__NMIGRATEAB_N1,,,
IT1:22_293_DF_DCIS_INDDEMOG1_1(1.0),A,ITE21,NMIGRATEAB,2015,-0.2,,,,TIPO_DATO15__NMIGRATEAB_N1,,,
IT1:22_293_DF_DCIS_INDDEMOG1_1(1.0),A,ITE21,NMIGRATEAB,2016,0.5,,,,TIPO_DATO15__NMIGRATEAB_N1,,,
IT1:22_293_DF_DCIS_INDDEMOG1_1(1.0),A,ITE21,NMIGRATEAB,2017,-0.5,,,,TIPO_DATO15__NMIGRATEAB_N1,,,
IT1:22_293_DF_DCIS_INDDEMOG1_1(1.0),A,ITE21,NMIGRATEAB,2018,1.5,,,,TIPO_DATO15__NMIGRATEAB_N1,,,
IT1:22_293_DF_DCIS_INDDEMOG1_1(1.0),A,ITE21,NMIGRATEAB,2019,3.2,,,,TIPO_DATO15__NMIGRATEAB_N1,,,
IT1:22_293_DF_DCIS_INDDEMOG1_1(1.0),A,ITE21,NMIGRATEAB,2020,1.7,,,,TIPO_DATO15__NMIGRATEAB_N1,,,
IT1:22_293_DF_DCIS_INDDEMOG1_1(1.0),A,ITE21,NMIGRATEAB,2021,3.1,,,,TIPO_DATO15__NMIGRATEAB_N1,,,
IT1:22_293_DF_DCIS_INDDEMOG1_1(1.0),A,ITE21,NMIGRATEAB,2022,4.7,,,,TIPO_DATO15__NMIGRATEAB_N1,,,
IT1:22_293_DF_DCIS_INDDEMOG1_1(1.0),A,ITE21,NMIGRATEAB,2023,4.8,,,,TIPO_DATO15__NMIGRATEAB_N1,,,
IT1:22_293_DF_DCIS_INDDEMOG1_1(1.0),A,ITE21,NMIGRATEAB,2024,4.7,,,,TIPO_DATO15__NMIGRATEAB_N1,,,
IT1:22_293_DF_DCIS_INDDEMOG1_1(1.0),A,ITE21,NMIGRATEAB,2025,5.8,p,,,TIPO_DATO15__NMIGRATEAB_N1,,,
IT1:22_293_DF_DCIS_INDDEMOG1_1(1.0),A,ITE22,NMIGRATEAB,2015,-0.1,,,,TIPO_DATO15__NMIGRATEAB_N1,,,
IT1:22_293_DF_DCIS_INDDEMOG1_1(1.0),A,ITE22,NMIGRATEAB,2016,1.6,,,,TIPO_DATO15__NMIGRATEAB_N1,,,
IT1:22_293_DF_DCIS_INDDEMOG1_1(1.0),A,ITE22,NMIGRATEAB,2017,1.9,,,,TIPO_DATO15__NMIGRATEAB_N1,,,
IT1:22_293_DF_DCIS_INDDEMOG1_1(1.0),A,ITE22,NMIGRATEAB,2018,1.6,,,,TIPO_DATO15__NMIGRATEAB_N1,,,
IT1:22_293_DF_DCIS_INDDEMOG1_1(1.0),A,ITE22,NMIGRATEAB,2019,2.7,,,,TIPO_DATO15__NMIGRATEAB_N1,,,
IT1:22_293_DF_DCIS_INDDEMOG1_1(1.0),A,ITE22,NMIGRATEAB,2020,2,,,,TIPO_DATO15__NMIGRATEAB_N1,,,
IT1:22_293_DF_DCIS_INDDEMOG1_1(1.0),A,ITE22,NMIGRATEAB,2021,2.6,,,,TIPO_DATO15__NMIGRATEAB_N1,,,
IT1:22_293_DF_DCIS_INDDEMOG1_1(1.0),A,ITE22,NMIGRATEAB,2022,4.8,,,,TIPO_DATO15__NMIGRATEAB_N1,,,
IT1:22_293_DF_DCIS_INDDEMOG1_1(1.0),A,ITE22,NMIGRATEAB,2023,5.4,,,,TIPO_DATO15__NMIGRATEAB_N1,,,
IT1:22_293_DF_DCIS_INDDEMOG1_1(1.0),A,ITE22,NMIGRATEAB,2024,5,,,,TIPO_DATO15__NMIGRATEAB_N1,,,
IT1:22_293_DF_DCIS_INDDEMOG1_1(1.0),A,ITE22,NMIGRATEAB,2025,5.3,p,,,TIPO_DATO15__NMIGRATEAB_N1,,,
IT1:22_293_DF_DCIS_INDDEMOG1_1(1.0),A,ITE3,NMIGRATEAB,2015,-0.9,,,,TIPO_DATO15__NMIGRATEAB_N1,,,
IT1:22_293_DF_DCIS_INDDEMOG1_1(1.0),A,ITE3,NMIGRATEAB,2016,-0.3,,,,TIPO_DATO15__NMIGRATEAB_N1,,,
IT1:22_293_DF_DCIS_INDDEMOG1_1(1.0),A,ITE3,NMIGRATEAB,2017,0.7,,,,TIPO_DATO15__NMIGRATEAB_N1,,,
IT1:22_293_DF_DCIS_INDDEMOG1_1(1.0),A,ITE3,NMIGRATEAB,2018,0.1,,,,TIPO_DATO15__NMIGRATEAB_N1,,,
IT1:22_293_DF_DCIS_INDDEMOG1_1(1.0),A,ITE3,NMIGRATEAB,2019,1.8,,,,TIPO_DATO15__NMIGRATEAB_N1,,,
IT1:22_293_DF_DCIS_INDDEMOG1_1(1.0),A,ITE3,NMIGRATEAB,2020,1.2,,,,TIPO_DATO15__NMIGRATEAB_N1,,,
IT1:22_293_DF_DCIS_INDDEMOG1_1(1.0),A,ITE3,NMIGRATEAB,2021,3.2,,,,TIPO_DATO15__NMIGRATEAB_N1,,,
IT1:22_293_DF_DCIS_INDDEMOG1_1(1.0),A,ITE3,NMIGRATEAB,2022,4.8,,,,TIPO_DATO15__NMIGRATEAB_N1,,,
IT1:22_293_DF_DCIS_INDDEMOG1_1(1.0),A,ITE3,NMIGRATEAB,2023,5.5,,,,TIPO_DATO15__NMIGRATEAB_N1,,,
IT1:22_293_DF_DCIS_INDDEMOG1_1(1.0),A,ITE3,NMIGRATEAB,2024,4.8,,,,TIPO_DATO15__NMIGRATEAB_N1,,,
IT1:22_293_DF_DCIS_INDDEMOG1_1(1.0),A,ITE3,NMIGRATEAB,2025,5.3,p,,,TIPO_DATO15__NMIGRATEAB_N1,,,
IT1:22_293_DF_DCIS_INDDEMOG1_1(1.0),A,ITE31,NMIGRATEAB,2015,-1.9,,,,TIPO_DATO15__NMIGRATEAB_N1,,,
IT1:22_293_DF_DCIS_INDDEMOG1_1(1.0),A,ITE31,NMIGRATEAB,2016,-0.1,,,,TIPO_DATO15__NMIGRATEAB_N1,,,
IT1:22_293_DF_DCIS_INDDEMOG1_1(1.0),A,ITE31,NMIGRATEAB,2017,1.4,,,,TIPO_DATO15__NMIGRATEAB_N1,,,
IT1:22_293_DF_DCIS_INDDEMOG1_1(1.0),A,ITE31,NMIGRATEAB,2018,0,,,,TIPO_DATO15__NMIGRATEAB_N1,,,
IT1:22_293_DF_DCIS_INDDEMOG1_1(1.0),A,ITE31,NMIGRATEAB,2019,1.7,,,,TIPO_DATO15__NMIGRATEAB_N1,,,
IT1:22_293_DF_DCIS_INDDEMOG1_1(1.0),A,ITE31,NMIGRATEAB,2020,1.5,,,,TIPO_DATO15__NMIGRATEAB_N1,,,
IT1:22_293_DF_DCIS_INDDEMOG1_1(1.0),A,ITE31,NMIGRATEAB,2021,2.9,,,,TIPO_DATO15__NMIGRATEAB_N1,,,
IT1:22_293_DF_DCIS_INDDEMOG1_1(1.0),A,ITE31,NMIGRATEAB,2022,4.2,,,,TIPO_DATO15__NMIGRATEAB_N1,,,
IT1:22_293_DF_DCIS_INDDEMOG1_1(1.0),A,ITE31,NMIGRATEAB,2023,5.8,,,,TIPO_DATO15__NMIGRATEAB_N1,,,
IT1:22_293_DF_DCIS_INDDEMOG1_1(1.0),A,ITE31,NMIGRATEAB,2024,4.3,,,,TIPO_DATO15__NMIGRATEAB_N1,,,
IT1:22_293_DF_DCIS_INDDEMOG1_1(1.0),A,ITE31,NMIGRATEAB,2025,4.7,p,,,TIPO_DATO15__NMIGRATEAB_N1,,,
IT1:22_293_DF_DCIS_INDDEMOG1_1(1.0),A,ITE32,NMIGRATEAB,2015,-0.3,,,,TIPO_DATO15__NMIGRATEAB_N1,,,
IT1:22_293_DF_DCIS_INDDEMOG1_1(1.0),A,ITE32,NMIGRATEAB,2016,-0.5,,,,TIPO_DATO15__NMIGRATEAB_N1,,,
IT1:22_293_DF_DCIS_INDDEMOG1_1(1.0),A,ITE32,NMIGRATEAB,2017,0.8,,,,TIPO_DATO15__NMIGRATEAB_N1,,,
IT1:22_293_DF_DCIS_INDDEMOG1_1(1.0),A,ITE32,NMIGRATEAB,2018,0.4,,,,TIPO_DATO15__NMIGRATEAB_N1,,,
IT1:22_293_DF_DCIS_INDDEMOG1_1(1.0),A,ITE32,NMIGRATEAB,2019,1.4,,,,TIPO_DATO15__NMIGRATEAB_N1,,,
IT1:22_293_DF_DCIS_INDDEMOG1_1(1.0),A,ITE32,NMIGRATEAB,2020,1.1,,,,TIPO_DATO15__NMIGRATEAB_N1,,,
IT1:22_293_DF_DCIS_INDDEMOG1_1(1.0),A,ITE32,NMIGRATEAB,2021,3.9,,,,TIPO_DATO15__NMIGRATEAB_N1,,,
IT1:22_293_DF_DCIS_INDDEMOG1_1(1.0),A,ITE32,NMIGRATEAB,2022,5.9,,,,TIPO_DATO15__NMIGRATEAB_N1,,,
IT1:22_293_DF_DCIS_INDDEMOG1_1(1.0),A,ITE32,NMIGRATEAB,2023,5.9,,,,TIPO_DATO15__NMIGRATEAB_N1,,,
IT1:22_293_DF_DCIS_INDDEMOG1_1(1.0),A,ITE32,NMIGRATEAB,2024,5.7,,,,TIPO_DATO15__NMIGRATEAB_N1,,,
IT1:22_293_DF_DCIS_INDDEMOG1_1(1.0),A,ITE32,NMIGRATEAB,2025,5.7,p,,,TIPO_DATO15__NMIGRATEAB_N1,,,
IT1:22_293_DF_DCIS_INDDEMOG1_1(1.0),A,ITE33,NMIGRATEAB,2015,-1.5,,,,TIPO_DATO15__NMIGRATEAB_N1,,,
IT1:22_293_DF_DCIS_INDDEMOG1_1(1.0),A,ITE33,NMIGRATEAB,2016,-1.2,,,,TIPO_DATO15__NMIGRATEAB_N1,,,
IT1:22_293_DF_DCIS_INDDEMOG1_1(1.0),A,ITE33,NMIGRATEAB,2017,-1.5,,,,TIPO_DATO15__NMIGRATEAB_N1,,,
IT1:22_293_DF_DCIS_INDDEMOG1_1(1.0),A,ITE33,NMIGRATEAB,2018,-1,,,,TIPO_DATO15__NMIGRATEAB_N1,,,
IT1:22_293_DF_DCIS_INDDEMOG1_1(1.0),A,ITE33,NMIGRATEAB,2019,2.2,,,,TIPO_DATO15__NMIGRATEAB_N1,,,
IT1:22_293_DF_DCIS_INDDEMOG1_1(1.0),A,ITE33,NMIGRATEAB,2020,0.7,,,,TIPO_DATO15__NMIGRATEAB_N1,,,
IT1:22_293_DF_DCIS_INDDEMOG1_1(1.0),A,ITE33,NMIGRATEAB,2021,2.6,,,,TIPO_DATO15__NMIGRATEAB_N1,,,
IT1:22_293_DF_DCIS_INDDEMOG1_1(1.0),A,ITE33,NMIGRATEAB,2022,4.6,,,,TIPO_DATO15__NMIGRATEAB_N1,,,
IT1:22_293_DF_DCIS_INDDEMOG1_1(1.0),A,ITE33,NMIGRATEAB,2023,5.1,,,,TIPO_DATO15__NMIGRATEAB_N1,,,
IT1:22_293_DF_DCIS_INDDEMOG1_1(1.0),A,ITE33,NMIGRATEAB,2024,4.3,,,,TIPO_DATO15__NMIGRATEAB_N1,,,
IT1:22_293_DF_DCIS_INDDEMOG1_1(1.0),A,ITE33,NMIGRATEAB,2025,5.7,p,,,TIPO_DATO15__NMIGRATEAB_N1,,,
IT1:22_293_DF_DCIS_INDDEMOG1_1(1.0),A,ITE34,NMIGRATEAB,2015,-0.3,,,,TIPO_DATO15__NMIGRATEAB_N1,,,
IT1:22_293_DF_DCIS_INDDEMOG1_1(1.0),A,ITE34,NMIGRATEAB,2016,0.6,,,,TIPO_DATO15__NMIGRATEAB_N1,,,
IT1:22_293_DF_DCIS_INDDEMOG1_1(1.0),A,ITE34,NMIGRATEAB,2017,0.8,,,,TIPO_DATO15__NMIGRATEAB_N1,,,
IT1:22_293_DF_DCIS_INDDEMOG1_1(1.0),A,ITE34,NMIGRATEAB,2018,0.8,,,,TIPO_DATO15__NMIGRATEAB_N1,,,
IT1:22_293_DF_DCIS_INDDEMOG1_1(1.0),A,ITE34,NMIGRATEAB,2019,2.5,,,,TIPO_DATO15__NMIGRATEAB_N1,,,
IT1:22_293_DF_DCIS_INDDEMOG1_1(1.0),A,ITE34,NMIGRATEAB,2020,1.2,,,,TIPO_DATO15__NMIGRATEAB_N1,,,
IT1:22_293_DF_DCIS_INDDEMOG1_1(1.0),A,ITE34,NMIGRATEAB,2021,3.1,,,,TIPO_DATO15__NMIGRATEAB_N1,,,
IT1:22_293_DF_DCIS_INDDEMOG1_1(1.0),A,ITE34,NMIGRATEAB,2022,4,,,,TIPO_DATO15__NMIGRATEAB_N1,,,
IT1:22_293_DF_DCIS_INDDEMOG1_1(1.0),A,ITE34,NMIGRATEAB,2023,4.8,,,,TIPO_DATO15__NMIGRATEAB_N1,,,
IT1:22_293_DF_DCIS_INDDEMOG1_1(1.0),A,ITE34,NMIGRATEAB,2024,3.9,,,,TIPO_DATO15__NMIGRATEAB_N1,,,
IT1:22_293_DF_DCIS_INDDEMOG1_1(1.0),A,ITE34,NMIGRATEAB,2025,4.3,p,,,TIPO_DATO15__NMIGRATEAB_N1,,,
IT1:22_293_DF_DCIS_INDDEMOG1_1(1.0),A,ITE4,NMIGRATEAB,2015,3,,,,TIPO_DATO15__NMIGRATEAB_N1,,,
IT1:22_293_DF_DCIS_INDDEMOG1_1(1.0),A,ITE4,NMIGRATEAB,2016,2.3,,,,TIPO_DATO15__NMIGRATEAB_N1,,,
IT1:22_293_DF_DCIS_INDDEMOG1_1(1.0),A,ITE4,NMIGRATEAB,2017,1.4,,,,TIPO_DATO15__NMIGRATEAB_N1,,,
IT1:22_293_DF_DCIS_INDDEMOG1_1(1.0),A,ITE4,NMIGRATEAB,2018,1.8,,,,TIPO_DATO15__NMIGRATEAB_N1,,,
IT1:22_293_DF_DCIS_INDDEMOG1_1(1.0),A,ITE4,NMIGRATEAB,2019,3.6,,,,TIPO_DATO15__NMIGRATEAB_N1,,,
IT1:22_293_DF_DCIS_INDDEMOG1_1(1.0),A,ITE4,NMIGRATEAB,2020,2.5,,,,TIPO_DATO15__NMIGRATEAB_N1,,,
IT1:22_293_DF_DCIS_INDDEMOG1_1(1.0),A,ITE4,NMIGRATEAB,2021,3.3,,,,TIPO_DATO15__NMIGRATEAB_N1,,,
IT1:22_293_DF_DCIS_INDDEMOG1_1(1.0),A,ITE4,NMIGRATEAB,2022,4.7,,,,TIPO_DATO15__NMIGRATEAB_N1,,,
IT1:22_293_DF_DCIS_INDDEMOG1_1(1.0),A,ITE4,NMIGRATEAB,2023,4.6,,,,TIPO_DATO15__NMIGRATEAB_N1,,,
IT1:22_293_DF_DCIS_INDDEMOG1_1(1.0),A,ITE4,NMIGRATEAB,2024,4.7,,,,TIPO_DATO15__NMIGRATEAB_N1,,,
IT1:22_293_DF_DCIS_INDDEMOG1_1(1.0),A,ITE4,NMIGRATEAB,2025,4.7,p,,,TIPO_DATO15__NMIGRATEAB_N1,,,
IT1:22_293_DF_DCIS_INDDEMOG1_1(1.0),A,ITE41,NMIGRATEAB,2015,-0.2,,,,TIPO_DATO15__NMIGRATEAB_N1,,,
IT1:22_293_DF_DCIS_INDDEMOG1_1(1.0),A,ITE41,NMIGRATEAB,2016,0,,,,TIPO_DATO15__NMIGRATEAB_N1,,,
IT1:22_293_DF_DCIS_INDDEMOG1_1(1.0),A,ITE41,NMIGRATEAB,2017,2.4,,,,TIPO_DATO15__NMIGRATEAB_N1,,,
IT1:22_293_DF_DCIS_INDDEMOG1_1(1.0),A,ITE41,NMIGRATEAB,2018,1.4,,,,TIPO_DATO15__NMIGRATEAB_N1,,,
IT1:22_293_DF_DCIS_INDDEMOG1_1(1.0),A,ITE41,NMIGRATEAB,2019,2,,,,TIPO_DATO15__NMIGRATEAB_N1,,,
IT1:22_293_DF_DCIS_INDDEMOG1_1(1.0),A,ITE41,NMIGRATEAB,2020,1.7,,,,TIPO_DATO15__NMIGRATEAB_N1,,,
IT1:22_293_DF_DCIS_INDDEMOG1_1(1.0),A,ITE41,NMIGRATEAB,2021,2.8,,,,TIPO_DATO15__NMIGRATEAB_N1,,,
IT1:22_293_DF_DCIS_INDDEMOG1_1(1.0),A,ITE41,NMIGRATEAB,2022,4,,,,TIPO_DATO15__NMIGRATEAB_N1,,,
IT1:22_293_DF_DCIS_INDDEMOG1_1(1.0),A,ITE41,NMIGRATEAB,2023,6,,,,TIPO_DATO15__NMIGRATEAB_N1,,,
IT1:22_293_DF_DCIS_INDDEMOG1_1(1.0),A,ITE41,NMIGRATEAB,2024,5.1,,,,TIPO_DATO15__NMIGRATEAB_N1,,,
IT1:22_293_DF_DCIS_INDDEMOG1_1(1.0),A,ITE41,NMIGRATEAB,2025,5.8,p,,,TIPO_DATO15__NMIGRATEAB_N1,,,
IT1:22_293_DF_DCIS_INDDEMOG1_1(1.0),A,ITE42,NMIGRATEAB,2015,1.8,,,,TIPO_DATO15__NMIGRATEAB_N1,,,
IT1:22_293_DF_DCIS_INDDEMOG1_1(1.0),A,ITE42,NMIGRATEAB,2016,1.1,,,,TIPO_DATO15__NMIGRATEAB_N1,,,
IT1:22_293_DF_DCIS_INDDEMOG1_1(1.0),A,ITE42,NMIGRATEAB,2017,2.3,,,,TIPO_DATO15__NMIGRATEAB_N1,,,
IT1:22_293_DF_DCIS_INDDEMOG1_1(1.0),A,ITE42,NMIGRATEAB,2018,0.3,,,,TIPO_DATO15__NMIGRATEAB_N1,,,
IT1:22_293_DF_DCIS_INDDEMOG1_1(1.0),A,ITE42,NMIGRATEAB,2019,2.5,,,,TIPO_DATO15__NMIGRATEAB_N1,,,
IT1:22_293_DF_DCIS_INDDEMOG1_1(1.0),A,ITE42,NMIGRATEAB,2020,3.4,,,,TIPO_DATO15__NMIGRATEAB_N1,,,
IT1:22_293_DF_DCIS_INDDEMOG1_1(1.0),A,ITE42,NMIGRATEAB,2021,5.1,,,,TIPO_DATO15__NMIGRATEAB_N1,,,
IT1:22_293_DF_DCIS_INDDEMOG1_1(1.0),A,ITE42,NMIGRATEAB,2022,6.7,,,,TIPO_DATO15__NMIGRATEAB_N1,,,
IT1:22_293_DF_DCIS_INDDEMOG1_1(1.0),A,ITE42,NMIGRATEAB,2023,8.3,,,,TIPO_DATO15__NMIGRATEAB_N1,,,
IT1:22_293_DF_DCIS_INDDEMOG1_1(1.0),A,ITE42,NMIGRATEAB,2024,7.4,,,,TIPO_DATO15__NMIGRATEAB_N1,,,
IT1:22_293_DF_DCIS_INDDEMOG1_1(1.0),A,ITE42,NMIGRATEAB,2025,5.4,p,,,TIPO_DATO15__NMIGRATEAB_N1,,,
IT1:22_293_DF_DCIS_INDDEMOG1_1(1.0),A,ITE43,NMIGRATEAB,2015,3.6,,,,TIPO_DATO15__NMIGRATEAB_N1,,,
IT1:22_293_DF_DCIS_INDDEMOG1_1(1.0),A,ITE43,NMIGRATEAB,2016,2.7,,,,TIPO_DATO15__NMIGRATEAB_N1,,,
IT1:22_293_DF_DCIS_INDDEMOG1_1(1.0),A,ITE43,NMIGRATEAB,2017,1.1,,,,TIPO_DATO15__NMIGRATEAB_N1,,,
IT1:22_293_DF_DCIS_INDDEMOG1_1(1.0),A,ITE43,NMIGRATEAB,2018,1.9,,,,TIPO_DATO15__NMIGRATEAB_N1,,,
IT1:22_293_DF_DCIS_INDDEMOG1_1(1.0),A,ITE43,NMIGRATEAB,2019,4,,,,TIPO_DATO15__NMIGRATEAB_N1,,,
IT1:22_293_DF_DCIS_INDDEMOG1_1(1.0),A,ITE43,NMIGRATEAB,2020,2.7,,,,TIPO_DATO15__NMIGRATEAB_N1,,,
IT1:22_293_DF_DCIS_INDDEMOG1_1(1.0),A,ITE43,NMIGRATEAB,2021,3.2,,,,TIPO_DATO15__NMIGRATEAB_N1,,,
IT1:22_293_DF_DCIS_INDDEMOG1_1(1.0),A,ITE43,NMIGRATEAB,2022,4.7,,,,TIPO_DATO15__NMIGRATEAB_N1,,,
IT1:22_293_DF_DCIS_INDDEMOG1_1(1.0),A,ITE43,NMIGRATEAB,2023,4.6,,,,TIPO_DATO15__NMIGRATEAB_N1,,,
IT1:22_293_DF_DCIS_INDDEMOG1_1(1.0),A,ITE43,NMIGRATEAB,2024,4.7,,,,TIPO_DATO15__NMIGRATEAB_N1,,,
IT1:22_293_DF_DCIS_INDDEMOG1_1(1.0),A,ITE43,NMIGRATEAB,2025,4.5,p,,,TIPO_DATO15__NMIGRATEAB_N1,,,
IT1:22_293_DF_DCIS_INDDEMOG1_1(1.0),A,ITE44,NMIGRATEAB,2015,3.2,,,,TIPO_DATO15__NMIGRATEAB_N1,,,
IT1:22_293_DF_DCIS_INDDEMOG1_1(1.0),A,ITE44,NMIGRATEAB,2016,2.2,,,,TIPO_DATO15__NMIGRATEAB_N1,,,
IT1:22_293_DF_DCIS_INDDEMOG1_1(1.0),A,ITE44,NMIGRATEAB,2017,3.2,,,,TIPO_DATO15__NMIGRATEAB_N1,,,
IT1:22_293_DF_DCIS_INDDEMOG1_1(1.0),A,ITE44,NMIGRATEAB,2018,1.8,,,,TIPO_DATO15__NMIGRATEAB_N1,,,
IT1:22_293_DF_DCIS_INDDEMOG1_1(1.0),A,ITE44,NMIGRATEAB,2019,3.2,,,,TIPO_DATO15__NMIGRATEAB_N1,,,
IT1:22_293_DF_DCIS_INDDEMOG1_1(1.0),A,ITE44,NMIGRATEAB,2020,2.4,,,,TIPO_DATO15__NMIGRATEAB_N1,,,
IT1:22_293_DF_DCIS_INDDEMOG1_1(1.0),A,ITE44,NMIGRATEAB,2021,4.1,,,,TIPO_DATO15__NMIGRATEAB_N1,,,
IT1:22_293_DF_DCIS_INDDEMOG1_1(1.0),A,ITE44,NMIGRATEAB,2022,5.6,,,,TIPO_DATO15__NMIGRATEAB_N1,,,
IT1:22_293_DF_DCIS_INDDEMOG1_1(1.0),A,ITE44,NMIGRATEAB,2023,4.8,,,,TIPO_DATO15__NMIGRATEAB_N1,,,
IT1:22_293_DF_DCIS_INDDEMOG1_1(1.0),A,ITE44,NMIGRATEAB,2024,4.8,,,,TIPO_DATO15__NMIGRATEAB_N1,,,
IT1:22_293_DF_DCIS_INDDEMOG1_1(1.0),A,ITE44,NMIGRATEAB,2025,6.1,p,,,TIPO_DATO15__NMIGRATEAB_N1,,,
IT1:22_293_DF_DCIS_INDDEMOG1_1(1.0),A,ITE45,NMIGRATEAB,2015,0.4,,,,TIPO_DATO15__NMIGRATEAB_N1,,,
IT1:22_293_DF_DCIS_INDDEMOG1_1(1.0),A,ITE45,NMIGRATEAB,2016,0.3,,,,TIPO_DATO15__NMIGRATEAB_N1,,,
IT1:22_293_DF_DCIS_INDDEMOG1_1(1.0),A,ITE45,NMIGRATEAB,2017,0.7,,,,TIPO_DATO15__NMIGRATEAB_N1,,,
IT1:22_293_DF_DCIS_INDDEMOG1_1(1.0),A,ITE45,NMIGRATEAB,2018,2.2,,,,TIPO_DATO15__NMIGRATEAB_N1,,,
IT1:22_293_DF_DCIS_INDDEMOG1_1(1.0),A,ITE45,NMIGRATEAB,2019,1.9,,,,TIPO_DATO15__NMIGRATEAB_N1,,,
IT1:22_293_DF_DCIS_INDDEMOG1_1(1.0),A,ITE45,NMIGRATEAB,2020,1.1,,,,TIPO_DATO15__NMIGRATEAB_N1,,,
IT1:22_293_DF_DCIS_INDDEMOG1_1(1.0),A,ITE45,NMIGRATEAB,2021,2.2,,,,TIPO_DATO15__NMIGRATEAB_N1,,,
IT1:22_293_DF_DCIS_INDDEMOG1_1(1.0),A,ITE45,NMIGRATEAB,2022,2.8,,,,TIPO_DATO15__NMIGRATEAB_N1,,,
IT1:22_293_DF_DCIS_INDDEMOG1_1(1.0),A,ITE45,NMIGRATEAB,2023,2.4,,,,TIPO_DATO15__NMIGRATEAB_N1,,,
IT1:22_293_DF_DCIS_INDDEMOG1_1(1.0),A,ITE45,NMIGRATEAB,2024,2.5,,,,TIPO_DATO15__NMIGRATEAB_N1,,,
IT1:22_293_DF_DCIS_INDDEMOG1_1(1.0),A,ITE45,NMIGRATEAB,2025,3.2,p,,,TIPO_DATO15__NMIGRATEAB_N1,,,
IT1:22_293_DF_DCIS_INDDEMOG1_1(1.0),A,ITF,NMIGRATEAB,2015,1,,,,TIPO_DATO15__NMIGRATEAB_N1,,,
IT1:22_293_DF_DCIS_INDDEMOG1_1(1.0),A,ITF,NMIGRATEAB,2016,0.9,,,,TIPO_DATO15__NMIGRATEAB_N1,,,
IT1:22_293_DF_DCIS_INDDEMOG1_1(1.0),A,ITF,NMIGRATEAB,2017,1.4,,,,TIPO_DATO15__NMIGRATEAB_N1,,,
IT1:22_293_DF_DCIS_INDDEMOG1_1(1.0),A,ITF,NMIGRATEAB,2018,1,,,,TIPO_DATO15__NMIGRATEAB_N1,,,
IT1:22_293_DF_DCIS_INDDEMOG1_1(1.0),A,ITF,NMIGRATEAB,2019,1.3,,,,TIPO_DATO15__NMIGRATEAB_N1,,,
IT1:22_293_DF_DCIS_INDDEMOG1_1(1.0),A,ITF,NMIGRATEAB,2020,0.8,,,,TIPO_DATO15__NMIGRATEAB_N1,,,
IT1:22_293_DF_DCIS_INDDEMOG1_1(1.0),A,ITF,NMIGRATEAB,2021,2,,,,TIPO_DATO15__NMIGRATEAB_N1,,,
IT1:22_293_DF_DCIS_INDDEMOG1_1(1.0),A,ITF,NMIGRATEAB,2022,3.5,,,,TIPO_DATO15__NMIGRATEAB_N1,,,
IT1:22_293_DF_DCIS_INDDEMOG1_1(1.0),A,ITF,NMIGRATEAB,2023,3.6,,,,TIPO_DATO15__NMIGRATEAB_N1,,,
IT1:22_293_DF_DCIS_INDDEMOG1_1(1.0),A,ITF,NMIGRATEAB,2024,3.7,,,,TIPO_DATO15__NMIGRATEAB_N1,,,
IT1:22_293_DF_DCIS_INDDEMOG1_1(1.0),A,ITF,NMIGRATEAB,2025,3.8,p,,,TIPO_DATO15__NMIGRATEAB_N1,,,
IT1:22_293_DF_DCIS_INDDEMOG1_1(1.0),A,ITF1,NMIGRATEAB,2015,-0.1,,,,TIPO_DATO15__NMIGRATEAB_N1,,,
IT1:22_293_DF_DCIS_INDDEMOG1_1(1.0),A,ITF1,NMIGRATEAB,2016,0.5,,,,TIPO_DATO15__NMIGRATEAB_N1,,,
IT1:22_293_DF_DCIS_INDDEMOG1_1(1.0),A,ITF1,NMIGRATEAB,2017,0.7,,,,TIPO_DATO15__NMIGRATEAB_N1,,,
IT1:22_293_DF_DCIS_INDDEMOG1_1(1.0),A,ITF1,NMIGRATEAB,2018,1.5,,,,TIPO_DATO15__NMIGRATEAB_N1,,,
IT1:22_293_DF_DCIS_INDDEMOG1_1(1.0),A,ITF1,NMIGRATEAB,2019,2.4,,,,TIPO_DATO15__NMIGRATEAB_N1,,,
IT1:22_293_DF_DCIS_INDDEMOG1_1(1.0),A,ITF1,NMIGRATEAB,2020,1.3,,,,TIPO_DATO15__NMIGRATEAB_N1,,,
IT1:22_293_DF_DCIS_INDDEMOG1_1(1.0),A,ITF1,NMIGRATEAB,2021,2.8,,,,TIPO_DATO15__NMIGRATEAB_N1,,,
IT1:22_293_DF_DCIS_INDDEMOG1_1(1.0),A,ITF1,NMIGRATEAB,2022,4.3,,,,TIPO_DATO15__NMIGRATEAB_N1,,,
IT1:22_293_DF_DCIS_INDDEMOG1_1(1.0),A,ITF1,NMIGRATEAB,2023,4.7,,,,TIPO_DATO15__NMIGRATEAB_N1,,,
IT1:22_293_DF_DCIS_INDDEMOG1_1(1.0),A,ITF1,NMIGRATEAB,2024,5.1,,,,TIPO_DATO15__NMIGRATEAB_N1,,,
IT1:22_293_DF_DCIS_INDDEMOG1_1(1.0),A,ITF1,NMIGRATEAB,2025,4.5,p,,,TIPO_DATO15__NMIGRATEAB_N1,,,
IT1:22_293_DF_DCIS_INDDEMOG1_1(1.0),A,ITF11,NMIGRATEAB,2015,0.6,,,,TIPO_DATO15__NMIGRATEAB_N1,,,
IT1:22_293_DF_DCIS_INDDEMOG1_1(1.0),A,ITF11,NMIGRATEAB,2016,1.8,,,,TIPO_DATO15__NMIGRATEAB_N1,,,
IT1:22_293_DF_DCIS_INDDEMOG1_1(1.0),A,ITF11,NMIGRATEAB,2017,2.6,,,,TIPO_DATO15__NMIGRATEAB_N1,,,
IT1:22_293_DF_DCIS_INDDEMOG1_1(1.0),A,ITF11,NMIGRATEAB,2018,1.6,,,,TIPO_DATO15__NMIGRATEAB_N1,,,
IT1:22_293_DF_DCIS_INDDEMOG1_1(1.0),A,ITF11,NMIGRATEAB,2019,2.6,,,,TIPO_DATO15__NMIGRATEAB_N1,,,
IT1:22_293_DF_DCIS_INDDEMOG1_1(1.0),A,ITF11,NMIGRATEAB,2020,1.8,,,,TIPO_DATO15__NMIGRATEAB_N1,,,
IT1:22_293_DF_DCIS_INDDEMOG1_1(1.0),A,ITF11,NMIGRATEAB,2021,3.5,,,,TIPO_DATO15__NMIGRATEAB_N1,,,
IT1:22_293_DF_DCIS_INDDEMOG1_1(1.0),A,ITF11,NMIGRATEAB,2022,5.1,,,,TIPO_DATO15__NMIGRATEAB_N1,,,
IT1:22_293_DF_DCIS_INDDEMOG1_1(1.0),A,ITF11,NMIGRATEAB,2023,6.4,,,,TIPO_DATO15__NMIGRATEAB_N1,,,
IT1:22_293_DF_DCIS_INDDEMOG1_1(1.0),A,ITF11,NMIGRATEAB,2024,6.5,,,,TIPO_DATO15__NMIGRATEAB_N1,,,
IT1:22_293_DF_DCIS_INDDEMOG1_1(1.0),A,ITF11,NMIGRATEAB,2025,7.3,p,,,TIPO_DATO15__NMIGRATEAB_N1,,,
IT1:22_293_DF_DCIS_INDDEMOG1_1(1.0),A,ITF12,NMIGRATEAB,2015,0,,,,TIPO_DATO15__NMIGRATEAB_N1,,,
IT1:22_293_DF_DCIS_INDDEMOG1_1(1.0),A,ITF12,NMIGRATEAB,2016,1.1,,,,TIPO_DATO15__NMIGRATEAB_N1,,,
IT1:22_293_DF_DCIS_INDDEMOG1_1(1.0),A,ITF12,NMIGRATEAB,2017,0.4,,,,TIPO_DATO15__NMIGRATEAB_N1,,,
IT1:22_293_DF_DCIS_INDDEMOG1_1(1.0),A,ITF12,NMIGRATEAB,2018,2.5,,,,TIPO_DATO15__NMIGRATEAB_N1,,,
IT1:22_293_DF_DCIS_INDDEMOG1_1(1.0),A,ITF12,NMIGRATEAB,2019,2.9,,,,TIPO_DATO15__NMIGRATEAB_N1,,,
IT1:22_293_DF_DCIS_INDDEMOG1_1(1.0),A,ITF12,NMIGRATEAB,2020,1.3,,,,TIPO_DATO15__NMIGRATEAB_N1,,,
IT1:22_293_DF_DCIS_INDDEMOG1_1(1.0),A,ITF12,NMIGRATEAB,2021,2.8,,,,TIPO_DATO15__NMIGRATEAB_N1,,,
IT1:22_293_DF_DCIS_INDDEMOG1_1(1.0),A,ITF12,NMIGRATEAB,2022,4.5,,,,TIPO_DATO15__NMIGRATEAB_N1,,,
IT1:22_293_DF_DCIS_INDDEMOG1_1(1.0),A,ITF12,NMIGRATEAB,2023,5.8,,,,TIPO_DATO15__NMIGRATEAB_N1,,,
IT1:22_293_DF_DCIS_INDDEMOG1_1(1.0),A,ITF12,NMIGRATEAB,2024,7.2,,,,TIPO_DATO15__NMIGRATEAB_N1,,,
IT1:22_293_DF_DCIS_INDDEMOG1_1(1.0),A,ITF12,NMIGRATEAB,2025,4.8,p,,,TIPO_DATO15__NMIGRATEAB_N1,,,
IT1:22_293_DF_DCIS_INDDEMOG1_1(1.0),A,ITF13,NMIGRATEAB,2015,-1,,,,TIPO_DATO15__NMIGRATEAB_N1,,,
IT1:22_293_DF_DCIS_INDDEMOG1_1(1.0),A,ITF13,NMIGRATEAB,2016,-0.9,,,,TIPO_DATO15__NMIGRATEAB_N1,,,
IT1:22_293_DF_DCIS_INDDEMOG1_1(1.0),A,ITF13,NMIGRATEAB,2017,-0.7,,,,TIPO_DATO15__NMIGRATEAB_N1,,,
IT1:22_293_DF_DCIS_INDDEMOG1_1(1.0),A,ITF13,NMIGRATEAB,2018,0.8,,,,TIPO_DATO15__NMIGRATEAB_N1,,,
IT1:22_293_DF_DCIS_INDDEMOG1_1(1.0),A,ITF13,NMIGRATEAB,2019,2.7,,,,TIPO_DATO15__NMIGRATEAB_N1,,,
IT1:22_293_DF_DCIS_INDDEMOG1_1(1.0),A,ITF13,NMIGRATEAB,2020,1.5,,,,TIPO_DATO15__NMIGRATEAB_N1,,,
IT1:22_293_DF_DCIS_INDDEMOG1_1(1.0),A,ITF13,NMIGRATEAB,2021,2.6,,,,TIPO_DATO15__NMIGRATEAB_N1,,,
IT1:22_293_DF_DCIS_INDDEMOG1_1(1.0),A,ITF13,NMIGRATEAB,2022,3.8,,,,TIPO_DATO15__NMIGRATEAB_N1,,,
IT1:22_293_DF_DCIS_INDDEMOG1_1(1.0),A,ITF13,NMIGRATEAB,2023,2.9,,,,TIPO_DATO15__NMIGRATEAB_N1,,,
IT1:22_293_DF_DCIS_INDDEMOG1_1(1.0),A,ITF13,NMIGRATEAB,2024,3.4,,,,TIPO_DATO15__NMIGRATEAB_N1,,,
IT1:22_293_DF_DCIS_INDDEMOG1_1(1.0),A,ITF13,NMIGRATEAB,2025,3.3,p,,,TIPO_DATO15__NMIGRATEAB_N1,,,
IT1:22_293_DF_DCIS_INDDEMOG1_1(1.0),A,ITF14,NMIGRATEAB,2015,0,,,,TIPO_DATO15__NMIGRATEAB_N1,,,
IT1:22_293_DF_DCIS_INDDEMOG1_1(1.0),A,ITF14,NMIGRATEAB,2016,0.3,,,,TIPO_DATO15__NMIGRATEAB_N1,,,
IT1:22_293_DF_DCIS_INDDEMOG1_1(1.0),A,ITF14,NMIGRATEAB,2017,0.7,,,,TIPO_DATO15__NMIGRATEAB_N1,,,
IT1:22_293_DF_DCIS_INDDEMOG1_1(1.0),A,ITF14,NMIGRATEAB,2018,1.3,,,,TIPO_DATO15__NMIGRATEAB_N1,,,
IT1:22_293_DF_DCIS_INDDEMOG1_1(1.0),A,ITF14,NMIGRATEAB,2019,1.5,,,,TIPO_DATO15__NMIGRATEAB_N1,,,
IT1:22_293_DF_DCIS_INDDEMOG1_1(1.0),A,ITF14,NMIGRATEAB,2020,0.9,,,,TIPO_DATO15__NMIGRATEAB_N1,,,
IT1:22_293_DF_DCIS_INDDEMOG1_1(1.0),A,ITF14,NMIGRATEAB,2021,2.6,,,,TIPO_DATO15__NMIGRATEAB_N1,,,
IT1:22_293_DF_DCIS_INDDEMOG1_1(1.0),A,ITF14,NMIGRATEAB,2022,3.8,,,,TIPO_DATO15__NMIGRATEAB_N1,,,
IT1:22_293_DF_DCIS_INDDEMOG1_1(1.0),A,ITF14,NMIGRATEAB,2023,4,,,,TIPO_DATO15__NMIGRATEAB_N1,,,
IT1:22_293_DF_DCIS_INDDEMOG1_1(1.0),A,ITF14,NMIGRATEAB,2024,3.8,,,,TIPO_DATO15__NMIGRATEAB_N1,,,
IT1:22_293_DF_DCIS_INDDEMOG1_1(1.0),A,ITF14,NMIGRATEAB,2025,3.1,p,,,TIPO_DATO15__NMIGRATEAB_N1,,,
IT1:22_293_DF_DCIS_INDDEMOG1_1(1.0),A,ITF2,NMIGRATEAB,2015,3.3,,,,TIPO_DATO15__NMIGRATEAB_N1,,,
IT1:22_293_DF_DCIS_INDDEMOG1_1(1.0),A,ITF2,NMIGRATEAB,2016,3.2,,,,TIPO_DATO15__NMIGRATEAB_N1,,,
IT1:22_293_DF_DCIS_INDDEMOG1_1(1.0),A,ITF2,NMIGRATEAB,2017,3.4,,,,TIPO_DATO15__NMIGRATEAB_N1,,,
IT1:22_293_DF_DCIS_INDDEMOG1_1(1.0),A,ITF2,NMIGRATEAB,2018,1.2,,,,TIPO_DATO15__NMIGRATEAB_N1,,,
IT1:22_293_DF_DCIS_INDDEMOG1_1(1.0),A,ITF2,NMIGRATEAB,2019,2.7,,,,TIPO_DATO15__NMIGRATEAB_N1,,,
IT1:22_293_DF_DCIS_INDDEMOG1_1(1.0),A,ITF2,NMIGRATEAB,2020,0.7,,,,TIPO_DATO15__NMIGRATEAB_N1,,,
IT1:22_293_DF_DCIS_INDDEMOG1_1(1.0),A,ITF2,NMIGRATEAB,2021,3.1,,,,TIPO_DATO15__NMIGRATEAB_N1,,,
IT1:22_293_DF_DCIS_INDDEMOG1_1(1.0),A,ITF2,NMIGRATEAB,2022,8,,,,TIPO_DATO15__NMIGRATEAB_N1,,,
IT1:22_293_DF_DCIS_INDDEMOG1_1(1.0),A,ITF2,NMIGRATEAB,2023,8.6,,,,TIPO_DATO15__NMIGRATEAB_N1,,,
IT1:22_293_DF_DCIS_INDDEMOG1_1(1.0),A,ITF2,NMIGRATEAB,2024,8.1,,,,TIPO_DATO15__NMIGRATEAB_N1,,,
IT1:22_293_DF_DCIS_INDDEMOG1_1(1.0),A,ITF2,NMIGRATEAB,2025,4.7,p,,,TIPO_DATO15__NMIGRATEAB_N1,,,
IT1:22_293_DF_DCIS_INDDEMOG1_1(1.0),A,ITF21,NMIGRATEAB,2015,2.9,,,,TIPO_DATO15__NMIGRATEAB_N1,,,
IT1:22_293_DF_DCIS_INDDEMOG1_1(1.0),A,ITF21,NMIGRATEAB,2016,2.9,,,,TIPO_DATO15__NMIGRATEAB_N1,,,
IT1:22_293_DF_DCIS_INDDEMOG1_1(1.0),A,ITF21,NMIGRATEAB,2017,4,,,,TIPO_DATO15__NMIGRATEAB_N1,,,
IT1:22_293_DF_DCIS_INDDEMOG1_1(1.0),A,ITF21,NMIGRATEAB,2018,0.2,,,,TIPO_DATO15__NMIGRATEAB_N1,,,
IT1:22_293_DF_DCIS_INDDEMOG1_1(1.0),A,ITF21,NMIGRATEAB,2019,4,,,,TIPO_DATO15__NMIGRATEAB_N1,,,
IT1:22_293_DF_DCIS_INDDEMOG1_1(1.0),A,ITF21,NMIGRATEAB,2020,0.6,,,,TIPO_DATO15__NMIGRATEAB_N1,,,
IT1:22_293_DF_DCIS_INDDEMOG1_1(1.0),A,ITF21,NMIGRATEAB,2021,1.5,,,,TIPO_DATO15__NMIGRATEAB_N1,,,
IT1:22_293_DF_DCIS_INDDEMOG1_1(1.0),A,ITF21,NMIGRATEAB,2022,6.7,,,,TIPO_DATO15__NMIGRATEAB_N1,,,
IT1:22_293_DF_DCIS_INDDEMOG1_1(1.0),A,ITF21,NMIGRATEAB,2023,6.8,,,,TIPO_DATO15__NMIGRATEAB_N1,,,
IT1:22_293_DF_DCIS_INDDEMOG1_1(1.0),A,ITF21,NMIGRATEAB,2024,7.1,,,,TIPO_DATO15__NMIGRATEAB_N1,,,
IT1:22_293_DF_DCIS_INDDEMOG1_1(1.0),A,ITF21,NMIGRATEAB,2025,5.5,p,,,TIPO_DATO15__NMIGRATEAB_N1,,,
IT1:22_293_DF_DCIS_INDDEMOG1_1(1.0),A,ITF22,NMIGRATEAB,2015,3.4,,,,TIPO_DATO15__NMIGRATEAB_N1,,,
IT1:22_293_DF_DCIS_INDDEMOG1_1(1.0),A,ITF22,NMIGRATEAB,2016,3.4,,,,TIPO_DATO15__NMIGRATEAB_N1,,,
IT1:22_293_DF_DCIS_INDDEMOG1_1(1.0),A,ITF22,NMIGRATEAB,2017,3.1,,,,TIPO_DATO15__NMIGRATEAB_N1,,,
IT1:22_293_DF_DCIS_INDDEMOG1_1(1.0),A,ITF22,NMIGRATEAB,2018,1.5,,,,TIPO_DATO15__NMIGRATEAB_N1,,,
IT1:22_293_DF_DCIS_INDDEMOG1_1(1.0),A,ITF22,NMIGRATEAB,2019,2.2,,,,TIPO_DATO15__NMIGRATEAB_N1,,,
IT1:22_293_DF_DCIS_INDDEMOG1_1(1.0),A,ITF22,NMIGRATEAB,2020,0.8,,,,TIPO_DATO15__NMIGRATEAB_N1,,,
IT1:22_293_DF_DCIS_INDDEMOG1_1(1.0),A,ITF22,NMIGRATEAB,2021,3.7,,,,TIPO_DATO15__NMIGRATEAB_N1,,,
IT1:22_293_DF_DCIS_INDDEMOG1_1(1.0),A,ITF22,NMIGRATEAB,2022,8.5,,,,TIPO_DATO15__NMIGRATEAB_N1,,,
IT1:22_293_DF_DCIS_INDDEMOG1_1(1.0),A,ITF22,NMIGRATEAB,2023,9.3,,,,TIPO_DATO15__NMIGRATEAB_N1,,,
IT1:22_293_DF_DCIS_INDDEMOG1_1(1.0),A,ITF22,NMIGRATEAB,2024,8.5,,,,TIPO_DATO15__NMIGRATEAB_N1,,,
IT1:22_293_DF_DCIS_INDDEMOG1_1(1.0),A,ITF22,NMIGRATEAB,2025,4.4,p,,,TIPO_DATO15__NMIGRATEAB_N1,,,
IT1:22_293_DF_DCIS_INDDEMOG1_1(1.0),A,ITF3,NMIGRATEAB,2015,1.5,,,,TIPO_DATO15__NMIGRATEAB_N1,,,
IT1:22_293_DF_DCIS_INDDEMOG1_1(1.0),A,ITF3,NMIGRATEAB,2016,0.9,,,,TIPO_DATO15__NMIGRATEAB_N1,,,
IT1:22_293_DF_DCIS_INDDEMOG1_1(1.0),A,ITF3,NMIGRATEAB,2017,1.6,,,,TIPO_DATO15__NMIGRATEAB_N1,,,
IT1:22_293_DF_DCIS_INDDEMOG1_1(1.0),A,ITF3,NMIGRATEAB,2018,0.9,,,,TIPO_DATO15__NMIGRATEAB_N1,,,
IT1:22_293_DF_DCIS_INDDEMOG1_1(1.0),A,ITF3,NMIGRATEAB,2019,1.1,,,,TIPO_DATO15__NMIGRATEAB_N1,,,
IT1:22_293_DF_DCIS_INDDEMOG1_1(1.0),A,ITF3,NMIGRATEAB,2020,0.7,,,,TIPO_DATO15__NMIGRATEAB_N1,,,
IT1:22_293_DF_DCIS_INDDEMOG1_1(1.0),A,ITF3,NMIGRATEAB,2021,1.3,,,,TIPO_DATO15__NMIGRATEAB_N1,,,
IT1:22_293_DF_DCIS_INDDEMOG1_1(1.0),A,ITF3,NMIGRATEAB,2022,2.9,,,,TIPO_DATO15__NMIGRATEAB_N1,,,
IT1:22_293_DF_DCIS_INDDEMOG1_1(1.0),A,ITF3,NMIGRATEAB,2023,3,,,,TIPO_DATO15__NMIGRATEAB_N1,,,
IT1:22_293_DF_DCIS_INDDEMOG1_1(1.0),A,ITF3,NMIGRATEAB,2024,3,,,,TIPO_DATO15__NMIGRATEAB_N1,,,
IT1:22_293_DF_DCIS_INDDEMOG1_1(1.0),A,ITF3,NMIGRATEAB,2025,3.6,p,,,TIPO_DATO15__NMIGRATEAB_N1,,,
IT1:22_293_DF_DCIS_INDDEMOG1_1(1.0),A,ITF31,NMIGRATEAB,2015,1.1,,,,TIPO_DATO15__NMIGRATEAB_N1,,,
IT1:22_293_DF_DCIS_INDDEMOG1_1(1.0),A,ITF31,NMIGRATEAB,2016,1,,,,TIPO_DATO15__NMIGRATEAB_N1,,,
IT1:22_293_DF_DCIS_INDDEMOG1_1(1.0),A,ITF31,NMIGRATEAB,2017,1.5,,,,TIPO_DATO15__NMIGRATEAB_N1,,,
IT1:22_293_DF_DCIS_INDDEMOG1_1(1.0),A,ITF31,NMIGRATEAB,2018,1.8,,,,TIPO_DATO15__NMIGRATEAB_N1,,,
IT1:22_293_DF_DCIS_INDDEMOG1_1(1.0),A,ITF31,NMIGRATEAB,2019,1.8,,,,TIPO_DATO15__NMIGRATEAB_N1,,,
IT1:22_293_DF_DCIS_INDDEMOG1_1(1.0),A,ITF31,NMIGRATEAB,2020,1.6,,,,TIPO_DATO15__NMIGRATEAB_N1,,,
IT1:22_293_DF_DCIS_INDDEMOG1_1(1.0),A,ITF31,NMIGRATEAB,2021,2.5,,,,TIPO_DATO15__NMIGRATEAB_N1,,,
IT1:22_293_DF_DCIS_INDDEMOG1_1(1.0),A,ITF31,NMIGRATEAB,2022,4.6,,,,TIPO_DATO15__NMIGRATEAB_N1,,,
IT1:22_293_DF_DCIS_INDDEMOG1_1(1.0),A,ITF31,NMIGRATEAB,2023,4.1,,,,TIPO_DATO15__NMIGRATEAB_N1,,,
IT1:22_293_DF_DCIS_INDDEMOG1_1(1.0),A,ITF31,NMIGRATEAB,2024,4.9,,,,TIPO_DATO15__NMIGRATEAB_N1,,,
IT1:22_293_DF_DCIS_INDDEMOG1_1(1.0),A,ITF31,NMIGRATEAB,2025,4.5,p,,,TIPO_DATO15__NMIGRATEAB_N1,,,
IT1:22_293_DF_DCIS_INDDEMOG1_1(1.0),A,ITF32,NMIGRATEAB,2015,1.3,,,,TIPO_DATO15__NMIGRATEAB_N1,,,
IT1:22_293_DF_DCIS_INDDEMOG1_1(1.0),A,ITF32,NMIGRATEAB,2016,3.1,,,,TIPO_DATO15__NMIGRATEAB_N1,,,
IT1:22_293_DF_DCIS_INDDEMOG1_1(1.0),A,ITF32,NMIGRATEAB,2017,5.6,,,,TIPO_DATO15__NMIGRATEAB_N1,,,
IT1:22_293_DF_DCIS_INDDEMOG1_1(1.0),A,ITF32,NMIGRATEAB,2018,0.6,,,,TIPO_DATO15__NMIGRATEAB_N1,,,
IT1:22_293_DF_DCIS_INDDEMOG1_1(1.0),A,ITF32,NMIGRATEAB,2019,0.9,,,,TIPO_DATO15__NMIGRATEAB_N1,,,
IT1:22_293_DF_DCIS_INDDEMOG1_1(1.0),A,ITF32,NMIGRATEAB,2020,-0.1,,,,TIPO_DATO15__NMIGRATEAB_N1,,,
IT1:22_293_DF_DCIS_INDDEMOG1_1(1.0),A,ITF32,NMIGRATEAB,2021,1.1,,,,TIPO_DATO15__NMIGRATEAB_N1,,,
IT1:22_293_DF_DCIS_INDDEMOG1_1(1.0),A,ITF32,NMIGRATEAB,2022,3.3,,,,TIPO_DATO15__NMIGRATEAB_N1,,,
IT1:22_293_DF_DCIS_INDDEMOG1_1(1.0),A,ITF32,NMIGRATEAB,2023,4.4,,,,TIPO_DATO15__NMIGRATEAB_N1,,,
IT1:22_293_DF_DCIS_INDDEMOG1_1(1.0),A,ITF32,NMIGRATEAB,2024,3.6,,,,TIPO_DATO15__NMIGRATEAB_N1,,,
IT1:22_293_DF_DCIS_INDDEMOG1_1(1.0),A,ITF32,NMIGRATEAB,2025,3.3,p,,,TIPO_DATO15__NMIGRATEAB_N1,,,
IT1:22_293_DF_DCIS_INDDEMOG1_1(1.0),A,ITF33,NMIGRATEAB,2015,1.8,,,,TIPO_DATO15__NMIGRATEAB_N1,,,
IT1:22_293_DF_DCIS_INDDEMOG1_1(1.0),A,ITF33,NMIGRATEAB,2016,0.6,,,,TIPO_DATO15__NMIGRATEAB_N1,,,
IT1:22_293_DF_DCIS_INDDEMOG1_1(1.0),A,ITF33,NMIGRATEAB,2017,1.5,,,,TIPO_DATO15__NMIGRATEAB_N1,,,
IT1:22_293_DF_DCIS_INDDEMOG1_1(1.0),A,ITF33,NMIGRATEAB,2018,0.8,,,,TIPO_DATO15__NMIGRATEAB_N1,,,
IT1:22_293_DF_DCIS_INDDEMOG1_1(1.0),A,ITF33,NMIGRATEAB,2019,1.2,,,,TIPO_DATO15__NMIGRATEAB_N1,,,
IT1:22_293_DF_DCIS_INDDEMOG1_1(1.0),A,ITF33,NMIGRATEAB,2020,0.7,,,,TIPO_DATO15__NMIGRATEAB_N1,,,
IT1:22_293_DF_DCIS_INDDEMOG1_1(1.0),A,ITF33,NMIGRATEAB,2021,0.9,,,,TIPO_DATO15__NMIGRATEAB_N1,,,
IT1:22_293_DF_DCIS_INDDEMOG1_1(1.0),A,ITF33,NMIGRATEAB,2022,2.1,,,,TIPO_DATO15__NMIGRATEAB_N1,,,
IT1:22_293_DF_DCIS_INDDEMOG1_1(1.0),A,ITF33,NMIGRATEAB,2023,2.1,,,,TIPO_DATO15__NMIGRATEAB_N1,,,
IT1:22_293_DF_DCIS_INDDEMOG1_1(1.0),A,ITF33,NMIGRATEAB,2024,2,,,,TIPO_DATO15__NMIGRATEAB_N1,,,
IT1:22_293_DF_DCIS_INDDEMOG1_1(1.0),A,ITF33,NMIGRATEAB,2025,3.2,p,,,TIPO_DATO15__NMIGRATEAB_N1,,,
IT1:22_293_DF_DCIS_INDDEMOG1_1(1.0),A,ITF34,NMIGRATEAB,2015,0.3,,,,TIPO_DATO15__NMIGRATEAB_N1,,,
IT1:22_293_DF_DCIS_INDDEMOG1_1(1.0),A,ITF34,NMIGRATEAB,2016,1.3,,,,TIPO_DATO15__NMIGRATEAB_N1,,,
IT1:22_293_DF_DCIS_INDDEMOG1_1(1.0),A,ITF34,NMIGRATEAB,2017,1.9,,,,TIPO_DATO15__NMIGRATEAB_N1,,,
IT1:22_293_DF_DCIS_INDDEMOG1_1(1.0),A,ITF34,NMIGRATEAB,2018,-0.5,,,,TIPO_DATO15__NMIGRATEAB_N1,,,
IT1:22_293_DF_DCIS_INDDEMOG1_1(1.0),A,ITF34,NMIGRATEAB,2019,0.8,,,,TIPO_DATO15__NMIGRATEAB_N1,,,
IT1:22_293_DF_DCIS_INDDEMOG1_1(1.0),A,ITF34,NMIGRATEAB,2020,0.3,,,,TIPO_DATO15__NMIGRATEAB_N1,,,
IT1:22_293_DF_DCIS_INDDEMOG1_1(1.0),A,ITF34,NMIGRATEAB,2021,2.2,,,,TIPO_DATO15__NMIGRATEAB_N1,,,
IT1:22_293_DF_DCIS_INDDEMOG1_1(1.0),A,ITF34,NMIGRATEAB,2022,3.3,,,,TIPO_DATO15__NMIGRATEAB_N1,,,
IT1:22_293_DF_DCIS_INDDEMOG1_1(1.0),A,ITF34,NMIGRATEAB,2023,4.4,,,,TIPO_DATO15__NMIGRATEAB_N1,,,
IT1:22_293_DF_DCIS_INDDEMOG1_1(1.0),A,ITF34,NMIGRATEAB,2024,4,,,,TIPO_DATO15__NMIGRATEAB_N1,,,
IT1:22_293_DF_DCIS_INDDEMOG1_1(1.0),A,ITF34,NMIGRATEAB,2025,3.2,p,,,TIPO_DATO15__NMIGRATEAB_N1,,,
IT1:22_293_DF_DCIS_INDDEMOG1_1(1.0),A,ITF35,NMIGRATEAB,2015,1.4,,,,TIPO_DATO15__NMIGRATEAB_N1,,,
IT1:22_293_DF_DCIS_INDDEMOG1_1(1.0),A,ITF35,NMIGRATEAB,2016,1.1,,,,TIPO_DATO15__NMIGRATEAB_N1,,,
IT1:22_293_DF_DCIS_INDDEMOG1_1(1.0),A,ITF35,NMIGRATEAB,2017,1.1,,,,TIPO_DATO15__NMIGRATEAB_N1,,,
IT1:22_293_DF_DCIS_INDDEMOG1_1(1.0),A,ITF35,NMIGRATEAB,2018,1.1,,,,TIPO_DATO15__NMIGRATEAB_N1,,,
IT1:22_293_DF_DCIS_INDDEMOG1_1(1.0),A,ITF35,NMIGRATEAB,2019,0.7,,,,TIPO_DATO15__NMIGRATEAB_N1,,,
IT1:22_293_DF_DCIS_INDDEMOG1_1(1.0),A,ITF35,NMIGRATEAB,2020,0.6,,,,TIPO_DATO15__NMIGRATEAB_N1,,,
IT1:22_293_DF_DCIS_INDDEMOG1_1(1.0),A,ITF35,NMIGRATEAB,2021,1.2,,,,TIPO_DATO15__NMIGRATEAB_N1,,,
IT1:22_293_DF_DCIS_INDDEMOG1_1(1.0),A,ITF35,NMIGRATEAB,2022,3.3,,,,TIPO_DATO15__NMIGRATEAB_N1,,,
IT1:22_293_DF_DCIS_INDDEMOG1_1(1.0),A,ITF35,NMIGRATEAB,2023,3.8,,,,TIPO_DATO15__NMIGRATEAB_N1,,,
IT1:22_293_DF_DCIS_INDDEMOG1_1(1.0),A,ITF35,NMIGRATEAB,2024,3.6,,,,TIPO_DATO15__NMIGRATEAB_N1,,,
IT1:22_293_DF_DCIS_INDDEMOG1_1(1.0),A,ITF35,NMIGRATEAB,2025,4.3,p,,,TIPO_DATO15__NMIGRATEAB_N1,,,
IT1:22_293_DF_DCIS_INDDEMOG1_1(1.0),A,ITF4,NMIGRATEAB,2015,0.1,,,,TIPO_DATO15__NMIGRATEAB_N1,,,
IT1:22_293_DF_DCIS_INDDEMOG1_1(1.0),A,ITF4,NMIGRATEAB,2016,0.1,,,,TIPO_DATO15__NMIGRATEAB_N1,,,
IT1:22_293_DF_DCIS_INDDEMOG1_1(1.0),A,ITF4,NMIGRATEAB,2017,0.4,,,,TIPO_DATO15__NMIGRATEAB_N1,,,
IT1:22_293_DF_DCIS_INDDEMOG1_1(1.0),A,ITF4,NMIGRATEAB,2018,0.3,,,,TIPO_DATO15__NMIGRATEAB_N1,,,
IT1:22_293_DF_DCIS_INDDEMOG1_1(1.0),A,ITF4,NMIGRATEAB,2019,1.1,,,,TIPO_DATO15__NMIGRATEAB_N1,,,
IT1:22_293_DF_DCIS_INDDEMOG1_1(1.0),A,ITF4,NMIGRATEAB,2020,0.9,,,,TIPO_DATO15__NMIGRATEAB_N1,,,
IT1:22_293_DF_DCIS_INDDEMOG1_1(1.0),A,ITF4,NMIGRATEAB,2021,2.3,,,,TIPO_DATO15__NMIGRATEAB_N1,,,
IT1:22_293_DF_DCIS_INDDEMOG1_1(1.0),A,ITF4,NMIGRATEAB,2022,2.9,,,,TIPO_DATO15__NMIGRATEAB_N1,,,
IT1:22_293_DF_DCIS_INDDEMOG1_1(1.0),A,ITF4,NMIGRATEAB,2023,2.6,,,,TIPO_DATO15__NMIGRATEAB_N1,,,
IT1:22_293_DF_DCIS_INDDEMOG1_1(1.0),A,ITF4,NMIGRATEAB,2024,2.6,,,,TIPO_DATO15__NMIGRATEAB_N1,,,
IT1:22_293_DF_DCIS_INDDEMOG1_1(1.0),A,ITF4,NMIGRATEAB,2025,3.4,p,,,TIPO_DATO15__NMIGRATEAB_N1,,,
IT1:22_293_DF_DCIS_INDDEMOG1_1(1.0),A,ITF41,NMIGRATEAB,2015,0,,,,TIPO_DATO15__NMIGRATEAB_N1,,,
IT1:22_293_DF_DCIS_INDDEMOG1_1(1.0),A,ITF41,NMIGRATEAB,2016,0.6,,,,TIPO_DATO15__NMIGRATEAB_N1,,,
IT1:22_293_DF_DCIS_INDDEMOG1_1(1.0),A,ITF41,NMIGRATEAB,2017,0.8,,,,TIPO_DATO15__NMIGRATEAB_N1,,,
IT1:22_293_DF_DCIS_INDDEMOG1_1(1.0),A,ITF41,NMIGRATEAB,2018,0.6,,,,TIPO_DATO15__NMIGRATEAB_N1,,,
IT1:22_293_DF_DCIS_INDDEMOG1_1(1.0),A,ITF41,NMIGRATEAB,2019,1.5,,,,TIPO_DATO15__NMIGRATEAB_N1,,,
IT1:22_293_DF_DCIS_INDDEMOG1_1(1.0),A,ITF41,NMIGRATEAB,2020,1.7,,,,TIPO_DATO15__NMIGRATEAB_N1,,,
IT1:22_293_DF_DCIS_INDDEMOG1_1(1.0),A,ITF41,NMIGRATEAB,2021,3.6,,,,TIPO_DATO15__NMIGRATEAB_N1,,,
IT1:22_293_DF_DCIS_INDDEMOG1_1(1.0),A,ITF41,NMIGRATEAB,2022,4.6,,,,TIPO_DATO15__NMIGRATEAB_N1,,,
IT1:22_293_DF_DCIS_INDDEMOG1_1(1.0),A,ITF41,NMIGRATEAB,2023,4.8,,,,TIPO_DATO15__NMIGRATEAB_N1,,,
IT1:22_293_DF_DCIS_INDDEMOG1_1(1.0),A,ITF41,NMIGRATEAB,2024,5,,,,TIPO_DATO15__NMIGRATEAB_N1,,,
IT1:22_293_DF_DCIS_INDDEMOG1_1(1.0),A,ITF41,NMIGRATEAB,2025,5.2,p,,,TIPO_DATO15__NMIGRATEAB_N1,,,
IT1:22_293_DF_DCIS_INDDEMOG1_1(1.0),A,ITF42,NMIGRATEAB,2015,0.4,,,,TIPO_DATO15__NMIGRATEAB_N1,,,
IT1:22_293_DF_DCIS_INDDEMOG1_1(1.0),A,ITF42,NMIGRATEAB,2016,0,,,,TIPO_DATO15__NMIGRATEAB_N1,,,
IT1:22_293_DF_DCIS_INDDEMOG1_1(1.0),A,ITF42,NMIGRATEAB,2017,0.4,,,,TIPO_DATO15__NMIGRATEAB_N1,,,
IT1:22_293_DF_DCIS_INDDEMOG1_1(1.0),A,ITF42,NMIGRATEAB,2018,0,,,,TIPO_DATO15__NMIGRATEAB_N1,,,
IT1:22_293_DF_DCIS_INDDEMOG1_1(1.0),A,ITF42,NMIGRATEAB,2019,1.1,,,,TIPO_DATO15__NMIGRATEAB_N1,,,
IT1:22_293_DF_DCIS_INDDEMOG1_1(1.0),A,ITF42,NMIGRATEAB,2020,0.6,,,,TIPO_DATO15__NMIGRATEAB_N1,,,
IT1:22_293_DF_DCIS_INDDEMOG1_1(1.0),A,ITF42,NMIGRATEAB,2021,2.2,,,,TIPO_DATO15__NMIGRATEAB_N1,,,
IT1:22_293_DF_DCIS_INDDEMOG1_1(1.0),A,ITF42,NMIGRATEAB,2022,2.8,,,,TIPO_DATO15__NMIGRATEAB_N1,,,
IT1:22_293_DF_DCIS_INDDEMOG1_1(1.0),A,ITF42,NMIGRATEAB,2023,2.4,,,,TIPO_DATO15__NMIGRATEAB_N1,,,
IT1:22_293_DF_DCIS_INDDEMOG1_1(1.0),A,ITF42,NMIGRATEAB,2024,2.2,,,,TIPO_DATO15__NMIGRATEAB_N1,,,
IT1:22_293_DF_DCIS_INDDEMOG1_1(1.0),A,ITF42,NMIGRATEAB,2025,3.7,p,,,TIPO_DATO15__NMIGRATEAB_N1,,,
IT1:22_293_DF_DCIS_INDDEMOG1_1(1.0),A,ITF43,NMIGRATEAB,2015,0.4,,,,TIPO_DATO15__NMIGRATEAB_N1,,,
IT1:22_293_DF_DCIS_INDDEMOG1_1(1.0),A,ITF43,NMIGRATEAB,2016,0.4,,,,TIPO_DATO15__NMIGRATEAB_N1,,,
IT1:22_293_DF_DCIS_INDDEMOG1_1(1.0),A,ITF43,NMIGRATEAB,2017,0.7,,,,TIPO_DATO15__NMIGRATEAB_N1,,,
IT1:22_293_DF_DCIS_INDDEMOG1_1(1.0),A,ITF43,NMIGRATEAB,2018,0.4,,,,TIPO_DATO15__NMIGRATEAB_N1,,,
IT1:22_293_DF_DCIS_INDDEMOG1_1(1.0),A,ITF43,NMIGRATEAB,2019,1.1,,,,TIPO_DATO15__NMIGRATEAB_N1,,,
IT1:22_293_DF_DCIS_INDDEMOG1_1(1.0),A,ITF43,NMIGRATEAB,2020,0.5,,,,TIPO_DATO15__NMIGRATEAB_N1,,,
IT1:22_293_DF_DCIS_INDDEMOG1_1(1.0),A,ITF43,NMIGRATEAB,2021,1.5,,,,TIPO_DATO15__NMIGRATEAB_N1,,,
IT1:22_293_DF_DCIS_INDDEMOG1_1(1.0),A,ITF43,NMIGRATEAB,2022,2.4,,,,TIPO_DATO15__NMIGRATEAB_N1,,,
IT1:22_293_DF_DCIS_INDDEMOG1_1(1.0),A,ITF43,NMIGRATEAB,2023,2.1,,,,TIPO_DATO15__NMIGRATEAB_N1,,,
IT1:22_293_DF_DCIS_INDDEMOG1_1(1.0),A,ITF43,NMIGRATEAB,2024,1.9,,,,TIPO_DATO15__NMIGRATEAB_N1,,,
IT1:22_293_DF_DCIS_INDDEMOG1_1(1.0),A,ITF43,NMIGRATEAB,2025,2.9,p,,,TIPO_DATO15__NMIGRATEAB_N1,,,
IT1:22_293_DF_DCIS_INDDEMOG1_1(1.0),A,ITF44,NMIGRATEAB,2015,-0.9,,,,TIPO_DATO15__NMIGRATEAB_N1,,,
IT1:22_293_DF_DCIS_INDDEMOG1_1(1.0),A,ITF44,NMIGRATEAB,2016,0.1,,,,TIPO_DATO15__NMIGRATEAB_N1,,,
IT1:22_293_DF_DCIS_INDDEMOG1_1(1.0),A,ITF44,NMIGRATEAB,2017,0.6,,,,TIPO_DATO15__NMIGRATEAB_N1,,,
IT1:22_293_DF_DCIS_INDDEMOG1_1(1.0),A,ITF44,NMIGRATEAB,2018,1,,,,TIPO_DATO15__NMIGRATEAB_N1,,,
IT1:22_293_DF_DCIS_INDDEMOG1_1(1.0),A,ITF44,NMIGRATEAB,2019,1.7,,,,TIPO_DATO15__NMIGRATEAB_N1,,,
IT1:22_293_DF_DCIS_INDDEMOG1_1(1.0),A,ITF44,NMIGRATEAB,2020,1.4,,,,TIPO_DATO15__NMIGRATEAB_N1,,,
IT1:22_293_DF_DCIS_INDDEMOG1_1(1.0),A,ITF44,NMIGRATEAB,2021,2.5,,,,TIPO_DATO15__NMIGRATEAB_N1,,,
IT1:22_293_DF_DCIS_INDDEMOG1_1(1.0),A,ITF44,NMIGRATEAB,2022,2.9,,,,TIPO_DATO15__NMIGRATEAB_N1,,,
IT1:22_293_DF_DCIS_INDDEMOG1_1(1.0),A,ITF44,NMIGRATEAB,2023,2.3,,,,TIPO_DATO15__NMIGRATEAB_N1,,,
IT1:22_293_DF_DCIS_INDDEMOG1_1(1.0),A,ITF44,NMIGRATEAB,2024,2.5,,,,TIPO_DATO15__NMIGRATEAB_N1,,,
IT1:22_293_DF_DCIS_INDDEMOG1_1(1.0),A,ITF44,NMIGRATEAB,2025,2.6,p,,,TIPO_DATO15__NMIGRATEAB_N1,,,
IT1:22_293_DF_DCIS_INDDEMOG1_1(1.0),A,ITF45,NMIGRATEAB,2015,0.2,,,,TIPO_DATO15__NMIGRATEAB_N1,,,
IT1:22_293_DF_DCIS_INDDEMOG1_1(1.0),A,ITF45,NMIGRATEAB,2016,0,,,,TIPO_DATO15__NMIGRATEAB_N1,,,
IT1:22_293_DF_DCIS_INDDEMOG1_1(1.0),A,ITF45,NMIGRATEAB,2017,0.2,,,,TIPO_DATO15__NMIGRATEAB_N1,,,
IT1:22_293_DF_DCIS_INDDEMOG1_1(1.0),A,ITF45,NMIGRATEAB,2018,0.4,,,,TIPO_DATO15__NMIGRATEAB_N1,,,
IT1:22_293_DF_DCIS_INDDEMOG1_1(1.0),A,ITF45,NMIGRATEAB,2019,0.9,,,,TIPO_DATO15__NMIGRATEAB_N1,,,
IT1:22_293_DF_DCIS_INDDEMOG1_1(1.0),A,ITF45,NMIGRATEAB,2020,1,,,,TIPO_DATO15__NMIGRATEAB_N1,,,
IT1:22_293_DF_DCIS_INDDEMOG1_1(1.0),A,ITF45,NMIGRATEAB,2021,2.4,,,,TIPO_DATO15__NMIGRATEAB_N1,,,
IT1:22_293_DF_DCIS_INDDEMOG1_1(1.0),A,ITF45,NMIGRATEAB,2022,2.7,,,,TIPO_DATO15__NMIGRATEAB_N1,,,
IT1:22_293_DF_DCIS_INDDEMOG1_1(1.0),A,ITF45,NMIGRATEAB,2023,2.3,,,,TIPO_DATO15__NMIGRATEAB_N1,,,
IT1:22_293_DF_DCIS_INDDEMOG1_1(1.0),A,ITF45,NMIGRATEAB,2024,2.4,,,,TIPO_DATO15__NMIGRATEAB_N1,,,
IT1:22_293_DF_DCIS_INDDEMOG1_1(1.0),A,ITF45,NMIGRATEAB,2025,3.3,p,,,TIPO_DATO15__NMIGRATEAB_N1,,,
IT1:22_293_DF_DCIS_INDDEMOG1_1(1.0),A,ITF5,NMIGRATEAB,2015,1.5,,,,TIPO_DATO15__NMIGRATEAB_N1,,,
IT1:22_293_DF_DCIS_INDDEMOG1_1(1.0),A,ITF5,NMIGRATEAB,2016,1.7,,,,TIPO_DATO15__NMIGRATEAB_N1,,,
IT1:22_293_DF_DCIS_INDDEMOG1_1(1.0),A,ITF5,NMIGRATEAB,2017,2.6,,,,TIPO_DATO15__NMIGRATEAB_N1,,,
IT1:22_293_DF_DCIS_INDDEMOG1_1(1.0),A,ITF5,NMIGRATEAB,2018,1.3,,,,TIPO_DATO15__NMIGRATEAB_N1,,,
IT1:22_293_DF_DCIS_INDDEMOG1_1(1.0),A,ITF5,NMIGRATEAB,2019,1.4,,,,TIPO_DATO15__NMIGRATEAB_N1,,,
IT1:22_293_DF_DCIS_INDDEMOG1_1(1.0),A,ITF5,NMIGRATEAB,2020,1.1,,,,TIPO_DATO15__NMIGRATEAB_N1,,,
IT1:22_293_DF_DCIS_INDDEMOG1_1(1.0),A,ITF5,NMIGRATEAB,2021,3.1,,,,TIPO_DATO15__NMIGRATEAB_N1,,,
IT1:22_293_DF_DCIS_INDDEMOG1_1(1.0),A,ITF5,NMIGRATEAB,2022,5.8,,,,TIPO_DATO15__NMIGRATEAB_N1,,,
IT1:22_293_DF_DCIS_INDDEMOG1_1(1.0),A,ITF5,NMIGRATEAB,2023,5.5,,,,TIPO_DATO15__NMIGRATEAB_N1,,,
IT1:22_293_DF_DCIS_INDDEMOG1_1(1.0),A,ITF5,NMIGRATEAB,2024,5.1,,,,TIPO_DATO15__NMIGRATEAB_N1,,,
IT1:22_293_DF_DCIS_INDDEMOG1_1(1.0),A,ITF5,NMIGRATEAB,2025,3.2,p,,,TIPO_DATO15__NMIGRATEAB_N1,,,
IT1:22_293_DF_DCIS_INDDEMOG1_1(1.0),A,ITF51,NMIGRATEAB,2015,1.4,,,,TIPO_DATO15__NMIGRATEAB_N1,,,
IT1:22_293_DF_DCIS_INDDEMOG1_1(1.0),A,ITF51,NMIGRATEAB,2016,1.5,,,,TIPO_DATO15__NMIGRATEAB_N1,,,
IT1:22_293_DF_DCIS_INDDEMOG1_1(1.0),A,ITF51,NMIGRATEAB,2017,2.9,,,,TIPO_DATO15__NMIGRATEAB_N1,,,
IT1:22_293_DF_DCIS_INDDEMOG1_1(1.0),A,ITF51,NMIGRATEAB,2018,0.6,,,,TIPO_DATO15__NMIGRATEAB_N1,,,
IT1:22_293_DF_DCIS_INDDEMOG1_1(1.0),A,ITF51,NMIGRATEAB,2019,1,,,,TIPO_DATO15__NMIGRATEAB_N1,,,
IT1:22_293_DF_DCIS_INDDEMOG1_1(1.0),A,ITF51,NMIGRATEAB,2020,0.7,,,,TIPO_DATO15__NMIGRATEAB_N1,,,
IT1:22_293_DF_DCIS_INDDEMOG1_1(1.0),A,ITF51,NMIGRATEAB,2021,2.3,,,,TIPO_DATO15__NMIGRATEAB_N1,,,
IT1:22_293_DF_DCIS_INDDEMOG1_1(1.0),A,ITF51,NMIGRATEAB,2022,4.6,,,,TIPO_DATO15__NMIGRATEAB_N1,,,
IT1:22_293_DF_DCIS_INDDEMOG1_1(1.0),A,ITF51,NMIGRATEAB,2023,4.7,,,,TIPO_DATO15__NMIGRATEAB_N1,,,
IT1:22_293_DF_DCIS_INDDEMOG1_1(1.0),A,ITF51,NMIGRATEAB,2024,4.9,,,,TIPO_DATO15__NMIGRATEAB_N1,,,
IT1:22_293_DF_DCIS_INDDEMOG1_1(1.0),A,ITF51,NMIGRATEAB,2025,2.4,p,,,TIPO_DATO15__NMIGRATEAB_N1,,,
IT1:22_293_DF_DCIS_INDDEMOG1_1(1.0),A,ITF52,NMIGRATEAB,2015,1.5,,,,TIPO_DATO15__NMIGRATEAB_N1,,,
IT1:22_293_DF_DCIS_INDDEMOG1_1(1.0),A,ITF52,NMIGRATEAB,2016,1.9,,,,TIPO_DATO15__NMIGRATEAB_N1,,,
IT1:22_293_DF_DCIS_INDDEMOG1_1(1.0),A,ITF52,NMIGRATEAB,2017,2,,,,TIPO_DATO15__NMIGRATEAB_N1,,,
IT1:22_293_DF_DCIS_INDDEMOG1_1(1.0),A,ITF52,NMIGRATEAB,2018,2.6,,,,TIPO_DATO15__NMIGRATEAB_N1,,,
IT1:22_293_DF_DCIS_INDDEMOG1_1(1.0),A,ITF52,NMIGRATEAB,2019,2.2,,,,TIPO_DATO15__NMIGRATEAB_N1,,,
IT1:22_293_DF_DCIS_INDDEMOG1_1(1.0),A,ITF52,NMIGRATEAB,2020,1.9,,,,TIPO_DATO15__NMIGRATEAB_N1,,,
IT1:22_293_DF_DCIS_INDDEMOG1_1(1.0),A,ITF52,NMIGRATEAB,2021,4.6,,,,TIPO_DATO15__NMIGRATEAB_N1,,,
IT1:22_293_DF_DCIS_INDDEMOG1_1(1.0),A,ITF52,NMIGRATEAB,2022,8.1,,,,TIPO_DATO15__NMIGRATEAB_N1,,,
IT1:22_293_DF_DCIS_INDDEMOG1_1(1.0),A,ITF52,NMIGRATEAB,2023,6.9,,,,TIPO_DATO15__NMIGRATEAB_N1,,,
IT1:22_293_DF_DCIS_INDDEMOG1_1(1.0),A,ITF52,NMIGRATEAB,2024,5.5,,,,TIPO_DATO15__NMIGRATEAB_N1,,,
IT1:22_293_DF_DCIS_INDDEMOG1_1(1.0),A,ITF52,NMIGRATEAB,2025,4.5,p,,,TIPO_DATO15__NMIGRATEAB_N1,,,
IT1:22_293_DF_DCIS_INDDEMOG1_1(1.0),A,ITF6,NMIGRATEAB,2015,1.6,,,,TIPO_DATO15__NMIGRATEAB_N1,,,
IT1:22_293_DF_DCIS_INDDEMOG1_1(1.0),A,ITF6,NMIGRATEAB,2016,2,,,,TIPO_DATO15__NMIGRATEAB_N1,,,
IT1:22_293_DF_DCIS_INDDEMOG1_1(1.0),A,ITF6,NMIGRATEAB,2017,2.3,,,,TIPO_DATO15__NMIGRATEAB_N1,,,
IT1:22_293_DF_DCIS_INDDEMOG1_1(1.0),A,ITF6,NMIGRATEAB,2018,2,,,,TIPO_DATO15__NMIGRATEAB_N1,,,
IT1:22_293_DF_DCIS_INDDEMOG1_1(1.0),A,ITF6,NMIGRATEAB,2019,1.1,,,,TIPO_DATO15__NMIGRATEAB_N1,,,
IT1:22_293_DF_DCIS_INDDEMOG1_1(1.0),A,ITF6,NMIGRATEAB,2020,0.7,,,,TIPO_DATO15__NMIGRATEAB_N1,,,
IT1:22_293_DF_DCIS_INDDEMOG1_1(1.0),A,ITF6,NMIGRATEAB,2021,2.7,,,,TIPO_DATO15__NMIGRATEAB_N1,,,
IT1:22_293_DF_DCIS_INDDEMOG1_1(1.0),A,ITF6,NMIGRATEAB,2022,5,,,,TIPO_DATO15__NMIGRATEAB_N1,,,
IT1:22_293_DF_DCIS_INDDEMOG1_1(1.0),A,ITF6,NMIGRATEAB,2023,5.7,,,,TIPO_DATO15__NMIGRATEAB_N1,,,
IT1:22_293_DF_DCIS_INDDEMOG1_1(1.0),A,ITF6,NMIGRATEAB,2024,6.4,,,,TIPO_DATO15__NMIGRATEAB_N1,,,
IT1:22_293_DF_DCIS_INDDEMOG1_1(1.0),A,ITF6,NMIGRATEAB,2025,4.5,p,,,TIPO_DATO15__NMIGRATEAB_N1,,,
IT1:22_293_DF_DCIS_INDDEMOG1_1(1.0),A,ITF61,NMIGRATEAB,2015,0.3,,,,TIPO_DATO15__NMIGRATEAB_N1,,,
IT1:22_293_DF_DCIS_INDDEMOG1_1(1.0),A,ITF61,NMIGRATEAB,2016,0.7,,,,TIPO_DATO15__NMIGRATEAB_N1,,,
IT1:22_293_DF_DCIS_INDDEMOG1_1(1.0),A,ITF61,NMIGRATEAB,2017,1.9,,,,TIPO_DATO15__NMIGRATEAB_N1,,,
IT1:22_293_DF_DCIS_INDDEMOG1_1(1.0),A,ITF61,NMIGRATEAB,2018,2.3,,,,TIPO_DATO15__NMIGRATEAB_N1,,,
IT1:22_293_DF_DCIS_INDDEMOG1_1(1.0),A,ITF61,NMIGRATEAB,2019,1.4,,,,TIPO_DATO15__NMIGRATEAB_N1,,,
IT1:22_293_DF_DCIS_INDDEMOG1_1(1.0),A,ITF61,NMIGRATEAB,2020,0.9,,,,TIPO_DATO15__NMIGRATEAB_N1,,,
IT1:22_293_DF_DCIS_INDDEMOG1_1(1.0),A,ITF61,NMIGRATEAB,2021,3.2,,,,TIPO_DATO15__NMIGRATEAB_N1,,,
IT1:22_293_DF_DCIS_INDDEMOG1_1(1.0),A,ITF61,NMIGRATEAB,2022,6.2,,,,TIPO_DATO15__NMIGRATEAB_N1,,,
IT1:22_293_DF_DCIS_INDDEMOG1_1(1.0),A,ITF61,NMIGRATEAB,2023,7,,,,TIPO_DATO15__NMIGRATEAB_N1,,,
IT1:22_293_DF_DCIS_INDDEMOG1_1(1.0),A,ITF61,NMIGRATEAB,2024,8.3,,,,TIPO_DATO15__NMIGRATEAB_N1,,,
IT1:22_293_DF_DCIS_INDDEMOG1_1(1.0),A,ITF61,NMIGRATEAB,2025,5,p,,,TIPO_DATO15__NMIGRATEAB_N1,,,
IT1:22_293_DF_DCIS_INDDEMOG1_1(1.0),A,ITF62,NMIGRATEAB,2015,4.5,,,,TIPO_DATO15__NMIGRATEAB_N1,,,
IT1:22_293_DF_DCIS_INDDEMOG1_1(1.0),A,ITF62,NMIGRATEAB,2016,8.4,,,,TIPO_DATO15__NMIGRATEAB_N1,,,
IT1:22_293_DF_DCIS_INDDEMOG1_1(1.0),A,ITF62,NMIGRATEAB,2017,5,,,,TIPO_DATO15__NMIGRATEAB_N1,,,
IT1:22_293_DF_DCIS_INDDEMOG1_1(1.0),A,ITF62,NMIGRATEAB,2018,5.6,,,,TIPO_DATO15__NMIGRATEAB_N1,,,
IT1:22_293_DF_DCIS_INDDEMOG1_1(1.0),A,ITF62,NMIGRATEAB,2019,1.6,,,,TIPO_DATO15__NMIGRATEAB_N1,,,
IT1:22_293_DF_DCIS_INDDEMOG1_1(1.0),A,ITF62,NMIGRATEAB,2020,0.5,,,,TIPO_DATO15__NMIGRATEAB_N1,,,
IT1:22_293_DF_DCIS_INDDEMOG1_1(1.0),A,ITF62,NMIGRATEAB,2021,1.8,,,,TIPO_DATO15__NMIGRATEAB_N1,,,
IT1:22_293_DF_DCIS_INDDEMOG1_1(1.0),A,ITF62,NMIGRATEAB,2022,4.2,,,,TIPO_DATO15__NMIGRATEAB_N1,,,
IT1:22_293_DF_DCIS_INDDEMOG1_1(1.0),A,ITF62,NMIGRATEAB,2023,3.7,,,,TIPO_DATO15__NMIGRATEAB_N1,,,
IT1:22_293_DF_DCIS_INDDEMOG1_1(1.0),A,ITF62,NMIGRATEAB,2024,7,,,,TIPO_DATO15__NMIGRATEAB_N1,,,
IT1:22_293_DF_DCIS_INDDEMOG1_1(1.0),A,ITF62,NMIGRATEAB,2025,6.9,p,,,TIPO_DATO15__NMIGRATEAB_N1,,,
IT1:22_293_DF_DCIS_INDDEMOG1_1(1.0),A,ITF63,NMIGRATEAB,2015,1.5,,,,TIPO_DATO15__NMIGRATEAB_N1,,,
IT1:22_293_DF_DCIS_INDDEMOG1_1(1.0),A,ITF63,NMIGRATEAB,2016,1.9,,,,TIPO_DATO15__NMIGRATEAB_N1,,,
IT1:22_293_DF_DCIS_INDDEMOG1_1(1.0),A,ITF63,NMIGRATEAB,2017,1.6,,,,TIPO_DATO15__NMIGRATEAB_N1,,,
IT1:22_293_DF_DCIS_INDDEMOG1_1(1.0),A,ITF63,NMIGRATEAB,2018,-0.2,,,,TIPO_DATO15__NMIGRATEAB_N1,,,
IT1:22_293_DF_DCIS_INDDEMOG1_1(1.0),A,ITF63,NMIGRATEAB,2019,0.5,,,,TIPO_DATO15__NMIGRATEAB_N1,,,
IT1:22_293_DF_DCIS_INDDEMOG1_1(1.0),A,ITF63,NMIGRATEAB,2020,0.5,,,,TIPO_DATO15__NMIGRATEAB_N1,,,
IT1:22_293_DF_DCIS_INDDEMOG1_1(1.0),A,ITF63,NMIGRATEAB,2021,1.5,,,,TIPO_DATO15__NMIGRATEAB_N1,,,
IT1:22_293_DF_DCIS_INDDEMOG1_1(1.0),A,ITF63,NMIGRATEAB,2022,3.6,,,,TIPO_DATO15__NMIGRATEAB_N1,,,
IT1:22_293_DF_DCIS_INDDEMOG1_1(1.0),A,ITF63,NMIGRATEAB,2023,4.5,,,,TIPO_DATO15__NMIGRATEAB_N1,,,
IT1:22_293_DF_DCIS_INDDEMOG1_1(1.0),A,ITF63,NMIGRATEAB,2024,4,,,,TIPO_DATO15__NMIGRATEAB_N1,,,
IT1:22_293_DF_DCIS_INDDEMOG1_1(1.0),A,ITF63,NMIGRATEAB,2025,3.8,p,,,TIPO_DATO15__NMIGRATEAB_N1,,,
IT1:22_293_DF_DCIS_INDDEMOG1_1(1.0),A,ITF64,NMIGRATEAB,2015,3.1,,,,TIPO_DATO15__NMIGRATEAB_N1,,,
IT1:22_293_DF_DCIS_INDDEMOG1_1(1.0),A,ITF64,NMIGRATEAB,2016,1.4,,,,TIPO_DATO15__NMIGRATEAB_N1,,,
IT1:22_293_DF_DCIS_INDDEMOG1_1(1.0),A,ITF64,NMIGRATEAB,2017,2.5,,,,TIPO_DATO15__NMIGRATEAB_N1,,,
IT1:22_293_DF_DCIS_INDDEMOG1_1(1.0),A,ITF64,NMIGRATEAB,2018,2.1,,,,TIPO_DATO15__NMIGRATEAB_N1,,,
IT1:22_293_DF_DCIS_INDDEMOG1_1(1.0),A,ITF64,NMIGRATEAB,2019,0.4,,,,TIPO_DATO15__NMIGRATEAB_N1,,,
IT1:22_293_DF_DCIS_INDDEMOG1_1(1.0),A,ITF64,NMIGRATEAB,2020,-0.1,,,,TIPO_DATO15__NMIGRATEAB_N1,,,
IT1:22_293_DF_DCIS_INDDEMOG1_1(1.0),A,ITF64,NMIGRATEAB,2021,2.2,,,,TIPO_DATO15__NMIGRATEAB_N1,,,
IT1:22_293_DF_DCIS_INDDEMOG1_1(1.0),A,ITF64,NMIGRATEAB,2022,5.2,,,,TIPO_DATO15__NMIGRATEAB_N1,,,
IT1:22_293_DF_DCIS_INDDEMOG1_1(1.0),A,ITF64,NMIGRATEAB,2023,10.9,,,,TIPO_DATO15__NMIGRATEAB_N1,,,
IT1:22_293_DF_DCIS_INDDEMOG1_1(1.0),A,ITF64,NMIGRATEAB,2024,10.4,,,,TIPO_DATO15__NMIGRATEAB_N1,,,
IT1:22_293_DF_DCIS_INDDEMOG1_1(1.0),A,ITF64,NMIGRATEAB,2025,5.2,p,,,TIPO_DATO15__NMIGRATEAB_N1,,,
IT1:22_293_DF_DCIS_INDDEMOG1_1(1.0),A,ITF65,NMIGRATEAB,2015,2,,,,TIPO_DATO15__NMIGRATEAB_N1,,,
IT1:22_293_DF_DCIS_INDDEMOG1_1(1.0),A,ITF65,NMIGRATEAB,2016,1.7,,,,TIPO_DATO15__NMIGRATEAB_N1,,,
IT1:22_293_DF_DCIS_INDDEMOG1_1(1.0),A,ITF65,NMIGRATEAB,2017,2.5,,,,TIPO_DATO15__NMIGRATEAB_N1,,,
IT1:22_293_DF_DCIS_INDDEMOG1_1(1.0),A,ITF65,NMIGRATEAB,2018,2,,,,TIPO_DATO15__NMIGRATEAB_N1,,,
IT1:22_293_DF_DCIS_INDDEMOG1_1(1.0),A,ITF65,NMIGRATEAB,2019,1.2,,,,TIPO_DATO15__NMIGRATEAB_N1,,,
IT1:22_293_DF_DCIS_INDDEMOG1_1(1.0),A,ITF65,NMIGRATEAB,2020,0.7,,,,TIPO_DATO15__NMIGRATEAB_N1,,,
IT1:22_293_DF_DCIS_INDDEMOG1_1(1.0),A,ITF65,NMIGRATEAB,2021,3.1,,,,TIPO_DATO15__NMIGRATEAB_N1,,,
IT1:22_293_DF_DCIS_INDDEMOG1_1(1.0),A,ITF65,NMIGRATEAB,2022,4.5,,,,TIPO_DATO15__NMIGRATEAB_N1,,,
IT1:22_293_DF_DCIS_INDDEMOG1_1(1.0),A,ITF65,NMIGRATEAB,2023,4.1,,,,TIPO_DATO15__NMIGRATEAB_N1,,,
IT1:22_293_DF_DCIS_INDDEMOG1_1(1.0),A,ITF65,NMIGRATEAB,2024,4.1,,,,TIPO_DATO15__NMIGRATEAB_N1,,,
IT1:22_293_DF_DCIS_INDDEMOG1_1(1.0),A,ITF65,NMIGRATEAB,2025,3.5,p,,,TIPO_DATO15__NMIGRATEAB_N1,,,
IT1:22_293_DF_DCIS_INDDEMOG1_1(1.0),A,ITFG,NMIGRATEAB,2015,0.7,,,,TIPO_DATO15__NMIGRATEAB_N1,,,
IT1:22_293_DF_DCIS_INDDEMOG1_1(1.0),A,ITFG,NMIGRATEAB,2016,0.6,,,,TIPO_DATO15__NMIGRATEAB_N1,,,
IT1:22_293_DF_DCIS_INDDEMOG1_1(1.0),A,ITFG,NMIGRATEAB,2017,0.8,,,,TIPO_DATO15__NMIGRATEAB_N1,,,
IT1:22_293_DF_DCIS_INDDEMOG1_1(1.0),A,ITFG,NMIGRATEAB,2018,0.6,,,,TIPO_DATO15__NMIGRATEAB_N1,,,
IT1:22_293_DF_DCIS_INDDEMOG1_1(1.0),A,ITFG,NMIGRATEAB,2019,1.1,,,,TIPO_DATO15__NMIGRATEAB_N1,,,
IT1:22_293_DF_DCIS_INDDEMOG1_1(1.0),A,ITFG,NMIGRATEAB,2020,0.7,,,,TIPO_DATO15__NMIGRATEAB_N1,,,
IT1:22_293_DF_DCIS_INDDEMOG1_1(1.0),A,ITFG,NMIGRATEAB,2021,1.9,,,,TIPO_DATO15__NMIGRATEAB_N1,,,
IT1:22_293_DF_DCIS_INDDEMOG1_1(1.0),A,ITFG,NMIGRATEAB,2022,3.2,,,,TIPO_DATO15__NMIGRATEAB_N1,,,
IT1:22_293_DF_DCIS_INDDEMOG1_1(1.0),A,ITFG,NMIGRATEAB,2023,3.5,,,,TIPO_DATO15__NMIGRATEAB_N1,,,
IT1:22_293_DF_DCIS_INDDEMOG1_1(1.0),A,ITFG,NMIGRATEAB,2024,3.4,,,,TIPO_DATO15__NMIGRATEAB_N1,,,
IT1:22_293_DF_DCIS_INDDEMOG1_1(1.0),A,ITFG,NMIGRATEAB,2025,3.7,p,,,TIPO_DATO15__NMIGRATEAB_N1,,,
IT1:22_293_DF_DCIS_INDDEMOG1_1(1.0),A,ITG,NMIGRATEAB,2015,0.2,,,,TIPO_DATO15__NMIGRATEAB_N1,,,
IT1:22_293_DF_DCIS_INDDEMOG1_1(1.0),A,ITG,NMIGRATEAB,2016,0,,,,TIPO_DATO15__NMIGRATEAB_N1,,,
IT1:22_293_DF_DCIS_INDDEMOG1_1(1.0),A,ITG,NMIGRATEAB,2017,-0.2,,,,TIPO_DATO15__NMIGRATEAB_N1,,,
IT1:22_293_DF_DCIS_INDDEMOG1_1(1.0),A,ITG,NMIGRATEAB,2018,-0.2,,,,TIPO_DATO15__NMIGRATEAB_N1,,,
IT1:22_293_DF_DCIS_INDDEMOG1_1(1.0),A,ITG,NMIGRATEAB,2019,0.6,,,,TIPO_DATO15__NMIGRATEAB_N1,,,
IT1:22_293_DF_DCIS_INDDEMOG1_1(1.0),A,ITG,NMIGRATEAB,2020,0.5,,,,TIPO_DATO15__NMIGRATEAB_N1,,,
IT1:22_293_DF_DCIS_INDDEMOG1_1(1.0),A,ITG,NMIGRATEAB,2021,1.6,,,,TIPO_DATO15__NMIGRATEAB_N1,,,
IT1:22_293_DF_DCIS_INDDEMOG1_1(1.0),A,ITG,NMIGRATEAB,2022,2.6,,,,TIPO_DATO15__NMIGRATEAB_N1,,,
IT1:22_293_DF_DCIS_INDDEMOG1_1(1.0),A,ITG,NMIGRATEAB,2023,3.1,,,,TIPO_DATO15__NMIGRATEAB_N1,,,
IT1:22_293_DF_DCIS_INDDEMOG1_1(1.0),A,ITG,NMIGRATEAB,2024,2.8,,,,TIPO_DATO15__NMIGRATEAB_N1,,,
IT1:22_293_DF_DCIS_INDDEMOG1_1(1.0),A,ITG,NMIGRATEAB,2025,3.7,p,,,TIPO_DATO15__NMIGRATEAB_N1,,,
IT1:22_293_DF_DCIS_INDDEMOG1_1(1.0),A,ITG1,NMIGRATEAB,2015,0.2,,,,TIPO_DATO15__NMIGRATEAB_N1,,,
IT1:22_293_DF_DCIS_INDDEMOG1_1(1.0),A,ITG1,NMIGRATEAB,2016,-0.2,,,,TIPO_DATO15__NMIGRATEAB_N1,,,
IT1:22_293_DF_DCIS_INDDEMOG1_1(1.0),A,ITG1,NMIGRATEAB,2017,-0.7,,,,TIPO_DATO15__NMIGRATEAB_N1,,,
IT1:22_293_DF_DCIS_INDDEMOG1_1(1.0),A,ITG1,NMIGRATEAB,2018,-0.2,,,,TIPO_DATO15__NMIGRATEAB_N1,,,
IT1:22_293_DF_DCIS_INDDEMOG1_1(1.0),A,ITG1,NMIGRATEAB,2019,0.7,,,,TIPO_DATO15__NMIGRATEAB_N1,,,
IT1:22_293_DF_DCIS_INDDEMOG1_1(1.0),A,ITG1,NMIGRATEAB,2020,0.6,,,,TIPO_DATO15__NMIGRATEAB_N1,,,
IT1:22_293_DF_DCIS_INDDEMOG1_1(1.0),A,ITG1,NMIGRATEAB,2021,1.8,,,,TIPO_DATO15__NMIGRATEAB_N1,,,
IT1:22_293_DF_DCIS_INDDEMOG1_1(1.0),A,ITG1,NMIGRATEAB,2022,2.9,,,,TIPO_DATO15__NMIGRATEAB_N1,,,
IT1:22_293_DF_DCIS_INDDEMOG1_1(1.0),A,ITG1,NMIGRATEAB,2023,3.4,,,,TIPO_DATO15__NMIGRATEAB_N1,,,
IT1:22_293_DF_DCIS_INDDEMOG1_1(1.0),A,ITG1,NMIGRATEAB,2024,3.2,,,,TIPO_DATO15__NMIGRATEAB_N1,,,
IT1:22_293_DF_DCIS_INDDEMOG1_1(1.0),A,ITG1,NMIGRATEAB,2025,4,p,,,TIPO_DATO15__NMIGRATEAB_N1,,,
IT1:22_293_DF_DCIS_INDDEMOG1_1(1.0),A,ITG11,NMIGRATEAB,2015,3.3,,,,TIPO_DATO15__NMIGRATEAB_N1,,,
IT1:22_293_DF_DCIS_INDDEMOG1_1(1.0),A,ITG11,NMIGRATEAB,2016,1.3,,,,TIPO_DATO15__NMIGRATEAB_N1,,,
IT1:22_293_DF_DCIS_INDDEMOG1_1(1.0),A,ITG11,NMIGRATEAB,2017,0.3,,,,TIPO_DATO15__NMIGRATEAB_N1,,,
IT1:22_293_DF_DCIS_INDDEMOG1_1(1.0),A,ITG11,NMIGRATEAB,2018,0.5,,,,TIPO_DATO15__NMIGRATEAB_N1,,,
IT1:22_293_DF_DCIS_INDDEMOG1_1(1.0),A,ITG11,NMIGRATEAB,2019,2.3,,,,TIPO_DATO15__NMIGRATEAB_N1,,,
IT1:22_293_DF_DCIS_INDDEMOG1_1(1.0),A,ITG11,NMIGRATEAB,2020,1.4,,,,TIPO_DATO15__NMIGRATEAB_N1,,,
IT1:22_293_DF_DCIS_INDDEMOG1_1(1.0),A,ITG11,NMIGRATEAB,2021,2.2,,,,TIPO_DATO15__NMIGRATEAB_N1,,,
IT1:22_293_DF_DCIS_INDDEMOG1_1(1.0),A,ITG11,NMIGRATEAB,2022,2.8,,,,TIPO_DATO15__NMIGRATEAB_N1,,,
IT1:22_293_DF_DCIS_INDDEMOG1_1(1.0),A,ITG11,NMIGRATEAB,2023,4,,,,TIPO_DATO15__NMIGRATEAB_N1,,,
IT1:22_293_DF_DCIS_INDDEMOG1_1(1.0),A,ITG11,NMIGRATEAB,2024,4.8,,,,TIPO_DATO15__NMIGRATEAB_N1,,,
IT1:22_293_DF_DCIS_INDDEMOG1_1(1.0),A,ITG11,NMIGRATEAB,2025,5,p,,,TIPO_DATO15__NMIGRATEAB_N1,,,
IT1:22_293_DF_DCIS_INDDEMOG1_1(1.0),A,ITG12,NMIGRATEAB,2015,-1.1,,,,TIPO_DATO15__NMIGRATEAB_N1,,,
IT1:22_293_DF_DCIS_INDDEMOG1_1(1.0),A,ITG12,NMIGRATEAB,2016,-0.7,,,,TIPO_DATO15__NMIGRATEAB_N1,,,
IT1:22_293_DF_DCIS_INDDEMOG1_1(1.0),A,ITG12,NMIGRATEAB,2017,-1.7,,,,TIPO_DATO15__NMIGRATEAB_N1,,,
IT1:22_293_DF_DCIS_INDDEMOG1_1(1.0),A,ITG12,NMIGRATEAB,2018,-0.8,,,,TIPO_DATO15__NMIGRATEAB_N1,,,
IT1:22_293_DF_DCIS_INDDEMOG1_1(1.0),A,ITG12,NMIGRATEAB,2019,-0.1,,,,TIPO_DATO15__NMIGRATEAB_N1,,,
IT1:22_293_DF_DCIS_INDDEMOG1_1(1.0),A,ITG12,NMIGRATEAB,2020,0,,,,TIPO_DATO15__NMIGRATEAB_N1,,,
IT1:22_293_DF_DCIS_INDDEMOG1_1(1.0),A,ITG12,NMIGRATEAB,2021,0.3,,,,TIPO_DATO15__NMIGRATEAB_N1,,,
IT1:22_293_DF_DCIS_INDDEMOG1_1(1.0),A,ITG12,NMIGRATEAB,2022,1.2,,,,TIPO_DATO15__NMIGRATEAB_N1,,,
IT1:22_293_DF_DCIS_INDDEMOG1_1(1.0),A,ITG12,NMIGRATEAB,2023,1.7,,,,TIPO_DATO15__NMIGRATEAB_N1,,,
IT1:22_293_DF_DCIS_INDDEMOG1_1(1.0),A,ITG12,NMIGRATEAB,2024,1.2,,,,TIPO_DATO15__NMIGRATEAB_N1,,,
IT1:22_293_DF_DCIS_INDDEMOG1_1(1.0),A,ITG12,NMIGRATEAB,2025,2.5,p,,,TIPO_DATO15__NMIGRATEAB_N1,,,
IT1:22_293_DF_DCIS_INDDEMOG1_1(1.0),A,ITG13,NMIGRATEAB,2015,-0.1,,,,TIPO_DATO15__NMIGRATEAB_N1,,,
IT1:22_293_DF_DCIS_INDDEMOG1_1(1.0),A,ITG13,NMIGRATEAB,2016,-0.3,,,,TIPO_DATO15__NMIGRATEAB_N1,,,
IT1:22_293_DF_DCIS_INDDEMOG1_1(1.0),A,ITG13,NMIGRATEAB,2017,-1,,,,TIPO_DATO15__NMIGRATEAB_N1,,,
IT1:22_293_DF_DCIS_INDDEMOG1_1(1.0),A,ITG13,NMIGRATEAB,2018,-0.4,,,,TIPO_DATO15__NMIGRATEAB_N1,,,
IT1:22_293_DF_DCIS_INDDEMOG1_1(1.0),A,ITG13,NMIGRATEAB,2019,0.9,,,,TIPO_DATO15__NMIGRATEAB_N1,,,
IT1:22_293_DF_DCIS_INDDEMOG1_1(1.0),A,ITG13,NMIGRATEAB,2020,0.7,,,,TIPO_DATO15__NMIGRATEAB_N1,,,
IT1:22_293_DF_DCIS_INDDEMOG1_1(1.0),A,ITG13,NMIGRATEAB,2021,3.2,,,,TIPO_DATO15__NMIGRATEAB_N1,,,
IT1:22_293_DF_DCIS_INDDEMOG1_1(1.0),A,ITG13,NMIGRATEAB,2022,4.9,,,,TIPO_DATO15__NMIGRATEAB_N1,,,
IT1:22_293_DF_DCIS_INDDEMOG1_1(1.0),A,ITG13,NMIGRATEAB,2023,6.1,,,,TIPO_DATO15__NMIGRATEAB_N1,,,
IT1:22_293_DF_DCIS_INDDEMOG1_1(1.0),A,ITG13,NMIGRATEAB,2024,6.1,,,,TIPO_DATO15__NMIGRATEAB_N1,,,
IT1:22_293_DF_DCIS_INDDEMOG1_1(1.0),A,ITG13,NMIGRATEAB,2025,5.6,p,,,TIPO_DATO15__NMIGRATEAB_N1,,,
IT1:22_293_DF_DCIS_INDDEMOG1_1(1.0),A,ITG14,NMIGRATEAB,2015,-0.5,,,,TIPO_DATO15__NMIGRATEAB_N1,,,
IT1:22_293_DF_DCIS_INDDEMOG1_1(1.0),A,ITG14,NMIGRATEAB,2016,-1.7,,,,TIPO_DATO15__NMIGRATEAB_N1,,,
IT1:22_293_DF_DCIS_INDDEMOG1_1(1.0),A,ITG14,NMIGRATEAB,2017,-1.7,,,,TIPO_DATO15__NMIGRATEAB_N1,,,
IT1:22_293_DF_DCIS_INDDEMOG1_1(1.0),A,ITG14,NMIGRATEAB,2018,-0.5,,,,TIPO_DATO15__NMIGRATEAB_N1,,,
IT1:22_293_DF_DCIS_INDDEMOG1_1(1.0),A,ITG14,NMIGRATEAB,2019,0,,,,TIPO_DATO15__NMIGRATEAB_N1,,,
IT1:22_293_DF_DCIS_INDDEMOG1_1(1.0),A,ITG14,NMIGRATEAB,2020,0.4,,,,TIPO_DATO15__NMIGRATEAB_N1,,,
IT1:22_293_DF_DCIS_INDDEMOG1_1(1.0),A,ITG14,NMIGRATEAB,2021,1.7,,,,TIPO_DATO15__NMIGRATEAB_N1,,,
IT1:22_293_DF_DCIS_INDDEMOG1_1(1.0),A,ITG14,NMIGRATEAB,2022,3.2,,,,TIPO_DATO15__NMIGRATEAB_N1,,,
IT1:22_293_DF_DCIS_INDDEMOG1_1(1.0),A,ITG14,NMIGRATEAB,2023,3.5,,,,TIPO_DATO15__NMIGRATEAB_N1,,,
IT1:22_293_DF_DCIS_INDDEMOG1_1(1.0),A,ITG14,NMIGRATEAB,2024,2.9,,,,TIPO_DATO15__NMIGRATEAB_N1,,,
IT1:22_293_DF_DCIS_INDDEMOG1_1(1.0),A,ITG14,NMIGRATEAB,2025,4.8,p,,,TIPO_DATO15__NMIGRATEAB_N1,,,
IT1:22_293_DF_DCIS_INDDEMOG1_1(1.0),A,ITG15,NMIGRATEAB,2015,0.8,,,,TIPO_DATO15__NMIGRATEAB_N1,,,
IT1:22_293_DF_DCIS_INDDEMOG1_1(1.0),A,ITG15,NMIGRATEAB,2016,0.4,,,,TIPO_DATO15__NMIGRATEAB_N1,,,
IT1:22_293_DF_DCIS_INDDEMOG1_1(1.0),A,ITG15,NMIGRATEAB,2017,1,,,,TIPO_DATO15__NMIGRATEAB_N1,,,
IT1:22_293_DF_DCIS_INDDEMOG1_1(1.0),A,ITG15,NMIGRATEAB,2018,0,,,,TIPO_DATO15__NMIGRATEAB_N1,,,
IT1:22_293_DF_DCIS_INDDEMOG1_1(1.0),A,ITG15,NMIGRATEAB,2019,-0.2,,,,TIPO_DATO15__NMIGRATEAB_N1,,,
IT1:22_293_DF_DCIS_INDDEMOG1_1(1.0),A,ITG15,NMIGRATEAB,2020,0.3,,,,TIPO_DATO15__NMIGRATEAB_N1,,,
IT1:22_293_DF_DCIS_INDDEMOG1_1(1.0),A,ITG15,NMIGRATEAB,2021,1.4,,,,TIPO_DATO15__NMIGRATEAB_N1,,,
IT1:22_293_DF_DCIS_INDDEMOG1_1(1.0),A,ITG15,NMIGRATEAB,2022,2.4,,,,TIPO_DATO15__NMIGRATEAB_N1,,,
IT1:22_293_DF_DCIS_INDDEMOG1_1(1.0),A,ITG15,NMIGRATEAB,2023,1.8,,,,TIPO_DATO15__NMIGRATEAB_N1,,,
IT1:22_293_DF_DCIS_INDDEMOG1_1(1.0),A,ITG15,NMIGRATEAB,2024,1,,,,TIPO_DATO15__NMIGRATEAB_N1,,,
IT1:22_293_DF_DCIS_INDDEMOG1_1(1.0),A,ITG15,NMIGRATEAB,2025,2.4,p,,,TIPO_DATO15__NMIGRATEAB_N1,,,
IT1:22_293_DF_DCIS_INDDEMOG1_1(1.0),A,ITG16,NMIGRATEAB,2015,-1.1,,,,TIPO_DATO15__NMIGRATEAB_N1,,,
IT1:22_293_DF_DCIS_INDDEMOG1_1(1.0),A,ITG16,NMIGRATEAB,2016,-1,,,,TIPO_DATO15__NMIGRATEAB_N1,,,
IT1:22_293_DF_DCIS_INDDEMOG1_1(1.0),A,ITG16,NMIGRATEAB,2017,-1,,,,TIPO_DATO15__NMIGRATEAB_N1,,,
IT1:22_293_DF_DCIS_INDDEMOG1_1(1.0),A,ITG16,NMIGRATEAB,2018,0.5,,,,TIPO_DATO15__NMIGRATEAB_N1,,,
IT1:22_293_DF_DCIS_INDDEMOG1_1(1.0),A,ITG16,NMIGRATEAB,2019,-0.6,,,,TIPO_DATO15__NMIGRATEAB_N1,,,
IT1:22_293_DF_DCIS_INDDEMOG1_1(1.0),A,ITG16,NMIGRATEAB,2020,-0.3,,,,TIPO_DATO15__NMIGRATEAB_N1,,,
IT1:22_293_DF_DCIS_INDDEMOG1_1(1.0),A,ITG16,NMIGRATEAB,2021,2,,,,TIPO_DATO15__NMIGRATEAB_N1,,,
IT1:22_293_DF_DCIS_INDDEMOG1_1(1.0),A,ITG16,NMIGRATEAB,2022,2.5,,,,TIPO_DATO15__NMIGRATEAB_N1,,,
IT1:22_293_DF_DCIS_INDDEMOG1_1(1.0),A,ITG16,NMIGRATEAB,2023,3.9,,,,TIPO_DATO15__NMIGRATEAB_N1,,,
IT1:22_293_DF_DCIS_INDDEMOG1_1(1.0),A,ITG16,NMIGRATEAB,2024,2.5,,,,TIPO_DATO15__NMIGRATEAB_N1,,,
IT1:22_293_DF_DCIS_INDDEMOG1_1(1.0),A,ITG16,NMIGRATEAB,2025,4,p,,,TIPO_DATO15__NMIGRATEAB_N1,,,
IT1:22_293_DF_DCIS_INDDEMOG1_1(1.0),A,ITG17,NMIGRATEAB,2015,-0.2,,,,TIPO_DATO15__NMIGRATEAB_N1,,,
IT1:22_293_DF_DCIS_INDDEMOG1_1(1.0),A,ITG17,NMIGRATEAB,2016,-1,,,,TIPO_DATO15__NMIGRATEAB_N1,,,
IT1:22_293_DF_DCIS_INDDEMOG1_1(1.0),A,ITG17,NMIGRATEAB,2017,-0.7,,,,TIPO_DATO15__NMIGRATEAB_N1,,,
IT1:22_293_DF_DCIS_INDDEMOG1_1(1.0),A,ITG17,NMIGRATEAB,2018,-0.5,,,,TIPO_DATO15__NMIGRATEAB_N1,,,
IT1:22_293_DF_DCIS_INDDEMOG1_1(1.0),A,ITG17,NMIGRATEAB,2019,0.4,,,,TIPO_DATO15__NMIGRATEAB_N1,,,
IT1:22_293_DF_DCIS_INDDEMOG1_1(1.0),A,ITG17,NMIGRATEAB,2020,0.4,,,,TIPO_DATO15__NMIGRATEAB_N1,,,
IT1:22_293_DF_DCIS_INDDEMOG1_1(1.0),A,ITG17,NMIGRATEAB,2021,1,,,,TIPO_DATO15__NMIGRATEAB_N1,,,
IT1:22_293_DF_DCIS_INDDEMOG1_1(1.0),A,ITG17,NMIGRATEAB,2022,1.8,,,,TIPO_DATO15__NMIGRATEAB_N1,,,
IT1:22_293_DF_DCIS_INDDEMOG1_1(1.0),A,ITG17,NMIGRATEAB,2023,1.9,,,,TIPO_DATO15__NMIGRATEAB_N1,,,
IT1:22_293_DF_DCIS_INDDEMOG1_1(1.0),A,ITG17,NMIGRATEAB,2024,1.1,,,,TIPO_DATO15__NMIGRATEAB_N1,,,
IT1:22_293_DF_DCIS_INDDEMOG1_1(1.0),A,ITG17,NMIGRATEAB,2025,2.1,p,,,TIPO_DATO15__NMIGRATEAB_N1,,,
IT1:22_293_DF_DCIS_INDDEMOG1_1(1.0),A,ITG18,NMIGRATEAB,2015,3.3,,,,TIPO_DATO15__NMIGRATEAB_N1,,,
IT1:22_293_DF_DCIS_INDDEMOG1_1(1.0),A,ITG18,NMIGRATEAB,2016,3.4,,,,TIPO_DATO15__NMIGRATEAB_N1,,,
IT1:22_293_DF_DCIS_INDDEMOG1_1(1.0),A,ITG18,NMIGRATEAB,2017,1.8,,,,TIPO_DATO15__NMIGRATEAB_N1,,,
IT1:22_293_DF_DCIS_INDDEMOG1_1(1.0),A,ITG18,NMIGRATEAB,2018,1.9,,,,TIPO_DATO15__NMIGRATEAB_N1,,,
IT1:22_293_DF_DCIS_INDDEMOG1_1(1.0),A,ITG18,NMIGRATEAB,2019,4.4,,,,TIPO_DATO15__NMIGRATEAB_N1,,,
IT1:22_293_DF_DCIS_INDDEMOG1_1(1.0),A,ITG18,NMIGRATEAB,2020,3.3,,,,TIPO_DATO15__NMIGRATEAB_N1,,,
IT1:22_293_DF_DCIS_INDDEMOG1_1(1.0),A,ITG18,NMIGRATEAB,2021,5.7,,,,TIPO_DATO15__NMIGRATEAB_N1,,,
IT1:22_293_DF_DCIS_INDDEMOG1_1(1.0),A,ITG18,NMIGRATEAB,2022,9.3,,,,TIPO_DATO15__NMIGRATEAB_N1,,,
IT1:22_293_DF_DCIS_INDDEMOG1_1(1.0),A,ITG18,NMIGRATEAB,2023,10.4,,,,TIPO_DATO15__NMIGRATEAB_N1,,,
IT1:22_293_DF_DCIS_INDDEMOG1_1(1.0),A,ITG18,NMIGRATEAB,2024,10.9,,,,TIPO_DATO15__NMIGRATEAB_N1,,,
IT1:22_293_DF_DCIS_INDDEMOG1_1(1.0),A,ITG18,NMIGRATEAB,2025,12,p,,,TIPO_DATO15__NMIGRATEAB_N1,,,
IT1:22_293_DF_DCIS_INDDEMOG1_1(1.0),A,ITG19,NMIGRATEAB,2015,0.4,,,,TIPO_DATO15__NMIGRATEAB_N1,,,
IT1:22_293_DF_DCIS_INDDEMOG1_1(1.0),A,ITG19,NMIGRATEAB,2016,0.6,,,,TIPO_DATO15__NMIGRATEAB_N1,,,
IT1:22_293_DF_DCIS_INDDEMOG1_1(1.0),A,ITG19,NMIGRATEAB,2017,-0.2,,,,TIPO_DATO15__NMIGRATEAB_N1,,,
IT1:22_293_DF_DCIS_INDDEMOG1_1(1.0),A,ITG19,NMIGRATEAB,2018,0,,,,TIPO_DATO15__NMIGRATEAB_N1,,,
IT1:22_293_DF_DCIS_INDDEMOG1_1(1.0),A,ITG19,NMIGRATEAB,2019,0.9,,,,TIPO_DATO15__NMIGRATEAB_N1,,,
IT1:22_293_DF_DCIS_INDDEMOG1_1(1.0),A,ITG19,NMIGRATEAB,2020,0.9,,,,TIPO_DATO15__NMIGRATEAB_N1,,,
IT1:22_293_DF_DCIS_INDDEMOG1_1(1.0),A,ITG19,NMIGRATEAB,2021,2.5,,,,TIPO_DATO15__NMIGRATEAB_N1,,,
IT1:22_293_DF_DCIS_INDDEMOG1_1(1.0),A,ITG19,NMIGRATEAB,2022,3.7,,,,TIPO_DATO15__NMIGRATEAB_N1,,,
IT1:22_293_DF_DCIS_INDDEMOG1_1(1.0),A,ITG19,NMIGRATEAB,2023,3.6,,,,TIPO_DATO15__NMIGRATEAB_N1,,,
IT1:22_293_DF_DCIS_INDDEMOG1_1(1.0),A,ITG19,NMIGRATEAB,2024,4.3,,,,TIPO_DATO15__NMIGRATEAB_N1,,,
IT1:22_293_DF_DCIS_INDDEMOG1_1(1.0),A,ITG19,NMIGRATEAB,2025,3.9,p,,,TIPO_DATO15__NMIGRATEAB_N1,,,
IT1:22_293_DF_DCIS_INDDEMOG1_1(1.0),A,ITG2,NMIGRATEAB,2015,0.3,,,,TIPO_DATO15__NMIGRATEAB_N1,,,
IT1:22_293_DF_DCIS_INDDEMOG1_1(1.0),A,ITG2,NMIGRATEAB,2016,0.8,,,,TIPO_DATO15__NMIGRATEAB_N1,,,
IT1:22_293_DF_DCIS_INDDEMOG1_1(1.0),A,ITG2,NMIGRATEAB,2017,1.3,,,,TIPO_DATO15__NMIGRATEAB_N1,,,
IT1:22_293_DF_DCIS_INDDEMOG1_1(1.0),A,ITG2,NMIGRATEAB,2018,0,,,,TIPO_DATO15__NMIGRATEAB_N1,,,
IT1:22_293_DF_DCIS_INDDEMOG1_1(1.0),A,ITG2,NMIGRATEAB,2019,0.3,,,,TIPO_DATO15__NMIGRATEAB_N1,,,
IT1:22_293_DF_DCIS_INDDEMOG1_1(1.0),A,ITG2,NMIGRATEAB,2020,0.1,,,,TIPO_DATO15__NMIGRATEAB_N1,,,
IT1:22_293_DF_DCIS_INDDEMOG1_1(1.0),A,ITG2,NMIGRATEAB,2021,1.1,,,,TIPO_DATO15__NMIGRATEAB_N1,,,
IT1:22_293_DF_DCIS_INDDEMOG1_1(1.0),A,ITG2,NMIGRATEAB,2022,1.7,,,,TIPO_DATO15__NMIGRATEAB_N1,,,
IT1:22_293_DF_DCIS_INDDEMOG1_1(1.0),A,ITG2,NMIGRATEAB,2023,2.2,,,,TIPO_DATO15__NMIGRATEAB_N1,,,
IT1:22_293_DF_DCIS_INDDEMOG1_1(1.0),A,ITG2,NMIGRATEAB,2024,1.5,,,,TIPO_DATO15__NMIGRATEAB_N1,,,
IT1:22_293_DF_DCIS_INDDEMOG1_1(1.0),A,ITG2,NMIGRATEAB,2025,2.7,p,,,TIPO_DATO15__NMIGRATEAB_N1,,,
IT1:22_293_DF_DCIS_INDDEMOG1_1(1.0),A,ITG25,NMIGRATEAB,2015,1.3,,,,TIPO_DATO15__NMIGRATEAB_N1,,,
IT1:22_293_DF_DCIS_INDDEMOG1_1(1.0),A,ITG25,NMIGRATEAB,2016,1.4,,,,TIPO_DATO15__NMIGRATEAB_N1,,,
IT1:22_293_DF_DCIS_INDDEMOG1_1(1.0),A,ITG25,NMIGRATEAB,2017,1.1,,,,TIPO_DATO15__NMIGRATEAB_N1,,,
IT1:22_293_DF_DCIS_INDDEMOG1_1(1.0),A,ITG25,NMIGRATEAB,2018,1.3,,,,TIPO_DATO15__NMIGRATEAB_N1,,,
IT1:22_293_DF_DCIS_INDDEMOG1_1(1.0),A,ITG25,NMIGRATEAB,2019,0,,,,TIPO_DATO15__NMIGRATEAB_N1,,,
IT1:22_293_DF_DCIS_INDDEMOG1_1(1.0),A,ITG25,NMIGRATEAB,2020,0.2,,,,TIPO_DATO15__NMIGRATEAB_N1,,,
IT1:22_293_DF_DCIS_INDDEMOG1_1(1.0),A,ITG25,NMIGRATEAB,2021,1.5,,,,TIPO_DATO15__NMIGRATEAB_N1,,,
IT1:22_293_DF_DCIS_INDDEMOG1_1(1.0),A,ITG25,NMIGRATEAB,2022,2,,,,TIPO_DATO15__NMIGRATEAB_N1,,,
IT1:22_293_DF_DCIS_INDDEMOG1_1(1.0),A,ITG25,NMIGRATEAB,2023,3,,,,TIPO_DATO15__NMIGRATEAB_N1,,,
IT1:22_293_DF_DCIS_INDDEMOG1_1(1.0),A,ITG25,NMIGRATEAB,2024,2.3,,,,TIPO_DATO15__NMIGRATEAB_N1,,,
IT1:22_293_DF_DCIS_INDDEMOG1_1(1.0),A,ITG25,NMIGRATEAB,2025,3.3,p,,,TIPO_DATO15__NMIGRATEAB_N1,,,
IT1:22_293_DF_DCIS_INDDEMOG1_1(1.0),A,ITG26,NMIGRATEAB,2015,-0.7,,,,TIPO_DATO15__NMIGRATEAB_N1,,,
IT1:22_293_DF_DCIS_INDDEMOG1_1(1.0),A,ITG26,NMIGRATEAB,2016,1.8,,,,TIPO_DATO15__NMIGRATEAB_N1,,,
IT1:22_293_DF_DCIS_INDDEMOG1_1(1.0),A,ITG26,NMIGRATEAB,2017,0.3,,,,TIPO_DATO15__NMIGRATEAB_N1,,,
IT1:22_293_DF_DCIS_INDDEMOG1_1(1.0),A,ITG26,NMIGRATEAB,2018,-0.5,,,,TIPO_DATO15__NMIGRATEAB_N1,,,
IT1:22_293_DF_DCIS_INDDEMOG1_1(1.0),A,ITG26,NMIGRATEAB,2019,0,,,,TIPO_DATO15__NMIGRATEAB_N1,,,
IT1:22_293_DF_DCIS_INDDEMOG1_1(1.0),A,ITG26,NMIGRATEAB,2020,0.3,,,,TIPO_DATO15__NMIGRATEAB_N1,,,
IT1:22_293_DF_DCIS_INDDEMOG1_1(1.0),A,ITG26,NMIGRATEAB,2021,0.6,,,,TIPO_DATO15__NMIGRATEAB_N1,,,
IT1:22_293_DF_DCIS_INDDEMOG1_1(1.0),A,ITG26,NMIGRATEAB,2022,1.1,,,,TIPO_DATO15__NMIGRATEAB_N1,,,
IT1:22_293_DF_DCIS_INDDEMOG1_1(1.0),A,ITG26,NMIGRATEAB,2023,2.3,,,,TIPO_DATO15__NMIGRATEAB_N1,,,
IT1:22_293_DF_DCIS_INDDEMOG1_1(1.0),A,ITG26,NMIGRATEAB,2024,2,,,,TIPO_DATO15__NMIGRATEAB_N1,,,
IT1:22_293_DF_DCIS_INDDEMOG1_1(1.0),A,ITG26,NMIGRATEAB,2025,3.8,p,,,TIPO_DATO15__NMIGRATEAB_N1,,,
IT1:22_293_DF_DCIS_INDDEMOG1_1(1.0),A,ITG27,NMIGRATEAB,2015,0.8,,,,TIPO_DATO15__NMIGRATEAB_N1,,,
IT1:22_293_DF_DCIS_INDDEMOG1_1(1.0),A,ITG27,NMIGRATEAB,2016,0.6,,,,TIPO_DATO15__NMIGRATEAB_N1,,,
IT1:22_293_DF_DCIS_INDDEMOG1_1(1.0),A,ITG27,NMIGRATEAB,2017,2.1,,,,TIPO_DATO15__NMIGRATEAB_N1,,,
IT1:22_293_DF_DCIS_INDDEMOG1_1(1.0),A,ITG27,NMIGRATEAB,2018,0.4,,,,TIPO_DATO15__NMIGRATEAB_N1,,,
IT1:22_293_DF_DCIS_INDDEMOG1_1(1.0),A,ITG27,NMIGRATEAB,2019,1.7,,,,TIPO_DATO15__NMIGRATEAB_N1,,,
IT1:22_293_DF_DCIS_INDDEMOG1_1(1.0),A,ITG27,NMIGRATEAB,2020,0.3,,,,TIPO_DATO15__NMIGRATEAB_N1,,,
IT1:22_293_DF_DCIS_INDDEMOG1_1(1.0),A,ITG27,NMIGRATEAB,2021,1.6,,,,TIPO_DATO15__NMIGRATEAB_N1,,,
IT1:22_293_DF_DCIS_INDDEMOG1_1(1.0),A,ITG27,NMIGRATEAB,2022,2.1,,,,TIPO_DATO15__NMIGRATEAB_N1,,,
IT1:22_293_DF_DCIS_INDDEMOG1_1(1.0),A,ITG27,NMIGRATEAB,2023,1.6,,,,TIPO_DATO15__NMIGRATEAB_N1,,,
IT1:22_293_DF_DCIS_INDDEMOG1_1(1.0),A,ITG27,NMIGRATEAB,2024,0.9,,,,TIPO_DATO15__NMIGRATEAB_N1,,,
IT1:22_293_DF_DCIS_INDDEMOG1_1(1.0),A,ITG27,NMIGRATEAB,2025,1.9,p,,,TIPO_DATO15__NMIGRATEAB_N1,,,
IT1:22_293_DF_DCIS_INDDEMOG1_1(1.0),A,ITG28,NMIGRATEAB,2015,-0.3,,,,TIPO_DATO15__NMIGRATEAB_N1,,,
IT1:22_293_DF_DCIS_INDDEMOG1_1(1.0),A,ITG28,NMIGRATEAB,2016,0,,,,TIPO_DATO15__NMIGRATEAB_N1,,,
IT1:22_293_DF_DCIS_INDDEMOG1_1(1.0),A,ITG28,NMIGRATEAB,2017,1.8,,,,TIPO_DATO15__NMIGRATEAB_N1,,,
IT1:22_293_DF_DCIS_INDDEMOG1_1(1.0),A,ITG28,NMIGRATEAB,2018,-2,,,,TIPO_DATO15__NMIGRATEAB_N1,,,
IT1:22_293_DF_DCIS_INDDEMOG1_1(1.0),A,ITG28,NMIGRATEAB,2019,0.2,,,,TIPO_DATO15__NMIGRATEAB_N1,,,
IT1:22_293_DF_DCIS_INDDEMOG1_1(1.0),A,ITG28,NMIGRATEAB,2020,-0.1,,,,TIPO_DATO15__NMIGRATEAB_N1,,,
IT1:22_293_DF_DCIS_INDDEMOG1_1(1.0),A,ITG28,NMIGRATEAB,2021,0.8,,,,TIPO_DATO15__NMIGRATEAB_N1,,,
IT1:22_293_DF_DCIS_INDDEMOG1_1(1.0),A,ITG28,NMIGRATEAB,2022,1,,,,TIPO_DATO15__NMIGRATEAB_N1,,,
IT1:22_293_DF_DCIS_INDDEMOG1_1(1.0),A,ITG28,NMIGRATEAB,2023,1.9,,,,TIPO_DATO15__NMIGRATEAB_N1,,,
IT1:22_293_DF_DCIS_INDDEMOG1_1(1.0),A,ITG28,NMIGRATEAB,2024,0.8,,,,TIPO_DATO15__NMIGRATEAB_N1,,,
IT1:22_293_DF_DCIS_INDDEMOG1_1(1.0),A,ITG28,NMIGRATEAB,2025,2.3,p,,,TIPO_DATO15__NMIGRATEAB_N1,,,
