DATAFLOW,FREQ,REF_AREA,DATA_TYPE,TIME_PERIOD,OBS_VALUE,OBS_STATUS,NOTE_DS,NOTE_REF_AREA,NOTE_DATA_TYPE,BASE_PER,UNIT_MEAS,UNIT_MULT
IT1:22_293_DF_DCIS_INDDEMOG1_1(1.0),A,IT,MARRATE,2015,3.2,,,,TIPO_DATO15__MARRATE_N1,,,
IT1:22_293_DF_DCIS_INDDEMOG1_1(1.0),A,IT,MARRATE,2016,3.4,,,,TIPO_DATO15__MARRATE_N1,,,
IT1:22_293_DF_DCIS_INDDEMOG1_1(1.0),A,IT,MARRATE,2017,3.2,,,,TIPO_DATO15__MARRATE_N1,,,
IT1:22_293_DF_DCIS_INDDEMOG1_1(1.0),A,IT,MARRATE,2018,3.3,,,,TIPO_DATO15__MARRATE_N1,,,
IT1:22_293_DF_DCIS_INDDEMOG1_1(1.0),A,IT,MARRATE,2019,3.1,,,,TIPO_DATO15__MARRATE_N1,,,
IT1:22_293_DF_DCIS_INDDEMOG1_1(1.0),A,IT,MARRATE,2020,1.6,,,,TIPO_DATO15__MARRATE_N1,,,
IT1:22_293_DF_DCIS_INDDEMOG1_1(1.0),A,IT,MARRATE,2021,3.1,,,,TIPO_DATO15__MARRATE_N1,,,
IT1:22_293_DF_DCIS_INDDEMOG1_1(1.0),A,IT,MARRATE,2022,3.2,,,,TIPO_DATO15__MARRATE_N1,,,
IT1:22_293_DF_DCIS_INDDEMOG1_1(1.0),A,IT,MARRATE,2023,3.1,,,,TIPO_DATO15__MARRATE_N1,,,
IT1:22_293_DF_DCIS_INDDEMOG1_1(1.0),A,IT,MARRATE,2024,2.9,,,,TIPO_DATO15__MARRATE_N1,,,
IT1:22_293_DF_DCIS_INDDEMOG1_1(1.0),A,IT,MARRATE,2025,2.8,p,,,TIPO_DATO15__MARRATE_N1,,,
IT1:22_293_DF_DCIS_INDDEMOG1_1(1.0),A,IT108,MARRATE,2015,2.7,,,,TIPO_DATO15__MARRATE_N1,,,
IT1:22_293_DF_DCIS_INDDEMOG1_1(1.0),A,IT108,MARRATE,2016,2.7,,,,TIPO_DATO15__MARRATE_N1,,,
IT1:22_293_DF_DCIS_INDDEMOG1_1(1.0),A,IT108,MARRATE,2017,2.4,,,,TIPO_DATO15__MARRATE_N1,,,
IT1:22_293_DF_DCIS_INDDEMOG1_1(1.0),A,IT108,MARRATE,2018,2.5,,,,TIPO_DATO15__MARRATE_N1,,,
IT1:22_293_DF_DCIS_INDDEMOG1_1(1.0),A,IT108,MARRATE,2019,2.4,,,,TIPO_DATO15__MARRATE_N1,,,
IT1:22_293_DF_DCIS_INDDEMOG1_1(1.0),A,IT108,MARRATE,2020,1.5,,,,TIPO_DATO15__MARRATE_N1,,,
IT1:22_293_DF_DCIS_INDDEMOG1_1(1.0),A,IT108,MARRATE,2021,2.5,,,,TIPO_DATO15__MARRATE_N1,,,
IT1:22_293_DF_DCIS_INDDEMOG1_1(1.0),A,IT108,MARRATE,2022,2.6,,,,TIPO_DATO15__MARRATE_N1,,,
IT1:22_293_DF_DCIS_INDDEMOG1_1(1.0),A,IT108,MARRATE,2023,2.5,,,,TIPO_DATO15__MARRATE_N1,,,
IT1:22_293_DF_DCIS_INDDEMOG1_1(1.0),A,IT108,MARRATE,2024,2.4,,,,TIPO_DATO15__MARRATE_N1,,,
IT1:22_293_DF_DCIS_INDDEMOG1_1(1.0),A,IT108,MARRATE,2025,2.5,p,,,TIPO_DATO15__MARRATE_N1,,,
IT1:22_293_DF_DCIS_INDDEMOG1_1(1.0),A,IT109,MARRATE,2015,3,,,,TIPO_DATO15__MARRATE_N1,,,
IT1:22_293_DF_DCIS_INDDEMOG1_1(1.0),A,IT109,MARRATE,2016,3,,,,TIPO_DATO15__MARRATE_N1,,,
IT1:22_293_DF_DCIS_INDDEMOG1_1(1.0),A,IT109,MARRATE,2017,2.6,,,,TIPO_DATO15__MARRATE_N1,,,
IT1:22_293_DF_DCIS_INDDEMOG1_1(1.0),A,IT109,MARRATE,2018,2.8,,,,TIPO_DATO15__MARRATE_N1,,,
IT1:22_293_DF_DCIS_INDDEMOG1_1(1.0),A,IT109,MARRATE,2019,2.9,,,,TIPO_DATO15__MARRATE_N1,,,
IT1:22_293_DF_DCIS_INDDEMOG1_1(1.0),A,IT109,MARRATE,2020,1.3,,,,TIPO_DATO15__MARRATE_N1,,,
IT1:22_293_DF_DCIS_INDDEMOG1_1(1.0),A,IT109,MARRATE,2021,2.4,,,,TIPO_DATO15__MARRATE_N1,,,
IT1:22_293_DF_DCIS_INDDEMOG1_1(1.0),A,IT109,MARRATE,2022,2.8,,,,TIPO_DATO15__MARRATE_N1,,,
IT1:22_293_DF_DCIS_INDDEMOG1_1(1.0),A,IT109,MARRATE,2023,2.7,,,,TIPO_DATO15__MARRATE_N1,,,
IT1:22_293_DF_DCIS_INDDEMOG1_1(1.0),A,IT109,MARRATE,2024,2.4,,,,TIPO_DATO15__MARRATE_N1,,,
IT1:22_293_DF_DCIS_INDDEMOG1_1(1.0),A,IT109,MARRATE,2025,2.3,p,,,TIPO_DATO15__MARRATE_N1,,,
IT1:22_293_DF_DCIS_INDDEMOG1_1(1.0),A,IT110,MARRATE,2015,3.8,,,,TIPO_DATO15__MARRATE_N1,,,
IT1:22_293_DF_DCIS_INDDEMOG1_1(1.0),A,IT110,MARRATE,2016,3.9,,,,TIPO_DATO15__MARRATE_N1,,,
IT1:22_293_DF_DCIS_INDDEMOG1_1(1.0),A,IT110,MARRATE,2017,4.2,,,,TIPO_DATO15__MARRATE_N1,,,
IT1:22_293_DF_DCIS_INDDEMOG1_1(1.0),A,IT110,MARRATE,2018,4.6,,,,TIPO_DATO15__MARRATE_N1,,,
IT1:22_293_DF_DCIS_INDDEMOG1_1(1.0),A,IT110,MARRATE,2019,4.2,,,,TIPO_DATO15__MARRATE_N1,,,
IT1:22_293_DF_DCIS_INDDEMOG1_1(1.0),A,IT110,MARRATE,2020,1.7,,,,TIPO_DATO15__MARRATE_N1,,,
IT1:22_293_DF_DCIS_INDDEMOG1_1(1.0),A,IT110,MARRATE,2021,4.6,,,,TIPO_DATO15__MARRATE_N1,,,
IT1:22_293_DF_DCIS_INDDEMOG1_1(1.0),A,IT110,MARRATE,2022,4.2,,,,TIPO_DATO15__MARRATE_N1,,,
IT1:22_293_DF_DCIS_INDDEMOG1_1(1.0),A,IT110,MARRATE,2023,3.9,,,,TIPO_DATO15__MARRATE_N1,,,
IT1:22_293_DF_DCIS_INDDEMOG1_1(1.0),A,IT110,MARRATE,2024,3.6,,,,TIPO_DATO15__MARRATE_N1,,,
IT1:22_293_DF_DCIS_INDDEMOG1_1(1.0),A,IT110,MARRATE,2025,3.5,p,,,TIPO_DATO15__MARRATE_N1,,,
IT1:22_293_DF_DCIS_INDDEMOG1_1(1.0),A,IT111,MARRATE,2015,2.7,,,,TIPO_DATO15__MARRATE_N1,,,
IT1:22_293_DF_DCIS_INDDEMOG1_1(1.0),A,IT111,MARRATE,2016,2.9,,,,TIPO_DATO15__MARRATE_N1,,,
IT1:22_293_DF_DCIS_INDDEMOG1_1(1.0),A,IT111,MARRATE,2017,2.8,,,,TIPO_DATO15__MARRATE_N1,,,
IT1:22_293_DF_DCIS_INDDEMOG1_1(1.0),A,IT111,MARRATE,2018,2.8,,,,TIPO_DATO15__MARRATE_N1,,,
IT1:22_293_DF_DCIS_INDDEMOG1_1(1.0),A,IT111,MARRATE,2019,2.8,,,,TIPO_DATO15__MARRATE_N1,,,
IT1:22_293_DF_DCIS_INDDEMOG1_1(1.0),A,IT111,MARRATE,2020,1.4,,,,TIPO_DATO15__MARRATE_N1,,,
IT1:22_293_DF_DCIS_INDDEMOG1_1(1.0),A,IT111,MARRATE,2021,2.2,,,,TIPO_DATO15__MARRATE_N1,,,
IT1:22_293_DF_DCIS_INDDEMOG1_1(1.0),A,IT111,MARRATE,2022,2.5,,,,TIPO_DATO15__MARRATE_N1,,,
IT1:22_293_DF_DCIS_INDDEMOG1_1(1.0),A,IT111,MARRATE,2023,2.5,,,,TIPO_DATO15__MARRATE_N1,,,
IT1:22_293_DF_DCIS_INDDEMOG1_1(1.0),A,IT111,MARRATE,2024,2.4,,,,TIPO_DATO15__MARRATE_N1,,,
IT1:22_293_DF_DCIS_INDDEMOG1_1(1.0),A,IT111,MARRATE,2025,2.2,p,,,TIPO_DATO15__MARRATE_N1,,,
IT1:22_293_DF_DCIS_INDDEMOG1_1(1.0),A,ITC,MARRATE,2015,2.9,,,,TIPO_DATO15__MARRATE_N1,,,
IT1:22_293_DF_DCIS_INDDEMOG1_1(1.0),A,ITC,MARRATE,2016,3,,,,TIPO_DATO15__MARRATE_N1,,,
IT1:22_293_DF_DCIS_INDDEMOG1_1(1.0),A,ITC,MARRATE,2017,2.8,,,,TIPO_DATO15__MARRATE_N1,,,
IT1:22_293_DF_DCIS_INDDEMOG1_1(1.0),A,ITC,MARRATE,2018,2.9,,,,TIPO_DATO15__MARRATE_N1,,,
IT1:22_293_DF_DCIS_INDDEMOG1_1(1.0),A,ITC,MARRATE,2019,2.7,,,,TIPO_DATO15__MARRATE_N1,,,
IT1:22_293_DF_DCIS_INDDEMOG1_1(1.0),A,ITC,MARRATE,2020,1.6,,,,TIPO_DATO15__MARRATE_N1,,,
IT1:22_293_DF_DCIS_INDDEMOG1_1(1.0),A,ITC,MARRATE,2021,2.7,,,,TIPO_DATO15__MARRATE_N1,,,
IT1:22_293_DF_DCIS_INDDEMOG1_1(1.0),A,ITC,MARRATE,2022,2.9,,,,TIPO_DATO15__MARRATE_N1,,,
IT1:22_293_DF_DCIS_INDDEMOG1_1(1.0),A,ITC,MARRATE,2023,2.9,,,,TIPO_DATO15__MARRATE_N1,,,
IT1:22_293_DF_DCIS_INDDEMOG1_1(1.0),A,ITC,MARRATE,2024,2.8,,,,TIPO_DATO15__MARRATE_N1,,,
IT1:22_293_DF_DCIS_INDDEMOG1_1(1.0),A,ITC,MARRATE,2025,2.7,p,,,TIPO_DATO15__MARRATE_N1,,,
IT1:22_293_DF_DCIS_INDDEMOG1_1(1.0),A,ITC1,MARRATE,2015,3,,,,TIPO_DATO15__MARRATE_N1,,,
IT1:22_293_DF_DCIS_INDDEMOG1_1(1.0),A,ITC1,MARRATE,2016,3.1,,,,TIPO_DATO15__MARRATE_N1,,,
IT1:22_293_DF_DCIS_INDDEMOG1_1(1.0),A,ITC1,MARRATE,2017,2.9,,,,TIPO_DATO15__MARRATE_N1,,,
IT1:22_293_DF_DCIS_INDDEMOG1_1(1.0),A,ITC1,MARRATE,2018,3,,,,TIPO_DATO15__MARRATE_N1,,,
IT1:22_293_DF_DCIS_INDDEMOG1_1(1.0),A,ITC1,MARRATE,2019,2.8,,,,TIPO_DATO15__MARRATE_N1,,,
IT1:22_293_DF_DCIS_INDDEMOG1_1(1.0),A,ITC1,MARRATE,2020,1.7,,,,TIPO_DATO15__MARRATE_N1,,,
IT1:22_293_DF_DCIS_INDDEMOG1_1(1.0),A,ITC1,MARRATE,2021,2.8,,,,TIPO_DATO15__MARRATE_N1,,,
IT1:22_293_DF_DCIS_INDDEMOG1_1(1.0),A,ITC1,MARRATE,2022,3,,,,TIPO_DATO15__MARRATE_N1,,,
IT1:22_293_DF_DCIS_INDDEMOG1_1(1.0),A,ITC1,MARRATE,2023,3,,,,TIPO_DATO15__MARRATE_N1,,,
IT1:22_293_DF_DCIS_INDDEMOG1_1(1.0),A,ITC1,MARRATE,2024,3,,,,TIPO_DATO15__MARRATE_N1,,,
IT1:22_293_DF_DCIS_INDDEMOG1_1(1.0),A,ITC1,MARRATE,2025,2.9,p,,,TIPO_DATO15__MARRATE_N1,,,
IT1:22_293_DF_DCIS_INDDEMOG1_1(1.0),A,ITC11,MARRATE,2015,2.8,,,,TIPO_DATO15__MARRATE_N1,,,
IT1:22_293_DF_DCIS_INDDEMOG1_1(1.0),A,ITC11,MARRATE,2016,2.8,,,,TIPO_DATO15__MARRATE_N1,,,
IT1:22_293_DF_DCIS_INDDEMOG1_1(1.0),A,ITC11,MARRATE,2017,2.6,,,,TIPO_DATO15__MARRATE_N1,,,
IT1:22_293_DF_DCIS_INDDEMOG1_1(1.0),A,ITC11,MARRATE,2018,2.7,,,,TIPO_DATO15__MARRATE_N1,,,
IT1:22_293_DF_DCIS_INDDEMOG1_1(1.0),A,ITC11,MARRATE,2019,2.5,,,,TIPO_DATO15__MARRATE_N1,,,
IT1:22_293_DF_DCIS_INDDEMOG1_1(1.0),A,ITC11,MARRATE,2020,1.5,,,,TIPO_DATO15__MARRATE_N1,,,
IT1:22_293_DF_DCIS_INDDEMOG1_1(1.0),A,ITC11,MARRATE,2021,2.4,,,,TIPO_DATO15__MARRATE_N1,,,
IT1:22_293_DF_DCIS_INDDEMOG1_1(1.0),A,ITC11,MARRATE,2022,2.6,,,,TIPO_DATO15__MARRATE_N1,,,
IT1:22_293_DF_DCIS_INDDEMOG1_1(1.0),A,ITC11,MARRATE,2023,2.6,,,,TIPO_DATO15__MARRATE_N1,,,
IT1:22_293_DF_DCIS_INDDEMOG1_1(1.0),A,ITC11,MARRATE,2024,2.6,,,,TIPO_DATO15__MARRATE_N1,,,
IT1:22_293_DF_DCIS_INDDEMOG1_1(1.0),A,ITC11,MARRATE,2025,2.7,p,,,TIPO_DATO15__MARRATE_N1,,,
IT1:22_293_DF_DCIS_INDDEMOG1_1(1.0),A,ITC12,MARRATE,2015,3.2,,,,TIPO_DATO15__MARRATE_N1,,,
IT1:22_293_DF_DCIS_INDDEMOG1_1(1.0),A,ITC12,MARRATE,2016,2.9,,,,TIPO_DATO15__MARRATE_N1,,,
IT1:22_293_DF_DCIS_INDDEMOG1_1(1.0),A,ITC12,MARRATE,2017,3,,,,TIPO_DATO15__MARRATE_N1,,,
IT1:22_293_DF_DCIS_INDDEMOG1_1(1.0),A,ITC12,MARRATE,2018,2.9,,,,TIPO_DATO15__MARRATE_N1,,,
IT1:22_293_DF_DCIS_INDDEMOG1_1(1.0),A,ITC12,MARRATE,2019,2.7,,,,TIPO_DATO15__MARRATE_N1,,,
IT1:22_293_DF_DCIS_INDDEMOG1_1(1.0),A,ITC12,MARRATE,2020,1.7,,,,TIPO_DATO15__MARRATE_N1,,,
IT1:22_293_DF_DCIS_INDDEMOG1_1(1.0),A,ITC12,MARRATE,2021,2.9,,,,TIPO_DATO15__MARRATE_N1,,,
IT1:22_293_DF_DCIS_INDDEMOG1_1(1.0),A,ITC12,MARRATE,2022,3.1,,,,TIPO_DATO15__MARRATE_N1,,,
IT1:22_293_DF_DCIS_INDDEMOG1_1(1.0),A,ITC12,MARRATE,2023,3,,,,TIPO_DATO15__MARRATE_N1,,,
IT1:22_293_DF_DCIS_INDDEMOG1_1(1.0),A,ITC12,MARRATE,2024,2.5,,,,TIPO_DATO15__MARRATE_N1,,,
IT1:22_293_DF_DCIS_INDDEMOG1_1(1.0),A,ITC12,MARRATE,2025,2.8,p,,,TIPO_DATO15__MARRATE_N1,,,
IT1:22_293_DF_DCIS_INDDEMOG1_1(1.0),A,ITC13,MARRATE,2015,2.8,,,,TIPO_DATO15__MARRATE_N1,,,
IT1:22_293_DF_DCIS_INDDEMOG1_1(1.0),A,ITC13,MARRATE,2016,3,,,,TIPO_DATO15__MARRATE_N1,,,
IT1:22_293_DF_DCIS_INDDEMOG1_1(1.0),A,ITC13,MARRATE,2017,3,,,,TIPO_DATO15__MARRATE_N1,,,
IT1:22_293_DF_DCIS_INDDEMOG1_1(1.0),A,ITC13,MARRATE,2018,3.1,,,,TIPO_DATO15__MARRATE_N1,,,
IT1:22_293_DF_DCIS_INDDEMOG1_1(1.0),A,ITC13,MARRATE,2019,2.7,,,,TIPO_DATO15__MARRATE_N1,,,
IT1:22_293_DF_DCIS_INDDEMOG1_1(1.0),A,ITC13,MARRATE,2020,1.9,,,,TIPO_DATO15__MARRATE_N1,,,
IT1:22_293_DF_DCIS_INDDEMOG1_1(1.0),A,ITC13,MARRATE,2021,3,,,,TIPO_DATO15__MARRATE_N1,,,
IT1:22_293_DF_DCIS_INDDEMOG1_1(1.0),A,ITC13,MARRATE,2022,3.4,,,,TIPO_DATO15__MARRATE_N1,,,
IT1:22_293_DF_DCIS_INDDEMOG1_1(1.0),A,ITC13,MARRATE,2023,3.2,,,,TIPO_DATO15__MARRATE_N1,,,
IT1:22_293_DF_DCIS_INDDEMOG1_1(1.0),A,ITC13,MARRATE,2024,3.6,,,,TIPO_DATO15__MARRATE_N1,,,
IT1:22_293_DF_DCIS_INDDEMOG1_1(1.0),A,ITC13,MARRATE,2025,3.3,p,,,TIPO_DATO15__MARRATE_N1,,,
IT1:22_293_DF_DCIS_INDDEMOG1_1(1.0),A,ITC14,MARRATE,2015,4,,,,TIPO_DATO15__MARRATE_N1,,,
IT1:22_293_DF_DCIS_INDDEMOG1_1(1.0),A,ITC14,MARRATE,2016,4.3,,,,TIPO_DATO15__MARRATE_N1,,,
IT1:22_293_DF_DCIS_INDDEMOG1_1(1.0),A,ITC14,MARRATE,2017,4.3,,,,TIPO_DATO15__MARRATE_N1,,,
IT1:22_293_DF_DCIS_INDDEMOG1_1(1.0),A,ITC14,MARRATE,2018,4.2,,,,TIPO_DATO15__MARRATE_N1,,,
IT1:22_293_DF_DCIS_INDDEMOG1_1(1.0),A,ITC14,MARRATE,2019,3.8,,,,TIPO_DATO15__MARRATE_N1,,,
IT1:22_293_DF_DCIS_INDDEMOG1_1(1.0),A,ITC14,MARRATE,2020,1.8,,,,TIPO_DATO15__MARRATE_N1,,,
IT1:22_293_DF_DCIS_INDDEMOG1_1(1.0),A,ITC14,MARRATE,2021,3.8,,,,TIPO_DATO15__MARRATE_N1,,,
IT1:22_293_DF_DCIS_INDDEMOG1_1(1.0),A,ITC14,MARRATE,2022,4.2,,,,TIPO_DATO15__MARRATE_N1,,,
IT1:22_293_DF_DCIS_INDDEMOG1_1(1.0),A,ITC14,MARRATE,2023,3.8,,,,TIPO_DATO15__MARRATE_N1,,,
IT1:22_293_DF_DCIS_INDDEMOG1_1(1.0),A,ITC14,MARRATE,2024,3.8,,,,TIPO_DATO15__MARRATE_N1,,,
IT1:22_293_DF_DCIS_INDDEMOG1_1(1.0),A,ITC14,MARRATE,2025,3.5,p,,,TIPO_DATO15__MARRATE_N1,,,
IT1:22_293_DF_DCIS_INDDEMOG1_1(1.0),A,ITC15,MARRATE,2015,3.5,,,,TIPO_DATO15__MARRATE_N1,,,
IT1:22_293_DF_DCIS_INDDEMOG1_1(1.0),A,ITC15,MARRATE,2016,3.4,,,,TIPO_DATO15__MARRATE_N1,,,
IT1:22_293_DF_DCIS_INDDEMOG1_1(1.0),A,ITC15,MARRATE,2017,3.1,,,,TIPO_DATO15__MARRATE_N1,,,
IT1:22_293_DF_DCIS_INDDEMOG1_1(1.0),A,ITC15,MARRATE,2018,3.2,,,,TIPO_DATO15__MARRATE_N1,,,
IT1:22_293_DF_DCIS_INDDEMOG1_1(1.0),A,ITC15,MARRATE,2019,3.1,,,,TIPO_DATO15__MARRATE_N1,,,
IT1:22_293_DF_DCIS_INDDEMOG1_1(1.0),A,ITC15,MARRATE,2020,1.8,,,,TIPO_DATO15__MARRATE_N1,,,
IT1:22_293_DF_DCIS_INDDEMOG1_1(1.0),A,ITC15,MARRATE,2021,3,,,,TIPO_DATO15__MARRATE_N1,,,
IT1:22_293_DF_DCIS_INDDEMOG1_1(1.0),A,ITC15,MARRATE,2022,3,,,,TIPO_DATO15__MARRATE_N1,,,
IT1:22_293_DF_DCIS_INDDEMOG1_1(1.0),A,ITC15,MARRATE,2023,3.1,,,,TIPO_DATO15__MARRATE_N1,,,
IT1:22_293_DF_DCIS_INDDEMOG1_1(1.0),A,ITC15,MARRATE,2024,3.2,,,,TIPO_DATO15__MARRATE_N1,,,
IT1:22_293_DF_DCIS_INDDEMOG1_1(1.0),A,ITC15,MARRATE,2025,3,p,,,TIPO_DATO15__MARRATE_N1,,,
IT1:22_293_DF_DCIS_INDDEMOG1_1(1.0),A,ITC16,MARRATE,2015,3.2,,,,TIPO_DATO15__MARRATE_N1,,,
IT1:22_293_DF_DCIS_INDDEMOG1_1(1.0),A,ITC16,MARRATE,2016,3.4,,,,TIPO_DATO15__MARRATE_N1,,,
IT1:22_293_DF_DCIS_INDDEMOG1_1(1.0),A,ITC16,MARRATE,2017,3.2,,,,TIPO_DATO15__MARRATE_N1,,,
IT1:22_293_DF_DCIS_INDDEMOG1_1(1.0),A,ITC16,MARRATE,2018,3.4,,,,TIPO_DATO15__MARRATE_N1,,,
IT1:22_293_DF_DCIS_INDDEMOG1_1(1.0),A,ITC16,MARRATE,2019,3.2,,,,TIPO_DATO15__MARRATE_N1,,,
IT1:22_293_DF_DCIS_INDDEMOG1_1(1.0),A,ITC16,MARRATE,2020,1.8,,,,TIPO_DATO15__MARRATE_N1,,,
IT1:22_293_DF_DCIS_INDDEMOG1_1(1.0),A,ITC16,MARRATE,2021,3.2,,,,TIPO_DATO15__MARRATE_N1,,,
IT1:22_293_DF_DCIS_INDDEMOG1_1(1.0),A,ITC16,MARRATE,2022,3.4,,,,TIPO_DATO15__MARRATE_N1,,,
IT1:22_293_DF_DCIS_INDDEMOG1_1(1.0),A,ITC16,MARRATE,2023,3.3,,,,TIPO_DATO15__MARRATE_N1,,,
IT1:22_293_DF_DCIS_INDDEMOG1_1(1.0),A,ITC16,MARRATE,2024,3.2,,,,TIPO_DATO15__MARRATE_N1,,,
IT1:22_293_DF_DCIS_INDDEMOG1_1(1.0),A,ITC16,MARRATE,2025,3,p,,,TIPO_DATO15__MARRATE_N1,,,
IT1:22_293_DF_DCIS_INDDEMOG1_1(1.0),A,ITC17,MARRATE,2015,3.6,,,,TIPO_DATO15__MARRATE_N1,,,
IT1:22_293_DF_DCIS_INDDEMOG1_1(1.0),A,ITC17,MARRATE,2016,3.6,,,,TIPO_DATO15__MARRATE_N1,,,
IT1:22_293_DF_DCIS_INDDEMOG1_1(1.0),A,ITC17,MARRATE,2017,3.7,,,,TIPO_DATO15__MARRATE_N1,,,
IT1:22_293_DF_DCIS_INDDEMOG1_1(1.0),A,ITC17,MARRATE,2018,3.8,,,,TIPO_DATO15__MARRATE_N1,,,
IT1:22_293_DF_DCIS_INDDEMOG1_1(1.0),A,ITC17,MARRATE,2019,3.7,,,,TIPO_DATO15__MARRATE_N1,,,
IT1:22_293_DF_DCIS_INDDEMOG1_1(1.0),A,ITC17,MARRATE,2020,2,,,,TIPO_DATO15__MARRATE_N1,,,
IT1:22_293_DF_DCIS_INDDEMOG1_1(1.0),A,ITC17,MARRATE,2021,3.7,,,,TIPO_DATO15__MARRATE_N1,,,
IT1:22_293_DF_DCIS_INDDEMOG1_1(1.0),A,ITC17,MARRATE,2022,4.1,,,,TIPO_DATO15__MARRATE_N1,,,
IT1:22_293_DF_DCIS_INDDEMOG1_1(1.0),A,ITC17,MARRATE,2023,4.3,,,,TIPO_DATO15__MARRATE_N1,,,
IT1:22_293_DF_DCIS_INDDEMOG1_1(1.0),A,ITC17,MARRATE,2024,3.9,,,,TIPO_DATO15__MARRATE_N1,,,
IT1:22_293_DF_DCIS_INDDEMOG1_1(1.0),A,ITC17,MARRATE,2025,3.7,p,,,TIPO_DATO15__MARRATE_N1,,,
IT1:22_293_DF_DCIS_INDDEMOG1_1(1.0),A,ITC18,MARRATE,2015,3.2,,,,TIPO_DATO15__MARRATE_N1,,,
IT1:22_293_DF_DCIS_INDDEMOG1_1(1.0),A,ITC18,MARRATE,2016,3.4,,,,TIPO_DATO15__MARRATE_N1,,,
IT1:22_293_DF_DCIS_INDDEMOG1_1(1.0),A,ITC18,MARRATE,2017,3.1,,,,TIPO_DATO15__MARRATE_N1,,,
IT1:22_293_DF_DCIS_INDDEMOG1_1(1.0),A,ITC18,MARRATE,2018,3.1,,,,TIPO_DATO15__MARRATE_N1,,,
IT1:22_293_DF_DCIS_INDDEMOG1_1(1.0),A,ITC18,MARRATE,2019,3.1,,,,TIPO_DATO15__MARRATE_N1,,,
IT1:22_293_DF_DCIS_INDDEMOG1_1(1.0),A,ITC18,MARRATE,2020,1.9,,,,TIPO_DATO15__MARRATE_N1,,,
IT1:22_293_DF_DCIS_INDDEMOG1_1(1.0),A,ITC18,MARRATE,2021,3.3,,,,TIPO_DATO15__MARRATE_N1,,,
IT1:22_293_DF_DCIS_INDDEMOG1_1(1.0),A,ITC18,MARRATE,2022,3.6,,,,TIPO_DATO15__MARRATE_N1,,,
IT1:22_293_DF_DCIS_INDDEMOG1_1(1.0),A,ITC18,MARRATE,2023,3.5,,,,TIPO_DATO15__MARRATE_N1,,,
IT1:22_293_DF_DCIS_INDDEMOG1_1(1.0),A,ITC18,MARRATE,2024,3.4,,,,TIPO_DATO15__MARRATE_N1,,,
IT1:22_293_DF_DCIS_INDDEMOG1_1(1.0),A,ITC18,MARRATE,2025,3.4,p,,,TIPO_DATO15__MARRATE_N1,,,
IT1:22_293_DF_DCIS_INDDEMOG1_1(1.0),A,ITC2,MARRATE,2015,3,,,,TIPO_DATO15__MARRATE_N1,,,
IT1:22_293_DF_DCIS_INDDEMOG1_1(1.0),A,ITC2,MARRATE,2016,3.1,,,,TIPO_DATO15__MARRATE_N1,,,
IT1:22_293_DF_DCIS_INDDEMOG1_1(1.0),A,ITC2,MARRATE,2017,2.8,,,,TIPO_DATO15__MARRATE_N1,,,
IT1:22_293_DF_DCIS_INDDEMOG1_1(1.0),A,ITC2,MARRATE,2018,3.4,,,,TIPO_DATO15__MARRATE_N1,,,
IT1:22_293_DF_DCIS_INDDEMOG1_1(1.0),A,ITC2,MARRATE,2019,3.4,,,,TIPO_DATO15__MARRATE_N1,,,
IT1:22_293_DF_DCIS_INDDEMOG1_1(1.0),A,ITC2,MARRATE,2020,1.9,,,,TIPO_DATO15__MARRATE_N1,,,
IT1:22_293_DF_DCIS_INDDEMOG1_1(1.0),A,ITC2,MARRATE,2021,3.1,,,,TIPO_DATO15__MARRATE_N1,,,
IT1:22_293_DF_DCIS_INDDEMOG1_1(1.0),A,ITC2,MARRATE,2022,3.4,,,,TIPO_DATO15__MARRATE_N1,,,
IT1:22_293_DF_DCIS_INDDEMOG1_1(1.0),A,ITC2,MARRATE,2023,3.5,,,,TIPO_DATO15__MARRATE_N1,,,
IT1:22_293_DF_DCIS_INDDEMOG1_1(1.0),A,ITC2,MARRATE,2024,3.3,,,,TIPO_DATO15__MARRATE_N1,,,
IT1:22_293_DF_DCIS_INDDEMOG1_1(1.0),A,ITC2,MARRATE,2025,2.9,p,,,TIPO_DATO15__MARRATE_N1,,,
IT1:22_293_DF_DCIS_INDDEMOG1_1(1.0),A,ITC20,MARRATE,2015,3,,,,TIPO_DATO15__MARRATE_N1,,,
IT1:22_293_DF_DCIS_INDDEMOG1_1(1.0),A,ITC20,MARRATE,2016,3.1,,,,TIPO_DATO15__MARRATE_N1,,,
IT1:22_293_DF_DCIS_INDDEMOG1_1(1.0),A,ITC20,MARRATE,2017,2.8,,,,TIPO_DATO15__MARRATE_N1,,,
IT1:22_293_DF_DCIS_INDDEMOG1_1(1.0),A,ITC20,MARRATE,2018,3.4,,,,TIPO_DATO15__MARRATE_N1,,,
IT1:22_293_DF_DCIS_INDDEMOG1_1(1.0),A,ITC20,MARRATE,2019,3.4,,,,TIPO_DATO15__MARRATE_N1,,,
IT1:22_293_DF_DCIS_INDDEMOG1_1(1.0),A,ITC20,MARRATE,2020,1.9,,,,TIPO_DATO15__MARRATE_N1,,,
IT1:22_293_DF_DCIS_INDDEMOG1_1(1.0),A,ITC20,MARRATE,2021,3.1,,,,TIPO_DATO15__MARRATE_N1,,,
IT1:22_293_DF_DCIS_INDDEMOG1_1(1.0),A,ITC20,MARRATE,2022,3.4,,,,TIPO_DATO15__MARRATE_N1,,,
IT1:22_293_DF_DCIS_INDDEMOG1_1(1.0),A,ITC20,MARRATE,2023,3.5,,,,TIPO_DATO15__MARRATE_N1,,,
IT1:22_293_DF_DCIS_INDDEMOG1_1(1.0),A,ITC20,MARRATE,2024,3.3,,,,TIPO_DATO15__MARRATE_N1,,,
IT1:22_293_DF_DCIS_INDDEMOG1_1(1.0),A,ITC20,MARRATE,2025,2.9,p,,,TIPO_DATO15__MARRATE_N1,,,
IT1:22_293_DF_DCIS_INDDEMOG1_1(1.0),A,ITC3,MARRATE,2015,3.2,,,,TIPO_DATO15__MARRATE_N1,,,
IT1:22_293_DF_DCIS_INDDEMOG1_1(1.0),A,ITC3,MARRATE,2016,3.2,,,,TIPO_DATO15__MARRATE_N1,,,
IT1:22_293_DF_DCIS_INDDEMOG1_1(1.0),A,ITC3,MARRATE,2017,3.2,,,,TIPO_DATO15__MARRATE_N1,,,
IT1:22_293_DF_DCIS_INDDEMOG1_1(1.0),A,ITC3,MARRATE,2018,3.3,,,,TIPO_DATO15__MARRATE_N1,,,
IT1:22_293_DF_DCIS_INDDEMOG1_1(1.0),A,ITC3,MARRATE,2019,3,,,,TIPO_DATO15__MARRATE_N1,,,
IT1:22_293_DF_DCIS_INDDEMOG1_1(1.0),A,ITC3,MARRATE,2020,1.8,,,,TIPO_DATO15__MARRATE_N1,,,
IT1:22_293_DF_DCIS_INDDEMOG1_1(1.0),A,ITC3,MARRATE,2021,3,,,,TIPO_DATO15__MARRATE_N1,,,
IT1:22_293_DF_DCIS_INDDEMOG1_1(1.0),A,ITC3,MARRATE,2022,3.2,,,,TIPO_DATO15__MARRATE_N1,,,
IT1:22_293_DF_DCIS_INDDEMOG1_1(1.0),A,ITC3,MARRATE,2023,3.3,,,,TIPO_DATO15__MARRATE_N1,,,
IT1:22_293_DF_DCIS_INDDEMOG1_1(1.0),A,ITC3,MARRATE,2024,3,,,,TIPO_DATO15__MARRATE_N1,,,
IT1:22_293_DF_DCIS_INDDEMOG1_1(1.0),A,ITC3,MARRATE,2025,3.1,p,,,TIPO_DATO15__MARRATE_N1,,,
IT1:22_293_DF_DCIS_INDDEMOG1_1(1.0),A,ITC31,MARRATE,2015,3,,,,TIPO_DATO15__MARRATE_N1,,,
IT1:22_293_DF_DCIS_INDDEMOG1_1(1.0),A,ITC31,MARRATE,2016,3,,,,TIPO_DATO15__MARRATE_N1,,,
IT1:22_293_DF_DCIS_INDDEMOG1_1(1.0),A,ITC31,MARRATE,2017,3.3,,,,TIPO_DATO15__MARRATE_N1,,,
IT1:22_293_DF_DCIS_INDDEMOG1_1(1.0),A,ITC31,MARRATE,2018,3.3,,,,TIPO_DATO15__MARRATE_N1,,,
IT1:22_293_DF_DCIS_INDDEMOG1_1(1.0),A,ITC31,MARRATE,2019,3,,,,TIPO_DATO15__MARRATE_N1,,,
IT1:22_293_DF_DCIS_INDDEMOG1_1(1.0),A,ITC31,MARRATE,2020,1.7,,,,TIPO_DATO15__MARRATE_N1,,,
IT1:22_293_DF_DCIS_INDDEMOG1_1(1.0),A,ITC31,MARRATE,2021,2.8,,,,TIPO_DATO15__MARRATE_N1,,,
IT1:22_293_DF_DCIS_INDDEMOG1_1(1.0),A,ITC31,MARRATE,2022,3.1,,,,TIPO_DATO15__MARRATE_N1,,,
IT1:22_293_DF_DCIS_INDDEMOG1_1(1.0),A,ITC31,MARRATE,2023,3.3,,,,TIPO_DATO15__MARRATE_N1,,,
IT1:22_293_DF_DCIS_INDDEMOG1_1(1.0),A,ITC31,MARRATE,2024,2.9,,,,TIPO_DATO15__MARRATE_N1,,,
IT1:22_293_DF_DCIS_INDDEMOG1_1(1.0),A,ITC31,MARRATE,2025,3.3,p,,,TIPO_DATO15__MARRATE_N1,,,
IT1:22_293_DF_DCIS_INDDEMOG1_1(1.0),A,ITC32,MARRATE,2015,3.7,,,,TIPO_DATO15__MARRATE_N1,,,
IT1:22_293_DF_DCIS_INDDEMOG1_1(1.0),A,ITC32,MARRATE,2016,3.7,,,,TIPO_DATO15__MARRATE_N1,,,
IT1:22_293_DF_DCIS_INDDEMOG1_1(1.0),A,ITC32,MARRATE,2017,3.6,,,,TIPO_DATO15__MARRATE_N1,,,
IT1:22_293_DF_DCIS_INDDEMOG1_1(1.0),A,ITC32,MARRATE,2018,3.5,,,,TIPO_DATO15__MARRATE_N1,,,
IT1:22_293_DF_DCIS_INDDEMOG1_1(1.0),A,ITC32,MARRATE,2019,3.5,,,,TIPO_DATO15__MARRATE_N1,,,
IT1:22_293_DF_DCIS_INDDEMOG1_1(1.0),A,ITC32,MARRATE,2020,2.1,,,,TIPO_DATO15__MARRATE_N1,,,
IT1:22_293_DF_DCIS_INDDEMOG1_1(1.0),A,ITC32,MARRATE,2021,3.4,,,,TIPO_DATO15__MARRATE_N1,,,
IT1:22_293_DF_DCIS_INDDEMOG1_1(1.0),A,ITC32,MARRATE,2022,3.7,,,,TIPO_DATO15__MARRATE_N1,,,
IT1:22_293_DF_DCIS_INDDEMOG1_1(1.0),A,ITC32,MARRATE,2023,3.6,,,,TIPO_DATO15__MARRATE_N1,,,
IT1:22_293_DF_DCIS_INDDEMOG1_1(1.0),A,ITC32,MARRATE,2024,3.4,,,,TIPO_DATO15__MARRATE_N1,,,
IT1:22_293_DF_DCIS_INDDEMOG1_1(1.0),A,ITC32,MARRATE,2025,3.4,p,,,TIPO_DATO15__MARRATE_N1,,,
IT1:22_293_DF_DCIS_INDDEMOG1_1(1.0),A,ITC33,MARRATE,2015,3,,,,TIPO_DATO15__MARRATE_N1,,,
IT1:22_293_DF_DCIS_INDDEMOG1_1(1.0),A,ITC33,MARRATE,2016,3,,,,TIPO_DATO15__MARRATE_N1,,,
IT1:22_293_DF_DCIS_INDDEMOG1_1(1.0),A,ITC33,MARRATE,2017,3.1,,,,TIPO_DATO15__MARRATE_N1,,,
IT1:22_293_DF_DCIS_INDDEMOG1_1(1.0),A,ITC33,MARRATE,2018,3.1,,,,TIPO_DATO15__MARRATE_N1,,,
IT1:22_293_DF_DCIS_INDDEMOG1_1(1.0),A,ITC33,MARRATE,2019,2.8,,,,TIPO_DATO15__MARRATE_N1,,,
IT1:22_293_DF_DCIS_INDDEMOG1_1(1.0),A,ITC33,MARRATE,2020,1.7,,,,TIPO_DATO15__MARRATE_N1,,,
IT1:22_293_DF_DCIS_INDDEMOG1_1(1.0),A,ITC33,MARRATE,2021,2.9,,,,TIPO_DATO15__MARRATE_N1,,,
IT1:22_293_DF_DCIS_INDDEMOG1_1(1.0),A,ITC33,MARRATE,2022,3,,,,TIPO_DATO15__MARRATE_N1,,,
IT1:22_293_DF_DCIS_INDDEMOG1_1(1.0),A,ITC33,MARRATE,2023,3.1,,,,TIPO_DATO15__MARRATE_N1,,,
IT1:22_293_DF_DCIS_INDDEMOG1_1(1.0),A,ITC33,MARRATE,2024,2.8,,,,TIPO_DATO15__MARRATE_N1,,,
IT1:22_293_DF_DCIS_INDDEMOG1_1(1.0),A,ITC33,MARRATE,2025,2.9,p,,,TIPO_DATO15__MARRATE_N1,,,
IT1:22_293_DF_DCIS_INDDEMOG1_1(1.0),A,ITC34,MARRATE,2015,3.5,,,,TIPO_DATO15__MARRATE_N1,,,
IT1:22_293_DF_DCIS_INDDEMOG1_1(1.0),A,ITC34,MARRATE,2016,3.8,,,,TIPO_DATO15__MARRATE_N1,,,
IT1:22_293_DF_DCIS_INDDEMOG1_1(1.0),A,ITC34,MARRATE,2017,3.4,,,,TIPO_DATO15__MARRATE_N1,,,
IT1:22_293_DF_DCIS_INDDEMOG1_1(1.0),A,ITC34,MARRATE,2018,3.7,,,,TIPO_DATO15__MARRATE_N1,,,
IT1:22_293_DF_DCIS_INDDEMOG1_1(1.0),A,ITC34,MARRATE,2019,3.4,,,,TIPO_DATO15__MARRATE_N1,,,
IT1:22_293_DF_DCIS_INDDEMOG1_1(1.0),A,ITC34,MARRATE,2020,2,,,,TIPO_DATO15__MARRATE_N1,,,
IT1:22_293_DF_DCIS_INDDEMOG1_1(1.0),A,ITC34,MARRATE,2021,3.3,,,,TIPO_DATO15__MARRATE_N1,,,
IT1:22_293_DF_DCIS_INDDEMOG1_1(1.0),A,ITC34,MARRATE,2022,3.5,,,,TIPO_DATO15__MARRATE_N1,,,
IT1:22_293_DF_DCIS_INDDEMOG1_1(1.0),A,ITC34,MARRATE,2023,3.4,,,,TIPO_DATO15__MARRATE_N1,,,
IT1:22_293_DF_DCIS_INDDEMOG1_1(1.0),A,ITC34,MARRATE,2024,3.4,,,,TIPO_DATO15__MARRATE_N1,,,
IT1:22_293_DF_DCIS_INDDEMOG1_1(1.0),A,ITC34,MARRATE,2025,3.1,p,,,TIPO_DATO15__MARRATE_N1,,,
IT1:22_293_DF_DCIS_INDDEMOG1_1(1.0),A,ITC4,MARRATE,2015,2.7,,,,TIPO_DATO15__MARRATE_N1,,,
IT1:22_293_DF_DCIS_INDDEMOG1_1(1.0),A,ITC4,MARRATE,2016,2.8,,,,TIPO_DATO15__MARRATE_N1,,,
IT1:22_293_DF_DCIS_INDDEMOG1_1(1.0),A,ITC4,MARRATE,2017,2.7,,,,TIPO_DATO15__MARRATE_N1,,,
IT1:22_293_DF_DCIS_INDDEMOG1_1(1.0),A,ITC4,MARRATE,2018,2.7,,,,TIPO_DATO15__MARRATE_N1,,,
IT1:22_293_DF_DCIS_INDDEMOG1_1(1.0),A,ITC4,MARRATE,2019,2.6,,,,TIPO_DATO15__MARRATE_N1,,,
IT1:22_293_DF_DCIS_INDDEMOG1_1(1.0),A,ITC4,MARRATE,2020,1.5,,,,TIPO_DATO15__MARRATE_N1,,,
IT1:22_293_DF_DCIS_INDDEMOG1_1(1.0),A,ITC4,MARRATE,2021,2.5,,,,TIPO_DATO15__MARRATE_N1,,,
IT1:22_293_DF_DCIS_INDDEMOG1_1(1.0),A,ITC4,MARRATE,2022,2.8,,,,TIPO_DATO15__MARRATE_N1,,,
IT1:22_293_DF_DCIS_INDDEMOG1_1(1.0),A,ITC4,MARRATE,2023,2.8,,,,TIPO_DATO15__MARRATE_N1,,,
IT1:22_293_DF_DCIS_INDDEMOG1_1(1.0),A,ITC4,MARRATE,2024,2.6,,,,TIPO_DATO15__MARRATE_N1,,,
IT1:22_293_DF_DCIS_INDDEMOG1_1(1.0),A,ITC4,MARRATE,2025,2.6,p,,,TIPO_DATO15__MARRATE_N1,,,
IT1:22_293_DF_DCIS_INDDEMOG1_1(1.0),A,ITC41,MARRATE,2015,3,,,,TIPO_DATO15__MARRATE_N1,,,
IT1:22_293_DF_DCIS_INDDEMOG1_1(1.0),A,ITC41,MARRATE,2016,3.2,,,,TIPO_DATO15__MARRATE_N1,,,
IT1:22_293_DF_DCIS_INDDEMOG1_1(1.0),A,ITC41,MARRATE,2017,3,,,,TIPO_DATO15__MARRATE_N1,,,
IT1:22_293_DF_DCIS_INDDEMOG1_1(1.0),A,ITC41,MARRATE,2018,3.1,,,,TIPO_DATO15__MARRATE_N1,,,
IT1:22_293_DF_DCIS_INDDEMOG1_1(1.0),A,ITC41,MARRATE,2019,2.8,,,,TIPO_DATO15__MARRATE_N1,,,
IT1:22_293_DF_DCIS_INDDEMOG1_1(1.0),A,ITC41,MARRATE,2020,1.6,,,,TIPO_DATO15__MARRATE_N1,,,
IT1:22_293_DF_DCIS_INDDEMOG1_1(1.0),A,ITC41,MARRATE,2021,2.7,,,,TIPO_DATO15__MARRATE_N1,,,
IT1:22_293_DF_DCIS_INDDEMOG1_1(1.0),A,ITC41,MARRATE,2022,3,,,,TIPO_DATO15__MARRATE_N1,,,
IT1:22_293_DF_DCIS_INDDEMOG1_1(1.0),A,ITC41,MARRATE,2023,3.1,,,,TIPO_DATO15__MARRATE_N1,,,
IT1:22_293_DF_DCIS_INDDEMOG1_1(1.0),A,ITC41,MARRATE,2024,2.8,,,,TIPO_DATO15__MARRATE_N1,,,
IT1:22_293_DF_DCIS_INDDEMOG1_1(1.0),A,ITC41,MARRATE,2025,2.7,p,,,TIPO_DATO15__MARRATE_N1,,,
IT1:22_293_DF_DCIS_INDDEMOG1_1(1.0),A,ITC42,MARRATE,2015,3.3,,,,TIPO_DATO15__MARRATE_N1,,,
IT1:22_293_DF_DCIS_INDDEMOG1_1(1.0),A,ITC42,MARRATE,2016,3.5,,,,TIPO_DATO15__MARRATE_N1,,,
IT1:22_293_DF_DCIS_INDDEMOG1_1(1.0),A,ITC42,MARRATE,2017,3.1,,,,TIPO_DATO15__MARRATE_N1,,,
IT1:22_293_DF_DCIS_INDDEMOG1_1(1.0),A,ITC42,MARRATE,2018,3.3,,,,TIPO_DATO15__MARRATE_N1,,,
IT1:22_293_DF_DCIS_INDDEMOG1_1(1.0),A,ITC42,MARRATE,2019,3.1,,,,TIPO_DATO15__MARRATE_N1,,,
IT1:22_293_DF_DCIS_INDDEMOG1_1(1.0),A,ITC42,MARRATE,2020,1.7,,,,TIPO_DATO15__MARRATE_N1,,,
IT1:22_293_DF_DCIS_INDDEMOG1_1(1.0),A,ITC42,MARRATE,2021,3,,,,TIPO_DATO15__MARRATE_N1,,,
IT1:22_293_DF_DCIS_INDDEMOG1_1(1.0),A,ITC42,MARRATE,2022,3.6,,,,TIPO_DATO15__MARRATE_N1,,,
IT1:22_293_DF_DCIS_INDDEMOG1_1(1.0),A,ITC42,MARRATE,2023,3.4,,,,TIPO_DATO15__MARRATE_N1,,,
IT1:22_293_DF_DCIS_INDDEMOG1_1(1.0),A,ITC42,MARRATE,2024,3.1,,,,TIPO_DATO15__MARRATE_N1,,,
IT1:22_293_DF_DCIS_INDDEMOG1_1(1.0),A,ITC42,MARRATE,2025,3.1,p,,,TIPO_DATO15__MARRATE_N1,,,
IT1:22_293_DF_DCIS_INDDEMOG1_1(1.0),A,ITC43,MARRATE,2015,3.1,,,,TIPO_DATO15__MARRATE_N1,,,
IT1:22_293_DF_DCIS_INDDEMOG1_1(1.0),A,ITC43,MARRATE,2016,3.6,,,,TIPO_DATO15__MARRATE_N1,,,
IT1:22_293_DF_DCIS_INDDEMOG1_1(1.0),A,ITC43,MARRATE,2017,3.6,,,,TIPO_DATO15__MARRATE_N1,,,
IT1:22_293_DF_DCIS_INDDEMOG1_1(1.0),A,ITC43,MARRATE,2018,3.6,,,,TIPO_DATO15__MARRATE_N1,,,
IT1:22_293_DF_DCIS_INDDEMOG1_1(1.0),A,ITC43,MARRATE,2019,3.4,,,,TIPO_DATO15__MARRATE_N1,,,
IT1:22_293_DF_DCIS_INDDEMOG1_1(1.0),A,ITC43,MARRATE,2020,1.9,,,,TIPO_DATO15__MARRATE_N1,,,
IT1:22_293_DF_DCIS_INDDEMOG1_1(1.0),A,ITC43,MARRATE,2021,3.5,,,,TIPO_DATO15__MARRATE_N1,,,
IT1:22_293_DF_DCIS_INDDEMOG1_1(1.0),A,ITC43,MARRATE,2022,3.7,,,,TIPO_DATO15__MARRATE_N1,,,
IT1:22_293_DF_DCIS_INDDEMOG1_1(1.0),A,ITC43,MARRATE,2023,3.6,,,,TIPO_DATO15__MARRATE_N1,,,
IT1:22_293_DF_DCIS_INDDEMOG1_1(1.0),A,ITC43,MARRATE,2024,3.2,,,,TIPO_DATO15__MARRATE_N1,,,
IT1:22_293_DF_DCIS_INDDEMOG1_1(1.0),A,ITC43,MARRATE,2025,3.2,p,,,TIPO_DATO15__MARRATE_N1,,,
IT1:22_293_DF_DCIS_INDDEMOG1_1(1.0),A,ITC44,MARRATE,2015,2.9,,,,TIPO_DATO15__MARRATE_N1,,,
IT1:22_293_DF_DCIS_INDDEMOG1_1(1.0),A,ITC44,MARRATE,2016,3,,,,TIPO_DATO15__MARRATE_N1,,,
IT1:22_293_DF_DCIS_INDDEMOG1_1(1.0),A,ITC44,MARRATE,2017,2.9,,,,TIPO_DATO15__MARRATE_N1,,,
IT1:22_293_DF_DCIS_INDDEMOG1_1(1.0),A,ITC44,MARRATE,2018,3.1,,,,TIPO_DATO15__MARRATE_N1,,,
IT1:22_293_DF_DCIS_INDDEMOG1_1(1.0),A,ITC44,MARRATE,2019,2.9,,,,TIPO_DATO15__MARRATE_N1,,,
IT1:22_293_DF_DCIS_INDDEMOG1_1(1.0),A,ITC44,MARRATE,2020,1.8,,,,TIPO_DATO15__MARRATE_N1,,,
IT1:22_293_DF_DCIS_INDDEMOG1_1(1.0),A,ITC44,MARRATE,2021,2.7,,,,TIPO_DATO15__MARRATE_N1,,,
IT1:22_293_DF_DCIS_INDDEMOG1_1(1.0),A,ITC44,MARRATE,2022,2.9,,,,TIPO_DATO15__MARRATE_N1,,,
IT1:22_293_DF_DCIS_INDDEMOG1_1(1.0),A,ITC44,MARRATE,2023,2.8,,,,TIPO_DATO15__MARRATE_N1,,,
IT1:22_293_DF_DCIS_INDDEMOG1_1(1.0),A,ITC44,MARRATE,2024,3.2,,,,TIPO_DATO15__MARRATE_N1,,,
IT1:22_293_DF_DCIS_INDDEMOG1_1(1.0),A,ITC44,MARRATE,2025,2.8,p,,,TIPO_DATO15__MARRATE_N1,,,
IT1:22_293_DF_DCIS_INDDEMOG1_1(1.0),A,ITC45,MARRATE,2015,2.3,,,,TIPO_DATO15__MARRATE_N1,,,
IT1:22_293_DF_DCIS_INDDEMOG1_1(1.0),A,ITC45,MARRATE,2016,2.4,,,,TIPO_DATO15__MARRATE_N1,,,
IT1:22_293_DF_DCIS_INDDEMOG1_1(1.0),A,ITC45,MARRATE,2017,2.3,,,,TIPO_DATO15__MARRATE_N1,,,
IT1:22_293_DF_DCIS_INDDEMOG1_1(1.0),A,ITC45,MARRATE,2018,2.3,,,,TIPO_DATO15__MARRATE_N1,,,
IT1:22_293_DF_DCIS_INDDEMOG1_1(1.0),A,ITC45,MARRATE,2019,2.2,,,,TIPO_DATO15__MARRATE_N1,,,
IT1:22_293_DF_DCIS_INDDEMOG1_1(1.0),A,ITC45,MARRATE,2020,1.2,,,,TIPO_DATO15__MARRATE_N1,,,
IT1:22_293_DF_DCIS_INDDEMOG1_1(1.0),A,ITC45,MARRATE,2021,2,,,,TIPO_DATO15__MARRATE_N1,,,
IT1:22_293_DF_DCIS_INDDEMOG1_1(1.0),A,ITC45,MARRATE,2022,2.2,,,,TIPO_DATO15__MARRATE_N1,,,
IT1:22_293_DF_DCIS_INDDEMOG1_1(1.0),A,ITC45,MARRATE,2023,2.3,,,,TIPO_DATO15__MARRATE_N1,,,
IT1:22_293_DF_DCIS_INDDEMOG1_1(1.0),A,ITC45,MARRATE,2024,2.1,,,,TIPO_DATO15__MARRATE_N1,,,
IT1:22_293_DF_DCIS_INDDEMOG1_1(1.0),A,ITC45,MARRATE,2025,2,p,,,TIPO_DATO15__MARRATE_N1,,,
IT1:22_293_DF_DCIS_INDDEMOG1_1(1.0),A,ITC46,MARRATE,2015,2.9,,,,TIPO_DATO15__MARRATE_N1,,,
IT1:22_293_DF_DCIS_INDDEMOG1_1(1.0),A,ITC46,MARRATE,2016,3,,,,TIPO_DATO15__MARRATE_N1,,,
IT1:22_293_DF_DCIS_INDDEMOG1_1(1.0),A,ITC46,MARRATE,2017,2.9,,,,TIPO_DATO15__MARRATE_N1,,,
IT1:22_293_DF_DCIS_INDDEMOG1_1(1.0),A,ITC46,MARRATE,2018,2.8,,,,TIPO_DATO15__MARRATE_N1,,,
IT1:22_293_DF_DCIS_INDDEMOG1_1(1.0),A,ITC46,MARRATE,2019,2.8,,,,TIPO_DATO15__MARRATE_N1,,,
IT1:22_293_DF_DCIS_INDDEMOG1_1(1.0),A,ITC46,MARRATE,2020,1.5,,,,TIPO_DATO15__MARRATE_N1,,,
IT1:22_293_DF_DCIS_INDDEMOG1_1(1.0),A,ITC46,MARRATE,2021,2.9,,,,TIPO_DATO15__MARRATE_N1,,,
IT1:22_293_DF_DCIS_INDDEMOG1_1(1.0),A,ITC46,MARRATE,2022,3.2,,,,TIPO_DATO15__MARRATE_N1,,,
IT1:22_293_DF_DCIS_INDDEMOG1_1(1.0),A,ITC46,MARRATE,2023,3.1,,,,TIPO_DATO15__MARRATE_N1,,,
IT1:22_293_DF_DCIS_INDDEMOG1_1(1.0),A,ITC46,MARRATE,2024,3.1,,,,TIPO_DATO15__MARRATE_N1,,,
IT1:22_293_DF_DCIS_INDDEMOG1_1(1.0),A,ITC46,MARRATE,2025,3.1,p,,,TIPO_DATO15__MARRATE_N1,,,
IT1:22_293_DF_DCIS_INDDEMOG1_1(1.0),A,ITC47,MARRATE,2015,3,,,,TIPO_DATO15__MARRATE_N1,,,
IT1:22_293_DF_DCIS_INDDEMOG1_1(1.0),A,ITC47,MARRATE,2016,3.1,,,,TIPO_DATO15__MARRATE_N1,,,
IT1:22_293_DF_DCIS_INDDEMOG1_1(1.0),A,ITC47,MARRATE,2017,2.8,,,,TIPO_DATO15__MARRATE_N1,,,
IT1:22_293_DF_DCIS_INDDEMOG1_1(1.0),A,ITC47,MARRATE,2018,2.9,,,,TIPO_DATO15__MARRATE_N1,,,
IT1:22_293_DF_DCIS_INDDEMOG1_1(1.0),A,ITC47,MARRATE,2019,2.8,,,,TIPO_DATO15__MARRATE_N1,,,
IT1:22_293_DF_DCIS_INDDEMOG1_1(1.0),A,ITC47,MARRATE,2020,1.7,,,,TIPO_DATO15__MARRATE_N1,,,
IT1:22_293_DF_DCIS_INDDEMOG1_1(1.0),A,ITC47,MARRATE,2021,2.8,,,,TIPO_DATO15__MARRATE_N1,,,
IT1:22_293_DF_DCIS_INDDEMOG1_1(1.0),A,ITC47,MARRATE,2022,3.2,,,,TIPO_DATO15__MARRATE_N1,,,
IT1:22_293_DF_DCIS_INDDEMOG1_1(1.0),A,ITC47,MARRATE,2023,3.2,,,,TIPO_DATO15__MARRATE_N1,,,
IT1:22_293_DF_DCIS_INDDEMOG1_1(1.0),A,ITC47,MARRATE,2024,3,,,,TIPO_DATO15__MARRATE_N1,,,
IT1:22_293_DF_DCIS_INDDEMOG1_1(1.0),A,ITC47,MARRATE,2025,3,p,,,TIPO_DATO15__MARRATE_N1,,,
IT1:22_293_DF_DCIS_INDDEMOG1_1(1.0),A,ITC48,MARRATE,2015,2.8,,,,TIPO_DATO15__MARRATE_N1,,,
IT1:22_293_DF_DCIS_INDDEMOG1_1(1.0),A,ITC48,MARRATE,2016,3.1,,,,TIPO_DATO15__MARRATE_N1,,,
IT1:22_293_DF_DCIS_INDDEMOG1_1(1.0),A,ITC48,MARRATE,2017,3,,,,TIPO_DATO15__MARRATE_N1,,,
IT1:22_293_DF_DCIS_INDDEMOG1_1(1.0),A,ITC48,MARRATE,2018,3.1,,,,TIPO_DATO15__MARRATE_N1,,,
IT1:22_293_DF_DCIS_INDDEMOG1_1(1.0),A,ITC48,MARRATE,2019,2.9,,,,TIPO_DATO15__MARRATE_N1,,,
IT1:22_293_DF_DCIS_INDDEMOG1_1(1.0),A,ITC48,MARRATE,2020,1.6,,,,TIPO_DATO15__MARRATE_N1,,,
IT1:22_293_DF_DCIS_INDDEMOG1_1(1.0),A,ITC48,MARRATE,2021,3,,,,TIPO_DATO15__MARRATE_N1,,,
IT1:22_293_DF_DCIS_INDDEMOG1_1(1.0),A,ITC48,MARRATE,2022,3.1,,,,TIPO_DATO15__MARRATE_N1,,,
IT1:22_293_DF_DCIS_INDDEMOG1_1(1.0),A,ITC48,MARRATE,2023,3.2,,,,TIPO_DATO15__MARRATE_N1,,,
IT1:22_293_DF_DCIS_INDDEMOG1_1(1.0),A,ITC48,MARRATE,2024,3,,,,TIPO_DATO15__MARRATE_N1,,,
IT1:22_293_DF_DCIS_INDDEMOG1_1(1.0),A,ITC48,MARRATE,2025,2.8,p,,,TIPO_DATO15__MARRATE_N1,,,
IT1:22_293_DF_DCIS_INDDEMOG1_1(1.0),A,ITC49,MARRATE,2015,2.3,,,,TIPO_DATO15__MARRATE_N1,,,
IT1:22_293_DF_DCIS_INDDEMOG1_1(1.0),A,ITC49,MARRATE,2016,2.7,,,,TIPO_DATO15__MARRATE_N1,,,
IT1:22_293_DF_DCIS_INDDEMOG1_1(1.0),A,ITC49,MARRATE,2017,2.5,,,,TIPO_DATO15__MARRATE_N1,,,
IT1:22_293_DF_DCIS_INDDEMOG1_1(1.0),A,ITC49,MARRATE,2018,2.5,,,,TIPO_DATO15__MARRATE_N1,,,
IT1:22_293_DF_DCIS_INDDEMOG1_1(1.0),A,ITC49,MARRATE,2019,2.3,,,,TIPO_DATO15__MARRATE_N1,,,
IT1:22_293_DF_DCIS_INDDEMOG1_1(1.0),A,ITC49,MARRATE,2020,1.3,,,,TIPO_DATO15__MARRATE_N1,,,
IT1:22_293_DF_DCIS_INDDEMOG1_1(1.0),A,ITC49,MARRATE,2021,2.3,,,,TIPO_DATO15__MARRATE_N1,,,
IT1:22_293_DF_DCIS_INDDEMOG1_1(1.0),A,ITC49,MARRATE,2022,2.5,,,,TIPO_DATO15__MARRATE_N1,,,
IT1:22_293_DF_DCIS_INDDEMOG1_1(1.0),A,ITC49,MARRATE,2023,2.6,,,,TIPO_DATO15__MARRATE_N1,,,
IT1:22_293_DF_DCIS_INDDEMOG1_1(1.0),A,ITC49,MARRATE,2024,2.3,,,,TIPO_DATO15__MARRATE_N1,,,
IT1:22_293_DF_DCIS_INDDEMOG1_1(1.0),A,ITC49,MARRATE,2025,2.3,p,,,TIPO_DATO15__MARRATE_N1,,,
IT1:22_293_DF_DCIS_INDDEMOG1_1(1.0),A,ITC4A,MARRATE,2015,3,,,,TIPO_DATO15__MARRATE_N1,,,
IT1:22_293_DF_DCIS_INDDEMOG1_1(1.0),A,ITC4A,MARRATE,2016,3.2,,,,TIPO_DATO15__MARRATE_N1,,,
IT1:22_293_DF_DCIS_INDDEMOG1_1(1.0),A,ITC4A,MARRATE,2017,2.6,,,,TIPO_DATO15__MARRATE_N1,,,
IT1:22_293_DF_DCIS_INDDEMOG1_1(1.0),A,ITC4A,MARRATE,2018,2.9,,,,TIPO_DATO15__MARRATE_N1,,,
IT1:22_293_DF_DCIS_INDDEMOG1_1(1.0),A,ITC4A,MARRATE,2019,3,,,,TIPO_DATO15__MARRATE_N1,,,
IT1:22_293_DF_DCIS_INDDEMOG1_1(1.0),A,ITC4A,MARRATE,2020,1.6,,,,TIPO_DATO15__MARRATE_N1,,,
IT1:22_293_DF_DCIS_INDDEMOG1_1(1.0),A,ITC4A,MARRATE,2021,2.7,,,,TIPO_DATO15__MARRATE_N1,,,
IT1:22_293_DF_DCIS_INDDEMOG1_1(1.0),A,ITC4A,MARRATE,2022,3,,,,TIPO_DATO15__MARRATE_N1,,,
IT1:22_293_DF_DCIS_INDDEMOG1_1(1.0),A,ITC4A,MARRATE,2023,3.1,,,,TIPO_DATO15__MARRATE_N1,,,
IT1:22_293_DF_DCIS_INDDEMOG1_1(1.0),A,ITC4A,MARRATE,2024,2.9,,,,TIPO_DATO15__MARRATE_N1,,,
IT1:22_293_DF_DCIS_INDDEMOG1_1(1.0),A,ITC4A,MARRATE,2025,2.7,p,,,TIPO_DATO15__MARRATE_N1,,,
IT1:22_293_DF_DCIS_INDDEMOG1_1(1.0),A,ITC4B,MARRATE,2015,2.7,,,,TIPO_DATO15__MARRATE_N1,,,
IT1:22_293_DF_DCIS_INDDEMOG1_1(1.0),A,ITC4B,MARRATE,2016,2.9,,,,TIPO_DATO15__MARRATE_N1,,,
IT1:22_293_DF_DCIS_INDDEMOG1_1(1.0),A,ITC4B,MARRATE,2017,2.7,,,,TIPO_DATO15__MARRATE_N1,,,
IT1:22_293_DF_DCIS_INDDEMOG1_1(1.0),A,ITC4B,MARRATE,2018,2.8,,,,TIPO_DATO15__MARRATE_N1,,,
IT1:22_293_DF_DCIS_INDDEMOG1_1(1.0),A,ITC4B,MARRATE,2019,2.5,,,,TIPO_DATO15__MARRATE_N1,,,
IT1:22_293_DF_DCIS_INDDEMOG1_1(1.0),A,ITC4B,MARRATE,2020,1.5,,,,TIPO_DATO15__MARRATE_N1,,,
IT1:22_293_DF_DCIS_INDDEMOG1_1(1.0),A,ITC4B,MARRATE,2021,2.6,,,,TIPO_DATO15__MARRATE_N1,,,
IT1:22_293_DF_DCIS_INDDEMOG1_1(1.0),A,ITC4B,MARRATE,2022,2.9,,,,TIPO_DATO15__MARRATE_N1,,,
IT1:22_293_DF_DCIS_INDDEMOG1_1(1.0),A,ITC4B,MARRATE,2023,2.9,,,,TIPO_DATO15__MARRATE_N1,,,
IT1:22_293_DF_DCIS_INDDEMOG1_1(1.0),A,ITC4B,MARRATE,2024,2.9,,,,TIPO_DATO15__MARRATE_N1,,,
IT1:22_293_DF_DCIS_INDDEMOG1_1(1.0),A,ITC4B,MARRATE,2025,2.8,p,,,TIPO_DATO15__MARRATE_N1,,,
IT1:22_293_DF_DCIS_INDDEMOG1_1(1.0),A,ITCD,MARRATE,2015,2.9,,,,TIPO_DATO15__MARRATE_N1,,,
IT1:22_293_DF_DCIS_INDDEMOG1_1(1.0),A,ITCD,MARRATE,2016,3,,,,TIPO_DATO15__MARRATE_N1,,,
IT1:22_293_DF_DCIS_INDDEMOG1_1(1.0),A,ITCD,MARRATE,2017,2.8,,,,TIPO_DATO15__MARRATE_N1,,,
IT1:22_293_DF_DCIS_INDDEMOG1_1(1.0),A,ITCD,MARRATE,2018,2.9,,,,TIPO_DATO15__MARRATE_N1,,,
IT1:22_293_DF_DCIS_INDDEMOG1_1(1.0),A,ITCD,MARRATE,2019,3.7,,,,TIPO_DATO15__MARRATE_N1,,,
IT1:22_293_DF_DCIS_INDDEMOG1_1(1.0),A,ITCD,MARRATE,2020,1.6,,,,TIPO_DATO15__MARRATE_N1,,,
IT1:22_293_DF_DCIS_INDDEMOG1_1(1.0),A,ITCD,MARRATE,2021,2.7,,,,TIPO_DATO15__MARRATE_N1,,,
IT1:22_293_DF_DCIS_INDDEMOG1_1(1.0),A,ITCD,MARRATE,2022,3,,,,TIPO_DATO15__MARRATE_N1,,,
IT1:22_293_DF_DCIS_INDDEMOG1_1(1.0),A,ITCD,MARRATE,2023,2.9,,,,TIPO_DATO15__MARRATE_N1,,,
IT1:22_293_DF_DCIS_INDDEMOG1_1(1.0),A,ITCD,MARRATE,2024,2.8,,,,TIPO_DATO15__MARRATE_N1,,,
IT1:22_293_DF_DCIS_INDDEMOG1_1(1.0),A,ITCD,MARRATE,2025,2.8,p,,,TIPO_DATO15__MARRATE_N1,,,
IT1:22_293_DF_DCIS_INDDEMOG1_1(1.0),A,ITD,MARRATE,2015,3,,,,TIPO_DATO15__MARRATE_N1,,,
IT1:22_293_DF_DCIS_INDDEMOG1_1(1.0),A,ITD,MARRATE,2016,3.1,,,,TIPO_DATO15__MARRATE_N1,,,
IT1:22_293_DF_DCIS_INDDEMOG1_1(1.0),A,ITD,MARRATE,2017,2.9,,,,TIPO_DATO15__MARRATE_N1,,,
IT1:22_293_DF_DCIS_INDDEMOG1_1(1.0),A,ITD,MARRATE,2018,3,,,,TIPO_DATO15__MARRATE_N1,,,
IT1:22_293_DF_DCIS_INDDEMOG1_1(1.0),A,ITD,MARRATE,2019,2.8,,,,TIPO_DATO15__MARRATE_N1,,,
IT1:22_293_DF_DCIS_INDDEMOG1_1(1.0),A,ITD,MARRATE,2020,1.8,,,,TIPO_DATO15__MARRATE_N1,,,
IT1:22_293_DF_DCIS_INDDEMOG1_1(1.0),A,ITD,MARRATE,2021,2.7,,,,TIPO_DATO15__MARRATE_N1,,,
IT1:22_293_DF_DCIS_INDDEMOG1_1(1.0),A,ITD,MARRATE,2022,3,,,,TIPO_DATO15__MARRATE_N1,,,
IT1:22_293_DF_DCIS_INDDEMOG1_1(1.0),A,ITD,MARRATE,2023,3,,,,TIPO_DATO15__MARRATE_N1,,,
IT1:22_293_DF_DCIS_INDDEMOG1_1(1.0),A,ITD,MARRATE,2024,2.9,,,,TIPO_DATO15__MARRATE_N1,,,
IT1:22_293_DF_DCIS_INDDEMOG1_1(1.0),A,ITD,MARRATE,2025,2.8,p,,,TIPO_DATO15__MARRATE_N1,,,
IT1:22_293_DF_DCIS_INDDEMOG1_1(1.0),A,ITD1,MARRATE,2015,4.1,,,,TIPO_DATO15__MARRATE_N1,,,
IT1:22_293_DF_DCIS_INDDEMOG1_1(1.0),A,ITD1,MARRATE,2016,4.1,,,,TIPO_DATO15__MARRATE_N1,,,
IT1:22_293_DF_DCIS_INDDEMOG1_1(1.0),A,ITD1,MARRATE,2017,4.1,,,,TIPO_DATO15__MARRATE_N1,,,
IT1:22_293_DF_DCIS_INDDEMOG1_1(1.0),A,ITD1,MARRATE,2018,4.4,,,,TIPO_DATO15__MARRATE_N1,,,
IT1:22_293_DF_DCIS_INDDEMOG1_1(1.0),A,ITD1,MARRATE,2019,4.2,,,,TIPO_DATO15__MARRATE_N1,,,
IT1:22_293_DF_DCIS_INDDEMOG1_1(1.0),A,ITD1,MARRATE,2020,3.1,,,,TIPO_DATO15__MARRATE_N1,,,
IT1:22_293_DF_DCIS_INDDEMOG1_1(1.0),A,ITD1,MARRATE,2021,3.9,,,,TIPO_DATO15__MARRATE_N1,,,
IT1:22_293_DF_DCIS_INDDEMOG1_1(1.0),A,ITD1,MARRATE,2022,4.3,,,,TIPO_DATO15__MARRATE_N1,,,
IT1:22_293_DF_DCIS_INDDEMOG1_1(1.0),A,ITD1,MARRATE,2023,4.1,,,,TIPO_DATO15__MARRATE_N1,,,
IT1:22_293_DF_DCIS_INDDEMOG1_1(1.0),A,ITD1,MARRATE,2024,4.1,,,,TIPO_DATO15__MARRATE_N1,,,
IT1:22_293_DF_DCIS_INDDEMOG1_1(1.0),A,ITD1,MARRATE,2025,4.2,p,,,TIPO_DATO15__MARRATE_N1,,,
IT1:22_293_DF_DCIS_INDDEMOG1_1(1.0),A,ITD10,MARRATE,2015,4.1,,,,TIPO_DATO15__MARRATE_N1,,,
IT1:22_293_DF_DCIS_INDDEMOG1_1(1.0),A,ITD10,MARRATE,2016,4.1,,,,TIPO_DATO15__MARRATE_N1,,,
IT1:22_293_DF_DCIS_INDDEMOG1_1(1.0),A,ITD10,MARRATE,2017,4.1,,,,TIPO_DATO15__MARRATE_N1,,,
IT1:22_293_DF_DCIS_INDDEMOG1_1(1.0),A,ITD10,MARRATE,2018,4.4,,,,TIPO_DATO15__MARRATE_N1,,,
IT1:22_293_DF_DCIS_INDDEMOG1_1(1.0),A,ITD10,MARRATE,2019,4.2,,,,TIPO_DATO15__MARRATE_N1,,,
IT1:22_293_DF_DCIS_INDDEMOG1_1(1.0),A,ITD10,MARRATE,2020,3.1,,,,TIPO_DATO15__MARRATE_N1,,,
IT1:22_293_DF_DCIS_INDDEMOG1_1(1.0),A,ITD10,MARRATE,2021,3.9,,,,TIPO_DATO15__MARRATE_N1,,,
IT1:22_293_DF_DCIS_INDDEMOG1_1(1.0),A,ITD10,MARRATE,2022,4.3,,,,TIPO_DATO15__MARRATE_N1,,,
IT1:22_293_DF_DCIS_INDDEMOG1_1(1.0),A,ITD10,MARRATE,2023,4.1,,,,TIPO_DATO15__MARRATE_N1,,,
IT1:22_293_DF_DCIS_INDDEMOG1_1(1.0),A,ITD10,MARRATE,2024,4.1,,,,TIPO_DATO15__MARRATE_N1,,,
IT1:22_293_DF_DCIS_INDDEMOG1_1(1.0),A,ITD10,MARRATE,2025,4.2,p,,,TIPO_DATO15__MARRATE_N1,,,
IT1:22_293_DF_DCIS_INDDEMOG1_1(1.0),A,ITD2,MARRATE,2015,2.9,,,,TIPO_DATO15__MARRATE_N1,,,
IT1:22_293_DF_DCIS_INDDEMOG1_1(1.0),A,ITD2,MARRATE,2016,3,,,,TIPO_DATO15__MARRATE_N1,,,
IT1:22_293_DF_DCIS_INDDEMOG1_1(1.0),A,ITD2,MARRATE,2017,2.7,,,,TIPO_DATO15__MARRATE_N1,,,
IT1:22_293_DF_DCIS_INDDEMOG1_1(1.0),A,ITD2,MARRATE,2018,2.8,,,,TIPO_DATO15__MARRATE_N1,,,
IT1:22_293_DF_DCIS_INDDEMOG1_1(1.0),A,ITD2,MARRATE,2019,2.5,,,,TIPO_DATO15__MARRATE_N1,,,
IT1:22_293_DF_DCIS_INDDEMOG1_1(1.0),A,ITD2,MARRATE,2020,1.7,,,,TIPO_DATO15__MARRATE_N1,,,
IT1:22_293_DF_DCIS_INDDEMOG1_1(1.0),A,ITD2,MARRATE,2021,2.4,,,,TIPO_DATO15__MARRATE_N1,,,
IT1:22_293_DF_DCIS_INDDEMOG1_1(1.0),A,ITD2,MARRATE,2022,2.9,,,,TIPO_DATO15__MARRATE_N1,,,
IT1:22_293_DF_DCIS_INDDEMOG1_1(1.0),A,ITD2,MARRATE,2023,2.8,,,,TIPO_DATO15__MARRATE_N1,,,
IT1:22_293_DF_DCIS_INDDEMOG1_1(1.0),A,ITD2,MARRATE,2024,2.9,,,,TIPO_DATO15__MARRATE_N1,,,
IT1:22_293_DF_DCIS_INDDEMOG1_1(1.0),A,ITD2,MARRATE,2025,2.8,p,,,TIPO_DATO15__MARRATE_N1,,,
IT1:22_293_DF_DCIS_INDDEMOG1_1(1.0),A,ITD20,MARRATE,2015,2.9,,,,TIPO_DATO15__MARRATE_N1,,,
IT1:22_293_DF_DCIS_INDDEMOG1_1(1.0),A,ITD20,MARRATE,2016,3,,,,TIPO_DATO15__MARRATE_N1,,,
IT1:22_293_DF_DCIS_INDDEMOG1_1(1.0),A,ITD20,MARRATE,2017,2.7,,,,TIPO_DATO15__MARRATE_N1,,,
IT1:22_293_DF_DCIS_INDDEMOG1_1(1.0),A,ITD20,MARRATE,2018,2.8,,,,TIPO_DATO15__MARRATE_N1,,,
IT1:22_293_DF_DCIS_INDDEMOG1_1(1.0),A,ITD20,MARRATE,2019,2.5,,,,TIPO_DATO15__MARRATE_N1,,,
IT1:22_293_DF_DCIS_INDDEMOG1_1(1.0),A,ITD20,MARRATE,2020,1.7,,,,TIPO_DATO15__MARRATE_N1,,,
IT1:22_293_DF_DCIS_INDDEMOG1_1(1.0),A,ITD20,MARRATE,2021,2.4,,,,TIPO_DATO15__MARRATE_N1,,,
IT1:22_293_DF_DCIS_INDDEMOG1_1(1.0),A,ITD20,MARRATE,2022,2.9,,,,TIPO_DATO15__MARRATE_N1,,,
IT1:22_293_DF_DCIS_INDDEMOG1_1(1.0),A,ITD20,MARRATE,2023,2.8,,,,TIPO_DATO15__MARRATE_N1,,,
IT1:22_293_DF_DCIS_INDDEMOG1_1(1.0),A,ITD20,MARRATE,2024,2.9,,,,TIPO_DATO15__MARRATE_N1,,,
IT1:22_293_DF_DCIS_INDDEMOG1_1(1.0),A,ITD20,MARRATE,2025,2.8,p,,,TIPO_DATO15__MARRATE_N1,,,
IT1:22_293_DF_DCIS_INDDEMOG1_1(1.0),A,ITD3,MARRATE,2015,3,,,,TIPO_DATO15__MARRATE_N1,,,
IT1:22_293_DF_DCIS_INDDEMOG1_1(1.0),A,ITD3,MARRATE,2016,3.1,,,,TIPO_DATO15__MARRATE_N1,,,
IT1:22_293_DF_DCIS_INDDEMOG1_1(1.0),A,ITD3,MARRATE,2017,2.9,,,,TIPO_DATO15__MARRATE_N1,,,
IT1:22_293_DF_DCIS_INDDEMOG1_1(1.0),A,ITD3,MARRATE,2018,3,,,,TIPO_DATO15__MARRATE_N1,,,
IT1:22_293_DF_DCIS_INDDEMOG1_1(1.0),A,ITD3,MARRATE,2019,2.8,,,,TIPO_DATO15__MARRATE_N1,,,
IT1:22_293_DF_DCIS_INDDEMOG1_1(1.0),A,ITD3,MARRATE,2020,1.7,,,,TIPO_DATO15__MARRATE_N1,,,
IT1:22_293_DF_DCIS_INDDEMOG1_1(1.0),A,ITD3,MARRATE,2021,2.7,,,,TIPO_DATO15__MARRATE_N1,,,
IT1:22_293_DF_DCIS_INDDEMOG1_1(1.0),A,ITD3,MARRATE,2022,3,,,,TIPO_DATO15__MARRATE_N1,,,
IT1:22_293_DF_DCIS_INDDEMOG1_1(1.0),A,ITD3,MARRATE,2023,3,,,,TIPO_DATO15__MARRATE_N1,,,
IT1:22_293_DF_DCIS_INDDEMOG1_1(1.0),A,ITD3,MARRATE,2024,2.9,,,,TIPO_DATO15__MARRATE_N1,,,
IT1:22_293_DF_DCIS_INDDEMOG1_1(1.0),A,ITD3,MARRATE,2025,2.8,p,,,TIPO_DATO15__MARRATE_N1,,,
IT1:22_293_DF_DCIS_INDDEMOG1_1(1.0),A,ITD31,MARRATE,2015,3.7,,,,TIPO_DATO15__MARRATE_N1,,,
IT1:22_293_DF_DCIS_INDDEMOG1_1(1.0),A,ITD31,MARRATE,2016,3.9,,,,TIPO_DATO15__MARRATE_N1,,,
IT1:22_293_DF_DCIS_INDDEMOG1_1(1.0),A,ITD31,MARRATE,2017,3.7,,,,TIPO_DATO15__MARRATE_N1,,,
IT1:22_293_DF_DCIS_INDDEMOG1_1(1.0),A,ITD31,MARRATE,2018,3.8,,,,TIPO_DATO15__MARRATE_N1,,,
IT1:22_293_DF_DCIS_INDDEMOG1_1(1.0),A,ITD31,MARRATE,2019,3.4,,,,TIPO_DATO15__MARRATE_N1,,,
IT1:22_293_DF_DCIS_INDDEMOG1_1(1.0),A,ITD31,MARRATE,2020,1.9,,,,TIPO_DATO15__MARRATE_N1,,,
IT1:22_293_DF_DCIS_INDDEMOG1_1(1.0),A,ITD31,MARRATE,2021,3.1,,,,TIPO_DATO15__MARRATE_N1,,,
IT1:22_293_DF_DCIS_INDDEMOG1_1(1.0),A,ITD31,MARRATE,2022,3.5,,,,TIPO_DATO15__MARRATE_N1,,,
IT1:22_293_DF_DCIS_INDDEMOG1_1(1.0),A,ITD31,MARRATE,2023,3.4,,,,TIPO_DATO15__MARRATE_N1,,,
IT1:22_293_DF_DCIS_INDDEMOG1_1(1.0),A,ITD31,MARRATE,2024,3.2,,,,TIPO_DATO15__MARRATE_N1,,,
IT1:22_293_DF_DCIS_INDDEMOG1_1(1.0),A,ITD31,MARRATE,2025,3.3,p,,,TIPO_DATO15__MARRATE_N1,,,
IT1:22_293_DF_DCIS_INDDEMOG1_1(1.0),A,ITD32,MARRATE,2015,2.7,,,,TIPO_DATO15__MARRATE_N1,,,
IT1:22_293_DF_DCIS_INDDEMOG1_1(1.0),A,ITD32,MARRATE,2016,2.8,,,,TIPO_DATO15__MARRATE_N1,,,
IT1:22_293_DF_DCIS_INDDEMOG1_1(1.0),A,ITD32,MARRATE,2017,2.7,,,,TIPO_DATO15__MARRATE_N1,,,
IT1:22_293_DF_DCIS_INDDEMOG1_1(1.0),A,ITD32,MARRATE,2018,2.8,,,,TIPO_DATO15__MARRATE_N1,,,
IT1:22_293_DF_DCIS_INDDEMOG1_1(1.0),A,ITD32,MARRATE,2019,2.5,,,,TIPO_DATO15__MARRATE_N1,,,
IT1:22_293_DF_DCIS_INDDEMOG1_1(1.0),A,ITD32,MARRATE,2020,1.6,,,,TIPO_DATO15__MARRATE_N1,,,
IT1:22_293_DF_DCIS_INDDEMOG1_1(1.0),A,ITD32,MARRATE,2021,2.5,,,,TIPO_DATO15__MARRATE_N1,,,
IT1:22_293_DF_DCIS_INDDEMOG1_1(1.0),A,ITD32,MARRATE,2022,2.7,,,,TIPO_DATO15__MARRATE_N1,,,
IT1:22_293_DF_DCIS_INDDEMOG1_1(1.0),A,ITD32,MARRATE,2023,2.7,,,,TIPO_DATO15__MARRATE_N1,,,
IT1:22_293_DF_DCIS_INDDEMOG1_1(1.0),A,ITD32,MARRATE,2024,2.8,,,,TIPO_DATO15__MARRATE_N1,,,
IT1:22_293_DF_DCIS_INDDEMOG1_1(1.0),A,ITD32,MARRATE,2025,2.6,p,,,TIPO_DATO15__MARRATE_N1,,,
IT1:22_293_DF_DCIS_INDDEMOG1_1(1.0),A,ITD33,MARRATE,2015,2.5,,,,TIPO_DATO15__MARRATE_N1,,,
IT1:22_293_DF_DCIS_INDDEMOG1_1(1.0),A,ITD33,MARRATE,2016,2.5,,,,TIPO_DATO15__MARRATE_N1,,,
IT1:22_293_DF_DCIS_INDDEMOG1_1(1.0),A,ITD33,MARRATE,2017,2.5,,,,TIPO_DATO15__MARRATE_N1,,,
IT1:22_293_DF_DCIS_INDDEMOG1_1(1.0),A,ITD33,MARRATE,2018,2.8,,,,TIPO_DATO15__MARRATE_N1,,,
IT1:22_293_DF_DCIS_INDDEMOG1_1(1.0),A,ITD33,MARRATE,2019,2.4,,,,TIPO_DATO15__MARRATE_N1,,,
IT1:22_293_DF_DCIS_INDDEMOG1_1(1.0),A,ITD33,MARRATE,2020,1.7,,,,TIPO_DATO15__MARRATE_N1,,,
IT1:22_293_DF_DCIS_INDDEMOG1_1(1.0),A,ITD33,MARRATE,2021,2.3,,,,TIPO_DATO15__MARRATE_N1,,,
IT1:22_293_DF_DCIS_INDDEMOG1_1(1.0),A,ITD33,MARRATE,2022,2.9,,,,TIPO_DATO15__MARRATE_N1,,,
IT1:22_293_DF_DCIS_INDDEMOG1_1(1.0),A,ITD33,MARRATE,2023,2.9,,,,TIPO_DATO15__MARRATE_N1,,,
IT1:22_293_DF_DCIS_INDDEMOG1_1(1.0),A,ITD33,MARRATE,2024,2.8,,,,TIPO_DATO15__MARRATE_N1,,,
IT1:22_293_DF_DCIS_INDDEMOG1_1(1.0),A,ITD33,MARRATE,2025,2.7,p,,,TIPO_DATO15__MARRATE_N1,,,
IT1:22_293_DF_DCIS_INDDEMOG1_1(1.0),A,ITD34,MARRATE,2015,3,,,,TIPO_DATO15__MARRATE_N1,,,
IT1:22_293_DF_DCIS_INDDEMOG1_1(1.0),A,ITD34,MARRATE,2016,2.9,,,,TIPO_DATO15__MARRATE_N1,,,
IT1:22_293_DF_DCIS_INDDEMOG1_1(1.0),A,ITD34,MARRATE,2017,2.7,,,,TIPO_DATO15__MARRATE_N1,,,
IT1:22_293_DF_DCIS_INDDEMOG1_1(1.0),A,ITD34,MARRATE,2018,2.9,,,,TIPO_DATO15__MARRATE_N1,,,
IT1:22_293_DF_DCIS_INDDEMOG1_1(1.0),A,ITD34,MARRATE,2019,2.7,,,,TIPO_DATO15__MARRATE_N1,,,
IT1:22_293_DF_DCIS_INDDEMOG1_1(1.0),A,ITD34,MARRATE,2020,1.7,,,,TIPO_DATO15__MARRATE_N1,,,
IT1:22_293_DF_DCIS_INDDEMOG1_1(1.0),A,ITD34,MARRATE,2021,2.6,,,,TIPO_DATO15__MARRATE_N1,,,
IT1:22_293_DF_DCIS_INDDEMOG1_1(1.0),A,ITD34,MARRATE,2022,2.9,,,,TIPO_DATO15__MARRATE_N1,,,
IT1:22_293_DF_DCIS_INDDEMOG1_1(1.0),A,ITD34,MARRATE,2023,3,,,,TIPO_DATO15__MARRATE_N1,,,
IT1:22_293_DF_DCIS_INDDEMOG1_1(1.0),A,ITD34,MARRATE,2024,2.8,,,,TIPO_DATO15__MARRATE_N1,,,
IT1:22_293_DF_DCIS_INDDEMOG1_1(1.0),A,ITD34,MARRATE,2025,2.8,p,,,TIPO_DATO15__MARRATE_N1,,,
IT1:22_293_DF_DCIS_INDDEMOG1_1(1.0),A,ITD35,MARRATE,2015,3.3,,,,TIPO_DATO15__MARRATE_N1,,,
IT1:22_293_DF_DCIS_INDDEMOG1_1(1.0),A,ITD35,MARRATE,2016,3.5,,,,TIPO_DATO15__MARRATE_N1,,,
IT1:22_293_DF_DCIS_INDDEMOG1_1(1.0),A,ITD35,MARRATE,2017,3.1,,,,TIPO_DATO15__MARRATE_N1,,,
IT1:22_293_DF_DCIS_INDDEMOG1_1(1.0),A,ITD35,MARRATE,2018,3.2,,,,TIPO_DATO15__MARRATE_N1,,,
IT1:22_293_DF_DCIS_INDDEMOG1_1(1.0),A,ITD35,MARRATE,2019,2.9,,,,TIPO_DATO15__MARRATE_N1,,,
IT1:22_293_DF_DCIS_INDDEMOG1_1(1.0),A,ITD35,MARRATE,2020,1.8,,,,TIPO_DATO15__MARRATE_N1,,,
IT1:22_293_DF_DCIS_INDDEMOG1_1(1.0),A,ITD35,MARRATE,2021,2.8,,,,TIPO_DATO15__MARRATE_N1,,,
IT1:22_293_DF_DCIS_INDDEMOG1_1(1.0),A,ITD35,MARRATE,2022,3.2,,,,TIPO_DATO15__MARRATE_N1,,,
IT1:22_293_DF_DCIS_INDDEMOG1_1(1.0),A,ITD35,MARRATE,2023,2.9,,,,TIPO_DATO15__MARRATE_N1,,,
IT1:22_293_DF_DCIS_INDDEMOG1_1(1.0),A,ITD35,MARRATE,2024,2.8,,,,TIPO_DATO15__MARRATE_N1,,,
IT1:22_293_DF_DCIS_INDDEMOG1_1(1.0),A,ITD35,MARRATE,2025,2.8,p,,,TIPO_DATO15__MARRATE_N1,,,
IT1:22_293_DF_DCIS_INDDEMOG1_1(1.0),A,ITD36,MARRATE,2015,2.8,,,,TIPO_DATO15__MARRATE_N1,,,
IT1:22_293_DF_DCIS_INDDEMOG1_1(1.0),A,ITD36,MARRATE,2016,2.8,,,,TIPO_DATO15__MARRATE_N1,,,
IT1:22_293_DF_DCIS_INDDEMOG1_1(1.0),A,ITD36,MARRATE,2017,2.6,,,,TIPO_DATO15__MARRATE_N1,,,
IT1:22_293_DF_DCIS_INDDEMOG1_1(1.0),A,ITD36,MARRATE,2018,2.6,,,,TIPO_DATO15__MARRATE_N1,,,
IT1:22_293_DF_DCIS_INDDEMOG1_1(1.0),A,ITD36,MARRATE,2019,2.6,,,,TIPO_DATO15__MARRATE_N1,,,
IT1:22_293_DF_DCIS_INDDEMOG1_1(1.0),A,ITD36,MARRATE,2020,1.6,,,,TIPO_DATO15__MARRATE_N1,,,
IT1:22_293_DF_DCIS_INDDEMOG1_1(1.0),A,ITD36,MARRATE,2021,2.5,,,,TIPO_DATO15__MARRATE_N1,,,
IT1:22_293_DF_DCIS_INDDEMOG1_1(1.0),A,ITD36,MARRATE,2022,2.8,,,,TIPO_DATO15__MARRATE_N1,,,
IT1:22_293_DF_DCIS_INDDEMOG1_1(1.0),A,ITD36,MARRATE,2023,2.9,,,,TIPO_DATO15__MARRATE_N1,,,
IT1:22_293_DF_DCIS_INDDEMOG1_1(1.0),A,ITD36,MARRATE,2024,2.8,,,,TIPO_DATO15__MARRATE_N1,,,
IT1:22_293_DF_DCIS_INDDEMOG1_1(1.0),A,ITD36,MARRATE,2025,2.6,p,,,TIPO_DATO15__MARRATE_N1,,,
IT1:22_293_DF_DCIS_INDDEMOG1_1(1.0),A,ITD37,MARRATE,2015,2.7,,,,TIPO_DATO15__MARRATE_N1,,,
IT1:22_293_DF_DCIS_INDDEMOG1_1(1.0),A,ITD37,MARRATE,2016,2.5,,,,TIPO_DATO15__MARRATE_N1,,,
IT1:22_293_DF_DCIS_INDDEMOG1_1(1.0),A,ITD37,MARRATE,2017,2.4,,,,TIPO_DATO15__MARRATE_N1,,,
IT1:22_293_DF_DCIS_INDDEMOG1_1(1.0),A,ITD37,MARRATE,2018,2.6,,,,TIPO_DATO15__MARRATE_N1,,,
IT1:22_293_DF_DCIS_INDDEMOG1_1(1.0),A,ITD37,MARRATE,2019,2.6,,,,TIPO_DATO15__MARRATE_N1,,,
IT1:22_293_DF_DCIS_INDDEMOG1_1(1.0),A,ITD37,MARRATE,2020,1.5,,,,TIPO_DATO15__MARRATE_N1,,,
IT1:22_293_DF_DCIS_INDDEMOG1_1(1.0),A,ITD37,MARRATE,2021,2.4,,,,TIPO_DATO15__MARRATE_N1,,,
IT1:22_293_DF_DCIS_INDDEMOG1_1(1.0),A,ITD37,MARRATE,2022,2.8,,,,TIPO_DATO15__MARRATE_N1,,,
IT1:22_293_DF_DCIS_INDDEMOG1_1(1.0),A,ITD37,MARRATE,2023,2.9,,,,TIPO_DATO15__MARRATE_N1,,,
IT1:22_293_DF_DCIS_INDDEMOG1_1(1.0),A,ITD37,MARRATE,2024,2.6,,,,TIPO_DATO15__MARRATE_N1,,,
IT1:22_293_DF_DCIS_INDDEMOG1_1(1.0),A,ITD37,MARRATE,2025,2.7,p,,,TIPO_DATO15__MARRATE_N1,,,
IT1:22_293_DF_DCIS_INDDEMOG1_1(1.0),A,ITD4,MARRATE,2015,2.9,,,,TIPO_DATO15__MARRATE_N1,,,
IT1:22_293_DF_DCIS_INDDEMOG1_1(1.0),A,ITD4,MARRATE,2016,2.9,,,,TIPO_DATO15__MARRATE_N1,,,
IT1:22_293_DF_DCIS_INDDEMOG1_1(1.0),A,ITD4,MARRATE,2017,2.7,,,,TIPO_DATO15__MARRATE_N1,,,
IT1:22_293_DF_DCIS_INDDEMOG1_1(1.0),A,ITD4,MARRATE,2018,2.8,,,,TIPO_DATO15__MARRATE_N1,,,
IT1:22_293_DF_DCIS_INDDEMOG1_1(1.0),A,ITD4,MARRATE,2019,2.7,,,,TIPO_DATO15__MARRATE_N1,,,
IT1:22_293_DF_DCIS_INDDEMOG1_1(1.0),A,ITD4,MARRATE,2020,1.7,,,,TIPO_DATO15__MARRATE_N1,,,
IT1:22_293_DF_DCIS_INDDEMOG1_1(1.0),A,ITD4,MARRATE,2021,2.5,,,,TIPO_DATO15__MARRATE_N1,,,
IT1:22_293_DF_DCIS_INDDEMOG1_1(1.0),A,ITD4,MARRATE,2022,2.8,,,,TIPO_DATO15__MARRATE_N1,,,
IT1:22_293_DF_DCIS_INDDEMOG1_1(1.0),A,ITD4,MARRATE,2023,2.8,,,,TIPO_DATO15__MARRATE_N1,,,
IT1:22_293_DF_DCIS_INDDEMOG1_1(1.0),A,ITD4,MARRATE,2024,2.8,,,,TIPO_DATO15__MARRATE_N1,,,
IT1:22_293_DF_DCIS_INDDEMOG1_1(1.0),A,ITD4,MARRATE,2025,2.8,p,,,TIPO_DATO15__MARRATE_N1,,,
IT1:22_293_DF_DCIS_INDDEMOG1_1(1.0),A,ITD41,MARRATE,2015,2.7,,,,TIPO_DATO15__MARRATE_N1,,,
IT1:22_293_DF_DCIS_INDDEMOG1_1(1.0),A,ITD41,MARRATE,2016,2.8,,,,TIPO_DATO15__MARRATE_N1,,,
IT1:22_293_DF_DCIS_INDDEMOG1_1(1.0),A,ITD41,MARRATE,2017,2.6,,,,TIPO_DATO15__MARRATE_N1,,,
IT1:22_293_DF_DCIS_INDDEMOG1_1(1.0),A,ITD41,MARRATE,2018,2.6,,,,TIPO_DATO15__MARRATE_N1,,,
IT1:22_293_DF_DCIS_INDDEMOG1_1(1.0),A,ITD41,MARRATE,2019,2.6,,,,TIPO_DATO15__MARRATE_N1,,,
IT1:22_293_DF_DCIS_INDDEMOG1_1(1.0),A,ITD41,MARRATE,2020,1.6,,,,TIPO_DATO15__MARRATE_N1,,,
IT1:22_293_DF_DCIS_INDDEMOG1_1(1.0),A,ITD41,MARRATE,2021,2.5,,,,TIPO_DATO15__MARRATE_N1,,,
IT1:22_293_DF_DCIS_INDDEMOG1_1(1.0),A,ITD41,MARRATE,2022,2.7,,,,TIPO_DATO15__MARRATE_N1,,,
IT1:22_293_DF_DCIS_INDDEMOG1_1(1.0),A,ITD41,MARRATE,2023,2.7,,,,TIPO_DATO15__MARRATE_N1,,,
IT1:22_293_DF_DCIS_INDDEMOG1_1(1.0),A,ITD41,MARRATE,2024,2.6,,,,TIPO_DATO15__MARRATE_N1,,,
IT1:22_293_DF_DCIS_INDDEMOG1_1(1.0),A,ITD41,MARRATE,2025,2.7,p,,,TIPO_DATO15__MARRATE_N1,,,
IT1:22_293_DF_DCIS_INDDEMOG1_1(1.0),A,ITD42,MARRATE,2015,2.9,,,,TIPO_DATO15__MARRATE_N1,,,
IT1:22_293_DF_DCIS_INDDEMOG1_1(1.0),A,ITD42,MARRATE,2016,2.9,,,,TIPO_DATO15__MARRATE_N1,,,
IT1:22_293_DF_DCIS_INDDEMOG1_1(1.0),A,ITD42,MARRATE,2017,2.6,,,,TIPO_DATO15__MARRATE_N1,,,
IT1:22_293_DF_DCIS_INDDEMOG1_1(1.0),A,ITD42,MARRATE,2018,2.6,,,,TIPO_DATO15__MARRATE_N1,,,
IT1:22_293_DF_DCIS_INDDEMOG1_1(1.0),A,ITD42,MARRATE,2019,2.6,,,,TIPO_DATO15__MARRATE_N1,,,
IT1:22_293_DF_DCIS_INDDEMOG1_1(1.0),A,ITD42,MARRATE,2020,1.6,,,,TIPO_DATO15__MARRATE_N1,,,
IT1:22_293_DF_DCIS_INDDEMOG1_1(1.0),A,ITD42,MARRATE,2021,2.5,,,,TIPO_DATO15__MARRATE_N1,,,
IT1:22_293_DF_DCIS_INDDEMOG1_1(1.0),A,ITD42,MARRATE,2022,2.6,,,,TIPO_DATO15__MARRATE_N1,,,
IT1:22_293_DF_DCIS_INDDEMOG1_1(1.0),A,ITD42,MARRATE,2023,2.6,,,,TIPO_DATO15__MARRATE_N1,,,
IT1:22_293_DF_DCIS_INDDEMOG1_1(1.0),A,ITD42,MARRATE,2024,2.7,,,,TIPO_DATO15__MARRATE_N1,,,
IT1:22_293_DF_DCIS_INDDEMOG1_1(1.0),A,ITD42,MARRATE,2025,2.6,p,,,TIPO_DATO15__MARRATE_N1,,,
IT1:22_293_DF_DCIS_INDDEMOG1_1(1.0),A,ITD43,MARRATE,2015,2.9,,,,TIPO_DATO15__MARRATE_N1,,,
IT1:22_293_DF_DCIS_INDDEMOG1_1(1.0),A,ITD43,MARRATE,2016,3.1,,,,TIPO_DATO15__MARRATE_N1,,,
IT1:22_293_DF_DCIS_INDDEMOG1_1(1.0),A,ITD43,MARRATE,2017,2.8,,,,TIPO_DATO15__MARRATE_N1,,,
IT1:22_293_DF_DCIS_INDDEMOG1_1(1.0),A,ITD43,MARRATE,2018,3,,,,TIPO_DATO15__MARRATE_N1,,,
IT1:22_293_DF_DCIS_INDDEMOG1_1(1.0),A,ITD43,MARRATE,2019,3,,,,TIPO_DATO15__MARRATE_N1,,,
IT1:22_293_DF_DCIS_INDDEMOG1_1(1.0),A,ITD43,MARRATE,2020,1.7,,,,TIPO_DATO15__MARRATE_N1,,,
IT1:22_293_DF_DCIS_INDDEMOG1_1(1.0),A,ITD43,MARRATE,2021,2.7,,,,TIPO_DATO15__MARRATE_N1,,,
IT1:22_293_DF_DCIS_INDDEMOG1_1(1.0),A,ITD43,MARRATE,2022,3.1,,,,TIPO_DATO15__MARRATE_N1,,,
IT1:22_293_DF_DCIS_INDDEMOG1_1(1.0),A,ITD43,MARRATE,2023,3.1,,,,TIPO_DATO15__MARRATE_N1,,,
IT1:22_293_DF_DCIS_INDDEMOG1_1(1.0),A,ITD43,MARRATE,2024,3,,,,TIPO_DATO15__MARRATE_N1,,,
IT1:22_293_DF_DCIS_INDDEMOG1_1(1.0),A,ITD43,MARRATE,2025,3.1,p,,,TIPO_DATO15__MARRATE_N1,,,
IT1:22_293_DF_DCIS_INDDEMOG1_1(1.0),A,ITD44,MARRATE,2015,3.3,,,,TIPO_DATO15__MARRATE_N1,,,
IT1:22_293_DF_DCIS_INDDEMOG1_1(1.0),A,ITD44,MARRATE,2016,3.1,,,,TIPO_DATO15__MARRATE_N1,,,
IT1:22_293_DF_DCIS_INDDEMOG1_1(1.0),A,ITD44,MARRATE,2017,3,,,,TIPO_DATO15__MARRATE_N1,,,
IT1:22_293_DF_DCIS_INDDEMOG1_1(1.0),A,ITD44,MARRATE,2018,3.2,,,,TIPO_DATO15__MARRATE_N1,,,
IT1:22_293_DF_DCIS_INDDEMOG1_1(1.0),A,ITD44,MARRATE,2019,2.9,,,,TIPO_DATO15__MARRATE_N1,,,
IT1:22_293_DF_DCIS_INDDEMOG1_1(1.0),A,ITD44,MARRATE,2020,2,,,,TIPO_DATO15__MARRATE_N1,,,
IT1:22_293_DF_DCIS_INDDEMOG1_1(1.0),A,ITD44,MARRATE,2021,2.6,,,,TIPO_DATO15__MARRATE_N1,,,
IT1:22_293_DF_DCIS_INDDEMOG1_1(1.0),A,ITD44,MARRATE,2022,3.2,,,,TIPO_DATO15__MARRATE_N1,,,
IT1:22_293_DF_DCIS_INDDEMOG1_1(1.0),A,ITD44,MARRATE,2023,3.2,,,,TIPO_DATO15__MARRATE_N1,,,
IT1:22_293_DF_DCIS_INDDEMOG1_1(1.0),A,ITD44,MARRATE,2024,3.1,,,,TIPO_DATO15__MARRATE_N1,,,
IT1:22_293_DF_DCIS_INDDEMOG1_1(1.0),A,ITD44,MARRATE,2025,3,p,,,TIPO_DATO15__MARRATE_N1,,,
IT1:22_293_DF_DCIS_INDDEMOG1_1(1.0),A,ITD5,MARRATE,2015,2.8,,,,TIPO_DATO15__MARRATE_N1,,,
IT1:22_293_DF_DCIS_INDDEMOG1_1(1.0),A,ITD5,MARRATE,2016,2.9,,,,TIPO_DATO15__MARRATE_N1,,,
IT1:22_293_DF_DCIS_INDDEMOG1_1(1.0),A,ITD5,MARRATE,2017,2.7,,,,TIPO_DATO15__MARRATE_N1,,,
IT1:22_293_DF_DCIS_INDDEMOG1_1(1.0),A,ITD5,MARRATE,2018,2.8,,,,TIPO_DATO15__MARRATE_N1,,,
IT1:22_293_DF_DCIS_INDDEMOG1_1(1.0),A,ITD5,MARRATE,2019,2.7,,,,TIPO_DATO15__MARRATE_N1,,,
IT1:22_293_DF_DCIS_INDDEMOG1_1(1.0),A,ITD5,MARRATE,2020,1.7,,,,TIPO_DATO15__MARRATE_N1,,,
IT1:22_293_DF_DCIS_INDDEMOG1_1(1.0),A,ITD5,MARRATE,2021,2.6,,,,TIPO_DATO15__MARRATE_N1,,,
IT1:22_293_DF_DCIS_INDDEMOG1_1(1.0),A,ITD5,MARRATE,2022,3,,,,TIPO_DATO15__MARRATE_N1,,,
IT1:22_293_DF_DCIS_INDDEMOG1_1(1.0),A,ITD5,MARRATE,2023,3,,,,TIPO_DATO15__MARRATE_N1,,,
IT1:22_293_DF_DCIS_INDDEMOG1_1(1.0),A,ITD5,MARRATE,2024,2.8,,,,TIPO_DATO15__MARRATE_N1,,,
IT1:22_293_DF_DCIS_INDDEMOG1_1(1.0),A,ITD5,MARRATE,2025,2.7,p,,,TIPO_DATO15__MARRATE_N1,,,
IT1:22_293_DF_DCIS_INDDEMOG1_1(1.0),A,ITD51,MARRATE,2015,3.2,,,,TIPO_DATO15__MARRATE_N1,,,
IT1:22_293_DF_DCIS_INDDEMOG1_1(1.0),A,ITD51,MARRATE,2016,3.3,,,,TIPO_DATO15__MARRATE_N1,,,
IT1:22_293_DF_DCIS_INDDEMOG1_1(1.0),A,ITD51,MARRATE,2017,3.1,,,,TIPO_DATO15__MARRATE_N1,,,
IT1:22_293_DF_DCIS_INDDEMOG1_1(1.0),A,ITD51,MARRATE,2018,2.9,,,,TIPO_DATO15__MARRATE_N1,,,
IT1:22_293_DF_DCIS_INDDEMOG1_1(1.0),A,ITD51,MARRATE,2019,3.2,,,,TIPO_DATO15__MARRATE_N1,,,
IT1:22_293_DF_DCIS_INDDEMOG1_1(1.0),A,ITD51,MARRATE,2020,1.8,,,,TIPO_DATO15__MARRATE_N1,,,
IT1:22_293_DF_DCIS_INDDEMOG1_1(1.0),A,ITD51,MARRATE,2021,3.1,,,,TIPO_DATO15__MARRATE_N1,,,
IT1:22_293_DF_DCIS_INDDEMOG1_1(1.0),A,ITD51,MARRATE,2022,3.6,,,,TIPO_DATO15__MARRATE_N1,,,
IT1:22_293_DF_DCIS_INDDEMOG1_1(1.0),A,ITD51,MARRATE,2023,3.4,,,,TIPO_DATO15__MARRATE_N1,,,
IT1:22_293_DF_DCIS_INDDEMOG1_1(1.0),A,ITD51,MARRATE,2024,3.1,,,,TIPO_DATO15__MARRATE_N1,,,
IT1:22_293_DF_DCIS_INDDEMOG1_1(1.0),A,ITD51,MARRATE,2025,3,p,,,TIPO_DATO15__MARRATE_N1,,,
IT1:22_293_DF_DCIS_INDDEMOG1_1(1.0),A,ITD52,MARRATE,2015,2.7,,,,TIPO_DATO15__MARRATE_N1,,,
IT1:22_293_DF_DCIS_INDDEMOG1_1(1.0),A,ITD52,MARRATE,2016,2.9,,,,TIPO_DATO15__MARRATE_N1,,,
IT1:22_293_DF_DCIS_INDDEMOG1_1(1.0),A,ITD52,MARRATE,2017,2.7,,,,TIPO_DATO15__MARRATE_N1,,,
IT1:22_293_DF_DCIS_INDDEMOG1_1(1.0),A,ITD52,MARRATE,2018,2.6,,,,TIPO_DATO15__MARRATE_N1,,,
IT1:22_293_DF_DCIS_INDDEMOG1_1(1.0),A,ITD52,MARRATE,2019,2.5,,,,TIPO_DATO15__MARRATE_N1,,,
IT1:22_293_DF_DCIS_INDDEMOG1_1(1.0),A,ITD52,MARRATE,2020,1.6,,,,TIPO_DATO15__MARRATE_N1,,,
IT1:22_293_DF_DCIS_INDDEMOG1_1(1.0),A,ITD52,MARRATE,2021,2.6,,,,TIPO_DATO15__MARRATE_N1,,,
IT1:22_293_DF_DCIS_INDDEMOG1_1(1.0),A,ITD52,MARRATE,2022,2.8,,,,TIPO_DATO15__MARRATE_N1,,,
IT1:22_293_DF_DCIS_INDDEMOG1_1(1.0),A,ITD52,MARRATE,2023,2.8,,,,TIPO_DATO15__MARRATE_N1,,,
IT1:22_293_DF_DCIS_INDDEMOG1_1(1.0),A,ITD52,MARRATE,2024,2.6,,,,TIPO_DATO15__MARRATE_N1,,,
IT1:22_293_DF_DCIS_INDDEMOG1_1(1.0),A,ITD52,MARRATE,2025,2.5,p,,,TIPO_DATO15__MARRATE_N1,,,
IT1:22_293_DF_DCIS_INDDEMOG1_1(1.0),A,ITD53,MARRATE,2015,2.6,,,,TIPO_DATO15__MARRATE_N1,,,
IT1:22_293_DF_DCIS_INDDEMOG1_1(1.0),A,ITD53,MARRATE,2016,2.7,,,,TIPO_DATO15__MARRATE_N1,,,
IT1:22_293_DF_DCIS_INDDEMOG1_1(1.0),A,ITD53,MARRATE,2017,2.7,,,,TIPO_DATO15__MARRATE_N1,,,
IT1:22_293_DF_DCIS_INDDEMOG1_1(1.0),A,ITD53,MARRATE,2018,2.8,,,,TIPO_DATO15__MARRATE_N1,,,
IT1:22_293_DF_DCIS_INDDEMOG1_1(1.0),A,ITD53,MARRATE,2019,2.7,,,,TIPO_DATO15__MARRATE_N1,,,
IT1:22_293_DF_DCIS_INDDEMOG1_1(1.0),A,ITD53,MARRATE,2020,1.7,,,,TIPO_DATO15__MARRATE_N1,,,
IT1:22_293_DF_DCIS_INDDEMOG1_1(1.0),A,ITD53,MARRATE,2021,2.7,,,,TIPO_DATO15__MARRATE_N1,,,
IT1:22_293_DF_DCIS_INDDEMOG1_1(1.0),A,ITD53,MARRATE,2022,2.8,,,,TIPO_DATO15__MARRATE_N1,,,
IT1:22_293_DF_DCIS_INDDEMOG1_1(1.0),A,ITD53,MARRATE,2023,3,,,,TIPO_DATO15__MARRATE_N1,,,
IT1:22_293_DF_DCIS_INDDEMOG1_1(1.0),A,ITD53,MARRATE,2024,2.6,,,,TIPO_DATO15__MARRATE_N1,,,
IT1:22_293_DF_DCIS_INDDEMOG1_1(1.0),A,ITD53,MARRATE,2025,2.8,p,,,TIPO_DATO15__MARRATE_N1,,,
IT1:22_293_DF_DCIS_INDDEMOG1_1(1.0),A,ITD54,MARRATE,2015,2.7,,,,TIPO_DATO15__MARRATE_N1,,,
IT1:22_293_DF_DCIS_INDDEMOG1_1(1.0),A,ITD54,MARRATE,2016,2.8,,,,TIPO_DATO15__MARRATE_N1,,,
IT1:22_293_DF_DCIS_INDDEMOG1_1(1.0),A,ITD54,MARRATE,2017,2.6,,,,TIPO_DATO15__MARRATE_N1,,,
IT1:22_293_DF_DCIS_INDDEMOG1_1(1.0),A,ITD54,MARRATE,2018,2.6,,,,TIPO_DATO15__MARRATE_N1,,,
IT1:22_293_DF_DCIS_INDDEMOG1_1(1.0),A,ITD54,MARRATE,2019,2.7,,,,TIPO_DATO15__MARRATE_N1,,,
IT1:22_293_DF_DCIS_INDDEMOG1_1(1.0),A,ITD54,MARRATE,2020,1.6,,,,TIPO_DATO15__MARRATE_N1,,,
IT1:22_293_DF_DCIS_INDDEMOG1_1(1.0),A,ITD54,MARRATE,2021,2.5,,,,TIPO_DATO15__MARRATE_N1,,,
IT1:22_293_DF_DCIS_INDDEMOG1_1(1.0),A,ITD54,MARRATE,2022,2.9,,,,TIPO_DATO15__MARRATE_N1,,,
IT1:22_293_DF_DCIS_INDDEMOG1_1(1.0),A,ITD54,MARRATE,2023,2.8,,,,TIPO_DATO15__MARRATE_N1,,,
IT1:22_293_DF_DCIS_INDDEMOG1_1(1.0),A,ITD54,MARRATE,2024,2.7,,,,TIPO_DATO15__MARRATE_N1,,,
IT1:22_293_DF_DCIS_INDDEMOG1_1(1.0),A,ITD54,MARRATE,2025,2.7,p,,,TIPO_DATO15__MARRATE_N1,,,
IT1:22_293_DF_DCIS_INDDEMOG1_1(1.0),A,ITD55,MARRATE,2015,2.8,,,,TIPO_DATO15__MARRATE_N1,,,
IT1:22_293_DF_DCIS_INDDEMOG1_1(1.0),A,ITD55,MARRATE,2016,2.9,,,,TIPO_DATO15__MARRATE_N1,,,
IT1:22_293_DF_DCIS_INDDEMOG1_1(1.0),A,ITD55,MARRATE,2017,2.7,,,,TIPO_DATO15__MARRATE_N1,,,
IT1:22_293_DF_DCIS_INDDEMOG1_1(1.0),A,ITD55,MARRATE,2018,2.8,,,,TIPO_DATO15__MARRATE_N1,,,
IT1:22_293_DF_DCIS_INDDEMOG1_1(1.0),A,ITD55,MARRATE,2019,2.6,,,,TIPO_DATO15__MARRATE_N1,,,
IT1:22_293_DF_DCIS_INDDEMOG1_1(1.0),A,ITD55,MARRATE,2020,1.7,,,,TIPO_DATO15__MARRATE_N1,,,
IT1:22_293_DF_DCIS_INDDEMOG1_1(1.0),A,ITD55,MARRATE,2021,2.5,,,,TIPO_DATO15__MARRATE_N1,,,
IT1:22_293_DF_DCIS_INDDEMOG1_1(1.0),A,ITD55,MARRATE,2022,2.9,,,,TIPO_DATO15__MARRATE_N1,,,
IT1:22_293_DF_DCIS_INDDEMOG1_1(1.0),A,ITD55,MARRATE,2023,2.9,,,,TIPO_DATO15__MARRATE_N1,,,
IT1:22_293_DF_DCIS_INDDEMOG1_1(1.0),A,ITD55,MARRATE,2024,2.8,,,,TIPO_DATO15__MARRATE_N1,,,
IT1:22_293_DF_DCIS_INDDEMOG1_1(1.0),A,ITD55,MARRATE,2025,2.7,p,,,TIPO_DATO15__MARRATE_N1,,,
IT1:22_293_DF_DCIS_INDDEMOG1_1(1.0),A,ITD56,MARRATE,2015,2.7,,,,TIPO_DATO15__MARRATE_N1,,,
IT1:22_293_DF_DCIS_INDDEMOG1_1(1.0),A,ITD56,MARRATE,2016,2.8,,,,TIPO_DATO15__MARRATE_N1,,,
IT1:22_293_DF_DCIS_INDDEMOG1_1(1.0),A,ITD56,MARRATE,2017,2.8,,,,TIPO_DATO15__MARRATE_N1,,,
IT1:22_293_DF_DCIS_INDDEMOG1_1(1.0),A,ITD56,MARRATE,2018,2.9,,,,TIPO_DATO15__MARRATE_N1,,,
IT1:22_293_DF_DCIS_INDDEMOG1_1(1.0),A,ITD56,MARRATE,2019,2.9,,,,TIPO_DATO15__MARRATE_N1,,,
IT1:22_293_DF_DCIS_INDDEMOG1_1(1.0),A,ITD56,MARRATE,2020,1.6,,,,TIPO_DATO15__MARRATE_N1,,,
IT1:22_293_DF_DCIS_INDDEMOG1_1(1.0),A,ITD56,MARRATE,2021,2.6,,,,TIPO_DATO15__MARRATE_N1,,,
IT1:22_293_DF_DCIS_INDDEMOG1_1(1.0),A,ITD56,MARRATE,2022,2.8,,,,TIPO_DATO15__MARRATE_N1,,,
IT1:22_293_DF_DCIS_INDDEMOG1_1(1.0),A,ITD56,MARRATE,2023,3,,,,TIPO_DATO15__MARRATE_N1,,,
IT1:22_293_DF_DCIS_INDDEMOG1_1(1.0),A,ITD56,MARRATE,2024,2.8,,,,TIPO_DATO15__MARRATE_N1,,,
IT1:22_293_DF_DCIS_INDDEMOG1_1(1.0),A,ITD56,MARRATE,2025,2.9,p,,,TIPO_DATO15__MARRATE_N1,,,
IT1:22_293_DF_DCIS_INDDEMOG1_1(1.0),A,ITD57,MARRATE,2015,3,,,,TIPO_DATO15__MARRATE_N1,,,
IT1:22_293_DF_DCIS_INDDEMOG1_1(1.0),A,ITD57,MARRATE,2016,3.1,,,,TIPO_DATO15__MARRATE_N1,,,
IT1:22_293_DF_DCIS_INDDEMOG1_1(1.0),A,ITD57,MARRATE,2017,2.8,,,,TIPO_DATO15__MARRATE_N1,,,
IT1:22_293_DF_DCIS_INDDEMOG1_1(1.0),A,ITD57,MARRATE,2018,3,,,,TIPO_DATO15__MARRATE_N1,,,
IT1:22_293_DF_DCIS_INDDEMOG1_1(1.0),A,ITD57,MARRATE,2019,2.9,,,,TIPO_DATO15__MARRATE_N1,,,
IT1:22_293_DF_DCIS_INDDEMOG1_1(1.0),A,ITD57,MARRATE,2020,1.9,,,,TIPO_DATO15__MARRATE_N1,,,
IT1:22_293_DF_DCIS_INDDEMOG1_1(1.0),A,ITD57,MARRATE,2021,2.9,,,,TIPO_DATO15__MARRATE_N1,,,
IT1:22_293_DF_DCIS_INDDEMOG1_1(1.0),A,ITD57,MARRATE,2022,3,,,,TIPO_DATO15__MARRATE_N1,,,
IT1:22_293_DF_DCIS_INDDEMOG1_1(1.0),A,ITD57,MARRATE,2023,3.1,,,,TIPO_DATO15__MARRATE_N1,,,
IT1:22_293_DF_DCIS_INDDEMOG1_1(1.0),A,ITD57,MARRATE,2024,2.9,,,,TIPO_DATO15__MARRATE_N1,,,
IT1:22_293_DF_DCIS_INDDEMOG1_1(1.0),A,ITD57,MARRATE,2025,3,p,,,TIPO_DATO15__MARRATE_N1,,,
IT1:22_293_DF_DCIS_INDDEMOG1_1(1.0),A,ITD58,MARRATE,2015,2.8,,,,TIPO_DATO15__MARRATE_N1,,,
IT1:22_293_DF_DCIS_INDDEMOG1_1(1.0),A,ITD58,MARRATE,2016,2.8,,,,TIPO_DATO15__MARRATE_N1,,,
IT1:22_293_DF_DCIS_INDDEMOG1_1(1.0),A,ITD58,MARRATE,2017,2.5,,,,TIPO_DATO15__MARRATE_N1,,,
IT1:22_293_DF_DCIS_INDDEMOG1_1(1.0),A,ITD58,MARRATE,2018,2.6,,,,TIPO_DATO15__MARRATE_N1,,,
IT1:22_293_DF_DCIS_INDDEMOG1_1(1.0),A,ITD58,MARRATE,2019,2.4,,,,TIPO_DATO15__MARRATE_N1,,,
IT1:22_293_DF_DCIS_INDDEMOG1_1(1.0),A,ITD58,MARRATE,2020,1.7,,,,TIPO_DATO15__MARRATE_N1,,,
IT1:22_293_DF_DCIS_INDDEMOG1_1(1.0),A,ITD58,MARRATE,2021,2.7,,,,TIPO_DATO15__MARRATE_N1,,,
IT1:22_293_DF_DCIS_INDDEMOG1_1(1.0),A,ITD58,MARRATE,2022,3,,,,TIPO_DATO15__MARRATE_N1,,,
IT1:22_293_DF_DCIS_INDDEMOG1_1(1.0),A,ITD58,MARRATE,2023,2.9,,,,TIPO_DATO15__MARRATE_N1,,,
IT1:22_293_DF_DCIS_INDDEMOG1_1(1.0),A,ITD58,MARRATE,2024,2.6,,,,TIPO_DATO15__MARRATE_N1,,,
IT1:22_293_DF_DCIS_INDDEMOG1_1(1.0),A,ITD58,MARRATE,2025,2.6,p,,,TIPO_DATO15__MARRATE_N1,,,
IT1:22_293_DF_DCIS_INDDEMOG1_1(1.0),A,ITD59,MARRATE,2015,3.1,,,,TIPO_DATO15__MARRATE_N1,,,
IT1:22_293_DF_DCIS_INDDEMOG1_1(1.0),A,ITD59,MARRATE,2016,3.2,,,,TIPO_DATO15__MARRATE_N1,,,
IT1:22_293_DF_DCIS_INDDEMOG1_1(1.0),A,ITD59,MARRATE,2017,2.8,,,,TIPO_DATO15__MARRATE_N1,,,
IT1:22_293_DF_DCIS_INDDEMOG1_1(1.0),A,ITD59,MARRATE,2018,3,,,,TIPO_DATO15__MARRATE_N1,,,
IT1:22_293_DF_DCIS_INDDEMOG1_1(1.0),A,ITD59,MARRATE,2019,3,,,,TIPO_DATO15__MARRATE_N1,,,
IT1:22_293_DF_DCIS_INDDEMOG1_1(1.0),A,ITD59,MARRATE,2020,1.7,,,,TIPO_DATO15__MARRATE_N1,,,
IT1:22_293_DF_DCIS_INDDEMOG1_1(1.0),A,ITD59,MARRATE,2021,2.6,,,,TIPO_DATO15__MARRATE_N1,,,
IT1:22_293_DF_DCIS_INDDEMOG1_1(1.0),A,ITD59,MARRATE,2022,3,,,,TIPO_DATO15__MARRATE_N1,,,
IT1:22_293_DF_DCIS_INDDEMOG1_1(1.0),A,ITD59,MARRATE,2023,2.9,,,,TIPO_DATO15__MARRATE_N1,,,
IT1:22_293_DF_DCIS_INDDEMOG1_1(1.0),A,ITD59,MARRATE,2024,2.7,,,,TIPO_DATO15__MARRATE_N1,,,
IT1:22_293_DF_DCIS_INDDEMOG1_1(1.0),A,ITD59,MARRATE,2025,2.7,p,,,TIPO_DATO15__MARRATE_N1,,,
IT1:22_293_DF_DCIS_INDDEMOG1_1(1.0),A,ITDA,MARRATE,2015,3.5,,,,TIPO_DATO15__MARRATE_N1,,,
IT1:22_293_DF_DCIS_INDDEMOG1_1(1.0),A,ITDA,MARRATE,2016,3.5,,,,TIPO_DATO15__MARRATE_N1,,,
IT1:22_293_DF_DCIS_INDDEMOG1_1(1.0),A,ITDA,MARRATE,2017,3.4,,,,TIPO_DATO15__MARRATE_N1,,,
IT1:22_293_DF_DCIS_INDDEMOG1_1(1.0),A,ITDA,MARRATE,2018,3.6,,,,TIPO_DATO15__MARRATE_N1,,,
IT1:22_293_DF_DCIS_INDDEMOG1_1(1.0),A,ITDA,MARRATE,2019,3.4,,,,TIPO_DATO15__MARRATE_N1,,,
IT1:22_293_DF_DCIS_INDDEMOG1_1(1.0),A,ITDA,MARRATE,2020,2.4,,,,TIPO_DATO15__MARRATE_N1,,,
IT1:22_293_DF_DCIS_INDDEMOG1_1(1.0),A,ITDA,MARRATE,2021,3.2,,,,TIPO_DATO15__MARRATE_N1,,,
IT1:22_293_DF_DCIS_INDDEMOG1_1(1.0),A,ITDA,MARRATE,2022,3.6,,,,TIPO_DATO15__MARRATE_N1,,,
IT1:22_293_DF_DCIS_INDDEMOG1_1(1.0),A,ITDA,MARRATE,2023,3.5,,,,TIPO_DATO15__MARRATE_N1,,,
IT1:22_293_DF_DCIS_INDDEMOG1_1(1.0),A,ITDA,MARRATE,2024,3.5,,,,TIPO_DATO15__MARRATE_N1,,,
IT1:22_293_DF_DCIS_INDDEMOG1_1(1.0),A,ITDA,MARRATE,2025,3.5,p,,,TIPO_DATO15__MARRATE_N1,,,
IT1:22_293_DF_DCIS_INDDEMOG1_1(1.0),A,ITE,MARRATE,2015,3,,,,TIPO_DATO15__MARRATE_N1,,,
IT1:22_293_DF_DCIS_INDDEMOG1_1(1.0),A,ITE,MARRATE,2016,3.1,,,,TIPO_DATO15__MARRATE_N1,,,
IT1:22_293_DF_DCIS_INDDEMOG1_1(1.0),A,ITE,MARRATE,2017,3,,,,TIPO_DATO15__MARRATE_N1,,,
IT1:22_293_DF_DCIS_INDDEMOG1_1(1.0),A,ITE,MARRATE,2018,3,,,,TIPO_DATO15__MARRATE_N1,,,
IT1:22_293_DF_DCIS_INDDEMOG1_1(1.0),A,ITE,MARRATE,2019,2.8,,,,TIPO_DATO15__MARRATE_N1,,,
IT1:22_293_DF_DCIS_INDDEMOG1_1(1.0),A,ITE,MARRATE,2020,1.5,,,,TIPO_DATO15__MARRATE_N1,,,
IT1:22_293_DF_DCIS_INDDEMOG1_1(1.0),A,ITE,MARRATE,2021,2.6,,,,TIPO_DATO15__MARRATE_N1,,,
IT1:22_293_DF_DCIS_INDDEMOG1_1(1.0),A,ITE,MARRATE,2022,3,,,,TIPO_DATO15__MARRATE_N1,,,
IT1:22_293_DF_DCIS_INDDEMOG1_1(1.0),A,ITE,MARRATE,2023,3,,,,TIPO_DATO15__MARRATE_N1,,,
IT1:22_293_DF_DCIS_INDDEMOG1_1(1.0),A,ITE,MARRATE,2024,2.8,,,,TIPO_DATO15__MARRATE_N1,,,
IT1:22_293_DF_DCIS_INDDEMOG1_1(1.0),A,ITE,MARRATE,2025,2.7,p,,,TIPO_DATO15__MARRATE_N1,,,
IT1:22_293_DF_DCIS_INDDEMOG1_1(1.0),A,ITE1,MARRATE,2015,3.1,,,,TIPO_DATO15__MARRATE_N1,,,
IT1:22_293_DF_DCIS_INDDEMOG1_1(1.0),A,ITE1,MARRATE,2016,3.3,,,,TIPO_DATO15__MARRATE_N1,,,
IT1:22_293_DF_DCIS_INDDEMOG1_1(1.0),A,ITE1,MARRATE,2017,3.2,,,,TIPO_DATO15__MARRATE_N1,,,
IT1:22_293_DF_DCIS_INDDEMOG1_1(1.0),A,ITE1,MARRATE,2018,3.2,,,,TIPO_DATO15__MARRATE_N1,,,
IT1:22_293_DF_DCIS_INDDEMOG1_1(1.0),A,ITE1,MARRATE,2019,3,,,,TIPO_DATO15__MARRATE_N1,,,
IT1:22_293_DF_DCIS_INDDEMOG1_1(1.0),A,ITE1,MARRATE,2020,1.6,,,,TIPO_DATO15__MARRATE_N1,,,
IT1:22_293_DF_DCIS_INDDEMOG1_1(1.0),A,ITE1,MARRATE,2021,2.9,,,,TIPO_DATO15__MARRATE_N1,,,
IT1:22_293_DF_DCIS_INDDEMOG1_1(1.0),A,ITE1,MARRATE,2022,3.3,,,,TIPO_DATO15__MARRATE_N1,,,
IT1:22_293_DF_DCIS_INDDEMOG1_1(1.0),A,ITE1,MARRATE,2023,3.2,,,,TIPO_DATO15__MARRATE_N1,,,
IT1:22_293_DF_DCIS_INDDEMOG1_1(1.0),A,ITE1,MARRATE,2024,3.1,,,,TIPO_DATO15__MARRATE_N1,,,
IT1:22_293_DF_DCIS_INDDEMOG1_1(1.0),A,ITE1,MARRATE,2025,3,p,,,TIPO_DATO15__MARRATE_N1,,,
IT1:22_293_DF_DCIS_INDDEMOG1_1(1.0),A,ITE11,MARRATE,2015,3.1,,,,TIPO_DATO15__MARRATE_N1,,,
IT1:22_293_DF_DCIS_INDDEMOG1_1(1.0),A,ITE11,MARRATE,2016,3.2,,,,TIPO_DATO15__MARRATE_N1,,,
IT1:22_293_DF_DCIS_INDDEMOG1_1(1.0),A,ITE11,MARRATE,2017,2.9,,,,TIPO_DATO15__MARRATE_N1,,,
IT1:22_293_DF_DCIS_INDDEMOG1_1(1.0),A,ITE11,MARRATE,2018,3.1,,,,TIPO_DATO15__MARRATE_N1,,,
IT1:22_293_DF_DCIS_INDDEMOG1_1(1.0),A,ITE11,MARRATE,2019,3,,,,TIPO_DATO15__MARRATE_N1,,,
IT1:22_293_DF_DCIS_INDDEMOG1_1(1.0),A,ITE11,MARRATE,2020,1.6,,,,TIPO_DATO15__MARRATE_N1,,,
IT1:22_293_DF_DCIS_INDDEMOG1_1(1.0),A,ITE11,MARRATE,2021,2.9,,,,TIPO_DATO15__MARRATE_N1,,,
IT1:22_293_DF_DCIS_INDDEMOG1_1(1.0),A,ITE11,MARRATE,2022,2.6,,,,TIPO_DATO15__MARRATE_N1,,,
IT1:22_293_DF_DCIS_INDDEMOG1_1(1.0),A,ITE11,MARRATE,2023,2.9,,,,TIPO_DATO15__MARRATE_N1,,,
IT1:22_293_DF_DCIS_INDDEMOG1_1(1.0),A,ITE11,MARRATE,2024,2.9,,,,TIPO_DATO15__MARRATE_N1,,,
IT1:22_293_DF_DCIS_INDDEMOG1_1(1.0),A,ITE11,MARRATE,2025,2.6,p,,,TIPO_DATO15__MARRATE_N1,,,
IT1:22_293_DF_DCIS_INDDEMOG1_1(1.0),A,ITE12,MARRATE,2015,3.4,,,,TIPO_DATO15__MARRATE_N1,,,
IT1:22_293_DF_DCIS_INDDEMOG1_1(1.0),A,ITE12,MARRATE,2016,3.6,,,,TIPO_DATO15__MARRATE_N1,,,
IT1:22_293_DF_DCIS_INDDEMOG1_1(1.0),A,ITE12,MARRATE,2017,3.4,,,,TIPO_DATO15__MARRATE_N1,,,
IT1:22_293_DF_DCIS_INDDEMOG1_1(1.0),A,ITE12,MARRATE,2018,3.5,,,,TIPO_DATO15__MARRATE_N1,,,
IT1:22_293_DF_DCIS_INDDEMOG1_1(1.0),A,ITE12,MARRATE,2019,3.2,,,,TIPO_DATO15__MARRATE_N1,,,
IT1:22_293_DF_DCIS_INDDEMOG1_1(1.0),A,ITE12,MARRATE,2020,1.7,,,,TIPO_DATO15__MARRATE_N1,,,
IT1:22_293_DF_DCIS_INDDEMOG1_1(1.0),A,ITE12,MARRATE,2021,3.2,,,,TIPO_DATO15__MARRATE_N1,,,
IT1:22_293_DF_DCIS_INDDEMOG1_1(1.0),A,ITE12,MARRATE,2022,3.4,,,,TIPO_DATO15__MARRATE_N1,,,
IT1:22_293_DF_DCIS_INDDEMOG1_1(1.0),A,ITE12,MARRATE,2023,3.4,,,,TIPO_DATO15__MARRATE_N1,,,
IT1:22_293_DF_DCIS_INDDEMOG1_1(1.0),A,ITE12,MARRATE,2024,3.2,,,,TIPO_DATO15__MARRATE_N1,,,
IT1:22_293_DF_DCIS_INDDEMOG1_1(1.0),A,ITE12,MARRATE,2025,3.2,p,,,TIPO_DATO15__MARRATE_N1,,,
IT1:22_293_DF_DCIS_INDDEMOG1_1(1.0),A,ITE13,MARRATE,2015,2.8,,,,TIPO_DATO15__MARRATE_N1,,,
IT1:22_293_DF_DCIS_INDDEMOG1_1(1.0),A,ITE13,MARRATE,2016,2.9,,,,TIPO_DATO15__MARRATE_N1,,,
IT1:22_293_DF_DCIS_INDDEMOG1_1(1.0),A,ITE13,MARRATE,2017,2.8,,,,TIPO_DATO15__MARRATE_N1,,,
IT1:22_293_DF_DCIS_INDDEMOG1_1(1.0),A,ITE13,MARRATE,2018,2.7,,,,TIPO_DATO15__MARRATE_N1,,,
IT1:22_293_DF_DCIS_INDDEMOG1_1(1.0),A,ITE13,MARRATE,2019,2.8,,,,TIPO_DATO15__MARRATE_N1,,,
IT1:22_293_DF_DCIS_INDDEMOG1_1(1.0),A,ITE13,MARRATE,2020,1.4,,,,TIPO_DATO15__MARRATE_N1,,,
IT1:22_293_DF_DCIS_INDDEMOG1_1(1.0),A,ITE13,MARRATE,2021,2.6,,,,TIPO_DATO15__MARRATE_N1,,,
IT1:22_293_DF_DCIS_INDDEMOG1_1(1.0),A,ITE13,MARRATE,2022,2.8,,,,TIPO_DATO15__MARRATE_N1,,,
IT1:22_293_DF_DCIS_INDDEMOG1_1(1.0),A,ITE13,MARRATE,2023,3,,,,TIPO_DATO15__MARRATE_N1,,,
IT1:22_293_DF_DCIS_INDDEMOG1_1(1.0),A,ITE13,MARRATE,2024,2.9,,,,TIPO_DATO15__MARRATE_N1,,,
IT1:22_293_DF_DCIS_INDDEMOG1_1(1.0),A,ITE13,MARRATE,2025,2.9,p,,,TIPO_DATO15__MARRATE_N1,,,
IT1:22_293_DF_DCIS_INDDEMOG1_1(1.0),A,ITE14,MARRATE,2015,3.1,,,,TIPO_DATO15__MARRATE_N1,,,
IT1:22_293_DF_DCIS_INDDEMOG1_1(1.0),A,ITE14,MARRATE,2016,3.2,,,,TIPO_DATO15__MARRATE_N1,,,
IT1:22_293_DF_DCIS_INDDEMOG1_1(1.0),A,ITE14,MARRATE,2017,3,,,,TIPO_DATO15__MARRATE_N1,,,
IT1:22_293_DF_DCIS_INDDEMOG1_1(1.0),A,ITE14,MARRATE,2018,2.9,,,,TIPO_DATO15__MARRATE_N1,,,
IT1:22_293_DF_DCIS_INDDEMOG1_1(1.0),A,ITE14,MARRATE,2019,2.8,,,,TIPO_DATO15__MARRATE_N1,,,
IT1:22_293_DF_DCIS_INDDEMOG1_1(1.0),A,ITE14,MARRATE,2020,1.6,,,,TIPO_DATO15__MARRATE_N1,,,
IT1:22_293_DF_DCIS_INDDEMOG1_1(1.0),A,ITE14,MARRATE,2021,2.7,,,,TIPO_DATO15__MARRATE_N1,,,
IT1:22_293_DF_DCIS_INDDEMOG1_1(1.0),A,ITE14,MARRATE,2022,3.1,,,,TIPO_DATO15__MARRATE_N1,,,
IT1:22_293_DF_DCIS_INDDEMOG1_1(1.0),A,ITE14,MARRATE,2023,3.1,,,,TIPO_DATO15__MARRATE_N1,,,
IT1:22_293_DF_DCIS_INDDEMOG1_1(1.0),A,ITE14,MARRATE,2024,2.9,,,,TIPO_DATO15__MARRATE_N1,,,
IT1:22_293_DF_DCIS_INDDEMOG1_1(1.0),A,ITE14,MARRATE,2025,2.9,p,,,TIPO_DATO15__MARRATE_N1,,,
IT1:22_293_DF_DCIS_INDDEMOG1_1(1.0),A,ITE15,MARRATE,2015,2.7,,,,TIPO_DATO15__MARRATE_N1,,,
IT1:22_293_DF_DCIS_INDDEMOG1_1(1.0),A,ITE15,MARRATE,2016,2.7,,,,TIPO_DATO15__MARRATE_N1,,,
IT1:22_293_DF_DCIS_INDDEMOG1_1(1.0),A,ITE15,MARRATE,2017,2.4,,,,TIPO_DATO15__MARRATE_N1,,,
IT1:22_293_DF_DCIS_INDDEMOG1_1(1.0),A,ITE15,MARRATE,2018,2.5,,,,TIPO_DATO15__MARRATE_N1,,,
IT1:22_293_DF_DCIS_INDDEMOG1_1(1.0),A,ITE15,MARRATE,2019,2.3,,,,TIPO_DATO15__MARRATE_N1,,,
IT1:22_293_DF_DCIS_INDDEMOG1_1(1.0),A,ITE15,MARRATE,2020,1.3,,,,TIPO_DATO15__MARRATE_N1,,,
IT1:22_293_DF_DCIS_INDDEMOG1_1(1.0),A,ITE15,MARRATE,2021,2.1,,,,TIPO_DATO15__MARRATE_N1,,,
IT1:22_293_DF_DCIS_INDDEMOG1_1(1.0),A,ITE15,MARRATE,2022,2.6,,,,TIPO_DATO15__MARRATE_N1,,,
IT1:22_293_DF_DCIS_INDDEMOG1_1(1.0),A,ITE15,MARRATE,2023,2.4,,,,TIPO_DATO15__MARRATE_N1,,,
IT1:22_293_DF_DCIS_INDDEMOG1_1(1.0),A,ITE15,MARRATE,2024,2.3,,,,TIPO_DATO15__MARRATE_N1,,,
IT1:22_293_DF_DCIS_INDDEMOG1_1(1.0),A,ITE15,MARRATE,2025,2.3,p,,,TIPO_DATO15__MARRATE_N1,,,
IT1:22_293_DF_DCIS_INDDEMOG1_1(1.0),A,ITE16,MARRATE,2015,3.1,,,,TIPO_DATO15__MARRATE_N1,,,
IT1:22_293_DF_DCIS_INDDEMOG1_1(1.0),A,ITE16,MARRATE,2016,3.4,,,,TIPO_DATO15__MARRATE_N1,,,
IT1:22_293_DF_DCIS_INDDEMOG1_1(1.0),A,ITE16,MARRATE,2017,3.4,,,,TIPO_DATO15__MARRATE_N1,,,
IT1:22_293_DF_DCIS_INDDEMOG1_1(1.0),A,ITE16,MARRATE,2018,3.2,,,,TIPO_DATO15__MARRATE_N1,,,
IT1:22_293_DF_DCIS_INDDEMOG1_1(1.0),A,ITE16,MARRATE,2019,3.3,,,,TIPO_DATO15__MARRATE_N1,,,
IT1:22_293_DF_DCIS_INDDEMOG1_1(1.0),A,ITE16,MARRATE,2020,1.9,,,,TIPO_DATO15__MARRATE_N1,,,
IT1:22_293_DF_DCIS_INDDEMOG1_1(1.0),A,ITE16,MARRATE,2021,3.2,,,,TIPO_DATO15__MARRATE_N1,,,
IT1:22_293_DF_DCIS_INDDEMOG1_1(1.0),A,ITE16,MARRATE,2022,3.3,,,,TIPO_DATO15__MARRATE_N1,,,
IT1:22_293_DF_DCIS_INDDEMOG1_1(1.0),A,ITE16,MARRATE,2023,3.4,,,,TIPO_DATO15__MARRATE_N1,,,
IT1:22_293_DF_DCIS_INDDEMOG1_1(1.0),A,ITE16,MARRATE,2024,3.4,,,,TIPO_DATO15__MARRATE_N1,,,
IT1:22_293_DF_DCIS_INDDEMOG1_1(1.0),A,ITE16,MARRATE,2025,3.2,p,,,TIPO_DATO15__MARRATE_N1,,,
IT1:22_293_DF_DCIS_INDDEMOG1_1(1.0),A,ITE17,MARRATE,2015,2.9,,,,TIPO_DATO15__MARRATE_N1,,,
IT1:22_293_DF_DCIS_INDDEMOG1_1(1.0),A,ITE17,MARRATE,2016,3.5,,,,TIPO_DATO15__MARRATE_N1,,,
IT1:22_293_DF_DCIS_INDDEMOG1_1(1.0),A,ITE17,MARRATE,2017,3,,,,TIPO_DATO15__MARRATE_N1,,,
IT1:22_293_DF_DCIS_INDDEMOG1_1(1.0),A,ITE17,MARRATE,2018,3.2,,,,TIPO_DATO15__MARRATE_N1,,,
IT1:22_293_DF_DCIS_INDDEMOG1_1(1.0),A,ITE17,MARRATE,2019,3,,,,TIPO_DATO15__MARRATE_N1,,,
IT1:22_293_DF_DCIS_INDDEMOG1_1(1.0),A,ITE17,MARRATE,2020,1.6,,,,TIPO_DATO15__MARRATE_N1,,,
IT1:22_293_DF_DCIS_INDDEMOG1_1(1.0),A,ITE17,MARRATE,2021,2.8,,,,TIPO_DATO15__MARRATE_N1,,,
IT1:22_293_DF_DCIS_INDDEMOG1_1(1.0),A,ITE17,MARRATE,2022,3.2,,,,TIPO_DATO15__MARRATE_N1,,,
IT1:22_293_DF_DCIS_INDDEMOG1_1(1.0),A,ITE17,MARRATE,2023,3.3,,,,TIPO_DATO15__MARRATE_N1,,,
IT1:22_293_DF_DCIS_INDDEMOG1_1(1.0),A,ITE17,MARRATE,2024,3.3,,,,TIPO_DATO15__MARRATE_N1,,,
IT1:22_293_DF_DCIS_INDDEMOG1_1(1.0),A,ITE17,MARRATE,2025,3.2,p,,,TIPO_DATO15__MARRATE_N1,,,
IT1:22_293_DF_DCIS_INDDEMOG1_1(1.0),A,ITE18,MARRATE,2015,3.2,,,,TIPO_DATO15__MARRATE_N1,,,
IT1:22_293_DF_DCIS_INDDEMOG1_1(1.0),A,ITE18,MARRATE,2016,3.4,,,,TIPO_DATO15__MARRATE_N1,,,
IT1:22_293_DF_DCIS_INDDEMOG1_1(1.0),A,ITE18,MARRATE,2017,3.3,,,,TIPO_DATO15__MARRATE_N1,,,
IT1:22_293_DF_DCIS_INDDEMOG1_1(1.0),A,ITE18,MARRATE,2018,3.4,,,,TIPO_DATO15__MARRATE_N1,,,
IT1:22_293_DF_DCIS_INDDEMOG1_1(1.0),A,ITE18,MARRATE,2019,3,,,,TIPO_DATO15__MARRATE_N1,,,
IT1:22_293_DF_DCIS_INDDEMOG1_1(1.0),A,ITE18,MARRATE,2020,1.2,,,,TIPO_DATO15__MARRATE_N1,,,
IT1:22_293_DF_DCIS_INDDEMOG1_1(1.0),A,ITE18,MARRATE,2021,2.7,,,,TIPO_DATO15__MARRATE_N1,,,
IT1:22_293_DF_DCIS_INDDEMOG1_1(1.0),A,ITE18,MARRATE,2022,3.4,,,,TIPO_DATO15__MARRATE_N1,,,
IT1:22_293_DF_DCIS_INDDEMOG1_1(1.0),A,ITE18,MARRATE,2023,3.3,,,,TIPO_DATO15__MARRATE_N1,,,
IT1:22_293_DF_DCIS_INDDEMOG1_1(1.0),A,ITE18,MARRATE,2024,2.9,,,,TIPO_DATO15__MARRATE_N1,,,
IT1:22_293_DF_DCIS_INDDEMOG1_1(1.0),A,ITE18,MARRATE,2025,3,p,,,TIPO_DATO15__MARRATE_N1,,,
IT1:22_293_DF_DCIS_INDDEMOG1_1(1.0),A,ITE19,MARRATE,2015,3.9,,,,TIPO_DATO15__MARRATE_N1,,,
IT1:22_293_DF_DCIS_INDDEMOG1_1(1.0),A,ITE19,MARRATE,2016,4,,,,TIPO_DATO15__MARRATE_N1,,,
IT1:22_293_DF_DCIS_INDDEMOG1_1(1.0),A,ITE19,MARRATE,2017,4.3,,,,TIPO_DATO15__MARRATE_N1,,,
IT1:22_293_DF_DCIS_INDDEMOG1_1(1.0),A,ITE19,MARRATE,2018,4.3,,,,TIPO_DATO15__MARRATE_N1,,,
IT1:22_293_DF_DCIS_INDDEMOG1_1(1.0),A,ITE19,MARRATE,2019,4.1,,,,TIPO_DATO15__MARRATE_N1,,,
IT1:22_293_DF_DCIS_INDDEMOG1_1(1.0),A,ITE19,MARRATE,2020,1.8,,,,TIPO_DATO15__MARRATE_N1,,,
IT1:22_293_DF_DCIS_INDDEMOG1_1(1.0),A,ITE19,MARRATE,2021,3.5,,,,TIPO_DATO15__MARRATE_N1,,,
IT1:22_293_DF_DCIS_INDDEMOG1_1(1.0),A,ITE19,MARRATE,2022,4.6,,,,TIPO_DATO15__MARRATE_N1,,,
IT1:22_293_DF_DCIS_INDDEMOG1_1(1.0),A,ITE19,MARRATE,2023,4.3,,,,TIPO_DATO15__MARRATE_N1,,,
IT1:22_293_DF_DCIS_INDDEMOG1_1(1.0),A,ITE19,MARRATE,2024,3.9,,,,TIPO_DATO15__MARRATE_N1,,,
IT1:22_293_DF_DCIS_INDDEMOG1_1(1.0),A,ITE19,MARRATE,2025,3.9,p,,,TIPO_DATO15__MARRATE_N1,,,
IT1:22_293_DF_DCIS_INDDEMOG1_1(1.0),A,ITE1A,MARRATE,2015,3.3,,,,TIPO_DATO15__MARRATE_N1,,,
IT1:22_293_DF_DCIS_INDDEMOG1_1(1.0),A,ITE1A,MARRATE,2016,3.5,,,,TIPO_DATO15__MARRATE_N1,,,
IT1:22_293_DF_DCIS_INDDEMOG1_1(1.0),A,ITE1A,MARRATE,2017,3.3,,,,TIPO_DATO15__MARRATE_N1,,,
IT1:22_293_DF_DCIS_INDDEMOG1_1(1.0),A,ITE1A,MARRATE,2018,3.3,,,,TIPO_DATO15__MARRATE_N1,,,
IT1:22_293_DF_DCIS_INDDEMOG1_1(1.0),A,ITE1A,MARRATE,2019,3.3,,,,TIPO_DATO15__MARRATE_N1,,,
IT1:22_293_DF_DCIS_INDDEMOG1_1(1.0),A,ITE1A,MARRATE,2020,1.8,,,,TIPO_DATO15__MARRATE_N1,,,
IT1:22_293_DF_DCIS_INDDEMOG1_1(1.0),A,ITE1A,MARRATE,2021,3.2,,,,TIPO_DATO15__MARRATE_N1,,,
IT1:22_293_DF_DCIS_INDDEMOG1_1(1.0),A,ITE1A,MARRATE,2022,3.6,,,,TIPO_DATO15__MARRATE_N1,,,
IT1:22_293_DF_DCIS_INDDEMOG1_1(1.0),A,ITE1A,MARRATE,2023,3.5,,,,TIPO_DATO15__MARRATE_N1,,,
IT1:22_293_DF_DCIS_INDDEMOG1_1(1.0),A,ITE1A,MARRATE,2024,3.5,,,,TIPO_DATO15__MARRATE_N1,,,
IT1:22_293_DF_DCIS_INDDEMOG1_1(1.0),A,ITE1A,MARRATE,2025,3.6,p,,,TIPO_DATO15__MARRATE_N1,,,
IT1:22_293_DF_DCIS_INDDEMOG1_1(1.0),A,ITE2,MARRATE,2015,3,,,,TIPO_DATO15__MARRATE_N1,,,
IT1:22_293_DF_DCIS_INDDEMOG1_1(1.0),A,ITE2,MARRATE,2016,3,,,,TIPO_DATO15__MARRATE_N1,,,
IT1:22_293_DF_DCIS_INDDEMOG1_1(1.0),A,ITE2,MARRATE,2017,2.9,,,,TIPO_DATO15__MARRATE_N1,,,
IT1:22_293_DF_DCIS_INDDEMOG1_1(1.0),A,ITE2,MARRATE,2018,3,,,,TIPO_DATO15__MARRATE_N1,,,
IT1:22_293_DF_DCIS_INDDEMOG1_1(1.0),A,ITE2,MARRATE,2019,2.9,,,,TIPO_DATO15__MARRATE_N1,,,
IT1:22_293_DF_DCIS_INDDEMOG1_1(1.0),A,ITE2,MARRATE,2020,1.5,,,,TIPO_DATO15__MARRATE_N1,,,
IT1:22_293_DF_DCIS_INDDEMOG1_1(1.0),A,ITE2,MARRATE,2021,2.4,,,,TIPO_DATO15__MARRATE_N1,,,
IT1:22_293_DF_DCIS_INDDEMOG1_1(1.0),A,ITE2,MARRATE,2022,3,,,,TIPO_DATO15__MARRATE_N1,,,
IT1:22_293_DF_DCIS_INDDEMOG1_1(1.0),A,ITE2,MARRATE,2023,2.9,,,,TIPO_DATO15__MARRATE_N1,,,
IT1:22_293_DF_DCIS_INDDEMOG1_1(1.0),A,ITE2,MARRATE,2024,2.9,,,,TIPO_DATO15__MARRATE_N1,,,
IT1:22_293_DF_DCIS_INDDEMOG1_1(1.0),A,ITE2,MARRATE,2025,2.7,p,,,TIPO_DATO15__MARRATE_N1,,,
IT1:22_293_DF_DCIS_INDDEMOG1_1(1.0),A,ITE21,MARRATE,2015,3.1,,,,TIPO_DATO15__MARRATE_N1,,,
IT1:22_293_DF_DCIS_INDDEMOG1_1(1.0),A,ITE21,MARRATE,2016,3.1,,,,TIPO_DATO15__MARRATE_N1,,,
IT1:22_293_DF_DCIS_INDDEMOG1_1(1.0),A,ITE21,MARRATE,2017,2.9,,,,TIPO_DATO15__MARRATE_N1,,,
IT1:22_293_DF_DCIS_INDDEMOG1_1(1.0),A,ITE21,MARRATE,2018,3.1,,,,TIPO_DATO15__MARRATE_N1,,,
IT1:22_293_DF_DCIS_INDDEMOG1_1(1.0),A,ITE21,MARRATE,2019,2.9,,,,TIPO_DATO15__MARRATE_N1,,,
IT1:22_293_DF_DCIS_INDDEMOG1_1(1.0),A,ITE21,MARRATE,2020,1.4,,,,TIPO_DATO15__MARRATE_N1,,,
IT1:22_293_DF_DCIS_INDDEMOG1_1(1.0),A,ITE21,MARRATE,2021,2.4,,,,TIPO_DATO15__MARRATE_N1,,,
IT1:22_293_DF_DCIS_INDDEMOG1_1(1.0),A,ITE21,MARRATE,2022,3.1,,,,TIPO_DATO15__MARRATE_N1,,,
IT1:22_293_DF_DCIS_INDDEMOG1_1(1.0),A,ITE21,MARRATE,2023,3,,,,TIPO_DATO15__MARRATE_N1,,,
IT1:22_293_DF_DCIS_INDDEMOG1_1(1.0),A,ITE21,MARRATE,2024,2.9,,,,TIPO_DATO15__MARRATE_N1,,,
IT1:22_293_DF_DCIS_INDDEMOG1_1(1.0),A,ITE21,MARRATE,2025,2.7,p,,,TIPO_DATO15__MARRATE_N1,,,
IT1:22_293_DF_DCIS_INDDEMOG1_1(1.0),A,ITE22,MARRATE,2015,2.7,,,,TIPO_DATO15__MARRATE_N1,,,
IT1:22_293_DF_DCIS_INDDEMOG1_1(1.0),A,ITE22,MARRATE,2016,2.8,,,,TIPO_DATO15__MARRATE_N1,,,
IT1:22_293_DF_DCIS_INDDEMOG1_1(1.0),A,ITE22,MARRATE,2017,2.7,,,,TIPO_DATO15__MARRATE_N1,,,
IT1:22_293_DF_DCIS_INDDEMOG1_1(1.0),A,ITE22,MARRATE,2018,2.6,,,,TIPO_DATO15__MARRATE_N1,,,
IT1:22_293_DF_DCIS_INDDEMOG1_1(1.0),A,ITE22,MARRATE,2019,2.8,,,,TIPO_DATO15__MARRATE_N1,,,
IT1:22_293_DF_DCIS_INDDEMOG1_1(1.0),A,ITE22,MARRATE,2020,1.5,,,,TIPO_DATO15__MARRATE_N1,,,
IT1:22_293_DF_DCIS_INDDEMOG1_1(1.0),A,ITE22,MARRATE,2021,2.5,,,,TIPO_DATO15__MARRATE_N1,,,
IT1:22_293_DF_DCIS_INDDEMOG1_1(1.0),A,ITE22,MARRATE,2022,2.9,,,,TIPO_DATO15__MARRATE_N1,,,
IT1:22_293_DF_DCIS_INDDEMOG1_1(1.0),A,ITE22,MARRATE,2023,2.8,,,,TIPO_DATO15__MARRATE_N1,,,
IT1:22_293_DF_DCIS_INDDEMOG1_1(1.0),A,ITE22,MARRATE,2024,2.8,,,,TIPO_DATO15__MARRATE_N1,,,
IT1:22_293_DF_DCIS_INDDEMOG1_1(1.0),A,ITE22,MARRATE,2025,2.5,p,,,TIPO_DATO15__MARRATE_N1,,,
IT1:22_293_DF_DCIS_INDDEMOG1_1(1.0),A,ITE3,MARRATE,2015,2.8,,,,TIPO_DATO15__MARRATE_N1,,,
IT1:22_293_DF_DCIS_INDDEMOG1_1(1.0),A,ITE3,MARRATE,2016,2.9,,,,TIPO_DATO15__MARRATE_N1,,,
IT1:22_293_DF_DCIS_INDDEMOG1_1(1.0),A,ITE3,MARRATE,2017,2.7,,,,TIPO_DATO15__MARRATE_N1,,,
IT1:22_293_DF_DCIS_INDDEMOG1_1(1.0),A,ITE3,MARRATE,2018,2.8,,,,TIPO_DATO15__MARRATE_N1,,,
IT1:22_293_DF_DCIS_INDDEMOG1_1(1.0),A,ITE3,MARRATE,2019,2.6,,,,TIPO_DATO15__MARRATE_N1,,,
IT1:22_293_DF_DCIS_INDDEMOG1_1(1.0),A,ITE3,MARRATE,2020,1.3,,,,TIPO_DATO15__MARRATE_N1,,,
IT1:22_293_DF_DCIS_INDDEMOG1_1(1.0),A,ITE3,MARRATE,2021,2.6,,,,TIPO_DATO15__MARRATE_N1,,,
IT1:22_293_DF_DCIS_INDDEMOG1_1(1.0),A,ITE3,MARRATE,2022,2.9,,,,TIPO_DATO15__MARRATE_N1,,,
IT1:22_293_DF_DCIS_INDDEMOG1_1(1.0),A,ITE3,MARRATE,2023,2.8,,,,TIPO_DATO15__MARRATE_N1,,,
IT1:22_293_DF_DCIS_INDDEMOG1_1(1.0),A,ITE3,MARRATE,2024,2.6,,,,TIPO_DATO15__MARRATE_N1,,,
IT1:22_293_DF_DCIS_INDDEMOG1_1(1.0),A,ITE3,MARRATE,2025,2.5,p,,,TIPO_DATO15__MARRATE_N1,,,
IT1:22_293_DF_DCIS_INDDEMOG1_1(1.0),A,ITE31,MARRATE,2015,2.7,,,,TIPO_DATO15__MARRATE_N1,,,
IT1:22_293_DF_DCIS_INDDEMOG1_1(1.0),A,ITE31,MARRATE,2016,2.7,,,,TIPO_DATO15__MARRATE_N1,,,
IT1:22_293_DF_DCIS_INDDEMOG1_1(1.0),A,ITE31,MARRATE,2017,2.7,,,,TIPO_DATO15__MARRATE_N1,,,
IT1:22_293_DF_DCIS_INDDEMOG1_1(1.0),A,ITE31,MARRATE,2018,2.8,,,,TIPO_DATO15__MARRATE_N1,,,
IT1:22_293_DF_DCIS_INDDEMOG1_1(1.0),A,ITE31,MARRATE,2019,2.7,,,,TIPO_DATO15__MARRATE_N1,,,
IT1:22_293_DF_DCIS_INDDEMOG1_1(1.0),A,ITE31,MARRATE,2020,1.3,,,,TIPO_DATO15__MARRATE_N1,,,
IT1:22_293_DF_DCIS_INDDEMOG1_1(1.0),A,ITE31,MARRATE,2021,2.5,,,,TIPO_DATO15__MARRATE_N1,,,
IT1:22_293_DF_DCIS_INDDEMOG1_1(1.0),A,ITE31,MARRATE,2022,2.9,,,,TIPO_DATO15__MARRATE_N1,,,
IT1:22_293_DF_DCIS_INDDEMOG1_1(1.0),A,ITE31,MARRATE,2023,2.7,,,,TIPO_DATO15__MARRATE_N1,,,
IT1:22_293_DF_DCIS_INDDEMOG1_1(1.0),A,ITE31,MARRATE,2024,2.8,,,,TIPO_DATO15__MARRATE_N1,,,
IT1:22_293_DF_DCIS_INDDEMOG1_1(1.0),A,ITE31,MARRATE,2025,2.5,p,,,TIPO_DATO15__MARRATE_N1,,,
IT1:22_293_DF_DCIS_INDDEMOG1_1(1.0),A,ITE32,MARRATE,2015,2.6,,,,TIPO_DATO15__MARRATE_N1,,,
IT1:22_293_DF_DCIS_INDDEMOG1_1(1.0),A,ITE32,MARRATE,2016,2.7,,,,TIPO_DATO15__MARRATE_N1,,,
IT1:22_293_DF_DCIS_INDDEMOG1_1(1.0),A,ITE32,MARRATE,2017,2.5,,,,TIPO_DATO15__MARRATE_N1,,,
IT1:22_293_DF_DCIS_INDDEMOG1_1(1.0),A,ITE32,MARRATE,2018,2.5,,,,TIPO_DATO15__MARRATE_N1,,,
IT1:22_293_DF_DCIS_INDDEMOG1_1(1.0),A,ITE32,MARRATE,2019,2.3,,,,TIPO_DATO15__MARRATE_N1,,,
IT1:22_293_DF_DCIS_INDDEMOG1_1(1.0),A,ITE32,MARRATE,2020,1.3,,,,TIPO_DATO15__MARRATE_N1,,,
IT1:22_293_DF_DCIS_INDDEMOG1_1(1.0),A,ITE32,MARRATE,2021,2.4,,,,TIPO_DATO15__MARRATE_N1,,,
IT1:22_293_DF_DCIS_INDDEMOG1_1(1.0),A,ITE32,MARRATE,2022,2.6,,,,TIPO_DATO15__MARRATE_N1,,,
IT1:22_293_DF_DCIS_INDDEMOG1_1(1.0),A,ITE32,MARRATE,2023,2.6,,,,TIPO_DATO15__MARRATE_N1,,,
IT1:22_293_DF_DCIS_INDDEMOG1_1(1.0),A,ITE32,MARRATE,2024,2.4,,,,TIPO_DATO15__MARRATE_N1,,,
IT1:22_293_DF_DCIS_INDDEMOG1_1(1.0),A,ITE32,MARRATE,2025,2.4,p,,,TIPO_DATO15__MARRATE_N1,,,
IT1:22_293_DF_DCIS_INDDEMOG1_1(1.0),A,ITE33,MARRATE,2015,2.7,,,,TIPO_DATO15__MARRATE_N1,,,
IT1:22_293_DF_DCIS_INDDEMOG1_1(1.0),A,ITE33,MARRATE,2016,3.1,,,,TIPO_DATO15__MARRATE_N1,,,
IT1:22_293_DF_DCIS_INDDEMOG1_1(1.0),A,ITE33,MARRATE,2017,2.6,,,,TIPO_DATO15__MARRATE_N1,,,
IT1:22_293_DF_DCIS_INDDEMOG1_1(1.0),A,ITE33,MARRATE,2018,3.1,,,,TIPO_DATO15__MARRATE_N1,,,
IT1:22_293_DF_DCIS_INDDEMOG1_1(1.0),A,ITE33,MARRATE,2019,2.7,,,,TIPO_DATO15__MARRATE_N1,,,
IT1:22_293_DF_DCIS_INDDEMOG1_1(1.0),A,ITE33,MARRATE,2020,1.4,,,,TIPO_DATO15__MARRATE_N1,,,
IT1:22_293_DF_DCIS_INDDEMOG1_1(1.0),A,ITE33,MARRATE,2021,2.8,,,,TIPO_DATO15__MARRATE_N1,,,
IT1:22_293_DF_DCIS_INDDEMOG1_1(1.0),A,ITE33,MARRATE,2022,3.2,,,,TIPO_DATO15__MARRATE_N1,,,
IT1:22_293_DF_DCIS_INDDEMOG1_1(1.0),A,ITE33,MARRATE,2023,2.8,,,,TIPO_DATO15__MARRATE_N1,,,
IT1:22_293_DF_DCIS_INDDEMOG1_1(1.0),A,ITE33,MARRATE,2024,2.7,,,,TIPO_DATO15__MARRATE_N1,,,
IT1:22_293_DF_DCIS_INDDEMOG1_1(1.0),A,ITE33,MARRATE,2025,2.6,p,,,TIPO_DATO15__MARRATE_N1,,,
IT1:22_293_DF_DCIS_INDDEMOG1_1(1.0),A,ITE34,MARRATE,2015,3.2,,,,TIPO_DATO15__MARRATE_N1,,,
IT1:22_293_DF_DCIS_INDDEMOG1_1(1.0),A,ITE34,MARRATE,2016,3.3,,,,TIPO_DATO15__MARRATE_N1,,,
IT1:22_293_DF_DCIS_INDDEMOG1_1(1.0),A,ITE34,MARRATE,2017,3,,,,TIPO_DATO15__MARRATE_N1,,,
IT1:22_293_DF_DCIS_INDDEMOG1_1(1.0),A,ITE34,MARRATE,2018,3.2,,,,TIPO_DATO15__MARRATE_N1,,,
IT1:22_293_DF_DCIS_INDDEMOG1_1(1.0),A,ITE34,MARRATE,2019,2.5,,,,TIPO_DATO15__MARRATE_N1,,,
IT1:22_293_DF_DCIS_INDDEMOG1_1(1.0),A,ITE34,MARRATE,2020,1.4,,,,TIPO_DATO15__MARRATE_N1,,,
IT1:22_293_DF_DCIS_INDDEMOG1_1(1.0),A,ITE34,MARRATE,2021,2.9,,,,TIPO_DATO15__MARRATE_N1,,,
IT1:22_293_DF_DCIS_INDDEMOG1_1(1.0),A,ITE34,MARRATE,2022,3.1,,,,TIPO_DATO15__MARRATE_N1,,,
IT1:22_293_DF_DCIS_INDDEMOG1_1(1.0),A,ITE34,MARRATE,2023,3.1,,,,TIPO_DATO15__MARRATE_N1,,,
IT1:22_293_DF_DCIS_INDDEMOG1_1(1.0),A,ITE34,MARRATE,2024,2.7,,,,TIPO_DATO15__MARRATE_N1,,,
IT1:22_293_DF_DCIS_INDDEMOG1_1(1.0),A,ITE34,MARRATE,2025,2.8,p,,,TIPO_DATO15__MARRATE_N1,,,
IT1:22_293_DF_DCIS_INDDEMOG1_1(1.0),A,ITE4,MARRATE,2015,3,,,,TIPO_DATO15__MARRATE_N1,,,
IT1:22_293_DF_DCIS_INDDEMOG1_1(1.0),A,ITE4,MARRATE,2016,3.1,,,,TIPO_DATO15__MARRATE_N1,,,
IT1:22_293_DF_DCIS_INDDEMOG1_1(1.0),A,ITE4,MARRATE,2017,3,,,,TIPO_DATO15__MARRATE_N1,,,
IT1:22_293_DF_DCIS_INDDEMOG1_1(1.0),A,ITE4,MARRATE,2018,3,,,,TIPO_DATO15__MARRATE_N1,,,
IT1:22_293_DF_DCIS_INDDEMOG1_1(1.0),A,ITE4,MARRATE,2019,2.7,,,,TIPO_DATO15__MARRATE_N1,,,
IT1:22_293_DF_DCIS_INDDEMOG1_1(1.0),A,ITE4,MARRATE,2020,1.6,,,,TIPO_DATO15__MARRATE_N1,,,
IT1:22_293_DF_DCIS_INDDEMOG1_1(1.0),A,ITE4,MARRATE,2021,2.5,,,,TIPO_DATO15__MARRATE_N1,,,
IT1:22_293_DF_DCIS_INDDEMOG1_1(1.0),A,ITE4,MARRATE,2022,2.9,,,,TIPO_DATO15__MARRATE_N1,,,
IT1:22_293_DF_DCIS_INDDEMOG1_1(1.0),A,ITE4,MARRATE,2023,2.9,,,,TIPO_DATO15__MARRATE_N1,,,
IT1:22_293_DF_DCIS_INDDEMOG1_1(1.0),A,ITE4,MARRATE,2024,2.7,,,,TIPO_DATO15__MARRATE_N1,,,
IT1:22_293_DF_DCIS_INDDEMOG1_1(1.0),A,ITE4,MARRATE,2025,2.5,p,,,TIPO_DATO15__MARRATE_N1,,,
IT1:22_293_DF_DCIS_INDDEMOG1_1(1.0),A,ITE41,MARRATE,2015,3.5,,,,TIPO_DATO15__MARRATE_N1,,,
IT1:22_293_DF_DCIS_INDDEMOG1_1(1.0),A,ITE41,MARRATE,2016,3.3,,,,TIPO_DATO15__MARRATE_N1,,,
IT1:22_293_DF_DCIS_INDDEMOG1_1(1.0),A,ITE41,MARRATE,2017,3.4,,,,TIPO_DATO15__MARRATE_N1,,,
IT1:22_293_DF_DCIS_INDDEMOG1_1(1.0),A,ITE41,MARRATE,2018,3.4,,,,TIPO_DATO15__MARRATE_N1,,,
IT1:22_293_DF_DCIS_INDDEMOG1_1(1.0),A,ITE41,MARRATE,2019,3.4,,,,TIPO_DATO15__MARRATE_N1,,,
IT1:22_293_DF_DCIS_INDDEMOG1_1(1.0),A,ITE41,MARRATE,2020,1.9,,,,TIPO_DATO15__MARRATE_N1,,,
IT1:22_293_DF_DCIS_INDDEMOG1_1(1.0),A,ITE41,MARRATE,2021,3.4,,,,TIPO_DATO15__MARRATE_N1,,,
IT1:22_293_DF_DCIS_INDDEMOG1_1(1.0),A,ITE41,MARRATE,2022,3.9,,,,TIPO_DATO15__MARRATE_N1,,,
IT1:22_293_DF_DCIS_INDDEMOG1_1(1.0),A,ITE41,MARRATE,2023,3.9,,,,TIPO_DATO15__MARRATE_N1,,,
IT1:22_293_DF_DCIS_INDDEMOG1_1(1.0),A,ITE41,MARRATE,2024,3.4,,,,TIPO_DATO15__MARRATE_N1,,,
IT1:22_293_DF_DCIS_INDDEMOG1_1(1.0),A,ITE41,MARRATE,2025,3.4,p,,,TIPO_DATO15__MARRATE_N1,,,
IT1:22_293_DF_DCIS_INDDEMOG1_1(1.0),A,ITE42,MARRATE,2015,2.6,,,,TIPO_DATO15__MARRATE_N1,,,
IT1:22_293_DF_DCIS_INDDEMOG1_1(1.0),A,ITE42,MARRATE,2016,3.2,,,,TIPO_DATO15__MARRATE_N1,,,
IT1:22_293_DF_DCIS_INDDEMOG1_1(1.0),A,ITE42,MARRATE,2017,3.1,,,,TIPO_DATO15__MARRATE_N1,,,
IT1:22_293_DF_DCIS_INDDEMOG1_1(1.0),A,ITE42,MARRATE,2018,3.2,,,,TIPO_DATO15__MARRATE_N1,,,
IT1:22_293_DF_DCIS_INDDEMOG1_1(1.0),A,ITE42,MARRATE,2019,3,,,,TIPO_DATO15__MARRATE_N1,,,
IT1:22_293_DF_DCIS_INDDEMOG1_1(1.0),A,ITE42,MARRATE,2020,1.5,,,,TIPO_DATO15__MARRATE_N1,,,
IT1:22_293_DF_DCIS_INDDEMOG1_1(1.0),A,ITE42,MARRATE,2021,3.4,,,,TIPO_DATO15__MARRATE_N1,,,
IT1:22_293_DF_DCIS_INDDEMOG1_1(1.0),A,ITE42,MARRATE,2022,3.6,,,,TIPO_DATO15__MARRATE_N1,,,
IT1:22_293_DF_DCIS_INDDEMOG1_1(1.0),A,ITE42,MARRATE,2023,3.9,,,,TIPO_DATO15__MARRATE_N1,,,
IT1:22_293_DF_DCIS_INDDEMOG1_1(1.0),A,ITE42,MARRATE,2024,3.3,,,,TIPO_DATO15__MARRATE_N1,,,
IT1:22_293_DF_DCIS_INDDEMOG1_1(1.0),A,ITE42,MARRATE,2025,3.1,p,,,TIPO_DATO15__MARRATE_N1,,,
IT1:22_293_DF_DCIS_INDDEMOG1_1(1.0),A,ITE43,MARRATE,2015,2.9,,,,TIPO_DATO15__MARRATE_N1,,,
IT1:22_293_DF_DCIS_INDDEMOG1_1(1.0),A,ITE43,MARRATE,2016,3,,,,TIPO_DATO15__MARRATE_N1,,,
IT1:22_293_DF_DCIS_INDDEMOG1_1(1.0),A,ITE43,MARRATE,2017,3,,,,TIPO_DATO15__MARRATE_N1,,,
IT1:22_293_DF_DCIS_INDDEMOG1_1(1.0),A,ITE43,MARRATE,2018,2.9,,,,TIPO_DATO15__MARRATE_N1,,,
IT1:22_293_DF_DCIS_INDDEMOG1_1(1.0),A,ITE43,MARRATE,2019,2.7,,,,TIPO_DATO15__MARRATE_N1,,,
IT1:22_293_DF_DCIS_INDDEMOG1_1(1.0),A,ITE43,MARRATE,2020,1.6,,,,TIPO_DATO15__MARRATE_N1,,,
IT1:22_293_DF_DCIS_INDDEMOG1_1(1.0),A,ITE43,MARRATE,2021,2.3,,,,TIPO_DATO15__MARRATE_N1,,,
IT1:22_293_DF_DCIS_INDDEMOG1_1(1.0),A,ITE43,MARRATE,2022,2.7,,,,TIPO_DATO15__MARRATE_N1,,,
IT1:22_293_DF_DCIS_INDDEMOG1_1(1.0),A,ITE43,MARRATE,2023,2.8,,,,TIPO_DATO15__MARRATE_N1,,,
IT1:22_293_DF_DCIS_INDDEMOG1_1(1.0),A,ITE43,MARRATE,2024,2.7,,,,TIPO_DATO15__MARRATE_N1,,,
IT1:22_293_DF_DCIS_INDDEMOG1_1(1.0),A,ITE43,MARRATE,2025,2.4,p,,,TIPO_DATO15__MARRATE_N1,,,
IT1:22_293_DF_DCIS_INDDEMOG1_1(1.0),A,ITE44,MARRATE,2015,3.1,,,,TIPO_DATO15__MARRATE_N1,,,
IT1:22_293_DF_DCIS_INDDEMOG1_1(1.0),A,ITE44,MARRATE,2016,3,,,,TIPO_DATO15__MARRATE_N1,,,
IT1:22_293_DF_DCIS_INDDEMOG1_1(1.0),A,ITE44,MARRATE,2017,3.2,,,,TIPO_DATO15__MARRATE_N1,,,
IT1:22_293_DF_DCIS_INDDEMOG1_1(1.0),A,ITE44,MARRATE,2018,3.2,,,,TIPO_DATO15__MARRATE_N1,,,
IT1:22_293_DF_DCIS_INDDEMOG1_1(1.0),A,ITE44,MARRATE,2019,2.7,,,,TIPO_DATO15__MARRATE_N1,,,
IT1:22_293_DF_DCIS_INDDEMOG1_1(1.0),A,ITE44,MARRATE,2020,1.5,,,,TIPO_DATO15__MARRATE_N1,,,
IT1:22_293_DF_DCIS_INDDEMOG1_1(1.0),A,ITE44,MARRATE,2021,3.1,,,,TIPO_DATO15__MARRATE_N1,,,
IT1:22_293_DF_DCIS_INDDEMOG1_1(1.0),A,ITE44,MARRATE,2022,3.3,,,,TIPO_DATO15__MARRATE_N1,,,
IT1:22_293_DF_DCIS_INDDEMOG1_1(1.0),A,ITE44,MARRATE,2023,2.8,,,,TIPO_DATO15__MARRATE_N1,,,
IT1:22_293_DF_DCIS_INDDEMOG1_1(1.0),A,ITE44,MARRATE,2024,2.8,,,,TIPO_DATO15__MARRATE_N1,,,
IT1:22_293_DF_DCIS_INDDEMOG1_1(1.0),A,ITE44,MARRATE,2025,2.6,p,,,TIPO_DATO15__MARRATE_N1,,,
IT1:22_293_DF_DCIS_INDDEMOG1_1(1.0),A,ITE45,MARRATE,2015,3,,,,TIPO_DATO15__MARRATE_N1,,,
IT1:22_293_DF_DCIS_INDDEMOG1_1(1.0),A,ITE45,MARRATE,2016,3.1,,,,TIPO_DATO15__MARRATE_N1,,,
IT1:22_293_DF_DCIS_INDDEMOG1_1(1.0),A,ITE45,MARRATE,2017,3.1,,,,TIPO_DATO15__MARRATE_N1,,,
IT1:22_293_DF_DCIS_INDDEMOG1_1(1.0),A,ITE45,MARRATE,2018,3,,,,TIPO_DATO15__MARRATE_N1,,,
IT1:22_293_DF_DCIS_INDDEMOG1_1(1.0),A,ITE45,MARRATE,2019,2.9,,,,TIPO_DATO15__MARRATE_N1,,,
IT1:22_293_DF_DCIS_INDDEMOG1_1(1.0),A,ITE45,MARRATE,2020,1.5,,,,TIPO_DATO15__MARRATE_N1,,,
IT1:22_293_DF_DCIS_INDDEMOG1_1(1.0),A,ITE45,MARRATE,2021,2.8,,,,TIPO_DATO15__MARRATE_N1,,,
IT1:22_293_DF_DCIS_INDDEMOG1_1(1.0),A,ITE45,MARRATE,2022,3,,,,TIPO_DATO15__MARRATE_N1,,,
IT1:22_293_DF_DCIS_INDDEMOG1_1(1.0),A,ITE45,MARRATE,2023,2.8,,,,TIPO_DATO15__MARRATE_N1,,,
IT1:22_293_DF_DCIS_INDDEMOG1_1(1.0),A,ITE45,MARRATE,2024,2.6,,,,TIPO_DATO15__MARRATE_N1,,,
IT1:22_293_DF_DCIS_INDDEMOG1_1(1.0),A,ITE45,MARRATE,2025,2.5,p,,,TIPO_DATO15__MARRATE_N1,,,
IT1:22_293_DF_DCIS_INDDEMOG1_1(1.0),A,ITF,MARRATE,2015,3.8,,,,TIPO_DATO15__MARRATE_N1,,,
IT1:22_293_DF_DCIS_INDDEMOG1_1(1.0),A,ITF,MARRATE,2016,4.1,,,,TIPO_DATO15__MARRATE_N1,,,
IT1:22_293_DF_DCIS_INDDEMOG1_1(1.0),A,ITF,MARRATE,2017,3.8,,,,TIPO_DATO15__MARRATE_N1,,,
IT1:22_293_DF_DCIS_INDDEMOG1_1(1.0),A,ITF,MARRATE,2018,3.9,,,,TIPO_DATO15__MARRATE_N1,,,
IT1:22_293_DF_DCIS_INDDEMOG1_1(1.0),A,ITF,MARRATE,2019,3.7,,,,TIPO_DATO15__MARRATE_N1,,,
IT1:22_293_DF_DCIS_INDDEMOG1_1(1.0),A,ITF,MARRATE,2020,1.6,,,,TIPO_DATO15__MARRATE_N1,,,
IT1:22_293_DF_DCIS_INDDEMOG1_1(1.0),A,ITF,MARRATE,2021,3.9,,,,TIPO_DATO15__MARRATE_N1,,,
IT1:22_293_DF_DCIS_INDDEMOG1_1(1.0),A,ITF,MARRATE,2022,3.7,,,,TIPO_DATO15__MARRATE_N1,,,
IT1:22_293_DF_DCIS_INDDEMOG1_1(1.0),A,ITF,MARRATE,2023,3.5,,,,TIPO_DATO15__MARRATE_N1,,,
IT1:22_293_DF_DCIS_INDDEMOG1_1(1.0),A,ITF,MARRATE,2024,3.2,,,,TIPO_DATO15__MARRATE_N1,,,
IT1:22_293_DF_DCIS_INDDEMOG1_1(1.0),A,ITF,MARRATE,2025,2.9,p,,,TIPO_DATO15__MARRATE_N1,,,
IT1:22_293_DF_DCIS_INDDEMOG1_1(1.0),A,ITF1,MARRATE,2015,2.9,,,,TIPO_DATO15__MARRATE_N1,,,
IT1:22_293_DF_DCIS_INDDEMOG1_1(1.0),A,ITF1,MARRATE,2016,3.1,,,,TIPO_DATO15__MARRATE_N1,,,
IT1:22_293_DF_DCIS_INDDEMOG1_1(1.0),A,ITF1,MARRATE,2017,2.9,,,,TIPO_DATO15__MARRATE_N1,,,
IT1:22_293_DF_DCIS_INDDEMOG1_1(1.0),A,ITF1,MARRATE,2018,3,,,,TIPO_DATO15__MARRATE_N1,,,
IT1:22_293_DF_DCIS_INDDEMOG1_1(1.0),A,ITF1,MARRATE,2019,2.9,,,,TIPO_DATO15__MARRATE_N1,,,
IT1:22_293_DF_DCIS_INDDEMOG1_1(1.0),A,ITF1,MARRATE,2020,1.4,,,,TIPO_DATO15__MARRATE_N1,,,
IT1:22_293_DF_DCIS_INDDEMOG1_1(1.0),A,ITF1,MARRATE,2021,2.8,,,,TIPO_DATO15__MARRATE_N1,,,
IT1:22_293_DF_DCIS_INDDEMOG1_1(1.0),A,ITF1,MARRATE,2022,3,,,,TIPO_DATO15__MARRATE_N1,,,
IT1:22_293_DF_DCIS_INDDEMOG1_1(1.0),A,ITF1,MARRATE,2023,2.9,,,,TIPO_DATO15__MARRATE_N1,,,
IT1:22_293_DF_DCIS_INDDEMOG1_1(1.0),A,ITF1,MARRATE,2024,2.6,,,,TIPO_DATO15__MARRATE_N1,,,
IT1:22_293_DF_DCIS_INDDEMOG1_1(1.0),A,ITF1,MARRATE,2025,2.5,p,,,TIPO_DATO15__MARRATE_N1,,,
IT1:22_293_DF_DCIS_INDDEMOG1_1(1.0),A,ITF11,MARRATE,2015,2.9,,,,TIPO_DATO15__MARRATE_N1,,,
IT1:22_293_DF_DCIS_INDDEMOG1_1(1.0),A,ITF11,MARRATE,2016,3.2,,,,TIPO_DATO15__MARRATE_N1,,,
IT1:22_293_DF_DCIS_INDDEMOG1_1(1.0),A,ITF11,MARRATE,2017,2.9,,,,TIPO_DATO15__MARRATE_N1,,,
IT1:22_293_DF_DCIS_INDDEMOG1_1(1.0),A,ITF11,MARRATE,2018,3,,,,TIPO_DATO15__MARRATE_N1,,,
IT1:22_293_DF_DCIS_INDDEMOG1_1(1.0),A,ITF11,MARRATE,2019,2.9,,,,TIPO_DATO15__MARRATE_N1,,,
IT1:22_293_DF_DCIS_INDDEMOG1_1(1.0),A,ITF11,MARRATE,2020,1.3,,,,TIPO_DATO15__MARRATE_N1,,,
IT1:22_293_DF_DCIS_INDDEMOG1_1(1.0),A,ITF11,MARRATE,2021,2.7,,,,TIPO_DATO15__MARRATE_N1,,,
IT1:22_293_DF_DCIS_INDDEMOG1_1(1.0),A,ITF11,MARRATE,2022,2.9,,,,TIPO_DATO15__MARRATE_N1,,,
IT1:22_293_DF_DCIS_INDDEMOG1_1(1.0),A,ITF11,MARRATE,2023,2.8,,,,TIPO_DATO15__MARRATE_N1,,,
IT1:22_293_DF_DCIS_INDDEMOG1_1(1.0),A,ITF11,MARRATE,2024,2.6,,,,TIPO_DATO15__MARRATE_N1,,,
IT1:22_293_DF_DCIS_INDDEMOG1_1(1.0),A,ITF11,MARRATE,2025,2.7,p,,,TIPO_DATO15__MARRATE_N1,,,
IT1:22_293_DF_DCIS_INDDEMOG1_1(1.0),A,ITF12,MARRATE,2015,2.9,,,,TIPO_DATO15__MARRATE_N1,,,
IT1:22_293_DF_DCIS_INDDEMOG1_1(1.0),A,ITF12,MARRATE,2016,3.2,,,,TIPO_DATO15__MARRATE_N1,,,
IT1:22_293_DF_DCIS_INDDEMOG1_1(1.0),A,ITF12,MARRATE,2017,2.6,,,,TIPO_DATO15__MARRATE_N1,,,
IT1:22_293_DF_DCIS_INDDEMOG1_1(1.0),A,ITF12,MARRATE,2018,3.3,,,,TIPO_DATO15__MARRATE_N1,,,
IT1:22_293_DF_DCIS_INDDEMOG1_1(1.0),A,ITF12,MARRATE,2019,3.1,,,,TIPO_DATO15__MARRATE_N1,,,
IT1:22_293_DF_DCIS_INDDEMOG1_1(1.0),A,ITF12,MARRATE,2020,1.4,,,,TIPO_DATO15__MARRATE_N1,,,
IT1:22_293_DF_DCIS_INDDEMOG1_1(1.0),A,ITF12,MARRATE,2021,2.8,,,,TIPO_DATO15__MARRATE_N1,,,
IT1:22_293_DF_DCIS_INDDEMOG1_1(1.0),A,ITF12,MARRATE,2022,3.2,,,,TIPO_DATO15__MARRATE_N1,,,
IT1:22_293_DF_DCIS_INDDEMOG1_1(1.0),A,ITF12,MARRATE,2023,3.1,,,,TIPO_DATO15__MARRATE_N1,,,
IT1:22_293_DF_DCIS_INDDEMOG1_1(1.0),A,ITF12,MARRATE,2024,2.6,,,,TIPO_DATO15__MARRATE_N1,,,
IT1:22_293_DF_DCIS_INDDEMOG1_1(1.0),A,ITF12,MARRATE,2025,2.5,p,,,TIPO_DATO15__MARRATE_N1,,,
IT1:22_293_DF_DCIS_INDDEMOG1_1(1.0),A,ITF13,MARRATE,2015,3,,,,TIPO_DATO15__MARRATE_N1,,,
IT1:22_293_DF_DCIS_INDDEMOG1_1(1.0),A,ITF13,MARRATE,2016,3.1,,,,TIPO_DATO15__MARRATE_N1,,,
IT1:22_293_DF_DCIS_INDDEMOG1_1(1.0),A,ITF13,MARRATE,2017,2.9,,,,TIPO_DATO15__MARRATE_N1,,,
IT1:22_293_DF_DCIS_INDDEMOG1_1(1.0),A,ITF13,MARRATE,2018,2.7,,,,TIPO_DATO15__MARRATE_N1,,,
IT1:22_293_DF_DCIS_INDDEMOG1_1(1.0),A,ITF13,MARRATE,2019,2.8,,,,TIPO_DATO15__MARRATE_N1,,,
IT1:22_293_DF_DCIS_INDDEMOG1_1(1.0),A,ITF13,MARRATE,2020,1.3,,,,TIPO_DATO15__MARRATE_N1,,,
IT1:22_293_DF_DCIS_INDDEMOG1_1(1.0),A,ITF13,MARRATE,2021,2.7,,,,TIPO_DATO15__MARRATE_N1,,,
IT1:22_293_DF_DCIS_INDDEMOG1_1(1.0),A,ITF13,MARRATE,2022,2.9,,,,TIPO_DATO15__MARRATE_N1,,,
IT1:22_293_DF_DCIS_INDDEMOG1_1(1.0),A,ITF13,MARRATE,2023,2.8,,,,TIPO_DATO15__MARRATE_N1,,,
IT1:22_293_DF_DCIS_INDDEMOG1_1(1.0),A,ITF13,MARRATE,2024,2.6,,,,TIPO_DATO15__MARRATE_N1,,,
IT1:22_293_DF_DCIS_INDDEMOG1_1(1.0),A,ITF13,MARRATE,2025,2.3,p,,,TIPO_DATO15__MARRATE_N1,,,
IT1:22_293_DF_DCIS_INDDEMOG1_1(1.0),A,ITF14,MARRATE,2015,2.9,,,,TIPO_DATO15__MARRATE_N1,,,
IT1:22_293_DF_DCIS_INDDEMOG1_1(1.0),A,ITF14,MARRATE,2016,3.2,,,,TIPO_DATO15__MARRATE_N1,,,
IT1:22_293_DF_DCIS_INDDEMOG1_1(1.0),A,ITF14,MARRATE,2017,3.1,,,,TIPO_DATO15__MARRATE_N1,,,
IT1:22_293_DF_DCIS_INDDEMOG1_1(1.0),A,ITF14,MARRATE,2018,3,,,,TIPO_DATO15__MARRATE_N1,,,
IT1:22_293_DF_DCIS_INDDEMOG1_1(1.0),A,ITF14,MARRATE,2019,2.9,,,,TIPO_DATO15__MARRATE_N1,,,
IT1:22_293_DF_DCIS_INDDEMOG1_1(1.0),A,ITF14,MARRATE,2020,1.4,,,,TIPO_DATO15__MARRATE_N1,,,
IT1:22_293_DF_DCIS_INDDEMOG1_1(1.0),A,ITF14,MARRATE,2021,2.8,,,,TIPO_DATO15__MARRATE_N1,,,
IT1:22_293_DF_DCIS_INDDEMOG1_1(1.0),A,ITF14,MARRATE,2022,3,,,,TIPO_DATO15__MARRATE_N1,,,
IT1:22_293_DF_DCIS_INDDEMOG1_1(1.0),A,ITF14,MARRATE,2023,2.8,,,,TIPO_DATO15__MARRATE_N1,,,
IT1:22_293_DF_DCIS_INDDEMOG1_1(1.0),A,ITF14,MARRATE,2024,2.7,,,,TIPO_DATO15__MARRATE_N1,,,
IT1:22_293_DF_DCIS_INDDEMOG1_1(1.0),A,ITF14,MARRATE,2025,2.5,p,,,TIPO_DATO15__MARRATE_N1,,,
IT1:22_293_DF_DCIS_INDDEMOG1_1(1.0),A,ITF2,MARRATE,2015,2.7,,,,TIPO_DATO15__MARRATE_N1,,,
IT1:22_293_DF_DCIS_INDDEMOG1_1(1.0),A,ITF2,MARRATE,2016,3.4,,,,TIPO_DATO15__MARRATE_N1,,,
IT1:22_293_DF_DCIS_INDDEMOG1_1(1.0),A,ITF2,MARRATE,2017,3,,,,TIPO_DATO15__MARRATE_N1,,,
IT1:22_293_DF_DCIS_INDDEMOG1_1(1.0),A,ITF2,MARRATE,2018,3.2,,,,TIPO_DATO15__MARRATE_N1,,,
IT1:22_293_DF_DCIS_INDDEMOG1_1(1.0),A,ITF2,MARRATE,2019,2.8,,,,TIPO_DATO15__MARRATE_N1,,,
IT1:22_293_DF_DCIS_INDDEMOG1_1(1.0),A,ITF2,MARRATE,2020,1.3,,,,TIPO_DATO15__MARRATE_N1,,,
IT1:22_293_DF_DCIS_INDDEMOG1_1(1.0),A,ITF2,MARRATE,2021,2.9,,,,TIPO_DATO15__MARRATE_N1,,,
IT1:22_293_DF_DCIS_INDDEMOG1_1(1.0),A,ITF2,MARRATE,2022,3.1,,,,TIPO_DATO15__MARRATE_N1,,,
IT1:22_293_DF_DCIS_INDDEMOG1_1(1.0),A,ITF2,MARRATE,2023,2.8,,,,TIPO_DATO15__MARRATE_N1,,,
IT1:22_293_DF_DCIS_INDDEMOG1_1(1.0),A,ITF2,MARRATE,2024,2.6,,,,TIPO_DATO15__MARRATE_N1,,,
IT1:22_293_DF_DCIS_INDDEMOG1_1(1.0),A,ITF2,MARRATE,2025,2.4,p,,,TIPO_DATO15__MARRATE_N1,,,
IT1:22_293_DF_DCIS_INDDEMOG1_1(1.0),A,ITF21,MARRATE,2015,2.9,,,,TIPO_DATO15__MARRATE_N1,,,
IT1:22_293_DF_DCIS_INDDEMOG1_1(1.0),A,ITF21,MARRATE,2016,3.7,,,,TIPO_DATO15__MARRATE_N1,,,
IT1:22_293_DF_DCIS_INDDEMOG1_1(1.0),A,ITF21,MARRATE,2017,3.2,,,,TIPO_DATO15__MARRATE_N1,,,
IT1:22_293_DF_DCIS_INDDEMOG1_1(1.0),A,ITF21,MARRATE,2018,3.4,,,,TIPO_DATO15__MARRATE_N1,,,
IT1:22_293_DF_DCIS_INDDEMOG1_1(1.0),A,ITF21,MARRATE,2019,3.2,,,,TIPO_DATO15__MARRATE_N1,,,
IT1:22_293_DF_DCIS_INDDEMOG1_1(1.0),A,ITF21,MARRATE,2020,1.3,,,,TIPO_DATO15__MARRATE_N1,,,
IT1:22_293_DF_DCIS_INDDEMOG1_1(1.0),A,ITF21,MARRATE,2021,2.9,,,,TIPO_DATO15__MARRATE_N1,,,
IT1:22_293_DF_DCIS_INDDEMOG1_1(1.0),A,ITF21,MARRATE,2022,3.5,,,,TIPO_DATO15__MARRATE_N1,,,
IT1:22_293_DF_DCIS_INDDEMOG1_1(1.0),A,ITF21,MARRATE,2023,3,,,,TIPO_DATO15__MARRATE_N1,,,
IT1:22_293_DF_DCIS_INDDEMOG1_1(1.0),A,ITF21,MARRATE,2024,2.8,,,,TIPO_DATO15__MARRATE_N1,,,
IT1:22_293_DF_DCIS_INDDEMOG1_1(1.0),A,ITF21,MARRATE,2025,2.6,p,,,TIPO_DATO15__MARRATE_N1,,,
IT1:22_293_DF_DCIS_INDDEMOG1_1(1.0),A,ITF22,MARRATE,2015,2.7,,,,TIPO_DATO15__MARRATE_N1,,,
IT1:22_293_DF_DCIS_INDDEMOG1_1(1.0),A,ITF22,MARRATE,2016,3.3,,,,TIPO_DATO15__MARRATE_N1,,,
IT1:22_293_DF_DCIS_INDDEMOG1_1(1.0),A,ITF22,MARRATE,2017,3,,,,TIPO_DATO15__MARRATE_N1,,,
IT1:22_293_DF_DCIS_INDDEMOG1_1(1.0),A,ITF22,MARRATE,2018,3.1,,,,TIPO_DATO15__MARRATE_N1,,,
IT1:22_293_DF_DCIS_INDDEMOG1_1(1.0),A,ITF22,MARRATE,2019,2.7,,,,TIPO_DATO15__MARRATE_N1,,,
IT1:22_293_DF_DCIS_INDDEMOG1_1(1.0),A,ITF22,MARRATE,2020,1.3,,,,TIPO_DATO15__MARRATE_N1,,,
IT1:22_293_DF_DCIS_INDDEMOG1_1(1.0),A,ITF22,MARRATE,2021,2.9,,,,TIPO_DATO15__MARRATE_N1,,,
IT1:22_293_DF_DCIS_INDDEMOG1_1(1.0),A,ITF22,MARRATE,2022,2.9,,,,TIPO_DATO15__MARRATE_N1,,,
IT1:22_293_DF_DCIS_INDDEMOG1_1(1.0),A,ITF22,MARRATE,2023,2.7,,,,TIPO_DATO15__MARRATE_N1,,,
IT1:22_293_DF_DCIS_INDDEMOG1_1(1.0),A,ITF22,MARRATE,2024,2.6,,,,TIPO_DATO15__MARRATE_N1,,,
IT1:22_293_DF_DCIS_INDDEMOG1_1(1.0),A,ITF22,MARRATE,2025,2.3,p,,,TIPO_DATO15__MARRATE_N1,,,
IT1:22_293_DF_DCIS_INDDEMOG1_1(1.0),A,ITF3,MARRATE,2015,4.1,,,,TIPO_DATO15__MARRATE_N1,,,
IT1:22_293_DF_DCIS_INDDEMOG1_1(1.0),A,ITF3,MARRATE,2016,4.4,,,,TIPO_DATO15__MARRATE_N1,,,
IT1:22_293_DF_DCIS_INDDEMOG1_1(1.0),A,ITF3,MARRATE,2017,4,,,,TIPO_DATO15__MARRATE_N1,,,
IT1:22_293_DF_DCIS_INDDEMOG1_1(1.0),A,ITF3,MARRATE,2018,4.1,,,,TIPO_DATO15__MARRATE_N1,,,
IT1:22_293_DF_DCIS_INDDEMOG1_1(1.0),A,ITF3,MARRATE,2019,4,,,,TIPO_DATO15__MARRATE_N1,,,
IT1:22_293_DF_DCIS_INDDEMOG1_1(1.0),A,ITF3,MARRATE,2020,1.8,,,,TIPO_DATO15__MARRATE_N1,,,
IT1:22_293_DF_DCIS_INDDEMOG1_1(1.0),A,ITF3,MARRATE,2021,4.1,,,,TIPO_DATO15__MARRATE_N1,,,
IT1:22_293_DF_DCIS_INDDEMOG1_1(1.0),A,ITF3,MARRATE,2022,3.9,,,,TIPO_DATO15__MARRATE_N1,,,
IT1:22_293_DF_DCIS_INDDEMOG1_1(1.0),A,ITF3,MARRATE,2023,3.6,,,,TIPO_DATO15__MARRATE_N1,,,
IT1:22_293_DF_DCIS_INDDEMOG1_1(1.0),A,ITF3,MARRATE,2024,3.4,,,,TIPO_DATO15__MARRATE_N1,,,
IT1:22_293_DF_DCIS_INDDEMOG1_1(1.0),A,ITF3,MARRATE,2025,3.1,p,,,TIPO_DATO15__MARRATE_N1,,,
IT1:22_293_DF_DCIS_INDDEMOG1_1(1.0),A,ITF31,MARRATE,2015,3.9,,,,TIPO_DATO15__MARRATE_N1,,,
IT1:22_293_DF_DCIS_INDDEMOG1_1(1.0),A,ITF31,MARRATE,2016,4.1,,,,TIPO_DATO15__MARRATE_N1,,,
IT1:22_293_DF_DCIS_INDDEMOG1_1(1.0),A,ITF31,MARRATE,2017,3.9,,,,TIPO_DATO15__MARRATE_N1,,,
IT1:22_293_DF_DCIS_INDDEMOG1_1(1.0),A,ITF31,MARRATE,2018,4.3,,,,TIPO_DATO15__MARRATE_N1,,,
IT1:22_293_DF_DCIS_INDDEMOG1_1(1.0),A,ITF31,MARRATE,2019,4.1,,,,TIPO_DATO15__MARRATE_N1,,,
IT1:22_293_DF_DCIS_INDDEMOG1_1(1.0),A,ITF31,MARRATE,2020,2.1,,,,TIPO_DATO15__MARRATE_N1,,,
IT1:22_293_DF_DCIS_INDDEMOG1_1(1.0),A,ITF31,MARRATE,2021,4.5,,,,TIPO_DATO15__MARRATE_N1,,,
IT1:22_293_DF_DCIS_INDDEMOG1_1(1.0),A,ITF31,MARRATE,2022,3.9,,,,TIPO_DATO15__MARRATE_N1,,,
IT1:22_293_DF_DCIS_INDDEMOG1_1(1.0),A,ITF31,MARRATE,2023,3.8,,,,TIPO_DATO15__MARRATE_N1,,,
IT1:22_293_DF_DCIS_INDDEMOG1_1(1.0),A,ITF31,MARRATE,2024,3.5,,,,TIPO_DATO15__MARRATE_N1,,,
IT1:22_293_DF_DCIS_INDDEMOG1_1(1.0),A,ITF31,MARRATE,2025,3.4,p,,,TIPO_DATO15__MARRATE_N1,,,
IT1:22_293_DF_DCIS_INDDEMOG1_1(1.0),A,ITF32,MARRATE,2015,4.3,,,,TIPO_DATO15__MARRATE_N1,,,
IT1:22_293_DF_DCIS_INDDEMOG1_1(1.0),A,ITF32,MARRATE,2016,4.6,,,,TIPO_DATO15__MARRATE_N1,,,
IT1:22_293_DF_DCIS_INDDEMOG1_1(1.0),A,ITF32,MARRATE,2017,4,,,,TIPO_DATO15__MARRATE_N1,,,
IT1:22_293_DF_DCIS_INDDEMOG1_1(1.0),A,ITF32,MARRATE,2018,3.6,,,,TIPO_DATO15__MARRATE_N1,,,
IT1:22_293_DF_DCIS_INDDEMOG1_1(1.0),A,ITF32,MARRATE,2019,4,,,,TIPO_DATO15__MARRATE_N1,,,
IT1:22_293_DF_DCIS_INDDEMOG1_1(1.0),A,ITF32,MARRATE,2020,1.8,,,,TIPO_DATO15__MARRATE_N1,,,
IT1:22_293_DF_DCIS_INDDEMOG1_1(1.0),A,ITF32,MARRATE,2021,3.7,,,,TIPO_DATO15__MARRATE_N1,,,
IT1:22_293_DF_DCIS_INDDEMOG1_1(1.0),A,ITF32,MARRATE,2022,4,,,,TIPO_DATO15__MARRATE_N1,,,
IT1:22_293_DF_DCIS_INDDEMOG1_1(1.0),A,ITF32,MARRATE,2023,3.6,,,,TIPO_DATO15__MARRATE_N1,,,
IT1:22_293_DF_DCIS_INDDEMOG1_1(1.0),A,ITF32,MARRATE,2024,3.3,,,,TIPO_DATO15__MARRATE_N1,,,
IT1:22_293_DF_DCIS_INDDEMOG1_1(1.0),A,ITF32,MARRATE,2025,3,p,,,TIPO_DATO15__MARRATE_N1,,,
IT1:22_293_DF_DCIS_INDDEMOG1_1(1.0),A,ITF33,MARRATE,2015,3.9,,,,TIPO_DATO15__MARRATE_N1,,,
IT1:22_293_DF_DCIS_INDDEMOG1_1(1.0),A,ITF33,MARRATE,2016,4.4,,,,TIPO_DATO15__MARRATE_N1,,,
IT1:22_293_DF_DCIS_INDDEMOG1_1(1.0),A,ITF33,MARRATE,2017,4,,,,TIPO_DATO15__MARRATE_N1,,,
IT1:22_293_DF_DCIS_INDDEMOG1_1(1.0),A,ITF33,MARRATE,2018,4,,,,TIPO_DATO15__MARRATE_N1,,,
IT1:22_293_DF_DCIS_INDDEMOG1_1(1.0),A,ITF33,MARRATE,2019,4.1,,,,TIPO_DATO15__MARRATE_N1,,,
IT1:22_293_DF_DCIS_INDDEMOG1_1(1.0),A,ITF33,MARRATE,2020,1.9,,,,TIPO_DATO15__MARRATE_N1,,,
IT1:22_293_DF_DCIS_INDDEMOG1_1(1.0),A,ITF33,MARRATE,2021,4.1,,,,TIPO_DATO15__MARRATE_N1,,,
IT1:22_293_DF_DCIS_INDDEMOG1_1(1.0),A,ITF33,MARRATE,2022,3.9,,,,TIPO_DATO15__MARRATE_N1,,,
IT1:22_293_DF_DCIS_INDDEMOG1_1(1.0),A,ITF33,MARRATE,2023,3.6,,,,TIPO_DATO15__MARRATE_N1,,,
IT1:22_293_DF_DCIS_INDDEMOG1_1(1.0),A,ITF33,MARRATE,2024,3.4,,,,TIPO_DATO15__MARRATE_N1,,,
IT1:22_293_DF_DCIS_INDDEMOG1_1(1.0),A,ITF33,MARRATE,2025,3.1,p,,,TIPO_DATO15__MARRATE_N1,,,
IT1:22_293_DF_DCIS_INDDEMOG1_1(1.0),A,ITF34,MARRATE,2015,3.8,,,,TIPO_DATO15__MARRATE_N1,,,
IT1:22_293_DF_DCIS_INDDEMOG1_1(1.0),A,ITF34,MARRATE,2016,4,,,,TIPO_DATO15__MARRATE_N1,,,
IT1:22_293_DF_DCIS_INDDEMOG1_1(1.0),A,ITF34,MARRATE,2017,3.5,,,,TIPO_DATO15__MARRATE_N1,,,
IT1:22_293_DF_DCIS_INDDEMOG1_1(1.0),A,ITF34,MARRATE,2018,3.7,,,,TIPO_DATO15__MARRATE_N1,,,
IT1:22_293_DF_DCIS_INDDEMOG1_1(1.0),A,ITF34,MARRATE,2019,3.4,,,,TIPO_DATO15__MARRATE_N1,,,
IT1:22_293_DF_DCIS_INDDEMOG1_1(1.0),A,ITF34,MARRATE,2020,1.3,,,,TIPO_DATO15__MARRATE_N1,,,
IT1:22_293_DF_DCIS_INDDEMOG1_1(1.0),A,ITF34,MARRATE,2021,3.6,,,,TIPO_DATO15__MARRATE_N1,,,
IT1:22_293_DF_DCIS_INDDEMOG1_1(1.0),A,ITF34,MARRATE,2022,3.4,,,,TIPO_DATO15__MARRATE_N1,,,
IT1:22_293_DF_DCIS_INDDEMOG1_1(1.0),A,ITF34,MARRATE,2023,3.3,,,,TIPO_DATO15__MARRATE_N1,,,
IT1:22_293_DF_DCIS_INDDEMOG1_1(1.0),A,ITF34,MARRATE,2024,2.9,,,,TIPO_DATO15__MARRATE_N1,,,
IT1:22_293_DF_DCIS_INDDEMOG1_1(1.0),A,ITF34,MARRATE,2025,2.6,p,,,TIPO_DATO15__MARRATE_N1,,,
IT1:22_293_DF_DCIS_INDDEMOG1_1(1.0),A,ITF35,MARRATE,2015,4.6,,,,TIPO_DATO15__MARRATE_N1,,,
IT1:22_293_DF_DCIS_INDDEMOG1_1(1.0),A,ITF35,MARRATE,2016,4.8,,,,TIPO_DATO15__MARRATE_N1,,,
IT1:22_293_DF_DCIS_INDDEMOG1_1(1.0),A,ITF35,MARRATE,2017,4.4,,,,TIPO_DATO15__MARRATE_N1,,,
IT1:22_293_DF_DCIS_INDDEMOG1_1(1.0),A,ITF35,MARRATE,2018,4.5,,,,TIPO_DATO15__MARRATE_N1,,,
IT1:22_293_DF_DCIS_INDDEMOG1_1(1.0),A,ITF35,MARRATE,2019,4,,,,TIPO_DATO15__MARRATE_N1,,,
IT1:22_293_DF_DCIS_INDDEMOG1_1(1.0),A,ITF35,MARRATE,2020,1.6,,,,TIPO_DATO15__MARRATE_N1,,,
IT1:22_293_DF_DCIS_INDDEMOG1_1(1.0),A,ITF35,MARRATE,2021,4,,,,TIPO_DATO15__MARRATE_N1,,,
IT1:22_293_DF_DCIS_INDDEMOG1_1(1.0),A,ITF35,MARRATE,2022,4.1,,,,TIPO_DATO15__MARRATE_N1,,,
IT1:22_293_DF_DCIS_INDDEMOG1_1(1.0),A,ITF35,MARRATE,2023,3.7,,,,TIPO_DATO15__MARRATE_N1,,,
IT1:22_293_DF_DCIS_INDDEMOG1_1(1.0),A,ITF35,MARRATE,2024,3.3,,,,TIPO_DATO15__MARRATE_N1,,,
IT1:22_293_DF_DCIS_INDDEMOG1_1(1.0),A,ITF35,MARRATE,2025,3.1,p,,,TIPO_DATO15__MARRATE_N1,,,
IT1:22_293_DF_DCIS_INDDEMOG1_1(1.0),A,ITF4,MARRATE,2015,3.5,,,,TIPO_DATO15__MARRATE_N1,,,
IT1:22_293_DF_DCIS_INDDEMOG1_1(1.0),A,ITF4,MARRATE,2016,3.8,,,,TIPO_DATO15__MARRATE_N1,,,
IT1:22_293_DF_DCIS_INDDEMOG1_1(1.0),A,ITF4,MARRATE,2017,3.8,,,,TIPO_DATO15__MARRATE_N1,,,
IT1:22_293_DF_DCIS_INDDEMOG1_1(1.0),A,ITF4,MARRATE,2018,3.9,,,,TIPO_DATO15__MARRATE_N1,,,
IT1:22_293_DF_DCIS_INDDEMOG1_1(1.0),A,ITF4,MARRATE,2019,3.6,,,,TIPO_DATO15__MARRATE_N1,,,
IT1:22_293_DF_DCIS_INDDEMOG1_1(1.0),A,ITF4,MARRATE,2020,1.5,,,,TIPO_DATO15__MARRATE_N1,,,
IT1:22_293_DF_DCIS_INDDEMOG1_1(1.0),A,ITF4,MARRATE,2021,3.8,,,,TIPO_DATO15__MARRATE_N1,,,
IT1:22_293_DF_DCIS_INDDEMOG1_1(1.0),A,ITF4,MARRATE,2022,3.7,,,,TIPO_DATO15__MARRATE_N1,,,
IT1:22_293_DF_DCIS_INDDEMOG1_1(1.0),A,ITF4,MARRATE,2023,3.4,,,,TIPO_DATO15__MARRATE_N1,,,
IT1:22_293_DF_DCIS_INDDEMOG1_1(1.0),A,ITF4,MARRATE,2024,3.1,,,,TIPO_DATO15__MARRATE_N1,,,
IT1:22_293_DF_DCIS_INDDEMOG1_1(1.0),A,ITF4,MARRATE,2025,2.9,p,,,TIPO_DATO15__MARRATE_N1,,,
IT1:22_293_DF_DCIS_INDDEMOG1_1(1.0),A,ITF41,MARRATE,2015,3.5,,,,TIPO_DATO15__MARRATE_N1,,,
IT1:22_293_DF_DCIS_INDDEMOG1_1(1.0),A,ITF41,MARRATE,2016,3.7,,,,TIPO_DATO15__MARRATE_N1,,,
IT1:22_293_DF_DCIS_INDDEMOG1_1(1.0),A,ITF41,MARRATE,2017,3.6,,,,TIPO_DATO15__MARRATE_N1,,,
IT1:22_293_DF_DCIS_INDDEMOG1_1(1.0),A,ITF41,MARRATE,2018,3.7,,,,TIPO_DATO15__MARRATE_N1,,,
IT1:22_293_DF_DCIS_INDDEMOG1_1(1.0),A,ITF41,MARRATE,2019,3.4,,,,TIPO_DATO15__MARRATE_N1,,,
IT1:22_293_DF_DCIS_INDDEMOG1_1(1.0),A,ITF41,MARRATE,2020,1.4,,,,TIPO_DATO15__MARRATE_N1,,,
IT1:22_293_DF_DCIS_INDDEMOG1_1(1.0),A,ITF41,MARRATE,2021,3.6,,,,TIPO_DATO15__MARRATE_N1,,,
IT1:22_293_DF_DCIS_INDDEMOG1_1(1.0),A,ITF41,MARRATE,2022,3.4,,,,TIPO_DATO15__MARRATE_N1,,,
IT1:22_293_DF_DCIS_INDDEMOG1_1(1.0),A,ITF41,MARRATE,2023,3.2,,,,TIPO_DATO15__MARRATE_N1,,,
IT1:22_293_DF_DCIS_INDDEMOG1_1(1.0),A,ITF41,MARRATE,2024,3,,,,TIPO_DATO15__MARRATE_N1,,,
IT1:22_293_DF_DCIS_INDDEMOG1_1(1.0),A,ITF41,MARRATE,2025,2.7,p,,,TIPO_DATO15__MARRATE_N1,,,
IT1:22_293_DF_DCIS_INDDEMOG1_1(1.0),A,ITF42,MARRATE,2015,3.6,,,,TIPO_DATO15__MARRATE_N1,,,
IT1:22_293_DF_DCIS_INDDEMOG1_1(1.0),A,ITF42,MARRATE,2016,4,,,,TIPO_DATO15__MARRATE_N1,,,
IT1:22_293_DF_DCIS_INDDEMOG1_1(1.0),A,ITF42,MARRATE,2017,3.9,,,,TIPO_DATO15__MARRATE_N1,,,
IT1:22_293_DF_DCIS_INDDEMOG1_1(1.0),A,ITF42,MARRATE,2018,4,,,,TIPO_DATO15__MARRATE_N1,,,
IT1:22_293_DF_DCIS_INDDEMOG1_1(1.0),A,ITF42,MARRATE,2019,3.8,,,,TIPO_DATO15__MARRATE_N1,,,
IT1:22_293_DF_DCIS_INDDEMOG1_1(1.0),A,ITF42,MARRATE,2020,1.4,,,,TIPO_DATO15__MARRATE_N1,,,
IT1:22_293_DF_DCIS_INDDEMOG1_1(1.0),A,ITF42,MARRATE,2021,3.9,,,,TIPO_DATO15__MARRATE_N1,,,
IT1:22_293_DF_DCIS_INDDEMOG1_1(1.0),A,ITF42,MARRATE,2022,3.8,,,,TIPO_DATO15__MARRATE_N1,,,
IT1:22_293_DF_DCIS_INDDEMOG1_1(1.0),A,ITF42,MARRATE,2023,3.4,,,,TIPO_DATO15__MARRATE_N1,,,
IT1:22_293_DF_DCIS_INDDEMOG1_1(1.0),A,ITF42,MARRATE,2024,3.2,,,,TIPO_DATO15__MARRATE_N1,,,
IT1:22_293_DF_DCIS_INDDEMOG1_1(1.0),A,ITF42,MARRATE,2025,3,p,,,TIPO_DATO15__MARRATE_N1,,,
IT1:22_293_DF_DCIS_INDDEMOG1_1(1.0),A,ITF43,MARRATE,2015,3.3,,,,TIPO_DATO15__MARRATE_N1,,,
IT1:22_293_DF_DCIS_INDDEMOG1_1(1.0),A,ITF43,MARRATE,2016,3.5,,,,TIPO_DATO15__MARRATE_N1,,,
IT1:22_293_DF_DCIS_INDDEMOG1_1(1.0),A,ITF43,MARRATE,2017,3.2,,,,TIPO_DATO15__MARRATE_N1,,,
IT1:22_293_DF_DCIS_INDDEMOG1_1(1.0),A,ITF43,MARRATE,2018,3.3,,,,TIPO_DATO15__MARRATE_N1,,,
IT1:22_293_DF_DCIS_INDDEMOG1_1(1.0),A,ITF43,MARRATE,2019,2.9,,,,TIPO_DATO15__MARRATE_N1,,,
IT1:22_293_DF_DCIS_INDDEMOG1_1(1.0),A,ITF43,MARRATE,2020,1.3,,,,TIPO_DATO15__MARRATE_N1,,,
IT1:22_293_DF_DCIS_INDDEMOG1_1(1.0),A,ITF43,MARRATE,2021,3.2,,,,TIPO_DATO15__MARRATE_N1,,,
IT1:22_293_DF_DCIS_INDDEMOG1_1(1.0),A,ITF43,MARRATE,2022,3.2,,,,TIPO_DATO15__MARRATE_N1,,,
IT1:22_293_DF_DCIS_INDDEMOG1_1(1.0),A,ITF43,MARRATE,2023,3.1,,,,TIPO_DATO15__MARRATE_N1,,,
IT1:22_293_DF_DCIS_INDDEMOG1_1(1.0),A,ITF43,MARRATE,2024,2.8,,,,TIPO_DATO15__MARRATE_N1,,,
IT1:22_293_DF_DCIS_INDDEMOG1_1(1.0),A,ITF43,MARRATE,2025,2.5,p,,,TIPO_DATO15__MARRATE_N1,,,
IT1:22_293_DF_DCIS_INDDEMOG1_1(1.0),A,ITF44,MARRATE,2015,3.3,,,,TIPO_DATO15__MARRATE_N1,,,
IT1:22_293_DF_DCIS_INDDEMOG1_1(1.0),A,ITF44,MARRATE,2016,3.6,,,,TIPO_DATO15__MARRATE_N1,,,
IT1:22_293_DF_DCIS_INDDEMOG1_1(1.0),A,ITF44,MARRATE,2017,3.8,,,,TIPO_DATO15__MARRATE_N1,,,
IT1:22_293_DF_DCIS_INDDEMOG1_1(1.0),A,ITF44,MARRATE,2018,3.8,,,,TIPO_DATO15__MARRATE_N1,,,
IT1:22_293_DF_DCIS_INDDEMOG1_1(1.0),A,ITF44,MARRATE,2019,3.6,,,,TIPO_DATO15__MARRATE_N1,,,
IT1:22_293_DF_DCIS_INDDEMOG1_1(1.0),A,ITF44,MARRATE,2020,1.4,,,,TIPO_DATO15__MARRATE_N1,,,
IT1:22_293_DF_DCIS_INDDEMOG1_1(1.0),A,ITF44,MARRATE,2021,3.9,,,,TIPO_DATO15__MARRATE_N1,,,
IT1:22_293_DF_DCIS_INDDEMOG1_1(1.0),A,ITF44,MARRATE,2022,4,,,,TIPO_DATO15__MARRATE_N1,,,
IT1:22_293_DF_DCIS_INDDEMOG1_1(1.0),A,ITF44,MARRATE,2023,3.7,,,,TIPO_DATO15__MARRATE_N1,,,
IT1:22_293_DF_DCIS_INDDEMOG1_1(1.0),A,ITF44,MARRATE,2024,3.3,,,,TIPO_DATO15__MARRATE_N1,,,
IT1:22_293_DF_DCIS_INDDEMOG1_1(1.0),A,ITF44,MARRATE,2025,3.1,p,,,TIPO_DATO15__MARRATE_N1,,,
IT1:22_293_DF_DCIS_INDDEMOG1_1(1.0),A,ITF45,MARRATE,2015,3.4,,,,TIPO_DATO15__MARRATE_N1,,,
IT1:22_293_DF_DCIS_INDDEMOG1_1(1.0),A,ITF45,MARRATE,2016,3.9,,,,TIPO_DATO15__MARRATE_N1,,,
IT1:22_293_DF_DCIS_INDDEMOG1_1(1.0),A,ITF45,MARRATE,2017,3.7,,,,TIPO_DATO15__MARRATE_N1,,,
IT1:22_293_DF_DCIS_INDDEMOG1_1(1.0),A,ITF45,MARRATE,2018,3.9,,,,TIPO_DATO15__MARRATE_N1,,,
IT1:22_293_DF_DCIS_INDDEMOG1_1(1.0),A,ITF45,MARRATE,2019,3.6,,,,TIPO_DATO15__MARRATE_N1,,,
IT1:22_293_DF_DCIS_INDDEMOG1_1(1.0),A,ITF45,MARRATE,2020,1.6,,,,TIPO_DATO15__MARRATE_N1,,,
IT1:22_293_DF_DCIS_INDDEMOG1_1(1.0),A,ITF45,MARRATE,2021,3.8,,,,TIPO_DATO15__MARRATE_N1,,,
IT1:22_293_DF_DCIS_INDDEMOG1_1(1.0),A,ITF45,MARRATE,2022,3.6,,,,TIPO_DATO15__MARRATE_N1,,,
IT1:22_293_DF_DCIS_INDDEMOG1_1(1.0),A,ITF45,MARRATE,2023,3.5,,,,TIPO_DATO15__MARRATE_N1,,,
IT1:22_293_DF_DCIS_INDDEMOG1_1(1.0),A,ITF45,MARRATE,2024,3.1,,,,TIPO_DATO15__MARRATE_N1,,,
IT1:22_293_DF_DCIS_INDDEMOG1_1(1.0),A,ITF45,MARRATE,2025,2.9,p,,,TIPO_DATO15__MARRATE_N1,,,
IT1:22_293_DF_DCIS_INDDEMOG1_1(1.0),A,ITF5,MARRATE,2015,3.6,,,,TIPO_DATO15__MARRATE_N1,,,
IT1:22_293_DF_DCIS_INDDEMOG1_1(1.0),A,ITF5,MARRATE,2016,3.9,,,,TIPO_DATO15__MARRATE_N1,,,
IT1:22_293_DF_DCIS_INDDEMOG1_1(1.0),A,ITF5,MARRATE,2017,3.6,,,,TIPO_DATO15__MARRATE_N1,,,
IT1:22_293_DF_DCIS_INDDEMOG1_1(1.0),A,ITF5,MARRATE,2018,3.8,,,,TIPO_DATO15__MARRATE_N1,,,
IT1:22_293_DF_DCIS_INDDEMOG1_1(1.0),A,ITF5,MARRATE,2019,3.6,,,,TIPO_DATO15__MARRATE_N1,,,
IT1:22_293_DF_DCIS_INDDEMOG1_1(1.0),A,ITF5,MARRATE,2020,1.1,,,,TIPO_DATO15__MARRATE_N1,,,
IT1:22_293_DF_DCIS_INDDEMOG1_1(1.0),A,ITF5,MARRATE,2021,3.6,,,,TIPO_DATO15__MARRATE_N1,,,
IT1:22_293_DF_DCIS_INDDEMOG1_1(1.0),A,ITF5,MARRATE,2022,3.6,,,,TIPO_DATO15__MARRATE_N1,,,
IT1:22_293_DF_DCIS_INDDEMOG1_1(1.0),A,ITF5,MARRATE,2023,3.3,,,,TIPO_DATO15__MARRATE_N1,,,
IT1:22_293_DF_DCIS_INDDEMOG1_1(1.0),A,ITF5,MARRATE,2024,2.8,,,,TIPO_DATO15__MARRATE_N1,,,
IT1:22_293_DF_DCIS_INDDEMOG1_1(1.0),A,ITF5,MARRATE,2025,2.5,p,,,TIPO_DATO15__MARRATE_N1,,,
IT1:22_293_DF_DCIS_INDDEMOG1_1(1.0),A,ITF51,MARRATE,2015,3.5,,,,TIPO_DATO15__MARRATE_N1,,,
IT1:22_293_DF_DCIS_INDDEMOG1_1(1.0),A,ITF51,MARRATE,2016,3.7,,,,TIPO_DATO15__MARRATE_N1,,,
IT1:22_293_DF_DCIS_INDDEMOG1_1(1.0),A,ITF51,MARRATE,2017,3.6,,,,TIPO_DATO15__MARRATE_N1,,,
IT1:22_293_DF_DCIS_INDDEMOG1_1(1.0),A,ITF51,MARRATE,2018,3.9,,,,TIPO_DATO15__MARRATE_N1,,,
IT1:22_293_DF_DCIS_INDDEMOG1_1(1.0),A,ITF51,MARRATE,2019,3.5,,,,TIPO_DATO15__MARRATE_N1,,,
IT1:22_293_DF_DCIS_INDDEMOG1_1(1.0),A,ITF51,MARRATE,2020,0.9,,,,TIPO_DATO15__MARRATE_N1,,,
IT1:22_293_DF_DCIS_INDDEMOG1_1(1.0),A,ITF51,MARRATE,2021,3.4,,,,TIPO_DATO15__MARRATE_N1,,,
IT1:22_293_DF_DCIS_INDDEMOG1_1(1.0),A,ITF51,MARRATE,2022,3.4,,,,TIPO_DATO15__MARRATE_N1,,,
IT1:22_293_DF_DCIS_INDDEMOG1_1(1.0),A,ITF51,MARRATE,2023,3.1,,,,TIPO_DATO15__MARRATE_N1,,,
IT1:22_293_DF_DCIS_INDDEMOG1_1(1.0),A,ITF51,MARRATE,2024,2.6,,,,TIPO_DATO15__MARRATE_N1,,,
IT1:22_293_DF_DCIS_INDDEMOG1_1(1.0),A,ITF51,MARRATE,2025,2.3,p,,,TIPO_DATO15__MARRATE_N1,,,
IT1:22_293_DF_DCIS_INDDEMOG1_1(1.0),A,ITF52,MARRATE,2015,3.9,,,,TIPO_DATO15__MARRATE_N1,,,
IT1:22_293_DF_DCIS_INDDEMOG1_1(1.0),A,ITF52,MARRATE,2016,4.1,,,,TIPO_DATO15__MARRATE_N1,,,
IT1:22_293_DF_DCIS_INDDEMOG1_1(1.0),A,ITF52,MARRATE,2017,3.7,,,,TIPO_DATO15__MARRATE_N1,,,
IT1:22_293_DF_DCIS_INDDEMOG1_1(1.0),A,ITF52,MARRATE,2018,3.7,,,,TIPO_DATO15__MARRATE_N1,,,
IT1:22_293_DF_DCIS_INDDEMOG1_1(1.0),A,ITF52,MARRATE,2019,3.8,,,,TIPO_DATO15__MARRATE_N1,,,
IT1:22_293_DF_DCIS_INDDEMOG1_1(1.0),A,ITF52,MARRATE,2020,1.3,,,,TIPO_DATO15__MARRATE_N1,,,
IT1:22_293_DF_DCIS_INDDEMOG1_1(1.0),A,ITF52,MARRATE,2021,4.1,,,,TIPO_DATO15__MARRATE_N1,,,
IT1:22_293_DF_DCIS_INDDEMOG1_1(1.0),A,ITF52,MARRATE,2022,3.9,,,,TIPO_DATO15__MARRATE_N1,,,
IT1:22_293_DF_DCIS_INDDEMOG1_1(1.0),A,ITF52,MARRATE,2023,3.8,,,,TIPO_DATO15__MARRATE_N1,,,
IT1:22_293_DF_DCIS_INDDEMOG1_1(1.0),A,ITF52,MARRATE,2024,3.3,,,,TIPO_DATO15__MARRATE_N1,,,
IT1:22_293_DF_DCIS_INDDEMOG1_1(1.0),A,ITF52,MARRATE,2025,3,p,,,TIPO_DATO15__MARRATE_N1,,,
IT1:22_293_DF_DCIS_INDDEMOG1_1(1.0),A,ITF6,MARRATE,2015,4.2,,,,TIPO_DATO15__MARRATE_N1,,,
IT1:22_293_DF_DCIS_INDDEMOG1_1(1.0),A,ITF6,MARRATE,2016,4.5,,,,TIPO_DATO15__MARRATE_N1,,,
IT1:22_293_DF_DCIS_INDDEMOG1_1(1.0),A,ITF6,MARRATE,2017,4,,,,TIPO_DATO15__MARRATE_N1,,,
IT1:22_293_DF_DCIS_INDDEMOG1_1(1.0),A,ITF6,MARRATE,2018,4.1,,,,TIPO_DATO15__MARRATE_N1,,,
IT1:22_293_DF_DCIS_INDDEMOG1_1(1.0),A,ITF6,MARRATE,2019,3.8,,,,TIPO_DATO15__MARRATE_N1,,,
IT1:22_293_DF_DCIS_INDDEMOG1_1(1.0),A,ITF6,MARRATE,2020,1.6,,,,TIPO_DATO15__MARRATE_N1,,,
IT1:22_293_DF_DCIS_INDDEMOG1_1(1.0),A,ITF6,MARRATE,2021,4.3,,,,TIPO_DATO15__MARRATE_N1,,,
IT1:22_293_DF_DCIS_INDDEMOG1_1(1.0),A,ITF6,MARRATE,2022,3.8,,,,TIPO_DATO15__MARRATE_N1,,,
IT1:22_293_DF_DCIS_INDDEMOG1_1(1.0),A,ITF6,MARRATE,2023,3.5,,,,TIPO_DATO15__MARRATE_N1,,,
IT1:22_293_DF_DCIS_INDDEMOG1_1(1.0),A,ITF6,MARRATE,2024,3.2,,,,TIPO_DATO15__MARRATE_N1,,,
IT1:22_293_DF_DCIS_INDDEMOG1_1(1.0),A,ITF6,MARRATE,2025,3,p,,,TIPO_DATO15__MARRATE_N1,,,
IT1:22_293_DF_DCIS_INDDEMOG1_1(1.0),A,ITF61,MARRATE,2015,4,,,,TIPO_DATO15__MARRATE_N1,,,
IT1:22_293_DF_DCIS_INDDEMOG1_1(1.0),A,ITF61,MARRATE,2016,4.2,,,,TIPO_DATO15__MARRATE_N1,,,
IT1:22_293_DF_DCIS_INDDEMOG1_1(1.0),A,ITF61,MARRATE,2017,3.7,,,,TIPO_DATO15__MARRATE_N1,,,
IT1:22_293_DF_DCIS_INDDEMOG1_1(1.0),A,ITF61,MARRATE,2018,3.7,,,,TIPO_DATO15__MARRATE_N1,,,
IT1:22_293_DF_DCIS_INDDEMOG1_1(1.0),A,ITF61,MARRATE,2019,3.5,,,,TIPO_DATO15__MARRATE_N1,,,
IT1:22_293_DF_DCIS_INDDEMOG1_1(1.0),A,ITF61,MARRATE,2020,1.3,,,,TIPO_DATO15__MARRATE_N1,,,
IT1:22_293_DF_DCIS_INDDEMOG1_1(1.0),A,ITF61,MARRATE,2021,3.6,,,,TIPO_DATO15__MARRATE_N1,,,
IT1:22_293_DF_DCIS_INDDEMOG1_1(1.0),A,ITF61,MARRATE,2022,3.3,,,,TIPO_DATO15__MARRATE_N1,,,
IT1:22_293_DF_DCIS_INDDEMOG1_1(1.0),A,ITF61,MARRATE,2023,3,,,,TIPO_DATO15__MARRATE_N1,,,
IT1:22_293_DF_DCIS_INDDEMOG1_1(1.0),A,ITF61,MARRATE,2024,2.7,,,,TIPO_DATO15__MARRATE_N1,,,
IT1:22_293_DF_DCIS_INDDEMOG1_1(1.0),A,ITF61,MARRATE,2025,2.5,p,,,TIPO_DATO15__MARRATE_N1,,,
IT1:22_293_DF_DCIS_INDDEMOG1_1(1.0),A,ITF62,MARRATE,2015,4.5,,,,TIPO_DATO15__MARRATE_N1,,,
IT1:22_293_DF_DCIS_INDDEMOG1_1(1.0),A,ITF62,MARRATE,2016,4.6,,,,TIPO_DATO15__MARRATE_N1,,,
IT1:22_293_DF_DCIS_INDDEMOG1_1(1.0),A,ITF62,MARRATE,2017,4,,,,TIPO_DATO15__MARRATE_N1,,,
IT1:22_293_DF_DCIS_INDDEMOG1_1(1.0),A,ITF62,MARRATE,2018,4.5,,,,TIPO_DATO15__MARRATE_N1,,,
IT1:22_293_DF_DCIS_INDDEMOG1_1(1.0),A,ITF62,MARRATE,2019,4.1,,,,TIPO_DATO15__MARRATE_N1,,,
IT1:22_293_DF_DCIS_INDDEMOG1_1(1.0),A,ITF62,MARRATE,2020,1.5,,,,TIPO_DATO15__MARRATE_N1,,,
IT1:22_293_DF_DCIS_INDDEMOG1_1(1.0),A,ITF62,MARRATE,2021,4.7,,,,TIPO_DATO15__MARRATE_N1,,,
IT1:22_293_DF_DCIS_INDDEMOG1_1(1.0),A,ITF62,MARRATE,2022,4.1,,,,TIPO_DATO15__MARRATE_N1,,,
IT1:22_293_DF_DCIS_INDDEMOG1_1(1.0),A,ITF62,MARRATE,2023,3.6,,,,TIPO_DATO15__MARRATE_N1,,,
IT1:22_293_DF_DCIS_INDDEMOG1_1(1.0),A,ITF62,MARRATE,2024,3.2,,,,TIPO_DATO15__MARRATE_N1,,,
IT1:22_293_DF_DCIS_INDDEMOG1_1(1.0),A,ITF62,MARRATE,2025,3.2,p,,,TIPO_DATO15__MARRATE_N1,,,
IT1:22_293_DF_DCIS_INDDEMOG1_1(1.0),A,ITF63,MARRATE,2015,4.1,,,,TIPO_DATO15__MARRATE_N1,,,
IT1:22_293_DF_DCIS_INDDEMOG1_1(1.0),A,ITF63,MARRATE,2016,4,,,,TIPO_DATO15__MARRATE_N1,,,
IT1:22_293_DF_DCIS_INDDEMOG1_1(1.0),A,ITF63,MARRATE,2017,3.7,,,,TIPO_DATO15__MARRATE_N1,,,
IT1:22_293_DF_DCIS_INDDEMOG1_1(1.0),A,ITF63,MARRATE,2018,3.4,,,,TIPO_DATO15__MARRATE_N1,,,
IT1:22_293_DF_DCIS_INDDEMOG1_1(1.0),A,ITF63,MARRATE,2019,3.4,,,,TIPO_DATO15__MARRATE_N1,,,
IT1:22_293_DF_DCIS_INDDEMOG1_1(1.0),A,ITF63,MARRATE,2020,1.6,,,,TIPO_DATO15__MARRATE_N1,,,
IT1:22_293_DF_DCIS_INDDEMOG1_1(1.0),A,ITF63,MARRATE,2021,3.9,,,,TIPO_DATO15__MARRATE_N1,,,
IT1:22_293_DF_DCIS_INDDEMOG1_1(1.0),A,ITF63,MARRATE,2022,3.4,,,,TIPO_DATO15__MARRATE_N1,,,
IT1:22_293_DF_DCIS_INDDEMOG1_1(1.0),A,ITF63,MARRATE,2023,3.1,,,,TIPO_DATO15__MARRATE_N1,,,
IT1:22_293_DF_DCIS_INDDEMOG1_1(1.0),A,ITF63,MARRATE,2024,2.9,,,,TIPO_DATO15__MARRATE_N1,,,
IT1:22_293_DF_DCIS_INDDEMOG1_1(1.0),A,ITF63,MARRATE,2025,2.8,p,,,TIPO_DATO15__MARRATE_N1,,,
IT1:22_293_DF_DCIS_INDDEMOG1_1(1.0),A,ITF64,MARRATE,2015,4.4,,,,TIPO_DATO15__MARRATE_N1,,,
IT1:22_293_DF_DCIS_INDDEMOG1_1(1.0),A,ITF64,MARRATE,2016,5.4,,,,TIPO_DATO15__MARRATE_N1,,,
IT1:22_293_DF_DCIS_INDDEMOG1_1(1.0),A,ITF64,MARRATE,2017,4.7,,,,TIPO_DATO15__MARRATE_N1,,,
IT1:22_293_DF_DCIS_INDDEMOG1_1(1.0),A,ITF64,MARRATE,2018,5,,,,TIPO_DATO15__MARRATE_N1,,,
IT1:22_293_DF_DCIS_INDDEMOG1_1(1.0),A,ITF64,MARRATE,2019,4.5,,,,TIPO_DATO15__MARRATE_N1,,,
IT1:22_293_DF_DCIS_INDDEMOG1_1(1.0),A,ITF64,MARRATE,2020,1.6,,,,TIPO_DATO15__MARRATE_N1,,,
IT1:22_293_DF_DCIS_INDDEMOG1_1(1.0),A,ITF64,MARRATE,2021,5.2,,,,TIPO_DATO15__MARRATE_N1,,,
IT1:22_293_DF_DCIS_INDDEMOG1_1(1.0),A,ITF64,MARRATE,2022,4.8,,,,TIPO_DATO15__MARRATE_N1,,,
IT1:22_293_DF_DCIS_INDDEMOG1_1(1.0),A,ITF64,MARRATE,2023,4.4,,,,TIPO_DATO15__MARRATE_N1,,,
IT1:22_293_DF_DCIS_INDDEMOG1_1(1.0),A,ITF64,MARRATE,2024,4.2,,,,TIPO_DATO15__MARRATE_N1,,,
IT1:22_293_DF_DCIS_INDDEMOG1_1(1.0),A,ITF64,MARRATE,2025,3.8,p,,,TIPO_DATO15__MARRATE_N1,,,
IT1:22_293_DF_DCIS_INDDEMOG1_1(1.0),A,ITF65,MARRATE,2015,4.3,,,,TIPO_DATO15__MARRATE_N1,,,
IT1:22_293_DF_DCIS_INDDEMOG1_1(1.0),A,ITF65,MARRATE,2016,4.9,,,,TIPO_DATO15__MARRATE_N1,,,
IT1:22_293_DF_DCIS_INDDEMOG1_1(1.0),A,ITF65,MARRATE,2017,4.3,,,,TIPO_DATO15__MARRATE_N1,,,
IT1:22_293_DF_DCIS_INDDEMOG1_1(1.0),A,ITF65,MARRATE,2018,4.8,,,,TIPO_DATO15__MARRATE_N1,,,
IT1:22_293_DF_DCIS_INDDEMOG1_1(1.0),A,ITF65,MARRATE,2019,4,,,,TIPO_DATO15__MARRATE_N1,,,
IT1:22_293_DF_DCIS_INDDEMOG1_1(1.0),A,ITF65,MARRATE,2020,2.1,,,,TIPO_DATO15__MARRATE_N1,,,
IT1:22_293_DF_DCIS_INDDEMOG1_1(1.0),A,ITF65,MARRATE,2021,5,,,,TIPO_DATO15__MARRATE_N1,,,
IT1:22_293_DF_DCIS_INDDEMOG1_1(1.0),A,ITF65,MARRATE,2022,4.2,,,,TIPO_DATO15__MARRATE_N1,,,
IT1:22_293_DF_DCIS_INDDEMOG1_1(1.0),A,ITF65,MARRATE,2023,4.1,,,,TIPO_DATO15__MARRATE_N1,,,
IT1:22_293_DF_DCIS_INDDEMOG1_1(1.0),A,ITF65,MARRATE,2024,3.6,,,,TIPO_DATO15__MARRATE_N1,,,
IT1:22_293_DF_DCIS_INDDEMOG1_1(1.0),A,ITF65,MARRATE,2025,3.3,p,,,TIPO_DATO15__MARRATE_N1,,,
IT1:22_293_DF_DCIS_INDDEMOG1_1(1.0),A,ITFG,MARRATE,2015,3.8,,,,TIPO_DATO15__MARRATE_N1,,,
IT1:22_293_DF_DCIS_INDDEMOG1_1(1.0),A,ITFG,MARRATE,2016,4,,,,TIPO_DATO15__MARRATE_N1,,,
IT1:22_293_DF_DCIS_INDDEMOG1_1(1.0),A,ITFG,MARRATE,2017,3.8,,,,TIPO_DATO15__MARRATE_N1,,,
IT1:22_293_DF_DCIS_INDDEMOG1_1(1.0),A,ITFG,MARRATE,2018,3.9,,,,TIPO_DATO15__MARRATE_N1,,,
IT1:22_293_DF_DCIS_INDDEMOG1_1(1.0),A,ITFG,MARRATE,2019,2.8,,,,TIPO_DATO15__MARRATE_N1,,,
IT1:22_293_DF_DCIS_INDDEMOG1_1(1.0),A,ITFG,MARRATE,2020,1.7,,,,TIPO_DATO15__MARRATE_N1,,,
IT1:22_293_DF_DCIS_INDDEMOG1_1(1.0),A,ITFG,MARRATE,2021,3.8,,,,TIPO_DATO15__MARRATE_N1,,,
IT1:22_293_DF_DCIS_INDDEMOG1_1(1.0),A,ITFG,MARRATE,2022,3.7,,,,TIPO_DATO15__MARRATE_N1,,,
IT1:22_293_DF_DCIS_INDDEMOG1_1(1.0),A,ITFG,MARRATE,2023,3.5,,,,TIPO_DATO15__MARRATE_N1,,,
IT1:22_293_DF_DCIS_INDDEMOG1_1(1.0),A,ITFG,MARRATE,2024,3.2,,,,TIPO_DATO15__MARRATE_N1,,,
IT1:22_293_DF_DCIS_INDDEMOG1_1(1.0),A,ITFG,MARRATE,2025,2.9,p,,,TIPO_DATO15__MARRATE_N1,,,
IT1:22_293_DF_DCIS_INDDEMOG1_1(1.0),A,ITG,MARRATE,2015,3.8,,,,TIPO_DATO15__MARRATE_N1,,,
IT1:22_293_DF_DCIS_INDDEMOG1_1(1.0),A,ITG,MARRATE,2016,4,,,,TIPO_DATO15__MARRATE_N1,,,
IT1:22_293_DF_DCIS_INDDEMOG1_1(1.0),A,ITG,MARRATE,2017,3.8,,,,TIPO_DATO15__MARRATE_N1,,,
IT1:22_293_DF_DCIS_INDDEMOG1_1(1.0),A,ITG,MARRATE,2018,3.9,,,,TIPO_DATO15__MARRATE_N1,,,
IT1:22_293_DF_DCIS_INDDEMOG1_1(1.0),A,ITG,MARRATE,2019,3.6,,,,TIPO_DATO15__MARRATE_N1,,,
IT1:22_293_DF_DCIS_INDDEMOG1_1(1.0),A,ITG,MARRATE,2020,1.9,,,,TIPO_DATO15__MARRATE_N1,,,
IT1:22_293_DF_DCIS_INDDEMOG1_1(1.0),A,ITG,MARRATE,2021,3.7,,,,TIPO_DATO15__MARRATE_N1,,,
IT1:22_293_DF_DCIS_INDDEMOG1_1(1.0),A,ITG,MARRATE,2022,3.6,,,,TIPO_DATO15__MARRATE_N1,,,
IT1:22_293_DF_DCIS_INDDEMOG1_1(1.0),A,ITG,MARRATE,2023,3.4,,,,TIPO_DATO15__MARRATE_N1,,,
IT1:22_293_DF_DCIS_INDDEMOG1_1(1.0),A,ITG,MARRATE,2024,3.2,,,,TIPO_DATO15__MARRATE_N1,,,
IT1:22_293_DF_DCIS_INDDEMOG1_1(1.0),A,ITG,MARRATE,2025,2.9,p,,,TIPO_DATO15__MARRATE_N1,,,
IT1:22_293_DF_DCIS_INDDEMOG1_1(1.0),A,ITG1,MARRATE,2015,4.1,,,,TIPO_DATO15__MARRATE_N1,,,
IT1:22_293_DF_DCIS_INDDEMOG1_1(1.0),A,ITG1,MARRATE,2016,4.2,,,,TIPO_DATO15__MARRATE_N1,,,
IT1:22_293_DF_DCIS_INDDEMOG1_1(1.0),A,ITG1,MARRATE,2017,4.1,,,,TIPO_DATO15__MARRATE_N1,,,
IT1:22_293_DF_DCIS_INDDEMOG1_1(1.0),A,ITG1,MARRATE,2018,4.3,,,,TIPO_DATO15__MARRATE_N1,,,
IT1:22_293_DF_DCIS_INDDEMOG1_1(1.0),A,ITG1,MARRATE,2019,3.9,,,,TIPO_DATO15__MARRATE_N1,,,
IT1:22_293_DF_DCIS_INDDEMOG1_1(1.0),A,ITG1,MARRATE,2020,2,,,,TIPO_DATO15__MARRATE_N1,,,
IT1:22_293_DF_DCIS_INDDEMOG1_1(1.0),A,ITG1,MARRATE,2021,4.2,,,,TIPO_DATO15__MARRATE_N1,,,
IT1:22_293_DF_DCIS_INDDEMOG1_1(1.0),A,ITG1,MARRATE,2022,3.8,,,,TIPO_DATO15__MARRATE_N1,,,
IT1:22_293_DF_DCIS_INDDEMOG1_1(1.0),A,ITG1,MARRATE,2023,3.7,,,,TIPO_DATO15__MARRATE_N1,,,
IT1:22_293_DF_DCIS_INDDEMOG1_1(1.0),A,ITG1,MARRATE,2024,3.4,,,,TIPO_DATO15__MARRATE_N1,,,
IT1:22_293_DF_DCIS_INDDEMOG1_1(1.0),A,ITG1,MARRATE,2025,3.1,p,,,TIPO_DATO15__MARRATE_N1,,,
IT1:22_293_DF_DCIS_INDDEMOG1_1(1.0),A,ITG11,MARRATE,2015,4.2,,,,TIPO_DATO15__MARRATE_N1,,,
IT1:22_293_DF_DCIS_INDDEMOG1_1(1.0),A,ITG11,MARRATE,2016,4.4,,,,TIPO_DATO15__MARRATE_N1,,,
IT1:22_293_DF_DCIS_INDDEMOG1_1(1.0),A,ITG11,MARRATE,2017,3.7,,,,TIPO_DATO15__MARRATE_N1,,,
IT1:22_293_DF_DCIS_INDDEMOG1_1(1.0),A,ITG11,MARRATE,2018,4.3,,,,TIPO_DATO15__MARRATE_N1,,,
IT1:22_293_DF_DCIS_INDDEMOG1_1(1.0),A,ITG11,MARRATE,2019,4.2,,,,TIPO_DATO15__MARRATE_N1,,,
IT1:22_293_DF_DCIS_INDDEMOG1_1(1.0),A,ITG11,MARRATE,2020,1.8,,,,TIPO_DATO15__MARRATE_N1,,,
IT1:22_293_DF_DCIS_INDDEMOG1_1(1.0),A,ITG11,MARRATE,2021,4.5,,,,TIPO_DATO15__MARRATE_N1,,,
IT1:22_293_DF_DCIS_INDDEMOG1_1(1.0),A,ITG11,MARRATE,2022,4.2,,,,TIPO_DATO15__MARRATE_N1,,,
IT1:22_293_DF_DCIS_INDDEMOG1_1(1.0),A,ITG11,MARRATE,2023,4.3,,,,TIPO_DATO15__MARRATE_N1,,,
IT1:22_293_DF_DCIS_INDDEMOG1_1(1.0),A,ITG11,MARRATE,2024,3.7,,,,TIPO_DATO15__MARRATE_N1,,,
IT1:22_293_DF_DCIS_INDDEMOG1_1(1.0),A,ITG11,MARRATE,2025,3.4,p,,,TIPO_DATO15__MARRATE_N1,,,
IT1:22_293_DF_DCIS_INDDEMOG1_1(1.0),A,ITG12,MARRATE,2015,4.4,,,,TIPO_DATO15__MARRATE_N1,,,
IT1:22_293_DF_DCIS_INDDEMOG1_1(1.0),A,ITG12,MARRATE,2016,4.4,,,,TIPO_DATO15__MARRATE_N1,,,
IT1:22_293_DF_DCIS_INDDEMOG1_1(1.0),A,ITG12,MARRATE,2017,4.4,,,,TIPO_DATO15__MARRATE_N1,,,
IT1:22_293_DF_DCIS_INDDEMOG1_1(1.0),A,ITG12,MARRATE,2018,4.5,,,,TIPO_DATO15__MARRATE_N1,,,
IT1:22_293_DF_DCIS_INDDEMOG1_1(1.0),A,ITG12,MARRATE,2019,4.1,,,,TIPO_DATO15__MARRATE_N1,,,
IT1:22_293_DF_DCIS_INDDEMOG1_1(1.0),A,ITG12,MARRATE,2020,2.1,,,,TIPO_DATO15__MARRATE_N1,,,
IT1:22_293_DF_DCIS_INDDEMOG1_1(1.0),A,ITG12,MARRATE,2021,4.4,,,,TIPO_DATO15__MARRATE_N1,,,
IT1:22_293_DF_DCIS_INDDEMOG1_1(1.0),A,ITG12,MARRATE,2022,4,,,,TIPO_DATO15__MARRATE_N1,,,
IT1:22_293_DF_DCIS_INDDEMOG1_1(1.0),A,ITG12,MARRATE,2023,3.9,,,,TIPO_DATO15__MARRATE_N1,,,
IT1:22_293_DF_DCIS_INDDEMOG1_1(1.0),A,ITG12,MARRATE,2024,3.7,,,,TIPO_DATO15__MARRATE_N1,,,
IT1:22_293_DF_DCIS_INDDEMOG1_1(1.0),A,ITG12,MARRATE,2025,3.3,p,,,TIPO_DATO15__MARRATE_N1,,,
IT1:22_293_DF_DCIS_INDDEMOG1_1(1.0),A,ITG13,MARRATE,2015,4.2,,,,TIPO_DATO15__MARRATE_N1,,,
IT1:22_293_DF_DCIS_INDDEMOG1_1(1.0),A,ITG13,MARRATE,2016,4.2,,,,TIPO_DATO15__MARRATE_N1,,,
IT1:22_293_DF_DCIS_INDDEMOG1_1(1.0),A,ITG13,MARRATE,2017,4,,,,TIPO_DATO15__MARRATE_N1,,,
IT1:22_293_DF_DCIS_INDDEMOG1_1(1.0),A,ITG13,MARRATE,2018,4.1,,,,TIPO_DATO15__MARRATE_N1,,,
IT1:22_293_DF_DCIS_INDDEMOG1_1(1.0),A,ITG13,MARRATE,2019,3.7,,,,TIPO_DATO15__MARRATE_N1,,,
IT1:22_293_DF_DCIS_INDDEMOG1_1(1.0),A,ITG13,MARRATE,2020,1.9,,,,TIPO_DATO15__MARRATE_N1,,,
IT1:22_293_DF_DCIS_INDDEMOG1_1(1.0),A,ITG13,MARRATE,2021,3.8,,,,TIPO_DATO15__MARRATE_N1,,,
IT1:22_293_DF_DCIS_INDDEMOG1_1(1.0),A,ITG13,MARRATE,2022,3.7,,,,TIPO_DATO15__MARRATE_N1,,,
IT1:22_293_DF_DCIS_INDDEMOG1_1(1.0),A,ITG13,MARRATE,2023,3.5,,,,TIPO_DATO15__MARRATE_N1,,,
IT1:22_293_DF_DCIS_INDDEMOG1_1(1.0),A,ITG13,MARRATE,2024,3.2,,,,TIPO_DATO15__MARRATE_N1,,,
IT1:22_293_DF_DCIS_INDDEMOG1_1(1.0),A,ITG13,MARRATE,2025,3,p,,,TIPO_DATO15__MARRATE_N1,,,
IT1:22_293_DF_DCIS_INDDEMOG1_1(1.0),A,ITG14,MARRATE,2015,4.2,,,,TIPO_DATO15__MARRATE_N1,,,
IT1:22_293_DF_DCIS_INDDEMOG1_1(1.0),A,ITG14,MARRATE,2016,4.6,,,,TIPO_DATO15__MARRATE_N1,,,
IT1:22_293_DF_DCIS_INDDEMOG1_1(1.0),A,ITG14,MARRATE,2017,4.4,,,,TIPO_DATO15__MARRATE_N1,,,
IT1:22_293_DF_DCIS_INDDEMOG1_1(1.0),A,ITG14,MARRATE,2018,4.5,,,,TIPO_DATO15__MARRATE_N1,,,
IT1:22_293_DF_DCIS_INDDEMOG1_1(1.0),A,ITG14,MARRATE,2019,4.1,,,,TIPO_DATO15__MARRATE_N1,,,
IT1:22_293_DF_DCIS_INDDEMOG1_1(1.0),A,ITG14,MARRATE,2020,2.2,,,,TIPO_DATO15__MARRATE_N1,,,
IT1:22_293_DF_DCIS_INDDEMOG1_1(1.0),A,ITG14,MARRATE,2021,5.4,,,,TIPO_DATO15__MARRATE_N1,,,
IT1:22_293_DF_DCIS_INDDEMOG1_1(1.0),A,ITG14,MARRATE,2022,4.4,,,,TIPO_DATO15__MARRATE_N1,,,
IT1:22_293_DF_DCIS_INDDEMOG1_1(1.0),A,ITG14,MARRATE,2023,4.2,,,,TIPO_DATO15__MARRATE_N1,,,
IT1:22_293_DF_DCIS_INDDEMOG1_1(1.0),A,ITG14,MARRATE,2024,3.7,,,,TIPO_DATO15__MARRATE_N1,,,
IT1:22_293_DF_DCIS_INDDEMOG1_1(1.0),A,ITG14,MARRATE,2025,3.6,p,,,TIPO_DATO15__MARRATE_N1,,,
IT1:22_293_DF_DCIS_INDDEMOG1_1(1.0),A,ITG15,MARRATE,2015,2.9,,,,TIPO_DATO15__MARRATE_N1,,,
IT1:22_293_DF_DCIS_INDDEMOG1_1(1.0),A,ITG15,MARRATE,2016,3,,,,TIPO_DATO15__MARRATE_N1,,,
IT1:22_293_DF_DCIS_INDDEMOG1_1(1.0),A,ITG15,MARRATE,2017,3.2,,,,TIPO_DATO15__MARRATE_N1,,,
IT1:22_293_DF_DCIS_INDDEMOG1_1(1.0),A,ITG15,MARRATE,2018,4,,,,TIPO_DATO15__MARRATE_N1,,,
IT1:22_293_DF_DCIS_INDDEMOG1_1(1.0),A,ITG15,MARRATE,2019,3.8,,,,TIPO_DATO15__MARRATE_N1,,,
IT1:22_293_DF_DCIS_INDDEMOG1_1(1.0),A,ITG15,MARRATE,2020,1.9,,,,TIPO_DATO15__MARRATE_N1,,,
IT1:22_293_DF_DCIS_INDDEMOG1_1(1.0),A,ITG15,MARRATE,2021,4.2,,,,TIPO_DATO15__MARRATE_N1,,,
IT1:22_293_DF_DCIS_INDDEMOG1_1(1.0),A,ITG15,MARRATE,2022,3.6,,,,TIPO_DATO15__MARRATE_N1,,,
IT1:22_293_DF_DCIS_INDDEMOG1_1(1.0),A,ITG15,MARRATE,2023,3.6,,,,TIPO_DATO15__MARRATE_N1,,,
IT1:22_293_DF_DCIS_INDDEMOG1_1(1.0),A,ITG15,MARRATE,2024,2.9,,,,TIPO_DATO15__MARRATE_N1,,,
IT1:22_293_DF_DCIS_INDDEMOG1_1(1.0),A,ITG15,MARRATE,2025,2.8,p,,,TIPO_DATO15__MARRATE_N1,,,
IT1:22_293_DF_DCIS_INDDEMOG1_1(1.0),A,ITG16,MARRATE,2015,3.9,,,,TIPO_DATO15__MARRATE_N1,,,
IT1:22_293_DF_DCIS_INDDEMOG1_1(1.0),A,ITG16,MARRATE,2016,4.1,,,,TIPO_DATO15__MARRATE_N1,,,
IT1:22_293_DF_DCIS_INDDEMOG1_1(1.0),A,ITG16,MARRATE,2017,4.1,,,,TIPO_DATO15__MARRATE_N1,,,
IT1:22_293_DF_DCIS_INDDEMOG1_1(1.0),A,ITG16,MARRATE,2018,4,,,,TIPO_DATO15__MARRATE_N1,,,
IT1:22_293_DF_DCIS_INDDEMOG1_1(1.0),A,ITG16,MARRATE,2019,3.5,,,,TIPO_DATO15__MARRATE_N1,,,
IT1:22_293_DF_DCIS_INDDEMOG1_1(1.0),A,ITG16,MARRATE,2020,2,,,,TIPO_DATO15__MARRATE_N1,,,
IT1:22_293_DF_DCIS_INDDEMOG1_1(1.0),A,ITG16,MARRATE,2021,4,,,,TIPO_DATO15__MARRATE_N1,,,
IT1:22_293_DF_DCIS_INDDEMOG1_1(1.0),A,ITG16,MARRATE,2022,3.4,,,,TIPO_DATO15__MARRATE_N1,,,
IT1:22_293_DF_DCIS_INDDEMOG1_1(1.0),A,ITG16,MARRATE,2023,3.4,,,,TIPO_DATO15__MARRATE_N1,,,
IT1:22_293_DF_DCIS_INDDEMOG1_1(1.0),A,ITG16,MARRATE,2024,3.2,,,,TIPO_DATO15__MARRATE_N1,,,
IT1:22_293_DF_DCIS_INDDEMOG1_1(1.0),A,ITG16,MARRATE,2025,3,p,,,TIPO_DATO15__MARRATE_N1,,,
IT1:22_293_DF_DCIS_INDDEMOG1_1(1.0),A,ITG17,MARRATE,2015,4.1,,,,TIPO_DATO15__MARRATE_N1,,,
IT1:22_293_DF_DCIS_INDDEMOG1_1(1.0),A,ITG17,MARRATE,2016,4.4,,,,TIPO_DATO15__MARRATE_N1,,,
IT1:22_293_DF_DCIS_INDDEMOG1_1(1.0),A,ITG17,MARRATE,2017,4.1,,,,TIPO_DATO15__MARRATE_N1,,,
IT1:22_293_DF_DCIS_INDDEMOG1_1(1.0),A,ITG17,MARRATE,2018,4.3,,,,TIPO_DATO15__MARRATE_N1,,,
IT1:22_293_DF_DCIS_INDDEMOG1_1(1.0),A,ITG17,MARRATE,2019,3.7,,,,TIPO_DATO15__MARRATE_N1,,,
IT1:22_293_DF_DCIS_INDDEMOG1_1(1.0),A,ITG17,MARRATE,2020,1.9,,,,TIPO_DATO15__MARRATE_N1,,,
IT1:22_293_DF_DCIS_INDDEMOG1_1(1.0),A,ITG17,MARRATE,2021,4,,,,TIPO_DATO15__MARRATE_N1,,,
IT1:22_293_DF_DCIS_INDDEMOG1_1(1.0),A,ITG17,MARRATE,2022,3.6,,,,TIPO_DATO15__MARRATE_N1,,,
IT1:22_293_DF_DCIS_INDDEMOG1_1(1.0),A,ITG17,MARRATE,2023,3.4,,,,TIPO_DATO15__MARRATE_N1,,,
IT1:22_293_DF_DCIS_INDDEMOG1_1(1.0),A,ITG17,MARRATE,2024,3.1,,,,TIPO_DATO15__MARRATE_N1,,,
IT1:22_293_DF_DCIS_INDDEMOG1_1(1.0),A,ITG17,MARRATE,2025,2.9,p,,,TIPO_DATO15__MARRATE_N1,,,
IT1:22_293_DF_DCIS_INDDEMOG1_1(1.0),A,ITG18,MARRATE,2015,4.1,,,,TIPO_DATO15__MARRATE_N1,,,
IT1:22_293_DF_DCIS_INDDEMOG1_1(1.0),A,ITG18,MARRATE,2016,4.2,,,,TIPO_DATO15__MARRATE_N1,,,
IT1:22_293_DF_DCIS_INDDEMOG1_1(1.0),A,ITG18,MARRATE,2017,3.9,,,,TIPO_DATO15__MARRATE_N1,,,
IT1:22_293_DF_DCIS_INDDEMOG1_1(1.0),A,ITG18,MARRATE,2018,4,,,,TIPO_DATO15__MARRATE_N1,,,
IT1:22_293_DF_DCIS_INDDEMOG1_1(1.0),A,ITG18,MARRATE,2019,3.9,,,,TIPO_DATO15__MARRATE_N1,,,
IT1:22_293_DF_DCIS_INDDEMOG1_1(1.0),A,ITG18,MARRATE,2020,2,,,,TIPO_DATO15__MARRATE_N1,,,
IT1:22_293_DF_DCIS_INDDEMOG1_1(1.0),A,ITG18,MARRATE,2021,3.4,,,,TIPO_DATO15__MARRATE_N1,,,
IT1:22_293_DF_DCIS_INDDEMOG1_1(1.0),A,ITG18,MARRATE,2022,3.5,,,,TIPO_DATO15__MARRATE_N1,,,
IT1:22_293_DF_DCIS_INDDEMOG1_1(1.0),A,ITG18,MARRATE,2023,3.5,,,,TIPO_DATO15__MARRATE_N1,,,
IT1:22_293_DF_DCIS_INDDEMOG1_1(1.0),A,ITG18,MARRATE,2024,3.4,,,,TIPO_DATO15__MARRATE_N1,,,
IT1:22_293_DF_DCIS_INDDEMOG1_1(1.0),A,ITG18,MARRATE,2025,2.9,p,,,TIPO_DATO15__MARRATE_N1,,,
IT1:22_293_DF_DCIS_INDDEMOG1_1(1.0),A,ITG19,MARRATE,2015,4,,,,TIPO_DATO15__MARRATE_N1,,,
IT1:22_293_DF_DCIS_INDDEMOG1_1(1.0),A,ITG19,MARRATE,2016,3.7,,,,TIPO_DATO15__MARRATE_N1,,,
IT1:22_293_DF_DCIS_INDDEMOG1_1(1.0),A,ITG19,MARRATE,2017,3.9,,,,TIPO_DATO15__MARRATE_N1,,,
IT1:22_293_DF_DCIS_INDDEMOG1_1(1.0),A,ITG19,MARRATE,2018,4.1,,,,TIPO_DATO15__MARRATE_N1,,,
IT1:22_293_DF_DCIS_INDDEMOG1_1(1.0),A,ITG19,MARRATE,2019,3.7,,,,TIPO_DATO15__MARRATE_N1,,,
IT1:22_293_DF_DCIS_INDDEMOG1_1(1.0),A,ITG19,MARRATE,2020,2.3,,,,TIPO_DATO15__MARRATE_N1,,,
IT1:22_293_DF_DCIS_INDDEMOG1_1(1.0),A,ITG19,MARRATE,2021,3.6,,,,TIPO_DATO15__MARRATE_N1,,,
IT1:22_293_DF_DCIS_INDDEMOG1_1(1.0),A,ITG19,MARRATE,2022,3.8,,,,TIPO_DATO15__MARRATE_N1,,,
IT1:22_293_DF_DCIS_INDDEMOG1_1(1.0),A,ITG19,MARRATE,2023,3.6,,,,TIPO_DATO15__MARRATE_N1,,,
IT1:22_293_DF_DCIS_INDDEMOG1_1(1.0),A,ITG19,MARRATE,2024,3.3,,,,TIPO_DATO15__MARRATE_N1,,,
IT1:22_293_DF_DCIS_INDDEMOG1_1(1.0),A,ITG19,MARRATE,2025,3,p,,,TIPO_DATO15__MARRATE_N1,,,
IT1:22_293_DF_DCIS_INDDEMOG1_1(1.0),A,ITG2,MARRATE,2015,3,,,,TIPO_DATO15__MARRATE_N1,,,
IT1:22_293_DF_DCIS_INDDEMOG1_1(1.0),A,ITG2,MARRATE,2016,3.2,,,,TIPO_DATO15__MARRATE_N1,,,
IT1:22_293_DF_DCIS_INDDEMOG1_1(1.0),A,ITG2,MARRATE,2017,3,,,,TIPO_DATO15__MARRATE_N1,,,
IT1:22_293_DF_DCIS_INDDEMOG1_1(1.0),A,ITG2,MARRATE,2018,2.9,,,,TIPO_DATO15__MARRATE_N1,,,
IT1:22_293_DF_DCIS_INDDEMOG1_1(1.0),A,ITG2,MARRATE,2019,2.8,,,,TIPO_DATO15__MARRATE_N1,,,
IT1:22_293_DF_DCIS_INDDEMOG1_1(1.0),A,ITG2,MARRATE,2020,1.5,,,,TIPO_DATO15__MARRATE_N1,,,
IT1:22_293_DF_DCIS_INDDEMOG1_1(1.0),A,ITG2,MARRATE,2021,2.4,,,,TIPO_DATO15__MARRATE_N1,,,
IT1:22_293_DF_DCIS_INDDEMOG1_1(1.0),A,ITG2,MARRATE,2022,2.7,,,,TIPO_DATO15__MARRATE_N1,,,
IT1:22_293_DF_DCIS_INDDEMOG1_1(1.0),A,ITG2,MARRATE,2023,2.6,,,,TIPO_DATO15__MARRATE_N1,,,
IT1:22_293_DF_DCIS_INDDEMOG1_1(1.0),A,ITG2,MARRATE,2024,2.5,,,,TIPO_DATO15__MARRATE_N1,,,
IT1:22_293_DF_DCIS_INDDEMOG1_1(1.0),A,ITG2,MARRATE,2025,2.4,p,,,TIPO_DATO15__MARRATE_N1,,,
IT1:22_293_DF_DCIS_INDDEMOG1_1(1.0),A,ITG25,MARRATE,2015,3.2,,,,TIPO_DATO15__MARRATE_N1,,,
IT1:22_293_DF_DCIS_INDDEMOG1_1(1.0),A,ITG25,MARRATE,2016,3.2,,,,TIPO_DATO15__MARRATE_N1,,,
IT1:22_293_DF_DCIS_INDDEMOG1_1(1.0),A,ITG25,MARRATE,2017,3.1,,,,TIPO_DATO15__MARRATE_N1,,,
IT1:22_293_DF_DCIS_INDDEMOG1_1(1.0),A,ITG25,MARRATE,2018,3.2,,,,TIPO_DATO15__MARRATE_N1,,,
IT1:22_293_DF_DCIS_INDDEMOG1_1(1.0),A,ITG25,MARRATE,2019,2.9,,,,TIPO_DATO15__MARRATE_N1,,,
IT1:22_293_DF_DCIS_INDDEMOG1_1(1.0),A,ITG25,MARRATE,2020,1.6,,,,TIPO_DATO15__MARRATE_N1,,,
IT1:22_293_DF_DCIS_INDDEMOG1_1(1.0),A,ITG25,MARRATE,2021,2.5,,,,TIPO_DATO15__MARRATE_N1,,,
IT1:22_293_DF_DCIS_INDDEMOG1_1(1.0),A,ITG25,MARRATE,2022,3.2,,,,TIPO_DATO15__MARRATE_N1,,,
IT1:22_293_DF_DCIS_INDDEMOG1_1(1.0),A,ITG25,MARRATE,2023,2.8,,,,TIPO_DATO15__MARRATE_N1,,,
IT1:22_293_DF_DCIS_INDDEMOG1_1(1.0),A,ITG25,MARRATE,2024,2.9,,,,TIPO_DATO15__MARRATE_N1,,,
IT1:22_293_DF_DCIS_INDDEMOG1_1(1.0),A,ITG25,MARRATE,2025,2.6,p,,,TIPO_DATO15__MARRATE_N1,,,
IT1:22_293_DF_DCIS_INDDEMOG1_1(1.0),A,ITG26,MARRATE,2015,2.7,,,,TIPO_DATO15__MARRATE_N1,,,
IT1:22_293_DF_DCIS_INDDEMOG1_1(1.0),A,ITG26,MARRATE,2016,3.1,,,,TIPO_DATO15__MARRATE_N1,,,
IT1:22_293_DF_DCIS_INDDEMOG1_1(1.0),A,ITG26,MARRATE,2017,2.9,,,,TIPO_DATO15__MARRATE_N1,,,
IT1:22_293_DF_DCIS_INDDEMOG1_1(1.0),A,ITG26,MARRATE,2018,2.6,,,,TIPO_DATO15__MARRATE_N1,,,
IT1:22_293_DF_DCIS_INDDEMOG1_1(1.0),A,ITG26,MARRATE,2019,2.7,,,,TIPO_DATO15__MARRATE_N1,,,
IT1:22_293_DF_DCIS_INDDEMOG1_1(1.0),A,ITG26,MARRATE,2020,1.2,,,,TIPO_DATO15__MARRATE_N1,,,
IT1:22_293_DF_DCIS_INDDEMOG1_1(1.0),A,ITG26,MARRATE,2021,2,,,,TIPO_DATO15__MARRATE_N1,,,
IT1:22_293_DF_DCIS_INDDEMOG1_1(1.0),A,ITG26,MARRATE,2022,2.7,,,,TIPO_DATO15__MARRATE_N1,,,
IT1:22_293_DF_DCIS_INDDEMOG1_1(1.0),A,ITG26,MARRATE,2023,2.6,,,,TIPO_DATO15__MARRATE_N1,,,
IT1:22_293_DF_DCIS_INDDEMOG1_1(1.0),A,ITG26,MARRATE,2024,2.3,,,,TIPO_DATO15__MARRATE_N1,,,
IT1:22_293_DF_DCIS_INDDEMOG1_1(1.0),A,ITG26,MARRATE,2025,2.2,p,,,TIPO_DATO15__MARRATE_N1,,,
IT1:22_293_DF_DCIS_INDDEMOG1_1(1.0),A,ITG27,MARRATE,2015,3.2,,,,TIPO_DATO15__MARRATE_N1,,,
IT1:22_293_DF_DCIS_INDDEMOG1_1(1.0),A,ITG27,MARRATE,2016,3.3,,,,TIPO_DATO15__MARRATE_N1,,,
IT1:22_293_DF_DCIS_INDDEMOG1_1(1.0),A,ITG27,MARRATE,2017,3,,,,TIPO_DATO15__MARRATE_N1,,,
IT1:22_293_DF_DCIS_INDDEMOG1_1(1.0),A,ITG27,MARRATE,2018,3,,,,TIPO_DATO15__MARRATE_N1,,,
IT1:22_293_DF_DCIS_INDDEMOG1_1(1.0),A,ITG27,MARRATE,2019,2.7,,,,TIPO_DATO15__MARRATE_N1,,,
IT1:22_293_DF_DCIS_INDDEMOG1_1(1.0),A,ITG27,MARRATE,2020,1.6,,,,TIPO_DATO15__MARRATE_N1,,,
IT1:22_293_DF_DCIS_INDDEMOG1_1(1.0),A,ITG27,MARRATE,2021,2.7,,,,TIPO_DATO15__MARRATE_N1,,,
IT1:22_293_DF_DCIS_INDDEMOG1_1(1.0),A,ITG27,MARRATE,2022,2.6,,,,TIPO_DATO15__MARRATE_N1,,,
IT1:22_293_DF_DCIS_INDDEMOG1_1(1.0),A,ITG27,MARRATE,2023,2.6,,,,TIPO_DATO15__MARRATE_N1,,,
IT1:22_293_DF_DCIS_INDDEMOG1_1(1.0),A,ITG27,MARRATE,2024,2.4,,,,TIPO_DATO15__MARRATE_N1,,,
IT1:22_293_DF_DCIS_INDDEMOG1_1(1.0),A,ITG27,MARRATE,2025,2.4,p,,,TIPO_DATO15__MARRATE_N1,,,
IT1:22_293_DF_DCIS_INDDEMOG1_1(1.0),A,ITG28,MARRATE,2015,2.7,,,,TIPO_DATO15__MARRATE_N1,,,
IT1:22_293_DF_DCIS_INDDEMOG1_1(1.0),A,ITG28,MARRATE,2016,3.2,,,,TIPO_DATO15__MARRATE_N1,,,
IT1:22_293_DF_DCIS_INDDEMOG1_1(1.0),A,ITG28,MARRATE,2017,2.8,,,,TIPO_DATO15__MARRATE_N1,,,
IT1:22_293_DF_DCIS_INDDEMOG1_1(1.0),A,ITG28,MARRATE,2018,2.9,,,,TIPO_DATO15__MARRATE_N1,,,
IT1:22_293_DF_DCIS_INDDEMOG1_1(1.0),A,ITG28,MARRATE,2019,2.6,,,,TIPO_DATO15__MARRATE_N1,,,
IT1:22_293_DF_DCIS_INDDEMOG1_1(1.0),A,ITG28,MARRATE,2020,1.3,,,,TIPO_DATO15__MARRATE_N1,,,
IT1:22_293_DF_DCIS_INDDEMOG1_1(1.0),A,ITG28,MARRATE,2021,2.1,,,,TIPO_DATO15__MARRATE_N1,,,
IT1:22_293_DF_DCIS_INDDEMOG1_1(1.0),A,ITG28,MARRATE,2022,2.4,,,,TIPO_DATO15__MARRATE_N1,,,
IT1:22_293_DF_DCIS_INDDEMOG1_1(1.0),A,ITG28,MARRATE,2023,2.3,,,,TIPO_DATO15__MARRATE_N1,,,
IT1:22_293_DF_DCIS_INDDEMOG1_1(1.0),A,ITG28,MARRATE,2024,2.2,,,,TIPO_DATO15__MARRATE_N1,,,
IT1:22_293_DF_DCIS_INDDEMOG1_1(1.0),A,ITG28,MARRATE,2025,2,p,,,TIPO_DATO15__MARRATE_N1,,,
