DATAFLOW,FREQ,REF_AREA,DATA_TYPE,TIME_PERIOD,OBS_VALUE,OBS_STATUS,NOTE_DS,NOTE_REF_AREA,NOTE_DATA_TYPE,BASE_PER,UNIT_MEAS,UNIT_MULT
IT1:22_293_DF_DCIS_INDDEMOG1_1(1.0),A,IT,LIFEEXP65M,2015,18.7,,,,TIPO_DATO15__LIFEEXP65M_N1,,,
IT1:22_293_DF_DCIS_INDDEMOG1_1(1.0),A,IT,LIFEEXP65M,2016,19.1,,,,TIPO_DATO15__LIFEEXP65M_N1,,,
IT1:22_293_DF_DCIS_INDDEMOG1_1(1.0),A,IT,LIFEEXP65M,2017,19,,,,TIPO_DATO15__LIFEEXP65M_N1,,,
IT1:22_293_DF_DCIS_INDDEMOG1_1(1.0),A,IT,LIFEEXP65M,2018,19.3,,,,TIPO_DATO15__LIFEEXP65M_N1,,,
IT1:22_293_DF_DCIS_INDDEMOG1_1(1.0),A,IT,LIFEEXP65M,2019,19.4,,,,TIPO_DATO15__LIFEEXP65M_N1,,,
IT1:22_293_DF_DCIS_INDDEMOG1_1(1.0),A,IT,LIFEEXP65M,2020,18.3,,,,TIPO_DATO15__LIFEEXP65M_N1,,,
IT1:22_293_DF_DCIS_INDDEMOG1_1(1.0),A,IT,LIFEEXP65M,2021,18.8,,,,TIPO_DATO15__LIFEEXP65M_N1,,,
IT1:22_293_DF_DCIS_INDDEMOG1_1(1.0),A,IT,LIFEEXP65M,2022,18.9,,,,TIPO_DATO15__LIFEEXP65M_N1,,,
IT1:22_293_DF_DCIS_INDDEMOG1_1(1.0),A,IT,LIFEEXP65M,2023,19.4,,,,TIPO_DATO15__LIFEEXP65M_N1,,,
IT1:22_293_DF_DCIS_INDDEMOG1_1(1.0),A,IT,LIFEEXP65M,2024,19.9,,,,TIPO_DATO15__LIFEEXP65M_N1,,,
IT1:22_293_DF_DCIS_INDDEMOG1_1(1.0),A,IT,LIFEEXP65M,2025,20,e,,,TIPO_DATO15__LIFEEXP65M_N1,,,
IT1:22_293_DF_DCIS_INDDEMOG1_1(1.0),A,IT108,LIFEEXP65M,2015,19.4,,,,TIPO_DATO15__LIFEEXP65M_N1,,,
IT1:22_293_DF_DCIS_INDDEMOG1_1(1.0),A,IT108,LIFEEXP65M,2016,19.9,,,,TIPO_DATO15__LIFEEXP65M_N1,,,
IT1:22_293_DF_DCIS_INDDEMOG1_1(1.0),A,IT108,LIFEEXP65M,2017,19.8,,,,TIPO_DATO15__LIFEEXP65M_N1,,,
IT1:22_293_DF_DCIS_INDDEMOG1_1(1.0),A,IT108,LIFEEXP65M,2018,19.8,,,,TIPO_DATO15__LIFEEXP65M_N1,,,
IT1:22_293_DF_DCIS_INDDEMOG1_1(1.0),A,IT108,LIFEEXP65M,2019,20,,,,TIPO_DATO15__LIFEEXP65M_N1,,,
IT1:22_293_DF_DCIS_INDDEMOG1_1(1.0),A,IT108,LIFEEXP65M,2020,18.1,,,,TIPO_DATO15__LIFEEXP65M_N1,,,
IT1:22_293_DF_DCIS_INDDEMOG1_1(1.0),A,IT108,LIFEEXP65M,2021,19.4,,,,TIPO_DATO15__LIFEEXP65M_N1,,,
IT1:22_293_DF_DCIS_INDDEMOG1_1(1.0),A,IT108,LIFEEXP65M,2022,19.9,,,,TIPO_DATO15__LIFEEXP65M_N1,,,
IT1:22_293_DF_DCIS_INDDEMOG1_1(1.0),A,IT108,LIFEEXP65M,2023,20.4,,,,TIPO_DATO15__LIFEEXP65M_N1,,,
IT1:22_293_DF_DCIS_INDDEMOG1_1(1.0),A,IT108,LIFEEXP65M,2024,20.7,,,,TIPO_DATO15__LIFEEXP65M_N1,,,
IT1:22_293_DF_DCIS_INDDEMOG1_1(1.0),A,IT108,LIFEEXP65M,2025,20.6,e,,,TIPO_DATO15__LIFEEXP65M_N1,,,
IT1:22_293_DF_DCIS_INDDEMOG1_1(1.0),A,IT109,LIFEEXP65M,2015,19.1,,,,TIPO_DATO15__LIFEEXP65M_N1,,,
IT1:22_293_DF_DCIS_INDDEMOG1_1(1.0),A,IT109,LIFEEXP65M,2016,19.6,,,,TIPO_DATO15__LIFEEXP65M_N1,,,
IT1:22_293_DF_DCIS_INDDEMOG1_1(1.0),A,IT109,LIFEEXP65M,2017,19,,,,TIPO_DATO15__LIFEEXP65M_N1,,,
IT1:22_293_DF_DCIS_INDDEMOG1_1(1.0),A,IT109,LIFEEXP65M,2018,20,,,,TIPO_DATO15__LIFEEXP65M_N1,,,
IT1:22_293_DF_DCIS_INDDEMOG1_1(1.0),A,IT109,LIFEEXP65M,2019,19.9,,,,TIPO_DATO15__LIFEEXP65M_N1,,,
IT1:22_293_DF_DCIS_INDDEMOG1_1(1.0),A,IT109,LIFEEXP65M,2020,19.3,,,,TIPO_DATO15__LIFEEXP65M_N1,,,
IT1:22_293_DF_DCIS_INDDEMOG1_1(1.0),A,IT109,LIFEEXP65M,2021,19,,,,TIPO_DATO15__LIFEEXP65M_N1,,,
IT1:22_293_DF_DCIS_INDDEMOG1_1(1.0),A,IT109,LIFEEXP65M,2022,19.8,,,,TIPO_DATO15__LIFEEXP65M_N1,,,
IT1:22_293_DF_DCIS_INDDEMOG1_1(1.0),A,IT109,LIFEEXP65M,2023,20,,,,TIPO_DATO15__LIFEEXP65M_N1,,,
IT1:22_293_DF_DCIS_INDDEMOG1_1(1.0),A,IT109,LIFEEXP65M,2024,20.7,,,,TIPO_DATO15__LIFEEXP65M_N1,,,
IT1:22_293_DF_DCIS_INDDEMOG1_1(1.0),A,IT109,LIFEEXP65M,2025,20.5,e,,,TIPO_DATO15__LIFEEXP65M_N1,,,
IT1:22_293_DF_DCIS_INDDEMOG1_1(1.0),A,IT110,LIFEEXP65M,2015,19.1,,,,TIPO_DATO15__LIFEEXP65M_N1,,,
IT1:22_293_DF_DCIS_INDDEMOG1_1(1.0),A,IT110,LIFEEXP65M,2016,19.7,,,,TIPO_DATO15__LIFEEXP65M_N1,,,
IT1:22_293_DF_DCIS_INDDEMOG1_1(1.0),A,IT110,LIFEEXP65M,2017,19,,,,TIPO_DATO15__LIFEEXP65M_N1,,,
IT1:22_293_DF_DCIS_INDDEMOG1_1(1.0),A,IT110,LIFEEXP65M,2018,19.5,,,,TIPO_DATO15__LIFEEXP65M_N1,,,
IT1:22_293_DF_DCIS_INDDEMOG1_1(1.0),A,IT110,LIFEEXP65M,2019,19.5,,,,TIPO_DATO15__LIFEEXP65M_N1,,,
IT1:22_293_DF_DCIS_INDDEMOG1_1(1.0),A,IT110,LIFEEXP65M,2020,18.2,,,,TIPO_DATO15__LIFEEXP65M_N1,,,
IT1:22_293_DF_DCIS_INDDEMOG1_1(1.0),A,IT110,LIFEEXP65M,2021,18.6,,,,TIPO_DATO15__LIFEEXP65M_N1,,,
IT1:22_293_DF_DCIS_INDDEMOG1_1(1.0),A,IT110,LIFEEXP65M,2022,19.2,,,,TIPO_DATO15__LIFEEXP65M_N1,,,
IT1:22_293_DF_DCIS_INDDEMOG1_1(1.0),A,IT110,LIFEEXP65M,2023,19.8,,,,TIPO_DATO15__LIFEEXP65M_N1,,,
IT1:22_293_DF_DCIS_INDDEMOG1_1(1.0),A,IT110,LIFEEXP65M,2024,20.2,,,,TIPO_DATO15__LIFEEXP65M_N1,,,
IT1:22_293_DF_DCIS_INDDEMOG1_1(1.0),A,IT110,LIFEEXP65M,2025,20.3,e,,,TIPO_DATO15__LIFEEXP65M_N1,,,
IT1:22_293_DF_DCIS_INDDEMOG1_1(1.0),A,IT111,LIFEEXP65M,2015,18.8,,,,TIPO_DATO15__LIFEEXP65M_N1,,,
IT1:22_293_DF_DCIS_INDDEMOG1_1(1.0),A,IT111,LIFEEXP65M,2016,19.8,,,,TIPO_DATO15__LIFEEXP65M_N1,,,
IT1:22_293_DF_DCIS_INDDEMOG1_1(1.0),A,IT111,LIFEEXP65M,2017,19.5,,,,TIPO_DATO15__LIFEEXP65M_N1,,,
IT1:22_293_DF_DCIS_INDDEMOG1_1(1.0),A,IT111,LIFEEXP65M,2018,19.6,,,,TIPO_DATO15__LIFEEXP65M_N1,,,
IT1:22_293_DF_DCIS_INDDEMOG1_1(1.0),A,IT111,LIFEEXP65M,2019,19.3,,,,TIPO_DATO15__LIFEEXP65M_N1,,,
IT1:22_293_DF_DCIS_INDDEMOG1_1(1.0),A,IT111,LIFEEXP65M,2020,18.9,,,,TIPO_DATO15__LIFEEXP65M_N1,,,
IT1:22_293_DF_DCIS_INDDEMOG1_1(1.0),A,IT111,LIFEEXP65M,2021,19,,,,TIPO_DATO15__LIFEEXP65M_N1,,,
IT1:22_293_DF_DCIS_INDDEMOG1_1(1.0),A,IT111,LIFEEXP65M,2022,18.7,,,,TIPO_DATO15__LIFEEXP65M_N1,,,
IT1:22_293_DF_DCIS_INDDEMOG1_1(1.0),A,IT111,LIFEEXP65M,2023,18.8,,,,TIPO_DATO15__LIFEEXP65M_N1,,,
IT1:22_293_DF_DCIS_INDDEMOG1_1(1.0),A,IT111,LIFEEXP65M,2024,19.3,,,,TIPO_DATO15__LIFEEXP65M_N1,,,
IT1:22_293_DF_DCIS_INDDEMOG1_1(1.0),A,IT111,LIFEEXP65M,2025,19.6,e,,,TIPO_DATO15__LIFEEXP65M_N1,,,
IT1:22_293_DF_DCIS_INDDEMOG1_1(1.0),A,ITC,LIFEEXP65M,2015,18.7,,,,TIPO_DATO15__LIFEEXP65M_N1,,,
IT1:22_293_DF_DCIS_INDDEMOG1_1(1.0),A,ITC,LIFEEXP65M,2016,19.2,,,,TIPO_DATO15__LIFEEXP65M_N1,,,
IT1:22_293_DF_DCIS_INDDEMOG1_1(1.0),A,ITC,LIFEEXP65M,2017,19.1,,,,TIPO_DATO15__LIFEEXP65M_N1,,,
IT1:22_293_DF_DCIS_INDDEMOG1_1(1.0),A,ITC,LIFEEXP65M,2018,19.2,,,,TIPO_DATO15__LIFEEXP65M_N1,,,
IT1:22_293_DF_DCIS_INDDEMOG1_1(1.0),A,ITC,LIFEEXP65M,2019,19.4,,,,TIPO_DATO15__LIFEEXP65M_N1,,,
IT1:22_293_DF_DCIS_INDDEMOG1_1(1.0),A,ITC,LIFEEXP65M,2020,17.4,,,,TIPO_DATO15__LIFEEXP65M_N1,,,
IT1:22_293_DF_DCIS_INDDEMOG1_1(1.0),A,ITC,LIFEEXP65M,2021,18.9,,,,TIPO_DATO15__LIFEEXP65M_N1,,,
IT1:22_293_DF_DCIS_INDDEMOG1_1(1.0),A,ITC,LIFEEXP65M,2022,19,,,,TIPO_DATO15__LIFEEXP65M_N1,,,
IT1:22_293_DF_DCIS_INDDEMOG1_1(1.0),A,ITC,LIFEEXP65M,2023,19.7,,,,TIPO_DATO15__LIFEEXP65M_N1,,,
IT1:22_293_DF_DCIS_INDDEMOG1_1(1.0),A,ITC,LIFEEXP65M,2024,20,,,,TIPO_DATO15__LIFEEXP65M_N1,,,
IT1:22_293_DF_DCIS_INDDEMOG1_1(1.0),A,ITC,LIFEEXP65M,2025,20.1,e,,,TIPO_DATO15__LIFEEXP65M_N1,,,
IT1:22_293_DF_DCIS_INDDEMOG1_1(1.0),A,ITC1,LIFEEXP65M,2015,18.5,,,,TIPO_DATO15__LIFEEXP65M_N1,,,
IT1:22_293_DF_DCIS_INDDEMOG1_1(1.0),A,ITC1,LIFEEXP65M,2016,19,,,,TIPO_DATO15__LIFEEXP65M_N1,,,
IT1:22_293_DF_DCIS_INDDEMOG1_1(1.0),A,ITC1,LIFEEXP65M,2017,18.9,,,,TIPO_DATO15__LIFEEXP65M_N1,,,
IT1:22_293_DF_DCIS_INDDEMOG1_1(1.0),A,ITC1,LIFEEXP65M,2018,19,,,,TIPO_DATO15__LIFEEXP65M_N1,,,
IT1:22_293_DF_DCIS_INDDEMOG1_1(1.0),A,ITC1,LIFEEXP65M,2019,19.2,,,,TIPO_DATO15__LIFEEXP65M_N1,,,
IT1:22_293_DF_DCIS_INDDEMOG1_1(1.0),A,ITC1,LIFEEXP65M,2020,17.6,,,,TIPO_DATO15__LIFEEXP65M_N1,,,
IT1:22_293_DF_DCIS_INDDEMOG1_1(1.0),A,ITC1,LIFEEXP65M,2021,18.7,,,,TIPO_DATO15__LIFEEXP65M_N1,,,
IT1:22_293_DF_DCIS_INDDEMOG1_1(1.0),A,ITC1,LIFEEXP65M,2022,18.7,,,,TIPO_DATO15__LIFEEXP65M_N1,,,
IT1:22_293_DF_DCIS_INDDEMOG1_1(1.0),A,ITC1,LIFEEXP65M,2023,19.4,,,,TIPO_DATO15__LIFEEXP65M_N1,,,
IT1:22_293_DF_DCIS_INDDEMOG1_1(1.0),A,ITC1,LIFEEXP65M,2024,19.7,,,,TIPO_DATO15__LIFEEXP65M_N1,,,
IT1:22_293_DF_DCIS_INDDEMOG1_1(1.0),A,ITC1,LIFEEXP65M,2025,19.8,e,,,TIPO_DATO15__LIFEEXP65M_N1,,,
IT1:22_293_DF_DCIS_INDDEMOG1_1(1.0),A,ITC11,LIFEEXP65M,2015,18.9,,,,TIPO_DATO15__LIFEEXP65M_N1,,,
IT1:22_293_DF_DCIS_INDDEMOG1_1(1.0),A,ITC11,LIFEEXP65M,2016,19.3,,,,TIPO_DATO15__LIFEEXP65M_N1,,,
IT1:22_293_DF_DCIS_INDDEMOG1_1(1.0),A,ITC11,LIFEEXP65M,2017,19.2,,,,TIPO_DATO15__LIFEEXP65M_N1,,,
IT1:22_293_DF_DCIS_INDDEMOG1_1(1.0),A,ITC11,LIFEEXP65M,2018,19.4,,,,TIPO_DATO15__LIFEEXP65M_N1,,,
IT1:22_293_DF_DCIS_INDDEMOG1_1(1.0),A,ITC11,LIFEEXP65M,2019,19.4,,,,TIPO_DATO15__LIFEEXP65M_N1,,,
IT1:22_293_DF_DCIS_INDDEMOG1_1(1.0),A,ITC11,LIFEEXP65M,2020,17.8,,,,TIPO_DATO15__LIFEEXP65M_N1,,,
IT1:22_293_DF_DCIS_INDDEMOG1_1(1.0),A,ITC11,LIFEEXP65M,2021,18.9,,,,TIPO_DATO15__LIFEEXP65M_N1,,,
IT1:22_293_DF_DCIS_INDDEMOG1_1(1.0),A,ITC11,LIFEEXP65M,2022,19,,,,TIPO_DATO15__LIFEEXP65M_N1,,,
IT1:22_293_DF_DCIS_INDDEMOG1_1(1.0),A,ITC11,LIFEEXP65M,2023,19.7,,,,TIPO_DATO15__LIFEEXP65M_N1,,,
IT1:22_293_DF_DCIS_INDDEMOG1_1(1.0),A,ITC11,LIFEEXP65M,2024,20,,,,TIPO_DATO15__LIFEEXP65M_N1,,,
IT1:22_293_DF_DCIS_INDDEMOG1_1(1.0),A,ITC11,LIFEEXP65M,2025,20.2,e,,,TIPO_DATO15__LIFEEXP65M_N1,,,
IT1:22_293_DF_DCIS_INDDEMOG1_1(1.0),A,ITC12,LIFEEXP65M,2015,18.1,,,,TIPO_DATO15__LIFEEXP65M_N1,,,
IT1:22_293_DF_DCIS_INDDEMOG1_1(1.0),A,ITC12,LIFEEXP65M,2016,18.8,,,,TIPO_DATO15__LIFEEXP65M_N1,,,
IT1:22_293_DF_DCIS_INDDEMOG1_1(1.0),A,ITC12,LIFEEXP65M,2017,17.8,,,,TIPO_DATO15__LIFEEXP65M_N1,,,
IT1:22_293_DF_DCIS_INDDEMOG1_1(1.0),A,ITC12,LIFEEXP65M,2018,18.7,,,,TIPO_DATO15__LIFEEXP65M_N1,,,
IT1:22_293_DF_DCIS_INDDEMOG1_1(1.0),A,ITC12,LIFEEXP65M,2019,18.7,,,,TIPO_DATO15__LIFEEXP65M_N1,,,
IT1:22_293_DF_DCIS_INDDEMOG1_1(1.0),A,ITC12,LIFEEXP65M,2020,17.1,,,,TIPO_DATO15__LIFEEXP65M_N1,,,
IT1:22_293_DF_DCIS_INDDEMOG1_1(1.0),A,ITC12,LIFEEXP65M,2021,17.9,,,,TIPO_DATO15__LIFEEXP65M_N1,,,
IT1:22_293_DF_DCIS_INDDEMOG1_1(1.0),A,ITC12,LIFEEXP65M,2022,18.4,,,,TIPO_DATO15__LIFEEXP65M_N1,,,
IT1:22_293_DF_DCIS_INDDEMOG1_1(1.0),A,ITC12,LIFEEXP65M,2023,18.8,,,,TIPO_DATO15__LIFEEXP65M_N1,,,
IT1:22_293_DF_DCIS_INDDEMOG1_1(1.0),A,ITC12,LIFEEXP65M,2024,19.2,,,,TIPO_DATO15__LIFEEXP65M_N1,,,
IT1:22_293_DF_DCIS_INDDEMOG1_1(1.0),A,ITC12,LIFEEXP65M,2025,18.9,e,,,TIPO_DATO15__LIFEEXP65M_N1,,,
IT1:22_293_DF_DCIS_INDDEMOG1_1(1.0),A,ITC13,LIFEEXP65M,2015,18.7,,,,TIPO_DATO15__LIFEEXP65M_N1,,,
IT1:22_293_DF_DCIS_INDDEMOG1_1(1.0),A,ITC13,LIFEEXP65M,2016,18.5,,,,TIPO_DATO15__LIFEEXP65M_N1,,,
IT1:22_293_DF_DCIS_INDDEMOG1_1(1.0),A,ITC13,LIFEEXP65M,2017,19.2,,,,TIPO_DATO15__LIFEEXP65M_N1,,,
IT1:22_293_DF_DCIS_INDDEMOG1_1(1.0),A,ITC13,LIFEEXP65M,2018,18.9,,,,TIPO_DATO15__LIFEEXP65M_N1,,,
IT1:22_293_DF_DCIS_INDDEMOG1_1(1.0),A,ITC13,LIFEEXP65M,2019,19.8,,,,TIPO_DATO15__LIFEEXP65M_N1,,,
IT1:22_293_DF_DCIS_INDDEMOG1_1(1.0),A,ITC13,LIFEEXP65M,2020,17.1,,,,TIPO_DATO15__LIFEEXP65M_N1,,,
IT1:22_293_DF_DCIS_INDDEMOG1_1(1.0),A,ITC13,LIFEEXP65M,2021,19,,,,TIPO_DATO15__LIFEEXP65M_N1,,,
IT1:22_293_DF_DCIS_INDDEMOG1_1(1.0),A,ITC13,LIFEEXP65M,2022,18.6,,,,TIPO_DATO15__LIFEEXP65M_N1,,,
IT1:22_293_DF_DCIS_INDDEMOG1_1(1.0),A,ITC13,LIFEEXP65M,2023,18.9,,,,TIPO_DATO15__LIFEEXP65M_N1,,,
IT1:22_293_DF_DCIS_INDDEMOG1_1(1.0),A,ITC13,LIFEEXP65M,2024,19.7,,,,TIPO_DATO15__LIFEEXP65M_N1,,,
IT1:22_293_DF_DCIS_INDDEMOG1_1(1.0),A,ITC13,LIFEEXP65M,2025,19.7,e,,,TIPO_DATO15__LIFEEXP65M_N1,,,
IT1:22_293_DF_DCIS_INDDEMOG1_1(1.0),A,ITC14,LIFEEXP65M,2015,18,,,,TIPO_DATO15__LIFEEXP65M_N1,,,
IT1:22_293_DF_DCIS_INDDEMOG1_1(1.0),A,ITC14,LIFEEXP65M,2016,19.1,,,,TIPO_DATO15__LIFEEXP65M_N1,,,
IT1:22_293_DF_DCIS_INDDEMOG1_1(1.0),A,ITC14,LIFEEXP65M,2017,18.9,,,,TIPO_DATO15__LIFEEXP65M_N1,,,
IT1:22_293_DF_DCIS_INDDEMOG1_1(1.0),A,ITC14,LIFEEXP65M,2018,19,,,,TIPO_DATO15__LIFEEXP65M_N1,,,
IT1:22_293_DF_DCIS_INDDEMOG1_1(1.0),A,ITC14,LIFEEXP65M,2019,19.8,,,,TIPO_DATO15__LIFEEXP65M_N1,,,
IT1:22_293_DF_DCIS_INDDEMOG1_1(1.0),A,ITC14,LIFEEXP65M,2020,18.2,,,,TIPO_DATO15__LIFEEXP65M_N1,,,
IT1:22_293_DF_DCIS_INDDEMOG1_1(1.0),A,ITC14,LIFEEXP65M,2021,19.3,,,,TIPO_DATO15__LIFEEXP65M_N1,,,
IT1:22_293_DF_DCIS_INDDEMOG1_1(1.0),A,ITC14,LIFEEXP65M,2022,18.7,,,,TIPO_DATO15__LIFEEXP65M_N1,,,
IT1:22_293_DF_DCIS_INDDEMOG1_1(1.0),A,ITC14,LIFEEXP65M,2023,19.6,,,,TIPO_DATO15__LIFEEXP65M_N1,,,
IT1:22_293_DF_DCIS_INDDEMOG1_1(1.0),A,ITC14,LIFEEXP65M,2024,20.1,,,,TIPO_DATO15__LIFEEXP65M_N1,,,
IT1:22_293_DF_DCIS_INDDEMOG1_1(1.0),A,ITC14,LIFEEXP65M,2025,19.8,e,,,TIPO_DATO15__LIFEEXP65M_N1,,,
IT1:22_293_DF_DCIS_INDDEMOG1_1(1.0),A,ITC15,LIFEEXP65M,2015,18.4,,,,TIPO_DATO15__LIFEEXP65M_N1,,,
IT1:22_293_DF_DCIS_INDDEMOG1_1(1.0),A,ITC15,LIFEEXP65M,2016,19.1,,,,TIPO_DATO15__LIFEEXP65M_N1,,,
IT1:22_293_DF_DCIS_INDDEMOG1_1(1.0),A,ITC15,LIFEEXP65M,2017,19,,,,TIPO_DATO15__LIFEEXP65M_N1,,,
IT1:22_293_DF_DCIS_INDDEMOG1_1(1.0),A,ITC15,LIFEEXP65M,2018,18.7,,,,TIPO_DATO15__LIFEEXP65M_N1,,,
IT1:22_293_DF_DCIS_INDDEMOG1_1(1.0),A,ITC15,LIFEEXP65M,2019,19.2,,,,TIPO_DATO15__LIFEEXP65M_N1,,,
IT1:22_293_DF_DCIS_INDDEMOG1_1(1.0),A,ITC15,LIFEEXP65M,2020,17.6,,,,TIPO_DATO15__LIFEEXP65M_N1,,,
IT1:22_293_DF_DCIS_INDDEMOG1_1(1.0),A,ITC15,LIFEEXP65M,2021,18.6,,,,TIPO_DATO15__LIFEEXP65M_N1,,,
IT1:22_293_DF_DCIS_INDDEMOG1_1(1.0),A,ITC15,LIFEEXP65M,2022,18.7,,,,TIPO_DATO15__LIFEEXP65M_N1,,,
IT1:22_293_DF_DCIS_INDDEMOG1_1(1.0),A,ITC15,LIFEEXP65M,2023,19.9,,,,TIPO_DATO15__LIFEEXP65M_N1,,,
IT1:22_293_DF_DCIS_INDDEMOG1_1(1.0),A,ITC15,LIFEEXP65M,2024,20.1,,,,TIPO_DATO15__LIFEEXP65M_N1,,,
IT1:22_293_DF_DCIS_INDDEMOG1_1(1.0),A,ITC15,LIFEEXP65M,2025,19.8,e,,,TIPO_DATO15__LIFEEXP65M_N1,,,
IT1:22_293_DF_DCIS_INDDEMOG1_1(1.0),A,ITC16,LIFEEXP65M,2015,18.4,,,,TIPO_DATO15__LIFEEXP65M_N1,,,
IT1:22_293_DF_DCIS_INDDEMOG1_1(1.0),A,ITC16,LIFEEXP65M,2016,19.1,,,,TIPO_DATO15__LIFEEXP65M_N1,,,
IT1:22_293_DF_DCIS_INDDEMOG1_1(1.0),A,ITC16,LIFEEXP65M,2017,18.7,,,,TIPO_DATO15__LIFEEXP65M_N1,,,
IT1:22_293_DF_DCIS_INDDEMOG1_1(1.0),A,ITC16,LIFEEXP65M,2018,19,,,,TIPO_DATO15__LIFEEXP65M_N1,,,
IT1:22_293_DF_DCIS_INDDEMOG1_1(1.0),A,ITC16,LIFEEXP65M,2019,18.9,,,,TIPO_DATO15__LIFEEXP65M_N1,,,
IT1:22_293_DF_DCIS_INDDEMOG1_1(1.0),A,ITC16,LIFEEXP65M,2020,17.9,,,,TIPO_DATO15__LIFEEXP65M_N1,,,
IT1:22_293_DF_DCIS_INDDEMOG1_1(1.0),A,ITC16,LIFEEXP65M,2021,18.5,,,,TIPO_DATO15__LIFEEXP65M_N1,,,
IT1:22_293_DF_DCIS_INDDEMOG1_1(1.0),A,ITC16,LIFEEXP65M,2022,18.8,,,,TIPO_DATO15__LIFEEXP65M_N1,,,
IT1:22_293_DF_DCIS_INDDEMOG1_1(1.0),A,ITC16,LIFEEXP65M,2023,19.4,,,,TIPO_DATO15__LIFEEXP65M_N1,,,
IT1:22_293_DF_DCIS_INDDEMOG1_1(1.0),A,ITC16,LIFEEXP65M,2024,19.8,,,,TIPO_DATO15__LIFEEXP65M_N1,,,
IT1:22_293_DF_DCIS_INDDEMOG1_1(1.0),A,ITC16,LIFEEXP65M,2025,19.9,e,,,TIPO_DATO15__LIFEEXP65M_N1,,,
IT1:22_293_DF_DCIS_INDDEMOG1_1(1.0),A,ITC17,LIFEEXP65M,2015,18.1,,,,TIPO_DATO15__LIFEEXP65M_N1,,,
IT1:22_293_DF_DCIS_INDDEMOG1_1(1.0),A,ITC17,LIFEEXP65M,2016,18.8,,,,TIPO_DATO15__LIFEEXP65M_N1,,,
IT1:22_293_DF_DCIS_INDDEMOG1_1(1.0),A,ITC17,LIFEEXP65M,2017,18.8,,,,TIPO_DATO15__LIFEEXP65M_N1,,,
IT1:22_293_DF_DCIS_INDDEMOG1_1(1.0),A,ITC17,LIFEEXP65M,2018,19,,,,TIPO_DATO15__LIFEEXP65M_N1,,,
IT1:22_293_DF_DCIS_INDDEMOG1_1(1.0),A,ITC17,LIFEEXP65M,2019,19,,,,TIPO_DATO15__LIFEEXP65M_N1,,,
IT1:22_293_DF_DCIS_INDDEMOG1_1(1.0),A,ITC17,LIFEEXP65M,2020,17.4,,,,TIPO_DATO15__LIFEEXP65M_N1,,,
IT1:22_293_DF_DCIS_INDDEMOG1_1(1.0),A,ITC17,LIFEEXP65M,2021,18.5,,,,TIPO_DATO15__LIFEEXP65M_N1,,,
IT1:22_293_DF_DCIS_INDDEMOG1_1(1.0),A,ITC17,LIFEEXP65M,2022,18.6,,,,TIPO_DATO15__LIFEEXP65M_N1,,,
IT1:22_293_DF_DCIS_INDDEMOG1_1(1.0),A,ITC17,LIFEEXP65M,2023,18.9,,,,TIPO_DATO15__LIFEEXP65M_N1,,,
IT1:22_293_DF_DCIS_INDDEMOG1_1(1.0),A,ITC17,LIFEEXP65M,2024,19.7,,,,TIPO_DATO15__LIFEEXP65M_N1,,,
IT1:22_293_DF_DCIS_INDDEMOG1_1(1.0),A,ITC17,LIFEEXP65M,2025,19.8,e,,,TIPO_DATO15__LIFEEXP65M_N1,,,
IT1:22_293_DF_DCIS_INDDEMOG1_1(1.0),A,ITC18,LIFEEXP65M,2015,18.3,,,,TIPO_DATO15__LIFEEXP65M_N1,,,
IT1:22_293_DF_DCIS_INDDEMOG1_1(1.0),A,ITC18,LIFEEXP65M,2016,18.6,,,,TIPO_DATO15__LIFEEXP65M_N1,,,
IT1:22_293_DF_DCIS_INDDEMOG1_1(1.0),A,ITC18,LIFEEXP65M,2017,18.6,,,,TIPO_DATO15__LIFEEXP65M_N1,,,
IT1:22_293_DF_DCIS_INDDEMOG1_1(1.0),A,ITC18,LIFEEXP65M,2018,18.5,,,,TIPO_DATO15__LIFEEXP65M_N1,,,
IT1:22_293_DF_DCIS_INDDEMOG1_1(1.0),A,ITC18,LIFEEXP65M,2019,18.9,,,,TIPO_DATO15__LIFEEXP65M_N1,,,
IT1:22_293_DF_DCIS_INDDEMOG1_1(1.0),A,ITC18,LIFEEXP65M,2020,16.8,,,,TIPO_DATO15__LIFEEXP65M_N1,,,
IT1:22_293_DF_DCIS_INDDEMOG1_1(1.0),A,ITC18,LIFEEXP65M,2021,18.6,,,,TIPO_DATO15__LIFEEXP65M_N1,,,
IT1:22_293_DF_DCIS_INDDEMOG1_1(1.0),A,ITC18,LIFEEXP65M,2022,18.1,,,,TIPO_DATO15__LIFEEXP65M_N1,,,
IT1:22_293_DF_DCIS_INDDEMOG1_1(1.0),A,ITC18,LIFEEXP65M,2023,18.7,,,,TIPO_DATO15__LIFEEXP65M_N1,,,
IT1:22_293_DF_DCIS_INDDEMOG1_1(1.0),A,ITC18,LIFEEXP65M,2024,19,,,,TIPO_DATO15__LIFEEXP65M_N1,,,
IT1:22_293_DF_DCIS_INDDEMOG1_1(1.0),A,ITC18,LIFEEXP65M,2025,19.8,e,,,TIPO_DATO15__LIFEEXP65M_N1,,,
IT1:22_293_DF_DCIS_INDDEMOG1_1(1.0),A,ITC2,LIFEEXP65M,2015,18.2,,,,TIPO_DATO15__LIFEEXP65M_N1,,,
IT1:22_293_DF_DCIS_INDDEMOG1_1(1.0),A,ITC2,LIFEEXP65M,2016,19,,,,TIPO_DATO15__LIFEEXP65M_N1,,,
IT1:22_293_DF_DCIS_INDDEMOG1_1(1.0),A,ITC2,LIFEEXP65M,2017,18.9,,,,TIPO_DATO15__LIFEEXP65M_N1,,,
IT1:22_293_DF_DCIS_INDDEMOG1_1(1.0),A,ITC2,LIFEEXP65M,2018,18.3,,,,TIPO_DATO15__LIFEEXP65M_N1,,,
IT1:22_293_DF_DCIS_INDDEMOG1_1(1.0),A,ITC2,LIFEEXP65M,2019,18.9,,,,TIPO_DATO15__LIFEEXP65M_N1,,,
IT1:22_293_DF_DCIS_INDDEMOG1_1(1.0),A,ITC2,LIFEEXP65M,2020,17.3,,,,TIPO_DATO15__LIFEEXP65M_N1,,,
IT1:22_293_DF_DCIS_INDDEMOG1_1(1.0),A,ITC2,LIFEEXP65M,2021,18.9,,,,TIPO_DATO15__LIFEEXP65M_N1,,,
IT1:22_293_DF_DCIS_INDDEMOG1_1(1.0),A,ITC2,LIFEEXP65M,2022,19.1,,,,TIPO_DATO15__LIFEEXP65M_N1,,,
IT1:22_293_DF_DCIS_INDDEMOG1_1(1.0),A,ITC2,LIFEEXP65M,2023,19.7,,,,TIPO_DATO15__LIFEEXP65M_N1,,,
IT1:22_293_DF_DCIS_INDDEMOG1_1(1.0),A,ITC2,LIFEEXP65M,2024,19.4,,,,TIPO_DATO15__LIFEEXP65M_N1,,,
IT1:22_293_DF_DCIS_INDDEMOG1_1(1.0),A,ITC2,LIFEEXP65M,2025,20.8,e,,,TIPO_DATO15__LIFEEXP65M_N1,,,
IT1:22_293_DF_DCIS_INDDEMOG1_1(1.0),A,ITC20,LIFEEXP65M,2015,18.2,,,,TIPO_DATO15__LIFEEXP65M_N1,,,
IT1:22_293_DF_DCIS_INDDEMOG1_1(1.0),A,ITC20,LIFEEXP65M,2016,19,,,,TIPO_DATO15__LIFEEXP65M_N1,,,
IT1:22_293_DF_DCIS_INDDEMOG1_1(1.0),A,ITC20,LIFEEXP65M,2017,18.9,,,,TIPO_DATO15__LIFEEXP65M_N1,,,
IT1:22_293_DF_DCIS_INDDEMOG1_1(1.0),A,ITC20,LIFEEXP65M,2018,18.3,,,,TIPO_DATO15__LIFEEXP65M_N1,,,
IT1:22_293_DF_DCIS_INDDEMOG1_1(1.0),A,ITC20,LIFEEXP65M,2019,18.9,,,,TIPO_DATO15__LIFEEXP65M_N1,,,
IT1:22_293_DF_DCIS_INDDEMOG1_1(1.0),A,ITC20,LIFEEXP65M,2020,17.3,,,,TIPO_DATO15__LIFEEXP65M_N1,,,
IT1:22_293_DF_DCIS_INDDEMOG1_1(1.0),A,ITC20,LIFEEXP65M,2021,18.9,,,,TIPO_DATO15__LIFEEXP65M_N1,,,
IT1:22_293_DF_DCIS_INDDEMOG1_1(1.0),A,ITC20,LIFEEXP65M,2022,19.1,,,,TIPO_DATO15__LIFEEXP65M_N1,,,
IT1:22_293_DF_DCIS_INDDEMOG1_1(1.0),A,ITC20,LIFEEXP65M,2023,19.7,,,,TIPO_DATO15__LIFEEXP65M_N1,,,
IT1:22_293_DF_DCIS_INDDEMOG1_1(1.0),A,ITC20,LIFEEXP65M,2024,19.4,,,,TIPO_DATO15__LIFEEXP65M_N1,,,
IT1:22_293_DF_DCIS_INDDEMOG1_1(1.0),A,ITC20,LIFEEXP65M,2025,20.8,e,,,TIPO_DATO15__LIFEEXP65M_N1,,,
IT1:22_293_DF_DCIS_INDDEMOG1_1(1.0),A,ITC3,LIFEEXP65M,2015,18.7,,,,TIPO_DATO15__LIFEEXP65M_N1,,,
IT1:22_293_DF_DCIS_INDDEMOG1_1(1.0),A,ITC3,LIFEEXP65M,2016,19.1,,,,TIPO_DATO15__LIFEEXP65M_N1,,,
IT1:22_293_DF_DCIS_INDDEMOG1_1(1.0),A,ITC3,LIFEEXP65M,2017,18.9,,,,TIPO_DATO15__LIFEEXP65M_N1,,,
IT1:22_293_DF_DCIS_INDDEMOG1_1(1.0),A,ITC3,LIFEEXP65M,2018,18.9,,,,TIPO_DATO15__LIFEEXP65M_N1,,,
IT1:22_293_DF_DCIS_INDDEMOG1_1(1.0),A,ITC3,LIFEEXP65M,2019,19.3,,,,TIPO_DATO15__LIFEEXP65M_N1,,,
IT1:22_293_DF_DCIS_INDDEMOG1_1(1.0),A,ITC3,LIFEEXP65M,2020,17.9,,,,TIPO_DATO15__LIFEEXP65M_N1,,,
IT1:22_293_DF_DCIS_INDDEMOG1_1(1.0),A,ITC3,LIFEEXP65M,2021,18.8,,,,TIPO_DATO15__LIFEEXP65M_N1,,,
IT1:22_293_DF_DCIS_INDDEMOG1_1(1.0),A,ITC3,LIFEEXP65M,2022,18.7,,,,TIPO_DATO15__LIFEEXP65M_N1,,,
IT1:22_293_DF_DCIS_INDDEMOG1_1(1.0),A,ITC3,LIFEEXP65M,2023,19.3,,,,TIPO_DATO15__LIFEEXP65M_N1,,,
IT1:22_293_DF_DCIS_INDDEMOG1_1(1.0),A,ITC3,LIFEEXP65M,2024,19.8,,,,TIPO_DATO15__LIFEEXP65M_N1,,,
IT1:22_293_DF_DCIS_INDDEMOG1_1(1.0),A,ITC3,LIFEEXP65M,2025,20,e,,,TIPO_DATO15__LIFEEXP65M_N1,,,
IT1:22_293_DF_DCIS_INDDEMOG1_1(1.0),A,ITC31,LIFEEXP65M,2015,18.8,,,,TIPO_DATO15__LIFEEXP65M_N1,,,
IT1:22_293_DF_DCIS_INDDEMOG1_1(1.0),A,ITC31,LIFEEXP65M,2016,18.9,,,,TIPO_DATO15__LIFEEXP65M_N1,,,
IT1:22_293_DF_DCIS_INDDEMOG1_1(1.0),A,ITC31,LIFEEXP65M,2017,18.9,,,,TIPO_DATO15__LIFEEXP65M_N1,,,
IT1:22_293_DF_DCIS_INDDEMOG1_1(1.0),A,ITC31,LIFEEXP65M,2018,18.8,,,,TIPO_DATO15__LIFEEXP65M_N1,,,
IT1:22_293_DF_DCIS_INDDEMOG1_1(1.0),A,ITC31,LIFEEXP65M,2019,19.1,,,,TIPO_DATO15__LIFEEXP65M_N1,,,
IT1:22_293_DF_DCIS_INDDEMOG1_1(1.0),A,ITC31,LIFEEXP65M,2020,17.8,,,,TIPO_DATO15__LIFEEXP65M_N1,,,
IT1:22_293_DF_DCIS_INDDEMOG1_1(1.0),A,ITC31,LIFEEXP65M,2021,18.5,,,,TIPO_DATO15__LIFEEXP65M_N1,,,
IT1:22_293_DF_DCIS_INDDEMOG1_1(1.0),A,ITC31,LIFEEXP65M,2022,18.4,,,,TIPO_DATO15__LIFEEXP65M_N1,,,
IT1:22_293_DF_DCIS_INDDEMOG1_1(1.0),A,ITC31,LIFEEXP65M,2023,18.8,,,,TIPO_DATO15__LIFEEXP65M_N1,,,
IT1:22_293_DF_DCIS_INDDEMOG1_1(1.0),A,ITC31,LIFEEXP65M,2024,19.8,,,,TIPO_DATO15__LIFEEXP65M_N1,,,
IT1:22_293_DF_DCIS_INDDEMOG1_1(1.0),A,ITC31,LIFEEXP65M,2025,19.8,e,,,TIPO_DATO15__LIFEEXP65M_N1,,,
IT1:22_293_DF_DCIS_INDDEMOG1_1(1.0),A,ITC32,LIFEEXP65M,2015,18.5,,,,TIPO_DATO15__LIFEEXP65M_N1,,,
IT1:22_293_DF_DCIS_INDDEMOG1_1(1.0),A,ITC32,LIFEEXP65M,2016,19.2,,,,TIPO_DATO15__LIFEEXP65M_N1,,,
IT1:22_293_DF_DCIS_INDDEMOG1_1(1.0),A,ITC32,LIFEEXP65M,2017,19.1,,,,TIPO_DATO15__LIFEEXP65M_N1,,,
IT1:22_293_DF_DCIS_INDDEMOG1_1(1.0),A,ITC32,LIFEEXP65M,2018,18.7,,,,TIPO_DATO15__LIFEEXP65M_N1,,,
IT1:22_293_DF_DCIS_INDDEMOG1_1(1.0),A,ITC32,LIFEEXP65M,2019,19.4,,,,TIPO_DATO15__LIFEEXP65M_N1,,,
IT1:22_293_DF_DCIS_INDDEMOG1_1(1.0),A,ITC32,LIFEEXP65M,2020,18.5,,,,TIPO_DATO15__LIFEEXP65M_N1,,,
IT1:22_293_DF_DCIS_INDDEMOG1_1(1.0),A,ITC32,LIFEEXP65M,2021,18.6,,,,TIPO_DATO15__LIFEEXP65M_N1,,,
IT1:22_293_DF_DCIS_INDDEMOG1_1(1.0),A,ITC32,LIFEEXP65M,2022,18.8,,,,TIPO_DATO15__LIFEEXP65M_N1,,,
IT1:22_293_DF_DCIS_INDDEMOG1_1(1.0),A,ITC32,LIFEEXP65M,2023,19.3,,,,TIPO_DATO15__LIFEEXP65M_N1,,,
IT1:22_293_DF_DCIS_INDDEMOG1_1(1.0),A,ITC32,LIFEEXP65M,2024,20.1,,,,TIPO_DATO15__LIFEEXP65M_N1,,,
IT1:22_293_DF_DCIS_INDDEMOG1_1(1.0),A,ITC32,LIFEEXP65M,2025,20.1,e,,,TIPO_DATO15__LIFEEXP65M_N1,,,
IT1:22_293_DF_DCIS_INDDEMOG1_1(1.0),A,ITC33,LIFEEXP65M,2015,18.6,,,,TIPO_DATO15__LIFEEXP65M_N1,,,
IT1:22_293_DF_DCIS_INDDEMOG1_1(1.0),A,ITC33,LIFEEXP65M,2016,19.2,,,,TIPO_DATO15__LIFEEXP65M_N1,,,
IT1:22_293_DF_DCIS_INDDEMOG1_1(1.0),A,ITC33,LIFEEXP65M,2017,18.9,,,,TIPO_DATO15__LIFEEXP65M_N1,,,
IT1:22_293_DF_DCIS_INDDEMOG1_1(1.0),A,ITC33,LIFEEXP65M,2018,19.1,,,,TIPO_DATO15__LIFEEXP65M_N1,,,
IT1:22_293_DF_DCIS_INDDEMOG1_1(1.0),A,ITC33,LIFEEXP65M,2019,19.4,,,,TIPO_DATO15__LIFEEXP65M_N1,,,
IT1:22_293_DF_DCIS_INDDEMOG1_1(1.0),A,ITC33,LIFEEXP65M,2020,17.7,,,,TIPO_DATO15__LIFEEXP65M_N1,,,
IT1:22_293_DF_DCIS_INDDEMOG1_1(1.0),A,ITC33,LIFEEXP65M,2021,19,,,,TIPO_DATO15__LIFEEXP65M_N1,,,
IT1:22_293_DF_DCIS_INDDEMOG1_1(1.0),A,ITC33,LIFEEXP65M,2022,18.9,,,,TIPO_DATO15__LIFEEXP65M_N1,,,
IT1:22_293_DF_DCIS_INDDEMOG1_1(1.0),A,ITC33,LIFEEXP65M,2023,19.4,,,,TIPO_DATO15__LIFEEXP65M_N1,,,
IT1:22_293_DF_DCIS_INDDEMOG1_1(1.0),A,ITC33,LIFEEXP65M,2024,19.7,,,,TIPO_DATO15__LIFEEXP65M_N1,,,
IT1:22_293_DF_DCIS_INDDEMOG1_1(1.0),A,ITC33,LIFEEXP65M,2025,20.1,e,,,TIPO_DATO15__LIFEEXP65M_N1,,,
IT1:22_293_DF_DCIS_INDDEMOG1_1(1.0),A,ITC34,LIFEEXP65M,2015,19,,,,TIPO_DATO15__LIFEEXP65M_N1,,,
IT1:22_293_DF_DCIS_INDDEMOG1_1(1.0),A,ITC34,LIFEEXP65M,2016,19.2,,,,TIPO_DATO15__LIFEEXP65M_N1,,,
IT1:22_293_DF_DCIS_INDDEMOG1_1(1.0),A,ITC34,LIFEEXP65M,2017,19.4,,,,TIPO_DATO15__LIFEEXP65M_N1,,,
IT1:22_293_DF_DCIS_INDDEMOG1_1(1.0),A,ITC34,LIFEEXP65M,2018,19.3,,,,TIPO_DATO15__LIFEEXP65M_N1,,,
IT1:22_293_DF_DCIS_INDDEMOG1_1(1.0),A,ITC34,LIFEEXP65M,2019,19.7,,,,TIPO_DATO15__LIFEEXP65M_N1,,,
IT1:22_293_DF_DCIS_INDDEMOG1_1(1.0),A,ITC34,LIFEEXP65M,2020,18.2,,,,TIPO_DATO15__LIFEEXP65M_N1,,,
IT1:22_293_DF_DCIS_INDDEMOG1_1(1.0),A,ITC34,LIFEEXP65M,2021,19.1,,,,TIPO_DATO15__LIFEEXP65M_N1,,,
IT1:22_293_DF_DCIS_INDDEMOG1_1(1.0),A,ITC34,LIFEEXP65M,2022,18.7,,,,TIPO_DATO15__LIFEEXP65M_N1,,,
IT1:22_293_DF_DCIS_INDDEMOG1_1(1.0),A,ITC34,LIFEEXP65M,2023,19.6,,,,TIPO_DATO15__LIFEEXP65M_N1,,,
IT1:22_293_DF_DCIS_INDDEMOG1_1(1.0),A,ITC34,LIFEEXP65M,2024,19.8,,,,TIPO_DATO15__LIFEEXP65M_N1,,,
IT1:22_293_DF_DCIS_INDDEMOG1_1(1.0),A,ITC34,LIFEEXP65M,2025,20,e,,,TIPO_DATO15__LIFEEXP65M_N1,,,
IT1:22_293_DF_DCIS_INDDEMOG1_1(1.0),A,ITC4,LIFEEXP65M,2015,18.9,,,,TIPO_DATO15__LIFEEXP65M_N1,,,
IT1:22_293_DF_DCIS_INDDEMOG1_1(1.0),A,ITC4,LIFEEXP65M,2016,19.3,,,,TIPO_DATO15__LIFEEXP65M_N1,,,
IT1:22_293_DF_DCIS_INDDEMOG1_1(1.0),A,ITC4,LIFEEXP65M,2017,19.3,,,,TIPO_DATO15__LIFEEXP65M_N1,,,
IT1:22_293_DF_DCIS_INDDEMOG1_1(1.0),A,ITC4,LIFEEXP65M,2018,19.4,,,,TIPO_DATO15__LIFEEXP65M_N1,,,
IT1:22_293_DF_DCIS_INDDEMOG1_1(1.0),A,ITC4,LIFEEXP65M,2019,19.6,,,,TIPO_DATO15__LIFEEXP65M_N1,,,
IT1:22_293_DF_DCIS_INDDEMOG1_1(1.0),A,ITC4,LIFEEXP65M,2020,17.2,,,,TIPO_DATO15__LIFEEXP65M_N1,,,
IT1:22_293_DF_DCIS_INDDEMOG1_1(1.0),A,ITC4,LIFEEXP65M,2021,19,,,,TIPO_DATO15__LIFEEXP65M_N1,,,
IT1:22_293_DF_DCIS_INDDEMOG1_1(1.0),A,ITC4,LIFEEXP65M,2022,19.2,,,,TIPO_DATO15__LIFEEXP65M_N1,,,
IT1:22_293_DF_DCIS_INDDEMOG1_1(1.0),A,ITC4,LIFEEXP65M,2023,19.9,,,,TIPO_DATO15__LIFEEXP65M_N1,,,
IT1:22_293_DF_DCIS_INDDEMOG1_1(1.0),A,ITC4,LIFEEXP65M,2024,20.2,,,,TIPO_DATO15__LIFEEXP65M_N1,,,
IT1:22_293_DF_DCIS_INDDEMOG1_1(1.0),A,ITC4,LIFEEXP65M,2025,20.3,e,,,TIPO_DATO15__LIFEEXP65M_N1,,,
IT1:22_293_DF_DCIS_INDDEMOG1_1(1.0),A,ITC41,LIFEEXP65M,2015,19,,,,TIPO_DATO15__LIFEEXP65M_N1,,,
IT1:22_293_DF_DCIS_INDDEMOG1_1(1.0),A,ITC41,LIFEEXP65M,2016,19.5,,,,TIPO_DATO15__LIFEEXP65M_N1,,,
IT1:22_293_DF_DCIS_INDDEMOG1_1(1.0),A,ITC41,LIFEEXP65M,2017,19.6,,,,TIPO_DATO15__LIFEEXP65M_N1,,,
IT1:22_293_DF_DCIS_INDDEMOG1_1(1.0),A,ITC41,LIFEEXP65M,2018,19.6,,,,TIPO_DATO15__LIFEEXP65M_N1,,,
IT1:22_293_DF_DCIS_INDDEMOG1_1(1.0),A,ITC41,LIFEEXP65M,2019,19.5,,,,TIPO_DATO15__LIFEEXP65M_N1,,,
IT1:22_293_DF_DCIS_INDDEMOG1_1(1.0),A,ITC41,LIFEEXP65M,2020,17.9,,,,TIPO_DATO15__LIFEEXP65M_N1,,,
IT1:22_293_DF_DCIS_INDDEMOG1_1(1.0),A,ITC41,LIFEEXP65M,2021,18.9,,,,TIPO_DATO15__LIFEEXP65M_N1,,,
IT1:22_293_DF_DCIS_INDDEMOG1_1(1.0),A,ITC41,LIFEEXP65M,2022,19.2,,,,TIPO_DATO15__LIFEEXP65M_N1,,,
IT1:22_293_DF_DCIS_INDDEMOG1_1(1.0),A,ITC41,LIFEEXP65M,2023,19.9,,,,TIPO_DATO15__LIFEEXP65M_N1,,,
IT1:22_293_DF_DCIS_INDDEMOG1_1(1.0),A,ITC41,LIFEEXP65M,2024,20.4,,,,TIPO_DATO15__LIFEEXP65M_N1,,,
IT1:22_293_DF_DCIS_INDDEMOG1_1(1.0),A,ITC41,LIFEEXP65M,2025,20.5,e,,,TIPO_DATO15__LIFEEXP65M_N1,,,
IT1:22_293_DF_DCIS_INDDEMOG1_1(1.0),A,ITC42,LIFEEXP65M,2015,18.9,,,,TIPO_DATO15__LIFEEXP65M_N1,,,
IT1:22_293_DF_DCIS_INDDEMOG1_1(1.0),A,ITC42,LIFEEXP65M,2016,19.2,,,,TIPO_DATO15__LIFEEXP65M_N1,,,
IT1:22_293_DF_DCIS_INDDEMOG1_1(1.0),A,ITC42,LIFEEXP65M,2017,19.5,,,,TIPO_DATO15__LIFEEXP65M_N1,,,
IT1:22_293_DF_DCIS_INDDEMOG1_1(1.0),A,ITC42,LIFEEXP65M,2018,19.5,,,,TIPO_DATO15__LIFEEXP65M_N1,,,
IT1:22_293_DF_DCIS_INDDEMOG1_1(1.0),A,ITC42,LIFEEXP65M,2019,19.6,,,,TIPO_DATO15__LIFEEXP65M_N1,,,
IT1:22_293_DF_DCIS_INDDEMOG1_1(1.0),A,ITC42,LIFEEXP65M,2020,17.8,,,,TIPO_DATO15__LIFEEXP65M_N1,,,
IT1:22_293_DF_DCIS_INDDEMOG1_1(1.0),A,ITC42,LIFEEXP65M,2021,18.9,,,,TIPO_DATO15__LIFEEXP65M_N1,,,
IT1:22_293_DF_DCIS_INDDEMOG1_1(1.0),A,ITC42,LIFEEXP65M,2022,19.2,,,,TIPO_DATO15__LIFEEXP65M_N1,,,
IT1:22_293_DF_DCIS_INDDEMOG1_1(1.0),A,ITC42,LIFEEXP65M,2023,20.2,,,,TIPO_DATO15__LIFEEXP65M_N1,,,
IT1:22_293_DF_DCIS_INDDEMOG1_1(1.0),A,ITC42,LIFEEXP65M,2024,20.3,,,,TIPO_DATO15__LIFEEXP65M_N1,,,
IT1:22_293_DF_DCIS_INDDEMOG1_1(1.0),A,ITC42,LIFEEXP65M,2025,20.7,e,,,TIPO_DATO15__LIFEEXP65M_N1,,,
IT1:22_293_DF_DCIS_INDDEMOG1_1(1.0),A,ITC43,LIFEEXP65M,2015,19.1,,,,TIPO_DATO15__LIFEEXP65M_N1,,,
IT1:22_293_DF_DCIS_INDDEMOG1_1(1.0),A,ITC43,LIFEEXP65M,2016,19.6,,,,TIPO_DATO15__LIFEEXP65M_N1,,,
IT1:22_293_DF_DCIS_INDDEMOG1_1(1.0),A,ITC43,LIFEEXP65M,2017,19.6,,,,TIPO_DATO15__LIFEEXP65M_N1,,,
IT1:22_293_DF_DCIS_INDDEMOG1_1(1.0),A,ITC43,LIFEEXP65M,2018,19.8,,,,TIPO_DATO15__LIFEEXP65M_N1,,,
IT1:22_293_DF_DCIS_INDDEMOG1_1(1.0),A,ITC43,LIFEEXP65M,2019,19.9,,,,TIPO_DATO15__LIFEEXP65M_N1,,,
IT1:22_293_DF_DCIS_INDDEMOG1_1(1.0),A,ITC43,LIFEEXP65M,2020,17.8,,,,TIPO_DATO15__LIFEEXP65M_N1,,,
IT1:22_293_DF_DCIS_INDDEMOG1_1(1.0),A,ITC43,LIFEEXP65M,2021,19.6,,,,TIPO_DATO15__LIFEEXP65M_N1,,,
IT1:22_293_DF_DCIS_INDDEMOG1_1(1.0),A,ITC43,LIFEEXP65M,2022,19.3,,,,TIPO_DATO15__LIFEEXP65M_N1,,,
IT1:22_293_DF_DCIS_INDDEMOG1_1(1.0),A,ITC43,LIFEEXP65M,2023,20.5,,,,TIPO_DATO15__LIFEEXP65M_N1,,,
IT1:22_293_DF_DCIS_INDDEMOG1_1(1.0),A,ITC43,LIFEEXP65M,2024,21,,,,TIPO_DATO15__LIFEEXP65M_N1,,,
IT1:22_293_DF_DCIS_INDDEMOG1_1(1.0),A,ITC43,LIFEEXP65M,2025,20.4,e,,,TIPO_DATO15__LIFEEXP65M_N1,,,
IT1:22_293_DF_DCIS_INDDEMOG1_1(1.0),A,ITC44,LIFEEXP65M,2015,18.7,,,,TIPO_DATO15__LIFEEXP65M_N1,,,
IT1:22_293_DF_DCIS_INDDEMOG1_1(1.0),A,ITC44,LIFEEXP65M,2016,19.1,,,,TIPO_DATO15__LIFEEXP65M_N1,,,
IT1:22_293_DF_DCIS_INDDEMOG1_1(1.0),A,ITC44,LIFEEXP65M,2017,18.8,,,,TIPO_DATO15__LIFEEXP65M_N1,,,
IT1:22_293_DF_DCIS_INDDEMOG1_1(1.0),A,ITC44,LIFEEXP65M,2018,18.3,,,,TIPO_DATO15__LIFEEXP65M_N1,,,
IT1:22_293_DF_DCIS_INDDEMOG1_1(1.0),A,ITC44,LIFEEXP65M,2019,18.8,,,,TIPO_DATO15__LIFEEXP65M_N1,,,
IT1:22_293_DF_DCIS_INDDEMOG1_1(1.0),A,ITC44,LIFEEXP65M,2020,17.2,,,,TIPO_DATO15__LIFEEXP65M_N1,,,
IT1:22_293_DF_DCIS_INDDEMOG1_1(1.0),A,ITC44,LIFEEXP65M,2021,18.6,,,,TIPO_DATO15__LIFEEXP65M_N1,,,
IT1:22_293_DF_DCIS_INDDEMOG1_1(1.0),A,ITC44,LIFEEXP65M,2022,18.7,,,,TIPO_DATO15__LIFEEXP65M_N1,,,
IT1:22_293_DF_DCIS_INDDEMOG1_1(1.0),A,ITC44,LIFEEXP65M,2023,19.6,,,,TIPO_DATO15__LIFEEXP65M_N1,,,
IT1:22_293_DF_DCIS_INDDEMOG1_1(1.0),A,ITC44,LIFEEXP65M,2024,19.4,,,,TIPO_DATO15__LIFEEXP65M_N1,,,
IT1:22_293_DF_DCIS_INDDEMOG1_1(1.0),A,ITC44,LIFEEXP65M,2025,20.2,e,,,TIPO_DATO15__LIFEEXP65M_N1,,,
IT1:22_293_DF_DCIS_INDDEMOG1_1(1.0),A,ITC45,LIFEEXP65M,2015,19.3,,,,TIPO_DATO15__LIFEEXP65M_N1,,,
IT1:22_293_DF_DCIS_INDDEMOG1_1(1.0),A,ITC45,LIFEEXP65M,2016,19.7,,,,TIPO_DATO15__LIFEEXP65M_N1,,,
IT1:22_293_DF_DCIS_INDDEMOG1_1(1.0),A,ITC45,LIFEEXP65M,2017,19.6,,,,TIPO_DATO15__LIFEEXP65M_N1,,,
IT1:22_293_DF_DCIS_INDDEMOG1_1(1.0),A,ITC45,LIFEEXP65M,2018,19.9,,,,TIPO_DATO15__LIFEEXP65M_N1,,,
IT1:22_293_DF_DCIS_INDDEMOG1_1(1.0),A,ITC45,LIFEEXP65M,2019,20.1,,,,TIPO_DATO15__LIFEEXP65M_N1,,,
IT1:22_293_DF_DCIS_INDDEMOG1_1(1.0),A,ITC45,LIFEEXP65M,2020,17.9,,,,TIPO_DATO15__LIFEEXP65M_N1,,,
IT1:22_293_DF_DCIS_INDDEMOG1_1(1.0),A,ITC45,LIFEEXP65M,2021,19.3,,,,TIPO_DATO15__LIFEEXP65M_N1,,,
IT1:22_293_DF_DCIS_INDDEMOG1_1(1.0),A,ITC45,LIFEEXP65M,2022,19.4,,,,TIPO_DATO15__LIFEEXP65M_N1,,,
IT1:22_293_DF_DCIS_INDDEMOG1_1(1.0),A,ITC45,LIFEEXP65M,2023,20.2,,,,TIPO_DATO15__LIFEEXP65M_N1,,,
IT1:22_293_DF_DCIS_INDDEMOG1_1(1.0),A,ITC45,LIFEEXP65M,2024,20.5,,,,TIPO_DATO15__LIFEEXP65M_N1,,,
IT1:22_293_DF_DCIS_INDDEMOG1_1(1.0),A,ITC45,LIFEEXP65M,2025,20.6,e,,,TIPO_DATO15__LIFEEXP65M_N1,,,
IT1:22_293_DF_DCIS_INDDEMOG1_1(1.0),A,ITC46,LIFEEXP65M,2015,18.7,,,,TIPO_DATO15__LIFEEXP65M_N1,,,
IT1:22_293_DF_DCIS_INDDEMOG1_1(1.0),A,ITC46,LIFEEXP65M,2016,19.1,,,,TIPO_DATO15__LIFEEXP65M_N1,,,
IT1:22_293_DF_DCIS_INDDEMOG1_1(1.0),A,ITC46,LIFEEXP65M,2017,19.2,,,,TIPO_DATO15__LIFEEXP65M_N1,,,
IT1:22_293_DF_DCIS_INDDEMOG1_1(1.0),A,ITC46,LIFEEXP65M,2018,19.4,,,,TIPO_DATO15__LIFEEXP65M_N1,,,
IT1:22_293_DF_DCIS_INDDEMOG1_1(1.0),A,ITC46,LIFEEXP65M,2019,19.5,,,,TIPO_DATO15__LIFEEXP65M_N1,,,
IT1:22_293_DF_DCIS_INDDEMOG1_1(1.0),A,ITC46,LIFEEXP65M,2020,15.5,,,,TIPO_DATO15__LIFEEXP65M_N1,,,
IT1:22_293_DF_DCIS_INDDEMOG1_1(1.0),A,ITC46,LIFEEXP65M,2021,19.4,,,,TIPO_DATO15__LIFEEXP65M_N1,,,
IT1:22_293_DF_DCIS_INDDEMOG1_1(1.0),A,ITC46,LIFEEXP65M,2022,19.1,,,,TIPO_DATO15__LIFEEXP65M_N1,,,
IT1:22_293_DF_DCIS_INDDEMOG1_1(1.0),A,ITC46,LIFEEXP65M,2023,19.8,,,,TIPO_DATO15__LIFEEXP65M_N1,,,
IT1:22_293_DF_DCIS_INDDEMOG1_1(1.0),A,ITC46,LIFEEXP65M,2024,20.3,,,,TIPO_DATO15__LIFEEXP65M_N1,,,
IT1:22_293_DF_DCIS_INDDEMOG1_1(1.0),A,ITC46,LIFEEXP65M,2025,20.3,e,,,TIPO_DATO15__LIFEEXP65M_N1,,,
IT1:22_293_DF_DCIS_INDDEMOG1_1(1.0),A,ITC47,LIFEEXP65M,2015,18.9,,,,TIPO_DATO15__LIFEEXP65M_N1,,,
IT1:22_293_DF_DCIS_INDDEMOG1_1(1.0),A,ITC47,LIFEEXP65M,2016,19.3,,,,TIPO_DATO15__LIFEEXP65M_N1,,,
IT1:22_293_DF_DCIS_INDDEMOG1_1(1.0),A,ITC47,LIFEEXP65M,2017,19.2,,,,TIPO_DATO15__LIFEEXP65M_N1,,,
IT1:22_293_DF_DCIS_INDDEMOG1_1(1.0),A,ITC47,LIFEEXP65M,2018,19.4,,,,TIPO_DATO15__LIFEEXP65M_N1,,,
IT1:22_293_DF_DCIS_INDDEMOG1_1(1.0),A,ITC47,LIFEEXP65M,2019,19.5,,,,TIPO_DATO15__LIFEEXP65M_N1,,,
IT1:22_293_DF_DCIS_INDDEMOG1_1(1.0),A,ITC47,LIFEEXP65M,2020,16.9,,,,TIPO_DATO15__LIFEEXP65M_N1,,,
IT1:22_293_DF_DCIS_INDDEMOG1_1(1.0),A,ITC47,LIFEEXP65M,2021,18.8,,,,TIPO_DATO15__LIFEEXP65M_N1,,,
IT1:22_293_DF_DCIS_INDDEMOG1_1(1.0),A,ITC47,LIFEEXP65M,2022,19.4,,,,TIPO_DATO15__LIFEEXP65M_N1,,,
IT1:22_293_DF_DCIS_INDDEMOG1_1(1.0),A,ITC47,LIFEEXP65M,2023,20.2,,,,TIPO_DATO15__LIFEEXP65M_N1,,,
IT1:22_293_DF_DCIS_INDDEMOG1_1(1.0),A,ITC47,LIFEEXP65M,2024,20.5,,,,TIPO_DATO15__LIFEEXP65M_N1,,,
IT1:22_293_DF_DCIS_INDDEMOG1_1(1.0),A,ITC47,LIFEEXP65M,2025,20.6,e,,,TIPO_DATO15__LIFEEXP65M_N1,,,
IT1:22_293_DF_DCIS_INDDEMOG1_1(1.0),A,ITC48,LIFEEXP65M,2015,18,,,,TIPO_DATO15__LIFEEXP65M_N1,,,
IT1:22_293_DF_DCIS_INDDEMOG1_1(1.0),A,ITC48,LIFEEXP65M,2016,18.4,,,,TIPO_DATO15__LIFEEXP65M_N1,,,
IT1:22_293_DF_DCIS_INDDEMOG1_1(1.0),A,ITC48,LIFEEXP65M,2017,18.3,,,,TIPO_DATO15__LIFEEXP65M_N1,,,
IT1:22_293_DF_DCIS_INDDEMOG1_1(1.0),A,ITC48,LIFEEXP65M,2018,18.5,,,,TIPO_DATO15__LIFEEXP65M_N1,,,
IT1:22_293_DF_DCIS_INDDEMOG1_1(1.0),A,ITC48,LIFEEXP65M,2019,18.9,,,,TIPO_DATO15__LIFEEXP65M_N1,,,
IT1:22_293_DF_DCIS_INDDEMOG1_1(1.0),A,ITC48,LIFEEXP65M,2020,16.3,,,,TIPO_DATO15__LIFEEXP65M_N1,,,
IT1:22_293_DF_DCIS_INDDEMOG1_1(1.0),A,ITC48,LIFEEXP65M,2021,18.2,,,,TIPO_DATO15__LIFEEXP65M_N1,,,
IT1:22_293_DF_DCIS_INDDEMOG1_1(1.0),A,ITC48,LIFEEXP65M,2022,18.3,,,,TIPO_DATO15__LIFEEXP65M_N1,,,
IT1:22_293_DF_DCIS_INDDEMOG1_1(1.0),A,ITC48,LIFEEXP65M,2023,18.8,,,,TIPO_DATO15__LIFEEXP65M_N1,,,
IT1:22_293_DF_DCIS_INDDEMOG1_1(1.0),A,ITC48,LIFEEXP65M,2024,18.9,,,,TIPO_DATO15__LIFEEXP65M_N1,,,
IT1:22_293_DF_DCIS_INDDEMOG1_1(1.0),A,ITC48,LIFEEXP65M,2025,19.4,e,,,TIPO_DATO15__LIFEEXP65M_N1,,,
IT1:22_293_DF_DCIS_INDDEMOG1_1(1.0),A,ITC49,LIFEEXP65M,2015,17.7,,,,TIPO_DATO15__LIFEEXP65M_N1,,,
IT1:22_293_DF_DCIS_INDDEMOG1_1(1.0),A,ITC49,LIFEEXP65M,2016,18.7,,,,TIPO_DATO15__LIFEEXP65M_N1,,,
IT1:22_293_DF_DCIS_INDDEMOG1_1(1.0),A,ITC49,LIFEEXP65M,2017,18.7,,,,TIPO_DATO15__LIFEEXP65M_N1,,,
IT1:22_293_DF_DCIS_INDDEMOG1_1(1.0),A,ITC49,LIFEEXP65M,2018,18.8,,,,TIPO_DATO15__LIFEEXP65M_N1,,,
IT1:22_293_DF_DCIS_INDDEMOG1_1(1.0),A,ITC49,LIFEEXP65M,2019,19.5,,,,TIPO_DATO15__LIFEEXP65M_N1,,,
IT1:22_293_DF_DCIS_INDDEMOG1_1(1.0),A,ITC49,LIFEEXP65M,2020,15.7,,,,TIPO_DATO15__LIFEEXP65M_N1,,,
IT1:22_293_DF_DCIS_INDDEMOG1_1(1.0),A,ITC49,LIFEEXP65M,2021,19,,,,TIPO_DATO15__LIFEEXP65M_N1,,,
IT1:22_293_DF_DCIS_INDDEMOG1_1(1.0),A,ITC49,LIFEEXP65M,2022,18.9,,,,TIPO_DATO15__LIFEEXP65M_N1,,,
IT1:22_293_DF_DCIS_INDDEMOG1_1(1.0),A,ITC49,LIFEEXP65M,2023,19.2,,,,TIPO_DATO15__LIFEEXP65M_N1,,,
IT1:22_293_DF_DCIS_INDDEMOG1_1(1.0),A,ITC49,LIFEEXP65M,2024,20.1,,,,TIPO_DATO15__LIFEEXP65M_N1,,,
IT1:22_293_DF_DCIS_INDDEMOG1_1(1.0),A,ITC49,LIFEEXP65M,2025,19.5,e,,,TIPO_DATO15__LIFEEXP65M_N1,,,
IT1:22_293_DF_DCIS_INDDEMOG1_1(1.0),A,ITC4A,LIFEEXP65M,2015,18.6,,,,TIPO_DATO15__LIFEEXP65M_N1,,,
IT1:22_293_DF_DCIS_INDDEMOG1_1(1.0),A,ITC4A,LIFEEXP65M,2016,18.5,,,,TIPO_DATO15__LIFEEXP65M_N1,,,
IT1:22_293_DF_DCIS_INDDEMOG1_1(1.0),A,ITC4A,LIFEEXP65M,2017,19,,,,TIPO_DATO15__LIFEEXP65M_N1,,,
IT1:22_293_DF_DCIS_INDDEMOG1_1(1.0),A,ITC4A,LIFEEXP65M,2018,19.2,,,,TIPO_DATO15__LIFEEXP65M_N1,,,
IT1:22_293_DF_DCIS_INDDEMOG1_1(1.0),A,ITC4A,LIFEEXP65M,2019,19.7,,,,TIPO_DATO15__LIFEEXP65M_N1,,,
IT1:22_293_DF_DCIS_INDDEMOG1_1(1.0),A,ITC4A,LIFEEXP65M,2020,15.7,,,,TIPO_DATO15__LIFEEXP65M_N1,,,
IT1:22_293_DF_DCIS_INDDEMOG1_1(1.0),A,ITC4A,LIFEEXP65M,2021,19,,,,TIPO_DATO15__LIFEEXP65M_N1,,,
IT1:22_293_DF_DCIS_INDDEMOG1_1(1.0),A,ITC4A,LIFEEXP65M,2022,19.1,,,,TIPO_DATO15__LIFEEXP65M_N1,,,
IT1:22_293_DF_DCIS_INDDEMOG1_1(1.0),A,ITC4A,LIFEEXP65M,2023,19.8,,,,TIPO_DATO15__LIFEEXP65M_N1,,,
IT1:22_293_DF_DCIS_INDDEMOG1_1(1.0),A,ITC4A,LIFEEXP65M,2024,19.8,,,,TIPO_DATO15__LIFEEXP65M_N1,,,
IT1:22_293_DF_DCIS_INDDEMOG1_1(1.0),A,ITC4A,LIFEEXP65M,2025,19.9,e,,,TIPO_DATO15__LIFEEXP65M_N1,,,
IT1:22_293_DF_DCIS_INDDEMOG1_1(1.0),A,ITC4B,LIFEEXP65M,2015,18.9,,,,TIPO_DATO15__LIFEEXP65M_N1,,,
IT1:22_293_DF_DCIS_INDDEMOG1_1(1.0),A,ITC4B,LIFEEXP65M,2016,19.2,,,,TIPO_DATO15__LIFEEXP65M_N1,,,
IT1:22_293_DF_DCIS_INDDEMOG1_1(1.0),A,ITC4B,LIFEEXP65M,2017,19.6,,,,TIPO_DATO15__LIFEEXP65M_N1,,,
IT1:22_293_DF_DCIS_INDDEMOG1_1(1.0),A,ITC4B,LIFEEXP65M,2018,19.2,,,,TIPO_DATO15__LIFEEXP65M_N1,,,
IT1:22_293_DF_DCIS_INDDEMOG1_1(1.0),A,ITC4B,LIFEEXP65M,2019,19.3,,,,TIPO_DATO15__LIFEEXP65M_N1,,,
IT1:22_293_DF_DCIS_INDDEMOG1_1(1.0),A,ITC4B,LIFEEXP65M,2020,17.9,,,,TIPO_DATO15__LIFEEXP65M_N1,,,
IT1:22_293_DF_DCIS_INDDEMOG1_1(1.0),A,ITC4B,LIFEEXP65M,2021,18.3,,,,TIPO_DATO15__LIFEEXP65M_N1,,,
IT1:22_293_DF_DCIS_INDDEMOG1_1(1.0),A,ITC4B,LIFEEXP65M,2022,19,,,,TIPO_DATO15__LIFEEXP65M_N1,,,
IT1:22_293_DF_DCIS_INDDEMOG1_1(1.0),A,ITC4B,LIFEEXP65M,2023,19.3,,,,TIPO_DATO15__LIFEEXP65M_N1,,,
IT1:22_293_DF_DCIS_INDDEMOG1_1(1.0),A,ITC4B,LIFEEXP65M,2024,19.7,,,,TIPO_DATO15__LIFEEXP65M_N1,,,
IT1:22_293_DF_DCIS_INDDEMOG1_1(1.0),A,ITC4B,LIFEEXP65M,2025,20,e,,,TIPO_DATO15__LIFEEXP65M_N1,,,
IT1:22_293_DF_DCIS_INDDEMOG1_1(1.0),A,ITCD,LIFEEXP65M,2015,18.9,,,,TIPO_DATO15__LIFEEXP65M_N1,,,
IT1:22_293_DF_DCIS_INDDEMOG1_1(1.0),A,ITCD,LIFEEXP65M,2016,19.3,,,,TIPO_DATO15__LIFEEXP65M_N1,,,
IT1:22_293_DF_DCIS_INDDEMOG1_1(1.0),A,ITCD,LIFEEXP65M,2017,19.2,,,,TIPO_DATO15__LIFEEXP65M_N1,,,
IT1:22_293_DF_DCIS_INDDEMOG1_1(1.0),A,ITCD,LIFEEXP65M,2018,19.4,,,,TIPO_DATO15__LIFEEXP65M_N1,,,
IT1:22_293_DF_DCIS_INDDEMOG1_1(1.0),A,ITCD,LIFEEXP65M,2019,19.6,,,,TIPO_DATO15__LIFEEXP65M_N1,,,
IT1:22_293_DF_DCIS_INDDEMOG1_1(1.0),A,ITCD,LIFEEXP65M,2020,17.9,,,,TIPO_DATO15__LIFEEXP65M_N1,,,
IT1:22_293_DF_DCIS_INDDEMOG1_1(1.0),A,ITCD,LIFEEXP65M,2021,19,,,,TIPO_DATO15__LIFEEXP65M_N1,,,
IT1:22_293_DF_DCIS_INDDEMOG1_1(1.0),A,ITCD,LIFEEXP65M,2022,19.2,,,,TIPO_DATO15__LIFEEXP65M_N1,,,
IT1:22_293_DF_DCIS_INDDEMOG1_1(1.0),A,ITCD,LIFEEXP65M,2023,19.8,,,,TIPO_DATO15__LIFEEXP65M_N1,,,
IT1:22_293_DF_DCIS_INDDEMOG1_1(1.0),A,ITCD,LIFEEXP65M,2024,20.2,,,,TIPO_DATO15__LIFEEXP65M_N1,,,
IT1:22_293_DF_DCIS_INDDEMOG1_1(1.0),A,ITCD,LIFEEXP65M,2025,20.3,e,,,TIPO_DATO15__LIFEEXP65M_N1,,,
IT1:22_293_DF_DCIS_INDDEMOG1_1(1.0),A,ITD,LIFEEXP65M,2015,19.1,,,,TIPO_DATO15__LIFEEXP65M_N1,,,
IT1:22_293_DF_DCIS_INDDEMOG1_1(1.0),A,ITD,LIFEEXP65M,2016,19.4,,,,TIPO_DATO15__LIFEEXP65M_N1,,,
IT1:22_293_DF_DCIS_INDDEMOG1_1(1.0),A,ITD,LIFEEXP65M,2017,19.4,,,,TIPO_DATO15__LIFEEXP65M_N1,,,
IT1:22_293_DF_DCIS_INDDEMOG1_1(1.0),A,ITD,LIFEEXP65M,2018,19.7,,,,TIPO_DATO15__LIFEEXP65M_N1,,,
IT1:22_293_DF_DCIS_INDDEMOG1_1(1.0),A,ITD,LIFEEXP65M,2019,19.9,,,,TIPO_DATO15__LIFEEXP65M_N1,,,
IT1:22_293_DF_DCIS_INDDEMOG1_1(1.0),A,ITD,LIFEEXP65M,2020,18.6,,,,TIPO_DATO15__LIFEEXP65M_N1,,,
IT1:22_293_DF_DCIS_INDDEMOG1_1(1.0),A,ITD,LIFEEXP65M,2021,19.1,,,,TIPO_DATO15__LIFEEXP65M_N1,,,
IT1:22_293_DF_DCIS_INDDEMOG1_1(1.0),A,ITD,LIFEEXP65M,2022,19.4,,,,TIPO_DATO15__LIFEEXP65M_N1,,,
IT1:22_293_DF_DCIS_INDDEMOG1_1(1.0),A,ITD,LIFEEXP65M,2023,19.9,,,,TIPO_DATO15__LIFEEXP65M_N1,,,
IT1:22_293_DF_DCIS_INDDEMOG1_1(1.0),A,ITD,LIFEEXP65M,2024,20.4,,,,TIPO_DATO15__LIFEEXP65M_N1,,,
IT1:22_293_DF_DCIS_INDDEMOG1_1(1.0),A,ITD,LIFEEXP65M,2025,20.5,e,,,TIPO_DATO15__LIFEEXP65M_N1,,,
IT1:22_293_DF_DCIS_INDDEMOG1_1(1.0),A,ITD1,LIFEEXP65M,2015,19.5,,,,TIPO_DATO15__LIFEEXP65M_N1,,,
IT1:22_293_DF_DCIS_INDDEMOG1_1(1.0),A,ITD1,LIFEEXP65M,2016,19.8,,,,TIPO_DATO15__LIFEEXP65M_N1,,,
IT1:22_293_DF_DCIS_INDDEMOG1_1(1.0),A,ITD1,LIFEEXP65M,2017,19.8,,,,TIPO_DATO15__LIFEEXP65M_N1,,,
IT1:22_293_DF_DCIS_INDDEMOG1_1(1.0),A,ITD1,LIFEEXP65M,2018,20.2,,,,TIPO_DATO15__LIFEEXP65M_N1,,,
IT1:22_293_DF_DCIS_INDDEMOG1_1(1.0),A,ITD1,LIFEEXP65M,2019,20.2,,,,TIPO_DATO15__LIFEEXP65M_N1,,,
IT1:22_293_DF_DCIS_INDDEMOG1_1(1.0),A,ITD1,LIFEEXP65M,2020,19,,,,TIPO_DATO15__LIFEEXP65M_N1,,,
IT1:22_293_DF_DCIS_INDDEMOG1_1(1.0),A,ITD1,LIFEEXP65M,2021,19.5,,,,TIPO_DATO15__LIFEEXP65M_N1,,,
IT1:22_293_DF_DCIS_INDDEMOG1_1(1.0),A,ITD1,LIFEEXP65M,2022,19.5,,,,TIPO_DATO15__LIFEEXP65M_N1,,,
IT1:22_293_DF_DCIS_INDDEMOG1_1(1.0),A,ITD1,LIFEEXP65M,2023,20.3,,,,TIPO_DATO15__LIFEEXP65M_N1,,,
IT1:22_293_DF_DCIS_INDDEMOG1_1(1.0),A,ITD1,LIFEEXP65M,2024,20.8,,,,TIPO_DATO15__LIFEEXP65M_N1,,,
IT1:22_293_DF_DCIS_INDDEMOG1_1(1.0),A,ITD1,LIFEEXP65M,2025,20.9,e,,,TIPO_DATO15__LIFEEXP65M_N1,,,
IT1:22_293_DF_DCIS_INDDEMOG1_1(1.0),A,ITD10,LIFEEXP65M,2015,19.5,,,,TIPO_DATO15__LIFEEXP65M_N1,,,
IT1:22_293_DF_DCIS_INDDEMOG1_1(1.0),A,ITD10,LIFEEXP65M,2016,19.8,,,,TIPO_DATO15__LIFEEXP65M_N1,,,
IT1:22_293_DF_DCIS_INDDEMOG1_1(1.0),A,ITD10,LIFEEXP65M,2017,19.8,,,,TIPO_DATO15__LIFEEXP65M_N1,,,
IT1:22_293_DF_DCIS_INDDEMOG1_1(1.0),A,ITD10,LIFEEXP65M,2018,20.2,,,,TIPO_DATO15__LIFEEXP65M_N1,,,
IT1:22_293_DF_DCIS_INDDEMOG1_1(1.0),A,ITD10,LIFEEXP65M,2019,20.2,,,,TIPO_DATO15__LIFEEXP65M_N1,,,
IT1:22_293_DF_DCIS_INDDEMOG1_1(1.0),A,ITD10,LIFEEXP65M,2020,19,,,,TIPO_DATO15__LIFEEXP65M_N1,,,
IT1:22_293_DF_DCIS_INDDEMOG1_1(1.0),A,ITD10,LIFEEXP65M,2021,19.5,,,,TIPO_DATO15__LIFEEXP65M_N1,,,
IT1:22_293_DF_DCIS_INDDEMOG1_1(1.0),A,ITD10,LIFEEXP65M,2022,19.5,,,,TIPO_DATO15__LIFEEXP65M_N1,,,
IT1:22_293_DF_DCIS_INDDEMOG1_1(1.0),A,ITD10,LIFEEXP65M,2023,20.3,,,,TIPO_DATO15__LIFEEXP65M_N1,,,
IT1:22_293_DF_DCIS_INDDEMOG1_1(1.0),A,ITD10,LIFEEXP65M,2024,20.8,,,,TIPO_DATO15__LIFEEXP65M_N1,,,
IT1:22_293_DF_DCIS_INDDEMOG1_1(1.0),A,ITD10,LIFEEXP65M,2025,20.9,e,,,TIPO_DATO15__LIFEEXP65M_N1,,,
IT1:22_293_DF_DCIS_INDDEMOG1_1(1.0),A,ITD2,LIFEEXP65M,2015,19.5,,,,TIPO_DATO15__LIFEEXP65M_N1,,,
IT1:22_293_DF_DCIS_INDDEMOG1_1(1.0),A,ITD2,LIFEEXP65M,2016,19.8,,,,TIPO_DATO15__LIFEEXP65M_N1,,,
IT1:22_293_DF_DCIS_INDDEMOG1_1(1.0),A,ITD2,LIFEEXP65M,2017,19.9,,,,TIPO_DATO15__LIFEEXP65M_N1,,,
IT1:22_293_DF_DCIS_INDDEMOG1_1(1.0),A,ITD2,LIFEEXP65M,2018,20.4,,,,TIPO_DATO15__LIFEEXP65M_N1,,,
IT1:22_293_DF_DCIS_INDDEMOG1_1(1.0),A,ITD2,LIFEEXP65M,2019,20.3,,,,TIPO_DATO15__LIFEEXP65M_N1,,,
IT1:22_293_DF_DCIS_INDDEMOG1_1(1.0),A,ITD2,LIFEEXP65M,2020,18.6,,,,TIPO_DATO15__LIFEEXP65M_N1,,,
IT1:22_293_DF_DCIS_INDDEMOG1_1(1.0),A,ITD2,LIFEEXP65M,2021,19.7,,,,TIPO_DATO15__LIFEEXP65M_N1,,,
IT1:22_293_DF_DCIS_INDDEMOG1_1(1.0),A,ITD2,LIFEEXP65M,2022,20,,,,TIPO_DATO15__LIFEEXP65M_N1,,,
IT1:22_293_DF_DCIS_INDDEMOG1_1(1.0),A,ITD2,LIFEEXP65M,2023,20.5,,,,TIPO_DATO15__LIFEEXP65M_N1,,,
IT1:22_293_DF_DCIS_INDDEMOG1_1(1.0),A,ITD2,LIFEEXP65M,2024,20.8,,,,TIPO_DATO15__LIFEEXP65M_N1,,,
IT1:22_293_DF_DCIS_INDDEMOG1_1(1.0),A,ITD2,LIFEEXP65M,2025,20.9,e,,,TIPO_DATO15__LIFEEXP65M_N1,,,
IT1:22_293_DF_DCIS_INDDEMOG1_1(1.0),A,ITD20,LIFEEXP65M,2015,19.5,,,,TIPO_DATO15__LIFEEXP65M_N1,,,
IT1:22_293_DF_DCIS_INDDEMOG1_1(1.0),A,ITD20,LIFEEXP65M,2016,19.8,,,,TIPO_DATO15__LIFEEXP65M_N1,,,
IT1:22_293_DF_DCIS_INDDEMOG1_1(1.0),A,ITD20,LIFEEXP65M,2017,19.9,,,,TIPO_DATO15__LIFEEXP65M_N1,,,
IT1:22_293_DF_DCIS_INDDEMOG1_1(1.0),A,ITD20,LIFEEXP65M,2018,20.4,,,,TIPO_DATO15__LIFEEXP65M_N1,,,
IT1:22_293_DF_DCIS_INDDEMOG1_1(1.0),A,ITD20,LIFEEXP65M,2019,20.3,,,,TIPO_DATO15__LIFEEXP65M_N1,,,
IT1:22_293_DF_DCIS_INDDEMOG1_1(1.0),A,ITD20,LIFEEXP65M,2020,18.6,,,,TIPO_DATO15__LIFEEXP65M_N1,,,
IT1:22_293_DF_DCIS_INDDEMOG1_1(1.0),A,ITD20,LIFEEXP65M,2021,19.7,,,,TIPO_DATO15__LIFEEXP65M_N1,,,
IT1:22_293_DF_DCIS_INDDEMOG1_1(1.0),A,ITD20,LIFEEXP65M,2022,20,,,,TIPO_DATO15__LIFEEXP65M_N1,,,
IT1:22_293_DF_DCIS_INDDEMOG1_1(1.0),A,ITD20,LIFEEXP65M,2023,20.5,,,,TIPO_DATO15__LIFEEXP65M_N1,,,
IT1:22_293_DF_DCIS_INDDEMOG1_1(1.0),A,ITD20,LIFEEXP65M,2024,20.8,,,,TIPO_DATO15__LIFEEXP65M_N1,,,
IT1:22_293_DF_DCIS_INDDEMOG1_1(1.0),A,ITD20,LIFEEXP65M,2025,20.9,e,,,TIPO_DATO15__LIFEEXP65M_N1,,,
IT1:22_293_DF_DCIS_INDDEMOG1_1(1.0),A,ITD3,LIFEEXP65M,2015,19,,,,TIPO_DATO15__LIFEEXP65M_N1,,,
IT1:22_293_DF_DCIS_INDDEMOG1_1(1.0),A,ITD3,LIFEEXP65M,2016,19.3,,,,TIPO_DATO15__LIFEEXP65M_N1,,,
IT1:22_293_DF_DCIS_INDDEMOG1_1(1.0),A,ITD3,LIFEEXP65M,2017,19.3,,,,TIPO_DATO15__LIFEEXP65M_N1,,,
IT1:22_293_DF_DCIS_INDDEMOG1_1(1.0),A,ITD3,LIFEEXP65M,2018,19.6,,,,TIPO_DATO15__LIFEEXP65M_N1,,,
IT1:22_293_DF_DCIS_INDDEMOG1_1(1.0),A,ITD3,LIFEEXP65M,2019,19.8,,,,TIPO_DATO15__LIFEEXP65M_N1,,,
IT1:22_293_DF_DCIS_INDDEMOG1_1(1.0),A,ITD3,LIFEEXP65M,2020,18.8,,,,TIPO_DATO15__LIFEEXP65M_N1,,,
IT1:22_293_DF_DCIS_INDDEMOG1_1(1.0),A,ITD3,LIFEEXP65M,2021,19.3,,,,TIPO_DATO15__LIFEEXP65M_N1,,,
IT1:22_293_DF_DCIS_INDDEMOG1_1(1.0),A,ITD3,LIFEEXP65M,2022,19.3,,,,TIPO_DATO15__LIFEEXP65M_N1,,,
IT1:22_293_DF_DCIS_INDDEMOG1_1(1.0),A,ITD3,LIFEEXP65M,2023,19.9,,,,TIPO_DATO15__LIFEEXP65M_N1,,,
IT1:22_293_DF_DCIS_INDDEMOG1_1(1.0),A,ITD3,LIFEEXP65M,2024,20.4,,,,TIPO_DATO15__LIFEEXP65M_N1,,,
IT1:22_293_DF_DCIS_INDDEMOG1_1(1.0),A,ITD3,LIFEEXP65M,2025,20.5,e,,,TIPO_DATO15__LIFEEXP65M_N1,,,
IT1:22_293_DF_DCIS_INDDEMOG1_1(1.0),A,ITD31,LIFEEXP65M,2015,19.3,,,,TIPO_DATO15__LIFEEXP65M_N1,,,
IT1:22_293_DF_DCIS_INDDEMOG1_1(1.0),A,ITD31,LIFEEXP65M,2016,19.5,,,,TIPO_DATO15__LIFEEXP65M_N1,,,
IT1:22_293_DF_DCIS_INDDEMOG1_1(1.0),A,ITD31,LIFEEXP65M,2017,19.4,,,,TIPO_DATO15__LIFEEXP65M_N1,,,
IT1:22_293_DF_DCIS_INDDEMOG1_1(1.0),A,ITD31,LIFEEXP65M,2018,20,,,,TIPO_DATO15__LIFEEXP65M_N1,,,
IT1:22_293_DF_DCIS_INDDEMOG1_1(1.0),A,ITD31,LIFEEXP65M,2019,20.1,,,,TIPO_DATO15__LIFEEXP65M_N1,,,
IT1:22_293_DF_DCIS_INDDEMOG1_1(1.0),A,ITD31,LIFEEXP65M,2020,18.5,,,,TIPO_DATO15__LIFEEXP65M_N1,,,
IT1:22_293_DF_DCIS_INDDEMOG1_1(1.0),A,ITD31,LIFEEXP65M,2021,19.6,,,,TIPO_DATO15__LIFEEXP65M_N1,,,
IT1:22_293_DF_DCIS_INDDEMOG1_1(1.0),A,ITD31,LIFEEXP65M,2022,19.3,,,,TIPO_DATO15__LIFEEXP65M_N1,,,
IT1:22_293_DF_DCIS_INDDEMOG1_1(1.0),A,ITD31,LIFEEXP65M,2023,19.9,,,,TIPO_DATO15__LIFEEXP65M_N1,,,
IT1:22_293_DF_DCIS_INDDEMOG1_1(1.0),A,ITD31,LIFEEXP65M,2024,20.8,,,,TIPO_DATO15__LIFEEXP65M_N1,,,
IT1:22_293_DF_DCIS_INDDEMOG1_1(1.0),A,ITD31,LIFEEXP65M,2025,20.7,e,,,TIPO_DATO15__LIFEEXP65M_N1,,,
IT1:22_293_DF_DCIS_INDDEMOG1_1(1.0),A,ITD32,LIFEEXP65M,2015,19,,,,TIPO_DATO15__LIFEEXP65M_N1,,,
IT1:22_293_DF_DCIS_INDDEMOG1_1(1.0),A,ITD32,LIFEEXP65M,2016,19.3,,,,TIPO_DATO15__LIFEEXP65M_N1,,,
IT1:22_293_DF_DCIS_INDDEMOG1_1(1.0),A,ITD32,LIFEEXP65M,2017,19.5,,,,TIPO_DATO15__LIFEEXP65M_N1,,,
IT1:22_293_DF_DCIS_INDDEMOG1_1(1.0),A,ITD32,LIFEEXP65M,2018,19.4,,,,TIPO_DATO15__LIFEEXP65M_N1,,,
IT1:22_293_DF_DCIS_INDDEMOG1_1(1.0),A,ITD32,LIFEEXP65M,2019,19.9,,,,TIPO_DATO15__LIFEEXP65M_N1,,,
IT1:22_293_DF_DCIS_INDDEMOG1_1(1.0),A,ITD32,LIFEEXP65M,2020,18.6,,,,TIPO_DATO15__LIFEEXP65M_N1,,,
IT1:22_293_DF_DCIS_INDDEMOG1_1(1.0),A,ITD32,LIFEEXP65M,2021,19.3,,,,TIPO_DATO15__LIFEEXP65M_N1,,,
IT1:22_293_DF_DCIS_INDDEMOG1_1(1.0),A,ITD32,LIFEEXP65M,2022,19.4,,,,TIPO_DATO15__LIFEEXP65M_N1,,,
IT1:22_293_DF_DCIS_INDDEMOG1_1(1.0),A,ITD32,LIFEEXP65M,2023,20,,,,TIPO_DATO15__LIFEEXP65M_N1,,,
IT1:22_293_DF_DCIS_INDDEMOG1_1(1.0),A,ITD32,LIFEEXP65M,2024,20.7,,,,TIPO_DATO15__LIFEEXP65M_N1,,,
IT1:22_293_DF_DCIS_INDDEMOG1_1(1.0),A,ITD32,LIFEEXP65M,2025,20.7,e,,,TIPO_DATO15__LIFEEXP65M_N1,,,
IT1:22_293_DF_DCIS_INDDEMOG1_1(1.0),A,ITD33,LIFEEXP65M,2015,18.3,,,,TIPO_DATO15__LIFEEXP65M_N1,,,
IT1:22_293_DF_DCIS_INDDEMOG1_1(1.0),A,ITD33,LIFEEXP65M,2016,19,,,,TIPO_DATO15__LIFEEXP65M_N1,,,
IT1:22_293_DF_DCIS_INDDEMOG1_1(1.0),A,ITD33,LIFEEXP65M,2017,18.7,,,,TIPO_DATO15__LIFEEXP65M_N1,,,
IT1:22_293_DF_DCIS_INDDEMOG1_1(1.0),A,ITD33,LIFEEXP65M,2018,19.2,,,,TIPO_DATO15__LIFEEXP65M_N1,,,
IT1:22_293_DF_DCIS_INDDEMOG1_1(1.0),A,ITD33,LIFEEXP65M,2019,19.3,,,,TIPO_DATO15__LIFEEXP65M_N1,,,
IT1:22_293_DF_DCIS_INDDEMOG1_1(1.0),A,ITD33,LIFEEXP65M,2020,18.3,,,,TIPO_DATO15__LIFEEXP65M_N1,,,
IT1:22_293_DF_DCIS_INDDEMOG1_1(1.0),A,ITD33,LIFEEXP65M,2021,19.6,,,,TIPO_DATO15__LIFEEXP65M_N1,,,
IT1:22_293_DF_DCIS_INDDEMOG1_1(1.0),A,ITD33,LIFEEXP65M,2022,18.7,,,,TIPO_DATO15__LIFEEXP65M_N1,,,
IT1:22_293_DF_DCIS_INDDEMOG1_1(1.0),A,ITD33,LIFEEXP65M,2023,19.2,,,,TIPO_DATO15__LIFEEXP65M_N1,,,
IT1:22_293_DF_DCIS_INDDEMOG1_1(1.0),A,ITD33,LIFEEXP65M,2024,19.7,,,,TIPO_DATO15__LIFEEXP65M_N1,,,
IT1:22_293_DF_DCIS_INDDEMOG1_1(1.0),A,ITD33,LIFEEXP65M,2025,19.9,e,,,TIPO_DATO15__LIFEEXP65M_N1,,,
IT1:22_293_DF_DCIS_INDDEMOG1_1(1.0),A,ITD34,LIFEEXP65M,2015,19.4,,,,TIPO_DATO15__LIFEEXP65M_N1,,,
IT1:22_293_DF_DCIS_INDDEMOG1_1(1.0),A,ITD34,LIFEEXP65M,2016,19.8,,,,TIPO_DATO15__LIFEEXP65M_N1,,,
IT1:22_293_DF_DCIS_INDDEMOG1_1(1.0),A,ITD34,LIFEEXP65M,2017,19.8,,,,TIPO_DATO15__LIFEEXP65M_N1,,,
IT1:22_293_DF_DCIS_INDDEMOG1_1(1.0),A,ITD34,LIFEEXP65M,2018,20.1,,,,TIPO_DATO15__LIFEEXP65M_N1,,,
IT1:22_293_DF_DCIS_INDDEMOG1_1(1.0),A,ITD34,LIFEEXP65M,2019,20.1,,,,TIPO_DATO15__LIFEEXP65M_N1,,,
IT1:22_293_DF_DCIS_INDDEMOG1_1(1.0),A,ITD34,LIFEEXP65M,2020,19.2,,,,TIPO_DATO15__LIFEEXP65M_N1,,,
IT1:22_293_DF_DCIS_INDDEMOG1_1(1.0),A,ITD34,LIFEEXP65M,2021,19.7,,,,TIPO_DATO15__LIFEEXP65M_N1,,,
IT1:22_293_DF_DCIS_INDDEMOG1_1(1.0),A,ITD34,LIFEEXP65M,2022,19.9,,,,TIPO_DATO15__LIFEEXP65M_N1,,,
IT1:22_293_DF_DCIS_INDDEMOG1_1(1.0),A,ITD34,LIFEEXP65M,2023,20.2,,,,TIPO_DATO15__LIFEEXP65M_N1,,,
IT1:22_293_DF_DCIS_INDDEMOG1_1(1.0),A,ITD34,LIFEEXP65M,2024,20.8,,,,TIPO_DATO15__LIFEEXP65M_N1,,,
IT1:22_293_DF_DCIS_INDDEMOG1_1(1.0),A,ITD34,LIFEEXP65M,2025,20.9,e,,,TIPO_DATO15__LIFEEXP65M_N1,,,
IT1:22_293_DF_DCIS_INDDEMOG1_1(1.0),A,ITD35,LIFEEXP65M,2015,19,,,,TIPO_DATO15__LIFEEXP65M_N1,,,
IT1:22_293_DF_DCIS_INDDEMOG1_1(1.0),A,ITD35,LIFEEXP65M,2016,19.4,,,,TIPO_DATO15__LIFEEXP65M_N1,,,
IT1:22_293_DF_DCIS_INDDEMOG1_1(1.0),A,ITD35,LIFEEXP65M,2017,19.2,,,,TIPO_DATO15__LIFEEXP65M_N1,,,
IT1:22_293_DF_DCIS_INDDEMOG1_1(1.0),A,ITD35,LIFEEXP65M,2018,19.6,,,,TIPO_DATO15__LIFEEXP65M_N1,,,
IT1:22_293_DF_DCIS_INDDEMOG1_1(1.0),A,ITD35,LIFEEXP65M,2019,19.8,,,,TIPO_DATO15__LIFEEXP65M_N1,,,
IT1:22_293_DF_DCIS_INDDEMOG1_1(1.0),A,ITD35,LIFEEXP65M,2020,18.6,,,,TIPO_DATO15__LIFEEXP65M_N1,,,
IT1:22_293_DF_DCIS_INDDEMOG1_1(1.0),A,ITD35,LIFEEXP65M,2021,19.1,,,,TIPO_DATO15__LIFEEXP65M_N1,,,
IT1:22_293_DF_DCIS_INDDEMOG1_1(1.0),A,ITD35,LIFEEXP65M,2022,19.3,,,,TIPO_DATO15__LIFEEXP65M_N1,,,
IT1:22_293_DF_DCIS_INDDEMOG1_1(1.0),A,ITD35,LIFEEXP65M,2023,19.7,,,,TIPO_DATO15__LIFEEXP65M_N1,,,
IT1:22_293_DF_DCIS_INDDEMOG1_1(1.0),A,ITD35,LIFEEXP65M,2024,20.3,,,,TIPO_DATO15__LIFEEXP65M_N1,,,
IT1:22_293_DF_DCIS_INDDEMOG1_1(1.0),A,ITD35,LIFEEXP65M,2025,20.2,e,,,TIPO_DATO15__LIFEEXP65M_N1,,,
IT1:22_293_DF_DCIS_INDDEMOG1_1(1.0),A,ITD36,LIFEEXP65M,2015,19.2,,,,TIPO_DATO15__LIFEEXP65M_N1,,,
IT1:22_293_DF_DCIS_INDDEMOG1_1(1.0),A,ITD36,LIFEEXP65M,2016,19.5,,,,TIPO_DATO15__LIFEEXP65M_N1,,,
IT1:22_293_DF_DCIS_INDDEMOG1_1(1.0),A,ITD36,LIFEEXP65M,2017,19.6,,,,TIPO_DATO15__LIFEEXP65M_N1,,,
IT1:22_293_DF_DCIS_INDDEMOG1_1(1.0),A,ITD36,LIFEEXP65M,2018,20.1,,,,TIPO_DATO15__LIFEEXP65M_N1,,,
IT1:22_293_DF_DCIS_INDDEMOG1_1(1.0),A,ITD36,LIFEEXP65M,2019,20,,,,TIPO_DATO15__LIFEEXP65M_N1,,,
IT1:22_293_DF_DCIS_INDDEMOG1_1(1.0),A,ITD36,LIFEEXP65M,2020,19.5,,,,TIPO_DATO15__LIFEEXP65M_N1,,,
IT1:22_293_DF_DCIS_INDDEMOG1_1(1.0),A,ITD36,LIFEEXP65M,2021,19.5,,,,TIPO_DATO15__LIFEEXP65M_N1,,,
IT1:22_293_DF_DCIS_INDDEMOG1_1(1.0),A,ITD36,LIFEEXP65M,2022,19.7,,,,TIPO_DATO15__LIFEEXP65M_N1,,,
IT1:22_293_DF_DCIS_INDDEMOG1_1(1.0),A,ITD36,LIFEEXP65M,2023,20.2,,,,TIPO_DATO15__LIFEEXP65M_N1,,,
IT1:22_293_DF_DCIS_INDDEMOG1_1(1.0),A,ITD36,LIFEEXP65M,2024,20.6,,,,TIPO_DATO15__LIFEEXP65M_N1,,,
IT1:22_293_DF_DCIS_INDDEMOG1_1(1.0),A,ITD36,LIFEEXP65M,2025,21,e,,,TIPO_DATO15__LIFEEXP65M_N1,,,
IT1:22_293_DF_DCIS_INDDEMOG1_1(1.0),A,ITD37,LIFEEXP65M,2015,18.4,,,,TIPO_DATO15__LIFEEXP65M_N1,,,
IT1:22_293_DF_DCIS_INDDEMOG1_1(1.0),A,ITD37,LIFEEXP65M,2016,18.2,,,,TIPO_DATO15__LIFEEXP65M_N1,,,
IT1:22_293_DF_DCIS_INDDEMOG1_1(1.0),A,ITD37,LIFEEXP65M,2017,18.6,,,,TIPO_DATO15__LIFEEXP65M_N1,,,
IT1:22_293_DF_DCIS_INDDEMOG1_1(1.0),A,ITD37,LIFEEXP65M,2018,18.5,,,,TIPO_DATO15__LIFEEXP65M_N1,,,
IT1:22_293_DF_DCIS_INDDEMOG1_1(1.0),A,ITD37,LIFEEXP65M,2019,19.4,,,,TIPO_DATO15__LIFEEXP65M_N1,,,
IT1:22_293_DF_DCIS_INDDEMOG1_1(1.0),A,ITD37,LIFEEXP65M,2020,18.2,,,,TIPO_DATO15__LIFEEXP65M_N1,,,
IT1:22_293_DF_DCIS_INDDEMOG1_1(1.0),A,ITD37,LIFEEXP65M,2021,18.3,,,,TIPO_DATO15__LIFEEXP65M_N1,,,
IT1:22_293_DF_DCIS_INDDEMOG1_1(1.0),A,ITD37,LIFEEXP65M,2022,18.3,,,,TIPO_DATO15__LIFEEXP65M_N1,,,
IT1:22_293_DF_DCIS_INDDEMOG1_1(1.0),A,ITD37,LIFEEXP65M,2023,19.7,,,,TIPO_DATO15__LIFEEXP65M_N1,,,
IT1:22_293_DF_DCIS_INDDEMOG1_1(1.0),A,ITD37,LIFEEXP65M,2024,19.9,,,,TIPO_DATO15__LIFEEXP65M_N1,,,
IT1:22_293_DF_DCIS_INDDEMOG1_1(1.0),A,ITD37,LIFEEXP65M,2025,19.5,e,,,TIPO_DATO15__LIFEEXP65M_N1,,,
IT1:22_293_DF_DCIS_INDDEMOG1_1(1.0),A,ITD4,LIFEEXP65M,2015,18.6,,,,TIPO_DATO15__LIFEEXP65M_N1,,,
IT1:22_293_DF_DCIS_INDDEMOG1_1(1.0),A,ITD4,LIFEEXP65M,2016,19.1,,,,TIPO_DATO15__LIFEEXP65M_N1,,,
IT1:22_293_DF_DCIS_INDDEMOG1_1(1.0),A,ITD4,LIFEEXP65M,2017,19.1,,,,TIPO_DATO15__LIFEEXP65M_N1,,,
IT1:22_293_DF_DCIS_INDDEMOG1_1(1.0),A,ITD4,LIFEEXP65M,2018,19.4,,,,TIPO_DATO15__LIFEEXP65M_N1,,,
IT1:22_293_DF_DCIS_INDDEMOG1_1(1.0),A,ITD4,LIFEEXP65M,2019,19.6,,,,TIPO_DATO15__LIFEEXP65M_N1,,,
IT1:22_293_DF_DCIS_INDDEMOG1_1(1.0),A,ITD4,LIFEEXP65M,2020,18.5,,,,TIPO_DATO15__LIFEEXP65M_N1,,,
IT1:22_293_DF_DCIS_INDDEMOG1_1(1.0),A,ITD4,LIFEEXP65M,2021,18.2,,,,TIPO_DATO15__LIFEEXP65M_N1,,,
IT1:22_293_DF_DCIS_INDDEMOG1_1(1.0),A,ITD4,LIFEEXP65M,2022,19,,,,TIPO_DATO15__LIFEEXP65M_N1,,,
IT1:22_293_DF_DCIS_INDDEMOG1_1(1.0),A,ITD4,LIFEEXP65M,2023,19.5,,,,TIPO_DATO15__LIFEEXP65M_N1,,,
IT1:22_293_DF_DCIS_INDDEMOG1_1(1.0),A,ITD4,LIFEEXP65M,2024,20,,,,TIPO_DATO15__LIFEEXP65M_N1,,,
IT1:22_293_DF_DCIS_INDDEMOG1_1(1.0),A,ITD4,LIFEEXP65M,2025,20.2,e,,,TIPO_DATO15__LIFEEXP65M_N1,,,
IT1:22_293_DF_DCIS_INDDEMOG1_1(1.0),A,ITD41,LIFEEXP65M,2015,19.3,,,,TIPO_DATO15__LIFEEXP65M_N1,,,
IT1:22_293_DF_DCIS_INDDEMOG1_1(1.0),A,ITD41,LIFEEXP65M,2016,19.6,,,,TIPO_DATO15__LIFEEXP65M_N1,,,
IT1:22_293_DF_DCIS_INDDEMOG1_1(1.0),A,ITD41,LIFEEXP65M,2017,19.8,,,,TIPO_DATO15__LIFEEXP65M_N1,,,
IT1:22_293_DF_DCIS_INDDEMOG1_1(1.0),A,ITD41,LIFEEXP65M,2018,19.9,,,,TIPO_DATO15__LIFEEXP65M_N1,,,
IT1:22_293_DF_DCIS_INDDEMOG1_1(1.0),A,ITD41,LIFEEXP65M,2019,20.4,,,,TIPO_DATO15__LIFEEXP65M_N1,,,
IT1:22_293_DF_DCIS_INDDEMOG1_1(1.0),A,ITD41,LIFEEXP65M,2020,18.6,,,,TIPO_DATO15__LIFEEXP65M_N1,,,
IT1:22_293_DF_DCIS_INDDEMOG1_1(1.0),A,ITD41,LIFEEXP65M,2021,18.8,,,,TIPO_DATO15__LIFEEXP65M_N1,,,
IT1:22_293_DF_DCIS_INDDEMOG1_1(1.0),A,ITD41,LIFEEXP65M,2022,19.4,,,,TIPO_DATO15__LIFEEXP65M_N1,,,
IT1:22_293_DF_DCIS_INDDEMOG1_1(1.0),A,ITD41,LIFEEXP65M,2023,20,,,,TIPO_DATO15__LIFEEXP65M_N1,,,
IT1:22_293_DF_DCIS_INDDEMOG1_1(1.0),A,ITD41,LIFEEXP65M,2024,20.6,,,,TIPO_DATO15__LIFEEXP65M_N1,,,
IT1:22_293_DF_DCIS_INDDEMOG1_1(1.0),A,ITD41,LIFEEXP65M,2025,20.8,e,,,TIPO_DATO15__LIFEEXP65M_N1,,,
IT1:22_293_DF_DCIS_INDDEMOG1_1(1.0),A,ITD42,LIFEEXP65M,2015,18.4,,,,TIPO_DATO15__LIFEEXP65M_N1,,,
IT1:22_293_DF_DCIS_INDDEMOG1_1(1.0),A,ITD42,LIFEEXP65M,2016,19.2,,,,TIPO_DATO15__LIFEEXP65M_N1,,,
IT1:22_293_DF_DCIS_INDDEMOG1_1(1.0),A,ITD42,LIFEEXP65M,2017,19,,,,TIPO_DATO15__LIFEEXP65M_N1,,,
IT1:22_293_DF_DCIS_INDDEMOG1_1(1.0),A,ITD42,LIFEEXP65M,2018,19.5,,,,TIPO_DATO15__LIFEEXP65M_N1,,,
IT1:22_293_DF_DCIS_INDDEMOG1_1(1.0),A,ITD42,LIFEEXP65M,2019,19.6,,,,TIPO_DATO15__LIFEEXP65M_N1,,,
IT1:22_293_DF_DCIS_INDDEMOG1_1(1.0),A,ITD42,LIFEEXP65M,2020,18.6,,,,TIPO_DATO15__LIFEEXP65M_N1,,,
IT1:22_293_DF_DCIS_INDDEMOG1_1(1.0),A,ITD42,LIFEEXP65M,2021,18.1,,,,TIPO_DATO15__LIFEEXP65M_N1,,,
IT1:22_293_DF_DCIS_INDDEMOG1_1(1.0),A,ITD42,LIFEEXP65M,2022,19.2,,,,TIPO_DATO15__LIFEEXP65M_N1,,,
IT1:22_293_DF_DCIS_INDDEMOG1_1(1.0),A,ITD42,LIFEEXP65M,2023,19.6,,,,TIPO_DATO15__LIFEEXP65M_N1,,,
IT1:22_293_DF_DCIS_INDDEMOG1_1(1.0),A,ITD42,LIFEEXP65M,2024,20.1,,,,TIPO_DATO15__LIFEEXP65M_N1,,,
IT1:22_293_DF_DCIS_INDDEMOG1_1(1.0),A,ITD42,LIFEEXP65M,2025,20.4,e,,,TIPO_DATO15__LIFEEXP65M_N1,,,
IT1:22_293_DF_DCIS_INDDEMOG1_1(1.0),A,ITD43,LIFEEXP65M,2015,18.7,,,,TIPO_DATO15__LIFEEXP65M_N1,,,
IT1:22_293_DF_DCIS_INDDEMOG1_1(1.0),A,ITD43,LIFEEXP65M,2016,18.2,,,,TIPO_DATO15__LIFEEXP65M_N1,,,
IT1:22_293_DF_DCIS_INDDEMOG1_1(1.0),A,ITD43,LIFEEXP65M,2017,18.9,,,,TIPO_DATO15__LIFEEXP65M_N1,,,
IT1:22_293_DF_DCIS_INDDEMOG1_1(1.0),A,ITD43,LIFEEXP65M,2018,18.7,,,,TIPO_DATO15__LIFEEXP65M_N1,,,
IT1:22_293_DF_DCIS_INDDEMOG1_1(1.0),A,ITD43,LIFEEXP65M,2019,19,,,,TIPO_DATO15__LIFEEXP65M_N1,,,
IT1:22_293_DF_DCIS_INDDEMOG1_1(1.0),A,ITD43,LIFEEXP65M,2020,18.6,,,,TIPO_DATO15__LIFEEXP65M_N1,,,
IT1:22_293_DF_DCIS_INDDEMOG1_1(1.0),A,ITD43,LIFEEXP65M,2021,18.4,,,,TIPO_DATO15__LIFEEXP65M_N1,,,
IT1:22_293_DF_DCIS_INDDEMOG1_1(1.0),A,ITD43,LIFEEXP65M,2022,18.8,,,,TIPO_DATO15__LIFEEXP65M_N1,,,
IT1:22_293_DF_DCIS_INDDEMOG1_1(1.0),A,ITD43,LIFEEXP65M,2023,19.2,,,,TIPO_DATO15__LIFEEXP65M_N1,,,
IT1:22_293_DF_DCIS_INDDEMOG1_1(1.0),A,ITD43,LIFEEXP65M,2024,20.4,,,,TIPO_DATO15__LIFEEXP65M_N1,,,
IT1:22_293_DF_DCIS_INDDEMOG1_1(1.0),A,ITD43,LIFEEXP65M,2025,19.9,e,,,TIPO_DATO15__LIFEEXP65M_N1,,,
IT1:22_293_DF_DCIS_INDDEMOG1_1(1.0),A,ITD44,LIFEEXP65M,2015,18.5,,,,TIPO_DATO15__LIFEEXP65M_N1,,,
IT1:22_293_DF_DCIS_INDDEMOG1_1(1.0),A,ITD44,LIFEEXP65M,2016,18.8,,,,TIPO_DATO15__LIFEEXP65M_N1,,,
IT1:22_293_DF_DCIS_INDDEMOG1_1(1.0),A,ITD44,LIFEEXP65M,2017,18.7,,,,TIPO_DATO15__LIFEEXP65M_N1,,,
IT1:22_293_DF_DCIS_INDDEMOG1_1(1.0),A,ITD44,LIFEEXP65M,2018,19.3,,,,TIPO_DATO15__LIFEEXP65M_N1,,,
IT1:22_293_DF_DCIS_INDDEMOG1_1(1.0),A,ITD44,LIFEEXP65M,2019,19.3,,,,TIPO_DATO15__LIFEEXP65M_N1,,,
IT1:22_293_DF_DCIS_INDDEMOG1_1(1.0),A,ITD44,LIFEEXP65M,2020,18.2,,,,TIPO_DATO15__LIFEEXP65M_N1,,,
IT1:22_293_DF_DCIS_INDDEMOG1_1(1.0),A,ITD44,LIFEEXP65M,2021,18,,,,TIPO_DATO15__LIFEEXP65M_N1,,,
IT1:22_293_DF_DCIS_INDDEMOG1_1(1.0),A,ITD44,LIFEEXP65M,2022,18.7,,,,TIPO_DATO15__LIFEEXP65M_N1,,,
IT1:22_293_DF_DCIS_INDDEMOG1_1(1.0),A,ITD44,LIFEEXP65M,2023,19.3,,,,TIPO_DATO15__LIFEEXP65M_N1,,,
IT1:22_293_DF_DCIS_INDDEMOG1_1(1.0),A,ITD44,LIFEEXP65M,2024,19.2,,,,TIPO_DATO15__LIFEEXP65M_N1,,,
IT1:22_293_DF_DCIS_INDDEMOG1_1(1.0),A,ITD44,LIFEEXP65M,2025,19.8,e,,,TIPO_DATO15__LIFEEXP65M_N1,,,
IT1:22_293_DF_DCIS_INDDEMOG1_1(1.0),A,ITD5,LIFEEXP65M,2015,19.2,,,,TIPO_DATO15__LIFEEXP65M_N1,,,
IT1:22_293_DF_DCIS_INDDEMOG1_1(1.0),A,ITD5,LIFEEXP65M,2016,19.6,,,,TIPO_DATO15__LIFEEXP65M_N1,,,
IT1:22_293_DF_DCIS_INDDEMOG1_1(1.0),A,ITD5,LIFEEXP65M,2017,19.5,,,,TIPO_DATO15__LIFEEXP65M_N1,,,
IT1:22_293_DF_DCIS_INDDEMOG1_1(1.0),A,ITD5,LIFEEXP65M,2018,19.8,,,,TIPO_DATO15__LIFEEXP65M_N1,,,
IT1:22_293_DF_DCIS_INDDEMOG1_1(1.0),A,ITD5,LIFEEXP65M,2019,19.9,,,,TIPO_DATO15__LIFEEXP65M_N1,,,
IT1:22_293_DF_DCIS_INDDEMOG1_1(1.0),A,ITD5,LIFEEXP65M,2020,18.5,,,,TIPO_DATO15__LIFEEXP65M_N1,,,
IT1:22_293_DF_DCIS_INDDEMOG1_1(1.0),A,ITD5,LIFEEXP65M,2021,19.2,,,,TIPO_DATO15__LIFEEXP65M_N1,,,
IT1:22_293_DF_DCIS_INDDEMOG1_1(1.0),A,ITD5,LIFEEXP65M,2022,19.5,,,,TIPO_DATO15__LIFEEXP65M_N1,,,
IT1:22_293_DF_DCIS_INDDEMOG1_1(1.0),A,ITD5,LIFEEXP65M,2023,19.9,,,,TIPO_DATO15__LIFEEXP65M_N1,,,
IT1:22_293_DF_DCIS_INDDEMOG1_1(1.0),A,ITD5,LIFEEXP65M,2024,20.3,,,,TIPO_DATO15__LIFEEXP65M_N1,,,
IT1:22_293_DF_DCIS_INDDEMOG1_1(1.0),A,ITD5,LIFEEXP65M,2025,20.4,e,,,TIPO_DATO15__LIFEEXP65M_N1,,,
IT1:22_293_DF_DCIS_INDDEMOG1_1(1.0),A,ITD51,LIFEEXP65M,2015,18.3,,,,TIPO_DATO15__LIFEEXP65M_N1,,,
IT1:22_293_DF_DCIS_INDDEMOG1_1(1.0),A,ITD51,LIFEEXP65M,2016,19.1,,,,TIPO_DATO15__LIFEEXP65M_N1,,,
IT1:22_293_DF_DCIS_INDDEMOG1_1(1.0),A,ITD51,LIFEEXP65M,2017,18.9,,,,TIPO_DATO15__LIFEEXP65M_N1,,,
IT1:22_293_DF_DCIS_INDDEMOG1_1(1.0),A,ITD51,LIFEEXP65M,2018,19.1,,,,TIPO_DATO15__LIFEEXP65M_N1,,,
IT1:22_293_DF_DCIS_INDDEMOG1_1(1.0),A,ITD51,LIFEEXP65M,2019,19.6,,,,TIPO_DATO15__LIFEEXP65M_N1,,,
IT1:22_293_DF_DCIS_INDDEMOG1_1(1.0),A,ITD51,LIFEEXP65M,2020,16.4,,,,TIPO_DATO15__LIFEEXP65M_N1,,,
IT1:22_293_DF_DCIS_INDDEMOG1_1(1.0),A,ITD51,LIFEEXP65M,2021,19.1,,,,TIPO_DATO15__LIFEEXP65M_N1,,,
IT1:22_293_DF_DCIS_INDDEMOG1_1(1.0),A,ITD51,LIFEEXP65M,2022,19.4,,,,TIPO_DATO15__LIFEEXP65M_N1,,,
IT1:22_293_DF_DCIS_INDDEMOG1_1(1.0),A,ITD51,LIFEEXP65M,2023,19.6,,,,TIPO_DATO15__LIFEEXP65M_N1,,,
IT1:22_293_DF_DCIS_INDDEMOG1_1(1.0),A,ITD51,LIFEEXP65M,2024,20,,,,TIPO_DATO15__LIFEEXP65M_N1,,,
IT1:22_293_DF_DCIS_INDDEMOG1_1(1.0),A,ITD51,LIFEEXP65M,2025,20.2,e,,,TIPO_DATO15__LIFEEXP65M_N1,,,
IT1:22_293_DF_DCIS_INDDEMOG1_1(1.0),A,ITD52,LIFEEXP65M,2015,19.3,,,,TIPO_DATO15__LIFEEXP65M_N1,,,
IT1:22_293_DF_DCIS_INDDEMOG1_1(1.0),A,ITD52,LIFEEXP65M,2016,19.6,,,,TIPO_DATO15__LIFEEXP65M_N1,,,
IT1:22_293_DF_DCIS_INDDEMOG1_1(1.0),A,ITD52,LIFEEXP65M,2017,19.5,,,,TIPO_DATO15__LIFEEXP65M_N1,,,
IT1:22_293_DF_DCIS_INDDEMOG1_1(1.0),A,ITD52,LIFEEXP65M,2018,20,,,,TIPO_DATO15__LIFEEXP65M_N1,,,
IT1:22_293_DF_DCIS_INDDEMOG1_1(1.0),A,ITD52,LIFEEXP65M,2019,19.8,,,,TIPO_DATO15__LIFEEXP65M_N1,,,
IT1:22_293_DF_DCIS_INDDEMOG1_1(1.0),A,ITD52,LIFEEXP65M,2020,17.1,,,,TIPO_DATO15__LIFEEXP65M_N1,,,
IT1:22_293_DF_DCIS_INDDEMOG1_1(1.0),A,ITD52,LIFEEXP65M,2021,19.3,,,,TIPO_DATO15__LIFEEXP65M_N1,,,
IT1:22_293_DF_DCIS_INDDEMOG1_1(1.0),A,ITD52,LIFEEXP65M,2022,19.5,,,,TIPO_DATO15__LIFEEXP65M_N1,,,
IT1:22_293_DF_DCIS_INDDEMOG1_1(1.0),A,ITD52,LIFEEXP65M,2023,20,,,,TIPO_DATO15__LIFEEXP65M_N1,,,
IT1:22_293_DF_DCIS_INDDEMOG1_1(1.0),A,ITD52,LIFEEXP65M,2024,20.3,,,,TIPO_DATO15__LIFEEXP65M_N1,,,
IT1:22_293_DF_DCIS_INDDEMOG1_1(1.0),A,ITD52,LIFEEXP65M,2025,20,e,,,TIPO_DATO15__LIFEEXP65M_N1,,,
IT1:22_293_DF_DCIS_INDDEMOG1_1(1.0),A,ITD53,LIFEEXP65M,2015,19.2,,,,TIPO_DATO15__LIFEEXP65M_N1,,,
IT1:22_293_DF_DCIS_INDDEMOG1_1(1.0),A,ITD53,LIFEEXP65M,2016,19.3,,,,TIPO_DATO15__LIFEEXP65M_N1,,,
IT1:22_293_DF_DCIS_INDDEMOG1_1(1.0),A,ITD53,LIFEEXP65M,2017,19.6,,,,TIPO_DATO15__LIFEEXP65M_N1,,,
IT1:22_293_DF_DCIS_INDDEMOG1_1(1.0),A,ITD53,LIFEEXP65M,2018,19.7,,,,TIPO_DATO15__LIFEEXP65M_N1,,,
IT1:22_293_DF_DCIS_INDDEMOG1_1(1.0),A,ITD53,LIFEEXP65M,2019,19.7,,,,TIPO_DATO15__LIFEEXP65M_N1,,,
IT1:22_293_DF_DCIS_INDDEMOG1_1(1.0),A,ITD53,LIFEEXP65M,2020,18.4,,,,TIPO_DATO15__LIFEEXP65M_N1,,,
IT1:22_293_DF_DCIS_INDDEMOG1_1(1.0),A,ITD53,LIFEEXP65M,2021,19.4,,,,TIPO_DATO15__LIFEEXP65M_N1,,,
IT1:22_293_DF_DCIS_INDDEMOG1_1(1.0),A,ITD53,LIFEEXP65M,2022,19.4,,,,TIPO_DATO15__LIFEEXP65M_N1,,,
IT1:22_293_DF_DCIS_INDDEMOG1_1(1.0),A,ITD53,LIFEEXP65M,2023,19.8,,,,TIPO_DATO15__LIFEEXP65M_N1,,,
IT1:22_293_DF_DCIS_INDDEMOG1_1(1.0),A,ITD53,LIFEEXP65M,2024,20.4,,,,TIPO_DATO15__LIFEEXP65M_N1,,,
IT1:22_293_DF_DCIS_INDDEMOG1_1(1.0),A,ITD53,LIFEEXP65M,2025,20.3,e,,,TIPO_DATO15__LIFEEXP65M_N1,,,
IT1:22_293_DF_DCIS_INDDEMOG1_1(1.0),A,ITD54,LIFEEXP65M,2015,19.6,,,,TIPO_DATO15__LIFEEXP65M_N1,,,
IT1:22_293_DF_DCIS_INDDEMOG1_1(1.0),A,ITD54,LIFEEXP65M,2016,19.6,,,,TIPO_DATO15__LIFEEXP65M_N1,,,
IT1:22_293_DF_DCIS_INDDEMOG1_1(1.0),A,ITD54,LIFEEXP65M,2017,19.7,,,,TIPO_DATO15__LIFEEXP65M_N1,,,
IT1:22_293_DF_DCIS_INDDEMOG1_1(1.0),A,ITD54,LIFEEXP65M,2018,20.1,,,,TIPO_DATO15__LIFEEXP65M_N1,,,
IT1:22_293_DF_DCIS_INDDEMOG1_1(1.0),A,ITD54,LIFEEXP65M,2019,20,,,,TIPO_DATO15__LIFEEXP65M_N1,,,
IT1:22_293_DF_DCIS_INDDEMOG1_1(1.0),A,ITD54,LIFEEXP65M,2020,19,,,,TIPO_DATO15__LIFEEXP65M_N1,,,
IT1:22_293_DF_DCIS_INDDEMOG1_1(1.0),A,ITD54,LIFEEXP65M,2021,19.5,,,,TIPO_DATO15__LIFEEXP65M_N1,,,
IT1:22_293_DF_DCIS_INDDEMOG1_1(1.0),A,ITD54,LIFEEXP65M,2022,19.7,,,,TIPO_DATO15__LIFEEXP65M_N1,,,
IT1:22_293_DF_DCIS_INDDEMOG1_1(1.0),A,ITD54,LIFEEXP65M,2023,19.9,,,,TIPO_DATO15__LIFEEXP65M_N1,,,
IT1:22_293_DF_DCIS_INDDEMOG1_1(1.0),A,ITD54,LIFEEXP65M,2024,20.4,,,,TIPO_DATO15__LIFEEXP65M_N1,,,
IT1:22_293_DF_DCIS_INDDEMOG1_1(1.0),A,ITD54,LIFEEXP65M,2025,20.4,e,,,TIPO_DATO15__LIFEEXP65M_N1,,,
IT1:22_293_DF_DCIS_INDDEMOG1_1(1.0),A,ITD55,LIFEEXP65M,2015,19.3,,,,TIPO_DATO15__LIFEEXP65M_N1,,,
IT1:22_293_DF_DCIS_INDDEMOG1_1(1.0),A,ITD55,LIFEEXP65M,2016,19.9,,,,TIPO_DATO15__LIFEEXP65M_N1,,,
IT1:22_293_DF_DCIS_INDDEMOG1_1(1.0),A,ITD55,LIFEEXP65M,2017,19.7,,,,TIPO_DATO15__LIFEEXP65M_N1,,,
IT1:22_293_DF_DCIS_INDDEMOG1_1(1.0),A,ITD55,LIFEEXP65M,2018,19.9,,,,TIPO_DATO15__LIFEEXP65M_N1,,,
IT1:22_293_DF_DCIS_INDDEMOG1_1(1.0),A,ITD55,LIFEEXP65M,2019,20.1,,,,TIPO_DATO15__LIFEEXP65M_N1,,,
IT1:22_293_DF_DCIS_INDDEMOG1_1(1.0),A,ITD55,LIFEEXP65M,2020,19,,,,TIPO_DATO15__LIFEEXP65M_N1,,,
IT1:22_293_DF_DCIS_INDDEMOG1_1(1.0),A,ITD55,LIFEEXP65M,2021,19.3,,,,TIPO_DATO15__LIFEEXP65M_N1,,,
IT1:22_293_DF_DCIS_INDDEMOG1_1(1.0),A,ITD55,LIFEEXP65M,2022,19.6,,,,TIPO_DATO15__LIFEEXP65M_N1,,,
IT1:22_293_DF_DCIS_INDDEMOG1_1(1.0),A,ITD55,LIFEEXP65M,2023,20,,,,TIPO_DATO15__LIFEEXP65M_N1,,,
IT1:22_293_DF_DCIS_INDDEMOG1_1(1.0),A,ITD55,LIFEEXP65M,2024,20.6,,,,TIPO_DATO15__LIFEEXP65M_N1,,,
IT1:22_293_DF_DCIS_INDDEMOG1_1(1.0),A,ITD55,LIFEEXP65M,2025,20.8,e,,,TIPO_DATO15__LIFEEXP65M_N1,,,
IT1:22_293_DF_DCIS_INDDEMOG1_1(1.0),A,ITD56,LIFEEXP65M,2015,18.4,,,,TIPO_DATO15__LIFEEXP65M_N1,,,
IT1:22_293_DF_DCIS_INDDEMOG1_1(1.0),A,ITD56,LIFEEXP65M,2016,19.2,,,,TIPO_DATO15__LIFEEXP65M_N1,,,
IT1:22_293_DF_DCIS_INDDEMOG1_1(1.0),A,ITD56,LIFEEXP65M,2017,18.7,,,,TIPO_DATO15__LIFEEXP65M_N1,,,
IT1:22_293_DF_DCIS_INDDEMOG1_1(1.0),A,ITD56,LIFEEXP65M,2018,18.9,,,,TIPO_DATO15__LIFEEXP65M_N1,,,
IT1:22_293_DF_DCIS_INDDEMOG1_1(1.0),A,ITD56,LIFEEXP65M,2019,19.3,,,,TIPO_DATO15__LIFEEXP65M_N1,,,
IT1:22_293_DF_DCIS_INDDEMOG1_1(1.0),A,ITD56,LIFEEXP65M,2020,18.7,,,,TIPO_DATO15__LIFEEXP65M_N1,,,
IT1:22_293_DF_DCIS_INDDEMOG1_1(1.0),A,ITD56,LIFEEXP65M,2021,18.5,,,,TIPO_DATO15__LIFEEXP65M_N1,,,
IT1:22_293_DF_DCIS_INDDEMOG1_1(1.0),A,ITD56,LIFEEXP65M,2022,19.1,,,,TIPO_DATO15__LIFEEXP65M_N1,,,
IT1:22_293_DF_DCIS_INDDEMOG1_1(1.0),A,ITD56,LIFEEXP65M,2023,19.4,,,,TIPO_DATO15__LIFEEXP65M_N1,,,
IT1:22_293_DF_DCIS_INDDEMOG1_1(1.0),A,ITD56,LIFEEXP65M,2024,19.6,,,,TIPO_DATO15__LIFEEXP65M_N1,,,
IT1:22_293_DF_DCIS_INDDEMOG1_1(1.0),A,ITD56,LIFEEXP65M,2025,19.7,e,,,TIPO_DATO15__LIFEEXP65M_N1,,,
IT1:22_293_DF_DCIS_INDDEMOG1_1(1.0),A,ITD57,LIFEEXP65M,2015,19.7,,,,TIPO_DATO15__LIFEEXP65M_N1,,,
IT1:22_293_DF_DCIS_INDDEMOG1_1(1.0),A,ITD57,LIFEEXP65M,2016,19.9,,,,TIPO_DATO15__LIFEEXP65M_N1,,,
IT1:22_293_DF_DCIS_INDDEMOG1_1(1.0),A,ITD57,LIFEEXP65M,2017,20,,,,TIPO_DATO15__LIFEEXP65M_N1,,,
IT1:22_293_DF_DCIS_INDDEMOG1_1(1.0),A,ITD57,LIFEEXP65M,2018,20.1,,,,TIPO_DATO15__LIFEEXP65M_N1,,,
IT1:22_293_DF_DCIS_INDDEMOG1_1(1.0),A,ITD57,LIFEEXP65M,2019,20,,,,TIPO_DATO15__LIFEEXP65M_N1,,,
IT1:22_293_DF_DCIS_INDDEMOG1_1(1.0),A,ITD57,LIFEEXP65M,2020,19.3,,,,TIPO_DATO15__LIFEEXP65M_N1,,,
IT1:22_293_DF_DCIS_INDDEMOG1_1(1.0),A,ITD57,LIFEEXP65M,2021,19.4,,,,TIPO_DATO15__LIFEEXP65M_N1,,,
IT1:22_293_DF_DCIS_INDDEMOG1_1(1.0),A,ITD57,LIFEEXP65M,2022,19.8,,,,TIPO_DATO15__LIFEEXP65M_N1,,,
IT1:22_293_DF_DCIS_INDDEMOG1_1(1.0),A,ITD57,LIFEEXP65M,2023,20.4,,,,TIPO_DATO15__LIFEEXP65M_N1,,,
IT1:22_293_DF_DCIS_INDDEMOG1_1(1.0),A,ITD57,LIFEEXP65M,2024,21,,,,TIPO_DATO15__LIFEEXP65M_N1,,,
IT1:22_293_DF_DCIS_INDDEMOG1_1(1.0),A,ITD57,LIFEEXP65M,2025,20.3,e,,,TIPO_DATO15__LIFEEXP65M_N1,,,
IT1:22_293_DF_DCIS_INDDEMOG1_1(1.0),A,ITD58,LIFEEXP65M,2015,19.6,,,,TIPO_DATO15__LIFEEXP65M_N1,,,
IT1:22_293_DF_DCIS_INDDEMOG1_1(1.0),A,ITD58,LIFEEXP65M,2016,19.7,,,,TIPO_DATO15__LIFEEXP65M_N1,,,
IT1:22_293_DF_DCIS_INDDEMOG1_1(1.0),A,ITD58,LIFEEXP65M,2017,19.8,,,,TIPO_DATO15__LIFEEXP65M_N1,,,
IT1:22_293_DF_DCIS_INDDEMOG1_1(1.0),A,ITD58,LIFEEXP65M,2018,20.2,,,,TIPO_DATO15__LIFEEXP65M_N1,,,
IT1:22_293_DF_DCIS_INDDEMOG1_1(1.0),A,ITD58,LIFEEXP65M,2019,20.4,,,,TIPO_DATO15__LIFEEXP65M_N1,,,
IT1:22_293_DF_DCIS_INDDEMOG1_1(1.0),A,ITD58,LIFEEXP65M,2020,19.3,,,,TIPO_DATO15__LIFEEXP65M_N1,,,
IT1:22_293_DF_DCIS_INDDEMOG1_1(1.0),A,ITD58,LIFEEXP65M,2021,19.2,,,,TIPO_DATO15__LIFEEXP65M_N1,,,
IT1:22_293_DF_DCIS_INDDEMOG1_1(1.0),A,ITD58,LIFEEXP65M,2022,19.7,,,,TIPO_DATO15__LIFEEXP65M_N1,,,
IT1:22_293_DF_DCIS_INDDEMOG1_1(1.0),A,ITD58,LIFEEXP65M,2023,20.2,,,,TIPO_DATO15__LIFEEXP65M_N1,,,
IT1:22_293_DF_DCIS_INDDEMOG1_1(1.0),A,ITD58,LIFEEXP65M,2024,20.5,,,,TIPO_DATO15__LIFEEXP65M_N1,,,
IT1:22_293_DF_DCIS_INDDEMOG1_1(1.0),A,ITD58,LIFEEXP65M,2025,20.8,e,,,TIPO_DATO15__LIFEEXP65M_N1,,,
IT1:22_293_DF_DCIS_INDDEMOG1_1(1.0),A,ITD59,LIFEEXP65M,2015,19.5,,,,TIPO_DATO15__LIFEEXP65M_N1,,,
IT1:22_293_DF_DCIS_INDDEMOG1_1(1.0),A,ITD59,LIFEEXP65M,2016,20,,,,TIPO_DATO15__LIFEEXP65M_N1,,,
IT1:22_293_DF_DCIS_INDDEMOG1_1(1.0),A,ITD59,LIFEEXP65M,2017,19.8,,,,TIPO_DATO15__LIFEEXP65M_N1,,,
IT1:22_293_DF_DCIS_INDDEMOG1_1(1.0),A,ITD59,LIFEEXP65M,2018,20.2,,,,TIPO_DATO15__LIFEEXP65M_N1,,,
IT1:22_293_DF_DCIS_INDDEMOG1_1(1.0),A,ITD59,LIFEEXP65M,2019,20.5,,,,TIPO_DATO15__LIFEEXP65M_N1,,,
IT1:22_293_DF_DCIS_INDDEMOG1_1(1.0),A,ITD59,LIFEEXP65M,2020,19.1,,,,TIPO_DATO15__LIFEEXP65M_N1,,,
IT1:22_293_DF_DCIS_INDDEMOG1_1(1.0),A,ITD59,LIFEEXP65M,2021,19.3,,,,TIPO_DATO15__LIFEEXP65M_N1,,,
IT1:22_293_DF_DCIS_INDDEMOG1_1(1.0),A,ITD59,LIFEEXP65M,2022,19.9,,,,TIPO_DATO15__LIFEEXP65M_N1,,,
IT1:22_293_DF_DCIS_INDDEMOG1_1(1.0),A,ITD59,LIFEEXP65M,2023,20.4,,,,TIPO_DATO15__LIFEEXP65M_N1,,,
IT1:22_293_DF_DCIS_INDDEMOG1_1(1.0),A,ITD59,LIFEEXP65M,2024,20.8,,,,TIPO_DATO15__LIFEEXP65M_N1,,,
IT1:22_293_DF_DCIS_INDDEMOG1_1(1.0),A,ITD59,LIFEEXP65M,2025,21.5,e,,,TIPO_DATO15__LIFEEXP65M_N1,,,
IT1:22_293_DF_DCIS_INDDEMOG1_1(1.0),A,ITDA,LIFEEXP65M,2015,19.5,,,,TIPO_DATO15__LIFEEXP65M_N1,,,
IT1:22_293_DF_DCIS_INDDEMOG1_1(1.0),A,ITDA,LIFEEXP65M,2016,19.7,,,,TIPO_DATO15__LIFEEXP65M_N1,,,
IT1:22_293_DF_DCIS_INDDEMOG1_1(1.0),A,ITDA,LIFEEXP65M,2017,19.8,,,,TIPO_DATO15__LIFEEXP65M_N1,,,
IT1:22_293_DF_DCIS_INDDEMOG1_1(1.0),A,ITDA,LIFEEXP65M,2018,20.3,,,,TIPO_DATO15__LIFEEXP65M_N1,,,
IT1:22_293_DF_DCIS_INDDEMOG1_1(1.0),A,ITDA,LIFEEXP65M,2019,20.2,,,,TIPO_DATO15__LIFEEXP65M_N1,,,
IT1:22_293_DF_DCIS_INDDEMOG1_1(1.0),A,ITDA,LIFEEXP65M,2020,18.8,,,,TIPO_DATO15__LIFEEXP65M_N1,,,
IT1:22_293_DF_DCIS_INDDEMOG1_1(1.0),A,ITDA,LIFEEXP65M,2021,19.6,,,,TIPO_DATO15__LIFEEXP65M_N1,,,
IT1:22_293_DF_DCIS_INDDEMOG1_1(1.0),A,ITDA,LIFEEXP65M,2022,19.8,,,,TIPO_DATO15__LIFEEXP65M_N1,,,
IT1:22_293_DF_DCIS_INDDEMOG1_1(1.0),A,ITDA,LIFEEXP65M,2023,20.4,,,,TIPO_DATO15__LIFEEXP65M_N1,,,
IT1:22_293_DF_DCIS_INDDEMOG1_1(1.0),A,ITDA,LIFEEXP65M,2024,20.8,,,,TIPO_DATO15__LIFEEXP65M_N1,,,
IT1:22_293_DF_DCIS_INDDEMOG1_1(1.0),A,ITDA,LIFEEXP65M,2025,20.9,e,,,TIPO_DATO15__LIFEEXP65M_N1,,,
IT1:22_293_DF_DCIS_INDDEMOG1_1(1.0),A,ITE,LIFEEXP65M,2015,18.9,,,,TIPO_DATO15__LIFEEXP65M_N1,,,
IT1:22_293_DF_DCIS_INDDEMOG1_1(1.0),A,ITE,LIFEEXP65M,2016,19.3,,,,TIPO_DATO15__LIFEEXP65M_N1,,,
IT1:22_293_DF_DCIS_INDDEMOG1_1(1.0),A,ITE,LIFEEXP65M,2017,19.2,,,,TIPO_DATO15__LIFEEXP65M_N1,,,
IT1:22_293_DF_DCIS_INDDEMOG1_1(1.0),A,ITE,LIFEEXP65M,2018,19.6,,,,TIPO_DATO15__LIFEEXP65M_N1,,,
IT1:22_293_DF_DCIS_INDDEMOG1_1(1.0),A,ITE,LIFEEXP65M,2019,19.7,,,,TIPO_DATO15__LIFEEXP65M_N1,,,
IT1:22_293_DF_DCIS_INDDEMOG1_1(1.0),A,ITE,LIFEEXP65M,2020,19,,,,TIPO_DATO15__LIFEEXP65M_N1,,,
IT1:22_293_DF_DCIS_INDDEMOG1_1(1.0),A,ITE,LIFEEXP65M,2021,19,,,,TIPO_DATO15__LIFEEXP65M_N1,,,
IT1:22_293_DF_DCIS_INDDEMOG1_1(1.0),A,ITE,LIFEEXP65M,2022,19.2,,,,TIPO_DATO15__LIFEEXP65M_N1,,,
IT1:22_293_DF_DCIS_INDDEMOG1_1(1.0),A,ITE,LIFEEXP65M,2023,19.6,,,,TIPO_DATO15__LIFEEXP65M_N1,,,
IT1:22_293_DF_DCIS_INDDEMOG1_1(1.0),A,ITE,LIFEEXP65M,2024,20.1,,,,TIPO_DATO15__LIFEEXP65M_N1,,,
IT1:22_293_DF_DCIS_INDDEMOG1_1(1.0),A,ITE,LIFEEXP65M,2025,20.3,e,,,TIPO_DATO15__LIFEEXP65M_N1,,,
IT1:22_293_DF_DCIS_INDDEMOG1_1(1.0),A,ITE1,LIFEEXP65M,2015,19,,,,TIPO_DATO15__LIFEEXP65M_N1,,,
IT1:22_293_DF_DCIS_INDDEMOG1_1(1.0),A,ITE1,LIFEEXP65M,2016,19.6,,,,TIPO_DATO15__LIFEEXP65M_N1,,,
IT1:22_293_DF_DCIS_INDDEMOG1_1(1.0),A,ITE1,LIFEEXP65M,2017,19.4,,,,TIPO_DATO15__LIFEEXP65M_N1,,,
IT1:22_293_DF_DCIS_INDDEMOG1_1(1.0),A,ITE1,LIFEEXP65M,2018,19.7,,,,TIPO_DATO15__LIFEEXP65M_N1,,,
IT1:22_293_DF_DCIS_INDDEMOG1_1(1.0),A,ITE1,LIFEEXP65M,2019,19.8,,,,TIPO_DATO15__LIFEEXP65M_N1,,,
IT1:22_293_DF_DCIS_INDDEMOG1_1(1.0),A,ITE1,LIFEEXP65M,2020,19.1,,,,TIPO_DATO15__LIFEEXP65M_N1,,,
IT1:22_293_DF_DCIS_INDDEMOG1_1(1.0),A,ITE1,LIFEEXP65M,2021,19.2,,,,TIPO_DATO15__LIFEEXP65M_N1,,,
IT1:22_293_DF_DCIS_INDDEMOG1_1(1.0),A,ITE1,LIFEEXP65M,2022,19.3,,,,TIPO_DATO15__LIFEEXP65M_N1,,,
IT1:22_293_DF_DCIS_INDDEMOG1_1(1.0),A,ITE1,LIFEEXP65M,2023,20,,,,TIPO_DATO15__LIFEEXP65M_N1,,,
IT1:22_293_DF_DCIS_INDDEMOG1_1(1.0),A,ITE1,LIFEEXP65M,2024,20.3,,,,TIPO_DATO15__LIFEEXP65M_N1,,,
IT1:22_293_DF_DCIS_INDDEMOG1_1(1.0),A,ITE1,LIFEEXP65M,2025,20.5,e,,,TIPO_DATO15__LIFEEXP65M_N1,,,
IT1:22_293_DF_DCIS_INDDEMOG1_1(1.0),A,ITE11,LIFEEXP65M,2015,18.1,,,,TIPO_DATO15__LIFEEXP65M_N1,,,
IT1:22_293_DF_DCIS_INDDEMOG1_1(1.0),A,ITE11,LIFEEXP65M,2016,18.9,,,,TIPO_DATO15__LIFEEXP65M_N1,,,
IT1:22_293_DF_DCIS_INDDEMOG1_1(1.0),A,ITE11,LIFEEXP65M,2017,18.8,,,,TIPO_DATO15__LIFEEXP65M_N1,,,
IT1:22_293_DF_DCIS_INDDEMOG1_1(1.0),A,ITE11,LIFEEXP65M,2018,19,,,,TIPO_DATO15__LIFEEXP65M_N1,,,
IT1:22_293_DF_DCIS_INDDEMOG1_1(1.0),A,ITE11,LIFEEXP65M,2019,19.3,,,,TIPO_DATO15__LIFEEXP65M_N1,,,
IT1:22_293_DF_DCIS_INDDEMOG1_1(1.0),A,ITE11,LIFEEXP65M,2020,18.2,,,,TIPO_DATO15__LIFEEXP65M_N1,,,
IT1:22_293_DF_DCIS_INDDEMOG1_1(1.0),A,ITE11,LIFEEXP65M,2021,18.8,,,,TIPO_DATO15__LIFEEXP65M_N1,,,
IT1:22_293_DF_DCIS_INDDEMOG1_1(1.0),A,ITE11,LIFEEXP65M,2022,18.1,,,,TIPO_DATO15__LIFEEXP65M_N1,,,
IT1:22_293_DF_DCIS_INDDEMOG1_1(1.0),A,ITE11,LIFEEXP65M,2023,19.2,,,,TIPO_DATO15__LIFEEXP65M_N1,,,
IT1:22_293_DF_DCIS_INDDEMOG1_1(1.0),A,ITE11,LIFEEXP65M,2024,19.9,,,,TIPO_DATO15__LIFEEXP65M_N1,,,
IT1:22_293_DF_DCIS_INDDEMOG1_1(1.0),A,ITE11,LIFEEXP65M,2025,20.3,e,,,TIPO_DATO15__LIFEEXP65M_N1,,,
IT1:22_293_DF_DCIS_INDDEMOG1_1(1.0),A,ITE12,LIFEEXP65M,2015,18.6,,,,TIPO_DATO15__LIFEEXP65M_N1,,,
IT1:22_293_DF_DCIS_INDDEMOG1_1(1.0),A,ITE12,LIFEEXP65M,2016,19.1,,,,TIPO_DATO15__LIFEEXP65M_N1,,,
IT1:22_293_DF_DCIS_INDDEMOG1_1(1.0),A,ITE12,LIFEEXP65M,2017,18.7,,,,TIPO_DATO15__LIFEEXP65M_N1,,,
IT1:22_293_DF_DCIS_INDDEMOG1_1(1.0),A,ITE12,LIFEEXP65M,2018,19.1,,,,TIPO_DATO15__LIFEEXP65M_N1,,,
IT1:22_293_DF_DCIS_INDDEMOG1_1(1.0),A,ITE12,LIFEEXP65M,2019,19.2,,,,TIPO_DATO15__LIFEEXP65M_N1,,,
IT1:22_293_DF_DCIS_INDDEMOG1_1(1.0),A,ITE12,LIFEEXP65M,2020,18.7,,,,TIPO_DATO15__LIFEEXP65M_N1,,,
IT1:22_293_DF_DCIS_INDDEMOG1_1(1.0),A,ITE12,LIFEEXP65M,2021,18.5,,,,TIPO_DATO15__LIFEEXP65M_N1,,,
IT1:22_293_DF_DCIS_INDDEMOG1_1(1.0),A,ITE12,LIFEEXP65M,2022,19.1,,,,TIPO_DATO15__LIFEEXP65M_N1,,,
IT1:22_293_DF_DCIS_INDDEMOG1_1(1.0),A,ITE12,LIFEEXP65M,2023,19.5,,,,TIPO_DATO15__LIFEEXP65M_N1,,,
IT1:22_293_DF_DCIS_INDDEMOG1_1(1.0),A,ITE12,LIFEEXP65M,2024,20,,,,TIPO_DATO15__LIFEEXP65M_N1,,,
IT1:22_293_DF_DCIS_INDDEMOG1_1(1.0),A,ITE12,LIFEEXP65M,2025,19.9,e,,,TIPO_DATO15__LIFEEXP65M_N1,,,
IT1:22_293_DF_DCIS_INDDEMOG1_1(1.0),A,ITE13,LIFEEXP65M,2015,19.3,,,,TIPO_DATO15__LIFEEXP65M_N1,,,
IT1:22_293_DF_DCIS_INDDEMOG1_1(1.0),A,ITE13,LIFEEXP65M,2016,19.5,,,,TIPO_DATO15__LIFEEXP65M_N1,,,
IT1:22_293_DF_DCIS_INDDEMOG1_1(1.0),A,ITE13,LIFEEXP65M,2017,19,,,,TIPO_DATO15__LIFEEXP65M_N1,,,
IT1:22_293_DF_DCIS_INDDEMOG1_1(1.0),A,ITE13,LIFEEXP65M,2018,19.8,,,,TIPO_DATO15__LIFEEXP65M_N1,,,
IT1:22_293_DF_DCIS_INDDEMOG1_1(1.0),A,ITE13,LIFEEXP65M,2019,20,,,,TIPO_DATO15__LIFEEXP65M_N1,,,
IT1:22_293_DF_DCIS_INDDEMOG1_1(1.0),A,ITE13,LIFEEXP65M,2020,19.3,,,,TIPO_DATO15__LIFEEXP65M_N1,,,
IT1:22_293_DF_DCIS_INDDEMOG1_1(1.0),A,ITE13,LIFEEXP65M,2021,18.8,,,,TIPO_DATO15__LIFEEXP65M_N1,,,
IT1:22_293_DF_DCIS_INDDEMOG1_1(1.0),A,ITE13,LIFEEXP65M,2022,19.5,,,,TIPO_DATO15__LIFEEXP65M_N1,,,
IT1:22_293_DF_DCIS_INDDEMOG1_1(1.0),A,ITE13,LIFEEXP65M,2023,20,,,,TIPO_DATO15__LIFEEXP65M_N1,,,
IT1:22_293_DF_DCIS_INDDEMOG1_1(1.0),A,ITE13,LIFEEXP65M,2024,20.5,,,,TIPO_DATO15__LIFEEXP65M_N1,,,
IT1:22_293_DF_DCIS_INDDEMOG1_1(1.0),A,ITE13,LIFEEXP65M,2025,20.8,e,,,TIPO_DATO15__LIFEEXP65M_N1,,,
IT1:22_293_DF_DCIS_INDDEMOG1_1(1.0),A,ITE14,LIFEEXP65M,2015,19.4,,,,TIPO_DATO15__LIFEEXP65M_N1,,,
IT1:22_293_DF_DCIS_INDDEMOG1_1(1.0),A,ITE14,LIFEEXP65M,2016,20.1,,,,TIPO_DATO15__LIFEEXP65M_N1,,,
IT1:22_293_DF_DCIS_INDDEMOG1_1(1.0),A,ITE14,LIFEEXP65M,2017,19.9,,,,TIPO_DATO15__LIFEEXP65M_N1,,,
IT1:22_293_DF_DCIS_INDDEMOG1_1(1.0),A,ITE14,LIFEEXP65M,2018,20.2,,,,TIPO_DATO15__LIFEEXP65M_N1,,,
IT1:22_293_DF_DCIS_INDDEMOG1_1(1.0),A,ITE14,LIFEEXP65M,2019,20.2,,,,TIPO_DATO15__LIFEEXP65M_N1,,,
IT1:22_293_DF_DCIS_INDDEMOG1_1(1.0),A,ITE14,LIFEEXP65M,2020,19.6,,,,TIPO_DATO15__LIFEEXP65M_N1,,,
IT1:22_293_DF_DCIS_INDDEMOG1_1(1.0),A,ITE14,LIFEEXP65M,2021,19.9,,,,TIPO_DATO15__LIFEEXP65M_N1,,,
IT1:22_293_DF_DCIS_INDDEMOG1_1(1.0),A,ITE14,LIFEEXP65M,2022,19.8,,,,TIPO_DATO15__LIFEEXP65M_N1,,,
IT1:22_293_DF_DCIS_INDDEMOG1_1(1.0),A,ITE14,LIFEEXP65M,2023,20.5,,,,TIPO_DATO15__LIFEEXP65M_N1,,,
IT1:22_293_DF_DCIS_INDDEMOG1_1(1.0),A,ITE14,LIFEEXP65M,2024,20.7,,,,TIPO_DATO15__LIFEEXP65M_N1,,,
IT1:22_293_DF_DCIS_INDDEMOG1_1(1.0),A,ITE14,LIFEEXP65M,2025,21,e,,,TIPO_DATO15__LIFEEXP65M_N1,,,
IT1:22_293_DF_DCIS_INDDEMOG1_1(1.0),A,ITE15,LIFEEXP65M,2015,19.1,,,,TIPO_DATO15__LIFEEXP65M_N1,,,
IT1:22_293_DF_DCIS_INDDEMOG1_1(1.0),A,ITE15,LIFEEXP65M,2016,19.6,,,,TIPO_DATO15__LIFEEXP65M_N1,,,
IT1:22_293_DF_DCIS_INDDEMOG1_1(1.0),A,ITE15,LIFEEXP65M,2017,19.8,,,,TIPO_DATO15__LIFEEXP65M_N1,,,
IT1:22_293_DF_DCIS_INDDEMOG1_1(1.0),A,ITE15,LIFEEXP65M,2018,19.8,,,,TIPO_DATO15__LIFEEXP65M_N1,,,
IT1:22_293_DF_DCIS_INDDEMOG1_1(1.0),A,ITE15,LIFEEXP65M,2019,20.5,,,,TIPO_DATO15__LIFEEXP65M_N1,,,
IT1:22_293_DF_DCIS_INDDEMOG1_1(1.0),A,ITE15,LIFEEXP65M,2020,19,,,,TIPO_DATO15__LIFEEXP65M_N1,,,
IT1:22_293_DF_DCIS_INDDEMOG1_1(1.0),A,ITE15,LIFEEXP65M,2021,18.2,,,,TIPO_DATO15__LIFEEXP65M_N1,,,
IT1:22_293_DF_DCIS_INDDEMOG1_1(1.0),A,ITE15,LIFEEXP65M,2022,19.3,,,,TIPO_DATO15__LIFEEXP65M_N1,,,
IT1:22_293_DF_DCIS_INDDEMOG1_1(1.0),A,ITE15,LIFEEXP65M,2023,20.3,,,,TIPO_DATO15__LIFEEXP65M_N1,,,
IT1:22_293_DF_DCIS_INDDEMOG1_1(1.0),A,ITE15,LIFEEXP65M,2024,20.3,,,,TIPO_DATO15__LIFEEXP65M_N1,,,
IT1:22_293_DF_DCIS_INDDEMOG1_1(1.0),A,ITE15,LIFEEXP65M,2025,21,e,,,TIPO_DATO15__LIFEEXP65M_N1,,,
IT1:22_293_DF_DCIS_INDDEMOG1_1(1.0),A,ITE16,LIFEEXP65M,2015,18.8,,,,TIPO_DATO15__LIFEEXP65M_N1,,,
IT1:22_293_DF_DCIS_INDDEMOG1_1(1.0),A,ITE16,LIFEEXP65M,2016,19.5,,,,TIPO_DATO15__LIFEEXP65M_N1,,,
IT1:22_293_DF_DCIS_INDDEMOG1_1(1.0),A,ITE16,LIFEEXP65M,2017,19.7,,,,TIPO_DATO15__LIFEEXP65M_N1,,,
IT1:22_293_DF_DCIS_INDDEMOG1_1(1.0),A,ITE16,LIFEEXP65M,2018,19.6,,,,TIPO_DATO15__LIFEEXP65M_N1,,,
IT1:22_293_DF_DCIS_INDDEMOG1_1(1.0),A,ITE16,LIFEEXP65M,2019,19.7,,,,TIPO_DATO15__LIFEEXP65M_N1,,,
IT1:22_293_DF_DCIS_INDDEMOG1_1(1.0),A,ITE16,LIFEEXP65M,2020,19.2,,,,TIPO_DATO15__LIFEEXP65M_N1,,,
IT1:22_293_DF_DCIS_INDDEMOG1_1(1.0),A,ITE16,LIFEEXP65M,2021,19.4,,,,TIPO_DATO15__LIFEEXP65M_N1,,,
IT1:22_293_DF_DCIS_INDDEMOG1_1(1.0),A,ITE16,LIFEEXP65M,2022,19.1,,,,TIPO_DATO15__LIFEEXP65M_N1,,,
IT1:22_293_DF_DCIS_INDDEMOG1_1(1.0),A,ITE16,LIFEEXP65M,2023,19.7,,,,TIPO_DATO15__LIFEEXP65M_N1,,,
IT1:22_293_DF_DCIS_INDDEMOG1_1(1.0),A,ITE16,LIFEEXP65M,2024,20.3,,,,TIPO_DATO15__LIFEEXP65M_N1,,,
IT1:22_293_DF_DCIS_INDDEMOG1_1(1.0),A,ITE16,LIFEEXP65M,2025,20.4,e,,,TIPO_DATO15__LIFEEXP65M_N1,,,
IT1:22_293_DF_DCIS_INDDEMOG1_1(1.0),A,ITE17,LIFEEXP65M,2015,19,,,,TIPO_DATO15__LIFEEXP65M_N1,,,
IT1:22_293_DF_DCIS_INDDEMOG1_1(1.0),A,ITE17,LIFEEXP65M,2016,19.8,,,,TIPO_DATO15__LIFEEXP65M_N1,,,
IT1:22_293_DF_DCIS_INDDEMOG1_1(1.0),A,ITE17,LIFEEXP65M,2017,19.3,,,,TIPO_DATO15__LIFEEXP65M_N1,,,
IT1:22_293_DF_DCIS_INDDEMOG1_1(1.0),A,ITE17,LIFEEXP65M,2018,19.8,,,,TIPO_DATO15__LIFEEXP65M_N1,,,
IT1:22_293_DF_DCIS_INDDEMOG1_1(1.0),A,ITE17,LIFEEXP65M,2019,19.6,,,,TIPO_DATO15__LIFEEXP65M_N1,,,
IT1:22_293_DF_DCIS_INDDEMOG1_1(1.0),A,ITE17,LIFEEXP65M,2020,18.8,,,,TIPO_DATO15__LIFEEXP65M_N1,,,
IT1:22_293_DF_DCIS_INDDEMOG1_1(1.0),A,ITE17,LIFEEXP65M,2021,19.4,,,,TIPO_DATO15__LIFEEXP65M_N1,,,
IT1:22_293_DF_DCIS_INDDEMOG1_1(1.0),A,ITE17,LIFEEXP65M,2022,19.2,,,,TIPO_DATO15__LIFEEXP65M_N1,,,
IT1:22_293_DF_DCIS_INDDEMOG1_1(1.0),A,ITE17,LIFEEXP65M,2023,20.1,,,,TIPO_DATO15__LIFEEXP65M_N1,,,
IT1:22_293_DF_DCIS_INDDEMOG1_1(1.0),A,ITE17,LIFEEXP65M,2024,20.3,,,,TIPO_DATO15__LIFEEXP65M_N1,,,
IT1:22_293_DF_DCIS_INDDEMOG1_1(1.0),A,ITE17,LIFEEXP65M,2025,20.3,e,,,TIPO_DATO15__LIFEEXP65M_N1,,,
IT1:22_293_DF_DCIS_INDDEMOG1_1(1.0),A,ITE18,LIFEEXP65M,2015,19.3,,,,TIPO_DATO15__LIFEEXP65M_N1,,,
IT1:22_293_DF_DCIS_INDDEMOG1_1(1.0),A,ITE18,LIFEEXP65M,2016,19.7,,,,TIPO_DATO15__LIFEEXP65M_N1,,,
IT1:22_293_DF_DCIS_INDDEMOG1_1(1.0),A,ITE18,LIFEEXP65M,2017,19.8,,,,TIPO_DATO15__LIFEEXP65M_N1,,,
IT1:22_293_DF_DCIS_INDDEMOG1_1(1.0),A,ITE18,LIFEEXP65M,2018,19.9,,,,TIPO_DATO15__LIFEEXP65M_N1,,,
IT1:22_293_DF_DCIS_INDDEMOG1_1(1.0),A,ITE18,LIFEEXP65M,2019,20,,,,TIPO_DATO15__LIFEEXP65M_N1,,,
IT1:22_293_DF_DCIS_INDDEMOG1_1(1.0),A,ITE18,LIFEEXP65M,2020,19.2,,,,TIPO_DATO15__LIFEEXP65M_N1,,,
IT1:22_293_DF_DCIS_INDDEMOG1_1(1.0),A,ITE18,LIFEEXP65M,2021,19.2,,,,TIPO_DATO15__LIFEEXP65M_N1,,,
IT1:22_293_DF_DCIS_INDDEMOG1_1(1.0),A,ITE18,LIFEEXP65M,2022,19.3,,,,TIPO_DATO15__LIFEEXP65M_N1,,,
IT1:22_293_DF_DCIS_INDDEMOG1_1(1.0),A,ITE18,LIFEEXP65M,2023,20,,,,TIPO_DATO15__LIFEEXP65M_N1,,,
IT1:22_293_DF_DCIS_INDDEMOG1_1(1.0),A,ITE18,LIFEEXP65M,2024,20.4,,,,TIPO_DATO15__LIFEEXP65M_N1,,,
IT1:22_293_DF_DCIS_INDDEMOG1_1(1.0),A,ITE18,LIFEEXP65M,2025,20.3,e,,,TIPO_DATO15__LIFEEXP65M_N1,,,
IT1:22_293_DF_DCIS_INDDEMOG1_1(1.0),A,ITE19,LIFEEXP65M,2015,19.3,,,,TIPO_DATO15__LIFEEXP65M_N1,,,
IT1:22_293_DF_DCIS_INDDEMOG1_1(1.0),A,ITE19,LIFEEXP65M,2016,20,,,,TIPO_DATO15__LIFEEXP65M_N1,,,
IT1:22_293_DF_DCIS_INDDEMOG1_1(1.0),A,ITE19,LIFEEXP65M,2017,19.7,,,,TIPO_DATO15__LIFEEXP65M_N1,,,
IT1:22_293_DF_DCIS_INDDEMOG1_1(1.0),A,ITE19,LIFEEXP65M,2018,19.8,,,,TIPO_DATO15__LIFEEXP65M_N1,,,
IT1:22_293_DF_DCIS_INDDEMOG1_1(1.0),A,ITE19,LIFEEXP65M,2019,19.7,,,,TIPO_DATO15__LIFEEXP65M_N1,,,
IT1:22_293_DF_DCIS_INDDEMOG1_1(1.0),A,ITE19,LIFEEXP65M,2020,19.9,,,,TIPO_DATO15__LIFEEXP65M_N1,,,
IT1:22_293_DF_DCIS_INDDEMOG1_1(1.0),A,ITE19,LIFEEXP65M,2021,19.1,,,,TIPO_DATO15__LIFEEXP65M_N1,,,
IT1:22_293_DF_DCIS_INDDEMOG1_1(1.0),A,ITE19,LIFEEXP65M,2022,19.8,,,,TIPO_DATO15__LIFEEXP65M_N1,,,
IT1:22_293_DF_DCIS_INDDEMOG1_1(1.0),A,ITE19,LIFEEXP65M,2023,20.3,,,,TIPO_DATO15__LIFEEXP65M_N1,,,
IT1:22_293_DF_DCIS_INDDEMOG1_1(1.0),A,ITE19,LIFEEXP65M,2024,20.5,,,,TIPO_DATO15__LIFEEXP65M_N1,,,
IT1:22_293_DF_DCIS_INDDEMOG1_1(1.0),A,ITE19,LIFEEXP65M,2025,21,e,,,TIPO_DATO15__LIFEEXP65M_N1,,,
IT1:22_293_DF_DCIS_INDDEMOG1_1(1.0),A,ITE1A,LIFEEXP65M,2015,18.9,,,,TIPO_DATO15__LIFEEXP65M_N1,,,
IT1:22_293_DF_DCIS_INDDEMOG1_1(1.0),A,ITE1A,LIFEEXP65M,2016,19.5,,,,TIPO_DATO15__LIFEEXP65M_N1,,,
IT1:22_293_DF_DCIS_INDDEMOG1_1(1.0),A,ITE1A,LIFEEXP65M,2017,19.2,,,,TIPO_DATO15__LIFEEXP65M_N1,,,
IT1:22_293_DF_DCIS_INDDEMOG1_1(1.0),A,ITE1A,LIFEEXP65M,2018,19.8,,,,TIPO_DATO15__LIFEEXP65M_N1,,,
IT1:22_293_DF_DCIS_INDDEMOG1_1(1.0),A,ITE1A,LIFEEXP65M,2019,19.6,,,,TIPO_DATO15__LIFEEXP65M_N1,,,
IT1:22_293_DF_DCIS_INDDEMOG1_1(1.0),A,ITE1A,LIFEEXP65M,2020,19.3,,,,TIPO_DATO15__LIFEEXP65M_N1,,,
IT1:22_293_DF_DCIS_INDDEMOG1_1(1.0),A,ITE1A,LIFEEXP65M,2021,19.9,,,,TIPO_DATO15__LIFEEXP65M_N1,,,
IT1:22_293_DF_DCIS_INDDEMOG1_1(1.0),A,ITE1A,LIFEEXP65M,2022,19.3,,,,TIPO_DATO15__LIFEEXP65M_N1,,,
IT1:22_293_DF_DCIS_INDDEMOG1_1(1.0),A,ITE1A,LIFEEXP65M,2023,19.6,,,,TIPO_DATO15__LIFEEXP65M_N1,,,
IT1:22_293_DF_DCIS_INDDEMOG1_1(1.0),A,ITE1A,LIFEEXP65M,2024,19.6,,,,TIPO_DATO15__LIFEEXP65M_N1,,,
IT1:22_293_DF_DCIS_INDDEMOG1_1(1.0),A,ITE1A,LIFEEXP65M,2025,20.2,e,,,TIPO_DATO15__LIFEEXP65M_N1,,,
IT1:22_293_DF_DCIS_INDDEMOG1_1(1.0),A,ITE2,LIFEEXP65M,2015,19,,,,TIPO_DATO15__LIFEEXP65M_N1,,,
IT1:22_293_DF_DCIS_INDDEMOG1_1(1.0),A,ITE2,LIFEEXP65M,2016,19.7,,,,TIPO_DATO15__LIFEEXP65M_N1,,,
IT1:22_293_DF_DCIS_INDDEMOG1_1(1.0),A,ITE2,LIFEEXP65M,2017,19.5,,,,TIPO_DATO15__LIFEEXP65M_N1,,,
IT1:22_293_DF_DCIS_INDDEMOG1_1(1.0),A,ITE2,LIFEEXP65M,2018,20.1,,,,TIPO_DATO15__LIFEEXP65M_N1,,,
IT1:22_293_DF_DCIS_INDDEMOG1_1(1.0),A,ITE2,LIFEEXP65M,2019,20.1,,,,TIPO_DATO15__LIFEEXP65M_N1,,,
IT1:22_293_DF_DCIS_INDDEMOG1_1(1.0),A,ITE2,LIFEEXP65M,2020,19.5,,,,TIPO_DATO15__LIFEEXP65M_N1,,,
IT1:22_293_DF_DCIS_INDDEMOG1_1(1.0),A,ITE2,LIFEEXP65M,2021,19.3,,,,TIPO_DATO15__LIFEEXP65M_N1,,,
IT1:22_293_DF_DCIS_INDDEMOG1_1(1.0),A,ITE2,LIFEEXP65M,2022,19.5,,,,TIPO_DATO15__LIFEEXP65M_N1,,,
IT1:22_293_DF_DCIS_INDDEMOG1_1(1.0),A,ITE2,LIFEEXP65M,2023,19.8,,,,TIPO_DATO15__LIFEEXP65M_N1,,,
IT1:22_293_DF_DCIS_INDDEMOG1_1(1.0),A,ITE2,LIFEEXP65M,2024,20.5,,,,TIPO_DATO15__LIFEEXP65M_N1,,,
IT1:22_293_DF_DCIS_INDDEMOG1_1(1.0),A,ITE2,LIFEEXP65M,2025,20.6,e,,,TIPO_DATO15__LIFEEXP65M_N1,,,
IT1:22_293_DF_DCIS_INDDEMOG1_1(1.0),A,ITE21,LIFEEXP65M,2015,19.2,,,,TIPO_DATO15__LIFEEXP65M_N1,,,
IT1:22_293_DF_DCIS_INDDEMOG1_1(1.0),A,ITE21,LIFEEXP65M,2016,19.8,,,,TIPO_DATO15__LIFEEXP65M_N1,,,
IT1:22_293_DF_DCIS_INDDEMOG1_1(1.0),A,ITE21,LIFEEXP65M,2017,19.5,,,,TIPO_DATO15__LIFEEXP65M_N1,,,
IT1:22_293_DF_DCIS_INDDEMOG1_1(1.0),A,ITE21,LIFEEXP65M,2018,20.3,,,,TIPO_DATO15__LIFEEXP65M_N1,,,
IT1:22_293_DF_DCIS_INDDEMOG1_1(1.0),A,ITE21,LIFEEXP65M,2019,20.4,,,,TIPO_DATO15__LIFEEXP65M_N1,,,
IT1:22_293_DF_DCIS_INDDEMOG1_1(1.0),A,ITE21,LIFEEXP65M,2020,19.6,,,,TIPO_DATO15__LIFEEXP65M_N1,,,
IT1:22_293_DF_DCIS_INDDEMOG1_1(1.0),A,ITE21,LIFEEXP65M,2021,19.2,,,,TIPO_DATO15__LIFEEXP65M_N1,,,
IT1:22_293_DF_DCIS_INDDEMOG1_1(1.0),A,ITE21,LIFEEXP65M,2022,19.4,,,,TIPO_DATO15__LIFEEXP65M_N1,,,
IT1:22_293_DF_DCIS_INDDEMOG1_1(1.0),A,ITE21,LIFEEXP65M,2023,20,,,,TIPO_DATO15__LIFEEXP65M_N1,,,
IT1:22_293_DF_DCIS_INDDEMOG1_1(1.0),A,ITE21,LIFEEXP65M,2024,20.7,,,,TIPO_DATO15__LIFEEXP65M_N1,,,
IT1:22_293_DF_DCIS_INDDEMOG1_1(1.0),A,ITE21,LIFEEXP65M,2025,20.8,e,,,TIPO_DATO15__LIFEEXP65M_N1,,,
IT1:22_293_DF_DCIS_INDDEMOG1_1(1.0),A,ITE22,LIFEEXP65M,2015,18.6,,,,TIPO_DATO15__LIFEEXP65M_N1,,,
IT1:22_293_DF_DCIS_INDDEMOG1_1(1.0),A,ITE22,LIFEEXP65M,2016,19.5,,,,TIPO_DATO15__LIFEEXP65M_N1,,,
IT1:22_293_DF_DCIS_INDDEMOG1_1(1.0),A,ITE22,LIFEEXP65M,2017,19.3,,,,TIPO_DATO15__LIFEEXP65M_N1,,,
IT1:22_293_DF_DCIS_INDDEMOG1_1(1.0),A,ITE22,LIFEEXP65M,2018,20,,,,TIPO_DATO15__LIFEEXP65M_N1,,,
IT1:22_293_DF_DCIS_INDDEMOG1_1(1.0),A,ITE22,LIFEEXP65M,2019,19.6,,,,TIPO_DATO15__LIFEEXP65M_N1,,,
IT1:22_293_DF_DCIS_INDDEMOG1_1(1.0),A,ITE22,LIFEEXP65M,2020,19.2,,,,TIPO_DATO15__LIFEEXP65M_N1,,,
IT1:22_293_DF_DCIS_INDDEMOG1_1(1.0),A,ITE22,LIFEEXP65M,2021,19.4,,,,TIPO_DATO15__LIFEEXP65M_N1,,,
IT1:22_293_DF_DCIS_INDDEMOG1_1(1.0),A,ITE22,LIFEEXP65M,2022,19.3,,,,TIPO_DATO15__LIFEEXP65M_N1,,,
IT1:22_293_DF_DCIS_INDDEMOG1_1(1.0),A,ITE22,LIFEEXP65M,2023,19.1,,,,TIPO_DATO15__LIFEEXP65M_N1,,,
IT1:22_293_DF_DCIS_INDDEMOG1_1(1.0),A,ITE22,LIFEEXP65M,2024,20.1,,,,TIPO_DATO15__LIFEEXP65M_N1,,,
IT1:22_293_DF_DCIS_INDDEMOG1_1(1.0),A,ITE22,LIFEEXP65M,2025,20.1,e,,,TIPO_DATO15__LIFEEXP65M_N1,,,
IT1:22_293_DF_DCIS_INDDEMOG1_1(1.0),A,ITE3,LIFEEXP65M,2015,19.2,,,,TIPO_DATO15__LIFEEXP65M_N1,,,
IT1:22_293_DF_DCIS_INDDEMOG1_1(1.0),A,ITE3,LIFEEXP65M,2016,19.5,,,,TIPO_DATO15__LIFEEXP65M_N1,,,
IT1:22_293_DF_DCIS_INDDEMOG1_1(1.0),A,ITE3,LIFEEXP65M,2017,19.6,,,,TIPO_DATO15__LIFEEXP65M_N1,,,
IT1:22_293_DF_DCIS_INDDEMOG1_1(1.0),A,ITE3,LIFEEXP65M,2018,20,,,,TIPO_DATO15__LIFEEXP65M_N1,,,
IT1:22_293_DF_DCIS_INDDEMOG1_1(1.0),A,ITE3,LIFEEXP65M,2019,20.1,,,,TIPO_DATO15__LIFEEXP65M_N1,,,
IT1:22_293_DF_DCIS_INDDEMOG1_1(1.0),A,ITE3,LIFEEXP65M,2020,19,,,,TIPO_DATO15__LIFEEXP65M_N1,,,
IT1:22_293_DF_DCIS_INDDEMOG1_1(1.0),A,ITE3,LIFEEXP65M,2021,19.2,,,,TIPO_DATO15__LIFEEXP65M_N1,,,
IT1:22_293_DF_DCIS_INDDEMOG1_1(1.0),A,ITE3,LIFEEXP65M,2022,19.4,,,,TIPO_DATO15__LIFEEXP65M_N1,,,
IT1:22_293_DF_DCIS_INDDEMOG1_1(1.0),A,ITE3,LIFEEXP65M,2023,20,,,,TIPO_DATO15__LIFEEXP65M_N1,,,
IT1:22_293_DF_DCIS_INDDEMOG1_1(1.0),A,ITE3,LIFEEXP65M,2024,20.4,,,,TIPO_DATO15__LIFEEXP65M_N1,,,
IT1:22_293_DF_DCIS_INDDEMOG1_1(1.0),A,ITE3,LIFEEXP65M,2025,20.7,e,,,TIPO_DATO15__LIFEEXP65M_N1,,,
IT1:22_293_DF_DCIS_INDDEMOG1_1(1.0),A,ITE31,LIFEEXP65M,2015,19.3,,,,TIPO_DATO15__LIFEEXP65M_N1,,,
IT1:22_293_DF_DCIS_INDDEMOG1_1(1.0),A,ITE31,LIFEEXP65M,2016,19.6,,,,TIPO_DATO15__LIFEEXP65M_N1,,,
IT1:22_293_DF_DCIS_INDDEMOG1_1(1.0),A,ITE31,LIFEEXP65M,2017,20,,,,TIPO_DATO15__LIFEEXP65M_N1,,,
IT1:22_293_DF_DCIS_INDDEMOG1_1(1.0),A,ITE31,LIFEEXP65M,2018,20.4,,,,TIPO_DATO15__LIFEEXP65M_N1,,,
IT1:22_293_DF_DCIS_INDDEMOG1_1(1.0),A,ITE31,LIFEEXP65M,2019,20,,,,TIPO_DATO15__LIFEEXP65M_N1,,,
IT1:22_293_DF_DCIS_INDDEMOG1_1(1.0),A,ITE31,LIFEEXP65M,2020,18.3,,,,TIPO_DATO15__LIFEEXP65M_N1,,,
IT1:22_293_DF_DCIS_INDDEMOG1_1(1.0),A,ITE31,LIFEEXP65M,2021,19.6,,,,TIPO_DATO15__LIFEEXP65M_N1,,,
IT1:22_293_DF_DCIS_INDDEMOG1_1(1.0),A,ITE31,LIFEEXP65M,2022,19.7,,,,TIPO_DATO15__LIFEEXP65M_N1,,,
IT1:22_293_DF_DCIS_INDDEMOG1_1(1.0),A,ITE31,LIFEEXP65M,2023,20.1,,,,TIPO_DATO15__LIFEEXP65M_N1,,,
IT1:22_293_DF_DCIS_INDDEMOG1_1(1.0),A,ITE31,LIFEEXP65M,2024,20.8,,,,TIPO_DATO15__LIFEEXP65M_N1,,,
IT1:22_293_DF_DCIS_INDDEMOG1_1(1.0),A,ITE31,LIFEEXP65M,2025,20.4,e,,,TIPO_DATO15__LIFEEXP65M_N1,,,
IT1:22_293_DF_DCIS_INDDEMOG1_1(1.0),A,ITE32,LIFEEXP65M,2015,19.1,,,,TIPO_DATO15__LIFEEXP65M_N1,,,
IT1:22_293_DF_DCIS_INDDEMOG1_1(1.0),A,ITE32,LIFEEXP65M,2016,19.6,,,,TIPO_DATO15__LIFEEXP65M_N1,,,
IT1:22_293_DF_DCIS_INDDEMOG1_1(1.0),A,ITE32,LIFEEXP65M,2017,19.5,,,,TIPO_DATO15__LIFEEXP65M_N1,,,
IT1:22_293_DF_DCIS_INDDEMOG1_1(1.0),A,ITE32,LIFEEXP65M,2018,20.1,,,,TIPO_DATO15__LIFEEXP65M_N1,,,
IT1:22_293_DF_DCIS_INDDEMOG1_1(1.0),A,ITE32,LIFEEXP65M,2019,20.2,,,,TIPO_DATO15__LIFEEXP65M_N1,,,
IT1:22_293_DF_DCIS_INDDEMOG1_1(1.0),A,ITE32,LIFEEXP65M,2020,19.3,,,,TIPO_DATO15__LIFEEXP65M_N1,,,
IT1:22_293_DF_DCIS_INDDEMOG1_1(1.0),A,ITE32,LIFEEXP65M,2021,19.3,,,,TIPO_DATO15__LIFEEXP65M_N1,,,
IT1:22_293_DF_DCIS_INDDEMOG1_1(1.0),A,ITE32,LIFEEXP65M,2022,19.5,,,,TIPO_DATO15__LIFEEXP65M_N1,,,
IT1:22_293_DF_DCIS_INDDEMOG1_1(1.0),A,ITE32,LIFEEXP65M,2023,20.2,,,,TIPO_DATO15__LIFEEXP65M_N1,,,
IT1:22_293_DF_DCIS_INDDEMOG1_1(1.0),A,ITE32,LIFEEXP65M,2024,20.7,,,,TIPO_DATO15__LIFEEXP65M_N1,,,
IT1:22_293_DF_DCIS_INDDEMOG1_1(1.0),A,ITE32,LIFEEXP65M,2025,21,e,,,TIPO_DATO15__LIFEEXP65M_N1,,,
IT1:22_293_DF_DCIS_INDDEMOG1_1(1.0),A,ITE33,LIFEEXP65M,2015,19.1,,,,TIPO_DATO15__LIFEEXP65M_N1,,,
IT1:22_293_DF_DCIS_INDDEMOG1_1(1.0),A,ITE33,LIFEEXP65M,2016,19.5,,,,TIPO_DATO15__LIFEEXP65M_N1,,,
IT1:22_293_DF_DCIS_INDDEMOG1_1(1.0),A,ITE33,LIFEEXP65M,2017,19.6,,,,TIPO_DATO15__LIFEEXP65M_N1,,,
IT1:22_293_DF_DCIS_INDDEMOG1_1(1.0),A,ITE33,LIFEEXP65M,2018,19.8,,,,TIPO_DATO15__LIFEEXP65M_N1,,,
IT1:22_293_DF_DCIS_INDDEMOG1_1(1.0),A,ITE33,LIFEEXP65M,2019,19.8,,,,TIPO_DATO15__LIFEEXP65M_N1,,,
IT1:22_293_DF_DCIS_INDDEMOG1_1(1.0),A,ITE33,LIFEEXP65M,2020,19.1,,,,TIPO_DATO15__LIFEEXP65M_N1,,,
IT1:22_293_DF_DCIS_INDDEMOG1_1(1.0),A,ITE33,LIFEEXP65M,2021,18.9,,,,TIPO_DATO15__LIFEEXP65M_N1,,,
IT1:22_293_DF_DCIS_INDDEMOG1_1(1.0),A,ITE33,LIFEEXP65M,2022,19.1,,,,TIPO_DATO15__LIFEEXP65M_N1,,,
IT1:22_293_DF_DCIS_INDDEMOG1_1(1.0),A,ITE33,LIFEEXP65M,2023,20.1,,,,TIPO_DATO15__LIFEEXP65M_N1,,,
IT1:22_293_DF_DCIS_INDDEMOG1_1(1.0),A,ITE33,LIFEEXP65M,2024,20.1,,,,TIPO_DATO15__LIFEEXP65M_N1,,,
IT1:22_293_DF_DCIS_INDDEMOG1_1(1.0),A,ITE33,LIFEEXP65M,2025,20.9,e,,,TIPO_DATO15__LIFEEXP65M_N1,,,
IT1:22_293_DF_DCIS_INDDEMOG1_1(1.0),A,ITE34,LIFEEXP65M,2015,19.8,,,,TIPO_DATO15__LIFEEXP65M_N1,,,
IT1:22_293_DF_DCIS_INDDEMOG1_1(1.0),A,ITE34,LIFEEXP65M,2016,19.4,,,,TIPO_DATO15__LIFEEXP65M_N1,,,
IT1:22_293_DF_DCIS_INDDEMOG1_1(1.0),A,ITE34,LIFEEXP65M,2017,19.8,,,,TIPO_DATO15__LIFEEXP65M_N1,,,
IT1:22_293_DF_DCIS_INDDEMOG1_1(1.0),A,ITE34,LIFEEXP65M,2018,19.6,,,,TIPO_DATO15__LIFEEXP65M_N1,,,
IT1:22_293_DF_DCIS_INDDEMOG1_1(1.0),A,ITE34,LIFEEXP65M,2019,20.5,,,,TIPO_DATO15__LIFEEXP65M_N1,,,
IT1:22_293_DF_DCIS_INDDEMOG1_1(1.0),A,ITE34,LIFEEXP65M,2020,19.5,,,,TIPO_DATO15__LIFEEXP65M_N1,,,
IT1:22_293_DF_DCIS_INDDEMOG1_1(1.0),A,ITE34,LIFEEXP65M,2021,19.2,,,,TIPO_DATO15__LIFEEXP65M_N1,,,
IT1:22_293_DF_DCIS_INDDEMOG1_1(1.0),A,ITE34,LIFEEXP65M,2022,19.2,,,,TIPO_DATO15__LIFEEXP65M_N1,,,
IT1:22_293_DF_DCIS_INDDEMOG1_1(1.0),A,ITE34,LIFEEXP65M,2023,19.7,,,,TIPO_DATO15__LIFEEXP65M_N1,,,
IT1:22_293_DF_DCIS_INDDEMOG1_1(1.0),A,ITE34,LIFEEXP65M,2024,20.3,,,,TIPO_DATO15__LIFEEXP65M_N1,,,
IT1:22_293_DF_DCIS_INDDEMOG1_1(1.0),A,ITE34,LIFEEXP65M,2025,20.9,e,,,TIPO_DATO15__LIFEEXP65M_N1,,,
IT1:22_293_DF_DCIS_INDDEMOG1_1(1.0),A,ITE4,LIFEEXP65M,2015,18.7,,,,TIPO_DATO15__LIFEEXP65M_N1,,,
IT1:22_293_DF_DCIS_INDDEMOG1_1(1.0),A,ITE4,LIFEEXP65M,2016,19,,,,TIPO_DATO15__LIFEEXP65M_N1,,,
IT1:22_293_DF_DCIS_INDDEMOG1_1(1.0),A,ITE4,LIFEEXP65M,2017,18.8,,,,TIPO_DATO15__LIFEEXP65M_N1,,,
IT1:22_293_DF_DCIS_INDDEMOG1_1(1.0),A,ITE4,LIFEEXP65M,2018,19.3,,,,TIPO_DATO15__LIFEEXP65M_N1,,,
IT1:22_293_DF_DCIS_INDDEMOG1_1(1.0),A,ITE4,LIFEEXP65M,2019,19.6,,,,TIPO_DATO15__LIFEEXP65M_N1,,,
IT1:22_293_DF_DCIS_INDDEMOG1_1(1.0),A,ITE4,LIFEEXP65M,2020,18.9,,,,TIPO_DATO15__LIFEEXP65M_N1,,,
IT1:22_293_DF_DCIS_INDDEMOG1_1(1.0),A,ITE4,LIFEEXP65M,2021,18.8,,,,TIPO_DATO15__LIFEEXP65M_N1,,,
IT1:22_293_DF_DCIS_INDDEMOG1_1(1.0),A,ITE4,LIFEEXP65M,2022,19.1,,,,TIPO_DATO15__LIFEEXP65M_N1,,,
IT1:22_293_DF_DCIS_INDDEMOG1_1(1.0),A,ITE4,LIFEEXP65M,2023,19.3,,,,TIPO_DATO15__LIFEEXP65M_N1,,,
IT1:22_293_DF_DCIS_INDDEMOG1_1(1.0),A,ITE4,LIFEEXP65M,2024,19.8,,,,TIPO_DATO15__LIFEEXP65M_N1,,,
IT1:22_293_DF_DCIS_INDDEMOG1_1(1.0),A,ITE4,LIFEEXP65M,2025,20,e,,,TIPO_DATO15__LIFEEXP65M_N1,,,
IT1:22_293_DF_DCIS_INDDEMOG1_1(1.0),A,ITE41,LIFEEXP65M,2015,17.6,,,,TIPO_DATO15__LIFEEXP65M_N1,,,
IT1:22_293_DF_DCIS_INDDEMOG1_1(1.0),A,ITE41,LIFEEXP65M,2016,18.6,,,,TIPO_DATO15__LIFEEXP65M_N1,,,
IT1:22_293_DF_DCIS_INDDEMOG1_1(1.0),A,ITE41,LIFEEXP65M,2017,18.1,,,,TIPO_DATO15__LIFEEXP65M_N1,,,
IT1:22_293_DF_DCIS_INDDEMOG1_1(1.0),A,ITE41,LIFEEXP65M,2018,18.1,,,,TIPO_DATO15__LIFEEXP65M_N1,,,
IT1:22_293_DF_DCIS_INDDEMOG1_1(1.0),A,ITE41,LIFEEXP65M,2019,18.7,,,,TIPO_DATO15__LIFEEXP65M_N1,,,
IT1:22_293_DF_DCIS_INDDEMOG1_1(1.0),A,ITE41,LIFEEXP65M,2020,18.4,,,,TIPO_DATO15__LIFEEXP65M_N1,,,
IT1:22_293_DF_DCIS_INDDEMOG1_1(1.0),A,ITE41,LIFEEXP65M,2021,18.5,,,,TIPO_DATO15__LIFEEXP65M_N1,,,
IT1:22_293_DF_DCIS_INDDEMOG1_1(1.0),A,ITE41,LIFEEXP65M,2022,18.4,,,,TIPO_DATO15__LIFEEXP65M_N1,,,
IT1:22_293_DF_DCIS_INDDEMOG1_1(1.0),A,ITE41,LIFEEXP65M,2023,19.1,,,,TIPO_DATO15__LIFEEXP65M_N1,,,
IT1:22_293_DF_DCIS_INDDEMOG1_1(1.0),A,ITE41,LIFEEXP65M,2024,19,,,,TIPO_DATO15__LIFEEXP65M_N1,,,
IT1:22_293_DF_DCIS_INDDEMOG1_1(1.0),A,ITE41,LIFEEXP65M,2025,19.6,e,,,TIPO_DATO15__LIFEEXP65M_N1,,,
IT1:22_293_DF_DCIS_INDDEMOG1_1(1.0),A,ITE42,LIFEEXP65M,2015,18.5,,,,TIPO_DATO15__LIFEEXP65M_N1,,,
IT1:22_293_DF_DCIS_INDDEMOG1_1(1.0),A,ITE42,LIFEEXP65M,2016,19.1,,,,TIPO_DATO15__LIFEEXP65M_N1,,,
IT1:22_293_DF_DCIS_INDDEMOG1_1(1.0),A,ITE42,LIFEEXP65M,2017,19,,,,TIPO_DATO15__LIFEEXP65M_N1,,,
IT1:22_293_DF_DCIS_INDDEMOG1_1(1.0),A,ITE42,LIFEEXP65M,2018,19.7,,,,TIPO_DATO15__LIFEEXP65M_N1,,,
IT1:22_293_DF_DCIS_INDDEMOG1_1(1.0),A,ITE42,LIFEEXP65M,2019,19.6,,,,TIPO_DATO15__LIFEEXP65M_N1,,,
IT1:22_293_DF_DCIS_INDDEMOG1_1(1.0),A,ITE42,LIFEEXP65M,2020,19,,,,TIPO_DATO15__LIFEEXP65M_N1,,,
IT1:22_293_DF_DCIS_INDDEMOG1_1(1.0),A,ITE42,LIFEEXP65M,2021,18.8,,,,TIPO_DATO15__LIFEEXP65M_N1,,,
IT1:22_293_DF_DCIS_INDDEMOG1_1(1.0),A,ITE42,LIFEEXP65M,2022,18.5,,,,TIPO_DATO15__LIFEEXP65M_N1,,,
IT1:22_293_DF_DCIS_INDDEMOG1_1(1.0),A,ITE42,LIFEEXP65M,2023,18.7,,,,TIPO_DATO15__LIFEEXP65M_N1,,,
IT1:22_293_DF_DCIS_INDDEMOG1_1(1.0),A,ITE42,LIFEEXP65M,2024,19.4,,,,TIPO_DATO15__LIFEEXP65M_N1,,,
IT1:22_293_DF_DCIS_INDDEMOG1_1(1.0),A,ITE42,LIFEEXP65M,2025,19.5,e,,,TIPO_DATO15__LIFEEXP65M_N1,,,
IT1:22_293_DF_DCIS_INDDEMOG1_1(1.0),A,ITE43,LIFEEXP65M,2015,18.9,,,,TIPO_DATO15__LIFEEXP65M_N1,,,
IT1:22_293_DF_DCIS_INDDEMOG1_1(1.0),A,ITE43,LIFEEXP65M,2016,19.2,,,,TIPO_DATO15__LIFEEXP65M_N1,,,
IT1:22_293_DF_DCIS_INDDEMOG1_1(1.0),A,ITE43,LIFEEXP65M,2017,18.9,,,,TIPO_DATO15__LIFEEXP65M_N1,,,
IT1:22_293_DF_DCIS_INDDEMOG1_1(1.0),A,ITE43,LIFEEXP65M,2018,19.5,,,,TIPO_DATO15__LIFEEXP65M_N1,,,
IT1:22_293_DF_DCIS_INDDEMOG1_1(1.0),A,ITE43,LIFEEXP65M,2019,19.7,,,,TIPO_DATO15__LIFEEXP65M_N1,,,
IT1:22_293_DF_DCIS_INDDEMOG1_1(1.0),A,ITE43,LIFEEXP65M,2020,19,,,,TIPO_DATO15__LIFEEXP65M_N1,,,
IT1:22_293_DF_DCIS_INDDEMOG1_1(1.0),A,ITE43,LIFEEXP65M,2021,19,,,,TIPO_DATO15__LIFEEXP65M_N1,,,
IT1:22_293_DF_DCIS_INDDEMOG1_1(1.0),A,ITE43,LIFEEXP65M,2022,19.3,,,,TIPO_DATO15__LIFEEXP65M_N1,,,
IT1:22_293_DF_DCIS_INDDEMOG1_1(1.0),A,ITE43,LIFEEXP65M,2023,19.4,,,,TIPO_DATO15__LIFEEXP65M_N1,,,
IT1:22_293_DF_DCIS_INDDEMOG1_1(1.0),A,ITE43,LIFEEXP65M,2024,19.9,,,,TIPO_DATO15__LIFEEXP65M_N1,,,
IT1:22_293_DF_DCIS_INDDEMOG1_1(1.0),A,ITE43,LIFEEXP65M,2025,20.3,e,,,TIPO_DATO15__LIFEEXP65M_N1,,,
IT1:22_293_DF_DCIS_INDDEMOG1_1(1.0),A,ITE44,LIFEEXP65M,2015,18.8,,,,TIPO_DATO15__LIFEEXP65M_N1,,,
IT1:22_293_DF_DCIS_INDDEMOG1_1(1.0),A,ITE44,LIFEEXP65M,2016,19.1,,,,TIPO_DATO15__LIFEEXP65M_N1,,,
IT1:22_293_DF_DCIS_INDDEMOG1_1(1.0),A,ITE44,LIFEEXP65M,2017,19,,,,TIPO_DATO15__LIFEEXP65M_N1,,,
IT1:22_293_DF_DCIS_INDDEMOG1_1(1.0),A,ITE44,LIFEEXP65M,2018,19.6,,,,TIPO_DATO15__LIFEEXP65M_N1,,,
IT1:22_293_DF_DCIS_INDDEMOG1_1(1.0),A,ITE44,LIFEEXP65M,2019,19.8,,,,TIPO_DATO15__LIFEEXP65M_N1,,,
IT1:22_293_DF_DCIS_INDDEMOG1_1(1.0),A,ITE44,LIFEEXP65M,2020,19.1,,,,TIPO_DATO15__LIFEEXP65M_N1,,,
IT1:22_293_DF_DCIS_INDDEMOG1_1(1.0),A,ITE44,LIFEEXP65M,2021,18.9,,,,TIPO_DATO15__LIFEEXP65M_N1,,,
IT1:22_293_DF_DCIS_INDDEMOG1_1(1.0),A,ITE44,LIFEEXP65M,2022,19.2,,,,TIPO_DATO15__LIFEEXP65M_N1,,,
IT1:22_293_DF_DCIS_INDDEMOG1_1(1.0),A,ITE44,LIFEEXP65M,2023,19.3,,,,TIPO_DATO15__LIFEEXP65M_N1,,,
IT1:22_293_DF_DCIS_INDDEMOG1_1(1.0),A,ITE44,LIFEEXP65M,2024,19.9,,,,TIPO_DATO15__LIFEEXP65M_N1,,,
IT1:22_293_DF_DCIS_INDDEMOG1_1(1.0),A,ITE44,LIFEEXP65M,2025,20,e,,,TIPO_DATO15__LIFEEXP65M_N1,,,
IT1:22_293_DF_DCIS_INDDEMOG1_1(1.0),A,ITE45,LIFEEXP65M,2015,18.3,,,,TIPO_DATO15__LIFEEXP65M_N1,,,
IT1:22_293_DF_DCIS_INDDEMOG1_1(1.0),A,ITE45,LIFEEXP65M,2016,18.6,,,,TIPO_DATO15__LIFEEXP65M_N1,,,
IT1:22_293_DF_DCIS_INDDEMOG1_1(1.0),A,ITE45,LIFEEXP65M,2017,18.7,,,,TIPO_DATO15__LIFEEXP65M_N1,,,
IT1:22_293_DF_DCIS_INDDEMOG1_1(1.0),A,ITE45,LIFEEXP65M,2018,19,,,,TIPO_DATO15__LIFEEXP65M_N1,,,
IT1:22_293_DF_DCIS_INDDEMOG1_1(1.0),A,ITE45,LIFEEXP65M,2019,18.8,,,,TIPO_DATO15__LIFEEXP65M_N1,,,
IT1:22_293_DF_DCIS_INDDEMOG1_1(1.0),A,ITE45,LIFEEXP65M,2020,18.5,,,,TIPO_DATO15__LIFEEXP65M_N1,,,
IT1:22_293_DF_DCIS_INDDEMOG1_1(1.0),A,ITE45,LIFEEXP65M,2021,18.1,,,,TIPO_DATO15__LIFEEXP65M_N1,,,
IT1:22_293_DF_DCIS_INDDEMOG1_1(1.0),A,ITE45,LIFEEXP65M,2022,18.4,,,,TIPO_DATO15__LIFEEXP65M_N1,,,
IT1:22_293_DF_DCIS_INDDEMOG1_1(1.0),A,ITE45,LIFEEXP65M,2023,18.8,,,,TIPO_DATO15__LIFEEXP65M_N1,,,
IT1:22_293_DF_DCIS_INDDEMOG1_1(1.0),A,ITE45,LIFEEXP65M,2024,19.5,,,,TIPO_DATO15__LIFEEXP65M_N1,,,
IT1:22_293_DF_DCIS_INDDEMOG1_1(1.0),A,ITE45,LIFEEXP65M,2025,19.5,e,,,TIPO_DATO15__LIFEEXP65M_N1,,,
IT1:22_293_DF_DCIS_INDDEMOG1_1(1.0),A,ITF,LIFEEXP65M,2015,18.2,,,,TIPO_DATO15__LIFEEXP65M_N1,,,
IT1:22_293_DF_DCIS_INDDEMOG1_1(1.0),A,ITF,LIFEEXP65M,2016,18.7,,,,TIPO_DATO15__LIFEEXP65M_N1,,,
IT1:22_293_DF_DCIS_INDDEMOG1_1(1.0),A,ITF,LIFEEXP65M,2017,18.5,,,,TIPO_DATO15__LIFEEXP65M_N1,,,
IT1:22_293_DF_DCIS_INDDEMOG1_1(1.0),A,ITF,LIFEEXP65M,2018,18.9,,,,TIPO_DATO15__LIFEEXP65M_N1,,,
IT1:22_293_DF_DCIS_INDDEMOG1_1(1.0),A,ITF,LIFEEXP65M,2019,19.1,,,,TIPO_DATO15__LIFEEXP65M_N1,,,
IT1:22_293_DF_DCIS_INDDEMOG1_1(1.0),A,ITF,LIFEEXP65M,2020,18.4,,,,TIPO_DATO15__LIFEEXP65M_N1,,,
IT1:22_293_DF_DCIS_INDDEMOG1_1(1.0),A,ITF,LIFEEXP65M,2021,18.3,,,,TIPO_DATO15__LIFEEXP65M_N1,,,
IT1:22_293_DF_DCIS_INDDEMOG1_1(1.0),A,ITF,LIFEEXP65M,2022,18.5,,,,TIPO_DATO15__LIFEEXP65M_N1,,,
IT1:22_293_DF_DCIS_INDDEMOG1_1(1.0),A,ITF,LIFEEXP65M,2023,18.8,,,,TIPO_DATO15__LIFEEXP65M_N1,,,
IT1:22_293_DF_DCIS_INDDEMOG1_1(1.0),A,ITF,LIFEEXP65M,2024,19.3,,,,TIPO_DATO15__LIFEEXP65M_N1,,,
IT1:22_293_DF_DCIS_INDDEMOG1_1(1.0),A,ITF,LIFEEXP65M,2025,19.5,e,,,TIPO_DATO15__LIFEEXP65M_N1,,,
IT1:22_293_DF_DCIS_INDDEMOG1_1(1.0),A,ITF1,LIFEEXP65M,2015,18.9,,,,TIPO_DATO15__LIFEEXP65M_N1,,,
IT1:22_293_DF_DCIS_INDDEMOG1_1(1.0),A,ITF1,LIFEEXP65M,2016,19.1,,,,TIPO_DATO15__LIFEEXP65M_N1,,,
IT1:22_293_DF_DCIS_INDDEMOG1_1(1.0),A,ITF1,LIFEEXP65M,2017,18.9,,,,TIPO_DATO15__LIFEEXP65M_N1,,,
IT1:22_293_DF_DCIS_INDDEMOG1_1(1.0),A,ITF1,LIFEEXP65M,2018,19.3,,,,TIPO_DATO15__LIFEEXP65M_N1,,,
IT1:22_293_DF_DCIS_INDDEMOG1_1(1.0),A,ITF1,LIFEEXP65M,2019,19.6,,,,TIPO_DATO15__LIFEEXP65M_N1,,,
IT1:22_293_DF_DCIS_INDDEMOG1_1(1.0),A,ITF1,LIFEEXP65M,2020,18.8,,,,TIPO_DATO15__LIFEEXP65M_N1,,,
IT1:22_293_DF_DCIS_INDDEMOG1_1(1.0),A,ITF1,LIFEEXP65M,2021,18.9,,,,TIPO_DATO15__LIFEEXP65M_N1,,,
IT1:22_293_DF_DCIS_INDDEMOG1_1(1.0),A,ITF1,LIFEEXP65M,2022,18.7,,,,TIPO_DATO15__LIFEEXP65M_N1,,,
IT1:22_293_DF_DCIS_INDDEMOG1_1(1.0),A,ITF1,LIFEEXP65M,2023,19.1,,,,TIPO_DATO15__LIFEEXP65M_N1,,,
IT1:22_293_DF_DCIS_INDDEMOG1_1(1.0),A,ITF1,LIFEEXP65M,2024,19.9,,,,TIPO_DATO15__LIFEEXP65M_N1,,,
IT1:22_293_DF_DCIS_INDDEMOG1_1(1.0),A,ITF1,LIFEEXP65M,2025,19.9,e,,,TIPO_DATO15__LIFEEXP65M_N1,,,
IT1:22_293_DF_DCIS_INDDEMOG1_1(1.0),A,ITF11,LIFEEXP65M,2015,19,,,,TIPO_DATO15__LIFEEXP65M_N1,,,
IT1:22_293_DF_DCIS_INDDEMOG1_1(1.0),A,ITF11,LIFEEXP65M,2016,18.9,,,,TIPO_DATO15__LIFEEXP65M_N1,,,
IT1:22_293_DF_DCIS_INDDEMOG1_1(1.0),A,ITF11,LIFEEXP65M,2017,19.2,,,,TIPO_DATO15__LIFEEXP65M_N1,,,
IT1:22_293_DF_DCIS_INDDEMOG1_1(1.0),A,ITF11,LIFEEXP65M,2018,19.5,,,,TIPO_DATO15__LIFEEXP65M_N1,,,
IT1:22_293_DF_DCIS_INDDEMOG1_1(1.0),A,ITF11,LIFEEXP65M,2019,19.4,,,,TIPO_DATO15__LIFEEXP65M_N1,,,
IT1:22_293_DF_DCIS_INDDEMOG1_1(1.0),A,ITF11,LIFEEXP65M,2020,19,,,,TIPO_DATO15__LIFEEXP65M_N1,,,
IT1:22_293_DF_DCIS_INDDEMOG1_1(1.0),A,ITF11,LIFEEXP65M,2021,19,,,,TIPO_DATO15__LIFEEXP65M_N1,,,
IT1:22_293_DF_DCIS_INDDEMOG1_1(1.0),A,ITF11,LIFEEXP65M,2022,18.7,,,,TIPO_DATO15__LIFEEXP65M_N1,,,
IT1:22_293_DF_DCIS_INDDEMOG1_1(1.0),A,ITF11,LIFEEXP65M,2023,19.2,,,,TIPO_DATO15__LIFEEXP65M_N1,,,
IT1:22_293_DF_DCIS_INDDEMOG1_1(1.0),A,ITF11,LIFEEXP65M,2024,20.2,,,,TIPO_DATO15__LIFEEXP65M_N1,,,
IT1:22_293_DF_DCIS_INDDEMOG1_1(1.0),A,ITF11,LIFEEXP65M,2025,20,e,,,TIPO_DATO15__LIFEEXP65M_N1,,,
IT1:22_293_DF_DCIS_INDDEMOG1_1(1.0),A,ITF12,LIFEEXP65M,2015,18.7,,,,TIPO_DATO15__LIFEEXP65M_N1,,,
IT1:22_293_DF_DCIS_INDDEMOG1_1(1.0),A,ITF12,LIFEEXP65M,2016,19.4,,,,TIPO_DATO15__LIFEEXP65M_N1,,,
IT1:22_293_DF_DCIS_INDDEMOG1_1(1.0),A,ITF12,LIFEEXP65M,2017,18.7,,,,TIPO_DATO15__LIFEEXP65M_N1,,,
IT1:22_293_DF_DCIS_INDDEMOG1_1(1.0),A,ITF12,LIFEEXP65M,2018,19.4,,,,TIPO_DATO15__LIFEEXP65M_N1,,,
IT1:22_293_DF_DCIS_INDDEMOG1_1(1.0),A,ITF12,LIFEEXP65M,2019,19.5,,,,TIPO_DATO15__LIFEEXP65M_N1,,,
IT1:22_293_DF_DCIS_INDDEMOG1_1(1.0),A,ITF12,LIFEEXP65M,2020,18.2,,,,TIPO_DATO15__LIFEEXP65M_N1,,,
IT1:22_293_DF_DCIS_INDDEMOG1_1(1.0),A,ITF12,LIFEEXP65M,2021,18.9,,,,TIPO_DATO15__LIFEEXP65M_N1,,,
IT1:22_293_DF_DCIS_INDDEMOG1_1(1.0),A,ITF12,LIFEEXP65M,2022,18.4,,,,TIPO_DATO15__LIFEEXP65M_N1,,,
IT1:22_293_DF_DCIS_INDDEMOG1_1(1.0),A,ITF12,LIFEEXP65M,2023,19.2,,,,TIPO_DATO15__LIFEEXP65M_N1,,,
IT1:22_293_DF_DCIS_INDDEMOG1_1(1.0),A,ITF12,LIFEEXP65M,2024,19.8,,,,TIPO_DATO15__LIFEEXP65M_N1,,,
IT1:22_293_DF_DCIS_INDDEMOG1_1(1.0),A,ITF12,LIFEEXP65M,2025,20,e,,,TIPO_DATO15__LIFEEXP65M_N1,,,
IT1:22_293_DF_DCIS_INDDEMOG1_1(1.0),A,ITF13,LIFEEXP65M,2015,19,,,,TIPO_DATO15__LIFEEXP65M_N1,,,
IT1:22_293_DF_DCIS_INDDEMOG1_1(1.0),A,ITF13,LIFEEXP65M,2016,19.4,,,,TIPO_DATO15__LIFEEXP65M_N1,,,
IT1:22_293_DF_DCIS_INDDEMOG1_1(1.0),A,ITF13,LIFEEXP65M,2017,19.2,,,,TIPO_DATO15__LIFEEXP65M_N1,,,
IT1:22_293_DF_DCIS_INDDEMOG1_1(1.0),A,ITF13,LIFEEXP65M,2018,19.4,,,,TIPO_DATO15__LIFEEXP65M_N1,,,
IT1:22_293_DF_DCIS_INDDEMOG1_1(1.0),A,ITF13,LIFEEXP65M,2019,19.9,,,,TIPO_DATO15__LIFEEXP65M_N1,,,
IT1:22_293_DF_DCIS_INDDEMOG1_1(1.0),A,ITF13,LIFEEXP65M,2020,18.9,,,,TIPO_DATO15__LIFEEXP65M_N1,,,
IT1:22_293_DF_DCIS_INDDEMOG1_1(1.0),A,ITF13,LIFEEXP65M,2021,18.6,,,,TIPO_DATO15__LIFEEXP65M_N1,,,
IT1:22_293_DF_DCIS_INDDEMOG1_1(1.0),A,ITF13,LIFEEXP65M,2022,18.9,,,,TIPO_DATO15__LIFEEXP65M_N1,,,
IT1:22_293_DF_DCIS_INDDEMOG1_1(1.0),A,ITF13,LIFEEXP65M,2023,19.7,,,,TIPO_DATO15__LIFEEXP65M_N1,,,
IT1:22_293_DF_DCIS_INDDEMOG1_1(1.0),A,ITF13,LIFEEXP65M,2024,19.9,,,,TIPO_DATO15__LIFEEXP65M_N1,,,
IT1:22_293_DF_DCIS_INDDEMOG1_1(1.0),A,ITF13,LIFEEXP65M,2025,19.4,e,,,TIPO_DATO15__LIFEEXP65M_N1,,,
IT1:22_293_DF_DCIS_INDDEMOG1_1(1.0),A,ITF14,LIFEEXP65M,2015,18.9,,,,TIPO_DATO15__LIFEEXP65M_N1,,,
IT1:22_293_DF_DCIS_INDDEMOG1_1(1.0),A,ITF14,LIFEEXP65M,2016,19.2,,,,TIPO_DATO15__LIFEEXP65M_N1,,,
IT1:22_293_DF_DCIS_INDDEMOG1_1(1.0),A,ITF14,LIFEEXP65M,2017,18.8,,,,TIPO_DATO15__LIFEEXP65M_N1,,,
IT1:22_293_DF_DCIS_INDDEMOG1_1(1.0),A,ITF14,LIFEEXP65M,2018,19.3,,,,TIPO_DATO15__LIFEEXP65M_N1,,,
IT1:22_293_DF_DCIS_INDDEMOG1_1(1.0),A,ITF14,LIFEEXP65M,2019,19.9,,,,TIPO_DATO15__LIFEEXP65M_N1,,,
IT1:22_293_DF_DCIS_INDDEMOG1_1(1.0),A,ITF14,LIFEEXP65M,2020,19.3,,,,TIPO_DATO15__LIFEEXP65M_N1,,,
IT1:22_293_DF_DCIS_INDDEMOG1_1(1.0),A,ITF14,LIFEEXP65M,2021,19.1,,,,TIPO_DATO15__LIFEEXP65M_N1,,,
IT1:22_293_DF_DCIS_INDDEMOG1_1(1.0),A,ITF14,LIFEEXP65M,2022,18.9,,,,TIPO_DATO15__LIFEEXP65M_N1,,,
IT1:22_293_DF_DCIS_INDDEMOG1_1(1.0),A,ITF14,LIFEEXP65M,2023,18.8,,,,TIPO_DATO15__LIFEEXP65M_N1,,,
IT1:22_293_DF_DCIS_INDDEMOG1_1(1.0),A,ITF14,LIFEEXP65M,2024,19.9,,,,TIPO_DATO15__LIFEEXP65M_N1,,,
IT1:22_293_DF_DCIS_INDDEMOG1_1(1.0),A,ITF14,LIFEEXP65M,2025,20.1,e,,,TIPO_DATO15__LIFEEXP65M_N1,,,
IT1:22_293_DF_DCIS_INDDEMOG1_1(1.0),A,ITF2,LIFEEXP65M,2015,18.6,,,,TIPO_DATO15__LIFEEXP65M_N1,,,
IT1:22_293_DF_DCIS_INDDEMOG1_1(1.0),A,ITF2,LIFEEXP65M,2016,19.1,,,,TIPO_DATO15__LIFEEXP65M_N1,,,
IT1:22_293_DF_DCIS_INDDEMOG1_1(1.0),A,ITF2,LIFEEXP65M,2017,18.9,,,,TIPO_DATO15__LIFEEXP65M_N1,,,
IT1:22_293_DF_DCIS_INDDEMOG1_1(1.0),A,ITF2,LIFEEXP65M,2018,19,,,,TIPO_DATO15__LIFEEXP65M_N1,,,
IT1:22_293_DF_DCIS_INDDEMOG1_1(1.0),A,ITF2,LIFEEXP65M,2019,19.6,,,,TIPO_DATO15__LIFEEXP65M_N1,,,
IT1:22_293_DF_DCIS_INDDEMOG1_1(1.0),A,ITF2,LIFEEXP65M,2020,18.9,,,,TIPO_DATO15__LIFEEXP65M_N1,,,
IT1:22_293_DF_DCIS_INDDEMOG1_1(1.0),A,ITF2,LIFEEXP65M,2021,18.1,,,,TIPO_DATO15__LIFEEXP65M_N1,,,
IT1:22_293_DF_DCIS_INDDEMOG1_1(1.0),A,ITF2,LIFEEXP65M,2022,18.7,,,,TIPO_DATO15__LIFEEXP65M_N1,,,
IT1:22_293_DF_DCIS_INDDEMOG1_1(1.0),A,ITF2,LIFEEXP65M,2023,19.2,,,,TIPO_DATO15__LIFEEXP65M_N1,,,
IT1:22_293_DF_DCIS_INDDEMOG1_1(1.0),A,ITF2,LIFEEXP65M,2024,19.2,,,,TIPO_DATO15__LIFEEXP65M_N1,,,
IT1:22_293_DF_DCIS_INDDEMOG1_1(1.0),A,ITF2,LIFEEXP65M,2025,19.4,e,,,TIPO_DATO15__LIFEEXP65M_N1,,,
IT1:22_293_DF_DCIS_INDDEMOG1_1(1.0),A,ITF21,LIFEEXP65M,2015,19.4,,,,TIPO_DATO15__LIFEEXP65M_N1,,,
IT1:22_293_DF_DCIS_INDDEMOG1_1(1.0),A,ITF21,LIFEEXP65M,2016,19.2,,,,TIPO_DATO15__LIFEEXP65M_N1,,,
IT1:22_293_DF_DCIS_INDDEMOG1_1(1.0),A,ITF21,LIFEEXP65M,2017,19.2,,,,TIPO_DATO15__LIFEEXP65M_N1,,,
IT1:22_293_DF_DCIS_INDDEMOG1_1(1.0),A,ITF21,LIFEEXP65M,2018,19.3,,,,TIPO_DATO15__LIFEEXP65M_N1,,,
IT1:22_293_DF_DCIS_INDDEMOG1_1(1.0),A,ITF21,LIFEEXP65M,2019,18.9,,,,TIPO_DATO15__LIFEEXP65M_N1,,,
IT1:22_293_DF_DCIS_INDDEMOG1_1(1.0),A,ITF21,LIFEEXP65M,2020,19.2,,,,TIPO_DATO15__LIFEEXP65M_N1,,,
IT1:22_293_DF_DCIS_INDDEMOG1_1(1.0),A,ITF21,LIFEEXP65M,2021,18.4,,,,TIPO_DATO15__LIFEEXP65M_N1,,,
IT1:22_293_DF_DCIS_INDDEMOG1_1(1.0),A,ITF21,LIFEEXP65M,2022,18.4,,,,TIPO_DATO15__LIFEEXP65M_N1,,,
IT1:22_293_DF_DCIS_INDDEMOG1_1(1.0),A,ITF21,LIFEEXP65M,2023,19.1,,,,TIPO_DATO15__LIFEEXP65M_N1,,,
IT1:22_293_DF_DCIS_INDDEMOG1_1(1.0),A,ITF21,LIFEEXP65M,2024,19.1,,,,TIPO_DATO15__LIFEEXP65M_N1,,,
IT1:22_293_DF_DCIS_INDDEMOG1_1(1.0),A,ITF21,LIFEEXP65M,2025,19.3,e,,,TIPO_DATO15__LIFEEXP65M_N1,,,
IT1:22_293_DF_DCIS_INDDEMOG1_1(1.0),A,ITF22,LIFEEXP65M,2015,18.5,,,,TIPO_DATO15__LIFEEXP65M_N1,,,
IT1:22_293_DF_DCIS_INDDEMOG1_1(1.0),A,ITF22,LIFEEXP65M,2016,19.3,,,,TIPO_DATO15__LIFEEXP65M_N1,,,
IT1:22_293_DF_DCIS_INDDEMOG1_1(1.0),A,ITF22,LIFEEXP65M,2017,18.8,,,,TIPO_DATO15__LIFEEXP65M_N1,,,
IT1:22_293_DF_DCIS_INDDEMOG1_1(1.0),A,ITF22,LIFEEXP65M,2018,18.9,,,,TIPO_DATO15__LIFEEXP65M_N1,,,
IT1:22_293_DF_DCIS_INDDEMOG1_1(1.0),A,ITF22,LIFEEXP65M,2019,19.8,,,,TIPO_DATO15__LIFEEXP65M_N1,,,
IT1:22_293_DF_DCIS_INDDEMOG1_1(1.0),A,ITF22,LIFEEXP65M,2020,18.7,,,,TIPO_DATO15__LIFEEXP65M_N1,,,
IT1:22_293_DF_DCIS_INDDEMOG1_1(1.0),A,ITF22,LIFEEXP65M,2021,17.8,,,,TIPO_DATO15__LIFEEXP65M_N1,,,
IT1:22_293_DF_DCIS_INDDEMOG1_1(1.0),A,ITF22,LIFEEXP65M,2022,18.8,,,,TIPO_DATO15__LIFEEXP65M_N1,,,
IT1:22_293_DF_DCIS_INDDEMOG1_1(1.0),A,ITF22,LIFEEXP65M,2023,19.1,,,,TIPO_DATO15__LIFEEXP65M_N1,,,
IT1:22_293_DF_DCIS_INDDEMOG1_1(1.0),A,ITF22,LIFEEXP65M,2024,19.2,,,,TIPO_DATO15__LIFEEXP65M_N1,,,
IT1:22_293_DF_DCIS_INDDEMOG1_1(1.0),A,ITF22,LIFEEXP65M,2025,19.4,e,,,TIPO_DATO15__LIFEEXP65M_N1,,,
IT1:22_293_DF_DCIS_INDDEMOG1_1(1.0),A,ITF3,LIFEEXP65M,2015,17.4,,,,TIPO_DATO15__LIFEEXP65M_N1,,,
IT1:22_293_DF_DCIS_INDDEMOG1_1(1.0),A,ITF3,LIFEEXP65M,2016,18,,,,TIPO_DATO15__LIFEEXP65M_N1,,,
IT1:22_293_DF_DCIS_INDDEMOG1_1(1.0),A,ITF3,LIFEEXP65M,2017,17.7,,,,TIPO_DATO15__LIFEEXP65M_N1,,,
IT1:22_293_DF_DCIS_INDDEMOG1_1(1.0),A,ITF3,LIFEEXP65M,2018,18.2,,,,TIPO_DATO15__LIFEEXP65M_N1,,,
IT1:22_293_DF_DCIS_INDDEMOG1_1(1.0),A,ITF3,LIFEEXP65M,2019,18.4,,,,TIPO_DATO15__LIFEEXP65M_N1,,,
IT1:22_293_DF_DCIS_INDDEMOG1_1(1.0),A,ITF3,LIFEEXP65M,2020,17.6,,,,TIPO_DATO15__LIFEEXP65M_N1,,,
IT1:22_293_DF_DCIS_INDDEMOG1_1(1.0),A,ITF3,LIFEEXP65M,2021,17.7,,,,TIPO_DATO15__LIFEEXP65M_N1,,,
IT1:22_293_DF_DCIS_INDDEMOG1_1(1.0),A,ITF3,LIFEEXP65M,2022,18,,,,TIPO_DATO15__LIFEEXP65M_N1,,,
IT1:22_293_DF_DCIS_INDDEMOG1_1(1.0),A,ITF3,LIFEEXP65M,2023,18.3,,,,TIPO_DATO15__LIFEEXP65M_N1,,,
IT1:22_293_DF_DCIS_INDDEMOG1_1(1.0),A,ITF3,LIFEEXP65M,2024,18.7,,,,TIPO_DATO15__LIFEEXP65M_N1,,,
IT1:22_293_DF_DCIS_INDDEMOG1_1(1.0),A,ITF3,LIFEEXP65M,2025,18.9,e,,,TIPO_DATO15__LIFEEXP65M_N1,,,
IT1:22_293_DF_DCIS_INDDEMOG1_1(1.0),A,ITF31,LIFEEXP65M,2015,17.3,,,,TIPO_DATO15__LIFEEXP65M_N1,,,
IT1:22_293_DF_DCIS_INDDEMOG1_1(1.0),A,ITF31,LIFEEXP65M,2016,17.4,,,,TIPO_DATO15__LIFEEXP65M_N1,,,
IT1:22_293_DF_DCIS_INDDEMOG1_1(1.0),A,ITF31,LIFEEXP65M,2017,17.3,,,,TIPO_DATO15__LIFEEXP65M_N1,,,
IT1:22_293_DF_DCIS_INDDEMOG1_1(1.0),A,ITF31,LIFEEXP65M,2018,17.8,,,,TIPO_DATO15__LIFEEXP65M_N1,,,
IT1:22_293_DF_DCIS_INDDEMOG1_1(1.0),A,ITF31,LIFEEXP65M,2019,18.1,,,,TIPO_DATO15__LIFEEXP65M_N1,,,
IT1:22_293_DF_DCIS_INDDEMOG1_1(1.0),A,ITF31,LIFEEXP65M,2020,17.1,,,,TIPO_DATO15__LIFEEXP65M_N1,,,
IT1:22_293_DF_DCIS_INDDEMOG1_1(1.0),A,ITF31,LIFEEXP65M,2021,17.6,,,,TIPO_DATO15__LIFEEXP65M_N1,,,
IT1:22_293_DF_DCIS_INDDEMOG1_1(1.0),A,ITF31,LIFEEXP65M,2022,17.7,,,,TIPO_DATO15__LIFEEXP65M_N1,,,
IT1:22_293_DF_DCIS_INDDEMOG1_1(1.0),A,ITF31,LIFEEXP65M,2023,17.9,,,,TIPO_DATO15__LIFEEXP65M_N1,,,
IT1:22_293_DF_DCIS_INDDEMOG1_1(1.0),A,ITF31,LIFEEXP65M,2024,18.3,,,,TIPO_DATO15__LIFEEXP65M_N1,,,
IT1:22_293_DF_DCIS_INDDEMOG1_1(1.0),A,ITF31,LIFEEXP65M,2025,18.8,e,,,TIPO_DATO15__LIFEEXP65M_N1,,,
IT1:22_293_DF_DCIS_INDDEMOG1_1(1.0),A,ITF32,LIFEEXP65M,2015,17.9,,,,TIPO_DATO15__LIFEEXP65M_N1,,,
IT1:22_293_DF_DCIS_INDDEMOG1_1(1.0),A,ITF32,LIFEEXP65M,2016,18.7,,,,TIPO_DATO15__LIFEEXP65M_N1,,,
IT1:22_293_DF_DCIS_INDDEMOG1_1(1.0),A,ITF32,LIFEEXP65M,2017,18.4,,,,TIPO_DATO15__LIFEEXP65M_N1,,,
IT1:22_293_DF_DCIS_INDDEMOG1_1(1.0),A,ITF32,LIFEEXP65M,2018,18.8,,,,TIPO_DATO15__LIFEEXP65M_N1,,,
IT1:22_293_DF_DCIS_INDDEMOG1_1(1.0),A,ITF32,LIFEEXP65M,2019,19.2,,,,TIPO_DATO15__LIFEEXP65M_N1,,,
IT1:22_293_DF_DCIS_INDDEMOG1_1(1.0),A,ITF32,LIFEEXP65M,2020,18.6,,,,TIPO_DATO15__LIFEEXP65M_N1,,,
IT1:22_293_DF_DCIS_INDDEMOG1_1(1.0),A,ITF32,LIFEEXP65M,2021,18.5,,,,TIPO_DATO15__LIFEEXP65M_N1,,,
IT1:22_293_DF_DCIS_INDDEMOG1_1(1.0),A,ITF32,LIFEEXP65M,2022,18.2,,,,TIPO_DATO15__LIFEEXP65M_N1,,,
IT1:22_293_DF_DCIS_INDDEMOG1_1(1.0),A,ITF32,LIFEEXP65M,2023,18.6,,,,TIPO_DATO15__LIFEEXP65M_N1,,,
IT1:22_293_DF_DCIS_INDDEMOG1_1(1.0),A,ITF32,LIFEEXP65M,2024,19,,,,TIPO_DATO15__LIFEEXP65M_N1,,,
IT1:22_293_DF_DCIS_INDDEMOG1_1(1.0),A,ITF32,LIFEEXP65M,2025,19.2,e,,,TIPO_DATO15__LIFEEXP65M_N1,,,
IT1:22_293_DF_DCIS_INDDEMOG1_1(1.0),A,ITF33,LIFEEXP65M,2015,17,,,,TIPO_DATO15__LIFEEXP65M_N1,,,
IT1:22_293_DF_DCIS_INDDEMOG1_1(1.0),A,ITF33,LIFEEXP65M,2016,17.7,,,,TIPO_DATO15__LIFEEXP65M_N1,,,
IT1:22_293_DF_DCIS_INDDEMOG1_1(1.0),A,ITF33,LIFEEXP65M,2017,17.5,,,,TIPO_DATO15__LIFEEXP65M_N1,,,
IT1:22_293_DF_DCIS_INDDEMOG1_1(1.0),A,ITF33,LIFEEXP65M,2018,17.9,,,,TIPO_DATO15__LIFEEXP65M_N1,,,
IT1:22_293_DF_DCIS_INDDEMOG1_1(1.0),A,ITF33,LIFEEXP65M,2019,18.2,,,,TIPO_DATO15__LIFEEXP65M_N1,,,
IT1:22_293_DF_DCIS_INDDEMOG1_1(1.0),A,ITF33,LIFEEXP65M,2020,17.2,,,,TIPO_DATO15__LIFEEXP65M_N1,,,
IT1:22_293_DF_DCIS_INDDEMOG1_1(1.0),A,ITF33,LIFEEXP65M,2021,17.4,,,,TIPO_DATO15__LIFEEXP65M_N1,,,
IT1:22_293_DF_DCIS_INDDEMOG1_1(1.0),A,ITF33,LIFEEXP65M,2022,17.7,,,,TIPO_DATO15__LIFEEXP65M_N1,,,
IT1:22_293_DF_DCIS_INDDEMOG1_1(1.0),A,ITF33,LIFEEXP65M,2023,18.2,,,,TIPO_DATO15__LIFEEXP65M_N1,,,
IT1:22_293_DF_DCIS_INDDEMOG1_1(1.0),A,ITF33,LIFEEXP65M,2024,18.5,,,,TIPO_DATO15__LIFEEXP65M_N1,,,
IT1:22_293_DF_DCIS_INDDEMOG1_1(1.0),A,ITF33,LIFEEXP65M,2025,18.7,e,,,TIPO_DATO15__LIFEEXP65M_N1,,,
IT1:22_293_DF_DCIS_INDDEMOG1_1(1.0),A,ITF34,LIFEEXP65M,2015,18.2,,,,TIPO_DATO15__LIFEEXP65M_N1,,,
IT1:22_293_DF_DCIS_INDDEMOG1_1(1.0),A,ITF34,LIFEEXP65M,2016,18.9,,,,TIPO_DATO15__LIFEEXP65M_N1,,,
IT1:22_293_DF_DCIS_INDDEMOG1_1(1.0),A,ITF34,LIFEEXP65M,2017,18.4,,,,TIPO_DATO15__LIFEEXP65M_N1,,,
IT1:22_293_DF_DCIS_INDDEMOG1_1(1.0),A,ITF34,LIFEEXP65M,2018,19,,,,TIPO_DATO15__LIFEEXP65M_N1,,,
IT1:22_293_DF_DCIS_INDDEMOG1_1(1.0),A,ITF34,LIFEEXP65M,2019,18.7,,,,TIPO_DATO15__LIFEEXP65M_N1,,,
IT1:22_293_DF_DCIS_INDDEMOG1_1(1.0),A,ITF34,LIFEEXP65M,2020,18.1,,,,TIPO_DATO15__LIFEEXP65M_N1,,,
IT1:22_293_DF_DCIS_INDDEMOG1_1(1.0),A,ITF34,LIFEEXP65M,2021,18.5,,,,TIPO_DATO15__LIFEEXP65M_N1,,,
IT1:22_293_DF_DCIS_INDDEMOG1_1(1.0),A,ITF34,LIFEEXP65M,2022,18.3,,,,TIPO_DATO15__LIFEEXP65M_N1,,,
IT1:22_293_DF_DCIS_INDDEMOG1_1(1.0),A,ITF34,LIFEEXP65M,2023,18.8,,,,TIPO_DATO15__LIFEEXP65M_N1,,,
IT1:22_293_DF_DCIS_INDDEMOG1_1(1.0),A,ITF34,LIFEEXP65M,2024,19.1,,,,TIPO_DATO15__LIFEEXP65M_N1,,,
IT1:22_293_DF_DCIS_INDDEMOG1_1(1.0),A,ITF34,LIFEEXP65M,2025,19.2,e,,,TIPO_DATO15__LIFEEXP65M_N1,,,
IT1:22_293_DF_DCIS_INDDEMOG1_1(1.0),A,ITF35,LIFEEXP65M,2015,18,,,,TIPO_DATO15__LIFEEXP65M_N1,,,
IT1:22_293_DF_DCIS_INDDEMOG1_1(1.0),A,ITF35,LIFEEXP65M,2016,18.7,,,,TIPO_DATO15__LIFEEXP65M_N1,,,
IT1:22_293_DF_DCIS_INDDEMOG1_1(1.0),A,ITF35,LIFEEXP65M,2017,18.4,,,,TIPO_DATO15__LIFEEXP65M_N1,,,
IT1:22_293_DF_DCIS_INDDEMOG1_1(1.0),A,ITF35,LIFEEXP65M,2018,18.9,,,,TIPO_DATO15__LIFEEXP65M_N1,,,
IT1:22_293_DF_DCIS_INDDEMOG1_1(1.0),A,ITF35,LIFEEXP65M,2019,19,,,,TIPO_DATO15__LIFEEXP65M_N1,,,
IT1:22_293_DF_DCIS_INDDEMOG1_1(1.0),A,ITF35,LIFEEXP65M,2020,18.6,,,,TIPO_DATO15__LIFEEXP65M_N1,,,
IT1:22_293_DF_DCIS_INDDEMOG1_1(1.0),A,ITF35,LIFEEXP65M,2021,18.3,,,,TIPO_DATO15__LIFEEXP65M_N1,,,
IT1:22_293_DF_DCIS_INDDEMOG1_1(1.0),A,ITF35,LIFEEXP65M,2022,18.6,,,,TIPO_DATO15__LIFEEXP65M_N1,,,
IT1:22_293_DF_DCIS_INDDEMOG1_1(1.0),A,ITF35,LIFEEXP65M,2023,18.7,,,,TIPO_DATO15__LIFEEXP65M_N1,,,
IT1:22_293_DF_DCIS_INDDEMOG1_1(1.0),A,ITF35,LIFEEXP65M,2024,19.2,,,,TIPO_DATO15__LIFEEXP65M_N1,,,
IT1:22_293_DF_DCIS_INDDEMOG1_1(1.0),A,ITF35,LIFEEXP65M,2025,19.3,e,,,TIPO_DATO15__LIFEEXP65M_N1,,,
IT1:22_293_DF_DCIS_INDDEMOG1_1(1.0),A,ITF4,LIFEEXP65M,2015,18.8,,,,TIPO_DATO15__LIFEEXP65M_N1,,,
IT1:22_293_DF_DCIS_INDDEMOG1_1(1.0),A,ITF4,LIFEEXP65M,2016,19.4,,,,TIPO_DATO15__LIFEEXP65M_N1,,,
IT1:22_293_DF_DCIS_INDDEMOG1_1(1.0),A,ITF4,LIFEEXP65M,2017,19,,,,TIPO_DATO15__LIFEEXP65M_N1,,,
IT1:22_293_DF_DCIS_INDDEMOG1_1(1.0),A,ITF4,LIFEEXP65M,2018,19.5,,,,TIPO_DATO15__LIFEEXP65M_N1,,,
IT1:22_293_DF_DCIS_INDDEMOG1_1(1.0),A,ITF4,LIFEEXP65M,2019,19.6,,,,TIPO_DATO15__LIFEEXP65M_N1,,,
IT1:22_293_DF_DCIS_INDDEMOG1_1(1.0),A,ITF4,LIFEEXP65M,2020,18.8,,,,TIPO_DATO15__LIFEEXP65M_N1,,,
IT1:22_293_DF_DCIS_INDDEMOG1_1(1.0),A,ITF4,LIFEEXP65M,2021,18.5,,,,TIPO_DATO15__LIFEEXP65M_N1,,,
IT1:22_293_DF_DCIS_INDDEMOG1_1(1.0),A,ITF4,LIFEEXP65M,2022,19.1,,,,TIPO_DATO15__LIFEEXP65M_N1,,,
IT1:22_293_DF_DCIS_INDDEMOG1_1(1.0),A,ITF4,LIFEEXP65M,2023,19.4,,,,TIPO_DATO15__LIFEEXP65M_N1,,,
IT1:22_293_DF_DCIS_INDDEMOG1_1(1.0),A,ITF4,LIFEEXP65M,2024,19.8,,,,TIPO_DATO15__LIFEEXP65M_N1,,,
IT1:22_293_DF_DCIS_INDDEMOG1_1(1.0),A,ITF4,LIFEEXP65M,2025,20,e,,,TIPO_DATO15__LIFEEXP65M_N1,,,
IT1:22_293_DF_DCIS_INDDEMOG1_1(1.0),A,ITF41,LIFEEXP65M,2015,18.7,,,,TIPO_DATO15__LIFEEXP65M_N1,,,
IT1:22_293_DF_DCIS_INDDEMOG1_1(1.0),A,ITF41,LIFEEXP65M,2016,19.1,,,,TIPO_DATO15__LIFEEXP65M_N1,,,
IT1:22_293_DF_DCIS_INDDEMOG1_1(1.0),A,ITF41,LIFEEXP65M,2017,19,,,,TIPO_DATO15__LIFEEXP65M_N1,,,
IT1:22_293_DF_DCIS_INDDEMOG1_1(1.0),A,ITF41,LIFEEXP65M,2018,19.1,,,,TIPO_DATO15__LIFEEXP65M_N1,,,
IT1:22_293_DF_DCIS_INDDEMOG1_1(1.0),A,ITF41,LIFEEXP65M,2019,19.5,,,,TIPO_DATO15__LIFEEXP65M_N1,,,
IT1:22_293_DF_DCIS_INDDEMOG1_1(1.0),A,ITF41,LIFEEXP65M,2020,18,,,,TIPO_DATO15__LIFEEXP65M_N1,,,
IT1:22_293_DF_DCIS_INDDEMOG1_1(1.0),A,ITF41,LIFEEXP65M,2021,18.3,,,,TIPO_DATO15__LIFEEXP65M_N1,,,
IT1:22_293_DF_DCIS_INDDEMOG1_1(1.0),A,ITF41,LIFEEXP65M,2022,19,,,,TIPO_DATO15__LIFEEXP65M_N1,,,
IT1:22_293_DF_DCIS_INDDEMOG1_1(1.0),A,ITF41,LIFEEXP65M,2023,19.3,,,,TIPO_DATO15__LIFEEXP65M_N1,,,
IT1:22_293_DF_DCIS_INDDEMOG1_1(1.0),A,ITF41,LIFEEXP65M,2024,19.7,,,,TIPO_DATO15__LIFEEXP65M_N1,,,
IT1:22_293_DF_DCIS_INDDEMOG1_1(1.0),A,ITF41,LIFEEXP65M,2025,19.9,e,,,TIPO_DATO15__LIFEEXP65M_N1,,,
IT1:22_293_DF_DCIS_INDDEMOG1_1(1.0),A,ITF42,LIFEEXP65M,2015,19.1,,,,TIPO_DATO15__LIFEEXP65M_N1,,,
IT1:22_293_DF_DCIS_INDDEMOG1_1(1.0),A,ITF42,LIFEEXP65M,2016,19.7,,,,TIPO_DATO15__LIFEEXP65M_N1,,,
IT1:22_293_DF_DCIS_INDDEMOG1_1(1.0),A,ITF42,LIFEEXP65M,2017,19.4,,,,TIPO_DATO15__LIFEEXP65M_N1,,,
IT1:22_293_DF_DCIS_INDDEMOG1_1(1.0),A,ITF42,LIFEEXP65M,2018,19.9,,,,TIPO_DATO15__LIFEEXP65M_N1,,,
IT1:22_293_DF_DCIS_INDDEMOG1_1(1.0),A,ITF42,LIFEEXP65M,2019,19.9,,,,TIPO_DATO15__LIFEEXP65M_N1,,,
IT1:22_293_DF_DCIS_INDDEMOG1_1(1.0),A,ITF42,LIFEEXP65M,2020,19.1,,,,TIPO_DATO15__LIFEEXP65M_N1,,,
IT1:22_293_DF_DCIS_INDDEMOG1_1(1.0),A,ITF42,LIFEEXP65M,2021,18.5,,,,TIPO_DATO15__LIFEEXP65M_N1,,,
IT1:22_293_DF_DCIS_INDDEMOG1_1(1.0),A,ITF42,LIFEEXP65M,2022,19.6,,,,TIPO_DATO15__LIFEEXP65M_N1,,,
IT1:22_293_DF_DCIS_INDDEMOG1_1(1.0),A,ITF42,LIFEEXP65M,2023,19.7,,,,TIPO_DATO15__LIFEEXP65M_N1,,,
IT1:22_293_DF_DCIS_INDDEMOG1_1(1.0),A,ITF42,LIFEEXP65M,2024,20.2,,,,TIPO_DATO15__LIFEEXP65M_N1,,,
IT1:22_293_DF_DCIS_INDDEMOG1_1(1.0),A,ITF42,LIFEEXP65M,2025,20.4,e,,,TIPO_DATO15__LIFEEXP65M_N1,,,
IT1:22_293_DF_DCIS_INDDEMOG1_1(1.0),A,ITF43,LIFEEXP65M,2015,18.7,,,,TIPO_DATO15__LIFEEXP65M_N1,,,
IT1:22_293_DF_DCIS_INDDEMOG1_1(1.0),A,ITF43,LIFEEXP65M,2016,19.2,,,,TIPO_DATO15__LIFEEXP65M_N1,,,
IT1:22_293_DF_DCIS_INDDEMOG1_1(1.0),A,ITF43,LIFEEXP65M,2017,19.2,,,,TIPO_DATO15__LIFEEXP65M_N1,,,
IT1:22_293_DF_DCIS_INDDEMOG1_1(1.0),A,ITF43,LIFEEXP65M,2018,19.2,,,,TIPO_DATO15__LIFEEXP65M_N1,,,
IT1:22_293_DF_DCIS_INDDEMOG1_1(1.0),A,ITF43,LIFEEXP65M,2019,19.4,,,,TIPO_DATO15__LIFEEXP65M_N1,,,
IT1:22_293_DF_DCIS_INDDEMOG1_1(1.0),A,ITF43,LIFEEXP65M,2020,19.1,,,,TIPO_DATO15__LIFEEXP65M_N1,,,
IT1:22_293_DF_DCIS_INDDEMOG1_1(1.0),A,ITF43,LIFEEXP65M,2021,18.4,,,,TIPO_DATO15__LIFEEXP65M_N1,,,
IT1:22_293_DF_DCIS_INDDEMOG1_1(1.0),A,ITF43,LIFEEXP65M,2022,18.9,,,,TIPO_DATO15__LIFEEXP65M_N1,,,
IT1:22_293_DF_DCIS_INDDEMOG1_1(1.0),A,ITF43,LIFEEXP65M,2023,19.6,,,,TIPO_DATO15__LIFEEXP65M_N1,,,
IT1:22_293_DF_DCIS_INDDEMOG1_1(1.0),A,ITF43,LIFEEXP65M,2024,19.6,,,,TIPO_DATO15__LIFEEXP65M_N1,,,
IT1:22_293_DF_DCIS_INDDEMOG1_1(1.0),A,ITF43,LIFEEXP65M,2025,19.9,e,,,TIPO_DATO15__LIFEEXP65M_N1,,,
IT1:22_293_DF_DCIS_INDDEMOG1_1(1.0),A,ITF44,LIFEEXP65M,2015,18.7,,,,TIPO_DATO15__LIFEEXP65M_N1,,,
IT1:22_293_DF_DCIS_INDDEMOG1_1(1.0),A,ITF44,LIFEEXP65M,2016,18.8,,,,TIPO_DATO15__LIFEEXP65M_N1,,,
IT1:22_293_DF_DCIS_INDDEMOG1_1(1.0),A,ITF44,LIFEEXP65M,2017,18.8,,,,TIPO_DATO15__LIFEEXP65M_N1,,,
IT1:22_293_DF_DCIS_INDDEMOG1_1(1.0),A,ITF44,LIFEEXP65M,2018,19.6,,,,TIPO_DATO15__LIFEEXP65M_N1,,,
IT1:22_293_DF_DCIS_INDDEMOG1_1(1.0),A,ITF44,LIFEEXP65M,2019,19.1,,,,TIPO_DATO15__LIFEEXP65M_N1,,,
IT1:22_293_DF_DCIS_INDDEMOG1_1(1.0),A,ITF44,LIFEEXP65M,2020,18.9,,,,TIPO_DATO15__LIFEEXP65M_N1,,,
IT1:22_293_DF_DCIS_INDDEMOG1_1(1.0),A,ITF44,LIFEEXP65M,2021,19,,,,TIPO_DATO15__LIFEEXP65M_N1,,,
IT1:22_293_DF_DCIS_INDDEMOG1_1(1.0),A,ITF44,LIFEEXP65M,2022,18.9,,,,TIPO_DATO15__LIFEEXP65M_N1,,,
IT1:22_293_DF_DCIS_INDDEMOG1_1(1.0),A,ITF44,LIFEEXP65M,2023,18.8,,,,TIPO_DATO15__LIFEEXP65M_N1,,,
IT1:22_293_DF_DCIS_INDDEMOG1_1(1.0),A,ITF44,LIFEEXP65M,2024,19.5,,,,TIPO_DATO15__LIFEEXP65M_N1,,,
IT1:22_293_DF_DCIS_INDDEMOG1_1(1.0),A,ITF44,LIFEEXP65M,2025,19.8,e,,,TIPO_DATO15__LIFEEXP65M_N1,,,
IT1:22_293_DF_DCIS_INDDEMOG1_1(1.0),A,ITF45,LIFEEXP65M,2015,18.7,,,,TIPO_DATO15__LIFEEXP65M_N1,,,
IT1:22_293_DF_DCIS_INDDEMOG1_1(1.0),A,ITF45,LIFEEXP65M,2016,19.3,,,,TIPO_DATO15__LIFEEXP65M_N1,,,
IT1:22_293_DF_DCIS_INDDEMOG1_1(1.0),A,ITF45,LIFEEXP65M,2017,18.9,,,,TIPO_DATO15__LIFEEXP65M_N1,,,
IT1:22_293_DF_DCIS_INDDEMOG1_1(1.0),A,ITF45,LIFEEXP65M,2018,19.7,,,,TIPO_DATO15__LIFEEXP65M_N1,,,
IT1:22_293_DF_DCIS_INDDEMOG1_1(1.0),A,ITF45,LIFEEXP65M,2019,19.7,,,,TIPO_DATO15__LIFEEXP65M_N1,,,
IT1:22_293_DF_DCIS_INDDEMOG1_1(1.0),A,ITF45,LIFEEXP65M,2020,19.3,,,,TIPO_DATO15__LIFEEXP65M_N1,,,
IT1:22_293_DF_DCIS_INDDEMOG1_1(1.0),A,ITF45,LIFEEXP65M,2021,19.1,,,,TIPO_DATO15__LIFEEXP65M_N1,,,
IT1:22_293_DF_DCIS_INDDEMOG1_1(1.0),A,ITF45,LIFEEXP65M,2022,19.1,,,,TIPO_DATO15__LIFEEXP65M_N1,,,
IT1:22_293_DF_DCIS_INDDEMOG1_1(1.0),A,ITF45,LIFEEXP65M,2023,19.4,,,,TIPO_DATO15__LIFEEXP65M_N1,,,
IT1:22_293_DF_DCIS_INDDEMOG1_1(1.0),A,ITF45,LIFEEXP65M,2024,19.6,,,,TIPO_DATO15__LIFEEXP65M_N1,,,
IT1:22_293_DF_DCIS_INDDEMOG1_1(1.0),A,ITF45,LIFEEXP65M,2025,20,e,,,TIPO_DATO15__LIFEEXP65M_N1,,,
IT1:22_293_DF_DCIS_INDDEMOG1_1(1.0),A,ITF5,LIFEEXP65M,2015,18.7,,,,TIPO_DATO15__LIFEEXP65M_N1,,,
IT1:22_293_DF_DCIS_INDDEMOG1_1(1.0),A,ITF5,LIFEEXP65M,2016,19.2,,,,TIPO_DATO15__LIFEEXP65M_N1,,,
IT1:22_293_DF_DCIS_INDDEMOG1_1(1.0),A,ITF5,LIFEEXP65M,2017,18.7,,,,TIPO_DATO15__LIFEEXP65M_N1,,,
IT1:22_293_DF_DCIS_INDDEMOG1_1(1.0),A,ITF5,LIFEEXP65M,2018,19.3,,,,TIPO_DATO15__LIFEEXP65M_N1,,,
IT1:22_293_DF_DCIS_INDDEMOG1_1(1.0),A,ITF5,LIFEEXP65M,2019,19.3,,,,TIPO_DATO15__LIFEEXP65M_N1,,,
IT1:22_293_DF_DCIS_INDDEMOG1_1(1.0),A,ITF5,LIFEEXP65M,2020,19.1,,,,TIPO_DATO15__LIFEEXP65M_N1,,,
IT1:22_293_DF_DCIS_INDDEMOG1_1(1.0),A,ITF5,LIFEEXP65M,2021,19,,,,TIPO_DATO15__LIFEEXP65M_N1,,,
IT1:22_293_DF_DCIS_INDDEMOG1_1(1.0),A,ITF5,LIFEEXP65M,2022,18.8,,,,TIPO_DATO15__LIFEEXP65M_N1,,,
IT1:22_293_DF_DCIS_INDDEMOG1_1(1.0),A,ITF5,LIFEEXP65M,2023,19,,,,TIPO_DATO15__LIFEEXP65M_N1,,,
IT1:22_293_DF_DCIS_INDDEMOG1_1(1.0),A,ITF5,LIFEEXP65M,2024,19.9,,,,TIPO_DATO15__LIFEEXP65M_N1,,,
IT1:22_293_DF_DCIS_INDDEMOG1_1(1.0),A,ITF5,LIFEEXP65M,2025,19.7,e,,,TIPO_DATO15__LIFEEXP65M_N1,,,
IT1:22_293_DF_DCIS_INDDEMOG1_1(1.0),A,ITF51,LIFEEXP65M,2015,18.6,,,,TIPO_DATO15__LIFEEXP65M_N1,,,
IT1:22_293_DF_DCIS_INDDEMOG1_1(1.0),A,ITF51,LIFEEXP65M,2016,19.3,,,,TIPO_DATO15__LIFEEXP65M_N1,,,
IT1:22_293_DF_DCIS_INDDEMOG1_1(1.0),A,ITF51,LIFEEXP65M,2017,18.4,,,,TIPO_DATO15__LIFEEXP65M_N1,,,
IT1:22_293_DF_DCIS_INDDEMOG1_1(1.0),A,ITF51,LIFEEXP65M,2018,19.2,,,,TIPO_DATO15__LIFEEXP65M_N1,,,
IT1:22_293_DF_DCIS_INDDEMOG1_1(1.0),A,ITF51,LIFEEXP65M,2019,18.9,,,,TIPO_DATO15__LIFEEXP65M_N1,,,
IT1:22_293_DF_DCIS_INDDEMOG1_1(1.0),A,ITF51,LIFEEXP65M,2020,19.1,,,,TIPO_DATO15__LIFEEXP65M_N1,,,
IT1:22_293_DF_DCIS_INDDEMOG1_1(1.0),A,ITF51,LIFEEXP65M,2021,18.9,,,,TIPO_DATO15__LIFEEXP65M_N1,,,
IT1:22_293_DF_DCIS_INDDEMOG1_1(1.0),A,ITF51,LIFEEXP65M,2022,18.6,,,,TIPO_DATO15__LIFEEXP65M_N1,,,
IT1:22_293_DF_DCIS_INDDEMOG1_1(1.0),A,ITF51,LIFEEXP65M,2023,18.9,,,,TIPO_DATO15__LIFEEXP65M_N1,,,
IT1:22_293_DF_DCIS_INDDEMOG1_1(1.0),A,ITF51,LIFEEXP65M,2024,19.7,,,,TIPO_DATO15__LIFEEXP65M_N1,,,
IT1:22_293_DF_DCIS_INDDEMOG1_1(1.0),A,ITF51,LIFEEXP65M,2025,19.4,e,,,TIPO_DATO15__LIFEEXP65M_N1,,,
IT1:22_293_DF_DCIS_INDDEMOG1_1(1.0),A,ITF52,LIFEEXP65M,2015,18.7,,,,TIPO_DATO15__LIFEEXP65M_N1,,,
IT1:22_293_DF_DCIS_INDDEMOG1_1(1.0),A,ITF52,LIFEEXP65M,2016,19.1,,,,TIPO_DATO15__LIFEEXP65M_N1,,,
IT1:22_293_DF_DCIS_INDDEMOG1_1(1.0),A,ITF52,LIFEEXP65M,2017,19.3,,,,TIPO_DATO15__LIFEEXP65M_N1,,,
IT1:22_293_DF_DCIS_INDDEMOG1_1(1.0),A,ITF52,LIFEEXP65M,2018,19.4,,,,TIPO_DATO15__LIFEEXP65M_N1,,,
IT1:22_293_DF_DCIS_INDDEMOG1_1(1.0),A,ITF52,LIFEEXP65M,2019,19.8,,,,TIPO_DATO15__LIFEEXP65M_N1,,,
IT1:22_293_DF_DCIS_INDDEMOG1_1(1.0),A,ITF52,LIFEEXP65M,2020,18.9,,,,TIPO_DATO15__LIFEEXP65M_N1,,,
IT1:22_293_DF_DCIS_INDDEMOG1_1(1.0),A,ITF52,LIFEEXP65M,2021,19.2,,,,TIPO_DATO15__LIFEEXP65M_N1,,,
IT1:22_293_DF_DCIS_INDDEMOG1_1(1.0),A,ITF52,LIFEEXP65M,2022,19.2,,,,TIPO_DATO15__LIFEEXP65M_N1,,,
IT1:22_293_DF_DCIS_INDDEMOG1_1(1.0),A,ITF52,LIFEEXP65M,2023,19.5,,,,TIPO_DATO15__LIFEEXP65M_N1,,,
IT1:22_293_DF_DCIS_INDDEMOG1_1(1.0),A,ITF52,LIFEEXP65M,2024,20.1,,,,TIPO_DATO15__LIFEEXP65M_N1,,,
IT1:22_293_DF_DCIS_INDDEMOG1_1(1.0),A,ITF52,LIFEEXP65M,2025,20.1,e,,,TIPO_DATO15__LIFEEXP65M_N1,,,
IT1:22_293_DF_DCIS_INDDEMOG1_1(1.0),A,ITF6,LIFEEXP65M,2015,18.5,,,,TIPO_DATO15__LIFEEXP65M_N1,,,
IT1:22_293_DF_DCIS_INDDEMOG1_1(1.0),A,ITF6,LIFEEXP65M,2016,19,,,,TIPO_DATO15__LIFEEXP65M_N1,,,
IT1:22_293_DF_DCIS_INDDEMOG1_1(1.0),A,ITF6,LIFEEXP65M,2017,18.6,,,,TIPO_DATO15__LIFEEXP65M_N1,,,
IT1:22_293_DF_DCIS_INDDEMOG1_1(1.0),A,ITF6,LIFEEXP65M,2018,19.1,,,,TIPO_DATO15__LIFEEXP65M_N1,,,
IT1:22_293_DF_DCIS_INDDEMOG1_1(1.0),A,ITF6,LIFEEXP65M,2019,19.1,,,,TIPO_DATO15__LIFEEXP65M_N1,,,
IT1:22_293_DF_DCIS_INDDEMOG1_1(1.0),A,ITF6,LIFEEXP65M,2020,18.8,,,,TIPO_DATO15__LIFEEXP65M_N1,,,
IT1:22_293_DF_DCIS_INDDEMOG1_1(1.0),A,ITF6,LIFEEXP65M,2021,18.4,,,,TIPO_DATO15__LIFEEXP65M_N1,,,
IT1:22_293_DF_DCIS_INDDEMOG1_1(1.0),A,ITF6,LIFEEXP65M,2022,18.5,,,,TIPO_DATO15__LIFEEXP65M_N1,,,
IT1:22_293_DF_DCIS_INDDEMOG1_1(1.0),A,ITF6,LIFEEXP65M,2023,18.8,,,,TIPO_DATO15__LIFEEXP65M_N1,,,
IT1:22_293_DF_DCIS_INDDEMOG1_1(1.0),A,ITF6,LIFEEXP65M,2024,19.3,,,,TIPO_DATO15__LIFEEXP65M_N1,,,
IT1:22_293_DF_DCIS_INDDEMOG1_1(1.0),A,ITF6,LIFEEXP65M,2025,19.6,e,,,TIPO_DATO15__LIFEEXP65M_N1,,,
IT1:22_293_DF_DCIS_INDDEMOG1_1(1.0),A,ITF61,LIFEEXP65M,2015,18.5,,,,TIPO_DATO15__LIFEEXP65M_N1,,,
IT1:22_293_DF_DCIS_INDDEMOG1_1(1.0),A,ITF61,LIFEEXP65M,2016,19.1,,,,TIPO_DATO15__LIFEEXP65M_N1,,,
IT1:22_293_DF_DCIS_INDDEMOG1_1(1.0),A,ITF61,LIFEEXP65M,2017,18.7,,,,TIPO_DATO15__LIFEEXP65M_N1,,,
IT1:22_293_DF_DCIS_INDDEMOG1_1(1.0),A,ITF61,LIFEEXP65M,2018,19.2,,,,TIPO_DATO15__LIFEEXP65M_N1,,,
IT1:22_293_DF_DCIS_INDDEMOG1_1(1.0),A,ITF61,LIFEEXP65M,2019,19,,,,TIPO_DATO15__LIFEEXP65M_N1,,,
IT1:22_293_DF_DCIS_INDDEMOG1_1(1.0),A,ITF61,LIFEEXP65M,2020,18.6,,,,TIPO_DATO15__LIFEEXP65M_N1,,,
IT1:22_293_DF_DCIS_INDDEMOG1_1(1.0),A,ITF61,LIFEEXP65M,2021,18.4,,,,TIPO_DATO15__LIFEEXP65M_N1,,,
IT1:22_293_DF_DCIS_INDDEMOG1_1(1.0),A,ITF61,LIFEEXP65M,2022,18.7,,,,TIPO_DATO15__LIFEEXP65M_N1,,,
IT1:22_293_DF_DCIS_INDDEMOG1_1(1.0),A,ITF61,LIFEEXP65M,2023,18.8,,,,TIPO_DATO15__LIFEEXP65M_N1,,,
IT1:22_293_DF_DCIS_INDDEMOG1_1(1.0),A,ITF61,LIFEEXP65M,2024,19.1,,,,TIPO_DATO15__LIFEEXP65M_N1,,,
IT1:22_293_DF_DCIS_INDDEMOG1_1(1.0),A,ITF61,LIFEEXP65M,2025,19.4,e,,,TIPO_DATO15__LIFEEXP65M_N1,,,
IT1:22_293_DF_DCIS_INDDEMOG1_1(1.0),A,ITF62,LIFEEXP65M,2015,18.5,,,,TIPO_DATO15__LIFEEXP65M_N1,,,
IT1:22_293_DF_DCIS_INDDEMOG1_1(1.0),A,ITF62,LIFEEXP65M,2016,19.1,,,,TIPO_DATO15__LIFEEXP65M_N1,,,
IT1:22_293_DF_DCIS_INDDEMOG1_1(1.0),A,ITF62,LIFEEXP65M,2017,18.5,,,,TIPO_DATO15__LIFEEXP65M_N1,,,
IT1:22_293_DF_DCIS_INDDEMOG1_1(1.0),A,ITF62,LIFEEXP65M,2018,18.9,,,,TIPO_DATO15__LIFEEXP65M_N1,,,
IT1:22_293_DF_DCIS_INDDEMOG1_1(1.0),A,ITF62,LIFEEXP65M,2019,18.8,,,,TIPO_DATO15__LIFEEXP65M_N1,,,
IT1:22_293_DF_DCIS_INDDEMOG1_1(1.0),A,ITF62,LIFEEXP65M,2020,18.1,,,,TIPO_DATO15__LIFEEXP65M_N1,,,
IT1:22_293_DF_DCIS_INDDEMOG1_1(1.0),A,ITF62,LIFEEXP65M,2021,17.9,,,,TIPO_DATO15__LIFEEXP65M_N1,,,
IT1:22_293_DF_DCIS_INDDEMOG1_1(1.0),A,ITF62,LIFEEXP65M,2022,17.6,,,,TIPO_DATO15__LIFEEXP65M_N1,,,
IT1:22_293_DF_DCIS_INDDEMOG1_1(1.0),A,ITF62,LIFEEXP65M,2023,18.2,,,,TIPO_DATO15__LIFEEXP65M_N1,,,
IT1:22_293_DF_DCIS_INDDEMOG1_1(1.0),A,ITF62,LIFEEXP65M,2024,19.2,,,,TIPO_DATO15__LIFEEXP65M_N1,,,
IT1:22_293_DF_DCIS_INDDEMOG1_1(1.0),A,ITF62,LIFEEXP65M,2025,19.3,e,,,TIPO_DATO15__LIFEEXP65M_N1,,,
IT1:22_293_DF_DCIS_INDDEMOG1_1(1.0),A,ITF63,LIFEEXP65M,2015,18.4,,,,TIPO_DATO15__LIFEEXP65M_N1,,,
IT1:22_293_DF_DCIS_INDDEMOG1_1(1.0),A,ITF63,LIFEEXP65M,2016,18.9,,,,TIPO_DATO15__LIFEEXP65M_N1,,,
IT1:22_293_DF_DCIS_INDDEMOG1_1(1.0),A,ITF63,LIFEEXP65M,2017,18.7,,,,TIPO_DATO15__LIFEEXP65M_N1,,,
IT1:22_293_DF_DCIS_INDDEMOG1_1(1.0),A,ITF63,LIFEEXP65M,2018,18.9,,,,TIPO_DATO15__LIFEEXP65M_N1,,,
IT1:22_293_DF_DCIS_INDDEMOG1_1(1.0),A,ITF63,LIFEEXP65M,2019,19.4,,,,TIPO_DATO15__LIFEEXP65M_N1,,,
IT1:22_293_DF_DCIS_INDDEMOG1_1(1.0),A,ITF63,LIFEEXP65M,2020,19.2,,,,TIPO_DATO15__LIFEEXP65M_N1,,,
IT1:22_293_DF_DCIS_INDDEMOG1_1(1.0),A,ITF63,LIFEEXP65M,2021,19.1,,,,TIPO_DATO15__LIFEEXP65M_N1,,,
IT1:22_293_DF_DCIS_INDDEMOG1_1(1.0),A,ITF63,LIFEEXP65M,2022,18.8,,,,TIPO_DATO15__LIFEEXP65M_N1,,,
IT1:22_293_DF_DCIS_INDDEMOG1_1(1.0),A,ITF63,LIFEEXP65M,2023,19.1,,,,TIPO_DATO15__LIFEEXP65M_N1,,,
IT1:22_293_DF_DCIS_INDDEMOG1_1(1.0),A,ITF63,LIFEEXP65M,2024,19.8,,,,TIPO_DATO15__LIFEEXP65M_N1,,,
IT1:22_293_DF_DCIS_INDDEMOG1_1(1.0),A,ITF63,LIFEEXP65M,2025,19.8,e,,,TIPO_DATO15__LIFEEXP65M_N1,,,
IT1:22_293_DF_DCIS_INDDEMOG1_1(1.0),A,ITF64,LIFEEXP65M,2015,18.7,,,,TIPO_DATO15__LIFEEXP65M_N1,,,
IT1:22_293_DF_DCIS_INDDEMOG1_1(1.0),A,ITF64,LIFEEXP65M,2016,18.7,,,,TIPO_DATO15__LIFEEXP65M_N1,,,
IT1:22_293_DF_DCIS_INDDEMOG1_1(1.0),A,ITF64,LIFEEXP65M,2017,19.5,,,,TIPO_DATO15__LIFEEXP65M_N1,,,
IT1:22_293_DF_DCIS_INDDEMOG1_1(1.0),A,ITF64,LIFEEXP65M,2018,19.6,,,,TIPO_DATO15__LIFEEXP65M_N1,,,
IT1:22_293_DF_DCIS_INDDEMOG1_1(1.0),A,ITF64,LIFEEXP65M,2019,19.3,,,,TIPO_DATO15__LIFEEXP65M_N1,,,
IT1:22_293_DF_DCIS_INDDEMOG1_1(1.0),A,ITF64,LIFEEXP65M,2020,18.9,,,,TIPO_DATO15__LIFEEXP65M_N1,,,
IT1:22_293_DF_DCIS_INDDEMOG1_1(1.0),A,ITF64,LIFEEXP65M,2021,18.7,,,,TIPO_DATO15__LIFEEXP65M_N1,,,
IT1:22_293_DF_DCIS_INDDEMOG1_1(1.0),A,ITF64,LIFEEXP65M,2022,18.8,,,,TIPO_DATO15__LIFEEXP65M_N1,,,
IT1:22_293_DF_DCIS_INDDEMOG1_1(1.0),A,ITF64,LIFEEXP65M,2023,18.9,,,,TIPO_DATO15__LIFEEXP65M_N1,,,
IT1:22_293_DF_DCIS_INDDEMOG1_1(1.0),A,ITF64,LIFEEXP65M,2024,19.6,,,,TIPO_DATO15__LIFEEXP65M_N1,,,
IT1:22_293_DF_DCIS_INDDEMOG1_1(1.0),A,ITF64,LIFEEXP65M,2025,20,e,,,TIPO_DATO15__LIFEEXP65M_N1,,,
IT1:22_293_DF_DCIS_INDDEMOG1_1(1.0),A,ITF65,LIFEEXP65M,2015,18.4,,,,TIPO_DATO15__LIFEEXP65M_N1,,,
IT1:22_293_DF_DCIS_INDDEMOG1_1(1.0),A,ITF65,LIFEEXP65M,2016,18.9,,,,TIPO_DATO15__LIFEEXP65M_N1,,,
IT1:22_293_DF_DCIS_INDDEMOG1_1(1.0),A,ITF65,LIFEEXP65M,2017,18.3,,,,TIPO_DATO15__LIFEEXP65M_N1,,,
IT1:22_293_DF_DCIS_INDDEMOG1_1(1.0),A,ITF65,LIFEEXP65M,2018,19.4,,,,TIPO_DATO15__LIFEEXP65M_N1,,,
IT1:22_293_DF_DCIS_INDDEMOG1_1(1.0),A,ITF65,LIFEEXP65M,2019,19,,,,TIPO_DATO15__LIFEEXP65M_N1,,,
IT1:22_293_DF_DCIS_INDDEMOG1_1(1.0),A,ITF65,LIFEEXP65M,2020,18.8,,,,TIPO_DATO15__LIFEEXP65M_N1,,,
IT1:22_293_DF_DCIS_INDDEMOG1_1(1.0),A,ITF65,LIFEEXP65M,2021,18.4,,,,TIPO_DATO15__LIFEEXP65M_N1,,,
IT1:22_293_DF_DCIS_INDDEMOG1_1(1.0),A,ITF65,LIFEEXP65M,2022,18.2,,,,TIPO_DATO15__LIFEEXP65M_N1,,,
IT1:22_293_DF_DCIS_INDDEMOG1_1(1.0),A,ITF65,LIFEEXP65M,2023,18.7,,,,TIPO_DATO15__LIFEEXP65M_N1,,,
IT1:22_293_DF_DCIS_INDDEMOG1_1(1.0),A,ITF65,LIFEEXP65M,2024,19.1,,,,TIPO_DATO15__LIFEEXP65M_N1,,,
IT1:22_293_DF_DCIS_INDDEMOG1_1(1.0),A,ITF65,LIFEEXP65M,2025,19.8,e,,,TIPO_DATO15__LIFEEXP65M_N1,,,
IT1:22_293_DF_DCIS_INDDEMOG1_1(1.0),A,ITFG,LIFEEXP65M,2015,18.3,,,,TIPO_DATO15__LIFEEXP65M_N1,,,
IT1:22_293_DF_DCIS_INDDEMOG1_1(1.0),A,ITFG,LIFEEXP65M,2016,18.7,,,,TIPO_DATO15__LIFEEXP65M_N1,,,
IT1:22_293_DF_DCIS_INDDEMOG1_1(1.0),A,ITFG,LIFEEXP65M,2017,18.4,,,,TIPO_DATO15__LIFEEXP65M_N1,,,
IT1:22_293_DF_DCIS_INDDEMOG1_1(1.0),A,ITFG,LIFEEXP65M,2018,18.9,,,,TIPO_DATO15__LIFEEXP65M_N1,,,
IT1:22_293_DF_DCIS_INDDEMOG1_1(1.0),A,ITFG,LIFEEXP65M,2019,19,,,,TIPO_DATO15__LIFEEXP65M_N1,,,
IT1:22_293_DF_DCIS_INDDEMOG1_1(1.0),A,ITFG,LIFEEXP65M,2020,18.4,,,,TIPO_DATO15__LIFEEXP65M_N1,,,
IT1:22_293_DF_DCIS_INDDEMOG1_1(1.0),A,ITFG,LIFEEXP65M,2021,18.3,,,,TIPO_DATO15__LIFEEXP65M_N1,,,
IT1:22_293_DF_DCIS_INDDEMOG1_1(1.0),A,ITFG,LIFEEXP65M,2022,18.4,,,,TIPO_DATO15__LIFEEXP65M_N1,,,
IT1:22_293_DF_DCIS_INDDEMOG1_1(1.0),A,ITFG,LIFEEXP65M,2023,18.8,,,,TIPO_DATO15__LIFEEXP65M_N1,,,
IT1:22_293_DF_DCIS_INDDEMOG1_1(1.0),A,ITFG,LIFEEXP65M,2024,19.3,,,,TIPO_DATO15__LIFEEXP65M_N1,,,
IT1:22_293_DF_DCIS_INDDEMOG1_1(1.0),A,ITFG,LIFEEXP65M,2025,19.5,e,,,TIPO_DATO15__LIFEEXP65M_N1,,,
IT1:22_293_DF_DCIS_INDDEMOG1_1(1.0),A,ITG,LIFEEXP65M,2015,18.3,,,,TIPO_DATO15__LIFEEXP65M_N1,,,
IT1:22_293_DF_DCIS_INDDEMOG1_1(1.0),A,ITG,LIFEEXP65M,2016,18.7,,,,TIPO_DATO15__LIFEEXP65M_N1,,,
IT1:22_293_DF_DCIS_INDDEMOG1_1(1.0),A,ITG,LIFEEXP65M,2017,18.4,,,,TIPO_DATO15__LIFEEXP65M_N1,,,
IT1:22_293_DF_DCIS_INDDEMOG1_1(1.0),A,ITG,LIFEEXP65M,2018,18.8,,,,TIPO_DATO15__LIFEEXP65M_N1,,,
IT1:22_293_DF_DCIS_INDDEMOG1_1(1.0),A,ITG,LIFEEXP65M,2019,18.9,,,,TIPO_DATO15__LIFEEXP65M_N1,,,
IT1:22_293_DF_DCIS_INDDEMOG1_1(1.0),A,ITG,LIFEEXP65M,2020,18.5,,,,TIPO_DATO15__LIFEEXP65M_N1,,,
IT1:22_293_DF_DCIS_INDDEMOG1_1(1.0),A,ITG,LIFEEXP65M,2021,18.3,,,,TIPO_DATO15__LIFEEXP65M_N1,,,
IT1:22_293_DF_DCIS_INDDEMOG1_1(1.0),A,ITG,LIFEEXP65M,2022,18.3,,,,TIPO_DATO15__LIFEEXP65M_N1,,,
IT1:22_293_DF_DCIS_INDDEMOG1_1(1.0),A,ITG,LIFEEXP65M,2023,18.7,,,,TIPO_DATO15__LIFEEXP65M_N1,,,
IT1:22_293_DF_DCIS_INDDEMOG1_1(1.0),A,ITG,LIFEEXP65M,2024,19.3,,,,TIPO_DATO15__LIFEEXP65M_N1,,,
IT1:22_293_DF_DCIS_INDDEMOG1_1(1.0),A,ITG,LIFEEXP65M,2025,19.5,e,,,TIPO_DATO15__LIFEEXP65M_N1,,,
IT1:22_293_DF_DCIS_INDDEMOG1_1(1.0),A,ITG1,LIFEEXP65M,2015,18.1,,,,TIPO_DATO15__LIFEEXP65M_N1,,,
IT1:22_293_DF_DCIS_INDDEMOG1_1(1.0),A,ITG1,LIFEEXP65M,2016,18.6,,,,TIPO_DATO15__LIFEEXP65M_N1,,,
IT1:22_293_DF_DCIS_INDDEMOG1_1(1.0),A,ITG1,LIFEEXP65M,2017,18.1,,,,TIPO_DATO15__LIFEEXP65M_N1,,,
IT1:22_293_DF_DCIS_INDDEMOG1_1(1.0),A,ITG1,LIFEEXP65M,2018,18.5,,,,TIPO_DATO15__LIFEEXP65M_N1,,,
IT1:22_293_DF_DCIS_INDDEMOG1_1(1.0),A,ITG1,LIFEEXP65M,2019,18.7,,,,TIPO_DATO15__LIFEEXP65M_N1,,,
IT1:22_293_DF_DCIS_INDDEMOG1_1(1.0),A,ITG1,LIFEEXP65M,2020,18.3,,,,TIPO_DATO15__LIFEEXP65M_N1,,,
IT1:22_293_DF_DCIS_INDDEMOG1_1(1.0),A,ITG1,LIFEEXP65M,2021,18.1,,,,TIPO_DATO15__LIFEEXP65M_N1,,,
IT1:22_293_DF_DCIS_INDDEMOG1_1(1.0),A,ITG1,LIFEEXP65M,2022,18.2,,,,TIPO_DATO15__LIFEEXP65M_N1,,,
IT1:22_293_DF_DCIS_INDDEMOG1_1(1.0),A,ITG1,LIFEEXP65M,2023,18.5,,,,TIPO_DATO15__LIFEEXP65M_N1,,,
IT1:22_293_DF_DCIS_INDDEMOG1_1(1.0),A,ITG1,LIFEEXP65M,2024,19.2,,,,TIPO_DATO15__LIFEEXP65M_N1,,,
IT1:22_293_DF_DCIS_INDDEMOG1_1(1.0),A,ITG1,LIFEEXP65M,2025,19.4,e,,,TIPO_DATO15__LIFEEXP65M_N1,,,
IT1:22_293_DF_DCIS_INDDEMOG1_1(1.0),A,ITG11,LIFEEXP65M,2015,18.4,,,,TIPO_DATO15__LIFEEXP65M_N1,,,
IT1:22_293_DF_DCIS_INDDEMOG1_1(1.0),A,ITG11,LIFEEXP65M,2016,19,,,,TIPO_DATO15__LIFEEXP65M_N1,,,
IT1:22_293_DF_DCIS_INDDEMOG1_1(1.0),A,ITG11,LIFEEXP65M,2017,18.6,,,,TIPO_DATO15__LIFEEXP65M_N1,,,
IT1:22_293_DF_DCIS_INDDEMOG1_1(1.0),A,ITG11,LIFEEXP65M,2018,18.9,,,,TIPO_DATO15__LIFEEXP65M_N1,,,
IT1:22_293_DF_DCIS_INDDEMOG1_1(1.0),A,ITG11,LIFEEXP65M,2019,19.2,,,,TIPO_DATO15__LIFEEXP65M_N1,,,
IT1:22_293_DF_DCIS_INDDEMOG1_1(1.0),A,ITG11,LIFEEXP65M,2020,19,,,,TIPO_DATO15__LIFEEXP65M_N1,,,
IT1:22_293_DF_DCIS_INDDEMOG1_1(1.0),A,ITG11,LIFEEXP65M,2021,18.7,,,,TIPO_DATO15__LIFEEXP65M_N1,,,
IT1:22_293_DF_DCIS_INDDEMOG1_1(1.0),A,ITG11,LIFEEXP65M,2022,18.3,,,,TIPO_DATO15__LIFEEXP65M_N1,,,
IT1:22_293_DF_DCIS_INDDEMOG1_1(1.0),A,ITG11,LIFEEXP65M,2023,18.6,,,,TIPO_DATO15__LIFEEXP65M_N1,,,
IT1:22_293_DF_DCIS_INDDEMOG1_1(1.0),A,ITG11,LIFEEXP65M,2024,19.3,,,,TIPO_DATO15__LIFEEXP65M_N1,,,
IT1:22_293_DF_DCIS_INDDEMOG1_1(1.0),A,ITG11,LIFEEXP65M,2025,19.8,e,,,TIPO_DATO15__LIFEEXP65M_N1,,,
IT1:22_293_DF_DCIS_INDDEMOG1_1(1.0),A,ITG12,LIFEEXP65M,2015,18.1,,,,TIPO_DATO15__LIFEEXP65M_N1,,,
IT1:22_293_DF_DCIS_INDDEMOG1_1(1.0),A,ITG12,LIFEEXP65M,2016,18.6,,,,TIPO_DATO15__LIFEEXP65M_N1,,,
IT1:22_293_DF_DCIS_INDDEMOG1_1(1.0),A,ITG12,LIFEEXP65M,2017,18.1,,,,TIPO_DATO15__LIFEEXP65M_N1,,,
IT1:22_293_DF_DCIS_INDDEMOG1_1(1.0),A,ITG12,LIFEEXP65M,2018,18.6,,,,TIPO_DATO15__LIFEEXP65M_N1,,,
IT1:22_293_DF_DCIS_INDDEMOG1_1(1.0),A,ITG12,LIFEEXP65M,2019,19,,,,TIPO_DATO15__LIFEEXP65M_N1,,,
IT1:22_293_DF_DCIS_INDDEMOG1_1(1.0),A,ITG12,LIFEEXP65M,2020,18.1,,,,TIPO_DATO15__LIFEEXP65M_N1,,,
IT1:22_293_DF_DCIS_INDDEMOG1_1(1.0),A,ITG12,LIFEEXP65M,2021,18,,,,TIPO_DATO15__LIFEEXP65M_N1,,,
IT1:22_293_DF_DCIS_INDDEMOG1_1(1.0),A,ITG12,LIFEEXP65M,2022,18.4,,,,TIPO_DATO15__LIFEEXP65M_N1,,,
IT1:22_293_DF_DCIS_INDDEMOG1_1(1.0),A,ITG12,LIFEEXP65M,2023,18.4,,,,TIPO_DATO15__LIFEEXP65M_N1,,,
IT1:22_293_DF_DCIS_INDDEMOG1_1(1.0),A,ITG12,LIFEEXP65M,2024,19.5,,,,TIPO_DATO15__LIFEEXP65M_N1,,,
IT1:22_293_DF_DCIS_INDDEMOG1_1(1.0),A,ITG12,LIFEEXP65M,2025,19.5,e,,,TIPO_DATO15__LIFEEXP65M_N1,,,
IT1:22_293_DF_DCIS_INDDEMOG1_1(1.0),A,ITG13,LIFEEXP65M,2015,18,,,,TIPO_DATO15__LIFEEXP65M_N1,,,
IT1:22_293_DF_DCIS_INDDEMOG1_1(1.0),A,ITG13,LIFEEXP65M,2016,18.4,,,,TIPO_DATO15__LIFEEXP65M_N1,,,
IT1:22_293_DF_DCIS_INDDEMOG1_1(1.0),A,ITG13,LIFEEXP65M,2017,18.1,,,,TIPO_DATO15__LIFEEXP65M_N1,,,
IT1:22_293_DF_DCIS_INDDEMOG1_1(1.0),A,ITG13,LIFEEXP65M,2018,18.7,,,,TIPO_DATO15__LIFEEXP65M_N1,,,
IT1:22_293_DF_DCIS_INDDEMOG1_1(1.0),A,ITG13,LIFEEXP65M,2019,18.9,,,,TIPO_DATO15__LIFEEXP65M_N1,,,
IT1:22_293_DF_DCIS_INDDEMOG1_1(1.0),A,ITG13,LIFEEXP65M,2020,18.6,,,,TIPO_DATO15__LIFEEXP65M_N1,,,
IT1:22_293_DF_DCIS_INDDEMOG1_1(1.0),A,ITG13,LIFEEXP65M,2021,18.3,,,,TIPO_DATO15__LIFEEXP65M_N1,,,
IT1:22_293_DF_DCIS_INDDEMOG1_1(1.0),A,ITG13,LIFEEXP65M,2022,17.9,,,,TIPO_DATO15__LIFEEXP65M_N1,,,
IT1:22_293_DF_DCIS_INDDEMOG1_1(1.0),A,ITG13,LIFEEXP65M,2023,18.6,,,,TIPO_DATO15__LIFEEXP65M_N1,,,
IT1:22_293_DF_DCIS_INDDEMOG1_1(1.0),A,ITG13,LIFEEXP65M,2024,19,,,,TIPO_DATO15__LIFEEXP65M_N1,,,
IT1:22_293_DF_DCIS_INDDEMOG1_1(1.0),A,ITG13,LIFEEXP65M,2025,19.3,e,,,TIPO_DATO15__LIFEEXP65M_N1,,,
IT1:22_293_DF_DCIS_INDDEMOG1_1(1.0),A,ITG14,LIFEEXP65M,2015,18.2,,,,TIPO_DATO15__LIFEEXP65M_N1,,,
IT1:22_293_DF_DCIS_INDDEMOG1_1(1.0),A,ITG14,LIFEEXP65M,2016,19,,,,TIPO_DATO15__LIFEEXP65M_N1,,,
IT1:22_293_DF_DCIS_INDDEMOG1_1(1.0),A,ITG14,LIFEEXP65M,2017,18.3,,,,TIPO_DATO15__LIFEEXP65M_N1,,,
IT1:22_293_DF_DCIS_INDDEMOG1_1(1.0),A,ITG14,LIFEEXP65M,2018,18.5,,,,TIPO_DATO15__LIFEEXP65M_N1,,,
IT1:22_293_DF_DCIS_INDDEMOG1_1(1.0),A,ITG14,LIFEEXP65M,2019,18.6,,,,TIPO_DATO15__LIFEEXP65M_N1,,,
IT1:22_293_DF_DCIS_INDDEMOG1_1(1.0),A,ITG14,LIFEEXP65M,2020,18.9,,,,TIPO_DATO15__LIFEEXP65M_N1,,,
IT1:22_293_DF_DCIS_INDDEMOG1_1(1.0),A,ITG14,LIFEEXP65M,2021,18.4,,,,TIPO_DATO15__LIFEEXP65M_N1,,,
IT1:22_293_DF_DCIS_INDDEMOG1_1(1.0),A,ITG14,LIFEEXP65M,2022,18.3,,,,TIPO_DATO15__LIFEEXP65M_N1,,,
IT1:22_293_DF_DCIS_INDDEMOG1_1(1.0),A,ITG14,LIFEEXP65M,2023,18.5,,,,TIPO_DATO15__LIFEEXP65M_N1,,,
IT1:22_293_DF_DCIS_INDDEMOG1_1(1.0),A,ITG14,LIFEEXP65M,2024,19,,,,TIPO_DATO15__LIFEEXP65M_N1,,,
IT1:22_293_DF_DCIS_INDDEMOG1_1(1.0),A,ITG14,LIFEEXP65M,2025,19.7,e,,,TIPO_DATO15__LIFEEXP65M_N1,,,
IT1:22_293_DF_DCIS_INDDEMOG1_1(1.0),A,ITG15,LIFEEXP65M,2015,17.8,,,,TIPO_DATO15__LIFEEXP65M_N1,,,
IT1:22_293_DF_DCIS_INDDEMOG1_1(1.0),A,ITG15,LIFEEXP65M,2016,18,,,,TIPO_DATO15__LIFEEXP65M_N1,,,
IT1:22_293_DF_DCIS_INDDEMOG1_1(1.0),A,ITG15,LIFEEXP65M,2017,18,,,,TIPO_DATO15__LIFEEXP65M_N1,,,
IT1:22_293_DF_DCIS_INDDEMOG1_1(1.0),A,ITG15,LIFEEXP65M,2018,17.6,,,,TIPO_DATO15__LIFEEXP65M_N1,,,
IT1:22_293_DF_DCIS_INDDEMOG1_1(1.0),A,ITG15,LIFEEXP65M,2019,18,,,,TIPO_DATO15__LIFEEXP65M_N1,,,
IT1:22_293_DF_DCIS_INDDEMOG1_1(1.0),A,ITG15,LIFEEXP65M,2020,18.2,,,,TIPO_DATO15__LIFEEXP65M_N1,,,
IT1:22_293_DF_DCIS_INDDEMOG1_1(1.0),A,ITG15,LIFEEXP65M,2021,17.7,,,,TIPO_DATO15__LIFEEXP65M_N1,,,
IT1:22_293_DF_DCIS_INDDEMOG1_1(1.0),A,ITG15,LIFEEXP65M,2022,17.9,,,,TIPO_DATO15__LIFEEXP65M_N1,,,
IT1:22_293_DF_DCIS_INDDEMOG1_1(1.0),A,ITG15,LIFEEXP65M,2023,18.6,,,,TIPO_DATO15__LIFEEXP65M_N1,,,
IT1:22_293_DF_DCIS_INDDEMOG1_1(1.0),A,ITG15,LIFEEXP65M,2024,19.1,,,,TIPO_DATO15__LIFEEXP65M_N1,,,
IT1:22_293_DF_DCIS_INDDEMOG1_1(1.0),A,ITG15,LIFEEXP65M,2025,19.2,e,,,TIPO_DATO15__LIFEEXP65M_N1,,,
IT1:22_293_DF_DCIS_INDDEMOG1_1(1.0),A,ITG16,LIFEEXP65M,2015,18.4,,,,TIPO_DATO15__LIFEEXP65M_N1,,,
IT1:22_293_DF_DCIS_INDDEMOG1_1(1.0),A,ITG16,LIFEEXP65M,2016,18.6,,,,TIPO_DATO15__LIFEEXP65M_N1,,,
IT1:22_293_DF_DCIS_INDDEMOG1_1(1.0),A,ITG16,LIFEEXP65M,2017,18.4,,,,TIPO_DATO15__LIFEEXP65M_N1,,,
IT1:22_293_DF_DCIS_INDDEMOG1_1(1.0),A,ITG16,LIFEEXP65M,2018,18.6,,,,TIPO_DATO15__LIFEEXP65M_N1,,,
IT1:22_293_DF_DCIS_INDDEMOG1_1(1.0),A,ITG16,LIFEEXP65M,2019,18.8,,,,TIPO_DATO15__LIFEEXP65M_N1,,,
IT1:22_293_DF_DCIS_INDDEMOG1_1(1.0),A,ITG16,LIFEEXP65M,2020,18.1,,,,TIPO_DATO15__LIFEEXP65M_N1,,,
IT1:22_293_DF_DCIS_INDDEMOG1_1(1.0),A,ITG16,LIFEEXP65M,2021,18.4,,,,TIPO_DATO15__LIFEEXP65M_N1,,,
IT1:22_293_DF_DCIS_INDDEMOG1_1(1.0),A,ITG16,LIFEEXP65M,2022,18,,,,TIPO_DATO15__LIFEEXP65M_N1,,,
IT1:22_293_DF_DCIS_INDDEMOG1_1(1.0),A,ITG16,LIFEEXP65M,2023,19.2,,,,TIPO_DATO15__LIFEEXP65M_N1,,,
IT1:22_293_DF_DCIS_INDDEMOG1_1(1.0),A,ITG16,LIFEEXP65M,2024,19.7,,,,TIPO_DATO15__LIFEEXP65M_N1,,,
IT1:22_293_DF_DCIS_INDDEMOG1_1(1.0),A,ITG16,LIFEEXP65M,2025,19.8,e,,,TIPO_DATO15__LIFEEXP65M_N1,,,
IT1:22_293_DF_DCIS_INDDEMOG1_1(1.0),A,ITG17,LIFEEXP65M,2015,18,,,,TIPO_DATO15__LIFEEXP65M_N1,,,
IT1:22_293_DF_DCIS_INDDEMOG1_1(1.0),A,ITG17,LIFEEXP65M,2016,18.5,,,,TIPO_DATO15__LIFEEXP65M_N1,,,
IT1:22_293_DF_DCIS_INDDEMOG1_1(1.0),A,ITG17,LIFEEXP65M,2017,18,,,,TIPO_DATO15__LIFEEXP65M_N1,,,
IT1:22_293_DF_DCIS_INDDEMOG1_1(1.0),A,ITG17,LIFEEXP65M,2018,18.7,,,,TIPO_DATO15__LIFEEXP65M_N1,,,
IT1:22_293_DF_DCIS_INDDEMOG1_1(1.0),A,ITG17,LIFEEXP65M,2019,18.6,,,,TIPO_DATO15__LIFEEXP65M_N1,,,
IT1:22_293_DF_DCIS_INDDEMOG1_1(1.0),A,ITG17,LIFEEXP65M,2020,18.2,,,,TIPO_DATO15__LIFEEXP65M_N1,,,
IT1:22_293_DF_DCIS_INDDEMOG1_1(1.0),A,ITG17,LIFEEXP65M,2021,18,,,,TIPO_DATO15__LIFEEXP65M_N1,,,
IT1:22_293_DF_DCIS_INDDEMOG1_1(1.0),A,ITG17,LIFEEXP65M,2022,18.3,,,,TIPO_DATO15__LIFEEXP65M_N1,,,
IT1:22_293_DF_DCIS_INDDEMOG1_1(1.0),A,ITG17,LIFEEXP65M,2023,18.7,,,,TIPO_DATO15__LIFEEXP65M_N1,,,
IT1:22_293_DF_DCIS_INDDEMOG1_1(1.0),A,ITG17,LIFEEXP65M,2024,19.4,,,,TIPO_DATO15__LIFEEXP65M_N1,,,
IT1:22_293_DF_DCIS_INDDEMOG1_1(1.0),A,ITG17,LIFEEXP65M,2025,19.4,e,,,TIPO_DATO15__LIFEEXP65M_N1,,,
IT1:22_293_DF_DCIS_INDDEMOG1_1(1.0),A,ITG18,LIFEEXP65M,2015,18.4,,,,TIPO_DATO15__LIFEEXP65M_N1,,,
IT1:22_293_DF_DCIS_INDDEMOG1_1(1.0),A,ITG18,LIFEEXP65M,2016,19.4,,,,TIPO_DATO15__LIFEEXP65M_N1,,,
IT1:22_293_DF_DCIS_INDDEMOG1_1(1.0),A,ITG18,LIFEEXP65M,2017,18.6,,,,TIPO_DATO15__LIFEEXP65M_N1,,,
IT1:22_293_DF_DCIS_INDDEMOG1_1(1.0),A,ITG18,LIFEEXP65M,2018,18.8,,,,TIPO_DATO15__LIFEEXP65M_N1,,,
IT1:22_293_DF_DCIS_INDDEMOG1_1(1.0),A,ITG18,LIFEEXP65M,2019,19,,,,TIPO_DATO15__LIFEEXP65M_N1,,,
IT1:22_293_DF_DCIS_INDDEMOG1_1(1.0),A,ITG18,LIFEEXP65M,2020,18.3,,,,TIPO_DATO15__LIFEEXP65M_N1,,,
IT1:22_293_DF_DCIS_INDDEMOG1_1(1.0),A,ITG18,LIFEEXP65M,2021,18.8,,,,TIPO_DATO15__LIFEEXP65M_N1,,,
IT1:22_293_DF_DCIS_INDDEMOG1_1(1.0),A,ITG18,LIFEEXP65M,2022,18.9,,,,TIPO_DATO15__LIFEEXP65M_N1,,,
IT1:22_293_DF_DCIS_INDDEMOG1_1(1.0),A,ITG18,LIFEEXP65M,2023,19.1,,,,TIPO_DATO15__LIFEEXP65M_N1,,,
IT1:22_293_DF_DCIS_INDDEMOG1_1(1.0),A,ITG18,LIFEEXP65M,2024,19.8,,,,TIPO_DATO15__LIFEEXP65M_N1,,,
IT1:22_293_DF_DCIS_INDDEMOG1_1(1.0),A,ITG18,LIFEEXP65M,2025,20.1,e,,,TIPO_DATO15__LIFEEXP65M_N1,,,
IT1:22_293_DF_DCIS_INDDEMOG1_1(1.0),A,ITG19,LIFEEXP65M,2015,18.1,,,,TIPO_DATO15__LIFEEXP65M_N1,,,
IT1:22_293_DF_DCIS_INDDEMOG1_1(1.0),A,ITG19,LIFEEXP65M,2016,18.2,,,,TIPO_DATO15__LIFEEXP65M_N1,,,
IT1:22_293_DF_DCIS_INDDEMOG1_1(1.0),A,ITG19,LIFEEXP65M,2017,17.9,,,,TIPO_DATO15__LIFEEXP65M_N1,,,
IT1:22_293_DF_DCIS_INDDEMOG1_1(1.0),A,ITG19,LIFEEXP65M,2018,18.3,,,,TIPO_DATO15__LIFEEXP65M_N1,,,
IT1:22_293_DF_DCIS_INDDEMOG1_1(1.0),A,ITG19,LIFEEXP65M,2019,18.4,,,,TIPO_DATO15__LIFEEXP65M_N1,,,
IT1:22_293_DF_DCIS_INDDEMOG1_1(1.0),A,ITG19,LIFEEXP65M,2020,18,,,,TIPO_DATO15__LIFEEXP65M_N1,,,
IT1:22_293_DF_DCIS_INDDEMOG1_1(1.0),A,ITG19,LIFEEXP65M,2021,17.4,,,,TIPO_DATO15__LIFEEXP65M_N1,,,
IT1:22_293_DF_DCIS_INDDEMOG1_1(1.0),A,ITG19,LIFEEXP65M,2022,17.5,,,,TIPO_DATO15__LIFEEXP65M_N1,,,
IT1:22_293_DF_DCIS_INDDEMOG1_1(1.0),A,ITG19,LIFEEXP65M,2023,18.4,,,,TIPO_DATO15__LIFEEXP65M_N1,,,
IT1:22_293_DF_DCIS_INDDEMOG1_1(1.0),A,ITG19,LIFEEXP65M,2024,18.7,,,,TIPO_DATO15__LIFEEXP65M_N1,,,
IT1:22_293_DF_DCIS_INDDEMOG1_1(1.0),A,ITG19,LIFEEXP65M,2025,19.2,e,,,TIPO_DATO15__LIFEEXP65M_N1,,,
IT1:22_293_DF_DCIS_INDDEMOG1_1(1.0),A,ITG2,LIFEEXP65M,2015,19,,,,TIPO_DATO15__LIFEEXP65M_N1,,,
IT1:22_293_DF_DCIS_INDDEMOG1_1(1.0),A,ITG2,LIFEEXP65M,2016,19.2,,,,TIPO_DATO15__LIFEEXP65M_N1,,,
IT1:22_293_DF_DCIS_INDDEMOG1_1(1.0),A,ITG2,LIFEEXP65M,2017,19.2,,,,TIPO_DATO15__LIFEEXP65M_N1,,,
IT1:22_293_DF_DCIS_INDDEMOG1_1(1.0),A,ITG2,LIFEEXP65M,2018,19.7,,,,TIPO_DATO15__LIFEEXP65M_N1,,,
IT1:22_293_DF_DCIS_INDDEMOG1_1(1.0),A,ITG2,LIFEEXP65M,2019,19.4,,,,TIPO_DATO15__LIFEEXP65M_N1,,,
IT1:22_293_DF_DCIS_INDDEMOG1_1(1.0),A,ITG2,LIFEEXP65M,2020,18.9,,,,TIPO_DATO15__LIFEEXP65M_N1,,,
IT1:22_293_DF_DCIS_INDDEMOG1_1(1.0),A,ITG2,LIFEEXP65M,2021,19.1,,,,TIPO_DATO15__LIFEEXP65M_N1,,,
IT1:22_293_DF_DCIS_INDDEMOG1_1(1.0),A,ITG2,LIFEEXP65M,2022,18.6,,,,TIPO_DATO15__LIFEEXP65M_N1,,,
IT1:22_293_DF_DCIS_INDDEMOG1_1(1.0),A,ITG2,LIFEEXP65M,2023,19.2,,,,TIPO_DATO15__LIFEEXP65M_N1,,,
IT1:22_293_DF_DCIS_INDDEMOG1_1(1.0),A,ITG2,LIFEEXP65M,2024,19.6,,,,TIPO_DATO15__LIFEEXP65M_N1,,,
IT1:22_293_DF_DCIS_INDDEMOG1_1(1.0),A,ITG2,LIFEEXP65M,2025,19.7,e,,,TIPO_DATO15__LIFEEXP65M_N1,,,
IT1:22_293_DF_DCIS_INDDEMOG1_1(1.0),A,ITG25,LIFEEXP65M,2015,19.4,,,,TIPO_DATO15__LIFEEXP65M_N1,,,
IT1:22_293_DF_DCIS_INDDEMOG1_1(1.0),A,ITG25,LIFEEXP65M,2016,18.9,,,,TIPO_DATO15__LIFEEXP65M_N1,,,
IT1:22_293_DF_DCIS_INDDEMOG1_1(1.0),A,ITG25,LIFEEXP65M,2017,19.3,,,,TIPO_DATO15__LIFEEXP65M_N1,,,
IT1:22_293_DF_DCIS_INDDEMOG1_1(1.0),A,ITG25,LIFEEXP65M,2018,19.7,,,,TIPO_DATO15__LIFEEXP65M_N1,,,
IT1:22_293_DF_DCIS_INDDEMOG1_1(1.0),A,ITG25,LIFEEXP65M,2019,19.4,,,,TIPO_DATO15__LIFEEXP65M_N1,,,
IT1:22_293_DF_DCIS_INDDEMOG1_1(1.0),A,ITG25,LIFEEXP65M,2020,18.7,,,,TIPO_DATO15__LIFEEXP65M_N1,,,
IT1:22_293_DF_DCIS_INDDEMOG1_1(1.0),A,ITG25,LIFEEXP65M,2021,19.2,,,,TIPO_DATO15__LIFEEXP65M_N1,,,
IT1:22_293_DF_DCIS_INDDEMOG1_1(1.0),A,ITG25,LIFEEXP65M,2022,18.5,,,,TIPO_DATO15__LIFEEXP65M_N1,,,
IT1:22_293_DF_DCIS_INDDEMOG1_1(1.0),A,ITG25,LIFEEXP65M,2023,19.3,,,,TIPO_DATO15__LIFEEXP65M_N1,,,
IT1:22_293_DF_DCIS_INDDEMOG1_1(1.0),A,ITG25,LIFEEXP65M,2024,19.7,,,,TIPO_DATO15__LIFEEXP65M_N1,,,
IT1:22_293_DF_DCIS_INDDEMOG1_1(1.0),A,ITG25,LIFEEXP65M,2025,19.5,e,,,TIPO_DATO15__LIFEEXP65M_N1,,,
IT1:22_293_DF_DCIS_INDDEMOG1_1(1.0),A,ITG26,LIFEEXP65M,2015,18.9,,,,TIPO_DATO15__LIFEEXP65M_N1,,,
IT1:22_293_DF_DCIS_INDDEMOG1_1(1.0),A,ITG26,LIFEEXP65M,2016,18.4,,,,TIPO_DATO15__LIFEEXP65M_N1,,,
IT1:22_293_DF_DCIS_INDDEMOG1_1(1.0),A,ITG26,LIFEEXP65M,2017,19.1,,,,TIPO_DATO15__LIFEEXP65M_N1,,,
IT1:22_293_DF_DCIS_INDDEMOG1_1(1.0),A,ITG26,LIFEEXP65M,2018,19.2,,,,TIPO_DATO15__LIFEEXP65M_N1,,,
IT1:22_293_DF_DCIS_INDDEMOG1_1(1.0),A,ITG26,LIFEEXP65M,2019,19.3,,,,TIPO_DATO15__LIFEEXP65M_N1,,,
IT1:22_293_DF_DCIS_INDDEMOG1_1(1.0),A,ITG26,LIFEEXP65M,2020,18.5,,,,TIPO_DATO15__LIFEEXP65M_N1,,,
IT1:22_293_DF_DCIS_INDDEMOG1_1(1.0),A,ITG26,LIFEEXP65M,2021,18.6,,,,TIPO_DATO15__LIFEEXP65M_N1,,,
IT1:22_293_DF_DCIS_INDDEMOG1_1(1.0),A,ITG26,LIFEEXP65M,2022,18.3,,,,TIPO_DATO15__LIFEEXP65M_N1,,,
IT1:22_293_DF_DCIS_INDDEMOG1_1(1.0),A,ITG26,LIFEEXP65M,2023,18.8,,,,TIPO_DATO15__LIFEEXP65M_N1,,,
IT1:22_293_DF_DCIS_INDDEMOG1_1(1.0),A,ITG26,LIFEEXP65M,2024,19.3,,,,TIPO_DATO15__LIFEEXP65M_N1,,,
IT1:22_293_DF_DCIS_INDDEMOG1_1(1.0),A,ITG26,LIFEEXP65M,2025,19.2,e,,,TIPO_DATO15__LIFEEXP65M_N1,,,
IT1:22_293_DF_DCIS_INDDEMOG1_1(1.0),A,ITG27,LIFEEXP65M,2015,19.2,,,,TIPO_DATO15__LIFEEXP65M_N1,,,
IT1:22_293_DF_DCIS_INDDEMOG1_1(1.0),A,ITG27,LIFEEXP65M,2016,20,,,,TIPO_DATO15__LIFEEXP65M_N1,,,
IT1:22_293_DF_DCIS_INDDEMOG1_1(1.0),A,ITG27,LIFEEXP65M,2017,19.6,,,,TIPO_DATO15__LIFEEXP65M_N1,,,
IT1:22_293_DF_DCIS_INDDEMOG1_1(1.0),A,ITG27,LIFEEXP65M,2018,20.5,,,,TIPO_DATO15__LIFEEXP65M_N1,,,
IT1:22_293_DF_DCIS_INDDEMOG1_1(1.0),A,ITG27,LIFEEXP65M,2019,19.9,,,,TIPO_DATO15__LIFEEXP65M_N1,,,
IT1:22_293_DF_DCIS_INDDEMOG1_1(1.0),A,ITG27,LIFEEXP65M,2020,19.6,,,,TIPO_DATO15__LIFEEXP65M_N1,,,
IT1:22_293_DF_DCIS_INDDEMOG1_1(1.0),A,ITG27,LIFEEXP65M,2021,19.9,,,,TIPO_DATO15__LIFEEXP65M_N1,,,
IT1:22_293_DF_DCIS_INDDEMOG1_1(1.0),A,ITG27,LIFEEXP65M,2022,19.1,,,,TIPO_DATO15__LIFEEXP65M_N1,,,
IT1:22_293_DF_DCIS_INDDEMOG1_1(1.0),A,ITG27,LIFEEXP65M,2023,19.8,,,,TIPO_DATO15__LIFEEXP65M_N1,,,
IT1:22_293_DF_DCIS_INDDEMOG1_1(1.0),A,ITG27,LIFEEXP65M,2024,20.3,,,,TIPO_DATO15__LIFEEXP65M_N1,,,
IT1:22_293_DF_DCIS_INDDEMOG1_1(1.0),A,ITG27,LIFEEXP65M,2025,20.3,e,,,TIPO_DATO15__LIFEEXP65M_N1,,,
IT1:22_293_DF_DCIS_INDDEMOG1_1(1.0),A,ITG28,LIFEEXP65M,2015,19.4,,,,TIPO_DATO15__LIFEEXP65M_N1,,,
IT1:22_293_DF_DCIS_INDDEMOG1_1(1.0),A,ITG28,LIFEEXP65M,2016,19.1,,,,TIPO_DATO15__LIFEEXP65M_N1,,,
IT1:22_293_DF_DCIS_INDDEMOG1_1(1.0),A,ITG28,LIFEEXP65M,2017,18.6,,,,TIPO_DATO15__LIFEEXP65M_N1,,,
IT1:22_293_DF_DCIS_INDDEMOG1_1(1.0),A,ITG28,LIFEEXP65M,2018,19.2,,,,TIPO_DATO15__LIFEEXP65M_N1,,,
IT1:22_293_DF_DCIS_INDDEMOG1_1(1.0),A,ITG28,LIFEEXP65M,2019,19.3,,,,TIPO_DATO15__LIFEEXP65M_N1,,,
IT1:22_293_DF_DCIS_INDDEMOG1_1(1.0),A,ITG28,LIFEEXP65M,2020,18.7,,,,TIPO_DATO15__LIFEEXP65M_N1,,,
IT1:22_293_DF_DCIS_INDDEMOG1_1(1.0),A,ITG28,LIFEEXP65M,2021,19.1,,,,TIPO_DATO15__LIFEEXP65M_N1,,,
IT1:22_293_DF_DCIS_INDDEMOG1_1(1.0),A,ITG28,LIFEEXP65M,2022,18.1,,,,TIPO_DATO15__LIFEEXP65M_N1,,,
IT1:22_293_DF_DCIS_INDDEMOG1_1(1.0),A,ITG28,LIFEEXP65M,2023,19,,,,TIPO_DATO15__LIFEEXP65M_N1,,,
IT1:22_293_DF_DCIS_INDDEMOG1_1(1.0),A,ITG28,LIFEEXP65M,2024,19.2,,,,TIPO_DATO15__LIFEEXP65M_N1,,,
IT1:22_293_DF_DCIS_INDDEMOG1_1(1.0),A,ITG28,LIFEEXP65M,2025,19.8,e,,,TIPO_DATO15__LIFEEXP65M_N1,,,
