DATAFLOW,FREQ,REF_AREA,DATA_TYPE,TIME_PERIOD,OBS_VALUE,OBS_STATUS,NOTE_DS,NOTE_REF_AREA,NOTE_DATA_TYPE,BASE_PER,UNIT_MEAS,UNIT_MULT
IT1:22_293_DF_DCIS_INDDEMOG1_1(1.0),A,IT,POP1564,2015,64.3,,,,TIPO_DATO15__POP1564_N1,,,
IT1:22_293_DF_DCIS_INDDEMOG1_1(1.0),A,IT,POP1564,2016,64.2,,,,TIPO_DATO15__POP1564_N1,,,
IT1:22_293_DF_DCIS_INDDEMOG1_1(1.0),A,IT,POP1564,2017,64.1,,,,TIPO_DATO15__POP1564_N1,,,
IT1:22_293_DF_DCIS_INDDEMOG1_1(1.0),A,IT,POP1564,2018,64,,,,TIPO_DATO15__POP1564_N1,,,
IT1:22_293_DF_DCIS_INDDEMOG1_1(1.0),A,IT,POP1564,2019,64,,,,TIPO_DATO15__POP1564_N1,,,
IT1:22_293_DF_DCIS_INDDEMOG1_1(1.0),A,IT,POP1564,2020,63.8,,,,TIPO_DATO15__POP1564_N1,,,
IT1:22_293_DF_DCIS_INDDEMOG1_1(1.0),A,IT,POP1564,2021,63.6,,,,TIPO_DATO15__POP1564_N1,,,
IT1:22_293_DF_DCIS_INDDEMOG1_1(1.0),A,IT,POP1564,2022,63.5,,,,TIPO_DATO15__POP1564_N1,,,
IT1:22_293_DF_DCIS_INDDEMOG1_1(1.0),A,IT,POP1564,2023,63.5,,,,TIPO_DATO15__POP1564_N1,,,
IT1:22_293_DF_DCIS_INDDEMOG1_1(1.0),A,IT,POP1564,2024,63.5,,,,TIPO_DATO15__POP1564_N1,,,
IT1:22_293_DF_DCIS_INDDEMOG1_1(1.0),A,IT,POP1564,2025,63.4,,,,TIPO_DATO15__POP1564_N1,,,
IT1:22_293_DF_DCIS_INDDEMOG1_1(1.0),A,IT,POP1564,2026,63.2,e,,,TIPO_DATO15__POP1564_N1,,,
IT1:22_293_DF_DCIS_INDDEMOG1_1(1.0),A,IT108,POP1564,2015,64.4,,,,TIPO_DATO15__POP1564_N1,,,
IT1:22_293_DF_DCIS_INDDEMOG1_1(1.0),A,IT108,POP1564,2016,64.2,,,,TIPO_DATO15__POP1564_N1,,,
IT1:22_293_DF_DCIS_INDDEMOG1_1(1.0),A,IT108,POP1564,2017,64,,,,TIPO_DATO15__POP1564_N1,,,
IT1:22_293_DF_DCIS_INDDEMOG1_1(1.0),A,IT108,POP1564,2018,63.8,,,,TIPO_DATO15__POP1564_N1,,,
IT1:22_293_DF_DCIS_INDDEMOG1_1(1.0),A,IT108,POP1564,2019,63.8,,,,TIPO_DATO15__POP1564_N1,,,
IT1:22_293_DF_DCIS_INDDEMOG1_1(1.0),A,IT108,POP1564,2020,63.7,,,,TIPO_DATO15__POP1564_N1,,,
IT1:22_293_DF_DCIS_INDDEMOG1_1(1.0),A,IT108,POP1564,2021,63.6,,,,TIPO_DATO15__POP1564_N1,,,
IT1:22_293_DF_DCIS_INDDEMOG1_1(1.0),A,IT108,POP1564,2022,63.6,,,,TIPO_DATO15__POP1564_N1,,,
IT1:22_293_DF_DCIS_INDDEMOG1_1(1.0),A,IT108,POP1564,2023,63.7,,,,TIPO_DATO15__POP1564_N1,,,
IT1:22_293_DF_DCIS_INDDEMOG1_1(1.0),A,IT108,POP1564,2024,63.7,,,,TIPO_DATO15__POP1564_N1,,,
IT1:22_293_DF_DCIS_INDDEMOG1_1(1.0),A,IT108,POP1564,2025,63.7,,,,TIPO_DATO15__POP1564_N1,,,
IT1:22_293_DF_DCIS_INDDEMOG1_1(1.0),A,IT108,POP1564,2026,63.7,e,,,TIPO_DATO15__POP1564_N1,,,
IT1:22_293_DF_DCIS_INDDEMOG1_1(1.0),A,IT109,POP1564,2015,63.1,,,,TIPO_DATO15__POP1564_N1,,,
IT1:22_293_DF_DCIS_INDDEMOG1_1(1.0),A,IT109,POP1564,2016,63,,,,TIPO_DATO15__POP1564_N1,,,
IT1:22_293_DF_DCIS_INDDEMOG1_1(1.0),A,IT109,POP1564,2017,62.9,,,,TIPO_DATO15__POP1564_N1,,,
IT1:22_293_DF_DCIS_INDDEMOG1_1(1.0),A,IT109,POP1564,2018,63,,,,TIPO_DATO15__POP1564_N1,,,
IT1:22_293_DF_DCIS_INDDEMOG1_1(1.0),A,IT109,POP1564,2019,62.9,,,,TIPO_DATO15__POP1564_N1,,,
IT1:22_293_DF_DCIS_INDDEMOG1_1(1.0),A,IT109,POP1564,2020,62.7,,,,TIPO_DATO15__POP1564_N1,,,
IT1:22_293_DF_DCIS_INDDEMOG1_1(1.0),A,IT109,POP1564,2021,62.3,,,,TIPO_DATO15__POP1564_N1,,,
IT1:22_293_DF_DCIS_INDDEMOG1_1(1.0),A,IT109,POP1564,2022,62.1,,,,TIPO_DATO15__POP1564_N1,,,
IT1:22_293_DF_DCIS_INDDEMOG1_1(1.0),A,IT109,POP1564,2023,62.1,,,,TIPO_DATO15__POP1564_N1,,,
IT1:22_293_DF_DCIS_INDDEMOG1_1(1.0),A,IT109,POP1564,2024,61.9,,,,TIPO_DATO15__POP1564_N1,,,
IT1:22_293_DF_DCIS_INDDEMOG1_1(1.0),A,IT109,POP1564,2025,61.6,,,,TIPO_DATO15__POP1564_N1,,,
IT1:22_293_DF_DCIS_INDDEMOG1_1(1.0),A,IT109,POP1564,2026,61.4,e,,,TIPO_DATO15__POP1564_N1,,,
IT1:22_293_DF_DCIS_INDDEMOG1_1(1.0),A,IT110,POP1564,2015,66.7,,,,TIPO_DATO15__POP1564_N1,,,
IT1:22_293_DF_DCIS_INDDEMOG1_1(1.0),A,IT110,POP1564,2016,66.7,,,,TIPO_DATO15__POP1564_N1,,,
IT1:22_293_DF_DCIS_INDDEMOG1_1(1.0),A,IT110,POP1564,2017,66.6,,,,TIPO_DATO15__POP1564_N1,,,
IT1:22_293_DF_DCIS_INDDEMOG1_1(1.0),A,IT110,POP1564,2018,66.6,,,,TIPO_DATO15__POP1564_N1,,,
IT1:22_293_DF_DCIS_INDDEMOG1_1(1.0),A,IT110,POP1564,2019,66.6,,,,TIPO_DATO15__POP1564_N1,,,
IT1:22_293_DF_DCIS_INDDEMOG1_1(1.0),A,IT110,POP1564,2020,66.4,,,,TIPO_DATO15__POP1564_N1,,,
IT1:22_293_DF_DCIS_INDDEMOG1_1(1.0),A,IT110,POP1564,2021,66,,,,TIPO_DATO15__POP1564_N1,,,
IT1:22_293_DF_DCIS_INDDEMOG1_1(1.0),A,IT110,POP1564,2022,66,,,,TIPO_DATO15__POP1564_N1,,,
IT1:22_293_DF_DCIS_INDDEMOG1_1(1.0),A,IT110,POP1564,2023,65.9,,,,TIPO_DATO15__POP1564_N1,,,
IT1:22_293_DF_DCIS_INDDEMOG1_1(1.0),A,IT110,POP1564,2024,65.6,,,,TIPO_DATO15__POP1564_N1,,,
IT1:22_293_DF_DCIS_INDDEMOG1_1(1.0),A,IT110,POP1564,2025,65.3,,,,TIPO_DATO15__POP1564_N1,,,
IT1:22_293_DF_DCIS_INDDEMOG1_1(1.0),A,IT110,POP1564,2026,65.1,e,,,TIPO_DATO15__POP1564_N1,,,
IT1:22_293_DF_DCIS_INDDEMOG1_1(1.0),A,IT111,POP1564,2015,66.1,,,,TIPO_DATO15__POP1564_N1,,,
IT1:22_293_DF_DCIS_INDDEMOG1_1(1.0),A,IT111,POP1564,2016,65.7,,,,TIPO_DATO15__POP1564_N1,,,
IT1:22_293_DF_DCIS_INDDEMOG1_1(1.0),A,IT111,POP1564,2017,65.1,,,,TIPO_DATO15__POP1564_N1,,,
IT1:22_293_DF_DCIS_INDDEMOG1_1(1.0),A,IT111,POP1564,2018,64.7,,,,TIPO_DATO15__POP1564_N1,,,
IT1:22_293_DF_DCIS_INDDEMOG1_1(1.0),A,IT111,POP1564,2019,64.2,,,,TIPO_DATO15__POP1564_N1,,,
IT1:22_293_DF_DCIS_INDDEMOG1_1(1.0),A,IT111,POP1564,2020,63.6,,,,TIPO_DATO15__POP1564_N1,,,
IT1:22_293_DF_DCIS_INDDEMOG1_1(1.0),A,IT111,POP1564,2021,62.6,,,,TIPO_DATO15__POP1564_N1,,,
IT1:22_293_DF_DCIS_INDDEMOG1_1(1.0),A,IT111,POP1564,2022,62.3,,,,TIPO_DATO15__POP1564_N1,,,
IT1:22_293_DF_DCIS_INDDEMOG1_1(1.0),A,IT111,POP1564,2023,61.9,,,,TIPO_DATO15__POP1564_N1,,,
IT1:22_293_DF_DCIS_INDDEMOG1_1(1.0),A,IT111,POP1564,2024,61.6,,,,TIPO_DATO15__POP1564_N1,,,
IT1:22_293_DF_DCIS_INDDEMOG1_1(1.0),A,IT111,POP1564,2025,61.2,,,,TIPO_DATO15__POP1564_N1,,,
IT1:22_293_DF_DCIS_INDDEMOG1_1(1.0),A,IT111,POP1564,2026,60.8,e,,,TIPO_DATO15__POP1564_N1,,,
IT1:22_293_DF_DCIS_INDDEMOG1_1(1.0),A,ITC,POP1564,2015,63.3,,,,TIPO_DATO15__POP1564_N1,,,
IT1:22_293_DF_DCIS_INDDEMOG1_1(1.0),A,ITC,POP1564,2016,63.1,,,,TIPO_DATO15__POP1564_N1,,,
IT1:22_293_DF_DCIS_INDDEMOG1_1(1.0),A,ITC,POP1564,2017,63,,,,TIPO_DATO15__POP1564_N1,,,
IT1:22_293_DF_DCIS_INDDEMOG1_1(1.0),A,ITC,POP1564,2018,62.9,,,,TIPO_DATO15__POP1564_N1,,,
IT1:22_293_DF_DCIS_INDDEMOG1_1(1.0),A,ITC,POP1564,2019,62.9,,,,TIPO_DATO15__POP1564_N1,,,
IT1:22_293_DF_DCIS_INDDEMOG1_1(1.0),A,ITC,POP1564,2020,62.9,,,,TIPO_DATO15__POP1564_N1,,,
IT1:22_293_DF_DCIS_INDDEMOG1_1(1.0),A,ITC,POP1564,2021,62.9,,,,TIPO_DATO15__POP1564_N1,,,
IT1:22_293_DF_DCIS_INDDEMOG1_1(1.0),A,ITC,POP1564,2022,62.9,,,,TIPO_DATO15__POP1564_N1,,,
IT1:22_293_DF_DCIS_INDDEMOG1_1(1.0),A,ITC,POP1564,2023,63,,,,TIPO_DATO15__POP1564_N1,,,
IT1:22_293_DF_DCIS_INDDEMOG1_1(1.0),A,ITC,POP1564,2024,63.1,,,,TIPO_DATO15__POP1564_N1,,,
IT1:22_293_DF_DCIS_INDDEMOG1_1(1.0),A,ITC,POP1564,2025,63.1,,,,TIPO_DATO15__POP1564_N1,,,
IT1:22_293_DF_DCIS_INDDEMOG1_1(1.0),A,ITC,POP1564,2026,63,e,,,TIPO_DATO15__POP1564_N1,,,
IT1:22_293_DF_DCIS_INDDEMOG1_1(1.0),A,ITC1,POP1564,2015,62.5,,,,TIPO_DATO15__POP1564_N1,,,
IT1:22_293_DF_DCIS_INDDEMOG1_1(1.0),A,ITC1,POP1564,2016,62.3,,,,TIPO_DATO15__POP1564_N1,,,
IT1:22_293_DF_DCIS_INDDEMOG1_1(1.0),A,ITC1,POP1564,2017,62.2,,,,TIPO_DATO15__POP1564_N1,,,
IT1:22_293_DF_DCIS_INDDEMOG1_1(1.0),A,ITC1,POP1564,2018,62.1,,,,TIPO_DATO15__POP1564_N1,,,
IT1:22_293_DF_DCIS_INDDEMOG1_1(1.0),A,ITC1,POP1564,2019,62,,,,TIPO_DATO15__POP1564_N1,,,
IT1:22_293_DF_DCIS_INDDEMOG1_1(1.0),A,ITC1,POP1564,2020,61.9,,,,TIPO_DATO15__POP1564_N1,,,
IT1:22_293_DF_DCIS_INDDEMOG1_1(1.0),A,ITC1,POP1564,2021,61.9,,,,TIPO_DATO15__POP1564_N1,,,
IT1:22_293_DF_DCIS_INDDEMOG1_1(1.0),A,ITC1,POP1564,2022,61.8,,,,TIPO_DATO15__POP1564_N1,,,
IT1:22_293_DF_DCIS_INDDEMOG1_1(1.0),A,ITC1,POP1564,2023,61.9,,,,TIPO_DATO15__POP1564_N1,,,
IT1:22_293_DF_DCIS_INDDEMOG1_1(1.0),A,ITC1,POP1564,2024,61.9,,,,TIPO_DATO15__POP1564_N1,,,
IT1:22_293_DF_DCIS_INDDEMOG1_1(1.0),A,ITC1,POP1564,2025,61.9,,,,TIPO_DATO15__POP1564_N1,,,
IT1:22_293_DF_DCIS_INDDEMOG1_1(1.0),A,ITC1,POP1564,2026,61.9,e,,,TIPO_DATO15__POP1564_N1,,,
IT1:22_293_DF_DCIS_INDDEMOG1_1(1.0),A,ITC11,POP1564,2015,62.6,,,,TIPO_DATO15__POP1564_N1,,,
IT1:22_293_DF_DCIS_INDDEMOG1_1(1.0),A,ITC11,POP1564,2016,62.4,,,,TIPO_DATO15__POP1564_N1,,,
IT1:22_293_DF_DCIS_INDDEMOG1_1(1.0),A,ITC11,POP1564,2017,62.3,,,,TIPO_DATO15__POP1564_N1,,,
IT1:22_293_DF_DCIS_INDDEMOG1_1(1.0),A,ITC11,POP1564,2018,62.1,,,,TIPO_DATO15__POP1564_N1,,,
IT1:22_293_DF_DCIS_INDDEMOG1_1(1.0),A,ITC11,POP1564,2019,62.1,,,,TIPO_DATO15__POP1564_N1,,,
IT1:22_293_DF_DCIS_INDDEMOG1_1(1.0),A,ITC11,POP1564,2020,62,,,,TIPO_DATO15__POP1564_N1,,,
IT1:22_293_DF_DCIS_INDDEMOG1_1(1.0),A,ITC11,POP1564,2021,62,,,,TIPO_DATO15__POP1564_N1,,,
IT1:22_293_DF_DCIS_INDDEMOG1_1(1.0),A,ITC11,POP1564,2022,61.9,,,,TIPO_DATO15__POP1564_N1,,,
IT1:22_293_DF_DCIS_INDDEMOG1_1(1.0),A,ITC11,POP1564,2023,62,,,,TIPO_DATO15__POP1564_N1,,,
IT1:22_293_DF_DCIS_INDDEMOG1_1(1.0),A,ITC11,POP1564,2024,62.1,,,,TIPO_DATO15__POP1564_N1,,,
IT1:22_293_DF_DCIS_INDDEMOG1_1(1.0),A,ITC11,POP1564,2025,62.2,,,,TIPO_DATO15__POP1564_N1,,,
IT1:22_293_DF_DCIS_INDDEMOG1_1(1.0),A,ITC11,POP1564,2026,62.2,e,,,TIPO_DATO15__POP1564_N1,,,
IT1:22_293_DF_DCIS_INDDEMOG1_1(1.0),A,ITC12,POP1564,2015,62,,,,TIPO_DATO15__POP1564_N1,,,
IT1:22_293_DF_DCIS_INDDEMOG1_1(1.0),A,ITC12,POP1564,2016,61.8,,,,TIPO_DATO15__POP1564_N1,,,
IT1:22_293_DF_DCIS_INDDEMOG1_1(1.0),A,ITC12,POP1564,2017,61.6,,,,TIPO_DATO15__POP1564_N1,,,
IT1:22_293_DF_DCIS_INDDEMOG1_1(1.0),A,ITC12,POP1564,2018,61.6,,,,TIPO_DATO15__POP1564_N1,,,
IT1:22_293_DF_DCIS_INDDEMOG1_1(1.0),A,ITC12,POP1564,2019,61.4,,,,TIPO_DATO15__POP1564_N1,,,
IT1:22_293_DF_DCIS_INDDEMOG1_1(1.0),A,ITC12,POP1564,2020,61.3,,,,TIPO_DATO15__POP1564_N1,,,
IT1:22_293_DF_DCIS_INDDEMOG1_1(1.0),A,ITC12,POP1564,2021,61.1,,,,TIPO_DATO15__POP1564_N1,,,
IT1:22_293_DF_DCIS_INDDEMOG1_1(1.0),A,ITC12,POP1564,2022,61.2,,,,TIPO_DATO15__POP1564_N1,,,
IT1:22_293_DF_DCIS_INDDEMOG1_1(1.0),A,ITC12,POP1564,2023,61.2,,,,TIPO_DATO15__POP1564_N1,,,
IT1:22_293_DF_DCIS_INDDEMOG1_1(1.0),A,ITC12,POP1564,2024,61.1,,,,TIPO_DATO15__POP1564_N1,,,
IT1:22_293_DF_DCIS_INDDEMOG1_1(1.0),A,ITC12,POP1564,2025,61,,,,TIPO_DATO15__POP1564_N1,,,
IT1:22_293_DF_DCIS_INDDEMOG1_1(1.0),A,ITC12,POP1564,2026,60.9,e,,,TIPO_DATO15__POP1564_N1,,,
IT1:22_293_DF_DCIS_INDDEMOG1_1(1.0),A,ITC13,POP1564,2015,61.1,,,,TIPO_DATO15__POP1564_N1,,,
IT1:22_293_DF_DCIS_INDDEMOG1_1(1.0),A,ITC13,POP1564,2016,60.8,,,,TIPO_DATO15__POP1564_N1,,,
IT1:22_293_DF_DCIS_INDDEMOG1_1(1.0),A,ITC13,POP1564,2017,60.7,,,,TIPO_DATO15__POP1564_N1,,,
IT1:22_293_DF_DCIS_INDDEMOG1_1(1.0),A,ITC13,POP1564,2018,60.5,,,,TIPO_DATO15__POP1564_N1,,,
IT1:22_293_DF_DCIS_INDDEMOG1_1(1.0),A,ITC13,POP1564,2019,60.4,,,,TIPO_DATO15__POP1564_N1,,,
IT1:22_293_DF_DCIS_INDDEMOG1_1(1.0),A,ITC13,POP1564,2020,60.2,,,,TIPO_DATO15__POP1564_N1,,,
IT1:22_293_DF_DCIS_INDDEMOG1_1(1.0),A,ITC13,POP1564,2021,60.1,,,,TIPO_DATO15__POP1564_N1,,,
IT1:22_293_DF_DCIS_INDDEMOG1_1(1.0),A,ITC13,POP1564,2022,60.1,,,,TIPO_DATO15__POP1564_N1,,,
IT1:22_293_DF_DCIS_INDDEMOG1_1(1.0),A,ITC13,POP1564,2023,60.1,,,,TIPO_DATO15__POP1564_N1,,,
IT1:22_293_DF_DCIS_INDDEMOG1_1(1.0),A,ITC13,POP1564,2024,60,,,,TIPO_DATO15__POP1564_N1,,,
IT1:22_293_DF_DCIS_INDDEMOG1_1(1.0),A,ITC13,POP1564,2025,60,,,,TIPO_DATO15__POP1564_N1,,,
IT1:22_293_DF_DCIS_INDDEMOG1_1(1.0),A,ITC13,POP1564,2026,59.9,e,,,TIPO_DATO15__POP1564_N1,,,
IT1:22_293_DF_DCIS_INDDEMOG1_1(1.0),A,ITC14,POP1564,2015,62.6,,,,TIPO_DATO15__POP1564_N1,,,
IT1:22_293_DF_DCIS_INDDEMOG1_1(1.0),A,ITC14,POP1564,2016,62.4,,,,TIPO_DATO15__POP1564_N1,,,
IT1:22_293_DF_DCIS_INDDEMOG1_1(1.0),A,ITC14,POP1564,2017,62.3,,,,TIPO_DATO15__POP1564_N1,,,
IT1:22_293_DF_DCIS_INDDEMOG1_1(1.0),A,ITC14,POP1564,2018,62.2,,,,TIPO_DATO15__POP1564_N1,,,
IT1:22_293_DF_DCIS_INDDEMOG1_1(1.0),A,ITC14,POP1564,2019,62.1,,,,TIPO_DATO15__POP1564_N1,,,
IT1:22_293_DF_DCIS_INDDEMOG1_1(1.0),A,ITC14,POP1564,2020,61.8,,,,TIPO_DATO15__POP1564_N1,,,
IT1:22_293_DF_DCIS_INDDEMOG1_1(1.0),A,ITC14,POP1564,2021,61.6,,,,TIPO_DATO15__POP1564_N1,,,
IT1:22_293_DF_DCIS_INDDEMOG1_1(1.0),A,ITC14,POP1564,2022,61.5,,,,TIPO_DATO15__POP1564_N1,,,
IT1:22_293_DF_DCIS_INDDEMOG1_1(1.0),A,ITC14,POP1564,2023,61.6,,,,TIPO_DATO15__POP1564_N1,,,
IT1:22_293_DF_DCIS_INDDEMOG1_1(1.0),A,ITC14,POP1564,2024,61.5,,,,TIPO_DATO15__POP1564_N1,,,
IT1:22_293_DF_DCIS_INDDEMOG1_1(1.0),A,ITC14,POP1564,2025,61.3,,,,TIPO_DATO15__POP1564_N1,,,
IT1:22_293_DF_DCIS_INDDEMOG1_1(1.0),A,ITC14,POP1564,2026,61.1,e,,,TIPO_DATO15__POP1564_N1,,,
IT1:22_293_DF_DCIS_INDDEMOG1_1(1.0),A,ITC15,POP1564,2015,63.9,,,,TIPO_DATO15__POP1564_N1,,,
IT1:22_293_DF_DCIS_INDDEMOG1_1(1.0),A,ITC15,POP1564,2016,63.7,,,,TIPO_DATO15__POP1564_N1,,,
IT1:22_293_DF_DCIS_INDDEMOG1_1(1.0),A,ITC15,POP1564,2017,63.5,,,,TIPO_DATO15__POP1564_N1,,,
IT1:22_293_DF_DCIS_INDDEMOG1_1(1.0),A,ITC15,POP1564,2018,63.4,,,,TIPO_DATO15__POP1564_N1,,,
IT1:22_293_DF_DCIS_INDDEMOG1_1(1.0),A,ITC15,POP1564,2019,63.4,,,,TIPO_DATO15__POP1564_N1,,,
IT1:22_293_DF_DCIS_INDDEMOG1_1(1.0),A,ITC15,POP1564,2020,63.2,,,,TIPO_DATO15__POP1564_N1,,,
IT1:22_293_DF_DCIS_INDDEMOG1_1(1.0),A,ITC15,POP1564,2021,63,,,,TIPO_DATO15__POP1564_N1,,,
IT1:22_293_DF_DCIS_INDDEMOG1_1(1.0),A,ITC15,POP1564,2022,63,,,,TIPO_DATO15__POP1564_N1,,,
IT1:22_293_DF_DCIS_INDDEMOG1_1(1.0),A,ITC15,POP1564,2023,63.1,,,,TIPO_DATO15__POP1564_N1,,,
IT1:22_293_DF_DCIS_INDDEMOG1_1(1.0),A,ITC15,POP1564,2024,63.1,,,,TIPO_DATO15__POP1564_N1,,,
IT1:22_293_DF_DCIS_INDDEMOG1_1(1.0),A,ITC15,POP1564,2025,63,,,,TIPO_DATO15__POP1564_N1,,,
IT1:22_293_DF_DCIS_INDDEMOG1_1(1.0),A,ITC15,POP1564,2026,62.9,e,,,TIPO_DATO15__POP1564_N1,,,
IT1:22_293_DF_DCIS_INDDEMOG1_1(1.0),A,ITC16,POP1564,2015,63,,,,TIPO_DATO15__POP1564_N1,,,
IT1:22_293_DF_DCIS_INDDEMOG1_1(1.0),A,ITC16,POP1564,2016,62.8,,,,TIPO_DATO15__POP1564_N1,,,
IT1:22_293_DF_DCIS_INDDEMOG1_1(1.0),A,ITC16,POP1564,2017,62.7,,,,TIPO_DATO15__POP1564_N1,,,
IT1:22_293_DF_DCIS_INDDEMOG1_1(1.0),A,ITC16,POP1564,2018,62.6,,,,TIPO_DATO15__POP1564_N1,,,
IT1:22_293_DF_DCIS_INDDEMOG1_1(1.0),A,ITC16,POP1564,2019,62.5,,,,TIPO_DATO15__POP1564_N1,,,
IT1:22_293_DF_DCIS_INDDEMOG1_1(1.0),A,ITC16,POP1564,2020,62.4,,,,TIPO_DATO15__POP1564_N1,,,
IT1:22_293_DF_DCIS_INDDEMOG1_1(1.0),A,ITC16,POP1564,2021,62.4,,,,TIPO_DATO15__POP1564_N1,,,
IT1:22_293_DF_DCIS_INDDEMOG1_1(1.0),A,ITC16,POP1564,2022,62.3,,,,TIPO_DATO15__POP1564_N1,,,
IT1:22_293_DF_DCIS_INDDEMOG1_1(1.0),A,ITC16,POP1564,2023,62.4,,,,TIPO_DATO15__POP1564_N1,,,
IT1:22_293_DF_DCIS_INDDEMOG1_1(1.0),A,ITC16,POP1564,2024,62.4,,,,TIPO_DATO15__POP1564_N1,,,
IT1:22_293_DF_DCIS_INDDEMOG1_1(1.0),A,ITC16,POP1564,2025,62.3,,,,TIPO_DATO15__POP1564_N1,,,
IT1:22_293_DF_DCIS_INDDEMOG1_1(1.0),A,ITC16,POP1564,2026,62.2,e,,,TIPO_DATO15__POP1564_N1,,,
IT1:22_293_DF_DCIS_INDDEMOG1_1(1.0),A,ITC17,POP1564,2015,61.8,,,,TIPO_DATO15__POP1564_N1,,,
IT1:22_293_DF_DCIS_INDDEMOG1_1(1.0),A,ITC17,POP1564,2016,61.6,,,,TIPO_DATO15__POP1564_N1,,,
IT1:22_293_DF_DCIS_INDDEMOG1_1(1.0),A,ITC17,POP1564,2017,61.5,,,,TIPO_DATO15__POP1564_N1,,,
IT1:22_293_DF_DCIS_INDDEMOG1_1(1.0),A,ITC17,POP1564,2018,61.6,,,,TIPO_DATO15__POP1564_N1,,,
IT1:22_293_DF_DCIS_INDDEMOG1_1(1.0),A,ITC17,POP1564,2019,61.5,,,,TIPO_DATO15__POP1564_N1,,,
IT1:22_293_DF_DCIS_INDDEMOG1_1(1.0),A,ITC17,POP1564,2020,61.4,,,,TIPO_DATO15__POP1564_N1,,,
IT1:22_293_DF_DCIS_INDDEMOG1_1(1.0),A,ITC17,POP1564,2021,61.4,,,,TIPO_DATO15__POP1564_N1,,,
IT1:22_293_DF_DCIS_INDDEMOG1_1(1.0),A,ITC17,POP1564,2022,61.4,,,,TIPO_DATO15__POP1564_N1,,,
IT1:22_293_DF_DCIS_INDDEMOG1_1(1.0),A,ITC17,POP1564,2023,61.4,,,,TIPO_DATO15__POP1564_N1,,,
IT1:22_293_DF_DCIS_INDDEMOG1_1(1.0),A,ITC17,POP1564,2024,61.4,,,,TIPO_DATO15__POP1564_N1,,,
IT1:22_293_DF_DCIS_INDDEMOG1_1(1.0),A,ITC17,POP1564,2025,61.3,,,,TIPO_DATO15__POP1564_N1,,,
IT1:22_293_DF_DCIS_INDDEMOG1_1(1.0),A,ITC17,POP1564,2026,61.2,e,,,TIPO_DATO15__POP1564_N1,,,
IT1:22_293_DF_DCIS_INDDEMOG1_1(1.0),A,ITC18,POP1564,2015,61.4,,,,TIPO_DATO15__POP1564_N1,,,
IT1:22_293_DF_DCIS_INDDEMOG1_1(1.0),A,ITC18,POP1564,2016,61.3,,,,TIPO_DATO15__POP1564_N1,,,
IT1:22_293_DF_DCIS_INDDEMOG1_1(1.0),A,ITC18,POP1564,2017,61.2,,,,TIPO_DATO15__POP1564_N1,,,
IT1:22_293_DF_DCIS_INDDEMOG1_1(1.0),A,ITC18,POP1564,2018,61.2,,,,TIPO_DATO15__POP1564_N1,,,
IT1:22_293_DF_DCIS_INDDEMOG1_1(1.0),A,ITC18,POP1564,2019,61.1,,,,TIPO_DATO15__POP1564_N1,,,
IT1:22_293_DF_DCIS_INDDEMOG1_1(1.0),A,ITC18,POP1564,2020,61.1,,,,TIPO_DATO15__POP1564_N1,,,
IT1:22_293_DF_DCIS_INDDEMOG1_1(1.0),A,ITC18,POP1564,2021,60.9,,,,TIPO_DATO15__POP1564_N1,,,
IT1:22_293_DF_DCIS_INDDEMOG1_1(1.0),A,ITC18,POP1564,2022,60.9,,,,TIPO_DATO15__POP1564_N1,,,
IT1:22_293_DF_DCIS_INDDEMOG1_1(1.0),A,ITC18,POP1564,2023,61,,,,TIPO_DATO15__POP1564_N1,,,
IT1:22_293_DF_DCIS_INDDEMOG1_1(1.0),A,ITC18,POP1564,2024,60.9,,,,TIPO_DATO15__POP1564_N1,,,
IT1:22_293_DF_DCIS_INDDEMOG1_1(1.0),A,ITC18,POP1564,2025,60.9,,,,TIPO_DATO15__POP1564_N1,,,
IT1:22_293_DF_DCIS_INDDEMOG1_1(1.0),A,ITC18,POP1564,2026,61,e,,,TIPO_DATO15__POP1564_N1,,,
IT1:22_293_DF_DCIS_INDDEMOG1_1(1.0),A,ITC2,POP1564,2015,63.5,,,,TIPO_DATO15__POP1564_N1,,,
IT1:22_293_DF_DCIS_INDDEMOG1_1(1.0),A,ITC2,POP1564,2016,63.4,,,,TIPO_DATO15__POP1564_N1,,,
IT1:22_293_DF_DCIS_INDDEMOG1_1(1.0),A,ITC2,POP1564,2017,63.2,,,,TIPO_DATO15__POP1564_N1,,,
IT1:22_293_DF_DCIS_INDDEMOG1_1(1.0),A,ITC2,POP1564,2018,63.1,,,,TIPO_DATO15__POP1564_N1,,,
IT1:22_293_DF_DCIS_INDDEMOG1_1(1.0),A,ITC2,POP1564,2019,63.1,,,,TIPO_DATO15__POP1564_N1,,,
IT1:22_293_DF_DCIS_INDDEMOG1_1(1.0),A,ITC2,POP1564,2020,62.9,,,,TIPO_DATO15__POP1564_N1,,,
IT1:22_293_DF_DCIS_INDDEMOG1_1(1.0),A,ITC2,POP1564,2021,62.9,,,,TIPO_DATO15__POP1564_N1,,,
IT1:22_293_DF_DCIS_INDDEMOG1_1(1.0),A,ITC2,POP1564,2022,62.9,,,,TIPO_DATO15__POP1564_N1,,,
IT1:22_293_DF_DCIS_INDDEMOG1_1(1.0),A,ITC2,POP1564,2023,62.9,,,,TIPO_DATO15__POP1564_N1,,,
IT1:22_293_DF_DCIS_INDDEMOG1_1(1.0),A,ITC2,POP1564,2024,62.9,,,,TIPO_DATO15__POP1564_N1,,,
IT1:22_293_DF_DCIS_INDDEMOG1_1(1.0),A,ITC2,POP1564,2025,62.8,,,,TIPO_DATO15__POP1564_N1,,,
IT1:22_293_DF_DCIS_INDDEMOG1_1(1.0),A,ITC2,POP1564,2026,62.7,e,,,TIPO_DATO15__POP1564_N1,,,
IT1:22_293_DF_DCIS_INDDEMOG1_1(1.0),A,ITC20,POP1564,2015,63.5,,,,TIPO_DATO15__POP1564_N1,,,
IT1:22_293_DF_DCIS_INDDEMOG1_1(1.0),A,ITC20,POP1564,2016,63.4,,,,TIPO_DATO15__POP1564_N1,,,
IT1:22_293_DF_DCIS_INDDEMOG1_1(1.0),A,ITC20,POP1564,2017,63.2,,,,TIPO_DATO15__POP1564_N1,,,
IT1:22_293_DF_DCIS_INDDEMOG1_1(1.0),A,ITC20,POP1564,2018,63.1,,,,TIPO_DATO15__POP1564_N1,,,
IT1:22_293_DF_DCIS_INDDEMOG1_1(1.0),A,ITC20,POP1564,2019,63.1,,,,TIPO_DATO15__POP1564_N1,,,
IT1:22_293_DF_DCIS_INDDEMOG1_1(1.0),A,ITC20,POP1564,2020,62.9,,,,TIPO_DATO15__POP1564_N1,,,
IT1:22_293_DF_DCIS_INDDEMOG1_1(1.0),A,ITC20,POP1564,2021,62.9,,,,TIPO_DATO15__POP1564_N1,,,
IT1:22_293_DF_DCIS_INDDEMOG1_1(1.0),A,ITC20,POP1564,2022,62.9,,,,TIPO_DATO15__POP1564_N1,,,
IT1:22_293_DF_DCIS_INDDEMOG1_1(1.0),A,ITC20,POP1564,2023,62.9,,,,TIPO_DATO15__POP1564_N1,,,
IT1:22_293_DF_DCIS_INDDEMOG1_1(1.0),A,ITC20,POP1564,2024,62.9,,,,TIPO_DATO15__POP1564_N1,,,
IT1:22_293_DF_DCIS_INDDEMOG1_1(1.0),A,ITC20,POP1564,2025,62.8,,,,TIPO_DATO15__POP1564_N1,,,
IT1:22_293_DF_DCIS_INDDEMOG1_1(1.0),A,ITC20,POP1564,2026,62.7,e,,,TIPO_DATO15__POP1564_N1,,,
IT1:22_293_DF_DCIS_INDDEMOG1_1(1.0),A,ITC3,POP1564,2015,60.3,,,,TIPO_DATO15__POP1564_N1,,,
IT1:22_293_DF_DCIS_INDDEMOG1_1(1.0),A,ITC3,POP1564,2016,60.2,,,,TIPO_DATO15__POP1564_N1,,,
IT1:22_293_DF_DCIS_INDDEMOG1_1(1.0),A,ITC3,POP1564,2017,60.2,,,,TIPO_DATO15__POP1564_N1,,,
IT1:22_293_DF_DCIS_INDDEMOG1_1(1.0),A,ITC3,POP1564,2018,60.3,,,,TIPO_DATO15__POP1564_N1,,,
IT1:22_293_DF_DCIS_INDDEMOG1_1(1.0),A,ITC3,POP1564,2019,60.3,,,,TIPO_DATO15__POP1564_N1,,,
IT1:22_293_DF_DCIS_INDDEMOG1_1(1.0),A,ITC3,POP1564,2020,60.3,,,,TIPO_DATO15__POP1564_N1,,,
IT1:22_293_DF_DCIS_INDDEMOG1_1(1.0),A,ITC3,POP1564,2021,60.3,,,,TIPO_DATO15__POP1564_N1,,,
IT1:22_293_DF_DCIS_INDDEMOG1_1(1.0),A,ITC3,POP1564,2022,60.3,,,,TIPO_DATO15__POP1564_N1,,,
IT1:22_293_DF_DCIS_INDDEMOG1_1(1.0),A,ITC3,POP1564,2023,60.5,,,,TIPO_DATO15__POP1564_N1,,,
IT1:22_293_DF_DCIS_INDDEMOG1_1(1.0),A,ITC3,POP1564,2024,60.5,,,,TIPO_DATO15__POP1564_N1,,,
IT1:22_293_DF_DCIS_INDDEMOG1_1(1.0),A,ITC3,POP1564,2025,60.5,,,,TIPO_DATO15__POP1564_N1,,,
IT1:22_293_DF_DCIS_INDDEMOG1_1(1.0),A,ITC3,POP1564,2026,60.5,e,,,TIPO_DATO15__POP1564_N1,,,
IT1:22_293_DF_DCIS_INDDEMOG1_1(1.0),A,ITC31,POP1564,2015,61,,,,TIPO_DATO15__POP1564_N1,,,
IT1:22_293_DF_DCIS_INDDEMOG1_1(1.0),A,ITC31,POP1564,2016,60.9,,,,TIPO_DATO15__POP1564_N1,,,
IT1:22_293_DF_DCIS_INDDEMOG1_1(1.0),A,ITC31,POP1564,2017,60.9,,,,TIPO_DATO15__POP1564_N1,,,
IT1:22_293_DF_DCIS_INDDEMOG1_1(1.0),A,ITC31,POP1564,2018,60.9,,,,TIPO_DATO15__POP1564_N1,,,
IT1:22_293_DF_DCIS_INDDEMOG1_1(1.0),A,ITC31,POP1564,2019,60.9,,,,TIPO_DATO15__POP1564_N1,,,
IT1:22_293_DF_DCIS_INDDEMOG1_1(1.0),A,ITC31,POP1564,2020,60.9,,,,TIPO_DATO15__POP1564_N1,,,
IT1:22_293_DF_DCIS_INDDEMOG1_1(1.0),A,ITC31,POP1564,2021,60.7,,,,TIPO_DATO15__POP1564_N1,,,
IT1:22_293_DF_DCIS_INDDEMOG1_1(1.0),A,ITC31,POP1564,2022,60.8,,,,TIPO_DATO15__POP1564_N1,,,
IT1:22_293_DF_DCIS_INDDEMOG1_1(1.0),A,ITC31,POP1564,2023,60.8,,,,TIPO_DATO15__POP1564_N1,,,
IT1:22_293_DF_DCIS_INDDEMOG1_1(1.0),A,ITC31,POP1564,2024,60.8,,,,TIPO_DATO15__POP1564_N1,,,
IT1:22_293_DF_DCIS_INDDEMOG1_1(1.0),A,ITC31,POP1564,2025,60.7,,,,TIPO_DATO15__POP1564_N1,,,
IT1:22_293_DF_DCIS_INDDEMOG1_1(1.0),A,ITC31,POP1564,2026,60.6,e,,,TIPO_DATO15__POP1564_N1,,,
IT1:22_293_DF_DCIS_INDDEMOG1_1(1.0),A,ITC32,POP1564,2015,59.8,,,,TIPO_DATO15__POP1564_N1,,,
IT1:22_293_DF_DCIS_INDDEMOG1_1(1.0),A,ITC32,POP1564,2016,59.7,,,,TIPO_DATO15__POP1564_N1,,,
IT1:22_293_DF_DCIS_INDDEMOG1_1(1.0),A,ITC32,POP1564,2017,59.7,,,,TIPO_DATO15__POP1564_N1,,,
IT1:22_293_DF_DCIS_INDDEMOG1_1(1.0),A,ITC32,POP1564,2018,59.8,,,,TIPO_DATO15__POP1564_N1,,,
IT1:22_293_DF_DCIS_INDDEMOG1_1(1.0),A,ITC32,POP1564,2019,59.9,,,,TIPO_DATO15__POP1564_N1,,,
IT1:22_293_DF_DCIS_INDDEMOG1_1(1.0),A,ITC32,POP1564,2020,59.8,,,,TIPO_DATO15__POP1564_N1,,,
IT1:22_293_DF_DCIS_INDDEMOG1_1(1.0),A,ITC32,POP1564,2021,59.8,,,,TIPO_DATO15__POP1564_N1,,,
IT1:22_293_DF_DCIS_INDDEMOG1_1(1.0),A,ITC32,POP1564,2022,59.9,,,,TIPO_DATO15__POP1564_N1,,,
IT1:22_293_DF_DCIS_INDDEMOG1_1(1.0),A,ITC32,POP1564,2023,60,,,,TIPO_DATO15__POP1564_N1,,,
IT1:22_293_DF_DCIS_INDDEMOG1_1(1.0),A,ITC32,POP1564,2024,60,,,,TIPO_DATO15__POP1564_N1,,,
IT1:22_293_DF_DCIS_INDDEMOG1_1(1.0),A,ITC32,POP1564,2025,59.9,,,,TIPO_DATO15__POP1564_N1,,,
IT1:22_293_DF_DCIS_INDDEMOG1_1(1.0),A,ITC32,POP1564,2026,60,e,,,TIPO_DATO15__POP1564_N1,,,
IT1:22_293_DF_DCIS_INDDEMOG1_1(1.0),A,ITC33,POP1564,2015,60.1,,,,TIPO_DATO15__POP1564_N1,,,
IT1:22_293_DF_DCIS_INDDEMOG1_1(1.0),A,ITC33,POP1564,2016,60,,,,TIPO_DATO15__POP1564_N1,,,
IT1:22_293_DF_DCIS_INDDEMOG1_1(1.0),A,ITC33,POP1564,2017,60.1,,,,TIPO_DATO15__POP1564_N1,,,
IT1:22_293_DF_DCIS_INDDEMOG1_1(1.0),A,ITC33,POP1564,2018,60.1,,,,TIPO_DATO15__POP1564_N1,,,
IT1:22_293_DF_DCIS_INDDEMOG1_1(1.0),A,ITC33,POP1564,2019,60.1,,,,TIPO_DATO15__POP1564_N1,,,
IT1:22_293_DF_DCIS_INDDEMOG1_1(1.0),A,ITC33,POP1564,2020,60.1,,,,TIPO_DATO15__POP1564_N1,,,
IT1:22_293_DF_DCIS_INDDEMOG1_1(1.0),A,ITC33,POP1564,2021,60.2,,,,TIPO_DATO15__POP1564_N1,,,
IT1:22_293_DF_DCIS_INDDEMOG1_1(1.0),A,ITC33,POP1564,2022,60.1,,,,TIPO_DATO15__POP1564_N1,,,
IT1:22_293_DF_DCIS_INDDEMOG1_1(1.0),A,ITC33,POP1564,2023,60.3,,,,TIPO_DATO15__POP1564_N1,,,
IT1:22_293_DF_DCIS_INDDEMOG1_1(1.0),A,ITC33,POP1564,2024,60.4,,,,TIPO_DATO15__POP1564_N1,,,
IT1:22_293_DF_DCIS_INDDEMOG1_1(1.0),A,ITC33,POP1564,2025,60.4,,,,TIPO_DATO15__POP1564_N1,,,
IT1:22_293_DF_DCIS_INDDEMOG1_1(1.0),A,ITC33,POP1564,2026,60.4,e,,,TIPO_DATO15__POP1564_N1,,,
IT1:22_293_DF_DCIS_INDDEMOG1_1(1.0),A,ITC34,POP1564,2015,61,,,,TIPO_DATO15__POP1564_N1,,,
IT1:22_293_DF_DCIS_INDDEMOG1_1(1.0),A,ITC34,POP1564,2016,61,,,,TIPO_DATO15__POP1564_N1,,,
IT1:22_293_DF_DCIS_INDDEMOG1_1(1.0),A,ITC34,POP1564,2017,61.1,,,,TIPO_DATO15__POP1564_N1,,,
IT1:22_293_DF_DCIS_INDDEMOG1_1(1.0),A,ITC34,POP1564,2018,61.1,,,,TIPO_DATO15__POP1564_N1,,,
IT1:22_293_DF_DCIS_INDDEMOG1_1(1.0),A,ITC34,POP1564,2019,61.2,,,,TIPO_DATO15__POP1564_N1,,,
IT1:22_293_DF_DCIS_INDDEMOG1_1(1.0),A,ITC34,POP1564,2020,61.2,,,,TIPO_DATO15__POP1564_N1,,,
IT1:22_293_DF_DCIS_INDDEMOG1_1(1.0),A,ITC34,POP1564,2021,61.2,,,,TIPO_DATO15__POP1564_N1,,,
IT1:22_293_DF_DCIS_INDDEMOG1_1(1.0),A,ITC34,POP1564,2022,61.2,,,,TIPO_DATO15__POP1564_N1,,,
IT1:22_293_DF_DCIS_INDDEMOG1_1(1.0),A,ITC34,POP1564,2023,61.4,,,,TIPO_DATO15__POP1564_N1,,,
IT1:22_293_DF_DCIS_INDDEMOG1_1(1.0),A,ITC34,POP1564,2024,61.4,,,,TIPO_DATO15__POP1564_N1,,,
IT1:22_293_DF_DCIS_INDDEMOG1_1(1.0),A,ITC34,POP1564,2025,61.4,,,,TIPO_DATO15__POP1564_N1,,,
IT1:22_293_DF_DCIS_INDDEMOG1_1(1.0),A,ITC34,POP1564,2026,61.3,e,,,TIPO_DATO15__POP1564_N1,,,
IT1:22_293_DF_DCIS_INDDEMOG1_1(1.0),A,ITC4,POP1564,2015,64.1,,,,TIPO_DATO15__POP1564_N1,,,
IT1:22_293_DF_DCIS_INDDEMOG1_1(1.0),A,ITC4,POP1564,2016,63.9,,,,TIPO_DATO15__POP1564_N1,,,
IT1:22_293_DF_DCIS_INDDEMOG1_1(1.0),A,ITC4,POP1564,2017,63.8,,,,TIPO_DATO15__POP1564_N1,,,
IT1:22_293_DF_DCIS_INDDEMOG1_1(1.0),A,ITC4,POP1564,2018,63.7,,,,TIPO_DATO15__POP1564_N1,,,
IT1:22_293_DF_DCIS_INDDEMOG1_1(1.0),A,ITC4,POP1564,2019,63.7,,,,TIPO_DATO15__POP1564_N1,,,
IT1:22_293_DF_DCIS_INDDEMOG1_1(1.0),A,ITC4,POP1564,2020,63.7,,,,TIPO_DATO15__POP1564_N1,,,
IT1:22_293_DF_DCIS_INDDEMOG1_1(1.0),A,ITC4,POP1564,2021,63.8,,,,TIPO_DATO15__POP1564_N1,,,
IT1:22_293_DF_DCIS_INDDEMOG1_1(1.0),A,ITC4,POP1564,2022,63.7,,,,TIPO_DATO15__POP1564_N1,,,
IT1:22_293_DF_DCIS_INDDEMOG1_1(1.0),A,ITC4,POP1564,2023,63.9,,,,TIPO_DATO15__POP1564_N1,,,
IT1:22_293_DF_DCIS_INDDEMOG1_1(1.0),A,ITC4,POP1564,2024,64,,,,TIPO_DATO15__POP1564_N1,,,
IT1:22_293_DF_DCIS_INDDEMOG1_1(1.0),A,ITC4,POP1564,2025,64,,,,TIPO_DATO15__POP1564_N1,,,
IT1:22_293_DF_DCIS_INDDEMOG1_1(1.0),A,ITC4,POP1564,2026,63.9,e,,,TIPO_DATO15__POP1564_N1,,,
IT1:22_293_DF_DCIS_INDDEMOG1_1(1.0),A,ITC41,POP1564,2015,63.5,,,,TIPO_DATO15__POP1564_N1,,,
IT1:22_293_DF_DCIS_INDDEMOG1_1(1.0),A,ITC41,POP1564,2016,63.3,,,,TIPO_DATO15__POP1564_N1,,,
IT1:22_293_DF_DCIS_INDDEMOG1_1(1.0),A,ITC41,POP1564,2017,63.1,,,,TIPO_DATO15__POP1564_N1,,,
IT1:22_293_DF_DCIS_INDDEMOG1_1(1.0),A,ITC41,POP1564,2018,63,,,,TIPO_DATO15__POP1564_N1,,,
IT1:22_293_DF_DCIS_INDDEMOG1_1(1.0),A,ITC41,POP1564,2019,62.9,,,,TIPO_DATO15__POP1564_N1,,,
IT1:22_293_DF_DCIS_INDDEMOG1_1(1.0),A,ITC41,POP1564,2020,62.8,,,,TIPO_DATO15__POP1564_N1,,,
IT1:22_293_DF_DCIS_INDDEMOG1_1(1.0),A,ITC41,POP1564,2021,62.7,,,,TIPO_DATO15__POP1564_N1,,,
IT1:22_293_DF_DCIS_INDDEMOG1_1(1.0),A,ITC41,POP1564,2022,62.7,,,,TIPO_DATO15__POP1564_N1,,,
IT1:22_293_DF_DCIS_INDDEMOG1_1(1.0),A,ITC41,POP1564,2023,62.8,,,,TIPO_DATO15__POP1564_N1,,,
IT1:22_293_DF_DCIS_INDDEMOG1_1(1.0),A,ITC41,POP1564,2024,62.9,,,,TIPO_DATO15__POP1564_N1,,,
IT1:22_293_DF_DCIS_INDDEMOG1_1(1.0),A,ITC41,POP1564,2025,62.9,,,,TIPO_DATO15__POP1564_N1,,,
IT1:22_293_DF_DCIS_INDDEMOG1_1(1.0),A,ITC41,POP1564,2026,62.9,e,,,TIPO_DATO15__POP1564_N1,,,
IT1:22_293_DF_DCIS_INDDEMOG1_1(1.0),A,ITC42,POP1564,2015,64.3,,,,TIPO_DATO15__POP1564_N1,,,
IT1:22_293_DF_DCIS_INDDEMOG1_1(1.0),A,ITC42,POP1564,2016,64.1,,,,TIPO_DATO15__POP1564_N1,,,
IT1:22_293_DF_DCIS_INDDEMOG1_1(1.0),A,ITC42,POP1564,2017,63.9,,,,TIPO_DATO15__POP1564_N1,,,
IT1:22_293_DF_DCIS_INDDEMOG1_1(1.0),A,ITC42,POP1564,2018,63.8,,,,TIPO_DATO15__POP1564_N1,,,
IT1:22_293_DF_DCIS_INDDEMOG1_1(1.0),A,ITC42,POP1564,2019,63.7,,,,TIPO_DATO15__POP1564_N1,,,
IT1:22_293_DF_DCIS_INDDEMOG1_1(1.0),A,ITC42,POP1564,2020,63.7,,,,TIPO_DATO15__POP1564_N1,,,
IT1:22_293_DF_DCIS_INDDEMOG1_1(1.0),A,ITC42,POP1564,2021,63.6,,,,TIPO_DATO15__POP1564_N1,,,
IT1:22_293_DF_DCIS_INDDEMOG1_1(1.0),A,ITC42,POP1564,2022,63.6,,,,TIPO_DATO15__POP1564_N1,,,
IT1:22_293_DF_DCIS_INDDEMOG1_1(1.0),A,ITC42,POP1564,2023,63.7,,,,TIPO_DATO15__POP1564_N1,,,
IT1:22_293_DF_DCIS_INDDEMOG1_1(1.0),A,ITC42,POP1564,2024,63.7,,,,TIPO_DATO15__POP1564_N1,,,
IT1:22_293_DF_DCIS_INDDEMOG1_1(1.0),A,ITC42,POP1564,2025,63.6,,,,TIPO_DATO15__POP1564_N1,,,
IT1:22_293_DF_DCIS_INDDEMOG1_1(1.0),A,ITC42,POP1564,2026,63.5,e,,,TIPO_DATO15__POP1564_N1,,,
IT1:22_293_DF_DCIS_INDDEMOG1_1(1.0),A,ITC43,POP1564,2015,63.7,,,,TIPO_DATO15__POP1564_N1,,,
IT1:22_293_DF_DCIS_INDDEMOG1_1(1.0),A,ITC43,POP1564,2016,63.4,,,,TIPO_DATO15__POP1564_N1,,,
IT1:22_293_DF_DCIS_INDDEMOG1_1(1.0),A,ITC43,POP1564,2017,63.2,,,,TIPO_DATO15__POP1564_N1,,,
IT1:22_293_DF_DCIS_INDDEMOG1_1(1.0),A,ITC43,POP1564,2018,63.1,,,,TIPO_DATO15__POP1564_N1,,,
IT1:22_293_DF_DCIS_INDDEMOG1_1(1.0),A,ITC43,POP1564,2019,63,,,,TIPO_DATO15__POP1564_N1,,,
IT1:22_293_DF_DCIS_INDDEMOG1_1(1.0),A,ITC43,POP1564,2020,62.8,,,,TIPO_DATO15__POP1564_N1,,,
IT1:22_293_DF_DCIS_INDDEMOG1_1(1.0),A,ITC43,POP1564,2021,62.8,,,,TIPO_DATO15__POP1564_N1,,,
IT1:22_293_DF_DCIS_INDDEMOG1_1(1.0),A,ITC43,POP1564,2022,62.6,,,,TIPO_DATO15__POP1564_N1,,,
IT1:22_293_DF_DCIS_INDDEMOG1_1(1.0),A,ITC43,POP1564,2023,62.7,,,,TIPO_DATO15__POP1564_N1,,,
IT1:22_293_DF_DCIS_INDDEMOG1_1(1.0),A,ITC43,POP1564,2024,62.6,,,,TIPO_DATO15__POP1564_N1,,,
IT1:22_293_DF_DCIS_INDDEMOG1_1(1.0),A,ITC43,POP1564,2025,62.5,,,,TIPO_DATO15__POP1564_N1,,,
IT1:22_293_DF_DCIS_INDDEMOG1_1(1.0),A,ITC43,POP1564,2026,62.5,e,,,TIPO_DATO15__POP1564_N1,,,
IT1:22_293_DF_DCIS_INDDEMOG1_1(1.0),A,ITC44,POP1564,2015,64.5,,,,TIPO_DATO15__POP1564_N1,,,
IT1:22_293_DF_DCIS_INDDEMOG1_1(1.0),A,ITC44,POP1564,2016,64.2,,,,TIPO_DATO15__POP1564_N1,,,
IT1:22_293_DF_DCIS_INDDEMOG1_1(1.0),A,ITC44,POP1564,2017,63.8,,,,TIPO_DATO15__POP1564_N1,,,
IT1:22_293_DF_DCIS_INDDEMOG1_1(1.0),A,ITC44,POP1564,2018,63.7,,,,TIPO_DATO15__POP1564_N1,,,
IT1:22_293_DF_DCIS_INDDEMOG1_1(1.0),A,ITC44,POP1564,2019,63.6,,,,TIPO_DATO15__POP1564_N1,,,
IT1:22_293_DF_DCIS_INDDEMOG1_1(1.0),A,ITC44,POP1564,2020,63.3,,,,TIPO_DATO15__POP1564_N1,,,
IT1:22_293_DF_DCIS_INDDEMOG1_1(1.0),A,ITC44,POP1564,2021,63.1,,,,TIPO_DATO15__POP1564_N1,,,
IT1:22_293_DF_DCIS_INDDEMOG1_1(1.0),A,ITC44,POP1564,2022,63,,,,TIPO_DATO15__POP1564_N1,,,
IT1:22_293_DF_DCIS_INDDEMOG1_1(1.0),A,ITC44,POP1564,2023,62.8,,,,TIPO_DATO15__POP1564_N1,,,
IT1:22_293_DF_DCIS_INDDEMOG1_1(1.0),A,ITC44,POP1564,2024,62.6,,,,TIPO_DATO15__POP1564_N1,,,
IT1:22_293_DF_DCIS_INDDEMOG1_1(1.0),A,ITC44,POP1564,2025,62.3,,,,TIPO_DATO15__POP1564_N1,,,
IT1:22_293_DF_DCIS_INDDEMOG1_1(1.0),A,ITC44,POP1564,2026,62.1,e,,,TIPO_DATO15__POP1564_N1,,,
IT1:22_293_DF_DCIS_INDDEMOG1_1(1.0),A,ITC45,POP1564,2015,63.7,,,,TIPO_DATO15__POP1564_N1,,,
IT1:22_293_DF_DCIS_INDDEMOG1_1(1.0),A,ITC45,POP1564,2016,63.6,,,,TIPO_DATO15__POP1564_N1,,,
IT1:22_293_DF_DCIS_INDDEMOG1_1(1.0),A,ITC45,POP1564,2017,63.6,,,,TIPO_DATO15__POP1564_N1,,,
IT1:22_293_DF_DCIS_INDDEMOG1_1(1.0),A,ITC45,POP1564,2018,63.6,,,,TIPO_DATO15__POP1564_N1,,,
IT1:22_293_DF_DCIS_INDDEMOG1_1(1.0),A,ITC45,POP1564,2019,63.8,,,,TIPO_DATO15__POP1564_N1,,,
IT1:22_293_DF_DCIS_INDDEMOG1_1(1.0),A,ITC45,POP1564,2020,63.9,,,,TIPO_DATO15__POP1564_N1,,,
IT1:22_293_DF_DCIS_INDDEMOG1_1(1.0),A,ITC45,POP1564,2021,64.1,,,,TIPO_DATO15__POP1564_N1,,,
IT1:22_293_DF_DCIS_INDDEMOG1_1(1.0),A,ITC45,POP1564,2022,64.1,,,,TIPO_DATO15__POP1564_N1,,,
IT1:22_293_DF_DCIS_INDDEMOG1_1(1.0),A,ITC45,POP1564,2023,64.3,,,,TIPO_DATO15__POP1564_N1,,,
IT1:22_293_DF_DCIS_INDDEMOG1_1(1.0),A,ITC45,POP1564,2024,64.6,,,,TIPO_DATO15__POP1564_N1,,,
IT1:22_293_DF_DCIS_INDDEMOG1_1(1.0),A,ITC45,POP1564,2025,64.7,,,,TIPO_DATO15__POP1564_N1,,,
IT1:22_293_DF_DCIS_INDDEMOG1_1(1.0),A,ITC45,POP1564,2026,64.6,e,,,TIPO_DATO15__POP1564_N1,,,
IT1:22_293_DF_DCIS_INDDEMOG1_1(1.0),A,ITC46,POP1564,2015,65.1,,,,TIPO_DATO15__POP1564_N1,,,
IT1:22_293_DF_DCIS_INDDEMOG1_1(1.0),A,ITC46,POP1564,2016,64.8,,,,TIPO_DATO15__POP1564_N1,,,
IT1:22_293_DF_DCIS_INDDEMOG1_1(1.0),A,ITC46,POP1564,2017,64.7,,,,TIPO_DATO15__POP1564_N1,,,
IT1:22_293_DF_DCIS_INDDEMOG1_1(1.0),A,ITC46,POP1564,2018,64.6,,,,TIPO_DATO15__POP1564_N1,,,
IT1:22_293_DF_DCIS_INDDEMOG1_1(1.0),A,ITC46,POP1564,2019,64.5,,,,TIPO_DATO15__POP1564_N1,,,
IT1:22_293_DF_DCIS_INDDEMOG1_1(1.0),A,ITC46,POP1564,2020,64.4,,,,TIPO_DATO15__POP1564_N1,,,
IT1:22_293_DF_DCIS_INDDEMOG1_1(1.0),A,ITC46,POP1564,2021,64.6,,,,TIPO_DATO15__POP1564_N1,,,
IT1:22_293_DF_DCIS_INDDEMOG1_1(1.0),A,ITC46,POP1564,2022,64.5,,,,TIPO_DATO15__POP1564_N1,,,
IT1:22_293_DF_DCIS_INDDEMOG1_1(1.0),A,ITC46,POP1564,2023,64.6,,,,TIPO_DATO15__POP1564_N1,,,
IT1:22_293_DF_DCIS_INDDEMOG1_1(1.0),A,ITC46,POP1564,2024,64.5,,,,TIPO_DATO15__POP1564_N1,,,
IT1:22_293_DF_DCIS_INDDEMOG1_1(1.0),A,ITC46,POP1564,2025,64.4,,,,TIPO_DATO15__POP1564_N1,,,
IT1:22_293_DF_DCIS_INDDEMOG1_1(1.0),A,ITC46,POP1564,2026,64.4,e,,,TIPO_DATO15__POP1564_N1,,,
IT1:22_293_DF_DCIS_INDDEMOG1_1(1.0),A,ITC47,POP1564,2015,64.6,,,,TIPO_DATO15__POP1564_N1,,,
IT1:22_293_DF_DCIS_INDDEMOG1_1(1.0),A,ITC47,POP1564,2016,64.4,,,,TIPO_DATO15__POP1564_N1,,,
IT1:22_293_DF_DCIS_INDDEMOG1_1(1.0),A,ITC47,POP1564,2017,64.3,,,,TIPO_DATO15__POP1564_N1,,,
IT1:22_293_DF_DCIS_INDDEMOG1_1(1.0),A,ITC47,POP1564,2018,64.2,,,,TIPO_DATO15__POP1564_N1,,,
IT1:22_293_DF_DCIS_INDDEMOG1_1(1.0),A,ITC47,POP1564,2019,64.2,,,,TIPO_DATO15__POP1564_N1,,,
IT1:22_293_DF_DCIS_INDDEMOG1_1(1.0),A,ITC47,POP1564,2020,64.2,,,,TIPO_DATO15__POP1564_N1,,,
IT1:22_293_DF_DCIS_INDDEMOG1_1(1.0),A,ITC47,POP1564,2021,64.3,,,,TIPO_DATO15__POP1564_N1,,,
IT1:22_293_DF_DCIS_INDDEMOG1_1(1.0),A,ITC47,POP1564,2022,64.2,,,,TIPO_DATO15__POP1564_N1,,,
IT1:22_293_DF_DCIS_INDDEMOG1_1(1.0),A,ITC47,POP1564,2023,64.3,,,,TIPO_DATO15__POP1564_N1,,,
IT1:22_293_DF_DCIS_INDDEMOG1_1(1.0),A,ITC47,POP1564,2024,64.3,,,,TIPO_DATO15__POP1564_N1,,,
IT1:22_293_DF_DCIS_INDDEMOG1_1(1.0),A,ITC47,POP1564,2025,64.3,,,,TIPO_DATO15__POP1564_N1,,,
IT1:22_293_DF_DCIS_INDDEMOG1_1(1.0),A,ITC47,POP1564,2026,64.2,e,,,TIPO_DATO15__POP1564_N1,,,
IT1:22_293_DF_DCIS_INDDEMOG1_1(1.0),A,ITC48,POP1564,2015,63.6,,,,TIPO_DATO15__POP1564_N1,,,
IT1:22_293_DF_DCIS_INDDEMOG1_1(1.0),A,ITC48,POP1564,2016,63.5,,,,TIPO_DATO15__POP1564_N1,,,
IT1:22_293_DF_DCIS_INDDEMOG1_1(1.0),A,ITC48,POP1564,2017,63.4,,,,TIPO_DATO15__POP1564_N1,,,
IT1:22_293_DF_DCIS_INDDEMOG1_1(1.0),A,ITC48,POP1564,2018,63.4,,,,TIPO_DATO15__POP1564_N1,,,
IT1:22_293_DF_DCIS_INDDEMOG1_1(1.0),A,ITC48,POP1564,2019,63.3,,,,TIPO_DATO15__POP1564_N1,,,
IT1:22_293_DF_DCIS_INDDEMOG1_1(1.0),A,ITC48,POP1564,2020,63.2,,,,TIPO_DATO15__POP1564_N1,,,
IT1:22_293_DF_DCIS_INDDEMOG1_1(1.0),A,ITC48,POP1564,2021,63.1,,,,TIPO_DATO15__POP1564_N1,,,
IT1:22_293_DF_DCIS_INDDEMOG1_1(1.0),A,ITC48,POP1564,2022,63.1,,,,TIPO_DATO15__POP1564_N1,,,
IT1:22_293_DF_DCIS_INDDEMOG1_1(1.0),A,ITC48,POP1564,2023,63.1,,,,TIPO_DATO15__POP1564_N1,,,
IT1:22_293_DF_DCIS_INDDEMOG1_1(1.0),A,ITC48,POP1564,2024,63.2,,,,TIPO_DATO15__POP1564_N1,,,
IT1:22_293_DF_DCIS_INDDEMOG1_1(1.0),A,ITC48,POP1564,2025,63.2,,,,TIPO_DATO15__POP1564_N1,,,
IT1:22_293_DF_DCIS_INDDEMOG1_1(1.0),A,ITC48,POP1564,2026,63.3,e,,,TIPO_DATO15__POP1564_N1,,,
IT1:22_293_DF_DCIS_INDDEMOG1_1(1.0),A,ITC49,POP1564,2015,65.2,,,,TIPO_DATO15__POP1564_N1,,,
IT1:22_293_DF_DCIS_INDDEMOG1_1(1.0),A,ITC49,POP1564,2016,64.9,,,,TIPO_DATO15__POP1564_N1,,,
IT1:22_293_DF_DCIS_INDDEMOG1_1(1.0),A,ITC49,POP1564,2017,64.7,,,,TIPO_DATO15__POP1564_N1,,,
IT1:22_293_DF_DCIS_INDDEMOG1_1(1.0),A,ITC49,POP1564,2018,64.5,,,,TIPO_DATO15__POP1564_N1,,,
IT1:22_293_DF_DCIS_INDDEMOG1_1(1.0),A,ITC49,POP1564,2019,64.6,,,,TIPO_DATO15__POP1564_N1,,,
IT1:22_293_DF_DCIS_INDDEMOG1_1(1.0),A,ITC49,POP1564,2020,64.4,,,,TIPO_DATO15__POP1564_N1,,,
IT1:22_293_DF_DCIS_INDDEMOG1_1(1.0),A,ITC49,POP1564,2021,64.5,,,,TIPO_DATO15__POP1564_N1,,,
IT1:22_293_DF_DCIS_INDDEMOG1_1(1.0),A,ITC49,POP1564,2022,64.3,,,,TIPO_DATO15__POP1564_N1,,,
IT1:22_293_DF_DCIS_INDDEMOG1_1(1.0),A,ITC49,POP1564,2023,64.4,,,,TIPO_DATO15__POP1564_N1,,,
IT1:22_293_DF_DCIS_INDDEMOG1_1(1.0),A,ITC49,POP1564,2024,64.4,,,,TIPO_DATO15__POP1564_N1,,,
IT1:22_293_DF_DCIS_INDDEMOG1_1(1.0),A,ITC49,POP1564,2025,64.3,,,,TIPO_DATO15__POP1564_N1,,,
IT1:22_293_DF_DCIS_INDDEMOG1_1(1.0),A,ITC49,POP1564,2026,64.3,e,,,TIPO_DATO15__POP1564_N1,,,
IT1:22_293_DF_DCIS_INDDEMOG1_1(1.0),A,ITC4A,POP1564,2015,63.5,,,,TIPO_DATO15__POP1564_N1,,,
IT1:22_293_DF_DCIS_INDDEMOG1_1(1.0),A,ITC4A,POP1564,2016,63.3,,,,TIPO_DATO15__POP1564_N1,,,
IT1:22_293_DF_DCIS_INDDEMOG1_1(1.0),A,ITC4A,POP1564,2017,63.1,,,,TIPO_DATO15__POP1564_N1,,,
IT1:22_293_DF_DCIS_INDDEMOG1_1(1.0),A,ITC4A,POP1564,2018,63,,,,TIPO_DATO15__POP1564_N1,,,
IT1:22_293_DF_DCIS_INDDEMOG1_1(1.0),A,ITC4A,POP1564,2019,63,,,,TIPO_DATO15__POP1564_N1,,,
IT1:22_293_DF_DCIS_INDDEMOG1_1(1.0),A,ITC4A,POP1564,2020,62.8,,,,TIPO_DATO15__POP1564_N1,,,
IT1:22_293_DF_DCIS_INDDEMOG1_1(1.0),A,ITC4A,POP1564,2021,62.8,,,,TIPO_DATO15__POP1564_N1,,,
IT1:22_293_DF_DCIS_INDDEMOG1_1(1.0),A,ITC4A,POP1564,2022,62.8,,,,TIPO_DATO15__POP1564_N1,,,
IT1:22_293_DF_DCIS_INDDEMOG1_1(1.0),A,ITC4A,POP1564,2023,62.7,,,,TIPO_DATO15__POP1564_N1,,,
IT1:22_293_DF_DCIS_INDDEMOG1_1(1.0),A,ITC4A,POP1564,2024,62.7,,,,TIPO_DATO15__POP1564_N1,,,
IT1:22_293_DF_DCIS_INDDEMOG1_1(1.0),A,ITC4A,POP1564,2025,62.7,,,,TIPO_DATO15__POP1564_N1,,,
IT1:22_293_DF_DCIS_INDDEMOG1_1(1.0),A,ITC4A,POP1564,2026,62.7,e,,,TIPO_DATO15__POP1564_N1,,,
IT1:22_293_DF_DCIS_INDDEMOG1_1(1.0),A,ITC4B,POP1564,2015,63.4,,,,TIPO_DATO15__POP1564_N1,,,
IT1:22_293_DF_DCIS_INDDEMOG1_1(1.0),A,ITC4B,POP1564,2016,63.2,,,,TIPO_DATO15__POP1564_N1,,,
IT1:22_293_DF_DCIS_INDDEMOG1_1(1.0),A,ITC4B,POP1564,2017,63.1,,,,TIPO_DATO15__POP1564_N1,,,
IT1:22_293_DF_DCIS_INDDEMOG1_1(1.0),A,ITC4B,POP1564,2018,63.1,,,,TIPO_DATO15__POP1564_N1,,,
IT1:22_293_DF_DCIS_INDDEMOG1_1(1.0),A,ITC4B,POP1564,2019,63,,,,TIPO_DATO15__POP1564_N1,,,
IT1:22_293_DF_DCIS_INDDEMOG1_1(1.0),A,ITC4B,POP1564,2020,62.9,,,,TIPO_DATO15__POP1564_N1,,,
IT1:22_293_DF_DCIS_INDDEMOG1_1(1.0),A,ITC4B,POP1564,2021,63,,,,TIPO_DATO15__POP1564_N1,,,
IT1:22_293_DF_DCIS_INDDEMOG1_1(1.0),A,ITC4B,POP1564,2022,63,,,,TIPO_DATO15__POP1564_N1,,,
IT1:22_293_DF_DCIS_INDDEMOG1_1(1.0),A,ITC4B,POP1564,2023,63.1,,,,TIPO_DATO15__POP1564_N1,,,
IT1:22_293_DF_DCIS_INDDEMOG1_1(1.0),A,ITC4B,POP1564,2024,63.2,,,,TIPO_DATO15__POP1564_N1,,,
IT1:22_293_DF_DCIS_INDDEMOG1_1(1.0),A,ITC4B,POP1564,2025,63.2,,,,TIPO_DATO15__POP1564_N1,,,
IT1:22_293_DF_DCIS_INDDEMOG1_1(1.0),A,ITC4B,POP1564,2026,63.3,e,,,TIPO_DATO15__POP1564_N1,,,
IT1:22_293_DF_DCIS_INDDEMOG1_1(1.0),A,ITCD,POP1564,2015,63.4,,,,TIPO_DATO15__POP1564_N1,,,
IT1:22_293_DF_DCIS_INDDEMOG1_1(1.0),A,ITCD,POP1564,2016,63.2,,,,TIPO_DATO15__POP1564_N1,,,
IT1:22_293_DF_DCIS_INDDEMOG1_1(1.0),A,ITCD,POP1564,2017,63.1,,,,TIPO_DATO15__POP1564_N1,,,
IT1:22_293_DF_DCIS_INDDEMOG1_1(1.0),A,ITCD,POP1564,2018,63.1,,,,TIPO_DATO15__POP1564_N1,,,
IT1:22_293_DF_DCIS_INDDEMOG1_1(1.0),A,ITCD,POP1564,2019,63.1,,,,TIPO_DATO15__POP1564_N1,,,
IT1:22_293_DF_DCIS_INDDEMOG1_1(1.0),A,ITCD,POP1564,2020,63,,,,TIPO_DATO15__POP1564_N1,,,
IT1:22_293_DF_DCIS_INDDEMOG1_1(1.0),A,ITCD,POP1564,2021,63.1,,,,TIPO_DATO15__POP1564_N1,,,
IT1:22_293_DF_DCIS_INDDEMOG1_1(1.0),A,ITCD,POP1564,2022,63,,,,TIPO_DATO15__POP1564_N1,,,
IT1:22_293_DF_DCIS_INDDEMOG1_1(1.0),A,ITCD,POP1564,2023,63.1,,,,TIPO_DATO15__POP1564_N1,,,
IT1:22_293_DF_DCIS_INDDEMOG1_1(1.0),A,ITCD,POP1564,2024,63.1,,,,TIPO_DATO15__POP1564_N1,,,
IT1:22_293_DF_DCIS_INDDEMOG1_1(1.0),A,ITCD,POP1564,2025,63.1,,,,TIPO_DATO15__POP1564_N1,,,
IT1:22_293_DF_DCIS_INDDEMOG1_1(1.0),A,ITCD,POP1564,2026,63.1,e,,,TIPO_DATO15__POP1564_N1,,,
IT1:22_293_DF_DCIS_INDDEMOG1_1(1.0),A,ITD,POP1564,2015,63.5,,,,TIPO_DATO15__POP1564_N1,,,
IT1:22_293_DF_DCIS_INDDEMOG1_1(1.0),A,ITD,POP1564,2016,63.4,,,,TIPO_DATO15__POP1564_N1,,,
IT1:22_293_DF_DCIS_INDDEMOG1_1(1.0),A,ITD,POP1564,2017,63.3,,,,TIPO_DATO15__POP1564_N1,,,
IT1:22_293_DF_DCIS_INDDEMOG1_1(1.0),A,ITD,POP1564,2018,63.3,,,,TIPO_DATO15__POP1564_N1,,,
IT1:22_293_DF_DCIS_INDDEMOG1_1(1.0),A,ITD,POP1564,2019,63.3,,,,TIPO_DATO15__POP1564_N1,,,
IT1:22_293_DF_DCIS_INDDEMOG1_1(1.0),A,ITD,POP1564,2020,63.2,,,,TIPO_DATO15__POP1564_N1,,,
IT1:22_293_DF_DCIS_INDDEMOG1_1(1.0),A,ITD,POP1564,2021,63.3,,,,TIPO_DATO15__POP1564_N1,,,
IT1:22_293_DF_DCIS_INDDEMOG1_1(1.0),A,ITD,POP1564,2022,63.2,,,,TIPO_DATO15__POP1564_N1,,,
IT1:22_293_DF_DCIS_INDDEMOG1_1(1.0),A,ITD,POP1564,2023,63.2,,,,TIPO_DATO15__POP1564_N1,,,
IT1:22_293_DF_DCIS_INDDEMOG1_1(1.0),A,ITD,POP1564,2024,63.2,,,,TIPO_DATO15__POP1564_N1,,,
IT1:22_293_DF_DCIS_INDDEMOG1_1(1.0),A,ITD,POP1564,2025,63.2,,,,TIPO_DATO15__POP1564_N1,,,
IT1:22_293_DF_DCIS_INDDEMOG1_1(1.0),A,ITD,POP1564,2026,63.1,e,,,TIPO_DATO15__POP1564_N1,,,
IT1:22_293_DF_DCIS_INDDEMOG1_1(1.0),A,ITD1,POP1564,2015,64.9,,,,TIPO_DATO15__POP1564_N1,,,
IT1:22_293_DF_DCIS_INDDEMOG1_1(1.0),A,ITD1,POP1564,2016,64.8,,,,TIPO_DATO15__POP1564_N1,,,
IT1:22_293_DF_DCIS_INDDEMOG1_1(1.0),A,ITD1,POP1564,2017,64.8,,,,TIPO_DATO15__POP1564_N1,,,
IT1:22_293_DF_DCIS_INDDEMOG1_1(1.0),A,ITD1,POP1564,2018,64.7,,,,TIPO_DATO15__POP1564_N1,,,
IT1:22_293_DF_DCIS_INDDEMOG1_1(1.0),A,ITD1,POP1564,2019,64.6,,,,TIPO_DATO15__POP1564_N1,,,
IT1:22_293_DF_DCIS_INDDEMOG1_1(1.0),A,ITD1,POP1564,2020,64.5,,,,TIPO_DATO15__POP1564_N1,,,
IT1:22_293_DF_DCIS_INDDEMOG1_1(1.0),A,ITD1,POP1564,2021,64.8,,,,TIPO_DATO15__POP1564_N1,,,
IT1:22_293_DF_DCIS_INDDEMOG1_1(1.0),A,ITD1,POP1564,2022,64.4,,,,TIPO_DATO15__POP1564_N1,,,
IT1:22_293_DF_DCIS_INDDEMOG1_1(1.0),A,ITD1,POP1564,2023,64.3,,,,TIPO_DATO15__POP1564_N1,,,
IT1:22_293_DF_DCIS_INDDEMOG1_1(1.0),A,ITD1,POP1564,2024,64.3,,,,TIPO_DATO15__POP1564_N1,,,
IT1:22_293_DF_DCIS_INDDEMOG1_1(1.0),A,ITD1,POP1564,2025,64.1,,,,TIPO_DATO15__POP1564_N1,,,
IT1:22_293_DF_DCIS_INDDEMOG1_1(1.0),A,ITD1,POP1564,2026,63.8,e,,,TIPO_DATO15__POP1564_N1,,,
IT1:22_293_DF_DCIS_INDDEMOG1_1(1.0),A,ITD10,POP1564,2015,64.9,,,,TIPO_DATO15__POP1564_N1,,,
IT1:22_293_DF_DCIS_INDDEMOG1_1(1.0),A,ITD10,POP1564,2016,64.8,,,,TIPO_DATO15__POP1564_N1,,,
IT1:22_293_DF_DCIS_INDDEMOG1_1(1.0),A,ITD10,POP1564,2017,64.8,,,,TIPO_DATO15__POP1564_N1,,,
IT1:22_293_DF_DCIS_INDDEMOG1_1(1.0),A,ITD10,POP1564,2018,64.7,,,,TIPO_DATO15__POP1564_N1,,,
IT1:22_293_DF_DCIS_INDDEMOG1_1(1.0),A,ITD10,POP1564,2019,64.6,,,,TIPO_DATO15__POP1564_N1,,,
IT1:22_293_DF_DCIS_INDDEMOG1_1(1.0),A,ITD10,POP1564,2020,64.5,,,,TIPO_DATO15__POP1564_N1,,,
IT1:22_293_DF_DCIS_INDDEMOG1_1(1.0),A,ITD10,POP1564,2021,64.8,,,,TIPO_DATO15__POP1564_N1,,,
IT1:22_293_DF_DCIS_INDDEMOG1_1(1.0),A,ITD10,POP1564,2022,64.4,,,,TIPO_DATO15__POP1564_N1,,,
IT1:22_293_DF_DCIS_INDDEMOG1_1(1.0),A,ITD10,POP1564,2023,64.3,,,,TIPO_DATO15__POP1564_N1,,,
IT1:22_293_DF_DCIS_INDDEMOG1_1(1.0),A,ITD10,POP1564,2024,64.3,,,,TIPO_DATO15__POP1564_N1,,,
IT1:22_293_DF_DCIS_INDDEMOG1_1(1.0),A,ITD10,POP1564,2025,64.1,,,,TIPO_DATO15__POP1564_N1,,,
IT1:22_293_DF_DCIS_INDDEMOG1_1(1.0),A,ITD10,POP1564,2026,63.8,e,,,TIPO_DATO15__POP1564_N1,,,
IT1:22_293_DF_DCIS_INDDEMOG1_1(1.0),A,ITD2,POP1564,2015,64.2,,,,TIPO_DATO15__POP1564_N1,,,
IT1:22_293_DF_DCIS_INDDEMOG1_1(1.0),A,ITD2,POP1564,2016,64,,,,TIPO_DATO15__POP1564_N1,,,
IT1:22_293_DF_DCIS_INDDEMOG1_1(1.0),A,ITD2,POP1564,2017,63.8,,,,TIPO_DATO15__POP1564_N1,,,
IT1:22_293_DF_DCIS_INDDEMOG1_1(1.0),A,ITD2,POP1564,2018,63.7,,,,TIPO_DATO15__POP1564_N1,,,
IT1:22_293_DF_DCIS_INDDEMOG1_1(1.0),A,ITD2,POP1564,2019,63.6,,,,TIPO_DATO15__POP1564_N1,,,
IT1:22_293_DF_DCIS_INDDEMOG1_1(1.0),A,ITD2,POP1564,2020,63.5,,,,TIPO_DATO15__POP1564_N1,,,
IT1:22_293_DF_DCIS_INDDEMOG1_1(1.0),A,ITD2,POP1564,2021,63.6,,,,TIPO_DATO15__POP1564_N1,,,
IT1:22_293_DF_DCIS_INDDEMOG1_1(1.0),A,ITD2,POP1564,2022,63.4,,,,TIPO_DATO15__POP1564_N1,,,
IT1:22_293_DF_DCIS_INDDEMOG1_1(1.0),A,ITD2,POP1564,2023,63.3,,,,TIPO_DATO15__POP1564_N1,,,
IT1:22_293_DF_DCIS_INDDEMOG1_1(1.0),A,ITD2,POP1564,2024,63.2,,,,TIPO_DATO15__POP1564_N1,,,
IT1:22_293_DF_DCIS_INDDEMOG1_1(1.0),A,ITD2,POP1564,2025,63,,,,TIPO_DATO15__POP1564_N1,,,
IT1:22_293_DF_DCIS_INDDEMOG1_1(1.0),A,ITD2,POP1564,2026,62.9,e,,,TIPO_DATO15__POP1564_N1,,,
IT1:22_293_DF_DCIS_INDDEMOG1_1(1.0),A,ITD20,POP1564,2015,64.2,,,,TIPO_DATO15__POP1564_N1,,,
IT1:22_293_DF_DCIS_INDDEMOG1_1(1.0),A,ITD20,POP1564,2016,64,,,,TIPO_DATO15__POP1564_N1,,,
IT1:22_293_DF_DCIS_INDDEMOG1_1(1.0),A,ITD20,POP1564,2017,63.8,,,,TIPO_DATO15__POP1564_N1,,,
IT1:22_293_DF_DCIS_INDDEMOG1_1(1.0),A,ITD20,POP1564,2018,63.7,,,,TIPO_DATO15__POP1564_N1,,,
IT1:22_293_DF_DCIS_INDDEMOG1_1(1.0),A,ITD20,POP1564,2019,63.6,,,,TIPO_DATO15__POP1564_N1,,,
IT1:22_293_DF_DCIS_INDDEMOG1_1(1.0),A,ITD20,POP1564,2020,63.5,,,,TIPO_DATO15__POP1564_N1,,,
IT1:22_293_DF_DCIS_INDDEMOG1_1(1.0),A,ITD20,POP1564,2021,63.6,,,,TIPO_DATO15__POP1564_N1,,,
IT1:22_293_DF_DCIS_INDDEMOG1_1(1.0),A,ITD20,POP1564,2022,63.4,,,,TIPO_DATO15__POP1564_N1,,,
IT1:22_293_DF_DCIS_INDDEMOG1_1(1.0),A,ITD20,POP1564,2023,63.3,,,,TIPO_DATO15__POP1564_N1,,,
IT1:22_293_DF_DCIS_INDDEMOG1_1(1.0),A,ITD20,POP1564,2024,63.2,,,,TIPO_DATO15__POP1564_N1,,,
IT1:22_293_DF_DCIS_INDDEMOG1_1(1.0),A,ITD20,POP1564,2025,63,,,,TIPO_DATO15__POP1564_N1,,,
IT1:22_293_DF_DCIS_INDDEMOG1_1(1.0),A,ITD20,POP1564,2026,62.9,e,,,TIPO_DATO15__POP1564_N1,,,
IT1:22_293_DF_DCIS_INDDEMOG1_1(1.0),A,ITD3,POP1564,2015,64.3,,,,TIPO_DATO15__POP1564_N1,,,
IT1:22_293_DF_DCIS_INDDEMOG1_1(1.0),A,ITD3,POP1564,2016,64.1,,,,TIPO_DATO15__POP1564_N1,,,
IT1:22_293_DF_DCIS_INDDEMOG1_1(1.0),A,ITD3,POP1564,2017,63.9,,,,TIPO_DATO15__POP1564_N1,,,
IT1:22_293_DF_DCIS_INDDEMOG1_1(1.0),A,ITD3,POP1564,2018,63.9,,,,TIPO_DATO15__POP1564_N1,,,
IT1:22_293_DF_DCIS_INDDEMOG1_1(1.0),A,ITD3,POP1564,2019,63.8,,,,TIPO_DATO15__POP1564_N1,,,
IT1:22_293_DF_DCIS_INDDEMOG1_1(1.0),A,ITD3,POP1564,2020,63.7,,,,TIPO_DATO15__POP1564_N1,,,
IT1:22_293_DF_DCIS_INDDEMOG1_1(1.0),A,ITD3,POP1564,2021,63.7,,,,TIPO_DATO15__POP1564_N1,,,
IT1:22_293_DF_DCIS_INDDEMOG1_1(1.0),A,ITD3,POP1564,2022,63.6,,,,TIPO_DATO15__POP1564_N1,,,
IT1:22_293_DF_DCIS_INDDEMOG1_1(1.0),A,ITD3,POP1564,2023,63.6,,,,TIPO_DATO15__POP1564_N1,,,
IT1:22_293_DF_DCIS_INDDEMOG1_1(1.0),A,ITD3,POP1564,2024,63.5,,,,TIPO_DATO15__POP1564_N1,,,
IT1:22_293_DF_DCIS_INDDEMOG1_1(1.0),A,ITD3,POP1564,2025,63.3,,,,TIPO_DATO15__POP1564_N1,,,
IT1:22_293_DF_DCIS_INDDEMOG1_1(1.0),A,ITD3,POP1564,2026,63.2,e,,,TIPO_DATO15__POP1564_N1,,,
IT1:22_293_DF_DCIS_INDDEMOG1_1(1.0),A,ITD31,POP1564,2015,64.4,,,,TIPO_DATO15__POP1564_N1,,,
IT1:22_293_DF_DCIS_INDDEMOG1_1(1.0),A,ITD31,POP1564,2016,64.2,,,,TIPO_DATO15__POP1564_N1,,,
IT1:22_293_DF_DCIS_INDDEMOG1_1(1.0),A,ITD31,POP1564,2017,64.1,,,,TIPO_DATO15__POP1564_N1,,,
IT1:22_293_DF_DCIS_INDDEMOG1_1(1.0),A,ITD31,POP1564,2018,64.1,,,,TIPO_DATO15__POP1564_N1,,,
IT1:22_293_DF_DCIS_INDDEMOG1_1(1.0),A,ITD31,POP1564,2019,64,,,,TIPO_DATO15__POP1564_N1,,,
IT1:22_293_DF_DCIS_INDDEMOG1_1(1.0),A,ITD31,POP1564,2020,64,,,,TIPO_DATO15__POP1564_N1,,,
IT1:22_293_DF_DCIS_INDDEMOG1_1(1.0),A,ITD31,POP1564,2021,64.2,,,,TIPO_DATO15__POP1564_N1,,,
IT1:22_293_DF_DCIS_INDDEMOG1_1(1.0),A,ITD31,POP1564,2022,64,,,,TIPO_DATO15__POP1564_N1,,,
IT1:22_293_DF_DCIS_INDDEMOG1_1(1.0),A,ITD31,POP1564,2023,64,,,,TIPO_DATO15__POP1564_N1,,,
IT1:22_293_DF_DCIS_INDDEMOG1_1(1.0),A,ITD31,POP1564,2024,64,,,,TIPO_DATO15__POP1564_N1,,,
IT1:22_293_DF_DCIS_INDDEMOG1_1(1.0),A,ITD31,POP1564,2025,63.9,,,,TIPO_DATO15__POP1564_N1,,,
IT1:22_293_DF_DCIS_INDDEMOG1_1(1.0),A,ITD31,POP1564,2026,63.9,e,,,TIPO_DATO15__POP1564_N1,,,
IT1:22_293_DF_DCIS_INDDEMOG1_1(1.0),A,ITD32,POP1564,2015,64.6,,,,TIPO_DATO15__POP1564_N1,,,
IT1:22_293_DF_DCIS_INDDEMOG1_1(1.0),A,ITD32,POP1564,2016,64.5,,,,TIPO_DATO15__POP1564_N1,,,
IT1:22_293_DF_DCIS_INDDEMOG1_1(1.0),A,ITD32,POP1564,2017,64.4,,,,TIPO_DATO15__POP1564_N1,,,
IT1:22_293_DF_DCIS_INDDEMOG1_1(1.0),A,ITD32,POP1564,2018,64.4,,,,TIPO_DATO15__POP1564_N1,,,
IT1:22_293_DF_DCIS_INDDEMOG1_1(1.0),A,ITD32,POP1564,2019,64.3,,,,TIPO_DATO15__POP1564_N1,,,
IT1:22_293_DF_DCIS_INDDEMOG1_1(1.0),A,ITD32,POP1564,2020,64.3,,,,TIPO_DATO15__POP1564_N1,,,
IT1:22_293_DF_DCIS_INDDEMOG1_1(1.0),A,ITD32,POP1564,2021,64.3,,,,TIPO_DATO15__POP1564_N1,,,
IT1:22_293_DF_DCIS_INDDEMOG1_1(1.0),A,ITD32,POP1564,2022,64.2,,,,TIPO_DATO15__POP1564_N1,,,
IT1:22_293_DF_DCIS_INDDEMOG1_1(1.0),A,ITD32,POP1564,2023,64.2,,,,TIPO_DATO15__POP1564_N1,,,
IT1:22_293_DF_DCIS_INDDEMOG1_1(1.0),A,ITD32,POP1564,2024,64.1,,,,TIPO_DATO15__POP1564_N1,,,
IT1:22_293_DF_DCIS_INDDEMOG1_1(1.0),A,ITD32,POP1564,2025,64,,,,TIPO_DATO15__POP1564_N1,,,
IT1:22_293_DF_DCIS_INDDEMOG1_1(1.0),A,ITD32,POP1564,2026,63.8,e,,,TIPO_DATO15__POP1564_N1,,,
IT1:22_293_DF_DCIS_INDDEMOG1_1(1.0),A,ITD33,POP1564,2015,62.6,,,,TIPO_DATO15__POP1564_N1,,,
IT1:22_293_DF_DCIS_INDDEMOG1_1(1.0),A,ITD33,POP1564,2016,62.4,,,,TIPO_DATO15__POP1564_N1,,,
IT1:22_293_DF_DCIS_INDDEMOG1_1(1.0),A,ITD33,POP1564,2017,62.1,,,,TIPO_DATO15__POP1564_N1,,,
IT1:22_293_DF_DCIS_INDDEMOG1_1(1.0),A,ITD33,POP1564,2018,62.1,,,,TIPO_DATO15__POP1564_N1,,,
IT1:22_293_DF_DCIS_INDDEMOG1_1(1.0),A,ITD33,POP1564,2019,62,,,,TIPO_DATO15__POP1564_N1,,,
IT1:22_293_DF_DCIS_INDDEMOG1_1(1.0),A,ITD33,POP1564,2020,61.7,,,,TIPO_DATO15__POP1564_N1,,,
IT1:22_293_DF_DCIS_INDDEMOG1_1(1.0),A,ITD33,POP1564,2021,61.5,,,,TIPO_DATO15__POP1564_N1,,,
IT1:22_293_DF_DCIS_INDDEMOG1_1(1.0),A,ITD33,POP1564,2022,61.4,,,,TIPO_DATO15__POP1564_N1,,,
IT1:22_293_DF_DCIS_INDDEMOG1_1(1.0),A,ITD33,POP1564,2023,61.4,,,,TIPO_DATO15__POP1564_N1,,,
IT1:22_293_DF_DCIS_INDDEMOG1_1(1.0),A,ITD33,POP1564,2024,61.3,,,,TIPO_DATO15__POP1564_N1,,,
IT1:22_293_DF_DCIS_INDDEMOG1_1(1.0),A,ITD33,POP1564,2025,61.1,,,,TIPO_DATO15__POP1564_N1,,,
IT1:22_293_DF_DCIS_INDDEMOG1_1(1.0),A,ITD33,POP1564,2026,60.9,e,,,TIPO_DATO15__POP1564_N1,,,
IT1:22_293_DF_DCIS_INDDEMOG1_1(1.0),A,ITD34,POP1564,2015,64.4,,,,TIPO_DATO15__POP1564_N1,,,
IT1:22_293_DF_DCIS_INDDEMOG1_1(1.0),A,ITD34,POP1564,2016,64.2,,,,TIPO_DATO15__POP1564_N1,,,
IT1:22_293_DF_DCIS_INDDEMOG1_1(1.0),A,ITD34,POP1564,2017,64.1,,,,TIPO_DATO15__POP1564_N1,,,
IT1:22_293_DF_DCIS_INDDEMOG1_1(1.0),A,ITD34,POP1564,2018,64.1,,,,TIPO_DATO15__POP1564_N1,,,
IT1:22_293_DF_DCIS_INDDEMOG1_1(1.0),A,ITD34,POP1564,2019,64,,,,TIPO_DATO15__POP1564_N1,,,
IT1:22_293_DF_DCIS_INDDEMOG1_1(1.0),A,ITD34,POP1564,2020,63.9,,,,TIPO_DATO15__POP1564_N1,,,
IT1:22_293_DF_DCIS_INDDEMOG1_1(1.0),A,ITD34,POP1564,2021,63.9,,,,TIPO_DATO15__POP1564_N1,,,
IT1:22_293_DF_DCIS_INDDEMOG1_1(1.0),A,ITD34,POP1564,2022,63.8,,,,TIPO_DATO15__POP1564_N1,,,
IT1:22_293_DF_DCIS_INDDEMOG1_1(1.0),A,ITD34,POP1564,2023,63.7,,,,TIPO_DATO15__POP1564_N1,,,
IT1:22_293_DF_DCIS_INDDEMOG1_1(1.0),A,ITD34,POP1564,2024,63.7,,,,TIPO_DATO15__POP1564_N1,,,
IT1:22_293_DF_DCIS_INDDEMOG1_1(1.0),A,ITD34,POP1564,2025,63.5,,,,TIPO_DATO15__POP1564_N1,,,
IT1:22_293_DF_DCIS_INDDEMOG1_1(1.0),A,ITD34,POP1564,2026,63.3,e,,,TIPO_DATO15__POP1564_N1,,,
IT1:22_293_DF_DCIS_INDDEMOG1_1(1.0),A,ITD35,POP1564,2015,63.5,,,,TIPO_DATO15__POP1564_N1,,,
IT1:22_293_DF_DCIS_INDDEMOG1_1(1.0),A,ITD35,POP1564,2016,63.3,,,,TIPO_DATO15__POP1564_N1,,,
IT1:22_293_DF_DCIS_INDDEMOG1_1(1.0),A,ITD35,POP1564,2017,63.2,,,,TIPO_DATO15__POP1564_N1,,,
IT1:22_293_DF_DCIS_INDDEMOG1_1(1.0),A,ITD35,POP1564,2018,63.1,,,,TIPO_DATO15__POP1564_N1,,,
IT1:22_293_DF_DCIS_INDDEMOG1_1(1.0),A,ITD35,POP1564,2019,63.1,,,,TIPO_DATO15__POP1564_N1,,,
IT1:22_293_DF_DCIS_INDDEMOG1_1(1.0),A,ITD35,POP1564,2020,63,,,,TIPO_DATO15__POP1564_N1,,,
IT1:22_293_DF_DCIS_INDDEMOG1_1(1.0),A,ITD35,POP1564,2021,62.9,,,,TIPO_DATO15__POP1564_N1,,,
IT1:22_293_DF_DCIS_INDDEMOG1_1(1.0),A,ITD35,POP1564,2022,62.7,,,,TIPO_DATO15__POP1564_N1,,,
IT1:22_293_DF_DCIS_INDDEMOG1_1(1.0),A,ITD35,POP1564,2023,62.7,,,,TIPO_DATO15__POP1564_N1,,,
IT1:22_293_DF_DCIS_INDDEMOG1_1(1.0),A,ITD35,POP1564,2024,62.6,,,,TIPO_DATO15__POP1564_N1,,,
IT1:22_293_DF_DCIS_INDDEMOG1_1(1.0),A,ITD35,POP1564,2025,62.5,,,,TIPO_DATO15__POP1564_N1,,,
IT1:22_293_DF_DCIS_INDDEMOG1_1(1.0),A,ITD35,POP1564,2026,62.3,e,,,TIPO_DATO15__POP1564_N1,,,
IT1:22_293_DF_DCIS_INDDEMOG1_1(1.0),A,ITD36,POP1564,2015,64.8,,,,TIPO_DATO15__POP1564_N1,,,
IT1:22_293_DF_DCIS_INDDEMOG1_1(1.0),A,ITD36,POP1564,2016,64.6,,,,TIPO_DATO15__POP1564_N1,,,
IT1:22_293_DF_DCIS_INDDEMOG1_1(1.0),A,ITD36,POP1564,2017,64.4,,,,TIPO_DATO15__POP1564_N1,,,
IT1:22_293_DF_DCIS_INDDEMOG1_1(1.0),A,ITD36,POP1564,2018,64.3,,,,TIPO_DATO15__POP1564_N1,,,
IT1:22_293_DF_DCIS_INDDEMOG1_1(1.0),A,ITD36,POP1564,2019,64.3,,,,TIPO_DATO15__POP1564_N1,,,
IT1:22_293_DF_DCIS_INDDEMOG1_1(1.0),A,ITD36,POP1564,2020,64.2,,,,TIPO_DATO15__POP1564_N1,,,
IT1:22_293_DF_DCIS_INDDEMOG1_1(1.0),A,ITD36,POP1564,2021,64.2,,,,TIPO_DATO15__POP1564_N1,,,
IT1:22_293_DF_DCIS_INDDEMOG1_1(1.0),A,ITD36,POP1564,2022,64,,,,TIPO_DATO15__POP1564_N1,,,
IT1:22_293_DF_DCIS_INDDEMOG1_1(1.0),A,ITD36,POP1564,2023,63.9,,,,TIPO_DATO15__POP1564_N1,,,
IT1:22_293_DF_DCIS_INDDEMOG1_1(1.0),A,ITD36,POP1564,2024,63.9,,,,TIPO_DATO15__POP1564_N1,,,
IT1:22_293_DF_DCIS_INDDEMOG1_1(1.0),A,ITD36,POP1564,2025,63.7,,,,TIPO_DATO15__POP1564_N1,,,
IT1:22_293_DF_DCIS_INDDEMOG1_1(1.0),A,ITD36,POP1564,2026,63.6,e,,,TIPO_DATO15__POP1564_N1,,,
IT1:22_293_DF_DCIS_INDDEMOG1_1(1.0),A,ITD37,POP1564,2015,64.3,,,,TIPO_DATO15__POP1564_N1,,,
IT1:22_293_DF_DCIS_INDDEMOG1_1(1.0),A,ITD37,POP1564,2016,63.9,,,,TIPO_DATO15__POP1564_N1,,,
IT1:22_293_DF_DCIS_INDDEMOG1_1(1.0),A,ITD37,POP1564,2017,63.6,,,,TIPO_DATO15__POP1564_N1,,,
IT1:22_293_DF_DCIS_INDDEMOG1_1(1.0),A,ITD37,POP1564,2018,63.2,,,,TIPO_DATO15__POP1564_N1,,,
IT1:22_293_DF_DCIS_INDDEMOG1_1(1.0),A,ITD37,POP1564,2019,63,,,,TIPO_DATO15__POP1564_N1,,,
IT1:22_293_DF_DCIS_INDDEMOG1_1(1.0),A,ITD37,POP1564,2020,62.7,,,,TIPO_DATO15__POP1564_N1,,,
IT1:22_293_DF_DCIS_INDDEMOG1_1(1.0),A,ITD37,POP1564,2021,62.4,,,,TIPO_DATO15__POP1564_N1,,,
IT1:22_293_DF_DCIS_INDDEMOG1_1(1.0),A,ITD37,POP1564,2022,62.1,,,,TIPO_DATO15__POP1564_N1,,,
IT1:22_293_DF_DCIS_INDDEMOG1_1(1.0),A,ITD37,POP1564,2023,61.9,,,,TIPO_DATO15__POP1564_N1,,,
IT1:22_293_DF_DCIS_INDDEMOG1_1(1.0),A,ITD37,POP1564,2024,61.6,,,,TIPO_DATO15__POP1564_N1,,,
IT1:22_293_DF_DCIS_INDDEMOG1_1(1.0),A,ITD37,POP1564,2025,61.3,,,,TIPO_DATO15__POP1564_N1,,,
IT1:22_293_DF_DCIS_INDDEMOG1_1(1.0),A,ITD37,POP1564,2026,61.2,e,,,TIPO_DATO15__POP1564_N1,,,
IT1:22_293_DF_DCIS_INDDEMOG1_1(1.0),A,ITD4,POP1564,2015,62.2,,,,TIPO_DATO15__POP1564_N1,,,
IT1:22_293_DF_DCIS_INDDEMOG1_1(1.0),A,ITD4,POP1564,2016,62,,,,TIPO_DATO15__POP1564_N1,,,
IT1:22_293_DF_DCIS_INDDEMOG1_1(1.0),A,ITD4,POP1564,2017,61.9,,,,TIPO_DATO15__POP1564_N1,,,
IT1:22_293_DF_DCIS_INDDEMOG1_1(1.0),A,ITD4,POP1564,2018,61.8,,,,TIPO_DATO15__POP1564_N1,,,
IT1:22_293_DF_DCIS_INDDEMOG1_1(1.0),A,ITD4,POP1564,2019,61.8,,,,TIPO_DATO15__POP1564_N1,,,
IT1:22_293_DF_DCIS_INDDEMOG1_1(1.0),A,ITD4,POP1564,2020,61.6,,,,TIPO_DATO15__POP1564_N1,,,
IT1:22_293_DF_DCIS_INDDEMOG1_1(1.0),A,ITD4,POP1564,2021,61.7,,,,TIPO_DATO15__POP1564_N1,,,
IT1:22_293_DF_DCIS_INDDEMOG1_1(1.0),A,ITD4,POP1564,2022,61.7,,,,TIPO_DATO15__POP1564_N1,,,
IT1:22_293_DF_DCIS_INDDEMOG1_1(1.0),A,ITD4,POP1564,2023,61.7,,,,TIPO_DATO15__POP1564_N1,,,
IT1:22_293_DF_DCIS_INDDEMOG1_1(1.0),A,ITD4,POP1564,2024,61.7,,,,TIPO_DATO15__POP1564_N1,,,
IT1:22_293_DF_DCIS_INDDEMOG1_1(1.0),A,ITD4,POP1564,2025,61.6,,,,TIPO_DATO15__POP1564_N1,,,
IT1:22_293_DF_DCIS_INDDEMOG1_1(1.0),A,ITD4,POP1564,2026,61.5,e,,,TIPO_DATO15__POP1564_N1,,,
IT1:22_293_DF_DCIS_INDDEMOG1_1(1.0),A,ITD41,POP1564,2015,63.5,,,,TIPO_DATO15__POP1564_N1,,,
IT1:22_293_DF_DCIS_INDDEMOG1_1(1.0),A,ITD41,POP1564,2016,63.2,,,,TIPO_DATO15__POP1564_N1,,,
IT1:22_293_DF_DCIS_INDDEMOG1_1(1.0),A,ITD41,POP1564,2017,62.9,,,,TIPO_DATO15__POP1564_N1,,,
IT1:22_293_DF_DCIS_INDDEMOG1_1(1.0),A,ITD41,POP1564,2018,62.8,,,,TIPO_DATO15__POP1564_N1,,,
IT1:22_293_DF_DCIS_INDDEMOG1_1(1.0),A,ITD41,POP1564,2019,62.7,,,,TIPO_DATO15__POP1564_N1,,,
IT1:22_293_DF_DCIS_INDDEMOG1_1(1.0),A,ITD41,POP1564,2020,62.6,,,,TIPO_DATO15__POP1564_N1,,,
IT1:22_293_DF_DCIS_INDDEMOG1_1(1.0),A,ITD41,POP1564,2021,62.7,,,,TIPO_DATO15__POP1564_N1,,,
IT1:22_293_DF_DCIS_INDDEMOG1_1(1.0),A,ITD41,POP1564,2022,62.6,,,,TIPO_DATO15__POP1564_N1,,,
IT1:22_293_DF_DCIS_INDDEMOG1_1(1.0),A,ITD41,POP1564,2023,62.7,,,,TIPO_DATO15__POP1564_N1,,,
IT1:22_293_DF_DCIS_INDDEMOG1_1(1.0),A,ITD41,POP1564,2024,62.7,,,,TIPO_DATO15__POP1564_N1,,,
IT1:22_293_DF_DCIS_INDDEMOG1_1(1.0),A,ITD41,POP1564,2025,62.6,,,,TIPO_DATO15__POP1564_N1,,,
IT1:22_293_DF_DCIS_INDDEMOG1_1(1.0),A,ITD41,POP1564,2026,62.6,e,,,TIPO_DATO15__POP1564_N1,,,
IT1:22_293_DF_DCIS_INDDEMOG1_1(1.0),A,ITD42,POP1564,2015,62.6,,,,TIPO_DATO15__POP1564_N1,,,
IT1:22_293_DF_DCIS_INDDEMOG1_1(1.0),A,ITD42,POP1564,2016,62.4,,,,TIPO_DATO15__POP1564_N1,,,
IT1:22_293_DF_DCIS_INDDEMOG1_1(1.0),A,ITD42,POP1564,2017,62.2,,,,TIPO_DATO15__POP1564_N1,,,
IT1:22_293_DF_DCIS_INDDEMOG1_1(1.0),A,ITD42,POP1564,2018,62,,,,TIPO_DATO15__POP1564_N1,,,
IT1:22_293_DF_DCIS_INDDEMOG1_1(1.0),A,ITD42,POP1564,2019,61.9,,,,TIPO_DATO15__POP1564_N1,,,
IT1:22_293_DF_DCIS_INDDEMOG1_1(1.0),A,ITD42,POP1564,2020,61.7,,,,TIPO_DATO15__POP1564_N1,,,
IT1:22_293_DF_DCIS_INDDEMOG1_1(1.0),A,ITD42,POP1564,2021,61.7,,,,TIPO_DATO15__POP1564_N1,,,
IT1:22_293_DF_DCIS_INDDEMOG1_1(1.0),A,ITD42,POP1564,2022,61.7,,,,TIPO_DATO15__POP1564_N1,,,
IT1:22_293_DF_DCIS_INDDEMOG1_1(1.0),A,ITD42,POP1564,2023,61.6,,,,TIPO_DATO15__POP1564_N1,,,
IT1:22_293_DF_DCIS_INDDEMOG1_1(1.0),A,ITD42,POP1564,2024,61.5,,,,TIPO_DATO15__POP1564_N1,,,
IT1:22_293_DF_DCIS_INDDEMOG1_1(1.0),A,ITD42,POP1564,2025,61.3,,,,TIPO_DATO15__POP1564_N1,,,
IT1:22_293_DF_DCIS_INDDEMOG1_1(1.0),A,ITD42,POP1564,2026,61.2,e,,,TIPO_DATO15__POP1564_N1,,,
IT1:22_293_DF_DCIS_INDDEMOG1_1(1.0),A,ITD43,POP1564,2015,61.4,,,,TIPO_DATO15__POP1564_N1,,,
IT1:22_293_DF_DCIS_INDDEMOG1_1(1.0),A,ITD43,POP1564,2016,61.3,,,,TIPO_DATO15__POP1564_N1,,,
IT1:22_293_DF_DCIS_INDDEMOG1_1(1.0),A,ITD43,POP1564,2017,61.3,,,,TIPO_DATO15__POP1564_N1,,,
IT1:22_293_DF_DCIS_INDDEMOG1_1(1.0),A,ITD43,POP1564,2018,61.4,,,,TIPO_DATO15__POP1564_N1,,,
IT1:22_293_DF_DCIS_INDDEMOG1_1(1.0),A,ITD43,POP1564,2019,61.5,,,,TIPO_DATO15__POP1564_N1,,,
IT1:22_293_DF_DCIS_INDDEMOG1_1(1.0),A,ITD43,POP1564,2020,61.4,,,,TIPO_DATO15__POP1564_N1,,,
IT1:22_293_DF_DCIS_INDDEMOG1_1(1.0),A,ITD43,POP1564,2021,61.7,,,,TIPO_DATO15__POP1564_N1,,,
IT1:22_293_DF_DCIS_INDDEMOG1_1(1.0),A,ITD43,POP1564,2022,61.7,,,,TIPO_DATO15__POP1564_N1,,,
IT1:22_293_DF_DCIS_INDDEMOG1_1(1.0),A,ITD43,POP1564,2023,61.8,,,,TIPO_DATO15__POP1564_N1,,,
IT1:22_293_DF_DCIS_INDDEMOG1_1(1.0),A,ITD43,POP1564,2024,61.8,,,,TIPO_DATO15__POP1564_N1,,,
IT1:22_293_DF_DCIS_INDDEMOG1_1(1.0),A,ITD43,POP1564,2025,61.8,,,,TIPO_DATO15__POP1564_N1,,,
IT1:22_293_DF_DCIS_INDDEMOG1_1(1.0),A,ITD43,POP1564,2026,61.7,e,,,TIPO_DATO15__POP1564_N1,,,
IT1:22_293_DF_DCIS_INDDEMOG1_1(1.0),A,ITD44,POP1564,2015,60,,,,TIPO_DATO15__POP1564_N1,,,
IT1:22_293_DF_DCIS_INDDEMOG1_1(1.0),A,ITD44,POP1564,2016,59.9,,,,TIPO_DATO15__POP1564_N1,,,
IT1:22_293_DF_DCIS_INDDEMOG1_1(1.0),A,ITD44,POP1564,2017,60.1,,,,TIPO_DATO15__POP1564_N1,,,
IT1:22_293_DF_DCIS_INDDEMOG1_1(1.0),A,ITD44,POP1564,2018,60.2,,,,TIPO_DATO15__POP1564_N1,,,
IT1:22_293_DF_DCIS_INDDEMOG1_1(1.0),A,ITD44,POP1564,2019,60.3,,,,TIPO_DATO15__POP1564_N1,,,
IT1:22_293_DF_DCIS_INDDEMOG1_1(1.0),A,ITD44,POP1564,2020,60.3,,,,TIPO_DATO15__POP1564_N1,,,
IT1:22_293_DF_DCIS_INDDEMOG1_1(1.0),A,ITD44,POP1564,2021,60.6,,,,TIPO_DATO15__POP1564_N1,,,
IT1:22_293_DF_DCIS_INDDEMOG1_1(1.0),A,ITD44,POP1564,2022,60.6,,,,TIPO_DATO15__POP1564_N1,,,
IT1:22_293_DF_DCIS_INDDEMOG1_1(1.0),A,ITD44,POP1564,2023,60.7,,,,TIPO_DATO15__POP1564_N1,,,
IT1:22_293_DF_DCIS_INDDEMOG1_1(1.0),A,ITD44,POP1564,2024,60.8,,,,TIPO_DATO15__POP1564_N1,,,
IT1:22_293_DF_DCIS_INDDEMOG1_1(1.0),A,ITD44,POP1564,2025,60.8,,,,TIPO_DATO15__POP1564_N1,,,
IT1:22_293_DF_DCIS_INDDEMOG1_1(1.0),A,ITD44,POP1564,2026,60.7,e,,,TIPO_DATO15__POP1564_N1,,,
IT1:22_293_DF_DCIS_INDDEMOG1_1(1.0),A,ITD5,POP1564,2015,62.9,,,,TIPO_DATO15__POP1564_N1,,,
IT1:22_293_DF_DCIS_INDDEMOG1_1(1.0),A,ITD5,POP1564,2016,62.8,,,,TIPO_DATO15__POP1564_N1,,,
IT1:22_293_DF_DCIS_INDDEMOG1_1(1.0),A,ITD5,POP1564,2017,62.8,,,,TIPO_DATO15__POP1564_N1,,,
IT1:22_293_DF_DCIS_INDDEMOG1_1(1.0),A,ITD5,POP1564,2018,62.9,,,,TIPO_DATO15__POP1564_N1,,,
IT1:22_293_DF_DCIS_INDDEMOG1_1(1.0),A,ITD5,POP1564,2019,62.9,,,,TIPO_DATO15__POP1564_N1,,,
IT1:22_293_DF_DCIS_INDDEMOG1_1(1.0),A,ITD5,POP1564,2020,62.9,,,,TIPO_DATO15__POP1564_N1,,,
IT1:22_293_DF_DCIS_INDDEMOG1_1(1.0),A,ITD5,POP1564,2021,63.1,,,,TIPO_DATO15__POP1564_N1,,,
IT1:22_293_DF_DCIS_INDDEMOG1_1(1.0),A,ITD5,POP1564,2022,63.1,,,,TIPO_DATO15__POP1564_N1,,,
IT1:22_293_DF_DCIS_INDDEMOG1_1(1.0),A,ITD5,POP1564,2023,63.2,,,,TIPO_DATO15__POP1564_N1,,,
IT1:22_293_DF_DCIS_INDDEMOG1_1(1.0),A,ITD5,POP1564,2024,63.3,,,,TIPO_DATO15__POP1564_N1,,,
IT1:22_293_DF_DCIS_INDDEMOG1_1(1.0),A,ITD5,POP1564,2025,63.3,,,,TIPO_DATO15__POP1564_N1,,,
IT1:22_293_DF_DCIS_INDDEMOG1_1(1.0),A,ITD5,POP1564,2026,63.3,e,,,TIPO_DATO15__POP1564_N1,,,
IT1:22_293_DF_DCIS_INDDEMOG1_1(1.0),A,ITD51,POP1564,2015,62.4,,,,TIPO_DATO15__POP1564_N1,,,
IT1:22_293_DF_DCIS_INDDEMOG1_1(1.0),A,ITD51,POP1564,2016,62.3,,,,TIPO_DATO15__POP1564_N1,,,
IT1:22_293_DF_DCIS_INDDEMOG1_1(1.0),A,ITD51,POP1564,2017,62.3,,,,TIPO_DATO15__POP1564_N1,,,
IT1:22_293_DF_DCIS_INDDEMOG1_1(1.0),A,ITD51,POP1564,2018,62.4,,,,TIPO_DATO15__POP1564_N1,,,
IT1:22_293_DF_DCIS_INDDEMOG1_1(1.0),A,ITD51,POP1564,2019,62.5,,,,TIPO_DATO15__POP1564_N1,,,
IT1:22_293_DF_DCIS_INDDEMOG1_1(1.0),A,ITD51,POP1564,2020,62.4,,,,TIPO_DATO15__POP1564_N1,,,
IT1:22_293_DF_DCIS_INDDEMOG1_1(1.0),A,ITD51,POP1564,2021,62.6,,,,TIPO_DATO15__POP1564_N1,,,
IT1:22_293_DF_DCIS_INDDEMOG1_1(1.0),A,ITD51,POP1564,2022,62.5,,,,TIPO_DATO15__POP1564_N1,,,
IT1:22_293_DF_DCIS_INDDEMOG1_1(1.0),A,ITD51,POP1564,2023,62.6,,,,TIPO_DATO15__POP1564_N1,,,
IT1:22_293_DF_DCIS_INDDEMOG1_1(1.0),A,ITD51,POP1564,2024,62.6,,,,TIPO_DATO15__POP1564_N1,,,
IT1:22_293_DF_DCIS_INDDEMOG1_1(1.0),A,ITD51,POP1564,2025,62.6,,,,TIPO_DATO15__POP1564_N1,,,
IT1:22_293_DF_DCIS_INDDEMOG1_1(1.0),A,ITD51,POP1564,2026,62.6,e,,,TIPO_DATO15__POP1564_N1,,,
IT1:22_293_DF_DCIS_INDDEMOG1_1(1.0),A,ITD52,POP1564,2015,63.3,,,,TIPO_DATO15__POP1564_N1,,,
IT1:22_293_DF_DCIS_INDDEMOG1_1(1.0),A,ITD52,POP1564,2016,63.3,,,,TIPO_DATO15__POP1564_N1,,,
IT1:22_293_DF_DCIS_INDDEMOG1_1(1.0),A,ITD52,POP1564,2017,63.3,,,,TIPO_DATO15__POP1564_N1,,,
IT1:22_293_DF_DCIS_INDDEMOG1_1(1.0),A,ITD52,POP1564,2018,63.4,,,,TIPO_DATO15__POP1564_N1,,,
IT1:22_293_DF_DCIS_INDDEMOG1_1(1.0),A,ITD52,POP1564,2019,63.5,,,,TIPO_DATO15__POP1564_N1,,,
IT1:22_293_DF_DCIS_INDDEMOG1_1(1.0),A,ITD52,POP1564,2020,63.5,,,,TIPO_DATO15__POP1564_N1,,,
IT1:22_293_DF_DCIS_INDDEMOG1_1(1.0),A,ITD52,POP1564,2021,63.8,,,,TIPO_DATO15__POP1564_N1,,,
IT1:22_293_DF_DCIS_INDDEMOG1_1(1.0),A,ITD52,POP1564,2022,63.7,,,,TIPO_DATO15__POP1564_N1,,,
IT1:22_293_DF_DCIS_INDDEMOG1_1(1.0),A,ITD52,POP1564,2023,63.9,,,,TIPO_DATO15__POP1564_N1,,,
IT1:22_293_DF_DCIS_INDDEMOG1_1(1.0),A,ITD52,POP1564,2024,64,,,,TIPO_DATO15__POP1564_N1,,,
IT1:22_293_DF_DCIS_INDDEMOG1_1(1.0),A,ITD52,POP1564,2025,64,,,,TIPO_DATO15__POP1564_N1,,,
IT1:22_293_DF_DCIS_INDDEMOG1_1(1.0),A,ITD52,POP1564,2026,64,e,,,TIPO_DATO15__POP1564_N1,,,
IT1:22_293_DF_DCIS_INDDEMOG1_1(1.0),A,ITD53,POP1564,2015,63.9,,,,TIPO_DATO15__POP1564_N1,,,
IT1:22_293_DF_DCIS_INDDEMOG1_1(1.0),A,ITD53,POP1564,2016,63.8,,,,TIPO_DATO15__POP1564_N1,,,
IT1:22_293_DF_DCIS_INDDEMOG1_1(1.0),A,ITD53,POP1564,2017,63.8,,,,TIPO_DATO15__POP1564_N1,,,
IT1:22_293_DF_DCIS_INDDEMOG1_1(1.0),A,ITD53,POP1564,2018,63.9,,,,TIPO_DATO15__POP1564_N1,,,
IT1:22_293_DF_DCIS_INDDEMOG1_1(1.0),A,ITD53,POP1564,2019,64,,,,TIPO_DATO15__POP1564_N1,,,
IT1:22_293_DF_DCIS_INDDEMOG1_1(1.0),A,ITD53,POP1564,2020,64,,,,TIPO_DATO15__POP1564_N1,,,
IT1:22_293_DF_DCIS_INDDEMOG1_1(1.0),A,ITD53,POP1564,2021,64.1,,,,TIPO_DATO15__POP1564_N1,,,
IT1:22_293_DF_DCIS_INDDEMOG1_1(1.0),A,ITD53,POP1564,2022,64.2,,,,TIPO_DATO15__POP1564_N1,,,
IT1:22_293_DF_DCIS_INDDEMOG1_1(1.0),A,ITD53,POP1564,2023,64.3,,,,TIPO_DATO15__POP1564_N1,,,
IT1:22_293_DF_DCIS_INDDEMOG1_1(1.0),A,ITD53,POP1564,2024,64.5,,,,TIPO_DATO15__POP1564_N1,,,
IT1:22_293_DF_DCIS_INDDEMOG1_1(1.0),A,ITD53,POP1564,2025,64.5,,,,TIPO_DATO15__POP1564_N1,,,
IT1:22_293_DF_DCIS_INDDEMOG1_1(1.0),A,ITD53,POP1564,2026,64.5,e,,,TIPO_DATO15__POP1564_N1,,,
IT1:22_293_DF_DCIS_INDDEMOG1_1(1.0),A,ITD54,POP1564,2015,63.4,,,,TIPO_DATO15__POP1564_N1,,,
IT1:22_293_DF_DCIS_INDDEMOG1_1(1.0),A,ITD54,POP1564,2016,63.3,,,,TIPO_DATO15__POP1564_N1,,,
IT1:22_293_DF_DCIS_INDDEMOG1_1(1.0),A,ITD54,POP1564,2017,63.2,,,,TIPO_DATO15__POP1564_N1,,,
IT1:22_293_DF_DCIS_INDDEMOG1_1(1.0),A,ITD54,POP1564,2018,63.3,,,,TIPO_DATO15__POP1564_N1,,,
IT1:22_293_DF_DCIS_INDDEMOG1_1(1.0),A,ITD54,POP1564,2019,63.4,,,,TIPO_DATO15__POP1564_N1,,,
IT1:22_293_DF_DCIS_INDDEMOG1_1(1.0),A,ITD54,POP1564,2020,63.3,,,,TIPO_DATO15__POP1564_N1,,,
IT1:22_293_DF_DCIS_INDDEMOG1_1(1.0),A,ITD54,POP1564,2021,63.5,,,,TIPO_DATO15__POP1564_N1,,,
IT1:22_293_DF_DCIS_INDDEMOG1_1(1.0),A,ITD54,POP1564,2022,63.4,,,,TIPO_DATO15__POP1564_N1,,,
IT1:22_293_DF_DCIS_INDDEMOG1_1(1.0),A,ITD54,POP1564,2023,63.5,,,,TIPO_DATO15__POP1564_N1,,,
IT1:22_293_DF_DCIS_INDDEMOG1_1(1.0),A,ITD54,POP1564,2024,63.7,,,,TIPO_DATO15__POP1564_N1,,,
IT1:22_293_DF_DCIS_INDDEMOG1_1(1.0),A,ITD54,POP1564,2025,63.7,,,,TIPO_DATO15__POP1564_N1,,,
IT1:22_293_DF_DCIS_INDDEMOG1_1(1.0),A,ITD54,POP1564,2026,63.7,e,,,TIPO_DATO15__POP1564_N1,,,
IT1:22_293_DF_DCIS_INDDEMOG1_1(1.0),A,ITD55,POP1564,2015,62.4,,,,TIPO_DATO15__POP1564_N1,,,
IT1:22_293_DF_DCIS_INDDEMOG1_1(1.0),A,ITD55,POP1564,2016,62.4,,,,TIPO_DATO15__POP1564_N1,,,
IT1:22_293_DF_DCIS_INDDEMOG1_1(1.0),A,ITD55,POP1564,2017,62.5,,,,TIPO_DATO15__POP1564_N1,,,
IT1:22_293_DF_DCIS_INDDEMOG1_1(1.0),A,ITD55,POP1564,2018,62.6,,,,TIPO_DATO15__POP1564_N1,,,
IT1:22_293_DF_DCIS_INDDEMOG1_1(1.0),A,ITD55,POP1564,2019,62.7,,,,TIPO_DATO15__POP1564_N1,,,
IT1:22_293_DF_DCIS_INDDEMOG1_1(1.0),A,ITD55,POP1564,2020,62.9,,,,TIPO_DATO15__POP1564_N1,,,
IT1:22_293_DF_DCIS_INDDEMOG1_1(1.0),A,ITD55,POP1564,2021,63.2,,,,TIPO_DATO15__POP1564_N1,,,
IT1:22_293_DF_DCIS_INDDEMOG1_1(1.0),A,ITD55,POP1564,2022,63.1,,,,TIPO_DATO15__POP1564_N1,,,
IT1:22_293_DF_DCIS_INDDEMOG1_1(1.0),A,ITD55,POP1564,2023,63.3,,,,TIPO_DATO15__POP1564_N1,,,
IT1:22_293_DF_DCIS_INDDEMOG1_1(1.0),A,ITD55,POP1564,2024,63.4,,,,TIPO_DATO15__POP1564_N1,,,
IT1:22_293_DF_DCIS_INDDEMOG1_1(1.0),A,ITD55,POP1564,2025,63.5,,,,TIPO_DATO15__POP1564_N1,,,
IT1:22_293_DF_DCIS_INDDEMOG1_1(1.0),A,ITD55,POP1564,2026,63.4,e,,,TIPO_DATO15__POP1564_N1,,,
IT1:22_293_DF_DCIS_INDDEMOG1_1(1.0),A,ITD56,POP1564,2015,61.6,,,,TIPO_DATO15__POP1564_N1,,,
IT1:22_293_DF_DCIS_INDDEMOG1_1(1.0),A,ITD56,POP1564,2016,61.4,,,,TIPO_DATO15__POP1564_N1,,,
IT1:22_293_DF_DCIS_INDDEMOG1_1(1.0),A,ITD56,POP1564,2017,61.2,,,,TIPO_DATO15__POP1564_N1,,,
IT1:22_293_DF_DCIS_INDDEMOG1_1(1.0),A,ITD56,POP1564,2018,61.2,,,,TIPO_DATO15__POP1564_N1,,,
IT1:22_293_DF_DCIS_INDDEMOG1_1(1.0),A,ITD56,POP1564,2019,61.1,,,,TIPO_DATO15__POP1564_N1,,,
IT1:22_293_DF_DCIS_INDDEMOG1_1(1.0),A,ITD56,POP1564,2020,61,,,,TIPO_DATO15__POP1564_N1,,,
IT1:22_293_DF_DCIS_INDDEMOG1_1(1.0),A,ITD56,POP1564,2021,61,,,,TIPO_DATO15__POP1564_N1,,,
IT1:22_293_DF_DCIS_INDDEMOG1_1(1.0),A,ITD56,POP1564,2022,60.8,,,,TIPO_DATO15__POP1564_N1,,,
IT1:22_293_DF_DCIS_INDDEMOG1_1(1.0),A,ITD56,POP1564,2023,60.8,,,,TIPO_DATO15__POP1564_N1,,,
IT1:22_293_DF_DCIS_INDDEMOG1_1(1.0),A,ITD56,POP1564,2024,60.8,,,,TIPO_DATO15__POP1564_N1,,,
IT1:22_293_DF_DCIS_INDDEMOG1_1(1.0),A,ITD56,POP1564,2025,60.8,,,,TIPO_DATO15__POP1564_N1,,,
IT1:22_293_DF_DCIS_INDDEMOG1_1(1.0),A,ITD56,POP1564,2026,60.7,e,,,TIPO_DATO15__POP1564_N1,,,
IT1:22_293_DF_DCIS_INDDEMOG1_1(1.0),A,ITD57,POP1564,2015,62,,,,TIPO_DATO15__POP1564_N1,,,
IT1:22_293_DF_DCIS_INDDEMOG1_1(1.0),A,ITD57,POP1564,2016,61.9,,,,TIPO_DATO15__POP1564_N1,,,
IT1:22_293_DF_DCIS_INDDEMOG1_1(1.0),A,ITD57,POP1564,2017,61.9,,,,TIPO_DATO15__POP1564_N1,,,
IT1:22_293_DF_DCIS_INDDEMOG1_1(1.0),A,ITD57,POP1564,2018,62,,,,TIPO_DATO15__POP1564_N1,,,
IT1:22_293_DF_DCIS_INDDEMOG1_1(1.0),A,ITD57,POP1564,2019,62,,,,TIPO_DATO15__POP1564_N1,,,
IT1:22_293_DF_DCIS_INDDEMOG1_1(1.0),A,ITD57,POP1564,2020,62,,,,TIPO_DATO15__POP1564_N1,,,
IT1:22_293_DF_DCIS_INDDEMOG1_1(1.0),A,ITD57,POP1564,2021,62.1,,,,TIPO_DATO15__POP1564_N1,,,
IT1:22_293_DF_DCIS_INDDEMOG1_1(1.0),A,ITD57,POP1564,2022,62.1,,,,TIPO_DATO15__POP1564_N1,,,
IT1:22_293_DF_DCIS_INDDEMOG1_1(1.0),A,ITD57,POP1564,2023,62.2,,,,TIPO_DATO15__POP1564_N1,,,
IT1:22_293_DF_DCIS_INDDEMOG1_1(1.0),A,ITD57,POP1564,2024,62.4,,,,TIPO_DATO15__POP1564_N1,,,
IT1:22_293_DF_DCIS_INDDEMOG1_1(1.0),A,ITD57,POP1564,2025,62.4,,,,TIPO_DATO15__POP1564_N1,,,
IT1:22_293_DF_DCIS_INDDEMOG1_1(1.0),A,ITD57,POP1564,2026,62.4,e,,,TIPO_DATO15__POP1564_N1,,,
IT1:22_293_DF_DCIS_INDDEMOG1_1(1.0),A,ITD58,POP1564,2015,62.8,,,,TIPO_DATO15__POP1564_N1,,,
IT1:22_293_DF_DCIS_INDDEMOG1_1(1.0),A,ITD58,POP1564,2016,62.6,,,,TIPO_DATO15__POP1564_N1,,,
IT1:22_293_DF_DCIS_INDDEMOG1_1(1.0),A,ITD58,POP1564,2017,62.5,,,,TIPO_DATO15__POP1564_N1,,,
IT1:22_293_DF_DCIS_INDDEMOG1_1(1.0),A,ITD58,POP1564,2018,62.5,,,,TIPO_DATO15__POP1564_N1,,,
IT1:22_293_DF_DCIS_INDDEMOG1_1(1.0),A,ITD58,POP1564,2019,62.5,,,,TIPO_DATO15__POP1564_N1,,,
IT1:22_293_DF_DCIS_INDDEMOG1_1(1.0),A,ITD58,POP1564,2020,62.5,,,,TIPO_DATO15__POP1564_N1,,,
IT1:22_293_DF_DCIS_INDDEMOG1_1(1.0),A,ITD58,POP1564,2021,62.6,,,,TIPO_DATO15__POP1564_N1,,,
IT1:22_293_DF_DCIS_INDDEMOG1_1(1.0),A,ITD58,POP1564,2022,62.6,,,,TIPO_DATO15__POP1564_N1,,,
IT1:22_293_DF_DCIS_INDDEMOG1_1(1.0),A,ITD58,POP1564,2023,62.7,,,,TIPO_DATO15__POP1564_N1,,,
IT1:22_293_DF_DCIS_INDDEMOG1_1(1.0),A,ITD58,POP1564,2024,62.7,,,,TIPO_DATO15__POP1564_N1,,,
IT1:22_293_DF_DCIS_INDDEMOG1_1(1.0),A,ITD58,POP1564,2025,62.7,,,,TIPO_DATO15__POP1564_N1,,,
IT1:22_293_DF_DCIS_INDDEMOG1_1(1.0),A,ITD58,POP1564,2026,62.7,e,,,TIPO_DATO15__POP1564_N1,,,
IT1:22_293_DF_DCIS_INDDEMOG1_1(1.0),A,ITD59,POP1564,2015,64,,,,TIPO_DATO15__POP1564_N1,,,
IT1:22_293_DF_DCIS_INDDEMOG1_1(1.0),A,ITD59,POP1564,2016,63.9,,,,TIPO_DATO15__POP1564_N1,,,
IT1:22_293_DF_DCIS_INDDEMOG1_1(1.0),A,ITD59,POP1564,2017,63.8,,,,TIPO_DATO15__POP1564_N1,,,
IT1:22_293_DF_DCIS_INDDEMOG1_1(1.0),A,ITD59,POP1564,2018,63.8,,,,TIPO_DATO15__POP1564_N1,,,
IT1:22_293_DF_DCIS_INDDEMOG1_1(1.0),A,ITD59,POP1564,2019,63.8,,,,TIPO_DATO15__POP1564_N1,,,
IT1:22_293_DF_DCIS_INDDEMOG1_1(1.0),A,ITD59,POP1564,2020,63.7,,,,TIPO_DATO15__POP1564_N1,,,
IT1:22_293_DF_DCIS_INDDEMOG1_1(1.0),A,ITD59,POP1564,2021,63.8,,,,TIPO_DATO15__POP1564_N1,,,
IT1:22_293_DF_DCIS_INDDEMOG1_1(1.0),A,ITD59,POP1564,2022,63.7,,,,TIPO_DATO15__POP1564_N1,,,
IT1:22_293_DF_DCIS_INDDEMOG1_1(1.0),A,ITD59,POP1564,2023,63.7,,,,TIPO_DATO15__POP1564_N1,,,
IT1:22_293_DF_DCIS_INDDEMOG1_1(1.0),A,ITD59,POP1564,2024,63.7,,,,TIPO_DATO15__POP1564_N1,,,
IT1:22_293_DF_DCIS_INDDEMOG1_1(1.0),A,ITD59,POP1564,2025,63.7,,,,TIPO_DATO15__POP1564_N1,,,
IT1:22_293_DF_DCIS_INDDEMOG1_1(1.0),A,ITD59,POP1564,2026,63.6,e,,,TIPO_DATO15__POP1564_N1,,,
IT1:22_293_DF_DCIS_INDDEMOG1_1(1.0),A,ITDA,POP1564,2015,64.5,,,,TIPO_DATO15__POP1564_N1,,,
IT1:22_293_DF_DCIS_INDDEMOG1_1(1.0),A,ITDA,POP1564,2016,64.4,,,,TIPO_DATO15__POP1564_N1,,,
IT1:22_293_DF_DCIS_INDDEMOG1_1(1.0),A,ITDA,POP1564,2017,64.3,,,,TIPO_DATO15__POP1564_N1,,,
IT1:22_293_DF_DCIS_INDDEMOG1_1(1.0),A,ITDA,POP1564,2018,64.2,,,,TIPO_DATO15__POP1564_N1,,,
IT1:22_293_DF_DCIS_INDDEMOG1_1(1.0),A,ITDA,POP1564,2019,64.1,,,,TIPO_DATO15__POP1564_N1,,,
IT1:22_293_DF_DCIS_INDDEMOG1_1(1.0),A,ITDA,POP1564,2020,64,,,,TIPO_DATO15__POP1564_N1,,,
IT1:22_293_DF_DCIS_INDDEMOG1_1(1.0),A,ITDA,POP1564,2021,64.2,,,,TIPO_DATO15__POP1564_N1,,,
IT1:22_293_DF_DCIS_INDDEMOG1_1(1.0),A,ITDA,POP1564,2022,63.9,,,,TIPO_DATO15__POP1564_N1,,,
IT1:22_293_DF_DCIS_INDDEMOG1_1(1.0),A,ITDA,POP1564,2023,63.8,,,,TIPO_DATO15__POP1564_N1,,,
IT1:22_293_DF_DCIS_INDDEMOG1_1(1.0),A,ITDA,POP1564,2024,63.7,,,,TIPO_DATO15__POP1564_N1,,,
IT1:22_293_DF_DCIS_INDDEMOG1_1(1.0),A,ITDA,POP1564,2025,63.5,,,,TIPO_DATO15__POP1564_N1,,,
IT1:22_293_DF_DCIS_INDDEMOG1_1(1.0),A,ITDA,POP1564,2026,63.4,e,,,TIPO_DATO15__POP1564_N1,,,
IT1:22_293_DF_DCIS_INDDEMOG1_1(1.0),A,ITE,POP1564,2015,63.8,,,,TIPO_DATO15__POP1564_N1,,,
IT1:22_293_DF_DCIS_INDDEMOG1_1(1.0),A,ITE,POP1564,2016,63.7,,,,TIPO_DATO15__POP1564_N1,,,
IT1:22_293_DF_DCIS_INDDEMOG1_1(1.0),A,ITE,POP1564,2017,63.6,,,,TIPO_DATO15__POP1564_N1,,,
IT1:22_293_DF_DCIS_INDDEMOG1_1(1.0),A,ITE,POP1564,2018,63.6,,,,TIPO_DATO15__POP1564_N1,,,
IT1:22_293_DF_DCIS_INDDEMOG1_1(1.0),A,ITE,POP1564,2019,63.5,,,,TIPO_DATO15__POP1564_N1,,,
IT1:22_293_DF_DCIS_INDDEMOG1_1(1.0),A,ITE,POP1564,2020,63.4,,,,TIPO_DATO15__POP1564_N1,,,
IT1:22_293_DF_DCIS_INDDEMOG1_1(1.0),A,ITE,POP1564,2021,63.2,,,,TIPO_DATO15__POP1564_N1,,,
IT1:22_293_DF_DCIS_INDDEMOG1_1(1.0),A,ITE,POP1564,2022,63.1,,,,TIPO_DATO15__POP1564_N1,,,
IT1:22_293_DF_DCIS_INDDEMOG1_1(1.0),A,ITE,POP1564,2023,63.2,,,,TIPO_DATO15__POP1564_N1,,,
IT1:22_293_DF_DCIS_INDDEMOG1_1(1.0),A,ITE,POP1564,2024,63.2,,,,TIPO_DATO15__POP1564_N1,,,
IT1:22_293_DF_DCIS_INDDEMOG1_1(1.0),A,ITE,POP1564,2025,63.2,,,,TIPO_DATO15__POP1564_N1,,,
IT1:22_293_DF_DCIS_INDDEMOG1_1(1.0),A,ITE,POP1564,2026,63.1,e,,,TIPO_DATO15__POP1564_N1,,,
IT1:22_293_DF_DCIS_INDDEMOG1_1(1.0),A,ITE1,POP1564,2015,62.3,,,,TIPO_DATO15__POP1564_N1,,,
IT1:22_293_DF_DCIS_INDDEMOG1_1(1.0),A,ITE1,POP1564,2016,62.2,,,,TIPO_DATO15__POP1564_N1,,,
IT1:22_293_DF_DCIS_INDDEMOG1_1(1.0),A,ITE1,POP1564,2017,62.2,,,,TIPO_DATO15__POP1564_N1,,,
IT1:22_293_DF_DCIS_INDDEMOG1_1(1.0),A,ITE1,POP1564,2018,62.2,,,,TIPO_DATO15__POP1564_N1,,,
IT1:22_293_DF_DCIS_INDDEMOG1_1(1.0),A,ITE1,POP1564,2019,62.2,,,,TIPO_DATO15__POP1564_N1,,,
IT1:22_293_DF_DCIS_INDDEMOG1_1(1.0),A,ITE1,POP1564,2020,62.1,,,,TIPO_DATO15__POP1564_N1,,,
IT1:22_293_DF_DCIS_INDDEMOG1_1(1.0),A,ITE1,POP1564,2021,62.2,,,,TIPO_DATO15__POP1564_N1,,,
IT1:22_293_DF_DCIS_INDDEMOG1_1(1.0),A,ITE1,POP1564,2022,62.1,,,,TIPO_DATO15__POP1564_N1,,,
IT1:22_293_DF_DCIS_INDDEMOG1_1(1.0),A,ITE1,POP1564,2023,62.2,,,,TIPO_DATO15__POP1564_N1,,,
IT1:22_293_DF_DCIS_INDDEMOG1_1(1.0),A,ITE1,POP1564,2024,62.2,,,,TIPO_DATO15__POP1564_N1,,,
IT1:22_293_DF_DCIS_INDDEMOG1_1(1.0),A,ITE1,POP1564,2025,62.2,,,,TIPO_DATO15__POP1564_N1,,,
IT1:22_293_DF_DCIS_INDDEMOG1_1(1.0),A,ITE1,POP1564,2026,62.2,e,,,TIPO_DATO15__POP1564_N1,,,
IT1:22_293_DF_DCIS_INDDEMOG1_1(1.0),A,ITE11,POP1564,2015,62.5,,,,TIPO_DATO15__POP1564_N1,,,
IT1:22_293_DF_DCIS_INDDEMOG1_1(1.0),A,ITE11,POP1564,2016,62.3,,,,TIPO_DATO15__POP1564_N1,,,
IT1:22_293_DF_DCIS_INDDEMOG1_1(1.0),A,ITE11,POP1564,2017,62.2,,,,TIPO_DATO15__POP1564_N1,,,
IT1:22_293_DF_DCIS_INDDEMOG1_1(1.0),A,ITE11,POP1564,2018,62.1,,,,TIPO_DATO15__POP1564_N1,,,
IT1:22_293_DF_DCIS_INDDEMOG1_1(1.0),A,ITE11,POP1564,2019,62,,,,TIPO_DATO15__POP1564_N1,,,
IT1:22_293_DF_DCIS_INDDEMOG1_1(1.0),A,ITE11,POP1564,2020,61.8,,,,TIPO_DATO15__POP1564_N1,,,
IT1:22_293_DF_DCIS_INDDEMOG1_1(1.0),A,ITE11,POP1564,2021,61.6,,,,TIPO_DATO15__POP1564_N1,,,
IT1:22_293_DF_DCIS_INDDEMOG1_1(1.0),A,ITE11,POP1564,2022,61.4,,,,TIPO_DATO15__POP1564_N1,,,
IT1:22_293_DF_DCIS_INDDEMOG1_1(1.0),A,ITE11,POP1564,2023,61.3,,,,TIPO_DATO15__POP1564_N1,,,
IT1:22_293_DF_DCIS_INDDEMOG1_1(1.0),A,ITE11,POP1564,2024,61.2,,,,TIPO_DATO15__POP1564_N1,,,
IT1:22_293_DF_DCIS_INDDEMOG1_1(1.0),A,ITE11,POP1564,2025,61,,,,TIPO_DATO15__POP1564_N1,,,
IT1:22_293_DF_DCIS_INDDEMOG1_1(1.0),A,ITE11,POP1564,2026,60.9,e,,,TIPO_DATO15__POP1564_N1,,,
IT1:22_293_DF_DCIS_INDDEMOG1_1(1.0),A,ITE12,POP1564,2015,62.6,,,,TIPO_DATO15__POP1564_N1,,,
IT1:22_293_DF_DCIS_INDDEMOG1_1(1.0),A,ITE12,POP1564,2016,62.5,,,,TIPO_DATO15__POP1564_N1,,,
IT1:22_293_DF_DCIS_INDDEMOG1_1(1.0),A,ITE12,POP1564,2017,62.4,,,,TIPO_DATO15__POP1564_N1,,,
IT1:22_293_DF_DCIS_INDDEMOG1_1(1.0),A,ITE12,POP1564,2018,62.4,,,,TIPO_DATO15__POP1564_N1,,,
IT1:22_293_DF_DCIS_INDDEMOG1_1(1.0),A,ITE12,POP1564,2019,62.4,,,,TIPO_DATO15__POP1564_N1,,,
IT1:22_293_DF_DCIS_INDDEMOG1_1(1.0),A,ITE12,POP1564,2020,62.3,,,,TIPO_DATO15__POP1564_N1,,,
IT1:22_293_DF_DCIS_INDDEMOG1_1(1.0),A,ITE12,POP1564,2021,62.2,,,,TIPO_DATO15__POP1564_N1,,,
IT1:22_293_DF_DCIS_INDDEMOG1_1(1.0),A,ITE12,POP1564,2022,62.2,,,,TIPO_DATO15__POP1564_N1,,,
IT1:22_293_DF_DCIS_INDDEMOG1_1(1.0),A,ITE12,POP1564,2023,62.3,,,,TIPO_DATO15__POP1564_N1,,,
IT1:22_293_DF_DCIS_INDDEMOG1_1(1.0),A,ITE12,POP1564,2024,62.3,,,,TIPO_DATO15__POP1564_N1,,,
IT1:22_293_DF_DCIS_INDDEMOG1_1(1.0),A,ITE12,POP1564,2025,62.2,,,,TIPO_DATO15__POP1564_N1,,,
IT1:22_293_DF_DCIS_INDDEMOG1_1(1.0),A,ITE12,POP1564,2026,62,e,,,TIPO_DATO15__POP1564_N1,,,
IT1:22_293_DF_DCIS_INDDEMOG1_1(1.0),A,ITE13,POP1564,2015,62.5,,,,TIPO_DATO15__POP1564_N1,,,
IT1:22_293_DF_DCIS_INDDEMOG1_1(1.0),A,ITE13,POP1564,2016,62.4,,,,TIPO_DATO15__POP1564_N1,,,
IT1:22_293_DF_DCIS_INDDEMOG1_1(1.0),A,ITE13,POP1564,2017,62.2,,,,TIPO_DATO15__POP1564_N1,,,
IT1:22_293_DF_DCIS_INDDEMOG1_1(1.0),A,ITE13,POP1564,2018,62.3,,,,TIPO_DATO15__POP1564_N1,,,
IT1:22_293_DF_DCIS_INDDEMOG1_1(1.0),A,ITE13,POP1564,2019,62.2,,,,TIPO_DATO15__POP1564_N1,,,
IT1:22_293_DF_DCIS_INDDEMOG1_1(1.0),A,ITE13,POP1564,2020,62.2,,,,TIPO_DATO15__POP1564_N1,,,
IT1:22_293_DF_DCIS_INDDEMOG1_1(1.0),A,ITE13,POP1564,2021,62,,,,TIPO_DATO15__POP1564_N1,,,
IT1:22_293_DF_DCIS_INDDEMOG1_1(1.0),A,ITE13,POP1564,2022,62.1,,,,TIPO_DATO15__POP1564_N1,,,
IT1:22_293_DF_DCIS_INDDEMOG1_1(1.0),A,ITE13,POP1564,2023,62.2,,,,TIPO_DATO15__POP1564_N1,,,
IT1:22_293_DF_DCIS_INDDEMOG1_1(1.0),A,ITE13,POP1564,2024,62.1,,,,TIPO_DATO15__POP1564_N1,,,
IT1:22_293_DF_DCIS_INDDEMOG1_1(1.0),A,ITE13,POP1564,2025,62.1,,,,TIPO_DATO15__POP1564_N1,,,
IT1:22_293_DF_DCIS_INDDEMOG1_1(1.0),A,ITE13,POP1564,2026,62,e,,,TIPO_DATO15__POP1564_N1,,,
IT1:22_293_DF_DCIS_INDDEMOG1_1(1.0),A,ITE14,POP1564,2015,61.9,,,,TIPO_DATO15__POP1564_N1,,,
IT1:22_293_DF_DCIS_INDDEMOG1_1(1.0),A,ITE14,POP1564,2016,61.9,,,,TIPO_DATO15__POP1564_N1,,,
IT1:22_293_DF_DCIS_INDDEMOG1_1(1.0),A,ITE14,POP1564,2017,61.9,,,,TIPO_DATO15__POP1564_N1,,,
IT1:22_293_DF_DCIS_INDDEMOG1_1(1.0),A,ITE14,POP1564,2018,62,,,,TIPO_DATO15__POP1564_N1,,,
IT1:22_293_DF_DCIS_INDDEMOG1_1(1.0),A,ITE14,POP1564,2019,62,,,,TIPO_DATO15__POP1564_N1,,,
IT1:22_293_DF_DCIS_INDDEMOG1_1(1.0),A,ITE14,POP1564,2020,62,,,,TIPO_DATO15__POP1564_N1,,,
IT1:22_293_DF_DCIS_INDDEMOG1_1(1.0),A,ITE14,POP1564,2021,62.3,,,,TIPO_DATO15__POP1564_N1,,,
IT1:22_293_DF_DCIS_INDDEMOG1_1(1.0),A,ITE14,POP1564,2022,62.1,,,,TIPO_DATO15__POP1564_N1,,,
IT1:22_293_DF_DCIS_INDDEMOG1_1(1.0),A,ITE14,POP1564,2023,62.3,,,,TIPO_DATO15__POP1564_N1,,,
IT1:22_293_DF_DCIS_INDDEMOG1_1(1.0),A,ITE14,POP1564,2024,62.4,,,,TIPO_DATO15__POP1564_N1,,,
IT1:22_293_DF_DCIS_INDDEMOG1_1(1.0),A,ITE14,POP1564,2025,62.4,,,,TIPO_DATO15__POP1564_N1,,,
IT1:22_293_DF_DCIS_INDDEMOG1_1(1.0),A,ITE14,POP1564,2026,62.4,e,,,TIPO_DATO15__POP1564_N1,,,
IT1:22_293_DF_DCIS_INDDEMOG1_1(1.0),A,ITE15,POP1564,2015,63.6,,,,TIPO_DATO15__POP1564_N1,,,
IT1:22_293_DF_DCIS_INDDEMOG1_1(1.0),A,ITE15,POP1564,2016,63.6,,,,TIPO_DATO15__POP1564_N1,,,
IT1:22_293_DF_DCIS_INDDEMOG1_1(1.0),A,ITE15,POP1564,2017,63.5,,,,TIPO_DATO15__POP1564_N1,,,
IT1:22_293_DF_DCIS_INDDEMOG1_1(1.0),A,ITE15,POP1564,2018,63.5,,,,TIPO_DATO15__POP1564_N1,,,
IT1:22_293_DF_DCIS_INDDEMOG1_1(1.0),A,ITE15,POP1564,2019,63.7,,,,TIPO_DATO15__POP1564_N1,,,
IT1:22_293_DF_DCIS_INDDEMOG1_1(1.0),A,ITE15,POP1564,2020,63.6,,,,TIPO_DATO15__POP1564_N1,,,
IT1:22_293_DF_DCIS_INDDEMOG1_1(1.0),A,ITE15,POP1564,2021,64.8,,,,TIPO_DATO15__POP1564_N1,,,
IT1:22_293_DF_DCIS_INDDEMOG1_1(1.0),A,ITE15,POP1564,2022,64.3,,,,TIPO_DATO15__POP1564_N1,,,
IT1:22_293_DF_DCIS_INDDEMOG1_1(1.0),A,ITE15,POP1564,2023,64.7,,,,TIPO_DATO15__POP1564_N1,,,
IT1:22_293_DF_DCIS_INDDEMOG1_1(1.0),A,ITE15,POP1564,2024,64.9,,,,TIPO_DATO15__POP1564_N1,,,
IT1:22_293_DF_DCIS_INDDEMOG1_1(1.0),A,ITE15,POP1564,2025,65.1,,,,TIPO_DATO15__POP1564_N1,,,
IT1:22_293_DF_DCIS_INDDEMOG1_1(1.0),A,ITE15,POP1564,2026,65.3,e,,,TIPO_DATO15__POP1564_N1,,,
IT1:22_293_DF_DCIS_INDDEMOG1_1(1.0),A,ITE16,POP1564,2015,61.4,,,,TIPO_DATO15__POP1564_N1,,,
IT1:22_293_DF_DCIS_INDDEMOG1_1(1.0),A,ITE16,POP1564,2016,61.3,,,,TIPO_DATO15__POP1564_N1,,,
IT1:22_293_DF_DCIS_INDDEMOG1_1(1.0),A,ITE16,POP1564,2017,61.3,,,,TIPO_DATO15__POP1564_N1,,,
IT1:22_293_DF_DCIS_INDDEMOG1_1(1.0),A,ITE16,POP1564,2018,61.3,,,,TIPO_DATO15__POP1564_N1,,,
IT1:22_293_DF_DCIS_INDDEMOG1_1(1.0),A,ITE16,POP1564,2019,61.3,,,,TIPO_DATO15__POP1564_N1,,,
IT1:22_293_DF_DCIS_INDDEMOG1_1(1.0),A,ITE16,POP1564,2020,61.2,,,,TIPO_DATO15__POP1564_N1,,,
IT1:22_293_DF_DCIS_INDDEMOG1_1(1.0),A,ITE16,POP1564,2021,61,,,,TIPO_DATO15__POP1564_N1,,,
IT1:22_293_DF_DCIS_INDDEMOG1_1(1.0),A,ITE16,POP1564,2022,61,,,,TIPO_DATO15__POP1564_N1,,,
IT1:22_293_DF_DCIS_INDDEMOG1_1(1.0),A,ITE16,POP1564,2023,61.2,,,,TIPO_DATO15__POP1564_N1,,,
IT1:22_293_DF_DCIS_INDDEMOG1_1(1.0),A,ITE16,POP1564,2024,61.2,,,,TIPO_DATO15__POP1564_N1,,,
IT1:22_293_DF_DCIS_INDDEMOG1_1(1.0),A,ITE16,POP1564,2025,61.2,,,,TIPO_DATO15__POP1564_N1,,,
IT1:22_293_DF_DCIS_INDDEMOG1_1(1.0),A,ITE16,POP1564,2026,61.2,e,,,TIPO_DATO15__POP1564_N1,,,
IT1:22_293_DF_DCIS_INDDEMOG1_1(1.0),A,ITE17,POP1564,2015,63,,,,TIPO_DATO15__POP1564_N1,,,
IT1:22_293_DF_DCIS_INDDEMOG1_1(1.0),A,ITE17,POP1564,2016,62.9,,,,TIPO_DATO15__POP1564_N1,,,
IT1:22_293_DF_DCIS_INDDEMOG1_1(1.0),A,ITE17,POP1564,2017,62.8,,,,TIPO_DATO15__POP1564_N1,,,
IT1:22_293_DF_DCIS_INDDEMOG1_1(1.0),A,ITE17,POP1564,2018,62.8,,,,TIPO_DATO15__POP1564_N1,,,
IT1:22_293_DF_DCIS_INDDEMOG1_1(1.0),A,ITE17,POP1564,2019,62.7,,,,TIPO_DATO15__POP1564_N1,,,
IT1:22_293_DF_DCIS_INDDEMOG1_1(1.0),A,ITE17,POP1564,2020,62.7,,,,TIPO_DATO15__POP1564_N1,,,
IT1:22_293_DF_DCIS_INDDEMOG1_1(1.0),A,ITE17,POP1564,2021,62.6,,,,TIPO_DATO15__POP1564_N1,,,
IT1:22_293_DF_DCIS_INDDEMOG1_1(1.0),A,ITE17,POP1564,2022,62.6,,,,TIPO_DATO15__POP1564_N1,,,
IT1:22_293_DF_DCIS_INDDEMOG1_1(1.0),A,ITE17,POP1564,2023,62.8,,,,TIPO_DATO15__POP1564_N1,,,
IT1:22_293_DF_DCIS_INDDEMOG1_1(1.0),A,ITE17,POP1564,2024,62.8,,,,TIPO_DATO15__POP1564_N1,,,
IT1:22_293_DF_DCIS_INDDEMOG1_1(1.0),A,ITE17,POP1564,2025,62.8,,,,TIPO_DATO15__POP1564_N1,,,
IT1:22_293_DF_DCIS_INDDEMOG1_1(1.0),A,ITE17,POP1564,2026,62.8,e,,,TIPO_DATO15__POP1564_N1,,,
IT1:22_293_DF_DCIS_INDDEMOG1_1(1.0),A,ITE18,POP1564,2015,62.8,,,,TIPO_DATO15__POP1564_N1,,,
IT1:22_293_DF_DCIS_INDDEMOG1_1(1.0),A,ITE18,POP1564,2016,62.6,,,,TIPO_DATO15__POP1564_N1,,,
IT1:22_293_DF_DCIS_INDDEMOG1_1(1.0),A,ITE18,POP1564,2017,62.4,,,,TIPO_DATO15__POP1564_N1,,,
IT1:22_293_DF_DCIS_INDDEMOG1_1(1.0),A,ITE18,POP1564,2018,62.4,,,,TIPO_DATO15__POP1564_N1,,,
IT1:22_293_DF_DCIS_INDDEMOG1_1(1.0),A,ITE18,POP1564,2019,62.3,,,,TIPO_DATO15__POP1564_N1,,,
IT1:22_293_DF_DCIS_INDDEMOG1_1(1.0),A,ITE18,POP1564,2020,62.3,,,,TIPO_DATO15__POP1564_N1,,,
IT1:22_293_DF_DCIS_INDDEMOG1_1(1.0),A,ITE18,POP1564,2021,62.1,,,,TIPO_DATO15__POP1564_N1,,,
IT1:22_293_DF_DCIS_INDDEMOG1_1(1.0),A,ITE18,POP1564,2022,62,,,,TIPO_DATO15__POP1564_N1,,,
IT1:22_293_DF_DCIS_INDDEMOG1_1(1.0),A,ITE18,POP1564,2023,62.1,,,,TIPO_DATO15__POP1564_N1,,,
IT1:22_293_DF_DCIS_INDDEMOG1_1(1.0),A,ITE18,POP1564,2024,62.1,,,,TIPO_DATO15__POP1564_N1,,,
IT1:22_293_DF_DCIS_INDDEMOG1_1(1.0),A,ITE18,POP1564,2025,62,,,,TIPO_DATO15__POP1564_N1,,,
IT1:22_293_DF_DCIS_INDDEMOG1_1(1.0),A,ITE18,POP1564,2026,61.9,e,,,TIPO_DATO15__POP1564_N1,,,
IT1:22_293_DF_DCIS_INDDEMOG1_1(1.0),A,ITE19,POP1564,2015,61.6,,,,TIPO_DATO15__POP1564_N1,,,
IT1:22_293_DF_DCIS_INDDEMOG1_1(1.0),A,ITE19,POP1564,2016,61.5,,,,TIPO_DATO15__POP1564_N1,,,
IT1:22_293_DF_DCIS_INDDEMOG1_1(1.0),A,ITE19,POP1564,2017,61.5,,,,TIPO_DATO15__POP1564_N1,,,
IT1:22_293_DF_DCIS_INDDEMOG1_1(1.0),A,ITE19,POP1564,2018,61.5,,,,TIPO_DATO15__POP1564_N1,,,
IT1:22_293_DF_DCIS_INDDEMOG1_1(1.0),A,ITE19,POP1564,2019,61.6,,,,TIPO_DATO15__POP1564_N1,,,
IT1:22_293_DF_DCIS_INDDEMOG1_1(1.0),A,ITE19,POP1564,2020,61.5,,,,TIPO_DATO15__POP1564_N1,,,
IT1:22_293_DF_DCIS_INDDEMOG1_1(1.0),A,ITE19,POP1564,2021,61.6,,,,TIPO_DATO15__POP1564_N1,,,
IT1:22_293_DF_DCIS_INDDEMOG1_1(1.0),A,ITE19,POP1564,2022,61.5,,,,TIPO_DATO15__POP1564_N1,,,
IT1:22_293_DF_DCIS_INDDEMOG1_1(1.0),A,ITE19,POP1564,2023,61.7,,,,TIPO_DATO15__POP1564_N1,,,
IT1:22_293_DF_DCIS_INDDEMOG1_1(1.0),A,ITE19,POP1564,2024,61.7,,,,TIPO_DATO15__POP1564_N1,,,
IT1:22_293_DF_DCIS_INDDEMOG1_1(1.0),A,ITE19,POP1564,2025,61.6,,,,TIPO_DATO15__POP1564_N1,,,
IT1:22_293_DF_DCIS_INDDEMOG1_1(1.0),A,ITE19,POP1564,2026,61.7,e,,,TIPO_DATO15__POP1564_N1,,,
IT1:22_293_DF_DCIS_INDDEMOG1_1(1.0),A,ITE1A,POP1564,2015,61.7,,,,TIPO_DATO15__POP1564_N1,,,
IT1:22_293_DF_DCIS_INDDEMOG1_1(1.0),A,ITE1A,POP1564,2016,61.5,,,,TIPO_DATO15__POP1564_N1,,,
IT1:22_293_DF_DCIS_INDDEMOG1_1(1.0),A,ITE1A,POP1564,2017,61.3,,,,TIPO_DATO15__POP1564_N1,,,
IT1:22_293_DF_DCIS_INDDEMOG1_1(1.0),A,ITE1A,POP1564,2018,61.3,,,,TIPO_DATO15__POP1564_N1,,,
IT1:22_293_DF_DCIS_INDDEMOG1_1(1.0),A,ITE1A,POP1564,2019,61.2,,,,TIPO_DATO15__POP1564_N1,,,
IT1:22_293_DF_DCIS_INDDEMOG1_1(1.0),A,ITE1A,POP1564,2020,61,,,,TIPO_DATO15__POP1564_N1,,,
IT1:22_293_DF_DCIS_INDDEMOG1_1(1.0),A,ITE1A,POP1564,2021,60.9,,,,TIPO_DATO15__POP1564_N1,,,
IT1:22_293_DF_DCIS_INDDEMOG1_1(1.0),A,ITE1A,POP1564,2022,60.7,,,,TIPO_DATO15__POP1564_N1,,,
IT1:22_293_DF_DCIS_INDDEMOG1_1(1.0),A,ITE1A,POP1564,2023,60.7,,,,TIPO_DATO15__POP1564_N1,,,
IT1:22_293_DF_DCIS_INDDEMOG1_1(1.0),A,ITE1A,POP1564,2024,60.7,,,,TIPO_DATO15__POP1564_N1,,,
IT1:22_293_DF_DCIS_INDDEMOG1_1(1.0),A,ITE1A,POP1564,2025,60.7,,,,TIPO_DATO15__POP1564_N1,,,
IT1:22_293_DF_DCIS_INDDEMOG1_1(1.0),A,ITE1A,POP1564,2026,60.6,e,,,TIPO_DATO15__POP1564_N1,,,
IT1:22_293_DF_DCIS_INDDEMOG1_1(1.0),A,ITE2,POP1564,2015,62.3,,,,TIPO_DATO15__POP1564_N1,,,
IT1:22_293_DF_DCIS_INDDEMOG1_1(1.0),A,ITE2,POP1564,2016,62.1,,,,TIPO_DATO15__POP1564_N1,,,
IT1:22_293_DF_DCIS_INDDEMOG1_1(1.0),A,ITE2,POP1564,2017,62,,,,TIPO_DATO15__POP1564_N1,,,
IT1:22_293_DF_DCIS_INDDEMOG1_1(1.0),A,ITE2,POP1564,2018,62,,,,TIPO_DATO15__POP1564_N1,,,
IT1:22_293_DF_DCIS_INDDEMOG1_1(1.0),A,ITE2,POP1564,2019,61.9,,,,TIPO_DATO15__POP1564_N1,,,
IT1:22_293_DF_DCIS_INDDEMOG1_1(1.0),A,ITE2,POP1564,2020,61.8,,,,TIPO_DATO15__POP1564_N1,,,
IT1:22_293_DF_DCIS_INDDEMOG1_1(1.0),A,ITE2,POP1564,2021,61.6,,,,TIPO_DATO15__POP1564_N1,,,
IT1:22_293_DF_DCIS_INDDEMOG1_1(1.0),A,ITE2,POP1564,2022,61.5,,,,TIPO_DATO15__POP1564_N1,,,
IT1:22_293_DF_DCIS_INDDEMOG1_1(1.0),A,ITE2,POP1564,2023,61.6,,,,TIPO_DATO15__POP1564_N1,,,
IT1:22_293_DF_DCIS_INDDEMOG1_1(1.0),A,ITE2,POP1564,2024,61.6,,,,TIPO_DATO15__POP1564_N1,,,
IT1:22_293_DF_DCIS_INDDEMOG1_1(1.0),A,ITE2,POP1564,2025,61.5,,,,TIPO_DATO15__POP1564_N1,,,
IT1:22_293_DF_DCIS_INDDEMOG1_1(1.0),A,ITE2,POP1564,2026,61.5,e,,,TIPO_DATO15__POP1564_N1,,,
IT1:22_293_DF_DCIS_INDDEMOG1_1(1.0),A,ITE21,POP1564,2015,62.6,,,,TIPO_DATO15__POP1564_N1,,,
IT1:22_293_DF_DCIS_INDDEMOG1_1(1.0),A,ITE21,POP1564,2016,62.4,,,,TIPO_DATO15__POP1564_N1,,,
IT1:22_293_DF_DCIS_INDDEMOG1_1(1.0),A,ITE21,POP1564,2017,62.3,,,,TIPO_DATO15__POP1564_N1,,,
IT1:22_293_DF_DCIS_INDDEMOG1_1(1.0),A,ITE21,POP1564,2018,62.3,,,,TIPO_DATO15__POP1564_N1,,,
IT1:22_293_DF_DCIS_INDDEMOG1_1(1.0),A,ITE21,POP1564,2019,62.2,,,,TIPO_DATO15__POP1564_N1,,,
IT1:22_293_DF_DCIS_INDDEMOG1_1(1.0),A,ITE21,POP1564,2020,62.1,,,,TIPO_DATO15__POP1564_N1,,,
IT1:22_293_DF_DCIS_INDDEMOG1_1(1.0),A,ITE21,POP1564,2021,61.9,,,,TIPO_DATO15__POP1564_N1,,,
IT1:22_293_DF_DCIS_INDDEMOG1_1(1.0),A,ITE21,POP1564,2022,61.8,,,,TIPO_DATO15__POP1564_N1,,,
IT1:22_293_DF_DCIS_INDDEMOG1_1(1.0),A,ITE21,POP1564,2023,61.9,,,,TIPO_DATO15__POP1564_N1,,,
IT1:22_293_DF_DCIS_INDDEMOG1_1(1.0),A,ITE21,POP1564,2024,61.9,,,,TIPO_DATO15__POP1564_N1,,,
IT1:22_293_DF_DCIS_INDDEMOG1_1(1.0),A,ITE21,POP1564,2025,61.8,,,,TIPO_DATO15__POP1564_N1,,,
IT1:22_293_DF_DCIS_INDDEMOG1_1(1.0),A,ITE21,POP1564,2026,61.7,e,,,TIPO_DATO15__POP1564_N1,,,
IT1:22_293_DF_DCIS_INDDEMOG1_1(1.0),A,ITE22,POP1564,2015,61.4,,,,TIPO_DATO15__POP1564_N1,,,
IT1:22_293_DF_DCIS_INDDEMOG1_1(1.0),A,ITE22,POP1564,2016,61.3,,,,TIPO_DATO15__POP1564_N1,,,
IT1:22_293_DF_DCIS_INDDEMOG1_1(1.0),A,ITE22,POP1564,2017,61.2,,,,TIPO_DATO15__POP1564_N1,,,
IT1:22_293_DF_DCIS_INDDEMOG1_1(1.0),A,ITE22,POP1564,2018,61.2,,,,TIPO_DATO15__POP1564_N1,,,
IT1:22_293_DF_DCIS_INDDEMOG1_1(1.0),A,ITE22,POP1564,2019,61,,,,TIPO_DATO15__POP1564_N1,,,
IT1:22_293_DF_DCIS_INDDEMOG1_1(1.0),A,ITE22,POP1564,2020,61,,,,TIPO_DATO15__POP1564_N1,,,
IT1:22_293_DF_DCIS_INDDEMOG1_1(1.0),A,ITE22,POP1564,2021,60.6,,,,TIPO_DATO15__POP1564_N1,,,
IT1:22_293_DF_DCIS_INDDEMOG1_1(1.0),A,ITE22,POP1564,2022,60.5,,,,TIPO_DATO15__POP1564_N1,,,
IT1:22_293_DF_DCIS_INDDEMOG1_1(1.0),A,ITE22,POP1564,2023,60.7,,,,TIPO_DATO15__POP1564_N1,,,
IT1:22_293_DF_DCIS_INDDEMOG1_1(1.0),A,ITE22,POP1564,2024,60.7,,,,TIPO_DATO15__POP1564_N1,,,
IT1:22_293_DF_DCIS_INDDEMOG1_1(1.0),A,ITE22,POP1564,2025,60.6,,,,TIPO_DATO15__POP1564_N1,,,
IT1:22_293_DF_DCIS_INDDEMOG1_1(1.0),A,ITE22,POP1564,2026,60.6,e,,,TIPO_DATO15__POP1564_N1,,,
IT1:22_293_DF_DCIS_INDDEMOG1_1(1.0),A,ITE3,POP1564,2015,63,,,,TIPO_DATO15__POP1564_N1,,,
IT1:22_293_DF_DCIS_INDDEMOG1_1(1.0),A,ITE3,POP1564,2016,62.8,,,,TIPO_DATO15__POP1564_N1,,,
IT1:22_293_DF_DCIS_INDDEMOG1_1(1.0),A,ITE3,POP1564,2017,62.6,,,,TIPO_DATO15__POP1564_N1,,,
IT1:22_293_DF_DCIS_INDDEMOG1_1(1.0),A,ITE3,POP1564,2018,62.6,,,,TIPO_DATO15__POP1564_N1,,,
IT1:22_293_DF_DCIS_INDDEMOG1_1(1.0),A,ITE3,POP1564,2019,62.5,,,,TIPO_DATO15__POP1564_N1,,,
IT1:22_293_DF_DCIS_INDDEMOG1_1(1.0),A,ITE3,POP1564,2020,62.4,,,,TIPO_DATO15__POP1564_N1,,,
IT1:22_293_DF_DCIS_INDDEMOG1_1(1.0),A,ITE3,POP1564,2021,62.3,,,,TIPO_DATO15__POP1564_N1,,,
IT1:22_293_DF_DCIS_INDDEMOG1_1(1.0),A,ITE3,POP1564,2022,62.2,,,,TIPO_DATO15__POP1564_N1,,,
IT1:22_293_DF_DCIS_INDDEMOG1_1(1.0),A,ITE3,POP1564,2023,62.2,,,,TIPO_DATO15__POP1564_N1,,,
IT1:22_293_DF_DCIS_INDDEMOG1_1(1.0),A,ITE3,POP1564,2024,62.2,,,,TIPO_DATO15__POP1564_N1,,,
IT1:22_293_DF_DCIS_INDDEMOG1_1(1.0),A,ITE3,POP1564,2025,62.1,,,,TIPO_DATO15__POP1564_N1,,,
IT1:22_293_DF_DCIS_INDDEMOG1_1(1.0),A,ITE3,POP1564,2026,62,e,,,TIPO_DATO15__POP1564_N1,,,
IT1:22_293_DF_DCIS_INDDEMOG1_1(1.0),A,ITE31,POP1564,2015,63.2,,,,TIPO_DATO15__POP1564_N1,,,
IT1:22_293_DF_DCIS_INDDEMOG1_1(1.0),A,ITE31,POP1564,2016,62.9,,,,TIPO_DATO15__POP1564_N1,,,
IT1:22_293_DF_DCIS_INDDEMOG1_1(1.0),A,ITE31,POP1564,2017,62.9,,,,TIPO_DATO15__POP1564_N1,,,
IT1:22_293_DF_DCIS_INDDEMOG1_1(1.0),A,ITE31,POP1564,2018,62.9,,,,TIPO_DATO15__POP1564_N1,,,
IT1:22_293_DF_DCIS_INDDEMOG1_1(1.0),A,ITE31,POP1564,2019,62.9,,,,TIPO_DATO15__POP1564_N1,,,
IT1:22_293_DF_DCIS_INDDEMOG1_1(1.0),A,ITE31,POP1564,2020,62.8,,,,TIPO_DATO15__POP1564_N1,,,
IT1:22_293_DF_DCIS_INDDEMOG1_1(1.0),A,ITE31,POP1564,2021,62.9,,,,TIPO_DATO15__POP1564_N1,,,
IT1:22_293_DF_DCIS_INDDEMOG1_1(1.0),A,ITE31,POP1564,2022,62.9,,,,TIPO_DATO15__POP1564_N1,,,
IT1:22_293_DF_DCIS_INDDEMOG1_1(1.0),A,ITE31,POP1564,2023,63,,,,TIPO_DATO15__POP1564_N1,,,
IT1:22_293_DF_DCIS_INDDEMOG1_1(1.0),A,ITE31,POP1564,2024,63,,,,TIPO_DATO15__POP1564_N1,,,
IT1:22_293_DF_DCIS_INDDEMOG1_1(1.0),A,ITE31,POP1564,2025,62.8,,,,TIPO_DATO15__POP1564_N1,,,
IT1:22_293_DF_DCIS_INDDEMOG1_1(1.0),A,ITE31,POP1564,2026,62.8,e,,,TIPO_DATO15__POP1564_N1,,,
IT1:22_293_DF_DCIS_INDDEMOG1_1(1.0),A,ITE32,POP1564,2015,62.7,,,,TIPO_DATO15__POP1564_N1,,,
IT1:22_293_DF_DCIS_INDDEMOG1_1(1.0),A,ITE32,POP1564,2016,62.5,,,,TIPO_DATO15__POP1564_N1,,,
IT1:22_293_DF_DCIS_INDDEMOG1_1(1.0),A,ITE32,POP1564,2017,62.3,,,,TIPO_DATO15__POP1564_N1,,,
IT1:22_293_DF_DCIS_INDDEMOG1_1(1.0),A,ITE32,POP1564,2018,62.3,,,,TIPO_DATO15__POP1564_N1,,,
IT1:22_293_DF_DCIS_INDDEMOG1_1(1.0),A,ITE32,POP1564,2019,62.2,,,,TIPO_DATO15__POP1564_N1,,,
IT1:22_293_DF_DCIS_INDDEMOG1_1(1.0),A,ITE32,POP1564,2020,62.2,,,,TIPO_DATO15__POP1564_N1,,,
IT1:22_293_DF_DCIS_INDDEMOG1_1(1.0),A,ITE32,POP1564,2021,62.1,,,,TIPO_DATO15__POP1564_N1,,,
IT1:22_293_DF_DCIS_INDDEMOG1_1(1.0),A,ITE32,POP1564,2022,62,,,,TIPO_DATO15__POP1564_N1,,,
IT1:22_293_DF_DCIS_INDDEMOG1_1(1.0),A,ITE32,POP1564,2023,62.2,,,,TIPO_DATO15__POP1564_N1,,,
IT1:22_293_DF_DCIS_INDDEMOG1_1(1.0),A,ITE32,POP1564,2024,62.2,,,,TIPO_DATO15__POP1564_N1,,,
IT1:22_293_DF_DCIS_INDDEMOG1_1(1.0),A,ITE32,POP1564,2025,62.2,,,,TIPO_DATO15__POP1564_N1,,,
IT1:22_293_DF_DCIS_INDDEMOG1_1(1.0),A,ITE32,POP1564,2026,62.2,e,,,TIPO_DATO15__POP1564_N1,,,
IT1:22_293_DF_DCIS_INDDEMOG1_1(1.0),A,ITE33,POP1564,2015,62.9,,,,TIPO_DATO15__POP1564_N1,,,
IT1:22_293_DF_DCIS_INDDEMOG1_1(1.0),A,ITE33,POP1564,2016,62.7,,,,TIPO_DATO15__POP1564_N1,,,
IT1:22_293_DF_DCIS_INDDEMOG1_1(1.0),A,ITE33,POP1564,2017,62.4,,,,TIPO_DATO15__POP1564_N1,,,
IT1:22_293_DF_DCIS_INDDEMOG1_1(1.0),A,ITE33,POP1564,2018,62.3,,,,TIPO_DATO15__POP1564_N1,,,
IT1:22_293_DF_DCIS_INDDEMOG1_1(1.0),A,ITE33,POP1564,2019,62.2,,,,TIPO_DATO15__POP1564_N1,,,
IT1:22_293_DF_DCIS_INDDEMOG1_1(1.0),A,ITE33,POP1564,2020,62,,,,TIPO_DATO15__POP1564_N1,,,
IT1:22_293_DF_DCIS_INDDEMOG1_1(1.0),A,ITE33,POP1564,2021,61.8,,,,TIPO_DATO15__POP1564_N1,,,
IT1:22_293_DF_DCIS_INDDEMOG1_1(1.0),A,ITE33,POP1564,2022,61.7,,,,TIPO_DATO15__POP1564_N1,,,
IT1:22_293_DF_DCIS_INDDEMOG1_1(1.0),A,ITE33,POP1564,2023,61.7,,,,TIPO_DATO15__POP1564_N1,,,
IT1:22_293_DF_DCIS_INDDEMOG1_1(1.0),A,ITE33,POP1564,2024,61.6,,,,TIPO_DATO15__POP1564_N1,,,
IT1:22_293_DF_DCIS_INDDEMOG1_1(1.0),A,ITE33,POP1564,2025,61.5,,,,TIPO_DATO15__POP1564_N1,,,
IT1:22_293_DF_DCIS_INDDEMOG1_1(1.0),A,ITE33,POP1564,2026,61.5,e,,,TIPO_DATO15__POP1564_N1,,,
IT1:22_293_DF_DCIS_INDDEMOG1_1(1.0),A,ITE34,POP1564,2015,63.5,,,,TIPO_DATO15__POP1564_N1,,,
IT1:22_293_DF_DCIS_INDDEMOG1_1(1.0),A,ITE34,POP1564,2016,63.3,,,,TIPO_DATO15__POP1564_N1,,,
IT1:22_293_DF_DCIS_INDDEMOG1_1(1.0),A,ITE34,POP1564,2017,63.2,,,,TIPO_DATO15__POP1564_N1,,,
IT1:22_293_DF_DCIS_INDDEMOG1_1(1.0),A,ITE34,POP1564,2018,63,,,,TIPO_DATO15__POP1564_N1,,,
IT1:22_293_DF_DCIS_INDDEMOG1_1(1.0),A,ITE34,POP1564,2019,62.9,,,,TIPO_DATO15__POP1564_N1,,,
IT1:22_293_DF_DCIS_INDDEMOG1_1(1.0),A,ITE34,POP1564,2020,62.7,,,,TIPO_DATO15__POP1564_N1,,,
IT1:22_293_DF_DCIS_INDDEMOG1_1(1.0),A,ITE34,POP1564,2021,62.4,,,,TIPO_DATO15__POP1564_N1,,,
IT1:22_293_DF_DCIS_INDDEMOG1_1(1.0),A,ITE34,POP1564,2022,62.2,,,,TIPO_DATO15__POP1564_N1,,,
IT1:22_293_DF_DCIS_INDDEMOG1_1(1.0),A,ITE34,POP1564,2023,62.1,,,,TIPO_DATO15__POP1564_N1,,,
IT1:22_293_DF_DCIS_INDDEMOG1_1(1.0),A,ITE34,POP1564,2024,61.9,,,,TIPO_DATO15__POP1564_N1,,,
IT1:22_293_DF_DCIS_INDDEMOG1_1(1.0),A,ITE34,POP1564,2025,61.7,,,,TIPO_DATO15__POP1564_N1,,,
IT1:22_293_DF_DCIS_INDDEMOG1_1(1.0),A,ITE34,POP1564,2026,61.5,e,,,TIPO_DATO15__POP1564_N1,,,
IT1:22_293_DF_DCIS_INDDEMOG1_1(1.0),A,ITE4,POP1564,2015,65.2,,,,TIPO_DATO15__POP1564_N1,,,
IT1:22_293_DF_DCIS_INDDEMOG1_1(1.0),A,ITE4,POP1564,2016,65.1,,,,TIPO_DATO15__POP1564_N1,,,
IT1:22_293_DF_DCIS_INDDEMOG1_1(1.0),A,ITE4,POP1564,2017,65,,,,TIPO_DATO15__POP1564_N1,,,
IT1:22_293_DF_DCIS_INDDEMOG1_1(1.0),A,ITE4,POP1564,2018,64.9,,,,TIPO_DATO15__POP1564_N1,,,
IT1:22_293_DF_DCIS_INDDEMOG1_1(1.0),A,ITE4,POP1564,2019,64.9,,,,TIPO_DATO15__POP1564_N1,,,
IT1:22_293_DF_DCIS_INDDEMOG1_1(1.0),A,ITE4,POP1564,2020,64.7,,,,TIPO_DATO15__POP1564_N1,,,
IT1:22_293_DF_DCIS_INDDEMOG1_1(1.0),A,ITE4,POP1564,2021,64.4,,,,TIPO_DATO15__POP1564_N1,,,
IT1:22_293_DF_DCIS_INDDEMOG1_1(1.0),A,ITE4,POP1564,2022,64.3,,,,TIPO_DATO15__POP1564_N1,,,
IT1:22_293_DF_DCIS_INDDEMOG1_1(1.0),A,ITE4,POP1564,2023,64.4,,,,TIPO_DATO15__POP1564_N1,,,
IT1:22_293_DF_DCIS_INDDEMOG1_1(1.0),A,ITE4,POP1564,2024,64.4,,,,TIPO_DATO15__POP1564_N1,,,
IT1:22_293_DF_DCIS_INDDEMOG1_1(1.0),A,ITE4,POP1564,2025,64.3,,,,TIPO_DATO15__POP1564_N1,,,
IT1:22_293_DF_DCIS_INDDEMOG1_1(1.0),A,ITE4,POP1564,2026,64.2,e,,,TIPO_DATO15__POP1564_N1,,,
IT1:22_293_DF_DCIS_INDDEMOG1_1(1.0),A,ITE41,POP1564,2015,64.6,,,,TIPO_DATO15__POP1564_N1,,,
IT1:22_293_DF_DCIS_INDDEMOG1_1(1.0),A,ITE41,POP1564,2016,64.5,,,,TIPO_DATO15__POP1564_N1,,,
IT1:22_293_DF_DCIS_INDDEMOG1_1(1.0),A,ITE41,POP1564,2017,64.3,,,,TIPO_DATO15__POP1564_N1,,,
IT1:22_293_DF_DCIS_INDDEMOG1_1(1.0),A,ITE41,POP1564,2018,64.3,,,,TIPO_DATO15__POP1564_N1,,,
IT1:22_293_DF_DCIS_INDDEMOG1_1(1.0),A,ITE41,POP1564,2019,64.1,,,,TIPO_DATO15__POP1564_N1,,,
IT1:22_293_DF_DCIS_INDDEMOG1_1(1.0),A,ITE41,POP1564,2020,63.8,,,,TIPO_DATO15__POP1564_N1,,,
IT1:22_293_DF_DCIS_INDDEMOG1_1(1.0),A,ITE41,POP1564,2021,63.3,,,,TIPO_DATO15__POP1564_N1,,,
IT1:22_293_DF_DCIS_INDDEMOG1_1(1.0),A,ITE41,POP1564,2022,63.2,,,,TIPO_DATO15__POP1564_N1,,,
IT1:22_293_DF_DCIS_INDDEMOG1_1(1.0),A,ITE41,POP1564,2023,63.1,,,,TIPO_DATO15__POP1564_N1,,,
IT1:22_293_DF_DCIS_INDDEMOG1_1(1.0),A,ITE41,POP1564,2024,63,,,,TIPO_DATO15__POP1564_N1,,,
IT1:22_293_DF_DCIS_INDDEMOG1_1(1.0),A,ITE41,POP1564,2025,62.9,,,,TIPO_DATO15__POP1564_N1,,,
IT1:22_293_DF_DCIS_INDDEMOG1_1(1.0),A,ITE41,POP1564,2026,62.8,e,,,TIPO_DATO15__POP1564_N1,,,
IT1:22_293_DF_DCIS_INDDEMOG1_1(1.0),A,ITE42,POP1564,2015,63.9,,,,TIPO_DATO15__POP1564_N1,,,
IT1:22_293_DF_DCIS_INDDEMOG1_1(1.0),A,ITE42,POP1564,2016,63.6,,,,TIPO_DATO15__POP1564_N1,,,
IT1:22_293_DF_DCIS_INDDEMOG1_1(1.0),A,ITE42,POP1564,2017,63.4,,,,TIPO_DATO15__POP1564_N1,,,
IT1:22_293_DF_DCIS_INDDEMOG1_1(1.0),A,ITE42,POP1564,2018,63.4,,,,TIPO_DATO15__POP1564_N1,,,
IT1:22_293_DF_DCIS_INDDEMOG1_1(1.0),A,ITE42,POP1564,2019,63.1,,,,TIPO_DATO15__POP1564_N1,,,
IT1:22_293_DF_DCIS_INDDEMOG1_1(1.0),A,ITE42,POP1564,2020,62.9,,,,TIPO_DATO15__POP1564_N1,,,
IT1:22_293_DF_DCIS_INDDEMOG1_1(1.0),A,ITE42,POP1564,2021,62.5,,,,TIPO_DATO15__POP1564_N1,,,
IT1:22_293_DF_DCIS_INDDEMOG1_1(1.0),A,ITE42,POP1564,2022,62.5,,,,TIPO_DATO15__POP1564_N1,,,
IT1:22_293_DF_DCIS_INDDEMOG1_1(1.0),A,ITE42,POP1564,2023,62.6,,,,TIPO_DATO15__POP1564_N1,,,
IT1:22_293_DF_DCIS_INDDEMOG1_1(1.0),A,ITE42,POP1564,2024,62.4,,,,TIPO_DATO15__POP1564_N1,,,
IT1:22_293_DF_DCIS_INDDEMOG1_1(1.0),A,ITE42,POP1564,2025,62.2,,,,TIPO_DATO15__POP1564_N1,,,
IT1:22_293_DF_DCIS_INDDEMOG1_1(1.0),A,ITE42,POP1564,2026,62,e,,,TIPO_DATO15__POP1564_N1,,,
IT1:22_293_DF_DCIS_INDDEMOG1_1(1.0),A,ITE43,POP1564,2015,65.1,,,,TIPO_DATO15__POP1564_N1,,,
IT1:22_293_DF_DCIS_INDDEMOG1_1(1.0),A,ITE43,POP1564,2016,65,,,,TIPO_DATO15__POP1564_N1,,,
IT1:22_293_DF_DCIS_INDDEMOG1_1(1.0),A,ITE43,POP1564,2017,65,,,,TIPO_DATO15__POP1564_N1,,,
IT1:22_293_DF_DCIS_INDDEMOG1_1(1.0),A,ITE43,POP1564,2018,65,,,,TIPO_DATO15__POP1564_N1,,,
IT1:22_293_DF_DCIS_INDDEMOG1_1(1.0),A,ITE43,POP1564,2019,65,,,,TIPO_DATO15__POP1564_N1,,,
IT1:22_293_DF_DCIS_INDDEMOG1_1(1.0),A,ITE43,POP1564,2020,64.9,,,,TIPO_DATO15__POP1564_N1,,,
IT1:22_293_DF_DCIS_INDDEMOG1_1(1.0),A,ITE43,POP1564,2021,64.6,,,,TIPO_DATO15__POP1564_N1,,,
IT1:22_293_DF_DCIS_INDDEMOG1_1(1.0),A,ITE43,POP1564,2022,64.5,,,,TIPO_DATO15__POP1564_N1,,,
IT1:22_293_DF_DCIS_INDDEMOG1_1(1.0),A,ITE43,POP1564,2023,64.6,,,,TIPO_DATO15__POP1564_N1,,,
IT1:22_293_DF_DCIS_INDDEMOG1_1(1.0),A,ITE43,POP1564,2024,64.7,,,,TIPO_DATO15__POP1564_N1,,,
IT1:22_293_DF_DCIS_INDDEMOG1_1(1.0),A,ITE43,POP1564,2025,64.6,,,,TIPO_DATO15__POP1564_N1,,,
IT1:22_293_DF_DCIS_INDDEMOG1_1(1.0),A,ITE43,POP1564,2026,64.5,e,,,TIPO_DATO15__POP1564_N1,,,
IT1:22_293_DF_DCIS_INDDEMOG1_1(1.0),A,ITE44,POP1564,2015,66.2,,,,TIPO_DATO15__POP1564_N1,,,
IT1:22_293_DF_DCIS_INDDEMOG1_1(1.0),A,ITE44,POP1564,2016,66,,,,TIPO_DATO15__POP1564_N1,,,
IT1:22_293_DF_DCIS_INDDEMOG1_1(1.0),A,ITE44,POP1564,2017,65.8,,,,TIPO_DATO15__POP1564_N1,,,
IT1:22_293_DF_DCIS_INDDEMOG1_1(1.0),A,ITE44,POP1564,2018,65.6,,,,TIPO_DATO15__POP1564_N1,,,
IT1:22_293_DF_DCIS_INDDEMOG1_1(1.0),A,ITE44,POP1564,2019,65.5,,,,TIPO_DATO15__POP1564_N1,,,
IT1:22_293_DF_DCIS_INDDEMOG1_1(1.0),A,ITE44,POP1564,2020,65.1,,,,TIPO_DATO15__POP1564_N1,,,
IT1:22_293_DF_DCIS_INDDEMOG1_1(1.0),A,ITE44,POP1564,2021,64.6,,,,TIPO_DATO15__POP1564_N1,,,
IT1:22_293_DF_DCIS_INDDEMOG1_1(1.0),A,ITE44,POP1564,2022,64.6,,,,TIPO_DATO15__POP1564_N1,,,
IT1:22_293_DF_DCIS_INDDEMOG1_1(1.0),A,ITE44,POP1564,2023,64.6,,,,TIPO_DATO15__POP1564_N1,,,
IT1:22_293_DF_DCIS_INDDEMOG1_1(1.0),A,ITE44,POP1564,2024,64.5,,,,TIPO_DATO15__POP1564_N1,,,
IT1:22_293_DF_DCIS_INDDEMOG1_1(1.0),A,ITE44,POP1564,2025,64.4,,,,TIPO_DATO15__POP1564_N1,,,
IT1:22_293_DF_DCIS_INDDEMOG1_1(1.0),A,ITE44,POP1564,2026,64.3,e,,,TIPO_DATO15__POP1564_N1,,,
IT1:22_293_DF_DCIS_INDDEMOG1_1(1.0),A,ITE45,POP1564,2015,65.6,,,,TIPO_DATO15__POP1564_N1,,,
IT1:22_293_DF_DCIS_INDDEMOG1_1(1.0),A,ITE45,POP1564,2016,65.3,,,,TIPO_DATO15__POP1564_N1,,,
IT1:22_293_DF_DCIS_INDDEMOG1_1(1.0),A,ITE45,POP1564,2017,64.9,,,,TIPO_DATO15__POP1564_N1,,,
IT1:22_293_DF_DCIS_INDDEMOG1_1(1.0),A,ITE45,POP1564,2018,64.7,,,,TIPO_DATO15__POP1564_N1,,,
IT1:22_293_DF_DCIS_INDDEMOG1_1(1.0),A,ITE45,POP1564,2019,64.4,,,,TIPO_DATO15__POP1564_N1,,,
IT1:22_293_DF_DCIS_INDDEMOG1_1(1.0),A,ITE45,POP1564,2020,64.1,,,,TIPO_DATO15__POP1564_N1,,,
IT1:22_293_DF_DCIS_INDDEMOG1_1(1.0),A,ITE45,POP1564,2021,63.4,,,,TIPO_DATO15__POP1564_N1,,,
IT1:22_293_DF_DCIS_INDDEMOG1_1(1.0),A,ITE45,POP1564,2022,63.3,,,,TIPO_DATO15__POP1564_N1,,,
IT1:22_293_DF_DCIS_INDDEMOG1_1(1.0),A,ITE45,POP1564,2023,63,,,,TIPO_DATO15__POP1564_N1,,,
IT1:22_293_DF_DCIS_INDDEMOG1_1(1.0),A,ITE45,POP1564,2024,62.7,,,,TIPO_DATO15__POP1564_N1,,,
IT1:22_293_DF_DCIS_INDDEMOG1_1(1.0),A,ITE45,POP1564,2025,62.5,,,,TIPO_DATO15__POP1564_N1,,,
IT1:22_293_DF_DCIS_INDDEMOG1_1(1.0),A,ITE45,POP1564,2026,62.3,e,,,TIPO_DATO15__POP1564_N1,,,
IT1:22_293_DF_DCIS_INDDEMOG1_1(1.0),A,ITF,POP1564,2015,66,,,,TIPO_DATO15__POP1564_N1,,,
IT1:22_293_DF_DCIS_INDDEMOG1_1(1.0),A,ITF,POP1564,2016,65.9,,,,TIPO_DATO15__POP1564_N1,,,
IT1:22_293_DF_DCIS_INDDEMOG1_1(1.0),A,ITF,POP1564,2017,65.8,,,,TIPO_DATO15__POP1564_N1,,,
IT1:22_293_DF_DCIS_INDDEMOG1_1(1.0),A,ITF,POP1564,2018,65.7,,,,TIPO_DATO15__POP1564_N1,,,
IT1:22_293_DF_DCIS_INDDEMOG1_1(1.0),A,ITF,POP1564,2019,65.6,,,,TIPO_DATO15__POP1564_N1,,,
IT1:22_293_DF_DCIS_INDDEMOG1_1(1.0),A,ITF,POP1564,2020,65.3,,,,TIPO_DATO15__POP1564_N1,,,
IT1:22_293_DF_DCIS_INDDEMOG1_1(1.0),A,ITF,POP1564,2021,64.7,,,,TIPO_DATO15__POP1564_N1,,,
IT1:22_293_DF_DCIS_INDDEMOG1_1(1.0),A,ITF,POP1564,2022,64.6,,,,TIPO_DATO15__POP1564_N1,,,
IT1:22_293_DF_DCIS_INDDEMOG1_1(1.0),A,ITF,POP1564,2023,64.5,,,,TIPO_DATO15__POP1564_N1,,,
IT1:22_293_DF_DCIS_INDDEMOG1_1(1.0),A,ITF,POP1564,2024,64.3,,,,TIPO_DATO15__POP1564_N1,,,
IT1:22_293_DF_DCIS_INDDEMOG1_1(1.0),A,ITF,POP1564,2025,64.1,,,,TIPO_DATO15__POP1564_N1,,,
IT1:22_293_DF_DCIS_INDDEMOG1_1(1.0),A,ITF,POP1564,2026,63.8,e,,,TIPO_DATO15__POP1564_N1,,,
IT1:22_293_DF_DCIS_INDDEMOG1_1(1.0),A,ITF1,POP1564,2015,64.5,,,,TIPO_DATO15__POP1564_N1,,,
IT1:22_293_DF_DCIS_INDDEMOG1_1(1.0),A,ITF1,POP1564,2016,64.3,,,,TIPO_DATO15__POP1564_N1,,,
IT1:22_293_DF_DCIS_INDDEMOG1_1(1.0),A,ITF1,POP1564,2017,64,,,,TIPO_DATO15__POP1564_N1,,,
IT1:22_293_DF_DCIS_INDDEMOG1_1(1.0),A,ITF1,POP1564,2018,63.9,,,,TIPO_DATO15__POP1564_N1,,,
IT1:22_293_DF_DCIS_INDDEMOG1_1(1.0),A,ITF1,POP1564,2019,63.8,,,,TIPO_DATO15__POP1564_N1,,,
IT1:22_293_DF_DCIS_INDDEMOG1_1(1.0),A,ITF1,POP1564,2020,63.5,,,,TIPO_DATO15__POP1564_N1,,,
IT1:22_293_DF_DCIS_INDDEMOG1_1(1.0),A,ITF1,POP1564,2021,63.1,,,,TIPO_DATO15__POP1564_N1,,,
IT1:22_293_DF_DCIS_INDDEMOG1_1(1.0),A,ITF1,POP1564,2022,62.9,,,,TIPO_DATO15__POP1564_N1,,,
IT1:22_293_DF_DCIS_INDDEMOG1_1(1.0),A,ITF1,POP1564,2023,62.8,,,,TIPO_DATO15__POP1564_N1,,,
IT1:22_293_DF_DCIS_INDDEMOG1_1(1.0),A,ITF1,POP1564,2024,62.7,,,,TIPO_DATO15__POP1564_N1,,,
IT1:22_293_DF_DCIS_INDDEMOG1_1(1.0),A,ITF1,POP1564,2025,62.5,,,,TIPO_DATO15__POP1564_N1,,,
IT1:22_293_DF_DCIS_INDDEMOG1_1(1.0),A,ITF1,POP1564,2026,62.3,e,,,TIPO_DATO15__POP1564_N1,,,
IT1:22_293_DF_DCIS_INDDEMOG1_1(1.0),A,ITF11,POP1564,2015,65.1,,,,TIPO_DATO15__POP1564_N1,,,
IT1:22_293_DF_DCIS_INDDEMOG1_1(1.0),A,ITF11,POP1564,2016,64.8,,,,TIPO_DATO15__POP1564_N1,,,
IT1:22_293_DF_DCIS_INDDEMOG1_1(1.0),A,ITF11,POP1564,2017,64.6,,,,TIPO_DATO15__POP1564_N1,,,
IT1:22_293_DF_DCIS_INDDEMOG1_1(1.0),A,ITF11,POP1564,2018,64.3,,,,TIPO_DATO15__POP1564_N1,,,
IT1:22_293_DF_DCIS_INDDEMOG1_1(1.0),A,ITF11,POP1564,2019,64,,,,TIPO_DATO15__POP1564_N1,,,
IT1:22_293_DF_DCIS_INDDEMOG1_1(1.0),A,ITF11,POP1564,2020,63.5,,,,TIPO_DATO15__POP1564_N1,,,
IT1:22_293_DF_DCIS_INDDEMOG1_1(1.0),A,ITF11,POP1564,2021,63,,,,TIPO_DATO15__POP1564_N1,,,
IT1:22_293_DF_DCIS_INDDEMOG1_1(1.0),A,ITF11,POP1564,2022,62.7,,,,TIPO_DATO15__POP1564_N1,,,
IT1:22_293_DF_DCIS_INDDEMOG1_1(1.0),A,ITF11,POP1564,2023,62.5,,,,TIPO_DATO15__POP1564_N1,,,
IT1:22_293_DF_DCIS_INDDEMOG1_1(1.0),A,ITF11,POP1564,2024,62.3,,,,TIPO_DATO15__POP1564_N1,,,
IT1:22_293_DF_DCIS_INDDEMOG1_1(1.0),A,ITF11,POP1564,2025,62,,,,TIPO_DATO15__POP1564_N1,,,
IT1:22_293_DF_DCIS_INDDEMOG1_1(1.0),A,ITF11,POP1564,2026,61.8,e,,,TIPO_DATO15__POP1564_N1,,,
IT1:22_293_DF_DCIS_INDDEMOG1_1(1.0),A,ITF12,POP1564,2015,65,,,,TIPO_DATO15__POP1564_N1,,,
IT1:22_293_DF_DCIS_INDDEMOG1_1(1.0),A,ITF12,POP1564,2016,64.8,,,,TIPO_DATO15__POP1564_N1,,,
IT1:22_293_DF_DCIS_INDDEMOG1_1(1.0),A,ITF12,POP1564,2017,64.7,,,,TIPO_DATO15__POP1564_N1,,,
IT1:22_293_DF_DCIS_INDDEMOG1_1(1.0),A,ITF12,POP1564,2018,64.6,,,,TIPO_DATO15__POP1564_N1,,,
IT1:22_293_DF_DCIS_INDDEMOG1_1(1.0),A,ITF12,POP1564,2019,64.5,,,,TIPO_DATO15__POP1564_N1,,,
IT1:22_293_DF_DCIS_INDDEMOG1_1(1.0),A,ITF12,POP1564,2020,64.2,,,,TIPO_DATO15__POP1564_N1,,,
IT1:22_293_DF_DCIS_INDDEMOG1_1(1.0),A,ITF12,POP1564,2021,63.9,,,,TIPO_DATO15__POP1564_N1,,,
IT1:22_293_DF_DCIS_INDDEMOG1_1(1.0),A,ITF12,POP1564,2022,63.7,,,,TIPO_DATO15__POP1564_N1,,,
IT1:22_293_DF_DCIS_INDDEMOG1_1(1.0),A,ITF12,POP1564,2023,63.6,,,,TIPO_DATO15__POP1564_N1,,,
IT1:22_293_DF_DCIS_INDDEMOG1_1(1.0),A,ITF12,POP1564,2024,63.4,,,,TIPO_DATO15__POP1564_N1,,,
IT1:22_293_DF_DCIS_INDDEMOG1_1(1.0),A,ITF12,POP1564,2025,63.2,,,,TIPO_DATO15__POP1564_N1,,,
IT1:22_293_DF_DCIS_INDDEMOG1_1(1.0),A,ITF12,POP1564,2026,63,e,,,TIPO_DATO15__POP1564_N1,,,
IT1:22_293_DF_DCIS_INDDEMOG1_1(1.0),A,ITF13,POP1564,2015,64.1,,,,TIPO_DATO15__POP1564_N1,,,
IT1:22_293_DF_DCIS_INDDEMOG1_1(1.0),A,ITF13,POP1564,2016,63.9,,,,TIPO_DATO15__POP1564_N1,,,
IT1:22_293_DF_DCIS_INDDEMOG1_1(1.0),A,ITF13,POP1564,2017,63.7,,,,TIPO_DATO15__POP1564_N1,,,
IT1:22_293_DF_DCIS_INDDEMOG1_1(1.0),A,ITF13,POP1564,2018,63.7,,,,TIPO_DATO15__POP1564_N1,,,
IT1:22_293_DF_DCIS_INDDEMOG1_1(1.0),A,ITF13,POP1564,2019,63.6,,,,TIPO_DATO15__POP1564_N1,,,
IT1:22_293_DF_DCIS_INDDEMOG1_1(1.0),A,ITF13,POP1564,2020,63.5,,,,TIPO_DATO15__POP1564_N1,,,
IT1:22_293_DF_DCIS_INDDEMOG1_1(1.0),A,ITF13,POP1564,2021,63.1,,,,TIPO_DATO15__POP1564_N1,,,
IT1:22_293_DF_DCIS_INDDEMOG1_1(1.0),A,ITF13,POP1564,2022,63.2,,,,TIPO_DATO15__POP1564_N1,,,
IT1:22_293_DF_DCIS_INDDEMOG1_1(1.0),A,ITF13,POP1564,2023,63.1,,,,TIPO_DATO15__POP1564_N1,,,
IT1:22_293_DF_DCIS_INDDEMOG1_1(1.0),A,ITF13,POP1564,2024,63,,,,TIPO_DATO15__POP1564_N1,,,
IT1:22_293_DF_DCIS_INDDEMOG1_1(1.0),A,ITF13,POP1564,2025,62.9,,,,TIPO_DATO15__POP1564_N1,,,
IT1:22_293_DF_DCIS_INDDEMOG1_1(1.0),A,ITF13,POP1564,2026,62.8,e,,,TIPO_DATO15__POP1564_N1,,,
IT1:22_293_DF_DCIS_INDDEMOG1_1(1.0),A,ITF14,POP1564,2015,63.9,,,,TIPO_DATO15__POP1564_N1,,,
IT1:22_293_DF_DCIS_INDDEMOG1_1(1.0),A,ITF14,POP1564,2016,63.6,,,,TIPO_DATO15__POP1564_N1,,,
IT1:22_293_DF_DCIS_INDDEMOG1_1(1.0),A,ITF14,POP1564,2017,63.4,,,,TIPO_DATO15__POP1564_N1,,,
IT1:22_293_DF_DCIS_INDDEMOG1_1(1.0),A,ITF14,POP1564,2018,63.2,,,,TIPO_DATO15__POP1564_N1,,,
IT1:22_293_DF_DCIS_INDDEMOG1_1(1.0),A,ITF14,POP1564,2019,63.1,,,,TIPO_DATO15__POP1564_N1,,,
IT1:22_293_DF_DCIS_INDDEMOG1_1(1.0),A,ITF14,POP1564,2020,62.8,,,,TIPO_DATO15__POP1564_N1,,,
IT1:22_293_DF_DCIS_INDDEMOG1_1(1.0),A,ITF14,POP1564,2021,62.4,,,,TIPO_DATO15__POP1564_N1,,,
IT1:22_293_DF_DCIS_INDDEMOG1_1(1.0),A,ITF14,POP1564,2022,62.3,,,,TIPO_DATO15__POP1564_N1,,,
IT1:22_293_DF_DCIS_INDDEMOG1_1(1.0),A,ITF14,POP1564,2023,62.2,,,,TIPO_DATO15__POP1564_N1,,,
IT1:22_293_DF_DCIS_INDDEMOG1_1(1.0),A,ITF14,POP1564,2024,62.2,,,,TIPO_DATO15__POP1564_N1,,,
IT1:22_293_DF_DCIS_INDDEMOG1_1(1.0),A,ITF14,POP1564,2025,62,,,,TIPO_DATO15__POP1564_N1,,,
IT1:22_293_DF_DCIS_INDDEMOG1_1(1.0),A,ITF14,POP1564,2026,61.9,e,,,TIPO_DATO15__POP1564_N1,,,
IT1:22_293_DF_DCIS_INDDEMOG1_1(1.0),A,ITF2,POP1564,2015,64.7,,,,TIPO_DATO15__POP1564_N1,,,
IT1:22_293_DF_DCIS_INDDEMOG1_1(1.0),A,ITF2,POP1564,2016,64.6,,,,TIPO_DATO15__POP1564_N1,,,
IT1:22_293_DF_DCIS_INDDEMOG1_1(1.0),A,ITF2,POP1564,2017,64.4,,,,TIPO_DATO15__POP1564_N1,,,
IT1:22_293_DF_DCIS_INDDEMOG1_1(1.0),A,ITF2,POP1564,2018,64.3,,,,TIPO_DATO15__POP1564_N1,,,
IT1:22_293_DF_DCIS_INDDEMOG1_1(1.0),A,ITF2,POP1564,2019,64.1,,,,TIPO_DATO15__POP1564_N1,,,
IT1:22_293_DF_DCIS_INDDEMOG1_1(1.0),A,ITF2,POP1564,2020,63.6,,,,TIPO_DATO15__POP1564_N1,,,
IT1:22_293_DF_DCIS_INDDEMOG1_1(1.0),A,ITF2,POP1564,2021,63,,,,TIPO_DATO15__POP1564_N1,,,
IT1:22_293_DF_DCIS_INDDEMOG1_1(1.0),A,ITF2,POP1564,2022,62.9,,,,TIPO_DATO15__POP1564_N1,,,
IT1:22_293_DF_DCIS_INDDEMOG1_1(1.0),A,ITF2,POP1564,2023,62.8,,,,TIPO_DATO15__POP1564_N1,,,
IT1:22_293_DF_DCIS_INDDEMOG1_1(1.0),A,ITF2,POP1564,2024,62.6,,,,TIPO_DATO15__POP1564_N1,,,
IT1:22_293_DF_DCIS_INDDEMOG1_1(1.0),A,ITF2,POP1564,2025,62.3,,,,TIPO_DATO15__POP1564_N1,,,
IT1:22_293_DF_DCIS_INDDEMOG1_1(1.0),A,ITF2,POP1564,2026,62,e,,,TIPO_DATO15__POP1564_N1,,,
IT1:22_293_DF_DCIS_INDDEMOG1_1(1.0),A,ITF21,POP1564,2015,65.1,,,,TIPO_DATO15__POP1564_N1,,,
IT1:22_293_DF_DCIS_INDDEMOG1_1(1.0),A,ITF21,POP1564,2016,64.7,,,,TIPO_DATO15__POP1564_N1,,,
IT1:22_293_DF_DCIS_INDDEMOG1_1(1.0),A,ITF21,POP1564,2017,64.6,,,,TIPO_DATO15__POP1564_N1,,,
IT1:22_293_DF_DCIS_INDDEMOG1_1(1.0),A,ITF21,POP1564,2018,64.4,,,,TIPO_DATO15__POP1564_N1,,,
IT1:22_293_DF_DCIS_INDDEMOG1_1(1.0),A,ITF21,POP1564,2019,63.9,,,,TIPO_DATO15__POP1564_N1,,,
IT1:22_293_DF_DCIS_INDDEMOG1_1(1.0),A,ITF21,POP1564,2020,63.2,,,,TIPO_DATO15__POP1564_N1,,,
IT1:22_293_DF_DCIS_INDDEMOG1_1(1.0),A,ITF21,POP1564,2021,62.7,,,,TIPO_DATO15__POP1564_N1,,,
IT1:22_293_DF_DCIS_INDDEMOG1_1(1.0),A,ITF21,POP1564,2022,62.3,,,,TIPO_DATO15__POP1564_N1,,,
IT1:22_293_DF_DCIS_INDDEMOG1_1(1.0),A,ITF21,POP1564,2023,62.1,,,,TIPO_DATO15__POP1564_N1,,,
IT1:22_293_DF_DCIS_INDDEMOG1_1(1.0),A,ITF21,POP1564,2024,61.9,,,,TIPO_DATO15__POP1564_N1,,,
IT1:22_293_DF_DCIS_INDDEMOG1_1(1.0),A,ITF21,POP1564,2025,61.5,,,,TIPO_DATO15__POP1564_N1,,,
IT1:22_293_DF_DCIS_INDDEMOG1_1(1.0),A,ITF21,POP1564,2026,61.2,e,,,TIPO_DATO15__POP1564_N1,,,
IT1:22_293_DF_DCIS_INDDEMOG1_1(1.0),A,ITF22,POP1564,2015,64.5,,,,TIPO_DATO15__POP1564_N1,,,
IT1:22_293_DF_DCIS_INDDEMOG1_1(1.0),A,ITF22,POP1564,2016,64.5,,,,TIPO_DATO15__POP1564_N1,,,
IT1:22_293_DF_DCIS_INDDEMOG1_1(1.0),A,ITF22,POP1564,2017,64.4,,,,TIPO_DATO15__POP1564_N1,,,
IT1:22_293_DF_DCIS_INDDEMOG1_1(1.0),A,ITF22,POP1564,2018,64.3,,,,TIPO_DATO15__POP1564_N1,,,
IT1:22_293_DF_DCIS_INDDEMOG1_1(1.0),A,ITF22,POP1564,2019,64.1,,,,TIPO_DATO15__POP1564_N1,,,
IT1:22_293_DF_DCIS_INDDEMOG1_1(1.0),A,ITF22,POP1564,2020,63.7,,,,TIPO_DATO15__POP1564_N1,,,
IT1:22_293_DF_DCIS_INDDEMOG1_1(1.0),A,ITF22,POP1564,2021,63.2,,,,TIPO_DATO15__POP1564_N1,,,
IT1:22_293_DF_DCIS_INDDEMOG1_1(1.0),A,ITF22,POP1564,2022,63.1,,,,TIPO_DATO15__POP1564_N1,,,
IT1:22_293_DF_DCIS_INDDEMOG1_1(1.0),A,ITF22,POP1564,2023,63,,,,TIPO_DATO15__POP1564_N1,,,
IT1:22_293_DF_DCIS_INDDEMOG1_1(1.0),A,ITF22,POP1564,2024,62.9,,,,TIPO_DATO15__POP1564_N1,,,
IT1:22_293_DF_DCIS_INDDEMOG1_1(1.0),A,ITF22,POP1564,2025,62.6,,,,TIPO_DATO15__POP1564_N1,,,
IT1:22_293_DF_DCIS_INDDEMOG1_1(1.0),A,ITF22,POP1564,2026,62.3,e,,,TIPO_DATO15__POP1564_N1,,,
IT1:22_293_DF_DCIS_INDDEMOG1_1(1.0),A,ITF3,POP1564,2015,66.9,,,,TIPO_DATO15__POP1564_N1,,,
IT1:22_293_DF_DCIS_INDDEMOG1_1(1.0),A,ITF3,POP1564,2016,66.9,,,,TIPO_DATO15__POP1564_N1,,,
IT1:22_293_DF_DCIS_INDDEMOG1_1(1.0),A,ITF3,POP1564,2017,66.8,,,,TIPO_DATO15__POP1564_N1,,,
IT1:22_293_DF_DCIS_INDDEMOG1_1(1.0),A,ITF3,POP1564,2018,66.8,,,,TIPO_DATO15__POP1564_N1,,,
IT1:22_293_DF_DCIS_INDDEMOG1_1(1.0),A,ITF3,POP1564,2019,66.7,,,,TIPO_DATO15__POP1564_N1,,,
IT1:22_293_DF_DCIS_INDDEMOG1_1(1.0),A,ITF3,POP1564,2020,66.5,,,,TIPO_DATO15__POP1564_N1,,,
IT1:22_293_DF_DCIS_INDDEMOG1_1(1.0),A,ITF3,POP1564,2021,65.8,,,,TIPO_DATO15__POP1564_N1,,,
IT1:22_293_DF_DCIS_INDDEMOG1_1(1.0),A,ITF3,POP1564,2022,65.8,,,,TIPO_DATO15__POP1564_N1,,,
IT1:22_293_DF_DCIS_INDDEMOG1_1(1.0),A,ITF3,POP1564,2023,65.7,,,,TIPO_DATO15__POP1564_N1,,,
IT1:22_293_DF_DCIS_INDDEMOG1_1(1.0),A,ITF3,POP1564,2024,65.6,,,,TIPO_DATO15__POP1564_N1,,,
IT1:22_293_DF_DCIS_INDDEMOG1_1(1.0),A,ITF3,POP1564,2025,65.4,,,,TIPO_DATO15__POP1564_N1,,,
IT1:22_293_DF_DCIS_INDDEMOG1_1(1.0),A,ITF3,POP1564,2026,65.1,e,,,TIPO_DATO15__POP1564_N1,,,
IT1:22_293_DF_DCIS_INDDEMOG1_1(1.0),A,ITF31,POP1564,2015,67.6,,,,TIPO_DATO15__POP1564_N1,,,
IT1:22_293_DF_DCIS_INDDEMOG1_1(1.0),A,ITF31,POP1564,2016,67.5,,,,TIPO_DATO15__POP1564_N1,,,
IT1:22_293_DF_DCIS_INDDEMOG1_1(1.0),A,ITF31,POP1564,2017,67.5,,,,TIPO_DATO15__POP1564_N1,,,
IT1:22_293_DF_DCIS_INDDEMOG1_1(1.0),A,ITF31,POP1564,2018,67.6,,,,TIPO_DATO15__POP1564_N1,,,
IT1:22_293_DF_DCIS_INDDEMOG1_1(1.0),A,ITF31,POP1564,2019,67.6,,,,TIPO_DATO15__POP1564_N1,,,
IT1:22_293_DF_DCIS_INDDEMOG1_1(1.0),A,ITF31,POP1564,2020,67.4,,,,TIPO_DATO15__POP1564_N1,,,
IT1:22_293_DF_DCIS_INDDEMOG1_1(1.0),A,ITF31,POP1564,2021,66.8,,,,TIPO_DATO15__POP1564_N1,,,
IT1:22_293_DF_DCIS_INDDEMOG1_1(1.0),A,ITF31,POP1564,2022,66.8,,,,TIPO_DATO15__POP1564_N1,,,
IT1:22_293_DF_DCIS_INDDEMOG1_1(1.0),A,ITF31,POP1564,2023,66.8,,,,TIPO_DATO15__POP1564_N1,,,
IT1:22_293_DF_DCIS_INDDEMOG1_1(1.0),A,ITF31,POP1564,2024,66.6,,,,TIPO_DATO15__POP1564_N1,,,
IT1:22_293_DF_DCIS_INDDEMOG1_1(1.0),A,ITF31,POP1564,2025,66.5,,,,TIPO_DATO15__POP1564_N1,,,
IT1:22_293_DF_DCIS_INDDEMOG1_1(1.0),A,ITF31,POP1564,2026,66.3,e,,,TIPO_DATO15__POP1564_N1,,,
IT1:22_293_DF_DCIS_INDDEMOG1_1(1.0),A,ITF32,POP1564,2015,65.1,,,,TIPO_DATO15__POP1564_N1,,,
IT1:22_293_DF_DCIS_INDDEMOG1_1(1.0),A,ITF32,POP1564,2016,65.2,,,,TIPO_DATO15__POP1564_N1,,,
IT1:22_293_DF_DCIS_INDDEMOG1_1(1.0),A,ITF32,POP1564,2017,65.2,,,,TIPO_DATO15__POP1564_N1,,,
IT1:22_293_DF_DCIS_INDDEMOG1_1(1.0),A,ITF32,POP1564,2018,65.3,,,,TIPO_DATO15__POP1564_N1,,,
IT1:22_293_DF_DCIS_INDDEMOG1_1(1.0),A,ITF32,POP1564,2019,65.2,,,,TIPO_DATO15__POP1564_N1,,,
IT1:22_293_DF_DCIS_INDDEMOG1_1(1.0),A,ITF32,POP1564,2020,64.9,,,,TIPO_DATO15__POP1564_N1,,,
IT1:22_293_DF_DCIS_INDDEMOG1_1(1.0),A,ITF32,POP1564,2021,64.3,,,,TIPO_DATO15__POP1564_N1,,,
IT1:22_293_DF_DCIS_INDDEMOG1_1(1.0),A,ITF32,POP1564,2022,64.2,,,,TIPO_DATO15__POP1564_N1,,,
IT1:22_293_DF_DCIS_INDDEMOG1_1(1.0),A,ITF32,POP1564,2023,64.1,,,,TIPO_DATO15__POP1564_N1,,,
IT1:22_293_DF_DCIS_INDDEMOG1_1(1.0),A,ITF32,POP1564,2024,63.8,,,,TIPO_DATO15__POP1564_N1,,,
IT1:22_293_DF_DCIS_INDDEMOG1_1(1.0),A,ITF32,POP1564,2025,63.5,,,,TIPO_DATO15__POP1564_N1,,,
IT1:22_293_DF_DCIS_INDDEMOG1_1(1.0),A,ITF32,POP1564,2026,63.2,e,,,TIPO_DATO15__POP1564_N1,,,
IT1:22_293_DF_DCIS_INDDEMOG1_1(1.0),A,ITF33,POP1564,2015,67.1,,,,TIPO_DATO15__POP1564_N1,,,
IT1:22_293_DF_DCIS_INDDEMOG1_1(1.0),A,ITF33,POP1564,2016,67.1,,,,TIPO_DATO15__POP1564_N1,,,
IT1:22_293_DF_DCIS_INDDEMOG1_1(1.0),A,ITF33,POP1564,2017,67.1,,,,TIPO_DATO15__POP1564_N1,,,
IT1:22_293_DF_DCIS_INDDEMOG1_1(1.0),A,ITF33,POP1564,2018,67,,,,TIPO_DATO15__POP1564_N1,,,
IT1:22_293_DF_DCIS_INDDEMOG1_1(1.0),A,ITF33,POP1564,2019,67,,,,TIPO_DATO15__POP1564_N1,,,
IT1:22_293_DF_DCIS_INDDEMOG1_1(1.0),A,ITF33,POP1564,2020,66.7,,,,TIPO_DATO15__POP1564_N1,,,
IT1:22_293_DF_DCIS_INDDEMOG1_1(1.0),A,ITF33,POP1564,2021,65.9,,,,TIPO_DATO15__POP1564_N1,,,
IT1:22_293_DF_DCIS_INDDEMOG1_1(1.0),A,ITF33,POP1564,2022,66,,,,TIPO_DATO15__POP1564_N1,,,
IT1:22_293_DF_DCIS_INDDEMOG1_1(1.0),A,ITF33,POP1564,2023,66,,,,TIPO_DATO15__POP1564_N1,,,
IT1:22_293_DF_DCIS_INDDEMOG1_1(1.0),A,ITF33,POP1564,2024,65.9,,,,TIPO_DATO15__POP1564_N1,,,
IT1:22_293_DF_DCIS_INDDEMOG1_1(1.0),A,ITF33,POP1564,2025,65.7,,,,TIPO_DATO15__POP1564_N1,,,
IT1:22_293_DF_DCIS_INDDEMOG1_1(1.0),A,ITF33,POP1564,2026,65.5,e,,,TIPO_DATO15__POP1564_N1,,,
IT1:22_293_DF_DCIS_INDDEMOG1_1(1.0),A,ITF34,POP1564,2015,66.1,,,,TIPO_DATO15__POP1564_N1,,,
IT1:22_293_DF_DCIS_INDDEMOG1_1(1.0),A,ITF34,POP1564,2016,66.1,,,,TIPO_DATO15__POP1564_N1,,,
IT1:22_293_DF_DCIS_INDDEMOG1_1(1.0),A,ITF34,POP1564,2017,66,,,,TIPO_DATO15__POP1564_N1,,,
IT1:22_293_DF_DCIS_INDDEMOG1_1(1.0),A,ITF34,POP1564,2018,66,,,,TIPO_DATO15__POP1564_N1,,,
IT1:22_293_DF_DCIS_INDDEMOG1_1(1.0),A,ITF34,POP1564,2019,65.8,,,,TIPO_DATO15__POP1564_N1,,,
IT1:22_293_DF_DCIS_INDDEMOG1_1(1.0),A,ITF34,POP1564,2020,65.6,,,,TIPO_DATO15__POP1564_N1,,,
IT1:22_293_DF_DCIS_INDDEMOG1_1(1.0),A,ITF34,POP1564,2021,65.2,,,,TIPO_DATO15__POP1564_N1,,,
IT1:22_293_DF_DCIS_INDDEMOG1_1(1.0),A,ITF34,POP1564,2022,65.1,,,,TIPO_DATO15__POP1564_N1,,,
IT1:22_293_DF_DCIS_INDDEMOG1_1(1.0),A,ITF34,POP1564,2023,64.9,,,,TIPO_DATO15__POP1564_N1,,,
IT1:22_293_DF_DCIS_INDDEMOG1_1(1.0),A,ITF34,POP1564,2024,64.7,,,,TIPO_DATO15__POP1564_N1,,,
IT1:22_293_DF_DCIS_INDDEMOG1_1(1.0),A,ITF34,POP1564,2025,64.3,,,,TIPO_DATO15__POP1564_N1,,,
IT1:22_293_DF_DCIS_INDDEMOG1_1(1.0),A,ITF34,POP1564,2026,64,e,,,TIPO_DATO15__POP1564_N1,,,
IT1:22_293_DF_DCIS_INDDEMOG1_1(1.0),A,ITF35,POP1564,2015,66.5,,,,TIPO_DATO15__POP1564_N1,,,
IT1:22_293_DF_DCIS_INDDEMOG1_1(1.0),A,ITF35,POP1564,2016,66.4,,,,TIPO_DATO15__POP1564_N1,,,
IT1:22_293_DF_DCIS_INDDEMOG1_1(1.0),A,ITF35,POP1564,2017,66.3,,,,TIPO_DATO15__POP1564_N1,,,
IT1:22_293_DF_DCIS_INDDEMOG1_1(1.0),A,ITF35,POP1564,2018,66.2,,,,TIPO_DATO15__POP1564_N1,,,
IT1:22_293_DF_DCIS_INDDEMOG1_1(1.0),A,ITF35,POP1564,2019,66.1,,,,TIPO_DATO15__POP1564_N1,,,
IT1:22_293_DF_DCIS_INDDEMOG1_1(1.0),A,ITF35,POP1564,2020,65.8,,,,TIPO_DATO15__POP1564_N1,,,
IT1:22_293_DF_DCIS_INDDEMOG1_1(1.0),A,ITF35,POP1564,2021,65.1,,,,TIPO_DATO15__POP1564_N1,,,
IT1:22_293_DF_DCIS_INDDEMOG1_1(1.0),A,ITF35,POP1564,2022,65,,,,TIPO_DATO15__POP1564_N1,,,
IT1:22_293_DF_DCIS_INDDEMOG1_1(1.0),A,ITF35,POP1564,2023,64.8,,,,TIPO_DATO15__POP1564_N1,,,
IT1:22_293_DF_DCIS_INDDEMOG1_1(1.0),A,ITF35,POP1564,2024,64.6,,,,TIPO_DATO15__POP1564_N1,,,
IT1:22_293_DF_DCIS_INDDEMOG1_1(1.0),A,ITF35,POP1564,2025,64.3,,,,TIPO_DATO15__POP1564_N1,,,
IT1:22_293_DF_DCIS_INDDEMOG1_1(1.0),A,ITF35,POP1564,2026,64,e,,,TIPO_DATO15__POP1564_N1,,,
IT1:22_293_DF_DCIS_INDDEMOG1_1(1.0),A,ITF4,POP1564,2015,65.4,,,,TIPO_DATO15__POP1564_N1,,,
IT1:22_293_DF_DCIS_INDDEMOG1_1(1.0),A,ITF4,POP1564,2016,65.2,,,,TIPO_DATO15__POP1564_N1,,,
IT1:22_293_DF_DCIS_INDDEMOG1_1(1.0),A,ITF4,POP1564,2017,65,,,,TIPO_DATO15__POP1564_N1,,,
IT1:22_293_DF_DCIS_INDDEMOG1_1(1.0),A,ITF4,POP1564,2018,65,,,,TIPO_DATO15__POP1564_N1,,,
IT1:22_293_DF_DCIS_INDDEMOG1_1(1.0),A,ITF4,POP1564,2019,64.8,,,,TIPO_DATO15__POP1564_N1,,,
IT1:22_293_DF_DCIS_INDDEMOG1_1(1.0),A,ITF4,POP1564,2020,64.6,,,,TIPO_DATO15__POP1564_N1,,,
IT1:22_293_DF_DCIS_INDDEMOG1_1(1.0),A,ITF4,POP1564,2021,64.1,,,,TIPO_DATO15__POP1564_N1,,,
IT1:22_293_DF_DCIS_INDDEMOG1_1(1.0),A,ITF4,POP1564,2022,64.1,,,,TIPO_DATO15__POP1564_N1,,,
IT1:22_293_DF_DCIS_INDDEMOG1_1(1.0),A,ITF4,POP1564,2023,63.9,,,,TIPO_DATO15__POP1564_N1,,,
IT1:22_293_DF_DCIS_INDDEMOG1_1(1.0),A,ITF4,POP1564,2024,63.7,,,,TIPO_DATO15__POP1564_N1,,,
IT1:22_293_DF_DCIS_INDDEMOG1_1(1.0),A,ITF4,POP1564,2025,63.4,,,,TIPO_DATO15__POP1564_N1,,,
IT1:22_293_DF_DCIS_INDDEMOG1_1(1.0),A,ITF4,POP1564,2026,63.2,e,,,TIPO_DATO15__POP1564_N1,,,
IT1:22_293_DF_DCIS_INDDEMOG1_1(1.0),A,ITF41,POP1564,2015,65.1,,,,TIPO_DATO15__POP1564_N1,,,
IT1:22_293_DF_DCIS_INDDEMOG1_1(1.0),A,ITF41,POP1564,2016,65,,,,TIPO_DATO15__POP1564_N1,,,
IT1:22_293_DF_DCIS_INDDEMOG1_1(1.0),A,ITF41,POP1564,2017,65,,,,TIPO_DATO15__POP1564_N1,,,
IT1:22_293_DF_DCIS_INDDEMOG1_1(1.0),A,ITF41,POP1564,2018,65,,,,TIPO_DATO15__POP1564_N1,,,
IT1:22_293_DF_DCIS_INDDEMOG1_1(1.0),A,ITF41,POP1564,2019,64.9,,,,TIPO_DATO15__POP1564_N1,,,
IT1:22_293_DF_DCIS_INDDEMOG1_1(1.0),A,ITF41,POP1564,2020,64.8,,,,TIPO_DATO15__POP1564_N1,,,
IT1:22_293_DF_DCIS_INDDEMOG1_1(1.0),A,ITF41,POP1564,2021,64.4,,,,TIPO_DATO15__POP1564_N1,,,
IT1:22_293_DF_DCIS_INDDEMOG1_1(1.0),A,ITF41,POP1564,2022,64.4,,,,TIPO_DATO15__POP1564_N1,,,
IT1:22_293_DF_DCIS_INDDEMOG1_1(1.0),A,ITF41,POP1564,2023,64.2,,,,TIPO_DATO15__POP1564_N1,,,
IT1:22_293_DF_DCIS_INDDEMOG1_1(1.0),A,ITF41,POP1564,2024,64.1,,,,TIPO_DATO15__POP1564_N1,,,
IT1:22_293_DF_DCIS_INDDEMOG1_1(1.0),A,ITF41,POP1564,2025,63.9,,,,TIPO_DATO15__POP1564_N1,,,
IT1:22_293_DF_DCIS_INDDEMOG1_1(1.0),A,ITF41,POP1564,2026,63.7,e,,,TIPO_DATO15__POP1564_N1,,,
IT1:22_293_DF_DCIS_INDDEMOG1_1(1.0),A,ITF42,POP1564,2015,66.1,,,,TIPO_DATO15__POP1564_N1,,,
IT1:22_293_DF_DCIS_INDDEMOG1_1(1.0),A,ITF42,POP1564,2016,65.9,,,,TIPO_DATO15__POP1564_N1,,,
IT1:22_293_DF_DCIS_INDDEMOG1_1(1.0),A,ITF42,POP1564,2017,65.7,,,,TIPO_DATO15__POP1564_N1,,,
IT1:22_293_DF_DCIS_INDDEMOG1_1(1.0),A,ITF42,POP1564,2018,65.5,,,,TIPO_DATO15__POP1564_N1,,,
IT1:22_293_DF_DCIS_INDDEMOG1_1(1.0),A,ITF42,POP1564,2019,65.3,,,,TIPO_DATO15__POP1564_N1,,,
IT1:22_293_DF_DCIS_INDDEMOG1_1(1.0),A,ITF42,POP1564,2020,65.1,,,,TIPO_DATO15__POP1564_N1,,,
IT1:22_293_DF_DCIS_INDDEMOG1_1(1.0),A,ITF42,POP1564,2021,64.6,,,,TIPO_DATO15__POP1564_N1,,,
IT1:22_293_DF_DCIS_INDDEMOG1_1(1.0),A,ITF42,POP1564,2022,64.5,,,,TIPO_DATO15__POP1564_N1,,,
IT1:22_293_DF_DCIS_INDDEMOG1_1(1.0),A,ITF42,POP1564,2023,64.3,,,,TIPO_DATO15__POP1564_N1,,,
IT1:22_293_DF_DCIS_INDDEMOG1_1(1.0),A,ITF42,POP1564,2024,64.1,,,,TIPO_DATO15__POP1564_N1,,,
IT1:22_293_DF_DCIS_INDDEMOG1_1(1.0),A,ITF42,POP1564,2025,63.7,,,,TIPO_DATO15__POP1564_N1,,,
IT1:22_293_DF_DCIS_INDDEMOG1_1(1.0),A,ITF42,POP1564,2026,63.5,e,,,TIPO_DATO15__POP1564_N1,,,
IT1:22_293_DF_DCIS_INDDEMOG1_1(1.0),A,ITF43,POP1564,2015,65,,,,TIPO_DATO15__POP1564_N1,,,
IT1:22_293_DF_DCIS_INDDEMOG1_1(1.0),A,ITF43,POP1564,2016,64.7,,,,TIPO_DATO15__POP1564_N1,,,
IT1:22_293_DF_DCIS_INDDEMOG1_1(1.0),A,ITF43,POP1564,2017,64.5,,,,TIPO_DATO15__POP1564_N1,,,
IT1:22_293_DF_DCIS_INDDEMOG1_1(1.0),A,ITF43,POP1564,2018,64.3,,,,TIPO_DATO15__POP1564_N1,,,
IT1:22_293_DF_DCIS_INDDEMOG1_1(1.0),A,ITF43,POP1564,2019,64.2,,,,TIPO_DATO15__POP1564_N1,,,
IT1:22_293_DF_DCIS_INDDEMOG1_1(1.0),A,ITF43,POP1564,2020,63.9,,,,TIPO_DATO15__POP1564_N1,,,
IT1:22_293_DF_DCIS_INDDEMOG1_1(1.0),A,ITF43,POP1564,2021,63.4,,,,TIPO_DATO15__POP1564_N1,,,
IT1:22_293_DF_DCIS_INDDEMOG1_1(1.0),A,ITF43,POP1564,2022,63.4,,,,TIPO_DATO15__POP1564_N1,,,
IT1:22_293_DF_DCIS_INDDEMOG1_1(1.0),A,ITF43,POP1564,2023,63.2,,,,TIPO_DATO15__POP1564_N1,,,
IT1:22_293_DF_DCIS_INDDEMOG1_1(1.0),A,ITF43,POP1564,2024,63,,,,TIPO_DATO15__POP1564_N1,,,
IT1:22_293_DF_DCIS_INDDEMOG1_1(1.0),A,ITF43,POP1564,2025,62.8,,,,TIPO_DATO15__POP1564_N1,,,
IT1:22_293_DF_DCIS_INDDEMOG1_1(1.0),A,ITF43,POP1564,2026,62.6,e,,,TIPO_DATO15__POP1564_N1,,,
IT1:22_293_DF_DCIS_INDDEMOG1_1(1.0),A,ITF44,POP1564,2015,65.3,,,,TIPO_DATO15__POP1564_N1,,,
IT1:22_293_DF_DCIS_INDDEMOG1_1(1.0),A,ITF44,POP1564,2016,65.1,,,,TIPO_DATO15__POP1564_N1,,,
IT1:22_293_DF_DCIS_INDDEMOG1_1(1.0),A,ITF44,POP1564,2017,64.9,,,,TIPO_DATO15__POP1564_N1,,,
IT1:22_293_DF_DCIS_INDDEMOG1_1(1.0),A,ITF44,POP1564,2018,64.7,,,,TIPO_DATO15__POP1564_N1,,,
IT1:22_293_DF_DCIS_INDDEMOG1_1(1.0),A,ITF44,POP1564,2019,64.6,,,,TIPO_DATO15__POP1564_N1,,,
IT1:22_293_DF_DCIS_INDDEMOG1_1(1.0),A,ITF44,POP1564,2020,64.4,,,,TIPO_DATO15__POP1564_N1,,,
IT1:22_293_DF_DCIS_INDDEMOG1_1(1.0),A,ITF44,POP1564,2021,63.8,,,,TIPO_DATO15__POP1564_N1,,,
IT1:22_293_DF_DCIS_INDDEMOG1_1(1.0),A,ITF44,POP1564,2022,63.7,,,,TIPO_DATO15__POP1564_N1,,,
IT1:22_293_DF_DCIS_INDDEMOG1_1(1.0),A,ITF44,POP1564,2023,63.5,,,,TIPO_DATO15__POP1564_N1,,,
IT1:22_293_DF_DCIS_INDDEMOG1_1(1.0),A,ITF44,POP1564,2024,63.3,,,,TIPO_DATO15__POP1564_N1,,,
IT1:22_293_DF_DCIS_INDDEMOG1_1(1.0),A,ITF44,POP1564,2025,63,,,,TIPO_DATO15__POP1564_N1,,,
IT1:22_293_DF_DCIS_INDDEMOG1_1(1.0),A,ITF44,POP1564,2026,62.8,e,,,TIPO_DATO15__POP1564_N1,,,
IT1:22_293_DF_DCIS_INDDEMOG1_1(1.0),A,ITF45,POP1564,2015,64.2,,,,TIPO_DATO15__POP1564_N1,,,
IT1:22_293_DF_DCIS_INDDEMOG1_1(1.0),A,ITF45,POP1564,2016,64.1,,,,TIPO_DATO15__POP1564_N1,,,
IT1:22_293_DF_DCIS_INDDEMOG1_1(1.0),A,ITF45,POP1564,2017,63.9,,,,TIPO_DATO15__POP1564_N1,,,
IT1:22_293_DF_DCIS_INDDEMOG1_1(1.0),A,ITF45,POP1564,2018,63.8,,,,TIPO_DATO15__POP1564_N1,,,
IT1:22_293_DF_DCIS_INDDEMOG1_1(1.0),A,ITF45,POP1564,2019,63.6,,,,TIPO_DATO15__POP1564_N1,,,
IT1:22_293_DF_DCIS_INDDEMOG1_1(1.0),A,ITF45,POP1564,2020,63.4,,,,TIPO_DATO15__POP1564_N1,,,
IT1:22_293_DF_DCIS_INDDEMOG1_1(1.0),A,ITF45,POP1564,2021,62.9,,,,TIPO_DATO15__POP1564_N1,,,
IT1:22_293_DF_DCIS_INDDEMOG1_1(1.0),A,ITF45,POP1564,2022,62.8,,,,TIPO_DATO15__POP1564_N1,,,
IT1:22_293_DF_DCIS_INDDEMOG1_1(1.0),A,ITF45,POP1564,2023,62.7,,,,TIPO_DATO15__POP1564_N1,,,
IT1:22_293_DF_DCIS_INDDEMOG1_1(1.0),A,ITF45,POP1564,2024,62.5,,,,TIPO_DATO15__POP1564_N1,,,
IT1:22_293_DF_DCIS_INDDEMOG1_1(1.0),A,ITF45,POP1564,2025,62.3,,,,TIPO_DATO15__POP1564_N1,,,
IT1:22_293_DF_DCIS_INDDEMOG1_1(1.0),A,ITF45,POP1564,2026,62.1,e,,,TIPO_DATO15__POP1564_N1,,,
IT1:22_293_DF_DCIS_INDDEMOG1_1(1.0),A,ITF5,POP1564,2015,65.6,,,,TIPO_DATO15__POP1564_N1,,,
IT1:22_293_DF_DCIS_INDDEMOG1_1(1.0),A,ITF5,POP1564,2016,65.5,,,,TIPO_DATO15__POP1564_N1,,,
IT1:22_293_DF_DCIS_INDDEMOG1_1(1.0),A,ITF5,POP1564,2017,65.4,,,,TIPO_DATO15__POP1564_N1,,,
IT1:22_293_DF_DCIS_INDDEMOG1_1(1.0),A,ITF5,POP1564,2018,65.3,,,,TIPO_DATO15__POP1564_N1,,,
IT1:22_293_DF_DCIS_INDDEMOG1_1(1.0),A,ITF5,POP1564,2019,65.1,,,,TIPO_DATO15__POP1564_N1,,,
IT1:22_293_DF_DCIS_INDDEMOG1_1(1.0),A,ITF5,POP1564,2020,64.8,,,,TIPO_DATO15__POP1564_N1,,,
IT1:22_293_DF_DCIS_INDDEMOG1_1(1.0),A,ITF5,POP1564,2021,64.3,,,,TIPO_DATO15__POP1564_N1,,,
IT1:22_293_DF_DCIS_INDDEMOG1_1(1.0),A,ITF5,POP1564,2022,64,,,,TIPO_DATO15__POP1564_N1,,,
IT1:22_293_DF_DCIS_INDDEMOG1_1(1.0),A,ITF5,POP1564,2023,63.9,,,,TIPO_DATO15__POP1564_N1,,,
IT1:22_293_DF_DCIS_INDDEMOG1_1(1.0),A,ITF5,POP1564,2024,63.5,,,,TIPO_DATO15__POP1564_N1,,,
IT1:22_293_DF_DCIS_INDDEMOG1_1(1.0),A,ITF5,POP1564,2025,63.2,,,,TIPO_DATO15__POP1564_N1,,,
IT1:22_293_DF_DCIS_INDDEMOG1_1(1.0),A,ITF5,POP1564,2026,62.8,e,,,TIPO_DATO15__POP1564_N1,,,
IT1:22_293_DF_DCIS_INDDEMOG1_1(1.0),A,ITF51,POP1564,2015,65.7,,,,TIPO_DATO15__POP1564_N1,,,
IT1:22_293_DF_DCIS_INDDEMOG1_1(1.0),A,ITF51,POP1564,2016,65.5,,,,TIPO_DATO15__POP1564_N1,,,
IT1:22_293_DF_DCIS_INDDEMOG1_1(1.0),A,ITF51,POP1564,2017,65.4,,,,TIPO_DATO15__POP1564_N1,,,
IT1:22_293_DF_DCIS_INDDEMOG1_1(1.0),A,ITF51,POP1564,2018,65.3,,,,TIPO_DATO15__POP1564_N1,,,
IT1:22_293_DF_DCIS_INDDEMOG1_1(1.0),A,ITF51,POP1564,2019,65.1,,,,TIPO_DATO15__POP1564_N1,,,
IT1:22_293_DF_DCIS_INDDEMOG1_1(1.0),A,ITF51,POP1564,2020,64.8,,,,TIPO_DATO15__POP1564_N1,,,
IT1:22_293_DF_DCIS_INDDEMOG1_1(1.0),A,ITF51,POP1564,2021,64.2,,,,TIPO_DATO15__POP1564_N1,,,
IT1:22_293_DF_DCIS_INDDEMOG1_1(1.0),A,ITF51,POP1564,2022,64,,,,TIPO_DATO15__POP1564_N1,,,
IT1:22_293_DF_DCIS_INDDEMOG1_1(1.0),A,ITF51,POP1564,2023,63.8,,,,TIPO_DATO15__POP1564_N1,,,
IT1:22_293_DF_DCIS_INDDEMOG1_1(1.0),A,ITF51,POP1564,2024,63.5,,,,TIPO_DATO15__POP1564_N1,,,
IT1:22_293_DF_DCIS_INDDEMOG1_1(1.0),A,ITF51,POP1564,2025,63.1,,,,TIPO_DATO15__POP1564_N1,,,
IT1:22_293_DF_DCIS_INDDEMOG1_1(1.0),A,ITF51,POP1564,2026,62.7,e,,,TIPO_DATO15__POP1564_N1,,,
IT1:22_293_DF_DCIS_INDDEMOG1_1(1.0),A,ITF52,POP1564,2015,65.6,,,,TIPO_DATO15__POP1564_N1,,,
IT1:22_293_DF_DCIS_INDDEMOG1_1(1.0),A,ITF52,POP1564,2016,65.4,,,,TIPO_DATO15__POP1564_N1,,,
IT1:22_293_DF_DCIS_INDDEMOG1_1(1.0),A,ITF52,POP1564,2017,65.3,,,,TIPO_DATO15__POP1564_N1,,,
IT1:22_293_DF_DCIS_INDDEMOG1_1(1.0),A,ITF52,POP1564,2018,65.2,,,,TIPO_DATO15__POP1564_N1,,,
IT1:22_293_DF_DCIS_INDDEMOG1_1(1.0),A,ITF52,POP1564,2019,65.1,,,,TIPO_DATO15__POP1564_N1,,,
IT1:22_293_DF_DCIS_INDDEMOG1_1(1.0),A,ITF52,POP1564,2020,64.8,,,,TIPO_DATO15__POP1564_N1,,,
IT1:22_293_DF_DCIS_INDDEMOG1_1(1.0),A,ITF52,POP1564,2021,64.3,,,,TIPO_DATO15__POP1564_N1,,,
IT1:22_293_DF_DCIS_INDDEMOG1_1(1.0),A,ITF52,POP1564,2022,64.1,,,,TIPO_DATO15__POP1564_N1,,,
IT1:22_293_DF_DCIS_INDDEMOG1_1(1.0),A,ITF52,POP1564,2023,63.9,,,,TIPO_DATO15__POP1564_N1,,,
IT1:22_293_DF_DCIS_INDDEMOG1_1(1.0),A,ITF52,POP1564,2024,63.7,,,,TIPO_DATO15__POP1564_N1,,,
IT1:22_293_DF_DCIS_INDDEMOG1_1(1.0),A,ITF52,POP1564,2025,63.4,,,,TIPO_DATO15__POP1564_N1,,,
IT1:22_293_DF_DCIS_INDDEMOG1_1(1.0),A,ITF52,POP1564,2026,63,e,,,TIPO_DATO15__POP1564_N1,,,
IT1:22_293_DF_DCIS_INDDEMOG1_1(1.0),A,ITF6,POP1564,2015,65.9,,,,TIPO_DATO15__POP1564_N1,,,
IT1:22_293_DF_DCIS_INDDEMOG1_1(1.0),A,ITF6,POP1564,2016,65.7,,,,TIPO_DATO15__POP1564_N1,,,
IT1:22_293_DF_DCIS_INDDEMOG1_1(1.0),A,ITF6,POP1564,2017,65.5,,,,TIPO_DATO15__POP1564_N1,,,
IT1:22_293_DF_DCIS_INDDEMOG1_1(1.0),A,ITF6,POP1564,2018,65.4,,,,TIPO_DATO15__POP1564_N1,,,
IT1:22_293_DF_DCIS_INDDEMOG1_1(1.0),A,ITF6,POP1564,2019,65.2,,,,TIPO_DATO15__POP1564_N1,,,
IT1:22_293_DF_DCIS_INDDEMOG1_1(1.0),A,ITF6,POP1564,2020,64.8,,,,TIPO_DATO15__POP1564_N1,,,
IT1:22_293_DF_DCIS_INDDEMOG1_1(1.0),A,ITF6,POP1564,2021,63.9,,,,TIPO_DATO15__POP1564_N1,,,
IT1:22_293_DF_DCIS_INDDEMOG1_1(1.0),A,ITF6,POP1564,2022,63.8,,,,TIPO_DATO15__POP1564_N1,,,
IT1:22_293_DF_DCIS_INDDEMOG1_1(1.0),A,ITF6,POP1564,2023,63.6,,,,TIPO_DATO15__POP1564_N1,,,
IT1:22_293_DF_DCIS_INDDEMOG1_1(1.0),A,ITF6,POP1564,2024,63.4,,,,TIPO_DATO15__POP1564_N1,,,
IT1:22_293_DF_DCIS_INDDEMOG1_1(1.0),A,ITF6,POP1564,2025,63.1,,,,TIPO_DATO15__POP1564_N1,,,
IT1:22_293_DF_DCIS_INDDEMOG1_1(1.0),A,ITF6,POP1564,2026,62.8,e,,,TIPO_DATO15__POP1564_N1,,,
IT1:22_293_DF_DCIS_INDDEMOG1_1(1.0),A,ITF61,POP1564,2015,66.3,,,,TIPO_DATO15__POP1564_N1,,,
IT1:22_293_DF_DCIS_INDDEMOG1_1(1.0),A,ITF61,POP1564,2016,66,,,,TIPO_DATO15__POP1564_N1,,,
IT1:22_293_DF_DCIS_INDDEMOG1_1(1.0),A,ITF61,POP1564,2017,65.7,,,,TIPO_DATO15__POP1564_N1,,,
IT1:22_293_DF_DCIS_INDDEMOG1_1(1.0),A,ITF61,POP1564,2018,65.5,,,,TIPO_DATO15__POP1564_N1,,,
IT1:22_293_DF_DCIS_INDDEMOG1_1(1.0),A,ITF61,POP1564,2019,65.3,,,,TIPO_DATO15__POP1564_N1,,,
IT1:22_293_DF_DCIS_INDDEMOG1_1(1.0),A,ITF61,POP1564,2020,64.9,,,,TIPO_DATO15__POP1564_N1,,,
IT1:22_293_DF_DCIS_INDDEMOG1_1(1.0),A,ITF61,POP1564,2021,64.1,,,,TIPO_DATO15__POP1564_N1,,,
IT1:22_293_DF_DCIS_INDDEMOG1_1(1.0),A,ITF61,POP1564,2022,64,,,,TIPO_DATO15__POP1564_N1,,,
IT1:22_293_DF_DCIS_INDDEMOG1_1(1.0),A,ITF61,POP1564,2023,63.7,,,,TIPO_DATO15__POP1564_N1,,,
IT1:22_293_DF_DCIS_INDDEMOG1_1(1.0),A,ITF61,POP1564,2024,63.5,,,,TIPO_DATO15__POP1564_N1,,,
IT1:22_293_DF_DCIS_INDDEMOG1_1(1.0),A,ITF61,POP1564,2025,63.3,,,,TIPO_DATO15__POP1564_N1,,,
IT1:22_293_DF_DCIS_INDDEMOG1_1(1.0),A,ITF61,POP1564,2026,62.9,e,,,TIPO_DATO15__POP1564_N1,,,
IT1:22_293_DF_DCIS_INDDEMOG1_1(1.0),A,ITF62,POP1564,2015,65.8,,,,TIPO_DATO15__POP1564_N1,,,
IT1:22_293_DF_DCIS_INDDEMOG1_1(1.0),A,ITF62,POP1564,2016,65.9,,,,TIPO_DATO15__POP1564_N1,,,
IT1:22_293_DF_DCIS_INDDEMOG1_1(1.0),A,ITF62,POP1564,2017,66,,,,TIPO_DATO15__POP1564_N1,,,
IT1:22_293_DF_DCIS_INDDEMOG1_1(1.0),A,ITF62,POP1564,2018,65.9,,,,TIPO_DATO15__POP1564_N1,,,
IT1:22_293_DF_DCIS_INDDEMOG1_1(1.0),A,ITF62,POP1564,2019,65.8,,,,TIPO_DATO15__POP1564_N1,,,
IT1:22_293_DF_DCIS_INDDEMOG1_1(1.0),A,ITF62,POP1564,2020,65.2,,,,TIPO_DATO15__POP1564_N1,,,
IT1:22_293_DF_DCIS_INDDEMOG1_1(1.0),A,ITF62,POP1564,2021,64.2,,,,TIPO_DATO15__POP1564_N1,,,
IT1:22_293_DF_DCIS_INDDEMOG1_1(1.0),A,ITF62,POP1564,2022,64.1,,,,TIPO_DATO15__POP1564_N1,,,
IT1:22_293_DF_DCIS_INDDEMOG1_1(1.0),A,ITF62,POP1564,2023,63.8,,,,TIPO_DATO15__POP1564_N1,,,
IT1:22_293_DF_DCIS_INDDEMOG1_1(1.0),A,ITF62,POP1564,2024,63.6,,,,TIPO_DATO15__POP1564_N1,,,
IT1:22_293_DF_DCIS_INDDEMOG1_1(1.0),A,ITF62,POP1564,2025,63.5,,,,TIPO_DATO15__POP1564_N1,,,
IT1:22_293_DF_DCIS_INDDEMOG1_1(1.0),A,ITF62,POP1564,2026,63.4,e,,,TIPO_DATO15__POP1564_N1,,,
IT1:22_293_DF_DCIS_INDDEMOG1_1(1.0),A,ITF63,POP1564,2015,66.3,,,,TIPO_DATO15__POP1564_N1,,,
IT1:22_293_DF_DCIS_INDDEMOG1_1(1.0),A,ITF63,POP1564,2016,66,,,,TIPO_DATO15__POP1564_N1,,,
IT1:22_293_DF_DCIS_INDDEMOG1_1(1.0),A,ITF63,POP1564,2017,65.8,,,,TIPO_DATO15__POP1564_N1,,,
IT1:22_293_DF_DCIS_INDDEMOG1_1(1.0),A,ITF63,POP1564,2018,65.6,,,,TIPO_DATO15__POP1564_N1,,,
IT1:22_293_DF_DCIS_INDDEMOG1_1(1.0),A,ITF63,POP1564,2019,65.2,,,,TIPO_DATO15__POP1564_N1,,,
IT1:22_293_DF_DCIS_INDDEMOG1_1(1.0),A,ITF63,POP1564,2020,64.8,,,,TIPO_DATO15__POP1564_N1,,,
IT1:22_293_DF_DCIS_INDDEMOG1_1(1.0),A,ITF63,POP1564,2021,63.9,,,,TIPO_DATO15__POP1564_N1,,,
IT1:22_293_DF_DCIS_INDDEMOG1_1(1.0),A,ITF63,POP1564,2022,63.7,,,,TIPO_DATO15__POP1564_N1,,,
IT1:22_293_DF_DCIS_INDDEMOG1_1(1.0),A,ITF63,POP1564,2023,63.4,,,,TIPO_DATO15__POP1564_N1,,,
IT1:22_293_DF_DCIS_INDDEMOG1_1(1.0),A,ITF63,POP1564,2024,63.1,,,,TIPO_DATO15__POP1564_N1,,,
IT1:22_293_DF_DCIS_INDDEMOG1_1(1.0),A,ITF63,POP1564,2025,62.7,,,,TIPO_DATO15__POP1564_N1,,,
IT1:22_293_DF_DCIS_INDDEMOG1_1(1.0),A,ITF63,POP1564,2026,62.3,e,,,TIPO_DATO15__POP1564_N1,,,
IT1:22_293_DF_DCIS_INDDEMOG1_1(1.0),A,ITF64,POP1564,2015,65.4,,,,TIPO_DATO15__POP1564_N1,,,
IT1:22_293_DF_DCIS_INDDEMOG1_1(1.0),A,ITF64,POP1564,2016,65.3,,,,TIPO_DATO15__POP1564_N1,,,
IT1:22_293_DF_DCIS_INDDEMOG1_1(1.0),A,ITF64,POP1564,2017,65.3,,,,TIPO_DATO15__POP1564_N1,,,
IT1:22_293_DF_DCIS_INDDEMOG1_1(1.0),A,ITF64,POP1564,2018,65.1,,,,TIPO_DATO15__POP1564_N1,,,
IT1:22_293_DF_DCIS_INDDEMOG1_1(1.0),A,ITF64,POP1564,2019,65,,,,TIPO_DATO15__POP1564_N1,,,
IT1:22_293_DF_DCIS_INDDEMOG1_1(1.0),A,ITF64,POP1564,2020,64.6,,,,TIPO_DATO15__POP1564_N1,,,
IT1:22_293_DF_DCIS_INDDEMOG1_1(1.0),A,ITF64,POP1564,2021,63.9,,,,TIPO_DATO15__POP1564_N1,,,
IT1:22_293_DF_DCIS_INDDEMOG1_1(1.0),A,ITF64,POP1564,2022,63.8,,,,TIPO_DATO15__POP1564_N1,,,
IT1:22_293_DF_DCIS_INDDEMOG1_1(1.0),A,ITF64,POP1564,2023,63.7,,,,TIPO_DATO15__POP1564_N1,,,
IT1:22_293_DF_DCIS_INDDEMOG1_1(1.0),A,ITF64,POP1564,2024,63.6,,,,TIPO_DATO15__POP1564_N1,,,
IT1:22_293_DF_DCIS_INDDEMOG1_1(1.0),A,ITF64,POP1564,2025,63.3,,,,TIPO_DATO15__POP1564_N1,,,
IT1:22_293_DF_DCIS_INDDEMOG1_1(1.0),A,ITF64,POP1564,2026,63,e,,,TIPO_DATO15__POP1564_N1,,,
IT1:22_293_DF_DCIS_INDDEMOG1_1(1.0),A,ITF65,POP1564,2015,65.4,,,,TIPO_DATO15__POP1564_N1,,,
IT1:22_293_DF_DCIS_INDDEMOG1_1(1.0),A,ITF65,POP1564,2016,65.3,,,,TIPO_DATO15__POP1564_N1,,,
IT1:22_293_DF_DCIS_INDDEMOG1_1(1.0),A,ITF65,POP1564,2017,65.1,,,,TIPO_DATO15__POP1564_N1,,,
IT1:22_293_DF_DCIS_INDDEMOG1_1(1.0),A,ITF65,POP1564,2018,65,,,,TIPO_DATO15__POP1564_N1,,,
IT1:22_293_DF_DCIS_INDDEMOG1_1(1.0),A,ITF65,POP1564,2019,64.8,,,,TIPO_DATO15__POP1564_N1,,,
IT1:22_293_DF_DCIS_INDDEMOG1_1(1.0),A,ITF65,POP1564,2020,64.4,,,,TIPO_DATO15__POP1564_N1,,,
IT1:22_293_DF_DCIS_INDDEMOG1_1(1.0),A,ITF65,POP1564,2021,63.6,,,,TIPO_DATO15__POP1564_N1,,,
IT1:22_293_DF_DCIS_INDDEMOG1_1(1.0),A,ITF65,POP1564,2022,63.6,,,,TIPO_DATO15__POP1564_N1,,,
IT1:22_293_DF_DCIS_INDDEMOG1_1(1.0),A,ITF65,POP1564,2023,63.5,,,,TIPO_DATO15__POP1564_N1,,,
IT1:22_293_DF_DCIS_INDDEMOG1_1(1.0),A,ITF65,POP1564,2024,63.2,,,,TIPO_DATO15__POP1564_N1,,,
IT1:22_293_DF_DCIS_INDDEMOG1_1(1.0),A,ITF65,POP1564,2025,62.9,,,,TIPO_DATO15__POP1564_N1,,,
IT1:22_293_DF_DCIS_INDDEMOG1_1(1.0),A,ITF65,POP1564,2026,62.7,e,,,TIPO_DATO15__POP1564_N1,,,
IT1:22_293_DF_DCIS_INDDEMOG1_1(1.0),A,ITFG,POP1564,2015,65.9,,,,TIPO_DATO15__POP1564_N1,,,
IT1:22_293_DF_DCIS_INDDEMOG1_1(1.0),A,ITFG,POP1564,2016,65.8,,,,TIPO_DATO15__POP1564_N1,,,
IT1:22_293_DF_DCIS_INDDEMOG1_1(1.0),A,ITFG,POP1564,2017,65.6,,,,TIPO_DATO15__POP1564_N1,,,
IT1:22_293_DF_DCIS_INDDEMOG1_1(1.0),A,ITFG,POP1564,2018,65.5,,,,TIPO_DATO15__POP1564_N1,,,
IT1:22_293_DF_DCIS_INDDEMOG1_1(1.0),A,ITFG,POP1564,2019,65.4,,,,TIPO_DATO15__POP1564_N1,,,
IT1:22_293_DF_DCIS_INDDEMOG1_1(1.0),A,ITFG,POP1564,2020,65.1,,,,TIPO_DATO15__POP1564_N1,,,
IT1:22_293_DF_DCIS_INDDEMOG1_1(1.0),A,ITFG,POP1564,2021,64.4,,,,TIPO_DATO15__POP1564_N1,,,
IT1:22_293_DF_DCIS_INDDEMOG1_1(1.0),A,ITFG,POP1564,2022,64.4,,,,TIPO_DATO15__POP1564_N1,,,
IT1:22_293_DF_DCIS_INDDEMOG1_1(1.0),A,ITFG,POP1564,2023,64.2,,,,TIPO_DATO15__POP1564_N1,,,
IT1:22_293_DF_DCIS_INDDEMOG1_1(1.0),A,ITFG,POP1564,2024,64.1,,,,TIPO_DATO15__POP1564_N1,,,
IT1:22_293_DF_DCIS_INDDEMOG1_1(1.0),A,ITFG,POP1564,2025,63.8,,,,TIPO_DATO15__POP1564_N1,,,
IT1:22_293_DF_DCIS_INDDEMOG1_1(1.0),A,ITFG,POP1564,2026,63.6,e,,,TIPO_DATO15__POP1564_N1,,,
IT1:22_293_DF_DCIS_INDDEMOG1_1(1.0),A,ITG,POP1564,2015,65.7,,,,TIPO_DATO15__POP1564_N1,,,
IT1:22_293_DF_DCIS_INDDEMOG1_1(1.0),A,ITG,POP1564,2016,65.6,,,,TIPO_DATO15__POP1564_N1,,,
IT1:22_293_DF_DCIS_INDDEMOG1_1(1.0),A,ITG,POP1564,2017,65.4,,,,TIPO_DATO15__POP1564_N1,,,
IT1:22_293_DF_DCIS_INDDEMOG1_1(1.0),A,ITG,POP1564,2018,65.2,,,,TIPO_DATO15__POP1564_N1,,,
IT1:22_293_DF_DCIS_INDDEMOG1_1(1.0),A,ITG,POP1564,2019,65,,,,TIPO_DATO15__POP1564_N1,,,
IT1:22_293_DF_DCIS_INDDEMOG1_1(1.0),A,ITG,POP1564,2020,64.7,,,,TIPO_DATO15__POP1564_N1,,,
IT1:22_293_DF_DCIS_INDDEMOG1_1(1.0),A,ITG,POP1564,2021,64,,,,TIPO_DATO15__POP1564_N1,,,
IT1:22_293_DF_DCIS_INDDEMOG1_1(1.0),A,ITG,POP1564,2022,63.9,,,,TIPO_DATO15__POP1564_N1,,,
IT1:22_293_DF_DCIS_INDDEMOG1_1(1.0),A,ITG,POP1564,2023,63.7,,,,TIPO_DATO15__POP1564_N1,,,
IT1:22_293_DF_DCIS_INDDEMOG1_1(1.0),A,ITG,POP1564,2024,63.5,,,,TIPO_DATO15__POP1564_N1,,,
IT1:22_293_DF_DCIS_INDDEMOG1_1(1.0),A,ITG,POP1564,2025,63.3,,,,TIPO_DATO15__POP1564_N1,,,
IT1:22_293_DF_DCIS_INDDEMOG1_1(1.0),A,ITG,POP1564,2026,63,e,,,TIPO_DATO15__POP1564_N1,,,
IT1:22_293_DF_DCIS_INDDEMOG1_1(1.0),A,ITG1,POP1564,2015,65.5,,,,TIPO_DATO15__POP1564_N1,,,
IT1:22_293_DF_DCIS_INDDEMOG1_1(1.0),A,ITG1,POP1564,2016,65.4,,,,TIPO_DATO15__POP1564_N1,,,
IT1:22_293_DF_DCIS_INDDEMOG1_1(1.0),A,ITG1,POP1564,2017,65.3,,,,TIPO_DATO15__POP1564_N1,,,
IT1:22_293_DF_DCIS_INDDEMOG1_1(1.0),A,ITG1,POP1564,2018,65.2,,,,TIPO_DATO15__POP1564_N1,,,
IT1:22_293_DF_DCIS_INDDEMOG1_1(1.0),A,ITG1,POP1564,2019,65,,,,TIPO_DATO15__POP1564_N1,,,
IT1:22_293_DF_DCIS_INDDEMOG1_1(1.0),A,ITG1,POP1564,2020,64.8,,,,TIPO_DATO15__POP1564_N1,,,
IT1:22_293_DF_DCIS_INDDEMOG1_1(1.0),A,ITG1,POP1564,2021,64,,,,TIPO_DATO15__POP1564_N1,,,
IT1:22_293_DF_DCIS_INDDEMOG1_1(1.0),A,ITG1,POP1564,2022,64,,,,TIPO_DATO15__POP1564_N1,,,
IT1:22_293_DF_DCIS_INDDEMOG1_1(1.0),A,ITG1,POP1564,2023,63.9,,,,TIPO_DATO15__POP1564_N1,,,
IT1:22_293_DF_DCIS_INDDEMOG1_1(1.0),A,ITG1,POP1564,2024,63.7,,,,TIPO_DATO15__POP1564_N1,,,
IT1:22_293_DF_DCIS_INDDEMOG1_1(1.0),A,ITG1,POP1564,2025,63.5,,,,TIPO_DATO15__POP1564_N1,,,
IT1:22_293_DF_DCIS_INDDEMOG1_1(1.0),A,ITG1,POP1564,2026,63.2,e,,,TIPO_DATO15__POP1564_N1,,,
IT1:22_293_DF_DCIS_INDDEMOG1_1(1.0),A,ITG11,POP1564,2015,64.5,,,,TIPO_DATO15__POP1564_N1,,,
IT1:22_293_DF_DCIS_INDDEMOG1_1(1.0),A,ITG11,POP1564,2016,64.5,,,,TIPO_DATO15__POP1564_N1,,,
IT1:22_293_DF_DCIS_INDDEMOG1_1(1.0),A,ITG11,POP1564,2017,64.4,,,,TIPO_DATO15__POP1564_N1,,,
IT1:22_293_DF_DCIS_INDDEMOG1_1(1.0),A,ITG11,POP1564,2018,64.4,,,,TIPO_DATO15__POP1564_N1,,,
IT1:22_293_DF_DCIS_INDDEMOG1_1(1.0),A,ITG11,POP1564,2019,64.3,,,,TIPO_DATO15__POP1564_N1,,,
IT1:22_293_DF_DCIS_INDDEMOG1_1(1.0),A,ITG11,POP1564,2020,64.1,,,,TIPO_DATO15__POP1564_N1,,,
IT1:22_293_DF_DCIS_INDDEMOG1_1(1.0),A,ITG11,POP1564,2021,63.5,,,,TIPO_DATO15__POP1564_N1,,,
IT1:22_293_DF_DCIS_INDDEMOG1_1(1.0),A,ITG11,POP1564,2022,63.3,,,,TIPO_DATO15__POP1564_N1,,,
IT1:22_293_DF_DCIS_INDDEMOG1_1(1.0),A,ITG11,POP1564,2023,63.3,,,,TIPO_DATO15__POP1564_N1,,,
IT1:22_293_DF_DCIS_INDDEMOG1_1(1.0),A,ITG11,POP1564,2024,63.1,,,,TIPO_DATO15__POP1564_N1,,,
IT1:22_293_DF_DCIS_INDDEMOG1_1(1.0),A,ITG11,POP1564,2025,62.9,,,,TIPO_DATO15__POP1564_N1,,,
IT1:22_293_DF_DCIS_INDDEMOG1_1(1.0),A,ITG11,POP1564,2026,62.6,e,,,TIPO_DATO15__POP1564_N1,,,
IT1:22_293_DF_DCIS_INDDEMOG1_1(1.0),A,ITG12,POP1564,2015,65.7,,,,TIPO_DATO15__POP1564_N1,,,
IT1:22_293_DF_DCIS_INDDEMOG1_1(1.0),A,ITG12,POP1564,2016,65.4,,,,TIPO_DATO15__POP1564_N1,,,
IT1:22_293_DF_DCIS_INDDEMOG1_1(1.0),A,ITG12,POP1564,2017,65.3,,,,TIPO_DATO15__POP1564_N1,,,
IT1:22_293_DF_DCIS_INDDEMOG1_1(1.0),A,ITG12,POP1564,2018,65.1,,,,TIPO_DATO15__POP1564_N1,,,
IT1:22_293_DF_DCIS_INDDEMOG1_1(1.0),A,ITG12,POP1564,2019,64.9,,,,TIPO_DATO15__POP1564_N1,,,
IT1:22_293_DF_DCIS_INDDEMOG1_1(1.0),A,ITG12,POP1564,2020,64.6,,,,TIPO_DATO15__POP1564_N1,,,
IT1:22_293_DF_DCIS_INDDEMOG1_1(1.0),A,ITG12,POP1564,2021,63.8,,,,TIPO_DATO15__POP1564_N1,,,
IT1:22_293_DF_DCIS_INDDEMOG1_1(1.0),A,ITG12,POP1564,2022,63.8,,,,TIPO_DATO15__POP1564_N1,,,
IT1:22_293_DF_DCIS_INDDEMOG1_1(1.0),A,ITG12,POP1564,2023,63.6,,,,TIPO_DATO15__POP1564_N1,,,
IT1:22_293_DF_DCIS_INDDEMOG1_1(1.0),A,ITG12,POP1564,2024,63.4,,,,TIPO_DATO15__POP1564_N1,,,
IT1:22_293_DF_DCIS_INDDEMOG1_1(1.0),A,ITG12,POP1564,2025,63.3,,,,TIPO_DATO15__POP1564_N1,,,
IT1:22_293_DF_DCIS_INDDEMOG1_1(1.0),A,ITG12,POP1564,2026,63,e,,,TIPO_DATO15__POP1564_N1,,,
IT1:22_293_DF_DCIS_INDDEMOG1_1(1.0),A,ITG13,POP1564,2015,65.3,,,,TIPO_DATO15__POP1564_N1,,,
IT1:22_293_DF_DCIS_INDDEMOG1_1(1.0),A,ITG13,POP1564,2016,65.1,,,,TIPO_DATO15__POP1564_N1,,,
IT1:22_293_DF_DCIS_INDDEMOG1_1(1.0),A,ITG13,POP1564,2017,64.9,,,,TIPO_DATO15__POP1564_N1,,,
IT1:22_293_DF_DCIS_INDDEMOG1_1(1.0),A,ITG13,POP1564,2018,64.7,,,,TIPO_DATO15__POP1564_N1,,,
IT1:22_293_DF_DCIS_INDDEMOG1_1(1.0),A,ITG13,POP1564,2019,64.5,,,,TIPO_DATO15__POP1564_N1,,,
IT1:22_293_DF_DCIS_INDDEMOG1_1(1.0),A,ITG13,POP1564,2020,64.2,,,,TIPO_DATO15__POP1564_N1,,,
IT1:22_293_DF_DCIS_INDDEMOG1_1(1.0),A,ITG13,POP1564,2021,63.5,,,,TIPO_DATO15__POP1564_N1,,,
IT1:22_293_DF_DCIS_INDDEMOG1_1(1.0),A,ITG13,POP1564,2022,63.4,,,,TIPO_DATO15__POP1564_N1,,,
IT1:22_293_DF_DCIS_INDDEMOG1_1(1.0),A,ITG13,POP1564,2023,63.3,,,,TIPO_DATO15__POP1564_N1,,,
IT1:22_293_DF_DCIS_INDDEMOG1_1(1.0),A,ITG13,POP1564,2024,63.1,,,,TIPO_DATO15__POP1564_N1,,,
IT1:22_293_DF_DCIS_INDDEMOG1_1(1.0),A,ITG13,POP1564,2025,62.9,,,,TIPO_DATO15__POP1564_N1,,,
IT1:22_293_DF_DCIS_INDDEMOG1_1(1.0),A,ITG13,POP1564,2026,62.6,e,,,TIPO_DATO15__POP1564_N1,,,
IT1:22_293_DF_DCIS_INDDEMOG1_1(1.0),A,ITG14,POP1564,2015,64.8,,,,TIPO_DATO15__POP1564_N1,,,
IT1:22_293_DF_DCIS_INDDEMOG1_1(1.0),A,ITG14,POP1564,2016,64.9,,,,TIPO_DATO15__POP1564_N1,,,
IT1:22_293_DF_DCIS_INDDEMOG1_1(1.0),A,ITG14,POP1564,2017,64.8,,,,TIPO_DATO15__POP1564_N1,,,
IT1:22_293_DF_DCIS_INDDEMOG1_1(1.0),A,ITG14,POP1564,2018,64.7,,,,TIPO_DATO15__POP1564_N1,,,
IT1:22_293_DF_DCIS_INDDEMOG1_1(1.0),A,ITG14,POP1564,2019,64.7,,,,TIPO_DATO15__POP1564_N1,,,
IT1:22_293_DF_DCIS_INDDEMOG1_1(1.0),A,ITG14,POP1564,2020,64.5,,,,TIPO_DATO15__POP1564_N1,,,
IT1:22_293_DF_DCIS_INDDEMOG1_1(1.0),A,ITG14,POP1564,2021,63.8,,,,TIPO_DATO15__POP1564_N1,,,
IT1:22_293_DF_DCIS_INDDEMOG1_1(1.0),A,ITG14,POP1564,2022,63.9,,,,TIPO_DATO15__POP1564_N1,,,
IT1:22_293_DF_DCIS_INDDEMOG1_1(1.0),A,ITG14,POP1564,2023,63.7,,,,TIPO_DATO15__POP1564_N1,,,
IT1:22_293_DF_DCIS_INDDEMOG1_1(1.0),A,ITG14,POP1564,2024,63.5,,,,TIPO_DATO15__POP1564_N1,,,
IT1:22_293_DF_DCIS_INDDEMOG1_1(1.0),A,ITG14,POP1564,2025,63.2,,,,TIPO_DATO15__POP1564_N1,,,
IT1:22_293_DF_DCIS_INDDEMOG1_1(1.0),A,ITG14,POP1564,2026,62.9,e,,,TIPO_DATO15__POP1564_N1,,,
IT1:22_293_DF_DCIS_INDDEMOG1_1(1.0),A,ITG15,POP1564,2015,65.3,,,,TIPO_DATO15__POP1564_N1,,,
IT1:22_293_DF_DCIS_INDDEMOG1_1(1.0),A,ITG15,POP1564,2016,65.3,,,,TIPO_DATO15__POP1564_N1,,,
IT1:22_293_DF_DCIS_INDDEMOG1_1(1.0),A,ITG15,POP1564,2017,65.3,,,,TIPO_DATO15__POP1564_N1,,,
IT1:22_293_DF_DCIS_INDDEMOG1_1(1.0),A,ITG15,POP1564,2018,65.3,,,,TIPO_DATO15__POP1564_N1,,,
IT1:22_293_DF_DCIS_INDDEMOG1_1(1.0),A,ITG15,POP1564,2019,65.3,,,,TIPO_DATO15__POP1564_N1,,,
IT1:22_293_DF_DCIS_INDDEMOG1_1(1.0),A,ITG15,POP1564,2020,65.1,,,,TIPO_DATO15__POP1564_N1,,,
IT1:22_293_DF_DCIS_INDDEMOG1_1(1.0),A,ITG15,POP1564,2021,64.5,,,,TIPO_DATO15__POP1564_N1,,,
IT1:22_293_DF_DCIS_INDDEMOG1_1(1.0),A,ITG15,POP1564,2022,64.5,,,,TIPO_DATO15__POP1564_N1,,,
IT1:22_293_DF_DCIS_INDDEMOG1_1(1.0),A,ITG15,POP1564,2023,64.3,,,,TIPO_DATO15__POP1564_N1,,,
IT1:22_293_DF_DCIS_INDDEMOG1_1(1.0),A,ITG15,POP1564,2024,64,,,,TIPO_DATO15__POP1564_N1,,,
IT1:22_293_DF_DCIS_INDDEMOG1_1(1.0),A,ITG15,POP1564,2025,63.7,,,,TIPO_DATO15__POP1564_N1,,,
IT1:22_293_DF_DCIS_INDDEMOG1_1(1.0),A,ITG15,POP1564,2026,63.3,e,,,TIPO_DATO15__POP1564_N1,,,
IT1:22_293_DF_DCIS_INDDEMOG1_1(1.0),A,ITG16,POP1564,2015,64.9,,,,TIPO_DATO15__POP1564_N1,,,
IT1:22_293_DF_DCIS_INDDEMOG1_1(1.0),A,ITG16,POP1564,2016,64.9,,,,TIPO_DATO15__POP1564_N1,,,
IT1:22_293_DF_DCIS_INDDEMOG1_1(1.0),A,ITG16,POP1564,2017,64.7,,,,TIPO_DATO15__POP1564_N1,,,
IT1:22_293_DF_DCIS_INDDEMOG1_1(1.0),A,ITG16,POP1564,2018,64.7,,,,TIPO_DATO15__POP1564_N1,,,
IT1:22_293_DF_DCIS_INDDEMOG1_1(1.0),A,ITG16,POP1564,2019,64.5,,,,TIPO_DATO15__POP1564_N1,,,
IT1:22_293_DF_DCIS_INDDEMOG1_1(1.0),A,ITG16,POP1564,2020,64.2,,,,TIPO_DATO15__POP1564_N1,,,
IT1:22_293_DF_DCIS_INDDEMOG1_1(1.0),A,ITG16,POP1564,2021,63.6,,,,TIPO_DATO15__POP1564_N1,,,
IT1:22_293_DF_DCIS_INDDEMOG1_1(1.0),A,ITG16,POP1564,2022,63.6,,,,TIPO_DATO15__POP1564_N1,,,
IT1:22_293_DF_DCIS_INDDEMOG1_1(1.0),A,ITG16,POP1564,2023,63.4,,,,TIPO_DATO15__POP1564_N1,,,
IT1:22_293_DF_DCIS_INDDEMOG1_1(1.0),A,ITG16,POP1564,2024,63.2,,,,TIPO_DATO15__POP1564_N1,,,
IT1:22_293_DF_DCIS_INDDEMOG1_1(1.0),A,ITG16,POP1564,2025,62.8,,,,TIPO_DATO15__POP1564_N1,,,
IT1:22_293_DF_DCIS_INDDEMOG1_1(1.0),A,ITG16,POP1564,2026,62.5,e,,,TIPO_DATO15__POP1564_N1,,,
IT1:22_293_DF_DCIS_INDDEMOG1_1(1.0),A,ITG17,POP1564,2015,66.3,,,,TIPO_DATO15__POP1564_N1,,,
IT1:22_293_DF_DCIS_INDDEMOG1_1(1.0),A,ITG17,POP1564,2016,66.1,,,,TIPO_DATO15__POP1564_N1,,,
IT1:22_293_DF_DCIS_INDDEMOG1_1(1.0),A,ITG17,POP1564,2017,66,,,,TIPO_DATO15__POP1564_N1,,,
IT1:22_293_DF_DCIS_INDDEMOG1_1(1.0),A,ITG17,POP1564,2018,65.8,,,,TIPO_DATO15__POP1564_N1,,,
IT1:22_293_DF_DCIS_INDDEMOG1_1(1.0),A,ITG17,POP1564,2019,65.7,,,,TIPO_DATO15__POP1564_N1,,,
IT1:22_293_DF_DCIS_INDDEMOG1_1(1.0),A,ITG17,POP1564,2020,65.4,,,,TIPO_DATO15__POP1564_N1,,,
IT1:22_293_DF_DCIS_INDDEMOG1_1(1.0),A,ITG17,POP1564,2021,64.5,,,,TIPO_DATO15__POP1564_N1,,,
IT1:22_293_DF_DCIS_INDDEMOG1_1(1.0),A,ITG17,POP1564,2022,64.5,,,,TIPO_DATO15__POP1564_N1,,,
IT1:22_293_DF_DCIS_INDDEMOG1_1(1.0),A,ITG17,POP1564,2023,64.3,,,,TIPO_DATO15__POP1564_N1,,,
IT1:22_293_DF_DCIS_INDDEMOG1_1(1.0),A,ITG17,POP1564,2024,64.1,,,,TIPO_DATO15__POP1564_N1,,,
IT1:22_293_DF_DCIS_INDDEMOG1_1(1.0),A,ITG17,POP1564,2025,63.8,,,,TIPO_DATO15__POP1564_N1,,,
IT1:22_293_DF_DCIS_INDDEMOG1_1(1.0),A,ITG17,POP1564,2026,63.5,e,,,TIPO_DATO15__POP1564_N1,,,
IT1:22_293_DF_DCIS_INDDEMOG1_1(1.0),A,ITG18,POP1564,2015,65.6,,,,TIPO_DATO15__POP1564_N1,,,
IT1:22_293_DF_DCIS_INDDEMOG1_1(1.0),A,ITG18,POP1564,2016,65.7,,,,TIPO_DATO15__POP1564_N1,,,
IT1:22_293_DF_DCIS_INDDEMOG1_1(1.0),A,ITG18,POP1564,2017,65.7,,,,TIPO_DATO15__POP1564_N1,,,
IT1:22_293_DF_DCIS_INDDEMOG1_1(1.0),A,ITG18,POP1564,2018,65.7,,,,TIPO_DATO15__POP1564_N1,,,
IT1:22_293_DF_DCIS_INDDEMOG1_1(1.0),A,ITG18,POP1564,2019,65.6,,,,TIPO_DATO15__POP1564_N1,,,
IT1:22_293_DF_DCIS_INDDEMOG1_1(1.0),A,ITG18,POP1564,2020,65.4,,,,TIPO_DATO15__POP1564_N1,,,
IT1:22_293_DF_DCIS_INDDEMOG1_1(1.0),A,ITG18,POP1564,2021,64.8,,,,TIPO_DATO15__POP1564_N1,,,
IT1:22_293_DF_DCIS_INDDEMOG1_1(1.0),A,ITG18,POP1564,2022,64.8,,,,TIPO_DATO15__POP1564_N1,,,
IT1:22_293_DF_DCIS_INDDEMOG1_1(1.0),A,ITG18,POP1564,2023,64.8,,,,TIPO_DATO15__POP1564_N1,,,
IT1:22_293_DF_DCIS_INDDEMOG1_1(1.0),A,ITG18,POP1564,2024,64.8,,,,TIPO_DATO15__POP1564_N1,,,
IT1:22_293_DF_DCIS_INDDEMOG1_1(1.0),A,ITG18,POP1564,2025,64.6,,,,TIPO_DATO15__POP1564_N1,,,
IT1:22_293_DF_DCIS_INDDEMOG1_1(1.0),A,ITG18,POP1564,2026,64.5,e,,,TIPO_DATO15__POP1564_N1,,,
IT1:22_293_DF_DCIS_INDDEMOG1_1(1.0),A,ITG19,POP1564,2015,65.7,,,,TIPO_DATO15__POP1564_N1,,,
IT1:22_293_DF_DCIS_INDDEMOG1_1(1.0),A,ITG19,POP1564,2016,65.5,,,,TIPO_DATO15__POP1564_N1,,,
IT1:22_293_DF_DCIS_INDDEMOG1_1(1.0),A,ITG19,POP1564,2017,65.3,,,,TIPO_DATO15__POP1564_N1,,,
IT1:22_293_DF_DCIS_INDDEMOG1_1(1.0),A,ITG19,POP1564,2018,65.2,,,,TIPO_DATO15__POP1564_N1,,,
IT1:22_293_DF_DCIS_INDDEMOG1_1(1.0),A,ITG19,POP1564,2019,65.1,,,,TIPO_DATO15__POP1564_N1,,,
IT1:22_293_DF_DCIS_INDDEMOG1_1(1.0),A,ITG19,POP1564,2020,64.9,,,,TIPO_DATO15__POP1564_N1,,,
IT1:22_293_DF_DCIS_INDDEMOG1_1(1.0),A,ITG19,POP1564,2021,64.1,,,,TIPO_DATO15__POP1564_N1,,,
IT1:22_293_DF_DCIS_INDDEMOG1_1(1.0),A,ITG19,POP1564,2022,64.2,,,,TIPO_DATO15__POP1564_N1,,,
IT1:22_293_DF_DCIS_INDDEMOG1_1(1.0),A,ITG19,POP1564,2023,64.1,,,,TIPO_DATO15__POP1564_N1,,,
IT1:22_293_DF_DCIS_INDDEMOG1_1(1.0),A,ITG19,POP1564,2024,64,,,,TIPO_DATO15__POP1564_N1,,,
IT1:22_293_DF_DCIS_INDDEMOG1_1(1.0),A,ITG19,POP1564,2025,63.8,,,,TIPO_DATO15__POP1564_N1,,,
IT1:22_293_DF_DCIS_INDDEMOG1_1(1.0),A,ITG19,POP1564,2026,63.6,e,,,TIPO_DATO15__POP1564_N1,,,
IT1:22_293_DF_DCIS_INDDEMOG1_1(1.0),A,ITG2,POP1564,2015,66.4,,,,TIPO_DATO15__POP1564_N1,,,
IT1:22_293_DF_DCIS_INDDEMOG1_1(1.0),A,ITG2,POP1564,2016,66,,,,TIPO_DATO15__POP1564_N1,,,
IT1:22_293_DF_DCIS_INDDEMOG1_1(1.0),A,ITG2,POP1564,2017,65.7,,,,TIPO_DATO15__POP1564_N1,,,
IT1:22_293_DF_DCIS_INDDEMOG1_1(1.0),A,ITG2,POP1564,2018,65.4,,,,TIPO_DATO15__POP1564_N1,,,
IT1:22_293_DF_DCIS_INDDEMOG1_1(1.0),A,ITG2,POP1564,2019,65,,,,TIPO_DATO15__POP1564_N1,,,
IT1:22_293_DF_DCIS_INDDEMOG1_1(1.0),A,ITG2,POP1564,2020,64.6,,,,TIPO_DATO15__POP1564_N1,,,
IT1:22_293_DF_DCIS_INDDEMOG1_1(1.0),A,ITG2,POP1564,2021,63.8,,,,TIPO_DATO15__POP1564_N1,,,
IT1:22_293_DF_DCIS_INDDEMOG1_1(1.0),A,ITG2,POP1564,2022,63.6,,,,TIPO_DATO15__POP1564_N1,,,
IT1:22_293_DF_DCIS_INDDEMOG1_1(1.0),A,ITG2,POP1564,2023,63.4,,,,TIPO_DATO15__POP1564_N1,,,
IT1:22_293_DF_DCIS_INDDEMOG1_1(1.0),A,ITG2,POP1564,2024,63.1,,,,TIPO_DATO15__POP1564_N1,,,
IT1:22_293_DF_DCIS_INDDEMOG1_1(1.0),A,ITG2,POP1564,2025,62.8,,,,TIPO_DATO15__POP1564_N1,,,
IT1:22_293_DF_DCIS_INDDEMOG1_1(1.0),A,ITG2,POP1564,2026,62.5,e,,,TIPO_DATO15__POP1564_N1,,,
IT1:22_293_DF_DCIS_INDDEMOG1_1(1.0),A,ITG25,POP1564,2015,66.6,,,,TIPO_DATO15__POP1564_N1,,,
IT1:22_293_DF_DCIS_INDDEMOG1_1(1.0),A,ITG25,POP1564,2016,66.3,,,,TIPO_DATO15__POP1564_N1,,,
IT1:22_293_DF_DCIS_INDDEMOG1_1(1.0),A,ITG25,POP1564,2017,66,,,,TIPO_DATO15__POP1564_N1,,,
IT1:22_293_DF_DCIS_INDDEMOG1_1(1.0),A,ITG25,POP1564,2018,65.7,,,,TIPO_DATO15__POP1564_N1,,,
IT1:22_293_DF_DCIS_INDDEMOG1_1(1.0),A,ITG25,POP1564,2019,65.5,,,,TIPO_DATO15__POP1564_N1,,,
IT1:22_293_DF_DCIS_INDDEMOG1_1(1.0),A,ITG25,POP1564,2020,65.1,,,,TIPO_DATO15__POP1564_N1,,,
IT1:22_293_DF_DCIS_INDDEMOG1_1(1.0),A,ITG25,POP1564,2021,64.5,,,,TIPO_DATO15__POP1564_N1,,,
IT1:22_293_DF_DCIS_INDDEMOG1_1(1.0),A,ITG25,POP1564,2022,64.3,,,,TIPO_DATO15__POP1564_N1,,,
IT1:22_293_DF_DCIS_INDDEMOG1_1(1.0),A,ITG25,POP1564,2023,64.2,,,,TIPO_DATO15__POP1564_N1,,,
IT1:22_293_DF_DCIS_INDDEMOG1_1(1.0),A,ITG25,POP1564,2024,64,,,,TIPO_DATO15__POP1564_N1,,,
IT1:22_293_DF_DCIS_INDDEMOG1_1(1.0),A,ITG25,POP1564,2025,63.8,,,,TIPO_DATO15__POP1564_N1,,,
IT1:22_293_DF_DCIS_INDDEMOG1_1(1.0),A,ITG25,POP1564,2026,63.6,e,,,TIPO_DATO15__POP1564_N1,,,
IT1:22_293_DF_DCIS_INDDEMOG1_1(1.0),A,ITG26,POP1564,2015,65.2,,,,TIPO_DATO15__POP1564_N1,,,
IT1:22_293_DF_DCIS_INDDEMOG1_1(1.0),A,ITG26,POP1564,2016,64.9,,,,TIPO_DATO15__POP1564_N1,,,
IT1:22_293_DF_DCIS_INDDEMOG1_1(1.0),A,ITG26,POP1564,2017,64.7,,,,TIPO_DATO15__POP1564_N1,,,
IT1:22_293_DF_DCIS_INDDEMOG1_1(1.0),A,ITG26,POP1564,2018,64.3,,,,TIPO_DATO15__POP1564_N1,,,
IT1:22_293_DF_DCIS_INDDEMOG1_1(1.0),A,ITG26,POP1564,2019,64,,,,TIPO_DATO15__POP1564_N1,,,
IT1:22_293_DF_DCIS_INDDEMOG1_1(1.0),A,ITG26,POP1564,2020,63.5,,,,TIPO_DATO15__POP1564_N1,,,
IT1:22_293_DF_DCIS_INDDEMOG1_1(1.0),A,ITG26,POP1564,2021,62.8,,,,TIPO_DATO15__POP1564_N1,,,
IT1:22_293_DF_DCIS_INDDEMOG1_1(1.0),A,ITG26,POP1564,2022,62.6,,,,TIPO_DATO15__POP1564_N1,,,
IT1:22_293_DF_DCIS_INDDEMOG1_1(1.0),A,ITG26,POP1564,2023,62.3,,,,TIPO_DATO15__POP1564_N1,,,
IT1:22_293_DF_DCIS_INDDEMOG1_1(1.0),A,ITG26,POP1564,2024,62,,,,TIPO_DATO15__POP1564_N1,,,
IT1:22_293_DF_DCIS_INDDEMOG1_1(1.0),A,ITG26,POP1564,2025,61.7,,,,TIPO_DATO15__POP1564_N1,,,
IT1:22_293_DF_DCIS_INDDEMOG1_1(1.0),A,ITG26,POP1564,2026,61.4,e,,,TIPO_DATO15__POP1564_N1,,,
IT1:22_293_DF_DCIS_INDDEMOG1_1(1.0),A,ITG27,POP1564,2015,67.5,,,,TIPO_DATO15__POP1564_N1,,,
IT1:22_293_DF_DCIS_INDDEMOG1_1(1.0),A,ITG27,POP1564,2016,67.2,,,,TIPO_DATO15__POP1564_N1,,,
IT1:22_293_DF_DCIS_INDDEMOG1_1(1.0),A,ITG27,POP1564,2017,66.8,,,,TIPO_DATO15__POP1564_N1,,,
IT1:22_293_DF_DCIS_INDDEMOG1_1(1.0),A,ITG27,POP1564,2018,66.6,,,,TIPO_DATO15__POP1564_N1,,,
IT1:22_293_DF_DCIS_INDDEMOG1_1(1.0),A,ITG27,POP1564,2019,66.3,,,,TIPO_DATO15__POP1564_N1,,,
IT1:22_293_DF_DCIS_INDDEMOG1_1(1.0),A,ITG27,POP1564,2020,65.8,,,,TIPO_DATO15__POP1564_N1,,,
IT1:22_293_DF_DCIS_INDDEMOG1_1(1.0),A,ITG27,POP1564,2021,65.1,,,,TIPO_DATO15__POP1564_N1,,,
IT1:22_293_DF_DCIS_INDDEMOG1_1(1.0),A,ITG27,POP1564,2022,64.9,,,,TIPO_DATO15__POP1564_N1,,,
IT1:22_293_DF_DCIS_INDDEMOG1_1(1.0),A,ITG27,POP1564,2023,64.7,,,,TIPO_DATO15__POP1564_N1,,,
IT1:22_293_DF_DCIS_INDDEMOG1_1(1.0),A,ITG27,POP1564,2024,64.5,,,,TIPO_DATO15__POP1564_N1,,,
IT1:22_293_DF_DCIS_INDDEMOG1_1(1.0),A,ITG27,POP1564,2025,64.2,,,,TIPO_DATO15__POP1564_N1,,,
IT1:22_293_DF_DCIS_INDDEMOG1_1(1.0),A,ITG27,POP1564,2026,64,e,,,TIPO_DATO15__POP1564_N1,,,
IT1:22_293_DF_DCIS_INDDEMOG1_1(1.0),A,ITG28,POP1564,2015,64.9,,,,TIPO_DATO15__POP1564_N1,,,
IT1:22_293_DF_DCIS_INDDEMOG1_1(1.0),A,ITG28,POP1564,2016,64.5,,,,TIPO_DATO15__POP1564_N1,,,
IT1:22_293_DF_DCIS_INDDEMOG1_1(1.0),A,ITG28,POP1564,2017,64.2,,,,TIPO_DATO15__POP1564_N1,,,
IT1:22_293_DF_DCIS_INDDEMOG1_1(1.0),A,ITG28,POP1564,2018,63.9,,,,TIPO_DATO15__POP1564_N1,,,
IT1:22_293_DF_DCIS_INDDEMOG1_1(1.0),A,ITG28,POP1564,2019,63.4,,,,TIPO_DATO15__POP1564_N1,,,
IT1:22_293_DF_DCIS_INDDEMOG1_1(1.0),A,ITG28,POP1564,2020,62.9,,,,TIPO_DATO15__POP1564_N1,,,
IT1:22_293_DF_DCIS_INDDEMOG1_1(1.0),A,ITG28,POP1564,2021,62.2,,,,TIPO_DATO15__POP1564_N1,,,
IT1:22_293_DF_DCIS_INDDEMOG1_1(1.0),A,ITG28,POP1564,2022,62,,,,TIPO_DATO15__POP1564_N1,,,
IT1:22_293_DF_DCIS_INDDEMOG1_1(1.0),A,ITG28,POP1564,2023,61.7,,,,TIPO_DATO15__POP1564_N1,,,
IT1:22_293_DF_DCIS_INDDEMOG1_1(1.0),A,ITG28,POP1564,2024,61.3,,,,TIPO_DATO15__POP1564_N1,,,
IT1:22_293_DF_DCIS_INDDEMOG1_1(1.0),A,ITG28,POP1564,2025,60.8,,,,TIPO_DATO15__POP1564_N1,,,
IT1:22_293_DF_DCIS_INDDEMOG1_1(1.0),A,ITG28,POP1564,2026,60.6,e,,,TIPO_DATO15__POP1564_N1,,,
