DATAFLOW,FREQ,REF_AREA,DATA_TYPE,TIME_PERIOD,OBS_VALUE,OBS_STATUS,NOTE_DS,NOTE_REF_AREA,NOTE_DATA_TYPE,BASE_PER,UNIT_MEAS,UNIT_MULT
IT1:22_293_DF_DCIS_INDDEMOG1_1(1.0),A,IT,GROWTHRATEN,2015,-2.7,,,,TIPO_DATO15__GROWTHRATEN_N1,,,
IT1:22_293_DF_DCIS_INDDEMOG1_1(1.0),A,IT,GROWTHRATEN,2016,-2.4,,,,TIPO_DATO15__GROWTHRATEN_N1,,,
IT1:22_293_DF_DCIS_INDDEMOG1_1(1.0),A,IT,GROWTHRATEN,2017,-3.2,,,,TIPO_DATO15__GROWTHRATEN_N1,,,
IT1:22_293_DF_DCIS_INDDEMOG1_1(1.0),A,IT,GROWTHRATEN,2018,-3.2,,,,TIPO_DATO15__GROWTHRATEN_N1,,,
IT1:22_293_DF_DCIS_INDDEMOG1_1(1.0),A,IT,GROWTHRATEN,2019,-3.6,,,,TIPO_DATO15__GROWTHRATEN_N1,,,
IT1:22_293_DF_DCIS_INDDEMOG1_1(1.0),A,IT,GROWTHRATEN,2020,-5.6,,,,TIPO_DATO15__GROWTHRATEN_N1,,,
IT1:22_293_DF_DCIS_INDDEMOG1_1(1.0),A,IT,GROWTHRATEN,2021,-5.1,,,,TIPO_DATO15__GROWTHRATEN_N1,,,
IT1:22_293_DF_DCIS_INDDEMOG1_1(1.0),A,IT,GROWTHRATEN,2022,-5.5,,,,TIPO_DATO15__GROWTHRATEN_N1,,,
IT1:22_293_DF_DCIS_INDDEMOG1_1(1.0),A,IT,GROWTHRATEN,2023,-4.9,,,,TIPO_DATO15__GROWTHRATEN_N1,,,
IT1:22_293_DF_DCIS_INDDEMOG1_1(1.0),A,IT,GROWTHRATEN,2024,-4.8,,,,TIPO_DATO15__GROWTHRATEN_N1,,,
IT1:22_293_DF_DCIS_INDDEMOG1_1(1.0),A,IT,GROWTHRATEN,2025,-5,p,,,TIPO_DATO15__GROWTHRATEN_N1,,,
IT1:22_293_DF_DCIS_INDDEMOG1_1(1.0),A,IT108,GROWTHRATEN,2015,-0.5,,,,TIPO_DATO15__GROWTHRATEN_N1,,,
IT1:22_293_DF_DCIS_INDDEMOG1_1(1.0),A,IT108,GROWTHRATEN,2016,-0.3,,,,TIPO_DATO15__GROWTHRATEN_N1,,,
IT1:22_293_DF_DCIS_INDDEMOG1_1(1.0),A,IT108,GROWTHRATEN,2017,-1.1,,,,TIPO_DATO15__GROWTHRATEN_N1,,,
IT1:22_293_DF_DCIS_INDDEMOG1_1(1.0),A,IT108,GROWTHRATEN,2018,-1.8,,,,TIPO_DATO15__GROWTHRATEN_N1,,,
IT1:22_293_DF_DCIS_INDDEMOG1_1(1.0),A,IT108,GROWTHRATEN,2019,-1.9,,,,TIPO_DATO15__GROWTHRATEN_N1,,,
IT1:22_293_DF_DCIS_INDDEMOG1_1(1.0),A,IT108,GROWTHRATEN,2020,-5,,,,TIPO_DATO15__GROWTHRATEN_N1,,,
IT1:22_293_DF_DCIS_INDDEMOG1_1(1.0),A,IT108,GROWTHRATEN,2021,-3.2,,,,TIPO_DATO15__GROWTHRATEN_N1,,,
IT1:22_293_DF_DCIS_INDDEMOG1_1(1.0),A,IT108,GROWTHRATEN,2022,-3.7,,,,TIPO_DATO15__GROWTHRATEN_N1,,,
IT1:22_293_DF_DCIS_INDDEMOG1_1(1.0),A,IT108,GROWTHRATEN,2023,-3.2,,,,TIPO_DATO15__GROWTHRATEN_N1,,,
IT1:22_293_DF_DCIS_INDDEMOG1_1(1.0),A,IT108,GROWTHRATEN,2024,-3.4,,,,TIPO_DATO15__GROWTHRATEN_N1,,,
IT1:22_293_DF_DCIS_INDDEMOG1_1(1.0),A,IT108,GROWTHRATEN,2025,-3.9,p,,,TIPO_DATO15__GROWTHRATEN_N1,,,
IT1:22_293_DF_DCIS_INDDEMOG1_1(1.0),A,IT109,GROWTHRATEN,2015,-4.7,,,,TIPO_DATO15__GROWTHRATEN_N1,,,
IT1:22_293_DF_DCIS_INDDEMOG1_1(1.0),A,IT109,GROWTHRATEN,2016,-4.1,,,,TIPO_DATO15__GROWTHRATEN_N1,,,
IT1:22_293_DF_DCIS_INDDEMOG1_1(1.0),A,IT109,GROWTHRATEN,2017,-6.5,,,,TIPO_DATO15__GROWTHRATEN_N1,,,
IT1:22_293_DF_DCIS_INDDEMOG1_1(1.0),A,IT109,GROWTHRATEN,2018,-4.9,,,,TIPO_DATO15__GROWTHRATEN_N1,,,
IT1:22_293_DF_DCIS_INDDEMOG1_1(1.0),A,IT109,GROWTHRATEN,2019,-6,,,,TIPO_DATO15__GROWTHRATEN_N1,,,
IT1:22_293_DF_DCIS_INDDEMOG1_1(1.0),A,IT109,GROWTHRATEN,2020,-6.8,,,,TIPO_DATO15__GROWTHRATEN_N1,,,
IT1:22_293_DF_DCIS_INDDEMOG1_1(1.0),A,IT109,GROWTHRATEN,2021,-8.1,,,,TIPO_DATO15__GROWTHRATEN_N1,,,
IT1:22_293_DF_DCIS_INDDEMOG1_1(1.0),A,IT109,GROWTHRATEN,2022,-7.3,,,,TIPO_DATO15__GROWTHRATEN_N1,,,
IT1:22_293_DF_DCIS_INDDEMOG1_1(1.0),A,IT109,GROWTHRATEN,2023,-6.9,,,,TIPO_DATO15__GROWTHRATEN_N1,,,
IT1:22_293_DF_DCIS_INDDEMOG1_1(1.0),A,IT109,GROWTHRATEN,2024,-6.8,,,,TIPO_DATO15__GROWTHRATEN_N1,,,
IT1:22_293_DF_DCIS_INDDEMOG1_1(1.0),A,IT109,GROWTHRATEN,2025,-6.9,p,,,TIPO_DATO15__GROWTHRATEN_N1,,,
IT1:22_293_DF_DCIS_INDDEMOG1_1(1.0),A,IT110,GROWTHRATEN,2015,-0.5,,,,TIPO_DATO15__GROWTHRATEN_N1,,,
IT1:22_293_DF_DCIS_INDDEMOG1_1(1.0),A,IT110,GROWTHRATEN,2016,0.3,,,,TIPO_DATO15__GROWTHRATEN_N1,,,
IT1:22_293_DF_DCIS_INDDEMOG1_1(1.0),A,IT110,GROWTHRATEN,2017,-0.8,,,,TIPO_DATO15__GROWTHRATEN_N1,,,
IT1:22_293_DF_DCIS_INDDEMOG1_1(1.0),A,IT110,GROWTHRATEN,2018,-0.8,,,,TIPO_DATO15__GROWTHRATEN_N1,,,
IT1:22_293_DF_DCIS_INDDEMOG1_1(1.0),A,IT110,GROWTHRATEN,2019,-1.3,,,,TIPO_DATO15__GROWTHRATEN_N1,,,
IT1:22_293_DF_DCIS_INDDEMOG1_1(1.0),A,IT110,GROWTHRATEN,2020,-3.3,,,,TIPO_DATO15__GROWTHRATEN_N1,,,
IT1:22_293_DF_DCIS_INDDEMOG1_1(1.0),A,IT110,GROWTHRATEN,2021,-2.8,,,,TIPO_DATO15__GROWTHRATEN_N1,,,
IT1:22_293_DF_DCIS_INDDEMOG1_1(1.0),A,IT110,GROWTHRATEN,2022,-2.6,,,,TIPO_DATO15__GROWTHRATEN_N1,,,
IT1:22_293_DF_DCIS_INDDEMOG1_1(1.0),A,IT110,GROWTHRATEN,2023,-2.6,,,,TIPO_DATO15__GROWTHRATEN_N1,,,
IT1:22_293_DF_DCIS_INDDEMOG1_1(1.0),A,IT110,GROWTHRATEN,2024,-2.5,,,,TIPO_DATO15__GROWTHRATEN_N1,,,
IT1:22_293_DF_DCIS_INDDEMOG1_1(1.0),A,IT110,GROWTHRATEN,2025,-3,p,,,TIPO_DATO15__GROWTHRATEN_N1,,,
IT1:22_293_DF_DCIS_INDDEMOG1_1(1.0),A,IT111,GROWTHRATEN,2015,-4.7,,,,TIPO_DATO15__GROWTHRATEN_N1,,,
IT1:22_293_DF_DCIS_INDDEMOG1_1(1.0),A,IT111,GROWTHRATEN,2016,-4.4,,,,TIPO_DATO15__GROWTHRATEN_N1,,,
IT1:22_293_DF_DCIS_INDDEMOG1_1(1.0),A,IT111,GROWTHRATEN,2017,-5.7,,,,TIPO_DATO15__GROWTHRATEN_N1,,,
IT1:22_293_DF_DCIS_INDDEMOG1_1(1.0),A,IT111,GROWTHRATEN,2018,-5.3,,,,TIPO_DATO15__GROWTHRATEN_N1,,,
IT1:22_293_DF_DCIS_INDDEMOG1_1(1.0),A,IT111,GROWTHRATEN,2019,-6.5,,,,TIPO_DATO15__GROWTHRATEN_N1,,,
IT1:22_293_DF_DCIS_INDDEMOG1_1(1.0),A,IT111,GROWTHRATEN,2020,-7.6,,,,TIPO_DATO15__GROWTHRATEN_N1,,,
IT1:22_293_DF_DCIS_INDDEMOG1_1(1.0),A,IT111,GROWTHRATEN,2021,-8.4,,,,TIPO_DATO15__GROWTHRATEN_N1,,,
IT1:22_293_DF_DCIS_INDDEMOG1_1(1.0),A,IT111,GROWTHRATEN,2022,-9.6,,,,TIPO_DATO15__GROWTHRATEN_N1,,,
IT1:22_293_DF_DCIS_INDDEMOG1_1(1.0),A,IT111,GROWTHRATEN,2023,-9.2,,,,TIPO_DATO15__GROWTHRATEN_N1,,,
IT1:22_293_DF_DCIS_INDDEMOG1_1(1.0),A,IT111,GROWTHRATEN,2024,-9,,,,TIPO_DATO15__GROWTHRATEN_N1,,,
IT1:22_293_DF_DCIS_INDDEMOG1_1(1.0),A,IT111,GROWTHRATEN,2025,-9.2,p,,,TIPO_DATO15__GROWTHRATEN_N1,,,
IT1:22_293_DF_DCIS_INDDEMOG1_1(1.0),A,ITC,GROWTHRATEN,2015,-3.1,,,,TIPO_DATO15__GROWTHRATEN_N1,,,
IT1:22_293_DF_DCIS_INDDEMOG1_1(1.0),A,ITC,GROWTHRATEN,2016,-2.7,,,,TIPO_DATO15__GROWTHRATEN_N1,,,
IT1:22_293_DF_DCIS_INDDEMOG1_1(1.0),A,ITC,GROWTHRATEN,2017,-3.5,,,,TIPO_DATO15__GROWTHRATEN_N1,,,
IT1:22_293_DF_DCIS_INDDEMOG1_1(1.0),A,ITC,GROWTHRATEN,2018,-3.9,,,,TIPO_DATO15__GROWTHRATEN_N1,,,
IT1:22_293_DF_DCIS_INDDEMOG1_1(1.0),A,ITC,GROWTHRATEN,2019,-4.1,,,,TIPO_DATO15__GROWTHRATEN_N1,,,
IT1:22_293_DF_DCIS_INDDEMOG1_1(1.0),A,ITC,GROWTHRATEN,2020,-7.7,,,,TIPO_DATO15__GROWTHRATEN_N1,,,
IT1:22_293_DF_DCIS_INDDEMOG1_1(1.0),A,ITC,GROWTHRATEN,2021,-5.3,,,,TIPO_DATO15__GROWTHRATEN_N1,,,
IT1:22_293_DF_DCIS_INDDEMOG1_1(1.0),A,ITC,GROWTHRATEN,2022,-5.9,,,,TIPO_DATO15__GROWTHRATEN_N1,,,
IT1:22_293_DF_DCIS_INDDEMOG1_1(1.0),A,ITC,GROWTHRATEN,2023,-5.1,,,,TIPO_DATO15__GROWTHRATEN_N1,,,
IT1:22_293_DF_DCIS_INDDEMOG1_1(1.0),A,ITC,GROWTHRATEN,2024,-5,,,,TIPO_DATO15__GROWTHRATEN_N1,,,
IT1:22_293_DF_DCIS_INDDEMOG1_1(1.0),A,ITC,GROWTHRATEN,2025,-5.3,p,,,TIPO_DATO15__GROWTHRATEN_N1,,,
IT1:22_293_DF_DCIS_INDDEMOG1_1(1.0),A,ITC1,GROWTHRATEN,2015,-4.8,,,,TIPO_DATO15__GROWTHRATEN_N1,,,
IT1:22_293_DF_DCIS_INDDEMOG1_1(1.0),A,ITC1,GROWTHRATEN,2016,-4.4,,,,TIPO_DATO15__GROWTHRATEN_N1,,,
IT1:22_293_DF_DCIS_INDDEMOG1_1(1.0),A,ITC1,GROWTHRATEN,2017,-5.2,,,,TIPO_DATO15__GROWTHRATEN_N1,,,
IT1:22_293_DF_DCIS_INDDEMOG1_1(1.0),A,ITC1,GROWTHRATEN,2018,-5.7,,,,TIPO_DATO15__GROWTHRATEN_N1,,,
IT1:22_293_DF_DCIS_INDDEMOG1_1(1.0),A,ITC1,GROWTHRATEN,2019,-5.8,,,,TIPO_DATO15__GROWTHRATEN_N1,,,
IT1:22_293_DF_DCIS_INDDEMOG1_1(1.0),A,ITC1,GROWTHRATEN,2020,-9,,,,TIPO_DATO15__GROWTHRATEN_N1,,,
IT1:22_293_DF_DCIS_INDDEMOG1_1(1.0),A,ITC1,GROWTHRATEN,2021,-7,,,,TIPO_DATO15__GROWTHRATEN_N1,,,
IT1:22_293_DF_DCIS_INDDEMOG1_1(1.0),A,ITC1,GROWTHRATEN,2022,-7.7,,,,TIPO_DATO15__GROWTHRATEN_N1,,,
IT1:22_293_DF_DCIS_INDDEMOG1_1(1.0),A,ITC1,GROWTHRATEN,2023,-6.8,,,,TIPO_DATO15__GROWTHRATEN_N1,,,
IT1:22_293_DF_DCIS_INDDEMOG1_1(1.0),A,ITC1,GROWTHRATEN,2024,-6.6,,,,TIPO_DATO15__GROWTHRATEN_N1,,,
IT1:22_293_DF_DCIS_INDDEMOG1_1(1.0),A,ITC1,GROWTHRATEN,2025,-6.9,p,,,TIPO_DATO15__GROWTHRATEN_N1,,,
IT1:22_293_DF_DCIS_INDDEMOG1_1(1.0),A,ITC11,GROWTHRATEN,2015,-3.8,,,,TIPO_DATO15__GROWTHRATEN_N1,,,
IT1:22_293_DF_DCIS_INDDEMOG1_1(1.0),A,ITC11,GROWTHRATEN,2016,-3.5,,,,TIPO_DATO15__GROWTHRATEN_N1,,,
IT1:22_293_DF_DCIS_INDDEMOG1_1(1.0),A,ITC11,GROWTHRATEN,2017,-4.4,,,,TIPO_DATO15__GROWTHRATEN_N1,,,
IT1:22_293_DF_DCIS_INDDEMOG1_1(1.0),A,ITC11,GROWTHRATEN,2018,-4.9,,,,TIPO_DATO15__GROWTHRATEN_N1,,,
IT1:22_293_DF_DCIS_INDDEMOG1_1(1.0),A,ITC11,GROWTHRATEN,2019,-5.1,,,,TIPO_DATO15__GROWTHRATEN_N1,,,
IT1:22_293_DF_DCIS_INDDEMOG1_1(1.0),A,ITC11,GROWTHRATEN,2020,-8,,,,TIPO_DATO15__GROWTHRATEN_N1,,,
IT1:22_293_DF_DCIS_INDDEMOG1_1(1.0),A,ITC11,GROWTHRATEN,2021,-6.5,,,,TIPO_DATO15__GROWTHRATEN_N1,,,
IT1:22_293_DF_DCIS_INDDEMOG1_1(1.0),A,ITC11,GROWTHRATEN,2022,-7.1,,,,TIPO_DATO15__GROWTHRATEN_N1,,,
IT1:22_293_DF_DCIS_INDDEMOG1_1(1.0),A,ITC11,GROWTHRATEN,2023,-6.4,,,,TIPO_DATO15__GROWTHRATEN_N1,,,
IT1:22_293_DF_DCIS_INDDEMOG1_1(1.0),A,ITC11,GROWTHRATEN,2024,-6.1,,,,TIPO_DATO15__GROWTHRATEN_N1,,,
IT1:22_293_DF_DCIS_INDDEMOG1_1(1.0),A,ITC11,GROWTHRATEN,2025,-6.5,p,,,TIPO_DATO15__GROWTHRATEN_N1,,,
IT1:22_293_DF_DCIS_INDDEMOG1_1(1.0),A,ITC12,GROWTHRATEN,2015,-7.2,,,,TIPO_DATO15__GROWTHRATEN_N1,,,
IT1:22_293_DF_DCIS_INDDEMOG1_1(1.0),A,ITC12,GROWTHRATEN,2016,-6.9,,,,TIPO_DATO15__GROWTHRATEN_N1,,,
IT1:22_293_DF_DCIS_INDDEMOG1_1(1.0),A,ITC12,GROWTHRATEN,2017,-8.4,,,,TIPO_DATO15__GROWTHRATEN_N1,,,
IT1:22_293_DF_DCIS_INDDEMOG1_1(1.0),A,ITC12,GROWTHRATEN,2018,-8.2,,,,TIPO_DATO15__GROWTHRATEN_N1,,,
IT1:22_293_DF_DCIS_INDDEMOG1_1(1.0),A,ITC12,GROWTHRATEN,2019,-8,,,,TIPO_DATO15__GROWTHRATEN_N1,,,
IT1:22_293_DF_DCIS_INDDEMOG1_1(1.0),A,ITC12,GROWTHRATEN,2020,-12.9,,,,TIPO_DATO15__GROWTHRATEN_N1,,,
IT1:22_293_DF_DCIS_INDDEMOG1_1(1.0),A,ITC12,GROWTHRATEN,2021,-9.3,,,,TIPO_DATO15__GROWTHRATEN_N1,,,
IT1:22_293_DF_DCIS_INDDEMOG1_1(1.0),A,ITC12,GROWTHRATEN,2022,-9.4,,,,TIPO_DATO15__GROWTHRATEN_N1,,,
IT1:22_293_DF_DCIS_INDDEMOG1_1(1.0),A,ITC12,GROWTHRATEN,2023,-8.9,,,,TIPO_DATO15__GROWTHRATEN_N1,,,
IT1:22_293_DF_DCIS_INDDEMOG1_1(1.0),A,ITC12,GROWTHRATEN,2024,-8.4,,,,TIPO_DATO15__GROWTHRATEN_N1,,,
IT1:22_293_DF_DCIS_INDDEMOG1_1(1.0),A,ITC12,GROWTHRATEN,2025,-8.6,p,,,TIPO_DATO15__GROWTHRATEN_N1,,,
IT1:22_293_DF_DCIS_INDDEMOG1_1(1.0),A,ITC13,GROWTHRATEN,2015,-8.2,,,,TIPO_DATO15__GROWTHRATEN_N1,,,
IT1:22_293_DF_DCIS_INDDEMOG1_1(1.0),A,ITC13,GROWTHRATEN,2016,-7.7,,,,TIPO_DATO15__GROWTHRATEN_N1,,,
IT1:22_293_DF_DCIS_INDDEMOG1_1(1.0),A,ITC13,GROWTHRATEN,2017,-8.1,,,,TIPO_DATO15__GROWTHRATEN_N1,,,
IT1:22_293_DF_DCIS_INDDEMOG1_1(1.0),A,ITC13,GROWTHRATEN,2018,-8.9,,,,TIPO_DATO15__GROWTHRATEN_N1,,,
IT1:22_293_DF_DCIS_INDDEMOG1_1(1.0),A,ITC13,GROWTHRATEN,2019,-8.3,,,,TIPO_DATO15__GROWTHRATEN_N1,,,
IT1:22_293_DF_DCIS_INDDEMOG1_1(1.0),A,ITC13,GROWTHRATEN,2020,-13,,,,TIPO_DATO15__GROWTHRATEN_N1,,,
IT1:22_293_DF_DCIS_INDDEMOG1_1(1.0),A,ITC13,GROWTHRATEN,2021,-9.8,,,,TIPO_DATO15__GROWTHRATEN_N1,,,
IT1:22_293_DF_DCIS_INDDEMOG1_1(1.0),A,ITC13,GROWTHRATEN,2022,-10.9,,,,TIPO_DATO15__GROWTHRATEN_N1,,,
IT1:22_293_DF_DCIS_INDDEMOG1_1(1.0),A,ITC13,GROWTHRATEN,2023,-9.6,,,,TIPO_DATO15__GROWTHRATEN_N1,,,
IT1:22_293_DF_DCIS_INDDEMOG1_1(1.0),A,ITC13,GROWTHRATEN,2024,-10,,,,TIPO_DATO15__GROWTHRATEN_N1,,,
IT1:22_293_DF_DCIS_INDDEMOG1_1(1.0),A,ITC13,GROWTHRATEN,2025,-9.7,p,,,TIPO_DATO15__GROWTHRATEN_N1,,,
IT1:22_293_DF_DCIS_INDDEMOG1_1(1.0),A,ITC14,GROWTHRATEN,2015,-6.6,,,,TIPO_DATO15__GROWTHRATEN_N1,,,
IT1:22_293_DF_DCIS_INDDEMOG1_1(1.0),A,ITC14,GROWTHRATEN,2016,-5.5,,,,TIPO_DATO15__GROWTHRATEN_N1,,,
IT1:22_293_DF_DCIS_INDDEMOG1_1(1.0),A,ITC14,GROWTHRATEN,2017,-7,,,,TIPO_DATO15__GROWTHRATEN_N1,,,
IT1:22_293_DF_DCIS_INDDEMOG1_1(1.0),A,ITC14,GROWTHRATEN,2018,-6.9,,,,TIPO_DATO15__GROWTHRATEN_N1,,,
IT1:22_293_DF_DCIS_INDDEMOG1_1(1.0),A,ITC14,GROWTHRATEN,2019,-7,,,,TIPO_DATO15__GROWTHRATEN_N1,,,
IT1:22_293_DF_DCIS_INDDEMOG1_1(1.0),A,ITC14,GROWTHRATEN,2020,-9.3,,,,TIPO_DATO15__GROWTHRATEN_N1,,,
IT1:22_293_DF_DCIS_INDDEMOG1_1(1.0),A,ITC14,GROWTHRATEN,2021,-7.5,,,,TIPO_DATO15__GROWTHRATEN_N1,,,
IT1:22_293_DF_DCIS_INDDEMOG1_1(1.0),A,ITC14,GROWTHRATEN,2022,-9.6,,,,TIPO_DATO15__GROWTHRATEN_N1,,,
IT1:22_293_DF_DCIS_INDDEMOG1_1(1.0),A,ITC14,GROWTHRATEN,2023,-8.7,,,,TIPO_DATO15__GROWTHRATEN_N1,,,
IT1:22_293_DF_DCIS_INDDEMOG1_1(1.0),A,ITC14,GROWTHRATEN,2024,-8.1,,,,TIPO_DATO15__GROWTHRATEN_N1,,,
IT1:22_293_DF_DCIS_INDDEMOG1_1(1.0),A,ITC14,GROWTHRATEN,2025,-8.4,p,,,TIPO_DATO15__GROWTHRATEN_N1,,,
IT1:22_293_DF_DCIS_INDDEMOG1_1(1.0),A,ITC15,GROWTHRATEN,2015,-3.6,,,,TIPO_DATO15__GROWTHRATEN_N1,,,
IT1:22_293_DF_DCIS_INDDEMOG1_1(1.0),A,ITC15,GROWTHRATEN,2016,-3.3,,,,TIPO_DATO15__GROWTHRATEN_N1,,,
IT1:22_293_DF_DCIS_INDDEMOG1_1(1.0),A,ITC15,GROWTHRATEN,2017,-3.7,,,,TIPO_DATO15__GROWTHRATEN_N1,,,
IT1:22_293_DF_DCIS_INDDEMOG1_1(1.0),A,ITC15,GROWTHRATEN,2018,-4.7,,,,TIPO_DATO15__GROWTHRATEN_N1,,,
IT1:22_293_DF_DCIS_INDDEMOG1_1(1.0),A,ITC15,GROWTHRATEN,2019,-4.6,,,,TIPO_DATO15__GROWTHRATEN_N1,,,
IT1:22_293_DF_DCIS_INDDEMOG1_1(1.0),A,ITC15,GROWTHRATEN,2020,-7.6,,,,TIPO_DATO15__GROWTHRATEN_N1,,,
IT1:22_293_DF_DCIS_INDDEMOG1_1(1.0),A,ITC15,GROWTHRATEN,2021,-5.6,,,,TIPO_DATO15__GROWTHRATEN_N1,,,
IT1:22_293_DF_DCIS_INDDEMOG1_1(1.0),A,ITC15,GROWTHRATEN,2022,-6.4,,,,TIPO_DATO15__GROWTHRATEN_N1,,,
IT1:22_293_DF_DCIS_INDDEMOG1_1(1.0),A,ITC15,GROWTHRATEN,2023,-5.3,,,,TIPO_DATO15__GROWTHRATEN_N1,,,
IT1:22_293_DF_DCIS_INDDEMOG1_1(1.0),A,ITC15,GROWTHRATEN,2024,-5.4,,,,TIPO_DATO15__GROWTHRATEN_N1,,,
IT1:22_293_DF_DCIS_INDDEMOG1_1(1.0),A,ITC15,GROWTHRATEN,2025,-5.6,p,,,TIPO_DATO15__GROWTHRATEN_N1,,,
IT1:22_293_DF_DCIS_INDDEMOG1_1(1.0),A,ITC16,GROWTHRATEN,2015,-3.9,,,,TIPO_DATO15__GROWTHRATEN_N1,,,
IT1:22_293_DF_DCIS_INDDEMOG1_1(1.0),A,ITC16,GROWTHRATEN,2016,-3.3,,,,TIPO_DATO15__GROWTHRATEN_N1,,,
IT1:22_293_DF_DCIS_INDDEMOG1_1(1.0),A,ITC16,GROWTHRATEN,2017,-4,,,,TIPO_DATO15__GROWTHRATEN_N1,,,
IT1:22_293_DF_DCIS_INDDEMOG1_1(1.0),A,ITC16,GROWTHRATEN,2018,-4.5,,,,TIPO_DATO15__GROWTHRATEN_N1,,,
IT1:22_293_DF_DCIS_INDDEMOG1_1(1.0),A,ITC16,GROWTHRATEN,2019,-4.7,,,,TIPO_DATO15__GROWTHRATEN_N1,,,
IT1:22_293_DF_DCIS_INDDEMOG1_1(1.0),A,ITC16,GROWTHRATEN,2020,-7.4,,,,TIPO_DATO15__GROWTHRATEN_N1,,,
IT1:22_293_DF_DCIS_INDDEMOG1_1(1.0),A,ITC16,GROWTHRATEN,2021,-5.5,,,,TIPO_DATO15__GROWTHRATEN_N1,,,
IT1:22_293_DF_DCIS_INDDEMOG1_1(1.0),A,ITC16,GROWTHRATEN,2022,-6.2,,,,TIPO_DATO15__GROWTHRATEN_N1,,,
IT1:22_293_DF_DCIS_INDDEMOG1_1(1.0),A,ITC16,GROWTHRATEN,2023,-5.2,,,,TIPO_DATO15__GROWTHRATEN_N1,,,
IT1:22_293_DF_DCIS_INDDEMOG1_1(1.0),A,ITC16,GROWTHRATEN,2024,-5.2,,,,TIPO_DATO15__GROWTHRATEN_N1,,,
IT1:22_293_DF_DCIS_INDDEMOG1_1(1.0),A,ITC16,GROWTHRATEN,2025,-5.4,p,,,TIPO_DATO15__GROWTHRATEN_N1,,,
IT1:22_293_DF_DCIS_INDDEMOG1_1(1.0),A,ITC17,GROWTHRATEN,2015,-6.8,,,,TIPO_DATO15__GROWTHRATEN_N1,,,
IT1:22_293_DF_DCIS_INDDEMOG1_1(1.0),A,ITC17,GROWTHRATEN,2016,-6.4,,,,TIPO_DATO15__GROWTHRATEN_N1,,,
IT1:22_293_DF_DCIS_INDDEMOG1_1(1.0),A,ITC17,GROWTHRATEN,2017,-6.9,,,,TIPO_DATO15__GROWTHRATEN_N1,,,
IT1:22_293_DF_DCIS_INDDEMOG1_1(1.0),A,ITC17,GROWTHRATEN,2018,-7.6,,,,TIPO_DATO15__GROWTHRATEN_N1,,,
IT1:22_293_DF_DCIS_INDDEMOG1_1(1.0),A,ITC17,GROWTHRATEN,2019,-7.8,,,,TIPO_DATO15__GROWTHRATEN_N1,,,
IT1:22_293_DF_DCIS_INDDEMOG1_1(1.0),A,ITC17,GROWTHRATEN,2020,-11.6,,,,TIPO_DATO15__GROWTHRATEN_N1,,,
IT1:22_293_DF_DCIS_INDDEMOG1_1(1.0),A,ITC17,GROWTHRATEN,2021,-9.1,,,,TIPO_DATO15__GROWTHRATEN_N1,,,
IT1:22_293_DF_DCIS_INDDEMOG1_1(1.0),A,ITC17,GROWTHRATEN,2022,-9.4,,,,TIPO_DATO15__GROWTHRATEN_N1,,,
IT1:22_293_DF_DCIS_INDDEMOG1_1(1.0),A,ITC17,GROWTHRATEN,2023,-7.9,,,,TIPO_DATO15__GROWTHRATEN_N1,,,
IT1:22_293_DF_DCIS_INDDEMOG1_1(1.0),A,ITC17,GROWTHRATEN,2024,-7.2,,,,TIPO_DATO15__GROWTHRATEN_N1,,,
IT1:22_293_DF_DCIS_INDDEMOG1_1(1.0),A,ITC17,GROWTHRATEN,2025,-7.9,p,,,TIPO_DATO15__GROWTHRATEN_N1,,,
IT1:22_293_DF_DCIS_INDDEMOG1_1(1.0),A,ITC18,GROWTHRATEN,2015,-8.3,,,,TIPO_DATO15__GROWTHRATEN_N1,,,
IT1:22_293_DF_DCIS_INDDEMOG1_1(1.0),A,ITC18,GROWTHRATEN,2016,-7.9,,,,TIPO_DATO15__GROWTHRATEN_N1,,,
IT1:22_293_DF_DCIS_INDDEMOG1_1(1.0),A,ITC18,GROWTHRATEN,2017,-8.5,,,,TIPO_DATO15__GROWTHRATEN_N1,,,
IT1:22_293_DF_DCIS_INDDEMOG1_1(1.0),A,ITC18,GROWTHRATEN,2018,-8.8,,,,TIPO_DATO15__GROWTHRATEN_N1,,,
IT1:22_293_DF_DCIS_INDDEMOG1_1(1.0),A,ITC18,GROWTHRATEN,2019,-9.2,,,,TIPO_DATO15__GROWTHRATEN_N1,,,
IT1:22_293_DF_DCIS_INDDEMOG1_1(1.0),A,ITC18,GROWTHRATEN,2020,-13.4,,,,TIPO_DATO15__GROWTHRATEN_N1,,,
IT1:22_293_DF_DCIS_INDDEMOG1_1(1.0),A,ITC18,GROWTHRATEN,2021,-9.7,,,,TIPO_DATO15__GROWTHRATEN_N1,,,
IT1:22_293_DF_DCIS_INDDEMOG1_1(1.0),A,ITC18,GROWTHRATEN,2022,-10.7,,,,TIPO_DATO15__GROWTHRATEN_N1,,,
IT1:22_293_DF_DCIS_INDDEMOG1_1(1.0),A,ITC18,GROWTHRATEN,2023,-9.5,,,,TIPO_DATO15__GROWTHRATEN_N1,,,
IT1:22_293_DF_DCIS_INDDEMOG1_1(1.0),A,ITC18,GROWTHRATEN,2024,-9.3,,,,TIPO_DATO15__GROWTHRATEN_N1,,,
IT1:22_293_DF_DCIS_INDDEMOG1_1(1.0),A,ITC18,GROWTHRATEN,2025,-9.2,p,,,TIPO_DATO15__GROWTHRATEN_N1,,,
IT1:22_293_DF_DCIS_INDDEMOG1_1(1.0),A,ITC2,GROWTHRATEN,2015,-4.1,,,,TIPO_DATO15__GROWTHRATEN_N1,,,
IT1:22_293_DF_DCIS_INDDEMOG1_1(1.0),A,ITC2,GROWTHRATEN,2016,-3.3,,,,TIPO_DATO15__GROWTHRATEN_N1,,,
IT1:22_293_DF_DCIS_INDDEMOG1_1(1.0),A,ITC2,GROWTHRATEN,2017,-4.3,,,,TIPO_DATO15__GROWTHRATEN_N1,,,
IT1:22_293_DF_DCIS_INDDEMOG1_1(1.0),A,ITC2,GROWTHRATEN,2018,-4.6,,,,TIPO_DATO15__GROWTHRATEN_N1,,,
IT1:22_293_DF_DCIS_INDDEMOG1_1(1.0),A,ITC2,GROWTHRATEN,2019,-4.4,,,,TIPO_DATO15__GROWTHRATEN_N1,,,
IT1:22_293_DF_DCIS_INDDEMOG1_1(1.0),A,ITC2,GROWTHRATEN,2020,-8.3,,,,TIPO_DATO15__GROWTHRATEN_N1,,,
IT1:22_293_DF_DCIS_INDDEMOG1_1(1.0),A,ITC2,GROWTHRATEN,2021,-6.1,,,,TIPO_DATO15__GROWTHRATEN_N1,,,
IT1:22_293_DF_DCIS_INDDEMOG1_1(1.0),A,ITC2,GROWTHRATEN,2022,-6.1,,,,TIPO_DATO15__GROWTHRATEN_N1,,,
IT1:22_293_DF_DCIS_INDDEMOG1_1(1.0),A,ITC2,GROWTHRATEN,2023,-5.3,,,,TIPO_DATO15__GROWTHRATEN_N1,,,
IT1:22_293_DF_DCIS_INDDEMOG1_1(1.0),A,ITC2,GROWTHRATEN,2024,-6.4,,,,TIPO_DATO15__GROWTHRATEN_N1,,,
IT1:22_293_DF_DCIS_INDDEMOG1_1(1.0),A,ITC2,GROWTHRATEN,2025,-5.5,p,,,TIPO_DATO15__GROWTHRATEN_N1,,,
IT1:22_293_DF_DCIS_INDDEMOG1_1(1.0),A,ITC20,GROWTHRATEN,2015,-4.1,,,,TIPO_DATO15__GROWTHRATEN_N1,,,
IT1:22_293_DF_DCIS_INDDEMOG1_1(1.0),A,ITC20,GROWTHRATEN,2016,-3.3,,,,TIPO_DATO15__GROWTHRATEN_N1,,,
IT1:22_293_DF_DCIS_INDDEMOG1_1(1.0),A,ITC20,GROWTHRATEN,2017,-4.3,,,,TIPO_DATO15__GROWTHRATEN_N1,,,
IT1:22_293_DF_DCIS_INDDEMOG1_1(1.0),A,ITC20,GROWTHRATEN,2018,-4.6,,,,TIPO_DATO15__GROWTHRATEN_N1,,,
IT1:22_293_DF_DCIS_INDDEMOG1_1(1.0),A,ITC20,GROWTHRATEN,2019,-4.4,,,,TIPO_DATO15__GROWTHRATEN_N1,,,
IT1:22_293_DF_DCIS_INDDEMOG1_1(1.0),A,ITC20,GROWTHRATEN,2020,-8.3,,,,TIPO_DATO15__GROWTHRATEN_N1,,,
IT1:22_293_DF_DCIS_INDDEMOG1_1(1.0),A,ITC20,GROWTHRATEN,2021,-6.1,,,,TIPO_DATO15__GROWTHRATEN_N1,,,
IT1:22_293_DF_DCIS_INDDEMOG1_1(1.0),A,ITC20,GROWTHRATEN,2022,-6.1,,,,TIPO_DATO15__GROWTHRATEN_N1,,,
IT1:22_293_DF_DCIS_INDDEMOG1_1(1.0),A,ITC20,GROWTHRATEN,2023,-5.3,,,,TIPO_DATO15__GROWTHRATEN_N1,,,
IT1:22_293_DF_DCIS_INDDEMOG1_1(1.0),A,ITC20,GROWTHRATEN,2024,-6.4,,,,TIPO_DATO15__GROWTHRATEN_N1,,,
IT1:22_293_DF_DCIS_INDDEMOG1_1(1.0),A,ITC20,GROWTHRATEN,2025,-5.5,p,,,TIPO_DATO15__GROWTHRATEN_N1,,,
IT1:22_293_DF_DCIS_INDDEMOG1_1(1.0),A,ITC3,GROWTHRATEN,2015,-7.9,,,,TIPO_DATO15__GROWTHRATEN_N1,,,
IT1:22_293_DF_DCIS_INDDEMOG1_1(1.0),A,ITC3,GROWTHRATEN,2016,-7,,,,TIPO_DATO15__GROWTHRATEN_N1,,,
IT1:22_293_DF_DCIS_INDDEMOG1_1(1.0),A,ITC3,GROWTHRATEN,2017,-8.1,,,,TIPO_DATO15__GROWTHRATEN_N1,,,
IT1:22_293_DF_DCIS_INDDEMOG1_1(1.0),A,ITC3,GROWTHRATEN,2018,-8.6,,,,TIPO_DATO15__GROWTHRATEN_N1,,,
IT1:22_293_DF_DCIS_INDDEMOG1_1(1.0),A,ITC3,GROWTHRATEN,2019,-8.2,,,,TIPO_DATO15__GROWTHRATEN_N1,,,
IT1:22_293_DF_DCIS_INDDEMOG1_1(1.0),A,ITC3,GROWTHRATEN,2020,-11.2,,,,TIPO_DATO15__GROWTHRATEN_N1,,,
IT1:22_293_DF_DCIS_INDDEMOG1_1(1.0),A,ITC3,GROWTHRATEN,2021,-9.3,,,,TIPO_DATO15__GROWTHRATEN_N1,,,
IT1:22_293_DF_DCIS_INDDEMOG1_1(1.0),A,ITC3,GROWTHRATEN,2022,-10.2,,,,TIPO_DATO15__GROWTHRATEN_N1,,,
IT1:22_293_DF_DCIS_INDDEMOG1_1(1.0),A,ITC3,GROWTHRATEN,2023,-8.8,,,,TIPO_DATO15__GROWTHRATEN_N1,,,
IT1:22_293_DF_DCIS_INDDEMOG1_1(1.0),A,ITC3,GROWTHRATEN,2024,-8.4,,,,TIPO_DATO15__GROWTHRATEN_N1,,,
IT1:22_293_DF_DCIS_INDDEMOG1_1(1.0),A,ITC3,GROWTHRATEN,2025,-8.6,p,,,TIPO_DATO15__GROWTHRATEN_N1,,,
IT1:22_293_DF_DCIS_INDDEMOG1_1(1.0),A,ITC31,GROWTHRATEN,2015,-7,,,,TIPO_DATO15__GROWTHRATEN_N1,,,
IT1:22_293_DF_DCIS_INDDEMOG1_1(1.0),A,ITC31,GROWTHRATEN,2016,-6.6,,,,TIPO_DATO15__GROWTHRATEN_N1,,,
IT1:22_293_DF_DCIS_INDDEMOG1_1(1.0),A,ITC31,GROWTHRATEN,2017,-7.7,,,,TIPO_DATO15__GROWTHRATEN_N1,,,
IT1:22_293_DF_DCIS_INDDEMOG1_1(1.0),A,ITC31,GROWTHRATEN,2018,-8.5,,,,TIPO_DATO15__GROWTHRATEN_N1,,,
IT1:22_293_DF_DCIS_INDDEMOG1_1(1.0),A,ITC31,GROWTHRATEN,2019,-7.9,,,,TIPO_DATO15__GROWTHRATEN_N1,,,
IT1:22_293_DF_DCIS_INDDEMOG1_1(1.0),A,ITC31,GROWTHRATEN,2020,-9.9,,,,TIPO_DATO15__GROWTHRATEN_N1,,,
IT1:22_293_DF_DCIS_INDDEMOG1_1(1.0),A,ITC31,GROWTHRATEN,2021,-9.2,,,,TIPO_DATO15__GROWTHRATEN_N1,,,
IT1:22_293_DF_DCIS_INDDEMOG1_1(1.0),A,ITC31,GROWTHRATEN,2022,-10.3,,,,TIPO_DATO15__GROWTHRATEN_N1,,,
IT1:22_293_DF_DCIS_INDDEMOG1_1(1.0),A,ITC31,GROWTHRATEN,2023,-9.2,,,,TIPO_DATO15__GROWTHRATEN_N1,,,
IT1:22_293_DF_DCIS_INDDEMOG1_1(1.0),A,ITC31,GROWTHRATEN,2024,-8.1,,,,TIPO_DATO15__GROWTHRATEN_N1,,,
IT1:22_293_DF_DCIS_INDDEMOG1_1(1.0),A,ITC31,GROWTHRATEN,2025,-9,p,,,TIPO_DATO15__GROWTHRATEN_N1,,,
IT1:22_293_DF_DCIS_INDDEMOG1_1(1.0),A,ITC32,GROWTHRATEN,2015,-8.1,,,,TIPO_DATO15__GROWTHRATEN_N1,,,
IT1:22_293_DF_DCIS_INDDEMOG1_1(1.0),A,ITC32,GROWTHRATEN,2016,-7.5,,,,TIPO_DATO15__GROWTHRATEN_N1,,,
IT1:22_293_DF_DCIS_INDDEMOG1_1(1.0),A,ITC32,GROWTHRATEN,2017,-8.9,,,,TIPO_DATO15__GROWTHRATEN_N1,,,
IT1:22_293_DF_DCIS_INDDEMOG1_1(1.0),A,ITC32,GROWTHRATEN,2018,-9.2,,,,TIPO_DATO15__GROWTHRATEN_N1,,,
IT1:22_293_DF_DCIS_INDDEMOG1_1(1.0),A,ITC32,GROWTHRATEN,2019,-8.8,,,,TIPO_DATO15__GROWTHRATEN_N1,,,
IT1:22_293_DF_DCIS_INDDEMOG1_1(1.0),A,ITC32,GROWTHRATEN,2020,-11.3,,,,TIPO_DATO15__GROWTHRATEN_N1,,,
IT1:22_293_DF_DCIS_INDDEMOG1_1(1.0),A,ITC32,GROWTHRATEN,2021,-10.4,,,,TIPO_DATO15__GROWTHRATEN_N1,,,
IT1:22_293_DF_DCIS_INDDEMOG1_1(1.0),A,ITC32,GROWTHRATEN,2022,-10.9,,,,TIPO_DATO15__GROWTHRATEN_N1,,,
IT1:22_293_DF_DCIS_INDDEMOG1_1(1.0),A,ITC32,GROWTHRATEN,2023,-9.9,,,,TIPO_DATO15__GROWTHRATEN_N1,,,
IT1:22_293_DF_DCIS_INDDEMOG1_1(1.0),A,ITC32,GROWTHRATEN,2024,-9.5,,,,TIPO_DATO15__GROWTHRATEN_N1,,,
IT1:22_293_DF_DCIS_INDDEMOG1_1(1.0),A,ITC32,GROWTHRATEN,2025,-9.7,p,,,TIPO_DATO15__GROWTHRATEN_N1,,,
IT1:22_293_DF_DCIS_INDDEMOG1_1(1.0),A,ITC33,GROWTHRATEN,2015,-8.1,,,,TIPO_DATO15__GROWTHRATEN_N1,,,
IT1:22_293_DF_DCIS_INDDEMOG1_1(1.0),A,ITC33,GROWTHRATEN,2016,-7.3,,,,TIPO_DATO15__GROWTHRATEN_N1,,,
IT1:22_293_DF_DCIS_INDDEMOG1_1(1.0),A,ITC33,GROWTHRATEN,2017,-8.3,,,,TIPO_DATO15__GROWTHRATEN_N1,,,
IT1:22_293_DF_DCIS_INDDEMOG1_1(1.0),A,ITC33,GROWTHRATEN,2018,-8.6,,,,TIPO_DATO15__GROWTHRATEN_N1,,,
IT1:22_293_DF_DCIS_INDDEMOG1_1(1.0),A,ITC33,GROWTHRATEN,2019,-8.4,,,,TIPO_DATO15__GROWTHRATEN_N1,,,
IT1:22_293_DF_DCIS_INDDEMOG1_1(1.0),A,ITC33,GROWTHRATEN,2020,-11.8,,,,TIPO_DATO15__GROWTHRATEN_N1,,,
IT1:22_293_DF_DCIS_INDDEMOG1_1(1.0),A,ITC33,GROWTHRATEN,2021,-9,,,,TIPO_DATO15__GROWTHRATEN_N1,,,
IT1:22_293_DF_DCIS_INDDEMOG1_1(1.0),A,ITC33,GROWTHRATEN,2022,-10.2,,,,TIPO_DATO15__GROWTHRATEN_N1,,,
IT1:22_293_DF_DCIS_INDDEMOG1_1(1.0),A,ITC33,GROWTHRATEN,2023,-8.6,,,,TIPO_DATO15__GROWTHRATEN_N1,,,
IT1:22_293_DF_DCIS_INDDEMOG1_1(1.0),A,ITC33,GROWTHRATEN,2024,-8.3,,,,TIPO_DATO15__GROWTHRATEN_N1,,,
IT1:22_293_DF_DCIS_INDDEMOG1_1(1.0),A,ITC33,GROWTHRATEN,2025,-8.2,p,,,TIPO_DATO15__GROWTHRATEN_N1,,,
IT1:22_293_DF_DCIS_INDDEMOG1_1(1.0),A,ITC34,GROWTHRATEN,2015,-7.5,,,,TIPO_DATO15__GROWTHRATEN_N1,,,
IT1:22_293_DF_DCIS_INDDEMOG1_1(1.0),A,ITC34,GROWTHRATEN,2016,-6,,,,TIPO_DATO15__GROWTHRATEN_N1,,,
IT1:22_293_DF_DCIS_INDDEMOG1_1(1.0),A,ITC34,GROWTHRATEN,2017,-7.1,,,,TIPO_DATO15__GROWTHRATEN_N1,,,
IT1:22_293_DF_DCIS_INDDEMOG1_1(1.0),A,ITC34,GROWTHRATEN,2018,-7.8,,,,TIPO_DATO15__GROWTHRATEN_N1,,,
IT1:22_293_DF_DCIS_INDDEMOG1_1(1.0),A,ITC34,GROWTHRATEN,2019,-7.3,,,,TIPO_DATO15__GROWTHRATEN_N1,,,
IT1:22_293_DF_DCIS_INDDEMOG1_1(1.0),A,ITC34,GROWTHRATEN,2020,-9.8,,,,TIPO_DATO15__GROWTHRATEN_N1,,,
IT1:22_293_DF_DCIS_INDDEMOG1_1(1.0),A,ITC34,GROWTHRATEN,2021,-8.6,,,,TIPO_DATO15__GROWTHRATEN_N1,,,
IT1:22_293_DF_DCIS_INDDEMOG1_1(1.0),A,ITC34,GROWTHRATEN,2022,-9.6,,,,TIPO_DATO15__GROWTHRATEN_N1,,,
IT1:22_293_DF_DCIS_INDDEMOG1_1(1.0),A,ITC34,GROWTHRATEN,2023,-7.9,,,,TIPO_DATO15__GROWTHRATEN_N1,,,
IT1:22_293_DF_DCIS_INDDEMOG1_1(1.0),A,ITC34,GROWTHRATEN,2024,-7.8,,,,TIPO_DATO15__GROWTHRATEN_N1,,,
IT1:22_293_DF_DCIS_INDDEMOG1_1(1.0),A,ITC34,GROWTHRATEN,2025,-8.3,p,,,TIPO_DATO15__GROWTHRATEN_N1,,,
IT1:22_293_DF_DCIS_INDDEMOG1_1(1.0),A,ITC4,GROWTHRATEN,2015,-1.5,,,,TIPO_DATO15__GROWTHRATEN_N1,,,
IT1:22_293_DF_DCIS_INDDEMOG1_1(1.0),A,ITC4,GROWTHRATEN,2016,-1.3,,,,TIPO_DATO15__GROWTHRATEN_N1,,,
IT1:22_293_DF_DCIS_INDDEMOG1_1(1.0),A,ITC4,GROWTHRATEN,2017,-2,,,,TIPO_DATO15__GROWTHRATEN_N1,,,
IT1:22_293_DF_DCIS_INDDEMOG1_1(1.0),A,ITC4,GROWTHRATEN,2018,-2.4,,,,TIPO_DATO15__GROWTHRATEN_N1,,,
IT1:22_293_DF_DCIS_INDDEMOG1_1(1.0),A,ITC4,GROWTHRATEN,2019,-2.7,,,,TIPO_DATO15__GROWTHRATEN_N1,,,
IT1:22_293_DF_DCIS_INDDEMOG1_1(1.0),A,ITC4,GROWTHRATEN,2020,-6.6,,,,TIPO_DATO15__GROWTHRATEN_N1,,,
IT1:22_293_DF_DCIS_INDDEMOG1_1(1.0),A,ITC4,GROWTHRATEN,2021,-3.9,,,,TIPO_DATO15__GROWTHRATEN_N1,,,
IT1:22_293_DF_DCIS_INDDEMOG1_1(1.0),A,ITC4,GROWTHRATEN,2022,-4.5,,,,TIPO_DATO15__GROWTHRATEN_N1,,,
IT1:22_293_DF_DCIS_INDDEMOG1_1(1.0),A,ITC4,GROWTHRATEN,2023,-3.8,,,,TIPO_DATO15__GROWTHRATEN_N1,,,
IT1:22_293_DF_DCIS_INDDEMOG1_1(1.0),A,ITC4,GROWTHRATEN,2024,-3.8,,,,TIPO_DATO15__GROWTHRATEN_N1,,,
IT1:22_293_DF_DCIS_INDDEMOG1_1(1.0),A,ITC4,GROWTHRATEN,2025,-4.1,p,,,TIPO_DATO15__GROWTHRATEN_N1,,,
IT1:22_293_DF_DCIS_INDDEMOG1_1(1.0),A,ITC41,GROWTHRATEN,2015,-2,,,,TIPO_DATO15__GROWTHRATEN_N1,,,
IT1:22_293_DF_DCIS_INDDEMOG1_1(1.0),A,ITC41,GROWTHRATEN,2016,-1.8,,,,TIPO_DATO15__GROWTHRATEN_N1,,,
IT1:22_293_DF_DCIS_INDDEMOG1_1(1.0),A,ITC41,GROWTHRATEN,2017,-2.7,,,,TIPO_DATO15__GROWTHRATEN_N1,,,
IT1:22_293_DF_DCIS_INDDEMOG1_1(1.0),A,ITC41,GROWTHRATEN,2018,-3.1,,,,TIPO_DATO15__GROWTHRATEN_N1,,,
IT1:22_293_DF_DCIS_INDDEMOG1_1(1.0),A,ITC41,GROWTHRATEN,2019,-3.3,,,,TIPO_DATO15__GROWTHRATEN_N1,,,
IT1:22_293_DF_DCIS_INDDEMOG1_1(1.0),A,ITC41,GROWTHRATEN,2020,-6.6,,,,TIPO_DATO15__GROWTHRATEN_N1,,,
IT1:22_293_DF_DCIS_INDDEMOG1_1(1.0),A,ITC41,GROWTHRATEN,2021,-4.9,,,,TIPO_DATO15__GROWTHRATEN_N1,,,
IT1:22_293_DF_DCIS_INDDEMOG1_1(1.0),A,ITC41,GROWTHRATEN,2022,-5.3,,,,TIPO_DATO15__GROWTHRATEN_N1,,,
IT1:22_293_DF_DCIS_INDDEMOG1_1(1.0),A,ITC41,GROWTHRATEN,2023,-4.7,,,,TIPO_DATO15__GROWTHRATEN_N1,,,
IT1:22_293_DF_DCIS_INDDEMOG1_1(1.0),A,ITC41,GROWTHRATEN,2024,-4.6,,,,TIPO_DATO15__GROWTHRATEN_N1,,,
IT1:22_293_DF_DCIS_INDDEMOG1_1(1.0),A,ITC41,GROWTHRATEN,2025,-4.8,p,,,TIPO_DATO15__GROWTHRATEN_N1,,,
IT1:22_293_DF_DCIS_INDDEMOG1_1(1.0),A,ITC42,GROWTHRATEN,2015,-1.5,,,,TIPO_DATO15__GROWTHRATEN_N1,,,
IT1:22_293_DF_DCIS_INDDEMOG1_1(1.0),A,ITC42,GROWTHRATEN,2016,-1.4,,,,TIPO_DATO15__GROWTHRATEN_N1,,,
IT1:22_293_DF_DCIS_INDDEMOG1_1(1.0),A,ITC42,GROWTHRATEN,2017,-2.5,,,,TIPO_DATO15__GROWTHRATEN_N1,,,
IT1:22_293_DF_DCIS_INDDEMOG1_1(1.0),A,ITC42,GROWTHRATEN,2018,-2.9,,,,TIPO_DATO15__GROWTHRATEN_N1,,,
IT1:22_293_DF_DCIS_INDDEMOG1_1(1.0),A,ITC42,GROWTHRATEN,2019,-3.2,,,,TIPO_DATO15__GROWTHRATEN_N1,,,
IT1:22_293_DF_DCIS_INDDEMOG1_1(1.0),A,ITC42,GROWTHRATEN,2020,-6.4,,,,TIPO_DATO15__GROWTHRATEN_N1,,,
IT1:22_293_DF_DCIS_INDDEMOG1_1(1.0),A,ITC42,GROWTHRATEN,2021,-4.6,,,,TIPO_DATO15__GROWTHRATEN_N1,,,
IT1:22_293_DF_DCIS_INDDEMOG1_1(1.0),A,ITC42,GROWTHRATEN,2022,-5.1,,,,TIPO_DATO15__GROWTHRATEN_N1,,,
IT1:22_293_DF_DCIS_INDDEMOG1_1(1.0),A,ITC42,GROWTHRATEN,2023,-4.1,,,,TIPO_DATO15__GROWTHRATEN_N1,,,
IT1:22_293_DF_DCIS_INDDEMOG1_1(1.0),A,ITC42,GROWTHRATEN,2024,-4.1,,,,TIPO_DATO15__GROWTHRATEN_N1,,,
IT1:22_293_DF_DCIS_INDDEMOG1_1(1.0),A,ITC42,GROWTHRATEN,2025,-4.5,p,,,TIPO_DATO15__GROWTHRATEN_N1,,,
IT1:22_293_DF_DCIS_INDDEMOG1_1(1.0),A,ITC43,GROWTHRATEN,2015,-1.8,,,,TIPO_DATO15__GROWTHRATEN_N1,,,
IT1:22_293_DF_DCIS_INDDEMOG1_1(1.0),A,ITC43,GROWTHRATEN,2016,-1.8,,,,TIPO_DATO15__GROWTHRATEN_N1,,,
IT1:22_293_DF_DCIS_INDDEMOG1_1(1.0),A,ITC43,GROWTHRATEN,2017,-2.1,,,,TIPO_DATO15__GROWTHRATEN_N1,,,
IT1:22_293_DF_DCIS_INDDEMOG1_1(1.0),A,ITC43,GROWTHRATEN,2018,-2.9,,,,TIPO_DATO15__GROWTHRATEN_N1,,,
IT1:22_293_DF_DCIS_INDDEMOG1_1(1.0),A,ITC43,GROWTHRATEN,2019,-3.2,,,,TIPO_DATO15__GROWTHRATEN_N1,,,
IT1:22_293_DF_DCIS_INDDEMOG1_1(1.0),A,ITC43,GROWTHRATEN,2020,-7.2,,,,TIPO_DATO15__GROWTHRATEN_N1,,,
IT1:22_293_DF_DCIS_INDDEMOG1_1(1.0),A,ITC43,GROWTHRATEN,2021,-5,,,,TIPO_DATO15__GROWTHRATEN_N1,,,
IT1:22_293_DF_DCIS_INDDEMOG1_1(1.0),A,ITC43,GROWTHRATEN,2022,-5.2,,,,TIPO_DATO15__GROWTHRATEN_N1,,,
IT1:22_293_DF_DCIS_INDDEMOG1_1(1.0),A,ITC43,GROWTHRATEN,2023,-4.3,,,,TIPO_DATO15__GROWTHRATEN_N1,,,
IT1:22_293_DF_DCIS_INDDEMOG1_1(1.0),A,ITC43,GROWTHRATEN,2024,-4.2,,,,TIPO_DATO15__GROWTHRATEN_N1,,,
IT1:22_293_DF_DCIS_INDDEMOG1_1(1.0),A,ITC43,GROWTHRATEN,2025,-5.1,p,,,TIPO_DATO15__GROWTHRATEN_N1,,,
IT1:22_293_DF_DCIS_INDDEMOG1_1(1.0),A,ITC44,GROWTHRATEN,2015,-2.4,,,,TIPO_DATO15__GROWTHRATEN_N1,,,
IT1:22_293_DF_DCIS_INDDEMOG1_1(1.0),A,ITC44,GROWTHRATEN,2016,-2.4,,,,TIPO_DATO15__GROWTHRATEN_N1,,,
IT1:22_293_DF_DCIS_INDDEMOG1_1(1.0),A,ITC44,GROWTHRATEN,2017,-3.3,,,,TIPO_DATO15__GROWTHRATEN_N1,,,
IT1:22_293_DF_DCIS_INDDEMOG1_1(1.0),A,ITC44,GROWTHRATEN,2018,-3.8,,,,TIPO_DATO15__GROWTHRATEN_N1,,,
IT1:22_293_DF_DCIS_INDDEMOG1_1(1.0),A,ITC44,GROWTHRATEN,2019,-4.1,,,,TIPO_DATO15__GROWTHRATEN_N1,,,
IT1:22_293_DF_DCIS_INDDEMOG1_1(1.0),A,ITC44,GROWTHRATEN,2020,-7.5,,,,TIPO_DATO15__GROWTHRATEN_N1,,,
IT1:22_293_DF_DCIS_INDDEMOG1_1(1.0),A,ITC44,GROWTHRATEN,2021,-4.7,,,,TIPO_DATO15__GROWTHRATEN_N1,,,
IT1:22_293_DF_DCIS_INDDEMOG1_1(1.0),A,ITC44,GROWTHRATEN,2022,-5.4,,,,TIPO_DATO15__GROWTHRATEN_N1,,,
IT1:22_293_DF_DCIS_INDDEMOG1_1(1.0),A,ITC44,GROWTHRATEN,2023,-5,,,,TIPO_DATO15__GROWTHRATEN_N1,,,
IT1:22_293_DF_DCIS_INDDEMOG1_1(1.0),A,ITC44,GROWTHRATEN,2024,-5.2,,,,TIPO_DATO15__GROWTHRATEN_N1,,,
IT1:22_293_DF_DCIS_INDDEMOG1_1(1.0),A,ITC44,GROWTHRATEN,2025,-5.7,p,,,TIPO_DATO15__GROWTHRATEN_N1,,,
IT1:22_293_DF_DCIS_INDDEMOG1_1(1.0),A,ITC45,GROWTHRATEN,2015,-1.2,,,,TIPO_DATO15__GROWTHRATEN_N1,,,
IT1:22_293_DF_DCIS_INDDEMOG1_1(1.0),A,ITC45,GROWTHRATEN,2016,-0.8,,,,TIPO_DATO15__GROWTHRATEN_N1,,,
IT1:22_293_DF_DCIS_INDDEMOG1_1(1.0),A,ITC45,GROWTHRATEN,2017,-1.5,,,,TIPO_DATO15__GROWTHRATEN_N1,,,
IT1:22_293_DF_DCIS_INDDEMOG1_1(1.0),A,ITC45,GROWTHRATEN,2018,-1.7,,,,TIPO_DATO15__GROWTHRATEN_N1,,,
IT1:22_293_DF_DCIS_INDDEMOG1_1(1.0),A,ITC45,GROWTHRATEN,2019,-2.2,,,,TIPO_DATO15__GROWTHRATEN_N1,,,
IT1:22_293_DF_DCIS_INDDEMOG1_1(1.0),A,ITC45,GROWTHRATEN,2020,-5.5,,,,TIPO_DATO15__GROWTHRATEN_N1,,,
IT1:22_293_DF_DCIS_INDDEMOG1_1(1.0),A,ITC45,GROWTHRATEN,2021,-3.2,,,,TIPO_DATO15__GROWTHRATEN_N1,,,
IT1:22_293_DF_DCIS_INDDEMOG1_1(1.0),A,ITC45,GROWTHRATEN,2022,-3.9,,,,TIPO_DATO15__GROWTHRATEN_N1,,,
IT1:22_293_DF_DCIS_INDDEMOG1_1(1.0),A,ITC45,GROWTHRATEN,2023,-3.4,,,,TIPO_DATO15__GROWTHRATEN_N1,,,
IT1:22_293_DF_DCIS_INDDEMOG1_1(1.0),A,ITC45,GROWTHRATEN,2024,-3.2,,,,TIPO_DATO15__GROWTHRATEN_N1,,,
IT1:22_293_DF_DCIS_INDDEMOG1_1(1.0),A,ITC45,GROWTHRATEN,2025,-3.4,p,,,TIPO_DATO15__GROWTHRATEN_N1,,,
IT1:22_293_DF_DCIS_INDDEMOG1_1(1.0),A,ITC46,GROWTHRATEN,2015,-0.6,,,,TIPO_DATO15__GROWTHRATEN_N1,,,
IT1:22_293_DF_DCIS_INDDEMOG1_1(1.0),A,ITC46,GROWTHRATEN,2016,-0.2,,,,TIPO_DATO15__GROWTHRATEN_N1,,,
IT1:22_293_DF_DCIS_INDDEMOG1_1(1.0),A,ITC46,GROWTHRATEN,2017,-1,,,,TIPO_DATO15__GROWTHRATEN_N1,,,
IT1:22_293_DF_DCIS_INDDEMOG1_1(1.0),A,ITC46,GROWTHRATEN,2018,-1.3,,,,TIPO_DATO15__GROWTHRATEN_N1,,,
IT1:22_293_DF_DCIS_INDDEMOG1_1(1.0),A,ITC46,GROWTHRATEN,2019,-1.7,,,,TIPO_DATO15__GROWTHRATEN_N1,,,
IT1:22_293_DF_DCIS_INDDEMOG1_1(1.0),A,ITC46,GROWTHRATEN,2020,-7.7,,,,TIPO_DATO15__GROWTHRATEN_N1,,,
IT1:22_293_DF_DCIS_INDDEMOG1_1(1.0),A,ITC46,GROWTHRATEN,2021,-2.3,,,,TIPO_DATO15__GROWTHRATEN_N1,,,
IT1:22_293_DF_DCIS_INDDEMOG1_1(1.0),A,ITC46,GROWTHRATEN,2022,-3.8,,,,TIPO_DATO15__GROWTHRATEN_N1,,,
IT1:22_293_DF_DCIS_INDDEMOG1_1(1.0),A,ITC46,GROWTHRATEN,2023,-3.1,,,,TIPO_DATO15__GROWTHRATEN_N1,,,
IT1:22_293_DF_DCIS_INDDEMOG1_1(1.0),A,ITC46,GROWTHRATEN,2024,-3,,,,TIPO_DATO15__GROWTHRATEN_N1,,,
IT1:22_293_DF_DCIS_INDDEMOG1_1(1.0),A,ITC46,GROWTHRATEN,2025,-3.4,p,,,TIPO_DATO15__GROWTHRATEN_N1,,,
IT1:22_293_DF_DCIS_INDDEMOG1_1(1.0),A,ITC47,GROWTHRATEN,2015,-0.6,,,,TIPO_DATO15__GROWTHRATEN_N1,,,
IT1:22_293_DF_DCIS_INDDEMOG1_1(1.0),A,ITC47,GROWTHRATEN,2016,-0.4,,,,TIPO_DATO15__GROWTHRATEN_N1,,,
IT1:22_293_DF_DCIS_INDDEMOG1_1(1.0),A,ITC47,GROWTHRATEN,2017,-1.3,,,,TIPO_DATO15__GROWTHRATEN_N1,,,
IT1:22_293_DF_DCIS_INDDEMOG1_1(1.0),A,ITC47,GROWTHRATEN,2018,-1.7,,,,TIPO_DATO15__GROWTHRATEN_N1,,,
IT1:22_293_DF_DCIS_INDDEMOG1_1(1.0),A,ITC47,GROWTHRATEN,2019,-2,,,,TIPO_DATO15__GROWTHRATEN_N1,,,
IT1:22_293_DF_DCIS_INDDEMOG1_1(1.0),A,ITC47,GROWTHRATEN,2020,-5.9,,,,TIPO_DATO15__GROWTHRATEN_N1,,,
IT1:22_293_DF_DCIS_INDDEMOG1_1(1.0),A,ITC47,GROWTHRATEN,2021,-3.5,,,,TIPO_DATO15__GROWTHRATEN_N1,,,
IT1:22_293_DF_DCIS_INDDEMOG1_1(1.0),A,ITC47,GROWTHRATEN,2022,-3.4,,,,TIPO_DATO15__GROWTHRATEN_N1,,,
IT1:22_293_DF_DCIS_INDDEMOG1_1(1.0),A,ITC47,GROWTHRATEN,2023,-2.7,,,,TIPO_DATO15__GROWTHRATEN_N1,,,
IT1:22_293_DF_DCIS_INDDEMOG1_1(1.0),A,ITC47,GROWTHRATEN,2024,-3,,,,TIPO_DATO15__GROWTHRATEN_N1,,,
IT1:22_293_DF_DCIS_INDDEMOG1_1(1.0),A,ITC47,GROWTHRATEN,2025,-3.2,p,,,TIPO_DATO15__GROWTHRATEN_N1,,,
IT1:22_293_DF_DCIS_INDDEMOG1_1(1.0),A,ITC48,GROWTHRATEN,2015,-5.3,,,,TIPO_DATO15__GROWTHRATEN_N1,,,
IT1:22_293_DF_DCIS_INDDEMOG1_1(1.0),A,ITC48,GROWTHRATEN,2016,-5,,,,TIPO_DATO15__GROWTHRATEN_N1,,,
IT1:22_293_DF_DCIS_INDDEMOG1_1(1.0),A,ITC48,GROWTHRATEN,2017,-6.1,,,,TIPO_DATO15__GROWTHRATEN_N1,,,
IT1:22_293_DF_DCIS_INDDEMOG1_1(1.0),A,ITC48,GROWTHRATEN,2018,-5.8,,,,TIPO_DATO15__GROWTHRATEN_N1,,,
IT1:22_293_DF_DCIS_INDDEMOG1_1(1.0),A,ITC48,GROWTHRATEN,2019,-6.2,,,,TIPO_DATO15__GROWTHRATEN_N1,,,
IT1:22_293_DF_DCIS_INDDEMOG1_1(1.0),A,ITC48,GROWTHRATEN,2020,-10.9,,,,TIPO_DATO15__GROWTHRATEN_N1,,,
IT1:22_293_DF_DCIS_INDDEMOG1_1(1.0),A,ITC48,GROWTHRATEN,2021,-7.6,,,,TIPO_DATO15__GROWTHRATEN_N1,,,
IT1:22_293_DF_DCIS_INDDEMOG1_1(1.0),A,ITC48,GROWTHRATEN,2022,-8,,,,TIPO_DATO15__GROWTHRATEN_N1,,,
IT1:22_293_DF_DCIS_INDDEMOG1_1(1.0),A,ITC48,GROWTHRATEN,2023,-7.4,,,,TIPO_DATO15__GROWTHRATEN_N1,,,
IT1:22_293_DF_DCIS_INDDEMOG1_1(1.0),A,ITC48,GROWTHRATEN,2024,-7.1,,,,TIPO_DATO15__GROWTHRATEN_N1,,,
IT1:22_293_DF_DCIS_INDDEMOG1_1(1.0),A,ITC48,GROWTHRATEN,2025,-6.9,p,,,TIPO_DATO15__GROWTHRATEN_N1,,,
IT1:22_293_DF_DCIS_INDDEMOG1_1(1.0),A,ITC49,GROWTHRATEN,2015,-1.6,,,,TIPO_DATO15__GROWTHRATEN_N1,,,
IT1:22_293_DF_DCIS_INDDEMOG1_1(1.0),A,ITC49,GROWTHRATEN,2016,-0.9,,,,TIPO_DATO15__GROWTHRATEN_N1,,,
IT1:22_293_DF_DCIS_INDDEMOG1_1(1.0),A,ITC49,GROWTHRATEN,2017,-1.6,,,,TIPO_DATO15__GROWTHRATEN_N1,,,
IT1:22_293_DF_DCIS_INDDEMOG1_1(1.0),A,ITC49,GROWTHRATEN,2018,-2.5,,,,TIPO_DATO15__GROWTHRATEN_N1,,,
IT1:22_293_DF_DCIS_INDDEMOG1_1(1.0),A,ITC49,GROWTHRATEN,2019,-2.1,,,,TIPO_DATO15__GROWTHRATEN_N1,,,
IT1:22_293_DF_DCIS_INDDEMOG1_1(1.0),A,ITC49,GROWTHRATEN,2020,-7.9,,,,TIPO_DATO15__GROWTHRATEN_N1,,,
IT1:22_293_DF_DCIS_INDDEMOG1_1(1.0),A,ITC49,GROWTHRATEN,2021,-3.4,,,,TIPO_DATO15__GROWTHRATEN_N1,,,
IT1:22_293_DF_DCIS_INDDEMOG1_1(1.0),A,ITC49,GROWTHRATEN,2022,-4.1,,,,TIPO_DATO15__GROWTHRATEN_N1,,,
IT1:22_293_DF_DCIS_INDDEMOG1_1(1.0),A,ITC49,GROWTHRATEN,2023,-3.5,,,,TIPO_DATO15__GROWTHRATEN_N1,,,
IT1:22_293_DF_DCIS_INDDEMOG1_1(1.0),A,ITC49,GROWTHRATEN,2024,-3.3,,,,TIPO_DATO15__GROWTHRATEN_N1,,,
IT1:22_293_DF_DCIS_INDDEMOG1_1(1.0),A,ITC49,GROWTHRATEN,2025,-4.6,p,,,TIPO_DATO15__GROWTHRATEN_N1,,,
IT1:22_293_DF_DCIS_INDDEMOG1_1(1.0),A,ITC4A,GROWTHRATEN,2015,-4,,,,TIPO_DATO15__GROWTHRATEN_N1,,,
IT1:22_293_DF_DCIS_INDDEMOG1_1(1.0),A,ITC4A,GROWTHRATEN,2016,-4.2,,,,TIPO_DATO15__GROWTHRATEN_N1,,,
IT1:22_293_DF_DCIS_INDDEMOG1_1(1.0),A,ITC4A,GROWTHRATEN,2017,-4.1,,,,TIPO_DATO15__GROWTHRATEN_N1,,,
IT1:22_293_DF_DCIS_INDDEMOG1_1(1.0),A,ITC4A,GROWTHRATEN,2018,-4.5,,,,TIPO_DATO15__GROWTHRATEN_N1,,,
IT1:22_293_DF_DCIS_INDDEMOG1_1(1.0),A,ITC4A,GROWTHRATEN,2019,-4.2,,,,TIPO_DATO15__GROWTHRATEN_N1,,,
IT1:22_293_DF_DCIS_INDDEMOG1_1(1.0),A,ITC4A,GROWTHRATEN,2020,-11.1,,,,TIPO_DATO15__GROWTHRATEN_N1,,,
IT1:22_293_DF_DCIS_INDDEMOG1_1(1.0),A,ITC4A,GROWTHRATEN,2021,-5.2,,,,TIPO_DATO15__GROWTHRATEN_N1,,,
IT1:22_293_DF_DCIS_INDDEMOG1_1(1.0),A,ITC4A,GROWTHRATEN,2022,-6.2,,,,TIPO_DATO15__GROWTHRATEN_N1,,,
IT1:22_293_DF_DCIS_INDDEMOG1_1(1.0),A,ITC4A,GROWTHRATEN,2023,-5.4,,,,TIPO_DATO15__GROWTHRATEN_N1,,,
IT1:22_293_DF_DCIS_INDDEMOG1_1(1.0),A,ITC4A,GROWTHRATEN,2024,-5.5,,,,TIPO_DATO15__GROWTHRATEN_N1,,,
IT1:22_293_DF_DCIS_INDDEMOG1_1(1.0),A,ITC4A,GROWTHRATEN,2025,-5.8,p,,,TIPO_DATO15__GROWTHRATEN_N1,,,
IT1:22_293_DF_DCIS_INDDEMOG1_1(1.0),A,ITC4B,GROWTHRATEN,2015,-3.4,,,,TIPO_DATO15__GROWTHRATEN_N1,,,
IT1:22_293_DF_DCIS_INDDEMOG1_1(1.0),A,ITC4B,GROWTHRATEN,2016,-2.9,,,,TIPO_DATO15__GROWTHRATEN_N1,,,
IT1:22_293_DF_DCIS_INDDEMOG1_1(1.0),A,ITC4B,GROWTHRATEN,2017,-3.8,,,,TIPO_DATO15__GROWTHRATEN_N1,,,
IT1:22_293_DF_DCIS_INDDEMOG1_1(1.0),A,ITC4B,GROWTHRATEN,2018,-4.1,,,,TIPO_DATO15__GROWTHRATEN_N1,,,
IT1:22_293_DF_DCIS_INDDEMOG1_1(1.0),A,ITC4B,GROWTHRATEN,2019,-4.5,,,,TIPO_DATO15__GROWTHRATEN_N1,,,
IT1:22_293_DF_DCIS_INDDEMOG1_1(1.0),A,ITC4B,GROWTHRATEN,2020,-7.5,,,,TIPO_DATO15__GROWTHRATEN_N1,,,
IT1:22_293_DF_DCIS_INDDEMOG1_1(1.0),A,ITC4B,GROWTHRATEN,2021,-6,,,,TIPO_DATO15__GROWTHRATEN_N1,,,
IT1:22_293_DF_DCIS_INDDEMOG1_1(1.0),A,ITC4B,GROWTHRATEN,2022,-6.1,,,,TIPO_DATO15__GROWTHRATEN_N1,,,
IT1:22_293_DF_DCIS_INDDEMOG1_1(1.0),A,ITC4B,GROWTHRATEN,2023,-5.7,,,,TIPO_DATO15__GROWTHRATEN_N1,,,
IT1:22_293_DF_DCIS_INDDEMOG1_1(1.0),A,ITC4B,GROWTHRATEN,2024,-5.5,,,,TIPO_DATO15__GROWTHRATEN_N1,,,
IT1:22_293_DF_DCIS_INDDEMOG1_1(1.0),A,ITC4B,GROWTHRATEN,2025,-5.3,p,,,TIPO_DATO15__GROWTHRATEN_N1,,,
IT1:22_293_DF_DCIS_INDDEMOG1_1(1.0),A,ITCD,GROWTHRATEN,2015,-2.9,,,,TIPO_DATO15__GROWTHRATEN_N1,,,
IT1:22_293_DF_DCIS_INDDEMOG1_1(1.0),A,ITCD,GROWTHRATEN,2016,-2.6,,,,TIPO_DATO15__GROWTHRATEN_N1,,,
IT1:22_293_DF_DCIS_INDDEMOG1_1(1.0),A,ITCD,GROWTHRATEN,2017,-3.4,,,,TIPO_DATO15__GROWTHRATEN_N1,,,
IT1:22_293_DF_DCIS_INDDEMOG1_1(1.0),A,ITCD,GROWTHRATEN,2018,-3.6,,,,TIPO_DATO15__GROWTHRATEN_N1,,,
IT1:22_293_DF_DCIS_INDDEMOG1_1(1.0),A,ITCD,GROWTHRATEN,2019,-3.9,,,,TIPO_DATO15__GROWTHRATEN_N1,,,
IT1:22_293_DF_DCIS_INDDEMOG1_1(1.0),A,ITCD,GROWTHRATEN,2020,-6.9,,,,TIPO_DATO15__GROWTHRATEN_N1,,,
IT1:22_293_DF_DCIS_INDDEMOG1_1(1.0),A,ITCD,GROWTHRATEN,2021,-5.1,,,,TIPO_DATO15__GROWTHRATEN_N1,,,
IT1:22_293_DF_DCIS_INDDEMOG1_1(1.0),A,ITCD,GROWTHRATEN,2022,-5.6,,,,TIPO_DATO15__GROWTHRATEN_N1,,,
IT1:22_293_DF_DCIS_INDDEMOG1_1(1.0),A,ITCD,GROWTHRATEN,2023,-4.9,,,,TIPO_DATO15__GROWTHRATEN_N1,,,
IT1:22_293_DF_DCIS_INDDEMOG1_1(1.0),A,ITCD,GROWTHRATEN,2024,-4.8,,,,TIPO_DATO15__GROWTHRATEN_N1,,,
IT1:22_293_DF_DCIS_INDDEMOG1_1(1.0),A,ITCD,GROWTHRATEN,2025,-5.1,p,,,TIPO_DATO15__GROWTHRATEN_N1,,,
IT1:22_293_DF_DCIS_INDDEMOG1_1(1.0),A,ITD,GROWTHRATEN,2015,-2.7,,,,TIPO_DATO15__GROWTHRATEN_N1,,,
IT1:22_293_DF_DCIS_INDDEMOG1_1(1.0),A,ITD,GROWTHRATEN,2016,-2.5,,,,TIPO_DATO15__GROWTHRATEN_N1,,,
IT1:22_293_DF_DCIS_INDDEMOG1_1(1.0),A,ITD,GROWTHRATEN,2017,-3.2,,,,TIPO_DATO15__GROWTHRATEN_N1,,,
IT1:22_293_DF_DCIS_INDDEMOG1_1(1.0),A,ITD,GROWTHRATEN,2018,-3.2,,,,TIPO_DATO15__GROWTHRATEN_N1,,,
IT1:22_293_DF_DCIS_INDDEMOG1_1(1.0),A,ITD,GROWTHRATEN,2019,-3.6,,,,TIPO_DATO15__GROWTHRATEN_N1,,,
IT1:22_293_DF_DCIS_INDDEMOG1_1(1.0),A,ITD,GROWTHRATEN,2020,-5.7,,,,TIPO_DATO15__GROWTHRATEN_N1,,,
IT1:22_293_DF_DCIS_INDDEMOG1_1(1.0),A,ITD,GROWTHRATEN,2021,-4.9,,,,TIPO_DATO15__GROWTHRATEN_N1,,,
IT1:22_293_DF_DCIS_INDDEMOG1_1(1.0),A,ITD,GROWTHRATEN,2022,-5.1,,,,TIPO_DATO15__GROWTHRATEN_N1,,,
IT1:22_293_DF_DCIS_INDDEMOG1_1(1.0),A,ITD,GROWTHRATEN,2023,-4.5,,,,TIPO_DATO15__GROWTHRATEN_N1,,,
IT1:22_293_DF_DCIS_INDDEMOG1_1(1.0),A,ITD,GROWTHRATEN,2024,-4.5,,,,TIPO_DATO15__GROWTHRATEN_N1,,,
IT1:22_293_DF_DCIS_INDDEMOG1_1(1.0),A,ITD,GROWTHRATEN,2025,-4.7,p,,,TIPO_DATO15__GROWTHRATEN_N1,,,
IT1:22_293_DF_DCIS_INDDEMOG1_1(1.0),A,ITD1,GROWTHRATEN,2015,1.9,,,,TIPO_DATO15__GROWTHRATEN_N1,,,
IT1:22_293_DF_DCIS_INDDEMOG1_1(1.0),A,ITD1,GROWTHRATEN,2016,2.3,,,,TIPO_DATO15__GROWTHRATEN_N1,,,
IT1:22_293_DF_DCIS_INDDEMOG1_1(1.0),A,ITD1,GROWTHRATEN,2017,1.8,,,,TIPO_DATO15__GROWTHRATEN_N1,,,
IT1:22_293_DF_DCIS_INDDEMOG1_1(1.0),A,ITD1,GROWTHRATEN,2018,1.7,,,,TIPO_DATO15__GROWTHRATEN_N1,,,
IT1:22_293_DF_DCIS_INDDEMOG1_1(1.0),A,ITD1,GROWTHRATEN,2019,1.5,,,,TIPO_DATO15__GROWTHRATEN_N1,,,
IT1:22_293_DF_DCIS_INDDEMOG1_1(1.0),A,ITD1,GROWTHRATEN,2020,-0.5,,,,TIPO_DATO15__GROWTHRATEN_N1,,,
IT1:22_293_DF_DCIS_INDDEMOG1_1(1.0),A,ITD1,GROWTHRATEN,2021,0.4,,,,TIPO_DATO15__GROWTHRATEN_N1,,,
IT1:22_293_DF_DCIS_INDDEMOG1_1(1.0),A,ITD1,GROWTHRATEN,2022,-0.6,,,,TIPO_DATO15__GROWTHRATEN_N1,,,
IT1:22_293_DF_DCIS_INDDEMOG1_1(1.0),A,ITD1,GROWTHRATEN,2023,0.2,,,,TIPO_DATO15__GROWTHRATEN_N1,,,
IT1:22_293_DF_DCIS_INDDEMOG1_1(1.0),A,ITD1,GROWTHRATEN,2024,0,,,,TIPO_DATO15__GROWTHRATEN_N1,,,
IT1:22_293_DF_DCIS_INDDEMOG1_1(1.0),A,ITD1,GROWTHRATEN,2025,-0.2,p,,,TIPO_DATO15__GROWTHRATEN_N1,,,
IT1:22_293_DF_DCIS_INDDEMOG1_1(1.0),A,ITD10,GROWTHRATEN,2015,1.9,,,,TIPO_DATO15__GROWTHRATEN_N1,,,
IT1:22_293_DF_DCIS_INDDEMOG1_1(1.0),A,ITD10,GROWTHRATEN,2016,2.3,,,,TIPO_DATO15__GROWTHRATEN_N1,,,
IT1:22_293_DF_DCIS_INDDEMOG1_1(1.0),A,ITD10,GROWTHRATEN,2017,1.8,,,,TIPO_DATO15__GROWTHRATEN_N1,,,
IT1:22_293_DF_DCIS_INDDEMOG1_1(1.0),A,ITD10,GROWTHRATEN,2018,1.7,,,,TIPO_DATO15__GROWTHRATEN_N1,,,
IT1:22_293_DF_DCIS_INDDEMOG1_1(1.0),A,ITD10,GROWTHRATEN,2019,1.5,,,,TIPO_DATO15__GROWTHRATEN_N1,,,
IT1:22_293_DF_DCIS_INDDEMOG1_1(1.0),A,ITD10,GROWTHRATEN,2020,-0.5,,,,TIPO_DATO15__GROWTHRATEN_N1,,,
IT1:22_293_DF_DCIS_INDDEMOG1_1(1.0),A,ITD10,GROWTHRATEN,2021,0.4,,,,TIPO_DATO15__GROWTHRATEN_N1,,,
IT1:22_293_DF_DCIS_INDDEMOG1_1(1.0),A,ITD10,GROWTHRATEN,2022,-0.6,,,,TIPO_DATO15__GROWTHRATEN_N1,,,
IT1:22_293_DF_DCIS_INDDEMOG1_1(1.0),A,ITD10,GROWTHRATEN,2023,0.2,,,,TIPO_DATO15__GROWTHRATEN_N1,,,
IT1:22_293_DF_DCIS_INDDEMOG1_1(1.0),A,ITD10,GROWTHRATEN,2024,0,,,,TIPO_DATO15__GROWTHRATEN_N1,,,
IT1:22_293_DF_DCIS_INDDEMOG1_1(1.0),A,ITD10,GROWTHRATEN,2025,-0.2,p,,,TIPO_DATO15__GROWTHRATEN_N1,,,
IT1:22_293_DF_DCIS_INDDEMOG1_1(1.0),A,ITD2,GROWTHRATEN,2015,-0.4,,,,TIPO_DATO15__GROWTHRATEN_N1,,,
IT1:22_293_DF_DCIS_INDDEMOG1_1(1.0),A,ITD2,GROWTHRATEN,2016,-0.6,,,,TIPO_DATO15__GROWTHRATEN_N1,,,
IT1:22_293_DF_DCIS_INDDEMOG1_1(1.0),A,ITD2,GROWTHRATEN,2017,-1,,,,TIPO_DATO15__GROWTHRATEN_N1,,,
IT1:22_293_DF_DCIS_INDDEMOG1_1(1.0),A,ITD2,GROWTHRATEN,2018,-1.2,,,,TIPO_DATO15__GROWTHRATEN_N1,,,
IT1:22_293_DF_DCIS_INDDEMOG1_1(1.0),A,ITD2,GROWTHRATEN,2019,-1.5,,,,TIPO_DATO15__GROWTHRATEN_N1,,,
IT1:22_293_DF_DCIS_INDDEMOG1_1(1.0),A,ITD2,GROWTHRATEN,2020,-4.6,,,,TIPO_DATO15__GROWTHRATEN_N1,,,
IT1:22_293_DF_DCIS_INDDEMOG1_1(1.0),A,ITD2,GROWTHRATEN,2021,-2.2,,,,TIPO_DATO15__GROWTHRATEN_N1,,,
IT1:22_293_DF_DCIS_INDDEMOG1_1(1.0),A,ITD2,GROWTHRATEN,2022,-2.6,,,,TIPO_DATO15__GROWTHRATEN_N1,,,
IT1:22_293_DF_DCIS_INDDEMOG1_1(1.0),A,ITD2,GROWTHRATEN,2023,-2.5,,,,TIPO_DATO15__GROWTHRATEN_N1,,,
IT1:22_293_DF_DCIS_INDDEMOG1_1(1.0),A,ITD2,GROWTHRATEN,2024,-2.7,,,,TIPO_DATO15__GROWTHRATEN_N1,,,
IT1:22_293_DF_DCIS_INDDEMOG1_1(1.0),A,ITD2,GROWTHRATEN,2025,-2.7,p,,,TIPO_DATO15__GROWTHRATEN_N1,,,
IT1:22_293_DF_DCIS_INDDEMOG1_1(1.0),A,ITD20,GROWTHRATEN,2015,-0.4,,,,TIPO_DATO15__GROWTHRATEN_N1,,,
IT1:22_293_DF_DCIS_INDDEMOG1_1(1.0),A,ITD20,GROWTHRATEN,2016,-0.6,,,,TIPO_DATO15__GROWTHRATEN_N1,,,
IT1:22_293_DF_DCIS_INDDEMOG1_1(1.0),A,ITD20,GROWTHRATEN,2017,-1,,,,TIPO_DATO15__GROWTHRATEN_N1,,,
IT1:22_293_DF_DCIS_INDDEMOG1_1(1.0),A,ITD20,GROWTHRATEN,2018,-1.2,,,,TIPO_DATO15__GROWTHRATEN_N1,,,
IT1:22_293_DF_DCIS_INDDEMOG1_1(1.0),A,ITD20,GROWTHRATEN,2019,-1.5,,,,TIPO_DATO15__GROWTHRATEN_N1,,,
IT1:22_293_DF_DCIS_INDDEMOG1_1(1.0),A,ITD20,GROWTHRATEN,2020,-4.6,,,,TIPO_DATO15__GROWTHRATEN_N1,,,
IT1:22_293_DF_DCIS_INDDEMOG1_1(1.0),A,ITD20,GROWTHRATEN,2021,-2.2,,,,TIPO_DATO15__GROWTHRATEN_N1,,,
IT1:22_293_DF_DCIS_INDDEMOG1_1(1.0),A,ITD20,GROWTHRATEN,2022,-2.6,,,,TIPO_DATO15__GROWTHRATEN_N1,,,
IT1:22_293_DF_DCIS_INDDEMOG1_1(1.0),A,ITD20,GROWTHRATEN,2023,-2.5,,,,TIPO_DATO15__GROWTHRATEN_N1,,,
IT1:22_293_DF_DCIS_INDDEMOG1_1(1.0),A,ITD20,GROWTHRATEN,2024,-2.7,,,,TIPO_DATO15__GROWTHRATEN_N1,,,
IT1:22_293_DF_DCIS_INDDEMOG1_1(1.0),A,ITD20,GROWTHRATEN,2025,-2.7,p,,,TIPO_DATO15__GROWTHRATEN_N1,,,
IT1:22_293_DF_DCIS_INDDEMOG1_1(1.0),A,ITD3,GROWTHRATEN,2015,-2.2,,,,TIPO_DATO15__GROWTHRATEN_N1,,,
IT1:22_293_DF_DCIS_INDDEMOG1_1(1.0),A,ITD3,GROWTHRATEN,2016,-2,,,,TIPO_DATO15__GROWTHRATEN_N1,,,
IT1:22_293_DF_DCIS_INDDEMOG1_1(1.0),A,ITD3,GROWTHRATEN,2017,-2.6,,,,TIPO_DATO15__GROWTHRATEN_N1,,,
IT1:22_293_DF_DCIS_INDDEMOG1_1(1.0),A,ITD3,GROWTHRATEN,2018,-2.8,,,,TIPO_DATO15__GROWTHRATEN_N1,,,
IT1:22_293_DF_DCIS_INDDEMOG1_1(1.0),A,ITD3,GROWTHRATEN,2019,-3.1,,,,TIPO_DATO15__GROWTHRATEN_N1,,,
IT1:22_293_DF_DCIS_INDDEMOG1_1(1.0),A,ITD3,GROWTHRATEN,2020,-5.1,,,,TIPO_DATO15__GROWTHRATEN_N1,,,
IT1:22_293_DF_DCIS_INDDEMOG1_1(1.0),A,ITD3,GROWTHRATEN,2021,-4.3,,,,TIPO_DATO15__GROWTHRATEN_N1,,,
IT1:22_293_DF_DCIS_INDDEMOG1_1(1.0),A,ITD3,GROWTHRATEN,2022,-4.9,,,,TIPO_DATO15__GROWTHRATEN_N1,,,
IT1:22_293_DF_DCIS_INDDEMOG1_1(1.0),A,ITD3,GROWTHRATEN,2023,-4.3,,,,TIPO_DATO15__GROWTHRATEN_N1,,,
IT1:22_293_DF_DCIS_INDDEMOG1_1(1.0),A,ITD3,GROWTHRATEN,2024,-4.2,,,,TIPO_DATO15__GROWTHRATEN_N1,,,
IT1:22_293_DF_DCIS_INDDEMOG1_1(1.0),A,ITD3,GROWTHRATEN,2025,-4.6,p,,,TIPO_DATO15__GROWTHRATEN_N1,,,
IT1:22_293_DF_DCIS_INDDEMOG1_1(1.0),A,ITD31,GROWTHRATEN,2015,-1.2,,,,TIPO_DATO15__GROWTHRATEN_N1,,,
IT1:22_293_DF_DCIS_INDDEMOG1_1(1.0),A,ITD31,GROWTHRATEN,2016,-1.1,,,,TIPO_DATO15__GROWTHRATEN_N1,,,
IT1:22_293_DF_DCIS_INDDEMOG1_1(1.0),A,ITD31,GROWTHRATEN,2017,-1.7,,,,TIPO_DATO15__GROWTHRATEN_N1,,,
IT1:22_293_DF_DCIS_INDDEMOG1_1(1.0),A,ITD31,GROWTHRATEN,2018,-1.6,,,,TIPO_DATO15__GROWTHRATEN_N1,,,
IT1:22_293_DF_DCIS_INDDEMOG1_1(1.0),A,ITD31,GROWTHRATEN,2019,-2,,,,TIPO_DATO15__GROWTHRATEN_N1,,,
IT1:22_293_DF_DCIS_INDDEMOG1_1(1.0),A,ITD31,GROWTHRATEN,2020,-4.7,,,,TIPO_DATO15__GROWTHRATEN_N1,,,
IT1:22_293_DF_DCIS_INDDEMOG1_1(1.0),A,ITD31,GROWTHRATEN,2021,-3.1,,,,TIPO_DATO15__GROWTHRATEN_N1,,,
IT1:22_293_DF_DCIS_INDDEMOG1_1(1.0),A,ITD31,GROWTHRATEN,2022,-3.8,,,,TIPO_DATO15__GROWTHRATEN_N1,,,
IT1:22_293_DF_DCIS_INDDEMOG1_1(1.0),A,ITD31,GROWTHRATEN,2023,-3.4,,,,TIPO_DATO15__GROWTHRATEN_N1,,,
IT1:22_293_DF_DCIS_INDDEMOG1_1(1.0),A,ITD31,GROWTHRATEN,2024,-3.1,,,,TIPO_DATO15__GROWTHRATEN_N1,,,
IT1:22_293_DF_DCIS_INDDEMOG1_1(1.0),A,ITD31,GROWTHRATEN,2025,-3.7,p,,,TIPO_DATO15__GROWTHRATEN_N1,,,
IT1:22_293_DF_DCIS_INDDEMOG1_1(1.0),A,ITD32,GROWTHRATEN,2015,-1.3,,,,TIPO_DATO15__GROWTHRATEN_N1,,,
IT1:22_293_DF_DCIS_INDDEMOG1_1(1.0),A,ITD32,GROWTHRATEN,2016,-1.2,,,,TIPO_DATO15__GROWTHRATEN_N1,,,
IT1:22_293_DF_DCIS_INDDEMOG1_1(1.0),A,ITD32,GROWTHRATEN,2017,-2,,,,TIPO_DATO15__GROWTHRATEN_N1,,,
IT1:22_293_DF_DCIS_INDDEMOG1_1(1.0),A,ITD32,GROWTHRATEN,2018,-2.1,,,,TIPO_DATO15__GROWTHRATEN_N1,,,
IT1:22_293_DF_DCIS_INDDEMOG1_1(1.0),A,ITD32,GROWTHRATEN,2019,-2.3,,,,TIPO_DATO15__GROWTHRATEN_N1,,,
IT1:22_293_DF_DCIS_INDDEMOG1_1(1.0),A,ITD32,GROWTHRATEN,2020,-4.2,,,,TIPO_DATO15__GROWTHRATEN_N1,,,
IT1:22_293_DF_DCIS_INDDEMOG1_1(1.0),A,ITD32,GROWTHRATEN,2021,-3,,,,TIPO_DATO15__GROWTHRATEN_N1,,,
IT1:22_293_DF_DCIS_INDDEMOG1_1(1.0),A,ITD32,GROWTHRATEN,2022,-3.9,,,,TIPO_DATO15__GROWTHRATEN_N1,,,
IT1:22_293_DF_DCIS_INDDEMOG1_1(1.0),A,ITD32,GROWTHRATEN,2023,-3.2,,,,TIPO_DATO15__GROWTHRATEN_N1,,,
IT1:22_293_DF_DCIS_INDDEMOG1_1(1.0),A,ITD32,GROWTHRATEN,2024,-3.1,,,,TIPO_DATO15__GROWTHRATEN_N1,,,
IT1:22_293_DF_DCIS_INDDEMOG1_1(1.0),A,ITD32,GROWTHRATEN,2025,-3.6,p,,,TIPO_DATO15__GROWTHRATEN_N1,,,
IT1:22_293_DF_DCIS_INDDEMOG1_1(1.0),A,ITD33,GROWTHRATEN,2015,-5.9,,,,TIPO_DATO15__GROWTHRATEN_N1,,,
IT1:22_293_DF_DCIS_INDDEMOG1_1(1.0),A,ITD33,GROWTHRATEN,2016,-5.6,,,,TIPO_DATO15__GROWTHRATEN_N1,,,
IT1:22_293_DF_DCIS_INDDEMOG1_1(1.0),A,ITD33,GROWTHRATEN,2017,-6.4,,,,TIPO_DATO15__GROWTHRATEN_N1,,,
IT1:22_293_DF_DCIS_INDDEMOG1_1(1.0),A,ITD33,GROWTHRATEN,2018,-6,,,,TIPO_DATO15__GROWTHRATEN_N1,,,
IT1:22_293_DF_DCIS_INDDEMOG1_1(1.0),A,ITD33,GROWTHRATEN,2019,-6.4,,,,TIPO_DATO15__GROWTHRATEN_N1,,,
IT1:22_293_DF_DCIS_INDDEMOG1_1(1.0),A,ITD33,GROWTHRATEN,2020,-8.1,,,,TIPO_DATO15__GROWTHRATEN_N1,,,
IT1:22_293_DF_DCIS_INDDEMOG1_1(1.0),A,ITD33,GROWTHRATEN,2021,-6.9,,,,TIPO_DATO15__GROWTHRATEN_N1,,,
IT1:22_293_DF_DCIS_INDDEMOG1_1(1.0),A,ITD33,GROWTHRATEN,2022,-8.6,,,,TIPO_DATO15__GROWTHRATEN_N1,,,
IT1:22_293_DF_DCIS_INDDEMOG1_1(1.0),A,ITD33,GROWTHRATEN,2023,-7.3,,,,TIPO_DATO15__GROWTHRATEN_N1,,,
IT1:22_293_DF_DCIS_INDDEMOG1_1(1.0),A,ITD33,GROWTHRATEN,2024,-7.6,,,,TIPO_DATO15__GROWTHRATEN_N1,,,
IT1:22_293_DF_DCIS_INDDEMOG1_1(1.0),A,ITD33,GROWTHRATEN,2025,-7.6,p,,,TIPO_DATO15__GROWTHRATEN_N1,,,
IT1:22_293_DF_DCIS_INDDEMOG1_1(1.0),A,ITD34,GROWTHRATEN,2015,-1.1,,,,TIPO_DATO15__GROWTHRATEN_N1,,,
IT1:22_293_DF_DCIS_INDDEMOG1_1(1.0),A,ITD34,GROWTHRATEN,2016,-0.8,,,,TIPO_DATO15__GROWTHRATEN_N1,,,
IT1:22_293_DF_DCIS_INDDEMOG1_1(1.0),A,ITD34,GROWTHRATEN,2017,-1.4,,,,TIPO_DATO15__GROWTHRATEN_N1,,,
IT1:22_293_DF_DCIS_INDDEMOG1_1(1.0),A,ITD34,GROWTHRATEN,2018,-1.8,,,,TIPO_DATO15__GROWTHRATEN_N1,,,
IT1:22_293_DF_DCIS_INDDEMOG1_1(1.0),A,ITD34,GROWTHRATEN,2019,-2.3,,,,TIPO_DATO15__GROWTHRATEN_N1,,,
IT1:22_293_DF_DCIS_INDDEMOG1_1(1.0),A,ITD34,GROWTHRATEN,2020,-3.8,,,,TIPO_DATO15__GROWTHRATEN_N1,,,
IT1:22_293_DF_DCIS_INDDEMOG1_1(1.0),A,ITD34,GROWTHRATEN,2021,-3.3,,,,TIPO_DATO15__GROWTHRATEN_N1,,,
IT1:22_293_DF_DCIS_INDDEMOG1_1(1.0),A,ITD34,GROWTHRATEN,2022,-3.7,,,,TIPO_DATO15__GROWTHRATEN_N1,,,
IT1:22_293_DF_DCIS_INDDEMOG1_1(1.0),A,ITD34,GROWTHRATEN,2023,-3.4,,,,TIPO_DATO15__GROWTHRATEN_N1,,,
IT1:22_293_DF_DCIS_INDDEMOG1_1(1.0),A,ITD34,GROWTHRATEN,2024,-3.4,,,,TIPO_DATO15__GROWTHRATEN_N1,,,
IT1:22_293_DF_DCIS_INDDEMOG1_1(1.0),A,ITD34,GROWTHRATEN,2025,-3.7,p,,,TIPO_DATO15__GROWTHRATEN_N1,,,
IT1:22_293_DF_DCIS_INDDEMOG1_1(1.0),A,ITD35,GROWTHRATEN,2015,-3.5,,,,TIPO_DATO15__GROWTHRATEN_N1,,,
IT1:22_293_DF_DCIS_INDDEMOG1_1(1.0),A,ITD35,GROWTHRATEN,2016,-3.3,,,,TIPO_DATO15__GROWTHRATEN_N1,,,
IT1:22_293_DF_DCIS_INDDEMOG1_1(1.0),A,ITD35,GROWTHRATEN,2017,-3.9,,,,TIPO_DATO15__GROWTHRATEN_N1,,,
IT1:22_293_DF_DCIS_INDDEMOG1_1(1.0),A,ITD35,GROWTHRATEN,2018,-4.2,,,,TIPO_DATO15__GROWTHRATEN_N1,,,
IT1:22_293_DF_DCIS_INDDEMOG1_1(1.0),A,ITD35,GROWTHRATEN,2019,-4.6,,,,TIPO_DATO15__GROWTHRATEN_N1,,,
IT1:22_293_DF_DCIS_INDDEMOG1_1(1.0),A,ITD35,GROWTHRATEN,2020,-6.5,,,,TIPO_DATO15__GROWTHRATEN_N1,,,
IT1:22_293_DF_DCIS_INDDEMOG1_1(1.0),A,ITD35,GROWTHRATEN,2021,-5.9,,,,TIPO_DATO15__GROWTHRATEN_N1,,,
IT1:22_293_DF_DCIS_INDDEMOG1_1(1.0),A,ITD35,GROWTHRATEN,2022,-6.6,,,,TIPO_DATO15__GROWTHRATEN_N1,,,
IT1:22_293_DF_DCIS_INDDEMOG1_1(1.0),A,ITD35,GROWTHRATEN,2023,-5.5,,,,TIPO_DATO15__GROWTHRATEN_N1,,,
IT1:22_293_DF_DCIS_INDDEMOG1_1(1.0),A,ITD35,GROWTHRATEN,2024,-5.8,,,,TIPO_DATO15__GROWTHRATEN_N1,,,
IT1:22_293_DF_DCIS_INDDEMOG1_1(1.0),A,ITD35,GROWTHRATEN,2025,-6.1,p,,,TIPO_DATO15__GROWTHRATEN_N1,,,
IT1:22_293_DF_DCIS_INDDEMOG1_1(1.0),A,ITD36,GROWTHRATEN,2015,-1.7,,,,TIPO_DATO15__GROWTHRATEN_N1,,,
IT1:22_293_DF_DCIS_INDDEMOG1_1(1.0),A,ITD36,GROWTHRATEN,2016,-1.9,,,,TIPO_DATO15__GROWTHRATEN_N1,,,
IT1:22_293_DF_DCIS_INDDEMOG1_1(1.0),A,ITD36,GROWTHRATEN,2017,-2.3,,,,TIPO_DATO15__GROWTHRATEN_N1,,,
IT1:22_293_DF_DCIS_INDDEMOG1_1(1.0),A,ITD36,GROWTHRATEN,2018,-2.5,,,,TIPO_DATO15__GROWTHRATEN_N1,,,
IT1:22_293_DF_DCIS_INDDEMOG1_1(1.0),A,ITD36,GROWTHRATEN,2019,-2.8,,,,TIPO_DATO15__GROWTHRATEN_N1,,,
IT1:22_293_DF_DCIS_INDDEMOG1_1(1.0),A,ITD36,GROWTHRATEN,2020,-4.4,,,,TIPO_DATO15__GROWTHRATEN_N1,,,
IT1:22_293_DF_DCIS_INDDEMOG1_1(1.0),A,ITD36,GROWTHRATEN,2021,-4.2,,,,TIPO_DATO15__GROWTHRATEN_N1,,,
IT1:22_293_DF_DCIS_INDDEMOG1_1(1.0),A,ITD36,GROWTHRATEN,2022,-4.6,,,,TIPO_DATO15__GROWTHRATEN_N1,,,
IT1:22_293_DF_DCIS_INDDEMOG1_1(1.0),A,ITD36,GROWTHRATEN,2023,-4.2,,,,TIPO_DATO15__GROWTHRATEN_N1,,,
IT1:22_293_DF_DCIS_INDDEMOG1_1(1.0),A,ITD36,GROWTHRATEN,2024,-4.2,,,,TIPO_DATO15__GROWTHRATEN_N1,,,
IT1:22_293_DF_DCIS_INDDEMOG1_1(1.0),A,ITD36,GROWTHRATEN,2025,-4.4,p,,,TIPO_DATO15__GROWTHRATEN_N1,,,
IT1:22_293_DF_DCIS_INDDEMOG1_1(1.0),A,ITD37,GROWTHRATEN,2015,-6.4,,,,TIPO_DATO15__GROWTHRATEN_N1,,,
IT1:22_293_DF_DCIS_INDDEMOG1_1(1.0),A,ITD37,GROWTHRATEN,2016,-6.4,,,,TIPO_DATO15__GROWTHRATEN_N1,,,
IT1:22_293_DF_DCIS_INDDEMOG1_1(1.0),A,ITD37,GROWTHRATEN,2017,-6.8,,,,TIPO_DATO15__GROWTHRATEN_N1,,,
IT1:22_293_DF_DCIS_INDDEMOG1_1(1.0),A,ITD37,GROWTHRATEN,2018,-7.5,,,,TIPO_DATO15__GROWTHRATEN_N1,,,
IT1:22_293_DF_DCIS_INDDEMOG1_1(1.0),A,ITD37,GROWTHRATEN,2019,-7.4,,,,TIPO_DATO15__GROWTHRATEN_N1,,,
IT1:22_293_DF_DCIS_INDDEMOG1_1(1.0),A,ITD37,GROWTHRATEN,2020,-9.5,,,,TIPO_DATO15__GROWTHRATEN_N1,,,
IT1:22_293_DF_DCIS_INDDEMOG1_1(1.0),A,ITD37,GROWTHRATEN,2021,-9.2,,,,TIPO_DATO15__GROWTHRATEN_N1,,,
IT1:22_293_DF_DCIS_INDDEMOG1_1(1.0),A,ITD37,GROWTHRATEN,2022,-9.9,,,,TIPO_DATO15__GROWTHRATEN_N1,,,
IT1:22_293_DF_DCIS_INDDEMOG1_1(1.0),A,ITD37,GROWTHRATEN,2023,-7.7,,,,TIPO_DATO15__GROWTHRATEN_N1,,,
IT1:22_293_DF_DCIS_INDDEMOG1_1(1.0),A,ITD37,GROWTHRATEN,2024,-7.9,,,,TIPO_DATO15__GROWTHRATEN_N1,,,
IT1:22_293_DF_DCIS_INDDEMOG1_1(1.0),A,ITD37,GROWTHRATEN,2025,-8.3,p,,,TIPO_DATO15__GROWTHRATEN_N1,,,
IT1:22_293_DF_DCIS_INDDEMOG1_1(1.0),A,ITD4,GROWTHRATEN,2015,-5.1,,,,TIPO_DATO15__GROWTHRATEN_N1,,,
IT1:22_293_DF_DCIS_INDDEMOG1_1(1.0),A,ITD4,GROWTHRATEN,2016,-4.6,,,,TIPO_DATO15__GROWTHRATEN_N1,,,
IT1:22_293_DF_DCIS_INDDEMOG1_1(1.0),A,ITD4,GROWTHRATEN,2017,-5.3,,,,TIPO_DATO15__GROWTHRATEN_N1,,,
IT1:22_293_DF_DCIS_INDDEMOG1_1(1.0),A,ITD4,GROWTHRATEN,2018,-5.5,,,,TIPO_DATO15__GROWTHRATEN_N1,,,
IT1:22_293_DF_DCIS_INDDEMOG1_1(1.0),A,ITD4,GROWTHRATEN,2019,-5.6,,,,TIPO_DATO15__GROWTHRATEN_N1,,,
IT1:22_293_DF_DCIS_INDDEMOG1_1(1.0),A,ITD4,GROWTHRATEN,2020,-7.5,,,,TIPO_DATO15__GROWTHRATEN_N1,,,
IT1:22_293_DF_DCIS_INDDEMOG1_1(1.0),A,ITD4,GROWTHRATEN,2021,-7.8,,,,TIPO_DATO15__GROWTHRATEN_N1,,,
IT1:22_293_DF_DCIS_INDDEMOG1_1(1.0),A,ITD4,GROWTHRATEN,2022,-7.2,,,,TIPO_DATO15__GROWTHRATEN_N1,,,
IT1:22_293_DF_DCIS_INDDEMOG1_1(1.0),A,ITD4,GROWTHRATEN,2023,-6.4,,,,TIPO_DATO15__GROWTHRATEN_N1,,,
IT1:22_293_DF_DCIS_INDDEMOG1_1(1.0),A,ITD4,GROWTHRATEN,2024,-6.5,,,,TIPO_DATO15__GROWTHRATEN_N1,,,
IT1:22_293_DF_DCIS_INDDEMOG1_1(1.0),A,ITD4,GROWTHRATEN,2025,-6.5,p,,,TIPO_DATO15__GROWTHRATEN_N1,,,
IT1:22_293_DF_DCIS_INDDEMOG1_1(1.0),A,ITD41,GROWTHRATEN,2015,-2.2,,,,TIPO_DATO15__GROWTHRATEN_N1,,,
IT1:22_293_DF_DCIS_INDDEMOG1_1(1.0),A,ITD41,GROWTHRATEN,2016,-1.8,,,,TIPO_DATO15__GROWTHRATEN_N1,,,
IT1:22_293_DF_DCIS_INDDEMOG1_1(1.0),A,ITD41,GROWTHRATEN,2017,-2.8,,,,TIPO_DATO15__GROWTHRATEN_N1,,,
IT1:22_293_DF_DCIS_INDDEMOG1_1(1.0),A,ITD41,GROWTHRATEN,2018,-3.2,,,,TIPO_DATO15__GROWTHRATEN_N1,,,
IT1:22_293_DF_DCIS_INDDEMOG1_1(1.0),A,ITD41,GROWTHRATEN,2019,-2.9,,,,TIPO_DATO15__GROWTHRATEN_N1,,,
IT1:22_293_DF_DCIS_INDDEMOG1_1(1.0),A,ITD41,GROWTHRATEN,2020,-5.2,,,,TIPO_DATO15__GROWTHRATEN_N1,,,
IT1:22_293_DF_DCIS_INDDEMOG1_1(1.0),A,ITD41,GROWTHRATEN,2021,-5,,,,TIPO_DATO15__GROWTHRATEN_N1,,,
IT1:22_293_DF_DCIS_INDDEMOG1_1(1.0),A,ITD41,GROWTHRATEN,2022,-5,,,,TIPO_DATO15__GROWTHRATEN_N1,,,
IT1:22_293_DF_DCIS_INDDEMOG1_1(1.0),A,ITD41,GROWTHRATEN,2023,-4.4,,,,TIPO_DATO15__GROWTHRATEN_N1,,,
IT1:22_293_DF_DCIS_INDDEMOG1_1(1.0),A,ITD41,GROWTHRATEN,2024,-4.7,,,,TIPO_DATO15__GROWTHRATEN_N1,,,
IT1:22_293_DF_DCIS_INDDEMOG1_1(1.0),A,ITD41,GROWTHRATEN,2025,-4.9,p,,,TIPO_DATO15__GROWTHRATEN_N1,,,
IT1:22_293_DF_DCIS_INDDEMOG1_1(1.0),A,ITD42,GROWTHRATEN,2015,-5.2,,,,TIPO_DATO15__GROWTHRATEN_N1,,,
IT1:22_293_DF_DCIS_INDDEMOG1_1(1.0),A,ITD42,GROWTHRATEN,2016,-4.6,,,,TIPO_DATO15__GROWTHRATEN_N1,,,
IT1:22_293_DF_DCIS_INDDEMOG1_1(1.0),A,ITD42,GROWTHRATEN,2017,-5.5,,,,TIPO_DATO15__GROWTHRATEN_N1,,,
IT1:22_293_DF_DCIS_INDDEMOG1_1(1.0),A,ITD42,GROWTHRATEN,2018,-5.6,,,,TIPO_DATO15__GROWTHRATEN_N1,,,
IT1:22_293_DF_DCIS_INDDEMOG1_1(1.0),A,ITD42,GROWTHRATEN,2019,-5.9,,,,TIPO_DATO15__GROWTHRATEN_N1,,,
IT1:22_293_DF_DCIS_INDDEMOG1_1(1.0),A,ITD42,GROWTHRATEN,2020,-7.6,,,,TIPO_DATO15__GROWTHRATEN_N1,,,
IT1:22_293_DF_DCIS_INDDEMOG1_1(1.0),A,ITD42,GROWTHRATEN,2021,-8.3,,,,TIPO_DATO15__GROWTHRATEN_N1,,,
IT1:22_293_DF_DCIS_INDDEMOG1_1(1.0),A,ITD42,GROWTHRATEN,2022,-7.5,,,,TIPO_DATO15__GROWTHRATEN_N1,,,
IT1:22_293_DF_DCIS_INDDEMOG1_1(1.0),A,ITD42,GROWTHRATEN,2023,-6.6,,,,TIPO_DATO15__GROWTHRATEN_N1,,,
IT1:22_293_DF_DCIS_INDDEMOG1_1(1.0),A,ITD42,GROWTHRATEN,2024,-6.7,,,,TIPO_DATO15__GROWTHRATEN_N1,,,
IT1:22_293_DF_DCIS_INDDEMOG1_1(1.0),A,ITD42,GROWTHRATEN,2025,-7,p,,,TIPO_DATO15__GROWTHRATEN_N1,,,
IT1:22_293_DF_DCIS_INDDEMOG1_1(1.0),A,ITD43,GROWTHRATEN,2015,-5.9,,,,TIPO_DATO15__GROWTHRATEN_N1,,,
IT1:22_293_DF_DCIS_INDDEMOG1_1(1.0),A,ITD43,GROWTHRATEN,2016,-6.2,,,,TIPO_DATO15__GROWTHRATEN_N1,,,
IT1:22_293_DF_DCIS_INDDEMOG1_1(1.0),A,ITD43,GROWTHRATEN,2017,-5.8,,,,TIPO_DATO15__GROWTHRATEN_N1,,,
IT1:22_293_DF_DCIS_INDDEMOG1_1(1.0),A,ITD43,GROWTHRATEN,2018,-6.7,,,,TIPO_DATO15__GROWTHRATEN_N1,,,
IT1:22_293_DF_DCIS_INDDEMOG1_1(1.0),A,ITD43,GROWTHRATEN,2019,-6.7,,,,TIPO_DATO15__GROWTHRATEN_N1,,,
IT1:22_293_DF_DCIS_INDDEMOG1_1(1.0),A,ITD43,GROWTHRATEN,2020,-7.7,,,,TIPO_DATO15__GROWTHRATEN_N1,,,
IT1:22_293_DF_DCIS_INDDEMOG1_1(1.0),A,ITD43,GROWTHRATEN,2021,-8.3,,,,TIPO_DATO15__GROWTHRATEN_N1,,,
IT1:22_293_DF_DCIS_INDDEMOG1_1(1.0),A,ITD43,GROWTHRATEN,2022,-7.4,,,,TIPO_DATO15__GROWTHRATEN_N1,,,
IT1:22_293_DF_DCIS_INDDEMOG1_1(1.0),A,ITD43,GROWTHRATEN,2023,-6.3,,,,TIPO_DATO15__GROWTHRATEN_N1,,,
IT1:22_293_DF_DCIS_INDDEMOG1_1(1.0),A,ITD43,GROWTHRATEN,2024,-6.2,,,,TIPO_DATO15__GROWTHRATEN_N1,,,
IT1:22_293_DF_DCIS_INDDEMOG1_1(1.0),A,ITD43,GROWTHRATEN,2025,-6.2,p,,,TIPO_DATO15__GROWTHRATEN_N1,,,
IT1:22_293_DF_DCIS_INDDEMOG1_1(1.0),A,ITD44,GROWTHRATEN,2015,-8.5,,,,TIPO_DATO15__GROWTHRATEN_N1,,,
IT1:22_293_DF_DCIS_INDDEMOG1_1(1.0),A,ITD44,GROWTHRATEN,2016,-7.5,,,,TIPO_DATO15__GROWTHRATEN_N1,,,
IT1:22_293_DF_DCIS_INDDEMOG1_1(1.0),A,ITD44,GROWTHRATEN,2017,-7.8,,,,TIPO_DATO15__GROWTHRATEN_N1,,,
IT1:22_293_DF_DCIS_INDDEMOG1_1(1.0),A,ITD44,GROWTHRATEN,2018,-7.6,,,,TIPO_DATO15__GROWTHRATEN_N1,,,
IT1:22_293_DF_DCIS_INDDEMOG1_1(1.0),A,ITD44,GROWTHRATEN,2019,-8,,,,TIPO_DATO15__GROWTHRATEN_N1,,,
IT1:22_293_DF_DCIS_INDDEMOG1_1(1.0),A,ITD44,GROWTHRATEN,2020,-10,,,,TIPO_DATO15__GROWTHRATEN_N1,,,
IT1:22_293_DF_DCIS_INDDEMOG1_1(1.0),A,ITD44,GROWTHRATEN,2021,-10,,,,TIPO_DATO15__GROWTHRATEN_N1,,,
IT1:22_293_DF_DCIS_INDDEMOG1_1(1.0),A,ITD44,GROWTHRATEN,2022,-9.2,,,,TIPO_DATO15__GROWTHRATEN_N1,,,
IT1:22_293_DF_DCIS_INDDEMOG1_1(1.0),A,ITD44,GROWTHRATEN,2023,-8.7,,,,TIPO_DATO15__GROWTHRATEN_N1,,,
IT1:22_293_DF_DCIS_INDDEMOG1_1(1.0),A,ITD44,GROWTHRATEN,2024,-8.8,,,,TIPO_DATO15__GROWTHRATEN_N1,,,
IT1:22_293_DF_DCIS_INDDEMOG1_1(1.0),A,ITD44,GROWTHRATEN,2025,-7.8,p,,,TIPO_DATO15__GROWTHRATEN_N1,,,
IT1:22_293_DF_DCIS_INDDEMOG1_1(1.0),A,ITD5,GROWTHRATEN,2015,-3.6,,,,TIPO_DATO15__GROWTHRATEN_N1,,,
IT1:22_293_DF_DCIS_INDDEMOG1_1(1.0),A,ITD5,GROWTHRATEN,2016,-3.3,,,,TIPO_DATO15__GROWTHRATEN_N1,,,
IT1:22_293_DF_DCIS_INDDEMOG1_1(1.0),A,ITD5,GROWTHRATEN,2017,-4.1,,,,TIPO_DATO15__GROWTHRATEN_N1,,,
IT1:22_293_DF_DCIS_INDDEMOG1_1(1.0),A,ITD5,GROWTHRATEN,2018,-3.9,,,,TIPO_DATO15__GROWTHRATEN_N1,,,
IT1:22_293_DF_DCIS_INDDEMOG1_1(1.0),A,ITD5,GROWTHRATEN,2019,-4.3,,,,TIPO_DATO15__GROWTHRATEN_N1,,,
IT1:22_293_DF_DCIS_INDDEMOG1_1(1.0),A,ITD5,GROWTHRATEN,2020,-6.6,,,,TIPO_DATO15__GROWTHRATEN_N1,,,
IT1:22_293_DF_DCIS_INDDEMOG1_1(1.0),A,ITD5,GROWTHRATEN,2021,-5.7,,,,TIPO_DATO15__GROWTHRATEN_N1,,,
IT1:22_293_DF_DCIS_INDDEMOG1_1(1.0),A,ITD5,GROWTHRATEN,2022,-5.7,,,,TIPO_DATO15__GROWTHRATEN_N1,,,
IT1:22_293_DF_DCIS_INDDEMOG1_1(1.0),A,ITD5,GROWTHRATEN,2023,-5.1,,,,TIPO_DATO15__GROWTHRATEN_N1,,,
IT1:22_293_DF_DCIS_INDDEMOG1_1(1.0),A,ITD5,GROWTHRATEN,2024,-5.1,,,,TIPO_DATO15__GROWTHRATEN_N1,,,
IT1:22_293_DF_DCIS_INDDEMOG1_1(1.0),A,ITD5,GROWTHRATEN,2025,-5.2,p,,,TIPO_DATO15__GROWTHRATEN_N1,,,
IT1:22_293_DF_DCIS_INDDEMOG1_1(1.0),A,ITD51,GROWTHRATEN,2015,-5,,,,TIPO_DATO15__GROWTHRATEN_N1,,,
IT1:22_293_DF_DCIS_INDDEMOG1_1(1.0),A,ITD51,GROWTHRATEN,2016,-4.7,,,,TIPO_DATO15__GROWTHRATEN_N1,,,
IT1:22_293_DF_DCIS_INDDEMOG1_1(1.0),A,ITD51,GROWTHRATEN,2017,-5.7,,,,TIPO_DATO15__GROWTHRATEN_N1,,,
IT1:22_293_DF_DCIS_INDDEMOG1_1(1.0),A,ITD51,GROWTHRATEN,2018,-5.3,,,,TIPO_DATO15__GROWTHRATEN_N1,,,
IT1:22_293_DF_DCIS_INDDEMOG1_1(1.0),A,ITD51,GROWTHRATEN,2019,-5,,,,TIPO_DATO15__GROWTHRATEN_N1,,,
IT1:22_293_DF_DCIS_INDDEMOG1_1(1.0),A,ITD51,GROWTHRATEN,2020,-10.8,,,,TIPO_DATO15__GROWTHRATEN_N1,,,
IT1:22_293_DF_DCIS_INDDEMOG1_1(1.0),A,ITD51,GROWTHRATEN,2021,-6.4,,,,TIPO_DATO15__GROWTHRATEN_N1,,,
IT1:22_293_DF_DCIS_INDDEMOG1_1(1.0),A,ITD51,GROWTHRATEN,2022,-6.2,,,,TIPO_DATO15__GROWTHRATEN_N1,,,
IT1:22_293_DF_DCIS_INDDEMOG1_1(1.0),A,ITD51,GROWTHRATEN,2023,-5.7,,,,TIPO_DATO15__GROWTHRATEN_N1,,,
IT1:22_293_DF_DCIS_INDDEMOG1_1(1.0),A,ITD51,GROWTHRATEN,2024,-5.3,,,,TIPO_DATO15__GROWTHRATEN_N1,,,
IT1:22_293_DF_DCIS_INDDEMOG1_1(1.0),A,ITD51,GROWTHRATEN,2025,-5.4,p,,,TIPO_DATO15__GROWTHRATEN_N1,,,
IT1:22_293_DF_DCIS_INDDEMOG1_1(1.0),A,ITD52,GROWTHRATEN,2015,-3,,,,TIPO_DATO15__GROWTHRATEN_N1,,,
IT1:22_293_DF_DCIS_INDDEMOG1_1(1.0),A,ITD52,GROWTHRATEN,2016,-2.8,,,,TIPO_DATO15__GROWTHRATEN_N1,,,
IT1:22_293_DF_DCIS_INDDEMOG1_1(1.0),A,ITD52,GROWTHRATEN,2017,-3.6,,,,TIPO_DATO15__GROWTHRATEN_N1,,,
IT1:22_293_DF_DCIS_INDDEMOG1_1(1.0),A,ITD52,GROWTHRATEN,2018,-3.3,,,,TIPO_DATO15__GROWTHRATEN_N1,,,
IT1:22_293_DF_DCIS_INDDEMOG1_1(1.0),A,ITD52,GROWTHRATEN,2019,-3.6,,,,TIPO_DATO15__GROWTHRATEN_N1,,,
IT1:22_293_DF_DCIS_INDDEMOG1_1(1.0),A,ITD52,GROWTHRATEN,2020,-7.3,,,,TIPO_DATO15__GROWTHRATEN_N1,,,
IT1:22_293_DF_DCIS_INDDEMOG1_1(1.0),A,ITD52,GROWTHRATEN,2021,-4.5,,,,TIPO_DATO15__GROWTHRATEN_N1,,,
IT1:22_293_DF_DCIS_INDDEMOG1_1(1.0),A,ITD52,GROWTHRATEN,2022,-4.9,,,,TIPO_DATO15__GROWTHRATEN_N1,,,
IT1:22_293_DF_DCIS_INDDEMOG1_1(1.0),A,ITD52,GROWTHRATEN,2023,-4,,,,TIPO_DATO15__GROWTHRATEN_N1,,,
IT1:22_293_DF_DCIS_INDDEMOG1_1(1.0),A,ITD52,GROWTHRATEN,2024,-4.3,,,,TIPO_DATO15__GROWTHRATEN_N1,,,
IT1:22_293_DF_DCIS_INDDEMOG1_1(1.0),A,ITD52,GROWTHRATEN,2025,-4.4,p,,,TIPO_DATO15__GROWTHRATEN_N1,,,
IT1:22_293_DF_DCIS_INDDEMOG1_1(1.0),A,ITD53,GROWTHRATEN,2015,-1.5,,,,TIPO_DATO15__GROWTHRATEN_N1,,,
IT1:22_293_DF_DCIS_INDDEMOG1_1(1.0),A,ITD53,GROWTHRATEN,2016,-1.9,,,,TIPO_DATO15__GROWTHRATEN_N1,,,
IT1:22_293_DF_DCIS_INDDEMOG1_1(1.0),A,ITD53,GROWTHRATEN,2017,-2.2,,,,TIPO_DATO15__GROWTHRATEN_N1,,,
IT1:22_293_DF_DCIS_INDDEMOG1_1(1.0),A,ITD53,GROWTHRATEN,2018,-2.8,,,,TIPO_DATO15__GROWTHRATEN_N1,,,
IT1:22_293_DF_DCIS_INDDEMOG1_1(1.0),A,ITD53,GROWTHRATEN,2019,-2.9,,,,TIPO_DATO15__GROWTHRATEN_N1,,,
IT1:22_293_DF_DCIS_INDDEMOG1_1(1.0),A,ITD53,GROWTHRATEN,2020,-4.7,,,,TIPO_DATO15__GROWTHRATEN_N1,,,
IT1:22_293_DF_DCIS_INDDEMOG1_1(1.0),A,ITD53,GROWTHRATEN,2021,-3.9,,,,TIPO_DATO15__GROWTHRATEN_N1,,,
IT1:22_293_DF_DCIS_INDDEMOG1_1(1.0),A,ITD53,GROWTHRATEN,2022,-4.3,,,,TIPO_DATO15__GROWTHRATEN_N1,,,
IT1:22_293_DF_DCIS_INDDEMOG1_1(1.0),A,ITD53,GROWTHRATEN,2023,-3.6,,,,TIPO_DATO15__GROWTHRATEN_N1,,,
IT1:22_293_DF_DCIS_INDDEMOG1_1(1.0),A,ITD53,GROWTHRATEN,2024,-3.6,,,,TIPO_DATO15__GROWTHRATEN_N1,,,
IT1:22_293_DF_DCIS_INDDEMOG1_1(1.0),A,ITD53,GROWTHRATEN,2025,-4,p,,,TIPO_DATO15__GROWTHRATEN_N1,,,
IT1:22_293_DF_DCIS_INDDEMOG1_1(1.0),A,ITD54,GROWTHRATEN,2015,-1.9,,,,TIPO_DATO15__GROWTHRATEN_N1,,,
IT1:22_293_DF_DCIS_INDDEMOG1_1(1.0),A,ITD54,GROWTHRATEN,2016,-2.1,,,,TIPO_DATO15__GROWTHRATEN_N1,,,
IT1:22_293_DF_DCIS_INDDEMOG1_1(1.0),A,ITD54,GROWTHRATEN,2017,-2.6,,,,TIPO_DATO15__GROWTHRATEN_N1,,,
IT1:22_293_DF_DCIS_INDDEMOG1_1(1.0),A,ITD54,GROWTHRATEN,2018,-2.4,,,,TIPO_DATO15__GROWTHRATEN_N1,,,
IT1:22_293_DF_DCIS_INDDEMOG1_1(1.0),A,ITD54,GROWTHRATEN,2019,-3.2,,,,TIPO_DATO15__GROWTHRATEN_N1,,,
IT1:22_293_DF_DCIS_INDDEMOG1_1(1.0),A,ITD54,GROWTHRATEN,2020,-4.9,,,,TIPO_DATO15__GROWTHRATEN_N1,,,
IT1:22_293_DF_DCIS_INDDEMOG1_1(1.0),A,ITD54,GROWTHRATEN,2021,-4.1,,,,TIPO_DATO15__GROWTHRATEN_N1,,,
IT1:22_293_DF_DCIS_INDDEMOG1_1(1.0),A,ITD54,GROWTHRATEN,2022,-4.3,,,,TIPO_DATO15__GROWTHRATEN_N1,,,
IT1:22_293_DF_DCIS_INDDEMOG1_1(1.0),A,ITD54,GROWTHRATEN,2023,-4.3,,,,TIPO_DATO15__GROWTHRATEN_N1,,,
IT1:22_293_DF_DCIS_INDDEMOG1_1(1.0),A,ITD54,GROWTHRATEN,2024,-3.9,,,,TIPO_DATO15__GROWTHRATEN_N1,,,
IT1:22_293_DF_DCIS_INDDEMOG1_1(1.0),A,ITD54,GROWTHRATEN,2025,-4,p,,,TIPO_DATO15__GROWTHRATEN_N1,,,
IT1:22_293_DF_DCIS_INDDEMOG1_1(1.0),A,ITD55,GROWTHRATEN,2015,-4.2,,,,TIPO_DATO15__GROWTHRATEN_N1,,,
IT1:22_293_DF_DCIS_INDDEMOG1_1(1.0),A,ITD55,GROWTHRATEN,2016,-3.5,,,,TIPO_DATO15__GROWTHRATEN_N1,,,
IT1:22_293_DF_DCIS_INDDEMOG1_1(1.0),A,ITD55,GROWTHRATEN,2017,-4.3,,,,TIPO_DATO15__GROWTHRATEN_N1,,,
IT1:22_293_DF_DCIS_INDDEMOG1_1(1.0),A,ITD55,GROWTHRATEN,2018,-4.1,,,,TIPO_DATO15__GROWTHRATEN_N1,,,
IT1:22_293_DF_DCIS_INDDEMOG1_1(1.0),A,ITD55,GROWTHRATEN,2019,-4.4,,,,TIPO_DATO15__GROWTHRATEN_N1,,,
IT1:22_293_DF_DCIS_INDDEMOG1_1(1.0),A,ITD55,GROWTHRATEN,2020,-6.2,,,,TIPO_DATO15__GROWTHRATEN_N1,,,
IT1:22_293_DF_DCIS_INDDEMOG1_1(1.0),A,ITD55,GROWTHRATEN,2021,-5.8,,,,TIPO_DATO15__GROWTHRATEN_N1,,,
IT1:22_293_DF_DCIS_INDDEMOG1_1(1.0),A,ITD55,GROWTHRATEN,2022,-5.7,,,,TIPO_DATO15__GROWTHRATEN_N1,,,
IT1:22_293_DF_DCIS_INDDEMOG1_1(1.0),A,ITD55,GROWTHRATEN,2023,-5.3,,,,TIPO_DATO15__GROWTHRATEN_N1,,,
IT1:22_293_DF_DCIS_INDDEMOG1_1(1.0),A,ITD55,GROWTHRATEN,2024,-5.1,,,,TIPO_DATO15__GROWTHRATEN_N1,,,
IT1:22_293_DF_DCIS_INDDEMOG1_1(1.0),A,ITD55,GROWTHRATEN,2025,-5.2,p,,,TIPO_DATO15__GROWTHRATEN_N1,,,
IT1:22_293_DF_DCIS_INDDEMOG1_1(1.0),A,ITD56,GROWTHRATEN,2015,-8.2,,,,TIPO_DATO15__GROWTHRATEN_N1,,,
IT1:22_293_DF_DCIS_INDDEMOG1_1(1.0),A,ITD56,GROWTHRATEN,2016,-7.7,,,,TIPO_DATO15__GROWTHRATEN_N1,,,
IT1:22_293_DF_DCIS_INDDEMOG1_1(1.0),A,ITD56,GROWTHRATEN,2017,-8.6,,,,TIPO_DATO15__GROWTHRATEN_N1,,,
IT1:22_293_DF_DCIS_INDDEMOG1_1(1.0),A,ITD56,GROWTHRATEN,2018,-8,,,,TIPO_DATO15__GROWTHRATEN_N1,,,
IT1:22_293_DF_DCIS_INDDEMOG1_1(1.0),A,ITD56,GROWTHRATEN,2019,-7.8,,,,TIPO_DATO15__GROWTHRATEN_N1,,,
IT1:22_293_DF_DCIS_INDDEMOG1_1(1.0),A,ITD56,GROWTHRATEN,2020,-10,,,,TIPO_DATO15__GROWTHRATEN_N1,,,
IT1:22_293_DF_DCIS_INDDEMOG1_1(1.0),A,ITD56,GROWTHRATEN,2021,-10.2,,,,TIPO_DATO15__GROWTHRATEN_N1,,,
IT1:22_293_DF_DCIS_INDDEMOG1_1(1.0),A,ITD56,GROWTHRATEN,2022,-10,,,,TIPO_DATO15__GROWTHRATEN_N1,,,
IT1:22_293_DF_DCIS_INDDEMOG1_1(1.0),A,ITD56,GROWTHRATEN,2023,-8.5,,,,TIPO_DATO15__GROWTHRATEN_N1,,,
IT1:22_293_DF_DCIS_INDDEMOG1_1(1.0),A,ITD56,GROWTHRATEN,2024,-8.9,,,,TIPO_DATO15__GROWTHRATEN_N1,,,
IT1:22_293_DF_DCIS_INDDEMOG1_1(1.0),A,ITD56,GROWTHRATEN,2025,-8.3,p,,,TIPO_DATO15__GROWTHRATEN_N1,,,
IT1:22_293_DF_DCIS_INDDEMOG1_1(1.0),A,ITD57,GROWTHRATEN,2015,-4.7,,,,TIPO_DATO15__GROWTHRATEN_N1,,,
IT1:22_293_DF_DCIS_INDDEMOG1_1(1.0),A,ITD57,GROWTHRATEN,2016,-4.4,,,,TIPO_DATO15__GROWTHRATEN_N1,,,
IT1:22_293_DF_DCIS_INDDEMOG1_1(1.0),A,ITD57,GROWTHRATEN,2017,-5,,,,TIPO_DATO15__GROWTHRATEN_N1,,,
IT1:22_293_DF_DCIS_INDDEMOG1_1(1.0),A,ITD57,GROWTHRATEN,2018,-4.9,,,,TIPO_DATO15__GROWTHRATEN_N1,,,
IT1:22_293_DF_DCIS_INDDEMOG1_1(1.0),A,ITD57,GROWTHRATEN,2019,-6.1,,,,TIPO_DATO15__GROWTHRATEN_N1,,,
IT1:22_293_DF_DCIS_INDDEMOG1_1(1.0),A,ITD57,GROWTHRATEN,2020,-7.3,,,,TIPO_DATO15__GROWTHRATEN_N1,,,
IT1:22_293_DF_DCIS_INDDEMOG1_1(1.0),A,ITD57,GROWTHRATEN,2021,-7.3,,,,TIPO_DATO15__GROWTHRATEN_N1,,,
IT1:22_293_DF_DCIS_INDDEMOG1_1(1.0),A,ITD57,GROWTHRATEN,2022,-7.4,,,,TIPO_DATO15__GROWTHRATEN_N1,,,
IT1:22_293_DF_DCIS_INDDEMOG1_1(1.0),A,ITD57,GROWTHRATEN,2023,-6.5,,,,TIPO_DATO15__GROWTHRATEN_N1,,,
IT1:22_293_DF_DCIS_INDDEMOG1_1(1.0),A,ITD57,GROWTHRATEN,2024,-6.5,,,,TIPO_DATO15__GROWTHRATEN_N1,,,
IT1:22_293_DF_DCIS_INDDEMOG1_1(1.0),A,ITD57,GROWTHRATEN,2025,-7.2,p,,,TIPO_DATO15__GROWTHRATEN_N1,,,
IT1:22_293_DF_DCIS_INDDEMOG1_1(1.0),A,ITD58,GROWTHRATEN,2015,-3.2,,,,TIPO_DATO15__GROWTHRATEN_N1,,,
IT1:22_293_DF_DCIS_INDDEMOG1_1(1.0),A,ITD58,GROWTHRATEN,2016,-3,,,,TIPO_DATO15__GROWTHRATEN_N1,,,
IT1:22_293_DF_DCIS_INDDEMOG1_1(1.0),A,ITD58,GROWTHRATEN,2017,-4,,,,TIPO_DATO15__GROWTHRATEN_N1,,,
IT1:22_293_DF_DCIS_INDDEMOG1_1(1.0),A,ITD58,GROWTHRATEN,2018,-3.7,,,,TIPO_DATO15__GROWTHRATEN_N1,,,
IT1:22_293_DF_DCIS_INDDEMOG1_1(1.0),A,ITD58,GROWTHRATEN,2019,-4.6,,,,TIPO_DATO15__GROWTHRATEN_N1,,,
IT1:22_293_DF_DCIS_INDDEMOG1_1(1.0),A,ITD58,GROWTHRATEN,2020,-6,,,,TIPO_DATO15__GROWTHRATEN_N1,,,
IT1:22_293_DF_DCIS_INDDEMOG1_1(1.0),A,ITD58,GROWTHRATEN,2021,-6.6,,,,TIPO_DATO15__GROWTHRATEN_N1,,,
IT1:22_293_DF_DCIS_INDDEMOG1_1(1.0),A,ITD58,GROWTHRATEN,2022,-5.8,,,,TIPO_DATO15__GROWTHRATEN_N1,,,
IT1:22_293_DF_DCIS_INDDEMOG1_1(1.0),A,ITD58,GROWTHRATEN,2023,-5,,,,TIPO_DATO15__GROWTHRATEN_N1,,,
IT1:22_293_DF_DCIS_INDDEMOG1_1(1.0),A,ITD58,GROWTHRATEN,2024,-5.2,,,,TIPO_DATO15__GROWTHRATEN_N1,,,
IT1:22_293_DF_DCIS_INDDEMOG1_1(1.0),A,ITD58,GROWTHRATEN,2025,-5.7,p,,,TIPO_DATO15__GROWTHRATEN_N1,,,
IT1:22_293_DF_DCIS_INDDEMOG1_1(1.0),A,ITD59,GROWTHRATEN,2015,-2,,,,TIPO_DATO15__GROWTHRATEN_N1,,,
IT1:22_293_DF_DCIS_INDDEMOG1_1(1.0),A,ITD59,GROWTHRATEN,2016,-1.9,,,,TIPO_DATO15__GROWTHRATEN_N1,,,
IT1:22_293_DF_DCIS_INDDEMOG1_1(1.0),A,ITD59,GROWTHRATEN,2017,-3,,,,TIPO_DATO15__GROWTHRATEN_N1,,,
IT1:22_293_DF_DCIS_INDDEMOG1_1(1.0),A,ITD59,GROWTHRATEN,2018,-2.9,,,,TIPO_DATO15__GROWTHRATEN_N1,,,
IT1:22_293_DF_DCIS_INDDEMOG1_1(1.0),A,ITD59,GROWTHRATEN,2019,-3.5,,,,TIPO_DATO15__GROWTHRATEN_N1,,,
IT1:22_293_DF_DCIS_INDDEMOG1_1(1.0),A,ITD59,GROWTHRATEN,2020,-6.1,,,,TIPO_DATO15__GROWTHRATEN_N1,,,
IT1:22_293_DF_DCIS_INDDEMOG1_1(1.0),A,ITD59,GROWTHRATEN,2021,-5.5,,,,TIPO_DATO15__GROWTHRATEN_N1,,,
IT1:22_293_DF_DCIS_INDDEMOG1_1(1.0),A,ITD59,GROWTHRATEN,2022,-5.4,,,,TIPO_DATO15__GROWTHRATEN_N1,,,
IT1:22_293_DF_DCIS_INDDEMOG1_1(1.0),A,ITD59,GROWTHRATEN,2023,-4.6,,,,TIPO_DATO15__GROWTHRATEN_N1,,,
IT1:22_293_DF_DCIS_INDDEMOG1_1(1.0),A,ITD59,GROWTHRATEN,2024,-4.9,,,,TIPO_DATO15__GROWTHRATEN_N1,,,
IT1:22_293_DF_DCIS_INDDEMOG1_1(1.0),A,ITD59,GROWTHRATEN,2025,-4.9,p,,,TIPO_DATO15__GROWTHRATEN_N1,,,
IT1:22_293_DF_DCIS_INDDEMOG1_1(1.0),A,ITDA,GROWTHRATEN,2015,0.7,,,,TIPO_DATO15__GROWTHRATEN_N1,,,
IT1:22_293_DF_DCIS_INDDEMOG1_1(1.0),A,ITDA,GROWTHRATEN,2016,0.8,,,,TIPO_DATO15__GROWTHRATEN_N1,,,
IT1:22_293_DF_DCIS_INDDEMOG1_1(1.0),A,ITDA,GROWTHRATEN,2017,0.4,,,,TIPO_DATO15__GROWTHRATEN_N1,,,
IT1:22_293_DF_DCIS_INDDEMOG1_1(1.0),A,ITDA,GROWTHRATEN,2018,0.2,,,,TIPO_DATO15__GROWTHRATEN_N1,,,
IT1:22_293_DF_DCIS_INDDEMOG1_1(1.0),A,ITDA,GROWTHRATEN,2019,-0.1,,,,TIPO_DATO15__GROWTHRATEN_N1,,,
IT1:22_293_DF_DCIS_INDDEMOG1_1(1.0),A,ITDA,GROWTHRATEN,2020,-2.5,,,,TIPO_DATO15__GROWTHRATEN_N1,,,
IT1:22_293_DF_DCIS_INDDEMOG1_1(1.0),A,ITDA,GROWTHRATEN,2021,-0.9,,,,TIPO_DATO15__GROWTHRATEN_N1,,,
IT1:22_293_DF_DCIS_INDDEMOG1_1(1.0),A,ITDA,GROWTHRATEN,2022,-1.6,,,,TIPO_DATO15__GROWTHRATEN_N1,,,
IT1:22_293_DF_DCIS_INDDEMOG1_1(1.0),A,ITDA,GROWTHRATEN,2023,-1.1,,,,TIPO_DATO15__GROWTHRATEN_N1,,,
IT1:22_293_DF_DCIS_INDDEMOG1_1(1.0),A,ITDA,GROWTHRATEN,2024,-1.4,,,,TIPO_DATO15__GROWTHRATEN_N1,,,
IT1:22_293_DF_DCIS_INDDEMOG1_1(1.0),A,ITDA,GROWTHRATEN,2025,-1.5,p,,,TIPO_DATO15__GROWTHRATEN_N1,,,
IT1:22_293_DF_DCIS_INDDEMOG1_1(1.0),A,ITE,GROWTHRATEN,2015,-3.2,,,,TIPO_DATO15__GROWTHRATEN_N1,,,
IT1:22_293_DF_DCIS_INDDEMOG1_1(1.0),A,ITE,GROWTHRATEN,2016,-2.9,,,,TIPO_DATO15__GROWTHRATEN_N1,,,
IT1:22_293_DF_DCIS_INDDEMOG1_1(1.0),A,ITE,GROWTHRATEN,2017,-3.9,,,,TIPO_DATO15__GROWTHRATEN_N1,,,
IT1:22_293_DF_DCIS_INDDEMOG1_1(1.0),A,ITE,GROWTHRATEN,2018,-3.8,,,,TIPO_DATO15__GROWTHRATEN_N1,,,
IT1:22_293_DF_DCIS_INDDEMOG1_1(1.0),A,ITE,GROWTHRATEN,2019,-4.3,,,,TIPO_DATO15__GROWTHRATEN_N1,,,
IT1:22_293_DF_DCIS_INDDEMOG1_1(1.0),A,ITE,GROWTHRATEN,2020,-5.6,,,,TIPO_DATO15__GROWTHRATEN_N1,,,
IT1:22_293_DF_DCIS_INDDEMOG1_1(1.0),A,ITE,GROWTHRATEN,2021,-5.8,,,,TIPO_DATO15__GROWTHRATEN_N1,,,
IT1:22_293_DF_DCIS_INDDEMOG1_1(1.0),A,ITE,GROWTHRATEN,2022,-6.2,,,,TIPO_DATO15__GROWTHRATEN_N1,,,
IT1:22_293_DF_DCIS_INDDEMOG1_1(1.0),A,ITE,GROWTHRATEN,2023,-5.8,,,,TIPO_DATO15__GROWTHRATEN_N1,,,
IT1:22_293_DF_DCIS_INDDEMOG1_1(1.0),A,ITE,GROWTHRATEN,2024,-5.7,,,,TIPO_DATO15__GROWTHRATEN_N1,,,
IT1:22_293_DF_DCIS_INDDEMOG1_1(1.0),A,ITE,GROWTHRATEN,2025,-5.8,p,,,TIPO_DATO15__GROWTHRATEN_N1,,,
IT1:22_293_DF_DCIS_INDDEMOG1_1(1.0),A,ITE1,GROWTHRATEN,2015,-4.8,,,,TIPO_DATO15__GROWTHRATEN_N1,,,
IT1:22_293_DF_DCIS_INDDEMOG1_1(1.0),A,ITE1,GROWTHRATEN,2016,-4.2,,,,TIPO_DATO15__GROWTHRATEN_N1,,,
IT1:22_293_DF_DCIS_INDDEMOG1_1(1.0),A,ITE1,GROWTHRATEN,2017,-5,,,,TIPO_DATO15__GROWTHRATEN_N1,,,
IT1:22_293_DF_DCIS_INDDEMOG1_1(1.0),A,ITE1,GROWTHRATEN,2018,-5,,,,TIPO_DATO15__GROWTHRATEN_N1,,,
IT1:22_293_DF_DCIS_INDDEMOG1_1(1.0),A,ITE1,GROWTHRATEN,2019,-5.5,,,,TIPO_DATO15__GROWTHRATEN_N1,,,
IT1:22_293_DF_DCIS_INDDEMOG1_1(1.0),A,ITE1,GROWTHRATEN,2020,-6.9,,,,TIPO_DATO15__GROWTHRATEN_N1,,,
IT1:22_293_DF_DCIS_INDDEMOG1_1(1.0),A,ITE1,GROWTHRATEN,2021,-6.8,,,,TIPO_DATO15__GROWTHRATEN_N1,,,
IT1:22_293_DF_DCIS_INDDEMOG1_1(1.0),A,ITE1,GROWTHRATEN,2022,-7.5,,,,TIPO_DATO15__GROWTHRATEN_N1,,,
IT1:22_293_DF_DCIS_INDDEMOG1_1(1.0),A,ITE1,GROWTHRATEN,2023,-6.4,,,,TIPO_DATO15__GROWTHRATEN_N1,,,
IT1:22_293_DF_DCIS_INDDEMOG1_1(1.0),A,ITE1,GROWTHRATEN,2024,-6.5,,,,TIPO_DATO15__GROWTHRATEN_N1,,,
IT1:22_293_DF_DCIS_INDDEMOG1_1(1.0),A,ITE1,GROWTHRATEN,2025,-6.5,p,,,TIPO_DATO15__GROWTHRATEN_N1,,,
IT1:22_293_DF_DCIS_INDDEMOG1_1(1.0),A,ITE11,GROWTHRATEN,2015,-7.6,,,,TIPO_DATO15__GROWTHRATEN_N1,,,
IT1:22_293_DF_DCIS_INDDEMOG1_1(1.0),A,ITE11,GROWTHRATEN,2016,-6.5,,,,TIPO_DATO15__GROWTHRATEN_N1,,,
IT1:22_293_DF_DCIS_INDDEMOG1_1(1.0),A,ITE11,GROWTHRATEN,2017,-7,,,,TIPO_DATO15__GROWTHRATEN_N1,,,
IT1:22_293_DF_DCIS_INDDEMOG1_1(1.0),A,ITE11,GROWTHRATEN,2018,-7.5,,,,TIPO_DATO15__GROWTHRATEN_N1,,,
IT1:22_293_DF_DCIS_INDDEMOG1_1(1.0),A,ITE11,GROWTHRATEN,2019,-8,,,,TIPO_DATO15__GROWTHRATEN_N1,,,
IT1:22_293_DF_DCIS_INDDEMOG1_1(1.0),A,ITE11,GROWTHRATEN,2020,-10.7,,,,TIPO_DATO15__GROWTHRATEN_N1,,,
IT1:22_293_DF_DCIS_INDDEMOG1_1(1.0),A,ITE11,GROWTHRATEN,2021,-8.9,,,,TIPO_DATO15__GROWTHRATEN_N1,,,
IT1:22_293_DF_DCIS_INDDEMOG1_1(1.0),A,ITE11,GROWTHRATEN,2022,-10.2,,,,TIPO_DATO15__GROWTHRATEN_N1,,,
IT1:22_293_DF_DCIS_INDDEMOG1_1(1.0),A,ITE11,GROWTHRATEN,2023,-9.4,,,,TIPO_DATO15__GROWTHRATEN_N1,,,
IT1:22_293_DF_DCIS_INDDEMOG1_1(1.0),A,ITE11,GROWTHRATEN,2024,-8.3,,,,TIPO_DATO15__GROWTHRATEN_N1,,,
IT1:22_293_DF_DCIS_INDDEMOG1_1(1.0),A,ITE11,GROWTHRATEN,2025,-8.6,p,,,TIPO_DATO15__GROWTHRATEN_N1,,,
IT1:22_293_DF_DCIS_INDDEMOG1_1(1.0),A,ITE12,GROWTHRATEN,2015,-5.8,,,,TIPO_DATO15__GROWTHRATEN_N1,,,
IT1:22_293_DF_DCIS_INDDEMOG1_1(1.0),A,ITE12,GROWTHRATEN,2016,-5.1,,,,TIPO_DATO15__GROWTHRATEN_N1,,,
IT1:22_293_DF_DCIS_INDDEMOG1_1(1.0),A,ITE12,GROWTHRATEN,2017,-6.2,,,,TIPO_DATO15__GROWTHRATEN_N1,,,
IT1:22_293_DF_DCIS_INDDEMOG1_1(1.0),A,ITE12,GROWTHRATEN,2018,-6.3,,,,TIPO_DATO15__GROWTHRATEN_N1,,,
IT1:22_293_DF_DCIS_INDDEMOG1_1(1.0),A,ITE12,GROWTHRATEN,2019,-6.2,,,,TIPO_DATO15__GROWTHRATEN_N1,,,
IT1:22_293_DF_DCIS_INDDEMOG1_1(1.0),A,ITE12,GROWTHRATEN,2020,-7.7,,,,TIPO_DATO15__GROWTHRATEN_N1,,,
IT1:22_293_DF_DCIS_INDDEMOG1_1(1.0),A,ITE12,GROWTHRATEN,2021,-7.7,,,,TIPO_DATO15__GROWTHRATEN_N1,,,
IT1:22_293_DF_DCIS_INDDEMOG1_1(1.0),A,ITE12,GROWTHRATEN,2022,-8,,,,TIPO_DATO15__GROWTHRATEN_N1,,,
IT1:22_293_DF_DCIS_INDDEMOG1_1(1.0),A,ITE12,GROWTHRATEN,2023,-7.4,,,,TIPO_DATO15__GROWTHRATEN_N1,,,
IT1:22_293_DF_DCIS_INDDEMOG1_1(1.0),A,ITE12,GROWTHRATEN,2024,-7.3,,,,TIPO_DATO15__GROWTHRATEN_N1,,,
IT1:22_293_DF_DCIS_INDDEMOG1_1(1.0),A,ITE12,GROWTHRATEN,2025,-7.4,p,,,TIPO_DATO15__GROWTHRATEN_N1,,,
IT1:22_293_DF_DCIS_INDDEMOG1_1(1.0),A,ITE13,GROWTHRATEN,2015,-3.8,,,,TIPO_DATO15__GROWTHRATEN_N1,,,
IT1:22_293_DF_DCIS_INDDEMOG1_1(1.0),A,ITE13,GROWTHRATEN,2016,-4.1,,,,TIPO_DATO15__GROWTHRATEN_N1,,,
IT1:22_293_DF_DCIS_INDDEMOG1_1(1.0),A,ITE13,GROWTHRATEN,2017,-5,,,,TIPO_DATO15__GROWTHRATEN_N1,,,
IT1:22_293_DF_DCIS_INDDEMOG1_1(1.0),A,ITE13,GROWTHRATEN,2018,-4.3,,,,TIPO_DATO15__GROWTHRATEN_N1,,,
IT1:22_293_DF_DCIS_INDDEMOG1_1(1.0),A,ITE13,GROWTHRATEN,2019,-5,,,,TIPO_DATO15__GROWTHRATEN_N1,,,
IT1:22_293_DF_DCIS_INDDEMOG1_1(1.0),A,ITE13,GROWTHRATEN,2020,-6.4,,,,TIPO_DATO15__GROWTHRATEN_N1,,,
IT1:22_293_DF_DCIS_INDDEMOG1_1(1.0),A,ITE13,GROWTHRATEN,2021,-7.4,,,,TIPO_DATO15__GROWTHRATEN_N1,,,
IT1:22_293_DF_DCIS_INDDEMOG1_1(1.0),A,ITE13,GROWTHRATEN,2022,-6.7,,,,TIPO_DATO15__GROWTHRATEN_N1,,,
IT1:22_293_DF_DCIS_INDDEMOG1_1(1.0),A,ITE13,GROWTHRATEN,2023,-6.4,,,,TIPO_DATO15__GROWTHRATEN_N1,,,
IT1:22_293_DF_DCIS_INDDEMOG1_1(1.0),A,ITE13,GROWTHRATEN,2024,-6.5,,,,TIPO_DATO15__GROWTHRATEN_N1,,,
IT1:22_293_DF_DCIS_INDDEMOG1_1(1.0),A,ITE13,GROWTHRATEN,2025,-6,p,,,TIPO_DATO15__GROWTHRATEN_N1,,,
IT1:22_293_DF_DCIS_INDDEMOG1_1(1.0),A,ITE14,GROWTHRATEN,2015,-4.4,,,,TIPO_DATO15__GROWTHRATEN_N1,,,
IT1:22_293_DF_DCIS_INDDEMOG1_1(1.0),A,ITE14,GROWTHRATEN,2016,-3.5,,,,TIPO_DATO15__GROWTHRATEN_N1,,,
IT1:22_293_DF_DCIS_INDDEMOG1_1(1.0),A,ITE14,GROWTHRATEN,2017,-4.4,,,,TIPO_DATO15__GROWTHRATEN_N1,,,
IT1:22_293_DF_DCIS_INDDEMOG1_1(1.0),A,ITE14,GROWTHRATEN,2018,-4.1,,,,TIPO_DATO15__GROWTHRATEN_N1,,,
IT1:22_293_DF_DCIS_INDDEMOG1_1(1.0),A,ITE14,GROWTHRATEN,2019,-4.7,,,,TIPO_DATO15__GROWTHRATEN_N1,,,
IT1:22_293_DF_DCIS_INDDEMOG1_1(1.0),A,ITE14,GROWTHRATEN,2020,-6.4,,,,TIPO_DATO15__GROWTHRATEN_N1,,,
IT1:22_293_DF_DCIS_INDDEMOG1_1(1.0),A,ITE14,GROWTHRATEN,2021,-5.7,,,,TIPO_DATO15__GROWTHRATEN_N1,,,
IT1:22_293_DF_DCIS_INDDEMOG1_1(1.0),A,ITE14,GROWTHRATEN,2022,-6.8,,,,TIPO_DATO15__GROWTHRATEN_N1,,,
IT1:22_293_DF_DCIS_INDDEMOG1_1(1.0),A,ITE14,GROWTHRATEN,2023,-5.5,,,,TIPO_DATO15__GROWTHRATEN_N1,,,
IT1:22_293_DF_DCIS_INDDEMOG1_1(1.0),A,ITE14,GROWTHRATEN,2024,-5.8,,,,TIPO_DATO15__GROWTHRATEN_N1,,,
IT1:22_293_DF_DCIS_INDDEMOG1_1(1.0),A,ITE14,GROWTHRATEN,2025,-5.6,p,,,TIPO_DATO15__GROWTHRATEN_N1,,,
IT1:22_293_DF_DCIS_INDDEMOG1_1(1.0),A,ITE15,GROWTHRATEN,2015,-1.6,,,,TIPO_DATO15__GROWTHRATEN_N1,,,
IT1:22_293_DF_DCIS_INDDEMOG1_1(1.0),A,ITE15,GROWTHRATEN,2016,-1.3,,,,TIPO_DATO15__GROWTHRATEN_N1,,,
IT1:22_293_DF_DCIS_INDDEMOG1_1(1.0),A,ITE15,GROWTHRATEN,2017,-1.5,,,,TIPO_DATO15__GROWTHRATEN_N1,,,
IT1:22_293_DF_DCIS_INDDEMOG1_1(1.0),A,ITE15,GROWTHRATEN,2018,-2.9,,,,TIPO_DATO15__GROWTHRATEN_N1,,,
IT1:22_293_DF_DCIS_INDDEMOG1_1(1.0),A,ITE15,GROWTHRATEN,2019,-2.6,,,,TIPO_DATO15__GROWTHRATEN_N1,,,
IT1:22_293_DF_DCIS_INDDEMOG1_1(1.0),A,ITE15,GROWTHRATEN,2020,-4.3,,,,TIPO_DATO15__GROWTHRATEN_N1,,,
IT1:22_293_DF_DCIS_INDDEMOG1_1(1.0),A,ITE15,GROWTHRATEN,2021,-5.5,,,,TIPO_DATO15__GROWTHRATEN_N1,,,
IT1:22_293_DF_DCIS_INDDEMOG1_1(1.0),A,ITE15,GROWTHRATEN,2022,-5.3,,,,TIPO_DATO15__GROWTHRATEN_N1,,,
IT1:22_293_DF_DCIS_INDDEMOG1_1(1.0),A,ITE15,GROWTHRATEN,2023,-3.9,,,,TIPO_DATO15__GROWTHRATEN_N1,,,
IT1:22_293_DF_DCIS_INDDEMOG1_1(1.0),A,ITE15,GROWTHRATEN,2024,-4.7,,,,TIPO_DATO15__GROWTHRATEN_N1,,,
IT1:22_293_DF_DCIS_INDDEMOG1_1(1.0),A,ITE15,GROWTHRATEN,2025,-4.6,p,,,TIPO_DATO15__GROWTHRATEN_N1,,,
IT1:22_293_DF_DCIS_INDDEMOG1_1(1.0),A,ITE16,GROWTHRATEN,2015,-6,,,,TIPO_DATO15__GROWTHRATEN_N1,,,
IT1:22_293_DF_DCIS_INDDEMOG1_1(1.0),A,ITE16,GROWTHRATEN,2016,-5.7,,,,TIPO_DATO15__GROWTHRATEN_N1,,,
IT1:22_293_DF_DCIS_INDDEMOG1_1(1.0),A,ITE16,GROWTHRATEN,2017,-6.1,,,,TIPO_DATO15__GROWTHRATEN_N1,,,
IT1:22_293_DF_DCIS_INDDEMOG1_1(1.0),A,ITE16,GROWTHRATEN,2018,-6.3,,,,TIPO_DATO15__GROWTHRATEN_N1,,,
IT1:22_293_DF_DCIS_INDDEMOG1_1(1.0),A,ITE16,GROWTHRATEN,2019,-6.8,,,,TIPO_DATO15__GROWTHRATEN_N1,,,
IT1:22_293_DF_DCIS_INDDEMOG1_1(1.0),A,ITE16,GROWTHRATEN,2020,-8.2,,,,TIPO_DATO15__GROWTHRATEN_N1,,,
IT1:22_293_DF_DCIS_INDDEMOG1_1(1.0),A,ITE16,GROWTHRATEN,2021,-8,,,,TIPO_DATO15__GROWTHRATEN_N1,,,
IT1:22_293_DF_DCIS_INDDEMOG1_1(1.0),A,ITE16,GROWTHRATEN,2022,-9.3,,,,TIPO_DATO15__GROWTHRATEN_N1,,,
IT1:22_293_DF_DCIS_INDDEMOG1_1(1.0),A,ITE16,GROWTHRATEN,2023,-7.8,,,,TIPO_DATO15__GROWTHRATEN_N1,,,
IT1:22_293_DF_DCIS_INDDEMOG1_1(1.0),A,ITE16,GROWTHRATEN,2024,-7.8,,,,TIPO_DATO15__GROWTHRATEN_N1,,,
IT1:22_293_DF_DCIS_INDDEMOG1_1(1.0),A,ITE16,GROWTHRATEN,2025,-8.3,p,,,TIPO_DATO15__GROWTHRATEN_N1,,,
IT1:22_293_DF_DCIS_INDDEMOG1_1(1.0),A,ITE17,GROWTHRATEN,2015,-3.6,,,,TIPO_DATO15__GROWTHRATEN_N1,,,
IT1:22_293_DF_DCIS_INDDEMOG1_1(1.0),A,ITE17,GROWTHRATEN,2016,-3,,,,TIPO_DATO15__GROWTHRATEN_N1,,,
IT1:22_293_DF_DCIS_INDDEMOG1_1(1.0),A,ITE17,GROWTHRATEN,2017,-3.8,,,,TIPO_DATO15__GROWTHRATEN_N1,,,
IT1:22_293_DF_DCIS_INDDEMOG1_1(1.0),A,ITE17,GROWTHRATEN,2018,-4.3,,,,TIPO_DATO15__GROWTHRATEN_N1,,,
IT1:22_293_DF_DCIS_INDDEMOG1_1(1.0),A,ITE17,GROWTHRATEN,2019,-4.8,,,,TIPO_DATO15__GROWTHRATEN_N1,,,
IT1:22_293_DF_DCIS_INDDEMOG1_1(1.0),A,ITE17,GROWTHRATEN,2020,-5.9,,,,TIPO_DATO15__GROWTHRATEN_N1,,,
IT1:22_293_DF_DCIS_INDDEMOG1_1(1.0),A,ITE17,GROWTHRATEN,2021,-5.6,,,,TIPO_DATO15__GROWTHRATEN_N1,,,
IT1:22_293_DF_DCIS_INDDEMOG1_1(1.0),A,ITE17,GROWTHRATEN,2022,-6.5,,,,TIPO_DATO15__GROWTHRATEN_N1,,,
IT1:22_293_DF_DCIS_INDDEMOG1_1(1.0),A,ITE17,GROWTHRATEN,2023,-5.2,,,,TIPO_DATO15__GROWTHRATEN_N1,,,
IT1:22_293_DF_DCIS_INDDEMOG1_1(1.0),A,ITE17,GROWTHRATEN,2024,-5.3,,,,TIPO_DATO15__GROWTHRATEN_N1,,,
IT1:22_293_DF_DCIS_INDDEMOG1_1(1.0),A,ITE17,GROWTHRATEN,2025,-5.6,p,,,TIPO_DATO15__GROWTHRATEN_N1,,,
IT1:22_293_DF_DCIS_INDDEMOG1_1(1.0),A,ITE18,GROWTHRATEN,2015,-4.8,,,,TIPO_DATO15__GROWTHRATEN_N1,,,
IT1:22_293_DF_DCIS_INDDEMOG1_1(1.0),A,ITE18,GROWTHRATEN,2016,-4.1,,,,TIPO_DATO15__GROWTHRATEN_N1,,,
IT1:22_293_DF_DCIS_INDDEMOG1_1(1.0),A,ITE18,GROWTHRATEN,2017,-4.8,,,,TIPO_DATO15__GROWTHRATEN_N1,,,
IT1:22_293_DF_DCIS_INDDEMOG1_1(1.0),A,ITE18,GROWTHRATEN,2018,-5.2,,,,TIPO_DATO15__GROWTHRATEN_N1,,,
IT1:22_293_DF_DCIS_INDDEMOG1_1(1.0),A,ITE18,GROWTHRATEN,2019,-5.3,,,,TIPO_DATO15__GROWTHRATEN_N1,,,
IT1:22_293_DF_DCIS_INDDEMOG1_1(1.0),A,ITE18,GROWTHRATEN,2020,-6.7,,,,TIPO_DATO15__GROWTHRATEN_N1,,,
IT1:22_293_DF_DCIS_INDDEMOG1_1(1.0),A,ITE18,GROWTHRATEN,2021,-7,,,,TIPO_DATO15__GROWTHRATEN_N1,,,
IT1:22_293_DF_DCIS_INDDEMOG1_1(1.0),A,ITE18,GROWTHRATEN,2022,-7.5,,,,TIPO_DATO15__GROWTHRATEN_N1,,,
IT1:22_293_DF_DCIS_INDDEMOG1_1(1.0),A,ITE18,GROWTHRATEN,2023,-6.6,,,,TIPO_DATO15__GROWTHRATEN_N1,,,
IT1:22_293_DF_DCIS_INDDEMOG1_1(1.0),A,ITE18,GROWTHRATEN,2024,-6.2,,,,TIPO_DATO15__GROWTHRATEN_N1,,,
IT1:22_293_DF_DCIS_INDDEMOG1_1(1.0),A,ITE18,GROWTHRATEN,2025,-6.6,p,,,TIPO_DATO15__GROWTHRATEN_N1,,,
IT1:22_293_DF_DCIS_INDDEMOG1_1(1.0),A,ITE19,GROWTHRATEN,2015,-5.4,,,,TIPO_DATO15__GROWTHRATEN_N1,,,
IT1:22_293_DF_DCIS_INDDEMOG1_1(1.0),A,ITE19,GROWTHRATEN,2016,-5.1,,,,TIPO_DATO15__GROWTHRATEN_N1,,,
IT1:22_293_DF_DCIS_INDDEMOG1_1(1.0),A,ITE19,GROWTHRATEN,2017,-5.8,,,,TIPO_DATO15__GROWTHRATEN_N1,,,
IT1:22_293_DF_DCIS_INDDEMOG1_1(1.0),A,ITE19,GROWTHRATEN,2018,-5.6,,,,TIPO_DATO15__GROWTHRATEN_N1,,,
IT1:22_293_DF_DCIS_INDDEMOG1_1(1.0),A,ITE19,GROWTHRATEN,2019,-6.4,,,,TIPO_DATO15__GROWTHRATEN_N1,,,
IT1:22_293_DF_DCIS_INDDEMOG1_1(1.0),A,ITE19,GROWTHRATEN,2020,-7.1,,,,TIPO_DATO15__GROWTHRATEN_N1,,,
IT1:22_293_DF_DCIS_INDDEMOG1_1(1.0),A,ITE19,GROWTHRATEN,2021,-7.4,,,,TIPO_DATO15__GROWTHRATEN_N1,,,
IT1:22_293_DF_DCIS_INDDEMOG1_1(1.0),A,ITE19,GROWTHRATEN,2022,-8,,,,TIPO_DATO15__GROWTHRATEN_N1,,,
IT1:22_293_DF_DCIS_INDDEMOG1_1(1.0),A,ITE19,GROWTHRATEN,2023,-6.7,,,,TIPO_DATO15__GROWTHRATEN_N1,,,
IT1:22_293_DF_DCIS_INDDEMOG1_1(1.0),A,ITE19,GROWTHRATEN,2024,-6.6,,,,TIPO_DATO15__GROWTHRATEN_N1,,,
IT1:22_293_DF_DCIS_INDDEMOG1_1(1.0),A,ITE19,GROWTHRATEN,2025,-6.7,p,,,TIPO_DATO15__GROWTHRATEN_N1,,,
IT1:22_293_DF_DCIS_INDDEMOG1_1(1.0),A,ITE1A,GROWTHRATEN,2015,-6.7,,,,TIPO_DATO15__GROWTHRATEN_N1,,,
IT1:22_293_DF_DCIS_INDDEMOG1_1(1.0),A,ITE1A,GROWTHRATEN,2016,-6.1,,,,TIPO_DATO15__GROWTHRATEN_N1,,,
IT1:22_293_DF_DCIS_INDDEMOG1_1(1.0),A,ITE1A,GROWTHRATEN,2017,-7,,,,TIPO_DATO15__GROWTHRATEN_N1,,,
IT1:22_293_DF_DCIS_INDDEMOG1_1(1.0),A,ITE1A,GROWTHRATEN,2018,-6.3,,,,TIPO_DATO15__GROWTHRATEN_N1,,,
IT1:22_293_DF_DCIS_INDDEMOG1_1(1.0),A,ITE1A,GROWTHRATEN,2019,-7.6,,,,TIPO_DATO15__GROWTHRATEN_N1,,,
IT1:22_293_DF_DCIS_INDDEMOG1_1(1.0),A,ITE1A,GROWTHRATEN,2020,-8.4,,,,TIPO_DATO15__GROWTHRATEN_N1,,,
IT1:22_293_DF_DCIS_INDDEMOG1_1(1.0),A,ITE1A,GROWTHRATEN,2021,-8.1,,,,TIPO_DATO15__GROWTHRATEN_N1,,,
IT1:22_293_DF_DCIS_INDDEMOG1_1(1.0),A,ITE1A,GROWTHRATEN,2022,-9.1,,,,TIPO_DATO15__GROWTHRATEN_N1,,,
IT1:22_293_DF_DCIS_INDDEMOG1_1(1.0),A,ITE1A,GROWTHRATEN,2023,-8.6,,,,TIPO_DATO15__GROWTHRATEN_N1,,,
IT1:22_293_DF_DCIS_INDDEMOG1_1(1.0),A,ITE1A,GROWTHRATEN,2024,-9,,,,TIPO_DATO15__GROWTHRATEN_N1,,,
IT1:22_293_DF_DCIS_INDDEMOG1_1(1.0),A,ITE1A,GROWTHRATEN,2025,-8.5,p,,,TIPO_DATO15__GROWTHRATEN_N1,,,
IT1:22_293_DF_DCIS_INDDEMOG1_1(1.0),A,ITE2,GROWTHRATEN,2015,-4.8,,,,TIPO_DATO15__GROWTHRATEN_N1,,,
IT1:22_293_DF_DCIS_INDDEMOG1_1(1.0),A,ITE2,GROWTHRATEN,2016,-4.4,,,,TIPO_DATO15__GROWTHRATEN_N1,,,
IT1:22_293_DF_DCIS_INDDEMOG1_1(1.0),A,ITE2,GROWTHRATEN,2017,-5.3,,,,TIPO_DATO15__GROWTHRATEN_N1,,,
IT1:22_293_DF_DCIS_INDDEMOG1_1(1.0),A,ITE2,GROWTHRATEN,2018,-4.9,,,,TIPO_DATO15__GROWTHRATEN_N1,,,
IT1:22_293_DF_DCIS_INDDEMOG1_1(1.0),A,ITE2,GROWTHRATEN,2019,-5.4,,,,TIPO_DATO15__GROWTHRATEN_N1,,,
IT1:22_293_DF_DCIS_INDDEMOG1_1(1.0),A,ITE2,GROWTHRATEN,2020,-6.7,,,,TIPO_DATO15__GROWTHRATEN_N1,,,
IT1:22_293_DF_DCIS_INDDEMOG1_1(1.0),A,ITE2,GROWTHRATEN,2021,-7.2,,,,TIPO_DATO15__GROWTHRATEN_N1,,,
IT1:22_293_DF_DCIS_INDDEMOG1_1(1.0),A,ITE2,GROWTHRATEN,2022,-7.8,,,,TIPO_DATO15__GROWTHRATEN_N1,,,
IT1:22_293_DF_DCIS_INDDEMOG1_1(1.0),A,ITE2,GROWTHRATEN,2023,-7.1,,,,TIPO_DATO15__GROWTHRATEN_N1,,,
IT1:22_293_DF_DCIS_INDDEMOG1_1(1.0),A,ITE2,GROWTHRATEN,2024,-6.9,,,,TIPO_DATO15__GROWTHRATEN_N1,,,
IT1:22_293_DF_DCIS_INDDEMOG1_1(1.0),A,ITE2,GROWTHRATEN,2025,-6.9,p,,,TIPO_DATO15__GROWTHRATEN_N1,,,
IT1:22_293_DF_DCIS_INDDEMOG1_1(1.0),A,ITE21,GROWTHRATEN,2015,-4.1,,,,TIPO_DATO15__GROWTHRATEN_N1,,,
IT1:22_293_DF_DCIS_INDDEMOG1_1(1.0),A,ITE21,GROWTHRATEN,2016,-3.7,,,,TIPO_DATO15__GROWTHRATEN_N1,,,
IT1:22_293_DF_DCIS_INDDEMOG1_1(1.0),A,ITE21,GROWTHRATEN,2017,-4.6,,,,TIPO_DATO15__GROWTHRATEN_N1,,,
IT1:22_293_DF_DCIS_INDDEMOG1_1(1.0),A,ITE21,GROWTHRATEN,2018,-4.3,,,,TIPO_DATO15__GROWTHRATEN_N1,,,
IT1:22_293_DF_DCIS_INDDEMOG1_1(1.0),A,ITE21,GROWTHRATEN,2019,-4.7,,,,TIPO_DATO15__GROWTHRATEN_N1,,,
IT1:22_293_DF_DCIS_INDDEMOG1_1(1.0),A,ITE21,GROWTHRATEN,2020,-6,,,,TIPO_DATO15__GROWTHRATEN_N1,,,
IT1:22_293_DF_DCIS_INDDEMOG1_1(1.0),A,ITE21,GROWTHRATEN,2021,-6.8,,,,TIPO_DATO15__GROWTHRATEN_N1,,,
IT1:22_293_DF_DCIS_INDDEMOG1_1(1.0),A,ITE21,GROWTHRATEN,2022,-7,,,,TIPO_DATO15__GROWTHRATEN_N1,,,
IT1:22_293_DF_DCIS_INDDEMOG1_1(1.0),A,ITE21,GROWTHRATEN,2023,-6.3,,,,TIPO_DATO15__GROWTHRATEN_N1,,,
IT1:22_293_DF_DCIS_INDDEMOG1_1(1.0),A,ITE21,GROWTHRATEN,2024,-6.3,,,,TIPO_DATO15__GROWTHRATEN_N1,,,
IT1:22_293_DF_DCIS_INDDEMOG1_1(1.0),A,ITE21,GROWTHRATEN,2025,-6.4,p,,,TIPO_DATO15__GROWTHRATEN_N1,,,
IT1:22_293_DF_DCIS_INDDEMOG1_1(1.0),A,ITE22,GROWTHRATEN,2015,-7,,,,TIPO_DATO15__GROWTHRATEN_N1,,,
IT1:22_293_DF_DCIS_INDDEMOG1_1(1.0),A,ITE22,GROWTHRATEN,2016,-6.4,,,,TIPO_DATO15__GROWTHRATEN_N1,,,
IT1:22_293_DF_DCIS_INDDEMOG1_1(1.0),A,ITE22,GROWTHRATEN,2017,-7.3,,,,TIPO_DATO15__GROWTHRATEN_N1,,,
IT1:22_293_DF_DCIS_INDDEMOG1_1(1.0),A,ITE22,GROWTHRATEN,2018,-6.6,,,,TIPO_DATO15__GROWTHRATEN_N1,,,
IT1:22_293_DF_DCIS_INDDEMOG1_1(1.0),A,ITE22,GROWTHRATEN,2019,-7.3,,,,TIPO_DATO15__GROWTHRATEN_N1,,,
IT1:22_293_DF_DCIS_INDDEMOG1_1(1.0),A,ITE22,GROWTHRATEN,2020,-8.7,,,,TIPO_DATO15__GROWTHRATEN_N1,,,
IT1:22_293_DF_DCIS_INDDEMOG1_1(1.0),A,ITE22,GROWTHRATEN,2021,-8.4,,,,TIPO_DATO15__GROWTHRATEN_N1,,,
IT1:22_293_DF_DCIS_INDDEMOG1_1(1.0),A,ITE22,GROWTHRATEN,2022,-10,,,,TIPO_DATO15__GROWTHRATEN_N1,,,
IT1:22_293_DF_DCIS_INDDEMOG1_1(1.0),A,ITE22,GROWTHRATEN,2023,-9.4,,,,TIPO_DATO15__GROWTHRATEN_N1,,,
IT1:22_293_DF_DCIS_INDDEMOG1_1(1.0),A,ITE22,GROWTHRATEN,2024,-8.6,,,,TIPO_DATO15__GROWTHRATEN_N1,,,
IT1:22_293_DF_DCIS_INDDEMOG1_1(1.0),A,ITE22,GROWTHRATEN,2025,-8.6,p,,,TIPO_DATO15__GROWTHRATEN_N1,,,
IT1:22_293_DF_DCIS_INDDEMOG1_1(1.0),A,ITE3,GROWTHRATEN,2015,-4.1,,,,TIPO_DATO15__GROWTHRATEN_N1,,,
IT1:22_293_DF_DCIS_INDDEMOG1_1(1.0),A,ITE3,GROWTHRATEN,2016,-3.8,,,,TIPO_DATO15__GROWTHRATEN_N1,,,
IT1:22_293_DF_DCIS_INDDEMOG1_1(1.0),A,ITE3,GROWTHRATEN,2017,-5.1,,,,TIPO_DATO15__GROWTHRATEN_N1,,,
IT1:22_293_DF_DCIS_INDDEMOG1_1(1.0),A,ITE3,GROWTHRATEN,2018,-4.6,,,,TIPO_DATO15__GROWTHRATEN_N1,,,
IT1:22_293_DF_DCIS_INDDEMOG1_1(1.0),A,ITE3,GROWTHRATEN,2019,-5.1,,,,TIPO_DATO15__GROWTHRATEN_N1,,,
IT1:22_293_DF_DCIS_INDDEMOG1_1(1.0),A,ITE3,GROWTHRATEN,2020,-7,,,,TIPO_DATO15__GROWTHRATEN_N1,,,
IT1:22_293_DF_DCIS_INDDEMOG1_1(1.0),A,ITE3,GROWTHRATEN,2021,-7,,,,TIPO_DATO15__GROWTHRATEN_N1,,,
IT1:22_293_DF_DCIS_INDDEMOG1_1(1.0),A,ITE3,GROWTHRATEN,2022,-7.3,,,,TIPO_DATO15__GROWTHRATEN_N1,,,
IT1:22_293_DF_DCIS_INDDEMOG1_1(1.0),A,ITE3,GROWTHRATEN,2023,-6,,,,TIPO_DATO15__GROWTHRATEN_N1,,,
IT1:22_293_DF_DCIS_INDDEMOG1_1(1.0),A,ITE3,GROWTHRATEN,2024,-6.3,,,,TIPO_DATO15__GROWTHRATEN_N1,,,
IT1:22_293_DF_DCIS_INDDEMOG1_1(1.0),A,ITE3,GROWTHRATEN,2025,-6.2,p,,,TIPO_DATO15__GROWTHRATEN_N1,,,
IT1:22_293_DF_DCIS_INDDEMOG1_1(1.0),A,ITE31,GROWTHRATEN,2015,-3.2,,,,TIPO_DATO15__GROWTHRATEN_N1,,,
IT1:22_293_DF_DCIS_INDDEMOG1_1(1.0),A,ITE31,GROWTHRATEN,2016,-3.1,,,,TIPO_DATO15__GROWTHRATEN_N1,,,
IT1:22_293_DF_DCIS_INDDEMOG1_1(1.0),A,ITE31,GROWTHRATEN,2017,-3.9,,,,TIPO_DATO15__GROWTHRATEN_N1,,,
IT1:22_293_DF_DCIS_INDDEMOG1_1(1.0),A,ITE31,GROWTHRATEN,2018,-4.1,,,,TIPO_DATO15__GROWTHRATEN_N1,,,
IT1:22_293_DF_DCIS_INDDEMOG1_1(1.0),A,ITE31,GROWTHRATEN,2019,-4.8,,,,TIPO_DATO15__GROWTHRATEN_N1,,,
IT1:22_293_DF_DCIS_INDDEMOG1_1(1.0),A,ITE31,GROWTHRATEN,2020,-7.9,,,,TIPO_DATO15__GROWTHRATEN_N1,,,
IT1:22_293_DF_DCIS_INDDEMOG1_1(1.0),A,ITE31,GROWTHRATEN,2021,-5.9,,,,TIPO_DATO15__GROWTHRATEN_N1,,,
IT1:22_293_DF_DCIS_INDDEMOG1_1(1.0),A,ITE31,GROWTHRATEN,2022,-6.7,,,,TIPO_DATO15__GROWTHRATEN_N1,,,
IT1:22_293_DF_DCIS_INDDEMOG1_1(1.0),A,ITE31,GROWTHRATEN,2023,-5.6,,,,TIPO_DATO15__GROWTHRATEN_N1,,,
IT1:22_293_DF_DCIS_INDDEMOG1_1(1.0),A,ITE31,GROWTHRATEN,2024,-5.7,,,,TIPO_DATO15__GROWTHRATEN_N1,,,
IT1:22_293_DF_DCIS_INDDEMOG1_1(1.0),A,ITE31,GROWTHRATEN,2025,-6.2,p,,,TIPO_DATO15__GROWTHRATEN_N1,,,
IT1:22_293_DF_DCIS_INDDEMOG1_1(1.0),A,ITE32,GROWTHRATEN,2015,-4,,,,TIPO_DATO15__GROWTHRATEN_N1,,,
IT1:22_293_DF_DCIS_INDDEMOG1_1(1.0),A,ITE32,GROWTHRATEN,2016,-3.9,,,,TIPO_DATO15__GROWTHRATEN_N1,,,
IT1:22_293_DF_DCIS_INDDEMOG1_1(1.0),A,ITE32,GROWTHRATEN,2017,-5.1,,,,TIPO_DATO15__GROWTHRATEN_N1,,,
IT1:22_293_DF_DCIS_INDDEMOG1_1(1.0),A,ITE32,GROWTHRATEN,2018,-4.7,,,,TIPO_DATO15__GROWTHRATEN_N1,,,
IT1:22_293_DF_DCIS_INDDEMOG1_1(1.0),A,ITE32,GROWTHRATEN,2019,-5.1,,,,TIPO_DATO15__GROWTHRATEN_N1,,,
IT1:22_293_DF_DCIS_INDDEMOG1_1(1.0),A,ITE32,GROWTHRATEN,2020,-6.6,,,,TIPO_DATO15__GROWTHRATEN_N1,,,
IT1:22_293_DF_DCIS_INDDEMOG1_1(1.0),A,ITE32,GROWTHRATEN,2021,-7.3,,,,TIPO_DATO15__GROWTHRATEN_N1,,,
IT1:22_293_DF_DCIS_INDDEMOG1_1(1.0),A,ITE32,GROWTHRATEN,2022,-7.2,,,,TIPO_DATO15__GROWTHRATEN_N1,,,
IT1:22_293_DF_DCIS_INDDEMOG1_1(1.0),A,ITE32,GROWTHRATEN,2023,-6,,,,TIPO_DATO15__GROWTHRATEN_N1,,,
IT1:22_293_DF_DCIS_INDDEMOG1_1(1.0),A,ITE32,GROWTHRATEN,2024,-6.1,,,,TIPO_DATO15__GROWTHRATEN_N1,,,
IT1:22_293_DF_DCIS_INDDEMOG1_1(1.0),A,ITE32,GROWTHRATEN,2025,-5.8,p,,,TIPO_DATO15__GROWTHRATEN_N1,,,
IT1:22_293_DF_DCIS_INDDEMOG1_1(1.0),A,ITE33,GROWTHRATEN,2015,-4.4,,,,TIPO_DATO15__GROWTHRATEN_N1,,,
IT1:22_293_DF_DCIS_INDDEMOG1_1(1.0),A,ITE33,GROWTHRATEN,2016,-3.9,,,,TIPO_DATO15__GROWTHRATEN_N1,,,
IT1:22_293_DF_DCIS_INDDEMOG1_1(1.0),A,ITE33,GROWTHRATEN,2017,-5.3,,,,TIPO_DATO15__GROWTHRATEN_N1,,,
IT1:22_293_DF_DCIS_INDDEMOG1_1(1.0),A,ITE33,GROWTHRATEN,2018,-4.1,,,,TIPO_DATO15__GROWTHRATEN_N1,,,
IT1:22_293_DF_DCIS_INDDEMOG1_1(1.0),A,ITE33,GROWTHRATEN,2019,-5,,,,TIPO_DATO15__GROWTHRATEN_N1,,,
IT1:22_293_DF_DCIS_INDDEMOG1_1(1.0),A,ITE33,GROWTHRATEN,2020,-6.7,,,,TIPO_DATO15__GROWTHRATEN_N1,,,
IT1:22_293_DF_DCIS_INDDEMOG1_1(1.0),A,ITE33,GROWTHRATEN,2021,-7.2,,,,TIPO_DATO15__GROWTHRATEN_N1,,,
IT1:22_293_DF_DCIS_INDDEMOG1_1(1.0),A,ITE33,GROWTHRATEN,2022,-7.8,,,,TIPO_DATO15__GROWTHRATEN_N1,,,
IT1:22_293_DF_DCIS_INDDEMOG1_1(1.0),A,ITE33,GROWTHRATEN,2023,-6,,,,TIPO_DATO15__GROWTHRATEN_N1,,,
IT1:22_293_DF_DCIS_INDDEMOG1_1(1.0),A,ITE33,GROWTHRATEN,2024,-6.6,,,,TIPO_DATO15__GROWTHRATEN_N1,,,
IT1:22_293_DF_DCIS_INDDEMOG1_1(1.0),A,ITE33,GROWTHRATEN,2025,-6.2,p,,,TIPO_DATO15__GROWTHRATEN_N1,,,
IT1:22_293_DF_DCIS_INDDEMOG1_1(1.0),A,ITE34,GROWTHRATEN,2015,-4.8,,,,TIPO_DATO15__GROWTHRATEN_N1,,,
IT1:22_293_DF_DCIS_INDDEMOG1_1(1.0),A,ITE34,GROWTHRATEN,2016,-4.3,,,,TIPO_DATO15__GROWTHRATEN_N1,,,
IT1:22_293_DF_DCIS_INDDEMOG1_1(1.0),A,ITE34,GROWTHRATEN,2017,-5.6,,,,TIPO_DATO15__GROWTHRATEN_N1,,,
IT1:22_293_DF_DCIS_INDDEMOG1_1(1.0),A,ITE34,GROWTHRATEN,2018,-5.7,,,,TIPO_DATO15__GROWTHRATEN_N1,,,
IT1:22_293_DF_DCIS_INDDEMOG1_1(1.0),A,ITE34,GROWTHRATEN,2019,-5.3,,,,TIPO_DATO15__GROWTHRATEN_N1,,,
IT1:22_293_DF_DCIS_INDDEMOG1_1(1.0),A,ITE34,GROWTHRATEN,2020,-6.8,,,,TIPO_DATO15__GROWTHRATEN_N1,,,
IT1:22_293_DF_DCIS_INDDEMOG1_1(1.0),A,ITE34,GROWTHRATEN,2021,-7.2,,,,TIPO_DATO15__GROWTHRATEN_N1,,,
IT1:22_293_DF_DCIS_INDDEMOG1_1(1.0),A,ITE34,GROWTHRATEN,2022,-7.8,,,,TIPO_DATO15__GROWTHRATEN_N1,,,
IT1:22_293_DF_DCIS_INDDEMOG1_1(1.0),A,ITE34,GROWTHRATEN,2023,-6.2,,,,TIPO_DATO15__GROWTHRATEN_N1,,,
IT1:22_293_DF_DCIS_INDDEMOG1_1(1.0),A,ITE34,GROWTHRATEN,2024,-6.6,,,,TIPO_DATO15__GROWTHRATEN_N1,,,
IT1:22_293_DF_DCIS_INDDEMOG1_1(1.0),A,ITE34,GROWTHRATEN,2025,-6.4,p,,,TIPO_DATO15__GROWTHRATEN_N1,,,
IT1:22_293_DF_DCIS_INDDEMOG1_1(1.0),A,ITE4,GROWTHRATEN,2015,-1.8,,,,TIPO_DATO15__GROWTHRATEN_N1,,,
IT1:22_293_DF_DCIS_INDDEMOG1_1(1.0),A,ITE4,GROWTHRATEN,2016,-1.6,,,,TIPO_DATO15__GROWTHRATEN_N1,,,
IT1:22_293_DF_DCIS_INDDEMOG1_1(1.0),A,ITE4,GROWTHRATEN,2017,-2.7,,,,TIPO_DATO15__GROWTHRATEN_N1,,,
IT1:22_293_DF_DCIS_INDDEMOG1_1(1.0),A,ITE4,GROWTHRATEN,2018,-2.6,,,,TIPO_DATO15__GROWTHRATEN_N1,,,
IT1:22_293_DF_DCIS_INDDEMOG1_1(1.0),A,ITE4,GROWTHRATEN,2019,-3.1,,,,TIPO_DATO15__GROWTHRATEN_N1,,,
IT1:22_293_DF_DCIS_INDDEMOG1_1(1.0),A,ITE4,GROWTHRATEN,2020,-4.3,,,,TIPO_DATO15__GROWTHRATEN_N1,,,
IT1:22_293_DF_DCIS_INDDEMOG1_1(1.0),A,ITE4,GROWTHRATEN,2021,-4.7,,,,TIPO_DATO15__GROWTHRATEN_N1,,,
IT1:22_293_DF_DCIS_INDDEMOG1_1(1.0),A,ITE4,GROWTHRATEN,2022,-4.9,,,,TIPO_DATO15__GROWTHRATEN_N1,,,
IT1:22_293_DF_DCIS_INDDEMOG1_1(1.0),A,ITE4,GROWTHRATEN,2023,-5.2,,,,TIPO_DATO15__GROWTHRATEN_N1,,,
IT1:22_293_DF_DCIS_INDDEMOG1_1(1.0),A,ITE4,GROWTHRATEN,2024,-4.8,,,,TIPO_DATO15__GROWTHRATEN_N1,,,
IT1:22_293_DF_DCIS_INDDEMOG1_1(1.0),A,ITE4,GROWTHRATEN,2025,-5,p,,,TIPO_DATO15__GROWTHRATEN_N1,,,
IT1:22_293_DF_DCIS_INDDEMOG1_1(1.0),A,ITE41,GROWTHRATEN,2015,-5.3,,,,TIPO_DATO15__GROWTHRATEN_N1,,,
IT1:22_293_DF_DCIS_INDDEMOG1_1(1.0),A,ITE41,GROWTHRATEN,2016,-4.2,,,,TIPO_DATO15__GROWTHRATEN_N1,,,
IT1:22_293_DF_DCIS_INDDEMOG1_1(1.0),A,ITE41,GROWTHRATEN,2017,-6,,,,TIPO_DATO15__GROWTHRATEN_N1,,,
IT1:22_293_DF_DCIS_INDDEMOG1_1(1.0),A,ITE41,GROWTHRATEN,2018,-5.6,,,,TIPO_DATO15__GROWTHRATEN_N1,,,
IT1:22_293_DF_DCIS_INDDEMOG1_1(1.0),A,ITE41,GROWTHRATEN,2019,-5.9,,,,TIPO_DATO15__GROWTHRATEN_N1,,,
IT1:22_293_DF_DCIS_INDDEMOG1_1(1.0),A,ITE41,GROWTHRATEN,2020,-6.9,,,,TIPO_DATO15__GROWTHRATEN_N1,,,
IT1:22_293_DF_DCIS_INDDEMOG1_1(1.0),A,ITE41,GROWTHRATEN,2021,-7.1,,,,TIPO_DATO15__GROWTHRATEN_N1,,,
IT1:22_293_DF_DCIS_INDDEMOG1_1(1.0),A,ITE41,GROWTHRATEN,2022,-8.1,,,,TIPO_DATO15__GROWTHRATEN_N1,,,
IT1:22_293_DF_DCIS_INDDEMOG1_1(1.0),A,ITE41,GROWTHRATEN,2023,-7.2,,,,TIPO_DATO15__GROWTHRATEN_N1,,,
IT1:22_293_DF_DCIS_INDDEMOG1_1(1.0),A,ITE41,GROWTHRATEN,2024,-7.9,,,,TIPO_DATO15__GROWTHRATEN_N1,,,
IT1:22_293_DF_DCIS_INDDEMOG1_1(1.0),A,ITE41,GROWTHRATEN,2025,-6.9,p,,,TIPO_DATO15__GROWTHRATEN_N1,,,
IT1:22_293_DF_DCIS_INDDEMOG1_1(1.0),A,ITE42,GROWTHRATEN,2015,-5.4,,,,TIPO_DATO15__GROWTHRATEN_N1,,,
IT1:22_293_DF_DCIS_INDDEMOG1_1(1.0),A,ITE42,GROWTHRATEN,2016,-6.3,,,,TIPO_DATO15__GROWTHRATEN_N1,,,
IT1:22_293_DF_DCIS_INDDEMOG1_1(1.0),A,ITE42,GROWTHRATEN,2017,-6.5,,,,TIPO_DATO15__GROWTHRATEN_N1,,,
IT1:22_293_DF_DCIS_INDDEMOG1_1(1.0),A,ITE42,GROWTHRATEN,2018,-5.3,,,,TIPO_DATO15__GROWTHRATEN_N1,,,
IT1:22_293_DF_DCIS_INDDEMOG1_1(1.0),A,ITE42,GROWTHRATEN,2019,-6.3,,,,TIPO_DATO15__GROWTHRATEN_N1,,,
IT1:22_293_DF_DCIS_INDDEMOG1_1(1.0),A,ITE42,GROWTHRATEN,2020,-8,,,,TIPO_DATO15__GROWTHRATEN_N1,,,
IT1:22_293_DF_DCIS_INDDEMOG1_1(1.0),A,ITE42,GROWTHRATEN,2021,-8.1,,,,TIPO_DATO15__GROWTHRATEN_N1,,,
IT1:22_293_DF_DCIS_INDDEMOG1_1(1.0),A,ITE42,GROWTHRATEN,2022,-9.3,,,,TIPO_DATO15__GROWTHRATEN_N1,,,
IT1:22_293_DF_DCIS_INDDEMOG1_1(1.0),A,ITE42,GROWTHRATEN,2023,-8.5,,,,TIPO_DATO15__GROWTHRATEN_N1,,,
IT1:22_293_DF_DCIS_INDDEMOG1_1(1.0),A,ITE42,GROWTHRATEN,2024,-7.7,,,,TIPO_DATO15__GROWTHRATEN_N1,,,
IT1:22_293_DF_DCIS_INDDEMOG1_1(1.0),A,ITE42,GROWTHRATEN,2025,-7.5,p,,,TIPO_DATO15__GROWTHRATEN_N1,,,
IT1:22_293_DF_DCIS_INDDEMOG1_1(1.0),A,ITE43,GROWTHRATEN,2015,-1.3,,,,TIPO_DATO15__GROWTHRATEN_N1,,,
IT1:22_293_DF_DCIS_INDDEMOG1_1(1.0),A,ITE43,GROWTHRATEN,2016,-1.2,,,,TIPO_DATO15__GROWTHRATEN_N1,,,
IT1:22_293_DF_DCIS_INDDEMOG1_1(1.0),A,ITE43,GROWTHRATEN,2017,-2.3,,,,TIPO_DATO15__GROWTHRATEN_N1,,,
IT1:22_293_DF_DCIS_INDDEMOG1_1(1.0),A,ITE43,GROWTHRATEN,2018,-2.3,,,,TIPO_DATO15__GROWTHRATEN_N1,,,
IT1:22_293_DF_DCIS_INDDEMOG1_1(1.0),A,ITE43,GROWTHRATEN,2019,-2.8,,,,TIPO_DATO15__GROWTHRATEN_N1,,,
IT1:22_293_DF_DCIS_INDDEMOG1_1(1.0),A,ITE43,GROWTHRATEN,2020,-3.9,,,,TIPO_DATO15__GROWTHRATEN_N1,,,
IT1:22_293_DF_DCIS_INDDEMOG1_1(1.0),A,ITE43,GROWTHRATEN,2021,-4.3,,,,TIPO_DATO15__GROWTHRATEN_N1,,,
IT1:22_293_DF_DCIS_INDDEMOG1_1(1.0),A,ITE43,GROWTHRATEN,2022,-4.5,,,,TIPO_DATO15__GROWTHRATEN_N1,,,
IT1:22_293_DF_DCIS_INDDEMOG1_1(1.0),A,ITE43,GROWTHRATEN,2023,-5,,,,TIPO_DATO15__GROWTHRATEN_N1,,,
IT1:22_293_DF_DCIS_INDDEMOG1_1(1.0),A,ITE43,GROWTHRATEN,2024,-4.4,,,,TIPO_DATO15__GROWTHRATEN_N1,,,
IT1:22_293_DF_DCIS_INDDEMOG1_1(1.0),A,ITE43,GROWTHRATEN,2025,-4.6,p,,,TIPO_DATO15__GROWTHRATEN_N1,,,
IT1:22_293_DF_DCIS_INDDEMOG1_1(1.0),A,ITE44,GROWTHRATEN,2015,-0.8,,,,TIPO_DATO15__GROWTHRATEN_N1,,,
IT1:22_293_DF_DCIS_INDDEMOG1_1(1.0),A,ITE44,GROWTHRATEN,2016,-0.6,,,,TIPO_DATO15__GROWTHRATEN_N1,,,
IT1:22_293_DF_DCIS_INDDEMOG1_1(1.0),A,ITE44,GROWTHRATEN,2017,-1,,,,TIPO_DATO15__GROWTHRATEN_N1,,,
IT1:22_293_DF_DCIS_INDDEMOG1_1(1.0),A,ITE44,GROWTHRATEN,2018,-1.2,,,,TIPO_DATO15__GROWTHRATEN_N1,,,
IT1:22_293_DF_DCIS_INDDEMOG1_1(1.0),A,ITE44,GROWTHRATEN,2019,-1.6,,,,TIPO_DATO15__GROWTHRATEN_N1,,,
IT1:22_293_DF_DCIS_INDDEMOG1_1(1.0),A,ITE44,GROWTHRATEN,2020,-3.1,,,,TIPO_DATO15__GROWTHRATEN_N1,,,
IT1:22_293_DF_DCIS_INDDEMOG1_1(1.0),A,ITE44,GROWTHRATEN,2021,-3.3,,,,TIPO_DATO15__GROWTHRATEN_N1,,,
IT1:22_293_DF_DCIS_INDDEMOG1_1(1.0),A,ITE44,GROWTHRATEN,2022,-4.2,,,,TIPO_DATO15__GROWTHRATEN_N1,,,
IT1:22_293_DF_DCIS_INDDEMOG1_1(1.0),A,ITE44,GROWTHRATEN,2023,-4,,,,TIPO_DATO15__GROWTHRATEN_N1,,,
IT1:22_293_DF_DCIS_INDDEMOG1_1(1.0),A,ITE44,GROWTHRATEN,2024,-4.3,,,,TIPO_DATO15__GROWTHRATEN_N1,,,
IT1:22_293_DF_DCIS_INDDEMOG1_1(1.0),A,ITE44,GROWTHRATEN,2025,-4.5,p,,,TIPO_DATO15__GROWTHRATEN_N1,,,
IT1:22_293_DF_DCIS_INDDEMOG1_1(1.0),A,ITE45,GROWTHRATEN,2015,-3.3,,,,TIPO_DATO15__GROWTHRATEN_N1,,,
IT1:22_293_DF_DCIS_INDDEMOG1_1(1.0),A,ITE45,GROWTHRATEN,2016,-3.1,,,,TIPO_DATO15__GROWTHRATEN_N1,,,
IT1:22_293_DF_DCIS_INDDEMOG1_1(1.0),A,ITE45,GROWTHRATEN,2017,-4.3,,,,TIPO_DATO15__GROWTHRATEN_N1,,,
IT1:22_293_DF_DCIS_INDDEMOG1_1(1.0),A,ITE45,GROWTHRATEN,2018,-4.1,,,,TIPO_DATO15__GROWTHRATEN_N1,,,
IT1:22_293_DF_DCIS_INDDEMOG1_1(1.0),A,ITE45,GROWTHRATEN,2019,-4.6,,,,TIPO_DATO15__GROWTHRATEN_N1,,,
IT1:22_293_DF_DCIS_INDDEMOG1_1(1.0),A,ITE45,GROWTHRATEN,2020,-5.6,,,,TIPO_DATO15__GROWTHRATEN_N1,,,
IT1:22_293_DF_DCIS_INDDEMOG1_1(1.0),A,ITE45,GROWTHRATEN,2021,-6.8,,,,TIPO_DATO15__GROWTHRATEN_N1,,,
IT1:22_293_DF_DCIS_INDDEMOG1_1(1.0),A,ITE45,GROWTHRATEN,2022,-6.6,,,,TIPO_DATO15__GROWTHRATEN_N1,,,
IT1:22_293_DF_DCIS_INDDEMOG1_1(1.0),A,ITE45,GROWTHRATEN,2023,-6.5,,,,TIPO_DATO15__GROWTHRATEN_N1,,,
IT1:22_293_DF_DCIS_INDDEMOG1_1(1.0),A,ITE45,GROWTHRATEN,2024,-6,,,,TIPO_DATO15__GROWTHRATEN_N1,,,
IT1:22_293_DF_DCIS_INDDEMOG1_1(1.0),A,ITE45,GROWTHRATEN,2025,-6.9,p,,,TIPO_DATO15__GROWTHRATEN_N1,,,
IT1:22_293_DF_DCIS_INDDEMOG1_1(1.0),A,ITF,GROWTHRATEN,2015,-1.9,,,,TIPO_DATO15__GROWTHRATEN_N1,,,
IT1:22_293_DF_DCIS_INDDEMOG1_1(1.0),A,ITF,GROWTHRATEN,2016,-1.5,,,,TIPO_DATO15__GROWTHRATEN_N1,,,
IT1:22_293_DF_DCIS_INDDEMOG1_1(1.0),A,ITF,GROWTHRATEN,2017,-2.3,,,,TIPO_DATO15__GROWTHRATEN_N1,,,
IT1:22_293_DF_DCIS_INDDEMOG1_1(1.0),A,ITF,GROWTHRATEN,2018,-2.2,,,,TIPO_DATO15__GROWTHRATEN_N1,,,
IT1:22_293_DF_DCIS_INDDEMOG1_1(1.0),A,ITF,GROWTHRATEN,2019,-2.5,,,,TIPO_DATO15__GROWTHRATEN_N1,,,
IT1:22_293_DF_DCIS_INDDEMOG1_1(1.0),A,ITF,GROWTHRATEN,2020,-3.8,,,,TIPO_DATO15__GROWTHRATEN_N1,,,
IT1:22_293_DF_DCIS_INDDEMOG1_1(1.0),A,ITF,GROWTHRATEN,2021,-4.5,,,,TIPO_DATO15__GROWTHRATEN_N1,,,
IT1:22_293_DF_DCIS_INDDEMOG1_1(1.0),A,ITF,GROWTHRATEN,2022,-4.5,,,,TIPO_DATO15__GROWTHRATEN_N1,,,
IT1:22_293_DF_DCIS_INDDEMOG1_1(1.0),A,ITF,GROWTHRATEN,2023,-4.2,,,,TIPO_DATO15__GROWTHRATEN_N1,,,
IT1:22_293_DF_DCIS_INDDEMOG1_1(1.0),A,ITF,GROWTHRATEN,2024,-4.1,,,,TIPO_DATO15__GROWTHRATEN_N1,,,
IT1:22_293_DF_DCIS_INDDEMOG1_1(1.0),A,ITF,GROWTHRATEN,2025,-4.3,p,,,TIPO_DATO15__GROWTHRATEN_N1,,,
IT1:22_293_DF_DCIS_INDDEMOG1_1(1.0),A,ITF1,GROWTHRATEN,2015,-3.9,,,,TIPO_DATO15__GROWTHRATEN_N1,,,
IT1:22_293_DF_DCIS_INDDEMOG1_1(1.0),A,ITF1,GROWTHRATEN,2016,-3.4,,,,TIPO_DATO15__GROWTHRATEN_N1,,,
IT1:22_293_DF_DCIS_INDDEMOG1_1(1.0),A,ITF1,GROWTHRATEN,2017,-4.6,,,,TIPO_DATO15__GROWTHRATEN_N1,,,
IT1:22_293_DF_DCIS_INDDEMOG1_1(1.0),A,ITF1,GROWTHRATEN,2018,-4.4,,,,TIPO_DATO15__GROWTHRATEN_N1,,,
IT1:22_293_DF_DCIS_INDDEMOG1_1(1.0),A,ITF1,GROWTHRATEN,2019,-4.7,,,,TIPO_DATO15__GROWTHRATEN_N1,,,
IT1:22_293_DF_DCIS_INDDEMOG1_1(1.0),A,ITF1,GROWTHRATEN,2020,-6.1,,,,TIPO_DATO15__GROWTHRATEN_N1,,,
IT1:22_293_DF_DCIS_INDDEMOG1_1(1.0),A,ITF1,GROWTHRATEN,2021,-6.2,,,,TIPO_DATO15__GROWTHRATEN_N1,,,
IT1:22_293_DF_DCIS_INDDEMOG1_1(1.0),A,ITF1,GROWTHRATEN,2022,-6.9,,,,TIPO_DATO15__GROWTHRATEN_N1,,,
IT1:22_293_DF_DCIS_INDDEMOG1_1(1.0),A,ITF1,GROWTHRATEN,2023,-6.5,,,,TIPO_DATO15__GROWTHRATEN_N1,,,
IT1:22_293_DF_DCIS_INDDEMOG1_1(1.0),A,ITF1,GROWTHRATEN,2024,-5.9,,,,TIPO_DATO15__GROWTHRATEN_N1,,,
IT1:22_293_DF_DCIS_INDDEMOG1_1(1.0),A,ITF1,GROWTHRATEN,2025,-6.2,p,,,TIPO_DATO15__GROWTHRATEN_N1,,,
IT1:22_293_DF_DCIS_INDDEMOG1_1(1.0),A,ITF11,GROWTHRATEN,2015,-4.1,,,,TIPO_DATO15__GROWTHRATEN_N1,,,
IT1:22_293_DF_DCIS_INDDEMOG1_1(1.0),A,ITF11,GROWTHRATEN,2016,-4.3,,,,TIPO_DATO15__GROWTHRATEN_N1,,,
IT1:22_293_DF_DCIS_INDDEMOG1_1(1.0),A,ITF11,GROWTHRATEN,2017,-4.8,,,,TIPO_DATO15__GROWTHRATEN_N1,,,
IT1:22_293_DF_DCIS_INDDEMOG1_1(1.0),A,ITF11,GROWTHRATEN,2018,-4.7,,,,TIPO_DATO15__GROWTHRATEN_N1,,,
IT1:22_293_DF_DCIS_INDDEMOG1_1(1.0),A,ITF11,GROWTHRATEN,2019,-5.7,,,,TIPO_DATO15__GROWTHRATEN_N1,,,
IT1:22_293_DF_DCIS_INDDEMOG1_1(1.0),A,ITF11,GROWTHRATEN,2020,-6.4,,,,TIPO_DATO15__GROWTHRATEN_N1,,,
IT1:22_293_DF_DCIS_INDDEMOG1_1(1.0),A,ITF11,GROWTHRATEN,2021,-6.9,,,,TIPO_DATO15__GROWTHRATEN_N1,,,
IT1:22_293_DF_DCIS_INDDEMOG1_1(1.0),A,ITF11,GROWTHRATEN,2022,-7.4,,,,TIPO_DATO15__GROWTHRATEN_N1,,,
IT1:22_293_DF_DCIS_INDDEMOG1_1(1.0),A,ITF11,GROWTHRATEN,2023,-7.1,,,,TIPO_DATO15__GROWTHRATEN_N1,,,
IT1:22_293_DF_DCIS_INDDEMOG1_1(1.0),A,ITF11,GROWTHRATEN,2024,-5.9,,,,TIPO_DATO15__GROWTHRATEN_N1,,,
IT1:22_293_DF_DCIS_INDDEMOG1_1(1.0),A,ITF11,GROWTHRATEN,2025,-6.8,p,,,TIPO_DATO15__GROWTHRATEN_N1,,,
IT1:22_293_DF_DCIS_INDDEMOG1_1(1.0),A,ITF12,GROWTHRATEN,2015,-3.6,,,,TIPO_DATO15__GROWTHRATEN_N1,,,
IT1:22_293_DF_DCIS_INDDEMOG1_1(1.0),A,ITF12,GROWTHRATEN,2016,-2.6,,,,TIPO_DATO15__GROWTHRATEN_N1,,,
IT1:22_293_DF_DCIS_INDDEMOG1_1(1.0),A,ITF12,GROWTHRATEN,2017,-4,,,,TIPO_DATO15__GROWTHRATEN_N1,,,
IT1:22_293_DF_DCIS_INDDEMOG1_1(1.0),A,ITF12,GROWTHRATEN,2018,-3.5,,,,TIPO_DATO15__GROWTHRATEN_N1,,,
IT1:22_293_DF_DCIS_INDDEMOG1_1(1.0),A,ITF12,GROWTHRATEN,2019,-4.3,,,,TIPO_DATO15__GROWTHRATEN_N1,,,
IT1:22_293_DF_DCIS_INDDEMOG1_1(1.0),A,ITF12,GROWTHRATEN,2020,-5.8,,,,TIPO_DATO15__GROWTHRATEN_N1,,,
IT1:22_293_DF_DCIS_INDDEMOG1_1(1.0),A,ITF12,GROWTHRATEN,2021,-5.6,,,,TIPO_DATO15__GROWTHRATEN_N1,,,
IT1:22_293_DF_DCIS_INDDEMOG1_1(1.0),A,ITF12,GROWTHRATEN,2022,-6.4,,,,TIPO_DATO15__GROWTHRATEN_N1,,,
IT1:22_293_DF_DCIS_INDDEMOG1_1(1.0),A,ITF12,GROWTHRATEN,2023,-5.3,,,,TIPO_DATO15__GROWTHRATEN_N1,,,
IT1:22_293_DF_DCIS_INDDEMOG1_1(1.0),A,ITF12,GROWTHRATEN,2024,-5.5,,,,TIPO_DATO15__GROWTHRATEN_N1,,,
IT1:22_293_DF_DCIS_INDDEMOG1_1(1.0),A,ITF12,GROWTHRATEN,2025,-5.5,p,,,TIPO_DATO15__GROWTHRATEN_N1,,,
IT1:22_293_DF_DCIS_INDDEMOG1_1(1.0),A,ITF13,GROWTHRATEN,2015,-3.1,,,,TIPO_DATO15__GROWTHRATEN_N1,,,
IT1:22_293_DF_DCIS_INDDEMOG1_1(1.0),A,ITF13,GROWTHRATEN,2016,-2.3,,,,TIPO_DATO15__GROWTHRATEN_N1,,,
IT1:22_293_DF_DCIS_INDDEMOG1_1(1.0),A,ITF13,GROWTHRATEN,2017,-3.8,,,,TIPO_DATO15__GROWTHRATEN_N1,,,
IT1:22_293_DF_DCIS_INDDEMOG1_1(1.0),A,ITF13,GROWTHRATEN,2018,-4,,,,TIPO_DATO15__GROWTHRATEN_N1,,,
IT1:22_293_DF_DCIS_INDDEMOG1_1(1.0),A,ITF13,GROWTHRATEN,2019,-3.7,,,,TIPO_DATO15__GROWTHRATEN_N1,,,
IT1:22_293_DF_DCIS_INDDEMOG1_1(1.0),A,ITF13,GROWTHRATEN,2020,-5.5,,,,TIPO_DATO15__GROWTHRATEN_N1,,,
IT1:22_293_DF_DCIS_INDDEMOG1_1(1.0),A,ITF13,GROWTHRATEN,2021,-5.6,,,,TIPO_DATO15__GROWTHRATEN_N1,,,
IT1:22_293_DF_DCIS_INDDEMOG1_1(1.0),A,ITF13,GROWTHRATEN,2022,-6.1,,,,TIPO_DATO15__GROWTHRATEN_N1,,,
IT1:22_293_DF_DCIS_INDDEMOG1_1(1.0),A,ITF13,GROWTHRATEN,2023,-5.8,,,,TIPO_DATO15__GROWTHRATEN_N1,,,
IT1:22_293_DF_DCIS_INDDEMOG1_1(1.0),A,ITF13,GROWTHRATEN,2024,-5.8,,,,TIPO_DATO15__GROWTHRATEN_N1,,,
IT1:22_293_DF_DCIS_INDDEMOG1_1(1.0),A,ITF13,GROWTHRATEN,2025,-6.3,p,,,TIPO_DATO15__GROWTHRATEN_N1,,,
IT1:22_293_DF_DCIS_INDDEMOG1_1(1.0),A,ITF14,GROWTHRATEN,2015,-4.6,,,,TIPO_DATO15__GROWTHRATEN_N1,,,
IT1:22_293_DF_DCIS_INDDEMOG1_1(1.0),A,ITF14,GROWTHRATEN,2016,-4.3,,,,TIPO_DATO15__GROWTHRATEN_N1,,,
IT1:22_293_DF_DCIS_INDDEMOG1_1(1.0),A,ITF14,GROWTHRATEN,2017,-5.4,,,,TIPO_DATO15__GROWTHRATEN_N1,,,
IT1:22_293_DF_DCIS_INDDEMOG1_1(1.0),A,ITF14,GROWTHRATEN,2018,-5.2,,,,TIPO_DATO15__GROWTHRATEN_N1,,,
IT1:22_293_DF_DCIS_INDDEMOG1_1(1.0),A,ITF14,GROWTHRATEN,2019,-5.1,,,,TIPO_DATO15__GROWTHRATEN_N1,,,
IT1:22_293_DF_DCIS_INDDEMOG1_1(1.0),A,ITF14,GROWTHRATEN,2020,-6.5,,,,TIPO_DATO15__GROWTHRATEN_N1,,,
IT1:22_293_DF_DCIS_INDDEMOG1_1(1.0),A,ITF14,GROWTHRATEN,2021,-6.8,,,,TIPO_DATO15__GROWTHRATEN_N1,,,
IT1:22_293_DF_DCIS_INDDEMOG1_1(1.0),A,ITF14,GROWTHRATEN,2022,-7.4,,,,TIPO_DATO15__GROWTHRATEN_N1,,,
IT1:22_293_DF_DCIS_INDDEMOG1_1(1.0),A,ITF14,GROWTHRATEN,2023,-7.5,,,,TIPO_DATO15__GROWTHRATEN_N1,,,
IT1:22_293_DF_DCIS_INDDEMOG1_1(1.0),A,ITF14,GROWTHRATEN,2024,-6.4,,,,TIPO_DATO15__GROWTHRATEN_N1,,,
IT1:22_293_DF_DCIS_INDDEMOG1_1(1.0),A,ITF14,GROWTHRATEN,2025,-6.4,p,,,TIPO_DATO15__GROWTHRATEN_N1,,,
IT1:22_293_DF_DCIS_INDDEMOG1_1(1.0),A,ITF2,GROWTHRATEN,2015,-5.5,,,,TIPO_DATO15__GROWTHRATEN_N1,,,
IT1:22_293_DF_DCIS_INDDEMOG1_1(1.0),A,ITF2,GROWTHRATEN,2016,-4.8,,,,TIPO_DATO15__GROWTHRATEN_N1,,,
IT1:22_293_DF_DCIS_INDDEMOG1_1(1.0),A,ITF2,GROWTHRATEN,2017,-5.6,,,,TIPO_DATO15__GROWTHRATEN_N1,,,
IT1:22_293_DF_DCIS_INDDEMOG1_1(1.0),A,ITF2,GROWTHRATEN,2018,-5.9,,,,TIPO_DATO15__GROWTHRATEN_N1,,,
IT1:22_293_DF_DCIS_INDDEMOG1_1(1.0),A,ITF2,GROWTHRATEN,2019,-5.7,,,,TIPO_DATO15__GROWTHRATEN_N1,,,
IT1:22_293_DF_DCIS_INDDEMOG1_1(1.0),A,ITF2,GROWTHRATEN,2020,-7.9,,,,TIPO_DATO15__GROWTHRATEN_N1,,,
IT1:22_293_DF_DCIS_INDDEMOG1_1(1.0),A,ITF2,GROWTHRATEN,2021,-9,,,,TIPO_DATO15__GROWTHRATEN_N1,,,
IT1:22_293_DF_DCIS_INDDEMOG1_1(1.0),A,ITF2,GROWTHRATEN,2022,-8.9,,,,TIPO_DATO15__GROWTHRATEN_N1,,,
IT1:22_293_DF_DCIS_INDDEMOG1_1(1.0),A,ITF2,GROWTHRATEN,2023,-7.9,,,,TIPO_DATO15__GROWTHRATEN_N1,,,
IT1:22_293_DF_DCIS_INDDEMOG1_1(1.0),A,ITF2,GROWTHRATEN,2024,-8.1,,,,TIPO_DATO15__GROWTHRATEN_N1,,,
IT1:22_293_DF_DCIS_INDDEMOG1_1(1.0),A,ITF2,GROWTHRATEN,2025,-7.9,p,,,TIPO_DATO15__GROWTHRATEN_N1,,,
IT1:22_293_DF_DCIS_INDDEMOG1_1(1.0),A,ITF21,GROWTHRATEN,2015,-5,,,,TIPO_DATO15__GROWTHRATEN_N1,,,
IT1:22_293_DF_DCIS_INDDEMOG1_1(1.0),A,ITF21,GROWTHRATEN,2016,-5.3,,,,TIPO_DATO15__GROWTHRATEN_N1,,,
IT1:22_293_DF_DCIS_INDDEMOG1_1(1.0),A,ITF21,GROWTHRATEN,2017,-6,,,,TIPO_DATO15__GROWTHRATEN_N1,,,
IT1:22_293_DF_DCIS_INDDEMOG1_1(1.0),A,ITF21,GROWTHRATEN,2018,-5.9,,,,TIPO_DATO15__GROWTHRATEN_N1,,,
IT1:22_293_DF_DCIS_INDDEMOG1_1(1.0),A,ITF21,GROWTHRATEN,2019,-6.1,,,,TIPO_DATO15__GROWTHRATEN_N1,,,
IT1:22_293_DF_DCIS_INDDEMOG1_1(1.0),A,ITF21,GROWTHRATEN,2020,-9,,,,TIPO_DATO15__GROWTHRATEN_N1,,,
IT1:22_293_DF_DCIS_INDDEMOG1_1(1.0),A,ITF21,GROWTHRATEN,2021,-8.9,,,,TIPO_DATO15__GROWTHRATEN_N1,,,
IT1:22_293_DF_DCIS_INDDEMOG1_1(1.0),A,ITF21,GROWTHRATEN,2022,-9.2,,,,TIPO_DATO15__GROWTHRATEN_N1,,,
IT1:22_293_DF_DCIS_INDDEMOG1_1(1.0),A,ITF21,GROWTHRATEN,2023,-8.8,,,,TIPO_DATO15__GROWTHRATEN_N1,,,
IT1:22_293_DF_DCIS_INDDEMOG1_1(1.0),A,ITF21,GROWTHRATEN,2024,-8.8,,,,TIPO_DATO15__GROWTHRATEN_N1,,,
IT1:22_293_DF_DCIS_INDDEMOG1_1(1.0),A,ITF21,GROWTHRATEN,2025,-9,p,,,TIPO_DATO15__GROWTHRATEN_N1,,,
IT1:22_293_DF_DCIS_INDDEMOG1_1(1.0),A,ITF22,GROWTHRATEN,2015,-5.7,,,,TIPO_DATO15__GROWTHRATEN_N1,,,
IT1:22_293_DF_DCIS_INDDEMOG1_1(1.0),A,ITF22,GROWTHRATEN,2016,-4.6,,,,TIPO_DATO15__GROWTHRATEN_N1,,,
IT1:22_293_DF_DCIS_INDDEMOG1_1(1.0),A,ITF22,GROWTHRATEN,2017,-5.5,,,,TIPO_DATO15__GROWTHRATEN_N1,,,
IT1:22_293_DF_DCIS_INDDEMOG1_1(1.0),A,ITF22,GROWTHRATEN,2018,-5.9,,,,TIPO_DATO15__GROWTHRATEN_N1,,,
IT1:22_293_DF_DCIS_INDDEMOG1_1(1.0),A,ITF22,GROWTHRATEN,2019,-5.6,,,,TIPO_DATO15__GROWTHRATEN_N1,,,
IT1:22_293_DF_DCIS_INDDEMOG1_1(1.0),A,ITF22,GROWTHRATEN,2020,-7.4,,,,TIPO_DATO15__GROWTHRATEN_N1,,,
IT1:22_293_DF_DCIS_INDDEMOG1_1(1.0),A,ITF22,GROWTHRATEN,2021,-9,,,,TIPO_DATO15__GROWTHRATEN_N1,,,
IT1:22_293_DF_DCIS_INDDEMOG1_1(1.0),A,ITF22,GROWTHRATEN,2022,-8.8,,,,TIPO_DATO15__GROWTHRATEN_N1,,,
IT1:22_293_DF_DCIS_INDDEMOG1_1(1.0),A,ITF22,GROWTHRATEN,2023,-7.6,,,,TIPO_DATO15__GROWTHRATEN_N1,,,
IT1:22_293_DF_DCIS_INDDEMOG1_1(1.0),A,ITF22,GROWTHRATEN,2024,-7.8,,,,TIPO_DATO15__GROWTHRATEN_N1,,,
IT1:22_293_DF_DCIS_INDDEMOG1_1(1.0),A,ITF22,GROWTHRATEN,2025,-7.5,p,,,TIPO_DATO15__GROWTHRATEN_N1,,,
IT1:22_293_DF_DCIS_INDDEMOG1_1(1.0),A,ITF3,GROWTHRATEN,2015,-1,,,,TIPO_DATO15__GROWTHRATEN_N1,,,
IT1:22_293_DF_DCIS_INDDEMOG1_1(1.0),A,ITF3,GROWTHRATEN,2016,-0.5,,,,TIPO_DATO15__GROWTHRATEN_N1,,,
IT1:22_293_DF_DCIS_INDDEMOG1_1(1.0),A,ITF3,GROWTHRATEN,2017,-1.1,,,,TIPO_DATO15__GROWTHRATEN_N1,,,
IT1:22_293_DF_DCIS_INDDEMOG1_1(1.0),A,ITF3,GROWTHRATEN,2018,-1,,,,TIPO_DATO15__GROWTHRATEN_N1,,,
IT1:22_293_DF_DCIS_INDDEMOG1_1(1.0),A,ITF3,GROWTHRATEN,2019,-1.2,,,,TIPO_DATO15__GROWTHRATEN_N1,,,
IT1:22_293_DF_DCIS_INDDEMOG1_1(1.0),A,ITF3,GROWTHRATEN,2020,-2.4,,,,TIPO_DATO15__GROWTHRATEN_N1,,,
IT1:22_293_DF_DCIS_INDDEMOG1_1(1.0),A,ITF3,GROWTHRATEN,2021,-3.1,,,,TIPO_DATO15__GROWTHRATEN_N1,,,
IT1:22_293_DF_DCIS_INDDEMOG1_1(1.0),A,ITF3,GROWTHRATEN,2022,-3,,,,TIPO_DATO15__GROWTHRATEN_N1,,,
IT1:22_293_DF_DCIS_INDDEMOG1_1(1.0),A,ITF3,GROWTHRATEN,2023,-2.9,,,,TIPO_DATO15__GROWTHRATEN_N1,,,
IT1:22_293_DF_DCIS_INDDEMOG1_1(1.0),A,ITF3,GROWTHRATEN,2024,-2.8,,,,TIPO_DATO15__GROWTHRATEN_N1,,,
IT1:22_293_DF_DCIS_INDDEMOG1_1(1.0),A,ITF3,GROWTHRATEN,2025,-3,p,,,TIPO_DATO15__GROWTHRATEN_N1,,,
IT1:22_293_DF_DCIS_INDDEMOG1_1(1.0),A,ITF31,GROWTHRATEN,2015,0.3,,,,TIPO_DATO15__GROWTHRATEN_N1,,,
IT1:22_293_DF_DCIS_INDDEMOG1_1(1.0),A,ITF31,GROWTHRATEN,2016,0.2,,,,TIPO_DATO15__GROWTHRATEN_N1,,,
IT1:22_293_DF_DCIS_INDDEMOG1_1(1.0),A,ITF31,GROWTHRATEN,2017,-0.3,,,,TIPO_DATO15__GROWTHRATEN_N1,,,
IT1:22_293_DF_DCIS_INDDEMOG1_1(1.0),A,ITF31,GROWTHRATEN,2018,-0.2,,,,TIPO_DATO15__GROWTHRATEN_N1,,,
IT1:22_293_DF_DCIS_INDDEMOG1_1(1.0),A,ITF31,GROWTHRATEN,2019,-0.5,,,,TIPO_DATO15__GROWTHRATEN_N1,,,
IT1:22_293_DF_DCIS_INDDEMOG1_1(1.0),A,ITF31,GROWTHRATEN,2020,-1.5,,,,TIPO_DATO15__GROWTHRATEN_N1,,,
IT1:22_293_DF_DCIS_INDDEMOG1_1(1.0),A,ITF31,GROWTHRATEN,2021,-2.1,,,,TIPO_DATO15__GROWTHRATEN_N1,,,
IT1:22_293_DF_DCIS_INDDEMOG1_1(1.0),A,ITF31,GROWTHRATEN,2022,-1.8,,,,TIPO_DATO15__GROWTHRATEN_N1,,,
IT1:22_293_DF_DCIS_INDDEMOG1_1(1.0),A,ITF31,GROWTHRATEN,2023,-2,,,,TIPO_DATO15__GROWTHRATEN_N1,,,
IT1:22_293_DF_DCIS_INDDEMOG1_1(1.0),A,ITF31,GROWTHRATEN,2024,-1.9,,,,TIPO_DATO15__GROWTHRATEN_N1,,,
IT1:22_293_DF_DCIS_INDDEMOG1_1(1.0),A,ITF31,GROWTHRATEN,2025,-1.8,p,,,TIPO_DATO15__GROWTHRATEN_N1,,,
IT1:22_293_DF_DCIS_INDDEMOG1_1(1.0),A,ITF32,GROWTHRATEN,2015,-5.1,,,,TIPO_DATO15__GROWTHRATEN_N1,,,
IT1:22_293_DF_DCIS_INDDEMOG1_1(1.0),A,ITF32,GROWTHRATEN,2016,-4.1,,,,TIPO_DATO15__GROWTHRATEN_N1,,,
IT1:22_293_DF_DCIS_INDDEMOG1_1(1.0),A,ITF32,GROWTHRATEN,2017,-5.1,,,,TIPO_DATO15__GROWTHRATEN_N1,,,
IT1:22_293_DF_DCIS_INDDEMOG1_1(1.0),A,ITF32,GROWTHRATEN,2018,-4.7,,,,TIPO_DATO15__GROWTHRATEN_N1,,,
IT1:22_293_DF_DCIS_INDDEMOG1_1(1.0),A,ITF32,GROWTHRATEN,2019,-4.8,,,,TIPO_DATO15__GROWTHRATEN_N1,,,
IT1:22_293_DF_DCIS_INDDEMOG1_1(1.0),A,ITF32,GROWTHRATEN,2020,-5.9,,,,TIPO_DATO15__GROWTHRATEN_N1,,,
IT1:22_293_DF_DCIS_INDDEMOG1_1(1.0),A,ITF32,GROWTHRATEN,2021,-6.8,,,,TIPO_DATO15__GROWTHRATEN_N1,,,
IT1:22_293_DF_DCIS_INDDEMOG1_1(1.0),A,ITF32,GROWTHRATEN,2022,-6.5,,,,TIPO_DATO15__GROWTHRATEN_N1,,,
IT1:22_293_DF_DCIS_INDDEMOG1_1(1.0),A,ITF32,GROWTHRATEN,2023,-6.4,,,,TIPO_DATO15__GROWTHRATEN_N1,,,
IT1:22_293_DF_DCIS_INDDEMOG1_1(1.0),A,ITF32,GROWTHRATEN,2024,-6.4,,,,TIPO_DATO15__GROWTHRATEN_N1,,,
IT1:22_293_DF_DCIS_INDDEMOG1_1(1.0),A,ITF32,GROWTHRATEN,2025,-6.7,p,,,TIPO_DATO15__GROWTHRATEN_N1,,,
IT1:22_293_DF_DCIS_INDDEMOG1_1(1.0),A,ITF33,GROWTHRATEN,2015,0,,,,TIPO_DATO15__GROWTHRATEN_N1,,,
IT1:22_293_DF_DCIS_INDDEMOG1_1(1.0),A,ITF33,GROWTHRATEN,2016,0.5,,,,TIPO_DATO15__GROWTHRATEN_N1,,,
IT1:22_293_DF_DCIS_INDDEMOG1_1(1.0),A,ITF33,GROWTHRATEN,2017,0,,,,TIPO_DATO15__GROWTHRATEN_N1,,,
IT1:22_293_DF_DCIS_INDDEMOG1_1(1.0),A,ITF33,GROWTHRATEN,2018,0,,,,TIPO_DATO15__GROWTHRATEN_N1,,,
IT1:22_293_DF_DCIS_INDDEMOG1_1(1.0),A,ITF33,GROWTHRATEN,2019,-0.2,,,,TIPO_DATO15__GROWTHRATEN_N1,,,
IT1:22_293_DF_DCIS_INDDEMOG1_1(1.0),A,ITF33,GROWTHRATEN,2020,-1.6,,,,TIPO_DATO15__GROWTHRATEN_N1,,,
IT1:22_293_DF_DCIS_INDDEMOG1_1(1.0),A,ITF33,GROWTHRATEN,2021,-2.3,,,,TIPO_DATO15__GROWTHRATEN_N1,,,
IT1:22_293_DF_DCIS_INDDEMOG1_1(1.0),A,ITF33,GROWTHRATEN,2022,-2.1,,,,TIPO_DATO15__GROWTHRATEN_N1,,,
IT1:22_293_DF_DCIS_INDDEMOG1_1(1.0),A,ITF33,GROWTHRATEN,2023,-2,,,,TIPO_DATO15__GROWTHRATEN_N1,,,
IT1:22_293_DF_DCIS_INDDEMOG1_1(1.0),A,ITF33,GROWTHRATEN,2024,-1.9,,,,TIPO_DATO15__GROWTHRATEN_N1,,,
IT1:22_293_DF_DCIS_INDDEMOG1_1(1.0),A,ITF33,GROWTHRATEN,2025,-2.2,p,,,TIPO_DATO15__GROWTHRATEN_N1,,,
IT1:22_293_DF_DCIS_INDDEMOG1_1(1.0),A,ITF34,GROWTHRATEN,2015,-4.3,,,,TIPO_DATO15__GROWTHRATEN_N1,,,
IT1:22_293_DF_DCIS_INDDEMOG1_1(1.0),A,ITF34,GROWTHRATEN,2016,-3.4,,,,TIPO_DATO15__GROWTHRATEN_N1,,,
IT1:22_293_DF_DCIS_INDDEMOG1_1(1.0),A,ITF34,GROWTHRATEN,2017,-3.9,,,,TIPO_DATO15__GROWTHRATEN_N1,,,
IT1:22_293_DF_DCIS_INDDEMOG1_1(1.0),A,ITF34,GROWTHRATEN,2018,-4,,,,TIPO_DATO15__GROWTHRATEN_N1,,,
IT1:22_293_DF_DCIS_INDDEMOG1_1(1.0),A,ITF34,GROWTHRATEN,2019,-4.5,,,,TIPO_DATO15__GROWTHRATEN_N1,,,
IT1:22_293_DF_DCIS_INDDEMOG1_1(1.0),A,ITF34,GROWTHRATEN,2020,-6.3,,,,TIPO_DATO15__GROWTHRATEN_N1,,,
IT1:22_293_DF_DCIS_INDDEMOG1_1(1.0),A,ITF34,GROWTHRATEN,2021,-6.1,,,,TIPO_DATO15__GROWTHRATEN_N1,,,
IT1:22_293_DF_DCIS_INDDEMOG1_1(1.0),A,ITF34,GROWTHRATEN,2022,-6.5,,,,TIPO_DATO15__GROWTHRATEN_N1,,,
IT1:22_293_DF_DCIS_INDDEMOG1_1(1.0),A,ITF34,GROWTHRATEN,2023,-5.7,,,,TIPO_DATO15__GROWTHRATEN_N1,,,
IT1:22_293_DF_DCIS_INDDEMOG1_1(1.0),A,ITF34,GROWTHRATEN,2024,-5.7,,,,TIPO_DATO15__GROWTHRATEN_N1,,,
IT1:22_293_DF_DCIS_INDDEMOG1_1(1.0),A,ITF34,GROWTHRATEN,2025,-6,p,,,TIPO_DATO15__GROWTHRATEN_N1,,,
IT1:22_293_DF_DCIS_INDDEMOG1_1(1.0),A,ITF35,GROWTHRATEN,2015,-2.4,,,,TIPO_DATO15__GROWTHRATEN_N1,,,
IT1:22_293_DF_DCIS_INDDEMOG1_1(1.0),A,ITF35,GROWTHRATEN,2016,-1.7,,,,TIPO_DATO15__GROWTHRATEN_N1,,,
IT1:22_293_DF_DCIS_INDDEMOG1_1(1.0),A,ITF35,GROWTHRATEN,2017,-2.6,,,,TIPO_DATO15__GROWTHRATEN_N1,,,
IT1:22_293_DF_DCIS_INDDEMOG1_1(1.0),A,ITF35,GROWTHRATEN,2018,-2.3,,,,TIPO_DATO15__GROWTHRATEN_N1,,,
IT1:22_293_DF_DCIS_INDDEMOG1_1(1.0),A,ITF35,GROWTHRATEN,2019,-2.6,,,,TIPO_DATO15__GROWTHRATEN_N1,,,
IT1:22_293_DF_DCIS_INDDEMOG1_1(1.0),A,ITF35,GROWTHRATEN,2020,-3.3,,,,TIPO_DATO15__GROWTHRATEN_N1,,,
IT1:22_293_DF_DCIS_INDDEMOG1_1(1.0),A,ITF35,GROWTHRATEN,2021,-4.3,,,,TIPO_DATO15__GROWTHRATEN_N1,,,
IT1:22_293_DF_DCIS_INDDEMOG1_1(1.0),A,ITF35,GROWTHRATEN,2022,-4.5,,,,TIPO_DATO15__GROWTHRATEN_N1,,,
IT1:22_293_DF_DCIS_INDDEMOG1_1(1.0),A,ITF35,GROWTHRATEN,2023,-4.1,,,,TIPO_DATO15__GROWTHRATEN_N1,,,
IT1:22_293_DF_DCIS_INDDEMOG1_1(1.0),A,ITF35,GROWTHRATEN,2024,-3.9,,,,TIPO_DATO15__GROWTHRATEN_N1,,,
IT1:22_293_DF_DCIS_INDDEMOG1_1(1.0),A,ITF35,GROWTHRATEN,2025,-4.3,p,,,TIPO_DATO15__GROWTHRATEN_N1,,,
IT1:22_293_DF_DCIS_INDDEMOG1_1(1.0),A,ITF4,GROWTHRATEN,2015,-2,,,,TIPO_DATO15__GROWTHRATEN_N1,,,
IT1:22_293_DF_DCIS_INDDEMOG1_1(1.0),A,ITF4,GROWTHRATEN,2016,-1.6,,,,TIPO_DATO15__GROWTHRATEN_N1,,,
IT1:22_293_DF_DCIS_INDDEMOG1_1(1.0),A,ITF4,GROWTHRATEN,2017,-2.6,,,,TIPO_DATO15__GROWTHRATEN_N1,,,
IT1:22_293_DF_DCIS_INDDEMOG1_1(1.0),A,ITF4,GROWTHRATEN,2018,-2.5,,,,TIPO_DATO15__GROWTHRATEN_N1,,,
IT1:22_293_DF_DCIS_INDDEMOG1_1(1.0),A,ITF4,GROWTHRATEN,2019,-2.9,,,,TIPO_DATO15__GROWTHRATEN_N1,,,
IT1:22_293_DF_DCIS_INDDEMOG1_1(1.0),A,ITF4,GROWTHRATEN,2020,-4.4,,,,TIPO_DATO15__GROWTHRATEN_N1,,,
IT1:22_293_DF_DCIS_INDDEMOG1_1(1.0),A,ITF4,GROWTHRATEN,2021,-5.1,,,,TIPO_DATO15__GROWTHRATEN_N1,,,
IT1:22_293_DF_DCIS_INDDEMOG1_1(1.0),A,ITF4,GROWTHRATEN,2022,-4.7,,,,TIPO_DATO15__GROWTHRATEN_N1,,,
IT1:22_293_DF_DCIS_INDDEMOG1_1(1.0),A,ITF4,GROWTHRATEN,2023,-4.6,,,,TIPO_DATO15__GROWTHRATEN_N1,,,
IT1:22_293_DF_DCIS_INDDEMOG1_1(1.0),A,ITF4,GROWTHRATEN,2024,-4.6,,,,TIPO_DATO15__GROWTHRATEN_N1,,,
IT1:22_293_DF_DCIS_INDDEMOG1_1(1.0),A,ITF4,GROWTHRATEN,2025,-4.8,p,,,TIPO_DATO15__GROWTHRATEN_N1,,,
IT1:22_293_DF_DCIS_INDDEMOG1_1(1.0),A,ITF41,GROWTHRATEN,2015,-1.6,,,,TIPO_DATO15__GROWTHRATEN_N1,,,
IT1:22_293_DF_DCIS_INDDEMOG1_1(1.0),A,ITF41,GROWTHRATEN,2016,-1.3,,,,TIPO_DATO15__GROWTHRATEN_N1,,,
IT1:22_293_DF_DCIS_INDDEMOG1_1(1.0),A,ITF41,GROWTHRATEN,2017,-2.6,,,,TIPO_DATO15__GROWTHRATEN_N1,,,
IT1:22_293_DF_DCIS_INDDEMOG1_1(1.0),A,ITF41,GROWTHRATEN,2018,-2.4,,,,TIPO_DATO15__GROWTHRATEN_N1,,,
IT1:22_293_DF_DCIS_INDDEMOG1_1(1.0),A,ITF41,GROWTHRATEN,2019,-2.8,,,,TIPO_DATO15__GROWTHRATEN_N1,,,
IT1:22_293_DF_DCIS_INDDEMOG1_1(1.0),A,ITF41,GROWTHRATEN,2020,-5.2,,,,TIPO_DATO15__GROWTHRATEN_N1,,,
IT1:22_293_DF_DCIS_INDDEMOG1_1(1.0),A,ITF41,GROWTHRATEN,2021,-5.2,,,,TIPO_DATO15__GROWTHRATEN_N1,,,
IT1:22_293_DF_DCIS_INDDEMOG1_1(1.0),A,ITF41,GROWTHRATEN,2022,-4.6,,,,TIPO_DATO15__GROWTHRATEN_N1,,,
IT1:22_293_DF_DCIS_INDDEMOG1_1(1.0),A,ITF41,GROWTHRATEN,2023,-3.9,,,,TIPO_DATO15__GROWTHRATEN_N1,,,
IT1:22_293_DF_DCIS_INDDEMOG1_1(1.0),A,ITF41,GROWTHRATEN,2024,-4.5,,,,TIPO_DATO15__GROWTHRATEN_N1,,,
IT1:22_293_DF_DCIS_INDDEMOG1_1(1.0),A,ITF41,GROWTHRATEN,2025,-4.6,p,,,TIPO_DATO15__GROWTHRATEN_N1,,,
IT1:22_293_DF_DCIS_INDDEMOG1_1(1.0),A,ITF42,GROWTHRATEN,2015,-1.2,,,,TIPO_DATO15__GROWTHRATEN_N1,,,
IT1:22_293_DF_DCIS_INDDEMOG1_1(1.0),A,ITF42,GROWTHRATEN,2016,-0.8,,,,TIPO_DATO15__GROWTHRATEN_N1,,,
IT1:22_293_DF_DCIS_INDDEMOG1_1(1.0),A,ITF42,GROWTHRATEN,2017,-1.6,,,,TIPO_DATO15__GROWTHRATEN_N1,,,
IT1:22_293_DF_DCIS_INDDEMOG1_1(1.0),A,ITF42,GROWTHRATEN,2018,-1.5,,,,TIPO_DATO15__GROWTHRATEN_N1,,,
IT1:22_293_DF_DCIS_INDDEMOG1_1(1.0),A,ITF42,GROWTHRATEN,2019,-2.1,,,,TIPO_DATO15__GROWTHRATEN_N1,,,
IT1:22_293_DF_DCIS_INDDEMOG1_1(1.0),A,ITF42,GROWTHRATEN,2020,-3.8,,,,TIPO_DATO15__GROWTHRATEN_N1,,,
IT1:22_293_DF_DCIS_INDDEMOG1_1(1.0),A,ITF42,GROWTHRATEN,2021,-4.7,,,,TIPO_DATO15__GROWTHRATEN_N1,,,
IT1:22_293_DF_DCIS_INDDEMOG1_1(1.0),A,ITF42,GROWTHRATEN,2022,-3.7,,,,TIPO_DATO15__GROWTHRATEN_N1,,,
IT1:22_293_DF_DCIS_INDDEMOG1_1(1.0),A,ITF42,GROWTHRATEN,2023,-3.7,,,,TIPO_DATO15__GROWTHRATEN_N1,,,
IT1:22_293_DF_DCIS_INDDEMOG1_1(1.0),A,ITF42,GROWTHRATEN,2024,-3.6,,,,TIPO_DATO15__GROWTHRATEN_N1,,,
IT1:22_293_DF_DCIS_INDDEMOG1_1(1.0),A,ITF42,GROWTHRATEN,2025,-4,p,,,TIPO_DATO15__GROWTHRATEN_N1,,,
IT1:22_293_DF_DCIS_INDDEMOG1_1(1.0),A,ITF43,GROWTHRATEN,2015,-1.8,,,,TIPO_DATO15__GROWTHRATEN_N1,,,
IT1:22_293_DF_DCIS_INDDEMOG1_1(1.0),A,ITF43,GROWTHRATEN,2016,-2,,,,TIPO_DATO15__GROWTHRATEN_N1,,,
IT1:22_293_DF_DCIS_INDDEMOG1_1(1.0),A,ITF43,GROWTHRATEN,2017,-2.7,,,,TIPO_DATO15__GROWTHRATEN_N1,,,
IT1:22_293_DF_DCIS_INDDEMOG1_1(1.0),A,ITF43,GROWTHRATEN,2018,-3.1,,,,TIPO_DATO15__GROWTHRATEN_N1,,,
IT1:22_293_DF_DCIS_INDDEMOG1_1(1.0),A,ITF43,GROWTHRATEN,2019,-3.5,,,,TIPO_DATO15__GROWTHRATEN_N1,,,
IT1:22_293_DF_DCIS_INDDEMOG1_1(1.0),A,ITF43,GROWTHRATEN,2020,-4.6,,,,TIPO_DATO15__GROWTHRATEN_N1,,,
IT1:22_293_DF_DCIS_INDDEMOG1_1(1.0),A,ITF43,GROWTHRATEN,2021,-5.9,,,,TIPO_DATO15__GROWTHRATEN_N1,,,
IT1:22_293_DF_DCIS_INDDEMOG1_1(1.0),A,ITF43,GROWTHRATEN,2022,-5.5,,,,TIPO_DATO15__GROWTHRATEN_N1,,,
IT1:22_293_DF_DCIS_INDDEMOG1_1(1.0),A,ITF43,GROWTHRATEN,2023,-5.3,,,,TIPO_DATO15__GROWTHRATEN_N1,,,
IT1:22_293_DF_DCIS_INDDEMOG1_1(1.0),A,ITF43,GROWTHRATEN,2024,-5.3,,,,TIPO_DATO15__GROWTHRATEN_N1,,,
IT1:22_293_DF_DCIS_INDDEMOG1_1(1.0),A,ITF43,GROWTHRATEN,2025,-5.3,p,,,TIPO_DATO15__GROWTHRATEN_N1,,,
IT1:22_293_DF_DCIS_INDDEMOG1_1(1.0),A,ITF44,GROWTHRATEN,2015,-3.2,,,,TIPO_DATO15__GROWTHRATEN_N1,,,
IT1:22_293_DF_DCIS_INDDEMOG1_1(1.0),A,ITF44,GROWTHRATEN,2016,-2.7,,,,TIPO_DATO15__GROWTHRATEN_N1,,,
IT1:22_293_DF_DCIS_INDDEMOG1_1(1.0),A,ITF44,GROWTHRATEN,2017,-3.8,,,,TIPO_DATO15__GROWTHRATEN_N1,,,
IT1:22_293_DF_DCIS_INDDEMOG1_1(1.0),A,ITF44,GROWTHRATEN,2018,-3.8,,,,TIPO_DATO15__GROWTHRATEN_N1,,,
IT1:22_293_DF_DCIS_INDDEMOG1_1(1.0),A,ITF44,GROWTHRATEN,2019,-4.2,,,,TIPO_DATO15__GROWTHRATEN_N1,,,
IT1:22_293_DF_DCIS_INDDEMOG1_1(1.0),A,ITF44,GROWTHRATEN,2020,-5,,,,TIPO_DATO15__GROWTHRATEN_N1,,,
IT1:22_293_DF_DCIS_INDDEMOG1_1(1.0),A,ITF44,GROWTHRATEN,2021,-5.2,,,,TIPO_DATO15__GROWTHRATEN_N1,,,
IT1:22_293_DF_DCIS_INDDEMOG1_1(1.0),A,ITF44,GROWTHRATEN,2022,-5.7,,,,TIPO_DATO15__GROWTHRATEN_N1,,,
IT1:22_293_DF_DCIS_INDDEMOG1_1(1.0),A,ITF44,GROWTHRATEN,2023,-6,,,,TIPO_DATO15__GROWTHRATEN_N1,,,
IT1:22_293_DF_DCIS_INDDEMOG1_1(1.0),A,ITF44,GROWTHRATEN,2024,-5.3,,,,TIPO_DATO15__GROWTHRATEN_N1,,,
IT1:22_293_DF_DCIS_INDDEMOG1_1(1.0),A,ITF44,GROWTHRATEN,2025,-6.1,p,,,TIPO_DATO15__GROWTHRATEN_N1,,,
IT1:22_293_DF_DCIS_INDDEMOG1_1(1.0),A,ITF45,GROWTHRATEN,2015,-3.6,,,,TIPO_DATO15__GROWTHRATEN_N1,,,
IT1:22_293_DF_DCIS_INDDEMOG1_1(1.0),A,ITF45,GROWTHRATEN,2016,-3.1,,,,TIPO_DATO15__GROWTHRATEN_N1,,,
IT1:22_293_DF_DCIS_INDDEMOG1_1(1.0),A,ITF45,GROWTHRATEN,2017,-4.3,,,,TIPO_DATO15__GROWTHRATEN_N1,,,
IT1:22_293_DF_DCIS_INDDEMOG1_1(1.0),A,ITF45,GROWTHRATEN,2018,-3.7,,,,TIPO_DATO15__GROWTHRATEN_N1,,,
IT1:22_293_DF_DCIS_INDDEMOG1_1(1.0),A,ITF45,GROWTHRATEN,2019,-4,,,,TIPO_DATO15__GROWTHRATEN_N1,,,
IT1:22_293_DF_DCIS_INDDEMOG1_1(1.0),A,ITF45,GROWTHRATEN,2020,-5.2,,,,TIPO_DATO15__GROWTHRATEN_N1,,,
IT1:22_293_DF_DCIS_INDDEMOG1_1(1.0),A,ITF45,GROWTHRATEN,2021,-6,,,,TIPO_DATO15__GROWTHRATEN_N1,,,
IT1:22_293_DF_DCIS_INDDEMOG1_1(1.0),A,ITF45,GROWTHRATEN,2022,-6.4,,,,TIPO_DATO15__GROWTHRATEN_N1,,,
IT1:22_293_DF_DCIS_INDDEMOG1_1(1.0),A,ITF45,GROWTHRATEN,2023,-6.2,,,,TIPO_DATO15__GROWTHRATEN_N1,,,
IT1:22_293_DF_DCIS_INDDEMOG1_1(1.0),A,ITF45,GROWTHRATEN,2024,-6.2,,,,TIPO_DATO15__GROWTHRATEN_N1,,,
IT1:22_293_DF_DCIS_INDDEMOG1_1(1.0),A,ITF45,GROWTHRATEN,2025,-6.2,p,,,TIPO_DATO15__GROWTHRATEN_N1,,,
IT1:22_293_DF_DCIS_INDDEMOG1_1(1.0),A,ITF5,GROWTHRATEN,2015,-4,,,,TIPO_DATO15__GROWTHRATEN_N1,,,
IT1:22_293_DF_DCIS_INDDEMOG1_1(1.0),A,ITF5,GROWTHRATEN,2016,-3.8,,,,TIPO_DATO15__GROWTHRATEN_N1,,,
IT1:22_293_DF_DCIS_INDDEMOG1_1(1.0),A,ITF5,GROWTHRATEN,2017,-4.4,,,,TIPO_DATO15__GROWTHRATEN_N1,,,
IT1:22_293_DF_DCIS_INDDEMOG1_1(1.0),A,ITF5,GROWTHRATEN,2018,-4.5,,,,TIPO_DATO15__GROWTHRATEN_N1,,,
IT1:22_293_DF_DCIS_INDDEMOG1_1(1.0),A,ITF5,GROWTHRATEN,2019,-5.1,,,,TIPO_DATO15__GROWTHRATEN_N1,,,
IT1:22_293_DF_DCIS_INDDEMOG1_1(1.0),A,ITF5,GROWTHRATEN,2020,-5.8,,,,TIPO_DATO15__GROWTHRATEN_N1,,,
IT1:22_293_DF_DCIS_INDDEMOG1_1(1.0),A,ITF5,GROWTHRATEN,2021,-6.5,,,,TIPO_DATO15__GROWTHRATEN_N1,,,
IT1:22_293_DF_DCIS_INDDEMOG1_1(1.0),A,ITF5,GROWTHRATEN,2022,-7.2,,,,TIPO_DATO15__GROWTHRATEN_N1,,,
IT1:22_293_DF_DCIS_INDDEMOG1_1(1.0),A,ITF5,GROWTHRATEN,2023,-6.6,,,,TIPO_DATO15__GROWTHRATEN_N1,,,
IT1:22_293_DF_DCIS_INDDEMOG1_1(1.0),A,ITF5,GROWTHRATEN,2024,-5.9,,,,TIPO_DATO15__GROWTHRATEN_N1,,,
IT1:22_293_DF_DCIS_INDDEMOG1_1(1.0),A,ITF5,GROWTHRATEN,2025,-6.6,p,,,TIPO_DATO15__GROWTHRATEN_N1,,,
IT1:22_293_DF_DCIS_INDDEMOG1_1(1.0),A,ITF51,GROWTHRATEN,2015,-4.5,,,,TIPO_DATO15__GROWTHRATEN_N1,,,
IT1:22_293_DF_DCIS_INDDEMOG1_1(1.0),A,ITF51,GROWTHRATEN,2016,-4.5,,,,TIPO_DATO15__GROWTHRATEN_N1,,,
IT1:22_293_DF_DCIS_INDDEMOG1_1(1.0),A,ITF51,GROWTHRATEN,2017,-4.9,,,,TIPO_DATO15__GROWTHRATEN_N1,,,
IT1:22_293_DF_DCIS_INDDEMOG1_1(1.0),A,ITF51,GROWTHRATEN,2018,-5.2,,,,TIPO_DATO15__GROWTHRATEN_N1,,,
IT1:22_293_DF_DCIS_INDDEMOG1_1(1.0),A,ITF51,GROWTHRATEN,2019,-5.8,,,,TIPO_DATO15__GROWTHRATEN_N1,,,
IT1:22_293_DF_DCIS_INDDEMOG1_1(1.0),A,ITF51,GROWTHRATEN,2020,-6.3,,,,TIPO_DATO15__GROWTHRATEN_N1,,,
IT1:22_293_DF_DCIS_INDDEMOG1_1(1.0),A,ITF51,GROWTHRATEN,2021,-7.2,,,,TIPO_DATO15__GROWTHRATEN_N1,,,
IT1:22_293_DF_DCIS_INDDEMOG1_1(1.0),A,ITF51,GROWTHRATEN,2022,-7.8,,,,TIPO_DATO15__GROWTHRATEN_N1,,,
IT1:22_293_DF_DCIS_INDDEMOG1_1(1.0),A,ITF51,GROWTHRATEN,2023,-7.2,,,,TIPO_DATO15__GROWTHRATEN_N1,,,
IT1:22_293_DF_DCIS_INDDEMOG1_1(1.0),A,ITF51,GROWTHRATEN,2024,-6.5,,,,TIPO_DATO15__GROWTHRATEN_N1,,,
IT1:22_293_DF_DCIS_INDDEMOG1_1(1.0),A,ITF51,GROWTHRATEN,2025,-7.3,p,,,TIPO_DATO15__GROWTHRATEN_N1,,,
IT1:22_293_DF_DCIS_INDDEMOG1_1(1.0),A,ITF52,GROWTHRATEN,2015,-3.1,,,,TIPO_DATO15__GROWTHRATEN_N1,,,
IT1:22_293_DF_DCIS_INDDEMOG1_1(1.0),A,ITF52,GROWTHRATEN,2016,-2.7,,,,TIPO_DATO15__GROWTHRATEN_N1,,,
IT1:22_293_DF_DCIS_INDDEMOG1_1(1.0),A,ITF52,GROWTHRATEN,2017,-3.4,,,,TIPO_DATO15__GROWTHRATEN_N1,,,
IT1:22_293_DF_DCIS_INDDEMOG1_1(1.0),A,ITF52,GROWTHRATEN,2018,-3.3,,,,TIPO_DATO15__GROWTHRATEN_N1,,,
IT1:22_293_DF_DCIS_INDDEMOG1_1(1.0),A,ITF52,GROWTHRATEN,2019,-3.8,,,,TIPO_DATO15__GROWTHRATEN_N1,,,
IT1:22_293_DF_DCIS_INDDEMOG1_1(1.0),A,ITF52,GROWTHRATEN,2020,-4.8,,,,TIPO_DATO15__GROWTHRATEN_N1,,,
IT1:22_293_DF_DCIS_INDDEMOG1_1(1.0),A,ITF52,GROWTHRATEN,2021,-5,,,,TIPO_DATO15__GROWTHRATEN_N1,,,
IT1:22_293_DF_DCIS_INDDEMOG1_1(1.0),A,ITF52,GROWTHRATEN,2022,-6.1,,,,TIPO_DATO15__GROWTHRATEN_N1,,,
IT1:22_293_DF_DCIS_INDDEMOG1_1(1.0),A,ITF52,GROWTHRATEN,2023,-5.6,,,,TIPO_DATO15__GROWTHRATEN_N1,,,
IT1:22_293_DF_DCIS_INDDEMOG1_1(1.0),A,ITF52,GROWTHRATEN,2024,-4.8,,,,TIPO_DATO15__GROWTHRATEN_N1,,,
IT1:22_293_DF_DCIS_INDDEMOG1_1(1.0),A,ITF52,GROWTHRATEN,2025,-5.3,p,,,TIPO_DATO15__GROWTHRATEN_N1,,,
IT1:22_293_DF_DCIS_INDDEMOG1_1(1.0),A,ITF6,GROWTHRATEN,2015,-2,,,,TIPO_DATO15__GROWTHRATEN_N1,,,
IT1:22_293_DF_DCIS_INDDEMOG1_1(1.0),A,ITF6,GROWTHRATEN,2016,-1.7,,,,TIPO_DATO15__GROWTHRATEN_N1,,,
IT1:22_293_DF_DCIS_INDDEMOG1_1(1.0),A,ITF6,GROWTHRATEN,2017,-2.7,,,,TIPO_DATO15__GROWTHRATEN_N1,,,
IT1:22_293_DF_DCIS_INDDEMOG1_1(1.0),A,ITF6,GROWTHRATEN,2018,-2.4,,,,TIPO_DATO15__GROWTHRATEN_N1,,,
IT1:22_293_DF_DCIS_INDDEMOG1_1(1.0),A,ITF6,GROWTHRATEN,2019,-3,,,,TIPO_DATO15__GROWTHRATEN_N1,,,
IT1:22_293_DF_DCIS_INDDEMOG1_1(1.0),A,ITF6,GROWTHRATEN,2020,-3.8,,,,TIPO_DATO15__GROWTHRATEN_N1,,,
IT1:22_293_DF_DCIS_INDDEMOG1_1(1.0),A,ITF6,GROWTHRATEN,2021,-5.1,,,,TIPO_DATO15__GROWTHRATEN_N1,,,
IT1:22_293_DF_DCIS_INDDEMOG1_1(1.0),A,ITF6,GROWTHRATEN,2022,-5.1,,,,TIPO_DATO15__GROWTHRATEN_N1,,,
IT1:22_293_DF_DCIS_INDDEMOG1_1(1.0),A,ITF6,GROWTHRATEN,2023,-4.7,,,,TIPO_DATO15__GROWTHRATEN_N1,,,
IT1:22_293_DF_DCIS_INDDEMOG1_1(1.0),A,ITF6,GROWTHRATEN,2024,-4.4,,,,TIPO_DATO15__GROWTHRATEN_N1,,,
IT1:22_293_DF_DCIS_INDDEMOG1_1(1.0),A,ITF6,GROWTHRATEN,2025,-4.6,p,,,TIPO_DATO15__GROWTHRATEN_N1,,,
IT1:22_293_DF_DCIS_INDDEMOG1_1(1.0),A,ITF61,GROWTHRATEN,2015,-2.5,,,,TIPO_DATO15__GROWTHRATEN_N1,,,
IT1:22_293_DF_DCIS_INDDEMOG1_1(1.0),A,ITF61,GROWTHRATEN,2016,-2.2,,,,TIPO_DATO15__GROWTHRATEN_N1,,,
IT1:22_293_DF_DCIS_INDDEMOG1_1(1.0),A,ITF61,GROWTHRATEN,2017,-3.4,,,,TIPO_DATO15__GROWTHRATEN_N1,,,
IT1:22_293_DF_DCIS_INDDEMOG1_1(1.0),A,ITF61,GROWTHRATEN,2018,-2.8,,,,TIPO_DATO15__GROWTHRATEN_N1,,,
IT1:22_293_DF_DCIS_INDDEMOG1_1(1.0),A,ITF61,GROWTHRATEN,2019,-3.7,,,,TIPO_DATO15__GROWTHRATEN_N1,,,
IT1:22_293_DF_DCIS_INDDEMOG1_1(1.0),A,ITF61,GROWTHRATEN,2020,-4.5,,,,TIPO_DATO15__GROWTHRATEN_N1,,,
IT1:22_293_DF_DCIS_INDDEMOG1_1(1.0),A,ITF61,GROWTHRATEN,2021,-5.7,,,,TIPO_DATO15__GROWTHRATEN_N1,,,
IT1:22_293_DF_DCIS_INDDEMOG1_1(1.0),A,ITF61,GROWTHRATEN,2022,-5.5,,,,TIPO_DATO15__GROWTHRATEN_N1,,,
IT1:22_293_DF_DCIS_INDDEMOG1_1(1.0),A,ITF61,GROWTHRATEN,2023,-5.5,,,,TIPO_DATO15__GROWTHRATEN_N1,,,
IT1:22_293_DF_DCIS_INDDEMOG1_1(1.0),A,ITF61,GROWTHRATEN,2024,-5.3,,,,TIPO_DATO15__GROWTHRATEN_N1,,,
IT1:22_293_DF_DCIS_INDDEMOG1_1(1.0),A,ITF61,GROWTHRATEN,2025,-5.4,p,,,TIPO_DATO15__GROWTHRATEN_N1,,,
IT1:22_293_DF_DCIS_INDDEMOG1_1(1.0),A,ITF62,GROWTHRATEN,2015,-0.3,,,,TIPO_DATO15__GROWTHRATEN_N1,,,
IT1:22_293_DF_DCIS_INDDEMOG1_1(1.0),A,ITF62,GROWTHRATEN,2016,0.3,,,,TIPO_DATO15__GROWTHRATEN_N1,,,
IT1:22_293_DF_DCIS_INDDEMOG1_1(1.0),A,ITF62,GROWTHRATEN,2017,-1.1,,,,TIPO_DATO15__GROWTHRATEN_N1,,,
IT1:22_293_DF_DCIS_INDDEMOG1_1(1.0),A,ITF62,GROWTHRATEN,2018,-0.3,,,,TIPO_DATO15__GROWTHRATEN_N1,,,
IT1:22_293_DF_DCIS_INDDEMOG1_1(1.0),A,ITF62,GROWTHRATEN,2019,-1.2,,,,TIPO_DATO15__GROWTHRATEN_N1,,,
IT1:22_293_DF_DCIS_INDDEMOG1_1(1.0),A,ITF62,GROWTHRATEN,2020,-2.6,,,,TIPO_DATO15__GROWTHRATEN_N1,,,
IT1:22_293_DF_DCIS_INDDEMOG1_1(1.0),A,ITF62,GROWTHRATEN,2021,-3.8,,,,TIPO_DATO15__GROWTHRATEN_N1,,,
IT1:22_293_DF_DCIS_INDDEMOG1_1(1.0),A,ITF62,GROWTHRATEN,2022,-3.7,,,,TIPO_DATO15__GROWTHRATEN_N1,,,
IT1:22_293_DF_DCIS_INDDEMOG1_1(1.0),A,ITF62,GROWTHRATEN,2023,-3.4,,,,TIPO_DATO15__GROWTHRATEN_N1,,,
IT1:22_293_DF_DCIS_INDDEMOG1_1(1.0),A,ITF62,GROWTHRATEN,2024,-3,,,,TIPO_DATO15__GROWTHRATEN_N1,,,
IT1:22_293_DF_DCIS_INDDEMOG1_1(1.0),A,ITF62,GROWTHRATEN,2025,-3.6,p,,,TIPO_DATO15__GROWTHRATEN_N1,,,
IT1:22_293_DF_DCIS_INDDEMOG1_1(1.0),A,ITF63,GROWTHRATEN,2015,-2,,,,TIPO_DATO15__GROWTHRATEN_N1,,,
IT1:22_293_DF_DCIS_INDDEMOG1_1(1.0),A,ITF63,GROWTHRATEN,2016,-1.4,,,,TIPO_DATO15__GROWTHRATEN_N1,,,
IT1:22_293_DF_DCIS_INDDEMOG1_1(1.0),A,ITF63,GROWTHRATEN,2017,-2.7,,,,TIPO_DATO15__GROWTHRATEN_N1,,,
IT1:22_293_DF_DCIS_INDDEMOG1_1(1.0),A,ITF63,GROWTHRATEN,2018,-3.2,,,,TIPO_DATO15__GROWTHRATEN_N1,,,
IT1:22_293_DF_DCIS_INDDEMOG1_1(1.0),A,ITF63,GROWTHRATEN,2019,-3.1,,,,TIPO_DATO15__GROWTHRATEN_N1,,,
IT1:22_293_DF_DCIS_INDDEMOG1_1(1.0),A,ITF63,GROWTHRATEN,2020,-3.6,,,,TIPO_DATO15__GROWTHRATEN_N1,,,
IT1:22_293_DF_DCIS_INDDEMOG1_1(1.0),A,ITF63,GROWTHRATEN,2021,-4.5,,,,TIPO_DATO15__GROWTHRATEN_N1,,,
IT1:22_293_DF_DCIS_INDDEMOG1_1(1.0),A,ITF63,GROWTHRATEN,2022,-5.1,,,,TIPO_DATO15__GROWTHRATEN_N1,,,
IT1:22_293_DF_DCIS_INDDEMOG1_1(1.0),A,ITF63,GROWTHRATEN,2023,-4.8,,,,TIPO_DATO15__GROWTHRATEN_N1,,,
IT1:22_293_DF_DCIS_INDDEMOG1_1(1.0),A,ITF63,GROWTHRATEN,2024,-4.7,,,,TIPO_DATO15__GROWTHRATEN_N1,,,
IT1:22_293_DF_DCIS_INDDEMOG1_1(1.0),A,ITF63,GROWTHRATEN,2025,-5,p,,,TIPO_DATO15__GROWTHRATEN_N1,,,
IT1:22_293_DF_DCIS_INDDEMOG1_1(1.0),A,ITF64,GROWTHRATEN,2015,-2.3,,,,TIPO_DATO15__GROWTHRATEN_N1,,,
IT1:22_293_DF_DCIS_INDDEMOG1_1(1.0),A,ITF64,GROWTHRATEN,2016,-2,,,,TIPO_DATO15__GROWTHRATEN_N1,,,
IT1:22_293_DF_DCIS_INDDEMOG1_1(1.0),A,ITF64,GROWTHRATEN,2017,-2.6,,,,TIPO_DATO15__GROWTHRATEN_N1,,,
IT1:22_293_DF_DCIS_INDDEMOG1_1(1.0),A,ITF64,GROWTHRATEN,2018,-2.6,,,,TIPO_DATO15__GROWTHRATEN_N1,,,
IT1:22_293_DF_DCIS_INDDEMOG1_1(1.0),A,ITF64,GROWTHRATEN,2019,-3,,,,TIPO_DATO15__GROWTHRATEN_N1,,,
IT1:22_293_DF_DCIS_INDDEMOG1_1(1.0),A,ITF64,GROWTHRATEN,2020,-3.6,,,,TIPO_DATO15__GROWTHRATEN_N1,,,
IT1:22_293_DF_DCIS_INDDEMOG1_1(1.0),A,ITF64,GROWTHRATEN,2021,-5,,,,TIPO_DATO15__GROWTHRATEN_N1,,,
IT1:22_293_DF_DCIS_INDDEMOG1_1(1.0),A,ITF64,GROWTHRATEN,2022,-5.2,,,,TIPO_DATO15__GROWTHRATEN_N1,,,
IT1:22_293_DF_DCIS_INDDEMOG1_1(1.0),A,ITF64,GROWTHRATEN,2023,-4.6,,,,TIPO_DATO15__GROWTHRATEN_N1,,,
IT1:22_293_DF_DCIS_INDDEMOG1_1(1.0),A,ITF64,GROWTHRATEN,2024,-3.5,,,,TIPO_DATO15__GROWTHRATEN_N1,,,
IT1:22_293_DF_DCIS_INDDEMOG1_1(1.0),A,ITF64,GROWTHRATEN,2025,-3.9,p,,,TIPO_DATO15__GROWTHRATEN_N1,,,
IT1:22_293_DF_DCIS_INDDEMOG1_1(1.0),A,ITF65,GROWTHRATEN,2015,-1.9,,,,TIPO_DATO15__GROWTHRATEN_N1,,,
IT1:22_293_DF_DCIS_INDDEMOG1_1(1.0),A,ITF65,GROWTHRATEN,2016,-1.7,,,,TIPO_DATO15__GROWTHRATEN_N1,,,
IT1:22_293_DF_DCIS_INDDEMOG1_1(1.0),A,ITF65,GROWTHRATEN,2017,-2.2,,,,TIPO_DATO15__GROWTHRATEN_N1,,,
IT1:22_293_DF_DCIS_INDDEMOG1_1(1.0),A,ITF65,GROWTHRATEN,2018,-1.9,,,,TIPO_DATO15__GROWTHRATEN_N1,,,
IT1:22_293_DF_DCIS_INDDEMOG1_1(1.0),A,ITF65,GROWTHRATEN,2019,-2.6,,,,TIPO_DATO15__GROWTHRATEN_N1,,,
IT1:22_293_DF_DCIS_INDDEMOG1_1(1.0),A,ITF65,GROWTHRATEN,2020,-3.4,,,,TIPO_DATO15__GROWTHRATEN_N1,,,
IT1:22_293_DF_DCIS_INDDEMOG1_1(1.0),A,ITF65,GROWTHRATEN,2021,-5,,,,TIPO_DATO15__GROWTHRATEN_N1,,,
IT1:22_293_DF_DCIS_INDDEMOG1_1(1.0),A,ITF65,GROWTHRATEN,2022,-5,,,,TIPO_DATO15__GROWTHRATEN_N1,,,
IT1:22_293_DF_DCIS_INDDEMOG1_1(1.0),A,ITF65,GROWTHRATEN,2023,-4.2,,,,TIPO_DATO15__GROWTHRATEN_N1,,,
IT1:22_293_DF_DCIS_INDDEMOG1_1(1.0),A,ITF65,GROWTHRATEN,2024,-3.8,,,,TIPO_DATO15__GROWTHRATEN_N1,,,
IT1:22_293_DF_DCIS_INDDEMOG1_1(1.0),A,ITF65,GROWTHRATEN,2025,-3.8,p,,,TIPO_DATO15__GROWTHRATEN_N1,,,
IT1:22_293_DF_DCIS_INDDEMOG1_1(1.0),A,ITFG,GROWTHRATEN,2015,-2,,,,TIPO_DATO15__GROWTHRATEN_N1,,,
IT1:22_293_DF_DCIS_INDDEMOG1_1(1.0),A,ITFG,GROWTHRATEN,2016,-1.7,,,,TIPO_DATO15__GROWTHRATEN_N1,,,
IT1:22_293_DF_DCIS_INDDEMOG1_1(1.0),A,ITFG,GROWTHRATEN,2017,-2.5,,,,TIPO_DATO15__GROWTHRATEN_N1,,,
IT1:22_293_DF_DCIS_INDDEMOG1_1(1.0),A,ITFG,GROWTHRATEN,2018,-2.4,,,,TIPO_DATO15__GROWTHRATEN_N1,,,
IT1:22_293_DF_DCIS_INDDEMOG1_1(1.0),A,ITFG,GROWTHRATEN,2019,-2.8,,,,TIPO_DATO15__GROWTHRATEN_N1,,,
IT1:22_293_DF_DCIS_INDDEMOG1_1(1.0),A,ITFG,GROWTHRATEN,2020,-4,,,,TIPO_DATO15__GROWTHRATEN_N1,,,
IT1:22_293_DF_DCIS_INDDEMOG1_1(1.0),A,ITFG,GROWTHRATEN,2021,-4.7,,,,TIPO_DATO15__GROWTHRATEN_N1,,,
IT1:22_293_DF_DCIS_INDDEMOG1_1(1.0),A,ITFG,GROWTHRATEN,2022,-4.8,,,,TIPO_DATO15__GROWTHRATEN_N1,,,
IT1:22_293_DF_DCIS_INDDEMOG1_1(1.0),A,ITFG,GROWTHRATEN,2023,-4.5,,,,TIPO_DATO15__GROWTHRATEN_N1,,,
IT1:22_293_DF_DCIS_INDDEMOG1_1(1.0),A,ITFG,GROWTHRATEN,2024,-4.3,,,,TIPO_DATO15__GROWTHRATEN_N1,,,
IT1:22_293_DF_DCIS_INDDEMOG1_1(1.0),A,ITFG,GROWTHRATEN,2025,-4.6,p,,,TIPO_DATO15__GROWTHRATEN_N1,,,
IT1:22_293_DF_DCIS_INDDEMOG1_1(1.0),A,ITG,GROWTHRATEN,2015,-2.3,,,,TIPO_DATO15__GROWTHRATEN_N1,,,
IT1:22_293_DF_DCIS_INDDEMOG1_1(1.0),A,ITG,GROWTHRATEN,2016,-2.1,,,,TIPO_DATO15__GROWTHRATEN_N1,,,
IT1:22_293_DF_DCIS_INDDEMOG1_1(1.0),A,ITG,GROWTHRATEN,2017,-3,,,,TIPO_DATO15__GROWTHRATEN_N1,,,
IT1:22_293_DF_DCIS_INDDEMOG1_1(1.0),A,ITG,GROWTHRATEN,2018,-2.8,,,,TIPO_DATO15__GROWTHRATEN_N1,,,
IT1:22_293_DF_DCIS_INDDEMOG1_1(1.0),A,ITG,GROWTHRATEN,2019,-3.4,,,,TIPO_DATO15__GROWTHRATEN_N1,,,
IT1:22_293_DF_DCIS_INDDEMOG1_1(1.0),A,ITG,GROWTHRATEN,2020,-4.4,,,,TIPO_DATO15__GROWTHRATEN_N1,,,
IT1:22_293_DF_DCIS_INDDEMOG1_1(1.0),A,ITG,GROWTHRATEN,2021,-5,,,,TIPO_DATO15__GROWTHRATEN_N1,,,
IT1:22_293_DF_DCIS_INDDEMOG1_1(1.0),A,ITG,GROWTHRATEN,2022,-5.5,,,,TIPO_DATO15__GROWTHRATEN_N1,,,
IT1:22_293_DF_DCIS_INDDEMOG1_1(1.0),A,ITG,GROWTHRATEN,2023,-5.1,,,,TIPO_DATO15__GROWTHRATEN_N1,,,
IT1:22_293_DF_DCIS_INDDEMOG1_1(1.0),A,ITG,GROWTHRATEN,2024,-4.8,,,,TIPO_DATO15__GROWTHRATEN_N1,,,
IT1:22_293_DF_DCIS_INDDEMOG1_1(1.0),A,ITG,GROWTHRATEN,2025,-5.1,p,,,TIPO_DATO15__GROWTHRATEN_N1,,,
IT1:22_293_DF_DCIS_INDDEMOG1_1(1.0),A,ITG1,GROWTHRATEN,2015,-2,,,,TIPO_DATO15__GROWTHRATEN_N1,,,
IT1:22_293_DF_DCIS_INDDEMOG1_1(1.0),A,ITG1,GROWTHRATEN,2016,-1.7,,,,TIPO_DATO15__GROWTHRATEN_N1,,,
IT1:22_293_DF_DCIS_INDDEMOG1_1(1.0),A,ITG1,GROWTHRATEN,2017,-2.6,,,,TIPO_DATO15__GROWTHRATEN_N1,,,
IT1:22_293_DF_DCIS_INDDEMOG1_1(1.0),A,ITG1,GROWTHRATEN,2018,-2.3,,,,TIPO_DATO15__GROWTHRATEN_N1,,,
IT1:22_293_DF_DCIS_INDDEMOG1_1(1.0),A,ITG1,GROWTHRATEN,2019,-2.8,,,,TIPO_DATO15__GROWTHRATEN_N1,,,
IT1:22_293_DF_DCIS_INDDEMOG1_1(1.0),A,ITG1,GROWTHRATEN,2020,-3.7,,,,TIPO_DATO15__GROWTHRATEN_N1,,,
IT1:22_293_DF_DCIS_INDDEMOG1_1(1.0),A,ITG1,GROWTHRATEN,2021,-4.5,,,,TIPO_DATO15__GROWTHRATEN_N1,,,
IT1:22_293_DF_DCIS_INDDEMOG1_1(1.0),A,ITG1,GROWTHRATEN,2022,-4.7,,,,TIPO_DATO15__GROWTHRATEN_N1,,,
IT1:22_293_DF_DCIS_INDDEMOG1_1(1.0),A,ITG1,GROWTHRATEN,2023,-4.4,,,,TIPO_DATO15__GROWTHRATEN_N1,,,
IT1:22_293_DF_DCIS_INDDEMOG1_1(1.0),A,ITG1,GROWTHRATEN,2024,-4,,,,TIPO_DATO15__GROWTHRATEN_N1,,,
IT1:22_293_DF_DCIS_INDDEMOG1_1(1.0),A,ITG1,GROWTHRATEN,2025,-4.2,p,,,TIPO_DATO15__GROWTHRATEN_N1,,,
IT1:22_293_DF_DCIS_INDDEMOG1_1(1.0),A,ITG11,GROWTHRATEN,2015,-3.6,,,,TIPO_DATO15__GROWTHRATEN_N1,,,
IT1:22_293_DF_DCIS_INDDEMOG1_1(1.0),A,ITG11,GROWTHRATEN,2016,-2.7,,,,TIPO_DATO15__GROWTHRATEN_N1,,,
IT1:22_293_DF_DCIS_INDDEMOG1_1(1.0),A,ITG11,GROWTHRATEN,2017,-3.9,,,,TIPO_DATO15__GROWTHRATEN_N1,,,
IT1:22_293_DF_DCIS_INDDEMOG1_1(1.0),A,ITG11,GROWTHRATEN,2018,-3.2,,,,TIPO_DATO15__GROWTHRATEN_N1,,,
IT1:22_293_DF_DCIS_INDDEMOG1_1(1.0),A,ITG11,GROWTHRATEN,2019,-3.8,,,,TIPO_DATO15__GROWTHRATEN_N1,,,
IT1:22_293_DF_DCIS_INDDEMOG1_1(1.0),A,ITG11,GROWTHRATEN,2020,-4.4,,,,TIPO_DATO15__GROWTHRATEN_N1,,,
IT1:22_293_DF_DCIS_INDDEMOG1_1(1.0),A,ITG11,GROWTHRATEN,2021,-5.5,,,,TIPO_DATO15__GROWTHRATEN_N1,,,
IT1:22_293_DF_DCIS_INDDEMOG1_1(1.0),A,ITG11,GROWTHRATEN,2022,-6.2,,,,TIPO_DATO15__GROWTHRATEN_N1,,,
IT1:22_293_DF_DCIS_INDDEMOG1_1(1.0),A,ITG11,GROWTHRATEN,2023,-5.4,,,,TIPO_DATO15__GROWTHRATEN_N1,,,
IT1:22_293_DF_DCIS_INDDEMOG1_1(1.0),A,ITG11,GROWTHRATEN,2024,-5.6,,,,TIPO_DATO15__GROWTHRATEN_N1,,,
IT1:22_293_DF_DCIS_INDDEMOG1_1(1.0),A,ITG11,GROWTHRATEN,2025,-4.9,p,,,TIPO_DATO15__GROWTHRATEN_N1,,,
IT1:22_293_DF_DCIS_INDDEMOG1_1(1.0),A,ITG12,GROWTHRATEN,2015,-0.9,,,,TIPO_DATO15__GROWTHRATEN_N1,,,
IT1:22_293_DF_DCIS_INDDEMOG1_1(1.0),A,ITG12,GROWTHRATEN,2016,-1,,,,TIPO_DATO15__GROWTHRATEN_N1,,,
IT1:22_293_DF_DCIS_INDDEMOG1_1(1.0),A,ITG12,GROWTHRATEN,2017,-1.8,,,,TIPO_DATO15__GROWTHRATEN_N1,,,
IT1:22_293_DF_DCIS_INDDEMOG1_1(1.0),A,ITG12,GROWTHRATEN,2018,-1.5,,,,TIPO_DATO15__GROWTHRATEN_N1,,,
IT1:22_293_DF_DCIS_INDDEMOG1_1(1.0),A,ITG12,GROWTHRATEN,2019,-1.8,,,,TIPO_DATO15__GROWTHRATEN_N1,,,
IT1:22_293_DF_DCIS_INDDEMOG1_1(1.0),A,ITG12,GROWTHRATEN,2020,-3.1,,,,TIPO_DATO15__GROWTHRATEN_N1,,,
IT1:22_293_DF_DCIS_INDDEMOG1_1(1.0),A,ITG12,GROWTHRATEN,2021,-3.7,,,,TIPO_DATO15__GROWTHRATEN_N1,,,
IT1:22_293_DF_DCIS_INDDEMOG1_1(1.0),A,ITG12,GROWTHRATEN,2022,-3.6,,,,TIPO_DATO15__GROWTHRATEN_N1,,,
IT1:22_293_DF_DCIS_INDDEMOG1_1(1.0),A,ITG12,GROWTHRATEN,2023,-3.8,,,,TIPO_DATO15__GROWTHRATEN_N1,,,
IT1:22_293_DF_DCIS_INDDEMOG1_1(1.0),A,ITG12,GROWTHRATEN,2024,-3.4,,,,TIPO_DATO15__GROWTHRATEN_N1,,,
IT1:22_293_DF_DCIS_INDDEMOG1_1(1.0),A,ITG12,GROWTHRATEN,2025,-3.7,p,,,TIPO_DATO15__GROWTHRATEN_N1,,,
IT1:22_293_DF_DCIS_INDDEMOG1_1(1.0),A,ITG13,GROWTHRATEN,2015,-4.6,,,,TIPO_DATO15__GROWTHRATEN_N1,,,
IT1:22_293_DF_DCIS_INDDEMOG1_1(1.0),A,ITG13,GROWTHRATEN,2016,-3.7,,,,TIPO_DATO15__GROWTHRATEN_N1,,,
IT1:22_293_DF_DCIS_INDDEMOG1_1(1.0),A,ITG13,GROWTHRATEN,2017,-4.8,,,,TIPO_DATO15__GROWTHRATEN_N1,,,
IT1:22_293_DF_DCIS_INDDEMOG1_1(1.0),A,ITG13,GROWTHRATEN,2018,-4.2,,,,TIPO_DATO15__GROWTHRATEN_N1,,,
IT1:22_293_DF_DCIS_INDDEMOG1_1(1.0),A,ITG13,GROWTHRATEN,2019,-5,,,,TIPO_DATO15__GROWTHRATEN_N1,,,
IT1:22_293_DF_DCIS_INDDEMOG1_1(1.0),A,ITG13,GROWTHRATEN,2020,-5.6,,,,TIPO_DATO15__GROWTHRATEN_N1,,,
IT1:22_293_DF_DCIS_INDDEMOG1_1(1.0),A,ITG13,GROWTHRATEN,2021,-6.7,,,,TIPO_DATO15__GROWTHRATEN_N1,,,
IT1:22_293_DF_DCIS_INDDEMOG1_1(1.0),A,ITG13,GROWTHRATEN,2022,-7.5,,,,TIPO_DATO15__GROWTHRATEN_N1,,,
IT1:22_293_DF_DCIS_INDDEMOG1_1(1.0),A,ITG13,GROWTHRATEN,2023,-6.5,,,,TIPO_DATO15__GROWTHRATEN_N1,,,
IT1:22_293_DF_DCIS_INDDEMOG1_1(1.0),A,ITG13,GROWTHRATEN,2024,-6.2,,,,TIPO_DATO15__GROWTHRATEN_N1,,,
IT1:22_293_DF_DCIS_INDDEMOG1_1(1.0),A,ITG13,GROWTHRATEN,2025,-6.2,p,,,TIPO_DATO15__GROWTHRATEN_N1,,,
IT1:22_293_DF_DCIS_INDDEMOG1_1(1.0),A,ITG14,GROWTHRATEN,2015,-3.3,,,,TIPO_DATO15__GROWTHRATEN_N1,,,
IT1:22_293_DF_DCIS_INDDEMOG1_1(1.0),A,ITG14,GROWTHRATEN,2016,-2.7,,,,TIPO_DATO15__GROWTHRATEN_N1,,,
IT1:22_293_DF_DCIS_INDDEMOG1_1(1.0),A,ITG14,GROWTHRATEN,2017,-4,,,,TIPO_DATO15__GROWTHRATEN_N1,,,
IT1:22_293_DF_DCIS_INDDEMOG1_1(1.0),A,ITG14,GROWTHRATEN,2018,-3.5,,,,TIPO_DATO15__GROWTHRATEN_N1,,,
IT1:22_293_DF_DCIS_INDDEMOG1_1(1.0),A,ITG14,GROWTHRATEN,2019,-4.4,,,,TIPO_DATO15__GROWTHRATEN_N1,,,
IT1:22_293_DF_DCIS_INDDEMOG1_1(1.0),A,ITG14,GROWTHRATEN,2020,-4.6,,,,TIPO_DATO15__GROWTHRATEN_N1,,,
IT1:22_293_DF_DCIS_INDDEMOG1_1(1.0),A,ITG14,GROWTHRATEN,2021,-5.8,,,,TIPO_DATO15__GROWTHRATEN_N1,,,
IT1:22_293_DF_DCIS_INDDEMOG1_1(1.0),A,ITG14,GROWTHRATEN,2022,-5.4,,,,TIPO_DATO15__GROWTHRATEN_N1,,,
IT1:22_293_DF_DCIS_INDDEMOG1_1(1.0),A,ITG14,GROWTHRATEN,2023,-5.7,,,,TIPO_DATO15__GROWTHRATEN_N1,,,
IT1:22_293_DF_DCIS_INDDEMOG1_1(1.0),A,ITG14,GROWTHRATEN,2024,-4.5,,,,TIPO_DATO15__GROWTHRATEN_N1,,,
IT1:22_293_DF_DCIS_INDDEMOG1_1(1.0),A,ITG14,GROWTHRATEN,2025,-4.6,p,,,TIPO_DATO15__GROWTHRATEN_N1,,,
IT1:22_293_DF_DCIS_INDDEMOG1_1(1.0),A,ITG15,GROWTHRATEN,2015,-2.2,,,,TIPO_DATO15__GROWTHRATEN_N1,,,
IT1:22_293_DF_DCIS_INDDEMOG1_1(1.0),A,ITG15,GROWTHRATEN,2016,-2.2,,,,TIPO_DATO15__GROWTHRATEN_N1,,,
IT1:22_293_DF_DCIS_INDDEMOG1_1(1.0),A,ITG15,GROWTHRATEN,2017,-3.7,,,,TIPO_DATO15__GROWTHRATEN_N1,,,
IT1:22_293_DF_DCIS_INDDEMOG1_1(1.0),A,ITG15,GROWTHRATEN,2018,-3.3,,,,TIPO_DATO15__GROWTHRATEN_N1,,,
IT1:22_293_DF_DCIS_INDDEMOG1_1(1.0),A,ITG15,GROWTHRATEN,2019,-4.5,,,,TIPO_DATO15__GROWTHRATEN_N1,,,
IT1:22_293_DF_DCIS_INDDEMOG1_1(1.0),A,ITG15,GROWTHRATEN,2020,-4.3,,,,TIPO_DATO15__GROWTHRATEN_N1,,,
IT1:22_293_DF_DCIS_INDDEMOG1_1(1.0),A,ITG15,GROWTHRATEN,2021,-5.9,,,,TIPO_DATO15__GROWTHRATEN_N1,,,
IT1:22_293_DF_DCIS_INDDEMOG1_1(1.0),A,ITG15,GROWTHRATEN,2022,-5.7,,,,TIPO_DATO15__GROWTHRATEN_N1,,,
IT1:22_293_DF_DCIS_INDDEMOG1_1(1.0),A,ITG15,GROWTHRATEN,2023,-5,,,,TIPO_DATO15__GROWTHRATEN_N1,,,
IT1:22_293_DF_DCIS_INDDEMOG1_1(1.0),A,ITG15,GROWTHRATEN,2024,-4.7,,,,TIPO_DATO15__GROWTHRATEN_N1,,,
IT1:22_293_DF_DCIS_INDDEMOG1_1(1.0),A,ITG15,GROWTHRATEN,2025,-4.8,p,,,TIPO_DATO15__GROWTHRATEN_N1,,,
IT1:22_293_DF_DCIS_INDDEMOG1_1(1.0),A,ITG16,GROWTHRATEN,2015,-4.1,,,,TIPO_DATO15__GROWTHRATEN_N1,,,
IT1:22_293_DF_DCIS_INDDEMOG1_1(1.0),A,ITG16,GROWTHRATEN,2016,-4.2,,,,TIPO_DATO15__GROWTHRATEN_N1,,,
IT1:22_293_DF_DCIS_INDDEMOG1_1(1.0),A,ITG16,GROWTHRATEN,2017,-5,,,,TIPO_DATO15__GROWTHRATEN_N1,,,
IT1:22_293_DF_DCIS_INDDEMOG1_1(1.0),A,ITG16,GROWTHRATEN,2018,-4.4,,,,TIPO_DATO15__GROWTHRATEN_N1,,,
IT1:22_293_DF_DCIS_INDDEMOG1_1(1.0),A,ITG16,GROWTHRATEN,2019,-4.9,,,,TIPO_DATO15__GROWTHRATEN_N1,,,
IT1:22_293_DF_DCIS_INDDEMOG1_1(1.0),A,ITG16,GROWTHRATEN,2020,-6.7,,,,TIPO_DATO15__GROWTHRATEN_N1,,,
IT1:22_293_DF_DCIS_INDDEMOG1_1(1.0),A,ITG16,GROWTHRATEN,2021,-6.8,,,,TIPO_DATO15__GROWTHRATEN_N1,,,
IT1:22_293_DF_DCIS_INDDEMOG1_1(1.0),A,ITG16,GROWTHRATEN,2022,-7.8,,,,TIPO_DATO15__GROWTHRATEN_N1,,,
IT1:22_293_DF_DCIS_INDDEMOG1_1(1.0),A,ITG16,GROWTHRATEN,2023,-6.7,,,,TIPO_DATO15__GROWTHRATEN_N1,,,
IT1:22_293_DF_DCIS_INDDEMOG1_1(1.0),A,ITG16,GROWTHRATEN,2024,-5.5,,,,TIPO_DATO15__GROWTHRATEN_N1,,,
IT1:22_293_DF_DCIS_INDDEMOG1_1(1.0),A,ITG16,GROWTHRATEN,2025,-6,p,,,TIPO_DATO15__GROWTHRATEN_N1,,,
IT1:22_293_DF_DCIS_INDDEMOG1_1(1.0),A,ITG17,GROWTHRATEN,2015,-0.2,,,,TIPO_DATO15__GROWTHRATEN_N1,,,
IT1:22_293_DF_DCIS_INDDEMOG1_1(1.0),A,ITG17,GROWTHRATEN,2016,-0.2,,,,TIPO_DATO15__GROWTHRATEN_N1,,,
IT1:22_293_DF_DCIS_INDDEMOG1_1(1.0),A,ITG17,GROWTHRATEN,2017,-1,,,,TIPO_DATO15__GROWTHRATEN_N1,,,
IT1:22_293_DF_DCIS_INDDEMOG1_1(1.0),A,ITG17,GROWTHRATEN,2018,-0.7,,,,TIPO_DATO15__GROWTHRATEN_N1,,,
IT1:22_293_DF_DCIS_INDDEMOG1_1(1.0),A,ITG17,GROWTHRATEN,2019,-1.2,,,,TIPO_DATO15__GROWTHRATEN_N1,,,
IT1:22_293_DF_DCIS_INDDEMOG1_1(1.0),A,ITG17,GROWTHRATEN,2020,-2.3,,,,TIPO_DATO15__GROWTHRATEN_N1,,,
IT1:22_293_DF_DCIS_INDDEMOG1_1(1.0),A,ITG17,GROWTHRATEN,2021,-2.9,,,,TIPO_DATO15__GROWTHRATEN_N1,,,
IT1:22_293_DF_DCIS_INDDEMOG1_1(1.0),A,ITG17,GROWTHRATEN,2022,-3.1,,,,TIPO_DATO15__GROWTHRATEN_N1,,,
IT1:22_293_DF_DCIS_INDDEMOG1_1(1.0),A,ITG17,GROWTHRATEN,2023,-3,,,,TIPO_DATO15__GROWTHRATEN_N1,,,
IT1:22_293_DF_DCIS_INDDEMOG1_1(1.0),A,ITG17,GROWTHRATEN,2024,-2.4,,,,TIPO_DATO15__GROWTHRATEN_N1,,,
IT1:22_293_DF_DCIS_INDDEMOG1_1(1.0),A,ITG17,GROWTHRATEN,2025,-3,p,,,TIPO_DATO15__GROWTHRATEN_N1,,,
IT1:22_293_DF_DCIS_INDDEMOG1_1(1.0),A,ITG18,GROWTHRATEN,2015,-1.2,,,,TIPO_DATO15__GROWTHRATEN_N1,,,
IT1:22_293_DF_DCIS_INDDEMOG1_1(1.0),A,ITG18,GROWTHRATEN,2016,-0.6,,,,TIPO_DATO15__GROWTHRATEN_N1,,,
IT1:22_293_DF_DCIS_INDDEMOG1_1(1.0),A,ITG18,GROWTHRATEN,2017,-1.1,,,,TIPO_DATO15__GROWTHRATEN_N1,,,
IT1:22_293_DF_DCIS_INDDEMOG1_1(1.0),A,ITG18,GROWTHRATEN,2018,-1.6,,,,TIPO_DATO15__GROWTHRATEN_N1,,,
IT1:22_293_DF_DCIS_INDDEMOG1_1(1.0),A,ITG18,GROWTHRATEN,2019,-1.7,,,,TIPO_DATO15__GROWTHRATEN_N1,,,
IT1:22_293_DF_DCIS_INDDEMOG1_1(1.0),A,ITG18,GROWTHRATEN,2020,-2.5,,,,TIPO_DATO15__GROWTHRATEN_N1,,,
IT1:22_293_DF_DCIS_INDDEMOG1_1(1.0),A,ITG18,GROWTHRATEN,2021,-2.3,,,,TIPO_DATO15__GROWTHRATEN_N1,,,
IT1:22_293_DF_DCIS_INDDEMOG1_1(1.0),A,ITG18,GROWTHRATEN,2022,-2.7,,,,TIPO_DATO15__GROWTHRATEN_N1,,,
IT1:22_293_DF_DCIS_INDDEMOG1_1(1.0),A,ITG18,GROWTHRATEN,2023,-2.7,,,,TIPO_DATO15__GROWTHRATEN_N1,,,
IT1:22_293_DF_DCIS_INDDEMOG1_1(1.0),A,ITG18,GROWTHRATEN,2024,-2,,,,TIPO_DATO15__GROWTHRATEN_N1,,,
IT1:22_293_DF_DCIS_INDDEMOG1_1(1.0),A,ITG18,GROWTHRATEN,2025,-2.7,p,,,TIPO_DATO15__GROWTHRATEN_N1,,,
IT1:22_293_DF_DCIS_INDDEMOG1_1(1.0),A,ITG19,GROWTHRATEN,2015,-2.1,,,,TIPO_DATO15__GROWTHRATEN_N1,,,
IT1:22_293_DF_DCIS_INDDEMOG1_1(1.0),A,ITG19,GROWTHRATEN,2016,-1.8,,,,TIPO_DATO15__GROWTHRATEN_N1,,,
IT1:22_293_DF_DCIS_INDDEMOG1_1(1.0),A,ITG19,GROWTHRATEN,2017,-2.7,,,,TIPO_DATO15__GROWTHRATEN_N1,,,
IT1:22_293_DF_DCIS_INDDEMOG1_1(1.0),A,ITG19,GROWTHRATEN,2018,-2.7,,,,TIPO_DATO15__GROWTHRATEN_N1,,,
IT1:22_293_DF_DCIS_INDDEMOG1_1(1.0),A,ITG19,GROWTHRATEN,2019,-3.2,,,,TIPO_DATO15__GROWTHRATEN_N1,,,
IT1:22_293_DF_DCIS_INDDEMOG1_1(1.0),A,ITG19,GROWTHRATEN,2020,-4.2,,,,TIPO_DATO15__GROWTHRATEN_N1,,,
IT1:22_293_DF_DCIS_INDDEMOG1_1(1.0),A,ITG19,GROWTHRATEN,2021,-5.2,,,,TIPO_DATO15__GROWTHRATEN_N1,,,
IT1:22_293_DF_DCIS_INDDEMOG1_1(1.0),A,ITG19,GROWTHRATEN,2022,-5.5,,,,TIPO_DATO15__GROWTHRATEN_N1,,,
IT1:22_293_DF_DCIS_INDDEMOG1_1(1.0),A,ITG19,GROWTHRATEN,2023,-4.9,,,,TIPO_DATO15__GROWTHRATEN_N1,,,
IT1:22_293_DF_DCIS_INDDEMOG1_1(1.0),A,ITG19,GROWTHRATEN,2024,-5.1,,,,TIPO_DATO15__GROWTHRATEN_N1,,,
IT1:22_293_DF_DCIS_INDDEMOG1_1(1.0),A,ITG19,GROWTHRATEN,2025,-4.7,p,,,TIPO_DATO15__GROWTHRATEN_N1,,,
IT1:22_293_DF_DCIS_INDDEMOG1_1(1.0),A,ITG2,GROWTHRATEN,2015,-3.3,,,,TIPO_DATO15__GROWTHRATEN_N1,,,
IT1:22_293_DF_DCIS_INDDEMOG1_1(1.0),A,ITG2,GROWTHRATEN,2016,-3.4,,,,TIPO_DATO15__GROWTHRATEN_N1,,,
IT1:22_293_DF_DCIS_INDDEMOG1_1(1.0),A,ITG2,GROWTHRATEN,2017,-4.1,,,,TIPO_DATO15__GROWTHRATEN_N1,,,
IT1:22_293_DF_DCIS_INDDEMOG1_1(1.0),A,ITG2,GROWTHRATEN,2018,-4.2,,,,TIPO_DATO15__GROWTHRATEN_N1,,,
IT1:22_293_DF_DCIS_INDDEMOG1_1(1.0),A,ITG2,GROWTHRATEN,2019,-5,,,,TIPO_DATO15__GROWTHRATEN_N1,,,
IT1:22_293_DF_DCIS_INDDEMOG1_1(1.0),A,ITG2,GROWTHRATEN,2020,-6.6,,,,TIPO_DATO15__GROWTHRATEN_N1,,,
IT1:22_293_DF_DCIS_INDDEMOG1_1(1.0),A,ITG2,GROWTHRATEN,2021,-6.5,,,,TIPO_DATO15__GROWTHRATEN_N1,,,
IT1:22_293_DF_DCIS_INDDEMOG1_1(1.0),A,ITG2,GROWTHRATEN,2022,-8.1,,,,TIPO_DATO15__GROWTHRATEN_N1,,,
IT1:22_293_DF_DCIS_INDDEMOG1_1(1.0),A,ITG2,GROWTHRATEN,2023,-7.3,,,,TIPO_DATO15__GROWTHRATEN_N1,,,
IT1:22_293_DF_DCIS_INDDEMOG1_1(1.0),A,ITG2,GROWTHRATEN,2024,-7.3,,,,TIPO_DATO15__GROWTHRATEN_N1,,,
IT1:22_293_DF_DCIS_INDDEMOG1_1(1.0),A,ITG2,GROWTHRATEN,2025,-7.9,p,,,TIPO_DATO15__GROWTHRATEN_N1,,,
IT1:22_293_DF_DCIS_INDDEMOG1_1(1.0),A,ITG25,GROWTHRATEN,2015,-2.4,,,,TIPO_DATO15__GROWTHRATEN_N1,,,
IT1:22_293_DF_DCIS_INDDEMOG1_1(1.0),A,ITG25,GROWTHRATEN,2016,-3.1,,,,TIPO_DATO15__GROWTHRATEN_N1,,,
IT1:22_293_DF_DCIS_INDDEMOG1_1(1.0),A,ITG25,GROWTHRATEN,2017,-3.2,,,,TIPO_DATO15__GROWTHRATEN_N1,,,
IT1:22_293_DF_DCIS_INDDEMOG1_1(1.0),A,ITG25,GROWTHRATEN,2018,-3.6,,,,TIPO_DATO15__GROWTHRATEN_N1,,,
IT1:22_293_DF_DCIS_INDDEMOG1_1(1.0),A,ITG25,GROWTHRATEN,2019,-4.3,,,,TIPO_DATO15__GROWTHRATEN_N1,,,
IT1:22_293_DF_DCIS_INDDEMOG1_1(1.0),A,ITG25,GROWTHRATEN,2020,-6.3,,,,TIPO_DATO15__GROWTHRATEN_N1,,,
IT1:22_293_DF_DCIS_INDDEMOG1_1(1.0),A,ITG25,GROWTHRATEN,2021,-5.7,,,,TIPO_DATO15__GROWTHRATEN_N1,,,
IT1:22_293_DF_DCIS_INDDEMOG1_1(1.0),A,ITG25,GROWTHRATEN,2022,-7.3,,,,TIPO_DATO15__GROWTHRATEN_N1,,,
IT1:22_293_DF_DCIS_INDDEMOG1_1(1.0),A,ITG25,GROWTHRATEN,2023,-6.5,,,,TIPO_DATO15__GROWTHRATEN_N1,,,
IT1:22_293_DF_DCIS_INDDEMOG1_1(1.0),A,ITG25,GROWTHRATEN,2024,-6.6,,,,TIPO_DATO15__GROWTHRATEN_N1,,,
IT1:22_293_DF_DCIS_INDDEMOG1_1(1.0),A,ITG25,GROWTHRATEN,2025,-7.3,p,,,TIPO_DATO15__GROWTHRATEN_N1,,,
IT1:22_293_DF_DCIS_INDDEMOG1_1(1.0),A,ITG26,GROWTHRATEN,2015,-4.3,,,,TIPO_DATO15__GROWTHRATEN_N1,,,
IT1:22_293_DF_DCIS_INDDEMOG1_1(1.0),A,ITG26,GROWTHRATEN,2016,-4.3,,,,TIPO_DATO15__GROWTHRATEN_N1,,,
IT1:22_293_DF_DCIS_INDDEMOG1_1(1.0),A,ITG26,GROWTHRATEN,2017,-4.7,,,,TIPO_DATO15__GROWTHRATEN_N1,,,
IT1:22_293_DF_DCIS_INDDEMOG1_1(1.0),A,ITG26,GROWTHRATEN,2018,-4.9,,,,TIPO_DATO15__GROWTHRATEN_N1,,,
IT1:22_293_DF_DCIS_INDDEMOG1_1(1.0),A,ITG26,GROWTHRATEN,2019,-5.3,,,,TIPO_DATO15__GROWTHRATEN_N1,,,
IT1:22_293_DF_DCIS_INDDEMOG1_1(1.0),A,ITG26,GROWTHRATEN,2020,-7.2,,,,TIPO_DATO15__GROWTHRATEN_N1,,,
IT1:22_293_DF_DCIS_INDDEMOG1_1(1.0),A,ITG26,GROWTHRATEN,2021,-7.5,,,,TIPO_DATO15__GROWTHRATEN_N1,,,
IT1:22_293_DF_DCIS_INDDEMOG1_1(1.0),A,ITG26,GROWTHRATEN,2022,-8.9,,,,TIPO_DATO15__GROWTHRATEN_N1,,,
IT1:22_293_DF_DCIS_INDDEMOG1_1(1.0),A,ITG26,GROWTHRATEN,2023,-7.4,,,,TIPO_DATO15__GROWTHRATEN_N1,,,
IT1:22_293_DF_DCIS_INDDEMOG1_1(1.0),A,ITG26,GROWTHRATEN,2024,-7.8,,,,TIPO_DATO15__GROWTHRATEN_N1,,,
IT1:22_293_DF_DCIS_INDDEMOG1_1(1.0),A,ITG26,GROWTHRATEN,2025,-8,p,,,TIPO_DATO15__GROWTHRATEN_N1,,,
IT1:22_293_DF_DCIS_INDDEMOG1_1(1.0),A,ITG27,GROWTHRATEN,2015,-1.7,,,,TIPO_DATO15__GROWTHRATEN_N1,,,
IT1:22_293_DF_DCIS_INDDEMOG1_1(1.0),A,ITG27,GROWTHRATEN,2016,-1.8,,,,TIPO_DATO15__GROWTHRATEN_N1,,,
IT1:22_293_DF_DCIS_INDDEMOG1_1(1.0),A,ITG27,GROWTHRATEN,2017,-2.7,,,,TIPO_DATO15__GROWTHRATEN_N1,,,
IT1:22_293_DF_DCIS_INDDEMOG1_1(1.0),A,ITG27,GROWTHRATEN,2018,-2.6,,,,TIPO_DATO15__GROWTHRATEN_N1,,,
IT1:22_293_DF_DCIS_INDDEMOG1_1(1.0),A,ITG27,GROWTHRATEN,2019,-3.8,,,,TIPO_DATO15__GROWTHRATEN_N1,,,
IT1:22_293_DF_DCIS_INDDEMOG1_1(1.0),A,ITG27,GROWTHRATEN,2020,-4.9,,,,TIPO_DATO15__GROWTHRATEN_N1,,,
IT1:22_293_DF_DCIS_INDDEMOG1_1(1.0),A,ITG27,GROWTHRATEN,2021,-4.6,,,,TIPO_DATO15__GROWTHRATEN_N1,,,
IT1:22_293_DF_DCIS_INDDEMOG1_1(1.0),A,ITG27,GROWTHRATEN,2022,-6.6,,,,TIPO_DATO15__GROWTHRATEN_N1,,,
IT1:22_293_DF_DCIS_INDDEMOG1_1(1.0),A,ITG27,GROWTHRATEN,2023,-6.1,,,,TIPO_DATO15__GROWTHRATEN_N1,,,
IT1:22_293_DF_DCIS_INDDEMOG1_1(1.0),A,ITG27,GROWTHRATEN,2024,-5.9,,,,TIPO_DATO15__GROWTHRATEN_N1,,,
IT1:22_293_DF_DCIS_INDDEMOG1_1(1.0),A,ITG27,GROWTHRATEN,2025,-7,p,,,TIPO_DATO15__GROWTHRATEN_N1,,,
IT1:22_293_DF_DCIS_INDDEMOG1_1(1.0),A,ITG28,GROWTHRATEN,2015,-6,,,,TIPO_DATO15__GROWTHRATEN_N1,,,
IT1:22_293_DF_DCIS_INDDEMOG1_1(1.0),A,ITG28,GROWTHRATEN,2016,-5.5,,,,TIPO_DATO15__GROWTHRATEN_N1,,,
IT1:22_293_DF_DCIS_INDDEMOG1_1(1.0),A,ITG28,GROWTHRATEN,2017,-6,,,,TIPO_DATO15__GROWTHRATEN_N1,,,
IT1:22_293_DF_DCIS_INDDEMOG1_1(1.0),A,ITG28,GROWTHRATEN,2018,-6.7,,,,TIPO_DATO15__GROWTHRATEN_N1,,,
IT1:22_293_DF_DCIS_INDDEMOG1_1(1.0),A,ITG28,GROWTHRATEN,2019,-7.4,,,,TIPO_DATO15__GROWTHRATEN_N1,,,
IT1:22_293_DF_DCIS_INDDEMOG1_1(1.0),A,ITG28,GROWTHRATEN,2020,-9.3,,,,TIPO_DATO15__GROWTHRATEN_N1,,,
IT1:22_293_DF_DCIS_INDDEMOG1_1(1.0),A,ITG28,GROWTHRATEN,2021,-8.9,,,,TIPO_DATO15__GROWTHRATEN_N1,,,
IT1:22_293_DF_DCIS_INDDEMOG1_1(1.0),A,ITG28,GROWTHRATEN,2022,-10.5,,,,TIPO_DATO15__GROWTHRATEN_N1,,,
IT1:22_293_DF_DCIS_INDDEMOG1_1(1.0),A,ITG28,GROWTHRATEN,2023,-9.2,,,,TIPO_DATO15__GROWTHRATEN_N1,,,
IT1:22_293_DF_DCIS_INDDEMOG1_1(1.0),A,ITG28,GROWTHRATEN,2024,-9.3,,,,TIPO_DATO15__GROWTHRATEN_N1,,,
IT1:22_293_DF_DCIS_INDDEMOG1_1(1.0),A,ITG28,GROWTHRATEN,2025,-10.1,p,,,TIPO_DATO15__GROWTHRATEN_N1,,,
