DATAFLOW,FREQ,REF_AREA,DATA_TYPE,TIME_PERIOD,OBS_VALUE,OBS_STATUS,NOTE_DS,NOTE_REF_AREA,NOTE_DATA_TYPE,BASE_PER,UNIT_MEAS,UNIT_MULT
IT1:22_293_DF_DCIS_INDDEMOG1_1(1.0),A,IT,POP65OVER,2015,21.9,,,,TIPO_DATO15__POP65OVER_N1,,,
IT1:22_293_DF_DCIS_INDDEMOG1_1(1.0),A,IT,POP65OVER,2016,22.1,,,,TIPO_DATO15__POP65OVER_N1,,,
IT1:22_293_DF_DCIS_INDDEMOG1_1(1.0),A,IT,POP65OVER,2017,22.4,,,,TIPO_DATO15__POP65OVER_N1,,,
IT1:22_293_DF_DCIS_INDDEMOG1_1(1.0),A,IT,POP65OVER,2018,22.6,,,,TIPO_DATO15__POP65OVER_N1,,,
IT1:22_293_DF_DCIS_INDDEMOG1_1(1.0),A,IT,POP65OVER,2019,22.9,,,,TIPO_DATO15__POP65OVER_N1,,,
IT1:22_293_DF_DCIS_INDDEMOG1_1(1.0),A,IT,POP65OVER,2020,23.2,,,,TIPO_DATO15__POP65OVER_N1,,,
IT1:22_293_DF_DCIS_INDDEMOG1_1(1.0),A,IT,POP65OVER,2021,23.5,,,,TIPO_DATO15__POP65OVER_N1,,,
IT1:22_293_DF_DCIS_INDDEMOG1_1(1.0),A,IT,POP65OVER,2022,23.8,,,,TIPO_DATO15__POP65OVER_N1,,,
IT1:22_293_DF_DCIS_INDDEMOG1_1(1.0),A,IT,POP65OVER,2023,24,,,,TIPO_DATO15__POP65OVER_N1,,,
IT1:22_293_DF_DCIS_INDDEMOG1_1(1.0),A,IT,POP65OVER,2024,24.3,,,,TIPO_DATO15__POP65OVER_N1,,,
IT1:22_293_DF_DCIS_INDDEMOG1_1(1.0),A,IT,POP65OVER,2025,24.7,,,,TIPO_DATO15__POP65OVER_N1,,,
IT1:22_293_DF_DCIS_INDDEMOG1_1(1.0),A,IT,POP65OVER,2026,25.1,e,,,TIPO_DATO15__POP65OVER_N1,,,
IT1:22_293_DF_DCIS_INDDEMOG1_1(1.0),A,IT108,POP65OVER,2015,21.1,,,,TIPO_DATO15__POP65OVER_N1,,,
IT1:22_293_DF_DCIS_INDDEMOG1_1(1.0),A,IT108,POP65OVER,2016,21.4,,,,TIPO_DATO15__POP65OVER_N1,,,
IT1:22_293_DF_DCIS_INDDEMOG1_1(1.0),A,IT108,POP65OVER,2017,21.8,,,,TIPO_DATO15__POP65OVER_N1,,,
IT1:22_293_DF_DCIS_INDDEMOG1_1(1.0),A,IT108,POP65OVER,2018,22,,,,TIPO_DATO15__POP65OVER_N1,,,
IT1:22_293_DF_DCIS_INDDEMOG1_1(1.0),A,IT108,POP65OVER,2019,22.3,,,,TIPO_DATO15__POP65OVER_N1,,,
IT1:22_293_DF_DCIS_INDDEMOG1_1(1.0),A,IT108,POP65OVER,2020,22.6,,,,TIPO_DATO15__POP65OVER_N1,,,
IT1:22_293_DF_DCIS_INDDEMOG1_1(1.0),A,IT108,POP65OVER,2021,22.7,,,,TIPO_DATO15__POP65OVER_N1,,,
IT1:22_293_DF_DCIS_INDDEMOG1_1(1.0),A,IT108,POP65OVER,2022,23,,,,TIPO_DATO15__POP65OVER_N1,,,
IT1:22_293_DF_DCIS_INDDEMOG1_1(1.0),A,IT108,POP65OVER,2023,23.2,,,,TIPO_DATO15__POP65OVER_N1,,,
IT1:22_293_DF_DCIS_INDDEMOG1_1(1.0),A,IT108,POP65OVER,2024,23.5,,,,TIPO_DATO15__POP65OVER_N1,,,
IT1:22_293_DF_DCIS_INDDEMOG1_1(1.0),A,IT108,POP65OVER,2025,23.9,,,,TIPO_DATO15__POP65OVER_N1,,,
IT1:22_293_DF_DCIS_INDDEMOG1_1(1.0),A,IT108,POP65OVER,2026,24.2,e,,,TIPO_DATO15__POP65OVER_N1,,,
IT1:22_293_DF_DCIS_INDDEMOG1_1(1.0),A,IT109,POP65OVER,2015,24,,,,TIPO_DATO15__POP65OVER_N1,,,
IT1:22_293_DF_DCIS_INDDEMOG1_1(1.0),A,IT109,POP65OVER,2016,24.3,,,,TIPO_DATO15__POP65OVER_N1,,,
IT1:22_293_DF_DCIS_INDDEMOG1_1(1.0),A,IT109,POP65OVER,2017,24.6,,,,TIPO_DATO15__POP65OVER_N1,,,
IT1:22_293_DF_DCIS_INDDEMOG1_1(1.0),A,IT109,POP65OVER,2018,24.6,,,,TIPO_DATO15__POP65OVER_N1,,,
IT1:22_293_DF_DCIS_INDDEMOG1_1(1.0),A,IT109,POP65OVER,2019,24.9,,,,TIPO_DATO15__POP65OVER_N1,,,
IT1:22_293_DF_DCIS_INDDEMOG1_1(1.0),A,IT109,POP65OVER,2020,25.3,,,,TIPO_DATO15__POP65OVER_N1,,,
IT1:22_293_DF_DCIS_INDDEMOG1_1(1.0),A,IT109,POP65OVER,2021,25.8,,,,TIPO_DATO15__POP65OVER_N1,,,
IT1:22_293_DF_DCIS_INDDEMOG1_1(1.0),A,IT109,POP65OVER,2022,26.1,,,,TIPO_DATO15__POP65OVER_N1,,,
IT1:22_293_DF_DCIS_INDDEMOG1_1(1.0),A,IT109,POP65OVER,2023,26.5,,,,TIPO_DATO15__POP65OVER_N1,,,
IT1:22_293_DF_DCIS_INDDEMOG1_1(1.0),A,IT109,POP65OVER,2024,26.8,,,,TIPO_DATO15__POP65OVER_N1,,,
IT1:22_293_DF_DCIS_INDDEMOG1_1(1.0),A,IT109,POP65OVER,2025,27.3,,,,TIPO_DATO15__POP65OVER_N1,,,
IT1:22_293_DF_DCIS_INDDEMOG1_1(1.0),A,IT109,POP65OVER,2026,27.7,e,,,TIPO_DATO15__POP65OVER_N1,,,
IT1:22_293_DF_DCIS_INDDEMOG1_1(1.0),A,IT110,POP65OVER,2015,17.9,,,,TIPO_DATO15__POP65OVER_N1,,,
IT1:22_293_DF_DCIS_INDDEMOG1_1(1.0),A,IT110,POP65OVER,2016,18.3,,,,TIPO_DATO15__POP65OVER_N1,,,
IT1:22_293_DF_DCIS_INDDEMOG1_1(1.0),A,IT110,POP65OVER,2017,18.7,,,,TIPO_DATO15__POP65OVER_N1,,,
IT1:22_293_DF_DCIS_INDDEMOG1_1(1.0),A,IT110,POP65OVER,2018,19,,,,TIPO_DATO15__POP65OVER_N1,,,
IT1:22_293_DF_DCIS_INDDEMOG1_1(1.0),A,IT110,POP65OVER,2019,19.4,,,,TIPO_DATO15__POP65OVER_N1,,,
IT1:22_293_DF_DCIS_INDDEMOG1_1(1.0),A,IT110,POP65OVER,2020,19.8,,,,TIPO_DATO15__POP65OVER_N1,,,
IT1:22_293_DF_DCIS_INDDEMOG1_1(1.0),A,IT110,POP65OVER,2021,20.4,,,,TIPO_DATO15__POP65OVER_N1,,,
IT1:22_293_DF_DCIS_INDDEMOG1_1(1.0),A,IT110,POP65OVER,2022,20.6,,,,TIPO_DATO15__POP65OVER_N1,,,
IT1:22_293_DF_DCIS_INDDEMOG1_1(1.0),A,IT110,POP65OVER,2023,21.1,,,,TIPO_DATO15__POP65OVER_N1,,,
IT1:22_293_DF_DCIS_INDDEMOG1_1(1.0),A,IT110,POP65OVER,2024,21.6,,,,TIPO_DATO15__POP65OVER_N1,,,
IT1:22_293_DF_DCIS_INDDEMOG1_1(1.0),A,IT110,POP65OVER,2025,22.2,,,,TIPO_DATO15__POP65OVER_N1,,,
IT1:22_293_DF_DCIS_INDDEMOG1_1(1.0),A,IT110,POP65OVER,2026,22.8,e,,,TIPO_DATO15__POP65OVER_N1,,,
IT1:22_293_DF_DCIS_INDDEMOG1_1(1.0),A,IT111,POP65OVER,2015,22.7,,,,TIPO_DATO15__POP65OVER_N1,,,
IT1:22_293_DF_DCIS_INDDEMOG1_1(1.0),A,IT111,POP65OVER,2016,23.3,,,,TIPO_DATO15__POP65OVER_N1,,,
IT1:22_293_DF_DCIS_INDDEMOG1_1(1.0),A,IT111,POP65OVER,2017,24,,,,TIPO_DATO15__POP65OVER_N1,,,
IT1:22_293_DF_DCIS_INDDEMOG1_1(1.0),A,IT111,POP65OVER,2018,24.7,,,,TIPO_DATO15__POP65OVER_N1,,,
IT1:22_293_DF_DCIS_INDDEMOG1_1(1.0),A,IT111,POP65OVER,2019,25.4,,,,TIPO_DATO15__POP65OVER_N1,,,
IT1:22_293_DF_DCIS_INDDEMOG1_1(1.0),A,IT111,POP65OVER,2020,26.2,,,,TIPO_DATO15__POP65OVER_N1,,,
IT1:22_293_DF_DCIS_INDDEMOG1_1(1.0),A,IT111,POP65OVER,2021,27.2,,,,TIPO_DATO15__POP65OVER_N1,,,
IT1:22_293_DF_DCIS_INDDEMOG1_1(1.0),A,IT111,POP65OVER,2022,27.7,,,,TIPO_DATO15__POP65OVER_N1,,,
IT1:22_293_DF_DCIS_INDDEMOG1_1(1.0),A,IT111,POP65OVER,2023,28.3,,,,TIPO_DATO15__POP65OVER_N1,,,
IT1:22_293_DF_DCIS_INDDEMOG1_1(1.0),A,IT111,POP65OVER,2024,29,,,,TIPO_DATO15__POP65OVER_N1,,,
IT1:22_293_DF_DCIS_INDDEMOG1_1(1.0),A,IT111,POP65OVER,2025,29.6,,,,TIPO_DATO15__POP65OVER_N1,,,
IT1:22_293_DF_DCIS_INDDEMOG1_1(1.0),A,IT111,POP65OVER,2026,30.3,e,,,TIPO_DATO15__POP65OVER_N1,,,
IT1:22_293_DF_DCIS_INDDEMOG1_1(1.0),A,ITC,POP65OVER,2015,23.2,,,,TIPO_DATO15__POP65OVER_N1,,,
IT1:22_293_DF_DCIS_INDDEMOG1_1(1.0),A,ITC,POP65OVER,2016,23.4,,,,TIPO_DATO15__POP65OVER_N1,,,
IT1:22_293_DF_DCIS_INDDEMOG1_1(1.0),A,ITC,POP65OVER,2017,23.7,,,,TIPO_DATO15__POP65OVER_N1,,,
IT1:22_293_DF_DCIS_INDDEMOG1_1(1.0),A,ITC,POP65OVER,2018,23.9,,,,TIPO_DATO15__POP65OVER_N1,,,
IT1:22_293_DF_DCIS_INDDEMOG1_1(1.0),A,ITC,POP65OVER,2019,24,,,,TIPO_DATO15__POP65OVER_N1,,,
IT1:22_293_DF_DCIS_INDDEMOG1_1(1.0),A,ITC,POP65OVER,2020,24.3,,,,TIPO_DATO15__POP65OVER_N1,,,
IT1:22_293_DF_DCIS_INDDEMOG1_1(1.0),A,ITC,POP65OVER,2021,24.3,,,,TIPO_DATO15__POP65OVER_N1,,,
IT1:22_293_DF_DCIS_INDDEMOG1_1(1.0),A,ITC,POP65OVER,2022,24.6,,,,TIPO_DATO15__POP65OVER_N1,,,
IT1:22_293_DF_DCIS_INDDEMOG1_1(1.0),A,ITC,POP65OVER,2023,24.7,,,,TIPO_DATO15__POP65OVER_N1,,,
IT1:22_293_DF_DCIS_INDDEMOG1_1(1.0),A,ITC,POP65OVER,2024,24.9,,,,TIPO_DATO15__POP65OVER_N1,,,
IT1:22_293_DF_DCIS_INDDEMOG1_1(1.0),A,ITC,POP65OVER,2025,25.2,,,,TIPO_DATO15__POP65OVER_N1,,,
IT1:22_293_DF_DCIS_INDDEMOG1_1(1.0),A,ITC,POP65OVER,2026,25.5,e,,,TIPO_DATO15__POP65OVER_N1,,,
IT1:22_293_DF_DCIS_INDDEMOG1_1(1.0),A,ITC1,POP65OVER,2015,24.6,,,,TIPO_DATO15__POP65OVER_N1,,,
IT1:22_293_DF_DCIS_INDDEMOG1_1(1.0),A,ITC1,POP65OVER,2016,24.9,,,,TIPO_DATO15__POP65OVER_N1,,,
IT1:22_293_DF_DCIS_INDDEMOG1_1(1.0),A,ITC1,POP65OVER,2017,25.1,,,,TIPO_DATO15__POP65OVER_N1,,,
IT1:22_293_DF_DCIS_INDDEMOG1_1(1.0),A,ITC1,POP65OVER,2018,25.4,,,,TIPO_DATO15__POP65OVER_N1,,,
IT1:22_293_DF_DCIS_INDDEMOG1_1(1.0),A,ITC1,POP65OVER,2019,25.6,,,,TIPO_DATO15__POP65OVER_N1,,,
IT1:22_293_DF_DCIS_INDDEMOG1_1(1.0),A,ITC1,POP65OVER,2020,25.9,,,,TIPO_DATO15__POP65OVER_N1,,,
IT1:22_293_DF_DCIS_INDDEMOG1_1(1.0),A,ITC1,POP65OVER,2021,26,,,,TIPO_DATO15__POP65OVER_N1,,,
IT1:22_293_DF_DCIS_INDDEMOG1_1(1.0),A,ITC1,POP65OVER,2022,26.2,,,,TIPO_DATO15__POP65OVER_N1,,,
IT1:22_293_DF_DCIS_INDDEMOG1_1(1.0),A,ITC1,POP65OVER,2023,26.4,,,,TIPO_DATO15__POP65OVER_N1,,,
IT1:22_293_DF_DCIS_INDDEMOG1_1(1.0),A,ITC1,POP65OVER,2024,26.6,,,,TIPO_DATO15__POP65OVER_N1,,,
IT1:22_293_DF_DCIS_INDDEMOG1_1(1.0),A,ITC1,POP65OVER,2025,26.9,,,,TIPO_DATO15__POP65OVER_N1,,,
IT1:22_293_DF_DCIS_INDDEMOG1_1(1.0),A,ITC1,POP65OVER,2026,27.2,e,,,TIPO_DATO15__POP65OVER_N1,,,
IT1:22_293_DF_DCIS_INDDEMOG1_1(1.0),A,ITC11,POP65OVER,2015,24.3,,,,TIPO_DATO15__POP65OVER_N1,,,
IT1:22_293_DF_DCIS_INDDEMOG1_1(1.0),A,ITC11,POP65OVER,2016,24.6,,,,TIPO_DATO15__POP65OVER_N1,,,
IT1:22_293_DF_DCIS_INDDEMOG1_1(1.0),A,ITC11,POP65OVER,2017,24.8,,,,TIPO_DATO15__POP65OVER_N1,,,
IT1:22_293_DF_DCIS_INDDEMOG1_1(1.0),A,ITC11,POP65OVER,2018,25.1,,,,TIPO_DATO15__POP65OVER_N1,,,
IT1:22_293_DF_DCIS_INDDEMOG1_1(1.0),A,ITC11,POP65OVER,2019,25.4,,,,TIPO_DATO15__POP65OVER_N1,,,
IT1:22_293_DF_DCIS_INDDEMOG1_1(1.0),A,ITC11,POP65OVER,2020,25.6,,,,TIPO_DATO15__POP65OVER_N1,,,
IT1:22_293_DF_DCIS_INDDEMOG1_1(1.0),A,ITC11,POP65OVER,2021,25.8,,,,TIPO_DATO15__POP65OVER_N1,,,
IT1:22_293_DF_DCIS_INDDEMOG1_1(1.0),A,ITC11,POP65OVER,2022,26,,,,TIPO_DATO15__POP65OVER_N1,,,
IT1:22_293_DF_DCIS_INDDEMOG1_1(1.0),A,ITC11,POP65OVER,2023,26.2,,,,TIPO_DATO15__POP65OVER_N1,,,
IT1:22_293_DF_DCIS_INDDEMOG1_1(1.0),A,ITC11,POP65OVER,2024,26.4,,,,TIPO_DATO15__POP65OVER_N1,,,
IT1:22_293_DF_DCIS_INDDEMOG1_1(1.0),A,ITC11,POP65OVER,2025,26.6,,,,TIPO_DATO15__POP65OVER_N1,,,
IT1:22_293_DF_DCIS_INDDEMOG1_1(1.0),A,ITC11,POP65OVER,2026,26.9,e,,,TIPO_DATO15__POP65OVER_N1,,,
IT1:22_293_DF_DCIS_INDDEMOG1_1(1.0),A,ITC12,POP65OVER,2015,26.1,,,,TIPO_DATO15__POP65OVER_N1,,,
IT1:22_293_DF_DCIS_INDDEMOG1_1(1.0),A,ITC12,POP65OVER,2016,26.5,,,,TIPO_DATO15__POP65OVER_N1,,,
IT1:22_293_DF_DCIS_INDDEMOG1_1(1.0),A,ITC12,POP65OVER,2017,26.8,,,,TIPO_DATO15__POP65OVER_N1,,,
IT1:22_293_DF_DCIS_INDDEMOG1_1(1.0),A,ITC12,POP65OVER,2018,27,,,,TIPO_DATO15__POP65OVER_N1,,,
IT1:22_293_DF_DCIS_INDDEMOG1_1(1.0),A,ITC12,POP65OVER,2019,27.2,,,,TIPO_DATO15__POP65OVER_N1,,,
IT1:22_293_DF_DCIS_INDDEMOG1_1(1.0),A,ITC12,POP65OVER,2020,27.4,,,,TIPO_DATO15__POP65OVER_N1,,,
IT1:22_293_DF_DCIS_INDDEMOG1_1(1.0),A,ITC12,POP65OVER,2021,27.6,,,,TIPO_DATO15__POP65OVER_N1,,,
IT1:22_293_DF_DCIS_INDDEMOG1_1(1.0),A,ITC12,POP65OVER,2022,27.6,,,,TIPO_DATO15__POP65OVER_N1,,,
IT1:22_293_DF_DCIS_INDDEMOG1_1(1.0),A,ITC12,POP65OVER,2023,27.8,,,,TIPO_DATO15__POP65OVER_N1,,,
IT1:22_293_DF_DCIS_INDDEMOG1_1(1.0),A,ITC12,POP65OVER,2024,28,,,,TIPO_DATO15__POP65OVER_N1,,,
IT1:22_293_DF_DCIS_INDDEMOG1_1(1.0),A,ITC12,POP65OVER,2025,28.3,,,,TIPO_DATO15__POP65OVER_N1,,,
IT1:22_293_DF_DCIS_INDDEMOG1_1(1.0),A,ITC12,POP65OVER,2026,28.5,e,,,TIPO_DATO15__POP65OVER_N1,,,
IT1:22_293_DF_DCIS_INDDEMOG1_1(1.0),A,ITC13,POP65OVER,2015,27.4,,,,TIPO_DATO15__POP65OVER_N1,,,
IT1:22_293_DF_DCIS_INDDEMOG1_1(1.0),A,ITC13,POP65OVER,2016,27.8,,,,TIPO_DATO15__POP65OVER_N1,,,
IT1:22_293_DF_DCIS_INDDEMOG1_1(1.0),A,ITC13,POP65OVER,2017,28.1,,,,TIPO_DATO15__POP65OVER_N1,,,
IT1:22_293_DF_DCIS_INDDEMOG1_1(1.0),A,ITC13,POP65OVER,2018,28.5,,,,TIPO_DATO15__POP65OVER_N1,,,
IT1:22_293_DF_DCIS_INDDEMOG1_1(1.0),A,ITC13,POP65OVER,2019,28.8,,,,TIPO_DATO15__POP65OVER_N1,,,
IT1:22_293_DF_DCIS_INDDEMOG1_1(1.0),A,ITC13,POP65OVER,2020,29.2,,,,TIPO_DATO15__POP65OVER_N1,,,
IT1:22_293_DF_DCIS_INDDEMOG1_1(1.0),A,ITC13,POP65OVER,2021,29.5,,,,TIPO_DATO15__POP65OVER_N1,,,
IT1:22_293_DF_DCIS_INDDEMOG1_1(1.0),A,ITC13,POP65OVER,2022,29.7,,,,TIPO_DATO15__POP65OVER_N1,,,
IT1:22_293_DF_DCIS_INDDEMOG1_1(1.0),A,ITC13,POP65OVER,2023,29.9,,,,TIPO_DATO15__POP65OVER_N1,,,
IT1:22_293_DF_DCIS_INDDEMOG1_1(1.0),A,ITC13,POP65OVER,2024,30.1,,,,TIPO_DATO15__POP65OVER_N1,,,
IT1:22_293_DF_DCIS_INDDEMOG1_1(1.0),A,ITC13,POP65OVER,2025,30.3,,,,TIPO_DATO15__POP65OVER_N1,,,
IT1:22_293_DF_DCIS_INDDEMOG1_1(1.0),A,ITC13,POP65OVER,2026,30.6,e,,,TIPO_DATO15__POP65OVER_N1,,,
IT1:22_293_DF_DCIS_INDDEMOG1_1(1.0),A,ITC14,POP65OVER,2015,25.5,,,,TIPO_DATO15__POP65OVER_N1,,,
IT1:22_293_DF_DCIS_INDDEMOG1_1(1.0),A,ITC14,POP65OVER,2016,25.8,,,,TIPO_DATO15__POP65OVER_N1,,,
IT1:22_293_DF_DCIS_INDDEMOG1_1(1.0),A,ITC14,POP65OVER,2017,26.1,,,,TIPO_DATO15__POP65OVER_N1,,,
IT1:22_293_DF_DCIS_INDDEMOG1_1(1.0),A,ITC14,POP65OVER,2018,26.4,,,,TIPO_DATO15__POP65OVER_N1,,,
IT1:22_293_DF_DCIS_INDDEMOG1_1(1.0),A,ITC14,POP65OVER,2019,26.7,,,,TIPO_DATO15__POP65OVER_N1,,,
IT1:22_293_DF_DCIS_INDDEMOG1_1(1.0),A,ITC14,POP65OVER,2020,27.2,,,,TIPO_DATO15__POP65OVER_N1,,,
IT1:22_293_DF_DCIS_INDDEMOG1_1(1.0),A,ITC14,POP65OVER,2021,27.5,,,,TIPO_DATO15__POP65OVER_N1,,,
IT1:22_293_DF_DCIS_INDDEMOG1_1(1.0),A,ITC14,POP65OVER,2022,27.8,,,,TIPO_DATO15__POP65OVER_N1,,,
IT1:22_293_DF_DCIS_INDDEMOG1_1(1.0),A,ITC14,POP65OVER,2023,28,,,,TIPO_DATO15__POP65OVER_N1,,,
IT1:22_293_DF_DCIS_INDDEMOG1_1(1.0),A,ITC14,POP65OVER,2024,28.3,,,,TIPO_DATO15__POP65OVER_N1,,,
IT1:22_293_DF_DCIS_INDDEMOG1_1(1.0),A,ITC14,POP65OVER,2025,28.7,,,,TIPO_DATO15__POP65OVER_N1,,,
IT1:22_293_DF_DCIS_INDDEMOG1_1(1.0),A,ITC14,POP65OVER,2026,29.2,e,,,TIPO_DATO15__POP65OVER_N1,,,
IT1:22_293_DF_DCIS_INDDEMOG1_1(1.0),A,ITC15,POP65OVER,2015,22.7,,,,TIPO_DATO15__POP65OVER_N1,,,
IT1:22_293_DF_DCIS_INDDEMOG1_1(1.0),A,ITC15,POP65OVER,2016,23,,,,TIPO_DATO15__POP65OVER_N1,,,
IT1:22_293_DF_DCIS_INDDEMOG1_1(1.0),A,ITC15,POP65OVER,2017,23.3,,,,TIPO_DATO15__POP65OVER_N1,,,
IT1:22_293_DF_DCIS_INDDEMOG1_1(1.0),A,ITC15,POP65OVER,2018,23.5,,,,TIPO_DATO15__POP65OVER_N1,,,
IT1:22_293_DF_DCIS_INDDEMOG1_1(1.0),A,ITC15,POP65OVER,2019,23.7,,,,TIPO_DATO15__POP65OVER_N1,,,
IT1:22_293_DF_DCIS_INDDEMOG1_1(1.0),A,ITC15,POP65OVER,2020,24.1,,,,TIPO_DATO15__POP65OVER_N1,,,
IT1:22_293_DF_DCIS_INDDEMOG1_1(1.0),A,ITC15,POP65OVER,2021,24.3,,,,TIPO_DATO15__POP65OVER_N1,,,
IT1:22_293_DF_DCIS_INDDEMOG1_1(1.0),A,ITC15,POP65OVER,2022,24.4,,,,TIPO_DATO15__POP65OVER_N1,,,
IT1:22_293_DF_DCIS_INDDEMOG1_1(1.0),A,ITC15,POP65OVER,2023,24.6,,,,TIPO_DATO15__POP65OVER_N1,,,
IT1:22_293_DF_DCIS_INDDEMOG1_1(1.0),A,ITC15,POP65OVER,2024,24.9,,,,TIPO_DATO15__POP65OVER_N1,,,
IT1:22_293_DF_DCIS_INDDEMOG1_1(1.0),A,ITC15,POP65OVER,2025,25.3,,,,TIPO_DATO15__POP65OVER_N1,,,
IT1:22_293_DF_DCIS_INDDEMOG1_1(1.0),A,ITC15,POP65OVER,2026,25.6,e,,,TIPO_DATO15__POP65OVER_N1,,,
IT1:22_293_DF_DCIS_INDDEMOG1_1(1.0),A,ITC16,POP65OVER,2015,23.2,,,,TIPO_DATO15__POP65OVER_N1,,,
IT1:22_293_DF_DCIS_INDDEMOG1_1(1.0),A,ITC16,POP65OVER,2016,23.5,,,,TIPO_DATO15__POP65OVER_N1,,,
IT1:22_293_DF_DCIS_INDDEMOG1_1(1.0),A,ITC16,POP65OVER,2017,23.8,,,,TIPO_DATO15__POP65OVER_N1,,,
IT1:22_293_DF_DCIS_INDDEMOG1_1(1.0),A,ITC16,POP65OVER,2018,24,,,,TIPO_DATO15__POP65OVER_N1,,,
IT1:22_293_DF_DCIS_INDDEMOG1_1(1.0),A,ITC16,POP65OVER,2019,24.2,,,,TIPO_DATO15__POP65OVER_N1,,,
IT1:22_293_DF_DCIS_INDDEMOG1_1(1.0),A,ITC16,POP65OVER,2020,24.4,,,,TIPO_DATO15__POP65OVER_N1,,,
IT1:22_293_DF_DCIS_INDDEMOG1_1(1.0),A,ITC16,POP65OVER,2021,24.5,,,,TIPO_DATO15__POP65OVER_N1,,,
IT1:22_293_DF_DCIS_INDDEMOG1_1(1.0),A,ITC16,POP65OVER,2022,24.7,,,,TIPO_DATO15__POP65OVER_N1,,,
IT1:22_293_DF_DCIS_INDDEMOG1_1(1.0),A,ITC16,POP65OVER,2023,24.8,,,,TIPO_DATO15__POP65OVER_N1,,,
IT1:22_293_DF_DCIS_INDDEMOG1_1(1.0),A,ITC16,POP65OVER,2024,25.1,,,,TIPO_DATO15__POP65OVER_N1,,,
IT1:22_293_DF_DCIS_INDDEMOG1_1(1.0),A,ITC16,POP65OVER,2025,25.4,,,,TIPO_DATO15__POP65OVER_N1,,,
IT1:22_293_DF_DCIS_INDDEMOG1_1(1.0),A,ITC16,POP65OVER,2026,25.7,e,,,TIPO_DATO15__POP65OVER_N1,,,
IT1:22_293_DF_DCIS_INDDEMOG1_1(1.0),A,ITC17,POP65OVER,2015,25.4,,,,TIPO_DATO15__POP65OVER_N1,,,
IT1:22_293_DF_DCIS_INDDEMOG1_1(1.0),A,ITC17,POP65OVER,2016,25.7,,,,TIPO_DATO15__POP65OVER_N1,,,
IT1:22_293_DF_DCIS_INDDEMOG1_1(1.0),A,ITC17,POP65OVER,2017,25.9,,,,TIPO_DATO15__POP65OVER_N1,,,
IT1:22_293_DF_DCIS_INDDEMOG1_1(1.0),A,ITC17,POP65OVER,2018,26.1,,,,TIPO_DATO15__POP65OVER_N1,,,
IT1:22_293_DF_DCIS_INDDEMOG1_1(1.0),A,ITC17,POP65OVER,2019,26.3,,,,TIPO_DATO15__POP65OVER_N1,,,
IT1:22_293_DF_DCIS_INDDEMOG1_1(1.0),A,ITC17,POP65OVER,2020,26.6,,,,TIPO_DATO15__POP65OVER_N1,,,
IT1:22_293_DF_DCIS_INDDEMOG1_1(1.0),A,ITC17,POP65OVER,2021,26.7,,,,TIPO_DATO15__POP65OVER_N1,,,
IT1:22_293_DF_DCIS_INDDEMOG1_1(1.0),A,ITC17,POP65OVER,2022,26.9,,,,TIPO_DATO15__POP65OVER_N1,,,
IT1:22_293_DF_DCIS_INDDEMOG1_1(1.0),A,ITC17,POP65OVER,2023,27,,,,TIPO_DATO15__POP65OVER_N1,,,
IT1:22_293_DF_DCIS_INDDEMOG1_1(1.0),A,ITC17,POP65OVER,2024,27.3,,,,TIPO_DATO15__POP65OVER_N1,,,
IT1:22_293_DF_DCIS_INDDEMOG1_1(1.0),A,ITC17,POP65OVER,2025,27.7,,,,TIPO_DATO15__POP65OVER_N1,,,
IT1:22_293_DF_DCIS_INDDEMOG1_1(1.0),A,ITC17,POP65OVER,2026,28,e,,,TIPO_DATO15__POP65OVER_N1,,,
IT1:22_293_DF_DCIS_INDDEMOG1_1(1.0),A,ITC18,POP65OVER,2015,27,,,,TIPO_DATO15__POP65OVER_N1,,,
IT1:22_293_DF_DCIS_INDDEMOG1_1(1.0),A,ITC18,POP65OVER,2016,27.3,,,,TIPO_DATO15__POP65OVER_N1,,,
IT1:22_293_DF_DCIS_INDDEMOG1_1(1.0),A,ITC18,POP65OVER,2017,27.4,,,,TIPO_DATO15__POP65OVER_N1,,,
IT1:22_293_DF_DCIS_INDDEMOG1_1(1.0),A,ITC18,POP65OVER,2018,27.6,,,,TIPO_DATO15__POP65OVER_N1,,,
IT1:22_293_DF_DCIS_INDDEMOG1_1(1.0),A,ITC18,POP65OVER,2019,27.7,,,,TIPO_DATO15__POP65OVER_N1,,,
IT1:22_293_DF_DCIS_INDDEMOG1_1(1.0),A,ITC18,POP65OVER,2020,28,,,,TIPO_DATO15__POP65OVER_N1,,,
IT1:22_293_DF_DCIS_INDDEMOG1_1(1.0),A,ITC18,POP65OVER,2021,28.1,,,,TIPO_DATO15__POP65OVER_N1,,,
IT1:22_293_DF_DCIS_INDDEMOG1_1(1.0),A,ITC18,POP65OVER,2022,28.3,,,,TIPO_DATO15__POP65OVER_N1,,,
IT1:22_293_DF_DCIS_INDDEMOG1_1(1.0),A,ITC18,POP65OVER,2023,28.4,,,,TIPO_DATO15__POP65OVER_N1,,,
IT1:22_293_DF_DCIS_INDDEMOG1_1(1.0),A,ITC18,POP65OVER,2024,28.6,,,,TIPO_DATO15__POP65OVER_N1,,,
IT1:22_293_DF_DCIS_INDDEMOG1_1(1.0),A,ITC18,POP65OVER,2025,28.8,,,,TIPO_DATO15__POP65OVER_N1,,,
IT1:22_293_DF_DCIS_INDDEMOG1_1(1.0),A,ITC18,POP65OVER,2026,28.9,e,,,TIPO_DATO15__POP65OVER_N1,,,
IT1:22_293_DF_DCIS_INDDEMOG1_1(1.0),A,ITC2,POP65OVER,2015,22.6,,,,TIPO_DATO15__POP65OVER_N1,,,
IT1:22_293_DF_DCIS_INDDEMOG1_1(1.0),A,ITC2,POP65OVER,2016,22.9,,,,TIPO_DATO15__POP65OVER_N1,,,
IT1:22_293_DF_DCIS_INDDEMOG1_1(1.0),A,ITC2,POP65OVER,2017,23.2,,,,TIPO_DATO15__POP65OVER_N1,,,
IT1:22_293_DF_DCIS_INDDEMOG1_1(1.0),A,ITC2,POP65OVER,2018,23.5,,,,TIPO_DATO15__POP65OVER_N1,,,
IT1:22_293_DF_DCIS_INDDEMOG1_1(1.0),A,ITC2,POP65OVER,2019,23.8,,,,TIPO_DATO15__POP65OVER_N1,,,
IT1:22_293_DF_DCIS_INDDEMOG1_1(1.0),A,ITC2,POP65OVER,2020,24.2,,,,TIPO_DATO15__POP65OVER_N1,,,
IT1:22_293_DF_DCIS_INDDEMOG1_1(1.0),A,ITC2,POP65OVER,2021,24.4,,,,TIPO_DATO15__POP65OVER_N1,,,
IT1:22_293_DF_DCIS_INDDEMOG1_1(1.0),A,ITC2,POP65OVER,2022,24.7,,,,TIPO_DATO15__POP65OVER_N1,,,
IT1:22_293_DF_DCIS_INDDEMOG1_1(1.0),A,ITC2,POP65OVER,2023,25,,,,TIPO_DATO15__POP65OVER_N1,,,
IT1:22_293_DF_DCIS_INDDEMOG1_1(1.0),A,ITC2,POP65OVER,2024,25.3,,,,TIPO_DATO15__POP65OVER_N1,,,
IT1:22_293_DF_DCIS_INDDEMOG1_1(1.0),A,ITC2,POP65OVER,2025,25.8,,,,TIPO_DATO15__POP65OVER_N1,,,
IT1:22_293_DF_DCIS_INDDEMOG1_1(1.0),A,ITC2,POP65OVER,2026,26.3,e,,,TIPO_DATO15__POP65OVER_N1,,,
IT1:22_293_DF_DCIS_INDDEMOG1_1(1.0),A,ITC20,POP65OVER,2015,22.6,,,,TIPO_DATO15__POP65OVER_N1,,,
IT1:22_293_DF_DCIS_INDDEMOG1_1(1.0),A,ITC20,POP65OVER,2016,22.9,,,,TIPO_DATO15__POP65OVER_N1,,,
IT1:22_293_DF_DCIS_INDDEMOG1_1(1.0),A,ITC20,POP65OVER,2017,23.2,,,,TIPO_DATO15__POP65OVER_N1,,,
IT1:22_293_DF_DCIS_INDDEMOG1_1(1.0),A,ITC20,POP65OVER,2018,23.5,,,,TIPO_DATO15__POP65OVER_N1,,,
IT1:22_293_DF_DCIS_INDDEMOG1_1(1.0),A,ITC20,POP65OVER,2019,23.8,,,,TIPO_DATO15__POP65OVER_N1,,,
IT1:22_293_DF_DCIS_INDDEMOG1_1(1.0),A,ITC20,POP65OVER,2020,24.2,,,,TIPO_DATO15__POP65OVER_N1,,,
IT1:22_293_DF_DCIS_INDDEMOG1_1(1.0),A,ITC20,POP65OVER,2021,24.4,,,,TIPO_DATO15__POP65OVER_N1,,,
IT1:22_293_DF_DCIS_INDDEMOG1_1(1.0),A,ITC20,POP65OVER,2022,24.7,,,,TIPO_DATO15__POP65OVER_N1,,,
IT1:22_293_DF_DCIS_INDDEMOG1_1(1.0),A,ITC20,POP65OVER,2023,25,,,,TIPO_DATO15__POP65OVER_N1,,,
IT1:22_293_DF_DCIS_INDDEMOG1_1(1.0),A,ITC20,POP65OVER,2024,25.3,,,,TIPO_DATO15__POP65OVER_N1,,,
IT1:22_293_DF_DCIS_INDDEMOG1_1(1.0),A,ITC20,POP65OVER,2025,25.8,,,,TIPO_DATO15__POP65OVER_N1,,,
IT1:22_293_DF_DCIS_INDDEMOG1_1(1.0),A,ITC20,POP65OVER,2026,26.3,e,,,TIPO_DATO15__POP65OVER_N1,,,
IT1:22_293_DF_DCIS_INDDEMOG1_1(1.0),A,ITC3,POP65OVER,2015,28.2,,,,TIPO_DATO15__POP65OVER_N1,,,
IT1:22_293_DF_DCIS_INDDEMOG1_1(1.0),A,ITC3,POP65OVER,2016,28.3,,,,TIPO_DATO15__POP65OVER_N1,,,
IT1:22_293_DF_DCIS_INDDEMOG1_1(1.0),A,ITC3,POP65OVER,2017,28.4,,,,TIPO_DATO15__POP65OVER_N1,,,
IT1:22_293_DF_DCIS_INDDEMOG1_1(1.0),A,ITC3,POP65OVER,2018,28.5,,,,TIPO_DATO15__POP65OVER_N1,,,
IT1:22_293_DF_DCIS_INDDEMOG1_1(1.0),A,ITC3,POP65OVER,2019,28.6,,,,TIPO_DATO15__POP65OVER_N1,,,
IT1:22_293_DF_DCIS_INDDEMOG1_1(1.0),A,ITC3,POP65OVER,2020,28.8,,,,TIPO_DATO15__POP65OVER_N1,,,
IT1:22_293_DF_DCIS_INDDEMOG1_1(1.0),A,ITC3,POP65OVER,2021,28.7,,,,TIPO_DATO15__POP65OVER_N1,,,
IT1:22_293_DF_DCIS_INDDEMOG1_1(1.0),A,ITC3,POP65OVER,2022,28.9,,,,TIPO_DATO15__POP65OVER_N1,,,
IT1:22_293_DF_DCIS_INDDEMOG1_1(1.0),A,ITC3,POP65OVER,2023,28.9,,,,TIPO_DATO15__POP65OVER_N1,,,
IT1:22_293_DF_DCIS_INDDEMOG1_1(1.0),A,ITC3,POP65OVER,2024,29,,,,TIPO_DATO15__POP65OVER_N1,,,
IT1:22_293_DF_DCIS_INDDEMOG1_1(1.0),A,ITC3,POP65OVER,2025,29.2,,,,TIPO_DATO15__POP65OVER_N1,,,
IT1:22_293_DF_DCIS_INDDEMOG1_1(1.0),A,ITC3,POP65OVER,2026,29.4,e,,,TIPO_DATO15__POP65OVER_N1,,,
IT1:22_293_DF_DCIS_INDDEMOG1_1(1.0),A,ITC31,POP65OVER,2015,27.6,,,,TIPO_DATO15__POP65OVER_N1,,,
IT1:22_293_DF_DCIS_INDDEMOG1_1(1.0),A,ITC31,POP65OVER,2016,27.8,,,,TIPO_DATO15__POP65OVER_N1,,,
IT1:22_293_DF_DCIS_INDDEMOG1_1(1.0),A,ITC31,POP65OVER,2017,27.9,,,,TIPO_DATO15__POP65OVER_N1,,,
IT1:22_293_DF_DCIS_INDDEMOG1_1(1.0),A,ITC31,POP65OVER,2018,27.9,,,,TIPO_DATO15__POP65OVER_N1,,,
IT1:22_293_DF_DCIS_INDDEMOG1_1(1.0),A,ITC31,POP65OVER,2019,28.1,,,,TIPO_DATO15__POP65OVER_N1,,,
IT1:22_293_DF_DCIS_INDDEMOG1_1(1.0),A,ITC31,POP65OVER,2020,28.2,,,,TIPO_DATO15__POP65OVER_N1,,,
IT1:22_293_DF_DCIS_INDDEMOG1_1(1.0),A,ITC31,POP65OVER,2021,28.3,,,,TIPO_DATO15__POP65OVER_N1,,,
IT1:22_293_DF_DCIS_INDDEMOG1_1(1.0),A,ITC31,POP65OVER,2022,28.3,,,,TIPO_DATO15__POP65OVER_N1,,,
IT1:22_293_DF_DCIS_INDDEMOG1_1(1.0),A,ITC31,POP65OVER,2023,28.3,,,,TIPO_DATO15__POP65OVER_N1,,,
IT1:22_293_DF_DCIS_INDDEMOG1_1(1.0),A,ITC31,POP65OVER,2024,28.5,,,,TIPO_DATO15__POP65OVER_N1,,,
IT1:22_293_DF_DCIS_INDDEMOG1_1(1.0),A,ITC31,POP65OVER,2025,28.7,,,,TIPO_DATO15__POP65OVER_N1,,,
IT1:22_293_DF_DCIS_INDDEMOG1_1(1.0),A,ITC31,POP65OVER,2026,28.9,e,,,TIPO_DATO15__POP65OVER_N1,,,
IT1:22_293_DF_DCIS_INDDEMOG1_1(1.0),A,ITC32,POP65OVER,2015,28.7,,,,TIPO_DATO15__POP65OVER_N1,,,
IT1:22_293_DF_DCIS_INDDEMOG1_1(1.0),A,ITC32,POP65OVER,2016,28.8,,,,TIPO_DATO15__POP65OVER_N1,,,
IT1:22_293_DF_DCIS_INDDEMOG1_1(1.0),A,ITC32,POP65OVER,2017,29,,,,TIPO_DATO15__POP65OVER_N1,,,
IT1:22_293_DF_DCIS_INDDEMOG1_1(1.0),A,ITC32,POP65OVER,2018,29.1,,,,TIPO_DATO15__POP65OVER_N1,,,
IT1:22_293_DF_DCIS_INDDEMOG1_1(1.0),A,ITC32,POP65OVER,2019,29.2,,,,TIPO_DATO15__POP65OVER_N1,,,
IT1:22_293_DF_DCIS_INDDEMOG1_1(1.0),A,ITC32,POP65OVER,2020,29.4,,,,TIPO_DATO15__POP65OVER_N1,,,
IT1:22_293_DF_DCIS_INDDEMOG1_1(1.0),A,ITC32,POP65OVER,2021,29.6,,,,TIPO_DATO15__POP65OVER_N1,,,
IT1:22_293_DF_DCIS_INDDEMOG1_1(1.0),A,ITC32,POP65OVER,2022,29.7,,,,TIPO_DATO15__POP65OVER_N1,,,
IT1:22_293_DF_DCIS_INDDEMOG1_1(1.0),A,ITC32,POP65OVER,2023,29.7,,,,TIPO_DATO15__POP65OVER_N1,,,
IT1:22_293_DF_DCIS_INDDEMOG1_1(1.0),A,ITC32,POP65OVER,2024,30,,,,TIPO_DATO15__POP65OVER_N1,,,
IT1:22_293_DF_DCIS_INDDEMOG1_1(1.0),A,ITC32,POP65OVER,2025,30.2,,,,TIPO_DATO15__POP65OVER_N1,,,
IT1:22_293_DF_DCIS_INDDEMOG1_1(1.0),A,ITC32,POP65OVER,2026,30.4,e,,,TIPO_DATO15__POP65OVER_N1,,,
IT1:22_293_DF_DCIS_INDDEMOG1_1(1.0),A,ITC33,POP65OVER,2015,28.3,,,,TIPO_DATO15__POP65OVER_N1,,,
IT1:22_293_DF_DCIS_INDDEMOG1_1(1.0),A,ITC33,POP65OVER,2016,28.5,,,,TIPO_DATO15__POP65OVER_N1,,,
IT1:22_293_DF_DCIS_INDDEMOG1_1(1.0),A,ITC33,POP65OVER,2017,28.6,,,,TIPO_DATO15__POP65OVER_N1,,,
IT1:22_293_DF_DCIS_INDDEMOG1_1(1.0),A,ITC33,POP65OVER,2018,28.7,,,,TIPO_DATO15__POP65OVER_N1,,,
IT1:22_293_DF_DCIS_INDDEMOG1_1(1.0),A,ITC33,POP65OVER,2019,28.8,,,,TIPO_DATO15__POP65OVER_N1,,,
IT1:22_293_DF_DCIS_INDDEMOG1_1(1.0),A,ITC33,POP65OVER,2020,29,,,,TIPO_DATO15__POP65OVER_N1,,,
IT1:22_293_DF_DCIS_INDDEMOG1_1(1.0),A,ITC33,POP65OVER,2021,28.9,,,,TIPO_DATO15__POP65OVER_N1,,,
IT1:22_293_DF_DCIS_INDDEMOG1_1(1.0),A,ITC33,POP65OVER,2022,29.1,,,,TIPO_DATO15__POP65OVER_N1,,,
IT1:22_293_DF_DCIS_INDDEMOG1_1(1.0),A,ITC33,POP65OVER,2023,29,,,,TIPO_DATO15__POP65OVER_N1,,,
IT1:22_293_DF_DCIS_INDDEMOG1_1(1.0),A,ITC33,POP65OVER,2024,29.1,,,,TIPO_DATO15__POP65OVER_N1,,,
IT1:22_293_DF_DCIS_INDDEMOG1_1(1.0),A,ITC33,POP65OVER,2025,29.3,,,,TIPO_DATO15__POP65OVER_N1,,,
IT1:22_293_DF_DCIS_INDDEMOG1_1(1.0),A,ITC33,POP65OVER,2026,29.5,e,,,TIPO_DATO15__POP65OVER_N1,,,
IT1:22_293_DF_DCIS_INDDEMOG1_1(1.0),A,ITC34,POP65OVER,2015,27.5,,,,TIPO_DATO15__POP65OVER_N1,,,
IT1:22_293_DF_DCIS_INDDEMOG1_1(1.0),A,ITC34,POP65OVER,2016,27.5,,,,TIPO_DATO15__POP65OVER_N1,,,
IT1:22_293_DF_DCIS_INDDEMOG1_1(1.0),A,ITC34,POP65OVER,2017,27.5,,,,TIPO_DATO15__POP65OVER_N1,,,
IT1:22_293_DF_DCIS_INDDEMOG1_1(1.0),A,ITC34,POP65OVER,2018,27.5,,,,TIPO_DATO15__POP65OVER_N1,,,
IT1:22_293_DF_DCIS_INDDEMOG1_1(1.0),A,ITC34,POP65OVER,2019,27.5,,,,TIPO_DATO15__POP65OVER_N1,,,
IT1:22_293_DF_DCIS_INDDEMOG1_1(1.0),A,ITC34,POP65OVER,2020,27.6,,,,TIPO_DATO15__POP65OVER_N1,,,
IT1:22_293_DF_DCIS_INDDEMOG1_1(1.0),A,ITC34,POP65OVER,2021,27.6,,,,TIPO_DATO15__POP65OVER_N1,,,
IT1:22_293_DF_DCIS_INDDEMOG1_1(1.0),A,ITC34,POP65OVER,2022,27.7,,,,TIPO_DATO15__POP65OVER_N1,,,
IT1:22_293_DF_DCIS_INDDEMOG1_1(1.0),A,ITC34,POP65OVER,2023,27.7,,,,TIPO_DATO15__POP65OVER_N1,,,
IT1:22_293_DF_DCIS_INDDEMOG1_1(1.0),A,ITC34,POP65OVER,2024,27.8,,,,TIPO_DATO15__POP65OVER_N1,,,
IT1:22_293_DF_DCIS_INDDEMOG1_1(1.0),A,ITC34,POP65OVER,2025,28,,,,TIPO_DATO15__POP65OVER_N1,,,
IT1:22_293_DF_DCIS_INDDEMOG1_1(1.0),A,ITC34,POP65OVER,2026,28.3,e,,,TIPO_DATO15__POP65OVER_N1,,,
IT1:22_293_DF_DCIS_INDDEMOG1_1(1.0),A,ITC4,POP65OVER,2015,21.8,,,,TIPO_DATO15__POP65OVER_N1,,,
IT1:22_293_DF_DCIS_INDDEMOG1_1(1.0),A,ITC4,POP65OVER,2016,22,,,,TIPO_DATO15__POP65OVER_N1,,,
IT1:22_293_DF_DCIS_INDDEMOG1_1(1.0),A,ITC4,POP65OVER,2017,22.3,,,,TIPO_DATO15__POP65OVER_N1,,,
IT1:22_293_DF_DCIS_INDDEMOG1_1(1.0),A,ITC4,POP65OVER,2018,22.5,,,,TIPO_DATO15__POP65OVER_N1,,,
IT1:22_293_DF_DCIS_INDDEMOG1_1(1.0),A,ITC4,POP65OVER,2019,22.7,,,,TIPO_DATO15__POP65OVER_N1,,,
IT1:22_293_DF_DCIS_INDDEMOG1_1(1.0),A,ITC4,POP65OVER,2020,22.9,,,,TIPO_DATO15__POP65OVER_N1,,,
IT1:22_293_DF_DCIS_INDDEMOG1_1(1.0),A,ITC4,POP65OVER,2021,22.9,,,,TIPO_DATO15__POP65OVER_N1,,,
IT1:22_293_DF_DCIS_INDDEMOG1_1(1.0),A,ITC4,POP65OVER,2022,23.2,,,,TIPO_DATO15__POP65OVER_N1,,,
IT1:22_293_DF_DCIS_INDDEMOG1_1(1.0),A,ITC4,POP65OVER,2023,23.3,,,,TIPO_DATO15__POP65OVER_N1,,,
IT1:22_293_DF_DCIS_INDDEMOG1_1(1.0),A,ITC4,POP65OVER,2024,23.5,,,,TIPO_DATO15__POP65OVER_N1,,,
IT1:22_293_DF_DCIS_INDDEMOG1_1(1.0),A,ITC4,POP65OVER,2025,23.8,,,,TIPO_DATO15__POP65OVER_N1,,,
IT1:22_293_DF_DCIS_INDDEMOG1_1(1.0),A,ITC4,POP65OVER,2026,24.2,e,,,TIPO_DATO15__POP65OVER_N1,,,
IT1:22_293_DF_DCIS_INDDEMOG1_1(1.0),A,ITC41,POP65OVER,2015,22.5,,,,TIPO_DATO15__POP65OVER_N1,,,
IT1:22_293_DF_DCIS_INDDEMOG1_1(1.0),A,ITC41,POP65OVER,2016,22.8,,,,TIPO_DATO15__POP65OVER_N1,,,
IT1:22_293_DF_DCIS_INDDEMOG1_1(1.0),A,ITC41,POP65OVER,2017,23.2,,,,TIPO_DATO15__POP65OVER_N1,,,
IT1:22_293_DF_DCIS_INDDEMOG1_1(1.0),A,ITC41,POP65OVER,2018,23.4,,,,TIPO_DATO15__POP65OVER_N1,,,
IT1:22_293_DF_DCIS_INDDEMOG1_1(1.0),A,ITC41,POP65OVER,2019,23.6,,,,TIPO_DATO15__POP65OVER_N1,,,
IT1:22_293_DF_DCIS_INDDEMOG1_1(1.0),A,ITC41,POP65OVER,2020,23.9,,,,TIPO_DATO15__POP65OVER_N1,,,
IT1:22_293_DF_DCIS_INDDEMOG1_1(1.0),A,ITC41,POP65OVER,2021,24.1,,,,TIPO_DATO15__POP65OVER_N1,,,
IT1:22_293_DF_DCIS_INDDEMOG1_1(1.0),A,ITC41,POP65OVER,2022,24.3,,,,TIPO_DATO15__POP65OVER_N1,,,
IT1:22_293_DF_DCIS_INDDEMOG1_1(1.0),A,ITC41,POP65OVER,2023,24.5,,,,TIPO_DATO15__POP65OVER_N1,,,
IT1:22_293_DF_DCIS_INDDEMOG1_1(1.0),A,ITC41,POP65OVER,2024,24.7,,,,TIPO_DATO15__POP65OVER_N1,,,
IT1:22_293_DF_DCIS_INDDEMOG1_1(1.0),A,ITC41,POP65OVER,2025,25.1,,,,TIPO_DATO15__POP65OVER_N1,,,
IT1:22_293_DF_DCIS_INDDEMOG1_1(1.0),A,ITC41,POP65OVER,2026,25.4,e,,,TIPO_DATO15__POP65OVER_N1,,,
IT1:22_293_DF_DCIS_INDDEMOG1_1(1.0),A,ITC42,POP65OVER,2015,21.7,,,,TIPO_DATO15__POP65OVER_N1,,,
IT1:22_293_DF_DCIS_INDDEMOG1_1(1.0),A,ITC42,POP65OVER,2016,22,,,,TIPO_DATO15__POP65OVER_N1,,,
IT1:22_293_DF_DCIS_INDDEMOG1_1(1.0),A,ITC42,POP65OVER,2017,22.3,,,,TIPO_DATO15__POP65OVER_N1,,,
IT1:22_293_DF_DCIS_INDDEMOG1_1(1.0),A,ITC42,POP65OVER,2018,22.6,,,,TIPO_DATO15__POP65OVER_N1,,,
IT1:22_293_DF_DCIS_INDDEMOG1_1(1.0),A,ITC42,POP65OVER,2019,22.9,,,,TIPO_DATO15__POP65OVER_N1,,,
IT1:22_293_DF_DCIS_INDDEMOG1_1(1.0),A,ITC42,POP65OVER,2020,23.1,,,,TIPO_DATO15__POP65OVER_N1,,,
IT1:22_293_DF_DCIS_INDDEMOG1_1(1.0),A,ITC42,POP65OVER,2021,23.3,,,,TIPO_DATO15__POP65OVER_N1,,,
IT1:22_293_DF_DCIS_INDDEMOG1_1(1.0),A,ITC42,POP65OVER,2022,23.6,,,,TIPO_DATO15__POP65OVER_N1,,,
IT1:22_293_DF_DCIS_INDDEMOG1_1(1.0),A,ITC42,POP65OVER,2023,23.8,,,,TIPO_DATO15__POP65OVER_N1,,,
IT1:22_293_DF_DCIS_INDDEMOG1_1(1.0),A,ITC42,POP65OVER,2024,24.1,,,,TIPO_DATO15__POP65OVER_N1,,,
IT1:22_293_DF_DCIS_INDDEMOG1_1(1.0),A,ITC42,POP65OVER,2025,24.5,,,,TIPO_DATO15__POP65OVER_N1,,,
IT1:22_293_DF_DCIS_INDDEMOG1_1(1.0),A,ITC42,POP65OVER,2026,24.9,e,,,TIPO_DATO15__POP65OVER_N1,,,
IT1:22_293_DF_DCIS_INDDEMOG1_1(1.0),A,ITC43,POP65OVER,2015,22,,,,TIPO_DATO15__POP65OVER_N1,,,
IT1:22_293_DF_DCIS_INDDEMOG1_1(1.0),A,ITC43,POP65OVER,2016,22.5,,,,TIPO_DATO15__POP65OVER_N1,,,
IT1:22_293_DF_DCIS_INDDEMOG1_1(1.0),A,ITC43,POP65OVER,2017,22.9,,,,TIPO_DATO15__POP65OVER_N1,,,
IT1:22_293_DF_DCIS_INDDEMOG1_1(1.0),A,ITC43,POP65OVER,2018,23.3,,,,TIPO_DATO15__POP65OVER_N1,,,
IT1:22_293_DF_DCIS_INDDEMOG1_1(1.0),A,ITC43,POP65OVER,2019,23.6,,,,TIPO_DATO15__POP65OVER_N1,,,
IT1:22_293_DF_DCIS_INDDEMOG1_1(1.0),A,ITC43,POP65OVER,2020,24,,,,TIPO_DATO15__POP65OVER_N1,,,
IT1:22_293_DF_DCIS_INDDEMOG1_1(1.0),A,ITC43,POP65OVER,2021,24.2,,,,TIPO_DATO15__POP65OVER_N1,,,
IT1:22_293_DF_DCIS_INDDEMOG1_1(1.0),A,ITC43,POP65OVER,2022,24.6,,,,TIPO_DATO15__POP65OVER_N1,,,
IT1:22_293_DF_DCIS_INDDEMOG1_1(1.0),A,ITC43,POP65OVER,2023,24.8,,,,TIPO_DATO15__POP65OVER_N1,,,
IT1:22_293_DF_DCIS_INDDEMOG1_1(1.0),A,ITC43,POP65OVER,2024,25.2,,,,TIPO_DATO15__POP65OVER_N1,,,
IT1:22_293_DF_DCIS_INDDEMOG1_1(1.0),A,ITC43,POP65OVER,2025,25.7,,,,TIPO_DATO15__POP65OVER_N1,,,
IT1:22_293_DF_DCIS_INDDEMOG1_1(1.0),A,ITC43,POP65OVER,2026,26.1,e,,,TIPO_DATO15__POP65OVER_N1,,,
IT1:22_293_DF_DCIS_INDDEMOG1_1(1.0),A,ITC44,POP65OVER,2015,22,,,,TIPO_DATO15__POP65OVER_N1,,,
IT1:22_293_DF_DCIS_INDDEMOG1_1(1.0),A,ITC44,POP65OVER,2016,22.5,,,,TIPO_DATO15__POP65OVER_N1,,,
IT1:22_293_DF_DCIS_INDDEMOG1_1(1.0),A,ITC44,POP65OVER,2017,22.9,,,,TIPO_DATO15__POP65OVER_N1,,,
IT1:22_293_DF_DCIS_INDDEMOG1_1(1.0),A,ITC44,POP65OVER,2018,23.2,,,,TIPO_DATO15__POP65OVER_N1,,,
IT1:22_293_DF_DCIS_INDDEMOG1_1(1.0),A,ITC44,POP65OVER,2019,23.5,,,,TIPO_DATO15__POP65OVER_N1,,,
IT1:22_293_DF_DCIS_INDDEMOG1_1(1.0),A,ITC44,POP65OVER,2020,23.9,,,,TIPO_DATO15__POP65OVER_N1,,,
IT1:22_293_DF_DCIS_INDDEMOG1_1(1.0),A,ITC44,POP65OVER,2021,24.1,,,,TIPO_DATO15__POP65OVER_N1,,,
IT1:22_293_DF_DCIS_INDDEMOG1_1(1.0),A,ITC44,POP65OVER,2022,24.5,,,,TIPO_DATO15__POP65OVER_N1,,,
IT1:22_293_DF_DCIS_INDDEMOG1_1(1.0),A,ITC44,POP65OVER,2023,24.9,,,,TIPO_DATO15__POP65OVER_N1,,,
IT1:22_293_DF_DCIS_INDDEMOG1_1(1.0),A,ITC44,POP65OVER,2024,25.3,,,,TIPO_DATO15__POP65OVER_N1,,,
IT1:22_293_DF_DCIS_INDDEMOG1_1(1.0),A,ITC44,POP65OVER,2025,25.8,,,,TIPO_DATO15__POP65OVER_N1,,,
IT1:22_293_DF_DCIS_INDDEMOG1_1(1.0),A,ITC44,POP65OVER,2026,26.2,e,,,TIPO_DATO15__POP65OVER_N1,,,
IT1:22_293_DF_DCIS_INDDEMOG1_1(1.0),A,ITC45,POP65OVER,2015,22.4,,,,TIPO_DATO15__POP65OVER_N1,,,
IT1:22_293_DF_DCIS_INDDEMOG1_1(1.0),A,ITC45,POP65OVER,2016,22.6,,,,TIPO_DATO15__POP65OVER_N1,,,
IT1:22_293_DF_DCIS_INDDEMOG1_1(1.0),A,ITC45,POP65OVER,2017,22.7,,,,TIPO_DATO15__POP65OVER_N1,,,
IT1:22_293_DF_DCIS_INDDEMOG1_1(1.0),A,ITC45,POP65OVER,2018,22.7,,,,TIPO_DATO15__POP65OVER_N1,,,
IT1:22_293_DF_DCIS_INDDEMOG1_1(1.0),A,ITC45,POP65OVER,2019,22.8,,,,TIPO_DATO15__POP65OVER_N1,,,
IT1:22_293_DF_DCIS_INDDEMOG1_1(1.0),A,ITC45,POP65OVER,2020,22.8,,,,TIPO_DATO15__POP65OVER_N1,,,
IT1:22_293_DF_DCIS_INDDEMOG1_1(1.0),A,ITC45,POP65OVER,2021,22.7,,,,TIPO_DATO15__POP65OVER_N1,,,
IT1:22_293_DF_DCIS_INDDEMOG1_1(1.0),A,ITC45,POP65OVER,2022,22.9,,,,TIPO_DATO15__POP65OVER_N1,,,
IT1:22_293_DF_DCIS_INDDEMOG1_1(1.0),A,ITC45,POP65OVER,2023,22.9,,,,TIPO_DATO15__POP65OVER_N1,,,
IT1:22_293_DF_DCIS_INDDEMOG1_1(1.0),A,ITC45,POP65OVER,2024,23,,,,TIPO_DATO15__POP65OVER_N1,,,
IT1:22_293_DF_DCIS_INDDEMOG1_1(1.0),A,ITC45,POP65OVER,2025,23.2,,,,TIPO_DATO15__POP65OVER_N1,,,
IT1:22_293_DF_DCIS_INDDEMOG1_1(1.0),A,ITC45,POP65OVER,2026,23.5,e,,,TIPO_DATO15__POP65OVER_N1,,,
IT1:22_293_DF_DCIS_INDDEMOG1_1(1.0),A,ITC46,POP65OVER,2015,19.6,,,,TIPO_DATO15__POP65OVER_N1,,,
IT1:22_293_DF_DCIS_INDDEMOG1_1(1.0),A,ITC46,POP65OVER,2016,20,,,,TIPO_DATO15__POP65OVER_N1,,,
IT1:22_293_DF_DCIS_INDDEMOG1_1(1.0),A,ITC46,POP65OVER,2017,20.4,,,,TIPO_DATO15__POP65OVER_N1,,,
IT1:22_293_DF_DCIS_INDDEMOG1_1(1.0),A,ITC46,POP65OVER,2018,20.7,,,,TIPO_DATO15__POP65OVER_N1,,,
IT1:22_293_DF_DCIS_INDDEMOG1_1(1.0),A,ITC46,POP65OVER,2019,21.1,,,,TIPO_DATO15__POP65OVER_N1,,,
IT1:22_293_DF_DCIS_INDDEMOG1_1(1.0),A,ITC46,POP65OVER,2020,21.4,,,,TIPO_DATO15__POP65OVER_N1,,,
IT1:22_293_DF_DCIS_INDDEMOG1_1(1.0),A,ITC46,POP65OVER,2021,21.4,,,,TIPO_DATO15__POP65OVER_N1,,,
IT1:22_293_DF_DCIS_INDDEMOG1_1(1.0),A,ITC46,POP65OVER,2022,21.8,,,,TIPO_DATO15__POP65OVER_N1,,,
IT1:22_293_DF_DCIS_INDDEMOG1_1(1.0),A,ITC46,POP65OVER,2023,22.1,,,,TIPO_DATO15__POP65OVER_N1,,,
IT1:22_293_DF_DCIS_INDDEMOG1_1(1.0),A,ITC46,POP65OVER,2024,22.5,,,,TIPO_DATO15__POP65OVER_N1,,,
IT1:22_293_DF_DCIS_INDDEMOG1_1(1.0),A,ITC46,POP65OVER,2025,22.9,,,,TIPO_DATO15__POP65OVER_N1,,,
IT1:22_293_DF_DCIS_INDDEMOG1_1(1.0),A,ITC46,POP65OVER,2026,23.3,e,,,TIPO_DATO15__POP65OVER_N1,,,
IT1:22_293_DF_DCIS_INDDEMOG1_1(1.0),A,ITC47,POP65OVER,2015,20.3,,,,TIPO_DATO15__POP65OVER_N1,,,
IT1:22_293_DF_DCIS_INDDEMOG1_1(1.0),A,ITC47,POP65OVER,2016,20.7,,,,TIPO_DATO15__POP65OVER_N1,,,
IT1:22_293_DF_DCIS_INDDEMOG1_1(1.0),A,ITC47,POP65OVER,2017,21.1,,,,TIPO_DATO15__POP65OVER_N1,,,
IT1:22_293_DF_DCIS_INDDEMOG1_1(1.0),A,ITC47,POP65OVER,2018,21.4,,,,TIPO_DATO15__POP65OVER_N1,,,
IT1:22_293_DF_DCIS_INDDEMOG1_1(1.0),A,ITC47,POP65OVER,2019,21.6,,,,TIPO_DATO15__POP65OVER_N1,,,
IT1:22_293_DF_DCIS_INDDEMOG1_1(1.0),A,ITC47,POP65OVER,2020,21.9,,,,TIPO_DATO15__POP65OVER_N1,,,
IT1:22_293_DF_DCIS_INDDEMOG1_1(1.0),A,ITC47,POP65OVER,2021,21.9,,,,TIPO_DATO15__POP65OVER_N1,,,
IT1:22_293_DF_DCIS_INDDEMOG1_1(1.0),A,ITC47,POP65OVER,2022,22.2,,,,TIPO_DATO15__POP65OVER_N1,,,
IT1:22_293_DF_DCIS_INDDEMOG1_1(1.0),A,ITC47,POP65OVER,2023,22.5,,,,TIPO_DATO15__POP65OVER_N1,,,
IT1:22_293_DF_DCIS_INDDEMOG1_1(1.0),A,ITC47,POP65OVER,2024,22.8,,,,TIPO_DATO15__POP65OVER_N1,,,
IT1:22_293_DF_DCIS_INDDEMOG1_1(1.0),A,ITC47,POP65OVER,2025,23.2,,,,TIPO_DATO15__POP65OVER_N1,,,
IT1:22_293_DF_DCIS_INDDEMOG1_1(1.0),A,ITC47,POP65OVER,2026,23.6,e,,,TIPO_DATO15__POP65OVER_N1,,,
IT1:22_293_DF_DCIS_INDDEMOG1_1(1.0),A,ITC48,POP65OVER,2015,23.8,,,,TIPO_DATO15__POP65OVER_N1,,,
IT1:22_293_DF_DCIS_INDDEMOG1_1(1.0),A,ITC48,POP65OVER,2016,24,,,,TIPO_DATO15__POP65OVER_N1,,,
IT1:22_293_DF_DCIS_INDDEMOG1_1(1.0),A,ITC48,POP65OVER,2017,24.2,,,,TIPO_DATO15__POP65OVER_N1,,,
IT1:22_293_DF_DCIS_INDDEMOG1_1(1.0),A,ITC48,POP65OVER,2018,24.3,,,,TIPO_DATO15__POP65OVER_N1,,,
IT1:22_293_DF_DCIS_INDDEMOG1_1(1.0),A,ITC48,POP65OVER,2019,24.5,,,,TIPO_DATO15__POP65OVER_N1,,,
IT1:22_293_DF_DCIS_INDDEMOG1_1(1.0),A,ITC48,POP65OVER,2020,24.7,,,,TIPO_DATO15__POP65OVER_N1,,,
IT1:22_293_DF_DCIS_INDDEMOG1_1(1.0),A,ITC48,POP65OVER,2021,24.7,,,,TIPO_DATO15__POP65OVER_N1,,,
IT1:22_293_DF_DCIS_INDDEMOG1_1(1.0),A,ITC48,POP65OVER,2022,24.9,,,,TIPO_DATO15__POP65OVER_N1,,,
IT1:22_293_DF_DCIS_INDDEMOG1_1(1.0),A,ITC48,POP65OVER,2023,25,,,,TIPO_DATO15__POP65OVER_N1,,,
IT1:22_293_DF_DCIS_INDDEMOG1_1(1.0),A,ITC48,POP65OVER,2024,25.2,,,,TIPO_DATO15__POP65OVER_N1,,,
IT1:22_293_DF_DCIS_INDDEMOG1_1(1.0),A,ITC48,POP65OVER,2025,25.4,,,,TIPO_DATO15__POP65OVER_N1,,,
IT1:22_293_DF_DCIS_INDDEMOG1_1(1.0),A,ITC48,POP65OVER,2026,25.5,e,,,TIPO_DATO15__POP65OVER_N1,,,
IT1:22_293_DF_DCIS_INDDEMOG1_1(1.0),A,ITC49,POP65OVER,2015,20.5,,,,TIPO_DATO15__POP65OVER_N1,,,
IT1:22_293_DF_DCIS_INDDEMOG1_1(1.0),A,ITC49,POP65OVER,2016,20.9,,,,TIPO_DATO15__POP65OVER_N1,,,
IT1:22_293_DF_DCIS_INDDEMOG1_1(1.0),A,ITC49,POP65OVER,2017,21.2,,,,TIPO_DATO15__POP65OVER_N1,,,
IT1:22_293_DF_DCIS_INDDEMOG1_1(1.0),A,ITC49,POP65OVER,2018,21.4,,,,TIPO_DATO15__POP65OVER_N1,,,
IT1:22_293_DF_DCIS_INDDEMOG1_1(1.0),A,ITC49,POP65OVER,2019,21.5,,,,TIPO_DATO15__POP65OVER_N1,,,
IT1:22_293_DF_DCIS_INDDEMOG1_1(1.0),A,ITC49,POP65OVER,2020,21.9,,,,TIPO_DATO15__POP65OVER_N1,,,
IT1:22_293_DF_DCIS_INDDEMOG1_1(1.0),A,ITC49,POP65OVER,2021,21.9,,,,TIPO_DATO15__POP65OVER_N1,,,
IT1:22_293_DF_DCIS_INDDEMOG1_1(1.0),A,ITC49,POP65OVER,2022,22.2,,,,TIPO_DATO15__POP65OVER_N1,,,
IT1:22_293_DF_DCIS_INDDEMOG1_1(1.0),A,ITC49,POP65OVER,2023,22.4,,,,TIPO_DATO15__POP65OVER_N1,,,
IT1:22_293_DF_DCIS_INDDEMOG1_1(1.0),A,ITC49,POP65OVER,2024,22.6,,,,TIPO_DATO15__POP65OVER_N1,,,
IT1:22_293_DF_DCIS_INDDEMOG1_1(1.0),A,ITC49,POP65OVER,2025,23,,,,TIPO_DATO15__POP65OVER_N1,,,
IT1:22_293_DF_DCIS_INDDEMOG1_1(1.0),A,ITC49,POP65OVER,2026,23.4,e,,,TIPO_DATO15__POP65OVER_N1,,,
IT1:22_293_DF_DCIS_INDDEMOG1_1(1.0),A,ITC4A,POP65OVER,2015,23.2,,,,TIPO_DATO15__POP65OVER_N1,,,
IT1:22_293_DF_DCIS_INDDEMOG1_1(1.0),A,ITC4A,POP65OVER,2016,23.6,,,,TIPO_DATO15__POP65OVER_N1,,,
IT1:22_293_DF_DCIS_INDDEMOG1_1(1.0),A,ITC4A,POP65OVER,2017,23.8,,,,TIPO_DATO15__POP65OVER_N1,,,
IT1:22_293_DF_DCIS_INDDEMOG1_1(1.0),A,ITC4A,POP65OVER,2018,24.1,,,,TIPO_DATO15__POP65OVER_N1,,,
IT1:22_293_DF_DCIS_INDDEMOG1_1(1.0),A,ITC4A,POP65OVER,2019,24.3,,,,TIPO_DATO15__POP65OVER_N1,,,
IT1:22_293_DF_DCIS_INDDEMOG1_1(1.0),A,ITC4A,POP65OVER,2020,24.6,,,,TIPO_DATO15__POP65OVER_N1,,,
IT1:22_293_DF_DCIS_INDDEMOG1_1(1.0),A,ITC4A,POP65OVER,2021,24.6,,,,TIPO_DATO15__POP65OVER_N1,,,
IT1:22_293_DF_DCIS_INDDEMOG1_1(1.0),A,ITC4A,POP65OVER,2022,24.8,,,,TIPO_DATO15__POP65OVER_N1,,,
IT1:22_293_DF_DCIS_INDDEMOG1_1(1.0),A,ITC4A,POP65OVER,2023,25,,,,TIPO_DATO15__POP65OVER_N1,,,
IT1:22_293_DF_DCIS_INDDEMOG1_1(1.0),A,ITC4A,POP65OVER,2024,25.3,,,,TIPO_DATO15__POP65OVER_N1,,,
IT1:22_293_DF_DCIS_INDDEMOG1_1(1.0),A,ITC4A,POP65OVER,2025,25.6,,,,TIPO_DATO15__POP65OVER_N1,,,
IT1:22_293_DF_DCIS_INDDEMOG1_1(1.0),A,ITC4A,POP65OVER,2026,25.8,e,,,TIPO_DATO15__POP65OVER_N1,,,
IT1:22_293_DF_DCIS_INDDEMOG1_1(1.0),A,ITC4B,POP65OVER,2015,22.9,,,,TIPO_DATO15__POP65OVER_N1,,,
IT1:22_293_DF_DCIS_INDDEMOG1_1(1.0),A,ITC4B,POP65OVER,2016,23.2,,,,TIPO_DATO15__POP65OVER_N1,,,
IT1:22_293_DF_DCIS_INDDEMOG1_1(1.0),A,ITC4B,POP65OVER,2017,23.4,,,,TIPO_DATO15__POP65OVER_N1,,,
IT1:22_293_DF_DCIS_INDDEMOG1_1(1.0),A,ITC4B,POP65OVER,2018,23.6,,,,TIPO_DATO15__POP65OVER_N1,,,
IT1:22_293_DF_DCIS_INDDEMOG1_1(1.0),A,ITC4B,POP65OVER,2019,23.7,,,,TIPO_DATO15__POP65OVER_N1,,,
IT1:22_293_DF_DCIS_INDDEMOG1_1(1.0),A,ITC4B,POP65OVER,2020,24,,,,TIPO_DATO15__POP65OVER_N1,,,
IT1:22_293_DF_DCIS_INDDEMOG1_1(1.0),A,ITC4B,POP65OVER,2021,24,,,,TIPO_DATO15__POP65OVER_N1,,,
IT1:22_293_DF_DCIS_INDDEMOG1_1(1.0),A,ITC4B,POP65OVER,2022,24.2,,,,TIPO_DATO15__POP65OVER_N1,,,
IT1:22_293_DF_DCIS_INDDEMOG1_1(1.0),A,ITC4B,POP65OVER,2023,24.3,,,,TIPO_DATO15__POP65OVER_N1,,,
IT1:22_293_DF_DCIS_INDDEMOG1_1(1.0),A,ITC4B,POP65OVER,2024,24.4,,,,TIPO_DATO15__POP65OVER_N1,,,
IT1:22_293_DF_DCIS_INDDEMOG1_1(1.0),A,ITC4B,POP65OVER,2025,24.7,,,,TIPO_DATO15__POP65OVER_N1,,,
IT1:22_293_DF_DCIS_INDDEMOG1_1(1.0),A,ITC4B,POP65OVER,2026,25,e,,,TIPO_DATO15__POP65OVER_N1,,,
IT1:22_293_DF_DCIS_INDDEMOG1_1(1.0),A,ITCD,POP65OVER,2015,22.9,,,,TIPO_DATO15__POP65OVER_N1,,,
IT1:22_293_DF_DCIS_INDDEMOG1_1(1.0),A,ITCD,POP65OVER,2016,23.2,,,,TIPO_DATO15__POP65OVER_N1,,,
IT1:22_293_DF_DCIS_INDDEMOG1_1(1.0),A,ITCD,POP65OVER,2017,23.4,,,,TIPO_DATO15__POP65OVER_N1,,,
IT1:22_293_DF_DCIS_INDDEMOG1_1(1.0),A,ITCD,POP65OVER,2018,23.6,,,,TIPO_DATO15__POP65OVER_N1,,,
IT1:22_293_DF_DCIS_INDDEMOG1_1(1.0),A,ITCD,POP65OVER,2019,23.8,,,,TIPO_DATO15__POP65OVER_N1,,,
IT1:22_293_DF_DCIS_INDDEMOG1_1(1.0),A,ITCD,POP65OVER,2020,24.1,,,,TIPO_DATO15__POP65OVER_N1,,,
IT1:22_293_DF_DCIS_INDDEMOG1_1(1.0),A,ITCD,POP65OVER,2021,24.1,,,,TIPO_DATO15__POP65OVER_N1,,,
IT1:22_293_DF_DCIS_INDDEMOG1_1(1.0),A,ITCD,POP65OVER,2022,24.4,,,,TIPO_DATO15__POP65OVER_N1,,,
IT1:22_293_DF_DCIS_INDDEMOG1_1(1.0),A,ITCD,POP65OVER,2023,24.5,,,,TIPO_DATO15__POP65OVER_N1,,,
IT1:22_293_DF_DCIS_INDDEMOG1_1(1.0),A,ITCD,POP65OVER,2024,24.8,,,,TIPO_DATO15__POP65OVER_N1,,,
IT1:22_293_DF_DCIS_INDDEMOG1_1(1.0),A,ITCD,POP65OVER,2025,25.1,,,,TIPO_DATO15__POP65OVER_N1,,,
IT1:22_293_DF_DCIS_INDDEMOG1_1(1.0),A,ITCD,POP65OVER,2026,25.4,e,,,TIPO_DATO15__POP65OVER_N1,,,
IT1:22_293_DF_DCIS_INDDEMOG1_1(1.0),A,ITD,POP65OVER,2015,22.6,,,,TIPO_DATO15__POP65OVER_N1,,,
IT1:22_293_DF_DCIS_INDDEMOG1_1(1.0),A,ITD,POP65OVER,2016,22.9,,,,TIPO_DATO15__POP65OVER_N1,,,
IT1:22_293_DF_DCIS_INDDEMOG1_1(1.0),A,ITD,POP65OVER,2017,23.1,,,,TIPO_DATO15__POP65OVER_N1,,,
IT1:22_293_DF_DCIS_INDDEMOG1_1(1.0),A,ITD,POP65OVER,2018,23.3,,,,TIPO_DATO15__POP65OVER_N1,,,
IT1:22_293_DF_DCIS_INDDEMOG1_1(1.0),A,ITD,POP65OVER,2019,23.5,,,,TIPO_DATO15__POP65OVER_N1,,,
IT1:22_293_DF_DCIS_INDDEMOG1_1(1.0),A,ITD,POP65OVER,2020,23.8,,,,TIPO_DATO15__POP65OVER_N1,,,
IT1:22_293_DF_DCIS_INDDEMOG1_1(1.0),A,ITD,POP65OVER,2021,23.8,,,,TIPO_DATO15__POP65OVER_N1,,,
IT1:22_293_DF_DCIS_INDDEMOG1_1(1.0),A,ITD,POP65OVER,2022,24.1,,,,TIPO_DATO15__POP65OVER_N1,,,
IT1:22_293_DF_DCIS_INDDEMOG1_1(1.0),A,ITD,POP65OVER,2023,24.3,,,,TIPO_DATO15__POP65OVER_N1,,,
IT1:22_293_DF_DCIS_INDDEMOG1_1(1.0),A,ITD,POP65OVER,2024,24.6,,,,TIPO_DATO15__POP65OVER_N1,,,
IT1:22_293_DF_DCIS_INDDEMOG1_1(1.0),A,ITD,POP65OVER,2025,25,,,,TIPO_DATO15__POP65OVER_N1,,,
IT1:22_293_DF_DCIS_INDDEMOG1_1(1.0),A,ITD,POP65OVER,2026,25.3,e,,,TIPO_DATO15__POP65OVER_N1,,,
IT1:22_293_DF_DCIS_INDDEMOG1_1(1.0),A,ITD1,POP65OVER,2015,19,,,,TIPO_DATO15__POP65OVER_N1,,,
IT1:22_293_DF_DCIS_INDDEMOG1_1(1.0),A,ITD1,POP65OVER,2016,19.2,,,,TIPO_DATO15__POP65OVER_N1,,,
IT1:22_293_DF_DCIS_INDDEMOG1_1(1.0),A,ITD1,POP65OVER,2017,19.3,,,,TIPO_DATO15__POP65OVER_N1,,,
IT1:22_293_DF_DCIS_INDDEMOG1_1(1.0),A,ITD1,POP65OVER,2018,19.5,,,,TIPO_DATO15__POP65OVER_N1,,,
IT1:22_293_DF_DCIS_INDDEMOG1_1(1.0),A,ITD1,POP65OVER,2019,19.6,,,,TIPO_DATO15__POP65OVER_N1,,,
IT1:22_293_DF_DCIS_INDDEMOG1_1(1.0),A,ITD1,POP65OVER,2020,19.8,,,,TIPO_DATO15__POP65OVER_N1,,,
IT1:22_293_DF_DCIS_INDDEMOG1_1(1.0),A,ITD1,POP65OVER,2021,19.7,,,,TIPO_DATO15__POP65OVER_N1,,,
IT1:22_293_DF_DCIS_INDDEMOG1_1(1.0),A,ITD1,POP65OVER,2022,20,,,,TIPO_DATO15__POP65OVER_N1,,,
IT1:22_293_DF_DCIS_INDDEMOG1_1(1.0),A,ITD1,POP65OVER,2023,20.3,,,,TIPO_DATO15__POP65OVER_N1,,,
IT1:22_293_DF_DCIS_INDDEMOG1_1(1.0),A,ITD1,POP65OVER,2024,20.6,,,,TIPO_DATO15__POP65OVER_N1,,,
IT1:22_293_DF_DCIS_INDDEMOG1_1(1.0),A,ITD1,POP65OVER,2025,21,,,,TIPO_DATO15__POP65OVER_N1,,,
IT1:22_293_DF_DCIS_INDDEMOG1_1(1.0),A,ITD1,POP65OVER,2026,21.4,e,,,TIPO_DATO15__POP65OVER_N1,,,
IT1:22_293_DF_DCIS_INDDEMOG1_1(1.0),A,ITD10,POP65OVER,2015,19,,,,TIPO_DATO15__POP65OVER_N1,,,
IT1:22_293_DF_DCIS_INDDEMOG1_1(1.0),A,ITD10,POP65OVER,2016,19.2,,,,TIPO_DATO15__POP65OVER_N1,,,
IT1:22_293_DF_DCIS_INDDEMOG1_1(1.0),A,ITD10,POP65OVER,2017,19.3,,,,TIPO_DATO15__POP65OVER_N1,,,
IT1:22_293_DF_DCIS_INDDEMOG1_1(1.0),A,ITD10,POP65OVER,2018,19.5,,,,TIPO_DATO15__POP65OVER_N1,,,
IT1:22_293_DF_DCIS_INDDEMOG1_1(1.0),A,ITD10,POP65OVER,2019,19.6,,,,TIPO_DATO15__POP65OVER_N1,,,
IT1:22_293_DF_DCIS_INDDEMOG1_1(1.0),A,ITD10,POP65OVER,2020,19.8,,,,TIPO_DATO15__POP65OVER_N1,,,
IT1:22_293_DF_DCIS_INDDEMOG1_1(1.0),A,ITD10,POP65OVER,2021,19.7,,,,TIPO_DATO15__POP65OVER_N1,,,
IT1:22_293_DF_DCIS_INDDEMOG1_1(1.0),A,ITD10,POP65OVER,2022,20,,,,TIPO_DATO15__POP65OVER_N1,,,
IT1:22_293_DF_DCIS_INDDEMOG1_1(1.0),A,ITD10,POP65OVER,2023,20.3,,,,TIPO_DATO15__POP65OVER_N1,,,
IT1:22_293_DF_DCIS_INDDEMOG1_1(1.0),A,ITD10,POP65OVER,2024,20.6,,,,TIPO_DATO15__POP65OVER_N1,,,
IT1:22_293_DF_DCIS_INDDEMOG1_1(1.0),A,ITD10,POP65OVER,2025,21,,,,TIPO_DATO15__POP65OVER_N1,,,
IT1:22_293_DF_DCIS_INDDEMOG1_1(1.0),A,ITD10,POP65OVER,2026,21.4,e,,,TIPO_DATO15__POP65OVER_N1,,,
IT1:22_293_DF_DCIS_INDDEMOG1_1(1.0),A,ITD2,POP65OVER,2015,20.8,,,,TIPO_DATO15__POP65OVER_N1,,,
IT1:22_293_DF_DCIS_INDDEMOG1_1(1.0),A,ITD2,POP65OVER,2016,21.1,,,,TIPO_DATO15__POP65OVER_N1,,,
IT1:22_293_DF_DCIS_INDDEMOG1_1(1.0),A,ITD2,POP65OVER,2017,21.5,,,,TIPO_DATO15__POP65OVER_N1,,,
IT1:22_293_DF_DCIS_INDDEMOG1_1(1.0),A,ITD2,POP65OVER,2018,21.8,,,,TIPO_DATO15__POP65OVER_N1,,,
IT1:22_293_DF_DCIS_INDDEMOG1_1(1.0),A,ITD2,POP65OVER,2019,22.1,,,,TIPO_DATO15__POP65OVER_N1,,,
IT1:22_293_DF_DCIS_INDDEMOG1_1(1.0),A,ITD2,POP65OVER,2020,22.4,,,,TIPO_DATO15__POP65OVER_N1,,,
IT1:22_293_DF_DCIS_INDDEMOG1_1(1.0),A,ITD2,POP65OVER,2021,22.5,,,,TIPO_DATO15__POP65OVER_N1,,,
IT1:22_293_DF_DCIS_INDDEMOG1_1(1.0),A,ITD2,POP65OVER,2022,22.9,,,,TIPO_DATO15__POP65OVER_N1,,,
IT1:22_293_DF_DCIS_INDDEMOG1_1(1.0),A,ITD2,POP65OVER,2023,23.2,,,,TIPO_DATO15__POP65OVER_N1,,,
IT1:22_293_DF_DCIS_INDDEMOG1_1(1.0),A,ITD2,POP65OVER,2024,23.6,,,,TIPO_DATO15__POP65OVER_N1,,,
IT1:22_293_DF_DCIS_INDDEMOG1_1(1.0),A,ITD2,POP65OVER,2025,24.1,,,,TIPO_DATO15__POP65OVER_N1,,,
IT1:22_293_DF_DCIS_INDDEMOG1_1(1.0),A,ITD2,POP65OVER,2026,24.5,e,,,TIPO_DATO15__POP65OVER_N1,,,
IT1:22_293_DF_DCIS_INDDEMOG1_1(1.0),A,ITD20,POP65OVER,2015,20.8,,,,TIPO_DATO15__POP65OVER_N1,,,
IT1:22_293_DF_DCIS_INDDEMOG1_1(1.0),A,ITD20,POP65OVER,2016,21.1,,,,TIPO_DATO15__POP65OVER_N1,,,
IT1:22_293_DF_DCIS_INDDEMOG1_1(1.0),A,ITD20,POP65OVER,2017,21.5,,,,TIPO_DATO15__POP65OVER_N1,,,
IT1:22_293_DF_DCIS_INDDEMOG1_1(1.0),A,ITD20,POP65OVER,2018,21.8,,,,TIPO_DATO15__POP65OVER_N1,,,
IT1:22_293_DF_DCIS_INDDEMOG1_1(1.0),A,ITD20,POP65OVER,2019,22.1,,,,TIPO_DATO15__POP65OVER_N1,,,
IT1:22_293_DF_DCIS_INDDEMOG1_1(1.0),A,ITD20,POP65OVER,2020,22.4,,,,TIPO_DATO15__POP65OVER_N1,,,
IT1:22_293_DF_DCIS_INDDEMOG1_1(1.0),A,ITD20,POP65OVER,2021,22.5,,,,TIPO_DATO15__POP65OVER_N1,,,
IT1:22_293_DF_DCIS_INDDEMOG1_1(1.0),A,ITD20,POP65OVER,2022,22.9,,,,TIPO_DATO15__POP65OVER_N1,,,
IT1:22_293_DF_DCIS_INDDEMOG1_1(1.0),A,ITD20,POP65OVER,2023,23.2,,,,TIPO_DATO15__POP65OVER_N1,,,
IT1:22_293_DF_DCIS_INDDEMOG1_1(1.0),A,ITD20,POP65OVER,2024,23.6,,,,TIPO_DATO15__POP65OVER_N1,,,
IT1:22_293_DF_DCIS_INDDEMOG1_1(1.0),A,ITD20,POP65OVER,2025,24.1,,,,TIPO_DATO15__POP65OVER_N1,,,
IT1:22_293_DF_DCIS_INDDEMOG1_1(1.0),A,ITD20,POP65OVER,2026,24.5,e,,,TIPO_DATO15__POP65OVER_N1,,,
IT1:22_293_DF_DCIS_INDDEMOG1_1(1.0),A,ITD3,POP65OVER,2015,21.7,,,,TIPO_DATO15__POP65OVER_N1,,,
IT1:22_293_DF_DCIS_INDDEMOG1_1(1.0),A,ITD3,POP65OVER,2016,22.1,,,,TIPO_DATO15__POP65OVER_N1,,,
IT1:22_293_DF_DCIS_INDDEMOG1_1(1.0),A,ITD3,POP65OVER,2017,22.4,,,,TIPO_DATO15__POP65OVER_N1,,,
IT1:22_293_DF_DCIS_INDDEMOG1_1(1.0),A,ITD3,POP65OVER,2018,22.7,,,,TIPO_DATO15__POP65OVER_N1,,,
IT1:22_293_DF_DCIS_INDDEMOG1_1(1.0),A,ITD3,POP65OVER,2019,22.9,,,,TIPO_DATO15__POP65OVER_N1,,,
IT1:22_293_DF_DCIS_INDDEMOG1_1(1.0),A,ITD3,POP65OVER,2020,23.3,,,,TIPO_DATO15__POP65OVER_N1,,,
IT1:22_293_DF_DCIS_INDDEMOG1_1(1.0),A,ITD3,POP65OVER,2021,23.5,,,,TIPO_DATO15__POP65OVER_N1,,,
IT1:22_293_DF_DCIS_INDDEMOG1_1(1.0),A,ITD3,POP65OVER,2022,23.8,,,,TIPO_DATO15__POP65OVER_N1,,,
IT1:22_293_DF_DCIS_INDDEMOG1_1(1.0),A,ITD3,POP65OVER,2023,24.1,,,,TIPO_DATO15__POP65OVER_N1,,,
IT1:22_293_DF_DCIS_INDDEMOG1_1(1.0),A,ITD3,POP65OVER,2024,24.5,,,,TIPO_DATO15__POP65OVER_N1,,,
IT1:22_293_DF_DCIS_INDDEMOG1_1(1.0),A,ITD3,POP65OVER,2025,24.9,,,,TIPO_DATO15__POP65OVER_N1,,,
IT1:22_293_DF_DCIS_INDDEMOG1_1(1.0),A,ITD3,POP65OVER,2026,25.3,e,,,TIPO_DATO15__POP65OVER_N1,,,
IT1:22_293_DF_DCIS_INDDEMOG1_1(1.0),A,ITD31,POP65OVER,2015,21.2,,,,TIPO_DATO15__POP65OVER_N1,,,
IT1:22_293_DF_DCIS_INDDEMOG1_1(1.0),A,ITD31,POP65OVER,2016,21.5,,,,TIPO_DATO15__POP65OVER_N1,,,
IT1:22_293_DF_DCIS_INDDEMOG1_1(1.0),A,ITD31,POP65OVER,2017,21.7,,,,TIPO_DATO15__POP65OVER_N1,,,
IT1:22_293_DF_DCIS_INDDEMOG1_1(1.0),A,ITD31,POP65OVER,2018,21.9,,,,TIPO_DATO15__POP65OVER_N1,,,
IT1:22_293_DF_DCIS_INDDEMOG1_1(1.0),A,ITD31,POP65OVER,2019,22.1,,,,TIPO_DATO15__POP65OVER_N1,,,
IT1:22_293_DF_DCIS_INDDEMOG1_1(1.0),A,ITD31,POP65OVER,2020,22.3,,,,TIPO_DATO15__POP65OVER_N1,,,
IT1:22_293_DF_DCIS_INDDEMOG1_1(1.0),A,ITD31,POP65OVER,2021,22.3,,,,TIPO_DATO15__POP65OVER_N1,,,
IT1:22_293_DF_DCIS_INDDEMOG1_1(1.0),A,ITD31,POP65OVER,2022,22.7,,,,TIPO_DATO15__POP65OVER_N1,,,
IT1:22_293_DF_DCIS_INDDEMOG1_1(1.0),A,ITD31,POP65OVER,2023,22.9,,,,TIPO_DATO15__POP65OVER_N1,,,
IT1:22_293_DF_DCIS_INDDEMOG1_1(1.0),A,ITD31,POP65OVER,2024,23.2,,,,TIPO_DATO15__POP65OVER_N1,,,
IT1:22_293_DF_DCIS_INDDEMOG1_1(1.0),A,ITD31,POP65OVER,2025,23.6,,,,TIPO_DATO15__POP65OVER_N1,,,
IT1:22_293_DF_DCIS_INDDEMOG1_1(1.0),A,ITD31,POP65OVER,2026,23.9,e,,,TIPO_DATO15__POP65OVER_N1,,,
IT1:22_293_DF_DCIS_INDDEMOG1_1(1.0),A,ITD32,POP65OVER,2015,20.6,,,,TIPO_DATO15__POP65OVER_N1,,,
IT1:22_293_DF_DCIS_INDDEMOG1_1(1.0),A,ITD32,POP65OVER,2016,21,,,,TIPO_DATO15__POP65OVER_N1,,,
IT1:22_293_DF_DCIS_INDDEMOG1_1(1.0),A,ITD32,POP65OVER,2017,21.3,,,,TIPO_DATO15__POP65OVER_N1,,,
IT1:22_293_DF_DCIS_INDDEMOG1_1(1.0),A,ITD32,POP65OVER,2018,21.6,,,,TIPO_DATO15__POP65OVER_N1,,,
IT1:22_293_DF_DCIS_INDDEMOG1_1(1.0),A,ITD32,POP65OVER,2019,21.9,,,,TIPO_DATO15__POP65OVER_N1,,,
IT1:22_293_DF_DCIS_INDDEMOG1_1(1.0),A,ITD32,POP65OVER,2020,22.3,,,,TIPO_DATO15__POP65OVER_N1,,,
IT1:22_293_DF_DCIS_INDDEMOG1_1(1.0),A,ITD32,POP65OVER,2021,22.5,,,,TIPO_DATO15__POP65OVER_N1,,,
IT1:22_293_DF_DCIS_INDDEMOG1_1(1.0),A,ITD32,POP65OVER,2022,22.8,,,,TIPO_DATO15__POP65OVER_N1,,,
IT1:22_293_DF_DCIS_INDDEMOG1_1(1.0),A,ITD32,POP65OVER,2023,23.1,,,,TIPO_DATO15__POP65OVER_N1,,,
IT1:22_293_DF_DCIS_INDDEMOG1_1(1.0),A,ITD32,POP65OVER,2024,23.4,,,,TIPO_DATO15__POP65OVER_N1,,,
IT1:22_293_DF_DCIS_INDDEMOG1_1(1.0),A,ITD32,POP65OVER,2025,23.9,,,,TIPO_DATO15__POP65OVER_N1,,,
IT1:22_293_DF_DCIS_INDDEMOG1_1(1.0),A,ITD32,POP65OVER,2026,24.4,e,,,TIPO_DATO15__POP65OVER_N1,,,
IT1:22_293_DF_DCIS_INDDEMOG1_1(1.0),A,ITD33,POP65OVER,2015,25,,,,TIPO_DATO15__POP65OVER_N1,,,
IT1:22_293_DF_DCIS_INDDEMOG1_1(1.0),A,ITD33,POP65OVER,2016,25.5,,,,TIPO_DATO15__POP65OVER_N1,,,
IT1:22_293_DF_DCIS_INDDEMOG1_1(1.0),A,ITD33,POP65OVER,2017,25.9,,,,TIPO_DATO15__POP65OVER_N1,,,
IT1:22_293_DF_DCIS_INDDEMOG1_1(1.0),A,ITD33,POP65OVER,2018,26.2,,,,TIPO_DATO15__POP65OVER_N1,,,
IT1:22_293_DF_DCIS_INDDEMOG1_1(1.0),A,ITD33,POP65OVER,2019,26.5,,,,TIPO_DATO15__POP65OVER_N1,,,
IT1:22_293_DF_DCIS_INDDEMOG1_1(1.0),A,ITD33,POP65OVER,2020,26.9,,,,TIPO_DATO15__POP65OVER_N1,,,
IT1:22_293_DF_DCIS_INDDEMOG1_1(1.0),A,ITD33,POP65OVER,2021,27.2,,,,TIPO_DATO15__POP65OVER_N1,,,
IT1:22_293_DF_DCIS_INDDEMOG1_1(1.0),A,ITD33,POP65OVER,2022,27.5,,,,TIPO_DATO15__POP65OVER_N1,,,
IT1:22_293_DF_DCIS_INDDEMOG1_1(1.0),A,ITD33,POP65OVER,2023,27.8,,,,TIPO_DATO15__POP65OVER_N1,,,
IT1:22_293_DF_DCIS_INDDEMOG1_1(1.0),A,ITD33,POP65OVER,2024,28.1,,,,TIPO_DATO15__POP65OVER_N1,,,
IT1:22_293_DF_DCIS_INDDEMOG1_1(1.0),A,ITD33,POP65OVER,2025,28.5,,,,TIPO_DATO15__POP65OVER_N1,,,
IT1:22_293_DF_DCIS_INDDEMOG1_1(1.0),A,ITD33,POP65OVER,2026,28.9,e,,,TIPO_DATO15__POP65OVER_N1,,,
IT1:22_293_DF_DCIS_INDDEMOG1_1(1.0),A,ITD34,POP65OVER,2015,20.7,,,,TIPO_DATO15__POP65OVER_N1,,,
IT1:22_293_DF_DCIS_INDDEMOG1_1(1.0),A,ITD34,POP65OVER,2016,21.1,,,,TIPO_DATO15__POP65OVER_N1,,,
IT1:22_293_DF_DCIS_INDDEMOG1_1(1.0),A,ITD34,POP65OVER,2017,21.4,,,,TIPO_DATO15__POP65OVER_N1,,,
IT1:22_293_DF_DCIS_INDDEMOG1_1(1.0),A,ITD34,POP65OVER,2018,21.7,,,,TIPO_DATO15__POP65OVER_N1,,,
IT1:22_293_DF_DCIS_INDDEMOG1_1(1.0),A,ITD34,POP65OVER,2019,22,,,,TIPO_DATO15__POP65OVER_N1,,,
IT1:22_293_DF_DCIS_INDDEMOG1_1(1.0),A,ITD34,POP65OVER,2020,22.4,,,,TIPO_DATO15__POP65OVER_N1,,,
IT1:22_293_DF_DCIS_INDDEMOG1_1(1.0),A,ITD34,POP65OVER,2021,22.7,,,,TIPO_DATO15__POP65OVER_N1,,,
IT1:22_293_DF_DCIS_INDDEMOG1_1(1.0),A,ITD34,POP65OVER,2022,23.1,,,,TIPO_DATO15__POP65OVER_N1,,,
IT1:22_293_DF_DCIS_INDDEMOG1_1(1.0),A,ITD34,POP65OVER,2023,23.4,,,,TIPO_DATO15__POP65OVER_N1,,,
IT1:22_293_DF_DCIS_INDDEMOG1_1(1.0),A,ITD34,POP65OVER,2024,23.8,,,,TIPO_DATO15__POP65OVER_N1,,,
IT1:22_293_DF_DCIS_INDDEMOG1_1(1.0),A,ITD34,POP65OVER,2025,24.3,,,,TIPO_DATO15__POP65OVER_N1,,,
IT1:22_293_DF_DCIS_INDDEMOG1_1(1.0),A,ITD34,POP65OVER,2026,24.8,e,,,TIPO_DATO15__POP65OVER_N1,,,
IT1:22_293_DF_DCIS_INDDEMOG1_1(1.0),A,ITD35,POP65OVER,2015,23.5,,,,TIPO_DATO15__POP65OVER_N1,,,
IT1:22_293_DF_DCIS_INDDEMOG1_1(1.0),A,ITD35,POP65OVER,2016,23.9,,,,TIPO_DATO15__POP65OVER_N1,,,
IT1:22_293_DF_DCIS_INDDEMOG1_1(1.0),A,ITD35,POP65OVER,2017,24.1,,,,TIPO_DATO15__POP65OVER_N1,,,
IT1:22_293_DF_DCIS_INDDEMOG1_1(1.0),A,ITD35,POP65OVER,2018,24.4,,,,TIPO_DATO15__POP65OVER_N1,,,
IT1:22_293_DF_DCIS_INDDEMOG1_1(1.0),A,ITD35,POP65OVER,2019,24.6,,,,TIPO_DATO15__POP65OVER_N1,,,
IT1:22_293_DF_DCIS_INDDEMOG1_1(1.0),A,ITD35,POP65OVER,2020,24.9,,,,TIPO_DATO15__POP65OVER_N1,,,
IT1:22_293_DF_DCIS_INDDEMOG1_1(1.0),A,ITD35,POP65OVER,2021,25.1,,,,TIPO_DATO15__POP65OVER_N1,,,
IT1:22_293_DF_DCIS_INDDEMOG1_1(1.0),A,ITD35,POP65OVER,2022,25.5,,,,TIPO_DATO15__POP65OVER_N1,,,
IT1:22_293_DF_DCIS_INDDEMOG1_1(1.0),A,ITD35,POP65OVER,2023,25.7,,,,TIPO_DATO15__POP65OVER_N1,,,
IT1:22_293_DF_DCIS_INDDEMOG1_1(1.0),A,ITD35,POP65OVER,2024,26,,,,TIPO_DATO15__POP65OVER_N1,,,
IT1:22_293_DF_DCIS_INDDEMOG1_1(1.0),A,ITD35,POP65OVER,2025,26.5,,,,TIPO_DATO15__POP65OVER_N1,,,
IT1:22_293_DF_DCIS_INDDEMOG1_1(1.0),A,ITD35,POP65OVER,2026,26.9,e,,,TIPO_DATO15__POP65OVER_N1,,,
IT1:22_293_DF_DCIS_INDDEMOG1_1(1.0),A,ITD36,POP65OVER,2015,21.3,,,,TIPO_DATO15__POP65OVER_N1,,,
IT1:22_293_DF_DCIS_INDDEMOG1_1(1.0),A,ITD36,POP65OVER,2016,21.7,,,,TIPO_DATO15__POP65OVER_N1,,,
IT1:22_293_DF_DCIS_INDDEMOG1_1(1.0),A,ITD36,POP65OVER,2017,22,,,,TIPO_DATO15__POP65OVER_N1,,,
IT1:22_293_DF_DCIS_INDDEMOG1_1(1.0),A,ITD36,POP65OVER,2018,22.3,,,,TIPO_DATO15__POP65OVER_N1,,,
IT1:22_293_DF_DCIS_INDDEMOG1_1(1.0),A,ITD36,POP65OVER,2019,22.5,,,,TIPO_DATO15__POP65OVER_N1,,,
IT1:22_293_DF_DCIS_INDDEMOG1_1(1.0),A,ITD36,POP65OVER,2020,22.9,,,,TIPO_DATO15__POP65OVER_N1,,,
IT1:22_293_DF_DCIS_INDDEMOG1_1(1.0),A,ITD36,POP65OVER,2021,23.1,,,,TIPO_DATO15__POP65OVER_N1,,,
IT1:22_293_DF_DCIS_INDDEMOG1_1(1.0),A,ITD36,POP65OVER,2022,23.5,,,,TIPO_DATO15__POP65OVER_N1,,,
IT1:22_293_DF_DCIS_INDDEMOG1_1(1.0),A,ITD36,POP65OVER,2023,23.8,,,,TIPO_DATO15__POP65OVER_N1,,,
IT1:22_293_DF_DCIS_INDDEMOG1_1(1.0),A,ITD36,POP65OVER,2024,24.2,,,,TIPO_DATO15__POP65OVER_N1,,,
IT1:22_293_DF_DCIS_INDDEMOG1_1(1.0),A,ITD36,POP65OVER,2025,24.6,,,,TIPO_DATO15__POP65OVER_N1,,,
IT1:22_293_DF_DCIS_INDDEMOG1_1(1.0),A,ITD36,POP65OVER,2026,25.1,e,,,TIPO_DATO15__POP65OVER_N1,,,
IT1:22_293_DF_DCIS_INDDEMOG1_1(1.0),A,ITD37,POP65OVER,2015,24.4,,,,TIPO_DATO15__POP65OVER_N1,,,
IT1:22_293_DF_DCIS_INDDEMOG1_1(1.0),A,ITD37,POP65OVER,2016,24.8,,,,TIPO_DATO15__POP65OVER_N1,,,
IT1:22_293_DF_DCIS_INDDEMOG1_1(1.0),A,ITD37,POP65OVER,2017,25.2,,,,TIPO_DATO15__POP65OVER_N1,,,
IT1:22_293_DF_DCIS_INDDEMOG1_1(1.0),A,ITD37,POP65OVER,2018,25.6,,,,TIPO_DATO15__POP65OVER_N1,,,
IT1:22_293_DF_DCIS_INDDEMOG1_1(1.0),A,ITD37,POP65OVER,2019,26,,,,TIPO_DATO15__POP65OVER_N1,,,
IT1:22_293_DF_DCIS_INDDEMOG1_1(1.0),A,ITD37,POP65OVER,2020,26.5,,,,TIPO_DATO15__POP65OVER_N1,,,
IT1:22_293_DF_DCIS_INDDEMOG1_1(1.0),A,ITD37,POP65OVER,2021,26.8,,,,TIPO_DATO15__POP65OVER_N1,,,
IT1:22_293_DF_DCIS_INDDEMOG1_1(1.0),A,ITD37,POP65OVER,2022,27.3,,,,TIPO_DATO15__POP65OVER_N1,,,
IT1:22_293_DF_DCIS_INDDEMOG1_1(1.0),A,ITD37,POP65OVER,2023,27.6,,,,TIPO_DATO15__POP65OVER_N1,,,
IT1:22_293_DF_DCIS_INDDEMOG1_1(1.0),A,ITD37,POP65OVER,2024,28.1,,,,TIPO_DATO15__POP65OVER_N1,,,
IT1:22_293_DF_DCIS_INDDEMOG1_1(1.0),A,ITD37,POP65OVER,2025,28.6,,,,TIPO_DATO15__POP65OVER_N1,,,
IT1:22_293_DF_DCIS_INDDEMOG1_1(1.0),A,ITD37,POP65OVER,2026,29,e,,,TIPO_DATO15__POP65OVER_N1,,,
IT1:22_293_DF_DCIS_INDDEMOG1_1(1.0),A,ITD4,POP65OVER,2015,25.2,,,,TIPO_DATO15__POP65OVER_N1,,,
IT1:22_293_DF_DCIS_INDDEMOG1_1(1.0),A,ITD4,POP65OVER,2016,25.5,,,,TIPO_DATO15__POP65OVER_N1,,,
IT1:22_293_DF_DCIS_INDDEMOG1_1(1.0),A,ITD4,POP65OVER,2017,25.8,,,,TIPO_DATO15__POP65OVER_N1,,,
IT1:22_293_DF_DCIS_INDDEMOG1_1(1.0),A,ITD4,POP65OVER,2018,26,,,,TIPO_DATO15__POP65OVER_N1,,,
IT1:22_293_DF_DCIS_INDDEMOG1_1(1.0),A,ITD4,POP65OVER,2019,26.2,,,,TIPO_DATO15__POP65OVER_N1,,,
IT1:22_293_DF_DCIS_INDDEMOG1_1(1.0),A,ITD4,POP65OVER,2020,26.5,,,,TIPO_DATO15__POP65OVER_N1,,,
IT1:22_293_DF_DCIS_INDDEMOG1_1(1.0),A,ITD4,POP65OVER,2021,26.6,,,,TIPO_DATO15__POP65OVER_N1,,,
IT1:22_293_DF_DCIS_INDDEMOG1_1(1.0),A,ITD4,POP65OVER,2022,26.8,,,,TIPO_DATO15__POP65OVER_N1,,,
IT1:22_293_DF_DCIS_INDDEMOG1_1(1.0),A,ITD4,POP65OVER,2023,26.9,,,,TIPO_DATO15__POP65OVER_N1,,,
IT1:22_293_DF_DCIS_INDDEMOG1_1(1.0),A,ITD4,POP65OVER,2024,27.2,,,,TIPO_DATO15__POP65OVER_N1,,,
IT1:22_293_DF_DCIS_INDDEMOG1_1(1.0),A,ITD4,POP65OVER,2025,27.5,,,,TIPO_DATO15__POP65OVER_N1,,,
IT1:22_293_DF_DCIS_INDDEMOG1_1(1.0),A,ITD4,POP65OVER,2026,27.9,e,,,TIPO_DATO15__POP65OVER_N1,,,
IT1:22_293_DF_DCIS_INDDEMOG1_1(1.0),A,ITD41,POP65OVER,2015,22.5,,,,TIPO_DATO15__POP65OVER_N1,,,
IT1:22_293_DF_DCIS_INDDEMOG1_1(1.0),A,ITD41,POP65OVER,2016,23,,,,TIPO_DATO15__POP65OVER_N1,,,
IT1:22_293_DF_DCIS_INDDEMOG1_1(1.0),A,ITD41,POP65OVER,2017,23.4,,,,TIPO_DATO15__POP65OVER_N1,,,
IT1:22_293_DF_DCIS_INDDEMOG1_1(1.0),A,ITD41,POP65OVER,2018,23.7,,,,TIPO_DATO15__POP65OVER_N1,,,
IT1:22_293_DF_DCIS_INDDEMOG1_1(1.0),A,ITD41,POP65OVER,2019,23.9,,,,TIPO_DATO15__POP65OVER_N1,,,
IT1:22_293_DF_DCIS_INDDEMOG1_1(1.0),A,ITD41,POP65OVER,2020,24.3,,,,TIPO_DATO15__POP65OVER_N1,,,
IT1:22_293_DF_DCIS_INDDEMOG1_1(1.0),A,ITD41,POP65OVER,2021,24.3,,,,TIPO_DATO15__POP65OVER_N1,,,
IT1:22_293_DF_DCIS_INDDEMOG1_1(1.0),A,ITD41,POP65OVER,2022,24.6,,,,TIPO_DATO15__POP65OVER_N1,,,
IT1:22_293_DF_DCIS_INDDEMOG1_1(1.0),A,ITD41,POP65OVER,2023,24.8,,,,TIPO_DATO15__POP65OVER_N1,,,
IT1:22_293_DF_DCIS_INDDEMOG1_1(1.0),A,ITD41,POP65OVER,2024,25.1,,,,TIPO_DATO15__POP65OVER_N1,,,
IT1:22_293_DF_DCIS_INDDEMOG1_1(1.0),A,ITD41,POP65OVER,2025,25.5,,,,TIPO_DATO15__POP65OVER_N1,,,
IT1:22_293_DF_DCIS_INDDEMOG1_1(1.0),A,ITD41,POP65OVER,2026,25.8,e,,,TIPO_DATO15__POP65OVER_N1,,,
IT1:22_293_DF_DCIS_INDDEMOG1_1(1.0),A,ITD42,POP65OVER,2015,25,,,,TIPO_DATO15__POP65OVER_N1,,,
IT1:22_293_DF_DCIS_INDDEMOG1_1(1.0),A,ITD42,POP65OVER,2016,25.4,,,,TIPO_DATO15__POP65OVER_N1,,,
IT1:22_293_DF_DCIS_INDDEMOG1_1(1.0),A,ITD42,POP65OVER,2017,25.7,,,,TIPO_DATO15__POP65OVER_N1,,,
IT1:22_293_DF_DCIS_INDDEMOG1_1(1.0),A,ITD42,POP65OVER,2018,26,,,,TIPO_DATO15__POP65OVER_N1,,,
IT1:22_293_DF_DCIS_INDDEMOG1_1(1.0),A,ITD42,POP65OVER,2019,26.4,,,,TIPO_DATO15__POP65OVER_N1,,,
IT1:22_293_DF_DCIS_INDDEMOG1_1(1.0),A,ITD42,POP65OVER,2020,26.8,,,,TIPO_DATO15__POP65OVER_N1,,,
IT1:22_293_DF_DCIS_INDDEMOG1_1(1.0),A,ITD42,POP65OVER,2021,27,,,,TIPO_DATO15__POP65OVER_N1,,,
IT1:22_293_DF_DCIS_INDDEMOG1_1(1.0),A,ITD42,POP65OVER,2022,27.2,,,,TIPO_DATO15__POP65OVER_N1,,,
IT1:22_293_DF_DCIS_INDDEMOG1_1(1.0),A,ITD42,POP65OVER,2023,27.4,,,,TIPO_DATO15__POP65OVER_N1,,,
IT1:22_293_DF_DCIS_INDDEMOG1_1(1.0),A,ITD42,POP65OVER,2024,27.8,,,,TIPO_DATO15__POP65OVER_N1,,,
IT1:22_293_DF_DCIS_INDDEMOG1_1(1.0),A,ITD42,POP65OVER,2025,28.2,,,,TIPO_DATO15__POP65OVER_N1,,,
IT1:22_293_DF_DCIS_INDDEMOG1_1(1.0),A,ITD42,POP65OVER,2026,28.6,e,,,TIPO_DATO15__POP65OVER_N1,,,
IT1:22_293_DF_DCIS_INDDEMOG1_1(1.0),A,ITD43,POP65OVER,2015,26.4,,,,TIPO_DATO15__POP65OVER_N1,,,
IT1:22_293_DF_DCIS_INDDEMOG1_1(1.0),A,ITD43,POP65OVER,2016,26.6,,,,TIPO_DATO15__POP65OVER_N1,,,
IT1:22_293_DF_DCIS_INDDEMOG1_1(1.0),A,ITD43,POP65OVER,2017,26.7,,,,TIPO_DATO15__POP65OVER_N1,,,
IT1:22_293_DF_DCIS_INDDEMOG1_1(1.0),A,ITD43,POP65OVER,2018,26.7,,,,TIPO_DATO15__POP65OVER_N1,,,
IT1:22_293_DF_DCIS_INDDEMOG1_1(1.0),A,ITD43,POP65OVER,2019,26.8,,,,TIPO_DATO15__POP65OVER_N1,,,
IT1:22_293_DF_DCIS_INDDEMOG1_1(1.0),A,ITD43,POP65OVER,2020,26.9,,,,TIPO_DATO15__POP65OVER_N1,,,
IT1:22_293_DF_DCIS_INDDEMOG1_1(1.0),A,ITD43,POP65OVER,2021,26.7,,,,TIPO_DATO15__POP65OVER_N1,,,
IT1:22_293_DF_DCIS_INDDEMOG1_1(1.0),A,ITD43,POP65OVER,2022,26.8,,,,TIPO_DATO15__POP65OVER_N1,,,
IT1:22_293_DF_DCIS_INDDEMOG1_1(1.0),A,ITD43,POP65OVER,2023,26.8,,,,TIPO_DATO15__POP65OVER_N1,,,
IT1:22_293_DF_DCIS_INDDEMOG1_1(1.0),A,ITD43,POP65OVER,2024,26.9,,,,TIPO_DATO15__POP65OVER_N1,,,
IT1:22_293_DF_DCIS_INDDEMOG1_1(1.0),A,ITD43,POP65OVER,2025,27.2,,,,TIPO_DATO15__POP65OVER_N1,,,
IT1:22_293_DF_DCIS_INDDEMOG1_1(1.0),A,ITD43,POP65OVER,2026,27.4,e,,,TIPO_DATO15__POP65OVER_N1,,,
IT1:22_293_DF_DCIS_INDDEMOG1_1(1.0),A,ITD44,POP65OVER,2015,28.6,,,,TIPO_DATO15__POP65OVER_N1,,,
IT1:22_293_DF_DCIS_INDDEMOG1_1(1.0),A,ITD44,POP65OVER,2016,28.8,,,,TIPO_DATO15__POP65OVER_N1,,,
IT1:22_293_DF_DCIS_INDDEMOG1_1(1.0),A,ITD44,POP65OVER,2017,28.8,,,,TIPO_DATO15__POP65OVER_N1,,,
IT1:22_293_DF_DCIS_INDDEMOG1_1(1.0),A,ITD44,POP65OVER,2018,28.7,,,,TIPO_DATO15__POP65OVER_N1,,,
IT1:22_293_DF_DCIS_INDDEMOG1_1(1.0),A,ITD44,POP65OVER,2019,28.8,,,,TIPO_DATO15__POP65OVER_N1,,,
IT1:22_293_DF_DCIS_INDDEMOG1_1(1.0),A,ITD44,POP65OVER,2020,28.9,,,,TIPO_DATO15__POP65OVER_N1,,,
IT1:22_293_DF_DCIS_INDDEMOG1_1(1.0),A,ITD44,POP65OVER,2021,28.6,,,,TIPO_DATO15__POP65OVER_N1,,,
IT1:22_293_DF_DCIS_INDDEMOG1_1(1.0),A,ITD44,POP65OVER,2022,28.7,,,,TIPO_DATO15__POP65OVER_N1,,,
IT1:22_293_DF_DCIS_INDDEMOG1_1(1.0),A,ITD44,POP65OVER,2023,28.7,,,,TIPO_DATO15__POP65OVER_N1,,,
IT1:22_293_DF_DCIS_INDDEMOG1_1(1.0),A,ITD44,POP65OVER,2024,28.8,,,,TIPO_DATO15__POP65OVER_N1,,,
IT1:22_293_DF_DCIS_INDDEMOG1_1(1.0),A,ITD44,POP65OVER,2025,28.9,,,,TIPO_DATO15__POP65OVER_N1,,,
IT1:22_293_DF_DCIS_INDDEMOG1_1(1.0),A,ITD44,POP65OVER,2026,29.1,e,,,TIPO_DATO15__POP65OVER_N1,,,
IT1:22_293_DF_DCIS_INDDEMOG1_1(1.0),A,ITD5,POP65OVER,2015,23.6,,,,TIPO_DATO15__POP65OVER_N1,,,
IT1:22_293_DF_DCIS_INDDEMOG1_1(1.0),A,ITD5,POP65OVER,2016,23.7,,,,TIPO_DATO15__POP65OVER_N1,,,
IT1:22_293_DF_DCIS_INDDEMOG1_1(1.0),A,ITD5,POP65OVER,2017,23.9,,,,TIPO_DATO15__POP65OVER_N1,,,
IT1:22_293_DF_DCIS_INDDEMOG1_1(1.0),A,ITD5,POP65OVER,2018,23.9,,,,TIPO_DATO15__POP65OVER_N1,,,
IT1:22_293_DF_DCIS_INDDEMOG1_1(1.0),A,ITD5,POP65OVER,2019,24,,,,TIPO_DATO15__POP65OVER_N1,,,
IT1:22_293_DF_DCIS_INDDEMOG1_1(1.0),A,ITD5,POP65OVER,2020,24.2,,,,TIPO_DATO15__POP65OVER_N1,,,
IT1:22_293_DF_DCIS_INDDEMOG1_1(1.0),A,ITD5,POP65OVER,2021,24.2,,,,TIPO_DATO15__POP65OVER_N1,,,
IT1:22_293_DF_DCIS_INDDEMOG1_1(1.0),A,ITD5,POP65OVER,2022,24.4,,,,TIPO_DATO15__POP65OVER_N1,,,
IT1:22_293_DF_DCIS_INDDEMOG1_1(1.0),A,ITD5,POP65OVER,2023,24.5,,,,TIPO_DATO15__POP65OVER_N1,,,
IT1:22_293_DF_DCIS_INDDEMOG1_1(1.0),A,ITD5,POP65OVER,2024,24.7,,,,TIPO_DATO15__POP65OVER_N1,,,
IT1:22_293_DF_DCIS_INDDEMOG1_1(1.0),A,ITD5,POP65OVER,2025,24.9,,,,TIPO_DATO15__POP65OVER_N1,,,
IT1:22_293_DF_DCIS_INDDEMOG1_1(1.0),A,ITD5,POP65OVER,2026,25.2,e,,,TIPO_DATO15__POP65OVER_N1,,,
IT1:22_293_DF_DCIS_INDDEMOG1_1(1.0),A,ITD51,POP65OVER,2015,24.8,,,,TIPO_DATO15__POP65OVER_N1,,,
IT1:22_293_DF_DCIS_INDDEMOG1_1(1.0),A,ITD51,POP65OVER,2016,24.9,,,,TIPO_DATO15__POP65OVER_N1,,,
IT1:22_293_DF_DCIS_INDDEMOG1_1(1.0),A,ITD51,POP65OVER,2017,24.9,,,,TIPO_DATO15__POP65OVER_N1,,,
IT1:22_293_DF_DCIS_INDDEMOG1_1(1.0),A,ITD51,POP65OVER,2018,24.9,,,,TIPO_DATO15__POP65OVER_N1,,,
IT1:22_293_DF_DCIS_INDDEMOG1_1(1.0),A,ITD51,POP65OVER,2019,24.9,,,,TIPO_DATO15__POP65OVER_N1,,,
IT1:22_293_DF_DCIS_INDDEMOG1_1(1.0),A,ITD51,POP65OVER,2020,25.1,,,,TIPO_DATO15__POP65OVER_N1,,,
IT1:22_293_DF_DCIS_INDDEMOG1_1(1.0),A,ITD51,POP65OVER,2021,24.9,,,,TIPO_DATO15__POP65OVER_N1,,,
IT1:22_293_DF_DCIS_INDDEMOG1_1(1.0),A,ITD51,POP65OVER,2022,25.1,,,,TIPO_DATO15__POP65OVER_N1,,,
IT1:22_293_DF_DCIS_INDDEMOG1_1(1.0),A,ITD51,POP65OVER,2023,25.2,,,,TIPO_DATO15__POP65OVER_N1,,,
IT1:22_293_DF_DCIS_INDDEMOG1_1(1.0),A,ITD51,POP65OVER,2024,25.3,,,,TIPO_DATO15__POP65OVER_N1,,,
IT1:22_293_DF_DCIS_INDDEMOG1_1(1.0),A,ITD51,POP65OVER,2025,25.5,,,,TIPO_DATO15__POP65OVER_N1,,,
IT1:22_293_DF_DCIS_INDDEMOG1_1(1.0),A,ITD51,POP65OVER,2026,25.7,e,,,TIPO_DATO15__POP65OVER_N1,,,
IT1:22_293_DF_DCIS_INDDEMOG1_1(1.0),A,ITD52,POP65OVER,2015,23.3,,,,TIPO_DATO15__POP65OVER_N1,,,
IT1:22_293_DF_DCIS_INDDEMOG1_1(1.0),A,ITD52,POP65OVER,2016,23.3,,,,TIPO_DATO15__POP65OVER_N1,,,
IT1:22_293_DF_DCIS_INDDEMOG1_1(1.0),A,ITD52,POP65OVER,2017,23.3,,,,TIPO_DATO15__POP65OVER_N1,,,
IT1:22_293_DF_DCIS_INDDEMOG1_1(1.0),A,ITD52,POP65OVER,2018,23.3,,,,TIPO_DATO15__POP65OVER_N1,,,
IT1:22_293_DF_DCIS_INDDEMOG1_1(1.0),A,ITD52,POP65OVER,2019,23.3,,,,TIPO_DATO15__POP65OVER_N1,,,
IT1:22_293_DF_DCIS_INDDEMOG1_1(1.0),A,ITD52,POP65OVER,2020,23.3,,,,TIPO_DATO15__POP65OVER_N1,,,
IT1:22_293_DF_DCIS_INDDEMOG1_1(1.0),A,ITD52,POP65OVER,2021,23.1,,,,TIPO_DATO15__POP65OVER_N1,,,
IT1:22_293_DF_DCIS_INDDEMOG1_1(1.0),A,ITD52,POP65OVER,2022,23.3,,,,TIPO_DATO15__POP65OVER_N1,,,
IT1:22_293_DF_DCIS_INDDEMOG1_1(1.0),A,ITD52,POP65OVER,2023,23.3,,,,TIPO_DATO15__POP65OVER_N1,,,
IT1:22_293_DF_DCIS_INDDEMOG1_1(1.0),A,ITD52,POP65OVER,2024,23.4,,,,TIPO_DATO15__POP65OVER_N1,,,
IT1:22_293_DF_DCIS_INDDEMOG1_1(1.0),A,ITD52,POP65OVER,2025,23.6,,,,TIPO_DATO15__POP65OVER_N1,,,
IT1:22_293_DF_DCIS_INDDEMOG1_1(1.0),A,ITD52,POP65OVER,2026,23.8,e,,,TIPO_DATO15__POP65OVER_N1,,,
IT1:22_293_DF_DCIS_INDDEMOG1_1(1.0),A,ITD53,POP65OVER,2015,21,,,,TIPO_DATO15__POP65OVER_N1,,,
IT1:22_293_DF_DCIS_INDDEMOG1_1(1.0),A,ITD53,POP65OVER,2016,21.1,,,,TIPO_DATO15__POP65OVER_N1,,,
IT1:22_293_DF_DCIS_INDDEMOG1_1(1.0),A,ITD53,POP65OVER,2017,21.3,,,,TIPO_DATO15__POP65OVER_N1,,,
IT1:22_293_DF_DCIS_INDDEMOG1_1(1.0),A,ITD53,POP65OVER,2018,21.4,,,,TIPO_DATO15__POP65OVER_N1,,,
IT1:22_293_DF_DCIS_INDDEMOG1_1(1.0),A,ITD53,POP65OVER,2019,21.6,,,,TIPO_DATO15__POP65OVER_N1,,,
IT1:22_293_DF_DCIS_INDDEMOG1_1(1.0),A,ITD53,POP65OVER,2020,21.9,,,,TIPO_DATO15__POP65OVER_N1,,,
IT1:22_293_DF_DCIS_INDDEMOG1_1(1.0),A,ITD53,POP65OVER,2021,22,,,,TIPO_DATO15__POP65OVER_N1,,,
IT1:22_293_DF_DCIS_INDDEMOG1_1(1.0),A,ITD53,POP65OVER,2022,22.2,,,,TIPO_DATO15__POP65OVER_N1,,,
IT1:22_293_DF_DCIS_INDDEMOG1_1(1.0),A,ITD53,POP65OVER,2023,22.4,,,,TIPO_DATO15__POP65OVER_N1,,,
IT1:22_293_DF_DCIS_INDDEMOG1_1(1.0),A,ITD53,POP65OVER,2024,22.6,,,,TIPO_DATO15__POP65OVER_N1,,,
IT1:22_293_DF_DCIS_INDDEMOG1_1(1.0),A,ITD53,POP65OVER,2025,22.9,,,,TIPO_DATO15__POP65OVER_N1,,,
IT1:22_293_DF_DCIS_INDDEMOG1_1(1.0),A,ITD53,POP65OVER,2026,23.3,e,,,TIPO_DATO15__POP65OVER_N1,,,
IT1:22_293_DF_DCIS_INDDEMOG1_1(1.0),A,ITD54,POP65OVER,2015,22.2,,,,TIPO_DATO15__POP65OVER_N1,,,
IT1:22_293_DF_DCIS_INDDEMOG1_1(1.0),A,ITD54,POP65OVER,2016,22.5,,,,TIPO_DATO15__POP65OVER_N1,,,
IT1:22_293_DF_DCIS_INDDEMOG1_1(1.0),A,ITD54,POP65OVER,2017,22.6,,,,TIPO_DATO15__POP65OVER_N1,,,
IT1:22_293_DF_DCIS_INDDEMOG1_1(1.0),A,ITD54,POP65OVER,2018,22.8,,,,TIPO_DATO15__POP65OVER_N1,,,
IT1:22_293_DF_DCIS_INDDEMOG1_1(1.0),A,ITD54,POP65OVER,2019,22.8,,,,TIPO_DATO15__POP65OVER_N1,,,
IT1:22_293_DF_DCIS_INDDEMOG1_1(1.0),A,ITD54,POP65OVER,2020,23.1,,,,TIPO_DATO15__POP65OVER_N1,,,
IT1:22_293_DF_DCIS_INDDEMOG1_1(1.0),A,ITD54,POP65OVER,2021,23.1,,,,TIPO_DATO15__POP65OVER_N1,,,
IT1:22_293_DF_DCIS_INDDEMOG1_1(1.0),A,ITD54,POP65OVER,2022,23.4,,,,TIPO_DATO15__POP65OVER_N1,,,
IT1:22_293_DF_DCIS_INDDEMOG1_1(1.0),A,ITD54,POP65OVER,2023,23.5,,,,TIPO_DATO15__POP65OVER_N1,,,
IT1:22_293_DF_DCIS_INDDEMOG1_1(1.0),A,ITD54,POP65OVER,2024,23.7,,,,TIPO_DATO15__POP65OVER_N1,,,
IT1:22_293_DF_DCIS_INDDEMOG1_1(1.0),A,ITD54,POP65OVER,2025,23.9,,,,TIPO_DATO15__POP65OVER_N1,,,
IT1:22_293_DF_DCIS_INDDEMOG1_1(1.0),A,ITD54,POP65OVER,2026,24.2,e,,,TIPO_DATO15__POP65OVER_N1,,,
IT1:22_293_DF_DCIS_INDDEMOG1_1(1.0),A,ITD55,POP65OVER,2015,24.5,,,,TIPO_DATO15__POP65OVER_N1,,,
IT1:22_293_DF_DCIS_INDDEMOG1_1(1.0),A,ITD55,POP65OVER,2016,24.5,,,,TIPO_DATO15__POP65OVER_N1,,,
IT1:22_293_DF_DCIS_INDDEMOG1_1(1.0),A,ITD55,POP65OVER,2017,24.5,,,,TIPO_DATO15__POP65OVER_N1,,,
IT1:22_293_DF_DCIS_INDDEMOG1_1(1.0),A,ITD55,POP65OVER,2018,24.5,,,,TIPO_DATO15__POP65OVER_N1,,,
IT1:22_293_DF_DCIS_INDDEMOG1_1(1.0),A,ITD55,POP65OVER,2019,24.5,,,,TIPO_DATO15__POP65OVER_N1,,,
IT1:22_293_DF_DCIS_INDDEMOG1_1(1.0),A,ITD55,POP65OVER,2020,24.5,,,,TIPO_DATO15__POP65OVER_N1,,,
IT1:22_293_DF_DCIS_INDDEMOG1_1(1.0),A,ITD55,POP65OVER,2021,24.4,,,,TIPO_DATO15__POP65OVER_N1,,,
IT1:22_293_DF_DCIS_INDDEMOG1_1(1.0),A,ITD55,POP65OVER,2022,24.6,,,,TIPO_DATO15__POP65OVER_N1,,,
IT1:22_293_DF_DCIS_INDDEMOG1_1(1.0),A,ITD55,POP65OVER,2023,24.6,,,,TIPO_DATO15__POP65OVER_N1,,,
IT1:22_293_DF_DCIS_INDDEMOG1_1(1.0),A,ITD55,POP65OVER,2024,24.8,,,,TIPO_DATO15__POP65OVER_N1,,,
IT1:22_293_DF_DCIS_INDDEMOG1_1(1.0),A,ITD55,POP65OVER,2025,25,,,,TIPO_DATO15__POP65OVER_N1,,,
IT1:22_293_DF_DCIS_INDDEMOG1_1(1.0),A,ITD55,POP65OVER,2026,25.2,e,,,TIPO_DATO15__POP65OVER_N1,,,
IT1:22_293_DF_DCIS_INDDEMOG1_1(1.0),A,ITD56,POP65OVER,2015,27.2,,,,TIPO_DATO15__POP65OVER_N1,,,
IT1:22_293_DF_DCIS_INDDEMOG1_1(1.0),A,ITD56,POP65OVER,2016,27.4,,,,TIPO_DATO15__POP65OVER_N1,,,
IT1:22_293_DF_DCIS_INDDEMOG1_1(1.0),A,ITD56,POP65OVER,2017,27.7,,,,TIPO_DATO15__POP65OVER_N1,,,
IT1:22_293_DF_DCIS_INDDEMOG1_1(1.0),A,ITD56,POP65OVER,2018,27.8,,,,TIPO_DATO15__POP65OVER_N1,,,
IT1:22_293_DF_DCIS_INDDEMOG1_1(1.0),A,ITD56,POP65OVER,2019,28,,,,TIPO_DATO15__POP65OVER_N1,,,
IT1:22_293_DF_DCIS_INDDEMOG1_1(1.0),A,ITD56,POP65OVER,2020,28.3,,,,TIPO_DATO15__POP65OVER_N1,,,
IT1:22_293_DF_DCIS_INDDEMOG1_1(1.0),A,ITD56,POP65OVER,2021,28.3,,,,TIPO_DATO15__POP65OVER_N1,,,
IT1:22_293_DF_DCIS_INDDEMOG1_1(1.0),A,ITD56,POP65OVER,2022,28.6,,,,TIPO_DATO15__POP65OVER_N1,,,
IT1:22_293_DF_DCIS_INDDEMOG1_1(1.0),A,ITD56,POP65OVER,2023,28.7,,,,TIPO_DATO15__POP65OVER_N1,,,
IT1:22_293_DF_DCIS_INDDEMOG1_1(1.0),A,ITD56,POP65OVER,2024,28.9,,,,TIPO_DATO15__POP65OVER_N1,,,
IT1:22_293_DF_DCIS_INDDEMOG1_1(1.0),A,ITD56,POP65OVER,2025,29.1,,,,TIPO_DATO15__POP65OVER_N1,,,
IT1:22_293_DF_DCIS_INDDEMOG1_1(1.0),A,ITD56,POP65OVER,2026,29.4,e,,,TIPO_DATO15__POP65OVER_N1,,,
IT1:22_293_DF_DCIS_INDDEMOG1_1(1.0),A,ITD57,POP65OVER,2015,24.9,,,,TIPO_DATO15__POP65OVER_N1,,,
IT1:22_293_DF_DCIS_INDDEMOG1_1(1.0),A,ITD57,POP65OVER,2016,25.1,,,,TIPO_DATO15__POP65OVER_N1,,,
IT1:22_293_DF_DCIS_INDDEMOG1_1(1.0),A,ITD57,POP65OVER,2017,25.2,,,,TIPO_DATO15__POP65OVER_N1,,,
IT1:22_293_DF_DCIS_INDDEMOG1_1(1.0),A,ITD57,POP65OVER,2018,25.3,,,,TIPO_DATO15__POP65OVER_N1,,,
IT1:22_293_DF_DCIS_INDDEMOG1_1(1.0),A,ITD57,POP65OVER,2019,25.5,,,,TIPO_DATO15__POP65OVER_N1,,,
IT1:22_293_DF_DCIS_INDDEMOG1_1(1.0),A,ITD57,POP65OVER,2020,25.6,,,,TIPO_DATO15__POP65OVER_N1,,,
IT1:22_293_DF_DCIS_INDDEMOG1_1(1.0),A,ITD57,POP65OVER,2021,25.6,,,,TIPO_DATO15__POP65OVER_N1,,,
IT1:22_293_DF_DCIS_INDDEMOG1_1(1.0),A,ITD57,POP65OVER,2022,25.8,,,,TIPO_DATO15__POP65OVER_N1,,,
IT1:22_293_DF_DCIS_INDDEMOG1_1(1.0),A,ITD57,POP65OVER,2023,25.9,,,,TIPO_DATO15__POP65OVER_N1,,,
IT1:22_293_DF_DCIS_INDDEMOG1_1(1.0),A,ITD57,POP65OVER,2024,26,,,,TIPO_DATO15__POP65OVER_N1,,,
IT1:22_293_DF_DCIS_INDDEMOG1_1(1.0),A,ITD57,POP65OVER,2025,26.3,,,,TIPO_DATO15__POP65OVER_N1,,,
IT1:22_293_DF_DCIS_INDDEMOG1_1(1.0),A,ITD57,POP65OVER,2026,26.6,e,,,TIPO_DATO15__POP65OVER_N1,,,
IT1:22_293_DF_DCIS_INDDEMOG1_1(1.0),A,ITD58,POP65OVER,2015,23.5,,,,TIPO_DATO15__POP65OVER_N1,,,
IT1:22_293_DF_DCIS_INDDEMOG1_1(1.0),A,ITD58,POP65OVER,2016,23.8,,,,TIPO_DATO15__POP65OVER_N1,,,
IT1:22_293_DF_DCIS_INDDEMOG1_1(1.0),A,ITD58,POP65OVER,2017,24.1,,,,TIPO_DATO15__POP65OVER_N1,,,
IT1:22_293_DF_DCIS_INDDEMOG1_1(1.0),A,ITD58,POP65OVER,2018,24.2,,,,TIPO_DATO15__POP65OVER_N1,,,
IT1:22_293_DF_DCIS_INDDEMOG1_1(1.0),A,ITD58,POP65OVER,2019,24.4,,,,TIPO_DATO15__POP65OVER_N1,,,
IT1:22_293_DF_DCIS_INDDEMOG1_1(1.0),A,ITD58,POP65OVER,2020,24.5,,,,TIPO_DATO15__POP65OVER_N1,,,
IT1:22_293_DF_DCIS_INDDEMOG1_1(1.0),A,ITD58,POP65OVER,2021,24.7,,,,TIPO_DATO15__POP65OVER_N1,,,
IT1:22_293_DF_DCIS_INDDEMOG1_1(1.0),A,ITD58,POP65OVER,2022,24.8,,,,TIPO_DATO15__POP65OVER_N1,,,
IT1:22_293_DF_DCIS_INDDEMOG1_1(1.0),A,ITD58,POP65OVER,2023,25,,,,TIPO_DATO15__POP65OVER_N1,,,
IT1:22_293_DF_DCIS_INDDEMOG1_1(1.0),A,ITD58,POP65OVER,2024,25.2,,,,TIPO_DATO15__POP65OVER_N1,,,
IT1:22_293_DF_DCIS_INDDEMOG1_1(1.0),A,ITD58,POP65OVER,2025,25.5,,,,TIPO_DATO15__POP65OVER_N1,,,
IT1:22_293_DF_DCIS_INDDEMOG1_1(1.0),A,ITD58,POP65OVER,2026,25.8,e,,,TIPO_DATO15__POP65OVER_N1,,,
IT1:22_293_DF_DCIS_INDDEMOG1_1(1.0),A,ITD59,POP65OVER,2015,22.1,,,,TIPO_DATO15__POP65OVER_N1,,,
IT1:22_293_DF_DCIS_INDDEMOG1_1(1.0),A,ITD59,POP65OVER,2016,22.3,,,,TIPO_DATO15__POP65OVER_N1,,,
IT1:22_293_DF_DCIS_INDDEMOG1_1(1.0),A,ITD59,POP65OVER,2017,22.6,,,,TIPO_DATO15__POP65OVER_N1,,,
IT1:22_293_DF_DCIS_INDDEMOG1_1(1.0),A,ITD59,POP65OVER,2018,22.8,,,,TIPO_DATO15__POP65OVER_N1,,,
IT1:22_293_DF_DCIS_INDDEMOG1_1(1.0),A,ITD59,POP65OVER,2019,23,,,,TIPO_DATO15__POP65OVER_N1,,,
IT1:22_293_DF_DCIS_INDDEMOG1_1(1.0),A,ITD59,POP65OVER,2020,23.3,,,,TIPO_DATO15__POP65OVER_N1,,,
IT1:22_293_DF_DCIS_INDDEMOG1_1(1.0),A,ITD59,POP65OVER,2021,23.3,,,,TIPO_DATO15__POP65OVER_N1,,,
IT1:22_293_DF_DCIS_INDDEMOG1_1(1.0),A,ITD59,POP65OVER,2022,23.7,,,,TIPO_DATO15__POP65OVER_N1,,,
IT1:22_293_DF_DCIS_INDDEMOG1_1(1.0),A,ITD59,POP65OVER,2023,24,,,,TIPO_DATO15__POP65OVER_N1,,,
IT1:22_293_DF_DCIS_INDDEMOG1_1(1.0),A,ITD59,POP65OVER,2024,24.4,,,,TIPO_DATO15__POP65OVER_N1,,,
IT1:22_293_DF_DCIS_INDDEMOG1_1(1.0),A,ITD59,POP65OVER,2025,24.8,,,,TIPO_DATO15__POP65OVER_N1,,,
IT1:22_293_DF_DCIS_INDDEMOG1_1(1.0),A,ITD59,POP65OVER,2026,25.3,e,,,TIPO_DATO15__POP65OVER_N1,,,
IT1:22_293_DF_DCIS_INDDEMOG1_1(1.0),A,ITDA,POP65OVER,2015,19.9,,,,TIPO_DATO15__POP65OVER_N1,,,
IT1:22_293_DF_DCIS_INDDEMOG1_1(1.0),A,ITDA,POP65OVER,2016,20.2,,,,TIPO_DATO15__POP65OVER_N1,,,
IT1:22_293_DF_DCIS_INDDEMOG1_1(1.0),A,ITDA,POP65OVER,2017,20.4,,,,TIPO_DATO15__POP65OVER_N1,,,
IT1:22_293_DF_DCIS_INDDEMOG1_1(1.0),A,ITDA,POP65OVER,2018,20.6,,,,TIPO_DATO15__POP65OVER_N1,,,
IT1:22_293_DF_DCIS_INDDEMOG1_1(1.0),A,ITDA,POP65OVER,2019,20.9,,,,TIPO_DATO15__POP65OVER_N1,,,
IT1:22_293_DF_DCIS_INDDEMOG1_1(1.0),A,ITDA,POP65OVER,2020,21.1,,,,TIPO_DATO15__POP65OVER_N1,,,
IT1:22_293_DF_DCIS_INDDEMOG1_1(1.0),A,ITDA,POP65OVER,2021,21.1,,,,TIPO_DATO15__POP65OVER_N1,,,
IT1:22_293_DF_DCIS_INDDEMOG1_1(1.0),A,ITDA,POP65OVER,2022,21.5,,,,TIPO_DATO15__POP65OVER_N1,,,
IT1:22_293_DF_DCIS_INDDEMOG1_1(1.0),A,ITDA,POP65OVER,2023,21.8,,,,TIPO_DATO15__POP65OVER_N1,,,
IT1:22_293_DF_DCIS_INDDEMOG1_1(1.0),A,ITDA,POP65OVER,2024,22.1,,,,TIPO_DATO15__POP65OVER_N1,,,
IT1:22_293_DF_DCIS_INDDEMOG1_1(1.0),A,ITDA,POP65OVER,2025,22.5,,,,TIPO_DATO15__POP65OVER_N1,,,
IT1:22_293_DF_DCIS_INDDEMOG1_1(1.0),A,ITDA,POP65OVER,2026,23,e,,,TIPO_DATO15__POP65OVER_N1,,,
IT1:22_293_DF_DCIS_INDDEMOG1_1(1.0),A,ITE,POP65OVER,2015,22.8,,,,TIPO_DATO15__POP65OVER_N1,,,
IT1:22_293_DF_DCIS_INDDEMOG1_1(1.0),A,ITE,POP65OVER,2016,23,,,,TIPO_DATO15__POP65OVER_N1,,,
IT1:22_293_DF_DCIS_INDDEMOG1_1(1.0),A,ITE,POP65OVER,2017,23.2,,,,TIPO_DATO15__POP65OVER_N1,,,
IT1:22_293_DF_DCIS_INDDEMOG1_1(1.0),A,ITE,POP65OVER,2018,23.4,,,,TIPO_DATO15__POP65OVER_N1,,,
IT1:22_293_DF_DCIS_INDDEMOG1_1(1.0),A,ITE,POP65OVER,2019,23.6,,,,TIPO_DATO15__POP65OVER_N1,,,
IT1:22_293_DF_DCIS_INDDEMOG1_1(1.0),A,ITE,POP65OVER,2020,24,,,,TIPO_DATO15__POP65OVER_N1,,,
IT1:22_293_DF_DCIS_INDDEMOG1_1(1.0),A,ITE,POP65OVER,2021,24.2,,,,TIPO_DATO15__POP65OVER_N1,,,
IT1:22_293_DF_DCIS_INDDEMOG1_1(1.0),A,ITE,POP65OVER,2022,24.5,,,,TIPO_DATO15__POP65OVER_N1,,,
IT1:22_293_DF_DCIS_INDDEMOG1_1(1.0),A,ITE,POP65OVER,2023,24.7,,,,TIPO_DATO15__POP65OVER_N1,,,
IT1:22_293_DF_DCIS_INDDEMOG1_1(1.0),A,ITE,POP65OVER,2024,25,,,,TIPO_DATO15__POP65OVER_N1,,,
IT1:22_293_DF_DCIS_INDDEMOG1_1(1.0),A,ITE,POP65OVER,2025,25.3,,,,TIPO_DATO15__POP65OVER_N1,,,
IT1:22_293_DF_DCIS_INDDEMOG1_1(1.0),A,ITE,POP65OVER,2026,25.7,e,,,TIPO_DATO15__POP65OVER_N1,,,
IT1:22_293_DF_DCIS_INDDEMOG1_1(1.0),A,ITE1,POP65OVER,2015,24.9,,,,TIPO_DATO15__POP65OVER_N1,,,
IT1:22_293_DF_DCIS_INDDEMOG1_1(1.0),A,ITE1,POP65OVER,2016,25,,,,TIPO_DATO15__POP65OVER_N1,,,
IT1:22_293_DF_DCIS_INDDEMOG1_1(1.0),A,ITE1,POP65OVER,2017,25.2,,,,TIPO_DATO15__POP65OVER_N1,,,
IT1:22_293_DF_DCIS_INDDEMOG1_1(1.0),A,ITE1,POP65OVER,2018,25.3,,,,TIPO_DATO15__POP65OVER_N1,,,
IT1:22_293_DF_DCIS_INDDEMOG1_1(1.0),A,ITE1,POP65OVER,2019,25.5,,,,TIPO_DATO15__POP65OVER_N1,,,
IT1:22_293_DF_DCIS_INDDEMOG1_1(1.0),A,ITE1,POP65OVER,2020,25.7,,,,TIPO_DATO15__POP65OVER_N1,,,
IT1:22_293_DF_DCIS_INDDEMOG1_1(1.0),A,ITE1,POP65OVER,2021,25.8,,,,TIPO_DATO15__POP65OVER_N1,,,
IT1:22_293_DF_DCIS_INDDEMOG1_1(1.0),A,ITE1,POP65OVER,2022,26.1,,,,TIPO_DATO15__POP65OVER_N1,,,
IT1:22_293_DF_DCIS_INDDEMOG1_1(1.0),A,ITE1,POP65OVER,2023,26.2,,,,TIPO_DATO15__POP65OVER_N1,,,
IT1:22_293_DF_DCIS_INDDEMOG1_1(1.0),A,ITE1,POP65OVER,2024,26.5,,,,TIPO_DATO15__POP65OVER_N1,,,
IT1:22_293_DF_DCIS_INDDEMOG1_1(1.0),A,ITE1,POP65OVER,2025,26.8,,,,TIPO_DATO15__POP65OVER_N1,,,
IT1:22_293_DF_DCIS_INDDEMOG1_1(1.0),A,ITE1,POP65OVER,2026,27.1,e,,,TIPO_DATO15__POP65OVER_N1,,,
IT1:22_293_DF_DCIS_INDDEMOG1_1(1.0),A,ITE11,POP65OVER,2015,25.9,,,,TIPO_DATO15__POP65OVER_N1,,,
IT1:22_293_DF_DCIS_INDDEMOG1_1(1.0),A,ITE11,POP65OVER,2016,26.2,,,,TIPO_DATO15__POP65OVER_N1,,,
IT1:22_293_DF_DCIS_INDDEMOG1_1(1.0),A,ITE11,POP65OVER,2017,26.4,,,,TIPO_DATO15__POP65OVER_N1,,,
IT1:22_293_DF_DCIS_INDDEMOG1_1(1.0),A,ITE11,POP65OVER,2018,26.6,,,,TIPO_DATO15__POP65OVER_N1,,,
IT1:22_293_DF_DCIS_INDDEMOG1_1(1.0),A,ITE11,POP65OVER,2019,26.9,,,,TIPO_DATO15__POP65OVER_N1,,,
IT1:22_293_DF_DCIS_INDDEMOG1_1(1.0),A,ITE11,POP65OVER,2020,27.3,,,,TIPO_DATO15__POP65OVER_N1,,,
IT1:22_293_DF_DCIS_INDDEMOG1_1(1.0),A,ITE11,POP65OVER,2021,27.6,,,,TIPO_DATO15__POP65OVER_N1,,,
IT1:22_293_DF_DCIS_INDDEMOG1_1(1.0),A,ITE11,POP65OVER,2022,28.1,,,,TIPO_DATO15__POP65OVER_N1,,,
IT1:22_293_DF_DCIS_INDDEMOG1_1(1.0),A,ITE11,POP65OVER,2023,28.3,,,,TIPO_DATO15__POP65OVER_N1,,,
IT1:22_293_DF_DCIS_INDDEMOG1_1(1.0),A,ITE11,POP65OVER,2024,28.8,,,,TIPO_DATO15__POP65OVER_N1,,,
IT1:22_293_DF_DCIS_INDDEMOG1_1(1.0),A,ITE11,POP65OVER,2025,29.2,,,,TIPO_DATO15__POP65OVER_N1,,,
IT1:22_293_DF_DCIS_INDDEMOG1_1(1.0),A,ITE11,POP65OVER,2026,29.5,e,,,TIPO_DATO15__POP65OVER_N1,,,
IT1:22_293_DF_DCIS_INDDEMOG1_1(1.0),A,ITE12,POP65OVER,2015,24.9,,,,TIPO_DATO15__POP65OVER_N1,,,
IT1:22_293_DF_DCIS_INDDEMOG1_1(1.0),A,ITE12,POP65OVER,2016,25.1,,,,TIPO_DATO15__POP65OVER_N1,,,
IT1:22_293_DF_DCIS_INDDEMOG1_1(1.0),A,ITE12,POP65OVER,2017,25.3,,,,TIPO_DATO15__POP65OVER_N1,,,
IT1:22_293_DF_DCIS_INDDEMOG1_1(1.0),A,ITE12,POP65OVER,2018,25.5,,,,TIPO_DATO15__POP65OVER_N1,,,
IT1:22_293_DF_DCIS_INDDEMOG1_1(1.0),A,ITE12,POP65OVER,2019,25.7,,,,TIPO_DATO15__POP65OVER_N1,,,
IT1:22_293_DF_DCIS_INDDEMOG1_1(1.0),A,ITE12,POP65OVER,2020,25.9,,,,TIPO_DATO15__POP65OVER_N1,,,
IT1:22_293_DF_DCIS_INDDEMOG1_1(1.0),A,ITE12,POP65OVER,2021,26.1,,,,TIPO_DATO15__POP65OVER_N1,,,
IT1:22_293_DF_DCIS_INDDEMOG1_1(1.0),A,ITE12,POP65OVER,2022,26.3,,,,TIPO_DATO15__POP65OVER_N1,,,
IT1:22_293_DF_DCIS_INDDEMOG1_1(1.0),A,ITE12,POP65OVER,2023,26.5,,,,TIPO_DATO15__POP65OVER_N1,,,
IT1:22_293_DF_DCIS_INDDEMOG1_1(1.0),A,ITE12,POP65OVER,2024,26.8,,,,TIPO_DATO15__POP65OVER_N1,,,
IT1:22_293_DF_DCIS_INDDEMOG1_1(1.0),A,ITE12,POP65OVER,2025,27.2,,,,TIPO_DATO15__POP65OVER_N1,,,
IT1:22_293_DF_DCIS_INDDEMOG1_1(1.0),A,ITE12,POP65OVER,2026,27.7,e,,,TIPO_DATO15__POP65OVER_N1,,,
IT1:22_293_DF_DCIS_INDDEMOG1_1(1.0),A,ITE13,POP65OVER,2015,24.5,,,,TIPO_DATO15__POP65OVER_N1,,,
IT1:22_293_DF_DCIS_INDDEMOG1_1(1.0),A,ITE13,POP65OVER,2016,24.8,,,,TIPO_DATO15__POP65OVER_N1,,,
IT1:22_293_DF_DCIS_INDDEMOG1_1(1.0),A,ITE13,POP65OVER,2017,25,,,,TIPO_DATO15__POP65OVER_N1,,,
IT1:22_293_DF_DCIS_INDDEMOG1_1(1.0),A,ITE13,POP65OVER,2018,25.1,,,,TIPO_DATO15__POP65OVER_N1,,,
IT1:22_293_DF_DCIS_INDDEMOG1_1(1.0),A,ITE13,POP65OVER,2019,25.3,,,,TIPO_DATO15__POP65OVER_N1,,,
IT1:22_293_DF_DCIS_INDDEMOG1_1(1.0),A,ITE13,POP65OVER,2020,25.5,,,,TIPO_DATO15__POP65OVER_N1,,,
IT1:22_293_DF_DCIS_INDDEMOG1_1(1.0),A,ITE13,POP65OVER,2021,25.8,,,,TIPO_DATO15__POP65OVER_N1,,,
IT1:22_293_DF_DCIS_INDDEMOG1_1(1.0),A,ITE13,POP65OVER,2022,25.9,,,,TIPO_DATO15__POP65OVER_N1,,,
IT1:22_293_DF_DCIS_INDDEMOG1_1(1.0),A,ITE13,POP65OVER,2023,26.1,,,,TIPO_DATO15__POP65OVER_N1,,,
IT1:22_293_DF_DCIS_INDDEMOG1_1(1.0),A,ITE13,POP65OVER,2024,26.3,,,,TIPO_DATO15__POP65OVER_N1,,,
IT1:22_293_DF_DCIS_INDDEMOG1_1(1.0),A,ITE13,POP65OVER,2025,26.7,,,,TIPO_DATO15__POP65OVER_N1,,,
IT1:22_293_DF_DCIS_INDDEMOG1_1(1.0),A,ITE13,POP65OVER,2026,27,e,,,TIPO_DATO15__POP65OVER_N1,,,
IT1:22_293_DF_DCIS_INDDEMOG1_1(1.0),A,ITE14,POP65OVER,2015,24.9,,,,TIPO_DATO15__POP65OVER_N1,,,
IT1:22_293_DF_DCIS_INDDEMOG1_1(1.0),A,ITE14,POP65OVER,2016,25,,,,TIPO_DATO15__POP65OVER_N1,,,
IT1:22_293_DF_DCIS_INDDEMOG1_1(1.0),A,ITE14,POP65OVER,2017,25.1,,,,TIPO_DATO15__POP65OVER_N1,,,
IT1:22_293_DF_DCIS_INDDEMOG1_1(1.0),A,ITE14,POP65OVER,2018,25.2,,,,TIPO_DATO15__POP65OVER_N1,,,
IT1:22_293_DF_DCIS_INDDEMOG1_1(1.0),A,ITE14,POP65OVER,2019,25.4,,,,TIPO_DATO15__POP65OVER_N1,,,
IT1:22_293_DF_DCIS_INDDEMOG1_1(1.0),A,ITE14,POP65OVER,2020,25.6,,,,TIPO_DATO15__POP65OVER_N1,,,
IT1:22_293_DF_DCIS_INDDEMOG1_1(1.0),A,ITE14,POP65OVER,2021,25.5,,,,TIPO_DATO15__POP65OVER_N1,,,
IT1:22_293_DF_DCIS_INDDEMOG1_1(1.0),A,ITE14,POP65OVER,2022,25.8,,,,TIPO_DATO15__POP65OVER_N1,,,
IT1:22_293_DF_DCIS_INDDEMOG1_1(1.0),A,ITE14,POP65OVER,2023,25.9,,,,TIPO_DATO15__POP65OVER_N1,,,
IT1:22_293_DF_DCIS_INDDEMOG1_1(1.0),A,ITE14,POP65OVER,2024,26.1,,,,TIPO_DATO15__POP65OVER_N1,,,
IT1:22_293_DF_DCIS_INDDEMOG1_1(1.0),A,ITE14,POP65OVER,2025,26.3,,,,TIPO_DATO15__POP65OVER_N1,,,
IT1:22_293_DF_DCIS_INDDEMOG1_1(1.0),A,ITE14,POP65OVER,2026,26.6,e,,,TIPO_DATO15__POP65OVER_N1,,,
IT1:22_293_DF_DCIS_INDDEMOG1_1(1.0),A,ITE15,POP65OVER,2015,21.9,,,,TIPO_DATO15__POP65OVER_N1,,,
IT1:22_293_DF_DCIS_INDDEMOG1_1(1.0),A,ITE15,POP65OVER,2016,22.1,,,,TIPO_DATO15__POP65OVER_N1,,,
IT1:22_293_DF_DCIS_INDDEMOG1_1(1.0),A,ITE15,POP65OVER,2017,22.2,,,,TIPO_DATO15__POP65OVER_N1,,,
IT1:22_293_DF_DCIS_INDDEMOG1_1(1.0),A,ITE15,POP65OVER,2018,22.3,,,,TIPO_DATO15__POP65OVER_N1,,,
IT1:22_293_DF_DCIS_INDDEMOG1_1(1.0),A,ITE15,POP65OVER,2019,22.3,,,,TIPO_DATO15__POP65OVER_N1,,,
IT1:22_293_DF_DCIS_INDDEMOG1_1(1.0),A,ITE15,POP65OVER,2020,22.6,,,,TIPO_DATO15__POP65OVER_N1,,,
IT1:22_293_DF_DCIS_INDDEMOG1_1(1.0),A,ITE15,POP65OVER,2021,21.9,,,,TIPO_DATO15__POP65OVER_N1,,,
IT1:22_293_DF_DCIS_INDDEMOG1_1(1.0),A,ITE15,POP65OVER,2022,22.6,,,,TIPO_DATO15__POP65OVER_N1,,,
IT1:22_293_DF_DCIS_INDDEMOG1_1(1.0),A,ITE15,POP65OVER,2023,22.7,,,,TIPO_DATO15__POP65OVER_N1,,,
IT1:22_293_DF_DCIS_INDDEMOG1_1(1.0),A,ITE15,POP65OVER,2024,22.9,,,,TIPO_DATO15__POP65OVER_N1,,,
IT1:22_293_DF_DCIS_INDDEMOG1_1(1.0),A,ITE15,POP65OVER,2025,23.2,,,,TIPO_DATO15__POP65OVER_N1,,,
IT1:22_293_DF_DCIS_INDDEMOG1_1(1.0),A,ITE15,POP65OVER,2026,23.4,e,,,TIPO_DATO15__POP65OVER_N1,,,
IT1:22_293_DF_DCIS_INDDEMOG1_1(1.0),A,ITE16,POP65OVER,2015,26.4,,,,TIPO_DATO15__POP65OVER_N1,,,
IT1:22_293_DF_DCIS_INDDEMOG1_1(1.0),A,ITE16,POP65OVER,2016,26.5,,,,TIPO_DATO15__POP65OVER_N1,,,
IT1:22_293_DF_DCIS_INDDEMOG1_1(1.0),A,ITE16,POP65OVER,2017,26.7,,,,TIPO_DATO15__POP65OVER_N1,,,
IT1:22_293_DF_DCIS_INDDEMOG1_1(1.0),A,ITE16,POP65OVER,2018,26.8,,,,TIPO_DATO15__POP65OVER_N1,,,
IT1:22_293_DF_DCIS_INDDEMOG1_1(1.0),A,ITE16,POP65OVER,2019,27,,,,TIPO_DATO15__POP65OVER_N1,,,
IT1:22_293_DF_DCIS_INDDEMOG1_1(1.0),A,ITE16,POP65OVER,2020,27.2,,,,TIPO_DATO15__POP65OVER_N1,,,
IT1:22_293_DF_DCIS_INDDEMOG1_1(1.0),A,ITE16,POP65OVER,2021,27.5,,,,TIPO_DATO15__POP65OVER_N1,,,
IT1:22_293_DF_DCIS_INDDEMOG1_1(1.0),A,ITE16,POP65OVER,2022,27.7,,,,TIPO_DATO15__POP65OVER_N1,,,
IT1:22_293_DF_DCIS_INDDEMOG1_1(1.0),A,ITE16,POP65OVER,2023,27.8,,,,TIPO_DATO15__POP65OVER_N1,,,
IT1:22_293_DF_DCIS_INDDEMOG1_1(1.0),A,ITE16,POP65OVER,2024,28.1,,,,TIPO_DATO15__POP65OVER_N1,,,
IT1:22_293_DF_DCIS_INDDEMOG1_1(1.0),A,ITE16,POP65OVER,2025,28.4,,,,TIPO_DATO15__POP65OVER_N1,,,
IT1:22_293_DF_DCIS_INDDEMOG1_1(1.0),A,ITE16,POP65OVER,2026,28.7,e,,,TIPO_DATO15__POP65OVER_N1,,,
IT1:22_293_DF_DCIS_INDDEMOG1_1(1.0),A,ITE17,POP65OVER,2015,23.7,,,,TIPO_DATO15__POP65OVER_N1,,,
IT1:22_293_DF_DCIS_INDDEMOG1_1(1.0),A,ITE17,POP65OVER,2016,23.9,,,,TIPO_DATO15__POP65OVER_N1,,,
IT1:22_293_DF_DCIS_INDDEMOG1_1(1.0),A,ITE17,POP65OVER,2017,24,,,,TIPO_DATO15__POP65OVER_N1,,,
IT1:22_293_DF_DCIS_INDDEMOG1_1(1.0),A,ITE17,POP65OVER,2018,24.2,,,,TIPO_DATO15__POP65OVER_N1,,,
IT1:22_293_DF_DCIS_INDDEMOG1_1(1.0),A,ITE17,POP65OVER,2019,24.4,,,,TIPO_DATO15__POP65OVER_N1,,,
IT1:22_293_DF_DCIS_INDDEMOG1_1(1.0),A,ITE17,POP65OVER,2020,24.6,,,,TIPO_DATO15__POP65OVER_N1,,,
IT1:22_293_DF_DCIS_INDDEMOG1_1(1.0),A,ITE17,POP65OVER,2021,24.7,,,,TIPO_DATO15__POP65OVER_N1,,,
IT1:22_293_DF_DCIS_INDDEMOG1_1(1.0),A,ITE17,POP65OVER,2022,24.9,,,,TIPO_DATO15__POP65OVER_N1,,,
IT1:22_293_DF_DCIS_INDDEMOG1_1(1.0),A,ITE17,POP65OVER,2023,25,,,,TIPO_DATO15__POP65OVER_N1,,,
IT1:22_293_DF_DCIS_INDDEMOG1_1(1.0),A,ITE17,POP65OVER,2024,25.3,,,,TIPO_DATO15__POP65OVER_N1,,,
IT1:22_293_DF_DCIS_INDDEMOG1_1(1.0),A,ITE17,POP65OVER,2025,25.6,,,,TIPO_DATO15__POP65OVER_N1,,,
IT1:22_293_DF_DCIS_INDDEMOG1_1(1.0),A,ITE17,POP65OVER,2026,25.9,e,,,TIPO_DATO15__POP65OVER_N1,,,
IT1:22_293_DF_DCIS_INDDEMOG1_1(1.0),A,ITE18,POP65OVER,2015,24.4,,,,TIPO_DATO15__POP65OVER_N1,,,
IT1:22_293_DF_DCIS_INDDEMOG1_1(1.0),A,ITE18,POP65OVER,2016,24.7,,,,TIPO_DATO15__POP65OVER_N1,,,
IT1:22_293_DF_DCIS_INDDEMOG1_1(1.0),A,ITE18,POP65OVER,2017,25,,,,TIPO_DATO15__POP65OVER_N1,,,
IT1:22_293_DF_DCIS_INDDEMOG1_1(1.0),A,ITE18,POP65OVER,2018,25.2,,,,TIPO_DATO15__POP65OVER_N1,,,
IT1:22_293_DF_DCIS_INDDEMOG1_1(1.0),A,ITE18,POP65OVER,2019,25.4,,,,TIPO_DATO15__POP65OVER_N1,,,
IT1:22_293_DF_DCIS_INDDEMOG1_1(1.0),A,ITE18,POP65OVER,2020,25.7,,,,TIPO_DATO15__POP65OVER_N1,,,
IT1:22_293_DF_DCIS_INDDEMOG1_1(1.0),A,ITE18,POP65OVER,2021,25.9,,,,TIPO_DATO15__POP65OVER_N1,,,
IT1:22_293_DF_DCIS_INDDEMOG1_1(1.0),A,ITE18,POP65OVER,2022,26.1,,,,TIPO_DATO15__POP65OVER_N1,,,
IT1:22_293_DF_DCIS_INDDEMOG1_1(1.0),A,ITE18,POP65OVER,2023,26.3,,,,TIPO_DATO15__POP65OVER_N1,,,
IT1:22_293_DF_DCIS_INDDEMOG1_1(1.0),A,ITE18,POP65OVER,2024,26.6,,,,TIPO_DATO15__POP65OVER_N1,,,
IT1:22_293_DF_DCIS_INDDEMOG1_1(1.0),A,ITE18,POP65OVER,2025,26.9,,,,TIPO_DATO15__POP65OVER_N1,,,
IT1:22_293_DF_DCIS_INDDEMOG1_1(1.0),A,ITE18,POP65OVER,2026,27.2,e,,,TIPO_DATO15__POP65OVER_N1,,,
IT1:22_293_DF_DCIS_INDDEMOG1_1(1.0),A,ITE19,POP65OVER,2015,25.7,,,,TIPO_DATO15__POP65OVER_N1,,,
IT1:22_293_DF_DCIS_INDDEMOG1_1(1.0),A,ITE19,POP65OVER,2016,25.8,,,,TIPO_DATO15__POP65OVER_N1,,,
IT1:22_293_DF_DCIS_INDDEMOG1_1(1.0),A,ITE19,POP65OVER,2017,25.9,,,,TIPO_DATO15__POP65OVER_N1,,,
IT1:22_293_DF_DCIS_INDDEMOG1_1(1.0),A,ITE19,POP65OVER,2018,26,,,,TIPO_DATO15__POP65OVER_N1,,,
IT1:22_293_DF_DCIS_INDDEMOG1_1(1.0),A,ITE19,POP65OVER,2019,26.1,,,,TIPO_DATO15__POP65OVER_N1,,,
IT1:22_293_DF_DCIS_INDDEMOG1_1(1.0),A,ITE19,POP65OVER,2020,26.3,,,,TIPO_DATO15__POP65OVER_N1,,,
IT1:22_293_DF_DCIS_INDDEMOG1_1(1.0),A,ITE19,POP65OVER,2021,26.4,,,,TIPO_DATO15__POP65OVER_N1,,,
IT1:22_293_DF_DCIS_INDDEMOG1_1(1.0),A,ITE19,POP65OVER,2022,26.6,,,,TIPO_DATO15__POP65OVER_N1,,,
IT1:22_293_DF_DCIS_INDDEMOG1_1(1.0),A,ITE19,POP65OVER,2023,26.6,,,,TIPO_DATO15__POP65OVER_N1,,,
IT1:22_293_DF_DCIS_INDDEMOG1_1(1.0),A,ITE19,POP65OVER,2024,26.9,,,,TIPO_DATO15__POP65OVER_N1,,,
IT1:22_293_DF_DCIS_INDDEMOG1_1(1.0),A,ITE19,POP65OVER,2025,27.2,,,,TIPO_DATO15__POP65OVER_N1,,,
IT1:22_293_DF_DCIS_INDDEMOG1_1(1.0),A,ITE19,POP65OVER,2026,27.4,e,,,TIPO_DATO15__POP65OVER_N1,,,
IT1:22_293_DF_DCIS_INDDEMOG1_1(1.0),A,ITE1A,POP65OVER,2015,26.6,,,,TIPO_DATO15__POP65OVER_N1,,,
IT1:22_293_DF_DCIS_INDDEMOG1_1(1.0),A,ITE1A,POP65OVER,2016,26.9,,,,TIPO_DATO15__POP65OVER_N1,,,
IT1:22_293_DF_DCIS_INDDEMOG1_1(1.0),A,ITE1A,POP65OVER,2017,27.1,,,,TIPO_DATO15__POP65OVER_N1,,,
IT1:22_293_DF_DCIS_INDDEMOG1_1(1.0),A,ITE1A,POP65OVER,2018,27.3,,,,TIPO_DATO15__POP65OVER_N1,,,
IT1:22_293_DF_DCIS_INDDEMOG1_1(1.0),A,ITE1A,POP65OVER,2019,27.6,,,,TIPO_DATO15__POP65OVER_N1,,,
IT1:22_293_DF_DCIS_INDDEMOG1_1(1.0),A,ITE1A,POP65OVER,2020,27.9,,,,TIPO_DATO15__POP65OVER_N1,,,
IT1:22_293_DF_DCIS_INDDEMOG1_1(1.0),A,ITE1A,POP65OVER,2021,28.2,,,,TIPO_DATO15__POP65OVER_N1,,,
IT1:22_293_DF_DCIS_INDDEMOG1_1(1.0),A,ITE1A,POP65OVER,2022,28.5,,,,TIPO_DATO15__POP65OVER_N1,,,
IT1:22_293_DF_DCIS_INDDEMOG1_1(1.0),A,ITE1A,POP65OVER,2023,28.7,,,,TIPO_DATO15__POP65OVER_N1,,,
IT1:22_293_DF_DCIS_INDDEMOG1_1(1.0),A,ITE1A,POP65OVER,2024,29,,,,TIPO_DATO15__POP65OVER_N1,,,
IT1:22_293_DF_DCIS_INDDEMOG1_1(1.0),A,ITE1A,POP65OVER,2025,29.3,,,,TIPO_DATO15__POP65OVER_N1,,,
IT1:22_293_DF_DCIS_INDDEMOG1_1(1.0),A,ITE1A,POP65OVER,2026,29.6,e,,,TIPO_DATO15__POP65OVER_N1,,,
IT1:22_293_DF_DCIS_INDDEMOG1_1(1.0),A,ITE2,POP65OVER,2015,24.7,,,,TIPO_DATO15__POP65OVER_N1,,,
IT1:22_293_DF_DCIS_INDDEMOG1_1(1.0),A,ITE2,POP65OVER,2016,24.9,,,,TIPO_DATO15__POP65OVER_N1,,,
IT1:22_293_DF_DCIS_INDDEMOG1_1(1.0),A,ITE2,POP65OVER,2017,25.2,,,,TIPO_DATO15__POP65OVER_N1,,,
IT1:22_293_DF_DCIS_INDDEMOG1_1(1.0),A,ITE2,POP65OVER,2018,25.4,,,,TIPO_DATO15__POP65OVER_N1,,,
IT1:22_293_DF_DCIS_INDDEMOG1_1(1.0),A,ITE2,POP65OVER,2019,25.6,,,,TIPO_DATO15__POP65OVER_N1,,,
IT1:22_293_DF_DCIS_INDDEMOG1_1(1.0),A,ITE2,POP65OVER,2020,26,,,,TIPO_DATO15__POP65OVER_N1,,,
IT1:22_293_DF_DCIS_INDDEMOG1_1(1.0),A,ITE2,POP65OVER,2021,26.3,,,,TIPO_DATO15__POP65OVER_N1,,,
IT1:22_293_DF_DCIS_INDDEMOG1_1(1.0),A,ITE2,POP65OVER,2022,26.6,,,,TIPO_DATO15__POP65OVER_N1,,,
IT1:22_293_DF_DCIS_INDDEMOG1_1(1.0),A,ITE2,POP65OVER,2023,26.7,,,,TIPO_DATO15__POP65OVER_N1,,,
IT1:22_293_DF_DCIS_INDDEMOG1_1(1.0),A,ITE2,POP65OVER,2024,27,,,,TIPO_DATO15__POP65OVER_N1,,,
IT1:22_293_DF_DCIS_INDDEMOG1_1(1.0),A,ITE2,POP65OVER,2025,27.4,,,,TIPO_DATO15__POP65OVER_N1,,,
IT1:22_293_DF_DCIS_INDDEMOG1_1(1.0),A,ITE2,POP65OVER,2026,27.8,e,,,TIPO_DATO15__POP65OVER_N1,,,
IT1:22_293_DF_DCIS_INDDEMOG1_1(1.0),A,ITE21,POP65OVER,2015,24.1,,,,TIPO_DATO15__POP65OVER_N1,,,
IT1:22_293_DF_DCIS_INDDEMOG1_1(1.0),A,ITE21,POP65OVER,2016,24.3,,,,TIPO_DATO15__POP65OVER_N1,,,
IT1:22_293_DF_DCIS_INDDEMOG1_1(1.0),A,ITE21,POP65OVER,2017,24.6,,,,TIPO_DATO15__POP65OVER_N1,,,
IT1:22_293_DF_DCIS_INDDEMOG1_1(1.0),A,ITE21,POP65OVER,2018,24.7,,,,TIPO_DATO15__POP65OVER_N1,,,
IT1:22_293_DF_DCIS_INDDEMOG1_1(1.0),A,ITE21,POP65OVER,2019,25,,,,TIPO_DATO15__POP65OVER_N1,,,
IT1:22_293_DF_DCIS_INDDEMOG1_1(1.0),A,ITE21,POP65OVER,2020,25.3,,,,TIPO_DATO15__POP65OVER_N1,,,
IT1:22_293_DF_DCIS_INDDEMOG1_1(1.0),A,ITE21,POP65OVER,2021,25.6,,,,TIPO_DATO15__POP65OVER_N1,,,
IT1:22_293_DF_DCIS_INDDEMOG1_1(1.0),A,ITE21,POP65OVER,2022,25.9,,,,TIPO_DATO15__POP65OVER_N1,,,
IT1:22_293_DF_DCIS_INDDEMOG1_1(1.0),A,ITE21,POP65OVER,2023,26.1,,,,TIPO_DATO15__POP65OVER_N1,,,
IT1:22_293_DF_DCIS_INDDEMOG1_1(1.0),A,ITE21,POP65OVER,2024,26.4,,,,TIPO_DATO15__POP65OVER_N1,,,
IT1:22_293_DF_DCIS_INDDEMOG1_1(1.0),A,ITE21,POP65OVER,2025,26.8,,,,TIPO_DATO15__POP65OVER_N1,,,
IT1:22_293_DF_DCIS_INDDEMOG1_1(1.0),A,ITE21,POP65OVER,2026,27.2,e,,,TIPO_DATO15__POP65OVER_N1,,,
IT1:22_293_DF_DCIS_INDDEMOG1_1(1.0),A,ITE22,POP65OVER,2015,26.5,,,,TIPO_DATO15__POP65OVER_N1,,,
IT1:22_293_DF_DCIS_INDDEMOG1_1(1.0),A,ITE22,POP65OVER,2016,26.8,,,,TIPO_DATO15__POP65OVER_N1,,,
IT1:22_293_DF_DCIS_INDDEMOG1_1(1.0),A,ITE22,POP65OVER,2017,27,,,,TIPO_DATO15__POP65OVER_N1,,,
IT1:22_293_DF_DCIS_INDDEMOG1_1(1.0),A,ITE22,POP65OVER,2018,27.2,,,,TIPO_DATO15__POP65OVER_N1,,,
IT1:22_293_DF_DCIS_INDDEMOG1_1(1.0),A,ITE22,POP65OVER,2019,27.5,,,,TIPO_DATO15__POP65OVER_N1,,,
IT1:22_293_DF_DCIS_INDDEMOG1_1(1.0),A,ITE22,POP65OVER,2020,27.8,,,,TIPO_DATO15__POP65OVER_N1,,,
IT1:22_293_DF_DCIS_INDDEMOG1_1(1.0),A,ITE22,POP65OVER,2021,28.2,,,,TIPO_DATO15__POP65OVER_N1,,,
IT1:22_293_DF_DCIS_INDDEMOG1_1(1.0),A,ITE22,POP65OVER,2022,28.5,,,,TIPO_DATO15__POP65OVER_N1,,,
IT1:22_293_DF_DCIS_INDDEMOG1_1(1.0),A,ITE22,POP65OVER,2023,28.6,,,,TIPO_DATO15__POP65OVER_N1,,,
IT1:22_293_DF_DCIS_INDDEMOG1_1(1.0),A,ITE22,POP65OVER,2024,28.8,,,,TIPO_DATO15__POP65OVER_N1,,,
IT1:22_293_DF_DCIS_INDDEMOG1_1(1.0),A,ITE22,POP65OVER,2025,29.1,,,,TIPO_DATO15__POP65OVER_N1,,,
IT1:22_293_DF_DCIS_INDDEMOG1_1(1.0),A,ITE22,POP65OVER,2026,29.4,e,,,TIPO_DATO15__POP65OVER_N1,,,
IT1:22_293_DF_DCIS_INDDEMOG1_1(1.0),A,ITE3,POP65OVER,2015,23.8,,,,TIPO_DATO15__POP65OVER_N1,,,
IT1:22_293_DF_DCIS_INDDEMOG1_1(1.0),A,ITE3,POP65OVER,2016,24.1,,,,TIPO_DATO15__POP65OVER_N1,,,
IT1:22_293_DF_DCIS_INDDEMOG1_1(1.0),A,ITE3,POP65OVER,2017,24.4,,,,TIPO_DATO15__POP65OVER_N1,,,
IT1:22_293_DF_DCIS_INDDEMOG1_1(1.0),A,ITE3,POP65OVER,2018,24.6,,,,TIPO_DATO15__POP65OVER_N1,,,
IT1:22_293_DF_DCIS_INDDEMOG1_1(1.0),A,ITE3,POP65OVER,2019,24.9,,,,TIPO_DATO15__POP65OVER_N1,,,
IT1:22_293_DF_DCIS_INDDEMOG1_1(1.0),A,ITE3,POP65OVER,2020,25.2,,,,TIPO_DATO15__POP65OVER_N1,,,
IT1:22_293_DF_DCIS_INDDEMOG1_1(1.0),A,ITE3,POP65OVER,2021,25.4,,,,TIPO_DATO15__POP65OVER_N1,,,
IT1:22_293_DF_DCIS_INDDEMOG1_1(1.0),A,ITE3,POP65OVER,2022,25.7,,,,TIPO_DATO15__POP65OVER_N1,,,
IT1:22_293_DF_DCIS_INDDEMOG1_1(1.0),A,ITE3,POP65OVER,2023,25.9,,,,TIPO_DATO15__POP65OVER_N1,,,
IT1:22_293_DF_DCIS_INDDEMOG1_1(1.0),A,ITE3,POP65OVER,2024,26.2,,,,TIPO_DATO15__POP65OVER_N1,,,
IT1:22_293_DF_DCIS_INDDEMOG1_1(1.0),A,ITE3,POP65OVER,2025,26.6,,,,TIPO_DATO15__POP65OVER_N1,,,
IT1:22_293_DF_DCIS_INDDEMOG1_1(1.0),A,ITE3,POP65OVER,2026,27,e,,,TIPO_DATO15__POP65OVER_N1,,,
IT1:22_293_DF_DCIS_INDDEMOG1_1(1.0),A,ITE31,POP65OVER,2015,23.2,,,,TIPO_DATO15__POP65OVER_N1,,,
IT1:22_293_DF_DCIS_INDDEMOG1_1(1.0),A,ITE31,POP65OVER,2016,23.5,,,,TIPO_DATO15__POP65OVER_N1,,,
IT1:22_293_DF_DCIS_INDDEMOG1_1(1.0),A,ITE31,POP65OVER,2017,23.8,,,,TIPO_DATO15__POP65OVER_N1,,,
IT1:22_293_DF_DCIS_INDDEMOG1_1(1.0),A,ITE31,POP65OVER,2018,23.9,,,,TIPO_DATO15__POP65OVER_N1,,,
IT1:22_293_DF_DCIS_INDDEMOG1_1(1.0),A,ITE31,POP65OVER,2019,24.2,,,,TIPO_DATO15__POP65OVER_N1,,,
IT1:22_293_DF_DCIS_INDDEMOG1_1(1.0),A,ITE31,POP65OVER,2020,24.5,,,,TIPO_DATO15__POP65OVER_N1,,,
IT1:22_293_DF_DCIS_INDDEMOG1_1(1.0),A,ITE31,POP65OVER,2021,24.5,,,,TIPO_DATO15__POP65OVER_N1,,,
IT1:22_293_DF_DCIS_INDDEMOG1_1(1.0),A,ITE31,POP65OVER,2022,24.8,,,,TIPO_DATO15__POP65OVER_N1,,,
IT1:22_293_DF_DCIS_INDDEMOG1_1(1.0),A,ITE31,POP65OVER,2023,25,,,,TIPO_DATO15__POP65OVER_N1,,,
IT1:22_293_DF_DCIS_INDDEMOG1_1(1.0),A,ITE31,POP65OVER,2024,25.3,,,,TIPO_DATO15__POP65OVER_N1,,,
IT1:22_293_DF_DCIS_INDDEMOG1_1(1.0),A,ITE31,POP65OVER,2025,25.7,,,,TIPO_DATO15__POP65OVER_N1,,,
IT1:22_293_DF_DCIS_INDDEMOG1_1(1.0),A,ITE31,POP65OVER,2026,26.1,e,,,TIPO_DATO15__POP65OVER_N1,,,
IT1:22_293_DF_DCIS_INDDEMOG1_1(1.0),A,ITE32,POP65OVER,2015,24,,,,TIPO_DATO15__POP65OVER_N1,,,
IT1:22_293_DF_DCIS_INDDEMOG1_1(1.0),A,ITE32,POP65OVER,2016,24.3,,,,TIPO_DATO15__POP65OVER_N1,,,
IT1:22_293_DF_DCIS_INDDEMOG1_1(1.0),A,ITE32,POP65OVER,2017,24.6,,,,TIPO_DATO15__POP65OVER_N1,,,
IT1:22_293_DF_DCIS_INDDEMOG1_1(1.0),A,ITE32,POP65OVER,2018,24.8,,,,TIPO_DATO15__POP65OVER_N1,,,
IT1:22_293_DF_DCIS_INDDEMOG1_1(1.0),A,ITE32,POP65OVER,2019,25,,,,TIPO_DATO15__POP65OVER_N1,,,
IT1:22_293_DF_DCIS_INDDEMOG1_1(1.0),A,ITE32,POP65OVER,2020,25.3,,,,TIPO_DATO15__POP65OVER_N1,,,
IT1:22_293_DF_DCIS_INDDEMOG1_1(1.0),A,ITE32,POP65OVER,2021,25.5,,,,TIPO_DATO15__POP65OVER_N1,,,
IT1:22_293_DF_DCIS_INDDEMOG1_1(1.0),A,ITE32,POP65OVER,2022,25.7,,,,TIPO_DATO15__POP65OVER_N1,,,
IT1:22_293_DF_DCIS_INDDEMOG1_1(1.0),A,ITE32,POP65OVER,2023,25.9,,,,TIPO_DATO15__POP65OVER_N1,,,
IT1:22_293_DF_DCIS_INDDEMOG1_1(1.0),A,ITE32,POP65OVER,2024,26.2,,,,TIPO_DATO15__POP65OVER_N1,,,
IT1:22_293_DF_DCIS_INDDEMOG1_1(1.0),A,ITE32,POP65OVER,2025,26.5,,,,TIPO_DATO15__POP65OVER_N1,,,
IT1:22_293_DF_DCIS_INDDEMOG1_1(1.0),A,ITE32,POP65OVER,2026,26.8,e,,,TIPO_DATO15__POP65OVER_N1,,,
IT1:22_293_DF_DCIS_INDDEMOG1_1(1.0),A,ITE33,POP65OVER,2015,23.9,,,,TIPO_DATO15__POP65OVER_N1,,,
IT1:22_293_DF_DCIS_INDDEMOG1_1(1.0),A,ITE33,POP65OVER,2016,24.2,,,,TIPO_DATO15__POP65OVER_N1,,,
IT1:22_293_DF_DCIS_INDDEMOG1_1(1.0),A,ITE33,POP65OVER,2017,24.5,,,,TIPO_DATO15__POP65OVER_N1,,,
IT1:22_293_DF_DCIS_INDDEMOG1_1(1.0),A,ITE33,POP65OVER,2018,24.8,,,,TIPO_DATO15__POP65OVER_N1,,,
IT1:22_293_DF_DCIS_INDDEMOG1_1(1.0),A,ITE33,POP65OVER,2019,25.2,,,,TIPO_DATO15__POP65OVER_N1,,,
IT1:22_293_DF_DCIS_INDDEMOG1_1(1.0),A,ITE33,POP65OVER,2020,25.5,,,,TIPO_DATO15__POP65OVER_N1,,,
IT1:22_293_DF_DCIS_INDDEMOG1_1(1.0),A,ITE33,POP65OVER,2021,25.8,,,,TIPO_DATO15__POP65OVER_N1,,,
IT1:22_293_DF_DCIS_INDDEMOG1_1(1.0),A,ITE33,POP65OVER,2022,26,,,,TIPO_DATO15__POP65OVER_N1,,,
IT1:22_293_DF_DCIS_INDDEMOG1_1(1.0),A,ITE33,POP65OVER,2023,26.2,,,,TIPO_DATO15__POP65OVER_N1,,,
IT1:22_293_DF_DCIS_INDDEMOG1_1(1.0),A,ITE33,POP65OVER,2024,26.5,,,,TIPO_DATO15__POP65OVER_N1,,,
IT1:22_293_DF_DCIS_INDDEMOG1_1(1.0),A,ITE33,POP65OVER,2025,26.9,,,,TIPO_DATO15__POP65OVER_N1,,,
IT1:22_293_DF_DCIS_INDDEMOG1_1(1.0),A,ITE33,POP65OVER,2026,27.2,e,,,TIPO_DATO15__POP65OVER_N1,,,
IT1:22_293_DF_DCIS_INDDEMOG1_1(1.0),A,ITE34,POP65OVER,2015,24.1,,,,TIPO_DATO15__POP65OVER_N1,,,
IT1:22_293_DF_DCIS_INDDEMOG1_1(1.0),A,ITE34,POP65OVER,2016,24.4,,,,TIPO_DATO15__POP65OVER_N1,,,
IT1:22_293_DF_DCIS_INDDEMOG1_1(1.0),A,ITE34,POP65OVER,2017,24.7,,,,TIPO_DATO15__POP65OVER_N1,,,
IT1:22_293_DF_DCIS_INDDEMOG1_1(1.0),A,ITE34,POP65OVER,2018,24.9,,,,TIPO_DATO15__POP65OVER_N1,,,
IT1:22_293_DF_DCIS_INDDEMOG1_1(1.0),A,ITE34,POP65OVER,2019,25.2,,,,TIPO_DATO15__POP65OVER_N1,,,
IT1:22_293_DF_DCIS_INDDEMOG1_1(1.0),A,ITE34,POP65OVER,2020,25.6,,,,TIPO_DATO15__POP65OVER_N1,,,
IT1:22_293_DF_DCIS_INDDEMOG1_1(1.0),A,ITE34,POP65OVER,2021,26,,,,TIPO_DATO15__POP65OVER_N1,,,
IT1:22_293_DF_DCIS_INDDEMOG1_1(1.0),A,ITE34,POP65OVER,2022,26.3,,,,TIPO_DATO15__POP65OVER_N1,,,
IT1:22_293_DF_DCIS_INDDEMOG1_1(1.0),A,ITE34,POP65OVER,2023,26.6,,,,TIPO_DATO15__POP65OVER_N1,,,
IT1:22_293_DF_DCIS_INDDEMOG1_1(1.0),A,ITE34,POP65OVER,2024,27,,,,TIPO_DATO15__POP65OVER_N1,,,
IT1:22_293_DF_DCIS_INDDEMOG1_1(1.0),A,ITE34,POP65OVER,2025,27.4,,,,TIPO_DATO15__POP65OVER_N1,,,
IT1:22_293_DF_DCIS_INDDEMOG1_1(1.0),A,ITE34,POP65OVER,2026,27.9,e,,,TIPO_DATO15__POP65OVER_N1,,,
IT1:22_293_DF_DCIS_INDDEMOG1_1(1.0),A,ITE4,POP65OVER,2015,20.9,,,,TIPO_DATO15__POP65OVER_N1,,,
IT1:22_293_DF_DCIS_INDDEMOG1_1(1.0),A,ITE4,POP65OVER,2016,21.1,,,,TIPO_DATO15__POP65OVER_N1,,,
IT1:22_293_DF_DCIS_INDDEMOG1_1(1.0),A,ITE4,POP65OVER,2017,21.3,,,,TIPO_DATO15__POP65OVER_N1,,,
IT1:22_293_DF_DCIS_INDDEMOG1_1(1.0),A,ITE4,POP65OVER,2018,21.5,,,,TIPO_DATO15__POP65OVER_N1,,,
IT1:22_293_DF_DCIS_INDDEMOG1_1(1.0),A,ITE4,POP65OVER,2019,21.8,,,,TIPO_DATO15__POP65OVER_N1,,,
IT1:22_293_DF_DCIS_INDDEMOG1_1(1.0),A,ITE4,POP65OVER,2020,22.2,,,,TIPO_DATO15__POP65OVER_N1,,,
IT1:22_293_DF_DCIS_INDDEMOG1_1(1.0),A,ITE4,POP65OVER,2021,22.6,,,,TIPO_DATO15__POP65OVER_N1,,,
IT1:22_293_DF_DCIS_INDDEMOG1_1(1.0),A,ITE4,POP65OVER,2022,22.8,,,,TIPO_DATO15__POP65OVER_N1,,,
IT1:22_293_DF_DCIS_INDDEMOG1_1(1.0),A,ITE4,POP65OVER,2023,23.1,,,,TIPO_DATO15__POP65OVER_N1,,,
IT1:22_293_DF_DCIS_INDDEMOG1_1(1.0),A,ITE4,POP65OVER,2024,23.4,,,,TIPO_DATO15__POP65OVER_N1,,,
IT1:22_293_DF_DCIS_INDDEMOG1_1(1.0),A,ITE4,POP65OVER,2025,23.8,,,,TIPO_DATO15__POP65OVER_N1,,,
IT1:22_293_DF_DCIS_INDDEMOG1_1(1.0),A,ITE4,POP65OVER,2026,24.3,e,,,TIPO_DATO15__POP65OVER_N1,,,
IT1:22_293_DF_DCIS_INDDEMOG1_1(1.0),A,ITE41,POP65OVER,2015,22.8,,,,TIPO_DATO15__POP65OVER_N1,,,
IT1:22_293_DF_DCIS_INDDEMOG1_1(1.0),A,ITE41,POP65OVER,2016,23.1,,,,TIPO_DATO15__POP65OVER_N1,,,
IT1:22_293_DF_DCIS_INDDEMOG1_1(1.0),A,ITE41,POP65OVER,2017,23.4,,,,TIPO_DATO15__POP65OVER_N1,,,
IT1:22_293_DF_DCIS_INDDEMOG1_1(1.0),A,ITE41,POP65OVER,2018,23.6,,,,TIPO_DATO15__POP65OVER_N1,,,
IT1:22_293_DF_DCIS_INDDEMOG1_1(1.0),A,ITE41,POP65OVER,2019,23.9,,,,TIPO_DATO15__POP65OVER_N1,,,
IT1:22_293_DF_DCIS_INDDEMOG1_1(1.0),A,ITE41,POP65OVER,2020,24.4,,,,TIPO_DATO15__POP65OVER_N1,,,
IT1:22_293_DF_DCIS_INDDEMOG1_1(1.0),A,ITE41,POP65OVER,2021,24.9,,,,TIPO_DATO15__POP65OVER_N1,,,
IT1:22_293_DF_DCIS_INDDEMOG1_1(1.0),A,ITE41,POP65OVER,2022,25.2,,,,TIPO_DATO15__POP65OVER_N1,,,
IT1:22_293_DF_DCIS_INDDEMOG1_1(1.0),A,ITE41,POP65OVER,2023,25.5,,,,TIPO_DATO15__POP65OVER_N1,,,
IT1:22_293_DF_DCIS_INDDEMOG1_1(1.0),A,ITE41,POP65OVER,2024,25.9,,,,TIPO_DATO15__POP65OVER_N1,,,
IT1:22_293_DF_DCIS_INDDEMOG1_1(1.0),A,ITE41,POP65OVER,2025,26.3,,,,TIPO_DATO15__POP65OVER_N1,,,
IT1:22_293_DF_DCIS_INDDEMOG1_1(1.0),A,ITE41,POP65OVER,2026,26.7,e,,,TIPO_DATO15__POP65OVER_N1,,,
IT1:22_293_DF_DCIS_INDDEMOG1_1(1.0),A,ITE42,POP65OVER,2015,24.2,,,,TIPO_DATO15__POP65OVER_N1,,,
IT1:22_293_DF_DCIS_INDDEMOG1_1(1.0),A,ITE42,POP65OVER,2016,24.6,,,,TIPO_DATO15__POP65OVER_N1,,,
IT1:22_293_DF_DCIS_INDDEMOG1_1(1.0),A,ITE42,POP65OVER,2017,24.9,,,,TIPO_DATO15__POP65OVER_N1,,,
IT1:22_293_DF_DCIS_INDDEMOG1_1(1.0),A,ITE42,POP65OVER,2018,25.1,,,,TIPO_DATO15__POP65OVER_N1,,,
IT1:22_293_DF_DCIS_INDDEMOG1_1(1.0),A,ITE42,POP65OVER,2019,25.6,,,,TIPO_DATO15__POP65OVER_N1,,,
IT1:22_293_DF_DCIS_INDDEMOG1_1(1.0),A,ITE42,POP65OVER,2020,26,,,,TIPO_DATO15__POP65OVER_N1,,,
IT1:22_293_DF_DCIS_INDDEMOG1_1(1.0),A,ITE42,POP65OVER,2021,26.5,,,,TIPO_DATO15__POP65OVER_N1,,,
IT1:22_293_DF_DCIS_INDDEMOG1_1(1.0),A,ITE42,POP65OVER,2022,26.6,,,,TIPO_DATO15__POP65OVER_N1,,,
IT1:22_293_DF_DCIS_INDDEMOG1_1(1.0),A,ITE42,POP65OVER,2023,26.8,,,,TIPO_DATO15__POP65OVER_N1,,,
IT1:22_293_DF_DCIS_INDDEMOG1_1(1.0),A,ITE42,POP65OVER,2024,27.1,,,,TIPO_DATO15__POP65OVER_N1,,,
IT1:22_293_DF_DCIS_INDDEMOG1_1(1.0),A,ITE42,POP65OVER,2025,27.5,,,,TIPO_DATO15__POP65OVER_N1,,,
IT1:22_293_DF_DCIS_INDDEMOG1_1(1.0),A,ITE42,POP65OVER,2026,28,e,,,TIPO_DATO15__POP65OVER_N1,,,
IT1:22_293_DF_DCIS_INDDEMOG1_1(1.0),A,ITE43,POP65OVER,2015,20.7,,,,TIPO_DATO15__POP65OVER_N1,,,
IT1:22_293_DF_DCIS_INDDEMOG1_1(1.0),A,ITE43,POP65OVER,2016,20.9,,,,TIPO_DATO15__POP65OVER_N1,,,
IT1:22_293_DF_DCIS_INDDEMOG1_1(1.0),A,ITE43,POP65OVER,2017,21.1,,,,TIPO_DATO15__POP65OVER_N1,,,
IT1:22_293_DF_DCIS_INDDEMOG1_1(1.0),A,ITE43,POP65OVER,2018,21.3,,,,TIPO_DATO15__POP65OVER_N1,,,
IT1:22_293_DF_DCIS_INDDEMOG1_1(1.0),A,ITE43,POP65OVER,2019,21.5,,,,TIPO_DATO15__POP65OVER_N1,,,
IT1:22_293_DF_DCIS_INDDEMOG1_1(1.0),A,ITE43,POP65OVER,2020,21.8,,,,TIPO_DATO15__POP65OVER_N1,,,
IT1:22_293_DF_DCIS_INDDEMOG1_1(1.0),A,ITE43,POP65OVER,2021,22.2,,,,TIPO_DATO15__POP65OVER_N1,,,
IT1:22_293_DF_DCIS_INDDEMOG1_1(1.0),A,ITE43,POP65OVER,2022,22.4,,,,TIPO_DATO15__POP65OVER_N1,,,
IT1:22_293_DF_DCIS_INDDEMOG1_1(1.0),A,ITE43,POP65OVER,2023,22.7,,,,TIPO_DATO15__POP65OVER_N1,,,
IT1:22_293_DF_DCIS_INDDEMOG1_1(1.0),A,ITE43,POP65OVER,2024,22.9,,,,TIPO_DATO15__POP65OVER_N1,,,
IT1:22_293_DF_DCIS_INDDEMOG1_1(1.0),A,ITE43,POP65OVER,2025,23.3,,,,TIPO_DATO15__POP65OVER_N1,,,
IT1:22_293_DF_DCIS_INDDEMOG1_1(1.0),A,ITE43,POP65OVER,2026,23.8,e,,,TIPO_DATO15__POP65OVER_N1,,,
IT1:22_293_DF_DCIS_INDDEMOG1_1(1.0),A,ITE44,POP65OVER,2015,19.7,,,,TIPO_DATO15__POP65OVER_N1,,,
IT1:22_293_DF_DCIS_INDDEMOG1_1(1.0),A,ITE44,POP65OVER,2016,20.1,,,,TIPO_DATO15__POP65OVER_N1,,,
IT1:22_293_DF_DCIS_INDDEMOG1_1(1.0),A,ITE44,POP65OVER,2017,20.4,,,,TIPO_DATO15__POP65OVER_N1,,,
IT1:22_293_DF_DCIS_INDDEMOG1_1(1.0),A,ITE44,POP65OVER,2018,20.7,,,,TIPO_DATO15__POP65OVER_N1,,,
IT1:22_293_DF_DCIS_INDDEMOG1_1(1.0),A,ITE44,POP65OVER,2019,21,,,,TIPO_DATO15__POP65OVER_N1,,,
IT1:22_293_DF_DCIS_INDDEMOG1_1(1.0),A,ITE44,POP65OVER,2020,21.5,,,,TIPO_DATO15__POP65OVER_N1,,,
IT1:22_293_DF_DCIS_INDDEMOG1_1(1.0),A,ITE44,POP65OVER,2021,22,,,,TIPO_DATO15__POP65OVER_N1,,,
IT1:22_293_DF_DCIS_INDDEMOG1_1(1.0),A,ITE44,POP65OVER,2022,22.2,,,,TIPO_DATO15__POP65OVER_N1,,,
IT1:22_293_DF_DCIS_INDDEMOG1_1(1.0),A,ITE44,POP65OVER,2023,22.5,,,,TIPO_DATO15__POP65OVER_N1,,,
IT1:22_293_DF_DCIS_INDDEMOG1_1(1.0),A,ITE44,POP65OVER,2024,22.8,,,,TIPO_DATO15__POP65OVER_N1,,,
IT1:22_293_DF_DCIS_INDDEMOG1_1(1.0),A,ITE44,POP65OVER,2025,23.3,,,,TIPO_DATO15__POP65OVER_N1,,,
IT1:22_293_DF_DCIS_INDDEMOG1_1(1.0),A,ITE44,POP65OVER,2026,23.7,e,,,TIPO_DATO15__POP65OVER_N1,,,
IT1:22_293_DF_DCIS_INDDEMOG1_1(1.0),A,ITE45,POP65OVER,2015,21.6,,,,TIPO_DATO15__POP65OVER_N1,,,
IT1:22_293_DF_DCIS_INDDEMOG1_1(1.0),A,ITE45,POP65OVER,2016,22,,,,TIPO_DATO15__POP65OVER_N1,,,
IT1:22_293_DF_DCIS_INDDEMOG1_1(1.0),A,ITE45,POP65OVER,2017,22.4,,,,TIPO_DATO15__POP65OVER_N1,,,
IT1:22_293_DF_DCIS_INDDEMOG1_1(1.0),A,ITE45,POP65OVER,2018,22.7,,,,TIPO_DATO15__POP65OVER_N1,,,
IT1:22_293_DF_DCIS_INDDEMOG1_1(1.0),A,ITE45,POP65OVER,2019,23.1,,,,TIPO_DATO15__POP65OVER_N1,,,
IT1:22_293_DF_DCIS_INDDEMOG1_1(1.0),A,ITE45,POP65OVER,2020,23.6,,,,TIPO_DATO15__POP65OVER_N1,,,
IT1:22_293_DF_DCIS_INDDEMOG1_1(1.0),A,ITE45,POP65OVER,2021,24.3,,,,TIPO_DATO15__POP65OVER_N1,,,
IT1:22_293_DF_DCIS_INDDEMOG1_1(1.0),A,ITE45,POP65OVER,2022,24.6,,,,TIPO_DATO15__POP65OVER_N1,,,
IT1:22_293_DF_DCIS_INDDEMOG1_1(1.0),A,ITE45,POP65OVER,2023,25,,,,TIPO_DATO15__POP65OVER_N1,,,
IT1:22_293_DF_DCIS_INDDEMOG1_1(1.0),A,ITE45,POP65OVER,2024,25.4,,,,TIPO_DATO15__POP65OVER_N1,,,
IT1:22_293_DF_DCIS_INDDEMOG1_1(1.0),A,ITE45,POP65OVER,2025,26,,,,TIPO_DATO15__POP65OVER_N1,,,
IT1:22_293_DF_DCIS_INDDEMOG1_1(1.0),A,ITE45,POP65OVER,2026,26.5,e,,,TIPO_DATO15__POP65OVER_N1,,,
IT1:22_293_DF_DCIS_INDDEMOG1_1(1.0),A,ITF,POP65OVER,2015,19.6,,,,TIPO_DATO15__POP65OVER_N1,,,
IT1:22_293_DF_DCIS_INDDEMOG1_1(1.0),A,ITF,POP65OVER,2016,19.9,,,,TIPO_DATO15__POP65OVER_N1,,,
IT1:22_293_DF_DCIS_INDDEMOG1_1(1.0),A,ITF,POP65OVER,2017,20.3,,,,TIPO_DATO15__POP65OVER_N1,,,
IT1:22_293_DF_DCIS_INDDEMOG1_1(1.0),A,ITF,POP65OVER,2018,20.5,,,,TIPO_DATO15__POP65OVER_N1,,,
IT1:22_293_DF_DCIS_INDDEMOG1_1(1.0),A,ITF,POP65OVER,2019,20.9,,,,TIPO_DATO15__POP65OVER_N1,,,
IT1:22_293_DF_DCIS_INDDEMOG1_1(1.0),A,ITF,POP65OVER,2020,21.4,,,,TIPO_DATO15__POP65OVER_N1,,,
IT1:22_293_DF_DCIS_INDDEMOG1_1(1.0),A,ITF,POP65OVER,2021,22,,,,TIPO_DATO15__POP65OVER_N1,,,
IT1:22_293_DF_DCIS_INDDEMOG1_1(1.0),A,ITF,POP65OVER,2022,22.3,,,,TIPO_DATO15__POP65OVER_N1,,,
IT1:22_293_DF_DCIS_INDDEMOG1_1(1.0),A,ITF,POP65OVER,2023,22.6,,,,TIPO_DATO15__POP65OVER_N1,,,
IT1:22_293_DF_DCIS_INDDEMOG1_1(1.0),A,ITF,POP65OVER,2024,23,,,,TIPO_DATO15__POP65OVER_N1,,,
IT1:22_293_DF_DCIS_INDDEMOG1_1(1.0),A,ITF,POP65OVER,2025,23.5,,,,TIPO_DATO15__POP65OVER_N1,,,
IT1:22_293_DF_DCIS_INDDEMOG1_1(1.0),A,ITF,POP65OVER,2026,24.1,e,,,TIPO_DATO15__POP65OVER_N1,,,
IT1:22_293_DF_DCIS_INDDEMOG1_1(1.0),A,ITF1,POP65OVER,2015,22.7,,,,TIPO_DATO15__POP65OVER_N1,,,
IT1:22_293_DF_DCIS_INDDEMOG1_1(1.0),A,ITF1,POP65OVER,2016,23,,,,TIPO_DATO15__POP65OVER_N1,,,
IT1:22_293_DF_DCIS_INDDEMOG1_1(1.0),A,ITF1,POP65OVER,2017,23.3,,,,TIPO_DATO15__POP65OVER_N1,,,
IT1:22_293_DF_DCIS_INDDEMOG1_1(1.0),A,ITF1,POP65OVER,2018,23.6,,,,TIPO_DATO15__POP65OVER_N1,,,
IT1:22_293_DF_DCIS_INDDEMOG1_1(1.0),A,ITF1,POP65OVER,2019,23.9,,,,TIPO_DATO15__POP65OVER_N1,,,
IT1:22_293_DF_DCIS_INDDEMOG1_1(1.0),A,ITF1,POP65OVER,2020,24.3,,,,TIPO_DATO15__POP65OVER_N1,,,
IT1:22_293_DF_DCIS_INDDEMOG1_1(1.0),A,ITF1,POP65OVER,2021,24.7,,,,TIPO_DATO15__POP65OVER_N1,,,
IT1:22_293_DF_DCIS_INDDEMOG1_1(1.0),A,ITF1,POP65OVER,2022,25,,,,TIPO_DATO15__POP65OVER_N1,,,
IT1:22_293_DF_DCIS_INDDEMOG1_1(1.0),A,ITF1,POP65OVER,2023,25.3,,,,TIPO_DATO15__POP65OVER_N1,,,
IT1:22_293_DF_DCIS_INDDEMOG1_1(1.0),A,ITF1,POP65OVER,2024,25.6,,,,TIPO_DATO15__POP65OVER_N1,,,
IT1:22_293_DF_DCIS_INDDEMOG1_1(1.0),A,ITF1,POP65OVER,2025,26.1,,,,TIPO_DATO15__POP65OVER_N1,,,
IT1:22_293_DF_DCIS_INDDEMOG1_1(1.0),A,ITF1,POP65OVER,2026,26.5,e,,,TIPO_DATO15__POP65OVER_N1,,,
IT1:22_293_DF_DCIS_INDDEMOG1_1(1.0),A,ITF11,POP65OVER,2015,22.7,,,,TIPO_DATO15__POP65OVER_N1,,,
IT1:22_293_DF_DCIS_INDDEMOG1_1(1.0),A,ITF11,POP65OVER,2016,23.1,,,,TIPO_DATO15__POP65OVER_N1,,,
IT1:22_293_DF_DCIS_INDDEMOG1_1(1.0),A,ITF11,POP65OVER,2017,23.4,,,,TIPO_DATO15__POP65OVER_N1,,,
IT1:22_293_DF_DCIS_INDDEMOG1_1(1.0),A,ITF11,POP65OVER,2018,23.7,,,,TIPO_DATO15__POP65OVER_N1,,,
IT1:22_293_DF_DCIS_INDDEMOG1_1(1.0),A,ITF11,POP65OVER,2019,24.1,,,,TIPO_DATO15__POP65OVER_N1,,,
IT1:22_293_DF_DCIS_INDDEMOG1_1(1.0),A,ITF11,POP65OVER,2020,24.7,,,,TIPO_DATO15__POP65OVER_N1,,,
IT1:22_293_DF_DCIS_INDDEMOG1_1(1.0),A,ITF11,POP65OVER,2021,25.2,,,,TIPO_DATO15__POP65OVER_N1,,,
IT1:22_293_DF_DCIS_INDDEMOG1_1(1.0),A,ITF11,POP65OVER,2022,25.6,,,,TIPO_DATO15__POP65OVER_N1,,,
IT1:22_293_DF_DCIS_INDDEMOG1_1(1.0),A,ITF11,POP65OVER,2023,26,,,,TIPO_DATO15__POP65OVER_N1,,,
IT1:22_293_DF_DCIS_INDDEMOG1_1(1.0),A,ITF11,POP65OVER,2024,26.4,,,,TIPO_DATO15__POP65OVER_N1,,,
IT1:22_293_DF_DCIS_INDDEMOG1_1(1.0),A,ITF11,POP65OVER,2025,26.9,,,,TIPO_DATO15__POP65OVER_N1,,,
IT1:22_293_DF_DCIS_INDDEMOG1_1(1.0),A,ITF11,POP65OVER,2026,27.4,e,,,TIPO_DATO15__POP65OVER_N1,,,
IT1:22_293_DF_DCIS_INDDEMOG1_1(1.0),A,ITF12,POP65OVER,2015,22,,,,TIPO_DATO15__POP65OVER_N1,,,
IT1:22_293_DF_DCIS_INDDEMOG1_1(1.0),A,ITF12,POP65OVER,2016,22.2,,,,TIPO_DATO15__POP65OVER_N1,,,
IT1:22_293_DF_DCIS_INDDEMOG1_1(1.0),A,ITF12,POP65OVER,2017,22.5,,,,TIPO_DATO15__POP65OVER_N1,,,
IT1:22_293_DF_DCIS_INDDEMOG1_1(1.0),A,ITF12,POP65OVER,2018,22.8,,,,TIPO_DATO15__POP65OVER_N1,,,
IT1:22_293_DF_DCIS_INDDEMOG1_1(1.0),A,ITF12,POP65OVER,2019,23.1,,,,TIPO_DATO15__POP65OVER_N1,,,
IT1:22_293_DF_DCIS_INDDEMOG1_1(1.0),A,ITF12,POP65OVER,2020,23.5,,,,TIPO_DATO15__POP65OVER_N1,,,
IT1:22_293_DF_DCIS_INDDEMOG1_1(1.0),A,ITF12,POP65OVER,2021,23.9,,,,TIPO_DATO15__POP65OVER_N1,,,
IT1:22_293_DF_DCIS_INDDEMOG1_1(1.0),A,ITF12,POP65OVER,2022,24.2,,,,TIPO_DATO15__POP65OVER_N1,,,
IT1:22_293_DF_DCIS_INDDEMOG1_1(1.0),A,ITF12,POP65OVER,2023,24.5,,,,TIPO_DATO15__POP65OVER_N1,,,
IT1:22_293_DF_DCIS_INDDEMOG1_1(1.0),A,ITF12,POP65OVER,2024,24.8,,,,TIPO_DATO15__POP65OVER_N1,,,
IT1:22_293_DF_DCIS_INDDEMOG1_1(1.0),A,ITF12,POP65OVER,2025,25.3,,,,TIPO_DATO15__POP65OVER_N1,,,
IT1:22_293_DF_DCIS_INDDEMOG1_1(1.0),A,ITF12,POP65OVER,2026,25.8,e,,,TIPO_DATO15__POP65OVER_N1,,,
IT1:22_293_DF_DCIS_INDDEMOG1_1(1.0),A,ITF13,POP65OVER,2015,22.4,,,,TIPO_DATO15__POP65OVER_N1,,,
IT1:22_293_DF_DCIS_INDDEMOG1_1(1.0),A,ITF13,POP65OVER,2016,22.6,,,,TIPO_DATO15__POP65OVER_N1,,,
IT1:22_293_DF_DCIS_INDDEMOG1_1(1.0),A,ITF13,POP65OVER,2017,22.9,,,,TIPO_DATO15__POP65OVER_N1,,,
IT1:22_293_DF_DCIS_INDDEMOG1_1(1.0),A,ITF13,POP65OVER,2018,23.1,,,,TIPO_DATO15__POP65OVER_N1,,,
IT1:22_293_DF_DCIS_INDDEMOG1_1(1.0),A,ITF13,POP65OVER,2019,23.4,,,,TIPO_DATO15__POP65OVER_N1,,,
IT1:22_293_DF_DCIS_INDDEMOG1_1(1.0),A,ITF13,POP65OVER,2020,23.7,,,,TIPO_DATO15__POP65OVER_N1,,,
IT1:22_293_DF_DCIS_INDDEMOG1_1(1.0),A,ITF13,POP65OVER,2021,24.1,,,,TIPO_DATO15__POP65OVER_N1,,,
IT1:22_293_DF_DCIS_INDDEMOG1_1(1.0),A,ITF13,POP65OVER,2022,24.2,,,,TIPO_DATO15__POP65OVER_N1,,,
IT1:22_293_DF_DCIS_INDDEMOG1_1(1.0),A,ITF13,POP65OVER,2023,24.5,,,,TIPO_DATO15__POP65OVER_N1,,,
IT1:22_293_DF_DCIS_INDDEMOG1_1(1.0),A,ITF13,POP65OVER,2024,24.8,,,,TIPO_DATO15__POP65OVER_N1,,,
IT1:22_293_DF_DCIS_INDDEMOG1_1(1.0),A,ITF13,POP65OVER,2025,25.3,,,,TIPO_DATO15__POP65OVER_N1,,,
IT1:22_293_DF_DCIS_INDDEMOG1_1(1.0),A,ITF13,POP65OVER,2026,25.7,e,,,TIPO_DATO15__POP65OVER_N1,,,
IT1:22_293_DF_DCIS_INDDEMOG1_1(1.0),A,ITF14,POP65OVER,2015,23.5,,,,TIPO_DATO15__POP65OVER_N1,,,
IT1:22_293_DF_DCIS_INDDEMOG1_1(1.0),A,ITF14,POP65OVER,2016,23.9,,,,TIPO_DATO15__POP65OVER_N1,,,
IT1:22_293_DF_DCIS_INDDEMOG1_1(1.0),A,ITF14,POP65OVER,2017,24.2,,,,TIPO_DATO15__POP65OVER_N1,,,
IT1:22_293_DF_DCIS_INDDEMOG1_1(1.0),A,ITF14,POP65OVER,2018,24.4,,,,TIPO_DATO15__POP65OVER_N1,,,
IT1:22_293_DF_DCIS_INDDEMOG1_1(1.0),A,ITF14,POP65OVER,2019,24.7,,,,TIPO_DATO15__POP65OVER_N1,,,
IT1:22_293_DF_DCIS_INDDEMOG1_1(1.0),A,ITF14,POP65OVER,2020,25.1,,,,TIPO_DATO15__POP65OVER_N1,,,
IT1:22_293_DF_DCIS_INDDEMOG1_1(1.0),A,ITF14,POP65OVER,2021,25.6,,,,TIPO_DATO15__POP65OVER_N1,,,
IT1:22_293_DF_DCIS_INDDEMOG1_1(1.0),A,ITF14,POP65OVER,2022,25.9,,,,TIPO_DATO15__POP65OVER_N1,,,
IT1:22_293_DF_DCIS_INDDEMOG1_1(1.0),A,ITF14,POP65OVER,2023,26.1,,,,TIPO_DATO15__POP65OVER_N1,,,
IT1:22_293_DF_DCIS_INDDEMOG1_1(1.0),A,ITF14,POP65OVER,2024,26.4,,,,TIPO_DATO15__POP65OVER_N1,,,
IT1:22_293_DF_DCIS_INDDEMOG1_1(1.0),A,ITF14,POP65OVER,2025,26.8,,,,TIPO_DATO15__POP65OVER_N1,,,
IT1:22_293_DF_DCIS_INDDEMOG1_1(1.0),A,ITF14,POP65OVER,2026,27.3,e,,,TIPO_DATO15__POP65OVER_N1,,,
IT1:22_293_DF_DCIS_INDDEMOG1_1(1.0),A,ITF2,POP65OVER,2015,23.4,,,,TIPO_DATO15__POP65OVER_N1,,,
IT1:22_293_DF_DCIS_INDDEMOG1_1(1.0),A,ITF2,POP65OVER,2016,23.6,,,,TIPO_DATO15__POP65OVER_N1,,,
IT1:22_293_DF_DCIS_INDDEMOG1_1(1.0),A,ITF2,POP65OVER,2017,23.9,,,,TIPO_DATO15__POP65OVER_N1,,,
IT1:22_293_DF_DCIS_INDDEMOG1_1(1.0),A,ITF2,POP65OVER,2018,24.2,,,,TIPO_DATO15__POP65OVER_N1,,,
IT1:22_293_DF_DCIS_INDDEMOG1_1(1.0),A,ITF2,POP65OVER,2019,24.6,,,,TIPO_DATO15__POP65OVER_N1,,,
IT1:22_293_DF_DCIS_INDDEMOG1_1(1.0),A,ITF2,POP65OVER,2020,25.3,,,,TIPO_DATO15__POP65OVER_N1,,,
IT1:22_293_DF_DCIS_INDDEMOG1_1(1.0),A,ITF2,POP65OVER,2021,25.9,,,,TIPO_DATO15__POP65OVER_N1,,,
IT1:22_293_DF_DCIS_INDDEMOG1_1(1.0),A,ITF2,POP65OVER,2022,26.2,,,,TIPO_DATO15__POP65OVER_N1,,,
IT1:22_293_DF_DCIS_INDDEMOG1_1(1.0),A,ITF2,POP65OVER,2023,26.5,,,,TIPO_DATO15__POP65OVER_N1,,,
IT1:22_293_DF_DCIS_INDDEMOG1_1(1.0),A,ITF2,POP65OVER,2024,26.8,,,,TIPO_DATO15__POP65OVER_N1,,,
IT1:22_293_DF_DCIS_INDDEMOG1_1(1.0),A,ITF2,POP65OVER,2025,27.3,,,,TIPO_DATO15__POP65OVER_N1,,,
IT1:22_293_DF_DCIS_INDDEMOG1_1(1.0),A,ITF2,POP65OVER,2026,27.8,e,,,TIPO_DATO15__POP65OVER_N1,,,
IT1:22_293_DF_DCIS_INDDEMOG1_1(1.0),A,ITF21,POP65OVER,2015,23.6,,,,TIPO_DATO15__POP65OVER_N1,,,
IT1:22_293_DF_DCIS_INDDEMOG1_1(1.0),A,ITF21,POP65OVER,2016,24,,,,TIPO_DATO15__POP65OVER_N1,,,
IT1:22_293_DF_DCIS_INDDEMOG1_1(1.0),A,ITF21,POP65OVER,2017,24.2,,,,TIPO_DATO15__POP65OVER_N1,,,
IT1:22_293_DF_DCIS_INDDEMOG1_1(1.0),A,ITF21,POP65OVER,2018,24.5,,,,TIPO_DATO15__POP65OVER_N1,,,
IT1:22_293_DF_DCIS_INDDEMOG1_1(1.0),A,ITF21,POP65OVER,2019,25,,,,TIPO_DATO15__POP65OVER_N1,,,
IT1:22_293_DF_DCIS_INDDEMOG1_1(1.0),A,ITF21,POP65OVER,2020,25.7,,,,TIPO_DATO15__POP65OVER_N1,,,
IT1:22_293_DF_DCIS_INDDEMOG1_1(1.0),A,ITF21,POP65OVER,2021,26.2,,,,TIPO_DATO15__POP65OVER_N1,,,
IT1:22_293_DF_DCIS_INDDEMOG1_1(1.0),A,ITF21,POP65OVER,2022,26.8,,,,TIPO_DATO15__POP65OVER_N1,,,
IT1:22_293_DF_DCIS_INDDEMOG1_1(1.0),A,ITF21,POP65OVER,2023,27.2,,,,TIPO_DATO15__POP65OVER_N1,,,
IT1:22_293_DF_DCIS_INDDEMOG1_1(1.0),A,ITF21,POP65OVER,2024,27.6,,,,TIPO_DATO15__POP65OVER_N1,,,
IT1:22_293_DF_DCIS_INDDEMOG1_1(1.0),A,ITF21,POP65OVER,2025,28.1,,,,TIPO_DATO15__POP65OVER_N1,,,
IT1:22_293_DF_DCIS_INDDEMOG1_1(1.0),A,ITF21,POP65OVER,2026,28.5,e,,,TIPO_DATO15__POP65OVER_N1,,,
IT1:22_293_DF_DCIS_INDDEMOG1_1(1.0),A,ITF22,POP65OVER,2015,23.3,,,,TIPO_DATO15__POP65OVER_N1,,,
IT1:22_293_DF_DCIS_INDDEMOG1_1(1.0),A,ITF22,POP65OVER,2016,23.5,,,,TIPO_DATO15__POP65OVER_N1,,,
IT1:22_293_DF_DCIS_INDDEMOG1_1(1.0),A,ITF22,POP65OVER,2017,23.8,,,,TIPO_DATO15__POP65OVER_N1,,,
IT1:22_293_DF_DCIS_INDDEMOG1_1(1.0),A,ITF22,POP65OVER,2018,24.1,,,,TIPO_DATO15__POP65OVER_N1,,,
IT1:22_293_DF_DCIS_INDDEMOG1_1(1.0),A,ITF22,POP65OVER,2019,24.5,,,,TIPO_DATO15__POP65OVER_N1,,,
IT1:22_293_DF_DCIS_INDDEMOG1_1(1.0),A,ITF22,POP65OVER,2020,25.1,,,,TIPO_DATO15__POP65OVER_N1,,,
IT1:22_293_DF_DCIS_INDDEMOG1_1(1.0),A,ITF22,POP65OVER,2021,25.7,,,,TIPO_DATO15__POP65OVER_N1,,,
IT1:22_293_DF_DCIS_INDDEMOG1_1(1.0),A,ITF22,POP65OVER,2022,26,,,,TIPO_DATO15__POP65OVER_N1,,,
IT1:22_293_DF_DCIS_INDDEMOG1_1(1.0),A,ITF22,POP65OVER,2023,26.2,,,,TIPO_DATO15__POP65OVER_N1,,,
IT1:22_293_DF_DCIS_INDDEMOG1_1(1.0),A,ITF22,POP65OVER,2024,26.5,,,,TIPO_DATO15__POP65OVER_N1,,,
IT1:22_293_DF_DCIS_INDDEMOG1_1(1.0),A,ITF22,POP65OVER,2025,27,,,,TIPO_DATO15__POP65OVER_N1,,,
IT1:22_293_DF_DCIS_INDDEMOG1_1(1.0),A,ITF22,POP65OVER,2026,27.6,e,,,TIPO_DATO15__POP65OVER_N1,,,
IT1:22_293_DF_DCIS_INDDEMOG1_1(1.0),A,ITF3,POP65OVER,2015,17.6,,,,TIPO_DATO15__POP65OVER_N1,,,
IT1:22_293_DF_DCIS_INDDEMOG1_1(1.0),A,ITF3,POP65OVER,2016,17.9,,,,TIPO_DATO15__POP65OVER_N1,,,
IT1:22_293_DF_DCIS_INDDEMOG1_1(1.0),A,ITF3,POP65OVER,2017,18.2,,,,TIPO_DATO15__POP65OVER_N1,,,
IT1:22_293_DF_DCIS_INDDEMOG1_1(1.0),A,ITF3,POP65OVER,2018,18.5,,,,TIPO_DATO15__POP65OVER_N1,,,
IT1:22_293_DF_DCIS_INDDEMOG1_1(1.0),A,ITF3,POP65OVER,2019,18.8,,,,TIPO_DATO15__POP65OVER_N1,,,
IT1:22_293_DF_DCIS_INDDEMOG1_1(1.0),A,ITF3,POP65OVER,2020,19.3,,,,TIPO_DATO15__POP65OVER_N1,,,
IT1:22_293_DF_DCIS_INDDEMOG1_1(1.0),A,ITF3,POP65OVER,2021,19.9,,,,TIPO_DATO15__POP65OVER_N1,,,
IT1:22_293_DF_DCIS_INDDEMOG1_1(1.0),A,ITF3,POP65OVER,2022,20.2,,,,TIPO_DATO15__POP65OVER_N1,,,
IT1:22_293_DF_DCIS_INDDEMOG1_1(1.0),A,ITF3,POP65OVER,2023,20.5,,,,TIPO_DATO15__POP65OVER_N1,,,
IT1:22_293_DF_DCIS_INDDEMOG1_1(1.0),A,ITF3,POP65OVER,2024,20.9,,,,TIPO_DATO15__POP65OVER_N1,,,
IT1:22_293_DF_DCIS_INDDEMOG1_1(1.0),A,ITF3,POP65OVER,2025,21.4,,,,TIPO_DATO15__POP65OVER_N1,,,
IT1:22_293_DF_DCIS_INDDEMOG1_1(1.0),A,ITF3,POP65OVER,2026,21.9,e,,,TIPO_DATO15__POP65OVER_N1,,,
IT1:22_293_DF_DCIS_INDDEMOG1_1(1.0),A,ITF31,POP65OVER,2015,16.4,,,,TIPO_DATO15__POP65OVER_N1,,,
IT1:22_293_DF_DCIS_INDDEMOG1_1(1.0),A,ITF31,POP65OVER,2016,16.7,,,,TIPO_DATO15__POP65OVER_N1,,,
IT1:22_293_DF_DCIS_INDDEMOG1_1(1.0),A,ITF31,POP65OVER,2017,17,,,,TIPO_DATO15__POP65OVER_N1,,,
IT1:22_293_DF_DCIS_INDDEMOG1_1(1.0),A,ITF31,POP65OVER,2018,17.2,,,,TIPO_DATO15__POP65OVER_N1,,,
IT1:22_293_DF_DCIS_INDDEMOG1_1(1.0),A,ITF31,POP65OVER,2019,17.5,,,,TIPO_DATO15__POP65OVER_N1,,,
IT1:22_293_DF_DCIS_INDDEMOG1_1(1.0),A,ITF31,POP65OVER,2020,17.9,,,,TIPO_DATO15__POP65OVER_N1,,,
IT1:22_293_DF_DCIS_INDDEMOG1_1(1.0),A,ITF31,POP65OVER,2021,18.5,,,,TIPO_DATO15__POP65OVER_N1,,,
IT1:22_293_DF_DCIS_INDDEMOG1_1(1.0),A,ITF31,POP65OVER,2022,18.7,,,,TIPO_DATO15__POP65OVER_N1,,,
IT1:22_293_DF_DCIS_INDDEMOG1_1(1.0),A,ITF31,POP65OVER,2023,19,,,,TIPO_DATO15__POP65OVER_N1,,,
IT1:22_293_DF_DCIS_INDDEMOG1_1(1.0),A,ITF31,POP65OVER,2024,19.3,,,,TIPO_DATO15__POP65OVER_N1,,,
IT1:22_293_DF_DCIS_INDDEMOG1_1(1.0),A,ITF31,POP65OVER,2025,19.8,,,,TIPO_DATO15__POP65OVER_N1,,,
IT1:22_293_DF_DCIS_INDDEMOG1_1(1.0),A,ITF31,POP65OVER,2026,20.2,e,,,TIPO_DATO15__POP65OVER_N1,,,
IT1:22_293_DF_DCIS_INDDEMOG1_1(1.0),A,ITF32,POP65OVER,2015,21.9,,,,TIPO_DATO15__POP65OVER_N1,,,
IT1:22_293_DF_DCIS_INDDEMOG1_1(1.0),A,ITF32,POP65OVER,2016,22.1,,,,TIPO_DATO15__POP65OVER_N1,,,
IT1:22_293_DF_DCIS_INDDEMOG1_1(1.0),A,ITF32,POP65OVER,2017,22.3,,,,TIPO_DATO15__POP65OVER_N1,,,
IT1:22_293_DF_DCIS_INDDEMOG1_1(1.0),A,ITF32,POP65OVER,2018,22.4,,,,TIPO_DATO15__POP65OVER_N1,,,
IT1:22_293_DF_DCIS_INDDEMOG1_1(1.0),A,ITF32,POP65OVER,2019,22.7,,,,TIPO_DATO15__POP65OVER_N1,,,
IT1:22_293_DF_DCIS_INDDEMOG1_1(1.0),A,ITF32,POP65OVER,2020,23.1,,,,TIPO_DATO15__POP65OVER_N1,,,
IT1:22_293_DF_DCIS_INDDEMOG1_1(1.0),A,ITF32,POP65OVER,2021,23.7,,,,TIPO_DATO15__POP65OVER_N1,,,
IT1:22_293_DF_DCIS_INDDEMOG1_1(1.0),A,ITF32,POP65OVER,2022,23.9,,,,TIPO_DATO15__POP65OVER_N1,,,
IT1:22_293_DF_DCIS_INDDEMOG1_1(1.0),A,ITF32,POP65OVER,2023,24.2,,,,TIPO_DATO15__POP65OVER_N1,,,
IT1:22_293_DF_DCIS_INDDEMOG1_1(1.0),A,ITF32,POP65OVER,2024,24.6,,,,TIPO_DATO15__POP65OVER_N1,,,
IT1:22_293_DF_DCIS_INDDEMOG1_1(1.0),A,ITF32,POP65OVER,2025,25.1,,,,TIPO_DATO15__POP65OVER_N1,,,
IT1:22_293_DF_DCIS_INDDEMOG1_1(1.0),A,ITF32,POP65OVER,2026,25.7,e,,,TIPO_DATO15__POP65OVER_N1,,,
IT1:22_293_DF_DCIS_INDDEMOG1_1(1.0),A,ITF33,POP65OVER,2015,16.5,,,,TIPO_DATO15__POP65OVER_N1,,,
IT1:22_293_DF_DCIS_INDDEMOG1_1(1.0),A,ITF33,POP65OVER,2016,16.8,,,,TIPO_DATO15__POP65OVER_N1,,,
IT1:22_293_DF_DCIS_INDDEMOG1_1(1.0),A,ITF33,POP65OVER,2017,17.1,,,,TIPO_DATO15__POP65OVER_N1,,,
IT1:22_293_DF_DCIS_INDDEMOG1_1(1.0),A,ITF33,POP65OVER,2018,17.4,,,,TIPO_DATO15__POP65OVER_N1,,,
IT1:22_293_DF_DCIS_INDDEMOG1_1(1.0),A,ITF33,POP65OVER,2019,17.8,,,,TIPO_DATO15__POP65OVER_N1,,,
IT1:22_293_DF_DCIS_INDDEMOG1_1(1.0),A,ITF33,POP65OVER,2020,18.3,,,,TIPO_DATO15__POP65OVER_N1,,,
IT1:22_293_DF_DCIS_INDDEMOG1_1(1.0),A,ITF33,POP65OVER,2021,19,,,,TIPO_DATO15__POP65OVER_N1,,,
IT1:22_293_DF_DCIS_INDDEMOG1_1(1.0),A,ITF33,POP65OVER,2022,19.2,,,,TIPO_DATO15__POP65OVER_N1,,,
IT1:22_293_DF_DCIS_INDDEMOG1_1(1.0),A,ITF33,POP65OVER,2023,19.6,,,,TIPO_DATO15__POP65OVER_N1,,,
IT1:22_293_DF_DCIS_INDDEMOG1_1(1.0),A,ITF33,POP65OVER,2024,20,,,,TIPO_DATO15__POP65OVER_N1,,,
IT1:22_293_DF_DCIS_INDDEMOG1_1(1.0),A,ITF33,POP65OVER,2025,20.5,,,,TIPO_DATO15__POP65OVER_N1,,,
IT1:22_293_DF_DCIS_INDDEMOG1_1(1.0),A,ITF33,POP65OVER,2026,21,e,,,TIPO_DATO15__POP65OVER_N1,,,
IT1:22_293_DF_DCIS_INDDEMOG1_1(1.0),A,ITF34,POP65OVER,2015,20.8,,,,TIPO_DATO15__POP65OVER_N1,,,
IT1:22_293_DF_DCIS_INDDEMOG1_1(1.0),A,ITF34,POP65OVER,2016,21.1,,,,TIPO_DATO15__POP65OVER_N1,,,
IT1:22_293_DF_DCIS_INDDEMOG1_1(1.0),A,ITF34,POP65OVER,2017,21.3,,,,TIPO_DATO15__POP65OVER_N1,,,
IT1:22_293_DF_DCIS_INDDEMOG1_1(1.0),A,ITF34,POP65OVER,2018,21.6,,,,TIPO_DATO15__POP65OVER_N1,,,
IT1:22_293_DF_DCIS_INDDEMOG1_1(1.0),A,ITF34,POP65OVER,2019,21.9,,,,TIPO_DATO15__POP65OVER_N1,,,
IT1:22_293_DF_DCIS_INDDEMOG1_1(1.0),A,ITF34,POP65OVER,2020,22.4,,,,TIPO_DATO15__POP65OVER_N1,,,
IT1:22_293_DF_DCIS_INDDEMOG1_1(1.0),A,ITF34,POP65OVER,2021,22.8,,,,TIPO_DATO15__POP65OVER_N1,,,
IT1:22_293_DF_DCIS_INDDEMOG1_1(1.0),A,ITF34,POP65OVER,2022,23.1,,,,TIPO_DATO15__POP65OVER_N1,,,
IT1:22_293_DF_DCIS_INDDEMOG1_1(1.0),A,ITF34,POP65OVER,2023,23.4,,,,TIPO_DATO15__POP65OVER_N1,,,
IT1:22_293_DF_DCIS_INDDEMOG1_1(1.0),A,ITF34,POP65OVER,2024,23.9,,,,TIPO_DATO15__POP65OVER_N1,,,
IT1:22_293_DF_DCIS_INDDEMOG1_1(1.0),A,ITF34,POP65OVER,2025,24.4,,,,TIPO_DATO15__POP65OVER_N1,,,
IT1:22_293_DF_DCIS_INDDEMOG1_1(1.0),A,ITF34,POP65OVER,2026,25,e,,,TIPO_DATO15__POP65OVER_N1,,,
IT1:22_293_DF_DCIS_INDDEMOG1_1(1.0),A,ITF35,POP65OVER,2015,19.4,,,,TIPO_DATO15__POP65OVER_N1,,,
IT1:22_293_DF_DCIS_INDDEMOG1_1(1.0),A,ITF35,POP65OVER,2016,19.7,,,,TIPO_DATO15__POP65OVER_N1,,,
IT1:22_293_DF_DCIS_INDDEMOG1_1(1.0),A,ITF35,POP65OVER,2017,20,,,,TIPO_DATO15__POP65OVER_N1,,,
IT1:22_293_DF_DCIS_INDDEMOG1_1(1.0),A,ITF35,POP65OVER,2018,20.2,,,,TIPO_DATO15__POP65OVER_N1,,,
IT1:22_293_DF_DCIS_INDDEMOG1_1(1.0),A,ITF35,POP65OVER,2019,20.6,,,,TIPO_DATO15__POP65OVER_N1,,,
IT1:22_293_DF_DCIS_INDDEMOG1_1(1.0),A,ITF35,POP65OVER,2020,21,,,,TIPO_DATO15__POP65OVER_N1,,,
IT1:22_293_DF_DCIS_INDDEMOG1_1(1.0),A,ITF35,POP65OVER,2021,21.7,,,,TIPO_DATO15__POP65OVER_N1,,,
IT1:22_293_DF_DCIS_INDDEMOG1_1(1.0),A,ITF35,POP65OVER,2022,22,,,,TIPO_DATO15__POP65OVER_N1,,,
IT1:22_293_DF_DCIS_INDDEMOG1_1(1.0),A,ITF35,POP65OVER,2023,22.3,,,,TIPO_DATO15__POP65OVER_N1,,,
IT1:22_293_DF_DCIS_INDDEMOG1_1(1.0),A,ITF35,POP65OVER,2024,22.7,,,,TIPO_DATO15__POP65OVER_N1,,,
IT1:22_293_DF_DCIS_INDDEMOG1_1(1.0),A,ITF35,POP65OVER,2025,23.3,,,,TIPO_DATO15__POP65OVER_N1,,,
IT1:22_293_DF_DCIS_INDDEMOG1_1(1.0),A,ITF35,POP65OVER,2026,23.8,e,,,TIPO_DATO15__POP65OVER_N1,,,
IT1:22_293_DF_DCIS_INDDEMOG1_1(1.0),A,ITF4,POP65OVER,2015,20.6,,,,TIPO_DATO15__POP65OVER_N1,,,
IT1:22_293_DF_DCIS_INDDEMOG1_1(1.0),A,ITF4,POP65OVER,2016,21,,,,TIPO_DATO15__POP65OVER_N1,,,
IT1:22_293_DF_DCIS_INDDEMOG1_1(1.0),A,ITF4,POP65OVER,2017,21.4,,,,TIPO_DATO15__POP65OVER_N1,,,
IT1:22_293_DF_DCIS_INDDEMOG1_1(1.0),A,ITF4,POP65OVER,2018,21.7,,,,TIPO_DATO15__POP65OVER_N1,,,
IT1:22_293_DF_DCIS_INDDEMOG1_1(1.0),A,ITF4,POP65OVER,2019,22.1,,,,TIPO_DATO15__POP65OVER_N1,,,
IT1:22_293_DF_DCIS_INDDEMOG1_1(1.0),A,ITF4,POP65OVER,2020,22.6,,,,TIPO_DATO15__POP65OVER_N1,,,
IT1:22_293_DF_DCIS_INDDEMOG1_1(1.0),A,ITF4,POP65OVER,2021,23.1,,,,TIPO_DATO15__POP65OVER_N1,,,
IT1:22_293_DF_DCIS_INDDEMOG1_1(1.0),A,ITF4,POP65OVER,2022,23.4,,,,TIPO_DATO15__POP65OVER_N1,,,
IT1:22_293_DF_DCIS_INDDEMOG1_1(1.0),A,ITF4,POP65OVER,2023,23.8,,,,TIPO_DATO15__POP65OVER_N1,,,
IT1:22_293_DF_DCIS_INDDEMOG1_1(1.0),A,ITF4,POP65OVER,2024,24.2,,,,TIPO_DATO15__POP65OVER_N1,,,
IT1:22_293_DF_DCIS_INDDEMOG1_1(1.0),A,ITF4,POP65OVER,2025,24.7,,,,TIPO_DATO15__POP65OVER_N1,,,
IT1:22_293_DF_DCIS_INDDEMOG1_1(1.0),A,ITF4,POP65OVER,2026,25.3,e,,,TIPO_DATO15__POP65OVER_N1,,,
IT1:22_293_DF_DCIS_INDDEMOG1_1(1.0),A,ITF41,POP65OVER,2015,20.1,,,,TIPO_DATO15__POP65OVER_N1,,,
IT1:22_293_DF_DCIS_INDDEMOG1_1(1.0),A,ITF41,POP65OVER,2016,20.4,,,,TIPO_DATO15__POP65OVER_N1,,,
IT1:22_293_DF_DCIS_INDDEMOG1_1(1.0),A,ITF41,POP65OVER,2017,20.7,,,,TIPO_DATO15__POP65OVER_N1,,,
IT1:22_293_DF_DCIS_INDDEMOG1_1(1.0),A,ITF41,POP65OVER,2018,21,,,,TIPO_DATO15__POP65OVER_N1,,,
IT1:22_293_DF_DCIS_INDDEMOG1_1(1.0),A,ITF41,POP65OVER,2019,21.3,,,,TIPO_DATO15__POP65OVER_N1,,,
IT1:22_293_DF_DCIS_INDDEMOG1_1(1.0),A,ITF41,POP65OVER,2020,21.8,,,,TIPO_DATO15__POP65OVER_N1,,,
IT1:22_293_DF_DCIS_INDDEMOG1_1(1.0),A,ITF41,POP65OVER,2021,22.2,,,,TIPO_DATO15__POP65OVER_N1,,,
IT1:22_293_DF_DCIS_INDDEMOG1_1(1.0),A,ITF41,POP65OVER,2022,22.6,,,,TIPO_DATO15__POP65OVER_N1,,,
IT1:22_293_DF_DCIS_INDDEMOG1_1(1.0),A,ITF41,POP65OVER,2023,22.9,,,,TIPO_DATO15__POP65OVER_N1,,,
IT1:22_293_DF_DCIS_INDDEMOG1_1(1.0),A,ITF41,POP65OVER,2024,23.3,,,,TIPO_DATO15__POP65OVER_N1,,,
IT1:22_293_DF_DCIS_INDDEMOG1_1(1.0),A,ITF41,POP65OVER,2025,23.8,,,,TIPO_DATO15__POP65OVER_N1,,,
IT1:22_293_DF_DCIS_INDDEMOG1_1(1.0),A,ITF41,POP65OVER,2026,24.3,e,,,TIPO_DATO15__POP65OVER_N1,,,
IT1:22_293_DF_DCIS_INDDEMOG1_1(1.0),A,ITF42,POP65OVER,2015,19.9,,,,TIPO_DATO15__POP65OVER_N1,,,
IT1:22_293_DF_DCIS_INDDEMOG1_1(1.0),A,ITF42,POP65OVER,2016,20.3,,,,TIPO_DATO15__POP65OVER_N1,,,
IT1:22_293_DF_DCIS_INDDEMOG1_1(1.0),A,ITF42,POP65OVER,2017,20.7,,,,TIPO_DATO15__POP65OVER_N1,,,
IT1:22_293_DF_DCIS_INDDEMOG1_1(1.0),A,ITF42,POP65OVER,2018,21.1,,,,TIPO_DATO15__POP65OVER_N1,,,
IT1:22_293_DF_DCIS_INDDEMOG1_1(1.0),A,ITF42,POP65OVER,2019,21.5,,,,TIPO_DATO15__POP65OVER_N1,,,
IT1:22_293_DF_DCIS_INDDEMOG1_1(1.0),A,ITF42,POP65OVER,2020,22,,,,TIPO_DATO15__POP65OVER_N1,,,
IT1:22_293_DF_DCIS_INDDEMOG1_1(1.0),A,ITF42,POP65OVER,2021,22.5,,,,TIPO_DATO15__POP65OVER_N1,,,
IT1:22_293_DF_DCIS_INDDEMOG1_1(1.0),A,ITF42,POP65OVER,2022,22.8,,,,TIPO_DATO15__POP65OVER_N1,,,
IT1:22_293_DF_DCIS_INDDEMOG1_1(1.0),A,ITF42,POP65OVER,2023,23.2,,,,TIPO_DATO15__POP65OVER_N1,,,
IT1:22_293_DF_DCIS_INDDEMOG1_1(1.0),A,ITF42,POP65OVER,2024,23.7,,,,TIPO_DATO15__POP65OVER_N1,,,
IT1:22_293_DF_DCIS_INDDEMOG1_1(1.0),A,ITF42,POP65OVER,2025,24.2,,,,TIPO_DATO15__POP65OVER_N1,,,
IT1:22_293_DF_DCIS_INDDEMOG1_1(1.0),A,ITF42,POP65OVER,2026,24.8,e,,,TIPO_DATO15__POP65OVER_N1,,,
IT1:22_293_DF_DCIS_INDDEMOG1_1(1.0),A,ITF43,POP65OVER,2015,21,,,,TIPO_DATO15__POP65OVER_N1,,,
IT1:22_293_DF_DCIS_INDDEMOG1_1(1.0),A,ITF43,POP65OVER,2016,21.5,,,,TIPO_DATO15__POP65OVER_N1,,,
IT1:22_293_DF_DCIS_INDDEMOG1_1(1.0),A,ITF43,POP65OVER,2017,22,,,,TIPO_DATO15__POP65OVER_N1,,,
IT1:22_293_DF_DCIS_INDDEMOG1_1(1.0),A,ITF43,POP65OVER,2018,22.3,,,,TIPO_DATO15__POP65OVER_N1,,,
IT1:22_293_DF_DCIS_INDDEMOG1_1(1.0),A,ITF43,POP65OVER,2019,22.8,,,,TIPO_DATO15__POP65OVER_N1,,,
IT1:22_293_DF_DCIS_INDDEMOG1_1(1.0),A,ITF43,POP65OVER,2020,23.2,,,,TIPO_DATO15__POP65OVER_N1,,,
IT1:22_293_DF_DCIS_INDDEMOG1_1(1.0),A,ITF43,POP65OVER,2021,23.9,,,,TIPO_DATO15__POP65OVER_N1,,,
IT1:22_293_DF_DCIS_INDDEMOG1_1(1.0),A,ITF43,POP65OVER,2022,24.2,,,,TIPO_DATO15__POP65OVER_N1,,,
IT1:22_293_DF_DCIS_INDDEMOG1_1(1.0),A,ITF43,POP65OVER,2023,24.6,,,,TIPO_DATO15__POP65OVER_N1,,,
IT1:22_293_DF_DCIS_INDDEMOG1_1(1.0),A,ITF43,POP65OVER,2024,25.1,,,,TIPO_DATO15__POP65OVER_N1,,,
IT1:22_293_DF_DCIS_INDDEMOG1_1(1.0),A,ITF43,POP65OVER,2025,25.6,,,,TIPO_DATO15__POP65OVER_N1,,,
IT1:22_293_DF_DCIS_INDDEMOG1_1(1.0),A,ITF43,POP65OVER,2026,26.2,e,,,TIPO_DATO15__POP65OVER_N1,,,
IT1:22_293_DF_DCIS_INDDEMOG1_1(1.0),A,ITF44,POP65OVER,2015,21.4,,,,TIPO_DATO15__POP65OVER_N1,,,
IT1:22_293_DF_DCIS_INDDEMOG1_1(1.0),A,ITF44,POP65OVER,2016,21.8,,,,TIPO_DATO15__POP65OVER_N1,,,
IT1:22_293_DF_DCIS_INDDEMOG1_1(1.0),A,ITF44,POP65OVER,2017,22.2,,,,TIPO_DATO15__POP65OVER_N1,,,
IT1:22_293_DF_DCIS_INDDEMOG1_1(1.0),A,ITF44,POP65OVER,2018,22.6,,,,TIPO_DATO15__POP65OVER_N1,,,
IT1:22_293_DF_DCIS_INDDEMOG1_1(1.0),A,ITF44,POP65OVER,2019,22.9,,,,TIPO_DATO15__POP65OVER_N1,,,
IT1:22_293_DF_DCIS_INDDEMOG1_1(1.0),A,ITF44,POP65OVER,2020,23.4,,,,TIPO_DATO15__POP65OVER_N1,,,
IT1:22_293_DF_DCIS_INDDEMOG1_1(1.0),A,ITF44,POP65OVER,2021,24,,,,TIPO_DATO15__POP65OVER_N1,,,
IT1:22_293_DF_DCIS_INDDEMOG1_1(1.0),A,ITF44,POP65OVER,2022,24.4,,,,TIPO_DATO15__POP65OVER_N1,,,
IT1:22_293_DF_DCIS_INDDEMOG1_1(1.0),A,ITF44,POP65OVER,2023,24.7,,,,TIPO_DATO15__POP65OVER_N1,,,
IT1:22_293_DF_DCIS_INDDEMOG1_1(1.0),A,ITF44,POP65OVER,2024,25.1,,,,TIPO_DATO15__POP65OVER_N1,,,
IT1:22_293_DF_DCIS_INDDEMOG1_1(1.0),A,ITF44,POP65OVER,2025,25.7,,,,TIPO_DATO15__POP65OVER_N1,,,
IT1:22_293_DF_DCIS_INDDEMOG1_1(1.0),A,ITF44,POP65OVER,2026,26.2,e,,,TIPO_DATO15__POP65OVER_N1,,,
IT1:22_293_DF_DCIS_INDDEMOG1_1(1.0),A,ITF45,POP65OVER,2015,22.6,,,,TIPO_DATO15__POP65OVER_N1,,,
IT1:22_293_DF_DCIS_INDDEMOG1_1(1.0),A,ITF45,POP65OVER,2016,23,,,,TIPO_DATO15__POP65OVER_N1,,,
IT1:22_293_DF_DCIS_INDDEMOG1_1(1.0),A,ITF45,POP65OVER,2017,23.4,,,,TIPO_DATO15__POP65OVER_N1,,,
IT1:22_293_DF_DCIS_INDDEMOG1_1(1.0),A,ITF45,POP65OVER,2018,23.6,,,,TIPO_DATO15__POP65OVER_N1,,,
IT1:22_293_DF_DCIS_INDDEMOG1_1(1.0),A,ITF45,POP65OVER,2019,24.1,,,,TIPO_DATO15__POP65OVER_N1,,,
IT1:22_293_DF_DCIS_INDDEMOG1_1(1.0),A,ITF45,POP65OVER,2020,24.5,,,,TIPO_DATO15__POP65OVER_N1,,,
IT1:22_293_DF_DCIS_INDDEMOG1_1(1.0),A,ITF45,POP65OVER,2021,25.1,,,,TIPO_DATO15__POP65OVER_N1,,,
IT1:22_293_DF_DCIS_INDDEMOG1_1(1.0),A,ITF45,POP65OVER,2022,25.4,,,,TIPO_DATO15__POP65OVER_N1,,,
IT1:22_293_DF_DCIS_INDDEMOG1_1(1.0),A,ITF45,POP65OVER,2023,25.7,,,,TIPO_DATO15__POP65OVER_N1,,,
IT1:22_293_DF_DCIS_INDDEMOG1_1(1.0),A,ITF45,POP65OVER,2024,26.1,,,,TIPO_DATO15__POP65OVER_N1,,,
IT1:22_293_DF_DCIS_INDDEMOG1_1(1.0),A,ITF45,POP65OVER,2025,26.5,,,,TIPO_DATO15__POP65OVER_N1,,,
IT1:22_293_DF_DCIS_INDDEMOG1_1(1.0),A,ITF45,POP65OVER,2026,27,e,,,TIPO_DATO15__POP65OVER_N1,,,
IT1:22_293_DF_DCIS_INDDEMOG1_1(1.0),A,ITF5,POP65OVER,2015,21.7,,,,TIPO_DATO15__POP65OVER_N1,,,
IT1:22_293_DF_DCIS_INDDEMOG1_1(1.0),A,ITF5,POP65OVER,2016,22,,,,TIPO_DATO15__POP65OVER_N1,,,
IT1:22_293_DF_DCIS_INDDEMOG1_1(1.0),A,ITF5,POP65OVER,2017,22.3,,,,TIPO_DATO15__POP65OVER_N1,,,
IT1:22_293_DF_DCIS_INDDEMOG1_1(1.0),A,ITF5,POP65OVER,2018,22.6,,,,TIPO_DATO15__POP65OVER_N1,,,
IT1:22_293_DF_DCIS_INDDEMOG1_1(1.0),A,ITF5,POP65OVER,2019,23,,,,TIPO_DATO15__POP65OVER_N1,,,
IT1:22_293_DF_DCIS_INDDEMOG1_1(1.0),A,ITF5,POP65OVER,2020,23.5,,,,TIPO_DATO15__POP65OVER_N1,,,
IT1:22_293_DF_DCIS_INDDEMOG1_1(1.0),A,ITF5,POP65OVER,2021,24.1,,,,TIPO_DATO15__POP65OVER_N1,,,
IT1:22_293_DF_DCIS_INDDEMOG1_1(1.0),A,ITF5,POP65OVER,2022,24.5,,,,TIPO_DATO15__POP65OVER_N1,,,
IT1:22_293_DF_DCIS_INDDEMOG1_1(1.0),A,ITF5,POP65OVER,2023,24.9,,,,TIPO_DATO15__POP65OVER_N1,,,
IT1:22_293_DF_DCIS_INDDEMOG1_1(1.0),A,ITF5,POP65OVER,2024,25.4,,,,TIPO_DATO15__POP65OVER_N1,,,
IT1:22_293_DF_DCIS_INDDEMOG1_1(1.0),A,ITF5,POP65OVER,2025,26,,,,TIPO_DATO15__POP65OVER_N1,,,
IT1:22_293_DF_DCIS_INDDEMOG1_1(1.0),A,ITF5,POP65OVER,2026,26.6,e,,,TIPO_DATO15__POP65OVER_N1,,,
IT1:22_293_DF_DCIS_INDDEMOG1_1(1.0),A,ITF51,POP65OVER,2015,21.9,,,,TIPO_DATO15__POP65OVER_N1,,,
IT1:22_293_DF_DCIS_INDDEMOG1_1(1.0),A,ITF51,POP65OVER,2016,22.2,,,,TIPO_DATO15__POP65OVER_N1,,,
IT1:22_293_DF_DCIS_INDDEMOG1_1(1.0),A,ITF51,POP65OVER,2017,22.5,,,,TIPO_DATO15__POP65OVER_N1,,,
IT1:22_293_DF_DCIS_INDDEMOG1_1(1.0),A,ITF51,POP65OVER,2018,22.8,,,,TIPO_DATO15__POP65OVER_N1,,,
IT1:22_293_DF_DCIS_INDDEMOG1_1(1.0),A,ITF51,POP65OVER,2019,23.2,,,,TIPO_DATO15__POP65OVER_N1,,,
IT1:22_293_DF_DCIS_INDDEMOG1_1(1.0),A,ITF51,POP65OVER,2020,23.7,,,,TIPO_DATO15__POP65OVER_N1,,,
IT1:22_293_DF_DCIS_INDDEMOG1_1(1.0),A,ITF51,POP65OVER,2021,24.4,,,,TIPO_DATO15__POP65OVER_N1,,,
IT1:22_293_DF_DCIS_INDDEMOG1_1(1.0),A,ITF51,POP65OVER,2022,24.8,,,,TIPO_DATO15__POP65OVER_N1,,,
IT1:22_293_DF_DCIS_INDDEMOG1_1(1.0),A,ITF51,POP65OVER,2023,25.2,,,,TIPO_DATO15__POP65OVER_N1,,,
IT1:22_293_DF_DCIS_INDDEMOG1_1(1.0),A,ITF51,POP65OVER,2024,25.7,,,,TIPO_DATO15__POP65OVER_N1,,,
IT1:22_293_DF_DCIS_INDDEMOG1_1(1.0),A,ITF51,POP65OVER,2025,26.3,,,,TIPO_DATO15__POP65OVER_N1,,,
IT1:22_293_DF_DCIS_INDDEMOG1_1(1.0),A,ITF51,POP65OVER,2026,26.9,e,,,TIPO_DATO15__POP65OVER_N1,,,
IT1:22_293_DF_DCIS_INDDEMOG1_1(1.0),A,ITF52,POP65OVER,2015,21.2,,,,TIPO_DATO15__POP65OVER_N1,,,
IT1:22_293_DF_DCIS_INDDEMOG1_1(1.0),A,ITF52,POP65OVER,2016,21.6,,,,TIPO_DATO15__POP65OVER_N1,,,
IT1:22_293_DF_DCIS_INDDEMOG1_1(1.0),A,ITF52,POP65OVER,2017,21.9,,,,TIPO_DATO15__POP65OVER_N1,,,
IT1:22_293_DF_DCIS_INDDEMOG1_1(1.0),A,ITF52,POP65OVER,2018,22.2,,,,TIPO_DATO15__POP65OVER_N1,,,
IT1:22_293_DF_DCIS_INDDEMOG1_1(1.0),A,ITF52,POP65OVER,2019,22.6,,,,TIPO_DATO15__POP65OVER_N1,,,
IT1:22_293_DF_DCIS_INDDEMOG1_1(1.0),A,ITF52,POP65OVER,2020,23.1,,,,TIPO_DATO15__POP65OVER_N1,,,
IT1:22_293_DF_DCIS_INDDEMOG1_1(1.0),A,ITF52,POP65OVER,2021,23.6,,,,TIPO_DATO15__POP65OVER_N1,,,
IT1:22_293_DF_DCIS_INDDEMOG1_1(1.0),A,ITF52,POP65OVER,2022,24,,,,TIPO_DATO15__POP65OVER_N1,,,
IT1:22_293_DF_DCIS_INDDEMOG1_1(1.0),A,ITF52,POP65OVER,2023,24.3,,,,TIPO_DATO15__POP65OVER_N1,,,
IT1:22_293_DF_DCIS_INDDEMOG1_1(1.0),A,ITF52,POP65OVER,2024,24.8,,,,TIPO_DATO15__POP65OVER_N1,,,
IT1:22_293_DF_DCIS_INDDEMOG1_1(1.0),A,ITF52,POP65OVER,2025,25.4,,,,TIPO_DATO15__POP65OVER_N1,,,
IT1:22_293_DF_DCIS_INDDEMOG1_1(1.0),A,ITF52,POP65OVER,2026,25.9,e,,,TIPO_DATO15__POP65OVER_N1,,,
IT1:22_293_DF_DCIS_INDDEMOG1_1(1.0),A,ITF6,POP65OVER,2015,20.3,,,,TIPO_DATO15__POP65OVER_N1,,,
IT1:22_293_DF_DCIS_INDDEMOG1_1(1.0),A,ITF6,POP65OVER,2016,20.6,,,,TIPO_DATO15__POP65OVER_N1,,,
IT1:22_293_DF_DCIS_INDDEMOG1_1(1.0),A,ITF6,POP65OVER,2017,21,,,,TIPO_DATO15__POP65OVER_N1,,,
IT1:22_293_DF_DCIS_INDDEMOG1_1(1.0),A,ITF6,POP65OVER,2018,21.2,,,,TIPO_DATO15__POP65OVER_N1,,,
IT1:22_293_DF_DCIS_INDDEMOG1_1(1.0),A,ITF6,POP65OVER,2019,21.6,,,,TIPO_DATO15__POP65OVER_N1,,,
IT1:22_293_DF_DCIS_INDDEMOG1_1(1.0),A,ITF6,POP65OVER,2020,22.2,,,,TIPO_DATO15__POP65OVER_N1,,,
IT1:22_293_DF_DCIS_INDDEMOG1_1(1.0),A,ITF6,POP65OVER,2021,22.9,,,,TIPO_DATO15__POP65OVER_N1,,,
IT1:22_293_DF_DCIS_INDDEMOG1_1(1.0),A,ITF6,POP65OVER,2022,23.2,,,,TIPO_DATO15__POP65OVER_N1,,,
IT1:22_293_DF_DCIS_INDDEMOG1_1(1.0),A,ITF6,POP65OVER,2023,23.6,,,,TIPO_DATO15__POP65OVER_N1,,,
IT1:22_293_DF_DCIS_INDDEMOG1_1(1.0),A,ITF6,POP65OVER,2024,24,,,,TIPO_DATO15__POP65OVER_N1,,,
IT1:22_293_DF_DCIS_INDDEMOG1_1(1.0),A,ITF6,POP65OVER,2025,24.5,,,,TIPO_DATO15__POP65OVER_N1,,,
IT1:22_293_DF_DCIS_INDDEMOG1_1(1.0),A,ITF6,POP65OVER,2026,25,e,,,TIPO_DATO15__POP65OVER_N1,,,
IT1:22_293_DF_DCIS_INDDEMOG1_1(1.0),A,ITF61,POP65OVER,2015,20.7,,,,TIPO_DATO15__POP65OVER_N1,,,
IT1:22_293_DF_DCIS_INDDEMOG1_1(1.0),A,ITF61,POP65OVER,2016,21.1,,,,TIPO_DATO15__POP65OVER_N1,,,
IT1:22_293_DF_DCIS_INDDEMOG1_1(1.0),A,ITF61,POP65OVER,2017,21.4,,,,TIPO_DATO15__POP65OVER_N1,,,
IT1:22_293_DF_DCIS_INDDEMOG1_1(1.0),A,ITF61,POP65OVER,2018,21.7,,,,TIPO_DATO15__POP65OVER_N1,,,
IT1:22_293_DF_DCIS_INDDEMOG1_1(1.0),A,ITF61,POP65OVER,2019,22.1,,,,TIPO_DATO15__POP65OVER_N1,,,
IT1:22_293_DF_DCIS_INDDEMOG1_1(1.0),A,ITF61,POP65OVER,2020,22.6,,,,TIPO_DATO15__POP65OVER_N1,,,
IT1:22_293_DF_DCIS_INDDEMOG1_1(1.0),A,ITF61,POP65OVER,2021,23.3,,,,TIPO_DATO15__POP65OVER_N1,,,
IT1:22_293_DF_DCIS_INDDEMOG1_1(1.0),A,ITF61,POP65OVER,2022,23.6,,,,TIPO_DATO15__POP65OVER_N1,,,
IT1:22_293_DF_DCIS_INDDEMOG1_1(1.0),A,ITF61,POP65OVER,2023,24,,,,TIPO_DATO15__POP65OVER_N1,,,
IT1:22_293_DF_DCIS_INDDEMOG1_1(1.0),A,ITF61,POP65OVER,2024,24.4,,,,TIPO_DATO15__POP65OVER_N1,,,
IT1:22_293_DF_DCIS_INDDEMOG1_1(1.0),A,ITF61,POP65OVER,2025,24.8,,,,TIPO_DATO15__POP65OVER_N1,,,
IT1:22_293_DF_DCIS_INDDEMOG1_1(1.0),A,ITF61,POP65OVER,2026,25.4,e,,,TIPO_DATO15__POP65OVER_N1,,,
IT1:22_293_DF_DCIS_INDDEMOG1_1(1.0),A,ITF62,POP65OVER,2015,18.6,,,,TIPO_DATO15__POP65OVER_N1,,,
IT1:22_293_DF_DCIS_INDDEMOG1_1(1.0),A,ITF62,POP65OVER,2016,18.8,,,,TIPO_DATO15__POP65OVER_N1,,,
IT1:22_293_DF_DCIS_INDDEMOG1_1(1.0),A,ITF62,POP65OVER,2017,19.1,,,,TIPO_DATO15__POP65OVER_N1,,,
IT1:22_293_DF_DCIS_INDDEMOG1_1(1.0),A,ITF62,POP65OVER,2018,19.3,,,,TIPO_DATO15__POP65OVER_N1,,,
IT1:22_293_DF_DCIS_INDDEMOG1_1(1.0),A,ITF62,POP65OVER,2019,19.7,,,,TIPO_DATO15__POP65OVER_N1,,,
IT1:22_293_DF_DCIS_INDDEMOG1_1(1.0),A,ITF62,POP65OVER,2020,20.4,,,,TIPO_DATO15__POP65OVER_N1,,,
IT1:22_293_DF_DCIS_INDDEMOG1_1(1.0),A,ITF62,POP65OVER,2021,21.3,,,,TIPO_DATO15__POP65OVER_N1,,,
IT1:22_293_DF_DCIS_INDDEMOG1_1(1.0),A,ITF62,POP65OVER,2022,21.7,,,,TIPO_DATO15__POP65OVER_N1,,,
IT1:22_293_DF_DCIS_INDDEMOG1_1(1.0),A,ITF62,POP65OVER,2023,22.1,,,,TIPO_DATO15__POP65OVER_N1,,,
IT1:22_293_DF_DCIS_INDDEMOG1_1(1.0),A,ITF62,POP65OVER,2024,22.5,,,,TIPO_DATO15__POP65OVER_N1,,,
IT1:22_293_DF_DCIS_INDDEMOG1_1(1.0),A,ITF62,POP65OVER,2025,22.9,,,,TIPO_DATO15__POP65OVER_N1,,,
IT1:22_293_DF_DCIS_INDDEMOG1_1(1.0),A,ITF62,POP65OVER,2026,23.4,e,,,TIPO_DATO15__POP65OVER_N1,,,
IT1:22_293_DF_DCIS_INDDEMOG1_1(1.0),A,ITF63,POP65OVER,2015,20.4,,,,TIPO_DATO15__POP65OVER_N1,,,
IT1:22_293_DF_DCIS_INDDEMOG1_1(1.0),A,ITF63,POP65OVER,2016,20.7,,,,TIPO_DATO15__POP65OVER_N1,,,
IT1:22_293_DF_DCIS_INDDEMOG1_1(1.0),A,ITF63,POP65OVER,2017,21.1,,,,TIPO_DATO15__POP65OVER_N1,,,
IT1:22_293_DF_DCIS_INDDEMOG1_1(1.0),A,ITF63,POP65OVER,2018,21.4,,,,TIPO_DATO15__POP65OVER_N1,,,
IT1:22_293_DF_DCIS_INDDEMOG1_1(1.0),A,ITF63,POP65OVER,2019,21.9,,,,TIPO_DATO15__POP65OVER_N1,,,
IT1:22_293_DF_DCIS_INDDEMOG1_1(1.0),A,ITF63,POP65OVER,2020,22.4,,,,TIPO_DATO15__POP65OVER_N1,,,
IT1:22_293_DF_DCIS_INDDEMOG1_1(1.0),A,ITF63,POP65OVER,2021,23.2,,,,TIPO_DATO15__POP65OVER_N1,,,
IT1:22_293_DF_DCIS_INDDEMOG1_1(1.0),A,ITF63,POP65OVER,2022,23.6,,,,TIPO_DATO15__POP65OVER_N1,,,
IT1:22_293_DF_DCIS_INDDEMOG1_1(1.0),A,ITF63,POP65OVER,2023,24.1,,,,TIPO_DATO15__POP65OVER_N1,,,
IT1:22_293_DF_DCIS_INDDEMOG1_1(1.0),A,ITF63,POP65OVER,2024,24.6,,,,TIPO_DATO15__POP65OVER_N1,,,
IT1:22_293_DF_DCIS_INDDEMOG1_1(1.0),A,ITF63,POP65OVER,2025,25.1,,,,TIPO_DATO15__POP65OVER_N1,,,
IT1:22_293_DF_DCIS_INDDEMOG1_1(1.0),A,ITF63,POP65OVER,2026,25.7,e,,,TIPO_DATO15__POP65OVER_N1,,,
IT1:22_293_DF_DCIS_INDDEMOG1_1(1.0),A,ITF64,POP65OVER,2015,20.4,,,,TIPO_DATO15__POP65OVER_N1,,,
IT1:22_293_DF_DCIS_INDDEMOG1_1(1.0),A,ITF64,POP65OVER,2016,20.7,,,,TIPO_DATO15__POP65OVER_N1,,,
IT1:22_293_DF_DCIS_INDDEMOG1_1(1.0),A,ITF64,POP65OVER,2017,21.1,,,,TIPO_DATO15__POP65OVER_N1,,,
IT1:22_293_DF_DCIS_INDDEMOG1_1(1.0),A,ITF64,POP65OVER,2018,21.4,,,,TIPO_DATO15__POP65OVER_N1,,,
IT1:22_293_DF_DCIS_INDDEMOG1_1(1.0),A,ITF64,POP65OVER,2019,21.8,,,,TIPO_DATO15__POP65OVER_N1,,,
IT1:22_293_DF_DCIS_INDDEMOG1_1(1.0),A,ITF64,POP65OVER,2020,22.3,,,,TIPO_DATO15__POP65OVER_N1,,,
IT1:22_293_DF_DCIS_INDDEMOG1_1(1.0),A,ITF64,POP65OVER,2021,23,,,,TIPO_DATO15__POP65OVER_N1,,,
IT1:22_293_DF_DCIS_INDDEMOG1_1(1.0),A,ITF64,POP65OVER,2022,23.3,,,,TIPO_DATO15__POP65OVER_N1,,,
IT1:22_293_DF_DCIS_INDDEMOG1_1(1.0),A,ITF64,POP65OVER,2023,23.7,,,,TIPO_DATO15__POP65OVER_N1,,,
IT1:22_293_DF_DCIS_INDDEMOG1_1(1.0),A,ITF64,POP65OVER,2024,24,,,,TIPO_DATO15__POP65OVER_N1,,,
IT1:22_293_DF_DCIS_INDDEMOG1_1(1.0),A,ITF64,POP65OVER,2025,24.4,,,,TIPO_DATO15__POP65OVER_N1,,,
IT1:22_293_DF_DCIS_INDDEMOG1_1(1.0),A,ITF64,POP65OVER,2026,25,e,,,TIPO_DATO15__POP65OVER_N1,,,
IT1:22_293_DF_DCIS_INDDEMOG1_1(1.0),A,ITF65,POP65OVER,2015,20.2,,,,TIPO_DATO15__POP65OVER_N1,,,
IT1:22_293_DF_DCIS_INDDEMOG1_1(1.0),A,ITF65,POP65OVER,2016,20.5,,,,TIPO_DATO15__POP65OVER_N1,,,
IT1:22_293_DF_DCIS_INDDEMOG1_1(1.0),A,ITF65,POP65OVER,2017,20.8,,,,TIPO_DATO15__POP65OVER_N1,,,
IT1:22_293_DF_DCIS_INDDEMOG1_1(1.0),A,ITF65,POP65OVER,2018,21,,,,TIPO_DATO15__POP65OVER_N1,,,
IT1:22_293_DF_DCIS_INDDEMOG1_1(1.0),A,ITF65,POP65OVER,2019,21.4,,,,TIPO_DATO15__POP65OVER_N1,,,
IT1:22_293_DF_DCIS_INDDEMOG1_1(1.0),A,ITF65,POP65OVER,2020,21.9,,,,TIPO_DATO15__POP65OVER_N1,,,
IT1:22_293_DF_DCIS_INDDEMOG1_1(1.0),A,ITF65,POP65OVER,2021,22.6,,,,TIPO_DATO15__POP65OVER_N1,,,
IT1:22_293_DF_DCIS_INDDEMOG1_1(1.0),A,ITF65,POP65OVER,2022,22.8,,,,TIPO_DATO15__POP65OVER_N1,,,
IT1:22_293_DF_DCIS_INDDEMOG1_1(1.0),A,ITF65,POP65OVER,2023,23.2,,,,TIPO_DATO15__POP65OVER_N1,,,
IT1:22_293_DF_DCIS_INDDEMOG1_1(1.0),A,ITF65,POP65OVER,2024,23.6,,,,TIPO_DATO15__POP65OVER_N1,,,
IT1:22_293_DF_DCIS_INDDEMOG1_1(1.0),A,ITF65,POP65OVER,2025,24,,,,TIPO_DATO15__POP65OVER_N1,,,
IT1:22_293_DF_DCIS_INDDEMOG1_1(1.0),A,ITF65,POP65OVER,2026,24.6,e,,,TIPO_DATO15__POP65OVER_N1,,,
IT1:22_293_DF_DCIS_INDDEMOG1_1(1.0),A,ITFG,POP65OVER,2015,19.9,,,,TIPO_DATO15__POP65OVER_N1,,,
IT1:22_293_DF_DCIS_INDDEMOG1_1(1.0),A,ITFG,POP65OVER,2016,20.2,,,,TIPO_DATO15__POP65OVER_N1,,,
IT1:22_293_DF_DCIS_INDDEMOG1_1(1.0),A,ITFG,POP65OVER,2017,20.6,,,,TIPO_DATO15__POP65OVER_N1,,,
IT1:22_293_DF_DCIS_INDDEMOG1_1(1.0),A,ITFG,POP65OVER,2018,20.8,,,,TIPO_DATO15__POP65OVER_N1,,,
IT1:22_293_DF_DCIS_INDDEMOG1_1(1.0),A,ITFG,POP65OVER,2019,21.2,,,,TIPO_DATO15__POP65OVER_N1,,,
IT1:22_293_DF_DCIS_INDDEMOG1_1(1.0),A,ITFG,POP65OVER,2020,21.7,,,,TIPO_DATO15__POP65OVER_N1,,,
IT1:22_293_DF_DCIS_INDDEMOG1_1(1.0),A,ITFG,POP65OVER,2021,22.3,,,,TIPO_DATO15__POP65OVER_N1,,,
IT1:22_293_DF_DCIS_INDDEMOG1_1(1.0),A,ITFG,POP65OVER,2022,22.6,,,,TIPO_DATO15__POP65OVER_N1,,,
IT1:22_293_DF_DCIS_INDDEMOG1_1(1.0),A,ITFG,POP65OVER,2023,23,,,,TIPO_DATO15__POP65OVER_N1,,,
IT1:22_293_DF_DCIS_INDDEMOG1_1(1.0),A,ITFG,POP65OVER,2024,23.4,,,,TIPO_DATO15__POP65OVER_N1,,,
IT1:22_293_DF_DCIS_INDDEMOG1_1(1.0),A,ITFG,POP65OVER,2025,23.9,,,,TIPO_DATO15__POP65OVER_N1,,,
IT1:22_293_DF_DCIS_INDDEMOG1_1(1.0),A,ITFG,POP65OVER,2026,24.4,e,,,TIPO_DATO15__POP65OVER_N1,,,
IT1:22_293_DF_DCIS_INDDEMOG1_1(1.0),A,ITG,POP65OVER,2015,20.4,,,,TIPO_DATO15__POP65OVER_N1,,,
IT1:22_293_DF_DCIS_INDDEMOG1_1(1.0),A,ITG,POP65OVER,2016,20.7,,,,TIPO_DATO15__POP65OVER_N1,,,
IT1:22_293_DF_DCIS_INDDEMOG1_1(1.0),A,ITG,POP65OVER,2017,21.1,,,,TIPO_DATO15__POP65OVER_N1,,,
IT1:22_293_DF_DCIS_INDDEMOG1_1(1.0),A,ITG,POP65OVER,2018,21.4,,,,TIPO_DATO15__POP65OVER_N1,,,
IT1:22_293_DF_DCIS_INDDEMOG1_1(1.0),A,ITG,POP65OVER,2019,21.8,,,,TIPO_DATO15__POP65OVER_N1,,,
IT1:22_293_DF_DCIS_INDDEMOG1_1(1.0),A,ITG,POP65OVER,2020,22.4,,,,TIPO_DATO15__POP65OVER_N1,,,
IT1:22_293_DF_DCIS_INDDEMOG1_1(1.0),A,ITG,POP65OVER,2021,23.1,,,,TIPO_DATO15__POP65OVER_N1,,,
IT1:22_293_DF_DCIS_INDDEMOG1_1(1.0),A,ITG,POP65OVER,2022,23.3,,,,TIPO_DATO15__POP65OVER_N1,,,
IT1:22_293_DF_DCIS_INDDEMOG1_1(1.0),A,ITG,POP65OVER,2023,23.7,,,,TIPO_DATO15__POP65OVER_N1,,,
IT1:22_293_DF_DCIS_INDDEMOG1_1(1.0),A,ITG,POP65OVER,2024,24.1,,,,TIPO_DATO15__POP65OVER_N1,,,
IT1:22_293_DF_DCIS_INDDEMOG1_1(1.0),A,ITG,POP65OVER,2025,24.6,,,,TIPO_DATO15__POP65OVER_N1,,,
IT1:22_293_DF_DCIS_INDDEMOG1_1(1.0),A,ITG,POP65OVER,2026,25.2,e,,,TIPO_DATO15__POP65OVER_N1,,,
IT1:22_293_DF_DCIS_INDDEMOG1_1(1.0),A,ITG1,POP65OVER,2015,20,,,,TIPO_DATO15__POP65OVER_N1,,,
IT1:22_293_DF_DCIS_INDDEMOG1_1(1.0),A,ITG1,POP65OVER,2016,20.3,,,,TIPO_DATO15__POP65OVER_N1,,,
IT1:22_293_DF_DCIS_INDDEMOG1_1(1.0),A,ITG1,POP65OVER,2017,20.6,,,,TIPO_DATO15__POP65OVER_N1,,,
IT1:22_293_DF_DCIS_INDDEMOG1_1(1.0),A,ITG1,POP65OVER,2018,20.9,,,,TIPO_DATO15__POP65OVER_N1,,,
IT1:22_293_DF_DCIS_INDDEMOG1_1(1.0),A,ITG1,POP65OVER,2019,21.2,,,,TIPO_DATO15__POP65OVER_N1,,,
IT1:22_293_DF_DCIS_INDDEMOG1_1(1.0),A,ITG1,POP65OVER,2020,21.7,,,,TIPO_DATO15__POP65OVER_N1,,,
IT1:22_293_DF_DCIS_INDDEMOG1_1(1.0),A,ITG1,POP65OVER,2021,22.3,,,,TIPO_DATO15__POP65OVER_N1,,,
IT1:22_293_DF_DCIS_INDDEMOG1_1(1.0),A,ITG1,POP65OVER,2022,22.6,,,,TIPO_DATO15__POP65OVER_N1,,,
IT1:22_293_DF_DCIS_INDDEMOG1_1(1.0),A,ITG1,POP65OVER,2023,22.9,,,,TIPO_DATO15__POP65OVER_N1,,,
IT1:22_293_DF_DCIS_INDDEMOG1_1(1.0),A,ITG1,POP65OVER,2024,23.2,,,,TIPO_DATO15__POP65OVER_N1,,,
IT1:22_293_DF_DCIS_INDDEMOG1_1(1.0),A,ITG1,POP65OVER,2025,23.7,,,,TIPO_DATO15__POP65OVER_N1,,,
IT1:22_293_DF_DCIS_INDDEMOG1_1(1.0),A,ITG1,POP65OVER,2026,24.2,e,,,TIPO_DATO15__POP65OVER_N1,,,
IT1:22_293_DF_DCIS_INDDEMOG1_1(1.0),A,ITG11,POP65OVER,2015,21.8,,,,TIPO_DATO15__POP65OVER_N1,,,
IT1:22_293_DF_DCIS_INDDEMOG1_1(1.0),A,ITG11,POP65OVER,2016,22,,,,TIPO_DATO15__POP65OVER_N1,,,
IT1:22_293_DF_DCIS_INDDEMOG1_1(1.0),A,ITG11,POP65OVER,2017,22.3,,,,TIPO_DATO15__POP65OVER_N1,,,
IT1:22_293_DF_DCIS_INDDEMOG1_1(1.0),A,ITG11,POP65OVER,2018,22.5,,,,TIPO_DATO15__POP65OVER_N1,,,
IT1:22_293_DF_DCIS_INDDEMOG1_1(1.0),A,ITG11,POP65OVER,2019,22.8,,,,TIPO_DATO15__POP65OVER_N1,,,
IT1:22_293_DF_DCIS_INDDEMOG1_1(1.0),A,ITG11,POP65OVER,2020,23.2,,,,TIPO_DATO15__POP65OVER_N1,,,
IT1:22_293_DF_DCIS_INDDEMOG1_1(1.0),A,ITG11,POP65OVER,2021,23.8,,,,TIPO_DATO15__POP65OVER_N1,,,
IT1:22_293_DF_DCIS_INDDEMOG1_1(1.0),A,ITG11,POP65OVER,2022,24.1,,,,TIPO_DATO15__POP65OVER_N1,,,
IT1:22_293_DF_DCIS_INDDEMOG1_1(1.0),A,ITG11,POP65OVER,2023,24.3,,,,TIPO_DATO15__POP65OVER_N1,,,
IT1:22_293_DF_DCIS_INDDEMOG1_1(1.0),A,ITG11,POP65OVER,2024,24.7,,,,TIPO_DATO15__POP65OVER_N1,,,
IT1:22_293_DF_DCIS_INDDEMOG1_1(1.0),A,ITG11,POP65OVER,2025,25,,,,TIPO_DATO15__POP65OVER_N1,,,
IT1:22_293_DF_DCIS_INDDEMOG1_1(1.0),A,ITG11,POP65OVER,2026,25.4,e,,,TIPO_DATO15__POP65OVER_N1,,,
IT1:22_293_DF_DCIS_INDDEMOG1_1(1.0),A,ITG12,POP65OVER,2015,19.3,,,,TIPO_DATO15__POP65OVER_N1,,,
IT1:22_293_DF_DCIS_INDDEMOG1_1(1.0),A,ITG12,POP65OVER,2016,19.6,,,,TIPO_DATO15__POP65OVER_N1,,,
IT1:22_293_DF_DCIS_INDDEMOG1_1(1.0),A,ITG12,POP65OVER,2017,20,,,,TIPO_DATO15__POP65OVER_N1,,,
IT1:22_293_DF_DCIS_INDDEMOG1_1(1.0),A,ITG12,POP65OVER,2018,20.3,,,,TIPO_DATO15__POP65OVER_N1,,,
IT1:22_293_DF_DCIS_INDDEMOG1_1(1.0),A,ITG12,POP65OVER,2019,20.7,,,,TIPO_DATO15__POP65OVER_N1,,,
IT1:22_293_DF_DCIS_INDDEMOG1_1(1.0),A,ITG12,POP65OVER,2020,21.2,,,,TIPO_DATO15__POP65OVER_N1,,,
IT1:22_293_DF_DCIS_INDDEMOG1_1(1.0),A,ITG12,POP65OVER,2021,21.9,,,,TIPO_DATO15__POP65OVER_N1,,,
IT1:22_293_DF_DCIS_INDDEMOG1_1(1.0),A,ITG12,POP65OVER,2022,22.1,,,,TIPO_DATO15__POP65OVER_N1,,,
IT1:22_293_DF_DCIS_INDDEMOG1_1(1.0),A,ITG12,POP65OVER,2023,22.5,,,,TIPO_DATO15__POP65OVER_N1,,,
IT1:22_293_DF_DCIS_INDDEMOG1_1(1.0),A,ITG12,POP65OVER,2024,22.8,,,,TIPO_DATO15__POP65OVER_N1,,,
IT1:22_293_DF_DCIS_INDDEMOG1_1(1.0),A,ITG12,POP65OVER,2025,23.3,,,,TIPO_DATO15__POP65OVER_N1,,,
IT1:22_293_DF_DCIS_INDDEMOG1_1(1.0),A,ITG12,POP65OVER,2026,23.8,e,,,TIPO_DATO15__POP65OVER_N1,,,
IT1:22_293_DF_DCIS_INDDEMOG1_1(1.0),A,ITG13,POP65OVER,2015,21.8,,,,TIPO_DATO15__POP65OVER_N1,,,
IT1:22_293_DF_DCIS_INDDEMOG1_1(1.0),A,ITG13,POP65OVER,2016,22.1,,,,TIPO_DATO15__POP65OVER_N1,,,
IT1:22_293_DF_DCIS_INDDEMOG1_1(1.0),A,ITG13,POP65OVER,2017,22.4,,,,TIPO_DATO15__POP65OVER_N1,,,
IT1:22_293_DF_DCIS_INDDEMOG1_1(1.0),A,ITG13,POP65OVER,2018,22.7,,,,TIPO_DATO15__POP65OVER_N1,,,
IT1:22_293_DF_DCIS_INDDEMOG1_1(1.0),A,ITG13,POP65OVER,2019,23.1,,,,TIPO_DATO15__POP65OVER_N1,,,
IT1:22_293_DF_DCIS_INDDEMOG1_1(1.0),A,ITG13,POP65OVER,2020,23.6,,,,TIPO_DATO15__POP65OVER_N1,,,
IT1:22_293_DF_DCIS_INDDEMOG1_1(1.0),A,ITG13,POP65OVER,2021,24.2,,,,TIPO_DATO15__POP65OVER_N1,,,
IT1:22_293_DF_DCIS_INDDEMOG1_1(1.0),A,ITG13,POP65OVER,2022,24.5,,,,TIPO_DATO15__POP65OVER_N1,,,
IT1:22_293_DF_DCIS_INDDEMOG1_1(1.0),A,ITG13,POP65OVER,2023,24.8,,,,TIPO_DATO15__POP65OVER_N1,,,
IT1:22_293_DF_DCIS_INDDEMOG1_1(1.0),A,ITG13,POP65OVER,2024,25.2,,,,TIPO_DATO15__POP65OVER_N1,,,
IT1:22_293_DF_DCIS_INDDEMOG1_1(1.0),A,ITG13,POP65OVER,2025,25.6,,,,TIPO_DATO15__POP65OVER_N1,,,
IT1:22_293_DF_DCIS_INDDEMOG1_1(1.0),A,ITG13,POP65OVER,2026,26.2,e,,,TIPO_DATO15__POP65OVER_N1,,,
IT1:22_293_DF_DCIS_INDDEMOG1_1(1.0),A,ITG14,POP65OVER,2015,20.9,,,,TIPO_DATO15__POP65OVER_N1,,,
IT1:22_293_DF_DCIS_INDDEMOG1_1(1.0),A,ITG14,POP65OVER,2016,21.1,,,,TIPO_DATO15__POP65OVER_N1,,,
IT1:22_293_DF_DCIS_INDDEMOG1_1(1.0),A,ITG14,POP65OVER,2017,21.5,,,,TIPO_DATO15__POP65OVER_N1,,,
IT1:22_293_DF_DCIS_INDDEMOG1_1(1.0),A,ITG14,POP65OVER,2018,21.7,,,,TIPO_DATO15__POP65OVER_N1,,,
IT1:22_293_DF_DCIS_INDDEMOG1_1(1.0),A,ITG14,POP65OVER,2019,22,,,,TIPO_DATO15__POP65OVER_N1,,,
IT1:22_293_DF_DCIS_INDDEMOG1_1(1.0),A,ITG14,POP65OVER,2020,22.5,,,,TIPO_DATO15__POP65OVER_N1,,,
IT1:22_293_DF_DCIS_INDDEMOG1_1(1.0),A,ITG14,POP65OVER,2021,23.2,,,,TIPO_DATO15__POP65OVER_N1,,,
IT1:22_293_DF_DCIS_INDDEMOG1_1(1.0),A,ITG14,POP65OVER,2022,23.3,,,,TIPO_DATO15__POP65OVER_N1,,,
IT1:22_293_DF_DCIS_INDDEMOG1_1(1.0),A,ITG14,POP65OVER,2023,23.7,,,,TIPO_DATO15__POP65OVER_N1,,,
IT1:22_293_DF_DCIS_INDDEMOG1_1(1.0),A,ITG14,POP65OVER,2024,24,,,,TIPO_DATO15__POP65OVER_N1,,,
IT1:22_293_DF_DCIS_INDDEMOG1_1(1.0),A,ITG14,POP65OVER,2025,24.5,,,,TIPO_DATO15__POP65OVER_N1,,,
IT1:22_293_DF_DCIS_INDDEMOG1_1(1.0),A,ITG14,POP65OVER,2026,25,e,,,TIPO_DATO15__POP65OVER_N1,,,
IT1:22_293_DF_DCIS_INDDEMOG1_1(1.0),A,ITG15,POP65OVER,2015,19.9,,,,TIPO_DATO15__POP65OVER_N1,,,
IT1:22_293_DF_DCIS_INDDEMOG1_1(1.0),A,ITG15,POP65OVER,2016,20.1,,,,TIPO_DATO15__POP65OVER_N1,,,
IT1:22_293_DF_DCIS_INDDEMOG1_1(1.0),A,ITG15,POP65OVER,2017,20.4,,,,TIPO_DATO15__POP65OVER_N1,,,
IT1:22_293_DF_DCIS_INDDEMOG1_1(1.0),A,ITG15,POP65OVER,2018,20.7,,,,TIPO_DATO15__POP65OVER_N1,,,
IT1:22_293_DF_DCIS_INDDEMOG1_1(1.0),A,ITG15,POP65OVER,2019,21,,,,TIPO_DATO15__POP65OVER_N1,,,
IT1:22_293_DF_DCIS_INDDEMOG1_1(1.0),A,ITG15,POP65OVER,2020,21.5,,,,TIPO_DATO15__POP65OVER_N1,,,
IT1:22_293_DF_DCIS_INDDEMOG1_1(1.0),A,ITG15,POP65OVER,2021,22.2,,,,TIPO_DATO15__POP65OVER_N1,,,
IT1:22_293_DF_DCIS_INDDEMOG1_1(1.0),A,ITG15,POP65OVER,2022,22.5,,,,TIPO_DATO15__POP65OVER_N1,,,
IT1:22_293_DF_DCIS_INDDEMOG1_1(1.0),A,ITG15,POP65OVER,2023,22.8,,,,TIPO_DATO15__POP65OVER_N1,,,
IT1:22_293_DF_DCIS_INDDEMOG1_1(1.0),A,ITG15,POP65OVER,2024,23.3,,,,TIPO_DATO15__POP65OVER_N1,,,
IT1:22_293_DF_DCIS_INDDEMOG1_1(1.0),A,ITG15,POP65OVER,2025,23.9,,,,TIPO_DATO15__POP65OVER_N1,,,
IT1:22_293_DF_DCIS_INDDEMOG1_1(1.0),A,ITG15,POP65OVER,2026,24.6,e,,,TIPO_DATO15__POP65OVER_N1,,,
IT1:22_293_DF_DCIS_INDDEMOG1_1(1.0),A,ITG16,POP65OVER,2015,21.5,,,,TIPO_DATO15__POP65OVER_N1,,,
IT1:22_293_DF_DCIS_INDDEMOG1_1(1.0),A,ITG16,POP65OVER,2016,21.8,,,,TIPO_DATO15__POP65OVER_N1,,,
IT1:22_293_DF_DCIS_INDDEMOG1_1(1.0),A,ITG16,POP65OVER,2017,22.2,,,,TIPO_DATO15__POP65OVER_N1,,,
IT1:22_293_DF_DCIS_INDDEMOG1_1(1.0),A,ITG16,POP65OVER,2018,22.6,,,,TIPO_DATO15__POP65OVER_N1,,,
IT1:22_293_DF_DCIS_INDDEMOG1_1(1.0),A,ITG16,POP65OVER,2019,23,,,,TIPO_DATO15__POP65OVER_N1,,,
IT1:22_293_DF_DCIS_INDDEMOG1_1(1.0),A,ITG16,POP65OVER,2020,23.5,,,,TIPO_DATO15__POP65OVER_N1,,,
IT1:22_293_DF_DCIS_INDDEMOG1_1(1.0),A,ITG16,POP65OVER,2021,24.2,,,,TIPO_DATO15__POP65OVER_N1,,,
IT1:22_293_DF_DCIS_INDDEMOG1_1(1.0),A,ITG16,POP65OVER,2022,24.5,,,,TIPO_DATO15__POP65OVER_N1,,,
IT1:22_293_DF_DCIS_INDDEMOG1_1(1.0),A,ITG16,POP65OVER,2023,24.8,,,,TIPO_DATO15__POP65OVER_N1,,,
IT1:22_293_DF_DCIS_INDDEMOG1_1(1.0),A,ITG16,POP65OVER,2024,25.2,,,,TIPO_DATO15__POP65OVER_N1,,,
IT1:22_293_DF_DCIS_INDDEMOG1_1(1.0),A,ITG16,POP65OVER,2025,25.8,,,,TIPO_DATO15__POP65OVER_N1,,,
IT1:22_293_DF_DCIS_INDDEMOG1_1(1.0),A,ITG16,POP65OVER,2026,26.4,e,,,TIPO_DATO15__POP65OVER_N1,,,
IT1:22_293_DF_DCIS_INDDEMOG1_1(1.0),A,ITG17,POP65OVER,2015,18.5,,,,TIPO_DATO15__POP65OVER_N1,,,
IT1:22_293_DF_DCIS_INDDEMOG1_1(1.0),A,ITG17,POP65OVER,2016,18.8,,,,TIPO_DATO15__POP65OVER_N1,,,
IT1:22_293_DF_DCIS_INDDEMOG1_1(1.0),A,ITG17,POP65OVER,2017,19.1,,,,TIPO_DATO15__POP65OVER_N1,,,
IT1:22_293_DF_DCIS_INDDEMOG1_1(1.0),A,ITG17,POP65OVER,2018,19.4,,,,TIPO_DATO15__POP65OVER_N1,,,
IT1:22_293_DF_DCIS_INDDEMOG1_1(1.0),A,ITG17,POP65OVER,2019,19.7,,,,TIPO_DATO15__POP65OVER_N1,,,
IT1:22_293_DF_DCIS_INDDEMOG1_1(1.0),A,ITG17,POP65OVER,2020,20.2,,,,TIPO_DATO15__POP65OVER_N1,,,
IT1:22_293_DF_DCIS_INDDEMOG1_1(1.0),A,ITG17,POP65OVER,2021,21,,,,TIPO_DATO15__POP65OVER_N1,,,
IT1:22_293_DF_DCIS_INDDEMOG1_1(1.0),A,ITG17,POP65OVER,2022,21.2,,,,TIPO_DATO15__POP65OVER_N1,,,
IT1:22_293_DF_DCIS_INDDEMOG1_1(1.0),A,ITG17,POP65OVER,2023,21.5,,,,TIPO_DATO15__POP65OVER_N1,,,
IT1:22_293_DF_DCIS_INDDEMOG1_1(1.0),A,ITG17,POP65OVER,2024,21.9,,,,TIPO_DATO15__POP65OVER_N1,,,
IT1:22_293_DF_DCIS_INDDEMOG1_1(1.0),A,ITG17,POP65OVER,2025,22.4,,,,TIPO_DATO15__POP65OVER_N1,,,
IT1:22_293_DF_DCIS_INDDEMOG1_1(1.0),A,ITG17,POP65OVER,2026,23,e,,,TIPO_DATO15__POP65OVER_N1,,,
IT1:22_293_DF_DCIS_INDDEMOG1_1(1.0),A,ITG18,POP65OVER,2015,19.5,,,,TIPO_DATO15__POP65OVER_N1,,,
IT1:22_293_DF_DCIS_INDDEMOG1_1(1.0),A,ITG18,POP65OVER,2016,19.7,,,,TIPO_DATO15__POP65OVER_N1,,,
IT1:22_293_DF_DCIS_INDDEMOG1_1(1.0),A,ITG18,POP65OVER,2017,19.8,,,,TIPO_DATO15__POP65OVER_N1,,,
IT1:22_293_DF_DCIS_INDDEMOG1_1(1.0),A,ITG18,POP65OVER,2018,20,,,,TIPO_DATO15__POP65OVER_N1,,,
IT1:22_293_DF_DCIS_INDDEMOG1_1(1.0),A,ITG18,POP65OVER,2019,20.2,,,,TIPO_DATO15__POP65OVER_N1,,,
IT1:22_293_DF_DCIS_INDDEMOG1_1(1.0),A,ITG18,POP65OVER,2020,20.5,,,,TIPO_DATO15__POP65OVER_N1,,,
IT1:22_293_DF_DCIS_INDDEMOG1_1(1.0),A,ITG18,POP65OVER,2021,21,,,,TIPO_DATO15__POP65OVER_N1,,,
IT1:22_293_DF_DCIS_INDDEMOG1_1(1.0),A,ITG18,POP65OVER,2022,21.2,,,,TIPO_DATO15__POP65OVER_N1,,,
IT1:22_293_DF_DCIS_INDDEMOG1_1(1.0),A,ITG18,POP65OVER,2023,21.3,,,,TIPO_DATO15__POP65OVER_N1,,,
IT1:22_293_DF_DCIS_INDDEMOG1_1(1.0),A,ITG18,POP65OVER,2024,21.5,,,,TIPO_DATO15__POP65OVER_N1,,,
IT1:22_293_DF_DCIS_INDDEMOG1_1(1.0),A,ITG18,POP65OVER,2025,21.8,,,,TIPO_DATO15__POP65OVER_N1,,,
IT1:22_293_DF_DCIS_INDDEMOG1_1(1.0),A,ITG18,POP65OVER,2026,22.2,e,,,TIPO_DATO15__POP65OVER_N1,,,
IT1:22_293_DF_DCIS_INDDEMOG1_1(1.0),A,ITG19,POP65OVER,2015,20.1,,,,TIPO_DATO15__POP65OVER_N1,,,
IT1:22_293_DF_DCIS_INDDEMOG1_1(1.0),A,ITG19,POP65OVER,2016,20.5,,,,TIPO_DATO15__POP65OVER_N1,,,
IT1:22_293_DF_DCIS_INDDEMOG1_1(1.0),A,ITG19,POP65OVER,2017,20.8,,,,TIPO_DATO15__POP65OVER_N1,,,
IT1:22_293_DF_DCIS_INDDEMOG1_1(1.0),A,ITG19,POP65OVER,2018,21.1,,,,TIPO_DATO15__POP65OVER_N1,,,
IT1:22_293_DF_DCIS_INDDEMOG1_1(1.0),A,ITG19,POP65OVER,2019,21.4,,,,TIPO_DATO15__POP65OVER_N1,,,
IT1:22_293_DF_DCIS_INDDEMOG1_1(1.0),A,ITG19,POP65OVER,2020,21.8,,,,TIPO_DATO15__POP65OVER_N1,,,
IT1:22_293_DF_DCIS_INDDEMOG1_1(1.0),A,ITG19,POP65OVER,2021,22.5,,,,TIPO_DATO15__POP65OVER_N1,,,
IT1:22_293_DF_DCIS_INDDEMOG1_1(1.0),A,ITG19,POP65OVER,2022,22.6,,,,TIPO_DATO15__POP65OVER_N1,,,
IT1:22_293_DF_DCIS_INDDEMOG1_1(1.0),A,ITG19,POP65OVER,2023,22.9,,,,TIPO_DATO15__POP65OVER_N1,,,
IT1:22_293_DF_DCIS_INDDEMOG1_1(1.0),A,ITG19,POP65OVER,2024,23.3,,,,TIPO_DATO15__POP65OVER_N1,,,
IT1:22_293_DF_DCIS_INDDEMOG1_1(1.0),A,ITG19,POP65OVER,2025,23.7,,,,TIPO_DATO15__POP65OVER_N1,,,
IT1:22_293_DF_DCIS_INDDEMOG1_1(1.0),A,ITG19,POP65OVER,2026,24.2,e,,,TIPO_DATO15__POP65OVER_N1,,,
IT1:22_293_DF_DCIS_INDDEMOG1_1(1.0),A,ITG2,POP65OVER,2015,21.7,,,,TIPO_DATO15__POP65OVER_N1,,,
IT1:22_293_DF_DCIS_INDDEMOG1_1(1.0),A,ITG2,POP65OVER,2016,22.2,,,,TIPO_DATO15__POP65OVER_N1,,,
IT1:22_293_DF_DCIS_INDDEMOG1_1(1.0),A,ITG2,POP65OVER,2017,22.7,,,,TIPO_DATO15__POP65OVER_N1,,,
IT1:22_293_DF_DCIS_INDDEMOG1_1(1.0),A,ITG2,POP65OVER,2018,23.2,,,,TIPO_DATO15__POP65OVER_N1,,,
IT1:22_293_DF_DCIS_INDDEMOG1_1(1.0),A,ITG2,POP65OVER,2019,23.8,,,,TIPO_DATO15__POP65OVER_N1,,,
IT1:22_293_DF_DCIS_INDDEMOG1_1(1.0),A,ITG2,POP65OVER,2020,24.4,,,,TIPO_DATO15__POP65OVER_N1,,,
IT1:22_293_DF_DCIS_INDDEMOG1_1(1.0),A,ITG2,POP65OVER,2021,25.3,,,,TIPO_DATO15__POP65OVER_N1,,,
IT1:22_293_DF_DCIS_INDDEMOG1_1(1.0),A,ITG2,POP65OVER,2022,25.7,,,,TIPO_DATO15__POP65OVER_N1,,,
IT1:22_293_DF_DCIS_INDDEMOG1_1(1.0),A,ITG2,POP65OVER,2023,26.2,,,,TIPO_DATO15__POP65OVER_N1,,,
IT1:22_293_DF_DCIS_INDDEMOG1_1(1.0),A,ITG2,POP65OVER,2024,26.8,,,,TIPO_DATO15__POP65OVER_N1,,,
IT1:22_293_DF_DCIS_INDDEMOG1_1(1.0),A,ITG2,POP65OVER,2025,27.5,,,,TIPO_DATO15__POP65OVER_N1,,,
IT1:22_293_DF_DCIS_INDDEMOG1_1(1.0),A,ITG2,POP65OVER,2026,28.1,e,,,TIPO_DATO15__POP65OVER_N1,,,
IT1:22_293_DF_DCIS_INDDEMOG1_1(1.0),A,ITG25,POP65OVER,2015,21,,,,TIPO_DATO15__POP65OVER_N1,,,
IT1:22_293_DF_DCIS_INDDEMOG1_1(1.0),A,ITG25,POP65OVER,2016,21.5,,,,TIPO_DATO15__POP65OVER_N1,,,
IT1:22_293_DF_DCIS_INDDEMOG1_1(1.0),A,ITG25,POP65OVER,2017,21.9,,,,TIPO_DATO15__POP65OVER_N1,,,
IT1:22_293_DF_DCIS_INDDEMOG1_1(1.0),A,ITG25,POP65OVER,2018,22.3,,,,TIPO_DATO15__POP65OVER_N1,,,
IT1:22_293_DF_DCIS_INDDEMOG1_1(1.0),A,ITG25,POP65OVER,2019,22.8,,,,TIPO_DATO15__POP65OVER_N1,,,
IT1:22_293_DF_DCIS_INDDEMOG1_1(1.0),A,ITG25,POP65OVER,2020,23.4,,,,TIPO_DATO15__POP65OVER_N1,,,
IT1:22_293_DF_DCIS_INDDEMOG1_1(1.0),A,ITG25,POP65OVER,2021,24.1,,,,TIPO_DATO15__POP65OVER_N1,,,
IT1:22_293_DF_DCIS_INDDEMOG1_1(1.0),A,ITG25,POP65OVER,2022,24.6,,,,TIPO_DATO15__POP65OVER_N1,,,
IT1:22_293_DF_DCIS_INDDEMOG1_1(1.0),A,ITG25,POP65OVER,2023,25,,,,TIPO_DATO15__POP65OVER_N1,,,
IT1:22_293_DF_DCIS_INDDEMOG1_1(1.0),A,ITG25,POP65OVER,2024,25.5,,,,TIPO_DATO15__POP65OVER_N1,,,
IT1:22_293_DF_DCIS_INDDEMOG1_1(1.0),A,ITG25,POP65OVER,2025,26.1,,,,TIPO_DATO15__POP65OVER_N1,,,
IT1:22_293_DF_DCIS_INDDEMOG1_1(1.0),A,ITG25,POP65OVER,2026,26.7,e,,,TIPO_DATO15__POP65OVER_N1,,,
IT1:22_293_DF_DCIS_INDDEMOG1_1(1.0),A,ITG26,POP65OVER,2015,22.4,,,,TIPO_DATO15__POP65OVER_N1,,,
IT1:22_293_DF_DCIS_INDDEMOG1_1(1.0),A,ITG26,POP65OVER,2016,22.9,,,,TIPO_DATO15__POP65OVER_N1,,,
IT1:22_293_DF_DCIS_INDDEMOG1_1(1.0),A,ITG26,POP65OVER,2017,23.3,,,,TIPO_DATO15__POP65OVER_N1,,,
IT1:22_293_DF_DCIS_INDDEMOG1_1(1.0),A,ITG26,POP65OVER,2018,23.8,,,,TIPO_DATO15__POP65OVER_N1,,,
IT1:22_293_DF_DCIS_INDDEMOG1_1(1.0),A,ITG26,POP65OVER,2019,24.3,,,,TIPO_DATO15__POP65OVER_N1,,,
IT1:22_293_DF_DCIS_INDDEMOG1_1(1.0),A,ITG26,POP65OVER,2020,25,,,,TIPO_DATO15__POP65OVER_N1,,,
IT1:22_293_DF_DCIS_INDDEMOG1_1(1.0),A,ITG26,POP65OVER,2021,25.8,,,,TIPO_DATO15__POP65OVER_N1,,,
IT1:22_293_DF_DCIS_INDDEMOG1_1(1.0),A,ITG26,POP65OVER,2022,26.3,,,,TIPO_DATO15__POP65OVER_N1,,,
IT1:22_293_DF_DCIS_INDDEMOG1_1(1.0),A,ITG26,POP65OVER,2023,26.8,,,,TIPO_DATO15__POP65OVER_N1,,,
IT1:22_293_DF_DCIS_INDDEMOG1_1(1.0),A,ITG26,POP65OVER,2024,27.4,,,,TIPO_DATO15__POP65OVER_N1,,,
IT1:22_293_DF_DCIS_INDDEMOG1_1(1.0),A,ITG26,POP65OVER,2025,28.1,,,,TIPO_DATO15__POP65OVER_N1,,,
IT1:22_293_DF_DCIS_INDDEMOG1_1(1.0),A,ITG26,POP65OVER,2026,28.6,e,,,TIPO_DATO15__POP65OVER_N1,,,
IT1:22_293_DF_DCIS_INDDEMOG1_1(1.0),A,ITG27,POP65OVER,2015,20.3,,,,TIPO_DATO15__POP65OVER_N1,,,
IT1:22_293_DF_DCIS_INDDEMOG1_1(1.0),A,ITG27,POP65OVER,2016,20.8,,,,TIPO_DATO15__POP65OVER_N1,,,
IT1:22_293_DF_DCIS_INDDEMOG1_1(1.0),A,ITG27,POP65OVER,2017,21.3,,,,TIPO_DATO15__POP65OVER_N1,,,
IT1:22_293_DF_DCIS_INDDEMOG1_1(1.0),A,ITG27,POP65OVER,2018,21.8,,,,TIPO_DATO15__POP65OVER_N1,,,
IT1:22_293_DF_DCIS_INDDEMOG1_1(1.0),A,ITG27,POP65OVER,2019,22.4,,,,TIPO_DATO15__POP65OVER_N1,,,
IT1:22_293_DF_DCIS_INDDEMOG1_1(1.0),A,ITG27,POP65OVER,2020,23,,,,TIPO_DATO15__POP65OVER_N1,,,
IT1:22_293_DF_DCIS_INDDEMOG1_1(1.0),A,ITG27,POP65OVER,2021,23.8,,,,TIPO_DATO15__POP65OVER_N1,,,
IT1:22_293_DF_DCIS_INDDEMOG1_1(1.0),A,ITG27,POP65OVER,2022,24.4,,,,TIPO_DATO15__POP65OVER_N1,,,
IT1:22_293_DF_DCIS_INDDEMOG1_1(1.0),A,ITG27,POP65OVER,2023,24.8,,,,TIPO_DATO15__POP65OVER_N1,,,
IT1:22_293_DF_DCIS_INDDEMOG1_1(1.0),A,ITG27,POP65OVER,2024,25.4,,,,TIPO_DATO15__POP65OVER_N1,,,
IT1:22_293_DF_DCIS_INDDEMOG1_1(1.0),A,ITG27,POP65OVER,2025,26.1,,,,TIPO_DATO15__POP65OVER_N1,,,
IT1:22_293_DF_DCIS_INDDEMOG1_1(1.0),A,ITG27,POP65OVER,2026,26.7,e,,,TIPO_DATO15__POP65OVER_N1,,,
IT1:22_293_DF_DCIS_INDDEMOG1_1(1.0),A,ITG28,POP65OVER,2015,24.3,,,,TIPO_DATO15__POP65OVER_N1,,,
IT1:22_293_DF_DCIS_INDDEMOG1_1(1.0),A,ITG28,POP65OVER,2016,24.8,,,,TIPO_DATO15__POP65OVER_N1,,,
IT1:22_293_DF_DCIS_INDDEMOG1_1(1.0),A,ITG28,POP65OVER,2017,25.4,,,,TIPO_DATO15__POP65OVER_N1,,,
IT1:22_293_DF_DCIS_INDDEMOG1_1(1.0),A,ITG28,POP65OVER,2018,25.8,,,,TIPO_DATO15__POP65OVER_N1,,,
IT1:22_293_DF_DCIS_INDDEMOG1_1(1.0),A,ITG28,POP65OVER,2019,26.5,,,,TIPO_DATO15__POP65OVER_N1,,,
IT1:22_293_DF_DCIS_INDDEMOG1_1(1.0),A,ITG28,POP65OVER,2020,27.1,,,,TIPO_DATO15__POP65OVER_N1,,,
IT1:22_293_DF_DCIS_INDDEMOG1_1(1.0),A,ITG28,POP65OVER,2021,27.9,,,,TIPO_DATO15__POP65OVER_N1,,,
IT1:22_293_DF_DCIS_INDDEMOG1_1(1.0),A,ITG28,POP65OVER,2022,28.4,,,,TIPO_DATO15__POP65OVER_N1,,,
IT1:22_293_DF_DCIS_INDDEMOG1_1(1.0),A,ITG28,POP65OVER,2023,28.9,,,,TIPO_DATO15__POP65OVER_N1,,,
IT1:22_293_DF_DCIS_INDDEMOG1_1(1.0),A,ITG28,POP65OVER,2024,29.5,,,,TIPO_DATO15__POP65OVER_N1,,,
IT1:22_293_DF_DCIS_INDDEMOG1_1(1.0),A,ITG28,POP65OVER,2025,30.1,,,,TIPO_DATO15__POP65OVER_N1,,,
IT1:22_293_DF_DCIS_INDDEMOG1_1(1.0),A,ITG28,POP65OVER,2026,30.7,e,,,TIPO_DATO15__POP65OVER_N1,,,
