DATAFLOW,FREQ,REF_AREA,DATA_TYPE,TIME_PERIOD,OBS_VALUE,OBS_STATUS,NOTE_DS,NOTE_REF_AREA,NOTE_DATA_TYPE,BASE_PER,UNIT_MEAS,UNIT_MULT
IT1:22_293_DF_DCIS_INDDEMOG1_1(1.0),A,IT,MEANAGECH,2015,31.7,,,,TIPO_DATO15__MEANAGECH_N1,,,
IT1:22_293_DF_DCIS_INDDEMOG1_1(1.0),A,IT,MEANAGECH,2016,31.8,,,,TIPO_DATO15__MEANAGECH_N1,,,
IT1:22_293_DF_DCIS_INDDEMOG1_1(1.0),A,IT,MEANAGECH,2017,31.9,,,,TIPO_DATO15__MEANAGECH_N1,,,
IT1:22_293_DF_DCIS_INDDEMOG1_1(1.0),A,IT,MEANAGECH,2018,32,,,,TIPO_DATO15__MEANAGECH_N1,,,
IT1:22_293_DF_DCIS_INDDEMOG1_1(1.0),A,IT,MEANAGECH,2019,32.1,,,,TIPO_DATO15__MEANAGECH_N1,,,
IT1:22_293_DF_DCIS_INDDEMOG1_1(1.0),A,IT,MEANAGECH,2020,32.2,,,,TIPO_DATO15__MEANAGECH_N1,,,
IT1:22_293_DF_DCIS_INDDEMOG1_1(1.0),A,IT,MEANAGECH,2021,32.4,,,,TIPO_DATO15__MEANAGECH_N1,,,
IT1:22_293_DF_DCIS_INDDEMOG1_1(1.0),A,IT,MEANAGECH,2022,32.4,,,,TIPO_DATO15__MEANAGECH_N1,,,
IT1:22_293_DF_DCIS_INDDEMOG1_1(1.0),A,IT,MEANAGECH,2023,32.5,,,,TIPO_DATO15__MEANAGECH_N1,,,
IT1:22_293_DF_DCIS_INDDEMOG1_1(1.0),A,IT,MEANAGECH,2024,32.6,,,,TIPO_DATO15__MEANAGECH_N1,,,
IT1:22_293_DF_DCIS_INDDEMOG1_1(1.0),A,IT,MEANAGECH,2025,32.7,e,,,TIPO_DATO15__MEANAGECH_N1,,,
IT1:22_293_DF_DCIS_INDDEMOG1_1(1.0),A,IT108,MEANAGECH,2015,32.2,,,,TIPO_DATO15__MEANAGECH_N1,,,
IT1:22_293_DF_DCIS_INDDEMOG1_1(1.0),A,IT108,MEANAGECH,2016,32.3,,,,TIPO_DATO15__MEANAGECH_N1,,,
IT1:22_293_DF_DCIS_INDDEMOG1_1(1.0),A,IT108,MEANAGECH,2017,32.5,,,,TIPO_DATO15__MEANAGECH_N1,,,
IT1:22_293_DF_DCIS_INDDEMOG1_1(1.0),A,IT108,MEANAGECH,2018,32.4,,,,TIPO_DATO15__MEANAGECH_N1,,,
IT1:22_293_DF_DCIS_INDDEMOG1_1(1.0),A,IT108,MEANAGECH,2019,32.5,,,,TIPO_DATO15__MEANAGECH_N1,,,
IT1:22_293_DF_DCIS_INDDEMOG1_1(1.0),A,IT108,MEANAGECH,2020,32.6,,,,TIPO_DATO15__MEANAGECH_N1,,,
IT1:22_293_DF_DCIS_INDDEMOG1_1(1.0),A,IT108,MEANAGECH,2021,32.8,,,,TIPO_DATO15__MEANAGECH_N1,,,
IT1:22_293_DF_DCIS_INDDEMOG1_1(1.0),A,IT108,MEANAGECH,2022,33,,,,TIPO_DATO15__MEANAGECH_N1,,,
IT1:22_293_DF_DCIS_INDDEMOG1_1(1.0),A,IT108,MEANAGECH,2023,32.9,,,,TIPO_DATO15__MEANAGECH_N1,,,
IT1:22_293_DF_DCIS_INDDEMOG1_1(1.0),A,IT108,MEANAGECH,2024,33.1,,,,TIPO_DATO15__MEANAGECH_N1,,,
IT1:22_293_DF_DCIS_INDDEMOG1_1(1.0),A,IT108,MEANAGECH,2025,33.1,e,,,TIPO_DATO15__MEANAGECH_N1,,,
IT1:22_293_DF_DCIS_INDDEMOG1_1(1.0),A,IT109,MEANAGECH,2015,31.7,,,,TIPO_DATO15__MEANAGECH_N1,,,
IT1:22_293_DF_DCIS_INDDEMOG1_1(1.0),A,IT109,MEANAGECH,2016,32,,,,TIPO_DATO15__MEANAGECH_N1,,,
IT1:22_293_DF_DCIS_INDDEMOG1_1(1.0),A,IT109,MEANAGECH,2017,32.1,,,,TIPO_DATO15__MEANAGECH_N1,,,
IT1:22_293_DF_DCIS_INDDEMOG1_1(1.0),A,IT109,MEANAGECH,2018,32.4,,,,TIPO_DATO15__MEANAGECH_N1,,,
IT1:22_293_DF_DCIS_INDDEMOG1_1(1.0),A,IT109,MEANAGECH,2019,32.3,,,,TIPO_DATO15__MEANAGECH_N1,,,
IT1:22_293_DF_DCIS_INDDEMOG1_1(1.0),A,IT109,MEANAGECH,2020,32.6,,,,TIPO_DATO15__MEANAGECH_N1,,,
IT1:22_293_DF_DCIS_INDDEMOG1_1(1.0),A,IT109,MEANAGECH,2021,32.6,,,,TIPO_DATO15__MEANAGECH_N1,,,
IT1:22_293_DF_DCIS_INDDEMOG1_1(1.0),A,IT109,MEANAGECH,2022,32.6,,,,TIPO_DATO15__MEANAGECH_N1,,,
IT1:22_293_DF_DCIS_INDDEMOG1_1(1.0),A,IT109,MEANAGECH,2023,32.9,,,,TIPO_DATO15__MEANAGECH_N1,,,
IT1:22_293_DF_DCIS_INDDEMOG1_1(1.0),A,IT109,MEANAGECH,2024,32.9,,,,TIPO_DATO15__MEANAGECH_N1,,,
IT1:22_293_DF_DCIS_INDDEMOG1_1(1.0),A,IT109,MEANAGECH,2025,33.1,e,,,TIPO_DATO15__MEANAGECH_N1,,,
IT1:22_293_DF_DCIS_INDDEMOG1_1(1.0),A,IT110,MEANAGECH,2015,31.6,,,,TIPO_DATO15__MEANAGECH_N1,,,
IT1:22_293_DF_DCIS_INDDEMOG1_1(1.0),A,IT110,MEANAGECH,2016,31.8,,,,TIPO_DATO15__MEANAGECH_N1,,,
IT1:22_293_DF_DCIS_INDDEMOG1_1(1.0),A,IT110,MEANAGECH,2017,31.8,,,,TIPO_DATO15__MEANAGECH_N1,,,
IT1:22_293_DF_DCIS_INDDEMOG1_1(1.0),A,IT110,MEANAGECH,2018,32,,,,TIPO_DATO15__MEANAGECH_N1,,,
IT1:22_293_DF_DCIS_INDDEMOG1_1(1.0),A,IT110,MEANAGECH,2019,32.1,,,,TIPO_DATO15__MEANAGECH_N1,,,
IT1:22_293_DF_DCIS_INDDEMOG1_1(1.0),A,IT110,MEANAGECH,2020,32.1,,,,TIPO_DATO15__MEANAGECH_N1,,,
IT1:22_293_DF_DCIS_INDDEMOG1_1(1.0),A,IT110,MEANAGECH,2021,32.6,,,,TIPO_DATO15__MEANAGECH_N1,,,
IT1:22_293_DF_DCIS_INDDEMOG1_1(1.0),A,IT110,MEANAGECH,2022,32.4,,,,TIPO_DATO15__MEANAGECH_N1,,,
IT1:22_293_DF_DCIS_INDDEMOG1_1(1.0),A,IT110,MEANAGECH,2023,32.7,,,,TIPO_DATO15__MEANAGECH_N1,,,
IT1:22_293_DF_DCIS_INDDEMOG1_1(1.0),A,IT110,MEANAGECH,2024,32.7,,,,TIPO_DATO15__MEANAGECH_N1,,,
IT1:22_293_DF_DCIS_INDDEMOG1_1(1.0),A,IT110,MEANAGECH,2025,32.8,e,,,TIPO_DATO15__MEANAGECH_N1,,,
IT1:22_293_DF_DCIS_INDDEMOG1_1(1.0),A,IT111,MEANAGECH,2015,32.7,,,,TIPO_DATO15__MEANAGECH_N1,,,
IT1:22_293_DF_DCIS_INDDEMOG1_1(1.0),A,IT111,MEANAGECH,2016,32.6,,,,TIPO_DATO15__MEANAGECH_N1,,,
IT1:22_293_DF_DCIS_INDDEMOG1_1(1.0),A,IT111,MEANAGECH,2017,32.6,,,,TIPO_DATO15__MEANAGECH_N1,,,
IT1:22_293_DF_DCIS_INDDEMOG1_1(1.0),A,IT111,MEANAGECH,2018,32.6,,,,TIPO_DATO15__MEANAGECH_N1,,,
IT1:22_293_DF_DCIS_INDDEMOG1_1(1.0),A,IT111,MEANAGECH,2019,32.8,,,,TIPO_DATO15__MEANAGECH_N1,,,
IT1:22_293_DF_DCIS_INDDEMOG1_1(1.0),A,IT111,MEANAGECH,2020,32.8,,,,TIPO_DATO15__MEANAGECH_N1,,,
IT1:22_293_DF_DCIS_INDDEMOG1_1(1.0),A,IT111,MEANAGECH,2021,32.9,,,,TIPO_DATO15__MEANAGECH_N1,,,
IT1:22_293_DF_DCIS_INDDEMOG1_1(1.0),A,IT111,MEANAGECH,2022,33,,,,TIPO_DATO15__MEANAGECH_N1,,,
IT1:22_293_DF_DCIS_INDDEMOG1_1(1.0),A,IT111,MEANAGECH,2023,33.4,,,,TIPO_DATO15__MEANAGECH_N1,,,
IT1:22_293_DF_DCIS_INDDEMOG1_1(1.0),A,IT111,MEANAGECH,2024,33.2,,,,TIPO_DATO15__MEANAGECH_N1,,,
IT1:22_293_DF_DCIS_INDDEMOG1_1(1.0),A,IT111,MEANAGECH,2025,33.1,e,,,TIPO_DATO15__MEANAGECH_N1,,,
IT1:22_293_DF_DCIS_INDDEMOG1_1(1.0),A,ITC,MEANAGECH,2015,31.8,,,,TIPO_DATO15__MEANAGECH_N1,,,
IT1:22_293_DF_DCIS_INDDEMOG1_1(1.0),A,ITC,MEANAGECH,2016,31.9,,,,TIPO_DATO15__MEANAGECH_N1,,,
IT1:22_293_DF_DCIS_INDDEMOG1_1(1.0),A,ITC,MEANAGECH,2017,32,,,,TIPO_DATO15__MEANAGECH_N1,,,
IT1:22_293_DF_DCIS_INDDEMOG1_1(1.0),A,ITC,MEANAGECH,2018,32.1,,,,TIPO_DATO15__MEANAGECH_N1,,,
IT1:22_293_DF_DCIS_INDDEMOG1_1(1.0),A,ITC,MEANAGECH,2019,32.2,,,,TIPO_DATO15__MEANAGECH_N1,,,
IT1:22_293_DF_DCIS_INDDEMOG1_1(1.0),A,ITC,MEANAGECH,2020,32.3,,,,TIPO_DATO15__MEANAGECH_N1,,,
IT1:22_293_DF_DCIS_INDDEMOG1_1(1.0),A,ITC,MEANAGECH,2021,32.5,,,,TIPO_DATO15__MEANAGECH_N1,,,
IT1:22_293_DF_DCIS_INDDEMOG1_1(1.0),A,ITC,MEANAGECH,2022,32.6,,,,TIPO_DATO15__MEANAGECH_N1,,,
IT1:22_293_DF_DCIS_INDDEMOG1_1(1.0),A,ITC,MEANAGECH,2023,32.6,,,,TIPO_DATO15__MEANAGECH_N1,,,
IT1:22_293_DF_DCIS_INDDEMOG1_1(1.0),A,ITC,MEANAGECH,2024,32.7,,,,TIPO_DATO15__MEANAGECH_N1,,,
IT1:22_293_DF_DCIS_INDDEMOG1_1(1.0),A,ITC,MEANAGECH,2025,32.9,e,,,TIPO_DATO15__MEANAGECH_N1,,,
IT1:22_293_DF_DCIS_INDDEMOG1_1(1.0),A,ITC1,MEANAGECH,2015,31.7,,,,TIPO_DATO15__MEANAGECH_N1,,,
IT1:22_293_DF_DCIS_INDDEMOG1_1(1.0),A,ITC1,MEANAGECH,2016,31.8,,,,TIPO_DATO15__MEANAGECH_N1,,,
IT1:22_293_DF_DCIS_INDDEMOG1_1(1.0),A,ITC1,MEANAGECH,2017,31.8,,,,TIPO_DATO15__MEANAGECH_N1,,,
IT1:22_293_DF_DCIS_INDDEMOG1_1(1.0),A,ITC1,MEANAGECH,2018,31.9,,,,TIPO_DATO15__MEANAGECH_N1,,,
IT1:22_293_DF_DCIS_INDDEMOG1_1(1.0),A,ITC1,MEANAGECH,2019,32.1,,,,TIPO_DATO15__MEANAGECH_N1,,,
IT1:22_293_DF_DCIS_INDDEMOG1_1(1.0),A,ITC1,MEANAGECH,2020,32.2,,,,TIPO_DATO15__MEANAGECH_N1,,,
IT1:22_293_DF_DCIS_INDDEMOG1_1(1.0),A,ITC1,MEANAGECH,2021,32.3,,,,TIPO_DATO15__MEANAGECH_N1,,,
IT1:22_293_DF_DCIS_INDDEMOG1_1(1.0),A,ITC1,MEANAGECH,2022,32.4,,,,TIPO_DATO15__MEANAGECH_N1,,,
IT1:22_293_DF_DCIS_INDDEMOG1_1(1.0),A,ITC1,MEANAGECH,2023,32.5,,,,TIPO_DATO15__MEANAGECH_N1,,,
IT1:22_293_DF_DCIS_INDDEMOG1_1(1.0),A,ITC1,MEANAGECH,2024,32.6,,,,TIPO_DATO15__MEANAGECH_N1,,,
IT1:22_293_DF_DCIS_INDDEMOG1_1(1.0),A,ITC1,MEANAGECH,2025,32.8,e,,,TIPO_DATO15__MEANAGECH_N1,,,
IT1:22_293_DF_DCIS_INDDEMOG1_1(1.0),A,ITC11,MEANAGECH,2015,32,,,,TIPO_DATO15__MEANAGECH_N1,,,
IT1:22_293_DF_DCIS_INDDEMOG1_1(1.0),A,ITC11,MEANAGECH,2016,32,,,,TIPO_DATO15__MEANAGECH_N1,,,
IT1:22_293_DF_DCIS_INDDEMOG1_1(1.0),A,ITC11,MEANAGECH,2017,32.1,,,,TIPO_DATO15__MEANAGECH_N1,,,
IT1:22_293_DF_DCIS_INDDEMOG1_1(1.0),A,ITC11,MEANAGECH,2018,32.2,,,,TIPO_DATO15__MEANAGECH_N1,,,
IT1:22_293_DF_DCIS_INDDEMOG1_1(1.0),A,ITC11,MEANAGECH,2019,32.4,,,,TIPO_DATO15__MEANAGECH_N1,,,
IT1:22_293_DF_DCIS_INDDEMOG1_1(1.0),A,ITC11,MEANAGECH,2020,32.5,,,,TIPO_DATO15__MEANAGECH_N1,,,
IT1:22_293_DF_DCIS_INDDEMOG1_1(1.0),A,ITC11,MEANAGECH,2021,32.6,,,,TIPO_DATO15__MEANAGECH_N1,,,
IT1:22_293_DF_DCIS_INDDEMOG1_1(1.0),A,ITC11,MEANAGECH,2022,32.8,,,,TIPO_DATO15__MEANAGECH_N1,,,
IT1:22_293_DF_DCIS_INDDEMOG1_1(1.0),A,ITC11,MEANAGECH,2023,32.8,,,,TIPO_DATO15__MEANAGECH_N1,,,
IT1:22_293_DF_DCIS_INDDEMOG1_1(1.0),A,ITC11,MEANAGECH,2024,33,,,,TIPO_DATO15__MEANAGECH_N1,,,
IT1:22_293_DF_DCIS_INDDEMOG1_1(1.0),A,ITC11,MEANAGECH,2025,33.2,e,,,TIPO_DATO15__MEANAGECH_N1,,,
IT1:22_293_DF_DCIS_INDDEMOG1_1(1.0),A,ITC12,MEANAGECH,2015,31.3,,,,TIPO_DATO15__MEANAGECH_N1,,,
IT1:22_293_DF_DCIS_INDDEMOG1_1(1.0),A,ITC12,MEANAGECH,2016,31.5,,,,TIPO_DATO15__MEANAGECH_N1,,,
IT1:22_293_DF_DCIS_INDDEMOG1_1(1.0),A,ITC12,MEANAGECH,2017,31.3,,,,TIPO_DATO15__MEANAGECH_N1,,,
IT1:22_293_DF_DCIS_INDDEMOG1_1(1.0),A,ITC12,MEANAGECH,2018,31.7,,,,TIPO_DATO15__MEANAGECH_N1,,,
IT1:22_293_DF_DCIS_INDDEMOG1_1(1.0),A,ITC12,MEANAGECH,2019,31.9,,,,TIPO_DATO15__MEANAGECH_N1,,,
IT1:22_293_DF_DCIS_INDDEMOG1_1(1.0),A,ITC12,MEANAGECH,2020,31.8,,,,TIPO_DATO15__MEANAGECH_N1,,,
IT1:22_293_DF_DCIS_INDDEMOG1_1(1.0),A,ITC12,MEANAGECH,2021,31.9,,,,TIPO_DATO15__MEANAGECH_N1,,,
IT1:22_293_DF_DCIS_INDDEMOG1_1(1.0),A,ITC12,MEANAGECH,2022,31.8,,,,TIPO_DATO15__MEANAGECH_N1,,,
IT1:22_293_DF_DCIS_INDDEMOG1_1(1.0),A,ITC12,MEANAGECH,2023,32,,,,TIPO_DATO15__MEANAGECH_N1,,,
IT1:22_293_DF_DCIS_INDDEMOG1_1(1.0),A,ITC12,MEANAGECH,2024,32.2,,,,TIPO_DATO15__MEANAGECH_N1,,,
IT1:22_293_DF_DCIS_INDDEMOG1_1(1.0),A,ITC12,MEANAGECH,2025,32,e,,,TIPO_DATO15__MEANAGECH_N1,,,
IT1:22_293_DF_DCIS_INDDEMOG1_1(1.0),A,ITC13,MEANAGECH,2015,31.6,,,,TIPO_DATO15__MEANAGECH_N1,,,
IT1:22_293_DF_DCIS_INDDEMOG1_1(1.0),A,ITC13,MEANAGECH,2016,31.9,,,,TIPO_DATO15__MEANAGECH_N1,,,
IT1:22_293_DF_DCIS_INDDEMOG1_1(1.0),A,ITC13,MEANAGECH,2017,31.9,,,,TIPO_DATO15__MEANAGECH_N1,,,
IT1:22_293_DF_DCIS_INDDEMOG1_1(1.0),A,ITC13,MEANAGECH,2018,32,,,,TIPO_DATO15__MEANAGECH_N1,,,
IT1:22_293_DF_DCIS_INDDEMOG1_1(1.0),A,ITC13,MEANAGECH,2019,32.2,,,,TIPO_DATO15__MEANAGECH_N1,,,
IT1:22_293_DF_DCIS_INDDEMOG1_1(1.0),A,ITC13,MEANAGECH,2020,32.2,,,,TIPO_DATO15__MEANAGECH_N1,,,
IT1:22_293_DF_DCIS_INDDEMOG1_1(1.0),A,ITC13,MEANAGECH,2021,32.9,,,,TIPO_DATO15__MEANAGECH_N1,,,
IT1:22_293_DF_DCIS_INDDEMOG1_1(1.0),A,ITC13,MEANAGECH,2022,32.5,,,,TIPO_DATO15__MEANAGECH_N1,,,
IT1:22_293_DF_DCIS_INDDEMOG1_1(1.0),A,ITC13,MEANAGECH,2023,32.7,,,,TIPO_DATO15__MEANAGECH_N1,,,
IT1:22_293_DF_DCIS_INDDEMOG1_1(1.0),A,ITC13,MEANAGECH,2024,32.6,,,,TIPO_DATO15__MEANAGECH_N1,,,
IT1:22_293_DF_DCIS_INDDEMOG1_1(1.0),A,ITC13,MEANAGECH,2025,32.9,e,,,TIPO_DATO15__MEANAGECH_N1,,,
IT1:22_293_DF_DCIS_INDDEMOG1_1(1.0),A,ITC14,MEANAGECH,2015,31.7,,,,TIPO_DATO15__MEANAGECH_N1,,,
IT1:22_293_DF_DCIS_INDDEMOG1_1(1.0),A,ITC14,MEANAGECH,2016,31.9,,,,TIPO_DATO15__MEANAGECH_N1,,,
IT1:22_293_DF_DCIS_INDDEMOG1_1(1.0),A,ITC14,MEANAGECH,2017,32,,,,TIPO_DATO15__MEANAGECH_N1,,,
IT1:22_293_DF_DCIS_INDDEMOG1_1(1.0),A,ITC14,MEANAGECH,2018,32.3,,,,TIPO_DATO15__MEANAGECH_N1,,,
IT1:22_293_DF_DCIS_INDDEMOG1_1(1.0),A,ITC14,MEANAGECH,2019,32.2,,,,TIPO_DATO15__MEANAGECH_N1,,,
IT1:22_293_DF_DCIS_INDDEMOG1_1(1.0),A,ITC14,MEANAGECH,2020,32,,,,TIPO_DATO15__MEANAGECH_N1,,,
IT1:22_293_DF_DCIS_INDDEMOG1_1(1.0),A,ITC14,MEANAGECH,2021,32.5,,,,TIPO_DATO15__MEANAGECH_N1,,,
IT1:22_293_DF_DCIS_INDDEMOG1_1(1.0),A,ITC14,MEANAGECH,2022,32.6,,,,TIPO_DATO15__MEANAGECH_N1,,,
IT1:22_293_DF_DCIS_INDDEMOG1_1(1.0),A,ITC14,MEANAGECH,2023,32.7,,,,TIPO_DATO15__MEANAGECH_N1,,,
IT1:22_293_DF_DCIS_INDDEMOG1_1(1.0),A,ITC14,MEANAGECH,2024,32.4,,,,TIPO_DATO15__MEANAGECH_N1,,,
IT1:22_293_DF_DCIS_INDDEMOG1_1(1.0),A,ITC14,MEANAGECH,2025,33,e,,,TIPO_DATO15__MEANAGECH_N1,,,
IT1:22_293_DF_DCIS_INDDEMOG1_1(1.0),A,ITC15,MEANAGECH,2015,31.6,,,,TIPO_DATO15__MEANAGECH_N1,,,
IT1:22_293_DF_DCIS_INDDEMOG1_1(1.0),A,ITC15,MEANAGECH,2016,31.7,,,,TIPO_DATO15__MEANAGECH_N1,,,
IT1:22_293_DF_DCIS_INDDEMOG1_1(1.0),A,ITC15,MEANAGECH,2017,31.8,,,,TIPO_DATO15__MEANAGECH_N1,,,
IT1:22_293_DF_DCIS_INDDEMOG1_1(1.0),A,ITC15,MEANAGECH,2018,31.9,,,,TIPO_DATO15__MEANAGECH_N1,,,
IT1:22_293_DF_DCIS_INDDEMOG1_1(1.0),A,ITC15,MEANAGECH,2019,32,,,,TIPO_DATO15__MEANAGECH_N1,,,
IT1:22_293_DF_DCIS_INDDEMOG1_1(1.0),A,ITC15,MEANAGECH,2020,31.9,,,,TIPO_DATO15__MEANAGECH_N1,,,
IT1:22_293_DF_DCIS_INDDEMOG1_1(1.0),A,ITC15,MEANAGECH,2021,32.2,,,,TIPO_DATO15__MEANAGECH_N1,,,
IT1:22_293_DF_DCIS_INDDEMOG1_1(1.0),A,ITC15,MEANAGECH,2022,32.4,,,,TIPO_DATO15__MEANAGECH_N1,,,
IT1:22_293_DF_DCIS_INDDEMOG1_1(1.0),A,ITC15,MEANAGECH,2023,32.3,,,,TIPO_DATO15__MEANAGECH_N1,,,
IT1:22_293_DF_DCIS_INDDEMOG1_1(1.0),A,ITC15,MEANAGECH,2024,32.3,,,,TIPO_DATO15__MEANAGECH_N1,,,
IT1:22_293_DF_DCIS_INDDEMOG1_1(1.0),A,ITC15,MEANAGECH,2025,32.5,e,,,TIPO_DATO15__MEANAGECH_N1,,,
IT1:22_293_DF_DCIS_INDDEMOG1_1(1.0),A,ITC16,MEANAGECH,2015,31.3,,,,TIPO_DATO15__MEANAGECH_N1,,,
IT1:22_293_DF_DCIS_INDDEMOG1_1(1.0),A,ITC16,MEANAGECH,2016,31.3,,,,TIPO_DATO15__MEANAGECH_N1,,,
IT1:22_293_DF_DCIS_INDDEMOG1_1(1.0),A,ITC16,MEANAGECH,2017,31.5,,,,TIPO_DATO15__MEANAGECH_N1,,,
IT1:22_293_DF_DCIS_INDDEMOG1_1(1.0),A,ITC16,MEANAGECH,2018,31.5,,,,TIPO_DATO15__MEANAGECH_N1,,,
IT1:22_293_DF_DCIS_INDDEMOG1_1(1.0),A,ITC16,MEANAGECH,2019,31.6,,,,TIPO_DATO15__MEANAGECH_N1,,,
IT1:22_293_DF_DCIS_INDDEMOG1_1(1.0),A,ITC16,MEANAGECH,2020,31.6,,,,TIPO_DATO15__MEANAGECH_N1,,,
IT1:22_293_DF_DCIS_INDDEMOG1_1(1.0),A,ITC16,MEANAGECH,2021,32,,,,TIPO_DATO15__MEANAGECH_N1,,,
IT1:22_293_DF_DCIS_INDDEMOG1_1(1.0),A,ITC16,MEANAGECH,2022,32,,,,TIPO_DATO15__MEANAGECH_N1,,,
IT1:22_293_DF_DCIS_INDDEMOG1_1(1.0),A,ITC16,MEANAGECH,2023,32,,,,TIPO_DATO15__MEANAGECH_N1,,,
IT1:22_293_DF_DCIS_INDDEMOG1_1(1.0),A,ITC16,MEANAGECH,2024,32,,,,TIPO_DATO15__MEANAGECH_N1,,,
IT1:22_293_DF_DCIS_INDDEMOG1_1(1.0),A,ITC16,MEANAGECH,2025,32.5,e,,,TIPO_DATO15__MEANAGECH_N1,,,
IT1:22_293_DF_DCIS_INDDEMOG1_1(1.0),A,ITC17,MEANAGECH,2015,31.4,,,,TIPO_DATO15__MEANAGECH_N1,,,
IT1:22_293_DF_DCIS_INDDEMOG1_1(1.0),A,ITC17,MEANAGECH,2016,31.1,,,,TIPO_DATO15__MEANAGECH_N1,,,
IT1:22_293_DF_DCIS_INDDEMOG1_1(1.0),A,ITC17,MEANAGECH,2017,31.5,,,,TIPO_DATO15__MEANAGECH_N1,,,
IT1:22_293_DF_DCIS_INDDEMOG1_1(1.0),A,ITC17,MEANAGECH,2018,31.4,,,,TIPO_DATO15__MEANAGECH_N1,,,
IT1:22_293_DF_DCIS_INDDEMOG1_1(1.0),A,ITC17,MEANAGECH,2019,31.4,,,,TIPO_DATO15__MEANAGECH_N1,,,
IT1:22_293_DF_DCIS_INDDEMOG1_1(1.0),A,ITC17,MEANAGECH,2020,31.4,,,,TIPO_DATO15__MEANAGECH_N1,,,
IT1:22_293_DF_DCIS_INDDEMOG1_1(1.0),A,ITC17,MEANAGECH,2021,32.1,,,,TIPO_DATO15__MEANAGECH_N1,,,
IT1:22_293_DF_DCIS_INDDEMOG1_1(1.0),A,ITC17,MEANAGECH,2022,32,,,,TIPO_DATO15__MEANAGECH_N1,,,
IT1:22_293_DF_DCIS_INDDEMOG1_1(1.0),A,ITC17,MEANAGECH,2023,31.8,,,,TIPO_DATO15__MEANAGECH_N1,,,
IT1:22_293_DF_DCIS_INDDEMOG1_1(1.0),A,ITC17,MEANAGECH,2024,31.6,,,,TIPO_DATO15__MEANAGECH_N1,,,
IT1:22_293_DF_DCIS_INDDEMOG1_1(1.0),A,ITC17,MEANAGECH,2025,32.1,e,,,TIPO_DATO15__MEANAGECH_N1,,,
IT1:22_293_DF_DCIS_INDDEMOG1_1(1.0),A,ITC18,MEANAGECH,2015,31.2,,,,TIPO_DATO15__MEANAGECH_N1,,,
IT1:22_293_DF_DCIS_INDDEMOG1_1(1.0),A,ITC18,MEANAGECH,2016,31.5,,,,TIPO_DATO15__MEANAGECH_N1,,,
IT1:22_293_DF_DCIS_INDDEMOG1_1(1.0),A,ITC18,MEANAGECH,2017,31.4,,,,TIPO_DATO15__MEANAGECH_N1,,,
IT1:22_293_DF_DCIS_INDDEMOG1_1(1.0),A,ITC18,MEANAGECH,2018,31.6,,,,TIPO_DATO15__MEANAGECH_N1,,,
IT1:22_293_DF_DCIS_INDDEMOG1_1(1.0),A,ITC18,MEANAGECH,2019,31.7,,,,TIPO_DATO15__MEANAGECH_N1,,,
IT1:22_293_DF_DCIS_INDDEMOG1_1(1.0),A,ITC18,MEANAGECH,2020,31.8,,,,TIPO_DATO15__MEANAGECH_N1,,,
IT1:22_293_DF_DCIS_INDDEMOG1_1(1.0),A,ITC18,MEANAGECH,2021,32,,,,TIPO_DATO15__MEANAGECH_N1,,,
IT1:22_293_DF_DCIS_INDDEMOG1_1(1.0),A,ITC18,MEANAGECH,2022,31.9,,,,TIPO_DATO15__MEANAGECH_N1,,,
IT1:22_293_DF_DCIS_INDDEMOG1_1(1.0),A,ITC18,MEANAGECH,2023,32.2,,,,TIPO_DATO15__MEANAGECH_N1,,,
IT1:22_293_DF_DCIS_INDDEMOG1_1(1.0),A,ITC18,MEANAGECH,2024,32,,,,TIPO_DATO15__MEANAGECH_N1,,,
IT1:22_293_DF_DCIS_INDDEMOG1_1(1.0),A,ITC18,MEANAGECH,2025,32.1,e,,,TIPO_DATO15__MEANAGECH_N1,,,
IT1:22_293_DF_DCIS_INDDEMOG1_1(1.0),A,ITC2,MEANAGECH,2015,31.5,,,,TIPO_DATO15__MEANAGECH_N1,,,
IT1:22_293_DF_DCIS_INDDEMOG1_1(1.0),A,ITC2,MEANAGECH,2016,31.6,,,,TIPO_DATO15__MEANAGECH_N1,,,
IT1:22_293_DF_DCIS_INDDEMOG1_1(1.0),A,ITC2,MEANAGECH,2017,32.1,,,,TIPO_DATO15__MEANAGECH_N1,,,
IT1:22_293_DF_DCIS_INDDEMOG1_1(1.0),A,ITC2,MEANAGECH,2018,32,,,,TIPO_DATO15__MEANAGECH_N1,,,
IT1:22_293_DF_DCIS_INDDEMOG1_1(1.0),A,ITC2,MEANAGECH,2019,32.2,,,,TIPO_DATO15__MEANAGECH_N1,,,
IT1:22_293_DF_DCIS_INDDEMOG1_1(1.0),A,ITC2,MEANAGECH,2020,32.3,,,,TIPO_DATO15__MEANAGECH_N1,,,
IT1:22_293_DF_DCIS_INDDEMOG1_1(1.0),A,ITC2,MEANAGECH,2021,32.1,,,,TIPO_DATO15__MEANAGECH_N1,,,
IT1:22_293_DF_DCIS_INDDEMOG1_1(1.0),A,ITC2,MEANAGECH,2022,32.3,,,,TIPO_DATO15__MEANAGECH_N1,,,
IT1:22_293_DF_DCIS_INDDEMOG1_1(1.0),A,ITC2,MEANAGECH,2023,32.5,,,,TIPO_DATO15__MEANAGECH_N1,,,
IT1:22_293_DF_DCIS_INDDEMOG1_1(1.0),A,ITC2,MEANAGECH,2024,32.2,,,,TIPO_DATO15__MEANAGECH_N1,,,
IT1:22_293_DF_DCIS_INDDEMOG1_1(1.0),A,ITC2,MEANAGECH,2025,32.4,e,,,TIPO_DATO15__MEANAGECH_N1,,,
IT1:22_293_DF_DCIS_INDDEMOG1_1(1.0),A,ITC20,MEANAGECH,2015,31.5,,,,TIPO_DATO15__MEANAGECH_N1,,,
IT1:22_293_DF_DCIS_INDDEMOG1_1(1.0),A,ITC20,MEANAGECH,2016,31.6,,,,TIPO_DATO15__MEANAGECH_N1,,,
IT1:22_293_DF_DCIS_INDDEMOG1_1(1.0),A,ITC20,MEANAGECH,2017,32.1,,,,TIPO_DATO15__MEANAGECH_N1,,,
IT1:22_293_DF_DCIS_INDDEMOG1_1(1.0),A,ITC20,MEANAGECH,2018,32,,,,TIPO_DATO15__MEANAGECH_N1,,,
IT1:22_293_DF_DCIS_INDDEMOG1_1(1.0),A,ITC20,MEANAGECH,2019,32.2,,,,TIPO_DATO15__MEANAGECH_N1,,,
IT1:22_293_DF_DCIS_INDDEMOG1_1(1.0),A,ITC20,MEANAGECH,2020,32.3,,,,TIPO_DATO15__MEANAGECH_N1,,,
IT1:22_293_DF_DCIS_INDDEMOG1_1(1.0),A,ITC20,MEANAGECH,2021,32.1,,,,TIPO_DATO15__MEANAGECH_N1,,,
IT1:22_293_DF_DCIS_INDDEMOG1_1(1.0),A,ITC20,MEANAGECH,2022,32.3,,,,TIPO_DATO15__MEANAGECH_N1,,,
IT1:22_293_DF_DCIS_INDDEMOG1_1(1.0),A,ITC20,MEANAGECH,2023,32.5,,,,TIPO_DATO15__MEANAGECH_N1,,,
IT1:22_293_DF_DCIS_INDDEMOG1_1(1.0),A,ITC20,MEANAGECH,2024,32.2,,,,TIPO_DATO15__MEANAGECH_N1,,,
IT1:22_293_DF_DCIS_INDDEMOG1_1(1.0),A,ITC20,MEANAGECH,2025,32.4,e,,,TIPO_DATO15__MEANAGECH_N1,,,
IT1:22_293_DF_DCIS_INDDEMOG1_1(1.0),A,ITC3,MEANAGECH,2015,31.8,,,,TIPO_DATO15__MEANAGECH_N1,,,
IT1:22_293_DF_DCIS_INDDEMOG1_1(1.0),A,ITC3,MEANAGECH,2016,31.9,,,,TIPO_DATO15__MEANAGECH_N1,,,
IT1:22_293_DF_DCIS_INDDEMOG1_1(1.0),A,ITC3,MEANAGECH,2017,32,,,,TIPO_DATO15__MEANAGECH_N1,,,
IT1:22_293_DF_DCIS_INDDEMOG1_1(1.0),A,ITC3,MEANAGECH,2018,31.9,,,,TIPO_DATO15__MEANAGECH_N1,,,
IT1:22_293_DF_DCIS_INDDEMOG1_1(1.0),A,ITC3,MEANAGECH,2019,32.2,,,,TIPO_DATO15__MEANAGECH_N1,,,
IT1:22_293_DF_DCIS_INDDEMOG1_1(1.0),A,ITC3,MEANAGECH,2020,32.2,,,,TIPO_DATO15__MEANAGECH_N1,,,
IT1:22_293_DF_DCIS_INDDEMOG1_1(1.0),A,ITC3,MEANAGECH,2021,32.4,,,,TIPO_DATO15__MEANAGECH_N1,,,
IT1:22_293_DF_DCIS_INDDEMOG1_1(1.0),A,ITC3,MEANAGECH,2022,32.4,,,,TIPO_DATO15__MEANAGECH_N1,,,
IT1:22_293_DF_DCIS_INDDEMOG1_1(1.0),A,ITC3,MEANAGECH,2023,32.6,,,,TIPO_DATO15__MEANAGECH_N1,,,
IT1:22_293_DF_DCIS_INDDEMOG1_1(1.0),A,ITC3,MEANAGECH,2024,32.5,,,,TIPO_DATO15__MEANAGECH_N1,,,
IT1:22_293_DF_DCIS_INDDEMOG1_1(1.0),A,ITC3,MEANAGECH,2025,32.7,e,,,TIPO_DATO15__MEANAGECH_N1,,,
IT1:22_293_DF_DCIS_INDDEMOG1_1(1.0),A,ITC31,MEANAGECH,2015,31.1,,,,TIPO_DATO15__MEANAGECH_N1,,,
IT1:22_293_DF_DCIS_INDDEMOG1_1(1.0),A,ITC31,MEANAGECH,2016,31.3,,,,TIPO_DATO15__MEANAGECH_N1,,,
IT1:22_293_DF_DCIS_INDDEMOG1_1(1.0),A,ITC31,MEANAGECH,2017,31.3,,,,TIPO_DATO15__MEANAGECH_N1,,,
IT1:22_293_DF_DCIS_INDDEMOG1_1(1.0),A,ITC31,MEANAGECH,2018,31.2,,,,TIPO_DATO15__MEANAGECH_N1,,,
IT1:22_293_DF_DCIS_INDDEMOG1_1(1.0),A,ITC31,MEANAGECH,2019,31.3,,,,TIPO_DATO15__MEANAGECH_N1,,,
IT1:22_293_DF_DCIS_INDDEMOG1_1(1.0),A,ITC31,MEANAGECH,2020,31.2,,,,TIPO_DATO15__MEANAGECH_N1,,,
IT1:22_293_DF_DCIS_INDDEMOG1_1(1.0),A,ITC31,MEANAGECH,2021,31.6,,,,TIPO_DATO15__MEANAGECH_N1,,,
IT1:22_293_DF_DCIS_INDDEMOG1_1(1.0),A,ITC31,MEANAGECH,2022,31.7,,,,TIPO_DATO15__MEANAGECH_N1,,,
IT1:22_293_DF_DCIS_INDDEMOG1_1(1.0),A,ITC31,MEANAGECH,2023,31.7,,,,TIPO_DATO15__MEANAGECH_N1,,,
IT1:22_293_DF_DCIS_INDDEMOG1_1(1.0),A,ITC31,MEANAGECH,2024,32,,,,TIPO_DATO15__MEANAGECH_N1,,,
IT1:22_293_DF_DCIS_INDDEMOG1_1(1.0),A,ITC31,MEANAGECH,2025,32.1,e,,,TIPO_DATO15__MEANAGECH_N1,,,
IT1:22_293_DF_DCIS_INDDEMOG1_1(1.0),A,ITC32,MEANAGECH,2015,31.6,,,,TIPO_DATO15__MEANAGECH_N1,,,
IT1:22_293_DF_DCIS_INDDEMOG1_1(1.0),A,ITC32,MEANAGECH,2016,31.8,,,,TIPO_DATO15__MEANAGECH_N1,,,
IT1:22_293_DF_DCIS_INDDEMOG1_1(1.0),A,ITC32,MEANAGECH,2017,31.9,,,,TIPO_DATO15__MEANAGECH_N1,,,
IT1:22_293_DF_DCIS_INDDEMOG1_1(1.0),A,ITC32,MEANAGECH,2018,31.9,,,,TIPO_DATO15__MEANAGECH_N1,,,
IT1:22_293_DF_DCIS_INDDEMOG1_1(1.0),A,ITC32,MEANAGECH,2019,32.3,,,,TIPO_DATO15__MEANAGECH_N1,,,
IT1:22_293_DF_DCIS_INDDEMOG1_1(1.0),A,ITC32,MEANAGECH,2020,32.2,,,,TIPO_DATO15__MEANAGECH_N1,,,
IT1:22_293_DF_DCIS_INDDEMOG1_1(1.0),A,ITC32,MEANAGECH,2021,32.2,,,,TIPO_DATO15__MEANAGECH_N1,,,
IT1:22_293_DF_DCIS_INDDEMOG1_1(1.0),A,ITC32,MEANAGECH,2022,32.4,,,,TIPO_DATO15__MEANAGECH_N1,,,
IT1:22_293_DF_DCIS_INDDEMOG1_1(1.0),A,ITC32,MEANAGECH,2023,32.7,,,,TIPO_DATO15__MEANAGECH_N1,,,
IT1:22_293_DF_DCIS_INDDEMOG1_1(1.0),A,ITC32,MEANAGECH,2024,32.4,,,,TIPO_DATO15__MEANAGECH_N1,,,
IT1:22_293_DF_DCIS_INDDEMOG1_1(1.0),A,ITC32,MEANAGECH,2025,32.9,e,,,TIPO_DATO15__MEANAGECH_N1,,,
IT1:22_293_DF_DCIS_INDDEMOG1_1(1.0),A,ITC33,MEANAGECH,2015,32,,,,TIPO_DATO15__MEANAGECH_N1,,,
IT1:22_293_DF_DCIS_INDDEMOG1_1(1.0),A,ITC33,MEANAGECH,2016,32.1,,,,TIPO_DATO15__MEANAGECH_N1,,,
IT1:22_293_DF_DCIS_INDDEMOG1_1(1.0),A,ITC33,MEANAGECH,2017,32.2,,,,TIPO_DATO15__MEANAGECH_N1,,,
IT1:22_293_DF_DCIS_INDDEMOG1_1(1.0),A,ITC33,MEANAGECH,2018,32.2,,,,TIPO_DATO15__MEANAGECH_N1,,,
IT1:22_293_DF_DCIS_INDDEMOG1_1(1.0),A,ITC33,MEANAGECH,2019,32.5,,,,TIPO_DATO15__MEANAGECH_N1,,,
IT1:22_293_DF_DCIS_INDDEMOG1_1(1.0),A,ITC33,MEANAGECH,2020,32.5,,,,TIPO_DATO15__MEANAGECH_N1,,,
IT1:22_293_DF_DCIS_INDDEMOG1_1(1.0),A,ITC33,MEANAGECH,2021,32.7,,,,TIPO_DATO15__MEANAGECH_N1,,,
IT1:22_293_DF_DCIS_INDDEMOG1_1(1.0),A,ITC33,MEANAGECH,2022,32.8,,,,TIPO_DATO15__MEANAGECH_N1,,,
IT1:22_293_DF_DCIS_INDDEMOG1_1(1.0),A,ITC33,MEANAGECH,2023,32.8,,,,TIPO_DATO15__MEANAGECH_N1,,,
IT1:22_293_DF_DCIS_INDDEMOG1_1(1.0),A,ITC33,MEANAGECH,2024,32.8,,,,TIPO_DATO15__MEANAGECH_N1,,,
IT1:22_293_DF_DCIS_INDDEMOG1_1(1.0),A,ITC33,MEANAGECH,2025,32.8,e,,,TIPO_DATO15__MEANAGECH_N1,,,
IT1:22_293_DF_DCIS_INDDEMOG1_1(1.0),A,ITC34,MEANAGECH,2015,31.9,,,,TIPO_DATO15__MEANAGECH_N1,,,
IT1:22_293_DF_DCIS_INDDEMOG1_1(1.0),A,ITC34,MEANAGECH,2016,31.7,,,,TIPO_DATO15__MEANAGECH_N1,,,
IT1:22_293_DF_DCIS_INDDEMOG1_1(1.0),A,ITC34,MEANAGECH,2017,31.9,,,,TIPO_DATO15__MEANAGECH_N1,,,
IT1:22_293_DF_DCIS_INDDEMOG1_1(1.0),A,ITC34,MEANAGECH,2018,31.7,,,,TIPO_DATO15__MEANAGECH_N1,,,
IT1:22_293_DF_DCIS_INDDEMOG1_1(1.0),A,ITC34,MEANAGECH,2019,31.8,,,,TIPO_DATO15__MEANAGECH_N1,,,
IT1:22_293_DF_DCIS_INDDEMOG1_1(1.0),A,ITC34,MEANAGECH,2020,31.8,,,,TIPO_DATO15__MEANAGECH_N1,,,
IT1:22_293_DF_DCIS_INDDEMOG1_1(1.0),A,ITC34,MEANAGECH,2021,32.4,,,,TIPO_DATO15__MEANAGECH_N1,,,
IT1:22_293_DF_DCIS_INDDEMOG1_1(1.0),A,ITC34,MEANAGECH,2022,32,,,,TIPO_DATO15__MEANAGECH_N1,,,
IT1:22_293_DF_DCIS_INDDEMOG1_1(1.0),A,ITC34,MEANAGECH,2023,32.2,,,,TIPO_DATO15__MEANAGECH_N1,,,
IT1:22_293_DF_DCIS_INDDEMOG1_1(1.0),A,ITC34,MEANAGECH,2024,32.3,,,,TIPO_DATO15__MEANAGECH_N1,,,
IT1:22_293_DF_DCIS_INDDEMOG1_1(1.0),A,ITC34,MEANAGECH,2025,32.5,e,,,TIPO_DATO15__MEANAGECH_N1,,,
IT1:22_293_DF_DCIS_INDDEMOG1_1(1.0),A,ITC4,MEANAGECH,2015,31.8,,,,TIPO_DATO15__MEANAGECH_N1,,,
IT1:22_293_DF_DCIS_INDDEMOG1_1(1.0),A,ITC4,MEANAGECH,2016,31.9,,,,TIPO_DATO15__MEANAGECH_N1,,,
IT1:22_293_DF_DCIS_INDDEMOG1_1(1.0),A,ITC4,MEANAGECH,2017,32,,,,TIPO_DATO15__MEANAGECH_N1,,,
IT1:22_293_DF_DCIS_INDDEMOG1_1(1.0),A,ITC4,MEANAGECH,2018,32.1,,,,TIPO_DATO15__MEANAGECH_N1,,,
IT1:22_293_DF_DCIS_INDDEMOG1_1(1.0),A,ITC4,MEANAGECH,2019,32.2,,,,TIPO_DATO15__MEANAGECH_N1,,,
IT1:22_293_DF_DCIS_INDDEMOG1_1(1.0),A,ITC4,MEANAGECH,2020,32.3,,,,TIPO_DATO15__MEANAGECH_N1,,,
IT1:22_293_DF_DCIS_INDDEMOG1_1(1.0),A,ITC4,MEANAGECH,2021,32.6,,,,TIPO_DATO15__MEANAGECH_N1,,,
IT1:22_293_DF_DCIS_INDDEMOG1_1(1.0),A,ITC4,MEANAGECH,2022,32.7,,,,TIPO_DATO15__MEANAGECH_N1,,,
IT1:22_293_DF_DCIS_INDDEMOG1_1(1.0),A,ITC4,MEANAGECH,2023,32.7,,,,TIPO_DATO15__MEANAGECH_N1,,,
IT1:22_293_DF_DCIS_INDDEMOG1_1(1.0),A,ITC4,MEANAGECH,2024,32.8,,,,TIPO_DATO15__MEANAGECH_N1,,,
IT1:22_293_DF_DCIS_INDDEMOG1_1(1.0),A,ITC4,MEANAGECH,2025,32.9,e,,,TIPO_DATO15__MEANAGECH_N1,,,
IT1:22_293_DF_DCIS_INDDEMOG1_1(1.0),A,ITC41,MEANAGECH,2015,31.9,,,,TIPO_DATO15__MEANAGECH_N1,,,
IT1:22_293_DF_DCIS_INDDEMOG1_1(1.0),A,ITC41,MEANAGECH,2016,32,,,,TIPO_DATO15__MEANAGECH_N1,,,
IT1:22_293_DF_DCIS_INDDEMOG1_1(1.0),A,ITC41,MEANAGECH,2017,32.1,,,,TIPO_DATO15__MEANAGECH_N1,,,
IT1:22_293_DF_DCIS_INDDEMOG1_1(1.0),A,ITC41,MEANAGECH,2018,32.2,,,,TIPO_DATO15__MEANAGECH_N1,,,
IT1:22_293_DF_DCIS_INDDEMOG1_1(1.0),A,ITC41,MEANAGECH,2019,32.3,,,,TIPO_DATO15__MEANAGECH_N1,,,
IT1:22_293_DF_DCIS_INDDEMOG1_1(1.0),A,ITC41,MEANAGECH,2020,32.4,,,,TIPO_DATO15__MEANAGECH_N1,,,
IT1:22_293_DF_DCIS_INDDEMOG1_1(1.0),A,ITC41,MEANAGECH,2021,32.5,,,,TIPO_DATO15__MEANAGECH_N1,,,
IT1:22_293_DF_DCIS_INDDEMOG1_1(1.0),A,ITC41,MEANAGECH,2022,32.6,,,,TIPO_DATO15__MEANAGECH_N1,,,
IT1:22_293_DF_DCIS_INDDEMOG1_1(1.0),A,ITC41,MEANAGECH,2023,32.7,,,,TIPO_DATO15__MEANAGECH_N1,,,
IT1:22_293_DF_DCIS_INDDEMOG1_1(1.0),A,ITC41,MEANAGECH,2024,32.8,,,,TIPO_DATO15__MEANAGECH_N1,,,
IT1:22_293_DF_DCIS_INDDEMOG1_1(1.0),A,ITC41,MEANAGECH,2025,32.8,e,,,TIPO_DATO15__MEANAGECH_N1,,,
IT1:22_293_DF_DCIS_INDDEMOG1_1(1.0),A,ITC42,MEANAGECH,2015,32,,,,TIPO_DATO15__MEANAGECH_N1,,,
IT1:22_293_DF_DCIS_INDDEMOG1_1(1.0),A,ITC42,MEANAGECH,2016,32.1,,,,TIPO_DATO15__MEANAGECH_N1,,,
IT1:22_293_DF_DCIS_INDDEMOG1_1(1.0),A,ITC42,MEANAGECH,2017,32.4,,,,TIPO_DATO15__MEANAGECH_N1,,,
IT1:22_293_DF_DCIS_INDDEMOG1_1(1.0),A,ITC42,MEANAGECH,2018,32.5,,,,TIPO_DATO15__MEANAGECH_N1,,,
IT1:22_293_DF_DCIS_INDDEMOG1_1(1.0),A,ITC42,MEANAGECH,2019,32.4,,,,TIPO_DATO15__MEANAGECH_N1,,,
IT1:22_293_DF_DCIS_INDDEMOG1_1(1.0),A,ITC42,MEANAGECH,2020,32.6,,,,TIPO_DATO15__MEANAGECH_N1,,,
IT1:22_293_DF_DCIS_INDDEMOG1_1(1.0),A,ITC42,MEANAGECH,2021,32.9,,,,TIPO_DATO15__MEANAGECH_N1,,,
IT1:22_293_DF_DCIS_INDDEMOG1_1(1.0),A,ITC42,MEANAGECH,2022,32.8,,,,TIPO_DATO15__MEANAGECH_N1,,,
IT1:22_293_DF_DCIS_INDDEMOG1_1(1.0),A,ITC42,MEANAGECH,2023,32.8,,,,TIPO_DATO15__MEANAGECH_N1,,,
IT1:22_293_DF_DCIS_INDDEMOG1_1(1.0),A,ITC42,MEANAGECH,2024,33.1,,,,TIPO_DATO15__MEANAGECH_N1,,,
IT1:22_293_DF_DCIS_INDDEMOG1_1(1.0),A,ITC42,MEANAGECH,2025,33.2,e,,,TIPO_DATO15__MEANAGECH_N1,,,
IT1:22_293_DF_DCIS_INDDEMOG1_1(1.0),A,ITC43,MEANAGECH,2015,32.1,,,,TIPO_DATO15__MEANAGECH_N1,,,
IT1:22_293_DF_DCIS_INDDEMOG1_1(1.0),A,ITC43,MEANAGECH,2016,32,,,,TIPO_DATO15__MEANAGECH_N1,,,
IT1:22_293_DF_DCIS_INDDEMOG1_1(1.0),A,ITC43,MEANAGECH,2017,32.2,,,,TIPO_DATO15__MEANAGECH_N1,,,
IT1:22_293_DF_DCIS_INDDEMOG1_1(1.0),A,ITC43,MEANAGECH,2018,32.2,,,,TIPO_DATO15__MEANAGECH_N1,,,
IT1:22_293_DF_DCIS_INDDEMOG1_1(1.0),A,ITC43,MEANAGECH,2019,32.4,,,,TIPO_DATO15__MEANAGECH_N1,,,
IT1:22_293_DF_DCIS_INDDEMOG1_1(1.0),A,ITC43,MEANAGECH,2020,32.5,,,,TIPO_DATO15__MEANAGECH_N1,,,
IT1:22_293_DF_DCIS_INDDEMOG1_1(1.0),A,ITC43,MEANAGECH,2021,32.6,,,,TIPO_DATO15__MEANAGECH_N1,,,
IT1:22_293_DF_DCIS_INDDEMOG1_1(1.0),A,ITC43,MEANAGECH,2022,32.9,,,,TIPO_DATO15__MEANAGECH_N1,,,
IT1:22_293_DF_DCIS_INDDEMOG1_1(1.0),A,ITC43,MEANAGECH,2023,32.8,,,,TIPO_DATO15__MEANAGECH_N1,,,
IT1:22_293_DF_DCIS_INDDEMOG1_1(1.0),A,ITC43,MEANAGECH,2024,33,,,,TIPO_DATO15__MEANAGECH_N1,,,
IT1:22_293_DF_DCIS_INDDEMOG1_1(1.0),A,ITC43,MEANAGECH,2025,33,e,,,TIPO_DATO15__MEANAGECH_N1,,,
IT1:22_293_DF_DCIS_INDDEMOG1_1(1.0),A,ITC44,MEANAGECH,2015,31.5,,,,TIPO_DATO15__MEANAGECH_N1,,,
IT1:22_293_DF_DCIS_INDDEMOG1_1(1.0),A,ITC44,MEANAGECH,2016,31.6,,,,TIPO_DATO15__MEANAGECH_N1,,,
IT1:22_293_DF_DCIS_INDDEMOG1_1(1.0),A,ITC44,MEANAGECH,2017,31.9,,,,TIPO_DATO15__MEANAGECH_N1,,,
IT1:22_293_DF_DCIS_INDDEMOG1_1(1.0),A,ITC44,MEANAGECH,2018,31.6,,,,TIPO_DATO15__MEANAGECH_N1,,,
IT1:22_293_DF_DCIS_INDDEMOG1_1(1.0),A,ITC44,MEANAGECH,2019,31.7,,,,TIPO_DATO15__MEANAGECH_N1,,,
IT1:22_293_DF_DCIS_INDDEMOG1_1(1.0),A,ITC44,MEANAGECH,2020,32.2,,,,TIPO_DATO15__MEANAGECH_N1,,,
IT1:22_293_DF_DCIS_INDDEMOG1_1(1.0),A,ITC44,MEANAGECH,2021,32,,,,TIPO_DATO15__MEANAGECH_N1,,,
IT1:22_293_DF_DCIS_INDDEMOG1_1(1.0),A,ITC44,MEANAGECH,2022,32.1,,,,TIPO_DATO15__MEANAGECH_N1,,,
IT1:22_293_DF_DCIS_INDDEMOG1_1(1.0),A,ITC44,MEANAGECH,2023,32.2,,,,TIPO_DATO15__MEANAGECH_N1,,,
IT1:22_293_DF_DCIS_INDDEMOG1_1(1.0),A,ITC44,MEANAGECH,2024,32.5,,,,TIPO_DATO15__MEANAGECH_N1,,,
IT1:22_293_DF_DCIS_INDDEMOG1_1(1.0),A,ITC44,MEANAGECH,2025,32.4,e,,,TIPO_DATO15__MEANAGECH_N1,,,
IT1:22_293_DF_DCIS_INDDEMOG1_1(1.0),A,ITC45,MEANAGECH,2015,32.2,,,,TIPO_DATO15__MEANAGECH_N1,,,
IT1:22_293_DF_DCIS_INDDEMOG1_1(1.0),A,ITC45,MEANAGECH,2016,32.3,,,,TIPO_DATO15__MEANAGECH_N1,,,
IT1:22_293_DF_DCIS_INDDEMOG1_1(1.0),A,ITC45,MEANAGECH,2017,32.4,,,,TIPO_DATO15__MEANAGECH_N1,,,
IT1:22_293_DF_DCIS_INDDEMOG1_1(1.0),A,ITC45,MEANAGECH,2018,32.5,,,,TIPO_DATO15__MEANAGECH_N1,,,
IT1:22_293_DF_DCIS_INDDEMOG1_1(1.0),A,ITC45,MEANAGECH,2019,32.7,,,,TIPO_DATO15__MEANAGECH_N1,,,
IT1:22_293_DF_DCIS_INDDEMOG1_1(1.0),A,ITC45,MEANAGECH,2020,32.8,,,,TIPO_DATO15__MEANAGECH_N1,,,
IT1:22_293_DF_DCIS_INDDEMOG1_1(1.0),A,ITC45,MEANAGECH,2021,33.2,,,,TIPO_DATO15__MEANAGECH_N1,,,
IT1:22_293_DF_DCIS_INDDEMOG1_1(1.0),A,ITC45,MEANAGECH,2022,33.2,,,,TIPO_DATO15__MEANAGECH_N1,,,
IT1:22_293_DF_DCIS_INDDEMOG1_1(1.0),A,ITC45,MEANAGECH,2023,33.3,,,,TIPO_DATO15__MEANAGECH_N1,,,
IT1:22_293_DF_DCIS_INDDEMOG1_1(1.0),A,ITC45,MEANAGECH,2024,33.4,,,,TIPO_DATO15__MEANAGECH_N1,,,
IT1:22_293_DF_DCIS_INDDEMOG1_1(1.0),A,ITC45,MEANAGECH,2025,33.5,e,,,TIPO_DATO15__MEANAGECH_N1,,,
IT1:22_293_DF_DCIS_INDDEMOG1_1(1.0),A,ITC46,MEANAGECH,2015,31.6,,,,TIPO_DATO15__MEANAGECH_N1,,,
IT1:22_293_DF_DCIS_INDDEMOG1_1(1.0),A,ITC46,MEANAGECH,2016,31.6,,,,TIPO_DATO15__MEANAGECH_N1,,,
IT1:22_293_DF_DCIS_INDDEMOG1_1(1.0),A,ITC46,MEANAGECH,2017,31.8,,,,TIPO_DATO15__MEANAGECH_N1,,,
IT1:22_293_DF_DCIS_INDDEMOG1_1(1.0),A,ITC46,MEANAGECH,2018,31.9,,,,TIPO_DATO15__MEANAGECH_N1,,,
IT1:22_293_DF_DCIS_INDDEMOG1_1(1.0),A,ITC46,MEANAGECH,2019,32.1,,,,TIPO_DATO15__MEANAGECH_N1,,,
IT1:22_293_DF_DCIS_INDDEMOG1_1(1.0),A,ITC46,MEANAGECH,2020,32,,,,TIPO_DATO15__MEANAGECH_N1,,,
IT1:22_293_DF_DCIS_INDDEMOG1_1(1.0),A,ITC46,MEANAGECH,2021,32.3,,,,TIPO_DATO15__MEANAGECH_N1,,,
IT1:22_293_DF_DCIS_INDDEMOG1_1(1.0),A,ITC46,MEANAGECH,2022,32.4,,,,TIPO_DATO15__MEANAGECH_N1,,,
IT1:22_293_DF_DCIS_INDDEMOG1_1(1.0),A,ITC46,MEANAGECH,2023,32.4,,,,TIPO_DATO15__MEANAGECH_N1,,,
IT1:22_293_DF_DCIS_INDDEMOG1_1(1.0),A,ITC46,MEANAGECH,2024,32.6,,,,TIPO_DATO15__MEANAGECH_N1,,,
IT1:22_293_DF_DCIS_INDDEMOG1_1(1.0),A,ITC46,MEANAGECH,2025,32.7,e,,,TIPO_DATO15__MEANAGECH_N1,,,
IT1:22_293_DF_DCIS_INDDEMOG1_1(1.0),A,ITC47,MEANAGECH,2015,31.2,,,,TIPO_DATO15__MEANAGECH_N1,,,
IT1:22_293_DF_DCIS_INDDEMOG1_1(1.0),A,ITC47,MEANAGECH,2016,31.4,,,,TIPO_DATO15__MEANAGECH_N1,,,
IT1:22_293_DF_DCIS_INDDEMOG1_1(1.0),A,ITC47,MEANAGECH,2017,31.4,,,,TIPO_DATO15__MEANAGECH_N1,,,
IT1:22_293_DF_DCIS_INDDEMOG1_1(1.0),A,ITC47,MEANAGECH,2018,31.7,,,,TIPO_DATO15__MEANAGECH_N1,,,
IT1:22_293_DF_DCIS_INDDEMOG1_1(1.0),A,ITC47,MEANAGECH,2019,31.7,,,,TIPO_DATO15__MEANAGECH_N1,,,
IT1:22_293_DF_DCIS_INDDEMOG1_1(1.0),A,ITC47,MEANAGECH,2020,31.8,,,,TIPO_DATO15__MEANAGECH_N1,,,
IT1:22_293_DF_DCIS_INDDEMOG1_1(1.0),A,ITC47,MEANAGECH,2021,32,,,,TIPO_DATO15__MEANAGECH_N1,,,
IT1:22_293_DF_DCIS_INDDEMOG1_1(1.0),A,ITC47,MEANAGECH,2022,32.1,,,,TIPO_DATO15__MEANAGECH_N1,,,
IT1:22_293_DF_DCIS_INDDEMOG1_1(1.0),A,ITC47,MEANAGECH,2023,32.1,,,,TIPO_DATO15__MEANAGECH_N1,,,
IT1:22_293_DF_DCIS_INDDEMOG1_1(1.0),A,ITC47,MEANAGECH,2024,32.2,,,,TIPO_DATO15__MEANAGECH_N1,,,
IT1:22_293_DF_DCIS_INDDEMOG1_1(1.0),A,ITC47,MEANAGECH,2025,32.3,e,,,TIPO_DATO15__MEANAGECH_N1,,,
IT1:22_293_DF_DCIS_INDDEMOG1_1(1.0),A,ITC48,MEANAGECH,2015,31.2,,,,TIPO_DATO15__MEANAGECH_N1,,,
IT1:22_293_DF_DCIS_INDDEMOG1_1(1.0),A,ITC48,MEANAGECH,2016,31.3,,,,TIPO_DATO15__MEANAGECH_N1,,,
IT1:22_293_DF_DCIS_INDDEMOG1_1(1.0),A,ITC48,MEANAGECH,2017,31.4,,,,TIPO_DATO15__MEANAGECH_N1,,,
IT1:22_293_DF_DCIS_INDDEMOG1_1(1.0),A,ITC48,MEANAGECH,2018,31.5,,,,TIPO_DATO15__MEANAGECH_N1,,,
IT1:22_293_DF_DCIS_INDDEMOG1_1(1.0),A,ITC48,MEANAGECH,2019,31.4,,,,TIPO_DATO15__MEANAGECH_N1,,,
IT1:22_293_DF_DCIS_INDDEMOG1_1(1.0),A,ITC48,MEANAGECH,2020,31.8,,,,TIPO_DATO15__MEANAGECH_N1,,,
IT1:22_293_DF_DCIS_INDDEMOG1_1(1.0),A,ITC48,MEANAGECH,2021,31.9,,,,TIPO_DATO15__MEANAGECH_N1,,,
IT1:22_293_DF_DCIS_INDDEMOG1_1(1.0),A,ITC48,MEANAGECH,2022,32,,,,TIPO_DATO15__MEANAGECH_N1,,,
IT1:22_293_DF_DCIS_INDDEMOG1_1(1.0),A,ITC48,MEANAGECH,2023,32,,,,TIPO_DATO15__MEANAGECH_N1,,,
IT1:22_293_DF_DCIS_INDDEMOG1_1(1.0),A,ITC48,MEANAGECH,2024,32,,,,TIPO_DATO15__MEANAGECH_N1,,,
IT1:22_293_DF_DCIS_INDDEMOG1_1(1.0),A,ITC48,MEANAGECH,2025,32.4,e,,,TIPO_DATO15__MEANAGECH_N1,,,
IT1:22_293_DF_DCIS_INDDEMOG1_1(1.0),A,ITC49,MEANAGECH,2015,31.5,,,,TIPO_DATO15__MEANAGECH_N1,,,
IT1:22_293_DF_DCIS_INDDEMOG1_1(1.0),A,ITC49,MEANAGECH,2016,31.4,,,,TIPO_DATO15__MEANAGECH_N1,,,
IT1:22_293_DF_DCIS_INDDEMOG1_1(1.0),A,ITC49,MEANAGECH,2017,31.7,,,,TIPO_DATO15__MEANAGECH_N1,,,
IT1:22_293_DF_DCIS_INDDEMOG1_1(1.0),A,ITC49,MEANAGECH,2018,31.5,,,,TIPO_DATO15__MEANAGECH_N1,,,
IT1:22_293_DF_DCIS_INDDEMOG1_1(1.0),A,ITC49,MEANAGECH,2019,31.8,,,,TIPO_DATO15__MEANAGECH_N1,,,
IT1:22_293_DF_DCIS_INDDEMOG1_1(1.0),A,ITC49,MEANAGECH,2020,31.7,,,,TIPO_DATO15__MEANAGECH_N1,,,
IT1:22_293_DF_DCIS_INDDEMOG1_1(1.0),A,ITC49,MEANAGECH,2021,32.1,,,,TIPO_DATO15__MEANAGECH_N1,,,
IT1:22_293_DF_DCIS_INDDEMOG1_1(1.0),A,ITC49,MEANAGECH,2022,31.9,,,,TIPO_DATO15__MEANAGECH_N1,,,
IT1:22_293_DF_DCIS_INDDEMOG1_1(1.0),A,ITC49,MEANAGECH,2023,32.3,,,,TIPO_DATO15__MEANAGECH_N1,,,
IT1:22_293_DF_DCIS_INDDEMOG1_1(1.0),A,ITC49,MEANAGECH,2024,32.2,,,,TIPO_DATO15__MEANAGECH_N1,,,
IT1:22_293_DF_DCIS_INDDEMOG1_1(1.0),A,ITC49,MEANAGECH,2025,32.5,e,,,TIPO_DATO15__MEANAGECH_N1,,,
IT1:22_293_DF_DCIS_INDDEMOG1_1(1.0),A,ITC4A,MEANAGECH,2015,31.3,,,,TIPO_DATO15__MEANAGECH_N1,,,
IT1:22_293_DF_DCIS_INDDEMOG1_1(1.0),A,ITC4A,MEANAGECH,2016,31.3,,,,TIPO_DATO15__MEANAGECH_N1,,,
IT1:22_293_DF_DCIS_INDDEMOG1_1(1.0),A,ITC4A,MEANAGECH,2017,31.3,,,,TIPO_DATO15__MEANAGECH_N1,,,
IT1:22_293_DF_DCIS_INDDEMOG1_1(1.0),A,ITC4A,MEANAGECH,2018,31.5,,,,TIPO_DATO15__MEANAGECH_N1,,,
IT1:22_293_DF_DCIS_INDDEMOG1_1(1.0),A,ITC4A,MEANAGECH,2019,31.5,,,,TIPO_DATO15__MEANAGECH_N1,,,
IT1:22_293_DF_DCIS_INDDEMOG1_1(1.0),A,ITC4A,MEANAGECH,2020,31.9,,,,TIPO_DATO15__MEANAGECH_N1,,,
IT1:22_293_DF_DCIS_INDDEMOG1_1(1.0),A,ITC4A,MEANAGECH,2021,31.8,,,,TIPO_DATO15__MEANAGECH_N1,,,
IT1:22_293_DF_DCIS_INDDEMOG1_1(1.0),A,ITC4A,MEANAGECH,2022,32,,,,TIPO_DATO15__MEANAGECH_N1,,,
IT1:22_293_DF_DCIS_INDDEMOG1_1(1.0),A,ITC4A,MEANAGECH,2023,32,,,,TIPO_DATO15__MEANAGECH_N1,,,
IT1:22_293_DF_DCIS_INDDEMOG1_1(1.0),A,ITC4A,MEANAGECH,2024,32,,,,TIPO_DATO15__MEANAGECH_N1,,,
IT1:22_293_DF_DCIS_INDDEMOG1_1(1.0),A,ITC4A,MEANAGECH,2025,32.1,e,,,TIPO_DATO15__MEANAGECH_N1,,,
IT1:22_293_DF_DCIS_INDDEMOG1_1(1.0),A,ITC4B,MEANAGECH,2015,30.9,,,,TIPO_DATO15__MEANAGECH_N1,,,
IT1:22_293_DF_DCIS_INDDEMOG1_1(1.0),A,ITC4B,MEANAGECH,2016,31.1,,,,TIPO_DATO15__MEANAGECH_N1,,,
IT1:22_293_DF_DCIS_INDDEMOG1_1(1.0),A,ITC4B,MEANAGECH,2017,31.4,,,,TIPO_DATO15__MEANAGECH_N1,,,
IT1:22_293_DF_DCIS_INDDEMOG1_1(1.0),A,ITC4B,MEANAGECH,2018,31.5,,,,TIPO_DATO15__MEANAGECH_N1,,,
IT1:22_293_DF_DCIS_INDDEMOG1_1(1.0),A,ITC4B,MEANAGECH,2019,31.4,,,,TIPO_DATO15__MEANAGECH_N1,,,
IT1:22_293_DF_DCIS_INDDEMOG1_1(1.0),A,ITC4B,MEANAGECH,2020,31.3,,,,TIPO_DATO15__MEANAGECH_N1,,,
IT1:22_293_DF_DCIS_INDDEMOG1_1(1.0),A,ITC4B,MEANAGECH,2021,31.8,,,,TIPO_DATO15__MEANAGECH_N1,,,
IT1:22_293_DF_DCIS_INDDEMOG1_1(1.0),A,ITC4B,MEANAGECH,2022,31.8,,,,TIPO_DATO15__MEANAGECH_N1,,,
IT1:22_293_DF_DCIS_INDDEMOG1_1(1.0),A,ITC4B,MEANAGECH,2023,31.6,,,,TIPO_DATO15__MEANAGECH_N1,,,
IT1:22_293_DF_DCIS_INDDEMOG1_1(1.0),A,ITC4B,MEANAGECH,2024,32.1,,,,TIPO_DATO15__MEANAGECH_N1,,,
IT1:22_293_DF_DCIS_INDDEMOG1_1(1.0),A,ITC4B,MEANAGECH,2025,32,e,,,TIPO_DATO15__MEANAGECH_N1,,,
IT1:22_293_DF_DCIS_INDDEMOG1_1(1.0),A,ITCD,MEANAGECH,2015,31.7,,,,TIPO_DATO15__MEANAGECH_N1,,,
IT1:22_293_DF_DCIS_INDDEMOG1_1(1.0),A,ITCD,MEANAGECH,2016,31.8,,,,TIPO_DATO15__MEANAGECH_N1,,,
IT1:22_293_DF_DCIS_INDDEMOG1_1(1.0),A,ITCD,MEANAGECH,2017,32,,,,TIPO_DATO15__MEANAGECH_N1,,,
IT1:22_293_DF_DCIS_INDDEMOG1_1(1.0),A,ITCD,MEANAGECH,2018,32.1,,,,TIPO_DATO15__MEANAGECH_N1,,,
IT1:22_293_DF_DCIS_INDDEMOG1_1(1.0),A,ITCD,MEANAGECH,2019,32.2,,,,TIPO_DATO15__MEANAGECH_N1,,,
IT1:22_293_DF_DCIS_INDDEMOG1_1(1.0),A,ITCD,MEANAGECH,2020,32.2,,,,TIPO_DATO15__MEANAGECH_N1,,,
IT1:22_293_DF_DCIS_INDDEMOG1_1(1.0),A,ITCD,MEANAGECH,2021,32.5,,,,TIPO_DATO15__MEANAGECH_N1,,,
IT1:22_293_DF_DCIS_INDDEMOG1_1(1.0),A,ITCD,MEANAGECH,2022,32.5,,,,TIPO_DATO15__MEANAGECH_N1,,,
IT1:22_293_DF_DCIS_INDDEMOG1_1(1.0),A,ITCD,MEANAGECH,2023,32.6,,,,TIPO_DATO15__MEANAGECH_N1,,,
IT1:22_293_DF_DCIS_INDDEMOG1_1(1.0),A,ITCD,MEANAGECH,2024,32.7,,,,TIPO_DATO15__MEANAGECH_N1,,,
IT1:22_293_DF_DCIS_INDDEMOG1_1(1.0),A,ITCD,MEANAGECH,2025,32.8,e,,,TIPO_DATO15__MEANAGECH_N1,,,
IT1:22_293_DF_DCIS_INDDEMOG1_1(1.0),A,ITD,MEANAGECH,2015,31.7,,,,TIPO_DATO15__MEANAGECH_N1,,,
IT1:22_293_DF_DCIS_INDDEMOG1_1(1.0),A,ITD,MEANAGECH,2016,31.8,,,,TIPO_DATO15__MEANAGECH_N1,,,
IT1:22_293_DF_DCIS_INDDEMOG1_1(1.0),A,ITD,MEANAGECH,2017,31.9,,,,TIPO_DATO15__MEANAGECH_N1,,,
IT1:22_293_DF_DCIS_INDDEMOG1_1(1.0),A,ITD,MEANAGECH,2018,32,,,,TIPO_DATO15__MEANAGECH_N1,,,
IT1:22_293_DF_DCIS_INDDEMOG1_1(1.0),A,ITD,MEANAGECH,2019,32.1,,,,TIPO_DATO15__MEANAGECH_N1,,,
IT1:22_293_DF_DCIS_INDDEMOG1_1(1.0),A,ITD,MEANAGECH,2020,32.2,,,,TIPO_DATO15__MEANAGECH_N1,,,
IT1:22_293_DF_DCIS_INDDEMOG1_1(1.0),A,ITD,MEANAGECH,2021,32.4,,,,TIPO_DATO15__MEANAGECH_N1,,,
IT1:22_293_DF_DCIS_INDDEMOG1_1(1.0),A,ITD,MEANAGECH,2022,32.4,,,,TIPO_DATO15__MEANAGECH_N1,,,
IT1:22_293_DF_DCIS_INDDEMOG1_1(1.0),A,ITD,MEANAGECH,2023,32.5,,,,TIPO_DATO15__MEANAGECH_N1,,,
IT1:22_293_DF_DCIS_INDDEMOG1_1(1.0),A,ITD,MEANAGECH,2024,32.6,,,,TIPO_DATO15__MEANAGECH_N1,,,
IT1:22_293_DF_DCIS_INDDEMOG1_1(1.0),A,ITD,MEANAGECH,2025,32.7,e,,,TIPO_DATO15__MEANAGECH_N1,,,
IT1:22_293_DF_DCIS_INDDEMOG1_1(1.0),A,ITD1,MEANAGECH,2015,31.6,,,,TIPO_DATO15__MEANAGECH_N1,,,
IT1:22_293_DF_DCIS_INDDEMOG1_1(1.0),A,ITD1,MEANAGECH,2016,31.6,,,,TIPO_DATO15__MEANAGECH_N1,,,
IT1:22_293_DF_DCIS_INDDEMOG1_1(1.0),A,ITD1,MEANAGECH,2017,31.7,,,,TIPO_DATO15__MEANAGECH_N1,,,
IT1:22_293_DF_DCIS_INDDEMOG1_1(1.0),A,ITD1,MEANAGECH,2018,31.8,,,,TIPO_DATO15__MEANAGECH_N1,,,
IT1:22_293_DF_DCIS_INDDEMOG1_1(1.0),A,ITD1,MEANAGECH,2019,31.8,,,,TIPO_DATO15__MEANAGECH_N1,,,
IT1:22_293_DF_DCIS_INDDEMOG1_1(1.0),A,ITD1,MEANAGECH,2020,31.8,,,,TIPO_DATO15__MEANAGECH_N1,,,
IT1:22_293_DF_DCIS_INDDEMOG1_1(1.0),A,ITD1,MEANAGECH,2021,31.8,,,,TIPO_DATO15__MEANAGECH_N1,,,
IT1:22_293_DF_DCIS_INDDEMOG1_1(1.0),A,ITD1,MEANAGECH,2022,31.8,,,,TIPO_DATO15__MEANAGECH_N1,,,
IT1:22_293_DF_DCIS_INDDEMOG1_1(1.0),A,ITD1,MEANAGECH,2023,31.9,,,,TIPO_DATO15__MEANAGECH_N1,,,
IT1:22_293_DF_DCIS_INDDEMOG1_1(1.0),A,ITD1,MEANAGECH,2024,31.8,,,,TIPO_DATO15__MEANAGECH_N1,,,
IT1:22_293_DF_DCIS_INDDEMOG1_1(1.0),A,ITD1,MEANAGECH,2025,32,e,,,TIPO_DATO15__MEANAGECH_N1,,,
IT1:22_293_DF_DCIS_INDDEMOG1_1(1.0),A,ITD10,MEANAGECH,2015,31.6,,,,TIPO_DATO15__MEANAGECH_N1,,,
IT1:22_293_DF_DCIS_INDDEMOG1_1(1.0),A,ITD10,MEANAGECH,2016,31.6,,,,TIPO_DATO15__MEANAGECH_N1,,,
IT1:22_293_DF_DCIS_INDDEMOG1_1(1.0),A,ITD10,MEANAGECH,2017,31.7,,,,TIPO_DATO15__MEANAGECH_N1,,,
IT1:22_293_DF_DCIS_INDDEMOG1_1(1.0),A,ITD10,MEANAGECH,2018,31.8,,,,TIPO_DATO15__MEANAGECH_N1,,,
IT1:22_293_DF_DCIS_INDDEMOG1_1(1.0),A,ITD10,MEANAGECH,2019,31.8,,,,TIPO_DATO15__MEANAGECH_N1,,,
IT1:22_293_DF_DCIS_INDDEMOG1_1(1.0),A,ITD10,MEANAGECH,2020,31.8,,,,TIPO_DATO15__MEANAGECH_N1,,,
IT1:22_293_DF_DCIS_INDDEMOG1_1(1.0),A,ITD10,MEANAGECH,2021,31.8,,,,TIPO_DATO15__MEANAGECH_N1,,,
IT1:22_293_DF_DCIS_INDDEMOG1_1(1.0),A,ITD10,MEANAGECH,2022,31.8,,,,TIPO_DATO15__MEANAGECH_N1,,,
IT1:22_293_DF_DCIS_INDDEMOG1_1(1.0),A,ITD10,MEANAGECH,2023,31.9,,,,TIPO_DATO15__MEANAGECH_N1,,,
IT1:22_293_DF_DCIS_INDDEMOG1_1(1.0),A,ITD10,MEANAGECH,2024,31.8,,,,TIPO_DATO15__MEANAGECH_N1,,,
IT1:22_293_DF_DCIS_INDDEMOG1_1(1.0),A,ITD10,MEANAGECH,2025,32,e,,,TIPO_DATO15__MEANAGECH_N1,,,
IT1:22_293_DF_DCIS_INDDEMOG1_1(1.0),A,ITD2,MEANAGECH,2015,31.7,,,,TIPO_DATO15__MEANAGECH_N1,,,
IT1:22_293_DF_DCIS_INDDEMOG1_1(1.0),A,ITD2,MEANAGECH,2016,31.9,,,,TIPO_DATO15__MEANAGECH_N1,,,
IT1:22_293_DF_DCIS_INDDEMOG1_1(1.0),A,ITD2,MEANAGECH,2017,32,,,,TIPO_DATO15__MEANAGECH_N1,,,
IT1:22_293_DF_DCIS_INDDEMOG1_1(1.0),A,ITD2,MEANAGECH,2018,32.1,,,,TIPO_DATO15__MEANAGECH_N1,,,
IT1:22_293_DF_DCIS_INDDEMOG1_1(1.0),A,ITD2,MEANAGECH,2019,32.3,,,,TIPO_DATO15__MEANAGECH_N1,,,
IT1:22_293_DF_DCIS_INDDEMOG1_1(1.0),A,ITD2,MEANAGECH,2020,32.2,,,,TIPO_DATO15__MEANAGECH_N1,,,
IT1:22_293_DF_DCIS_INDDEMOG1_1(1.0),A,ITD2,MEANAGECH,2021,32.4,,,,TIPO_DATO15__MEANAGECH_N1,,,
IT1:22_293_DF_DCIS_INDDEMOG1_1(1.0),A,ITD2,MEANAGECH,2022,32.5,,,,TIPO_DATO15__MEANAGECH_N1,,,
IT1:22_293_DF_DCIS_INDDEMOG1_1(1.0),A,ITD2,MEANAGECH,2023,32.6,,,,TIPO_DATO15__MEANAGECH_N1,,,
IT1:22_293_DF_DCIS_INDDEMOG1_1(1.0),A,ITD2,MEANAGECH,2024,32.7,,,,TIPO_DATO15__MEANAGECH_N1,,,
IT1:22_293_DF_DCIS_INDDEMOG1_1(1.0),A,ITD2,MEANAGECH,2025,32.6,e,,,TIPO_DATO15__MEANAGECH_N1,,,
IT1:22_293_DF_DCIS_INDDEMOG1_1(1.0),A,ITD20,MEANAGECH,2015,31.7,,,,TIPO_DATO15__MEANAGECH_N1,,,
IT1:22_293_DF_DCIS_INDDEMOG1_1(1.0),A,ITD20,MEANAGECH,2016,31.9,,,,TIPO_DATO15__MEANAGECH_N1,,,
IT1:22_293_DF_DCIS_INDDEMOG1_1(1.0),A,ITD20,MEANAGECH,2017,32,,,,TIPO_DATO15__MEANAGECH_N1,,,
IT1:22_293_DF_DCIS_INDDEMOG1_1(1.0),A,ITD20,MEANAGECH,2018,32.1,,,,TIPO_DATO15__MEANAGECH_N1,,,
IT1:22_293_DF_DCIS_INDDEMOG1_1(1.0),A,ITD20,MEANAGECH,2019,32.3,,,,TIPO_DATO15__MEANAGECH_N1,,,
IT1:22_293_DF_DCIS_INDDEMOG1_1(1.0),A,ITD20,MEANAGECH,2020,32.2,,,,TIPO_DATO15__MEANAGECH_N1,,,
IT1:22_293_DF_DCIS_INDDEMOG1_1(1.0),A,ITD20,MEANAGECH,2021,32.4,,,,TIPO_DATO15__MEANAGECH_N1,,,
IT1:22_293_DF_DCIS_INDDEMOG1_1(1.0),A,ITD20,MEANAGECH,2022,32.5,,,,TIPO_DATO15__MEANAGECH_N1,,,
IT1:22_293_DF_DCIS_INDDEMOG1_1(1.0),A,ITD20,MEANAGECH,2023,32.6,,,,TIPO_DATO15__MEANAGECH_N1,,,
IT1:22_293_DF_DCIS_INDDEMOG1_1(1.0),A,ITD20,MEANAGECH,2024,32.7,,,,TIPO_DATO15__MEANAGECH_N1,,,
IT1:22_293_DF_DCIS_INDDEMOG1_1(1.0),A,ITD20,MEANAGECH,2025,32.6,e,,,TIPO_DATO15__MEANAGECH_N1,,,
IT1:22_293_DF_DCIS_INDDEMOG1_1(1.0),A,ITD3,MEANAGECH,2015,31.9,,,,TIPO_DATO15__MEANAGECH_N1,,,
IT1:22_293_DF_DCIS_INDDEMOG1_1(1.0),A,ITD3,MEANAGECH,2016,32,,,,TIPO_DATO15__MEANAGECH_N1,,,
IT1:22_293_DF_DCIS_INDDEMOG1_1(1.0),A,ITD3,MEANAGECH,2017,32.1,,,,TIPO_DATO15__MEANAGECH_N1,,,
IT1:22_293_DF_DCIS_INDDEMOG1_1(1.0),A,ITD3,MEANAGECH,2018,32.2,,,,TIPO_DATO15__MEANAGECH_N1,,,
IT1:22_293_DF_DCIS_INDDEMOG1_1(1.0),A,ITD3,MEANAGECH,2019,32.3,,,,TIPO_DATO15__MEANAGECH_N1,,,
IT1:22_293_DF_DCIS_INDDEMOG1_1(1.0),A,ITD3,MEANAGECH,2020,32.3,,,,TIPO_DATO15__MEANAGECH_N1,,,
IT1:22_293_DF_DCIS_INDDEMOG1_1(1.0),A,ITD3,MEANAGECH,2021,32.5,,,,TIPO_DATO15__MEANAGECH_N1,,,
IT1:22_293_DF_DCIS_INDDEMOG1_1(1.0),A,ITD3,MEANAGECH,2022,32.5,,,,TIPO_DATO15__MEANAGECH_N1,,,
IT1:22_293_DF_DCIS_INDDEMOG1_1(1.0),A,ITD3,MEANAGECH,2023,32.7,,,,TIPO_DATO15__MEANAGECH_N1,,,
IT1:22_293_DF_DCIS_INDDEMOG1_1(1.0),A,ITD3,MEANAGECH,2024,32.7,,,,TIPO_DATO15__MEANAGECH_N1,,,
IT1:22_293_DF_DCIS_INDDEMOG1_1(1.0),A,ITD3,MEANAGECH,2025,32.8,e,,,TIPO_DATO15__MEANAGECH_N1,,,
IT1:22_293_DF_DCIS_INDDEMOG1_1(1.0),A,ITD31,MEANAGECH,2015,31.7,,,,TIPO_DATO15__MEANAGECH_N1,,,
IT1:22_293_DF_DCIS_INDDEMOG1_1(1.0),A,ITD31,MEANAGECH,2016,31.8,,,,TIPO_DATO15__MEANAGECH_N1,,,
IT1:22_293_DF_DCIS_INDDEMOG1_1(1.0),A,ITD31,MEANAGECH,2017,32,,,,TIPO_DATO15__MEANAGECH_N1,,,
IT1:22_293_DF_DCIS_INDDEMOG1_1(1.0),A,ITD31,MEANAGECH,2018,32,,,,TIPO_DATO15__MEANAGECH_N1,,,
IT1:22_293_DF_DCIS_INDDEMOG1_1(1.0),A,ITD31,MEANAGECH,2019,32.2,,,,TIPO_DATO15__MEANAGECH_N1,,,
IT1:22_293_DF_DCIS_INDDEMOG1_1(1.0),A,ITD31,MEANAGECH,2020,32.3,,,,TIPO_DATO15__MEANAGECH_N1,,,
IT1:22_293_DF_DCIS_INDDEMOG1_1(1.0),A,ITD31,MEANAGECH,2021,32.5,,,,TIPO_DATO15__MEANAGECH_N1,,,
IT1:22_293_DF_DCIS_INDDEMOG1_1(1.0),A,ITD31,MEANAGECH,2022,32.5,,,,TIPO_DATO15__MEANAGECH_N1,,,
IT1:22_293_DF_DCIS_INDDEMOG1_1(1.0),A,ITD31,MEANAGECH,2023,32.7,,,,TIPO_DATO15__MEANAGECH_N1,,,
IT1:22_293_DF_DCIS_INDDEMOG1_1(1.0),A,ITD31,MEANAGECH,2024,32.8,,,,TIPO_DATO15__MEANAGECH_N1,,,
IT1:22_293_DF_DCIS_INDDEMOG1_1(1.0),A,ITD31,MEANAGECH,2025,32.9,e,,,TIPO_DATO15__MEANAGECH_N1,,,
IT1:22_293_DF_DCIS_INDDEMOG1_1(1.0),A,ITD32,MEANAGECH,2015,31.8,,,,TIPO_DATO15__MEANAGECH_N1,,,
IT1:22_293_DF_DCIS_INDDEMOG1_1(1.0),A,ITD32,MEANAGECH,2016,32,,,,TIPO_DATO15__MEANAGECH_N1,,,
IT1:22_293_DF_DCIS_INDDEMOG1_1(1.0),A,ITD32,MEANAGECH,2017,32.1,,,,TIPO_DATO15__MEANAGECH_N1,,,
IT1:22_293_DF_DCIS_INDDEMOG1_1(1.0),A,ITD32,MEANAGECH,2018,32.2,,,,TIPO_DATO15__MEANAGECH_N1,,,
IT1:22_293_DF_DCIS_INDDEMOG1_1(1.0),A,ITD32,MEANAGECH,2019,32.1,,,,TIPO_DATO15__MEANAGECH_N1,,,
IT1:22_293_DF_DCIS_INDDEMOG1_1(1.0),A,ITD32,MEANAGECH,2020,32.3,,,,TIPO_DATO15__MEANAGECH_N1,,,
IT1:22_293_DF_DCIS_INDDEMOG1_1(1.0),A,ITD32,MEANAGECH,2021,32.5,,,,TIPO_DATO15__MEANAGECH_N1,,,
IT1:22_293_DF_DCIS_INDDEMOG1_1(1.0),A,ITD32,MEANAGECH,2022,32.6,,,,TIPO_DATO15__MEANAGECH_N1,,,
IT1:22_293_DF_DCIS_INDDEMOG1_1(1.0),A,ITD32,MEANAGECH,2023,32.6,,,,TIPO_DATO15__MEANAGECH_N1,,,
IT1:22_293_DF_DCIS_INDDEMOG1_1(1.0),A,ITD32,MEANAGECH,2024,32.6,,,,TIPO_DATO15__MEANAGECH_N1,,,
IT1:22_293_DF_DCIS_INDDEMOG1_1(1.0),A,ITD32,MEANAGECH,2025,32.8,e,,,TIPO_DATO15__MEANAGECH_N1,,,
IT1:22_293_DF_DCIS_INDDEMOG1_1(1.0),A,ITD33,MEANAGECH,2015,31.6,,,,TIPO_DATO15__MEANAGECH_N1,,,
IT1:22_293_DF_DCIS_INDDEMOG1_1(1.0),A,ITD33,MEANAGECH,2016,31.7,,,,TIPO_DATO15__MEANAGECH_N1,,,
IT1:22_293_DF_DCIS_INDDEMOG1_1(1.0),A,ITD33,MEANAGECH,2017,31.8,,,,TIPO_DATO15__MEANAGECH_N1,,,
IT1:22_293_DF_DCIS_INDDEMOG1_1(1.0),A,ITD33,MEANAGECH,2018,31.9,,,,TIPO_DATO15__MEANAGECH_N1,,,
IT1:22_293_DF_DCIS_INDDEMOG1_1(1.0),A,ITD33,MEANAGECH,2019,32.2,,,,TIPO_DATO15__MEANAGECH_N1,,,
IT1:22_293_DF_DCIS_INDDEMOG1_1(1.0),A,ITD33,MEANAGECH,2020,32.1,,,,TIPO_DATO15__MEANAGECH_N1,,,
IT1:22_293_DF_DCIS_INDDEMOG1_1(1.0),A,ITD33,MEANAGECH,2021,32.4,,,,TIPO_DATO15__MEANAGECH_N1,,,
IT1:22_293_DF_DCIS_INDDEMOG1_1(1.0),A,ITD33,MEANAGECH,2022,32.5,,,,TIPO_DATO15__MEANAGECH_N1,,,
IT1:22_293_DF_DCIS_INDDEMOG1_1(1.0),A,ITD33,MEANAGECH,2023,32.5,,,,TIPO_DATO15__MEANAGECH_N1,,,
IT1:22_293_DF_DCIS_INDDEMOG1_1(1.0),A,ITD33,MEANAGECH,2024,32.2,,,,TIPO_DATO15__MEANAGECH_N1,,,
IT1:22_293_DF_DCIS_INDDEMOG1_1(1.0),A,ITD33,MEANAGECH,2025,32.9,e,,,TIPO_DATO15__MEANAGECH_N1,,,
IT1:22_293_DF_DCIS_INDDEMOG1_1(1.0),A,ITD34,MEANAGECH,2015,31.9,,,,TIPO_DATO15__MEANAGECH_N1,,,
IT1:22_293_DF_DCIS_INDDEMOG1_1(1.0),A,ITD34,MEANAGECH,2016,31.9,,,,TIPO_DATO15__MEANAGECH_N1,,,
IT1:22_293_DF_DCIS_INDDEMOG1_1(1.0),A,ITD34,MEANAGECH,2017,32.1,,,,TIPO_DATO15__MEANAGECH_N1,,,
IT1:22_293_DF_DCIS_INDDEMOG1_1(1.0),A,ITD34,MEANAGECH,2018,32.1,,,,TIPO_DATO15__MEANAGECH_N1,,,
IT1:22_293_DF_DCIS_INDDEMOG1_1(1.0),A,ITD34,MEANAGECH,2019,32.3,,,,TIPO_DATO15__MEANAGECH_N1,,,
IT1:22_293_DF_DCIS_INDDEMOG1_1(1.0),A,ITD34,MEANAGECH,2020,32.1,,,,TIPO_DATO15__MEANAGECH_N1,,,
IT1:22_293_DF_DCIS_INDDEMOG1_1(1.0),A,ITD34,MEANAGECH,2021,32.4,,,,TIPO_DATO15__MEANAGECH_N1,,,
IT1:22_293_DF_DCIS_INDDEMOG1_1(1.0),A,ITD34,MEANAGECH,2022,32.4,,,,TIPO_DATO15__MEANAGECH_N1,,,
IT1:22_293_DF_DCIS_INDDEMOG1_1(1.0),A,ITD34,MEANAGECH,2023,32.6,,,,TIPO_DATO15__MEANAGECH_N1,,,
IT1:22_293_DF_DCIS_INDDEMOG1_1(1.0),A,ITD34,MEANAGECH,2024,32.6,,,,TIPO_DATO15__MEANAGECH_N1,,,
IT1:22_293_DF_DCIS_INDDEMOG1_1(1.0),A,ITD34,MEANAGECH,2025,32.7,e,,,TIPO_DATO15__MEANAGECH_N1,,,
IT1:22_293_DF_DCIS_INDDEMOG1_1(1.0),A,ITD35,MEANAGECH,2015,31.9,,,,TIPO_DATO15__MEANAGECH_N1,,,
IT1:22_293_DF_DCIS_INDDEMOG1_1(1.0),A,ITD35,MEANAGECH,2016,31.9,,,,TIPO_DATO15__MEANAGECH_N1,,,
IT1:22_293_DF_DCIS_INDDEMOG1_1(1.0),A,ITD35,MEANAGECH,2017,32.1,,,,TIPO_DATO15__MEANAGECH_N1,,,
IT1:22_293_DF_DCIS_INDDEMOG1_1(1.0),A,ITD35,MEANAGECH,2018,32.1,,,,TIPO_DATO15__MEANAGECH_N1,,,
IT1:22_293_DF_DCIS_INDDEMOG1_1(1.0),A,ITD35,MEANAGECH,2019,32.2,,,,TIPO_DATO15__MEANAGECH_N1,,,
IT1:22_293_DF_DCIS_INDDEMOG1_1(1.0),A,ITD35,MEANAGECH,2020,32.2,,,,TIPO_DATO15__MEANAGECH_N1,,,
IT1:22_293_DF_DCIS_INDDEMOG1_1(1.0),A,ITD35,MEANAGECH,2021,32.4,,,,TIPO_DATO15__MEANAGECH_N1,,,
IT1:22_293_DF_DCIS_INDDEMOG1_1(1.0),A,ITD35,MEANAGECH,2022,32.4,,,,TIPO_DATO15__MEANAGECH_N1,,,
IT1:22_293_DF_DCIS_INDDEMOG1_1(1.0),A,ITD35,MEANAGECH,2023,32.5,,,,TIPO_DATO15__MEANAGECH_N1,,,
IT1:22_293_DF_DCIS_INDDEMOG1_1(1.0),A,ITD35,MEANAGECH,2024,32.4,,,,TIPO_DATO15__MEANAGECH_N1,,,
IT1:22_293_DF_DCIS_INDDEMOG1_1(1.0),A,ITD35,MEANAGECH,2025,32.6,e,,,TIPO_DATO15__MEANAGECH_N1,,,
IT1:22_293_DF_DCIS_INDDEMOG1_1(1.0),A,ITD36,MEANAGECH,2015,32.2,,,,TIPO_DATO15__MEANAGECH_N1,,,
IT1:22_293_DF_DCIS_INDDEMOG1_1(1.0),A,ITD36,MEANAGECH,2016,32.4,,,,TIPO_DATO15__MEANAGECH_N1,,,
IT1:22_293_DF_DCIS_INDDEMOG1_1(1.0),A,ITD36,MEANAGECH,2017,32.4,,,,TIPO_DATO15__MEANAGECH_N1,,,
IT1:22_293_DF_DCIS_INDDEMOG1_1(1.0),A,ITD36,MEANAGECH,2018,32.6,,,,TIPO_DATO15__MEANAGECH_N1,,,
IT1:22_293_DF_DCIS_INDDEMOG1_1(1.0),A,ITD36,MEANAGECH,2019,32.6,,,,TIPO_DATO15__MEANAGECH_N1,,,
IT1:22_293_DF_DCIS_INDDEMOG1_1(1.0),A,ITD36,MEANAGECH,2020,32.7,,,,TIPO_DATO15__MEANAGECH_N1,,,
IT1:22_293_DF_DCIS_INDDEMOG1_1(1.0),A,ITD36,MEANAGECH,2021,32.9,,,,TIPO_DATO15__MEANAGECH_N1,,,
IT1:22_293_DF_DCIS_INDDEMOG1_1(1.0),A,ITD36,MEANAGECH,2022,32.9,,,,TIPO_DATO15__MEANAGECH_N1,,,
IT1:22_293_DF_DCIS_INDDEMOG1_1(1.0),A,ITD36,MEANAGECH,2023,33.2,,,,TIPO_DATO15__MEANAGECH_N1,,,
IT1:22_293_DF_DCIS_INDDEMOG1_1(1.0),A,ITD36,MEANAGECH,2024,33.1,,,,TIPO_DATO15__MEANAGECH_N1,,,
IT1:22_293_DF_DCIS_INDDEMOG1_1(1.0),A,ITD36,MEANAGECH,2025,33.3,e,,,TIPO_DATO15__MEANAGECH_N1,,,
IT1:22_293_DF_DCIS_INDDEMOG1_1(1.0),A,ITD37,MEANAGECH,2015,31.8,,,,TIPO_DATO15__MEANAGECH_N1,,,
IT1:22_293_DF_DCIS_INDDEMOG1_1(1.0),A,ITD37,MEANAGECH,2016,31.9,,,,TIPO_DATO15__MEANAGECH_N1,,,
IT1:22_293_DF_DCIS_INDDEMOG1_1(1.0),A,ITD37,MEANAGECH,2017,31.9,,,,TIPO_DATO15__MEANAGECH_N1,,,
IT1:22_293_DF_DCIS_INDDEMOG1_1(1.0),A,ITD37,MEANAGECH,2018,31.7,,,,TIPO_DATO15__MEANAGECH_N1,,,
IT1:22_293_DF_DCIS_INDDEMOG1_1(1.0),A,ITD37,MEANAGECH,2019,31.9,,,,TIPO_DATO15__MEANAGECH_N1,,,
IT1:22_293_DF_DCIS_INDDEMOG1_1(1.0),A,ITD37,MEANAGECH,2020,31.9,,,,TIPO_DATO15__MEANAGECH_N1,,,
IT1:22_293_DF_DCIS_INDDEMOG1_1(1.0),A,ITD37,MEANAGECH,2021,32.4,,,,TIPO_DATO15__MEANAGECH_N1,,,
IT1:22_293_DF_DCIS_INDDEMOG1_1(1.0),A,ITD37,MEANAGECH,2022,32.1,,,,TIPO_DATO15__MEANAGECH_N1,,,
IT1:22_293_DF_DCIS_INDDEMOG1_1(1.0),A,ITD37,MEANAGECH,2023,32,,,,TIPO_DATO15__MEANAGECH_N1,,,
IT1:22_293_DF_DCIS_INDDEMOG1_1(1.0),A,ITD37,MEANAGECH,2024,32.4,,,,TIPO_DATO15__MEANAGECH_N1,,,
IT1:22_293_DF_DCIS_INDDEMOG1_1(1.0),A,ITD37,MEANAGECH,2025,32.1,e,,,TIPO_DATO15__MEANAGECH_N1,,,
IT1:22_293_DF_DCIS_INDDEMOG1_1(1.0),A,ITD4,MEANAGECH,2015,31.8,,,,TIPO_DATO15__MEANAGECH_N1,,,
IT1:22_293_DF_DCIS_INDDEMOG1_1(1.0),A,ITD4,MEANAGECH,2016,32,,,,TIPO_DATO15__MEANAGECH_N1,,,
IT1:22_293_DF_DCIS_INDDEMOG1_1(1.0),A,ITD4,MEANAGECH,2017,31.9,,,,TIPO_DATO15__MEANAGECH_N1,,,
IT1:22_293_DF_DCIS_INDDEMOG1_1(1.0),A,ITD4,MEANAGECH,2018,32.2,,,,TIPO_DATO15__MEANAGECH_N1,,,
IT1:22_293_DF_DCIS_INDDEMOG1_1(1.0),A,ITD4,MEANAGECH,2019,32.2,,,,TIPO_DATO15__MEANAGECH_N1,,,
IT1:22_293_DF_DCIS_INDDEMOG1_1(1.0),A,ITD4,MEANAGECH,2020,32.1,,,,TIPO_DATO15__MEANAGECH_N1,,,
IT1:22_293_DF_DCIS_INDDEMOG1_1(1.0),A,ITD4,MEANAGECH,2021,32.3,,,,TIPO_DATO15__MEANAGECH_N1,,,
IT1:22_293_DF_DCIS_INDDEMOG1_1(1.0),A,ITD4,MEANAGECH,2022,32.4,,,,TIPO_DATO15__MEANAGECH_N1,,,
IT1:22_293_DF_DCIS_INDDEMOG1_1(1.0),A,ITD4,MEANAGECH,2023,32.4,,,,TIPO_DATO15__MEANAGECH_N1,,,
IT1:22_293_DF_DCIS_INDDEMOG1_1(1.0),A,ITD4,MEANAGECH,2024,32.6,,,,TIPO_DATO15__MEANAGECH_N1,,,
IT1:22_293_DF_DCIS_INDDEMOG1_1(1.0),A,ITD4,MEANAGECH,2025,32.8,e,,,TIPO_DATO15__MEANAGECH_N1,,,
IT1:22_293_DF_DCIS_INDDEMOG1_1(1.0),A,ITD41,MEANAGECH,2015,31.7,,,,TIPO_DATO15__MEANAGECH_N1,,,
IT1:22_293_DF_DCIS_INDDEMOG1_1(1.0),A,ITD41,MEANAGECH,2016,31.9,,,,TIPO_DATO15__MEANAGECH_N1,,,
IT1:22_293_DF_DCIS_INDDEMOG1_1(1.0),A,ITD41,MEANAGECH,2017,31.8,,,,TIPO_DATO15__MEANAGECH_N1,,,
IT1:22_293_DF_DCIS_INDDEMOG1_1(1.0),A,ITD41,MEANAGECH,2018,32,,,,TIPO_DATO15__MEANAGECH_N1,,,
IT1:22_293_DF_DCIS_INDDEMOG1_1(1.0),A,ITD41,MEANAGECH,2019,31.9,,,,TIPO_DATO15__MEANAGECH_N1,,,
IT1:22_293_DF_DCIS_INDDEMOG1_1(1.0),A,ITD41,MEANAGECH,2020,31.9,,,,TIPO_DATO15__MEANAGECH_N1,,,
IT1:22_293_DF_DCIS_INDDEMOG1_1(1.0),A,ITD41,MEANAGECH,2021,32.2,,,,TIPO_DATO15__MEANAGECH_N1,,,
IT1:22_293_DF_DCIS_INDDEMOG1_1(1.0),A,ITD41,MEANAGECH,2022,32.1,,,,TIPO_DATO15__MEANAGECH_N1,,,
IT1:22_293_DF_DCIS_INDDEMOG1_1(1.0),A,ITD41,MEANAGECH,2023,32.2,,,,TIPO_DATO15__MEANAGECH_N1,,,
IT1:22_293_DF_DCIS_INDDEMOG1_1(1.0),A,ITD41,MEANAGECH,2024,32.6,,,,TIPO_DATO15__MEANAGECH_N1,,,
IT1:22_293_DF_DCIS_INDDEMOG1_1(1.0),A,ITD41,MEANAGECH,2025,32.7,e,,,TIPO_DATO15__MEANAGECH_N1,,,
IT1:22_293_DF_DCIS_INDDEMOG1_1(1.0),A,ITD42,MEANAGECH,2015,31.8,,,,TIPO_DATO15__MEANAGECH_N1,,,
IT1:22_293_DF_DCIS_INDDEMOG1_1(1.0),A,ITD42,MEANAGECH,2016,32,,,,TIPO_DATO15__MEANAGECH_N1,,,
IT1:22_293_DF_DCIS_INDDEMOG1_1(1.0),A,ITD42,MEANAGECH,2017,32,,,,TIPO_DATO15__MEANAGECH_N1,,,
IT1:22_293_DF_DCIS_INDDEMOG1_1(1.0),A,ITD42,MEANAGECH,2018,32.3,,,,TIPO_DATO15__MEANAGECH_N1,,,
IT1:22_293_DF_DCIS_INDDEMOG1_1(1.0),A,ITD42,MEANAGECH,2019,32.4,,,,TIPO_DATO15__MEANAGECH_N1,,,
IT1:22_293_DF_DCIS_INDDEMOG1_1(1.0),A,ITD42,MEANAGECH,2020,32.3,,,,TIPO_DATO15__MEANAGECH_N1,,,
IT1:22_293_DF_DCIS_INDDEMOG1_1(1.0),A,ITD42,MEANAGECH,2021,32.4,,,,TIPO_DATO15__MEANAGECH_N1,,,
IT1:22_293_DF_DCIS_INDDEMOG1_1(1.0),A,ITD42,MEANAGECH,2022,32.7,,,,TIPO_DATO15__MEANAGECH_N1,,,
IT1:22_293_DF_DCIS_INDDEMOG1_1(1.0),A,ITD42,MEANAGECH,2023,32.5,,,,TIPO_DATO15__MEANAGECH_N1,,,
IT1:22_293_DF_DCIS_INDDEMOG1_1(1.0),A,ITD42,MEANAGECH,2024,32.8,,,,TIPO_DATO15__MEANAGECH_N1,,,
IT1:22_293_DF_DCIS_INDDEMOG1_1(1.0),A,ITD42,MEANAGECH,2025,33,e,,,TIPO_DATO15__MEANAGECH_N1,,,
IT1:22_293_DF_DCIS_INDDEMOG1_1(1.0),A,ITD43,MEANAGECH,2015,31.3,,,,TIPO_DATO15__MEANAGECH_N1,,,
IT1:22_293_DF_DCIS_INDDEMOG1_1(1.0),A,ITD43,MEANAGECH,2016,31.6,,,,TIPO_DATO15__MEANAGECH_N1,,,
IT1:22_293_DF_DCIS_INDDEMOG1_1(1.0),A,ITD43,MEANAGECH,2017,31.6,,,,TIPO_DATO15__MEANAGECH_N1,,,
IT1:22_293_DF_DCIS_INDDEMOG1_1(1.0),A,ITD43,MEANAGECH,2018,31.3,,,,TIPO_DATO15__MEANAGECH_N1,,,
IT1:22_293_DF_DCIS_INDDEMOG1_1(1.0),A,ITD43,MEANAGECH,2019,31.6,,,,TIPO_DATO15__MEANAGECH_N1,,,
IT1:22_293_DF_DCIS_INDDEMOG1_1(1.0),A,ITD43,MEANAGECH,2020,31.6,,,,TIPO_DATO15__MEANAGECH_N1,,,
IT1:22_293_DF_DCIS_INDDEMOG1_1(1.0),A,ITD43,MEANAGECH,2021,31.5,,,,TIPO_DATO15__MEANAGECH_N1,,,
IT1:22_293_DF_DCIS_INDDEMOG1_1(1.0),A,ITD43,MEANAGECH,2022,31.4,,,,TIPO_DATO15__MEANAGECH_N1,,,
IT1:22_293_DF_DCIS_INDDEMOG1_1(1.0),A,ITD43,MEANAGECH,2023,31.5,,,,TIPO_DATO15__MEANAGECH_N1,,,
IT1:22_293_DF_DCIS_INDDEMOG1_1(1.0),A,ITD43,MEANAGECH,2024,31.6,,,,TIPO_DATO15__MEANAGECH_N1,,,
IT1:22_293_DF_DCIS_INDDEMOG1_1(1.0),A,ITD43,MEANAGECH,2025,31.5,e,,,TIPO_DATO15__MEANAGECH_N1,,,
IT1:22_293_DF_DCIS_INDDEMOG1_1(1.0),A,ITD44,MEANAGECH,2015,32.3,,,,TIPO_DATO15__MEANAGECH_N1,,,
IT1:22_293_DF_DCIS_INDDEMOG1_1(1.0),A,ITD44,MEANAGECH,2016,32.1,,,,TIPO_DATO15__MEANAGECH_N1,,,
IT1:22_293_DF_DCIS_INDDEMOG1_1(1.0),A,ITD44,MEANAGECH,2017,32.2,,,,TIPO_DATO15__MEANAGECH_N1,,,
IT1:22_293_DF_DCIS_INDDEMOG1_1(1.0),A,ITD44,MEANAGECH,2018,32.6,,,,TIPO_DATO15__MEANAGECH_N1,,,
IT1:22_293_DF_DCIS_INDDEMOG1_1(1.0),A,ITD44,MEANAGECH,2019,32.6,,,,TIPO_DATO15__MEANAGECH_N1,,,
IT1:22_293_DF_DCIS_INDDEMOG1_1(1.0),A,ITD44,MEANAGECH,2020,32.6,,,,TIPO_DATO15__MEANAGECH_N1,,,
IT1:22_293_DF_DCIS_INDDEMOG1_1(1.0),A,ITD44,MEANAGECH,2021,32.7,,,,TIPO_DATO15__MEANAGECH_N1,,,
IT1:22_293_DF_DCIS_INDDEMOG1_1(1.0),A,ITD44,MEANAGECH,2022,32.8,,,,TIPO_DATO15__MEANAGECH_N1,,,
IT1:22_293_DF_DCIS_INDDEMOG1_1(1.0),A,ITD44,MEANAGECH,2023,32.7,,,,TIPO_DATO15__MEANAGECH_N1,,,
IT1:22_293_DF_DCIS_INDDEMOG1_1(1.0),A,ITD44,MEANAGECH,2024,32.7,,,,TIPO_DATO15__MEANAGECH_N1,,,
IT1:22_293_DF_DCIS_INDDEMOG1_1(1.0),A,ITD44,MEANAGECH,2025,33.4,e,,,TIPO_DATO15__MEANAGECH_N1,,,
IT1:22_293_DF_DCIS_INDDEMOG1_1(1.0),A,ITD5,MEANAGECH,2015,31.6,,,,TIPO_DATO15__MEANAGECH_N1,,,
IT1:22_293_DF_DCIS_INDDEMOG1_1(1.0),A,ITD5,MEANAGECH,2016,31.6,,,,TIPO_DATO15__MEANAGECH_N1,,,
IT1:22_293_DF_DCIS_INDDEMOG1_1(1.0),A,ITD5,MEANAGECH,2017,31.8,,,,TIPO_DATO15__MEANAGECH_N1,,,
IT1:22_293_DF_DCIS_INDDEMOG1_1(1.0),A,ITD5,MEANAGECH,2018,31.9,,,,TIPO_DATO15__MEANAGECH_N1,,,
IT1:22_293_DF_DCIS_INDDEMOG1_1(1.0),A,ITD5,MEANAGECH,2019,31.9,,,,TIPO_DATO15__MEANAGECH_N1,,,
IT1:22_293_DF_DCIS_INDDEMOG1_1(1.0),A,ITD5,MEANAGECH,2020,32.1,,,,TIPO_DATO15__MEANAGECH_N1,,,
IT1:22_293_DF_DCIS_INDDEMOG1_1(1.0),A,ITD5,MEANAGECH,2021,32.3,,,,TIPO_DATO15__MEANAGECH_N1,,,
IT1:22_293_DF_DCIS_INDDEMOG1_1(1.0),A,ITD5,MEANAGECH,2022,32.4,,,,TIPO_DATO15__MEANAGECH_N1,,,
IT1:22_293_DF_DCIS_INDDEMOG1_1(1.0),A,ITD5,MEANAGECH,2023,32.5,,,,TIPO_DATO15__MEANAGECH_N1,,,
IT1:22_293_DF_DCIS_INDDEMOG1_1(1.0),A,ITD5,MEANAGECH,2024,32.6,,,,TIPO_DATO15__MEANAGECH_N1,,,
IT1:22_293_DF_DCIS_INDDEMOG1_1(1.0),A,ITD5,MEANAGECH,2025,32.7,e,,,TIPO_DATO15__MEANAGECH_N1,,,
IT1:22_293_DF_DCIS_INDDEMOG1_1(1.0),A,ITD51,MEANAGECH,2015,31.2,,,,TIPO_DATO15__MEANAGECH_N1,,,
IT1:22_293_DF_DCIS_INDDEMOG1_1(1.0),A,ITD51,MEANAGECH,2016,31.1,,,,TIPO_DATO15__MEANAGECH_N1,,,
IT1:22_293_DF_DCIS_INDDEMOG1_1(1.0),A,ITD51,MEANAGECH,2017,31.2,,,,TIPO_DATO15__MEANAGECH_N1,,,
IT1:22_293_DF_DCIS_INDDEMOG1_1(1.0),A,ITD51,MEANAGECH,2018,31.5,,,,TIPO_DATO15__MEANAGECH_N1,,,
IT1:22_293_DF_DCIS_INDDEMOG1_1(1.0),A,ITD51,MEANAGECH,2019,31.2,,,,TIPO_DATO15__MEANAGECH_N1,,,
IT1:22_293_DF_DCIS_INDDEMOG1_1(1.0),A,ITD51,MEANAGECH,2020,31.5,,,,TIPO_DATO15__MEANAGECH_N1,,,
IT1:22_293_DF_DCIS_INDDEMOG1_1(1.0),A,ITD51,MEANAGECH,2021,31.6,,,,TIPO_DATO15__MEANAGECH_N1,,,
IT1:22_293_DF_DCIS_INDDEMOG1_1(1.0),A,ITD51,MEANAGECH,2022,31.9,,,,TIPO_DATO15__MEANAGECH_N1,,,
IT1:22_293_DF_DCIS_INDDEMOG1_1(1.0),A,ITD51,MEANAGECH,2023,32.1,,,,TIPO_DATO15__MEANAGECH_N1,,,
IT1:22_293_DF_DCIS_INDDEMOG1_1(1.0),A,ITD51,MEANAGECH,2024,32.1,,,,TIPO_DATO15__MEANAGECH_N1,,,
IT1:22_293_DF_DCIS_INDDEMOG1_1(1.0),A,ITD51,MEANAGECH,2025,32,e,,,TIPO_DATO15__MEANAGECH_N1,,,
IT1:22_293_DF_DCIS_INDDEMOG1_1(1.0),A,ITD52,MEANAGECH,2015,31.5,,,,TIPO_DATO15__MEANAGECH_N1,,,
IT1:22_293_DF_DCIS_INDDEMOG1_1(1.0),A,ITD52,MEANAGECH,2016,31.6,,,,TIPO_DATO15__MEANAGECH_N1,,,
IT1:22_293_DF_DCIS_INDDEMOG1_1(1.0),A,ITD52,MEANAGECH,2017,31.8,,,,TIPO_DATO15__MEANAGECH_N1,,,
IT1:22_293_DF_DCIS_INDDEMOG1_1(1.0),A,ITD52,MEANAGECH,2018,31.9,,,,TIPO_DATO15__MEANAGECH_N1,,,
IT1:22_293_DF_DCIS_INDDEMOG1_1(1.0),A,ITD52,MEANAGECH,2019,32,,,,TIPO_DATO15__MEANAGECH_N1,,,
IT1:22_293_DF_DCIS_INDDEMOG1_1(1.0),A,ITD52,MEANAGECH,2020,32,,,,TIPO_DATO15__MEANAGECH_N1,,,
IT1:22_293_DF_DCIS_INDDEMOG1_1(1.0),A,ITD52,MEANAGECH,2021,32.4,,,,TIPO_DATO15__MEANAGECH_N1,,,
IT1:22_293_DF_DCIS_INDDEMOG1_1(1.0),A,ITD52,MEANAGECH,2022,32.3,,,,TIPO_DATO15__MEANAGECH_N1,,,
IT1:22_293_DF_DCIS_INDDEMOG1_1(1.0),A,ITD52,MEANAGECH,2023,32.4,,,,TIPO_DATO15__MEANAGECH_N1,,,
IT1:22_293_DF_DCIS_INDDEMOG1_1(1.0),A,ITD52,MEANAGECH,2024,32.5,,,,TIPO_DATO15__MEANAGECH_N1,,,
IT1:22_293_DF_DCIS_INDDEMOG1_1(1.0),A,ITD52,MEANAGECH,2025,32.8,e,,,TIPO_DATO15__MEANAGECH_N1,,,
IT1:22_293_DF_DCIS_INDDEMOG1_1(1.0),A,ITD53,MEANAGECH,2015,31.4,,,,TIPO_DATO15__MEANAGECH_N1,,,
IT1:22_293_DF_DCIS_INDDEMOG1_1(1.0),A,ITD53,MEANAGECH,2016,31.5,,,,TIPO_DATO15__MEANAGECH_N1,,,
IT1:22_293_DF_DCIS_INDDEMOG1_1(1.0),A,ITD53,MEANAGECH,2017,31.5,,,,TIPO_DATO15__MEANAGECH_N1,,,
IT1:22_293_DF_DCIS_INDDEMOG1_1(1.0),A,ITD53,MEANAGECH,2018,31.6,,,,TIPO_DATO15__MEANAGECH_N1,,,
IT1:22_293_DF_DCIS_INDDEMOG1_1(1.0),A,ITD53,MEANAGECH,2019,31.7,,,,TIPO_DATO15__MEANAGECH_N1,,,
IT1:22_293_DF_DCIS_INDDEMOG1_1(1.0),A,ITD53,MEANAGECH,2020,31.9,,,,TIPO_DATO15__MEANAGECH_N1,,,
IT1:22_293_DF_DCIS_INDDEMOG1_1(1.0),A,ITD53,MEANAGECH,2021,32.2,,,,TIPO_DATO15__MEANAGECH_N1,,,
IT1:22_293_DF_DCIS_INDDEMOG1_1(1.0),A,ITD53,MEANAGECH,2022,32.3,,,,TIPO_DATO15__MEANAGECH_N1,,,
IT1:22_293_DF_DCIS_INDDEMOG1_1(1.0),A,ITD53,MEANAGECH,2023,32.5,,,,TIPO_DATO15__MEANAGECH_N1,,,
IT1:22_293_DF_DCIS_INDDEMOG1_1(1.0),A,ITD53,MEANAGECH,2024,32.5,,,,TIPO_DATO15__MEANAGECH_N1,,,
IT1:22_293_DF_DCIS_INDDEMOG1_1(1.0),A,ITD53,MEANAGECH,2025,32.6,e,,,TIPO_DATO15__MEANAGECH_N1,,,
IT1:22_293_DF_DCIS_INDDEMOG1_1(1.0),A,ITD54,MEANAGECH,2015,31.5,,,,TIPO_DATO15__MEANAGECH_N1,,,
IT1:22_293_DF_DCIS_INDDEMOG1_1(1.0),A,ITD54,MEANAGECH,2016,31.6,,,,TIPO_DATO15__MEANAGECH_N1,,,
IT1:22_293_DF_DCIS_INDDEMOG1_1(1.0),A,ITD54,MEANAGECH,2017,31.7,,,,TIPO_DATO15__MEANAGECH_N1,,,
IT1:22_293_DF_DCIS_INDDEMOG1_1(1.0),A,ITD54,MEANAGECH,2018,31.8,,,,TIPO_DATO15__MEANAGECH_N1,,,
IT1:22_293_DF_DCIS_INDDEMOG1_1(1.0),A,ITD54,MEANAGECH,2019,32,,,,TIPO_DATO15__MEANAGECH_N1,,,
IT1:22_293_DF_DCIS_INDDEMOG1_1(1.0),A,ITD54,MEANAGECH,2020,32.1,,,,TIPO_DATO15__MEANAGECH_N1,,,
IT1:22_293_DF_DCIS_INDDEMOG1_1(1.0),A,ITD54,MEANAGECH,2021,32.3,,,,TIPO_DATO15__MEANAGECH_N1,,,
IT1:22_293_DF_DCIS_INDDEMOG1_1(1.0),A,ITD54,MEANAGECH,2022,32.4,,,,TIPO_DATO15__MEANAGECH_N1,,,
IT1:22_293_DF_DCIS_INDDEMOG1_1(1.0),A,ITD54,MEANAGECH,2023,32.5,,,,TIPO_DATO15__MEANAGECH_N1,,,
IT1:22_293_DF_DCIS_INDDEMOG1_1(1.0),A,ITD54,MEANAGECH,2024,32.6,,,,TIPO_DATO15__MEANAGECH_N1,,,
IT1:22_293_DF_DCIS_INDDEMOG1_1(1.0),A,ITD54,MEANAGECH,2025,32.7,e,,,TIPO_DATO15__MEANAGECH_N1,,,
IT1:22_293_DF_DCIS_INDDEMOG1_1(1.0),A,ITD55,MEANAGECH,2015,31.8,,,,TIPO_DATO15__MEANAGECH_N1,,,
IT1:22_293_DF_DCIS_INDDEMOG1_1(1.0),A,ITD55,MEANAGECH,2016,31.9,,,,TIPO_DATO15__MEANAGECH_N1,,,
IT1:22_293_DF_DCIS_INDDEMOG1_1(1.0),A,ITD55,MEANAGECH,2017,32.2,,,,TIPO_DATO15__MEANAGECH_N1,,,
IT1:22_293_DF_DCIS_INDDEMOG1_1(1.0),A,ITD55,MEANAGECH,2018,32.3,,,,TIPO_DATO15__MEANAGECH_N1,,,
IT1:22_293_DF_DCIS_INDDEMOG1_1(1.0),A,ITD55,MEANAGECH,2019,32.2,,,,TIPO_DATO15__MEANAGECH_N1,,,
IT1:22_293_DF_DCIS_INDDEMOG1_1(1.0),A,ITD55,MEANAGECH,2020,32.6,,,,TIPO_DATO15__MEANAGECH_N1,,,
IT1:22_293_DF_DCIS_INDDEMOG1_1(1.0),A,ITD55,MEANAGECH,2021,32.9,,,,TIPO_DATO15__MEANAGECH_N1,,,
IT1:22_293_DF_DCIS_INDDEMOG1_1(1.0),A,ITD55,MEANAGECH,2022,32.9,,,,TIPO_DATO15__MEANAGECH_N1,,,
IT1:22_293_DF_DCIS_INDDEMOG1_1(1.0),A,ITD55,MEANAGECH,2023,33,,,,TIPO_DATO15__MEANAGECH_N1,,,
IT1:22_293_DF_DCIS_INDDEMOG1_1(1.0),A,ITD55,MEANAGECH,2024,33,,,,TIPO_DATO15__MEANAGECH_N1,,,
IT1:22_293_DF_DCIS_INDDEMOG1_1(1.0),A,ITD55,MEANAGECH,2025,33.2,e,,,TIPO_DATO15__MEANAGECH_N1,,,
IT1:22_293_DF_DCIS_INDDEMOG1_1(1.0),A,ITD56,MEANAGECH,2015,31.7,,,,TIPO_DATO15__MEANAGECH_N1,,,
IT1:22_293_DF_DCIS_INDDEMOG1_1(1.0),A,ITD56,MEANAGECH,2016,31.7,,,,TIPO_DATO15__MEANAGECH_N1,,,
IT1:22_293_DF_DCIS_INDDEMOG1_1(1.0),A,ITD56,MEANAGECH,2017,31.7,,,,TIPO_DATO15__MEANAGECH_N1,,,
IT1:22_293_DF_DCIS_INDDEMOG1_1(1.0),A,ITD56,MEANAGECH,2018,32,,,,TIPO_DATO15__MEANAGECH_N1,,,
IT1:22_293_DF_DCIS_INDDEMOG1_1(1.0),A,ITD56,MEANAGECH,2019,31.8,,,,TIPO_DATO15__MEANAGECH_N1,,,
IT1:22_293_DF_DCIS_INDDEMOG1_1(1.0),A,ITD56,MEANAGECH,2020,32,,,,TIPO_DATO15__MEANAGECH_N1,,,
IT1:22_293_DF_DCIS_INDDEMOG1_1(1.0),A,ITD56,MEANAGECH,2021,32,,,,TIPO_DATO15__MEANAGECH_N1,,,
IT1:22_293_DF_DCIS_INDDEMOG1_1(1.0),A,ITD56,MEANAGECH,2022,31.9,,,,TIPO_DATO15__MEANAGECH_N1,,,
IT1:22_293_DF_DCIS_INDDEMOG1_1(1.0),A,ITD56,MEANAGECH,2023,32.3,,,,TIPO_DATO15__MEANAGECH_N1,,,
IT1:22_293_DF_DCIS_INDDEMOG1_1(1.0),A,ITD56,MEANAGECH,2024,32,,,,TIPO_DATO15__MEANAGECH_N1,,,
IT1:22_293_DF_DCIS_INDDEMOG1_1(1.0),A,ITD56,MEANAGECH,2025,32.2,e,,,TIPO_DATO15__MEANAGECH_N1,,,
IT1:22_293_DF_DCIS_INDDEMOG1_1(1.0),A,ITD57,MEANAGECH,2015,31.2,,,,TIPO_DATO15__MEANAGECH_N1,,,
IT1:22_293_DF_DCIS_INDDEMOG1_1(1.0),A,ITD57,MEANAGECH,2016,31.2,,,,TIPO_DATO15__MEANAGECH_N1,,,
IT1:22_293_DF_DCIS_INDDEMOG1_1(1.0),A,ITD57,MEANAGECH,2017,31.4,,,,TIPO_DATO15__MEANAGECH_N1,,,
IT1:22_293_DF_DCIS_INDDEMOG1_1(1.0),A,ITD57,MEANAGECH,2018,31.6,,,,TIPO_DATO15__MEANAGECH_N1,,,
IT1:22_293_DF_DCIS_INDDEMOG1_1(1.0),A,ITD57,MEANAGECH,2019,31.7,,,,TIPO_DATO15__MEANAGECH_N1,,,
IT1:22_293_DF_DCIS_INDDEMOG1_1(1.0),A,ITD57,MEANAGECH,2020,31.7,,,,TIPO_DATO15__MEANAGECH_N1,,,
IT1:22_293_DF_DCIS_INDDEMOG1_1(1.0),A,ITD57,MEANAGECH,2021,32.1,,,,TIPO_DATO15__MEANAGECH_N1,,,
IT1:22_293_DF_DCIS_INDDEMOG1_1(1.0),A,ITD57,MEANAGECH,2022,32.1,,,,TIPO_DATO15__MEANAGECH_N1,,,
IT1:22_293_DF_DCIS_INDDEMOG1_1(1.0),A,ITD57,MEANAGECH,2023,32.4,,,,TIPO_DATO15__MEANAGECH_N1,,,
IT1:22_293_DF_DCIS_INDDEMOG1_1(1.0),A,ITD57,MEANAGECH,2024,32.3,,,,TIPO_DATO15__MEANAGECH_N1,,,
IT1:22_293_DF_DCIS_INDDEMOG1_1(1.0),A,ITD57,MEANAGECH,2025,32.5,e,,,TIPO_DATO15__MEANAGECH_N1,,,
IT1:22_293_DF_DCIS_INDDEMOG1_1(1.0),A,ITD58,MEANAGECH,2015,31.6,,,,TIPO_DATO15__MEANAGECH_N1,,,
IT1:22_293_DF_DCIS_INDDEMOG1_1(1.0),A,ITD58,MEANAGECH,2016,31.7,,,,TIPO_DATO15__MEANAGECH_N1,,,
IT1:22_293_DF_DCIS_INDDEMOG1_1(1.0),A,ITD58,MEANAGECH,2017,31.9,,,,TIPO_DATO15__MEANAGECH_N1,,,
IT1:22_293_DF_DCIS_INDDEMOG1_1(1.0),A,ITD58,MEANAGECH,2018,31.8,,,,TIPO_DATO15__MEANAGECH_N1,,,
IT1:22_293_DF_DCIS_INDDEMOG1_1(1.0),A,ITD58,MEANAGECH,2019,32,,,,TIPO_DATO15__MEANAGECH_N1,,,
IT1:22_293_DF_DCIS_INDDEMOG1_1(1.0),A,ITD58,MEANAGECH,2020,32,,,,TIPO_DATO15__MEANAGECH_N1,,,
IT1:22_293_DF_DCIS_INDDEMOG1_1(1.0),A,ITD58,MEANAGECH,2021,32.2,,,,TIPO_DATO15__MEANAGECH_N1,,,
IT1:22_293_DF_DCIS_INDDEMOG1_1(1.0),A,ITD58,MEANAGECH,2022,32.1,,,,TIPO_DATO15__MEANAGECH_N1,,,
IT1:22_293_DF_DCIS_INDDEMOG1_1(1.0),A,ITD58,MEANAGECH,2023,32.2,,,,TIPO_DATO15__MEANAGECH_N1,,,
IT1:22_293_DF_DCIS_INDDEMOG1_1(1.0),A,ITD58,MEANAGECH,2024,32.4,,,,TIPO_DATO15__MEANAGECH_N1,,,
IT1:22_293_DF_DCIS_INDDEMOG1_1(1.0),A,ITD58,MEANAGECH,2025,32.2,e,,,TIPO_DATO15__MEANAGECH_N1,,,
IT1:22_293_DF_DCIS_INDDEMOG1_1(1.0),A,ITD59,MEANAGECH,2015,31.6,,,,TIPO_DATO15__MEANAGECH_N1,,,
IT1:22_293_DF_DCIS_INDDEMOG1_1(1.0),A,ITD59,MEANAGECH,2016,31.8,,,,TIPO_DATO15__MEANAGECH_N1,,,
IT1:22_293_DF_DCIS_INDDEMOG1_1(1.0),A,ITD59,MEANAGECH,2017,32,,,,TIPO_DATO15__MEANAGECH_N1,,,
IT1:22_293_DF_DCIS_INDDEMOG1_1(1.0),A,ITD59,MEANAGECH,2018,32.3,,,,TIPO_DATO15__MEANAGECH_N1,,,
IT1:22_293_DF_DCIS_INDDEMOG1_1(1.0),A,ITD59,MEANAGECH,2019,32.2,,,,TIPO_DATO15__MEANAGECH_N1,,,
IT1:22_293_DF_DCIS_INDDEMOG1_1(1.0),A,ITD59,MEANAGECH,2020,32.3,,,,TIPO_DATO15__MEANAGECH_N1,,,
IT1:22_293_DF_DCIS_INDDEMOG1_1(1.0),A,ITD59,MEANAGECH,2021,32.4,,,,TIPO_DATO15__MEANAGECH_N1,,,
IT1:22_293_DF_DCIS_INDDEMOG1_1(1.0),A,ITD59,MEANAGECH,2022,32.7,,,,TIPO_DATO15__MEANAGECH_N1,,,
IT1:22_293_DF_DCIS_INDDEMOG1_1(1.0),A,ITD59,MEANAGECH,2023,32.6,,,,TIPO_DATO15__MEANAGECH_N1,,,
IT1:22_293_DF_DCIS_INDDEMOG1_1(1.0),A,ITD59,MEANAGECH,2024,32.8,,,,TIPO_DATO15__MEANAGECH_N1,,,
IT1:22_293_DF_DCIS_INDDEMOG1_1(1.0),A,ITD59,MEANAGECH,2025,32.9,e,,,TIPO_DATO15__MEANAGECH_N1,,,
IT1:22_293_DF_DCIS_INDDEMOG1_1(1.0),A,ITDA,MEANAGECH,2015,31.7,,,,TIPO_DATO15__MEANAGECH_N1,,,
IT1:22_293_DF_DCIS_INDDEMOG1_1(1.0),A,ITDA,MEANAGECH,2016,31.7,,,,TIPO_DATO15__MEANAGECH_N1,,,
IT1:22_293_DF_DCIS_INDDEMOG1_1(1.0),A,ITDA,MEANAGECH,2017,31.9,,,,TIPO_DATO15__MEANAGECH_N1,,,
IT1:22_293_DF_DCIS_INDDEMOG1_1(1.0),A,ITDA,MEANAGECH,2018,31.9,,,,TIPO_DATO15__MEANAGECH_N1,,,
IT1:22_293_DF_DCIS_INDDEMOG1_1(1.0),A,ITDA,MEANAGECH,2019,32,,,,TIPO_DATO15__MEANAGECH_N1,,,
IT1:22_293_DF_DCIS_INDDEMOG1_1(1.0),A,ITDA,MEANAGECH,2020,32,,,,TIPO_DATO15__MEANAGECH_N1,,,
IT1:22_293_DF_DCIS_INDDEMOG1_1(1.0),A,ITDA,MEANAGECH,2021,32.1,,,,TIPO_DATO15__MEANAGECH_N1,,,
IT1:22_293_DF_DCIS_INDDEMOG1_1(1.0),A,ITDA,MEANAGECH,2022,32.1,,,,TIPO_DATO15__MEANAGECH_N1,,,
IT1:22_293_DF_DCIS_INDDEMOG1_1(1.0),A,ITDA,MEANAGECH,2023,32.2,,,,TIPO_DATO15__MEANAGECH_N1,,,
IT1:22_293_DF_DCIS_INDDEMOG1_1(1.0),A,ITDA,MEANAGECH,2024,32.2,,,,TIPO_DATO15__MEANAGECH_N1,,,
IT1:22_293_DF_DCIS_INDDEMOG1_1(1.0),A,ITDA,MEANAGECH,2025,32.3,e,,,TIPO_DATO15__MEANAGECH_N1,,,
IT1:22_293_DF_DCIS_INDDEMOG1_1(1.0),A,ITE,MEANAGECH,2015,32,,,,TIPO_DATO15__MEANAGECH_N1,,,
IT1:22_293_DF_DCIS_INDDEMOG1_1(1.0),A,ITE,MEANAGECH,2016,32.1,,,,TIPO_DATO15__MEANAGECH_N1,,,
IT1:22_293_DF_DCIS_INDDEMOG1_1(1.0),A,ITE,MEANAGECH,2017,32.3,,,,TIPO_DATO15__MEANAGECH_N1,,,
IT1:22_293_DF_DCIS_INDDEMOG1_1(1.0),A,ITE,MEANAGECH,2018,32.3,,,,TIPO_DATO15__MEANAGECH_N1,,,
IT1:22_293_DF_DCIS_INDDEMOG1_1(1.0),A,ITE,MEANAGECH,2019,32.5,,,,TIPO_DATO15__MEANAGECH_N1,,,
IT1:22_293_DF_DCIS_INDDEMOG1_1(1.0),A,ITE,MEANAGECH,2020,32.6,,,,TIPO_DATO15__MEANAGECH_N1,,,
IT1:22_293_DF_DCIS_INDDEMOG1_1(1.0),A,ITE,MEANAGECH,2021,32.8,,,,TIPO_DATO15__MEANAGECH_N1,,,
IT1:22_293_DF_DCIS_INDDEMOG1_1(1.0),A,ITE,MEANAGECH,2022,32.8,,,,TIPO_DATO15__MEANAGECH_N1,,,
IT1:22_293_DF_DCIS_INDDEMOG1_1(1.0),A,ITE,MEANAGECH,2023,32.9,,,,TIPO_DATO15__MEANAGECH_N1,,,
IT1:22_293_DF_DCIS_INDDEMOG1_1(1.0),A,ITE,MEANAGECH,2024,33,,,,TIPO_DATO15__MEANAGECH_N1,,,
IT1:22_293_DF_DCIS_INDDEMOG1_1(1.0),A,ITE,MEANAGECH,2025,33.1,e,,,TIPO_DATO15__MEANAGECH_N1,,,
IT1:22_293_DF_DCIS_INDDEMOG1_1(1.0),A,ITE1,MEANAGECH,2015,31.9,,,,TIPO_DATO15__MEANAGECH_N1,,,
IT1:22_293_DF_DCIS_INDDEMOG1_1(1.0),A,ITE1,MEANAGECH,2016,31.9,,,,TIPO_DATO15__MEANAGECH_N1,,,
IT1:22_293_DF_DCIS_INDDEMOG1_1(1.0),A,ITE1,MEANAGECH,2017,32.1,,,,TIPO_DATO15__MEANAGECH_N1,,,
IT1:22_293_DF_DCIS_INDDEMOG1_1(1.0),A,ITE1,MEANAGECH,2018,32.1,,,,TIPO_DATO15__MEANAGECH_N1,,,
IT1:22_293_DF_DCIS_INDDEMOG1_1(1.0),A,ITE1,MEANAGECH,2019,32.4,,,,TIPO_DATO15__MEANAGECH_N1,,,
IT1:22_293_DF_DCIS_INDDEMOG1_1(1.0),A,ITE1,MEANAGECH,2020,32.5,,,,TIPO_DATO15__MEANAGECH_N1,,,
IT1:22_293_DF_DCIS_INDDEMOG1_1(1.0),A,ITE1,MEANAGECH,2021,32.7,,,,TIPO_DATO15__MEANAGECH_N1,,,
IT1:22_293_DF_DCIS_INDDEMOG1_1(1.0),A,ITE1,MEANAGECH,2022,32.8,,,,TIPO_DATO15__MEANAGECH_N1,,,
IT1:22_293_DF_DCIS_INDDEMOG1_1(1.0),A,ITE1,MEANAGECH,2023,32.8,,,,TIPO_DATO15__MEANAGECH_N1,,,
IT1:22_293_DF_DCIS_INDDEMOG1_1(1.0),A,ITE1,MEANAGECH,2024,32.9,,,,TIPO_DATO15__MEANAGECH_N1,,,
IT1:22_293_DF_DCIS_INDDEMOG1_1(1.0),A,ITE1,MEANAGECH,2025,33,e,,,TIPO_DATO15__MEANAGECH_N1,,,
IT1:22_293_DF_DCIS_INDDEMOG1_1(1.0),A,ITE11,MEANAGECH,2015,31.5,,,,TIPO_DATO15__MEANAGECH_N1,,,
IT1:22_293_DF_DCIS_INDDEMOG1_1(1.0),A,ITE11,MEANAGECH,2016,31.9,,,,TIPO_DATO15__MEANAGECH_N1,,,
IT1:22_293_DF_DCIS_INDDEMOG1_1(1.0),A,ITE11,MEANAGECH,2017,31.9,,,,TIPO_DATO15__MEANAGECH_N1,,,
IT1:22_293_DF_DCIS_INDDEMOG1_1(1.0),A,ITE11,MEANAGECH,2018,32,,,,TIPO_DATO15__MEANAGECH_N1,,,
IT1:22_293_DF_DCIS_INDDEMOG1_1(1.0),A,ITE11,MEANAGECH,2019,32.1,,,,TIPO_DATO15__MEANAGECH_N1,,,
IT1:22_293_DF_DCIS_INDDEMOG1_1(1.0),A,ITE11,MEANAGECH,2020,32.1,,,,TIPO_DATO15__MEANAGECH_N1,,,
IT1:22_293_DF_DCIS_INDDEMOG1_1(1.0),A,ITE11,MEANAGECH,2021,32.5,,,,TIPO_DATO15__MEANAGECH_N1,,,
IT1:22_293_DF_DCIS_INDDEMOG1_1(1.0),A,ITE11,MEANAGECH,2022,32.1,,,,TIPO_DATO15__MEANAGECH_N1,,,
IT1:22_293_DF_DCIS_INDDEMOG1_1(1.0),A,ITE11,MEANAGECH,2023,32.5,,,,TIPO_DATO15__MEANAGECH_N1,,,
IT1:22_293_DF_DCIS_INDDEMOG1_1(1.0),A,ITE11,MEANAGECH,2024,32.9,,,,TIPO_DATO15__MEANAGECH_N1,,,
IT1:22_293_DF_DCIS_INDDEMOG1_1(1.0),A,ITE11,MEANAGECH,2025,32.7,e,,,TIPO_DATO15__MEANAGECH_N1,,,
IT1:22_293_DF_DCIS_INDDEMOG1_1(1.0),A,ITE12,MEANAGECH,2015,32,,,,TIPO_DATO15__MEANAGECH_N1,,,
IT1:22_293_DF_DCIS_INDDEMOG1_1(1.0),A,ITE12,MEANAGECH,2016,32,,,,TIPO_DATO15__MEANAGECH_N1,,,
IT1:22_293_DF_DCIS_INDDEMOG1_1(1.0),A,ITE12,MEANAGECH,2017,32.2,,,,TIPO_DATO15__MEANAGECH_N1,,,
IT1:22_293_DF_DCIS_INDDEMOG1_1(1.0),A,ITE12,MEANAGECH,2018,32.1,,,,TIPO_DATO15__MEANAGECH_N1,,,
IT1:22_293_DF_DCIS_INDDEMOG1_1(1.0),A,ITE12,MEANAGECH,2019,32.5,,,,TIPO_DATO15__MEANAGECH_N1,,,
IT1:22_293_DF_DCIS_INDDEMOG1_1(1.0),A,ITE12,MEANAGECH,2020,32.6,,,,TIPO_DATO15__MEANAGECH_N1,,,
IT1:22_293_DF_DCIS_INDDEMOG1_1(1.0),A,ITE12,MEANAGECH,2021,32.7,,,,TIPO_DATO15__MEANAGECH_N1,,,
IT1:22_293_DF_DCIS_INDDEMOG1_1(1.0),A,ITE12,MEANAGECH,2022,32.8,,,,TIPO_DATO15__MEANAGECH_N1,,,
IT1:22_293_DF_DCIS_INDDEMOG1_1(1.0),A,ITE12,MEANAGECH,2023,33,,,,TIPO_DATO15__MEANAGECH_N1,,,
IT1:22_293_DF_DCIS_INDDEMOG1_1(1.0),A,ITE12,MEANAGECH,2024,33,,,,TIPO_DATO15__MEANAGECH_N1,,,
IT1:22_293_DF_DCIS_INDDEMOG1_1(1.0),A,ITE12,MEANAGECH,2025,33.1,e,,,TIPO_DATO15__MEANAGECH_N1,,,
IT1:22_293_DF_DCIS_INDDEMOG1_1(1.0),A,ITE13,MEANAGECH,2015,31.6,,,,TIPO_DATO15__MEANAGECH_N1,,,
IT1:22_293_DF_DCIS_INDDEMOG1_1(1.0),A,ITE13,MEANAGECH,2016,31.8,,,,TIPO_DATO15__MEANAGECH_N1,,,
IT1:22_293_DF_DCIS_INDDEMOG1_1(1.0),A,ITE13,MEANAGECH,2017,31.8,,,,TIPO_DATO15__MEANAGECH_N1,,,
IT1:22_293_DF_DCIS_INDDEMOG1_1(1.0),A,ITE13,MEANAGECH,2018,31.8,,,,TIPO_DATO15__MEANAGECH_N1,,,
IT1:22_293_DF_DCIS_INDDEMOG1_1(1.0),A,ITE13,MEANAGECH,2019,32.1,,,,TIPO_DATO15__MEANAGECH_N1,,,
IT1:22_293_DF_DCIS_INDDEMOG1_1(1.0),A,ITE13,MEANAGECH,2020,32.4,,,,TIPO_DATO15__MEANAGECH_N1,,,
IT1:22_293_DF_DCIS_INDDEMOG1_1(1.0),A,ITE13,MEANAGECH,2021,32.3,,,,TIPO_DATO15__MEANAGECH_N1,,,
IT1:22_293_DF_DCIS_INDDEMOG1_1(1.0),A,ITE13,MEANAGECH,2022,32.6,,,,TIPO_DATO15__MEANAGECH_N1,,,
IT1:22_293_DF_DCIS_INDDEMOG1_1(1.0),A,ITE13,MEANAGECH,2023,32.4,,,,TIPO_DATO15__MEANAGECH_N1,,,
IT1:22_293_DF_DCIS_INDDEMOG1_1(1.0),A,ITE13,MEANAGECH,2024,32.6,,,,TIPO_DATO15__MEANAGECH_N1,,,
IT1:22_293_DF_DCIS_INDDEMOG1_1(1.0),A,ITE13,MEANAGECH,2025,32.8,e,,,TIPO_DATO15__MEANAGECH_N1,,,
IT1:22_293_DF_DCIS_INDDEMOG1_1(1.0),A,ITE14,MEANAGECH,2015,32.3,,,,TIPO_DATO15__MEANAGECH_N1,,,
IT1:22_293_DF_DCIS_INDDEMOG1_1(1.0),A,ITE14,MEANAGECH,2016,32.2,,,,TIPO_DATO15__MEANAGECH_N1,,,
IT1:22_293_DF_DCIS_INDDEMOG1_1(1.0),A,ITE14,MEANAGECH,2017,32.5,,,,TIPO_DATO15__MEANAGECH_N1,,,
IT1:22_293_DF_DCIS_INDDEMOG1_1(1.0),A,ITE14,MEANAGECH,2018,32.5,,,,TIPO_DATO15__MEANAGECH_N1,,,
IT1:22_293_DF_DCIS_INDDEMOG1_1(1.0),A,ITE14,MEANAGECH,2019,32.9,,,,TIPO_DATO15__MEANAGECH_N1,,,
IT1:22_293_DF_DCIS_INDDEMOG1_1(1.0),A,ITE14,MEANAGECH,2020,32.9,,,,TIPO_DATO15__MEANAGECH_N1,,,
IT1:22_293_DF_DCIS_INDDEMOG1_1(1.0),A,ITE14,MEANAGECH,2021,33.3,,,,TIPO_DATO15__MEANAGECH_N1,,,
IT1:22_293_DF_DCIS_INDDEMOG1_1(1.0),A,ITE14,MEANAGECH,2022,33.2,,,,TIPO_DATO15__MEANAGECH_N1,,,
IT1:22_293_DF_DCIS_INDDEMOG1_1(1.0),A,ITE14,MEANAGECH,2023,33.3,,,,TIPO_DATO15__MEANAGECH_N1,,,
IT1:22_293_DF_DCIS_INDDEMOG1_1(1.0),A,ITE14,MEANAGECH,2024,33.3,,,,TIPO_DATO15__MEANAGECH_N1,,,
IT1:22_293_DF_DCIS_INDDEMOG1_1(1.0),A,ITE14,MEANAGECH,2025,33.5,e,,,TIPO_DATO15__MEANAGECH_N1,,,
IT1:22_293_DF_DCIS_INDDEMOG1_1(1.0),A,ITE15,MEANAGECH,2015,31.4,,,,TIPO_DATO15__MEANAGECH_N1,,,
IT1:22_293_DF_DCIS_INDDEMOG1_1(1.0),A,ITE15,MEANAGECH,2016,31.1,,,,TIPO_DATO15__MEANAGECH_N1,,,
IT1:22_293_DF_DCIS_INDDEMOG1_1(1.0),A,ITE15,MEANAGECH,2017,31.5,,,,TIPO_DATO15__MEANAGECH_N1,,,
IT1:22_293_DF_DCIS_INDDEMOG1_1(1.0),A,ITE15,MEANAGECH,2018,31.6,,,,TIPO_DATO15__MEANAGECH_N1,,,
IT1:22_293_DF_DCIS_INDDEMOG1_1(1.0),A,ITE15,MEANAGECH,2019,31.9,,,,TIPO_DATO15__MEANAGECH_N1,,,
IT1:22_293_DF_DCIS_INDDEMOG1_1(1.0),A,ITE15,MEANAGECH,2020,32,,,,TIPO_DATO15__MEANAGECH_N1,,,
IT1:22_293_DF_DCIS_INDDEMOG1_1(1.0),A,ITE15,MEANAGECH,2021,32.5,,,,TIPO_DATO15__MEANAGECH_N1,,,
IT1:22_293_DF_DCIS_INDDEMOG1_1(1.0),A,ITE15,MEANAGECH,2022,32.3,,,,TIPO_DATO15__MEANAGECH_N1,,,
IT1:22_293_DF_DCIS_INDDEMOG1_1(1.0),A,ITE15,MEANAGECH,2023,32.4,,,,TIPO_DATO15__MEANAGECH_N1,,,
IT1:22_293_DF_DCIS_INDDEMOG1_1(1.0),A,ITE15,MEANAGECH,2024,32.4,,,,TIPO_DATO15__MEANAGECH_N1,,,
IT1:22_293_DF_DCIS_INDDEMOG1_1(1.0),A,ITE15,MEANAGECH,2025,32.7,e,,,TIPO_DATO15__MEANAGECH_N1,,,
IT1:22_293_DF_DCIS_INDDEMOG1_1(1.0),A,ITE16,MEANAGECH,2015,31.8,,,,TIPO_DATO15__MEANAGECH_N1,,,
IT1:22_293_DF_DCIS_INDDEMOG1_1(1.0),A,ITE16,MEANAGECH,2016,31.7,,,,TIPO_DATO15__MEANAGECH_N1,,,
IT1:22_293_DF_DCIS_INDDEMOG1_1(1.0),A,ITE16,MEANAGECH,2017,32.1,,,,TIPO_DATO15__MEANAGECH_N1,,,
IT1:22_293_DF_DCIS_INDDEMOG1_1(1.0),A,ITE16,MEANAGECH,2018,32.1,,,,TIPO_DATO15__MEANAGECH_N1,,,
IT1:22_293_DF_DCIS_INDDEMOG1_1(1.0),A,ITE16,MEANAGECH,2019,32,,,,TIPO_DATO15__MEANAGECH_N1,,,
IT1:22_293_DF_DCIS_INDDEMOG1_1(1.0),A,ITE16,MEANAGECH,2020,32.3,,,,TIPO_DATO15__MEANAGECH_N1,,,
IT1:22_293_DF_DCIS_INDDEMOG1_1(1.0),A,ITE16,MEANAGECH,2021,32.3,,,,TIPO_DATO15__MEANAGECH_N1,,,
IT1:22_293_DF_DCIS_INDDEMOG1_1(1.0),A,ITE16,MEANAGECH,2022,32.6,,,,TIPO_DATO15__MEANAGECH_N1,,,
IT1:22_293_DF_DCIS_INDDEMOG1_1(1.0),A,ITE16,MEANAGECH,2023,32.5,,,,TIPO_DATO15__MEANAGECH_N1,,,
IT1:22_293_DF_DCIS_INDDEMOG1_1(1.0),A,ITE16,MEANAGECH,2024,32.7,,,,TIPO_DATO15__MEANAGECH_N1,,,
IT1:22_293_DF_DCIS_INDDEMOG1_1(1.0),A,ITE16,MEANAGECH,2025,32.8,e,,,TIPO_DATO15__MEANAGECH_N1,,,
IT1:22_293_DF_DCIS_INDDEMOG1_1(1.0),A,ITE17,MEANAGECH,2015,32.1,,,,TIPO_DATO15__MEANAGECH_N1,,,
IT1:22_293_DF_DCIS_INDDEMOG1_1(1.0),A,ITE17,MEANAGECH,2016,32,,,,TIPO_DATO15__MEANAGECH_N1,,,
IT1:22_293_DF_DCIS_INDDEMOG1_1(1.0),A,ITE17,MEANAGECH,2017,32.2,,,,TIPO_DATO15__MEANAGECH_N1,,,
IT1:22_293_DF_DCIS_INDDEMOG1_1(1.0),A,ITE17,MEANAGECH,2018,32.3,,,,TIPO_DATO15__MEANAGECH_N1,,,
IT1:22_293_DF_DCIS_INDDEMOG1_1(1.0),A,ITE17,MEANAGECH,2019,32.5,,,,TIPO_DATO15__MEANAGECH_N1,,,
IT1:22_293_DF_DCIS_INDDEMOG1_1(1.0),A,ITE17,MEANAGECH,2020,32.4,,,,TIPO_DATO15__MEANAGECH_N1,,,
IT1:22_293_DF_DCIS_INDDEMOG1_1(1.0),A,ITE17,MEANAGECH,2021,32.5,,,,TIPO_DATO15__MEANAGECH_N1,,,
IT1:22_293_DF_DCIS_INDDEMOG1_1(1.0),A,ITE17,MEANAGECH,2022,32.8,,,,TIPO_DATO15__MEANAGECH_N1,,,
IT1:22_293_DF_DCIS_INDDEMOG1_1(1.0),A,ITE17,MEANAGECH,2023,32.9,,,,TIPO_DATO15__MEANAGECH_N1,,,
IT1:22_293_DF_DCIS_INDDEMOG1_1(1.0),A,ITE17,MEANAGECH,2024,32.8,,,,TIPO_DATO15__MEANAGECH_N1,,,
IT1:22_293_DF_DCIS_INDDEMOG1_1(1.0),A,ITE17,MEANAGECH,2025,32.9,e,,,TIPO_DATO15__MEANAGECH_N1,,,
IT1:22_293_DF_DCIS_INDDEMOG1_1(1.0),A,ITE18,MEANAGECH,2015,31.7,,,,TIPO_DATO15__MEANAGECH_N1,,,
IT1:22_293_DF_DCIS_INDDEMOG1_1(1.0),A,ITE18,MEANAGECH,2016,31.9,,,,TIPO_DATO15__MEANAGECH_N1,,,
IT1:22_293_DF_DCIS_INDDEMOG1_1(1.0),A,ITE18,MEANAGECH,2017,32.1,,,,TIPO_DATO15__MEANAGECH_N1,,,
IT1:22_293_DF_DCIS_INDDEMOG1_1(1.0),A,ITE18,MEANAGECH,2018,32.1,,,,TIPO_DATO15__MEANAGECH_N1,,,
IT1:22_293_DF_DCIS_INDDEMOG1_1(1.0),A,ITE18,MEANAGECH,2019,32.3,,,,TIPO_DATO15__MEANAGECH_N1,,,
IT1:22_293_DF_DCIS_INDDEMOG1_1(1.0),A,ITE18,MEANAGECH,2020,32.4,,,,TIPO_DATO15__MEANAGECH_N1,,,
IT1:22_293_DF_DCIS_INDDEMOG1_1(1.0),A,ITE18,MEANAGECH,2021,32.3,,,,TIPO_DATO15__MEANAGECH_N1,,,
IT1:22_293_DF_DCIS_INDDEMOG1_1(1.0),A,ITE18,MEANAGECH,2022,32.7,,,,TIPO_DATO15__MEANAGECH_N1,,,
IT1:22_293_DF_DCIS_INDDEMOG1_1(1.0),A,ITE18,MEANAGECH,2023,32.5,,,,TIPO_DATO15__MEANAGECH_N1,,,
IT1:22_293_DF_DCIS_INDDEMOG1_1(1.0),A,ITE18,MEANAGECH,2024,32.5,,,,TIPO_DATO15__MEANAGECH_N1,,,
IT1:22_293_DF_DCIS_INDDEMOG1_1(1.0),A,ITE18,MEANAGECH,2025,32.9,e,,,TIPO_DATO15__MEANAGECH_N1,,,
IT1:22_293_DF_DCIS_INDDEMOG1_1(1.0),A,ITE19,MEANAGECH,2015,31.9,,,,TIPO_DATO15__MEANAGECH_N1,,,
IT1:22_293_DF_DCIS_INDDEMOG1_1(1.0),A,ITE19,MEANAGECH,2016,31.7,,,,TIPO_DATO15__MEANAGECH_N1,,,
IT1:22_293_DF_DCIS_INDDEMOG1_1(1.0),A,ITE19,MEANAGECH,2017,31.9,,,,TIPO_DATO15__MEANAGECH_N1,,,
IT1:22_293_DF_DCIS_INDDEMOG1_1(1.0),A,ITE19,MEANAGECH,2018,32,,,,TIPO_DATO15__MEANAGECH_N1,,,
IT1:22_293_DF_DCIS_INDDEMOG1_1(1.0),A,ITE19,MEANAGECH,2019,32.1,,,,TIPO_DATO15__MEANAGECH_N1,,,
IT1:22_293_DF_DCIS_INDDEMOG1_1(1.0),A,ITE19,MEANAGECH,2020,32.3,,,,TIPO_DATO15__MEANAGECH_N1,,,
IT1:22_293_DF_DCIS_INDDEMOG1_1(1.0),A,ITE19,MEANAGECH,2021,32.5,,,,TIPO_DATO15__MEANAGECH_N1,,,
IT1:22_293_DF_DCIS_INDDEMOG1_1(1.0),A,ITE19,MEANAGECH,2022,32.4,,,,TIPO_DATO15__MEANAGECH_N1,,,
IT1:22_293_DF_DCIS_INDDEMOG1_1(1.0),A,ITE19,MEANAGECH,2023,32.3,,,,TIPO_DATO15__MEANAGECH_N1,,,
IT1:22_293_DF_DCIS_INDDEMOG1_1(1.0),A,ITE19,MEANAGECH,2024,32.7,,,,TIPO_DATO15__MEANAGECH_N1,,,
IT1:22_293_DF_DCIS_INDDEMOG1_1(1.0),A,ITE19,MEANAGECH,2025,32.9,e,,,TIPO_DATO15__MEANAGECH_N1,,,
IT1:22_293_DF_DCIS_INDDEMOG1_1(1.0),A,ITE1A,MEANAGECH,2015,31.4,,,,TIPO_DATO15__MEANAGECH_N1,,,
IT1:22_293_DF_DCIS_INDDEMOG1_1(1.0),A,ITE1A,MEANAGECH,2016,31.5,,,,TIPO_DATO15__MEANAGECH_N1,,,
IT1:22_293_DF_DCIS_INDDEMOG1_1(1.0),A,ITE1A,MEANAGECH,2017,31.6,,,,TIPO_DATO15__MEANAGECH_N1,,,
IT1:22_293_DF_DCIS_INDDEMOG1_1(1.0),A,ITE1A,MEANAGECH,2018,31.6,,,,TIPO_DATO15__MEANAGECH_N1,,,
IT1:22_293_DF_DCIS_INDDEMOG1_1(1.0),A,ITE1A,MEANAGECH,2019,31.6,,,,TIPO_DATO15__MEANAGECH_N1,,,
IT1:22_293_DF_DCIS_INDDEMOG1_1(1.0),A,ITE1A,MEANAGECH,2020,31.8,,,,TIPO_DATO15__MEANAGECH_N1,,,
IT1:22_293_DF_DCIS_INDDEMOG1_1(1.0),A,ITE1A,MEANAGECH,2021,31.9,,,,TIPO_DATO15__MEANAGECH_N1,,,
IT1:22_293_DF_DCIS_INDDEMOG1_1(1.0),A,ITE1A,MEANAGECH,2022,32.3,,,,TIPO_DATO15__MEANAGECH_N1,,,
IT1:22_293_DF_DCIS_INDDEMOG1_1(1.0),A,ITE1A,MEANAGECH,2023,32.4,,,,TIPO_DATO15__MEANAGECH_N1,,,
IT1:22_293_DF_DCIS_INDDEMOG1_1(1.0),A,ITE1A,MEANAGECH,2024,32.4,,,,TIPO_DATO15__MEANAGECH_N1,,,
IT1:22_293_DF_DCIS_INDDEMOG1_1(1.0),A,ITE1A,MEANAGECH,2025,32.5,e,,,TIPO_DATO15__MEANAGECH_N1,,,
IT1:22_293_DF_DCIS_INDDEMOG1_1(1.0),A,ITE2,MEANAGECH,2015,31.6,,,,TIPO_DATO15__MEANAGECH_N1,,,
IT1:22_293_DF_DCIS_INDDEMOG1_1(1.0),A,ITE2,MEANAGECH,2016,31.8,,,,TIPO_DATO15__MEANAGECH_N1,,,
IT1:22_293_DF_DCIS_INDDEMOG1_1(1.0),A,ITE2,MEANAGECH,2017,31.9,,,,TIPO_DATO15__MEANAGECH_N1,,,
IT1:22_293_DF_DCIS_INDDEMOG1_1(1.0),A,ITE2,MEANAGECH,2018,31.9,,,,TIPO_DATO15__MEANAGECH_N1,,,
IT1:22_293_DF_DCIS_INDDEMOG1_1(1.0),A,ITE2,MEANAGECH,2019,32.1,,,,TIPO_DATO15__MEANAGECH_N1,,,
IT1:22_293_DF_DCIS_INDDEMOG1_1(1.0),A,ITE2,MEANAGECH,2020,32.3,,,,TIPO_DATO15__MEANAGECH_N1,,,
IT1:22_293_DF_DCIS_INDDEMOG1_1(1.0),A,ITE2,MEANAGECH,2021,32.4,,,,TIPO_DATO15__MEANAGECH_N1,,,
IT1:22_293_DF_DCIS_INDDEMOG1_1(1.0),A,ITE2,MEANAGECH,2022,32.4,,,,TIPO_DATO15__MEANAGECH_N1,,,
IT1:22_293_DF_DCIS_INDDEMOG1_1(1.0),A,ITE2,MEANAGECH,2023,32.6,,,,TIPO_DATO15__MEANAGECH_N1,,,
IT1:22_293_DF_DCIS_INDDEMOG1_1(1.0),A,ITE2,MEANAGECH,2024,32.8,,,,TIPO_DATO15__MEANAGECH_N1,,,
IT1:22_293_DF_DCIS_INDDEMOG1_1(1.0),A,ITE2,MEANAGECH,2025,32.6,e,,,TIPO_DATO15__MEANAGECH_N1,,,
IT1:22_293_DF_DCIS_INDDEMOG1_1(1.0),A,ITE21,MEANAGECH,2015,31.6,,,,TIPO_DATO15__MEANAGECH_N1,,,
IT1:22_293_DF_DCIS_INDDEMOG1_1(1.0),A,ITE21,MEANAGECH,2016,31.8,,,,TIPO_DATO15__MEANAGECH_N1,,,
IT1:22_293_DF_DCIS_INDDEMOG1_1(1.0),A,ITE21,MEANAGECH,2017,31.9,,,,TIPO_DATO15__MEANAGECH_N1,,,
IT1:22_293_DF_DCIS_INDDEMOG1_1(1.0),A,ITE21,MEANAGECH,2018,31.9,,,,TIPO_DATO15__MEANAGECH_N1,,,
IT1:22_293_DF_DCIS_INDDEMOG1_1(1.0),A,ITE21,MEANAGECH,2019,32.1,,,,TIPO_DATO15__MEANAGECH_N1,,,
IT1:22_293_DF_DCIS_INDDEMOG1_1(1.0),A,ITE21,MEANAGECH,2020,32.2,,,,TIPO_DATO15__MEANAGECH_N1,,,
IT1:22_293_DF_DCIS_INDDEMOG1_1(1.0),A,ITE21,MEANAGECH,2021,32.3,,,,TIPO_DATO15__MEANAGECH_N1,,,
IT1:22_293_DF_DCIS_INDDEMOG1_1(1.0),A,ITE21,MEANAGECH,2022,32.4,,,,TIPO_DATO15__MEANAGECH_N1,,,
IT1:22_293_DF_DCIS_INDDEMOG1_1(1.0),A,ITE21,MEANAGECH,2023,32.6,,,,TIPO_DATO15__MEANAGECH_N1,,,
IT1:22_293_DF_DCIS_INDDEMOG1_1(1.0),A,ITE21,MEANAGECH,2024,32.8,,,,TIPO_DATO15__MEANAGECH_N1,,,
IT1:22_293_DF_DCIS_INDDEMOG1_1(1.0),A,ITE21,MEANAGECH,2025,32.4,e,,,TIPO_DATO15__MEANAGECH_N1,,,
IT1:22_293_DF_DCIS_INDDEMOG1_1(1.0),A,ITE22,MEANAGECH,2015,31.8,,,,TIPO_DATO15__MEANAGECH_N1,,,
IT1:22_293_DF_DCIS_INDDEMOG1_1(1.0),A,ITE22,MEANAGECH,2016,31.7,,,,TIPO_DATO15__MEANAGECH_N1,,,
IT1:22_293_DF_DCIS_INDDEMOG1_1(1.0),A,ITE22,MEANAGECH,2017,32,,,,TIPO_DATO15__MEANAGECH_N1,,,
IT1:22_293_DF_DCIS_INDDEMOG1_1(1.0),A,ITE22,MEANAGECH,2018,31.7,,,,TIPO_DATO15__MEANAGECH_N1,,,
IT1:22_293_DF_DCIS_INDDEMOG1_1(1.0),A,ITE22,MEANAGECH,2019,32.2,,,,TIPO_DATO15__MEANAGECH_N1,,,
IT1:22_293_DF_DCIS_INDDEMOG1_1(1.0),A,ITE22,MEANAGECH,2020,32.5,,,,TIPO_DATO15__MEANAGECH_N1,,,
IT1:22_293_DF_DCIS_INDDEMOG1_1(1.0),A,ITE22,MEANAGECH,2021,32.5,,,,TIPO_DATO15__MEANAGECH_N1,,,
IT1:22_293_DF_DCIS_INDDEMOG1_1(1.0),A,ITE22,MEANAGECH,2022,32.3,,,,TIPO_DATO15__MEANAGECH_N1,,,
IT1:22_293_DF_DCIS_INDDEMOG1_1(1.0),A,ITE22,MEANAGECH,2023,32.7,,,,TIPO_DATO15__MEANAGECH_N1,,,
IT1:22_293_DF_DCIS_INDDEMOG1_1(1.0),A,ITE22,MEANAGECH,2024,32.9,,,,TIPO_DATO15__MEANAGECH_N1,,,
IT1:22_293_DF_DCIS_INDDEMOG1_1(1.0),A,ITE22,MEANAGECH,2025,32.9,e,,,TIPO_DATO15__MEANAGECH_N1,,,
IT1:22_293_DF_DCIS_INDDEMOG1_1(1.0),A,ITE3,MEANAGECH,2015,31.9,,,,TIPO_DATO15__MEANAGECH_N1,,,
IT1:22_293_DF_DCIS_INDDEMOG1_1(1.0),A,ITE3,MEANAGECH,2016,32,,,,TIPO_DATO15__MEANAGECH_N1,,,
IT1:22_293_DF_DCIS_INDDEMOG1_1(1.0),A,ITE3,MEANAGECH,2017,32.1,,,,TIPO_DATO15__MEANAGECH_N1,,,
IT1:22_293_DF_DCIS_INDDEMOG1_1(1.0),A,ITE3,MEANAGECH,2018,32.3,,,,TIPO_DATO15__MEANAGECH_N1,,,
IT1:22_293_DF_DCIS_INDDEMOG1_1(1.0),A,ITE3,MEANAGECH,2019,32.4,,,,TIPO_DATO15__MEANAGECH_N1,,,
IT1:22_293_DF_DCIS_INDDEMOG1_1(1.0),A,ITE3,MEANAGECH,2020,32.5,,,,TIPO_DATO15__MEANAGECH_N1,,,
IT1:22_293_DF_DCIS_INDDEMOG1_1(1.0),A,ITE3,MEANAGECH,2021,32.6,,,,TIPO_DATO15__MEANAGECH_N1,,,
IT1:22_293_DF_DCIS_INDDEMOG1_1(1.0),A,ITE3,MEANAGECH,2022,32.6,,,,TIPO_DATO15__MEANAGECH_N1,,,
IT1:22_293_DF_DCIS_INDDEMOG1_1(1.0),A,ITE3,MEANAGECH,2023,32.8,,,,TIPO_DATO15__MEANAGECH_N1,,,
IT1:22_293_DF_DCIS_INDDEMOG1_1(1.0),A,ITE3,MEANAGECH,2024,32.7,,,,TIPO_DATO15__MEANAGECH_N1,,,
IT1:22_293_DF_DCIS_INDDEMOG1_1(1.0),A,ITE3,MEANAGECH,2025,32.9,e,,,TIPO_DATO15__MEANAGECH_N1,,,
IT1:22_293_DF_DCIS_INDDEMOG1_1(1.0),A,ITE31,MEANAGECH,2015,32,,,,TIPO_DATO15__MEANAGECH_N1,,,
IT1:22_293_DF_DCIS_INDDEMOG1_1(1.0),A,ITE31,MEANAGECH,2016,31.9,,,,TIPO_DATO15__MEANAGECH_N1,,,
IT1:22_293_DF_DCIS_INDDEMOG1_1(1.0),A,ITE31,MEANAGECH,2017,31.9,,,,TIPO_DATO15__MEANAGECH_N1,,,
IT1:22_293_DF_DCIS_INDDEMOG1_1(1.0),A,ITE31,MEANAGECH,2018,32.2,,,,TIPO_DATO15__MEANAGECH_N1,,,
IT1:22_293_DF_DCIS_INDDEMOG1_1(1.0),A,ITE31,MEANAGECH,2019,32.5,,,,TIPO_DATO15__MEANAGECH_N1,,,
IT1:22_293_DF_DCIS_INDDEMOG1_1(1.0),A,ITE31,MEANAGECH,2020,32.6,,,,TIPO_DATO15__MEANAGECH_N1,,,
IT1:22_293_DF_DCIS_INDDEMOG1_1(1.0),A,ITE31,MEANAGECH,2021,32.4,,,,TIPO_DATO15__MEANAGECH_N1,,,
IT1:22_293_DF_DCIS_INDDEMOG1_1(1.0),A,ITE31,MEANAGECH,2022,32.5,,,,TIPO_DATO15__MEANAGECH_N1,,,
IT1:22_293_DF_DCIS_INDDEMOG1_1(1.0),A,ITE31,MEANAGECH,2023,32.8,,,,TIPO_DATO15__MEANAGECH_N1,,,
IT1:22_293_DF_DCIS_INDDEMOG1_1(1.0),A,ITE31,MEANAGECH,2024,32.6,,,,TIPO_DATO15__MEANAGECH_N1,,,
IT1:22_293_DF_DCIS_INDDEMOG1_1(1.0),A,ITE31,MEANAGECH,2025,32.6,e,,,TIPO_DATO15__MEANAGECH_N1,,,
IT1:22_293_DF_DCIS_INDDEMOG1_1(1.0),A,ITE32,MEANAGECH,2015,31.7,,,,TIPO_DATO15__MEANAGECH_N1,,,
IT1:22_293_DF_DCIS_INDDEMOG1_1(1.0),A,ITE32,MEANAGECH,2016,31.9,,,,TIPO_DATO15__MEANAGECH_N1,,,
IT1:22_293_DF_DCIS_INDDEMOG1_1(1.0),A,ITE32,MEANAGECH,2017,32.1,,,,TIPO_DATO15__MEANAGECH_N1,,,
IT1:22_293_DF_DCIS_INDDEMOG1_1(1.0),A,ITE32,MEANAGECH,2018,32.3,,,,TIPO_DATO15__MEANAGECH_N1,,,
IT1:22_293_DF_DCIS_INDDEMOG1_1(1.0),A,ITE32,MEANAGECH,2019,32.3,,,,TIPO_DATO15__MEANAGECH_N1,,,
IT1:22_293_DF_DCIS_INDDEMOG1_1(1.0),A,ITE32,MEANAGECH,2020,32.3,,,,TIPO_DATO15__MEANAGECH_N1,,,
IT1:22_293_DF_DCIS_INDDEMOG1_1(1.0),A,ITE32,MEANAGECH,2021,32.5,,,,TIPO_DATO15__MEANAGECH_N1,,,
IT1:22_293_DF_DCIS_INDDEMOG1_1(1.0),A,ITE32,MEANAGECH,2022,32.5,,,,TIPO_DATO15__MEANAGECH_N1,,,
IT1:22_293_DF_DCIS_INDDEMOG1_1(1.0),A,ITE32,MEANAGECH,2023,32.5,,,,TIPO_DATO15__MEANAGECH_N1,,,
IT1:22_293_DF_DCIS_INDDEMOG1_1(1.0),A,ITE32,MEANAGECH,2024,32.6,,,,TIPO_DATO15__MEANAGECH_N1,,,
IT1:22_293_DF_DCIS_INDDEMOG1_1(1.0),A,ITE32,MEANAGECH,2025,32.9,e,,,TIPO_DATO15__MEANAGECH_N1,,,
IT1:22_293_DF_DCIS_INDDEMOG1_1(1.0),A,ITE33,MEANAGECH,2015,31.6,,,,TIPO_DATO15__MEANAGECH_N1,,,
IT1:22_293_DF_DCIS_INDDEMOG1_1(1.0),A,ITE33,MEANAGECH,2016,31.8,,,,TIPO_DATO15__MEANAGECH_N1,,,
IT1:22_293_DF_DCIS_INDDEMOG1_1(1.0),A,ITE33,MEANAGECH,2017,32.1,,,,TIPO_DATO15__MEANAGECH_N1,,,
IT1:22_293_DF_DCIS_INDDEMOG1_1(1.0),A,ITE33,MEANAGECH,2018,32.1,,,,TIPO_DATO15__MEANAGECH_N1,,,
IT1:22_293_DF_DCIS_INDDEMOG1_1(1.0),A,ITE33,MEANAGECH,2019,32.2,,,,TIPO_DATO15__MEANAGECH_N1,,,
IT1:22_293_DF_DCIS_INDDEMOG1_1(1.0),A,ITE33,MEANAGECH,2020,32.5,,,,TIPO_DATO15__MEANAGECH_N1,,,
IT1:22_293_DF_DCIS_INDDEMOG1_1(1.0),A,ITE33,MEANAGECH,2021,32.7,,,,TIPO_DATO15__MEANAGECH_N1,,,
IT1:22_293_DF_DCIS_INDDEMOG1_1(1.0),A,ITE33,MEANAGECH,2022,32.6,,,,TIPO_DATO15__MEANAGECH_N1,,,
IT1:22_293_DF_DCIS_INDDEMOG1_1(1.0),A,ITE33,MEANAGECH,2023,32.9,,,,TIPO_DATO15__MEANAGECH_N1,,,
IT1:22_293_DF_DCIS_INDDEMOG1_1(1.0),A,ITE33,MEANAGECH,2024,32.8,,,,TIPO_DATO15__MEANAGECH_N1,,,
IT1:22_293_DF_DCIS_INDDEMOG1_1(1.0),A,ITE33,MEANAGECH,2025,33,e,,,TIPO_DATO15__MEANAGECH_N1,,,
IT1:22_293_DF_DCIS_INDDEMOG1_1(1.0),A,ITE34,MEANAGECH,2015,32.5,,,,TIPO_DATO15__MEANAGECH_N1,,,
IT1:22_293_DF_DCIS_INDDEMOG1_1(1.0),A,ITE34,MEANAGECH,2016,32.8,,,,TIPO_DATO15__MEANAGECH_N1,,,
IT1:22_293_DF_DCIS_INDDEMOG1_1(1.0),A,ITE34,MEANAGECH,2017,32.7,,,,TIPO_DATO15__MEANAGECH_N1,,,
IT1:22_293_DF_DCIS_INDDEMOG1_1(1.0),A,ITE34,MEANAGECH,2018,32.6,,,,TIPO_DATO15__MEANAGECH_N1,,,
IT1:22_293_DF_DCIS_INDDEMOG1_1(1.0),A,ITE34,MEANAGECH,2019,33,,,,TIPO_DATO15__MEANAGECH_N1,,,
IT1:22_293_DF_DCIS_INDDEMOG1_1(1.0),A,ITE34,MEANAGECH,2020,33.1,,,,TIPO_DATO15__MEANAGECH_N1,,,
IT1:22_293_DF_DCIS_INDDEMOG1_1(1.0),A,ITE34,MEANAGECH,2021,33.1,,,,TIPO_DATO15__MEANAGECH_N1,,,
IT1:22_293_DF_DCIS_INDDEMOG1_1(1.0),A,ITE34,MEANAGECH,2022,33.1,,,,TIPO_DATO15__MEANAGECH_N1,,,
IT1:22_293_DF_DCIS_INDDEMOG1_1(1.0),A,ITE34,MEANAGECH,2023,33.1,,,,TIPO_DATO15__MEANAGECH_N1,,,
IT1:22_293_DF_DCIS_INDDEMOG1_1(1.0),A,ITE34,MEANAGECH,2024,33.1,,,,TIPO_DATO15__MEANAGECH_N1,,,
IT1:22_293_DF_DCIS_INDDEMOG1_1(1.0),A,ITE34,MEANAGECH,2025,33.2,e,,,TIPO_DATO15__MEANAGECH_N1,,,
IT1:22_293_DF_DCIS_INDDEMOG1_1(1.0),A,ITE4,MEANAGECH,2015,32.1,,,,TIPO_DATO15__MEANAGECH_N1,,,
IT1:22_293_DF_DCIS_INDDEMOG1_1(1.0),A,ITE4,MEANAGECH,2016,32.3,,,,TIPO_DATO15__MEANAGECH_N1,,,
IT1:22_293_DF_DCIS_INDDEMOG1_1(1.0),A,ITE4,MEANAGECH,2017,32.4,,,,TIPO_DATO15__MEANAGECH_N1,,,
IT1:22_293_DF_DCIS_INDDEMOG1_1(1.0),A,ITE4,MEANAGECH,2018,32.5,,,,TIPO_DATO15__MEANAGECH_N1,,,
IT1:22_293_DF_DCIS_INDDEMOG1_1(1.0),A,ITE4,MEANAGECH,2019,32.6,,,,TIPO_DATO15__MEANAGECH_N1,,,
IT1:22_293_DF_DCIS_INDDEMOG1_1(1.0),A,ITE4,MEANAGECH,2020,32.7,,,,TIPO_DATO15__MEANAGECH_N1,,,
IT1:22_293_DF_DCIS_INDDEMOG1_1(1.0),A,ITE4,MEANAGECH,2021,32.9,,,,TIPO_DATO15__MEANAGECH_N1,,,
IT1:22_293_DF_DCIS_INDDEMOG1_1(1.0),A,ITE4,MEANAGECH,2022,33,,,,TIPO_DATO15__MEANAGECH_N1,,,
IT1:22_293_DF_DCIS_INDDEMOG1_1(1.0),A,ITE4,MEANAGECH,2023,33,,,,TIPO_DATO15__MEANAGECH_N1,,,
IT1:22_293_DF_DCIS_INDDEMOG1_1(1.0),A,ITE4,MEANAGECH,2024,33.2,,,,TIPO_DATO15__MEANAGECH_N1,,,
IT1:22_293_DF_DCIS_INDDEMOG1_1(1.0),A,ITE4,MEANAGECH,2025,33.2,e,,,TIPO_DATO15__MEANAGECH_N1,,,
IT1:22_293_DF_DCIS_INDDEMOG1_1(1.0),A,ITE41,MEANAGECH,2015,31.8,,,,TIPO_DATO15__MEANAGECH_N1,,,
IT1:22_293_DF_DCIS_INDDEMOG1_1(1.0),A,ITE41,MEANAGECH,2016,32,,,,TIPO_DATO15__MEANAGECH_N1,,,
IT1:22_293_DF_DCIS_INDDEMOG1_1(1.0),A,ITE41,MEANAGECH,2017,32.2,,,,TIPO_DATO15__MEANAGECH_N1,,,
IT1:22_293_DF_DCIS_INDDEMOG1_1(1.0),A,ITE41,MEANAGECH,2018,32.1,,,,TIPO_DATO15__MEANAGECH_N1,,,
IT1:22_293_DF_DCIS_INDDEMOG1_1(1.0),A,ITE41,MEANAGECH,2019,32,,,,TIPO_DATO15__MEANAGECH_N1,,,
IT1:22_293_DF_DCIS_INDDEMOG1_1(1.0),A,ITE41,MEANAGECH,2020,32.4,,,,TIPO_DATO15__MEANAGECH_N1,,,
IT1:22_293_DF_DCIS_INDDEMOG1_1(1.0),A,ITE41,MEANAGECH,2021,32.4,,,,TIPO_DATO15__MEANAGECH_N1,,,
IT1:22_293_DF_DCIS_INDDEMOG1_1(1.0),A,ITE41,MEANAGECH,2022,32.8,,,,TIPO_DATO15__MEANAGECH_N1,,,
IT1:22_293_DF_DCIS_INDDEMOG1_1(1.0),A,ITE41,MEANAGECH,2023,32.7,,,,TIPO_DATO15__MEANAGECH_N1,,,
IT1:22_293_DF_DCIS_INDDEMOG1_1(1.0),A,ITE41,MEANAGECH,2024,32.9,,,,TIPO_DATO15__MEANAGECH_N1,,,
IT1:22_293_DF_DCIS_INDDEMOG1_1(1.0),A,ITE41,MEANAGECH,2025,32.8,e,,,TIPO_DATO15__MEANAGECH_N1,,,
IT1:22_293_DF_DCIS_INDDEMOG1_1(1.0),A,ITE42,MEANAGECH,2015,31.9,,,,TIPO_DATO15__MEANAGECH_N1,,,
IT1:22_293_DF_DCIS_INDDEMOG1_1(1.0),A,ITE42,MEANAGECH,2016,32.3,,,,TIPO_DATO15__MEANAGECH_N1,,,
IT1:22_293_DF_DCIS_INDDEMOG1_1(1.0),A,ITE42,MEANAGECH,2017,32,,,,TIPO_DATO15__MEANAGECH_N1,,,
IT1:22_293_DF_DCIS_INDDEMOG1_1(1.0),A,ITE42,MEANAGECH,2018,32.4,,,,TIPO_DATO15__MEANAGECH_N1,,,
IT1:22_293_DF_DCIS_INDDEMOG1_1(1.0),A,ITE42,MEANAGECH,2019,31.9,,,,TIPO_DATO15__MEANAGECH_N1,,,
IT1:22_293_DF_DCIS_INDDEMOG1_1(1.0),A,ITE42,MEANAGECH,2020,32.5,,,,TIPO_DATO15__MEANAGECH_N1,,,
IT1:22_293_DF_DCIS_INDDEMOG1_1(1.0),A,ITE42,MEANAGECH,2021,32.2,,,,TIPO_DATO15__MEANAGECH_N1,,,
IT1:22_293_DF_DCIS_INDDEMOG1_1(1.0),A,ITE42,MEANAGECH,2022,32.5,,,,TIPO_DATO15__MEANAGECH_N1,,,
IT1:22_293_DF_DCIS_INDDEMOG1_1(1.0),A,ITE42,MEANAGECH,2023,32.6,,,,TIPO_DATO15__MEANAGECH_N1,,,
IT1:22_293_DF_DCIS_INDDEMOG1_1(1.0),A,ITE42,MEANAGECH,2024,32.4,,,,TIPO_DATO15__MEANAGECH_N1,,,
IT1:22_293_DF_DCIS_INDDEMOG1_1(1.0),A,ITE42,MEANAGECH,2025,32.5,e,,,TIPO_DATO15__MEANAGECH_N1,,,
IT1:22_293_DF_DCIS_INDDEMOG1_1(1.0),A,ITE43,MEANAGECH,2015,32.2,,,,TIPO_DATO15__MEANAGECH_N1,,,
IT1:22_293_DF_DCIS_INDDEMOG1_1(1.0),A,ITE43,MEANAGECH,2016,32.5,,,,TIPO_DATO15__MEANAGECH_N1,,,
IT1:22_293_DF_DCIS_INDDEMOG1_1(1.0),A,ITE43,MEANAGECH,2017,32.5,,,,TIPO_DATO15__MEANAGECH_N1,,,
IT1:22_293_DF_DCIS_INDDEMOG1_1(1.0),A,ITE43,MEANAGECH,2018,32.6,,,,TIPO_DATO15__MEANAGECH_N1,,,
IT1:22_293_DF_DCIS_INDDEMOG1_1(1.0),A,ITE43,MEANAGECH,2019,32.7,,,,TIPO_DATO15__MEANAGECH_N1,,,
IT1:22_293_DF_DCIS_INDDEMOG1_1(1.0),A,ITE43,MEANAGECH,2020,32.8,,,,TIPO_DATO15__MEANAGECH_N1,,,
IT1:22_293_DF_DCIS_INDDEMOG1_1(1.0),A,ITE43,MEANAGECH,2021,33.1,,,,TIPO_DATO15__MEANAGECH_N1,,,
IT1:22_293_DF_DCIS_INDDEMOG1_1(1.0),A,ITE43,MEANAGECH,2022,33.2,,,,TIPO_DATO15__MEANAGECH_N1,,,
IT1:22_293_DF_DCIS_INDDEMOG1_1(1.0),A,ITE43,MEANAGECH,2023,33.1,,,,TIPO_DATO15__MEANAGECH_N1,,,
IT1:22_293_DF_DCIS_INDDEMOG1_1(1.0),A,ITE43,MEANAGECH,2024,33.4,,,,TIPO_DATO15__MEANAGECH_N1,,,
IT1:22_293_DF_DCIS_INDDEMOG1_1(1.0),A,ITE43,MEANAGECH,2025,33.4,e,,,TIPO_DATO15__MEANAGECH_N1,,,
IT1:22_293_DF_DCIS_INDDEMOG1_1(1.0),A,ITE44,MEANAGECH,2015,31.6,,,,TIPO_DATO15__MEANAGECH_N1,,,
IT1:22_293_DF_DCIS_INDDEMOG1_1(1.0),A,ITE44,MEANAGECH,2016,31.6,,,,TIPO_DATO15__MEANAGECH_N1,,,
IT1:22_293_DF_DCIS_INDDEMOG1_1(1.0),A,ITE44,MEANAGECH,2017,31.9,,,,TIPO_DATO15__MEANAGECH_N1,,,
IT1:22_293_DF_DCIS_INDDEMOG1_1(1.0),A,ITE44,MEANAGECH,2018,32.4,,,,TIPO_DATO15__MEANAGECH_N1,,,
IT1:22_293_DF_DCIS_INDDEMOG1_1(1.0),A,ITE44,MEANAGECH,2019,32.1,,,,TIPO_DATO15__MEANAGECH_N1,,,
IT1:22_293_DF_DCIS_INDDEMOG1_1(1.0),A,ITE44,MEANAGECH,2020,32.1,,,,TIPO_DATO15__MEANAGECH_N1,,,
IT1:22_293_DF_DCIS_INDDEMOG1_1(1.0),A,ITE44,MEANAGECH,2021,32.2,,,,TIPO_DATO15__MEANAGECH_N1,,,
IT1:22_293_DF_DCIS_INDDEMOG1_1(1.0),A,ITE44,MEANAGECH,2022,32.3,,,,TIPO_DATO15__MEANAGECH_N1,,,
IT1:22_293_DF_DCIS_INDDEMOG1_1(1.0),A,ITE44,MEANAGECH,2023,32.4,,,,TIPO_DATO15__MEANAGECH_N1,,,
IT1:22_293_DF_DCIS_INDDEMOG1_1(1.0),A,ITE44,MEANAGECH,2024,32.7,,,,TIPO_DATO15__MEANAGECH_N1,,,
IT1:22_293_DF_DCIS_INDDEMOG1_1(1.0),A,ITE44,MEANAGECH,2025,32.6,e,,,TIPO_DATO15__MEANAGECH_N1,,,
IT1:22_293_DF_DCIS_INDDEMOG1_1(1.0),A,ITE45,MEANAGECH,2015,31.8,,,,TIPO_DATO15__MEANAGECH_N1,,,
IT1:22_293_DF_DCIS_INDDEMOG1_1(1.0),A,ITE45,MEANAGECH,2016,31.6,,,,TIPO_DATO15__MEANAGECH_N1,,,
IT1:22_293_DF_DCIS_INDDEMOG1_1(1.0),A,ITE45,MEANAGECH,2017,31.9,,,,TIPO_DATO15__MEANAGECH_N1,,,
IT1:22_293_DF_DCIS_INDDEMOG1_1(1.0),A,ITE45,MEANAGECH,2018,32,,,,TIPO_DATO15__MEANAGECH_N1,,,
IT1:22_293_DF_DCIS_INDDEMOG1_1(1.0),A,ITE45,MEANAGECH,2019,32.2,,,,TIPO_DATO15__MEANAGECH_N1,,,
IT1:22_293_DF_DCIS_INDDEMOG1_1(1.0),A,ITE45,MEANAGECH,2020,32.2,,,,TIPO_DATO15__MEANAGECH_N1,,,
IT1:22_293_DF_DCIS_INDDEMOG1_1(1.0),A,ITE45,MEANAGECH,2021,32.5,,,,TIPO_DATO15__MEANAGECH_N1,,,
IT1:22_293_DF_DCIS_INDDEMOG1_1(1.0),A,ITE45,MEANAGECH,2022,32.3,,,,TIPO_DATO15__MEANAGECH_N1,,,
IT1:22_293_DF_DCIS_INDDEMOG1_1(1.0),A,ITE45,MEANAGECH,2023,32.6,,,,TIPO_DATO15__MEANAGECH_N1,,,
IT1:22_293_DF_DCIS_INDDEMOG1_1(1.0),A,ITE45,MEANAGECH,2024,32.9,,,,TIPO_DATO15__MEANAGECH_N1,,,
IT1:22_293_DF_DCIS_INDDEMOG1_1(1.0),A,ITE45,MEANAGECH,2025,32.8,e,,,TIPO_DATO15__MEANAGECH_N1,,,
IT1:22_293_DF_DCIS_INDDEMOG1_1(1.0),A,ITF,MEANAGECH,2015,31.5,,,,TIPO_DATO15__MEANAGECH_N1,,,
IT1:22_293_DF_DCIS_INDDEMOG1_1(1.0),A,ITF,MEANAGECH,2016,31.6,,,,TIPO_DATO15__MEANAGECH_N1,,,
IT1:22_293_DF_DCIS_INDDEMOG1_1(1.0),A,ITF,MEANAGECH,2017,31.7,,,,TIPO_DATO15__MEANAGECH_N1,,,
IT1:22_293_DF_DCIS_INDDEMOG1_1(1.0),A,ITF,MEANAGECH,2018,31.8,,,,TIPO_DATO15__MEANAGECH_N1,,,
IT1:22_293_DF_DCIS_INDDEMOG1_1(1.0),A,ITF,MEANAGECH,2019,31.9,,,,TIPO_DATO15__MEANAGECH_N1,,,
IT1:22_293_DF_DCIS_INDDEMOG1_1(1.0),A,ITF,MEANAGECH,2020,32,,,,TIPO_DATO15__MEANAGECH_N1,,,
IT1:22_293_DF_DCIS_INDDEMOG1_1(1.0),A,ITF,MEANAGECH,2021,32.2,,,,TIPO_DATO15__MEANAGECH_N1,,,
IT1:22_293_DF_DCIS_INDDEMOG1_1(1.0),A,ITF,MEANAGECH,2022,32.2,,,,TIPO_DATO15__MEANAGECH_N1,,,
IT1:22_293_DF_DCIS_INDDEMOG1_1(1.0),A,ITF,MEANAGECH,2023,32.3,,,,TIPO_DATO15__MEANAGECH_N1,,,
IT1:22_293_DF_DCIS_INDDEMOG1_1(1.0),A,ITF,MEANAGECH,2024,32.4,,,,TIPO_DATO15__MEANAGECH_N1,,,
IT1:22_293_DF_DCIS_INDDEMOG1_1(1.0),A,ITF,MEANAGECH,2025,32.6,e,,,TIPO_DATO15__MEANAGECH_N1,,,
IT1:22_293_DF_DCIS_INDDEMOG1_1(1.0),A,ITF1,MEANAGECH,2015,32,,,,TIPO_DATO15__MEANAGECH_N1,,,
IT1:22_293_DF_DCIS_INDDEMOG1_1(1.0),A,ITF1,MEANAGECH,2016,32.2,,,,TIPO_DATO15__MEANAGECH_N1,,,
IT1:22_293_DF_DCIS_INDDEMOG1_1(1.0),A,ITF1,MEANAGECH,2017,32.2,,,,TIPO_DATO15__MEANAGECH_N1,,,
IT1:22_293_DF_DCIS_INDDEMOG1_1(1.0),A,ITF1,MEANAGECH,2018,32.3,,,,TIPO_DATO15__MEANAGECH_N1,,,
IT1:22_293_DF_DCIS_INDDEMOG1_1(1.0),A,ITF1,MEANAGECH,2019,32.5,,,,TIPO_DATO15__MEANAGECH_N1,,,
IT1:22_293_DF_DCIS_INDDEMOG1_1(1.0),A,ITF1,MEANAGECH,2020,32.5,,,,TIPO_DATO15__MEANAGECH_N1,,,
IT1:22_293_DF_DCIS_INDDEMOG1_1(1.0),A,ITF1,MEANAGECH,2021,32.6,,,,TIPO_DATO15__MEANAGECH_N1,,,
IT1:22_293_DF_DCIS_INDDEMOG1_1(1.0),A,ITF1,MEANAGECH,2022,32.7,,,,TIPO_DATO15__MEANAGECH_N1,,,
IT1:22_293_DF_DCIS_INDDEMOG1_1(1.0),A,ITF1,MEANAGECH,2023,32.7,,,,TIPO_DATO15__MEANAGECH_N1,,,
IT1:22_293_DF_DCIS_INDDEMOG1_1(1.0),A,ITF1,MEANAGECH,2024,32.8,,,,TIPO_DATO15__MEANAGECH_N1,,,
IT1:22_293_DF_DCIS_INDDEMOG1_1(1.0),A,ITF1,MEANAGECH,2025,32.9,e,,,TIPO_DATO15__MEANAGECH_N1,,,
IT1:22_293_DF_DCIS_INDDEMOG1_1(1.0),A,ITF11,MEANAGECH,2015,31.8,,,,TIPO_DATO15__MEANAGECH_N1,,,
IT1:22_293_DF_DCIS_INDDEMOG1_1(1.0),A,ITF11,MEANAGECH,2016,32,,,,TIPO_DATO15__MEANAGECH_N1,,,
IT1:22_293_DF_DCIS_INDDEMOG1_1(1.0),A,ITF11,MEANAGECH,2017,32.1,,,,TIPO_DATO15__MEANAGECH_N1,,,
IT1:22_293_DF_DCIS_INDDEMOG1_1(1.0),A,ITF11,MEANAGECH,2018,32.3,,,,TIPO_DATO15__MEANAGECH_N1,,,
IT1:22_293_DF_DCIS_INDDEMOG1_1(1.0),A,ITF11,MEANAGECH,2019,32.6,,,,TIPO_DATO15__MEANAGECH_N1,,,
IT1:22_293_DF_DCIS_INDDEMOG1_1(1.0),A,ITF11,MEANAGECH,2020,32.7,,,,TIPO_DATO15__MEANAGECH_N1,,,
IT1:22_293_DF_DCIS_INDDEMOG1_1(1.0),A,ITF11,MEANAGECH,2021,32.6,,,,TIPO_DATO15__MEANAGECH_N1,,,
IT1:22_293_DF_DCIS_INDDEMOG1_1(1.0),A,ITF11,MEANAGECH,2022,32.9,,,,TIPO_DATO15__MEANAGECH_N1,,,
IT1:22_293_DF_DCIS_INDDEMOG1_1(1.0),A,ITF11,MEANAGECH,2023,32.7,,,,TIPO_DATO15__MEANAGECH_N1,,,
IT1:22_293_DF_DCIS_INDDEMOG1_1(1.0),A,ITF11,MEANAGECH,2024,32.9,,,,TIPO_DATO15__MEANAGECH_N1,,,
IT1:22_293_DF_DCIS_INDDEMOG1_1(1.0),A,ITF11,MEANAGECH,2025,32.7,e,,,TIPO_DATO15__MEANAGECH_N1,,,
IT1:22_293_DF_DCIS_INDDEMOG1_1(1.0),A,ITF12,MEANAGECH,2015,32.2,,,,TIPO_DATO15__MEANAGECH_N1,,,
IT1:22_293_DF_DCIS_INDDEMOG1_1(1.0),A,ITF12,MEANAGECH,2016,32.1,,,,TIPO_DATO15__MEANAGECH_N1,,,
IT1:22_293_DF_DCIS_INDDEMOG1_1(1.0),A,ITF12,MEANAGECH,2017,32.2,,,,TIPO_DATO15__MEANAGECH_N1,,,
IT1:22_293_DF_DCIS_INDDEMOG1_1(1.0),A,ITF12,MEANAGECH,2018,32.3,,,,TIPO_DATO15__MEANAGECH_N1,,,
IT1:22_293_DF_DCIS_INDDEMOG1_1(1.0),A,ITF12,MEANAGECH,2019,32.3,,,,TIPO_DATO15__MEANAGECH_N1,,,
IT1:22_293_DF_DCIS_INDDEMOG1_1(1.0),A,ITF12,MEANAGECH,2020,32.4,,,,TIPO_DATO15__MEANAGECH_N1,,,
IT1:22_293_DF_DCIS_INDDEMOG1_1(1.0),A,ITF12,MEANAGECH,2021,32.8,,,,TIPO_DATO15__MEANAGECH_N1,,,
IT1:22_293_DF_DCIS_INDDEMOG1_1(1.0),A,ITF12,MEANAGECH,2022,32.6,,,,TIPO_DATO15__MEANAGECH_N1,,,
IT1:22_293_DF_DCIS_INDDEMOG1_1(1.0),A,ITF12,MEANAGECH,2023,32.7,,,,TIPO_DATO15__MEANAGECH_N1,,,
IT1:22_293_DF_DCIS_INDDEMOG1_1(1.0),A,ITF12,MEANAGECH,2024,32.6,,,,TIPO_DATO15__MEANAGECH_N1,,,
IT1:22_293_DF_DCIS_INDDEMOG1_1(1.0),A,ITF12,MEANAGECH,2025,32.9,e,,,TIPO_DATO15__MEANAGECH_N1,,,
IT1:22_293_DF_DCIS_INDDEMOG1_1(1.0),A,ITF13,MEANAGECH,2015,32.2,,,,TIPO_DATO15__MEANAGECH_N1,,,
IT1:22_293_DF_DCIS_INDDEMOG1_1(1.0),A,ITF13,MEANAGECH,2016,32.4,,,,TIPO_DATO15__MEANAGECH_N1,,,
IT1:22_293_DF_DCIS_INDDEMOG1_1(1.0),A,ITF13,MEANAGECH,2017,32.2,,,,TIPO_DATO15__MEANAGECH_N1,,,
IT1:22_293_DF_DCIS_INDDEMOG1_1(1.0),A,ITF13,MEANAGECH,2018,32.3,,,,TIPO_DATO15__MEANAGECH_N1,,,
IT1:22_293_DF_DCIS_INDDEMOG1_1(1.0),A,ITF13,MEANAGECH,2019,32.5,,,,TIPO_DATO15__MEANAGECH_N1,,,
IT1:22_293_DF_DCIS_INDDEMOG1_1(1.0),A,ITF13,MEANAGECH,2020,32.3,,,,TIPO_DATO15__MEANAGECH_N1,,,
IT1:22_293_DF_DCIS_INDDEMOG1_1(1.0),A,ITF13,MEANAGECH,2021,32.4,,,,TIPO_DATO15__MEANAGECH_N1,,,
IT1:22_293_DF_DCIS_INDDEMOG1_1(1.0),A,ITF13,MEANAGECH,2022,32.6,,,,TIPO_DATO15__MEANAGECH_N1,,,
IT1:22_293_DF_DCIS_INDDEMOG1_1(1.0),A,ITF13,MEANAGECH,2023,32.6,,,,TIPO_DATO15__MEANAGECH_N1,,,
IT1:22_293_DF_DCIS_INDDEMOG1_1(1.0),A,ITF13,MEANAGECH,2024,32.7,,,,TIPO_DATO15__MEANAGECH_N1,,,
IT1:22_293_DF_DCIS_INDDEMOG1_1(1.0),A,ITF13,MEANAGECH,2025,32.9,e,,,TIPO_DATO15__MEANAGECH_N1,,,
IT1:22_293_DF_DCIS_INDDEMOG1_1(1.0),A,ITF14,MEANAGECH,2015,32,,,,TIPO_DATO15__MEANAGECH_N1,,,
IT1:22_293_DF_DCIS_INDDEMOG1_1(1.0),A,ITF14,MEANAGECH,2016,32.2,,,,TIPO_DATO15__MEANAGECH_N1,,,
IT1:22_293_DF_DCIS_INDDEMOG1_1(1.0),A,ITF14,MEANAGECH,2017,32.4,,,,TIPO_DATO15__MEANAGECH_N1,,,
IT1:22_293_DF_DCIS_INDDEMOG1_1(1.0),A,ITF14,MEANAGECH,2018,32.4,,,,TIPO_DATO15__MEANAGECH_N1,,,
IT1:22_293_DF_DCIS_INDDEMOG1_1(1.0),A,ITF14,MEANAGECH,2019,32.6,,,,TIPO_DATO15__MEANAGECH_N1,,,
IT1:22_293_DF_DCIS_INDDEMOG1_1(1.0),A,ITF14,MEANAGECH,2020,32.5,,,,TIPO_DATO15__MEANAGECH_N1,,,
IT1:22_293_DF_DCIS_INDDEMOG1_1(1.0),A,ITF14,MEANAGECH,2021,32.6,,,,TIPO_DATO15__MEANAGECH_N1,,,
IT1:22_293_DF_DCIS_INDDEMOG1_1(1.0),A,ITF14,MEANAGECH,2022,32.9,,,,TIPO_DATO15__MEANAGECH_N1,,,
IT1:22_293_DF_DCIS_INDDEMOG1_1(1.0),A,ITF14,MEANAGECH,2023,32.9,,,,TIPO_DATO15__MEANAGECH_N1,,,
IT1:22_293_DF_DCIS_INDDEMOG1_1(1.0),A,ITF14,MEANAGECH,2024,32.9,,,,TIPO_DATO15__MEANAGECH_N1,,,
IT1:22_293_DF_DCIS_INDDEMOG1_1(1.0),A,ITF14,MEANAGECH,2025,33,e,,,TIPO_DATO15__MEANAGECH_N1,,,
IT1:22_293_DF_DCIS_INDDEMOG1_1(1.0),A,ITF2,MEANAGECH,2015,32.3,,,,TIPO_DATO15__MEANAGECH_N1,,,
IT1:22_293_DF_DCIS_INDDEMOG1_1(1.0),A,ITF2,MEANAGECH,2016,32.2,,,,TIPO_DATO15__MEANAGECH_N1,,,
IT1:22_293_DF_DCIS_INDDEMOG1_1(1.0),A,ITF2,MEANAGECH,2017,32.5,,,,TIPO_DATO15__MEANAGECH_N1,,,
IT1:22_293_DF_DCIS_INDDEMOG1_1(1.0),A,ITF2,MEANAGECH,2018,32.4,,,,TIPO_DATO15__MEANAGECH_N1,,,
IT1:22_293_DF_DCIS_INDDEMOG1_1(1.0),A,ITF2,MEANAGECH,2019,32.6,,,,TIPO_DATO15__MEANAGECH_N1,,,
IT1:22_293_DF_DCIS_INDDEMOG1_1(1.0),A,ITF2,MEANAGECH,2020,32.7,,,,TIPO_DATO15__MEANAGECH_N1,,,
IT1:22_293_DF_DCIS_INDDEMOG1_1(1.0),A,ITF2,MEANAGECH,2021,32.8,,,,TIPO_DATO15__MEANAGECH_N1,,,
IT1:22_293_DF_DCIS_INDDEMOG1_1(1.0),A,ITF2,MEANAGECH,2022,32.8,,,,TIPO_DATO15__MEANAGECH_N1,,,
IT1:22_293_DF_DCIS_INDDEMOG1_1(1.0),A,ITF2,MEANAGECH,2023,32.9,,,,TIPO_DATO15__MEANAGECH_N1,,,
IT1:22_293_DF_DCIS_INDDEMOG1_1(1.0),A,ITF2,MEANAGECH,2024,33.1,,,,TIPO_DATO15__MEANAGECH_N1,,,
IT1:22_293_DF_DCIS_INDDEMOG1_1(1.0),A,ITF2,MEANAGECH,2025,33.1,e,,,TIPO_DATO15__MEANAGECH_N1,,,
IT1:22_293_DF_DCIS_INDDEMOG1_1(1.0),A,ITF21,MEANAGECH,2015,32,,,,TIPO_DATO15__MEANAGECH_N1,,,
IT1:22_293_DF_DCIS_INDDEMOG1_1(1.0),A,ITF21,MEANAGECH,2016,32.1,,,,TIPO_DATO15__MEANAGECH_N1,,,
IT1:22_293_DF_DCIS_INDDEMOG1_1(1.0),A,ITF21,MEANAGECH,2017,32.6,,,,TIPO_DATO15__MEANAGECH_N1,,,
IT1:22_293_DF_DCIS_INDDEMOG1_1(1.0),A,ITF21,MEANAGECH,2018,32.5,,,,TIPO_DATO15__MEANAGECH_N1,,,
IT1:22_293_DF_DCIS_INDDEMOG1_1(1.0),A,ITF21,MEANAGECH,2019,32.5,,,,TIPO_DATO15__MEANAGECH_N1,,,
IT1:22_293_DF_DCIS_INDDEMOG1_1(1.0),A,ITF21,MEANAGECH,2020,32.5,,,,TIPO_DATO15__MEANAGECH_N1,,,
IT1:22_293_DF_DCIS_INDDEMOG1_1(1.0),A,ITF21,MEANAGECH,2021,33,,,,TIPO_DATO15__MEANAGECH_N1,,,
IT1:22_293_DF_DCIS_INDDEMOG1_1(1.0),A,ITF21,MEANAGECH,2022,32.8,,,,TIPO_DATO15__MEANAGECH_N1,,,
IT1:22_293_DF_DCIS_INDDEMOG1_1(1.0),A,ITF21,MEANAGECH,2023,33.1,,,,TIPO_DATO15__MEANAGECH_N1,,,
IT1:22_293_DF_DCIS_INDDEMOG1_1(1.0),A,ITF21,MEANAGECH,2024,32.9,,,,TIPO_DATO15__MEANAGECH_N1,,,
IT1:22_293_DF_DCIS_INDDEMOG1_1(1.0),A,ITF21,MEANAGECH,2025,33,e,,,TIPO_DATO15__MEANAGECH_N1,,,
IT1:22_293_DF_DCIS_INDDEMOG1_1(1.0),A,ITF22,MEANAGECH,2015,32.4,,,,TIPO_DATO15__MEANAGECH_N1,,,
IT1:22_293_DF_DCIS_INDDEMOG1_1(1.0),A,ITF22,MEANAGECH,2016,32.3,,,,TIPO_DATO15__MEANAGECH_N1,,,
IT1:22_293_DF_DCIS_INDDEMOG1_1(1.0),A,ITF22,MEANAGECH,2017,32.5,,,,TIPO_DATO15__MEANAGECH_N1,,,
IT1:22_293_DF_DCIS_INDDEMOG1_1(1.0),A,ITF22,MEANAGECH,2018,32.3,,,,TIPO_DATO15__MEANAGECH_N1,,,
IT1:22_293_DF_DCIS_INDDEMOG1_1(1.0),A,ITF22,MEANAGECH,2019,32.6,,,,TIPO_DATO15__MEANAGECH_N1,,,
IT1:22_293_DF_DCIS_INDDEMOG1_1(1.0),A,ITF22,MEANAGECH,2020,32.8,,,,TIPO_DATO15__MEANAGECH_N1,,,
IT1:22_293_DF_DCIS_INDDEMOG1_1(1.0),A,ITF22,MEANAGECH,2021,32.7,,,,TIPO_DATO15__MEANAGECH_N1,,,
IT1:22_293_DF_DCIS_INDDEMOG1_1(1.0),A,ITF22,MEANAGECH,2022,32.8,,,,TIPO_DATO15__MEANAGECH_N1,,,
IT1:22_293_DF_DCIS_INDDEMOG1_1(1.0),A,ITF22,MEANAGECH,2023,32.8,,,,TIPO_DATO15__MEANAGECH_N1,,,
IT1:22_293_DF_DCIS_INDDEMOG1_1(1.0),A,ITF22,MEANAGECH,2024,33.2,,,,TIPO_DATO15__MEANAGECH_N1,,,
IT1:22_293_DF_DCIS_INDDEMOG1_1(1.0),A,ITF22,MEANAGECH,2025,33.1,e,,,TIPO_DATO15__MEANAGECH_N1,,,
IT1:22_293_DF_DCIS_INDDEMOG1_1(1.0),A,ITF3,MEANAGECH,2015,31.2,,,,TIPO_DATO15__MEANAGECH_N1,,,
IT1:22_293_DF_DCIS_INDDEMOG1_1(1.0),A,ITF3,MEANAGECH,2016,31.3,,,,TIPO_DATO15__MEANAGECH_N1,,,
IT1:22_293_DF_DCIS_INDDEMOG1_1(1.0),A,ITF3,MEANAGECH,2017,31.5,,,,TIPO_DATO15__MEANAGECH_N1,,,
IT1:22_293_DF_DCIS_INDDEMOG1_1(1.0),A,ITF3,MEANAGECH,2018,31.6,,,,TIPO_DATO15__MEANAGECH_N1,,,
IT1:22_293_DF_DCIS_INDDEMOG1_1(1.0),A,ITF3,MEANAGECH,2019,31.7,,,,TIPO_DATO15__MEANAGECH_N1,,,
IT1:22_293_DF_DCIS_INDDEMOG1_1(1.0),A,ITF3,MEANAGECH,2020,31.7,,,,TIPO_DATO15__MEANAGECH_N1,,,
IT1:22_293_DF_DCIS_INDDEMOG1_1(1.0),A,ITF3,MEANAGECH,2021,32,,,,TIPO_DATO15__MEANAGECH_N1,,,
IT1:22_293_DF_DCIS_INDDEMOG1_1(1.0),A,ITF3,MEANAGECH,2022,32,,,,TIPO_DATO15__MEANAGECH_N1,,,
IT1:22_293_DF_DCIS_INDDEMOG1_1(1.0),A,ITF3,MEANAGECH,2023,32.1,,,,TIPO_DATO15__MEANAGECH_N1,,,
IT1:22_293_DF_DCIS_INDDEMOG1_1(1.0),A,ITF3,MEANAGECH,2024,32.3,,,,TIPO_DATO15__MEANAGECH_N1,,,
IT1:22_293_DF_DCIS_INDDEMOG1_1(1.0),A,ITF3,MEANAGECH,2025,32.4,e,,,TIPO_DATO15__MEANAGECH_N1,,,
IT1:22_293_DF_DCIS_INDDEMOG1_1(1.0),A,ITF31,MEANAGECH,2015,31.2,,,,TIPO_DATO15__MEANAGECH_N1,,,
IT1:22_293_DF_DCIS_INDDEMOG1_1(1.0),A,ITF31,MEANAGECH,2016,31.4,,,,TIPO_DATO15__MEANAGECH_N1,,,
IT1:22_293_DF_DCIS_INDDEMOG1_1(1.0),A,ITF31,MEANAGECH,2017,31.5,,,,TIPO_DATO15__MEANAGECH_N1,,,
IT1:22_293_DF_DCIS_INDDEMOG1_1(1.0),A,ITF31,MEANAGECH,2018,31.7,,,,TIPO_DATO15__MEANAGECH_N1,,,
IT1:22_293_DF_DCIS_INDDEMOG1_1(1.0),A,ITF31,MEANAGECH,2019,31.9,,,,TIPO_DATO15__MEANAGECH_N1,,,
IT1:22_293_DF_DCIS_INDDEMOG1_1(1.0),A,ITF31,MEANAGECH,2020,31.8,,,,TIPO_DATO15__MEANAGECH_N1,,,
IT1:22_293_DF_DCIS_INDDEMOG1_1(1.0),A,ITF31,MEANAGECH,2021,32.1,,,,TIPO_DATO15__MEANAGECH_N1,,,
IT1:22_293_DF_DCIS_INDDEMOG1_1(1.0),A,ITF31,MEANAGECH,2022,32.1,,,,TIPO_DATO15__MEANAGECH_N1,,,
IT1:22_293_DF_DCIS_INDDEMOG1_1(1.0),A,ITF31,MEANAGECH,2023,32.2,,,,TIPO_DATO15__MEANAGECH_N1,,,
IT1:22_293_DF_DCIS_INDDEMOG1_1(1.0),A,ITF31,MEANAGECH,2024,32.3,,,,TIPO_DATO15__MEANAGECH_N1,,,
IT1:22_293_DF_DCIS_INDDEMOG1_1(1.0),A,ITF31,MEANAGECH,2025,32.4,e,,,TIPO_DATO15__MEANAGECH_N1,,,
IT1:22_293_DF_DCIS_INDDEMOG1_1(1.0),A,ITF32,MEANAGECH,2015,32.1,,,,TIPO_DATO15__MEANAGECH_N1,,,
IT1:22_293_DF_DCIS_INDDEMOG1_1(1.0),A,ITF32,MEANAGECH,2016,32.2,,,,TIPO_DATO15__MEANAGECH_N1,,,
IT1:22_293_DF_DCIS_INDDEMOG1_1(1.0),A,ITF32,MEANAGECH,2017,32.2,,,,TIPO_DATO15__MEANAGECH_N1,,,
IT1:22_293_DF_DCIS_INDDEMOG1_1(1.0),A,ITF32,MEANAGECH,2018,32.5,,,,TIPO_DATO15__MEANAGECH_N1,,,
IT1:22_293_DF_DCIS_INDDEMOG1_1(1.0),A,ITF32,MEANAGECH,2019,32.8,,,,TIPO_DATO15__MEANAGECH_N1,,,
IT1:22_293_DF_DCIS_INDDEMOG1_1(1.0),A,ITF32,MEANAGECH,2020,32.8,,,,TIPO_DATO15__MEANAGECH_N1,,,
IT1:22_293_DF_DCIS_INDDEMOG1_1(1.0),A,ITF32,MEANAGECH,2021,32.9,,,,TIPO_DATO15__MEANAGECH_N1,,,
IT1:22_293_DF_DCIS_INDDEMOG1_1(1.0),A,ITF32,MEANAGECH,2022,32.9,,,,TIPO_DATO15__MEANAGECH_N1,,,
IT1:22_293_DF_DCIS_INDDEMOG1_1(1.0),A,ITF32,MEANAGECH,2023,33.1,,,,TIPO_DATO15__MEANAGECH_N1,,,
IT1:22_293_DF_DCIS_INDDEMOG1_1(1.0),A,ITF32,MEANAGECH,2024,33,,,,TIPO_DATO15__MEANAGECH_N1,,,
IT1:22_293_DF_DCIS_INDDEMOG1_1(1.0),A,ITF32,MEANAGECH,2025,33.1,e,,,TIPO_DATO15__MEANAGECH_N1,,,
IT1:22_293_DF_DCIS_INDDEMOG1_1(1.0),A,ITF33,MEANAGECH,2015,30.9,,,,TIPO_DATO15__MEANAGECH_N1,,,
IT1:22_293_DF_DCIS_INDDEMOG1_1(1.0),A,ITF33,MEANAGECH,2016,31,,,,TIPO_DATO15__MEANAGECH_N1,,,
IT1:22_293_DF_DCIS_INDDEMOG1_1(1.0),A,ITF33,MEANAGECH,2017,31.2,,,,TIPO_DATO15__MEANAGECH_N1,,,
IT1:22_293_DF_DCIS_INDDEMOG1_1(1.0),A,ITF33,MEANAGECH,2018,31.3,,,,TIPO_DATO15__MEANAGECH_N1,,,
IT1:22_293_DF_DCIS_INDDEMOG1_1(1.0),A,ITF33,MEANAGECH,2019,31.4,,,,TIPO_DATO15__MEANAGECH_N1,,,
IT1:22_293_DF_DCIS_INDDEMOG1_1(1.0),A,ITF33,MEANAGECH,2020,31.4,,,,TIPO_DATO15__MEANAGECH_N1,,,
IT1:22_293_DF_DCIS_INDDEMOG1_1(1.0),A,ITF33,MEANAGECH,2021,31.7,,,,TIPO_DATO15__MEANAGECH_N1,,,
IT1:22_293_DF_DCIS_INDDEMOG1_1(1.0),A,ITF33,MEANAGECH,2022,31.7,,,,TIPO_DATO15__MEANAGECH_N1,,,
IT1:22_293_DF_DCIS_INDDEMOG1_1(1.0),A,ITF33,MEANAGECH,2023,31.8,,,,TIPO_DATO15__MEANAGECH_N1,,,
IT1:22_293_DF_DCIS_INDDEMOG1_1(1.0),A,ITF33,MEANAGECH,2024,32,,,,TIPO_DATO15__MEANAGECH_N1,,,
IT1:22_293_DF_DCIS_INDDEMOG1_1(1.0),A,ITF33,MEANAGECH,2025,32.2,e,,,TIPO_DATO15__MEANAGECH_N1,,,
IT1:22_293_DF_DCIS_INDDEMOG1_1(1.0),A,ITF34,MEANAGECH,2015,32.1,,,,TIPO_DATO15__MEANAGECH_N1,,,
IT1:22_293_DF_DCIS_INDDEMOG1_1(1.0),A,ITF34,MEANAGECH,2016,32,,,,TIPO_DATO15__MEANAGECH_N1,,,
IT1:22_293_DF_DCIS_INDDEMOG1_1(1.0),A,ITF34,MEANAGECH,2017,32.4,,,,TIPO_DATO15__MEANAGECH_N1,,,
IT1:22_293_DF_DCIS_INDDEMOG1_1(1.0),A,ITF34,MEANAGECH,2018,32.4,,,,TIPO_DATO15__MEANAGECH_N1,,,
IT1:22_293_DF_DCIS_INDDEMOG1_1(1.0),A,ITF34,MEANAGECH,2019,32.6,,,,TIPO_DATO15__MEANAGECH_N1,,,
IT1:22_293_DF_DCIS_INDDEMOG1_1(1.0),A,ITF34,MEANAGECH,2020,32.6,,,,TIPO_DATO15__MEANAGECH_N1,,,
IT1:22_293_DF_DCIS_INDDEMOG1_1(1.0),A,ITF34,MEANAGECH,2021,33.1,,,,TIPO_DATO15__MEANAGECH_N1,,,
IT1:22_293_DF_DCIS_INDDEMOG1_1(1.0),A,ITF34,MEANAGECH,2022,33,,,,TIPO_DATO15__MEANAGECH_N1,,,
IT1:22_293_DF_DCIS_INDDEMOG1_1(1.0),A,ITF34,MEANAGECH,2023,33.1,,,,TIPO_DATO15__MEANAGECH_N1,,,
IT1:22_293_DF_DCIS_INDDEMOG1_1(1.0),A,ITF34,MEANAGECH,2024,33.1,,,,TIPO_DATO15__MEANAGECH_N1,,,
IT1:22_293_DF_DCIS_INDDEMOG1_1(1.0),A,ITF34,MEANAGECH,2025,33.4,e,,,TIPO_DATO15__MEANAGECH_N1,,,
IT1:22_293_DF_DCIS_INDDEMOG1_1(1.0),A,ITF35,MEANAGECH,2015,31.6,,,,TIPO_DATO15__MEANAGECH_N1,,,
IT1:22_293_DF_DCIS_INDDEMOG1_1(1.0),A,ITF35,MEANAGECH,2016,31.8,,,,TIPO_DATO15__MEANAGECH_N1,,,
IT1:22_293_DF_DCIS_INDDEMOG1_1(1.0),A,ITF35,MEANAGECH,2017,32,,,,TIPO_DATO15__MEANAGECH_N1,,,
IT1:22_293_DF_DCIS_INDDEMOG1_1(1.0),A,ITF35,MEANAGECH,2018,32.3,,,,TIPO_DATO15__MEANAGECH_N1,,,
IT1:22_293_DF_DCIS_INDDEMOG1_1(1.0),A,ITF35,MEANAGECH,2019,32.1,,,,TIPO_DATO15__MEANAGECH_N1,,,
IT1:22_293_DF_DCIS_INDDEMOG1_1(1.0),A,ITF35,MEANAGECH,2020,32.3,,,,TIPO_DATO15__MEANAGECH_N1,,,
IT1:22_293_DF_DCIS_INDDEMOG1_1(1.0),A,ITF35,MEANAGECH,2021,32.4,,,,TIPO_DATO15__MEANAGECH_N1,,,
IT1:22_293_DF_DCIS_INDDEMOG1_1(1.0),A,ITF35,MEANAGECH,2022,32.4,,,,TIPO_DATO15__MEANAGECH_N1,,,
IT1:22_293_DF_DCIS_INDDEMOG1_1(1.0),A,ITF35,MEANAGECH,2023,32.7,,,,TIPO_DATO15__MEANAGECH_N1,,,
IT1:22_293_DF_DCIS_INDDEMOG1_1(1.0),A,ITF35,MEANAGECH,2024,32.8,,,,TIPO_DATO15__MEANAGECH_N1,,,
IT1:22_293_DF_DCIS_INDDEMOG1_1(1.0),A,ITF35,MEANAGECH,2025,32.9,e,,,TIPO_DATO15__MEANAGECH_N1,,,
IT1:22_293_DF_DCIS_INDDEMOG1_1(1.0),A,ITF4,MEANAGECH,2015,31.6,,,,TIPO_DATO15__MEANAGECH_N1,,,
IT1:22_293_DF_DCIS_INDDEMOG1_1(1.0),A,ITF4,MEANAGECH,2016,31.7,,,,TIPO_DATO15__MEANAGECH_N1,,,
IT1:22_293_DF_DCIS_INDDEMOG1_1(1.0),A,ITF4,MEANAGECH,2017,31.8,,,,TIPO_DATO15__MEANAGECH_N1,,,
IT1:22_293_DF_DCIS_INDDEMOG1_1(1.0),A,ITF4,MEANAGECH,2018,31.9,,,,TIPO_DATO15__MEANAGECH_N1,,,
IT1:22_293_DF_DCIS_INDDEMOG1_1(1.0),A,ITF4,MEANAGECH,2019,32,,,,TIPO_DATO15__MEANAGECH_N1,,,
IT1:22_293_DF_DCIS_INDDEMOG1_1(1.0),A,ITF4,MEANAGECH,2020,32.1,,,,TIPO_DATO15__MEANAGECH_N1,,,
IT1:22_293_DF_DCIS_INDDEMOG1_1(1.0),A,ITF4,MEANAGECH,2021,32.2,,,,TIPO_DATO15__MEANAGECH_N1,,,
IT1:22_293_DF_DCIS_INDDEMOG1_1(1.0),A,ITF4,MEANAGECH,2022,32.3,,,,TIPO_DATO15__MEANAGECH_N1,,,
IT1:22_293_DF_DCIS_INDDEMOG1_1(1.0),A,ITF4,MEANAGECH,2023,32.5,,,,TIPO_DATO15__MEANAGECH_N1,,,
IT1:22_293_DF_DCIS_INDDEMOG1_1(1.0),A,ITF4,MEANAGECH,2024,32.5,,,,TIPO_DATO15__MEANAGECH_N1,,,
IT1:22_293_DF_DCIS_INDDEMOG1_1(1.0),A,ITF4,MEANAGECH,2025,32.6,e,,,TIPO_DATO15__MEANAGECH_N1,,,
IT1:22_293_DF_DCIS_INDDEMOG1_1(1.0),A,ITF41,MEANAGECH,2015,30.8,,,,TIPO_DATO15__MEANAGECH_N1,,,
IT1:22_293_DF_DCIS_INDDEMOG1_1(1.0),A,ITF41,MEANAGECH,2016,30.8,,,,TIPO_DATO15__MEANAGECH_N1,,,
IT1:22_293_DF_DCIS_INDDEMOG1_1(1.0),A,ITF41,MEANAGECH,2017,31.1,,,,TIPO_DATO15__MEANAGECH_N1,,,
IT1:22_293_DF_DCIS_INDDEMOG1_1(1.0),A,ITF41,MEANAGECH,2018,31,,,,TIPO_DATO15__MEANAGECH_N1,,,
IT1:22_293_DF_DCIS_INDDEMOG1_1(1.0),A,ITF41,MEANAGECH,2019,31.2,,,,TIPO_DATO15__MEANAGECH_N1,,,
IT1:22_293_DF_DCIS_INDDEMOG1_1(1.0),A,ITF41,MEANAGECH,2020,31.3,,,,TIPO_DATO15__MEANAGECH_N1,,,
IT1:22_293_DF_DCIS_INDDEMOG1_1(1.0),A,ITF41,MEANAGECH,2021,31.2,,,,TIPO_DATO15__MEANAGECH_N1,,,
IT1:22_293_DF_DCIS_INDDEMOG1_1(1.0),A,ITF41,MEANAGECH,2022,31.4,,,,TIPO_DATO15__MEANAGECH_N1,,,
IT1:22_293_DF_DCIS_INDDEMOG1_1(1.0),A,ITF41,MEANAGECH,2023,31.6,,,,TIPO_DATO15__MEANAGECH_N1,,,
IT1:22_293_DF_DCIS_INDDEMOG1_1(1.0),A,ITF41,MEANAGECH,2024,31.6,,,,TIPO_DATO15__MEANAGECH_N1,,,
IT1:22_293_DF_DCIS_INDDEMOG1_1(1.0),A,ITF41,MEANAGECH,2025,31.8,e,,,TIPO_DATO15__MEANAGECH_N1,,,
IT1:22_293_DF_DCIS_INDDEMOG1_1(1.0),A,ITF42,MEANAGECH,2015,31.9,,,,TIPO_DATO15__MEANAGECH_N1,,,
IT1:22_293_DF_DCIS_INDDEMOG1_1(1.0),A,ITF42,MEANAGECH,2016,32.1,,,,TIPO_DATO15__MEANAGECH_N1,,,
IT1:22_293_DF_DCIS_INDDEMOG1_1(1.0),A,ITF42,MEANAGECH,2017,32.2,,,,TIPO_DATO15__MEANAGECH_N1,,,
IT1:22_293_DF_DCIS_INDDEMOG1_1(1.0),A,ITF42,MEANAGECH,2018,32.3,,,,TIPO_DATO15__MEANAGECH_N1,,,
IT1:22_293_DF_DCIS_INDDEMOG1_1(1.0),A,ITF42,MEANAGECH,2019,32.3,,,,TIPO_DATO15__MEANAGECH_N1,,,
IT1:22_293_DF_DCIS_INDDEMOG1_1(1.0),A,ITF42,MEANAGECH,2020,32.5,,,,TIPO_DATO15__MEANAGECH_N1,,,
IT1:22_293_DF_DCIS_INDDEMOG1_1(1.0),A,ITF42,MEANAGECH,2021,32.6,,,,TIPO_DATO15__MEANAGECH_N1,,,
IT1:22_293_DF_DCIS_INDDEMOG1_1(1.0),A,ITF42,MEANAGECH,2022,32.7,,,,TIPO_DATO15__MEANAGECH_N1,,,
IT1:22_293_DF_DCIS_INDDEMOG1_1(1.0),A,ITF42,MEANAGECH,2023,32.9,,,,TIPO_DATO15__MEANAGECH_N1,,,
IT1:22_293_DF_DCIS_INDDEMOG1_1(1.0),A,ITF42,MEANAGECH,2024,32.9,,,,TIPO_DATO15__MEANAGECH_N1,,,
IT1:22_293_DF_DCIS_INDDEMOG1_1(1.0),A,ITF42,MEANAGECH,2025,33.1,e,,,TIPO_DATO15__MEANAGECH_N1,,,
IT1:22_293_DF_DCIS_INDDEMOG1_1(1.0),A,ITF43,MEANAGECH,2015,31.2,,,,TIPO_DATO15__MEANAGECH_N1,,,
IT1:22_293_DF_DCIS_INDDEMOG1_1(1.0),A,ITF43,MEANAGECH,2016,31.8,,,,TIPO_DATO15__MEANAGECH_N1,,,
IT1:22_293_DF_DCIS_INDDEMOG1_1(1.0),A,ITF43,MEANAGECH,2017,31.4,,,,TIPO_DATO15__MEANAGECH_N1,,,
IT1:22_293_DF_DCIS_INDDEMOG1_1(1.0),A,ITF43,MEANAGECH,2018,31.8,,,,TIPO_DATO15__MEANAGECH_N1,,,
IT1:22_293_DF_DCIS_INDDEMOG1_1(1.0),A,ITF43,MEANAGECH,2019,31.7,,,,TIPO_DATO15__MEANAGECH_N1,,,
IT1:22_293_DF_DCIS_INDDEMOG1_1(1.0),A,ITF43,MEANAGECH,2020,31.7,,,,TIPO_DATO15__MEANAGECH_N1,,,
IT1:22_293_DF_DCIS_INDDEMOG1_1(1.0),A,ITF43,MEANAGECH,2021,32,,,,TIPO_DATO15__MEANAGECH_N1,,,
IT1:22_293_DF_DCIS_INDDEMOG1_1(1.0),A,ITF43,MEANAGECH,2022,31.9,,,,TIPO_DATO15__MEANAGECH_N1,,,
IT1:22_293_DF_DCIS_INDDEMOG1_1(1.0),A,ITF43,MEANAGECH,2023,32,,,,TIPO_DATO15__MEANAGECH_N1,,,
IT1:22_293_DF_DCIS_INDDEMOG1_1(1.0),A,ITF43,MEANAGECH,2024,32.1,,,,TIPO_DATO15__MEANAGECH_N1,,,
IT1:22_293_DF_DCIS_INDDEMOG1_1(1.0),A,ITF43,MEANAGECH,2025,32,e,,,TIPO_DATO15__MEANAGECH_N1,,,
IT1:22_293_DF_DCIS_INDDEMOG1_1(1.0),A,ITF44,MEANAGECH,2015,31.4,,,,TIPO_DATO15__MEANAGECH_N1,,,
IT1:22_293_DF_DCIS_INDDEMOG1_1(1.0),A,ITF44,MEANAGECH,2016,31.4,,,,TIPO_DATO15__MEANAGECH_N1,,,
IT1:22_293_DF_DCIS_INDDEMOG1_1(1.0),A,ITF44,MEANAGECH,2017,31.6,,,,TIPO_DATO15__MEANAGECH_N1,,,
IT1:22_293_DF_DCIS_INDDEMOG1_1(1.0),A,ITF44,MEANAGECH,2018,31.7,,,,TIPO_DATO15__MEANAGECH_N1,,,
IT1:22_293_DF_DCIS_INDDEMOG1_1(1.0),A,ITF44,MEANAGECH,2019,31.8,,,,TIPO_DATO15__MEANAGECH_N1,,,
IT1:22_293_DF_DCIS_INDDEMOG1_1(1.0),A,ITF44,MEANAGECH,2020,31.8,,,,TIPO_DATO15__MEANAGECH_N1,,,
IT1:22_293_DF_DCIS_INDDEMOG1_1(1.0),A,ITF44,MEANAGECH,2021,31.9,,,,TIPO_DATO15__MEANAGECH_N1,,,
IT1:22_293_DF_DCIS_INDDEMOG1_1(1.0),A,ITF44,MEANAGECH,2022,31.9,,,,TIPO_DATO15__MEANAGECH_N1,,,
IT1:22_293_DF_DCIS_INDDEMOG1_1(1.0),A,ITF44,MEANAGECH,2023,32.1,,,,TIPO_DATO15__MEANAGECH_N1,,,
IT1:22_293_DF_DCIS_INDDEMOG1_1(1.0),A,ITF44,MEANAGECH,2024,32.3,,,,TIPO_DATO15__MEANAGECH_N1,,,
IT1:22_293_DF_DCIS_INDDEMOG1_1(1.0),A,ITF44,MEANAGECH,2025,32.2,e,,,TIPO_DATO15__MEANAGECH_N1,,,
IT1:22_293_DF_DCIS_INDDEMOG1_1(1.0),A,ITF45,MEANAGECH,2015,32.1,,,,TIPO_DATO15__MEANAGECH_N1,,,
IT1:22_293_DF_DCIS_INDDEMOG1_1(1.0),A,ITF45,MEANAGECH,2016,32.1,,,,TIPO_DATO15__MEANAGECH_N1,,,
IT1:22_293_DF_DCIS_INDDEMOG1_1(1.0),A,ITF45,MEANAGECH,2017,32.3,,,,TIPO_DATO15__MEANAGECH_N1,,,
IT1:22_293_DF_DCIS_INDDEMOG1_1(1.0),A,ITF45,MEANAGECH,2018,32.3,,,,TIPO_DATO15__MEANAGECH_N1,,,
IT1:22_293_DF_DCIS_INDDEMOG1_1(1.0),A,ITF45,MEANAGECH,2019,32.4,,,,TIPO_DATO15__MEANAGECH_N1,,,
IT1:22_293_DF_DCIS_INDDEMOG1_1(1.0),A,ITF45,MEANAGECH,2020,32.5,,,,TIPO_DATO15__MEANAGECH_N1,,,
IT1:22_293_DF_DCIS_INDDEMOG1_1(1.0),A,ITF45,MEANAGECH,2021,32.7,,,,TIPO_DATO15__MEANAGECH_N1,,,
IT1:22_293_DF_DCIS_INDDEMOG1_1(1.0),A,ITF45,MEANAGECH,2022,32.6,,,,TIPO_DATO15__MEANAGECH_N1,,,
IT1:22_293_DF_DCIS_INDDEMOG1_1(1.0),A,ITF45,MEANAGECH,2023,32.9,,,,TIPO_DATO15__MEANAGECH_N1,,,
IT1:22_293_DF_DCIS_INDDEMOG1_1(1.0),A,ITF45,MEANAGECH,2024,33,,,,TIPO_DATO15__MEANAGECH_N1,,,
IT1:22_293_DF_DCIS_INDDEMOG1_1(1.0),A,ITF45,MEANAGECH,2025,32.9,e,,,TIPO_DATO15__MEANAGECH_N1,,,
IT1:22_293_DF_DCIS_INDDEMOG1_1(1.0),A,ITF5,MEANAGECH,2015,32.2,,,,TIPO_DATO15__MEANAGECH_N1,,,
IT1:22_293_DF_DCIS_INDDEMOG1_1(1.0),A,ITF5,MEANAGECH,2016,32.5,,,,TIPO_DATO15__MEANAGECH_N1,,,
IT1:22_293_DF_DCIS_INDDEMOG1_1(1.0),A,ITF5,MEANAGECH,2017,32.7,,,,TIPO_DATO15__MEANAGECH_N1,,,
IT1:22_293_DF_DCIS_INDDEMOG1_1(1.0),A,ITF5,MEANAGECH,2018,32.5,,,,TIPO_DATO15__MEANAGECH_N1,,,
IT1:22_293_DF_DCIS_INDDEMOG1_1(1.0),A,ITF5,MEANAGECH,2019,32.8,,,,TIPO_DATO15__MEANAGECH_N1,,,
IT1:22_293_DF_DCIS_INDDEMOG1_1(1.0),A,ITF5,MEANAGECH,2020,33,,,,TIPO_DATO15__MEANAGECH_N1,,,
IT1:22_293_DF_DCIS_INDDEMOG1_1(1.0),A,ITF5,MEANAGECH,2021,33,,,,TIPO_DATO15__MEANAGECH_N1,,,
IT1:22_293_DF_DCIS_INDDEMOG1_1(1.0),A,ITF5,MEANAGECH,2022,33.1,,,,TIPO_DATO15__MEANAGECH_N1,,,
IT1:22_293_DF_DCIS_INDDEMOG1_1(1.0),A,ITF5,MEANAGECH,2023,33.1,,,,TIPO_DATO15__MEANAGECH_N1,,,
IT1:22_293_DF_DCIS_INDDEMOG1_1(1.0),A,ITF5,MEANAGECH,2024,33.2,,,,TIPO_DATO15__MEANAGECH_N1,,,
IT1:22_293_DF_DCIS_INDDEMOG1_1(1.0),A,ITF5,MEANAGECH,2025,33.6,e,,,TIPO_DATO15__MEANAGECH_N1,,,
IT1:22_293_DF_DCIS_INDDEMOG1_1(1.0),A,ITF51,MEANAGECH,2015,32.3,,,,TIPO_DATO15__MEANAGECH_N1,,,
IT1:22_293_DF_DCIS_INDDEMOG1_1(1.0),A,ITF51,MEANAGECH,2016,32.6,,,,TIPO_DATO15__MEANAGECH_N1,,,
IT1:22_293_DF_DCIS_INDDEMOG1_1(1.0),A,ITF51,MEANAGECH,2017,32.8,,,,TIPO_DATO15__MEANAGECH_N1,,,
IT1:22_293_DF_DCIS_INDDEMOG1_1(1.0),A,ITF51,MEANAGECH,2018,32.7,,,,TIPO_DATO15__MEANAGECH_N1,,,
IT1:22_293_DF_DCIS_INDDEMOG1_1(1.0),A,ITF51,MEANAGECH,2019,32.9,,,,TIPO_DATO15__MEANAGECH_N1,,,
IT1:22_293_DF_DCIS_INDDEMOG1_1(1.0),A,ITF51,MEANAGECH,2020,33.1,,,,TIPO_DATO15__MEANAGECH_N1,,,
IT1:22_293_DF_DCIS_INDDEMOG1_1(1.0),A,ITF51,MEANAGECH,2021,33.1,,,,TIPO_DATO15__MEANAGECH_N1,,,
IT1:22_293_DF_DCIS_INDDEMOG1_1(1.0),A,ITF51,MEANAGECH,2022,33.3,,,,TIPO_DATO15__MEANAGECH_N1,,,
IT1:22_293_DF_DCIS_INDDEMOG1_1(1.0),A,ITF51,MEANAGECH,2023,33.2,,,,TIPO_DATO15__MEANAGECH_N1,,,
IT1:22_293_DF_DCIS_INDDEMOG1_1(1.0),A,ITF51,MEANAGECH,2024,33.4,,,,TIPO_DATO15__MEANAGECH_N1,,,
IT1:22_293_DF_DCIS_INDDEMOG1_1(1.0),A,ITF51,MEANAGECH,2025,33.8,e,,,TIPO_DATO15__MEANAGECH_N1,,,
IT1:22_293_DF_DCIS_INDDEMOG1_1(1.0),A,ITF52,MEANAGECH,2015,32.2,,,,TIPO_DATO15__MEANAGECH_N1,,,
IT1:22_293_DF_DCIS_INDDEMOG1_1(1.0),A,ITF52,MEANAGECH,2016,32.2,,,,TIPO_DATO15__MEANAGECH_N1,,,
IT1:22_293_DF_DCIS_INDDEMOG1_1(1.0),A,ITF52,MEANAGECH,2017,32.6,,,,TIPO_DATO15__MEANAGECH_N1,,,
IT1:22_293_DF_DCIS_INDDEMOG1_1(1.0),A,ITF52,MEANAGECH,2018,32.3,,,,TIPO_DATO15__MEANAGECH_N1,,,
IT1:22_293_DF_DCIS_INDDEMOG1_1(1.0),A,ITF52,MEANAGECH,2019,32.6,,,,TIPO_DATO15__MEANAGECH_N1,,,
IT1:22_293_DF_DCIS_INDDEMOG1_1(1.0),A,ITF52,MEANAGECH,2020,33,,,,TIPO_DATO15__MEANAGECH_N1,,,
IT1:22_293_DF_DCIS_INDDEMOG1_1(1.0),A,ITF52,MEANAGECH,2021,32.9,,,,TIPO_DATO15__MEANAGECH_N1,,,
IT1:22_293_DF_DCIS_INDDEMOG1_1(1.0),A,ITF52,MEANAGECH,2022,32.8,,,,TIPO_DATO15__MEANAGECH_N1,,,
IT1:22_293_DF_DCIS_INDDEMOG1_1(1.0),A,ITF52,MEANAGECH,2023,32.9,,,,TIPO_DATO15__MEANAGECH_N1,,,
IT1:22_293_DF_DCIS_INDDEMOG1_1(1.0),A,ITF52,MEANAGECH,2024,32.9,,,,TIPO_DATO15__MEANAGECH_N1,,,
IT1:22_293_DF_DCIS_INDDEMOG1_1(1.0),A,ITF52,MEANAGECH,2025,33.2,e,,,TIPO_DATO15__MEANAGECH_N1,,,
IT1:22_293_DF_DCIS_INDDEMOG1_1(1.0),A,ITF6,MEANAGECH,2015,31.5,,,,TIPO_DATO15__MEANAGECH_N1,,,
IT1:22_293_DF_DCIS_INDDEMOG1_1(1.0),A,ITF6,MEANAGECH,2016,31.6,,,,TIPO_DATO15__MEANAGECH_N1,,,
IT1:22_293_DF_DCIS_INDDEMOG1_1(1.0),A,ITF6,MEANAGECH,2017,31.6,,,,TIPO_DATO15__MEANAGECH_N1,,,
IT1:22_293_DF_DCIS_INDDEMOG1_1(1.0),A,ITF6,MEANAGECH,2018,31.8,,,,TIPO_DATO15__MEANAGECH_N1,,,
IT1:22_293_DF_DCIS_INDDEMOG1_1(1.0),A,ITF6,MEANAGECH,2019,31.9,,,,TIPO_DATO15__MEANAGECH_N1,,,
IT1:22_293_DF_DCIS_INDDEMOG1_1(1.0),A,ITF6,MEANAGECH,2020,32,,,,TIPO_DATO15__MEANAGECH_N1,,,
IT1:22_293_DF_DCIS_INDDEMOG1_1(1.0),A,ITF6,MEANAGECH,2021,32.2,,,,TIPO_DATO15__MEANAGECH_N1,,,
IT1:22_293_DF_DCIS_INDDEMOG1_1(1.0),A,ITF6,MEANAGECH,2022,32.1,,,,TIPO_DATO15__MEANAGECH_N1,,,
IT1:22_293_DF_DCIS_INDDEMOG1_1(1.0),A,ITF6,MEANAGECH,2023,32.3,,,,TIPO_DATO15__MEANAGECH_N1,,,
IT1:22_293_DF_DCIS_INDDEMOG1_1(1.0),A,ITF6,MEANAGECH,2024,32.5,,,,TIPO_DATO15__MEANAGECH_N1,,,
IT1:22_293_DF_DCIS_INDDEMOG1_1(1.0),A,ITF6,MEANAGECH,2025,32.4,e,,,TIPO_DATO15__MEANAGECH_N1,,,
IT1:22_293_DF_DCIS_INDDEMOG1_1(1.0),A,ITF61,MEANAGECH,2015,31.7,,,,TIPO_DATO15__MEANAGECH_N1,,,
IT1:22_293_DF_DCIS_INDDEMOG1_1(1.0),A,ITF61,MEANAGECH,2016,31.9,,,,TIPO_DATO15__MEANAGECH_N1,,,
IT1:22_293_DF_DCIS_INDDEMOG1_1(1.0),A,ITF61,MEANAGECH,2017,32,,,,TIPO_DATO15__MEANAGECH_N1,,,
IT1:22_293_DF_DCIS_INDDEMOG1_1(1.0),A,ITF61,MEANAGECH,2018,32.1,,,,TIPO_DATO15__MEANAGECH_N1,,,
IT1:22_293_DF_DCIS_INDDEMOG1_1(1.0),A,ITF61,MEANAGECH,2019,32.1,,,,TIPO_DATO15__MEANAGECH_N1,,,
IT1:22_293_DF_DCIS_INDDEMOG1_1(1.0),A,ITF61,MEANAGECH,2020,32.2,,,,TIPO_DATO15__MEANAGECH_N1,,,
IT1:22_293_DF_DCIS_INDDEMOG1_1(1.0),A,ITF61,MEANAGECH,2021,32.4,,,,TIPO_DATO15__MEANAGECH_N1,,,
IT1:22_293_DF_DCIS_INDDEMOG1_1(1.0),A,ITF61,MEANAGECH,2022,32.2,,,,TIPO_DATO15__MEANAGECH_N1,,,
IT1:22_293_DF_DCIS_INDDEMOG1_1(1.0),A,ITF61,MEANAGECH,2023,32.5,,,,TIPO_DATO15__MEANAGECH_N1,,,
IT1:22_293_DF_DCIS_INDDEMOG1_1(1.0),A,ITF61,MEANAGECH,2024,32.7,,,,TIPO_DATO15__MEANAGECH_N1,,,
IT1:22_293_DF_DCIS_INDDEMOG1_1(1.0),A,ITF61,MEANAGECH,2025,32.6,e,,,TIPO_DATO15__MEANAGECH_N1,,,
IT1:22_293_DF_DCIS_INDDEMOG1_1(1.0),A,ITF62,MEANAGECH,2015,30.5,,,,TIPO_DATO15__MEANAGECH_N1,,,
IT1:22_293_DF_DCIS_INDDEMOG1_1(1.0),A,ITF62,MEANAGECH,2016,30.4,,,,TIPO_DATO15__MEANAGECH_N1,,,
IT1:22_293_DF_DCIS_INDDEMOG1_1(1.0),A,ITF62,MEANAGECH,2017,30.5,,,,TIPO_DATO15__MEANAGECH_N1,,,
IT1:22_293_DF_DCIS_INDDEMOG1_1(1.0),A,ITF62,MEANAGECH,2018,30.9,,,,TIPO_DATO15__MEANAGECH_N1,,,
IT1:22_293_DF_DCIS_INDDEMOG1_1(1.0),A,ITF62,MEANAGECH,2019,30.8,,,,TIPO_DATO15__MEANAGECH_N1,,,
IT1:22_293_DF_DCIS_INDDEMOG1_1(1.0),A,ITF62,MEANAGECH,2020,31,,,,TIPO_DATO15__MEANAGECH_N1,,,
IT1:22_293_DF_DCIS_INDDEMOG1_1(1.0),A,ITF62,MEANAGECH,2021,31.3,,,,TIPO_DATO15__MEANAGECH_N1,,,
IT1:22_293_DF_DCIS_INDDEMOG1_1(1.0),A,ITF62,MEANAGECH,2022,31.2,,,,TIPO_DATO15__MEANAGECH_N1,,,
IT1:22_293_DF_DCIS_INDDEMOG1_1(1.0),A,ITF62,MEANAGECH,2023,31.4,,,,TIPO_DATO15__MEANAGECH_N1,,,
IT1:22_293_DF_DCIS_INDDEMOG1_1(1.0),A,ITF62,MEANAGECH,2024,31.4,,,,TIPO_DATO15__MEANAGECH_N1,,,
IT1:22_293_DF_DCIS_INDDEMOG1_1(1.0),A,ITF62,MEANAGECH,2025,31.5,e,,,TIPO_DATO15__MEANAGECH_N1,,,
IT1:22_293_DF_DCIS_INDDEMOG1_1(1.0),A,ITF63,MEANAGECH,2015,31.8,,,,TIPO_DATO15__MEANAGECH_N1,,,
IT1:22_293_DF_DCIS_INDDEMOG1_1(1.0),A,ITF63,MEANAGECH,2016,31.8,,,,TIPO_DATO15__MEANAGECH_N1,,,
IT1:22_293_DF_DCIS_INDDEMOG1_1(1.0),A,ITF63,MEANAGECH,2017,31.7,,,,TIPO_DATO15__MEANAGECH_N1,,,
IT1:22_293_DF_DCIS_INDDEMOG1_1(1.0),A,ITF63,MEANAGECH,2018,32,,,,TIPO_DATO15__MEANAGECH_N1,,,
IT1:22_293_DF_DCIS_INDDEMOG1_1(1.0),A,ITF63,MEANAGECH,2019,32.1,,,,TIPO_DATO15__MEANAGECH_N1,,,
IT1:22_293_DF_DCIS_INDDEMOG1_1(1.0),A,ITF63,MEANAGECH,2020,32.1,,,,TIPO_DATO15__MEANAGECH_N1,,,
IT1:22_293_DF_DCIS_INDDEMOG1_1(1.0),A,ITF63,MEANAGECH,2021,32.2,,,,TIPO_DATO15__MEANAGECH_N1,,,
IT1:22_293_DF_DCIS_INDDEMOG1_1(1.0),A,ITF63,MEANAGECH,2022,32.4,,,,TIPO_DATO15__MEANAGECH_N1,,,
IT1:22_293_DF_DCIS_INDDEMOG1_1(1.0),A,ITF63,MEANAGECH,2023,32.4,,,,TIPO_DATO15__MEANAGECH_N1,,,
IT1:22_293_DF_DCIS_INDDEMOG1_1(1.0),A,ITF63,MEANAGECH,2024,32.8,,,,TIPO_DATO15__MEANAGECH_N1,,,
IT1:22_293_DF_DCIS_INDDEMOG1_1(1.0),A,ITF63,MEANAGECH,2025,32.5,e,,,TIPO_DATO15__MEANAGECH_N1,,,
IT1:22_293_DF_DCIS_INDDEMOG1_1(1.0),A,ITF64,MEANAGECH,2015,31.4,,,,TIPO_DATO15__MEANAGECH_N1,,,
IT1:22_293_DF_DCIS_INDDEMOG1_1(1.0),A,ITF64,MEANAGECH,2016,31.7,,,,TIPO_DATO15__MEANAGECH_N1,,,
IT1:22_293_DF_DCIS_INDDEMOG1_1(1.0),A,ITF64,MEANAGECH,2017,31,,,,TIPO_DATO15__MEANAGECH_N1,,,
IT1:22_293_DF_DCIS_INDDEMOG1_1(1.0),A,ITF64,MEANAGECH,2018,31.5,,,,TIPO_DATO15__MEANAGECH_N1,,,
IT1:22_293_DF_DCIS_INDDEMOG1_1(1.0),A,ITF64,MEANAGECH,2019,32,,,,TIPO_DATO15__MEANAGECH_N1,,,
IT1:22_293_DF_DCIS_INDDEMOG1_1(1.0),A,ITF64,MEANAGECH,2020,31.8,,,,TIPO_DATO15__MEANAGECH_N1,,,
IT1:22_293_DF_DCIS_INDDEMOG1_1(1.0),A,ITF64,MEANAGECH,2021,32,,,,TIPO_DATO15__MEANAGECH_N1,,,
IT1:22_293_DF_DCIS_INDDEMOG1_1(1.0),A,ITF64,MEANAGECH,2022,32.1,,,,TIPO_DATO15__MEANAGECH_N1,,,
IT1:22_293_DF_DCIS_INDDEMOG1_1(1.0),A,ITF64,MEANAGECH,2023,32.3,,,,TIPO_DATO15__MEANAGECH_N1,,,
IT1:22_293_DF_DCIS_INDDEMOG1_1(1.0),A,ITF64,MEANAGECH,2024,32.4,,,,TIPO_DATO15__MEANAGECH_N1,,,
IT1:22_293_DF_DCIS_INDDEMOG1_1(1.0),A,ITF64,MEANAGECH,2025,32.6,e,,,TIPO_DATO15__MEANAGECH_N1,,,
IT1:22_293_DF_DCIS_INDDEMOG1_1(1.0),A,ITF65,MEANAGECH,2015,31.4,,,,TIPO_DATO15__MEANAGECH_N1,,,
IT1:22_293_DF_DCIS_INDDEMOG1_1(1.0),A,ITF65,MEANAGECH,2016,31.6,,,,TIPO_DATO15__MEANAGECH_N1,,,
IT1:22_293_DF_DCIS_INDDEMOG1_1(1.0),A,ITF65,MEANAGECH,2017,31.7,,,,TIPO_DATO15__MEANAGECH_N1,,,
IT1:22_293_DF_DCIS_INDDEMOG1_1(1.0),A,ITF65,MEANAGECH,2018,31.7,,,,TIPO_DATO15__MEANAGECH_N1,,,
IT1:22_293_DF_DCIS_INDDEMOG1_1(1.0),A,ITF65,MEANAGECH,2019,31.9,,,,TIPO_DATO15__MEANAGECH_N1,,,
IT1:22_293_DF_DCIS_INDDEMOG1_1(1.0),A,ITF65,MEANAGECH,2020,32,,,,TIPO_DATO15__MEANAGECH_N1,,,
IT1:22_293_DF_DCIS_INDDEMOG1_1(1.0),A,ITF65,MEANAGECH,2021,32.2,,,,TIPO_DATO15__MEANAGECH_N1,,,
IT1:22_293_DF_DCIS_INDDEMOG1_1(1.0),A,ITF65,MEANAGECH,2022,32.1,,,,TIPO_DATO15__MEANAGECH_N1,,,
IT1:22_293_DF_DCIS_INDDEMOG1_1(1.0),A,ITF65,MEANAGECH,2023,32.3,,,,TIPO_DATO15__MEANAGECH_N1,,,
IT1:22_293_DF_DCIS_INDDEMOG1_1(1.0),A,ITF65,MEANAGECH,2024,32.4,,,,TIPO_DATO15__MEANAGECH_N1,,,
IT1:22_293_DF_DCIS_INDDEMOG1_1(1.0),A,ITF65,MEANAGECH,2025,32.4,e,,,TIPO_DATO15__MEANAGECH_N1,,,
IT1:22_293_DF_DCIS_INDDEMOG1_1(1.0),A,ITFG,MEANAGECH,2015,31.4,,,,TIPO_DATO15__MEANAGECH_N1,,,
IT1:22_293_DF_DCIS_INDDEMOG1_1(1.0),A,ITFG,MEANAGECH,2016,31.5,,,,TIPO_DATO15__MEANAGECH_N1,,,
IT1:22_293_DF_DCIS_INDDEMOG1_1(1.0),A,ITFG,MEANAGECH,2017,31.6,,,,TIPO_DATO15__MEANAGECH_N1,,,
IT1:22_293_DF_DCIS_INDDEMOG1_1(1.0),A,ITFG,MEANAGECH,2018,31.7,,,,TIPO_DATO15__MEANAGECH_N1,,,
IT1:22_293_DF_DCIS_INDDEMOG1_1(1.0),A,ITFG,MEANAGECH,2019,31.8,,,,TIPO_DATO15__MEANAGECH_N1,,,
IT1:22_293_DF_DCIS_INDDEMOG1_1(1.0),A,ITFG,MEANAGECH,2020,31.9,,,,TIPO_DATO15__MEANAGECH_N1,,,
IT1:22_293_DF_DCIS_INDDEMOG1_1(1.0),A,ITFG,MEANAGECH,2021,32,,,,TIPO_DATO15__MEANAGECH_N1,,,
IT1:22_293_DF_DCIS_INDDEMOG1_1(1.0),A,ITFG,MEANAGECH,2022,32,,,,TIPO_DATO15__MEANAGECH_N1,,,
IT1:22_293_DF_DCIS_INDDEMOG1_1(1.0),A,ITFG,MEANAGECH,2023,32.2,,,,TIPO_DATO15__MEANAGECH_N1,,,
IT1:22_293_DF_DCIS_INDDEMOG1_1(1.0),A,ITFG,MEANAGECH,2024,32.3,,,,TIPO_DATO15__MEANAGECH_N1,,,
IT1:22_293_DF_DCIS_INDDEMOG1_1(1.0),A,ITFG,MEANAGECH,2025,32.4,e,,,TIPO_DATO15__MEANAGECH_N1,,,
IT1:22_293_DF_DCIS_INDDEMOG1_1(1.0),A,ITG,MEANAGECH,2015,31.2,,,,TIPO_DATO15__MEANAGECH_N1,,,
IT1:22_293_DF_DCIS_INDDEMOG1_1(1.0),A,ITG,MEANAGECH,2016,31.2,,,,TIPO_DATO15__MEANAGECH_N1,,,
IT1:22_293_DF_DCIS_INDDEMOG1_1(1.0),A,ITG,MEANAGECH,2017,31.3,,,,TIPO_DATO15__MEANAGECH_N1,,,
IT1:22_293_DF_DCIS_INDDEMOG1_1(1.0),A,ITG,MEANAGECH,2018,31.4,,,,TIPO_DATO15__MEANAGECH_N1,,,
IT1:22_293_DF_DCIS_INDDEMOG1_1(1.0),A,ITG,MEANAGECH,2019,31.6,,,,TIPO_DATO15__MEANAGECH_N1,,,
IT1:22_293_DF_DCIS_INDDEMOG1_1(1.0),A,ITG,MEANAGECH,2020,31.6,,,,TIPO_DATO15__MEANAGECH_N1,,,
IT1:22_293_DF_DCIS_INDDEMOG1_1(1.0),A,ITG,MEANAGECH,2021,31.7,,,,TIPO_DATO15__MEANAGECH_N1,,,
IT1:22_293_DF_DCIS_INDDEMOG1_1(1.0),A,ITG,MEANAGECH,2022,31.7,,,,TIPO_DATO15__MEANAGECH_N1,,,
IT1:22_293_DF_DCIS_INDDEMOG1_1(1.0),A,ITG,MEANAGECH,2023,31.9,,,,TIPO_DATO15__MEANAGECH_N1,,,
IT1:22_293_DF_DCIS_INDDEMOG1_1(1.0),A,ITG,MEANAGECH,2024,32,,,,TIPO_DATO15__MEANAGECH_N1,,,
IT1:22_293_DF_DCIS_INDDEMOG1_1(1.0),A,ITG,MEANAGECH,2025,32,e,,,TIPO_DATO15__MEANAGECH_N1,,,
IT1:22_293_DF_DCIS_INDDEMOG1_1(1.0),A,ITG1,MEANAGECH,2015,30.9,,,,TIPO_DATO15__MEANAGECH_N1,,,
IT1:22_293_DF_DCIS_INDDEMOG1_1(1.0),A,ITG1,MEANAGECH,2016,31,,,,TIPO_DATO15__MEANAGECH_N1,,,
IT1:22_293_DF_DCIS_INDDEMOG1_1(1.0),A,ITG1,MEANAGECH,2017,31.1,,,,TIPO_DATO15__MEANAGECH_N1,,,
IT1:22_293_DF_DCIS_INDDEMOG1_1(1.0),A,ITG1,MEANAGECH,2018,31.2,,,,TIPO_DATO15__MEANAGECH_N1,,,
IT1:22_293_DF_DCIS_INDDEMOG1_1(1.0),A,ITG1,MEANAGECH,2019,31.4,,,,TIPO_DATO15__MEANAGECH_N1,,,
IT1:22_293_DF_DCIS_INDDEMOG1_1(1.0),A,ITG1,MEANAGECH,2020,31.3,,,,TIPO_DATO15__MEANAGECH_N1,,,
IT1:22_293_DF_DCIS_INDDEMOG1_1(1.0),A,ITG1,MEANAGECH,2021,31.4,,,,TIPO_DATO15__MEANAGECH_N1,,,
IT1:22_293_DF_DCIS_INDDEMOG1_1(1.0),A,ITG1,MEANAGECH,2022,31.4,,,,TIPO_DATO15__MEANAGECH_N1,,,
IT1:22_293_DF_DCIS_INDDEMOG1_1(1.0),A,ITG1,MEANAGECH,2023,31.6,,,,TIPO_DATO15__MEANAGECH_N1,,,
IT1:22_293_DF_DCIS_INDDEMOG1_1(1.0),A,ITG1,MEANAGECH,2024,31.7,,,,TIPO_DATO15__MEANAGECH_N1,,,
IT1:22_293_DF_DCIS_INDDEMOG1_1(1.0),A,ITG1,MEANAGECH,2025,31.8,e,,,TIPO_DATO15__MEANAGECH_N1,,,
IT1:22_293_DF_DCIS_INDDEMOG1_1(1.0),A,ITG11,MEANAGECH,2015,31.3,,,,TIPO_DATO15__MEANAGECH_N1,,,
IT1:22_293_DF_DCIS_INDDEMOG1_1(1.0),A,ITG11,MEANAGECH,2016,31.2,,,,TIPO_DATO15__MEANAGECH_N1,,,
IT1:22_293_DF_DCIS_INDDEMOG1_1(1.0),A,ITG11,MEANAGECH,2017,31.5,,,,TIPO_DATO15__MEANAGECH_N1,,,
IT1:22_293_DF_DCIS_INDDEMOG1_1(1.0),A,ITG11,MEANAGECH,2018,31.6,,,,TIPO_DATO15__MEANAGECH_N1,,,
IT1:22_293_DF_DCIS_INDDEMOG1_1(1.0),A,ITG11,MEANAGECH,2019,31.5,,,,TIPO_DATO15__MEANAGECH_N1,,,
IT1:22_293_DF_DCIS_INDDEMOG1_1(1.0),A,ITG11,MEANAGECH,2020,31.7,,,,TIPO_DATO15__MEANAGECH_N1,,,
IT1:22_293_DF_DCIS_INDDEMOG1_1(1.0),A,ITG11,MEANAGECH,2021,32,,,,TIPO_DATO15__MEANAGECH_N1,,,
IT1:22_293_DF_DCIS_INDDEMOG1_1(1.0),A,ITG11,MEANAGECH,2022,31.9,,,,TIPO_DATO15__MEANAGECH_N1,,,
IT1:22_293_DF_DCIS_INDDEMOG1_1(1.0),A,ITG11,MEANAGECH,2023,32,,,,TIPO_DATO15__MEANAGECH_N1,,,
IT1:22_293_DF_DCIS_INDDEMOG1_1(1.0),A,ITG11,MEANAGECH,2024,31.9,,,,TIPO_DATO15__MEANAGECH_N1,,,
IT1:22_293_DF_DCIS_INDDEMOG1_1(1.0),A,ITG11,MEANAGECH,2025,32.1,e,,,TIPO_DATO15__MEANAGECH_N1,,,
IT1:22_293_DF_DCIS_INDDEMOG1_1(1.0),A,ITG12,MEANAGECH,2015,30.9,,,,TIPO_DATO15__MEANAGECH_N1,,,
IT1:22_293_DF_DCIS_INDDEMOG1_1(1.0),A,ITG12,MEANAGECH,2016,30.9,,,,TIPO_DATO15__MEANAGECH_N1,,,
IT1:22_293_DF_DCIS_INDDEMOG1_1(1.0),A,ITG12,MEANAGECH,2017,31.1,,,,TIPO_DATO15__MEANAGECH_N1,,,
IT1:22_293_DF_DCIS_INDDEMOG1_1(1.0),A,ITG12,MEANAGECH,2018,31.1,,,,TIPO_DATO15__MEANAGECH_N1,,,
IT1:22_293_DF_DCIS_INDDEMOG1_1(1.0),A,ITG12,MEANAGECH,2019,31.4,,,,TIPO_DATO15__MEANAGECH_N1,,,
IT1:22_293_DF_DCIS_INDDEMOG1_1(1.0),A,ITG12,MEANAGECH,2020,31.4,,,,TIPO_DATO15__MEANAGECH_N1,,,
IT1:22_293_DF_DCIS_INDDEMOG1_1(1.0),A,ITG12,MEANAGECH,2021,31.4,,,,TIPO_DATO15__MEANAGECH_N1,,,
IT1:22_293_DF_DCIS_INDDEMOG1_1(1.0),A,ITG12,MEANAGECH,2022,31.4,,,,TIPO_DATO15__MEANAGECH_N1,,,
IT1:22_293_DF_DCIS_INDDEMOG1_1(1.0),A,ITG12,MEANAGECH,2023,31.6,,,,TIPO_DATO15__MEANAGECH_N1,,,
IT1:22_293_DF_DCIS_INDDEMOG1_1(1.0),A,ITG12,MEANAGECH,2024,31.6,,,,TIPO_DATO15__MEANAGECH_N1,,,
IT1:22_293_DF_DCIS_INDDEMOG1_1(1.0),A,ITG12,MEANAGECH,2025,31.7,e,,,TIPO_DATO15__MEANAGECH_N1,,,
IT1:22_293_DF_DCIS_INDDEMOG1_1(1.0),A,ITG13,MEANAGECH,2015,31.4,,,,TIPO_DATO15__MEANAGECH_N1,,,
IT1:22_293_DF_DCIS_INDDEMOG1_1(1.0),A,ITG13,MEANAGECH,2016,31.6,,,,TIPO_DATO15__MEANAGECH_N1,,,
IT1:22_293_DF_DCIS_INDDEMOG1_1(1.0),A,ITG13,MEANAGECH,2017,31.7,,,,TIPO_DATO15__MEANAGECH_N1,,,
IT1:22_293_DF_DCIS_INDDEMOG1_1(1.0),A,ITG13,MEANAGECH,2018,31.8,,,,TIPO_DATO15__MEANAGECH_N1,,,
IT1:22_293_DF_DCIS_INDDEMOG1_1(1.0),A,ITG13,MEANAGECH,2019,31.9,,,,TIPO_DATO15__MEANAGECH_N1,,,
IT1:22_293_DF_DCIS_INDDEMOG1_1(1.0),A,ITG13,MEANAGECH,2020,31.9,,,,TIPO_DATO15__MEANAGECH_N1,,,
IT1:22_293_DF_DCIS_INDDEMOG1_1(1.0),A,ITG13,MEANAGECH,2021,32.1,,,,TIPO_DATO15__MEANAGECH_N1,,,
IT1:22_293_DF_DCIS_INDDEMOG1_1(1.0),A,ITG13,MEANAGECH,2022,32,,,,TIPO_DATO15__MEANAGECH_N1,,,
IT1:22_293_DF_DCIS_INDDEMOG1_1(1.0),A,ITG13,MEANAGECH,2023,32.3,,,,TIPO_DATO15__MEANAGECH_N1,,,
IT1:22_293_DF_DCIS_INDDEMOG1_1(1.0),A,ITG13,MEANAGECH,2024,32.5,,,,TIPO_DATO15__MEANAGECH_N1,,,
IT1:22_293_DF_DCIS_INDDEMOG1_1(1.0),A,ITG13,MEANAGECH,2025,32.5,e,,,TIPO_DATO15__MEANAGECH_N1,,,
IT1:22_293_DF_DCIS_INDDEMOG1_1(1.0),A,ITG14,MEANAGECH,2015,31.1,,,,TIPO_DATO15__MEANAGECH_N1,,,
IT1:22_293_DF_DCIS_INDDEMOG1_1(1.0),A,ITG14,MEANAGECH,2016,31.5,,,,TIPO_DATO15__MEANAGECH_N1,,,
IT1:22_293_DF_DCIS_INDDEMOG1_1(1.0),A,ITG14,MEANAGECH,2017,31.4,,,,TIPO_DATO15__MEANAGECH_N1,,,
IT1:22_293_DF_DCIS_INDDEMOG1_1(1.0),A,ITG14,MEANAGECH,2018,31.6,,,,TIPO_DATO15__MEANAGECH_N1,,,
IT1:22_293_DF_DCIS_INDDEMOG1_1(1.0),A,ITG14,MEANAGECH,2019,31.5,,,,TIPO_DATO15__MEANAGECH_N1,,,
IT1:22_293_DF_DCIS_INDDEMOG1_1(1.0),A,ITG14,MEANAGECH,2020,31.7,,,,TIPO_DATO15__MEANAGECH_N1,,,
IT1:22_293_DF_DCIS_INDDEMOG1_1(1.0),A,ITG14,MEANAGECH,2021,31.9,,,,TIPO_DATO15__MEANAGECH_N1,,,
IT1:22_293_DF_DCIS_INDDEMOG1_1(1.0),A,ITG14,MEANAGECH,2022,31.9,,,,TIPO_DATO15__MEANAGECH_N1,,,
IT1:22_293_DF_DCIS_INDDEMOG1_1(1.0),A,ITG14,MEANAGECH,2023,32.1,,,,TIPO_DATO15__MEANAGECH_N1,,,
IT1:22_293_DF_DCIS_INDDEMOG1_1(1.0),A,ITG14,MEANAGECH,2024,32.1,,,,TIPO_DATO15__MEANAGECH_N1,,,
IT1:22_293_DF_DCIS_INDDEMOG1_1(1.0),A,ITG14,MEANAGECH,2025,32.1,e,,,TIPO_DATO15__MEANAGECH_N1,,,
IT1:22_293_DF_DCIS_INDDEMOG1_1(1.0),A,ITG15,MEANAGECH,2015,30.9,,,,TIPO_DATO15__MEANAGECH_N1,,,
IT1:22_293_DF_DCIS_INDDEMOG1_1(1.0),A,ITG15,MEANAGECH,2016,30.9,,,,TIPO_DATO15__MEANAGECH_N1,,,
IT1:22_293_DF_DCIS_INDDEMOG1_1(1.0),A,ITG15,MEANAGECH,2017,30.7,,,,TIPO_DATO15__MEANAGECH_N1,,,
IT1:22_293_DF_DCIS_INDDEMOG1_1(1.0),A,ITG15,MEANAGECH,2018,31,,,,TIPO_DATO15__MEANAGECH_N1,,,
IT1:22_293_DF_DCIS_INDDEMOG1_1(1.0),A,ITG15,MEANAGECH,2019,31.3,,,,TIPO_DATO15__MEANAGECH_N1,,,
IT1:22_293_DF_DCIS_INDDEMOG1_1(1.0),A,ITG15,MEANAGECH,2020,31,,,,TIPO_DATO15__MEANAGECH_N1,,,
IT1:22_293_DF_DCIS_INDDEMOG1_1(1.0),A,ITG15,MEANAGECH,2021,31.4,,,,TIPO_DATO15__MEANAGECH_N1,,,
IT1:22_293_DF_DCIS_INDDEMOG1_1(1.0),A,ITG15,MEANAGECH,2022,31.6,,,,TIPO_DATO15__MEANAGECH_N1,,,
IT1:22_293_DF_DCIS_INDDEMOG1_1(1.0),A,ITG15,MEANAGECH,2023,31.7,,,,TIPO_DATO15__MEANAGECH_N1,,,
IT1:22_293_DF_DCIS_INDDEMOG1_1(1.0),A,ITG15,MEANAGECH,2024,31.7,,,,TIPO_DATO15__MEANAGECH_N1,,,
IT1:22_293_DF_DCIS_INDDEMOG1_1(1.0),A,ITG15,MEANAGECH,2025,31.8,e,,,TIPO_DATO15__MEANAGECH_N1,,,
IT1:22_293_DF_DCIS_INDDEMOG1_1(1.0),A,ITG16,MEANAGECH,2015,31.3,,,,TIPO_DATO15__MEANAGECH_N1,,,
IT1:22_293_DF_DCIS_INDDEMOG1_1(1.0),A,ITG16,MEANAGECH,2016,31,,,,TIPO_DATO15__MEANAGECH_N1,,,
IT1:22_293_DF_DCIS_INDDEMOG1_1(1.0),A,ITG16,MEANAGECH,2017,31.4,,,,TIPO_DATO15__MEANAGECH_N1,,,
IT1:22_293_DF_DCIS_INDDEMOG1_1(1.0),A,ITG16,MEANAGECH,2018,31.5,,,,TIPO_DATO15__MEANAGECH_N1,,,
IT1:22_293_DF_DCIS_INDDEMOG1_1(1.0),A,ITG16,MEANAGECH,2019,32,,,,TIPO_DATO15__MEANAGECH_N1,,,
IT1:22_293_DF_DCIS_INDDEMOG1_1(1.0),A,ITG16,MEANAGECH,2020,31.7,,,,TIPO_DATO15__MEANAGECH_N1,,,
IT1:22_293_DF_DCIS_INDDEMOG1_1(1.0),A,ITG16,MEANAGECH,2021,31.9,,,,TIPO_DATO15__MEANAGECH_N1,,,
IT1:22_293_DF_DCIS_INDDEMOG1_1(1.0),A,ITG16,MEANAGECH,2022,31.6,,,,TIPO_DATO15__MEANAGECH_N1,,,
IT1:22_293_DF_DCIS_INDDEMOG1_1(1.0),A,ITG16,MEANAGECH,2023,31.9,,,,TIPO_DATO15__MEANAGECH_N1,,,
IT1:22_293_DF_DCIS_INDDEMOG1_1(1.0),A,ITG16,MEANAGECH,2024,32.5,,,,TIPO_DATO15__MEANAGECH_N1,,,
IT1:22_293_DF_DCIS_INDDEMOG1_1(1.0),A,ITG16,MEANAGECH,2025,32.2,e,,,TIPO_DATO15__MEANAGECH_N1,,,
IT1:22_293_DF_DCIS_INDDEMOG1_1(1.0),A,ITG17,MEANAGECH,2015,30.6,,,,TIPO_DATO15__MEANAGECH_N1,,,
IT1:22_293_DF_DCIS_INDDEMOG1_1(1.0),A,ITG17,MEANAGECH,2016,30.6,,,,TIPO_DATO15__MEANAGECH_N1,,,
IT1:22_293_DF_DCIS_INDDEMOG1_1(1.0),A,ITG17,MEANAGECH,2017,30.7,,,,TIPO_DATO15__MEANAGECH_N1,,,
IT1:22_293_DF_DCIS_INDDEMOG1_1(1.0),A,ITG17,MEANAGECH,2018,30.9,,,,TIPO_DATO15__MEANAGECH_N1,,,
IT1:22_293_DF_DCIS_INDDEMOG1_1(1.0),A,ITG17,MEANAGECH,2019,31,,,,TIPO_DATO15__MEANAGECH_N1,,,
IT1:22_293_DF_DCIS_INDDEMOG1_1(1.0),A,ITG17,MEANAGECH,2020,31.1,,,,TIPO_DATO15__MEANAGECH_N1,,,
IT1:22_293_DF_DCIS_INDDEMOG1_1(1.0),A,ITG17,MEANAGECH,2021,31,,,,TIPO_DATO15__MEANAGECH_N1,,,
IT1:22_293_DF_DCIS_INDDEMOG1_1(1.0),A,ITG17,MEANAGECH,2022,31.1,,,,TIPO_DATO15__MEANAGECH_N1,,,
IT1:22_293_DF_DCIS_INDDEMOG1_1(1.0),A,ITG17,MEANAGECH,2023,31.3,,,,TIPO_DATO15__MEANAGECH_N1,,,
IT1:22_293_DF_DCIS_INDDEMOG1_1(1.0),A,ITG17,MEANAGECH,2024,31.4,,,,TIPO_DATO15__MEANAGECH_N1,,,
IT1:22_293_DF_DCIS_INDDEMOG1_1(1.0),A,ITG17,MEANAGECH,2025,31.6,e,,,TIPO_DATO15__MEANAGECH_N1,,,
IT1:22_293_DF_DCIS_INDDEMOG1_1(1.0),A,ITG18,MEANAGECH,2015,30.9,,,,TIPO_DATO15__MEANAGECH_N1,,,
IT1:22_293_DF_DCIS_INDDEMOG1_1(1.0),A,ITG18,MEANAGECH,2016,31,,,,TIPO_DATO15__MEANAGECH_N1,,,
IT1:22_293_DF_DCIS_INDDEMOG1_1(1.0),A,ITG18,MEANAGECH,2017,30.9,,,,TIPO_DATO15__MEANAGECH_N1,,,
IT1:22_293_DF_DCIS_INDDEMOG1_1(1.0),A,ITG18,MEANAGECH,2018,31.1,,,,TIPO_DATO15__MEANAGECH_N1,,,
IT1:22_293_DF_DCIS_INDDEMOG1_1(1.0),A,ITG18,MEANAGECH,2019,31.2,,,,TIPO_DATO15__MEANAGECH_N1,,,
IT1:22_293_DF_DCIS_INDDEMOG1_1(1.0),A,ITG18,MEANAGECH,2020,31.3,,,,TIPO_DATO15__MEANAGECH_N1,,,
IT1:22_293_DF_DCIS_INDDEMOG1_1(1.0),A,ITG18,MEANAGECH,2021,31.5,,,,TIPO_DATO15__MEANAGECH_N1,,,
IT1:22_293_DF_DCIS_INDDEMOG1_1(1.0),A,ITG18,MEANAGECH,2022,31.3,,,,TIPO_DATO15__MEANAGECH_N1,,,
IT1:22_293_DF_DCIS_INDDEMOG1_1(1.0),A,ITG18,MEANAGECH,2023,31.6,,,,TIPO_DATO15__MEANAGECH_N1,,,
IT1:22_293_DF_DCIS_INDDEMOG1_1(1.0),A,ITG18,MEANAGECH,2024,31.5,,,,TIPO_DATO15__MEANAGECH_N1,,,
IT1:22_293_DF_DCIS_INDDEMOG1_1(1.0),A,ITG18,MEANAGECH,2025,31.7,e,,,TIPO_DATO15__MEANAGECH_N1,,,
IT1:22_293_DF_DCIS_INDDEMOG1_1(1.0),A,ITG19,MEANAGECH,2015,30.5,,,,TIPO_DATO15__MEANAGECH_N1,,,
IT1:22_293_DF_DCIS_INDDEMOG1_1(1.0),A,ITG19,MEANAGECH,2016,30.6,,,,TIPO_DATO15__MEANAGECH_N1,,,
IT1:22_293_DF_DCIS_INDDEMOG1_1(1.0),A,ITG19,MEANAGECH,2017,30.6,,,,TIPO_DATO15__MEANAGECH_N1,,,
IT1:22_293_DF_DCIS_INDDEMOG1_1(1.0),A,ITG19,MEANAGECH,2018,30.7,,,,TIPO_DATO15__MEANAGECH_N1,,,
IT1:22_293_DF_DCIS_INDDEMOG1_1(1.0),A,ITG19,MEANAGECH,2019,30.9,,,,TIPO_DATO15__MEANAGECH_N1,,,
IT1:22_293_DF_DCIS_INDDEMOG1_1(1.0),A,ITG19,MEANAGECH,2020,30.7,,,,TIPO_DATO15__MEANAGECH_N1,,,
IT1:22_293_DF_DCIS_INDDEMOG1_1(1.0),A,ITG19,MEANAGECH,2021,30.7,,,,TIPO_DATO15__MEANAGECH_N1,,,
IT1:22_293_DF_DCIS_INDDEMOG1_1(1.0),A,ITG19,MEANAGECH,2022,30.8,,,,TIPO_DATO15__MEANAGECH_N1,,,
IT1:22_293_DF_DCIS_INDDEMOG1_1(1.0),A,ITG19,MEANAGECH,2023,31,,,,TIPO_DATO15__MEANAGECH_N1,,,
IT1:22_293_DF_DCIS_INDDEMOG1_1(1.0),A,ITG19,MEANAGECH,2024,31.4,,,,TIPO_DATO15__MEANAGECH_N1,,,
IT1:22_293_DF_DCIS_INDDEMOG1_1(1.0),A,ITG19,MEANAGECH,2025,31.3,e,,,TIPO_DATO15__MEANAGECH_N1,,,
IT1:22_293_DF_DCIS_INDDEMOG1_1(1.0),A,ITG2,MEANAGECH,2015,32.3,,,,TIPO_DATO15__MEANAGECH_N1,,,
IT1:22_293_DF_DCIS_INDDEMOG1_1(1.0),A,ITG2,MEANAGECH,2016,32.5,,,,TIPO_DATO15__MEANAGECH_N1,,,
IT1:22_293_DF_DCIS_INDDEMOG1_1(1.0),A,ITG2,MEANAGECH,2017,32.5,,,,TIPO_DATO15__MEANAGECH_N1,,,
IT1:22_293_DF_DCIS_INDDEMOG1_1(1.0),A,ITG2,MEANAGECH,2018,32.5,,,,TIPO_DATO15__MEANAGECH_N1,,,
IT1:22_293_DF_DCIS_INDDEMOG1_1(1.0),A,ITG2,MEANAGECH,2019,32.8,,,,TIPO_DATO15__MEANAGECH_N1,,,
IT1:22_293_DF_DCIS_INDDEMOG1_1(1.0),A,ITG2,MEANAGECH,2020,32.8,,,,TIPO_DATO15__MEANAGECH_N1,,,
IT1:22_293_DF_DCIS_INDDEMOG1_1(1.0),A,ITG2,MEANAGECH,2021,33,,,,TIPO_DATO15__MEANAGECH_N1,,,
IT1:22_293_DF_DCIS_INDDEMOG1_1(1.0),A,ITG2,MEANAGECH,2022,32.9,,,,TIPO_DATO15__MEANAGECH_N1,,,
IT1:22_293_DF_DCIS_INDDEMOG1_1(1.0),A,ITG2,MEANAGECH,2023,33.2,,,,TIPO_DATO15__MEANAGECH_N1,,,
IT1:22_293_DF_DCIS_INDDEMOG1_1(1.0),A,ITG2,MEANAGECH,2024,33.2,,,,TIPO_DATO15__MEANAGECH_N1,,,
IT1:22_293_DF_DCIS_INDDEMOG1_1(1.0),A,ITG2,MEANAGECH,2025,33.2,e,,,TIPO_DATO15__MEANAGECH_N1,,,
IT1:22_293_DF_DCIS_INDDEMOG1_1(1.0),A,ITG25,MEANAGECH,2015,32.1,,,,TIPO_DATO15__MEANAGECH_N1,,,
IT1:22_293_DF_DCIS_INDDEMOG1_1(1.0),A,ITG25,MEANAGECH,2016,32,,,,TIPO_DATO15__MEANAGECH_N1,,,
IT1:22_293_DF_DCIS_INDDEMOG1_1(1.0),A,ITG25,MEANAGECH,2017,32.2,,,,TIPO_DATO15__MEANAGECH_N1,,,
IT1:22_293_DF_DCIS_INDDEMOG1_1(1.0),A,ITG25,MEANAGECH,2018,32.2,,,,TIPO_DATO15__MEANAGECH_N1,,,
IT1:22_293_DF_DCIS_INDDEMOG1_1(1.0),A,ITG25,MEANAGECH,2019,32.4,,,,TIPO_DATO15__MEANAGECH_N1,,,
IT1:22_293_DF_DCIS_INDDEMOG1_1(1.0),A,ITG25,MEANAGECH,2020,32.5,,,,TIPO_DATO15__MEANAGECH_N1,,,
IT1:22_293_DF_DCIS_INDDEMOG1_1(1.0),A,ITG25,MEANAGECH,2021,32.7,,,,TIPO_DATO15__MEANAGECH_N1,,,
IT1:22_293_DF_DCIS_INDDEMOG1_1(1.0),A,ITG25,MEANAGECH,2022,32.6,,,,TIPO_DATO15__MEANAGECH_N1,,,
IT1:22_293_DF_DCIS_INDDEMOG1_1(1.0),A,ITG25,MEANAGECH,2023,32.7,,,,TIPO_DATO15__MEANAGECH_N1,,,
IT1:22_293_DF_DCIS_INDDEMOG1_1(1.0),A,ITG25,MEANAGECH,2024,32.8,,,,TIPO_DATO15__MEANAGECH_N1,,,
IT1:22_293_DF_DCIS_INDDEMOG1_1(1.0),A,ITG25,MEANAGECH,2025,33.1,e,,,TIPO_DATO15__MEANAGECH_N1,,,
IT1:22_293_DF_DCIS_INDDEMOG1_1(1.0),A,ITG26,MEANAGECH,2015,32.6,,,,TIPO_DATO15__MEANAGECH_N1,,,
IT1:22_293_DF_DCIS_INDDEMOG1_1(1.0),A,ITG26,MEANAGECH,2016,32.9,,,,TIPO_DATO15__MEANAGECH_N1,,,
IT1:22_293_DF_DCIS_INDDEMOG1_1(1.0),A,ITG26,MEANAGECH,2017,32.7,,,,TIPO_DATO15__MEANAGECH_N1,,,
IT1:22_293_DF_DCIS_INDDEMOG1_1(1.0),A,ITG26,MEANAGECH,2018,32.7,,,,TIPO_DATO15__MEANAGECH_N1,,,
IT1:22_293_DF_DCIS_INDDEMOG1_1(1.0),A,ITG26,MEANAGECH,2019,33.3,,,,TIPO_DATO15__MEANAGECH_N1,,,
IT1:22_293_DF_DCIS_INDDEMOG1_1(1.0),A,ITG26,MEANAGECH,2020,32.8,,,,TIPO_DATO15__MEANAGECH_N1,,,
IT1:22_293_DF_DCIS_INDDEMOG1_1(1.0),A,ITG26,MEANAGECH,2021,33.2,,,,TIPO_DATO15__MEANAGECH_N1,,,
IT1:22_293_DF_DCIS_INDDEMOG1_1(1.0),A,ITG26,MEANAGECH,2022,33.1,,,,TIPO_DATO15__MEANAGECH_N1,,,
IT1:22_293_DF_DCIS_INDDEMOG1_1(1.0),A,ITG26,MEANAGECH,2023,33.4,,,,TIPO_DATO15__MEANAGECH_N1,,,
IT1:22_293_DF_DCIS_INDDEMOG1_1(1.0),A,ITG26,MEANAGECH,2024,33.4,,,,TIPO_DATO15__MEANAGECH_N1,,,
IT1:22_293_DF_DCIS_INDDEMOG1_1(1.0),A,ITG26,MEANAGECH,2025,33.5,e,,,TIPO_DATO15__MEANAGECH_N1,,,
IT1:22_293_DF_DCIS_INDDEMOG1_1(1.0),A,ITG27,MEANAGECH,2015,32.2,,,,TIPO_DATO15__MEANAGECH_N1,,,
IT1:22_293_DF_DCIS_INDDEMOG1_1(1.0),A,ITG27,MEANAGECH,2016,32.5,,,,TIPO_DATO15__MEANAGECH_N1,,,
IT1:22_293_DF_DCIS_INDDEMOG1_1(1.0),A,ITG27,MEANAGECH,2017,32.6,,,,TIPO_DATO15__MEANAGECH_N1,,,
IT1:22_293_DF_DCIS_INDDEMOG1_1(1.0),A,ITG27,MEANAGECH,2018,32.5,,,,TIPO_DATO15__MEANAGECH_N1,,,
IT1:22_293_DF_DCIS_INDDEMOG1_1(1.0),A,ITG27,MEANAGECH,2019,32.9,,,,TIPO_DATO15__MEANAGECH_N1,,,
IT1:22_293_DF_DCIS_INDDEMOG1_1(1.0),A,ITG27,MEANAGECH,2020,33.1,,,,TIPO_DATO15__MEANAGECH_N1,,,
IT1:22_293_DF_DCIS_INDDEMOG1_1(1.0),A,ITG27,MEANAGECH,2021,33.2,,,,TIPO_DATO15__MEANAGECH_N1,,,
IT1:22_293_DF_DCIS_INDDEMOG1_1(1.0),A,ITG27,MEANAGECH,2022,32.9,,,,TIPO_DATO15__MEANAGECH_N1,,,
IT1:22_293_DF_DCIS_INDDEMOG1_1(1.0),A,ITG27,MEANAGECH,2023,33.2,,,,TIPO_DATO15__MEANAGECH_N1,,,
IT1:22_293_DF_DCIS_INDDEMOG1_1(1.0),A,ITG27,MEANAGECH,2024,33.4,,,,TIPO_DATO15__MEANAGECH_N1,,,
IT1:22_293_DF_DCIS_INDDEMOG1_1(1.0),A,ITG27,MEANAGECH,2025,33.4,e,,,TIPO_DATO15__MEANAGECH_N1,,,
IT1:22_293_DF_DCIS_INDDEMOG1_1(1.0),A,ITG28,MEANAGECH,2015,32.3,,,,TIPO_DATO15__MEANAGECH_N1,,,
IT1:22_293_DF_DCIS_INDDEMOG1_1(1.0),A,ITG28,MEANAGECH,2016,32.8,,,,TIPO_DATO15__MEANAGECH_N1,,,
IT1:22_293_DF_DCIS_INDDEMOG1_1(1.0),A,ITG28,MEANAGECH,2017,32.6,,,,TIPO_DATO15__MEANAGECH_N1,,,
IT1:22_293_DF_DCIS_INDDEMOG1_1(1.0),A,ITG28,MEANAGECH,2018,32.6,,,,TIPO_DATO15__MEANAGECH_N1,,,
IT1:22_293_DF_DCIS_INDDEMOG1_1(1.0),A,ITG28,MEANAGECH,2019,33.1,,,,TIPO_DATO15__MEANAGECH_N1,,,
IT1:22_293_DF_DCIS_INDDEMOG1_1(1.0),A,ITG28,MEANAGECH,2020,33.4,,,,TIPO_DATO15__MEANAGECH_N1,,,
IT1:22_293_DF_DCIS_INDDEMOG1_1(1.0),A,ITG28,MEANAGECH,2021,33.2,,,,TIPO_DATO15__MEANAGECH_N1,,,
IT1:22_293_DF_DCIS_INDDEMOG1_1(1.0),A,ITG28,MEANAGECH,2022,33.2,,,,TIPO_DATO15__MEANAGECH_N1,,,
IT1:22_293_DF_DCIS_INDDEMOG1_1(1.0),A,ITG28,MEANAGECH,2023,33.7,,,,TIPO_DATO15__MEANAGECH_N1,,,
IT1:22_293_DF_DCIS_INDDEMOG1_1(1.0),A,ITG28,MEANAGECH,2024,33.6,,,,TIPO_DATO15__MEANAGECH_N1,,,
IT1:22_293_DF_DCIS_INDDEMOG1_1(1.0),A,ITG28,MEANAGECH,2025,33.2,e,,,TIPO_DATO15__MEANAGECH_N1,,,
