DATAFLOW,FREQ,REF_AREA,DATA_TYPE,TIME_PERIOD,OBS_VALUE,OBS_STATUS,NOTE_DS,NOTE_REF_AREA,NOTE_DATA_TYPE,BASE_PER,UNIT_MEAS,UNIT_MULT
IT1:22_293_DF_DCIS_INDDEMOG1_1(1.0),A,IT,POP014,2015,13.8,,,,TIPO_DATO15__POP014_N1,,,
IT1:22_293_DF_DCIS_INDDEMOG1_1(1.0),A,IT,POP014,2016,13.7,,,,TIPO_DATO15__POP014_N1,,,
IT1:22_293_DF_DCIS_INDDEMOG1_1(1.0),A,IT,POP014,2017,13.5,,,,TIPO_DATO15__POP014_N1,,,
IT1:22_293_DF_DCIS_INDDEMOG1_1(1.0),A,IT,POP014,2018,13.4,,,,TIPO_DATO15__POP014_N1,,,
IT1:22_293_DF_DCIS_INDDEMOG1_1(1.0),A,IT,POP014,2019,13.2,,,,TIPO_DATO15__POP014_N1,,,
IT1:22_293_DF_DCIS_INDDEMOG1_1(1.0),A,IT,POP014,2020,13,,,,TIPO_DATO15__POP014_N1,,,
IT1:22_293_DF_DCIS_INDDEMOG1_1(1.0),A,IT,POP014,2021,12.9,,,,TIPO_DATO15__POP014_N1,,,
IT1:22_293_DF_DCIS_INDDEMOG1_1(1.0),A,IT,POP014,2022,12.7,,,,TIPO_DATO15__POP014_N1,,,
IT1:22_293_DF_DCIS_INDDEMOG1_1(1.0),A,IT,POP014,2023,12.4,,,,TIPO_DATO15__POP014_N1,,,
IT1:22_293_DF_DCIS_INDDEMOG1_1(1.0),A,IT,POP014,2024,12.2,,,,TIPO_DATO15__POP014_N1,,,
IT1:22_293_DF_DCIS_INDDEMOG1_1(1.0),A,IT,POP014,2025,11.9,,,,TIPO_DATO15__POP014_N1,,,
IT1:22_293_DF_DCIS_INDDEMOG1_1(1.0),A,IT,POP014,2026,11.6,e,,,TIPO_DATO15__POP014_N1,,,
IT1:22_293_DF_DCIS_INDDEMOG1_1(1.0),A,IT108,POP014,2015,14.5,,,,TIPO_DATO15__POP014_N1,,,
IT1:22_293_DF_DCIS_INDDEMOG1_1(1.0),A,IT108,POP014,2016,14.4,,,,TIPO_DATO15__POP014_N1,,,
IT1:22_293_DF_DCIS_INDDEMOG1_1(1.0),A,IT108,POP014,2017,14.3,,,,TIPO_DATO15__POP014_N1,,,
IT1:22_293_DF_DCIS_INDDEMOG1_1(1.0),A,IT108,POP014,2018,14.1,,,,TIPO_DATO15__POP014_N1,,,
IT1:22_293_DF_DCIS_INDDEMOG1_1(1.0),A,IT108,POP014,2019,13.9,,,,TIPO_DATO15__POP014_N1,,,
IT1:22_293_DF_DCIS_INDDEMOG1_1(1.0),A,IT108,POP014,2020,13.7,,,,TIPO_DATO15__POP014_N1,,,
IT1:22_293_DF_DCIS_INDDEMOG1_1(1.0),A,IT108,POP014,2021,13.6,,,,TIPO_DATO15__POP014_N1,,,
IT1:22_293_DF_DCIS_INDDEMOG1_1(1.0),A,IT108,POP014,2022,13.4,,,,TIPO_DATO15__POP014_N1,,,
IT1:22_293_DF_DCIS_INDDEMOG1_1(1.0),A,IT108,POP014,2023,13.1,,,,TIPO_DATO15__POP014_N1,,,
IT1:22_293_DF_DCIS_INDDEMOG1_1(1.0),A,IT108,POP014,2024,12.8,,,,TIPO_DATO15__POP014_N1,,,
IT1:22_293_DF_DCIS_INDDEMOG1_1(1.0),A,IT108,POP014,2025,12.5,,,,TIPO_DATO15__POP014_N1,,,
IT1:22_293_DF_DCIS_INDDEMOG1_1(1.0),A,IT108,POP014,2026,12.1,e,,,TIPO_DATO15__POP014_N1,,,
IT1:22_293_DF_DCIS_INDDEMOG1_1(1.0),A,IT109,POP014,2015,12.8,,,,TIPO_DATO15__POP014_N1,,,
IT1:22_293_DF_DCIS_INDDEMOG1_1(1.0),A,IT109,POP014,2016,12.7,,,,TIPO_DATO15__POP014_N1,,,
IT1:22_293_DF_DCIS_INDDEMOG1_1(1.0),A,IT109,POP014,2017,12.6,,,,TIPO_DATO15__POP014_N1,,,
IT1:22_293_DF_DCIS_INDDEMOG1_1(1.0),A,IT109,POP014,2018,12.4,,,,TIPO_DATO15__POP014_N1,,,
IT1:22_293_DF_DCIS_INDDEMOG1_1(1.0),A,IT109,POP014,2019,12.2,,,,TIPO_DATO15__POP014_N1,,,
IT1:22_293_DF_DCIS_INDDEMOG1_1(1.0),A,IT109,POP014,2020,12,,,,TIPO_DATO15__POP014_N1,,,
IT1:22_293_DF_DCIS_INDDEMOG1_1(1.0),A,IT109,POP014,2021,11.9,,,,TIPO_DATO15__POP014_N1,,,
IT1:22_293_DF_DCIS_INDDEMOG1_1(1.0),A,IT109,POP014,2022,11.7,,,,TIPO_DATO15__POP014_N1,,,
IT1:22_293_DF_DCIS_INDDEMOG1_1(1.0),A,IT109,POP014,2023,11.5,,,,TIPO_DATO15__POP014_N1,,,
IT1:22_293_DF_DCIS_INDDEMOG1_1(1.0),A,IT109,POP014,2024,11.3,,,,TIPO_DATO15__POP014_N1,,,
IT1:22_293_DF_DCIS_INDDEMOG1_1(1.0),A,IT109,POP014,2025,11.1,,,,TIPO_DATO15__POP014_N1,,,
IT1:22_293_DF_DCIS_INDDEMOG1_1(1.0),A,IT109,POP014,2026,10.8,e,,,TIPO_DATO15__POP014_N1,,,
IT1:22_293_DF_DCIS_INDDEMOG1_1(1.0),A,IT110,POP014,2015,15.4,,,,TIPO_DATO15__POP014_N1,,,
IT1:22_293_DF_DCIS_INDDEMOG1_1(1.0),A,IT110,POP014,2016,15,,,,TIPO_DATO15__POP014_N1,,,
IT1:22_293_DF_DCIS_INDDEMOG1_1(1.0),A,IT110,POP014,2017,14.7,,,,TIPO_DATO15__POP014_N1,,,
IT1:22_293_DF_DCIS_INDDEMOG1_1(1.0),A,IT110,POP014,2018,14.4,,,,TIPO_DATO15__POP014_N1,,,
IT1:22_293_DF_DCIS_INDDEMOG1_1(1.0),A,IT110,POP014,2019,14.1,,,,TIPO_DATO15__POP014_N1,,,
IT1:22_293_DF_DCIS_INDDEMOG1_1(1.0),A,IT110,POP014,2020,13.8,,,,TIPO_DATO15__POP014_N1,,,
IT1:22_293_DF_DCIS_INDDEMOG1_1(1.0),A,IT110,POP014,2021,13.6,,,,TIPO_DATO15__POP014_N1,,,
IT1:22_293_DF_DCIS_INDDEMOG1_1(1.0),A,IT110,POP014,2022,13.3,,,,TIPO_DATO15__POP014_N1,,,
IT1:22_293_DF_DCIS_INDDEMOG1_1(1.0),A,IT110,POP014,2023,13,,,,TIPO_DATO15__POP014_N1,,,
IT1:22_293_DF_DCIS_INDDEMOG1_1(1.0),A,IT110,POP014,2024,12.8,,,,TIPO_DATO15__POP014_N1,,,
IT1:22_293_DF_DCIS_INDDEMOG1_1(1.0),A,IT110,POP014,2025,12.5,,,,TIPO_DATO15__POP014_N1,,,
IT1:22_293_DF_DCIS_INDDEMOG1_1(1.0),A,IT110,POP014,2026,12.2,e,,,TIPO_DATO15__POP014_N1,,,
IT1:22_293_DF_DCIS_INDDEMOG1_1(1.0),A,IT111,POP014,2015,11.2,,,,TIPO_DATO15__POP014_N1,,,
IT1:22_293_DF_DCIS_INDDEMOG1_1(1.0),A,IT111,POP014,2016,11,,,,TIPO_DATO15__POP014_N1,,,
IT1:22_293_DF_DCIS_INDDEMOG1_1(1.0),A,IT111,POP014,2017,10.8,,,,TIPO_DATO15__POP014_N1,,,
IT1:22_293_DF_DCIS_INDDEMOG1_1(1.0),A,IT111,POP014,2018,10.6,,,,TIPO_DATO15__POP014_N1,,,
IT1:22_293_DF_DCIS_INDDEMOG1_1(1.0),A,IT111,POP014,2019,10.4,,,,TIPO_DATO15__POP014_N1,,,
IT1:22_293_DF_DCIS_INDDEMOG1_1(1.0),A,IT111,POP014,2020,10.3,,,,TIPO_DATO15__POP014_N1,,,
IT1:22_293_DF_DCIS_INDDEMOG1_1(1.0),A,IT111,POP014,2021,10.2,,,,TIPO_DATO15__POP014_N1,,,
IT1:22_293_DF_DCIS_INDDEMOG1_1(1.0),A,IT111,POP014,2022,10,,,,TIPO_DATO15__POP014_N1,,,
IT1:22_293_DF_DCIS_INDDEMOG1_1(1.0),A,IT111,POP014,2023,9.8,,,,TIPO_DATO15__POP014_N1,,,
IT1:22_293_DF_DCIS_INDDEMOG1_1(1.0),A,IT111,POP014,2024,9.5,,,,TIPO_DATO15__POP014_N1,,,
IT1:22_293_DF_DCIS_INDDEMOG1_1(1.0),A,IT111,POP014,2025,9.2,,,,TIPO_DATO15__POP014_N1,,,
IT1:22_293_DF_DCIS_INDDEMOG1_1(1.0),A,IT111,POP014,2026,8.9,e,,,TIPO_DATO15__POP014_N1,,,
IT1:22_293_DF_DCIS_INDDEMOG1_1(1.0),A,ITC,POP014,2015,13.6,,,,TIPO_DATO15__POP014_N1,,,
IT1:22_293_DF_DCIS_INDDEMOG1_1(1.0),A,ITC,POP014,2016,13.5,,,,TIPO_DATO15__POP014_N1,,,
IT1:22_293_DF_DCIS_INDDEMOG1_1(1.0),A,ITC,POP014,2017,13.3,,,,TIPO_DATO15__POP014_N1,,,
IT1:22_293_DF_DCIS_INDDEMOG1_1(1.0),A,ITC,POP014,2018,13.2,,,,TIPO_DATO15__POP014_N1,,,
IT1:22_293_DF_DCIS_INDDEMOG1_1(1.0),A,ITC,POP014,2019,13,,,,TIPO_DATO15__POP014_N1,,,
IT1:22_293_DF_DCIS_INDDEMOG1_1(1.0),A,ITC,POP014,2020,12.8,,,,TIPO_DATO15__POP014_N1,,,
IT1:22_293_DF_DCIS_INDDEMOG1_1(1.0),A,ITC,POP014,2021,12.7,,,,TIPO_DATO15__POP014_N1,,,
IT1:22_293_DF_DCIS_INDDEMOG1_1(1.0),A,ITC,POP014,2022,12.6,,,,TIPO_DATO15__POP014_N1,,,
IT1:22_293_DF_DCIS_INDDEMOG1_1(1.0),A,ITC,POP014,2023,12.3,,,,TIPO_DATO15__POP014_N1,,,
IT1:22_293_DF_DCIS_INDDEMOG1_1(1.0),A,ITC,POP014,2024,12,,,,TIPO_DATO15__POP014_N1,,,
IT1:22_293_DF_DCIS_INDDEMOG1_1(1.0),A,ITC,POP014,2025,11.7,,,,TIPO_DATO15__POP014_N1,,,
IT1:22_293_DF_DCIS_INDDEMOG1_1(1.0),A,ITC,POP014,2026,11.5,e,,,TIPO_DATO15__POP014_N1,,,
IT1:22_293_DF_DCIS_INDDEMOG1_1(1.0),A,ITC1,POP014,2015,12.9,,,,TIPO_DATO15__POP014_N1,,,
IT1:22_293_DF_DCIS_INDDEMOG1_1(1.0),A,ITC1,POP014,2016,12.8,,,,TIPO_DATO15__POP014_N1,,,
IT1:22_293_DF_DCIS_INDDEMOG1_1(1.0),A,ITC1,POP014,2017,12.7,,,,TIPO_DATO15__POP014_N1,,,
IT1:22_293_DF_DCIS_INDDEMOG1_1(1.0),A,ITC1,POP014,2018,12.5,,,,TIPO_DATO15__POP014_N1,,,
IT1:22_293_DF_DCIS_INDDEMOG1_1(1.0),A,ITC1,POP014,2019,12.4,,,,TIPO_DATO15__POP014_N1,,,
IT1:22_293_DF_DCIS_INDDEMOG1_1(1.0),A,ITC1,POP014,2020,12.2,,,,TIPO_DATO15__POP014_N1,,,
IT1:22_293_DF_DCIS_INDDEMOG1_1(1.0),A,ITC1,POP014,2021,12.1,,,,TIPO_DATO15__POP014_N1,,,
IT1:22_293_DF_DCIS_INDDEMOG1_1(1.0),A,ITC1,POP014,2022,11.9,,,,TIPO_DATO15__POP014_N1,,,
IT1:22_293_DF_DCIS_INDDEMOG1_1(1.0),A,ITC1,POP014,2023,11.7,,,,TIPO_DATO15__POP014_N1,,,
IT1:22_293_DF_DCIS_INDDEMOG1_1(1.0),A,ITC1,POP014,2024,11.5,,,,TIPO_DATO15__POP014_N1,,,
IT1:22_293_DF_DCIS_INDDEMOG1_1(1.0),A,ITC1,POP014,2025,11.2,,,,TIPO_DATO15__POP014_N1,,,
IT1:22_293_DF_DCIS_INDDEMOG1_1(1.0),A,ITC1,POP014,2026,10.9,e,,,TIPO_DATO15__POP014_N1,,,
IT1:22_293_DF_DCIS_INDDEMOG1_1(1.0),A,ITC11,POP014,2015,13.1,,,,TIPO_DATO15__POP014_N1,,,
IT1:22_293_DF_DCIS_INDDEMOG1_1(1.0),A,ITC11,POP014,2016,13,,,,TIPO_DATO15__POP014_N1,,,
IT1:22_293_DF_DCIS_INDDEMOG1_1(1.0),A,ITC11,POP014,2017,12.9,,,,TIPO_DATO15__POP014_N1,,,
IT1:22_293_DF_DCIS_INDDEMOG1_1(1.0),A,ITC11,POP014,2018,12.8,,,,TIPO_DATO15__POP014_N1,,,
IT1:22_293_DF_DCIS_INDDEMOG1_1(1.0),A,ITC11,POP014,2019,12.6,,,,TIPO_DATO15__POP014_N1,,,
IT1:22_293_DF_DCIS_INDDEMOG1_1(1.0),A,ITC11,POP014,2020,12.4,,,,TIPO_DATO15__POP014_N1,,,
IT1:22_293_DF_DCIS_INDDEMOG1_1(1.0),A,ITC11,POP014,2021,12.3,,,,TIPO_DATO15__POP014_N1,,,
IT1:22_293_DF_DCIS_INDDEMOG1_1(1.0),A,ITC11,POP014,2022,12.1,,,,TIPO_DATO15__POP014_N1,,,
IT1:22_293_DF_DCIS_INDDEMOG1_1(1.0),A,ITC11,POP014,2023,11.8,,,,TIPO_DATO15__POP014_N1,,,
IT1:22_293_DF_DCIS_INDDEMOG1_1(1.0),A,ITC11,POP014,2024,11.5,,,,TIPO_DATO15__POP014_N1,,,
IT1:22_293_DF_DCIS_INDDEMOG1_1(1.0),A,ITC11,POP014,2025,11.2,,,,TIPO_DATO15__POP014_N1,,,
IT1:22_293_DF_DCIS_INDDEMOG1_1(1.0),A,ITC11,POP014,2026,10.9,e,,,TIPO_DATO15__POP014_N1,,,
IT1:22_293_DF_DCIS_INDDEMOG1_1(1.0),A,ITC12,POP014,2015,11.9,,,,TIPO_DATO15__POP014_N1,,,
IT1:22_293_DF_DCIS_INDDEMOG1_1(1.0),A,ITC12,POP014,2016,11.7,,,,TIPO_DATO15__POP014_N1,,,
IT1:22_293_DF_DCIS_INDDEMOG1_1(1.0),A,ITC12,POP014,2017,11.6,,,,TIPO_DATO15__POP014_N1,,,
IT1:22_293_DF_DCIS_INDDEMOG1_1(1.0),A,ITC12,POP014,2018,11.5,,,,TIPO_DATO15__POP014_N1,,,
IT1:22_293_DF_DCIS_INDDEMOG1_1(1.0),A,ITC12,POP014,2019,11.4,,,,TIPO_DATO15__POP014_N1,,,
IT1:22_293_DF_DCIS_INDDEMOG1_1(1.0),A,ITC12,POP014,2020,11.3,,,,TIPO_DATO15__POP014_N1,,,
IT1:22_293_DF_DCIS_INDDEMOG1_1(1.0),A,ITC12,POP014,2021,11.3,,,,TIPO_DATO15__POP014_N1,,,
IT1:22_293_DF_DCIS_INDDEMOG1_1(1.0),A,ITC12,POP014,2022,11.2,,,,TIPO_DATO15__POP014_N1,,,
IT1:22_293_DF_DCIS_INDDEMOG1_1(1.0),A,ITC12,POP014,2023,11,,,,TIPO_DATO15__POP014_N1,,,
IT1:22_293_DF_DCIS_INDDEMOG1_1(1.0),A,ITC12,POP014,2024,10.9,,,,TIPO_DATO15__POP014_N1,,,
IT1:22_293_DF_DCIS_INDDEMOG1_1(1.0),A,ITC12,POP014,2025,10.7,,,,TIPO_DATO15__POP014_N1,,,
IT1:22_293_DF_DCIS_INDDEMOG1_1(1.0),A,ITC12,POP014,2026,10.6,e,,,TIPO_DATO15__POP014_N1,,,
IT1:22_293_DF_DCIS_INDDEMOG1_1(1.0),A,ITC13,POP014,2015,11.5,,,,TIPO_DATO15__POP014_N1,,,
IT1:22_293_DF_DCIS_INDDEMOG1_1(1.0),A,ITC13,POP014,2016,11.3,,,,TIPO_DATO15__POP014_N1,,,
IT1:22_293_DF_DCIS_INDDEMOG1_1(1.0),A,ITC13,POP014,2017,11.2,,,,TIPO_DATO15__POP014_N1,,,
IT1:22_293_DF_DCIS_INDDEMOG1_1(1.0),A,ITC13,POP014,2018,11,,,,TIPO_DATO15__POP014_N1,,,
IT1:22_293_DF_DCIS_INDDEMOG1_1(1.0),A,ITC13,POP014,2019,10.8,,,,TIPO_DATO15__POP014_N1,,,
IT1:22_293_DF_DCIS_INDDEMOG1_1(1.0),A,ITC13,POP014,2020,10.6,,,,TIPO_DATO15__POP014_N1,,,
IT1:22_293_DF_DCIS_INDDEMOG1_1(1.0),A,ITC13,POP014,2021,10.4,,,,TIPO_DATO15__POP014_N1,,,
IT1:22_293_DF_DCIS_INDDEMOG1_1(1.0),A,ITC13,POP014,2022,10.2,,,,TIPO_DATO15__POP014_N1,,,
IT1:22_293_DF_DCIS_INDDEMOG1_1(1.0),A,ITC13,POP014,2023,10,,,,TIPO_DATO15__POP014_N1,,,
IT1:22_293_DF_DCIS_INDDEMOG1_1(1.0),A,ITC13,POP014,2024,9.8,,,,TIPO_DATO15__POP014_N1,,,
IT1:22_293_DF_DCIS_INDDEMOG1_1(1.0),A,ITC13,POP014,2025,9.7,,,,TIPO_DATO15__POP014_N1,,,
IT1:22_293_DF_DCIS_INDDEMOG1_1(1.0),A,ITC13,POP014,2026,9.5,e,,,TIPO_DATO15__POP014_N1,,,
IT1:22_293_DF_DCIS_INDDEMOG1_1(1.0),A,ITC14,POP014,2015,11.9,,,,TIPO_DATO15__POP014_N1,,,
IT1:22_293_DF_DCIS_INDDEMOG1_1(1.0),A,ITC14,POP014,2016,11.8,,,,TIPO_DATO15__POP014_N1,,,
IT1:22_293_DF_DCIS_INDDEMOG1_1(1.0),A,ITC14,POP014,2017,11.6,,,,TIPO_DATO15__POP014_N1,,,
IT1:22_293_DF_DCIS_INDDEMOG1_1(1.0),A,ITC14,POP014,2018,11.4,,,,TIPO_DATO15__POP014_N1,,,
IT1:22_293_DF_DCIS_INDDEMOG1_1(1.0),A,ITC14,POP014,2019,11.2,,,,TIPO_DATO15__POP014_N1,,,
IT1:22_293_DF_DCIS_INDDEMOG1_1(1.0),A,ITC14,POP014,2020,11,,,,TIPO_DATO15__POP014_N1,,,
IT1:22_293_DF_DCIS_INDDEMOG1_1(1.0),A,ITC14,POP014,2021,10.9,,,,TIPO_DATO15__POP014_N1,,,
IT1:22_293_DF_DCIS_INDDEMOG1_1(1.0),A,ITC14,POP014,2022,10.6,,,,TIPO_DATO15__POP014_N1,,,
IT1:22_293_DF_DCIS_INDDEMOG1_1(1.0),A,ITC14,POP014,2023,10.4,,,,TIPO_DATO15__POP014_N1,,,
IT1:22_293_DF_DCIS_INDDEMOG1_1(1.0),A,ITC14,POP014,2024,10.2,,,,TIPO_DATO15__POP014_N1,,,
IT1:22_293_DF_DCIS_INDDEMOG1_1(1.0),A,ITC14,POP014,2025,9.9,,,,TIPO_DATO15__POP014_N1,,,
IT1:22_293_DF_DCIS_INDDEMOG1_1(1.0),A,ITC14,POP014,2026,9.7,e,,,TIPO_DATO15__POP014_N1,,,
IT1:22_293_DF_DCIS_INDDEMOG1_1(1.0),A,ITC15,POP014,2015,13.4,,,,TIPO_DATO15__POP014_N1,,,
IT1:22_293_DF_DCIS_INDDEMOG1_1(1.0),A,ITC15,POP014,2016,13.3,,,,TIPO_DATO15__POP014_N1,,,
IT1:22_293_DF_DCIS_INDDEMOG1_1(1.0),A,ITC15,POP014,2017,13.2,,,,TIPO_DATO15__POP014_N1,,,
IT1:22_293_DF_DCIS_INDDEMOG1_1(1.0),A,ITC15,POP014,2018,13.1,,,,TIPO_DATO15__POP014_N1,,,
IT1:22_293_DF_DCIS_INDDEMOG1_1(1.0),A,ITC15,POP014,2019,12.9,,,,TIPO_DATO15__POP014_N1,,,
IT1:22_293_DF_DCIS_INDDEMOG1_1(1.0),A,ITC15,POP014,2020,12.8,,,,TIPO_DATO15__POP014_N1,,,
IT1:22_293_DF_DCIS_INDDEMOG1_1(1.0),A,ITC15,POP014,2021,12.7,,,,TIPO_DATO15__POP014_N1,,,
IT1:22_293_DF_DCIS_INDDEMOG1_1(1.0),A,ITC15,POP014,2022,12.5,,,,TIPO_DATO15__POP014_N1,,,
IT1:22_293_DF_DCIS_INDDEMOG1_1(1.0),A,ITC15,POP014,2023,12.2,,,,TIPO_DATO15__POP014_N1,,,
IT1:22_293_DF_DCIS_INDDEMOG1_1(1.0),A,ITC15,POP014,2024,12,,,,TIPO_DATO15__POP014_N1,,,
IT1:22_293_DF_DCIS_INDDEMOG1_1(1.0),A,ITC15,POP014,2025,11.8,,,,TIPO_DATO15__POP014_N1,,,
IT1:22_293_DF_DCIS_INDDEMOG1_1(1.0),A,ITC15,POP014,2026,11.5,e,,,TIPO_DATO15__POP014_N1,,,
IT1:22_293_DF_DCIS_INDDEMOG1_1(1.0),A,ITC16,POP014,2015,13.8,,,,TIPO_DATO15__POP014_N1,,,
IT1:22_293_DF_DCIS_INDDEMOG1_1(1.0),A,ITC16,POP014,2016,13.7,,,,TIPO_DATO15__POP014_N1,,,
IT1:22_293_DF_DCIS_INDDEMOG1_1(1.0),A,ITC16,POP014,2017,13.5,,,,TIPO_DATO15__POP014_N1,,,
IT1:22_293_DF_DCIS_INDDEMOG1_1(1.0),A,ITC16,POP014,2018,13.4,,,,TIPO_DATO15__POP014_N1,,,
IT1:22_293_DF_DCIS_INDDEMOG1_1(1.0),A,ITC16,POP014,2019,13.3,,,,TIPO_DATO15__POP014_N1,,,
IT1:22_293_DF_DCIS_INDDEMOG1_1(1.0),A,ITC16,POP014,2020,13.2,,,,TIPO_DATO15__POP014_N1,,,
IT1:22_293_DF_DCIS_INDDEMOG1_1(1.0),A,ITC16,POP014,2021,13.1,,,,TIPO_DATO15__POP014_N1,,,
IT1:22_293_DF_DCIS_INDDEMOG1_1(1.0),A,ITC16,POP014,2022,13,,,,TIPO_DATO15__POP014_N1,,,
IT1:22_293_DF_DCIS_INDDEMOG1_1(1.0),A,ITC16,POP014,2023,12.8,,,,TIPO_DATO15__POP014_N1,,,
IT1:22_293_DF_DCIS_INDDEMOG1_1(1.0),A,ITC16,POP014,2024,12.6,,,,TIPO_DATO15__POP014_N1,,,
IT1:22_293_DF_DCIS_INDDEMOG1_1(1.0),A,ITC16,POP014,2025,12.3,,,,TIPO_DATO15__POP014_N1,,,
IT1:22_293_DF_DCIS_INDDEMOG1_1(1.0),A,ITC16,POP014,2026,12.1,e,,,TIPO_DATO15__POP014_N1,,,
IT1:22_293_DF_DCIS_INDDEMOG1_1(1.0),A,ITC17,POP014,2015,12.8,,,,TIPO_DATO15__POP014_N1,,,
IT1:22_293_DF_DCIS_INDDEMOG1_1(1.0),A,ITC17,POP014,2016,12.7,,,,TIPO_DATO15__POP014_N1,,,
IT1:22_293_DF_DCIS_INDDEMOG1_1(1.0),A,ITC17,POP014,2017,12.6,,,,TIPO_DATO15__POP014_N1,,,
IT1:22_293_DF_DCIS_INDDEMOG1_1(1.0),A,ITC17,POP014,2018,12.4,,,,TIPO_DATO15__POP014_N1,,,
IT1:22_293_DF_DCIS_INDDEMOG1_1(1.0),A,ITC17,POP014,2019,12.2,,,,TIPO_DATO15__POP014_N1,,,
IT1:22_293_DF_DCIS_INDDEMOG1_1(1.0),A,ITC17,POP014,2020,12,,,,TIPO_DATO15__POP014_N1,,,
IT1:22_293_DF_DCIS_INDDEMOG1_1(1.0),A,ITC17,POP014,2021,11.9,,,,TIPO_DATO15__POP014_N1,,,
IT1:22_293_DF_DCIS_INDDEMOG1_1(1.0),A,ITC17,POP014,2022,11.7,,,,TIPO_DATO15__POP014_N1,,,
IT1:22_293_DF_DCIS_INDDEMOG1_1(1.0),A,ITC17,POP014,2023,11.5,,,,TIPO_DATO15__POP014_N1,,,
IT1:22_293_DF_DCIS_INDDEMOG1_1(1.0),A,ITC17,POP014,2024,11.3,,,,TIPO_DATO15__POP014_N1,,,
IT1:22_293_DF_DCIS_INDDEMOG1_1(1.0),A,ITC17,POP014,2025,11,,,,TIPO_DATO15__POP014_N1,,,
IT1:22_293_DF_DCIS_INDDEMOG1_1(1.0),A,ITC17,POP014,2026,10.8,e,,,TIPO_DATO15__POP014_N1,,,
IT1:22_293_DF_DCIS_INDDEMOG1_1(1.0),A,ITC18,POP014,2015,11.5,,,,TIPO_DATO15__POP014_N1,,,
IT1:22_293_DF_DCIS_INDDEMOG1_1(1.0),A,ITC18,POP014,2016,11.5,,,,TIPO_DATO15__POP014_N1,,,
IT1:22_293_DF_DCIS_INDDEMOG1_1(1.0),A,ITC18,POP014,2017,11.4,,,,TIPO_DATO15__POP014_N1,,,
IT1:22_293_DF_DCIS_INDDEMOG1_1(1.0),A,ITC18,POP014,2018,11.3,,,,TIPO_DATO15__POP014_N1,,,
IT1:22_293_DF_DCIS_INDDEMOG1_1(1.0),A,ITC18,POP014,2019,11.1,,,,TIPO_DATO15__POP014_N1,,,
IT1:22_293_DF_DCIS_INDDEMOG1_1(1.0),A,ITC18,POP014,2020,11,,,,TIPO_DATO15__POP014_N1,,,
IT1:22_293_DF_DCIS_INDDEMOG1_1(1.0),A,ITC18,POP014,2021,10.9,,,,TIPO_DATO15__POP014_N1,,,
IT1:22_293_DF_DCIS_INDDEMOG1_1(1.0),A,ITC18,POP014,2022,10.8,,,,TIPO_DATO15__POP014_N1,,,
IT1:22_293_DF_DCIS_INDDEMOG1_1(1.0),A,ITC18,POP014,2023,10.6,,,,TIPO_DATO15__POP014_N1,,,
IT1:22_293_DF_DCIS_INDDEMOG1_1(1.0),A,ITC18,POP014,2024,10.5,,,,TIPO_DATO15__POP014_N1,,,
IT1:22_293_DF_DCIS_INDDEMOG1_1(1.0),A,ITC18,POP014,2025,10.3,,,,TIPO_DATO15__POP014_N1,,,
IT1:22_293_DF_DCIS_INDDEMOG1_1(1.0),A,ITC18,POP014,2026,10.1,e,,,TIPO_DATO15__POP014_N1,,,
IT1:22_293_DF_DCIS_INDDEMOG1_1(1.0),A,ITC2,POP014,2015,13.9,,,,TIPO_DATO15__POP014_N1,,,
IT1:22_293_DF_DCIS_INDDEMOG1_1(1.0),A,ITC2,POP014,2016,13.7,,,,TIPO_DATO15__POP014_N1,,,
IT1:22_293_DF_DCIS_INDDEMOG1_1(1.0),A,ITC2,POP014,2017,13.5,,,,TIPO_DATO15__POP014_N1,,,
IT1:22_293_DF_DCIS_INDDEMOG1_1(1.0),A,ITC2,POP014,2018,13.4,,,,TIPO_DATO15__POP014_N1,,,
IT1:22_293_DF_DCIS_INDDEMOG1_1(1.0),A,ITC2,POP014,2019,13.1,,,,TIPO_DATO15__POP014_N1,,,
IT1:22_293_DF_DCIS_INDDEMOG1_1(1.0),A,ITC2,POP014,2020,12.9,,,,TIPO_DATO15__POP014_N1,,,
IT1:22_293_DF_DCIS_INDDEMOG1_1(1.0),A,ITC2,POP014,2021,12.7,,,,TIPO_DATO15__POP014_N1,,,
IT1:22_293_DF_DCIS_INDDEMOG1_1(1.0),A,ITC2,POP014,2022,12.4,,,,TIPO_DATO15__POP014_N1,,,
IT1:22_293_DF_DCIS_INDDEMOG1_1(1.0),A,ITC2,POP014,2023,12.1,,,,TIPO_DATO15__POP014_N1,,,
IT1:22_293_DF_DCIS_INDDEMOG1_1(1.0),A,ITC2,POP014,2024,11.8,,,,TIPO_DATO15__POP014_N1,,,
IT1:22_293_DF_DCIS_INDDEMOG1_1(1.0),A,ITC2,POP014,2025,11.4,,,,TIPO_DATO15__POP014_N1,,,
IT1:22_293_DF_DCIS_INDDEMOG1_1(1.0),A,ITC2,POP014,2026,11.1,e,,,TIPO_DATO15__POP014_N1,,,
IT1:22_293_DF_DCIS_INDDEMOG1_1(1.0),A,ITC20,POP014,2015,13.9,,,,TIPO_DATO15__POP014_N1,,,
IT1:22_293_DF_DCIS_INDDEMOG1_1(1.0),A,ITC20,POP014,2016,13.7,,,,TIPO_DATO15__POP014_N1,,,
IT1:22_293_DF_DCIS_INDDEMOG1_1(1.0),A,ITC20,POP014,2017,13.5,,,,TIPO_DATO15__POP014_N1,,,
IT1:22_293_DF_DCIS_INDDEMOG1_1(1.0),A,ITC20,POP014,2018,13.4,,,,TIPO_DATO15__POP014_N1,,,
IT1:22_293_DF_DCIS_INDDEMOG1_1(1.0),A,ITC20,POP014,2019,13.1,,,,TIPO_DATO15__POP014_N1,,,
IT1:22_293_DF_DCIS_INDDEMOG1_1(1.0),A,ITC20,POP014,2020,12.9,,,,TIPO_DATO15__POP014_N1,,,
IT1:22_293_DF_DCIS_INDDEMOG1_1(1.0),A,ITC20,POP014,2021,12.7,,,,TIPO_DATO15__POP014_N1,,,
IT1:22_293_DF_DCIS_INDDEMOG1_1(1.0),A,ITC20,POP014,2022,12.4,,,,TIPO_DATO15__POP014_N1,,,
IT1:22_293_DF_DCIS_INDDEMOG1_1(1.0),A,ITC20,POP014,2023,12.1,,,,TIPO_DATO15__POP014_N1,,,
IT1:22_293_DF_DCIS_INDDEMOG1_1(1.0),A,ITC20,POP014,2024,11.8,,,,TIPO_DATO15__POP014_N1,,,
IT1:22_293_DF_DCIS_INDDEMOG1_1(1.0),A,ITC20,POP014,2025,11.4,,,,TIPO_DATO15__POP014_N1,,,
IT1:22_293_DF_DCIS_INDDEMOG1_1(1.0),A,ITC20,POP014,2026,11.1,e,,,TIPO_DATO15__POP014_N1,,,
IT1:22_293_DF_DCIS_INDDEMOG1_1(1.0),A,ITC3,POP014,2015,11.5,,,,TIPO_DATO15__POP014_N1,,,
IT1:22_293_DF_DCIS_INDDEMOG1_1(1.0),A,ITC3,POP014,2016,11.5,,,,TIPO_DATO15__POP014_N1,,,
IT1:22_293_DF_DCIS_INDDEMOG1_1(1.0),A,ITC3,POP014,2017,11.3,,,,TIPO_DATO15__POP014_N1,,,
IT1:22_293_DF_DCIS_INDDEMOG1_1(1.0),A,ITC3,POP014,2018,11.2,,,,TIPO_DATO15__POP014_N1,,,
IT1:22_293_DF_DCIS_INDDEMOG1_1(1.0),A,ITC3,POP014,2019,11.1,,,,TIPO_DATO15__POP014_N1,,,
IT1:22_293_DF_DCIS_INDDEMOG1_1(1.0),A,ITC3,POP014,2020,11,,,,TIPO_DATO15__POP014_N1,,,
IT1:22_293_DF_DCIS_INDDEMOG1_1(1.0),A,ITC3,POP014,2021,11,,,,TIPO_DATO15__POP014_N1,,,
IT1:22_293_DF_DCIS_INDDEMOG1_1(1.0),A,ITC3,POP014,2022,10.8,,,,TIPO_DATO15__POP014_N1,,,
IT1:22_293_DF_DCIS_INDDEMOG1_1(1.0),A,ITC3,POP014,2023,10.7,,,,TIPO_DATO15__POP014_N1,,,
IT1:22_293_DF_DCIS_INDDEMOG1_1(1.0),A,ITC3,POP014,2024,10.5,,,,TIPO_DATO15__POP014_N1,,,
IT1:22_293_DF_DCIS_INDDEMOG1_1(1.0),A,ITC3,POP014,2025,10.3,,,,TIPO_DATO15__POP014_N1,,,
IT1:22_293_DF_DCIS_INDDEMOG1_1(1.0),A,ITC3,POP014,2026,10.1,e,,,TIPO_DATO15__POP014_N1,,,
IT1:22_293_DF_DCIS_INDDEMOG1_1(1.0),A,ITC31,POP014,2015,11.4,,,,TIPO_DATO15__POP014_N1,,,
IT1:22_293_DF_DCIS_INDDEMOG1_1(1.0),A,ITC31,POP014,2016,11.3,,,,TIPO_DATO15__POP014_N1,,,
IT1:22_293_DF_DCIS_INDDEMOG1_1(1.0),A,ITC31,POP014,2017,11.2,,,,TIPO_DATO15__POP014_N1,,,
IT1:22_293_DF_DCIS_INDDEMOG1_1(1.0),A,ITC31,POP014,2018,11.2,,,,TIPO_DATO15__POP014_N1,,,
IT1:22_293_DF_DCIS_INDDEMOG1_1(1.0),A,ITC31,POP014,2019,11.1,,,,TIPO_DATO15__POP014_N1,,,
IT1:22_293_DF_DCIS_INDDEMOG1_1(1.0),A,ITC31,POP014,2020,10.9,,,,TIPO_DATO15__POP014_N1,,,
IT1:22_293_DF_DCIS_INDDEMOG1_1(1.0),A,ITC31,POP014,2021,11,,,,TIPO_DATO15__POP014_N1,,,
IT1:22_293_DF_DCIS_INDDEMOG1_1(1.0),A,ITC31,POP014,2022,10.9,,,,TIPO_DATO15__POP014_N1,,,
IT1:22_293_DF_DCIS_INDDEMOG1_1(1.0),A,ITC31,POP014,2023,10.9,,,,TIPO_DATO15__POP014_N1,,,
IT1:22_293_DF_DCIS_INDDEMOG1_1(1.0),A,ITC31,POP014,2024,10.7,,,,TIPO_DATO15__POP014_N1,,,
IT1:22_293_DF_DCIS_INDDEMOG1_1(1.0),A,ITC31,POP014,2025,10.6,,,,TIPO_DATO15__POP014_N1,,,
IT1:22_293_DF_DCIS_INDDEMOG1_1(1.0),A,ITC31,POP014,2026,10.4,e,,,TIPO_DATO15__POP014_N1,,,
IT1:22_293_DF_DCIS_INDDEMOG1_1(1.0),A,ITC32,POP014,2015,11.6,,,,TIPO_DATO15__POP014_N1,,,
IT1:22_293_DF_DCIS_INDDEMOG1_1(1.0),A,ITC32,POP014,2016,11.5,,,,TIPO_DATO15__POP014_N1,,,
IT1:22_293_DF_DCIS_INDDEMOG1_1(1.0),A,ITC32,POP014,2017,11.3,,,,TIPO_DATO15__POP014_N1,,,
IT1:22_293_DF_DCIS_INDDEMOG1_1(1.0),A,ITC32,POP014,2018,11.1,,,,TIPO_DATO15__POP014_N1,,,
IT1:22_293_DF_DCIS_INDDEMOG1_1(1.0),A,ITC32,POP014,2019,11,,,,TIPO_DATO15__POP014_N1,,,
IT1:22_293_DF_DCIS_INDDEMOG1_1(1.0),A,ITC32,POP014,2020,10.8,,,,TIPO_DATO15__POP014_N1,,,
IT1:22_293_DF_DCIS_INDDEMOG1_1(1.0),A,ITC32,POP014,2021,10.6,,,,TIPO_DATO15__POP014_N1,,,
IT1:22_293_DF_DCIS_INDDEMOG1_1(1.0),A,ITC32,POP014,2022,10.4,,,,TIPO_DATO15__POP014_N1,,,
IT1:22_293_DF_DCIS_INDDEMOG1_1(1.0),A,ITC32,POP014,2023,10.3,,,,TIPO_DATO15__POP014_N1,,,
IT1:22_293_DF_DCIS_INDDEMOG1_1(1.0),A,ITC32,POP014,2024,10,,,,TIPO_DATO15__POP014_N1,,,
IT1:22_293_DF_DCIS_INDDEMOG1_1(1.0),A,ITC32,POP014,2025,9.8,,,,TIPO_DATO15__POP014_N1,,,
IT1:22_293_DF_DCIS_INDDEMOG1_1(1.0),A,ITC32,POP014,2026,9.6,e,,,TIPO_DATO15__POP014_N1,,,
IT1:22_293_DF_DCIS_INDDEMOG1_1(1.0),A,ITC33,POP014,2015,11.6,,,,TIPO_DATO15__POP014_N1,,,
IT1:22_293_DF_DCIS_INDDEMOG1_1(1.0),A,ITC33,POP014,2016,11.5,,,,TIPO_DATO15__POP014_N1,,,
IT1:22_293_DF_DCIS_INDDEMOG1_1(1.0),A,ITC33,POP014,2017,11.4,,,,TIPO_DATO15__POP014_N1,,,
IT1:22_293_DF_DCIS_INDDEMOG1_1(1.0),A,ITC33,POP014,2018,11.2,,,,TIPO_DATO15__POP014_N1,,,
IT1:22_293_DF_DCIS_INDDEMOG1_1(1.0),A,ITC33,POP014,2019,11.1,,,,TIPO_DATO15__POP014_N1,,,
IT1:22_293_DF_DCIS_INDDEMOG1_1(1.0),A,ITC33,POP014,2020,11,,,,TIPO_DATO15__POP014_N1,,,
IT1:22_293_DF_DCIS_INDDEMOG1_1(1.0),A,ITC33,POP014,2021,11,,,,TIPO_DATO15__POP014_N1,,,
IT1:22_293_DF_DCIS_INDDEMOG1_1(1.0),A,ITC33,POP014,2022,10.8,,,,TIPO_DATO15__POP014_N1,,,
IT1:22_293_DF_DCIS_INDDEMOG1_1(1.0),A,ITC33,POP014,2023,10.7,,,,TIPO_DATO15__POP014_N1,,,
IT1:22_293_DF_DCIS_INDDEMOG1_1(1.0),A,ITC33,POP014,2024,10.5,,,,TIPO_DATO15__POP014_N1,,,
IT1:22_293_DF_DCIS_INDDEMOG1_1(1.0),A,ITC33,POP014,2025,10.3,,,,TIPO_DATO15__POP014_N1,,,
IT1:22_293_DF_DCIS_INDDEMOG1_1(1.0),A,ITC33,POP014,2026,10.2,e,,,TIPO_DATO15__POP014_N1,,,
IT1:22_293_DF_DCIS_INDDEMOG1_1(1.0),A,ITC34,POP014,2015,11.5,,,,TIPO_DATO15__POP014_N1,,,
IT1:22_293_DF_DCIS_INDDEMOG1_1(1.0),A,ITC34,POP014,2016,11.4,,,,TIPO_DATO15__POP014_N1,,,
IT1:22_293_DF_DCIS_INDDEMOG1_1(1.0),A,ITC34,POP014,2017,11.4,,,,TIPO_DATO15__POP014_N1,,,
IT1:22_293_DF_DCIS_INDDEMOG1_1(1.0),A,ITC34,POP014,2018,11.3,,,,TIPO_DATO15__POP014_N1,,,
IT1:22_293_DF_DCIS_INDDEMOG1_1(1.0),A,ITC34,POP014,2019,11.3,,,,TIPO_DATO15__POP014_N1,,,
IT1:22_293_DF_DCIS_INDDEMOG1_1(1.0),A,ITC34,POP014,2020,11.2,,,,TIPO_DATO15__POP014_N1,,,
IT1:22_293_DF_DCIS_INDDEMOG1_1(1.0),A,ITC34,POP014,2021,11.2,,,,TIPO_DATO15__POP014_N1,,,
IT1:22_293_DF_DCIS_INDDEMOG1_1(1.0),A,ITC34,POP014,2022,11.1,,,,TIPO_DATO15__POP014_N1,,,
IT1:22_293_DF_DCIS_INDDEMOG1_1(1.0),A,ITC34,POP014,2023,10.9,,,,TIPO_DATO15__POP014_N1,,,
IT1:22_293_DF_DCIS_INDDEMOG1_1(1.0),A,ITC34,POP014,2024,10.8,,,,TIPO_DATO15__POP014_N1,,,
IT1:22_293_DF_DCIS_INDDEMOG1_1(1.0),A,ITC34,POP014,2025,10.6,,,,TIPO_DATO15__POP014_N1,,,
IT1:22_293_DF_DCIS_INDDEMOG1_1(1.0),A,ITC34,POP014,2026,10.4,e,,,TIPO_DATO15__POP014_N1,,,
IT1:22_293_DF_DCIS_INDDEMOG1_1(1.0),A,ITC4,POP014,2015,14.2,,,,TIPO_DATO15__POP014_N1,,,
IT1:22_293_DF_DCIS_INDDEMOG1_1(1.0),A,ITC4,POP014,2016,14.1,,,,TIPO_DATO15__POP014_N1,,,
IT1:22_293_DF_DCIS_INDDEMOG1_1(1.0),A,ITC4,POP014,2017,13.9,,,,TIPO_DATO15__POP014_N1,,,
IT1:22_293_DF_DCIS_INDDEMOG1_1(1.0),A,ITC4,POP014,2018,13.8,,,,TIPO_DATO15__POP014_N1,,,
IT1:22_293_DF_DCIS_INDDEMOG1_1(1.0),A,ITC4,POP014,2019,13.6,,,,TIPO_DATO15__POP014_N1,,,
IT1:22_293_DF_DCIS_INDDEMOG1_1(1.0),A,ITC4,POP014,2020,13.4,,,,TIPO_DATO15__POP014_N1,,,
IT1:22_293_DF_DCIS_INDDEMOG1_1(1.0),A,ITC4,POP014,2021,13.3,,,,TIPO_DATO15__POP014_N1,,,
IT1:22_293_DF_DCIS_INDDEMOG1_1(1.0),A,ITC4,POP014,2022,13.1,,,,TIPO_DATO15__POP014_N1,,,
IT1:22_293_DF_DCIS_INDDEMOG1_1(1.0),A,ITC4,POP014,2023,12.8,,,,TIPO_DATO15__POP014_N1,,,
IT1:22_293_DF_DCIS_INDDEMOG1_1(1.0),A,ITC4,POP014,2024,12.5,,,,TIPO_DATO15__POP014_N1,,,
IT1:22_293_DF_DCIS_INDDEMOG1_1(1.0),A,ITC4,POP014,2025,12.2,,,,TIPO_DATO15__POP014_N1,,,
IT1:22_293_DF_DCIS_INDDEMOG1_1(1.0),A,ITC4,POP014,2026,11.9,e,,,TIPO_DATO15__POP014_N1,,,
IT1:22_293_DF_DCIS_INDDEMOG1_1(1.0),A,ITC41,POP014,2015,14,,,,TIPO_DATO15__POP014_N1,,,
IT1:22_293_DF_DCIS_INDDEMOG1_1(1.0),A,ITC41,POP014,2016,13.9,,,,TIPO_DATO15__POP014_N1,,,
IT1:22_293_DF_DCIS_INDDEMOG1_1(1.0),A,ITC41,POP014,2017,13.8,,,,TIPO_DATO15__POP014_N1,,,
IT1:22_293_DF_DCIS_INDDEMOG1_1(1.0),A,ITC41,POP014,2018,13.6,,,,TIPO_DATO15__POP014_N1,,,
IT1:22_293_DF_DCIS_INDDEMOG1_1(1.0),A,ITC41,POP014,2019,13.5,,,,TIPO_DATO15__POP014_N1,,,
IT1:22_293_DF_DCIS_INDDEMOG1_1(1.0),A,ITC41,POP014,2020,13.3,,,,TIPO_DATO15__POP014_N1,,,
IT1:22_293_DF_DCIS_INDDEMOG1_1(1.0),A,ITC41,POP014,2021,13.1,,,,TIPO_DATO15__POP014_N1,,,
IT1:22_293_DF_DCIS_INDDEMOG1_1(1.0),A,ITC41,POP014,2022,12.9,,,,TIPO_DATO15__POP014_N1,,,
IT1:22_293_DF_DCIS_INDDEMOG1_1(1.0),A,ITC41,POP014,2023,12.7,,,,TIPO_DATO15__POP014_N1,,,
IT1:22_293_DF_DCIS_INDDEMOG1_1(1.0),A,ITC41,POP014,2024,12.4,,,,TIPO_DATO15__POP014_N1,,,
IT1:22_293_DF_DCIS_INDDEMOG1_1(1.0),A,ITC41,POP014,2025,12.1,,,,TIPO_DATO15__POP014_N1,,,
IT1:22_293_DF_DCIS_INDDEMOG1_1(1.0),A,ITC41,POP014,2026,11.8,e,,,TIPO_DATO15__POP014_N1,,,
IT1:22_293_DF_DCIS_INDDEMOG1_1(1.0),A,ITC42,POP014,2015,14.1,,,,TIPO_DATO15__POP014_N1,,,
IT1:22_293_DF_DCIS_INDDEMOG1_1(1.0),A,ITC42,POP014,2016,13.9,,,,TIPO_DATO15__POP014_N1,,,
IT1:22_293_DF_DCIS_INDDEMOG1_1(1.0),A,ITC42,POP014,2017,13.8,,,,TIPO_DATO15__POP014_N1,,,
IT1:22_293_DF_DCIS_INDDEMOG1_1(1.0),A,ITC42,POP014,2018,13.6,,,,TIPO_DATO15__POP014_N1,,,
IT1:22_293_DF_DCIS_INDDEMOG1_1(1.0),A,ITC42,POP014,2019,13.4,,,,TIPO_DATO15__POP014_N1,,,
IT1:22_293_DF_DCIS_INDDEMOG1_1(1.0),A,ITC42,POP014,2020,13.2,,,,TIPO_DATO15__POP014_N1,,,
IT1:22_293_DF_DCIS_INDDEMOG1_1(1.0),A,ITC42,POP014,2021,13.1,,,,TIPO_DATO15__POP014_N1,,,
IT1:22_293_DF_DCIS_INDDEMOG1_1(1.0),A,ITC42,POP014,2022,12.8,,,,TIPO_DATO15__POP014_N1,,,
IT1:22_293_DF_DCIS_INDDEMOG1_1(1.0),A,ITC42,POP014,2023,12.5,,,,TIPO_DATO15__POP014_N1,,,
IT1:22_293_DF_DCIS_INDDEMOG1_1(1.0),A,ITC42,POP014,2024,12.2,,,,TIPO_DATO15__POP014_N1,,,
IT1:22_293_DF_DCIS_INDDEMOG1_1(1.0),A,ITC42,POP014,2025,11.9,,,,TIPO_DATO15__POP014_N1,,,
IT1:22_293_DF_DCIS_INDDEMOG1_1(1.0),A,ITC42,POP014,2026,11.6,e,,,TIPO_DATO15__POP014_N1,,,
IT1:22_293_DF_DCIS_INDDEMOG1_1(1.0),A,ITC43,POP014,2015,14.2,,,,TIPO_DATO15__POP014_N1,,,
IT1:22_293_DF_DCIS_INDDEMOG1_1(1.0),A,ITC43,POP014,2016,14.1,,,,TIPO_DATO15__POP014_N1,,,
IT1:22_293_DF_DCIS_INDDEMOG1_1(1.0),A,ITC43,POP014,2017,13.9,,,,TIPO_DATO15__POP014_N1,,,
IT1:22_293_DF_DCIS_INDDEMOG1_1(1.0),A,ITC43,POP014,2018,13.7,,,,TIPO_DATO15__POP014_N1,,,
IT1:22_293_DF_DCIS_INDDEMOG1_1(1.0),A,ITC43,POP014,2019,13.4,,,,TIPO_DATO15__POP014_N1,,,
IT1:22_293_DF_DCIS_INDDEMOG1_1(1.0),A,ITC43,POP014,2020,13.2,,,,TIPO_DATO15__POP014_N1,,,
IT1:22_293_DF_DCIS_INDDEMOG1_1(1.0),A,ITC43,POP014,2021,13.1,,,,TIPO_DATO15__POP014_N1,,,
IT1:22_293_DF_DCIS_INDDEMOG1_1(1.0),A,ITC43,POP014,2022,12.8,,,,TIPO_DATO15__POP014_N1,,,
IT1:22_293_DF_DCIS_INDDEMOG1_1(1.0),A,ITC43,POP014,2023,12.5,,,,TIPO_DATO15__POP014_N1,,,
IT1:22_293_DF_DCIS_INDDEMOG1_1(1.0),A,ITC43,POP014,2024,12.2,,,,TIPO_DATO15__POP014_N1,,,
IT1:22_293_DF_DCIS_INDDEMOG1_1(1.0),A,ITC43,POP014,2025,11.8,,,,TIPO_DATO15__POP014_N1,,,
IT1:22_293_DF_DCIS_INDDEMOG1_1(1.0),A,ITC43,POP014,2026,11.5,e,,,TIPO_DATO15__POP014_N1,,,
IT1:22_293_DF_DCIS_INDDEMOG1_1(1.0),A,ITC44,POP014,2015,13.5,,,,TIPO_DATO15__POP014_N1,,,
IT1:22_293_DF_DCIS_INDDEMOG1_1(1.0),A,ITC44,POP014,2016,13.4,,,,TIPO_DATO15__POP014_N1,,,
IT1:22_293_DF_DCIS_INDDEMOG1_1(1.0),A,ITC44,POP014,2017,13.3,,,,TIPO_DATO15__POP014_N1,,,
IT1:22_293_DF_DCIS_INDDEMOG1_1(1.0),A,ITC44,POP014,2018,13.1,,,,TIPO_DATO15__POP014_N1,,,
IT1:22_293_DF_DCIS_INDDEMOG1_1(1.0),A,ITC44,POP014,2019,12.9,,,,TIPO_DATO15__POP014_N1,,,
IT1:22_293_DF_DCIS_INDDEMOG1_1(1.0),A,ITC44,POP014,2020,12.8,,,,TIPO_DATO15__POP014_N1,,,
IT1:22_293_DF_DCIS_INDDEMOG1_1(1.0),A,ITC44,POP014,2021,12.7,,,,TIPO_DATO15__POP014_N1,,,
IT1:22_293_DF_DCIS_INDDEMOG1_1(1.0),A,ITC44,POP014,2022,12.5,,,,TIPO_DATO15__POP014_N1,,,
IT1:22_293_DF_DCIS_INDDEMOG1_1(1.0),A,ITC44,POP014,2023,12.3,,,,TIPO_DATO15__POP014_N1,,,
IT1:22_293_DF_DCIS_INDDEMOG1_1(1.0),A,ITC44,POP014,2024,12.1,,,,TIPO_DATO15__POP014_N1,,,
IT1:22_293_DF_DCIS_INDDEMOG1_1(1.0),A,ITC44,POP014,2025,11.9,,,,TIPO_DATO15__POP014_N1,,,
IT1:22_293_DF_DCIS_INDDEMOG1_1(1.0),A,ITC44,POP014,2026,11.6,e,,,TIPO_DATO15__POP014_N1,,,
IT1:22_293_DF_DCIS_INDDEMOG1_1(1.0),A,ITC45,POP014,2015,13.9,,,,TIPO_DATO15__POP014_N1,,,
IT1:22_293_DF_DCIS_INDDEMOG1_1(1.0),A,ITC45,POP014,2016,13.8,,,,TIPO_DATO15__POP014_N1,,,
IT1:22_293_DF_DCIS_INDDEMOG1_1(1.0),A,ITC45,POP014,2017,13.7,,,,TIPO_DATO15__POP014_N1,,,
IT1:22_293_DF_DCIS_INDDEMOG1_1(1.0),A,ITC45,POP014,2018,13.6,,,,TIPO_DATO15__POP014_N1,,,
IT1:22_293_DF_DCIS_INDDEMOG1_1(1.0),A,ITC45,POP014,2019,13.5,,,,TIPO_DATO15__POP014_N1,,,
IT1:22_293_DF_DCIS_INDDEMOG1_1(1.0),A,ITC45,POP014,2020,13.3,,,,TIPO_DATO15__POP014_N1,,,
IT1:22_293_DF_DCIS_INDDEMOG1_1(1.0),A,ITC45,POP014,2021,13.2,,,,TIPO_DATO15__POP014_N1,,,
IT1:22_293_DF_DCIS_INDDEMOG1_1(1.0),A,ITC45,POP014,2022,13,,,,TIPO_DATO15__POP014_N1,,,
IT1:22_293_DF_DCIS_INDDEMOG1_1(1.0),A,ITC45,POP014,2023,12.8,,,,TIPO_DATO15__POP014_N1,,,
IT1:22_293_DF_DCIS_INDDEMOG1_1(1.0),A,ITC45,POP014,2024,12.4,,,,TIPO_DATO15__POP014_N1,,,
IT1:22_293_DF_DCIS_INDDEMOG1_1(1.0),A,ITC45,POP014,2025,12.1,,,,TIPO_DATO15__POP014_N1,,,
IT1:22_293_DF_DCIS_INDDEMOG1_1(1.0),A,ITC45,POP014,2026,11.9,e,,,TIPO_DATO15__POP014_N1,,,
IT1:22_293_DF_DCIS_INDDEMOG1_1(1.0),A,ITC46,POP014,2015,15.3,,,,TIPO_DATO15__POP014_N1,,,
IT1:22_293_DF_DCIS_INDDEMOG1_1(1.0),A,ITC46,POP014,2016,15.1,,,,TIPO_DATO15__POP014_N1,,,
IT1:22_293_DF_DCIS_INDDEMOG1_1(1.0),A,ITC46,POP014,2017,14.9,,,,TIPO_DATO15__POP014_N1,,,
IT1:22_293_DF_DCIS_INDDEMOG1_1(1.0),A,ITC46,POP014,2018,14.7,,,,TIPO_DATO15__POP014_N1,,,
IT1:22_293_DF_DCIS_INDDEMOG1_1(1.0),A,ITC46,POP014,2019,14.4,,,,TIPO_DATO15__POP014_N1,,,
IT1:22_293_DF_DCIS_INDDEMOG1_1(1.0),A,ITC46,POP014,2020,14.1,,,,TIPO_DATO15__POP014_N1,,,
IT1:22_293_DF_DCIS_INDDEMOG1_1(1.0),A,ITC46,POP014,2021,14,,,,TIPO_DATO15__POP014_N1,,,
IT1:22_293_DF_DCIS_INDDEMOG1_1(1.0),A,ITC46,POP014,2022,13.7,,,,TIPO_DATO15__POP014_N1,,,
IT1:22_293_DF_DCIS_INDDEMOG1_1(1.0),A,ITC46,POP014,2023,13.3,,,,TIPO_DATO15__POP014_N1,,,
IT1:22_293_DF_DCIS_INDDEMOG1_1(1.0),A,ITC46,POP014,2024,13,,,,TIPO_DATO15__POP014_N1,,,
IT1:22_293_DF_DCIS_INDDEMOG1_1(1.0),A,ITC46,POP014,2025,12.7,,,,TIPO_DATO15__POP014_N1,,,
IT1:22_293_DF_DCIS_INDDEMOG1_1(1.0),A,ITC46,POP014,2026,12.3,e,,,TIPO_DATO15__POP014_N1,,,
IT1:22_293_DF_DCIS_INDDEMOG1_1(1.0),A,ITC47,POP014,2015,15.1,,,,TIPO_DATO15__POP014_N1,,,
IT1:22_293_DF_DCIS_INDDEMOG1_1(1.0),A,ITC47,POP014,2016,14.9,,,,TIPO_DATO15__POP014_N1,,,
IT1:22_293_DF_DCIS_INDDEMOG1_1(1.0),A,ITC47,POP014,2017,14.6,,,,TIPO_DATO15__POP014_N1,,,
IT1:22_293_DF_DCIS_INDDEMOG1_1(1.0),A,ITC47,POP014,2018,14.4,,,,TIPO_DATO15__POP014_N1,,,
IT1:22_293_DF_DCIS_INDDEMOG1_1(1.0),A,ITC47,POP014,2019,14.2,,,,TIPO_DATO15__POP014_N1,,,
IT1:22_293_DF_DCIS_INDDEMOG1_1(1.0),A,ITC47,POP014,2020,13.9,,,,TIPO_DATO15__POP014_N1,,,
IT1:22_293_DF_DCIS_INDDEMOG1_1(1.0),A,ITC47,POP014,2021,13.8,,,,TIPO_DATO15__POP014_N1,,,
IT1:22_293_DF_DCIS_INDDEMOG1_1(1.0),A,ITC47,POP014,2022,13.5,,,,TIPO_DATO15__POP014_N1,,,
IT1:22_293_DF_DCIS_INDDEMOG1_1(1.0),A,ITC47,POP014,2023,13.2,,,,TIPO_DATO15__POP014_N1,,,
IT1:22_293_DF_DCIS_INDDEMOG1_1(1.0),A,ITC47,POP014,2024,12.9,,,,TIPO_DATO15__POP014_N1,,,
IT1:22_293_DF_DCIS_INDDEMOG1_1(1.0),A,ITC47,POP014,2025,12.6,,,,TIPO_DATO15__POP014_N1,,,
IT1:22_293_DF_DCIS_INDDEMOG1_1(1.0),A,ITC47,POP014,2026,12.2,e,,,TIPO_DATO15__POP014_N1,,,
IT1:22_293_DF_DCIS_INDDEMOG1_1(1.0),A,ITC48,POP014,2015,12.6,,,,TIPO_DATO15__POP014_N1,,,
IT1:22_293_DF_DCIS_INDDEMOG1_1(1.0),A,ITC48,POP014,2016,12.6,,,,TIPO_DATO15__POP014_N1,,,
IT1:22_293_DF_DCIS_INDDEMOG1_1(1.0),A,ITC48,POP014,2017,12.4,,,,TIPO_DATO15__POP014_N1,,,
IT1:22_293_DF_DCIS_INDDEMOG1_1(1.0),A,ITC48,POP014,2018,12.3,,,,TIPO_DATO15__POP014_N1,,,
IT1:22_293_DF_DCIS_INDDEMOG1_1(1.0),A,ITC48,POP014,2019,12.3,,,,TIPO_DATO15__POP014_N1,,,
IT1:22_293_DF_DCIS_INDDEMOG1_1(1.0),A,ITC48,POP014,2020,12.1,,,,TIPO_DATO15__POP014_N1,,,
IT1:22_293_DF_DCIS_INDDEMOG1_1(1.0),A,ITC48,POP014,2021,12.1,,,,TIPO_DATO15__POP014_N1,,,
IT1:22_293_DF_DCIS_INDDEMOG1_1(1.0),A,ITC48,POP014,2022,12,,,,TIPO_DATO15__POP014_N1,,,
IT1:22_293_DF_DCIS_INDDEMOG1_1(1.0),A,ITC48,POP014,2023,11.8,,,,TIPO_DATO15__POP014_N1,,,
IT1:22_293_DF_DCIS_INDDEMOG1_1(1.0),A,ITC48,POP014,2024,11.6,,,,TIPO_DATO15__POP014_N1,,,
IT1:22_293_DF_DCIS_INDDEMOG1_1(1.0),A,ITC48,POP014,2025,11.4,,,,TIPO_DATO15__POP014_N1,,,
IT1:22_293_DF_DCIS_INDDEMOG1_1(1.0),A,ITC48,POP014,2026,11.3,e,,,TIPO_DATO15__POP014_N1,,,
IT1:22_293_DF_DCIS_INDDEMOG1_1(1.0),A,ITC49,POP014,2015,14.3,,,,TIPO_DATO15__POP014_N1,,,
IT1:22_293_DF_DCIS_INDDEMOG1_1(1.0),A,ITC49,POP014,2016,14.3,,,,TIPO_DATO15__POP014_N1,,,
IT1:22_293_DF_DCIS_INDDEMOG1_1(1.0),A,ITC49,POP014,2017,14.1,,,,TIPO_DATO15__POP014_N1,,,
IT1:22_293_DF_DCIS_INDDEMOG1_1(1.0),A,ITC49,POP014,2018,14.1,,,,TIPO_DATO15__POP014_N1,,,
IT1:22_293_DF_DCIS_INDDEMOG1_1(1.0),A,ITC49,POP014,2019,13.9,,,,TIPO_DATO15__POP014_N1,,,
IT1:22_293_DF_DCIS_INDDEMOG1_1(1.0),A,ITC49,POP014,2020,13.7,,,,TIPO_DATO15__POP014_N1,,,
IT1:22_293_DF_DCIS_INDDEMOG1_1(1.0),A,ITC49,POP014,2021,13.7,,,,TIPO_DATO15__POP014_N1,,,
IT1:22_293_DF_DCIS_INDDEMOG1_1(1.0),A,ITC49,POP014,2022,13.5,,,,TIPO_DATO15__POP014_N1,,,
IT1:22_293_DF_DCIS_INDDEMOG1_1(1.0),A,ITC49,POP014,2023,13.2,,,,TIPO_DATO15__POP014_N1,,,
IT1:22_293_DF_DCIS_INDDEMOG1_1(1.0),A,ITC49,POP014,2024,13,,,,TIPO_DATO15__POP014_N1,,,
IT1:22_293_DF_DCIS_INDDEMOG1_1(1.0),A,ITC49,POP014,2025,12.7,,,,TIPO_DATO15__POP014_N1,,,
IT1:22_293_DF_DCIS_INDDEMOG1_1(1.0),A,ITC49,POP014,2026,12.3,e,,,TIPO_DATO15__POP014_N1,,,
IT1:22_293_DF_DCIS_INDDEMOG1_1(1.0),A,ITC4A,POP014,2015,13.3,,,,TIPO_DATO15__POP014_N1,,,
IT1:22_293_DF_DCIS_INDDEMOG1_1(1.0),A,ITC4A,POP014,2016,13.1,,,,TIPO_DATO15__POP014_N1,,,
IT1:22_293_DF_DCIS_INDDEMOG1_1(1.0),A,ITC4A,POP014,2017,13,,,,TIPO_DATO15__POP014_N1,,,
IT1:22_293_DF_DCIS_INDDEMOG1_1(1.0),A,ITC4A,POP014,2018,12.9,,,,TIPO_DATO15__POP014_N1,,,
IT1:22_293_DF_DCIS_INDDEMOG1_1(1.0),A,ITC4A,POP014,2019,12.8,,,,TIPO_DATO15__POP014_N1,,,
IT1:22_293_DF_DCIS_INDDEMOG1_1(1.0),A,ITC4A,POP014,2020,12.6,,,,TIPO_DATO15__POP014_N1,,,
IT1:22_293_DF_DCIS_INDDEMOG1_1(1.0),A,ITC4A,POP014,2021,12.6,,,,TIPO_DATO15__POP014_N1,,,
IT1:22_293_DF_DCIS_INDDEMOG1_1(1.0),A,ITC4A,POP014,2022,12.4,,,,TIPO_DATO15__POP014_N1,,,
IT1:22_293_DF_DCIS_INDDEMOG1_1(1.0),A,ITC4A,POP014,2023,12.2,,,,TIPO_DATO15__POP014_N1,,,
IT1:22_293_DF_DCIS_INDDEMOG1_1(1.0),A,ITC4A,POP014,2024,12,,,,TIPO_DATO15__POP014_N1,,,
IT1:22_293_DF_DCIS_INDDEMOG1_1(1.0),A,ITC4A,POP014,2025,11.8,,,,TIPO_DATO15__POP014_N1,,,
IT1:22_293_DF_DCIS_INDDEMOG1_1(1.0),A,ITC4A,POP014,2026,11.5,e,,,TIPO_DATO15__POP014_N1,,,
IT1:22_293_DF_DCIS_INDDEMOG1_1(1.0),A,ITC4B,POP014,2015,13.7,,,,TIPO_DATO15__POP014_N1,,,
IT1:22_293_DF_DCIS_INDDEMOG1_1(1.0),A,ITC4B,POP014,2016,13.6,,,,TIPO_DATO15__POP014_N1,,,
IT1:22_293_DF_DCIS_INDDEMOG1_1(1.0),A,ITC4B,POP014,2017,13.5,,,,TIPO_DATO15__POP014_N1,,,
IT1:22_293_DF_DCIS_INDDEMOG1_1(1.0),A,ITC4B,POP014,2018,13.3,,,,TIPO_DATO15__POP014_N1,,,
IT1:22_293_DF_DCIS_INDDEMOG1_1(1.0),A,ITC4B,POP014,2019,13.2,,,,TIPO_DATO15__POP014_N1,,,
IT1:22_293_DF_DCIS_INDDEMOG1_1(1.0),A,ITC4B,POP014,2020,13.1,,,,TIPO_DATO15__POP014_N1,,,
IT1:22_293_DF_DCIS_INDDEMOG1_1(1.0),A,ITC4B,POP014,2021,13,,,,TIPO_DATO15__POP014_N1,,,
IT1:22_293_DF_DCIS_INDDEMOG1_1(1.0),A,ITC4B,POP014,2022,12.8,,,,TIPO_DATO15__POP014_N1,,,
IT1:22_293_DF_DCIS_INDDEMOG1_1(1.0),A,ITC4B,POP014,2023,12.6,,,,TIPO_DATO15__POP014_N1,,,
IT1:22_293_DF_DCIS_INDDEMOG1_1(1.0),A,ITC4B,POP014,2024,12.4,,,,TIPO_DATO15__POP014_N1,,,
IT1:22_293_DF_DCIS_INDDEMOG1_1(1.0),A,ITC4B,POP014,2025,12.1,,,,TIPO_DATO15__POP014_N1,,,
IT1:22_293_DF_DCIS_INDDEMOG1_1(1.0),A,ITC4B,POP014,2026,11.8,e,,,TIPO_DATO15__POP014_N1,,,
IT1:22_293_DF_DCIS_INDDEMOG1_1(1.0),A,ITCD,POP014,2015,13.7,,,,TIPO_DATO15__POP014_N1,,,
IT1:22_293_DF_DCIS_INDDEMOG1_1(1.0),A,ITCD,POP014,2016,13.6,,,,TIPO_DATO15__POP014_N1,,,
IT1:22_293_DF_DCIS_INDDEMOG1_1(1.0),A,ITCD,POP014,2017,13.4,,,,TIPO_DATO15__POP014_N1,,,
IT1:22_293_DF_DCIS_INDDEMOG1_1(1.0),A,ITCD,POP014,2018,13.3,,,,TIPO_DATO15__POP014_N1,,,
IT1:22_293_DF_DCIS_INDDEMOG1_1(1.0),A,ITCD,POP014,2019,13.1,,,,TIPO_DATO15__POP014_N1,,,
IT1:22_293_DF_DCIS_INDDEMOG1_1(1.0),A,ITCD,POP014,2020,12.9,,,,TIPO_DATO15__POP014_N1,,,
IT1:22_293_DF_DCIS_INDDEMOG1_1(1.0),A,ITCD,POP014,2021,12.8,,,,TIPO_DATO15__POP014_N1,,,
IT1:22_293_DF_DCIS_INDDEMOG1_1(1.0),A,ITCD,POP014,2022,12.6,,,,TIPO_DATO15__POP014_N1,,,
IT1:22_293_DF_DCIS_INDDEMOG1_1(1.0),A,ITCD,POP014,2023,12.4,,,,TIPO_DATO15__POP014_N1,,,
IT1:22_293_DF_DCIS_INDDEMOG1_1(1.0),A,ITCD,POP014,2024,12.1,,,,TIPO_DATO15__POP014_N1,,,
IT1:22_293_DF_DCIS_INDDEMOG1_1(1.0),A,ITCD,POP014,2025,11.8,,,,TIPO_DATO15__POP014_N1,,,
IT1:22_293_DF_DCIS_INDDEMOG1_1(1.0),A,ITCD,POP014,2026,11.5,e,,,TIPO_DATO15__POP014_N1,,,
IT1:22_293_DF_DCIS_INDDEMOG1_1(1.0),A,ITD,POP014,2015,13.8,,,,TIPO_DATO15__POP014_N1,,,
IT1:22_293_DF_DCIS_INDDEMOG1_1(1.0),A,ITD,POP014,2016,13.7,,,,TIPO_DATO15__POP014_N1,,,
IT1:22_293_DF_DCIS_INDDEMOG1_1(1.0),A,ITD,POP014,2017,13.5,,,,TIPO_DATO15__POP014_N1,,,
IT1:22_293_DF_DCIS_INDDEMOG1_1(1.0),A,ITD,POP014,2018,13.4,,,,TIPO_DATO15__POP014_N1,,,
IT1:22_293_DF_DCIS_INDDEMOG1_1(1.0),A,ITD,POP014,2019,13.2,,,,TIPO_DATO15__POP014_N1,,,
IT1:22_293_DF_DCIS_INDDEMOG1_1(1.0),A,ITD,POP014,2020,13,,,,TIPO_DATO15__POP014_N1,,,
IT1:22_293_DF_DCIS_INDDEMOG1_1(1.0),A,ITD,POP014,2021,12.8,,,,TIPO_DATO15__POP014_N1,,,
IT1:22_293_DF_DCIS_INDDEMOG1_1(1.0),A,ITD,POP014,2022,12.7,,,,TIPO_DATO15__POP014_N1,,,
IT1:22_293_DF_DCIS_INDDEMOG1_1(1.0),A,ITD,POP014,2023,12.4,,,,TIPO_DATO15__POP014_N1,,,
IT1:22_293_DF_DCIS_INDDEMOG1_1(1.0),A,ITD,POP014,2024,12.2,,,,TIPO_DATO15__POP014_N1,,,
IT1:22_293_DF_DCIS_INDDEMOG1_1(1.0),A,ITD,POP014,2025,11.9,,,,TIPO_DATO15__POP014_N1,,,
IT1:22_293_DF_DCIS_INDDEMOG1_1(1.0),A,ITD,POP014,2026,11.6,e,,,TIPO_DATO15__POP014_N1,,,
IT1:22_293_DF_DCIS_INDDEMOG1_1(1.0),A,ITD1,POP014,2015,16.1,,,,TIPO_DATO15__POP014_N1,,,
IT1:22_293_DF_DCIS_INDDEMOG1_1(1.0),A,ITD1,POP014,2016,16,,,,TIPO_DATO15__POP014_N1,,,
IT1:22_293_DF_DCIS_INDDEMOG1_1(1.0),A,ITD1,POP014,2017,15.9,,,,TIPO_DATO15__POP014_N1,,,
IT1:22_293_DF_DCIS_INDDEMOG1_1(1.0),A,ITD1,POP014,2018,15.8,,,,TIPO_DATO15__POP014_N1,,,
IT1:22_293_DF_DCIS_INDDEMOG1_1(1.0),A,ITD1,POP014,2019,15.7,,,,TIPO_DATO15__POP014_N1,,,
IT1:22_293_DF_DCIS_INDDEMOG1_1(1.0),A,ITD1,POP014,2020,15.6,,,,TIPO_DATO15__POP014_N1,,,
IT1:22_293_DF_DCIS_INDDEMOG1_1(1.0),A,ITD1,POP014,2021,15.5,,,,TIPO_DATO15__POP014_N1,,,
IT1:22_293_DF_DCIS_INDDEMOG1_1(1.0),A,ITD1,POP014,2022,15.5,,,,TIPO_DATO15__POP014_N1,,,
IT1:22_293_DF_DCIS_INDDEMOG1_1(1.0),A,ITD1,POP014,2023,15.4,,,,TIPO_DATO15__POP014_N1,,,
IT1:22_293_DF_DCIS_INDDEMOG1_1(1.0),A,ITD1,POP014,2024,15.2,,,,TIPO_DATO15__POP014_N1,,,
IT1:22_293_DF_DCIS_INDDEMOG1_1(1.0),A,ITD1,POP014,2025,14.9,,,,TIPO_DATO15__POP014_N1,,,
IT1:22_293_DF_DCIS_INDDEMOG1_1(1.0),A,ITD1,POP014,2026,14.8,e,,,TIPO_DATO15__POP014_N1,,,
IT1:22_293_DF_DCIS_INDDEMOG1_1(1.0),A,ITD10,POP014,2015,16.1,,,,TIPO_DATO15__POP014_N1,,,
IT1:22_293_DF_DCIS_INDDEMOG1_1(1.0),A,ITD10,POP014,2016,16,,,,TIPO_DATO15__POP014_N1,,,
IT1:22_293_DF_DCIS_INDDEMOG1_1(1.0),A,ITD10,POP014,2017,15.9,,,,TIPO_DATO15__POP014_N1,,,
IT1:22_293_DF_DCIS_INDDEMOG1_1(1.0),A,ITD10,POP014,2018,15.8,,,,TIPO_DATO15__POP014_N1,,,
IT1:22_293_DF_DCIS_INDDEMOG1_1(1.0),A,ITD10,POP014,2019,15.7,,,,TIPO_DATO15__POP014_N1,,,
IT1:22_293_DF_DCIS_INDDEMOG1_1(1.0),A,ITD10,POP014,2020,15.6,,,,TIPO_DATO15__POP014_N1,,,
IT1:22_293_DF_DCIS_INDDEMOG1_1(1.0),A,ITD10,POP014,2021,15.5,,,,TIPO_DATO15__POP014_N1,,,
IT1:22_293_DF_DCIS_INDDEMOG1_1(1.0),A,ITD10,POP014,2022,15.5,,,,TIPO_DATO15__POP014_N1,,,
IT1:22_293_DF_DCIS_INDDEMOG1_1(1.0),A,ITD10,POP014,2023,15.4,,,,TIPO_DATO15__POP014_N1,,,
IT1:22_293_DF_DCIS_INDDEMOG1_1(1.0),A,ITD10,POP014,2024,15.2,,,,TIPO_DATO15__POP014_N1,,,
IT1:22_293_DF_DCIS_INDDEMOG1_1(1.0),A,ITD10,POP014,2025,14.9,,,,TIPO_DATO15__POP014_N1,,,
IT1:22_293_DF_DCIS_INDDEMOG1_1(1.0),A,ITD10,POP014,2026,14.8,e,,,TIPO_DATO15__POP014_N1,,,
IT1:22_293_DF_DCIS_INDDEMOG1_1(1.0),A,ITD2,POP014,2015,15,,,,TIPO_DATO15__POP014_N1,,,
IT1:22_293_DF_DCIS_INDDEMOG1_1(1.0),A,ITD2,POP014,2016,14.9,,,,TIPO_DATO15__POP014_N1,,,
IT1:22_293_DF_DCIS_INDDEMOG1_1(1.0),A,ITD2,POP014,2017,14.7,,,,TIPO_DATO15__POP014_N1,,,
IT1:22_293_DF_DCIS_INDDEMOG1_1(1.0),A,ITD2,POP014,2018,14.5,,,,TIPO_DATO15__POP014_N1,,,
IT1:22_293_DF_DCIS_INDDEMOG1_1(1.0),A,ITD2,POP014,2019,14.3,,,,TIPO_DATO15__POP014_N1,,,
IT1:22_293_DF_DCIS_INDDEMOG1_1(1.0),A,ITD2,POP014,2020,14.1,,,,TIPO_DATO15__POP014_N1,,,
IT1:22_293_DF_DCIS_INDDEMOG1_1(1.0),A,ITD2,POP014,2021,13.9,,,,TIPO_DATO15__POP014_N1,,,
IT1:22_293_DF_DCIS_INDDEMOG1_1(1.0),A,ITD2,POP014,2022,13.7,,,,TIPO_DATO15__POP014_N1,,,
IT1:22_293_DF_DCIS_INDDEMOG1_1(1.0),A,ITD2,POP014,2023,13.5,,,,TIPO_DATO15__POP014_N1,,,
IT1:22_293_DF_DCIS_INDDEMOG1_1(1.0),A,ITD2,POP014,2024,13.2,,,,TIPO_DATO15__POP014_N1,,,
IT1:22_293_DF_DCIS_INDDEMOG1_1(1.0),A,ITD2,POP014,2025,12.9,,,,TIPO_DATO15__POP014_N1,,,
IT1:22_293_DF_DCIS_INDDEMOG1_1(1.0),A,ITD2,POP014,2026,12.6,e,,,TIPO_DATO15__POP014_N1,,,
IT1:22_293_DF_DCIS_INDDEMOG1_1(1.0),A,ITD20,POP014,2015,15,,,,TIPO_DATO15__POP014_N1,,,
IT1:22_293_DF_DCIS_INDDEMOG1_1(1.0),A,ITD20,POP014,2016,14.9,,,,TIPO_DATO15__POP014_N1,,,
IT1:22_293_DF_DCIS_INDDEMOG1_1(1.0),A,ITD20,POP014,2017,14.7,,,,TIPO_DATO15__POP014_N1,,,
IT1:22_293_DF_DCIS_INDDEMOG1_1(1.0),A,ITD20,POP014,2018,14.5,,,,TIPO_DATO15__POP014_N1,,,
IT1:22_293_DF_DCIS_INDDEMOG1_1(1.0),A,ITD20,POP014,2019,14.3,,,,TIPO_DATO15__POP014_N1,,,
IT1:22_293_DF_DCIS_INDDEMOG1_1(1.0),A,ITD20,POP014,2020,14.1,,,,TIPO_DATO15__POP014_N1,,,
IT1:22_293_DF_DCIS_INDDEMOG1_1(1.0),A,ITD20,POP014,2021,13.9,,,,TIPO_DATO15__POP014_N1,,,
IT1:22_293_DF_DCIS_INDDEMOG1_1(1.0),A,ITD20,POP014,2022,13.7,,,,TIPO_DATO15__POP014_N1,,,
IT1:22_293_DF_DCIS_INDDEMOG1_1(1.0),A,ITD20,POP014,2023,13.5,,,,TIPO_DATO15__POP014_N1,,,
IT1:22_293_DF_DCIS_INDDEMOG1_1(1.0),A,ITD20,POP014,2024,13.2,,,,TIPO_DATO15__POP014_N1,,,
IT1:22_293_DF_DCIS_INDDEMOG1_1(1.0),A,ITD20,POP014,2025,12.9,,,,TIPO_DATO15__POP014_N1,,,
IT1:22_293_DF_DCIS_INDDEMOG1_1(1.0),A,ITD20,POP014,2026,12.6,e,,,TIPO_DATO15__POP014_N1,,,
IT1:22_293_DF_DCIS_INDDEMOG1_1(1.0),A,ITD3,POP014,2015,14,,,,TIPO_DATO15__POP014_N1,,,
IT1:22_293_DF_DCIS_INDDEMOG1_1(1.0),A,ITD3,POP014,2016,13.8,,,,TIPO_DATO15__POP014_N1,,,
IT1:22_293_DF_DCIS_INDDEMOG1_1(1.0),A,ITD3,POP014,2017,13.6,,,,TIPO_DATO15__POP014_N1,,,
IT1:22_293_DF_DCIS_INDDEMOG1_1(1.0),A,ITD3,POP014,2018,13.5,,,,TIPO_DATO15__POP014_N1,,,
IT1:22_293_DF_DCIS_INDDEMOG1_1(1.0),A,ITD3,POP014,2019,13.3,,,,TIPO_DATO15__POP014_N1,,,
IT1:22_293_DF_DCIS_INDDEMOG1_1(1.0),A,ITD3,POP014,2020,13,,,,TIPO_DATO15__POP014_N1,,,
IT1:22_293_DF_DCIS_INDDEMOG1_1(1.0),A,ITD3,POP014,2021,12.8,,,,TIPO_DATO15__POP014_N1,,,
IT1:22_293_DF_DCIS_INDDEMOG1_1(1.0),A,ITD3,POP014,2022,12.6,,,,TIPO_DATO15__POP014_N1,,,
IT1:22_293_DF_DCIS_INDDEMOG1_1(1.0),A,ITD3,POP014,2023,12.4,,,,TIPO_DATO15__POP014_N1,,,
IT1:22_293_DF_DCIS_INDDEMOG1_1(1.0),A,ITD3,POP014,2024,12.1,,,,TIPO_DATO15__POP014_N1,,,
IT1:22_293_DF_DCIS_INDDEMOG1_1(1.0),A,ITD3,POP014,2025,11.8,,,,TIPO_DATO15__POP014_N1,,,
IT1:22_293_DF_DCIS_INDDEMOG1_1(1.0),A,ITD3,POP014,2026,11.5,e,,,TIPO_DATO15__POP014_N1,,,
IT1:22_293_DF_DCIS_INDDEMOG1_1(1.0),A,ITD31,POP014,2015,14.4,,,,TIPO_DATO15__POP014_N1,,,
IT1:22_293_DF_DCIS_INDDEMOG1_1(1.0),A,ITD31,POP014,2016,14.3,,,,TIPO_DATO15__POP014_N1,,,
IT1:22_293_DF_DCIS_INDDEMOG1_1(1.0),A,ITD31,POP014,2017,14.2,,,,TIPO_DATO15__POP014_N1,,,
IT1:22_293_DF_DCIS_INDDEMOG1_1(1.0),A,ITD31,POP014,2018,14,,,,TIPO_DATO15__POP014_N1,,,
IT1:22_293_DF_DCIS_INDDEMOG1_1(1.0),A,ITD31,POP014,2019,13.9,,,,TIPO_DATO15__POP014_N1,,,
IT1:22_293_DF_DCIS_INDDEMOG1_1(1.0),A,ITD31,POP014,2020,13.7,,,,TIPO_DATO15__POP014_N1,,,
IT1:22_293_DF_DCIS_INDDEMOG1_1(1.0),A,ITD31,POP014,2021,13.5,,,,TIPO_DATO15__POP014_N1,,,
IT1:22_293_DF_DCIS_INDDEMOG1_1(1.0),A,ITD31,POP014,2022,13.4,,,,TIPO_DATO15__POP014_N1,,,
IT1:22_293_DF_DCIS_INDDEMOG1_1(1.0),A,ITD31,POP014,2023,13.1,,,,TIPO_DATO15__POP014_N1,,,
IT1:22_293_DF_DCIS_INDDEMOG1_1(1.0),A,ITD31,POP014,2024,12.8,,,,TIPO_DATO15__POP014_N1,,,
IT1:22_293_DF_DCIS_INDDEMOG1_1(1.0),A,ITD31,POP014,2025,12.5,,,,TIPO_DATO15__POP014_N1,,,
IT1:22_293_DF_DCIS_INDDEMOG1_1(1.0),A,ITD31,POP014,2026,12.2,e,,,TIPO_DATO15__POP014_N1,,,
IT1:22_293_DF_DCIS_INDDEMOG1_1(1.0),A,ITD32,POP014,2015,14.8,,,,TIPO_DATO15__POP014_N1,,,
IT1:22_293_DF_DCIS_INDDEMOG1_1(1.0),A,ITD32,POP014,2016,14.5,,,,TIPO_DATO15__POP014_N1,,,
IT1:22_293_DF_DCIS_INDDEMOG1_1(1.0),A,ITD32,POP014,2017,14.3,,,,TIPO_DATO15__POP014_N1,,,
IT1:22_293_DF_DCIS_INDDEMOG1_1(1.0),A,ITD32,POP014,2018,14,,,,TIPO_DATO15__POP014_N1,,,
IT1:22_293_DF_DCIS_INDDEMOG1_1(1.0),A,ITD32,POP014,2019,13.8,,,,TIPO_DATO15__POP014_N1,,,
IT1:22_293_DF_DCIS_INDDEMOG1_1(1.0),A,ITD32,POP014,2020,13.4,,,,TIPO_DATO15__POP014_N1,,,
IT1:22_293_DF_DCIS_INDDEMOG1_1(1.0),A,ITD32,POP014,2021,13.2,,,,TIPO_DATO15__POP014_N1,,,
IT1:22_293_DF_DCIS_INDDEMOG1_1(1.0),A,ITD32,POP014,2022,12.9,,,,TIPO_DATO15__POP014_N1,,,
IT1:22_293_DF_DCIS_INDDEMOG1_1(1.0),A,ITD32,POP014,2023,12.7,,,,TIPO_DATO15__POP014_N1,,,
IT1:22_293_DF_DCIS_INDDEMOG1_1(1.0),A,ITD32,POP014,2024,12.4,,,,TIPO_DATO15__POP014_N1,,,
IT1:22_293_DF_DCIS_INDDEMOG1_1(1.0),A,ITD32,POP014,2025,12.1,,,,TIPO_DATO15__POP014_N1,,,
IT1:22_293_DF_DCIS_INDDEMOG1_1(1.0),A,ITD32,POP014,2026,11.8,e,,,TIPO_DATO15__POP014_N1,,,
IT1:22_293_DF_DCIS_INDDEMOG1_1(1.0),A,ITD33,POP014,2015,12.3,,,,TIPO_DATO15__POP014_N1,,,
IT1:22_293_DF_DCIS_INDDEMOG1_1(1.0),A,ITD33,POP014,2016,12.1,,,,TIPO_DATO15__POP014_N1,,,
IT1:22_293_DF_DCIS_INDDEMOG1_1(1.0),A,ITD33,POP014,2017,12,,,,TIPO_DATO15__POP014_N1,,,
IT1:22_293_DF_DCIS_INDDEMOG1_1(1.0),A,ITD33,POP014,2018,11.7,,,,TIPO_DATO15__POP014_N1,,,
IT1:22_293_DF_DCIS_INDDEMOG1_1(1.0),A,ITD33,POP014,2019,11.6,,,,TIPO_DATO15__POP014_N1,,,
IT1:22_293_DF_DCIS_INDDEMOG1_1(1.0),A,ITD33,POP014,2020,11.4,,,,TIPO_DATO15__POP014_N1,,,
IT1:22_293_DF_DCIS_INDDEMOG1_1(1.0),A,ITD33,POP014,2021,11.3,,,,TIPO_DATO15__POP014_N1,,,
IT1:22_293_DF_DCIS_INDDEMOG1_1(1.0),A,ITD33,POP014,2022,11.1,,,,TIPO_DATO15__POP014_N1,,,
IT1:22_293_DF_DCIS_INDDEMOG1_1(1.0),A,ITD33,POP014,2023,10.9,,,,TIPO_DATO15__POP014_N1,,,
IT1:22_293_DF_DCIS_INDDEMOG1_1(1.0),A,ITD33,POP014,2024,10.6,,,,TIPO_DATO15__POP014_N1,,,
IT1:22_293_DF_DCIS_INDDEMOG1_1(1.0),A,ITD33,POP014,2025,10.4,,,,TIPO_DATO15__POP014_N1,,,
IT1:22_293_DF_DCIS_INDDEMOG1_1(1.0),A,ITD33,POP014,2026,10.1,e,,,TIPO_DATO15__POP014_N1,,,
IT1:22_293_DF_DCIS_INDDEMOG1_1(1.0),A,ITD34,POP014,2015,14.9,,,,TIPO_DATO15__POP014_N1,,,
IT1:22_293_DF_DCIS_INDDEMOG1_1(1.0),A,ITD34,POP014,2016,14.6,,,,TIPO_DATO15__POP014_N1,,,
IT1:22_293_DF_DCIS_INDDEMOG1_1(1.0),A,ITD34,POP014,2017,14.5,,,,TIPO_DATO15__POP014_N1,,,
IT1:22_293_DF_DCIS_INDDEMOG1_1(1.0),A,ITD34,POP014,2018,14.2,,,,TIPO_DATO15__POP014_N1,,,
IT1:22_293_DF_DCIS_INDDEMOG1_1(1.0),A,ITD34,POP014,2019,14,,,,TIPO_DATO15__POP014_N1,,,
IT1:22_293_DF_DCIS_INDDEMOG1_1(1.0),A,ITD34,POP014,2020,13.7,,,,TIPO_DATO15__POP014_N1,,,
IT1:22_293_DF_DCIS_INDDEMOG1_1(1.0),A,ITD34,POP014,2021,13.4,,,,TIPO_DATO15__POP014_N1,,,
IT1:22_293_DF_DCIS_INDDEMOG1_1(1.0),A,ITD34,POP014,2022,13.2,,,,TIPO_DATO15__POP014_N1,,,
IT1:22_293_DF_DCIS_INDDEMOG1_1(1.0),A,ITD34,POP014,2023,12.9,,,,TIPO_DATO15__POP014_N1,,,
IT1:22_293_DF_DCIS_INDDEMOG1_1(1.0),A,ITD34,POP014,2024,12.5,,,,TIPO_DATO15__POP014_N1,,,
IT1:22_293_DF_DCIS_INDDEMOG1_1(1.0),A,ITD34,POP014,2025,12.2,,,,TIPO_DATO15__POP014_N1,,,
IT1:22_293_DF_DCIS_INDDEMOG1_1(1.0),A,ITD34,POP014,2026,11.9,e,,,TIPO_DATO15__POP014_N1,,,
IT1:22_293_DF_DCIS_INDDEMOG1_1(1.0),A,ITD35,POP014,2015,13,,,,TIPO_DATO15__POP014_N1,,,
IT1:22_293_DF_DCIS_INDDEMOG1_1(1.0),A,ITD35,POP014,2016,12.9,,,,TIPO_DATO15__POP014_N1,,,
IT1:22_293_DF_DCIS_INDDEMOG1_1(1.0),A,ITD35,POP014,2017,12.7,,,,TIPO_DATO15__POP014_N1,,,
IT1:22_293_DF_DCIS_INDDEMOG1_1(1.0),A,ITD35,POP014,2018,12.5,,,,TIPO_DATO15__POP014_N1,,,
IT1:22_293_DF_DCIS_INDDEMOG1_1(1.0),A,ITD35,POP014,2019,12.3,,,,TIPO_DATO15__POP014_N1,,,
IT1:22_293_DF_DCIS_INDDEMOG1_1(1.0),A,ITD35,POP014,2020,12.1,,,,TIPO_DATO15__POP014_N1,,,
IT1:22_293_DF_DCIS_INDDEMOG1_1(1.0),A,ITD35,POP014,2021,12,,,,TIPO_DATO15__POP014_N1,,,
IT1:22_293_DF_DCIS_INDDEMOG1_1(1.0),A,ITD35,POP014,2022,11.8,,,,TIPO_DATO15__POP014_N1,,,
IT1:22_293_DF_DCIS_INDDEMOG1_1(1.0),A,ITD35,POP014,2023,11.6,,,,TIPO_DATO15__POP014_N1,,,
IT1:22_293_DF_DCIS_INDDEMOG1_1(1.0),A,ITD35,POP014,2024,11.3,,,,TIPO_DATO15__POP014_N1,,,
IT1:22_293_DF_DCIS_INDDEMOG1_1(1.0),A,ITD35,POP014,2025,11,,,,TIPO_DATO15__POP014_N1,,,
IT1:22_293_DF_DCIS_INDDEMOG1_1(1.0),A,ITD35,POP014,2026,10.7,e,,,TIPO_DATO15__POP014_N1,,,
IT1:22_293_DF_DCIS_INDDEMOG1_1(1.0),A,ITD36,POP014,2015,13.9,,,,TIPO_DATO15__POP014_N1,,,
IT1:22_293_DF_DCIS_INDDEMOG1_1(1.0),A,ITD36,POP014,2016,13.8,,,,TIPO_DATO15__POP014_N1,,,
IT1:22_293_DF_DCIS_INDDEMOG1_1(1.0),A,ITD36,POP014,2017,13.6,,,,TIPO_DATO15__POP014_N1,,,
IT1:22_293_DF_DCIS_INDDEMOG1_1(1.0),A,ITD36,POP014,2018,13.4,,,,TIPO_DATO15__POP014_N1,,,
IT1:22_293_DF_DCIS_INDDEMOG1_1(1.0),A,ITD36,POP014,2019,13.2,,,,TIPO_DATO15__POP014_N1,,,
IT1:22_293_DF_DCIS_INDDEMOG1_1(1.0),A,ITD36,POP014,2020,12.9,,,,TIPO_DATO15__POP014_N1,,,
IT1:22_293_DF_DCIS_INDDEMOG1_1(1.0),A,ITD36,POP014,2021,12.7,,,,TIPO_DATO15__POP014_N1,,,
IT1:22_293_DF_DCIS_INDDEMOG1_1(1.0),A,ITD36,POP014,2022,12.5,,,,TIPO_DATO15__POP014_N1,,,
IT1:22_293_DF_DCIS_INDDEMOG1_1(1.0),A,ITD36,POP014,2023,12.3,,,,TIPO_DATO15__POP014_N1,,,
IT1:22_293_DF_DCIS_INDDEMOG1_1(1.0),A,ITD36,POP014,2024,11.9,,,,TIPO_DATO15__POP014_N1,,,
IT1:22_293_DF_DCIS_INDDEMOG1_1(1.0),A,ITD36,POP014,2025,11.6,,,,TIPO_DATO15__POP014_N1,,,
IT1:22_293_DF_DCIS_INDDEMOG1_1(1.0),A,ITD36,POP014,2026,11.3,e,,,TIPO_DATO15__POP014_N1,,,
IT1:22_293_DF_DCIS_INDDEMOG1_1(1.0),A,ITD37,POP014,2015,11.4,,,,TIPO_DATO15__POP014_N1,,,
IT1:22_293_DF_DCIS_INDDEMOG1_1(1.0),A,ITD37,POP014,2016,11.3,,,,TIPO_DATO15__POP014_N1,,,
IT1:22_293_DF_DCIS_INDDEMOG1_1(1.0),A,ITD37,POP014,2017,11.2,,,,TIPO_DATO15__POP014_N1,,,
IT1:22_293_DF_DCIS_INDDEMOG1_1(1.0),A,ITD37,POP014,2018,11.2,,,,TIPO_DATO15__POP014_N1,,,
IT1:22_293_DF_DCIS_INDDEMOG1_1(1.0),A,ITD37,POP014,2019,11,,,,TIPO_DATO15__POP014_N1,,,
IT1:22_293_DF_DCIS_INDDEMOG1_1(1.0),A,ITD37,POP014,2020,10.9,,,,TIPO_DATO15__POP014_N1,,,
IT1:22_293_DF_DCIS_INDDEMOG1_1(1.0),A,ITD37,POP014,2021,10.7,,,,TIPO_DATO15__POP014_N1,,,
IT1:22_293_DF_DCIS_INDDEMOG1_1(1.0),A,ITD37,POP014,2022,10.6,,,,TIPO_DATO15__POP014_N1,,,
IT1:22_293_DF_DCIS_INDDEMOG1_1(1.0),A,ITD37,POP014,2023,10.5,,,,TIPO_DATO15__POP014_N1,,,
IT1:22_293_DF_DCIS_INDDEMOG1_1(1.0),A,ITD37,POP014,2024,10.3,,,,TIPO_DATO15__POP014_N1,,,
IT1:22_293_DF_DCIS_INDDEMOG1_1(1.0),A,ITD37,POP014,2025,10,,,,TIPO_DATO15__POP014_N1,,,
IT1:22_293_DF_DCIS_INDDEMOG1_1(1.0),A,ITD37,POP014,2026,9.8,e,,,TIPO_DATO15__POP014_N1,,,
IT1:22_293_DF_DCIS_INDDEMOG1_1(1.0),A,ITD4,POP014,2015,12.6,,,,TIPO_DATO15__POP014_N1,,,
IT1:22_293_DF_DCIS_INDDEMOG1_1(1.0),A,ITD4,POP014,2016,12.5,,,,TIPO_DATO15__POP014_N1,,,
IT1:22_293_DF_DCIS_INDDEMOG1_1(1.0),A,ITD4,POP014,2017,12.3,,,,TIPO_DATO15__POP014_N1,,,
IT1:22_293_DF_DCIS_INDDEMOG1_1(1.0),A,ITD4,POP014,2018,12.2,,,,TIPO_DATO15__POP014_N1,,,
IT1:22_293_DF_DCIS_INDDEMOG1_1(1.0),A,ITD4,POP014,2019,12,,,,TIPO_DATO15__POP014_N1,,,
IT1:22_293_DF_DCIS_INDDEMOG1_1(1.0),A,ITD4,POP014,2020,11.8,,,,TIPO_DATO15__POP014_N1,,,
IT1:22_293_DF_DCIS_INDDEMOG1_1(1.0),A,ITD4,POP014,2021,11.7,,,,TIPO_DATO15__POP014_N1,,,
IT1:22_293_DF_DCIS_INDDEMOG1_1(1.0),A,ITD4,POP014,2022,11.5,,,,TIPO_DATO15__POP014_N1,,,
IT1:22_293_DF_DCIS_INDDEMOG1_1(1.0),A,ITD4,POP014,2023,11.3,,,,TIPO_DATO15__POP014_N1,,,
IT1:22_293_DF_DCIS_INDDEMOG1_1(1.0),A,ITD4,POP014,2024,11.1,,,,TIPO_DATO15__POP014_N1,,,
IT1:22_293_DF_DCIS_INDDEMOG1_1(1.0),A,ITD4,POP014,2025,10.9,,,,TIPO_DATO15__POP014_N1,,,
IT1:22_293_DF_DCIS_INDDEMOG1_1(1.0),A,ITD4,POP014,2026,10.6,e,,,TIPO_DATO15__POP014_N1,,,
IT1:22_293_DF_DCIS_INDDEMOG1_1(1.0),A,ITD41,POP014,2015,14,,,,TIPO_DATO15__POP014_N1,,,
IT1:22_293_DF_DCIS_INDDEMOG1_1(1.0),A,ITD41,POP014,2016,13.9,,,,TIPO_DATO15__POP014_N1,,,
IT1:22_293_DF_DCIS_INDDEMOG1_1(1.0),A,ITD41,POP014,2017,13.7,,,,TIPO_DATO15__POP014_N1,,,
IT1:22_293_DF_DCIS_INDDEMOG1_1(1.0),A,ITD41,POP014,2018,13.5,,,,TIPO_DATO15__POP014_N1,,,
IT1:22_293_DF_DCIS_INDDEMOG1_1(1.0),A,ITD41,POP014,2019,13.4,,,,TIPO_DATO15__POP014_N1,,,
IT1:22_293_DF_DCIS_INDDEMOG1_1(1.0),A,ITD41,POP014,2020,13.2,,,,TIPO_DATO15__POP014_N1,,,
IT1:22_293_DF_DCIS_INDDEMOG1_1(1.0),A,ITD41,POP014,2021,13,,,,TIPO_DATO15__POP014_N1,,,
IT1:22_293_DF_DCIS_INDDEMOG1_1(1.0),A,ITD41,POP014,2022,12.8,,,,TIPO_DATO15__POP014_N1,,,
IT1:22_293_DF_DCIS_INDDEMOG1_1(1.0),A,ITD41,POP014,2023,12.5,,,,TIPO_DATO15__POP014_N1,,,
IT1:22_293_DF_DCIS_INDDEMOG1_1(1.0),A,ITD41,POP014,2024,12.2,,,,TIPO_DATO15__POP014_N1,,,
IT1:22_293_DF_DCIS_INDDEMOG1_1(1.0),A,ITD41,POP014,2025,11.9,,,,TIPO_DATO15__POP014_N1,,,
IT1:22_293_DF_DCIS_INDDEMOG1_1(1.0),A,ITD41,POP014,2026,11.6,e,,,TIPO_DATO15__POP014_N1,,,
IT1:22_293_DF_DCIS_INDDEMOG1_1(1.0),A,ITD42,POP014,2015,12.4,,,,TIPO_DATO15__POP014_N1,,,
IT1:22_293_DF_DCIS_INDDEMOG1_1(1.0),A,ITD42,POP014,2016,12.2,,,,TIPO_DATO15__POP014_N1,,,
IT1:22_293_DF_DCIS_INDDEMOG1_1(1.0),A,ITD42,POP014,2017,12.1,,,,TIPO_DATO15__POP014_N1,,,
IT1:22_293_DF_DCIS_INDDEMOG1_1(1.0),A,ITD42,POP014,2018,11.9,,,,TIPO_DATO15__POP014_N1,,,
IT1:22_293_DF_DCIS_INDDEMOG1_1(1.0),A,ITD42,POP014,2019,11.7,,,,TIPO_DATO15__POP014_N1,,,
IT1:22_293_DF_DCIS_INDDEMOG1_1(1.0),A,ITD42,POP014,2020,11.5,,,,TIPO_DATO15__POP014_N1,,,
IT1:22_293_DF_DCIS_INDDEMOG1_1(1.0),A,ITD42,POP014,2021,11.4,,,,TIPO_DATO15__POP014_N1,,,
IT1:22_293_DF_DCIS_INDDEMOG1_1(1.0),A,ITD42,POP014,2022,11.2,,,,TIPO_DATO15__POP014_N1,,,
IT1:22_293_DF_DCIS_INDDEMOG1_1(1.0),A,ITD42,POP014,2023,11,,,,TIPO_DATO15__POP014_N1,,,
IT1:22_293_DF_DCIS_INDDEMOG1_1(1.0),A,ITD42,POP014,2024,10.7,,,,TIPO_DATO15__POP014_N1,,,
IT1:22_293_DF_DCIS_INDDEMOG1_1(1.0),A,ITD42,POP014,2025,10.5,,,,TIPO_DATO15__POP014_N1,,,
IT1:22_293_DF_DCIS_INDDEMOG1_1(1.0),A,ITD42,POP014,2026,10.2,e,,,TIPO_DATO15__POP014_N1,,,
IT1:22_293_DF_DCIS_INDDEMOG1_1(1.0),A,ITD43,POP014,2015,12.2,,,,TIPO_DATO15__POP014_N1,,,
IT1:22_293_DF_DCIS_INDDEMOG1_1(1.0),A,ITD43,POP014,2016,12.1,,,,TIPO_DATO15__POP014_N1,,,
IT1:22_293_DF_DCIS_INDDEMOG1_1(1.0),A,ITD43,POP014,2017,12,,,,TIPO_DATO15__POP014_N1,,,
IT1:22_293_DF_DCIS_INDDEMOG1_1(1.0),A,ITD43,POP014,2018,11.9,,,,TIPO_DATO15__POP014_N1,,,
IT1:22_293_DF_DCIS_INDDEMOG1_1(1.0),A,ITD43,POP014,2019,11.8,,,,TIPO_DATO15__POP014_N1,,,
IT1:22_293_DF_DCIS_INDDEMOG1_1(1.0),A,ITD43,POP014,2020,11.7,,,,TIPO_DATO15__POP014_N1,,,
IT1:22_293_DF_DCIS_INDDEMOG1_1(1.0),A,ITD43,POP014,2021,11.6,,,,TIPO_DATO15__POP014_N1,,,
IT1:22_293_DF_DCIS_INDDEMOG1_1(1.0),A,ITD43,POP014,2022,11.5,,,,TIPO_DATO15__POP014_N1,,,
IT1:22_293_DF_DCIS_INDDEMOG1_1(1.0),A,ITD43,POP014,2023,11.4,,,,TIPO_DATO15__POP014_N1,,,
IT1:22_293_DF_DCIS_INDDEMOG1_1(1.0),A,ITD43,POP014,2024,11.3,,,,TIPO_DATO15__POP014_N1,,,
IT1:22_293_DF_DCIS_INDDEMOG1_1(1.0),A,ITD43,POP014,2025,11.1,,,,TIPO_DATO15__POP014_N1,,,
IT1:22_293_DF_DCIS_INDDEMOG1_1(1.0),A,ITD43,POP014,2026,10.9,e,,,TIPO_DATO15__POP014_N1,,,
IT1:22_293_DF_DCIS_INDDEMOG1_1(1.0),A,ITD44,POP014,2015,11.4,,,,TIPO_DATO15__POP014_N1,,,
IT1:22_293_DF_DCIS_INDDEMOG1_1(1.0),A,ITD44,POP014,2016,11.3,,,,TIPO_DATO15__POP014_N1,,,
IT1:22_293_DF_DCIS_INDDEMOG1_1(1.0),A,ITD44,POP014,2017,11.2,,,,TIPO_DATO15__POP014_N1,,,
IT1:22_293_DF_DCIS_INDDEMOG1_1(1.0),A,ITD44,POP014,2018,11.1,,,,TIPO_DATO15__POP014_N1,,,
IT1:22_293_DF_DCIS_INDDEMOG1_1(1.0),A,ITD44,POP014,2019,11,,,,TIPO_DATO15__POP014_N1,,,
IT1:22_293_DF_DCIS_INDDEMOG1_1(1.0),A,ITD44,POP014,2020,10.8,,,,TIPO_DATO15__POP014_N1,,,
IT1:22_293_DF_DCIS_INDDEMOG1_1(1.0),A,ITD44,POP014,2021,10.8,,,,TIPO_DATO15__POP014_N1,,,
IT1:22_293_DF_DCIS_INDDEMOG1_1(1.0),A,ITD44,POP014,2022,10.7,,,,TIPO_DATO15__POP014_N1,,,
IT1:22_293_DF_DCIS_INDDEMOG1_1(1.0),A,ITD44,POP014,2023,10.6,,,,TIPO_DATO15__POP014_N1,,,
IT1:22_293_DF_DCIS_INDDEMOG1_1(1.0),A,ITD44,POP014,2024,10.4,,,,TIPO_DATO15__POP014_N1,,,
IT1:22_293_DF_DCIS_INDDEMOG1_1(1.0),A,ITD44,POP014,2025,10.3,,,,TIPO_DATO15__POP014_N1,,,
IT1:22_293_DF_DCIS_INDDEMOG1_1(1.0),A,ITD44,POP014,2026,10.1,e,,,TIPO_DATO15__POP014_N1,,,
IT1:22_293_DF_DCIS_INDDEMOG1_1(1.0),A,ITD5,POP014,2015,13.5,,,,TIPO_DATO15__POP014_N1,,,
IT1:22_293_DF_DCIS_INDDEMOG1_1(1.0),A,ITD5,POP014,2016,13.5,,,,TIPO_DATO15__POP014_N1,,,
IT1:22_293_DF_DCIS_INDDEMOG1_1(1.0),A,ITD5,POP014,2017,13.3,,,,TIPO_DATO15__POP014_N1,,,
IT1:22_293_DF_DCIS_INDDEMOG1_1(1.0),A,ITD5,POP014,2018,13.2,,,,TIPO_DATO15__POP014_N1,,,
IT1:22_293_DF_DCIS_INDDEMOG1_1(1.0),A,ITD5,POP014,2019,13.1,,,,TIPO_DATO15__POP014_N1,,,
IT1:22_293_DF_DCIS_INDDEMOG1_1(1.0),A,ITD5,POP014,2020,12.9,,,,TIPO_DATO15__POP014_N1,,,
IT1:22_293_DF_DCIS_INDDEMOG1_1(1.0),A,ITD5,POP014,2021,12.7,,,,TIPO_DATO15__POP014_N1,,,
IT1:22_293_DF_DCIS_INDDEMOG1_1(1.0),A,ITD5,POP014,2022,12.6,,,,TIPO_DATO15__POP014_N1,,,
IT1:22_293_DF_DCIS_INDDEMOG1_1(1.0),A,ITD5,POP014,2023,12.3,,,,TIPO_DATO15__POP014_N1,,,
IT1:22_293_DF_DCIS_INDDEMOG1_1(1.0),A,ITD5,POP014,2024,12.1,,,,TIPO_DATO15__POP014_N1,,,
IT1:22_293_DF_DCIS_INDDEMOG1_1(1.0),A,ITD5,POP014,2025,11.8,,,,TIPO_DATO15__POP014_N1,,,
IT1:22_293_DF_DCIS_INDDEMOG1_1(1.0),A,ITD5,POP014,2026,11.5,e,,,TIPO_DATO15__POP014_N1,,,
IT1:22_293_DF_DCIS_INDDEMOG1_1(1.0),A,ITD51,POP014,2015,12.9,,,,TIPO_DATO15__POP014_N1,,,
IT1:22_293_DF_DCIS_INDDEMOG1_1(1.0),A,ITD51,POP014,2016,12.8,,,,TIPO_DATO15__POP014_N1,,,
IT1:22_293_DF_DCIS_INDDEMOG1_1(1.0),A,ITD51,POP014,2017,12.7,,,,TIPO_DATO15__POP014_N1,,,
IT1:22_293_DF_DCIS_INDDEMOG1_1(1.0),A,ITD51,POP014,2018,12.6,,,,TIPO_DATO15__POP014_N1,,,
IT1:22_293_DF_DCIS_INDDEMOG1_1(1.0),A,ITD51,POP014,2019,12.6,,,,TIPO_DATO15__POP014_N1,,,
IT1:22_293_DF_DCIS_INDDEMOG1_1(1.0),A,ITD51,POP014,2020,12.5,,,,TIPO_DATO15__POP014_N1,,,
IT1:22_293_DF_DCIS_INDDEMOG1_1(1.0),A,ITD51,POP014,2021,12.5,,,,TIPO_DATO15__POP014_N1,,,
IT1:22_293_DF_DCIS_INDDEMOG1_1(1.0),A,ITD51,POP014,2022,12.4,,,,TIPO_DATO15__POP014_N1,,,
IT1:22_293_DF_DCIS_INDDEMOG1_1(1.0),A,ITD51,POP014,2023,12.3,,,,TIPO_DATO15__POP014_N1,,,
IT1:22_293_DF_DCIS_INDDEMOG1_1(1.0),A,ITD51,POP014,2024,12.2,,,,TIPO_DATO15__POP014_N1,,,
IT1:22_293_DF_DCIS_INDDEMOG1_1(1.0),A,ITD51,POP014,2025,11.9,,,,TIPO_DATO15__POP014_N1,,,
IT1:22_293_DF_DCIS_INDDEMOG1_1(1.0),A,ITD51,POP014,2026,11.8,e,,,TIPO_DATO15__POP014_N1,,,
IT1:22_293_DF_DCIS_INDDEMOG1_1(1.0),A,ITD52,POP014,2015,13.4,,,,TIPO_DATO15__POP014_N1,,,
IT1:22_293_DF_DCIS_INDDEMOG1_1(1.0),A,ITD52,POP014,2016,13.4,,,,TIPO_DATO15__POP014_N1,,,
IT1:22_293_DF_DCIS_INDDEMOG1_1(1.0),A,ITD52,POP014,2017,13.3,,,,TIPO_DATO15__POP014_N1,,,
IT1:22_293_DF_DCIS_INDDEMOG1_1(1.0),A,ITD52,POP014,2018,13.3,,,,TIPO_DATO15__POP014_N1,,,
IT1:22_293_DF_DCIS_INDDEMOG1_1(1.0),A,ITD52,POP014,2019,13.2,,,,TIPO_DATO15__POP014_N1,,,
IT1:22_293_DF_DCIS_INDDEMOG1_1(1.0),A,ITD52,POP014,2020,13.1,,,,TIPO_DATO15__POP014_N1,,,
IT1:22_293_DF_DCIS_INDDEMOG1_1(1.0),A,ITD52,POP014,2021,13.1,,,,TIPO_DATO15__POP014_N1,,,
IT1:22_293_DF_DCIS_INDDEMOG1_1(1.0),A,ITD52,POP014,2022,13.1,,,,TIPO_DATO15__POP014_N1,,,
IT1:22_293_DF_DCIS_INDDEMOG1_1(1.0),A,ITD52,POP014,2023,12.8,,,,TIPO_DATO15__POP014_N1,,,
IT1:22_293_DF_DCIS_INDDEMOG1_1(1.0),A,ITD52,POP014,2024,12.6,,,,TIPO_DATO15__POP014_N1,,,
IT1:22_293_DF_DCIS_INDDEMOG1_1(1.0),A,ITD52,POP014,2025,12.4,,,,TIPO_DATO15__POP014_N1,,,
IT1:22_293_DF_DCIS_INDDEMOG1_1(1.0),A,ITD52,POP014,2026,12.1,e,,,TIPO_DATO15__POP014_N1,,,
IT1:22_293_DF_DCIS_INDDEMOG1_1(1.0),A,ITD53,POP014,2015,15.2,,,,TIPO_DATO15__POP014_N1,,,
IT1:22_293_DF_DCIS_INDDEMOG1_1(1.0),A,ITD53,POP014,2016,15.1,,,,TIPO_DATO15__POP014_N1,,,
IT1:22_293_DF_DCIS_INDDEMOG1_1(1.0),A,ITD53,POP014,2017,14.9,,,,TIPO_DATO15__POP014_N1,,,
IT1:22_293_DF_DCIS_INDDEMOG1_1(1.0),A,ITD53,POP014,2018,14.7,,,,TIPO_DATO15__POP014_N1,,,
IT1:22_293_DF_DCIS_INDDEMOG1_1(1.0),A,ITD53,POP014,2019,14.4,,,,TIPO_DATO15__POP014_N1,,,
IT1:22_293_DF_DCIS_INDDEMOG1_1(1.0),A,ITD53,POP014,2020,14.1,,,,TIPO_DATO15__POP014_N1,,,
IT1:22_293_DF_DCIS_INDDEMOG1_1(1.0),A,ITD53,POP014,2021,13.9,,,,TIPO_DATO15__POP014_N1,,,
IT1:22_293_DF_DCIS_INDDEMOG1_1(1.0),A,ITD53,POP014,2022,13.6,,,,TIPO_DATO15__POP014_N1,,,
IT1:22_293_DF_DCIS_INDDEMOG1_1(1.0),A,ITD53,POP014,2023,13.2,,,,TIPO_DATO15__POP014_N1,,,
IT1:22_293_DF_DCIS_INDDEMOG1_1(1.0),A,ITD53,POP014,2024,12.9,,,,TIPO_DATO15__POP014_N1,,,
IT1:22_293_DF_DCIS_INDDEMOG1_1(1.0),A,ITD53,POP014,2025,12.6,,,,TIPO_DATO15__POP014_N1,,,
IT1:22_293_DF_DCIS_INDDEMOG1_1(1.0),A,ITD53,POP014,2026,12.3,e,,,TIPO_DATO15__POP014_N1,,,
IT1:22_293_DF_DCIS_INDDEMOG1_1(1.0),A,ITD54,POP014,2015,14.4,,,,TIPO_DATO15__POP014_N1,,,
IT1:22_293_DF_DCIS_INDDEMOG1_1(1.0),A,ITD54,POP014,2016,14.2,,,,TIPO_DATO15__POP014_N1,,,
IT1:22_293_DF_DCIS_INDDEMOG1_1(1.0),A,ITD54,POP014,2017,14.1,,,,TIPO_DATO15__POP014_N1,,,
IT1:22_293_DF_DCIS_INDDEMOG1_1(1.0),A,ITD54,POP014,2018,14,,,,TIPO_DATO15__POP014_N1,,,
IT1:22_293_DF_DCIS_INDDEMOG1_1(1.0),A,ITD54,POP014,2019,13.8,,,,TIPO_DATO15__POP014_N1,,,
IT1:22_293_DF_DCIS_INDDEMOG1_1(1.0),A,ITD54,POP014,2020,13.6,,,,TIPO_DATO15__POP014_N1,,,
IT1:22_293_DF_DCIS_INDDEMOG1_1(1.0),A,ITD54,POP014,2021,13.4,,,,TIPO_DATO15__POP014_N1,,,
IT1:22_293_DF_DCIS_INDDEMOG1_1(1.0),A,ITD54,POP014,2022,13.2,,,,TIPO_DATO15__POP014_N1,,,
IT1:22_293_DF_DCIS_INDDEMOG1_1(1.0),A,ITD54,POP014,2023,13,,,,TIPO_DATO15__POP014_N1,,,
IT1:22_293_DF_DCIS_INDDEMOG1_1(1.0),A,ITD54,POP014,2024,12.7,,,,TIPO_DATO15__POP014_N1,,,
IT1:22_293_DF_DCIS_INDDEMOG1_1(1.0),A,ITD54,POP014,2025,12.4,,,,TIPO_DATO15__POP014_N1,,,
IT1:22_293_DF_DCIS_INDDEMOG1_1(1.0),A,ITD54,POP014,2026,12.1,e,,,TIPO_DATO15__POP014_N1,,,
IT1:22_293_DF_DCIS_INDDEMOG1_1(1.0),A,ITD55,POP014,2015,13.1,,,,TIPO_DATO15__POP014_N1,,,
IT1:22_293_DF_DCIS_INDDEMOG1_1(1.0),A,ITD55,POP014,2016,13.1,,,,TIPO_DATO15__POP014_N1,,,
IT1:22_293_DF_DCIS_INDDEMOG1_1(1.0),A,ITD55,POP014,2017,13,,,,TIPO_DATO15__POP014_N1,,,
IT1:22_293_DF_DCIS_INDDEMOG1_1(1.0),A,ITD55,POP014,2018,12.9,,,,TIPO_DATO15__POP014_N1,,,
IT1:22_293_DF_DCIS_INDDEMOG1_1(1.0),A,ITD55,POP014,2019,12.8,,,,TIPO_DATO15__POP014_N1,,,
IT1:22_293_DF_DCIS_INDDEMOG1_1(1.0),A,ITD55,POP014,2020,12.6,,,,TIPO_DATO15__POP014_N1,,,
IT1:22_293_DF_DCIS_INDDEMOG1_1(1.0),A,ITD55,POP014,2021,12.4,,,,TIPO_DATO15__POP014_N1,,,
IT1:22_293_DF_DCIS_INDDEMOG1_1(1.0),A,ITD55,POP014,2022,12.3,,,,TIPO_DATO15__POP014_N1,,,
IT1:22_293_DF_DCIS_INDDEMOG1_1(1.0),A,ITD55,POP014,2023,12.1,,,,TIPO_DATO15__POP014_N1,,,
IT1:22_293_DF_DCIS_INDDEMOG1_1(1.0),A,ITD55,POP014,2024,11.8,,,,TIPO_DATO15__POP014_N1,,,
IT1:22_293_DF_DCIS_INDDEMOG1_1(1.0),A,ITD55,POP014,2025,11.6,,,,TIPO_DATO15__POP014_N1,,,
IT1:22_293_DF_DCIS_INDDEMOG1_1(1.0),A,ITD55,POP014,2026,11.4,e,,,TIPO_DATO15__POP014_N1,,,
IT1:22_293_DF_DCIS_INDDEMOG1_1(1.0),A,ITD56,POP014,2015,11.2,,,,TIPO_DATO15__POP014_N1,,,
IT1:22_293_DF_DCIS_INDDEMOG1_1(1.0),A,ITD56,POP014,2016,11.2,,,,TIPO_DATO15__POP014_N1,,,
IT1:22_293_DF_DCIS_INDDEMOG1_1(1.0),A,ITD56,POP014,2017,11.1,,,,TIPO_DATO15__POP014_N1,,,
IT1:22_293_DF_DCIS_INDDEMOG1_1(1.0),A,ITD56,POP014,2018,11,,,,TIPO_DATO15__POP014_N1,,,
IT1:22_293_DF_DCIS_INDDEMOG1_1(1.0),A,ITD56,POP014,2019,10.9,,,,TIPO_DATO15__POP014_N1,,,
IT1:22_293_DF_DCIS_INDDEMOG1_1(1.0),A,ITD56,POP014,2020,10.8,,,,TIPO_DATO15__POP014_N1,,,
IT1:22_293_DF_DCIS_INDDEMOG1_1(1.0),A,ITD56,POP014,2021,10.7,,,,TIPO_DATO15__POP014_N1,,,
IT1:22_293_DF_DCIS_INDDEMOG1_1(1.0),A,ITD56,POP014,2022,10.6,,,,TIPO_DATO15__POP014_N1,,,
IT1:22_293_DF_DCIS_INDDEMOG1_1(1.0),A,ITD56,POP014,2023,10.5,,,,TIPO_DATO15__POP014_N1,,,
IT1:22_293_DF_DCIS_INDDEMOG1_1(1.0),A,ITD56,POP014,2024,10.3,,,,TIPO_DATO15__POP014_N1,,,
IT1:22_293_DF_DCIS_INDDEMOG1_1(1.0),A,ITD56,POP014,2025,10.1,,,,TIPO_DATO15__POP014_N1,,,
IT1:22_293_DF_DCIS_INDDEMOG1_1(1.0),A,ITD56,POP014,2026,9.9,e,,,TIPO_DATO15__POP014_N1,,,
IT1:22_293_DF_DCIS_INDDEMOG1_1(1.0),A,ITD57,POP014,2015,13.1,,,,TIPO_DATO15__POP014_N1,,,
IT1:22_293_DF_DCIS_INDDEMOG1_1(1.0),A,ITD57,POP014,2016,13,,,,TIPO_DATO15__POP014_N1,,,
IT1:22_293_DF_DCIS_INDDEMOG1_1(1.0),A,ITD57,POP014,2017,12.9,,,,TIPO_DATO15__POP014_N1,,,
IT1:22_293_DF_DCIS_INDDEMOG1_1(1.0),A,ITD57,POP014,2018,12.7,,,,TIPO_DATO15__POP014_N1,,,
IT1:22_293_DF_DCIS_INDDEMOG1_1(1.0),A,ITD57,POP014,2019,12.6,,,,TIPO_DATO15__POP014_N1,,,
IT1:22_293_DF_DCIS_INDDEMOG1_1(1.0),A,ITD57,POP014,2020,12.4,,,,TIPO_DATO15__POP014_N1,,,
IT1:22_293_DF_DCIS_INDDEMOG1_1(1.0),A,ITD57,POP014,2021,12.3,,,,TIPO_DATO15__POP014_N1,,,
IT1:22_293_DF_DCIS_INDDEMOG1_1(1.0),A,ITD57,POP014,2022,12.1,,,,TIPO_DATO15__POP014_N1,,,
IT1:22_293_DF_DCIS_INDDEMOG1_1(1.0),A,ITD57,POP014,2023,11.9,,,,TIPO_DATO15__POP014_N1,,,
IT1:22_293_DF_DCIS_INDDEMOG1_1(1.0),A,ITD57,POP014,2024,11.6,,,,TIPO_DATO15__POP014_N1,,,
IT1:22_293_DF_DCIS_INDDEMOG1_1(1.0),A,ITD57,POP014,2025,11.3,,,,TIPO_DATO15__POP014_N1,,,
IT1:22_293_DF_DCIS_INDDEMOG1_1(1.0),A,ITD57,POP014,2026,11,e,,,TIPO_DATO15__POP014_N1,,,
IT1:22_293_DF_DCIS_INDDEMOG1_1(1.0),A,ITD58,POP014,2015,13.6,,,,TIPO_DATO15__POP014_N1,,,
IT1:22_293_DF_DCIS_INDDEMOG1_1(1.0),A,ITD58,POP014,2016,13.5,,,,TIPO_DATO15__POP014_N1,,,
IT1:22_293_DF_DCIS_INDDEMOG1_1(1.0),A,ITD58,POP014,2017,13.4,,,,TIPO_DATO15__POP014_N1,,,
IT1:22_293_DF_DCIS_INDDEMOG1_1(1.0),A,ITD58,POP014,2018,13.3,,,,TIPO_DATO15__POP014_N1,,,
IT1:22_293_DF_DCIS_INDDEMOG1_1(1.0),A,ITD58,POP014,2019,13.2,,,,TIPO_DATO15__POP014_N1,,,
IT1:22_293_DF_DCIS_INDDEMOG1_1(1.0),A,ITD58,POP014,2020,12.9,,,,TIPO_DATO15__POP014_N1,,,
IT1:22_293_DF_DCIS_INDDEMOG1_1(1.0),A,ITD58,POP014,2021,12.8,,,,TIPO_DATO15__POP014_N1,,,
IT1:22_293_DF_DCIS_INDDEMOG1_1(1.0),A,ITD58,POP014,2022,12.5,,,,TIPO_DATO15__POP014_N1,,,
IT1:22_293_DF_DCIS_INDDEMOG1_1(1.0),A,ITD58,POP014,2023,12.3,,,,TIPO_DATO15__POP014_N1,,,
IT1:22_293_DF_DCIS_INDDEMOG1_1(1.0),A,ITD58,POP014,2024,12.1,,,,TIPO_DATO15__POP014_N1,,,
IT1:22_293_DF_DCIS_INDDEMOG1_1(1.0),A,ITD58,POP014,2025,11.8,,,,TIPO_DATO15__POP014_N1,,,
IT1:22_293_DF_DCIS_INDDEMOG1_1(1.0),A,ITD58,POP014,2026,11.5,e,,,TIPO_DATO15__POP014_N1,,,
IT1:22_293_DF_DCIS_INDDEMOG1_1(1.0),A,ITD59,POP014,2015,13.9,,,,TIPO_DATO15__POP014_N1,,,
IT1:22_293_DF_DCIS_INDDEMOG1_1(1.0),A,ITD59,POP014,2016,13.8,,,,TIPO_DATO15__POP014_N1,,,
IT1:22_293_DF_DCIS_INDDEMOG1_1(1.0),A,ITD59,POP014,2017,13.6,,,,TIPO_DATO15__POP014_N1,,,
IT1:22_293_DF_DCIS_INDDEMOG1_1(1.0),A,ITD59,POP014,2018,13.4,,,,TIPO_DATO15__POP014_N1,,,
IT1:22_293_DF_DCIS_INDDEMOG1_1(1.0),A,ITD59,POP014,2019,13.2,,,,TIPO_DATO15__POP014_N1,,,
IT1:22_293_DF_DCIS_INDDEMOG1_1(1.0),A,ITD59,POP014,2020,13,,,,TIPO_DATO15__POP014_N1,,,
IT1:22_293_DF_DCIS_INDDEMOG1_1(1.0),A,ITD59,POP014,2021,12.8,,,,TIPO_DATO15__POP014_N1,,,
IT1:22_293_DF_DCIS_INDDEMOG1_1(1.0),A,ITD59,POP014,2022,12.6,,,,TIPO_DATO15__POP014_N1,,,
IT1:22_293_DF_DCIS_INDDEMOG1_1(1.0),A,ITD59,POP014,2023,12.3,,,,TIPO_DATO15__POP014_N1,,,
IT1:22_293_DF_DCIS_INDDEMOG1_1(1.0),A,ITD59,POP014,2024,11.9,,,,TIPO_DATO15__POP014_N1,,,
IT1:22_293_DF_DCIS_INDDEMOG1_1(1.0),A,ITD59,POP014,2025,11.5,,,,TIPO_DATO15__POP014_N1,,,
IT1:22_293_DF_DCIS_INDDEMOG1_1(1.0),A,ITD59,POP014,2026,11.1,e,,,TIPO_DATO15__POP014_N1,,,
IT1:22_293_DF_DCIS_INDDEMOG1_1(1.0),A,ITDA,POP014,2015,15.6,,,,TIPO_DATO15__POP014_N1,,,
IT1:22_293_DF_DCIS_INDDEMOG1_1(1.0),A,ITDA,POP014,2016,15.4,,,,TIPO_DATO15__POP014_N1,,,
IT1:22_293_DF_DCIS_INDDEMOG1_1(1.0),A,ITDA,POP014,2017,15.3,,,,TIPO_DATO15__POP014_N1,,,
IT1:22_293_DF_DCIS_INDDEMOG1_1(1.0),A,ITDA,POP014,2018,15.1,,,,TIPO_DATO15__POP014_N1,,,
IT1:22_293_DF_DCIS_INDDEMOG1_1(1.0),A,ITDA,POP014,2019,15,,,,TIPO_DATO15__POP014_N1,,,
IT1:22_293_DF_DCIS_INDDEMOG1_1(1.0),A,ITDA,POP014,2020,14.9,,,,TIPO_DATO15__POP014_N1,,,
IT1:22_293_DF_DCIS_INDDEMOG1_1(1.0),A,ITDA,POP014,2021,14.7,,,,TIPO_DATO15__POP014_N1,,,
IT1:22_293_DF_DCIS_INDDEMOG1_1(1.0),A,ITDA,POP014,2022,14.6,,,,TIPO_DATO15__POP014_N1,,,
IT1:22_293_DF_DCIS_INDDEMOG1_1(1.0),A,ITDA,POP014,2023,14.4,,,,TIPO_DATO15__POP014_N1,,,
IT1:22_293_DF_DCIS_INDDEMOG1_1(1.0),A,ITDA,POP014,2024,14.2,,,,TIPO_DATO15__POP014_N1,,,
IT1:22_293_DF_DCIS_INDDEMOG1_1(1.0),A,ITDA,POP014,2025,13.9,,,,TIPO_DATO15__POP014_N1,,,
IT1:22_293_DF_DCIS_INDDEMOG1_1(1.0),A,ITDA,POP014,2026,13.6,e,,,TIPO_DATO15__POP014_N1,,,
IT1:22_293_DF_DCIS_INDDEMOG1_1(1.0),A,ITE,POP014,2015,13.4,,,,TIPO_DATO15__POP014_N1,,,
IT1:22_293_DF_DCIS_INDDEMOG1_1(1.0),A,ITE,POP014,2016,13.3,,,,TIPO_DATO15__POP014_N1,,,
IT1:22_293_DF_DCIS_INDDEMOG1_1(1.0),A,ITE,POP014,2017,13.2,,,,TIPO_DATO15__POP014_N1,,,
IT1:22_293_DF_DCIS_INDDEMOG1_1(1.0),A,ITE,POP014,2018,13.1,,,,TIPO_DATO15__POP014_N1,,,
IT1:22_293_DF_DCIS_INDDEMOG1_1(1.0),A,ITE,POP014,2019,12.9,,,,TIPO_DATO15__POP014_N1,,,
IT1:22_293_DF_DCIS_INDDEMOG1_1(1.0),A,ITE,POP014,2020,12.7,,,,TIPO_DATO15__POP014_N1,,,
IT1:22_293_DF_DCIS_INDDEMOG1_1(1.0),A,ITE,POP014,2021,12.6,,,,TIPO_DATO15__POP014_N1,,,
IT1:22_293_DF_DCIS_INDDEMOG1_1(1.0),A,ITE,POP014,2022,12.4,,,,TIPO_DATO15__POP014_N1,,,
IT1:22_293_DF_DCIS_INDDEMOG1_1(1.0),A,ITE,POP014,2023,12.1,,,,TIPO_DATO15__POP014_N1,,,
IT1:22_293_DF_DCIS_INDDEMOG1_1(1.0),A,ITE,POP014,2024,11.8,,,,TIPO_DATO15__POP014_N1,,,
IT1:22_293_DF_DCIS_INDDEMOG1_1(1.0),A,ITE,POP014,2025,11.5,,,,TIPO_DATO15__POP014_N1,,,
IT1:22_293_DF_DCIS_INDDEMOG1_1(1.0),A,ITE,POP014,2026,11.2,e,,,TIPO_DATO15__POP014_N1,,,
IT1:22_293_DF_DCIS_INDDEMOG1_1(1.0),A,ITE1,POP014,2015,12.9,,,,TIPO_DATO15__POP014_N1,,,
IT1:22_293_DF_DCIS_INDDEMOG1_1(1.0),A,ITE1,POP014,2016,12.8,,,,TIPO_DATO15__POP014_N1,,,
IT1:22_293_DF_DCIS_INDDEMOG1_1(1.0),A,ITE1,POP014,2017,12.7,,,,TIPO_DATO15__POP014_N1,,,
IT1:22_293_DF_DCIS_INDDEMOG1_1(1.0),A,ITE1,POP014,2018,12.5,,,,TIPO_DATO15__POP014_N1,,,
IT1:22_293_DF_DCIS_INDDEMOG1_1(1.0),A,ITE1,POP014,2019,12.4,,,,TIPO_DATO15__POP014_N1,,,
IT1:22_293_DF_DCIS_INDDEMOG1_1(1.0),A,ITE1,POP014,2020,12.2,,,,TIPO_DATO15__POP014_N1,,,
IT1:22_293_DF_DCIS_INDDEMOG1_1(1.0),A,ITE1,POP014,2021,12,,,,TIPO_DATO15__POP014_N1,,,
IT1:22_293_DF_DCIS_INDDEMOG1_1(1.0),A,ITE1,POP014,2022,11.9,,,,TIPO_DATO15__POP014_N1,,,
IT1:22_293_DF_DCIS_INDDEMOG1_1(1.0),A,ITE1,POP014,2023,11.6,,,,TIPO_DATO15__POP014_N1,,,
IT1:22_293_DF_DCIS_INDDEMOG1_1(1.0),A,ITE1,POP014,2024,11.3,,,,TIPO_DATO15__POP014_N1,,,
IT1:22_293_DF_DCIS_INDDEMOG1_1(1.0),A,ITE1,POP014,2025,11,,,,TIPO_DATO15__POP014_N1,,,
IT1:22_293_DF_DCIS_INDDEMOG1_1(1.0),A,ITE1,POP014,2026,10.8,e,,,TIPO_DATO15__POP014_N1,,,
IT1:22_293_DF_DCIS_INDDEMOG1_1(1.0),A,ITE11,POP014,2015,11.6,,,,TIPO_DATO15__POP014_N1,,,
IT1:22_293_DF_DCIS_INDDEMOG1_1(1.0),A,ITE11,POP014,2016,11.5,,,,TIPO_DATO15__POP014_N1,,,
IT1:22_293_DF_DCIS_INDDEMOG1_1(1.0),A,ITE11,POP014,2017,11.4,,,,TIPO_DATO15__POP014_N1,,,
IT1:22_293_DF_DCIS_INDDEMOG1_1(1.0),A,ITE11,POP014,2018,11.2,,,,TIPO_DATO15__POP014_N1,,,
IT1:22_293_DF_DCIS_INDDEMOG1_1(1.0),A,ITE11,POP014,2019,11.1,,,,TIPO_DATO15__POP014_N1,,,
IT1:22_293_DF_DCIS_INDDEMOG1_1(1.0),A,ITE11,POP014,2020,10.9,,,,TIPO_DATO15__POP014_N1,,,
IT1:22_293_DF_DCIS_INDDEMOG1_1(1.0),A,ITE11,POP014,2021,10.8,,,,TIPO_DATO15__POP014_N1,,,
IT1:22_293_DF_DCIS_INDDEMOG1_1(1.0),A,ITE11,POP014,2022,10.6,,,,TIPO_DATO15__POP014_N1,,,
IT1:22_293_DF_DCIS_INDDEMOG1_1(1.0),A,ITE11,POP014,2023,10.4,,,,TIPO_DATO15__POP014_N1,,,
IT1:22_293_DF_DCIS_INDDEMOG1_1(1.0),A,ITE11,POP014,2024,10.1,,,,TIPO_DATO15__POP014_N1,,,
IT1:22_293_DF_DCIS_INDDEMOG1_1(1.0),A,ITE11,POP014,2025,9.8,,,,TIPO_DATO15__POP014_N1,,,
IT1:22_293_DF_DCIS_INDDEMOG1_1(1.0),A,ITE11,POP014,2026,9.6,e,,,TIPO_DATO15__POP014_N1,,,
IT1:22_293_DF_DCIS_INDDEMOG1_1(1.0),A,ITE12,POP014,2015,12.5,,,,TIPO_DATO15__POP014_N1,,,
IT1:22_293_DF_DCIS_INDDEMOG1_1(1.0),A,ITE12,POP014,2016,12.4,,,,TIPO_DATO15__POP014_N1,,,
IT1:22_293_DF_DCIS_INDDEMOG1_1(1.0),A,ITE12,POP014,2017,12.3,,,,TIPO_DATO15__POP014_N1,,,
IT1:22_293_DF_DCIS_INDDEMOG1_1(1.0),A,ITE12,POP014,2018,12.1,,,,TIPO_DATO15__POP014_N1,,,
IT1:22_293_DF_DCIS_INDDEMOG1_1(1.0),A,ITE12,POP014,2019,11.9,,,,TIPO_DATO15__POP014_N1,,,
IT1:22_293_DF_DCIS_INDDEMOG1_1(1.0),A,ITE12,POP014,2020,11.8,,,,TIPO_DATO15__POP014_N1,,,
IT1:22_293_DF_DCIS_INDDEMOG1_1(1.0),A,ITE12,POP014,2021,11.7,,,,TIPO_DATO15__POP014_N1,,,
IT1:22_293_DF_DCIS_INDDEMOG1_1(1.0),A,ITE12,POP014,2022,11.5,,,,TIPO_DATO15__POP014_N1,,,
IT1:22_293_DF_DCIS_INDDEMOG1_1(1.0),A,ITE12,POP014,2023,11.2,,,,TIPO_DATO15__POP014_N1,,,
IT1:22_293_DF_DCIS_INDDEMOG1_1(1.0),A,ITE12,POP014,2024,10.9,,,,TIPO_DATO15__POP014_N1,,,
IT1:22_293_DF_DCIS_INDDEMOG1_1(1.0),A,ITE12,POP014,2025,10.6,,,,TIPO_DATO15__POP014_N1,,,
IT1:22_293_DF_DCIS_INDDEMOG1_1(1.0),A,ITE12,POP014,2026,10.3,e,,,TIPO_DATO15__POP014_N1,,,
IT1:22_293_DF_DCIS_INDDEMOG1_1(1.0),A,ITE13,POP014,2015,12.9,,,,TIPO_DATO15__POP014_N1,,,
IT1:22_293_DF_DCIS_INDDEMOG1_1(1.0),A,ITE13,POP014,2016,12.9,,,,TIPO_DATO15__POP014_N1,,,
IT1:22_293_DF_DCIS_INDDEMOG1_1(1.0),A,ITE13,POP014,2017,12.7,,,,TIPO_DATO15__POP014_N1,,,
IT1:22_293_DF_DCIS_INDDEMOG1_1(1.0),A,ITE13,POP014,2018,12.6,,,,TIPO_DATO15__POP014_N1,,,
IT1:22_293_DF_DCIS_INDDEMOG1_1(1.0),A,ITE13,POP014,2019,12.5,,,,TIPO_DATO15__POP014_N1,,,
IT1:22_293_DF_DCIS_INDDEMOG1_1(1.0),A,ITE13,POP014,2020,12.3,,,,TIPO_DATO15__POP014_N1,,,
IT1:22_293_DF_DCIS_INDDEMOG1_1(1.0),A,ITE13,POP014,2021,12.2,,,,TIPO_DATO15__POP014_N1,,,
IT1:22_293_DF_DCIS_INDDEMOG1_1(1.0),A,ITE13,POP014,2022,12,,,,TIPO_DATO15__POP014_N1,,,
IT1:22_293_DF_DCIS_INDDEMOG1_1(1.0),A,ITE13,POP014,2023,11.8,,,,TIPO_DATO15__POP014_N1,,,
IT1:22_293_DF_DCIS_INDDEMOG1_1(1.0),A,ITE13,POP014,2024,11.5,,,,TIPO_DATO15__POP014_N1,,,
IT1:22_293_DF_DCIS_INDDEMOG1_1(1.0),A,ITE13,POP014,2025,11.2,,,,TIPO_DATO15__POP014_N1,,,
IT1:22_293_DF_DCIS_INDDEMOG1_1(1.0),A,ITE13,POP014,2026,10.9,e,,,TIPO_DATO15__POP014_N1,,,
IT1:22_293_DF_DCIS_INDDEMOG1_1(1.0),A,ITE14,POP014,2015,13.2,,,,TIPO_DATO15__POP014_N1,,,
IT1:22_293_DF_DCIS_INDDEMOG1_1(1.0),A,ITE14,POP014,2016,13.1,,,,TIPO_DATO15__POP014_N1,,,
IT1:22_293_DF_DCIS_INDDEMOG1_1(1.0),A,ITE14,POP014,2017,12.9,,,,TIPO_DATO15__POP014_N1,,,
IT1:22_293_DF_DCIS_INDDEMOG1_1(1.0),A,ITE14,POP014,2018,12.8,,,,TIPO_DATO15__POP014_N1,,,
IT1:22_293_DF_DCIS_INDDEMOG1_1(1.0),A,ITE14,POP014,2019,12.6,,,,TIPO_DATO15__POP014_N1,,,
IT1:22_293_DF_DCIS_INDDEMOG1_1(1.0),A,ITE14,POP014,2020,12.4,,,,TIPO_DATO15__POP014_N1,,,
IT1:22_293_DF_DCIS_INDDEMOG1_1(1.0),A,ITE14,POP014,2021,12.2,,,,TIPO_DATO15__POP014_N1,,,
IT1:22_293_DF_DCIS_INDDEMOG1_1(1.0),A,ITE14,POP014,2022,12,,,,TIPO_DATO15__POP014_N1,,,
IT1:22_293_DF_DCIS_INDDEMOG1_1(1.0),A,ITE14,POP014,2023,11.8,,,,TIPO_DATO15__POP014_N1,,,
IT1:22_293_DF_DCIS_INDDEMOG1_1(1.0),A,ITE14,POP014,2024,11.5,,,,TIPO_DATO15__POP014_N1,,,
IT1:22_293_DF_DCIS_INDDEMOG1_1(1.0),A,ITE14,POP014,2025,11.2,,,,TIPO_DATO15__POP014_N1,,,
IT1:22_293_DF_DCIS_INDDEMOG1_1(1.0),A,ITE14,POP014,2026,11,e,,,TIPO_DATO15__POP014_N1,,,
IT1:22_293_DF_DCIS_INDDEMOG1_1(1.0),A,ITE15,POP014,2015,14.4,,,,TIPO_DATO15__POP014_N1,,,
IT1:22_293_DF_DCIS_INDDEMOG1_1(1.0),A,ITE15,POP014,2016,14.3,,,,TIPO_DATO15__POP014_N1,,,
IT1:22_293_DF_DCIS_INDDEMOG1_1(1.0),A,ITE15,POP014,2017,14.3,,,,TIPO_DATO15__POP014_N1,,,
IT1:22_293_DF_DCIS_INDDEMOG1_1(1.0),A,ITE15,POP014,2018,14.2,,,,TIPO_DATO15__POP014_N1,,,
IT1:22_293_DF_DCIS_INDDEMOG1_1(1.0),A,ITE15,POP014,2019,14,,,,TIPO_DATO15__POP014_N1,,,
IT1:22_293_DF_DCIS_INDDEMOG1_1(1.0),A,ITE15,POP014,2020,13.8,,,,TIPO_DATO15__POP014_N1,,,
IT1:22_293_DF_DCIS_INDDEMOG1_1(1.0),A,ITE15,POP014,2021,13.3,,,,TIPO_DATO15__POP014_N1,,,
IT1:22_293_DF_DCIS_INDDEMOG1_1(1.0),A,ITE15,POP014,2022,13.1,,,,TIPO_DATO15__POP014_N1,,,
IT1:22_293_DF_DCIS_INDDEMOG1_1(1.0),A,ITE15,POP014,2023,12.7,,,,TIPO_DATO15__POP014_N1,,,
IT1:22_293_DF_DCIS_INDDEMOG1_1(1.0),A,ITE15,POP014,2024,12.2,,,,TIPO_DATO15__POP014_N1,,,
IT1:22_293_DF_DCIS_INDDEMOG1_1(1.0),A,ITE15,POP014,2025,11.8,,,,TIPO_DATO15__POP014_N1,,,
IT1:22_293_DF_DCIS_INDDEMOG1_1(1.0),A,ITE15,POP014,2026,11.3,e,,,TIPO_DATO15__POP014_N1,,,
IT1:22_293_DF_DCIS_INDDEMOG1_1(1.0),A,ITE16,POP014,2015,12.2,,,,TIPO_DATO15__POP014_N1,,,
IT1:22_293_DF_DCIS_INDDEMOG1_1(1.0),A,ITE16,POP014,2016,12.1,,,,TIPO_DATO15__POP014_N1,,,
IT1:22_293_DF_DCIS_INDDEMOG1_1(1.0),A,ITE16,POP014,2017,12,,,,TIPO_DATO15__POP014_N1,,,
IT1:22_293_DF_DCIS_INDDEMOG1_1(1.0),A,ITE16,POP014,2018,11.9,,,,TIPO_DATO15__POP014_N1,,,
IT1:22_293_DF_DCIS_INDDEMOG1_1(1.0),A,ITE16,POP014,2019,11.8,,,,TIPO_DATO15__POP014_N1,,,
IT1:22_293_DF_DCIS_INDDEMOG1_1(1.0),A,ITE16,POP014,2020,11.6,,,,TIPO_DATO15__POP014_N1,,,
IT1:22_293_DF_DCIS_INDDEMOG1_1(1.0),A,ITE16,POP014,2021,11.5,,,,TIPO_DATO15__POP014_N1,,,
IT1:22_293_DF_DCIS_INDDEMOG1_1(1.0),A,ITE16,POP014,2022,11.3,,,,TIPO_DATO15__POP014_N1,,,
IT1:22_293_DF_DCIS_INDDEMOG1_1(1.0),A,ITE16,POP014,2023,11,,,,TIPO_DATO15__POP014_N1,,,
IT1:22_293_DF_DCIS_INDDEMOG1_1(1.0),A,ITE16,POP014,2024,10.7,,,,TIPO_DATO15__POP014_N1,,,
IT1:22_293_DF_DCIS_INDDEMOG1_1(1.0),A,ITE16,POP014,2025,10.5,,,,TIPO_DATO15__POP014_N1,,,
IT1:22_293_DF_DCIS_INDDEMOG1_1(1.0),A,ITE16,POP014,2026,10.2,e,,,TIPO_DATO15__POP014_N1,,,
IT1:22_293_DF_DCIS_INDDEMOG1_1(1.0),A,ITE17,POP014,2015,13.3,,,,TIPO_DATO15__POP014_N1,,,
IT1:22_293_DF_DCIS_INDDEMOG1_1(1.0),A,ITE17,POP014,2016,13.2,,,,TIPO_DATO15__POP014_N1,,,
IT1:22_293_DF_DCIS_INDDEMOG1_1(1.0),A,ITE17,POP014,2017,13.1,,,,TIPO_DATO15__POP014_N1,,,
IT1:22_293_DF_DCIS_INDDEMOG1_1(1.0),A,ITE17,POP014,2018,13,,,,TIPO_DATO15__POP014_N1,,,
IT1:22_293_DF_DCIS_INDDEMOG1_1(1.0),A,ITE17,POP014,2019,12.9,,,,TIPO_DATO15__POP014_N1,,,
IT1:22_293_DF_DCIS_INDDEMOG1_1(1.0),A,ITE17,POP014,2020,12.7,,,,TIPO_DATO15__POP014_N1,,,
IT1:22_293_DF_DCIS_INDDEMOG1_1(1.0),A,ITE17,POP014,2021,12.6,,,,TIPO_DATO15__POP014_N1,,,
IT1:22_293_DF_DCIS_INDDEMOG1_1(1.0),A,ITE17,POP014,2022,12.4,,,,TIPO_DATO15__POP014_N1,,,
IT1:22_293_DF_DCIS_INDDEMOG1_1(1.0),A,ITE17,POP014,2023,12.2,,,,TIPO_DATO15__POP014_N1,,,
IT1:22_293_DF_DCIS_INDDEMOG1_1(1.0),A,ITE17,POP014,2024,11.9,,,,TIPO_DATO15__POP014_N1,,,
IT1:22_293_DF_DCIS_INDDEMOG1_1(1.0),A,ITE17,POP014,2025,11.6,,,,TIPO_DATO15__POP014_N1,,,
IT1:22_293_DF_DCIS_INDDEMOG1_1(1.0),A,ITE17,POP014,2026,11.4,e,,,TIPO_DATO15__POP014_N1,,,
IT1:22_293_DF_DCIS_INDDEMOG1_1(1.0),A,ITE18,POP014,2015,12.8,,,,TIPO_DATO15__POP014_N1,,,
IT1:22_293_DF_DCIS_INDDEMOG1_1(1.0),A,ITE18,POP014,2016,12.7,,,,TIPO_DATO15__POP014_N1,,,
IT1:22_293_DF_DCIS_INDDEMOG1_1(1.0),A,ITE18,POP014,2017,12.6,,,,TIPO_DATO15__POP014_N1,,,
IT1:22_293_DF_DCIS_INDDEMOG1_1(1.0),A,ITE18,POP014,2018,12.4,,,,TIPO_DATO15__POP014_N1,,,
IT1:22_293_DF_DCIS_INDDEMOG1_1(1.0),A,ITE18,POP014,2019,12.3,,,,TIPO_DATO15__POP014_N1,,,
IT1:22_293_DF_DCIS_INDDEMOG1_1(1.0),A,ITE18,POP014,2020,12.1,,,,TIPO_DATO15__POP014_N1,,,
IT1:22_293_DF_DCIS_INDDEMOG1_1(1.0),A,ITE18,POP014,2021,12,,,,TIPO_DATO15__POP014_N1,,,
IT1:22_293_DF_DCIS_INDDEMOG1_1(1.0),A,ITE18,POP014,2022,11.8,,,,TIPO_DATO15__POP014_N1,,,
IT1:22_293_DF_DCIS_INDDEMOG1_1(1.0),A,ITE18,POP014,2023,11.6,,,,TIPO_DATO15__POP014_N1,,,
IT1:22_293_DF_DCIS_INDDEMOG1_1(1.0),A,ITE18,POP014,2024,11.3,,,,TIPO_DATO15__POP014_N1,,,
IT1:22_293_DF_DCIS_INDDEMOG1_1(1.0),A,ITE18,POP014,2025,11.1,,,,TIPO_DATO15__POP014_N1,,,
IT1:22_293_DF_DCIS_INDDEMOG1_1(1.0),A,ITE18,POP014,2026,10.9,e,,,TIPO_DATO15__POP014_N1,,,
IT1:22_293_DF_DCIS_INDDEMOG1_1(1.0),A,ITE19,POP014,2015,12.8,,,,TIPO_DATO15__POP014_N1,,,
IT1:22_293_DF_DCIS_INDDEMOG1_1(1.0),A,ITE19,POP014,2016,12.7,,,,TIPO_DATO15__POP014_N1,,,
IT1:22_293_DF_DCIS_INDDEMOG1_1(1.0),A,ITE19,POP014,2017,12.6,,,,TIPO_DATO15__POP014_N1,,,
IT1:22_293_DF_DCIS_INDDEMOG1_1(1.0),A,ITE19,POP014,2018,12.5,,,,TIPO_DATO15__POP014_N1,,,
IT1:22_293_DF_DCIS_INDDEMOG1_1(1.0),A,ITE19,POP014,2019,12.3,,,,TIPO_DATO15__POP014_N1,,,
IT1:22_293_DF_DCIS_INDDEMOG1_1(1.0),A,ITE19,POP014,2020,12.2,,,,TIPO_DATO15__POP014_N1,,,
IT1:22_293_DF_DCIS_INDDEMOG1_1(1.0),A,ITE19,POP014,2021,12.1,,,,TIPO_DATO15__POP014_N1,,,
IT1:22_293_DF_DCIS_INDDEMOG1_1(1.0),A,ITE19,POP014,2022,12,,,,TIPO_DATO15__POP014_N1,,,
IT1:22_293_DF_DCIS_INDDEMOG1_1(1.0),A,ITE19,POP014,2023,11.7,,,,TIPO_DATO15__POP014_N1,,,
IT1:22_293_DF_DCIS_INDDEMOG1_1(1.0),A,ITE19,POP014,2024,11.5,,,,TIPO_DATO15__POP014_N1,,,
IT1:22_293_DF_DCIS_INDDEMOG1_1(1.0),A,ITE19,POP014,2025,11.2,,,,TIPO_DATO15__POP014_N1,,,
IT1:22_293_DF_DCIS_INDDEMOG1_1(1.0),A,ITE19,POP014,2026,10.9,e,,,TIPO_DATO15__POP014_N1,,,
IT1:22_293_DF_DCIS_INDDEMOG1_1(1.0),A,ITE1A,POP014,2015,11.7,,,,TIPO_DATO15__POP014_N1,,,
IT1:22_293_DF_DCIS_INDDEMOG1_1(1.0),A,ITE1A,POP014,2016,11.6,,,,TIPO_DATO15__POP014_N1,,,
IT1:22_293_DF_DCIS_INDDEMOG1_1(1.0),A,ITE1A,POP014,2017,11.5,,,,TIPO_DATO15__POP014_N1,,,
IT1:22_293_DF_DCIS_INDDEMOG1_1(1.0),A,ITE1A,POP014,2018,11.4,,,,TIPO_DATO15__POP014_N1,,,
IT1:22_293_DF_DCIS_INDDEMOG1_1(1.0),A,ITE1A,POP014,2019,11.2,,,,TIPO_DATO15__POP014_N1,,,
IT1:22_293_DF_DCIS_INDDEMOG1_1(1.0),A,ITE1A,POP014,2020,11,,,,TIPO_DATO15__POP014_N1,,,
IT1:22_293_DF_DCIS_INDDEMOG1_1(1.0),A,ITE1A,POP014,2021,10.9,,,,TIPO_DATO15__POP014_N1,,,
IT1:22_293_DF_DCIS_INDDEMOG1_1(1.0),A,ITE1A,POP014,2022,10.7,,,,TIPO_DATO15__POP014_N1,,,
IT1:22_293_DF_DCIS_INDDEMOG1_1(1.0),A,ITE1A,POP014,2023,10.5,,,,TIPO_DATO15__POP014_N1,,,
IT1:22_293_DF_DCIS_INDDEMOG1_1(1.0),A,ITE1A,POP014,2024,10.3,,,,TIPO_DATO15__POP014_N1,,,
IT1:22_293_DF_DCIS_INDDEMOG1_1(1.0),A,ITE1A,POP014,2025,10,,,,TIPO_DATO15__POP014_N1,,,
IT1:22_293_DF_DCIS_INDDEMOG1_1(1.0),A,ITE1A,POP014,2026,9.8,e,,,TIPO_DATO15__POP014_N1,,,
IT1:22_293_DF_DCIS_INDDEMOG1_1(1.0),A,ITE2,POP014,2015,13,,,,TIPO_DATO15__POP014_N1,,,
IT1:22_293_DF_DCIS_INDDEMOG1_1(1.0),A,ITE2,POP014,2016,12.9,,,,TIPO_DATO15__POP014_N1,,,
IT1:22_293_DF_DCIS_INDDEMOG1_1(1.0),A,ITE2,POP014,2017,12.8,,,,TIPO_DATO15__POP014_N1,,,
IT1:22_293_DF_DCIS_INDDEMOG1_1(1.0),A,ITE2,POP014,2018,12.6,,,,TIPO_DATO15__POP014_N1,,,
IT1:22_293_DF_DCIS_INDDEMOG1_1(1.0),A,ITE2,POP014,2019,12.5,,,,TIPO_DATO15__POP014_N1,,,
IT1:22_293_DF_DCIS_INDDEMOG1_1(1.0),A,ITE2,POP014,2020,12.3,,,,TIPO_DATO15__POP014_N1,,,
IT1:22_293_DF_DCIS_INDDEMOG1_1(1.0),A,ITE2,POP014,2021,12.1,,,,TIPO_DATO15__POP014_N1,,,
IT1:22_293_DF_DCIS_INDDEMOG1_1(1.0),A,ITE2,POP014,2022,11.9,,,,TIPO_DATO15__POP014_N1,,,
IT1:22_293_DF_DCIS_INDDEMOG1_1(1.0),A,ITE2,POP014,2023,11.6,,,,TIPO_DATO15__POP014_N1,,,
IT1:22_293_DF_DCIS_INDDEMOG1_1(1.0),A,ITE2,POP014,2024,11.3,,,,TIPO_DATO15__POP014_N1,,,
IT1:22_293_DF_DCIS_INDDEMOG1_1(1.0),A,ITE2,POP014,2025,11.1,,,,TIPO_DATO15__POP014_N1,,,
IT1:22_293_DF_DCIS_INDDEMOG1_1(1.0),A,ITE2,POP014,2026,10.8,e,,,TIPO_DATO15__POP014_N1,,,
IT1:22_293_DF_DCIS_INDDEMOG1_1(1.0),A,ITE21,POP014,2015,13.3,,,,TIPO_DATO15__POP014_N1,,,
IT1:22_293_DF_DCIS_INDDEMOG1_1(1.0),A,ITE21,POP014,2016,13.3,,,,TIPO_DATO15__POP014_N1,,,
IT1:22_293_DF_DCIS_INDDEMOG1_1(1.0),A,ITE21,POP014,2017,13.1,,,,TIPO_DATO15__POP014_N1,,,
IT1:22_293_DF_DCIS_INDDEMOG1_1(1.0),A,ITE21,POP014,2018,13,,,,TIPO_DATO15__POP014_N1,,,
IT1:22_293_DF_DCIS_INDDEMOG1_1(1.0),A,ITE21,POP014,2019,12.8,,,,TIPO_DATO15__POP014_N1,,,
IT1:22_293_DF_DCIS_INDDEMOG1_1(1.0),A,ITE21,POP014,2020,12.6,,,,TIPO_DATO15__POP014_N1,,,
IT1:22_293_DF_DCIS_INDDEMOG1_1(1.0),A,ITE21,POP014,2021,12.4,,,,TIPO_DATO15__POP014_N1,,,
IT1:22_293_DF_DCIS_INDDEMOG1_1(1.0),A,ITE21,POP014,2022,12.2,,,,TIPO_DATO15__POP014_N1,,,
IT1:22_293_DF_DCIS_INDDEMOG1_1(1.0),A,ITE21,POP014,2023,12,,,,TIPO_DATO15__POP014_N1,,,
IT1:22_293_DF_DCIS_INDDEMOG1_1(1.0),A,ITE21,POP014,2024,11.6,,,,TIPO_DATO15__POP014_N1,,,
IT1:22_293_DF_DCIS_INDDEMOG1_1(1.0),A,ITE21,POP014,2025,11.4,,,,TIPO_DATO15__POP014_N1,,,
IT1:22_293_DF_DCIS_INDDEMOG1_1(1.0),A,ITE21,POP014,2026,11.1,e,,,TIPO_DATO15__POP014_N1,,,
IT1:22_293_DF_DCIS_INDDEMOG1_1(1.0),A,ITE22,POP014,2015,12.1,,,,TIPO_DATO15__POP014_N1,,,
IT1:22_293_DF_DCIS_INDDEMOG1_1(1.0),A,ITE22,POP014,2016,11.9,,,,TIPO_DATO15__POP014_N1,,,
IT1:22_293_DF_DCIS_INDDEMOG1_1(1.0),A,ITE22,POP014,2017,11.8,,,,TIPO_DATO15__POP014_N1,,,
IT1:22_293_DF_DCIS_INDDEMOG1_1(1.0),A,ITE22,POP014,2018,11.6,,,,TIPO_DATO15__POP014_N1,,,
IT1:22_293_DF_DCIS_INDDEMOG1_1(1.0),A,ITE22,POP014,2019,11.5,,,,TIPO_DATO15__POP014_N1,,,
IT1:22_293_DF_DCIS_INDDEMOG1_1(1.0),A,ITE22,POP014,2020,11.3,,,,TIPO_DATO15__POP014_N1,,,
IT1:22_293_DF_DCIS_INDDEMOG1_1(1.0),A,ITE22,POP014,2021,11.2,,,,TIPO_DATO15__POP014_N1,,,
IT1:22_293_DF_DCIS_INDDEMOG1_1(1.0),A,ITE22,POP014,2022,11,,,,TIPO_DATO15__POP014_N1,,,
IT1:22_293_DF_DCIS_INDDEMOG1_1(1.0),A,ITE22,POP014,2023,10.7,,,,TIPO_DATO15__POP014_N1,,,
IT1:22_293_DF_DCIS_INDDEMOG1_1(1.0),A,ITE22,POP014,2024,10.5,,,,TIPO_DATO15__POP014_N1,,,
IT1:22_293_DF_DCIS_INDDEMOG1_1(1.0),A,ITE22,POP014,2025,10.3,,,,TIPO_DATO15__POP014_N1,,,
IT1:22_293_DF_DCIS_INDDEMOG1_1(1.0),A,ITE22,POP014,2026,10,e,,,TIPO_DATO15__POP014_N1,,,
IT1:22_293_DF_DCIS_INDDEMOG1_1(1.0),A,ITE3,POP014,2015,13.2,,,,TIPO_DATO15__POP014_N1,,,
IT1:22_293_DF_DCIS_INDDEMOG1_1(1.0),A,ITE3,POP014,2016,13.1,,,,TIPO_DATO15__POP014_N1,,,
IT1:22_293_DF_DCIS_INDDEMOG1_1(1.0),A,ITE3,POP014,2017,13,,,,TIPO_DATO15__POP014_N1,,,
IT1:22_293_DF_DCIS_INDDEMOG1_1(1.0),A,ITE3,POP014,2018,12.8,,,,TIPO_DATO15__POP014_N1,,,
IT1:22_293_DF_DCIS_INDDEMOG1_1(1.0),A,ITE3,POP014,2019,12.6,,,,TIPO_DATO15__POP014_N1,,,
IT1:22_293_DF_DCIS_INDDEMOG1_1(1.0),A,ITE3,POP014,2020,12.4,,,,TIPO_DATO15__POP014_N1,,,
IT1:22_293_DF_DCIS_INDDEMOG1_1(1.0),A,ITE3,POP014,2021,12.3,,,,TIPO_DATO15__POP014_N1,,,
IT1:22_293_DF_DCIS_INDDEMOG1_1(1.0),A,ITE3,POP014,2022,12.1,,,,TIPO_DATO15__POP014_N1,,,
IT1:22_293_DF_DCIS_INDDEMOG1_1(1.0),A,ITE3,POP014,2023,11.8,,,,TIPO_DATO15__POP014_N1,,,
IT1:22_293_DF_DCIS_INDDEMOG1_1(1.0),A,ITE3,POP014,2024,11.6,,,,TIPO_DATO15__POP014_N1,,,
IT1:22_293_DF_DCIS_INDDEMOG1_1(1.0),A,ITE3,POP014,2025,11.3,,,,TIPO_DATO15__POP014_N1,,,
IT1:22_293_DF_DCIS_INDDEMOG1_1(1.0),A,ITE3,POP014,2026,11,e,,,TIPO_DATO15__POP014_N1,,,
IT1:22_293_DF_DCIS_INDDEMOG1_1(1.0),A,ITE31,POP014,2015,13.7,,,,TIPO_DATO15__POP014_N1,,,
IT1:22_293_DF_DCIS_INDDEMOG1_1(1.0),A,ITE31,POP014,2016,13.6,,,,TIPO_DATO15__POP014_N1,,,
IT1:22_293_DF_DCIS_INDDEMOG1_1(1.0),A,ITE31,POP014,2017,13.4,,,,TIPO_DATO15__POP014_N1,,,
IT1:22_293_DF_DCIS_INDDEMOG1_1(1.0),A,ITE31,POP014,2018,13.2,,,,TIPO_DATO15__POP014_N1,,,
IT1:22_293_DF_DCIS_INDDEMOG1_1(1.0),A,ITE31,POP014,2019,13,,,,TIPO_DATO15__POP014_N1,,,
IT1:22_293_DF_DCIS_INDDEMOG1_1(1.0),A,ITE31,POP014,2020,12.7,,,,TIPO_DATO15__POP014_N1,,,
IT1:22_293_DF_DCIS_INDDEMOG1_1(1.0),A,ITE31,POP014,2021,12.6,,,,TIPO_DATO15__POP014_N1,,,
IT1:22_293_DF_DCIS_INDDEMOG1_1(1.0),A,ITE31,POP014,2022,12.3,,,,TIPO_DATO15__POP014_N1,,,
IT1:22_293_DF_DCIS_INDDEMOG1_1(1.0),A,ITE31,POP014,2023,12.1,,,,TIPO_DATO15__POP014_N1,,,
IT1:22_293_DF_DCIS_INDDEMOG1_1(1.0),A,ITE31,POP014,2024,11.8,,,,TIPO_DATO15__POP014_N1,,,
IT1:22_293_DF_DCIS_INDDEMOG1_1(1.0),A,ITE31,POP014,2025,11.4,,,,TIPO_DATO15__POP014_N1,,,
IT1:22_293_DF_DCIS_INDDEMOG1_1(1.0),A,ITE31,POP014,2026,11.1,e,,,TIPO_DATO15__POP014_N1,,,
IT1:22_293_DF_DCIS_INDDEMOG1_1(1.0),A,ITE32,POP014,2015,13.4,,,,TIPO_DATO15__POP014_N1,,,
IT1:22_293_DF_DCIS_INDDEMOG1_1(1.0),A,ITE32,POP014,2016,13.3,,,,TIPO_DATO15__POP014_N1,,,
IT1:22_293_DF_DCIS_INDDEMOG1_1(1.0),A,ITE32,POP014,2017,13.1,,,,TIPO_DATO15__POP014_N1,,,
IT1:22_293_DF_DCIS_INDDEMOG1_1(1.0),A,ITE32,POP014,2018,13,,,,TIPO_DATO15__POP014_N1,,,
IT1:22_293_DF_DCIS_INDDEMOG1_1(1.0),A,ITE32,POP014,2019,12.8,,,,TIPO_DATO15__POP014_N1,,,
IT1:22_293_DF_DCIS_INDDEMOG1_1(1.0),A,ITE32,POP014,2020,12.6,,,,TIPO_DATO15__POP014_N1,,,
IT1:22_293_DF_DCIS_INDDEMOG1_1(1.0),A,ITE32,POP014,2021,12.4,,,,TIPO_DATO15__POP014_N1,,,
IT1:22_293_DF_DCIS_INDDEMOG1_1(1.0),A,ITE32,POP014,2022,12.2,,,,TIPO_DATO15__POP014_N1,,,
IT1:22_293_DF_DCIS_INDDEMOG1_1(1.0),A,ITE32,POP014,2023,11.9,,,,TIPO_DATO15__POP014_N1,,,
IT1:22_293_DF_DCIS_INDDEMOG1_1(1.0),A,ITE32,POP014,2024,11.6,,,,TIPO_DATO15__POP014_N1,,,
IT1:22_293_DF_DCIS_INDDEMOG1_1(1.0),A,ITE32,POP014,2025,11.3,,,,TIPO_DATO15__POP014_N1,,,
IT1:22_293_DF_DCIS_INDDEMOG1_1(1.0),A,ITE32,POP014,2026,11,e,,,TIPO_DATO15__POP014_N1,,,
IT1:22_293_DF_DCIS_INDDEMOG1_1(1.0),A,ITE33,POP014,2015,13.2,,,,TIPO_DATO15__POP014_N1,,,
IT1:22_293_DF_DCIS_INDDEMOG1_1(1.0),A,ITE33,POP014,2016,13.1,,,,TIPO_DATO15__POP014_N1,,,
IT1:22_293_DF_DCIS_INDDEMOG1_1(1.0),A,ITE33,POP014,2017,13,,,,TIPO_DATO15__POP014_N1,,,
IT1:22_293_DF_DCIS_INDDEMOG1_1(1.0),A,ITE33,POP014,2018,12.9,,,,TIPO_DATO15__POP014_N1,,,
IT1:22_293_DF_DCIS_INDDEMOG1_1(1.0),A,ITE33,POP014,2019,12.7,,,,TIPO_DATO15__POP014_N1,,,
IT1:22_293_DF_DCIS_INDDEMOG1_1(1.0),A,ITE33,POP014,2020,12.5,,,,TIPO_DATO15__POP014_N1,,,
IT1:22_293_DF_DCIS_INDDEMOG1_1(1.0),A,ITE33,POP014,2021,12.4,,,,TIPO_DATO15__POP014_N1,,,
IT1:22_293_DF_DCIS_INDDEMOG1_1(1.0),A,ITE33,POP014,2022,12.3,,,,TIPO_DATO15__POP014_N1,,,
IT1:22_293_DF_DCIS_INDDEMOG1_1(1.0),A,ITE33,POP014,2023,12,,,,TIPO_DATO15__POP014_N1,,,
IT1:22_293_DF_DCIS_INDDEMOG1_1(1.0),A,ITE33,POP014,2024,11.8,,,,TIPO_DATO15__POP014_N1,,,
IT1:22_293_DF_DCIS_INDDEMOG1_1(1.0),A,ITE33,POP014,2025,11.6,,,,TIPO_DATO15__POP014_N1,,,
IT1:22_293_DF_DCIS_INDDEMOG1_1(1.0),A,ITE33,POP014,2026,11.3,e,,,TIPO_DATO15__POP014_N1,,,
IT1:22_293_DF_DCIS_INDDEMOG1_1(1.0),A,ITE34,POP014,2015,12.4,,,,TIPO_DATO15__POP014_N1,,,
IT1:22_293_DF_DCIS_INDDEMOG1_1(1.0),A,ITE34,POP014,2016,12.3,,,,TIPO_DATO15__POP014_N1,,,
IT1:22_293_DF_DCIS_INDDEMOG1_1(1.0),A,ITE34,POP014,2017,12.2,,,,TIPO_DATO15__POP014_N1,,,
IT1:22_293_DF_DCIS_INDDEMOG1_1(1.0),A,ITE34,POP014,2018,12.1,,,,TIPO_DATO15__POP014_N1,,,
IT1:22_293_DF_DCIS_INDDEMOG1_1(1.0),A,ITE34,POP014,2019,11.9,,,,TIPO_DATO15__POP014_N1,,,
IT1:22_293_DF_DCIS_INDDEMOG1_1(1.0),A,ITE34,POP014,2020,11.7,,,,TIPO_DATO15__POP014_N1,,,
IT1:22_293_DF_DCIS_INDDEMOG1_1(1.0),A,ITE34,POP014,2021,11.6,,,,TIPO_DATO15__POP014_N1,,,
IT1:22_293_DF_DCIS_INDDEMOG1_1(1.0),A,ITE34,POP014,2022,11.4,,,,TIPO_DATO15__POP014_N1,,,
IT1:22_293_DF_DCIS_INDDEMOG1_1(1.0),A,ITE34,POP014,2023,11.3,,,,TIPO_DATO15__POP014_N1,,,
IT1:22_293_DF_DCIS_INDDEMOG1_1(1.0),A,ITE34,POP014,2024,11.1,,,,TIPO_DATO15__POP014_N1,,,
IT1:22_293_DF_DCIS_INDDEMOG1_1(1.0),A,ITE34,POP014,2025,10.9,,,,TIPO_DATO15__POP014_N1,,,
IT1:22_293_DF_DCIS_INDDEMOG1_1(1.0),A,ITE34,POP014,2026,10.7,e,,,TIPO_DATO15__POP014_N1,,,
IT1:22_293_DF_DCIS_INDDEMOG1_1(1.0),A,ITE4,POP014,2015,13.9,,,,TIPO_DATO15__POP014_N1,,,
IT1:22_293_DF_DCIS_INDDEMOG1_1(1.0),A,ITE4,POP014,2016,13.8,,,,TIPO_DATO15__POP014_N1,,,
IT1:22_293_DF_DCIS_INDDEMOG1_1(1.0),A,ITE4,POP014,2017,13.7,,,,TIPO_DATO15__POP014_N1,,,
IT1:22_293_DF_DCIS_INDDEMOG1_1(1.0),A,ITE4,POP014,2018,13.5,,,,TIPO_DATO15__POP014_N1,,,
IT1:22_293_DF_DCIS_INDDEMOG1_1(1.0),A,ITE4,POP014,2019,13.3,,,,TIPO_DATO15__POP014_N1,,,
IT1:22_293_DF_DCIS_INDDEMOG1_1(1.0),A,ITE4,POP014,2020,13.1,,,,TIPO_DATO15__POP014_N1,,,
IT1:22_293_DF_DCIS_INDDEMOG1_1(1.0),A,ITE4,POP014,2021,13.1,,,,TIPO_DATO15__POP014_N1,,,
IT1:22_293_DF_DCIS_INDDEMOG1_1(1.0),A,ITE4,POP014,2022,12.8,,,,TIPO_DATO15__POP014_N1,,,
IT1:22_293_DF_DCIS_INDDEMOG1_1(1.0),A,ITE4,POP014,2023,12.6,,,,TIPO_DATO15__POP014_N1,,,
IT1:22_293_DF_DCIS_INDDEMOG1_1(1.0),A,ITE4,POP014,2024,12.2,,,,TIPO_DATO15__POP014_N1,,,
IT1:22_293_DF_DCIS_INDDEMOG1_1(1.0),A,ITE4,POP014,2025,11.9,,,,TIPO_DATO15__POP014_N1,,,
IT1:22_293_DF_DCIS_INDDEMOG1_1(1.0),A,ITE4,POP014,2026,11.6,e,,,TIPO_DATO15__POP014_N1,,,
IT1:22_293_DF_DCIS_INDDEMOG1_1(1.0),A,ITE41,POP014,2015,12.5,,,,TIPO_DATO15__POP014_N1,,,
IT1:22_293_DF_DCIS_INDDEMOG1_1(1.0),A,ITE41,POP014,2016,12.4,,,,TIPO_DATO15__POP014_N1,,,
IT1:22_293_DF_DCIS_INDDEMOG1_1(1.0),A,ITE41,POP014,2017,12.3,,,,TIPO_DATO15__POP014_N1,,,
IT1:22_293_DF_DCIS_INDDEMOG1_1(1.0),A,ITE41,POP014,2018,12.2,,,,TIPO_DATO15__POP014_N1,,,
IT1:22_293_DF_DCIS_INDDEMOG1_1(1.0),A,ITE41,POP014,2019,12,,,,TIPO_DATO15__POP014_N1,,,
IT1:22_293_DF_DCIS_INDDEMOG1_1(1.0),A,ITE41,POP014,2020,11.9,,,,TIPO_DATO15__POP014_N1,,,
IT1:22_293_DF_DCIS_INDDEMOG1_1(1.0),A,ITE41,POP014,2021,11.8,,,,TIPO_DATO15__POP014_N1,,,
IT1:22_293_DF_DCIS_INDDEMOG1_1(1.0),A,ITE41,POP014,2022,11.6,,,,TIPO_DATO15__POP014_N1,,,
IT1:22_293_DF_DCIS_INDDEMOG1_1(1.0),A,ITE41,POP014,2023,11.4,,,,TIPO_DATO15__POP014_N1,,,
IT1:22_293_DF_DCIS_INDDEMOG1_1(1.0),A,ITE41,POP014,2024,11.1,,,,TIPO_DATO15__POP014_N1,,,
IT1:22_293_DF_DCIS_INDDEMOG1_1(1.0),A,ITE41,POP014,2025,10.8,,,,TIPO_DATO15__POP014_N1,,,
IT1:22_293_DF_DCIS_INDDEMOG1_1(1.0),A,ITE41,POP014,2026,10.5,e,,,TIPO_DATO15__POP014_N1,,,
IT1:22_293_DF_DCIS_INDDEMOG1_1(1.0),A,ITE42,POP014,2015,11.9,,,,TIPO_DATO15__POP014_N1,,,
IT1:22_293_DF_DCIS_INDDEMOG1_1(1.0),A,ITE42,POP014,2016,11.8,,,,TIPO_DATO15__POP014_N1,,,
IT1:22_293_DF_DCIS_INDDEMOG1_1(1.0),A,ITE42,POP014,2017,11.7,,,,TIPO_DATO15__POP014_N1,,,
IT1:22_293_DF_DCIS_INDDEMOG1_1(1.0),A,ITE42,POP014,2018,11.5,,,,TIPO_DATO15__POP014_N1,,,
IT1:22_293_DF_DCIS_INDDEMOG1_1(1.0),A,ITE42,POP014,2019,11.3,,,,TIPO_DATO15__POP014_N1,,,
IT1:22_293_DF_DCIS_INDDEMOG1_1(1.0),A,ITE42,POP014,2020,11.1,,,,TIPO_DATO15__POP014_N1,,,
IT1:22_293_DF_DCIS_INDDEMOG1_1(1.0),A,ITE42,POP014,2021,11,,,,TIPO_DATO15__POP014_N1,,,
IT1:22_293_DF_DCIS_INDDEMOG1_1(1.0),A,ITE42,POP014,2022,10.8,,,,TIPO_DATO15__POP014_N1,,,
IT1:22_293_DF_DCIS_INDDEMOG1_1(1.0),A,ITE42,POP014,2023,10.7,,,,TIPO_DATO15__POP014_N1,,,
IT1:22_293_DF_DCIS_INDDEMOG1_1(1.0),A,ITE42,POP014,2024,10.5,,,,TIPO_DATO15__POP014_N1,,,
IT1:22_293_DF_DCIS_INDDEMOG1_1(1.0),A,ITE42,POP014,2025,10.2,,,,TIPO_DATO15__POP014_N1,,,
IT1:22_293_DF_DCIS_INDDEMOG1_1(1.0),A,ITE42,POP014,2026,10.1,e,,,TIPO_DATO15__POP014_N1,,,
IT1:22_293_DF_DCIS_INDDEMOG1_1(1.0),A,ITE43,POP014,2015,14.1,,,,TIPO_DATO15__POP014_N1,,,
IT1:22_293_DF_DCIS_INDDEMOG1_1(1.0),A,ITE43,POP014,2016,14,,,,TIPO_DATO15__POP014_N1,,,
IT1:22_293_DF_DCIS_INDDEMOG1_1(1.0),A,ITE43,POP014,2017,13.9,,,,TIPO_DATO15__POP014_N1,,,
IT1:22_293_DF_DCIS_INDDEMOG1_1(1.0),A,ITE43,POP014,2018,13.8,,,,TIPO_DATO15__POP014_N1,,,
IT1:22_293_DF_DCIS_INDDEMOG1_1(1.0),A,ITE43,POP014,2019,13.5,,,,TIPO_DATO15__POP014_N1,,,
IT1:22_293_DF_DCIS_INDDEMOG1_1(1.0),A,ITE43,POP014,2020,13.3,,,,TIPO_DATO15__POP014_N1,,,
IT1:22_293_DF_DCIS_INDDEMOG1_1(1.0),A,ITE43,POP014,2021,13.2,,,,TIPO_DATO15__POP014_N1,,,
IT1:22_293_DF_DCIS_INDDEMOG1_1(1.0),A,ITE43,POP014,2022,13,,,,TIPO_DATO15__POP014_N1,,,
IT1:22_293_DF_DCIS_INDDEMOG1_1(1.0),A,ITE43,POP014,2023,12.7,,,,TIPO_DATO15__POP014_N1,,,
IT1:22_293_DF_DCIS_INDDEMOG1_1(1.0),A,ITE43,POP014,2024,12.4,,,,TIPO_DATO15__POP014_N1,,,
IT1:22_293_DF_DCIS_INDDEMOG1_1(1.0),A,ITE43,POP014,2025,12.1,,,,TIPO_DATO15__POP014_N1,,,
IT1:22_293_DF_DCIS_INDDEMOG1_1(1.0),A,ITE43,POP014,2026,11.7,e,,,TIPO_DATO15__POP014_N1,,,
IT1:22_293_DF_DCIS_INDDEMOG1_1(1.0),A,ITE44,POP014,2015,14.1,,,,TIPO_DATO15__POP014_N1,,,
IT1:22_293_DF_DCIS_INDDEMOG1_1(1.0),A,ITE44,POP014,2016,13.9,,,,TIPO_DATO15__POP014_N1,,,
IT1:22_293_DF_DCIS_INDDEMOG1_1(1.0),A,ITE44,POP014,2017,13.8,,,,TIPO_DATO15__POP014_N1,,,
IT1:22_293_DF_DCIS_INDDEMOG1_1(1.0),A,ITE44,POP014,2018,13.7,,,,TIPO_DATO15__POP014_N1,,,
IT1:22_293_DF_DCIS_INDDEMOG1_1(1.0),A,ITE44,POP014,2019,13.5,,,,TIPO_DATO15__POP014_N1,,,
IT1:22_293_DF_DCIS_INDDEMOG1_1(1.0),A,ITE44,POP014,2020,13.4,,,,TIPO_DATO15__POP014_N1,,,
IT1:22_293_DF_DCIS_INDDEMOG1_1(1.0),A,ITE44,POP014,2021,13.4,,,,TIPO_DATO15__POP014_N1,,,
IT1:22_293_DF_DCIS_INDDEMOG1_1(1.0),A,ITE44,POP014,2022,13.2,,,,TIPO_DATO15__POP014_N1,,,
IT1:22_293_DF_DCIS_INDDEMOG1_1(1.0),A,ITE44,POP014,2023,12.9,,,,TIPO_DATO15__POP014_N1,,,
IT1:22_293_DF_DCIS_INDDEMOG1_1(1.0),A,ITE44,POP014,2024,12.7,,,,TIPO_DATO15__POP014_N1,,,
IT1:22_293_DF_DCIS_INDDEMOG1_1(1.0),A,ITE44,POP014,2025,12.3,,,,TIPO_DATO15__POP014_N1,,,
IT1:22_293_DF_DCIS_INDDEMOG1_1(1.0),A,ITE44,POP014,2026,12,e,,,TIPO_DATO15__POP014_N1,,,
IT1:22_293_DF_DCIS_INDDEMOG1_1(1.0),A,ITE45,POP014,2015,12.8,,,,TIPO_DATO15__POP014_N1,,,
IT1:22_293_DF_DCIS_INDDEMOG1_1(1.0),A,ITE45,POP014,2016,12.7,,,,TIPO_DATO15__POP014_N1,,,
IT1:22_293_DF_DCIS_INDDEMOG1_1(1.0),A,ITE45,POP014,2017,12.7,,,,TIPO_DATO15__POP014_N1,,,
IT1:22_293_DF_DCIS_INDDEMOG1_1(1.0),A,ITE45,POP014,2018,12.6,,,,TIPO_DATO15__POP014_N1,,,
IT1:22_293_DF_DCIS_INDDEMOG1_1(1.0),A,ITE45,POP014,2019,12.5,,,,TIPO_DATO15__POP014_N1,,,
IT1:22_293_DF_DCIS_INDDEMOG1_1(1.0),A,ITE45,POP014,2020,12.3,,,,TIPO_DATO15__POP014_N1,,,
IT1:22_293_DF_DCIS_INDDEMOG1_1(1.0),A,ITE45,POP014,2021,12.4,,,,TIPO_DATO15__POP014_N1,,,
IT1:22_293_DF_DCIS_INDDEMOG1_1(1.0),A,ITE45,POP014,2022,12.2,,,,TIPO_DATO15__POP014_N1,,,
IT1:22_293_DF_DCIS_INDDEMOG1_1(1.0),A,ITE45,POP014,2023,12,,,,TIPO_DATO15__POP014_N1,,,
IT1:22_293_DF_DCIS_INDDEMOG1_1(1.0),A,ITE45,POP014,2024,11.8,,,,TIPO_DATO15__POP014_N1,,,
IT1:22_293_DF_DCIS_INDDEMOG1_1(1.0),A,ITE45,POP014,2025,11.6,,,,TIPO_DATO15__POP014_N1,,,
IT1:22_293_DF_DCIS_INDDEMOG1_1(1.0),A,ITE45,POP014,2026,11.2,e,,,TIPO_DATO15__POP014_N1,,,
IT1:22_293_DF_DCIS_INDDEMOG1_1(1.0),A,ITF,POP014,2015,14.4,,,,TIPO_DATO15__POP014_N1,,,
IT1:22_293_DF_DCIS_INDDEMOG1_1(1.0),A,ITF,POP014,2016,14.2,,,,TIPO_DATO15__POP014_N1,,,
IT1:22_293_DF_DCIS_INDDEMOG1_1(1.0),A,ITF,POP014,2017,14,,,,TIPO_DATO15__POP014_N1,,,
IT1:22_293_DF_DCIS_INDDEMOG1_1(1.0),A,ITF,POP014,2018,13.8,,,,TIPO_DATO15__POP014_N1,,,
IT1:22_293_DF_DCIS_INDDEMOG1_1(1.0),A,ITF,POP014,2019,13.5,,,,TIPO_DATO15__POP014_N1,,,
IT1:22_293_DF_DCIS_INDDEMOG1_1(1.0),A,ITF,POP014,2020,13.3,,,,TIPO_DATO15__POP014_N1,,,
IT1:22_293_DF_DCIS_INDDEMOG1_1(1.0),A,ITF,POP014,2021,13.3,,,,TIPO_DATO15__POP014_N1,,,
IT1:22_293_DF_DCIS_INDDEMOG1_1(1.0),A,ITF,POP014,2022,13.1,,,,TIPO_DATO15__POP014_N1,,,
IT1:22_293_DF_DCIS_INDDEMOG1_1(1.0),A,ITF,POP014,2023,12.9,,,,TIPO_DATO15__POP014_N1,,,
IT1:22_293_DF_DCIS_INDDEMOG1_1(1.0),A,ITF,POP014,2024,12.7,,,,TIPO_DATO15__POP014_N1,,,
IT1:22_293_DF_DCIS_INDDEMOG1_1(1.0),A,ITF,POP014,2025,12.4,,,,TIPO_DATO15__POP014_N1,,,
IT1:22_293_DF_DCIS_INDDEMOG1_1(1.0),A,ITF,POP014,2026,12.1,e,,,TIPO_DATO15__POP014_N1,,,
IT1:22_293_DF_DCIS_INDDEMOG1_1(1.0),A,ITF1,POP014,2015,12.8,,,,TIPO_DATO15__POP014_N1,,,
IT1:22_293_DF_DCIS_INDDEMOG1_1(1.0),A,ITF1,POP014,2016,12.8,,,,TIPO_DATO15__POP014_N1,,,
IT1:22_293_DF_DCIS_INDDEMOG1_1(1.0),A,ITF1,POP014,2017,12.6,,,,TIPO_DATO15__POP014_N1,,,
IT1:22_293_DF_DCIS_INDDEMOG1_1(1.0),A,ITF1,POP014,2018,12.5,,,,TIPO_DATO15__POP014_N1,,,
IT1:22_293_DF_DCIS_INDDEMOG1_1(1.0),A,ITF1,POP014,2019,12.4,,,,TIPO_DATO15__POP014_N1,,,
IT1:22_293_DF_DCIS_INDDEMOG1_1(1.0),A,ITF1,POP014,2020,12.2,,,,TIPO_DATO15__POP014_N1,,,
IT1:22_293_DF_DCIS_INDDEMOG1_1(1.0),A,ITF1,POP014,2021,12.2,,,,TIPO_DATO15__POP014_N1,,,
IT1:22_293_DF_DCIS_INDDEMOG1_1(1.0),A,ITF1,POP014,2022,12.1,,,,TIPO_DATO15__POP014_N1,,,
IT1:22_293_DF_DCIS_INDDEMOG1_1(1.0),A,ITF1,POP014,2023,11.9,,,,TIPO_DATO15__POP014_N1,,,
IT1:22_293_DF_DCIS_INDDEMOG1_1(1.0),A,ITF1,POP014,2024,11.6,,,,TIPO_DATO15__POP014_N1,,,
IT1:22_293_DF_DCIS_INDDEMOG1_1(1.0),A,ITF1,POP014,2025,11.4,,,,TIPO_DATO15__POP014_N1,,,
IT1:22_293_DF_DCIS_INDDEMOG1_1(1.0),A,ITF1,POP014,2026,11.1,e,,,TIPO_DATO15__POP014_N1,,,
IT1:22_293_DF_DCIS_INDDEMOG1_1(1.0),A,ITF11,POP014,2015,12.2,,,,TIPO_DATO15__POP014_N1,,,
IT1:22_293_DF_DCIS_INDDEMOG1_1(1.0),A,ITF11,POP014,2016,12.1,,,,TIPO_DATO15__POP014_N1,,,
IT1:22_293_DF_DCIS_INDDEMOG1_1(1.0),A,ITF11,POP014,2017,12,,,,TIPO_DATO15__POP014_N1,,,
IT1:22_293_DF_DCIS_INDDEMOG1_1(1.0),A,ITF11,POP014,2018,12,,,,TIPO_DATO15__POP014_N1,,,
IT1:22_293_DF_DCIS_INDDEMOG1_1(1.0),A,ITF11,POP014,2019,11.9,,,,TIPO_DATO15__POP014_N1,,,
IT1:22_293_DF_DCIS_INDDEMOG1_1(1.0),A,ITF11,POP014,2020,11.8,,,,TIPO_DATO15__POP014_N1,,,
IT1:22_293_DF_DCIS_INDDEMOG1_1(1.0),A,ITF11,POP014,2021,11.8,,,,TIPO_DATO15__POP014_N1,,,
IT1:22_293_DF_DCIS_INDDEMOG1_1(1.0),A,ITF11,POP014,2022,11.6,,,,TIPO_DATO15__POP014_N1,,,
IT1:22_293_DF_DCIS_INDDEMOG1_1(1.0),A,ITF11,POP014,2023,11.5,,,,TIPO_DATO15__POP014_N1,,,
IT1:22_293_DF_DCIS_INDDEMOG1_1(1.0),A,ITF11,POP014,2024,11.3,,,,TIPO_DATO15__POP014_N1,,,
IT1:22_293_DF_DCIS_INDDEMOG1_1(1.0),A,ITF11,POP014,2025,11.1,,,,TIPO_DATO15__POP014_N1,,,
IT1:22_293_DF_DCIS_INDDEMOG1_1(1.0),A,ITF11,POP014,2026,10.9,e,,,TIPO_DATO15__POP014_N1,,,
IT1:22_293_DF_DCIS_INDDEMOG1_1(1.0),A,ITF12,POP014,2015,13,,,,TIPO_DATO15__POP014_N1,,,
IT1:22_293_DF_DCIS_INDDEMOG1_1(1.0),A,ITF12,POP014,2016,12.9,,,,TIPO_DATO15__POP014_N1,,,
IT1:22_293_DF_DCIS_INDDEMOG1_1(1.0),A,ITF12,POP014,2017,12.8,,,,TIPO_DATO15__POP014_N1,,,
IT1:22_293_DF_DCIS_INDDEMOG1_1(1.0),A,ITF12,POP014,2018,12.7,,,,TIPO_DATO15__POP014_N1,,,
IT1:22_293_DF_DCIS_INDDEMOG1_1(1.0),A,ITF12,POP014,2019,12.5,,,,TIPO_DATO15__POP014_N1,,,
IT1:22_293_DF_DCIS_INDDEMOG1_1(1.0),A,ITF12,POP014,2020,12.3,,,,TIPO_DATO15__POP014_N1,,,
IT1:22_293_DF_DCIS_INDDEMOG1_1(1.0),A,ITF12,POP014,2021,12.2,,,,TIPO_DATO15__POP014_N1,,,
IT1:22_293_DF_DCIS_INDDEMOG1_1(1.0),A,ITF12,POP014,2022,12.1,,,,TIPO_DATO15__POP014_N1,,,
IT1:22_293_DF_DCIS_INDDEMOG1_1(1.0),A,ITF12,POP014,2023,11.9,,,,TIPO_DATO15__POP014_N1,,,
IT1:22_293_DF_DCIS_INDDEMOG1_1(1.0),A,ITF12,POP014,2024,11.7,,,,TIPO_DATO15__POP014_N1,,,
IT1:22_293_DF_DCIS_INDDEMOG1_1(1.0),A,ITF12,POP014,2025,11.5,,,,TIPO_DATO15__POP014_N1,,,
IT1:22_293_DF_DCIS_INDDEMOG1_1(1.0),A,ITF12,POP014,2026,11.2,e,,,TIPO_DATO15__POP014_N1,,,
IT1:22_293_DF_DCIS_INDDEMOG1_1(1.0),A,ITF13,POP014,2015,13.5,,,,TIPO_DATO15__POP014_N1,,,
IT1:22_293_DF_DCIS_INDDEMOG1_1(1.0),A,ITF13,POP014,2016,13.5,,,,TIPO_DATO15__POP014_N1,,,
IT1:22_293_DF_DCIS_INDDEMOG1_1(1.0),A,ITF13,POP014,2017,13.3,,,,TIPO_DATO15__POP014_N1,,,
IT1:22_293_DF_DCIS_INDDEMOG1_1(1.0),A,ITF13,POP014,2018,13.2,,,,TIPO_DATO15__POP014_N1,,,
IT1:22_293_DF_DCIS_INDDEMOG1_1(1.0),A,ITF13,POP014,2019,13,,,,TIPO_DATO15__POP014_N1,,,
IT1:22_293_DF_DCIS_INDDEMOG1_1(1.0),A,ITF13,POP014,2020,12.8,,,,TIPO_DATO15__POP014_N1,,,
IT1:22_293_DF_DCIS_INDDEMOG1_1(1.0),A,ITF13,POP014,2021,12.8,,,,TIPO_DATO15__POP014_N1,,,
IT1:22_293_DF_DCIS_INDDEMOG1_1(1.0),A,ITF13,POP014,2022,12.6,,,,TIPO_DATO15__POP014_N1,,,
IT1:22_293_DF_DCIS_INDDEMOG1_1(1.0),A,ITF13,POP014,2023,12.4,,,,TIPO_DATO15__POP014_N1,,,
IT1:22_293_DF_DCIS_INDDEMOG1_1(1.0),A,ITF13,POP014,2024,12.1,,,,TIPO_DATO15__POP014_N1,,,
IT1:22_293_DF_DCIS_INDDEMOG1_1(1.0),A,ITF13,POP014,2025,11.8,,,,TIPO_DATO15__POP014_N1,,,
IT1:22_293_DF_DCIS_INDDEMOG1_1(1.0),A,ITF13,POP014,2026,11.5,e,,,TIPO_DATO15__POP014_N1,,,
IT1:22_293_DF_DCIS_INDDEMOG1_1(1.0),A,ITF14,POP014,2015,12.6,,,,TIPO_DATO15__POP014_N1,,,
IT1:22_293_DF_DCIS_INDDEMOG1_1(1.0),A,ITF14,POP014,2016,12.5,,,,TIPO_DATO15__POP014_N1,,,
IT1:22_293_DF_DCIS_INDDEMOG1_1(1.0),A,ITF14,POP014,2017,12.5,,,,TIPO_DATO15__POP014_N1,,,
IT1:22_293_DF_DCIS_INDDEMOG1_1(1.0),A,ITF14,POP014,2018,12.4,,,,TIPO_DATO15__POP014_N1,,,
IT1:22_293_DF_DCIS_INDDEMOG1_1(1.0),A,ITF14,POP014,2019,12.2,,,,TIPO_DATO15__POP014_N1,,,
IT1:22_293_DF_DCIS_INDDEMOG1_1(1.0),A,ITF14,POP014,2020,12.1,,,,TIPO_DATO15__POP014_N1,,,
IT1:22_293_DF_DCIS_INDDEMOG1_1(1.0),A,ITF14,POP014,2021,12,,,,TIPO_DATO15__POP014_N1,,,
IT1:22_293_DF_DCIS_INDDEMOG1_1(1.0),A,ITF14,POP014,2022,11.9,,,,TIPO_DATO15__POP014_N1,,,
IT1:22_293_DF_DCIS_INDDEMOG1_1(1.0),A,ITF14,POP014,2023,11.7,,,,TIPO_DATO15__POP014_N1,,,
IT1:22_293_DF_DCIS_INDDEMOG1_1(1.0),A,ITF14,POP014,2024,11.4,,,,TIPO_DATO15__POP014_N1,,,
IT1:22_293_DF_DCIS_INDDEMOG1_1(1.0),A,ITF14,POP014,2025,11.2,,,,TIPO_DATO15__POP014_N1,,,
IT1:22_293_DF_DCIS_INDDEMOG1_1(1.0),A,ITF14,POP014,2026,10.9,e,,,TIPO_DATO15__POP014_N1,,,
IT1:22_293_DF_DCIS_INDDEMOG1_1(1.0),A,ITF2,POP014,2015,11.9,,,,TIPO_DATO15__POP014_N1,,,
IT1:22_293_DF_DCIS_INDDEMOG1_1(1.0),A,ITF2,POP014,2016,11.8,,,,TIPO_DATO15__POP014_N1,,,
IT1:22_293_DF_DCIS_INDDEMOG1_1(1.0),A,ITF2,POP014,2017,11.6,,,,TIPO_DATO15__POP014_N1,,,
IT1:22_293_DF_DCIS_INDDEMOG1_1(1.0),A,ITF2,POP014,2018,11.5,,,,TIPO_DATO15__POP014_N1,,,
IT1:22_293_DF_DCIS_INDDEMOG1_1(1.0),A,ITF2,POP014,2019,11.3,,,,TIPO_DATO15__POP014_N1,,,
IT1:22_293_DF_DCIS_INDDEMOG1_1(1.0),A,ITF2,POP014,2020,11.2,,,,TIPO_DATO15__POP014_N1,,,
IT1:22_293_DF_DCIS_INDDEMOG1_1(1.0),A,ITF2,POP014,2021,11.1,,,,TIPO_DATO15__POP014_N1,,,
IT1:22_293_DF_DCIS_INDDEMOG1_1(1.0),A,ITF2,POP014,2022,10.9,,,,TIPO_DATO15__POP014_N1,,,
IT1:22_293_DF_DCIS_INDDEMOG1_1(1.0),A,ITF2,POP014,2023,10.8,,,,TIPO_DATO15__POP014_N1,,,
IT1:22_293_DF_DCIS_INDDEMOG1_1(1.0),A,ITF2,POP014,2024,10.6,,,,TIPO_DATO15__POP014_N1,,,
IT1:22_293_DF_DCIS_INDDEMOG1_1(1.0),A,ITF2,POP014,2025,10.4,,,,TIPO_DATO15__POP014_N1,,,
IT1:22_293_DF_DCIS_INDDEMOG1_1(1.0),A,ITF2,POP014,2026,10.2,e,,,TIPO_DATO15__POP014_N1,,,
IT1:22_293_DF_DCIS_INDDEMOG1_1(1.0),A,ITF21,POP014,2015,11.4,,,,TIPO_DATO15__POP014_N1,,,
IT1:22_293_DF_DCIS_INDDEMOG1_1(1.0),A,ITF21,POP014,2016,11.3,,,,TIPO_DATO15__POP014_N1,,,
IT1:22_293_DF_DCIS_INDDEMOG1_1(1.0),A,ITF21,POP014,2017,11.2,,,,TIPO_DATO15__POP014_N1,,,
IT1:22_293_DF_DCIS_INDDEMOG1_1(1.0),A,ITF21,POP014,2018,11.1,,,,TIPO_DATO15__POP014_N1,,,
IT1:22_293_DF_DCIS_INDDEMOG1_1(1.0),A,ITF21,POP014,2019,11.1,,,,TIPO_DATO15__POP014_N1,,,
IT1:22_293_DF_DCIS_INDDEMOG1_1(1.0),A,ITF21,POP014,2020,11.1,,,,TIPO_DATO15__POP014_N1,,,
IT1:22_293_DF_DCIS_INDDEMOG1_1(1.0),A,ITF21,POP014,2021,11.1,,,,TIPO_DATO15__POP014_N1,,,
IT1:22_293_DF_DCIS_INDDEMOG1_1(1.0),A,ITF21,POP014,2022,10.9,,,,TIPO_DATO15__POP014_N1,,,
IT1:22_293_DF_DCIS_INDDEMOG1_1(1.0),A,ITF21,POP014,2023,10.8,,,,TIPO_DATO15__POP014_N1,,,
IT1:22_293_DF_DCIS_INDDEMOG1_1(1.0),A,ITF21,POP014,2024,10.6,,,,TIPO_DATO15__POP014_N1,,,
IT1:22_293_DF_DCIS_INDDEMOG1_1(1.0),A,ITF21,POP014,2025,10.4,,,,TIPO_DATO15__POP014_N1,,,
IT1:22_293_DF_DCIS_INDDEMOG1_1(1.0),A,ITF21,POP014,2026,10.3,e,,,TIPO_DATO15__POP014_N1,,,
IT1:22_293_DF_DCIS_INDDEMOG1_1(1.0),A,ITF22,POP014,2015,12.2,,,,TIPO_DATO15__POP014_N1,,,
IT1:22_293_DF_DCIS_INDDEMOG1_1(1.0),A,ITF22,POP014,2016,12,,,,TIPO_DATO15__POP014_N1,,,
IT1:22_293_DF_DCIS_INDDEMOG1_1(1.0),A,ITF22,POP014,2017,11.8,,,,TIPO_DATO15__POP014_N1,,,
IT1:22_293_DF_DCIS_INDDEMOG1_1(1.0),A,ITF22,POP014,2018,11.6,,,,TIPO_DATO15__POP014_N1,,,
IT1:22_293_DF_DCIS_INDDEMOG1_1(1.0),A,ITF22,POP014,2019,11.4,,,,TIPO_DATO15__POP014_N1,,,
IT1:22_293_DF_DCIS_INDDEMOG1_1(1.0),A,ITF22,POP014,2020,11.2,,,,TIPO_DATO15__POP014_N1,,,
IT1:22_293_DF_DCIS_INDDEMOG1_1(1.0),A,ITF22,POP014,2021,11.1,,,,TIPO_DATO15__POP014_N1,,,
IT1:22_293_DF_DCIS_INDDEMOG1_1(1.0),A,ITF22,POP014,2022,11,,,,TIPO_DATO15__POP014_N1,,,
IT1:22_293_DF_DCIS_INDDEMOG1_1(1.0),A,ITF22,POP014,2023,10.8,,,,TIPO_DATO15__POP014_N1,,,
IT1:22_293_DF_DCIS_INDDEMOG1_1(1.0),A,ITF22,POP014,2024,10.6,,,,TIPO_DATO15__POP014_N1,,,
IT1:22_293_DF_DCIS_INDDEMOG1_1(1.0),A,ITF22,POP014,2025,10.4,,,,TIPO_DATO15__POP014_N1,,,
IT1:22_293_DF_DCIS_INDDEMOG1_1(1.0),A,ITF22,POP014,2026,10.2,e,,,TIPO_DATO15__POP014_N1,,,
IT1:22_293_DF_DCIS_INDDEMOG1_1(1.0),A,ITF3,POP014,2015,15.5,,,,TIPO_DATO15__POP014_N1,,,
IT1:22_293_DF_DCIS_INDDEMOG1_1(1.0),A,ITF3,POP014,2016,15.2,,,,TIPO_DATO15__POP014_N1,,,
IT1:22_293_DF_DCIS_INDDEMOG1_1(1.0),A,ITF3,POP014,2017,15,,,,TIPO_DATO15__POP014_N1,,,
IT1:22_293_DF_DCIS_INDDEMOG1_1(1.0),A,ITF3,POP014,2018,14.8,,,,TIPO_DATO15__POP014_N1,,,
IT1:22_293_DF_DCIS_INDDEMOG1_1(1.0),A,ITF3,POP014,2019,14.5,,,,TIPO_DATO15__POP014_N1,,,
IT1:22_293_DF_DCIS_INDDEMOG1_1(1.0),A,ITF3,POP014,2020,14.3,,,,TIPO_DATO15__POP014_N1,,,
IT1:22_293_DF_DCIS_INDDEMOG1_1(1.0),A,ITF3,POP014,2021,14.3,,,,TIPO_DATO15__POP014_N1,,,
IT1:22_293_DF_DCIS_INDDEMOG1_1(1.0),A,ITF3,POP014,2022,14,,,,TIPO_DATO15__POP014_N1,,,
IT1:22_293_DF_DCIS_INDDEMOG1_1(1.0),A,ITF3,POP014,2023,13.8,,,,TIPO_DATO15__POP014_N1,,,
IT1:22_293_DF_DCIS_INDDEMOG1_1(1.0),A,ITF3,POP014,2024,13.5,,,,TIPO_DATO15__POP014_N1,,,
IT1:22_293_DF_DCIS_INDDEMOG1_1(1.0),A,ITF3,POP014,2025,13.3,,,,TIPO_DATO15__POP014_N1,,,
IT1:22_293_DF_DCIS_INDDEMOG1_1(1.0),A,ITF3,POP014,2026,13,e,,,TIPO_DATO15__POP014_N1,,,
IT1:22_293_DF_DCIS_INDDEMOG1_1(1.0),A,ITF31,POP014,2015,16,,,,TIPO_DATO15__POP014_N1,,,
IT1:22_293_DF_DCIS_INDDEMOG1_1(1.0),A,ITF31,POP014,2016,15.8,,,,TIPO_DATO15__POP014_N1,,,
IT1:22_293_DF_DCIS_INDDEMOG1_1(1.0),A,ITF31,POP014,2017,15.5,,,,TIPO_DATO15__POP014_N1,,,
IT1:22_293_DF_DCIS_INDDEMOG1_1(1.0),A,ITF31,POP014,2018,15.2,,,,TIPO_DATO15__POP014_N1,,,
IT1:22_293_DF_DCIS_INDDEMOG1_1(1.0),A,ITF31,POP014,2019,15,,,,TIPO_DATO15__POP014_N1,,,
IT1:22_293_DF_DCIS_INDDEMOG1_1(1.0),A,ITF31,POP014,2020,14.7,,,,TIPO_DATO15__POP014_N1,,,
IT1:22_293_DF_DCIS_INDDEMOG1_1(1.0),A,ITF31,POP014,2021,14.8,,,,TIPO_DATO15__POP014_N1,,,
IT1:22_293_DF_DCIS_INDDEMOG1_1(1.0),A,ITF31,POP014,2022,14.4,,,,TIPO_DATO15__POP014_N1,,,
IT1:22_293_DF_DCIS_INDDEMOG1_1(1.0),A,ITF31,POP014,2023,14.2,,,,TIPO_DATO15__POP014_N1,,,
IT1:22_293_DF_DCIS_INDDEMOG1_1(1.0),A,ITF31,POP014,2024,14,,,,TIPO_DATO15__POP014_N1,,,
IT1:22_293_DF_DCIS_INDDEMOG1_1(1.0),A,ITF31,POP014,2025,13.8,,,,TIPO_DATO15__POP014_N1,,,
IT1:22_293_DF_DCIS_INDDEMOG1_1(1.0),A,ITF31,POP014,2026,13.4,e,,,TIPO_DATO15__POP014_N1,,,
IT1:22_293_DF_DCIS_INDDEMOG1_1(1.0),A,ITF32,POP014,2015,13,,,,TIPO_DATO15__POP014_N1,,,
IT1:22_293_DF_DCIS_INDDEMOG1_1(1.0),A,ITF32,POP014,2016,12.7,,,,TIPO_DATO15__POP014_N1,,,
IT1:22_293_DF_DCIS_INDDEMOG1_1(1.0),A,ITF32,POP014,2017,12.5,,,,TIPO_DATO15__POP014_N1,,,
IT1:22_293_DF_DCIS_INDDEMOG1_1(1.0),A,ITF32,POP014,2018,12.3,,,,TIPO_DATO15__POP014_N1,,,
IT1:22_293_DF_DCIS_INDDEMOG1_1(1.0),A,ITF32,POP014,2019,12.2,,,,TIPO_DATO15__POP014_N1,,,
IT1:22_293_DF_DCIS_INDDEMOG1_1(1.0),A,ITF32,POP014,2020,12.1,,,,TIPO_DATO15__POP014_N1,,,
IT1:22_293_DF_DCIS_INDDEMOG1_1(1.0),A,ITF32,POP014,2021,12.1,,,,TIPO_DATO15__POP014_N1,,,
IT1:22_293_DF_DCIS_INDDEMOG1_1(1.0),A,ITF32,POP014,2022,11.9,,,,TIPO_DATO15__POP014_N1,,,
IT1:22_293_DF_DCIS_INDDEMOG1_1(1.0),A,ITF32,POP014,2023,11.7,,,,TIPO_DATO15__POP014_N1,,,
IT1:22_293_DF_DCIS_INDDEMOG1_1(1.0),A,ITF32,POP014,2024,11.6,,,,TIPO_DATO15__POP014_N1,,,
IT1:22_293_DF_DCIS_INDDEMOG1_1(1.0),A,ITF32,POP014,2025,11.4,,,,TIPO_DATO15__POP014_N1,,,
IT1:22_293_DF_DCIS_INDDEMOG1_1(1.0),A,ITF32,POP014,2026,11.2,e,,,TIPO_DATO15__POP014_N1,,,
IT1:22_293_DF_DCIS_INDDEMOG1_1(1.0),A,ITF33,POP014,2015,16.4,,,,TIPO_DATO15__POP014_N1,,,
IT1:22_293_DF_DCIS_INDDEMOG1_1(1.0),A,ITF33,POP014,2016,16.1,,,,TIPO_DATO15__POP014_N1,,,
IT1:22_293_DF_DCIS_INDDEMOG1_1(1.0),A,ITF33,POP014,2017,15.8,,,,TIPO_DATO15__POP014_N1,,,
IT1:22_293_DF_DCIS_INDDEMOG1_1(1.0),A,ITF33,POP014,2018,15.6,,,,TIPO_DATO15__POP014_N1,,,
IT1:22_293_DF_DCIS_INDDEMOG1_1(1.0),A,ITF33,POP014,2019,15.3,,,,TIPO_DATO15__POP014_N1,,,
IT1:22_293_DF_DCIS_INDDEMOG1_1(1.0),A,ITF33,POP014,2020,15,,,,TIPO_DATO15__POP014_N1,,,
IT1:22_293_DF_DCIS_INDDEMOG1_1(1.0),A,ITF33,POP014,2021,15.1,,,,TIPO_DATO15__POP014_N1,,,
IT1:22_293_DF_DCIS_INDDEMOG1_1(1.0),A,ITF33,POP014,2022,14.8,,,,TIPO_DATO15__POP014_N1,,,
IT1:22_293_DF_DCIS_INDDEMOG1_1(1.0),A,ITF33,POP014,2023,14.4,,,,TIPO_DATO15__POP014_N1,,,
IT1:22_293_DF_DCIS_INDDEMOG1_1(1.0),A,ITF33,POP014,2024,14.1,,,,TIPO_DATO15__POP014_N1,,,
IT1:22_293_DF_DCIS_INDDEMOG1_1(1.0),A,ITF33,POP014,2025,13.8,,,,TIPO_DATO15__POP014_N1,,,
IT1:22_293_DF_DCIS_INDDEMOG1_1(1.0),A,ITF33,POP014,2026,13.5,e,,,TIPO_DATO15__POP014_N1,,,
IT1:22_293_DF_DCIS_INDDEMOG1_1(1.0),A,ITF34,POP014,2015,13.1,,,,TIPO_DATO15__POP014_N1,,,
IT1:22_293_DF_DCIS_INDDEMOG1_1(1.0),A,ITF34,POP014,2016,12.8,,,,TIPO_DATO15__POP014_N1,,,
IT1:22_293_DF_DCIS_INDDEMOG1_1(1.0),A,ITF34,POP014,2017,12.6,,,,TIPO_DATO15__POP014_N1,,,
IT1:22_293_DF_DCIS_INDDEMOG1_1(1.0),A,ITF34,POP014,2018,12.4,,,,TIPO_DATO15__POP014_N1,,,
IT1:22_293_DF_DCIS_INDDEMOG1_1(1.0),A,ITF34,POP014,2019,12.2,,,,TIPO_DATO15__POP014_N1,,,
IT1:22_293_DF_DCIS_INDDEMOG1_1(1.0),A,ITF34,POP014,2020,12,,,,TIPO_DATO15__POP014_N1,,,
IT1:22_293_DF_DCIS_INDDEMOG1_1(1.0),A,ITF34,POP014,2021,12,,,,TIPO_DATO15__POP014_N1,,,
IT1:22_293_DF_DCIS_INDDEMOG1_1(1.0),A,ITF34,POP014,2022,11.8,,,,TIPO_DATO15__POP014_N1,,,
IT1:22_293_DF_DCIS_INDDEMOG1_1(1.0),A,ITF34,POP014,2023,11.6,,,,TIPO_DATO15__POP014_N1,,,
IT1:22_293_DF_DCIS_INDDEMOG1_1(1.0),A,ITF34,POP014,2024,11.5,,,,TIPO_DATO15__POP014_N1,,,
IT1:22_293_DF_DCIS_INDDEMOG1_1(1.0),A,ITF34,POP014,2025,11.2,,,,TIPO_DATO15__POP014_N1,,,
IT1:22_293_DF_DCIS_INDDEMOG1_1(1.0),A,ITF34,POP014,2026,11,e,,,TIPO_DATO15__POP014_N1,,,
IT1:22_293_DF_DCIS_INDDEMOG1_1(1.0),A,ITF35,POP014,2015,14.1,,,,TIPO_DATO15__POP014_N1,,,
IT1:22_293_DF_DCIS_INDDEMOG1_1(1.0),A,ITF35,POP014,2016,13.9,,,,TIPO_DATO15__POP014_N1,,,
IT1:22_293_DF_DCIS_INDDEMOG1_1(1.0),A,ITF35,POP014,2017,13.7,,,,TIPO_DATO15__POP014_N1,,,
IT1:22_293_DF_DCIS_INDDEMOG1_1(1.0),A,ITF35,POP014,2018,13.5,,,,TIPO_DATO15__POP014_N1,,,
IT1:22_293_DF_DCIS_INDDEMOG1_1(1.0),A,ITF35,POP014,2019,13.4,,,,TIPO_DATO15__POP014_N1,,,
IT1:22_293_DF_DCIS_INDDEMOG1_1(1.0),A,ITF35,POP014,2020,13.2,,,,TIPO_DATO15__POP014_N1,,,
IT1:22_293_DF_DCIS_INDDEMOG1_1(1.0),A,ITF35,POP014,2021,13.2,,,,TIPO_DATO15__POP014_N1,,,
IT1:22_293_DF_DCIS_INDDEMOG1_1(1.0),A,ITF35,POP014,2022,13,,,,TIPO_DATO15__POP014_N1,,,
IT1:22_293_DF_DCIS_INDDEMOG1_1(1.0),A,ITF35,POP014,2023,12.9,,,,TIPO_DATO15__POP014_N1,,,
IT1:22_293_DF_DCIS_INDDEMOG1_1(1.0),A,ITF35,POP014,2024,12.7,,,,TIPO_DATO15__POP014_N1,,,
IT1:22_293_DF_DCIS_INDDEMOG1_1(1.0),A,ITF35,POP014,2025,12.5,,,,TIPO_DATO15__POP014_N1,,,
IT1:22_293_DF_DCIS_INDDEMOG1_1(1.0),A,ITF35,POP014,2026,12.2,e,,,TIPO_DATO15__POP014_N1,,,
IT1:22_293_DF_DCIS_INDDEMOG1_1(1.0),A,ITF4,POP014,2015,14,,,,TIPO_DATO15__POP014_N1,,,
IT1:22_293_DF_DCIS_INDDEMOG1_1(1.0),A,ITF4,POP014,2016,13.8,,,,TIPO_DATO15__POP014_N1,,,
IT1:22_293_DF_DCIS_INDDEMOG1_1(1.0),A,ITF4,POP014,2017,13.6,,,,TIPO_DATO15__POP014_N1,,,
IT1:22_293_DF_DCIS_INDDEMOG1_1(1.0),A,ITF4,POP014,2018,13.3,,,,TIPO_DATO15__POP014_N1,,,
IT1:22_293_DF_DCIS_INDDEMOG1_1(1.0),A,ITF4,POP014,2019,13.1,,,,TIPO_DATO15__POP014_N1,,,
IT1:22_293_DF_DCIS_INDDEMOG1_1(1.0),A,ITF4,POP014,2020,12.9,,,,TIPO_DATO15__POP014_N1,,,
IT1:22_293_DF_DCIS_INDDEMOG1_1(1.0),A,ITF4,POP014,2021,12.8,,,,TIPO_DATO15__POP014_N1,,,
IT1:22_293_DF_DCIS_INDDEMOG1_1(1.0),A,ITF4,POP014,2022,12.5,,,,TIPO_DATO15__POP014_N1,,,
IT1:22_293_DF_DCIS_INDDEMOG1_1(1.0),A,ITF4,POP014,2023,12.3,,,,TIPO_DATO15__POP014_N1,,,
IT1:22_293_DF_DCIS_INDDEMOG1_1(1.0),A,ITF4,POP014,2024,12.1,,,,TIPO_DATO15__POP014_N1,,,
IT1:22_293_DF_DCIS_INDDEMOG1_1(1.0),A,ITF4,POP014,2025,11.8,,,,TIPO_DATO15__POP014_N1,,,
IT1:22_293_DF_DCIS_INDDEMOG1_1(1.0),A,ITF4,POP014,2026,11.5,e,,,TIPO_DATO15__POP014_N1,,,
IT1:22_293_DF_DCIS_INDDEMOG1_1(1.0),A,ITF41,POP014,2015,14.8,,,,TIPO_DATO15__POP014_N1,,,
IT1:22_293_DF_DCIS_INDDEMOG1_1(1.0),A,ITF41,POP014,2016,14.6,,,,TIPO_DATO15__POP014_N1,,,
IT1:22_293_DF_DCIS_INDDEMOG1_1(1.0),A,ITF41,POP014,2017,14.3,,,,TIPO_DATO15__POP014_N1,,,
IT1:22_293_DF_DCIS_INDDEMOG1_1(1.0),A,ITF41,POP014,2018,14,,,,TIPO_DATO15__POP014_N1,,,
IT1:22_293_DF_DCIS_INDDEMOG1_1(1.0),A,ITF41,POP014,2019,13.7,,,,TIPO_DATO15__POP014_N1,,,
IT1:22_293_DF_DCIS_INDDEMOG1_1(1.0),A,ITF41,POP014,2020,13.4,,,,TIPO_DATO15__POP014_N1,,,
IT1:22_293_DF_DCIS_INDDEMOG1_1(1.0),A,ITF41,POP014,2021,13.3,,,,TIPO_DATO15__POP014_N1,,,
IT1:22_293_DF_DCIS_INDDEMOG1_1(1.0),A,ITF41,POP014,2022,13.1,,,,TIPO_DATO15__POP014_N1,,,
IT1:22_293_DF_DCIS_INDDEMOG1_1(1.0),A,ITF41,POP014,2023,12.9,,,,TIPO_DATO15__POP014_N1,,,
IT1:22_293_DF_DCIS_INDDEMOG1_1(1.0),A,ITF41,POP014,2024,12.6,,,,TIPO_DATO15__POP014_N1,,,
IT1:22_293_DF_DCIS_INDDEMOG1_1(1.0),A,ITF41,POP014,2025,12.3,,,,TIPO_DATO15__POP014_N1,,,
IT1:22_293_DF_DCIS_INDDEMOG1_1(1.0),A,ITF41,POP014,2026,12,e,,,TIPO_DATO15__POP014_N1,,,
IT1:22_293_DF_DCIS_INDDEMOG1_1(1.0),A,ITF42,POP014,2015,14,,,,TIPO_DATO15__POP014_N1,,,
IT1:22_293_DF_DCIS_INDDEMOG1_1(1.0),A,ITF42,POP014,2016,13.8,,,,TIPO_DATO15__POP014_N1,,,
IT1:22_293_DF_DCIS_INDDEMOG1_1(1.0),A,ITF42,POP014,2017,13.6,,,,TIPO_DATO15__POP014_N1,,,
IT1:22_293_DF_DCIS_INDDEMOG1_1(1.0),A,ITF42,POP014,2018,13.4,,,,TIPO_DATO15__POP014_N1,,,
IT1:22_293_DF_DCIS_INDDEMOG1_1(1.0),A,ITF42,POP014,2019,13.2,,,,TIPO_DATO15__POP014_N1,,,
IT1:22_293_DF_DCIS_INDDEMOG1_1(1.0),A,ITF42,POP014,2020,13,,,,TIPO_DATO15__POP014_N1,,,
IT1:22_293_DF_DCIS_INDDEMOG1_1(1.0),A,ITF42,POP014,2021,12.9,,,,TIPO_DATO15__POP014_N1,,,
IT1:22_293_DF_DCIS_INDDEMOG1_1(1.0),A,ITF42,POP014,2022,12.7,,,,TIPO_DATO15__POP014_N1,,,
IT1:22_293_DF_DCIS_INDDEMOG1_1(1.0),A,ITF42,POP014,2023,12.5,,,,TIPO_DATO15__POP014_N1,,,
IT1:22_293_DF_DCIS_INDDEMOG1_1(1.0),A,ITF42,POP014,2024,12.3,,,,TIPO_DATO15__POP014_N1,,,
IT1:22_293_DF_DCIS_INDDEMOG1_1(1.0),A,ITF42,POP014,2025,12,,,,TIPO_DATO15__POP014_N1,,,
IT1:22_293_DF_DCIS_INDDEMOG1_1(1.0),A,ITF42,POP014,2026,11.7,e,,,TIPO_DATO15__POP014_N1,,,
IT1:22_293_DF_DCIS_INDDEMOG1_1(1.0),A,ITF43,POP014,2015,14,,,,TIPO_DATO15__POP014_N1,,,
IT1:22_293_DF_DCIS_INDDEMOG1_1(1.0),A,ITF43,POP014,2016,13.8,,,,TIPO_DATO15__POP014_N1,,,
IT1:22_293_DF_DCIS_INDDEMOG1_1(1.0),A,ITF43,POP014,2017,13.6,,,,TIPO_DATO15__POP014_N1,,,
IT1:22_293_DF_DCIS_INDDEMOG1_1(1.0),A,ITF43,POP014,2018,13.4,,,,TIPO_DATO15__POP014_N1,,,
IT1:22_293_DF_DCIS_INDDEMOG1_1(1.0),A,ITF43,POP014,2019,13.1,,,,TIPO_DATO15__POP014_N1,,,
IT1:22_293_DF_DCIS_INDDEMOG1_1(1.0),A,ITF43,POP014,2020,12.8,,,,TIPO_DATO15__POP014_N1,,,
IT1:22_293_DF_DCIS_INDDEMOG1_1(1.0),A,ITF43,POP014,2021,12.7,,,,TIPO_DATO15__POP014_N1,,,
IT1:22_293_DF_DCIS_INDDEMOG1_1(1.0),A,ITF43,POP014,2022,12.4,,,,TIPO_DATO15__POP014_N1,,,
IT1:22_293_DF_DCIS_INDDEMOG1_1(1.0),A,ITF43,POP014,2023,12.1,,,,TIPO_DATO15__POP014_N1,,,
IT1:22_293_DF_DCIS_INDDEMOG1_1(1.0),A,ITF43,POP014,2024,11.9,,,,TIPO_DATO15__POP014_N1,,,
IT1:22_293_DF_DCIS_INDDEMOG1_1(1.0),A,ITF43,POP014,2025,11.6,,,,TIPO_DATO15__POP014_N1,,,
IT1:22_293_DF_DCIS_INDDEMOG1_1(1.0),A,ITF43,POP014,2026,11.2,e,,,TIPO_DATO15__POP014_N1,,,
IT1:22_293_DF_DCIS_INDDEMOG1_1(1.0),A,ITF44,POP014,2015,13.4,,,,TIPO_DATO15__POP014_N1,,,
IT1:22_293_DF_DCIS_INDDEMOG1_1(1.0),A,ITF44,POP014,2016,13.2,,,,TIPO_DATO15__POP014_N1,,,
IT1:22_293_DF_DCIS_INDDEMOG1_1(1.0),A,ITF44,POP014,2017,12.9,,,,TIPO_DATO15__POP014_N1,,,
IT1:22_293_DF_DCIS_INDDEMOG1_1(1.0),A,ITF44,POP014,2018,12.7,,,,TIPO_DATO15__POP014_N1,,,
IT1:22_293_DF_DCIS_INDDEMOG1_1(1.0),A,ITF44,POP014,2019,12.5,,,,TIPO_DATO15__POP014_N1,,,
IT1:22_293_DF_DCIS_INDDEMOG1_1(1.0),A,ITF44,POP014,2020,12.3,,,,TIPO_DATO15__POP014_N1,,,
IT1:22_293_DF_DCIS_INDDEMOG1_1(1.0),A,ITF44,POP014,2021,12.2,,,,TIPO_DATO15__POP014_N1,,,
IT1:22_293_DF_DCIS_INDDEMOG1_1(1.0),A,ITF44,POP014,2022,12,,,,TIPO_DATO15__POP014_N1,,,
IT1:22_293_DF_DCIS_INDDEMOG1_1(1.0),A,ITF44,POP014,2023,11.8,,,,TIPO_DATO15__POP014_N1,,,
IT1:22_293_DF_DCIS_INDDEMOG1_1(1.0),A,ITF44,POP014,2024,11.6,,,,TIPO_DATO15__POP014_N1,,,
IT1:22_293_DF_DCIS_INDDEMOG1_1(1.0),A,ITF44,POP014,2025,11.3,,,,TIPO_DATO15__POP014_N1,,,
IT1:22_293_DF_DCIS_INDDEMOG1_1(1.0),A,ITF44,POP014,2026,11,e,,,TIPO_DATO15__POP014_N1,,,
IT1:22_293_DF_DCIS_INDDEMOG1_1(1.0),A,ITF45,POP014,2015,13.2,,,,TIPO_DATO15__POP014_N1,,,
IT1:22_293_DF_DCIS_INDDEMOG1_1(1.0),A,ITF45,POP014,2016,12.9,,,,TIPO_DATO15__POP014_N1,,,
IT1:22_293_DF_DCIS_INDDEMOG1_1(1.0),A,ITF45,POP014,2017,12.7,,,,TIPO_DATO15__POP014_N1,,,
IT1:22_293_DF_DCIS_INDDEMOG1_1(1.0),A,ITF45,POP014,2018,12.5,,,,TIPO_DATO15__POP014_N1,,,
IT1:22_293_DF_DCIS_INDDEMOG1_1(1.0),A,ITF45,POP014,2019,12.3,,,,TIPO_DATO15__POP014_N1,,,
IT1:22_293_DF_DCIS_INDDEMOG1_1(1.0),A,ITF45,POP014,2020,12.1,,,,TIPO_DATO15__POP014_N1,,,
IT1:22_293_DF_DCIS_INDDEMOG1_1(1.0),A,ITF45,POP014,2021,12,,,,TIPO_DATO15__POP014_N1,,,
IT1:22_293_DF_DCIS_INDDEMOG1_1(1.0),A,ITF45,POP014,2022,11.8,,,,TIPO_DATO15__POP014_N1,,,
IT1:22_293_DF_DCIS_INDDEMOG1_1(1.0),A,ITF45,POP014,2023,11.6,,,,TIPO_DATO15__POP014_N1,,,
IT1:22_293_DF_DCIS_INDDEMOG1_1(1.0),A,ITF45,POP014,2024,11.4,,,,TIPO_DATO15__POP014_N1,,,
IT1:22_293_DF_DCIS_INDDEMOG1_1(1.0),A,ITF45,POP014,2025,11.2,,,,TIPO_DATO15__POP014_N1,,,
IT1:22_293_DF_DCIS_INDDEMOG1_1(1.0),A,ITF45,POP014,2026,10.9,e,,,TIPO_DATO15__POP014_N1,,,
IT1:22_293_DF_DCIS_INDDEMOG1_1(1.0),A,ITF5,POP014,2015,12.7,,,,TIPO_DATO15__POP014_N1,,,
IT1:22_293_DF_DCIS_INDDEMOG1_1(1.0),A,ITF5,POP014,2016,12.5,,,,TIPO_DATO15__POP014_N1,,,
IT1:22_293_DF_DCIS_INDDEMOG1_1(1.0),A,ITF5,POP014,2017,12.3,,,,TIPO_DATO15__POP014_N1,,,
IT1:22_293_DF_DCIS_INDDEMOG1_1(1.0),A,ITF5,POP014,2018,12.1,,,,TIPO_DATO15__POP014_N1,,,
IT1:22_293_DF_DCIS_INDDEMOG1_1(1.0),A,ITF5,POP014,2019,11.9,,,,TIPO_DATO15__POP014_N1,,,
IT1:22_293_DF_DCIS_INDDEMOG1_1(1.0),A,ITF5,POP014,2020,11.7,,,,TIPO_DATO15__POP014_N1,,,
IT1:22_293_DF_DCIS_INDDEMOG1_1(1.0),A,ITF5,POP014,2021,11.7,,,,TIPO_DATO15__POP014_N1,,,
IT1:22_293_DF_DCIS_INDDEMOG1_1(1.0),A,ITF5,POP014,2022,11.5,,,,TIPO_DATO15__POP014_N1,,,
IT1:22_293_DF_DCIS_INDDEMOG1_1(1.0),A,ITF5,POP014,2023,11.3,,,,TIPO_DATO15__POP014_N1,,,
IT1:22_293_DF_DCIS_INDDEMOG1_1(1.0),A,ITF5,POP014,2024,11.1,,,,TIPO_DATO15__POP014_N1,,,
IT1:22_293_DF_DCIS_INDDEMOG1_1(1.0),A,ITF5,POP014,2025,10.8,,,,TIPO_DATO15__POP014_N1,,,
IT1:22_293_DF_DCIS_INDDEMOG1_1(1.0),A,ITF5,POP014,2026,10.6,e,,,TIPO_DATO15__POP014_N1,,,
IT1:22_293_DF_DCIS_INDDEMOG1_1(1.0),A,ITF51,POP014,2015,12.4,,,,TIPO_DATO15__POP014_N1,,,
IT1:22_293_DF_DCIS_INDDEMOG1_1(1.0),A,ITF51,POP014,2016,12.2,,,,TIPO_DATO15__POP014_N1,,,
IT1:22_293_DF_DCIS_INDDEMOG1_1(1.0),A,ITF51,POP014,2017,12,,,,TIPO_DATO15__POP014_N1,,,
IT1:22_293_DF_DCIS_INDDEMOG1_1(1.0),A,ITF51,POP014,2018,11.9,,,,TIPO_DATO15__POP014_N1,,,
IT1:22_293_DF_DCIS_INDDEMOG1_1(1.0),A,ITF51,POP014,2019,11.6,,,,TIPO_DATO15__POP014_N1,,,
IT1:22_293_DF_DCIS_INDDEMOG1_1(1.0),A,ITF51,POP014,2020,11.5,,,,TIPO_DATO15__POP014_N1,,,
IT1:22_293_DF_DCIS_INDDEMOG1_1(1.0),A,ITF51,POP014,2021,11.4,,,,TIPO_DATO15__POP014_N1,,,
IT1:22_293_DF_DCIS_INDDEMOG1_1(1.0),A,ITF51,POP014,2022,11.2,,,,TIPO_DATO15__POP014_N1,,,
IT1:22_293_DF_DCIS_INDDEMOG1_1(1.0),A,ITF51,POP014,2023,11,,,,TIPO_DATO15__POP014_N1,,,
IT1:22_293_DF_DCIS_INDDEMOG1_1(1.0),A,ITF51,POP014,2024,10.8,,,,TIPO_DATO15__POP014_N1,,,
IT1:22_293_DF_DCIS_INDDEMOG1_1(1.0),A,ITF51,POP014,2025,10.6,,,,TIPO_DATO15__POP014_N1,,,
IT1:22_293_DF_DCIS_INDDEMOG1_1(1.0),A,ITF51,POP014,2026,10.4,e,,,TIPO_DATO15__POP014_N1,,,
IT1:22_293_DF_DCIS_INDDEMOG1_1(1.0),A,ITF52,POP014,2015,13.2,,,,TIPO_DATO15__POP014_N1,,,
IT1:22_293_DF_DCIS_INDDEMOG1_1(1.0),A,ITF52,POP014,2016,13,,,,TIPO_DATO15__POP014_N1,,,
IT1:22_293_DF_DCIS_INDDEMOG1_1(1.0),A,ITF52,POP014,2017,12.8,,,,TIPO_DATO15__POP014_N1,,,
IT1:22_293_DF_DCIS_INDDEMOG1_1(1.0),A,ITF52,POP014,2018,12.6,,,,TIPO_DATO15__POP014_N1,,,
IT1:22_293_DF_DCIS_INDDEMOG1_1(1.0),A,ITF52,POP014,2019,12.4,,,,TIPO_DATO15__POP014_N1,,,
IT1:22_293_DF_DCIS_INDDEMOG1_1(1.0),A,ITF52,POP014,2020,12.2,,,,TIPO_DATO15__POP014_N1,,,
IT1:22_293_DF_DCIS_INDDEMOG1_1(1.0),A,ITF52,POP014,2021,12.1,,,,TIPO_DATO15__POP014_N1,,,
IT1:22_293_DF_DCIS_INDDEMOG1_1(1.0),A,ITF52,POP014,2022,11.9,,,,TIPO_DATO15__POP014_N1,,,
IT1:22_293_DF_DCIS_INDDEMOG1_1(1.0),A,ITF52,POP014,2023,11.8,,,,TIPO_DATO15__POP014_N1,,,
IT1:22_293_DF_DCIS_INDDEMOG1_1(1.0),A,ITF52,POP014,2024,11.5,,,,TIPO_DATO15__POP014_N1,,,
IT1:22_293_DF_DCIS_INDDEMOG1_1(1.0),A,ITF52,POP014,2025,11.3,,,,TIPO_DATO15__POP014_N1,,,
IT1:22_293_DF_DCIS_INDDEMOG1_1(1.0),A,ITF52,POP014,2026,11.1,e,,,TIPO_DATO15__POP014_N1,,,
IT1:22_293_DF_DCIS_INDDEMOG1_1(1.0),A,ITF6,POP014,2015,13.8,,,,TIPO_DATO15__POP014_N1,,,
IT1:22_293_DF_DCIS_INDDEMOG1_1(1.0),A,ITF6,POP014,2016,13.7,,,,TIPO_DATO15__POP014_N1,,,
IT1:22_293_DF_DCIS_INDDEMOG1_1(1.0),A,ITF6,POP014,2017,13.5,,,,TIPO_DATO15__POP014_N1,,,
IT1:22_293_DF_DCIS_INDDEMOG1_1(1.0),A,ITF6,POP014,2018,13.4,,,,TIPO_DATO15__POP014_N1,,,
IT1:22_293_DF_DCIS_INDDEMOG1_1(1.0),A,ITF6,POP014,2019,13.2,,,,TIPO_DATO15__POP014_N1,,,
IT1:22_293_DF_DCIS_INDDEMOG1_1(1.0),A,ITF6,POP014,2020,13.1,,,,TIPO_DATO15__POP014_N1,,,
IT1:22_293_DF_DCIS_INDDEMOG1_1(1.0),A,ITF6,POP014,2021,13.2,,,,TIPO_DATO15__POP014_N1,,,
IT1:22_293_DF_DCIS_INDDEMOG1_1(1.0),A,ITF6,POP014,2022,13,,,,TIPO_DATO15__POP014_N1,,,
IT1:22_293_DF_DCIS_INDDEMOG1_1(1.0),A,ITF6,POP014,2023,12.8,,,,TIPO_DATO15__POP014_N1,,,
IT1:22_293_DF_DCIS_INDDEMOG1_1(1.0),A,ITF6,POP014,2024,12.7,,,,TIPO_DATO15__POP014_N1,,,
IT1:22_293_DF_DCIS_INDDEMOG1_1(1.0),A,ITF6,POP014,2025,12.4,,,,TIPO_DATO15__POP014_N1,,,
IT1:22_293_DF_DCIS_INDDEMOG1_1(1.0),A,ITF6,POP014,2026,12.2,e,,,TIPO_DATO15__POP014_N1,,,
IT1:22_293_DF_DCIS_INDDEMOG1_1(1.0),A,ITF61,POP014,2015,13,,,,TIPO_DATO15__POP014_N1,,,
IT1:22_293_DF_DCIS_INDDEMOG1_1(1.0),A,ITF61,POP014,2016,12.9,,,,TIPO_DATO15__POP014_N1,,,
IT1:22_293_DF_DCIS_INDDEMOG1_1(1.0),A,ITF61,POP014,2017,12.8,,,,TIPO_DATO15__POP014_N1,,,
IT1:22_293_DF_DCIS_INDDEMOG1_1(1.0),A,ITF61,POP014,2018,12.7,,,,TIPO_DATO15__POP014_N1,,,
IT1:22_293_DF_DCIS_INDDEMOG1_1(1.0),A,ITF61,POP014,2019,12.6,,,,TIPO_DATO15__POP014_N1,,,
IT1:22_293_DF_DCIS_INDDEMOG1_1(1.0),A,ITF61,POP014,2020,12.5,,,,TIPO_DATO15__POP014_N1,,,
IT1:22_293_DF_DCIS_INDDEMOG1_1(1.0),A,ITF61,POP014,2021,12.6,,,,TIPO_DATO15__POP014_N1,,,
IT1:22_293_DF_DCIS_INDDEMOG1_1(1.0),A,ITF61,POP014,2022,12.4,,,,TIPO_DATO15__POP014_N1,,,
IT1:22_293_DF_DCIS_INDDEMOG1_1(1.0),A,ITF61,POP014,2023,12.3,,,,TIPO_DATO15__POP014_N1,,,
IT1:22_293_DF_DCIS_INDDEMOG1_1(1.0),A,ITF61,POP014,2024,12.2,,,,TIPO_DATO15__POP014_N1,,,
IT1:22_293_DF_DCIS_INDDEMOG1_1(1.0),A,ITF61,POP014,2025,11.9,,,,TIPO_DATO15__POP014_N1,,,
IT1:22_293_DF_DCIS_INDDEMOG1_1(1.0),A,ITF61,POP014,2026,11.7,e,,,TIPO_DATO15__POP014_N1,,,
IT1:22_293_DF_DCIS_INDDEMOG1_1(1.0),A,ITF62,POP014,2015,15.6,,,,TIPO_DATO15__POP014_N1,,,
IT1:22_293_DF_DCIS_INDDEMOG1_1(1.0),A,ITF62,POP014,2016,15.3,,,,TIPO_DATO15__POP014_N1,,,
IT1:22_293_DF_DCIS_INDDEMOG1_1(1.0),A,ITF62,POP014,2017,15,,,,TIPO_DATO15__POP014_N1,,,
IT1:22_293_DF_DCIS_INDDEMOG1_1(1.0),A,ITF62,POP014,2018,14.7,,,,TIPO_DATO15__POP014_N1,,,
IT1:22_293_DF_DCIS_INDDEMOG1_1(1.0),A,ITF62,POP014,2019,14.5,,,,TIPO_DATO15__POP014_N1,,,
IT1:22_293_DF_DCIS_INDDEMOG1_1(1.0),A,ITF62,POP014,2020,14.4,,,,TIPO_DATO15__POP014_N1,,,
IT1:22_293_DF_DCIS_INDDEMOG1_1(1.0),A,ITF62,POP014,2021,14.5,,,,TIPO_DATO15__POP014_N1,,,
IT1:22_293_DF_DCIS_INDDEMOG1_1(1.0),A,ITF62,POP014,2022,14.2,,,,TIPO_DATO15__POP014_N1,,,
IT1:22_293_DF_DCIS_INDDEMOG1_1(1.0),A,ITF62,POP014,2023,14.2,,,,TIPO_DATO15__POP014_N1,,,
IT1:22_293_DF_DCIS_INDDEMOG1_1(1.0),A,ITF62,POP014,2024,13.9,,,,TIPO_DATO15__POP014_N1,,,
IT1:22_293_DF_DCIS_INDDEMOG1_1(1.0),A,ITF62,POP014,2025,13.6,,,,TIPO_DATO15__POP014_N1,,,
IT1:22_293_DF_DCIS_INDDEMOG1_1(1.0),A,ITF62,POP014,2026,13.2,e,,,TIPO_DATO15__POP014_N1,,,
IT1:22_293_DF_DCIS_INDDEMOG1_1(1.0),A,ITF63,POP014,2015,13.4,,,,TIPO_DATO15__POP014_N1,,,
IT1:22_293_DF_DCIS_INDDEMOG1_1(1.0),A,ITF63,POP014,2016,13.3,,,,TIPO_DATO15__POP014_N1,,,
IT1:22_293_DF_DCIS_INDDEMOG1_1(1.0),A,ITF63,POP014,2017,13.1,,,,TIPO_DATO15__POP014_N1,,,
IT1:22_293_DF_DCIS_INDDEMOG1_1(1.0),A,ITF63,POP014,2018,13,,,,TIPO_DATO15__POP014_N1,,,
IT1:22_293_DF_DCIS_INDDEMOG1_1(1.0),A,ITF63,POP014,2019,12.9,,,,TIPO_DATO15__POP014_N1,,,
IT1:22_293_DF_DCIS_INDDEMOG1_1(1.0),A,ITF63,POP014,2020,12.8,,,,TIPO_DATO15__POP014_N1,,,
IT1:22_293_DF_DCIS_INDDEMOG1_1(1.0),A,ITF63,POP014,2021,12.9,,,,TIPO_DATO15__POP014_N1,,,
IT1:22_293_DF_DCIS_INDDEMOG1_1(1.0),A,ITF63,POP014,2022,12.7,,,,TIPO_DATO15__POP014_N1,,,
IT1:22_293_DF_DCIS_INDDEMOG1_1(1.0),A,ITF63,POP014,2023,12.5,,,,TIPO_DATO15__POP014_N1,,,
IT1:22_293_DF_DCIS_INDDEMOG1_1(1.0),A,ITF63,POP014,2024,12.3,,,,TIPO_DATO15__POP014_N1,,,
IT1:22_293_DF_DCIS_INDDEMOG1_1(1.0),A,ITF63,POP014,2025,12.2,,,,TIPO_DATO15__POP014_N1,,,
IT1:22_293_DF_DCIS_INDDEMOG1_1(1.0),A,ITF63,POP014,2026,12,e,,,TIPO_DATO15__POP014_N1,,,
IT1:22_293_DF_DCIS_INDDEMOG1_1(1.0),A,ITF64,POP014,2015,14.2,,,,TIPO_DATO15__POP014_N1,,,
IT1:22_293_DF_DCIS_INDDEMOG1_1(1.0),A,ITF64,POP014,2016,14,,,,TIPO_DATO15__POP014_N1,,,
IT1:22_293_DF_DCIS_INDDEMOG1_1(1.0),A,ITF64,POP014,2017,13.7,,,,TIPO_DATO15__POP014_N1,,,
IT1:22_293_DF_DCIS_INDDEMOG1_1(1.0),A,ITF64,POP014,2018,13.5,,,,TIPO_DATO15__POP014_N1,,,
IT1:22_293_DF_DCIS_INDDEMOG1_1(1.0),A,ITF64,POP014,2019,13.3,,,,TIPO_DATO15__POP014_N1,,,
IT1:22_293_DF_DCIS_INDDEMOG1_1(1.0),A,ITF64,POP014,2020,13,,,,TIPO_DATO15__POP014_N1,,,
IT1:22_293_DF_DCIS_INDDEMOG1_1(1.0),A,ITF64,POP014,2021,13.1,,,,TIPO_DATO15__POP014_N1,,,
IT1:22_293_DF_DCIS_INDDEMOG1_1(1.0),A,ITF64,POP014,2022,12.8,,,,TIPO_DATO15__POP014_N1,,,
IT1:22_293_DF_DCIS_INDDEMOG1_1(1.0),A,ITF64,POP014,2023,12.6,,,,TIPO_DATO15__POP014_N1,,,
IT1:22_293_DF_DCIS_INDDEMOG1_1(1.0),A,ITF64,POP014,2024,12.4,,,,TIPO_DATO15__POP014_N1,,,
IT1:22_293_DF_DCIS_INDDEMOG1_1(1.0),A,ITF64,POP014,2025,12.2,,,,TIPO_DATO15__POP014_N1,,,
IT1:22_293_DF_DCIS_INDDEMOG1_1(1.0),A,ITF64,POP014,2026,12,e,,,TIPO_DATO15__POP014_N1,,,
IT1:22_293_DF_DCIS_INDDEMOG1_1(1.0),A,ITF65,POP014,2015,14.4,,,,TIPO_DATO15__POP014_N1,,,
IT1:22_293_DF_DCIS_INDDEMOG1_1(1.0),A,ITF65,POP014,2016,14.2,,,,TIPO_DATO15__POP014_N1,,,
IT1:22_293_DF_DCIS_INDDEMOG1_1(1.0),A,ITF65,POP014,2017,14.1,,,,TIPO_DATO15__POP014_N1,,,
IT1:22_293_DF_DCIS_INDDEMOG1_1(1.0),A,ITF65,POP014,2018,14,,,,TIPO_DATO15__POP014_N1,,,
IT1:22_293_DF_DCIS_INDDEMOG1_1(1.0),A,ITF65,POP014,2019,13.8,,,,TIPO_DATO15__POP014_N1,,,
IT1:22_293_DF_DCIS_INDDEMOG1_1(1.0),A,ITF65,POP014,2020,13.7,,,,TIPO_DATO15__POP014_N1,,,
IT1:22_293_DF_DCIS_INDDEMOG1_1(1.0),A,ITF65,POP014,2021,13.8,,,,TIPO_DATO15__POP014_N1,,,
IT1:22_293_DF_DCIS_INDDEMOG1_1(1.0),A,ITF65,POP014,2022,13.6,,,,TIPO_DATO15__POP014_N1,,,
IT1:22_293_DF_DCIS_INDDEMOG1_1(1.0),A,ITF65,POP014,2023,13.4,,,,TIPO_DATO15__POP014_N1,,,
IT1:22_293_DF_DCIS_INDDEMOG1_1(1.0),A,ITF65,POP014,2024,13.2,,,,TIPO_DATO15__POP014_N1,,,
IT1:22_293_DF_DCIS_INDDEMOG1_1(1.0),A,ITF65,POP014,2025,13,,,,TIPO_DATO15__POP014_N1,,,
IT1:22_293_DF_DCIS_INDDEMOG1_1(1.0),A,ITF65,POP014,2026,12.7,e,,,TIPO_DATO15__POP014_N1,,,
IT1:22_293_DF_DCIS_INDDEMOG1_1(1.0),A,ITFG,POP014,2015,14.2,,,,TIPO_DATO15__POP014_N1,,,
IT1:22_293_DF_DCIS_INDDEMOG1_1(1.0),A,ITFG,POP014,2016,14,,,,TIPO_DATO15__POP014_N1,,,
IT1:22_293_DF_DCIS_INDDEMOG1_1(1.0),A,ITFG,POP014,2017,13.8,,,,TIPO_DATO15__POP014_N1,,,
IT1:22_293_DF_DCIS_INDDEMOG1_1(1.0),A,ITFG,POP014,2018,13.6,,,,TIPO_DATO15__POP014_N1,,,
IT1:22_293_DF_DCIS_INDDEMOG1_1(1.0),A,ITFG,POP014,2019,13.4,,,,TIPO_DATO15__POP014_N1,,,
IT1:22_293_DF_DCIS_INDDEMOG1_1(1.0),A,ITFG,POP014,2020,13.2,,,,TIPO_DATO15__POP014_N1,,,
IT1:22_293_DF_DCIS_INDDEMOG1_1(1.0),A,ITFG,POP014,2021,13.2,,,,TIPO_DATO15__POP014_N1,,,
IT1:22_293_DF_DCIS_INDDEMOG1_1(1.0),A,ITFG,POP014,2022,13,,,,TIPO_DATO15__POP014_N1,,,
IT1:22_293_DF_DCIS_INDDEMOG1_1(1.0),A,ITFG,POP014,2023,12.8,,,,TIPO_DATO15__POP014_N1,,,
IT1:22_293_DF_DCIS_INDDEMOG1_1(1.0),A,ITFG,POP014,2024,12.6,,,,TIPO_DATO15__POP014_N1,,,
IT1:22_293_DF_DCIS_INDDEMOG1_1(1.0),A,ITFG,POP014,2025,12.3,,,,TIPO_DATO15__POP014_N1,,,
IT1:22_293_DF_DCIS_INDDEMOG1_1(1.0),A,ITFG,POP014,2026,12,e,,,TIPO_DATO15__POP014_N1,,,
IT1:22_293_DF_DCIS_INDDEMOG1_1(1.0),A,ITG,POP014,2015,13.9,,,,TIPO_DATO15__POP014_N1,,,
IT1:22_293_DF_DCIS_INDDEMOG1_1(1.0),A,ITG,POP014,2016,13.7,,,,TIPO_DATO15__POP014_N1,,,
IT1:22_293_DF_DCIS_INDDEMOG1_1(1.0),A,ITG,POP014,2017,13.5,,,,TIPO_DATO15__POP014_N1,,,
IT1:22_293_DF_DCIS_INDDEMOG1_1(1.0),A,ITG,POP014,2018,13.3,,,,TIPO_DATO15__POP014_N1,,,
IT1:22_293_DF_DCIS_INDDEMOG1_1(1.0),A,ITG,POP014,2019,13.1,,,,TIPO_DATO15__POP014_N1,,,
IT1:22_293_DF_DCIS_INDDEMOG1_1(1.0),A,ITG,POP014,2020,12.9,,,,TIPO_DATO15__POP014_N1,,,
IT1:22_293_DF_DCIS_INDDEMOG1_1(1.0),A,ITG,POP014,2021,13,,,,TIPO_DATO15__POP014_N1,,,
IT1:22_293_DF_DCIS_INDDEMOG1_1(1.0),A,ITG,POP014,2022,12.8,,,,TIPO_DATO15__POP014_N1,,,
IT1:22_293_DF_DCIS_INDDEMOG1_1(1.0),A,ITG,POP014,2023,12.6,,,,TIPO_DATO15__POP014_N1,,,
IT1:22_293_DF_DCIS_INDDEMOG1_1(1.0),A,ITG,POP014,2024,12.3,,,,TIPO_DATO15__POP014_N1,,,
IT1:22_293_DF_DCIS_INDDEMOG1_1(1.0),A,ITG,POP014,2025,12.1,,,,TIPO_DATO15__POP014_N1,,,
IT1:22_293_DF_DCIS_INDDEMOG1_1(1.0),A,ITG,POP014,2026,11.8,e,,,TIPO_DATO15__POP014_N1,,,
IT1:22_293_DF_DCIS_INDDEMOG1_1(1.0),A,ITG1,POP014,2015,14.5,,,,TIPO_DATO15__POP014_N1,,,
IT1:22_293_DF_DCIS_INDDEMOG1_1(1.0),A,ITG1,POP014,2016,14.3,,,,TIPO_DATO15__POP014_N1,,,
IT1:22_293_DF_DCIS_INDDEMOG1_1(1.0),A,ITG1,POP014,2017,14.1,,,,TIPO_DATO15__POP014_N1,,,
IT1:22_293_DF_DCIS_INDDEMOG1_1(1.0),A,ITG1,POP014,2018,14,,,,TIPO_DATO15__POP014_N1,,,
IT1:22_293_DF_DCIS_INDDEMOG1_1(1.0),A,ITG1,POP014,2019,13.8,,,,TIPO_DATO15__POP014_N1,,,
IT1:22_293_DF_DCIS_INDDEMOG1_1(1.0),A,ITG1,POP014,2020,13.6,,,,TIPO_DATO15__POP014_N1,,,
IT1:22_293_DF_DCIS_INDDEMOG1_1(1.0),A,ITG1,POP014,2021,13.7,,,,TIPO_DATO15__POP014_N1,,,
IT1:22_293_DF_DCIS_INDDEMOG1_1(1.0),A,ITG1,POP014,2022,13.5,,,,TIPO_DATO15__POP014_N1,,,
IT1:22_293_DF_DCIS_INDDEMOG1_1(1.0),A,ITG1,POP014,2023,13.3,,,,TIPO_DATO15__POP014_N1,,,
IT1:22_293_DF_DCIS_INDDEMOG1_1(1.0),A,ITG1,POP014,2024,13.1,,,,TIPO_DATO15__POP014_N1,,,
IT1:22_293_DF_DCIS_INDDEMOG1_1(1.0),A,ITG1,POP014,2025,12.9,,,,TIPO_DATO15__POP014_N1,,,
IT1:22_293_DF_DCIS_INDDEMOG1_1(1.0),A,ITG1,POP014,2026,12.6,e,,,TIPO_DATO15__POP014_N1,,,
IT1:22_293_DF_DCIS_INDDEMOG1_1(1.0),A,ITG11,POP014,2015,13.7,,,,TIPO_DATO15__POP014_N1,,,
IT1:22_293_DF_DCIS_INDDEMOG1_1(1.0),A,ITG11,POP014,2016,13.5,,,,TIPO_DATO15__POP014_N1,,,
IT1:22_293_DF_DCIS_INDDEMOG1_1(1.0),A,ITG11,POP014,2017,13.3,,,,TIPO_DATO15__POP014_N1,,,
IT1:22_293_DF_DCIS_INDDEMOG1_1(1.0),A,ITG11,POP014,2018,13.1,,,,TIPO_DATO15__POP014_N1,,,
IT1:22_293_DF_DCIS_INDDEMOG1_1(1.0),A,ITG11,POP014,2019,12.9,,,,TIPO_DATO15__POP014_N1,,,
IT1:22_293_DF_DCIS_INDDEMOG1_1(1.0),A,ITG11,POP014,2020,12.7,,,,TIPO_DATO15__POP014_N1,,,
IT1:22_293_DF_DCIS_INDDEMOG1_1(1.0),A,ITG11,POP014,2021,12.7,,,,TIPO_DATO15__POP014_N1,,,
IT1:22_293_DF_DCIS_INDDEMOG1_1(1.0),A,ITG11,POP014,2022,12.6,,,,TIPO_DATO15__POP014_N1,,,
IT1:22_293_DF_DCIS_INDDEMOG1_1(1.0),A,ITG11,POP014,2023,12.4,,,,TIPO_DATO15__POP014_N1,,,
IT1:22_293_DF_DCIS_INDDEMOG1_1(1.0),A,ITG11,POP014,2024,12.3,,,,TIPO_DATO15__POP014_N1,,,
IT1:22_293_DF_DCIS_INDDEMOG1_1(1.0),A,ITG11,POP014,2025,12.1,,,,TIPO_DATO15__POP014_N1,,,
IT1:22_293_DF_DCIS_INDDEMOG1_1(1.0),A,ITG11,POP014,2026,11.9,e,,,TIPO_DATO15__POP014_N1,,,
IT1:22_293_DF_DCIS_INDDEMOG1_1(1.0),A,ITG12,POP014,2015,15,,,,TIPO_DATO15__POP014_N1,,,
IT1:22_293_DF_DCIS_INDDEMOG1_1(1.0),A,ITG12,POP014,2016,14.9,,,,TIPO_DATO15__POP014_N1,,,
IT1:22_293_DF_DCIS_INDDEMOG1_1(1.0),A,ITG12,POP014,2017,14.7,,,,TIPO_DATO15__POP014_N1,,,
IT1:22_293_DF_DCIS_INDDEMOG1_1(1.0),A,ITG12,POP014,2018,14.6,,,,TIPO_DATO15__POP014_N1,,,
IT1:22_293_DF_DCIS_INDDEMOG1_1(1.0),A,ITG12,POP014,2019,14.4,,,,TIPO_DATO15__POP014_N1,,,
IT1:22_293_DF_DCIS_INDDEMOG1_1(1.0),A,ITG12,POP014,2020,14.2,,,,TIPO_DATO15__POP014_N1,,,
IT1:22_293_DF_DCIS_INDDEMOG1_1(1.0),A,ITG12,POP014,2021,14.4,,,,TIPO_DATO15__POP014_N1,,,
IT1:22_293_DF_DCIS_INDDEMOG1_1(1.0),A,ITG12,POP014,2022,14.1,,,,TIPO_DATO15__POP014_N1,,,
IT1:22_293_DF_DCIS_INDDEMOG1_1(1.0),A,ITG12,POP014,2023,13.9,,,,TIPO_DATO15__POP014_N1,,,
IT1:22_293_DF_DCIS_INDDEMOG1_1(1.0),A,ITG12,POP014,2024,13.7,,,,TIPO_DATO15__POP014_N1,,,
IT1:22_293_DF_DCIS_INDDEMOG1_1(1.0),A,ITG12,POP014,2025,13.4,,,,TIPO_DATO15__POP014_N1,,,
IT1:22_293_DF_DCIS_INDDEMOG1_1(1.0),A,ITG12,POP014,2026,13.2,e,,,TIPO_DATO15__POP014_N1,,,
IT1:22_293_DF_DCIS_INDDEMOG1_1(1.0),A,ITG13,POP014,2015,12.9,,,,TIPO_DATO15__POP014_N1,,,
IT1:22_293_DF_DCIS_INDDEMOG1_1(1.0),A,ITG13,POP014,2016,12.8,,,,TIPO_DATO15__POP014_N1,,,
IT1:22_293_DF_DCIS_INDDEMOG1_1(1.0),A,ITG13,POP014,2017,12.7,,,,TIPO_DATO15__POP014_N1,,,
IT1:22_293_DF_DCIS_INDDEMOG1_1(1.0),A,ITG13,POP014,2018,12.5,,,,TIPO_DATO15__POP014_N1,,,
IT1:22_293_DF_DCIS_INDDEMOG1_1(1.0),A,ITG13,POP014,2019,12.4,,,,TIPO_DATO15__POP014_N1,,,
IT1:22_293_DF_DCIS_INDDEMOG1_1(1.0),A,ITG13,POP014,2020,12.3,,,,TIPO_DATO15__POP014_N1,,,
IT1:22_293_DF_DCIS_INDDEMOG1_1(1.0),A,ITG13,POP014,2021,12.3,,,,TIPO_DATO15__POP014_N1,,,
IT1:22_293_DF_DCIS_INDDEMOG1_1(1.0),A,ITG13,POP014,2022,12.1,,,,TIPO_DATO15__POP014_N1,,,
IT1:22_293_DF_DCIS_INDDEMOG1_1(1.0),A,ITG13,POP014,2023,11.9,,,,TIPO_DATO15__POP014_N1,,,
IT1:22_293_DF_DCIS_INDDEMOG1_1(1.0),A,ITG13,POP014,2024,11.7,,,,TIPO_DATO15__POP014_N1,,,
IT1:22_293_DF_DCIS_INDDEMOG1_1(1.0),A,ITG13,POP014,2025,11.5,,,,TIPO_DATO15__POP014_N1,,,
IT1:22_293_DF_DCIS_INDDEMOG1_1(1.0),A,ITG13,POP014,2026,11.2,e,,,TIPO_DATO15__POP014_N1,,,
IT1:22_293_DF_DCIS_INDDEMOG1_1(1.0),A,ITG14,POP014,2015,14.3,,,,TIPO_DATO15__POP014_N1,,,
IT1:22_293_DF_DCIS_INDDEMOG1_1(1.0),A,ITG14,POP014,2016,14,,,,TIPO_DATO15__POP014_N1,,,
IT1:22_293_DF_DCIS_INDDEMOG1_1(1.0),A,ITG14,POP014,2017,13.7,,,,TIPO_DATO15__POP014_N1,,,
IT1:22_293_DF_DCIS_INDDEMOG1_1(1.0),A,ITG14,POP014,2018,13.5,,,,TIPO_DATO15__POP014_N1,,,
IT1:22_293_DF_DCIS_INDDEMOG1_1(1.0),A,ITG14,POP014,2019,13.3,,,,TIPO_DATO15__POP014_N1,,,
IT1:22_293_DF_DCIS_INDDEMOG1_1(1.0),A,ITG14,POP014,2020,13,,,,TIPO_DATO15__POP014_N1,,,
IT1:22_293_DF_DCIS_INDDEMOG1_1(1.0),A,ITG14,POP014,2021,13,,,,TIPO_DATO15__POP014_N1,,,
IT1:22_293_DF_DCIS_INDDEMOG1_1(1.0),A,ITG14,POP014,2022,12.8,,,,TIPO_DATO15__POP014_N1,,,
IT1:22_293_DF_DCIS_INDDEMOG1_1(1.0),A,ITG14,POP014,2023,12.6,,,,TIPO_DATO15__POP014_N1,,,
IT1:22_293_DF_DCIS_INDDEMOG1_1(1.0),A,ITG14,POP014,2024,12.5,,,,TIPO_DATO15__POP014_N1,,,
IT1:22_293_DF_DCIS_INDDEMOG1_1(1.0),A,ITG14,POP014,2025,12.3,,,,TIPO_DATO15__POP014_N1,,,
IT1:22_293_DF_DCIS_INDDEMOG1_1(1.0),A,ITG14,POP014,2026,12.1,e,,,TIPO_DATO15__POP014_N1,,,
IT1:22_293_DF_DCIS_INDDEMOG1_1(1.0),A,ITG15,POP014,2015,14.8,,,,TIPO_DATO15__POP014_N1,,,
IT1:22_293_DF_DCIS_INDDEMOG1_1(1.0),A,ITG15,POP014,2016,14.6,,,,TIPO_DATO15__POP014_N1,,,
IT1:22_293_DF_DCIS_INDDEMOG1_1(1.0),A,ITG15,POP014,2017,14.3,,,,TIPO_DATO15__POP014_N1,,,
IT1:22_293_DF_DCIS_INDDEMOG1_1(1.0),A,ITG15,POP014,2018,14,,,,TIPO_DATO15__POP014_N1,,,
IT1:22_293_DF_DCIS_INDDEMOG1_1(1.0),A,ITG15,POP014,2019,13.7,,,,TIPO_DATO15__POP014_N1,,,
IT1:22_293_DF_DCIS_INDDEMOG1_1(1.0),A,ITG15,POP014,2020,13.4,,,,TIPO_DATO15__POP014_N1,,,
IT1:22_293_DF_DCIS_INDDEMOG1_1(1.0),A,ITG15,POP014,2021,13.3,,,,TIPO_DATO15__POP014_N1,,,
IT1:22_293_DF_DCIS_INDDEMOG1_1(1.0),A,ITG15,POP014,2022,13,,,,TIPO_DATO15__POP014_N1,,,
IT1:22_293_DF_DCIS_INDDEMOG1_1(1.0),A,ITG15,POP014,2023,12.9,,,,TIPO_DATO15__POP014_N1,,,
IT1:22_293_DF_DCIS_INDDEMOG1_1(1.0),A,ITG15,POP014,2024,12.6,,,,TIPO_DATO15__POP014_N1,,,
IT1:22_293_DF_DCIS_INDDEMOG1_1(1.0),A,ITG15,POP014,2025,12.4,,,,TIPO_DATO15__POP014_N1,,,
IT1:22_293_DF_DCIS_INDDEMOG1_1(1.0),A,ITG15,POP014,2026,12.1,e,,,TIPO_DATO15__POP014_N1,,,
IT1:22_293_DF_DCIS_INDDEMOG1_1(1.0),A,ITG16,POP014,2015,13.6,,,,TIPO_DATO15__POP014_N1,,,
IT1:22_293_DF_DCIS_INDDEMOG1_1(1.0),A,ITG16,POP014,2016,13.3,,,,TIPO_DATO15__POP014_N1,,,
IT1:22_293_DF_DCIS_INDDEMOG1_1(1.0),A,ITG16,POP014,2017,13,,,,TIPO_DATO15__POP014_N1,,,
IT1:22_293_DF_DCIS_INDDEMOG1_1(1.0),A,ITG16,POP014,2018,12.8,,,,TIPO_DATO15__POP014_N1,,,
IT1:22_293_DF_DCIS_INDDEMOG1_1(1.0),A,ITG16,POP014,2019,12.5,,,,TIPO_DATO15__POP014_N1,,,
IT1:22_293_DF_DCIS_INDDEMOG1_1(1.0),A,ITG16,POP014,2020,12.3,,,,TIPO_DATO15__POP014_N1,,,
IT1:22_293_DF_DCIS_INDDEMOG1_1(1.0),A,ITG16,POP014,2021,12.2,,,,TIPO_DATO15__POP014_N1,,,
IT1:22_293_DF_DCIS_INDDEMOG1_1(1.0),A,ITG16,POP014,2022,12,,,,TIPO_DATO15__POP014_N1,,,
IT1:22_293_DF_DCIS_INDDEMOG1_1(1.0),A,ITG16,POP014,2023,11.8,,,,TIPO_DATO15__POP014_N1,,,
IT1:22_293_DF_DCIS_INDDEMOG1_1(1.0),A,ITG16,POP014,2024,11.6,,,,TIPO_DATO15__POP014_N1,,,
IT1:22_293_DF_DCIS_INDDEMOG1_1(1.0),A,ITG16,POP014,2025,11.4,,,,TIPO_DATO15__POP014_N1,,,
IT1:22_293_DF_DCIS_INDDEMOG1_1(1.0),A,ITG16,POP014,2026,11.2,e,,,TIPO_DATO15__POP014_N1,,,
IT1:22_293_DF_DCIS_INDDEMOG1_1(1.0),A,ITG17,POP014,2015,15.2,,,,TIPO_DATO15__POP014_N1,,,
IT1:22_293_DF_DCIS_INDDEMOG1_1(1.0),A,ITG17,POP014,2016,15.1,,,,TIPO_DATO15__POP014_N1,,,
IT1:22_293_DF_DCIS_INDDEMOG1_1(1.0),A,ITG17,POP014,2017,14.9,,,,TIPO_DATO15__POP014_N1,,,
IT1:22_293_DF_DCIS_INDDEMOG1_1(1.0),A,ITG17,POP014,2018,14.8,,,,TIPO_DATO15__POP014_N1,,,
IT1:22_293_DF_DCIS_INDDEMOG1_1(1.0),A,ITG17,POP014,2019,14.6,,,,TIPO_DATO15__POP014_N1,,,
IT1:22_293_DF_DCIS_INDDEMOG1_1(1.0),A,ITG17,POP014,2020,14.4,,,,TIPO_DATO15__POP014_N1,,,
IT1:22_293_DF_DCIS_INDDEMOG1_1(1.0),A,ITG17,POP014,2021,14.6,,,,TIPO_DATO15__POP014_N1,,,
IT1:22_293_DF_DCIS_INDDEMOG1_1(1.0),A,ITG17,POP014,2022,14.3,,,,TIPO_DATO15__POP014_N1,,,
IT1:22_293_DF_DCIS_INDDEMOG1_1(1.0),A,ITG17,POP014,2023,14.2,,,,TIPO_DATO15__POP014_N1,,,
IT1:22_293_DF_DCIS_INDDEMOG1_1(1.0),A,ITG17,POP014,2024,14,,,,TIPO_DATO15__POP014_N1,,,
IT1:22_293_DF_DCIS_INDDEMOG1_1(1.0),A,ITG17,POP014,2025,13.7,,,,TIPO_DATO15__POP014_N1,,,
IT1:22_293_DF_DCIS_INDDEMOG1_1(1.0),A,ITG17,POP014,2026,13.5,e,,,TIPO_DATO15__POP014_N1,,,
IT1:22_293_DF_DCIS_INDDEMOG1_1(1.0),A,ITG18,POP014,2015,14.8,,,,TIPO_DATO15__POP014_N1,,,
IT1:22_293_DF_DCIS_INDDEMOG1_1(1.0),A,ITG18,POP014,2016,14.6,,,,TIPO_DATO15__POP014_N1,,,
IT1:22_293_DF_DCIS_INDDEMOG1_1(1.0),A,ITG18,POP014,2017,14.5,,,,TIPO_DATO15__POP014_N1,,,
IT1:22_293_DF_DCIS_INDDEMOG1_1(1.0),A,ITG18,POP014,2018,14.4,,,,TIPO_DATO15__POP014_N1,,,
IT1:22_293_DF_DCIS_INDDEMOG1_1(1.0),A,ITG18,POP014,2019,14.2,,,,TIPO_DATO15__POP014_N1,,,
IT1:22_293_DF_DCIS_INDDEMOG1_1(1.0),A,ITG18,POP014,2020,14.1,,,,TIPO_DATO15__POP014_N1,,,
IT1:22_293_DF_DCIS_INDDEMOG1_1(1.0),A,ITG18,POP014,2021,14.2,,,,TIPO_DATO15__POP014_N1,,,
IT1:22_293_DF_DCIS_INDDEMOG1_1(1.0),A,ITG18,POP014,2022,14,,,,TIPO_DATO15__POP014_N1,,,
IT1:22_293_DF_DCIS_INDDEMOG1_1(1.0),A,ITG18,POP014,2023,13.9,,,,TIPO_DATO15__POP014_N1,,,
IT1:22_293_DF_DCIS_INDDEMOG1_1(1.0),A,ITG18,POP014,2024,13.7,,,,TIPO_DATO15__POP014_N1,,,
IT1:22_293_DF_DCIS_INDDEMOG1_1(1.0),A,ITG18,POP014,2025,13.5,,,,TIPO_DATO15__POP014_N1,,,
IT1:22_293_DF_DCIS_INDDEMOG1_1(1.0),A,ITG18,POP014,2026,13.3,e,,,TIPO_DATO15__POP014_N1,,,
IT1:22_293_DF_DCIS_INDDEMOG1_1(1.0),A,ITG19,POP014,2015,14.2,,,,TIPO_DATO15__POP014_N1,,,
IT1:22_293_DF_DCIS_INDDEMOG1_1(1.0),A,ITG19,POP014,2016,14,,,,TIPO_DATO15__POP014_N1,,,
IT1:22_293_DF_DCIS_INDDEMOG1_1(1.0),A,ITG19,POP014,2017,13.9,,,,TIPO_DATO15__POP014_N1,,,
IT1:22_293_DF_DCIS_INDDEMOG1_1(1.0),A,ITG19,POP014,2018,13.7,,,,TIPO_DATO15__POP014_N1,,,
IT1:22_293_DF_DCIS_INDDEMOG1_1(1.0),A,ITG19,POP014,2019,13.5,,,,TIPO_DATO15__POP014_N1,,,
IT1:22_293_DF_DCIS_INDDEMOG1_1(1.0),A,ITG19,POP014,2020,13.3,,,,TIPO_DATO15__POP014_N1,,,
IT1:22_293_DF_DCIS_INDDEMOG1_1(1.0),A,ITG19,POP014,2021,13.4,,,,TIPO_DATO15__POP014_N1,,,
IT1:22_293_DF_DCIS_INDDEMOG1_1(1.0),A,ITG19,POP014,2022,13.2,,,,TIPO_DATO15__POP014_N1,,,
IT1:22_293_DF_DCIS_INDDEMOG1_1(1.0),A,ITG19,POP014,2023,13,,,,TIPO_DATO15__POP014_N1,,,
IT1:22_293_DF_DCIS_INDDEMOG1_1(1.0),A,ITG19,POP014,2024,12.8,,,,TIPO_DATO15__POP014_N1,,,
IT1:22_293_DF_DCIS_INDDEMOG1_1(1.0),A,ITG19,POP014,2025,12.5,,,,TIPO_DATO15__POP014_N1,,,
IT1:22_293_DF_DCIS_INDDEMOG1_1(1.0),A,ITG19,POP014,2026,12.2,e,,,TIPO_DATO15__POP014_N1,,,
IT1:22_293_DF_DCIS_INDDEMOG1_1(1.0),A,ITG2,POP014,2015,11.9,,,,TIPO_DATO15__POP014_N1,,,
IT1:22_293_DF_DCIS_INDDEMOG1_1(1.0),A,ITG2,POP014,2016,11.8,,,,TIPO_DATO15__POP014_N1,,,
IT1:22_293_DF_DCIS_INDDEMOG1_1(1.0),A,ITG2,POP014,2017,11.6,,,,TIPO_DATO15__POP014_N1,,,
IT1:22_293_DF_DCIS_INDDEMOG1_1(1.0),A,ITG2,POP014,2018,11.4,,,,TIPO_DATO15__POP014_N1,,,
IT1:22_293_DF_DCIS_INDDEMOG1_1(1.0),A,ITG2,POP014,2019,11.2,,,,TIPO_DATO15__POP014_N1,,,
IT1:22_293_DF_DCIS_INDDEMOG1_1(1.0),A,ITG2,POP014,2020,11,,,,TIPO_DATO15__POP014_N1,,,
IT1:22_293_DF_DCIS_INDDEMOG1_1(1.0),A,ITG2,POP014,2021,10.9,,,,TIPO_DATO15__POP014_N1,,,
IT1:22_293_DF_DCIS_INDDEMOG1_1(1.0),A,ITG2,POP014,2022,10.7,,,,TIPO_DATO15__POP014_N1,,,
IT1:22_293_DF_DCIS_INDDEMOG1_1(1.0),A,ITG2,POP014,2023,10.4,,,,TIPO_DATO15__POP014_N1,,,
IT1:22_293_DF_DCIS_INDDEMOG1_1(1.0),A,ITG2,POP014,2024,10.1,,,,TIPO_DATO15__POP014_N1,,,
IT1:22_293_DF_DCIS_INDDEMOG1_1(1.0),A,ITG2,POP014,2025,9.7,,,,TIPO_DATO15__POP014_N1,,,
IT1:22_293_DF_DCIS_INDDEMOG1_1(1.0),A,ITG2,POP014,2026,9.4,e,,,TIPO_DATO15__POP014_N1,,,
IT1:22_293_DF_DCIS_INDDEMOG1_1(1.0),A,ITG25,POP014,2015,12.4,,,,TIPO_DATO15__POP014_N1,,,
IT1:22_293_DF_DCIS_INDDEMOG1_1(1.0),A,ITG25,POP014,2016,12.3,,,,TIPO_DATO15__POP014_N1,,,
IT1:22_293_DF_DCIS_INDDEMOG1_1(1.0),A,ITG25,POP014,2017,12.1,,,,TIPO_DATO15__POP014_N1,,,
IT1:22_293_DF_DCIS_INDDEMOG1_1(1.0),A,ITG25,POP014,2018,12,,,,TIPO_DATO15__POP014_N1,,,
IT1:22_293_DF_DCIS_INDDEMOG1_1(1.0),A,ITG25,POP014,2019,11.7,,,,TIPO_DATO15__POP014_N1,,,
IT1:22_293_DF_DCIS_INDDEMOG1_1(1.0),A,ITG25,POP014,2020,11.5,,,,TIPO_DATO15__POP014_N1,,,
IT1:22_293_DF_DCIS_INDDEMOG1_1(1.0),A,ITG25,POP014,2021,11.4,,,,TIPO_DATO15__POP014_N1,,,
IT1:22_293_DF_DCIS_INDDEMOG1_1(1.0),A,ITG25,POP014,2022,11.1,,,,TIPO_DATO15__POP014_N1,,,
IT1:22_293_DF_DCIS_INDDEMOG1_1(1.0),A,ITG25,POP014,2023,10.8,,,,TIPO_DATO15__POP014_N1,,,
IT1:22_293_DF_DCIS_INDDEMOG1_1(1.0),A,ITG25,POP014,2024,10.5,,,,TIPO_DATO15__POP014_N1,,,
IT1:22_293_DF_DCIS_INDDEMOG1_1(1.0),A,ITG25,POP014,2025,10.1,,,,TIPO_DATO15__POP014_N1,,,
IT1:22_293_DF_DCIS_INDDEMOG1_1(1.0),A,ITG25,POP014,2026,9.8,e,,,TIPO_DATO15__POP014_N1,,,
IT1:22_293_DF_DCIS_INDDEMOG1_1(1.0),A,ITG26,POP014,2015,12.5,,,,TIPO_DATO15__POP014_N1,,,
IT1:22_293_DF_DCIS_INDDEMOG1_1(1.0),A,ITG26,POP014,2016,12.3,,,,TIPO_DATO15__POP014_N1,,,
IT1:22_293_DF_DCIS_INDDEMOG1_1(1.0),A,ITG26,POP014,2017,12,,,,TIPO_DATO15__POP014_N1,,,
IT1:22_293_DF_DCIS_INDDEMOG1_1(1.0),A,ITG26,POP014,2018,11.9,,,,TIPO_DATO15__POP014_N1,,,
IT1:22_293_DF_DCIS_INDDEMOG1_1(1.0),A,ITG26,POP014,2019,11.7,,,,TIPO_DATO15__POP014_N1,,,
IT1:22_293_DF_DCIS_INDDEMOG1_1(1.0),A,ITG26,POP014,2020,11.5,,,,TIPO_DATO15__POP014_N1,,,
IT1:22_293_DF_DCIS_INDDEMOG1_1(1.0),A,ITG26,POP014,2021,11.4,,,,TIPO_DATO15__POP014_N1,,,
IT1:22_293_DF_DCIS_INDDEMOG1_1(1.0),A,ITG26,POP014,2022,11.1,,,,TIPO_DATO15__POP014_N1,,,
IT1:22_293_DF_DCIS_INDDEMOG1_1(1.0),A,ITG26,POP014,2023,10.9,,,,TIPO_DATO15__POP014_N1,,,
IT1:22_293_DF_DCIS_INDDEMOG1_1(1.0),A,ITG26,POP014,2024,10.6,,,,TIPO_DATO15__POP014_N1,,,
IT1:22_293_DF_DCIS_INDDEMOG1_1(1.0),A,ITG26,POP014,2025,10.3,,,,TIPO_DATO15__POP014_N1,,,
IT1:22_293_DF_DCIS_INDDEMOG1_1(1.0),A,ITG26,POP014,2026,9.9,e,,,TIPO_DATO15__POP014_N1,,,
IT1:22_293_DF_DCIS_INDDEMOG1_1(1.0),A,ITG27,POP014,2015,12.2,,,,TIPO_DATO15__POP014_N1,,,
IT1:22_293_DF_DCIS_INDDEMOG1_1(1.0),A,ITG27,POP014,2016,12.1,,,,TIPO_DATO15__POP014_N1,,,
IT1:22_293_DF_DCIS_INDDEMOG1_1(1.0),A,ITG27,POP014,2017,11.9,,,,TIPO_DATO15__POP014_N1,,,
IT1:22_293_DF_DCIS_INDDEMOG1_1(1.0),A,ITG27,POP014,2018,11.7,,,,TIPO_DATO15__POP014_N1,,,
IT1:22_293_DF_DCIS_INDDEMOG1_1(1.0),A,ITG27,POP014,2019,11.4,,,,TIPO_DATO15__POP014_N1,,,
IT1:22_293_DF_DCIS_INDDEMOG1_1(1.0),A,ITG27,POP014,2020,11.2,,,,TIPO_DATO15__POP014_N1,,,
IT1:22_293_DF_DCIS_INDDEMOG1_1(1.0),A,ITG27,POP014,2021,11.1,,,,TIPO_DATO15__POP014_N1,,,
IT1:22_293_DF_DCIS_INDDEMOG1_1(1.0),A,ITG27,POP014,2022,10.8,,,,TIPO_DATO15__POP014_N1,,,
IT1:22_293_DF_DCIS_INDDEMOG1_1(1.0),A,ITG27,POP014,2023,10.5,,,,TIPO_DATO15__POP014_N1,,,
IT1:22_293_DF_DCIS_INDDEMOG1_1(1.0),A,ITG27,POP014,2024,10.1,,,,TIPO_DATO15__POP014_N1,,,
IT1:22_293_DF_DCIS_INDDEMOG1_1(1.0),A,ITG27,POP014,2025,9.7,,,,TIPO_DATO15__POP014_N1,,,
IT1:22_293_DF_DCIS_INDDEMOG1_1(1.0),A,ITG27,POP014,2026,9.3,e,,,TIPO_DATO15__POP014_N1,,,
IT1:22_293_DF_DCIS_INDDEMOG1_1(1.0),A,ITG28,POP014,2015,10.8,,,,TIPO_DATO15__POP014_N1,,,
IT1:22_293_DF_DCIS_INDDEMOG1_1(1.0),A,ITG28,POP014,2016,10.6,,,,TIPO_DATO15__POP014_N1,,,
IT1:22_293_DF_DCIS_INDDEMOG1_1(1.0),A,ITG28,POP014,2017,10.5,,,,TIPO_DATO15__POP014_N1,,,
IT1:22_293_DF_DCIS_INDDEMOG1_1(1.0),A,ITG28,POP014,2018,10.3,,,,TIPO_DATO15__POP014_N1,,,
IT1:22_293_DF_DCIS_INDDEMOG1_1(1.0),A,ITG28,POP014,2019,10.1,,,,TIPO_DATO15__POP014_N1,,,
IT1:22_293_DF_DCIS_INDDEMOG1_1(1.0),A,ITG28,POP014,2020,9.9,,,,TIPO_DATO15__POP014_N1,,,
IT1:22_293_DF_DCIS_INDDEMOG1_1(1.0),A,ITG28,POP014,2021,9.8,,,,TIPO_DATO15__POP014_N1,,,
IT1:22_293_DF_DCIS_INDDEMOG1_1(1.0),A,ITG28,POP014,2022,9.7,,,,TIPO_DATO15__POP014_N1,,,
IT1:22_293_DF_DCIS_INDDEMOG1_1(1.0),A,ITG28,POP014,2023,9.5,,,,TIPO_DATO15__POP014_N1,,,
IT1:22_293_DF_DCIS_INDDEMOG1_1(1.0),A,ITG28,POP014,2024,9.2,,,,TIPO_DATO15__POP014_N1,,,
IT1:22_293_DF_DCIS_INDDEMOG1_1(1.0),A,ITG28,POP014,2025,9,,,,TIPO_DATO15__POP014_N1,,,
IT1:22_293_DF_DCIS_INDDEMOG1_1(1.0),A,ITG28,POP014,2026,8.7,e,,,TIPO_DATO15__POP014_N1,,,
