indicatore,codice,livello,territorio,anno,valore,unita,fonte,archivio
Sovraccarico del costo dell'abitazione,SDG-222,regione,Abruzzo,2004,8.8,Valori percentuali,Istat - Indagine Eu-Silc,"Benessere equo e sostenibile, aggiornamento intermedio 2026"
Sovraccarico del costo dell'abitazione,SDG-222,regione,Abruzzo,2005,9.6,Valori percentuali,Istat - Indagine Eu-Silc,"Benessere equo e sostenibile, aggiornamento intermedio 2026"
Sovraccarico del costo dell'abitazione,SDG-222,regione,Abruzzo,2006,9.5,Valori percentuali,Istat - Indagine Eu-Silc,"Benessere equo e sostenibile, aggiornamento intermedio 2026"
Sovraccarico del costo dell'abitazione,SDG-222,regione,Abruzzo,2007,5.2,Valori percentuali,Istat - Indagine Eu-Silc,"Benessere equo e sostenibile, aggiornamento intermedio 2026"
Sovraccarico del costo dell'abitazione,SDG-222,regione,Abruzzo,2008,5.6,Valori percentuali,Istat - Indagine Eu-Silc,"Benessere equo e sostenibile, aggiornamento intermedio 2026"
Sovraccarico del costo dell'abitazione,SDG-222,regione,Abruzzo,2010,6.6,Valori percentuali,Istat - Indagine Eu-Silc,"Benessere equo e sostenibile, aggiornamento intermedio 2026"
Sovraccarico del costo dell'abitazione,SDG-222,regione,Abruzzo,2011,11.4,Valori percentuali,Istat - Indagine Eu-Silc,"Benessere equo e sostenibile, aggiornamento intermedio 2026"
Sovraccarico del costo dell'abitazione,SDG-222,regione,Abruzzo,2012,8.9,Valori percentuali,Istat - Indagine Eu-Silc,"Benessere equo e sostenibile, aggiornamento intermedio 2026"
Sovraccarico del costo dell'abitazione,SDG-222,regione,Abruzzo,2013,6.0,Valori percentuali,Istat - Indagine Eu-Silc,"Benessere equo e sostenibile, aggiornamento intermedio 2026"
Sovraccarico del costo dell'abitazione,SDG-222,regione,Abruzzo,2014,7.4,Valori percentuali,Istat - Indagine Eu-Silc,"Benessere equo e sostenibile, aggiornamento intermedio 2026"
Sovraccarico del costo dell'abitazione,SDG-222,regione,Abruzzo,2015,5.9,Valori percentuali,Istat - Indagine Eu-Silc,"Benessere equo e sostenibile, aggiornamento intermedio 2026"
Sovraccarico del costo dell'abitazione,SDG-222,regione,Abruzzo,2016,6.0,Valori percentuali,Istat - Indagine Eu-Silc,"Benessere equo e sostenibile, aggiornamento intermedio 2026"
Sovraccarico del costo dell'abitazione,SDG-222,regione,Abruzzo,2017,8.4,Valori percentuali,Istat - Indagine Eu-Silc,"Benessere equo e sostenibile, aggiornamento intermedio 2026"
Sovraccarico del costo dell'abitazione,SDG-222,regione,Abruzzo,2018,7.0,Valori percentuali,Istat - Indagine Eu-Silc,"Benessere equo e sostenibile, aggiornamento intermedio 2026"
Sovraccarico del costo dell'abitazione,SDG-222,regione,Abruzzo,2021,4.4,Valori percentuali,Istat - Indagine Eu-Silc,"Benessere equo e sostenibile, aggiornamento intermedio 2026"
Sovraccarico del costo dell'abitazione,SDG-222,regione,Abruzzo,2022,4.7,Valori percentuali,Istat - Indagine Eu-Silc,"Benessere equo e sostenibile, aggiornamento intermedio 2026"
Sovraccarico del costo dell'abitazione,SDG-222,regione,Abruzzo,2023,3.1,Valori percentuali,Istat - Indagine Eu-Silc,"Benessere equo e sostenibile, aggiornamento intermedio 2026"
Sovraccarico del costo dell'abitazione,SDG-222,regione,Abruzzo,2024,3.5,Valori percentuali,Istat - Indagine Eu-Silc,"Benessere equo e sostenibile, aggiornamento intermedio 2026"
Sovraccarico del costo dell'abitazione,SDG-222,regione,Abruzzo,2025,4.1,Valori percentuali,Istat - Indagine Eu-Silc,"Benessere equo e sostenibile, aggiornamento intermedio 2026"
Sovraccarico del costo dell'abitazione,SDG-222,regione,Basilicata,2004,7.6,Valori percentuali,Istat - Indagine Eu-Silc,"Benessere equo e sostenibile, aggiornamento intermedio 2026"
Sovraccarico del costo dell'abitazione,SDG-222,regione,Basilicata,2005,10.6,Valori percentuali,Istat - Indagine Eu-Silc,"Benessere equo e sostenibile, aggiornamento intermedio 2026"
Sovraccarico del costo dell'abitazione,SDG-222,regione,Basilicata,2006,9.5,Valori percentuali,Istat - Indagine Eu-Silc,"Benessere equo e sostenibile, aggiornamento intermedio 2026"
Sovraccarico del costo dell'abitazione,SDG-222,regione,Basilicata,2007,7.3,Valori percentuali,Istat - Indagine Eu-Silc,"Benessere equo e sostenibile, aggiornamento intermedio 2026"
Sovraccarico del costo dell'abitazione,SDG-222,regione,Basilicata,2008,6.6,Valori percentuali,Istat - Indagine Eu-Silc,"Benessere equo e sostenibile, aggiornamento intermedio 2026"
Sovraccarico del costo dell'abitazione,SDG-222,regione,Basilicata,2009,5.1,Valori percentuali,Istat - Indagine Eu-Silc,"Benessere equo e sostenibile, aggiornamento intermedio 2026"
Sovraccarico del costo dell'abitazione,SDG-222,regione,Basilicata,2010,7.5,Valori percentuali,Istat - Indagine Eu-Silc,"Benessere equo e sostenibile, aggiornamento intermedio 2026"
Sovraccarico del costo dell'abitazione,SDG-222,regione,Basilicata,2011,8.5,Valori percentuali,Istat - Indagine Eu-Silc,"Benessere equo e sostenibile, aggiornamento intermedio 2026"
Sovraccarico del costo dell'abitazione,SDG-222,regione,Basilicata,2012,7.6,Valori percentuali,Istat - Indagine Eu-Silc,"Benessere equo e sostenibile, aggiornamento intermedio 2026"
Sovraccarico del costo dell'abitazione,SDG-222,regione,Basilicata,2013,8.7,Valori percentuali,Istat - Indagine Eu-Silc,"Benessere equo e sostenibile, aggiornamento intermedio 2026"
Sovraccarico del costo dell'abitazione,SDG-222,regione,Basilicata,2014,7.7,Valori percentuali,Istat - Indagine Eu-Silc,"Benessere equo e sostenibile, aggiornamento intermedio 2026"
Sovraccarico del costo dell'abitazione,SDG-222,regione,Basilicata,2015,5.8,Valori percentuali,Istat - Indagine Eu-Silc,"Benessere equo e sostenibile, aggiornamento intermedio 2026"
Sovraccarico del costo dell'abitazione,SDG-222,regione,Basilicata,2016,6.7,Valori percentuali,Istat - Indagine Eu-Silc,"Benessere equo e sostenibile, aggiornamento intermedio 2026"
Sovraccarico del costo dell'abitazione,SDG-222,regione,Basilicata,2017,6.7,Valori percentuali,Istat - Indagine Eu-Silc,"Benessere equo e sostenibile, aggiornamento intermedio 2026"
Sovraccarico del costo dell'abitazione,SDG-222,regione,Basilicata,2018,9.2,Valori percentuali,Istat - Indagine Eu-Silc,"Benessere equo e sostenibile, aggiornamento intermedio 2026"
Sovraccarico del costo dell'abitazione,SDG-222,regione,Basilicata,2019,5.8,Valori percentuali,Istat - Indagine Eu-Silc,"Benessere equo e sostenibile, aggiornamento intermedio 2026"
Sovraccarico del costo dell'abitazione,SDG-222,regione,Basilicata,2022,6.8,Valori percentuali,Istat - Indagine Eu-Silc,"Benessere equo e sostenibile, aggiornamento intermedio 2026"
Sovraccarico del costo dell'abitazione,SDG-222,regione,Basilicata,2023,4.9,Valori percentuali,Istat - Indagine Eu-Silc,"Benessere equo e sostenibile, aggiornamento intermedio 2026"
Sovraccarico del costo dell'abitazione,SDG-222,regione,Calabria,2004,12.6,Valori percentuali,Istat - Indagine Eu-Silc,"Benessere equo e sostenibile, aggiornamento intermedio 2026"
Sovraccarico del costo dell'abitazione,SDG-222,regione,Calabria,2005,17.0,Valori percentuali,Istat - Indagine Eu-Silc,"Benessere equo e sostenibile, aggiornamento intermedio 2026"
Sovraccarico del costo dell'abitazione,SDG-222,regione,Calabria,2006,13.0,Valori percentuali,Istat - Indagine Eu-Silc,"Benessere equo e sostenibile, aggiornamento intermedio 2026"
Sovraccarico del costo dell'abitazione,SDG-222,regione,Calabria,2007,6.9,Valori percentuali,Istat - Indagine Eu-Silc,"Benessere equo e sostenibile, aggiornamento intermedio 2026"
Sovraccarico del costo dell'abitazione,SDG-222,regione,Calabria,2008,6.9,Valori percentuali,Istat - Indagine Eu-Silc,"Benessere equo e sostenibile, aggiornamento intermedio 2026"
Sovraccarico del costo dell'abitazione,SDG-222,regione,Calabria,2009,7.6,Valori percentuali,Istat - Indagine Eu-Silc,"Benessere equo e sostenibile, aggiornamento intermedio 2026"
Sovraccarico del costo dell'abitazione,SDG-222,regione,Calabria,2010,4.9,Valori percentuali,Istat - Indagine Eu-Silc,"Benessere equo e sostenibile, aggiornamento intermedio 2026"
Sovraccarico del costo dell'abitazione,SDG-222,regione,Calabria,2011,9.5,Valori percentuali,Istat - Indagine Eu-Silc,"Benessere equo e sostenibile, aggiornamento intermedio 2026"
Sovraccarico del costo dell'abitazione,SDG-222,regione,Calabria,2012,6.7,Valori percentuali,Istat - Indagine Eu-Silc,"Benessere equo e sostenibile, aggiornamento intermedio 2026"
Sovraccarico del costo dell'abitazione,SDG-222,regione,Calabria,2013,5.5,Valori percentuali,Istat - Indagine Eu-Silc,"Benessere equo e sostenibile, aggiornamento intermedio 2026"
Sovraccarico del costo dell'abitazione,SDG-222,regione,Calabria,2014,7.5,Valori percentuali,Istat - Indagine Eu-Silc,"Benessere equo e sostenibile, aggiornamento intermedio 2026"
Sovraccarico del costo dell'abitazione,SDG-222,regione,Calabria,2015,8.5,Valori percentuali,Istat - Indagine Eu-Silc,"Benessere equo e sostenibile, aggiornamento intermedio 2026"
Sovraccarico del costo dell'abitazione,SDG-222,regione,Calabria,2016,9.9,Valori percentuali,Istat - Indagine Eu-Silc,"Benessere equo e sostenibile, aggiornamento intermedio 2026"
Sovraccarico del costo dell'abitazione,SDG-222,regione,Calabria,2017,8.8,Valori percentuali,Istat - Indagine Eu-Silc,"Benessere equo e sostenibile, aggiornamento intermedio 2026"
Sovraccarico del costo dell'abitazione,SDG-222,regione,Calabria,2018,8.2,Valori percentuali,Istat - Indagine Eu-Silc,"Benessere equo e sostenibile, aggiornamento intermedio 2026"
Sovraccarico del costo dell'abitazione,SDG-222,regione,Calabria,2019,6.7,Valori percentuali,Istat - Indagine Eu-Silc,"Benessere equo e sostenibile, aggiornamento intermedio 2026"
Sovraccarico del costo dell'abitazione,SDG-222,regione,Calabria,2020,8.0,Valori percentuali,Istat - Indagine Eu-Silc,"Benessere equo e sostenibile, aggiornamento intermedio 2026"
Sovraccarico del costo dell'abitazione,SDG-222,regione,Calabria,2021,5.5,Valori percentuali,Istat - Indagine Eu-Silc,"Benessere equo e sostenibile, aggiornamento intermedio 2026"
Sovraccarico del costo dell'abitazione,SDG-222,regione,Calabria,2022,8.2,Valori percentuali,Istat - Indagine Eu-Silc,"Benessere equo e sostenibile, aggiornamento intermedio 2026"
Sovraccarico del costo dell'abitazione,SDG-222,regione,Calabria,2023,6.4,Valori percentuali,Istat - Indagine Eu-Silc,"Benessere equo e sostenibile, aggiornamento intermedio 2026"
Sovraccarico del costo dell'abitazione,SDG-222,regione,Calabria,2024,8.2,Valori percentuali,Istat - Indagine Eu-Silc,"Benessere equo e sostenibile, aggiornamento intermedio 2026"
Sovraccarico del costo dell'abitazione,SDG-222,regione,Calabria,2025,6.3,Valori percentuali,Istat - Indagine Eu-Silc,"Benessere equo e sostenibile, aggiornamento intermedio 2026"
Sovraccarico del costo dell'abitazione,SDG-222,regione,Campania,2004,15.5,Valori percentuali,Istat - Indagine Eu-Silc,"Benessere equo e sostenibile, aggiornamento intermedio 2026"
Sovraccarico del costo dell'abitazione,SDG-222,regione,Campania,2005,15.0,Valori percentuali,Istat - Indagine Eu-Silc,"Benessere equo e sostenibile, aggiornamento intermedio 2026"
Sovraccarico del costo dell'abitazione,SDG-222,regione,Campania,2006,15.5,Valori percentuali,Istat - Indagine Eu-Silc,"Benessere equo e sostenibile, aggiornamento intermedio 2026"
Sovraccarico del costo dell'abitazione,SDG-222,regione,Campania,2007,8.8,Valori percentuali,Istat - Indagine Eu-Silc,"Benessere equo e sostenibile, aggiornamento intermedio 2026"
Sovraccarico del costo dell'abitazione,SDG-222,regione,Campania,2008,11.1,Valori percentuali,Istat - Indagine Eu-Silc,"Benessere equo e sostenibile, aggiornamento intermedio 2026"
Sovraccarico del costo dell'abitazione,SDG-222,regione,Campania,2009,10.0,Valori percentuali,Istat - Indagine Eu-Silc,"Benessere equo e sostenibile, aggiornamento intermedio 2026"
Sovraccarico del costo dell'abitazione,SDG-222,regione,Campania,2010,11.2,Valori percentuali,Istat - Indagine Eu-Silc,"Benessere equo e sostenibile, aggiornamento intermedio 2026"
Sovraccarico del costo dell'abitazione,SDG-222,regione,Campania,2011,13.9,Valori percentuali,Istat - Indagine Eu-Silc,"Benessere equo e sostenibile, aggiornamento intermedio 2026"
Sovraccarico del costo dell'abitazione,SDG-222,regione,Campania,2012,13.7,Valori percentuali,Istat - Indagine Eu-Silc,"Benessere equo e sostenibile, aggiornamento intermedio 2026"
Sovraccarico del costo dell'abitazione,SDG-222,regione,Campania,2013,14.6,Valori percentuali,Istat - Indagine Eu-Silc,"Benessere equo e sostenibile, aggiornamento intermedio 2026"
Sovraccarico del costo dell'abitazione,SDG-222,regione,Campania,2014,12.2,Valori percentuali,Istat - Indagine Eu-Silc,"Benessere equo e sostenibile, aggiornamento intermedio 2026"
Sovraccarico del costo dell'abitazione,SDG-222,regione,Campania,2015,9.9,Valori percentuali,Istat - Indagine Eu-Silc,"Benessere equo e sostenibile, aggiornamento intermedio 2026"
Sovraccarico del costo dell'abitazione,SDG-222,regione,Campania,2016,13.4,Valori percentuali,Istat - Indagine Eu-Silc,"Benessere equo e sostenibile, aggiornamento intermedio 2026"
Sovraccarico del costo dell'abitazione,SDG-222,regione,Campania,2017,13.7,Valori percentuali,Istat - Indagine Eu-Silc,"Benessere equo e sostenibile, aggiornamento intermedio 2026"
Sovraccarico del costo dell'abitazione,SDG-222,regione,Campania,2018,14.9,Valori percentuali,Istat - Indagine Eu-Silc,"Benessere equo e sostenibile, aggiornamento intermedio 2026"
Sovraccarico del costo dell'abitazione,SDG-222,regione,Campania,2019,14.6,Valori percentuali,Istat - Indagine Eu-Silc,"Benessere equo e sostenibile, aggiornamento intermedio 2026"
Sovraccarico del costo dell'abitazione,SDG-222,regione,Campania,2020,9.5,Valori percentuali,Istat - Indagine Eu-Silc,"Benessere equo e sostenibile, aggiornamento intermedio 2026"
Sovraccarico del costo dell'abitazione,SDG-222,regione,Campania,2021,11.6,Valori percentuali,Istat - Indagine Eu-Silc,"Benessere equo e sostenibile, aggiornamento intermedio 2026"
Sovraccarico del costo dell'abitazione,SDG-222,regione,Campania,2022,9.4,Valori percentuali,Istat - Indagine Eu-Silc,"Benessere equo e sostenibile, aggiornamento intermedio 2026"
Sovraccarico del costo dell'abitazione,SDG-222,regione,Campania,2023,8.5,Valori percentuali,Istat - Indagine Eu-Silc,"Benessere equo e sostenibile, aggiornamento intermedio 2026"
Sovraccarico del costo dell'abitazione,SDG-222,regione,Campania,2024,8.1,Valori percentuali,Istat - Indagine Eu-Silc,"Benessere equo e sostenibile, aggiornamento intermedio 2026"
Sovraccarico del costo dell'abitazione,SDG-222,regione,Campania,2025,8.4,Valori percentuali,Istat - Indagine Eu-Silc,"Benessere equo e sostenibile, aggiornamento intermedio 2026"
Sovraccarico del costo dell'abitazione,SDG-222,regione,Emilia-Romagna,2004,11.8,Valori percentuali,Istat - Indagine Eu-Silc,"Benessere equo e sostenibile, aggiornamento intermedio 2026"
Sovraccarico del costo dell'abitazione,SDG-222,regione,Emilia-Romagna,2005,12.0,Valori percentuali,Istat - Indagine Eu-Silc,"Benessere equo e sostenibile, aggiornamento intermedio 2026"
Sovraccarico del costo dell'abitazione,SDG-222,regione,Emilia-Romagna,2006,12.5,Valori percentuali,Istat - Indagine Eu-Silc,"Benessere equo e sostenibile, aggiornamento intermedio 2026"
Sovraccarico del costo dell'abitazione,SDG-222,regione,Emilia-Romagna,2007,6.7,Valori percentuali,Istat - Indagine Eu-Silc,"Benessere equo e sostenibile, aggiornamento intermedio 2026"
Sovraccarico del costo dell'abitazione,SDG-222,regione,Emilia-Romagna,2008,9.2,Valori percentuali,Istat - Indagine Eu-Silc,"Benessere equo e sostenibile, aggiornamento intermedio 2026"
Sovraccarico del costo dell'abitazione,SDG-222,regione,Emilia-Romagna,2009,7.9,Valori percentuali,Istat - Indagine Eu-Silc,"Benessere equo e sostenibile, aggiornamento intermedio 2026"
Sovraccarico del costo dell'abitazione,SDG-222,regione,Emilia-Romagna,2010,7.9,Valori percentuali,Istat - Indagine Eu-Silc,"Benessere equo e sostenibile, aggiornamento intermedio 2026"
Sovraccarico del costo dell'abitazione,SDG-222,regione,Emilia-Romagna,2011,8.0,Valori percentuali,Istat - Indagine Eu-Silc,"Benessere equo e sostenibile, aggiornamento intermedio 2026"
Sovraccarico del costo dell'abitazione,SDG-222,regione,Emilia-Romagna,2012,8.4,Valori percentuali,Istat - Indagine Eu-Silc,"Benessere equo e sostenibile, aggiornamento intermedio 2026"
Sovraccarico del costo dell'abitazione,SDG-222,regione,Emilia-Romagna,2013,10.4,Valori percentuali,Istat - Indagine Eu-Silc,"Benessere equo e sostenibile, aggiornamento intermedio 2026"
Sovraccarico del costo dell'abitazione,SDG-222,regione,Emilia-Romagna,2014,8.4,Valori percentuali,Istat - Indagine Eu-Silc,"Benessere equo e sostenibile, aggiornamento intermedio 2026"
Sovraccarico del costo dell'abitazione,SDG-222,regione,Emilia-Romagna,2015,7.7,Valori percentuali,Istat - Indagine Eu-Silc,"Benessere equo e sostenibile, aggiornamento intermedio 2026"
Sovraccarico del costo dell'abitazione,SDG-222,regione,Emilia-Romagna,2016,7.4,Valori percentuali,Istat - Indagine Eu-Silc,"Benessere equo e sostenibile, aggiornamento intermedio 2026"
Sovraccarico del costo dell'abitazione,SDG-222,regione,Emilia-Romagna,2017,6.3,Valori percentuali,Istat - Indagine Eu-Silc,"Benessere equo e sostenibile, aggiornamento intermedio 2026"
Sovraccarico del costo dell'abitazione,SDG-222,regione,Emilia-Romagna,2018,6.3,Valori percentuali,Istat - Indagine Eu-Silc,"Benessere equo e sostenibile, aggiornamento intermedio 2026"
Sovraccarico del costo dell'abitazione,SDG-222,regione,Emilia-Romagna,2019,7.6,Valori percentuali,Istat - Indagine Eu-Silc,"Benessere equo e sostenibile, aggiornamento intermedio 2026"
Sovraccarico del costo dell'abitazione,SDG-222,regione,Emilia-Romagna,2020,5.0,Valori percentuali,Istat - Indagine Eu-Silc,"Benessere equo e sostenibile, aggiornamento intermedio 2026"
Sovraccarico del costo dell'abitazione,SDG-222,regione,Emilia-Romagna,2021,4.3,Valori percentuali,Istat - Indagine Eu-Silc,"Benessere equo e sostenibile, aggiornamento intermedio 2026"
Sovraccarico del costo dell'abitazione,SDG-222,regione,Emilia-Romagna,2022,5.0,Valori percentuali,Istat - Indagine Eu-Silc,"Benessere equo e sostenibile, aggiornamento intermedio 2026"
Sovraccarico del costo dell'abitazione,SDG-222,regione,Emilia-Romagna,2023,3.8,Valori percentuali,Istat - Indagine Eu-Silc,"Benessere equo e sostenibile, aggiornamento intermedio 2026"
Sovraccarico del costo dell'abitazione,SDG-222,regione,Emilia-Romagna,2024,2.9,Valori percentuali,Istat - Indagine Eu-Silc,"Benessere equo e sostenibile, aggiornamento intermedio 2026"
Sovraccarico del costo dell'abitazione,SDG-222,regione,Emilia-Romagna,2025,3.1,Valori percentuali,Istat - Indagine Eu-Silc,"Benessere equo e sostenibile, aggiornamento intermedio 2026"
Sovraccarico del costo dell'abitazione,SDG-222,regione,Friuli-Venezia Giulia,2004,8.4,Valori percentuali,Istat - Indagine Eu-Silc,"Benessere equo e sostenibile, aggiornamento intermedio 2026"
Sovraccarico del costo dell'abitazione,SDG-222,regione,Friuli-Venezia Giulia,2005,9.7,Valori percentuali,Istat - Indagine Eu-Silc,"Benessere equo e sostenibile, aggiornamento intermedio 2026"
Sovraccarico del costo dell'abitazione,SDG-222,regione,Friuli-Venezia Giulia,2006,9.5,Valori percentuali,Istat - Indagine Eu-Silc,"Benessere equo e sostenibile, aggiornamento intermedio 2026"
Sovraccarico del costo dell'abitazione,SDG-222,regione,Friuli-Venezia Giulia,2007,4.7,Valori percentuali,Istat - Indagine Eu-Silc,"Benessere equo e sostenibile, aggiornamento intermedio 2026"
Sovraccarico del costo dell'abitazione,SDG-222,regione,Friuli-Venezia Giulia,2008,4.7,Valori percentuali,Istat - Indagine Eu-Silc,"Benessere equo e sostenibile, aggiornamento intermedio 2026"
Sovraccarico del costo dell'abitazione,SDG-222,regione,Friuli-Venezia Giulia,2009,4.1,Valori percentuali,Istat - Indagine Eu-Silc,"Benessere equo e sostenibile, aggiornamento intermedio 2026"
Sovraccarico del costo dell'abitazione,SDG-222,regione,Friuli-Venezia Giulia,2010,4.8,Valori percentuali,Istat - Indagine Eu-Silc,"Benessere equo e sostenibile, aggiornamento intermedio 2026"
Sovraccarico del costo dell'abitazione,SDG-222,regione,Friuli-Venezia Giulia,2011,5.1,Valori percentuali,Istat - Indagine Eu-Silc,"Benessere equo e sostenibile, aggiornamento intermedio 2026"
Sovraccarico del costo dell'abitazione,SDG-222,regione,Friuli-Venezia Giulia,2012,4.8,Valori percentuali,Istat - Indagine Eu-Silc,"Benessere equo e sostenibile, aggiornamento intermedio 2026"
Sovraccarico del costo dell'abitazione,SDG-222,regione,Friuli-Venezia Giulia,2013,5.8,Valori percentuali,Istat - Indagine Eu-Silc,"Benessere equo e sostenibile, aggiornamento intermedio 2026"
Sovraccarico del costo dell'abitazione,SDG-222,regione,Friuli-Venezia Giulia,2014,4.9,Valori percentuali,Istat - Indagine Eu-Silc,"Benessere equo e sostenibile, aggiornamento intermedio 2026"
Sovraccarico del costo dell'abitazione,SDG-222,regione,Friuli-Venezia Giulia,2015,3.9,Valori percentuali,Istat - Indagine Eu-Silc,"Benessere equo e sostenibile, aggiornamento intermedio 2026"
Sovraccarico del costo dell'abitazione,SDG-222,regione,Friuli-Venezia Giulia,2016,4.7,Valori percentuali,Istat - Indagine Eu-Silc,"Benessere equo e sostenibile, aggiornamento intermedio 2026"
Sovraccarico del costo dell'abitazione,SDG-222,regione,Friuli-Venezia Giulia,2017,4.2,Valori percentuali,Istat - Indagine Eu-Silc,"Benessere equo e sostenibile, aggiornamento intermedio 2026"
Sovraccarico del costo dell'abitazione,SDG-222,regione,Friuli-Venezia Giulia,2018,3.7,Valori percentuali,Istat - Indagine Eu-Silc,"Benessere equo e sostenibile, aggiornamento intermedio 2026"
Sovraccarico del costo dell'abitazione,SDG-222,regione,Friuli-Venezia Giulia,2019,5.3,Valori percentuali,Istat - Indagine Eu-Silc,"Benessere equo e sostenibile, aggiornamento intermedio 2026"
Sovraccarico del costo dell'abitazione,SDG-222,regione,Friuli-Venezia Giulia,2020,5.3,Valori percentuali,Istat - Indagine Eu-Silc,"Benessere equo e sostenibile, aggiornamento intermedio 2026"
Sovraccarico del costo dell'abitazione,SDG-222,regione,Friuli-Venezia Giulia,2021,4.6,Valori percentuali,Istat - Indagine Eu-Silc,"Benessere equo e sostenibile, aggiornamento intermedio 2026"
Sovraccarico del costo dell'abitazione,SDG-222,regione,Friuli-Venezia Giulia,2022,5.7,Valori percentuali,Istat - Indagine Eu-Silc,"Benessere equo e sostenibile, aggiornamento intermedio 2026"
Sovraccarico del costo dell'abitazione,SDG-222,regione,Friuli-Venezia Giulia,2023,4.1,Valori percentuali,Istat - Indagine Eu-Silc,"Benessere equo e sostenibile, aggiornamento intermedio 2026"
Sovraccarico del costo dell'abitazione,SDG-222,regione,Friuli-Venezia Giulia,2024,2.5,Valori percentuali,Istat - Indagine Eu-Silc,"Benessere equo e sostenibile, aggiornamento intermedio 2026"
Sovraccarico del costo dell'abitazione,SDG-222,regione,Lazio,2004,15.4,Valori percentuali,Istat - Indagine Eu-Silc,"Benessere equo e sostenibile, aggiornamento intermedio 2026"
Sovraccarico del costo dell'abitazione,SDG-222,regione,Lazio,2005,14.6,Valori percentuali,Istat - Indagine Eu-Silc,"Benessere equo e sostenibile, aggiornamento intermedio 2026"
Sovraccarico del costo dell'abitazione,SDG-222,regione,Lazio,2006,13.9,Valori percentuali,Istat - Indagine Eu-Silc,"Benessere equo e sostenibile, aggiornamento intermedio 2026"
Sovraccarico del costo dell'abitazione,SDG-222,regione,Lazio,2007,7.0,Valori percentuali,Istat - Indagine Eu-Silc,"Benessere equo e sostenibile, aggiornamento intermedio 2026"
Sovraccarico del costo dell'abitazione,SDG-222,regione,Lazio,2008,8.2,Valori percentuali,Istat - Indagine Eu-Silc,"Benessere equo e sostenibile, aggiornamento intermedio 2026"
Sovraccarico del costo dell'abitazione,SDG-222,regione,Lazio,2009,7.1,Valori percentuali,Istat - Indagine Eu-Silc,"Benessere equo e sostenibile, aggiornamento intermedio 2026"
Sovraccarico del costo dell'abitazione,SDG-222,regione,Lazio,2010,8.4,Valori percentuali,Istat - Indagine Eu-Silc,"Benessere equo e sostenibile, aggiornamento intermedio 2026"
Sovraccarico del costo dell'abitazione,SDG-222,regione,Lazio,2011,9.4,Valori percentuali,Istat - Indagine Eu-Silc,"Benessere equo e sostenibile, aggiornamento intermedio 2026"
Sovraccarico del costo dell'abitazione,SDG-222,regione,Lazio,2012,9.2,Valori percentuali,Istat - Indagine Eu-Silc,"Benessere equo e sostenibile, aggiornamento intermedio 2026"
Sovraccarico del costo dell'abitazione,SDG-222,regione,Lazio,2013,9.9,Valori percentuali,Istat - Indagine Eu-Silc,"Benessere equo e sostenibile, aggiornamento intermedio 2026"
Sovraccarico del costo dell'abitazione,SDG-222,regione,Lazio,2014,10.3,Valori percentuali,Istat - Indagine Eu-Silc,"Benessere equo e sostenibile, aggiornamento intermedio 2026"
Sovraccarico del costo dell'abitazione,SDG-222,regione,Lazio,2015,12.4,Valori percentuali,Istat - Indagine Eu-Silc,"Benessere equo e sostenibile, aggiornamento intermedio 2026"
Sovraccarico del costo dell'abitazione,SDG-222,regione,Lazio,2016,13.0,Valori percentuali,Istat - Indagine Eu-Silc,"Benessere equo e sostenibile, aggiornamento intermedio 2026"
Sovraccarico del costo dell'abitazione,SDG-222,regione,Lazio,2017,9.4,Valori percentuali,Istat - Indagine Eu-Silc,"Benessere equo e sostenibile, aggiornamento intermedio 2026"
Sovraccarico del costo dell'abitazione,SDG-222,regione,Lazio,2018,10.5,Valori percentuali,Istat - Indagine Eu-Silc,"Benessere equo e sostenibile, aggiornamento intermedio 2026"
Sovraccarico del costo dell'abitazione,SDG-222,regione,Lazio,2019,8.9,Valori percentuali,Istat - Indagine Eu-Silc,"Benessere equo e sostenibile, aggiornamento intermedio 2026"
Sovraccarico del costo dell'abitazione,SDG-222,regione,Lazio,2020,6.9,Valori percentuali,Istat - Indagine Eu-Silc,"Benessere equo e sostenibile, aggiornamento intermedio 2026"
Sovraccarico del costo dell'abitazione,SDG-222,regione,Lazio,2021,6.5,Valori percentuali,Istat - Indagine Eu-Silc,"Benessere equo e sostenibile, aggiornamento intermedio 2026"
Sovraccarico del costo dell'abitazione,SDG-222,regione,Lazio,2022,8.2,Valori percentuali,Istat - Indagine Eu-Silc,"Benessere equo e sostenibile, aggiornamento intermedio 2026"
Sovraccarico del costo dell'abitazione,SDG-222,regione,Lazio,2023,7.8,Valori percentuali,Istat - Indagine Eu-Silc,"Benessere equo e sostenibile, aggiornamento intermedio 2026"
Sovraccarico del costo dell'abitazione,SDG-222,regione,Lazio,2024,7.9,Valori percentuali,Istat - Indagine Eu-Silc,"Benessere equo e sostenibile, aggiornamento intermedio 2026"
Sovraccarico del costo dell'abitazione,SDG-222,regione,Lazio,2025,5.8,Valori percentuali,Istat - Indagine Eu-Silc,"Benessere equo e sostenibile, aggiornamento intermedio 2026"
Sovraccarico del costo dell'abitazione,SDG-222,regione,Liguria,2004,14.6,Valori percentuali,Istat - Indagine Eu-Silc,"Benessere equo e sostenibile, aggiornamento intermedio 2026"
Sovraccarico del costo dell'abitazione,SDG-222,regione,Liguria,2005,13.9,Valori percentuali,Istat - Indagine Eu-Silc,"Benessere equo e sostenibile, aggiornamento intermedio 2026"
Sovraccarico del costo dell'abitazione,SDG-222,regione,Liguria,2006,15.1,Valori percentuali,Istat - Indagine Eu-Silc,"Benessere equo e sostenibile, aggiornamento intermedio 2026"
Sovraccarico del costo dell'abitazione,SDG-222,regione,Liguria,2007,9.9,Valori percentuali,Istat - Indagine Eu-Silc,"Benessere equo e sostenibile, aggiornamento intermedio 2026"
Sovraccarico del costo dell'abitazione,SDG-222,regione,Liguria,2008,11.3,Valori percentuali,Istat - Indagine Eu-Silc,"Benessere equo e sostenibile, aggiornamento intermedio 2026"
Sovraccarico del costo dell'abitazione,SDG-222,regione,Liguria,2009,8.0,Valori percentuali,Istat - Indagine Eu-Silc,"Benessere equo e sostenibile, aggiornamento intermedio 2026"
Sovraccarico del costo dell'abitazione,SDG-222,regione,Liguria,2010,9.3,Valori percentuali,Istat - Indagine Eu-Silc,"Benessere equo e sostenibile, aggiornamento intermedio 2026"
Sovraccarico del costo dell'abitazione,SDG-222,regione,Liguria,2011,9.5,Valori percentuali,Istat - Indagine Eu-Silc,"Benessere equo e sostenibile, aggiornamento intermedio 2026"
Sovraccarico del costo dell'abitazione,SDG-222,regione,Liguria,2012,12.6,Valori percentuali,Istat - Indagine Eu-Silc,"Benessere equo e sostenibile, aggiornamento intermedio 2026"
Sovraccarico del costo dell'abitazione,SDG-222,regione,Liguria,2013,11.8,Valori percentuali,Istat - Indagine Eu-Silc,"Benessere equo e sostenibile, aggiornamento intermedio 2026"
Sovraccarico del costo dell'abitazione,SDG-222,regione,Liguria,2014,12.9,Valori percentuali,Istat - Indagine Eu-Silc,"Benessere equo e sostenibile, aggiornamento intermedio 2026"
Sovraccarico del costo dell'abitazione,SDG-222,regione,Liguria,2015,10.8,Valori percentuali,Istat - Indagine Eu-Silc,"Benessere equo e sostenibile, aggiornamento intermedio 2026"
Sovraccarico del costo dell'abitazione,SDG-222,regione,Liguria,2016,9.9,Valori percentuali,Istat - Indagine Eu-Silc,"Benessere equo e sostenibile, aggiornamento intermedio 2026"
Sovraccarico del costo dell'abitazione,SDG-222,regione,Liguria,2017,9.6,Valori percentuali,Istat - Indagine Eu-Silc,"Benessere equo e sostenibile, aggiornamento intermedio 2026"
Sovraccarico del costo dell'abitazione,SDG-222,regione,Liguria,2018,10.3,Valori percentuali,Istat - Indagine Eu-Silc,"Benessere equo e sostenibile, aggiornamento intermedio 2026"
Sovraccarico del costo dell'abitazione,SDG-222,regione,Liguria,2019,9.6,Valori percentuali,Istat - Indagine Eu-Silc,"Benessere equo e sostenibile, aggiornamento intermedio 2026"
Sovraccarico del costo dell'abitazione,SDG-222,regione,Liguria,2020,7.5,Valori percentuali,Istat - Indagine Eu-Silc,"Benessere equo e sostenibile, aggiornamento intermedio 2026"
Sovraccarico del costo dell'abitazione,SDG-222,regione,Liguria,2021,8.6,Valori percentuali,Istat - Indagine Eu-Silc,"Benessere equo e sostenibile, aggiornamento intermedio 2026"
Sovraccarico del costo dell'abitazione,SDG-222,regione,Liguria,2022,7.6,Valori percentuali,Istat - Indagine Eu-Silc,"Benessere equo e sostenibile, aggiornamento intermedio 2026"
Sovraccarico del costo dell'abitazione,SDG-222,regione,Liguria,2023,9.6,Valori percentuali,Istat - Indagine Eu-Silc,"Benessere equo e sostenibile, aggiornamento intermedio 2026"
Sovraccarico del costo dell'abitazione,SDG-222,regione,Liguria,2024,5.4,Valori percentuali,Istat - Indagine Eu-Silc,"Benessere equo e sostenibile, aggiornamento intermedio 2026"
Sovraccarico del costo dell'abitazione,SDG-222,regione,Liguria,2025,8.1,Valori percentuali,Istat - Indagine Eu-Silc,"Benessere equo e sostenibile, aggiornamento intermedio 2026"
Sovraccarico del costo dell'abitazione,SDG-222,regione,Lombardia,2004,12.6,Valori percentuali,Istat - Indagine Eu-Silc,"Benessere equo e sostenibile, aggiornamento intermedio 2026"
Sovraccarico del costo dell'abitazione,SDG-222,regione,Lombardia,2005,12.5,Valori percentuali,Istat - Indagine Eu-Silc,"Benessere equo e sostenibile, aggiornamento intermedio 2026"
Sovraccarico del costo dell'abitazione,SDG-222,regione,Lombardia,2006,11.8,Valori percentuali,Istat - Indagine Eu-Silc,"Benessere equo e sostenibile, aggiornamento intermedio 2026"
Sovraccarico del costo dell'abitazione,SDG-222,regione,Lombardia,2007,8.1,Valori percentuali,Istat - Indagine Eu-Silc,"Benessere equo e sostenibile, aggiornamento intermedio 2026"
Sovraccarico del costo dell'abitazione,SDG-222,regione,Lombardia,2008,9.2,Valori percentuali,Istat - Indagine Eu-Silc,"Benessere equo e sostenibile, aggiornamento intermedio 2026"
Sovraccarico del costo dell'abitazione,SDG-222,regione,Lombardia,2009,9.5,Valori percentuali,Istat - Indagine Eu-Silc,"Benessere equo e sostenibile, aggiornamento intermedio 2026"
Sovraccarico del costo dell'abitazione,SDG-222,regione,Lombardia,2010,8.0,Valori percentuali,Istat - Indagine Eu-Silc,"Benessere equo e sostenibile, aggiornamento intermedio 2026"
Sovraccarico del costo dell'abitazione,SDG-222,regione,Lombardia,2011,7.9,Valori percentuali,Istat - Indagine Eu-Silc,"Benessere equo e sostenibile, aggiornamento intermedio 2026"
Sovraccarico del costo dell'abitazione,SDG-222,regione,Lombardia,2012,6.3,Valori percentuali,Istat - Indagine Eu-Silc,"Benessere equo e sostenibile, aggiornamento intermedio 2026"
Sovraccarico del costo dell'abitazione,SDG-222,regione,Lombardia,2013,8.2,Valori percentuali,Istat - Indagine Eu-Silc,"Benessere equo e sostenibile, aggiornamento intermedio 2026"
Sovraccarico del costo dell'abitazione,SDG-222,regione,Lombardia,2014,6.9,Valori percentuali,Istat - Indagine Eu-Silc,"Benessere equo e sostenibile, aggiornamento intermedio 2026"
Sovraccarico del costo dell'abitazione,SDG-222,regione,Lombardia,2015,8.5,Valori percentuali,Istat - Indagine Eu-Silc,"Benessere equo e sostenibile, aggiornamento intermedio 2026"
Sovraccarico del costo dell'abitazione,SDG-222,regione,Lombardia,2016,8.9,Valori percentuali,Istat - Indagine Eu-Silc,"Benessere equo e sostenibile, aggiornamento intermedio 2026"
Sovraccarico del costo dell'abitazione,SDG-222,regione,Lombardia,2017,7.8,Valori percentuali,Istat - Indagine Eu-Silc,"Benessere equo e sostenibile, aggiornamento intermedio 2026"
Sovraccarico del costo dell'abitazione,SDG-222,regione,Lombardia,2018,6.9,Valori percentuali,Istat - Indagine Eu-Silc,"Benessere equo e sostenibile, aggiornamento intermedio 2026"
Sovraccarico del costo dell'abitazione,SDG-222,regione,Lombardia,2019,8.1,Valori percentuali,Istat - Indagine Eu-Silc,"Benessere equo e sostenibile, aggiornamento intermedio 2026"
Sovraccarico del costo dell'abitazione,SDG-222,regione,Lombardia,2020,5.4,Valori percentuali,Istat - Indagine Eu-Silc,"Benessere equo e sostenibile, aggiornamento intermedio 2026"
Sovraccarico del costo dell'abitazione,SDG-222,regione,Lombardia,2021,7.5,Valori percentuali,Istat - Indagine Eu-Silc,"Benessere equo e sostenibile, aggiornamento intermedio 2026"
Sovraccarico del costo dell'abitazione,SDG-222,regione,Lombardia,2022,8.1,Valori percentuali,Istat - Indagine Eu-Silc,"Benessere equo e sostenibile, aggiornamento intermedio 2026"
Sovraccarico del costo dell'abitazione,SDG-222,regione,Lombardia,2023,5.9,Valori percentuali,Istat - Indagine Eu-Silc,"Benessere equo e sostenibile, aggiornamento intermedio 2026"
Sovraccarico del costo dell'abitazione,SDG-222,regione,Lombardia,2024,4.8,Valori percentuali,Istat - Indagine Eu-Silc,"Benessere equo e sostenibile, aggiornamento intermedio 2026"
Sovraccarico del costo dell'abitazione,SDG-222,regione,Lombardia,2025,4.1,Valori percentuali,Istat - Indagine Eu-Silc,"Benessere equo e sostenibile, aggiornamento intermedio 2026"
Sovraccarico del costo dell'abitazione,SDG-222,regione,Marche,2004,8.9,Valori percentuali,Istat - Indagine Eu-Silc,"Benessere equo e sostenibile, aggiornamento intermedio 2026"
Sovraccarico del costo dell'abitazione,SDG-222,regione,Marche,2005,10.4,Valori percentuali,Istat - Indagine Eu-Silc,"Benessere equo e sostenibile, aggiornamento intermedio 2026"
Sovraccarico del costo dell'abitazione,SDG-222,regione,Marche,2006,9.0,Valori percentuali,Istat - Indagine Eu-Silc,"Benessere equo e sostenibile, aggiornamento intermedio 2026"
Sovraccarico del costo dell'abitazione,SDG-222,regione,Marche,2007,5.8,Valori percentuali,Istat - Indagine Eu-Silc,"Benessere equo e sostenibile, aggiornamento intermedio 2026"
Sovraccarico del costo dell'abitazione,SDG-222,regione,Marche,2008,6.5,Valori percentuali,Istat - Indagine Eu-Silc,"Benessere equo e sostenibile, aggiornamento intermedio 2026"
Sovraccarico del costo dell'abitazione,SDG-222,regione,Marche,2009,6.0,Valori percentuali,Istat - Indagine Eu-Silc,"Benessere equo e sostenibile, aggiornamento intermedio 2026"
Sovraccarico del costo dell'abitazione,SDG-222,regione,Marche,2010,6.2,Valori percentuali,Istat - Indagine Eu-Silc,"Benessere equo e sostenibile, aggiornamento intermedio 2026"
Sovraccarico del costo dell'abitazione,SDG-222,regione,Marche,2011,7.4,Valori percentuali,Istat - Indagine Eu-Silc,"Benessere equo e sostenibile, aggiornamento intermedio 2026"
Sovraccarico del costo dell'abitazione,SDG-222,regione,Marche,2012,6.3,Valori percentuali,Istat - Indagine Eu-Silc,"Benessere equo e sostenibile, aggiornamento intermedio 2026"
Sovraccarico del costo dell'abitazione,SDG-222,regione,Marche,2013,6.3,Valori percentuali,Istat - Indagine Eu-Silc,"Benessere equo e sostenibile, aggiornamento intermedio 2026"
Sovraccarico del costo dell'abitazione,SDG-222,regione,Marche,2014,5.8,Valori percentuali,Istat - Indagine Eu-Silc,"Benessere equo e sostenibile, aggiornamento intermedio 2026"
Sovraccarico del costo dell'abitazione,SDG-222,regione,Marche,2015,6.2,Valori percentuali,Istat - Indagine Eu-Silc,"Benessere equo e sostenibile, aggiornamento intermedio 2026"
Sovraccarico del costo dell'abitazione,SDG-222,regione,Marche,2016,6.7,Valori percentuali,Istat - Indagine Eu-Silc,"Benessere equo e sostenibile, aggiornamento intermedio 2026"
Sovraccarico del costo dell'abitazione,SDG-222,regione,Marche,2017,4.5,Valori percentuali,Istat - Indagine Eu-Silc,"Benessere equo e sostenibile, aggiornamento intermedio 2026"
Sovraccarico del costo dell'abitazione,SDG-222,regione,Marche,2018,4.5,Valori percentuali,Istat - Indagine Eu-Silc,"Benessere equo e sostenibile, aggiornamento intermedio 2026"
Sovraccarico del costo dell'abitazione,SDG-222,regione,Marche,2019,4.3,Valori percentuali,Istat - Indagine Eu-Silc,"Benessere equo e sostenibile, aggiornamento intermedio 2026"
Sovraccarico del costo dell'abitazione,SDG-222,regione,Marche,2021,3.6,Valori percentuali,Istat - Indagine Eu-Silc,"Benessere equo e sostenibile, aggiornamento intermedio 2026"
Sovraccarico del costo dell'abitazione,SDG-222,regione,Marche,2022,4.0,Valori percentuali,Istat - Indagine Eu-Silc,"Benessere equo e sostenibile, aggiornamento intermedio 2026"
Sovraccarico del costo dell'abitazione,SDG-222,regione,Marche,2023,3.6,Valori percentuali,Istat - Indagine Eu-Silc,"Benessere equo e sostenibile, aggiornamento intermedio 2026"
Sovraccarico del costo dell'abitazione,SDG-222,regione,Marche,2024,4.0,Valori percentuali,Istat - Indagine Eu-Silc,"Benessere equo e sostenibile, aggiornamento intermedio 2026"
Sovraccarico del costo dell'abitazione,SDG-222,regione,Marche,2025,4.1,Valori percentuali,Istat - Indagine Eu-Silc,"Benessere equo e sostenibile, aggiornamento intermedio 2026"
Sovraccarico del costo dell'abitazione,SDG-222,regione,Molise,2004,6.9,Valori percentuali,Istat - Indagine Eu-Silc,"Benessere equo e sostenibile, aggiornamento intermedio 2026"
Sovraccarico del costo dell'abitazione,SDG-222,regione,Molise,2005,8.4,Valori percentuali,Istat - Indagine Eu-Silc,"Benessere equo e sostenibile, aggiornamento intermedio 2026"
Sovraccarico del costo dell'abitazione,SDG-222,regione,Molise,2006,9.4,Valori percentuali,Istat - Indagine Eu-Silc,"Benessere equo e sostenibile, aggiornamento intermedio 2026"
Sovraccarico del costo dell'abitazione,SDG-222,regione,Molise,2009,5.8,Valori percentuali,Istat - Indagine Eu-Silc,"Benessere equo e sostenibile, aggiornamento intermedio 2026"
Sovraccarico del costo dell'abitazione,SDG-222,regione,Molise,2012,5.9,Valori percentuali,Istat - Indagine Eu-Silc,"Benessere equo e sostenibile, aggiornamento intermedio 2026"
Sovraccarico del costo dell'abitazione,SDG-222,regione,Molise,2013,9.3,Valori percentuali,Istat - Indagine Eu-Silc,"Benessere equo e sostenibile, aggiornamento intermedio 2026"
Sovraccarico del costo dell'abitazione,SDG-222,regione,Molise,2016,10.7,Valori percentuali,Istat - Indagine Eu-Silc,"Benessere equo e sostenibile, aggiornamento intermedio 2026"
Sovraccarico del costo dell'abitazione,SDG-222,regione,Molise,2019,9.5,Valori percentuali,Istat - Indagine Eu-Silc,"Benessere equo e sostenibile, aggiornamento intermedio 2026"
Sovraccarico del costo dell'abitazione,SDG-222,regione,Molise,2023,3.8,Valori percentuali,Istat - Indagine Eu-Silc,"Benessere equo e sostenibile, aggiornamento intermedio 2026"
Sovraccarico del costo dell'abitazione,SDG-222,regione,Piemonte,2004,12.0,Valori percentuali,Istat - Indagine Eu-Silc,"Benessere equo e sostenibile, aggiornamento intermedio 2026"
Sovraccarico del costo dell'abitazione,SDG-222,regione,Piemonte,2005,10.5,Valori percentuali,Istat - Indagine Eu-Silc,"Benessere equo e sostenibile, aggiornamento intermedio 2026"
Sovraccarico del costo dell'abitazione,SDG-222,regione,Piemonte,2006,12.2,Valori percentuali,Istat - Indagine Eu-Silc,"Benessere equo e sostenibile, aggiornamento intermedio 2026"
Sovraccarico del costo dell'abitazione,SDG-222,regione,Piemonte,2007,8.3,Valori percentuali,Istat - Indagine Eu-Silc,"Benessere equo e sostenibile, aggiornamento intermedio 2026"
Sovraccarico del costo dell'abitazione,SDG-222,regione,Piemonte,2008,10.0,Valori percentuali,Istat - Indagine Eu-Silc,"Benessere equo e sostenibile, aggiornamento intermedio 2026"
Sovraccarico del costo dell'abitazione,SDG-222,regione,Piemonte,2009,8.7,Valori percentuali,Istat - Indagine Eu-Silc,"Benessere equo e sostenibile, aggiornamento intermedio 2026"
Sovraccarico del costo dell'abitazione,SDG-222,regione,Piemonte,2010,7.6,Valori percentuali,Istat - Indagine Eu-Silc,"Benessere equo e sostenibile, aggiornamento intermedio 2026"
Sovraccarico del costo dell'abitazione,SDG-222,regione,Piemonte,2011,8.5,Valori percentuali,Istat - Indagine Eu-Silc,"Benessere equo e sostenibile, aggiornamento intermedio 2026"
Sovraccarico del costo dell'abitazione,SDG-222,regione,Piemonte,2012,7.6,Valori percentuali,Istat - Indagine Eu-Silc,"Benessere equo e sostenibile, aggiornamento intermedio 2026"
Sovraccarico del costo dell'abitazione,SDG-222,regione,Piemonte,2013,8.6,Valori percentuali,Istat - Indagine Eu-Silc,"Benessere equo e sostenibile, aggiornamento intermedio 2026"
Sovraccarico del costo dell'abitazione,SDG-222,regione,Piemonte,2014,10.1,Valori percentuali,Istat - Indagine Eu-Silc,"Benessere equo e sostenibile, aggiornamento intermedio 2026"
Sovraccarico del costo dell'abitazione,SDG-222,regione,Piemonte,2015,8.2,Valori percentuali,Istat - Indagine Eu-Silc,"Benessere equo e sostenibile, aggiornamento intermedio 2026"
Sovraccarico del costo dell'abitazione,SDG-222,regione,Piemonte,2016,9.1,Valori percentuali,Istat - Indagine Eu-Silc,"Benessere equo e sostenibile, aggiornamento intermedio 2026"
Sovraccarico del costo dell'abitazione,SDG-222,regione,Piemonte,2017,7.2,Valori percentuali,Istat - Indagine Eu-Silc,"Benessere equo e sostenibile, aggiornamento intermedio 2026"
Sovraccarico del costo dell'abitazione,SDG-222,regione,Piemonte,2018,7.4,Valori percentuali,Istat - Indagine Eu-Silc,"Benessere equo e sostenibile, aggiornamento intermedio 2026"
Sovraccarico del costo dell'abitazione,SDG-222,regione,Piemonte,2019,8.7,Valori percentuali,Istat - Indagine Eu-Silc,"Benessere equo e sostenibile, aggiornamento intermedio 2026"
Sovraccarico del costo dell'abitazione,SDG-222,regione,Piemonte,2020,8.5,Valori percentuali,Istat - Indagine Eu-Silc,"Benessere equo e sostenibile, aggiornamento intermedio 2026"
Sovraccarico del costo dell'abitazione,SDG-222,regione,Piemonte,2021,7.3,Valori percentuali,Istat - Indagine Eu-Silc,"Benessere equo e sostenibile, aggiornamento intermedio 2026"
Sovraccarico del costo dell'abitazione,SDG-222,regione,Piemonte,2022,6.0,Valori percentuali,Istat - Indagine Eu-Silc,"Benessere equo e sostenibile, aggiornamento intermedio 2026"
Sovraccarico del costo dell'abitazione,SDG-222,regione,Piemonte,2023,5.9,Valori percentuali,Istat - Indagine Eu-Silc,"Benessere equo e sostenibile, aggiornamento intermedio 2026"
Sovraccarico del costo dell'abitazione,SDG-222,regione,Piemonte,2024,4.8,Valori percentuali,Istat - Indagine Eu-Silc,"Benessere equo e sostenibile, aggiornamento intermedio 2026"
Sovraccarico del costo dell'abitazione,SDG-222,regione,Piemonte,2025,5.2,Valori percentuali,Istat - Indagine Eu-Silc,"Benessere equo e sostenibile, aggiornamento intermedio 2026"
Sovraccarico del costo dell'abitazione,SDG-222,regione,Puglia,2004,11.1,Valori percentuali,Istat - Indagine Eu-Silc,"Benessere equo e sostenibile, aggiornamento intermedio 2026"
Sovraccarico del costo dell'abitazione,SDG-222,regione,Puglia,2005,11.5,Valori percentuali,Istat - Indagine Eu-Silc,"Benessere equo e sostenibile, aggiornamento intermedio 2026"
Sovraccarico del costo dell'abitazione,SDG-222,regione,Puglia,2006,10.9,Valori percentuali,Istat - Indagine Eu-Silc,"Benessere equo e sostenibile, aggiornamento intermedio 2026"
Sovraccarico del costo dell'abitazione,SDG-222,regione,Puglia,2007,6.1,Valori percentuali,Istat - Indagine Eu-Silc,"Benessere equo e sostenibile, aggiornamento intermedio 2026"
Sovraccarico del costo dell'abitazione,SDG-222,regione,Puglia,2008,7.8,Valori percentuali,Istat - Indagine Eu-Silc,"Benessere equo e sostenibile, aggiornamento intermedio 2026"
Sovraccarico del costo dell'abitazione,SDG-222,regione,Puglia,2009,8.4,Valori percentuali,Istat - Indagine Eu-Silc,"Benessere equo e sostenibile, aggiornamento intermedio 2026"
Sovraccarico del costo dell'abitazione,SDG-222,regione,Puglia,2010,7.0,Valori percentuali,Istat - Indagine Eu-Silc,"Benessere equo e sostenibile, aggiornamento intermedio 2026"
Sovraccarico del costo dell'abitazione,SDG-222,regione,Puglia,2011,6.0,Valori percentuali,Istat - Indagine Eu-Silc,"Benessere equo e sostenibile, aggiornamento intermedio 2026"
Sovraccarico del costo dell'abitazione,SDG-222,regione,Puglia,2012,8.0,Valori percentuali,Istat - Indagine Eu-Silc,"Benessere equo e sostenibile, aggiornamento intermedio 2026"
Sovraccarico del costo dell'abitazione,SDG-222,regione,Puglia,2013,5.3,Valori percentuali,Istat - Indagine Eu-Silc,"Benessere equo e sostenibile, aggiornamento intermedio 2026"
Sovraccarico del costo dell'abitazione,SDG-222,regione,Puglia,2014,4.8,Valori percentuali,Istat - Indagine Eu-Silc,"Benessere equo e sostenibile, aggiornamento intermedio 2026"
Sovraccarico del costo dell'abitazione,SDG-222,regione,Puglia,2015,9.3,Valori percentuali,Istat - Indagine Eu-Silc,"Benessere equo e sostenibile, aggiornamento intermedio 2026"
Sovraccarico del costo dell'abitazione,SDG-222,regione,Puglia,2016,6.9,Valori percentuali,Istat - Indagine Eu-Silc,"Benessere equo e sostenibile, aggiornamento intermedio 2026"
Sovraccarico del costo dell'abitazione,SDG-222,regione,Puglia,2017,5.4,Valori percentuali,Istat - Indagine Eu-Silc,"Benessere equo e sostenibile, aggiornamento intermedio 2026"
Sovraccarico del costo dell'abitazione,SDG-222,regione,Puglia,2018,6.4,Valori percentuali,Istat - Indagine Eu-Silc,"Benessere equo e sostenibile, aggiornamento intermedio 2026"
Sovraccarico del costo dell'abitazione,SDG-222,regione,Puglia,2019,8.3,Valori percentuali,Istat - Indagine Eu-Silc,"Benessere equo e sostenibile, aggiornamento intermedio 2026"
Sovraccarico del costo dell'abitazione,SDG-222,regione,Puglia,2020,9.1,Valori percentuali,Istat - Indagine Eu-Silc,"Benessere equo e sostenibile, aggiornamento intermedio 2026"
Sovraccarico del costo dell'abitazione,SDG-222,regione,Puglia,2021,8.7,Valori percentuali,Istat - Indagine Eu-Silc,"Benessere equo e sostenibile, aggiornamento intermedio 2026"
Sovraccarico del costo dell'abitazione,SDG-222,regione,Puglia,2022,3.5,Valori percentuali,Istat - Indagine Eu-Silc,"Benessere equo e sostenibile, aggiornamento intermedio 2026"
Sovraccarico del costo dell'abitazione,SDG-222,regione,Puglia,2023,4.8,Valori percentuali,Istat - Indagine Eu-Silc,"Benessere equo e sostenibile, aggiornamento intermedio 2026"
Sovraccarico del costo dell'abitazione,SDG-222,regione,Puglia,2024,4.5,Valori percentuali,Istat - Indagine Eu-Silc,"Benessere equo e sostenibile, aggiornamento intermedio 2026"
Sovraccarico del costo dell'abitazione,SDG-222,regione,Puglia,2025,4.6,Valori percentuali,Istat - Indagine Eu-Silc,"Benessere equo e sostenibile, aggiornamento intermedio 2026"
Sovraccarico del costo dell'abitazione,SDG-222,regione,Sardegna,2004,7.8,Valori percentuali,Istat - Indagine Eu-Silc,"Benessere equo e sostenibile, aggiornamento intermedio 2026"
Sovraccarico del costo dell'abitazione,SDG-222,regione,Sardegna,2005,9.3,Valori percentuali,Istat - Indagine Eu-Silc,"Benessere equo e sostenibile, aggiornamento intermedio 2026"
Sovraccarico del costo dell'abitazione,SDG-222,regione,Sardegna,2006,7.4,Valori percentuali,Istat - Indagine Eu-Silc,"Benessere equo e sostenibile, aggiornamento intermedio 2026"
Sovraccarico del costo dell'abitazione,SDG-222,regione,Sardegna,2007,4.2,Valori percentuali,Istat - Indagine Eu-Silc,"Benessere equo e sostenibile, aggiornamento intermedio 2026"
Sovraccarico del costo dell'abitazione,SDG-222,regione,Sardegna,2008,4.9,Valori percentuali,Istat - Indagine Eu-Silc,"Benessere equo e sostenibile, aggiornamento intermedio 2026"
Sovraccarico del costo dell'abitazione,SDG-222,regione,Sardegna,2009,4.2,Valori percentuali,Istat - Indagine Eu-Silc,"Benessere equo e sostenibile, aggiornamento intermedio 2026"
Sovraccarico del costo dell'abitazione,SDG-222,regione,Sardegna,2010,4.5,Valori percentuali,Istat - Indagine Eu-Silc,"Benessere equo e sostenibile, aggiornamento intermedio 2026"
Sovraccarico del costo dell'abitazione,SDG-222,regione,Sardegna,2011,7.7,Valori percentuali,Istat - Indagine Eu-Silc,"Benessere equo e sostenibile, aggiornamento intermedio 2026"
Sovraccarico del costo dell'abitazione,SDG-222,regione,Sardegna,2012,4.0,Valori percentuali,Istat - Indagine Eu-Silc,"Benessere equo e sostenibile, aggiornamento intermedio 2026"
Sovraccarico del costo dell'abitazione,SDG-222,regione,Sardegna,2013,6.3,Valori percentuali,Istat - Indagine Eu-Silc,"Benessere equo e sostenibile, aggiornamento intermedio 2026"
Sovraccarico del costo dell'abitazione,SDG-222,regione,Sardegna,2014,7.8,Valori percentuali,Istat - Indagine Eu-Silc,"Benessere equo e sostenibile, aggiornamento intermedio 2026"
Sovraccarico del costo dell'abitazione,SDG-222,regione,Sardegna,2015,8.9,Valori percentuali,Istat - Indagine Eu-Silc,"Benessere equo e sostenibile, aggiornamento intermedio 2026"
Sovraccarico del costo dell'abitazione,SDG-222,regione,Sardegna,2016,9.4,Valori percentuali,Istat - Indagine Eu-Silc,"Benessere equo e sostenibile, aggiornamento intermedio 2026"
Sovraccarico del costo dell'abitazione,SDG-222,regione,Sardegna,2017,10.5,Valori percentuali,Istat - Indagine Eu-Silc,"Benessere equo e sostenibile, aggiornamento intermedio 2026"
Sovraccarico del costo dell'abitazione,SDG-222,regione,Sardegna,2018,7.6,Valori percentuali,Istat - Indagine Eu-Silc,"Benessere equo e sostenibile, aggiornamento intermedio 2026"
Sovraccarico del costo dell'abitazione,SDG-222,regione,Sardegna,2019,9.1,Valori percentuali,Istat - Indagine Eu-Silc,"Benessere equo e sostenibile, aggiornamento intermedio 2026"
Sovraccarico del costo dell'abitazione,SDG-222,regione,Sardegna,2020,8.5,Valori percentuali,Istat - Indagine Eu-Silc,"Benessere equo e sostenibile, aggiornamento intermedio 2026"
Sovraccarico del costo dell'abitazione,SDG-222,regione,Sardegna,2023,4.2,Valori percentuali,Istat - Indagine Eu-Silc,"Benessere equo e sostenibile, aggiornamento intermedio 2026"
Sovraccarico del costo dell'abitazione,SDG-222,regione,Sicilia,2004,12.0,Valori percentuali,Istat - Indagine Eu-Silc,"Benessere equo e sostenibile, aggiornamento intermedio 2026"
Sovraccarico del costo dell'abitazione,SDG-222,regione,Sicilia,2005,14.3,Valori percentuali,Istat - Indagine Eu-Silc,"Benessere equo e sostenibile, aggiornamento intermedio 2026"
Sovraccarico del costo dell'abitazione,SDG-222,regione,Sicilia,2006,12.3,Valori percentuali,Istat - Indagine Eu-Silc,"Benessere equo e sostenibile, aggiornamento intermedio 2026"
Sovraccarico del costo dell'abitazione,SDG-222,regione,Sicilia,2007,9.6,Valori percentuali,Istat - Indagine Eu-Silc,"Benessere equo e sostenibile, aggiornamento intermedio 2026"
Sovraccarico del costo dell'abitazione,SDG-222,regione,Sicilia,2008,6.5,Valori percentuali,Istat - Indagine Eu-Silc,"Benessere equo e sostenibile, aggiornamento intermedio 2026"
Sovraccarico del costo dell'abitazione,SDG-222,regione,Sicilia,2009,7.4,Valori percentuali,Istat - Indagine Eu-Silc,"Benessere equo e sostenibile, aggiornamento intermedio 2026"
Sovraccarico del costo dell'abitazione,SDG-222,regione,Sicilia,2010,9.1,Valori percentuali,Istat - Indagine Eu-Silc,"Benessere equo e sostenibile, aggiornamento intermedio 2026"
Sovraccarico del costo dell'abitazione,SDG-222,regione,Sicilia,2011,11.3,Valori percentuali,Istat - Indagine Eu-Silc,"Benessere equo e sostenibile, aggiornamento intermedio 2026"
Sovraccarico del costo dell'abitazione,SDG-222,regione,Sicilia,2012,8.7,Valori percentuali,Istat - Indagine Eu-Silc,"Benessere equo e sostenibile, aggiornamento intermedio 2026"
Sovraccarico del costo dell'abitazione,SDG-222,regione,Sicilia,2013,11.6,Valori percentuali,Istat - Indagine Eu-Silc,"Benessere equo e sostenibile, aggiornamento intermedio 2026"
Sovraccarico del costo dell'abitazione,SDG-222,regione,Sicilia,2014,12.0,Valori percentuali,Istat - Indagine Eu-Silc,"Benessere equo e sostenibile, aggiornamento intermedio 2026"
Sovraccarico del costo dell'abitazione,SDG-222,regione,Sicilia,2015,11.3,Valori percentuali,Istat - Indagine Eu-Silc,"Benessere equo e sostenibile, aggiornamento intermedio 2026"
Sovraccarico del costo dell'abitazione,SDG-222,regione,Sicilia,2016,15.4,Valori percentuali,Istat - Indagine Eu-Silc,"Benessere equo e sostenibile, aggiornamento intermedio 2026"
Sovraccarico del costo dell'abitazione,SDG-222,regione,Sicilia,2017,11.7,Valori percentuali,Istat - Indagine Eu-Silc,"Benessere equo e sostenibile, aggiornamento intermedio 2026"
Sovraccarico del costo dell'abitazione,SDG-222,regione,Sicilia,2018,10.7,Valori percentuali,Istat - Indagine Eu-Silc,"Benessere equo e sostenibile, aggiornamento intermedio 2026"
Sovraccarico del costo dell'abitazione,SDG-222,regione,Sicilia,2019,16.7,Valori percentuali,Istat - Indagine Eu-Silc,"Benessere equo e sostenibile, aggiornamento intermedio 2026"
Sovraccarico del costo dell'abitazione,SDG-222,regione,Sicilia,2020,12.5,Valori percentuali,Istat - Indagine Eu-Silc,"Benessere equo e sostenibile, aggiornamento intermedio 2026"
Sovraccarico del costo dell'abitazione,SDG-222,regione,Sicilia,2021,9.5,Valori percentuali,Istat - Indagine Eu-Silc,"Benessere equo e sostenibile, aggiornamento intermedio 2026"
Sovraccarico del costo dell'abitazione,SDG-222,regione,Sicilia,2022,8.2,Valori percentuali,Istat - Indagine Eu-Silc,"Benessere equo e sostenibile, aggiornamento intermedio 2026"
Sovraccarico del costo dell'abitazione,SDG-222,regione,Sicilia,2023,5.1,Valori percentuali,Istat - Indagine Eu-Silc,"Benessere equo e sostenibile, aggiornamento intermedio 2026"
Sovraccarico del costo dell'abitazione,SDG-222,regione,Sicilia,2024,5.1,Valori percentuali,Istat - Indagine Eu-Silc,"Benessere equo e sostenibile, aggiornamento intermedio 2026"
Sovraccarico del costo dell'abitazione,SDG-222,regione,Sicilia,2025,6.2,Valori percentuali,Istat - Indagine Eu-Silc,"Benessere equo e sostenibile, aggiornamento intermedio 2026"
Sovraccarico del costo dell'abitazione,SDG-222,regione,Toscana,2004,10.9,Valori percentuali,Istat - Indagine Eu-Silc,"Benessere equo e sostenibile, aggiornamento intermedio 2026"
Sovraccarico del costo dell'abitazione,SDG-222,regione,Toscana,2005,12.1,Valori percentuali,Istat - Indagine Eu-Silc,"Benessere equo e sostenibile, aggiornamento intermedio 2026"
Sovraccarico del costo dell'abitazione,SDG-222,regione,Toscana,2006,11.8,Valori percentuali,Istat - Indagine Eu-Silc,"Benessere equo e sostenibile, aggiornamento intermedio 2026"
Sovraccarico del costo dell'abitazione,SDG-222,regione,Toscana,2007,7.0,Valori percentuali,Istat - Indagine Eu-Silc,"Benessere equo e sostenibile, aggiornamento intermedio 2026"
Sovraccarico del costo dell'abitazione,SDG-222,regione,Toscana,2008,7.6,Valori percentuali,Istat - Indagine Eu-Silc,"Benessere equo e sostenibile, aggiornamento intermedio 2026"
Sovraccarico del costo dell'abitazione,SDG-222,regione,Toscana,2009,6.2,Valori percentuali,Istat - Indagine Eu-Silc,"Benessere equo e sostenibile, aggiornamento intermedio 2026"
Sovraccarico del costo dell'abitazione,SDG-222,regione,Toscana,2010,6.1,Valori percentuali,Istat - Indagine Eu-Silc,"Benessere equo e sostenibile, aggiornamento intermedio 2026"
Sovraccarico del costo dell'abitazione,SDG-222,regione,Toscana,2011,8.3,Valori percentuali,Istat - Indagine Eu-Silc,"Benessere equo e sostenibile, aggiornamento intermedio 2026"
Sovraccarico del costo dell'abitazione,SDG-222,regione,Toscana,2012,7.6,Valori percentuali,Istat - Indagine Eu-Silc,"Benessere equo e sostenibile, aggiornamento intermedio 2026"
Sovraccarico del costo dell'abitazione,SDG-222,regione,Toscana,2013,10.6,Valori percentuali,Istat - Indagine Eu-Silc,"Benessere equo e sostenibile, aggiornamento intermedio 2026"
Sovraccarico del costo dell'abitazione,SDG-222,regione,Toscana,2014,8.3,Valori percentuali,Istat - Indagine Eu-Silc,"Benessere equo e sostenibile, aggiornamento intermedio 2026"
Sovraccarico del costo dell'abitazione,SDG-222,regione,Toscana,2015,6.8,Valori percentuali,Istat - Indagine Eu-Silc,"Benessere equo e sostenibile, aggiornamento intermedio 2026"
Sovraccarico del costo dell'abitazione,SDG-222,regione,Toscana,2016,7.0,Valori percentuali,Istat - Indagine Eu-Silc,"Benessere equo e sostenibile, aggiornamento intermedio 2026"
Sovraccarico del costo dell'abitazione,SDG-222,regione,Toscana,2017,7.0,Valori percentuali,Istat - Indagine Eu-Silc,"Benessere equo e sostenibile, aggiornamento intermedio 2026"
Sovraccarico del costo dell'abitazione,SDG-222,regione,Toscana,2018,6.1,Valori percentuali,Istat - Indagine Eu-Silc,"Benessere equo e sostenibile, aggiornamento intermedio 2026"
Sovraccarico del costo dell'abitazione,SDG-222,regione,Toscana,2019,5.3,Valori percentuali,Istat - Indagine Eu-Silc,"Benessere equo e sostenibile, aggiornamento intermedio 2026"
Sovraccarico del costo dell'abitazione,SDG-222,regione,Toscana,2020,6.8,Valori percentuali,Istat - Indagine Eu-Silc,"Benessere equo e sostenibile, aggiornamento intermedio 2026"
Sovraccarico del costo dell'abitazione,SDG-222,regione,Toscana,2021,7.7,Valori percentuali,Istat - Indagine Eu-Silc,"Benessere equo e sostenibile, aggiornamento intermedio 2026"
Sovraccarico del costo dell'abitazione,SDG-222,regione,Toscana,2022,5.6,Valori percentuali,Istat - Indagine Eu-Silc,"Benessere equo e sostenibile, aggiornamento intermedio 2026"
Sovraccarico del costo dell'abitazione,SDG-222,regione,Toscana,2023,4.1,Valori percentuali,Istat - Indagine Eu-Silc,"Benessere equo e sostenibile, aggiornamento intermedio 2026"
Sovraccarico del costo dell'abitazione,SDG-222,regione,Toscana,2024,4.4,Valori percentuali,Istat - Indagine Eu-Silc,"Benessere equo e sostenibile, aggiornamento intermedio 2026"
Sovraccarico del costo dell'abitazione,SDG-222,regione,Toscana,2025,5.6,Valori percentuali,Istat - Indagine Eu-Silc,"Benessere equo e sostenibile, aggiornamento intermedio 2026"
Sovraccarico del costo dell'abitazione,SDG-222,regione,Trentino Alto Adige,2004,11.5,Valori percentuali,Istat - Indagine Eu-Silc,"Benessere equo e sostenibile, aggiornamento intermedio 2026"
Sovraccarico del costo dell'abitazione,SDG-222,regione,Trentino Alto Adige,2005,11.6,Valori percentuali,Istat - Indagine Eu-Silc,"Benessere equo e sostenibile, aggiornamento intermedio 2026"
Sovraccarico del costo dell'abitazione,SDG-222,regione,Trentino Alto Adige,2006,11.9,Valori percentuali,Istat - Indagine Eu-Silc,"Benessere equo e sostenibile, aggiornamento intermedio 2026"
Sovraccarico del costo dell'abitazione,SDG-222,regione,Trentino Alto Adige,2007,4.9,Valori percentuali,Istat - Indagine Eu-Silc,"Benessere equo e sostenibile, aggiornamento intermedio 2026"
Sovraccarico del costo dell'abitazione,SDG-222,regione,Trentino Alto Adige,2008,5.3,Valori percentuali,Istat - Indagine Eu-Silc,"Benessere equo e sostenibile, aggiornamento intermedio 2026"
Sovraccarico del costo dell'abitazione,SDG-222,regione,Trentino Alto Adige,2009,6.0,Valori percentuali,Istat - Indagine Eu-Silc,"Benessere equo e sostenibile, aggiornamento intermedio 2026"
Sovraccarico del costo dell'abitazione,SDG-222,regione,Trentino Alto Adige,2010,5.9,Valori percentuali,Istat - Indagine Eu-Silc,"Benessere equo e sostenibile, aggiornamento intermedio 2026"
Sovraccarico del costo dell'abitazione,SDG-222,regione,Trentino Alto Adige,2011,5.5,Valori percentuali,Istat - Indagine Eu-Silc,"Benessere equo e sostenibile, aggiornamento intermedio 2026"
Sovraccarico del costo dell'abitazione,SDG-222,regione,Trentino Alto Adige,2012,5.4,Valori percentuali,Istat - Indagine Eu-Silc,"Benessere equo e sostenibile, aggiornamento intermedio 2026"
Sovraccarico del costo dell'abitazione,SDG-222,regione,Trentino Alto Adige,2013,3.8,Valori percentuali,Istat - Indagine Eu-Silc,"Benessere equo e sostenibile, aggiornamento intermedio 2026"
Sovraccarico del costo dell'abitazione,SDG-222,regione,Trentino Alto Adige,2014,4.5,Valori percentuali,Istat - Indagine Eu-Silc,"Benessere equo e sostenibile, aggiornamento intermedio 2026"
Sovraccarico del costo dell'abitazione,SDG-222,regione,Trentino Alto Adige,2015,6.7,Valori percentuali,Istat - Indagine Eu-Silc,"Benessere equo e sostenibile, aggiornamento intermedio 2026"
Sovraccarico del costo dell'abitazione,SDG-222,regione,Trentino Alto Adige,2016,8.2,Valori percentuali,Istat - Indagine Eu-Silc,"Benessere equo e sostenibile, aggiornamento intermedio 2026"
Sovraccarico del costo dell'abitazione,SDG-222,regione,Trentino Alto Adige,2017,5.7,Valori percentuali,Istat - Indagine Eu-Silc,"Benessere equo e sostenibile, aggiornamento intermedio 2026"
Sovraccarico del costo dell'abitazione,SDG-222,regione,Trentino Alto Adige,2018,5.8,Valori percentuali,Istat - Indagine Eu-Silc,"Benessere equo e sostenibile, aggiornamento intermedio 2026"
Sovraccarico del costo dell'abitazione,SDG-222,regione,Trentino Alto Adige,2019,6.1,Valori percentuali,Istat - Indagine Eu-Silc,"Benessere equo e sostenibile, aggiornamento intermedio 2026"
Sovraccarico del costo dell'abitazione,SDG-222,regione,Trentino Alto Adige,2020,7.3,Valori percentuali,Istat - Indagine Eu-Silc,"Benessere equo e sostenibile, aggiornamento intermedio 2026"
Sovraccarico del costo dell'abitazione,SDG-222,regione,Trentino Alto Adige,2021,8.2,Valori percentuali,Istat - Indagine Eu-Silc,"Benessere equo e sostenibile, aggiornamento intermedio 2026"
Sovraccarico del costo dell'abitazione,SDG-222,regione,Trentino Alto Adige,2022,7.5,Valori percentuali,Istat - Indagine Eu-Silc,"Benessere equo e sostenibile, aggiornamento intermedio 2026"
Sovraccarico del costo dell'abitazione,SDG-222,regione,Trentino Alto Adige,2023,5.0,Valori percentuali,Istat - Indagine Eu-Silc,"Benessere equo e sostenibile, aggiornamento intermedio 2026"
Sovraccarico del costo dell'abitazione,SDG-222,regione,Trentino Alto Adige,2024,2.5,Valori percentuali,Istat - Indagine Eu-Silc,"Benessere equo e sostenibile, aggiornamento intermedio 2026"
Sovraccarico del costo dell'abitazione,SDG-222,regione,Trentino Alto Adige,2025,3.0,Valori percentuali,Istat - Indagine Eu-Silc,"Benessere equo e sostenibile, aggiornamento intermedio 2026"
Sovraccarico del costo dell'abitazione,SDG-222,regione,Umbria,2004,8.4,Valori percentuali,Istat - Indagine Eu-Silc,"Benessere equo e sostenibile, aggiornamento intermedio 2026"
Sovraccarico del costo dell'abitazione,SDG-222,regione,Umbria,2005,10.9,Valori percentuali,Istat - Indagine Eu-Silc,"Benessere equo e sostenibile, aggiornamento intermedio 2026"
Sovraccarico del costo dell'abitazione,SDG-222,regione,Umbria,2006,10.7,Valori percentuali,Istat - Indagine Eu-Silc,"Benessere equo e sostenibile, aggiornamento intermedio 2026"
Sovraccarico del costo dell'abitazione,SDG-222,regione,Umbria,2007,6.5,Valori percentuali,Istat - Indagine Eu-Silc,"Benessere equo e sostenibile, aggiornamento intermedio 2026"
Sovraccarico del costo dell'abitazione,SDG-222,regione,Umbria,2008,6.0,Valori percentuali,Istat - Indagine Eu-Silc,"Benessere equo e sostenibile, aggiornamento intermedio 2026"
Sovraccarico del costo dell'abitazione,SDG-222,regione,Umbria,2009,4.7,Valori percentuali,Istat - Indagine Eu-Silc,"Benessere equo e sostenibile, aggiornamento intermedio 2026"
Sovraccarico del costo dell'abitazione,SDG-222,regione,Umbria,2010,5.2,Valori percentuali,Istat - Indagine Eu-Silc,"Benessere equo e sostenibile, aggiornamento intermedio 2026"
Sovraccarico del costo dell'abitazione,SDG-222,regione,Umbria,2011,7.1,Valori percentuali,Istat - Indagine Eu-Silc,"Benessere equo e sostenibile, aggiornamento intermedio 2026"
Sovraccarico del costo dell'abitazione,SDG-222,regione,Umbria,2012,6.5,Valori percentuali,Istat - Indagine Eu-Silc,"Benessere equo e sostenibile, aggiornamento intermedio 2026"
Sovraccarico del costo dell'abitazione,SDG-222,regione,Umbria,2013,8.8,Valori percentuali,Istat - Indagine Eu-Silc,"Benessere equo e sostenibile, aggiornamento intermedio 2026"
Sovraccarico del costo dell'abitazione,SDG-222,regione,Umbria,2014,9.0,Valori percentuali,Istat - Indagine Eu-Silc,"Benessere equo e sostenibile, aggiornamento intermedio 2026"
Sovraccarico del costo dell'abitazione,SDG-222,regione,Umbria,2015,9.0,Valori percentuali,Istat - Indagine Eu-Silc,"Benessere equo e sostenibile, aggiornamento intermedio 2026"
Sovraccarico del costo dell'abitazione,SDG-222,regione,Umbria,2016,7.4,Valori percentuali,Istat - Indagine Eu-Silc,"Benessere equo e sostenibile, aggiornamento intermedio 2026"
Sovraccarico del costo dell'abitazione,SDG-222,regione,Umbria,2017,4.6,Valori percentuali,Istat - Indagine Eu-Silc,"Benessere equo e sostenibile, aggiornamento intermedio 2026"
Sovraccarico del costo dell'abitazione,SDG-222,regione,Umbria,2018,4.5,Valori percentuali,Istat - Indagine Eu-Silc,"Benessere equo e sostenibile, aggiornamento intermedio 2026"
Sovraccarico del costo dell'abitazione,SDG-222,regione,Umbria,2019,4.2,Valori percentuali,Istat - Indagine Eu-Silc,"Benessere equo e sostenibile, aggiornamento intermedio 2026"
Sovraccarico del costo dell'abitazione,SDG-222,regione,Umbria,2020,5.5,Valori percentuali,Istat - Indagine Eu-Silc,"Benessere equo e sostenibile, aggiornamento intermedio 2026"
Sovraccarico del costo dell'abitazione,SDG-222,regione,Umbria,2021,4.5,Valori percentuali,Istat - Indagine Eu-Silc,"Benessere equo e sostenibile, aggiornamento intermedio 2026"
Sovraccarico del costo dell'abitazione,SDG-222,regione,Umbria,2022,3.2,Valori percentuali,Istat - Indagine Eu-Silc,"Benessere equo e sostenibile, aggiornamento intermedio 2026"
Sovraccarico del costo dell'abitazione,SDG-222,regione,Valle d'Aosta,2004,9.7,Valori percentuali,Istat - Indagine Eu-Silc,"Benessere equo e sostenibile, aggiornamento intermedio 2026"
Sovraccarico del costo dell'abitazione,SDG-222,regione,Valle d'Aosta,2005,8.9,Valori percentuali,Istat - Indagine Eu-Silc,"Benessere equo e sostenibile, aggiornamento intermedio 2026"
Sovraccarico del costo dell'abitazione,SDG-222,regione,Valle d'Aosta,2006,9.5,Valori percentuali,Istat - Indagine Eu-Silc,"Benessere equo e sostenibile, aggiornamento intermedio 2026"
Sovraccarico del costo dell'abitazione,SDG-222,regione,Valle d'Aosta,2008,6.9,Valori percentuali,Istat - Indagine Eu-Silc,"Benessere equo e sostenibile, aggiornamento intermedio 2026"
Sovraccarico del costo dell'abitazione,SDG-222,regione,Valle d'Aosta,2016,7.6,Valori percentuali,Istat - Indagine Eu-Silc,"Benessere equo e sostenibile, aggiornamento intermedio 2026"
Sovraccarico del costo dell'abitazione,SDG-222,regione,Valle d'Aosta,2019,5.0,Valori percentuali,Istat - Indagine Eu-Silc,"Benessere equo e sostenibile, aggiornamento intermedio 2026"
Sovraccarico del costo dell'abitazione,SDG-222,regione,Veneto,2004,12.3,Valori percentuali,Istat - Indagine Eu-Silc,"Benessere equo e sostenibile, aggiornamento intermedio 2026"
Sovraccarico del costo dell'abitazione,SDG-222,regione,Veneto,2005,11.3,Valori percentuali,Istat - Indagine Eu-Silc,"Benessere equo e sostenibile, aggiornamento intermedio 2026"
Sovraccarico del costo dell'abitazione,SDG-222,regione,Veneto,2006,12.4,Valori percentuali,Istat - Indagine Eu-Silc,"Benessere equo e sostenibile, aggiornamento intermedio 2026"
Sovraccarico del costo dell'abitazione,SDG-222,regione,Veneto,2007,7.9,Valori percentuali,Istat - Indagine Eu-Silc,"Benessere equo e sostenibile, aggiornamento intermedio 2026"
Sovraccarico del costo dell'abitazione,SDG-222,regione,Veneto,2008,8.0,Valori percentuali,Istat - Indagine Eu-Silc,"Benessere equo e sostenibile, aggiornamento intermedio 2026"
Sovraccarico del costo dell'abitazione,SDG-222,regione,Veneto,2009,7.7,Valori percentuali,Istat - Indagine Eu-Silc,"Benessere equo e sostenibile, aggiornamento intermedio 2026"
Sovraccarico del costo dell'abitazione,SDG-222,regione,Veneto,2010,6.6,Valori percentuali,Istat - Indagine Eu-Silc,"Benessere equo e sostenibile, aggiornamento intermedio 2026"
Sovraccarico del costo dell'abitazione,SDG-222,regione,Veneto,2011,5.2,Valori percentuali,Istat - Indagine Eu-Silc,"Benessere equo e sostenibile, aggiornamento intermedio 2026"
Sovraccarico del costo dell'abitazione,SDG-222,regione,Veneto,2012,7.0,Valori percentuali,Istat - Indagine Eu-Silc,"Benessere equo e sostenibile, aggiornamento intermedio 2026"
Sovraccarico del costo dell'abitazione,SDG-222,regione,Veneto,2013,5.0,Valori percentuali,Istat - Indagine Eu-Silc,"Benessere equo e sostenibile, aggiornamento intermedio 2026"
Sovraccarico del costo dell'abitazione,SDG-222,regione,Veneto,2014,5.8,Valori percentuali,Istat - Indagine Eu-Silc,"Benessere equo e sostenibile, aggiornamento intermedio 2026"
Sovraccarico del costo dell'abitazione,SDG-222,regione,Veneto,2015,4.5,Valori percentuali,Istat - Indagine Eu-Silc,"Benessere equo e sostenibile, aggiornamento intermedio 2026"
Sovraccarico del costo dell'abitazione,SDG-222,regione,Veneto,2016,6.6,Valori percentuali,Istat - Indagine Eu-Silc,"Benessere equo e sostenibile, aggiornamento intermedio 2026"
Sovraccarico del costo dell'abitazione,SDG-222,regione,Veneto,2017,5.2,Valori percentuali,Istat - Indagine Eu-Silc,"Benessere equo e sostenibile, aggiornamento intermedio 2026"
Sovraccarico del costo dell'abitazione,SDG-222,regione,Veneto,2018,6.5,Valori percentuali,Istat - Indagine Eu-Silc,"Benessere equo e sostenibile, aggiornamento intermedio 2026"
Sovraccarico del costo dell'abitazione,SDG-222,regione,Veneto,2019,3.7,Valori percentuali,Istat - Indagine Eu-Silc,"Benessere equo e sostenibile, aggiornamento intermedio 2026"
Sovraccarico del costo dell'abitazione,SDG-222,regione,Veneto,2020,4.6,Valori percentuali,Istat - Indagine Eu-Silc,"Benessere equo e sostenibile, aggiornamento intermedio 2026"
Sovraccarico del costo dell'abitazione,SDG-222,regione,Veneto,2021,5.7,Valori percentuali,Istat - Indagine Eu-Silc,"Benessere equo e sostenibile, aggiornamento intermedio 2026"
Sovraccarico del costo dell'abitazione,SDG-222,regione,Veneto,2022,4.2,Valori percentuali,Istat - Indagine Eu-Silc,"Benessere equo e sostenibile, aggiornamento intermedio 2026"
Sovraccarico del costo dell'abitazione,SDG-222,regione,Veneto,2023,4.8,Valori percentuali,Istat - Indagine Eu-Silc,"Benessere equo e sostenibile, aggiornamento intermedio 2026"
Sovraccarico del costo dell'abitazione,SDG-222,regione,Veneto,2024,3.8,Valori percentuali,Istat - Indagine Eu-Silc,"Benessere equo e sostenibile, aggiornamento intermedio 2026"
Sovraccarico del costo dell'abitazione,SDG-222,regione,Veneto,2025,3.5,Valori percentuali,Istat - Indagine Eu-Silc,"Benessere equo e sostenibile, aggiornamento intermedio 2026"
"Sovraccarico del costo dell'abitazione, Italia e ripartizioni",bes_areas_SDG-222,ripartizione,Centro,2004,12.6,Valori percentuali,Istat,"Benessere equo e sostenibile, aggiornamento intermedio 2026, valori ufficiali per ripartizione"
"Sovraccarico del costo dell'abitazione, Italia e ripartizioni",bes_areas_SDG-222,ripartizione,Centro,2005,13.0,Valori percentuali,Istat,"Benessere equo e sostenibile, aggiornamento intermedio 2026, valori ufficiali per ripartizione"
"Sovraccarico del costo dell'abitazione, Italia e ripartizioni",bes_areas_SDG-222,ripartizione,Centro,2006,12.4,Valori percentuali,Istat,"Benessere equo e sostenibile, aggiornamento intermedio 2026, valori ufficiali per ripartizione"
"Sovraccarico del costo dell'abitazione, Italia e ripartizioni",bes_areas_SDG-222,ripartizione,Centro,2007,6.8,Valori percentuali,Istat,"Benessere equo e sostenibile, aggiornamento intermedio 2026, valori ufficiali per ripartizione"
"Sovraccarico del costo dell'abitazione, Italia e ripartizioni",bes_areas_SDG-222,ripartizione,Centro,2008,7.6,Valori percentuali,Istat,"Benessere equo e sostenibile, aggiornamento intermedio 2026, valori ufficiali per ripartizione"
"Sovraccarico del costo dell'abitazione, Italia e ripartizioni",bes_areas_SDG-222,ripartizione,Centro,2009,6.5,Valori percentuali,Istat,"Benessere equo e sostenibile, aggiornamento intermedio 2026, valori ufficiali per ripartizione"
"Sovraccarico del costo dell'abitazione, Italia e ripartizioni",bes_areas_SDG-222,ripartizione,Centro,2010,7.2,Valori percentuali,Istat,"Benessere equo e sostenibile, aggiornamento intermedio 2026, valori ufficiali per ripartizione"
"Sovraccarico del costo dell'abitazione, Italia e ripartizioni",bes_areas_SDG-222,ripartizione,Centro,2011,8.6,Valori percentuali,Istat,"Benessere equo e sostenibile, aggiornamento intermedio 2026, valori ufficiali per ripartizione"
"Sovraccarico del costo dell'abitazione, Italia e ripartizioni",bes_areas_SDG-222,ripartizione,Centro,2012,8.1,Valori percentuali,Istat,"Benessere equo e sostenibile, aggiornamento intermedio 2026, valori ufficiali per ripartizione"
"Sovraccarico del costo dell'abitazione, Italia e ripartizioni",bes_areas_SDG-222,ripartizione,Centro,2013,9.6,Valori percentuali,Istat,"Benessere equo e sostenibile, aggiornamento intermedio 2026, valori ufficiali per ripartizione"
"Sovraccarico del costo dell'abitazione, Italia e ripartizioni",bes_areas_SDG-222,ripartizione,Centro,2014,9.0,Valori percentuali,Istat,"Benessere equo e sostenibile, aggiornamento intermedio 2026, valori ufficiali per ripartizione"
"Sovraccarico del costo dell'abitazione, Italia e ripartizioni",bes_areas_SDG-222,ripartizione,Centro,2015,9.6,Valori percentuali,Istat,"Benessere equo e sostenibile, aggiornamento intermedio 2026, valori ufficiali per ripartizione"
"Sovraccarico del costo dell'abitazione, Italia e ripartizioni",bes_areas_SDG-222,ripartizione,Centro,2016,10.0,Valori percentuali,Istat,"Benessere equo e sostenibile, aggiornamento intermedio 2026, valori ufficiali per ripartizione"
"Sovraccarico del costo dell'abitazione, Italia e ripartizioni",bes_areas_SDG-222,ripartizione,Centro,2017,7.7,Valori percentuali,Istat,"Benessere equo e sostenibile, aggiornamento intermedio 2026, valori ufficiali per ripartizione"
"Sovraccarico del costo dell'abitazione, Italia e ripartizioni",bes_areas_SDG-222,ripartizione,Centro,2018,8.0,Valori percentuali,Istat,"Benessere equo e sostenibile, aggiornamento intermedio 2026, valori ufficiali per ripartizione"
"Sovraccarico del costo dell'abitazione, Italia e ripartizioni",bes_areas_SDG-222,ripartizione,Centro,2019,6.8,Valori percentuali,Istat,"Benessere equo e sostenibile, aggiornamento intermedio 2026, valori ufficiali per ripartizione"
"Sovraccarico del costo dell'abitazione, Italia e ripartizioni",bes_areas_SDG-222,ripartizione,Centro,2020,6.4,Valori percentuali,Istat,"Benessere equo e sostenibile, aggiornamento intermedio 2026, valori ufficiali per ripartizione"
"Sovraccarico del costo dell'abitazione, Italia e ripartizioni",bes_areas_SDG-222,ripartizione,Centro,2021,6.4,Valori percentuali,Istat,"Benessere equo e sostenibile, aggiornamento intermedio 2026, valori ufficiali per ripartizione"
"Sovraccarico del costo dell'abitazione, Italia e ripartizioni",bes_areas_SDG-222,ripartizione,Centro,2022,6.5,Valori percentuali,Istat,"Benessere equo e sostenibile, aggiornamento intermedio 2026, valori ufficiali per ripartizione"
"Sovraccarico del costo dell'abitazione, Italia e ripartizioni",bes_areas_SDG-222,ripartizione,Centro,2023,5.8,Valori percentuali,Istat,"Benessere equo e sostenibile, aggiornamento intermedio 2026, valori ufficiali per ripartizione"
"Sovraccarico del costo dell'abitazione, Italia e ripartizioni",bes_areas_SDG-222,ripartizione,Centro,2024,6.0,Valori percentuali,Istat,"Benessere equo e sostenibile, aggiornamento intermedio 2026, valori ufficiali per ripartizione"
"Sovraccarico del costo dell'abitazione, Italia e ripartizioni",bes_areas_SDG-222,ripartizione,Centro,2025,5.3,Valori percentuali,Istat,"Benessere equo e sostenibile, aggiornamento intermedio 2026, valori ufficiali per ripartizione"
"Sovraccarico del costo dell'abitazione, Italia e ripartizioni",bes_areas_SDG-222,ripartizione,Italia,2004,12.2,Valori percentuali,Istat,"Benessere equo e sostenibile, aggiornamento intermedio 2026, valori ufficiali per ripartizione"
"Sovraccarico del costo dell'abitazione, Italia e ripartizioni",bes_areas_SDG-222,ripartizione,Italia,2005,12.6,Valori percentuali,Istat,"Benessere equo e sostenibile, aggiornamento intermedio 2026, valori ufficiali per ripartizione"
"Sovraccarico del costo dell'abitazione, Italia e ripartizioni",bes_areas_SDG-222,ripartizione,Italia,2006,12.3,Valori percentuali,Istat,"Benessere equo e sostenibile, aggiornamento intermedio 2026, valori ufficiali per ripartizione"
"Sovraccarico del costo dell'abitazione, Italia e ripartizioni",bes_areas_SDG-222,ripartizione,Italia,2007,7.5,Valori percentuali,Istat,"Benessere equo e sostenibile, aggiornamento intermedio 2026, valori ufficiali per ripartizione"
"Sovraccarico del costo dell'abitazione, Italia e ripartizioni",bes_areas_SDG-222,ripartizione,Italia,2008,8.3,Valori percentuali,Istat,"Benessere equo e sostenibile, aggiornamento intermedio 2026, valori ufficiali per ripartizione"
"Sovraccarico del costo dell'abitazione, Italia e ripartizioni",bes_areas_SDG-222,ripartizione,Italia,2009,7.8,Valori percentuali,Istat,"Benessere equo e sostenibile, aggiornamento intermedio 2026, valori ufficiali per ripartizione"
"Sovraccarico del costo dell'abitazione, Italia e ripartizioni",bes_areas_SDG-222,ripartizione,Italia,2010,7.7,Valori percentuali,Istat,"Benessere equo e sostenibile, aggiornamento intermedio 2026, valori ufficiali per ripartizione"
"Sovraccarico del costo dell'abitazione, Italia e ripartizioni",bes_areas_SDG-222,ripartizione,Italia,2011,8.7,Valori percentuali,Istat,"Benessere equo e sostenibile, aggiornamento intermedio 2026, valori ufficiali per ripartizione"
"Sovraccarico del costo dell'abitazione, Italia e ripartizioni",bes_areas_SDG-222,ripartizione,Italia,2012,8.1,Valori percentuali,Istat,"Benessere equo e sostenibile, aggiornamento intermedio 2026, valori ufficiali per ripartizione"
"Sovraccarico del costo dell'abitazione, Italia e ripartizioni",bes_areas_SDG-222,ripartizione,Italia,2013,8.9,Valori percentuali,Istat,"Benessere equo e sostenibile, aggiornamento intermedio 2026, valori ufficiali per ripartizione"
"Sovraccarico del costo dell'abitazione, Italia e ripartizioni",bes_areas_SDG-222,ripartizione,Italia,2014,8.5,Valori percentuali,Istat,"Benessere equo e sostenibile, aggiornamento intermedio 2026, valori ufficiali per ripartizione"
"Sovraccarico del costo dell'abitazione, Italia e ripartizioni",bes_areas_SDG-222,ripartizione,Italia,2015,8.6,Valori percentuali,Istat,"Benessere equo e sostenibile, aggiornamento intermedio 2026, valori ufficiali per ripartizione"
"Sovraccarico del costo dell'abitazione, Italia e ripartizioni",bes_areas_SDG-222,ripartizione,Italia,2016,9.6,Valori percentuali,Istat,"Benessere equo e sostenibile, aggiornamento intermedio 2026, valori ufficiali per ripartizione"
"Sovraccarico del costo dell'abitazione, Italia e ripartizioni",bes_areas_SDG-222,ripartizione,Italia,2017,8.2,Valori percentuali,Istat,"Benessere equo e sostenibile, aggiornamento intermedio 2026, valori ufficiali per ripartizione"
"Sovraccarico del costo dell'abitazione, Italia e ripartizioni",bes_areas_SDG-222,ripartizione,Italia,2018,8.2,Valori percentuali,Istat,"Benessere equo e sostenibile, aggiornamento intermedio 2026, valori ufficiali per ripartizione"
"Sovraccarico del costo dell'abitazione, Italia e ripartizioni",bes_areas_SDG-222,ripartizione,Italia,2019,8.7,Valori percentuali,Istat,"Benessere equo e sostenibile, aggiornamento intermedio 2026, valori ufficiali per ripartizione"
"Sovraccarico del costo dell'abitazione, Italia e ripartizioni",bes_areas_SDG-222,ripartizione,Italia,2020,7.2,Valori percentuali,Istat,"Benessere equo e sostenibile, aggiornamento intermedio 2026, valori ufficiali per ripartizione"
"Sovraccarico del costo dell'abitazione, Italia e ripartizioni",bes_areas_SDG-222,ripartizione,Italia,2021,7.2,Valori percentuali,Istat,"Benessere equo e sostenibile, aggiornamento intermedio 2026, valori ufficiali per ripartizione"
"Sovraccarico del costo dell'abitazione, Italia e ripartizioni",bes_areas_SDG-222,ripartizione,Italia,2022,6.6,Valori percentuali,Istat,"Benessere equo e sostenibile, aggiornamento intermedio 2026, valori ufficiali per ripartizione"
"Sovraccarico del costo dell'abitazione, Italia e ripartizioni",bes_areas_SDG-222,ripartizione,Italia,2023,5.7,Valori percentuali,Istat,"Benessere equo e sostenibile, aggiornamento intermedio 2026, valori ufficiali per ripartizione"
"Sovraccarico del costo dell'abitazione, Italia e ripartizioni",bes_areas_SDG-222,ripartizione,Italia,2024,5.1,Valori percentuali,Istat,"Benessere equo e sostenibile, aggiornamento intermedio 2026, valori ufficiali per ripartizione"
"Sovraccarico del costo dell'abitazione, Italia e ripartizioni",bes_areas_SDG-222,ripartizione,Italia,2025,5.0,Valori percentuali,Istat,"Benessere equo e sostenibile, aggiornamento intermedio 2026, valori ufficiali per ripartizione"
"Sovraccarico del costo dell'abitazione, Italia e ripartizioni",bes_areas_SDG-222,ripartizione,Mezzogiorno,2004,12.1,Valori percentuali,Istat,"Benessere equo e sostenibile, aggiornamento intermedio 2026, valori ufficiali per ripartizione"
"Sovraccarico del costo dell'abitazione, Italia e ripartizioni",bes_areas_SDG-222,ripartizione,Mezzogiorno,2005,13.3,Valori percentuali,Istat,"Benessere equo e sostenibile, aggiornamento intermedio 2026, valori ufficiali per ripartizione"
"Sovraccarico del costo dell'abitazione, Italia e ripartizioni",bes_areas_SDG-222,ripartizione,Mezzogiorno,2006,12.3,Valori percentuali,Istat,"Benessere equo e sostenibile, aggiornamento intermedio 2026, valori ufficiali per ripartizione"
"Sovraccarico del costo dell'abitazione, Italia e ripartizioni",bes_areas_SDG-222,ripartizione,Mezzogiorno,2007,7.6,Valori percentuali,Istat,"Benessere equo e sostenibile, aggiornamento intermedio 2026, valori ufficiali per ripartizione"
"Sovraccarico del costo dell'abitazione, Italia e ripartizioni",bes_areas_SDG-222,ripartizione,Mezzogiorno,2008,7.9,Valori percentuali,Istat,"Benessere equo e sostenibile, aggiornamento intermedio 2026, valori ufficiali per ripartizione"
"Sovraccarico del costo dell'abitazione, Italia e ripartizioni",bes_areas_SDG-222,ripartizione,Mezzogiorno,2009,7.8,Valori percentuali,Istat,"Benessere equo e sostenibile, aggiornamento intermedio 2026, valori ufficiali per ripartizione"
"Sovraccarico del costo dell'abitazione, Italia e ripartizioni",bes_areas_SDG-222,ripartizione,Mezzogiorno,2010,8.2,Valori percentuali,Istat,"Benessere equo e sostenibile, aggiornamento intermedio 2026, valori ufficiali per ripartizione"
"Sovraccarico del costo dell'abitazione, Italia e ripartizioni",bes_areas_SDG-222,ripartizione,Mezzogiorno,2011,10.4,Valori percentuali,Istat,"Benessere equo e sostenibile, aggiornamento intermedio 2026, valori ufficiali per ripartizione"
"Sovraccarico del costo dell'abitazione, Italia e ripartizioni",bes_areas_SDG-222,ripartizione,Mezzogiorno,2012,9.3,Valori percentuali,Istat,"Benessere equo e sostenibile, aggiornamento intermedio 2026, valori ufficiali per ripartizione"
"Sovraccarico del costo dell'abitazione, Italia e ripartizioni",bes_areas_SDG-222,ripartizione,Mezzogiorno,2013,9.7,Valori percentuali,Istat,"Benessere equo e sostenibile, aggiornamento intermedio 2026, valori ufficiali per ripartizione"
"Sovraccarico del costo dell'abitazione, Italia e ripartizioni",bes_areas_SDG-222,ripartizione,Mezzogiorno,2014,9.4,Valori percentuali,Istat,"Benessere equo e sostenibile, aggiornamento intermedio 2026, valori ufficiali per ripartizione"
"Sovraccarico del costo dell'abitazione, Italia e ripartizioni",bes_areas_SDG-222,ripartizione,Mezzogiorno,2015,9.5,Valori percentuali,Istat,"Benessere equo e sostenibile, aggiornamento intermedio 2026, valori ufficiali per ripartizione"
"Sovraccarico del costo dell'abitazione, Italia e ripartizioni",bes_areas_SDG-222,ripartizione,Mezzogiorno,2016,11.3,Valori percentuali,Istat,"Benessere equo e sostenibile, aggiornamento intermedio 2026, valori ufficiali per ripartizione"
"Sovraccarico del costo dell'abitazione, Italia e ripartizioni",bes_areas_SDG-222,ripartizione,Mezzogiorno,2017,10.2,Valori percentuali,Istat,"Benessere equo e sostenibile, aggiornamento intermedio 2026, valori ufficiali per ripartizione"
"Sovraccarico del costo dell'abitazione, Italia e ripartizioni",bes_areas_SDG-222,ripartizione,Mezzogiorno,2018,10.2,Valori percentuali,Istat,"Benessere equo e sostenibile, aggiornamento intermedio 2026, valori ufficiali per ripartizione"
"Sovraccarico del costo dell'abitazione, Italia e ripartizioni",bes_areas_SDG-222,ripartizione,Mezzogiorno,2019,11.7,Valori percentuali,Istat,"Benessere equo e sostenibile, aggiornamento intermedio 2026, valori ufficiali per ripartizione"
"Sovraccarico del costo dell'abitazione, Italia e ripartizioni",bes_areas_SDG-222,ripartizione,Mezzogiorno,2020,9.5,Valori percentuali,Istat,"Benessere equo e sostenibile, aggiornamento intermedio 2026, valori ufficiali per ripartizione"
"Sovraccarico del costo dell'abitazione, Italia e ripartizioni",bes_areas_SDG-222,ripartizione,Mezzogiorno,2021,8.6,Valori percentuali,Istat,"Benessere equo e sostenibile, aggiornamento intermedio 2026, valori ufficiali per ripartizione"
"Sovraccarico del costo dell'abitazione, Italia e ripartizioni",bes_areas_SDG-222,ripartizione,Mezzogiorno,2022,7.0,Valori percentuali,Istat,"Benessere equo e sostenibile, aggiornamento intermedio 2026, valori ufficiali per ripartizione"
"Sovraccarico del costo dell'abitazione, Italia e ripartizioni",bes_areas_SDG-222,ripartizione,Mezzogiorno,2023,5.9,Valori percentuali,Istat,"Benessere equo e sostenibile, aggiornamento intermedio 2026, valori ufficiali per ripartizione"
"Sovraccarico del costo dell'abitazione, Italia e ripartizioni",bes_areas_SDG-222,ripartizione,Mezzogiorno,2024,5.8,Valori percentuali,Istat,"Benessere equo e sostenibile, aggiornamento intermedio 2026, valori ufficiali per ripartizione"
"Sovraccarico del costo dell'abitazione, Italia e ripartizioni",bes_areas_SDG-222,ripartizione,Mezzogiorno,2025,6.1,Valori percentuali,Istat,"Benessere equo e sostenibile, aggiornamento intermedio 2026, valori ufficiali per ripartizione"
"Sovraccarico del costo dell'abitazione, Italia e ripartizioni",bes_areas_SDG-222,ripartizione,Nord,2004,12.2,Valori percentuali,Istat,"Benessere equo e sostenibile, aggiornamento intermedio 2026, valori ufficiali per ripartizione"
"Sovraccarico del costo dell'abitazione, Italia e ripartizioni",bes_areas_SDG-222,ripartizione,Nord,2005,11.8,Valori percentuali,Istat,"Benessere equo e sostenibile, aggiornamento intermedio 2026, valori ufficiali per ripartizione"
"Sovraccarico del costo dell'abitazione, Italia e ripartizioni",bes_areas_SDG-222,ripartizione,Nord,2006,12.2,Valori percentuali,Istat,"Benessere equo e sostenibile, aggiornamento intermedio 2026, valori ufficiali per ripartizione"
"Sovraccarico del costo dell'abitazione, Italia e ripartizioni",bes_areas_SDG-222,ripartizione,Nord,2007,7.7,Valori percentuali,Istat,"Benessere equo e sostenibile, aggiornamento intermedio 2026, valori ufficiali per ripartizione"
"Sovraccarico del costo dell'abitazione, Italia e ripartizioni",bes_areas_SDG-222,ripartizione,Nord,2008,8.9,Valori percentuali,Istat,"Benessere equo e sostenibile, aggiornamento intermedio 2026, valori ufficiali per ripartizione"
"Sovraccarico del costo dell'abitazione, Italia e ripartizioni",bes_areas_SDG-222,ripartizione,Nord,2009,8.3,Valori percentuali,Istat,"Benessere equo e sostenibile, aggiornamento intermedio 2026, valori ufficiali per ripartizione"
"Sovraccarico del costo dell'abitazione, Italia e ripartizioni",bes_areas_SDG-222,ripartizione,Nord,2010,7.5,Valori percentuali,Istat,"Benessere equo e sostenibile, aggiornamento intermedio 2026, valori ufficiali per ripartizione"
"Sovraccarico del costo dell'abitazione, Italia e ripartizioni",bes_areas_SDG-222,ripartizione,Nord,2011,7.4,Valori percentuali,Istat,"Benessere equo e sostenibile, aggiornamento intermedio 2026, valori ufficiali per ripartizione"
"Sovraccarico del costo dell'abitazione, Italia e ripartizioni",bes_areas_SDG-222,ripartizione,Nord,2012,7.3,Valori percentuali,Istat,"Benessere equo e sostenibile, aggiornamento intermedio 2026, valori ufficiali per ripartizione"
"Sovraccarico del costo dell'abitazione, Italia e ripartizioni",bes_areas_SDG-222,ripartizione,Nord,2013,8.0,Valori percentuali,Istat,"Benessere equo e sostenibile, aggiornamento intermedio 2026, valori ufficiali per ripartizione"
"Sovraccarico del costo dell'abitazione, Italia e ripartizioni",bes_areas_SDG-222,ripartizione,Nord,2014,7.6,Valori percentuali,Istat,"Benessere equo e sostenibile, aggiornamento intermedio 2026, valori ufficiali per ripartizione"
"Sovraccarico del costo dell'abitazione, Italia e ripartizioni",bes_areas_SDG-222,ripartizione,Nord,2015,7.5,Valori percentuali,Istat,"Benessere equo e sostenibile, aggiornamento intermedio 2026, valori ufficiali per ripartizione"
"Sovraccarico del costo dell'abitazione, Italia e ripartizioni",bes_areas_SDG-222,ripartizione,Nord,2016,8.1,Valori percentuali,Istat,"Benessere equo e sostenibile, aggiornamento intermedio 2026, valori ufficiali per ripartizione"
"Sovraccarico del costo dell'abitazione, Italia e ripartizioni",bes_areas_SDG-222,ripartizione,Nord,2017,6.9,Valori percentuali,Istat,"Benessere equo e sostenibile, aggiornamento intermedio 2026, valori ufficiali per ripartizione"
"Sovraccarico del costo dell'abitazione, Italia e ripartizioni",bes_areas_SDG-222,ripartizione,Nord,2018,6.8,Valori percentuali,Istat,"Benessere equo e sostenibile, aggiornamento intermedio 2026, valori ufficiali per ripartizione"
"Sovraccarico del costo dell'abitazione, Italia e ripartizioni",bes_areas_SDG-222,ripartizione,Nord,2019,7.2,Valori percentuali,Istat,"Benessere equo e sostenibile, aggiornamento intermedio 2026, valori ufficiali per ripartizione"
"Sovraccarico del costo dell'abitazione, Italia e ripartizioni",bes_areas_SDG-222,ripartizione,Nord,2020,5.9,Valori percentuali,Istat,"Benessere equo e sostenibile, aggiornamento intermedio 2026, valori ufficiali per ripartizione"
"Sovraccarico del costo dell'abitazione, Italia e ripartizioni",bes_areas_SDG-222,ripartizione,Nord,2021,6.6,Valori percentuali,Istat,"Benessere equo e sostenibile, aggiornamento intermedio 2026, valori ufficiali per ripartizione"
"Sovraccarico del costo dell'abitazione, Italia e ripartizioni",bes_areas_SDG-222,ripartizione,Nord,2022,6.4,Valori percentuali,Istat,"Benessere equo e sostenibile, aggiornamento intermedio 2026, valori ufficiali per ripartizione"
"Sovraccarico del costo dell'abitazione, Italia e ripartizioni",bes_areas_SDG-222,ripartizione,Nord,2023,5.5,Valori percentuali,Istat,"Benessere equo e sostenibile, aggiornamento intermedio 2026, valori ufficiali per ripartizione"
"Sovraccarico del costo dell'abitazione, Italia e ripartizioni",bes_areas_SDG-222,ripartizione,Nord,2024,4.1,Valori percentuali,Istat,"Benessere equo e sostenibile, aggiornamento intermedio 2026, valori ufficiali per ripartizione"
"Sovraccarico del costo dell'abitazione, Italia e ripartizioni",bes_areas_SDG-222,ripartizione,Nord,2025,4.1,Valori percentuali,Istat,"Benessere equo e sostenibile, aggiornamento intermedio 2026, valori ufficiali per ripartizione"
Famiglie in affitto,MULTI_ABIT_AFFITTO,regione,Abruzzo,2018,11.6,%,Istat,"Indagine Multiscopo sulle famiglie, Istat SDMX, 33_290_DF_DCCV_TITGODABIT_6"
Famiglie in affitto,MULTI_ABIT_AFFITTO,regione,Abruzzo,2019,11.3,%,Istat,"Indagine Multiscopo sulle famiglie, Istat SDMX, 33_290_DF_DCCV_TITGODABIT_6"
Famiglie in affitto,MULTI_ABIT_AFFITTO,regione,Abruzzo,2020,16.6,%,Istat,"Indagine Multiscopo sulle famiglie, Istat SDMX, 33_290_DF_DCCV_TITGODABIT_6"
Famiglie in affitto,MULTI_ABIT_AFFITTO,regione,Abruzzo,2021,16.7,%,Istat,"Indagine Multiscopo sulle famiglie, Istat SDMX, 33_290_DF_DCCV_TITGODABIT_6"
Famiglie in affitto,MULTI_ABIT_AFFITTO,regione,Abruzzo,2022,13.3,%,Istat,"Indagine Multiscopo sulle famiglie, Istat SDMX, 33_290_DF_DCCV_TITGODABIT_6"
Famiglie in affitto,MULTI_ABIT_AFFITTO,regione,Abruzzo,2023,15.3,%,Istat,"Indagine Multiscopo sulle famiglie, Istat SDMX, 33_290_DF_DCCV_TITGODABIT_6"
Famiglie in affitto,MULTI_ABIT_AFFITTO,regione,Abruzzo,2024,15.3,%,Istat,"Indagine Multiscopo sulle famiglie, Istat SDMX, 33_290_DF_DCCV_TITGODABIT_6"
Famiglie in affitto,MULTI_ABIT_AFFITTO,regione,Abruzzo,2025,11.3,%,Istat,"Indagine Multiscopo sulle famiglie, Istat SDMX, 33_290_DF_DCCV_TITGODABIT_6"
Famiglie in affitto,MULTI_ABIT_AFFITTO,regione,Basilicata,2018,17.3,%,Istat,"Indagine Multiscopo sulle famiglie, Istat SDMX, 33_290_DF_DCCV_TITGODABIT_6"
Famiglie in affitto,MULTI_ABIT_AFFITTO,regione,Basilicata,2019,20.0,%,Istat,"Indagine Multiscopo sulle famiglie, Istat SDMX, 33_290_DF_DCCV_TITGODABIT_6"
Famiglie in affitto,MULTI_ABIT_AFFITTO,regione,Basilicata,2020,15.2,%,Istat,"Indagine Multiscopo sulle famiglie, Istat SDMX, 33_290_DF_DCCV_TITGODABIT_6"
Famiglie in affitto,MULTI_ABIT_AFFITTO,regione,Basilicata,2021,14.3,%,Istat,"Indagine Multiscopo sulle famiglie, Istat SDMX, 33_290_DF_DCCV_TITGODABIT_6"
Famiglie in affitto,MULTI_ABIT_AFFITTO,regione,Basilicata,2022,10.4,%,Istat,"Indagine Multiscopo sulle famiglie, Istat SDMX, 33_290_DF_DCCV_TITGODABIT_6"
Famiglie in affitto,MULTI_ABIT_AFFITTO,regione,Basilicata,2023,15.8,%,Istat,"Indagine Multiscopo sulle famiglie, Istat SDMX, 33_290_DF_DCCV_TITGODABIT_6"
Famiglie in affitto,MULTI_ABIT_AFFITTO,regione,Basilicata,2024,9.7,%,Istat,"Indagine Multiscopo sulle famiglie, Istat SDMX, 33_290_DF_DCCV_TITGODABIT_6"
Famiglie in affitto,MULTI_ABIT_AFFITTO,regione,Basilicata,2025,7.7,%,Istat,"Indagine Multiscopo sulle famiglie, Istat SDMX, 33_290_DF_DCCV_TITGODABIT_6"
Famiglie in affitto,MULTI_ABIT_AFFITTO,regione,Calabria,2018,15.0,%,Istat,"Indagine Multiscopo sulle famiglie, Istat SDMX, 33_290_DF_DCCV_TITGODABIT_6"
Famiglie in affitto,MULTI_ABIT_AFFITTO,regione,Calabria,2019,20.4,%,Istat,"Indagine Multiscopo sulle famiglie, Istat SDMX, 33_290_DF_DCCV_TITGODABIT_6"
Famiglie in affitto,MULTI_ABIT_AFFITTO,regione,Calabria,2020,18.6,%,Istat,"Indagine Multiscopo sulle famiglie, Istat SDMX, 33_290_DF_DCCV_TITGODABIT_6"
Famiglie in affitto,MULTI_ABIT_AFFITTO,regione,Calabria,2021,20.6,%,Istat,"Indagine Multiscopo sulle famiglie, Istat SDMX, 33_290_DF_DCCV_TITGODABIT_6"
Famiglie in affitto,MULTI_ABIT_AFFITTO,regione,Calabria,2022,18.1,%,Istat,"Indagine Multiscopo sulle famiglie, Istat SDMX, 33_290_DF_DCCV_TITGODABIT_6"
Famiglie in affitto,MULTI_ABIT_AFFITTO,regione,Calabria,2023,15.1,%,Istat,"Indagine Multiscopo sulle famiglie, Istat SDMX, 33_290_DF_DCCV_TITGODABIT_6"
Famiglie in affitto,MULTI_ABIT_AFFITTO,regione,Calabria,2024,12.8,%,Istat,"Indagine Multiscopo sulle famiglie, Istat SDMX, 33_290_DF_DCCV_TITGODABIT_6"
Famiglie in affitto,MULTI_ABIT_AFFITTO,regione,Calabria,2025,10.7,%,Istat,"Indagine Multiscopo sulle famiglie, Istat SDMX, 33_290_DF_DCCV_TITGODABIT_6"
Famiglie in affitto,MULTI_ABIT_AFFITTO,regione,Campania,2018,29.9,%,Istat,"Indagine Multiscopo sulle famiglie, Istat SDMX, 33_290_DF_DCCV_TITGODABIT_6"
Famiglie in affitto,MULTI_ABIT_AFFITTO,regione,Campania,2019,26.4,%,Istat,"Indagine Multiscopo sulle famiglie, Istat SDMX, 33_290_DF_DCCV_TITGODABIT_6"
Famiglie in affitto,MULTI_ABIT_AFFITTO,regione,Campania,2020,25.6,%,Istat,"Indagine Multiscopo sulle famiglie, Istat SDMX, 33_290_DF_DCCV_TITGODABIT_6"
Famiglie in affitto,MULTI_ABIT_AFFITTO,regione,Campania,2021,29.7,%,Istat,"Indagine Multiscopo sulle famiglie, Istat SDMX, 33_290_DF_DCCV_TITGODABIT_6"
Famiglie in affitto,MULTI_ABIT_AFFITTO,regione,Campania,2022,30.0,%,Istat,"Indagine Multiscopo sulle famiglie, Istat SDMX, 33_290_DF_DCCV_TITGODABIT_6"
Famiglie in affitto,MULTI_ABIT_AFFITTO,regione,Campania,2023,27.2,%,Istat,"Indagine Multiscopo sulle famiglie, Istat SDMX, 33_290_DF_DCCV_TITGODABIT_6"
Famiglie in affitto,MULTI_ABIT_AFFITTO,regione,Campania,2024,24.6,%,Istat,"Indagine Multiscopo sulle famiglie, Istat SDMX, 33_290_DF_DCCV_TITGODABIT_6"
Famiglie in affitto,MULTI_ABIT_AFFITTO,regione,Campania,2025,24.2,%,Istat,"Indagine Multiscopo sulle famiglie, Istat SDMX, 33_290_DF_DCCV_TITGODABIT_6"
Famiglie in affitto,MULTI_ABIT_AFFITTO,regione,Emilia-Romagna,2018,20.5,%,Istat,"Indagine Multiscopo sulle famiglie, Istat SDMX, 33_290_DF_DCCV_TITGODABIT_6"
Famiglie in affitto,MULTI_ABIT_AFFITTO,regione,Emilia-Romagna,2019,22.3,%,Istat,"Indagine Multiscopo sulle famiglie, Istat SDMX, 33_290_DF_DCCV_TITGODABIT_6"
Famiglie in affitto,MULTI_ABIT_AFFITTO,regione,Emilia-Romagna,2020,18.4,%,Istat,"Indagine Multiscopo sulle famiglie, Istat SDMX, 33_290_DF_DCCV_TITGODABIT_6"
Famiglie in affitto,MULTI_ABIT_AFFITTO,regione,Emilia-Romagna,2021,20.1,%,Istat,"Indagine Multiscopo sulle famiglie, Istat SDMX, 33_290_DF_DCCV_TITGODABIT_6"
Famiglie in affitto,MULTI_ABIT_AFFITTO,regione,Emilia-Romagna,2022,15.9,%,Istat,"Indagine Multiscopo sulle famiglie, Istat SDMX, 33_290_DF_DCCV_TITGODABIT_6"
Famiglie in affitto,MULTI_ABIT_AFFITTO,regione,Emilia-Romagna,2023,19.5,%,Istat,"Indagine Multiscopo sulle famiglie, Istat SDMX, 33_290_DF_DCCV_TITGODABIT_6"
Famiglie in affitto,MULTI_ABIT_AFFITTO,regione,Emilia-Romagna,2024,19.5,%,Istat,"Indagine Multiscopo sulle famiglie, Istat SDMX, 33_290_DF_DCCV_TITGODABIT_6"
Famiglie in affitto,MULTI_ABIT_AFFITTO,regione,Emilia-Romagna,2025,19.8,%,Istat,"Indagine Multiscopo sulle famiglie, Istat SDMX, 33_290_DF_DCCV_TITGODABIT_6"
Famiglie in affitto,MULTI_ABIT_AFFITTO,regione,Friuli-Venezia Giulia,2018,18.3,%,Istat,"Indagine Multiscopo sulle famiglie, Istat SDMX, 33_290_DF_DCCV_TITGODABIT_6"
Famiglie in affitto,MULTI_ABIT_AFFITTO,regione,Friuli-Venezia Giulia,2019,20.7,%,Istat,"Indagine Multiscopo sulle famiglie, Istat SDMX, 33_290_DF_DCCV_TITGODABIT_6"
Famiglie in affitto,MULTI_ABIT_AFFITTO,regione,Friuli-Venezia Giulia,2020,20.6,%,Istat,"Indagine Multiscopo sulle famiglie, Istat SDMX, 33_290_DF_DCCV_TITGODABIT_6"
Famiglie in affitto,MULTI_ABIT_AFFITTO,regione,Friuli-Venezia Giulia,2021,17.5,%,Istat,"Indagine Multiscopo sulle famiglie, Istat SDMX, 33_290_DF_DCCV_TITGODABIT_6"
Famiglie in affitto,MULTI_ABIT_AFFITTO,regione,Friuli-Venezia Giulia,2022,15.5,%,Istat,"Indagine Multiscopo sulle famiglie, Istat SDMX, 33_290_DF_DCCV_TITGODABIT_6"
Famiglie in affitto,MULTI_ABIT_AFFITTO,regione,Friuli-Venezia Giulia,2023,13.6,%,Istat,"Indagine Multiscopo sulle famiglie, Istat SDMX, 33_290_DF_DCCV_TITGODABIT_6"
Famiglie in affitto,MULTI_ABIT_AFFITTO,regione,Friuli-Venezia Giulia,2024,10.8,%,Istat,"Indagine Multiscopo sulle famiglie, Istat SDMX, 33_290_DF_DCCV_TITGODABIT_6"
Famiglie in affitto,MULTI_ABIT_AFFITTO,regione,Friuli-Venezia Giulia,2025,10.1,%,Istat,"Indagine Multiscopo sulle famiglie, Istat SDMX, 33_290_DF_DCCV_TITGODABIT_6"
Famiglie in affitto,MULTI_ABIT_AFFITTO,regione,Lazio,2018,20.7,%,Istat,"Indagine Multiscopo sulle famiglie, Istat SDMX, 33_290_DF_DCCV_TITGODABIT_6"
Famiglie in affitto,MULTI_ABIT_AFFITTO,regione,Lazio,2019,20.8,%,Istat,"Indagine Multiscopo sulle famiglie, Istat SDMX, 33_290_DF_DCCV_TITGODABIT_6"
Famiglie in affitto,MULTI_ABIT_AFFITTO,regione,Lazio,2020,15.2,%,Istat,"Indagine Multiscopo sulle famiglie, Istat SDMX, 33_290_DF_DCCV_TITGODABIT_6"
Famiglie in affitto,MULTI_ABIT_AFFITTO,regione,Lazio,2021,18.0,%,Istat,"Indagine Multiscopo sulle famiglie, Istat SDMX, 33_290_DF_DCCV_TITGODABIT_6"
Famiglie in affitto,MULTI_ABIT_AFFITTO,regione,Lazio,2022,17.1,%,Istat,"Indagine Multiscopo sulle famiglie, Istat SDMX, 33_290_DF_DCCV_TITGODABIT_6"
Famiglie in affitto,MULTI_ABIT_AFFITTO,regione,Lazio,2023,17.3,%,Istat,"Indagine Multiscopo sulle famiglie, Istat SDMX, 33_290_DF_DCCV_TITGODABIT_6"
Famiglie in affitto,MULTI_ABIT_AFFITTO,regione,Lazio,2024,16.4,%,Istat,"Indagine Multiscopo sulle famiglie, Istat SDMX, 33_290_DF_DCCV_TITGODABIT_6"
Famiglie in affitto,MULTI_ABIT_AFFITTO,regione,Lazio,2025,15.3,%,Istat,"Indagine Multiscopo sulle famiglie, Istat SDMX, 33_290_DF_DCCV_TITGODABIT_6"
Famiglie in affitto,MULTI_ABIT_AFFITTO,regione,Liguria,2018,23.7,%,Istat,"Indagine Multiscopo sulle famiglie, Istat SDMX, 33_290_DF_DCCV_TITGODABIT_6"
Famiglie in affitto,MULTI_ABIT_AFFITTO,regione,Liguria,2019,22.2,%,Istat,"Indagine Multiscopo sulle famiglie, Istat SDMX, 33_290_DF_DCCV_TITGODABIT_6"
Famiglie in affitto,MULTI_ABIT_AFFITTO,regione,Liguria,2020,18.3,%,Istat,"Indagine Multiscopo sulle famiglie, Istat SDMX, 33_290_DF_DCCV_TITGODABIT_6"
Famiglie in affitto,MULTI_ABIT_AFFITTO,regione,Liguria,2021,21.9,%,Istat,"Indagine Multiscopo sulle famiglie, Istat SDMX, 33_290_DF_DCCV_TITGODABIT_6"
Famiglie in affitto,MULTI_ABIT_AFFITTO,regione,Liguria,2022,19.2,%,Istat,"Indagine Multiscopo sulle famiglie, Istat SDMX, 33_290_DF_DCCV_TITGODABIT_6"
Famiglie in affitto,MULTI_ABIT_AFFITTO,regione,Liguria,2023,23.3,%,Istat,"Indagine Multiscopo sulle famiglie, Istat SDMX, 33_290_DF_DCCV_TITGODABIT_6"
Famiglie in affitto,MULTI_ABIT_AFFITTO,regione,Liguria,2024,22.9,%,Istat,"Indagine Multiscopo sulle famiglie, Istat SDMX, 33_290_DF_DCCV_TITGODABIT_6"
Famiglie in affitto,MULTI_ABIT_AFFITTO,regione,Liguria,2025,20.6,%,Istat,"Indagine Multiscopo sulle famiglie, Istat SDMX, 33_290_DF_DCCV_TITGODABIT_6"
Famiglie in affitto,MULTI_ABIT_AFFITTO,regione,Lombardia,2018,23.3,%,Istat,"Indagine Multiscopo sulle famiglie, Istat SDMX, 33_290_DF_DCCV_TITGODABIT_6"
Famiglie in affitto,MULTI_ABIT_AFFITTO,regione,Lombardia,2019,23.4,%,Istat,"Indagine Multiscopo sulle famiglie, Istat SDMX, 33_290_DF_DCCV_TITGODABIT_6"
Famiglie in affitto,MULTI_ABIT_AFFITTO,regione,Lombardia,2020,20.5,%,Istat,"Indagine Multiscopo sulle famiglie, Istat SDMX, 33_290_DF_DCCV_TITGODABIT_6"
Famiglie in affitto,MULTI_ABIT_AFFITTO,regione,Lombardia,2021,23.1,%,Istat,"Indagine Multiscopo sulle famiglie, Istat SDMX, 33_290_DF_DCCV_TITGODABIT_6"
Famiglie in affitto,MULTI_ABIT_AFFITTO,regione,Lombardia,2022,24.1,%,Istat,"Indagine Multiscopo sulle famiglie, Istat SDMX, 33_290_DF_DCCV_TITGODABIT_6"
Famiglie in affitto,MULTI_ABIT_AFFITTO,regione,Lombardia,2023,23.2,%,Istat,"Indagine Multiscopo sulle famiglie, Istat SDMX, 33_290_DF_DCCV_TITGODABIT_6"
Famiglie in affitto,MULTI_ABIT_AFFITTO,regione,Lombardia,2024,21.5,%,Istat,"Indagine Multiscopo sulle famiglie, Istat SDMX, 33_290_DF_DCCV_TITGODABIT_6"
Famiglie in affitto,MULTI_ABIT_AFFITTO,regione,Lombardia,2025,17.1,%,Istat,"Indagine Multiscopo sulle famiglie, Istat SDMX, 33_290_DF_DCCV_TITGODABIT_6"
Famiglie in affitto,MULTI_ABIT_AFFITTO,regione,Marche,2018,17.0,%,Istat,"Indagine Multiscopo sulle famiglie, Istat SDMX, 33_290_DF_DCCV_TITGODABIT_6"
Famiglie in affitto,MULTI_ABIT_AFFITTO,regione,Marche,2019,17.8,%,Istat,"Indagine Multiscopo sulle famiglie, Istat SDMX, 33_290_DF_DCCV_TITGODABIT_6"
Famiglie in affitto,MULTI_ABIT_AFFITTO,regione,Marche,2020,16.0,%,Istat,"Indagine Multiscopo sulle famiglie, Istat SDMX, 33_290_DF_DCCV_TITGODABIT_6"
Famiglie in affitto,MULTI_ABIT_AFFITTO,regione,Marche,2021,17.2,%,Istat,"Indagine Multiscopo sulle famiglie, Istat SDMX, 33_290_DF_DCCV_TITGODABIT_6"
Famiglie in affitto,MULTI_ABIT_AFFITTO,regione,Marche,2022,16.1,%,Istat,"Indagine Multiscopo sulle famiglie, Istat SDMX, 33_290_DF_DCCV_TITGODABIT_6"
Famiglie in affitto,MULTI_ABIT_AFFITTO,regione,Marche,2023,13.2,%,Istat,"Indagine Multiscopo sulle famiglie, Istat SDMX, 33_290_DF_DCCV_TITGODABIT_6"
Famiglie in affitto,MULTI_ABIT_AFFITTO,regione,Marche,2024,14.5,%,Istat,"Indagine Multiscopo sulle famiglie, Istat SDMX, 33_290_DF_DCCV_TITGODABIT_6"
Famiglie in affitto,MULTI_ABIT_AFFITTO,regione,Marche,2025,15.1,%,Istat,"Indagine Multiscopo sulle famiglie, Istat SDMX, 33_290_DF_DCCV_TITGODABIT_6"
Famiglie in affitto,MULTI_ABIT_AFFITTO,regione,Molise,2018,8.8,%,Istat,"Indagine Multiscopo sulle famiglie, Istat SDMX, 33_290_DF_DCCV_TITGODABIT_6"
Famiglie in affitto,MULTI_ABIT_AFFITTO,regione,Molise,2019,6.9,%,Istat,"Indagine Multiscopo sulle famiglie, Istat SDMX, 33_290_DF_DCCV_TITGODABIT_6"
Famiglie in affitto,MULTI_ABIT_AFFITTO,regione,Molise,2020,4.9,%,Istat,"Indagine Multiscopo sulle famiglie, Istat SDMX, 33_290_DF_DCCV_TITGODABIT_6"
Famiglie in affitto,MULTI_ABIT_AFFITTO,regione,Molise,2021,6.9,%,Istat,"Indagine Multiscopo sulle famiglie, Istat SDMX, 33_290_DF_DCCV_TITGODABIT_6"
Famiglie in affitto,MULTI_ABIT_AFFITTO,regione,Molise,2022,3.6,%,Istat,"Indagine Multiscopo sulle famiglie, Istat SDMX, 33_290_DF_DCCV_TITGODABIT_6"
Famiglie in affitto,MULTI_ABIT_AFFITTO,regione,Molise,2023,9.4,%,Istat,"Indagine Multiscopo sulle famiglie, Istat SDMX, 33_290_DF_DCCV_TITGODABIT_6"
Famiglie in affitto,MULTI_ABIT_AFFITTO,regione,Molise,2024,10.8,%,Istat,"Indagine Multiscopo sulle famiglie, Istat SDMX, 33_290_DF_DCCV_TITGODABIT_6"
Famiglie in affitto,MULTI_ABIT_AFFITTO,regione,Molise,2025,11.8,%,Istat,"Indagine Multiscopo sulle famiglie, Istat SDMX, 33_290_DF_DCCV_TITGODABIT_6"
Famiglie in affitto,MULTI_ABIT_AFFITTO,regione,Piemonte,2018,22.6,%,Istat,"Indagine Multiscopo sulle famiglie, Istat SDMX, 33_290_DF_DCCV_TITGODABIT_6"
Famiglie in affitto,MULTI_ABIT_AFFITTO,regione,Piemonte,2019,23.4,%,Istat,"Indagine Multiscopo sulle famiglie, Istat SDMX, 33_290_DF_DCCV_TITGODABIT_6"
Famiglie in affitto,MULTI_ABIT_AFFITTO,regione,Piemonte,2020,21.1,%,Istat,"Indagine Multiscopo sulle famiglie, Istat SDMX, 33_290_DF_DCCV_TITGODABIT_6"
Famiglie in affitto,MULTI_ABIT_AFFITTO,regione,Piemonte,2021,23.0,%,Istat,"Indagine Multiscopo sulle famiglie, Istat SDMX, 33_290_DF_DCCV_TITGODABIT_6"
Famiglie in affitto,MULTI_ABIT_AFFITTO,regione,Piemonte,2022,23.4,%,Istat,"Indagine Multiscopo sulle famiglie, Istat SDMX, 33_290_DF_DCCV_TITGODABIT_6"
Famiglie in affitto,MULTI_ABIT_AFFITTO,regione,Piemonte,2023,23.4,%,Istat,"Indagine Multiscopo sulle famiglie, Istat SDMX, 33_290_DF_DCCV_TITGODABIT_6"
Famiglie in affitto,MULTI_ABIT_AFFITTO,regione,Piemonte,2024,23.3,%,Istat,"Indagine Multiscopo sulle famiglie, Istat SDMX, 33_290_DF_DCCV_TITGODABIT_6"
Famiglie in affitto,MULTI_ABIT_AFFITTO,regione,Piemonte,2025,22.9,%,Istat,"Indagine Multiscopo sulle famiglie, Istat SDMX, 33_290_DF_DCCV_TITGODABIT_6"
Famiglie in affitto,MULTI_ABIT_AFFITTO,regione,Puglia,2018,16.2,%,Istat,"Indagine Multiscopo sulle famiglie, Istat SDMX, 33_290_DF_DCCV_TITGODABIT_6"
Famiglie in affitto,MULTI_ABIT_AFFITTO,regione,Puglia,2019,15.6,%,Istat,"Indagine Multiscopo sulle famiglie, Istat SDMX, 33_290_DF_DCCV_TITGODABIT_6"
Famiglie in affitto,MULTI_ABIT_AFFITTO,regione,Puglia,2020,16.3,%,Istat,"Indagine Multiscopo sulle famiglie, Istat SDMX, 33_290_DF_DCCV_TITGODABIT_6"
Famiglie in affitto,MULTI_ABIT_AFFITTO,regione,Puglia,2021,14.9,%,Istat,"Indagine Multiscopo sulle famiglie, Istat SDMX, 33_290_DF_DCCV_TITGODABIT_6"
Famiglie in affitto,MULTI_ABIT_AFFITTO,regione,Puglia,2022,11.9,%,Istat,"Indagine Multiscopo sulle famiglie, Istat SDMX, 33_290_DF_DCCV_TITGODABIT_6"
Famiglie in affitto,MULTI_ABIT_AFFITTO,regione,Puglia,2023,14.9,%,Istat,"Indagine Multiscopo sulle famiglie, Istat SDMX, 33_290_DF_DCCV_TITGODABIT_6"
Famiglie in affitto,MULTI_ABIT_AFFITTO,regione,Puglia,2024,14.7,%,Istat,"Indagine Multiscopo sulle famiglie, Istat SDMX, 33_290_DF_DCCV_TITGODABIT_6"
Famiglie in affitto,MULTI_ABIT_AFFITTO,regione,Puglia,2025,14.1,%,Istat,"Indagine Multiscopo sulle famiglie, Istat SDMX, 33_290_DF_DCCV_TITGODABIT_6"
Famiglie in affitto,MULTI_ABIT_AFFITTO,regione,Sardegna,2018,17.2,%,Istat,"Indagine Multiscopo sulle famiglie, Istat SDMX, 33_290_DF_DCCV_TITGODABIT_6"
Famiglie in affitto,MULTI_ABIT_AFFITTO,regione,Sardegna,2019,15.8,%,Istat,"Indagine Multiscopo sulle famiglie, Istat SDMX, 33_290_DF_DCCV_TITGODABIT_6"
Famiglie in affitto,MULTI_ABIT_AFFITTO,regione,Sardegna,2020,16.1,%,Istat,"Indagine Multiscopo sulle famiglie, Istat SDMX, 33_290_DF_DCCV_TITGODABIT_6"
Famiglie in affitto,MULTI_ABIT_AFFITTO,regione,Sardegna,2021,14.4,%,Istat,"Indagine Multiscopo sulle famiglie, Istat SDMX, 33_290_DF_DCCV_TITGODABIT_6"
Famiglie in affitto,MULTI_ABIT_AFFITTO,regione,Sardegna,2022,15.9,%,Istat,"Indagine Multiscopo sulle famiglie, Istat SDMX, 33_290_DF_DCCV_TITGODABIT_6"
Famiglie in affitto,MULTI_ABIT_AFFITTO,regione,Sardegna,2023,15.4,%,Istat,"Indagine Multiscopo sulle famiglie, Istat SDMX, 33_290_DF_DCCV_TITGODABIT_6"
Famiglie in affitto,MULTI_ABIT_AFFITTO,regione,Sardegna,2024,12.5,%,Istat,"Indagine Multiscopo sulle famiglie, Istat SDMX, 33_290_DF_DCCV_TITGODABIT_6"
Famiglie in affitto,MULTI_ABIT_AFFITTO,regione,Sardegna,2025,9.2,%,Istat,"Indagine Multiscopo sulle famiglie, Istat SDMX, 33_290_DF_DCCV_TITGODABIT_6"
Famiglie in affitto,MULTI_ABIT_AFFITTO,regione,Sicilia,2018,18.9,%,Istat,"Indagine Multiscopo sulle famiglie, Istat SDMX, 33_290_DF_DCCV_TITGODABIT_6"
Famiglie in affitto,MULTI_ABIT_AFFITTO,regione,Sicilia,2019,24.4,%,Istat,"Indagine Multiscopo sulle famiglie, Istat SDMX, 33_290_DF_DCCV_TITGODABIT_6"
Famiglie in affitto,MULTI_ABIT_AFFITTO,regione,Sicilia,2020,19.1,%,Istat,"Indagine Multiscopo sulle famiglie, Istat SDMX, 33_290_DF_DCCV_TITGODABIT_6"
Famiglie in affitto,MULTI_ABIT_AFFITTO,regione,Sicilia,2021,16.5,%,Istat,"Indagine Multiscopo sulle famiglie, Istat SDMX, 33_290_DF_DCCV_TITGODABIT_6"
Famiglie in affitto,MULTI_ABIT_AFFITTO,regione,Sicilia,2022,15.4,%,Istat,"Indagine Multiscopo sulle famiglie, Istat SDMX, 33_290_DF_DCCV_TITGODABIT_6"
Famiglie in affitto,MULTI_ABIT_AFFITTO,regione,Sicilia,2023,14.0,%,Istat,"Indagine Multiscopo sulle famiglie, Istat SDMX, 33_290_DF_DCCV_TITGODABIT_6"
Famiglie in affitto,MULTI_ABIT_AFFITTO,regione,Sicilia,2024,13.2,%,Istat,"Indagine Multiscopo sulle famiglie, Istat SDMX, 33_290_DF_DCCV_TITGODABIT_6"
Famiglie in affitto,MULTI_ABIT_AFFITTO,regione,Sicilia,2025,14.7,%,Istat,"Indagine Multiscopo sulle famiglie, Istat SDMX, 33_290_DF_DCCV_TITGODABIT_6"
Famiglie in affitto,MULTI_ABIT_AFFITTO,regione,Toscana,2018,20.0,%,Istat,"Indagine Multiscopo sulle famiglie, Istat SDMX, 33_290_DF_DCCV_TITGODABIT_6"
Famiglie in affitto,MULTI_ABIT_AFFITTO,regione,Toscana,2019,19.4,%,Istat,"Indagine Multiscopo sulle famiglie, Istat SDMX, 33_290_DF_DCCV_TITGODABIT_6"
Famiglie in affitto,MULTI_ABIT_AFFITTO,regione,Toscana,2020,16.4,%,Istat,"Indagine Multiscopo sulle famiglie, Istat SDMX, 33_290_DF_DCCV_TITGODABIT_6"
Famiglie in affitto,MULTI_ABIT_AFFITTO,regione,Toscana,2021,17.7,%,Istat,"Indagine Multiscopo sulle famiglie, Istat SDMX, 33_290_DF_DCCV_TITGODABIT_6"
Famiglie in affitto,MULTI_ABIT_AFFITTO,regione,Toscana,2022,16.8,%,Istat,"Indagine Multiscopo sulle famiglie, Istat SDMX, 33_290_DF_DCCV_TITGODABIT_6"
Famiglie in affitto,MULTI_ABIT_AFFITTO,regione,Toscana,2023,18.1,%,Istat,"Indagine Multiscopo sulle famiglie, Istat SDMX, 33_290_DF_DCCV_TITGODABIT_6"
Famiglie in affitto,MULTI_ABIT_AFFITTO,regione,Toscana,2024,16.9,%,Istat,"Indagine Multiscopo sulle famiglie, Istat SDMX, 33_290_DF_DCCV_TITGODABIT_6"
Famiglie in affitto,MULTI_ABIT_AFFITTO,regione,Toscana,2025,21.6,%,Istat,"Indagine Multiscopo sulle famiglie, Istat SDMX, 33_290_DF_DCCV_TITGODABIT_6"
Famiglie in affitto,MULTI_ABIT_AFFITTO,regione,Trentino Alto Adige,2018,25.848504,%,Istat,"Indagine Multiscopo sulle famiglie, Istat SDMX, 33_290_DF_DCCV_TITGODABIT_6"
Famiglie in affitto,MULTI_ABIT_AFFITTO,regione,Trentino Alto Adige,2019,26.518872,%,Istat,"Indagine Multiscopo sulle famiglie, Istat SDMX, 33_290_DF_DCCV_TITGODABIT_6"
Famiglie in affitto,MULTI_ABIT_AFFITTO,regione,Trentino Alto Adige,2020,24.393083,%,Istat,"Indagine Multiscopo sulle famiglie, Istat SDMX, 33_290_DF_DCCV_TITGODABIT_6"
Famiglie in affitto,MULTI_ABIT_AFFITTO,regione,Trentino Alto Adige,2021,26.590008,%,Istat,"Indagine Multiscopo sulle famiglie, Istat SDMX, 33_290_DF_DCCV_TITGODABIT_6"
Famiglie in affitto,MULTI_ABIT_AFFITTO,regione,Trentino Alto Adige,2022,29.937318,%,Istat,"Indagine Multiscopo sulle famiglie, Istat SDMX, 33_290_DF_DCCV_TITGODABIT_6"
Famiglie in affitto,MULTI_ABIT_AFFITTO,regione,Trentino Alto Adige,2023,20.030401,%,Istat,"Indagine Multiscopo sulle famiglie, Istat SDMX, 33_290_DF_DCCV_TITGODABIT_6"
Famiglie in affitto,MULTI_ABIT_AFFITTO,regione,Trentino Alto Adige,2024,19.832707,%,Istat,"Indagine Multiscopo sulle famiglie, Istat SDMX, 33_290_DF_DCCV_TITGODABIT_6"
Famiglie in affitto,MULTI_ABIT_AFFITTO,regione,Trentino Alto Adige,2025,21.417335,%,Istat,"Indagine Multiscopo sulle famiglie, Istat SDMX, 33_290_DF_DCCV_TITGODABIT_6"
Famiglie in affitto,MULTI_ABIT_AFFITTO,regione,Umbria,2018,14.0,%,Istat,"Indagine Multiscopo sulle famiglie, Istat SDMX, 33_290_DF_DCCV_TITGODABIT_6"
Famiglie in affitto,MULTI_ABIT_AFFITTO,regione,Umbria,2019,14.1,%,Istat,"Indagine Multiscopo sulle famiglie, Istat SDMX, 33_290_DF_DCCV_TITGODABIT_6"
Famiglie in affitto,MULTI_ABIT_AFFITTO,regione,Umbria,2020,15.4,%,Istat,"Indagine Multiscopo sulle famiglie, Istat SDMX, 33_290_DF_DCCV_TITGODABIT_6"
Famiglie in affitto,MULTI_ABIT_AFFITTO,regione,Umbria,2021,13.3,%,Istat,"Indagine Multiscopo sulle famiglie, Istat SDMX, 33_290_DF_DCCV_TITGODABIT_6"
Famiglie in affitto,MULTI_ABIT_AFFITTO,regione,Umbria,2022,10.9,%,Istat,"Indagine Multiscopo sulle famiglie, Istat SDMX, 33_290_DF_DCCV_TITGODABIT_6"
Famiglie in affitto,MULTI_ABIT_AFFITTO,regione,Umbria,2023,11.2,%,Istat,"Indagine Multiscopo sulle famiglie, Istat SDMX, 33_290_DF_DCCV_TITGODABIT_6"
Famiglie in affitto,MULTI_ABIT_AFFITTO,regione,Umbria,2024,13.1,%,Istat,"Indagine Multiscopo sulle famiglie, Istat SDMX, 33_290_DF_DCCV_TITGODABIT_6"
Famiglie in affitto,MULTI_ABIT_AFFITTO,regione,Umbria,2025,12.5,%,Istat,"Indagine Multiscopo sulle famiglie, Istat SDMX, 33_290_DF_DCCV_TITGODABIT_6"
Famiglie in affitto,MULTI_ABIT_AFFITTO,regione,Valle d'Aosta,2018,23.1,%,Istat,"Indagine Multiscopo sulle famiglie, Istat SDMX, 33_290_DF_DCCV_TITGODABIT_6"
Famiglie in affitto,MULTI_ABIT_AFFITTO,regione,Valle d'Aosta,2019,27.9,%,Istat,"Indagine Multiscopo sulle famiglie, Istat SDMX, 33_290_DF_DCCV_TITGODABIT_6"
Famiglie in affitto,MULTI_ABIT_AFFITTO,regione,Valle d'Aosta,2020,17.4,%,Istat,"Indagine Multiscopo sulle famiglie, Istat SDMX, 33_290_DF_DCCV_TITGODABIT_6"
Famiglie in affitto,MULTI_ABIT_AFFITTO,regione,Valle d'Aosta,2021,21.4,%,Istat,"Indagine Multiscopo sulle famiglie, Istat SDMX, 33_290_DF_DCCV_TITGODABIT_6"
Famiglie in affitto,MULTI_ABIT_AFFITTO,regione,Valle d'Aosta,2022,12.9,%,Istat,"Indagine Multiscopo sulle famiglie, Istat SDMX, 33_290_DF_DCCV_TITGODABIT_6"
Famiglie in affitto,MULTI_ABIT_AFFITTO,regione,Valle d'Aosta,2023,13.3,%,Istat,"Indagine Multiscopo sulle famiglie, Istat SDMX, 33_290_DF_DCCV_TITGODABIT_6"
Famiglie in affitto,MULTI_ABIT_AFFITTO,regione,Valle d'Aosta,2024,14.8,%,Istat,"Indagine Multiscopo sulle famiglie, Istat SDMX, 33_290_DF_DCCV_TITGODABIT_6"
Famiglie in affitto,MULTI_ABIT_AFFITTO,regione,Valle d'Aosta,2025,15.3,%,Istat,"Indagine Multiscopo sulle famiglie, Istat SDMX, 33_290_DF_DCCV_TITGODABIT_6"
Famiglie in affitto,MULTI_ABIT_AFFITTO,regione,Veneto,2018,18.1,%,Istat,"Indagine Multiscopo sulle famiglie, Istat SDMX, 33_290_DF_DCCV_TITGODABIT_6"
Famiglie in affitto,MULTI_ABIT_AFFITTO,regione,Veneto,2019,18.3,%,Istat,"Indagine Multiscopo sulle famiglie, Istat SDMX, 33_290_DF_DCCV_TITGODABIT_6"
Famiglie in affitto,MULTI_ABIT_AFFITTO,regione,Veneto,2020,19.7,%,Istat,"Indagine Multiscopo sulle famiglie, Istat SDMX, 33_290_DF_DCCV_TITGODABIT_6"
Famiglie in affitto,MULTI_ABIT_AFFITTO,regione,Veneto,2021,22.1,%,Istat,"Indagine Multiscopo sulle famiglie, Istat SDMX, 33_290_DF_DCCV_TITGODABIT_6"
Famiglie in affitto,MULTI_ABIT_AFFITTO,regione,Veneto,2022,22.3,%,Istat,"Indagine Multiscopo sulle famiglie, Istat SDMX, 33_290_DF_DCCV_TITGODABIT_6"
Famiglie in affitto,MULTI_ABIT_AFFITTO,regione,Veneto,2023,20.0,%,Istat,"Indagine Multiscopo sulle famiglie, Istat SDMX, 33_290_DF_DCCV_TITGODABIT_6"
Famiglie in affitto,MULTI_ABIT_AFFITTO,regione,Veneto,2024,19.5,%,Istat,"Indagine Multiscopo sulle famiglie, Istat SDMX, 33_290_DF_DCCV_TITGODABIT_6"
Famiglie in affitto,MULTI_ABIT_AFFITTO,regione,Veneto,2025,18.4,%,Istat,"Indagine Multiscopo sulle famiglie, Istat SDMX, 33_290_DF_DCCV_TITGODABIT_6"
"Sovraccarico del costo dell'abitazione per titolo di godimento, Italia",casa_titolo_godimento,regione,Affitto di mercato,2025,22.3,Valori percentuali,"Eurostat, EU-SILC","ilc_lvho07c, Housing cost overburden rate by tenure status"
"Sovraccarico del costo dell'abitazione per titolo di godimento, Italia",casa_titolo_godimento,regione,Affitto ridotto/gratis,2025,6.0,Valori percentuali,"Eurostat, EU-SILC","ilc_lvho07c, Housing cost overburden rate by tenure status"
"Sovraccarico del costo dell'abitazione per titolo di godimento, Italia",casa_titolo_godimento,regione,Proprietà con mutuo,2025,1.3,Valori percentuali,"Eurostat, EU-SILC","ilc_lvho07c, Housing cost overburden rate by tenure status"
"Sovraccarico del costo dell'abitazione per titolo di godimento, Italia",casa_titolo_godimento,regione,Proprietà senza mutuo,2025,2.1,Valori percentuali,"Eurostat, EU-SILC","ilc_lvho07c, Housing cost overburden rate by tenure status"
"Sovraccarico del costo dell'abitazione, totale Italia",casa_titolo_godimento_totale,ripartizione,Italia,2025,5.0,Valori percentuali,"Eurostat, EU-SILC","ilc_lvho07c, Housing cost overburden rate by tenure status"
