indicatore,codice,livello,territorio,anno,valore,unita,fonte,archivio
Tasso di infortuni mortali e inabilità permanente,03LAV007,provincia,Agrigento,2018,13.5,per 10.000 occupati,Istat,"BES dei Territori (Bes at local level), DF_BES_TERRIT_0T, dominio BES_03"
Tasso di infortuni mortali e inabilità permanente,03LAV007,provincia,Agrigento,2019,13.3,per 10.000 occupati,Istat,"BES dei Territori (Bes at local level), DF_BES_TERRIT_0T, dominio BES_03"
Tasso di infortuni mortali e inabilità permanente,03LAV007,provincia,Agrigento,2020,11.2,per 10.000 occupati,Istat,"BES dei Territori (Bes at local level), DF_BES_TERRIT_0T, dominio BES_03"
Tasso di infortuni mortali e inabilità permanente,03LAV007,provincia,Agrigento,2021,14.0,per 10.000 occupati,Istat,"BES dei Territori (Bes at local level), DF_BES_TERRIT_0T, dominio BES_03"
Tasso di infortuni mortali e inabilità permanente,03LAV007,provincia,Agrigento,2022,13.0,per 10.000 occupati,Istat,"BES dei Territori (Bes at local level), DF_BES_TERRIT_0T, dominio BES_03"
Tasso di infortuni mortali e inabilità permanente,03LAV007,provincia,Alessandria,2018,12.9,per 10.000 occupati,Istat,"BES dei Territori (Bes at local level), DF_BES_TERRIT_0T, dominio BES_03"
Tasso di infortuni mortali e inabilità permanente,03LAV007,provincia,Alessandria,2019,13.0,per 10.000 occupati,Istat,"BES dei Territori (Bes at local level), DF_BES_TERRIT_0T, dominio BES_03"
Tasso di infortuni mortali e inabilità permanente,03LAV007,provincia,Alessandria,2020,11.6,per 10.000 occupati,Istat,"BES dei Territori (Bes at local level), DF_BES_TERRIT_0T, dominio BES_03"
Tasso di infortuni mortali e inabilità permanente,03LAV007,provincia,Alessandria,2021,11.0,per 10.000 occupati,Istat,"BES dei Territori (Bes at local level), DF_BES_TERRIT_0T, dominio BES_03"
Tasso di infortuni mortali e inabilità permanente,03LAV007,provincia,Alessandria,2022,11.7,per 10.000 occupati,Istat,"BES dei Territori (Bes at local level), DF_BES_TERRIT_0T, dominio BES_03"
Tasso di infortuni mortali e inabilità permanente,03LAV007,provincia,Ancona,2018,14.9,per 10.000 occupati,Istat,"BES dei Territori (Bes at local level), DF_BES_TERRIT_0T, dominio BES_03"
Tasso di infortuni mortali e inabilità permanente,03LAV007,provincia,Ancona,2019,14.6,per 10.000 occupati,Istat,"BES dei Territori (Bes at local level), DF_BES_TERRIT_0T, dominio BES_03"
Tasso di infortuni mortali e inabilità permanente,03LAV007,provincia,Ancona,2020,14.4,per 10.000 occupati,Istat,"BES dei Territori (Bes at local level), DF_BES_TERRIT_0T, dominio BES_03"
Tasso di infortuni mortali e inabilità permanente,03LAV007,provincia,Ancona,2021,16.3,per 10.000 occupati,Istat,"BES dei Territori (Bes at local level), DF_BES_TERRIT_0T, dominio BES_03"
Tasso di infortuni mortali e inabilità permanente,03LAV007,provincia,Ancona,2022,16.7,per 10.000 occupati,Istat,"BES dei Territori (Bes at local level), DF_BES_TERRIT_0T, dominio BES_03"
Tasso di infortuni mortali e inabilità permanente,03LAV007,provincia,Aosta,2018,9.9,per 10.000 occupati,Istat,"BES dei Territori (Bes at local level), DF_BES_TERRIT_0T, dominio BES_03"
Tasso di infortuni mortali e inabilità permanente,03LAV007,provincia,Aosta,2019,9.5,per 10.000 occupati,Istat,"BES dei Territori (Bes at local level), DF_BES_TERRIT_0T, dominio BES_03"
Tasso di infortuni mortali e inabilità permanente,03LAV007,provincia,Aosta,2020,9.9,per 10.000 occupati,Istat,"BES dei Territori (Bes at local level), DF_BES_TERRIT_0T, dominio BES_03"
Tasso di infortuni mortali e inabilità permanente,03LAV007,provincia,Aosta,2021,10.5,per 10.000 occupati,Istat,"BES dei Territori (Bes at local level), DF_BES_TERRIT_0T, dominio BES_03"
Tasso di infortuni mortali e inabilità permanente,03LAV007,provincia,Aosta,2022,10.2,per 10.000 occupati,Istat,"BES dei Territori (Bes at local level), DF_BES_TERRIT_0T, dominio BES_03"
Tasso di infortuni mortali e inabilità permanente,03LAV007,provincia,Arezzo,2018,30.5,per 10.000 occupati,Istat,"BES dei Territori (Bes at local level), DF_BES_TERRIT_0T, dominio BES_03"
Tasso di infortuni mortali e inabilità permanente,03LAV007,provincia,Arezzo,2019,22.6,per 10.000 occupati,Istat,"BES dei Territori (Bes at local level), DF_BES_TERRIT_0T, dominio BES_03"
Tasso di infortuni mortali e inabilità permanente,03LAV007,provincia,Arezzo,2020,19.5,per 10.000 occupati,Istat,"BES dei Territori (Bes at local level), DF_BES_TERRIT_0T, dominio BES_03"
Tasso di infortuni mortali e inabilità permanente,03LAV007,provincia,Arezzo,2021,19.7,per 10.000 occupati,Istat,"BES dei Territori (Bes at local level), DF_BES_TERRIT_0T, dominio BES_03"
Tasso di infortuni mortali e inabilità permanente,03LAV007,provincia,Arezzo,2022,20.3,per 10.000 occupati,Istat,"BES dei Territori (Bes at local level), DF_BES_TERRIT_0T, dominio BES_03"
Tasso di infortuni mortali e inabilità permanente,03LAV007,provincia,Ascoli Piceno,2018,23.9,per 10.000 occupati,Istat,"BES dei Territori (Bes at local level), DF_BES_TERRIT_0T, dominio BES_03"
Tasso di infortuni mortali e inabilità permanente,03LAV007,provincia,Ascoli Piceno,2019,26.0,per 10.000 occupati,Istat,"BES dei Territori (Bes at local level), DF_BES_TERRIT_0T, dominio BES_03"
Tasso di infortuni mortali e inabilità permanente,03LAV007,provincia,Ascoli Piceno,2020,21.1,per 10.000 occupati,Istat,"BES dei Territori (Bes at local level), DF_BES_TERRIT_0T, dominio BES_03"
Tasso di infortuni mortali e inabilità permanente,03LAV007,provincia,Ascoli Piceno,2021,22.2,per 10.000 occupati,Istat,"BES dei Territori (Bes at local level), DF_BES_TERRIT_0T, dominio BES_03"
Tasso di infortuni mortali e inabilità permanente,03LAV007,provincia,Ascoli Piceno,2022,15.7,per 10.000 occupati,Istat,"BES dei Territori (Bes at local level), DF_BES_TERRIT_0T, dominio BES_03"
Tasso di infortuni mortali e inabilità permanente,03LAV007,provincia,Asti,2018,9.3,per 10.000 occupati,Istat,"BES dei Territori (Bes at local level), DF_BES_TERRIT_0T, dominio BES_03"
Tasso di infortuni mortali e inabilità permanente,03LAV007,provincia,Asti,2019,10.4,per 10.000 occupati,Istat,"BES dei Territori (Bes at local level), DF_BES_TERRIT_0T, dominio BES_03"
Tasso di infortuni mortali e inabilità permanente,03LAV007,provincia,Asti,2020,7.9,per 10.000 occupati,Istat,"BES dei Territori (Bes at local level), DF_BES_TERRIT_0T, dominio BES_03"
Tasso di infortuni mortali e inabilità permanente,03LAV007,provincia,Asti,2021,10.9,per 10.000 occupati,Istat,"BES dei Territori (Bes at local level), DF_BES_TERRIT_0T, dominio BES_03"
Tasso di infortuni mortali e inabilità permanente,03LAV007,provincia,Asti,2022,9.9,per 10.000 occupati,Istat,"BES dei Territori (Bes at local level), DF_BES_TERRIT_0T, dominio BES_03"
Tasso di infortuni mortali e inabilità permanente,03LAV007,provincia,Avellino,2018,15.4,per 10.000 occupati,Istat,"BES dei Territori (Bes at local level), DF_BES_TERRIT_0T, dominio BES_03"
Tasso di infortuni mortali e inabilità permanente,03LAV007,provincia,Avellino,2019,15.2,per 10.000 occupati,Istat,"BES dei Territori (Bes at local level), DF_BES_TERRIT_0T, dominio BES_03"
Tasso di infortuni mortali e inabilità permanente,03LAV007,provincia,Avellino,2020,13.2,per 10.000 occupati,Istat,"BES dei Territori (Bes at local level), DF_BES_TERRIT_0T, dominio BES_03"
Tasso di infortuni mortali e inabilità permanente,03LAV007,provincia,Avellino,2021,11.8,per 10.000 occupati,Istat,"BES dei Territori (Bes at local level), DF_BES_TERRIT_0T, dominio BES_03"
Tasso di infortuni mortali e inabilità permanente,03LAV007,provincia,Avellino,2022,14.4,per 10.000 occupati,Istat,"BES dei Territori (Bes at local level), DF_BES_TERRIT_0T, dominio BES_03"
Tasso di infortuni mortali e inabilità permanente,03LAV007,provincia,Bari,2018,12.5,per 10.000 occupati,Istat,"BES dei Territori (Bes at local level), DF_BES_TERRIT_0T, dominio BES_03"
Tasso di infortuni mortali e inabilità permanente,03LAV007,provincia,Bari,2019,11.7,per 10.000 occupati,Istat,"BES dei Territori (Bes at local level), DF_BES_TERRIT_0T, dominio BES_03"
Tasso di infortuni mortali e inabilità permanente,03LAV007,provincia,Bari,2020,10.4,per 10.000 occupati,Istat,"BES dei Territori (Bes at local level), DF_BES_TERRIT_0T, dominio BES_03"
Tasso di infortuni mortali e inabilità permanente,03LAV007,provincia,Bari,2021,12.6,per 10.000 occupati,Istat,"BES dei Territori (Bes at local level), DF_BES_TERRIT_0T, dominio BES_03"
Tasso di infortuni mortali e inabilità permanente,03LAV007,provincia,Bari,2022,13.4,per 10.000 occupati,Istat,"BES dei Territori (Bes at local level), DF_BES_TERRIT_0T, dominio BES_03"
Tasso di infortuni mortali e inabilità permanente,03LAV007,provincia,Belluno,2018,9.4,per 10.000 occupati,Istat,"BES dei Territori (Bes at local level), DF_BES_TERRIT_0T, dominio BES_03"
Tasso di infortuni mortali e inabilità permanente,03LAV007,provincia,Belluno,2019,7.5,per 10.000 occupati,Istat,"BES dei Territori (Bes at local level), DF_BES_TERRIT_0T, dominio BES_03"
Tasso di infortuni mortali e inabilità permanente,03LAV007,provincia,Belluno,2020,9.8,per 10.000 occupati,Istat,"BES dei Territori (Bes at local level), DF_BES_TERRIT_0T, dominio BES_03"
Tasso di infortuni mortali e inabilità permanente,03LAV007,provincia,Belluno,2021,10.2,per 10.000 occupati,Istat,"BES dei Territori (Bes at local level), DF_BES_TERRIT_0T, dominio BES_03"
Tasso di infortuni mortali e inabilità permanente,03LAV007,provincia,Belluno,2022,8.4,per 10.000 occupati,Istat,"BES dei Territori (Bes at local level), DF_BES_TERRIT_0T, dominio BES_03"
Tasso di infortuni mortali e inabilità permanente,03LAV007,provincia,Benevento,2018,20.4,per 10.000 occupati,Istat,"BES dei Territori (Bes at local level), DF_BES_TERRIT_0T, dominio BES_03"
Tasso di infortuni mortali e inabilità permanente,03LAV007,provincia,Benevento,2019,17.2,per 10.000 occupati,Istat,"BES dei Territori (Bes at local level), DF_BES_TERRIT_0T, dominio BES_03"
Tasso di infortuni mortali e inabilità permanente,03LAV007,provincia,Benevento,2020,13.5,per 10.000 occupati,Istat,"BES dei Territori (Bes at local level), DF_BES_TERRIT_0T, dominio BES_03"
Tasso di infortuni mortali e inabilità permanente,03LAV007,provincia,Benevento,2021,12.7,per 10.000 occupati,Istat,"BES dei Territori (Bes at local level), DF_BES_TERRIT_0T, dominio BES_03"
Tasso di infortuni mortali e inabilità permanente,03LAV007,provincia,Benevento,2022,13.7,per 10.000 occupati,Istat,"BES dei Territori (Bes at local level), DF_BES_TERRIT_0T, dominio BES_03"
Tasso di infortuni mortali e inabilità permanente,03LAV007,provincia,Bergamo,2018,12.4,per 10.000 occupati,Istat,"BES dei Territori (Bes at local level), DF_BES_TERRIT_0T, dominio BES_03"
Tasso di infortuni mortali e inabilità permanente,03LAV007,provincia,Bergamo,2019,10.9,per 10.000 occupati,Istat,"BES dei Territori (Bes at local level), DF_BES_TERRIT_0T, dominio BES_03"
Tasso di infortuni mortali e inabilità permanente,03LAV007,provincia,Bergamo,2020,12.2,per 10.000 occupati,Istat,"BES dei Territori (Bes at local level), DF_BES_TERRIT_0T, dominio BES_03"
Tasso di infortuni mortali e inabilità permanente,03LAV007,provincia,Bergamo,2021,12.2,per 10.000 occupati,Istat,"BES dei Territori (Bes at local level), DF_BES_TERRIT_0T, dominio BES_03"
Tasso di infortuni mortali e inabilità permanente,03LAV007,provincia,Bergamo,2022,10.1,per 10.000 occupati,Istat,"BES dei Territori (Bes at local level), DF_BES_TERRIT_0T, dominio BES_03"
Tasso di infortuni mortali e inabilità permanente,03LAV007,provincia,Biella,2018,4.8,per 10.000 occupati,Istat,"BES dei Territori (Bes at local level), DF_BES_TERRIT_0T, dominio BES_03"
Tasso di infortuni mortali e inabilità permanente,03LAV007,provincia,Biella,2019,4.0,per 10.000 occupati,Istat,"BES dei Territori (Bes at local level), DF_BES_TERRIT_0T, dominio BES_03"
Tasso di infortuni mortali e inabilità permanente,03LAV007,provincia,Biella,2020,5.2,per 10.000 occupati,Istat,"BES dei Territori (Bes at local level), DF_BES_TERRIT_0T, dominio BES_03"
Tasso di infortuni mortali e inabilità permanente,03LAV007,provincia,Biella,2021,4.9,per 10.000 occupati,Istat,"BES dei Territori (Bes at local level), DF_BES_TERRIT_0T, dominio BES_03"
Tasso di infortuni mortali e inabilità permanente,03LAV007,provincia,Biella,2022,6.3,per 10.000 occupati,Istat,"BES dei Territori (Bes at local level), DF_BES_TERRIT_0T, dominio BES_03"
Tasso di infortuni mortali e inabilità permanente,03LAV007,provincia,Bologna,2018,10.7,per 10.000 occupati,Istat,"BES dei Territori (Bes at local level), DF_BES_TERRIT_0T, dominio BES_03"
Tasso di infortuni mortali e inabilità permanente,03LAV007,provincia,Bologna,2019,10.0,per 10.000 occupati,Istat,"BES dei Territori (Bes at local level), DF_BES_TERRIT_0T, dominio BES_03"
Tasso di infortuni mortali e inabilità permanente,03LAV007,provincia,Bologna,2020,9.6,per 10.000 occupati,Istat,"BES dei Territori (Bes at local level), DF_BES_TERRIT_0T, dominio BES_03"
Tasso di infortuni mortali e inabilità permanente,03LAV007,provincia,Bologna,2021,9.9,per 10.000 occupati,Istat,"BES dei Territori (Bes at local level), DF_BES_TERRIT_0T, dominio BES_03"
Tasso di infortuni mortali e inabilità permanente,03LAV007,provincia,Bologna,2022,8.6,per 10.000 occupati,Istat,"BES dei Territori (Bes at local level), DF_BES_TERRIT_0T, dominio BES_03"
Tasso di infortuni mortali e inabilità permanente,03LAV007,provincia,Bolzano,2018,14.4,per 10.000 occupati,Istat,"BES dei Territori (Bes at local level), DF_BES_TERRIT_0T, dominio BES_03"
Tasso di infortuni mortali e inabilità permanente,03LAV007,provincia,Bolzano,2019,14.0,per 10.000 occupati,Istat,"BES dei Territori (Bes at local level), DF_BES_TERRIT_0T, dominio BES_03"
Tasso di infortuni mortali e inabilità permanente,03LAV007,provincia,Bolzano,2020,13.6,per 10.000 occupati,Istat,"BES dei Territori (Bes at local level), DF_BES_TERRIT_0T, dominio BES_03"
Tasso di infortuni mortali e inabilità permanente,03LAV007,provincia,Bolzano,2021,13.9,per 10.000 occupati,Istat,"BES dei Territori (Bes at local level), DF_BES_TERRIT_0T, dominio BES_03"
Tasso di infortuni mortali e inabilità permanente,03LAV007,provincia,Bolzano,2022,12.5,per 10.000 occupati,Istat,"BES dei Territori (Bes at local level), DF_BES_TERRIT_0T, dominio BES_03"
Tasso di infortuni mortali e inabilità permanente,03LAV007,provincia,Brescia,2018,10.8,per 10.000 occupati,Istat,"BES dei Territori (Bes at local level), DF_BES_TERRIT_0T, dominio BES_03"
Tasso di infortuni mortali e inabilità permanente,03LAV007,provincia,Brescia,2019,10.5,per 10.000 occupati,Istat,"BES dei Territori (Bes at local level), DF_BES_TERRIT_0T, dominio BES_03"
Tasso di infortuni mortali e inabilità permanente,03LAV007,provincia,Brescia,2020,10.8,per 10.000 occupati,Istat,"BES dei Territori (Bes at local level), DF_BES_TERRIT_0T, dominio BES_03"
Tasso di infortuni mortali e inabilità permanente,03LAV007,provincia,Brescia,2021,11.8,per 10.000 occupati,Istat,"BES dei Territori (Bes at local level), DF_BES_TERRIT_0T, dominio BES_03"
Tasso di infortuni mortali e inabilità permanente,03LAV007,provincia,Brescia,2022,11.2,per 10.000 occupati,Istat,"BES dei Territori (Bes at local level), DF_BES_TERRIT_0T, dominio BES_03"
Tasso di infortuni mortali e inabilità permanente,03LAV007,provincia,Brindisi,2018,14.3,per 10.000 occupati,Istat,"BES dei Territori (Bes at local level), DF_BES_TERRIT_0T, dominio BES_03"
Tasso di infortuni mortali e inabilità permanente,03LAV007,provincia,Brindisi,2019,12.3,per 10.000 occupati,Istat,"BES dei Territori (Bes at local level), DF_BES_TERRIT_0T, dominio BES_03"
Tasso di infortuni mortali e inabilità permanente,03LAV007,provincia,Brindisi,2020,14.7,per 10.000 occupati,Istat,"BES dei Territori (Bes at local level), DF_BES_TERRIT_0T, dominio BES_03"
Tasso di infortuni mortali e inabilità permanente,03LAV007,provincia,Brindisi,2021,18.0,per 10.000 occupati,Istat,"BES dei Territori (Bes at local level), DF_BES_TERRIT_0T, dominio BES_03"
Tasso di infortuni mortali e inabilità permanente,03LAV007,provincia,Brindisi,2022,13.5,per 10.000 occupati,Istat,"BES dei Territori (Bes at local level), DF_BES_TERRIT_0T, dominio BES_03"
Tasso di infortuni mortali e inabilità permanente,03LAV007,provincia,Cagliari,2018,14.3,per 10.000 occupati,Istat,"BES dei Territori (Bes at local level), DF_BES_TERRIT_0T, dominio BES_03"
Tasso di infortuni mortali e inabilità permanente,03LAV007,provincia,Cagliari,2019,12.2,per 10.000 occupati,Istat,"BES dei Territori (Bes at local level), DF_BES_TERRIT_0T, dominio BES_03"
Tasso di infortuni mortali e inabilità permanente,03LAV007,provincia,Cagliari,2020,10.1,per 10.000 occupati,Istat,"BES dei Territori (Bes at local level), DF_BES_TERRIT_0T, dominio BES_03"
Tasso di infortuni mortali e inabilità permanente,03LAV007,provincia,Cagliari,2021,9.3,per 10.000 occupati,Istat,"BES dei Territori (Bes at local level), DF_BES_TERRIT_0T, dominio BES_03"
Tasso di infortuni mortali e inabilità permanente,03LAV007,provincia,Cagliari,2022,8.4,per 10.000 occupati,Istat,"BES dei Territori (Bes at local level), DF_BES_TERRIT_0T, dominio BES_03"
Tasso di infortuni mortali e inabilità permanente,03LAV007,provincia,Caltanissetta,2018,18.7,per 10.000 occupati,Istat,"BES dei Territori (Bes at local level), DF_BES_TERRIT_0T, dominio BES_03"
Tasso di infortuni mortali e inabilità permanente,03LAV007,provincia,Caltanissetta,2019,19.9,per 10.000 occupati,Istat,"BES dei Territori (Bes at local level), DF_BES_TERRIT_0T, dominio BES_03"
Tasso di infortuni mortali e inabilità permanente,03LAV007,provincia,Caltanissetta,2020,15.0,per 10.000 occupati,Istat,"BES dei Territori (Bes at local level), DF_BES_TERRIT_0T, dominio BES_03"
Tasso di infortuni mortali e inabilità permanente,03LAV007,provincia,Caltanissetta,2021,13.0,per 10.000 occupati,Istat,"BES dei Territori (Bes at local level), DF_BES_TERRIT_0T, dominio BES_03"
Tasso di infortuni mortali e inabilità permanente,03LAV007,provincia,Caltanissetta,2022,15.5,per 10.000 occupati,Istat,"BES dei Territori (Bes at local level), DF_BES_TERRIT_0T, dominio BES_03"
Tasso di infortuni mortali e inabilità permanente,03LAV007,provincia,Campobasso,2018,13.5,per 10.000 occupati,Istat,"BES dei Territori (Bes at local level), DF_BES_TERRIT_0T, dominio BES_03"
Tasso di infortuni mortali e inabilità permanente,03LAV007,provincia,Campobasso,2019,11.4,per 10.000 occupati,Istat,"BES dei Territori (Bes at local level), DF_BES_TERRIT_0T, dominio BES_03"
Tasso di infortuni mortali e inabilità permanente,03LAV007,provincia,Campobasso,2020,13.2,per 10.000 occupati,Istat,"BES dei Territori (Bes at local level), DF_BES_TERRIT_0T, dominio BES_03"
Tasso di infortuni mortali e inabilità permanente,03LAV007,provincia,Campobasso,2021,14.8,per 10.000 occupati,Istat,"BES dei Territori (Bes at local level), DF_BES_TERRIT_0T, dominio BES_03"
Tasso di infortuni mortali e inabilità permanente,03LAV007,provincia,Campobasso,2022,13.1,per 10.000 occupati,Istat,"BES dei Territori (Bes at local level), DF_BES_TERRIT_0T, dominio BES_03"
Tasso di infortuni mortali e inabilità permanente,03LAV007,provincia,Caserta,2018,11.9,per 10.000 occupati,Istat,"BES dei Territori (Bes at local level), DF_BES_TERRIT_0T, dominio BES_03"
Tasso di infortuni mortali e inabilità permanente,03LAV007,provincia,Caserta,2019,11.5,per 10.000 occupati,Istat,"BES dei Territori (Bes at local level), DF_BES_TERRIT_0T, dominio BES_03"
Tasso di infortuni mortali e inabilità permanente,03LAV007,provincia,Caserta,2020,10.6,per 10.000 occupati,Istat,"BES dei Territori (Bes at local level), DF_BES_TERRIT_0T, dominio BES_03"
Tasso di infortuni mortali e inabilità permanente,03LAV007,provincia,Caserta,2021,9.2,per 10.000 occupati,Istat,"BES dei Territori (Bes at local level), DF_BES_TERRIT_0T, dominio BES_03"
Tasso di infortuni mortali e inabilità permanente,03LAV007,provincia,Caserta,2022,9.8,per 10.000 occupati,Istat,"BES dei Territori (Bes at local level), DF_BES_TERRIT_0T, dominio BES_03"
Tasso di infortuni mortali e inabilità permanente,03LAV007,provincia,Catania,2018,16.9,per 10.000 occupati,Istat,"BES dei Territori (Bes at local level), DF_BES_TERRIT_0T, dominio BES_03"
Tasso di infortuni mortali e inabilità permanente,03LAV007,provincia,Catania,2019,16.9,per 10.000 occupati,Istat,"BES dei Territori (Bes at local level), DF_BES_TERRIT_0T, dominio BES_03"
Tasso di infortuni mortali e inabilità permanente,03LAV007,provincia,Catania,2020,11.3,per 10.000 occupati,Istat,"BES dei Territori (Bes at local level), DF_BES_TERRIT_0T, dominio BES_03"
Tasso di infortuni mortali e inabilità permanente,03LAV007,provincia,Catania,2021,12.1,per 10.000 occupati,Istat,"BES dei Territori (Bes at local level), DF_BES_TERRIT_0T, dominio BES_03"
Tasso di infortuni mortali e inabilità permanente,03LAV007,provincia,Catania,2022,12.8,per 10.000 occupati,Istat,"BES dei Territori (Bes at local level), DF_BES_TERRIT_0T, dominio BES_03"
Tasso di infortuni mortali e inabilità permanente,03LAV007,provincia,Catanzaro,2018,13.3,per 10.000 occupati,Istat,"BES dei Territori (Bes at local level), DF_BES_TERRIT_0T, dominio BES_03"
Tasso di infortuni mortali e inabilità permanente,03LAV007,provincia,Catanzaro,2019,11.0,per 10.000 occupati,Istat,"BES dei Territori (Bes at local level), DF_BES_TERRIT_0T, dominio BES_03"
Tasso di infortuni mortali e inabilità permanente,03LAV007,provincia,Catanzaro,2020,10.6,per 10.000 occupati,Istat,"BES dei Territori (Bes at local level), DF_BES_TERRIT_0T, dominio BES_03"
Tasso di infortuni mortali e inabilità permanente,03LAV007,provincia,Catanzaro,2021,11.1,per 10.000 occupati,Istat,"BES dei Territori (Bes at local level), DF_BES_TERRIT_0T, dominio BES_03"
Tasso di infortuni mortali e inabilità permanente,03LAV007,provincia,Catanzaro,2022,8.0,per 10.000 occupati,Istat,"BES dei Territori (Bes at local level), DF_BES_TERRIT_0T, dominio BES_03"
Tasso di infortuni mortali e inabilità permanente,03LAV007,provincia,Chieti,2018,21.6,per 10.000 occupati,Istat,"BES dei Territori (Bes at local level), DF_BES_TERRIT_0T, dominio BES_03"
Tasso di infortuni mortali e inabilità permanente,03LAV007,provincia,Chieti,2019,20.9,per 10.000 occupati,Istat,"BES dei Territori (Bes at local level), DF_BES_TERRIT_0T, dominio BES_03"
Tasso di infortuni mortali e inabilità permanente,03LAV007,provincia,Chieti,2020,16.7,per 10.000 occupati,Istat,"BES dei Territori (Bes at local level), DF_BES_TERRIT_0T, dominio BES_03"
Tasso di infortuni mortali e inabilità permanente,03LAV007,provincia,Chieti,2021,17.6,per 10.000 occupati,Istat,"BES dei Territori (Bes at local level), DF_BES_TERRIT_0T, dominio BES_03"
Tasso di infortuni mortali e inabilità permanente,03LAV007,provincia,Chieti,2022,18.1,per 10.000 occupati,Istat,"BES dei Territori (Bes at local level), DF_BES_TERRIT_0T, dominio BES_03"
Tasso di infortuni mortali e inabilità permanente,03LAV007,provincia,Como,2018,6.5,per 10.000 occupati,Istat,"BES dei Territori (Bes at local level), DF_BES_TERRIT_0T, dominio BES_03"
Tasso di infortuni mortali e inabilità permanente,03LAV007,provincia,Como,2019,5.8,per 10.000 occupati,Istat,"BES dei Territori (Bes at local level), DF_BES_TERRIT_0T, dominio BES_03"
Tasso di infortuni mortali e inabilità permanente,03LAV007,provincia,Como,2020,5.0,per 10.000 occupati,Istat,"BES dei Territori (Bes at local level), DF_BES_TERRIT_0T, dominio BES_03"
Tasso di infortuni mortali e inabilità permanente,03LAV007,provincia,Como,2021,6.6,per 10.000 occupati,Istat,"BES dei Territori (Bes at local level), DF_BES_TERRIT_0T, dominio BES_03"
Tasso di infortuni mortali e inabilità permanente,03LAV007,provincia,Como,2022,6.7,per 10.000 occupati,Istat,"BES dei Territori (Bes at local level), DF_BES_TERRIT_0T, dominio BES_03"
Tasso di infortuni mortali e inabilità permanente,03LAV007,provincia,Cosenza,2018,17.8,per 10.000 occupati,Istat,"BES dei Territori (Bes at local level), DF_BES_TERRIT_0T, dominio BES_03"
Tasso di infortuni mortali e inabilità permanente,03LAV007,provincia,Cosenza,2019,17.2,per 10.000 occupati,Istat,"BES dei Territori (Bes at local level), DF_BES_TERRIT_0T, dominio BES_03"
Tasso di infortuni mortali e inabilità permanente,03LAV007,provincia,Cosenza,2020,14.5,per 10.000 occupati,Istat,"BES dei Territori (Bes at local level), DF_BES_TERRIT_0T, dominio BES_03"
Tasso di infortuni mortali e inabilità permanente,03LAV007,provincia,Cosenza,2021,16.3,per 10.000 occupati,Istat,"BES dei Territori (Bes at local level), DF_BES_TERRIT_0T, dominio BES_03"
Tasso di infortuni mortali e inabilità permanente,03LAV007,provincia,Cosenza,2022,13.9,per 10.000 occupati,Istat,"BES dei Territori (Bes at local level), DF_BES_TERRIT_0T, dominio BES_03"
Tasso di infortuni mortali e inabilità permanente,03LAV007,provincia,Cremona,2018,8.2,per 10.000 occupati,Istat,"BES dei Territori (Bes at local level), DF_BES_TERRIT_0T, dominio BES_03"
Tasso di infortuni mortali e inabilità permanente,03LAV007,provincia,Cremona,2019,8.7,per 10.000 occupati,Istat,"BES dei Territori (Bes at local level), DF_BES_TERRIT_0T, dominio BES_03"
Tasso di infortuni mortali e inabilità permanente,03LAV007,provincia,Cremona,2020,11.5,per 10.000 occupati,Istat,"BES dei Territori (Bes at local level), DF_BES_TERRIT_0T, dominio BES_03"
Tasso di infortuni mortali e inabilità permanente,03LAV007,provincia,Cremona,2021,8.8,per 10.000 occupati,Istat,"BES dei Territori (Bes at local level), DF_BES_TERRIT_0T, dominio BES_03"
Tasso di infortuni mortali e inabilità permanente,03LAV007,provincia,Cremona,2022,9.9,per 10.000 occupati,Istat,"BES dei Territori (Bes at local level), DF_BES_TERRIT_0T, dominio BES_03"
Tasso di infortuni mortali e inabilità permanente,03LAV007,provincia,Crotone,2018,16.9,per 10.000 occupati,Istat,"BES dei Territori (Bes at local level), DF_BES_TERRIT_0T, dominio BES_03"
Tasso di infortuni mortali e inabilità permanente,03LAV007,provincia,Crotone,2019,12.7,per 10.000 occupati,Istat,"BES dei Territori (Bes at local level), DF_BES_TERRIT_0T, dominio BES_03"
Tasso di infortuni mortali e inabilità permanente,03LAV007,provincia,Crotone,2020,13.8,per 10.000 occupati,Istat,"BES dei Territori (Bes at local level), DF_BES_TERRIT_0T, dominio BES_03"
Tasso di infortuni mortali e inabilità permanente,03LAV007,provincia,Crotone,2021,17.6,per 10.000 occupati,Istat,"BES dei Territori (Bes at local level), DF_BES_TERRIT_0T, dominio BES_03"
Tasso di infortuni mortali e inabilità permanente,03LAV007,provincia,Crotone,2022,14.0,per 10.000 occupati,Istat,"BES dei Territori (Bes at local level), DF_BES_TERRIT_0T, dominio BES_03"
Tasso di infortuni mortali e inabilità permanente,03LAV007,provincia,Cuneo,2018,13.2,per 10.000 occupati,Istat,"BES dei Territori (Bes at local level), DF_BES_TERRIT_0T, dominio BES_03"
Tasso di infortuni mortali e inabilità permanente,03LAV007,provincia,Cuneo,2019,12.6,per 10.000 occupati,Istat,"BES dei Territori (Bes at local level), DF_BES_TERRIT_0T, dominio BES_03"
Tasso di infortuni mortali e inabilità permanente,03LAV007,provincia,Cuneo,2020,11.8,per 10.000 occupati,Istat,"BES dei Territori (Bes at local level), DF_BES_TERRIT_0T, dominio BES_03"
Tasso di infortuni mortali e inabilità permanente,03LAV007,provincia,Cuneo,2021,11.4,per 10.000 occupati,Istat,"BES dei Territori (Bes at local level), DF_BES_TERRIT_0T, dominio BES_03"
Tasso di infortuni mortali e inabilità permanente,03LAV007,provincia,Cuneo,2022,11.1,per 10.000 occupati,Istat,"BES dei Territori (Bes at local level), DF_BES_TERRIT_0T, dominio BES_03"
Tasso di infortuni mortali e inabilità permanente,03LAV007,provincia,Enna,2018,16.2,per 10.000 occupati,Istat,"BES dei Territori (Bes at local level), DF_BES_TERRIT_0T, dominio BES_03"
Tasso di infortuni mortali e inabilità permanente,03LAV007,provincia,Enna,2019,14.4,per 10.000 occupati,Istat,"BES dei Territori (Bes at local level), DF_BES_TERRIT_0T, dominio BES_03"
Tasso di infortuni mortali e inabilità permanente,03LAV007,provincia,Enna,2020,13.9,per 10.000 occupati,Istat,"BES dei Territori (Bes at local level), DF_BES_TERRIT_0T, dominio BES_03"
Tasso di infortuni mortali e inabilità permanente,03LAV007,provincia,Enna,2021,16.9,per 10.000 occupati,Istat,"BES dei Territori (Bes at local level), DF_BES_TERRIT_0T, dominio BES_03"
Tasso di infortuni mortali e inabilità permanente,03LAV007,provincia,Enna,2022,12.9,per 10.000 occupati,Istat,"BES dei Territori (Bes at local level), DF_BES_TERRIT_0T, dominio BES_03"
Tasso di infortuni mortali e inabilità permanente,03LAV007,provincia,Ferrara,2018,10.5,per 10.000 occupati,Istat,"BES dei Territori (Bes at local level), DF_BES_TERRIT_0T, dominio BES_03"
Tasso di infortuni mortali e inabilità permanente,03LAV007,provincia,Ferrara,2019,9.9,per 10.000 occupati,Istat,"BES dei Territori (Bes at local level), DF_BES_TERRIT_0T, dominio BES_03"
Tasso di infortuni mortali e inabilità permanente,03LAV007,provincia,Ferrara,2020,9.7,per 10.000 occupati,Istat,"BES dei Territori (Bes at local level), DF_BES_TERRIT_0T, dominio BES_03"
Tasso di infortuni mortali e inabilità permanente,03LAV007,provincia,Ferrara,2021,11.1,per 10.000 occupati,Istat,"BES dei Territori (Bes at local level), DF_BES_TERRIT_0T, dominio BES_03"
Tasso di infortuni mortali e inabilità permanente,03LAV007,provincia,Ferrara,2022,12.8,per 10.000 occupati,Istat,"BES dei Territori (Bes at local level), DF_BES_TERRIT_0T, dominio BES_03"
Tasso di infortuni mortali e inabilità permanente,03LAV007,provincia,Firenze,2018,10.6,per 10.000 occupati,Istat,"BES dei Territori (Bes at local level), DF_BES_TERRIT_0T, dominio BES_03"
Tasso di infortuni mortali e inabilità permanente,03LAV007,provincia,Firenze,2019,9.7,per 10.000 occupati,Istat,"BES dei Territori (Bes at local level), DF_BES_TERRIT_0T, dominio BES_03"
Tasso di infortuni mortali e inabilità permanente,03LAV007,provincia,Firenze,2020,8.1,per 10.000 occupati,Istat,"BES dei Territori (Bes at local level), DF_BES_TERRIT_0T, dominio BES_03"
Tasso di infortuni mortali e inabilità permanente,03LAV007,provincia,Firenze,2021,8.8,per 10.000 occupati,Istat,"BES dei Territori (Bes at local level), DF_BES_TERRIT_0T, dominio BES_03"
Tasso di infortuni mortali e inabilità permanente,03LAV007,provincia,Firenze,2022,9.0,per 10.000 occupati,Istat,"BES dei Territori (Bes at local level), DF_BES_TERRIT_0T, dominio BES_03"
Tasso di infortuni mortali e inabilità permanente,03LAV007,provincia,Foggia,2018,13.8,per 10.000 occupati,Istat,"BES dei Territori (Bes at local level), DF_BES_TERRIT_0T, dominio BES_03"
Tasso di infortuni mortali e inabilità permanente,03LAV007,provincia,Foggia,2019,13.4,per 10.000 occupati,Istat,"BES dei Territori (Bes at local level), DF_BES_TERRIT_0T, dominio BES_03"
Tasso di infortuni mortali e inabilità permanente,03LAV007,provincia,Foggia,2020,13.9,per 10.000 occupati,Istat,"BES dei Territori (Bes at local level), DF_BES_TERRIT_0T, dominio BES_03"
Tasso di infortuni mortali e inabilità permanente,03LAV007,provincia,Foggia,2021,14.0,per 10.000 occupati,Istat,"BES dei Territori (Bes at local level), DF_BES_TERRIT_0T, dominio BES_03"
Tasso di infortuni mortali e inabilità permanente,03LAV007,provincia,Foggia,2022,12.8,per 10.000 occupati,Istat,"BES dei Territori (Bes at local level), DF_BES_TERRIT_0T, dominio BES_03"
Tasso di infortuni mortali e inabilità permanente,03LAV007,provincia,Forlì-Cesena,2018,20.2,per 10.000 occupati,Istat,"BES dei Territori (Bes at local level), DF_BES_TERRIT_0T, dominio BES_03"
Tasso di infortuni mortali e inabilità permanente,03LAV007,provincia,Forlì-Cesena,2019,16.6,per 10.000 occupati,Istat,"BES dei Territori (Bes at local level), DF_BES_TERRIT_0T, dominio BES_03"
Tasso di infortuni mortali e inabilità permanente,03LAV007,provincia,Forlì-Cesena,2020,15.6,per 10.000 occupati,Istat,"BES dei Territori (Bes at local level), DF_BES_TERRIT_0T, dominio BES_03"
Tasso di infortuni mortali e inabilità permanente,03LAV007,provincia,Forlì-Cesena,2021,17.0,per 10.000 occupati,Istat,"BES dei Territori (Bes at local level), DF_BES_TERRIT_0T, dominio BES_03"
Tasso di infortuni mortali e inabilità permanente,03LAV007,provincia,Forlì-Cesena,2022,17.6,per 10.000 occupati,Istat,"BES dei Territori (Bes at local level), DF_BES_TERRIT_0T, dominio BES_03"
Tasso di infortuni mortali e inabilità permanente,03LAV007,provincia,Frosinone,2018,10.1,per 10.000 occupati,Istat,"BES dei Territori (Bes at local level), DF_BES_TERRIT_0T, dominio BES_03"
Tasso di infortuni mortali e inabilità permanente,03LAV007,provincia,Frosinone,2019,11.0,per 10.000 occupati,Istat,"BES dei Territori (Bes at local level), DF_BES_TERRIT_0T, dominio BES_03"
Tasso di infortuni mortali e inabilità permanente,03LAV007,provincia,Frosinone,2020,9.3,per 10.000 occupati,Istat,"BES dei Territori (Bes at local level), DF_BES_TERRIT_0T, dominio BES_03"
Tasso di infortuni mortali e inabilità permanente,03LAV007,provincia,Frosinone,2021,8.1,per 10.000 occupati,Istat,"BES dei Territori (Bes at local level), DF_BES_TERRIT_0T, dominio BES_03"
Tasso di infortuni mortali e inabilità permanente,03LAV007,provincia,Frosinone,2022,10.6,per 10.000 occupati,Istat,"BES dei Territori (Bes at local level), DF_BES_TERRIT_0T, dominio BES_03"
Tasso di infortuni mortali e inabilità permanente,03LAV007,provincia,Genova,2018,16.2,per 10.000 occupati,Istat,"BES dei Territori (Bes at local level), DF_BES_TERRIT_0T, dominio BES_03"
Tasso di infortuni mortali e inabilità permanente,03LAV007,provincia,Genova,2019,13.5,per 10.000 occupati,Istat,"BES dei Territori (Bes at local level), DF_BES_TERRIT_0T, dominio BES_03"
Tasso di infortuni mortali e inabilità permanente,03LAV007,provincia,Genova,2020,12.0,per 10.000 occupati,Istat,"BES dei Territori (Bes at local level), DF_BES_TERRIT_0T, dominio BES_03"
Tasso di infortuni mortali e inabilità permanente,03LAV007,provincia,Genova,2021,12.8,per 10.000 occupati,Istat,"BES dei Territori (Bes at local level), DF_BES_TERRIT_0T, dominio BES_03"
Tasso di infortuni mortali e inabilità permanente,03LAV007,provincia,Genova,2022,11.8,per 10.000 occupati,Istat,"BES dei Territori (Bes at local level), DF_BES_TERRIT_0T, dominio BES_03"
Tasso di infortuni mortali e inabilità permanente,03LAV007,provincia,Gorizia,2018,10.2,per 10.000 occupati,Istat,"BES dei Territori (Bes at local level), DF_BES_TERRIT_0T, dominio BES_03"
Tasso di infortuni mortali e inabilità permanente,03LAV007,provincia,Gorizia,2019,11.3,per 10.000 occupati,Istat,"BES dei Territori (Bes at local level), DF_BES_TERRIT_0T, dominio BES_03"
Tasso di infortuni mortali e inabilità permanente,03LAV007,provincia,Gorizia,2020,10.9,per 10.000 occupati,Istat,"BES dei Territori (Bes at local level), DF_BES_TERRIT_0T, dominio BES_03"
Tasso di infortuni mortali e inabilità permanente,03LAV007,provincia,Gorizia,2021,11.9,per 10.000 occupati,Istat,"BES dei Territori (Bes at local level), DF_BES_TERRIT_0T, dominio BES_03"
Tasso di infortuni mortali e inabilità permanente,03LAV007,provincia,Gorizia,2022,9.0,per 10.000 occupati,Istat,"BES dei Territori (Bes at local level), DF_BES_TERRIT_0T, dominio BES_03"
Tasso di infortuni mortali e inabilità permanente,03LAV007,provincia,Grosseto,2018,20.6,per 10.000 occupati,Istat,"BES dei Territori (Bes at local level), DF_BES_TERRIT_0T, dominio BES_03"
Tasso di infortuni mortali e inabilità permanente,03LAV007,provincia,Grosseto,2019,19.7,per 10.000 occupati,Istat,"BES dei Territori (Bes at local level), DF_BES_TERRIT_0T, dominio BES_03"
Tasso di infortuni mortali e inabilità permanente,03LAV007,provincia,Grosseto,2020,15.8,per 10.000 occupati,Istat,"BES dei Territori (Bes at local level), DF_BES_TERRIT_0T, dominio BES_03"
Tasso di infortuni mortali e inabilità permanente,03LAV007,provincia,Grosseto,2021,17.5,per 10.000 occupati,Istat,"BES dei Territori (Bes at local level), DF_BES_TERRIT_0T, dominio BES_03"
Tasso di infortuni mortali e inabilità permanente,03LAV007,provincia,Grosseto,2022,18.4,per 10.000 occupati,Istat,"BES dei Territori (Bes at local level), DF_BES_TERRIT_0T, dominio BES_03"
Tasso di infortuni mortali e inabilità permanente,03LAV007,provincia,Imperia,2018,9.4,per 10.000 occupati,Istat,"BES dei Territori (Bes at local level), DF_BES_TERRIT_0T, dominio BES_03"
Tasso di infortuni mortali e inabilità permanente,03LAV007,provincia,Imperia,2019,10.2,per 10.000 occupati,Istat,"BES dei Territori (Bes at local level), DF_BES_TERRIT_0T, dominio BES_03"
Tasso di infortuni mortali e inabilità permanente,03LAV007,provincia,Imperia,2020,12.9,per 10.000 occupati,Istat,"BES dei Territori (Bes at local level), DF_BES_TERRIT_0T, dominio BES_03"
Tasso di infortuni mortali e inabilità permanente,03LAV007,provincia,Imperia,2021,12.3,per 10.000 occupati,Istat,"BES dei Territori (Bes at local level), DF_BES_TERRIT_0T, dominio BES_03"
Tasso di infortuni mortali e inabilità permanente,03LAV007,provincia,Imperia,2022,9.4,per 10.000 occupati,Istat,"BES dei Territori (Bes at local level), DF_BES_TERRIT_0T, dominio BES_03"
Tasso di infortuni mortali e inabilità permanente,03LAV007,provincia,Isernia,2018,14.6,per 10.000 occupati,Istat,"BES dei Territori (Bes at local level), DF_BES_TERRIT_0T, dominio BES_03"
Tasso di infortuni mortali e inabilità permanente,03LAV007,provincia,Isernia,2019,16.8,per 10.000 occupati,Istat,"BES dei Territori (Bes at local level), DF_BES_TERRIT_0T, dominio BES_03"
Tasso di infortuni mortali e inabilità permanente,03LAV007,provincia,Isernia,2020,15.6,per 10.000 occupati,Istat,"BES dei Territori (Bes at local level), DF_BES_TERRIT_0T, dominio BES_03"
Tasso di infortuni mortali e inabilità permanente,03LAV007,provincia,Isernia,2021,12.0,per 10.000 occupati,Istat,"BES dei Territori (Bes at local level), DF_BES_TERRIT_0T, dominio BES_03"
Tasso di infortuni mortali e inabilità permanente,03LAV007,provincia,Isernia,2022,15.6,per 10.000 occupati,Istat,"BES dei Territori (Bes at local level), DF_BES_TERRIT_0T, dominio BES_03"
Tasso di infortuni mortali e inabilità permanente,03LAV007,provincia,L'Aquila,2018,17.3,per 10.000 occupati,Istat,"BES dei Territori (Bes at local level), DF_BES_TERRIT_0T, dominio BES_03"
Tasso di infortuni mortali e inabilità permanente,03LAV007,provincia,L'Aquila,2019,17.4,per 10.000 occupati,Istat,"BES dei Territori (Bes at local level), DF_BES_TERRIT_0T, dominio BES_03"
Tasso di infortuni mortali e inabilità permanente,03LAV007,provincia,L'Aquila,2020,14.8,per 10.000 occupati,Istat,"BES dei Territori (Bes at local level), DF_BES_TERRIT_0T, dominio BES_03"
Tasso di infortuni mortali e inabilità permanente,03LAV007,provincia,L'Aquila,2021,16.7,per 10.000 occupati,Istat,"BES dei Territori (Bes at local level), DF_BES_TERRIT_0T, dominio BES_03"
Tasso di infortuni mortali e inabilità permanente,03LAV007,provincia,L'Aquila,2022,12.8,per 10.000 occupati,Istat,"BES dei Territori (Bes at local level), DF_BES_TERRIT_0T, dominio BES_03"
Tasso di infortuni mortali e inabilità permanente,03LAV007,provincia,La Spezia,2018,20.3,per 10.000 occupati,Istat,"BES dei Territori (Bes at local level), DF_BES_TERRIT_0T, dominio BES_03"
Tasso di infortuni mortali e inabilità permanente,03LAV007,provincia,La Spezia,2019,22.1,per 10.000 occupati,Istat,"BES dei Territori (Bes at local level), DF_BES_TERRIT_0T, dominio BES_03"
Tasso di infortuni mortali e inabilità permanente,03LAV007,provincia,La Spezia,2020,19.8,per 10.000 occupati,Istat,"BES dei Territori (Bes at local level), DF_BES_TERRIT_0T, dominio BES_03"
Tasso di infortuni mortali e inabilità permanente,03LAV007,provincia,La Spezia,2021,19.9,per 10.000 occupati,Istat,"BES dei Territori (Bes at local level), DF_BES_TERRIT_0T, dominio BES_03"
Tasso di infortuni mortali e inabilità permanente,03LAV007,provincia,La Spezia,2022,15.4,per 10.000 occupati,Istat,"BES dei Territori (Bes at local level), DF_BES_TERRIT_0T, dominio BES_03"
Tasso di infortuni mortali e inabilità permanente,03LAV007,provincia,Latina,2018,11.3,per 10.000 occupati,Istat,"BES dei Territori (Bes at local level), DF_BES_TERRIT_0T, dominio BES_03"
Tasso di infortuni mortali e inabilità permanente,03LAV007,provincia,Latina,2019,10.8,per 10.000 occupati,Istat,"BES dei Territori (Bes at local level), DF_BES_TERRIT_0T, dominio BES_03"
Tasso di infortuni mortali e inabilità permanente,03LAV007,provincia,Latina,2020,10.6,per 10.000 occupati,Istat,"BES dei Territori (Bes at local level), DF_BES_TERRIT_0T, dominio BES_03"
Tasso di infortuni mortali e inabilità permanente,03LAV007,provincia,Latina,2021,10.2,per 10.000 occupati,Istat,"BES dei Territori (Bes at local level), DF_BES_TERRIT_0T, dominio BES_03"
Tasso di infortuni mortali e inabilità permanente,03LAV007,provincia,Latina,2022,9.8,per 10.000 occupati,Istat,"BES dei Territori (Bes at local level), DF_BES_TERRIT_0T, dominio BES_03"
Tasso di infortuni mortali e inabilità permanente,03LAV007,provincia,Lecce,2018,13.9,per 10.000 occupati,Istat,"BES dei Territori (Bes at local level), DF_BES_TERRIT_0T, dominio BES_03"
Tasso di infortuni mortali e inabilità permanente,03LAV007,provincia,Lecce,2019,15.7,per 10.000 occupati,Istat,"BES dei Territori (Bes at local level), DF_BES_TERRIT_0T, dominio BES_03"
Tasso di infortuni mortali e inabilità permanente,03LAV007,provincia,Lecce,2020,14.3,per 10.000 occupati,Istat,"BES dei Territori (Bes at local level), DF_BES_TERRIT_0T, dominio BES_03"
Tasso di infortuni mortali e inabilità permanente,03LAV007,provincia,Lecce,2021,13.6,per 10.000 occupati,Istat,"BES dei Territori (Bes at local level), DF_BES_TERRIT_0T, dominio BES_03"
Tasso di infortuni mortali e inabilità permanente,03LAV007,provincia,Lecce,2022,12.9,per 10.000 occupati,Istat,"BES dei Territori (Bes at local level), DF_BES_TERRIT_0T, dominio BES_03"
Tasso di infortuni mortali e inabilità permanente,03LAV007,provincia,Lecco,2018,8.4,per 10.000 occupati,Istat,"BES dei Territori (Bes at local level), DF_BES_TERRIT_0T, dominio BES_03"
Tasso di infortuni mortali e inabilità permanente,03LAV007,provincia,Lecco,2019,6.8,per 10.000 occupati,Istat,"BES dei Territori (Bes at local level), DF_BES_TERRIT_0T, dominio BES_03"
Tasso di infortuni mortali e inabilità permanente,03LAV007,provincia,Lecco,2020,8.4,per 10.000 occupati,Istat,"BES dei Territori (Bes at local level), DF_BES_TERRIT_0T, dominio BES_03"
Tasso di infortuni mortali e inabilità permanente,03LAV007,provincia,Lecco,2021,8.2,per 10.000 occupati,Istat,"BES dei Territori (Bes at local level), DF_BES_TERRIT_0T, dominio BES_03"
Tasso di infortuni mortali e inabilità permanente,03LAV007,provincia,Lecco,2022,8.9,per 10.000 occupati,Istat,"BES dei Territori (Bes at local level), DF_BES_TERRIT_0T, dominio BES_03"
Tasso di infortuni mortali e inabilità permanente,03LAV007,provincia,Livorno,2018,19.7,per 10.000 occupati,Istat,"BES dei Territori (Bes at local level), DF_BES_TERRIT_0T, dominio BES_03"
Tasso di infortuni mortali e inabilità permanente,03LAV007,provincia,Livorno,2019,22.5,per 10.000 occupati,Istat,"BES dei Territori (Bes at local level), DF_BES_TERRIT_0T, dominio BES_03"
Tasso di infortuni mortali e inabilità permanente,03LAV007,provincia,Livorno,2020,19.5,per 10.000 occupati,Istat,"BES dei Territori (Bes at local level), DF_BES_TERRIT_0T, dominio BES_03"
Tasso di infortuni mortali e inabilità permanente,03LAV007,provincia,Livorno,2021,18.8,per 10.000 occupati,Istat,"BES dei Territori (Bes at local level), DF_BES_TERRIT_0T, dominio BES_03"
Tasso di infortuni mortali e inabilità permanente,03LAV007,provincia,Livorno,2022,16.3,per 10.000 occupati,Istat,"BES dei Territori (Bes at local level), DF_BES_TERRIT_0T, dominio BES_03"
Tasso di infortuni mortali e inabilità permanente,03LAV007,provincia,Lodi,2018,9.4,per 10.000 occupati,Istat,"BES dei Territori (Bes at local level), DF_BES_TERRIT_0T, dominio BES_03"
Tasso di infortuni mortali e inabilità permanente,03LAV007,provincia,Lodi,2019,8.6,per 10.000 occupati,Istat,"BES dei Territori (Bes at local level), DF_BES_TERRIT_0T, dominio BES_03"
Tasso di infortuni mortali e inabilità permanente,03LAV007,provincia,Lodi,2020,10.9,per 10.000 occupati,Istat,"BES dei Territori (Bes at local level), DF_BES_TERRIT_0T, dominio BES_03"
Tasso di infortuni mortali e inabilità permanente,03LAV007,provincia,Lodi,2021,9.7,per 10.000 occupati,Istat,"BES dei Territori (Bes at local level), DF_BES_TERRIT_0T, dominio BES_03"
Tasso di infortuni mortali e inabilità permanente,03LAV007,provincia,Lodi,2022,9.4,per 10.000 occupati,Istat,"BES dei Territori (Bes at local level), DF_BES_TERRIT_0T, dominio BES_03"
Tasso di infortuni mortali e inabilità permanente,03LAV007,provincia,Lucca,2018,18.7,per 10.000 occupati,Istat,"BES dei Territori (Bes at local level), DF_BES_TERRIT_0T, dominio BES_03"
Tasso di infortuni mortali e inabilità permanente,03LAV007,provincia,Lucca,2019,18.1,per 10.000 occupati,Istat,"BES dei Territori (Bes at local level), DF_BES_TERRIT_0T, dominio BES_03"
Tasso di infortuni mortali e inabilità permanente,03LAV007,provincia,Lucca,2020,17.4,per 10.000 occupati,Istat,"BES dei Territori (Bes at local level), DF_BES_TERRIT_0T, dominio BES_03"
Tasso di infortuni mortali e inabilità permanente,03LAV007,provincia,Lucca,2021,17.8,per 10.000 occupati,Istat,"BES dei Territori (Bes at local level), DF_BES_TERRIT_0T, dominio BES_03"
Tasso di infortuni mortali e inabilità permanente,03LAV007,provincia,Lucca,2022,18.2,per 10.000 occupati,Istat,"BES dei Territori (Bes at local level), DF_BES_TERRIT_0T, dominio BES_03"
Tasso di infortuni mortali e inabilità permanente,03LAV007,provincia,Macerata,2018,17.4,per 10.000 occupati,Istat,"BES dei Territori (Bes at local level), DF_BES_TERRIT_0T, dominio BES_03"
Tasso di infortuni mortali e inabilità permanente,03LAV007,provincia,Macerata,2019,15.1,per 10.000 occupati,Istat,"BES dei Territori (Bes at local level), DF_BES_TERRIT_0T, dominio BES_03"
Tasso di infortuni mortali e inabilità permanente,03LAV007,provincia,Macerata,2020,13.3,per 10.000 occupati,Istat,"BES dei Territori (Bes at local level), DF_BES_TERRIT_0T, dominio BES_03"
Tasso di infortuni mortali e inabilità permanente,03LAV007,provincia,Macerata,2021,15.2,per 10.000 occupati,Istat,"BES dei Territori (Bes at local level), DF_BES_TERRIT_0T, dominio BES_03"
Tasso di infortuni mortali e inabilità permanente,03LAV007,provincia,Macerata,2022,15.5,per 10.000 occupati,Istat,"BES dei Territori (Bes at local level), DF_BES_TERRIT_0T, dominio BES_03"
Tasso di infortuni mortali e inabilità permanente,03LAV007,provincia,Mantova,2018,8.9,per 10.000 occupati,Istat,"BES dei Territori (Bes at local level), DF_BES_TERRIT_0T, dominio BES_03"
Tasso di infortuni mortali e inabilità permanente,03LAV007,provincia,Mantova,2019,10.2,per 10.000 occupati,Istat,"BES dei Territori (Bes at local level), DF_BES_TERRIT_0T, dominio BES_03"
Tasso di infortuni mortali e inabilità permanente,03LAV007,provincia,Mantova,2020,7.6,per 10.000 occupati,Istat,"BES dei Territori (Bes at local level), DF_BES_TERRIT_0T, dominio BES_03"
Tasso di infortuni mortali e inabilità permanente,03LAV007,provincia,Mantova,2021,8.8,per 10.000 occupati,Istat,"BES dei Territori (Bes at local level), DF_BES_TERRIT_0T, dominio BES_03"
Tasso di infortuni mortali e inabilità permanente,03LAV007,provincia,Mantova,2022,5.8,per 10.000 occupati,Istat,"BES dei Territori (Bes at local level), DF_BES_TERRIT_0T, dominio BES_03"
Tasso di infortuni mortali e inabilità permanente,03LAV007,provincia,Massa-Carrara,2018,17.0,per 10.000 occupati,Istat,"BES dei Territori (Bes at local level), DF_BES_TERRIT_0T, dominio BES_03"
Tasso di infortuni mortali e inabilità permanente,03LAV007,provincia,Massa-Carrara,2019,14.7,per 10.000 occupati,Istat,"BES dei Territori (Bes at local level), DF_BES_TERRIT_0T, dominio BES_03"
Tasso di infortuni mortali e inabilità permanente,03LAV007,provincia,Massa-Carrara,2020,13.9,per 10.000 occupati,Istat,"BES dei Territori (Bes at local level), DF_BES_TERRIT_0T, dominio BES_03"
Tasso di infortuni mortali e inabilità permanente,03LAV007,provincia,Massa-Carrara,2021,17.0,per 10.000 occupati,Istat,"BES dei Territori (Bes at local level), DF_BES_TERRIT_0T, dominio BES_03"
Tasso di infortuni mortali e inabilità permanente,03LAV007,provincia,Massa-Carrara,2022,19.8,per 10.000 occupati,Istat,"BES dei Territori (Bes at local level), DF_BES_TERRIT_0T, dominio BES_03"
Tasso di infortuni mortali e inabilità permanente,03LAV007,provincia,Matera,2018,13.7,per 10.000 occupati,Istat,"BES dei Territori (Bes at local level), DF_BES_TERRIT_0T, dominio BES_03"
Tasso di infortuni mortali e inabilità permanente,03LAV007,provincia,Matera,2019,12.1,per 10.000 occupati,Istat,"BES dei Territori (Bes at local level), DF_BES_TERRIT_0T, dominio BES_03"
Tasso di infortuni mortali e inabilità permanente,03LAV007,provincia,Matera,2020,12.1,per 10.000 occupati,Istat,"BES dei Territori (Bes at local level), DF_BES_TERRIT_0T, dominio BES_03"
Tasso di infortuni mortali e inabilità permanente,03LAV007,provincia,Matera,2021,12.2,per 10.000 occupati,Istat,"BES dei Territori (Bes at local level), DF_BES_TERRIT_0T, dominio BES_03"
Tasso di infortuni mortali e inabilità permanente,03LAV007,provincia,Matera,2022,10.8,per 10.000 occupati,Istat,"BES dei Territori (Bes at local level), DF_BES_TERRIT_0T, dominio BES_03"
Tasso di infortuni mortali e inabilità permanente,03LAV007,provincia,Messina,2018,12.6,per 10.000 occupati,Istat,"BES dei Territori (Bes at local level), DF_BES_TERRIT_0T, dominio BES_03"
Tasso di infortuni mortali e inabilità permanente,03LAV007,provincia,Messina,2019,13.5,per 10.000 occupati,Istat,"BES dei Territori (Bes at local level), DF_BES_TERRIT_0T, dominio BES_03"
Tasso di infortuni mortali e inabilità permanente,03LAV007,provincia,Messina,2020,15.9,per 10.000 occupati,Istat,"BES dei Territori (Bes at local level), DF_BES_TERRIT_0T, dominio BES_03"
Tasso di infortuni mortali e inabilità permanente,03LAV007,provincia,Messina,2021,15.8,per 10.000 occupati,Istat,"BES dei Territori (Bes at local level), DF_BES_TERRIT_0T, dominio BES_03"
Tasso di infortuni mortali e inabilità permanente,03LAV007,provincia,Messina,2022,16.4,per 10.000 occupati,Istat,"BES dei Territori (Bes at local level), DF_BES_TERRIT_0T, dominio BES_03"
Tasso di infortuni mortali e inabilità permanente,03LAV007,provincia,Milano,2018,5.3,per 10.000 occupati,Istat,"BES dei Territori (Bes at local level), DF_BES_TERRIT_0T, dominio BES_03"
Tasso di infortuni mortali e inabilità permanente,03LAV007,provincia,Milano,2019,5.3,per 10.000 occupati,Istat,"BES dei Territori (Bes at local level), DF_BES_TERRIT_0T, dominio BES_03"
Tasso di infortuni mortali e inabilità permanente,03LAV007,provincia,Milano,2020,5.1,per 10.000 occupati,Istat,"BES dei Territori (Bes at local level), DF_BES_TERRIT_0T, dominio BES_03"
Tasso di infortuni mortali e inabilità permanente,03LAV007,provincia,Milano,2021,6.0,per 10.000 occupati,Istat,"BES dei Territori (Bes at local level), DF_BES_TERRIT_0T, dominio BES_03"
Tasso di infortuni mortali e inabilità permanente,03LAV007,provincia,Milano,2022,6.4,per 10.000 occupati,Istat,"BES dei Territori (Bes at local level), DF_BES_TERRIT_0T, dominio BES_03"
Tasso di infortuni mortali e inabilità permanente,03LAV007,provincia,Modena,2018,13.1,per 10.000 occupati,Istat,"BES dei Territori (Bes at local level), DF_BES_TERRIT_0T, dominio BES_03"
Tasso di infortuni mortali e inabilità permanente,03LAV007,provincia,Modena,2019,12.9,per 10.000 occupati,Istat,"BES dei Territori (Bes at local level), DF_BES_TERRIT_0T, dominio BES_03"
Tasso di infortuni mortali e inabilità permanente,03LAV007,provincia,Modena,2020,11.4,per 10.000 occupati,Istat,"BES dei Territori (Bes at local level), DF_BES_TERRIT_0T, dominio BES_03"
Tasso di infortuni mortali e inabilità permanente,03LAV007,provincia,Modena,2021,12.5,per 10.000 occupati,Istat,"BES dei Territori (Bes at local level), DF_BES_TERRIT_0T, dominio BES_03"
Tasso di infortuni mortali e inabilità permanente,03LAV007,provincia,Modena,2022,12.2,per 10.000 occupati,Istat,"BES dei Territori (Bes at local level), DF_BES_TERRIT_0T, dominio BES_03"
Tasso di infortuni mortali e inabilità permanente,03LAV007,provincia,Napoli,2018,8.3,per 10.000 occupati,Istat,"BES dei Territori (Bes at local level), DF_BES_TERRIT_0T, dominio BES_03"
Tasso di infortuni mortali e inabilità permanente,03LAV007,provincia,Napoli,2019,9.1,per 10.000 occupati,Istat,"BES dei Territori (Bes at local level), DF_BES_TERRIT_0T, dominio BES_03"
Tasso di infortuni mortali e inabilità permanente,03LAV007,provincia,Napoli,2020,8.6,per 10.000 occupati,Istat,"BES dei Territori (Bes at local level), DF_BES_TERRIT_0T, dominio BES_03"
Tasso di infortuni mortali e inabilità permanente,03LAV007,provincia,Napoli,2021,9.8,per 10.000 occupati,Istat,"BES dei Territori (Bes at local level), DF_BES_TERRIT_0T, dominio BES_03"
Tasso di infortuni mortali e inabilità permanente,03LAV007,provincia,Napoli,2022,9.6,per 10.000 occupati,Istat,"BES dei Territori (Bes at local level), DF_BES_TERRIT_0T, dominio BES_03"
Tasso di infortuni mortali e inabilità permanente,03LAV007,provincia,Novara,2018,6.2,per 10.000 occupati,Istat,"BES dei Territori (Bes at local level), DF_BES_TERRIT_0T, dominio BES_03"
Tasso di infortuni mortali e inabilità permanente,03LAV007,provincia,Novara,2019,6.1,per 10.000 occupati,Istat,"BES dei Territori (Bes at local level), DF_BES_TERRIT_0T, dominio BES_03"
Tasso di infortuni mortali e inabilità permanente,03LAV007,provincia,Novara,2020,5.3,per 10.000 occupati,Istat,"BES dei Territori (Bes at local level), DF_BES_TERRIT_0T, dominio BES_03"
Tasso di infortuni mortali e inabilità permanente,03LAV007,provincia,Novara,2021,4.8,per 10.000 occupati,Istat,"BES dei Territori (Bes at local level), DF_BES_TERRIT_0T, dominio BES_03"
Tasso di infortuni mortali e inabilità permanente,03LAV007,provincia,Novara,2022,4.8,per 10.000 occupati,Istat,"BES dei Territori (Bes at local level), DF_BES_TERRIT_0T, dominio BES_03"
Tasso di infortuni mortali e inabilità permanente,03LAV007,provincia,Nuoro,2018,20.9,per 10.000 occupati,Istat,"BES dei Territori (Bes at local level), DF_BES_TERRIT_0T, dominio BES_03"
Tasso di infortuni mortali e inabilità permanente,03LAV007,provincia,Nuoro,2019,19.7,per 10.000 occupati,Istat,"BES dei Territori (Bes at local level), DF_BES_TERRIT_0T, dominio BES_03"
Tasso di infortuni mortali e inabilità permanente,03LAV007,provincia,Nuoro,2020,14.3,per 10.000 occupati,Istat,"BES dei Territori (Bes at local level), DF_BES_TERRIT_0T, dominio BES_03"
Tasso di infortuni mortali e inabilità permanente,03LAV007,provincia,Nuoro,2021,13.8,per 10.000 occupati,Istat,"BES dei Territori (Bes at local level), DF_BES_TERRIT_0T, dominio BES_03"
Tasso di infortuni mortali e inabilità permanente,03LAV007,provincia,Nuoro,2022,12.5,per 10.000 occupati,Istat,"BES dei Territori (Bes at local level), DF_BES_TERRIT_0T, dominio BES_03"
Tasso di infortuni mortali e inabilità permanente,03LAV007,provincia,Oristano,2018,21.6,per 10.000 occupati,Istat,"BES dei Territori (Bes at local level), DF_BES_TERRIT_0T, dominio BES_03"
Tasso di infortuni mortali e inabilità permanente,03LAV007,provincia,Oristano,2019,17.6,per 10.000 occupati,Istat,"BES dei Territori (Bes at local level), DF_BES_TERRIT_0T, dominio BES_03"
Tasso di infortuni mortali e inabilità permanente,03LAV007,provincia,Oristano,2020,19.3,per 10.000 occupati,Istat,"BES dei Territori (Bes at local level), DF_BES_TERRIT_0T, dominio BES_03"
Tasso di infortuni mortali e inabilità permanente,03LAV007,provincia,Oristano,2021,19.0,per 10.000 occupati,Istat,"BES dei Territori (Bes at local level), DF_BES_TERRIT_0T, dominio BES_03"
Tasso di infortuni mortali e inabilità permanente,03LAV007,provincia,Oristano,2022,13.2,per 10.000 occupati,Istat,"BES dei Territori (Bes at local level), DF_BES_TERRIT_0T, dominio BES_03"
Tasso di infortuni mortali e inabilità permanente,03LAV007,provincia,Padova,2018,13.4,per 10.000 occupati,Istat,"BES dei Territori (Bes at local level), DF_BES_TERRIT_0T, dominio BES_03"
Tasso di infortuni mortali e inabilità permanente,03LAV007,provincia,Padova,2019,11.9,per 10.000 occupati,Istat,"BES dei Territori (Bes at local level), DF_BES_TERRIT_0T, dominio BES_03"
Tasso di infortuni mortali e inabilità permanente,03LAV007,provincia,Padova,2020,10.7,per 10.000 occupati,Istat,"BES dei Territori (Bes at local level), DF_BES_TERRIT_0T, dominio BES_03"
Tasso di infortuni mortali e inabilità permanente,03LAV007,provincia,Padova,2021,12.2,per 10.000 occupati,Istat,"BES dei Territori (Bes at local level), DF_BES_TERRIT_0T, dominio BES_03"
Tasso di infortuni mortali e inabilità permanente,03LAV007,provincia,Padova,2022,10.6,per 10.000 occupati,Istat,"BES dei Territori (Bes at local level), DF_BES_TERRIT_0T, dominio BES_03"
Tasso di infortuni mortali e inabilità permanente,03LAV007,provincia,Palermo,2018,13.2,per 10.000 occupati,Istat,"BES dei Territori (Bes at local level), DF_BES_TERRIT_0T, dominio BES_03"
Tasso di infortuni mortali e inabilità permanente,03LAV007,provincia,Palermo,2019,14.0,per 10.000 occupati,Istat,"BES dei Territori (Bes at local level), DF_BES_TERRIT_0T, dominio BES_03"
Tasso di infortuni mortali e inabilità permanente,03LAV007,provincia,Palermo,2020,10.3,per 10.000 occupati,Istat,"BES dei Territori (Bes at local level), DF_BES_TERRIT_0T, dominio BES_03"
Tasso di infortuni mortali e inabilità permanente,03LAV007,provincia,Palermo,2021,11.8,per 10.000 occupati,Istat,"BES dei Territori (Bes at local level), DF_BES_TERRIT_0T, dominio BES_03"
Tasso di infortuni mortali e inabilità permanente,03LAV007,provincia,Palermo,2022,12.0,per 10.000 occupati,Istat,"BES dei Territori (Bes at local level), DF_BES_TERRIT_0T, dominio BES_03"
Tasso di infortuni mortali e inabilità permanente,03LAV007,provincia,Parma,2018,13.3,per 10.000 occupati,Istat,"BES dei Territori (Bes at local level), DF_BES_TERRIT_0T, dominio BES_03"
Tasso di infortuni mortali e inabilità permanente,03LAV007,provincia,Parma,2019,12.4,per 10.000 occupati,Istat,"BES dei Territori (Bes at local level), DF_BES_TERRIT_0T, dominio BES_03"
Tasso di infortuni mortali e inabilità permanente,03LAV007,provincia,Parma,2020,13.3,per 10.000 occupati,Istat,"BES dei Territori (Bes at local level), DF_BES_TERRIT_0T, dominio BES_03"
Tasso di infortuni mortali e inabilità permanente,03LAV007,provincia,Parma,2021,12.5,per 10.000 occupati,Istat,"BES dei Territori (Bes at local level), DF_BES_TERRIT_0T, dominio BES_03"
Tasso di infortuni mortali e inabilità permanente,03LAV007,provincia,Parma,2022,11.5,per 10.000 occupati,Istat,"BES dei Territori (Bes at local level), DF_BES_TERRIT_0T, dominio BES_03"
Tasso di infortuni mortali e inabilità permanente,03LAV007,provincia,Pavia,2018,7.2,per 10.000 occupati,Istat,"BES dei Territori (Bes at local level), DF_BES_TERRIT_0T, dominio BES_03"
Tasso di infortuni mortali e inabilità permanente,03LAV007,provincia,Pavia,2019,7.7,per 10.000 occupati,Istat,"BES dei Territori (Bes at local level), DF_BES_TERRIT_0T, dominio BES_03"
Tasso di infortuni mortali e inabilità permanente,03LAV007,provincia,Pavia,2020,6.5,per 10.000 occupati,Istat,"BES dei Territori (Bes at local level), DF_BES_TERRIT_0T, dominio BES_03"
Tasso di infortuni mortali e inabilità permanente,03LAV007,provincia,Pavia,2021,6.6,per 10.000 occupati,Istat,"BES dei Territori (Bes at local level), DF_BES_TERRIT_0T, dominio BES_03"
Tasso di infortuni mortali e inabilità permanente,03LAV007,provincia,Pavia,2022,5.9,per 10.000 occupati,Istat,"BES dei Territori (Bes at local level), DF_BES_TERRIT_0T, dominio BES_03"
Tasso di infortuni mortali e inabilità permanente,03LAV007,provincia,Perugia,2018,18.0,per 10.000 occupati,Istat,"BES dei Territori (Bes at local level), DF_BES_TERRIT_0T, dominio BES_03"
Tasso di infortuni mortali e inabilità permanente,03LAV007,provincia,Perugia,2019,17.4,per 10.000 occupati,Istat,"BES dei Territori (Bes at local level), DF_BES_TERRIT_0T, dominio BES_03"
Tasso di infortuni mortali e inabilità permanente,03LAV007,provincia,Perugia,2020,15.6,per 10.000 occupati,Istat,"BES dei Territori (Bes at local level), DF_BES_TERRIT_0T, dominio BES_03"
Tasso di infortuni mortali e inabilità permanente,03LAV007,provincia,Perugia,2021,16.4,per 10.000 occupati,Istat,"BES dei Territori (Bes at local level), DF_BES_TERRIT_0T, dominio BES_03"
Tasso di infortuni mortali e inabilità permanente,03LAV007,provincia,Perugia,2022,18.3,per 10.000 occupati,Istat,"BES dei Territori (Bes at local level), DF_BES_TERRIT_0T, dominio BES_03"
Tasso di infortuni mortali e inabilità permanente,03LAV007,provincia,Pesaro e Urbino,2018,17.4,per 10.000 occupati,Istat,"BES dei Territori (Bes at local level), DF_BES_TERRIT_0T, dominio BES_03"
Tasso di infortuni mortali e inabilità permanente,03LAV007,provincia,Pesaro e Urbino,2019,15.7,per 10.000 occupati,Istat,"BES dei Territori (Bes at local level), DF_BES_TERRIT_0T, dominio BES_03"
Tasso di infortuni mortali e inabilità permanente,03LAV007,provincia,Pesaro e Urbino,2020,14.6,per 10.000 occupati,Istat,"BES dei Territori (Bes at local level), DF_BES_TERRIT_0T, dominio BES_03"
Tasso di infortuni mortali e inabilità permanente,03LAV007,provincia,Pesaro e Urbino,2021,16.8,per 10.000 occupati,Istat,"BES dei Territori (Bes at local level), DF_BES_TERRIT_0T, dominio BES_03"
Tasso di infortuni mortali e inabilità permanente,03LAV007,provincia,Pesaro e Urbino,2022,15.1,per 10.000 occupati,Istat,"BES dei Territori (Bes at local level), DF_BES_TERRIT_0T, dominio BES_03"
Tasso di infortuni mortali e inabilità permanente,03LAV007,provincia,Pescara,2018,16.9,per 10.000 occupati,Istat,"BES dei Territori (Bes at local level), DF_BES_TERRIT_0T, dominio BES_03"
Tasso di infortuni mortali e inabilità permanente,03LAV007,provincia,Pescara,2019,16.8,per 10.000 occupati,Istat,"BES dei Territori (Bes at local level), DF_BES_TERRIT_0T, dominio BES_03"
Tasso di infortuni mortali e inabilità permanente,03LAV007,provincia,Pescara,2020,13.2,per 10.000 occupati,Istat,"BES dei Territori (Bes at local level), DF_BES_TERRIT_0T, dominio BES_03"
Tasso di infortuni mortali e inabilità permanente,03LAV007,provincia,Pescara,2021,16.3,per 10.000 occupati,Istat,"BES dei Territori (Bes at local level), DF_BES_TERRIT_0T, dominio BES_03"
Tasso di infortuni mortali e inabilità permanente,03LAV007,provincia,Pescara,2022,16.5,per 10.000 occupati,Istat,"BES dei Territori (Bes at local level), DF_BES_TERRIT_0T, dominio BES_03"
Tasso di infortuni mortali e inabilità permanente,03LAV007,provincia,Piacenza,2018,14.1,per 10.000 occupati,Istat,"BES dei Territori (Bes at local level), DF_BES_TERRIT_0T, dominio BES_03"
Tasso di infortuni mortali e inabilità permanente,03LAV007,provincia,Piacenza,2019,14.9,per 10.000 occupati,Istat,"BES dei Territori (Bes at local level), DF_BES_TERRIT_0T, dominio BES_03"
Tasso di infortuni mortali e inabilità permanente,03LAV007,provincia,Piacenza,2020,13.9,per 10.000 occupati,Istat,"BES dei Territori (Bes at local level), DF_BES_TERRIT_0T, dominio BES_03"
Tasso di infortuni mortali e inabilità permanente,03LAV007,provincia,Piacenza,2021,16.6,per 10.000 occupati,Istat,"BES dei Territori (Bes at local level), DF_BES_TERRIT_0T, dominio BES_03"
Tasso di infortuni mortali e inabilità permanente,03LAV007,provincia,Piacenza,2022,12.6,per 10.000 occupati,Istat,"BES dei Territori (Bes at local level), DF_BES_TERRIT_0T, dominio BES_03"
Tasso di infortuni mortali e inabilità permanente,03LAV007,provincia,Pisa,2018,16.7,per 10.000 occupati,Istat,"BES dei Territori (Bes at local level), DF_BES_TERRIT_0T, dominio BES_03"
Tasso di infortuni mortali e inabilità permanente,03LAV007,provincia,Pisa,2019,15.4,per 10.000 occupati,Istat,"BES dei Territori (Bes at local level), DF_BES_TERRIT_0T, dominio BES_03"
Tasso di infortuni mortali e inabilità permanente,03LAV007,provincia,Pisa,2020,13.4,per 10.000 occupati,Istat,"BES dei Territori (Bes at local level), DF_BES_TERRIT_0T, dominio BES_03"
Tasso di infortuni mortali e inabilità permanente,03LAV007,provincia,Pisa,2021,14.4,per 10.000 occupati,Istat,"BES dei Territori (Bes at local level), DF_BES_TERRIT_0T, dominio BES_03"
Tasso di infortuni mortali e inabilità permanente,03LAV007,provincia,Pisa,2022,16.0,per 10.000 occupati,Istat,"BES dei Territori (Bes at local level), DF_BES_TERRIT_0T, dominio BES_03"
Tasso di infortuni mortali e inabilità permanente,03LAV007,provincia,Pistoia,2018,11.6,per 10.000 occupati,Istat,"BES dei Territori (Bes at local level), DF_BES_TERRIT_0T, dominio BES_03"
Tasso di infortuni mortali e inabilità permanente,03LAV007,provincia,Pistoia,2019,11.7,per 10.000 occupati,Istat,"BES dei Territori (Bes at local level), DF_BES_TERRIT_0T, dominio BES_03"
Tasso di infortuni mortali e inabilità permanente,03LAV007,provincia,Pistoia,2020,11.6,per 10.000 occupati,Istat,"BES dei Territori (Bes at local level), DF_BES_TERRIT_0T, dominio BES_03"
Tasso di infortuni mortali e inabilità permanente,03LAV007,provincia,Pistoia,2021,11.1,per 10.000 occupati,Istat,"BES dei Territori (Bes at local level), DF_BES_TERRIT_0T, dominio BES_03"
Tasso di infortuni mortali e inabilità permanente,03LAV007,provincia,Pistoia,2022,12.7,per 10.000 occupati,Istat,"BES dei Territori (Bes at local level), DF_BES_TERRIT_0T, dominio BES_03"
Tasso di infortuni mortali e inabilità permanente,03LAV007,provincia,Pordenone,2018,9.5,per 10.000 occupati,Istat,"BES dei Territori (Bes at local level), DF_BES_TERRIT_0T, dominio BES_03"
Tasso di infortuni mortali e inabilità permanente,03LAV007,provincia,Pordenone,2019,9.8,per 10.000 occupati,Istat,"BES dei Territori (Bes at local level), DF_BES_TERRIT_0T, dominio BES_03"
Tasso di infortuni mortali e inabilità permanente,03LAV007,provincia,Pordenone,2020,8.3,per 10.000 occupati,Istat,"BES dei Territori (Bes at local level), DF_BES_TERRIT_0T, dominio BES_03"
Tasso di infortuni mortali e inabilità permanente,03LAV007,provincia,Pordenone,2021,8.4,per 10.000 occupati,Istat,"BES dei Territori (Bes at local level), DF_BES_TERRIT_0T, dominio BES_03"
Tasso di infortuni mortali e inabilità permanente,03LAV007,provincia,Pordenone,2022,8.0,per 10.000 occupati,Istat,"BES dei Territori (Bes at local level), DF_BES_TERRIT_0T, dominio BES_03"
Tasso di infortuni mortali e inabilità permanente,03LAV007,provincia,Potenza,2018,29.6,per 10.000 occupati,Istat,"BES dei Territori (Bes at local level), DF_BES_TERRIT_0T, dominio BES_03"
Tasso di infortuni mortali e inabilità permanente,03LAV007,provincia,Potenza,2019,29.7,per 10.000 occupati,Istat,"BES dei Territori (Bes at local level), DF_BES_TERRIT_0T, dominio BES_03"
Tasso di infortuni mortali e inabilità permanente,03LAV007,provincia,Potenza,2020,19.7,per 10.000 occupati,Istat,"BES dei Territori (Bes at local level), DF_BES_TERRIT_0T, dominio BES_03"
Tasso di infortuni mortali e inabilità permanente,03LAV007,provincia,Potenza,2021,25.1,per 10.000 occupati,Istat,"BES dei Territori (Bes at local level), DF_BES_TERRIT_0T, dominio BES_03"
Tasso di infortuni mortali e inabilità permanente,03LAV007,provincia,Potenza,2022,20.1,per 10.000 occupati,Istat,"BES dei Territori (Bes at local level), DF_BES_TERRIT_0T, dominio BES_03"
Tasso di infortuni mortali e inabilità permanente,03LAV007,provincia,Prato,2018,9.5,per 10.000 occupati,Istat,"BES dei Territori (Bes at local level), DF_BES_TERRIT_0T, dominio BES_03"
Tasso di infortuni mortali e inabilità permanente,03LAV007,provincia,Prato,2019,10.1,per 10.000 occupati,Istat,"BES dei Territori (Bes at local level), DF_BES_TERRIT_0T, dominio BES_03"
Tasso di infortuni mortali e inabilità permanente,03LAV007,provincia,Prato,2020,8.5,per 10.000 occupati,Istat,"BES dei Territori (Bes at local level), DF_BES_TERRIT_0T, dominio BES_03"
Tasso di infortuni mortali e inabilità permanente,03LAV007,provincia,Prato,2021,9.3,per 10.000 occupati,Istat,"BES dei Territori (Bes at local level), DF_BES_TERRIT_0T, dominio BES_03"
Tasso di infortuni mortali e inabilità permanente,03LAV007,provincia,Prato,2022,10.0,per 10.000 occupati,Istat,"BES dei Territori (Bes at local level), DF_BES_TERRIT_0T, dominio BES_03"
Tasso di infortuni mortali e inabilità permanente,03LAV007,provincia,Ragusa,2018,18.4,per 10.000 occupati,Istat,"BES dei Territori (Bes at local level), DF_BES_TERRIT_0T, dominio BES_03"
Tasso di infortuni mortali e inabilità permanente,03LAV007,provincia,Ragusa,2019,18.1,per 10.000 occupati,Istat,"BES dei Territori (Bes at local level), DF_BES_TERRIT_0T, dominio BES_03"
Tasso di infortuni mortali e inabilità permanente,03LAV007,provincia,Ragusa,2020,16.5,per 10.000 occupati,Istat,"BES dei Territori (Bes at local level), DF_BES_TERRIT_0T, dominio BES_03"
Tasso di infortuni mortali e inabilità permanente,03LAV007,provincia,Ragusa,2021,17.0,per 10.000 occupati,Istat,"BES dei Territori (Bes at local level), DF_BES_TERRIT_0T, dominio BES_03"
Tasso di infortuni mortali e inabilità permanente,03LAV007,provincia,Ragusa,2022,15.0,per 10.000 occupati,Istat,"BES dei Territori (Bes at local level), DF_BES_TERRIT_0T, dominio BES_03"
Tasso di infortuni mortali e inabilità permanente,03LAV007,provincia,Ravenna,2018,12.8,per 10.000 occupati,Istat,"BES dei Territori (Bes at local level), DF_BES_TERRIT_0T, dominio BES_03"
Tasso di infortuni mortali e inabilità permanente,03LAV007,provincia,Ravenna,2019,12.5,per 10.000 occupati,Istat,"BES dei Territori (Bes at local level), DF_BES_TERRIT_0T, dominio BES_03"
Tasso di infortuni mortali e inabilità permanente,03LAV007,provincia,Ravenna,2020,11.5,per 10.000 occupati,Istat,"BES dei Territori (Bes at local level), DF_BES_TERRIT_0T, dominio BES_03"
Tasso di infortuni mortali e inabilità permanente,03LAV007,provincia,Ravenna,2021,8.4,per 10.000 occupati,Istat,"BES dei Territori (Bes at local level), DF_BES_TERRIT_0T, dominio BES_03"
Tasso di infortuni mortali e inabilità permanente,03LAV007,provincia,Ravenna,2022,9.1,per 10.000 occupati,Istat,"BES dei Territori (Bes at local level), DF_BES_TERRIT_0T, dominio BES_03"
Tasso di infortuni mortali e inabilità permanente,03LAV007,provincia,Reggio Calabria,2018,24.1,per 10.000 occupati,Istat,"BES dei Territori (Bes at local level), DF_BES_TERRIT_0T, dominio BES_03"
Tasso di infortuni mortali e inabilità permanente,03LAV007,provincia,Reggio Calabria,2019,20.2,per 10.000 occupati,Istat,"BES dei Territori (Bes at local level), DF_BES_TERRIT_0T, dominio BES_03"
Tasso di infortuni mortali e inabilità permanente,03LAV007,provincia,Reggio Calabria,2020,14.1,per 10.000 occupati,Istat,"BES dei Territori (Bes at local level), DF_BES_TERRIT_0T, dominio BES_03"
Tasso di infortuni mortali e inabilità permanente,03LAV007,provincia,Reggio Calabria,2021,17.6,per 10.000 occupati,Istat,"BES dei Territori (Bes at local level), DF_BES_TERRIT_0T, dominio BES_03"
Tasso di infortuni mortali e inabilità permanente,03LAV007,provincia,Reggio Calabria,2022,17.3,per 10.000 occupati,Istat,"BES dei Territori (Bes at local level), DF_BES_TERRIT_0T, dominio BES_03"
Tasso di infortuni mortali e inabilità permanente,03LAV007,provincia,Reggio Emilia,2018,20.8,per 10.000 occupati,Istat,"BES dei Territori (Bes at local level), DF_BES_TERRIT_0T, dominio BES_03"
Tasso di infortuni mortali e inabilità permanente,03LAV007,provincia,Reggio Emilia,2019,22.7,per 10.000 occupati,Istat,"BES dei Territori (Bes at local level), DF_BES_TERRIT_0T, dominio BES_03"
Tasso di infortuni mortali e inabilità permanente,03LAV007,provincia,Reggio Emilia,2020,19.0,per 10.000 occupati,Istat,"BES dei Territori (Bes at local level), DF_BES_TERRIT_0T, dominio BES_03"
Tasso di infortuni mortali e inabilità permanente,03LAV007,provincia,Reggio Emilia,2021,19.2,per 10.000 occupati,Istat,"BES dei Territori (Bes at local level), DF_BES_TERRIT_0T, dominio BES_03"
Tasso di infortuni mortali e inabilità permanente,03LAV007,provincia,Reggio Emilia,2022,14.2,per 10.000 occupati,Istat,"BES dei Territori (Bes at local level), DF_BES_TERRIT_0T, dominio BES_03"
Tasso di infortuni mortali e inabilità permanente,03LAV007,provincia,Rieti,2018,18.3,per 10.000 occupati,Istat,"BES dei Territori (Bes at local level), DF_BES_TERRIT_0T, dominio BES_03"
Tasso di infortuni mortali e inabilità permanente,03LAV007,provincia,Rieti,2019,13.4,per 10.000 occupati,Istat,"BES dei Territori (Bes at local level), DF_BES_TERRIT_0T, dominio BES_03"
Tasso di infortuni mortali e inabilità permanente,03LAV007,provincia,Rieti,2020,15.4,per 10.000 occupati,Istat,"BES dei Territori (Bes at local level), DF_BES_TERRIT_0T, dominio BES_03"
Tasso di infortuni mortali e inabilità permanente,03LAV007,provincia,Rieti,2021,18.1,per 10.000 occupati,Istat,"BES dei Territori (Bes at local level), DF_BES_TERRIT_0T, dominio BES_03"
Tasso di infortuni mortali e inabilità permanente,03LAV007,provincia,Rieti,2022,17.0,per 10.000 occupati,Istat,"BES dei Territori (Bes at local level), DF_BES_TERRIT_0T, dominio BES_03"
Tasso di infortuni mortali e inabilità permanente,03LAV007,provincia,Rimini,2018,14.3,per 10.000 occupati,Istat,"BES dei Territori (Bes at local level), DF_BES_TERRIT_0T, dominio BES_03"
Tasso di infortuni mortali e inabilità permanente,03LAV007,provincia,Rimini,2019,15.6,per 10.000 occupati,Istat,"BES dei Territori (Bes at local level), DF_BES_TERRIT_0T, dominio BES_03"
Tasso di infortuni mortali e inabilità permanente,03LAV007,provincia,Rimini,2020,13.4,per 10.000 occupati,Istat,"BES dei Territori (Bes at local level), DF_BES_TERRIT_0T, dominio BES_03"
Tasso di infortuni mortali e inabilità permanente,03LAV007,provincia,Rimini,2021,14.7,per 10.000 occupati,Istat,"BES dei Territori (Bes at local level), DF_BES_TERRIT_0T, dominio BES_03"
Tasso di infortuni mortali e inabilità permanente,03LAV007,provincia,Rimini,2022,15.5,per 10.000 occupati,Istat,"BES dei Territori (Bes at local level), DF_BES_TERRIT_0T, dominio BES_03"
Tasso di infortuni mortali e inabilità permanente,03LAV007,provincia,Roma,2018,7.1,per 10.000 occupati,Istat,"BES dei Territori (Bes at local level), DF_BES_TERRIT_0T, dominio BES_03"
Tasso di infortuni mortali e inabilità permanente,03LAV007,provincia,Roma,2019,7.2,per 10.000 occupati,Istat,"BES dei Territori (Bes at local level), DF_BES_TERRIT_0T, dominio BES_03"
Tasso di infortuni mortali e inabilità permanente,03LAV007,provincia,Roma,2020,7.3,per 10.000 occupati,Istat,"BES dei Territori (Bes at local level), DF_BES_TERRIT_0T, dominio BES_03"
Tasso di infortuni mortali e inabilità permanente,03LAV007,provincia,Roma,2021,7.3,per 10.000 occupati,Istat,"BES dei Territori (Bes at local level), DF_BES_TERRIT_0T, dominio BES_03"
Tasso di infortuni mortali e inabilità permanente,03LAV007,provincia,Roma,2022,7.1,per 10.000 occupati,Istat,"BES dei Territori (Bes at local level), DF_BES_TERRIT_0T, dominio BES_03"
Tasso di infortuni mortali e inabilità permanente,03LAV007,provincia,Rovigo,2018,11.3,per 10.000 occupati,Istat,"BES dei Territori (Bes at local level), DF_BES_TERRIT_0T, dominio BES_03"
Tasso di infortuni mortali e inabilità permanente,03LAV007,provincia,Rovigo,2019,10.2,per 10.000 occupati,Istat,"BES dei Territori (Bes at local level), DF_BES_TERRIT_0T, dominio BES_03"
Tasso di infortuni mortali e inabilità permanente,03LAV007,provincia,Rovigo,2020,11.4,per 10.000 occupati,Istat,"BES dei Territori (Bes at local level), DF_BES_TERRIT_0T, dominio BES_03"
Tasso di infortuni mortali e inabilità permanente,03LAV007,provincia,Rovigo,2021,10.6,per 10.000 occupati,Istat,"BES dei Territori (Bes at local level), DF_BES_TERRIT_0T, dominio BES_03"
Tasso di infortuni mortali e inabilità permanente,03LAV007,provincia,Rovigo,2022,12.1,per 10.000 occupati,Istat,"BES dei Territori (Bes at local level), DF_BES_TERRIT_0T, dominio BES_03"
Tasso di infortuni mortali e inabilità permanente,03LAV007,provincia,Salerno,2018,12.4,per 10.000 occupati,Istat,"BES dei Territori (Bes at local level), DF_BES_TERRIT_0T, dominio BES_03"
Tasso di infortuni mortali e inabilità permanente,03LAV007,provincia,Salerno,2019,14.7,per 10.000 occupati,Istat,"BES dei Territori (Bes at local level), DF_BES_TERRIT_0T, dominio BES_03"
Tasso di infortuni mortali e inabilità permanente,03LAV007,provincia,Salerno,2020,13.4,per 10.000 occupati,Istat,"BES dei Territori (Bes at local level), DF_BES_TERRIT_0T, dominio BES_03"
Tasso di infortuni mortali e inabilità permanente,03LAV007,provincia,Salerno,2021,11.7,per 10.000 occupati,Istat,"BES dei Territori (Bes at local level), DF_BES_TERRIT_0T, dominio BES_03"
Tasso di infortuni mortali e inabilità permanente,03LAV007,provincia,Salerno,2022,14.1,per 10.000 occupati,Istat,"BES dei Territori (Bes at local level), DF_BES_TERRIT_0T, dominio BES_03"
Tasso di infortuni mortali e inabilità permanente,03LAV007,provincia,Sassari,2018,13.0,per 10.000 occupati,Istat,"BES dei Territori (Bes at local level), DF_BES_TERRIT_0T, dominio BES_03"
Tasso di infortuni mortali e inabilità permanente,03LAV007,provincia,Sassari,2019,12.8,per 10.000 occupati,Istat,"BES dei Territori (Bes at local level), DF_BES_TERRIT_0T, dominio BES_03"
Tasso di infortuni mortali e inabilità permanente,03LAV007,provincia,Sassari,2020,11.6,per 10.000 occupati,Istat,"BES dei Territori (Bes at local level), DF_BES_TERRIT_0T, dominio BES_03"
Tasso di infortuni mortali e inabilità permanente,03LAV007,provincia,Sassari,2021,15.2,per 10.000 occupati,Istat,"BES dei Territori (Bes at local level), DF_BES_TERRIT_0T, dominio BES_03"
Tasso di infortuni mortali e inabilità permanente,03LAV007,provincia,Sassari,2022,15.4,per 10.000 occupati,Istat,"BES dei Territori (Bes at local level), DF_BES_TERRIT_0T, dominio BES_03"
Tasso di infortuni mortali e inabilità permanente,03LAV007,provincia,Savona,2018,12.9,per 10.000 occupati,Istat,"BES dei Territori (Bes at local level), DF_BES_TERRIT_0T, dominio BES_03"
Tasso di infortuni mortali e inabilità permanente,03LAV007,provincia,Savona,2019,14.2,per 10.000 occupati,Istat,"BES dei Territori (Bes at local level), DF_BES_TERRIT_0T, dominio BES_03"
Tasso di infortuni mortali e inabilità permanente,03LAV007,provincia,Savona,2020,13.5,per 10.000 occupati,Istat,"BES dei Territori (Bes at local level), DF_BES_TERRIT_0T, dominio BES_03"
Tasso di infortuni mortali e inabilità permanente,03LAV007,provincia,Savona,2021,12.9,per 10.000 occupati,Istat,"BES dei Territori (Bes at local level), DF_BES_TERRIT_0T, dominio BES_03"
Tasso di infortuni mortali e inabilità permanente,03LAV007,provincia,Savona,2022,11.9,per 10.000 occupati,Istat,"BES dei Territori (Bes at local level), DF_BES_TERRIT_0T, dominio BES_03"
Tasso di infortuni mortali e inabilità permanente,03LAV007,provincia,Siena,2018,18.7,per 10.000 occupati,Istat,"BES dei Territori (Bes at local level), DF_BES_TERRIT_0T, dominio BES_03"
Tasso di infortuni mortali e inabilità permanente,03LAV007,provincia,Siena,2019,15.5,per 10.000 occupati,Istat,"BES dei Territori (Bes at local level), DF_BES_TERRIT_0T, dominio BES_03"
Tasso di infortuni mortali e inabilità permanente,03LAV007,provincia,Siena,2020,11.5,per 10.000 occupati,Istat,"BES dei Territori (Bes at local level), DF_BES_TERRIT_0T, dominio BES_03"
Tasso di infortuni mortali e inabilità permanente,03LAV007,provincia,Siena,2021,15.8,per 10.000 occupati,Istat,"BES dei Territori (Bes at local level), DF_BES_TERRIT_0T, dominio BES_03"
Tasso di infortuni mortali e inabilità permanente,03LAV007,provincia,Siena,2022,17.8,per 10.000 occupati,Istat,"BES dei Territori (Bes at local level), DF_BES_TERRIT_0T, dominio BES_03"
Tasso di infortuni mortali e inabilità permanente,03LAV007,provincia,Siracusa,2018,13.0,per 10.000 occupati,Istat,"BES dei Territori (Bes at local level), DF_BES_TERRIT_0T, dominio BES_03"
Tasso di infortuni mortali e inabilità permanente,03LAV007,provincia,Siracusa,2019,12.0,per 10.000 occupati,Istat,"BES dei Territori (Bes at local level), DF_BES_TERRIT_0T, dominio BES_03"
Tasso di infortuni mortali e inabilità permanente,03LAV007,provincia,Siracusa,2020,9.3,per 10.000 occupati,Istat,"BES dei Territori (Bes at local level), DF_BES_TERRIT_0T, dominio BES_03"
Tasso di infortuni mortali e inabilità permanente,03LAV007,provincia,Siracusa,2021,12.0,per 10.000 occupati,Istat,"BES dei Territori (Bes at local level), DF_BES_TERRIT_0T, dominio BES_03"
Tasso di infortuni mortali e inabilità permanente,03LAV007,provincia,Siracusa,2022,12.4,per 10.000 occupati,Istat,"BES dei Territori (Bes at local level), DF_BES_TERRIT_0T, dominio BES_03"
Tasso di infortuni mortali e inabilità permanente,03LAV007,provincia,Sondrio,2018,10.2,per 10.000 occupati,Istat,"BES dei Territori (Bes at local level), DF_BES_TERRIT_0T, dominio BES_03"
Tasso di infortuni mortali e inabilità permanente,03LAV007,provincia,Sondrio,2019,12.1,per 10.000 occupati,Istat,"BES dei Territori (Bes at local level), DF_BES_TERRIT_0T, dominio BES_03"
Tasso di infortuni mortali e inabilità permanente,03LAV007,provincia,Sondrio,2020,13.0,per 10.000 occupati,Istat,"BES dei Territori (Bes at local level), DF_BES_TERRIT_0T, dominio BES_03"
Tasso di infortuni mortali e inabilità permanente,03LAV007,provincia,Sondrio,2021,9.1,per 10.000 occupati,Istat,"BES dei Territori (Bes at local level), DF_BES_TERRIT_0T, dominio BES_03"
Tasso di infortuni mortali e inabilità permanente,03LAV007,provincia,Sondrio,2022,8.5,per 10.000 occupati,Istat,"BES dei Territori (Bes at local level), DF_BES_TERRIT_0T, dominio BES_03"
Tasso di infortuni mortali e inabilità permanente,03LAV007,provincia,Taranto,2018,17.6,per 10.000 occupati,Istat,"BES dei Territori (Bes at local level), DF_BES_TERRIT_0T, dominio BES_03"
Tasso di infortuni mortali e inabilità permanente,03LAV007,provincia,Taranto,2019,15.9,per 10.000 occupati,Istat,"BES dei Territori (Bes at local level), DF_BES_TERRIT_0T, dominio BES_03"
Tasso di infortuni mortali e inabilità permanente,03LAV007,provincia,Taranto,2020,12.0,per 10.000 occupati,Istat,"BES dei Territori (Bes at local level), DF_BES_TERRIT_0T, dominio BES_03"
Tasso di infortuni mortali e inabilità permanente,03LAV007,provincia,Taranto,2021,16.4,per 10.000 occupati,Istat,"BES dei Territori (Bes at local level), DF_BES_TERRIT_0T, dominio BES_03"
Tasso di infortuni mortali e inabilità permanente,03LAV007,provincia,Taranto,2022,13.6,per 10.000 occupati,Istat,"BES dei Territori (Bes at local level), DF_BES_TERRIT_0T, dominio BES_03"
Tasso di infortuni mortali e inabilità permanente,03LAV007,provincia,Teramo,2018,16.0,per 10.000 occupati,Istat,"BES dei Territori (Bes at local level), DF_BES_TERRIT_0T, dominio BES_03"
Tasso di infortuni mortali e inabilità permanente,03LAV007,provincia,Teramo,2019,14.6,per 10.000 occupati,Istat,"BES dei Territori (Bes at local level), DF_BES_TERRIT_0T, dominio BES_03"
Tasso di infortuni mortali e inabilità permanente,03LAV007,provincia,Teramo,2020,14.4,per 10.000 occupati,Istat,"BES dei Territori (Bes at local level), DF_BES_TERRIT_0T, dominio BES_03"
Tasso di infortuni mortali e inabilità permanente,03LAV007,provincia,Teramo,2021,16.4,per 10.000 occupati,Istat,"BES dei Territori (Bes at local level), DF_BES_TERRIT_0T, dominio BES_03"
Tasso di infortuni mortali e inabilità permanente,03LAV007,provincia,Teramo,2022,18.7,per 10.000 occupati,Istat,"BES dei Territori (Bes at local level), DF_BES_TERRIT_0T, dominio BES_03"
Tasso di infortuni mortali e inabilità permanente,03LAV007,provincia,Terni,2018,19.0,per 10.000 occupati,Istat,"BES dei Territori (Bes at local level), DF_BES_TERRIT_0T, dominio BES_03"
Tasso di infortuni mortali e inabilità permanente,03LAV007,provincia,Terni,2019,17.1,per 10.000 occupati,Istat,"BES dei Territori (Bes at local level), DF_BES_TERRIT_0T, dominio BES_03"
Tasso di infortuni mortali e inabilità permanente,03LAV007,provincia,Terni,2020,16.1,per 10.000 occupati,Istat,"BES dei Territori (Bes at local level), DF_BES_TERRIT_0T, dominio BES_03"
Tasso di infortuni mortali e inabilità permanente,03LAV007,provincia,Terni,2021,16.4,per 10.000 occupati,Istat,"BES dei Territori (Bes at local level), DF_BES_TERRIT_0T, dominio BES_03"
Tasso di infortuni mortali e inabilità permanente,03LAV007,provincia,Terni,2022,16.3,per 10.000 occupati,Istat,"BES dei Territori (Bes at local level), DF_BES_TERRIT_0T, dominio BES_03"
Tasso di infortuni mortali e inabilità permanente,03LAV007,provincia,Torino,2018,6.5,per 10.000 occupati,Istat,"BES dei Territori (Bes at local level), DF_BES_TERRIT_0T, dominio BES_03"
Tasso di infortuni mortali e inabilità permanente,03LAV007,provincia,Torino,2019,6.5,per 10.000 occupati,Istat,"BES dei Territori (Bes at local level), DF_BES_TERRIT_0T, dominio BES_03"
Tasso di infortuni mortali e inabilità permanente,03LAV007,provincia,Torino,2020,6.4,per 10.000 occupati,Istat,"BES dei Territori (Bes at local level), DF_BES_TERRIT_0T, dominio BES_03"
Tasso di infortuni mortali e inabilità permanente,03LAV007,provincia,Torino,2021,6.9,per 10.000 occupati,Istat,"BES dei Territori (Bes at local level), DF_BES_TERRIT_0T, dominio BES_03"
Tasso di infortuni mortali e inabilità permanente,03LAV007,provincia,Torino,2022,6.6,per 10.000 occupati,Istat,"BES dei Territori (Bes at local level), DF_BES_TERRIT_0T, dominio BES_03"
Tasso di infortuni mortali e inabilità permanente,03LAV007,provincia,Trapani,2018,14.3,per 10.000 occupati,Istat,"BES dei Territori (Bes at local level), DF_BES_TERRIT_0T, dominio BES_03"
Tasso di infortuni mortali e inabilità permanente,03LAV007,provincia,Trapani,2019,10.1,per 10.000 occupati,Istat,"BES dei Territori (Bes at local level), DF_BES_TERRIT_0T, dominio BES_03"
Tasso di infortuni mortali e inabilità permanente,03LAV007,provincia,Trapani,2020,10.6,per 10.000 occupati,Istat,"BES dei Territori (Bes at local level), DF_BES_TERRIT_0T, dominio BES_03"
Tasso di infortuni mortali e inabilità permanente,03LAV007,provincia,Trapani,2021,13.5,per 10.000 occupati,Istat,"BES dei Territori (Bes at local level), DF_BES_TERRIT_0T, dominio BES_03"
Tasso di infortuni mortali e inabilità permanente,03LAV007,provincia,Trapani,2022,12.7,per 10.000 occupati,Istat,"BES dei Territori (Bes at local level), DF_BES_TERRIT_0T, dominio BES_03"
Tasso di infortuni mortali e inabilità permanente,03LAV007,provincia,Trento,2018,10.4,per 10.000 occupati,Istat,"BES dei Territori (Bes at local level), DF_BES_TERRIT_0T, dominio BES_03"
Tasso di infortuni mortali e inabilità permanente,03LAV007,provincia,Trento,2019,11.9,per 10.000 occupati,Istat,"BES dei Territori (Bes at local level), DF_BES_TERRIT_0T, dominio BES_03"
Tasso di infortuni mortali e inabilità permanente,03LAV007,provincia,Trento,2020,9.9,per 10.000 occupati,Istat,"BES dei Territori (Bes at local level), DF_BES_TERRIT_0T, dominio BES_03"
Tasso di infortuni mortali e inabilità permanente,03LAV007,provincia,Trento,2021,11.4,per 10.000 occupati,Istat,"BES dei Territori (Bes at local level), DF_BES_TERRIT_0T, dominio BES_03"
Tasso di infortuni mortali e inabilità permanente,03LAV007,provincia,Trento,2022,12.0,per 10.000 occupati,Istat,"BES dei Territori (Bes at local level), DF_BES_TERRIT_0T, dominio BES_03"
Tasso di infortuni mortali e inabilità permanente,03LAV007,provincia,Treviso,2018,13.4,per 10.000 occupati,Istat,"BES dei Territori (Bes at local level), DF_BES_TERRIT_0T, dominio BES_03"
Tasso di infortuni mortali e inabilità permanente,03LAV007,provincia,Treviso,2019,12.4,per 10.000 occupati,Istat,"BES dei Territori (Bes at local level), DF_BES_TERRIT_0T, dominio BES_03"
Tasso di infortuni mortali e inabilità permanente,03LAV007,provincia,Treviso,2020,11.7,per 10.000 occupati,Istat,"BES dei Territori (Bes at local level), DF_BES_TERRIT_0T, dominio BES_03"
Tasso di infortuni mortali e inabilità permanente,03LAV007,provincia,Treviso,2021,12.2,per 10.000 occupati,Istat,"BES dei Territori (Bes at local level), DF_BES_TERRIT_0T, dominio BES_03"
Tasso di infortuni mortali e inabilità permanente,03LAV007,provincia,Treviso,2022,11.5,per 10.000 occupati,Istat,"BES dei Territori (Bes at local level), DF_BES_TERRIT_0T, dominio BES_03"
Tasso di infortuni mortali e inabilità permanente,03LAV007,provincia,Trieste,2018,9.9,per 10.000 occupati,Istat,"BES dei Territori (Bes at local level), DF_BES_TERRIT_0T, dominio BES_03"
Tasso di infortuni mortali e inabilità permanente,03LAV007,provincia,Trieste,2019,11.6,per 10.000 occupati,Istat,"BES dei Territori (Bes at local level), DF_BES_TERRIT_0T, dominio BES_03"
Tasso di infortuni mortali e inabilità permanente,03LAV007,provincia,Trieste,2020,9.7,per 10.000 occupati,Istat,"BES dei Territori (Bes at local level), DF_BES_TERRIT_0T, dominio BES_03"
Tasso di infortuni mortali e inabilità permanente,03LAV007,provincia,Trieste,2021,9.2,per 10.000 occupati,Istat,"BES dei Territori (Bes at local level), DF_BES_TERRIT_0T, dominio BES_03"
Tasso di infortuni mortali e inabilità permanente,03LAV007,provincia,Trieste,2022,8.6,per 10.000 occupati,Istat,"BES dei Territori (Bes at local level), DF_BES_TERRIT_0T, dominio BES_03"
Tasso di infortuni mortali e inabilità permanente,03LAV007,provincia,Udine,2018,10.2,per 10.000 occupati,Istat,"BES dei Territori (Bes at local level), DF_BES_TERRIT_0T, dominio BES_03"
Tasso di infortuni mortali e inabilità permanente,03LAV007,provincia,Udine,2019,10.9,per 10.000 occupati,Istat,"BES dei Territori (Bes at local level), DF_BES_TERRIT_0T, dominio BES_03"
Tasso di infortuni mortali e inabilità permanente,03LAV007,provincia,Udine,2020,9.5,per 10.000 occupati,Istat,"BES dei Territori (Bes at local level), DF_BES_TERRIT_0T, dominio BES_03"
Tasso di infortuni mortali e inabilità permanente,03LAV007,provincia,Udine,2021,9.0,per 10.000 occupati,Istat,"BES dei Territori (Bes at local level), DF_BES_TERRIT_0T, dominio BES_03"
Tasso di infortuni mortali e inabilità permanente,03LAV007,provincia,Udine,2022,9.1,per 10.000 occupati,Istat,"BES dei Territori (Bes at local level), DF_BES_TERRIT_0T, dominio BES_03"
Tasso di infortuni mortali e inabilità permanente,03LAV007,provincia,Varese,2018,8.7,per 10.000 occupati,Istat,"BES dei Territori (Bes at local level), DF_BES_TERRIT_0T, dominio BES_03"
Tasso di infortuni mortali e inabilità permanente,03LAV007,provincia,Varese,2019,10.3,per 10.000 occupati,Istat,"BES dei Territori (Bes at local level), DF_BES_TERRIT_0T, dominio BES_03"
Tasso di infortuni mortali e inabilità permanente,03LAV007,provincia,Varese,2020,9.9,per 10.000 occupati,Istat,"BES dei Territori (Bes at local level), DF_BES_TERRIT_0T, dominio BES_03"
Tasso di infortuni mortali e inabilità permanente,03LAV007,provincia,Varese,2021,10.0,per 10.000 occupati,Istat,"BES dei Territori (Bes at local level), DF_BES_TERRIT_0T, dominio BES_03"
Tasso di infortuni mortali e inabilità permanente,03LAV007,provincia,Varese,2022,10.1,per 10.000 occupati,Istat,"BES dei Territori (Bes at local level), DF_BES_TERRIT_0T, dominio BES_03"
Tasso di infortuni mortali e inabilità permanente,03LAV007,provincia,Venezia,2018,10.2,per 10.000 occupati,Istat,"BES dei Territori (Bes at local level), DF_BES_TERRIT_0T, dominio BES_03"
Tasso di infortuni mortali e inabilità permanente,03LAV007,provincia,Venezia,2019,8.7,per 10.000 occupati,Istat,"BES dei Territori (Bes at local level), DF_BES_TERRIT_0T, dominio BES_03"
Tasso di infortuni mortali e inabilità permanente,03LAV007,provincia,Venezia,2020,10.0,per 10.000 occupati,Istat,"BES dei Territori (Bes at local level), DF_BES_TERRIT_0T, dominio BES_03"
Tasso di infortuni mortali e inabilità permanente,03LAV007,provincia,Venezia,2021,8.6,per 10.000 occupati,Istat,"BES dei Territori (Bes at local level), DF_BES_TERRIT_0T, dominio BES_03"
Tasso di infortuni mortali e inabilità permanente,03LAV007,provincia,Venezia,2022,8.1,per 10.000 occupati,Istat,"BES dei Territori (Bes at local level), DF_BES_TERRIT_0T, dominio BES_03"
Tasso di infortuni mortali e inabilità permanente,03LAV007,provincia,Verbano-Cusio-Ossola,2018,7.3,per 10.000 occupati,Istat,"BES dei Territori (Bes at local level), DF_BES_TERRIT_0T, dominio BES_03"
Tasso di infortuni mortali e inabilità permanente,03LAV007,provincia,Verbano-Cusio-Ossola,2019,5.7,per 10.000 occupati,Istat,"BES dei Territori (Bes at local level), DF_BES_TERRIT_0T, dominio BES_03"
Tasso di infortuni mortali e inabilità permanente,03LAV007,provincia,Verbano-Cusio-Ossola,2020,6.2,per 10.000 occupati,Istat,"BES dei Territori (Bes at local level), DF_BES_TERRIT_0T, dominio BES_03"
Tasso di infortuni mortali e inabilità permanente,03LAV007,provincia,Verbano-Cusio-Ossola,2021,6.3,per 10.000 occupati,Istat,"BES dei Territori (Bes at local level), DF_BES_TERRIT_0T, dominio BES_03"
Tasso di infortuni mortali e inabilità permanente,03LAV007,provincia,Verbano-Cusio-Ossola,2022,4.7,per 10.000 occupati,Istat,"BES dei Territori (Bes at local level), DF_BES_TERRIT_0T, dominio BES_03"
Tasso di infortuni mortali e inabilità permanente,03LAV007,provincia,Vercelli,2018,9.3,per 10.000 occupati,Istat,"BES dei Territori (Bes at local level), DF_BES_TERRIT_0T, dominio BES_03"
Tasso di infortuni mortali e inabilità permanente,03LAV007,provincia,Vercelli,2019,8.4,per 10.000 occupati,Istat,"BES dei Territori (Bes at local level), DF_BES_TERRIT_0T, dominio BES_03"
Tasso di infortuni mortali e inabilità permanente,03LAV007,provincia,Vercelli,2020,9.9,per 10.000 occupati,Istat,"BES dei Territori (Bes at local level), DF_BES_TERRIT_0T, dominio BES_03"
Tasso di infortuni mortali e inabilità permanente,03LAV007,provincia,Vercelli,2021,14.9,per 10.000 occupati,Istat,"BES dei Territori (Bes at local level), DF_BES_TERRIT_0T, dominio BES_03"
Tasso di infortuni mortali e inabilità permanente,03LAV007,provincia,Vercelli,2022,14.5,per 10.000 occupati,Istat,"BES dei Territori (Bes at local level), DF_BES_TERRIT_0T, dominio BES_03"
Tasso di infortuni mortali e inabilità permanente,03LAV007,provincia,Verona,2018,14.9,per 10.000 occupati,Istat,"BES dei Territori (Bes at local level), DF_BES_TERRIT_0T, dominio BES_03"
Tasso di infortuni mortali e inabilità permanente,03LAV007,provincia,Verona,2019,13.5,per 10.000 occupati,Istat,"BES dei Territori (Bes at local level), DF_BES_TERRIT_0T, dominio BES_03"
Tasso di infortuni mortali e inabilità permanente,03LAV007,provincia,Verona,2020,13.6,per 10.000 occupati,Istat,"BES dei Territori (Bes at local level), DF_BES_TERRIT_0T, dominio BES_03"
Tasso di infortuni mortali e inabilità permanente,03LAV007,provincia,Verona,2021,13.9,per 10.000 occupati,Istat,"BES dei Territori (Bes at local level), DF_BES_TERRIT_0T, dominio BES_03"
Tasso di infortuni mortali e inabilità permanente,03LAV007,provincia,Verona,2022,12.8,per 10.000 occupati,Istat,"BES dei Territori (Bes at local level), DF_BES_TERRIT_0T, dominio BES_03"
Tasso di infortuni mortali e inabilità permanente,03LAV007,provincia,Vibo Valentia,2018,15.7,per 10.000 occupati,Istat,"BES dei Territori (Bes at local level), DF_BES_TERRIT_0T, dominio BES_03"
Tasso di infortuni mortali e inabilità permanente,03LAV007,provincia,Vibo Valentia,2019,19.2,per 10.000 occupati,Istat,"BES dei Territori (Bes at local level), DF_BES_TERRIT_0T, dominio BES_03"
Tasso di infortuni mortali e inabilità permanente,03LAV007,provincia,Vibo Valentia,2020,18.7,per 10.000 occupati,Istat,"BES dei Territori (Bes at local level), DF_BES_TERRIT_0T, dominio BES_03"
Tasso di infortuni mortali e inabilità permanente,03LAV007,provincia,Vibo Valentia,2021,13.3,per 10.000 occupati,Istat,"BES dei Territori (Bes at local level), DF_BES_TERRIT_0T, dominio BES_03"
Tasso di infortuni mortali e inabilità permanente,03LAV007,provincia,Vibo Valentia,2022,11.9,per 10.000 occupati,Istat,"BES dei Territori (Bes at local level), DF_BES_TERRIT_0T, dominio BES_03"
Tasso di infortuni mortali e inabilità permanente,03LAV007,provincia,Vicenza,2018,12.5,per 10.000 occupati,Istat,"BES dei Territori (Bes at local level), DF_BES_TERRIT_0T, dominio BES_03"
Tasso di infortuni mortali e inabilità permanente,03LAV007,provincia,Vicenza,2019,10.7,per 10.000 occupati,Istat,"BES dei Territori (Bes at local level), DF_BES_TERRIT_0T, dominio BES_03"
Tasso di infortuni mortali e inabilità permanente,03LAV007,provincia,Vicenza,2020,10.6,per 10.000 occupati,Istat,"BES dei Territori (Bes at local level), DF_BES_TERRIT_0T, dominio BES_03"
Tasso di infortuni mortali e inabilità permanente,03LAV007,provincia,Vicenza,2021,10.1,per 10.000 occupati,Istat,"BES dei Territori (Bes at local level), DF_BES_TERRIT_0T, dominio BES_03"
Tasso di infortuni mortali e inabilità permanente,03LAV007,provincia,Vicenza,2022,8.6,per 10.000 occupati,Istat,"BES dei Territori (Bes at local level), DF_BES_TERRIT_0T, dominio BES_03"
Tasso di infortuni mortali e inabilità permanente,03LAV007,provincia,Viterbo,2018,11.3,per 10.000 occupati,Istat,"BES dei Territori (Bes at local level), DF_BES_TERRIT_0T, dominio BES_03"
Tasso di infortuni mortali e inabilità permanente,03LAV007,provincia,Viterbo,2019,15.1,per 10.000 occupati,Istat,"BES dei Territori (Bes at local level), DF_BES_TERRIT_0T, dominio BES_03"
Tasso di infortuni mortali e inabilità permanente,03LAV007,provincia,Viterbo,2020,15.4,per 10.000 occupati,Istat,"BES dei Territori (Bes at local level), DF_BES_TERRIT_0T, dominio BES_03"
Tasso di infortuni mortali e inabilità permanente,03LAV007,provincia,Viterbo,2021,13.4,per 10.000 occupati,Istat,"BES dei Territori (Bes at local level), DF_BES_TERRIT_0T, dominio BES_03"
Tasso di infortuni mortali e inabilità permanente,03LAV007,provincia,Viterbo,2022,14.4,per 10.000 occupati,Istat,"BES dei Territori (Bes at local level), DF_BES_TERRIT_0T, dominio BES_03"
"Tasso di infortuni sul lavoro mortali e con inabilità permanente, Italia e ripartizioni",bes_areas_03LAV007,ripartizione,Centro,2018,12.6,Per 10.000 occupati,Istat,"Benessere equo e sostenibile, aggiornamento intermedio 2026, valori ufficiali per ripartizione"
"Tasso di infortuni sul lavoro mortali e con inabilità permanente, Italia e ripartizioni",bes_areas_03LAV007,ripartizione,Centro,2019,12.1,Per 10.000 occupati,Istat,"Benessere equo e sostenibile, aggiornamento intermedio 2026, valori ufficiali per ripartizione"
"Tasso di infortuni sul lavoro mortali e con inabilità permanente, Italia e ripartizioni",bes_areas_03LAV007,ripartizione,Centro,2020,11.2,Per 10.000 occupati,Istat,"Benessere equo e sostenibile, aggiornamento intermedio 2026, valori ufficiali per ripartizione"
"Tasso di infortuni sul lavoro mortali e con inabilità permanente, Italia e ripartizioni",bes_areas_03LAV007,ripartizione,Centro,2021,11.7,Per 10.000 occupati,Istat,"Benessere equo e sostenibile, aggiornamento intermedio 2026, valori ufficiali per ripartizione"
"Tasso di infortuni sul lavoro mortali e con inabilità permanente, Italia e ripartizioni",bes_areas_03LAV007,ripartizione,Centro,2022,11.9,Per 10.000 occupati,Istat,"Benessere equo e sostenibile, aggiornamento intermedio 2026, valori ufficiali per ripartizione"
"Tasso di infortuni sul lavoro mortali e con inabilità permanente, Italia e ripartizioni",bes_areas_03LAV007,ripartizione,Italia,2018,12.0,Per 10.000 occupati,Istat,"Benessere equo e sostenibile, aggiornamento intermedio 2026, valori ufficiali per ripartizione"
"Tasso di infortuni sul lavoro mortali e con inabilità permanente, Italia e ripartizioni",bes_areas_03LAV007,ripartizione,Italia,2019,11.7,Per 10.000 occupati,Istat,"Benessere equo e sostenibile, aggiornamento intermedio 2026, valori ufficiali per ripartizione"
"Tasso di infortuni sul lavoro mortali e con inabilità permanente, Italia e ripartizioni",bes_areas_03LAV007,ripartizione,Italia,2020,10.8,Per 10.000 occupati,Istat,"Benessere equo e sostenibile, aggiornamento intermedio 2026, valori ufficiali per ripartizione"
"Tasso di infortuni sul lavoro mortali e con inabilità permanente, Italia e ripartizioni",bes_areas_03LAV007,ripartizione,Italia,2021,11.3,Per 10.000 occupati,Istat,"Benessere equo e sostenibile, aggiornamento intermedio 2026, valori ufficiali per ripartizione"
"Tasso di infortuni sul lavoro mortali e con inabilità permanente, Italia e ripartizioni",bes_areas_03LAV007,ripartizione,Italia,2022,11.0,Per 10.000 occupati,Istat,"Benessere equo e sostenibile, aggiornamento intermedio 2026, valori ufficiali per ripartizione"
"Tasso di infortuni sul lavoro mortali e con inabilità permanente, Italia e ripartizioni",bes_areas_03LAV007,ripartizione,Mezzogiorno,2018,14.6,Per 10.000 occupati,Istat,"Benessere equo e sostenibile, aggiornamento intermedio 2026, valori ufficiali per ripartizione"
"Tasso di infortuni sul lavoro mortali e con inabilità permanente, Italia e ripartizioni",bes_areas_03LAV007,ripartizione,Mezzogiorno,2019,14.3,Per 10.000 occupati,Istat,"Benessere equo e sostenibile, aggiornamento intermedio 2026, valori ufficiali per ripartizione"
"Tasso di infortuni sul lavoro mortali e con inabilità permanente, Italia e ripartizioni",bes_areas_03LAV007,ripartizione,Mezzogiorno,2020,12.4,Per 10.000 occupati,Istat,"Benessere equo e sostenibile, aggiornamento intermedio 2026, valori ufficiali per ripartizione"
"Tasso di infortuni sul lavoro mortali e con inabilità permanente, Italia e ripartizioni",bes_areas_03LAV007,ripartizione,Mezzogiorno,2021,13.4,Per 10.000 occupati,Istat,"Benessere equo e sostenibile, aggiornamento intermedio 2026, valori ufficiali per ripartizione"
"Tasso di infortuni sul lavoro mortali e con inabilità permanente, Italia e ripartizioni",bes_areas_03LAV007,ripartizione,Mezzogiorno,2022,13.0,Per 10.000 occupati,Istat,"Benessere equo e sostenibile, aggiornamento intermedio 2026, valori ufficiali per ripartizione"
"Tasso di infortuni sul lavoro mortali e con inabilità permanente, Italia e ripartizioni",bes_areas_03LAV007,ripartizione,Nord,2018,10.5,Per 10.000 occupati,Istat,"Benessere equo e sostenibile, aggiornamento intermedio 2026, valori ufficiali per ripartizione"
"Tasso di infortuni sul lavoro mortali e con inabilità permanente, Italia e ripartizioni",bes_areas_03LAV007,ripartizione,Nord,2019,10.2,Per 10.000 occupati,Istat,"Benessere equo e sostenibile, aggiornamento intermedio 2026, valori ufficiali per ripartizione"
"Tasso di infortuni sul lavoro mortali e con inabilità permanente, Italia e ripartizioni",bes_areas_03LAV007,ripartizione,Nord,2020,9.8,Per 10.000 occupati,Istat,"Benessere equo e sostenibile, aggiornamento intermedio 2026, valori ufficiali per ripartizione"
"Tasso di infortuni sul lavoro mortali e con inabilità permanente, Italia e ripartizioni",bes_areas_03LAV007,ripartizione,Nord,2021,10.1,Per 10.000 occupati,Istat,"Benessere equo e sostenibile, aggiornamento intermedio 2026, valori ufficiali per ripartizione"
"Tasso di infortuni sul lavoro mortali e con inabilità permanente, Italia e ripartizioni",bes_areas_03LAV007,ripartizione,Nord,2022,9.6,Per 10.000 occupati,Istat,"Benessere equo e sostenibile, aggiornamento intermedio 2026, valori ufficiali per ripartizione"
Tasso di infortuni atteso in base ai settori,injuries_expected_by_sector,provincia,Agrigento,2022,13.9,per 10.000 occupati,Istat,"BES dei territori (03LAV007) e Conti territoriali, occupati per branca (93_379_DF_DCCN_OCCTSEC2010_2)"
Tasso di infortuni atteso in base ai settori,injuries_expected_by_sector,provincia,Alessandria,2022,12.3,per 10.000 occupati,Istat,"BES dei territori (03LAV007) e Conti territoriali, occupati per branca (93_379_DF_DCCN_OCCTSEC2010_2)"
Tasso di infortuni atteso in base ai settori,injuries_expected_by_sector,provincia,Ancona,2022,10.6,per 10.000 occupati,Istat,"BES dei territori (03LAV007) e Conti territoriali, occupati per branca (93_379_DF_DCCN_OCCTSEC2010_2)"
Tasso di infortuni atteso in base ai settori,injuries_expected_by_sector,provincia,Aosta,2022,13.0,per 10.000 occupati,Istat,"BES dei territori (03LAV007) e Conti territoriali, occupati per branca (93_379_DF_DCCN_OCCTSEC2010_2)"
Tasso di infortuni atteso in base ai settori,injuries_expected_by_sector,provincia,Arezzo,2022,12.3,per 10.000 occupati,Istat,"BES dei territori (03LAV007) e Conti territoriali, occupati per branca (93_379_DF_DCCN_OCCTSEC2010_2)"
Tasso di infortuni atteso in base ai settori,injuries_expected_by_sector,provincia,Ascoli Piceno,2022,12.3,per 10.000 occupati,Istat,"BES dei territori (03LAV007) e Conti territoriali, occupati per branca (93_379_DF_DCCN_OCCTSEC2010_2)"
Tasso di infortuni atteso in base ai settori,injuries_expected_by_sector,provincia,Asti,2022,13.6,per 10.000 occupati,Istat,"BES dei territori (03LAV007) e Conti territoriali, occupati per branca (93_379_DF_DCCN_OCCTSEC2010_2)"
Tasso di infortuni atteso in base ai settori,injuries_expected_by_sector,provincia,Avellino,2022,13.5,per 10.000 occupati,Istat,"BES dei territori (03LAV007) e Conti territoriali, occupati per branca (93_379_DF_DCCN_OCCTSEC2010_2)"
Tasso di infortuni atteso in base ai settori,injuries_expected_by_sector,provincia,Bari,2022,12.8,per 10.000 occupati,Istat,"BES dei territori (03LAV007) e Conti territoriali, occupati per branca (93_379_DF_DCCN_OCCTSEC2010_2)"
Tasso di infortuni atteso in base ai settori,injuries_expected_by_sector,provincia,Belluno,2022,11.1,per 10.000 occupati,Istat,"BES dei territori (03LAV007) e Conti territoriali, occupati per branca (93_379_DF_DCCN_OCCTSEC2010_2)"
Tasso di infortuni atteso in base ai settori,injuries_expected_by_sector,provincia,Benevento,2022,15.0,per 10.000 occupati,Istat,"BES dei territori (03LAV007) e Conti territoriali, occupati per branca (93_379_DF_DCCN_OCCTSEC2010_2)"
Tasso di infortuni atteso in base ai settori,injuries_expected_by_sector,provincia,Bergamo,2022,12.7,per 10.000 occupati,Istat,"BES dei territori (03LAV007) e Conti territoriali, occupati per branca (93_379_DF_DCCN_OCCTSEC2010_2)"
Tasso di infortuni atteso in base ai settori,injuries_expected_by_sector,provincia,Biella,2022,10.9,per 10.000 occupati,Istat,"BES dei territori (03LAV007) e Conti territoriali, occupati per branca (93_379_DF_DCCN_OCCTSEC2010_2)"
Tasso di infortuni atteso in base ai settori,injuries_expected_by_sector,provincia,Bologna,2022,10.3,per 10.000 occupati,Istat,"BES dei territori (03LAV007) e Conti territoriali, occupati per branca (93_379_DF_DCCN_OCCTSEC2010_2)"
Tasso di infortuni atteso in base ai settori,injuries_expected_by_sector,provincia,Bolzano,2022,12.8,per 10.000 occupati,Istat,"BES dei territori (03LAV007) e Conti territoriali, occupati per branca (93_379_DF_DCCN_OCCTSEC2010_2)"
Tasso di infortuni atteso in base ai settori,injuries_expected_by_sector,provincia,Brescia,2022,12.0,per 10.000 occupati,Istat,"BES dei territori (03LAV007) e Conti territoriali, occupati per branca (93_379_DF_DCCN_OCCTSEC2010_2)"
Tasso di infortuni atteso in base ai settori,injuries_expected_by_sector,provincia,Brindisi,2022,14.1,per 10.000 occupati,Istat,"BES dei territori (03LAV007) e Conti territoriali, occupati per branca (93_379_DF_DCCN_OCCTSEC2010_2)"
Tasso di infortuni atteso in base ai settori,injuries_expected_by_sector,provincia,Cagliari,2022,11.0,per 10.000 occupati,Istat,"BES dei territori (03LAV007) e Conti territoriali, occupati per branca (93_379_DF_DCCN_OCCTSEC2010_2)"
Tasso di infortuni atteso in base ai settori,injuries_expected_by_sector,provincia,Caltanissetta,2022,14.2,per 10.000 occupati,Istat,"BES dei territori (03LAV007) e Conti territoriali, occupati per branca (93_379_DF_DCCN_OCCTSEC2010_2)"
Tasso di infortuni atteso in base ai settori,injuries_expected_by_sector,provincia,Campobasso,2022,13.8,per 10.000 occupati,Istat,"BES dei territori (03LAV007) e Conti territoriali, occupati per branca (93_379_DF_DCCN_OCCTSEC2010_2)"
Tasso di infortuni atteso in base ai settori,injuries_expected_by_sector,provincia,Caserta,2022,13.7,per 10.000 occupati,Istat,"BES dei territori (03LAV007) e Conti territoriali, occupati per branca (93_379_DF_DCCN_OCCTSEC2010_2)"
Tasso di infortuni atteso in base ai settori,injuries_expected_by_sector,provincia,Catania,2022,12.4,per 10.000 occupati,Istat,"BES dei territori (03LAV007) e Conti territoriali, occupati per branca (93_379_DF_DCCN_OCCTSEC2010_2)"
Tasso di infortuni atteso in base ai settori,injuries_expected_by_sector,provincia,Catanzaro,2022,13.7,per 10.000 occupati,Istat,"BES dei territori (03LAV007) e Conti territoriali, occupati per branca (93_379_DF_DCCN_OCCTSEC2010_2)"
Tasso di infortuni atteso in base ai settori,injuries_expected_by_sector,provincia,Chieti,2022,12.3,per 10.000 occupati,Istat,"BES dei territori (03LAV007) e Conti territoriali, occupati per branca (93_379_DF_DCCN_OCCTSEC2010_2)"
Tasso di infortuni atteso in base ai settori,injuries_expected_by_sector,provincia,Como,2022,11.0,per 10.000 occupati,Istat,"BES dei territori (03LAV007) e Conti territoriali, occupati per branca (93_379_DF_DCCN_OCCTSEC2010_2)"
Tasso di infortuni atteso in base ai settori,injuries_expected_by_sector,provincia,Cosenza,2022,13.9,per 10.000 occupati,Istat,"BES dei territori (03LAV007) e Conti territoriali, occupati per branca (93_379_DF_DCCN_OCCTSEC2010_2)"
Tasso di infortuni atteso in base ai settori,injuries_expected_by_sector,provincia,Cremona,2022,11.1,per 10.000 occupati,Istat,"BES dei territori (03LAV007) e Conti territoriali, occupati per branca (93_379_DF_DCCN_OCCTSEC2010_2)"
Tasso di infortuni atteso in base ai settori,injuries_expected_by_sector,provincia,Crotone,2022,14.8,per 10.000 occupati,Istat,"BES dei territori (03LAV007) e Conti territoriali, occupati per branca (93_379_DF_DCCN_OCCTSEC2010_2)"
Tasso di infortuni atteso in base ai settori,injuries_expected_by_sector,provincia,Cuneo,2022,13.0,per 10.000 occupati,Istat,"BES dei territori (03LAV007) e Conti territoriali, occupati per branca (93_379_DF_DCCN_OCCTSEC2010_2)"
Tasso di infortuni atteso in base ai settori,injuries_expected_by_sector,provincia,Enna,2022,13.5,per 10.000 occupati,Istat,"BES dei territori (03LAV007) e Conti territoriali, occupati per branca (93_379_DF_DCCN_OCCTSEC2010_2)"
Tasso di infortuni atteso in base ai settori,injuries_expected_by_sector,provincia,Ferrara,2022,11.8,per 10.000 occupati,Istat,"BES dei territori (03LAV007) e Conti territoriali, occupati per branca (93_379_DF_DCCN_OCCTSEC2010_2)"
Tasso di infortuni atteso in base ai settori,injuries_expected_by_sector,provincia,Firenze,2022,10.4,per 10.000 occupati,Istat,"BES dei territori (03LAV007) e Conti territoriali, occupati per branca (93_379_DF_DCCN_OCCTSEC2010_2)"
Tasso di infortuni atteso in base ai settori,injuries_expected_by_sector,provincia,Foggia,2022,14.4,per 10.000 occupati,Istat,"BES dei territori (03LAV007) e Conti territoriali, occupati per branca (93_379_DF_DCCN_OCCTSEC2010_2)"
Tasso di infortuni atteso in base ai settori,injuries_expected_by_sector,provincia,Forlì-Cesena,2022,12.0,per 10.000 occupati,Istat,"BES dei territori (03LAV007) e Conti territoriali, occupati per branca (93_379_DF_DCCN_OCCTSEC2010_2)"
Tasso di infortuni atteso in base ai settori,injuries_expected_by_sector,provincia,Frosinone,2022,13.7,per 10.000 occupati,Istat,"BES dei territori (03LAV007) e Conti territoriali, occupati per branca (93_379_DF_DCCN_OCCTSEC2010_2)"
Tasso di infortuni atteso in base ai settori,injuries_expected_by_sector,provincia,Genova,2022,11.5,per 10.000 occupati,Istat,"BES dei territori (03LAV007) e Conti territoriali, occupati per branca (93_379_DF_DCCN_OCCTSEC2010_2)"
Tasso di infortuni atteso in base ai settori,injuries_expected_by_sector,provincia,Gorizia,2022,11.7,per 10.000 occupati,Istat,"BES dei territori (03LAV007) e Conti territoriali, occupati per branca (93_379_DF_DCCN_OCCTSEC2010_2)"
Tasso di infortuni atteso in base ai settori,injuries_expected_by_sector,provincia,Grosseto,2022,13.4,per 10.000 occupati,Istat,"BES dei territori (03LAV007) e Conti territoriali, occupati per branca (93_379_DF_DCCN_OCCTSEC2010_2)"
Tasso di infortuni atteso in base ai settori,injuries_expected_by_sector,provincia,Imperia,2022,13.9,per 10.000 occupati,Istat,"BES dei territori (03LAV007) e Conti territoriali, occupati per branca (93_379_DF_DCCN_OCCTSEC2010_2)"
Tasso di infortuni atteso in base ai settori,injuries_expected_by_sector,provincia,Isernia,2022,14.3,per 10.000 occupati,Istat,"BES dei territori (03LAV007) e Conti territoriali, occupati per branca (93_379_DF_DCCN_OCCTSEC2010_2)"
Tasso di infortuni atteso in base ai settori,injuries_expected_by_sector,provincia,L'Aquila,2022,14.8,per 10.000 occupati,Istat,"BES dei territori (03LAV007) e Conti territoriali, occupati per branca (93_379_DF_DCCN_OCCTSEC2010_2)"
Tasso di infortuni atteso in base ai settori,injuries_expected_by_sector,provincia,La Spezia,2022,11.2,per 10.000 occupati,Istat,"BES dei territori (03LAV007) e Conti territoriali, occupati per branca (93_379_DF_DCCN_OCCTSEC2010_2)"
Tasso di infortuni atteso in base ai settori,injuries_expected_by_sector,provincia,Latina,2022,13.6,per 10.000 occupati,Istat,"BES dei territori (03LAV007) e Conti territoriali, occupati per branca (93_379_DF_DCCN_OCCTSEC2010_2)"
Tasso di infortuni atteso in base ai settori,injuries_expected_by_sector,provincia,Lecce,2022,13.7,per 10.000 occupati,Istat,"BES dei territori (03LAV007) e Conti territoriali, occupati per branca (93_379_DF_DCCN_OCCTSEC2010_2)"
Tasso di infortuni atteso in base ai settori,injuries_expected_by_sector,provincia,Lecco,2022,10.9,per 10.000 occupati,Istat,"BES dei territori (03LAV007) e Conti territoriali, occupati per branca (93_379_DF_DCCN_OCCTSEC2010_2)"
Tasso di infortuni atteso in base ai settori,injuries_expected_by_sector,provincia,Livorno,2022,11.3,per 10.000 occupati,Istat,"BES dei territori (03LAV007) e Conti territoriali, occupati per branca (93_379_DF_DCCN_OCCTSEC2010_2)"
Tasso di infortuni atteso in base ai settori,injuries_expected_by_sector,provincia,Lodi,2022,11.7,per 10.000 occupati,Istat,"BES dei territori (03LAV007) e Conti territoriali, occupati per branca (93_379_DF_DCCN_OCCTSEC2010_2)"
Tasso di infortuni atteso in base ai settori,injuries_expected_by_sector,provincia,Lucca,2022,12.2,per 10.000 occupati,Istat,"BES dei territori (03LAV007) e Conti territoriali, occupati per branca (93_379_DF_DCCN_OCCTSEC2010_2)"
Tasso di infortuni atteso in base ai settori,injuries_expected_by_sector,provincia,Macerata,2022,12.3,per 10.000 occupati,Istat,"BES dei territori (03LAV007) e Conti territoriali, occupati per branca (93_379_DF_DCCN_OCCTSEC2010_2)"
Tasso di infortuni atteso in base ai settori,injuries_expected_by_sector,provincia,Mantova,2022,11.7,per 10.000 occupati,Istat,"BES dei territori (03LAV007) e Conti territoriali, occupati per branca (93_379_DF_DCCN_OCCTSEC2010_2)"
Tasso di infortuni atteso in base ai settori,injuries_expected_by_sector,provincia,Massa-Carrara,2022,12.1,per 10.000 occupati,Istat,"BES dei territori (03LAV007) e Conti territoriali, occupati per branca (93_379_DF_DCCN_OCCTSEC2010_2)"
Tasso di infortuni atteso in base ai settori,injuries_expected_by_sector,provincia,Matera,2022,14.5,per 10.000 occupati,Istat,"BES dei territori (03LAV007) e Conti territoriali, occupati per branca (93_379_DF_DCCN_OCCTSEC2010_2)"
Tasso di infortuni atteso in base ai settori,injuries_expected_by_sector,provincia,Messina,2022,12.7,per 10.000 occupati,Istat,"BES dei territori (03LAV007) e Conti territoriali, occupati per branca (93_379_DF_DCCN_OCCTSEC2010_2)"
Tasso di infortuni atteso in base ai settori,injuries_expected_by_sector,provincia,Milano,2022,9.8,per 10.000 occupati,Istat,"BES dei territori (03LAV007) e Conti territoriali, occupati per branca (93_379_DF_DCCN_OCCTSEC2010_2)"
Tasso di infortuni atteso in base ai settori,injuries_expected_by_sector,provincia,Modena,2022,11.0,per 10.000 occupati,Istat,"BES dei territori (03LAV007) e Conti territoriali, occupati per branca (93_379_DF_DCCN_OCCTSEC2010_2)"
Tasso di infortuni atteso in base ai settori,injuries_expected_by_sector,provincia,Napoli,2022,11.3,per 10.000 occupati,Istat,"BES dei territori (03LAV007) e Conti territoriali, occupati per branca (93_379_DF_DCCN_OCCTSEC2010_2)"
Tasso di infortuni atteso in base ai settori,injuries_expected_by_sector,provincia,Novara,2022,11.0,per 10.000 occupati,Istat,"BES dei territori (03LAV007) e Conti territoriali, occupati per branca (93_379_DF_DCCN_OCCTSEC2010_2)"
Tasso di infortuni atteso in base ai settori,injuries_expected_by_sector,provincia,Nuoro,2022,13.8,per 10.000 occupati,Istat,"BES dei territori (03LAV007) e Conti territoriali, occupati per branca (93_379_DF_DCCN_OCCTSEC2010_2)"
Tasso di infortuni atteso in base ai settori,injuries_expected_by_sector,provincia,Oristano,2022,13.3,per 10.000 occupati,Istat,"BES dei territori (03LAV007) e Conti territoriali, occupati per branca (93_379_DF_DCCN_OCCTSEC2010_2)"
Tasso di infortuni atteso in base ai settori,injuries_expected_by_sector,provincia,Padova,2022,11.0,per 10.000 occupati,Istat,"BES dei territori (03LAV007) e Conti territoriali, occupati per branca (93_379_DF_DCCN_OCCTSEC2010_2)"
Tasso di infortuni atteso in base ai settori,injuries_expected_by_sector,provincia,Palermo,2022,11.6,per 10.000 occupati,Istat,"BES dei territori (03LAV007) e Conti territoriali, occupati per branca (93_379_DF_DCCN_OCCTSEC2010_2)"
Tasso di infortuni atteso in base ai settori,injuries_expected_by_sector,provincia,Parma,2022,11.3,per 10.000 occupati,Istat,"BES dei territori (03LAV007) e Conti territoriali, occupati per branca (93_379_DF_DCCN_OCCTSEC2010_2)"
Tasso di infortuni atteso in base ai settori,injuries_expected_by_sector,provincia,Pavia,2022,11.6,per 10.000 occupati,Istat,"BES dei territori (03LAV007) e Conti territoriali, occupati per branca (93_379_DF_DCCN_OCCTSEC2010_2)"
Tasso di infortuni atteso in base ai settori,injuries_expected_by_sector,provincia,Perugia,2022,11.8,per 10.000 occupati,Istat,"BES dei territori (03LAV007) e Conti territoriali, occupati per branca (93_379_DF_DCCN_OCCTSEC2010_2)"
Tasso di infortuni atteso in base ai settori,injuries_expected_by_sector,provincia,Pesaro e Urbino,2022,11.1,per 10.000 occupati,Istat,"BES dei territori (03LAV007) e Conti territoriali, occupati per branca (93_379_DF_DCCN_OCCTSEC2010_2)"
Tasso di infortuni atteso in base ai settori,injuries_expected_by_sector,provincia,Pescara,2022,11.9,per 10.000 occupati,Istat,"BES dei territori (03LAV007) e Conti territoriali, occupati per branca (93_379_DF_DCCN_OCCTSEC2010_2)"
Tasso di infortuni atteso in base ai settori,injuries_expected_by_sector,provincia,Piacenza,2022,11.0,per 10.000 occupati,Istat,"BES dei territori (03LAV007) e Conti territoriali, occupati per branca (93_379_DF_DCCN_OCCTSEC2010_2)"
Tasso di infortuni atteso in base ai settori,injuries_expected_by_sector,provincia,Pisa,2022,11.3,per 10.000 occupati,Istat,"BES dei territori (03LAV007) e Conti territoriali, occupati per branca (93_379_DF_DCCN_OCCTSEC2010_2)"
Tasso di infortuni atteso in base ai settori,injuries_expected_by_sector,provincia,Pistoia,2022,12.3,per 10.000 occupati,Istat,"BES dei territori (03LAV007) e Conti territoriali, occupati per branca (93_379_DF_DCCN_OCCTSEC2010_2)"
Tasso di infortuni atteso in base ai settori,injuries_expected_by_sector,provincia,Pordenone,2022,10.8,per 10.000 occupati,Istat,"BES dei territori (03LAV007) e Conti territoriali, occupati per branca (93_379_DF_DCCN_OCCTSEC2010_2)"
Tasso di infortuni atteso in base ai settori,injuries_expected_by_sector,provincia,Potenza,2022,13.7,per 10.000 occupati,Istat,"BES dei territori (03LAV007) e Conti territoriali, occupati per branca (93_379_DF_DCCN_OCCTSEC2010_2)"
Tasso di infortuni atteso in base ai settori,injuries_expected_by_sector,provincia,Prato,2022,10.1,per 10.000 occupati,Istat,"BES dei territori (03LAV007) e Conti territoriali, occupati per branca (93_379_DF_DCCN_OCCTSEC2010_2)"
Tasso di infortuni atteso in base ai settori,injuries_expected_by_sector,provincia,Ragusa,2022,15.9,per 10.000 occupati,Istat,"BES dei territori (03LAV007) e Conti territoriali, occupati per branca (93_379_DF_DCCN_OCCTSEC2010_2)"
Tasso di infortuni atteso in base ai settori,injuries_expected_by_sector,provincia,Ravenna,2022,11.6,per 10.000 occupati,Istat,"BES dei territori (03LAV007) e Conti territoriali, occupati per branca (93_379_DF_DCCN_OCCTSEC2010_2)"
Tasso di infortuni atteso in base ai settori,injuries_expected_by_sector,provincia,Reggio Calabria,2022,13.9,per 10.000 occupati,Istat,"BES dei territori (03LAV007) e Conti territoriali, occupati per branca (93_379_DF_DCCN_OCCTSEC2010_2)"
Tasso di infortuni atteso in base ai settori,injuries_expected_by_sector,provincia,Reggio Emilia,2022,11.3,per 10.000 occupati,Istat,"BES dei territori (03LAV007) e Conti territoriali, occupati per branca (93_379_DF_DCCN_OCCTSEC2010_2)"
Tasso di infortuni atteso in base ai settori,injuries_expected_by_sector,provincia,Rieti,2022,13.4,per 10.000 occupati,Istat,"BES dei territori (03LAV007) e Conti territoriali, occupati per branca (93_379_DF_DCCN_OCCTSEC2010_2)"
Tasso di infortuni atteso in base ai settori,injuries_expected_by_sector,provincia,Rimini,2022,11.3,per 10.000 occupati,Istat,"BES dei territori (03LAV007) e Conti territoriali, occupati per branca (93_379_DF_DCCN_OCCTSEC2010_2)"
Tasso di infortuni atteso in base ai settori,injuries_expected_by_sector,provincia,Roma,2022,10.3,per 10.000 occupati,Istat,"BES dei territori (03LAV007) e Conti territoriali, occupati per branca (93_379_DF_DCCN_OCCTSEC2010_2)"
Tasso di infortuni atteso in base ai settori,injuries_expected_by_sector,provincia,Rovigo,2022,12.5,per 10.000 occupati,Istat,"BES dei territori (03LAV007) e Conti territoriali, occupati per branca (93_379_DF_DCCN_OCCTSEC2010_2)"
Tasso di infortuni atteso in base ai settori,injuries_expected_by_sector,provincia,Salerno,2022,12.7,per 10.000 occupati,Istat,"BES dei territori (03LAV007) e Conti territoriali, occupati per branca (93_379_DF_DCCN_OCCTSEC2010_2)"
Tasso di infortuni atteso in base ai settori,injuries_expected_by_sector,provincia,Sassari,2022,13.3,per 10.000 occupati,Istat,"BES dei territori (03LAV007) e Conti territoriali, occupati per branca (93_379_DF_DCCN_OCCTSEC2010_2)"
Tasso di infortuni atteso in base ai settori,injuries_expected_by_sector,provincia,Savona,2022,13.4,per 10.000 occupati,Istat,"BES dei territori (03LAV007) e Conti territoriali, occupati per branca (93_379_DF_DCCN_OCCTSEC2010_2)"
Tasso di infortuni atteso in base ai settori,injuries_expected_by_sector,provincia,Siena,2022,12.3,per 10.000 occupati,Istat,"BES dei territori (03LAV007) e Conti territoriali, occupati per branca (93_379_DF_DCCN_OCCTSEC2010_2)"
Tasso di infortuni atteso in base ai settori,injuries_expected_by_sector,provincia,Siracusa,2022,14.2,per 10.000 occupati,Istat,"BES dei territori (03LAV007) e Conti territoriali, occupati per branca (93_379_DF_DCCN_OCCTSEC2010_2)"
Tasso di infortuni atteso in base ai settori,injuries_expected_by_sector,provincia,Sondrio,2022,12.2,per 10.000 occupati,Istat,"BES dei territori (03LAV007) e Conti territoriali, occupati per branca (93_379_DF_DCCN_OCCTSEC2010_2)"
Tasso di infortuni atteso in base ai settori,injuries_expected_by_sector,provincia,Taranto,2022,12.3,per 10.000 occupati,Istat,"BES dei territori (03LAV007) e Conti territoriali, occupati per branca (93_379_DF_DCCN_OCCTSEC2010_2)"
Tasso di infortuni atteso in base ai settori,injuries_expected_by_sector,provincia,Teramo,2022,13.5,per 10.000 occupati,Istat,"BES dei territori (03LAV007) e Conti territoriali, occupati per branca (93_379_DF_DCCN_OCCTSEC2010_2)"
Tasso di infortuni atteso in base ai settori,injuries_expected_by_sector,provincia,Terni,2022,12.3,per 10.000 occupati,Istat,"BES dei territori (03LAV007) e Conti territoriali, occupati per branca (93_379_DF_DCCN_OCCTSEC2010_2)"
Tasso di infortuni atteso in base ai settori,injuries_expected_by_sector,provincia,Torino,2022,10.5,per 10.000 occupati,Istat,"BES dei territori (03LAV007) e Conti territoriali, occupati per branca (93_379_DF_DCCN_OCCTSEC2010_2)"
Tasso di infortuni atteso in base ai settori,injuries_expected_by_sector,provincia,Trapani,2022,13.1,per 10.000 occupati,Istat,"BES dei territori (03LAV007) e Conti territoriali, occupati per branca (93_379_DF_DCCN_OCCTSEC2010_2)"
Tasso di infortuni atteso in base ai settori,injuries_expected_by_sector,provincia,Trento,2022,12.0,per 10.000 occupati,Istat,"BES dei territori (03LAV007) e Conti territoriali, occupati per branca (93_379_DF_DCCN_OCCTSEC2010_2)"
Tasso di infortuni atteso in base ai settori,injuries_expected_by_sector,provincia,Treviso,2022,11.8,per 10.000 occupati,Istat,"BES dei territori (03LAV007) e Conti territoriali, occupati per branca (93_379_DF_DCCN_OCCTSEC2010_2)"
Tasso di infortuni atteso in base ai settori,injuries_expected_by_sector,provincia,Trieste,2022,10.5,per 10.000 occupati,Istat,"BES dei territori (03LAV007) e Conti territoriali, occupati per branca (93_379_DF_DCCN_OCCTSEC2010_2)"
Tasso di infortuni atteso in base ai settori,injuries_expected_by_sector,provincia,Udine,2022,11.1,per 10.000 occupati,Istat,"BES dei territori (03LAV007) e Conti territoriali, occupati per branca (93_379_DF_DCCN_OCCTSEC2010_2)"
Tasso di infortuni atteso in base ai settori,injuries_expected_by_sector,provincia,Varese,2022,10.3,per 10.000 occupati,Istat,"BES dei territori (03LAV007) e Conti territoriali, occupati per branca (93_379_DF_DCCN_OCCTSEC2010_2)"
Tasso di infortuni atteso in base ai settori,injuries_expected_by_sector,provincia,Venezia,2022,11.4,per 10.000 occupati,Istat,"BES dei territori (03LAV007) e Conti territoriali, occupati per branca (93_379_DF_DCCN_OCCTSEC2010_2)"
Tasso di infortuni atteso in base ai settori,injuries_expected_by_sector,provincia,Verbano-Cusio-Ossola,2022,12.0,per 10.000 occupati,Istat,"BES dei territori (03LAV007) e Conti territoriali, occupati per branca (93_379_DF_DCCN_OCCTSEC2010_2)"
Tasso di infortuni atteso in base ai settori,injuries_expected_by_sector,provincia,Vercelli,2022,12.1,per 10.000 occupati,Istat,"BES dei territori (03LAV007) e Conti territoriali, occupati per branca (93_379_DF_DCCN_OCCTSEC2010_2)"
Tasso di infortuni atteso in base ai settori,injuries_expected_by_sector,provincia,Verona,2022,11.5,per 10.000 occupati,Istat,"BES dei territori (03LAV007) e Conti territoriali, occupati per branca (93_379_DF_DCCN_OCCTSEC2010_2)"
Tasso di infortuni atteso in base ai settori,injuries_expected_by_sector,provincia,Vibo Valentia,2022,14.5,per 10.000 occupati,Istat,"BES dei territori (03LAV007) e Conti territoriali, occupati per branca (93_379_DF_DCCN_OCCTSEC2010_2)"
Tasso di infortuni atteso in base ai settori,injuries_expected_by_sector,provincia,Vicenza,2022,10.4,per 10.000 occupati,Istat,"BES dei territori (03LAV007) e Conti territoriali, occupati per branca (93_379_DF_DCCN_OCCTSEC2010_2)"
Tasso di infortuni atteso in base ai settori,injuries_expected_by_sector,provincia,Viterbo,2022,13.6,per 10.000 occupati,Istat,"BES dei territori (03LAV007) e Conti territoriali, occupati per branca (93_379_DF_DCCN_OCCTSEC2010_2)"
"Occupati in agricoltura, industria e costruzioni",employment_share_agri_ind_constr,provincia,Agrigento,2022,28.4,percentuale sugli occupati totali,Istat,"Conti territoriali, occupati per branca e provincia"
"Occupati in agricoltura, industria e costruzioni",employment_share_agri_ind_constr,provincia,Alessandria,2022,32.2,percentuale sugli occupati totali,Istat,"Conti territoriali, occupati per branca e provincia"
"Occupati in agricoltura, industria e costruzioni",employment_share_agri_ind_constr,provincia,Ancona,2022,30.1,percentuale sugli occupati totali,Istat,"Conti territoriali, occupati per branca e provincia"
"Occupati in agricoltura, industria e costruzioni",employment_share_agri_ind_constr,provincia,Aosta,2022,21.7,percentuale sugli occupati totali,Istat,"Conti territoriali, occupati per branca e provincia"
"Occupati in agricoltura, industria e costruzioni",employment_share_agri_ind_constr,provincia,Arezzo,2022,39.6,percentuale sugli occupati totali,Istat,"Conti territoriali, occupati per branca e provincia"
"Occupati in agricoltura, industria e costruzioni",employment_share_agri_ind_constr,provincia,Ascoli Piceno,2022,30.0,percentuale sugli occupati totali,Istat,"Conti territoriali, occupati per branca e provincia"
"Occupati in agricoltura, industria e costruzioni",employment_share_agri_ind_constr,provincia,Asti,2022,35.3,percentuale sugli occupati totali,Istat,"Conti territoriali, occupati per branca e provincia"
"Occupati in agricoltura, industria e costruzioni",employment_share_agri_ind_constr,provincia,Avellino,2022,32.0,percentuale sugli occupati totali,Istat,"Conti territoriali, occupati per branca e provincia"
"Occupati in agricoltura, industria e costruzioni",employment_share_agri_ind_constr,provincia,Bari,2022,26.2,percentuale sugli occupati totali,Istat,"Conti territoriali, occupati per branca e provincia"
"Occupati in agricoltura, industria e costruzioni",employment_share_agri_ind_constr,provincia,Belluno,2022,37.2,percentuale sugli occupati totali,Istat,"Conti territoriali, occupati per branca e provincia"
"Occupati in agricoltura, industria e costruzioni",employment_share_agri_ind_constr,provincia,Benevento,2022,32.0,percentuale sugli occupati totali,Istat,"Conti territoriali, occupati per branca e provincia"
"Occupati in agricoltura, industria e costruzioni",employment_share_agri_ind_constr,provincia,Bergamo,2022,38.8,percentuale sugli occupati totali,Istat,"Conti territoriali, occupati per branca e provincia"
"Occupati in agricoltura, industria e costruzioni",employment_share_agri_ind_constr,provincia,Biella,2022,33.0,percentuale sugli occupati totali,Istat,"Conti territoriali, occupati per branca e provincia"
"Occupati in agricoltura, industria e costruzioni",employment_share_agri_ind_constr,provincia,Bologna,2022,26.1,percentuale sugli occupati totali,Istat,"Conti territoriali, occupati per branca e provincia"
"Occupati in agricoltura, industria e costruzioni",employment_share_agri_ind_constr,provincia,Bolzano,2022,27.4,percentuale sugli occupati totali,Istat,"Conti territoriali, occupati per branca e provincia"
"Occupati in agricoltura, industria e costruzioni",employment_share_agri_ind_constr,provincia,Brescia,2022,37.7,percentuale sugli occupati totali,Istat,"Conti territoriali, occupati per branca e provincia"
"Occupati in agricoltura, industria e costruzioni",employment_share_agri_ind_constr,provincia,Brindisi,2022,30.6,percentuale sugli occupati totali,Istat,"Conti territoriali, occupati per branca e provincia"
"Occupati in agricoltura, industria e costruzioni",employment_share_agri_ind_constr,provincia,Cagliari,2022,15.0,percentuale sugli occupati totali,Istat,"Conti territoriali, occupati per branca e provincia"
"Occupati in agricoltura, industria e costruzioni",employment_share_agri_ind_constr,provincia,Caltanissetta,2022,26.7,percentuale sugli occupati totali,Istat,"Conti territoriali, occupati per branca e provincia"
"Occupati in agricoltura, industria e costruzioni",employment_share_agri_ind_constr,provincia,Campobasso,2022,30.5,percentuale sugli occupati totali,Istat,"Conti territoriali, occupati per branca e provincia"
"Occupati in agricoltura, industria e costruzioni",employment_share_agri_ind_constr,provincia,Caserta,2022,26.6,percentuale sugli occupati totali,Istat,"Conti territoriali, occupati per branca e provincia"
"Occupati in agricoltura, industria e costruzioni",employment_share_agri_ind_constr,provincia,Catania,2022,22.1,percentuale sugli occupati totali,Istat,"Conti territoriali, occupati per branca e provincia"
"Occupati in agricoltura, industria e costruzioni",employment_share_agri_ind_constr,provincia,Catanzaro,2022,24.9,percentuale sugli occupati totali,Istat,"Conti territoriali, occupati per branca e provincia"
"Occupati in agricoltura, industria e costruzioni",employment_share_agri_ind_constr,provincia,Chieti,2022,34.8,percentuale sugli occupati totali,Istat,"Conti territoriali, occupati per branca e provincia"
"Occupati in agricoltura, industria e costruzioni",employment_share_agri_ind_constr,provincia,Como,2022,30.3,percentuale sugli occupati totali,Istat,"Conti territoriali, occupati per branca e provincia"
"Occupati in agricoltura, industria e costruzioni",employment_share_agri_ind_constr,provincia,Cosenza,2022,26.3,percentuale sugli occupati totali,Istat,"Conti territoriali, occupati per branca e provincia"
"Occupati in agricoltura, industria e costruzioni",employment_share_agri_ind_constr,provincia,Cremona,2022,35.7,percentuale sugli occupati totali,Istat,"Conti territoriali, occupati per branca e provincia"
"Occupati in agricoltura, industria e costruzioni",employment_share_agri_ind_constr,provincia,Crotone,2022,31.4,percentuale sugli occupati totali,Istat,"Conti territoriali, occupati per branca e provincia"
"Occupati in agricoltura, industria e costruzioni",employment_share_agri_ind_constr,provincia,Cuneo,2022,38.6,percentuale sugli occupati totali,Istat,"Conti territoriali, occupati per branca e provincia"
"Occupati in agricoltura, industria e costruzioni",employment_share_agri_ind_constr,provincia,Enna,2022,25.7,percentuale sugli occupati totali,Istat,"Conti territoriali, occupati per branca e provincia"
"Occupati in agricoltura, industria e costruzioni",employment_share_agri_ind_constr,provincia,Ferrara,2022,30.9,percentuale sugli occupati totali,Istat,"Conti territoriali, occupati per branca e provincia"
"Occupati in agricoltura, industria e costruzioni",employment_share_agri_ind_constr,provincia,Firenze,2022,25.6,percentuale sugli occupati totali,Istat,"Conti territoriali, occupati per branca e provincia"
"Occupati in agricoltura, industria e costruzioni",employment_share_agri_ind_constr,provincia,Foggia,2022,31.4,percentuale sugli occupati totali,Istat,"Conti territoriali, occupati per branca e provincia"
"Occupati in agricoltura, industria e costruzioni",employment_share_agri_ind_constr,provincia,Forlì-Cesena,2022,34.0,percentuale sugli occupati totali,Istat,"Conti territoriali, occupati per branca e provincia"
"Occupati in agricoltura, industria e costruzioni",employment_share_agri_ind_constr,provincia,Frosinone,2022,31.4,percentuale sugli occupati totali,Istat,"Conti territoriali, occupati per branca e provincia"
"Occupati in agricoltura, industria e costruzioni",employment_share_agri_ind_constr,provincia,Genova,2022,18.6,percentuale sugli occupati totali,Istat,"Conti territoriali, occupati per branca e provincia"
"Occupati in agricoltura, industria e costruzioni",employment_share_agri_ind_constr,provincia,Gorizia,2022,33.8,percentuale sugli occupati totali,Istat,"Conti territoriali, occupati per branca e provincia"
"Occupati in agricoltura, industria e costruzioni",employment_share_agri_ind_constr,provincia,Grosseto,2022,25.8,percentuale sugli occupati totali,Istat,"Conti territoriali, occupati per branca e provincia"
"Occupati in agricoltura, industria e costruzioni",employment_share_agri_ind_constr,provincia,Imperia,2022,22.0,percentuale sugli occupati totali,Istat,"Conti territoriali, occupati per branca e provincia"
"Occupati in agricoltura, industria e costruzioni",employment_share_agri_ind_constr,provincia,Isernia,2022,27.2,percentuale sugli occupati totali,Istat,"Conti territoriali, occupati per branca e provincia"
"Occupati in agricoltura, industria e costruzioni",employment_share_agri_ind_constr,provincia,L'Aquila,2022,27.9,percentuale sugli occupati totali,Istat,"Conti territoriali, occupati per branca e provincia"
"Occupati in agricoltura, industria e costruzioni",employment_share_agri_ind_constr,provincia,La Spezia,2022,20.8,percentuale sugli occupati totali,Istat,"Conti territoriali, occupati per branca e provincia"
"Occupati in agricoltura, industria e costruzioni",employment_share_agri_ind_constr,provincia,Latina,2022,32.1,percentuale sugli occupati totali,Istat,"Conti territoriali, occupati per branca e provincia"
"Occupati in agricoltura, industria e costruzioni",employment_share_agri_ind_constr,provincia,Lecce,2022,27.6,percentuale sugli occupati totali,Istat,"Conti territoriali, occupati per branca e provincia"
"Occupati in agricoltura, industria e costruzioni",employment_share_agri_ind_constr,provincia,Lecco,2022,39.7,percentuale sugli occupati totali,Istat,"Conti territoriali, occupati per branca e provincia"
"Occupati in agricoltura, industria e costruzioni",employment_share_agri_ind_constr,provincia,Livorno,2022,20.1,percentuale sugli occupati totali,Istat,"Conti territoriali, occupati per branca e provincia"
"Occupati in agricoltura, industria e costruzioni",employment_share_agri_ind_constr,provincia,Lodi,2022,30.7,percentuale sugli occupati totali,Istat,"Conti territoriali, occupati per branca e provincia"
"Occupati in agricoltura, industria e costruzioni",employment_share_agri_ind_constr,provincia,Lucca,2022,30.1,percentuale sugli occupati totali,Istat,"Conti territoriali, occupati per branca e provincia"
"Occupati in agricoltura, industria e costruzioni",employment_share_agri_ind_constr,provincia,Macerata,2022,36.3,percentuale sugli occupati totali,Istat,"Conti territoriali, occupati per branca e provincia"
"Occupati in agricoltura, industria e costruzioni",employment_share_agri_ind_constr,provincia,Mantova,2022,38.9,percentuale sugli occupati totali,Istat,"Conti territoriali, occupati per branca e provincia"
"Occupati in agricoltura, industria e costruzioni",employment_share_agri_ind_constr,provincia,Massa-Carrara,2022,25.2,percentuale sugli occupati totali,Istat,"Conti territoriali, occupati per branca e provincia"
"Occupati in agricoltura, industria e costruzioni",employment_share_agri_ind_constr,provincia,Matera,2022,37.4,percentuale sugli occupati totali,Istat,"Conti territoriali, occupati per branca e provincia"
"Occupati in agricoltura, industria e costruzioni",employment_share_agri_ind_constr,provincia,Messina,2022,21.5,percentuale sugli occupati totali,Istat,"Conti territoriali, occupati per branca e provincia"
"Occupati in agricoltura, industria e costruzioni",employment_share_agri_ind_constr,provincia,Milano,2022,17.3,percentuale sugli occupati totali,Istat,"Conti territoriali, occupati per branca e provincia"
"Occupati in agricoltura, industria e costruzioni",employment_share_agri_ind_constr,provincia,Modena,2022,37.2,percentuale sugli occupati totali,Istat,"Conti territoriali, occupati per branca e provincia"
"Occupati in agricoltura, industria e costruzioni",employment_share_agri_ind_constr,provincia,Napoli,2022,20.2,percentuale sugli occupati totali,Istat,"Conti territoriali, occupati per branca e provincia"
"Occupati in agricoltura, industria e costruzioni",employment_share_agri_ind_constr,provincia,Novara,2022,32.9,percentuale sugli occupati totali,Istat,"Conti territoriali, occupati per branca e provincia"
"Occupati in agricoltura, industria e costruzioni",employment_share_agri_ind_constr,provincia,Nuoro,2022,27.5,percentuale sugli occupati totali,Istat,"Conti territoriali, occupati per branca e provincia"
"Occupati in agricoltura, industria e costruzioni",employment_share_agri_ind_constr,provincia,Oristano,2022,25.6,percentuale sugli occupati totali,Istat,"Conti territoriali, occupati per branca e provincia"
"Occupati in agricoltura, industria e costruzioni",employment_share_agri_ind_constr,provincia,Padova,2022,31.9,percentuale sugli occupati totali,Istat,"Conti territoriali, occupati per branca e provincia"
"Occupati in agricoltura, industria e costruzioni",employment_share_agri_ind_constr,provincia,Palermo,2022,17.0,percentuale sugli occupati totali,Istat,"Conti territoriali, occupati per branca e provincia"
"Occupati in agricoltura, industria e costruzioni",employment_share_agri_ind_constr,provincia,Parma,2022,34.4,percentuale sugli occupati totali,Istat,"Conti territoriali, occupati per branca e provincia"
"Occupati in agricoltura, industria e costruzioni",employment_share_agri_ind_constr,provincia,Pavia,2022,27.8,percentuale sugli occupati totali,Istat,"Conti territoriali, occupati per branca e provincia"
"Occupati in agricoltura, industria e costruzioni",employment_share_agri_ind_constr,provincia,Perugia,2022,29.4,percentuale sugli occupati totali,Istat,"Conti territoriali, occupati per branca e provincia"
"Occupati in agricoltura, industria e costruzioni",employment_share_agri_ind_constr,provincia,Pesaro e Urbino,2022,36.3,percentuale sugli occupati totali,Istat,"Conti territoriali, occupati per branca e provincia"
"Occupati in agricoltura, industria e costruzioni",employment_share_agri_ind_constr,provincia,Pescara,2022,22.7,percentuale sugli occupati totali,Istat,"Conti territoriali, occupati per branca e provincia"
"Occupati in agricoltura, industria e costruzioni",employment_share_agri_ind_constr,provincia,Piacenza,2022,29.2,percentuale sugli occupati totali,Istat,"Conti territoriali, occupati per branca e provincia"
"Occupati in agricoltura, industria e costruzioni",employment_share_agri_ind_constr,provincia,Pisa,2022,27.5,percentuale sugli occupati totali,Istat,"Conti territoriali, occupati per branca e provincia"
"Occupati in agricoltura, industria e costruzioni",employment_share_agri_ind_constr,provincia,Pistoia,2022,31.0,percentuale sugli occupati totali,Istat,"Conti territoriali, occupati per branca e provincia"
"Occupati in agricoltura, industria e costruzioni",employment_share_agri_ind_constr,provincia,Pordenone,2022,39.2,percentuale sugli occupati totali,Istat,"Conti territoriali, occupati per branca e provincia"
"Occupati in agricoltura, industria e costruzioni",employment_share_agri_ind_constr,provincia,Potenza,2022,33.2,percentuale sugli occupati totali,Istat,"Conti territoriali, occupati per branca e provincia"
"Occupati in agricoltura, industria e costruzioni",employment_share_agri_ind_constr,provincia,Prato,2022,42.8,percentuale sugli occupati totali,Istat,"Conti territoriali, occupati per branca e provincia"
"Occupati in agricoltura, industria e costruzioni",employment_share_agri_ind_constr,provincia,Ragusa,2022,37.4,percentuale sugli occupati totali,Istat,"Conti territoriali, occupati per branca e provincia"
"Occupati in agricoltura, industria e costruzioni",employment_share_agri_ind_constr,provincia,Ravenna,2022,30.5,percentuale sugli occupati totali,Istat,"Conti territoriali, occupati per branca e provincia"
"Occupati in agricoltura, industria e costruzioni",employment_share_agri_ind_constr,provincia,Reggio Calabria,2022,27.4,percentuale sugli occupati totali,Istat,"Conti territoriali, occupati per branca e provincia"
"Occupati in agricoltura, industria e costruzioni",employment_share_agri_ind_constr,provincia,Reggio Emilia,2022,38.6,percentuale sugli occupati totali,Istat,"Conti territoriali, occupati per branca e provincia"
"Occupati in agricoltura, industria e costruzioni",employment_share_agri_ind_constr,provincia,Rieti,2022,22.5,percentuale sugli occupati totali,Istat,"Conti territoriali, occupati per branca e provincia"
"Occupati in agricoltura, industria e costruzioni",employment_share_agri_ind_constr,provincia,Rimini,2022,22.2,percentuale sugli occupati totali,Istat,"Conti territoriali, occupati per branca e provincia"
"Occupati in agricoltura, industria e costruzioni",employment_share_agri_ind_constr,provincia,Roma,2022,11.6,percentuale sugli occupati totali,Istat,"Conti territoriali, occupati per branca e provincia"
"Occupati in agricoltura, industria e costruzioni",employment_share_agri_ind_constr,provincia,Rovigo,2022,35.7,percentuale sugli occupati totali,Istat,"Conti territoriali, occupati per branca e provincia"
"Occupati in agricoltura, industria e costruzioni",employment_share_agri_ind_constr,provincia,Salerno,2022,27.0,percentuale sugli occupati totali,Istat,"Conti territoriali, occupati per branca e provincia"
"Occupati in agricoltura, industria e costruzioni",employment_share_agri_ind_constr,provincia,Sassari,2022,20.7,percentuale sugli occupati totali,Istat,"Conti territoriali, occupati per branca e provincia"
"Occupati in agricoltura, industria e costruzioni",employment_share_agri_ind_constr,provincia,Savona,2022,23.9,percentuale sugli occupati totali,Istat,"Conti territoriali, occupati per branca e provincia"
"Occupati in agricoltura, industria e costruzioni",employment_share_agri_ind_constr,provincia,Siena,2022,29.4,percentuale sugli occupati totali,Istat,"Conti territoriali, occupati per branca e provincia"
"Occupati in agricoltura, industria e costruzioni",employment_share_agri_ind_constr,provincia,Siracusa,2022,28.7,percentuale sugli occupati totali,Istat,"Conti territoriali, occupati per branca e provincia"
"Occupati in agricoltura, industria e costruzioni",employment_share_agri_ind_constr,provincia,Sondrio,2022,28.5,percentuale sugli occupati totali,Istat,"Conti territoriali, occupati per branca e provincia"
"Occupati in agricoltura, industria e costruzioni",employment_share_agri_ind_constr,provincia,Taranto,2022,29.9,percentuale sugli occupati totali,Istat,"Conti territoriali, occupati per branca e provincia"
"Occupati in agricoltura, industria e costruzioni",employment_share_agri_ind_constr,provincia,Teramo,2022,36.1,percentuale sugli occupati totali,Istat,"Conti territoriali, occupati per branca e provincia"
"Occupati in agricoltura, industria e costruzioni",employment_share_agri_ind_constr,provincia,Terni,2022,26.6,percentuale sugli occupati totali,Istat,"Conti territoriali, occupati per branca e provincia"
"Occupati in agricoltura, industria e costruzioni",employment_share_agri_ind_constr,provincia,Torino,2022,25.6,percentuale sugli occupati totali,Istat,"Conti territoriali, occupati per branca e provincia"
"Occupati in agricoltura, industria e costruzioni",employment_share_agri_ind_constr,provincia,Trapani,2022,26.2,percentuale sugli occupati totali,Istat,"Conti territoriali, occupati per branca e provincia"
"Occupati in agricoltura, industria e costruzioni",employment_share_agri_ind_constr,provincia,Trento,2022,26.0,percentuale sugli occupati totali,Istat,"Conti territoriali, occupati per branca e provincia"
"Occupati in agricoltura, industria e costruzioni",employment_share_agri_ind_constr,provincia,Treviso,2022,40.0,percentuale sugli occupati totali,Istat,"Conti territoriali, occupati per branca e provincia"
"Occupati in agricoltura, industria e costruzioni",employment_share_agri_ind_constr,provincia,Trieste,2022,17.0,percentuale sugli occupati totali,Istat,"Conti territoriali, occupati per branca e provincia"
"Occupati in agricoltura, industria e costruzioni",employment_share_agri_ind_constr,provincia,Udine,2022,29.3,percentuale sugli occupati totali,Istat,"Conti territoriali, occupati per branca e provincia"
"Occupati in agricoltura, industria e costruzioni",employment_share_agri_ind_constr,provincia,Varese,2022,31.2,percentuale sugli occupati totali,Istat,"Conti territoriali, occupati per branca e provincia"
"Occupati in agricoltura, industria e costruzioni",employment_share_agri_ind_constr,provincia,Venezia,2022,25.0,percentuale sugli occupati totali,Istat,"Conti territoriali, occupati per branca e provincia"
"Occupati in agricoltura, industria e costruzioni",employment_share_agri_ind_constr,provincia,Verbano-Cusio-Ossola,2022,25.9,percentuale sugli occupati totali,Istat,"Conti territoriali, occupati per branca e provincia"
"Occupati in agricoltura, industria e costruzioni",employment_share_agri_ind_constr,provincia,Vercelli,2022,35.1,percentuale sugli occupati totali,Istat,"Conti territoriali, occupati per branca e provincia"
"Occupati in agricoltura, industria e costruzioni",employment_share_agri_ind_constr,provincia,Verona,2022,29.7,percentuale sugli occupati totali,Istat,"Conti territoriali, occupati per branca e provincia"
"Occupati in agricoltura, industria e costruzioni",employment_share_agri_ind_constr,provincia,Vibo Valentia,2022,29.3,percentuale sugli occupati totali,Istat,"Conti territoriali, occupati per branca e provincia"
"Occupati in agricoltura, industria e costruzioni",employment_share_agri_ind_constr,provincia,Vicenza,2022,42.4,percentuale sugli occupati totali,Istat,"Conti territoriali, occupati per branca e provincia"
"Occupati in agricoltura, industria e costruzioni",employment_share_agri_ind_constr,provincia,Viterbo,2022,25.9,percentuale sugli occupati totali,Istat,"Conti territoriali, occupati per branca e provincia"
Tasso di infortuni sul lavoro mortali e con inabilità permanente,03LAV007,regione,Abruzzo,2018,18.1,Per 10.000 occupati,Inail,"Benessere equo e sostenibile, aggiornamento intermedio 2026"
Tasso di infortuni sul lavoro mortali e con inabilità permanente,03LAV007,regione,Abruzzo,2019,17.6,Per 10.000 occupati,Inail,"Benessere equo e sostenibile, aggiornamento intermedio 2026"
Tasso di infortuni sul lavoro mortali e con inabilità permanente,03LAV007,regione,Abruzzo,2020,14.9,Per 10.000 occupati,Inail,"Benessere equo e sostenibile, aggiornamento intermedio 2026"
Tasso di infortuni sul lavoro mortali e con inabilità permanente,03LAV007,regione,Abruzzo,2021,16.8,Per 10.000 occupati,Inail,"Benessere equo e sostenibile, aggiornamento intermedio 2026"
Tasso di infortuni sul lavoro mortali e con inabilità permanente,03LAV007,regione,Abruzzo,2022,16.7,Per 10.000 occupati,Inail,"Benessere equo e sostenibile, aggiornamento intermedio 2026"
Tasso di infortuni sul lavoro mortali e con inabilità permanente,03LAV007,regione,Basilicata,2018,24.1,Per 10.000 occupati,Inail,"Benessere equo e sostenibile, aggiornamento intermedio 2026"
Tasso di infortuni sul lavoro mortali e con inabilità permanente,03LAV007,regione,Basilicata,2019,23.3,Per 10.000 occupati,Inail,"Benessere equo e sostenibile, aggiornamento intermedio 2026"
Tasso di infortuni sul lavoro mortali e con inabilità permanente,03LAV007,regione,Basilicata,2020,17.1,Per 10.000 occupati,Inail,"Benessere equo e sostenibile, aggiornamento intermedio 2026"
Tasso di infortuni sul lavoro mortali e con inabilità permanente,03LAV007,regione,Basilicata,2021,20.6,Per 10.000 occupati,Inail,"Benessere equo e sostenibile, aggiornamento intermedio 2026"
Tasso di infortuni sul lavoro mortali e con inabilità permanente,03LAV007,regione,Basilicata,2022,16.8,Per 10.000 occupati,Inail,"Benessere equo e sostenibile, aggiornamento intermedio 2026"
Tasso di infortuni sul lavoro mortali e con inabilità permanente,03LAV007,regione,Calabria,2018,18.3,Per 10.000 occupati,Inail,"Benessere equo e sostenibile, aggiornamento intermedio 2026"
Tasso di infortuni sul lavoro mortali e con inabilità permanente,03LAV007,regione,Calabria,2019,16.6,Per 10.000 occupati,Inail,"Benessere equo e sostenibile, aggiornamento intermedio 2026"
Tasso di infortuni sul lavoro mortali e con inabilità permanente,03LAV007,regione,Calabria,2020,13.9,Per 10.000 occupati,Inail,"Benessere equo e sostenibile, aggiornamento intermedio 2026"
Tasso di infortuni sul lavoro mortali e con inabilità permanente,03LAV007,regione,Calabria,2021,15.5,Per 10.000 occupati,Inail,"Benessere equo e sostenibile, aggiornamento intermedio 2026"
Tasso di infortuni sul lavoro mortali e con inabilità permanente,03LAV007,regione,Calabria,2022,13.5,Per 10.000 occupati,Inail,"Benessere equo e sostenibile, aggiornamento intermedio 2026"
Tasso di infortuni sul lavoro mortali e con inabilità permanente,03LAV007,regione,Campania,2018,10.9,Per 10.000 occupati,Inail,"Benessere equo e sostenibile, aggiornamento intermedio 2026"
Tasso di infortuni sul lavoro mortali e con inabilità permanente,03LAV007,regione,Campania,2019,11.6,Per 10.000 occupati,Inail,"Benessere equo e sostenibile, aggiornamento intermedio 2026"
Tasso di infortuni sul lavoro mortali e con inabilità permanente,03LAV007,regione,Campania,2020,10.7,Per 10.000 occupati,Inail,"Benessere equo e sostenibile, aggiornamento intermedio 2026"
Tasso di infortuni sul lavoro mortali e con inabilità permanente,03LAV007,regione,Campania,2021,10.5,Per 10.000 occupati,Inail,"Benessere equo e sostenibile, aggiornamento intermedio 2026"
Tasso di infortuni sul lavoro mortali e con inabilità permanente,03LAV007,regione,Campania,2022,11.2,Per 10.000 occupati,Inail,"Benessere equo e sostenibile, aggiornamento intermedio 2026"
Tasso di infortuni sul lavoro mortali e con inabilità permanente,03LAV007,regione,Emilia-Romagna,2018,14.0,Per 10.000 occupati,Inail,"Benessere equo e sostenibile, aggiornamento intermedio 2026"
Tasso di infortuni sul lavoro mortali e con inabilità permanente,03LAV007,regione,Emilia-Romagna,2019,13.8,Per 10.000 occupati,Inail,"Benessere equo e sostenibile, aggiornamento intermedio 2026"
Tasso di infortuni sul lavoro mortali e con inabilità permanente,03LAV007,regione,Emilia-Romagna,2020,12.7,Per 10.000 occupati,Inail,"Benessere equo e sostenibile, aggiornamento intermedio 2026"
Tasso di infortuni sul lavoro mortali e con inabilità permanente,03LAV007,regione,Emilia-Romagna,2021,13.1,Per 10.000 occupati,Inail,"Benessere equo e sostenibile, aggiornamento intermedio 2026"
Tasso di infortuni sul lavoro mortali e con inabilità permanente,03LAV007,regione,Emilia-Romagna,2022,12.1,Per 10.000 occupati,Inail,"Benessere equo e sostenibile, aggiornamento intermedio 2026"
Tasso di infortuni sul lavoro mortali e con inabilità permanente,03LAV007,regione,Friuli-Venezia Giulia,2018,9.9,Per 10.000 occupati,Inail,"Benessere equo e sostenibile, aggiornamento intermedio 2026"
Tasso di infortuni sul lavoro mortali e con inabilità permanente,03LAV007,regione,Friuli-Venezia Giulia,2019,10.8,Per 10.000 occupati,Inail,"Benessere equo e sostenibile, aggiornamento intermedio 2026"
Tasso di infortuni sul lavoro mortali e con inabilità permanente,03LAV007,regione,Friuli-Venezia Giulia,2020,9.5,Per 10.000 occupati,Inail,"Benessere equo e sostenibile, aggiornamento intermedio 2026"
Tasso di infortuni sul lavoro mortali e con inabilità permanente,03LAV007,regione,Friuli-Venezia Giulia,2021,9.2,Per 10.000 occupati,Inail,"Benessere equo e sostenibile, aggiornamento intermedio 2026"
Tasso di infortuni sul lavoro mortali e con inabilità permanente,03LAV007,regione,Friuli-Venezia Giulia,2022,8.8,Per 10.000 occupati,Inail,"Benessere equo e sostenibile, aggiornamento intermedio 2026"
Tasso di infortuni sul lavoro mortali e con inabilità permanente,03LAV007,regione,Lazio,2018,8.2,Per 10.000 occupati,Inail,"Benessere equo e sostenibile, aggiornamento intermedio 2026"
Tasso di infortuni sul lavoro mortali e con inabilità permanente,03LAV007,regione,Lazio,2019,8.3,Per 10.000 occupati,Inail,"Benessere equo e sostenibile, aggiornamento intermedio 2026"
Tasso di infortuni sul lavoro mortali e con inabilità permanente,03LAV007,regione,Lazio,2020,8.3,Per 10.000 occupati,Inail,"Benessere equo e sostenibile, aggiornamento intermedio 2026"
Tasso di infortuni sul lavoro mortali e con inabilità permanente,03LAV007,regione,Lazio,2021,8.2,Per 10.000 occupati,Inail,"Benessere equo e sostenibile, aggiornamento intermedio 2026"
Tasso di infortuni sul lavoro mortali e con inabilità permanente,03LAV007,regione,Lazio,2022,8.2,Per 10.000 occupati,Inail,"Benessere equo e sostenibile, aggiornamento intermedio 2026"
Tasso di infortuni sul lavoro mortali e con inabilità permanente,03LAV007,regione,Liguria,2018,15.3,Per 10.000 occupati,Inail,"Benessere equo e sostenibile, aggiornamento intermedio 2026"
Tasso di infortuni sul lavoro mortali e con inabilità permanente,03LAV007,regione,Liguria,2019,14.5,Per 10.000 occupati,Inail,"Benessere equo e sostenibile, aggiornamento intermedio 2026"
Tasso di infortuni sul lavoro mortali e con inabilità permanente,03LAV007,regione,Liguria,2020,13.5,Per 10.000 occupati,Inail,"Benessere equo e sostenibile, aggiornamento intermedio 2026"
Tasso di infortuni sul lavoro mortali e con inabilità permanente,03LAV007,regione,Liguria,2021,13.8,Per 10.000 occupati,Inail,"Benessere equo e sostenibile, aggiornamento intermedio 2026"
Tasso di infortuni sul lavoro mortali e con inabilità permanente,03LAV007,regione,Liguria,2022,12.0,Per 10.000 occupati,Inail,"Benessere equo e sostenibile, aggiornamento intermedio 2026"
Tasso di infortuni sul lavoro mortali e con inabilità permanente,03LAV007,regione,Lombardia,2018,7.9,Per 10.000 occupati,Inail,"Benessere equo e sostenibile, aggiornamento intermedio 2026"
Tasso di infortuni sul lavoro mortali e con inabilità permanente,03LAV007,regione,Lombardia,2019,7.9,Per 10.000 occupati,Inail,"Benessere equo e sostenibile, aggiornamento intermedio 2026"
Tasso di infortuni sul lavoro mortali e con inabilità permanente,03LAV007,regione,Lombardia,2020,7.9,Per 10.000 occupati,Inail,"Benessere equo e sostenibile, aggiornamento intermedio 2026"
Tasso di infortuni sul lavoro mortali e con inabilità permanente,03LAV007,regione,Lombardia,2021,8.3,Per 10.000 occupati,Inail,"Benessere equo e sostenibile, aggiornamento intermedio 2026"
Tasso di infortuni sul lavoro mortali e con inabilità permanente,03LAV007,regione,Lombardia,2022,8.1,Per 10.000 occupati,Inail,"Benessere equo e sostenibile, aggiornamento intermedio 2026"
Tasso di infortuni sul lavoro mortali e con inabilità permanente,03LAV007,regione,Marche,2018,16.8,Per 10.000 occupati,Inail,"Benessere equo e sostenibile, aggiornamento intermedio 2026"
Tasso di infortuni sul lavoro mortali e con inabilità permanente,03LAV007,regione,Marche,2019,15.9,Per 10.000 occupati,Inail,"Benessere equo e sostenibile, aggiornamento intermedio 2026"
Tasso di infortuni sul lavoro mortali e con inabilità permanente,03LAV007,regione,Marche,2020,15.0,Per 10.000 occupati,Inail,"Benessere equo e sostenibile, aggiornamento intermedio 2026"
Tasso di infortuni sul lavoro mortali e con inabilità permanente,03LAV007,regione,Marche,2021,16.6,Per 10.000 occupati,Inail,"Benessere equo e sostenibile, aggiornamento intermedio 2026"
Tasso di infortuni sul lavoro mortali e con inabilità permanente,03LAV007,regione,Marche,2022,15.3,Per 10.000 occupati,Inail,"Benessere equo e sostenibile, aggiornamento intermedio 2026"
Tasso di infortuni sul lavoro mortali e con inabilità permanente,03LAV007,regione,Molise,2018,13.8,Per 10.000 occupati,Inail,"Benessere equo e sostenibile, aggiornamento intermedio 2026"
Tasso di infortuni sul lavoro mortali e con inabilità permanente,03LAV007,regione,Molise,2019,12.9,Per 10.000 occupati,Inail,"Benessere equo e sostenibile, aggiornamento intermedio 2026"
Tasso di infortuni sul lavoro mortali e con inabilità permanente,03LAV007,regione,Molise,2020,14.1,Per 10.000 occupati,Inail,"Benessere equo e sostenibile, aggiornamento intermedio 2026"
Tasso di infortuni sul lavoro mortali e con inabilità permanente,03LAV007,regione,Molise,2021,14.0,Per 10.000 occupati,Inail,"Benessere equo e sostenibile, aggiornamento intermedio 2026"
Tasso di infortuni sul lavoro mortali e con inabilità permanente,03LAV007,regione,Molise,2022,13.8,Per 10.000 occupati,Inail,"Benessere equo e sostenibile, aggiornamento intermedio 2026"
Tasso di infortuni sul lavoro mortali e con inabilità permanente,03LAV007,regione,Piemonte,2018,8.2,Per 10.000 occupati,Inail,"Benessere equo e sostenibile, aggiornamento intermedio 2026"
Tasso di infortuni sul lavoro mortali e con inabilità permanente,03LAV007,regione,Piemonte,2019,8.2,Per 10.000 occupati,Inail,"Benessere equo e sostenibile, aggiornamento intermedio 2026"
Tasso di infortuni sul lavoro mortali e con inabilità permanente,03LAV007,regione,Piemonte,2020,7.7,Per 10.000 occupati,Inail,"Benessere equo e sostenibile, aggiornamento intermedio 2026"
Tasso di infortuni sul lavoro mortali e con inabilità permanente,03LAV007,regione,Piemonte,2021,8.2,Per 10.000 occupati,Inail,"Benessere equo e sostenibile, aggiornamento intermedio 2026"
Tasso di infortuni sul lavoro mortali e con inabilità permanente,03LAV007,regione,Piemonte,2022,8.0,Per 10.000 occupati,Inail,"Benessere equo e sostenibile, aggiornamento intermedio 2026"
Tasso di infortuni sul lavoro mortali e con inabilità permanente,03LAV007,regione,Puglia,2018,13.6,Per 10.000 occupati,Inail,"Benessere equo e sostenibile, aggiornamento intermedio 2026"
Tasso di infortuni sul lavoro mortali e con inabilità permanente,03LAV007,regione,Puglia,2019,13.1,Per 10.000 occupati,Inail,"Benessere equo e sostenibile, aggiornamento intermedio 2026"
Tasso di infortuni sul lavoro mortali e con inabilità permanente,03LAV007,regione,Puglia,2020,12.2,Per 10.000 occupati,Inail,"Benessere equo e sostenibile, aggiornamento intermedio 2026"
Tasso di infortuni sul lavoro mortali e con inabilità permanente,03LAV007,regione,Puglia,2021,14.0,Per 10.000 occupati,Inail,"Benessere equo e sostenibile, aggiornamento intermedio 2026"
Tasso di infortuni sul lavoro mortali e con inabilità permanente,03LAV007,regione,Puglia,2022,13.0,Per 10.000 occupati,Inail,"Benessere equo e sostenibile, aggiornamento intermedio 2026"
Tasso di infortuni sul lavoro mortali e con inabilità permanente,03LAV007,regione,Sardegna,2018,16.9,Per 10.000 occupati,Inail,"Benessere equo e sostenibile, aggiornamento intermedio 2026"
Tasso di infortuni sul lavoro mortali e con inabilità permanente,03LAV007,regione,Sardegna,2019,15.5,Per 10.000 occupati,Inail,"Benessere equo e sostenibile, aggiornamento intermedio 2026"
Tasso di infortuni sul lavoro mortali e con inabilità permanente,03LAV007,regione,Sardegna,2020,12.8,Per 10.000 occupati,Inail,"Benessere equo e sostenibile, aggiornamento intermedio 2026"
Tasso di infortuni sul lavoro mortali e con inabilità permanente,03LAV007,regione,Sardegna,2021,13.2,Per 10.000 occupati,Inail,"Benessere equo e sostenibile, aggiornamento intermedio 2026"
Tasso di infortuni sul lavoro mortali e con inabilità permanente,03LAV007,regione,Sardegna,2022,12.4,Per 10.000 occupati,Inail,"Benessere equo e sostenibile, aggiornamento intermedio 2026"
Tasso di infortuni sul lavoro mortali e con inabilità permanente,03LAV007,regione,Sicilia,2018,14.8,Per 10.000 occupati,Inail,"Benessere equo e sostenibile, aggiornamento intermedio 2026"
Tasso di infortuni sul lavoro mortali e con inabilità permanente,03LAV007,regione,Sicilia,2019,14.7,Per 10.000 occupati,Inail,"Benessere equo e sostenibile, aggiornamento intermedio 2026"
Tasso di infortuni sul lavoro mortali e con inabilità permanente,03LAV007,regione,Sicilia,2020,12.2,Per 10.000 occupati,Inail,"Benessere equo e sostenibile, aggiornamento intermedio 2026"
Tasso di infortuni sul lavoro mortali e con inabilità permanente,03LAV007,regione,Sicilia,2021,13.4,Per 10.000 occupati,Inail,"Benessere equo e sostenibile, aggiornamento intermedio 2026"
Tasso di infortuni sul lavoro mortali e con inabilità permanente,03LAV007,regione,Sicilia,2022,13.4,Per 10.000 occupati,Inail,"Benessere equo e sostenibile, aggiornamento intermedio 2026"
Tasso di infortuni sul lavoro mortali e con inabilità permanente,03LAV007,regione,Toscana,2018,16.1,Per 10.000 occupati,Inail,"Benessere equo e sostenibile, aggiornamento intermedio 2026"
Tasso di infortuni sul lavoro mortali e con inabilità permanente,03LAV007,regione,Toscana,2019,14.9,Per 10.000 occupati,Inail,"Benessere equo e sostenibile, aggiornamento intermedio 2026"
Tasso di infortuni sul lavoro mortali e con inabilità permanente,03LAV007,regione,Toscana,2020,12.9,Per 10.000 occupati,Inail,"Benessere equo e sostenibile, aggiornamento intermedio 2026"
Tasso di infortuni sul lavoro mortali e con inabilità permanente,03LAV007,regione,Toscana,2021,13.9,Per 10.000 occupati,Inail,"Benessere equo e sostenibile, aggiornamento intermedio 2026"
Tasso di infortuni sul lavoro mortali e con inabilità permanente,03LAV007,regione,Toscana,2022,14.4,Per 10.000 occupati,Inail,"Benessere equo e sostenibile, aggiornamento intermedio 2026"
Tasso di infortuni sul lavoro mortali e con inabilità permanente,03LAV007,regione,Trentino Alto Adige,2018,12.5,Per 10.000 occupati,Inail,"Benessere equo e sostenibile, aggiornamento intermedio 2026"
Tasso di infortuni sul lavoro mortali e con inabilità permanente,03LAV007,regione,Trentino Alto Adige,2019,13.0,Per 10.000 occupati,Inail,"Benessere equo e sostenibile, aggiornamento intermedio 2026"
Tasso di infortuni sul lavoro mortali e con inabilità permanente,03LAV007,regione,Trentino Alto Adige,2020,11.8,Per 10.000 occupati,Inail,"Benessere equo e sostenibile, aggiornamento intermedio 2026"
Tasso di infortuni sul lavoro mortali e con inabilità permanente,03LAV007,regione,Trentino Alto Adige,2021,12.7,Per 10.000 occupati,Inail,"Benessere equo e sostenibile, aggiornamento intermedio 2026"
Tasso di infortuni sul lavoro mortali e con inabilità permanente,03LAV007,regione,Trentino Alto Adige,2022,12.3,Per 10.000 occupati,Inail,"Benessere equo e sostenibile, aggiornamento intermedio 2026"
Tasso di infortuni sul lavoro mortali e con inabilità permanente,03LAV007,regione,Umbria,2018,18.2,Per 10.000 occupati,Inail,"Benessere equo e sostenibile, aggiornamento intermedio 2026"
Tasso di infortuni sul lavoro mortali e con inabilità permanente,03LAV007,regione,Umbria,2019,17.4,Per 10.000 occupati,Inail,"Benessere equo e sostenibile, aggiornamento intermedio 2026"
Tasso di infortuni sul lavoro mortali e con inabilità permanente,03LAV007,regione,Umbria,2020,15.7,Per 10.000 occupati,Inail,"Benessere equo e sostenibile, aggiornamento intermedio 2026"
Tasso di infortuni sul lavoro mortali e con inabilità permanente,03LAV007,regione,Umbria,2021,16.5,Per 10.000 occupati,Inail,"Benessere equo e sostenibile, aggiornamento intermedio 2026"
Tasso di infortuni sul lavoro mortali e con inabilità permanente,03LAV007,regione,Umbria,2022,17.8,Per 10.000 occupati,Inail,"Benessere equo e sostenibile, aggiornamento intermedio 2026"
Tasso di infortuni sul lavoro mortali e con inabilità permanente,03LAV007,regione,Valle d'Aosta,2018,9.9,Per 10.000 occupati,Inail,"Benessere equo e sostenibile, aggiornamento intermedio 2026"
Tasso di infortuni sul lavoro mortali e con inabilità permanente,03LAV007,regione,Valle d'Aosta,2019,9.5,Per 10.000 occupati,Inail,"Benessere equo e sostenibile, aggiornamento intermedio 2026"
Tasso di infortuni sul lavoro mortali e con inabilità permanente,03LAV007,regione,Valle d'Aosta,2020,9.9,Per 10.000 occupati,Inail,"Benessere equo e sostenibile, aggiornamento intermedio 2026"
Tasso di infortuni sul lavoro mortali e con inabilità permanente,03LAV007,regione,Valle d'Aosta,2021,10.5,Per 10.000 occupati,Inail,"Benessere equo e sostenibile, aggiornamento intermedio 2026"
Tasso di infortuni sul lavoro mortali e con inabilità permanente,03LAV007,regione,Valle d'Aosta,2022,10.2,Per 10.000 occupati,Inail,"Benessere equo e sostenibile, aggiornamento intermedio 2026"
Tasso di infortuni sul lavoro mortali e con inabilità permanente,03LAV007,regione,Veneto,2018,12.7,Per 10.000 occupati,Inail,"Benessere equo e sostenibile, aggiornamento intermedio 2026"
Tasso di infortuni sul lavoro mortali e con inabilità permanente,03LAV007,regione,Veneto,2019,11.3,Per 10.000 occupati,Inail,"Benessere equo e sostenibile, aggiornamento intermedio 2026"
Tasso di infortuni sul lavoro mortali e con inabilità permanente,03LAV007,regione,Veneto,2020,11.3,Per 10.000 occupati,Inail,"Benessere equo e sostenibile, aggiornamento intermedio 2026"
Tasso di infortuni sul lavoro mortali e con inabilità permanente,03LAV007,regione,Veneto,2021,11.5,Per 10.000 occupati,Inail,"Benessere equo e sostenibile, aggiornamento intermedio 2026"
Tasso di infortuni sul lavoro mortali e con inabilità permanente,03LAV007,regione,Veneto,2022,10.4,Per 10.000 occupati,Inail,"Benessere equo e sostenibile, aggiornamento intermedio 2026"
