indicatore,codice,livello,territorio,anno,valore,unita,fonte,archivio
Competenza alfabetica non adeguata (studenti classi III scuola secondaria primo grado),SDG-311,regione,Abruzzo,2018,31.7,Valori percentuali,Invalsi - Rilevazioni nazionali sugli apprendimenti,"Benessere equo e sostenibile, aggiornamento intermedio 2026"
Competenza alfabetica non adeguata (studenti classi III scuola secondaria primo grado),SDG-311,regione,Abruzzo,2019,33.0,Valori percentuali,Invalsi - Rilevazioni nazionali sugli apprendimenti,"Benessere equo e sostenibile, aggiornamento intermedio 2026"
Competenza alfabetica non adeguata (studenti classi III scuola secondaria primo grado),SDG-311,regione,Abruzzo,2021,36.0,Valori percentuali,Invalsi - Rilevazioni nazionali sugli apprendimenti,"Benessere equo e sostenibile, aggiornamento intermedio 2026"
Competenza alfabetica non adeguata (studenti classi III scuola secondaria primo grado),SDG-311,regione,Abruzzo,2022,35.6,Valori percentuali,Invalsi - Rilevazioni nazionali sugli apprendimenti,"Benessere equo e sostenibile, aggiornamento intermedio 2026"
Competenza alfabetica non adeguata (studenti classi III scuola secondaria primo grado),SDG-311,regione,Abruzzo,2023,35.7,Valori percentuali,Invalsi - Rilevazioni nazionali sugli apprendimenti,"Benessere equo e sostenibile, aggiornamento intermedio 2026"
Competenza alfabetica non adeguata (studenti classi III scuola secondaria primo grado),SDG-311,regione,Abruzzo,2024,35.9,Valori percentuali,Invalsi - Rilevazioni nazionali sugli apprendimenti,"Benessere equo e sostenibile, aggiornamento intermedio 2026"
Competenza alfabetica non adeguata (studenti classi III scuola secondaria primo grado),SDG-311,regione,Abruzzo,2025,37.3,Valori percentuali,Invalsi - Rilevazioni nazionali sugli apprendimenti,"Benessere equo e sostenibile, aggiornamento intermedio 2026"
Competenza alfabetica non adeguata (studenti classi III scuola secondaria primo grado),SDG-311,regione,Basilicata,2018,38.2,Valori percentuali,Invalsi - Rilevazioni nazionali sugli apprendimenti,"Benessere equo e sostenibile, aggiornamento intermedio 2026"
Competenza alfabetica non adeguata (studenti classi III scuola secondaria primo grado),SDG-311,regione,Basilicata,2019,37.9,Valori percentuali,Invalsi - Rilevazioni nazionali sugli apprendimenti,"Benessere equo e sostenibile, aggiornamento intermedio 2026"
Competenza alfabetica non adeguata (studenti classi III scuola secondaria primo grado),SDG-311,regione,Basilicata,2021,41.2,Valori percentuali,Invalsi - Rilevazioni nazionali sugli apprendimenti,"Benessere equo e sostenibile, aggiornamento intermedio 2026"
Competenza alfabetica non adeguata (studenti classi III scuola secondaria primo grado),SDG-311,regione,Basilicata,2022,40.0,Valori percentuali,Invalsi - Rilevazioni nazionali sugli apprendimenti,"Benessere equo e sostenibile, aggiornamento intermedio 2026"
Competenza alfabetica non adeguata (studenti classi III scuola secondaria primo grado),SDG-311,regione,Basilicata,2023,39.2,Valori percentuali,Invalsi - Rilevazioni nazionali sugli apprendimenti,"Benessere equo e sostenibile, aggiornamento intermedio 2026"
Competenza alfabetica non adeguata (studenti classi III scuola secondaria primo grado),SDG-311,regione,Basilicata,2024,40.0,Valori percentuali,Invalsi - Rilevazioni nazionali sugli apprendimenti,"Benessere equo e sostenibile, aggiornamento intermedio 2026"
Competenza alfabetica non adeguata (studenti classi III scuola secondaria primo grado),SDG-311,regione,Basilicata,2025,41.7,Valori percentuali,Invalsi - Rilevazioni nazionali sugli apprendimenti,"Benessere equo e sostenibile, aggiornamento intermedio 2026"
Competenza alfabetica non adeguata (studenti classi III scuola secondaria primo grado),SDG-311,regione,Calabria,2018,48.0,Valori percentuali,Invalsi - Rilevazioni nazionali sugli apprendimenti,"Benessere equo e sostenibile, aggiornamento intermedio 2026"
Competenza alfabetica non adeguata (studenti classi III scuola secondaria primo grado),SDG-311,regione,Calabria,2019,49.0,Valori percentuali,Invalsi - Rilevazioni nazionali sugli apprendimenti,"Benessere equo e sostenibile, aggiornamento intermedio 2026"
Competenza alfabetica non adeguata (studenti classi III scuola secondaria primo grado),SDG-311,regione,Calabria,2021,51.0,Valori percentuali,Invalsi - Rilevazioni nazionali sugli apprendimenti,"Benessere equo e sostenibile, aggiornamento intermedio 2026"
Competenza alfabetica non adeguata (studenti classi III scuola secondaria primo grado),SDG-311,regione,Calabria,2022,51.0,Valori percentuali,Invalsi - Rilevazioni nazionali sugli apprendimenti,"Benessere equo e sostenibile, aggiornamento intermedio 2026"
Competenza alfabetica non adeguata (studenti classi III scuola secondaria primo grado),SDG-311,regione,Calabria,2023,49.4,Valori percentuali,Invalsi - Rilevazioni nazionali sugli apprendimenti,"Benessere equo e sostenibile, aggiornamento intermedio 2026"
Competenza alfabetica non adeguata (studenti classi III scuola secondaria primo grado),SDG-311,regione,Calabria,2024,50.5,Valori percentuali,Invalsi - Rilevazioni nazionali sugli apprendimenti,"Benessere equo e sostenibile, aggiornamento intermedio 2026"
Competenza alfabetica non adeguata (studenti classi III scuola secondaria primo grado),SDG-311,regione,Calabria,2025,50.8,Valori percentuali,Invalsi - Rilevazioni nazionali sugli apprendimenti,"Benessere equo e sostenibile, aggiornamento intermedio 2026"
Competenza alfabetica non adeguata (studenti classi III scuola secondaria primo grado),SDG-311,regione,Campania,2018,45.0,Valori percentuali,Invalsi - Rilevazioni nazionali sugli apprendimenti,"Benessere equo e sostenibile, aggiornamento intermedio 2026"
Competenza alfabetica non adeguata (studenti classi III scuola secondaria primo grado),SDG-311,regione,Campania,2019,44.9,Valori percentuali,Invalsi - Rilevazioni nazionali sugli apprendimenti,"Benessere equo e sostenibile, aggiornamento intermedio 2026"
Competenza alfabetica non adeguata (studenti classi III scuola secondaria primo grado),SDG-311,regione,Campania,2021,48.8,Valori percentuali,Invalsi - Rilevazioni nazionali sugli apprendimenti,"Benessere equo e sostenibile, aggiornamento intermedio 2026"
Competenza alfabetica non adeguata (studenti classi III scuola secondaria primo grado),SDG-311,regione,Campania,2022,48.0,Valori percentuali,Invalsi - Rilevazioni nazionali sugli apprendimenti,"Benessere equo e sostenibile, aggiornamento intermedio 2026"
Competenza alfabetica non adeguata (studenti classi III scuola secondaria primo grado),SDG-311,regione,Campania,2023,46.1,Valori percentuali,Invalsi - Rilevazioni nazionali sugli apprendimenti,"Benessere equo e sostenibile, aggiornamento intermedio 2026"
Competenza alfabetica non adeguata (studenti classi III scuola secondaria primo grado),SDG-311,regione,Campania,2024,47.7,Valori percentuali,Invalsi - Rilevazioni nazionali sugli apprendimenti,"Benessere equo e sostenibile, aggiornamento intermedio 2026"
Competenza alfabetica non adeguata (studenti classi III scuola secondaria primo grado),SDG-311,regione,Campania,2025,48.6,Valori percentuali,Invalsi - Rilevazioni nazionali sugli apprendimenti,"Benessere equo e sostenibile, aggiornamento intermedio 2026"
Competenza alfabetica non adeguata (studenti classi III scuola secondaria primo grado),SDG-311,regione,Emilia-Romagna,2018,30.3,Valori percentuali,Invalsi - Rilevazioni nazionali sugli apprendimenti,"Benessere equo e sostenibile, aggiornamento intermedio 2026"
Competenza alfabetica non adeguata (studenti classi III scuola secondaria primo grado),SDG-311,regione,Emilia-Romagna,2019,31.7,Valori percentuali,Invalsi - Rilevazioni nazionali sugli apprendimenti,"Benessere equo e sostenibile, aggiornamento intermedio 2026"
Competenza alfabetica non adeguata (studenti classi III scuola secondaria primo grado),SDG-311,regione,Emilia-Romagna,2021,34.5,Valori percentuali,Invalsi - Rilevazioni nazionali sugli apprendimenti,"Benessere equo e sostenibile, aggiornamento intermedio 2026"
Competenza alfabetica non adeguata (studenti classi III scuola secondaria primo grado),SDG-311,regione,Emilia-Romagna,2022,34.8,Valori percentuali,Invalsi - Rilevazioni nazionali sugli apprendimenti,"Benessere equo e sostenibile, aggiornamento intermedio 2026"
Competenza alfabetica non adeguata (studenti classi III scuola secondaria primo grado),SDG-311,regione,Emilia-Romagna,2023,35.8,Valori percentuali,Invalsi - Rilevazioni nazionali sugli apprendimenti,"Benessere equo e sostenibile, aggiornamento intermedio 2026"
Competenza alfabetica non adeguata (studenti classi III scuola secondaria primo grado),SDG-311,regione,Emilia-Romagna,2024,37.9,Valori percentuali,Invalsi - Rilevazioni nazionali sugli apprendimenti,"Benessere equo e sostenibile, aggiornamento intermedio 2026"
Competenza alfabetica non adeguata (studenti classi III scuola secondaria primo grado),SDG-311,regione,Emilia-Romagna,2025,39.6,Valori percentuali,Invalsi - Rilevazioni nazionali sugli apprendimenti,"Benessere equo e sostenibile, aggiornamento intermedio 2026"
Competenza alfabetica non adeguata (studenti classi III scuola secondaria primo grado),SDG-311,regione,Friuli-Venezia Giulia,2018,25.6,Valori percentuali,Invalsi - Rilevazioni nazionali sugli apprendimenti,"Benessere equo e sostenibile, aggiornamento intermedio 2026"
Competenza alfabetica non adeguata (studenti classi III scuola secondaria primo grado),SDG-311,regione,Friuli-Venezia Giulia,2019,28.3,Valori percentuali,Invalsi - Rilevazioni nazionali sugli apprendimenti,"Benessere equo e sostenibile, aggiornamento intermedio 2026"
Competenza alfabetica non adeguata (studenti classi III scuola secondaria primo grado),SDG-311,regione,Friuli-Venezia Giulia,2021,32.0,Valori percentuali,Invalsi - Rilevazioni nazionali sugli apprendimenti,"Benessere equo e sostenibile, aggiornamento intermedio 2026"
Competenza alfabetica non adeguata (studenti classi III scuola secondaria primo grado),SDG-311,regione,Friuli-Venezia Giulia,2022,32.1,Valori percentuali,Invalsi - Rilevazioni nazionali sugli apprendimenti,"Benessere equo e sostenibile, aggiornamento intermedio 2026"
Competenza alfabetica non adeguata (studenti classi III scuola secondaria primo grado),SDG-311,regione,Friuli-Venezia Giulia,2023,33.9,Valori percentuali,Invalsi - Rilevazioni nazionali sugli apprendimenti,"Benessere equo e sostenibile, aggiornamento intermedio 2026"
Competenza alfabetica non adeguata (studenti classi III scuola secondaria primo grado),SDG-311,regione,Friuli-Venezia Giulia,2024,35.2,Valori percentuali,Invalsi - Rilevazioni nazionali sugli apprendimenti,"Benessere equo e sostenibile, aggiornamento intermedio 2026"
Competenza alfabetica non adeguata (studenti classi III scuola secondaria primo grado),SDG-311,regione,Friuli-Venezia Giulia,2025,36.8,Valori percentuali,Invalsi - Rilevazioni nazionali sugli apprendimenti,"Benessere equo e sostenibile, aggiornamento intermedio 2026"
Competenza alfabetica non adeguata (studenti classi III scuola secondaria primo grado),SDG-311,regione,Lazio,2018,31.2,Valori percentuali,Invalsi - Rilevazioni nazionali sugli apprendimenti,"Benessere equo e sostenibile, aggiornamento intermedio 2026"
Competenza alfabetica non adeguata (studenti classi III scuola secondaria primo grado),SDG-311,regione,Lazio,2019,32.2,Valori percentuali,Invalsi - Rilevazioni nazionali sugli apprendimenti,"Benessere equo e sostenibile, aggiornamento intermedio 2026"
Competenza alfabetica non adeguata (studenti classi III scuola secondaria primo grado),SDG-311,regione,Lazio,2021,35.5,Valori percentuali,Invalsi - Rilevazioni nazionali sugli apprendimenti,"Benessere equo e sostenibile, aggiornamento intermedio 2026"
Competenza alfabetica non adeguata (studenti classi III scuola secondaria primo grado),SDG-311,regione,Lazio,2022,36.1,Valori percentuali,Invalsi - Rilevazioni nazionali sugli apprendimenti,"Benessere equo e sostenibile, aggiornamento intermedio 2026"
Competenza alfabetica non adeguata (studenti classi III scuola secondaria primo grado),SDG-311,regione,Lazio,2023,36.3,Valori percentuali,Invalsi - Rilevazioni nazionali sugli apprendimenti,"Benessere equo e sostenibile, aggiornamento intermedio 2026"
Competenza alfabetica non adeguata (studenti classi III scuola secondaria primo grado),SDG-311,regione,Lazio,2024,37.9,Valori percentuali,Invalsi - Rilevazioni nazionali sugli apprendimenti,"Benessere equo e sostenibile, aggiornamento intermedio 2026"
Competenza alfabetica non adeguata (studenti classi III scuola secondaria primo grado),SDG-311,regione,Lazio,2025,39.6,Valori percentuali,Invalsi - Rilevazioni nazionali sugli apprendimenti,"Benessere equo e sostenibile, aggiornamento intermedio 2026"
Competenza alfabetica non adeguata (studenti classi III scuola secondaria primo grado),SDG-311,regione,Liguria,2018,31.9,Valori percentuali,Invalsi - Rilevazioni nazionali sugli apprendimenti,"Benessere equo e sostenibile, aggiornamento intermedio 2026"
Competenza alfabetica non adeguata (studenti classi III scuola secondaria primo grado),SDG-311,regione,Liguria,2019,32.4,Valori percentuali,Invalsi - Rilevazioni nazionali sugli apprendimenti,"Benessere equo e sostenibile, aggiornamento intermedio 2026"
Competenza alfabetica non adeguata (studenti classi III scuola secondaria primo grado),SDG-311,regione,Liguria,2021,37.5,Valori percentuali,Invalsi - Rilevazioni nazionali sugli apprendimenti,"Benessere equo e sostenibile, aggiornamento intermedio 2026"
Competenza alfabetica non adeguata (studenti classi III scuola secondaria primo grado),SDG-311,regione,Liguria,2022,38.6,Valori percentuali,Invalsi - Rilevazioni nazionali sugli apprendimenti,"Benessere equo e sostenibile, aggiornamento intermedio 2026"
Competenza alfabetica non adeguata (studenti classi III scuola secondaria primo grado),SDG-311,regione,Liguria,2023,40.0,Valori percentuali,Invalsi - Rilevazioni nazionali sugli apprendimenti,"Benessere equo e sostenibile, aggiornamento intermedio 2026"
Competenza alfabetica non adeguata (studenti classi III scuola secondaria primo grado),SDG-311,regione,Liguria,2024,41.5,Valori percentuali,Invalsi - Rilevazioni nazionali sugli apprendimenti,"Benessere equo e sostenibile, aggiornamento intermedio 2026"
Competenza alfabetica non adeguata (studenti classi III scuola secondaria primo grado),SDG-311,regione,Liguria,2025,44.0,Valori percentuali,Invalsi - Rilevazioni nazionali sugli apprendimenti,"Benessere equo e sostenibile, aggiornamento intermedio 2026"
Competenza alfabetica non adeguata (studenti classi III scuola secondaria primo grado),SDG-311,regione,Lombardia,2018,27.2,Valori percentuali,Invalsi - Rilevazioni nazionali sugli apprendimenti,"Benessere equo e sostenibile, aggiornamento intermedio 2026"
Competenza alfabetica non adeguata (studenti classi III scuola secondaria primo grado),SDG-311,regione,Lombardia,2019,29.1,Valori percentuali,Invalsi - Rilevazioni nazionali sugli apprendimenti,"Benessere equo e sostenibile, aggiornamento intermedio 2026"
Competenza alfabetica non adeguata (studenti classi III scuola secondaria primo grado),SDG-311,regione,Lombardia,2021,33.6,Valori percentuali,Invalsi - Rilevazioni nazionali sugli apprendimenti,"Benessere equo e sostenibile, aggiornamento intermedio 2026"
Competenza alfabetica non adeguata (studenti classi III scuola secondaria primo grado),SDG-311,regione,Lombardia,2022,32.9,Valori percentuali,Invalsi - Rilevazioni nazionali sugli apprendimenti,"Benessere equo e sostenibile, aggiornamento intermedio 2026"
Competenza alfabetica non adeguata (studenti classi III scuola secondaria primo grado),SDG-311,regione,Lombardia,2023,33.3,Valori percentuali,Invalsi - Rilevazioni nazionali sugli apprendimenti,"Benessere equo e sostenibile, aggiornamento intermedio 2026"
Competenza alfabetica non adeguata (studenti classi III scuola secondaria primo grado),SDG-311,regione,Lombardia,2024,34.5,Valori percentuali,Invalsi - Rilevazioni nazionali sugli apprendimenti,"Benessere equo e sostenibile, aggiornamento intermedio 2026"
Competenza alfabetica non adeguata (studenti classi III scuola secondaria primo grado),SDG-311,regione,Lombardia,2025,36.6,Valori percentuali,Invalsi - Rilevazioni nazionali sugli apprendimenti,"Benessere equo e sostenibile, aggiornamento intermedio 2026"
Competenza alfabetica non adeguata (studenti classi III scuola secondaria primo grado),SDG-311,regione,Marche,2018,27.5,Valori percentuali,Invalsi - Rilevazioni nazionali sugli apprendimenti,"Benessere equo e sostenibile, aggiornamento intermedio 2026"
Competenza alfabetica non adeguata (studenti classi III scuola secondaria primo grado),SDG-311,regione,Marche,2019,28.3,Valori percentuali,Invalsi - Rilevazioni nazionali sugli apprendimenti,"Benessere equo e sostenibile, aggiornamento intermedio 2026"
Competenza alfabetica non adeguata (studenti classi III scuola secondaria primo grado),SDG-311,regione,Marche,2021,31.7,Valori percentuali,Invalsi - Rilevazioni nazionali sugli apprendimenti,"Benessere equo e sostenibile, aggiornamento intermedio 2026"
Competenza alfabetica non adeguata (studenti classi III scuola secondaria primo grado),SDG-311,regione,Marche,2022,32.5,Valori percentuali,Invalsi - Rilevazioni nazionali sugli apprendimenti,"Benessere equo e sostenibile, aggiornamento intermedio 2026"
Competenza alfabetica non adeguata (studenti classi III scuola secondaria primo grado),SDG-311,regione,Marche,2023,32.0,Valori percentuali,Invalsi - Rilevazioni nazionali sugli apprendimenti,"Benessere equo e sostenibile, aggiornamento intermedio 2026"
Competenza alfabetica non adeguata (studenti classi III scuola secondaria primo grado),SDG-311,regione,Marche,2024,32.6,Valori percentuali,Invalsi - Rilevazioni nazionali sugli apprendimenti,"Benessere equo e sostenibile, aggiornamento intermedio 2026"
Competenza alfabetica non adeguata (studenti classi III scuola secondaria primo grado),SDG-311,regione,Marche,2025,35.1,Valori percentuali,Invalsi - Rilevazioni nazionali sugli apprendimenti,"Benessere equo e sostenibile, aggiornamento intermedio 2026"
Competenza alfabetica non adeguata (studenti classi III scuola secondaria primo grado),SDG-311,regione,Molise,2018,33.3,Valori percentuali,Invalsi - Rilevazioni nazionali sugli apprendimenti,"Benessere equo e sostenibile, aggiornamento intermedio 2026"
Competenza alfabetica non adeguata (studenti classi III scuola secondaria primo grado),SDG-311,regione,Molise,2019,34.1,Valori percentuali,Invalsi - Rilevazioni nazionali sugli apprendimenti,"Benessere equo e sostenibile, aggiornamento intermedio 2026"
Competenza alfabetica non adeguata (studenti classi III scuola secondaria primo grado),SDG-311,regione,Molise,2021,37.8,Valori percentuali,Invalsi - Rilevazioni nazionali sugli apprendimenti,"Benessere equo e sostenibile, aggiornamento intermedio 2026"
Competenza alfabetica non adeguata (studenti classi III scuola secondaria primo grado),SDG-311,regione,Molise,2022,39.9,Valori percentuali,Invalsi - Rilevazioni nazionali sugli apprendimenti,"Benessere equo e sostenibile, aggiornamento intermedio 2026"
Competenza alfabetica non adeguata (studenti classi III scuola secondaria primo grado),SDG-311,regione,Molise,2023,35.3,Valori percentuali,Invalsi - Rilevazioni nazionali sugli apprendimenti,"Benessere equo e sostenibile, aggiornamento intermedio 2026"
Competenza alfabetica non adeguata (studenti classi III scuola secondaria primo grado),SDG-311,regione,Molise,2024,38.9,Valori percentuali,Invalsi - Rilevazioni nazionali sugli apprendimenti,"Benessere equo e sostenibile, aggiornamento intermedio 2026"
Competenza alfabetica non adeguata (studenti classi III scuola secondaria primo grado),SDG-311,regione,Molise,2025,38.6,Valori percentuali,Invalsi - Rilevazioni nazionali sugli apprendimenti,"Benessere equo e sostenibile, aggiornamento intermedio 2026"
Competenza alfabetica non adeguata (studenti classi III scuola secondaria primo grado),SDG-311,regione,Piemonte,2018,30.4,Valori percentuali,Invalsi - Rilevazioni nazionali sugli apprendimenti,"Benessere equo e sostenibile, aggiornamento intermedio 2026"
Competenza alfabetica non adeguata (studenti classi III scuola secondaria primo grado),SDG-311,regione,Piemonte,2019,31.8,Valori percentuali,Invalsi - Rilevazioni nazionali sugli apprendimenti,"Benessere equo e sostenibile, aggiornamento intermedio 2026"
Competenza alfabetica non adeguata (studenti classi III scuola secondaria primo grado),SDG-311,regione,Piemonte,2021,35.9,Valori percentuali,Invalsi - Rilevazioni nazionali sugli apprendimenti,"Benessere equo e sostenibile, aggiornamento intermedio 2026"
Competenza alfabetica non adeguata (studenti classi III scuola secondaria primo grado),SDG-311,regione,Piemonte,2022,35.7,Valori percentuali,Invalsi - Rilevazioni nazionali sugli apprendimenti,"Benessere equo e sostenibile, aggiornamento intermedio 2026"
Competenza alfabetica non adeguata (studenti classi III scuola secondaria primo grado),SDG-311,regione,Piemonte,2023,36.1,Valori percentuali,Invalsi - Rilevazioni nazionali sugli apprendimenti,"Benessere equo e sostenibile, aggiornamento intermedio 2026"
Competenza alfabetica non adeguata (studenti classi III scuola secondaria primo grado),SDG-311,regione,Piemonte,2024,37.7,Valori percentuali,Invalsi - Rilevazioni nazionali sugli apprendimenti,"Benessere equo e sostenibile, aggiornamento intermedio 2026"
Competenza alfabetica non adeguata (studenti classi III scuola secondaria primo grado),SDG-311,regione,Piemonte,2025,39.6,Valori percentuali,Invalsi - Rilevazioni nazionali sugli apprendimenti,"Benessere equo e sostenibile, aggiornamento intermedio 2026"
Competenza alfabetica non adeguata (studenti classi III scuola secondaria primo grado),SDG-311,regione,Puglia,2018,38.3,Valori percentuali,Invalsi - Rilevazioni nazionali sugli apprendimenti,"Benessere equo e sostenibile, aggiornamento intermedio 2026"
Competenza alfabetica non adeguata (studenti classi III scuola secondaria primo grado),SDG-311,regione,Puglia,2019,38.3,Valori percentuali,Invalsi - Rilevazioni nazionali sugli apprendimenti,"Benessere equo e sostenibile, aggiornamento intermedio 2026"
Competenza alfabetica non adeguata (studenti classi III scuola secondaria primo grado),SDG-311,regione,Puglia,2021,42.0,Valori percentuali,Invalsi - Rilevazioni nazionali sugli apprendimenti,"Benessere equo e sostenibile, aggiornamento intermedio 2026"
Competenza alfabetica non adeguata (studenti classi III scuola secondaria primo grado),SDG-311,regione,Puglia,2022,42.5,Valori percentuali,Invalsi - Rilevazioni nazionali sugli apprendimenti,"Benessere equo e sostenibile, aggiornamento intermedio 2026"
Competenza alfabetica non adeguata (studenti classi III scuola secondaria primo grado),SDG-311,regione,Puglia,2023,41.3,Valori percentuali,Invalsi - Rilevazioni nazionali sugli apprendimenti,"Benessere equo e sostenibile, aggiornamento intermedio 2026"
Competenza alfabetica non adeguata (studenti classi III scuola secondaria primo grado),SDG-311,regione,Puglia,2024,40.9,Valori percentuali,Invalsi - Rilevazioni nazionali sugli apprendimenti,"Benessere equo e sostenibile, aggiornamento intermedio 2026"
Competenza alfabetica non adeguata (studenti classi III scuola secondaria primo grado),SDG-311,regione,Puglia,2025,41.9,Valori percentuali,Invalsi - Rilevazioni nazionali sugli apprendimenti,"Benessere equo e sostenibile, aggiornamento intermedio 2026"
Competenza alfabetica non adeguata (studenti classi III scuola secondaria primo grado),SDG-311,regione,Sardegna,2018,39.9,Valori percentuali,Invalsi - Rilevazioni nazionali sugli apprendimenti,"Benessere equo e sostenibile, aggiornamento intermedio 2026"
Competenza alfabetica non adeguata (studenti classi III scuola secondaria primo grado),SDG-311,regione,Sardegna,2019,40.0,Valori percentuali,Invalsi - Rilevazioni nazionali sugli apprendimenti,"Benessere equo e sostenibile, aggiornamento intermedio 2026"
Competenza alfabetica non adeguata (studenti classi III scuola secondaria primo grado),SDG-311,regione,Sardegna,2021,45.9,Valori percentuali,Invalsi - Rilevazioni nazionali sugli apprendimenti,"Benessere equo e sostenibile, aggiornamento intermedio 2026"
Competenza alfabetica non adeguata (studenti classi III scuola secondaria primo grado),SDG-311,regione,Sardegna,2022,44.2,Valori percentuali,Invalsi - Rilevazioni nazionali sugli apprendimenti,"Benessere equo e sostenibile, aggiornamento intermedio 2026"
Competenza alfabetica non adeguata (studenti classi III scuola secondaria primo grado),SDG-311,regione,Sardegna,2023,45.9,Valori percentuali,Invalsi - Rilevazioni nazionali sugli apprendimenti,"Benessere equo e sostenibile, aggiornamento intermedio 2026"
Competenza alfabetica non adeguata (studenti classi III scuola secondaria primo grado),SDG-311,regione,Sardegna,2024,47.8,Valori percentuali,Invalsi - Rilevazioni nazionali sugli apprendimenti,"Benessere equo e sostenibile, aggiornamento intermedio 2026"
Competenza alfabetica non adeguata (studenti classi III scuola secondaria primo grado),SDG-311,regione,Sardegna,2025,49.1,Valori percentuali,Invalsi - Rilevazioni nazionali sugli apprendimenti,"Benessere equo e sostenibile, aggiornamento intermedio 2026"
Competenza alfabetica non adeguata (studenti classi III scuola secondaria primo grado),SDG-311,regione,Sicilia,2018,47.3,Valori percentuali,Invalsi - Rilevazioni nazionali sugli apprendimenti,"Benessere equo e sostenibile, aggiornamento intermedio 2026"
Competenza alfabetica non adeguata (studenti classi III scuola secondaria primo grado),SDG-311,regione,Sicilia,2019,47.6,Valori percentuali,Invalsi - Rilevazioni nazionali sugli apprendimenti,"Benessere equo e sostenibile, aggiornamento intermedio 2026"
Competenza alfabetica non adeguata (studenti classi III scuola secondaria primo grado),SDG-311,regione,Sicilia,2021,50.5,Valori percentuali,Invalsi - Rilevazioni nazionali sugli apprendimenti,"Benessere equo e sostenibile, aggiornamento intermedio 2026"
Competenza alfabetica non adeguata (studenti classi III scuola secondaria primo grado),SDG-311,regione,Sicilia,2022,51.3,Valori percentuali,Invalsi - Rilevazioni nazionali sugli apprendimenti,"Benessere equo e sostenibile, aggiornamento intermedio 2026"
Competenza alfabetica non adeguata (studenti classi III scuola secondaria primo grado),SDG-311,regione,Sicilia,2023,50.2,Valori percentuali,Invalsi - Rilevazioni nazionali sugli apprendimenti,"Benessere equo e sostenibile, aggiornamento intermedio 2026"
Competenza alfabetica non adeguata (studenti classi III scuola secondaria primo grado),SDG-311,regione,Sicilia,2024,52.3,Valori percentuali,Invalsi - Rilevazioni nazionali sugli apprendimenti,"Benessere equo e sostenibile, aggiornamento intermedio 2026"
Competenza alfabetica non adeguata (studenti classi III scuola secondaria primo grado),SDG-311,regione,Sicilia,2025,53.3,Valori percentuali,Invalsi - Rilevazioni nazionali sugli apprendimenti,"Benessere equo e sostenibile, aggiornamento intermedio 2026"
Competenza alfabetica non adeguata (studenti classi III scuola secondaria primo grado),SDG-311,regione,Toscana,2018,31.4,Valori percentuali,Invalsi - Rilevazioni nazionali sugli apprendimenti,"Benessere equo e sostenibile, aggiornamento intermedio 2026"
Competenza alfabetica non adeguata (studenti classi III scuola secondaria primo grado),SDG-311,regione,Toscana,2019,32.5,Valori percentuali,Invalsi - Rilevazioni nazionali sugli apprendimenti,"Benessere equo e sostenibile, aggiornamento intermedio 2026"
Competenza alfabetica non adeguata (studenti classi III scuola secondaria primo grado),SDG-311,regione,Toscana,2021,35.7,Valori percentuali,Invalsi - Rilevazioni nazionali sugli apprendimenti,"Benessere equo e sostenibile, aggiornamento intermedio 2026"
Competenza alfabetica non adeguata (studenti classi III scuola secondaria primo grado),SDG-311,regione,Toscana,2022,36.0,Valori percentuali,Invalsi - Rilevazioni nazionali sugli apprendimenti,"Benessere equo e sostenibile, aggiornamento intermedio 2026"
Competenza alfabetica non adeguata (studenti classi III scuola secondaria primo grado),SDG-311,regione,Toscana,2023,37.0,Valori percentuali,Invalsi - Rilevazioni nazionali sugli apprendimenti,"Benessere equo e sostenibile, aggiornamento intermedio 2026"
Competenza alfabetica non adeguata (studenti classi III scuola secondaria primo grado),SDG-311,regione,Toscana,2024,38.4,Valori percentuali,Invalsi - Rilevazioni nazionali sugli apprendimenti,"Benessere equo e sostenibile, aggiornamento intermedio 2026"
Competenza alfabetica non adeguata (studenti classi III scuola secondaria primo grado),SDG-311,regione,Toscana,2025,39.3,Valori percentuali,Invalsi - Rilevazioni nazionali sugli apprendimenti,"Benessere equo e sostenibile, aggiornamento intermedio 2026"
Competenza alfabetica non adeguata (studenti classi III scuola secondaria primo grado),SDG-311,regione,Umbria,2018,28.5,Valori percentuali,Invalsi - Rilevazioni nazionali sugli apprendimenti,"Benessere equo e sostenibile, aggiornamento intermedio 2026"
Competenza alfabetica non adeguata (studenti classi III scuola secondaria primo grado),SDG-311,regione,Umbria,2019,29.6,Valori percentuali,Invalsi - Rilevazioni nazionali sugli apprendimenti,"Benessere equo e sostenibile, aggiornamento intermedio 2026"
Competenza alfabetica non adeguata (studenti classi III scuola secondaria primo grado),SDG-311,regione,Umbria,2021,32.6,Valori percentuali,Invalsi - Rilevazioni nazionali sugli apprendimenti,"Benessere equo e sostenibile, aggiornamento intermedio 2026"
Competenza alfabetica non adeguata (studenti classi III scuola secondaria primo grado),SDG-311,regione,Umbria,2022,30.2,Valori percentuali,Invalsi - Rilevazioni nazionali sugli apprendimenti,"Benessere equo e sostenibile, aggiornamento intermedio 2026"
Competenza alfabetica non adeguata (studenti classi III scuola secondaria primo grado),SDG-311,regione,Umbria,2023,29.9,Valori percentuali,Invalsi - Rilevazioni nazionali sugli apprendimenti,"Benessere equo e sostenibile, aggiornamento intermedio 2026"
Competenza alfabetica non adeguata (studenti classi III scuola secondaria primo grado),SDG-311,regione,Umbria,2024,31.9,Valori percentuali,Invalsi - Rilevazioni nazionali sugli apprendimenti,"Benessere equo e sostenibile, aggiornamento intermedio 2026"
Competenza alfabetica non adeguata (studenti classi III scuola secondaria primo grado),SDG-311,regione,Umbria,2025,32.7,Valori percentuali,Invalsi - Rilevazioni nazionali sugli apprendimenti,"Benessere equo e sostenibile, aggiornamento intermedio 2026"
Competenza alfabetica non adeguata (studenti classi III scuola secondaria primo grado),SDG-311,regione,Valle d'Aosta,2018,26.7,Valori percentuali,Invalsi - Rilevazioni nazionali sugli apprendimenti,"Benessere equo e sostenibile, aggiornamento intermedio 2026"
Competenza alfabetica non adeguata (studenti classi III scuola secondaria primo grado),SDG-311,regione,Valle d'Aosta,2019,29.0,Valori percentuali,Invalsi - Rilevazioni nazionali sugli apprendimenti,"Benessere equo e sostenibile, aggiornamento intermedio 2026"
Competenza alfabetica non adeguata (studenti classi III scuola secondaria primo grado),SDG-311,regione,Valle d'Aosta,2021,30.8,Valori percentuali,Invalsi - Rilevazioni nazionali sugli apprendimenti,"Benessere equo e sostenibile, aggiornamento intermedio 2026"
Competenza alfabetica non adeguata (studenti classi III scuola secondaria primo grado),SDG-311,regione,Valle d'Aosta,2022,27.5,Valori percentuali,Invalsi - Rilevazioni nazionali sugli apprendimenti,"Benessere equo e sostenibile, aggiornamento intermedio 2026"
Competenza alfabetica non adeguata (studenti classi III scuola secondaria primo grado),SDG-311,regione,Valle d'Aosta,2023,29.9,Valori percentuali,Invalsi - Rilevazioni nazionali sugli apprendimenti,"Benessere equo e sostenibile, aggiornamento intermedio 2026"
Competenza alfabetica non adeguata (studenti classi III scuola secondaria primo grado),SDG-311,regione,Valle d'Aosta,2024,35.5,Valori percentuali,Invalsi - Rilevazioni nazionali sugli apprendimenti,"Benessere equo e sostenibile, aggiornamento intermedio 2026"
Competenza alfabetica non adeguata (studenti classi III scuola secondaria primo grado),SDG-311,regione,Valle d'Aosta,2025,34.1,Valori percentuali,Invalsi - Rilevazioni nazionali sugli apprendimenti,"Benessere equo e sostenibile, aggiornamento intermedio 2026"
Competenza alfabetica non adeguata (studenti classi III scuola secondaria primo grado),SDG-311,regione,Veneto,2018,28.6,Valori percentuali,Invalsi - Rilevazioni nazionali sugli apprendimenti,"Benessere equo e sostenibile, aggiornamento intermedio 2026"
Competenza alfabetica non adeguata (studenti classi III scuola secondaria primo grado),SDG-311,regione,Veneto,2019,29.6,Valori percentuali,Invalsi - Rilevazioni nazionali sugli apprendimenti,"Benessere equo e sostenibile, aggiornamento intermedio 2026"
Competenza alfabetica non adeguata (studenti classi III scuola secondaria primo grado),SDG-311,regione,Veneto,2021,32.2,Valori percentuali,Invalsi - Rilevazioni nazionali sugli apprendimenti,"Benessere equo e sostenibile, aggiornamento intermedio 2026"
Competenza alfabetica non adeguata (studenti classi III scuola secondaria primo grado),SDG-311,regione,Veneto,2022,32.6,Valori percentuali,Invalsi - Rilevazioni nazionali sugli apprendimenti,"Benessere equo e sostenibile, aggiornamento intermedio 2026"
Competenza alfabetica non adeguata (studenti classi III scuola secondaria primo grado),SDG-311,regione,Veneto,2023,33.0,Valori percentuali,Invalsi - Rilevazioni nazionali sugli apprendimenti,"Benessere equo e sostenibile, aggiornamento intermedio 2026"
Competenza alfabetica non adeguata (studenti classi III scuola secondaria primo grado),SDG-311,regione,Veneto,2024,34.1,Valori percentuali,Invalsi - Rilevazioni nazionali sugli apprendimenti,"Benessere equo e sostenibile, aggiornamento intermedio 2026"
Competenza alfabetica non adeguata (studenti classi III scuola secondaria primo grado),SDG-311,regione,Veneto,2025,36.1,Valori percentuali,Invalsi - Rilevazioni nazionali sugli apprendimenti,"Benessere equo e sostenibile, aggiornamento intermedio 2026"
"Competenza alfabetica non adeguata (studenti classi III scuola secondaria primo grado), Italia e ripartizioni",bes_areas_SDG-311,ripartizione,Centro,2018,30.6,Valori percentuali,Istat,"Benessere equo e sostenibile, aggiornamento intermedio 2026, valori ufficiali per ripartizione"
"Competenza alfabetica non adeguata (studenti classi III scuola secondaria primo grado), Italia e ripartizioni",bes_areas_SDG-311,ripartizione,Centro,2019,31.6,Valori percentuali,Istat,"Benessere equo e sostenibile, aggiornamento intermedio 2026, valori ufficiali per ripartizione"
"Competenza alfabetica non adeguata (studenti classi III scuola secondaria primo grado), Italia e ripartizioni",bes_areas_SDG-311,ripartizione,Centro,2021,34.9,Valori percentuali,Istat,"Benessere equo e sostenibile, aggiornamento intermedio 2026, valori ufficiali per ripartizione"
"Competenza alfabetica non adeguata (studenti classi III scuola secondaria primo grado), Italia e ripartizioni",bes_areas_SDG-311,ripartizione,Centro,2022,35.2,Valori percentuali,Istat,"Benessere equo e sostenibile, aggiornamento intermedio 2026, valori ufficiali per ripartizione"
"Competenza alfabetica non adeguata (studenti classi III scuola secondaria primo grado), Italia e ripartizioni",bes_areas_SDG-311,ripartizione,Centro,2023,35.5,Valori percentuali,Istat,"Benessere equo e sostenibile, aggiornamento intermedio 2026, valori ufficiali per ripartizione"
"Competenza alfabetica non adeguata (studenti classi III scuola secondaria primo grado), Italia e ripartizioni",bes_areas_SDG-311,ripartizione,Centro,2024,36.9,Valori percentuali,Istat,"Benessere equo e sostenibile, aggiornamento intermedio 2026, valori ufficiali per ripartizione"
"Competenza alfabetica non adeguata (studenti classi III scuola secondaria primo grado), Italia e ripartizioni",bes_areas_SDG-311,ripartizione,Centro,2025,38.4,Valori percentuali,Istat,"Benessere equo e sostenibile, aggiornamento intermedio 2026, valori ufficiali per ripartizione"
"Competenza alfabetica non adeguata (studenti classi III scuola secondaria primo grado), Italia e ripartizioni",bes_areas_SDG-311,ripartizione,Italia,2018,34.4,Valori percentuali,Istat,"Benessere equo e sostenibile, aggiornamento intermedio 2026, valori ufficiali per ripartizione"
"Competenza alfabetica non adeguata (studenti classi III scuola secondaria primo grado), Italia e ripartizioni",bes_areas_SDG-311,ripartizione,Italia,2019,35.2,Valori percentuali,Istat,"Benessere equo e sostenibile, aggiornamento intermedio 2026, valori ufficiali per ripartizione"
"Competenza alfabetica non adeguata (studenti classi III scuola secondaria primo grado), Italia e ripartizioni",bes_areas_SDG-311,ripartizione,Italia,2021,38.5,Valori percentuali,Istat,"Benessere equo e sostenibile, aggiornamento intermedio 2026, valori ufficiali per ripartizione"
"Competenza alfabetica non adeguata (studenti classi III scuola secondaria primo grado), Italia e ripartizioni",bes_areas_SDG-311,ripartizione,Italia,2022,38.6,Valori percentuali,Istat,"Benessere equo e sostenibile, aggiornamento intermedio 2026, valori ufficiali per ripartizione"
"Competenza alfabetica non adeguata (studenti classi III scuola secondaria primo grado), Italia e ripartizioni",bes_areas_SDG-311,ripartizione,Italia,2023,38.5,Valori percentuali,Istat,"Benessere equo e sostenibile, aggiornamento intermedio 2026, valori ufficiali per ripartizione"
"Competenza alfabetica non adeguata (studenti classi III scuola secondaria primo grado), Italia e ripartizioni",bes_areas_SDG-311,ripartizione,Italia,2024,39.9,Valori percentuali,Istat,"Benessere equo e sostenibile, aggiornamento intermedio 2026, valori ufficiali per ripartizione"
"Competenza alfabetica non adeguata (studenti classi III scuola secondaria primo grado), Italia e ripartizioni",bes_areas_SDG-311,ripartizione,Italia,2025,41.4,Valori percentuali,Istat,"Benessere equo e sostenibile, aggiornamento intermedio 2026, valori ufficiali per ripartizione"
"Competenza alfabetica non adeguata (studenti classi III scuola secondaria primo grado), Italia e ripartizioni",bes_areas_SDG-311,ripartizione,Mezzogiorno,2018,43.1,Valori percentuali,Istat,"Benessere equo e sostenibile, aggiornamento intermedio 2026, valori ufficiali per ripartizione"
"Competenza alfabetica non adeguata (studenti classi III scuola secondaria primo grado), Italia e ripartizioni",bes_areas_SDG-311,ripartizione,Mezzogiorno,2019,43.3,Valori percentuali,Istat,"Benessere equo e sostenibile, aggiornamento intermedio 2026, valori ufficiali per ripartizione"
"Competenza alfabetica non adeguata (studenti classi III scuola secondaria primo grado), Italia e ripartizioni",bes_areas_SDG-311,ripartizione,Mezzogiorno,2021,47.2,Valori percentuali,Istat,"Benessere equo e sostenibile, aggiornamento intermedio 2026, valori ufficiali per ripartizione"
"Competenza alfabetica non adeguata (studenti classi III scuola secondaria primo grado), Italia e ripartizioni",bes_areas_SDG-311,ripartizione,Mezzogiorno,2022,46.7,Valori percentuali,Istat,"Benessere equo e sostenibile, aggiornamento intermedio 2026, valori ufficiali per ripartizione"
"Competenza alfabetica non adeguata (studenti classi III scuola secondaria primo grado), Italia e ripartizioni",bes_areas_SDG-311,ripartizione,Mezzogiorno,2023,45.6,Valori percentuali,Istat,"Benessere equo e sostenibile, aggiornamento intermedio 2026, valori ufficiali per ripartizione"
"Competenza alfabetica non adeguata (studenti classi III scuola secondaria primo grado), Italia e ripartizioni",bes_areas_SDG-311,ripartizione,Mezzogiorno,2024,46.7,Valori percentuali,Istat,"Benessere equo e sostenibile, aggiornamento intermedio 2026, valori ufficiali per ripartizione"
"Competenza alfabetica non adeguata (studenti classi III scuola secondaria primo grado), Italia e ripartizioni",bes_areas_SDG-311,ripartizione,Mezzogiorno,2025,47.7,Valori percentuali,Istat,"Benessere equo e sostenibile, aggiornamento intermedio 2026, valori ufficiali per ripartizione"
"Competenza alfabetica non adeguata (studenti classi III scuola secondaria primo grado), Italia e ripartizioni",bes_areas_SDG-311,ripartizione,Nord,2018,28.7,Valori percentuali,Istat,"Benessere equo e sostenibile, aggiornamento intermedio 2026, valori ufficiali per ripartizione"
"Competenza alfabetica non adeguata (studenti classi III scuola secondaria primo grado), Italia e ripartizioni",bes_areas_SDG-311,ripartizione,Nord,2019,30.2,Valori percentuali,Istat,"Benessere equo e sostenibile, aggiornamento intermedio 2026, valori ufficiali per ripartizione"
"Competenza alfabetica non adeguata (studenti classi III scuola secondaria primo grado), Italia e ripartizioni",bes_areas_SDG-311,ripartizione,Nord,2021,34.0,Valori percentuali,Istat,"Benessere equo e sostenibile, aggiornamento intermedio 2026, valori ufficiali per ripartizione"
"Competenza alfabetica non adeguata (studenti classi III scuola secondaria primo grado), Italia e ripartizioni",bes_areas_SDG-311,ripartizione,Nord,2022,33.9,Valori percentuali,Istat,"Benessere equo e sostenibile, aggiornamento intermedio 2026, valori ufficiali per ripartizione"
"Competenza alfabetica non adeguata (studenti classi III scuola secondaria primo grado), Italia e ripartizioni",bes_areas_SDG-311,ripartizione,Nord,2023,34.5,Valori percentuali,Istat,"Benessere equo e sostenibile, aggiornamento intermedio 2026, valori ufficiali per ripartizione"
"Competenza alfabetica non adeguata (studenti classi III scuola secondaria primo grado), Italia e ripartizioni",bes_areas_SDG-311,ripartizione,Nord,2024,36.0,Valori percentuali,Istat,"Benessere equo e sostenibile, aggiornamento intermedio 2026, valori ufficiali per ripartizione"
"Competenza alfabetica non adeguata (studenti classi III scuola secondaria primo grado), Italia e ripartizioni",bes_areas_SDG-311,ripartizione,Nord,2025,37.9,Valori percentuali,Istat,"Benessere equo e sostenibile, aggiornamento intermedio 2026, valori ufficiali per ripartizione"
Alunni con cittadinanza non italiana in terza media,foreign_pupils_grade8,regione,Abruzzo,2018,7.49,percentuale sugli alunni della terza classe della secondaria di primo grado,Ministero dell'Istruzione e del Merito,"Open data, alunni per cittadinanza, scuola e anno di corso (statali e paritarie)"
Alunni con cittadinanza non italiana in terza media,foreign_pupils_grade8,regione,Abruzzo,2025,8.83,percentuale sugli alunni della terza classe della secondaria di primo grado,Ministero dell'Istruzione e del Merito,"Open data, alunni per cittadinanza, scuola e anno di corso (statali e paritarie)"
Alunni con cittadinanza non italiana in terza media,foreign_pupils_grade8,regione,Basilicata,2018,4.03,percentuale sugli alunni della terza classe della secondaria di primo grado,Ministero dell'Istruzione e del Merito,"Open data, alunni per cittadinanza, scuola e anno di corso (statali e paritarie)"
Alunni con cittadinanza non italiana in terza media,foreign_pupils_grade8,regione,Basilicata,2025,5.32,percentuale sugli alunni della terza classe della secondaria di primo grado,Ministero dell'Istruzione e del Merito,"Open data, alunni per cittadinanza, scuola e anno di corso (statali e paritarie)"
Alunni con cittadinanza non italiana in terza media,foreign_pupils_grade8,regione,Calabria,2018,4.4,percentuale sugli alunni della terza classe della secondaria di primo grado,Ministero dell'Istruzione e del Merito,"Open data, alunni per cittadinanza, scuola e anno di corso (statali e paritarie)"
Alunni con cittadinanza non italiana in terza media,foreign_pupils_grade8,regione,Calabria,2025,5.34,percentuale sugli alunni della terza classe della secondaria di primo grado,Ministero dell'Istruzione e del Merito,"Open data, alunni per cittadinanza, scuola e anno di corso (statali e paritarie)"
Alunni con cittadinanza non italiana in terza media,foreign_pupils_grade8,regione,Campania,2018,2.55,percentuale sugli alunni della terza classe della secondaria di primo grado,Ministero dell'Istruzione e del Merito,"Open data, alunni per cittadinanza, scuola e anno di corso (statali e paritarie)"
Alunni con cittadinanza non italiana in terza media,foreign_pupils_grade8,regione,Campania,2025,4.21,percentuale sugli alunni della terza classe della secondaria di primo grado,Ministero dell'Istruzione e del Merito,"Open data, alunni per cittadinanza, scuola e anno di corso (statali e paritarie)"
Alunni con cittadinanza non italiana in terza media,foreign_pupils_grade8,regione,Emilia-Romagna,2018,15.11,percentuale sugli alunni della terza classe della secondaria di primo grado,Ministero dell'Istruzione e del Merito,"Open data, alunni per cittadinanza, scuola e anno di corso (statali e paritarie)"
Alunni con cittadinanza non italiana in terza media,foreign_pupils_grade8,regione,Emilia-Romagna,2025,15.81,percentuale sugli alunni della terza classe della secondaria di primo grado,Ministero dell'Istruzione e del Merito,"Open data, alunni per cittadinanza, scuola e anno di corso (statali e paritarie)"
Alunni con cittadinanza non italiana in terza media,foreign_pupils_grade8,regione,Friuli-Venezia Giulia,2018,10.85,percentuale sugli alunni della terza classe della secondaria di primo grado,Ministero dell'Istruzione e del Merito,"Open data, alunni per cittadinanza, scuola e anno di corso (statali e paritarie)"
Alunni con cittadinanza non italiana in terza media,foreign_pupils_grade8,regione,Friuli-Venezia Giulia,2025,13.1,percentuale sugli alunni della terza classe della secondaria di primo grado,Ministero dell'Istruzione e del Merito,"Open data, alunni per cittadinanza, scuola e anno di corso (statali e paritarie)"
Alunni con cittadinanza non italiana in terza media,foreign_pupils_grade8,regione,Lazio,2018,9.63,percentuale sugli alunni della terza classe della secondaria di primo grado,Ministero dell'Istruzione e del Merito,"Open data, alunni per cittadinanza, scuola e anno di corso (statali e paritarie)"
Alunni con cittadinanza non italiana in terza media,foreign_pupils_grade8,regione,Lazio,2025,10.77,percentuale sugli alunni della terza classe della secondaria di primo grado,Ministero dell'Istruzione e del Merito,"Open data, alunni per cittadinanza, scuola e anno di corso (statali e paritarie)"
Alunni con cittadinanza non italiana in terza media,foreign_pupils_grade8,regione,Liguria,2018,12.42,percentuale sugli alunni della terza classe della secondaria di primo grado,Ministero dell'Istruzione e del Merito,"Open data, alunni per cittadinanza, scuola e anno di corso (statali e paritarie)"
Alunni con cittadinanza non italiana in terza media,foreign_pupils_grade8,regione,Liguria,2025,16.08,percentuale sugli alunni della terza classe della secondaria di primo grado,Ministero dell'Istruzione e del Merito,"Open data, alunni per cittadinanza, scuola e anno di corso (statali e paritarie)"
Alunni con cittadinanza non italiana in terza media,foreign_pupils_grade8,regione,Lombardia,2018,14.35,percentuale sugli alunni della terza classe della secondaria di primo grado,Ministero dell'Istruzione e del Merito,"Open data, alunni per cittadinanza, scuola e anno di corso (statali e paritarie)"
Alunni con cittadinanza non italiana in terza media,foreign_pupils_grade8,regione,Lombardia,2025,15.73,percentuale sugli alunni della terza classe della secondaria di primo grado,Ministero dell'Istruzione e del Merito,"Open data, alunni per cittadinanza, scuola e anno di corso (statali e paritarie)"
Alunni con cittadinanza non italiana in terza media,foreign_pupils_grade8,regione,Marche,2018,10.7,percentuale sugli alunni della terza classe della secondaria di primo grado,Ministero dell'Istruzione e del Merito,"Open data, alunni per cittadinanza, scuola e anno di corso (statali e paritarie)"
Alunni con cittadinanza non italiana in terza media,foreign_pupils_grade8,regione,Marche,2025,10.74,percentuale sugli alunni della terza classe della secondaria di primo grado,Ministero dell'Istruzione e del Merito,"Open data, alunni per cittadinanza, scuola e anno di corso (statali e paritarie)"
Alunni con cittadinanza non italiana in terza media,foreign_pupils_grade8,regione,Molise,2018,3.55,percentuale sugli alunni della terza classe della secondaria di primo grado,Ministero dell'Istruzione e del Merito,"Open data, alunni per cittadinanza, scuola e anno di corso (statali e paritarie)"
Alunni con cittadinanza non italiana in terza media,foreign_pupils_grade8,regione,Molise,2025,3.36,percentuale sugli alunni della terza classe della secondaria di primo grado,Ministero dell'Istruzione e del Merito,"Open data, alunni per cittadinanza, scuola e anno di corso (statali e paritarie)"
Alunni con cittadinanza non italiana in terza media,foreign_pupils_grade8,regione,Piemonte,2018,12.8,percentuale sugli alunni della terza classe della secondaria di primo grado,Ministero dell'Istruzione e del Merito,"Open data, alunni per cittadinanza, scuola e anno di corso (statali e paritarie)"
Alunni con cittadinanza non italiana in terza media,foreign_pupils_grade8,regione,Piemonte,2025,14.12,percentuale sugli alunni della terza classe della secondaria di primo grado,Ministero dell'Istruzione e del Merito,"Open data, alunni per cittadinanza, scuola e anno di corso (statali e paritarie)"
Alunni con cittadinanza non italiana in terza media,foreign_pupils_grade8,regione,Puglia,2018,2.81,percentuale sugli alunni della terza classe della secondaria di primo grado,Ministero dell'Istruzione e del Merito,"Open data, alunni per cittadinanza, scuola e anno di corso (statali e paritarie)"
Alunni con cittadinanza non italiana in terza media,foreign_pupils_grade8,regione,Puglia,2025,3.62,percentuale sugli alunni della terza classe della secondaria di primo grado,Ministero dell'Istruzione e del Merito,"Open data, alunni per cittadinanza, scuola e anno di corso (statali e paritarie)"
Alunni con cittadinanza non italiana in terza media,foreign_pupils_grade8,regione,Sardegna,2018,2.87,percentuale sugli alunni della terza classe della secondaria di primo grado,Ministero dell'Istruzione e del Merito,"Open data, alunni per cittadinanza, scuola e anno di corso (statali e paritarie)"
Alunni con cittadinanza non italiana in terza media,foreign_pupils_grade8,regione,Sardegna,2025,3.04,percentuale sugli alunni della terza classe della secondaria di primo grado,Ministero dell'Istruzione e del Merito,"Open data, alunni per cittadinanza, scuola e anno di corso (statali e paritarie)"
Alunni con cittadinanza non italiana in terza media,foreign_pupils_grade8,regione,Sicilia,2018,3.67,percentuale sugli alunni della terza classe della secondaria di primo grado,Ministero dell'Istruzione e del Merito,"Open data, alunni per cittadinanza, scuola e anno di corso (statali e paritarie)"
Alunni con cittadinanza non italiana in terza media,foreign_pupils_grade8,regione,Sicilia,2025,4.56,percentuale sugli alunni della terza classe della secondaria di primo grado,Ministero dell'Istruzione e del Merito,"Open data, alunni per cittadinanza, scuola e anno di corso (statali e paritarie)"
Alunni con cittadinanza non italiana in terza media,foreign_pupils_grade8,regione,Toscana,2018,13.85,percentuale sugli alunni della terza classe della secondaria di primo grado,Ministero dell'Istruzione e del Merito,"Open data, alunni per cittadinanza, scuola e anno di corso (statali e paritarie)"
Alunni con cittadinanza non italiana in terza media,foreign_pupils_grade8,regione,Toscana,2025,14.74,percentuale sugli alunni della terza classe della secondaria di primo grado,Ministero dell'Istruzione e del Merito,"Open data, alunni per cittadinanza, scuola e anno di corso (statali e paritarie)"
Alunni con cittadinanza non italiana in terza media,foreign_pupils_grade8,regione,Umbria,2018,13.72,percentuale sugli alunni della terza classe della secondaria di primo grado,Ministero dell'Istruzione e del Merito,"Open data, alunni per cittadinanza, scuola e anno di corso (statali e paritarie)"
Alunni con cittadinanza non italiana in terza media,foreign_pupils_grade8,regione,Umbria,2025,12.39,percentuale sugli alunni della terza classe della secondaria di primo grado,Ministero dell'Istruzione e del Merito,"Open data, alunni per cittadinanza, scuola e anno di corso (statali e paritarie)"
Alunni con cittadinanza non italiana in terza media,foreign_pupils_grade8,regione,Veneto,2018,12.56,percentuale sugli alunni della terza classe della secondaria di primo grado,Ministero dell'Istruzione e del Merito,"Open data, alunni per cittadinanza, scuola e anno di corso (statali e paritarie)"
Alunni con cittadinanza non italiana in terza media,foreign_pupils_grade8,regione,Veneto,2025,13.54,percentuale sugli alunni della terza classe della secondaria di primo grado,Ministero dell'Istruzione e del Merito,"Open data, alunni per cittadinanza, scuola e anno di corso (statali e paritarie)"
"Competenza numerica non adeguata (studenti classi III scuola secondaria primo grado), Italia e ripartizioni",bes_areas_SDG-310,ripartizione,Centro,2018,35.2,Valori percentuali,Istat,"Benessere equo e sostenibile, aggiornamento intermedio 2026, valori ufficiali per ripartizione"
"Competenza numerica non adeguata (studenti classi III scuola secondaria primo grado), Italia e ripartizioni",bes_areas_SDG-310,ripartizione,Centro,2019,35.8,Valori percentuali,Istat,"Benessere equo e sostenibile, aggiornamento intermedio 2026, valori ufficiali per ripartizione"
"Competenza numerica non adeguata (studenti classi III scuola secondaria primo grado), Italia e ripartizioni",bes_areas_SDG-310,ripartizione,Centro,2021,40.7,Valori percentuali,Istat,"Benessere equo e sostenibile, aggiornamento intermedio 2026, valori ufficiali per ripartizione"
"Competenza numerica non adeguata (studenti classi III scuola secondaria primo grado), Italia e ripartizioni",bes_areas_SDG-310,ripartizione,Centro,2022,40.0,Valori percentuali,Istat,"Benessere equo e sostenibile, aggiornamento intermedio 2026, valori ufficiali per ripartizione"
"Competenza numerica non adeguata (studenti classi III scuola secondaria primo grado), Italia e ripartizioni",bes_areas_SDG-310,ripartizione,Centro,2023,41.4,Valori percentuali,Istat,"Benessere equo e sostenibile, aggiornamento intermedio 2026, valori ufficiali per ripartizione"
"Competenza numerica non adeguata (studenti classi III scuola secondaria primo grado), Italia e ripartizioni",bes_areas_SDG-310,ripartizione,Centro,2024,40.5,Valori percentuali,Istat,"Benessere equo e sostenibile, aggiornamento intermedio 2026, valori ufficiali per ripartizione"
"Competenza numerica non adeguata (studenti classi III scuola secondaria primo grado), Italia e ripartizioni",bes_areas_SDG-310,ripartizione,Centro,2025,41.1,Valori percentuali,Istat,"Benessere equo e sostenibile, aggiornamento intermedio 2026, valori ufficiali per ripartizione"
"Competenza numerica non adeguata (studenti classi III scuola secondaria primo grado), Italia e ripartizioni",bes_areas_SDG-310,ripartizione,Italia,2018,39.3,Valori percentuali,Istat,"Benessere equo e sostenibile, aggiornamento intermedio 2026, valori ufficiali per ripartizione"
"Competenza numerica non adeguata (studenti classi III scuola secondaria primo grado), Italia e ripartizioni",bes_areas_SDG-310,ripartizione,Italia,2019,39.6,Valori percentuali,Istat,"Benessere equo e sostenibile, aggiornamento intermedio 2026, valori ufficiali per ripartizione"
"Competenza numerica non adeguata (studenti classi III scuola secondaria primo grado), Italia e ripartizioni",bes_areas_SDG-310,ripartizione,Italia,2021,44.5,Valori percentuali,Istat,"Benessere equo e sostenibile, aggiornamento intermedio 2026, valori ufficiali per ripartizione"
"Competenza numerica non adeguata (studenti classi III scuola secondaria primo grado), Italia e ripartizioni",bes_areas_SDG-310,ripartizione,Italia,2022,43.6,Valori percentuali,Istat,"Benessere equo e sostenibile, aggiornamento intermedio 2026, valori ufficiali per ripartizione"
"Competenza numerica non adeguata (studenti classi III scuola secondaria primo grado), Italia e ripartizioni",bes_areas_SDG-310,ripartizione,Italia,2023,44.2,Valori percentuali,Istat,"Benessere equo e sostenibile, aggiornamento intermedio 2026, valori ufficiali per ripartizione"
"Competenza numerica non adeguata (studenti classi III scuola secondaria primo grado), Italia e ripartizioni",bes_areas_SDG-310,ripartizione,Italia,2024,44.0,Valori percentuali,Istat,"Benessere equo e sostenibile, aggiornamento intermedio 2026, valori ufficiali per ripartizione"
"Competenza numerica non adeguata (studenti classi III scuola secondaria primo grado), Italia e ripartizioni",bes_areas_SDG-310,ripartizione,Italia,2025,44.3,Valori percentuali,Istat,"Benessere equo e sostenibile, aggiornamento intermedio 2026, valori ufficiali per ripartizione"
"Competenza numerica non adeguata (studenti classi III scuola secondaria primo grado), Italia e ripartizioni",bes_areas_SDG-310,ripartizione,Mezzogiorno,2018,51.9,Valori percentuali,Istat,"Benessere equo e sostenibile, aggiornamento intermedio 2026, valori ufficiali per ripartizione"
"Competenza numerica non adeguata (studenti classi III scuola secondaria primo grado), Italia e ripartizioni",bes_areas_SDG-310,ripartizione,Mezzogiorno,2019,52.1,Valori percentuali,Istat,"Benessere equo e sostenibile, aggiornamento intermedio 2026, valori ufficiali per ripartizione"
"Competenza numerica non adeguata (studenti classi III scuola secondaria primo grado), Italia e ripartizioni",bes_areas_SDG-310,ripartizione,Mezzogiorno,2021,58.0,Valori percentuali,Istat,"Benessere equo e sostenibile, aggiornamento intermedio 2026, valori ufficiali per ripartizione"
"Competenza numerica non adeguata (studenti classi III scuola secondaria primo grado), Italia e ripartizioni",bes_areas_SDG-310,ripartizione,Mezzogiorno,2022,56.4,Valori percentuali,Istat,"Benessere equo e sostenibile, aggiornamento intermedio 2026, valori ufficiali per ripartizione"
"Competenza numerica non adeguata (studenti classi III scuola secondaria primo grado), Italia e ripartizioni",bes_areas_SDG-310,ripartizione,Mezzogiorno,2023,56.0,Valori percentuali,Istat,"Benessere equo e sostenibile, aggiornamento intermedio 2026, valori ufficiali per ripartizione"
"Competenza numerica non adeguata (studenti classi III scuola secondaria primo grado), Italia e ripartizioni",bes_areas_SDG-310,ripartizione,Mezzogiorno,2024,55.8,Valori percentuali,Istat,"Benessere equo e sostenibile, aggiornamento intermedio 2026, valori ufficiali per ripartizione"
"Competenza numerica non adeguata (studenti classi III scuola secondaria primo grado), Italia e ripartizioni",bes_areas_SDG-310,ripartizione,Mezzogiorno,2025,55.3,Valori percentuali,Istat,"Benessere equo e sostenibile, aggiornamento intermedio 2026, valori ufficiali per ripartizione"
"Competenza numerica non adeguata (studenti classi III scuola secondaria primo grado), Italia e ripartizioni",bes_areas_SDG-310,ripartizione,Nord,2018,30.8,Valori percentuali,Istat,"Benessere equo e sostenibile, aggiornamento intermedio 2026, valori ufficiali per ripartizione"
"Competenza numerica non adeguata (studenti classi III scuola secondaria primo grado), Italia e ripartizioni",bes_areas_SDG-310,ripartizione,Nord,2019,31.3,Valori percentuali,Istat,"Benessere equo e sostenibile, aggiornamento intermedio 2026, valori ufficiali per ripartizione"
"Competenza numerica non adeguata (studenti classi III scuola secondaria primo grado), Italia e ripartizioni",bes_areas_SDG-310,ripartizione,Nord,2021,37.0,Valori percentuali,Istat,"Benessere equo e sostenibile, aggiornamento intermedio 2026, valori ufficiali per ripartizione"
"Competenza numerica non adeguata (studenti classi III scuola secondaria primo grado), Italia e ripartizioni",bes_areas_SDG-310,ripartizione,Nord,2022,35.8,Valori percentuali,Istat,"Benessere equo e sostenibile, aggiornamento intermedio 2026, valori ufficiali per ripartizione"
"Competenza numerica non adeguata (studenti classi III scuola secondaria primo grado), Italia e ripartizioni",bes_areas_SDG-310,ripartizione,Nord,2023,36.5,Valori percentuali,Istat,"Benessere equo e sostenibile, aggiornamento intermedio 2026, valori ufficiali per ripartizione"
"Competenza numerica non adeguata (studenti classi III scuola secondaria primo grado), Italia e ripartizioni",bes_areas_SDG-310,ripartizione,Nord,2024,36.9,Valori percentuali,Istat,"Benessere equo e sostenibile, aggiornamento intermedio 2026, valori ufficiali per ripartizione"
"Competenza numerica non adeguata (studenti classi III scuola secondaria primo grado), Italia e ripartizioni",bes_areas_SDG-310,ripartizione,Nord,2025,37.6,Valori percentuali,Istat,"Benessere equo e sostenibile, aggiornamento intermedio 2026, valori ufficiali per ripartizione"
Competenza alfabetica non adeguata (studenti classi III scuola secondaria primo grado),02IST011P,provincia,Agrigento,2018,49.9,%,Istat,"BES dei Territori (Bes at local level), DF_BES_TERRIT_0T, dominio BES_02"
Competenza alfabetica non adeguata (studenti classi III scuola secondaria primo grado),02IST011P,provincia,Agrigento,2019,49.6,%,Istat,"BES dei Territori (Bes at local level), DF_BES_TERRIT_0T, dominio BES_02"
Competenza alfabetica non adeguata (studenti classi III scuola secondaria primo grado),02IST011P,provincia,Agrigento,2021,50.8,%,Istat,"BES dei Territori (Bes at local level), DF_BES_TERRIT_0T, dominio BES_02"
Competenza alfabetica non adeguata (studenti classi III scuola secondaria primo grado),02IST011P,provincia,Agrigento,2022,55.3,%,Istat,"BES dei Territori (Bes at local level), DF_BES_TERRIT_0T, dominio BES_02"
Competenza alfabetica non adeguata (studenti classi III scuola secondaria primo grado),02IST011P,provincia,Agrigento,2023,52.4,%,Istat,"BES dei Territori (Bes at local level), DF_BES_TERRIT_0T, dominio BES_02"
Competenza alfabetica non adeguata (studenti classi III scuola secondaria primo grado),02IST011P,provincia,Agrigento,2024,53.4,%,Istat,"BES dei Territori (Bes at local level), DF_BES_TERRIT_0T, dominio BES_02"
Competenza alfabetica non adeguata (studenti classi III scuola secondaria primo grado),02IST011P,provincia,Alessandria,2018,33.2,%,Istat,"BES dei Territori (Bes at local level), DF_BES_TERRIT_0T, dominio BES_02"
Competenza alfabetica non adeguata (studenti classi III scuola secondaria primo grado),02IST011P,provincia,Alessandria,2019,32.1,%,Istat,"BES dei Territori (Bes at local level), DF_BES_TERRIT_0T, dominio BES_02"
Competenza alfabetica non adeguata (studenti classi III scuola secondaria primo grado),02IST011P,provincia,Alessandria,2021,38.0,%,Istat,"BES dei Territori (Bes at local level), DF_BES_TERRIT_0T, dominio BES_02"
Competenza alfabetica non adeguata (studenti classi III scuola secondaria primo grado),02IST011P,provincia,Alessandria,2022,39.4,%,Istat,"BES dei Territori (Bes at local level), DF_BES_TERRIT_0T, dominio BES_02"
Competenza alfabetica non adeguata (studenti classi III scuola secondaria primo grado),02IST011P,provincia,Alessandria,2023,40.0,%,Istat,"BES dei Territori (Bes at local level), DF_BES_TERRIT_0T, dominio BES_02"
Competenza alfabetica non adeguata (studenti classi III scuola secondaria primo grado),02IST011P,provincia,Alessandria,2024,40.5,%,Istat,"BES dei Territori (Bes at local level), DF_BES_TERRIT_0T, dominio BES_02"
Competenza alfabetica non adeguata (studenti classi III scuola secondaria primo grado),02IST011P,provincia,Ancona,2018,26.4,%,Istat,"BES dei Territori (Bes at local level), DF_BES_TERRIT_0T, dominio BES_02"
Competenza alfabetica non adeguata (studenti classi III scuola secondaria primo grado),02IST011P,provincia,Ancona,2019,26.6,%,Istat,"BES dei Territori (Bes at local level), DF_BES_TERRIT_0T, dominio BES_02"
Competenza alfabetica non adeguata (studenti classi III scuola secondaria primo grado),02IST011P,provincia,Ancona,2021,31.1,%,Istat,"BES dei Territori (Bes at local level), DF_BES_TERRIT_0T, dominio BES_02"
Competenza alfabetica non adeguata (studenti classi III scuola secondaria primo grado),02IST011P,provincia,Ancona,2022,32.5,%,Istat,"BES dei Territori (Bes at local level), DF_BES_TERRIT_0T, dominio BES_02"
Competenza alfabetica non adeguata (studenti classi III scuola secondaria primo grado),02IST011P,provincia,Ancona,2023,33.7,%,Istat,"BES dei Territori (Bes at local level), DF_BES_TERRIT_0T, dominio BES_02"
Competenza alfabetica non adeguata (studenti classi III scuola secondaria primo grado),02IST011P,provincia,Ancona,2024,32.3,%,Istat,"BES dei Territori (Bes at local level), DF_BES_TERRIT_0T, dominio BES_02"
Competenza alfabetica non adeguata (studenti classi III scuola secondaria primo grado),02IST011P,provincia,Aosta,2018,26.7,%,Istat,"BES dei Territori (Bes at local level), DF_BES_TERRIT_0T, dominio BES_02"
Competenza alfabetica non adeguata (studenti classi III scuola secondaria primo grado),02IST011P,provincia,Aosta,2019,29.0,%,Istat,"BES dei Territori (Bes at local level), DF_BES_TERRIT_0T, dominio BES_02"
Competenza alfabetica non adeguata (studenti classi III scuola secondaria primo grado),02IST011P,provincia,Aosta,2021,30.8,%,Istat,"BES dei Territori (Bes at local level), DF_BES_TERRIT_0T, dominio BES_02"
Competenza alfabetica non adeguata (studenti classi III scuola secondaria primo grado),02IST011P,provincia,Aosta,2022,27.5,%,Istat,"BES dei Territori (Bes at local level), DF_BES_TERRIT_0T, dominio BES_02"
Competenza alfabetica non adeguata (studenti classi III scuola secondaria primo grado),02IST011P,provincia,Aosta,2023,29.9,%,Istat,"BES dei Territori (Bes at local level), DF_BES_TERRIT_0T, dominio BES_02"
Competenza alfabetica non adeguata (studenti classi III scuola secondaria primo grado),02IST011P,provincia,Aosta,2024,35.5,%,Istat,"BES dei Territori (Bes at local level), DF_BES_TERRIT_0T, dominio BES_02"
Competenza alfabetica non adeguata (studenti classi III scuola secondaria primo grado),02IST011P,provincia,Arezzo,2018,30.0,%,Istat,"BES dei Territori (Bes at local level), DF_BES_TERRIT_0T, dominio BES_02"
Competenza alfabetica non adeguata (studenti classi III scuola secondaria primo grado),02IST011P,provincia,Arezzo,2019,29.7,%,Istat,"BES dei Territori (Bes at local level), DF_BES_TERRIT_0T, dominio BES_02"
Competenza alfabetica non adeguata (studenti classi III scuola secondaria primo grado),02IST011P,provincia,Arezzo,2021,32.7,%,Istat,"BES dei Territori (Bes at local level), DF_BES_TERRIT_0T, dominio BES_02"
Competenza alfabetica non adeguata (studenti classi III scuola secondaria primo grado),02IST011P,provincia,Arezzo,2022,32.2,%,Istat,"BES dei Territori (Bes at local level), DF_BES_TERRIT_0T, dominio BES_02"
Competenza alfabetica non adeguata (studenti classi III scuola secondaria primo grado),02IST011P,provincia,Arezzo,2023,33.9,%,Istat,"BES dei Territori (Bes at local level), DF_BES_TERRIT_0T, dominio BES_02"
Competenza alfabetica non adeguata (studenti classi III scuola secondaria primo grado),02IST011P,provincia,Arezzo,2024,34.5,%,Istat,"BES dei Territori (Bes at local level), DF_BES_TERRIT_0T, dominio BES_02"
Competenza alfabetica non adeguata (studenti classi III scuola secondaria primo grado),02IST011P,provincia,Ascoli Piceno,2018,25.1,%,Istat,"BES dei Territori (Bes at local level), DF_BES_TERRIT_0T, dominio BES_02"
Competenza alfabetica non adeguata (studenti classi III scuola secondaria primo grado),02IST011P,provincia,Ascoli Piceno,2019,26.7,%,Istat,"BES dei Territori (Bes at local level), DF_BES_TERRIT_0T, dominio BES_02"
Competenza alfabetica non adeguata (studenti classi III scuola secondaria primo grado),02IST011P,provincia,Ascoli Piceno,2021,33.0,%,Istat,"BES dei Territori (Bes at local level), DF_BES_TERRIT_0T, dominio BES_02"
Competenza alfabetica non adeguata (studenti classi III scuola secondaria primo grado),02IST011P,provincia,Ascoli Piceno,2022,31.8,%,Istat,"BES dei Territori (Bes at local level), DF_BES_TERRIT_0T, dominio BES_02"
Competenza alfabetica non adeguata (studenti classi III scuola secondaria primo grado),02IST011P,provincia,Ascoli Piceno,2023,31.5,%,Istat,"BES dei Territori (Bes at local level), DF_BES_TERRIT_0T, dominio BES_02"
Competenza alfabetica non adeguata (studenti classi III scuola secondaria primo grado),02IST011P,provincia,Ascoli Piceno,2024,31.6,%,Istat,"BES dei Territori (Bes at local level), DF_BES_TERRIT_0T, dominio BES_02"
Competenza alfabetica non adeguata (studenti classi III scuola secondaria primo grado),02IST011P,provincia,Asti,2018,31.3,%,Istat,"BES dei Territori (Bes at local level), DF_BES_TERRIT_0T, dominio BES_02"
Competenza alfabetica non adeguata (studenti classi III scuola secondaria primo grado),02IST011P,provincia,Asti,2019,32.0,%,Istat,"BES dei Territori (Bes at local level), DF_BES_TERRIT_0T, dominio BES_02"
Competenza alfabetica non adeguata (studenti classi III scuola secondaria primo grado),02IST011P,provincia,Asti,2021,38.6,%,Istat,"BES dei Territori (Bes at local level), DF_BES_TERRIT_0T, dominio BES_02"
Competenza alfabetica non adeguata (studenti classi III scuola secondaria primo grado),02IST011P,provincia,Asti,2022,36.4,%,Istat,"BES dei Territori (Bes at local level), DF_BES_TERRIT_0T, dominio BES_02"
Competenza alfabetica non adeguata (studenti classi III scuola secondaria primo grado),02IST011P,provincia,Asti,2023,37.2,%,Istat,"BES dei Territori (Bes at local level), DF_BES_TERRIT_0T, dominio BES_02"
Competenza alfabetica non adeguata (studenti classi III scuola secondaria primo grado),02IST011P,provincia,Asti,2024,41.9,%,Istat,"BES dei Territori (Bes at local level), DF_BES_TERRIT_0T, dominio BES_02"
Competenza alfabetica non adeguata (studenti classi III scuola secondaria primo grado),02IST011P,provincia,Avellino,2018,35.5,%,Istat,"BES dei Territori (Bes at local level), DF_BES_TERRIT_0T, dominio BES_02"
Competenza alfabetica non adeguata (studenti classi III scuola secondaria primo grado),02IST011P,provincia,Avellino,2019,37.9,%,Istat,"BES dei Territori (Bes at local level), DF_BES_TERRIT_0T, dominio BES_02"
Competenza alfabetica non adeguata (studenti classi III scuola secondaria primo grado),02IST011P,provincia,Avellino,2021,40.0,%,Istat,"BES dei Territori (Bes at local level), DF_BES_TERRIT_0T, dominio BES_02"
Competenza alfabetica non adeguata (studenti classi III scuola secondaria primo grado),02IST011P,provincia,Avellino,2022,38.1,%,Istat,"BES dei Territori (Bes at local level), DF_BES_TERRIT_0T, dominio BES_02"
Competenza alfabetica non adeguata (studenti classi III scuola secondaria primo grado),02IST011P,provincia,Avellino,2023,35.0,%,Istat,"BES dei Territori (Bes at local level), DF_BES_TERRIT_0T, dominio BES_02"
Competenza alfabetica non adeguata (studenti classi III scuola secondaria primo grado),02IST011P,provincia,Avellino,2024,37.3,%,Istat,"BES dei Territori (Bes at local level), DF_BES_TERRIT_0T, dominio BES_02"
Competenza alfabetica non adeguata (studenti classi III scuola secondaria primo grado),02IST011P,provincia,Bari,2018,36.0,%,Istat,"BES dei Territori (Bes at local level), DF_BES_TERRIT_0T, dominio BES_02"
Competenza alfabetica non adeguata (studenti classi III scuola secondaria primo grado),02IST011P,provincia,Bari,2019,36.3,%,Istat,"BES dei Territori (Bes at local level), DF_BES_TERRIT_0T, dominio BES_02"
Competenza alfabetica non adeguata (studenti classi III scuola secondaria primo grado),02IST011P,provincia,Bari,2021,39.2,%,Istat,"BES dei Territori (Bes at local level), DF_BES_TERRIT_0T, dominio BES_02"
Competenza alfabetica non adeguata (studenti classi III scuola secondaria primo grado),02IST011P,provincia,Bari,2022,40.6,%,Istat,"BES dei Territori (Bes at local level), DF_BES_TERRIT_0T, dominio BES_02"
Competenza alfabetica non adeguata (studenti classi III scuola secondaria primo grado),02IST011P,provincia,Bari,2023,39.4,%,Istat,"BES dei Territori (Bes at local level), DF_BES_TERRIT_0T, dominio BES_02"
Competenza alfabetica non adeguata (studenti classi III scuola secondaria primo grado),02IST011P,provincia,Bari,2024,39.4,%,Istat,"BES dei Territori (Bes at local level), DF_BES_TERRIT_0T, dominio BES_02"
Competenza alfabetica non adeguata (studenti classi III scuola secondaria primo grado),02IST011P,provincia,Belluno,2018,26.5,%,Istat,"BES dei Territori (Bes at local level), DF_BES_TERRIT_0T, dominio BES_02"
Competenza alfabetica non adeguata (studenti classi III scuola secondaria primo grado),02IST011P,provincia,Belluno,2019,28.0,%,Istat,"BES dei Territori (Bes at local level), DF_BES_TERRIT_0T, dominio BES_02"
Competenza alfabetica non adeguata (studenti classi III scuola secondaria primo grado),02IST011P,provincia,Belluno,2021,25.0,%,Istat,"BES dei Territori (Bes at local level), DF_BES_TERRIT_0T, dominio BES_02"
Competenza alfabetica non adeguata (studenti classi III scuola secondaria primo grado),02IST011P,provincia,Belluno,2022,26.9,%,Istat,"BES dei Territori (Bes at local level), DF_BES_TERRIT_0T, dominio BES_02"
Competenza alfabetica non adeguata (studenti classi III scuola secondaria primo grado),02IST011P,provincia,Belluno,2023,29.7,%,Istat,"BES dei Territori (Bes at local level), DF_BES_TERRIT_0T, dominio BES_02"
Competenza alfabetica non adeguata (studenti classi III scuola secondaria primo grado),02IST011P,provincia,Belluno,2024,29.3,%,Istat,"BES dei Territori (Bes at local level), DF_BES_TERRIT_0T, dominio BES_02"
Competenza alfabetica non adeguata (studenti classi III scuola secondaria primo grado),02IST011P,provincia,Benevento,2018,36.4,%,Istat,"BES dei Territori (Bes at local level), DF_BES_TERRIT_0T, dominio BES_02"
Competenza alfabetica non adeguata (studenti classi III scuola secondaria primo grado),02IST011P,provincia,Benevento,2019,37.0,%,Istat,"BES dei Territori (Bes at local level), DF_BES_TERRIT_0T, dominio BES_02"
Competenza alfabetica non adeguata (studenti classi III scuola secondaria primo grado),02IST011P,provincia,Benevento,2021,38.2,%,Istat,"BES dei Territori (Bes at local level), DF_BES_TERRIT_0T, dominio BES_02"
Competenza alfabetica non adeguata (studenti classi III scuola secondaria primo grado),02IST011P,provincia,Benevento,2022,38.7,%,Istat,"BES dei Territori (Bes at local level), DF_BES_TERRIT_0T, dominio BES_02"
Competenza alfabetica non adeguata (studenti classi III scuola secondaria primo grado),02IST011P,provincia,Benevento,2023,37.6,%,Istat,"BES dei Territori (Bes at local level), DF_BES_TERRIT_0T, dominio BES_02"
Competenza alfabetica non adeguata (studenti classi III scuola secondaria primo grado),02IST011P,provincia,Benevento,2024,40.2,%,Istat,"BES dei Territori (Bes at local level), DF_BES_TERRIT_0T, dominio BES_02"
Competenza alfabetica non adeguata (studenti classi III scuola secondaria primo grado),02IST011P,provincia,Bergamo,2018,25.7,%,Istat,"BES dei Territori (Bes at local level), DF_BES_TERRIT_0T, dominio BES_02"
Competenza alfabetica non adeguata (studenti classi III scuola secondaria primo grado),02IST011P,provincia,Bergamo,2019,27.5,%,Istat,"BES dei Territori (Bes at local level), DF_BES_TERRIT_0T, dominio BES_02"
Competenza alfabetica non adeguata (studenti classi III scuola secondaria primo grado),02IST011P,provincia,Bergamo,2021,32.4,%,Istat,"BES dei Territori (Bes at local level), DF_BES_TERRIT_0T, dominio BES_02"
Competenza alfabetica non adeguata (studenti classi III scuola secondaria primo grado),02IST011P,provincia,Bergamo,2022,33.1,%,Istat,"BES dei Territori (Bes at local level), DF_BES_TERRIT_0T, dominio BES_02"
Competenza alfabetica non adeguata (studenti classi III scuola secondaria primo grado),02IST011P,provincia,Bergamo,2023,33.9,%,Istat,"BES dei Territori (Bes at local level), DF_BES_TERRIT_0T, dominio BES_02"
Competenza alfabetica non adeguata (studenti classi III scuola secondaria primo grado),02IST011P,provincia,Bergamo,2024,34.3,%,Istat,"BES dei Territori (Bes at local level), DF_BES_TERRIT_0T, dominio BES_02"
Competenza alfabetica non adeguata (studenti classi III scuola secondaria primo grado),02IST011P,provincia,Biella,2018,28.9,%,Istat,"BES dei Territori (Bes at local level), DF_BES_TERRIT_0T, dominio BES_02"
Competenza alfabetica non adeguata (studenti classi III scuola secondaria primo grado),02IST011P,provincia,Biella,2019,31.7,%,Istat,"BES dei Territori (Bes at local level), DF_BES_TERRIT_0T, dominio BES_02"
Competenza alfabetica non adeguata (studenti classi III scuola secondaria primo grado),02IST011P,provincia,Biella,2021,34.1,%,Istat,"BES dei Territori (Bes at local level), DF_BES_TERRIT_0T, dominio BES_02"
Competenza alfabetica non adeguata (studenti classi III scuola secondaria primo grado),02IST011P,provincia,Biella,2022,32.7,%,Istat,"BES dei Territori (Bes at local level), DF_BES_TERRIT_0T, dominio BES_02"
Competenza alfabetica non adeguata (studenti classi III scuola secondaria primo grado),02IST011P,provincia,Biella,2023,33.5,%,Istat,"BES dei Territori (Bes at local level), DF_BES_TERRIT_0T, dominio BES_02"
Competenza alfabetica non adeguata (studenti classi III scuola secondaria primo grado),02IST011P,provincia,Biella,2024,36.9,%,Istat,"BES dei Territori (Bes at local level), DF_BES_TERRIT_0T, dominio BES_02"
Competenza alfabetica non adeguata (studenti classi III scuola secondaria primo grado),02IST011P,provincia,Bologna,2018,27.3,%,Istat,"BES dei Territori (Bes at local level), DF_BES_TERRIT_0T, dominio BES_02"
Competenza alfabetica non adeguata (studenti classi III scuola secondaria primo grado),02IST011P,provincia,Bologna,2019,29.3,%,Istat,"BES dei Territori (Bes at local level), DF_BES_TERRIT_0T, dominio BES_02"
Competenza alfabetica non adeguata (studenti classi III scuola secondaria primo grado),02IST011P,provincia,Bologna,2021,31.9,%,Istat,"BES dei Territori (Bes at local level), DF_BES_TERRIT_0T, dominio BES_02"
Competenza alfabetica non adeguata (studenti classi III scuola secondaria primo grado),02IST011P,provincia,Bologna,2022,31.5,%,Istat,"BES dei Territori (Bes at local level), DF_BES_TERRIT_0T, dominio BES_02"
Competenza alfabetica non adeguata (studenti classi III scuola secondaria primo grado),02IST011P,provincia,Bologna,2023,33.0,%,Istat,"BES dei Territori (Bes at local level), DF_BES_TERRIT_0T, dominio BES_02"
Competenza alfabetica non adeguata (studenti classi III scuola secondaria primo grado),02IST011P,provincia,Bologna,2024,35.8,%,Istat,"BES dei Territori (Bes at local level), DF_BES_TERRIT_0T, dominio BES_02"
Competenza alfabetica non adeguata (studenti classi III scuola secondaria primo grado),02IST011P,provincia,Bolzano,2018,41.4,%,Istat,"BES dei Territori (Bes at local level), DF_BES_TERRIT_0T, dominio BES_02"
Competenza alfabetica non adeguata (studenti classi III scuola secondaria primo grado),02IST011P,provincia,Bolzano,2019,43.6,%,Istat,"BES dei Territori (Bes at local level), DF_BES_TERRIT_0T, dominio BES_02"
Competenza alfabetica non adeguata (studenti classi III scuola secondaria primo grado),02IST011P,provincia,Bolzano,2021,48.4,%,Istat,"BES dei Territori (Bes at local level), DF_BES_TERRIT_0T, dominio BES_02"
Competenza alfabetica non adeguata (studenti classi III scuola secondaria primo grado),02IST011P,provincia,Bolzano,2022,47.7,%,Istat,"BES dei Territori (Bes at local level), DF_BES_TERRIT_0T, dominio BES_02"
Competenza alfabetica non adeguata (studenti classi III scuola secondaria primo grado),02IST011P,provincia,Bolzano,2023,45.5,%,Istat,"BES dei Territori (Bes at local level), DF_BES_TERRIT_0T, dominio BES_02"
Competenza alfabetica non adeguata (studenti classi III scuola secondaria primo grado),02IST011P,provincia,Bolzano,2024,51.3,%,Istat,"BES dei Territori (Bes at local level), DF_BES_TERRIT_0T, dominio BES_02"
Competenza alfabetica non adeguata (studenti classi III scuola secondaria primo grado),02IST011P,provincia,Brescia,2018,30.3,%,Istat,"BES dei Territori (Bes at local level), DF_BES_TERRIT_0T, dominio BES_02"
Competenza alfabetica non adeguata (studenti classi III scuola secondaria primo grado),02IST011P,provincia,Brescia,2019,31.7,%,Istat,"BES dei Territori (Bes at local level), DF_BES_TERRIT_0T, dominio BES_02"
Competenza alfabetica non adeguata (studenti classi III scuola secondaria primo grado),02IST011P,provincia,Brescia,2021,37.4,%,Istat,"BES dei Territori (Bes at local level), DF_BES_TERRIT_0T, dominio BES_02"
Competenza alfabetica non adeguata (studenti classi III scuola secondaria primo grado),02IST011P,provincia,Brescia,2022,36.7,%,Istat,"BES dei Territori (Bes at local level), DF_BES_TERRIT_0T, dominio BES_02"
Competenza alfabetica non adeguata (studenti classi III scuola secondaria primo grado),02IST011P,provincia,Brescia,2023,37.5,%,Istat,"BES dei Territori (Bes at local level), DF_BES_TERRIT_0T, dominio BES_02"
Competenza alfabetica non adeguata (studenti classi III scuola secondaria primo grado),02IST011P,provincia,Brescia,2024,38.8,%,Istat,"BES dei Territori (Bes at local level), DF_BES_TERRIT_0T, dominio BES_02"
Competenza alfabetica non adeguata (studenti classi III scuola secondaria primo grado),02IST011P,provincia,Brindisi,2018,41.4,%,Istat,"BES dei Territori (Bes at local level), DF_BES_TERRIT_0T, dominio BES_02"
Competenza alfabetica non adeguata (studenti classi III scuola secondaria primo grado),02IST011P,provincia,Brindisi,2019,39.2,%,Istat,"BES dei Territori (Bes at local level), DF_BES_TERRIT_0T, dominio BES_02"
Competenza alfabetica non adeguata (studenti classi III scuola secondaria primo grado),02IST011P,provincia,Brindisi,2021,45.2,%,Istat,"BES dei Territori (Bes at local level), DF_BES_TERRIT_0T, dominio BES_02"
Competenza alfabetica non adeguata (studenti classi III scuola secondaria primo grado),02IST011P,provincia,Brindisi,2022,46.1,%,Istat,"BES dei Territori (Bes at local level), DF_BES_TERRIT_0T, dominio BES_02"
Competenza alfabetica non adeguata (studenti classi III scuola secondaria primo grado),02IST011P,provincia,Brindisi,2023,44.5,%,Istat,"BES dei Territori (Bes at local level), DF_BES_TERRIT_0T, dominio BES_02"
Competenza alfabetica non adeguata (studenti classi III scuola secondaria primo grado),02IST011P,provincia,Brindisi,2024,44.7,%,Istat,"BES dei Territori (Bes at local level), DF_BES_TERRIT_0T, dominio BES_02"
Competenza alfabetica non adeguata (studenti classi III scuola secondaria primo grado),02IST011P,provincia,Cagliari,2018,35.2,%,Istat,"BES dei Territori (Bes at local level), DF_BES_TERRIT_0T, dominio BES_02"
Competenza alfabetica non adeguata (studenti classi III scuola secondaria primo grado),02IST011P,provincia,Cagliari,2019,37.2,%,Istat,"BES dei Territori (Bes at local level), DF_BES_TERRIT_0T, dominio BES_02"
Competenza alfabetica non adeguata (studenti classi III scuola secondaria primo grado),02IST011P,provincia,Cagliari,2021,41.7,%,Istat,"BES dei Territori (Bes at local level), DF_BES_TERRIT_0T, dominio BES_02"
Competenza alfabetica non adeguata (studenti classi III scuola secondaria primo grado),02IST011P,provincia,Cagliari,2022,41.0,%,Istat,"BES dei Territori (Bes at local level), DF_BES_TERRIT_0T, dominio BES_02"
Competenza alfabetica non adeguata (studenti classi III scuola secondaria primo grado),02IST011P,provincia,Cagliari,2023,42.5,%,Istat,"BES dei Territori (Bes at local level), DF_BES_TERRIT_0T, dominio BES_02"
Competenza alfabetica non adeguata (studenti classi III scuola secondaria primo grado),02IST011P,provincia,Cagliari,2024,45.0,%,Istat,"BES dei Territori (Bes at local level), DF_BES_TERRIT_0T, dominio BES_02"
Competenza alfabetica non adeguata (studenti classi III scuola secondaria primo grado),02IST011P,provincia,Caltanissetta,2018,48.0,%,Istat,"BES dei Territori (Bes at local level), DF_BES_TERRIT_0T, dominio BES_02"
Competenza alfabetica non adeguata (studenti classi III scuola secondaria primo grado),02IST011P,provincia,Caltanissetta,2019,49.8,%,Istat,"BES dei Territori (Bes at local level), DF_BES_TERRIT_0T, dominio BES_02"
Competenza alfabetica non adeguata (studenti classi III scuola secondaria primo grado),02IST011P,provincia,Caltanissetta,2021,51.9,%,Istat,"BES dei Territori (Bes at local level), DF_BES_TERRIT_0T, dominio BES_02"
Competenza alfabetica non adeguata (studenti classi III scuola secondaria primo grado),02IST011P,provincia,Caltanissetta,2022,51.1,%,Istat,"BES dei Territori (Bes at local level), DF_BES_TERRIT_0T, dominio BES_02"
Competenza alfabetica non adeguata (studenti classi III scuola secondaria primo grado),02IST011P,provincia,Caltanissetta,2023,53.8,%,Istat,"BES dei Territori (Bes at local level), DF_BES_TERRIT_0T, dominio BES_02"
Competenza alfabetica non adeguata (studenti classi III scuola secondaria primo grado),02IST011P,provincia,Caltanissetta,2024,56.5,%,Istat,"BES dei Territori (Bes at local level), DF_BES_TERRIT_0T, dominio BES_02"
Competenza alfabetica non adeguata (studenti classi III scuola secondaria primo grado),02IST011P,provincia,Campobasso,2018,31.5,%,Istat,"BES dei Territori (Bes at local level), DF_BES_TERRIT_0T, dominio BES_02"
Competenza alfabetica non adeguata (studenti classi III scuola secondaria primo grado),02IST011P,provincia,Campobasso,2019,34.0,%,Istat,"BES dei Territori (Bes at local level), DF_BES_TERRIT_0T, dominio BES_02"
Competenza alfabetica non adeguata (studenti classi III scuola secondaria primo grado),02IST011P,provincia,Campobasso,2021,37.5,%,Istat,"BES dei Territori (Bes at local level), DF_BES_TERRIT_0T, dominio BES_02"
Competenza alfabetica non adeguata (studenti classi III scuola secondaria primo grado),02IST011P,provincia,Campobasso,2022,39.0,%,Istat,"BES dei Territori (Bes at local level), DF_BES_TERRIT_0T, dominio BES_02"
Competenza alfabetica non adeguata (studenti classi III scuola secondaria primo grado),02IST011P,provincia,Campobasso,2023,33.9,%,Istat,"BES dei Territori (Bes at local level), DF_BES_TERRIT_0T, dominio BES_02"
Competenza alfabetica non adeguata (studenti classi III scuola secondaria primo grado),02IST011P,provincia,Campobasso,2024,38.7,%,Istat,"BES dei Territori (Bes at local level), DF_BES_TERRIT_0T, dominio BES_02"
Competenza alfabetica non adeguata (studenti classi III scuola secondaria primo grado),02IST011P,provincia,Caserta,2018,46.0,%,Istat,"BES dei Territori (Bes at local level), DF_BES_TERRIT_0T, dominio BES_02"
Competenza alfabetica non adeguata (studenti classi III scuola secondaria primo grado),02IST011P,provincia,Caserta,2019,45.1,%,Istat,"BES dei Territori (Bes at local level), DF_BES_TERRIT_0T, dominio BES_02"
Competenza alfabetica non adeguata (studenti classi III scuola secondaria primo grado),02IST011P,provincia,Caserta,2021,48.9,%,Istat,"BES dei Territori (Bes at local level), DF_BES_TERRIT_0T, dominio BES_02"
Competenza alfabetica non adeguata (studenti classi III scuola secondaria primo grado),02IST011P,provincia,Caserta,2022,47.7,%,Istat,"BES dei Territori (Bes at local level), DF_BES_TERRIT_0T, dominio BES_02"
Competenza alfabetica non adeguata (studenti classi III scuola secondaria primo grado),02IST011P,provincia,Caserta,2023,46.0,%,Istat,"BES dei Territori (Bes at local level), DF_BES_TERRIT_0T, dominio BES_02"
Competenza alfabetica non adeguata (studenti classi III scuola secondaria primo grado),02IST011P,provincia,Caserta,2024,48.2,%,Istat,"BES dei Territori (Bes at local level), DF_BES_TERRIT_0T, dominio BES_02"
Competenza alfabetica non adeguata (studenti classi III scuola secondaria primo grado),02IST011P,provincia,Catania,2018,45.1,%,Istat,"BES dei Territori (Bes at local level), DF_BES_TERRIT_0T, dominio BES_02"
Competenza alfabetica non adeguata (studenti classi III scuola secondaria primo grado),02IST011P,provincia,Catania,2019,45.7,%,Istat,"BES dei Territori (Bes at local level), DF_BES_TERRIT_0T, dominio BES_02"
Competenza alfabetica non adeguata (studenti classi III scuola secondaria primo grado),02IST011P,provincia,Catania,2021,48.2,%,Istat,"BES dei Territori (Bes at local level), DF_BES_TERRIT_0T, dominio BES_02"
Competenza alfabetica non adeguata (studenti classi III scuola secondaria primo grado),02IST011P,provincia,Catania,2022,48.9,%,Istat,"BES dei Territori (Bes at local level), DF_BES_TERRIT_0T, dominio BES_02"
Competenza alfabetica non adeguata (studenti classi III scuola secondaria primo grado),02IST011P,provincia,Catania,2023,48.4,%,Istat,"BES dei Territori (Bes at local level), DF_BES_TERRIT_0T, dominio BES_02"
Competenza alfabetica non adeguata (studenti classi III scuola secondaria primo grado),02IST011P,provincia,Catania,2024,49.8,%,Istat,"BES dei Territori (Bes at local level), DF_BES_TERRIT_0T, dominio BES_02"
Competenza alfabetica non adeguata (studenti classi III scuola secondaria primo grado),02IST011P,provincia,Catanzaro,2018,42.9,%,Istat,"BES dei Territori (Bes at local level), DF_BES_TERRIT_0T, dominio BES_02"
Competenza alfabetica non adeguata (studenti classi III scuola secondaria primo grado),02IST011P,provincia,Catanzaro,2019,43.6,%,Istat,"BES dei Territori (Bes at local level), DF_BES_TERRIT_0T, dominio BES_02"
Competenza alfabetica non adeguata (studenti classi III scuola secondaria primo grado),02IST011P,provincia,Catanzaro,2021,46.2,%,Istat,"BES dei Territori (Bes at local level), DF_BES_TERRIT_0T, dominio BES_02"
Competenza alfabetica non adeguata (studenti classi III scuola secondaria primo grado),02IST011P,provincia,Catanzaro,2022,47.8,%,Istat,"BES dei Territori (Bes at local level), DF_BES_TERRIT_0T, dominio BES_02"
Competenza alfabetica non adeguata (studenti classi III scuola secondaria primo grado),02IST011P,provincia,Catanzaro,2023,46.9,%,Istat,"BES dei Territori (Bes at local level), DF_BES_TERRIT_0T, dominio BES_02"
Competenza alfabetica non adeguata (studenti classi III scuola secondaria primo grado),02IST011P,provincia,Catanzaro,2024,46.9,%,Istat,"BES dei Territori (Bes at local level), DF_BES_TERRIT_0T, dominio BES_02"
Competenza alfabetica non adeguata (studenti classi III scuola secondaria primo grado),02IST011P,provincia,Chieti,2018,31.4,%,Istat,"BES dei Territori (Bes at local level), DF_BES_TERRIT_0T, dominio BES_02"
Competenza alfabetica non adeguata (studenti classi III scuola secondaria primo grado),02IST011P,provincia,Chieti,2019,33.2,%,Istat,"BES dei Territori (Bes at local level), DF_BES_TERRIT_0T, dominio BES_02"
Competenza alfabetica non adeguata (studenti classi III scuola secondaria primo grado),02IST011P,provincia,Chieti,2021,35.7,%,Istat,"BES dei Territori (Bes at local level), DF_BES_TERRIT_0T, dominio BES_02"
Competenza alfabetica non adeguata (studenti classi III scuola secondaria primo grado),02IST011P,provincia,Chieti,2022,35.0,%,Istat,"BES dei Territori (Bes at local level), DF_BES_TERRIT_0T, dominio BES_02"
Competenza alfabetica non adeguata (studenti classi III scuola secondaria primo grado),02IST011P,provincia,Chieti,2023,35.5,%,Istat,"BES dei Territori (Bes at local level), DF_BES_TERRIT_0T, dominio BES_02"
Competenza alfabetica non adeguata (studenti classi III scuola secondaria primo grado),02IST011P,provincia,Chieti,2024,36.7,%,Istat,"BES dei Territori (Bes at local level), DF_BES_TERRIT_0T, dominio BES_02"
Competenza alfabetica non adeguata (studenti classi III scuola secondaria primo grado),02IST011P,provincia,Como,2018,24.0,%,Istat,"BES dei Territori (Bes at local level), DF_BES_TERRIT_0T, dominio BES_02"
Competenza alfabetica non adeguata (studenti classi III scuola secondaria primo grado),02IST011P,provincia,Como,2019,25.5,%,Istat,"BES dei Territori (Bes at local level), DF_BES_TERRIT_0T, dominio BES_02"
Competenza alfabetica non adeguata (studenti classi III scuola secondaria primo grado),02IST011P,provincia,Como,2021,29.0,%,Istat,"BES dei Territori (Bes at local level), DF_BES_TERRIT_0T, dominio BES_02"
Competenza alfabetica non adeguata (studenti classi III scuola secondaria primo grado),02IST011P,provincia,Como,2022,28.9,%,Istat,"BES dei Territori (Bes at local level), DF_BES_TERRIT_0T, dominio BES_02"
Competenza alfabetica non adeguata (studenti classi III scuola secondaria primo grado),02IST011P,provincia,Como,2023,29.4,%,Istat,"BES dei Territori (Bes at local level), DF_BES_TERRIT_0T, dominio BES_02"
Competenza alfabetica non adeguata (studenti classi III scuola secondaria primo grado),02IST011P,provincia,Como,2024,30.1,%,Istat,"BES dei Territori (Bes at local level), DF_BES_TERRIT_0T, dominio BES_02"
Competenza alfabetica non adeguata (studenti classi III scuola secondaria primo grado),02IST011P,provincia,Cosenza,2018,47.3,%,Istat,"BES dei Territori (Bes at local level), DF_BES_TERRIT_0T, dominio BES_02"
Competenza alfabetica non adeguata (studenti classi III scuola secondaria primo grado),02IST011P,provincia,Cosenza,2019,48.3,%,Istat,"BES dei Territori (Bes at local level), DF_BES_TERRIT_0T, dominio BES_02"
Competenza alfabetica non adeguata (studenti classi III scuola secondaria primo grado),02IST011P,provincia,Cosenza,2021,50.3,%,Istat,"BES dei Territori (Bes at local level), DF_BES_TERRIT_0T, dominio BES_02"
Competenza alfabetica non adeguata (studenti classi III scuola secondaria primo grado),02IST011P,provincia,Cosenza,2022,49.7,%,Istat,"BES dei Territori (Bes at local level), DF_BES_TERRIT_0T, dominio BES_02"
Competenza alfabetica non adeguata (studenti classi III scuola secondaria primo grado),02IST011P,provincia,Cosenza,2023,47.5,%,Istat,"BES dei Territori (Bes at local level), DF_BES_TERRIT_0T, dominio BES_02"
Competenza alfabetica non adeguata (studenti classi III scuola secondaria primo grado),02IST011P,provincia,Cosenza,2024,49.2,%,Istat,"BES dei Territori (Bes at local level), DF_BES_TERRIT_0T, dominio BES_02"
Competenza alfabetica non adeguata (studenti classi III scuola secondaria primo grado),02IST011P,provincia,Cremona,2018,30.5,%,Istat,"BES dei Territori (Bes at local level), DF_BES_TERRIT_0T, dominio BES_02"
Competenza alfabetica non adeguata (studenti classi III scuola secondaria primo grado),02IST011P,provincia,Cremona,2019,32.1,%,Istat,"BES dei Territori (Bes at local level), DF_BES_TERRIT_0T, dominio BES_02"
Competenza alfabetica non adeguata (studenti classi III scuola secondaria primo grado),02IST011P,provincia,Cremona,2021,37.1,%,Istat,"BES dei Territori (Bes at local level), DF_BES_TERRIT_0T, dominio BES_02"
Competenza alfabetica non adeguata (studenti classi III scuola secondaria primo grado),02IST011P,provincia,Cremona,2022,36.6,%,Istat,"BES dei Territori (Bes at local level), DF_BES_TERRIT_0T, dominio BES_02"
Competenza alfabetica non adeguata (studenti classi III scuola secondaria primo grado),02IST011P,provincia,Cremona,2023,35.6,%,Istat,"BES dei Territori (Bes at local level), DF_BES_TERRIT_0T, dominio BES_02"
Competenza alfabetica non adeguata (studenti classi III scuola secondaria primo grado),02IST011P,provincia,Cremona,2024,38.3,%,Istat,"BES dei Territori (Bes at local level), DF_BES_TERRIT_0T, dominio BES_02"
Competenza alfabetica non adeguata (studenti classi III scuola secondaria primo grado),02IST011P,provincia,Crotone,2018,57.9,%,Istat,"BES dei Territori (Bes at local level), DF_BES_TERRIT_0T, dominio BES_02"
Competenza alfabetica non adeguata (studenti classi III scuola secondaria primo grado),02IST011P,provincia,Crotone,2019,55.8,%,Istat,"BES dei Territori (Bes at local level), DF_BES_TERRIT_0T, dominio BES_02"
Competenza alfabetica non adeguata (studenti classi III scuola secondaria primo grado),02IST011P,provincia,Crotone,2021,59.7,%,Istat,"BES dei Territori (Bes at local level), DF_BES_TERRIT_0T, dominio BES_02"
Competenza alfabetica non adeguata (studenti classi III scuola secondaria primo grado),02IST011P,provincia,Crotone,2022,58.4,%,Istat,"BES dei Territori (Bes at local level), DF_BES_TERRIT_0T, dominio BES_02"
Competenza alfabetica non adeguata (studenti classi III scuola secondaria primo grado),02IST011P,provincia,Crotone,2023,56.9,%,Istat,"BES dei Territori (Bes at local level), DF_BES_TERRIT_0T, dominio BES_02"
Competenza alfabetica non adeguata (studenti classi III scuola secondaria primo grado),02IST011P,provincia,Crotone,2024,57.9,%,Istat,"BES dei Territori (Bes at local level), DF_BES_TERRIT_0T, dominio BES_02"
Competenza alfabetica non adeguata (studenti classi III scuola secondaria primo grado),02IST011P,provincia,Cuneo,2018,27.3,%,Istat,"BES dei Territori (Bes at local level), DF_BES_TERRIT_0T, dominio BES_02"
Competenza alfabetica non adeguata (studenti classi III scuola secondaria primo grado),02IST011P,provincia,Cuneo,2019,29.5,%,Istat,"BES dei Territori (Bes at local level), DF_BES_TERRIT_0T, dominio BES_02"
Competenza alfabetica non adeguata (studenti classi III scuola secondaria primo grado),02IST011P,provincia,Cuneo,2021,33.9,%,Istat,"BES dei Territori (Bes at local level), DF_BES_TERRIT_0T, dominio BES_02"
Competenza alfabetica non adeguata (studenti classi III scuola secondaria primo grado),02IST011P,provincia,Cuneo,2022,32.7,%,Istat,"BES dei Territori (Bes at local level), DF_BES_TERRIT_0T, dominio BES_02"
Competenza alfabetica non adeguata (studenti classi III scuola secondaria primo grado),02IST011P,provincia,Cuneo,2023,33.8,%,Istat,"BES dei Territori (Bes at local level), DF_BES_TERRIT_0T, dominio BES_02"
Competenza alfabetica non adeguata (studenti classi III scuola secondaria primo grado),02IST011P,provincia,Cuneo,2024,33.9,%,Istat,"BES dei Territori (Bes at local level), DF_BES_TERRIT_0T, dominio BES_02"
Competenza alfabetica non adeguata (studenti classi III scuola secondaria primo grado),02IST011P,provincia,Enna,2018,45.7,%,Istat,"BES dei Territori (Bes at local level), DF_BES_TERRIT_0T, dominio BES_02"
Competenza alfabetica non adeguata (studenti classi III scuola secondaria primo grado),02IST011P,provincia,Enna,2019,46.4,%,Istat,"BES dei Territori (Bes at local level), DF_BES_TERRIT_0T, dominio BES_02"
Competenza alfabetica non adeguata (studenti classi III scuola secondaria primo grado),02IST011P,provincia,Enna,2021,51.5,%,Istat,"BES dei Territori (Bes at local level), DF_BES_TERRIT_0T, dominio BES_02"
Competenza alfabetica non adeguata (studenti classi III scuola secondaria primo grado),02IST011P,provincia,Enna,2022,54.2,%,Istat,"BES dei Territori (Bes at local level), DF_BES_TERRIT_0T, dominio BES_02"
Competenza alfabetica non adeguata (studenti classi III scuola secondaria primo grado),02IST011P,provincia,Enna,2023,53.1,%,Istat,"BES dei Territori (Bes at local level), DF_BES_TERRIT_0T, dominio BES_02"
Competenza alfabetica non adeguata (studenti classi III scuola secondaria primo grado),02IST011P,provincia,Enna,2024,53.9,%,Istat,"BES dei Territori (Bes at local level), DF_BES_TERRIT_0T, dominio BES_02"
Competenza alfabetica non adeguata (studenti classi III scuola secondaria primo grado),02IST011P,provincia,Ferrara,2018,32.2,%,Istat,"BES dei Territori (Bes at local level), DF_BES_TERRIT_0T, dominio BES_02"
Competenza alfabetica non adeguata (studenti classi III scuola secondaria primo grado),02IST011P,provincia,Ferrara,2019,33.6,%,Istat,"BES dei Territori (Bes at local level), DF_BES_TERRIT_0T, dominio BES_02"
Competenza alfabetica non adeguata (studenti classi III scuola secondaria primo grado),02IST011P,provincia,Ferrara,2021,37.2,%,Istat,"BES dei Territori (Bes at local level), DF_BES_TERRIT_0T, dominio BES_02"
Competenza alfabetica non adeguata (studenti classi III scuola secondaria primo grado),02IST011P,provincia,Ferrara,2022,38.4,%,Istat,"BES dei Territori (Bes at local level), DF_BES_TERRIT_0T, dominio BES_02"
Competenza alfabetica non adeguata (studenti classi III scuola secondaria primo grado),02IST011P,provincia,Ferrara,2023,38.3,%,Istat,"BES dei Territori (Bes at local level), DF_BES_TERRIT_0T, dominio BES_02"
Competenza alfabetica non adeguata (studenti classi III scuola secondaria primo grado),02IST011P,provincia,Ferrara,2024,43.7,%,Istat,"BES dei Territori (Bes at local level), DF_BES_TERRIT_0T, dominio BES_02"
Competenza alfabetica non adeguata (studenti classi III scuola secondaria primo grado),02IST011P,provincia,Firenze,2018,30.8,%,Istat,"BES dei Territori (Bes at local level), DF_BES_TERRIT_0T, dominio BES_02"
Competenza alfabetica non adeguata (studenti classi III scuola secondaria primo grado),02IST011P,provincia,Firenze,2019,32.1,%,Istat,"BES dei Territori (Bes at local level), DF_BES_TERRIT_0T, dominio BES_02"
Competenza alfabetica non adeguata (studenti classi III scuola secondaria primo grado),02IST011P,provincia,Firenze,2021,35.2,%,Istat,"BES dei Territori (Bes at local level), DF_BES_TERRIT_0T, dominio BES_02"
Competenza alfabetica non adeguata (studenti classi III scuola secondaria primo grado),02IST011P,provincia,Firenze,2022,35.0,%,Istat,"BES dei Territori (Bes at local level), DF_BES_TERRIT_0T, dominio BES_02"
Competenza alfabetica non adeguata (studenti classi III scuola secondaria primo grado),02IST011P,provincia,Firenze,2023,36.4,%,Istat,"BES dei Territori (Bes at local level), DF_BES_TERRIT_0T, dominio BES_02"
Competenza alfabetica non adeguata (studenti classi III scuola secondaria primo grado),02IST011P,provincia,Firenze,2024,37.3,%,Istat,"BES dei Territori (Bes at local level), DF_BES_TERRIT_0T, dominio BES_02"
Competenza alfabetica non adeguata (studenti classi III scuola secondaria primo grado),02IST011P,provincia,Foggia,2018,45.5,%,Istat,"BES dei Territori (Bes at local level), DF_BES_TERRIT_0T, dominio BES_02"
Competenza alfabetica non adeguata (studenti classi III scuola secondaria primo grado),02IST011P,provincia,Foggia,2019,45.0,%,Istat,"BES dei Territori (Bes at local level), DF_BES_TERRIT_0T, dominio BES_02"
Competenza alfabetica non adeguata (studenti classi III scuola secondaria primo grado),02IST011P,provincia,Foggia,2021,51.1,%,Istat,"BES dei Territori (Bes at local level), DF_BES_TERRIT_0T, dominio BES_02"
Competenza alfabetica non adeguata (studenti classi III scuola secondaria primo grado),02IST011P,provincia,Foggia,2022,48.4,%,Istat,"BES dei Territori (Bes at local level), DF_BES_TERRIT_0T, dominio BES_02"
Competenza alfabetica non adeguata (studenti classi III scuola secondaria primo grado),02IST011P,provincia,Foggia,2023,46.8,%,Istat,"BES dei Territori (Bes at local level), DF_BES_TERRIT_0T, dominio BES_02"
Competenza alfabetica non adeguata (studenti classi III scuola secondaria primo grado),02IST011P,provincia,Foggia,2024,47.3,%,Istat,"BES dei Territori (Bes at local level), DF_BES_TERRIT_0T, dominio BES_02"
Competenza alfabetica non adeguata (studenti classi III scuola secondaria primo grado),02IST011P,provincia,Forlì-Cesena,2018,28.7,%,Istat,"BES dei Territori (Bes at local level), DF_BES_TERRIT_0T, dominio BES_02"
Competenza alfabetica non adeguata (studenti classi III scuola secondaria primo grado),02IST011P,provincia,Forlì-Cesena,2019,30.7,%,Istat,"BES dei Territori (Bes at local level), DF_BES_TERRIT_0T, dominio BES_02"
Competenza alfabetica non adeguata (studenti classi III scuola secondaria primo grado),02IST011P,provincia,Forlì-Cesena,2021,33.4,%,Istat,"BES dei Territori (Bes at local level), DF_BES_TERRIT_0T, dominio BES_02"
Competenza alfabetica non adeguata (studenti classi III scuola secondaria primo grado),02IST011P,provincia,Forlì-Cesena,2022,34.2,%,Istat,"BES dei Territori (Bes at local level), DF_BES_TERRIT_0T, dominio BES_02"
Competenza alfabetica non adeguata (studenti classi III scuola secondaria primo grado),02IST011P,provincia,Forlì-Cesena,2023,36.4,%,Istat,"BES dei Territori (Bes at local level), DF_BES_TERRIT_0T, dominio BES_02"
Competenza alfabetica non adeguata (studenti classi III scuola secondaria primo grado),02IST011P,provincia,Forlì-Cesena,2024,37.7,%,Istat,"BES dei Territori (Bes at local level), DF_BES_TERRIT_0T, dominio BES_02"
Competenza alfabetica non adeguata (studenti classi III scuola secondaria primo grado),02IST011P,provincia,Frosinone,2018,37.6,%,Istat,"BES dei Territori (Bes at local level), DF_BES_TERRIT_0T, dominio BES_02"
Competenza alfabetica non adeguata (studenti classi III scuola secondaria primo grado),02IST011P,provincia,Frosinone,2019,36.8,%,Istat,"BES dei Territori (Bes at local level), DF_BES_TERRIT_0T, dominio BES_02"
Competenza alfabetica non adeguata (studenti classi III scuola secondaria primo grado),02IST011P,provincia,Frosinone,2021,41.4,%,Istat,"BES dei Territori (Bes at local level), DF_BES_TERRIT_0T, dominio BES_02"
Competenza alfabetica non adeguata (studenti classi III scuola secondaria primo grado),02IST011P,provincia,Frosinone,2022,41.0,%,Istat,"BES dei Territori (Bes at local level), DF_BES_TERRIT_0T, dominio BES_02"
Competenza alfabetica non adeguata (studenti classi III scuola secondaria primo grado),02IST011P,provincia,Frosinone,2023,40.0,%,Istat,"BES dei Territori (Bes at local level), DF_BES_TERRIT_0T, dominio BES_02"
Competenza alfabetica non adeguata (studenti classi III scuola secondaria primo grado),02IST011P,provincia,Frosinone,2024,38.9,%,Istat,"BES dei Territori (Bes at local level), DF_BES_TERRIT_0T, dominio BES_02"
Competenza alfabetica non adeguata (studenti classi III scuola secondaria primo grado),02IST011P,provincia,Genova,2018,31.3,%,Istat,"BES dei Territori (Bes at local level), DF_BES_TERRIT_0T, dominio BES_02"
Competenza alfabetica non adeguata (studenti classi III scuola secondaria primo grado),02IST011P,provincia,Genova,2019,30.6,%,Istat,"BES dei Territori (Bes at local level), DF_BES_TERRIT_0T, dominio BES_02"
Competenza alfabetica non adeguata (studenti classi III scuola secondaria primo grado),02IST011P,provincia,Genova,2021,35.8,%,Istat,"BES dei Territori (Bes at local level), DF_BES_TERRIT_0T, dominio BES_02"
Competenza alfabetica non adeguata (studenti classi III scuola secondaria primo grado),02IST011P,provincia,Genova,2022,37.6,%,Istat,"BES dei Territori (Bes at local level), DF_BES_TERRIT_0T, dominio BES_02"
Competenza alfabetica non adeguata (studenti classi III scuola secondaria primo grado),02IST011P,provincia,Genova,2023,39.3,%,Istat,"BES dei Territori (Bes at local level), DF_BES_TERRIT_0T, dominio BES_02"
Competenza alfabetica non adeguata (studenti classi III scuola secondaria primo grado),02IST011P,provincia,Genova,2024,40.8,%,Istat,"BES dei Territori (Bes at local level), DF_BES_TERRIT_0T, dominio BES_02"
Competenza alfabetica non adeguata (studenti classi III scuola secondaria primo grado),02IST011P,provincia,Gorizia,2018,30.4,%,Istat,"BES dei Territori (Bes at local level), DF_BES_TERRIT_0T, dominio BES_02"
Competenza alfabetica non adeguata (studenti classi III scuola secondaria primo grado),02IST011P,provincia,Gorizia,2019,32.2,%,Istat,"BES dei Territori (Bes at local level), DF_BES_TERRIT_0T, dominio BES_02"
Competenza alfabetica non adeguata (studenti classi III scuola secondaria primo grado),02IST011P,provincia,Gorizia,2021,39.2,%,Istat,"BES dei Territori (Bes at local level), DF_BES_TERRIT_0T, dominio BES_02"
Competenza alfabetica non adeguata (studenti classi III scuola secondaria primo grado),02IST011P,provincia,Gorizia,2022,37.2,%,Istat,"BES dei Territori (Bes at local level), DF_BES_TERRIT_0T, dominio BES_02"
Competenza alfabetica non adeguata (studenti classi III scuola secondaria primo grado),02IST011P,provincia,Gorizia,2023,40.8,%,Istat,"BES dei Territori (Bes at local level), DF_BES_TERRIT_0T, dominio BES_02"
Competenza alfabetica non adeguata (studenti classi III scuola secondaria primo grado),02IST011P,provincia,Gorizia,2024,43.3,%,Istat,"BES dei Territori (Bes at local level), DF_BES_TERRIT_0T, dominio BES_02"
Competenza alfabetica non adeguata (studenti classi III scuola secondaria primo grado),02IST011P,provincia,Grosseto,2018,31.8,%,Istat,"BES dei Territori (Bes at local level), DF_BES_TERRIT_0T, dominio BES_02"
Competenza alfabetica non adeguata (studenti classi III scuola secondaria primo grado),02IST011P,provincia,Grosseto,2019,32.4,%,Istat,"BES dei Territori (Bes at local level), DF_BES_TERRIT_0T, dominio BES_02"
Competenza alfabetica non adeguata (studenti classi III scuola secondaria primo grado),02IST011P,provincia,Grosseto,2021,37.6,%,Istat,"BES dei Territori (Bes at local level), DF_BES_TERRIT_0T, dominio BES_02"
Competenza alfabetica non adeguata (studenti classi III scuola secondaria primo grado),02IST011P,provincia,Grosseto,2022,37.3,%,Istat,"BES dei Territori (Bes at local level), DF_BES_TERRIT_0T, dominio BES_02"
Competenza alfabetica non adeguata (studenti classi III scuola secondaria primo grado),02IST011P,provincia,Grosseto,2023,37.4,%,Istat,"BES dei Territori (Bes at local level), DF_BES_TERRIT_0T, dominio BES_02"
Competenza alfabetica non adeguata (studenti classi III scuola secondaria primo grado),02IST011P,provincia,Grosseto,2024,40.3,%,Istat,"BES dei Territori (Bes at local level), DF_BES_TERRIT_0T, dominio BES_02"
Competenza alfabetica non adeguata (studenti classi III scuola secondaria primo grado),02IST011P,provincia,Imperia,2018,33.7,%,Istat,"BES dei Territori (Bes at local level), DF_BES_TERRIT_0T, dominio BES_02"
Competenza alfabetica non adeguata (studenti classi III scuola secondaria primo grado),02IST011P,provincia,Imperia,2019,34.3,%,Istat,"BES dei Territori (Bes at local level), DF_BES_TERRIT_0T, dominio BES_02"
Competenza alfabetica non adeguata (studenti classi III scuola secondaria primo grado),02IST011P,provincia,Imperia,2021,39.5,%,Istat,"BES dei Territori (Bes at local level), DF_BES_TERRIT_0T, dominio BES_02"
Competenza alfabetica non adeguata (studenti classi III scuola secondaria primo grado),02IST011P,provincia,Imperia,2022,41.4,%,Istat,"BES dei Territori (Bes at local level), DF_BES_TERRIT_0T, dominio BES_02"
Competenza alfabetica non adeguata (studenti classi III scuola secondaria primo grado),02IST011P,provincia,Imperia,2023,43.4,%,Istat,"BES dei Territori (Bes at local level), DF_BES_TERRIT_0T, dominio BES_02"
Competenza alfabetica non adeguata (studenti classi III scuola secondaria primo grado),02IST011P,provincia,Imperia,2024,45.4,%,Istat,"BES dei Territori (Bes at local level), DF_BES_TERRIT_0T, dominio BES_02"
Competenza alfabetica non adeguata (studenti classi III scuola secondaria primo grado),02IST011P,provincia,Isernia,2018,38.7,%,Istat,"BES dei Territori (Bes at local level), DF_BES_TERRIT_0T, dominio BES_02"
Competenza alfabetica non adeguata (studenti classi III scuola secondaria primo grado),02IST011P,provincia,Isernia,2019,34.6,%,Istat,"BES dei Territori (Bes at local level), DF_BES_TERRIT_0T, dominio BES_02"
Competenza alfabetica non adeguata (studenti classi III scuola secondaria primo grado),02IST011P,provincia,Isernia,2021,38.8,%,Istat,"BES dei Territori (Bes at local level), DF_BES_TERRIT_0T, dominio BES_02"
Competenza alfabetica non adeguata (studenti classi III scuola secondaria primo grado),02IST011P,provincia,Isernia,2022,42.8,%,Istat,"BES dei Territori (Bes at local level), DF_BES_TERRIT_0T, dominio BES_02"
Competenza alfabetica non adeguata (studenti classi III scuola secondaria primo grado),02IST011P,provincia,Isernia,2023,39.1,%,Istat,"BES dei Territori (Bes at local level), DF_BES_TERRIT_0T, dominio BES_02"
Competenza alfabetica non adeguata (studenti classi III scuola secondaria primo grado),02IST011P,provincia,Isernia,2024,39.4,%,Istat,"BES dei Territori (Bes at local level), DF_BES_TERRIT_0T, dominio BES_02"
Competenza alfabetica non adeguata (studenti classi III scuola secondaria primo grado),02IST011P,provincia,L'Aquila,2018,31.9,%,Istat,"BES dei Territori (Bes at local level), DF_BES_TERRIT_0T, dominio BES_02"
Competenza alfabetica non adeguata (studenti classi III scuola secondaria primo grado),02IST011P,provincia,L'Aquila,2019,33.1,%,Istat,"BES dei Territori (Bes at local level), DF_BES_TERRIT_0T, dominio BES_02"
Competenza alfabetica non adeguata (studenti classi III scuola secondaria primo grado),02IST011P,provincia,L'Aquila,2021,37.1,%,Istat,"BES dei Territori (Bes at local level), DF_BES_TERRIT_0T, dominio BES_02"
Competenza alfabetica non adeguata (studenti classi III scuola secondaria primo grado),02IST011P,provincia,L'Aquila,2022,37.2,%,Istat,"BES dei Territori (Bes at local level), DF_BES_TERRIT_0T, dominio BES_02"
Competenza alfabetica non adeguata (studenti classi III scuola secondaria primo grado),02IST011P,provincia,L'Aquila,2023,36.4,%,Istat,"BES dei Territori (Bes at local level), DF_BES_TERRIT_0T, dominio BES_02"
Competenza alfabetica non adeguata (studenti classi III scuola secondaria primo grado),02IST011P,provincia,L'Aquila,2024,35.0,%,Istat,"BES dei Territori (Bes at local level), DF_BES_TERRIT_0T, dominio BES_02"
Competenza alfabetica non adeguata (studenti classi III scuola secondaria primo grado),02IST011P,provincia,La Spezia,2018,31.8,%,Istat,"BES dei Territori (Bes at local level), DF_BES_TERRIT_0T, dominio BES_02"
Competenza alfabetica non adeguata (studenti classi III scuola secondaria primo grado),02IST011P,provincia,La Spezia,2019,33.5,%,Istat,"BES dei Territori (Bes at local level), DF_BES_TERRIT_0T, dominio BES_02"
Competenza alfabetica non adeguata (studenti classi III scuola secondaria primo grado),02IST011P,provincia,La Spezia,2021,39.9,%,Istat,"BES dei Territori (Bes at local level), DF_BES_TERRIT_0T, dominio BES_02"
Competenza alfabetica non adeguata (studenti classi III scuola secondaria primo grado),02IST011P,provincia,La Spezia,2022,38.3,%,Istat,"BES dei Territori (Bes at local level), DF_BES_TERRIT_0T, dominio BES_02"
Competenza alfabetica non adeguata (studenti classi III scuola secondaria primo grado),02IST011P,provincia,La Spezia,2023,39.6,%,Istat,"BES dei Territori (Bes at local level), DF_BES_TERRIT_0T, dominio BES_02"
Competenza alfabetica non adeguata (studenti classi III scuola secondaria primo grado),02IST011P,provincia,La Spezia,2024,39.3,%,Istat,"BES dei Territori (Bes at local level), DF_BES_TERRIT_0T, dominio BES_02"
Competenza alfabetica non adeguata (studenti classi III scuola secondaria primo grado),02IST011P,provincia,Latina,2018,37.3,%,Istat,"BES dei Territori (Bes at local level), DF_BES_TERRIT_0T, dominio BES_02"
Competenza alfabetica non adeguata (studenti classi III scuola secondaria primo grado),02IST011P,provincia,Latina,2019,36.3,%,Istat,"BES dei Territori (Bes at local level), DF_BES_TERRIT_0T, dominio BES_02"
Competenza alfabetica non adeguata (studenti classi III scuola secondaria primo grado),02IST011P,provincia,Latina,2021,40.8,%,Istat,"BES dei Territori (Bes at local level), DF_BES_TERRIT_0T, dominio BES_02"
Competenza alfabetica non adeguata (studenti classi III scuola secondaria primo grado),02IST011P,provincia,Latina,2022,41.9,%,Istat,"BES dei Territori (Bes at local level), DF_BES_TERRIT_0T, dominio BES_02"
Competenza alfabetica non adeguata (studenti classi III scuola secondaria primo grado),02IST011P,provincia,Latina,2023,42.7,%,Istat,"BES dei Territori (Bes at local level), DF_BES_TERRIT_0T, dominio BES_02"
Competenza alfabetica non adeguata (studenti classi III scuola secondaria primo grado),02IST011P,provincia,Latina,2024,43.3,%,Istat,"BES dei Territori (Bes at local level), DF_BES_TERRIT_0T, dominio BES_02"
Competenza alfabetica non adeguata (studenti classi III scuola secondaria primo grado),02IST011P,provincia,Lecce,2018,32.8,%,Istat,"BES dei Territori (Bes at local level), DF_BES_TERRIT_0T, dominio BES_02"
Competenza alfabetica non adeguata (studenti classi III scuola secondaria primo grado),02IST011P,provincia,Lecce,2019,33.8,%,Istat,"BES dei Territori (Bes at local level), DF_BES_TERRIT_0T, dominio BES_02"
Competenza alfabetica non adeguata (studenti classi III scuola secondaria primo grado),02IST011P,provincia,Lecce,2021,37.1,%,Istat,"BES dei Territori (Bes at local level), DF_BES_TERRIT_0T, dominio BES_02"
Competenza alfabetica non adeguata (studenti classi III scuola secondaria primo grado),02IST011P,provincia,Lecce,2022,37.7,%,Istat,"BES dei Territori (Bes at local level), DF_BES_TERRIT_0T, dominio BES_02"
Competenza alfabetica non adeguata (studenti classi III scuola secondaria primo grado),02IST011P,provincia,Lecce,2023,36.2,%,Istat,"BES dei Territori (Bes at local level), DF_BES_TERRIT_0T, dominio BES_02"
Competenza alfabetica non adeguata (studenti classi III scuola secondaria primo grado),02IST011P,provincia,Lecce,2024,35.4,%,Istat,"BES dei Territori (Bes at local level), DF_BES_TERRIT_0T, dominio BES_02"
Competenza alfabetica non adeguata (studenti classi III scuola secondaria primo grado),02IST011P,provincia,Lecco,2018,23.5,%,Istat,"BES dei Territori (Bes at local level), DF_BES_TERRIT_0T, dominio BES_02"
Competenza alfabetica non adeguata (studenti classi III scuola secondaria primo grado),02IST011P,provincia,Lecco,2019,25.1,%,Istat,"BES dei Territori (Bes at local level), DF_BES_TERRIT_0T, dominio BES_02"
Competenza alfabetica non adeguata (studenti classi III scuola secondaria primo grado),02IST011P,provincia,Lecco,2021,28.0,%,Istat,"BES dei Territori (Bes at local level), DF_BES_TERRIT_0T, dominio BES_02"
Competenza alfabetica non adeguata (studenti classi III scuola secondaria primo grado),02IST011P,provincia,Lecco,2022,29.0,%,Istat,"BES dei Territori (Bes at local level), DF_BES_TERRIT_0T, dominio BES_02"
Competenza alfabetica non adeguata (studenti classi III scuola secondaria primo grado),02IST011P,provincia,Lecco,2023,27.2,%,Istat,"BES dei Territori (Bes at local level), DF_BES_TERRIT_0T, dominio BES_02"
Competenza alfabetica non adeguata (studenti classi III scuola secondaria primo grado),02IST011P,provincia,Lecco,2024,29.5,%,Istat,"BES dei Territori (Bes at local level), DF_BES_TERRIT_0T, dominio BES_02"
Competenza alfabetica non adeguata (studenti classi III scuola secondaria primo grado),02IST011P,provincia,Livorno,2018,32.3,%,Istat,"BES dei Territori (Bes at local level), DF_BES_TERRIT_0T, dominio BES_02"
Competenza alfabetica non adeguata (studenti classi III scuola secondaria primo grado),02IST011P,provincia,Livorno,2019,32.5,%,Istat,"BES dei Territori (Bes at local level), DF_BES_TERRIT_0T, dominio BES_02"
Competenza alfabetica non adeguata (studenti classi III scuola secondaria primo grado),02IST011P,provincia,Livorno,2021,35.7,%,Istat,"BES dei Territori (Bes at local level), DF_BES_TERRIT_0T, dominio BES_02"
Competenza alfabetica non adeguata (studenti classi III scuola secondaria primo grado),02IST011P,provincia,Livorno,2022,37.9,%,Istat,"BES dei Territori (Bes at local level), DF_BES_TERRIT_0T, dominio BES_02"
Competenza alfabetica non adeguata (studenti classi III scuola secondaria primo grado),02IST011P,provincia,Livorno,2023,40.5,%,Istat,"BES dei Territori (Bes at local level), DF_BES_TERRIT_0T, dominio BES_02"
Competenza alfabetica non adeguata (studenti classi III scuola secondaria primo grado),02IST011P,provincia,Livorno,2024,41.8,%,Istat,"BES dei Territori (Bes at local level), DF_BES_TERRIT_0T, dominio BES_02"
Competenza alfabetica non adeguata (studenti classi III scuola secondaria primo grado),02IST011P,provincia,Lodi,2018,31.4,%,Istat,"BES dei Territori (Bes at local level), DF_BES_TERRIT_0T, dominio BES_02"
Competenza alfabetica non adeguata (studenti classi III scuola secondaria primo grado),02IST011P,provincia,Lodi,2019,32.5,%,Istat,"BES dei Territori (Bes at local level), DF_BES_TERRIT_0T, dominio BES_02"
Competenza alfabetica non adeguata (studenti classi III scuola secondaria primo grado),02IST011P,provincia,Lodi,2021,36.9,%,Istat,"BES dei Territori (Bes at local level), DF_BES_TERRIT_0T, dominio BES_02"
Competenza alfabetica non adeguata (studenti classi III scuola secondaria primo grado),02IST011P,provincia,Lodi,2022,35.8,%,Istat,"BES dei Territori (Bes at local level), DF_BES_TERRIT_0T, dominio BES_02"
Competenza alfabetica non adeguata (studenti classi III scuola secondaria primo grado),02IST011P,provincia,Lodi,2023,34.3,%,Istat,"BES dei Territori (Bes at local level), DF_BES_TERRIT_0T, dominio BES_02"
Competenza alfabetica non adeguata (studenti classi III scuola secondaria primo grado),02IST011P,provincia,Lodi,2024,36.6,%,Istat,"BES dei Territori (Bes at local level), DF_BES_TERRIT_0T, dominio BES_02"
Competenza alfabetica non adeguata (studenti classi III scuola secondaria primo grado),02IST011P,provincia,Lucca,2018,30.9,%,Istat,"BES dei Territori (Bes at local level), DF_BES_TERRIT_0T, dominio BES_02"
Competenza alfabetica non adeguata (studenti classi III scuola secondaria primo grado),02IST011P,provincia,Lucca,2019,31.7,%,Istat,"BES dei Territori (Bes at local level), DF_BES_TERRIT_0T, dominio BES_02"
Competenza alfabetica non adeguata (studenti classi III scuola secondaria primo grado),02IST011P,provincia,Lucca,2021,36.6,%,Istat,"BES dei Territori (Bes at local level), DF_BES_TERRIT_0T, dominio BES_02"
Competenza alfabetica non adeguata (studenti classi III scuola secondaria primo grado),02IST011P,provincia,Lucca,2022,38.5,%,Istat,"BES dei Territori (Bes at local level), DF_BES_TERRIT_0T, dominio BES_02"
Competenza alfabetica non adeguata (studenti classi III scuola secondaria primo grado),02IST011P,provincia,Lucca,2023,36.8,%,Istat,"BES dei Territori (Bes at local level), DF_BES_TERRIT_0T, dominio BES_02"
Competenza alfabetica non adeguata (studenti classi III scuola secondaria primo grado),02IST011P,provincia,Lucca,2024,39.0,%,Istat,"BES dei Territori (Bes at local level), DF_BES_TERRIT_0T, dominio BES_02"
Competenza alfabetica non adeguata (studenti classi III scuola secondaria primo grado),02IST011P,provincia,Macerata,2018,26.9,%,Istat,"BES dei Territori (Bes at local level), DF_BES_TERRIT_0T, dominio BES_02"
Competenza alfabetica non adeguata (studenti classi III scuola secondaria primo grado),02IST011P,provincia,Macerata,2019,28.8,%,Istat,"BES dei Territori (Bes at local level), DF_BES_TERRIT_0T, dominio BES_02"
Competenza alfabetica non adeguata (studenti classi III scuola secondaria primo grado),02IST011P,provincia,Macerata,2021,31.2,%,Istat,"BES dei Territori (Bes at local level), DF_BES_TERRIT_0T, dominio BES_02"
Competenza alfabetica non adeguata (studenti classi III scuola secondaria primo grado),02IST011P,provincia,Macerata,2022,31.3,%,Istat,"BES dei Territori (Bes at local level), DF_BES_TERRIT_0T, dominio BES_02"
Competenza alfabetica non adeguata (studenti classi III scuola secondaria primo grado),02IST011P,provincia,Macerata,2023,29.1,%,Istat,"BES dei Territori (Bes at local level), DF_BES_TERRIT_0T, dominio BES_02"
Competenza alfabetica non adeguata (studenti classi III scuola secondaria primo grado),02IST011P,provincia,Macerata,2024,31.6,%,Istat,"BES dei Territori (Bes at local level), DF_BES_TERRIT_0T, dominio BES_02"
Competenza alfabetica non adeguata (studenti classi III scuola secondaria primo grado),02IST011P,provincia,Mantova,2018,31.0,%,Istat,"BES dei Territori (Bes at local level), DF_BES_TERRIT_0T, dominio BES_02"
Competenza alfabetica non adeguata (studenti classi III scuola secondaria primo grado),02IST011P,provincia,Mantova,2019,33.3,%,Istat,"BES dei Territori (Bes at local level), DF_BES_TERRIT_0T, dominio BES_02"
Competenza alfabetica non adeguata (studenti classi III scuola secondaria primo grado),02IST011P,provincia,Mantova,2021,38.2,%,Istat,"BES dei Territori (Bes at local level), DF_BES_TERRIT_0T, dominio BES_02"
Competenza alfabetica non adeguata (studenti classi III scuola secondaria primo grado),02IST011P,provincia,Mantova,2022,35.9,%,Istat,"BES dei Territori (Bes at local level), DF_BES_TERRIT_0T, dominio BES_02"
Competenza alfabetica non adeguata (studenti classi III scuola secondaria primo grado),02IST011P,provincia,Mantova,2023,36.4,%,Istat,"BES dei Territori (Bes at local level), DF_BES_TERRIT_0T, dominio BES_02"
Competenza alfabetica non adeguata (studenti classi III scuola secondaria primo grado),02IST011P,provincia,Mantova,2024,37.6,%,Istat,"BES dei Territori (Bes at local level), DF_BES_TERRIT_0T, dominio BES_02"
Competenza alfabetica non adeguata (studenti classi III scuola secondaria primo grado),02IST011P,provincia,Massa-Carrara,2018,32.6,%,Istat,"BES dei Territori (Bes at local level), DF_BES_TERRIT_0T, dominio BES_02"
Competenza alfabetica non adeguata (studenti classi III scuola secondaria primo grado),02IST011P,provincia,Massa-Carrara,2019,33.4,%,Istat,"BES dei Territori (Bes at local level), DF_BES_TERRIT_0T, dominio BES_02"
Competenza alfabetica non adeguata (studenti classi III scuola secondaria primo grado),02IST011P,provincia,Massa-Carrara,2021,34.5,%,Istat,"BES dei Territori (Bes at local level), DF_BES_TERRIT_0T, dominio BES_02"
Competenza alfabetica non adeguata (studenti classi III scuola secondaria primo grado),02IST011P,provincia,Massa-Carrara,2022,35.9,%,Istat,"BES dei Territori (Bes at local level), DF_BES_TERRIT_0T, dominio BES_02"
Competenza alfabetica non adeguata (studenti classi III scuola secondaria primo grado),02IST011P,provincia,Massa-Carrara,2023,37.2,%,Istat,"BES dei Territori (Bes at local level), DF_BES_TERRIT_0T, dominio BES_02"
Competenza alfabetica non adeguata (studenti classi III scuola secondaria primo grado),02IST011P,provincia,Massa-Carrara,2024,40.0,%,Istat,"BES dei Territori (Bes at local level), DF_BES_TERRIT_0T, dominio BES_02"
Competenza alfabetica non adeguata (studenti classi III scuola secondaria primo grado),02IST011P,provincia,Matera,2018,40.8,%,Istat,"BES dei Territori (Bes at local level), DF_BES_TERRIT_0T, dominio BES_02"
Competenza alfabetica non adeguata (studenti classi III scuola secondaria primo grado),02IST011P,provincia,Matera,2019,39.8,%,Istat,"BES dei Territori (Bes at local level), DF_BES_TERRIT_0T, dominio BES_02"
Competenza alfabetica non adeguata (studenti classi III scuola secondaria primo grado),02IST011P,provincia,Matera,2021,42.3,%,Istat,"BES dei Territori (Bes at local level), DF_BES_TERRIT_0T, dominio BES_02"
Competenza alfabetica non adeguata (studenti classi III scuola secondaria primo grado),02IST011P,provincia,Matera,2022,42.4,%,Istat,"BES dei Territori (Bes at local level), DF_BES_TERRIT_0T, dominio BES_02"
Competenza alfabetica non adeguata (studenti classi III scuola secondaria primo grado),02IST011P,provincia,Matera,2023,42.3,%,Istat,"BES dei Territori (Bes at local level), DF_BES_TERRIT_0T, dominio BES_02"
Competenza alfabetica non adeguata (studenti classi III scuola secondaria primo grado),02IST011P,provincia,Matera,2024,42.9,%,Istat,"BES dei Territori (Bes at local level), DF_BES_TERRIT_0T, dominio BES_02"
Competenza alfabetica non adeguata (studenti classi III scuola secondaria primo grado),02IST011P,provincia,Messina,2018,41.8,%,Istat,"BES dei Territori (Bes at local level), DF_BES_TERRIT_0T, dominio BES_02"
Competenza alfabetica non adeguata (studenti classi III scuola secondaria primo grado),02IST011P,provincia,Messina,2019,39.0,%,Istat,"BES dei Territori (Bes at local level), DF_BES_TERRIT_0T, dominio BES_02"
Competenza alfabetica non adeguata (studenti classi III scuola secondaria primo grado),02IST011P,provincia,Messina,2021,46.5,%,Istat,"BES dei Territori (Bes at local level), DF_BES_TERRIT_0T, dominio BES_02"
Competenza alfabetica non adeguata (studenti classi III scuola secondaria primo grado),02IST011P,provincia,Messina,2022,44.6,%,Istat,"BES dei Territori (Bes at local level), DF_BES_TERRIT_0T, dominio BES_02"
Competenza alfabetica non adeguata (studenti classi III scuola secondaria primo grado),02IST011P,provincia,Messina,2023,42.7,%,Istat,"BES dei Territori (Bes at local level), DF_BES_TERRIT_0T, dominio BES_02"
Competenza alfabetica non adeguata (studenti classi III scuola secondaria primo grado),02IST011P,provincia,Messina,2024,45.9,%,Istat,"BES dei Territori (Bes at local level), DF_BES_TERRIT_0T, dominio BES_02"
Competenza alfabetica non adeguata (studenti classi III scuola secondaria primo grado),02IST011P,provincia,Milano,2018,27.5,%,Istat,"BES dei Territori (Bes at local level), DF_BES_TERRIT_0T, dominio BES_02"
Competenza alfabetica non adeguata (studenti classi III scuola secondaria primo grado),02IST011P,provincia,Milano,2019,29.5,%,Istat,"BES dei Territori (Bes at local level), DF_BES_TERRIT_0T, dominio BES_02"
Competenza alfabetica non adeguata (studenti classi III scuola secondaria primo grado),02IST011P,provincia,Milano,2021,34.0,%,Istat,"BES dei Territori (Bes at local level), DF_BES_TERRIT_0T, dominio BES_02"
Competenza alfabetica non adeguata (studenti classi III scuola secondaria primo grado),02IST011P,provincia,Milano,2022,32.9,%,Istat,"BES dei Territori (Bes at local level), DF_BES_TERRIT_0T, dominio BES_02"
Competenza alfabetica non adeguata (studenti classi III scuola secondaria primo grado),02IST011P,provincia,Milano,2023,33.5,%,Istat,"BES dei Territori (Bes at local level), DF_BES_TERRIT_0T, dominio BES_02"
Competenza alfabetica non adeguata (studenti classi III scuola secondaria primo grado),02IST011P,provincia,Milano,2024,34.4,%,Istat,"BES dei Territori (Bes at local level), DF_BES_TERRIT_0T, dominio BES_02"
Competenza alfabetica non adeguata (studenti classi III scuola secondaria primo grado),02IST011P,provincia,Modena,2018,32.6,%,Istat,"BES dei Territori (Bes at local level), DF_BES_TERRIT_0T, dominio BES_02"
Competenza alfabetica non adeguata (studenti classi III scuola secondaria primo grado),02IST011P,provincia,Modena,2019,33.4,%,Istat,"BES dei Territori (Bes at local level), DF_BES_TERRIT_0T, dominio BES_02"
Competenza alfabetica non adeguata (studenti classi III scuola secondaria primo grado),02IST011P,provincia,Modena,2021,36.3,%,Istat,"BES dei Territori (Bes at local level), DF_BES_TERRIT_0T, dominio BES_02"
Competenza alfabetica non adeguata (studenti classi III scuola secondaria primo grado),02IST011P,provincia,Modena,2022,36.6,%,Istat,"BES dei Territori (Bes at local level), DF_BES_TERRIT_0T, dominio BES_02"
Competenza alfabetica non adeguata (studenti classi III scuola secondaria primo grado),02IST011P,provincia,Modena,2023,38.8,%,Istat,"BES dei Territori (Bes at local level), DF_BES_TERRIT_0T, dominio BES_02"
Competenza alfabetica non adeguata (studenti classi III scuola secondaria primo grado),02IST011P,provincia,Modena,2024,38.8,%,Istat,"BES dei Territori (Bes at local level), DF_BES_TERRIT_0T, dominio BES_02"
Competenza alfabetica non adeguata (studenti classi III scuola secondaria primo grado),02IST011P,provincia,Napoli,2018,47.6,%,Istat,"BES dei Territori (Bes at local level), DF_BES_TERRIT_0T, dominio BES_02"
Competenza alfabetica non adeguata (studenti classi III scuola secondaria primo grado),02IST011P,provincia,Napoli,2019,47.4,%,Istat,"BES dei Territori (Bes at local level), DF_BES_TERRIT_0T, dominio BES_02"
Competenza alfabetica non adeguata (studenti classi III scuola secondaria primo grado),02IST011P,provincia,Napoli,2021,51.6,%,Istat,"BES dei Territori (Bes at local level), DF_BES_TERRIT_0T, dominio BES_02"
Competenza alfabetica non adeguata (studenti classi III scuola secondaria primo grado),02IST011P,provincia,Napoli,2022,51.2,%,Istat,"BES dei Territori (Bes at local level), DF_BES_TERRIT_0T, dominio BES_02"
Competenza alfabetica non adeguata (studenti classi III scuola secondaria primo grado),02IST011P,provincia,Napoli,2023,49.1,%,Istat,"BES dei Territori (Bes at local level), DF_BES_TERRIT_0T, dominio BES_02"
Competenza alfabetica non adeguata (studenti classi III scuola secondaria primo grado),02IST011P,provincia,Napoli,2024,50.0,%,Istat,"BES dei Territori (Bes at local level), DF_BES_TERRIT_0T, dominio BES_02"
Competenza alfabetica non adeguata (studenti classi III scuola secondaria primo grado),02IST011P,provincia,Novara,2018,32.3,%,Istat,"BES dei Territori (Bes at local level), DF_BES_TERRIT_0T, dominio BES_02"
Competenza alfabetica non adeguata (studenti classi III scuola secondaria primo grado),02IST011P,provincia,Novara,2019,32.8,%,Istat,"BES dei Territori (Bes at local level), DF_BES_TERRIT_0T, dominio BES_02"
Competenza alfabetica non adeguata (studenti classi III scuola secondaria primo grado),02IST011P,provincia,Novara,2021,38.8,%,Istat,"BES dei Territori (Bes at local level), DF_BES_TERRIT_0T, dominio BES_02"
Competenza alfabetica non adeguata (studenti classi III scuola secondaria primo grado),02IST011P,provincia,Novara,2022,38.7,%,Istat,"BES dei Territori (Bes at local level), DF_BES_TERRIT_0T, dominio BES_02"
Competenza alfabetica non adeguata (studenti classi III scuola secondaria primo grado),02IST011P,provincia,Novara,2023,37.9,%,Istat,"BES dei Territori (Bes at local level), DF_BES_TERRIT_0T, dominio BES_02"
Competenza alfabetica non adeguata (studenti classi III scuola secondaria primo grado),02IST011P,provincia,Novara,2024,39.9,%,Istat,"BES dei Territori (Bes at local level), DF_BES_TERRIT_0T, dominio BES_02"
Competenza alfabetica non adeguata (studenti classi III scuola secondaria primo grado),02IST011P,provincia,Nuoro,2018,40.1,%,Istat,"BES dei Territori (Bes at local level), DF_BES_TERRIT_0T, dominio BES_02"
Competenza alfabetica non adeguata (studenti classi III scuola secondaria primo grado),02IST011P,provincia,Nuoro,2019,39.7,%,Istat,"BES dei Territori (Bes at local level), DF_BES_TERRIT_0T, dominio BES_02"
Competenza alfabetica non adeguata (studenti classi III scuola secondaria primo grado),02IST011P,provincia,Nuoro,2021,47.0,%,Istat,"BES dei Territori (Bes at local level), DF_BES_TERRIT_0T, dominio BES_02"
Competenza alfabetica non adeguata (studenti classi III scuola secondaria primo grado),02IST011P,provincia,Nuoro,2022,45.0,%,Istat,"BES dei Territori (Bes at local level), DF_BES_TERRIT_0T, dominio BES_02"
Competenza alfabetica non adeguata (studenti classi III scuola secondaria primo grado),02IST011P,provincia,Nuoro,2023,46.5,%,Istat,"BES dei Territori (Bes at local level), DF_BES_TERRIT_0T, dominio BES_02"
Competenza alfabetica non adeguata (studenti classi III scuola secondaria primo grado),02IST011P,provincia,Nuoro,2024,51.0,%,Istat,"BES dei Territori (Bes at local level), DF_BES_TERRIT_0T, dominio BES_02"
Competenza alfabetica non adeguata (studenti classi III scuola secondaria primo grado),02IST011P,provincia,Oristano,2018,37.2,%,Istat,"BES dei Territori (Bes at local level), DF_BES_TERRIT_0T, dominio BES_02"
Competenza alfabetica non adeguata (studenti classi III scuola secondaria primo grado),02IST011P,provincia,Oristano,2019,37.6,%,Istat,"BES dei Territori (Bes at local level), DF_BES_TERRIT_0T, dominio BES_02"
Competenza alfabetica non adeguata (studenti classi III scuola secondaria primo grado),02IST011P,provincia,Oristano,2021,47.4,%,Istat,"BES dei Territori (Bes at local level), DF_BES_TERRIT_0T, dominio BES_02"
Competenza alfabetica non adeguata (studenti classi III scuola secondaria primo grado),02IST011P,provincia,Oristano,2022,47.0,%,Istat,"BES dei Territori (Bes at local level), DF_BES_TERRIT_0T, dominio BES_02"
Competenza alfabetica non adeguata (studenti classi III scuola secondaria primo grado),02IST011P,provincia,Oristano,2023,46.7,%,Istat,"BES dei Territori (Bes at local level), DF_BES_TERRIT_0T, dominio BES_02"
Competenza alfabetica non adeguata (studenti classi III scuola secondaria primo grado),02IST011P,provincia,Oristano,2024,47.0,%,Istat,"BES dei Territori (Bes at local level), DF_BES_TERRIT_0T, dominio BES_02"
Competenza alfabetica non adeguata (studenti classi III scuola secondaria primo grado),02IST011P,provincia,Padova,2018,27.4,%,Istat,"BES dei Territori (Bes at local level), DF_BES_TERRIT_0T, dominio BES_02"
Competenza alfabetica non adeguata (studenti classi III scuola secondaria primo grado),02IST011P,provincia,Padova,2019,28.6,%,Istat,"BES dei Territori (Bes at local level), DF_BES_TERRIT_0T, dominio BES_02"
Competenza alfabetica non adeguata (studenti classi III scuola secondaria primo grado),02IST011P,provincia,Padova,2021,30.7,%,Istat,"BES dei Territori (Bes at local level), DF_BES_TERRIT_0T, dominio BES_02"
Competenza alfabetica non adeguata (studenti classi III scuola secondaria primo grado),02IST011P,provincia,Padova,2022,31.7,%,Istat,"BES dei Territori (Bes at local level), DF_BES_TERRIT_0T, dominio BES_02"
Competenza alfabetica non adeguata (studenti classi III scuola secondaria primo grado),02IST011P,provincia,Padova,2023,31.6,%,Istat,"BES dei Territori (Bes at local level), DF_BES_TERRIT_0T, dominio BES_02"
Competenza alfabetica non adeguata (studenti classi III scuola secondaria primo grado),02IST011P,provincia,Padova,2024,33.4,%,Istat,"BES dei Territori (Bes at local level), DF_BES_TERRIT_0T, dominio BES_02"
Competenza alfabetica non adeguata (studenti classi III scuola secondaria primo grado),02IST011P,provincia,Palermo,2018,50.9,%,Istat,"BES dei Territori (Bes at local level), DF_BES_TERRIT_0T, dominio BES_02"
Competenza alfabetica non adeguata (studenti classi III scuola secondaria primo grado),02IST011P,provincia,Palermo,2019,51.0,%,Istat,"BES dei Territori (Bes at local level), DF_BES_TERRIT_0T, dominio BES_02"
Competenza alfabetica non adeguata (studenti classi III scuola secondaria primo grado),02IST011P,provincia,Palermo,2021,53.7,%,Istat,"BES dei Territori (Bes at local level), DF_BES_TERRIT_0T, dominio BES_02"
Competenza alfabetica non adeguata (studenti classi III scuola secondaria primo grado),02IST011P,provincia,Palermo,2022,54.2,%,Istat,"BES dei Territori (Bes at local level), DF_BES_TERRIT_0T, dominio BES_02"
Competenza alfabetica non adeguata (studenti classi III scuola secondaria primo grado),02IST011P,provincia,Palermo,2023,51.9,%,Istat,"BES dei Territori (Bes at local level), DF_BES_TERRIT_0T, dominio BES_02"
Competenza alfabetica non adeguata (studenti classi III scuola secondaria primo grado),02IST011P,provincia,Palermo,2024,54.9,%,Istat,"BES dei Territori (Bes at local level), DF_BES_TERRIT_0T, dominio BES_02"
Competenza alfabetica non adeguata (studenti classi III scuola secondaria primo grado),02IST011P,provincia,Parma,2018,31.5,%,Istat,"BES dei Territori (Bes at local level), DF_BES_TERRIT_0T, dominio BES_02"
Competenza alfabetica non adeguata (studenti classi III scuola secondaria primo grado),02IST011P,provincia,Parma,2019,31.7,%,Istat,"BES dei Territori (Bes at local level), DF_BES_TERRIT_0T, dominio BES_02"
Competenza alfabetica non adeguata (studenti classi III scuola secondaria primo grado),02IST011P,provincia,Parma,2021,35.3,%,Istat,"BES dei Territori (Bes at local level), DF_BES_TERRIT_0T, dominio BES_02"
Competenza alfabetica non adeguata (studenti classi III scuola secondaria primo grado),02IST011P,provincia,Parma,2022,36.6,%,Istat,"BES dei Territori (Bes at local level), DF_BES_TERRIT_0T, dominio BES_02"
Competenza alfabetica non adeguata (studenti classi III scuola secondaria primo grado),02IST011P,provincia,Parma,2023,36.7,%,Istat,"BES dei Territori (Bes at local level), DF_BES_TERRIT_0T, dominio BES_02"
Competenza alfabetica non adeguata (studenti classi III scuola secondaria primo grado),02IST011P,provincia,Parma,2024,39.1,%,Istat,"BES dei Territori (Bes at local level), DF_BES_TERRIT_0T, dominio BES_02"
Competenza alfabetica non adeguata (studenti classi III scuola secondaria primo grado),02IST011P,provincia,Pavia,2018,30.7,%,Istat,"BES dei Territori (Bes at local level), DF_BES_TERRIT_0T, dominio BES_02"
Competenza alfabetica non adeguata (studenti classi III scuola secondaria primo grado),02IST011P,provincia,Pavia,2019,33.9,%,Istat,"BES dei Territori (Bes at local level), DF_BES_TERRIT_0T, dominio BES_02"
Competenza alfabetica non adeguata (studenti classi III scuola secondaria primo grado),02IST011P,provincia,Pavia,2021,36.5,%,Istat,"BES dei Territori (Bes at local level), DF_BES_TERRIT_0T, dominio BES_02"
Competenza alfabetica non adeguata (studenti classi III scuola secondaria primo grado),02IST011P,provincia,Pavia,2022,35.6,%,Istat,"BES dei Territori (Bes at local level), DF_BES_TERRIT_0T, dominio BES_02"
Competenza alfabetica non adeguata (studenti classi III scuola secondaria primo grado),02IST011P,provincia,Pavia,2023,35.7,%,Istat,"BES dei Territori (Bes at local level), DF_BES_TERRIT_0T, dominio BES_02"
Competenza alfabetica non adeguata (studenti classi III scuola secondaria primo grado),02IST011P,provincia,Pavia,2024,38.4,%,Istat,"BES dei Territori (Bes at local level), DF_BES_TERRIT_0T, dominio BES_02"
Competenza alfabetica non adeguata (studenti classi III scuola secondaria primo grado),02IST011P,provincia,Perugia,2018,28.6,%,Istat,"BES dei Territori (Bes at local level), DF_BES_TERRIT_0T, dominio BES_02"
Competenza alfabetica non adeguata (studenti classi III scuola secondaria primo grado),02IST011P,provincia,Perugia,2019,29.0,%,Istat,"BES dei Territori (Bes at local level), DF_BES_TERRIT_0T, dominio BES_02"
Competenza alfabetica non adeguata (studenti classi III scuola secondaria primo grado),02IST011P,provincia,Perugia,2021,32.8,%,Istat,"BES dei Territori (Bes at local level), DF_BES_TERRIT_0T, dominio BES_02"
Competenza alfabetica non adeguata (studenti classi III scuola secondaria primo grado),02IST011P,provincia,Perugia,2022,29.8,%,Istat,"BES dei Territori (Bes at local level), DF_BES_TERRIT_0T, dominio BES_02"
Competenza alfabetica non adeguata (studenti classi III scuola secondaria primo grado),02IST011P,provincia,Perugia,2023,29.8,%,Istat,"BES dei Territori (Bes at local level), DF_BES_TERRIT_0T, dominio BES_02"
Competenza alfabetica non adeguata (studenti classi III scuola secondaria primo grado),02IST011P,provincia,Perugia,2024,32.6,%,Istat,"BES dei Territori (Bes at local level), DF_BES_TERRIT_0T, dominio BES_02"
Competenza alfabetica non adeguata (studenti classi III scuola secondaria primo grado),02IST011P,provincia,Pesaro e Urbino,2018,29.0,%,Istat,"BES dei Territori (Bes at local level), DF_BES_TERRIT_0T, dominio BES_02"
Competenza alfabetica non adeguata (studenti classi III scuola secondaria primo grado),02IST011P,provincia,Pesaro e Urbino,2019,30.0,%,Istat,"BES dei Territori (Bes at local level), DF_BES_TERRIT_0T, dominio BES_02"
Competenza alfabetica non adeguata (studenti classi III scuola secondaria primo grado),02IST011P,provincia,Pesaro e Urbino,2021,31.4,%,Istat,"BES dei Territori (Bes at local level), DF_BES_TERRIT_0T, dominio BES_02"
Competenza alfabetica non adeguata (studenti classi III scuola secondaria primo grado),02IST011P,provincia,Pesaro e Urbino,2022,32.9,%,Istat,"BES dei Territori (Bes at local level), DF_BES_TERRIT_0T, dominio BES_02"
Competenza alfabetica non adeguata (studenti classi III scuola secondaria primo grado),02IST011P,provincia,Pesaro e Urbino,2023,32.7,%,Istat,"BES dei Territori (Bes at local level), DF_BES_TERRIT_0T, dominio BES_02"
Competenza alfabetica non adeguata (studenti classi III scuola secondaria primo grado),02IST011P,provincia,Pesaro e Urbino,2024,32.8,%,Istat,"BES dei Territori (Bes at local level), DF_BES_TERRIT_0T, dominio BES_02"
Competenza alfabetica non adeguata (studenti classi III scuola secondaria primo grado),02IST011P,provincia,Pescara,2018,28.4,%,Istat,"BES dei Territori (Bes at local level), DF_BES_TERRIT_0T, dominio BES_02"
Competenza alfabetica non adeguata (studenti classi III scuola secondaria primo grado),02IST011P,provincia,Pescara,2019,29.4,%,Istat,"BES dei Territori (Bes at local level), DF_BES_TERRIT_0T, dominio BES_02"
Competenza alfabetica non adeguata (studenti classi III scuola secondaria primo grado),02IST011P,provincia,Pescara,2021,33.6,%,Istat,"BES dei Territori (Bes at local level), DF_BES_TERRIT_0T, dominio BES_02"
Competenza alfabetica non adeguata (studenti classi III scuola secondaria primo grado),02IST011P,provincia,Pescara,2022,33.1,%,Istat,"BES dei Territori (Bes at local level), DF_BES_TERRIT_0T, dominio BES_02"
Competenza alfabetica non adeguata (studenti classi III scuola secondaria primo grado),02IST011P,provincia,Pescara,2023,32.7,%,Istat,"BES dei Territori (Bes at local level), DF_BES_TERRIT_0T, dominio BES_02"
Competenza alfabetica non adeguata (studenti classi III scuola secondaria primo grado),02IST011P,provincia,Pescara,2024,35.0,%,Istat,"BES dei Territori (Bes at local level), DF_BES_TERRIT_0T, dominio BES_02"
Competenza alfabetica non adeguata (studenti classi III scuola secondaria primo grado),02IST011P,provincia,Piacenza,2018,33.8,%,Istat,"BES dei Territori (Bes at local level), DF_BES_TERRIT_0T, dominio BES_02"
Competenza alfabetica non adeguata (studenti classi III scuola secondaria primo grado),02IST011P,provincia,Piacenza,2019,36.2,%,Istat,"BES dei Territori (Bes at local level), DF_BES_TERRIT_0T, dominio BES_02"
Competenza alfabetica non adeguata (studenti classi III scuola secondaria primo grado),02IST011P,provincia,Piacenza,2021,37.0,%,Istat,"BES dei Territori (Bes at local level), DF_BES_TERRIT_0T, dominio BES_02"
Competenza alfabetica non adeguata (studenti classi III scuola secondaria primo grado),02IST011P,provincia,Piacenza,2022,39.6,%,Istat,"BES dei Territori (Bes at local level), DF_BES_TERRIT_0T, dominio BES_02"
Competenza alfabetica non adeguata (studenti classi III scuola secondaria primo grado),02IST011P,provincia,Piacenza,2023,38.6,%,Istat,"BES dei Territori (Bes at local level), DF_BES_TERRIT_0T, dominio BES_02"
Competenza alfabetica non adeguata (studenti classi III scuola secondaria primo grado),02IST011P,provincia,Piacenza,2024,41.1,%,Istat,"BES dei Territori (Bes at local level), DF_BES_TERRIT_0T, dominio BES_02"
Competenza alfabetica non adeguata (studenti classi III scuola secondaria primo grado),02IST011P,provincia,Pisa,2018,29.3,%,Istat,"BES dei Territori (Bes at local level), DF_BES_TERRIT_0T, dominio BES_02"
Competenza alfabetica non adeguata (studenti classi III scuola secondaria primo grado),02IST011P,provincia,Pisa,2019,29.7,%,Istat,"BES dei Territori (Bes at local level), DF_BES_TERRIT_0T, dominio BES_02"
Competenza alfabetica non adeguata (studenti classi III scuola secondaria primo grado),02IST011P,provincia,Pisa,2021,33.9,%,Istat,"BES dei Territori (Bes at local level), DF_BES_TERRIT_0T, dominio BES_02"
Competenza alfabetica non adeguata (studenti classi III scuola secondaria primo grado),02IST011P,provincia,Pisa,2022,34.6,%,Istat,"BES dei Territori (Bes at local level), DF_BES_TERRIT_0T, dominio BES_02"
Competenza alfabetica non adeguata (studenti classi III scuola secondaria primo grado),02IST011P,provincia,Pisa,2023,33.9,%,Istat,"BES dei Territori (Bes at local level), DF_BES_TERRIT_0T, dominio BES_02"
Competenza alfabetica non adeguata (studenti classi III scuola secondaria primo grado),02IST011P,provincia,Pisa,2024,36.5,%,Istat,"BES dei Territori (Bes at local level), DF_BES_TERRIT_0T, dominio BES_02"
Competenza alfabetica non adeguata (studenti classi III scuola secondaria primo grado),02IST011P,provincia,Pistoia,2018,29.7,%,Istat,"BES dei Territori (Bes at local level), DF_BES_TERRIT_0T, dominio BES_02"
Competenza alfabetica non adeguata (studenti classi III scuola secondaria primo grado),02IST011P,provincia,Pistoia,2019,33.0,%,Istat,"BES dei Territori (Bes at local level), DF_BES_TERRIT_0T, dominio BES_02"
Competenza alfabetica non adeguata (studenti classi III scuola secondaria primo grado),02IST011P,provincia,Pistoia,2021,35.4,%,Istat,"BES dei Territori (Bes at local level), DF_BES_TERRIT_0T, dominio BES_02"
Competenza alfabetica non adeguata (studenti classi III scuola secondaria primo grado),02IST011P,provincia,Pistoia,2022,32.9,%,Istat,"BES dei Territori (Bes at local level), DF_BES_TERRIT_0T, dominio BES_02"
Competenza alfabetica non adeguata (studenti classi III scuola secondaria primo grado),02IST011P,provincia,Pistoia,2023,35.3,%,Istat,"BES dei Territori (Bes at local level), DF_BES_TERRIT_0T, dominio BES_02"
Competenza alfabetica non adeguata (studenti classi III scuola secondaria primo grado),02IST011P,provincia,Pistoia,2024,37.4,%,Istat,"BES dei Territori (Bes at local level), DF_BES_TERRIT_0T, dominio BES_02"
Competenza alfabetica non adeguata (studenti classi III scuola secondaria primo grado),02IST011P,provincia,Pordenone,2018,25.5,%,Istat,"BES dei Territori (Bes at local level), DF_BES_TERRIT_0T, dominio BES_02"
Competenza alfabetica non adeguata (studenti classi III scuola secondaria primo grado),02IST011P,provincia,Pordenone,2019,28.8,%,Istat,"BES dei Territori (Bes at local level), DF_BES_TERRIT_0T, dominio BES_02"
Competenza alfabetica non adeguata (studenti classi III scuola secondaria primo grado),02IST011P,provincia,Pordenone,2021,30.7,%,Istat,"BES dei Territori (Bes at local level), DF_BES_TERRIT_0T, dominio BES_02"
Competenza alfabetica non adeguata (studenti classi III scuola secondaria primo grado),02IST011P,provincia,Pordenone,2022,31.8,%,Istat,"BES dei Territori (Bes at local level), DF_BES_TERRIT_0T, dominio BES_02"
Competenza alfabetica non adeguata (studenti classi III scuola secondaria primo grado),02IST011P,provincia,Pordenone,2023,35.4,%,Istat,"BES dei Territori (Bes at local level), DF_BES_TERRIT_0T, dominio BES_02"
Competenza alfabetica non adeguata (studenti classi III scuola secondaria primo grado),02IST011P,provincia,Pordenone,2024,34.4,%,Istat,"BES dei Territori (Bes at local level), DF_BES_TERRIT_0T, dominio BES_02"
Competenza alfabetica non adeguata (studenti classi III scuola secondaria primo grado),02IST011P,provincia,Potenza,2018,36.7,%,Istat,"BES dei Territori (Bes at local level), DF_BES_TERRIT_0T, dominio BES_02"
Competenza alfabetica non adeguata (studenti classi III scuola secondaria primo grado),02IST011P,provincia,Potenza,2019,36.7,%,Istat,"BES dei Territori (Bes at local level), DF_BES_TERRIT_0T, dominio BES_02"
Competenza alfabetica non adeguata (studenti classi III scuola secondaria primo grado),02IST011P,provincia,Potenza,2021,40.6,%,Istat,"BES dei Territori (Bes at local level), DF_BES_TERRIT_0T, dominio BES_02"
Competenza alfabetica non adeguata (studenti classi III scuola secondaria primo grado),02IST011P,provincia,Potenza,2022,38.6,%,Istat,"BES dei Territori (Bes at local level), DF_BES_TERRIT_0T, dominio BES_02"
Competenza alfabetica non adeguata (studenti classi III scuola secondaria primo grado),02IST011P,provincia,Potenza,2023,37.4,%,Istat,"BES dei Territori (Bes at local level), DF_BES_TERRIT_0T, dominio BES_02"
Competenza alfabetica non adeguata (studenti classi III scuola secondaria primo grado),02IST011P,provincia,Potenza,2024,38.2,%,Istat,"BES dei Territori (Bes at local level), DF_BES_TERRIT_0T, dominio BES_02"
Competenza alfabetica non adeguata (studenti classi III scuola secondaria primo grado),02IST011P,provincia,Prato,2018,41.8,%,Istat,"BES dei Territori (Bes at local level), DF_BES_TERRIT_0T, dominio BES_02"
Competenza alfabetica non adeguata (studenti classi III scuola secondaria primo grado),02IST011P,provincia,Prato,2019,44.2,%,Istat,"BES dei Territori (Bes at local level), DF_BES_TERRIT_0T, dominio BES_02"
Competenza alfabetica non adeguata (studenti classi III scuola secondaria primo grado),02IST011P,provincia,Prato,2021,46.6,%,Istat,"BES dei Territori (Bes at local level), DF_BES_TERRIT_0T, dominio BES_02"
Competenza alfabetica non adeguata (studenti classi III scuola secondaria primo grado),02IST011P,provincia,Prato,2022,46.5,%,Istat,"BES dei Territori (Bes at local level), DF_BES_TERRIT_0T, dominio BES_02"
Competenza alfabetica non adeguata (studenti classi III scuola secondaria primo grado),02IST011P,provincia,Prato,2023,47.7,%,Istat,"BES dei Territori (Bes at local level), DF_BES_TERRIT_0T, dominio BES_02"
Competenza alfabetica non adeguata (studenti classi III scuola secondaria primo grado),02IST011P,provincia,Prato,2024,49.2,%,Istat,"BES dei Territori (Bes at local level), DF_BES_TERRIT_0T, dominio BES_02"
Competenza alfabetica non adeguata (studenti classi III scuola secondaria primo grado),02IST011P,provincia,Ragusa,2018,44.4,%,Istat,"BES dei Territori (Bes at local level), DF_BES_TERRIT_0T, dominio BES_02"
Competenza alfabetica non adeguata (studenti classi III scuola secondaria primo grado),02IST011P,provincia,Ragusa,2019,48.9,%,Istat,"BES dei Territori (Bes at local level), DF_BES_TERRIT_0T, dominio BES_02"
Competenza alfabetica non adeguata (studenti classi III scuola secondaria primo grado),02IST011P,provincia,Ragusa,2021,50.2,%,Istat,"BES dei Territori (Bes at local level), DF_BES_TERRIT_0T, dominio BES_02"
Competenza alfabetica non adeguata (studenti classi III scuola secondaria primo grado),02IST011P,provincia,Ragusa,2022,50.7,%,Istat,"BES dei Territori (Bes at local level), DF_BES_TERRIT_0T, dominio BES_02"
Competenza alfabetica non adeguata (studenti classi III scuola secondaria primo grado),02IST011P,provincia,Ragusa,2023,51.1,%,Istat,"BES dei Territori (Bes at local level), DF_BES_TERRIT_0T, dominio BES_02"
Competenza alfabetica non adeguata (studenti classi III scuola secondaria primo grado),02IST011P,provincia,Ragusa,2024,54.9,%,Istat,"BES dei Territori (Bes at local level), DF_BES_TERRIT_0T, dominio BES_02"
Competenza alfabetica non adeguata (studenti classi III scuola secondaria primo grado),02IST011P,provincia,Ravenna,2018,28.4,%,Istat,"BES dei Territori (Bes at local level), DF_BES_TERRIT_0T, dominio BES_02"
Competenza alfabetica non adeguata (studenti classi III scuola secondaria primo grado),02IST011P,provincia,Ravenna,2019,30.7,%,Istat,"BES dei Territori (Bes at local level), DF_BES_TERRIT_0T, dominio BES_02"
Competenza alfabetica non adeguata (studenti classi III scuola secondaria primo grado),02IST011P,provincia,Ravenna,2021,34.2,%,Istat,"BES dei Territori (Bes at local level), DF_BES_TERRIT_0T, dominio BES_02"
Competenza alfabetica non adeguata (studenti classi III scuola secondaria primo grado),02IST011P,provincia,Ravenna,2022,33.6,%,Istat,"BES dei Territori (Bes at local level), DF_BES_TERRIT_0T, dominio BES_02"
Competenza alfabetica non adeguata (studenti classi III scuola secondaria primo grado),02IST011P,provincia,Ravenna,2023,34.5,%,Istat,"BES dei Territori (Bes at local level), DF_BES_TERRIT_0T, dominio BES_02"
Competenza alfabetica non adeguata (studenti classi III scuola secondaria primo grado),02IST011P,provincia,Ravenna,2024,36.4,%,Istat,"BES dei Territori (Bes at local level), DF_BES_TERRIT_0T, dominio BES_02"
Competenza alfabetica non adeguata (studenti classi III scuola secondaria primo grado),02IST011P,provincia,Reggio Calabria,2018,47.2,%,Istat,"BES dei Territori (Bes at local level), DF_BES_TERRIT_0T, dominio BES_02"
Competenza alfabetica non adeguata (studenti classi III scuola secondaria primo grado),02IST011P,provincia,Reggio Calabria,2019,49.4,%,Istat,"BES dei Territori (Bes at local level), DF_BES_TERRIT_0T, dominio BES_02"
Competenza alfabetica non adeguata (studenti classi III scuola secondaria primo grado),02IST011P,provincia,Reggio Calabria,2021,51.6,%,Istat,"BES dei Territori (Bes at local level), DF_BES_TERRIT_0T, dominio BES_02"
Competenza alfabetica non adeguata (studenti classi III scuola secondaria primo grado),02IST011P,provincia,Reggio Calabria,2022,52.1,%,Istat,"BES dei Territori (Bes at local level), DF_BES_TERRIT_0T, dominio BES_02"
Competenza alfabetica non adeguata (studenti classi III scuola secondaria primo grado),02IST011P,provincia,Reggio Calabria,2023,50.1,%,Istat,"BES dei Territori (Bes at local level), DF_BES_TERRIT_0T, dominio BES_02"
Competenza alfabetica non adeguata (studenti classi III scuola secondaria primo grado),02IST011P,provincia,Reggio Calabria,2024,50.5,%,Istat,"BES dei Territori (Bes at local level), DF_BES_TERRIT_0T, dominio BES_02"
Competenza alfabetica non adeguata (studenti classi III scuola secondaria primo grado),02IST011P,provincia,Reggio Emilia,2018,32.8,%,Istat,"BES dei Territori (Bes at local level), DF_BES_TERRIT_0T, dominio BES_02"
Competenza alfabetica non adeguata (studenti classi III scuola secondaria primo grado),02IST011P,provincia,Reggio Emilia,2019,34.1,%,Istat,"BES dei Territori (Bes at local level), DF_BES_TERRIT_0T, dominio BES_02"
Competenza alfabetica non adeguata (studenti classi III scuola secondaria primo grado),02IST011P,provincia,Reggio Emilia,2021,35.9,%,Istat,"BES dei Territori (Bes at local level), DF_BES_TERRIT_0T, dominio BES_02"
Competenza alfabetica non adeguata (studenti classi III scuola secondaria primo grado),02IST011P,provincia,Reggio Emilia,2022,35.6,%,Istat,"BES dei Territori (Bes at local level), DF_BES_TERRIT_0T, dominio BES_02"
Competenza alfabetica non adeguata (studenti classi III scuola secondaria primo grado),02IST011P,provincia,Reggio Emilia,2023,36.0,%,Istat,"BES dei Territori (Bes at local level), DF_BES_TERRIT_0T, dominio BES_02"
Competenza alfabetica non adeguata (studenti classi III scuola secondaria primo grado),02IST011P,provincia,Reggio Emilia,2024,37.6,%,Istat,"BES dei Territori (Bes at local level), DF_BES_TERRIT_0T, dominio BES_02"
Competenza alfabetica non adeguata (studenti classi III scuola secondaria primo grado),02IST011P,provincia,Rieti,2018,34.4,%,Istat,"BES dei Territori (Bes at local level), DF_BES_TERRIT_0T, dominio BES_02"
Competenza alfabetica non adeguata (studenti classi III scuola secondaria primo grado),02IST011P,provincia,Rieti,2019,35.7,%,Istat,"BES dei Territori (Bes at local level), DF_BES_TERRIT_0T, dominio BES_02"
Competenza alfabetica non adeguata (studenti classi III scuola secondaria primo grado),02IST011P,provincia,Rieti,2021,40.7,%,Istat,"BES dei Territori (Bes at local level), DF_BES_TERRIT_0T, dominio BES_02"
Competenza alfabetica non adeguata (studenti classi III scuola secondaria primo grado),02IST011P,provincia,Rieti,2022,37.8,%,Istat,"BES dei Territori (Bes at local level), DF_BES_TERRIT_0T, dominio BES_02"
Competenza alfabetica non adeguata (studenti classi III scuola secondaria primo grado),02IST011P,provincia,Rieti,2023,40.6,%,Istat,"BES dei Territori (Bes at local level), DF_BES_TERRIT_0T, dominio BES_02"
Competenza alfabetica non adeguata (studenti classi III scuola secondaria primo grado),02IST011P,provincia,Rieti,2024,39.6,%,Istat,"BES dei Territori (Bes at local level), DF_BES_TERRIT_0T, dominio BES_02"
Competenza alfabetica non adeguata (studenti classi III scuola secondaria primo grado),02IST011P,provincia,Rimini,2018,27.6,%,Istat,"BES dei Territori (Bes at local level), DF_BES_TERRIT_0T, dominio BES_02"
Competenza alfabetica non adeguata (studenti classi III scuola secondaria primo grado),02IST011P,provincia,Rimini,2019,27.9,%,Istat,"BES dei Territori (Bes at local level), DF_BES_TERRIT_0T, dominio BES_02"
Competenza alfabetica non adeguata (studenti classi III scuola secondaria primo grado),02IST011P,provincia,Rimini,2021,32.4,%,Istat,"BES dei Territori (Bes at local level), DF_BES_TERRIT_0T, dominio BES_02"
Competenza alfabetica non adeguata (studenti classi III scuola secondaria primo grado),02IST011P,provincia,Rimini,2022,32.2,%,Istat,"BES dei Territori (Bes at local level), DF_BES_TERRIT_0T, dominio BES_02"
Competenza alfabetica non adeguata (studenti classi III scuola secondaria primo grado),02IST011P,provincia,Rimini,2023,32.5,%,Istat,"BES dei Territori (Bes at local level), DF_BES_TERRIT_0T, dominio BES_02"
Competenza alfabetica non adeguata (studenti classi III scuola secondaria primo grado),02IST011P,provincia,Rimini,2024,35.6,%,Istat,"BES dei Territori (Bes at local level), DF_BES_TERRIT_0T, dominio BES_02"
Competenza alfabetica non adeguata (studenti classi III scuola secondaria primo grado),02IST011P,provincia,Roma,2018,29.6,%,Istat,"BES dei Territori (Bes at local level), DF_BES_TERRIT_0T, dominio BES_02"
Competenza alfabetica non adeguata (studenti classi III scuola secondaria primo grado),02IST011P,provincia,Roma,2019,30.9,%,Istat,"BES dei Territori (Bes at local level), DF_BES_TERRIT_0T, dominio BES_02"
Competenza alfabetica non adeguata (studenti classi III scuola secondaria primo grado),02IST011P,provincia,Roma,2021,34.0,%,Istat,"BES dei Territori (Bes at local level), DF_BES_TERRIT_0T, dominio BES_02"
Competenza alfabetica non adeguata (studenti classi III scuola secondaria primo grado),02IST011P,provincia,Roma,2022,34.7,%,Istat,"BES dei Territori (Bes at local level), DF_BES_TERRIT_0T, dominio BES_02"
Competenza alfabetica non adeguata (studenti classi III scuola secondaria primo grado),02IST011P,provincia,Roma,2023,35.0,%,Istat,"BES dei Territori (Bes at local level), DF_BES_TERRIT_0T, dominio BES_02"
Competenza alfabetica non adeguata (studenti classi III scuola secondaria primo grado),02IST011P,provincia,Roma,2024,36.9,%,Istat,"BES dei Territori (Bes at local level), DF_BES_TERRIT_0T, dominio BES_02"
Competenza alfabetica non adeguata (studenti classi III scuola secondaria primo grado),02IST011P,provincia,Rovigo,2018,31.0,%,Istat,"BES dei Territori (Bes at local level), DF_BES_TERRIT_0T, dominio BES_02"
Competenza alfabetica non adeguata (studenti classi III scuola secondaria primo grado),02IST011P,provincia,Rovigo,2019,31.9,%,Istat,"BES dei Territori (Bes at local level), DF_BES_TERRIT_0T, dominio BES_02"
Competenza alfabetica non adeguata (studenti classi III scuola secondaria primo grado),02IST011P,provincia,Rovigo,2021,35.7,%,Istat,"BES dei Territori (Bes at local level), DF_BES_TERRIT_0T, dominio BES_02"
Competenza alfabetica non adeguata (studenti classi III scuola secondaria primo grado),02IST011P,provincia,Rovigo,2022,37.1,%,Istat,"BES dei Territori (Bes at local level), DF_BES_TERRIT_0T, dominio BES_02"
Competenza alfabetica non adeguata (studenti classi III scuola secondaria primo grado),02IST011P,provincia,Rovigo,2023,38.0,%,Istat,"BES dei Territori (Bes at local level), DF_BES_TERRIT_0T, dominio BES_02"
Competenza alfabetica non adeguata (studenti classi III scuola secondaria primo grado),02IST011P,provincia,Rovigo,2024,36.8,%,Istat,"BES dei Territori (Bes at local level), DF_BES_TERRIT_0T, dominio BES_02"
Competenza alfabetica non adeguata (studenti classi III scuola secondaria primo grado),02IST011P,provincia,Salerno,2018,40.6,%,Istat,"BES dei Territori (Bes at local level), DF_BES_TERRIT_0T, dominio BES_02"
Competenza alfabetica non adeguata (studenti classi III scuola secondaria primo grado),02IST011P,provincia,Salerno,2019,40.7,%,Istat,"BES dei Territori (Bes at local level), DF_BES_TERRIT_0T, dominio BES_02"
Competenza alfabetica non adeguata (studenti classi III scuola secondaria primo grado),02IST011P,provincia,Salerno,2021,45.3,%,Istat,"BES dei Territori (Bes at local level), DF_BES_TERRIT_0T, dominio BES_02"
Competenza alfabetica non adeguata (studenti classi III scuola secondaria primo grado),02IST011P,provincia,Salerno,2022,43.1,%,Istat,"BES dei Territori (Bes at local level), DF_BES_TERRIT_0T, dominio BES_02"
Competenza alfabetica non adeguata (studenti classi III scuola secondaria primo grado),02IST011P,provincia,Salerno,2023,42.4,%,Istat,"BES dei Territori (Bes at local level), DF_BES_TERRIT_0T, dominio BES_02"
Competenza alfabetica non adeguata (studenti classi III scuola secondaria primo grado),02IST011P,provincia,Salerno,2024,44.8,%,Istat,"BES dei Territori (Bes at local level), DF_BES_TERRIT_0T, dominio BES_02"
Competenza alfabetica non adeguata (studenti classi III scuola secondaria primo grado),02IST011P,provincia,Sassari,2018,44.4,%,Istat,"BES dei Territori (Bes at local level), DF_BES_TERRIT_0T, dominio BES_02"
Competenza alfabetica non adeguata (studenti classi III scuola secondaria primo grado),02IST011P,provincia,Sassari,2019,42.1,%,Istat,"BES dei Territori (Bes at local level), DF_BES_TERRIT_0T, dominio BES_02"
Competenza alfabetica non adeguata (studenti classi III scuola secondaria primo grado),02IST011P,provincia,Sassari,2021,49.5,%,Istat,"BES dei Territori (Bes at local level), DF_BES_TERRIT_0T, dominio BES_02"
Competenza alfabetica non adeguata (studenti classi III scuola secondaria primo grado),02IST011P,provincia,Sassari,2022,46.5,%,Istat,"BES dei Territori (Bes at local level), DF_BES_TERRIT_0T, dominio BES_02"
Competenza alfabetica non adeguata (studenti classi III scuola secondaria primo grado),02IST011P,provincia,Sassari,2023,48.8,%,Istat,"BES dei Territori (Bes at local level), DF_BES_TERRIT_0T, dominio BES_02"
Competenza alfabetica non adeguata (studenti classi III scuola secondaria primo grado),02IST011P,provincia,Sassari,2024,49.0,%,Istat,"BES dei Territori (Bes at local level), DF_BES_TERRIT_0T, dominio BES_02"
Competenza alfabetica non adeguata (studenti classi III scuola secondaria primo grado),02IST011P,provincia,Savona,2018,32.4,%,Istat,"BES dei Territori (Bes at local level), DF_BES_TERRIT_0T, dominio BES_02"
Competenza alfabetica non adeguata (studenti classi III scuola secondaria primo grado),02IST011P,provincia,Savona,2019,35.3,%,Istat,"BES dei Territori (Bes at local level), DF_BES_TERRIT_0T, dominio BES_02"
Competenza alfabetica non adeguata (studenti classi III scuola secondaria primo grado),02IST011P,provincia,Savona,2021,39.3,%,Istat,"BES dei Territori (Bes at local level), DF_BES_TERRIT_0T, dominio BES_02"
Competenza alfabetica non adeguata (studenti classi III scuola secondaria primo grado),02IST011P,provincia,Savona,2022,40.0,%,Istat,"BES dei Territori (Bes at local level), DF_BES_TERRIT_0T, dominio BES_02"
Competenza alfabetica non adeguata (studenti classi III scuola secondaria primo grado),02IST011P,provincia,Savona,2023,39.7,%,Istat,"BES dei Territori (Bes at local level), DF_BES_TERRIT_0T, dominio BES_02"
Competenza alfabetica non adeguata (studenti classi III scuola secondaria primo grado),02IST011P,provincia,Savona,2024,42.4,%,Istat,"BES dei Territori (Bes at local level), DF_BES_TERRIT_0T, dominio BES_02"
Competenza alfabetica non adeguata (studenti classi III scuola secondaria primo grado),02IST011P,provincia,Siena,2018,27.4,%,Istat,"BES dei Territori (Bes at local level), DF_BES_TERRIT_0T, dominio BES_02"
Competenza alfabetica non adeguata (studenti classi III scuola secondaria primo grado),02IST011P,provincia,Siena,2019,28.9,%,Istat,"BES dei Territori (Bes at local level), DF_BES_TERRIT_0T, dominio BES_02"
Competenza alfabetica non adeguata (studenti classi III scuola secondaria primo grado),02IST011P,provincia,Siena,2021,30.4,%,Istat,"BES dei Territori (Bes at local level), DF_BES_TERRIT_0T, dominio BES_02"
Competenza alfabetica non adeguata (studenti classi III scuola secondaria primo grado),02IST011P,provincia,Siena,2022,31.7,%,Istat,"BES dei Territori (Bes at local level), DF_BES_TERRIT_0T, dominio BES_02"
Competenza alfabetica non adeguata (studenti classi III scuola secondaria primo grado),02IST011P,provincia,Siena,2023,32.8,%,Istat,"BES dei Territori (Bes at local level), DF_BES_TERRIT_0T, dominio BES_02"
Competenza alfabetica non adeguata (studenti classi III scuola secondaria primo grado),02IST011P,provincia,Siena,2024,32.3,%,Istat,"BES dei Territori (Bes at local level), DF_BES_TERRIT_0T, dominio BES_02"
Competenza alfabetica non adeguata (studenti classi III scuola secondaria primo grado),02IST011P,provincia,Siracusa,2018,47.2,%,Istat,"BES dei Territori (Bes at local level), DF_BES_TERRIT_0T, dominio BES_02"
Competenza alfabetica non adeguata (studenti classi III scuola secondaria primo grado),02IST011P,provincia,Siracusa,2019,46.0,%,Istat,"BES dei Territori (Bes at local level), DF_BES_TERRIT_0T, dominio BES_02"
Competenza alfabetica non adeguata (studenti classi III scuola secondaria primo grado),02IST011P,provincia,Siracusa,2021,49.7,%,Istat,"BES dei Territori (Bes at local level), DF_BES_TERRIT_0T, dominio BES_02"
Competenza alfabetica non adeguata (studenti classi III scuola secondaria primo grado),02IST011P,provincia,Siracusa,2022,51.7,%,Istat,"BES dei Territori (Bes at local level), DF_BES_TERRIT_0T, dominio BES_02"
Competenza alfabetica non adeguata (studenti classi III scuola secondaria primo grado),02IST011P,provincia,Siracusa,2023,51.9,%,Istat,"BES dei Territori (Bes at local level), DF_BES_TERRIT_0T, dominio BES_02"
Competenza alfabetica non adeguata (studenti classi III scuola secondaria primo grado),02IST011P,provincia,Siracusa,2024,52.2,%,Istat,"BES dei Territori (Bes at local level), DF_BES_TERRIT_0T, dominio BES_02"
Competenza alfabetica non adeguata (studenti classi III scuola secondaria primo grado),02IST011P,provincia,Sondrio,2018,22.3,%,Istat,"BES dei Territori (Bes at local level), DF_BES_TERRIT_0T, dominio BES_02"
Competenza alfabetica non adeguata (studenti classi III scuola secondaria primo grado),02IST011P,provincia,Sondrio,2019,23.0,%,Istat,"BES dei Territori (Bes at local level), DF_BES_TERRIT_0T, dominio BES_02"
Competenza alfabetica non adeguata (studenti classi III scuola secondaria primo grado),02IST011P,provincia,Sondrio,2021,25.7,%,Istat,"BES dei Territori (Bes at local level), DF_BES_TERRIT_0T, dominio BES_02"
Competenza alfabetica non adeguata (studenti classi III scuola secondaria primo grado),02IST011P,provincia,Sondrio,2022,28.6,%,Istat,"BES dei Territori (Bes at local level), DF_BES_TERRIT_0T, dominio BES_02"
Competenza alfabetica non adeguata (studenti classi III scuola secondaria primo grado),02IST011P,provincia,Sondrio,2023,29.0,%,Istat,"BES dei Territori (Bes at local level), DF_BES_TERRIT_0T, dominio BES_02"
Competenza alfabetica non adeguata (studenti classi III scuola secondaria primo grado),02IST011P,provincia,Sondrio,2024,28.3,%,Istat,"BES dei Territori (Bes at local level), DF_BES_TERRIT_0T, dominio BES_02"
Competenza alfabetica non adeguata (studenti classi III scuola secondaria primo grado),02IST011P,provincia,Taranto,2018,40.6,%,Istat,"BES dei Territori (Bes at local level), DF_BES_TERRIT_0T, dominio BES_02"
Competenza alfabetica non adeguata (studenti classi III scuola secondaria primo grado),02IST011P,provincia,Taranto,2019,41.0,%,Istat,"BES dei Territori (Bes at local level), DF_BES_TERRIT_0T, dominio BES_02"
Competenza alfabetica non adeguata (studenti classi III scuola secondaria primo grado),02IST011P,provincia,Taranto,2021,45.3,%,Istat,"BES dei Territori (Bes at local level), DF_BES_TERRIT_0T, dominio BES_02"
Competenza alfabetica non adeguata (studenti classi III scuola secondaria primo grado),02IST011P,provincia,Taranto,2022,45.7,%,Istat,"BES dei Territori (Bes at local level), DF_BES_TERRIT_0T, dominio BES_02"
Competenza alfabetica non adeguata (studenti classi III scuola secondaria primo grado),02IST011P,provincia,Taranto,2023,42.8,%,Istat,"BES dei Territori (Bes at local level), DF_BES_TERRIT_0T, dominio BES_02"
Competenza alfabetica non adeguata (studenti classi III scuola secondaria primo grado),02IST011P,provincia,Taranto,2024,44.1,%,Istat,"BES dei Territori (Bes at local level), DF_BES_TERRIT_0T, dominio BES_02"
Competenza alfabetica non adeguata (studenti classi III scuola secondaria primo grado),02IST011P,provincia,Teramo,2018,35.5,%,Istat,"BES dei Territori (Bes at local level), DF_BES_TERRIT_0T, dominio BES_02"
Competenza alfabetica non adeguata (studenti classi III scuola secondaria primo grado),02IST011P,provincia,Teramo,2019,36.4,%,Istat,"BES dei Territori (Bes at local level), DF_BES_TERRIT_0T, dominio BES_02"
Competenza alfabetica non adeguata (studenti classi III scuola secondaria primo grado),02IST011P,provincia,Teramo,2021,38.0,%,Istat,"BES dei Territori (Bes at local level), DF_BES_TERRIT_0T, dominio BES_02"
Competenza alfabetica non adeguata (studenti classi III scuola secondaria primo grado),02IST011P,provincia,Teramo,2022,37.8,%,Istat,"BES dei Territori (Bes at local level), DF_BES_TERRIT_0T, dominio BES_02"
Competenza alfabetica non adeguata (studenti classi III scuola secondaria primo grado),02IST011P,provincia,Teramo,2023,38.6,%,Istat,"BES dei Territori (Bes at local level), DF_BES_TERRIT_0T, dominio BES_02"
Competenza alfabetica non adeguata (studenti classi III scuola secondaria primo grado),02IST011P,provincia,Teramo,2024,36.7,%,Istat,"BES dei Territori (Bes at local level), DF_BES_TERRIT_0T, dominio BES_02"
Competenza alfabetica non adeguata (studenti classi III scuola secondaria primo grado),02IST011P,provincia,Terni,2018,28.2,%,Istat,"BES dei Territori (Bes at local level), DF_BES_TERRIT_0T, dominio BES_02"
Competenza alfabetica non adeguata (studenti classi III scuola secondaria primo grado),02IST011P,provincia,Terni,2019,31.5,%,Istat,"BES dei Territori (Bes at local level), DF_BES_TERRIT_0T, dominio BES_02"
Competenza alfabetica non adeguata (studenti classi III scuola secondaria primo grado),02IST011P,provincia,Terni,2021,32.1,%,Istat,"BES dei Territori (Bes at local level), DF_BES_TERRIT_0T, dominio BES_02"
Competenza alfabetica non adeguata (studenti classi III scuola secondaria primo grado),02IST011P,provincia,Terni,2022,31.6,%,Istat,"BES dei Territori (Bes at local level), DF_BES_TERRIT_0T, dominio BES_02"
Competenza alfabetica non adeguata (studenti classi III scuola secondaria primo grado),02IST011P,provincia,Terni,2023,30.2,%,Istat,"BES dei Territori (Bes at local level), DF_BES_TERRIT_0T, dominio BES_02"
Competenza alfabetica non adeguata (studenti classi III scuola secondaria primo grado),02IST011P,provincia,Terni,2024,29.9,%,Istat,"BES dei Territori (Bes at local level), DF_BES_TERRIT_0T, dominio BES_02"
Competenza alfabetica non adeguata (studenti classi III scuola secondaria primo grado),02IST011P,provincia,Torino,2018,30.4,%,Istat,"BES dei Territori (Bes at local level), DF_BES_TERRIT_0T, dominio BES_02"
Competenza alfabetica non adeguata (studenti classi III scuola secondaria primo grado),02IST011P,provincia,Torino,2019,32.0,%,Istat,"BES dei Territori (Bes at local level), DF_BES_TERRIT_0T, dominio BES_02"
Competenza alfabetica non adeguata (studenti classi III scuola secondaria primo grado),02IST011P,provincia,Torino,2021,35.2,%,Istat,"BES dei Territori (Bes at local level), DF_BES_TERRIT_0T, dominio BES_02"
Competenza alfabetica non adeguata (studenti classi III scuola secondaria primo grado),02IST011P,provincia,Torino,2022,35.3,%,Istat,"BES dei Territori (Bes at local level), DF_BES_TERRIT_0T, dominio BES_02"
Competenza alfabetica non adeguata (studenti classi III scuola secondaria primo grado),02IST011P,provincia,Torino,2023,35.6,%,Istat,"BES dei Territori (Bes at local level), DF_BES_TERRIT_0T, dominio BES_02"
Competenza alfabetica non adeguata (studenti classi III scuola secondaria primo grado),02IST011P,provincia,Torino,2024,37.4,%,Istat,"BES dei Territori (Bes at local level), DF_BES_TERRIT_0T, dominio BES_02"
Competenza alfabetica non adeguata (studenti classi III scuola secondaria primo grado),02IST011P,provincia,Trapani,2018,49.1,%,Istat,"BES dei Territori (Bes at local level), DF_BES_TERRIT_0T, dominio BES_02"
Competenza alfabetica non adeguata (studenti classi III scuola secondaria primo grado),02IST011P,provincia,Trapani,2019,50.8,%,Istat,"BES dei Territori (Bes at local level), DF_BES_TERRIT_0T, dominio BES_02"
Competenza alfabetica non adeguata (studenti classi III scuola secondaria primo grado),02IST011P,provincia,Trapani,2021,52.2,%,Istat,"BES dei Territori (Bes at local level), DF_BES_TERRIT_0T, dominio BES_02"
Competenza alfabetica non adeguata (studenti classi III scuola secondaria primo grado),02IST011P,provincia,Trapani,2022,53.4,%,Istat,"BES dei Territori (Bes at local level), DF_BES_TERRIT_0T, dominio BES_02"
Competenza alfabetica non adeguata (studenti classi III scuola secondaria primo grado),02IST011P,provincia,Trapani,2023,52.2,%,Istat,"BES dei Territori (Bes at local level), DF_BES_TERRIT_0T, dominio BES_02"
Competenza alfabetica non adeguata (studenti classi III scuola secondaria primo grado),02IST011P,provincia,Trapani,2024,53.9,%,Istat,"BES dei Territori (Bes at local level), DF_BES_TERRIT_0T, dominio BES_02"
Competenza alfabetica non adeguata (studenti classi III scuola secondaria primo grado),02IST011P,provincia,Trento,2018,27.1,%,Istat,"BES dei Territori (Bes at local level), DF_BES_TERRIT_0T, dominio BES_02"
Competenza alfabetica non adeguata (studenti classi III scuola secondaria primo grado),02IST011P,provincia,Trento,2019,27.9,%,Istat,"BES dei Territori (Bes at local level), DF_BES_TERRIT_0T, dominio BES_02"
Competenza alfabetica non adeguata (studenti classi III scuola secondaria primo grado),02IST011P,provincia,Trento,2021,32.0,%,Istat,"BES dei Territori (Bes at local level), DF_BES_TERRIT_0T, dominio BES_02"
Competenza alfabetica non adeguata (studenti classi III scuola secondaria primo grado),02IST011P,provincia,Trento,2022,32.4,%,Istat,"BES dei Territori (Bes at local level), DF_BES_TERRIT_0T, dominio BES_02"
Competenza alfabetica non adeguata (studenti classi III scuola secondaria primo grado),02IST011P,provincia,Trento,2023,32.0,%,Istat,"BES dei Territori (Bes at local level), DF_BES_TERRIT_0T, dominio BES_02"
Competenza alfabetica non adeguata (studenti classi III scuola secondaria primo grado),02IST011P,provincia,Trento,2024,35.0,%,Istat,"BES dei Territori (Bes at local level), DF_BES_TERRIT_0T, dominio BES_02"
Competenza alfabetica non adeguata (studenti classi III scuola secondaria primo grado),02IST011P,provincia,Treviso,2018,28.0,%,Istat,"BES dei Territori (Bes at local level), DF_BES_TERRIT_0T, dominio BES_02"
Competenza alfabetica non adeguata (studenti classi III scuola secondaria primo grado),02IST011P,provincia,Treviso,2019,29.5,%,Istat,"BES dei Territori (Bes at local level), DF_BES_TERRIT_0T, dominio BES_02"
Competenza alfabetica non adeguata (studenti classi III scuola secondaria primo grado),02IST011P,provincia,Treviso,2021,31.7,%,Istat,"BES dei Territori (Bes at local level), DF_BES_TERRIT_0T, dominio BES_02"
Competenza alfabetica non adeguata (studenti classi III scuola secondaria primo grado),02IST011P,provincia,Treviso,2022,32.3,%,Istat,"BES dei Territori (Bes at local level), DF_BES_TERRIT_0T, dominio BES_02"
Competenza alfabetica non adeguata (studenti classi III scuola secondaria primo grado),02IST011P,provincia,Treviso,2023,33.6,%,Istat,"BES dei Territori (Bes at local level), DF_BES_TERRIT_0T, dominio BES_02"
Competenza alfabetica non adeguata (studenti classi III scuola secondaria primo grado),02IST011P,provincia,Treviso,2024,33.5,%,Istat,"BES dei Territori (Bes at local level), DF_BES_TERRIT_0T, dominio BES_02"
Competenza alfabetica non adeguata (studenti classi III scuola secondaria primo grado),02IST011P,provincia,Trieste,2018,28.8,%,Istat,"BES dei Territori (Bes at local level), DF_BES_TERRIT_0T, dominio BES_02"
Competenza alfabetica non adeguata (studenti classi III scuola secondaria primo grado),02IST011P,provincia,Trieste,2019,29.3,%,Istat,"BES dei Territori (Bes at local level), DF_BES_TERRIT_0T, dominio BES_02"
Competenza alfabetica non adeguata (studenti classi III scuola secondaria primo grado),02IST011P,provincia,Trieste,2021,33.8,%,Istat,"BES dei Territori (Bes at local level), DF_BES_TERRIT_0T, dominio BES_02"
Competenza alfabetica non adeguata (studenti classi III scuola secondaria primo grado),02IST011P,provincia,Trieste,2022,34.7,%,Istat,"BES dei Territori (Bes at local level), DF_BES_TERRIT_0T, dominio BES_02"
Competenza alfabetica non adeguata (studenti classi III scuola secondaria primo grado),02IST011P,provincia,Trieste,2023,34.6,%,Istat,"BES dei Territori (Bes at local level), DF_BES_TERRIT_0T, dominio BES_02"
Competenza alfabetica non adeguata (studenti classi III scuola secondaria primo grado),02IST011P,provincia,Trieste,2024,34.4,%,Istat,"BES dei Territori (Bes at local level), DF_BES_TERRIT_0T, dominio BES_02"
Competenza alfabetica non adeguata (studenti classi III scuola secondaria primo grado),02IST011P,provincia,Udine,2018,23.2,%,Istat,"BES dei Territori (Bes at local level), DF_BES_TERRIT_0T, dominio BES_02"
Competenza alfabetica non adeguata (studenti classi III scuola secondaria primo grado),02IST011P,provincia,Udine,2019,26.7,%,Istat,"BES dei Territori (Bes at local level), DF_BES_TERRIT_0T, dominio BES_02"
Competenza alfabetica non adeguata (studenti classi III scuola secondaria primo grado),02IST011P,provincia,Udine,2021,30.4,%,Istat,"BES dei Territori (Bes at local level), DF_BES_TERRIT_0T, dominio BES_02"
Competenza alfabetica non adeguata (studenti classi III scuola secondaria primo grado),02IST011P,provincia,Udine,2022,30.1,%,Istat,"BES dei Territori (Bes at local level), DF_BES_TERRIT_0T, dominio BES_02"
Competenza alfabetica non adeguata (studenti classi III scuola secondaria primo grado),02IST011P,provincia,Udine,2023,31.1,%,Istat,"BES dei Territori (Bes at local level), DF_BES_TERRIT_0T, dominio BES_02"
Competenza alfabetica non adeguata (studenti classi III scuola secondaria primo grado),02IST011P,provincia,Udine,2024,34.0,%,Istat,"BES dei Territori (Bes at local level), DF_BES_TERRIT_0T, dominio BES_02"
Competenza alfabetica non adeguata (studenti classi III scuola secondaria primo grado),02IST011P,provincia,Varese,2018,25.9,%,Istat,"BES dei Territori (Bes at local level), DF_BES_TERRIT_0T, dominio BES_02"
Competenza alfabetica non adeguata (studenti classi III scuola secondaria primo grado),02IST011P,provincia,Varese,2019,27.2,%,Istat,"BES dei Territori (Bes at local level), DF_BES_TERRIT_0T, dominio BES_02"
Competenza alfabetica non adeguata (studenti classi III scuola secondaria primo grado),02IST011P,provincia,Varese,2021,33.4,%,Istat,"BES dei Territori (Bes at local level), DF_BES_TERRIT_0T, dominio BES_02"
Competenza alfabetica non adeguata (studenti classi III scuola secondaria primo grado),02IST011P,provincia,Varese,2022,30.7,%,Istat,"BES dei Territori (Bes at local level), DF_BES_TERRIT_0T, dominio BES_02"
Competenza alfabetica non adeguata (studenti classi III scuola secondaria primo grado),02IST011P,provincia,Varese,2023,31.0,%,Istat,"BES dei Territori (Bes at local level), DF_BES_TERRIT_0T, dominio BES_02"
Competenza alfabetica non adeguata (studenti classi III scuola secondaria primo grado),02IST011P,provincia,Varese,2024,32.1,%,Istat,"BES dei Territori (Bes at local level), DF_BES_TERRIT_0T, dominio BES_02"
Competenza alfabetica non adeguata (studenti classi III scuola secondaria primo grado),02IST011P,provincia,Venezia,2018,31.2,%,Istat,"BES dei Territori (Bes at local level), DF_BES_TERRIT_0T, dominio BES_02"
Competenza alfabetica non adeguata (studenti classi III scuola secondaria primo grado),02IST011P,provincia,Venezia,2019,31.3,%,Istat,"BES dei Territori (Bes at local level), DF_BES_TERRIT_0T, dominio BES_02"
Competenza alfabetica non adeguata (studenti classi III scuola secondaria primo grado),02IST011P,provincia,Venezia,2021,34.8,%,Istat,"BES dei Territori (Bes at local level), DF_BES_TERRIT_0T, dominio BES_02"
Competenza alfabetica non adeguata (studenti classi III scuola secondaria primo grado),02IST011P,provincia,Venezia,2022,35.0,%,Istat,"BES dei Territori (Bes at local level), DF_BES_TERRIT_0T, dominio BES_02"
Competenza alfabetica non adeguata (studenti classi III scuola secondaria primo grado),02IST011P,provincia,Venezia,2023,35.1,%,Istat,"BES dei Territori (Bes at local level), DF_BES_TERRIT_0T, dominio BES_02"
Competenza alfabetica non adeguata (studenti classi III scuola secondaria primo grado),02IST011P,provincia,Venezia,2024,36.7,%,Istat,"BES dei Territori (Bes at local level), DF_BES_TERRIT_0T, dominio BES_02"
Competenza alfabetica non adeguata (studenti classi III scuola secondaria primo grado),02IST011P,provincia,Verbano-Cusio-Ossola,2018,30.3,%,Istat,"BES dei Territori (Bes at local level), DF_BES_TERRIT_0T, dominio BES_02"
Competenza alfabetica non adeguata (studenti classi III scuola secondaria primo grado),02IST011P,provincia,Verbano-Cusio-Ossola,2019,29.7,%,Istat,"BES dei Territori (Bes at local level), DF_BES_TERRIT_0T, dominio BES_02"
Competenza alfabetica non adeguata (studenti classi III scuola secondaria primo grado),02IST011P,provincia,Verbano-Cusio-Ossola,2021,35.9,%,Istat,"BES dei Territori (Bes at local level), DF_BES_TERRIT_0T, dominio BES_02"
Competenza alfabetica non adeguata (studenti classi III scuola secondaria primo grado),02IST011P,provincia,Verbano-Cusio-Ossola,2022,33.3,%,Istat,"BES dei Territori (Bes at local level), DF_BES_TERRIT_0T, dominio BES_02"
Competenza alfabetica non adeguata (studenti classi III scuola secondaria primo grado),02IST011P,provincia,Verbano-Cusio-Ossola,2023,34.0,%,Istat,"BES dei Territori (Bes at local level), DF_BES_TERRIT_0T, dominio BES_02"
Competenza alfabetica non adeguata (studenti classi III scuola secondaria primo grado),02IST011P,provincia,Verbano-Cusio-Ossola,2024,34.5,%,Istat,"BES dei Territori (Bes at local level), DF_BES_TERRIT_0T, dominio BES_02"
Competenza alfabetica non adeguata (studenti classi III scuola secondaria primo grado),02IST011P,provincia,Vercelli,2018,33.2,%,Istat,"BES dei Territori (Bes at local level), DF_BES_TERRIT_0T, dominio BES_02"
Competenza alfabetica non adeguata (studenti classi III scuola secondaria primo grado),02IST011P,provincia,Vercelli,2019,36.5,%,Istat,"BES dei Territori (Bes at local level), DF_BES_TERRIT_0T, dominio BES_02"
Competenza alfabetica non adeguata (studenti classi III scuola secondaria primo grado),02IST011P,provincia,Vercelli,2021,40.5,%,Istat,"BES dei Territori (Bes at local level), DF_BES_TERRIT_0T, dominio BES_02"
Competenza alfabetica non adeguata (studenti classi III scuola secondaria primo grado),02IST011P,provincia,Vercelli,2022,40.4,%,Istat,"BES dei Territori (Bes at local level), DF_BES_TERRIT_0T, dominio BES_02"
Competenza alfabetica non adeguata (studenti classi III scuola secondaria primo grado),02IST011P,provincia,Vercelli,2023,41.2,%,Istat,"BES dei Territori (Bes at local level), DF_BES_TERRIT_0T, dominio BES_02"
Competenza alfabetica non adeguata (studenti classi III scuola secondaria primo grado),02IST011P,provincia,Vercelli,2024,44.1,%,Istat,"BES dei Territori (Bes at local level), DF_BES_TERRIT_0T, dominio BES_02"
Competenza alfabetica non adeguata (studenti classi III scuola secondaria primo grado),02IST011P,provincia,Verona,2018,30.5,%,Istat,"BES dei Territori (Bes at local level), DF_BES_TERRIT_0T, dominio BES_02"
Competenza alfabetica non adeguata (studenti classi III scuola secondaria primo grado),02IST011P,provincia,Verona,2019,30.8,%,Istat,"BES dei Territori (Bes at local level), DF_BES_TERRIT_0T, dominio BES_02"
Competenza alfabetica non adeguata (studenti classi III scuola secondaria primo grado),02IST011P,provincia,Verona,2021,34.3,%,Istat,"BES dei Territori (Bes at local level), DF_BES_TERRIT_0T, dominio BES_02"
Competenza alfabetica non adeguata (studenti classi III scuola secondaria primo grado),02IST011P,provincia,Verona,2022,33.5,%,Istat,"BES dei Territori (Bes at local level), DF_BES_TERRIT_0T, dominio BES_02"
Competenza alfabetica non adeguata (studenti classi III scuola secondaria primo grado),02IST011P,provincia,Verona,2023,33.8,%,Istat,"BES dei Territori (Bes at local level), DF_BES_TERRIT_0T, dominio BES_02"
Competenza alfabetica non adeguata (studenti classi III scuola secondaria primo grado),02IST011P,provincia,Verona,2024,35.1,%,Istat,"BES dei Territori (Bes at local level), DF_BES_TERRIT_0T, dominio BES_02"
Competenza alfabetica non adeguata (studenti classi III scuola secondaria primo grado),02IST011P,provincia,Vibo Valentia,2018,52.4,%,Istat,"BES dei Territori (Bes at local level), DF_BES_TERRIT_0T, dominio BES_02"
Competenza alfabetica non adeguata (studenti classi III scuola secondaria primo grado),02IST011P,provincia,Vibo Valentia,2019,52.8,%,Istat,"BES dei Territori (Bes at local level), DF_BES_TERRIT_0T, dominio BES_02"
Competenza alfabetica non adeguata (studenti classi III scuola secondaria primo grado),02IST011P,provincia,Vibo Valentia,2021,51.9,%,Istat,"BES dei Territori (Bes at local level), DF_BES_TERRIT_0T, dominio BES_02"
Competenza alfabetica non adeguata (studenti classi III scuola secondaria primo grado),02IST011P,provincia,Vibo Valentia,2022,50.8,%,Istat,"BES dei Territori (Bes at local level), DF_BES_TERRIT_0T, dominio BES_02"
Competenza alfabetica non adeguata (studenti classi III scuola secondaria primo grado),02IST011P,provincia,Vibo Valentia,2023,52.2,%,Istat,"BES dei Territori (Bes at local level), DF_BES_TERRIT_0T, dominio BES_02"
Competenza alfabetica non adeguata (studenti classi III scuola secondaria primo grado),02IST011P,provincia,Vibo Valentia,2024,53.9,%,Istat,"BES dei Territori (Bes at local level), DF_BES_TERRIT_0T, dominio BES_02"
Competenza alfabetica non adeguata (studenti classi III scuola secondaria primo grado),02IST011P,provincia,Vicenza,2018,26.2,%,Istat,"BES dei Territori (Bes at local level), DF_BES_TERRIT_0T, dominio BES_02"
Competenza alfabetica non adeguata (studenti classi III scuola secondaria primo grado),02IST011P,provincia,Vicenza,2019,27.7,%,Istat,"BES dei Territori (Bes at local level), DF_BES_TERRIT_0T, dominio BES_02"
Competenza alfabetica non adeguata (studenti classi III scuola secondaria primo grado),02IST011P,provincia,Vicenza,2021,30.5,%,Istat,"BES dei Territori (Bes at local level), DF_BES_TERRIT_0T, dominio BES_02"
Competenza alfabetica non adeguata (studenti classi III scuola secondaria primo grado),02IST011P,provincia,Vicenza,2022,31.1,%,Istat,"BES dei Territori (Bes at local level), DF_BES_TERRIT_0T, dominio BES_02"
Competenza alfabetica non adeguata (studenti classi III scuola secondaria primo grado),02IST011P,provincia,Vicenza,2023,30.5,%,Istat,"BES dei Territori (Bes at local level), DF_BES_TERRIT_0T, dominio BES_02"
Competenza alfabetica non adeguata (studenti classi III scuola secondaria primo grado),02IST011P,provincia,Vicenza,2024,32.5,%,Istat,"BES dei Territori (Bes at local level), DF_BES_TERRIT_0T, dominio BES_02"
Competenza alfabetica non adeguata (studenti classi III scuola secondaria primo grado),02IST011P,provincia,Viterbo,2018,31.7,%,Istat,"BES dei Territori (Bes at local level), DF_BES_TERRIT_0T, dominio BES_02"
Competenza alfabetica non adeguata (studenti classi III scuola secondaria primo grado),02IST011P,provincia,Viterbo,2019,34.6,%,Istat,"BES dei Territori (Bes at local level), DF_BES_TERRIT_0T, dominio BES_02"
Competenza alfabetica non adeguata (studenti classi III scuola secondaria primo grado),02IST011P,provincia,Viterbo,2021,36.5,%,Istat,"BES dei Territori (Bes at local level), DF_BES_TERRIT_0T, dominio BES_02"
Competenza alfabetica non adeguata (studenti classi III scuola secondaria primo grado),02IST011P,provincia,Viterbo,2022,37.1,%,Istat,"BES dei Territori (Bes at local level), DF_BES_TERRIT_0T, dominio BES_02"
Competenza alfabetica non adeguata (studenti classi III scuola secondaria primo grado),02IST011P,provincia,Viterbo,2023,34.6,%,Istat,"BES dei Territori (Bes at local level), DF_BES_TERRIT_0T, dominio BES_02"
Competenza alfabetica non adeguata (studenti classi III scuola secondaria primo grado),02IST011P,provincia,Viterbo,2024,38.2,%,Istat,"BES dei Territori (Bes at local level), DF_BES_TERRIT_0T, dominio BES_02"
