indicatore,codice,livello,territorio,anno,valore,unita,fonte,archivio
Mortalità per incidenti stradali (15-34 anni),01SAL005,regione,Abruzzo,2004,2.2,Tassi standardizzati per 10.000 residenti,"Istat - Per i decessi: Rilevazione degli incidenti stradali con lesioni alle persone. Per la popolazione: Rilevazione sulla Popolazione residente comunale per sesso, anno di nascita e stato civile","Benessere equo e sostenibile, aggiornamento intermedio 2026"
Mortalità per incidenti stradali (15-34 anni),01SAL005,regione,Abruzzo,2005,1.7,Tassi standardizzati per 10.000 residenti,"Istat - Per i decessi: Rilevazione degli incidenti stradali con lesioni alle persone. Per la popolazione: Rilevazione sulla Popolazione residente comunale per sesso, anno di nascita e stato civile","Benessere equo e sostenibile, aggiornamento intermedio 2026"
Mortalità per incidenti stradali (15-34 anni),01SAL005,regione,Abruzzo,2006,2.1,Tassi standardizzati per 10.000 residenti,"Istat - Per i decessi: Rilevazione degli incidenti stradali con lesioni alle persone. Per la popolazione: Rilevazione sulla Popolazione residente comunale per sesso, anno di nascita e stato civile","Benessere equo e sostenibile, aggiornamento intermedio 2026"
Mortalità per incidenti stradali (15-34 anni),01SAL005,regione,Abruzzo,2007,1.5,Tassi standardizzati per 10.000 residenti,"Istat - Per i decessi: Rilevazione degli incidenti stradali con lesioni alle persone. Per la popolazione: Rilevazione sulla Popolazione residente comunale per sesso, anno di nascita e stato civile","Benessere equo e sostenibile, aggiornamento intermedio 2026"
Mortalità per incidenti stradali (15-34 anni),01SAL005,regione,Abruzzo,2008,1.1,Tassi standardizzati per 10.000 residenti,"Istat - Per i decessi: Rilevazione degli incidenti stradali con lesioni alle persone. Per la popolazione: Rilevazione sulla Popolazione residente comunale per sesso, anno di nascita e stato civile","Benessere equo e sostenibile, aggiornamento intermedio 2026"
Mortalità per incidenti stradali (15-34 anni),01SAL005,regione,Abruzzo,2009,1.1,Tassi standardizzati per 10.000 residenti,"Istat - Per i decessi: Rilevazione degli incidenti stradali con lesioni alle persone. Per la popolazione: Rilevazione sulla Popolazione residente comunale per sesso, anno di nascita e stato civile","Benessere equo e sostenibile, aggiornamento intermedio 2026"
Mortalità per incidenti stradali (15-34 anni),01SAL005,regione,Abruzzo,2010,0.7,Tassi standardizzati per 10.000 residenti,"Istat - Per i decessi: Rilevazione degli incidenti stradali con lesioni alle persone. Per la popolazione: Rilevazione sulla Popolazione residente comunale per sesso, anno di nascita e stato civile","Benessere equo e sostenibile, aggiornamento intermedio 2026"
Mortalità per incidenti stradali (15-34 anni),01SAL005,regione,Abruzzo,2011,0.8,Tassi standardizzati per 10.000 residenti,"Istat - Per i decessi: Rilevazione degli incidenti stradali con lesioni alle persone. Per la popolazione: Rilevazione sulla Popolazione residente comunale per sesso, anno di nascita e stato civile","Benessere equo e sostenibile, aggiornamento intermedio 2026"
Mortalità per incidenti stradali (15-34 anni),01SAL005,regione,Abruzzo,2012,0.7,Tassi standardizzati per 10.000 residenti,"Istat - Per i decessi: Rilevazione degli incidenti stradali con lesioni alle persone. Per la popolazione: Rilevazione sulla Popolazione residente comunale per sesso, anno di nascita e stato civile","Benessere equo e sostenibile, aggiornamento intermedio 2026"
Mortalità per incidenti stradali (15-34 anni),01SAL005,regione,Abruzzo,2013,0.5,Tassi standardizzati per 10.000 residenti,"Istat - Per i decessi: Rilevazione degli incidenti stradali con lesioni alle persone. Per la popolazione: Rilevazione sulla Popolazione residente comunale per sesso, anno di nascita e stato civile","Benessere equo e sostenibile, aggiornamento intermedio 2026"
Mortalità per incidenti stradali (15-34 anni),01SAL005,regione,Abruzzo,2014,0.9,Tassi standardizzati per 10.000 residenti,"Istat - Per i decessi: Rilevazione degli incidenti stradali con lesioni alle persone. Per la popolazione: Rilevazione sulla Popolazione residente comunale per sesso, anno di nascita e stato civile","Benessere equo e sostenibile, aggiornamento intermedio 2026"
Mortalità per incidenti stradali (15-34 anni),01SAL005,regione,Abruzzo,2015,0.6,Tassi standardizzati per 10.000 residenti,"Istat - Per i decessi: Rilevazione degli incidenti stradali con lesioni alle persone. Per la popolazione: Rilevazione sulla Popolazione residente comunale per sesso, anno di nascita e stato civile","Benessere equo e sostenibile, aggiornamento intermedio 2026"
Mortalità per incidenti stradali (15-34 anni),01SAL005,regione,Abruzzo,2016,0.5,Tassi standardizzati per 10.000 residenti,"Istat - Per i decessi: Rilevazione degli incidenti stradali con lesioni alle persone. Per la popolazione: Rilevazione sulla Popolazione residente comunale per sesso, anno di nascita e stato civile","Benessere equo e sostenibile, aggiornamento intermedio 2026"
Mortalità per incidenti stradali (15-34 anni),01SAL005,regione,Abruzzo,2017,0.6,Tassi standardizzati per 10.000 residenti,"Istat - Per i decessi: Rilevazione degli incidenti stradali con lesioni alle persone. Per la popolazione: Rilevazione sulla Popolazione residente comunale per sesso, anno di nascita e stato civile","Benessere equo e sostenibile, aggiornamento intermedio 2026"
Mortalità per incidenti stradali (15-34 anni),01SAL005,regione,Abruzzo,2018,0.7,Tassi standardizzati per 10.000 residenti,"Istat - Per i decessi: Rilevazione degli incidenti stradali con lesioni alle persone. Per la popolazione: Rilevazione sulla Popolazione residente comunale per sesso, anno di nascita e stato civile","Benessere equo e sostenibile, aggiornamento intermedio 2026"
Mortalità per incidenti stradali (15-34 anni),01SAL005,regione,Abruzzo,2019,0.5,Tassi standardizzati per 10.000 residenti,"Istat - Per i decessi: Rilevazione degli incidenti stradali con lesioni alle persone. Per la popolazione: Rilevazione sulla Popolazione residente comunale per sesso, anno di nascita e stato civile","Benessere equo e sostenibile, aggiornamento intermedio 2026"
Mortalità per incidenti stradali (15-34 anni),01SAL005,regione,Abruzzo,2020,0.5,Tassi standardizzati per 10.000 residenti,"Istat - Per i decessi: Rilevazione degli incidenti stradali con lesioni alle persone. Per la popolazione: Rilevazione sulla Popolazione residente comunale per sesso, anno di nascita e stato civile","Benessere equo e sostenibile, aggiornamento intermedio 2026"
Mortalità per incidenti stradali (15-34 anni),01SAL005,regione,Abruzzo,2021,0.9,Tassi standardizzati per 10.000 residenti,"Istat - Per i decessi: Rilevazione degli incidenti stradali con lesioni alle persone. Per la popolazione: Rilevazione sulla Popolazione residente comunale per sesso, anno di nascita e stato civile","Benessere equo e sostenibile, aggiornamento intermedio 2026"
Mortalità per incidenti stradali (15-34 anni),01SAL005,regione,Abruzzo,2022,0.4,Tassi standardizzati per 10.000 residenti,"Istat - Per i decessi: Rilevazione degli incidenti stradali con lesioni alle persone. Per la popolazione: Rilevazione sulla Popolazione residente comunale per sesso, anno di nascita e stato civile","Benessere equo e sostenibile, aggiornamento intermedio 2026"
Mortalità per incidenti stradali (15-34 anni),01SAL005,regione,Abruzzo,2023,0.6,Tassi standardizzati per 10.000 residenti,"Istat - Per i decessi: Rilevazione degli incidenti stradali con lesioni alle persone. Per la popolazione: Rilevazione sulla Popolazione residente comunale per sesso, anno di nascita e stato civile","Benessere equo e sostenibile, aggiornamento intermedio 2026"
Mortalità per incidenti stradali (15-34 anni),01SAL005,regione,Abruzzo,2024,0.8,Tassi standardizzati per 10.000 residenti,"Istat - Per i decessi: Rilevazione degli incidenti stradali con lesioni alle persone. Per la popolazione: Rilevazione sulla Popolazione residente comunale per sesso, anno di nascita e stato civile","Benessere equo e sostenibile, aggiornamento intermedio 2026"
Mortalità per incidenti stradali (15-34 anni),01SAL005,regione,Basilicata,2004,1.2,Tassi standardizzati per 10.000 residenti,"Istat - Per i decessi: Rilevazione degli incidenti stradali con lesioni alle persone. Per la popolazione: Rilevazione sulla Popolazione residente comunale per sesso, anno di nascita e stato civile","Benessere equo e sostenibile, aggiornamento intermedio 2026"
Mortalità per incidenti stradali (15-34 anni),01SAL005,regione,Basilicata,2005,1.8,Tassi standardizzati per 10.000 residenti,"Istat - Per i decessi: Rilevazione degli incidenti stradali con lesioni alle persone. Per la popolazione: Rilevazione sulla Popolazione residente comunale per sesso, anno di nascita e stato civile","Benessere equo e sostenibile, aggiornamento intermedio 2026"
Mortalità per incidenti stradali (15-34 anni),01SAL005,regione,Basilicata,2006,1.9,Tassi standardizzati per 10.000 residenti,"Istat - Per i decessi: Rilevazione degli incidenti stradali con lesioni alle persone. Per la popolazione: Rilevazione sulla Popolazione residente comunale per sesso, anno di nascita e stato civile","Benessere equo e sostenibile, aggiornamento intermedio 2026"
Mortalità per incidenti stradali (15-34 anni),01SAL005,regione,Basilicata,2007,0.5,Tassi standardizzati per 10.000 residenti,"Istat - Per i decessi: Rilevazione degli incidenti stradali con lesioni alle persone. Per la popolazione: Rilevazione sulla Popolazione residente comunale per sesso, anno di nascita e stato civile","Benessere equo e sostenibile, aggiornamento intermedio 2026"
Mortalità per incidenti stradali (15-34 anni),01SAL005,regione,Basilicata,2008,0.9,Tassi standardizzati per 10.000 residenti,"Istat - Per i decessi: Rilevazione degli incidenti stradali con lesioni alle persone. Per la popolazione: Rilevazione sulla Popolazione residente comunale per sesso, anno di nascita e stato civile","Benessere equo e sostenibile, aggiornamento intermedio 2026"
Mortalità per incidenti stradali (15-34 anni),01SAL005,regione,Basilicata,2009,1.3,Tassi standardizzati per 10.000 residenti,"Istat - Per i decessi: Rilevazione degli incidenti stradali con lesioni alle persone. Per la popolazione: Rilevazione sulla Popolazione residente comunale per sesso, anno di nascita e stato civile","Benessere equo e sostenibile, aggiornamento intermedio 2026"
Mortalità per incidenti stradali (15-34 anni),01SAL005,regione,Basilicata,2010,0.7,Tassi standardizzati per 10.000 residenti,"Istat - Per i decessi: Rilevazione degli incidenti stradali con lesioni alle persone. Per la popolazione: Rilevazione sulla Popolazione residente comunale per sesso, anno di nascita e stato civile","Benessere equo e sostenibile, aggiornamento intermedio 2026"
Mortalità per incidenti stradali (15-34 anni),01SAL005,regione,Basilicata,2011,1.1,Tassi standardizzati per 10.000 residenti,"Istat - Per i decessi: Rilevazione degli incidenti stradali con lesioni alle persone. Per la popolazione: Rilevazione sulla Popolazione residente comunale per sesso, anno di nascita e stato civile","Benessere equo e sostenibile, aggiornamento intermedio 2026"
Mortalità per incidenti stradali (15-34 anni),01SAL005,regione,Basilicata,2012,1.2,Tassi standardizzati per 10.000 residenti,"Istat - Per i decessi: Rilevazione degli incidenti stradali con lesioni alle persone. Per la popolazione: Rilevazione sulla Popolazione residente comunale per sesso, anno di nascita e stato civile","Benessere equo e sostenibile, aggiornamento intermedio 2026"
Mortalità per incidenti stradali (15-34 anni),01SAL005,regione,Basilicata,2013,0.3,Tassi standardizzati per 10.000 residenti,"Istat - Per i decessi: Rilevazione degli incidenti stradali con lesioni alle persone. Per la popolazione: Rilevazione sulla Popolazione residente comunale per sesso, anno di nascita e stato civile","Benessere equo e sostenibile, aggiornamento intermedio 2026"
Mortalità per incidenti stradali (15-34 anni),01SAL005,regione,Basilicata,2014,1.1,Tassi standardizzati per 10.000 residenti,"Istat - Per i decessi: Rilevazione degli incidenti stradali con lesioni alle persone. Per la popolazione: Rilevazione sulla Popolazione residente comunale per sesso, anno di nascita e stato civile","Benessere equo e sostenibile, aggiornamento intermedio 2026"
Mortalità per incidenti stradali (15-34 anni),01SAL005,regione,Basilicata,2015,0.5,Tassi standardizzati per 10.000 residenti,"Istat - Per i decessi: Rilevazione degli incidenti stradali con lesioni alle persone. Per la popolazione: Rilevazione sulla Popolazione residente comunale per sesso, anno di nascita e stato civile","Benessere equo e sostenibile, aggiornamento intermedio 2026"
Mortalità per incidenti stradali (15-34 anni),01SAL005,regione,Basilicata,2016,0.9,Tassi standardizzati per 10.000 residenti,"Istat - Per i decessi: Rilevazione degli incidenti stradali con lesioni alle persone. Per la popolazione: Rilevazione sulla Popolazione residente comunale per sesso, anno di nascita e stato civile","Benessere equo e sostenibile, aggiornamento intermedio 2026"
Mortalità per incidenti stradali (15-34 anni),01SAL005,regione,Basilicata,2017,1.0,Tassi standardizzati per 10.000 residenti,"Istat - Per i decessi: Rilevazione degli incidenti stradali con lesioni alle persone. Per la popolazione: Rilevazione sulla Popolazione residente comunale per sesso, anno di nascita e stato civile","Benessere equo e sostenibile, aggiornamento intermedio 2026"
Mortalità per incidenti stradali (15-34 anni),01SAL005,regione,Basilicata,2018,0.9,Tassi standardizzati per 10.000 residenti,"Istat - Per i decessi: Rilevazione degli incidenti stradali con lesioni alle persone. Per la popolazione: Rilevazione sulla Popolazione residente comunale per sesso, anno di nascita e stato civile","Benessere equo e sostenibile, aggiornamento intermedio 2026"
Mortalità per incidenti stradali (15-34 anni),01SAL005,regione,Basilicata,2019,0.3,Tassi standardizzati per 10.000 residenti,"Istat - Per i decessi: Rilevazione degli incidenti stradali con lesioni alle persone. Per la popolazione: Rilevazione sulla Popolazione residente comunale per sesso, anno di nascita e stato civile","Benessere equo e sostenibile, aggiornamento intermedio 2026"
Mortalità per incidenti stradali (15-34 anni),01SAL005,regione,Basilicata,2020,0.6,Tassi standardizzati per 10.000 residenti,"Istat - Per i decessi: Rilevazione degli incidenti stradali con lesioni alle persone. Per la popolazione: Rilevazione sulla Popolazione residente comunale per sesso, anno di nascita e stato civile","Benessere equo e sostenibile, aggiornamento intermedio 2026"
Mortalità per incidenti stradali (15-34 anni),01SAL005,regione,Basilicata,2021,1.0,Tassi standardizzati per 10.000 residenti,"Istat - Per i decessi: Rilevazione degli incidenti stradali con lesioni alle persone. Per la popolazione: Rilevazione sulla Popolazione residente comunale per sesso, anno di nascita e stato civile","Benessere equo e sostenibile, aggiornamento intermedio 2026"
Mortalità per incidenti stradali (15-34 anni),01SAL005,regione,Basilicata,2022,1.1,Tassi standardizzati per 10.000 residenti,"Istat - Per i decessi: Rilevazione degli incidenti stradali con lesioni alle persone. Per la popolazione: Rilevazione sulla Popolazione residente comunale per sesso, anno di nascita e stato civile","Benessere equo e sostenibile, aggiornamento intermedio 2026"
Mortalità per incidenti stradali (15-34 anni),01SAL005,regione,Basilicata,2023,0.8,Tassi standardizzati per 10.000 residenti,"Istat - Per i decessi: Rilevazione degli incidenti stradali con lesioni alle persone. Per la popolazione: Rilevazione sulla Popolazione residente comunale per sesso, anno di nascita e stato civile","Benessere equo e sostenibile, aggiornamento intermedio 2026"
Mortalità per incidenti stradali (15-34 anni),01SAL005,regione,Basilicata,2024,0.8,Tassi standardizzati per 10.000 residenti,"Istat - Per i decessi: Rilevazione degli incidenti stradali con lesioni alle persone. Per la popolazione: Rilevazione sulla Popolazione residente comunale per sesso, anno di nascita e stato civile","Benessere equo e sostenibile, aggiornamento intermedio 2026"
Mortalità per incidenti stradali (15-34 anni),01SAL005,regione,Calabria,2004,1.2,Tassi standardizzati per 10.000 residenti,"Istat - Per i decessi: Rilevazione degli incidenti stradali con lesioni alle persone. Per la popolazione: Rilevazione sulla Popolazione residente comunale per sesso, anno di nascita e stato civile","Benessere equo e sostenibile, aggiornamento intermedio 2026"
Mortalità per incidenti stradali (15-34 anni),01SAL005,regione,Calabria,2005,1.3,Tassi standardizzati per 10.000 residenti,"Istat - Per i decessi: Rilevazione degli incidenti stradali con lesioni alle persone. Per la popolazione: Rilevazione sulla Popolazione residente comunale per sesso, anno di nascita e stato civile","Benessere equo e sostenibile, aggiornamento intermedio 2026"
Mortalità per incidenti stradali (15-34 anni),01SAL005,regione,Calabria,2006,1.2,Tassi standardizzati per 10.000 residenti,"Istat - Per i decessi: Rilevazione degli incidenti stradali con lesioni alle persone. Per la popolazione: Rilevazione sulla Popolazione residente comunale per sesso, anno di nascita e stato civile","Benessere equo e sostenibile, aggiornamento intermedio 2026"
Mortalità per incidenti stradali (15-34 anni),01SAL005,regione,Calabria,2007,0.8,Tassi standardizzati per 10.000 residenti,"Istat - Per i decessi: Rilevazione degli incidenti stradali con lesioni alle persone. Per la popolazione: Rilevazione sulla Popolazione residente comunale per sesso, anno di nascita e stato civile","Benessere equo e sostenibile, aggiornamento intermedio 2026"
Mortalità per incidenti stradali (15-34 anni),01SAL005,regione,Calabria,2008,1.0,Tassi standardizzati per 10.000 residenti,"Istat - Per i decessi: Rilevazione degli incidenti stradali con lesioni alle persone. Per la popolazione: Rilevazione sulla Popolazione residente comunale per sesso, anno di nascita e stato civile","Benessere equo e sostenibile, aggiornamento intermedio 2026"
Mortalità per incidenti stradali (15-34 anni),01SAL005,regione,Calabria,2009,1.0,Tassi standardizzati per 10.000 residenti,"Istat - Per i decessi: Rilevazione degli incidenti stradali con lesioni alle persone. Per la popolazione: Rilevazione sulla Popolazione residente comunale per sesso, anno di nascita e stato civile","Benessere equo e sostenibile, aggiornamento intermedio 2026"
Mortalità per incidenti stradali (15-34 anni),01SAL005,regione,Calabria,2010,1.1,Tassi standardizzati per 10.000 residenti,"Istat - Per i decessi: Rilevazione degli incidenti stradali con lesioni alle persone. Per la popolazione: Rilevazione sulla Popolazione residente comunale per sesso, anno di nascita e stato civile","Benessere equo e sostenibile, aggiornamento intermedio 2026"
Mortalità per incidenti stradali (15-34 anni),01SAL005,regione,Calabria,2011,0.7,Tassi standardizzati per 10.000 residenti,"Istat - Per i decessi: Rilevazione degli incidenti stradali con lesioni alle persone. Per la popolazione: Rilevazione sulla Popolazione residente comunale per sesso, anno di nascita e stato civile","Benessere equo e sostenibile, aggiornamento intermedio 2026"
Mortalità per incidenti stradali (15-34 anni),01SAL005,regione,Calabria,2012,0.7,Tassi standardizzati per 10.000 residenti,"Istat - Per i decessi: Rilevazione degli incidenti stradali con lesioni alle persone. Per la popolazione: Rilevazione sulla Popolazione residente comunale per sesso, anno di nascita e stato civile","Benessere equo e sostenibile, aggiornamento intermedio 2026"
Mortalità per incidenti stradali (15-34 anni),01SAL005,regione,Calabria,2013,0.6,Tassi standardizzati per 10.000 residenti,"Istat - Per i decessi: Rilevazione degli incidenti stradali con lesioni alle persone. Per la popolazione: Rilevazione sulla Popolazione residente comunale per sesso, anno di nascita e stato civile","Benessere equo e sostenibile, aggiornamento intermedio 2026"
Mortalità per incidenti stradali (15-34 anni),01SAL005,regione,Calabria,2014,0.7,Tassi standardizzati per 10.000 residenti,"Istat - Per i decessi: Rilevazione degli incidenti stradali con lesioni alle persone. Per la popolazione: Rilevazione sulla Popolazione residente comunale per sesso, anno di nascita e stato civile","Benessere equo e sostenibile, aggiornamento intermedio 2026"
Mortalità per incidenti stradali (15-34 anni),01SAL005,regione,Calabria,2015,0.6,Tassi standardizzati per 10.000 residenti,"Istat - Per i decessi: Rilevazione degli incidenti stradali con lesioni alle persone. Per la popolazione: Rilevazione sulla Popolazione residente comunale per sesso, anno di nascita e stato civile","Benessere equo e sostenibile, aggiornamento intermedio 2026"
Mortalità per incidenti stradali (15-34 anni),01SAL005,regione,Calabria,2016,1.0,Tassi standardizzati per 10.000 residenti,"Istat - Per i decessi: Rilevazione degli incidenti stradali con lesioni alle persone. Per la popolazione: Rilevazione sulla Popolazione residente comunale per sesso, anno di nascita e stato civile","Benessere equo e sostenibile, aggiornamento intermedio 2026"
Mortalità per incidenti stradali (15-34 anni),01SAL005,regione,Calabria,2017,0.6,Tassi standardizzati per 10.000 residenti,"Istat - Per i decessi: Rilevazione degli incidenti stradali con lesioni alle persone. Per la popolazione: Rilevazione sulla Popolazione residente comunale per sesso, anno di nascita e stato civile","Benessere equo e sostenibile, aggiornamento intermedio 2026"
Mortalità per incidenti stradali (15-34 anni),01SAL005,regione,Calabria,2018,0.7,Tassi standardizzati per 10.000 residenti,"Istat - Per i decessi: Rilevazione degli incidenti stradali con lesioni alle persone. Per la popolazione: Rilevazione sulla Popolazione residente comunale per sesso, anno di nascita e stato civile","Benessere equo e sostenibile, aggiornamento intermedio 2026"
Mortalità per incidenti stradali (15-34 anni),01SAL005,regione,Calabria,2019,0.8,Tassi standardizzati per 10.000 residenti,"Istat - Per i decessi: Rilevazione degli incidenti stradali con lesioni alle persone. Per la popolazione: Rilevazione sulla Popolazione residente comunale per sesso, anno di nascita e stato civile","Benessere equo e sostenibile, aggiornamento intermedio 2026"
Mortalità per incidenti stradali (15-34 anni),01SAL005,regione,Calabria,2020,0.4,Tassi standardizzati per 10.000 residenti,"Istat - Per i decessi: Rilevazione degli incidenti stradali con lesioni alle persone. Per la popolazione: Rilevazione sulla Popolazione residente comunale per sesso, anno di nascita e stato civile","Benessere equo e sostenibile, aggiornamento intermedio 2026"
Mortalità per incidenti stradali (15-34 anni),01SAL005,regione,Calabria,2021,0.6,Tassi standardizzati per 10.000 residenti,"Istat - Per i decessi: Rilevazione degli incidenti stradali con lesioni alle persone. Per la popolazione: Rilevazione sulla Popolazione residente comunale per sesso, anno di nascita e stato civile","Benessere equo e sostenibile, aggiornamento intermedio 2026"
Mortalità per incidenti stradali (15-34 anni),01SAL005,regione,Calabria,2022,0.5,Tassi standardizzati per 10.000 residenti,"Istat - Per i decessi: Rilevazione degli incidenti stradali con lesioni alle persone. Per la popolazione: Rilevazione sulla Popolazione residente comunale per sesso, anno di nascita e stato civile","Benessere equo e sostenibile, aggiornamento intermedio 2026"
Mortalità per incidenti stradali (15-34 anni),01SAL005,regione,Calabria,2023,0.5,Tassi standardizzati per 10.000 residenti,"Istat - Per i decessi: Rilevazione degli incidenti stradali con lesioni alle persone. Per la popolazione: Rilevazione sulla Popolazione residente comunale per sesso, anno di nascita e stato civile","Benessere equo e sostenibile, aggiornamento intermedio 2026"
Mortalità per incidenti stradali (15-34 anni),01SAL005,regione,Calabria,2024,0.9,Tassi standardizzati per 10.000 residenti,"Istat - Per i decessi: Rilevazione degli incidenti stradali con lesioni alle persone. Per la popolazione: Rilevazione sulla Popolazione residente comunale per sesso, anno di nascita e stato civile","Benessere equo e sostenibile, aggiornamento intermedio 2026"
Mortalità per incidenti stradali (15-34 anni),01SAL005,regione,Campania,2004,1.1,Tassi standardizzati per 10.000 residenti,"Istat - Per i decessi: Rilevazione degli incidenti stradali con lesioni alle persone. Per la popolazione: Rilevazione sulla Popolazione residente comunale per sesso, anno di nascita e stato civile","Benessere equo e sostenibile, aggiornamento intermedio 2026"
Mortalità per incidenti stradali (15-34 anni),01SAL005,regione,Campania,2005,1.1,Tassi standardizzati per 10.000 residenti,"Istat - Per i decessi: Rilevazione degli incidenti stradali con lesioni alle persone. Per la popolazione: Rilevazione sulla Popolazione residente comunale per sesso, anno di nascita e stato civile","Benessere equo e sostenibile, aggiornamento intermedio 2026"
Mortalità per incidenti stradali (15-34 anni),01SAL005,regione,Campania,2006,1.0,Tassi standardizzati per 10.000 residenti,"Istat - Per i decessi: Rilevazione degli incidenti stradali con lesioni alle persone. Per la popolazione: Rilevazione sulla Popolazione residente comunale per sesso, anno di nascita e stato civile","Benessere equo e sostenibile, aggiornamento intermedio 2026"
Mortalità per incidenti stradali (15-34 anni),01SAL005,regione,Campania,2007,1.0,Tassi standardizzati per 10.000 residenti,"Istat - Per i decessi: Rilevazione degli incidenti stradali con lesioni alle persone. Per la popolazione: Rilevazione sulla Popolazione residente comunale per sesso, anno di nascita e stato civile","Benessere equo e sostenibile, aggiornamento intermedio 2026"
Mortalità per incidenti stradali (15-34 anni),01SAL005,regione,Campania,2008,0.9,Tassi standardizzati per 10.000 residenti,"Istat - Per i decessi: Rilevazione degli incidenti stradali con lesioni alle persone. Per la popolazione: Rilevazione sulla Popolazione residente comunale per sesso, anno di nascita e stato civile","Benessere equo e sostenibile, aggiornamento intermedio 2026"
Mortalità per incidenti stradali (15-34 anni),01SAL005,regione,Campania,2009,0.8,Tassi standardizzati per 10.000 residenti,"Istat - Per i decessi: Rilevazione degli incidenti stradali con lesioni alle persone. Per la popolazione: Rilevazione sulla Popolazione residente comunale per sesso, anno di nascita e stato civile","Benessere equo e sostenibile, aggiornamento intermedio 2026"
Mortalità per incidenti stradali (15-34 anni),01SAL005,regione,Campania,2010,0.7,Tassi standardizzati per 10.000 residenti,"Istat - Per i decessi: Rilevazione degli incidenti stradali con lesioni alle persone. Per la popolazione: Rilevazione sulla Popolazione residente comunale per sesso, anno di nascita e stato civile","Benessere equo e sostenibile, aggiornamento intermedio 2026"
Mortalità per incidenti stradali (15-34 anni),01SAL005,regione,Campania,2011,0.6,Tassi standardizzati per 10.000 residenti,"Istat - Per i decessi: Rilevazione degli incidenti stradali con lesioni alle persone. Per la popolazione: Rilevazione sulla Popolazione residente comunale per sesso, anno di nascita e stato civile","Benessere equo e sostenibile, aggiornamento intermedio 2026"
Mortalità per incidenti stradali (15-34 anni),01SAL005,regione,Campania,2012,0.5,Tassi standardizzati per 10.000 residenti,"Istat - Per i decessi: Rilevazione degli incidenti stradali con lesioni alle persone. Per la popolazione: Rilevazione sulla Popolazione residente comunale per sesso, anno di nascita e stato civile","Benessere equo e sostenibile, aggiornamento intermedio 2026"
Mortalità per incidenti stradali (15-34 anni),01SAL005,regione,Campania,2013,0.6,Tassi standardizzati per 10.000 residenti,"Istat - Per i decessi: Rilevazione degli incidenti stradali con lesioni alle persone. Per la popolazione: Rilevazione sulla Popolazione residente comunale per sesso, anno di nascita e stato civile","Benessere equo e sostenibile, aggiornamento intermedio 2026"
Mortalità per incidenti stradali (15-34 anni),01SAL005,regione,Campania,2014,0.6,Tassi standardizzati per 10.000 residenti,"Istat - Per i decessi: Rilevazione degli incidenti stradali con lesioni alle persone. Per la popolazione: Rilevazione sulla Popolazione residente comunale per sesso, anno di nascita e stato civile","Benessere equo e sostenibile, aggiornamento intermedio 2026"
Mortalità per incidenti stradali (15-34 anni),01SAL005,regione,Campania,2015,0.6,Tassi standardizzati per 10.000 residenti,"Istat - Per i decessi: Rilevazione degli incidenti stradali con lesioni alle persone. Per la popolazione: Rilevazione sulla Popolazione residente comunale per sesso, anno di nascita e stato civile","Benessere equo e sostenibile, aggiornamento intermedio 2026"
Mortalità per incidenti stradali (15-34 anni),01SAL005,regione,Campania,2016,0.4,Tassi standardizzati per 10.000 residenti,"Istat - Per i decessi: Rilevazione degli incidenti stradali con lesioni alle persone. Per la popolazione: Rilevazione sulla Popolazione residente comunale per sesso, anno di nascita e stato civile","Benessere equo e sostenibile, aggiornamento intermedio 2026"
Mortalità per incidenti stradali (15-34 anni),01SAL005,regione,Campania,2017,0.4,Tassi standardizzati per 10.000 residenti,"Istat - Per i decessi: Rilevazione degli incidenti stradali con lesioni alle persone. Per la popolazione: Rilevazione sulla Popolazione residente comunale per sesso, anno di nascita e stato civile","Benessere equo e sostenibile, aggiornamento intermedio 2026"
Mortalità per incidenti stradali (15-34 anni),01SAL005,regione,Campania,2018,0.5,Tassi standardizzati per 10.000 residenti,"Istat - Per i decessi: Rilevazione degli incidenti stradali con lesioni alle persone. Per la popolazione: Rilevazione sulla Popolazione residente comunale per sesso, anno di nascita e stato civile","Benessere equo e sostenibile, aggiornamento intermedio 2026"
Mortalità per incidenti stradali (15-34 anni),01SAL005,regione,Campania,2019,0.6,Tassi standardizzati per 10.000 residenti,"Istat - Per i decessi: Rilevazione degli incidenti stradali con lesioni alle persone. Per la popolazione: Rilevazione sulla Popolazione residente comunale per sesso, anno di nascita e stato civile","Benessere equo e sostenibile, aggiornamento intermedio 2026"
Mortalità per incidenti stradali (15-34 anni),01SAL005,regione,Campania,2020,0.4,Tassi standardizzati per 10.000 residenti,"Istat - Per i decessi: Rilevazione degli incidenti stradali con lesioni alle persone. Per la popolazione: Rilevazione sulla Popolazione residente comunale per sesso, anno di nascita e stato civile","Benessere equo e sostenibile, aggiornamento intermedio 2026"
Mortalità per incidenti stradali (15-34 anni),01SAL005,regione,Campania,2021,0.6,Tassi standardizzati per 10.000 residenti,"Istat - Per i decessi: Rilevazione degli incidenti stradali con lesioni alle persone. Per la popolazione: Rilevazione sulla Popolazione residente comunale per sesso, anno di nascita e stato civile","Benessere equo e sostenibile, aggiornamento intermedio 2026"
Mortalità per incidenti stradali (15-34 anni),01SAL005,regione,Campania,2022,0.6,Tassi standardizzati per 10.000 residenti,"Istat - Per i decessi: Rilevazione degli incidenti stradali con lesioni alle persone. Per la popolazione: Rilevazione sulla Popolazione residente comunale per sesso, anno di nascita e stato civile","Benessere equo e sostenibile, aggiornamento intermedio 2026"
Mortalità per incidenti stradali (15-34 anni),01SAL005,regione,Campania,2023,0.5,Tassi standardizzati per 10.000 residenti,"Istat - Per i decessi: Rilevazione degli incidenti stradali con lesioni alle persone. Per la popolazione: Rilevazione sulla Popolazione residente comunale per sesso, anno di nascita e stato civile","Benessere equo e sostenibile, aggiornamento intermedio 2026"
Mortalità per incidenti stradali (15-34 anni),01SAL005,regione,Campania,2024,0.8,Tassi standardizzati per 10.000 residenti,"Istat - Per i decessi: Rilevazione degli incidenti stradali con lesioni alle persone. Per la popolazione: Rilevazione sulla Popolazione residente comunale per sesso, anno di nascita e stato civile","Benessere equo e sostenibile, aggiornamento intermedio 2026"
Mortalità per incidenti stradali (15-34 anni),01SAL005,regione,Emilia-Romagna,2004,2.7,Tassi standardizzati per 10.000 residenti,"Istat - Per i decessi: Rilevazione degli incidenti stradali con lesioni alle persone. Per la popolazione: Rilevazione sulla Popolazione residente comunale per sesso, anno di nascita e stato civile","Benessere equo e sostenibile, aggiornamento intermedio 2026"
Mortalità per incidenti stradali (15-34 anni),01SAL005,regione,Emilia-Romagna,2005,2.6,Tassi standardizzati per 10.000 residenti,"Istat - Per i decessi: Rilevazione degli incidenti stradali con lesioni alle persone. Per la popolazione: Rilevazione sulla Popolazione residente comunale per sesso, anno di nascita e stato civile","Benessere equo e sostenibile, aggiornamento intermedio 2026"
Mortalità per incidenti stradali (15-34 anni),01SAL005,regione,Emilia-Romagna,2006,1.9,Tassi standardizzati per 10.000 residenti,"Istat - Per i decessi: Rilevazione degli incidenti stradali con lesioni alle persone. Per la popolazione: Rilevazione sulla Popolazione residente comunale per sesso, anno di nascita e stato civile","Benessere equo e sostenibile, aggiornamento intermedio 2026"
Mortalità per incidenti stradali (15-34 anni),01SAL005,regione,Emilia-Romagna,2007,2.1,Tassi standardizzati per 10.000 residenti,"Istat - Per i decessi: Rilevazione degli incidenti stradali con lesioni alle persone. Per la popolazione: Rilevazione sulla Popolazione residente comunale per sesso, anno di nascita e stato civile","Benessere equo e sostenibile, aggiornamento intermedio 2026"
Mortalità per incidenti stradali (15-34 anni),01SAL005,regione,Emilia-Romagna,2008,1.9,Tassi standardizzati per 10.000 residenti,"Istat - Per i decessi: Rilevazione degli incidenti stradali con lesioni alle persone. Per la popolazione: Rilevazione sulla Popolazione residente comunale per sesso, anno di nascita e stato civile","Benessere equo e sostenibile, aggiornamento intermedio 2026"
Mortalità per incidenti stradali (15-34 anni),01SAL005,regione,Emilia-Romagna,2009,1.3,Tassi standardizzati per 10.000 residenti,"Istat - Per i decessi: Rilevazione degli incidenti stradali con lesioni alle persone. Per la popolazione: Rilevazione sulla Popolazione residente comunale per sesso, anno di nascita e stato civile","Benessere equo e sostenibile, aggiornamento intermedio 2026"
Mortalità per incidenti stradali (15-34 anni),01SAL005,regione,Emilia-Romagna,2010,1.3,Tassi standardizzati per 10.000 residenti,"Istat - Per i decessi: Rilevazione degli incidenti stradali con lesioni alle persone. Per la popolazione: Rilevazione sulla Popolazione residente comunale per sesso, anno di nascita e stato civile","Benessere equo e sostenibile, aggiornamento intermedio 2026"
Mortalità per incidenti stradali (15-34 anni),01SAL005,regione,Emilia-Romagna,2011,1.1,Tassi standardizzati per 10.000 residenti,"Istat - Per i decessi: Rilevazione degli incidenti stradali con lesioni alle persone. Per la popolazione: Rilevazione sulla Popolazione residente comunale per sesso, anno di nascita e stato civile","Benessere equo e sostenibile, aggiornamento intermedio 2026"
Mortalità per incidenti stradali (15-34 anni),01SAL005,regione,Emilia-Romagna,2012,1.0,Tassi standardizzati per 10.000 residenti,"Istat - Per i decessi: Rilevazione degli incidenti stradali con lesioni alle persone. Per la popolazione: Rilevazione sulla Popolazione residente comunale per sesso, anno di nascita e stato civile","Benessere equo e sostenibile, aggiornamento intermedio 2026"
Mortalità per incidenti stradali (15-34 anni),01SAL005,regione,Emilia-Romagna,2013,1.0,Tassi standardizzati per 10.000 residenti,"Istat - Per i decessi: Rilevazione degli incidenti stradali con lesioni alle persone. Per la popolazione: Rilevazione sulla Popolazione residente comunale per sesso, anno di nascita e stato civile","Benessere equo e sostenibile, aggiornamento intermedio 2026"
Mortalità per incidenti stradali (15-34 anni),01SAL005,regione,Emilia-Romagna,2014,0.6,Tassi standardizzati per 10.000 residenti,"Istat - Per i decessi: Rilevazione degli incidenti stradali con lesioni alle persone. Per la popolazione: Rilevazione sulla Popolazione residente comunale per sesso, anno di nascita e stato civile","Benessere equo e sostenibile, aggiornamento intermedio 2026"
Mortalità per incidenti stradali (15-34 anni),01SAL005,regione,Emilia-Romagna,2015,0.8,Tassi standardizzati per 10.000 residenti,"Istat - Per i decessi: Rilevazione degli incidenti stradali con lesioni alle persone. Per la popolazione: Rilevazione sulla Popolazione residente comunale per sesso, anno di nascita e stato civile","Benessere equo e sostenibile, aggiornamento intermedio 2026"
Mortalità per incidenti stradali (15-34 anni),01SAL005,regione,Emilia-Romagna,2016,0.8,Tassi standardizzati per 10.000 residenti,"Istat - Per i decessi: Rilevazione degli incidenti stradali con lesioni alle persone. Per la popolazione: Rilevazione sulla Popolazione residente comunale per sesso, anno di nascita e stato civile","Benessere equo e sostenibile, aggiornamento intermedio 2026"
Mortalità per incidenti stradali (15-34 anni),01SAL005,regione,Emilia-Romagna,2017,0.8,Tassi standardizzati per 10.000 residenti,"Istat - Per i decessi: Rilevazione degli incidenti stradali con lesioni alle persone. Per la popolazione: Rilevazione sulla Popolazione residente comunale per sesso, anno di nascita e stato civile","Benessere equo e sostenibile, aggiornamento intermedio 2026"
Mortalità per incidenti stradali (15-34 anni),01SAL005,regione,Emilia-Romagna,2018,0.9,Tassi standardizzati per 10.000 residenti,"Istat - Per i decessi: Rilevazione degli incidenti stradali con lesioni alle persone. Per la popolazione: Rilevazione sulla Popolazione residente comunale per sesso, anno di nascita e stato civile","Benessere equo e sostenibile, aggiornamento intermedio 2026"
Mortalità per incidenti stradali (15-34 anni),01SAL005,regione,Emilia-Romagna,2019,0.7,Tassi standardizzati per 10.000 residenti,"Istat - Per i decessi: Rilevazione degli incidenti stradali con lesioni alle persone. Per la popolazione: Rilevazione sulla Popolazione residente comunale per sesso, anno di nascita e stato civile","Benessere equo e sostenibile, aggiornamento intermedio 2026"
Mortalità per incidenti stradali (15-34 anni),01SAL005,regione,Emilia-Romagna,2020,0.6,Tassi standardizzati per 10.000 residenti,"Istat - Per i decessi: Rilevazione degli incidenti stradali con lesioni alle persone. Per la popolazione: Rilevazione sulla Popolazione residente comunale per sesso, anno di nascita e stato civile","Benessere equo e sostenibile, aggiornamento intermedio 2026"
Mortalità per incidenti stradali (15-34 anni),01SAL005,regione,Emilia-Romagna,2021,0.7,Tassi standardizzati per 10.000 residenti,"Istat - Per i decessi: Rilevazione degli incidenti stradali con lesioni alle persone. Per la popolazione: Rilevazione sulla Popolazione residente comunale per sesso, anno di nascita e stato civile","Benessere equo e sostenibile, aggiornamento intermedio 2026"
Mortalità per incidenti stradali (15-34 anni),01SAL005,regione,Emilia-Romagna,2022,0.7,Tassi standardizzati per 10.000 residenti,"Istat - Per i decessi: Rilevazione degli incidenti stradali con lesioni alle persone. Per la popolazione: Rilevazione sulla Popolazione residente comunale per sesso, anno di nascita e stato civile","Benessere equo e sostenibile, aggiornamento intermedio 2026"
Mortalità per incidenti stradali (15-34 anni),01SAL005,regione,Emilia-Romagna,2023,0.5,Tassi standardizzati per 10.000 residenti,"Istat - Per i decessi: Rilevazione degli incidenti stradali con lesioni alle persone. Per la popolazione: Rilevazione sulla Popolazione residente comunale per sesso, anno di nascita e stato civile","Benessere equo e sostenibile, aggiornamento intermedio 2026"
Mortalità per incidenti stradali (15-34 anni),01SAL005,regione,Emilia-Romagna,2024,0.6,Tassi standardizzati per 10.000 residenti,"Istat - Per i decessi: Rilevazione degli incidenti stradali con lesioni alle persone. Per la popolazione: Rilevazione sulla Popolazione residente comunale per sesso, anno di nascita e stato civile","Benessere equo e sostenibile, aggiornamento intermedio 2026"
Mortalità per incidenti stradali (15-34 anni),01SAL005,regione,Friuli-Venezia Giulia,2004,2.0,Tassi standardizzati per 10.000 residenti,"Istat - Per i decessi: Rilevazione degli incidenti stradali con lesioni alle persone. Per la popolazione: Rilevazione sulla Popolazione residente comunale per sesso, anno di nascita e stato civile","Benessere equo e sostenibile, aggiornamento intermedio 2026"
Mortalità per incidenti stradali (15-34 anni),01SAL005,regione,Friuli-Venezia Giulia,2005,2.4,Tassi standardizzati per 10.000 residenti,"Istat - Per i decessi: Rilevazione degli incidenti stradali con lesioni alle persone. Per la popolazione: Rilevazione sulla Popolazione residente comunale per sesso, anno di nascita e stato civile","Benessere equo e sostenibile, aggiornamento intermedio 2026"
Mortalità per incidenti stradali (15-34 anni),01SAL005,regione,Friuli-Venezia Giulia,2006,1.8,Tassi standardizzati per 10.000 residenti,"Istat - Per i decessi: Rilevazione degli incidenti stradali con lesioni alle persone. Per la popolazione: Rilevazione sulla Popolazione residente comunale per sesso, anno di nascita e stato civile","Benessere equo e sostenibile, aggiornamento intermedio 2026"
Mortalità per incidenti stradali (15-34 anni),01SAL005,regione,Friuli-Venezia Giulia,2007,1.5,Tassi standardizzati per 10.000 residenti,"Istat - Per i decessi: Rilevazione degli incidenti stradali con lesioni alle persone. Per la popolazione: Rilevazione sulla Popolazione residente comunale per sesso, anno di nascita e stato civile","Benessere equo e sostenibile, aggiornamento intermedio 2026"
Mortalità per incidenti stradali (15-34 anni),01SAL005,regione,Friuli-Venezia Giulia,2008,1.2,Tassi standardizzati per 10.000 residenti,"Istat - Per i decessi: Rilevazione degli incidenti stradali con lesioni alle persone. Per la popolazione: Rilevazione sulla Popolazione residente comunale per sesso, anno di nascita e stato civile","Benessere equo e sostenibile, aggiornamento intermedio 2026"
Mortalità per incidenti stradali (15-34 anni),01SAL005,regione,Friuli-Venezia Giulia,2009,1.3,Tassi standardizzati per 10.000 residenti,"Istat - Per i decessi: Rilevazione degli incidenti stradali con lesioni alle persone. Per la popolazione: Rilevazione sulla Popolazione residente comunale per sesso, anno di nascita e stato civile","Benessere equo e sostenibile, aggiornamento intermedio 2026"
Mortalità per incidenti stradali (15-34 anni),01SAL005,regione,Friuli-Venezia Giulia,2010,1.2,Tassi standardizzati per 10.000 residenti,"Istat - Per i decessi: Rilevazione degli incidenti stradali con lesioni alle persone. Per la popolazione: Rilevazione sulla Popolazione residente comunale per sesso, anno di nascita e stato civile","Benessere equo e sostenibile, aggiornamento intermedio 2026"
Mortalità per incidenti stradali (15-34 anni),01SAL005,regione,Friuli-Venezia Giulia,2011,1.0,Tassi standardizzati per 10.000 residenti,"Istat - Per i decessi: Rilevazione degli incidenti stradali con lesioni alle persone. Per la popolazione: Rilevazione sulla Popolazione residente comunale per sesso, anno di nascita e stato civile","Benessere equo e sostenibile, aggiornamento intermedio 2026"
Mortalità per incidenti stradali (15-34 anni),01SAL005,regione,Friuli-Venezia Giulia,2012,1.0,Tassi standardizzati per 10.000 residenti,"Istat - Per i decessi: Rilevazione degli incidenti stradali con lesioni alle persone. Per la popolazione: Rilevazione sulla Popolazione residente comunale per sesso, anno di nascita e stato civile","Benessere equo e sostenibile, aggiornamento intermedio 2026"
Mortalità per incidenti stradali (15-34 anni),01SAL005,regione,Friuli-Venezia Giulia,2013,1.0,Tassi standardizzati per 10.000 residenti,"Istat - Per i decessi: Rilevazione degli incidenti stradali con lesioni alle persone. Per la popolazione: Rilevazione sulla Popolazione residente comunale per sesso, anno di nascita e stato civile","Benessere equo e sostenibile, aggiornamento intermedio 2026"
Mortalità per incidenti stradali (15-34 anni),01SAL005,regione,Friuli-Venezia Giulia,2014,1.2,Tassi standardizzati per 10.000 residenti,"Istat - Per i decessi: Rilevazione degli incidenti stradali con lesioni alle persone. Per la popolazione: Rilevazione sulla Popolazione residente comunale per sesso, anno di nascita e stato civile","Benessere equo e sostenibile, aggiornamento intermedio 2026"
Mortalità per incidenti stradali (15-34 anni),01SAL005,regione,Friuli-Venezia Giulia,2015,0.7,Tassi standardizzati per 10.000 residenti,"Istat - Per i decessi: Rilevazione degli incidenti stradali con lesioni alle persone. Per la popolazione: Rilevazione sulla Popolazione residente comunale per sesso, anno di nascita e stato civile","Benessere equo e sostenibile, aggiornamento intermedio 2026"
Mortalità per incidenti stradali (15-34 anni),01SAL005,regione,Friuli-Venezia Giulia,2016,0.7,Tassi standardizzati per 10.000 residenti,"Istat - Per i decessi: Rilevazione degli incidenti stradali con lesioni alle persone. Per la popolazione: Rilevazione sulla Popolazione residente comunale per sesso, anno di nascita e stato civile","Benessere equo e sostenibile, aggiornamento intermedio 2026"
Mortalità per incidenti stradali (15-34 anni),01SAL005,regione,Friuli-Venezia Giulia,2017,0.7,Tassi standardizzati per 10.000 residenti,"Istat - Per i decessi: Rilevazione degli incidenti stradali con lesioni alle persone. Per la popolazione: Rilevazione sulla Popolazione residente comunale per sesso, anno di nascita e stato civile","Benessere equo e sostenibile, aggiornamento intermedio 2026"
Mortalità per incidenti stradali (15-34 anni),01SAL005,regione,Friuli-Venezia Giulia,2018,0.6,Tassi standardizzati per 10.000 residenti,"Istat - Per i decessi: Rilevazione degli incidenti stradali con lesioni alle persone. Per la popolazione: Rilevazione sulla Popolazione residente comunale per sesso, anno di nascita e stato civile","Benessere equo e sostenibile, aggiornamento intermedio 2026"
Mortalità per incidenti stradali (15-34 anni),01SAL005,regione,Friuli-Venezia Giulia,2019,0.7,Tassi standardizzati per 10.000 residenti,"Istat - Per i decessi: Rilevazione degli incidenti stradali con lesioni alle persone. Per la popolazione: Rilevazione sulla Popolazione residente comunale per sesso, anno di nascita e stato civile","Benessere equo e sostenibile, aggiornamento intermedio 2026"
Mortalità per incidenti stradali (15-34 anni),01SAL005,regione,Friuli-Venezia Giulia,2020,0.3,Tassi standardizzati per 10.000 residenti,"Istat - Per i decessi: Rilevazione degli incidenti stradali con lesioni alle persone. Per la popolazione: Rilevazione sulla Popolazione residente comunale per sesso, anno di nascita e stato civile","Benessere equo e sostenibile, aggiornamento intermedio 2026"
Mortalità per incidenti stradali (15-34 anni),01SAL005,regione,Friuli-Venezia Giulia,2021,0.8,Tassi standardizzati per 10.000 residenti,"Istat - Per i decessi: Rilevazione degli incidenti stradali con lesioni alle persone. Per la popolazione: Rilevazione sulla Popolazione residente comunale per sesso, anno di nascita e stato civile","Benessere equo e sostenibile, aggiornamento intermedio 2026"
Mortalità per incidenti stradali (15-34 anni),01SAL005,regione,Friuli-Venezia Giulia,2022,0.9,Tassi standardizzati per 10.000 residenti,"Istat - Per i decessi: Rilevazione degli incidenti stradali con lesioni alle persone. Per la popolazione: Rilevazione sulla Popolazione residente comunale per sesso, anno di nascita e stato civile","Benessere equo e sostenibile, aggiornamento intermedio 2026"
Mortalità per incidenti stradali (15-34 anni),01SAL005,regione,Friuli-Venezia Giulia,2023,0.5,Tassi standardizzati per 10.000 residenti,"Istat - Per i decessi: Rilevazione degli incidenti stradali con lesioni alle persone. Per la popolazione: Rilevazione sulla Popolazione residente comunale per sesso, anno di nascita e stato civile","Benessere equo e sostenibile, aggiornamento intermedio 2026"
Mortalità per incidenti stradali (15-34 anni),01SAL005,regione,Friuli-Venezia Giulia,2024,0.6,Tassi standardizzati per 10.000 residenti,"Istat - Per i decessi: Rilevazione degli incidenti stradali con lesioni alle persone. Per la popolazione: Rilevazione sulla Popolazione residente comunale per sesso, anno di nascita e stato civile","Benessere equo e sostenibile, aggiornamento intermedio 2026"
Mortalità per incidenti stradali (15-34 anni),01SAL005,regione,Lazio,2004,2.0,Tassi standardizzati per 10.000 residenti,"Istat - Per i decessi: Rilevazione degli incidenti stradali con lesioni alle persone. Per la popolazione: Rilevazione sulla Popolazione residente comunale per sesso, anno di nascita e stato civile","Benessere equo e sostenibile, aggiornamento intermedio 2026"
Mortalità per incidenti stradali (15-34 anni),01SAL005,regione,Lazio,2005,2.2,Tassi standardizzati per 10.000 residenti,"Istat - Per i decessi: Rilevazione degli incidenti stradali con lesioni alle persone. Per la popolazione: Rilevazione sulla Popolazione residente comunale per sesso, anno di nascita e stato civile","Benessere equo e sostenibile, aggiornamento intermedio 2026"
Mortalità per incidenti stradali (15-34 anni),01SAL005,regione,Lazio,2006,1.9,Tassi standardizzati per 10.000 residenti,"Istat - Per i decessi: Rilevazione degli incidenti stradali con lesioni alle persone. Per la popolazione: Rilevazione sulla Popolazione residente comunale per sesso, anno di nascita e stato civile","Benessere equo e sostenibile, aggiornamento intermedio 2026"
Mortalità per incidenti stradali (15-34 anni),01SAL005,regione,Lazio,2007,2.1,Tassi standardizzati per 10.000 residenti,"Istat - Per i decessi: Rilevazione degli incidenti stradali con lesioni alle persone. Per la popolazione: Rilevazione sulla Popolazione residente comunale per sesso, anno di nascita e stato civile","Benessere equo e sostenibile, aggiornamento intermedio 2026"
Mortalità per incidenti stradali (15-34 anni),01SAL005,regione,Lazio,2008,1.4,Tassi standardizzati per 10.000 residenti,"Istat - Per i decessi: Rilevazione degli incidenti stradali con lesioni alle persone. Per la popolazione: Rilevazione sulla Popolazione residente comunale per sesso, anno di nascita e stato civile","Benessere equo e sostenibile, aggiornamento intermedio 2026"
Mortalità per incidenti stradali (15-34 anni),01SAL005,regione,Lazio,2009,1.6,Tassi standardizzati per 10.000 residenti,"Istat - Per i decessi: Rilevazione degli incidenti stradali con lesioni alle persone. Per la popolazione: Rilevazione sulla Popolazione residente comunale per sesso, anno di nascita e stato civile","Benessere equo e sostenibile, aggiornamento intermedio 2026"
Mortalità per incidenti stradali (15-34 anni),01SAL005,regione,Lazio,2010,1.4,Tassi standardizzati per 10.000 residenti,"Istat - Per i decessi: Rilevazione degli incidenti stradali con lesioni alle persone. Per la popolazione: Rilevazione sulla Popolazione residente comunale per sesso, anno di nascita e stato civile","Benessere equo e sostenibile, aggiornamento intermedio 2026"
Mortalità per incidenti stradali (15-34 anni),01SAL005,regione,Lazio,2011,1.3,Tassi standardizzati per 10.000 residenti,"Istat - Per i decessi: Rilevazione degli incidenti stradali con lesioni alle persone. Per la popolazione: Rilevazione sulla Popolazione residente comunale per sesso, anno di nascita e stato civile","Benessere equo e sostenibile, aggiornamento intermedio 2026"
Mortalità per incidenti stradali (15-34 anni),01SAL005,regione,Lazio,2012,1.1,Tassi standardizzati per 10.000 residenti,"Istat - Per i decessi: Rilevazione degli incidenti stradali con lesioni alle persone. Per la popolazione: Rilevazione sulla Popolazione residente comunale per sesso, anno di nascita e stato civile","Benessere equo e sostenibile, aggiornamento intermedio 2026"
Mortalità per incidenti stradali (15-34 anni),01SAL005,regione,Lazio,2013,0.9,Tassi standardizzati per 10.000 residenti,"Istat - Per i decessi: Rilevazione degli incidenti stradali con lesioni alle persone. Per la popolazione: Rilevazione sulla Popolazione residente comunale per sesso, anno di nascita e stato civile","Benessere equo e sostenibile, aggiornamento intermedio 2026"
Mortalità per incidenti stradali (15-34 anni),01SAL005,regione,Lazio,2014,0.9,Tassi standardizzati per 10.000 residenti,"Istat - Per i decessi: Rilevazione degli incidenti stradali con lesioni alle persone. Per la popolazione: Rilevazione sulla Popolazione residente comunale per sesso, anno di nascita e stato civile","Benessere equo e sostenibile, aggiornamento intermedio 2026"
Mortalità per incidenti stradali (15-34 anni),01SAL005,regione,Lazio,2015,0.9,Tassi standardizzati per 10.000 residenti,"Istat - Per i decessi: Rilevazione degli incidenti stradali con lesioni alle persone. Per la popolazione: Rilevazione sulla Popolazione residente comunale per sesso, anno di nascita e stato civile","Benessere equo e sostenibile, aggiornamento intermedio 2026"
Mortalità per incidenti stradali (15-34 anni),01SAL005,regione,Lazio,2016,0.8,Tassi standardizzati per 10.000 residenti,"Istat - Per i decessi: Rilevazione degli incidenti stradali con lesioni alle persone. Per la popolazione: Rilevazione sulla Popolazione residente comunale per sesso, anno di nascita e stato civile","Benessere equo e sostenibile, aggiornamento intermedio 2026"
Mortalità per incidenti stradali (15-34 anni),01SAL005,regione,Lazio,2017,0.8,Tassi standardizzati per 10.000 residenti,"Istat - Per i decessi: Rilevazione degli incidenti stradali con lesioni alle persone. Per la popolazione: Rilevazione sulla Popolazione residente comunale per sesso, anno di nascita e stato civile","Benessere equo e sostenibile, aggiornamento intermedio 2026"
Mortalità per incidenti stradali (15-34 anni),01SAL005,regione,Lazio,2018,0.8,Tassi standardizzati per 10.000 residenti,"Istat - Per i decessi: Rilevazione degli incidenti stradali con lesioni alle persone. Per la popolazione: Rilevazione sulla Popolazione residente comunale per sesso, anno di nascita e stato civile","Benessere equo e sostenibile, aggiornamento intermedio 2026"
Mortalità per incidenti stradali (15-34 anni),01SAL005,regione,Lazio,2019,0.6,Tassi standardizzati per 10.000 residenti,"Istat - Per i decessi: Rilevazione degli incidenti stradali con lesioni alle persone. Per la popolazione: Rilevazione sulla Popolazione residente comunale per sesso, anno di nascita e stato civile","Benessere equo e sostenibile, aggiornamento intermedio 2026"
Mortalità per incidenti stradali (15-34 anni),01SAL005,regione,Lazio,2020,0.4,Tassi standardizzati per 10.000 residenti,"Istat - Per i decessi: Rilevazione degli incidenti stradali con lesioni alle persone. Per la popolazione: Rilevazione sulla Popolazione residente comunale per sesso, anno di nascita e stato civile","Benessere equo e sostenibile, aggiornamento intermedio 2026"
Mortalità per incidenti stradali (15-34 anni),01SAL005,regione,Lazio,2021,0.7,Tassi standardizzati per 10.000 residenti,"Istat - Per i decessi: Rilevazione degli incidenti stradali con lesioni alle persone. Per la popolazione: Rilevazione sulla Popolazione residente comunale per sesso, anno di nascita e stato civile","Benessere equo e sostenibile, aggiornamento intermedio 2026"
Mortalità per incidenti stradali (15-34 anni),01SAL005,regione,Lazio,2022,0.7,Tassi standardizzati per 10.000 residenti,"Istat - Per i decessi: Rilevazione degli incidenti stradali con lesioni alle persone. Per la popolazione: Rilevazione sulla Popolazione residente comunale per sesso, anno di nascita e stato civile","Benessere equo e sostenibile, aggiornamento intermedio 2026"
Mortalità per incidenti stradali (15-34 anni),01SAL005,regione,Lazio,2023,0.7,Tassi standardizzati per 10.000 residenti,"Istat - Per i decessi: Rilevazione degli incidenti stradali con lesioni alle persone. Per la popolazione: Rilevazione sulla Popolazione residente comunale per sesso, anno di nascita e stato civile","Benessere equo e sostenibile, aggiornamento intermedio 2026"
Mortalità per incidenti stradali (15-34 anni),01SAL005,regione,Lazio,2024,0.7,Tassi standardizzati per 10.000 residenti,"Istat - Per i decessi: Rilevazione degli incidenti stradali con lesioni alle persone. Per la popolazione: Rilevazione sulla Popolazione residente comunale per sesso, anno di nascita e stato civile","Benessere equo e sostenibile, aggiornamento intermedio 2026"
Mortalità per incidenti stradali (15-34 anni),01SAL005,regione,Liguria,2004,1.7,Tassi standardizzati per 10.000 residenti,"Istat - Per i decessi: Rilevazione degli incidenti stradali con lesioni alle persone. Per la popolazione: Rilevazione sulla Popolazione residente comunale per sesso, anno di nascita e stato civile","Benessere equo e sostenibile, aggiornamento intermedio 2026"
Mortalità per incidenti stradali (15-34 anni),01SAL005,regione,Liguria,2005,1.2,Tassi standardizzati per 10.000 residenti,"Istat - Per i decessi: Rilevazione degli incidenti stradali con lesioni alle persone. Per la popolazione: Rilevazione sulla Popolazione residente comunale per sesso, anno di nascita e stato civile","Benessere equo e sostenibile, aggiornamento intermedio 2026"
Mortalità per incidenti stradali (15-34 anni),01SAL005,regione,Liguria,2006,1.4,Tassi standardizzati per 10.000 residenti,"Istat - Per i decessi: Rilevazione degli incidenti stradali con lesioni alle persone. Per la popolazione: Rilevazione sulla Popolazione residente comunale per sesso, anno di nascita e stato civile","Benessere equo e sostenibile, aggiornamento intermedio 2026"
Mortalità per incidenti stradali (15-34 anni),01SAL005,regione,Liguria,2007,1.2,Tassi standardizzati per 10.000 residenti,"Istat - Per i decessi: Rilevazione degli incidenti stradali con lesioni alle persone. Per la popolazione: Rilevazione sulla Popolazione residente comunale per sesso, anno di nascita e stato civile","Benessere equo e sostenibile, aggiornamento intermedio 2026"
Mortalità per incidenti stradali (15-34 anni),01SAL005,regione,Liguria,2008,1.2,Tassi standardizzati per 10.000 residenti,"Istat - Per i decessi: Rilevazione degli incidenti stradali con lesioni alle persone. Per la popolazione: Rilevazione sulla Popolazione residente comunale per sesso, anno di nascita e stato civile","Benessere equo e sostenibile, aggiornamento intermedio 2026"
Mortalità per incidenti stradali (15-34 anni),01SAL005,regione,Liguria,2009,0.7,Tassi standardizzati per 10.000 residenti,"Istat - Per i decessi: Rilevazione degli incidenti stradali con lesioni alle persone. Per la popolazione: Rilevazione sulla Popolazione residente comunale per sesso, anno di nascita e stato civile","Benessere equo e sostenibile, aggiornamento intermedio 2026"
Mortalità per incidenti stradali (15-34 anni),01SAL005,regione,Liguria,2010,0.9,Tassi standardizzati per 10.000 residenti,"Istat - Per i decessi: Rilevazione degli incidenti stradali con lesioni alle persone. Per la popolazione: Rilevazione sulla Popolazione residente comunale per sesso, anno di nascita e stato civile","Benessere equo e sostenibile, aggiornamento intermedio 2026"
Mortalità per incidenti stradali (15-34 anni),01SAL005,regione,Liguria,2011,0.7,Tassi standardizzati per 10.000 residenti,"Istat - Per i decessi: Rilevazione degli incidenti stradali con lesioni alle persone. Per la popolazione: Rilevazione sulla Popolazione residente comunale per sesso, anno di nascita e stato civile","Benessere equo e sostenibile, aggiornamento intermedio 2026"
Mortalità per incidenti stradali (15-34 anni),01SAL005,regione,Liguria,2012,0.7,Tassi standardizzati per 10.000 residenti,"Istat - Per i decessi: Rilevazione degli incidenti stradali con lesioni alle persone. Per la popolazione: Rilevazione sulla Popolazione residente comunale per sesso, anno di nascita e stato civile","Benessere equo e sostenibile, aggiornamento intermedio 2026"
Mortalità per incidenti stradali (15-34 anni),01SAL005,regione,Liguria,2013,0.5,Tassi standardizzati per 10.000 residenti,"Istat - Per i decessi: Rilevazione degli incidenti stradali con lesioni alle persone. Per la popolazione: Rilevazione sulla Popolazione residente comunale per sesso, anno di nascita e stato civile","Benessere equo e sostenibile, aggiornamento intermedio 2026"
Mortalità per incidenti stradali (15-34 anni),01SAL005,regione,Liguria,2014,0.5,Tassi standardizzati per 10.000 residenti,"Istat - Per i decessi: Rilevazione degli incidenti stradali con lesioni alle persone. Per la popolazione: Rilevazione sulla Popolazione residente comunale per sesso, anno di nascita e stato civile","Benessere equo e sostenibile, aggiornamento intermedio 2026"
Mortalità per incidenti stradali (15-34 anni),01SAL005,regione,Liguria,2015,0.8,Tassi standardizzati per 10.000 residenti,"Istat - Per i decessi: Rilevazione degli incidenti stradali con lesioni alle persone. Per la popolazione: Rilevazione sulla Popolazione residente comunale per sesso, anno di nascita e stato civile","Benessere equo e sostenibile, aggiornamento intermedio 2026"
Mortalità per incidenti stradali (15-34 anni),01SAL005,regione,Liguria,2016,0.7,Tassi standardizzati per 10.000 residenti,"Istat - Per i decessi: Rilevazione degli incidenti stradali con lesioni alle persone. Per la popolazione: Rilevazione sulla Popolazione residente comunale per sesso, anno di nascita e stato civile","Benessere equo e sostenibile, aggiornamento intermedio 2026"
Mortalità per incidenti stradali (15-34 anni),01SAL005,regione,Liguria,2017,0.9,Tassi standardizzati per 10.000 residenti,"Istat - Per i decessi: Rilevazione degli incidenti stradali con lesioni alle persone. Per la popolazione: Rilevazione sulla Popolazione residente comunale per sesso, anno di nascita e stato civile","Benessere equo e sostenibile, aggiornamento intermedio 2026"
Mortalità per incidenti stradali (15-34 anni),01SAL005,regione,Liguria,2018,1.2,Tassi standardizzati per 10.000 residenti,"Istat - Per i decessi: Rilevazione degli incidenti stradali con lesioni alle persone. Per la popolazione: Rilevazione sulla Popolazione residente comunale per sesso, anno di nascita e stato civile","Benessere equo e sostenibile, aggiornamento intermedio 2026"
Mortalità per incidenti stradali (15-34 anni),01SAL005,regione,Liguria,2019,0.7,Tassi standardizzati per 10.000 residenti,"Istat - Per i decessi: Rilevazione degli incidenti stradali con lesioni alle persone. Per la popolazione: Rilevazione sulla Popolazione residente comunale per sesso, anno di nascita e stato civile","Benessere equo e sostenibile, aggiornamento intermedio 2026"
Mortalità per incidenti stradali (15-34 anni),01SAL005,regione,Liguria,2020,0.5,Tassi standardizzati per 10.000 residenti,"Istat - Per i decessi: Rilevazione degli incidenti stradali con lesioni alle persone. Per la popolazione: Rilevazione sulla Popolazione residente comunale per sesso, anno di nascita e stato civile","Benessere equo e sostenibile, aggiornamento intermedio 2026"
Mortalità per incidenti stradali (15-34 anni),01SAL005,regione,Liguria,2021,0.5,Tassi standardizzati per 10.000 residenti,"Istat - Per i decessi: Rilevazione degli incidenti stradali con lesioni alle persone. Per la popolazione: Rilevazione sulla Popolazione residente comunale per sesso, anno di nascita e stato civile","Benessere equo e sostenibile, aggiornamento intermedio 2026"
Mortalità per incidenti stradali (15-34 anni),01SAL005,regione,Liguria,2022,0.5,Tassi standardizzati per 10.000 residenti,"Istat - Per i decessi: Rilevazione degli incidenti stradali con lesioni alle persone. Per la popolazione: Rilevazione sulla Popolazione residente comunale per sesso, anno di nascita e stato civile","Benessere equo e sostenibile, aggiornamento intermedio 2026"
Mortalità per incidenti stradali (15-34 anni),01SAL005,regione,Liguria,2023,0.4,Tassi standardizzati per 10.000 residenti,"Istat - Per i decessi: Rilevazione degli incidenti stradali con lesioni alle persone. Per la popolazione: Rilevazione sulla Popolazione residente comunale per sesso, anno di nascita e stato civile","Benessere equo e sostenibile, aggiornamento intermedio 2026"
Mortalità per incidenti stradali (15-34 anni),01SAL005,regione,Liguria,2024,0.4,Tassi standardizzati per 10.000 residenti,"Istat - Per i decessi: Rilevazione degli incidenti stradali con lesioni alle persone. Per la popolazione: Rilevazione sulla Popolazione residente comunale per sesso, anno di nascita e stato civile","Benessere equo e sostenibile, aggiornamento intermedio 2026"
Mortalità per incidenti stradali (15-34 anni),01SAL005,regione,Lombardia,2004,1.6,Tassi standardizzati per 10.000 residenti,"Istat - Per i decessi: Rilevazione degli incidenti stradali con lesioni alle persone. Per la popolazione: Rilevazione sulla Popolazione residente comunale per sesso, anno di nascita e stato civile","Benessere equo e sostenibile, aggiornamento intermedio 2026"
Mortalità per incidenti stradali (15-34 anni),01SAL005,regione,Lombardia,2005,1.7,Tassi standardizzati per 10.000 residenti,"Istat - Per i decessi: Rilevazione degli incidenti stradali con lesioni alle persone. Per la popolazione: Rilevazione sulla Popolazione residente comunale per sesso, anno di nascita e stato civile","Benessere equo e sostenibile, aggiornamento intermedio 2026"
Mortalità per incidenti stradali (15-34 anni),01SAL005,regione,Lombardia,2006,1.6,Tassi standardizzati per 10.000 residenti,"Istat - Per i decessi: Rilevazione degli incidenti stradali con lesioni alle persone. Per la popolazione: Rilevazione sulla Popolazione residente comunale per sesso, anno di nascita e stato civile","Benessere equo e sostenibile, aggiornamento intermedio 2026"
Mortalità per incidenti stradali (15-34 anni),01SAL005,regione,Lombardia,2007,1.3,Tassi standardizzati per 10.000 residenti,"Istat - Per i decessi: Rilevazione degli incidenti stradali con lesioni alle persone. Per la popolazione: Rilevazione sulla Popolazione residente comunale per sesso, anno di nascita e stato civile","Benessere equo e sostenibile, aggiornamento intermedio 2026"
Mortalità per incidenti stradali (15-34 anni),01SAL005,regione,Lombardia,2008,1.2,Tassi standardizzati per 10.000 residenti,"Istat - Per i decessi: Rilevazione degli incidenti stradali con lesioni alle persone. Per la popolazione: Rilevazione sulla Popolazione residente comunale per sesso, anno di nascita e stato civile","Benessere equo e sostenibile, aggiornamento intermedio 2026"
Mortalità per incidenti stradali (15-34 anni),01SAL005,regione,Lombardia,2009,0.9,Tassi standardizzati per 10.000 residenti,"Istat - Per i decessi: Rilevazione degli incidenti stradali con lesioni alle persone. Per la popolazione: Rilevazione sulla Popolazione residente comunale per sesso, anno di nascita e stato civile","Benessere equo e sostenibile, aggiornamento intermedio 2026"
Mortalità per incidenti stradali (15-34 anni),01SAL005,regione,Lombardia,2010,1.0,Tassi standardizzati per 10.000 residenti,"Istat - Per i decessi: Rilevazione degli incidenti stradali con lesioni alle persone. Per la popolazione: Rilevazione sulla Popolazione residente comunale per sesso, anno di nascita e stato civile","Benessere equo e sostenibile, aggiornamento intermedio 2026"
Mortalità per incidenti stradali (15-34 anni),01SAL005,regione,Lombardia,2011,0.8,Tassi standardizzati per 10.000 residenti,"Istat - Per i decessi: Rilevazione degli incidenti stradali con lesioni alle persone. Per la popolazione: Rilevazione sulla Popolazione residente comunale per sesso, anno di nascita e stato civile","Benessere equo e sostenibile, aggiornamento intermedio 2026"
Mortalità per incidenti stradali (15-34 anni),01SAL005,regione,Lombardia,2012,0.9,Tassi standardizzati per 10.000 residenti,"Istat - Per i decessi: Rilevazione degli incidenti stradali con lesioni alle persone. Per la popolazione: Rilevazione sulla Popolazione residente comunale per sesso, anno di nascita e stato civile","Benessere equo e sostenibile, aggiornamento intermedio 2026"
Mortalità per incidenti stradali (15-34 anni),01SAL005,regione,Lombardia,2013,0.6,Tassi standardizzati per 10.000 residenti,"Istat - Per i decessi: Rilevazione degli incidenti stradali con lesioni alle persone. Per la popolazione: Rilevazione sulla Popolazione residente comunale per sesso, anno di nascita e stato civile","Benessere equo e sostenibile, aggiornamento intermedio 2026"
Mortalità per incidenti stradali (15-34 anni),01SAL005,regione,Lombardia,2014,0.6,Tassi standardizzati per 10.000 residenti,"Istat - Per i decessi: Rilevazione degli incidenti stradali con lesioni alle persone. Per la popolazione: Rilevazione sulla Popolazione residente comunale per sesso, anno di nascita e stato civile","Benessere equo e sostenibile, aggiornamento intermedio 2026"
Mortalità per incidenti stradali (15-34 anni),01SAL005,regione,Lombardia,2015,0.6,Tassi standardizzati per 10.000 residenti,"Istat - Per i decessi: Rilevazione degli incidenti stradali con lesioni alle persone. Per la popolazione: Rilevazione sulla Popolazione residente comunale per sesso, anno di nascita e stato civile","Benessere equo e sostenibile, aggiornamento intermedio 2026"
Mortalità per incidenti stradali (15-34 anni),01SAL005,regione,Lombardia,2016,0.5,Tassi standardizzati per 10.000 residenti,"Istat - Per i decessi: Rilevazione degli incidenti stradali con lesioni alle persone. Per la popolazione: Rilevazione sulla Popolazione residente comunale per sesso, anno di nascita e stato civile","Benessere equo e sostenibile, aggiornamento intermedio 2026"
Mortalità per incidenti stradali (15-34 anni),01SAL005,regione,Lombardia,2017,0.5,Tassi standardizzati per 10.000 residenti,"Istat - Per i decessi: Rilevazione degli incidenti stradali con lesioni alle persone. Per la popolazione: Rilevazione sulla Popolazione residente comunale per sesso, anno di nascita e stato civile","Benessere equo e sostenibile, aggiornamento intermedio 2026"
Mortalità per incidenti stradali (15-34 anni),01SAL005,regione,Lombardia,2018,0.5,Tassi standardizzati per 10.000 residenti,"Istat - Per i decessi: Rilevazione degli incidenti stradali con lesioni alle persone. Per la popolazione: Rilevazione sulla Popolazione residente comunale per sesso, anno di nascita e stato civile","Benessere equo e sostenibile, aggiornamento intermedio 2026"
Mortalità per incidenti stradali (15-34 anni),01SAL005,regione,Lombardia,2019,0.5,Tassi standardizzati per 10.000 residenti,"Istat - Per i decessi: Rilevazione degli incidenti stradali con lesioni alle persone. Per la popolazione: Rilevazione sulla Popolazione residente comunale per sesso, anno di nascita e stato civile","Benessere equo e sostenibile, aggiornamento intermedio 2026"
Mortalità per incidenti stradali (15-34 anni),01SAL005,regione,Lombardia,2020,0.4,Tassi standardizzati per 10.000 residenti,"Istat - Per i decessi: Rilevazione degli incidenti stradali con lesioni alle persone. Per la popolazione: Rilevazione sulla Popolazione residente comunale per sesso, anno di nascita e stato civile","Benessere equo e sostenibile, aggiornamento intermedio 2026"
Mortalità per incidenti stradali (15-34 anni),01SAL005,regione,Lombardia,2021,0.4,Tassi standardizzati per 10.000 residenti,"Istat - Per i decessi: Rilevazione degli incidenti stradali con lesioni alle persone. Per la popolazione: Rilevazione sulla Popolazione residente comunale per sesso, anno di nascita e stato civile","Benessere equo e sostenibile, aggiornamento intermedio 2026"
Mortalità per incidenti stradali (15-34 anni),01SAL005,regione,Lombardia,2022,0.6,Tassi standardizzati per 10.000 residenti,"Istat - Per i decessi: Rilevazione degli incidenti stradali con lesioni alle persone. Per la popolazione: Rilevazione sulla Popolazione residente comunale per sesso, anno di nascita e stato civile","Benessere equo e sostenibile, aggiornamento intermedio 2026"
Mortalità per incidenti stradali (15-34 anni),01SAL005,regione,Lombardia,2023,0.5,Tassi standardizzati per 10.000 residenti,"Istat - Per i decessi: Rilevazione degli incidenti stradali con lesioni alle persone. Per la popolazione: Rilevazione sulla Popolazione residente comunale per sesso, anno di nascita e stato civile","Benessere equo e sostenibile, aggiornamento intermedio 2026"
Mortalità per incidenti stradali (15-34 anni),01SAL005,regione,Lombardia,2024,0.5,Tassi standardizzati per 10.000 residenti,"Istat - Per i decessi: Rilevazione degli incidenti stradali con lesioni alle persone. Per la popolazione: Rilevazione sulla Popolazione residente comunale per sesso, anno di nascita e stato civile","Benessere equo e sostenibile, aggiornamento intermedio 2026"
Mortalità per incidenti stradali (15-34 anni),01SAL005,regione,Marche,2004,1.7,Tassi standardizzati per 10.000 residenti,"Istat - Per i decessi: Rilevazione degli incidenti stradali con lesioni alle persone. Per la popolazione: Rilevazione sulla Popolazione residente comunale per sesso, anno di nascita e stato civile","Benessere equo e sostenibile, aggiornamento intermedio 2026"
Mortalità per incidenti stradali (15-34 anni),01SAL005,regione,Marche,2005,1.6,Tassi standardizzati per 10.000 residenti,"Istat - Per i decessi: Rilevazione degli incidenti stradali con lesioni alle persone. Per la popolazione: Rilevazione sulla Popolazione residente comunale per sesso, anno di nascita e stato civile","Benessere equo e sostenibile, aggiornamento intermedio 2026"
Mortalità per incidenti stradali (15-34 anni),01SAL005,regione,Marche,2006,1.7,Tassi standardizzati per 10.000 residenti,"Istat - Per i decessi: Rilevazione degli incidenti stradali con lesioni alle persone. Per la popolazione: Rilevazione sulla Popolazione residente comunale per sesso, anno di nascita e stato civile","Benessere equo e sostenibile, aggiornamento intermedio 2026"
Mortalità per incidenti stradali (15-34 anni),01SAL005,regione,Marche,2007,1.8,Tassi standardizzati per 10.000 residenti,"Istat - Per i decessi: Rilevazione degli incidenti stradali con lesioni alle persone. Per la popolazione: Rilevazione sulla Popolazione residente comunale per sesso, anno di nascita e stato civile","Benessere equo e sostenibile, aggiornamento intermedio 2026"
Mortalità per incidenti stradali (15-34 anni),01SAL005,regione,Marche,2008,1.1,Tassi standardizzati per 10.000 residenti,"Istat - Per i decessi: Rilevazione degli incidenti stradali con lesioni alle persone. Per la popolazione: Rilevazione sulla Popolazione residente comunale per sesso, anno di nascita e stato civile","Benessere equo e sostenibile, aggiornamento intermedio 2026"
Mortalità per incidenti stradali (15-34 anni),01SAL005,regione,Marche,2009,1.1,Tassi standardizzati per 10.000 residenti,"Istat - Per i decessi: Rilevazione degli incidenti stradali con lesioni alle persone. Per la popolazione: Rilevazione sulla Popolazione residente comunale per sesso, anno di nascita e stato civile","Benessere equo e sostenibile, aggiornamento intermedio 2026"
Mortalità per incidenti stradali (15-34 anni),01SAL005,regione,Marche,2010,1.0,Tassi standardizzati per 10.000 residenti,"Istat - Per i decessi: Rilevazione degli incidenti stradali con lesioni alle persone. Per la popolazione: Rilevazione sulla Popolazione residente comunale per sesso, anno di nascita e stato civile","Benessere equo e sostenibile, aggiornamento intermedio 2026"
Mortalità per incidenti stradali (15-34 anni),01SAL005,regione,Marche,2011,1.3,Tassi standardizzati per 10.000 residenti,"Istat - Per i decessi: Rilevazione degli incidenti stradali con lesioni alle persone. Per la popolazione: Rilevazione sulla Popolazione residente comunale per sesso, anno di nascita e stato civile","Benessere equo e sostenibile, aggiornamento intermedio 2026"
Mortalità per incidenti stradali (15-34 anni),01SAL005,regione,Marche,2012,0.8,Tassi standardizzati per 10.000 residenti,"Istat - Per i decessi: Rilevazione degli incidenti stradali con lesioni alle persone. Per la popolazione: Rilevazione sulla Popolazione residente comunale per sesso, anno di nascita e stato civile","Benessere equo e sostenibile, aggiornamento intermedio 2026"
Mortalità per incidenti stradali (15-34 anni),01SAL005,regione,Marche,2013,0.4,Tassi standardizzati per 10.000 residenti,"Istat - Per i decessi: Rilevazione degli incidenti stradali con lesioni alle persone. Per la popolazione: Rilevazione sulla Popolazione residente comunale per sesso, anno di nascita e stato civile","Benessere equo e sostenibile, aggiornamento intermedio 2026"
Mortalità per incidenti stradali (15-34 anni),01SAL005,regione,Marche,2014,0.7,Tassi standardizzati per 10.000 residenti,"Istat - Per i decessi: Rilevazione degli incidenti stradali con lesioni alle persone. Per la popolazione: Rilevazione sulla Popolazione residente comunale per sesso, anno di nascita e stato civile","Benessere equo e sostenibile, aggiornamento intermedio 2026"
Mortalità per incidenti stradali (15-34 anni),01SAL005,regione,Marche,2015,0.7,Tassi standardizzati per 10.000 residenti,"Istat - Per i decessi: Rilevazione degli incidenti stradali con lesioni alle persone. Per la popolazione: Rilevazione sulla Popolazione residente comunale per sesso, anno di nascita e stato civile","Benessere equo e sostenibile, aggiornamento intermedio 2026"
Mortalità per incidenti stradali (15-34 anni),01SAL005,regione,Marche,2016,0.8,Tassi standardizzati per 10.000 residenti,"Istat - Per i decessi: Rilevazione degli incidenti stradali con lesioni alle persone. Per la popolazione: Rilevazione sulla Popolazione residente comunale per sesso, anno di nascita e stato civile","Benessere equo e sostenibile, aggiornamento intermedio 2026"
Mortalità per incidenti stradali (15-34 anni),01SAL005,regione,Marche,2017,0.6,Tassi standardizzati per 10.000 residenti,"Istat - Per i decessi: Rilevazione degli incidenti stradali con lesioni alle persone. Per la popolazione: Rilevazione sulla Popolazione residente comunale per sesso, anno di nascita e stato civile","Benessere equo e sostenibile, aggiornamento intermedio 2026"
Mortalità per incidenti stradali (15-34 anni),01SAL005,regione,Marche,2018,0.5,Tassi standardizzati per 10.000 residenti,"Istat - Per i decessi: Rilevazione degli incidenti stradali con lesioni alle persone. Per la popolazione: Rilevazione sulla Popolazione residente comunale per sesso, anno di nascita e stato civile","Benessere equo e sostenibile, aggiornamento intermedio 2026"
Mortalità per incidenti stradali (15-34 anni),01SAL005,regione,Marche,2019,0.5,Tassi standardizzati per 10.000 residenti,"Istat - Per i decessi: Rilevazione degli incidenti stradali con lesioni alle persone. Per la popolazione: Rilevazione sulla Popolazione residente comunale per sesso, anno di nascita e stato civile","Benessere equo e sostenibile, aggiornamento intermedio 2026"
Mortalità per incidenti stradali (15-34 anni),01SAL005,regione,Marche,2020,0.4,Tassi standardizzati per 10.000 residenti,"Istat - Per i decessi: Rilevazione degli incidenti stradali con lesioni alle persone. Per la popolazione: Rilevazione sulla Popolazione residente comunale per sesso, anno di nascita e stato civile","Benessere equo e sostenibile, aggiornamento intermedio 2026"
Mortalità per incidenti stradali (15-34 anni),01SAL005,regione,Marche,2021,0.3,Tassi standardizzati per 10.000 residenti,"Istat - Per i decessi: Rilevazione degli incidenti stradali con lesioni alle persone. Per la popolazione: Rilevazione sulla Popolazione residente comunale per sesso, anno di nascita e stato civile","Benessere equo e sostenibile, aggiornamento intermedio 2026"
Mortalità per incidenti stradali (15-34 anni),01SAL005,regione,Marche,2022,0.7,Tassi standardizzati per 10.000 residenti,"Istat - Per i decessi: Rilevazione degli incidenti stradali con lesioni alle persone. Per la popolazione: Rilevazione sulla Popolazione residente comunale per sesso, anno di nascita e stato civile","Benessere equo e sostenibile, aggiornamento intermedio 2026"
Mortalità per incidenti stradali (15-34 anni),01SAL005,regione,Marche,2023,0.5,Tassi standardizzati per 10.000 residenti,"Istat - Per i decessi: Rilevazione degli incidenti stradali con lesioni alle persone. Per la popolazione: Rilevazione sulla Popolazione residente comunale per sesso, anno di nascita e stato civile","Benessere equo e sostenibile, aggiornamento intermedio 2026"
Mortalità per incidenti stradali (15-34 anni),01SAL005,regione,Marche,2024,0.4,Tassi standardizzati per 10.000 residenti,"Istat - Per i decessi: Rilevazione degli incidenti stradali con lesioni alle persone. Per la popolazione: Rilevazione sulla Popolazione residente comunale per sesso, anno di nascita e stato civile","Benessere equo e sostenibile, aggiornamento intermedio 2026"
Mortalità per incidenti stradali (15-34 anni),01SAL005,regione,Molise,2004,1.1,Tassi standardizzati per 10.000 residenti,"Istat - Per i decessi: Rilevazione degli incidenti stradali con lesioni alle persone. Per la popolazione: Rilevazione sulla Popolazione residente comunale per sesso, anno di nascita e stato civile","Benessere equo e sostenibile, aggiornamento intermedio 2026"
Mortalità per incidenti stradali (15-34 anni),01SAL005,regione,Molise,2005,1.5,Tassi standardizzati per 10.000 residenti,"Istat - Per i decessi: Rilevazione degli incidenti stradali con lesioni alle persone. Per la popolazione: Rilevazione sulla Popolazione residente comunale per sesso, anno di nascita e stato civile","Benessere equo e sostenibile, aggiornamento intermedio 2026"
Mortalità per incidenti stradali (15-34 anni),01SAL005,regione,Molise,2006,1.3,Tassi standardizzati per 10.000 residenti,"Istat - Per i decessi: Rilevazione degli incidenti stradali con lesioni alle persone. Per la popolazione: Rilevazione sulla Popolazione residente comunale per sesso, anno di nascita e stato civile","Benessere equo e sostenibile, aggiornamento intermedio 2026"
Mortalità per incidenti stradali (15-34 anni),01SAL005,regione,Molise,2007,0.6,Tassi standardizzati per 10.000 residenti,"Istat - Per i decessi: Rilevazione degli incidenti stradali con lesioni alle persone. Per la popolazione: Rilevazione sulla Popolazione residente comunale per sesso, anno di nascita e stato civile","Benessere equo e sostenibile, aggiornamento intermedio 2026"
Mortalità per incidenti stradali (15-34 anni),01SAL005,regione,Molise,2008,1.6,Tassi standardizzati per 10.000 residenti,"Istat - Per i decessi: Rilevazione degli incidenti stradali con lesioni alle persone. Per la popolazione: Rilevazione sulla Popolazione residente comunale per sesso, anno di nascita e stato civile","Benessere equo e sostenibile, aggiornamento intermedio 2026"
Mortalità per incidenti stradali (15-34 anni),01SAL005,regione,Molise,2009,1.1,Tassi standardizzati per 10.000 residenti,"Istat - Per i decessi: Rilevazione degli incidenti stradali con lesioni alle persone. Per la popolazione: Rilevazione sulla Popolazione residente comunale per sesso, anno di nascita e stato civile","Benessere equo e sostenibile, aggiornamento intermedio 2026"
Mortalità per incidenti stradali (15-34 anni),01SAL005,regione,Molise,2010,1.5,Tassi standardizzati per 10.000 residenti,"Istat - Per i decessi: Rilevazione degli incidenti stradali con lesioni alle persone. Per la popolazione: Rilevazione sulla Popolazione residente comunale per sesso, anno di nascita e stato civile","Benessere equo e sostenibile, aggiornamento intermedio 2026"
Mortalità per incidenti stradali (15-34 anni),01SAL005,regione,Molise,2011,0.9,Tassi standardizzati per 10.000 residenti,"Istat - Per i decessi: Rilevazione degli incidenti stradali con lesioni alle persone. Per la popolazione: Rilevazione sulla Popolazione residente comunale per sesso, anno di nascita e stato civile","Benessere equo e sostenibile, aggiornamento intermedio 2026"
Mortalità per incidenti stradali (15-34 anni),01SAL005,regione,Molise,2012,0.7,Tassi standardizzati per 10.000 residenti,"Istat - Per i decessi: Rilevazione degli incidenti stradali con lesioni alle persone. Per la popolazione: Rilevazione sulla Popolazione residente comunale per sesso, anno di nascita e stato civile","Benessere equo e sostenibile, aggiornamento intermedio 2026"
Mortalità per incidenti stradali (15-34 anni),01SAL005,regione,Molise,2013,0.9,Tassi standardizzati per 10.000 residenti,"Istat - Per i decessi: Rilevazione degli incidenti stradali con lesioni alle persone. Per la popolazione: Rilevazione sulla Popolazione residente comunale per sesso, anno di nascita e stato civile","Benessere equo e sostenibile, aggiornamento intermedio 2026"
Mortalità per incidenti stradali (15-34 anni),01SAL005,regione,Molise,2014,1.1,Tassi standardizzati per 10.000 residenti,"Istat - Per i decessi: Rilevazione degli incidenti stradali con lesioni alle persone. Per la popolazione: Rilevazione sulla Popolazione residente comunale per sesso, anno di nascita e stato civile","Benessere equo e sostenibile, aggiornamento intermedio 2026"
Mortalità per incidenti stradali (15-34 anni),01SAL005,regione,Molise,2015,0.5,Tassi standardizzati per 10.000 residenti,"Istat - Per i decessi: Rilevazione degli incidenti stradali con lesioni alle persone. Per la popolazione: Rilevazione sulla Popolazione residente comunale per sesso, anno di nascita e stato civile","Benessere equo e sostenibile, aggiornamento intermedio 2026"
Mortalità per incidenti stradali (15-34 anni),01SAL005,regione,Molise,2016,0.9,Tassi standardizzati per 10.000 residenti,"Istat - Per i decessi: Rilevazione degli incidenti stradali con lesioni alle persone. Per la popolazione: Rilevazione sulla Popolazione residente comunale per sesso, anno di nascita e stato civile","Benessere equo e sostenibile, aggiornamento intermedio 2026"
Mortalità per incidenti stradali (15-34 anni),01SAL005,regione,Molise,2017,1.8,Tassi standardizzati per 10.000 residenti,"Istat - Per i decessi: Rilevazione degli incidenti stradali con lesioni alle persone. Per la popolazione: Rilevazione sulla Popolazione residente comunale per sesso, anno di nascita e stato civile","Benessere equo e sostenibile, aggiornamento intermedio 2026"
Mortalità per incidenti stradali (15-34 anni),01SAL005,regione,Molise,2018,0.3,Tassi standardizzati per 10.000 residenti,"Istat - Per i decessi: Rilevazione degli incidenti stradali con lesioni alle persone. Per la popolazione: Rilevazione sulla Popolazione residente comunale per sesso, anno di nascita e stato civile","Benessere equo e sostenibile, aggiornamento intermedio 2026"
Mortalità per incidenti stradali (15-34 anni),01SAL005,regione,Molise,2019,0.6,Tassi standardizzati per 10.000 residenti,"Istat - Per i decessi: Rilevazione degli incidenti stradali con lesioni alle persone. Per la popolazione: Rilevazione sulla Popolazione residente comunale per sesso, anno di nascita e stato civile","Benessere equo e sostenibile, aggiornamento intermedio 2026"
Mortalità per incidenti stradali (15-34 anni),01SAL005,regione,Molise,2020,1.0,Tassi standardizzati per 10.000 residenti,"Istat - Per i decessi: Rilevazione degli incidenti stradali con lesioni alle persone. Per la popolazione: Rilevazione sulla Popolazione residente comunale per sesso, anno di nascita e stato civile","Benessere equo e sostenibile, aggiornamento intermedio 2026"
Mortalità per incidenti stradali (15-34 anni),01SAL005,regione,Molise,2021,0.7,Tassi standardizzati per 10.000 residenti,"Istat - Per i decessi: Rilevazione degli incidenti stradali con lesioni alle persone. Per la popolazione: Rilevazione sulla Popolazione residente comunale per sesso, anno di nascita e stato civile","Benessere equo e sostenibile, aggiornamento intermedio 2026"
Mortalità per incidenti stradali (15-34 anni),01SAL005,regione,Molise,2022,0.5,Tassi standardizzati per 10.000 residenti,"Istat - Per i decessi: Rilevazione degli incidenti stradali con lesioni alle persone. Per la popolazione: Rilevazione sulla Popolazione residente comunale per sesso, anno di nascita e stato civile","Benessere equo e sostenibile, aggiornamento intermedio 2026"
Mortalità per incidenti stradali (15-34 anni),01SAL005,regione,Molise,2023,0.2,Tassi standardizzati per 10.000 residenti,"Istat - Per i decessi: Rilevazione degli incidenti stradali con lesioni alle persone. Per la popolazione: Rilevazione sulla Popolazione residente comunale per sesso, anno di nascita e stato civile","Benessere equo e sostenibile, aggiornamento intermedio 2026"
Mortalità per incidenti stradali (15-34 anni),01SAL005,regione,Molise,2024,0.4,Tassi standardizzati per 10.000 residenti,"Istat - Per i decessi: Rilevazione degli incidenti stradali con lesioni alle persone. Per la popolazione: Rilevazione sulla Popolazione residente comunale per sesso, anno di nascita e stato civile","Benessere equo e sostenibile, aggiornamento intermedio 2026"
Mortalità per incidenti stradali (15-34 anni),01SAL005,regione,Piemonte,2004,2.0,Tassi standardizzati per 10.000 residenti,"Istat - Per i decessi: Rilevazione degli incidenti stradali con lesioni alle persone. Per la popolazione: Rilevazione sulla Popolazione residente comunale per sesso, anno di nascita e stato civile","Benessere equo e sostenibile, aggiornamento intermedio 2026"
Mortalità per incidenti stradali (15-34 anni),01SAL005,regione,Piemonte,2005,1.8,Tassi standardizzati per 10.000 residenti,"Istat - Per i decessi: Rilevazione degli incidenti stradali con lesioni alle persone. Per la popolazione: Rilevazione sulla Popolazione residente comunale per sesso, anno di nascita e stato civile","Benessere equo e sostenibile, aggiornamento intermedio 2026"
Mortalità per incidenti stradali (15-34 anni),01SAL005,regione,Piemonte,2006,1.8,Tassi standardizzati per 10.000 residenti,"Istat - Per i decessi: Rilevazione degli incidenti stradali con lesioni alle persone. Per la popolazione: Rilevazione sulla Popolazione residente comunale per sesso, anno di nascita e stato civile","Benessere equo e sostenibile, aggiornamento intermedio 2026"
Mortalità per incidenti stradali (15-34 anni),01SAL005,regione,Piemonte,2007,1.6,Tassi standardizzati per 10.000 residenti,"Istat - Per i decessi: Rilevazione degli incidenti stradali con lesioni alle persone. Per la popolazione: Rilevazione sulla Popolazione residente comunale per sesso, anno di nascita e stato civile","Benessere equo e sostenibile, aggiornamento intermedio 2026"
Mortalità per incidenti stradali (15-34 anni),01SAL005,regione,Piemonte,2008,1.2,Tassi standardizzati per 10.000 residenti,"Istat - Per i decessi: Rilevazione degli incidenti stradali con lesioni alle persone. Per la popolazione: Rilevazione sulla Popolazione residente comunale per sesso, anno di nascita e stato civile","Benessere equo e sostenibile, aggiornamento intermedio 2026"
Mortalità per incidenti stradali (15-34 anni),01SAL005,regione,Piemonte,2009,1.1,Tassi standardizzati per 10.000 residenti,"Istat - Per i decessi: Rilevazione degli incidenti stradali con lesioni alle persone. Per la popolazione: Rilevazione sulla Popolazione residente comunale per sesso, anno di nascita e stato civile","Benessere equo e sostenibile, aggiornamento intermedio 2026"
Mortalità per incidenti stradali (15-34 anni),01SAL005,regione,Piemonte,2010,1.1,Tassi standardizzati per 10.000 residenti,"Istat - Per i decessi: Rilevazione degli incidenti stradali con lesioni alle persone. Per la popolazione: Rilevazione sulla Popolazione residente comunale per sesso, anno di nascita e stato civile","Benessere equo e sostenibile, aggiornamento intermedio 2026"
Mortalità per incidenti stradali (15-34 anni),01SAL005,regione,Piemonte,2011,1.1,Tassi standardizzati per 10.000 residenti,"Istat - Per i decessi: Rilevazione degli incidenti stradali con lesioni alle persone. Per la popolazione: Rilevazione sulla Popolazione residente comunale per sesso, anno di nascita e stato civile","Benessere equo e sostenibile, aggiornamento intermedio 2026"
Mortalità per incidenti stradali (15-34 anni),01SAL005,regione,Piemonte,2012,0.8,Tassi standardizzati per 10.000 residenti,"Istat - Per i decessi: Rilevazione degli incidenti stradali con lesioni alle persone. Per la popolazione: Rilevazione sulla Popolazione residente comunale per sesso, anno di nascita e stato civile","Benessere equo e sostenibile, aggiornamento intermedio 2026"
Mortalità per incidenti stradali (15-34 anni),01SAL005,regione,Piemonte,2013,0.8,Tassi standardizzati per 10.000 residenti,"Istat - Per i decessi: Rilevazione degli incidenti stradali con lesioni alle persone. Per la popolazione: Rilevazione sulla Popolazione residente comunale per sesso, anno di nascita e stato civile","Benessere equo e sostenibile, aggiornamento intermedio 2026"
Mortalità per incidenti stradali (15-34 anni),01SAL005,regione,Piemonte,2014,0.5,Tassi standardizzati per 10.000 residenti,"Istat - Per i decessi: Rilevazione degli incidenti stradali con lesioni alle persone. Per la popolazione: Rilevazione sulla Popolazione residente comunale per sesso, anno di nascita e stato civile","Benessere equo e sostenibile, aggiornamento intermedio 2026"
Mortalità per incidenti stradali (15-34 anni),01SAL005,regione,Piemonte,2015,0.8,Tassi standardizzati per 10.000 residenti,"Istat - Per i decessi: Rilevazione degli incidenti stradali con lesioni alle persone. Per la popolazione: Rilevazione sulla Popolazione residente comunale per sesso, anno di nascita e stato civile","Benessere equo e sostenibile, aggiornamento intermedio 2026"
Mortalità per incidenti stradali (15-34 anni),01SAL005,regione,Piemonte,2016,0.8,Tassi standardizzati per 10.000 residenti,"Istat - Per i decessi: Rilevazione degli incidenti stradali con lesioni alle persone. Per la popolazione: Rilevazione sulla Popolazione residente comunale per sesso, anno di nascita e stato civile","Benessere equo e sostenibile, aggiornamento intermedio 2026"
Mortalità per incidenti stradali (15-34 anni),01SAL005,regione,Piemonte,2017,0.6,Tassi standardizzati per 10.000 residenti,"Istat - Per i decessi: Rilevazione degli incidenti stradali con lesioni alle persone. Per la popolazione: Rilevazione sulla Popolazione residente comunale per sesso, anno di nascita e stato civile","Benessere equo e sostenibile, aggiornamento intermedio 2026"
Mortalità per incidenti stradali (15-34 anni),01SAL005,regione,Piemonte,2018,0.6,Tassi standardizzati per 10.000 residenti,"Istat - Per i decessi: Rilevazione degli incidenti stradali con lesioni alle persone. Per la popolazione: Rilevazione sulla Popolazione residente comunale per sesso, anno di nascita e stato civile","Benessere equo e sostenibile, aggiornamento intermedio 2026"
Mortalità per incidenti stradali (15-34 anni),01SAL005,regione,Piemonte,2019,0.7,Tassi standardizzati per 10.000 residenti,"Istat - Per i decessi: Rilevazione degli incidenti stradali con lesioni alle persone. Per la popolazione: Rilevazione sulla Popolazione residente comunale per sesso, anno di nascita e stato civile","Benessere equo e sostenibile, aggiornamento intermedio 2026"
Mortalità per incidenti stradali (15-34 anni),01SAL005,regione,Piemonte,2020,0.5,Tassi standardizzati per 10.000 residenti,"Istat - Per i decessi: Rilevazione degli incidenti stradali con lesioni alle persone. Per la popolazione: Rilevazione sulla Popolazione residente comunale per sesso, anno di nascita e stato civile","Benessere equo e sostenibile, aggiornamento intermedio 2026"
Mortalità per incidenti stradali (15-34 anni),01SAL005,regione,Piemonte,2021,0.5,Tassi standardizzati per 10.000 residenti,"Istat - Per i decessi: Rilevazione degli incidenti stradali con lesioni alle persone. Per la popolazione: Rilevazione sulla Popolazione residente comunale per sesso, anno di nascita e stato civile","Benessere equo e sostenibile, aggiornamento intermedio 2026"
Mortalità per incidenti stradali (15-34 anni),01SAL005,regione,Piemonte,2022,0.6,Tassi standardizzati per 10.000 residenti,"Istat - Per i decessi: Rilevazione degli incidenti stradali con lesioni alle persone. Per la popolazione: Rilevazione sulla Popolazione residente comunale per sesso, anno di nascita e stato civile","Benessere equo e sostenibile, aggiornamento intermedio 2026"
Mortalità per incidenti stradali (15-34 anni),01SAL005,regione,Piemonte,2023,0.5,Tassi standardizzati per 10.000 residenti,"Istat - Per i decessi: Rilevazione degli incidenti stradali con lesioni alle persone. Per la popolazione: Rilevazione sulla Popolazione residente comunale per sesso, anno di nascita e stato civile","Benessere equo e sostenibile, aggiornamento intermedio 2026"
Mortalità per incidenti stradali (15-34 anni),01SAL005,regione,Piemonte,2024,0.4,Tassi standardizzati per 10.000 residenti,"Istat - Per i decessi: Rilevazione degli incidenti stradali con lesioni alle persone. Per la popolazione: Rilevazione sulla Popolazione residente comunale per sesso, anno di nascita e stato civile","Benessere equo e sostenibile, aggiornamento intermedio 2026"
Mortalità per incidenti stradali (15-34 anni),01SAL005,regione,Puglia,2004,1.9,Tassi standardizzati per 10.000 residenti,"Istat - Per i decessi: Rilevazione degli incidenti stradali con lesioni alle persone. Per la popolazione: Rilevazione sulla Popolazione residente comunale per sesso, anno di nascita e stato civile","Benessere equo e sostenibile, aggiornamento intermedio 2026"
Mortalità per incidenti stradali (15-34 anni),01SAL005,regione,Puglia,2005,1.7,Tassi standardizzati per 10.000 residenti,"Istat - Per i decessi: Rilevazione degli incidenti stradali con lesioni alle persone. Per la popolazione: Rilevazione sulla Popolazione residente comunale per sesso, anno di nascita e stato civile","Benessere equo e sostenibile, aggiornamento intermedio 2026"
Mortalità per incidenti stradali (15-34 anni),01SAL005,regione,Puglia,2006,1.7,Tassi standardizzati per 10.000 residenti,"Istat - Per i decessi: Rilevazione degli incidenti stradali con lesioni alle persone. Per la popolazione: Rilevazione sulla Popolazione residente comunale per sesso, anno di nascita e stato civile","Benessere equo e sostenibile, aggiornamento intermedio 2026"
Mortalità per incidenti stradali (15-34 anni),01SAL005,regione,Puglia,2007,1.4,Tassi standardizzati per 10.000 residenti,"Istat - Per i decessi: Rilevazione degli incidenti stradali con lesioni alle persone. Per la popolazione: Rilevazione sulla Popolazione residente comunale per sesso, anno di nascita e stato civile","Benessere equo e sostenibile, aggiornamento intermedio 2026"
Mortalità per incidenti stradali (15-34 anni),01SAL005,regione,Puglia,2008,1.4,Tassi standardizzati per 10.000 residenti,"Istat - Per i decessi: Rilevazione degli incidenti stradali con lesioni alle persone. Per la popolazione: Rilevazione sulla Popolazione residente comunale per sesso, anno di nascita e stato civile","Benessere equo e sostenibile, aggiornamento intermedio 2026"
Mortalità per incidenti stradali (15-34 anni),01SAL005,regione,Puglia,2009,1.1,Tassi standardizzati per 10.000 residenti,"Istat - Per i decessi: Rilevazione degli incidenti stradali con lesioni alle persone. Per la popolazione: Rilevazione sulla Popolazione residente comunale per sesso, anno di nascita e stato civile","Benessere equo e sostenibile, aggiornamento intermedio 2026"
Mortalità per incidenti stradali (15-34 anni),01SAL005,regione,Puglia,2010,1.1,Tassi standardizzati per 10.000 residenti,"Istat - Per i decessi: Rilevazione degli incidenti stradali con lesioni alle persone. Per la popolazione: Rilevazione sulla Popolazione residente comunale per sesso, anno di nascita e stato civile","Benessere equo e sostenibile, aggiornamento intermedio 2026"
Mortalità per incidenti stradali (15-34 anni),01SAL005,regione,Puglia,2011,1.1,Tassi standardizzati per 10.000 residenti,"Istat - Per i decessi: Rilevazione degli incidenti stradali con lesioni alle persone. Per la popolazione: Rilevazione sulla Popolazione residente comunale per sesso, anno di nascita e stato civile","Benessere equo e sostenibile, aggiornamento intermedio 2026"
Mortalità per incidenti stradali (15-34 anni),01SAL005,regione,Puglia,2012,1.0,Tassi standardizzati per 10.000 residenti,"Istat - Per i decessi: Rilevazione degli incidenti stradali con lesioni alle persone. Per la popolazione: Rilevazione sulla Popolazione residente comunale per sesso, anno di nascita e stato civile","Benessere equo e sostenibile, aggiornamento intermedio 2026"
Mortalità per incidenti stradali (15-34 anni),01SAL005,regione,Puglia,2013,0.8,Tassi standardizzati per 10.000 residenti,"Istat - Per i decessi: Rilevazione degli incidenti stradali con lesioni alle persone. Per la popolazione: Rilevazione sulla Popolazione residente comunale per sesso, anno di nascita e stato civile","Benessere equo e sostenibile, aggiornamento intermedio 2026"
Mortalità per incidenti stradali (15-34 anni),01SAL005,regione,Puglia,2014,0.8,Tassi standardizzati per 10.000 residenti,"Istat - Per i decessi: Rilevazione degli incidenti stradali con lesioni alle persone. Per la popolazione: Rilevazione sulla Popolazione residente comunale per sesso, anno di nascita e stato civile","Benessere equo e sostenibile, aggiornamento intermedio 2026"
Mortalità per incidenti stradali (15-34 anni),01SAL005,regione,Puglia,2015,0.8,Tassi standardizzati per 10.000 residenti,"Istat - Per i decessi: Rilevazione degli incidenti stradali con lesioni alle persone. Per la popolazione: Rilevazione sulla Popolazione residente comunale per sesso, anno di nascita e stato civile","Benessere equo e sostenibile, aggiornamento intermedio 2026"
Mortalità per incidenti stradali (15-34 anni),01SAL005,regione,Puglia,2016,1.1,Tassi standardizzati per 10.000 residenti,"Istat - Per i decessi: Rilevazione degli incidenti stradali con lesioni alle persone. Per la popolazione: Rilevazione sulla Popolazione residente comunale per sesso, anno di nascita e stato civile","Benessere equo e sostenibile, aggiornamento intermedio 2026"
Mortalità per incidenti stradali (15-34 anni),01SAL005,regione,Puglia,2017,0.8,Tassi standardizzati per 10.000 residenti,"Istat - Per i decessi: Rilevazione degli incidenti stradali con lesioni alle persone. Per la popolazione: Rilevazione sulla Popolazione residente comunale per sesso, anno di nascita e stato civile","Benessere equo e sostenibile, aggiornamento intermedio 2026"
Mortalità per incidenti stradali (15-34 anni),01SAL005,regione,Puglia,2018,0.8,Tassi standardizzati per 10.000 residenti,"Istat - Per i decessi: Rilevazione degli incidenti stradali con lesioni alle persone. Per la popolazione: Rilevazione sulla Popolazione residente comunale per sesso, anno di nascita e stato civile","Benessere equo e sostenibile, aggiornamento intermedio 2026"
Mortalità per incidenti stradali (15-34 anni),01SAL005,regione,Puglia,2019,0.8,Tassi standardizzati per 10.000 residenti,"Istat - Per i decessi: Rilevazione degli incidenti stradali con lesioni alle persone. Per la popolazione: Rilevazione sulla Popolazione residente comunale per sesso, anno di nascita e stato civile","Benessere equo e sostenibile, aggiornamento intermedio 2026"
Mortalità per incidenti stradali (15-34 anni),01SAL005,regione,Puglia,2020,0.6,Tassi standardizzati per 10.000 residenti,"Istat - Per i decessi: Rilevazione degli incidenti stradali con lesioni alle persone. Per la popolazione: Rilevazione sulla Popolazione residente comunale per sesso, anno di nascita e stato civile","Benessere equo e sostenibile, aggiornamento intermedio 2026"
Mortalità per incidenti stradali (15-34 anni),01SAL005,regione,Puglia,2021,0.8,Tassi standardizzati per 10.000 residenti,"Istat - Per i decessi: Rilevazione degli incidenti stradali con lesioni alle persone. Per la popolazione: Rilevazione sulla Popolazione residente comunale per sesso, anno di nascita e stato civile","Benessere equo e sostenibile, aggiornamento intermedio 2026"
Mortalità per incidenti stradali (15-34 anni),01SAL005,regione,Puglia,2022,0.9,Tassi standardizzati per 10.000 residenti,"Istat - Per i decessi: Rilevazione degli incidenti stradali con lesioni alle persone. Per la popolazione: Rilevazione sulla Popolazione residente comunale per sesso, anno di nascita e stato civile","Benessere equo e sostenibile, aggiornamento intermedio 2026"
Mortalità per incidenti stradali (15-34 anni),01SAL005,regione,Puglia,2023,0.8,Tassi standardizzati per 10.000 residenti,"Istat - Per i decessi: Rilevazione degli incidenti stradali con lesioni alle persone. Per la popolazione: Rilevazione sulla Popolazione residente comunale per sesso, anno di nascita e stato civile","Benessere equo e sostenibile, aggiornamento intermedio 2026"
Mortalità per incidenti stradali (15-34 anni),01SAL005,regione,Puglia,2024,0.9,Tassi standardizzati per 10.000 residenti,"Istat - Per i decessi: Rilevazione degli incidenti stradali con lesioni alle persone. Per la popolazione: Rilevazione sulla Popolazione residente comunale per sesso, anno di nascita e stato civile","Benessere equo e sostenibile, aggiornamento intermedio 2026"
Mortalità per incidenti stradali (15-34 anni),01SAL005,regione,Sardegna,2004,1.7,Tassi standardizzati per 10.000 residenti,"Istat - Per i decessi: Rilevazione degli incidenti stradali con lesioni alle persone. Per la popolazione: Rilevazione sulla Popolazione residente comunale per sesso, anno di nascita e stato civile","Benessere equo e sostenibile, aggiornamento intermedio 2026"
Mortalità per incidenti stradali (15-34 anni),01SAL005,regione,Sardegna,2005,1.6,Tassi standardizzati per 10.000 residenti,"Istat - Per i decessi: Rilevazione degli incidenti stradali con lesioni alle persone. Per la popolazione: Rilevazione sulla Popolazione residente comunale per sesso, anno di nascita e stato civile","Benessere equo e sostenibile, aggiornamento intermedio 2026"
Mortalità per incidenti stradali (15-34 anni),01SAL005,regione,Sardegna,2006,2.3,Tassi standardizzati per 10.000 residenti,"Istat - Per i decessi: Rilevazione degli incidenti stradali con lesioni alle persone. Per la popolazione: Rilevazione sulla Popolazione residente comunale per sesso, anno di nascita e stato civile","Benessere equo e sostenibile, aggiornamento intermedio 2026"
Mortalità per incidenti stradali (15-34 anni),01SAL005,regione,Sardegna,2007,1.4,Tassi standardizzati per 10.000 residenti,"Istat - Per i decessi: Rilevazione degli incidenti stradali con lesioni alle persone. Per la popolazione: Rilevazione sulla Popolazione residente comunale per sesso, anno di nascita e stato civile","Benessere equo e sostenibile, aggiornamento intermedio 2026"
Mortalità per incidenti stradali (15-34 anni),01SAL005,regione,Sardegna,2008,1.4,Tassi standardizzati per 10.000 residenti,"Istat - Per i decessi: Rilevazione degli incidenti stradali con lesioni alle persone. Per la popolazione: Rilevazione sulla Popolazione residente comunale per sesso, anno di nascita e stato civile","Benessere equo e sostenibile, aggiornamento intermedio 2026"
Mortalità per incidenti stradali (15-34 anni),01SAL005,regione,Sardegna,2009,0.8,Tassi standardizzati per 10.000 residenti,"Istat - Per i decessi: Rilevazione degli incidenti stradali con lesioni alle persone. Per la popolazione: Rilevazione sulla Popolazione residente comunale per sesso, anno di nascita e stato civile","Benessere equo e sostenibile, aggiornamento intermedio 2026"
Mortalità per incidenti stradali (15-34 anni),01SAL005,regione,Sardegna,2010,1.0,Tassi standardizzati per 10.000 residenti,"Istat - Per i decessi: Rilevazione degli incidenti stradali con lesioni alle persone. Per la popolazione: Rilevazione sulla Popolazione residente comunale per sesso, anno di nascita e stato civile","Benessere equo e sostenibile, aggiornamento intermedio 2026"
Mortalità per incidenti stradali (15-34 anni),01SAL005,regione,Sardegna,2011,1.0,Tassi standardizzati per 10.000 residenti,"Istat - Per i decessi: Rilevazione degli incidenti stradali con lesioni alle persone. Per la popolazione: Rilevazione sulla Popolazione residente comunale per sesso, anno di nascita e stato civile","Benessere equo e sostenibile, aggiornamento intermedio 2026"
Mortalità per incidenti stradali (15-34 anni),01SAL005,regione,Sardegna,2012,0.8,Tassi standardizzati per 10.000 residenti,"Istat - Per i decessi: Rilevazione degli incidenti stradali con lesioni alle persone. Per la popolazione: Rilevazione sulla Popolazione residente comunale per sesso, anno di nascita e stato civile","Benessere equo e sostenibile, aggiornamento intermedio 2026"
Mortalità per incidenti stradali (15-34 anni),01SAL005,regione,Sardegna,2013,1.1,Tassi standardizzati per 10.000 residenti,"Istat - Per i decessi: Rilevazione degli incidenti stradali con lesioni alle persone. Per la popolazione: Rilevazione sulla Popolazione residente comunale per sesso, anno di nascita e stato civile","Benessere equo e sostenibile, aggiornamento intermedio 2026"
Mortalità per incidenti stradali (15-34 anni),01SAL005,regione,Sardegna,2014,0.8,Tassi standardizzati per 10.000 residenti,"Istat - Per i decessi: Rilevazione degli incidenti stradali con lesioni alle persone. Per la popolazione: Rilevazione sulla Popolazione residente comunale per sesso, anno di nascita e stato civile","Benessere equo e sostenibile, aggiornamento intermedio 2026"
Mortalità per incidenti stradali (15-34 anni),01SAL005,regione,Sardegna,2015,0.9,Tassi standardizzati per 10.000 residenti,"Istat - Per i decessi: Rilevazione degli incidenti stradali con lesioni alle persone. Per la popolazione: Rilevazione sulla Popolazione residente comunale per sesso, anno di nascita e stato civile","Benessere equo e sostenibile, aggiornamento intermedio 2026"
Mortalità per incidenti stradali (15-34 anni),01SAL005,regione,Sardegna,2016,1.0,Tassi standardizzati per 10.000 residenti,"Istat - Per i decessi: Rilevazione degli incidenti stradali con lesioni alle persone. Per la popolazione: Rilevazione sulla Popolazione residente comunale per sesso, anno di nascita e stato civile","Benessere equo e sostenibile, aggiornamento intermedio 2026"
Mortalità per incidenti stradali (15-34 anni),01SAL005,regione,Sardegna,2017,0.9,Tassi standardizzati per 10.000 residenti,"Istat - Per i decessi: Rilevazione degli incidenti stradali con lesioni alle persone. Per la popolazione: Rilevazione sulla Popolazione residente comunale per sesso, anno di nascita e stato civile","Benessere equo e sostenibile, aggiornamento intermedio 2026"
Mortalità per incidenti stradali (15-34 anni),01SAL005,regione,Sardegna,2018,1.1,Tassi standardizzati per 10.000 residenti,"Istat - Per i decessi: Rilevazione degli incidenti stradali con lesioni alle persone. Per la popolazione: Rilevazione sulla Popolazione residente comunale per sesso, anno di nascita e stato civile","Benessere equo e sostenibile, aggiornamento intermedio 2026"
Mortalità per incidenti stradali (15-34 anni),01SAL005,regione,Sardegna,2019,0.7,Tassi standardizzati per 10.000 residenti,"Istat - Per i decessi: Rilevazione degli incidenti stradali con lesioni alle persone. Per la popolazione: Rilevazione sulla Popolazione residente comunale per sesso, anno di nascita e stato civile","Benessere equo e sostenibile, aggiornamento intermedio 2026"
Mortalità per incidenti stradali (15-34 anni),01SAL005,regione,Sardegna,2020,0.9,Tassi standardizzati per 10.000 residenti,"Istat - Per i decessi: Rilevazione degli incidenti stradali con lesioni alle persone. Per la popolazione: Rilevazione sulla Popolazione residente comunale per sesso, anno di nascita e stato civile","Benessere equo e sostenibile, aggiornamento intermedio 2026"
Mortalità per incidenti stradali (15-34 anni),01SAL005,regione,Sardegna,2021,0.7,Tassi standardizzati per 10.000 residenti,"Istat - Per i decessi: Rilevazione degli incidenti stradali con lesioni alle persone. Per la popolazione: Rilevazione sulla Popolazione residente comunale per sesso, anno di nascita e stato civile","Benessere equo e sostenibile, aggiornamento intermedio 2026"
Mortalità per incidenti stradali (15-34 anni),01SAL005,regione,Sardegna,2022,0.8,Tassi standardizzati per 10.000 residenti,"Istat - Per i decessi: Rilevazione degli incidenti stradali con lesioni alle persone. Per la popolazione: Rilevazione sulla Popolazione residente comunale per sesso, anno di nascita e stato civile","Benessere equo e sostenibile, aggiornamento intermedio 2026"
Mortalità per incidenti stradali (15-34 anni),01SAL005,regione,Sardegna,2023,0.8,Tassi standardizzati per 10.000 residenti,"Istat - Per i decessi: Rilevazione degli incidenti stradali con lesioni alle persone. Per la popolazione: Rilevazione sulla Popolazione residente comunale per sesso, anno di nascita e stato civile","Benessere equo e sostenibile, aggiornamento intermedio 2026"
Mortalità per incidenti stradali (15-34 anni),01SAL005,regione,Sardegna,2024,1.3,Tassi standardizzati per 10.000 residenti,"Istat - Per i decessi: Rilevazione degli incidenti stradali con lesioni alle persone. Per la popolazione: Rilevazione sulla Popolazione residente comunale per sesso, anno di nascita e stato civile","Benessere equo e sostenibile, aggiornamento intermedio 2026"
Mortalità per incidenti stradali (15-34 anni),01SAL005,regione,Sicilia,2004,1.4,Tassi standardizzati per 10.000 residenti,"Istat - Per i decessi: Rilevazione degli incidenti stradali con lesioni alle persone. Per la popolazione: Rilevazione sulla Popolazione residente comunale per sesso, anno di nascita e stato civile","Benessere equo e sostenibile, aggiornamento intermedio 2026"
Mortalità per incidenti stradali (15-34 anni),01SAL005,regione,Sicilia,2005,1.5,Tassi standardizzati per 10.000 residenti,"Istat - Per i decessi: Rilevazione degli incidenti stradali con lesioni alle persone. Per la popolazione: Rilevazione sulla Popolazione residente comunale per sesso, anno di nascita e stato civile","Benessere equo e sostenibile, aggiornamento intermedio 2026"
Mortalità per incidenti stradali (15-34 anni),01SAL005,regione,Sicilia,2006,1.4,Tassi standardizzati per 10.000 residenti,"Istat - Per i decessi: Rilevazione degli incidenti stradali con lesioni alle persone. Per la popolazione: Rilevazione sulla Popolazione residente comunale per sesso, anno di nascita e stato civile","Benessere equo e sostenibile, aggiornamento intermedio 2026"
Mortalità per incidenti stradali (15-34 anni),01SAL005,regione,Sicilia,2007,1.4,Tassi standardizzati per 10.000 residenti,"Istat - Per i decessi: Rilevazione degli incidenti stradali con lesioni alle persone. Per la popolazione: Rilevazione sulla Popolazione residente comunale per sesso, anno di nascita e stato civile","Benessere equo e sostenibile, aggiornamento intermedio 2026"
Mortalità per incidenti stradali (15-34 anni),01SAL005,regione,Sicilia,2008,1.3,Tassi standardizzati per 10.000 residenti,"Istat - Per i decessi: Rilevazione degli incidenti stradali con lesioni alle persone. Per la popolazione: Rilevazione sulla Popolazione residente comunale per sesso, anno di nascita e stato civile","Benessere equo e sostenibile, aggiornamento intermedio 2026"
Mortalità per incidenti stradali (15-34 anni),01SAL005,regione,Sicilia,2009,1.0,Tassi standardizzati per 10.000 residenti,"Istat - Per i decessi: Rilevazione degli incidenti stradali con lesioni alle persone. Per la popolazione: Rilevazione sulla Popolazione residente comunale per sesso, anno di nascita e stato civile","Benessere equo e sostenibile, aggiornamento intermedio 2026"
Mortalità per incidenti stradali (15-34 anni),01SAL005,regione,Sicilia,2010,0.9,Tassi standardizzati per 10.000 residenti,"Istat - Per i decessi: Rilevazione degli incidenti stradali con lesioni alle persone. Per la popolazione: Rilevazione sulla Popolazione residente comunale per sesso, anno di nascita e stato civile","Benessere equo e sostenibile, aggiornamento intermedio 2026"
Mortalità per incidenti stradali (15-34 anni),01SAL005,regione,Sicilia,2011,0.8,Tassi standardizzati per 10.000 residenti,"Istat - Per i decessi: Rilevazione degli incidenti stradali con lesioni alle persone. Per la popolazione: Rilevazione sulla Popolazione residente comunale per sesso, anno di nascita e stato civile","Benessere equo e sostenibile, aggiornamento intermedio 2026"
Mortalità per incidenti stradali (15-34 anni),01SAL005,regione,Sicilia,2012,0.7,Tassi standardizzati per 10.000 residenti,"Istat - Per i decessi: Rilevazione degli incidenti stradali con lesioni alle persone. Per la popolazione: Rilevazione sulla Popolazione residente comunale per sesso, anno di nascita e stato civile","Benessere equo e sostenibile, aggiornamento intermedio 2026"
Mortalità per incidenti stradali (15-34 anni),01SAL005,regione,Sicilia,2013,0.8,Tassi standardizzati per 10.000 residenti,"Istat - Per i decessi: Rilevazione degli incidenti stradali con lesioni alle persone. Per la popolazione: Rilevazione sulla Popolazione residente comunale per sesso, anno di nascita e stato civile","Benessere equo e sostenibile, aggiornamento intermedio 2026"
Mortalità per incidenti stradali (15-34 anni),01SAL005,regione,Sicilia,2014,0.7,Tassi standardizzati per 10.000 residenti,"Istat - Per i decessi: Rilevazione degli incidenti stradali con lesioni alle persone. Per la popolazione: Rilevazione sulla Popolazione residente comunale per sesso, anno di nascita e stato civile","Benessere equo e sostenibile, aggiornamento intermedio 2026"
Mortalità per incidenti stradali (15-34 anni),01SAL005,regione,Sicilia,2015,0.6,Tassi standardizzati per 10.000 residenti,"Istat - Per i decessi: Rilevazione degli incidenti stradali con lesioni alle persone. Per la popolazione: Rilevazione sulla Popolazione residente comunale per sesso, anno di nascita e stato civile","Benessere equo e sostenibile, aggiornamento intermedio 2026"
Mortalità per incidenti stradali (15-34 anni),01SAL005,regione,Sicilia,2016,0.5,Tassi standardizzati per 10.000 residenti,"Istat - Per i decessi: Rilevazione degli incidenti stradali con lesioni alle persone. Per la popolazione: Rilevazione sulla Popolazione residente comunale per sesso, anno di nascita e stato civile","Benessere equo e sostenibile, aggiornamento intermedio 2026"
Mortalità per incidenti stradali (15-34 anni),01SAL005,regione,Sicilia,2017,0.6,Tassi standardizzati per 10.000 residenti,"Istat - Per i decessi: Rilevazione degli incidenti stradali con lesioni alle persone. Per la popolazione: Rilevazione sulla Popolazione residente comunale per sesso, anno di nascita e stato civile","Benessere equo e sostenibile, aggiornamento intermedio 2026"
Mortalità per incidenti stradali (15-34 anni),01SAL005,regione,Sicilia,2018,0.6,Tassi standardizzati per 10.000 residenti,"Istat - Per i decessi: Rilevazione degli incidenti stradali con lesioni alle persone. Per la popolazione: Rilevazione sulla Popolazione residente comunale per sesso, anno di nascita e stato civile","Benessere equo e sostenibile, aggiornamento intermedio 2026"
Mortalità per incidenti stradali (15-34 anni),01SAL005,regione,Sicilia,2019,0.8,Tassi standardizzati per 10.000 residenti,"Istat - Per i decessi: Rilevazione degli incidenti stradali con lesioni alle persone. Per la popolazione: Rilevazione sulla Popolazione residente comunale per sesso, anno di nascita e stato civile","Benessere equo e sostenibile, aggiornamento intermedio 2026"
Mortalità per incidenti stradali (15-34 anni),01SAL005,regione,Sicilia,2020,0.5,Tassi standardizzati per 10.000 residenti,"Istat - Per i decessi: Rilevazione degli incidenti stradali con lesioni alle persone. Per la popolazione: Rilevazione sulla Popolazione residente comunale per sesso, anno di nascita e stato civile","Benessere equo e sostenibile, aggiornamento intermedio 2026"
Mortalità per incidenti stradali (15-34 anni),01SAL005,regione,Sicilia,2021,0.8,Tassi standardizzati per 10.000 residenti,"Istat - Per i decessi: Rilevazione degli incidenti stradali con lesioni alle persone. Per la popolazione: Rilevazione sulla Popolazione residente comunale per sesso, anno di nascita e stato civile","Benessere equo e sostenibile, aggiornamento intermedio 2026"
Mortalità per incidenti stradali (15-34 anni),01SAL005,regione,Sicilia,2022,0.6,Tassi standardizzati per 10.000 residenti,"Istat - Per i decessi: Rilevazione degli incidenti stradali con lesioni alle persone. Per la popolazione: Rilevazione sulla Popolazione residente comunale per sesso, anno di nascita e stato civile","Benessere equo e sostenibile, aggiornamento intermedio 2026"
Mortalità per incidenti stradali (15-34 anni),01SAL005,regione,Sicilia,2023,0.7,Tassi standardizzati per 10.000 residenti,"Istat - Per i decessi: Rilevazione degli incidenti stradali con lesioni alle persone. Per la popolazione: Rilevazione sulla Popolazione residente comunale per sesso, anno di nascita e stato civile","Benessere equo e sostenibile, aggiornamento intermedio 2026"
Mortalità per incidenti stradali (15-34 anni),01SAL005,regione,Sicilia,2024,0.7,Tassi standardizzati per 10.000 residenti,"Istat - Per i decessi: Rilevazione degli incidenti stradali con lesioni alle persone. Per la popolazione: Rilevazione sulla Popolazione residente comunale per sesso, anno di nascita e stato civile","Benessere equo e sostenibile, aggiornamento intermedio 2026"
Mortalità per incidenti stradali (15-34 anni),01SAL005,regione,Toscana,2004,2.1,Tassi standardizzati per 10.000 residenti,"Istat - Per i decessi: Rilevazione degli incidenti stradali con lesioni alle persone. Per la popolazione: Rilevazione sulla Popolazione residente comunale per sesso, anno di nascita e stato civile","Benessere equo e sostenibile, aggiornamento intermedio 2026"
Mortalità per incidenti stradali (15-34 anni),01SAL005,regione,Toscana,2005,1.6,Tassi standardizzati per 10.000 residenti,"Istat - Per i decessi: Rilevazione degli incidenti stradali con lesioni alle persone. Per la popolazione: Rilevazione sulla Popolazione residente comunale per sesso, anno di nascita e stato civile","Benessere equo e sostenibile, aggiornamento intermedio 2026"
Mortalità per incidenti stradali (15-34 anni),01SAL005,regione,Toscana,2006,1.6,Tassi standardizzati per 10.000 residenti,"Istat - Per i decessi: Rilevazione degli incidenti stradali con lesioni alle persone. Per la popolazione: Rilevazione sulla Popolazione residente comunale per sesso, anno di nascita e stato civile","Benessere equo e sostenibile, aggiornamento intermedio 2026"
Mortalità per incidenti stradali (15-34 anni),01SAL005,regione,Toscana,2007,1.4,Tassi standardizzati per 10.000 residenti,"Istat - Per i decessi: Rilevazione degli incidenti stradali con lesioni alle persone. Per la popolazione: Rilevazione sulla Popolazione residente comunale per sesso, anno di nascita e stato civile","Benessere equo e sostenibile, aggiornamento intermedio 2026"
Mortalità per incidenti stradali (15-34 anni),01SAL005,regione,Toscana,2008,1.3,Tassi standardizzati per 10.000 residenti,"Istat - Per i decessi: Rilevazione degli incidenti stradali con lesioni alle persone. Per la popolazione: Rilevazione sulla Popolazione residente comunale per sesso, anno di nascita e stato civile","Benessere equo e sostenibile, aggiornamento intermedio 2026"
Mortalità per incidenti stradali (15-34 anni),01SAL005,regione,Toscana,2009,1.1,Tassi standardizzati per 10.000 residenti,"Istat - Per i decessi: Rilevazione degli incidenti stradali con lesioni alle persone. Per la popolazione: Rilevazione sulla Popolazione residente comunale per sesso, anno di nascita e stato civile","Benessere equo e sostenibile, aggiornamento intermedio 2026"
Mortalità per incidenti stradali (15-34 anni),01SAL005,regione,Toscana,2010,1.2,Tassi standardizzati per 10.000 residenti,"Istat - Per i decessi: Rilevazione degli incidenti stradali con lesioni alle persone. Per la popolazione: Rilevazione sulla Popolazione residente comunale per sesso, anno di nascita e stato civile","Benessere equo e sostenibile, aggiornamento intermedio 2026"
Mortalità per incidenti stradali (15-34 anni),01SAL005,regione,Toscana,2011,0.8,Tassi standardizzati per 10.000 residenti,"Istat - Per i decessi: Rilevazione degli incidenti stradali con lesioni alle persone. Per la popolazione: Rilevazione sulla Popolazione residente comunale per sesso, anno di nascita e stato civile","Benessere equo e sostenibile, aggiornamento intermedio 2026"
Mortalità per incidenti stradali (15-34 anni),01SAL005,regione,Toscana,2012,0.7,Tassi standardizzati per 10.000 residenti,"Istat - Per i decessi: Rilevazione degli incidenti stradali con lesioni alle persone. Per la popolazione: Rilevazione sulla Popolazione residente comunale per sesso, anno di nascita e stato civile","Benessere equo e sostenibile, aggiornamento intermedio 2026"
Mortalità per incidenti stradali (15-34 anni),01SAL005,regione,Toscana,2013,0.6,Tassi standardizzati per 10.000 residenti,"Istat - Per i decessi: Rilevazione degli incidenti stradali con lesioni alle persone. Per la popolazione: Rilevazione sulla Popolazione residente comunale per sesso, anno di nascita e stato civile","Benessere equo e sostenibile, aggiornamento intermedio 2026"
Mortalità per incidenti stradali (15-34 anni),01SAL005,regione,Toscana,2014,0.7,Tassi standardizzati per 10.000 residenti,"Istat - Per i decessi: Rilevazione degli incidenti stradali con lesioni alle persone. Per la popolazione: Rilevazione sulla Popolazione residente comunale per sesso, anno di nascita e stato civile","Benessere equo e sostenibile, aggiornamento intermedio 2026"
Mortalità per incidenti stradali (15-34 anni),01SAL005,regione,Toscana,2015,0.7,Tassi standardizzati per 10.000 residenti,"Istat - Per i decessi: Rilevazione degli incidenti stradali con lesioni alle persone. Per la popolazione: Rilevazione sulla Popolazione residente comunale per sesso, anno di nascita e stato civile","Benessere equo e sostenibile, aggiornamento intermedio 2026"
Mortalità per incidenti stradali (15-34 anni),01SAL005,regione,Toscana,2016,0.6,Tassi standardizzati per 10.000 residenti,"Istat - Per i decessi: Rilevazione degli incidenti stradali con lesioni alle persone. Per la popolazione: Rilevazione sulla Popolazione residente comunale per sesso, anno di nascita e stato civile","Benessere equo e sostenibile, aggiornamento intermedio 2026"
Mortalità per incidenti stradali (15-34 anni),01SAL005,regione,Toscana,2017,0.9,Tassi standardizzati per 10.000 residenti,"Istat - Per i decessi: Rilevazione degli incidenti stradali con lesioni alle persone. Per la popolazione: Rilevazione sulla Popolazione residente comunale per sesso, anno di nascita e stato civile","Benessere equo e sostenibile, aggiornamento intermedio 2026"
Mortalità per incidenti stradali (15-34 anni),01SAL005,regione,Toscana,2018,0.7,Tassi standardizzati per 10.000 residenti,"Istat - Per i decessi: Rilevazione degli incidenti stradali con lesioni alle persone. Per la popolazione: Rilevazione sulla Popolazione residente comunale per sesso, anno di nascita e stato civile","Benessere equo e sostenibile, aggiornamento intermedio 2026"
Mortalità per incidenti stradali (15-34 anni),01SAL005,regione,Toscana,2019,0.6,Tassi standardizzati per 10.000 residenti,"Istat - Per i decessi: Rilevazione degli incidenti stradali con lesioni alle persone. Per la popolazione: Rilevazione sulla Popolazione residente comunale per sesso, anno di nascita e stato civile","Benessere equo e sostenibile, aggiornamento intermedio 2026"
Mortalità per incidenti stradali (15-34 anni),01SAL005,regione,Toscana,2020,0.5,Tassi standardizzati per 10.000 residenti,"Istat - Per i decessi: Rilevazione degli incidenti stradali con lesioni alle persone. Per la popolazione: Rilevazione sulla Popolazione residente comunale per sesso, anno di nascita e stato civile","Benessere equo e sostenibile, aggiornamento intermedio 2026"
Mortalità per incidenti stradali (15-34 anni),01SAL005,regione,Toscana,2021,0.5,Tassi standardizzati per 10.000 residenti,"Istat - Per i decessi: Rilevazione degli incidenti stradali con lesioni alle persone. Per la popolazione: Rilevazione sulla Popolazione residente comunale per sesso, anno di nascita e stato civile","Benessere equo e sostenibile, aggiornamento intermedio 2026"
Mortalità per incidenti stradali (15-34 anni),01SAL005,regione,Toscana,2022,0.5,Tassi standardizzati per 10.000 residenti,"Istat - Per i decessi: Rilevazione degli incidenti stradali con lesioni alle persone. Per la popolazione: Rilevazione sulla Popolazione residente comunale per sesso, anno di nascita e stato civile","Benessere equo e sostenibile, aggiornamento intermedio 2026"
Mortalità per incidenti stradali (15-34 anni),01SAL005,regione,Toscana,2023,0.5,Tassi standardizzati per 10.000 residenti,"Istat - Per i decessi: Rilevazione degli incidenti stradali con lesioni alle persone. Per la popolazione: Rilevazione sulla Popolazione residente comunale per sesso, anno di nascita e stato civile","Benessere equo e sostenibile, aggiornamento intermedio 2026"
Mortalità per incidenti stradali (15-34 anni),01SAL005,regione,Toscana,2024,0.5,Tassi standardizzati per 10.000 residenti,"Istat - Per i decessi: Rilevazione degli incidenti stradali con lesioni alle persone. Per la popolazione: Rilevazione sulla Popolazione residente comunale per sesso, anno di nascita e stato civile","Benessere equo e sostenibile, aggiornamento intermedio 2026"
Mortalità per incidenti stradali (15-34 anni),01SAL005,regione,Trentino Alto Adige,2004,2.3,Tassi standardizzati per 10.000 residenti,"Istat - Per i decessi: Rilevazione degli incidenti stradali con lesioni alle persone. Per la popolazione: Rilevazione sulla Popolazione residente comunale per sesso, anno di nascita e stato civile","Benessere equo e sostenibile, aggiornamento intermedio 2026"
Mortalità per incidenti stradali (15-34 anni),01SAL005,regione,Trentino Alto Adige,2005,1.8,Tassi standardizzati per 10.000 residenti,"Istat - Per i decessi: Rilevazione degli incidenti stradali con lesioni alle persone. Per la popolazione: Rilevazione sulla Popolazione residente comunale per sesso, anno di nascita e stato civile","Benessere equo e sostenibile, aggiornamento intermedio 2026"
Mortalità per incidenti stradali (15-34 anni),01SAL005,regione,Trentino Alto Adige,2006,1.6,Tassi standardizzati per 10.000 residenti,"Istat - Per i decessi: Rilevazione degli incidenti stradali con lesioni alle persone. Per la popolazione: Rilevazione sulla Popolazione residente comunale per sesso, anno di nascita e stato civile","Benessere equo e sostenibile, aggiornamento intermedio 2026"
Mortalità per incidenti stradali (15-34 anni),01SAL005,regione,Trentino Alto Adige,2007,0.9,Tassi standardizzati per 10.000 residenti,"Istat - Per i decessi: Rilevazione degli incidenti stradali con lesioni alle persone. Per la popolazione: Rilevazione sulla Popolazione residente comunale per sesso, anno di nascita e stato civile","Benessere equo e sostenibile, aggiornamento intermedio 2026"
Mortalità per incidenti stradali (15-34 anni),01SAL005,regione,Trentino Alto Adige,2008,1.1,Tassi standardizzati per 10.000 residenti,"Istat - Per i decessi: Rilevazione degli incidenti stradali con lesioni alle persone. Per la popolazione: Rilevazione sulla Popolazione residente comunale per sesso, anno di nascita e stato civile","Benessere equo e sostenibile, aggiornamento intermedio 2026"
Mortalità per incidenti stradali (15-34 anni),01SAL005,regione,Trentino Alto Adige,2009,0.9,Tassi standardizzati per 10.000 residenti,"Istat - Per i decessi: Rilevazione degli incidenti stradali con lesioni alle persone. Per la popolazione: Rilevazione sulla Popolazione residente comunale per sesso, anno di nascita e stato civile","Benessere equo e sostenibile, aggiornamento intermedio 2026"
Mortalità per incidenti stradali (15-34 anni),01SAL005,regione,Trentino Alto Adige,2010,0.6,Tassi standardizzati per 10.000 residenti,"Istat - Per i decessi: Rilevazione degli incidenti stradali con lesioni alle persone. Per la popolazione: Rilevazione sulla Popolazione residente comunale per sesso, anno di nascita e stato civile","Benessere equo e sostenibile, aggiornamento intermedio 2026"
Mortalità per incidenti stradali (15-34 anni),01SAL005,regione,Trentino Alto Adige,2011,0.7,Tassi standardizzati per 10.000 residenti,"Istat - Per i decessi: Rilevazione degli incidenti stradali con lesioni alle persone. Per la popolazione: Rilevazione sulla Popolazione residente comunale per sesso, anno di nascita e stato civile","Benessere equo e sostenibile, aggiornamento intermedio 2026"
Mortalità per incidenti stradali (15-34 anni),01SAL005,regione,Trentino Alto Adige,2012,0.6,Tassi standardizzati per 10.000 residenti,"Istat - Per i decessi: Rilevazione degli incidenti stradali con lesioni alle persone. Per la popolazione: Rilevazione sulla Popolazione residente comunale per sesso, anno di nascita e stato civile","Benessere equo e sostenibile, aggiornamento intermedio 2026"
Mortalità per incidenti stradali (15-34 anni),01SAL005,regione,Trentino Alto Adige,2013,0.8,Tassi standardizzati per 10.000 residenti,"Istat - Per i decessi: Rilevazione degli incidenti stradali con lesioni alle persone. Per la popolazione: Rilevazione sulla Popolazione residente comunale per sesso, anno di nascita e stato civile","Benessere equo e sostenibile, aggiornamento intermedio 2026"
Mortalità per incidenti stradali (15-34 anni),01SAL005,regione,Trentino Alto Adige,2014,0.5,Tassi standardizzati per 10.000 residenti,"Istat - Per i decessi: Rilevazione degli incidenti stradali con lesioni alle persone. Per la popolazione: Rilevazione sulla Popolazione residente comunale per sesso, anno di nascita e stato civile","Benessere equo e sostenibile, aggiornamento intermedio 2026"
Mortalità per incidenti stradali (15-34 anni),01SAL005,regione,Trentino Alto Adige,2015,0.8,Tassi standardizzati per 10.000 residenti,"Istat - Per i decessi: Rilevazione degli incidenti stradali con lesioni alle persone. Per la popolazione: Rilevazione sulla Popolazione residente comunale per sesso, anno di nascita e stato civile","Benessere equo e sostenibile, aggiornamento intermedio 2026"
Mortalità per incidenti stradali (15-34 anni),01SAL005,regione,Trentino Alto Adige,2016,0.7,Tassi standardizzati per 10.000 residenti,"Istat - Per i decessi: Rilevazione degli incidenti stradali con lesioni alle persone. Per la popolazione: Rilevazione sulla Popolazione residente comunale per sesso, anno di nascita e stato civile","Benessere equo e sostenibile, aggiornamento intermedio 2026"
Mortalità per incidenti stradali (15-34 anni),01SAL005,regione,Trentino Alto Adige,2017,0.3,Tassi standardizzati per 10.000 residenti,"Istat - Per i decessi: Rilevazione degli incidenti stradali con lesioni alle persone. Per la popolazione: Rilevazione sulla Popolazione residente comunale per sesso, anno di nascita e stato civile","Benessere equo e sostenibile, aggiornamento intermedio 2026"
Mortalità per incidenti stradali (15-34 anni),01SAL005,regione,Trentino Alto Adige,2018,0.5,Tassi standardizzati per 10.000 residenti,"Istat - Per i decessi: Rilevazione degli incidenti stradali con lesioni alle persone. Per la popolazione: Rilevazione sulla Popolazione residente comunale per sesso, anno di nascita e stato civile","Benessere equo e sostenibile, aggiornamento intermedio 2026"
Mortalità per incidenti stradali (15-34 anni),01SAL005,regione,Trentino Alto Adige,2019,0.7,Tassi standardizzati per 10.000 residenti,"Istat - Per i decessi: Rilevazione degli incidenti stradali con lesioni alle persone. Per la popolazione: Rilevazione sulla Popolazione residente comunale per sesso, anno di nascita e stato civile","Benessere equo e sostenibile, aggiornamento intermedio 2026"
Mortalità per incidenti stradali (15-34 anni),01SAL005,regione,Trentino Alto Adige,2020,0.6,Tassi standardizzati per 10.000 residenti,"Istat - Per i decessi: Rilevazione degli incidenti stradali con lesioni alle persone. Per la popolazione: Rilevazione sulla Popolazione residente comunale per sesso, anno di nascita e stato civile","Benessere equo e sostenibile, aggiornamento intermedio 2026"
Mortalità per incidenti stradali (15-34 anni),01SAL005,regione,Trentino Alto Adige,2021,0.5,Tassi standardizzati per 10.000 residenti,"Istat - Per i decessi: Rilevazione degli incidenti stradali con lesioni alle persone. Per la popolazione: Rilevazione sulla Popolazione residente comunale per sesso, anno di nascita e stato civile","Benessere equo e sostenibile, aggiornamento intermedio 2026"
Mortalità per incidenti stradali (15-34 anni),01SAL005,regione,Trentino Alto Adige,2022,0.6,Tassi standardizzati per 10.000 residenti,"Istat - Per i decessi: Rilevazione degli incidenti stradali con lesioni alle persone. Per la popolazione: Rilevazione sulla Popolazione residente comunale per sesso, anno di nascita e stato civile","Benessere equo e sostenibile, aggiornamento intermedio 2026"
Mortalità per incidenti stradali (15-34 anni),01SAL005,regione,Trentino Alto Adige,2023,0.8,Tassi standardizzati per 10.000 residenti,"Istat - Per i decessi: Rilevazione degli incidenti stradali con lesioni alle persone. Per la popolazione: Rilevazione sulla Popolazione residente comunale per sesso, anno di nascita e stato civile","Benessere equo e sostenibile, aggiornamento intermedio 2026"
Mortalità per incidenti stradali (15-34 anni),01SAL005,regione,Trentino Alto Adige,2024,0.7,Tassi standardizzati per 10.000 residenti,"Istat - Per i decessi: Rilevazione degli incidenti stradali con lesioni alle persone. Per la popolazione: Rilevazione sulla Popolazione residente comunale per sesso, anno di nascita e stato civile","Benessere equo e sostenibile, aggiornamento intermedio 2026"
Mortalità per incidenti stradali (15-34 anni),01SAL005,regione,Umbria,2004,1.7,Tassi standardizzati per 10.000 residenti,"Istat - Per i decessi: Rilevazione degli incidenti stradali con lesioni alle persone. Per la popolazione: Rilevazione sulla Popolazione residente comunale per sesso, anno di nascita e stato civile","Benessere equo e sostenibile, aggiornamento intermedio 2026"
Mortalità per incidenti stradali (15-34 anni),01SAL005,regione,Umbria,2005,1.5,Tassi standardizzati per 10.000 residenti,"Istat - Per i decessi: Rilevazione degli incidenti stradali con lesioni alle persone. Per la popolazione: Rilevazione sulla Popolazione residente comunale per sesso, anno di nascita e stato civile","Benessere equo e sostenibile, aggiornamento intermedio 2026"
Mortalità per incidenti stradali (15-34 anni),01SAL005,regione,Umbria,2006,1.6,Tassi standardizzati per 10.000 residenti,"Istat - Per i decessi: Rilevazione degli incidenti stradali con lesioni alle persone. Per la popolazione: Rilevazione sulla Popolazione residente comunale per sesso, anno di nascita e stato civile","Benessere equo e sostenibile, aggiornamento intermedio 2026"
Mortalità per incidenti stradali (15-34 anni),01SAL005,regione,Umbria,2007,2.1,Tassi standardizzati per 10.000 residenti,"Istat - Per i decessi: Rilevazione degli incidenti stradali con lesioni alle persone. Per la popolazione: Rilevazione sulla Popolazione residente comunale per sesso, anno di nascita e stato civile","Benessere equo e sostenibile, aggiornamento intermedio 2026"
Mortalità per incidenti stradali (15-34 anni),01SAL005,regione,Umbria,2008,1.4,Tassi standardizzati per 10.000 residenti,"Istat - Per i decessi: Rilevazione degli incidenti stradali con lesioni alle persone. Per la popolazione: Rilevazione sulla Popolazione residente comunale per sesso, anno di nascita e stato civile","Benessere equo e sostenibile, aggiornamento intermedio 2026"
Mortalità per incidenti stradali (15-34 anni),01SAL005,regione,Umbria,2009,1.5,Tassi standardizzati per 10.000 residenti,"Istat - Per i decessi: Rilevazione degli incidenti stradali con lesioni alle persone. Per la popolazione: Rilevazione sulla Popolazione residente comunale per sesso, anno di nascita e stato civile","Benessere equo e sostenibile, aggiornamento intermedio 2026"
Mortalità per incidenti stradali (15-34 anni),01SAL005,regione,Umbria,2010,1.3,Tassi standardizzati per 10.000 residenti,"Istat - Per i decessi: Rilevazione degli incidenti stradali con lesioni alle persone. Per la popolazione: Rilevazione sulla Popolazione residente comunale per sesso, anno di nascita e stato civile","Benessere equo e sostenibile, aggiornamento intermedio 2026"
Mortalità per incidenti stradali (15-34 anni),01SAL005,regione,Umbria,2011,0.9,Tassi standardizzati per 10.000 residenti,"Istat - Per i decessi: Rilevazione degli incidenti stradali con lesioni alle persone. Per la popolazione: Rilevazione sulla Popolazione residente comunale per sesso, anno di nascita e stato civile","Benessere equo e sostenibile, aggiornamento intermedio 2026"
Mortalità per incidenti stradali (15-34 anni),01SAL005,regione,Umbria,2012,0.7,Tassi standardizzati per 10.000 residenti,"Istat - Per i decessi: Rilevazione degli incidenti stradali con lesioni alle persone. Per la popolazione: Rilevazione sulla Popolazione residente comunale per sesso, anno di nascita e stato civile","Benessere equo e sostenibile, aggiornamento intermedio 2026"
Mortalità per incidenti stradali (15-34 anni),01SAL005,regione,Umbria,2013,0.6,Tassi standardizzati per 10.000 residenti,"Istat - Per i decessi: Rilevazione degli incidenti stradali con lesioni alle persone. Per la popolazione: Rilevazione sulla Popolazione residente comunale per sesso, anno di nascita e stato civile","Benessere equo e sostenibile, aggiornamento intermedio 2026"
Mortalità per incidenti stradali (15-34 anni),01SAL005,regione,Umbria,2014,0.5,Tassi standardizzati per 10.000 residenti,"Istat - Per i decessi: Rilevazione degli incidenti stradali con lesioni alle persone. Per la popolazione: Rilevazione sulla Popolazione residente comunale per sesso, anno di nascita e stato civile","Benessere equo e sostenibile, aggiornamento intermedio 2026"
Mortalità per incidenti stradali (15-34 anni),01SAL005,regione,Umbria,2015,0.8,Tassi standardizzati per 10.000 residenti,"Istat - Per i decessi: Rilevazione degli incidenti stradali con lesioni alle persone. Per la popolazione: Rilevazione sulla Popolazione residente comunale per sesso, anno di nascita e stato civile","Benessere equo e sostenibile, aggiornamento intermedio 2026"
Mortalità per incidenti stradali (15-34 anni),01SAL005,regione,Umbria,2016,0.4,Tassi standardizzati per 10.000 residenti,"Istat - Per i decessi: Rilevazione degli incidenti stradali con lesioni alle persone. Per la popolazione: Rilevazione sulla Popolazione residente comunale per sesso, anno di nascita e stato civile","Benessere equo e sostenibile, aggiornamento intermedio 2026"
Mortalità per incidenti stradali (15-34 anni),01SAL005,regione,Umbria,2017,0.5,Tassi standardizzati per 10.000 residenti,"Istat - Per i decessi: Rilevazione degli incidenti stradali con lesioni alle persone. Per la popolazione: Rilevazione sulla Popolazione residente comunale per sesso, anno di nascita e stato civile","Benessere equo e sostenibile, aggiornamento intermedio 2026"
Mortalità per incidenti stradali (15-34 anni),01SAL005,regione,Umbria,2018,0.7,Tassi standardizzati per 10.000 residenti,"Istat - Per i decessi: Rilevazione degli incidenti stradali con lesioni alle persone. Per la popolazione: Rilevazione sulla Popolazione residente comunale per sesso, anno di nascita e stato civile","Benessere equo e sostenibile, aggiornamento intermedio 2026"
Mortalità per incidenti stradali (15-34 anni),01SAL005,regione,Umbria,2019,0.6,Tassi standardizzati per 10.000 residenti,"Istat - Per i decessi: Rilevazione degli incidenti stradali con lesioni alle persone. Per la popolazione: Rilevazione sulla Popolazione residente comunale per sesso, anno di nascita e stato civile","Benessere equo e sostenibile, aggiornamento intermedio 2026"
Mortalità per incidenti stradali (15-34 anni),01SAL005,regione,Umbria,2020,0.7,Tassi standardizzati per 10.000 residenti,"Istat - Per i decessi: Rilevazione degli incidenti stradali con lesioni alle persone. Per la popolazione: Rilevazione sulla Popolazione residente comunale per sesso, anno di nascita e stato civile","Benessere equo e sostenibile, aggiornamento intermedio 2026"
Mortalità per incidenti stradali (15-34 anni),01SAL005,regione,Umbria,2021,0.5,Tassi standardizzati per 10.000 residenti,"Istat - Per i decessi: Rilevazione degli incidenti stradali con lesioni alle persone. Per la popolazione: Rilevazione sulla Popolazione residente comunale per sesso, anno di nascita e stato civile","Benessere equo e sostenibile, aggiornamento intermedio 2026"
Mortalità per incidenti stradali (15-34 anni),01SAL005,regione,Umbria,2022,0.6,Tassi standardizzati per 10.000 residenti,"Istat - Per i decessi: Rilevazione degli incidenti stradali con lesioni alle persone. Per la popolazione: Rilevazione sulla Popolazione residente comunale per sesso, anno di nascita e stato civile","Benessere equo e sostenibile, aggiornamento intermedio 2026"
Mortalità per incidenti stradali (15-34 anni),01SAL005,regione,Umbria,2023,0.8,Tassi standardizzati per 10.000 residenti,"Istat - Per i decessi: Rilevazione degli incidenti stradali con lesioni alle persone. Per la popolazione: Rilevazione sulla Popolazione residente comunale per sesso, anno di nascita e stato civile","Benessere equo e sostenibile, aggiornamento intermedio 2026"
Mortalità per incidenti stradali (15-34 anni),01SAL005,regione,Umbria,2024,0.8,Tassi standardizzati per 10.000 residenti,"Istat - Per i decessi: Rilevazione degli incidenti stradali con lesioni alle persone. Per la popolazione: Rilevazione sulla Popolazione residente comunale per sesso, anno di nascita e stato civile","Benessere equo e sostenibile, aggiornamento intermedio 2026"
Mortalità per incidenti stradali (15-34 anni),01SAL005,regione,Valle d'Aosta,2004,1.8,Tassi standardizzati per 10.000 residenti,"Istat - Per i decessi: Rilevazione degli incidenti stradali con lesioni alle persone. Per la popolazione: Rilevazione sulla Popolazione residente comunale per sesso, anno di nascita e stato civile","Benessere equo e sostenibile, aggiornamento intermedio 2026"
Mortalità per incidenti stradali (15-34 anni),01SAL005,regione,Valle d'Aosta,2005,1.7,Tassi standardizzati per 10.000 residenti,"Istat - Per i decessi: Rilevazione degli incidenti stradali con lesioni alle persone. Per la popolazione: Rilevazione sulla Popolazione residente comunale per sesso, anno di nascita e stato civile","Benessere equo e sostenibile, aggiornamento intermedio 2026"
Mortalità per incidenti stradali (15-34 anni),01SAL005,regione,Valle d'Aosta,2006,1.8,Tassi standardizzati per 10.000 residenti,"Istat - Per i decessi: Rilevazione degli incidenti stradali con lesioni alle persone. Per la popolazione: Rilevazione sulla Popolazione residente comunale per sesso, anno di nascita e stato civile","Benessere equo e sostenibile, aggiornamento intermedio 2026"
Mortalità per incidenti stradali (15-34 anni),01SAL005,regione,Valle d'Aosta,2007,1.7,Tassi standardizzati per 10.000 residenti,"Istat - Per i decessi: Rilevazione degli incidenti stradali con lesioni alle persone. Per la popolazione: Rilevazione sulla Popolazione residente comunale per sesso, anno di nascita e stato civile","Benessere equo e sostenibile, aggiornamento intermedio 2026"
Mortalità per incidenti stradali (15-34 anni),01SAL005,regione,Valle d'Aosta,2008,1.7,Tassi standardizzati per 10.000 residenti,"Istat - Per i decessi: Rilevazione degli incidenti stradali con lesioni alle persone. Per la popolazione: Rilevazione sulla Popolazione residente comunale per sesso, anno di nascita e stato civile","Benessere equo e sostenibile, aggiornamento intermedio 2026"
Mortalità per incidenti stradali (15-34 anni),01SAL005,regione,Valle d'Aosta,2009,2.1,Tassi standardizzati per 10.000 residenti,"Istat - Per i decessi: Rilevazione degli incidenti stradali con lesioni alle persone. Per la popolazione: Rilevazione sulla Popolazione residente comunale per sesso, anno di nascita e stato civile","Benessere equo e sostenibile, aggiornamento intermedio 2026"
Mortalità per incidenti stradali (15-34 anni),01SAL005,regione,Valle d'Aosta,2010,1.7,Tassi standardizzati per 10.000 residenti,"Istat - Per i decessi: Rilevazione degli incidenti stradali con lesioni alle persone. Per la popolazione: Rilevazione sulla Popolazione residente comunale per sesso, anno di nascita e stato civile","Benessere equo e sostenibile, aggiornamento intermedio 2026"
Mortalità per incidenti stradali (15-34 anni),01SAL005,regione,Valle d'Aosta,2011,0.7,Tassi standardizzati per 10.000 residenti,"Istat - Per i decessi: Rilevazione degli incidenti stradali con lesioni alle persone. Per la popolazione: Rilevazione sulla Popolazione residente comunale per sesso, anno di nascita e stato civile","Benessere equo e sostenibile, aggiornamento intermedio 2026"
Mortalità per incidenti stradali (15-34 anni),01SAL005,regione,Valle d'Aosta,2012,1.8,Tassi standardizzati per 10.000 residenti,"Istat - Per i decessi: Rilevazione degli incidenti stradali con lesioni alle persone. Per la popolazione: Rilevazione sulla Popolazione residente comunale per sesso, anno di nascita e stato civile","Benessere equo e sostenibile, aggiornamento intermedio 2026"
Mortalità per incidenti stradali (15-34 anni),01SAL005,regione,Valle d'Aosta,2013,0.4,Tassi standardizzati per 10.000 residenti,"Istat - Per i decessi: Rilevazione degli incidenti stradali con lesioni alle persone. Per la popolazione: Rilevazione sulla Popolazione residente comunale per sesso, anno di nascita e stato civile","Benessere equo e sostenibile, aggiornamento intermedio 2026"
Mortalità per incidenti stradali (15-34 anni),01SAL005,regione,Valle d'Aosta,2014,2.1,Tassi standardizzati per 10.000 residenti,"Istat - Per i decessi: Rilevazione degli incidenti stradali con lesioni alle persone. Per la popolazione: Rilevazione sulla Popolazione residente comunale per sesso, anno di nascita e stato civile","Benessere equo e sostenibile, aggiornamento intermedio 2026"
Mortalità per incidenti stradali (15-34 anni),01SAL005,regione,Valle d'Aosta,2015,0.9,Tassi standardizzati per 10.000 residenti,"Istat - Per i decessi: Rilevazione degli incidenti stradali con lesioni alle persone. Per la popolazione: Rilevazione sulla Popolazione residente comunale per sesso, anno di nascita e stato civile","Benessere equo e sostenibile, aggiornamento intermedio 2026"
Mortalità per incidenti stradali (15-34 anni),01SAL005,regione,Valle d'Aosta,2016,0.4,Tassi standardizzati per 10.000 residenti,"Istat - Per i decessi: Rilevazione degli incidenti stradali con lesioni alle persone. Per la popolazione: Rilevazione sulla Popolazione residente comunale per sesso, anno di nascita e stato civile","Benessere equo e sostenibile, aggiornamento intermedio 2026"
Mortalità per incidenti stradali (15-34 anni),01SAL005,regione,Valle d'Aosta,2017,2.4,Tassi standardizzati per 10.000 residenti,"Istat - Per i decessi: Rilevazione degli incidenti stradali con lesioni alle persone. Per la popolazione: Rilevazione sulla Popolazione residente comunale per sesso, anno di nascita e stato civile","Benessere equo e sostenibile, aggiornamento intermedio 2026"
Mortalità per incidenti stradali (15-34 anni),01SAL005,regione,Valle d'Aosta,2018,0.4,Tassi standardizzati per 10.000 residenti,"Istat - Per i decessi: Rilevazione degli incidenti stradali con lesioni alle persone. Per la popolazione: Rilevazione sulla Popolazione residente comunale per sesso, anno di nascita e stato civile","Benessere equo e sostenibile, aggiornamento intermedio 2026"
Mortalità per incidenti stradali (15-34 anni),01SAL005,regione,Valle d'Aosta,2022,0.4,Tassi standardizzati per 10.000 residenti,"Istat - Per i decessi: Rilevazione degli incidenti stradali con lesioni alle persone. Per la popolazione: Rilevazione sulla Popolazione residente comunale per sesso, anno di nascita e stato civile","Benessere equo e sostenibile, aggiornamento intermedio 2026"
Mortalità per incidenti stradali (15-34 anni),01SAL005,regione,Valle d'Aosta,2023,0.4,Tassi standardizzati per 10.000 residenti,"Istat - Per i decessi: Rilevazione degli incidenti stradali con lesioni alle persone. Per la popolazione: Rilevazione sulla Popolazione residente comunale per sesso, anno di nascita e stato civile","Benessere equo e sostenibile, aggiornamento intermedio 2026"
Mortalità per incidenti stradali (15-34 anni),01SAL005,regione,Valle d'Aosta,2024,0.8,Tassi standardizzati per 10.000 residenti,"Istat - Per i decessi: Rilevazione degli incidenti stradali con lesioni alle persone. Per la popolazione: Rilevazione sulla Popolazione residente comunale per sesso, anno di nascita e stato civile","Benessere equo e sostenibile, aggiornamento intermedio 2026"
Mortalità per incidenti stradali (15-34 anni),01SAL005,regione,Veneto,2004,2.2,Tassi standardizzati per 10.000 residenti,"Istat - Per i decessi: Rilevazione degli incidenti stradali con lesioni alle persone. Per la popolazione: Rilevazione sulla Popolazione residente comunale per sesso, anno di nascita e stato civile","Benessere equo e sostenibile, aggiornamento intermedio 2026"
Mortalità per incidenti stradali (15-34 anni),01SAL005,regione,Veneto,2005,2.0,Tassi standardizzati per 10.000 residenti,"Istat - Per i decessi: Rilevazione degli incidenti stradali con lesioni alle persone. Per la popolazione: Rilevazione sulla Popolazione residente comunale per sesso, anno di nascita e stato civile","Benessere equo e sostenibile, aggiornamento intermedio 2026"
Mortalità per incidenti stradali (15-34 anni),01SAL005,regione,Veneto,2006,1.9,Tassi standardizzati per 10.000 residenti,"Istat - Per i decessi: Rilevazione degli incidenti stradali con lesioni alle persone. Per la popolazione: Rilevazione sulla Popolazione residente comunale per sesso, anno di nascita e stato civile","Benessere equo e sostenibile, aggiornamento intermedio 2026"
Mortalità per incidenti stradali (15-34 anni),01SAL005,regione,Veneto,2007,1.9,Tassi standardizzati per 10.000 residenti,"Istat - Per i decessi: Rilevazione degli incidenti stradali con lesioni alle persone. Per la popolazione: Rilevazione sulla Popolazione residente comunale per sesso, anno di nascita e stato civile","Benessere equo e sostenibile, aggiornamento intermedio 2026"
Mortalità per incidenti stradali (15-34 anni),01SAL005,regione,Veneto,2008,1.4,Tassi standardizzati per 10.000 residenti,"Istat - Per i decessi: Rilevazione degli incidenti stradali con lesioni alle persone. Per la popolazione: Rilevazione sulla Popolazione residente comunale per sesso, anno di nascita e stato civile","Benessere equo e sostenibile, aggiornamento intermedio 2026"
Mortalità per incidenti stradali (15-34 anni),01SAL005,regione,Veneto,2009,1.1,Tassi standardizzati per 10.000 residenti,"Istat - Per i decessi: Rilevazione degli incidenti stradali con lesioni alle persone. Per la popolazione: Rilevazione sulla Popolazione residente comunale per sesso, anno di nascita e stato civile","Benessere equo e sostenibile, aggiornamento intermedio 2026"
Mortalità per incidenti stradali (15-34 anni),01SAL005,regione,Veneto,2010,1.3,Tassi standardizzati per 10.000 residenti,"Istat - Per i decessi: Rilevazione degli incidenti stradali con lesioni alle persone. Per la popolazione: Rilevazione sulla Popolazione residente comunale per sesso, anno di nascita e stato civile","Benessere equo e sostenibile, aggiornamento intermedio 2026"
Mortalità per incidenti stradali (15-34 anni),01SAL005,regione,Veneto,2011,1.0,Tassi standardizzati per 10.000 residenti,"Istat - Per i decessi: Rilevazione degli incidenti stradali con lesioni alle persone. Per la popolazione: Rilevazione sulla Popolazione residente comunale per sesso, anno di nascita e stato civile","Benessere equo e sostenibile, aggiornamento intermedio 2026"
Mortalità per incidenti stradali (15-34 anni),01SAL005,regione,Veneto,2012,1.1,Tassi standardizzati per 10.000 residenti,"Istat - Per i decessi: Rilevazione degli incidenti stradali con lesioni alle persone. Per la popolazione: Rilevazione sulla Popolazione residente comunale per sesso, anno di nascita e stato civile","Benessere equo e sostenibile, aggiornamento intermedio 2026"
Mortalità per incidenti stradali (15-34 anni),01SAL005,regione,Veneto,2013,0.8,Tassi standardizzati per 10.000 residenti,"Istat - Per i decessi: Rilevazione degli incidenti stradali con lesioni alle persone. Per la popolazione: Rilevazione sulla Popolazione residente comunale per sesso, anno di nascita e stato civile","Benessere equo e sostenibile, aggiornamento intermedio 2026"
Mortalità per incidenti stradali (15-34 anni),01SAL005,regione,Veneto,2014,0.9,Tassi standardizzati per 10.000 residenti,"Istat - Per i decessi: Rilevazione degli incidenti stradali con lesioni alle persone. Per la popolazione: Rilevazione sulla Popolazione residente comunale per sesso, anno di nascita e stato civile","Benessere equo e sostenibile, aggiornamento intermedio 2026"
Mortalità per incidenti stradali (15-34 anni),01SAL005,regione,Veneto,2015,0.8,Tassi standardizzati per 10.000 residenti,"Istat - Per i decessi: Rilevazione degli incidenti stradali con lesioni alle persone. Per la popolazione: Rilevazione sulla Popolazione residente comunale per sesso, anno di nascita e stato civile","Benessere equo e sostenibile, aggiornamento intermedio 2026"
Mortalità per incidenti stradali (15-34 anni),01SAL005,regione,Veneto,2016,0.8,Tassi standardizzati per 10.000 residenti,"Istat - Per i decessi: Rilevazione degli incidenti stradali con lesioni alle persone. Per la popolazione: Rilevazione sulla Popolazione residente comunale per sesso, anno di nascita e stato civile","Benessere equo e sostenibile, aggiornamento intermedio 2026"
Mortalità per incidenti stradali (15-34 anni),01SAL005,regione,Veneto,2017,0.7,Tassi standardizzati per 10.000 residenti,"Istat - Per i decessi: Rilevazione degli incidenti stradali con lesioni alle persone. Per la popolazione: Rilevazione sulla Popolazione residente comunale per sesso, anno di nascita e stato civile","Benessere equo e sostenibile, aggiornamento intermedio 2026"
Mortalità per incidenti stradali (15-34 anni),01SAL005,regione,Veneto,2018,0.8,Tassi standardizzati per 10.000 residenti,"Istat - Per i decessi: Rilevazione degli incidenti stradali con lesioni alle persone. Per la popolazione: Rilevazione sulla Popolazione residente comunale per sesso, anno di nascita e stato civile","Benessere equo e sostenibile, aggiornamento intermedio 2026"
Mortalità per incidenti stradali (15-34 anni),01SAL005,regione,Veneto,2019,1.0,Tassi standardizzati per 10.000 residenti,"Istat - Per i decessi: Rilevazione degli incidenti stradali con lesioni alle persone. Per la popolazione: Rilevazione sulla Popolazione residente comunale per sesso, anno di nascita e stato civile","Benessere equo e sostenibile, aggiornamento intermedio 2026"
Mortalità per incidenti stradali (15-34 anni),01SAL005,regione,Veneto,2020,0.5,Tassi standardizzati per 10.000 residenti,"Istat - Per i decessi: Rilevazione degli incidenti stradali con lesioni alle persone. Per la popolazione: Rilevazione sulla Popolazione residente comunale per sesso, anno di nascita e stato civile","Benessere equo e sostenibile, aggiornamento intermedio 2026"
Mortalità per incidenti stradali (15-34 anni),01SAL005,regione,Veneto,2021,0.9,Tassi standardizzati per 10.000 residenti,"Istat - Per i decessi: Rilevazione degli incidenti stradali con lesioni alle persone. Per la popolazione: Rilevazione sulla Popolazione residente comunale per sesso, anno di nascita e stato civile","Benessere equo e sostenibile, aggiornamento intermedio 2026"
Mortalità per incidenti stradali (15-34 anni),01SAL005,regione,Veneto,2022,1.1,Tassi standardizzati per 10.000 residenti,"Istat - Per i decessi: Rilevazione degli incidenti stradali con lesioni alle persone. Per la popolazione: Rilevazione sulla Popolazione residente comunale per sesso, anno di nascita e stato civile","Benessere equo e sostenibile, aggiornamento intermedio 2026"
Mortalità per incidenti stradali (15-34 anni),01SAL005,regione,Veneto,2023,0.8,Tassi standardizzati per 10.000 residenti,"Istat - Per i decessi: Rilevazione degli incidenti stradali con lesioni alle persone. Per la popolazione: Rilevazione sulla Popolazione residente comunale per sesso, anno di nascita e stato civile","Benessere equo e sostenibile, aggiornamento intermedio 2026"
Mortalità per incidenti stradali (15-34 anni),01SAL005,regione,Veneto,2024,0.7,Tassi standardizzati per 10.000 residenti,"Istat - Per i decessi: Rilevazione degli incidenti stradali con lesioni alle persone. Per la popolazione: Rilevazione sulla Popolazione residente comunale per sesso, anno di nascita e stato civile","Benessere equo e sostenibile, aggiornamento intermedio 2026"
"Mortalità per incidenti stradali (15-34 anni), Italia e ripartizioni",bes_ripartizioni_01SAL005,ripartizione,Centro,2004,2.0,Tassi standardizzati per 10.000 residenti,Istat,"Benessere equo e sostenibile, aggiornamento intermedio 2026, valori ufficiali per ripartizione"
"Mortalità per incidenti stradali (15-34 anni), Italia e ripartizioni",bes_ripartizioni_01SAL005,ripartizione,Centro,2005,1.9,Tassi standardizzati per 10.000 residenti,Istat,"Benessere equo e sostenibile, aggiornamento intermedio 2026, valori ufficiali per ripartizione"
"Mortalità per incidenti stradali (15-34 anni), Italia e ripartizioni",bes_ripartizioni_01SAL005,ripartizione,Centro,2006,1.8,Tassi standardizzati per 10.000 residenti,Istat,"Benessere equo e sostenibile, aggiornamento intermedio 2026, valori ufficiali per ripartizione"
"Mortalità per incidenti stradali (15-34 anni), Italia e ripartizioni",bes_ripartizioni_01SAL005,ripartizione,Centro,2007,1.9,Tassi standardizzati per 10.000 residenti,Istat,"Benessere equo e sostenibile, aggiornamento intermedio 2026, valori ufficiali per ripartizione"
"Mortalità per incidenti stradali (15-34 anni), Italia e ripartizioni",bes_ripartizioni_01SAL005,ripartizione,Centro,2008,1.4,Tassi standardizzati per 10.000 residenti,Istat,"Benessere equo e sostenibile, aggiornamento intermedio 2026, valori ufficiali per ripartizione"
"Mortalità per incidenti stradali (15-34 anni), Italia e ripartizioni",bes_ripartizioni_01SAL005,ripartizione,Centro,2009,1.3,Tassi standardizzati per 10.000 residenti,Istat,"Benessere equo e sostenibile, aggiornamento intermedio 2026, valori ufficiali per ripartizione"
"Mortalità per incidenti stradali (15-34 anni), Italia e ripartizioni",bes_ripartizioni_01SAL005,ripartizione,Centro,2010,1.3,Tassi standardizzati per 10.000 residenti,Istat,"Benessere equo e sostenibile, aggiornamento intermedio 2026, valori ufficiali per ripartizione"
"Mortalità per incidenti stradali (15-34 anni), Italia e ripartizioni",bes_ripartizioni_01SAL005,ripartizione,Centro,2011,1.1,Tassi standardizzati per 10.000 residenti,Istat,"Benessere equo e sostenibile, aggiornamento intermedio 2026, valori ufficiali per ripartizione"
"Mortalità per incidenti stradali (15-34 anni), Italia e ripartizioni",bes_ripartizioni_01SAL005,ripartizione,Centro,2012,0.9,Tassi standardizzati per 10.000 residenti,Istat,"Benessere equo e sostenibile, aggiornamento intermedio 2026, valori ufficiali per ripartizione"
"Mortalità per incidenti stradali (15-34 anni), Italia e ripartizioni",bes_ripartizioni_01SAL005,ripartizione,Centro,2013,0.7,Tassi standardizzati per 10.000 residenti,Istat,"Benessere equo e sostenibile, aggiornamento intermedio 2026, valori ufficiali per ripartizione"
"Mortalità per incidenti stradali (15-34 anni), Italia e ripartizioni",bes_ripartizioni_01SAL005,ripartizione,Centro,2014,0.8,Tassi standardizzati per 10.000 residenti,Istat,"Benessere equo e sostenibile, aggiornamento intermedio 2026, valori ufficiali per ripartizione"
"Mortalità per incidenti stradali (15-34 anni), Italia e ripartizioni",bes_ripartizioni_01SAL005,ripartizione,Centro,2015,0.8,Tassi standardizzati per 10.000 residenti,Istat,"Benessere equo e sostenibile, aggiornamento intermedio 2026, valori ufficiali per ripartizione"
"Mortalità per incidenti stradali (15-34 anni), Italia e ripartizioni",bes_ripartizioni_01SAL005,ripartizione,Centro,2016,0.7,Tassi standardizzati per 10.000 residenti,Istat,"Benessere equo e sostenibile, aggiornamento intermedio 2026, valori ufficiali per ripartizione"
"Mortalità per incidenti stradali (15-34 anni), Italia e ripartizioni",bes_ripartizioni_01SAL005,ripartizione,Centro,2017,0.8,Tassi standardizzati per 10.000 residenti,Istat,"Benessere equo e sostenibile, aggiornamento intermedio 2026, valori ufficiali per ripartizione"
"Mortalità per incidenti stradali (15-34 anni), Italia e ripartizioni",bes_ripartizioni_01SAL005,ripartizione,Centro,2018,0.7,Tassi standardizzati per 10.000 residenti,Istat,"Benessere equo e sostenibile, aggiornamento intermedio 2026, valori ufficiali per ripartizione"
"Mortalità per incidenti stradali (15-34 anni), Italia e ripartizioni",bes_ripartizioni_01SAL005,ripartizione,Centro,2019,0.6,Tassi standardizzati per 10.000 residenti,Istat,"Benessere equo e sostenibile, aggiornamento intermedio 2026, valori ufficiali per ripartizione"
"Mortalità per incidenti stradali (15-34 anni), Italia e ripartizioni",bes_ripartizioni_01SAL005,ripartizione,Centro,2020,0.5,Tassi standardizzati per 10.000 residenti,Istat,"Benessere equo e sostenibile, aggiornamento intermedio 2026, valori ufficiali per ripartizione"
"Mortalità per incidenti stradali (15-34 anni), Italia e ripartizioni",bes_ripartizioni_01SAL005,ripartizione,Centro,2021,0.6,Tassi standardizzati per 10.000 residenti,Istat,"Benessere equo e sostenibile, aggiornamento intermedio 2026, valori ufficiali per ripartizione"
"Mortalità per incidenti stradali (15-34 anni), Italia e ripartizioni",bes_ripartizioni_01SAL005,ripartizione,Centro,2022,0.6,Tassi standardizzati per 10.000 residenti,Istat,"Benessere equo e sostenibile, aggiornamento intermedio 2026, valori ufficiali per ripartizione"
"Mortalità per incidenti stradali (15-34 anni), Italia e ripartizioni",bes_ripartizioni_01SAL005,ripartizione,Centro,2023,0.6,Tassi standardizzati per 10.000 residenti,Istat,"Benessere equo e sostenibile, aggiornamento intermedio 2026, valori ufficiali per ripartizione"
"Mortalità per incidenti stradali (15-34 anni), Italia e ripartizioni",bes_ripartizioni_01SAL005,ripartizione,Centro,2024,0.6,Tassi standardizzati per 10.000 residenti,Istat,"Benessere equo e sostenibile, aggiornamento intermedio 2026, valori ufficiali per ripartizione"
"Mortalità per incidenti stradali (15-34 anni), Italia e ripartizioni",bes_ripartizioni_01SAL005,ripartizione,Italia,2004,1.8,Tassi standardizzati per 10.000 residenti,Istat,"Benessere equo e sostenibile, aggiornamento intermedio 2026, valori ufficiali per ripartizione"
"Mortalità per incidenti stradali (15-34 anni), Italia e ripartizioni",bes_ripartizioni_01SAL005,ripartizione,Italia,2005,1.7,Tassi standardizzati per 10.000 residenti,Istat,"Benessere equo e sostenibile, aggiornamento intermedio 2026, valori ufficiali per ripartizione"
"Mortalità per incidenti stradali (15-34 anni), Italia e ripartizioni",bes_ripartizioni_01SAL005,ripartizione,Italia,2006,1.6,Tassi standardizzati per 10.000 residenti,Istat,"Benessere equo e sostenibile, aggiornamento intermedio 2026, valori ufficiali per ripartizione"
"Mortalità per incidenti stradali (15-34 anni), Italia e ripartizioni",bes_ripartizioni_01SAL005,ripartizione,Italia,2007,1.5,Tassi standardizzati per 10.000 residenti,Istat,"Benessere equo e sostenibile, aggiornamento intermedio 2026, valori ufficiali per ripartizione"
"Mortalità per incidenti stradali (15-34 anni), Italia e ripartizioni",bes_ripartizioni_01SAL005,ripartizione,Italia,2008,1.3,Tassi standardizzati per 10.000 residenti,Istat,"Benessere equo e sostenibile, aggiornamento intermedio 2026, valori ufficiali per ripartizione"
"Mortalità per incidenti stradali (15-34 anni), Italia e ripartizioni",bes_ripartizioni_01SAL005,ripartizione,Italia,2009,1.1,Tassi standardizzati per 10.000 residenti,Istat,"Benessere equo e sostenibile, aggiornamento intermedio 2026, valori ufficiali per ripartizione"
"Mortalità per incidenti stradali (15-34 anni), Italia e ripartizioni",bes_ripartizioni_01SAL005,ripartizione,Italia,2010,1.0,Tassi standardizzati per 10.000 residenti,Istat,"Benessere equo e sostenibile, aggiornamento intermedio 2026, valori ufficiali per ripartizione"
"Mortalità per incidenti stradali (15-34 anni), Italia e ripartizioni",bes_ripartizioni_01SAL005,ripartizione,Italia,2011,0.9,Tassi standardizzati per 10.000 residenti,Istat,"Benessere equo e sostenibile, aggiornamento intermedio 2026, valori ufficiali per ripartizione"
"Mortalità per incidenti stradali (15-34 anni), Italia e ripartizioni",bes_ripartizioni_01SAL005,ripartizione,Italia,2012,0.8,Tassi standardizzati per 10.000 residenti,Istat,"Benessere equo e sostenibile, aggiornamento intermedio 2026, valori ufficiali per ripartizione"
"Mortalità per incidenti stradali (15-34 anni), Italia e ripartizioni",bes_ripartizioni_01SAL005,ripartizione,Italia,2013,0.7,Tassi standardizzati per 10.000 residenti,Istat,"Benessere equo e sostenibile, aggiornamento intermedio 2026, valori ufficiali per ripartizione"
"Mortalità per incidenti stradali (15-34 anni), Italia e ripartizioni",bes_ripartizioni_01SAL005,ripartizione,Italia,2014,0.7,Tassi standardizzati per 10.000 residenti,Istat,"Benessere equo e sostenibile, aggiornamento intermedio 2026, valori ufficiali per ripartizione"
"Mortalità per incidenti stradali (15-34 anni), Italia e ripartizioni",bes_ripartizioni_01SAL005,ripartizione,Italia,2015,0.7,Tassi standardizzati per 10.000 residenti,Istat,"Benessere equo e sostenibile, aggiornamento intermedio 2026, valori ufficiali per ripartizione"
"Mortalità per incidenti stradali (15-34 anni), Italia e ripartizioni",bes_ripartizioni_01SAL005,ripartizione,Italia,2016,0.7,Tassi standardizzati per 10.000 residenti,Istat,"Benessere equo e sostenibile, aggiornamento intermedio 2026, valori ufficiali per ripartizione"
"Mortalità per incidenti stradali (15-34 anni), Italia e ripartizioni",bes_ripartizioni_01SAL005,ripartizione,Italia,2017,0.7,Tassi standardizzati per 10.000 residenti,Istat,"Benessere equo e sostenibile, aggiornamento intermedio 2026, valori ufficiali per ripartizione"
"Mortalità per incidenti stradali (15-34 anni), Italia e ripartizioni",bes_ripartizioni_01SAL005,ripartizione,Italia,2018,0.7,Tassi standardizzati per 10.000 residenti,Istat,"Benessere equo e sostenibile, aggiornamento intermedio 2026, valori ufficiali per ripartizione"
"Mortalità per incidenti stradali (15-34 anni), Italia e ripartizioni",bes_ripartizioni_01SAL005,ripartizione,Italia,2019,0.7,Tassi standardizzati per 10.000 residenti,Istat,"Benessere equo e sostenibile, aggiornamento intermedio 2026, valori ufficiali per ripartizione"
"Mortalità per incidenti stradali (15-34 anni), Italia e ripartizioni",bes_ripartizioni_01SAL005,ripartizione,Italia,2020,0.5,Tassi standardizzati per 10.000 residenti,Istat,"Benessere equo e sostenibile, aggiornamento intermedio 2026, valori ufficiali per ripartizione"
"Mortalità per incidenti stradali (15-34 anni), Italia e ripartizioni",bes_ripartizioni_01SAL005,ripartizione,Italia,2021,0.6,Tassi standardizzati per 10.000 residenti,Istat,"Benessere equo e sostenibile, aggiornamento intermedio 2026, valori ufficiali per ripartizione"
"Mortalità per incidenti stradali (15-34 anni), Italia e ripartizioni",bes_ripartizioni_01SAL005,ripartizione,Italia,2022,0.7,Tassi standardizzati per 10.000 residenti,Istat,"Benessere equo e sostenibile, aggiornamento intermedio 2026, valori ufficiali per ripartizione"
"Mortalità per incidenti stradali (15-34 anni), Italia e ripartizioni",bes_ripartizioni_01SAL005,ripartizione,Italia,2023,0.6,Tassi standardizzati per 10.000 residenti,Istat,"Benessere equo e sostenibile, aggiornamento intermedio 2026, valori ufficiali per ripartizione"
"Mortalità per incidenti stradali (15-34 anni), Italia e ripartizioni",bes_ripartizioni_01SAL005,ripartizione,Italia,2024,0.6,Tassi standardizzati per 10.000 residenti,Istat,"Benessere equo e sostenibile, aggiornamento intermedio 2026, valori ufficiali per ripartizione"
"Mortalità per incidenti stradali (15-34 anni), Italia e ripartizioni",bes_ripartizioni_01SAL005,ripartizione,Mezzogiorno,2004,1.4,Tassi standardizzati per 10.000 residenti,Istat,"Benessere equo e sostenibile, aggiornamento intermedio 2026, valori ufficiali per ripartizione"
"Mortalità per incidenti stradali (15-34 anni), Italia e ripartizioni",bes_ripartizioni_01SAL005,ripartizione,Mezzogiorno,2005,1.4,Tassi standardizzati per 10.000 residenti,Istat,"Benessere equo e sostenibile, aggiornamento intermedio 2026, valori ufficiali per ripartizione"
"Mortalità per incidenti stradali (15-34 anni), Italia e ripartizioni",bes_ripartizioni_01SAL005,ripartizione,Mezzogiorno,2006,1.4,Tassi standardizzati per 10.000 residenti,Istat,"Benessere equo e sostenibile, aggiornamento intermedio 2026, valori ufficiali per ripartizione"
"Mortalità per incidenti stradali (15-34 anni), Italia e ripartizioni",bes_ripartizioni_01SAL005,ripartizione,Mezzogiorno,2007,1.2,Tassi standardizzati per 10.000 residenti,Istat,"Benessere equo e sostenibile, aggiornamento intermedio 2026, valori ufficiali per ripartizione"
"Mortalità per incidenti stradali (15-34 anni), Italia e ripartizioni",bes_ripartizioni_01SAL005,ripartizione,Mezzogiorno,2008,1.2,Tassi standardizzati per 10.000 residenti,Istat,"Benessere equo e sostenibile, aggiornamento intermedio 2026, valori ufficiali per ripartizione"
"Mortalità per incidenti stradali (15-34 anni), Italia e ripartizioni",bes_ripartizioni_01SAL005,ripartizione,Mezzogiorno,2009,1.0,Tassi standardizzati per 10.000 residenti,Istat,"Benessere equo e sostenibile, aggiornamento intermedio 2026, valori ufficiali per ripartizione"
"Mortalità per incidenti stradali (15-34 anni), Italia e ripartizioni",bes_ripartizioni_01SAL005,ripartizione,Mezzogiorno,2010,0.9,Tassi standardizzati per 10.000 residenti,Istat,"Benessere equo e sostenibile, aggiornamento intermedio 2026, valori ufficiali per ripartizione"
"Mortalità per incidenti stradali (15-34 anni), Italia e ripartizioni",bes_ripartizioni_01SAL005,ripartizione,Mezzogiorno,2011,0.8,Tassi standardizzati per 10.000 residenti,Istat,"Benessere equo e sostenibile, aggiornamento intermedio 2026, valori ufficiali per ripartizione"
"Mortalità per incidenti stradali (15-34 anni), Italia e ripartizioni",bes_ripartizioni_01SAL005,ripartizione,Mezzogiorno,2012,0.7,Tassi standardizzati per 10.000 residenti,Istat,"Benessere equo e sostenibile, aggiornamento intermedio 2026, valori ufficiali per ripartizione"
"Mortalità per incidenti stradali (15-34 anni), Italia e ripartizioni",bes_ripartizioni_01SAL005,ripartizione,Mezzogiorno,2013,0.7,Tassi standardizzati per 10.000 residenti,Istat,"Benessere equo e sostenibile, aggiornamento intermedio 2026, valori ufficiali per ripartizione"
"Mortalità per incidenti stradali (15-34 anni), Italia e ripartizioni",bes_ripartizioni_01SAL005,ripartizione,Mezzogiorno,2014,0.7,Tassi standardizzati per 10.000 residenti,Istat,"Benessere equo e sostenibile, aggiornamento intermedio 2026, valori ufficiali per ripartizione"
"Mortalità per incidenti stradali (15-34 anni), Italia e ripartizioni",bes_ripartizioni_01SAL005,ripartizione,Mezzogiorno,2015,0.6,Tassi standardizzati per 10.000 residenti,Istat,"Benessere equo e sostenibile, aggiornamento intermedio 2026, valori ufficiali per ripartizione"
"Mortalità per incidenti stradali (15-34 anni), Italia e ripartizioni",bes_ripartizioni_01SAL005,ripartizione,Mezzogiorno,2016,0.7,Tassi standardizzati per 10.000 residenti,Istat,"Benessere equo e sostenibile, aggiornamento intermedio 2026, valori ufficiali per ripartizione"
"Mortalità per incidenti stradali (15-34 anni), Italia e ripartizioni",bes_ripartizioni_01SAL005,ripartizione,Mezzogiorno,2017,0.6,Tassi standardizzati per 10.000 residenti,Istat,"Benessere equo e sostenibile, aggiornamento intermedio 2026, valori ufficiali per ripartizione"
"Mortalità per incidenti stradali (15-34 anni), Italia e ripartizioni",bes_ripartizioni_01SAL005,ripartizione,Mezzogiorno,2018,0.7,Tassi standardizzati per 10.000 residenti,Istat,"Benessere equo e sostenibile, aggiornamento intermedio 2026, valori ufficiali per ripartizione"
"Mortalità per incidenti stradali (15-34 anni), Italia e ripartizioni",bes_ripartizioni_01SAL005,ripartizione,Mezzogiorno,2019,0.7,Tassi standardizzati per 10.000 residenti,Istat,"Benessere equo e sostenibile, aggiornamento intermedio 2026, valori ufficiali per ripartizione"
"Mortalità per incidenti stradali (15-34 anni), Italia e ripartizioni",bes_ripartizioni_01SAL005,ripartizione,Mezzogiorno,2020,0.5,Tassi standardizzati per 10.000 residenti,Istat,"Benessere equo e sostenibile, aggiornamento intermedio 2026, valori ufficiali per ripartizione"
"Mortalità per incidenti stradali (15-34 anni), Italia e ripartizioni",bes_ripartizioni_01SAL005,ripartizione,Mezzogiorno,2021,0.7,Tassi standardizzati per 10.000 residenti,Istat,"Benessere equo e sostenibile, aggiornamento intermedio 2026, valori ufficiali per ripartizione"
"Mortalità per incidenti stradali (15-34 anni), Italia e ripartizioni",bes_ripartizioni_01SAL005,ripartizione,Mezzogiorno,2022,0.7,Tassi standardizzati per 10.000 residenti,Istat,"Benessere equo e sostenibile, aggiornamento intermedio 2026, valori ufficiali per ripartizione"
"Mortalità per incidenti stradali (15-34 anni), Italia e ripartizioni",bes_ripartizioni_01SAL005,ripartizione,Mezzogiorno,2023,0.6,Tassi standardizzati per 10.000 residenti,Istat,"Benessere equo e sostenibile, aggiornamento intermedio 2026, valori ufficiali per ripartizione"
"Mortalità per incidenti stradali (15-34 anni), Italia e ripartizioni",bes_ripartizioni_01SAL005,ripartizione,Mezzogiorno,2024,0.8,Tassi standardizzati per 10.000 residenti,Istat,"Benessere equo e sostenibile, aggiornamento intermedio 2026, valori ufficiali per ripartizione"
"Mortalità per incidenti stradali (15-34 anni), Italia e ripartizioni",bes_ripartizioni_01SAL005,ripartizione,Nord,2004,2.0,Tassi standardizzati per 10.000 residenti,Istat,"Benessere equo e sostenibile, aggiornamento intermedio 2026, valori ufficiali per ripartizione"
"Mortalità per incidenti stradali (15-34 anni), Italia e ripartizioni",bes_ripartizioni_01SAL005,ripartizione,Nord,2005,1.9,Tassi standardizzati per 10.000 residenti,Istat,"Benessere equo e sostenibile, aggiornamento intermedio 2026, valori ufficiali per ripartizione"
"Mortalità per incidenti stradali (15-34 anni), Italia e ripartizioni",bes_ripartizioni_01SAL005,ripartizione,Nord,2006,1.7,Tassi standardizzati per 10.000 residenti,Istat,"Benessere equo e sostenibile, aggiornamento intermedio 2026, valori ufficiali per ripartizione"
"Mortalità per incidenti stradali (15-34 anni), Italia e ripartizioni",bes_ripartizioni_01SAL005,ripartizione,Nord,2007,1.6,Tassi standardizzati per 10.000 residenti,Istat,"Benessere equo e sostenibile, aggiornamento intermedio 2026, valori ufficiali per ripartizione"
"Mortalità per incidenti stradali (15-34 anni), Italia e ripartizioni",bes_ripartizioni_01SAL005,ripartizione,Nord,2008,1.4,Tassi standardizzati per 10.000 residenti,Istat,"Benessere equo e sostenibile, aggiornamento intermedio 2026, valori ufficiali per ripartizione"
"Mortalità per incidenti stradali (15-34 anni), Italia e ripartizioni",bes_ripartizioni_01SAL005,ripartizione,Nord,2009,1.1,Tassi standardizzati per 10.000 residenti,Istat,"Benessere equo e sostenibile, aggiornamento intermedio 2026, valori ufficiali per ripartizione"
"Mortalità per incidenti stradali (15-34 anni), Italia e ripartizioni",bes_ripartizioni_01SAL005,ripartizione,Nord,2010,1.1,Tassi standardizzati per 10.000 residenti,Istat,"Benessere equo e sostenibile, aggiornamento intermedio 2026, valori ufficiali per ripartizione"
"Mortalità per incidenti stradali (15-34 anni), Italia e ripartizioni",bes_ripartizioni_01SAL005,ripartizione,Nord,2011,0.9,Tassi standardizzati per 10.000 residenti,Istat,"Benessere equo e sostenibile, aggiornamento intermedio 2026, valori ufficiali per ripartizione"
"Mortalità per incidenti stradali (15-34 anni), Italia e ripartizioni",bes_ripartizioni_01SAL005,ripartizione,Nord,2012,0.9,Tassi standardizzati per 10.000 residenti,Istat,"Benessere equo e sostenibile, aggiornamento intermedio 2026, valori ufficiali per ripartizione"
"Mortalità per incidenti stradali (15-34 anni), Italia e ripartizioni",bes_ripartizioni_01SAL005,ripartizione,Nord,2013,0.8,Tassi standardizzati per 10.000 residenti,Istat,"Benessere equo e sostenibile, aggiornamento intermedio 2026, valori ufficiali per ripartizione"
"Mortalità per incidenti stradali (15-34 anni), Italia e ripartizioni",bes_ripartizioni_01SAL005,ripartizione,Nord,2014,0.6,Tassi standardizzati per 10.000 residenti,Istat,"Benessere equo e sostenibile, aggiornamento intermedio 2026, valori ufficiali per ripartizione"
"Mortalità per incidenti stradali (15-34 anni), Italia e ripartizioni",bes_ripartizioni_01SAL005,ripartizione,Nord,2015,0.7,Tassi standardizzati per 10.000 residenti,Istat,"Benessere equo e sostenibile, aggiornamento intermedio 2026, valori ufficiali per ripartizione"
"Mortalità per incidenti stradali (15-34 anni), Italia e ripartizioni",bes_ripartizioni_01SAL005,ripartizione,Nord,2016,0.7,Tassi standardizzati per 10.000 residenti,Istat,"Benessere equo e sostenibile, aggiornamento intermedio 2026, valori ufficiali per ripartizione"
"Mortalità per incidenti stradali (15-34 anni), Italia e ripartizioni",bes_ripartizioni_01SAL005,ripartizione,Nord,2017,0.6,Tassi standardizzati per 10.000 residenti,Istat,"Benessere equo e sostenibile, aggiornamento intermedio 2026, valori ufficiali per ripartizione"
"Mortalità per incidenti stradali (15-34 anni), Italia e ripartizioni",bes_ripartizioni_01SAL005,ripartizione,Nord,2018,0.7,Tassi standardizzati per 10.000 residenti,Istat,"Benessere equo e sostenibile, aggiornamento intermedio 2026, valori ufficiali per ripartizione"
"Mortalità per incidenti stradali (15-34 anni), Italia e ripartizioni",bes_ripartizioni_01SAL005,ripartizione,Nord,2019,0.7,Tassi standardizzati per 10.000 residenti,Istat,"Benessere equo e sostenibile, aggiornamento intermedio 2026, valori ufficiali per ripartizione"
"Mortalità per incidenti stradali (15-34 anni), Italia e ripartizioni",bes_ripartizioni_01SAL005,ripartizione,Nord,2020,0.5,Tassi standardizzati per 10.000 residenti,Istat,"Benessere equo e sostenibile, aggiornamento intermedio 2026, valori ufficiali per ripartizione"
"Mortalità per incidenti stradali (15-34 anni), Italia e ripartizioni",bes_ripartizioni_01SAL005,ripartizione,Nord,2021,0.6,Tassi standardizzati per 10.000 residenti,Istat,"Benessere equo e sostenibile, aggiornamento intermedio 2026, valori ufficiali per ripartizione"
"Mortalità per incidenti stradali (15-34 anni), Italia e ripartizioni",bes_ripartizioni_01SAL005,ripartizione,Nord,2022,0.7,Tassi standardizzati per 10.000 residenti,Istat,"Benessere equo e sostenibile, aggiornamento intermedio 2026, valori ufficiali per ripartizione"
"Mortalità per incidenti stradali (15-34 anni), Italia e ripartizioni",bes_ripartizioni_01SAL005,ripartizione,Nord,2023,0.6,Tassi standardizzati per 10.000 residenti,Istat,"Benessere equo e sostenibile, aggiornamento intermedio 2026, valori ufficiali per ripartizione"
"Mortalità per incidenti stradali (15-34 anni), Italia e ripartizioni",bes_ripartizioni_01SAL005,ripartizione,Nord,2024,0.5,Tassi standardizzati per 10.000 residenti,Istat,"Benessere equo e sostenibile, aggiornamento intermedio 2026, valori ufficiali per ripartizione"
Tempo di arrivo dei mezzi di soccorso (intervallo allarme-target),nsg_soccorso_2022,regione,Abruzzo,2022,24.0,minuti,Ministero della Salute,"Nuovo sistema di garanzia dei LEA, indicatore D09Z, Relazione 2022, tabella 6a"
Tempo di arrivo dei mezzi di soccorso (intervallo allarme-target),nsg_soccorso_2022,regione,Basilicata,2022,26.0,minuti,Ministero della Salute,"Nuovo sistema di garanzia dei LEA, indicatore D09Z, Relazione 2022, tabella 6a"
Tempo di arrivo dei mezzi di soccorso (intervallo allarme-target),nsg_soccorso_2022,regione,Calabria,2022,28.0,minuti,Ministero della Salute,"Nuovo sistema di garanzia dei LEA, indicatore D09Z, Relazione 2022, tabella 6a"
Tempo di arrivo dei mezzi di soccorso (intervallo allarme-target),nsg_soccorso_2022,regione,Campania,2022,23.0,minuti,Ministero della Salute,"Nuovo sistema di garanzia dei LEA, indicatore D09Z, Relazione 2022, tabella 6a"
Tempo di arrivo dei mezzi di soccorso (intervallo allarme-target),nsg_soccorso_2022,regione,Emilia-Romagna,2022,15.0,minuti,Ministero della Salute,"Nuovo sistema di garanzia dei LEA, indicatore D09Z, Relazione 2022, tabella 6a"
Tempo di arrivo dei mezzi di soccorso (intervallo allarme-target),nsg_soccorso_2022,regione,Friuli-Venezia Giulia,2022,16.0,minuti,Ministero della Salute,"Nuovo sistema di garanzia dei LEA, indicatore D09Z, Relazione 2022, tabella 6a"
Tempo di arrivo dei mezzi di soccorso (intervallo allarme-target),nsg_soccorso_2022,regione,Lazio,2022,21.0,minuti,Ministero della Salute,"Nuovo sistema di garanzia dei LEA, indicatore D09Z, Relazione 2022, tabella 6a"
Tempo di arrivo dei mezzi di soccorso (intervallo allarme-target),nsg_soccorso_2022,regione,Liguria,2022,16.0,minuti,Ministero della Salute,"Nuovo sistema di garanzia dei LEA, indicatore D09Z, Relazione 2022, tabella 6a"
Tempo di arrivo dei mezzi di soccorso (intervallo allarme-target),nsg_soccorso_2022,regione,Lombardia,2022,17.0,minuti,Ministero della Salute,"Nuovo sistema di garanzia dei LEA, indicatore D09Z, Relazione 2022, tabella 6a"
Tempo di arrivo dei mezzi di soccorso (intervallo allarme-target),nsg_soccorso_2022,regione,Marche,2022,18.0,minuti,Ministero della Salute,"Nuovo sistema di garanzia dei LEA, indicatore D09Z, Relazione 2022, tabella 6a"
Tempo di arrivo dei mezzi di soccorso (intervallo allarme-target),nsg_soccorso_2022,regione,Molise,2022,23.0,minuti,Ministero della Salute,"Nuovo sistema di garanzia dei LEA, indicatore D09Z, Relazione 2022, tabella 6a"
Tempo di arrivo dei mezzi di soccorso (intervallo allarme-target),nsg_soccorso_2022,regione,Piemonte,2022,19.0,minuti,Ministero della Salute,"Nuovo sistema di garanzia dei LEA, indicatore D09Z, Relazione 2022, tabella 6a"
Tempo di arrivo dei mezzi di soccorso (intervallo allarme-target),nsg_soccorso_2022,regione,Puglia,2022,21.0,minuti,Ministero della Salute,"Nuovo sistema di garanzia dei LEA, indicatore D09Z, Relazione 2022, tabella 6a"
Tempo di arrivo dei mezzi di soccorso (intervallo allarme-target),nsg_soccorso_2022,regione,Sardegna,2022,25.0,minuti,Ministero della Salute,"Nuovo sistema di garanzia dei LEA, indicatore D09Z, Relazione 2022, tabella 6a"
Tempo di arrivo dei mezzi di soccorso (intervallo allarme-target),nsg_soccorso_2022,regione,Sicilia,2022,23.0,minuti,Ministero della Salute,"Nuovo sistema di garanzia dei LEA, indicatore D09Z, Relazione 2022, tabella 6a"
Tempo di arrivo dei mezzi di soccorso (intervallo allarme-target),nsg_soccorso_2022,regione,Toscana,2022,16.0,minuti,Ministero della Salute,"Nuovo sistema di garanzia dei LEA, indicatore D09Z, Relazione 2022, tabella 6a"
Tempo di arrivo dei mezzi di soccorso (intervallo allarme-target),nsg_soccorso_2022,regione,Umbria,2022,21.0,minuti,Ministero della Salute,"Nuovo sistema di garanzia dei LEA, indicatore D09Z, Relazione 2022, tabella 6a"
Tempo di arrivo dei mezzi di soccorso (intervallo allarme-target),nsg_soccorso_2022,regione,Valle d'Aosta,2022,24.0,minuti,Ministero della Salute,"Nuovo sistema di garanzia dei LEA, indicatore D09Z, Relazione 2022, tabella 6a"
Tempo di arrivo dei mezzi di soccorso (intervallo allarme-target),nsg_soccorso_2022,regione,Veneto,2022,18.0,minuti,Ministero della Salute,"Nuovo sistema di garanzia dei LEA, indicatore D09Z, Relazione 2022, tabella 6a"
"Mortalità stradale in ambito extraurbano, media delle province della regione, 2021-2023",letalita_extraurbana_regioni,regione,Abruzzo,2023,4.9,%,Istat,"BES dei Territori (Bes at local level), DF_BES_TERRIT_0T, dominio BES_07"
"Mortalità stradale in ambito extraurbano, media delle province della regione, 2021-2023",letalita_extraurbana_regioni,regione,Basilicata,2023,6.87,%,Istat,"BES dei Territori (Bes at local level), DF_BES_TERRIT_0T, dominio BES_07"
"Mortalità stradale in ambito extraurbano, media delle province della regione, 2021-2023",letalita_extraurbana_regioni,regione,Calabria,2023,5.62,%,Istat,"BES dei Territori (Bes at local level), DF_BES_TERRIT_0T, dominio BES_07"
"Mortalità stradale in ambito extraurbano, media delle province della regione, 2021-2023",letalita_extraurbana_regioni,regione,Campania,2023,5.49,%,Istat,"BES dei Territori (Bes at local level), DF_BES_TERRIT_0T, dominio BES_07"
"Mortalità stradale in ambito extraurbano, media delle province della regione, 2021-2023",letalita_extraurbana_regioni,regione,Emilia-Romagna,2023,3.28,%,Istat,"BES dei Territori (Bes at local level), DF_BES_TERRIT_0T, dominio BES_07"
"Mortalità stradale in ambito extraurbano, media delle province della regione, 2021-2023",letalita_extraurbana_regioni,regione,Friuli-Venezia Giulia,2023,3.62,%,Istat,"BES dei Territori (Bes at local level), DF_BES_TERRIT_0T, dominio BES_07"
"Mortalità stradale in ambito extraurbano, media delle province della regione, 2021-2023",letalita_extraurbana_regioni,regione,Lazio,2023,4.24,%,Istat,"BES dei Territori (Bes at local level), DF_BES_TERRIT_0T, dominio BES_07"
"Mortalità stradale in ambito extraurbano, media delle province della regione, 2021-2023",letalita_extraurbana_regioni,regione,Liguria,2023,2.94,%,Istat,"BES dei Territori (Bes at local level), DF_BES_TERRIT_0T, dominio BES_07"
"Mortalità stradale in ambito extraurbano, media delle province della regione, 2021-2023",letalita_extraurbana_regioni,regione,Lombardia,2023,3.4,%,Istat,"BES dei Territori (Bes at local level), DF_BES_TERRIT_0T, dominio BES_07"
"Mortalità stradale in ambito extraurbano, media delle province della regione, 2021-2023",letalita_extraurbana_regioni,regione,Marche,2023,3.41,%,Istat,"BES dei Territori (Bes at local level), DF_BES_TERRIT_0T, dominio BES_07"
"Mortalità stradale in ambito extraurbano, media delle province della regione, 2021-2023",letalita_extraurbana_regioni,regione,Molise,2023,6.25,%,Istat,"BES dei Territori (Bes at local level), DF_BES_TERRIT_0T, dominio BES_07"
"Mortalità stradale in ambito extraurbano, media delle province della regione, 2021-2023",letalita_extraurbana_regioni,regione,Piemonte,2023,5.02,%,Istat,"BES dei Territori (Bes at local level), DF_BES_TERRIT_0T, dominio BES_07"
"Mortalità stradale in ambito extraurbano, media delle province della regione, 2021-2023",letalita_extraurbana_regioni,regione,Puglia,2023,6.46,%,Istat,"BES dei Territori (Bes at local level), DF_BES_TERRIT_0T, dominio BES_07"
"Mortalità stradale in ambito extraurbano, media delle province della regione, 2021-2023",letalita_extraurbana_regioni,regione,Sardegna,2023,5.07,%,Istat,"BES dei Territori (Bes at local level), DF_BES_TERRIT_0T, dominio BES_07"
"Mortalità stradale in ambito extraurbano, media delle province della regione, 2021-2023",letalita_extraurbana_regioni,regione,Sicilia,2023,5.54,%,Istat,"BES dei Territori (Bes at local level), DF_BES_TERRIT_0T, dominio BES_07"
"Mortalità stradale in ambito extraurbano, media delle province della regione, 2021-2023",letalita_extraurbana_regioni,regione,Toscana,2023,3.2,%,Istat,"BES dei Territori (Bes at local level), DF_BES_TERRIT_0T, dominio BES_07"
"Mortalità stradale in ambito extraurbano, media delle province della regione, 2021-2023",letalita_extraurbana_regioni,regione,Trentino Alto Adige,2023,3.52,%,Istat,"BES dei Territori (Bes at local level), DF_BES_TERRIT_0T, dominio BES_07"
"Mortalità stradale in ambito extraurbano, media delle province della regione, 2021-2023",letalita_extraurbana_regioni,regione,Umbria,2023,3.12,%,Istat,"BES dei Territori (Bes at local level), DF_BES_TERRIT_0T, dominio BES_07"
"Mortalità stradale in ambito extraurbano, media delle province della regione, 2021-2023",letalita_extraurbana_regioni,regione,Valle d'Aosta,2023,2.83,%,Istat,"BES dei Territori (Bes at local level), DF_BES_TERRIT_0T, dominio BES_07"
"Mortalità stradale in ambito extraurbano, media delle province della regione, 2021-2023",letalita_extraurbana_regioni,regione,Veneto,2023,4.81,%,Istat,"BES dei Territori (Bes at local level), DF_BES_TERRIT_0T, dominio BES_07"
Mortalità stradale in ambito extraurbano,07SIC008P,provincia,Agrigento,2015,11.4,%,Istat,"BES dei Territori (Bes at local level), DF_BES_TERRIT_0T, dominio BES_07"
Mortalità stradale in ambito extraurbano,07SIC008P,provincia,Agrigento,2016,5.5,%,Istat,"BES dei Territori (Bes at local level), DF_BES_TERRIT_0T, dominio BES_07"
Mortalità stradale in ambito extraurbano,07SIC008P,provincia,Agrigento,2017,6.9,%,Istat,"BES dei Territori (Bes at local level), DF_BES_TERRIT_0T, dominio BES_07"
Mortalità stradale in ambito extraurbano,07SIC008P,provincia,Agrigento,2018,4.6,%,Istat,"BES dei Territori (Bes at local level), DF_BES_TERRIT_0T, dominio BES_07"
Mortalità stradale in ambito extraurbano,07SIC008P,provincia,Agrigento,2019,11.0,%,Istat,"BES dei Territori (Bes at local level), DF_BES_TERRIT_0T, dominio BES_07"
Mortalità stradale in ambito extraurbano,07SIC008P,provincia,Agrigento,2020,3.8,%,Istat,"BES dei Territori (Bes at local level), DF_BES_TERRIT_0T, dominio BES_07"
Mortalità stradale in ambito extraurbano,07SIC008P,provincia,Agrigento,2021,7.5,%,Istat,"BES dei Territori (Bes at local level), DF_BES_TERRIT_0T, dominio BES_07"
Mortalità stradale in ambito extraurbano,07SIC008P,provincia,Agrigento,2022,7.0,%,Istat,"BES dei Territori (Bes at local level), DF_BES_TERRIT_0T, dominio BES_07"
Mortalità stradale in ambito extraurbano,07SIC008P,provincia,Agrigento,2023,2.4,%,Istat,"BES dei Territori (Bes at local level), DF_BES_TERRIT_0T, dominio BES_07"
Mortalità stradale in ambito extraurbano,07SIC008P,provincia,Alessandria,2015,5.2,%,Istat,"BES dei Territori (Bes at local level), DF_BES_TERRIT_0T, dominio BES_07"
Mortalità stradale in ambito extraurbano,07SIC008P,provincia,Alessandria,2016,5.4,%,Istat,"BES dei Territori (Bes at local level), DF_BES_TERRIT_0T, dominio BES_07"
Mortalità stradale in ambito extraurbano,07SIC008P,provincia,Alessandria,2017,4.6,%,Istat,"BES dei Territori (Bes at local level), DF_BES_TERRIT_0T, dominio BES_07"
Mortalità stradale in ambito extraurbano,07SIC008P,provincia,Alessandria,2018,4.7,%,Istat,"BES dei Territori (Bes at local level), DF_BES_TERRIT_0T, dominio BES_07"
Mortalità stradale in ambito extraurbano,07SIC008P,provincia,Alessandria,2019,4.1,%,Istat,"BES dei Territori (Bes at local level), DF_BES_TERRIT_0T, dominio BES_07"
Mortalità stradale in ambito extraurbano,07SIC008P,provincia,Alessandria,2020,5.4,%,Istat,"BES dei Territori (Bes at local level), DF_BES_TERRIT_0T, dominio BES_07"
Mortalità stradale in ambito extraurbano,07SIC008P,provincia,Alessandria,2021,4.1,%,Istat,"BES dei Territori (Bes at local level), DF_BES_TERRIT_0T, dominio BES_07"
Mortalità stradale in ambito extraurbano,07SIC008P,provincia,Alessandria,2022,6.0,%,Istat,"BES dei Territori (Bes at local level), DF_BES_TERRIT_0T, dominio BES_07"
Mortalità stradale in ambito extraurbano,07SIC008P,provincia,Alessandria,2023,2.7,%,Istat,"BES dei Territori (Bes at local level), DF_BES_TERRIT_0T, dominio BES_07"
Mortalità stradale in ambito extraurbano,07SIC008P,provincia,Ancona,2015,2.6,%,Istat,"BES dei Territori (Bes at local level), DF_BES_TERRIT_0T, dominio BES_07"
Mortalità stradale in ambito extraurbano,07SIC008P,provincia,Ancona,2016,4.2,%,Istat,"BES dei Territori (Bes at local level), DF_BES_TERRIT_0T, dominio BES_07"
Mortalità stradale in ambito extraurbano,07SIC008P,provincia,Ancona,2017,2.8,%,Istat,"BES dei Territori (Bes at local level), DF_BES_TERRIT_0T, dominio BES_07"
Mortalità stradale in ambito extraurbano,07SIC008P,provincia,Ancona,2018,2.8,%,Istat,"BES dei Territori (Bes at local level), DF_BES_TERRIT_0T, dominio BES_07"
Mortalità stradale in ambito extraurbano,07SIC008P,provincia,Ancona,2019,2.7,%,Istat,"BES dei Territori (Bes at local level), DF_BES_TERRIT_0T, dominio BES_07"
Mortalità stradale in ambito extraurbano,07SIC008P,provincia,Ancona,2020,4.4,%,Istat,"BES dei Territori (Bes at local level), DF_BES_TERRIT_0T, dominio BES_07"
Mortalità stradale in ambito extraurbano,07SIC008P,provincia,Ancona,2021,3.4,%,Istat,"BES dei Territori (Bes at local level), DF_BES_TERRIT_0T, dominio BES_07"
Mortalità stradale in ambito extraurbano,07SIC008P,provincia,Ancona,2022,4.2,%,Istat,"BES dei Territori (Bes at local level), DF_BES_TERRIT_0T, dominio BES_07"
Mortalità stradale in ambito extraurbano,07SIC008P,provincia,Ancona,2023,2.5,%,Istat,"BES dei Territori (Bes at local level), DF_BES_TERRIT_0T, dominio BES_07"
Mortalità stradale in ambito extraurbano,07SIC008P,provincia,Aosta,2015,3.5,%,Istat,"BES dei Territori (Bes at local level), DF_BES_TERRIT_0T, dominio BES_07"
Mortalità stradale in ambito extraurbano,07SIC008P,provincia,Aosta,2016,2.9,%,Istat,"BES dei Territori (Bes at local level), DF_BES_TERRIT_0T, dominio BES_07"
Mortalità stradale in ambito extraurbano,07SIC008P,provincia,Aosta,2017,5.1,%,Istat,"BES dei Territori (Bes at local level), DF_BES_TERRIT_0T, dominio BES_07"
Mortalità stradale in ambito extraurbano,07SIC008P,provincia,Aosta,2018,6.7,%,Istat,"BES dei Territori (Bes at local level), DF_BES_TERRIT_0T, dominio BES_07"
Mortalità stradale in ambito extraurbano,07SIC008P,provincia,Aosta,2019,2.7,%,Istat,"BES dei Territori (Bes at local level), DF_BES_TERRIT_0T, dominio BES_07"
Mortalità stradale in ambito extraurbano,07SIC008P,provincia,Aosta,2020,0.0,%,Istat,"BES dei Territori (Bes at local level), DF_BES_TERRIT_0T, dominio BES_07"
Mortalità stradale in ambito extraurbano,07SIC008P,provincia,Aosta,2021,1.1,%,Istat,"BES dei Territori (Bes at local level), DF_BES_TERRIT_0T, dominio BES_07"
Mortalità stradale in ambito extraurbano,07SIC008P,provincia,Aosta,2022,4.8,%,Istat,"BES dei Territori (Bes at local level), DF_BES_TERRIT_0T, dominio BES_07"
Mortalità stradale in ambito extraurbano,07SIC008P,provincia,Aosta,2023,2.6,%,Istat,"BES dei Territori (Bes at local level), DF_BES_TERRIT_0T, dominio BES_07"
Mortalità stradale in ambito extraurbano,07SIC008P,provincia,Arezzo,2015,3.3,%,Istat,"BES dei Territori (Bes at local level), DF_BES_TERRIT_0T, dominio BES_07"
Mortalità stradale in ambito extraurbano,07SIC008P,provincia,Arezzo,2016,4.3,%,Istat,"BES dei Territori (Bes at local level), DF_BES_TERRIT_0T, dominio BES_07"
Mortalità stradale in ambito extraurbano,07SIC008P,provincia,Arezzo,2017,5.0,%,Istat,"BES dei Territori (Bes at local level), DF_BES_TERRIT_0T, dominio BES_07"
Mortalità stradale in ambito extraurbano,07SIC008P,provincia,Arezzo,2018,4.0,%,Istat,"BES dei Territori (Bes at local level), DF_BES_TERRIT_0T, dominio BES_07"
Mortalità stradale in ambito extraurbano,07SIC008P,provincia,Arezzo,2019,4.2,%,Istat,"BES dei Territori (Bes at local level), DF_BES_TERRIT_0T, dominio BES_07"
Mortalità stradale in ambito extraurbano,07SIC008P,provincia,Arezzo,2020,3.3,%,Istat,"BES dei Territori (Bes at local level), DF_BES_TERRIT_0T, dominio BES_07"
Mortalità stradale in ambito extraurbano,07SIC008P,provincia,Arezzo,2021,3.3,%,Istat,"BES dei Territori (Bes at local level), DF_BES_TERRIT_0T, dominio BES_07"
Mortalità stradale in ambito extraurbano,07SIC008P,provincia,Arezzo,2022,6.4,%,Istat,"BES dei Territori (Bes at local level), DF_BES_TERRIT_0T, dominio BES_07"
Mortalità stradale in ambito extraurbano,07SIC008P,provincia,Arezzo,2023,6.0,%,Istat,"BES dei Territori (Bes at local level), DF_BES_TERRIT_0T, dominio BES_07"
Mortalità stradale in ambito extraurbano,07SIC008P,provincia,Ascoli Piceno,2015,2.1,%,Istat,"BES dei Territori (Bes at local level), DF_BES_TERRIT_0T, dominio BES_07"
Mortalità stradale in ambito extraurbano,07SIC008P,provincia,Ascoli Piceno,2016,4.8,%,Istat,"BES dei Territori (Bes at local level), DF_BES_TERRIT_0T, dominio BES_07"
Mortalità stradale in ambito extraurbano,07SIC008P,provincia,Ascoli Piceno,2017,5.3,%,Istat,"BES dei Territori (Bes at local level), DF_BES_TERRIT_0T, dominio BES_07"
Mortalità stradale in ambito extraurbano,07SIC008P,provincia,Ascoli Piceno,2018,1.4,%,Istat,"BES dei Territori (Bes at local level), DF_BES_TERRIT_0T, dominio BES_07"
Mortalità stradale in ambito extraurbano,07SIC008P,provincia,Ascoli Piceno,2019,4.8,%,Istat,"BES dei Territori (Bes at local level), DF_BES_TERRIT_0T, dominio BES_07"
Mortalità stradale in ambito extraurbano,07SIC008P,provincia,Ascoli Piceno,2020,3.2,%,Istat,"BES dei Territori (Bes at local level), DF_BES_TERRIT_0T, dominio BES_07"
Mortalità stradale in ambito extraurbano,07SIC008P,provincia,Ascoli Piceno,2021,1.5,%,Istat,"BES dei Territori (Bes at local level), DF_BES_TERRIT_0T, dominio BES_07"
Mortalità stradale in ambito extraurbano,07SIC008P,provincia,Ascoli Piceno,2022,3.2,%,Istat,"BES dei Territori (Bes at local level), DF_BES_TERRIT_0T, dominio BES_07"
Mortalità stradale in ambito extraurbano,07SIC008P,provincia,Ascoli Piceno,2023,4.3,%,Istat,"BES dei Territori (Bes at local level), DF_BES_TERRIT_0T, dominio BES_07"
Mortalità stradale in ambito extraurbano,07SIC008P,provincia,Asti,2015,6.4,%,Istat,"BES dei Territori (Bes at local level), DF_BES_TERRIT_0T, dominio BES_07"
Mortalità stradale in ambito extraurbano,07SIC008P,provincia,Asti,2016,6.7,%,Istat,"BES dei Territori (Bes at local level), DF_BES_TERRIT_0T, dominio BES_07"
Mortalità stradale in ambito extraurbano,07SIC008P,provincia,Asti,2017,10.7,%,Istat,"BES dei Territori (Bes at local level), DF_BES_TERRIT_0T, dominio BES_07"
Mortalità stradale in ambito extraurbano,07SIC008P,provincia,Asti,2018,2.3,%,Istat,"BES dei Territori (Bes at local level), DF_BES_TERRIT_0T, dominio BES_07"
Mortalità stradale in ambito extraurbano,07SIC008P,provincia,Asti,2019,6.3,%,Istat,"BES dei Territori (Bes at local level), DF_BES_TERRIT_0T, dominio BES_07"
Mortalità stradale in ambito extraurbano,07SIC008P,provincia,Asti,2020,3.4,%,Istat,"BES dei Territori (Bes at local level), DF_BES_TERRIT_0T, dominio BES_07"
Mortalità stradale in ambito extraurbano,07SIC008P,provincia,Asti,2021,6.5,%,Istat,"BES dei Territori (Bes at local level), DF_BES_TERRIT_0T, dominio BES_07"
Mortalità stradale in ambito extraurbano,07SIC008P,provincia,Asti,2022,4.1,%,Istat,"BES dei Territori (Bes at local level), DF_BES_TERRIT_0T, dominio BES_07"
Mortalità stradale in ambito extraurbano,07SIC008P,provincia,Asti,2023,10.8,%,Istat,"BES dei Territori (Bes at local level), DF_BES_TERRIT_0T, dominio BES_07"
Mortalità stradale in ambito extraurbano,07SIC008P,provincia,Avellino,2015,4.7,%,Istat,"BES dei Territori (Bes at local level), DF_BES_TERRIT_0T, dominio BES_07"
Mortalità stradale in ambito extraurbano,07SIC008P,provincia,Avellino,2016,5.8,%,Istat,"BES dei Territori (Bes at local level), DF_BES_TERRIT_0T, dominio BES_07"
Mortalità stradale in ambito extraurbano,07SIC008P,provincia,Avellino,2017,4.9,%,Istat,"BES dei Territori (Bes at local level), DF_BES_TERRIT_0T, dominio BES_07"
Mortalità stradale in ambito extraurbano,07SIC008P,provincia,Avellino,2018,3.5,%,Istat,"BES dei Territori (Bes at local level), DF_BES_TERRIT_0T, dominio BES_07"
Mortalità stradale in ambito extraurbano,07SIC008P,provincia,Avellino,2019,4.1,%,Istat,"BES dei Territori (Bes at local level), DF_BES_TERRIT_0T, dominio BES_07"
Mortalità stradale in ambito extraurbano,07SIC008P,provincia,Avellino,2020,1.9,%,Istat,"BES dei Territori (Bes at local level), DF_BES_TERRIT_0T, dominio BES_07"
Mortalità stradale in ambito extraurbano,07SIC008P,provincia,Avellino,2021,4.2,%,Istat,"BES dei Territori (Bes at local level), DF_BES_TERRIT_0T, dominio BES_07"
Mortalità stradale in ambito extraurbano,07SIC008P,provincia,Avellino,2022,2.1,%,Istat,"BES dei Territori (Bes at local level), DF_BES_TERRIT_0T, dominio BES_07"
Mortalità stradale in ambito extraurbano,07SIC008P,provincia,Avellino,2023,5.8,%,Istat,"BES dei Territori (Bes at local level), DF_BES_TERRIT_0T, dominio BES_07"
Mortalità stradale in ambito extraurbano,07SIC008P,provincia,Bari,2015,4.6,%,Istat,"BES dei Territori (Bes at local level), DF_BES_TERRIT_0T, dominio BES_07"
Mortalità stradale in ambito extraurbano,07SIC008P,provincia,Bari,2016,4.7,%,Istat,"BES dei Territori (Bes at local level), DF_BES_TERRIT_0T, dominio BES_07"
Mortalità stradale in ambito extraurbano,07SIC008P,provincia,Bari,2017,2.4,%,Istat,"BES dei Territori (Bes at local level), DF_BES_TERRIT_0T, dominio BES_07"
Mortalità stradale in ambito extraurbano,07SIC008P,provincia,Bari,2018,3.4,%,Istat,"BES dei Territori (Bes at local level), DF_BES_TERRIT_0T, dominio BES_07"
Mortalità stradale in ambito extraurbano,07SIC008P,provincia,Bari,2019,3.6,%,Istat,"BES dei Territori (Bes at local level), DF_BES_TERRIT_0T, dominio BES_07"
Mortalità stradale in ambito extraurbano,07SIC008P,provincia,Bari,2020,3.8,%,Istat,"BES dei Territori (Bes at local level), DF_BES_TERRIT_0T, dominio BES_07"
Mortalità stradale in ambito extraurbano,07SIC008P,provincia,Bari,2021,4.2,%,Istat,"BES dei Territori (Bes at local level), DF_BES_TERRIT_0T, dominio BES_07"
Mortalità stradale in ambito extraurbano,07SIC008P,provincia,Bari,2022,3.8,%,Istat,"BES dei Territori (Bes at local level), DF_BES_TERRIT_0T, dominio BES_07"
Mortalità stradale in ambito extraurbano,07SIC008P,provincia,Bari,2023,3.8,%,Istat,"BES dei Territori (Bes at local level), DF_BES_TERRIT_0T, dominio BES_07"
Mortalità stradale in ambito extraurbano,07SIC008P,provincia,Belluno,2015,3.3,%,Istat,"BES dei Territori (Bes at local level), DF_BES_TERRIT_0T, dominio BES_07"
Mortalità stradale in ambito extraurbano,07SIC008P,provincia,Belluno,2016,4.5,%,Istat,"BES dei Territori (Bes at local level), DF_BES_TERRIT_0T, dominio BES_07"
Mortalità stradale in ambito extraurbano,07SIC008P,provincia,Belluno,2017,3.4,%,Istat,"BES dei Territori (Bes at local level), DF_BES_TERRIT_0T, dominio BES_07"
Mortalità stradale in ambito extraurbano,07SIC008P,provincia,Belluno,2018,5.2,%,Istat,"BES dei Territori (Bes at local level), DF_BES_TERRIT_0T, dominio BES_07"
Mortalità stradale in ambito extraurbano,07SIC008P,provincia,Belluno,2019,4.1,%,Istat,"BES dei Territori (Bes at local level), DF_BES_TERRIT_0T, dominio BES_07"
Mortalità stradale in ambito extraurbano,07SIC008P,provincia,Belluno,2020,3.3,%,Istat,"BES dei Territori (Bes at local level), DF_BES_TERRIT_0T, dominio BES_07"
Mortalità stradale in ambito extraurbano,07SIC008P,provincia,Belluno,2021,6.4,%,Istat,"BES dei Territori (Bes at local level), DF_BES_TERRIT_0T, dominio BES_07"
Mortalità stradale in ambito extraurbano,07SIC008P,provincia,Belluno,2022,6.9,%,Istat,"BES dei Territori (Bes at local level), DF_BES_TERRIT_0T, dominio BES_07"
Mortalità stradale in ambito extraurbano,07SIC008P,provincia,Belluno,2023,4.7,%,Istat,"BES dei Territori (Bes at local level), DF_BES_TERRIT_0T, dominio BES_07"
Mortalità stradale in ambito extraurbano,07SIC008P,provincia,Benevento,2015,3.9,%,Istat,"BES dei Territori (Bes at local level), DF_BES_TERRIT_0T, dominio BES_07"
Mortalità stradale in ambito extraurbano,07SIC008P,provincia,Benevento,2016,9.7,%,Istat,"BES dei Territori (Bes at local level), DF_BES_TERRIT_0T, dominio BES_07"
Mortalità stradale in ambito extraurbano,07SIC008P,provincia,Benevento,2017,2.9,%,Istat,"BES dei Territori (Bes at local level), DF_BES_TERRIT_0T, dominio BES_07"
Mortalità stradale in ambito extraurbano,07SIC008P,provincia,Benevento,2018,9.7,%,Istat,"BES dei Territori (Bes at local level), DF_BES_TERRIT_0T, dominio BES_07"
Mortalità stradale in ambito extraurbano,07SIC008P,provincia,Benevento,2019,6.4,%,Istat,"BES dei Territori (Bes at local level), DF_BES_TERRIT_0T, dominio BES_07"
Mortalità stradale in ambito extraurbano,07SIC008P,provincia,Benevento,2020,5.6,%,Istat,"BES dei Territori (Bes at local level), DF_BES_TERRIT_0T, dominio BES_07"
Mortalità stradale in ambito extraurbano,07SIC008P,provincia,Benevento,2021,6.9,%,Istat,"BES dei Territori (Bes at local level), DF_BES_TERRIT_0T, dominio BES_07"
Mortalità stradale in ambito extraurbano,07SIC008P,provincia,Benevento,2022,8.4,%,Istat,"BES dei Territori (Bes at local level), DF_BES_TERRIT_0T, dominio BES_07"
Mortalità stradale in ambito extraurbano,07SIC008P,provincia,Benevento,2023,7.6,%,Istat,"BES dei Territori (Bes at local level), DF_BES_TERRIT_0T, dominio BES_07"
Mortalità stradale in ambito extraurbano,07SIC008P,provincia,Bergamo,2015,3.5,%,Istat,"BES dei Territori (Bes at local level), DF_BES_TERRIT_0T, dominio BES_07"
Mortalità stradale in ambito extraurbano,07SIC008P,provincia,Bergamo,2016,4.2,%,Istat,"BES dei Territori (Bes at local level), DF_BES_TERRIT_0T, dominio BES_07"
Mortalità stradale in ambito extraurbano,07SIC008P,provincia,Bergamo,2017,3.1,%,Istat,"BES dei Territori (Bes at local level), DF_BES_TERRIT_0T, dominio BES_07"
Mortalità stradale in ambito extraurbano,07SIC008P,provincia,Bergamo,2018,4.7,%,Istat,"BES dei Territori (Bes at local level), DF_BES_TERRIT_0T, dominio BES_07"
Mortalità stradale in ambito extraurbano,07SIC008P,provincia,Bergamo,2019,4.0,%,Istat,"BES dei Territori (Bes at local level), DF_BES_TERRIT_0T, dominio BES_07"
Mortalità stradale in ambito extraurbano,07SIC008P,provincia,Bergamo,2020,2.2,%,Istat,"BES dei Territori (Bes at local level), DF_BES_TERRIT_0T, dominio BES_07"
Mortalità stradale in ambito extraurbano,07SIC008P,provincia,Bergamo,2021,2.6,%,Istat,"BES dei Territori (Bes at local level), DF_BES_TERRIT_0T, dominio BES_07"
Mortalità stradale in ambito extraurbano,07SIC008P,provincia,Bergamo,2022,2.7,%,Istat,"BES dei Territori (Bes at local level), DF_BES_TERRIT_0T, dominio BES_07"
Mortalità stradale in ambito extraurbano,07SIC008P,provincia,Bergamo,2023,2.5,%,Istat,"BES dei Territori (Bes at local level), DF_BES_TERRIT_0T, dominio BES_07"
Mortalità stradale in ambito extraurbano,07SIC008P,provincia,Biella,2015,9.1,%,Istat,"BES dei Territori (Bes at local level), DF_BES_TERRIT_0T, dominio BES_07"
Mortalità stradale in ambito extraurbano,07SIC008P,provincia,Biella,2016,4.7,%,Istat,"BES dei Territori (Bes at local level), DF_BES_TERRIT_0T, dominio BES_07"
Mortalità stradale in ambito extraurbano,07SIC008P,provincia,Biella,2017,4.3,%,Istat,"BES dei Territori (Bes at local level), DF_BES_TERRIT_0T, dominio BES_07"
Mortalità stradale in ambito extraurbano,07SIC008P,provincia,Biella,2018,5.2,%,Istat,"BES dei Territori (Bes at local level), DF_BES_TERRIT_0T, dominio BES_07"
Mortalità stradale in ambito extraurbano,07SIC008P,provincia,Biella,2019,6.0,%,Istat,"BES dei Territori (Bes at local level), DF_BES_TERRIT_0T, dominio BES_07"
Mortalità stradale in ambito extraurbano,07SIC008P,provincia,Biella,2020,4.9,%,Istat,"BES dei Territori (Bes at local level), DF_BES_TERRIT_0T, dominio BES_07"
Mortalità stradale in ambito extraurbano,07SIC008P,provincia,Biella,2021,5.5,%,Istat,"BES dei Territori (Bes at local level), DF_BES_TERRIT_0T, dominio BES_07"
Mortalità stradale in ambito extraurbano,07SIC008P,provincia,Biella,2022,0.9,%,Istat,"BES dei Territori (Bes at local level), DF_BES_TERRIT_0T, dominio BES_07"
Mortalità stradale in ambito extraurbano,07SIC008P,provincia,Biella,2023,7.8,%,Istat,"BES dei Territori (Bes at local level), DF_BES_TERRIT_0T, dominio BES_07"
Mortalità stradale in ambito extraurbano,07SIC008P,provincia,Bologna,2015,3.1,%,Istat,"BES dei Territori (Bes at local level), DF_BES_TERRIT_0T, dominio BES_07"
Mortalità stradale in ambito extraurbano,07SIC008P,provincia,Bologna,2016,4.3,%,Istat,"BES dei Territori (Bes at local level), DF_BES_TERRIT_0T, dominio BES_07"
Mortalità stradale in ambito extraurbano,07SIC008P,provincia,Bologna,2017,4.2,%,Istat,"BES dei Territori (Bes at local level), DF_BES_TERRIT_0T, dominio BES_07"
Mortalità stradale in ambito extraurbano,07SIC008P,provincia,Bologna,2018,4.3,%,Istat,"BES dei Territori (Bes at local level), DF_BES_TERRIT_0T, dominio BES_07"
Mortalità stradale in ambito extraurbano,07SIC008P,provincia,Bologna,2019,3.8,%,Istat,"BES dei Territori (Bes at local level), DF_BES_TERRIT_0T, dominio BES_07"
Mortalità stradale in ambito extraurbano,07SIC008P,provincia,Bologna,2020,3.8,%,Istat,"BES dei Territori (Bes at local level), DF_BES_TERRIT_0T, dominio BES_07"
Mortalità stradale in ambito extraurbano,07SIC008P,provincia,Bologna,2021,4.1,%,Istat,"BES dei Territori (Bes at local level), DF_BES_TERRIT_0T, dominio BES_07"
Mortalità stradale in ambito extraurbano,07SIC008P,provincia,Bologna,2022,2.1,%,Istat,"BES dei Territori (Bes at local level), DF_BES_TERRIT_0T, dominio BES_07"
Mortalità stradale in ambito extraurbano,07SIC008P,provincia,Bologna,2023,4.0,%,Istat,"BES dei Territori (Bes at local level), DF_BES_TERRIT_0T, dominio BES_07"
Mortalità stradale in ambito extraurbano,07SIC008P,provincia,Bolzano,2015,4.4,%,Istat,"BES dei Territori (Bes at local level), DF_BES_TERRIT_0T, dominio BES_07"
Mortalità stradale in ambito extraurbano,07SIC008P,provincia,Bolzano,2016,3.6,%,Istat,"BES dei Territori (Bes at local level), DF_BES_TERRIT_0T, dominio BES_07"
Mortalità stradale in ambito extraurbano,07SIC008P,provincia,Bolzano,2017,2.7,%,Istat,"BES dei Territori (Bes at local level), DF_BES_TERRIT_0T, dominio BES_07"
Mortalità stradale in ambito extraurbano,07SIC008P,provincia,Bolzano,2018,4.1,%,Istat,"BES dei Territori (Bes at local level), DF_BES_TERRIT_0T, dominio BES_07"
Mortalità stradale in ambito extraurbano,07SIC008P,provincia,Bolzano,2019,5.3,%,Istat,"BES dei Territori (Bes at local level), DF_BES_TERRIT_0T, dominio BES_07"
Mortalità stradale in ambito extraurbano,07SIC008P,provincia,Bolzano,2020,5.7,%,Istat,"BES dei Territori (Bes at local level), DF_BES_TERRIT_0T, dominio BES_07"
Mortalità stradale in ambito extraurbano,07SIC008P,provincia,Bolzano,2021,3.0,%,Istat,"BES dei Territori (Bes at local level), DF_BES_TERRIT_0T, dominio BES_07"
Mortalità stradale in ambito extraurbano,07SIC008P,provincia,Bolzano,2022,3.3,%,Istat,"BES dei Territori (Bes at local level), DF_BES_TERRIT_0T, dominio BES_07"
Mortalità stradale in ambito extraurbano,07SIC008P,provincia,Bolzano,2023,4.1,%,Istat,"BES dei Territori (Bes at local level), DF_BES_TERRIT_0T, dominio BES_07"
Mortalità stradale in ambito extraurbano,07SIC008P,provincia,Brescia,2015,5.7,%,Istat,"BES dei Territori (Bes at local level), DF_BES_TERRIT_0T, dominio BES_07"
Mortalità stradale in ambito extraurbano,07SIC008P,provincia,Brescia,2016,3.0,%,Istat,"BES dei Territori (Bes at local level), DF_BES_TERRIT_0T, dominio BES_07"
Mortalità stradale in ambito extraurbano,07SIC008P,provincia,Brescia,2017,4.0,%,Istat,"BES dei Territori (Bes at local level), DF_BES_TERRIT_0T, dominio BES_07"
Mortalità stradale in ambito extraurbano,07SIC008P,provincia,Brescia,2018,4.8,%,Istat,"BES dei Territori (Bes at local level), DF_BES_TERRIT_0T, dominio BES_07"
Mortalità stradale in ambito extraurbano,07SIC008P,provincia,Brescia,2019,5.2,%,Istat,"BES dei Territori (Bes at local level), DF_BES_TERRIT_0T, dominio BES_07"
Mortalità stradale in ambito extraurbano,07SIC008P,provincia,Brescia,2020,5.1,%,Istat,"BES dei Territori (Bes at local level), DF_BES_TERRIT_0T, dominio BES_07"
Mortalità stradale in ambito extraurbano,07SIC008P,provincia,Brescia,2021,4.3,%,Istat,"BES dei Territori (Bes at local level), DF_BES_TERRIT_0T, dominio BES_07"
Mortalità stradale in ambito extraurbano,07SIC008P,provincia,Brescia,2022,4.9,%,Istat,"BES dei Territori (Bes at local level), DF_BES_TERRIT_0T, dominio BES_07"
Mortalità stradale in ambito extraurbano,07SIC008P,provincia,Brescia,2023,5.0,%,Istat,"BES dei Territori (Bes at local level), DF_BES_TERRIT_0T, dominio BES_07"
Mortalità stradale in ambito extraurbano,07SIC008P,provincia,Brindisi,2015,6.3,%,Istat,"BES dei Territori (Bes at local level), DF_BES_TERRIT_0T, dominio BES_07"
Mortalità stradale in ambito extraurbano,07SIC008P,provincia,Brindisi,2016,4.4,%,Istat,"BES dei Territori (Bes at local level), DF_BES_TERRIT_0T, dominio BES_07"
Mortalità stradale in ambito extraurbano,07SIC008P,provincia,Brindisi,2017,6.3,%,Istat,"BES dei Territori (Bes at local level), DF_BES_TERRIT_0T, dominio BES_07"
Mortalità stradale in ambito extraurbano,07SIC008P,provincia,Brindisi,2018,4.8,%,Istat,"BES dei Territori (Bes at local level), DF_BES_TERRIT_0T, dominio BES_07"
Mortalità stradale in ambito extraurbano,07SIC008P,provincia,Brindisi,2019,5.5,%,Istat,"BES dei Territori (Bes at local level), DF_BES_TERRIT_0T, dominio BES_07"
Mortalità stradale in ambito extraurbano,07SIC008P,provincia,Brindisi,2020,5.8,%,Istat,"BES dei Territori (Bes at local level), DF_BES_TERRIT_0T, dominio BES_07"
Mortalità stradale in ambito extraurbano,07SIC008P,provincia,Brindisi,2021,4.3,%,Istat,"BES dei Territori (Bes at local level), DF_BES_TERRIT_0T, dominio BES_07"
Mortalità stradale in ambito extraurbano,07SIC008P,provincia,Brindisi,2022,6.1,%,Istat,"BES dei Territori (Bes at local level), DF_BES_TERRIT_0T, dominio BES_07"
Mortalità stradale in ambito extraurbano,07SIC008P,provincia,Brindisi,2023,4.2,%,Istat,"BES dei Territori (Bes at local level), DF_BES_TERRIT_0T, dominio BES_07"
Mortalità stradale in ambito extraurbano,07SIC008P,provincia,Cagliari,2015,4.7,%,Istat,"BES dei Territori (Bes at local level), DF_BES_TERRIT_0T, dominio BES_07"
Mortalità stradale in ambito extraurbano,07SIC008P,provincia,Cagliari,2016,4.4,%,Istat,"BES dei Territori (Bes at local level), DF_BES_TERRIT_0T, dominio BES_07"
Mortalità stradale in ambito extraurbano,07SIC008P,provincia,Cagliari,2017,3.9,%,Istat,"BES dei Territori (Bes at local level), DF_BES_TERRIT_0T, dominio BES_07"
Mortalità stradale in ambito extraurbano,07SIC008P,provincia,Cagliari,2018,5.2,%,Istat,"BES dei Territori (Bes at local level), DF_BES_TERRIT_0T, dominio BES_07"
Mortalità stradale in ambito extraurbano,07SIC008P,provincia,Cagliari,2019,2.4,%,Istat,"BES dei Territori (Bes at local level), DF_BES_TERRIT_0T, dominio BES_07"
Mortalità stradale in ambito extraurbano,07SIC008P,provincia,Cagliari,2020,8.2,%,Istat,"BES dei Territori (Bes at local level), DF_BES_TERRIT_0T, dominio BES_07"
Mortalità stradale in ambito extraurbano,07SIC008P,provincia,Cagliari,2021,3.4,%,Istat,"BES dei Territori (Bes at local level), DF_BES_TERRIT_0T, dominio BES_07"
Mortalità stradale in ambito extraurbano,07SIC008P,provincia,Cagliari,2022,4.0,%,Istat,"BES dei Territori (Bes at local level), DF_BES_TERRIT_0T, dominio BES_07"
Mortalità stradale in ambito extraurbano,07SIC008P,provincia,Cagliari,2023,6.2,%,Istat,"BES dei Territori (Bes at local level), DF_BES_TERRIT_0T, dominio BES_07"
Mortalità stradale in ambito extraurbano,07SIC008P,provincia,Caltanissetta,2015,7.6,%,Istat,"BES dei Territori (Bes at local level), DF_BES_TERRIT_0T, dominio BES_07"
Mortalità stradale in ambito extraurbano,07SIC008P,provincia,Caltanissetta,2016,3.5,%,Istat,"BES dei Territori (Bes at local level), DF_BES_TERRIT_0T, dominio BES_07"
Mortalità stradale in ambito extraurbano,07SIC008P,provincia,Caltanissetta,2017,3.8,%,Istat,"BES dei Territori (Bes at local level), DF_BES_TERRIT_0T, dominio BES_07"
Mortalità stradale in ambito extraurbano,07SIC008P,provincia,Caltanissetta,2018,11.2,%,Istat,"BES dei Territori (Bes at local level), DF_BES_TERRIT_0T, dominio BES_07"
Mortalità stradale in ambito extraurbano,07SIC008P,provincia,Caltanissetta,2019,5.1,%,Istat,"BES dei Territori (Bes at local level), DF_BES_TERRIT_0T, dominio BES_07"
Mortalità stradale in ambito extraurbano,07SIC008P,provincia,Caltanissetta,2020,3.2,%,Istat,"BES dei Territori (Bes at local level), DF_BES_TERRIT_0T, dominio BES_07"
Mortalità stradale in ambito extraurbano,07SIC008P,provincia,Caltanissetta,2021,6.4,%,Istat,"BES dei Territori (Bes at local level), DF_BES_TERRIT_0T, dominio BES_07"
Mortalità stradale in ambito extraurbano,07SIC008P,provincia,Caltanissetta,2022,5.2,%,Istat,"BES dei Territori (Bes at local level), DF_BES_TERRIT_0T, dominio BES_07"
Mortalità stradale in ambito extraurbano,07SIC008P,provincia,Caltanissetta,2023,6.2,%,Istat,"BES dei Territori (Bes at local level), DF_BES_TERRIT_0T, dominio BES_07"
Mortalità stradale in ambito extraurbano,07SIC008P,provincia,Campobasso,2015,7.5,%,Istat,"BES dei Territori (Bes at local level), DF_BES_TERRIT_0T, dominio BES_07"
Mortalità stradale in ambito extraurbano,07SIC008P,provincia,Campobasso,2016,7.4,%,Istat,"BES dei Territori (Bes at local level), DF_BES_TERRIT_0T, dominio BES_07"
Mortalità stradale in ambito extraurbano,07SIC008P,provincia,Campobasso,2017,13.9,%,Istat,"BES dei Territori (Bes at local level), DF_BES_TERRIT_0T, dominio BES_07"
Mortalità stradale in ambito extraurbano,07SIC008P,provincia,Campobasso,2018,7.6,%,Istat,"BES dei Territori (Bes at local level), DF_BES_TERRIT_0T, dominio BES_07"
Mortalità stradale in ambito extraurbano,07SIC008P,provincia,Campobasso,2019,12.8,%,Istat,"BES dei Territori (Bes at local level), DF_BES_TERRIT_0T, dominio BES_07"
Mortalità stradale in ambito extraurbano,07SIC008P,provincia,Campobasso,2020,11.8,%,Istat,"BES dei Territori (Bes at local level), DF_BES_TERRIT_0T, dominio BES_07"
Mortalità stradale in ambito extraurbano,07SIC008P,provincia,Campobasso,2021,4.3,%,Istat,"BES dei Territori (Bes at local level), DF_BES_TERRIT_0T, dominio BES_07"
Mortalità stradale in ambito extraurbano,07SIC008P,provincia,Campobasso,2022,5.1,%,Istat,"BES dei Territori (Bes at local level), DF_BES_TERRIT_0T, dominio BES_07"
Mortalità stradale in ambito extraurbano,07SIC008P,provincia,Campobasso,2023,7.8,%,Istat,"BES dei Territori (Bes at local level), DF_BES_TERRIT_0T, dominio BES_07"
Mortalità stradale in ambito extraurbano,07SIC008P,provincia,Caserta,2015,13.0,%,Istat,"BES dei Territori (Bes at local level), DF_BES_TERRIT_0T, dominio BES_07"
Mortalità stradale in ambito extraurbano,07SIC008P,provincia,Caserta,2016,9.0,%,Istat,"BES dei Territori (Bes at local level), DF_BES_TERRIT_0T, dominio BES_07"
Mortalità stradale in ambito extraurbano,07SIC008P,provincia,Caserta,2017,11.6,%,Istat,"BES dei Territori (Bes at local level), DF_BES_TERRIT_0T, dominio BES_07"
Mortalità stradale in ambito extraurbano,07SIC008P,provincia,Caserta,2018,7.6,%,Istat,"BES dei Territori (Bes at local level), DF_BES_TERRIT_0T, dominio BES_07"
Mortalità stradale in ambito extraurbano,07SIC008P,provincia,Caserta,2019,10.1,%,Istat,"BES dei Territori (Bes at local level), DF_BES_TERRIT_0T, dominio BES_07"
Mortalità stradale in ambito extraurbano,07SIC008P,provincia,Caserta,2020,8.7,%,Istat,"BES dei Territori (Bes at local level), DF_BES_TERRIT_0T, dominio BES_07"
Mortalità stradale in ambito extraurbano,07SIC008P,provincia,Caserta,2021,8.0,%,Istat,"BES dei Territori (Bes at local level), DF_BES_TERRIT_0T, dominio BES_07"
Mortalità stradale in ambito extraurbano,07SIC008P,provincia,Caserta,2022,7.5,%,Istat,"BES dei Territori (Bes at local level), DF_BES_TERRIT_0T, dominio BES_07"
Mortalità stradale in ambito extraurbano,07SIC008P,provincia,Caserta,2023,7.1,%,Istat,"BES dei Territori (Bes at local level), DF_BES_TERRIT_0T, dominio BES_07"
Mortalità stradale in ambito extraurbano,07SIC008P,provincia,Catania,2015,5.6,%,Istat,"BES dei Territori (Bes at local level), DF_BES_TERRIT_0T, dominio BES_07"
Mortalità stradale in ambito extraurbano,07SIC008P,provincia,Catania,2016,2.1,%,Istat,"BES dei Territori (Bes at local level), DF_BES_TERRIT_0T, dominio BES_07"
Mortalità stradale in ambito extraurbano,07SIC008P,provincia,Catania,2017,9.2,%,Istat,"BES dei Territori (Bes at local level), DF_BES_TERRIT_0T, dominio BES_07"
Mortalità stradale in ambito extraurbano,07SIC008P,provincia,Catania,2018,6.3,%,Istat,"BES dei Territori (Bes at local level), DF_BES_TERRIT_0T, dominio BES_07"
Mortalità stradale in ambito extraurbano,07SIC008P,provincia,Catania,2019,5.5,%,Istat,"BES dei Territori (Bes at local level), DF_BES_TERRIT_0T, dominio BES_07"
Mortalità stradale in ambito extraurbano,07SIC008P,provincia,Catania,2020,4.7,%,Istat,"BES dei Territori (Bes at local level), DF_BES_TERRIT_0T, dominio BES_07"
Mortalità stradale in ambito extraurbano,07SIC008P,provincia,Catania,2021,3.0,%,Istat,"BES dei Territori (Bes at local level), DF_BES_TERRIT_0T, dominio BES_07"
Mortalità stradale in ambito extraurbano,07SIC008P,provincia,Catania,2022,4.1,%,Istat,"BES dei Territori (Bes at local level), DF_BES_TERRIT_0T, dominio BES_07"
Mortalità stradale in ambito extraurbano,07SIC008P,provincia,Catania,2023,6.1,%,Istat,"BES dei Territori (Bes at local level), DF_BES_TERRIT_0T, dominio BES_07"
Mortalità stradale in ambito extraurbano,07SIC008P,provincia,Catanzaro,2015,4.6,%,Istat,"BES dei Territori (Bes at local level), DF_BES_TERRIT_0T, dominio BES_07"
Mortalità stradale in ambito extraurbano,07SIC008P,provincia,Catanzaro,2016,6.6,%,Istat,"BES dei Territori (Bes at local level), DF_BES_TERRIT_0T, dominio BES_07"
Mortalità stradale in ambito extraurbano,07SIC008P,provincia,Catanzaro,2017,6.3,%,Istat,"BES dei Territori (Bes at local level), DF_BES_TERRIT_0T, dominio BES_07"
Mortalità stradale in ambito extraurbano,07SIC008P,provincia,Catanzaro,2018,9.7,%,Istat,"BES dei Territori (Bes at local level), DF_BES_TERRIT_0T, dominio BES_07"
Mortalità stradale in ambito extraurbano,07SIC008P,provincia,Catanzaro,2019,7.9,%,Istat,"BES dei Territori (Bes at local level), DF_BES_TERRIT_0T, dominio BES_07"
Mortalità stradale in ambito extraurbano,07SIC008P,provincia,Catanzaro,2020,6.7,%,Istat,"BES dei Territori (Bes at local level), DF_BES_TERRIT_0T, dominio BES_07"
Mortalità stradale in ambito extraurbano,07SIC008P,provincia,Catanzaro,2021,3.0,%,Istat,"BES dei Territori (Bes at local level), DF_BES_TERRIT_0T, dominio BES_07"
Mortalità stradale in ambito extraurbano,07SIC008P,provincia,Catanzaro,2022,3.9,%,Istat,"BES dei Territori (Bes at local level), DF_BES_TERRIT_0T, dominio BES_07"
Mortalità stradale in ambito extraurbano,07SIC008P,provincia,Catanzaro,2023,5.2,%,Istat,"BES dei Territori (Bes at local level), DF_BES_TERRIT_0T, dominio BES_07"
Mortalità stradale in ambito extraurbano,07SIC008P,provincia,Chieti,2015,3.4,%,Istat,"BES dei Territori (Bes at local level), DF_BES_TERRIT_0T, dominio BES_07"
Mortalità stradale in ambito extraurbano,07SIC008P,provincia,Chieti,2016,4.0,%,Istat,"BES dei Territori (Bes at local level), DF_BES_TERRIT_0T, dominio BES_07"
Mortalità stradale in ambito extraurbano,07SIC008P,provincia,Chieti,2017,4.0,%,Istat,"BES dei Territori (Bes at local level), DF_BES_TERRIT_0T, dominio BES_07"
Mortalità stradale in ambito extraurbano,07SIC008P,provincia,Chieti,2018,7.2,%,Istat,"BES dei Territori (Bes at local level), DF_BES_TERRIT_0T, dominio BES_07"
Mortalità stradale in ambito extraurbano,07SIC008P,provincia,Chieti,2019,5.2,%,Istat,"BES dei Territori (Bes at local level), DF_BES_TERRIT_0T, dominio BES_07"
Mortalità stradale in ambito extraurbano,07SIC008P,provincia,Chieti,2020,5.6,%,Istat,"BES dei Territori (Bes at local level), DF_BES_TERRIT_0T, dominio BES_07"
Mortalità stradale in ambito extraurbano,07SIC008P,provincia,Chieti,2021,8.3,%,Istat,"BES dei Territori (Bes at local level), DF_BES_TERRIT_0T, dominio BES_07"
Mortalità stradale in ambito extraurbano,07SIC008P,provincia,Chieti,2022,3.5,%,Istat,"BES dei Territori (Bes at local level), DF_BES_TERRIT_0T, dominio BES_07"
Mortalità stradale in ambito extraurbano,07SIC008P,provincia,Chieti,2023,6.7,%,Istat,"BES dei Territori (Bes at local level), DF_BES_TERRIT_0T, dominio BES_07"
Mortalità stradale in ambito extraurbano,07SIC008P,provincia,Como,2015,3.9,%,Istat,"BES dei Territori (Bes at local level), DF_BES_TERRIT_0T, dominio BES_07"
Mortalità stradale in ambito extraurbano,07SIC008P,provincia,Como,2016,2.7,%,Istat,"BES dei Territori (Bes at local level), DF_BES_TERRIT_0T, dominio BES_07"
Mortalità stradale in ambito extraurbano,07SIC008P,provincia,Como,2017,2.9,%,Istat,"BES dei Territori (Bes at local level), DF_BES_TERRIT_0T, dominio BES_07"
Mortalità stradale in ambito extraurbano,07SIC008P,provincia,Como,2018,3.5,%,Istat,"BES dei Territori (Bes at local level), DF_BES_TERRIT_0T, dominio BES_07"
Mortalità stradale in ambito extraurbano,07SIC008P,provincia,Como,2019,2.1,%,Istat,"BES dei Territori (Bes at local level), DF_BES_TERRIT_0T, dominio BES_07"
Mortalità stradale in ambito extraurbano,07SIC008P,provincia,Como,2020,5.4,%,Istat,"BES dei Territori (Bes at local level), DF_BES_TERRIT_0T, dominio BES_07"
Mortalità stradale in ambito extraurbano,07SIC008P,provincia,Como,2021,2.7,%,Istat,"BES dei Territori (Bes at local level), DF_BES_TERRIT_0T, dominio BES_07"
Mortalità stradale in ambito extraurbano,07SIC008P,provincia,Como,2022,4.2,%,Istat,"BES dei Territori (Bes at local level), DF_BES_TERRIT_0T, dominio BES_07"
Mortalità stradale in ambito extraurbano,07SIC008P,provincia,Como,2023,3.6,%,Istat,"BES dei Territori (Bes at local level), DF_BES_TERRIT_0T, dominio BES_07"
Mortalità stradale in ambito extraurbano,07SIC008P,provincia,Cosenza,2015,6.4,%,Istat,"BES dei Territori (Bes at local level), DF_BES_TERRIT_0T, dominio BES_07"
Mortalità stradale in ambito extraurbano,07SIC008P,provincia,Cosenza,2016,9.7,%,Istat,"BES dei Territori (Bes at local level), DF_BES_TERRIT_0T, dominio BES_07"
Mortalità stradale in ambito extraurbano,07SIC008P,provincia,Cosenza,2017,5.1,%,Istat,"BES dei Territori (Bes at local level), DF_BES_TERRIT_0T, dominio BES_07"
Mortalità stradale in ambito extraurbano,07SIC008P,provincia,Cosenza,2018,9.2,%,Istat,"BES dei Territori (Bes at local level), DF_BES_TERRIT_0T, dominio BES_07"
Mortalità stradale in ambito extraurbano,07SIC008P,provincia,Cosenza,2019,8.7,%,Istat,"BES dei Territori (Bes at local level), DF_BES_TERRIT_0T, dominio BES_07"
Mortalità stradale in ambito extraurbano,07SIC008P,provincia,Cosenza,2020,4.8,%,Istat,"BES dei Territori (Bes at local level), DF_BES_TERRIT_0T, dominio BES_07"
Mortalità stradale in ambito extraurbano,07SIC008P,provincia,Cosenza,2021,9.0,%,Istat,"BES dei Territori (Bes at local level), DF_BES_TERRIT_0T, dominio BES_07"
Mortalità stradale in ambito extraurbano,07SIC008P,provincia,Cosenza,2022,8.3,%,Istat,"BES dei Territori (Bes at local level), DF_BES_TERRIT_0T, dominio BES_07"
Mortalità stradale in ambito extraurbano,07SIC008P,provincia,Cosenza,2023,8.2,%,Istat,"BES dei Territori (Bes at local level), DF_BES_TERRIT_0T, dominio BES_07"
Mortalità stradale in ambito extraurbano,07SIC008P,provincia,Cremona,2015,4.8,%,Istat,"BES dei Territori (Bes at local level), DF_BES_TERRIT_0T, dominio BES_07"
Mortalità stradale in ambito extraurbano,07SIC008P,provincia,Cremona,2016,1.8,%,Istat,"BES dei Territori (Bes at local level), DF_BES_TERRIT_0T, dominio BES_07"
Mortalità stradale in ambito extraurbano,07SIC008P,provincia,Cremona,2017,4.0,%,Istat,"BES dei Territori (Bes at local level), DF_BES_TERRIT_0T, dominio BES_07"
Mortalità stradale in ambito extraurbano,07SIC008P,provincia,Cremona,2018,5.5,%,Istat,"BES dei Territori (Bes at local level), DF_BES_TERRIT_0T, dominio BES_07"
Mortalità stradale in ambito extraurbano,07SIC008P,provincia,Cremona,2019,4.7,%,Istat,"BES dei Territori (Bes at local level), DF_BES_TERRIT_0T, dominio BES_07"
Mortalità stradale in ambito extraurbano,07SIC008P,provincia,Cremona,2020,6.2,%,Istat,"BES dei Territori (Bes at local level), DF_BES_TERRIT_0T, dominio BES_07"
Mortalità stradale in ambito extraurbano,07SIC008P,provincia,Cremona,2021,5.0,%,Istat,"BES dei Territori (Bes at local level), DF_BES_TERRIT_0T, dominio BES_07"
Mortalità stradale in ambito extraurbano,07SIC008P,provincia,Cremona,2022,3.7,%,Istat,"BES dei Territori (Bes at local level), DF_BES_TERRIT_0T, dominio BES_07"
Mortalità stradale in ambito extraurbano,07SIC008P,provincia,Cremona,2023,2.0,%,Istat,"BES dei Territori (Bes at local level), DF_BES_TERRIT_0T, dominio BES_07"
Mortalità stradale in ambito extraurbano,07SIC008P,provincia,Crotone,2015,8.8,%,Istat,"BES dei Territori (Bes at local level), DF_BES_TERRIT_0T, dominio BES_07"
Mortalità stradale in ambito extraurbano,07SIC008P,provincia,Crotone,2016,2.7,%,Istat,"BES dei Territori (Bes at local level), DF_BES_TERRIT_0T, dominio BES_07"
Mortalità stradale in ambito extraurbano,07SIC008P,provincia,Crotone,2017,4.7,%,Istat,"BES dei Territori (Bes at local level), DF_BES_TERRIT_0T, dominio BES_07"
Mortalità stradale in ambito extraurbano,07SIC008P,provincia,Crotone,2018,7.6,%,Istat,"BES dei Territori (Bes at local level), DF_BES_TERRIT_0T, dominio BES_07"
Mortalità stradale in ambito extraurbano,07SIC008P,provincia,Crotone,2019,8.9,%,Istat,"BES dei Territori (Bes at local level), DF_BES_TERRIT_0T, dominio BES_07"
Mortalità stradale in ambito extraurbano,07SIC008P,provincia,Crotone,2020,6.3,%,Istat,"BES dei Territori (Bes at local level), DF_BES_TERRIT_0T, dominio BES_07"
Mortalità stradale in ambito extraurbano,07SIC008P,provincia,Crotone,2021,4.8,%,Istat,"BES dei Territori (Bes at local level), DF_BES_TERRIT_0T, dominio BES_07"
Mortalità stradale in ambito extraurbano,07SIC008P,provincia,Crotone,2022,6.8,%,Istat,"BES dei Territori (Bes at local level), DF_BES_TERRIT_0T, dominio BES_07"
Mortalità stradale in ambito extraurbano,07SIC008P,provincia,Crotone,2023,6.5,%,Istat,"BES dei Territori (Bes at local level), DF_BES_TERRIT_0T, dominio BES_07"
Mortalità stradale in ambito extraurbano,07SIC008P,provincia,Cuneo,2015,7.9,%,Istat,"BES dei Territori (Bes at local level), DF_BES_TERRIT_0T, dominio BES_07"
Mortalità stradale in ambito extraurbano,07SIC008P,provincia,Cuneo,2016,3.3,%,Istat,"BES dei Territori (Bes at local level), DF_BES_TERRIT_0T, dominio BES_07"
Mortalità stradale in ambito extraurbano,07SIC008P,provincia,Cuneo,2017,8.2,%,Istat,"BES dei Territori (Bes at local level), DF_BES_TERRIT_0T, dominio BES_07"
Mortalità stradale in ambito extraurbano,07SIC008P,provincia,Cuneo,2018,4.6,%,Istat,"BES dei Territori (Bes at local level), DF_BES_TERRIT_0T, dominio BES_07"
Mortalità stradale in ambito extraurbano,07SIC008P,provincia,Cuneo,2019,4.8,%,Istat,"BES dei Territori (Bes at local level), DF_BES_TERRIT_0T, dominio BES_07"
Mortalità stradale in ambito extraurbano,07SIC008P,provincia,Cuneo,2020,6.6,%,Istat,"BES dei Territori (Bes at local level), DF_BES_TERRIT_0T, dominio BES_07"
Mortalità stradale in ambito extraurbano,07SIC008P,provincia,Cuneo,2021,5.6,%,Istat,"BES dei Territori (Bes at local level), DF_BES_TERRIT_0T, dominio BES_07"
Mortalità stradale in ambito extraurbano,07SIC008P,provincia,Cuneo,2022,5.6,%,Istat,"BES dei Territori (Bes at local level), DF_BES_TERRIT_0T, dominio BES_07"
Mortalità stradale in ambito extraurbano,07SIC008P,provincia,Cuneo,2023,4.6,%,Istat,"BES dei Territori (Bes at local level), DF_BES_TERRIT_0T, dominio BES_07"
Mortalità stradale in ambito extraurbano,07SIC008P,provincia,Enna,2015,4.9,%,Istat,"BES dei Territori (Bes at local level), DF_BES_TERRIT_0T, dominio BES_07"
Mortalità stradale in ambito extraurbano,07SIC008P,provincia,Enna,2016,2.8,%,Istat,"BES dei Territori (Bes at local level), DF_BES_TERRIT_0T, dominio BES_07"
Mortalità stradale in ambito extraurbano,07SIC008P,provincia,Enna,2017,6.4,%,Istat,"BES dei Territori (Bes at local level), DF_BES_TERRIT_0T, dominio BES_07"
Mortalità stradale in ambito extraurbano,07SIC008P,provincia,Enna,2018,4.4,%,Istat,"BES dei Territori (Bes at local level), DF_BES_TERRIT_0T, dominio BES_07"
Mortalità stradale in ambito extraurbano,07SIC008P,provincia,Enna,2019,3.5,%,Istat,"BES dei Territori (Bes at local level), DF_BES_TERRIT_0T, dominio BES_07"
Mortalità stradale in ambito extraurbano,07SIC008P,provincia,Enna,2020,10.9,%,Istat,"BES dei Territori (Bes at local level), DF_BES_TERRIT_0T, dominio BES_07"
Mortalità stradale in ambito extraurbano,07SIC008P,provincia,Enna,2021,5.8,%,Istat,"BES dei Territori (Bes at local level), DF_BES_TERRIT_0T, dominio BES_07"
Mortalità stradale in ambito extraurbano,07SIC008P,provincia,Enna,2022,7.1,%,Istat,"BES dei Territori (Bes at local level), DF_BES_TERRIT_0T, dominio BES_07"
Mortalità stradale in ambito extraurbano,07SIC008P,provincia,Enna,2023,6.7,%,Istat,"BES dei Territori (Bes at local level), DF_BES_TERRIT_0T, dominio BES_07"
Mortalità stradale in ambito extraurbano,07SIC008P,provincia,Ferrara,2015,7.1,%,Istat,"BES dei Territori (Bes at local level), DF_BES_TERRIT_0T, dominio BES_07"
Mortalità stradale in ambito extraurbano,07SIC008P,provincia,Ferrara,2016,5.3,%,Istat,"BES dei Territori (Bes at local level), DF_BES_TERRIT_0T, dominio BES_07"
Mortalità stradale in ambito extraurbano,07SIC008P,provincia,Ferrara,2017,6.0,%,Istat,"BES dei Territori (Bes at local level), DF_BES_TERRIT_0T, dominio BES_07"
Mortalità stradale in ambito extraurbano,07SIC008P,provincia,Ferrara,2018,5.4,%,Istat,"BES dei Territori (Bes at local level), DF_BES_TERRIT_0T, dominio BES_07"
Mortalità stradale in ambito extraurbano,07SIC008P,provincia,Ferrara,2019,4.6,%,Istat,"BES dei Territori (Bes at local level), DF_BES_TERRIT_0T, dominio BES_07"
Mortalità stradale in ambito extraurbano,07SIC008P,provincia,Ferrara,2020,4.0,%,Istat,"BES dei Territori (Bes at local level), DF_BES_TERRIT_0T, dominio BES_07"
Mortalità stradale in ambito extraurbano,07SIC008P,provincia,Ferrara,2021,4.3,%,Istat,"BES dei Territori (Bes at local level), DF_BES_TERRIT_0T, dominio BES_07"
Mortalità stradale in ambito extraurbano,07SIC008P,provincia,Ferrara,2022,3.3,%,Istat,"BES dei Territori (Bes at local level), DF_BES_TERRIT_0T, dominio BES_07"
Mortalità stradale in ambito extraurbano,07SIC008P,provincia,Ferrara,2023,3.9,%,Istat,"BES dei Territori (Bes at local level), DF_BES_TERRIT_0T, dominio BES_07"
Mortalità stradale in ambito extraurbano,07SIC008P,provincia,Firenze,2015,1.9,%,Istat,"BES dei Territori (Bes at local level), DF_BES_TERRIT_0T, dominio BES_07"
Mortalità stradale in ambito extraurbano,07SIC008P,provincia,Firenze,2016,1.9,%,Istat,"BES dei Territori (Bes at local level), DF_BES_TERRIT_0T, dominio BES_07"
Mortalità stradale in ambito extraurbano,07SIC008P,provincia,Firenze,2017,2.4,%,Istat,"BES dei Territori (Bes at local level), DF_BES_TERRIT_0T, dominio BES_07"
Mortalità stradale in ambito extraurbano,07SIC008P,provincia,Firenze,2018,3.9,%,Istat,"BES dei Territori (Bes at local level), DF_BES_TERRIT_0T, dominio BES_07"
Mortalità stradale in ambito extraurbano,07SIC008P,provincia,Firenze,2019,1.9,%,Istat,"BES dei Territori (Bes at local level), DF_BES_TERRIT_0T, dominio BES_07"
Mortalità stradale in ambito extraurbano,07SIC008P,provincia,Firenze,2020,2.5,%,Istat,"BES dei Territori (Bes at local level), DF_BES_TERRIT_0T, dominio BES_07"
Mortalità stradale in ambito extraurbano,07SIC008P,provincia,Firenze,2021,2.6,%,Istat,"BES dei Territori (Bes at local level), DF_BES_TERRIT_0T, dominio BES_07"
Mortalità stradale in ambito extraurbano,07SIC008P,provincia,Firenze,2022,3.2,%,Istat,"BES dei Territori (Bes at local level), DF_BES_TERRIT_0T, dominio BES_07"
Mortalità stradale in ambito extraurbano,07SIC008P,provincia,Firenze,2023,3.2,%,Istat,"BES dei Territori (Bes at local level), DF_BES_TERRIT_0T, dominio BES_07"
Mortalità stradale in ambito extraurbano,07SIC008P,provincia,Foggia,2015,11.9,%,Istat,"BES dei Territori (Bes at local level), DF_BES_TERRIT_0T, dominio BES_07"
Mortalità stradale in ambito extraurbano,07SIC008P,provincia,Foggia,2016,10.6,%,Istat,"BES dei Territori (Bes at local level), DF_BES_TERRIT_0T, dominio BES_07"
Mortalità stradale in ambito extraurbano,07SIC008P,provincia,Foggia,2017,15.5,%,Istat,"BES dei Territori (Bes at local level), DF_BES_TERRIT_0T, dominio BES_07"
Mortalità stradale in ambito extraurbano,07SIC008P,provincia,Foggia,2018,12.1,%,Istat,"BES dei Territori (Bes at local level), DF_BES_TERRIT_0T, dominio BES_07"
Mortalità stradale in ambito extraurbano,07SIC008P,provincia,Foggia,2019,8.8,%,Istat,"BES dei Territori (Bes at local level), DF_BES_TERRIT_0T, dominio BES_07"
Mortalità stradale in ambito extraurbano,07SIC008P,provincia,Foggia,2020,9.9,%,Istat,"BES dei Territori (Bes at local level), DF_BES_TERRIT_0T, dominio BES_07"
Mortalità stradale in ambito extraurbano,07SIC008P,provincia,Foggia,2021,9.7,%,Istat,"BES dei Territori (Bes at local level), DF_BES_TERRIT_0T, dominio BES_07"
Mortalità stradale in ambito extraurbano,07SIC008P,provincia,Foggia,2022,12.2,%,Istat,"BES dei Territori (Bes at local level), DF_BES_TERRIT_0T, dominio BES_07"
Mortalità stradale in ambito extraurbano,07SIC008P,provincia,Foggia,2023,9.5,%,Istat,"BES dei Territori (Bes at local level), DF_BES_TERRIT_0T, dominio BES_07"
Mortalità stradale in ambito extraurbano,07SIC008P,provincia,Forlì-Cesena,2015,2.4,%,Istat,"BES dei Territori (Bes at local level), DF_BES_TERRIT_0T, dominio BES_07"
Mortalità stradale in ambito extraurbano,07SIC008P,provincia,Forlì-Cesena,2016,2.9,%,Istat,"BES dei Territori (Bes at local level), DF_BES_TERRIT_0T, dominio BES_07"
Mortalità stradale in ambito extraurbano,07SIC008P,provincia,Forlì-Cesena,2017,5.1,%,Istat,"BES dei Territori (Bes at local level), DF_BES_TERRIT_0T, dominio BES_07"
Mortalità stradale in ambito extraurbano,07SIC008P,provincia,Forlì-Cesena,2018,3.0,%,Istat,"BES dei Territori (Bes at local level), DF_BES_TERRIT_0T, dominio BES_07"
Mortalità stradale in ambito extraurbano,07SIC008P,provincia,Forlì-Cesena,2019,5.0,%,Istat,"BES dei Territori (Bes at local level), DF_BES_TERRIT_0T, dominio BES_07"
Mortalità stradale in ambito extraurbano,07SIC008P,provincia,Forlì-Cesena,2020,2.4,%,Istat,"BES dei Territori (Bes at local level), DF_BES_TERRIT_0T, dominio BES_07"
Mortalità stradale in ambito extraurbano,07SIC008P,provincia,Forlì-Cesena,2021,1.5,%,Istat,"BES dei Territori (Bes at local level), DF_BES_TERRIT_0T, dominio BES_07"
Mortalità stradale in ambito extraurbano,07SIC008P,provincia,Forlì-Cesena,2022,4.3,%,Istat,"BES dei Territori (Bes at local level), DF_BES_TERRIT_0T, dominio BES_07"
Mortalità stradale in ambito extraurbano,07SIC008P,provincia,Forlì-Cesena,2023,2.5,%,Istat,"BES dei Territori (Bes at local level), DF_BES_TERRIT_0T, dominio BES_07"
Mortalità stradale in ambito extraurbano,07SIC008P,provincia,Frosinone,2015,4.9,%,Istat,"BES dei Territori (Bes at local level), DF_BES_TERRIT_0T, dominio BES_07"
Mortalità stradale in ambito extraurbano,07SIC008P,provincia,Frosinone,2016,6.0,%,Istat,"BES dei Territori (Bes at local level), DF_BES_TERRIT_0T, dominio BES_07"
Mortalità stradale in ambito extraurbano,07SIC008P,provincia,Frosinone,2017,5.9,%,Istat,"BES dei Territori (Bes at local level), DF_BES_TERRIT_0T, dominio BES_07"
Mortalità stradale in ambito extraurbano,07SIC008P,provincia,Frosinone,2018,4.7,%,Istat,"BES dei Territori (Bes at local level), DF_BES_TERRIT_0T, dominio BES_07"
Mortalità stradale in ambito extraurbano,07SIC008P,provincia,Frosinone,2019,4.8,%,Istat,"BES dei Territori (Bes at local level), DF_BES_TERRIT_0T, dominio BES_07"
Mortalità stradale in ambito extraurbano,07SIC008P,provincia,Frosinone,2020,6.6,%,Istat,"BES dei Territori (Bes at local level), DF_BES_TERRIT_0T, dominio BES_07"
Mortalità stradale in ambito extraurbano,07SIC008P,provincia,Frosinone,2021,5.8,%,Istat,"BES dei Territori (Bes at local level), DF_BES_TERRIT_0T, dominio BES_07"
Mortalità stradale in ambito extraurbano,07SIC008P,provincia,Frosinone,2022,3.6,%,Istat,"BES dei Territori (Bes at local level), DF_BES_TERRIT_0T, dominio BES_07"
Mortalità stradale in ambito extraurbano,07SIC008P,provincia,Frosinone,2023,4.5,%,Istat,"BES dei Territori (Bes at local level), DF_BES_TERRIT_0T, dominio BES_07"
Mortalità stradale in ambito extraurbano,07SIC008P,provincia,Genova,2015,4.4,%,Istat,"BES dei Territori (Bes at local level), DF_BES_TERRIT_0T, dominio BES_07"
Mortalità stradale in ambito extraurbano,07SIC008P,provincia,Genova,2016,3.5,%,Istat,"BES dei Territori (Bes at local level), DF_BES_TERRIT_0T, dominio BES_07"
Mortalità stradale in ambito extraurbano,07SIC008P,provincia,Genova,2017,4.3,%,Istat,"BES dei Territori (Bes at local level), DF_BES_TERRIT_0T, dominio BES_07"
Mortalità stradale in ambito extraurbano,07SIC008P,provincia,Genova,2018,3.1,%,Istat,"BES dei Territori (Bes at local level), DF_BES_TERRIT_0T, dominio BES_07"
Mortalità stradale in ambito extraurbano,07SIC008P,provincia,Genova,2019,1.4,%,Istat,"BES dei Territori (Bes at local level), DF_BES_TERRIT_0T, dominio BES_07"
Mortalità stradale in ambito extraurbano,07SIC008P,provincia,Genova,2020,0.0,%,Istat,"BES dei Territori (Bes at local level), DF_BES_TERRIT_0T, dominio BES_07"
Mortalità stradale in ambito extraurbano,07SIC008P,provincia,Genova,2021,1.9,%,Istat,"BES dei Territori (Bes at local level), DF_BES_TERRIT_0T, dominio BES_07"
Mortalità stradale in ambito extraurbano,07SIC008P,provincia,Genova,2022,1.2,%,Istat,"BES dei Territori (Bes at local level), DF_BES_TERRIT_0T, dominio BES_07"
Mortalità stradale in ambito extraurbano,07SIC008P,provincia,Genova,2023,1.8,%,Istat,"BES dei Territori (Bes at local level), DF_BES_TERRIT_0T, dominio BES_07"
Mortalità stradale in ambito extraurbano,07SIC008P,provincia,Gorizia,2015,1.3,%,Istat,"BES dei Territori (Bes at local level), DF_BES_TERRIT_0T, dominio BES_07"
Mortalità stradale in ambito extraurbano,07SIC008P,provincia,Gorizia,2016,3.5,%,Istat,"BES dei Territori (Bes at local level), DF_BES_TERRIT_0T, dominio BES_07"
Mortalità stradale in ambito extraurbano,07SIC008P,provincia,Gorizia,2017,2.6,%,Istat,"BES dei Territori (Bes at local level), DF_BES_TERRIT_0T, dominio BES_07"
Mortalità stradale in ambito extraurbano,07SIC008P,provincia,Gorizia,2018,3.0,%,Istat,"BES dei Territori (Bes at local level), DF_BES_TERRIT_0T, dominio BES_07"
Mortalità stradale in ambito extraurbano,07SIC008P,provincia,Gorizia,2019,4.9,%,Istat,"BES dei Territori (Bes at local level), DF_BES_TERRIT_0T, dominio BES_07"
Mortalità stradale in ambito extraurbano,07SIC008P,provincia,Gorizia,2020,0.0,%,Istat,"BES dei Territori (Bes at local level), DF_BES_TERRIT_0T, dominio BES_07"
Mortalità stradale in ambito extraurbano,07SIC008P,provincia,Gorizia,2021,7.6,%,Istat,"BES dei Territori (Bes at local level), DF_BES_TERRIT_0T, dominio BES_07"
Mortalità stradale in ambito extraurbano,07SIC008P,provincia,Gorizia,2022,1.2,%,Istat,"BES dei Territori (Bes at local level), DF_BES_TERRIT_0T, dominio BES_07"
Mortalità stradale in ambito extraurbano,07SIC008P,provincia,Gorizia,2023,4.1,%,Istat,"BES dei Territori (Bes at local level), DF_BES_TERRIT_0T, dominio BES_07"
Mortalità stradale in ambito extraurbano,07SIC008P,provincia,Grosseto,2015,2.8,%,Istat,"BES dei Territori (Bes at local level), DF_BES_TERRIT_0T, dominio BES_07"
Mortalità stradale in ambito extraurbano,07SIC008P,provincia,Grosseto,2016,6.4,%,Istat,"BES dei Territori (Bes at local level), DF_BES_TERRIT_0T, dominio BES_07"
Mortalità stradale in ambito extraurbano,07SIC008P,provincia,Grosseto,2017,6.2,%,Istat,"BES dei Territori (Bes at local level), DF_BES_TERRIT_0T, dominio BES_07"
Mortalità stradale in ambito extraurbano,07SIC008P,provincia,Grosseto,2018,4.6,%,Istat,"BES dei Territori (Bes at local level), DF_BES_TERRIT_0T, dominio BES_07"
Mortalità stradale in ambito extraurbano,07SIC008P,provincia,Grosseto,2019,2.8,%,Istat,"BES dei Territori (Bes at local level), DF_BES_TERRIT_0T, dominio BES_07"
Mortalità stradale in ambito extraurbano,07SIC008P,provincia,Grosseto,2020,2.4,%,Istat,"BES dei Territori (Bes at local level), DF_BES_TERRIT_0T, dominio BES_07"
Mortalità stradale in ambito extraurbano,07SIC008P,provincia,Grosseto,2021,4.3,%,Istat,"BES dei Territori (Bes at local level), DF_BES_TERRIT_0T, dominio BES_07"
Mortalità stradale in ambito extraurbano,07SIC008P,provincia,Grosseto,2022,4.5,%,Istat,"BES dei Territori (Bes at local level), DF_BES_TERRIT_0T, dominio BES_07"
Mortalità stradale in ambito extraurbano,07SIC008P,provincia,Grosseto,2023,4.0,%,Istat,"BES dei Territori (Bes at local level), DF_BES_TERRIT_0T, dominio BES_07"
Mortalità stradale in ambito extraurbano,07SIC008P,provincia,Imperia,2015,2.6,%,Istat,"BES dei Territori (Bes at local level), DF_BES_TERRIT_0T, dominio BES_07"
Mortalità stradale in ambito extraurbano,07SIC008P,provincia,Imperia,2016,3.4,%,Istat,"BES dei Territori (Bes at local level), DF_BES_TERRIT_0T, dominio BES_07"
Mortalità stradale in ambito extraurbano,07SIC008P,provincia,Imperia,2017,1.2,%,Istat,"BES dei Territori (Bes at local level), DF_BES_TERRIT_0T, dominio BES_07"
Mortalità stradale in ambito extraurbano,07SIC008P,provincia,Imperia,2018,4.4,%,Istat,"BES dei Territori (Bes at local level), DF_BES_TERRIT_0T, dominio BES_07"
Mortalità stradale in ambito extraurbano,07SIC008P,provincia,Imperia,2019,3.1,%,Istat,"BES dei Territori (Bes at local level), DF_BES_TERRIT_0T, dominio BES_07"
Mortalità stradale in ambito extraurbano,07SIC008P,provincia,Imperia,2020,3.0,%,Istat,"BES dei Territori (Bes at local level), DF_BES_TERRIT_0T, dominio BES_07"
Mortalità stradale in ambito extraurbano,07SIC008P,provincia,Imperia,2021,1.7,%,Istat,"BES dei Territori (Bes at local level), DF_BES_TERRIT_0T, dominio BES_07"
Mortalità stradale in ambito extraurbano,07SIC008P,provincia,Imperia,2022,6.9,%,Istat,"BES dei Territori (Bes at local level), DF_BES_TERRIT_0T, dominio BES_07"
Mortalità stradale in ambito extraurbano,07SIC008P,provincia,Imperia,2023,5.2,%,Istat,"BES dei Territori (Bes at local level), DF_BES_TERRIT_0T, dominio BES_07"
Mortalità stradale in ambito extraurbano,07SIC008P,provincia,Isernia,2015,4.1,%,Istat,"BES dei Territori (Bes at local level), DF_BES_TERRIT_0T, dominio BES_07"
Mortalità stradale in ambito extraurbano,07SIC008P,provincia,Isernia,2016,5.0,%,Istat,"BES dei Territori (Bes at local level), DF_BES_TERRIT_0T, dominio BES_07"
Mortalità stradale in ambito extraurbano,07SIC008P,provincia,Isernia,2017,10.4,%,Istat,"BES dei Territori (Bes at local level), DF_BES_TERRIT_0T, dominio BES_07"
Mortalità stradale in ambito extraurbano,07SIC008P,provincia,Isernia,2018,3.8,%,Istat,"BES dei Territori (Bes at local level), DF_BES_TERRIT_0T, dominio BES_07"
Mortalità stradale in ambito extraurbano,07SIC008P,provincia,Isernia,2019,5.3,%,Istat,"BES dei Territori (Bes at local level), DF_BES_TERRIT_0T, dominio BES_07"
Mortalità stradale in ambito extraurbano,07SIC008P,provincia,Isernia,2020,10.3,%,Istat,"BES dei Territori (Bes at local level), DF_BES_TERRIT_0T, dominio BES_07"
Mortalità stradale in ambito extraurbano,07SIC008P,provincia,Isernia,2021,9.2,%,Istat,"BES dei Territori (Bes at local level), DF_BES_TERRIT_0T, dominio BES_07"
Mortalità stradale in ambito extraurbano,07SIC008P,provincia,Isernia,2022,6.5,%,Istat,"BES dei Territori (Bes at local level), DF_BES_TERRIT_0T, dominio BES_07"
Mortalità stradale in ambito extraurbano,07SIC008P,provincia,Isernia,2023,4.6,%,Istat,"BES dei Territori (Bes at local level), DF_BES_TERRIT_0T, dominio BES_07"
Mortalità stradale in ambito extraurbano,07SIC008P,provincia,L'Aquila,2015,8.2,%,Istat,"BES dei Territori (Bes at local level), DF_BES_TERRIT_0T, dominio BES_07"
Mortalità stradale in ambito extraurbano,07SIC008P,provincia,L'Aquila,2016,5.6,%,Istat,"BES dei Territori (Bes at local level), DF_BES_TERRIT_0T, dominio BES_07"
Mortalità stradale in ambito extraurbano,07SIC008P,provincia,L'Aquila,2017,5.4,%,Istat,"BES dei Territori (Bes at local level), DF_BES_TERRIT_0T, dominio BES_07"
Mortalità stradale in ambito extraurbano,07SIC008P,provincia,L'Aquila,2018,4.2,%,Istat,"BES dei Territori (Bes at local level), DF_BES_TERRIT_0T, dominio BES_07"
Mortalità stradale in ambito extraurbano,07SIC008P,provincia,L'Aquila,2019,6.8,%,Istat,"BES dei Territori (Bes at local level), DF_BES_TERRIT_0T, dominio BES_07"
Mortalità stradale in ambito extraurbano,07SIC008P,provincia,L'Aquila,2020,7.1,%,Istat,"BES dei Territori (Bes at local level), DF_BES_TERRIT_0T, dominio BES_07"
Mortalità stradale in ambito extraurbano,07SIC008P,provincia,L'Aquila,2021,8.2,%,Istat,"BES dei Territori (Bes at local level), DF_BES_TERRIT_0T, dominio BES_07"
Mortalità stradale in ambito extraurbano,07SIC008P,provincia,L'Aquila,2022,4.3,%,Istat,"BES dei Territori (Bes at local level), DF_BES_TERRIT_0T, dominio BES_07"
Mortalità stradale in ambito extraurbano,07SIC008P,provincia,L'Aquila,2023,5.7,%,Istat,"BES dei Territori (Bes at local level), DF_BES_TERRIT_0T, dominio BES_07"
Mortalità stradale in ambito extraurbano,07SIC008P,provincia,La Spezia,2015,3.3,%,Istat,"BES dei Territori (Bes at local level), DF_BES_TERRIT_0T, dominio BES_07"
Mortalità stradale in ambito extraurbano,07SIC008P,provincia,La Spezia,2016,4.2,%,Istat,"BES dei Territori (Bes at local level), DF_BES_TERRIT_0T, dominio BES_07"
Mortalità stradale in ambito extraurbano,07SIC008P,provincia,La Spezia,2017,1.0,%,Istat,"BES dei Territori (Bes at local level), DF_BES_TERRIT_0T, dominio BES_07"
Mortalità stradale in ambito extraurbano,07SIC008P,provincia,La Spezia,2018,4.5,%,Istat,"BES dei Territori (Bes at local level), DF_BES_TERRIT_0T, dominio BES_07"
Mortalità stradale in ambito extraurbano,07SIC008P,provincia,La Spezia,2019,0.9,%,Istat,"BES dei Territori (Bes at local level), DF_BES_TERRIT_0T, dominio BES_07"
Mortalità stradale in ambito extraurbano,07SIC008P,provincia,La Spezia,2020,1.2,%,Istat,"BES dei Territori (Bes at local level), DF_BES_TERRIT_0T, dominio BES_07"
Mortalità stradale in ambito extraurbano,07SIC008P,provincia,La Spezia,2021,3.7,%,Istat,"BES dei Territori (Bes at local level), DF_BES_TERRIT_0T, dominio BES_07"
Mortalità stradale in ambito extraurbano,07SIC008P,provincia,La Spezia,2022,0.9,%,Istat,"BES dei Territori (Bes at local level), DF_BES_TERRIT_0T, dominio BES_07"
Mortalità stradale in ambito extraurbano,07SIC008P,provincia,La Spezia,2023,4.1,%,Istat,"BES dei Territori (Bes at local level), DF_BES_TERRIT_0T, dominio BES_07"
Mortalità stradale in ambito extraurbano,07SIC008P,provincia,Latina,2015,6.4,%,Istat,"BES dei Territori (Bes at local level), DF_BES_TERRIT_0T, dominio BES_07"
Mortalità stradale in ambito extraurbano,07SIC008P,provincia,Latina,2016,5.8,%,Istat,"BES dei Territori (Bes at local level), DF_BES_TERRIT_0T, dominio BES_07"
Mortalità stradale in ambito extraurbano,07SIC008P,provincia,Latina,2017,6.5,%,Istat,"BES dei Territori (Bes at local level), DF_BES_TERRIT_0T, dominio BES_07"
Mortalità stradale in ambito extraurbano,07SIC008P,provincia,Latina,2018,5.3,%,Istat,"BES dei Territori (Bes at local level), DF_BES_TERRIT_0T, dominio BES_07"
Mortalità stradale in ambito extraurbano,07SIC008P,provincia,Latina,2019,4.5,%,Istat,"BES dei Territori (Bes at local level), DF_BES_TERRIT_0T, dominio BES_07"
Mortalità stradale in ambito extraurbano,07SIC008P,provincia,Latina,2020,5.7,%,Istat,"BES dei Territori (Bes at local level), DF_BES_TERRIT_0T, dominio BES_07"
Mortalità stradale in ambito extraurbano,07SIC008P,provincia,Latina,2021,5.3,%,Istat,"BES dei Territori (Bes at local level), DF_BES_TERRIT_0T, dominio BES_07"
Mortalità stradale in ambito extraurbano,07SIC008P,provincia,Latina,2022,4.8,%,Istat,"BES dei Territori (Bes at local level), DF_BES_TERRIT_0T, dominio BES_07"
Mortalità stradale in ambito extraurbano,07SIC008P,provincia,Latina,2023,6.0,%,Istat,"BES dei Territori (Bes at local level), DF_BES_TERRIT_0T, dominio BES_07"
Mortalità stradale in ambito extraurbano,07SIC008P,provincia,Lecce,2015,8.0,%,Istat,"BES dei Territori (Bes at local level), DF_BES_TERRIT_0T, dominio BES_07"
Mortalità stradale in ambito extraurbano,07SIC008P,provincia,Lecce,2016,4.5,%,Istat,"BES dei Territori (Bes at local level), DF_BES_TERRIT_0T, dominio BES_07"
Mortalità stradale in ambito extraurbano,07SIC008P,provincia,Lecce,2017,5.4,%,Istat,"BES dei Territori (Bes at local level), DF_BES_TERRIT_0T, dominio BES_07"
Mortalità stradale in ambito extraurbano,07SIC008P,provincia,Lecce,2018,3.5,%,Istat,"BES dei Territori (Bes at local level), DF_BES_TERRIT_0T, dominio BES_07"
Mortalità stradale in ambito extraurbano,07SIC008P,provincia,Lecce,2019,5.8,%,Istat,"BES dei Territori (Bes at local level), DF_BES_TERRIT_0T, dominio BES_07"
Mortalità stradale in ambito extraurbano,07SIC008P,provincia,Lecce,2020,3.0,%,Istat,"BES dei Territori (Bes at local level), DF_BES_TERRIT_0T, dominio BES_07"
Mortalità stradale in ambito extraurbano,07SIC008P,provincia,Lecce,2021,6.7,%,Istat,"BES dei Territori (Bes at local level), DF_BES_TERRIT_0T, dominio BES_07"
Mortalità stradale in ambito extraurbano,07SIC008P,provincia,Lecce,2022,5.6,%,Istat,"BES dei Territori (Bes at local level), DF_BES_TERRIT_0T, dominio BES_07"
Mortalità stradale in ambito extraurbano,07SIC008P,provincia,Lecce,2023,5.6,%,Istat,"BES dei Territori (Bes at local level), DF_BES_TERRIT_0T, dominio BES_07"
Mortalità stradale in ambito extraurbano,07SIC008P,provincia,Lecco,2015,3.1,%,Istat,"BES dei Territori (Bes at local level), DF_BES_TERRIT_0T, dominio BES_07"
Mortalità stradale in ambito extraurbano,07SIC008P,provincia,Lecco,2016,2.5,%,Istat,"BES dei Territori (Bes at local level), DF_BES_TERRIT_0T, dominio BES_07"
Mortalità stradale in ambito extraurbano,07SIC008P,provincia,Lecco,2017,2.1,%,Istat,"BES dei Territori (Bes at local level), DF_BES_TERRIT_0T, dominio BES_07"
Mortalità stradale in ambito extraurbano,07SIC008P,provincia,Lecco,2018,5.3,%,Istat,"BES dei Territori (Bes at local level), DF_BES_TERRIT_0T, dominio BES_07"
Mortalità stradale in ambito extraurbano,07SIC008P,provincia,Lecco,2019,1.5,%,Istat,"BES dei Territori (Bes at local level), DF_BES_TERRIT_0T, dominio BES_07"
Mortalità stradale in ambito extraurbano,07SIC008P,provincia,Lecco,2020,1.1,%,Istat,"BES dei Territori (Bes at local level), DF_BES_TERRIT_0T, dominio BES_07"
Mortalità stradale in ambito extraurbano,07SIC008P,provincia,Lecco,2021,2.6,%,Istat,"BES dei Territori (Bes at local level), DF_BES_TERRIT_0T, dominio BES_07"
Mortalità stradale in ambito extraurbano,07SIC008P,provincia,Lecco,2022,2.1,%,Istat,"BES dei Territori (Bes at local level), DF_BES_TERRIT_0T, dominio BES_07"
Mortalità stradale in ambito extraurbano,07SIC008P,provincia,Lecco,2023,3.0,%,Istat,"BES dei Territori (Bes at local level), DF_BES_TERRIT_0T, dominio BES_07"
Mortalità stradale in ambito extraurbano,07SIC008P,provincia,Livorno,2015,3.8,%,Istat,"BES dei Territori (Bes at local level), DF_BES_TERRIT_0T, dominio BES_07"
Mortalità stradale in ambito extraurbano,07SIC008P,provincia,Livorno,2016,6.0,%,Istat,"BES dei Territori (Bes at local level), DF_BES_TERRIT_0T, dominio BES_07"
Mortalità stradale in ambito extraurbano,07SIC008P,provincia,Livorno,2017,5.7,%,Istat,"BES dei Territori (Bes at local level), DF_BES_TERRIT_0T, dominio BES_07"
Mortalità stradale in ambito extraurbano,07SIC008P,provincia,Livorno,2018,3.4,%,Istat,"BES dei Territori (Bes at local level), DF_BES_TERRIT_0T, dominio BES_07"
Mortalità stradale in ambito extraurbano,07SIC008P,provincia,Livorno,2019,3.9,%,Istat,"BES dei Territori (Bes at local level), DF_BES_TERRIT_0T, dominio BES_07"
Mortalità stradale in ambito extraurbano,07SIC008P,provincia,Livorno,2020,3.1,%,Istat,"BES dei Territori (Bes at local level), DF_BES_TERRIT_0T, dominio BES_07"
Mortalità stradale in ambito extraurbano,07SIC008P,provincia,Livorno,2021,2.8,%,Istat,"BES dei Territori (Bes at local level), DF_BES_TERRIT_0T, dominio BES_07"
Mortalità stradale in ambito extraurbano,07SIC008P,provincia,Livorno,2022,2.3,%,Istat,"BES dei Territori (Bes at local level), DF_BES_TERRIT_0T, dominio BES_07"
Mortalità stradale in ambito extraurbano,07SIC008P,provincia,Livorno,2023,2.9,%,Istat,"BES dei Territori (Bes at local level), DF_BES_TERRIT_0T, dominio BES_07"
Mortalità stradale in ambito extraurbano,07SIC008P,provincia,Lodi,2015,1.7,%,Istat,"BES dei Territori (Bes at local level), DF_BES_TERRIT_0T, dominio BES_07"
Mortalità stradale in ambito extraurbano,07SIC008P,provincia,Lodi,2016,6.3,%,Istat,"BES dei Territori (Bes at local level), DF_BES_TERRIT_0T, dominio BES_07"
Mortalità stradale in ambito extraurbano,07SIC008P,provincia,Lodi,2017,2.7,%,Istat,"BES dei Territori (Bes at local level), DF_BES_TERRIT_0T, dominio BES_07"
Mortalità stradale in ambito extraurbano,07SIC008P,provincia,Lodi,2018,1.9,%,Istat,"BES dei Territori (Bes at local level), DF_BES_TERRIT_0T, dominio BES_07"
Mortalità stradale in ambito extraurbano,07SIC008P,provincia,Lodi,2019,3.4,%,Istat,"BES dei Territori (Bes at local level), DF_BES_TERRIT_0T, dominio BES_07"
Mortalità stradale in ambito extraurbano,07SIC008P,provincia,Lodi,2020,4.5,%,Istat,"BES dei Territori (Bes at local level), DF_BES_TERRIT_0T, dominio BES_07"
Mortalità stradale in ambito extraurbano,07SIC008P,provincia,Lodi,2021,1.9,%,Istat,"BES dei Territori (Bes at local level), DF_BES_TERRIT_0T, dominio BES_07"
Mortalità stradale in ambito extraurbano,07SIC008P,provincia,Lodi,2022,4.8,%,Istat,"BES dei Territori (Bes at local level), DF_BES_TERRIT_0T, dominio BES_07"
Mortalità stradale in ambito extraurbano,07SIC008P,provincia,Lodi,2023,3.3,%,Istat,"BES dei Territori (Bes at local level), DF_BES_TERRIT_0T, dominio BES_07"
Mortalità stradale in ambito extraurbano,07SIC008P,provincia,Lucca,2015,4.1,%,Istat,"BES dei Territori (Bes at local level), DF_BES_TERRIT_0T, dominio BES_07"
Mortalità stradale in ambito extraurbano,07SIC008P,provincia,Lucca,2016,3.8,%,Istat,"BES dei Territori (Bes at local level), DF_BES_TERRIT_0T, dominio BES_07"
Mortalità stradale in ambito extraurbano,07SIC008P,provincia,Lucca,2017,2.9,%,Istat,"BES dei Territori (Bes at local level), DF_BES_TERRIT_0T, dominio BES_07"
Mortalità stradale in ambito extraurbano,07SIC008P,provincia,Lucca,2018,1.4,%,Istat,"BES dei Territori (Bes at local level), DF_BES_TERRIT_0T, dominio BES_07"
Mortalità stradale in ambito extraurbano,07SIC008P,provincia,Lucca,2019,2.0,%,Istat,"BES dei Territori (Bes at local level), DF_BES_TERRIT_0T, dominio BES_07"
Mortalità stradale in ambito extraurbano,07SIC008P,provincia,Lucca,2020,0.6,%,Istat,"BES dei Territori (Bes at local level), DF_BES_TERRIT_0T, dominio BES_07"
Mortalità stradale in ambito extraurbano,07SIC008P,provincia,Lucca,2021,1.5,%,Istat,"BES dei Territori (Bes at local level), DF_BES_TERRIT_0T, dominio BES_07"
Mortalità stradale in ambito extraurbano,07SIC008P,provincia,Lucca,2022,4.8,%,Istat,"BES dei Territori (Bes at local level), DF_BES_TERRIT_0T, dominio BES_07"
Mortalità stradale in ambito extraurbano,07SIC008P,provincia,Lucca,2023,3.5,%,Istat,"BES dei Territori (Bes at local level), DF_BES_TERRIT_0T, dominio BES_07"
Mortalità stradale in ambito extraurbano,07SIC008P,provincia,Macerata,2015,4.5,%,Istat,"BES dei Territori (Bes at local level), DF_BES_TERRIT_0T, dominio BES_07"
Mortalità stradale in ambito extraurbano,07SIC008P,provincia,Macerata,2016,3.4,%,Istat,"BES dei Territori (Bes at local level), DF_BES_TERRIT_0T, dominio BES_07"
Mortalità stradale in ambito extraurbano,07SIC008P,provincia,Macerata,2017,4.3,%,Istat,"BES dei Territori (Bes at local level), DF_BES_TERRIT_0T, dominio BES_07"
Mortalità stradale in ambito extraurbano,07SIC008P,provincia,Macerata,2018,3.0,%,Istat,"BES dei Territori (Bes at local level), DF_BES_TERRIT_0T, dominio BES_07"
Mortalità stradale in ambito extraurbano,07SIC008P,provincia,Macerata,2019,3.2,%,Istat,"BES dei Territori (Bes at local level), DF_BES_TERRIT_0T, dominio BES_07"
Mortalità stradale in ambito extraurbano,07SIC008P,provincia,Macerata,2020,3.5,%,Istat,"BES dei Territori (Bes at local level), DF_BES_TERRIT_0T, dominio BES_07"
Mortalità stradale in ambito extraurbano,07SIC008P,provincia,Macerata,2021,5.3,%,Istat,"BES dei Territori (Bes at local level), DF_BES_TERRIT_0T, dominio BES_07"
Mortalità stradale in ambito extraurbano,07SIC008P,provincia,Macerata,2022,2.5,%,Istat,"BES dei Territori (Bes at local level), DF_BES_TERRIT_0T, dominio BES_07"
Mortalità stradale in ambito extraurbano,07SIC008P,provincia,Macerata,2023,2.7,%,Istat,"BES dei Territori (Bes at local level), DF_BES_TERRIT_0T, dominio BES_07"
Mortalità stradale in ambito extraurbano,07SIC008P,provincia,Mantova,2015,4.5,%,Istat,"BES dei Territori (Bes at local level), DF_BES_TERRIT_0T, dominio BES_07"
Mortalità stradale in ambito extraurbano,07SIC008P,provincia,Mantova,2016,7.8,%,Istat,"BES dei Territori (Bes at local level), DF_BES_TERRIT_0T, dominio BES_07"
Mortalità stradale in ambito extraurbano,07SIC008P,provincia,Mantova,2017,3.3,%,Istat,"BES dei Territori (Bes at local level), DF_BES_TERRIT_0T, dominio BES_07"
Mortalità stradale in ambito extraurbano,07SIC008P,provincia,Mantova,2018,4.3,%,Istat,"BES dei Territori (Bes at local level), DF_BES_TERRIT_0T, dominio BES_07"
Mortalità stradale in ambito extraurbano,07SIC008P,provincia,Mantova,2019,5.4,%,Istat,"BES dei Territori (Bes at local level), DF_BES_TERRIT_0T, dominio BES_07"
Mortalità stradale in ambito extraurbano,07SIC008P,provincia,Mantova,2020,4.2,%,Istat,"BES dei Territori (Bes at local level), DF_BES_TERRIT_0T, dominio BES_07"
Mortalità stradale in ambito extraurbano,07SIC008P,provincia,Mantova,2021,3.7,%,Istat,"BES dei Territori (Bes at local level), DF_BES_TERRIT_0T, dominio BES_07"
Mortalità stradale in ambito extraurbano,07SIC008P,provincia,Mantova,2022,4.7,%,Istat,"BES dei Territori (Bes at local level), DF_BES_TERRIT_0T, dominio BES_07"
Mortalità stradale in ambito extraurbano,07SIC008P,provincia,Mantova,2023,2.7,%,Istat,"BES dei Territori (Bes at local level), DF_BES_TERRIT_0T, dominio BES_07"
Mortalità stradale in ambito extraurbano,07SIC008P,provincia,Massa-Carrara,2015,3.3,%,Istat,"BES dei Territori (Bes at local level), DF_BES_TERRIT_0T, dominio BES_07"
Mortalità stradale in ambito extraurbano,07SIC008P,provincia,Massa-Carrara,2016,1.2,%,Istat,"BES dei Territori (Bes at local level), DF_BES_TERRIT_0T, dominio BES_07"
Mortalità stradale in ambito extraurbano,07SIC008P,provincia,Massa-Carrara,2017,4.7,%,Istat,"BES dei Territori (Bes at local level), DF_BES_TERRIT_0T, dominio BES_07"
Mortalità stradale in ambito extraurbano,07SIC008P,provincia,Massa-Carrara,2018,3.0,%,Istat,"BES dei Territori (Bes at local level), DF_BES_TERRIT_0T, dominio BES_07"
Mortalità stradale in ambito extraurbano,07SIC008P,provincia,Massa-Carrara,2019,4.6,%,Istat,"BES dei Territori (Bes at local level), DF_BES_TERRIT_0T, dominio BES_07"
Mortalità stradale in ambito extraurbano,07SIC008P,provincia,Massa-Carrara,2020,4.3,%,Istat,"BES dei Territori (Bes at local level), DF_BES_TERRIT_0T, dominio BES_07"
Mortalità stradale in ambito extraurbano,07SIC008P,provincia,Massa-Carrara,2021,0.0,%,Istat,"BES dei Territori (Bes at local level), DF_BES_TERRIT_0T, dominio BES_07"
Mortalità stradale in ambito extraurbano,07SIC008P,provincia,Massa-Carrara,2022,2.8,%,Istat,"BES dei Territori (Bes at local level), DF_BES_TERRIT_0T, dominio BES_07"
Mortalità stradale in ambito extraurbano,07SIC008P,provincia,Massa-Carrara,2023,2.1,%,Istat,"BES dei Territori (Bes at local level), DF_BES_TERRIT_0T, dominio BES_07"
Mortalità stradale in ambito extraurbano,07SIC008P,provincia,Matera,2015,6.7,%,Istat,"BES dei Territori (Bes at local level), DF_BES_TERRIT_0T, dominio BES_07"
Mortalità stradale in ambito extraurbano,07SIC008P,provincia,Matera,2016,9.2,%,Istat,"BES dei Territori (Bes at local level), DF_BES_TERRIT_0T, dominio BES_07"
Mortalità stradale in ambito extraurbano,07SIC008P,provincia,Matera,2017,7.0,%,Istat,"BES dei Territori (Bes at local level), DF_BES_TERRIT_0T, dominio BES_07"
Mortalità stradale in ambito extraurbano,07SIC008P,provincia,Matera,2018,12.0,%,Istat,"BES dei Territori (Bes at local level), DF_BES_TERRIT_0T, dominio BES_07"
Mortalità stradale in ambito extraurbano,07SIC008P,provincia,Matera,2019,7.6,%,Istat,"BES dei Territori (Bes at local level), DF_BES_TERRIT_0T, dominio BES_07"
Mortalità stradale in ambito extraurbano,07SIC008P,provincia,Matera,2020,4.3,%,Istat,"BES dei Territori (Bes at local level), DF_BES_TERRIT_0T, dominio BES_07"
Mortalità stradale in ambito extraurbano,07SIC008P,provincia,Matera,2021,7.3,%,Istat,"BES dei Territori (Bes at local level), DF_BES_TERRIT_0T, dominio BES_07"
Mortalità stradale in ambito extraurbano,07SIC008P,provincia,Matera,2022,11.5,%,Istat,"BES dei Territori (Bes at local level), DF_BES_TERRIT_0T, dominio BES_07"
Mortalità stradale in ambito extraurbano,07SIC008P,provincia,Matera,2023,3.5,%,Istat,"BES dei Territori (Bes at local level), DF_BES_TERRIT_0T, dominio BES_07"
Mortalità stradale in ambito extraurbano,07SIC008P,provincia,Messina,2015,8.1,%,Istat,"BES dei Territori (Bes at local level), DF_BES_TERRIT_0T, dominio BES_07"
Mortalità stradale in ambito extraurbano,07SIC008P,provincia,Messina,2016,2.9,%,Istat,"BES dei Territori (Bes at local level), DF_BES_TERRIT_0T, dominio BES_07"
Mortalità stradale in ambito extraurbano,07SIC008P,provincia,Messina,2017,3.1,%,Istat,"BES dei Territori (Bes at local level), DF_BES_TERRIT_0T, dominio BES_07"
Mortalità stradale in ambito extraurbano,07SIC008P,provincia,Messina,2018,8.3,%,Istat,"BES dei Territori (Bes at local level), DF_BES_TERRIT_0T, dominio BES_07"
Mortalità stradale in ambito extraurbano,07SIC008P,provincia,Messina,2019,1.9,%,Istat,"BES dei Territori (Bes at local level), DF_BES_TERRIT_0T, dominio BES_07"
Mortalità stradale in ambito extraurbano,07SIC008P,provincia,Messina,2020,1.7,%,Istat,"BES dei Territori (Bes at local level), DF_BES_TERRIT_0T, dominio BES_07"
Mortalità stradale in ambito extraurbano,07SIC008P,provincia,Messina,2021,4.1,%,Istat,"BES dei Territori (Bes at local level), DF_BES_TERRIT_0T, dominio BES_07"
Mortalità stradale in ambito extraurbano,07SIC008P,provincia,Messina,2022,4.2,%,Istat,"BES dei Territori (Bes at local level), DF_BES_TERRIT_0T, dominio BES_07"
Mortalità stradale in ambito extraurbano,07SIC008P,provincia,Messina,2023,4.9,%,Istat,"BES dei Territori (Bes at local level), DF_BES_TERRIT_0T, dominio BES_07"
Mortalità stradale in ambito extraurbano,07SIC008P,provincia,Milano,2015,2.4,%,Istat,"BES dei Territori (Bes at local level), DF_BES_TERRIT_0T, dominio BES_07"
Mortalità stradale in ambito extraurbano,07SIC008P,provincia,Milano,2016,2.8,%,Istat,"BES dei Territori (Bes at local level), DF_BES_TERRIT_0T, dominio BES_07"
Mortalità stradale in ambito extraurbano,07SIC008P,provincia,Milano,2017,2.3,%,Istat,"BES dei Territori (Bes at local level), DF_BES_TERRIT_0T, dominio BES_07"
Mortalità stradale in ambito extraurbano,07SIC008P,provincia,Milano,2018,2.4,%,Istat,"BES dei Territori (Bes at local level), DF_BES_TERRIT_0T, dominio BES_07"
Mortalità stradale in ambito extraurbano,07SIC008P,provincia,Milano,2019,3.1,%,Istat,"BES dei Territori (Bes at local level), DF_BES_TERRIT_0T, dominio BES_07"
Mortalità stradale in ambito extraurbano,07SIC008P,provincia,Milano,2020,2.9,%,Istat,"BES dei Territori (Bes at local level), DF_BES_TERRIT_0T, dominio BES_07"
Mortalità stradale in ambito extraurbano,07SIC008P,provincia,Milano,2021,2.6,%,Istat,"BES dei Territori (Bes at local level), DF_BES_TERRIT_0T, dominio BES_07"
Mortalità stradale in ambito extraurbano,07SIC008P,provincia,Milano,2022,2.8,%,Istat,"BES dei Territori (Bes at local level), DF_BES_TERRIT_0T, dominio BES_07"
Mortalità stradale in ambito extraurbano,07SIC008P,provincia,Milano,2023,2.6,%,Istat,"BES dei Territori (Bes at local level), DF_BES_TERRIT_0T, dominio BES_07"
Mortalità stradale in ambito extraurbano,07SIC008P,provincia,Modena,2015,2.4,%,Istat,"BES dei Territori (Bes at local level), DF_BES_TERRIT_0T, dominio BES_07"
Mortalità stradale in ambito extraurbano,07SIC008P,provincia,Modena,2016,2.9,%,Istat,"BES dei Territori (Bes at local level), DF_BES_TERRIT_0T, dominio BES_07"
Mortalità stradale in ambito extraurbano,07SIC008P,provincia,Modena,2017,3.4,%,Istat,"BES dei Territori (Bes at local level), DF_BES_TERRIT_0T, dominio BES_07"
Mortalità stradale in ambito extraurbano,07SIC008P,provincia,Modena,2018,2.5,%,Istat,"BES dei Territori (Bes at local level), DF_BES_TERRIT_0T, dominio BES_07"
Mortalità stradale in ambito extraurbano,07SIC008P,provincia,Modena,2019,4.3,%,Istat,"BES dei Territori (Bes at local level), DF_BES_TERRIT_0T, dominio BES_07"
Mortalità stradale in ambito extraurbano,07SIC008P,provincia,Modena,2020,2.8,%,Istat,"BES dei Territori (Bes at local level), DF_BES_TERRIT_0T, dominio BES_07"
Mortalità stradale in ambito extraurbano,07SIC008P,provincia,Modena,2021,2.9,%,Istat,"BES dei Territori (Bes at local level), DF_BES_TERRIT_0T, dominio BES_07"
Mortalità stradale in ambito extraurbano,07SIC008P,provincia,Modena,2022,2.9,%,Istat,"BES dei Territori (Bes at local level), DF_BES_TERRIT_0T, dominio BES_07"
Mortalità stradale in ambito extraurbano,07SIC008P,provincia,Modena,2023,3.4,%,Istat,"BES dei Territori (Bes at local level), DF_BES_TERRIT_0T, dominio BES_07"
Mortalità stradale in ambito extraurbano,07SIC008P,provincia,Napoli,2015,5.3,%,Istat,"BES dei Territori (Bes at local level), DF_BES_TERRIT_0T, dominio BES_07"
Mortalità stradale in ambito extraurbano,07SIC008P,provincia,Napoli,2016,2.4,%,Istat,"BES dei Territori (Bes at local level), DF_BES_TERRIT_0T, dominio BES_07"
Mortalità stradale in ambito extraurbano,07SIC008P,provincia,Napoli,2017,6.9,%,Istat,"BES dei Territori (Bes at local level), DF_BES_TERRIT_0T, dominio BES_07"
Mortalità stradale in ambito extraurbano,07SIC008P,provincia,Napoli,2018,3.7,%,Istat,"BES dei Territori (Bes at local level), DF_BES_TERRIT_0T, dominio BES_07"
Mortalità stradale in ambito extraurbano,07SIC008P,provincia,Napoli,2019,4.9,%,Istat,"BES dei Territori (Bes at local level), DF_BES_TERRIT_0T, dominio BES_07"
Mortalità stradale in ambito extraurbano,07SIC008P,provincia,Napoli,2020,4.7,%,Istat,"BES dei Territori (Bes at local level), DF_BES_TERRIT_0T, dominio BES_07"
Mortalità stradale in ambito extraurbano,07SIC008P,provincia,Napoli,2021,4.9,%,Istat,"BES dei Territori (Bes at local level), DF_BES_TERRIT_0T, dominio BES_07"
Mortalità stradale in ambito extraurbano,07SIC008P,provincia,Napoli,2022,6.0,%,Istat,"BES dei Territori (Bes at local level), DF_BES_TERRIT_0T, dominio BES_07"
Mortalità stradale in ambito extraurbano,07SIC008P,provincia,Napoli,2023,3.8,%,Istat,"BES dei Territori (Bes at local level), DF_BES_TERRIT_0T, dominio BES_07"
Mortalità stradale in ambito extraurbano,07SIC008P,provincia,Novara,2015,2.5,%,Istat,"BES dei Territori (Bes at local level), DF_BES_TERRIT_0T, dominio BES_07"
Mortalità stradale in ambito extraurbano,07SIC008P,provincia,Novara,2016,3.6,%,Istat,"BES dei Territori (Bes at local level), DF_BES_TERRIT_0T, dominio BES_07"
Mortalità stradale in ambito extraurbano,07SIC008P,provincia,Novara,2017,4.1,%,Istat,"BES dei Territori (Bes at local level), DF_BES_TERRIT_0T, dominio BES_07"
Mortalità stradale in ambito extraurbano,07SIC008P,provincia,Novara,2018,4.0,%,Istat,"BES dei Territori (Bes at local level), DF_BES_TERRIT_0T, dominio BES_07"
Mortalità stradale in ambito extraurbano,07SIC008P,provincia,Novara,2019,3.9,%,Istat,"BES dei Territori (Bes at local level), DF_BES_TERRIT_0T, dominio BES_07"
Mortalità stradale in ambito extraurbano,07SIC008P,provincia,Novara,2020,2.9,%,Istat,"BES dei Territori (Bes at local level), DF_BES_TERRIT_0T, dominio BES_07"
Mortalità stradale in ambito extraurbano,07SIC008P,provincia,Novara,2021,3.5,%,Istat,"BES dei Territori (Bes at local level), DF_BES_TERRIT_0T, dominio BES_07"
Mortalità stradale in ambito extraurbano,07SIC008P,provincia,Novara,2022,4.7,%,Istat,"BES dei Territori (Bes at local level), DF_BES_TERRIT_0T, dominio BES_07"
Mortalità stradale in ambito extraurbano,07SIC008P,provincia,Novara,2023,3.8,%,Istat,"BES dei Territori (Bes at local level), DF_BES_TERRIT_0T, dominio BES_07"
Mortalità stradale in ambito extraurbano,07SIC008P,provincia,Nuoro,2015,10.6,%,Istat,"BES dei Territori (Bes at local level), DF_BES_TERRIT_0T, dominio BES_07"
Mortalità stradale in ambito extraurbano,07SIC008P,provincia,Nuoro,2016,11.9,%,Istat,"BES dei Territori (Bes at local level), DF_BES_TERRIT_0T, dominio BES_07"
Mortalità stradale in ambito extraurbano,07SIC008P,provincia,Nuoro,2017,6.4,%,Istat,"BES dei Territori (Bes at local level), DF_BES_TERRIT_0T, dominio BES_07"
Mortalità stradale in ambito extraurbano,07SIC008P,provincia,Nuoro,2018,4.0,%,Istat,"BES dei Territori (Bes at local level), DF_BES_TERRIT_0T, dominio BES_07"
Mortalità stradale in ambito extraurbano,07SIC008P,provincia,Nuoro,2019,6.8,%,Istat,"BES dei Territori (Bes at local level), DF_BES_TERRIT_0T, dominio BES_07"
Mortalità stradale in ambito extraurbano,07SIC008P,provincia,Nuoro,2020,9.4,%,Istat,"BES dei Territori (Bes at local level), DF_BES_TERRIT_0T, dominio BES_07"
Mortalità stradale in ambito extraurbano,07SIC008P,provincia,Nuoro,2021,5.5,%,Istat,"BES dei Territori (Bes at local level), DF_BES_TERRIT_0T, dominio BES_07"
Mortalità stradale in ambito extraurbano,07SIC008P,provincia,Nuoro,2022,6.7,%,Istat,"BES dei Territori (Bes at local level), DF_BES_TERRIT_0T, dominio BES_07"
Mortalità stradale in ambito extraurbano,07SIC008P,provincia,Nuoro,2023,5.8,%,Istat,"BES dei Territori (Bes at local level), DF_BES_TERRIT_0T, dominio BES_07"
Mortalità stradale in ambito extraurbano,07SIC008P,provincia,Oristano,2015,6.0,%,Istat,"BES dei Territori (Bes at local level), DF_BES_TERRIT_0T, dominio BES_07"
Mortalità stradale in ambito extraurbano,07SIC008P,provincia,Oristano,2016,5.3,%,Istat,"BES dei Territori (Bes at local level), DF_BES_TERRIT_0T, dominio BES_07"
Mortalità stradale in ambito extraurbano,07SIC008P,provincia,Oristano,2017,3.5,%,Istat,"BES dei Territori (Bes at local level), DF_BES_TERRIT_0T, dominio BES_07"
Mortalità stradale in ambito extraurbano,07SIC008P,provincia,Oristano,2018,7.4,%,Istat,"BES dei Territori (Bes at local level), DF_BES_TERRIT_0T, dominio BES_07"
Mortalità stradale in ambito extraurbano,07SIC008P,provincia,Oristano,2019,2.9,%,Istat,"BES dei Territori (Bes at local level), DF_BES_TERRIT_0T, dominio BES_07"
Mortalità stradale in ambito extraurbano,07SIC008P,provincia,Oristano,2020,8.8,%,Istat,"BES dei Territori (Bes at local level), DF_BES_TERRIT_0T, dominio BES_07"
Mortalità stradale in ambito extraurbano,07SIC008P,provincia,Oristano,2021,7.0,%,Istat,"BES dei Territori (Bes at local level), DF_BES_TERRIT_0T, dominio BES_07"
Mortalità stradale in ambito extraurbano,07SIC008P,provincia,Oristano,2022,8.1,%,Istat,"BES dei Territori (Bes at local level), DF_BES_TERRIT_0T, dominio BES_07"
Mortalità stradale in ambito extraurbano,07SIC008P,provincia,Oristano,2023,3.0,%,Istat,"BES dei Territori (Bes at local level), DF_BES_TERRIT_0T, dominio BES_07"
Mortalità stradale in ambito extraurbano,07SIC008P,provincia,Padova,2015,4.9,%,Istat,"BES dei Territori (Bes at local level), DF_BES_TERRIT_0T, dominio BES_07"
Mortalità stradale in ambito extraurbano,07SIC008P,provincia,Padova,2016,4.0,%,Istat,"BES dei Territori (Bes at local level), DF_BES_TERRIT_0T, dominio BES_07"
Mortalità stradale in ambito extraurbano,07SIC008P,provincia,Padova,2017,3.5,%,Istat,"BES dei Territori (Bes at local level), DF_BES_TERRIT_0T, dominio BES_07"
Mortalità stradale in ambito extraurbano,07SIC008P,provincia,Padova,2018,3.2,%,Istat,"BES dei Territori (Bes at local level), DF_BES_TERRIT_0T, dominio BES_07"
Mortalità stradale in ambito extraurbano,07SIC008P,provincia,Padova,2019,5.1,%,Istat,"BES dei Territori (Bes at local level), DF_BES_TERRIT_0T, dominio BES_07"
Mortalità stradale in ambito extraurbano,07SIC008P,provincia,Padova,2020,3.9,%,Istat,"BES dei Territori (Bes at local level), DF_BES_TERRIT_0T, dominio BES_07"
Mortalità stradale in ambito extraurbano,07SIC008P,provincia,Padova,2021,2.9,%,Istat,"BES dei Territori (Bes at local level), DF_BES_TERRIT_0T, dominio BES_07"
Mortalità stradale in ambito extraurbano,07SIC008P,provincia,Padova,2022,5.0,%,Istat,"BES dei Territori (Bes at local level), DF_BES_TERRIT_0T, dominio BES_07"
Mortalità stradale in ambito extraurbano,07SIC008P,provincia,Padova,2023,2.7,%,Istat,"BES dei Territori (Bes at local level), DF_BES_TERRIT_0T, dominio BES_07"
Mortalità stradale in ambito extraurbano,07SIC008P,provincia,Palermo,2015,7.8,%,Istat,"BES dei Territori (Bes at local level), DF_BES_TERRIT_0T, dominio BES_07"
Mortalità stradale in ambito extraurbano,07SIC008P,provincia,Palermo,2016,7.2,%,Istat,"BES dei Territori (Bes at local level), DF_BES_TERRIT_0T, dominio BES_07"
Mortalità stradale in ambito extraurbano,07SIC008P,provincia,Palermo,2017,3.2,%,Istat,"BES dei Territori (Bes at local level), DF_BES_TERRIT_0T, dominio BES_07"
Mortalità stradale in ambito extraurbano,07SIC008P,provincia,Palermo,2018,4.6,%,Istat,"BES dei Territori (Bes at local level), DF_BES_TERRIT_0T, dominio BES_07"
Mortalità stradale in ambito extraurbano,07SIC008P,provincia,Palermo,2019,3.0,%,Istat,"BES dei Territori (Bes at local level), DF_BES_TERRIT_0T, dominio BES_07"
Mortalità stradale in ambito extraurbano,07SIC008P,provincia,Palermo,2020,5.0,%,Istat,"BES dei Territori (Bes at local level), DF_BES_TERRIT_0T, dominio BES_07"
Mortalità stradale in ambito extraurbano,07SIC008P,provincia,Palermo,2021,3.8,%,Istat,"BES dei Territori (Bes at local level), DF_BES_TERRIT_0T, dominio BES_07"
Mortalità stradale in ambito extraurbano,07SIC008P,provincia,Palermo,2022,5.2,%,Istat,"BES dei Territori (Bes at local level), DF_BES_TERRIT_0T, dominio BES_07"
Mortalità stradale in ambito extraurbano,07SIC008P,provincia,Palermo,2023,5.0,%,Istat,"BES dei Territori (Bes at local level), DF_BES_TERRIT_0T, dominio BES_07"
Mortalità stradale in ambito extraurbano,07SIC008P,provincia,Parma,2015,4.6,%,Istat,"BES dei Territori (Bes at local level), DF_BES_TERRIT_0T, dominio BES_07"
Mortalità stradale in ambito extraurbano,07SIC008P,provincia,Parma,2016,3.1,%,Istat,"BES dei Territori (Bes at local level), DF_BES_TERRIT_0T, dominio BES_07"
Mortalità stradale in ambito extraurbano,07SIC008P,provincia,Parma,2017,6.0,%,Istat,"BES dei Territori (Bes at local level), DF_BES_TERRIT_0T, dominio BES_07"
Mortalità stradale in ambito extraurbano,07SIC008P,provincia,Parma,2018,4.2,%,Istat,"BES dei Territori (Bes at local level), DF_BES_TERRIT_0T, dominio BES_07"
Mortalità stradale in ambito extraurbano,07SIC008P,provincia,Parma,2019,3.5,%,Istat,"BES dei Territori (Bes at local level), DF_BES_TERRIT_0T, dominio BES_07"
Mortalità stradale in ambito extraurbano,07SIC008P,provincia,Parma,2020,2.1,%,Istat,"BES dei Territori (Bes at local level), DF_BES_TERRIT_0T, dominio BES_07"
Mortalità stradale in ambito extraurbano,07SIC008P,provincia,Parma,2021,2.8,%,Istat,"BES dei Territori (Bes at local level), DF_BES_TERRIT_0T, dominio BES_07"
Mortalità stradale in ambito extraurbano,07SIC008P,provincia,Parma,2022,5.2,%,Istat,"BES dei Territori (Bes at local level), DF_BES_TERRIT_0T, dominio BES_07"
Mortalità stradale in ambito extraurbano,07SIC008P,provincia,Parma,2023,3.1,%,Istat,"BES dei Territori (Bes at local level), DF_BES_TERRIT_0T, dominio BES_07"
Mortalità stradale in ambito extraurbano,07SIC008P,provincia,Pavia,2015,5.9,%,Istat,"BES dei Territori (Bes at local level), DF_BES_TERRIT_0T, dominio BES_07"
Mortalità stradale in ambito extraurbano,07SIC008P,provincia,Pavia,2016,4.0,%,Istat,"BES dei Territori (Bes at local level), DF_BES_TERRIT_0T, dominio BES_07"
Mortalità stradale in ambito extraurbano,07SIC008P,provincia,Pavia,2017,4.2,%,Istat,"BES dei Territori (Bes at local level), DF_BES_TERRIT_0T, dominio BES_07"
Mortalità stradale in ambito extraurbano,07SIC008P,provincia,Pavia,2018,3.6,%,Istat,"BES dei Territori (Bes at local level), DF_BES_TERRIT_0T, dominio BES_07"
Mortalità stradale in ambito extraurbano,07SIC008P,provincia,Pavia,2019,4.4,%,Istat,"BES dei Territori (Bes at local level), DF_BES_TERRIT_0T, dominio BES_07"
Mortalità stradale in ambito extraurbano,07SIC008P,provincia,Pavia,2020,5.7,%,Istat,"BES dei Territori (Bes at local level), DF_BES_TERRIT_0T, dominio BES_07"
Mortalità stradale in ambito extraurbano,07SIC008P,provincia,Pavia,2021,5.3,%,Istat,"BES dei Territori (Bes at local level), DF_BES_TERRIT_0T, dominio BES_07"
Mortalità stradale in ambito extraurbano,07SIC008P,provincia,Pavia,2022,4.5,%,Istat,"BES dei Territori (Bes at local level), DF_BES_TERRIT_0T, dominio BES_07"
Mortalità stradale in ambito extraurbano,07SIC008P,provincia,Pavia,2023,4.9,%,Istat,"BES dei Territori (Bes at local level), DF_BES_TERRIT_0T, dominio BES_07"
Mortalità stradale in ambito extraurbano,07SIC008P,provincia,Perugia,2015,5.5,%,Istat,"BES dei Territori (Bes at local level), DF_BES_TERRIT_0T, dominio BES_07"
Mortalità stradale in ambito extraurbano,07SIC008P,provincia,Perugia,2016,2.8,%,Istat,"BES dei Territori (Bes at local level), DF_BES_TERRIT_0T, dominio BES_07"
Mortalità stradale in ambito extraurbano,07SIC008P,provincia,Perugia,2017,4.5,%,Istat,"BES dei Territori (Bes at local level), DF_BES_TERRIT_0T, dominio BES_07"
Mortalità stradale in ambito extraurbano,07SIC008P,provincia,Perugia,2018,4.2,%,Istat,"BES dei Territori (Bes at local level), DF_BES_TERRIT_0T, dominio BES_07"
Mortalità stradale in ambito extraurbano,07SIC008P,provincia,Perugia,2019,3.5,%,Istat,"BES dei Territori (Bes at local level), DF_BES_TERRIT_0T, dominio BES_07"
Mortalità stradale in ambito extraurbano,07SIC008P,provincia,Perugia,2020,2.6,%,Istat,"BES dei Territori (Bes at local level), DF_BES_TERRIT_0T, dominio BES_07"
Mortalità stradale in ambito extraurbano,07SIC008P,provincia,Perugia,2021,3.9,%,Istat,"BES dei Territori (Bes at local level), DF_BES_TERRIT_0T, dominio BES_07"
Mortalità stradale in ambito extraurbano,07SIC008P,provincia,Perugia,2022,4.6,%,Istat,"BES dei Territori (Bes at local level), DF_BES_TERRIT_0T, dominio BES_07"
Mortalità stradale in ambito extraurbano,07SIC008P,provincia,Perugia,2023,2.8,%,Istat,"BES dei Territori (Bes at local level), DF_BES_TERRIT_0T, dominio BES_07"
Mortalità stradale in ambito extraurbano,07SIC008P,provincia,Pesaro e Urbino,2015,3.6,%,Istat,"BES dei Territori (Bes at local level), DF_BES_TERRIT_0T, dominio BES_07"
Mortalità stradale in ambito extraurbano,07SIC008P,provincia,Pesaro e Urbino,2016,3.5,%,Istat,"BES dei Territori (Bes at local level), DF_BES_TERRIT_0T, dominio BES_07"
Mortalità stradale in ambito extraurbano,07SIC008P,provincia,Pesaro e Urbino,2017,4.5,%,Istat,"BES dei Territori (Bes at local level), DF_BES_TERRIT_0T, dominio BES_07"
Mortalità stradale in ambito extraurbano,07SIC008P,provincia,Pesaro e Urbino,2018,3.5,%,Istat,"BES dei Territori (Bes at local level), DF_BES_TERRIT_0T, dominio BES_07"
Mortalità stradale in ambito extraurbano,07SIC008P,provincia,Pesaro e Urbino,2019,2.9,%,Istat,"BES dei Territori (Bes at local level), DF_BES_TERRIT_0T, dominio BES_07"
Mortalità stradale in ambito extraurbano,07SIC008P,provincia,Pesaro e Urbino,2020,1.6,%,Istat,"BES dei Territori (Bes at local level), DF_BES_TERRIT_0T, dominio BES_07"
Mortalità stradale in ambito extraurbano,07SIC008P,provincia,Pesaro e Urbino,2021,2.7,%,Istat,"BES dei Territori (Bes at local level), DF_BES_TERRIT_0T, dominio BES_07"
Mortalità stradale in ambito extraurbano,07SIC008P,provincia,Pesaro e Urbino,2022,3.5,%,Istat,"BES dei Territori (Bes at local level), DF_BES_TERRIT_0T, dominio BES_07"
Mortalità stradale in ambito extraurbano,07SIC008P,provincia,Pesaro e Urbino,2023,5.1,%,Istat,"BES dei Territori (Bes at local level), DF_BES_TERRIT_0T, dominio BES_07"
Mortalità stradale in ambito extraurbano,07SIC008P,provincia,Pescara,2015,4.4,%,Istat,"BES dei Territori (Bes at local level), DF_BES_TERRIT_0T, dominio BES_07"
Mortalità stradale in ambito extraurbano,07SIC008P,provincia,Pescara,2016,6.2,%,Istat,"BES dei Territori (Bes at local level), DF_BES_TERRIT_0T, dominio BES_07"
Mortalità stradale in ambito extraurbano,07SIC008P,provincia,Pescara,2017,2.7,%,Istat,"BES dei Territori (Bes at local level), DF_BES_TERRIT_0T, dominio BES_07"
Mortalità stradale in ambito extraurbano,07SIC008P,provincia,Pescara,2018,1.3,%,Istat,"BES dei Territori (Bes at local level), DF_BES_TERRIT_0T, dominio BES_07"
Mortalità stradale in ambito extraurbano,07SIC008P,provincia,Pescara,2019,3.8,%,Istat,"BES dei Territori (Bes at local level), DF_BES_TERRIT_0T, dominio BES_07"
Mortalità stradale in ambito extraurbano,07SIC008P,provincia,Pescara,2020,8.4,%,Istat,"BES dei Territori (Bes at local level), DF_BES_TERRIT_0T, dominio BES_07"
Mortalità stradale in ambito extraurbano,07SIC008P,provincia,Pescara,2021,2.3,%,Istat,"BES dei Territori (Bes at local level), DF_BES_TERRIT_0T, dominio BES_07"
Mortalità stradale in ambito extraurbano,07SIC008P,provincia,Pescara,2022,1.7,%,Istat,"BES dei Territori (Bes at local level), DF_BES_TERRIT_0T, dominio BES_07"
Mortalità stradale in ambito extraurbano,07SIC008P,provincia,Pescara,2023,4.4,%,Istat,"BES dei Territori (Bes at local level), DF_BES_TERRIT_0T, dominio BES_07"
Mortalità stradale in ambito extraurbano,07SIC008P,provincia,Piacenza,2015,7.3,%,Istat,"BES dei Territori (Bes at local level), DF_BES_TERRIT_0T, dominio BES_07"
Mortalità stradale in ambito extraurbano,07SIC008P,provincia,Piacenza,2016,4.1,%,Istat,"BES dei Territori (Bes at local level), DF_BES_TERRIT_0T, dominio BES_07"
Mortalità stradale in ambito extraurbano,07SIC008P,provincia,Piacenza,2017,5.6,%,Istat,"BES dei Territori (Bes at local level), DF_BES_TERRIT_0T, dominio BES_07"
Mortalità stradale in ambito extraurbano,07SIC008P,provincia,Piacenza,2018,2.0,%,Istat,"BES dei Territori (Bes at local level), DF_BES_TERRIT_0T, dominio BES_07"
Mortalità stradale in ambito extraurbano,07SIC008P,provincia,Piacenza,2019,6.1,%,Istat,"BES dei Territori (Bes at local level), DF_BES_TERRIT_0T, dominio BES_07"
Mortalità stradale in ambito extraurbano,07SIC008P,provincia,Piacenza,2020,6.4,%,Istat,"BES dei Territori (Bes at local level), DF_BES_TERRIT_0T, dominio BES_07"
Mortalità stradale in ambito extraurbano,07SIC008P,provincia,Piacenza,2021,2.9,%,Istat,"BES dei Territori (Bes at local level), DF_BES_TERRIT_0T, dominio BES_07"
Mortalità stradale in ambito extraurbano,07SIC008P,provincia,Piacenza,2022,5.1,%,Istat,"BES dei Territori (Bes at local level), DF_BES_TERRIT_0T, dominio BES_07"
Mortalità stradale in ambito extraurbano,07SIC008P,provincia,Piacenza,2023,3.5,%,Istat,"BES dei Territori (Bes at local level), DF_BES_TERRIT_0T, dominio BES_07"
Mortalità stradale in ambito extraurbano,07SIC008P,provincia,Pisa,2015,3.9,%,Istat,"BES dei Territori (Bes at local level), DF_BES_TERRIT_0T, dominio BES_07"
Mortalità stradale in ambito extraurbano,07SIC008P,provincia,Pisa,2016,3.7,%,Istat,"BES dei Territori (Bes at local level), DF_BES_TERRIT_0T, dominio BES_07"
Mortalità stradale in ambito extraurbano,07SIC008P,provincia,Pisa,2017,4.2,%,Istat,"BES dei Territori (Bes at local level), DF_BES_TERRIT_0T, dominio BES_07"
Mortalità stradale in ambito extraurbano,07SIC008P,provincia,Pisa,2018,4.4,%,Istat,"BES dei Territori (Bes at local level), DF_BES_TERRIT_0T, dominio BES_07"
Mortalità stradale in ambito extraurbano,07SIC008P,provincia,Pisa,2019,2.7,%,Istat,"BES dei Territori (Bes at local level), DF_BES_TERRIT_0T, dominio BES_07"
Mortalità stradale in ambito extraurbano,07SIC008P,provincia,Pisa,2020,1.6,%,Istat,"BES dei Territori (Bes at local level), DF_BES_TERRIT_0T, dominio BES_07"
Mortalità stradale in ambito extraurbano,07SIC008P,provincia,Pisa,2021,3.9,%,Istat,"BES dei Territori (Bes at local level), DF_BES_TERRIT_0T, dominio BES_07"
Mortalità stradale in ambito extraurbano,07SIC008P,provincia,Pisa,2022,2.3,%,Istat,"BES dei Territori (Bes at local level), DF_BES_TERRIT_0T, dominio BES_07"
Mortalità stradale in ambito extraurbano,07SIC008P,provincia,Pisa,2023,4.6,%,Istat,"BES dei Territori (Bes at local level), DF_BES_TERRIT_0T, dominio BES_07"
Mortalità stradale in ambito extraurbano,07SIC008P,provincia,Pistoia,2015,2.3,%,Istat,"BES dei Territori (Bes at local level), DF_BES_TERRIT_0T, dominio BES_07"
Mortalità stradale in ambito extraurbano,07SIC008P,provincia,Pistoia,2016,2.4,%,Istat,"BES dei Territori (Bes at local level), DF_BES_TERRIT_0T, dominio BES_07"
Mortalità stradale in ambito extraurbano,07SIC008P,provincia,Pistoia,2017,3.1,%,Istat,"BES dei Territori (Bes at local level), DF_BES_TERRIT_0T, dominio BES_07"
Mortalità stradale in ambito extraurbano,07SIC008P,provincia,Pistoia,2018,1.7,%,Istat,"BES dei Territori (Bes at local level), DF_BES_TERRIT_0T, dominio BES_07"
Mortalità stradale in ambito extraurbano,07SIC008P,provincia,Pistoia,2019,0.6,%,Istat,"BES dei Territori (Bes at local level), DF_BES_TERRIT_0T, dominio BES_07"
Mortalità stradale in ambito extraurbano,07SIC008P,provincia,Pistoia,2020,5.2,%,Istat,"BES dei Territori (Bes at local level), DF_BES_TERRIT_0T, dominio BES_07"
Mortalità stradale in ambito extraurbano,07SIC008P,provincia,Pistoia,2021,2.7,%,Istat,"BES dei Territori (Bes at local level), DF_BES_TERRIT_0T, dominio BES_07"
Mortalità stradale in ambito extraurbano,07SIC008P,provincia,Pistoia,2022,4.7,%,Istat,"BES dei Territori (Bes at local level), DF_BES_TERRIT_0T, dominio BES_07"
Mortalità stradale in ambito extraurbano,07SIC008P,provincia,Pistoia,2023,1.3,%,Istat,"BES dei Territori (Bes at local level), DF_BES_TERRIT_0T, dominio BES_07"
Mortalità stradale in ambito extraurbano,07SIC008P,provincia,Pordenone,2015,6.2,%,Istat,"BES dei Territori (Bes at local level), DF_BES_TERRIT_0T, dominio BES_07"
Mortalità stradale in ambito extraurbano,07SIC008P,provincia,Pordenone,2016,5.4,%,Istat,"BES dei Territori (Bes at local level), DF_BES_TERRIT_0T, dominio BES_07"
Mortalità stradale in ambito extraurbano,07SIC008P,provincia,Pordenone,2017,4.1,%,Istat,"BES dei Territori (Bes at local level), DF_BES_TERRIT_0T, dominio BES_07"
Mortalità stradale in ambito extraurbano,07SIC008P,provincia,Pordenone,2018,5.2,%,Istat,"BES dei Territori (Bes at local level), DF_BES_TERRIT_0T, dominio BES_07"
Mortalità stradale in ambito extraurbano,07SIC008P,provincia,Pordenone,2019,3.2,%,Istat,"BES dei Territori (Bes at local level), DF_BES_TERRIT_0T, dominio BES_07"
Mortalità stradale in ambito extraurbano,07SIC008P,provincia,Pordenone,2020,3.4,%,Istat,"BES dei Territori (Bes at local level), DF_BES_TERRIT_0T, dominio BES_07"
Mortalità stradale in ambito extraurbano,07SIC008P,provincia,Pordenone,2021,4.8,%,Istat,"BES dei Territori (Bes at local level), DF_BES_TERRIT_0T, dominio BES_07"
Mortalità stradale in ambito extraurbano,07SIC008P,provincia,Pordenone,2022,4.6,%,Istat,"BES dei Territori (Bes at local level), DF_BES_TERRIT_0T, dominio BES_07"
Mortalità stradale in ambito extraurbano,07SIC008P,provincia,Pordenone,2023,1.7,%,Istat,"BES dei Territori (Bes at local level), DF_BES_TERRIT_0T, dominio BES_07"
Mortalità stradale in ambito extraurbano,07SIC008P,provincia,Potenza,2015,10.0,%,Istat,"BES dei Territori (Bes at local level), DF_BES_TERRIT_0T, dominio BES_07"
Mortalità stradale in ambito extraurbano,07SIC008P,provincia,Potenza,2016,8.0,%,Istat,"BES dei Territori (Bes at local level), DF_BES_TERRIT_0T, dominio BES_07"
Mortalità stradale in ambito extraurbano,07SIC008P,provincia,Potenza,2017,8.2,%,Istat,"BES dei Territori (Bes at local level), DF_BES_TERRIT_0T, dominio BES_07"
Mortalità stradale in ambito extraurbano,07SIC008P,provincia,Potenza,2018,9.3,%,Istat,"BES dei Territori (Bes at local level), DF_BES_TERRIT_0T, dominio BES_07"
Mortalità stradale in ambito extraurbano,07SIC008P,provincia,Potenza,2019,6.3,%,Istat,"BES dei Territori (Bes at local level), DF_BES_TERRIT_0T, dominio BES_07"
Mortalità stradale in ambito extraurbano,07SIC008P,provincia,Potenza,2020,5.7,%,Istat,"BES dei Territori (Bes at local level), DF_BES_TERRIT_0T, dominio BES_07"
Mortalità stradale in ambito extraurbano,07SIC008P,provincia,Potenza,2021,6.6,%,Istat,"BES dei Territori (Bes at local level), DF_BES_TERRIT_0T, dominio BES_07"
Mortalità stradale in ambito extraurbano,07SIC008P,provincia,Potenza,2022,6.8,%,Istat,"BES dei Territori (Bes at local level), DF_BES_TERRIT_0T, dominio BES_07"
Mortalità stradale in ambito extraurbano,07SIC008P,provincia,Potenza,2023,5.5,%,Istat,"BES dei Territori (Bes at local level), DF_BES_TERRIT_0T, dominio BES_07"
Mortalità stradale in ambito extraurbano,07SIC008P,provincia,Prato,2015,2.6,%,Istat,"BES dei Territori (Bes at local level), DF_BES_TERRIT_0T, dominio BES_07"
Mortalità stradale in ambito extraurbano,07SIC008P,provincia,Prato,2016,2.0,%,Istat,"BES dei Territori (Bes at local level), DF_BES_TERRIT_0T, dominio BES_07"
Mortalità stradale in ambito extraurbano,07SIC008P,provincia,Prato,2017,4.1,%,Istat,"BES dei Territori (Bes at local level), DF_BES_TERRIT_0T, dominio BES_07"
Mortalità stradale in ambito extraurbano,07SIC008P,provincia,Prato,2018,4.9,%,Istat,"BES dei Territori (Bes at local level), DF_BES_TERRIT_0T, dominio BES_07"
Mortalità stradale in ambito extraurbano,07SIC008P,provincia,Prato,2019,4.3,%,Istat,"BES dei Territori (Bes at local level), DF_BES_TERRIT_0T, dominio BES_07"
Mortalità stradale in ambito extraurbano,07SIC008P,provincia,Prato,2020,7.7,%,Istat,"BES dei Territori (Bes at local level), DF_BES_TERRIT_0T, dominio BES_07"
Mortalità stradale in ambito extraurbano,07SIC008P,provincia,Prato,2021,3.2,%,Istat,"BES dei Territori (Bes at local level), DF_BES_TERRIT_0T, dominio BES_07"
Mortalità stradale in ambito extraurbano,07SIC008P,provincia,Prato,2022,2.9,%,Istat,"BES dei Territori (Bes at local level), DF_BES_TERRIT_0T, dominio BES_07"
Mortalità stradale in ambito extraurbano,07SIC008P,provincia,Prato,2023,0.0,%,Istat,"BES dei Territori (Bes at local level), DF_BES_TERRIT_0T, dominio BES_07"
Mortalità stradale in ambito extraurbano,07SIC008P,provincia,Ragusa,2015,8.6,%,Istat,"BES dei Territori (Bes at local level), DF_BES_TERRIT_0T, dominio BES_07"
Mortalità stradale in ambito extraurbano,07SIC008P,provincia,Ragusa,2016,4.9,%,Istat,"BES dei Territori (Bes at local level), DF_BES_TERRIT_0T, dominio BES_07"
Mortalità stradale in ambito extraurbano,07SIC008P,provincia,Ragusa,2017,2.4,%,Istat,"BES dei Territori (Bes at local level), DF_BES_TERRIT_0T, dominio BES_07"
Mortalità stradale in ambito extraurbano,07SIC008P,provincia,Ragusa,2018,6.2,%,Istat,"BES dei Territori (Bes at local level), DF_BES_TERRIT_0T, dominio BES_07"
Mortalità stradale in ambito extraurbano,07SIC008P,provincia,Ragusa,2019,6.3,%,Istat,"BES dei Territori (Bes at local level), DF_BES_TERRIT_0T, dominio BES_07"
Mortalità stradale in ambito extraurbano,07SIC008P,provincia,Ragusa,2020,7.2,%,Istat,"BES dei Territori (Bes at local level), DF_BES_TERRIT_0T, dominio BES_07"
Mortalità stradale in ambito extraurbano,07SIC008P,provincia,Ragusa,2021,9.8,%,Istat,"BES dei Territori (Bes at local level), DF_BES_TERRIT_0T, dominio BES_07"
Mortalità stradale in ambito extraurbano,07SIC008P,provincia,Ragusa,2022,5.4,%,Istat,"BES dei Territori (Bes at local level), DF_BES_TERRIT_0T, dominio BES_07"
Mortalità stradale in ambito extraurbano,07SIC008P,provincia,Ragusa,2023,5.4,%,Istat,"BES dei Territori (Bes at local level), DF_BES_TERRIT_0T, dominio BES_07"
Mortalità stradale in ambito extraurbano,07SIC008P,provincia,Ravenna,2015,3.4,%,Istat,"BES dei Territori (Bes at local level), DF_BES_TERRIT_0T, dominio BES_07"
Mortalità stradale in ambito extraurbano,07SIC008P,provincia,Ravenna,2016,5.4,%,Istat,"BES dei Territori (Bes at local level), DF_BES_TERRIT_0T, dominio BES_07"
Mortalità stradale in ambito extraurbano,07SIC008P,provincia,Ravenna,2017,3.6,%,Istat,"BES dei Territori (Bes at local level), DF_BES_TERRIT_0T, dominio BES_07"
Mortalità stradale in ambito extraurbano,07SIC008P,provincia,Ravenna,2018,4.2,%,Istat,"BES dei Territori (Bes at local level), DF_BES_TERRIT_0T, dominio BES_07"
Mortalità stradale in ambito extraurbano,07SIC008P,provincia,Ravenna,2019,5.7,%,Istat,"BES dei Territori (Bes at local level), DF_BES_TERRIT_0T, dominio BES_07"
Mortalità stradale in ambito extraurbano,07SIC008P,provincia,Ravenna,2020,3.5,%,Istat,"BES dei Territori (Bes at local level), DF_BES_TERRIT_0T, dominio BES_07"
Mortalità stradale in ambito extraurbano,07SIC008P,provincia,Ravenna,2021,3.5,%,Istat,"BES dei Territori (Bes at local level), DF_BES_TERRIT_0T, dominio BES_07"
Mortalità stradale in ambito extraurbano,07SIC008P,provincia,Ravenna,2022,4.2,%,Istat,"BES dei Territori (Bes at local level), DF_BES_TERRIT_0T, dominio BES_07"
Mortalità stradale in ambito extraurbano,07SIC008P,provincia,Ravenna,2023,2.7,%,Istat,"BES dei Territori (Bes at local level), DF_BES_TERRIT_0T, dominio BES_07"
Mortalità stradale in ambito extraurbano,07SIC008P,provincia,Reggio Calabria,2015,7.5,%,Istat,"BES dei Territori (Bes at local level), DF_BES_TERRIT_0T, dominio BES_07"
Mortalità stradale in ambito extraurbano,07SIC008P,provincia,Reggio Calabria,2016,6.4,%,Istat,"BES dei Territori (Bes at local level), DF_BES_TERRIT_0T, dominio BES_07"
Mortalità stradale in ambito extraurbano,07SIC008P,provincia,Reggio Calabria,2017,7.8,%,Istat,"BES dei Territori (Bes at local level), DF_BES_TERRIT_0T, dominio BES_07"
Mortalità stradale in ambito extraurbano,07SIC008P,provincia,Reggio Calabria,2018,7.2,%,Istat,"BES dei Territori (Bes at local level), DF_BES_TERRIT_0T, dominio BES_07"
Mortalità stradale in ambito extraurbano,07SIC008P,provincia,Reggio Calabria,2019,5.6,%,Istat,"BES dei Territori (Bes at local level), DF_BES_TERRIT_0T, dominio BES_07"
Mortalità stradale in ambito extraurbano,07SIC008P,provincia,Reggio Calabria,2020,3.8,%,Istat,"BES dei Territori (Bes at local level), DF_BES_TERRIT_0T, dominio BES_07"
Mortalità stradale in ambito extraurbano,07SIC008P,provincia,Reggio Calabria,2021,4.7,%,Istat,"BES dei Territori (Bes at local level), DF_BES_TERRIT_0T, dominio BES_07"
Mortalità stradale in ambito extraurbano,07SIC008P,provincia,Reggio Calabria,2022,2.8,%,Istat,"BES dei Territori (Bes at local level), DF_BES_TERRIT_0T, dominio BES_07"
Mortalità stradale in ambito extraurbano,07SIC008P,provincia,Reggio Calabria,2023,6.5,%,Istat,"BES dei Territori (Bes at local level), DF_BES_TERRIT_0T, dominio BES_07"
Mortalità stradale in ambito extraurbano,07SIC008P,provincia,Reggio Emilia,2015,4.5,%,Istat,"BES dei Territori (Bes at local level), DF_BES_TERRIT_0T, dominio BES_07"
Mortalità stradale in ambito extraurbano,07SIC008P,provincia,Reggio Emilia,2016,2.2,%,Istat,"BES dei Territori (Bes at local level), DF_BES_TERRIT_0T, dominio BES_07"
Mortalità stradale in ambito extraurbano,07SIC008P,provincia,Reggio Emilia,2017,3.6,%,Istat,"BES dei Territori (Bes at local level), DF_BES_TERRIT_0T, dominio BES_07"
Mortalità stradale in ambito extraurbano,07SIC008P,provincia,Reggio Emilia,2018,3.1,%,Istat,"BES dei Territori (Bes at local level), DF_BES_TERRIT_0T, dominio BES_07"
Mortalità stradale in ambito extraurbano,07SIC008P,provincia,Reggio Emilia,2019,2.1,%,Istat,"BES dei Territori (Bes at local level), DF_BES_TERRIT_0T, dominio BES_07"
Mortalità stradale in ambito extraurbano,07SIC008P,provincia,Reggio Emilia,2020,3.1,%,Istat,"BES dei Territori (Bes at local level), DF_BES_TERRIT_0T, dominio BES_07"
Mortalità stradale in ambito extraurbano,07SIC008P,provincia,Reggio Emilia,2021,3.0,%,Istat,"BES dei Territori (Bes at local level), DF_BES_TERRIT_0T, dominio BES_07"
Mortalità stradale in ambito extraurbano,07SIC008P,provincia,Reggio Emilia,2022,4.7,%,Istat,"BES dei Territori (Bes at local level), DF_BES_TERRIT_0T, dominio BES_07"
Mortalità stradale in ambito extraurbano,07SIC008P,provincia,Reggio Emilia,2023,2.8,%,Istat,"BES dei Territori (Bes at local level), DF_BES_TERRIT_0T, dominio BES_07"
Mortalità stradale in ambito extraurbano,07SIC008P,provincia,Rieti,2015,4.4,%,Istat,"BES dei Territori (Bes at local level), DF_BES_TERRIT_0T, dominio BES_07"
Mortalità stradale in ambito extraurbano,07SIC008P,provincia,Rieti,2016,4.6,%,Istat,"BES dei Territori (Bes at local level), DF_BES_TERRIT_0T, dominio BES_07"
Mortalità stradale in ambito extraurbano,07SIC008P,provincia,Rieti,2017,8.5,%,Istat,"BES dei Territori (Bes at local level), DF_BES_TERRIT_0T, dominio BES_07"
Mortalità stradale in ambito extraurbano,07SIC008P,provincia,Rieti,2018,8.2,%,Istat,"BES dei Territori (Bes at local level), DF_BES_TERRIT_0T, dominio BES_07"
Mortalità stradale in ambito extraurbano,07SIC008P,provincia,Rieti,2019,6.0,%,Istat,"BES dei Territori (Bes at local level), DF_BES_TERRIT_0T, dominio BES_07"
Mortalità stradale in ambito extraurbano,07SIC008P,provincia,Rieti,2020,5.7,%,Istat,"BES dei Territori (Bes at local level), DF_BES_TERRIT_0T, dominio BES_07"
Mortalità stradale in ambito extraurbano,07SIC008P,provincia,Rieti,2021,6.5,%,Istat,"BES dei Territori (Bes at local level), DF_BES_TERRIT_0T, dominio BES_07"
Mortalità stradale in ambito extraurbano,07SIC008P,provincia,Rieti,2022,4.9,%,Istat,"BES dei Territori (Bes at local level), DF_BES_TERRIT_0T, dominio BES_07"
Mortalità stradale in ambito extraurbano,07SIC008P,provincia,Rieti,2023,7.2,%,Istat,"BES dei Territori (Bes at local level), DF_BES_TERRIT_0T, dominio BES_07"
Mortalità stradale in ambito extraurbano,07SIC008P,provincia,Rimini,2015,0.6,%,Istat,"BES dei Territori (Bes at local level), DF_BES_TERRIT_0T, dominio BES_07"
Mortalità stradale in ambito extraurbano,07SIC008P,provincia,Rimini,2016,1.7,%,Istat,"BES dei Territori (Bes at local level), DF_BES_TERRIT_0T, dominio BES_07"
Mortalità stradale in ambito extraurbano,07SIC008P,provincia,Rimini,2017,1.3,%,Istat,"BES dei Territori (Bes at local level), DF_BES_TERRIT_0T, dominio BES_07"
Mortalità stradale in ambito extraurbano,07SIC008P,provincia,Rimini,2018,1.0,%,Istat,"BES dei Territori (Bes at local level), DF_BES_TERRIT_0T, dominio BES_07"
Mortalità stradale in ambito extraurbano,07SIC008P,provincia,Rimini,2019,3.3,%,Istat,"BES dei Territori (Bes at local level), DF_BES_TERRIT_0T, dominio BES_07"
Mortalità stradale in ambito extraurbano,07SIC008P,provincia,Rimini,2020,1.3,%,Istat,"BES dei Territori (Bes at local level), DF_BES_TERRIT_0T, dominio BES_07"
Mortalità stradale in ambito extraurbano,07SIC008P,provincia,Rimini,2021,1.9,%,Istat,"BES dei Territori (Bes at local level), DF_BES_TERRIT_0T, dominio BES_07"
Mortalità stradale in ambito extraurbano,07SIC008P,provincia,Rimini,2022,2.6,%,Istat,"BES dei Territori (Bes at local level), DF_BES_TERRIT_0T, dominio BES_07"
Mortalità stradale in ambito extraurbano,07SIC008P,provincia,Rimini,2023,1.4,%,Istat,"BES dei Territori (Bes at local level), DF_BES_TERRIT_0T, dominio BES_07"
Mortalità stradale in ambito extraurbano,07SIC008P,provincia,Roma,2015,3.2,%,Istat,"BES dei Territori (Bes at local level), DF_BES_TERRIT_0T, dominio BES_07"
Mortalità stradale in ambito extraurbano,07SIC008P,provincia,Roma,2016,3.9,%,Istat,"BES dei Territori (Bes at local level), DF_BES_TERRIT_0T, dominio BES_07"
Mortalità stradale in ambito extraurbano,07SIC008P,provincia,Roma,2017,4.5,%,Istat,"BES dei Territori (Bes at local level), DF_BES_TERRIT_0T, dominio BES_07"
Mortalità stradale in ambito extraurbano,07SIC008P,provincia,Roma,2018,2.7,%,Istat,"BES dei Territori (Bes at local level), DF_BES_TERRIT_0T, dominio BES_07"
Mortalità stradale in ambito extraurbano,07SIC008P,provincia,Roma,2019,1.9,%,Istat,"BES dei Territori (Bes at local level), DF_BES_TERRIT_0T, dominio BES_07"
Mortalità stradale in ambito extraurbano,07SIC008P,provincia,Roma,2020,4.0,%,Istat,"BES dei Territori (Bes at local level), DF_BES_TERRIT_0T, dominio BES_07"
Mortalità stradale in ambito extraurbano,07SIC008P,provincia,Roma,2021,2.4,%,Istat,"BES dei Territori (Bes at local level), DF_BES_TERRIT_0T, dominio BES_07"
Mortalità stradale in ambito extraurbano,07SIC008P,provincia,Roma,2022,2.4,%,Istat,"BES dei Territori (Bes at local level), DF_BES_TERRIT_0T, dominio BES_07"
Mortalità stradale in ambito extraurbano,07SIC008P,provincia,Roma,2023,2.6,%,Istat,"BES dei Territori (Bes at local level), DF_BES_TERRIT_0T, dominio BES_07"
Mortalità stradale in ambito extraurbano,07SIC008P,provincia,Rovigo,2015,6.0,%,Istat,"BES dei Territori (Bes at local level), DF_BES_TERRIT_0T, dominio BES_07"
Mortalità stradale in ambito extraurbano,07SIC008P,provincia,Rovigo,2016,4.2,%,Istat,"BES dei Territori (Bes at local level), DF_BES_TERRIT_0T, dominio BES_07"
Mortalità stradale in ambito extraurbano,07SIC008P,provincia,Rovigo,2017,7.1,%,Istat,"BES dei Territori (Bes at local level), DF_BES_TERRIT_0T, dominio BES_07"
Mortalità stradale in ambito extraurbano,07SIC008P,provincia,Rovigo,2018,5.8,%,Istat,"BES dei Territori (Bes at local level), DF_BES_TERRIT_0T, dominio BES_07"
Mortalità stradale in ambito extraurbano,07SIC008P,provincia,Rovigo,2019,3.2,%,Istat,"BES dei Territori (Bes at local level), DF_BES_TERRIT_0T, dominio BES_07"
Mortalità stradale in ambito extraurbano,07SIC008P,provincia,Rovigo,2020,4.9,%,Istat,"BES dei Territori (Bes at local level), DF_BES_TERRIT_0T, dominio BES_07"
Mortalità stradale in ambito extraurbano,07SIC008P,provincia,Rovigo,2021,6.4,%,Istat,"BES dei Territori (Bes at local level), DF_BES_TERRIT_0T, dominio BES_07"
Mortalità stradale in ambito extraurbano,07SIC008P,provincia,Rovigo,2022,6.9,%,Istat,"BES dei Territori (Bes at local level), DF_BES_TERRIT_0T, dominio BES_07"
Mortalità stradale in ambito extraurbano,07SIC008P,provincia,Rovigo,2023,3.2,%,Istat,"BES dei Territori (Bes at local level), DF_BES_TERRIT_0T, dominio BES_07"
Mortalità stradale in ambito extraurbano,07SIC008P,provincia,Salerno,2015,4.1,%,Istat,"BES dei Territori (Bes at local level), DF_BES_TERRIT_0T, dominio BES_07"
Mortalità stradale in ambito extraurbano,07SIC008P,provincia,Salerno,2016,3.4,%,Istat,"BES dei Territori (Bes at local level), DF_BES_TERRIT_0T, dominio BES_07"
Mortalità stradale in ambito extraurbano,07SIC008P,provincia,Salerno,2017,3.0,%,Istat,"BES dei Territori (Bes at local level), DF_BES_TERRIT_0T, dominio BES_07"
Mortalità stradale in ambito extraurbano,07SIC008P,provincia,Salerno,2018,4.0,%,Istat,"BES dei Territori (Bes at local level), DF_BES_TERRIT_0T, dominio BES_07"
Mortalità stradale in ambito extraurbano,07SIC008P,provincia,Salerno,2019,3.0,%,Istat,"BES dei Territori (Bes at local level), DF_BES_TERRIT_0T, dominio BES_07"
Mortalità stradale in ambito extraurbano,07SIC008P,provincia,Salerno,2020,3.2,%,Istat,"BES dei Territori (Bes at local level), DF_BES_TERRIT_0T, dominio BES_07"
Mortalità stradale in ambito extraurbano,07SIC008P,provincia,Salerno,2021,3.7,%,Istat,"BES dei Territori (Bes at local level), DF_BES_TERRIT_0T, dominio BES_07"
Mortalità stradale in ambito extraurbano,07SIC008P,provincia,Salerno,2022,3.3,%,Istat,"BES dei Territori (Bes at local level), DF_BES_TERRIT_0T, dominio BES_07"
Mortalità stradale in ambito extraurbano,07SIC008P,provincia,Salerno,2023,3.1,%,Istat,"BES dei Territori (Bes at local level), DF_BES_TERRIT_0T, dominio BES_07"
Mortalità stradale in ambito extraurbano,07SIC008P,provincia,Sassari,2015,3.6,%,Istat,"BES dei Territori (Bes at local level), DF_BES_TERRIT_0T, dominio BES_07"
Mortalità stradale in ambito extraurbano,07SIC008P,provincia,Sassari,2016,7.0,%,Istat,"BES dei Territori (Bes at local level), DF_BES_TERRIT_0T, dominio BES_07"
Mortalità stradale in ambito extraurbano,07SIC008P,provincia,Sassari,2017,4.5,%,Istat,"BES dei Territori (Bes at local level), DF_BES_TERRIT_0T, dominio BES_07"
Mortalità stradale in ambito extraurbano,07SIC008P,provincia,Sassari,2018,5.0,%,Istat,"BES dei Territori (Bes at local level), DF_BES_TERRIT_0T, dominio BES_07"
Mortalità stradale in ambito extraurbano,07SIC008P,provincia,Sassari,2019,1.8,%,Istat,"BES dei Territori (Bes at local level), DF_BES_TERRIT_0T, dominio BES_07"
Mortalità stradale in ambito extraurbano,07SIC008P,provincia,Sassari,2020,2.7,%,Istat,"BES dei Territori (Bes at local level), DF_BES_TERRIT_0T, dominio BES_07"
Mortalità stradale in ambito extraurbano,07SIC008P,provincia,Sassari,2021,3.6,%,Istat,"BES dei Territori (Bes at local level), DF_BES_TERRIT_0T, dominio BES_07"
Mortalità stradale in ambito extraurbano,07SIC008P,provincia,Sassari,2022,3.8,%,Istat,"BES dei Territori (Bes at local level), DF_BES_TERRIT_0T, dominio BES_07"
Mortalità stradale in ambito extraurbano,07SIC008P,provincia,Sassari,2023,3.7,%,Istat,"BES dei Territori (Bes at local level), DF_BES_TERRIT_0T, dominio BES_07"
Mortalità stradale in ambito extraurbano,07SIC008P,provincia,Savona,2015,2.6,%,Istat,"BES dei Territori (Bes at local level), DF_BES_TERRIT_0T, dominio BES_07"
Mortalità stradale in ambito extraurbano,07SIC008P,provincia,Savona,2016,2.5,%,Istat,"BES dei Territori (Bes at local level), DF_BES_TERRIT_0T, dominio BES_07"
Mortalità stradale in ambito extraurbano,07SIC008P,provincia,Savona,2017,4.8,%,Istat,"BES dei Territori (Bes at local level), DF_BES_TERRIT_0T, dominio BES_07"
Mortalità stradale in ambito extraurbano,07SIC008P,provincia,Savona,2018,2.0,%,Istat,"BES dei Territori (Bes at local level), DF_BES_TERRIT_0T, dominio BES_07"
Mortalità stradale in ambito extraurbano,07SIC008P,provincia,Savona,2019,2.4,%,Istat,"BES dei Territori (Bes at local level), DF_BES_TERRIT_0T, dominio BES_07"
Mortalità stradale in ambito extraurbano,07SIC008P,provincia,Savona,2020,0.6,%,Istat,"BES dei Territori (Bes at local level), DF_BES_TERRIT_0T, dominio BES_07"
Mortalità stradale in ambito extraurbano,07SIC008P,provincia,Savona,2021,4.7,%,Istat,"BES dei Territori (Bes at local level), DF_BES_TERRIT_0T, dominio BES_07"
Mortalità stradale in ambito extraurbano,07SIC008P,provincia,Savona,2022,1.4,%,Istat,"BES dei Territori (Bes at local level), DF_BES_TERRIT_0T, dominio BES_07"
Mortalità stradale in ambito extraurbano,07SIC008P,provincia,Savona,2023,1.8,%,Istat,"BES dei Territori (Bes at local level), DF_BES_TERRIT_0T, dominio BES_07"
Mortalità stradale in ambito extraurbano,07SIC008P,provincia,Siena,2015,2.0,%,Istat,"BES dei Territori (Bes at local level), DF_BES_TERRIT_0T, dominio BES_07"
Mortalità stradale in ambito extraurbano,07SIC008P,provincia,Siena,2016,3.2,%,Istat,"BES dei Territori (Bes at local level), DF_BES_TERRIT_0T, dominio BES_07"
Mortalità stradale in ambito extraurbano,07SIC008P,provincia,Siena,2017,5.2,%,Istat,"BES dei Territori (Bes at local level), DF_BES_TERRIT_0T, dominio BES_07"
Mortalità stradale in ambito extraurbano,07SIC008P,provincia,Siena,2018,3.9,%,Istat,"BES dei Territori (Bes at local level), DF_BES_TERRIT_0T, dominio BES_07"
Mortalità stradale in ambito extraurbano,07SIC008P,provincia,Siena,2019,4.3,%,Istat,"BES dei Territori (Bes at local level), DF_BES_TERRIT_0T, dominio BES_07"
Mortalità stradale in ambito extraurbano,07SIC008P,provincia,Siena,2020,3.2,%,Istat,"BES dei Territori (Bes at local level), DF_BES_TERRIT_0T, dominio BES_07"
Mortalità stradale in ambito extraurbano,07SIC008P,provincia,Siena,2021,4.2,%,Istat,"BES dei Territori (Bes at local level), DF_BES_TERRIT_0T, dominio BES_07"
Mortalità stradale in ambito extraurbano,07SIC008P,provincia,Siena,2022,3.7,%,Istat,"BES dei Territori (Bes at local level), DF_BES_TERRIT_0T, dominio BES_07"
Mortalità stradale in ambito extraurbano,07SIC008P,provincia,Siena,2023,2.4,%,Istat,"BES dei Territori (Bes at local level), DF_BES_TERRIT_0T, dominio BES_07"
Mortalità stradale in ambito extraurbano,07SIC008P,provincia,Siracusa,2015,6.3,%,Istat,"BES dei Territori (Bes at local level), DF_BES_TERRIT_0T, dominio BES_07"
Mortalità stradale in ambito extraurbano,07SIC008P,provincia,Siracusa,2016,3.7,%,Istat,"BES dei Territori (Bes at local level), DF_BES_TERRIT_0T, dominio BES_07"
Mortalità stradale in ambito extraurbano,07SIC008P,provincia,Siracusa,2017,4.5,%,Istat,"BES dei Territori (Bes at local level), DF_BES_TERRIT_0T, dominio BES_07"
Mortalità stradale in ambito extraurbano,07SIC008P,provincia,Siracusa,2018,5.5,%,Istat,"BES dei Territori (Bes at local level), DF_BES_TERRIT_0T, dominio BES_07"
Mortalità stradale in ambito extraurbano,07SIC008P,provincia,Siracusa,2019,3.9,%,Istat,"BES dei Territori (Bes at local level), DF_BES_TERRIT_0T, dominio BES_07"
Mortalità stradale in ambito extraurbano,07SIC008P,provincia,Siracusa,2020,5.9,%,Istat,"BES dei Territori (Bes at local level), DF_BES_TERRIT_0T, dominio BES_07"
Mortalità stradale in ambito extraurbano,07SIC008P,provincia,Siracusa,2021,5.2,%,Istat,"BES dei Territori (Bes at local level), DF_BES_TERRIT_0T, dominio BES_07"
Mortalità stradale in ambito extraurbano,07SIC008P,provincia,Siracusa,2022,2.8,%,Istat,"BES dei Territori (Bes at local level), DF_BES_TERRIT_0T, dominio BES_07"
Mortalità stradale in ambito extraurbano,07SIC008P,provincia,Siracusa,2023,5.7,%,Istat,"BES dei Territori (Bes at local level), DF_BES_TERRIT_0T, dominio BES_07"
Mortalità stradale in ambito extraurbano,07SIC008P,provincia,Sondrio,2015,3.6,%,Istat,"BES dei Territori (Bes at local level), DF_BES_TERRIT_0T, dominio BES_07"
Mortalità stradale in ambito extraurbano,07SIC008P,provincia,Sondrio,2016,2.3,%,Istat,"BES dei Territori (Bes at local level), DF_BES_TERRIT_0T, dominio BES_07"
Mortalità stradale in ambito extraurbano,07SIC008P,provincia,Sondrio,2017,4.7,%,Istat,"BES dei Territori (Bes at local level), DF_BES_TERRIT_0T, dominio BES_07"
Mortalità stradale in ambito extraurbano,07SIC008P,provincia,Sondrio,2018,7.3,%,Istat,"BES dei Territori (Bes at local level), DF_BES_TERRIT_0T, dominio BES_07"
Mortalità stradale in ambito extraurbano,07SIC008P,provincia,Sondrio,2019,1.6,%,Istat,"BES dei Territori (Bes at local level), DF_BES_TERRIT_0T, dominio BES_07"
Mortalità stradale in ambito extraurbano,07SIC008P,provincia,Sondrio,2020,2.3,%,Istat,"BES dei Territori (Bes at local level), DF_BES_TERRIT_0T, dominio BES_07"
Mortalità stradale in ambito extraurbano,07SIC008P,provincia,Sondrio,2021,2.5,%,Istat,"BES dei Territori (Bes at local level), DF_BES_TERRIT_0T, dominio BES_07"
Mortalità stradale in ambito extraurbano,07SIC008P,provincia,Sondrio,2022,2.8,%,Istat,"BES dei Territori (Bes at local level), DF_BES_TERRIT_0T, dominio BES_07"
Mortalità stradale in ambito extraurbano,07SIC008P,provincia,Sondrio,2023,4.1,%,Istat,"BES dei Territori (Bes at local level), DF_BES_TERRIT_0T, dominio BES_07"
Mortalità stradale in ambito extraurbano,07SIC008P,provincia,Taranto,2015,4.3,%,Istat,"BES dei Territori (Bes at local level), DF_BES_TERRIT_0T, dominio BES_07"
Mortalità stradale in ambito extraurbano,07SIC008P,provincia,Taranto,2016,9.9,%,Istat,"BES dei Territori (Bes at local level), DF_BES_TERRIT_0T, dominio BES_07"
Mortalità stradale in ambito extraurbano,07SIC008P,provincia,Taranto,2017,6.0,%,Istat,"BES dei Territori (Bes at local level), DF_BES_TERRIT_0T, dominio BES_07"
Mortalità stradale in ambito extraurbano,07SIC008P,provincia,Taranto,2018,4.7,%,Istat,"BES dei Territori (Bes at local level), DF_BES_TERRIT_0T, dominio BES_07"
Mortalità stradale in ambito extraurbano,07SIC008P,provincia,Taranto,2019,5.7,%,Istat,"BES dei Territori (Bes at local level), DF_BES_TERRIT_0T, dominio BES_07"
Mortalità stradale in ambito extraurbano,07SIC008P,provincia,Taranto,2020,4.8,%,Istat,"BES dei Territori (Bes at local level), DF_BES_TERRIT_0T, dominio BES_07"
Mortalità stradale in ambito extraurbano,07SIC008P,provincia,Taranto,2021,4.5,%,Istat,"BES dei Territori (Bes at local level), DF_BES_TERRIT_0T, dominio BES_07"
Mortalità stradale in ambito extraurbano,07SIC008P,provincia,Taranto,2022,7.8,%,Istat,"BES dei Territori (Bes at local level), DF_BES_TERRIT_0T, dominio BES_07"
Mortalità stradale in ambito extraurbano,07SIC008P,provincia,Taranto,2023,8.9,%,Istat,"BES dei Territori (Bes at local level), DF_BES_TERRIT_0T, dominio BES_07"
Mortalità stradale in ambito extraurbano,07SIC008P,provincia,Teramo,2015,4.4,%,Istat,"BES dei Territori (Bes at local level), DF_BES_TERRIT_0T, dominio BES_07"
Mortalità stradale in ambito extraurbano,07SIC008P,provincia,Teramo,2016,5.9,%,Istat,"BES dei Territori (Bes at local level), DF_BES_TERRIT_0T, dominio BES_07"
Mortalità stradale in ambito extraurbano,07SIC008P,provincia,Teramo,2017,6.1,%,Istat,"BES dei Territori (Bes at local level), DF_BES_TERRIT_0T, dominio BES_07"
Mortalità stradale in ambito extraurbano,07SIC008P,provincia,Teramo,2018,4.1,%,Istat,"BES dei Territori (Bes at local level), DF_BES_TERRIT_0T, dominio BES_07"
Mortalità stradale in ambito extraurbano,07SIC008P,provincia,Teramo,2019,3.3,%,Istat,"BES dei Territori (Bes at local level), DF_BES_TERRIT_0T, dominio BES_07"
Mortalità stradale in ambito extraurbano,07SIC008P,provincia,Teramo,2020,4.4,%,Istat,"BES dei Territori (Bes at local level), DF_BES_TERRIT_0T, dominio BES_07"
Mortalità stradale in ambito extraurbano,07SIC008P,provincia,Teramo,2021,3.5,%,Istat,"BES dei Territori (Bes at local level), DF_BES_TERRIT_0T, dominio BES_07"
Mortalità stradale in ambito extraurbano,07SIC008P,provincia,Teramo,2022,5.9,%,Istat,"BES dei Territori (Bes at local level), DF_BES_TERRIT_0T, dominio BES_07"
Mortalità stradale in ambito extraurbano,07SIC008P,provincia,Teramo,2023,4.3,%,Istat,"BES dei Territori (Bes at local level), DF_BES_TERRIT_0T, dominio BES_07"
Mortalità stradale in ambito extraurbano,07SIC008P,provincia,Terni,2015,4.8,%,Istat,"BES dei Territori (Bes at local level), DF_BES_TERRIT_0T, dominio BES_07"
Mortalità stradale in ambito extraurbano,07SIC008P,provincia,Terni,2016,1.9,%,Istat,"BES dei Territori (Bes at local level), DF_BES_TERRIT_0T, dominio BES_07"
Mortalità stradale in ambito extraurbano,07SIC008P,provincia,Terni,2017,4.2,%,Istat,"BES dei Territori (Bes at local level), DF_BES_TERRIT_0T, dominio BES_07"
Mortalità stradale in ambito extraurbano,07SIC008P,provincia,Terni,2018,2.9,%,Istat,"BES dei Territori (Bes at local level), DF_BES_TERRIT_0T, dominio BES_07"
Mortalità stradale in ambito extraurbano,07SIC008P,provincia,Terni,2019,6.7,%,Istat,"BES dei Territori (Bes at local level), DF_BES_TERRIT_0T, dominio BES_07"
Mortalità stradale in ambito extraurbano,07SIC008P,provincia,Terni,2020,3.3,%,Istat,"BES dei Territori (Bes at local level), DF_BES_TERRIT_0T, dominio BES_07"
Mortalità stradale in ambito extraurbano,07SIC008P,provincia,Terni,2021,2.6,%,Istat,"BES dei Territori (Bes at local level), DF_BES_TERRIT_0T, dominio BES_07"
Mortalità stradale in ambito extraurbano,07SIC008P,provincia,Terni,2022,2.4,%,Istat,"BES dei Territori (Bes at local level), DF_BES_TERRIT_0T, dominio BES_07"
Mortalità stradale in ambito extraurbano,07SIC008P,provincia,Terni,2023,2.4,%,Istat,"BES dei Territori (Bes at local level), DF_BES_TERRIT_0T, dominio BES_07"
Mortalità stradale in ambito extraurbano,07SIC008P,provincia,Torino,2015,4.5,%,Istat,"BES dei Territori (Bes at local level), DF_BES_TERRIT_0T, dominio BES_07"
Mortalità stradale in ambito extraurbano,07SIC008P,provincia,Torino,2016,4.3,%,Istat,"BES dei Territori (Bes at local level), DF_BES_TERRIT_0T, dominio BES_07"
Mortalità stradale in ambito extraurbano,07SIC008P,provincia,Torino,2017,6.8,%,Istat,"BES dei Territori (Bes at local level), DF_BES_TERRIT_0T, dominio BES_07"
Mortalità stradale in ambito extraurbano,07SIC008P,provincia,Torino,2018,5.9,%,Istat,"BES dei Territori (Bes at local level), DF_BES_TERRIT_0T, dominio BES_07"
Mortalità stradale in ambito extraurbano,07SIC008P,provincia,Torino,2019,5.6,%,Istat,"BES dei Territori (Bes at local level), DF_BES_TERRIT_0T, dominio BES_07"
Mortalità stradale in ambito extraurbano,07SIC008P,provincia,Torino,2020,5.6,%,Istat,"BES dei Territori (Bes at local level), DF_BES_TERRIT_0T, dominio BES_07"
Mortalità stradale in ambito extraurbano,07SIC008P,provincia,Torino,2021,4.7,%,Istat,"BES dei Territori (Bes at local level), DF_BES_TERRIT_0T, dominio BES_07"
Mortalità stradale in ambito extraurbano,07SIC008P,provincia,Torino,2022,4.0,%,Istat,"BES dei Territori (Bes at local level), DF_BES_TERRIT_0T, dominio BES_07"
Mortalità stradale in ambito extraurbano,07SIC008P,provincia,Torino,2023,2.8,%,Istat,"BES dei Territori (Bes at local level), DF_BES_TERRIT_0T, dominio BES_07"
Mortalità stradale in ambito extraurbano,07SIC008P,provincia,Trapani,2015,4.9,%,Istat,"BES dei Territori (Bes at local level), DF_BES_TERRIT_0T, dominio BES_07"
Mortalità stradale in ambito extraurbano,07SIC008P,provincia,Trapani,2016,5.5,%,Istat,"BES dei Territori (Bes at local level), DF_BES_TERRIT_0T, dominio BES_07"
Mortalità stradale in ambito extraurbano,07SIC008P,provincia,Trapani,2017,5.2,%,Istat,"BES dei Territori (Bes at local level), DF_BES_TERRIT_0T, dominio BES_07"
Mortalità stradale in ambito extraurbano,07SIC008P,provincia,Trapani,2018,2.3,%,Istat,"BES dei Territori (Bes at local level), DF_BES_TERRIT_0T, dominio BES_07"
Mortalità stradale in ambito extraurbano,07SIC008P,provincia,Trapani,2019,6.9,%,Istat,"BES dei Territori (Bes at local level), DF_BES_TERRIT_0T, dominio BES_07"
Mortalità stradale in ambito extraurbano,07SIC008P,provincia,Trapani,2020,10.1,%,Istat,"BES dei Territori (Bes at local level), DF_BES_TERRIT_0T, dominio BES_07"
Mortalità stradale in ambito extraurbano,07SIC008P,provincia,Trapani,2021,6.4,%,Istat,"BES dei Territori (Bes at local level), DF_BES_TERRIT_0T, dominio BES_07"
Mortalità stradale in ambito extraurbano,07SIC008P,provincia,Trapani,2022,6.9,%,Istat,"BES dei Territori (Bes at local level), DF_BES_TERRIT_0T, dominio BES_07"
Mortalità stradale in ambito extraurbano,07SIC008P,provincia,Trapani,2023,7.3,%,Istat,"BES dei Territori (Bes at local level), DF_BES_TERRIT_0T, dominio BES_07"
Mortalità stradale in ambito extraurbano,07SIC008P,provincia,Trento,2015,5.8,%,Istat,"BES dei Territori (Bes at local level), DF_BES_TERRIT_0T, dominio BES_07"
Mortalità stradale in ambito extraurbano,07SIC008P,provincia,Trento,2016,4.4,%,Istat,"BES dei Territori (Bes at local level), DF_BES_TERRIT_0T, dominio BES_07"
Mortalità stradale in ambito extraurbano,07SIC008P,provincia,Trento,2017,3.2,%,Istat,"BES dei Territori (Bes at local level), DF_BES_TERRIT_0T, dominio BES_07"
Mortalità stradale in ambito extraurbano,07SIC008P,provincia,Trento,2018,5.1,%,Istat,"BES dei Territori (Bes at local level), DF_BES_TERRIT_0T, dominio BES_07"
Mortalità stradale in ambito extraurbano,07SIC008P,provincia,Trento,2019,3.4,%,Istat,"BES dei Territori (Bes at local level), DF_BES_TERRIT_0T, dominio BES_07"
Mortalità stradale in ambito extraurbano,07SIC008P,provincia,Trento,2020,5.1,%,Istat,"BES dei Territori (Bes at local level), DF_BES_TERRIT_0T, dominio BES_07"
Mortalità stradale in ambito extraurbano,07SIC008P,provincia,Trento,2021,3.7,%,Istat,"BES dei Territori (Bes at local level), DF_BES_TERRIT_0T, dominio BES_07"
Mortalità stradale in ambito extraurbano,07SIC008P,provincia,Trento,2022,3.5,%,Istat,"BES dei Territori (Bes at local level), DF_BES_TERRIT_0T, dominio BES_07"
Mortalità stradale in ambito extraurbano,07SIC008P,provincia,Trento,2023,3.5,%,Istat,"BES dei Territori (Bes at local level), DF_BES_TERRIT_0T, dominio BES_07"
Mortalità stradale in ambito extraurbano,07SIC008P,provincia,Treviso,2015,4.6,%,Istat,"BES dei Territori (Bes at local level), DF_BES_TERRIT_0T, dominio BES_07"
Mortalità stradale in ambito extraurbano,07SIC008P,provincia,Treviso,2016,5.1,%,Istat,"BES dei Territori (Bes at local level), DF_BES_TERRIT_0T, dominio BES_07"
Mortalità stradale in ambito extraurbano,07SIC008P,provincia,Treviso,2017,2.9,%,Istat,"BES dei Territori (Bes at local level), DF_BES_TERRIT_0T, dominio BES_07"
Mortalità stradale in ambito extraurbano,07SIC008P,provincia,Treviso,2018,3.1,%,Istat,"BES dei Territori (Bes at local level), DF_BES_TERRIT_0T, dominio BES_07"
Mortalità stradale in ambito extraurbano,07SIC008P,provincia,Treviso,2019,4.0,%,Istat,"BES dei Territori (Bes at local level), DF_BES_TERRIT_0T, dominio BES_07"
Mortalità stradale in ambito extraurbano,07SIC008P,provincia,Treviso,2020,3.1,%,Istat,"BES dei Territori (Bes at local level), DF_BES_TERRIT_0T, dominio BES_07"
Mortalità stradale in ambito extraurbano,07SIC008P,provincia,Treviso,2021,4.3,%,Istat,"BES dei Territori (Bes at local level), DF_BES_TERRIT_0T, dominio BES_07"
Mortalità stradale in ambito extraurbano,07SIC008P,provincia,Treviso,2022,6.0,%,Istat,"BES dei Territori (Bes at local level), DF_BES_TERRIT_0T, dominio BES_07"
Mortalità stradale in ambito extraurbano,07SIC008P,provincia,Treviso,2023,5.7,%,Istat,"BES dei Territori (Bes at local level), DF_BES_TERRIT_0T, dominio BES_07"
Mortalità stradale in ambito extraurbano,07SIC008P,provincia,Trieste,2015,0.0,%,Istat,"BES dei Territori (Bes at local level), DF_BES_TERRIT_0T, dominio BES_07"
Mortalità stradale in ambito extraurbano,07SIC008P,provincia,Trieste,2016,3.8,%,Istat,"BES dei Territori (Bes at local level), DF_BES_TERRIT_0T, dominio BES_07"
Mortalità stradale in ambito extraurbano,07SIC008P,provincia,Trieste,2017,2.9,%,Istat,"BES dei Territori (Bes at local level), DF_BES_TERRIT_0T, dominio BES_07"
Mortalità stradale in ambito extraurbano,07SIC008P,provincia,Trieste,2018,1.9,%,Istat,"BES dei Territori (Bes at local level), DF_BES_TERRIT_0T, dominio BES_07"
Mortalità stradale in ambito extraurbano,07SIC008P,provincia,Trieste,2019,6.5,%,Istat,"BES dei Territori (Bes at local level), DF_BES_TERRIT_0T, dominio BES_07"
Mortalità stradale in ambito extraurbano,07SIC008P,provincia,Trieste,2020,1.5,%,Istat,"BES dei Territori (Bes at local level), DF_BES_TERRIT_0T, dominio BES_07"
Mortalità stradale in ambito extraurbano,07SIC008P,provincia,Trieste,2021,0.0,%,Istat,"BES dei Territori (Bes at local level), DF_BES_TERRIT_0T, dominio BES_07"
Mortalità stradale in ambito extraurbano,07SIC008P,provincia,Trieste,2022,3.3,%,Istat,"BES dei Territori (Bes at local level), DF_BES_TERRIT_0T, dominio BES_07"
Mortalità stradale in ambito extraurbano,07SIC008P,provincia,Trieste,2023,1.9,%,Istat,"BES dei Territori (Bes at local level), DF_BES_TERRIT_0T, dominio BES_07"
Mortalità stradale in ambito extraurbano,07SIC008P,provincia,Udine,2015,3.1,%,Istat,"BES dei Territori (Bes at local level), DF_BES_TERRIT_0T, dominio BES_07"
Mortalità stradale in ambito extraurbano,07SIC008P,provincia,Udine,2016,4.7,%,Istat,"BES dei Territori (Bes at local level), DF_BES_TERRIT_0T, dominio BES_07"
Mortalità stradale in ambito extraurbano,07SIC008P,provincia,Udine,2017,5.0,%,Istat,"BES dei Territori (Bes at local level), DF_BES_TERRIT_0T, dominio BES_07"
Mortalità stradale in ambito extraurbano,07SIC008P,provincia,Udine,2018,4.4,%,Istat,"BES dei Territori (Bes at local level), DF_BES_TERRIT_0T, dominio BES_07"
Mortalità stradale in ambito extraurbano,07SIC008P,provincia,Udine,2019,4.2,%,Istat,"BES dei Territori (Bes at local level), DF_BES_TERRIT_0T, dominio BES_07"
Mortalità stradale in ambito extraurbano,07SIC008P,provincia,Udine,2020,4.5,%,Istat,"BES dei Territori (Bes at local level), DF_BES_TERRIT_0T, dominio BES_07"
Mortalità stradale in ambito extraurbano,07SIC008P,provincia,Udine,2021,6.7,%,Istat,"BES dei Territori (Bes at local level), DF_BES_TERRIT_0T, dominio BES_07"
Mortalità stradale in ambito extraurbano,07SIC008P,provincia,Udine,2022,5.1,%,Istat,"BES dei Territori (Bes at local level), DF_BES_TERRIT_0T, dominio BES_07"
Mortalità stradale in ambito extraurbano,07SIC008P,provincia,Udine,2023,2.5,%,Istat,"BES dei Territori (Bes at local level), DF_BES_TERRIT_0T, dominio BES_07"
Mortalità stradale in ambito extraurbano,07SIC008P,provincia,Varese,2015,3.2,%,Istat,"BES dei Territori (Bes at local level), DF_BES_TERRIT_0T, dominio BES_07"
Mortalità stradale in ambito extraurbano,07SIC008P,provincia,Varese,2016,0.7,%,Istat,"BES dei Territori (Bes at local level), DF_BES_TERRIT_0T, dominio BES_07"
Mortalità stradale in ambito extraurbano,07SIC008P,provincia,Varese,2017,3.4,%,Istat,"BES dei Territori (Bes at local level), DF_BES_TERRIT_0T, dominio BES_07"
Mortalità stradale in ambito extraurbano,07SIC008P,provincia,Varese,2018,4.7,%,Istat,"BES dei Territori (Bes at local level), DF_BES_TERRIT_0T, dominio BES_07"
Mortalità stradale in ambito extraurbano,07SIC008P,provincia,Varese,2019,2.5,%,Istat,"BES dei Territori (Bes at local level), DF_BES_TERRIT_0T, dominio BES_07"
Mortalità stradale in ambito extraurbano,07SIC008P,provincia,Varese,2020,2.2,%,Istat,"BES dei Territori (Bes at local level), DF_BES_TERRIT_0T, dominio BES_07"
Mortalità stradale in ambito extraurbano,07SIC008P,provincia,Varese,2021,2.6,%,Istat,"BES dei Territori (Bes at local level), DF_BES_TERRIT_0T, dominio BES_07"
Mortalità stradale in ambito extraurbano,07SIC008P,provincia,Varese,2022,4.4,%,Istat,"BES dei Territori (Bes at local level), DF_BES_TERRIT_0T, dominio BES_07"
Mortalità stradale in ambito extraurbano,07SIC008P,provincia,Varese,2023,1.2,%,Istat,"BES dei Territori (Bes at local level), DF_BES_TERRIT_0T, dominio BES_07"
Mortalità stradale in ambito extraurbano,07SIC008P,provincia,Venezia,2015,3.5,%,Istat,"BES dei Territori (Bes at local level), DF_BES_TERRIT_0T, dominio BES_07"
Mortalità stradale in ambito extraurbano,07SIC008P,provincia,Venezia,2016,3.9,%,Istat,"BES dei Territori (Bes at local level), DF_BES_TERRIT_0T, dominio BES_07"
Mortalità stradale in ambito extraurbano,07SIC008P,provincia,Venezia,2017,3.5,%,Istat,"BES dei Territori (Bes at local level), DF_BES_TERRIT_0T, dominio BES_07"
Mortalità stradale in ambito extraurbano,07SIC008P,provincia,Venezia,2018,3.0,%,Istat,"BES dei Territori (Bes at local level), DF_BES_TERRIT_0T, dominio BES_07"
Mortalità stradale in ambito extraurbano,07SIC008P,provincia,Venezia,2019,6.0,%,Istat,"BES dei Territori (Bes at local level), DF_BES_TERRIT_0T, dominio BES_07"
Mortalità stradale in ambito extraurbano,07SIC008P,provincia,Venezia,2020,4.1,%,Istat,"BES dei Territori (Bes at local level), DF_BES_TERRIT_0T, dominio BES_07"
Mortalità stradale in ambito extraurbano,07SIC008P,provincia,Venezia,2021,3.7,%,Istat,"BES dei Territori (Bes at local level), DF_BES_TERRIT_0T, dominio BES_07"
Mortalità stradale in ambito extraurbano,07SIC008P,provincia,Venezia,2022,3.9,%,Istat,"BES dei Territori (Bes at local level), DF_BES_TERRIT_0T, dominio BES_07"
Mortalità stradale in ambito extraurbano,07SIC008P,provincia,Venezia,2023,7.6,%,Istat,"BES dei Territori (Bes at local level), DF_BES_TERRIT_0T, dominio BES_07"
Mortalità stradale in ambito extraurbano,07SIC008P,provincia,Verbano-Cusio-Ossola,2015,3.3,%,Istat,"BES dei Territori (Bes at local level), DF_BES_TERRIT_0T, dominio BES_07"
Mortalità stradale in ambito extraurbano,07SIC008P,provincia,Verbano-Cusio-Ossola,2016,5.3,%,Istat,"BES dei Territori (Bes at local level), DF_BES_TERRIT_0T, dominio BES_07"
Mortalità stradale in ambito extraurbano,07SIC008P,provincia,Verbano-Cusio-Ossola,2017,3.3,%,Istat,"BES dei Territori (Bes at local level), DF_BES_TERRIT_0T, dominio BES_07"
Mortalità stradale in ambito extraurbano,07SIC008P,provincia,Verbano-Cusio-Ossola,2018,2.7,%,Istat,"BES dei Territori (Bes at local level), DF_BES_TERRIT_0T, dominio BES_07"
Mortalità stradale in ambito extraurbano,07SIC008P,provincia,Verbano-Cusio-Ossola,2019,1.7,%,Istat,"BES dei Territori (Bes at local level), DF_BES_TERRIT_0T, dominio BES_07"
Mortalità stradale in ambito extraurbano,07SIC008P,provincia,Verbano-Cusio-Ossola,2020,7.6,%,Istat,"BES dei Territori (Bes at local level), DF_BES_TERRIT_0T, dominio BES_07"
Mortalità stradale in ambito extraurbano,07SIC008P,provincia,Verbano-Cusio-Ossola,2021,1.0,%,Istat,"BES dei Territori (Bes at local level), DF_BES_TERRIT_0T, dominio BES_07"
Mortalità stradale in ambito extraurbano,07SIC008P,provincia,Verbano-Cusio-Ossola,2022,5.1,%,Istat,"BES dei Territori (Bes at local level), DF_BES_TERRIT_0T, dominio BES_07"
Mortalità stradale in ambito extraurbano,07SIC008P,provincia,Verbano-Cusio-Ossola,2023,4.0,%,Istat,"BES dei Territori (Bes at local level), DF_BES_TERRIT_0T, dominio BES_07"
Mortalità stradale in ambito extraurbano,07SIC008P,provincia,Vercelli,2015,8.2,%,Istat,"BES dei Territori (Bes at local level), DF_BES_TERRIT_0T, dominio BES_07"
Mortalità stradale in ambito extraurbano,07SIC008P,provincia,Vercelli,2016,10.7,%,Istat,"BES dei Territori (Bes at local level), DF_BES_TERRIT_0T, dominio BES_07"
Mortalità stradale in ambito extraurbano,07SIC008P,provincia,Vercelli,2017,7.2,%,Istat,"BES dei Territori (Bes at local level), DF_BES_TERRIT_0T, dominio BES_07"
Mortalità stradale in ambito extraurbano,07SIC008P,provincia,Vercelli,2018,16.1,%,Istat,"BES dei Territori (Bes at local level), DF_BES_TERRIT_0T, dominio BES_07"
Mortalità stradale in ambito extraurbano,07SIC008P,provincia,Vercelli,2019,5.6,%,Istat,"BES dei Territori (Bes at local level), DF_BES_TERRIT_0T, dominio BES_07"
Mortalità stradale in ambito extraurbano,07SIC008P,provincia,Vercelli,2020,5.7,%,Istat,"BES dei Territori (Bes at local level), DF_BES_TERRIT_0T, dominio BES_07"
Mortalità stradale in ambito extraurbano,07SIC008P,provincia,Vercelli,2021,3.4,%,Istat,"BES dei Territori (Bes at local level), DF_BES_TERRIT_0T, dominio BES_07"
Mortalità stradale in ambito extraurbano,07SIC008P,provincia,Vercelli,2022,10.0,%,Istat,"BES dei Territori (Bes at local level), DF_BES_TERRIT_0T, dominio BES_07"
Mortalità stradale in ambito extraurbano,07SIC008P,provincia,Vercelli,2023,9.2,%,Istat,"BES dei Territori (Bes at local level), DF_BES_TERRIT_0T, dominio BES_07"
Mortalità stradale in ambito extraurbano,07SIC008P,provincia,Verona,2015,4.8,%,Istat,"BES dei Territori (Bes at local level), DF_BES_TERRIT_0T, dominio BES_07"
Mortalità stradale in ambito extraurbano,07SIC008P,provincia,Verona,2016,4.6,%,Istat,"BES dei Territori (Bes at local level), DF_BES_TERRIT_0T, dominio BES_07"
Mortalità stradale in ambito extraurbano,07SIC008P,provincia,Verona,2017,3.5,%,Istat,"BES dei Territori (Bes at local level), DF_BES_TERRIT_0T, dominio BES_07"
Mortalità stradale in ambito extraurbano,07SIC008P,provincia,Verona,2018,4.8,%,Istat,"BES dei Territori (Bes at local level), DF_BES_TERRIT_0T, dominio BES_07"
Mortalità stradale in ambito extraurbano,07SIC008P,provincia,Verona,2019,4.8,%,Istat,"BES dei Territori (Bes at local level), DF_BES_TERRIT_0T, dominio BES_07"
Mortalità stradale in ambito extraurbano,07SIC008P,provincia,Verona,2020,5.1,%,Istat,"BES dei Territori (Bes at local level), DF_BES_TERRIT_0T, dominio BES_07"
Mortalità stradale in ambito extraurbano,07SIC008P,provincia,Verona,2021,4.0,%,Istat,"BES dei Territori (Bes at local level), DF_BES_TERRIT_0T, dominio BES_07"
Mortalità stradale in ambito extraurbano,07SIC008P,provincia,Verona,2022,5.3,%,Istat,"BES dei Territori (Bes at local level), DF_BES_TERRIT_0T, dominio BES_07"
Mortalità stradale in ambito extraurbano,07SIC008P,provincia,Verona,2023,3.4,%,Istat,"BES dei Territori (Bes at local level), DF_BES_TERRIT_0T, dominio BES_07"
Mortalità stradale in ambito extraurbano,07SIC008P,provincia,Vibo Valentia,2015,5.1,%,Istat,"BES dei Territori (Bes at local level), DF_BES_TERRIT_0T, dominio BES_07"
Mortalità stradale in ambito extraurbano,07SIC008P,provincia,Vibo Valentia,2016,6.3,%,Istat,"BES dei Territori (Bes at local level), DF_BES_TERRIT_0T, dominio BES_07"
Mortalità stradale in ambito extraurbano,07SIC008P,provincia,Vibo Valentia,2017,2.5,%,Istat,"BES dei Territori (Bes at local level), DF_BES_TERRIT_0T, dominio BES_07"
Mortalità stradale in ambito extraurbano,07SIC008P,provincia,Vibo Valentia,2018,8.8,%,Istat,"BES dei Territori (Bes at local level), DF_BES_TERRIT_0T, dominio BES_07"
Mortalità stradale in ambito extraurbano,07SIC008P,provincia,Vibo Valentia,2019,9.1,%,Istat,"BES dei Territori (Bes at local level), DF_BES_TERRIT_0T, dominio BES_07"
Mortalità stradale in ambito extraurbano,07SIC008P,provincia,Vibo Valentia,2020,1.8,%,Istat,"BES dei Territori (Bes at local level), DF_BES_TERRIT_0T, dominio BES_07"
Mortalità stradale in ambito extraurbano,07SIC008P,provincia,Vibo Valentia,2021,3.9,%,Istat,"BES dei Territori (Bes at local level), DF_BES_TERRIT_0T, dominio BES_07"
Mortalità stradale in ambito extraurbano,07SIC008P,provincia,Vibo Valentia,2022,3.6,%,Istat,"BES dei Territori (Bes at local level), DF_BES_TERRIT_0T, dominio BES_07"
Mortalità stradale in ambito extraurbano,07SIC008P,provincia,Vibo Valentia,2023,7.1,%,Istat,"BES dei Territori (Bes at local level), DF_BES_TERRIT_0T, dominio BES_07"
Mortalità stradale in ambito extraurbano,07SIC008P,provincia,Vicenza,2015,5.2,%,Istat,"BES dei Territori (Bes at local level), DF_BES_TERRIT_0T, dominio BES_07"
Mortalità stradale in ambito extraurbano,07SIC008P,provincia,Vicenza,2016,4.4,%,Istat,"BES dei Territori (Bes at local level), DF_BES_TERRIT_0T, dominio BES_07"
Mortalità stradale in ambito extraurbano,07SIC008P,provincia,Vicenza,2017,4.6,%,Istat,"BES dei Territori (Bes at local level), DF_BES_TERRIT_0T, dominio BES_07"
Mortalità stradale in ambito extraurbano,07SIC008P,provincia,Vicenza,2018,3.5,%,Istat,"BES dei Territori (Bes at local level), DF_BES_TERRIT_0T, dominio BES_07"
Mortalità stradale in ambito extraurbano,07SIC008P,provincia,Vicenza,2019,3.2,%,Istat,"BES dei Territori (Bes at local level), DF_BES_TERRIT_0T, dominio BES_07"
Mortalità stradale in ambito extraurbano,07SIC008P,provincia,Vicenza,2020,4.1,%,Istat,"BES dei Territori (Bes at local level), DF_BES_TERRIT_0T, dominio BES_07"
Mortalità stradale in ambito extraurbano,07SIC008P,provincia,Vicenza,2021,2.6,%,Istat,"BES dei Territori (Bes at local level), DF_BES_TERRIT_0T, dominio BES_07"
Mortalità stradale in ambito extraurbano,07SIC008P,provincia,Vicenza,2022,4.3,%,Istat,"BES dei Territori (Bes at local level), DF_BES_TERRIT_0T, dominio BES_07"
Mortalità stradale in ambito extraurbano,07SIC008P,provincia,Vicenza,2023,5.2,%,Istat,"BES dei Territori (Bes at local level), DF_BES_TERRIT_0T, dominio BES_07"
Mortalità stradale in ambito extraurbano,07SIC008P,provincia,Viterbo,2015,3.9,%,Istat,"BES dei Territori (Bes at local level), DF_BES_TERRIT_0T, dominio BES_07"
Mortalità stradale in ambito extraurbano,07SIC008P,provincia,Viterbo,2016,4.7,%,Istat,"BES dei Territori (Bes at local level), DF_BES_TERRIT_0T, dominio BES_07"
Mortalità stradale in ambito extraurbano,07SIC008P,provincia,Viterbo,2017,8.5,%,Istat,"BES dei Territori (Bes at local level), DF_BES_TERRIT_0T, dominio BES_07"
Mortalità stradale in ambito extraurbano,07SIC008P,provincia,Viterbo,2018,5.4,%,Istat,"BES dei Territori (Bes at local level), DF_BES_TERRIT_0T, dominio BES_07"
Mortalità stradale in ambito extraurbano,07SIC008P,provincia,Viterbo,2019,4.7,%,Istat,"BES dei Territori (Bes at local level), DF_BES_TERRIT_0T, dominio BES_07"
Mortalità stradale in ambito extraurbano,07SIC008P,provincia,Viterbo,2020,5.4,%,Istat,"BES dei Territori (Bes at local level), DF_BES_TERRIT_0T, dominio BES_07"
Mortalità stradale in ambito extraurbano,07SIC008P,provincia,Viterbo,2021,0.9,%,Istat,"BES dei Territori (Bes at local level), DF_BES_TERRIT_0T, dominio BES_07"
Mortalità stradale in ambito extraurbano,07SIC008P,provincia,Viterbo,2022,2.6,%,Istat,"BES dei Territori (Bes at local level), DF_BES_TERRIT_0T, dominio BES_07"
Mortalità stradale in ambito extraurbano,07SIC008P,provincia,Viterbo,2023,4.1,%,Istat,"BES dei Territori (Bes at local level), DF_BES_TERRIT_0T, dominio BES_07"
