id;indicatore;definizione;fonti;source_url;source_reference
76;Indice di povertà regionale (famiglie);Famiglie con spesa media mensile per consumi pari o inferiore alla soglia di povertà sul totale delle famiglie residenti, per cento. La soglia è calcolata rispetto al livello medio dei consumi di ogni anno.;Istat, Indagine sui consumi delle famiglie;https://www.istat.it/wp-content/uploads/2011/01/Documentazione.pdf;Indicatore A.08, tavola territoriale dismessa
901;PIL pro capite;Prodotto interno lordo ai prezzi di mercato per abitante, valori correnti. Conti economici territoriali, edizione dicembre 2025.;Istat, Conti economici territoriali;https://www.istat.it/it/archivio/conti+territoriali;Assoluti_Regione.csv, idIndicatore 901
902;Reddito disponibile delle famiglie per abitante;Reddito disponibile lordo delle famiglie consumatrici per abitante, valori correnti. Conti economici territoriali, edizione dicembre 2025.;Istat, Conti economici territoriali;https://www.istat.it/it/archivio/conti+territoriali;Assoluti_Regione.csv, idIndicatore 902
903;Valore aggiunto per abitante;Valore aggiunto ai prezzi base per abitante, valori correnti. Conti economici territoriali, edizione dicembre 2025.;Istat, Conti economici territoriali;https://www.istat.it/it/archivio/conti+territoriali;Assoluti_Regione.csv, idIndicatore 903
904;Valore aggiunto per unità di lavoro;Valore aggiunto ai prezzi base per unità di lavoro (produttività del lavoro), valori correnti. Conti economici territoriali, edizione dicembre 2025.;Istat, Conti economici territoriali;https://www.istat.it/it/archivio/conti+territoriali;Assoluti_Regione.csv, idIndicatore 904
905;Redditi da lavoro dipendente per unità di lavoro;Redditi da lavoro dipendente per unità di lavoro dipendente, valori correnti. Conti economici territoriali, edizione dicembre 2025.;Istat, Conti economici territoriali;https://www.istat.it/it/archivio/conti+territoriali;Assoluti_Regione.csv, idIndicatore 905
906;Reddito primario per abitante;Saldo dei redditi primari lordi delle famiglie per abitante (reddito da lavoro, da capitale e da impresa prima di imposte e trasferimenti), valori correnti. Conti economici territoriali Istat.;Istat, Conti economici territoriali;https://www.istat.it/it/archivio/conti+territoriali;Assoluti_Regione.csv, idIndicatore 906
907;Saldo della redistribuzione del reddito per abitante;Differenza tra reddito disponibile e reddito primario per abitante: saldo della distribuzione secondaria (prestazioni sociali ricevute meno imposte e contributi versati), valori correnti. Valori positivi indicano una regione beneficiaria netta, negativi contributrice netta. Conti economici territoriali Istat.;Istat, Conti economici territoriali;https://www.istat.it/it/archivio/conti+territoriali;Assoluti_Regione.csv, idIndicatore 907
910;Speranza di vita alla nascita;Numero medio di anni che un neonato può attendersi di vivere, indicatore di sintesi della sopravvivenza. Indicatori demografici Istat.;Istat, Indicatori demografici;https://www.istat.it/statistiche-per-temi/popolazione-e-famiglie/;Assoluti_Regione.csv, idIndicatore 910
911;Speranza di vita alla nascita (maschi);Numero medio di anni che un neonato maschio può attendersi di vivere. Indicatori demografici Istat.;Istat, Indicatori demografici;https://www.istat.it/statistiche-per-temi/popolazione-e-famiglie/;Assoluti_Regione.csv, idIndicatore 911
912;Speranza di vita alla nascita (femmine);Numero medio di anni che una neonata può attendersi di vivere. Indicatori demografici Istat.;Istat, Indicatori demografici;https://www.istat.it/statistiche-per-temi/popolazione-e-famiglie/;Assoluti_Regione.csv, idIndicatore 912
913;Speranza di vita a 65 anni;Numero medio di anni che una persona di 65 anni può attendersi di vivere ancora. Indicatori demografici Istat.;Istat, Indicatori demografici;https://www.istat.it/statistiche-per-temi/popolazione-e-famiglie/;Assoluti_Regione.csv, idIndicatore 913
920;Eta media della popolazione;Eta media della popolazione residente al primo gennaio. Indicatori demografici Istat.;Istat, Indicatori demografici;https://www.istat.it/statistiche-per-temi/popolazione-e-famiglie/;Assoluti_Regione.csv, idIndicatore 920
921;Indice di vecchiaia;Rapporto tra popolazione di 65 anni e oltre e popolazione di 0-14 anni, per cento. Indicatori demografici Istat.;Istat, Indicatori demografici;https://www.istat.it/statistiche-per-temi/popolazione-e-famiglie/;Assoluti_Regione.csv, idIndicatore 921
922;Numero medio di figli per donna;Numero medio di figli per donna in eta feconda (tasso di fecondita totale). Indicatori demografici Istat.;Istat, Indicatori demografici;https://www.istat.it/statistiche-per-temi/popolazione-e-famiglie/;Assoluti_Regione.csv, idIndicatore 922
923;Saldo migratorio totale;Saldo tra iscrizioni e cancellazioni anagrafiche, per mille abitanti. Indicatori demografici Istat.;Istat, Indicatori demografici;https://www.istat.it/statistiche-per-temi/popolazione-e-famiglie/;Assoluti_Regione.csv, idIndicatore 923
930;Indice di Gini del reddito;Indice di Gini del reddito netto familiare, esclusi i fitti imputati. Misura la disuguaglianza nella distribuzione del reddito (0 = uguaglianza perfetta). Indagine Eu-Silc, Reddito e condizioni di vita, Istat.;Istat, Reddito e condizioni di vita (Eu-Silc);https://www.istat.it/statistiche-per-temi/reddito-e-condizioni-di-vita/;Assoluti_Regione.csv, idIndicatore 930
bes:01SAL001;Speranza di vita alla nascita;La speranza di vita esprime il numero medio di anni che un bambino che nasce in un certo anno di calendario può aspettarsi di vivere.;Istat - Tavole di mortalità della popolazione italiana;https://www.istat.it/wp-content/uploads/2026/05/APPENDICE-STATISTICA-2.zip;Metadati.xlsx, codice 01SAL001
bes:01SAL002;Speranza di vita in buona salute alla nascita;"Esprime il numero medio di anni che un bambino che nasce in un determinato anno di calendario può aspettarsi di vivere in buone condizioni di salute, utilizzando la prevalenza di individui che rispondono positivamente (""bene"" o ""molto bene"") alla domanda sulla salute percepita.";Istat - Tavole di mortalità della popolazione italiana e Indagine multiscopo sugli aspetti della vita quotidiana;https://www.istat.it/wp-content/uploads/2026/05/APPENDICE-STATISTICA-2.zip;Metadati.xlsx, codice 01SAL002
bes:01SAL003;Indice di salute mentale (MH);L'indice di salute mentale è una misura di disagio psicologico (psychological distress) ottenuta dalla sintesi dei punteggi totalizzati da ciascun individuo di 14 anni e più a 5 quesiti estratti dal questionario SF36 (36-Item Short Form Survey). I quesiti fanno riferimento alle quattro dimensioni principali della salute mentale (ansia, depressione, perdita di controllo comportamentale o emozionale e benessere psicologico). L'indice è un punteggio standardizzato che varia tra 0 e 100, con migliori condizioni di benessere psicologico al crescere del valore dell'indice.;Istat - Indagine multiscopo sugli aspetti della vita quotidiana;https://www.istat.it/wp-content/uploads/2026/05/APPENDICE-STATISTICA-2.zip;Metadati.xlsx, codice 01SAL003
bes:01SAL004;Mortalità infantile;Decessi nel primo anno di vita per 1.000 nati vivi residenti.;Istat - Per i decessi: Indagine sui decessi e sulle cause di morte. Per i nati vivi: Rilevazione annuale Movimento e calcolo della popolazione residente;https://www.istat.it/wp-content/uploads/2026/05/APPENDICE-STATISTICA-2.zip;Metadati.xlsx, codice 01SAL004
bes:01SAL005;Mortalità per incidenti stradali (15-34 anni);Tassi di mortalità per incidenti stradali standardizzati con la popolazione europea al 2013 all'interno della classe di età 15-34 anni, per 10.000 residenti.;Istat - Per i decessi: Rilevazione degli incidenti stradali con lesioni alle persone. Per la popolazione: Rilevazione sulla Popolazione residente comunale per sesso, anno di nascita e stato civile;https://www.istat.it/wp-content/uploads/2026/05/APPENDICE-STATISTICA-2.zip;Metadati.xlsx, codice 01SAL005
bes:01SAL006;Mortalità per tumore (20-64 anni);Tassi di mortalità per tumori (causa iniziale) standardizzati con la popolazione europea al 2013 all'interno della classe di età 20-64 anni, per 10.000 residenti.;Istat - Per i decessi: Istat, Indagine sui decessi e sulle cause di morte. Per la popolazione: Istat, Rilevazione sulla Popolazione residente comunale.;https://www.istat.it/wp-content/uploads/2026/05/APPENDICE-STATISTICA-2.zip;Metadati.xlsx, codice 01SAL006
bes:01SAL007;Mortalità per demenze e malattie del sistema nervoso (65 anni e più);Tassi di mortalità per malattie del sistema nervoso e disturbi psichici e comportamentali (causa iniziale) standardizzati con la popolazione europea al 2013 all'interno della classe di età 65 anni e più, per 10.000 residenti.;Istat - Per i decessi: Istat, Indagine sui decessi e sulle cause di morte. Per la popolazione: Istat, Rilevazione sulla Popolazione residente comunale.;https://www.istat.it/wp-content/uploads/2026/05/APPENDICE-STATISTICA-2.zip;Metadati.xlsx, codice 01SAL007
bes:01SAL008;Speranza di vita senza limitazioni nelle attività a 65 anni;Esprime il numero medio di anni che una persona di 65 anni può aspettarsi di vivere senza subire limitazioni nelle attività per problemi di salute, utilizzando la quota di persone che hanno risposto di avere delle limitazioni, da almeno 6 mesi, a causa di problemi di salute nel compiere le attività che abitualmente le persone svolgono.;Istat - Tavole di mortalità della popolazione italiana e Indagine multiscopo sugli aspetti della vita quotidiana;https://www.istat.it/wp-content/uploads/2026/05/APPENDICE-STATISTICA-2.zip;Metadati.xlsx, codice 01SAL008
bes:01SAL009;Eccesso di peso (tassi standardizzati);Proporzione standardizzata con la popolazione europea al 2013 di persone di 18 anni e più in sovrappeso o obese sul totale delle persone di 18 anni e più. L'indicatore fa riferimento alla classificazione dell'Organizzazione mondiale della sanità (Oms) dell'Indice di Massa corporea (Imc: rapporto tra il peso, in kg, e il quadrato dell'altezza in metri).;Istat - Indagine multiscopo sugli aspetti della vita quotidiana;https://www.istat.it/wp-content/uploads/2026/05/APPENDICE-STATISTICA-2.zip;Metadati.xlsx, codice 01SAL009
bes:01SAL010;Fumo (tassi standardizzati);Proporzione standardizzata con la popolazione europea al 2013 di persone di 14 anni e più che dichiarano di fumare attualmente sul totale delle persone di 14 anni e più.;Istat - Indagine multiscopo sugli aspetti della vita quotidiana;https://www.istat.it/wp-content/uploads/2026/05/APPENDICE-STATISTICA-2.zip;Metadati.xlsx, codice 01SAL010
bes:01SAL011;Alcol (tassi standardizzati);Proporzione standardizzata con la popolazione europea al 2013 di persone di 14 anni e più che presentano almeno un comportamento a rischio nel consumo di alcol sul totale delle persone di 14 anni e più. Tenendo conto delle raccomandazioni pubblicate dal Ministero della Salute acquisite dai “Livelli di assunzione di riferimento di nutrienti” (LARN 2014) e in accordo con l'Istituto Superiore di Sanità, si individuano come “consumatori a rischio” tutti quegli individuiche praticano almeno uno dei comportamenti a rischio,eccedendo nel consumo quotidiano di alcol (secondosoglie specifiche per sesso e età) o concentrando inun’unica occasione di consumo l’assunzione di 6 o oltreunità alcoliche di una qualsiasi bevanda (binge drinking).;Istat - Indagine multiscopo sugli aspetti della vita quotidiana;https://www.istat.it/wp-content/uploads/2026/05/APPENDICE-STATISTICA-2.zip;Metadati.xlsx, codice 01SAL011
bes:01SAL012;Sedentarietà (tassi standardizzati);Proporzione standardizzata con la popolazione europea al 2013 di persone di 14 anni e più che non praticano alcuna attività fisica sul totale delle persone di 14 anni e più. L'indicatore si riferisce alle persone che non praticano sport né continuamente né saltuariamente nel tempo libero e che non svolgono alcun tipo di attività fisica nel tempo libero (come passeggiate di almeno 2 km, nuotare, andare in bicicletta, ecc.).;Istat - Indagine multiscopo sugli aspetti della vita quotidiana;https://www.istat.it/wp-content/uploads/2026/05/APPENDICE-STATISTICA-2.zip;Metadati.xlsx, codice 01SAL012
bes:01SAL013;Adeguata alimentazione (tassi standardizzati);Proporzione standardizzata con la popolazione europea al 2013 di persone di 3 anni e più che consumano quotidianamente almeno 4 porzioni di frutta e/o verdura sul totale delle persone di 3 anni e più.;Istat - Indagine multiscopo sugli aspetti della vita quotidiana;https://www.istat.it/wp-content/uploads/2026/05/APPENDICE-STATISTICA-2.zip;Metadati.xlsx, codice 01SAL013
bes:01SAL020;Mortalità evitabile (0-74 anni);Decessi di persone di 0-74 anni la cui causa di morte è identificata come trattabile (gran parte dei decessi per tale causa potrebbe essere evitata grazie a un'assistenza sanitaria tempestiva ed efficace, che include la prevenzione secondaria e i trattamenti) o prevenibile (gran parte dei decessi per tale causa potrebbe essere evitata con efficaci interventi di prevenzione primaria e di salute pubblica). La definizione delle liste di cause trattabili e prevenibili si basa sul lavoro congiunto OECD/Eurostat, rivisto nel novembre 2019. Tassi standardizzati con la popolazione europea al 2013 all'interno della classe di età 0-74 per 10.000 residenti.;Istat - Indagine sui decessi e sulle cause di morte;https://www.istat.it/wp-content/uploads/2026/05/APPENDICE-STATISTICA-2.zip;Metadati.xlsx, codice 01SAL020
bes:01SAL021;Multicronicità e limitazioni gravi (75 anni e più);Percentuale di persone di 75 anni e più che dichiarano di essere affette da 3 o più patologie croniche e/o di avere gravi limitazioni, da almeno 6 mesi, a causa di problemi di salute nel compiere le attività che abitualmente le persone svolgono.;Istat - Indagine multiscopo sugli aspetti della vita quotidiana;https://www.istat.it/wp-content/uploads/2026/05/APPENDICE-STATISTICA-2.zip;Metadati.xlsx, codice 01SAL021
bes:02IST001;Partecipazione al sistema scolastico dei bambini di 4-5 anni;Percentuale di bambini di 4-5 anni che frequentano la scuola dell'infanzia o il primo anno di scuola primaria sul totale dei bambini di 4-5 anni.;Istat - Elaborazione su dati Ministero dell'Istruzione e del Merito;https://www.istat.it/wp-content/uploads/2026/05/APPENDICE-STATISTICA-2.zip;Metadati.xlsx, codice 02IST001
bes:02IST002-N22;Persone con almeno il diploma (25-64 anni);Percentuale di persone di 25-64 anni che hanno completato almeno la scuola secondaria di II grado (titolo non inferiore a Isced 3) sul totale delle persone di 25-64 anni.;Istat - Rilevazione sulle Forze di lavoro;https://www.istat.it/wp-content/uploads/2026/05/APPENDICE-STATISTICA-2.zip;Metadati.xlsx, codice 02IST002-N22
bes:02IST003P-N22;Laureati e altri titoli terziari (25-39 anni);Percentuale di persone di 25-39 anni che hanno conseguito un titolo di livello terziario (ISCED 5, 6, 7 o 8) sul totale delle persone di 25-39 anni.;Istat, Rilevazione sulle Forze di lavoro;https://www.istat.it/wp-content/uploads/2024/07/Bes_dei_territori_edizione_2024_18122024_IT_EC.zip;Metadati_IT_ed.2024.xlsx, codice 02IST003P-N22
bes:02IST004;Passaggio all'università;Percentuale di neo-diplomati che si iscrivono per la prima volta all'università nello stesso anno in cui hanno conseguito il diploma di scuola secondaria di II grado (tasso specifico di coorte). Sono esclusi gli iscritti a Istituti Tecnici Superiori, Istituti di Alta Formazione Artistica, Musicale e Coreutica, Scuole superiori per Mediatori linguistici e presso università straniere.;"Ministero dell'Istruzione e del Merito; Ministero dell'Università e Ricerca";https://www.istat.it/wp-content/uploads/2026/05/APPENDICE-STATISTICA-2.zip;Metadati.xlsx, codice 02IST004
bes:02IST005-N22;Uscita precoce dal sistema di istruzione e formazione;Percentuale di persone di 18-24 anni con al più il diploma di scuola secondaria di primo grado (licenza media) non inserite in un percorso di istruzione o formazione.;Istat - Rilevazione sulle Forze di lavoro;https://www.istat.it/wp-content/uploads/2026/05/APPENDICE-STATISTICA-2.zip;Metadati.xlsx, codice 02IST005-N22
bes:02IST006-N22;Giovani che non lavorano e non studiano (NEET);Percentuale di persone di 15-29 anni né occupate né inserite in un percorso di istruzione o formazione sul totale delle persone di 15-29 anni.;Istat - Rilevazione sulle Forze di lavoro;https://www.istat.it/wp-content/uploads/2026/05/APPENDICE-STATISTICA-2.zip;Metadati.xlsx, codice 02IST006-N22
bes:02IST007-N22;Partecipazione alla formazione continua;Percentuale di persone di 25-64 anni che hanno partecipato ad attività di istruzione e formazione nelle 4 settimane precedenti l'intervista sul totale delle persone di 25-64 anni.;Istat - Rilevazione sulle Forze di lavoro;https://www.istat.it/wp-content/uploads/2026/05/APPENDICE-STATISTICA-2.zip;Metadati.xlsx, codice 02IST007-N22
bes:02IST010P;Competenza numerica non adeguata (studenti classi III scuola secondaria primo grado);Percentuale di studenti delle classi III della scuola secondaria di primo grado che non raggiungono un livello sufficiente (Livello I + Livello II di 5 livelli) di competenza numerica.;Invalsi, Rilevazioni nazionali sugli apprendimenti;https://www.istat.it/wp-content/uploads/2024/07/Bes_dei_territori_edizione_2024_18122024_IT_EC.zip;Metadati_IT_ed.2024.xlsx, codice 02IST010P
bes:02IST011P;Competenza alfabetica non adeguata (studenti classi III scuola secondaria primo grado);Percentuale di studenti delle classi III della scuola secondaria di primo grado che non raggiungono un livello sufficiente (Livello I + Livello II di 5 livelli) di competenza alfabetica.;Invalsi, Rilevazioni nazionali sugli apprendimenti;https://www.istat.it/wp-content/uploads/2024/07/Bes_dei_territori_edizione_2024_18122024_IT_EC.zip;Metadati_IT_ed.2024.xlsx, codice 02IST011P
bes:02IST020;Bambini di 0-2 anni iscritti al nido;Bambini di 0-2 anni iscritti al nido (per 100 bambini di 0-2 anni).;Istat - Indagine multiscopo sugli aspetti della vita quotidiana;https://www.istat.it/wp-content/uploads/2026/05/APPENDICE-STATISTICA-2.zip;Metadati.xlsx, codice 02IST020
bes:02IST021;Persone che conseguono un titolo terziario STEM nell'anno;Rapporto tra i residenti nella regione che hanno conseguito nell’anno solare di riferimento un titolo di livello terziario nelle discipline scientifico-tecnologiche e la popolazione di 20-29 anni della stessa regione, per mille. Il numeratore comprende i laureati, i dottori di ricerca, i diplomati dei corsi di specializzazione, dei master di I e II livello e degli ITS (livelli 5-8 della classificazione internazionale Isced 2011) che hanno conseguito il titolo nelle aree disciplinari di Scienze naturali, Fisica, Matematica, Statistica, Informatica, Ingegneria dell’informazione, Ingegneria industriale, Architettura e Ingegneria civile.;Istat - Elaborazione su dati Ministero dell'Università e della Ricerca;https://www.istat.it/wp-content/uploads/2026/05/APPENDICE-STATISTICA-2.zip;Metadati.xlsx, codice 02IST021
bes:02IST022;Partecipazione culturale fuori casa;"Percentuale di persone di 6 anni e più che hanno praticato 2 o più attività culturali nei 12 mesi precedenti l’intervista sul totale delle persone di 6 anni e più. Le attività considerate sono 6: si sono recate almeno quattro volte al cinema; almeno una volta rispettivamente a: teatro; musei e/o mostre; siti archeologici, monumenti; concerti di musica classica, opera; concerti di altra musica.";Istat - Indagine multiscopo sugli aspetti della vita quotidiana;https://www.istat.it/wp-content/uploads/2026/05/APPENDICE-STATISTICA-2.zip;Metadati.xlsx, codice 02IST022
bes:02IST023;Lettura di libri e quotidiani;Percentuale di persone di 6 anni e più che hanno letto almeno quattro libri l’anno (libri cartacei, e-book, libri on line, audiolibri) per motivi non strettamente scolastici o professionali e/o hanno letto quotidiani (cartacei e/o on line) almeno tre volte a settimana sul totale delle persone di 6 anni e più.;Istat - Indagine multiscopo sugli aspetti della vita quotidiana;https://www.istat.it/wp-content/uploads/2026/05/APPENDICE-STATISTICA-2.zip;Metadati.xlsx, codice 02IST023
bes:02IST024;Fruizione delle biblioteche;Percentuale di persone di 3 anni e più che sono andate in biblioteca almeno una volta nei 12 mesi precedenti l'intervista sul totale delle persone di 3 anni e più.;Istat - Indagine multiscopo sugli aspetti della vita quotidiana;https://www.istat.it/wp-content/uploads/2026/05/APPENDICE-STATISTICA-2.zip;Metadati.xlsx, codice 02IST024
bes:02IST025;Competenze digitali almeno di base;Persone di 16-74 anni che hanno competenze digitali almeno di base per tutti i 5 domini individuati dal “Digital competence framework 2.0”. I domini considerati sono Alfabetizzazione su informazioni e dati, Comunicazione e collaborazione, Creazione di contenuti digitali, Sicurezza, Risoluzione di problemi. Per ogni dominio in base al numero di attività svolte vengono definiti due livelli di competenza “base” e “superiore a base”.;Istat - Indagine multiscopo sugli aspetti della vita quotidiana;https://www.istat.it/wp-content/uploads/2026/05/APPENDICE-STATISTICA-2.zip;Metadati.xlsx, codice 02IST025
bes:02IST026-N22;Laureati e altri titoli terziari (25-34 anni);Percentuale di persone di 25-34 anni che hanno conseguito un titolo di livello terziario (Isced 5, 6, 7 o 8) sul totale delle persone di 25-34 anni.;Istat - Rilevazione sulle Forze di lavoro;https://www.istat.it/wp-content/uploads/2026/05/APPENDICE-STATISTICA-2.zip;Metadati.xlsx, codice 02IST026-N22
bes:03LAV001-N22;Tasso di occupazione (20-64 anni);Percentuale di occupati di 20-64 anni sulla popolazione di 20-64 anni.;Istat - Rilevazione sulle Forze di lavoro;https://www.istat.it/wp-content/uploads/2026/05/APPENDICE-STATISTICA-2.zip;Metadati.xlsx, codice 03LAV001-N22
bes:03LAV002-N22;Tasso di mancata partecipazione al lavoro;"Rapporto tra la somma di disoccupati e inattivi ""disponibili"" (persone che non hanno cercato lavoro nelle ultime 4 settimane ma sono disponibili a lavorare), e la somma di forze lavoro (insieme di occupati e disoccupati) e inattivi ""disponibili"", riferito alla popolazione tra 15 e 74 anni.";Istat - Rilevazione sulle Forze di lavoro;https://www.istat.it/wp-content/uploads/2026/05/APPENDICE-STATISTICA-2.zip;Metadati.xlsx, codice 03LAV002-N22
bes:03LAV003;Trasformazioni da lavori instabili a lavori stabili;Percentuale di occupati in lavori instabili al tempo t0 (dipendenti a termine + collaboratori) che a un anno di distanza svolgono un lavoro stabile (dipendenti a tempo indeterminato) sul totale degli occupati in lavori instabili al tempo t0.;Istat - Rilevazione sulle Forze di lavoro;https://www.istat.it/wp-content/uploads/2026/05/APPENDICE-STATISTICA-2.zip;Metadati.xlsx, codice 03LAV003
bes:03LAV003P-N22;Tasso di occupazione giovanile (15-29 anni);Percentuale di occupati di 15-29 anni sulla popolazione di 15-29 anni.;Istat, Rilevazione sulle Forze di lavoro;https://www.istat.it/wp-content/uploads/2024/07/Bes_dei_territori_edizione_2024_18122024_IT_EC.zip;Metadati_IT_ed.2024.xlsx, codice 03LAV003P-N22
bes:03LAV004-N22;Occupati in lavori a termine da almeno 5 anni;Percentuale di dipendenti a tempo determinato e collaboratori che hanno iniziato l'attuale lavoro da almeno 5 anni sul totale dei dipendenti a tempo determinato e collaboratori.;Istat - Rilevazione sulle Forze di lavoro;https://www.istat.it/wp-content/uploads/2026/05/APPENDICE-STATISTICA-2.zip;Metadati.xlsx, codice 03LAV004-N22
bes:03LAV004P;Giornate retribuite nell'anno (lavoratori dipendenti);Rapporto percentuale tra il numero medio di giornate di lavoro effettivamente retribuite nell'anno a un lavoratore dipendente assicurato Inps ed il numero teorico delle giornate retribuite in un anno a un lavoratore dipendente occupato a tempo pieno (312 giorni).;Istat, Elaborazioni su dati Inps - Osservatorio sui lavoratori dipendenti;https://www.istat.it/wp-content/uploads/2024/07/Bes_dei_territori_edizione_2024_18122024_IT_EC.zip;Metadati_IT_ed.2024.xlsx, codice 03LAV004P
bes:03LAV005;Dipendenti con bassa paga;Percentuale di dipendenti con una retribuzione oraria inferiore a 2/3 di quella mediana sul totale dei dipendenti.;Istat - Rilevazione sulle Forze di lavoro;https://www.istat.it/wp-content/uploads/2026/05/APPENDICE-STATISTICA-2.zip;Metadati.xlsx, codice 03LAV005
bes:03LAV006-N25;Occupati sovraistruiti tra i laureati (25-64 anni);Percentuale di occupati di 25-64 anni con titolo di studio terziario (ISCED 5-8) che svolgono una professione di media o bassa qualifica (ISCO 4-9) sul totale degli occupati con titolo di studio terziario.;Istat - Rilevazione sulle Forze di lavoro;https://www.istat.it/wp-content/uploads/2026/05/APPENDICE-STATISTICA-2.zip;Metadati.xlsx, codice 03LAV006-N25
bes:03LAV006P-N22;Tasso di mancata partecipazione al lavoro giovanile (15-29 anni);Percentuale di disoccupati di 15-29 anni + forze di lavoro potenziali di 15-29 anni che non cercano lavoro nelle 4 settimane ma sono disponibili a lavorare sul totale delle forze di lavoro 15-29 anni + forze di lavoro potenziali 15-29 anni che non cercano lavoro nelle 4 settimane ma sono disponibili a lavorare.;Istat, Rilevazione sulle Forze di lavoro;https://www.istat.it/wp-content/uploads/2024/07/Bes_dei_territori_edizione_2024_18122024_IT_EC.zip;Metadati_IT_ed.2024.xlsx, codice 03LAV006P-N22
bes:03LAV007;Tasso di infortuni sul lavoro mortali e con inabilità permanente;Numero di infortuni sul lavoro mortali e con inabilità permanente sul totale degli occupati (al netto delle forze armate) per 10.000.;Inail;https://www.istat.it/wp-content/uploads/2026/05/APPENDICE-STATISTICA-2.zip;Metadati.xlsx, codice 03LAV007
bes:03LAV008;Occupati non regolari;Percentuale di occupati che non rispettano la normativa vigente in materia lavoristica, fiscale e contributiva sul totale degli occupati.;Istat - Contabilità Nazionale;https://www.istat.it/wp-content/uploads/2026/05/APPENDICE-STATISTICA-2.zip;Metadati.xlsx, codice 03LAV008
bes:03LAV009-N22;Rapporto tra i tassi di occupazione (25-49 anni) delle donne con figli in età prescolare e delle donne senza figli;Tasso di occupazione delle donne di 25-49 anni con almeno un figlio in età 0-5 anni sul tasso di occupazione delle donne di 25-49 anni senza figli per 100.;Istat - Rilevazione sulle Forze di lavoro;https://www.istat.it/wp-content/uploads/2026/05/APPENDICE-STATISTICA-2.zip;Metadati.xlsx, codice 03LAV009-N22
bes:03LAV010;Occupati (15-64 anni) che svolgono più di 60 ore settimanali di lavoro retribuito e/o familiare;Percentuale di occupati di 15-64 anni che svolgono più di 60 ore settimanali di lavoro retribuito e/o familiare sul totale degli occupati di 15-64 anni.;Istat - Indagine Uso del tempo;https://www.istat.it/wp-content/uploads/2026/05/APPENDICE-STATISTICA-2.zip;Metadati.xlsx, codice 03LAV010
bes:03LAV013-N22;Percezione di insicurezza dell'occupazione;Percentuale di occupati che nei successivi 6 mesi ritengono sia probabile perdere il lavoro attuale e sia poco o per nulla probabile trovarne un altro simile sul totale degli occupati.;Istat - Rilevazione sulle Forze di lavoro;https://www.istat.it/wp-content/uploads/2026/05/APPENDICE-STATISTICA-2.zip;Metadati.xlsx, codice 03LAV013-N22
bes:03LAV014-N22;Part time involontario;Percentuale di occupati che dichiarano di svolgere un lavoro a tempo parziale perché non ne hanno trovato uno a tempo pieno sul totale degli occupati.;Istat - Rilevazione sulle Forze di lavoro;https://www.istat.it/wp-content/uploads/2026/05/APPENDICE-STATISTICA-2.zip;Metadati.xlsx, codice 03LAV014-N22
bes:03LAV020;Asimmetria nel lavoro familiare;Tempo dedicato al lavoro familiare dalla donna di 25-44 anni sul totale del tempo dedicato al lavoro familiare da entrambi i partner, moltiplicato per 100. L'indicatore è calcolato per le coppie con entrambi i partner occupati in cui la donna ha un'età tra 25 e 44 anni. L'indicatore deriva dalla fonte Indagine Uso del tempo per gli anni 2008-09 e 2013-14, per gli anni intermedi e successivi vengono fornite delle stime basate sull'andamento del fenomeno desunto dall'Indagine Aspetti della vita quotidiana.;"Istat - Indagine Uso del tempo; Indagine multiscopo sugli aspetti della vita quotidiana";https://www.istat.it/wp-content/uploads/2026/05/APPENDICE-STATISTICA-2.zip;Metadati.xlsx, codice 03LAV020
bes:03LAV021-N22;Occupati che lavorano da casa;Percentuale di occupati che hanno svolto il loro lavoro da casa nelle ultime 4 settimane sul totale degli occupati.;Istat - Rilevazione sulle Forze di lavoro;https://www.istat.it/wp-content/uploads/2026/05/APPENDICE-STATISTICA-2.zip;Metadati.xlsx, codice 03LAV021-N22
bes:03LAV022-N22;Soddisfazione per il lavoro svolto;Percentuale di occupati che hanno espresso un punteggio medio di soddisfazione tra 8 e 10 per i seguenti aspetti del lavoro svolto: guadagno, opportunità di carriera, numero di ore lavorate, stabilità del posto, distanza casa-lavoro, interesse per il lavoro.;Istat - Rilevazione sulle Forze di lavoro;https://www.istat.it/wp-content/uploads/2026/05/APPENDICE-STATISTICA-2.zip;Metadati.xlsx, codice 03LAV022-N22
bes:04BEC001;Reddito disponibile lordo pro capite;Rapporto tra il reddito disponibile lordo delle famiglie consumatrici e il numero totale di persone residenti (prezzi correnti).;Istat - Conti Nazionali;https://www.istat.it/wp-content/uploads/2026/05/APPENDICE-STATISTICA-2.zip;Metadati.xlsx, codice 04BEC001
bes:04BEC001P;Reddito medio disponibile pro capite;Rapporto tra il totale del reddito disponibile delle delle famiglie consumatrici e il numero totale di persone residenti (in euro correnti).;Istituto Tagliacarne, Stime provinciali degli aggregati macroeconomici;https://www.istat.it/wp-content/uploads/2024/07/Bes_dei_territori_edizione_2024_18122024_IT_EC.zip;Metadati_IT_ed.2024.xlsx, codice 04BEC001P
bes:04BEC002;Disuguaglianza del reddito netto (s80/s20);Rapporto fra il reddito equivalente totale ricevuto dal 20% della popolazione con il più alto reddito e quello ricevuto dal 20% della popolazione con il più basso reddito.;Istat - Indagine Eu-Silc;https://www.istat.it/wp-content/uploads/2026/05/APPENDICE-STATISTICA-2.zip;Metadati.xlsx, codice 04BEC002
bes:04BEC002P;Retribuzione media annua dei lavoratori dipendenti;Rapporto tra la retribuzione totale annua (al lordo Irpef) dei lavoratori dipendenti del settore privato non agricolo assicurati presso l'Inps e il numero dei lavoratori dipendenti (in euro).;Istat, Elaborazioni su dati Inps - Osservatorio sui lavoratori dipendenti;https://www.istat.it/wp-content/uploads/2024/07/Bes_dei_territori_edizione_2024_18122024_IT_EC.zip;Metadati_IT_ed.2024.xlsx, codice 04BEC002P
bes:04BEC003;Rischio di povertà;Percentuale di persone che vivono in famiglie con un reddito netto equivalente inferiore a una soglia di rischio di povertà, fissata al 60% della mediana della distribuzione individuale del reddito netto equivalente. L'anno di riferimento del reddito è l’anno solare precedente quello di indagine.;Istat - Indagine Eu-Silc;https://www.istat.it/wp-content/uploads/2026/05/APPENDICE-STATISTICA-2.zip;Metadati.xlsx, codice 04BEC003
bes:04BEC004;Ricchezza netta media pro capite;Rapporto tra il totale della ricchezza netta delle famiglie e il numero totale di persone residenti (in euro).;Banca d'Italia - Indagine sui bilanci delle famiglie italiane (SHIW);https://www.istat.it/wp-content/uploads/2026/05/APPENDICE-STATISTICA-2.zip;Metadati.xlsx, codice 04BEC004
bes:04BEC005P;Importo medio annuo pro-capite dei redditi pensionistici;Rapporto tra l'importo complessivo delle pensioni erogate nell'anno (in euro) e il numero dei pensionati.;Istat, Statistiche della previdenza e dell'assistenza sociale;https://www.istat.it/wp-content/uploads/2024/07/Bes_dei_territori_edizione_2024_18122024_IT_EC.zip;Metadati_IT_ed.2024.xlsx, codice 04BEC005P
bes:04BEC006-N23;Povertà assoluta individuale (incidenza);Rapporto fra individui appartenenti a famiglie con una spesa complessiva per consumi uguale o inferiore al valore soglia di povertà assoluta sul totale delle persone residenti.;Istat - Indagine sulle Spese delle famiglie;https://www.istat.it/wp-content/uploads/2026/05/APPENDICE-STATISTICA-2.zip;Metadati.xlsx, codice 04BEC006-N23
bes:04BEC006P;Pensionati con reddito pensionistico di basso importo;Percentuale di pensionati che percepiscono un reddito pensionistico lordo mensile inferiore a 500 euro sul totale dei pensionati.;Istat, Statistiche della previdenza e dell'assistenza sociale;https://www.istat.it/wp-content/uploads/2024/07/Bes_dei_territori_edizione_2024_18122024_IT_EC.zip;Metadati_IT_ed.2024.xlsx, codice 04BEC006P
bes:04BEC007-N23;Grave deprivazione materiale e sociale - Europa 2030;"Percentuale di persone che registrano almeno sette segnali di deprivazione materiale e sociale su una lista di tredici (sette relativi alla famiglia e sei relativi all’individuo) indicati di seguito. Segnali familiari: 1) non poter sostenere spese impreviste (l’importo di riferimento per le spese impreviste è pari a circa 1/12 del valore della soglia di povertà annuale calcolata con riferimento a due anni precedenti l’indagine); 2) non potersi permettere una settimana di vacanza all’anno lontano da casa; 3) essere in arretrato nel pagamento di bollette, affitto, mutuo o altro tipo di prestito; 4) non potersi permettere un pasto adeguato almeno una volta ogni due giorni, cioè con proteine della carne, del pesce o equivalente vegetariano; 5) non poter riscaldare adeguatamente l’abitazione; 6) non potersi permettere un’automobile; 7) non poter sostituire mobili danneggiati o fuori uso con altri in buono stato. Segnali individuali: 8) non potersi permettere una connessione internet utilizzabile a casa; 9) non poter sostituire gli abiti consumati con capi di abbigliamento nuovi; 10) non potersi permettere due paia di scarpe in buone condizioni per tutti i giorni; 11) non potersi permettere di spendere quasi tutte le settimane una piccola somma di denaro per le proprie esigenze personali; 12) non potersi permettere di svolgere regolarmente attività di svago fuori casa a pagamento; 13) non potersi permettere di incontrare familiari e/o amici per bere o mangiare insieme almeno una volta al mese.";Istat - Indagine Eu-Silc;https://www.istat.it/wp-content/uploads/2026/05/APPENDICE-STATISTICA-2.zip;Metadati.xlsx, codice 04BEC007-N23
bes:04BEC008;Grave deprivazione abitativa;"Percentuale di persone che vivono in abitazioni sovraffollate e che presentano almeno uno tra i seguenti tre problemi: a) problemi strutturali dell'abitazione (soffitti, infissi, ecc.); b) non avere bagno/doccia con acqua corrente; c) problemi di luminosità.";Istat - Indagine Eu-Silc;https://www.istat.it/wp-content/uploads/2026/05/APPENDICE-STATISTICA-2.zip;Metadati.xlsx, codice 04BEC008
bes:04BEC009;Grande difficoltà ad arrivare a fine mese;Quota di persone in famiglie che alla domanda “Tenendo conto di tutti i redditi disponibili, come riesce la Sua famiglia ad arrivare alla fine del mese?” scelgono la modalità di risposta “Con grande difficoltà”.;Istat - Indagine Eu-Silc;https://www.istat.it/wp-content/uploads/2026/05/APPENDICE-STATISTICA-2.zip;Metadati.xlsx, codice 04BEC009
bes:04BEC009P;Tasso di ingresso in sofferenza dei prestiti bancari alle famiglie;Rapporto percentuale tra le consistenze delle nuove sofferenze nell'anno (prestiti a soggetti dichiarati insolventi o difficili da recuperare nel corso dell'anno) e lo stock dei prestiti non in sofferenza nell'anno.;Banca d'Italia, Centrale dei rischi;https://www.istat.it/wp-content/uploads/2024/07/Bes_dei_territori_edizione_2024_18122024_IT_EC.zip;Metadati_IT_ed.2024.xlsx, codice 04BEC009P
bes:04BEC010-N23;Bassa intensità di lavoro - Europa 2030;Percentuale di persone che vivono in famiglie per le quali il rapporto fra il numero totale di mesi lavorati dai componenti della famiglia durante l’anno di riferimento dei redditi (quello precedente all’anno di rilevazione) e il numero totale di mesi teoricamente disponibili per attività lavorative è inferiore a 0,20. Ai fini del calcolo di tale rapporto, si considerano i membri della famiglia di età compresa fra i 18 e i 64 anni, escludendo: gli studenti nella fascia di età tra i 18 e i 24 anni, coloro che si definiscono ritirati dal lavoro o che percepiscono un qualunque tipo di pensione (escluse quelle di reversibilità o ai superstiti), gli inattivi nella fascia di età tra i 60 e i 64 anni che vivono in famiglie dove la principale fonte di reddito è da pensione (escluse quelle di reversibilità o ai superstiti). Le famiglie composte soltanto da minori, da studenti di età inferiore a 25 anni e da persone di 65 anni o più non sono incluse nel calcolo dell'indicatore.;Istat - Indagine Eu-Silc;https://www.istat.it/wp-content/uploads/2026/05/APPENDICE-STATISTICA-2.zip;Metadati.xlsx, codice 04BEC010-N23
bes:04BEC020;Situazione economica della famiglia;Famiglie che dichiarano che la propria situazione economica è peggiorata o molto peggiorata rispetto all’anno precedente.;Istat - Indagine multiscopo sugli aspetti della vita quotidiana;https://www.istat.it/wp-content/uploads/2026/05/APPENDICE-STATISTICA-2.zip;Metadati.xlsx, codice 04BEC020
bes:05REL001;Soddisfazione per le relazioni familiari;Percentuale di persone di 14 anni e più che sono molto soddisfatte delle relazioni familiari sul totale delle persone di 14 anni e più.;Istat - Indagine multiscopo sugli aspetti della vita quotidiana;https://www.istat.it/wp-content/uploads/2026/05/APPENDICE-STATISTICA-2.zip;Metadati.xlsx, codice 05REL001
bes:05REL002;Soddisfazione per le relazioni amicali;Percentuale di persone di 14 anni e più che sono molto soddisfatte delle relazioni con amici sul totale delle persone di 14 anni e più.;Istat - Indagine multiscopo sugli aspetti della vita quotidiana;https://www.istat.it/wp-content/uploads/2026/05/APPENDICE-STATISTICA-2.zip;Metadati.xlsx, codice 05REL002
bes:05REL003;Persone su cui contare;Percentuale di persone di 14 anni e più che hanno parenti non conviventi (escludendo genitori, figli, fratelli, sorelle, nonni, nipoti), amici o vicini su cui contare sul totale delle persone di 14 anni e più.;Istat - Indagine multiscopo sugli aspetti della vita quotidiana;https://www.istat.it/wp-content/uploads/2026/05/APPENDICE-STATISTICA-2.zip;Metadati.xlsx, codice 05REL003
bes:05REL005;Partecipazione civica e politica;"Percentuale di persone di 14 anni e più che svolgono almeno una attività di partecipazione civica e politica sul totale delle persone di 14 anni e più. Le attività considerate sono: parlare di politica almeno una volta a settimana; informarsi dei fatti della politica italiana almeno una volta a settimana; partecipare online a consultazioni o votazioni su problemi sociali (civici) o politici (es. pianificazione urbana, firmare una petizione) almeno una volta nei 3 mesi precedenti l'intervista; esprimere opinioni su temi sociali o politici attraverso siti web o social media almeno una volta nei 3 mesi precedenti l'intervista.";Istat - Indagine multiscopo sugli aspetti della vita quotidiana;https://www.istat.it/wp-content/uploads/2026/05/APPENDICE-STATISTICA-2.zip;Metadati.xlsx, codice 05REL005
bes:05REL006;Attività di volontariato;Persone di 14 anni e più che negli ultimi 12 mesi hanno svolto attività gratuita per associazioni o gruppi di volontariato sul totale delle persone di 14 anni e più.;Istat - Indagine multiscopo sugli aspetti della vita quotidiana;https://www.istat.it/wp-content/uploads/2026/05/APPENDICE-STATISTICA-2.zip;Metadati.xlsx, codice 05REL006
bes:05REL007;Finanziamento delle associazioni;Persone di 14 anni e più che negli ultimi 12 mesi hanno finanziato associazioni sul totale delle persone di 14 anni e più.;Istat - Indagine multiscopo sugli aspetti della vita quotidiana;https://www.istat.it/wp-content/uploads/2026/05/APPENDICE-STATISTICA-2.zip;Metadati.xlsx, codice 05REL007
bes:05REL007P;Scuole accessibili;Percentuale di edifici scolastici accessibili dal punto di vista fisico-strutturale sul totale degli edifici scolastici. Sono tali soltanto le scuole che possiedono tutte le caratteristiche a norma (ascensori, bagni, porte, scale) e che dispongono, nel caso sia necessario, di rampe esterne e/o servoscala. La rilevazione si riferisce all'insieme delle scuole dell'infanzia, primaria, secondaria di primo grado e secondaria di secondo grado.;Istat, Indagine sull'inserimento degli alunni con disabilità nelle scuole primarie e secondarie di 1° grado, statali e non statali;https://www.istat.it/wp-content/uploads/2024/07/Bes_dei_territori_edizione_2024_18122024_IT_EC.zip;Metadati_IT_ed.2024.xlsx, codice 05REL007P
bes:05REL008;Organizzazioni non profit;Numero di organizzazioni non profit per 10.000 abitanti.;"Istat - Censimento sulle istituzioni non profit anni 2011 e 2015; Registro statistico delle istituzioni non profit dal 2016";https://www.istat.it/wp-content/uploads/2026/05/APPENDICE-STATISTICA-2.zip;Metadati.xlsx, codice 05REL008
bes:05REL009;Fiducia generalizzata;Percentuale di persone di 14 anni e più che ritengono che gran parte della gente sia degna di fiducia sul totale delle persone di 14 anni e più.;Istat - Indagine multiscopo sugli aspetti della vita quotidiana;https://www.istat.it/wp-content/uploads/2026/05/APPENDICE-STATISTICA-2.zip;Metadati.xlsx, codice 05REL009
bes:05REL010;Partecipazione sociale;"Persone di 14 anni e più che negli ultimi 12 mesi hanno svolto almeno una attività di partecipazione sociale sul totale delle persone di 14 anni e più. Le attività considerate sono: partecipare a incontri o iniziative (culturali, sportive, ricreative, spirituali) realizzati o promossi da parrocchie, congregazioni o gruppi religiosi o spirituali; partecipare a riunioni di associazioni culturali, ricreative o di altro tipo; partecipare a riunioni di associazioni ecologiste, per i diritti civili, per la pace; partecipare a riunioni di organizzazioni sindacali; partecipare a riunioni di associazioni professionali o di categoria; partecipare a riunioni di partiti politici; svolgere attività gratuita per un partito; pagare una retta mensile o periodica per un circolo/club sportivo.";Istat - Indagine multiscopo sugli aspetti della vita quotidiana;https://www.istat.it/wp-content/uploads/2026/05/APPENDICE-STATISTICA-2.zip;Metadati.xlsx, codice 05REL010
bes:06POL001;Partecipazione elettorale;Percentuale di persone che hanno votato alle ultime elezioni del Parlamento europeo sul totale degli aventi diritto (escluso il voto all'estero).;Ministero dell'Interno;https://www.istat.it/wp-content/uploads/2026/05/APPENDICE-STATISTICA-2.zip;Metadati.xlsx, codice 06POL001
bes:06POL001P;Partecipazione elettorale (elezioni regionali);Percentuale di persone che hanno partecipato al voto alle elezioni dei Consigli regionali sul totale degli aventi diritto.;Ministero dell'Interno, .;https://www.istat.it/wp-content/uploads/2024/07/Bes_dei_territori_edizione_2024_18122024_IT_EC.zip;Metadati_IT_ed.2024.xlsx, codice 06POL001P
bes:06POL002;Fiducia nel Parlamento italiano;Punteggio medio di fiducia nel Parlamento italiano (in una scala da 0 a 10) espresso dalle persone di 14 anni e più.;Istat - Indagine multiscopo sugli aspetti della vita quotidiana;https://www.istat.it/wp-content/uploads/2026/05/APPENDICE-STATISTICA-2.zip;Metadati.xlsx, codice 06POL002
bes:06POL002P;Amministratori comunali donne;Percentuale di donne sul totale degli amministratori comunali di origine elettiva.;Istat, Elaborazione su dati Ministero dell'Interno - Anagrafe degli amministratori locali;https://www.istat.it/wp-content/uploads/2024/07/Bes_dei_territori_edizione_2024_18122024_IT_EC.zip;Metadati_IT_ed.2024.xlsx, codice 06POL002P
bes:06POL003;Fiducia nel sistema giudiziario;Punteggio medio di fiducia nel Sistema giudiziario (in una scala da 0 a 10) espresso dalle persone di 14 anni e più.;Istat - Indagine multiscopo sugli aspetti della vita quotidiana;https://www.istat.it/wp-content/uploads/2026/05/APPENDICE-STATISTICA-2.zip;Metadati.xlsx, codice 06POL003
bes:06POL003P;Amministratori comunali con meno di 40 anni;Percentuale di amministratori di età inferiore ai 40 anni sul totale degli amministratori comunali di origine elettiva.;Istat, Elaborazione su dati Ministero dell'Interno - Anagrafe degli amministratori locali;https://www.istat.it/wp-content/uploads/2024/07/Bes_dei_territori_edizione_2024_18122024_IT_EC.zip;Metadati_IT_ed.2024.xlsx, codice 06POL003P
bes:06POL004;Fiducia nei partiti;Punteggio medio di fiducia nei partiti (in una scala da 0 a 10) espresso dalle persone di 14 anni e più.;Istat - Indagine multiscopo sugli aspetti della vita quotidiana;https://www.istat.it/wp-content/uploads/2026/05/APPENDICE-STATISTICA-2.zip;Metadati.xlsx, codice 06POL004
bes:06POL005;Fiducia nelle Forze dell'ordine e nei Vigili del fuoco;Punteggio medio di fiducia nelle Forze dell'ordine e nei Vigili del fuoco (in una scala da 0 a 10) espresso dalle persone di 14 anni e più.;Istat - Indagine multiscopo sugli aspetti della vita quotidiana;https://www.istat.it/wp-content/uploads/2026/05/APPENDICE-STATISTICA-2.zip;Metadati.xlsx, codice 06POL005
bes:06POL006;Donne e rappresentanza politica in Parlamento;Percentuale di donne elette al Senato della Repubblica e alla Camera dei Deputati sul totale degli eletti. Sono esclusi i senatori e i deputati eletti nelle circoscrizioni estero e i senatori a vita.;Istat - Elaborazione su dati della Camera dei Deputati e del Senato della Repubblica;https://www.istat.it/wp-content/uploads/2026/05/APPENDICE-STATISTICA-2.zip;Metadati.xlsx, codice 06POL006
bes:06POL007;Donne e rappresentanza politica a livello locale;Percentuale di donne elette nei Consigli Regionali sul totale degli eletti.;Istat - Elaborazione su dati dei Consigli regionali;https://www.istat.it/wp-content/uploads/2026/05/APPENDICE-STATISTICA-2.zip;Metadati.xlsx, codice 06POL007
bes:06POL007P;Amministrazioni provinciali: capacità di riscossione;Rapporto percentuale tra l'ammontare delle riscossioni in conto competenza e le entrate accertate.;Istat, Elaborazione su dati Ministero dell'Economia e delle Finanze;https://www.istat.it/wp-content/uploads/2024/07/Bes_dei_territori_edizione_2024_18122024_IT_EC.zip;Metadati_IT_ed.2024.xlsx, codice 06POL007P
bes:06POL008;Donne negli organi decisionali;"Percentuale di donne in alcuni organi decisionali sul totale dei componenti. Gli organi e/o le organizzazioni considerate sono: Ambasciate, Corte Costituzionale; Consiglio Superiore della Magistratura (inclusi i magistrati che partecipano al funzionamento dell'Organo) ed alcune Autorità amministrative indipendenti (Autorità garante della concorrenza e del mercato, Autorità per le garanzie nelle comunicazioni, Garante per la protezione dei dati personali; Consob).";Istat - Elaborazione su dati Corte Costituzionale, Consiglio Superiore della Magistratura, Ambasciate e alcune Autorità Amministrative Indipendenti;https://www.istat.it/wp-content/uploads/2026/05/APPENDICE-STATISTICA-2.zip;Metadati.xlsx, codice 06POL008
bes:06POL009;Donne nei consigli di amministrazione delle società quotate in borsa;Percentuale di donne nei consigli di amministrazione delle società quotate in borsa sul totale dei componenti.;Consob;https://www.istat.it/wp-content/uploads/2026/05/APPENDICE-STATISTICA-2.zip;Metadati.xlsx, codice 06POL009
bes:06POL009P;Comuni: capacità di riscossione;Rapporto percentuale tra l'ammontare delle riscossioni in conto competenza e le entrate accertate.;Istat, Elaborazione su dati Ministero dell'Economia e delle Finanze;https://www.istat.it/wp-content/uploads/2024/07/Bes_dei_territori_edizione_2024_18122024_IT_EC.zip;Metadati_IT_ed.2024.xlsx, codice 06POL009P
bes:06POL010;Età media dei parlamentari italiani;Età media dei parlamentari eletti al Senato e alla Camera. Sono esclusi i senatori e i deputati eletti nelle circoscrizioni estero e i senatori a vita.;Istat - Elaborazione su dati della Camera dei Deputati e del Senato della Repubblica;https://www.istat.it/wp-content/uploads/2026/05/APPENDICE-STATISTICA-2.zip;Metadati.xlsx, codice 06POL010
bes:06POL011;Durata dei procedimenti civili;Durata media effettiva in giorni dei procedimenti definiti presso i tribunali ordinari (Settore CIVILE - Area SICID al netto dell'attività del Giudice tutelare, dell'Accertamento Tecnico Preventivo in materia di previdenza e dal 2017 della Verbalizzazione di dichiarazione giurata).;Ministero della Giustizia - Dipartimento per la transizione digitale della giustizia, l'analisi statistica e le politiche di coesione;https://www.istat.it/wp-content/uploads/2026/05/APPENDICE-STATISTICA-2.zip;Metadati.xlsx, codice 06POL011
bes:06POL012;Affollamento degli istituti di pena;Percentuale di detenuti presenti in istituti di detenzione sul totale dei posti disponibili definiti dalla capienza regolamentare.;Istat - Elaborazione su dati Ministero della Giustizia, Dipartimento amministrazione penitenziaria;https://www.istat.it/wp-content/uploads/2026/05/APPENDICE-STATISTICA-2.zip;Metadati.xlsx, codice 06POL012
bes:06POL012P;Affollamento degli istituti di pena;Percentuale di detenuti presenti in istituti di detenzione sul totale dei posti disponibili definiti dalla capienza regolamentare, al netto degli istituti non in funzione.;Istat, Elaborazione su dati Ministero della Giustizia, Dipartimento amministrazione penitenziaria;https://www.istat.it/wp-content/uploads/2024/07/Bes_dei_territori_edizione_2024_18122024_IT_EC.zip;Metadati_IT_ed.2024.xlsx, codice 06POL012P
bes:07SIC001;Omicidi volontari;Numero di omicidi volontari consumati per 100.000 abitanti.;Ministero dell'Interno - Dipartimento della Pubblica Sicurezza (dati consolidati di fonte SDI/SSD);https://www.istat.it/wp-content/uploads/2026/05/APPENDICE-STATISTICA-2.zip;Metadati.xlsx, codice 07SIC001
bes:07SIC001P;Omicidi volontari;Numero di omicidi volontari consumati per 100.000 abitanti.;Istat, Elaborazione su dati Ministero dell'Interno - SDI (Sistema Di Indagine);https://www.istat.it/wp-content/uploads/2024/07/Bes_dei_territori_edizione_2024_18122024_IT_EC.zip;Metadati_IT_ed.2024.xlsx, codice 07SIC001P
bes:07SIC002;Furti in abitazione;Vittime di furti in abitazione per 1.000 famiglie: il numero delle vittime è calcolato utilizzando i dati sulle vittime che hanno denunciato alla polizia il furto in abitazione, corretto con il numero delle vittime che non hanno denunciato tratto dall'Indagine sulla sicurezza dei cittadini, attraverso un fattore di correzione specifico per ripartizione geografica.;Istat - Elaborazione su dati delle denunce alle Forze dell'ordine (Ministero dell'Interno) e dati dell'indagine sulla Sicurezza dei cittadini (Istat);https://www.istat.it/wp-content/uploads/2026/05/APPENDICE-STATISTICA-2.zip;Metadati.xlsx, codice 07SIC002
bes:07SIC003;Borseggi;Vittime di borseggi per 1.000 abitanti: il numero delle vittime è calcolato utilizzando i dati sulle vittime che hanno denunciato alla polizia il borseggio, corretto con il numero delle vittime che non hanno denunciato tratto dall'Indagine sulla sicurezza dei cittadini, attraverso un fattore di correzione specifico per ripartizione geografica e uno per sesso e classe di età.;Istat - Elaborazione su dati delle denunce alle Forze dell'ordine (Ministero dell'Interno) e dati dell'indagine sulla Sicurezza dei cittadini (Istat);https://www.istat.it/wp-content/uploads/2026/05/APPENDICE-STATISTICA-2.zip;Metadati.xlsx, codice 07SIC003
bes:07SIC004;Rapine;Vittime di rapine per 1.000 abitanti: il numero delle vittime è calcolato utilizzando i dati sulle vittime che hanno denunciato alla polizia la rapina, corretto con il numero delle vittime che non hanno denunciato tratto dall'Indagine sulla sicurezza dei cittadini, attraverso un fattore di correzione specifico per ripartizione geografica e uno per sesso e classe di età.;Istat - Elaborazione su dati delle denunce alle Forze dell'ordine (Ministero dell'Interno) e dati dell'indagine sulla Sicurezza dei cittadini (Istat);https://www.istat.it/wp-content/uploads/2026/05/APPENDICE-STATISTICA-2.zip;Metadati.xlsx, codice 07SIC004
bes:07SIC004P;Denunce di furto in abitazione;Numero di denunce di furto in abitazione per 100.000 residenti.;Istat, Elaborazione su dati Ministero dell'Interno - SDI (Sistema Di Indagine);https://www.istat.it/wp-content/uploads/2024/07/Bes_dei_territori_edizione_2024_18122024_IT_EC.zip;Metadati_IT_ed.2024.xlsx, codice 07SIC004P
bes:07SIC005;Violenza fisica sulle donne;Percentuale di donne di 16-70 anni che hanno subito violenza fisica negli ultimi 5 anni precedenti l'intervista sul totale delle donne di 16-70 anni.;Istat - Indagine sulla Sicurezza delle donne;https://www.istat.it/wp-content/uploads/2026/05/APPENDICE-STATISTICA-2.zip;Metadati.xlsx, codice 07SIC005
bes:07SIC005P;Denunce di borseggio;Numero di denunce di borseggio (furto con destrezza) per 100.000 residenti.;Istat, Elaborazione su dati Ministero dell'Interno - SDI (Sistema Di Indagine);https://www.istat.it/wp-content/uploads/2024/07/Bes_dei_territori_edizione_2024_18122024_IT_EC.zip;Metadati_IT_ed.2024.xlsx, codice 07SIC005P
bes:07SIC006;Violenza sessuale sulle donne;Percentuale di donne di 16-70 anni che hanno subito violenza sessuale, inclusa la molestia fisica sessuale, nei 5 anni precedenti l'intervista sul totale delle donne di 16-70 anni.;Istat - Indagine sulla Sicurezza delle donne;https://www.istat.it/wp-content/uploads/2026/05/APPENDICE-STATISTICA-2.zip;Metadati.xlsx, codice 07SIC006
bes:07SIC006P;Denunce di rapina;Numero di denunce di rapina per 100.000 residenti.;Istat, Elaborazione su dati Ministero dell'Interno - SDI (Sistema Di Indagine);https://www.istat.it/wp-content/uploads/2024/07/Bes_dei_territori_edizione_2024_18122024_IT_EC.zip;Metadati_IT_ed.2024.xlsx, codice 07SIC006P
bes:07SIC007;Violenza nella coppia;Percentuale di donne di 16-70 anni che hanno subito violenza fisica o sessuale dal partner o ex-partner nei 5 anni precedenti l'intervista sul totale delle donne di 16-70 anni che hanno o hanno avuto un partner.;Istat - Indagine sulla Sicurezza delle donne;https://www.istat.it/wp-content/uploads/2026/05/APPENDICE-STATISTICA-2.zip;Metadati.xlsx, codice 07SIC007
bes:07SIC007P;Altri delitti mortali denunciati;Numero di denunce di omicidio preterintenzionale e colposo, strage, infanticidio per 100.000 residenti. Sono esclusi gli omicidi volontari.;Istat, Elaborazione su dati Ministero dell'Interno - SDI (Sistema Di Indagine);https://www.istat.it/wp-content/uploads/2024/07/Bes_dei_territori_edizione_2024_18122024_IT_EC.zip;Metadati_IT_ed.2024.xlsx, codice 07SIC007P
bes:07SIC008;Preoccupazione di subire una violenza sessuale;Percentuale di persone di 14 anni e più che sono molto o abbastanza preoccupate, per sé stessi o per qualcuno della propria famiglia, di subire una violenza sessuale.;Istat - Indagine sulla Sicurezza dei cittadini;https://www.istat.it/wp-content/uploads/2026/05/APPENDICE-STATISTICA-2.zip;Metadati.xlsx, codice 07SIC008
bes:07SIC008P;Mortalità stradale in ambito extraurbano;Rapporto percentuale tra il numero dei morti a seguito di incidenti stradali avvenuti su strade extraurbane (statali, regionali, provinciali, comunali) e il numero di incidenti accaduti sulle stesse strade nell'anno.;Istat, Rilevazione degli incidenti stradali con lesione a persone;https://www.istat.it/wp-content/uploads/2024/07/Bes_dei_territori_edizione_2024_18122024_IT_EC.zip;Metadati_IT_ed.2024.xlsx, codice 07SIC008P
bes:07SIC010;Paura di stare per subire un reato;Percentuale di persone di 14 anni e più che hanno avuto paura di stare per subire un reato negli ultimi 3 mesi.;Istat - Indagine sulla Sicurezza dei cittadini;https://www.istat.it/wp-content/uploads/2026/05/APPENDICE-STATISTICA-2.zip;Metadati.xlsx, codice 07SIC010
bes:07SIC020;Percezione di sicurezza camminando da soli quando è buio;Percentuale di persone di 14 anni e più che si sentono molto o abbastanza sicure camminando al buio da sole nella zona in cui vivono sul totale delle persone di 14 anni e più.;Istat - Indagine multiscopo sugli aspetti della vita quotidiana;https://www.istat.it/wp-content/uploads/2026/05/APPENDICE-STATISTICA-2.zip;Metadati.xlsx, codice 07SIC020
bes:07SIC021;Presenza di elementi di degrado nella zona in cui si vive;Percentuale di persone di 14 anni e più che vedono spesso elementi di degrado sociale e ambientale nella zona in cui vivono (vedono spesso almeno un elemento di degrado tra i seguenti: persone che si drogano, persone che spacciano droga, atti di vandalismo contro il bene pubblico, prostitute in cerca di clienti) sul totale delle persone di 14 anni e più.;Istat - Indagine multiscopo sugli aspetti della vita quotidiana;https://www.istat.it/wp-content/uploads/2026/05/APPENDICE-STATISTICA-2.zip;Metadati.xlsx, codice 07SIC021
bes:07SIC022;Percezione del rischio di criminalità;Percentuale di famiglie che dichiarano molto o abbastanza rischio di criminalità nella zona in cui vivono sul totale delle famiglie.;Istat - Indagine multiscopo sugli aspetti della vita quotidiana;https://www.istat.it/wp-content/uploads/2026/05/APPENDICE-STATISTICA-2.zip;Metadati.xlsx, codice 07SIC022
bes:08BSO001;Soddisfazione per la propria vita;Percentuale di persone di 14 anni e più che hanno espresso un punteggio di soddisfazione per la vita tra 8 e 10 (in una scala da 0 a 10) sul totale delle persone di 14 anni e più.;Istat - Indagine multiscopo sugli aspetti della vita quotidiana;https://www.istat.it/wp-content/uploads/2026/05/APPENDICE-STATISTICA-2.zip;Metadati.xlsx, codice 08BSO001
bes:08BSO002;Soddisfazione per il tempo libero;Percentuale di persone di 14 anni e più che si dichiarano molto o abbastanza soddisfatte per il tempo libero sul totale delle persone di 14 anni e più.;Istat - Indagine multiscopo sugli aspetti della vita quotidiana;https://www.istat.it/wp-content/uploads/2026/05/APPENDICE-STATISTICA-2.zip;Metadati.xlsx, codice 08BSO002
bes:08BSO003;Giudizio positivo sulle prospettive future;Percentuale di persone di 14 anni e più che ritengono che la loro situazione personale migliorerà nei prossimi 5 anni sul totale delle persone di 14 anni e più.;Istat - Indagine multiscopo sugli aspetti della vita quotidiana;https://www.istat.it/wp-content/uploads/2026/05/APPENDICE-STATISTICA-2.zip;Metadati.xlsx, codice 08BSO003
bes:08BSO004;Giudizio negativo sulle prospettive future;Percentuale di persone di 14 anni e più che ritengono che la loro situazione personale peggiorerà nei prossimi 5 anni sul totale delle persone di 14 anni e più.;Istat - Indagine multiscopo sugli aspetti della vita quotidiana;https://www.istat.it/wp-content/uploads/2026/05/APPENDICE-STATISTICA-2.zip;Metadati.xlsx, codice 08BSO004
bes:09PAE001;Spesa corrente dei Comuni per la cultura;Pagamenti in conto competenza per la tutela e la valorizzazione di beni e attività culturali, in euro pro capite.;Istat - Elaborazione su dati Finanza locale: entrate e spese dei bilanci consuntivi di Comuni, Province e Città metropolitane;https://www.istat.it/wp-content/uploads/2026/05/APPENDICE-STATISTICA-2.zip;Metadati.xlsx, codice 09PAE001
bes:09PAE002;Densità e rilevanza del patrimonio museale;Numero di strutture espositive permanenti per 100 km2 (musei, aree archeologiche e monumenti aperti al pubblico), ponderato per il numero dei visitatori. Il peso di ciascuna struttura si assume pari a Vi / (V/M), dove Vi è il numero di visitatori della struttura, M il totale delle strutture e V il totale dei visitatori.;Istat - Indagine sui musei e le istituzioni similari;https://www.istat.it/wp-content/uploads/2026/05/APPENDICE-STATISTICA-2.zip;Metadati.xlsx, codice 09PAE002
bes:09PAE003;Abusivismo edilizio;Numero di abitazioni abusive realizzate nell'anno di riferimento per 100 abitazioni autorizzate dai Comuni.;Centro ricerche economiche sociali di mercato per l'edilizia e il territorio (Cresme);https://www.istat.it/wp-content/uploads/2026/05/APPENDICE-STATISTICA-2.zip;Metadati.xlsx, codice 09PAE003
bes:09PAE004;Erosione dello spazio rurale da dispersione urbana (urban sprawl);Incidenza delle unità di analisi (regioni agrarie) classificate come affette dal fenomeno sul totale della superficie territoriale.;Istat - Elaborazione su dati Censimento generale dell'agricoltura, Censimento generale della popolazione e delle abitazioni, Basi territoriali dei censimenti;https://www.istat.it/wp-content/uploads/2026/05/APPENDICE-STATISTICA-2.zip;Metadati.xlsx, codice 09PAE004
bes:09PAE005;Erosione dello spazio rurale da abbandono;Incidenza delle unità di analisi (regioni agrarie) classificate come affette dal fenomeno sul totale della superficie territoriale.;Istat - Elaborazione su dati Censimento generale dell'agricoltura, Censimento generale della popolazione e delle abitazioni, Basi territoriali dei censimenti;https://www.istat.it/wp-content/uploads/2026/05/APPENDICE-STATISTICA-2.zip;Metadati.xlsx, codice 09PAE005
bes:09PAE006;Pressione delle attività estrattive;Volume di risorse minerali non energetiche estratte (metri cubi) per km2 di superficie territoriale.;Istat - Pressione antropica e rischi naturali (Attività estrattive da cave e miniere);https://www.istat.it/wp-content/uploads/2026/05/APPENDICE-STATISTICA-2.zip;Metadati.xlsx, codice 09PAE006
bes:09PAE007;Impatto degli incendi boschivi;Superficie forestale (boscata e non boscata) percorsa dal fuoco per 1.000 km2.;Istat - Elaborazione su dati Comando Carabinieri Tutela Forestale - Nucleo informativo antincendio boschivo (NIAB);https://www.istat.it/wp-content/uploads/2026/05/APPENDICE-STATISTICA-2.zip;Metadati.xlsx, codice 09PAE007
bes:09PAE008;Diffusione delle aziende agrituristiche;Numero di aziende agrituristiche per 100 km2.;Istat - Rilevazione delle aziende agrituristiche;https://www.istat.it/wp-content/uploads/2026/05/APPENDICE-STATISTICA-2.zip;Metadati.xlsx, codice 09PAE008
bes:09PAE009;Densità di verde storico;Superficie in m2 delle aree di Verde storico e Parchi urbani di notevole interesse pubblico (D.Lgs. 42/2004) nei Comuni capoluogo di provincia, per 100 m2 di superficie urbanizzata (centri e nuclei abitati) rilevata dal Censimento della popolazione (2011).;Istat, Elaborazione su dati Indagine Dati ambientali nelle città, Basi territoriali dei censimenti;https://www.istat.it/wp-content/uploads/2024/07/Bes_dei_territori_edizione_2024_18122024_IT_EC.zip;Metadati_IT_ed.2024.xlsx, codice 09PAE009
bes:09PAE009-N25;Densità di verde storico;Superficie in m2 delle aree di Verde storico e Parchi urbani di notevole interesse pubblico (D.Lgs. 42/2004) nei Comuni capoluogo di provincia, per 100 m2 di superficie urbanizzata (centri e nuclei abitati rilevati dal Censimento della popolazione 2021).;Istat - Elaborazione su dati Indagine Dati ambientali nelle città, Basi territoriali dei censimenti;https://www.istat.it/wp-content/uploads/2026/05/APPENDICE-STATISTICA-2.zip;Metadati.xlsx, codice 09PAE009-N25
bes:09PAE010;Insoddisfazione per il paesaggio del luogo di vita;Percentuale di persone di 14 anni e più che dichiarano che il paesaggio del luogo di vita è affetto da evidente degrado sul totale delle persone di 14 anni e più.;Istat - Indagine multiscopo sugli aspetti della vita quotidiana;https://www.istat.it/wp-content/uploads/2026/05/APPENDICE-STATISTICA-2.zip;Metadati.xlsx, codice 09PAE010
bes:09PAE011;Preoccupazione per il deterioramento del paesaggio;Percentuale di persone di 14 anni e più che indicano la rovina del paesaggio causata dall'eccessiva costruzione di edifici tra i cinque problemi ambientali più preoccupanti sul totale delle persone di 14 anni e più.;Istat - Indagine multiscopo sugli aspetti della vita quotidiana;https://www.istat.it/wp-content/uploads/2026/05/APPENDICE-STATISTICA-2.zip;Metadati.xlsx, codice 09PAE011
bes:10AMB001;Emissioni di CO2 e altri gas climalteranti;Emissioni di anidride carbonica e altri gas climalteranti dell'economia italiana espresse in tonnellate di CO2 equivalente per abitante.;Istat-ISPRA - Conti e Inventario delle emissioni atmosferiche;https://www.istat.it/wp-content/uploads/2026/05/APPENDICE-STATISTICA-2.zip;Metadati.xlsx, codice 10AMB001
bes:10AMB001P;Concentrazione media annua di PM10;Valore più elevato della concentrazione media annua di PM10 rilevato tra tutte le centraline fisse per il monitoraggio della qualità dell'aria nei Comuni capoluogo di provincia. Per i valori regionali, ripartizionali e Italia si indica il numero di comuni capoluogo con valore superiore al limite definito dall'Organizzazione Mondiale della sanità (OMS) per la protezione della salute umana (20 µg/m³).;Istat, Indagine Dati ambientali nelle città;https://www.istat.it/wp-content/uploads/2024/07/Bes_dei_territori_edizione_2024_18122024_IT_EC.zip;Metadati_IT_ed.2024.xlsx, codice 10AMB001P
bes:10AMB002;Consumo materiale interno;Il Consumo Materiale Interno (CMI) è una misura della quantità di materia, diversa dall'acqua e dall'aria, utilizzata ogni anno dal sistema socio-economico e rilasciata nell'ambiente (incorporata in emissioni o reflui) o accumulata in nuovi stock antropici (sia di beni capitali e altri beni durevoli che di rifiuti).Il CMI è calcolato come la somma dell'estrazione interna di materiali utilizzati (biomassa, minerali non energetici e combustibili fossili) e della bilancia commerciale fisica (PTB). A livello nazionale il PTB è pari alle importazioni di materiali dall'estero meno le esportazioni di materiali verso l'estero. A livello regionale, il PTB è calcolato come la differenza tra le importazioni di materiali dall'estero e dalle altre regioni italiane e le esportazioni di materiali verso l'estero e verso le altre regioni italiane.;Istat - Conti dei flussi di materia;https://www.istat.it/wp-content/uploads/2026/05/APPENDICE-STATISTICA-2.zip;Metadati.xlsx, codice 10AMB002
bes:10AMB002P;Concentrazione media annua di PM2.5;Valore più elevato della concentrazione media annua di PM2.5 rilevato tra tutte le centraline fisse per il monitoraggio della qualità dell'aria nei Comuni capoluogo di provincia. Per i valori regionali, ripartizionali e Italia si indica il numero di comuni capoluogo con valore superiore al limite definito dall'Organizzazione Mondiale della sanità (OMS) per la protezione della salute umana (10 µg/m³).;Istat, Indagine Dati ambientali nelle città;https://www.istat.it/wp-content/uploads/2024/07/Bes_dei_territori_edizione_2024_18122024_IT_EC.zip;Metadati_IT_ed.2024.xlsx, codice 10AMB002P
bes:10AMB003;Dispersione da rete idrica comunale;Percentuale del volume complessivo delle perdite idriche totali nelle reti comunali di distribuzione dell'acqua potabile (differenza fra volume immesso in rete e volume erogato autorizzato) sul totale dell'acqua immessa.;Istat - Censimento delle acque per uso civile;https://www.istat.it/wp-content/uploads/2026/05/APPENDICE-STATISTICA-2.zip;Metadati.xlsx, codice 10AMB003
bes:10AMB004;Conferimento dei rifiuti urbani in discarica;Percentuale dei rifiuti urbani conferiti in discarica sul totale dei rifiuti urbani prodotti.;ISPRA - Produzione, recupero, trattamento e smaltimento di rifiuti urbani, speciali e pericolosi;https://www.istat.it/wp-content/uploads/2026/05/APPENDICE-STATISTICA-2.zip;Metadati.xlsx, codice 10AMB004
bes:10AMB007;Coste marine balneabili;Percentuale di coste balneabili autorizzate sul totale della linea litoranea ai sensi delle norme vigenti.;Istat - Elaborazione su dati Ministero della Salute;https://www.istat.it/wp-content/uploads/2026/05/APPENDICE-STATISTICA-2.zip;Metadati.xlsx, codice 10AMB007
bes:10AMB008;Disponibilità di verde urbano;Metri quadrati di verde urbano per abitante nei comuni capoluogo di provincia/città metropolitana.;Istat - Indagine Dati ambientali nelle città;https://www.istat.it/wp-content/uploads/2026/05/APPENDICE-STATISTICA-2.zip;Metadati.xlsx, codice 10AMB008
bes:10AMB009;Soddisfazione per la situazione ambientale;Percentuale di persone di 14 anni e più molto o abbastanza soddisfatte della situazione ambientale (aria, acqua,rumore) della zona in cui vivono.;Istat - Indagine multiscopo sugli aspetti della vita quotidiana;https://www.istat.it/wp-content/uploads/2026/05/APPENDICE-STATISTICA-2.zip;Metadati.xlsx, codice 10AMB009
bes:10AMB010;Siti contaminati;Incidenza dei siti di interesse nazionale (Sin) e dei siti di competenza delle regioni sulla superficie territoriale, valori per 1.000.;Ministero dell'ambiente e della sicurezza energetica - Elaborazione su dati Ministero della Transizione Ecologica e ISPRA;https://www.istat.it/wp-content/uploads/2026/05/APPENDICE-STATISTICA-2.zip;Metadati.xlsx, codice 10AMB010
bes:10AMB011;Popolazione esposta al rischio di frane;Percentuale di popolazione residente in aree con pericolosità da frana elevata e molto elevata, individuate sulla base della Mosaicatura nazionale ISPRA dei Piani di assetto idrogeologico (PAI) e dei relativi aggiornamenti. La popolazione considerata è quella del Censimento 2011.;ISPRA - Dissesto idrogeologico in Italia: pericolosità e indicatori di rischio;https://www.istat.it/wp-content/uploads/2026/05/APPENDICE-STATISTICA-2.zip;Metadati.xlsx, codice 10AMB011
bes:10AMB012;Popolazione esposta al rischio di alluvioni;Percentuale di popolazione residente in aree a pericolosità idraulica media (tempo di ritorno 100-200 anni ex D. Lgs. 49/2010), individuate sulla base della Mosaicatura nazionale ISPRA dei Piani di assetto idrogeologico (PAI) e dei relativi aggiornamenti, con riferimento allo scenario di rischio P2. La popolazione considerata è quella del Censimento 2011.;ISPRA - Dissesto idrogeologico in Italia: pericolosità e indicatori di rischio;https://www.istat.it/wp-content/uploads/2026/05/APPENDICE-STATISTICA-2.zip;Metadati.xlsx, codice 10AMB012
bes:10AMB013;Trattamento delle acque reflue;Quota percentuale dei carichi inquinanti confluiti in impianti secondari o avanzati, in abitanti equivalenti, rispetto ai carichi complessivi urbani (Aetu) generati.;Istat - Censimento delle acque per uso civile;https://www.istat.it/wp-content/uploads/2026/05/APPENDICE-STATISTICA-2.zip;Metadati.xlsx, codice 10AMB013
bes:10AMB014;Aree protette;Percentuale di superficie territoriale coperta da aree naturali protette terrestri incluse nell'elenco ufficiale delle aree protette (Euap) o appartenenti alla Rete Natura 2000.;Istat - Elaborazione su dati Ministero dell'ambiente e della sicurezza energetica;https://www.istat.it/wp-content/uploads/2026/05/APPENDICE-STATISTICA-2.zip;Metadati.xlsx, codice 10AMB014
bes:10AMB015;Preoccupazione per la perdita di biodiversità;Percentuale di persone di 14 anni e più che ritengono l'estinzione di specie vegetali/animali tra le 5 preoccupazioni ambientali prioritarie.;Istat - Indagine multiscopo sugli aspetti della vita quotidiana;https://www.istat.it/wp-content/uploads/2026/05/APPENDICE-STATISTICA-2.zip;Metadati.xlsx, codice 10AMB015
bes:10AMB016;Energia elettrica da fonti rinnovabili;Percentuale di consumi di energia elettrica coperti da fonti rinnovabili sul totale dei consumi interni lordi. L'indicatore è ottenuto come rapporto tra la produzione lorda elettrica da FER effettiva (non normalizzata) e il Consumo Interno Lordo di energia elettrica (pari alla produzione lorda di energia elettrica al lordo della produzione da apporti di pompaggio più il saldo scambi con l'estero o tra le regioni).;Terna S.p.A. - Statistica annuale della produzione e del consumo di energia elettrica in Italia;https://www.istat.it/wp-content/uploads/2026/05/APPENDICE-STATISTICA-2.zip;Metadati.xlsx, codice 10AMB016
bes:10AMB017;Raccolta differenziata dei rifiuti urbani;Percentuale di rifiuti urbani oggetto di raccolta differenziata sul totale dei rifiuti urbani raccolti.;Istat, Elaborazione su dati ISPRA;https://www.istat.it/wp-content/uploads/2024/07/Bes_dei_territori_edizione_2024_18122024_IT_EC.zip;Metadati_IT_ed.2024.xlsx, codice 10AMB017
bes:10AMB018;Impermeabilizzazione del suolo da copertura artificiale;Percentuale di suolo impermeabilizzato sul totale della superficie territoriale.;ISPRA - Consumo di suolo, dinamiche territoriali e servizi ecosistemici;https://www.istat.it/wp-content/uploads/2026/05/APPENDICE-STATISTICA-2.zip;Metadati.xlsx, codice 10AMB018
bes:10AMB018P;Impermeabilizzazione del suolo da copertura artificiale;Percentuale di suolo impermeabilizzato sul totale della superficie territoriale.;ISPRA, Consumo di suolo, dinamiche territoriali e servizi ecosistemici;https://www.istat.it/wp-content/uploads/2024/07/Bes_dei_territori_edizione_2024_18122024_IT_EC.zip;Metadati_IT_ed.2024.xlsx, codice 10AMB018P
bes:10AMB020;Qualità dell'aria - PM2.5;Percentuale di misurazioni valide superiori al valore di riferimento per la salute, definito dall'OMS (10 µg/m³), sul totale delle misurazioni valide delle concentrazioni medie annuali di PM2,5 per tutte le tipologie di stazione (traffico urbano e suburbano, industriale urbano e suburbano, fondo urbano e suburbano, rurale).;Istat - Elaborazione su dati ISPRA;https://www.istat.it/wp-content/uploads/2026/05/APPENDICE-STATISTICA-2.zip;Metadati.xlsx, codice 10AMB020
bes:10AMB023;Preoccupazione per cambiamenti climatici ed effetto serra;Percentuale di persone di 14 anni e più che ritengono il cambiamento climatico o l’aumento dell’effetto serra e il buco dell’ozono tra le 5 preoccupazioni ambientali prioritarie.;Istat - Indagine multiscopo sugli aspetti della vita quotidiana;https://www.istat.it/wp-content/uploads/2026/05/APPENDICE-STATISTICA-2.zip;Metadati.xlsx, codice 10AMB023
bes:10AMB024;Rifiuti urbani prodotti;Rifiuti urbani prodotti per abitante (in Kg).;Istat - Elaborazione su dati ISPRA;https://www.istat.it/wp-content/uploads/2026/05/APPENDICE-STATISTICA-2.zip;Metadati.xlsx, codice 10AMB024
bes:10AMB024P;Rifiuti urbani prodotti;Rifiuti urbani prodotti per abitante (in Kg).;Istat, Elaborazione su dati ISPRA;https://www.istat.it/wp-content/uploads/2024/07/Bes_dei_territori_edizione_2024_18122024_IT_EC.zip;Metadati_IT_ed.2024.xlsx, codice 10AMB024P
bes:10AMB025;Indice di durata dei periodi di caldo;Numero di giorni nell’anno in cui la temperatura massima è superiore al 90° percentile della distribuzione nel periodo climatologico di riferimento (1981-2010), per almeno sei giorni consecutivi.;Copernicus - European Union's Earth Observation Programme - Gridded dataset di rianalisi climatica, ERA5 hourly data;https://www.istat.it/wp-content/uploads/2026/05/APPENDICE-STATISTICA-2.zip;Metadati.xlsx, codice 10AMB025
bes:10AMB026;Giorni con precipitazione estremamente intensa;Numero di giorni dell’anno in cui la cumulata giornaliera delle precipitazioni supera o è uguale al valore di 50 mm.;Copernicus - European Union's Earth Observation Programme - Gridded dataset di rianalisi climatica, ERA5 hourly data;https://www.istat.it/wp-content/uploads/2026/05/APPENDICE-STATISTICA-2.zip;Metadati.xlsx, codice 10AMB026
bes:10AMB027;Giorni consecutivi senza pioggia;Numero massimo di giorni consecutivi nell’anno con precipitazione giornaliera inferiore o uguale a 1 mm.;Copernicus - European Union's Earth Observation Programme - Gridded dataset di rianalisi climatica, ERA5 hourly data;https://www.istat.it/wp-content/uploads/2026/05/APPENDICE-STATISTICA-2.zip;Metadati.xlsx, codice 10AMB027
bes:11RIC001;Intensità di ricerca;Percentuale di spesa per attività di ricerca e sviluppo intra muros svolte dalle imprese, istituzioni pubbliche, Università (pubbliche e private) e dal settore non profit sul Pil. La spesa e il Pil vengono considerati in milioni di euro correnti.;"Istat - Indagine sulla R&S nelle imprese; Indagine sulla R&S nelle istituzioni pubbliche; Indagine sulla R&S nelle Università (pubbliche e private); Indagine sulla R&S nelle istituzioni private non profit";https://www.istat.it/wp-content/uploads/2026/05/APPENDICE-STATISTICA-2.zip;Metadati.xlsx, codice 11RIC001
bes:11RIC002;Propensione alla brevettazione;Numero totale di domande di brevetto presentate all'Ufficio Europeo dei Brevetti (Epo) per milione di abitanti.;Ocse - Database Regpat;https://www.istat.it/wp-content/uploads/2026/05/APPENDICE-STATISTICA-2.zip;Metadati.xlsx, codice 11RIC002
bes:11RIC003-N22;Lavoratori della conoscenza;Percentuale di occupati con istruzione universitaria (Isced 5-6-7-8) in professioni Scientifico-Tecnologiche (Isco 2-3) sul totale degli occupati.;Istat - Rilevazione sulle Forze di lavoro;https://www.istat.it/wp-content/uploads/2026/05/APPENDICE-STATISTICA-2.zip;Metadati.xlsx, codice 11RIC003-N22
bes:11RIC004;Innovazione del sistema produttivo;Percentuale di imprese che hanno svolto attività innovative di prodotto o di processo nel triennio di riferimento sul totale delle imprese con almeno 10 addetti.;Istat - Cis (Community Innovation Survey);https://www.istat.it/wp-content/uploads/2026/05/APPENDICE-STATISTICA-2.zip;Metadati.xlsx, codice 11RIC004
bes:11RIC004P;Addetti nelle imprese culturali;"Percentuale di addetti nelle unità locali delle imprese che svolgono un'attività economica di tipo culturale sul totale degli addetti nelle unità locali delle imprese. Eurostat definisce ""totalmente culturali"" le seguenti attività economiche: pubblicazione di libri, di giornali, di riviste e periodici, di giochi per computer; produzione di film, video e programmi televisivi, registrazione sonora e attività di editoria musicale; attività di programmazione e trasmissione; attività delle agenzie di stampa; attività architettoniche; attività di design specializzate; attività creative, artistiche e di intrattenimento; biblioteche, archivi, musei e altre attività culturali.";Istat, Registro Statistico delle Unità Locali (ASIA UL);https://www.istat.it/wp-content/uploads/2024/07/Bes_dei_territori_edizione_2024_18122024_IT_EC.zip;Metadati_IT_ed.2024.xlsx, codice 11RIC004P
bes:11RIC005;Investimenti in prodotti della proprietà intellettuale;Il complesso degli investimenti in ricerca e sviluppo, prospezione e valutazione mineraria, originali di opere artistiche, letterarie o d'intrattenimento, software e basi di dati. Valori concatenati, Indicizzati 2020=100.;Istat - Contabilità Nazionale;https://www.istat.it/wp-content/uploads/2026/05/APPENDICE-STATISTICA-2.zip;Metadati.xlsx, codice 11RIC005
bes:11RIC006-N22;Occupazione culturale e creativa;Percentuale di occupati in professioni o settori di attività culturali e creativi (Isco-08, Nace rev.2) sul totale degli occupati (15 anni e più).;Istat - Rilevazione sulle Forze di lavoro;https://www.istat.it/wp-content/uploads/2026/05/APPENDICE-STATISTICA-2.zip;Metadati.xlsx, codice 11RIC006-N22
bes:11RIC020;Utenti regolari di internet;Percentuale di persone di 11 anni e più che hanno usato internet almeno una volta a settimana nei 3 mesi precedenti l’intervista.;Istat - Indagine multiscopo sugli aspetti della vita quotidiana;https://www.istat.it/wp-content/uploads/2026/05/APPENDICE-STATISTICA-2.zip;Metadati.xlsx, codice 11RIC020
bes:11RIC021;Disponibilità in famiglia di almeno un computer e della connessione a Internet;"Percentuale di famiglie che dispongono di connessione a internet e di almeno un personal computer (inclusi computer fisso da tavolo, computer portatile, notebook, tablet; sono esclusi smartphone, palmare con funzioni di telefonia, lettore di e-book e console per videogiochi).";Istat - Indagine multiscopo sugli aspetti della vita quotidiana;https://www.istat.it/wp-content/uploads/2026/05/APPENDICE-STATISTICA-2.zip;Metadati.xlsx, codice 11RIC021
bes:11RIC022;Comuni con servizi per le famiglie interamente online;Percentuale di Comuni che erogano online almeno un servizio rivolto alle famiglie o agli individui ad un livello che consente l'avvio e la conclusione per via telematica dell'intero iter (incluso leventuale pagamento online).;Istat - Rilevazione sulle tecnologie dell'informazione e della comunicazione nelle pubbliche amministrazioni;https://www.istat.it/wp-content/uploads/2026/05/APPENDICE-STATISTICA-2.zip;Metadati.xlsx, codice 11RIC022
bes:11RIC023;Imprese con almeno 10 addetti con vendite via web a clienti finali;"Percentuale di imprese con almeno 10 addetti che nel corso dell'anno precedente hanno venduto via web a clienti finali (B2C). Nella dimensione territoriale e nel totale attività economiche sono considerate le Sezioni C,D,E,F,G,H,I,J,L, M (escluso 75), N, e il gruppo 951 dell'Ateco 2007. Dall'anno 2021 l'unità statistica impresa per la quale vengono fornite le stime può essere costituita da una o più unità giuridiche; dallo stesso anno viene considerata nelle stime l'intera sezione M (inclusa la 75) dell'Ateco 2007.";Istat - Rilevazione sulle tecnologie dell'informazione e della comunicazione nelle imprese;https://www.istat.it/wp-content/uploads/2026/05/APPENDICE-STATISTICA-2.zip;Metadati.xlsx, codice 11RIC023
bes:11RIC025;Mobilità dei laureati italiani (25-39 anni);"Tasso di migratorietà specifico dei laureati italiani di 25-39 anni (differenza tra iscritti e cancellati per trasferimento di residenza/popolazione media residente *1000).Sia il numeratore che il denominatore si riferiscono ai cittadini italiani di 25-39 anni con titolo di studio terziario (laurea, AFAM, dottorato). I valori per l'Italia comprendono solo i movimenti da/per l'estero, poiché il saldo migratorio interno a livello nazionale è pari a zero; la disaggregazione territoriale comprende anche i movimenti interni.";Istat - Iscrizioni e cancellazioni per trasferimento di residenza e Censimento permanente della popolazione;https://www.istat.it/wp-content/uploads/2026/05/APPENDICE-STATISTICA-2.zip;Metadati.xlsx, codice 11RIC025
bes:12SER002;Bambini che hanno usufruito dei servizi comunali per l'infanzia;Percentuale di bambini di 0-2 anni che hanno usufruito dei servizi per l'infanzia offerti da strutture pubbliche di titolarità Comunale o strutture private in convenzione o finanziate dai Comuni. I servizi compresi sono asili nido, sezioni primavera, servizi integrativi per la prima infanzia.;Istat, Indagine sugli interventi e i servizi sociali dei comuni singoli e associati;https://www.istat.it/wp-content/uploads/2024/07/Bes_dei_territori_edizione_2024_18122024_IT_EC.zip;Metadati_IT_ed.2024.xlsx, codice 12SER002
bes:12SER002P;Medici specialisti;Medici specialisti (esclusi medici di medicina generale e pediatri di libera scelta) in attività nel sistema sanitario pubblico e privato per 10.000 abitanti.;Istat, Elaborazione su dati di IQVIA (OneKey database);https://www.istat.it/wp-content/uploads/2024/07/Bes_dei_territori_edizione_2024_18122024_IT_EC.zip;Metadati_IT_ed.2024.xlsx, codice 12SER002P
bes:12SER003;Anziani trattati in assistenza domiciliare integrata;Percentuale di persone di 65 anni e più trattate in assistenza domiciliare integrata.;Istat - Elaborazione su dati Ministero della Salute, Sistema Informativo Sanitario (SIS);https://www.istat.it/wp-content/uploads/2026/05/APPENDICE-STATISTICA-2.zip;Metadati.xlsx, codice 12SER003
bes:12SER003P;Posti letto negli ospedali;Posti letto ordinari e in day hospital in istituti di cura pubblici e privati accreditati per 10.000 abitanti.;Istat, Elaborazione su dati Ministero della Salute;https://www.istat.it/wp-content/uploads/2024/07/Bes_dei_territori_edizione_2024_18122024_IT_EC.zip;Metadati_IT_ed.2024.xlsx, codice 12SER003P
bes:12SER004;Difficoltà di accesso ad alcuni servizi;Percentuale di famiglie che dichiarano molta difficoltà a raggiungere tre o più servizi essenziali (farmacie, pronto soccorso, ufficio Postale, polizia, carabinieri, uffici comunali, asilo nido, scuola materna, scuola elementare, scuola media inferiore, negozi di generi alimentari, mercati, supermercati). L'indicatore è calcolato come media triennale.;Istat - Indagine multiscopo sugli aspetti della vita quotidiana;https://www.istat.it/wp-content/uploads/2026/05/APPENDICE-STATISTICA-2.zip;Metadati.xlsx, codice 12SER004
bes:12SER006;Irregolarità nella distribuzione dell'acqua;Percentuale di famiglie che denunciano irregolarità nell'erogazione dell'acqua.;Istat - Indagine multiscopo sugli aspetti della vita quotidiana;https://www.istat.it/wp-content/uploads/2026/05/APPENDICE-STATISTICA-2.zip;Metadati.xlsx, codice 12SER006
bes:12SER007;Irregolarità del servizio elettrico;Numero medio per utente delle interruzioni accidentali lunghe (interruzioni senza preavviso e superiori ai 3 minuti) del servizio elettrico.;Istat - Elaborazione su dati Autorità di Regolazione per Energia Reti e Ambiente (Arera);https://www.istat.it/wp-content/uploads/2026/05/APPENDICE-STATISTICA-2.zip;Metadati.xlsx, codice 12SER007
bes:12SER008;Posti-km offerti dal Tpl;Prodotto del numero complessivo di km percorsi nell'anno dai veicoli del Tpl per la loro capacità media, rapportato alla popolazione residente (posti-Km per abitante). L'indicatore è riferito ai Comuni capoluogo di provincia e considera le seguenti modalità di Tpl: autobus, tram, filobus, metropolitana, funicolare o funivia (inclusi i servizi ettometrici di navetta a guida automatica), trasporti per vie d'acqua.;Istat - Indagine Dati ambientali nelle città;https://www.istat.it/wp-content/uploads/2026/05/APPENDICE-STATISTICA-2.zip;Metadati.xlsx, codice 12SER008
bes:12SER010;Soddisfazione per i servizi di trasporto pubblico;Percentuale di persone di 14 anni e più, utenti assidui dei servizi di trasporto pubblico, che valutano positivamente la propria esperienza di tali servizi (voto uguale o superiore a 8 su 10) sul totale degli utenti assidui. Sono considerati utenti assidui quanti hanno dichiarato di utilizzare i mezzi pubblici (treni o autobus/filobus/tram, urbani o extraurbani) più volte a settimana.;Istat - Indagine multiscopo sugli aspetti della vita quotidiana;https://www.istat.it/wp-content/uploads/2026/05/APPENDICE-STATISTICA-2.zip;Metadati.xlsx, codice 12SER010
bes:12SER020;Copertura della rete fissa di accesso ultra veloce a internet;Percentuale di famiglie che risiedono in una zona servita da una connessione di nuova generazione ad altissima capacità (FTTH).;Istat - Elaborazione su dati Agcom;https://www.istat.it/wp-content/uploads/2026/05/APPENDICE-STATISTICA-2.zip;Metadati.xlsx, codice 12SER020
bes:12SER021;Utenti assidui dei mezzi pubblici;"Percentuale di persone di 14 anni e più che utilizzano più volte a settimana i mezzi di trasporto pubblici (autobus, filobus, tram all'interno del proprio comune; pullman o corriere che collegano comuni diversi; treno).";Istat - Indagine multiscopo sugli aspetti della vita quotidiana;https://www.istat.it/wp-content/uploads/2026/05/APPENDICE-STATISTICA-2.zip;Metadati.xlsx, codice 12SER021
bes:12SER022;Posti letto per specialità a elevata assistenza;Posti letto ospedalieri in reparti di specialità a elevata assistenza (cardiochirurgia, cardiochirurgia pediatrica, emodialisi, malattie infettive e tropicali, nefrologia, neonatologia, neurochirurgia, neurochirurgia pediatrica, psichiatria, unità spinale) in degenza ordinaria in istituti di cura pubblici e privati accreditati per 10.000 abitanti.;Istat - Elaborazione su dati Ministero della Salute;https://www.istat.it/wp-content/uploads/2026/05/APPENDICE-STATISTICA-2.zip;Metadati.xlsx, codice 12SER022
bes:12SER024;Servizio di raccolta differenziata dei rifiuti urbani;Percentuale di popolazione residente nei comuni con raccolta differenziata superiore o uguale al 65%.;Istat - Elaborazione su dati ISPRA;https://www.istat.it/wp-content/uploads/2026/05/APPENDICE-STATISTICA-2.zip;Metadati.xlsx, codice 12SER024
bes:12SER025;Emigrazione ospedaliera in altra regione;"Rapporto percentuale tra le dimissioni ospedaliere effettuate in regioni diverse da quella di residenza e il totale delle dimissioni dei residenti nella regione. I dati si riferiscono ai soli ricoveri ospedalieri in regime ordinario per ""acuti"" (sono esclusi i ricoveri dei reparti di ""unità spinale"", ""recupero e riabilitazione funzionale"", ""neuro-riabilitazione"" e ""lungodegenti"").";Istat - Elaborazioni su dati delle Schede di Dimissione Ospedaliera (SDO) del Ministero della salute;https://www.istat.it/wp-content/uploads/2026/05/APPENDICE-STATISTICA-2.zip;Metadati.xlsx, codice 12SER025
bes:12SER026;Rinuncia a prestazioni sanitarie;"Percentuale di persone che hanno dichiarato di aver rinunciato, negli ultimi 12 mesi, a qualche visita specialistica (escluse le visite odontoiatriche) o a esame diagnostico (es. radiografie, ecografie, risonanza magnetica, TAC, ecodoppler, o altro tipo di accertamento, ecc.) pur avendone bisogno, a causa di uno dei seguenti motivi: motivi economici; scomodità (struttura lontana, mancanza di trasporti, orari scomodi); lista d’attesa lunga.";Istat - Indagine multiscopo sugli aspetti della vita quotidiana;https://www.istat.it/wp-content/uploads/2026/05/APPENDICE-STATISTICA-2.zip;Metadati.xlsx, codice 12SER026
bes:12SER027;Medici di medicina generale con un numero di assistiti oltre soglia;Percentuale di medici di medicina generale con un numero di pazienti oltre la soglia massima di 1500 assistiti prevista dal contratto dei medici di medicina generale.;Istat - Elaborazione su dati Ministero della Salute;https://www.istat.it/wp-content/uploads/2026/05/APPENDICE-STATISTICA-2.zip;Metadati.xlsx, codice 12SER027
bes:SDG-222;Sovraccarico del costo dell'abitazione;Percentuale di persone che vivono in famiglie in cui il costo totale dell'abitazione dove si vive rappresenta più del 40% del reddito familiare netto.;Istat - Indagine Eu-Silc;https://www.istat.it/wp-content/uploads/2026/05/APPENDICE-STATISTICA-2.zip;Metadati.xlsx, codice SDG-222
bes:SDG-3;Medici;Medici attivi per 1.000 abitanti.;Istat - Registro statistico dei professionisti sanitari;https://www.istat.it/wp-content/uploads/2026/05/APPENDICE-STATISTICA-2.zip;Metadati.xlsx, codice SDG-3
bes:SDG-310;Competenza numerica non adeguata (studenti classi III scuola secondaria primo grado);Percentuale di studenti delle classi III della scuola secondaria di primo grado che non raggiungono un livello sufficiente (Livello I + Livello II di 5 livelli) di competenza numerica.;Invalsi - Rilevazioni nazionali sugli apprendimenti;https://www.istat.it/wp-content/uploads/2026/05/APPENDICE-STATISTICA-2.zip;Metadati.xlsx, codice SDG-310
bes:SDG-311;Competenza alfabetica non adeguata (studenti classi III scuola secondaria primo grado);Percentuale di studenti delle classi III della scuola secondaria di primo grado che non raggiungono un livello sufficiente (Livello I + Livello II di 5 livelli) di competenza alfabetica.;Invalsi - Rilevazioni nazionali sugli apprendimenti;https://www.istat.it/wp-content/uploads/2026/05/APPENDICE-STATISTICA-2.zip;Metadati.xlsx, codice SDG-311
bes:SDG-4;Infermieri e ostetriche;Infermieri e ostetriche attivi per 1.000 abitanti.;Istat - Registro statistico dei professionisti sanitari;https://www.istat.it/wp-content/uploads/2026/05/APPENDICE-STATISTICA-2.zip;Metadati.xlsx, codice SDG-4
bes:SDG-405;Posti letto nei presidi residenziali socio-assistenziali e socio-sanitari;Posti letto nelle strutture socio-assistenziali e socio-sanitarie pubbliche o private che erogano servizi residenziali (ospitalità assistita con pernottamento) a persone in stato di bisogno per 10.000 abitanti.;Istat - Presidi residenziali socio-assistenziali e socio-sanitari;https://www.istat.it/wp-content/uploads/2026/05/APPENDICE-STATISTICA-2.zip;Metadati.xlsx, codice SDG-405
dem:BIRTHRATE;Tasso di natalità (Istat, regioni);Conta i nati vivi ogni mille residenti in un anno.;Istat, Indicatori demografici;https://esploradati.istat.it/SDMXWS/rest;CL_TIPO_DATO15:BIRTHRATE=tasso di natalità (per mille abitanti)
dem:GROWTHRATEN;Crescita naturale della popolazione (Istat, regioni);Differenza fra nati vivi e morti in un anno, ogni mille abitanti.;Istat, Indicatori demografici;https://esploradati.istat.it/SDMXWS/rest;CL_TIPO_DATO15:GROWTHRATEN=crescita naturale (per mille abitanti)
dem:GROWTHRATET;Tasso di crescita totale della popolazione (Istat, regioni);Somma della crescita naturale e del saldo migratorio (interno ed estero) in un anno, ogni mille abitanti.;Istat, Indicatori demografici;https://esploradati.istat.it/SDMXWS/rest;CL_TIPO_DATO15:GROWTHRATET=tasso di crescita totale (per mille abitanti)
dem:LIFEEXP65F;Speranza di vita a 65 anni (femmine) (Istat, regioni);Anni di vita attesi per una donna che ha già compiuto 65 anni, calcolati sulle tavole di mortalità regionali.;Istat, Indicatori demografici;https://esploradati.istat.it/SDMXWS/rest;CL_TIPO_DATO15:LIFEEXP65F=speranza di vita a 65 anni - femmine
dem:LIFEEXP65M;Speranza di vita a 65 anni (maschi) (Istat, regioni);Anni di vita attesi per un uomo che ha già compiuto 65 anni, calcolati sulle tavole di mortalità regionali.;Istat, Indicatori demografici;https://esploradati.istat.it/SDMXWS/rest;CL_TIPO_DATO15:LIFEEXP65M=speranza di vita a 65 anni - maschi
dem:MARRATE;Tasso di nuzialità (Istat, regioni);Numero di matrimoni celebrati in un anno ogni mille residenti, di qualsiasi rito o forma.;Istat, Indicatori demografici;https://esploradati.istat.it/SDMXWS/rest;CL_TIPO_DATO15:MARRATE=tasso di nuzialità (per mille abitanti)
dem:MEANAGECH;Età media della madre al parto (Istat, regioni);Età media delle donne al momento del parto, calcolata sui nati vivi dell'anno.;Istat, Indicatori demografici;https://esploradati.istat.it/SDMXWS/rest;CL_TIPO_DATO15:MEANAGECH=età media della madre al parto
dem:NMIGRATEAB;Saldo migratorio con l'estero (Istat, regioni);Differenza fra chi arriva dall'estero e chi parte per l'estero, ogni mille abitanti.;Istat, Indicatori demografici;https://esploradati.istat.it/SDMXWS/rest;CL_TIPO_DATO15:NMIGRATEAB=saldo migratorio con l'estero (per mille abitanti)
dem:NMIGRATEIN;Saldo migratorio interno (Istat, regioni);Differenza tra chi si trasferisce in una regione e chi la lascia per altre regioni italiane, ogni mille abitanti.;Istat, Indicatori demografici;https://esploradati.istat.it/SDMXWS/rest;CL_TIPO_DATO15:NMIGRATEIN=saldo migratorio interno (per mille abitanti)
dem:OLDAGEDEPR;Indice di dipendenza strutturale degli anziani (Istat, regioni);Rapporta i residenti dai 65 anni in su a quelli tra i 15 e i 64.;Istat, Indicatori demografici;https://esploradati.istat.it/SDMXWS/rest;CL_TIPO_DATO15:OLDAGEDEPR=indice di dipendenza degli anziani (valori percentuali) - al 1° gennaio
dem:POP014;Quota di popolazione 0-14 anni (Istat, regioni);Quota di residenti fra 0 e 14 anni sul totale della popolazione, al 1 gennaio.;Istat, Indicatori demografici;https://esploradati.istat.it/SDMXWS/rest;CL_TIPO_DATO15:POP014=popolazione 0-14 anni (valori percentuali) - al 1° gennaio
dem:POP1564;Quota di popolazione 15-64 anni (Istat, regioni);Quota di residenti in età lavorativa, fra 15 e 64 anni, sul totale della popolazione, al 1 gennaio.;Istat, Indicatori demografici;https://esploradati.istat.it/SDMXWS/rest;CL_TIPO_DATO15:POP1564=popolazione 15-64 anni (valori percentuali) - al 1° gennaio
dem:POP65OVER;Quota di popolazione 65 anni e più (Istat, regioni);Quota di residenti che hanno 65 anni o più sul totale della popolazione, al 1 gennaio.;Istat, Indicatori demografici;https://esploradati.istat.it/SDMXWS/rest;CL_TIPO_DATO15:POP65OVER=popolazione 65 anni e più (valori percentuali) - al 1° gennaio
eur:rd_e_gerdreg;Spesa in ricerca e sviluppo sul PIL (Eurostat, NUTS2);Spesa interna lorda per ricerca e sviluppo sostenuta da tutti i settori di esecuzione, espressa in percentuale del prodotto interno lordo regionale.;Eurostat, Research and development statistics;https://ec.europa.eu/eurostat/cache/metadata/en/rd_esms.htm;"dataset rd_e_gerdreg; unit=PC_GDP; sectperf=TOTAL"
eur:rd_p_persreg;Personale addetto a ricerca e sviluppo (Eurostat, NUTS2);Personale direttamente impegnato in ricerca e sviluppo o che presta servizi diretti alle attività di ricerca e sviluppo, misurato in equivalenti a tempo pieno ed espresso in percentuale della popolazione attiva.;Eurostat, Research and development statistics;https://ec.europa.eu/eurostat/cache/metadata/en/rd_esms.htm;"dataset rd_p_persreg; prof_pos=TOTAL; sectperf=TOTAL; sex=T; unit=PC_ACT_FTE"
multiscopo:MULTI_ABIT_AFFITTO;Famiglie in affitto;Famiglie per titolo di godimento dell'abitazione: abitazione in affitto, valori percentuali.;Istat, Indagine Multiscopo sulle famiglie;https://esploradati.istat.it/SDMXWS/rest/data/33_290_DF_DCCV_TITGODABIT_6;"33_290_DF_DCCV_TITGODABIT_6; CL_TIPO_DATO8:FAM_TITOLO_GODIM_ABITAZ=titolo di godimento dell'abitazione; CL_ABITAZ_TITGOD:1=abitazione in affitto"
multiscopo:MULTI_ABIT_AFFOLLAMENTO;Indice di affollamento delle abitazioni (componenti per 100 m2);indice di affollamento delle abitazioni (numero medio di componenti per un'abitazione di 100 metri quadri).;Istat, Indagine Multiscopo sulle famiglie;https://esploradati.istat.it/SDMXWS/rest/data/33_179_DF_DCCV_ABITAFFOLL_6;"33_179_DF_DCCV_ABITAFFOLL_6; CL_TIPO_DATO8:ABITAZ_AFFOLL_MED=indice di affollamento delle abitazioni (numero medio di componenti per un'abitazione di 100 metri quadri)"
multiscopo:MULTI_ABIT_INFISSI_FATISCENTI;Famiglie con infissi, pavimenti o fondamenta in cattive condizioni;Famiglie con problemi di strutture danneggiate nell'abitazione, per 100 famiglie con le stesse caratteristiche.;Istat, Indagine Multiscopo sulle famiglie;https://esploradati.istat.it/SDMXWS/rest/data/33_4_DF_DCCV_ABITPROBL_6;"33_4_DF_DCCV_ABITPROBL_6; CL_TIPO_DATO8:ABITAZ_PROBLEMI=famiglie con problemi nell'abitazione (per 100 famiglie con le stesse caratteristiche); CL_ABITAZ_PROBL:1=strutture danneggiate"
multiscopo:MULTI_ABIT_PROBLEMI;Famiglie con scarsa luminosità nell'abitazione;Famiglie con problemi di scarsa luminosità nell'abitazione, per 100 famiglie con le stesse caratteristiche.;Istat, Indagine Multiscopo sulle famiglie;https://esploradati.istat.it/SDMXWS/rest/data/33_4_DF_DCCV_ABITPROBL_6;"33_4_DF_DCCV_ABITPROBL_6; CL_TIPO_DATO8:ABITAZ_PROBLEMI=famiglie con problemi nell'abitazione (per 100 famiglie con le stesse caratteristiche); CL_ABITAZ_PROBL:3=scarsa luminosità"
multiscopo:MULTI_ABIT_PROPRIETA;Famiglie proprietarie dell'abitazione;Famiglie per titolo di godimento dell'abitazione: abitazione di proprietà, valori percentuali.;Istat, Indagine Multiscopo sulle famiglie;https://esploradati.istat.it/SDMXWS/rest/data/33_290_DF_DCCV_TITGODABIT_6;"33_290_DF_DCCV_TITGODABIT_6; CL_TIPO_DATO8:FAM_TITOLO_GODIM_ABITAZ=titolo di godimento dell'abitazione; CL_ABITAZ_TITGOD:2=abitazione di proprietà"
multiscopo:MULTI_ABIT_SPESA_EURO;Spesa media mensile per l'abitazione;spesa media mensile per abitazione (in euro).;Istat, Indagine Multiscopo sulle famiglie;https://esploradati.istat.it/SDMXWS/rest/data/33_225_DF_DCCV_ABITSPESA_6;"33_225_DF_DCCV_ABITSPESA_6; CL_TIPO_DATO8:ABITAZ_SPESA_M=spesa media mensile per abitazione (in euro)"
multiscopo:MULTI_ABIT_SPESA_REDDITO;Spesa media mensile per l'abitazione (per 100 euro di reddito medio mensile);spesa media mensile per abitazioni (per 100 euro di reddito medio mensile).;Istat, Indagine Multiscopo sulle famiglie;https://esploradati.istat.it/SDMXWS/rest/data/33_225_DF_DCCV_ABITSPESA_6;"33_225_DF_DCCV_ABITSPESA_6; CL_TIPO_DATO8:ABITAZ_SPESA_REDD=spesa media mensile per abitazioni (per 100 euro di reddito medio mensile)"
multiscopo:MULTI_ABIT_UMIDITA;Famiglie con umidità nell'abitazione;Famiglie con problemi di umidità nell'abitazione, per 100 famiglie con le stesse caratteristiche.;Istat, Indagine Multiscopo sulle famiglie;https://esploradati.istat.it/SDMXWS/rest/data/33_4_DF_DCCV_ABITPROBL_6;"33_4_DF_DCCV_ABITPROBL_6; CL_TIPO_DATO8:ABITAZ_PROBLEMI=famiglie con problemi nell'abitazione (per 100 famiglie con le stesse caratteristiche); CL_ABITAZ_PROBL:2=umidità"
multiscopo:MULTI_BMI_NORMO;Persone di 18 anni e più normopeso;Persone di 18 anni e più per indice di massa corporea: normopeso, per 100 persone con le stesse caratteristiche.;Istat, Indagine Multiscopo sulle famiglie;https://esploradati.istat.it/SDMXWS/rest/data/83_85_DF_DCCV_AVQ_PERSONE1_231;"83_85_DF_DCCV_AVQ_PERSONE1_231; CL_TIPO_DATO_AVQ:18_BMI_NORMO=persone di 18 anni e più per indice di massa corporea: normopeso; CL_MISURA_AVQ:HSC=per 100 persone con le stesse caratteristiche; CL_SEXISTAT1:9=totale"
multiscopo:MULTI_BMI_OBESI;Persone di 18 anni e più obese;Persone di 18 anni e più per indice di massa corporea: obesi, per 100 persone con le stesse caratteristiche.;Istat, Indagine Multiscopo sulle famiglie;https://esploradati.istat.it/SDMXWS/rest/data/83_85_DF_DCCV_AVQ_PERSONE1_231;"83_85_DF_DCCV_AVQ_PERSONE1_231; CL_TIPO_DATO_AVQ:18_BMI_OBE=persone di 18 anni e più per indice di massa corporea: obesi; CL_MISURA_AVQ:HSC=per 100 persone con le stesse caratteristiche; CL_SEXISTAT1:9=totale"
multiscopo:MULTI_BMI_SOTTO;Persone di 18 anni e più sottopeso;Persone di 18 anni e più per indice di massa corporea: sottopeso, per 100 persone con le stesse caratteristiche.;Istat, Indagine Multiscopo sulle famiglie;https://esploradati.istat.it/SDMXWS/rest/data/83_85_DF_DCCV_AVQ_PERSONE1_231;"83_85_DF_DCCV_AVQ_PERSONE1_231; CL_TIPO_DATO_AVQ:18_BMI_SOTTO=persone di 18 anni e più per indice di massa corporea: sottopeso; CL_MISURA_AVQ:HSC=per 100 persone con le stesse caratteristiche; CL_SEXISTAT1:9=totale"
multiscopo:MULTI_BMI_SOVRA;Persone di 18 anni e più sovrappeso;Persone di 18 anni e più per indice di massa corporea: sovrappeso, per 100 persone con le stesse caratteristiche.;Istat, Indagine Multiscopo sulle famiglie;https://esploradati.istat.it/SDMXWS/rest/data/83_85_DF_DCCV_AVQ_PERSONE1_231;"83_85_DF_DCCV_AVQ_PERSONE1_231; CL_TIPO_DATO_AVQ:18_BMI_SOVRA=persone di 18 anni e più per indice di massa corporea: sovrappeso; CL_MISURA_AVQ:HSC=per 100 persone con le stesse caratteristiche; CL_SEXISTAT1:9=totale"
multiscopo:MULTI_DISAGIO_DIFFICOLTA;Famiglie che arrivano a fine mese con difficoltà;Famiglie che arrivano e che non arrivano a fine mese (composizione percentuale): con difficoltà.;Istat, Indagine Multiscopo sulle famiglie;https://esploradati.istat.it/SDMXWS/rest/data/34_226_DF_PERCEPIT_6;"34_226_DF_PERCEPIT_6; CL_TIPO_DATO8:FAM_GIUD_PERCEP=famiglie che arrivano e che non arrivano a fine mese (composizione percentuale); CL_GIUD_DIFFICOLTA:2=con difficoltà"
multiscopo:MULTI_DISAGIO_FACILITA;Famiglie che arrivano a fine mese con facilità o molta facilità;Famiglie che arrivano e che non arrivano a fine mese (composizione percentuale): con facilità e con molta facilità.;Istat, Indagine Multiscopo sulle famiglie;https://esploradati.istat.it/SDMXWS/rest/data/34_226_DF_PERCEPIT_6;"34_226_DF_PERCEPIT_6; CL_TIPO_DATO8:FAM_GIUD_PERCEP=famiglie che arrivano e che non arrivano a fine mese (composizione percentuale); CL_GIUD_DIFFICOLTA:4=con facilità e con molta facilità"
multiscopo:MULTI_DISAGIO_GRANDE_DIFFICOLTA;Famiglie che arrivano a fine mese con grande difficoltà;Famiglie che arrivano e che non arrivano a fine mese (composizione percentuale): con grande difficoltà.;Istat, Indagine Multiscopo sulle famiglie;https://esploradati.istat.it/SDMXWS/rest/data/34_226_DF_PERCEPIT_6;"34_226_DF_PERCEPIT_6; CL_TIPO_DATO8:FAM_GIUD_PERCEP=famiglie che arrivano e che non arrivano a fine mese (composizione percentuale); CL_GIUD_DIFFICOLTA:1=con grande difficoltà"
multiscopo:MULTI_DISAGIO_IMPREVISTI;Famiglie che non riescono a far fronte a spese impreviste;famiglie che non riescono a far fronte a spese impreviste (per 100 famiglie).;Istat, Indagine Multiscopo sulle famiglie;https://esploradati.istat.it/SDMXWS/rest/data/34_216_DF_DCCV_IMPREV_6;"34_216_DF_DCCV_IMPREV_6; CL_TIPO_DATO8:FAM_SPESE_IMPR=famiglie che non riescono a far fronte a spese impreviste (per 100 famiglie)"
multiscopo:MULTI_DISAGIO_RISPARMIO;Famiglie che non riescono a risparmiare;famiglie che non riescono a risparmiare (per 100 famiglie).;Istat, Indagine Multiscopo sulle famiglie;https://esploradati.istat.it/SDMXWS/rest/data/34_216_DF_DCCV_IMPREV_6;"34_216_DF_DCCV_IMPREV_6; CL_TIPO_DATO8:FAM_RISP=famiglie che non riescono a risparmiare (per 100 famiglie)"
multiscopo:MULTI_ELETTR_BOLL;Famiglie che comprendono la bolletta elettrica;Famiglie molto o abbastanza soddisfatte per alcuni aspetti del servizio di fornitura elettrica: comprensibilità della bolletta, per 100 famiglie con le stesse caratteristiche.;Istat, Indagine Multiscopo sulle famiglie;https://esploradati.istat.it/SDMXWS/rest/data/82_87_DF_DCCV_AVQ_FAMIGLIE_101;"82_87_DF_DCCV_AVQ_FAMIGLIE_101; CL_TIPO_DATO_AVQ:HOUS_ECOMP_BILL=famiglie molto o abbastanza soddisfatte per alcuni aspetti del servizio di fornitura elettrica: comprensibilità della bolletta; CL_MISURA_AVQ:HSC_F=per 100 famiglie con le stesse caratteristiche"
multiscopo:MULTI_ELETTR_CONT;Famiglie soddisfatte della continuità del servizio elettrico;Famiglie molto o abbastanza soddisfatte per alcuni aspetti del servizio di fornitura elettrica: continuità del servizio, per 100 famiglie con le stesse caratteristiche.;Istat, Indagine Multiscopo sulle famiglie;https://esploradati.istat.it/SDMXWS/rest/data/82_87_DF_DCCV_AVQ_FAMIGLIE_101;"82_87_DF_DCCV_AVQ_FAMIGLIE_101; CL_TIPO_DATO_AVQ:HOUS_CONT_SERV=famiglie molto o abbastanza soddisfatte per alcuni aspetti del servizio di fornitura elettrica: continuità del servizio; CL_MISURA_AVQ:HSC_F=per 100 famiglie con le stesse caratteristiche"
multiscopo:MULTI_ELETTR_DISPLAY;Famiglie che comprendono il display del contatore elettronico;Famiglie molto o abbastanza soddisfatte per alcuni aspetti del servizio di fornitura elettrica: comprensibilità del display del contatore elettronico, per 100 famiglie con le stesse caratteristiche.;Istat, Indagine Multiscopo sulle famiglie;https://esploradati.istat.it/SDMXWS/rest/data/82_87_DF_DCCV_AVQ_FAMIGLIE_101;"82_87_DF_DCCV_AVQ_FAMIGLIE_101; CL_TIPO_DATO_AVQ:HOUS_COUNT_DISPL=famiglie molto o abbastanza soddisfatte per alcuni aspetti del servizio di fornitura elettrica: comprensibilità del display del contatore elettronico; CL_MISURA_AVQ:HSC_F=per 100 famiglie con le stesse caratteristiche"
multiscopo:MULTI_ELETTR_INFO;Famiglie soddisfatte dell'informazione sul servizio elettrico;Famiglie molto o abbastanza soddisfatte per alcuni aspetti del servizio di fornitura elettrica: informazione sul servizio, per 100 famiglie con le stesse caratteristiche.;Istat, Indagine Multiscopo sulle famiglie;https://esploradati.istat.it/SDMXWS/rest/data/82_87_DF_DCCV_AVQ_FAMIGLIE_101;"82_87_DF_DCCV_AVQ_FAMIGLIE_101; CL_TIPO_DATO_AVQ:HOUS_EINF_ESERV=famiglie molto o abbastanza soddisfatte per alcuni aspetti del servizio di fornitura elettrica: informazione sul servizio; CL_MISURA_AVQ:HSC_F=per 100 famiglie con le stesse caratteristiche"
multiscopo:MULTI_ELETTR_TOT;Famiglie molto o abbastanza soddisfatte del servizio elettrico nel complesso;Famiglie molto o abbastanza soddisfatte per alcuni aspetti del servizio di fornitura elettrica: servizio nel complesso, per 100 famiglie con le stesse caratteristiche.;Istat, Indagine Multiscopo sulle famiglie;https://esploradati.istat.it/SDMXWS/rest/data/82_87_DF_DCCV_AVQ_FAMIGLIE_101;"82_87_DF_DCCV_AVQ_FAMIGLIE_101; CL_TIPO_DATO_AVQ:HOUS_TELECTR=famiglie molto o abbastanza soddisfatte per alcuni aspetti del servizio di fornitura elettrica: servizio nel complesso; CL_MISURA_AVQ:HSC_F=per 100 famiglie con le stesse caratteristiche"
multiscopo:MULTI_ELETTR_VOLT;Famiglie soddisfatte della stabilità della tensione elettrica;Famiglie molto o abbastanza soddisfatte per alcuni aspetti del servizio di fornitura elettrica: stabilità della tensione, per 100 famiglie con le stesse caratteristiche.;Istat, Indagine Multiscopo sulle famiglie;https://esploradati.istat.it/SDMXWS/rest/data/82_87_DF_DCCV_AVQ_FAMIGLIE_101;"82_87_DF_DCCV_AVQ_FAMIGLIE_101; CL_TIPO_DATO_AVQ:HOUS_VOLT_STAB=famiglie molto o abbastanza soddisfatte per alcuni aspetti del servizio di fornitura elettrica: stabilità della tensione; CL_MISURA_AVQ:HSC_F=per 100 famiglie con le stesse caratteristiche"
multiscopo:MULTI_ICT_BANDA_LARGA;Famiglie con connessione a banda larga;Famiglie con connessione a banda larga, valori percentuali.;Istat, Indagine Multiscopo sulle famiglie;https://esploradati.istat.it/SDMXWS/rest/data/60_130_DF_DCCV_ICT_3;"60_130_DF_DCCV_ICT_3; CL_TIPO_DATO_SDS_ICT:FAM_CONN_BROAD=connessione a banda larga"
multiscopo:MULTI_ICT_BANDA_LARGA_FISSA;Famiglie con connessione fissa a banda larga;Famiglie con connessione fissa a banda larga, valori percentuali.;Istat, Indagine Multiscopo sulle famiglie;https://esploradati.istat.it/SDMXWS/rest/data/60_130_DF_DCCV_ICT_3;"60_130_DF_DCCV_ICT_3; CL_TIPO_DATO_SDS_ICT:FAM_CONN_BROAD_FIX=connessione fissa a banda larga"
multiscopo:MULTI_ICT_BANDA_LARGA_MOBILE;Famiglie con connessione mobile a banda larga;Famiglie con connessione mobile a banda larga tramite rete di telefonia mobile, valori percentuali.;Istat, Indagine Multiscopo sulle famiglie;https://esploradati.istat.it/SDMXWS/rest/data/60_130_DF_DCCV_ICT_3;"60_130_DF_DCCV_ICT_3; CL_TIPO_DATO_SDS_ICT:FAM_CONN_MOBI=connessione mobile a banda larga tramite rete di telefonia mobile"
multiscopo:MULTI_REDD_FONTE_CAPITALE;Famiglie con fonte principale di reddito da capitale e altri redditi;Famiglie per fonte principale di reddito (valore percentuale): capitale e altri redditi, valori percentuali.;Istat, Indagine Multiscopo sulle famiglie;https://esploradati.istat.it/SDMXWS/rest/data/32_223_DF_DCCV_FONTEPRED_6;"32_223_DF_DCCV_FONTEPRED_6; CL_TIPO_DATO8:FAM_FONTE_REDD=famiglie per fonte principale di reddito (valore percentuale); CL_MISURA1:1=valori percentuali; CL_REDDITO_PRINCIPALE:4=capitale e altri redditi"
multiscopo:MULTI_REDD_FONTE_LAVAUT;Famiglie con fonte principale di reddito da lavoro autonomo;Famiglie per fonte principale di reddito (valore percentuale): lavoro autonomo, valori percentuali.;Istat, Indagine Multiscopo sulle famiglie;https://esploradati.istat.it/SDMXWS/rest/data/32_223_DF_DCCV_FONTEPRED_6;"32_223_DF_DCCV_FONTEPRED_6; CL_TIPO_DATO8:FAM_FONTE_REDD=famiglie per fonte principale di reddito (valore percentuale); CL_MISURA1:1=valori percentuali; CL_REDDITO_PRINCIPALE:2=lavoro autonomo"
multiscopo:MULTI_REDD_FONTE_LAVDIP;Famiglie con fonte principale di reddito da lavoro dipendente;Famiglie per fonte principale di reddito (valore percentuale): lavoro dipendente, valori percentuali.;Istat, Indagine Multiscopo sulle famiglie;https://esploradati.istat.it/SDMXWS/rest/data/32_223_DF_DCCV_FONTEPRED_6;"32_223_DF_DCCV_FONTEPRED_6; CL_TIPO_DATO8:FAM_FONTE_REDD=famiglie per fonte principale di reddito (valore percentuale); CL_MISURA1:1=valori percentuali; CL_REDDITO_PRINCIPALE:1=lavoro dipendente"
multiscopo:MULTI_REDD_FONTE_TRASF;Famiglie con fonte principale di reddito da trasferimenti pubblici;Famiglie per fonte principale di reddito (valore percentuale): trasferimenti pubblici, valori percentuali.;Istat, Indagine Multiscopo sulle famiglie;https://esploradati.istat.it/SDMXWS/rest/data/32_223_DF_DCCV_FONTEPRED_6;"32_223_DF_DCCV_FONTEPRED_6; CL_TIPO_DATO8:FAM_FONTE_REDD=famiglie per fonte principale di reddito (valore percentuale); CL_MISURA1:1=valori percentuali; CL_REDDITO_PRINCIPALE:3=trasferimenti pubblici"
multiscopo:MULTI_REDD_MEDIANO;Reddito netto mediano annuale delle famiglie;Reddito mediano annuale delle famiglie (in euro), inclusi fitti imputati.;Istat, Indagine Multiscopo sulle famiglie;https://esploradati.istat.it/SDMXWS/rest/data/32_292_DF_DCCV_REDNETFAMFONTERED_9;"32_292_DF_DCCV_REDNETFAMFONTERED_9; CL_TIPO_DATO8:REDD_MEDIANO_FAM=reddito mediano annuale delle famiglie (in euro); CL_MISURA1:9=valori assoluti; CL_PRESAFFITTI:1=inclusi fitti imputati; CL_REDPRINC:9=totale"
multiscopo:MULTI_REDD_MEDIO;Reddito netto medio annuale delle famiglie;Reddito medio annuale delle famiglie (in euro), inclusi fitti imputati.;Istat, Indagine Multiscopo sulle famiglie;https://esploradati.istat.it/SDMXWS/rest/data/32_292_DF_DCCV_REDNETFAMFONTERED_9;"32_292_DF_DCCV_REDNETFAMFONTERED_9; CL_TIPO_DATO8:REDD_MEDIO_FAM=reddito medio annuale delle famiglie (in euro); CL_MISURA1:9=valori assoluti; CL_PRESAFFITTI:1=inclusi fitti imputati; CL_REDPRINC:9=totale"
multiscopo:MULTI_SATLIFE_0;Persone di 14 anni e più con un livello di soddisfazione per la vita pari a 0 (scala 0-10);Persone di 14 anni e più per livello di soddisfazione per la vita nel complesso: 0, per 100 persone con le stesse caratteristiche.;Istat, Indagine Multiscopo sulle famiglie;https://esploradati.istat.it/SDMXWS/rest/data/83_63_DF_DCCV_AVQ_PERSONE_141;"83_63_DF_DCCV_AVQ_PERSONE_141; CL_TIPO_DATO_AVQ:14_SAT_LIFE_0=persone di 14 anni e più per livello di soddisfazione per la vita nel complesso: 0; CL_MISURA_AVQ:HSC=per 100 persone con le stesse caratteristiche"
multiscopo:MULTI_SATLIFE_1;Persone di 14 anni e più con un livello di soddisfazione per la vita pari a 1 (scala 0-10);Persone di 14 anni e più per livello di soddisfazione per la vita nel complesso: 1, per 100 persone con le stesse caratteristiche.;Istat, Indagine Multiscopo sulle famiglie;https://esploradati.istat.it/SDMXWS/rest/data/83_63_DF_DCCV_AVQ_PERSONE_141;"83_63_DF_DCCV_AVQ_PERSONE_141; CL_TIPO_DATO_AVQ:14_SAT_LIFE_1=persone di 14 anni e più per livello di soddisfazione per la vita nel complesso: 1; CL_MISURA_AVQ:HSC=per 100 persone con le stesse caratteristiche"
multiscopo:MULTI_SATLIFE_10;Persone di 14 anni e più con un livello di soddisfazione per la vita pari a 10 (scala 0-10);Persone di 14 anni e più per livello di soddisfazione per la vita nel complesso: 10, per 100 persone con le stesse caratteristiche.;Istat, Indagine Multiscopo sulle famiglie;https://esploradati.istat.it/SDMXWS/rest/data/83_63_DF_DCCV_AVQ_PERSONE_141;"83_63_DF_DCCV_AVQ_PERSONE_141; CL_TIPO_DATO_AVQ:14_SAT_LIFE_10=persone di 14 anni e più per livello di soddisfazione per la vita nel complesso: 10; CL_MISURA_AVQ:HSC=per 100 persone con le stesse caratteristiche"
multiscopo:MULTI_SATLIFE_2;Persone di 14 anni e più con un livello di soddisfazione per la vita pari a 2 (scala 0-10);Persone di 14 anni e più per livello di soddisfazione per la vita nel complesso: 2, per 100 persone con le stesse caratteristiche.;Istat, Indagine Multiscopo sulle famiglie;https://esploradati.istat.it/SDMXWS/rest/data/83_63_DF_DCCV_AVQ_PERSONE_141;"83_63_DF_DCCV_AVQ_PERSONE_141; CL_TIPO_DATO_AVQ:14_SAT_LIFE_2=persone di 14 anni e più per livello di soddisfazione per la vita nel complesso: 2; CL_MISURA_AVQ:HSC=per 100 persone con le stesse caratteristiche"
multiscopo:MULTI_SATLIFE_3;Persone di 14 anni e più con un livello di soddisfazione per la vita pari a 3 (scala 0-10);Persone di 14 anni e più per livello di soddisfazione per la vita nel complesso: 3, per 100 persone con le stesse caratteristiche.;Istat, Indagine Multiscopo sulle famiglie;https://esploradati.istat.it/SDMXWS/rest/data/83_63_DF_DCCV_AVQ_PERSONE_141;"83_63_DF_DCCV_AVQ_PERSONE_141; CL_TIPO_DATO_AVQ:14_SAT_LIFE_3=persone di 14 anni e più per livello di soddisfazione per la vita nel complesso: 3; CL_MISURA_AVQ:HSC=per 100 persone con le stesse caratteristiche"
multiscopo:MULTI_SATLIFE_4;Persone di 14 anni e più con un livello di soddisfazione per la vita pari a 4 (scala 0-10);Persone di 14 anni e più per livello di soddisfazione per la vita nel complesso: 4, per 100 persone con le stesse caratteristiche.;Istat, Indagine Multiscopo sulle famiglie;https://esploradati.istat.it/SDMXWS/rest/data/83_63_DF_DCCV_AVQ_PERSONE_141;"83_63_DF_DCCV_AVQ_PERSONE_141; CL_TIPO_DATO_AVQ:14_SAT_LIFE_4=persone di 14 anni e più per livello di soddisfazione per la vita nel complesso: 4; CL_MISURA_AVQ:HSC=per 100 persone con le stesse caratteristiche"
multiscopo:MULTI_SATLIFE_5;Persone di 14 anni e più con un livello di soddisfazione per la vita pari a 5 (scala 0-10);Persone di 14 anni e più per livello di soddisfazione per la vita nel complesso: 5, per 100 persone con le stesse caratteristiche.;Istat, Indagine Multiscopo sulle famiglie;https://esploradati.istat.it/SDMXWS/rest/data/83_63_DF_DCCV_AVQ_PERSONE_141;"83_63_DF_DCCV_AVQ_PERSONE_141; CL_TIPO_DATO_AVQ:14_SAT_LIFE_5=persone di 14 anni e più per livello di soddisfazione per la vita nel complesso: 5; CL_MISURA_AVQ:HSC=per 100 persone con le stesse caratteristiche"
multiscopo:MULTI_SATLIFE_6;Persone di 14 anni e più con un livello di soddisfazione per la vita pari a 6 (scala 0-10);Persone di 14 anni e più per livello di soddisfazione per la vita nel complesso: 6, per 100 persone con le stesse caratteristiche.;Istat, Indagine Multiscopo sulle famiglie;https://esploradati.istat.it/SDMXWS/rest/data/83_63_DF_DCCV_AVQ_PERSONE_141;"83_63_DF_DCCV_AVQ_PERSONE_141; CL_TIPO_DATO_AVQ:14_SAT_LIFE_6=persone di 14 anni e più per livello di soddisfazione per la vita nel complesso: 6; CL_MISURA_AVQ:HSC=per 100 persone con le stesse caratteristiche"
multiscopo:MULTI_SATLIFE_7;Persone di 14 anni e più con un livello di soddisfazione per la vita pari a 7 (scala 0-10);Persone di 14 anni e più per livello di soddisfazione per la vita nel complesso: 7, per 100 persone con le stesse caratteristiche.;Istat, Indagine Multiscopo sulle famiglie;https://esploradati.istat.it/SDMXWS/rest/data/83_63_DF_DCCV_AVQ_PERSONE_141;"83_63_DF_DCCV_AVQ_PERSONE_141; CL_TIPO_DATO_AVQ:14_SAT_LIFE_7=persone di 14 anni e più per livello di soddisfazione per la vita nel complesso: 7; CL_MISURA_AVQ:HSC=per 100 persone con le stesse caratteristiche"
multiscopo:MULTI_SATLIFE_8;Persone di 14 anni e più con un livello di soddisfazione per la vita pari a 8 (scala 0-10);Persone di 14 anni e più per livello di soddisfazione per la vita nel complesso: 8, per 100 persone con le stesse caratteristiche.;Istat, Indagine Multiscopo sulle famiglie;https://esploradati.istat.it/SDMXWS/rest/data/83_63_DF_DCCV_AVQ_PERSONE_141;"83_63_DF_DCCV_AVQ_PERSONE_141; CL_TIPO_DATO_AVQ:14_SAT_LIFE_8=persone di 14 anni e più per livello di soddisfazione per la vita nel complesso: 8; CL_MISURA_AVQ:HSC=per 100 persone con le stesse caratteristiche"
multiscopo:MULTI_SATLIFE_9;Persone di 14 anni e più con un livello di soddisfazione per la vita pari a 9 (scala 0-10);Persone di 14 anni e più per livello di soddisfazione per la vita nel complesso: 9, per 100 persone con le stesse caratteristiche.;Istat, Indagine Multiscopo sulle famiglie;https://esploradati.istat.it/SDMXWS/rest/data/83_63_DF_DCCV_AVQ_PERSONE_141;"83_63_DF_DCCV_AVQ_PERSONE_141; CL_TIPO_DATO_AVQ:14_SAT_LIFE_9=persone di 14 anni e più per livello di soddisfazione per la vita nel complesso: 9; CL_MISURA_AVQ:HSC=per 100 persone con le stesse caratteristiche"
multiscopo:MULTI_SPESA_GINI;Indice di concentrazione di Gini della spesa per consumi;Indice di concentrazione di Gini della spesa per consumi delle famiglie.;Istat, Indagine Multiscopo sulle famiglie;https://esploradati.istat.it/SDMXWS/rest/data/31_740_DF_DCCV_SPEMEFAM_COICOP_2018_11;"31_740_DF_DCCV_SPEMEFAM_COICOP_2018_11; CL_TIPO_DATO8:DISUG_CONSUMI_GINI=indice di concentrazione di Gini (valori medi)"
multiscopo:MULTI_SPESA_INTERQUINTILE;Rapporto interquintilico della spesa per consumi;Rapporto tra la spesa per consumi del quinto di famiglie con la spesa più alta e quella del quinto con la spesa più bassa.;Istat, Indagine Multiscopo sulle famiglie;https://esploradati.istat.it/SDMXWS/rest/data/31_740_DF_DCCV_SPEMEFAM_COICOP_2018_11;"31_740_DF_DCCV_SPEMEFAM_COICOP_2018_11; CL_TIPO_DATO8:DISUG_CONSUMI_ID=rapporto interquintilico (valori medi)"
multiscopo:MULTI_ZONA_CRIMINALITA;Famiglie che lamentano criminalità nella zona di residenza;Famiglie che dichiarano criminalità nella zona di residenza, valori per cento.;Istat, Indagine Multiscopo sulle famiglie;https://esploradati.istat.it/SDMXWS/rest/data/33_291_DF_DCCV_PROBLZONRES_2_6;"33_291_DF_DCCV_PROBLZONRES_2_6; CL_MISURA1:10=valori per cento; CL_PROBL_ZONRES:3=criminalità"
multiscopo:MULTI_ZONA_INQUINAMENTO;Famiglie che lamentano inquinamento nella zona di residenza;Famiglie che dichiarano inquinamento nella zona di residenza, valori per cento.;Istat, Indagine Multiscopo sulle famiglie;https://esploradati.istat.it/SDMXWS/rest/data/33_291_DF_DCCV_PROBLZONRES_2_6;"33_291_DF_DCCV_PROBLZONRES_2_6; CL_MISURA1:10=valori per cento; CL_PROBL_ZONRES:1=inquinamento"
multiscopo:MULTI_ZONA_RUMORI;Famiglie che lamentano rumori nella zona di residenza;Famiglie che dichiarano rumori nella zona di residenza, valori per cento.;Istat, Indagine Multiscopo sulle famiglie;https://esploradati.istat.it/SDMXWS/rest/data/33_291_DF_DCCV_PROBLZONRES_2_6;"33_291_DF_DCCV_PROBLZONRES_2_6; CL_MISURA1:10=valori per cento; CL_PROBL_ZONRES:2=rumori"
