id;indicatore;definizione;dati_di_base;unita_territoriale;anno_iniziale;anno_finale;periodicita;fonti;note
1;Produttività del lavoro in agricoltura;Valore aggiunto ai prezzi di base dell'agricoltura, della caccia e della silvicoltura per unità di lavoro;Valore aggiunto dell'Agricoltura, della caccia e della silvicoltura (valori correnti), Valore aggiunto dell'Agricoltura, della caccia e della silvicoltura (valori a prezzi dell'anno precedente), Ula dell'Agricoltura, caccia e silvicoltura;REGIONI;1995;2023;Annuale;Fonte: Istat;Gli aggregati di contabilità nazionale utilizzati nella tavola sostituiscono integralmente i precedenti in quanto risultato di una complessa revisione metodologica e definitoria. La revisione ha riguardato anche il passaggio alla nuova classificazione delle attività economiche (Ateco 2007, versione italiana della Nace Rev. 2). Per ulteriori informazioni si rinvia al seguente link: http://www.istat.it/it/archivio/75111
5;Superficie irrigata/irrigabile nelle aziende agricole;Ettari di superficie irrigata/irrigabile sul totale della superficie agricola utilizzata in %;SAU, Superficie irrigata o irrigabile (ettari);REGIONI;1995;2020;Triennale;Fonte: Istat;"Dal 1997 al 1999 il dato disponibile è solo sulla superficie ""irrigabile""; per gli anni 2001 e 2002 i dati non saranno disponibili in quanto l'indagine di riferimento non è stata effettuata per via delle attività censuarie. Dall'anno di riferimento 2003 l'indagine è diventata, come da regolamento comunitario, a cadenza biennale."
6;Irregolarità nella distribuzione dell'acqua;Percentuale di famiglie che denunciano irregolarità nell'erogazione dell'acqua;Irregolarità nell'erogazione dell'acqua, Totale famiglie;REGIONI;1995;2025;Annuale;Fonte: Istat;Nell'anno 2004 l'Indagine Multiscopo ha subito lo spostamento del periodo di rilevazione da novembre a gennaio-febbraio 2005 per accogliere le esigenze maturate in sede internazionale legate alla necessità di fornire con periodicità annuale i dati necessari al calcolo degli indicatori eEurope2005 (Regolamento del Parlamento Europeo e del Consiglio approvato il 21 Aprile 2004 (N° 808/2004). Pertanto, i dati dell'anno 2004 non saranno disponibili.
8;Disponibilità di risorse idropotabili;Percentuale di acqua potabilizzata sul totale di acqua prelevata a scopo idropotabile;Acqua prelevata, Acqua potabilizzata;REGIONI;1999;2012;Quadriennale;Fonte: Istat;"L'indicatore riflette le caratteristiche idro-geologiche dei territori da cui le acque sono captate e la normativa vigente in materia di caratteristiche sull'acqua ""potabile"". Ove siano disponibili una pluralità di fonti, vengono dapprima utilizzate le acque sotterranee, poiché hanno una qualità migliore tale da non richiedere, di norma, processi di potabilizzazione, tranne nei casi di inquinamento antropico o di presenza naturale di sostanze tossiche. Di contro, nella quasi totalità dei casi le acque superficiali devono essere sottoposte a trattamento. Maggiori volumi di acqua potabilizzata si riscontrano nelle regioni dove maggiore è il prelievo di acque superficiali e marine. Fanno eccezione alcune regioni dell'Italia settentrionale (Lombardia, Piemonte) dove i processi di potabilizzazione interessano anche una buona parte delle acque sotterranee. I più bassi valori del rapporto acqua potabilizzata/acqua prelevata si riscontrano in alcune regioni del centro-sud (Lazio, Abruzzo, Molise, Campania) dove sono presenti grandi risorse sotterranee idropotabili di buona qualità, che non richiedono particolari trattamenti.Con riferimento all'indagine 2005 e per ulteriori approfondimenti sulle diffrenze metodologiche con il censimento 1999 si consiglia di consultare le note diffuse sul sito internet il 30/11/06."
9;Efficienza nella distribuzione dell'acqua per il consumo umano;Percentuale di acqua erogata sul totale dell'acqua immessa nelle reti di distribuzione comunale;Acqua erogata, Acqua immessa;REGIONI;1999;2018;Quadriennale;Fonte: Istat;"La differenza tra numeratore e denominatore può essere dovuta a : esistenza di grandi quantità destinate ad usi pubblici che non vengono misurate e quindi contabilizzate nell'acqua erogata; sfiori di serbatoi laddove l'acqua disponibile ne superi la capacità di contenimento in particolari periodi dell'anno o in particolari momenti della giornata; furti e prelievi abusivi dalla rete; perdite delle condotte. Con riferimento all'indagine 2005 e per ulteriori approfondimenti sulle diffrenze metodologiche con il censimento 1999 si consiglia di consultare le note diffuse sul sito internet il 30/11/06."
10;Popolazione regionale servita da impianti di depurazione completa delle acque reflue;Percentuale della popolazione dei comuni con il servizio di rete fognaria con depurazione completa dei reflui convogliati sul totale della popolazione residente;Popolazione dei comuni con il servizio di rete fognaria con depurazione completa dei reflui convogliati, Totale popolazione residente;REGIONI;1999;2008;Quadriennale;Fonte: Istat;L'Istat rileva il grado di depurazione delle reti fognarie secondo le tre modalità: completa, parziale, assente. Questo indicatore è basato sulla prima delle tre modalità. I comuni presi in considerazione sono serviti dalla rete fognaria pubblica e i reflui convogliati subiscono un trattamento di depurazione prima di confluire nel corpo idrico recettore. Non sempre, però, tutta la popolazione del comune è servita dalla rete fognaria pubblica. In questi casi i reflui prodotti sono raccolti in fosse biologiche, fosse settiche o pozzi neri gestiti autonomamente dagli stessi utilizzatori. Con riferimento all'indagine 2005 e per ulteriori approfondimenti sulle diffrenze metodologiche con il censimento 1999 si consiglia di consultare le note diffuse sul sito internet il 30/11/06.
11;Quota di popolazione equivalente servita da depurazione;Percentuale di abitanti equivalenti serviti effettivi da impianti di depurazione delle acque reflue urbane con trattamento secondario e terziario sugli abitanti equivalenti totali della regione (valore percentuale).;Abitanti Equivalenti Totali Urbani (AETU) effettivamente serviti dagli impianti di tipo secondario o terziario, Abitanti Equivalenti Serviti (AES) effettivamente da impianti di depurazione delle acque reflue urbane in esercizio con tipologia di trattamento secondario o terziario;REGIONI;2005;2015;Quadriennale;Fonte: Istat;Il numeratore è stato rilevato dall'Istat con l'indagine campionaria sul Sistema delle acque (2005). Il denominatore è una stima effettuata dall'Istat e condivisa con le regioni del Mezzogiorno. Gli abitanti equivalenti totali di una regione sono stati calcolati dall'Istat come somma di popolazione residente, popolazione presente non residente (2005), popolazione in case sparse (in sottrazione), lavoratori e studenti pendolari, posti letto in alberghi, campeggi e alloggi per turisti, abitanti in seconde case (non destinate a turisti), ristoranti e bar e micro industria.
12;Tasso di disoccupazione;Persone in cerca di occupazione in età 15 anni e oltre sulle forze di lavoro nella corrispondente classe di età (%) (media annua);Totale persone in cerca di occupazione, Forze di lavoro 15 anni e oltre;REGIONI;2018;2025;Annuale;Fonte: Istat;
13;Tasso di occupazione (totale);Persone occupate in età 15-64 anni sulla popolazione nella corrispondente classe di età (%) (media annua);Occupati 15-64 anni, Popolazione 15-64 anni;REGIONI;2018;2025;Annuale;Fonte: Istat;"La definizione di tasso di occupazione utilizzata è quella ufficiale di Eurostat riportata sul Coded (The Eurostat Concepts and Definitions Database) alla pagina web: http://forum.europa.eu.int/irc/dsis/coded/info/data/coded/en.htm o sul volume dal titolo ""The European Union labour force survey"", Methods and definitions, 1998 edition, Eurostat, p.13."
14;Tasso di occupazione over 54 (totale);Persone occupate in età 55-64 anni sulla popolazione nella corrispondente classe di età (%) (media annua);Popolazione 55-64 anni, Occupati 55-64 anni;REGIONI;2018;2025;Annuale;Fonte: Istat;In seguito alla ricostruzione dei dati regionali dell'indagine per età, è stata rivista e ricostruita la serie storica a partire dal 1995 al 2006.
15;Tasso di disoccupazione giovanile;Persone in cerca di occupazione in età 15-24 anni sulle forze di lavoro nella corrispondente classe di età (%) (media annua);Occupati 15-24 anni, Persone in cerca di occupazione 15-24 anni;REGIONI;2018;2025;Annuale;Fonte: Istat;
16;Incidenza della disoccupazione di lunga durata (totale);Persone in cerca di occupazione da oltre 12 mesi sul totale delle persone in cerca di occupazione (%) (media annua);Persone in cerca di occupazione (lunga durata > 12 mesi), Totale persone in cerca di occupazione;REGIONI;2018;2025;Annuale;Fonte: Istat;
17;Tasso di disoccupazione di lunga durata;Persone in cerca di occupazione da oltre 12 mesi sulle forze di lavoro (%) (media annua);Persone in cerca di occupazione (lunga durata > 12 mesi), Forze di lavoro 15 anni e oltre;REGIONI;2018;2025;Annuale;Fonte: Istat;
18;Indice di domanda culturale dei musei e istituti similari statali;Numero di visitatori dei musei e istituti similari statali;Visitatori dei musei e degli istituti similari statali, Musei e istituti similari statali aperti al pubblico;REGIONI;1995;2024;Annuale;Fonte: elaborazioni Istat su dati MiC e del Dipartimento dei beni culturali e dell'identità siciliana della Regione Sicilia;"I dati relativi ad un numero variabile negli anni di Istituti aperti (tutti a titolo gratuito) non sono rilevabili. I dati relativi alla Regione Sicilia sono disponibili solo dal 2000. Poiché la Sicilia è regione a Statuto speciale i dati sugli Istituti sono di fonte regionale (Dipartimento beni culturali, Regione Sicilia); non sono rilevati i visitatori degli istituti con ingresso esclusivamente gratuito."
20;Tonnellate di merci in ingresso ed in uscita per ferrovia sul totale delle modalità;Tonnellate di merci in ingresso ed in uscita per ferrovia sul totale delle modalità;Trasporto merci su ferro - regioni d'origine, Trasporto merci su ferro - regioni di destinazione, Trasporto merci su strada - regioni d'origine, Trasporto merci su strada - regioni di destinazione, Trasporto merci in navigazione di cabotaggio - merce sbarcata, Trasporto merci in navigazione di cabotaggio - merce imbarcata;REGIONI;1995;2010;Quinquennale;"Fonte: elaborazioni Istat su dati Trenitalia Spa; Istat";"Il traffico merci su ferrovia include il traffico nazionale e internazionale. La serie sul trasporto merci per ferrovia manca al 1999 a causa della privatizzazione delle FFSS. Trenitalia Spa ha reso disponibile annualmente i dati sul trasporto merci dal 2000 al 2008; dal 2010 l'aggiornamento dell'indicatore sarà possibile solo con cadenza quinquennale."
22;Tonnellate di merci in ingresso ed in uscita in navigazione di cabotaggio sul totale delle modalità;Tonnellate di merci in ingresso ed in uscita in navigazione di cabotaggio sul totale delle modalità;Trasporto merci in navigazione di cabotaggio - merce imbarcata, Trasporto merci su ferro - regioni d'origine, Trasporto merci su ferro - regioni di destinazione, Trasporto merci su strada - regioni d'origine, Trasporto merci in navigazione di cabotaggio - merce sbarcata, Trasporto merci su strada - regioni di destinazione;REGIONI;1995;2010;Quinquennale;"Fonte: elaborazioni Istat su dati Istat; Trenitalia Spa";"È presente la voce ""altri porti"" non ripartibile per regione. Il traffico merci non include la navigazione internazionale. A partire dal 2010 l'indicatore sarà aggiornato su base quinquennale per la limitata disponibilità dei dati sul trasporto ferroviario."
23;Indice di domanda culturale dei musei e istituti similari statali (per Kmq);Numero di visitatori di musei e istiuti similari per kmq;Visitatori dei musei e degli istituti similari statali, Superficie;REGIONI;1995;2024;Annuale;Fonte: elaborazioni Istat su dati MiC e del Dipartimento dei beni culturali e dell'identità siciliana della Regione Sicilia;"I dati relativi ad un numero variabile negli anni di Istituti aperti (tutti a titolo gratuito) non sono rilevabili. I dati relativi alla Regione Sicilia sono disponibili solo dal 2000. Poiché la Sicilia è regione a Statuto speciale i dati sugli Istituti sono di fonte regionale (Dipartimento beni culturali, Regione Sicilia);non sono rilevati i visitatori degli istituti con ingresso esclusivamente gratuito."
24;Grado di promozione dell'offerta culturale dei musei e degli istituti similari statali;Visitatori paganti su visitatori non paganti dei musei e degli istituti similari con ingresso a pagamento (percentuale);Visitatori paganti dei musei e istituti similari statali a pagamento, Visitatori non paganti dei musei e istituti similari statali a pagamento;REGIONI;1995;2024;Annuale;Fonte: elaborazioni Istat su dati MiC e del Dipartimento dei beni culturali e dell'identità siciliana della Regione Sicilia;I dati relativi ad un numero variabile negli anni di Istituti aperti (tutti a titolo gratuito) non sono rilevabili. I dati relativi alla Regione Sicilia sono disponibili solo dal 2000. Poiché la Sicilia è regione a Statuto speciale i dati sugli Istituti sono di fonte regionale (Dipartimento beni culturali, Regione Sicilia).
25;Spesa del pubblico per spettacoli teatrali e musicali;Spesa per attività teatrali e musicali per abitante (euro);Spesa del pubblico per spettacoli teatrali e musicalii, Popolazione residente media;REGIONI;1995;2023;Annuale;"Fonte: Elaborazioni Istat su dati SIAE; Istat";"A partire dal 1° gennaio 2000, è stata abolita l'imposta sugli spettacoli (inglobata dall'IVA) della quale la SIAE rappresentava il soggetto riscossore. Pertanto a partire dall'anno 2000 i dati SIAE sono prodotti attraverso i controlli che l'Ente effettua direttamente sull'esercente; ciò rende non confrontabile la nuova serie storica con i dati degli anni precedenti. È stato rivisto l'indicatore in funzione della seria storica ricalcolata della popolazione a seguito delle revisioni post-censuarie. Si fa presente che i dati 2006 di fonte SIAE hanno subito revisioni nelle procedure di acquisizione ed elaborazione. I dati hanno infatti carattere censuario e non più campionario. Inoltre la rilevazione è stata condotta nel periodo gennaio 2006-febbraio 2007 (ovvero su 14 mesi) per acquisire ed elaborare anche quelle ulteriori informazioni residue riguardanti l'attività di spettacolo svolta nel 2006 ma contabilizzate all'inizio del 2007."
26;Tonnellate di merci in ingresso ed in uscita su strada sul totale delle modalità;Tonnellate di merci in ingresso ed in uscita su strada sul totale delle modalità;Trasporto merci su strada - regioni di destinazione, Trasporto merci su strada - regioni d'origine, Trasporto merci su ferro - regioni d'origine, Trasporto merci su ferro - regioni di destinazione, Trasporto merci in navigazione di cabotaggio - merce sbarcata, Trasporto merci in navigazione di cabotaggio - merce imbarcata;REGIONI;1995;2010;Quinquennale;"Fonte: elaborazioni Istat su dati Istat; Trenitalia Spa";Il traffico merci su strada include il traffico nazionale e internazionale. A partire dal 2010 l'indicatore sarà aggiornato su base quinquennale per la limitata disponibilità dei dati sul trasporto ferroviario.
27;Domanda di spettacolo teatrale e musicale;Biglietti venduti per attività teatrali e musicali per 100 abitanti;Popolazione residente media, Ingressi per spettacoli teatrali e musicali;REGIONI;1995;2024;Annuale;"Fonte: Elaborazioni Istat su dati SIAE; Istat";A partire dal 1° gennaio 2000, la normativa tributaria del settore, sulla quale la SIAE fondava la rilevazione dei dati, ha subito rilevanti modificazioni. A partire da tale data è stata infatti abolita l'imposta sugli spettacoli (inglobata dall'IVA) della quale la SIAE rappresentava il soggetto riscossore. Pertanto a partire dall'anno 2000 i dati SIAE sono prodotti attraverso i controlli che l'Ente effettua direttamente sull'esercente. È stato rivisto l'indicatore in funzione della seria storica ricalcolata della popolazione a seguito delle revisioni post-censuarie. Si fa presente che i dati 2006 di fonte SIAE hanno subito revisioni nelle procedure di acquisizione ed elaborazione. I dati hanno infatti carattere censuario e non più campionario: Inoltre la rilevazione è stata condotta nel periodo gennaio 2006-febbraio 2007 (ovvero su 14 mesi) per acquisire ed elaborare anche quelle ulteriori informazioni residue riguardanti l'attività di spettacolo svolta nel 2006 ma contabilizzate all'inizio del 2007.
28;Incidenza della spesa per ricreazione e cultura;Consumi interni (dei residenti e non) per ricreazione e cultura sul totale dei consumi interni (%);Spesa per consumi finali delle famiglie per ricreazione e cultura - prezzi correnti, Spesa per consumi finali delle famiglie per ricreazione e cultura - prezzi dell'anno precedente, Spesa per consumi finali delle famiglie - prezzi correnti, Spesa per consumi finali delle famiglie - prezzi dell'anno precedente;REGIONI;1995;2021;Annuale;Fonte: Istat;Sono stati utilizzati i consumi interni (residenti e non) per la branca ricreazione e cultura, che contiene anche altre voci quali l'attività sportiva.
29;Volume di lavoro impiegato nel settore ricreazione e cultura;Unità di lavoro (Ula) del settore ricreazione e cultura sul totale (%);Ula totali, Ula Ricreazione e cultura;REGIONI;2000;2012;Annuale;Fonte: Istat;Le unità di lavoro rappresentano la trasformazione in equivalenze a tempo pieno di tutte le posizioni lavorative detenute dalle persone occupate presso unità produttive dislocate sul territorio economico oggetto di studio (nazionale, regionale, provinciale, ecc.). Sono utilizzate come unità di misura del volume di lavoro impiegato nella produzione di beni e servizi rientranti nelle stime del Pil in un determinato periodo di riferimento.
30;Indice di domanda culturale (circuiti museali);Numero di visitatori dei circuiti sul totale di musei e istituti similari appartenenti ai circuiti;Visitatori dei circuiti museali, Musei e istituti similari appartenenti ai circuiti museali;REGIONI;1999;2020;Annuale;Fonte: elaborazioni Istat su dati MiC;Gli istituti appartenenti ai circuiti museali sono contati una sola volta anche se un istituto appartiene contemporaneamente a più circuiti attivi. I visitatori dei circuiti sono contati una sola volta (un biglietto vale un visitatore, anche se può consentire di accedere a più di un museo) pertanto risultano sottostimati. Sono stati rivisti il numero totale dei circuiti e il numero di visitatori dei circuiti sulla base delle revisioni del MiC.
31;Produttività dei terreni agricoli;Valore aggiunto dell'agricoltura per ettaro di SAU;Valore aggiunto dell'agricoltura (prezzi correnti), Valore aggiunto dell'agricoltura (prezzi anno precedente), SAU;REGIONI;1995;2024;Triennale;Fonte: Istat;L'indagine sulla Struttura e produzione delle aziende agricole rileverà la Sau a partire dal 2003 (anno di riferimento dei dati) con cadenza biennale.
32;Incidenza dei biglietti venduti nei circuiti museali;Numero di biglietti dei circuiti museali sul totale dei biglietti dei musei e degli istituti similari statali;Visitatori dei circuiti museali, Visitatori dei musei e degli istituti similari statali;REGIONI;1999;2024;Annuale;Fonte: elaborazioni Istat su dati MiC;Gli istituti appartenenti ai circuiti museali sono contati una sola volta anche se un istituto appartiene contemporaneamente a più circuiti attivi. I visitatori dei circuiti sono contati una sola volta (un biglietto vale un visitatore, anche se può consentire di accedere a più di un museo) pertanto risultano sottostimati. Sono stati rivisti il numero totale dei circuiti e il numero di visitatori dei circuiti sulla base delle revisioni del Mibact.
33;Elementi fertilizzanti usati in agricoltura;Elementi fertilizzanti semplici distribuiti per ettaro di SAU;SAU, Elementi fertilizzanti semplici distribuiti;REGIONI;1995;2024;Triennale;Fonte: Istat;Quantità di fertilizzanti immessi al consumo da imprese operanti con il proprio marchio. Per elementi fertilizzanti semplici si intende: fertilizzanti azotati, fosfatici e potassici
34;Principi attivi contenuti nei prodotti fitosanitari;Principi attivi contenuti nei prodotti fitosanitari per ettaro di SAU;Principi attivi contenuti nei prodotti fitosanitari, SAU;REGIONI;1997;2024;Triennale;Fonte: Istat;I principi attivi contenuti nei prodotti fitosanitari sono: fungicidi, acaricidi, insetticidi, erbicidi, biologici e altri prodotti.
35;Grado di apertura commerciale del comparto agro-alimentare;Export del comparto agro-alimentare in percentuale del PIL (valori in euro correnti);Esportazioni di Prodotti alimentari, bevande e tabacco, Esportazioni di Prodotti dell'agricoltura, caccia, silvicoltura, pesca e piscicoltura, PIL (valori correnti);REGIONI;1995;2022;Annuale;Fonte: Istat;"Il settore ""agroalimentare""comprende i seguenti prodotti: ""Prodotti alimentari, bevande e tabacco"" (codice ATECO 2007: CA); ""Prodotti dell'agricoltura, caccia, silvicoltura, pesca e piscicoltura"" (codice ATECO 2007: A)."
43;Percezione delle famiglie del rischio di criminalità nella zona in cui vivono;Famiglie che avvertono molto o abbastanza disagio al rischio di criminalità nella zona in cui vivono sul totale delle famiglie in %;Famiglie che avvertono disagio al rischio di criminalità, Totale famiglie;REGIONI;1995;2024;Annuale;Fonte: Istat;Nell'anno 2004 l'Indagine Multiscopo ha subito lo spostamento del periodo di rilevazione da novembre a gennaio-febbraio 2005 (Regolamento Europeo N° 808/2004). Pertanto, i dati dell'anno 2004 non sono disponibili. Eventuali differenze tra i valori di questa tavola e l'analogo indicatore presente in altre pubblicazioni Istat sono imputabili a problemi di arrotondamento dei dati di base.
44;Indice del traffico aereo;Passeggeri sbarcati e imbarcati per via aerea per 100 abitanti;Popolazione residente media, Passeggeri sbarcati via aerea, Passeggeri imbarcati via aerea;REGIONI;1995;2023;Annuale;Fonte: Istat;"Fino al 2000 l'Istat acquistava i dati sugli aeroporti dall'Alitalia. Nella serie 1995-2000 è presente la voce ""altri aeroporti"", non ripartibile per regione, poiché non si dispone dei dati disaggregati per aeroporto. Dal 2001 l'Istat rileva, attraverso un'indagine ad hoc, i dati sui passeggeri ogni mese, direttamente dagli aeroporti rilevando anche i passeggeri che transitano per ogni aeroporto. Pertanto a partire dal 2001, oltre agli imbarchi e gli sbarchi dei passeggeri, è disponibile anche il dato sui ""passeggeri in transito""."
46;Indice di utilizzazione del trasporto ferroviario (1);Persone che hanno utilizzato il mezzo di trasporto almeno una volta nell'anno sul totale della popolazione di 14 anni e oltre (%);Utenti del treno, Popolazione 14 anni e oltre;REGIONI;1995;2025;Annuale;"Fonte: elaborazioni Istat su dati Ministero dell'Interno, Dipartimento della Pubblica Sicurezza; Istat";Nell'anno 2004 l'Indagine Multiscopo ha subito lo spostamento del periodo di rilevazione da novembre a gennaio-febbraio 2005 per accogliere le esigenze maturate in sede internazionale legate alla necessità di fornire con periodicità annuale i dati necessari al calcolo degli indicatori eEurope2005 (Regolamento del Parlamento Europeo e del Consiglio approvato il 21 Aprile 2004 (N° 808/2004). Pertanto, i dati dell'anno 2004 non sono disponibili.
47;Indice di utilizzazione del trasporto ferroviario (2);Lavoratori, scolari e studenti di 3 anni e più che utilizzano il treno abitualmente per recarsi a lavoro, asilo o scuola sul totale (%);Lavoratori, scolari e studenti che usano mezzi di trasporto, Lavoratori, scolari e studenti che utlizzano abitualmente il treno;REGIONI;1995;2025;Annuale;Fonte: Istat;Nell'anno 2004 l'Indagine Multiscopo ha subito lo spostamento del periodo di rilevazione da novembre a gennaio-febbraio 2005 per accogliere le esigenze maturate in sede internazionale legate alla necessità di fornire con periodicità annuale i dati necessari al calcolo degli indicatori eEurope2005 (Regolamento del Parlamento Europeo e del Consiglio approvato il 21 Aprile 2004 (N° 808/2004). Pertanto, i dati dell'anno 2004 non sono disponibili.
50;Tasso di occupazione regolare;Occupati interni regolari sulla popolazione residente media in età 15-64 anni (%);Occupati interni regolari, Popolazione residente media in età 15-64 anni;REGIONI;2002;2018;Annuale;Fonte: Istat;L'indicatore è stato costruito utilizzando la serie storica della popolazione ricostruita sulla base del censimento 2001.
52;Raccolta differenziata dei rifiuti urbani;Percentuale di rifiuti urbani oggetto di raccolta differenziata sul totale dei rifiuti urbani;Rifiuti urbani oggetto di raccolta differenziata, Produzione di rifiuti urbani totali;REGIONI;1996;2024;Annuale;Fonte: elaborazioni Istat su dati ISPRA;"Sono rifiuti urbani ai sensi dell'art. 184 del D.lgs. 152/2006 e ss.mm.ii: i rifiuti domestici, anche ingombranti, provenienti da locali e luoghi adibiti ad uso di civile abitazione; i rifiuti non pericolosi provenienti da locali e luoghi adibiti ad usi diversi da quelli di cui alla lettera a), assimilati ai rifiuti urbani per qualità e quantità (DCI 27/7/84); i rifiuti provenienti dallo spazzamento delle strade; i rifiuti di qualunque natura o provenienza, giacenti sulle strade ed aree pubbliche o sulle strade ed aree private comunque soggette ad uso pubblico o sulle spiagge marittime e lacuali e sulle rive dei corsi d'acqua; i rifiuti vegetali provenienti da aree verdi, quali giardini, parchi e aree cimiteriali; i rifiuti provenienti da esumazioni ed estumulazioni,nonché gli altri rifiuti provenienti da attività cimiteriale"
53;Quantità di frazione umida trattata in impianti di compostaggio per la produzione di compost di qualità;Percentuale di frazione umida trattata in impianti di compostaggio sulla frazione di umido nel rifiuto urbano totale (a);Rifiuti urbani (frazione umida + verde) trattati in impianti di compostaggio, Produzione di frazione umida e verde;REGIONI;2001;2024;Annuale;Fonte: elaborazioni Istat su dati ISPRA;Nella frazione umida trattata in impianti di compostaggio sono inclusi solo l'organico selezionato e il verde e sono esclusi i fanghi. La quantità di rifiuto umido prodotto deriva da elaborazioni Apat effettuate sulla base di analisi merceologiche.
54;Tasso di natalità delle imprese;Rapporto tra imprese nate all'anno t e le imprese attive dello stesso anno per cento;Imprese nate, Imprese attive;REGIONI;1999;2023;Annuale;Fonte: elaborazioni Istat su dati Istat ASIA demografia d'impresa;A partire dall'anno 2010 è stata rivista la metodologia di attribuzione dello stato di attività delle imprese.
57;Differenza tra tasso di occupazione maschile e femminile;Differenza assoluta fra tasso di occupazione maschile e tasso di occupazione femminile in età 15-64 anni (media annua);Maschi: occupati 15-64 anni, Maschi: popolazione15-64 anni, Femmine: occupati 15-64 anni, Femmine: popolazione 15-64 anni;REGIONI;2018;2025;Annuale;Fonte: Istat;"La definizione di tasso di occupazione utilizzata è quella ufficiale di Eurostat riportata sul Coded (The Eurostat Concepts and Definitions Database) alla pagina web: http://ec.europa.eu/eurostat/ramon o sul volume dal titolo ""The European Union labour force survey"", Methods and definitions, 1998 edition, Eurostat, p.13."
60;Interruzioni del servizio elettrico;Frequenza delle interruzioni accidentali lunghe del servizio elettrico;;REGIONI;1998;2023;Annuale;Fonte: elaborazioni Istat su dati Autorità per l'energia elettrica il gas e il sistema idrico;"A marzo 2005 l'indicatore è stato ricostruito in base ai nuovi criteri che Enel-Distribuzione ha apportato alla propria metodologia di registrazione del numero di clienti coinvolti in ciascuna interruzione. In particolare, Enel-Distribuzione ha affinato dal 2004 la stima del numero di clienti interrotti per ciascuna interruzione, passando da una stima del numero di clienti alimentati da un trasformatore MT/BT valutata a livello di Comune, a una stima valutata a livello di singolo trasformatore all'inizio di ciascun anno. Il nuovo metodo di stima, che approssima con maggiore accuratezza il numero reale di clienti interessati da ciascuna interruzione, ha comportato la modifica degli indicatori di continuità; l'Autorità ha richiesto a Enel di ricalcolare gli indicatore di continuità del servizio, per ogni ambito territoriale, in modo da garantire la permanenza delle serie storiche di continuità del servizio. La nuova serie parte però dall'anno 1998. Per interruzioni lunghe si intendono quelle senza preavviso e superiori ai tre minuti"
61;Differenza tra tasso di attività maschile e femminile;Differenza assoluta fra tasso di attività maschile e tasso di attività femminile in età 15-64 anni (media annua);Maschi: forze di lavoro 15-64 anni, Maschi: popolazione15-64 anni, Femmine: forze di lavoro 15-64 anni, Femmine: popolazione 15-64 anni;REGIONI;2018;2025;Annuale;Fonte: Istat;"La definizione di tasso di occupazione utilizzata è quella ufficiale di Eurostat riportata sul Coded (The Eurostat Concepts and Definitions Database) alla pagina web: http://ec.europa.eu/eurostat/ramon o sul volume dal titolo ""The European Union labour force survey"", Methods and definitions, 1998 edition, Eurostat, p.13."
62;Grado di diffusione di Internet nelle famiglie;Percentuale di famiglie che dichiarano di possedere l'accesso a Internet sul totale delle famiglie;Totale famiglie, Famiglie che dichiarano di possedere l'accesso ad Internet;REGIONI;1997;2023;Annuale;Fonte: Istat;"Nell'anno 2004 l'Indagine Multiscopo ha subito lo spostamento del periodo di rilevazione da novembre a gennaio-febbraio 200; pertanto, i dati dell'anno 2004 non sono disponibili."
63;Occupati che partecipano ad attività formative e di istruzione;Adulti occupati nella classe di età 25-64 anni che partecipano ad attività formative e di istruzione sul totale della popolazione occupata nella classe di età 25-64 anni (%);Popolazione 25-64 anni occupata che partecipa ad attività formative e di istruzione, Occupati 25-64 anni;REGIONI;2018;2024;Annuale;Fonte: Istat;Sono stati presi in considerazione i partecipanti a tutti i corsi di formazione e di istruzione nella fascia di età 25-64 anni. Per i dati fino al 2003 è stata considerata la rilevazione trimestrale di aprile, dove è presente il modulo sulla formazione. A partire dal 2004, oltre ad una rottura della serie dovuta all'introduzione della nuova indagine sulle FL, la sezione del questionario relativa alla formazione ha subito dei cambiamenti (Riferimento domande questionario RCFL Sezione H, domande H1 e H4).
64;Grado di utilizzo di Internet nelle famiglie negli ultimi 3 mesi;Percentuale di persone di 6 anni e più che dichiarano di aver utilizzato Internet negli ultimi 3 mesi sul totale delle persone di 6 anni e più;Persone di 6 anni e più (popolazione Multiscopo), Persone di 6 anni e più che dichiarano di aver usato Internet negli ultimi 3 mesi;REGIONI;2005;2023;Annuale;Fonte: Istat;"Nell'anno 2004 l'Indagine Multiscopo ha subito lo spostamento del periodo di rilevazione da novembre a gennaio-febbraio 200; pertanto, i dati dell'anno 2004 non sono disponibili."
65;Grado di diffusione del personal computer nelle imprese con più di dieci addetti;Percentuale di imprese (con più di dieci addetti) dei settori industria e servizi che dispongono di personal computer;Numero di imprese con 10 addetti e oltre dotate di PC, Numero totale di imprese con 10 addetti e oltre;REGIONI;2003;2019;Annuale;Fonte: Istat;"Per la natura dei fenomeni oggetto di studio, il carattere sperimentale delle prime indagini e la recente esigenza di armonizzare le rilevazioni sull'ICT in ambito europeo, la ""Rilevazione sulle tecnologie dell'informazione e della comunicazione nelle imprese"" svolta dall'Istat ha subito profonde modifiche nel corso degli anni; in particolare, sono cambiati i settori di attività economica considerati dall'indagine. Per tali motivi, occorre cautela nell'interpretazione dei dati quando si effettuano confronti intertemporali. A partire dal 2009, i dati sono riportati secondo la nuova classificazione delle attività economiche Ateco 2007 e si riferiscono ai seguenti settori: C - Attività manifatturiere, D - Fornitura di energia elettrica, gas, vapore e aria condizionata, E - Fornitura di acqua; reti fognarie, attività di gestione dei rifiuti e trattamento, F - Costruzioni, G - Commercio all'ingrosso e al dettaglio; riparazione di autoveicoli e motocicli, H - Trasporto e magazzinaggio, I - Servizi di alloggio e ristorazione, J - Servizi di informazione e comunicazione, L - Attività immobiliari, M (eccetto la 75) - Attività professionali, scientifiche e tecniche, N - Noleggio, agenzie di viaggio, servizi di supporto alle imprese."
67;Non occupati che partecipano ad attività formative e di istruzione;Adulti inoccupati (disoccupati e non forze di lavoro) nella classe di età 25-64 anni che partecipano ad attività formative e di istruzione sul totale della popolazione inoccupata nella classe di età 25-64 anni (%);Inoccupati 25-64 anni, Popolazione 25-64 inoccupata che partecipa ad attività fomative e di istruzione;REGIONI;2018;2024;Annuale;Fonte: Istat;Sono stati presi in considerazione i partecipanti a tutti i corsi di formazione e di istruzione nella fascia di età 25-64 anni. Per i dati fino al 2003 è stata considerata la rilevazione trimestrale di aprile, dove è presente il modulo sulla formazione. A partire dal 2004, oltre ad una rottura della serie dovuta all'introduzione della nuova indagine sulle FL, la sezione del questionario relativa alla formazione ha subito dei cambiamenti (Riferimento domande questionario RCFL Sezione H, domande H1 e H4).
70;Indice di diffusione dei siti web delle imprese;Percentuale di imprese (con più di dieci addetti) dei settori industria e servizi che dispongono di sito web;Numero di imprese con sito web, Numero totale di imprese con 10 addetti e oltre;REGIONI;2003;2023;Annuale;Fonte: Istat;"Per la natura dei fenomeni oggetto di studio, il carattere sperimentale delle prime indagini e la recente esigenza di armonizzare le rilevazioni sull'ICT in ambito europeo, la ""Rilevazione sulle tecnologie dell'informazione e della comunicazione nelle imprese"" svolta dall'Istat ha subito profonde modifiche nel corso degli anni; in particolare, sono cambiati i settori di attività economica considerati dall'indagine. Per tali motivi, occorre cautela nell'interpretazione dei dati quando si effettuano confronti intertemporali. A partire dal 2009, i dati sono riportati secondo la nuova classificazione delle attività economiche Ateco 2007 e si riferiscono ai seguenti settori: C - Attività manifatturiere, D - Fornitura di energia elettrica, gas, vapore e aria condizionata, E - Fornitura di acqua; reti fognarie, attività di gestione dei rifiuti e trattamento, F - Costruzioni, G - Commercio all'ingrosso e al dettaglio; riparazione di autoveicoli e motocicli, H - Trasporto e magazzinaggio, I - Servizi di alloggio e ristorazione, J - Servizi di informazione e comunicazione, L - Attività immobiliari, M (eccetto la 75) - Attività professionali, scientifiche e tecniche, N - Noleggio, agenzie di viaggio, servizi di supporto alle imprese."
71;Indice di diffusione della banda larga nelle imprese;Percentuale di imprese (con più di dieci addetti) dei settori industria e servizi che dispongono di collegamento a banda larga;Numero di imprese con banda larga, Numero totale di imprese con 10 addetti e oltre;REGIONI;2003;2021;Annuale;Fonte: Istat;"Per la natura dei fenomeni oggetto di studio, il carattere sperimentale delle prime indagini e la recente esigenza di armonizzare le rilevazioni sull'ICT in ambito europeo, la ""Rilevazione sulle tecnologie dell'informazione e della comunicazione nelle imprese"" svolta dall'Istat ha subito profonde modifiche nel corso degli anni; in particolare, sono cambiati i settori di attività economica considerati dall'indagine. Per tali motivi, occorre cautela nell'interpretazione dei dati quando si effettuano confronti intertemporali. A partire dal 2009, i dati sono riportati secondo la nuova classificazione delle attività economiche Ateco 2007 e si riferiscono ai seguenti settori: C - Attività manifatturiere, D - Fornitura di energia elettrica, gas, vapore e aria condizionata, E - Fornitura di acqua; reti fognarie, attività di gestione dei rifiuti e trattamento, F - Costruzioni, G - Commercio all'ingrosso e al dettaglio; riparazione di autoveicoli e motocicli, H - Trasporto e magazzinaggio, I - Servizi di alloggio e ristorazione, J - Servizi di informazione e comunicazione, L - Attività immobiliari, M (eccetto la 75) - Attività professionali, scientifiche e tecniche, N - Noleggio, agenzie di viaggio, servizi di supporto alle imprese."
72;Grado di utilizzo di Internet nelle imprese;Percentuale di addetti delle imprese (con più di dieci addetti) dei settori industria e servizi che utilizzano computer connessi a Internet;Numero di addetti che utilizzano pc connessi a Internet, Numero totale di addetti delle imprese con 10 addetti e oltre;REGIONI;2003;2024;Annuale;Fonte: Istat;"Per la natura dei fenomeni oggetto di studio, il carattere sperimentale delle prime indagini e la recente esigenza di armonizzare le rilevazioni sull'ICT in ambito europeo, la ""Rilevazione sulle tecnologie dell'informazione e della comunicazione nelle imprese"" svolta dall'Istat ha subito profonde modifiche nel corso degli anni; in particolare, sono cambiati i settori di attività economica considerati dall'indagine. Per tali motivi, occorre cautela nell'interpretazione dei dati quando si effettuano confronti intertemporali. A partire dal 2009, i dati sono riportati secondo la nuova classificazione delle attività economiche Ateco 2007 e si riferiscono ai seguenti settori: C - Attività manifatturiere, D - Fornitura di energia elettrica, gas, vapore e aria condizionata, E - Fornitura di acqua; reti fognarie, attività di gestione dei rifiuti e trattamento, F - Costruzioni, G - Commercio all'ingrosso e al dettaglio; riparazione di autoveicoli e motocicli, H - Trasporto e magazzinaggio, I - Servizi di alloggio e ristorazione, J - Servizi di informazione e comunicazione, L - Attività immobiliari, M (eccetto la 75) - Attività professionali, scientifiche e tecniche, N - Noleggio, agenzie di viaggio, servizi di supporto alle imprese."
73;Grado di diffusione della larga banda nelle amministrazioni locali;Amministrazioni comunali che dispongono di accesso a banda larga sul totale delle amministrazioni comunali (percentuale);Amministrazioni comunali che dispongono di accesso a larga banda, Totale amministrazioni comunali;REGIONI;2005;2022;Triennale;Fonte: Istat;La rilevazione sulle tecnologie dell'informazione e della comunicazione nelle amministrazioni comunali relativa all'anno 2005 ha avuto carattere sperimentale ed ha coinvolto 3323 comuni. Nel 2007 l'indagine ha coinvolto 5147 comuni. Nel 2009 l'indagine ha coinvolto 5774 comuni (rispondenti). Nel 2012 l'indagine ha coinvolto 5792 comuni (rispondenti). I dati del 2012 non sono confrontabili con quelli degli anni precedenti a causa di un cambiamento nel relativo quesito dell'indagine. Mentre le indagini fino al 2009 facevano riferimento alle tecnologie con velocità di trasmissione uguale o superiore a 2 Mb/s (almeno in una delle due direzioni download e upload), i dati 2012 riguardano la tecnologia in banda larga indipendentemente dalla velocità di connessione.
77;Livello di istruzione della popolazione 15-19 anni;Popolazione in età 15-19 anni in possesso almeno della licenza media inferiore sul totale della popolazione in età 15-19 anni (%);Popolazione 15-19 anni con almeno la licenza inferiore, Popolazione 15-19 anni;REGIONI;2004;2024;Annuale;Fonte: Istat;Oltre a coloro che hanno conseguito il diploma di scuola media inferiore sono inclusi anche quelli che hanno conseguito la qualifica professionale e il diploma di scuola media superiore, nella fascia di età 15-19 anni
80;Energia prodotta da fonti rinnovabili;Percentuale di energia prodotta da fonti rinnovabili (idroelettrica, eolica, fotovoltaica, geotermoelettrica, biomasse) su produzione totale;Produzione totale netta di energia elettrica, Produzione netta di energia elettrica attraverso impianti idrici, Produzione netta di energia elettrica attraverso biomasse, Produzione netta di energia elettrica attraverso impianti geotermoelettrici, eolici e fotovoltaici;REGIONI;2000;2012;Annuale;Fonte: elaborazioni Istat su dati Terna Spa;Per fonti rinnovabili si intende la fonte idroelettrica (al netto dei pompaggi), eolica, fotovoltaica, geotermoelettrica e biomasse (inclusa la parte dei rifiuti non biodegradabili).
81;Potenza efficiente lorda delle fonti rinnovabili;Percentuale di potenza efficiente lorda delle fonti rinnovabili (idroelettrica,eolica, fotovoltaica, geotermoelettrica, biomasse) su potenza efficiente lorda totale;Potenza efficiente lorda delle fonti rinnovabili: IDRICA, Potenza efficiente lorda delle fonti rinnovabili: EOLICA, Potenza efficiente lorda delle fonti rinnovabili: FOTOVOLTAICA, Potenza efficiente lorda delle fonti rinnovabili:GEOTERMICA, Potenza efficiente lorda delle fonti rinnovabili: BIOMASSE, Potenza efficiente lorda totale;REGIONI;2000;2024;Annuale;Fonte: elaborazioni Istat su dati Terna Spa;La potenza efficiente di un impianto di generazione è la massima potenza elettrica possibile per una durata di funzionamento sufficientemente lunga per la produzione esclusiva di potenza attiva, supponendo tutte le parti dell'impianto interamente in efficienza e nelle condizioni ottimali.
82;Popolazione regionale servita da gas metano;Popolazione regionale che risiede in comuni serviti da gas metano (%);Popolazione servita da gas metano, Popolazione residente media;REGIONI;2002;2006;Annuale;"Fonte: elaborazioni Istat su dati Autorità per l'energia elettrica il gas e il sistema idrico ; Istat";
83;Rifiuti urbani raccolti;Rifiuti urbani raccolti per abitante (in Kg);Popolazione residente media, Produzione di rifiuti urbani totali;PROVINCE;1996;2022;Annuale;"Fonte: elaborazioni Istat su dati Istat; ISPRA";"Sono rifiuti urbani ai sensi dell'art. 184 del D.lgs. 152/2006 e ss.mm.ii: i rifiuti domestici, anche ingombranti, provenienti da locali e luoghi adibiti ad uso di civile abitazione; i rifiuti non pericolosi provenienti da locali e luoghi adibiti ad usi diversi da quelli di cui alla lettera a), assimilati ai rifiuti urbani per qualità e quantità (DCI 27/7/84); i rifiuti provenienti dallo spazzamento delle strade; i rifiuti di qualunque natura o provenienza, giacenti sulle strade ed aree pubbliche o sulle strade ed aree private comunque soggette ad uso pubblico o sulle spiagge marittime e lacuali e sulle rive dei corsi d'acqua; i rifiuti vegetali provenienti da aree verdi, quali giardini, parchi e aree cimiteriali; i rifiuti provenienti da esumazioni ed estumulazioni,nonché gli altri rifiuti provenienti da attività cimiteriale"
84;Rifiuti urbani smaltiti in discarica per abitante;Rifiuti urbani smaltiti in discarica per abitante (in kg);Popolazione residente media, Rifiuti urbani smaltiti in discarica;REGIONI;2002;2024;Annuale;"Fonte: elaborazioni Istat su dati Istat; ISPRA";"Sono rifiuti urbani ai sensi dell'art. 184 del D.lgs. 152/2006 e ss.mm.ii: i rifiuti domestici, anche ingombranti, provenienti da locali e luoghi adibiti ad uso di civile abitazione; i rifiuti non pericolosi provenienti da locali e luoghi adibiti ad usi diversi da quelli di cui alla lettera a), assimilati ai rifiuti urbani per qualità e quantità (DCI 27/7/84); i rifiuti provenienti dallo spazzamento delle strade; i rifiuti di qualunque natura o provenienza, giacenti sulle strade ed aree pubbliche o sulle strade ed aree private comunque soggette ad uso pubblico o sulle spiagge marittime e lacuali e sulle rive dei corsi d'acqua; i rifiuti vegetali provenienti da aree verdi, quali giardini, parchi e aree cimiteriali; i rifiuti provenienti da esumazioni ed estumulazioni,nonché gli altri rifiuti provenienti da attività cimiteriale"
85;Consumi di energia elettrica coperti da fonti rinnovabili (incluso idro);Produzione lorda di energia elettrica da fonti rinnovabili (incluso idro) in percentuale sui consumi interni lordi di energia elettrica misurati in GWh;Produzione lorda degli impianti da fonti rinnovabili, Consumo interno lordo di energia elettrica;REGIONI;2000;2024;Annuale;Fonte: elaborazioni Istat su dati Terna Spa;Per fonti rinnovabili si intende la fonte eolica, fotovoltaica, geotermoelettrica e biomasse (inclusa la parte dei rifiuti non biodegradabili).
86;Consumi di energia elettrica coperti da fonti rinnovabili (escluso idro);Produzione lorda di energia elettrica da fonti rinnovabili (escluso idro) in percentuale dei consumi interni lordi di energia elettrica misurati in GWh;Consumo interno lordo di energia elettrica, Produzione lorda degli impianti da fonti rinnovabili, Produzione lorda di energia elettrica attraverso impianti idrici;REGIONI;2000;2024;Annuale;Fonte: elaborazioni Istat su dati Terna Spa;Per fonti rinnovabili si intende la fonte eolica, fotovoltaica, geotermoelettrica e biomasse (inclusa la parte dei rifiuti non biodegradabili).
87;Tasso di abbandono alla fine del primo anno delle scuole secondarie superiori;Abbandoni sul totale degli iscritti al primo anno delle scuole secondarie superiori in %;Abbandoni alla fine del primo anno delle scuole secondarie superiori, Iscritti al primo anno delle scuole secondarie superiori;REGIONI;1995;2019;Annuale;"Fonte: elaborazioni Istat su dati Istat e Miur; Miur";"La Scuola secondaria superiore (rinominata scuola secondaria di secondo grado a partire dalla Riforma Moratti, varata con Legge 28 marzo 2003 n. 53) costituisce il secondo ciclo di istruzione in cui si struttura il sistema scolastico italiano, che comprende il sistema dei licei, degli istituti tecnici e degli istituti professionali. Non sono, invece, considerati i percorsi formativi professionali di competenza delle regioni, finalizzati al conseguimento di una qualifica triennale riconosciuta a livello nazionale. Gli abbandoni si riferiscono agli studenti che interrompono la frequenza scolastica e non si iscrivono all'anno scolastico successivo. Le interruzioni di frequenza possono risultare in numero negativo per effetto della mobilità territoriale in entrata e in uscita. La formula utilizzata per il calcolo delle interruzioni di frequenza della classe n nell'anno scolastico t è uguale a: (nIt - nRt+1)-(n+1It+1 - n+1Rt+1) + nEPt, dove: nIt, sono gli studenti iscritti alla classe n nell'anno scolastico considerato; nRt+1 sono gli studenti ripetenti la stessa classe, nell'anno scolastico successivo; n+1It+1 sono gli studenti iscritti alla classe successiva, nell'anno scolastico successivo; n+1Rt+1 sono gli studenti ripetenti la classe successiva, nell'anno scolastico successivo; nEPt sono i candidati esterni promossi agli scrutini di fine anno della classe n, nell'anno scolastico considerato. Dall'anno scolastico 1998-99, non sono considerati nel calcolo, in quanto non disponibili, i dati sugli studenti esterni; ciò determina una sottostima del fenomeno. La provincia autonoma di Bolzano, dall'anno scolastico 2006/07, fornisce anche i dati sugli Istituti di Formazione Professionale (IFP) riconosciuti per l'adempimento dell'obbligo di istruzione (Legge Finanziaria 2007, comma 623). Tuttavia, questi dati non sono considerati nel calcolo dell'indicatore, al fine di mantenere criteri uniformi per tutte le aree territoriali."
89;Tasso di abbandono alla fine del secondo anno delle scuole secondarie superiori;Abbandoni sul totale degli iscritti al secondo anno delle scuole secondarie superiori in %;Iscritti al secondo anno delle scuole secondarie superiori, Abbandoni alla fine del secondo anno delle scuole secondarie superiori;REGIONI;1995;2019;Annuale;"Fonte: elaborazioni Istat su dati Miur; Istat e Miur";"La Scuola secondaria superiore (rinominata scuola secondaria di secondo grado a partire dalla Riforma Moratti, varata con Legge 28 marzo 2003 n. 53) costituisce il secondo ciclo di istruzione in cui si struttura il sistema scolastico italiano, che comprende il sistema dei licei, degli istituti tecnici e degli istituti professionali. Non sono, invece, considerati i percorsi formativi professionali di competenza delle regioni, finalizzati al conseguimento di una qualifica triennale riconosciuta a livello nazionale. Gli abbandoni si riferiscono agli studenti che interrompono la frequenza scolastica e non si iscrivono all'anno scolastico successivo. Le interruzioni di frequenza possono risultare in numero negativo per effetto della mobilità territoriale in entrata e in uscita. La formula utilizzata per il calcolo delle interruzioni di frequenza della classe n nell'anno scolastico t è uguale a: (nIt - nRt+1)-(n+1It+1 - n+1Rt+1) + nEPt, dove: nIt, sono gli studenti iscritti alla classe n nell'anno scolastico considerato; nRt+1 sono gli studenti ripetenti la stessa classe, nell'anno scolastico successivo; n+1It+1 sono gli studenti iscritti alla classe successiva, nell'anno scolastico successivo; n+1Rt+1 sono gli studenti ripetenti la classe successiva, nell'anno scolastico successivo; nEPt sono i candidati esterni promossi agli scrutini di fine anno della classe n, nell'anno scolastico considerato. Dall'anno scolastico 1998-99, non sono considerati nel calcolo, in quanto non disponibili, i dati sugli studenti esterni; ciò determina una sottostima del fenomeno. La provincia autonoma di Bolzano, dall'anno scolastico 2006/07, fornisce anche i dati sugli Istituti di Formazione Professionale (IFP) riconosciuti per l'adempimento dell'obbligo di istruzione (Legge Finanziaria 2007, comma 623). Tuttavia, questi dati non sono considerati nel calcolo dell'indicatore, al fine di mantenere criteri uniformi per tutte le aree territoriali."
90;Laureati in scienza e tecnologia;Laureati in discipline scientifiche e tecnologiche per mille abitanti in età 20-29 anni (%);Popolazione residente 20-29 anni, Laureati in scienza e tecnologia;REGIONI;1998;2012;Annuale;"Fonte: Istat; Elaborazioni Istat su dati Miur";"La definizione ""Laureati in scienza e tecnologia"" include: i laureati, i dottori di ricerca, i diplomati ai corsi di specializzazione, di perfezionamento e di master di I e di II livello (livelli 5 e 6 della classificazione internazionale Isced97) nelle aree disciplinari di Scienze naturali, Fisica, Matematica, Statistica, Informatica, Ingegneria dell'informazione, Ingegneria industriale, Architettura e Ingegneria civile. Al denominatore si considera la popolazione in età 20-29 anni."
92;Incidenza della spesa pubblica per R&S sul PIL;Spese per ricerca e sviluppo della Pubblica Amministrazione e dell'Università sul PIL (percentuale);PIL (valori correnti), Spese intra muros per R&S dell'Università, Spese intra muros della PA per R&S;REGIONI;1995;2022;Annuale;Fonte: Istat;
93;Incidenza della spesa delle imprese in R&S;Spese per ricerca e sviluppo delle imprese pubbliche e private sul PIL (percentuale);PIL (valori correnti), Spese imprese pubbliche e private per R&S;REGIONI;1995;2022;Annuale;Fonte: Istat;L'attività di R&S include il complesso di lavori creativi intrapresi in modo sistematico sia per accrescere l'insieme delle conoscenze (compresa la conoscenza dell'uomo, della cultura e della società), sia per utilizzare dette conoscenze per nuove applicazioni (Manuale di Frascati, Ocse 2002).
94;Capacità di finanziamento;Differenziale dei tassi attivi sui finanziamenti per cassa con il Centro-Nord;Tassi attivi sui finanziamenti per cassa - Famiglie produttrici, Tassi attivi sui finanziamenti per cassa - Imprese non finanziarie;REGIONI;2004;2018;Annuale;Fonte: elaborazioni Istat su dati Banca d'Italia;"Da marzo 2004, con la Circolare n. 251 del 17 luglio 2003 la Banca d'Italia ha profondamente rinnovato la rilevazione campionaria trimestrale sui tassi di interesse attivi e passivi. Con la nuova rilevazione dei tassi non viene più segnalata, da parte degli intermediari, la ""durata originaria del rapporto""; di conseguenza, le nuove tavole non presentano più la disaggregazione tra operazioni a breve e a medio-lungo termine. La disaggregazione per scadenza attualmente disponibile si riferisce alla durata originaria del tasso di interesse ovvero all'intervallo di tempo durante il quale non è contrattualmente prevista una variazione del tasso. Inoltre l'attribuzione territoriale (regionale) è fatta sulla localizzazione della clientela mentre precedentemente si basava sulla localizzazione degli sportelli bancari. Base Dati Statistica (BDS) Banca d'Italia, Tav. TDB30820 fino al 2009; Tav. TDB30821 dal 2010."
97;Grado di apertura dei mercati: importazioni;Valore delle importazioni di merci in % del PIL;Importazioni, PIL (valori correnti);REGIONI;1995;2022;Annuale;Fonte: Istat;
99;Adulti che partecipano all'apprendimento permanente (totale);Popolazione 25-64 anni che frequenta un corso di studio o di formazione professionale in percentuale sulla popolazione della stessa classe di età;Popolazione 25-64 anni occupata che partecipa ad attività formative e di istruzione, Popolazione 25-64 inoccupata che partecipa ad attività fomative e di istruzione, Occupati 25-64 anni, Inoccupati 25-64 anni;REGIONI;2018;2024;Annuale;Fonte: Istat;A partire dal 2004, oltre ad una rottura della serie dovuta all'introduzione della nuova indagine sulle FL, la sezione del questionario relativa alla formazione ha subito dei cambiamenti (Riferimento domande questionario RCFL Sezione H, domande H1 e H4).
100;Grado di dipendenza economica;Importazioni nette (saldo import-export) in percentuale del PIL;Importazioni nette (valori correnti), PIL (valori correnti);REGIONI;1995;2021;Annuale;Fonte: Istat;Le importazioni nette sono definite come il saldo import-export e comprendono lo scambio di merci e servizi con l'estero e con le altre regioni. Sono ottenute per differenza con gli altri aggregati del conto delle risorse e degli impieghi.
101;Tasso di scolarizzazione superiore;Percentuale della popolazione in età 20-24 anni che ha conseguito almeno il diploma di scuola secondaria superiore (media annua);Popolazione 20-24 anni che ha conseguito almeno il diploma di scuola secondaria superiore, Popolazione 20-24 anni;REGIONI;2004;2024;Annuale;Fonte: Istat;
102;Giovani che abbandonano prematuramente i percorsi di istruzione e formazione professionale (totale);Percentuale della popolazione 18-24 anni con al più la licenza media, che non ha concluso un corso di formazione professionale riconosciuto dalla Regione di durata superiore ai 2 anni e che non frequenta corsi scolastici o svolge attività formative;Popolazione 18-24 anni con al più la licenza media, che non svolge attività formative, Popolazione totale 18-24 anni;REGIONI;2018;2024;Annuale;Fonte: Istat;"L'indicatore è presente nel set degli indicatori strutturali per la valutazione degli obiettivi europei della strategia di Lisbona, diffusi sul sito Internet di Eurostat (il link è presente nelle tavole degli indicatori). Rivisti gli anni 2004 e 2005 secondo i criteri di calcolo Eurostat. Tuttavia la definizione utilizzata si discosta leggermente da quella utilizzata da Eurostat per gli ""early school leavers"" in quanto la soglia della durata dei corsi di formazione professionale è stata innalzata da 6 mesi a 2 anni;"
103;Inquinamento causato dai mezzi di trasporto;Emissioni di CO2 (anidride carbonica) da trasporto su strada (tonnellate per abitante);Popolazione residente media, Emissioni di CO2 da trasporto stradale;REGIONI;1995;2019;Quinquennale;"Fonte: elaborazioni Istat su dati Istat; ISPRA";La rilevazione del dato nazionale viene effettuata dall'Ispra. Il dato regionale viene stimato attraverso un modello armonizzato a livello europeo ogni 5 anni (a partire dal 1995). I dati qui presentati per la serie 1996-200 sono stati prodotti grazie ad altre attività occasionali di studio.Va anche ricordato che le emissioni di Co2 sono influenzate dall'andamento del ciclo economico in quanto direttamente correlate con i consumi delle fonti primarie di origine fossile.
104;Livello di istruzione della popolazione adulta;Percentuale della popolazione in età 25-64 anni che ha conseguito al più un livello di istruzione secondario inferiore (media annua);Popolazione 25-64 anni, Popolazione 25-64 anni che ha conseguito al più un livello di istruzione secondaria inferiore;REGIONI;2004;2024;Annuale;Fonte: Istat;L'indicatore è presente nel set degli indicatori strutturali per la valutazione degli obiettivi europei della strategia di Lisbona, diffusi sul sito Internet di Eurostat (il link è presente nelle tavole degli indicatori).
105;Tasso di turisticità;Giornate di presenza (italiani e stranieri) nel complesso degli esercizi ricettivi per abitante;Popolazione residente media, Presenze negli esercizi alberghieri ricettivi;REGIONI;1980;2024;Annuale;Fonte: Istat;
106;Studenti con scarse competenze in lettura;Percentuale di 15-enni con un livello basso di competenza (al massimo primo livello) nell'area della lettura;;REGIONI;2000;2012;Triennale;Fonte: elaborazioni Istat su dati Ocse-PISA;L'indicatore è disponibile solo per alcune annualità, poiché l'indagine PISA da cui deriva si svolge con cadenza triennale. Per alcuni anni, l'indagine presenta valori solo per le ripartizioni e per le regioni che partecipano al sovracampionamento.
107;Produttività del lavoro nell'industria alimentare;Valore aggiunto dell'industria alimentare, delle bevande e del tabacco sulle ULA dello stesso settore (migliaia di euro concatenati - anno di riferimento 2020);Valore aggiunto Industrie alimentari, delle bevande e del tabacco (prezzi correnti), Valore aggiunto Industrie alimentari, delle bevande e del tabacco (prezzi dell'anno precedente), Ula Industria alimentare, delle bevande e del tabacco;REGIONI;1995;2023;Annuale;Fonte: Istat;Gli aggregati di contabilità nazionale utilizzati nella tavola sostituiscono integralmente i precedenti in quanto risultato di una complessa revisione metodologica e definitoria. La revisione ha riguardato anche il passaggio alla nuova classificazione delle attività economiche (Ateco 2007, versione italiana della Nace Rev. 2). Per ulteriori informazioni si rinvia al seguente link: http://www.istat.it/it/archivio/75111
108;Partecipazione della popolazione al mercato del lavoro;Forze di lavoro in età 15-64 anni sul totale della popolazione in età 15-64 anni (%);Forze di lavoro 15-64 anni, Popolazione 15-64 anni;REGIONI;2018;2025;Annuale;Fonte: Istat;
109;Produttività del settore della pesca;Valore aggiunto della pesca, piscicoltura e servizi connessi per ULA dello stesso settore (migliaia di euro concatenati - anno di riferimento 2020);Valore aggiunto Pesca, piscicoltura e servizi connessi (prezzi correnti), Valore aggiunto Pesca, piscicoltura e servizi connessi (prezzi anno precedente), Ula Pesca, piscicoltura e servizi connessi;REGIONI;1995;2023;Annuale;Fonte: Istat;Gli aggregati di contabilità nazionale utilizzati nella tavola sostituiscono integralmente i precedenti in quanto risultato di una complessa revisione metodologica e definitoria. La revisione ha riguardato anche il passaggio alla nuova classificazione delle attività economiche (Ateco 2007, versione italiana della Nace Rev. 2). Per ulteriori informazioni si rinvia al seguente link: http://www.istat.it/it/archivio/75111
110;Studenti con scarse competenze in matematica;Percentuale di 15-enni con un livello basso di competenza (al massimo primo livello) nell'area della matematica;;REGIONI;2003;2012;Triennale;Fonte: elaborazioni Istat su dati Ocse-PISA;L'indicatore è disponibile solo per alcune annualità, poiché l'indagine PISA da cui deriva si svolge con cadenza triennale. Per alcuni anni, l'indagine presenta valori solo per le ripartizioni e per le regioni che partecipano al sovracampionamento.
111;Studenti con elevate competenze in lettura;Percentuale di 15-enni con un livello elevato di competenza (almeno il quinto livello) nell'area della lettura;;REGIONI;2000;2012;Triennale;Fonte: elaborazioni Istat su dati Ocse-PISA;L'indicatore è disponibile solo per alcune annualità, poiché l'indagine PISA da cui deriva si svolge con cadenza triennale. Per alcuni anni, l'indagine presenta valori solo per le ripartizioni e per le regioni che partecipano al sovracampionamento.
112;Studenti con elevate competenze in matematica;Percentuale di 15-enni con un livello elevato di competenza (almeno il quinto livello) nell'area della matematica;;REGIONI;2003;2012;Triennale;Fonte: elaborazioni Istat su dati Ocse-PISA;L'indicatore è disponibile solo per alcune annualità, poiché l'indagine PISA da cui deriva si svolge con cadenza triennale. Per alcuni anni, l'indagine presenta valori solo per le ripartizioni e per le regioni che partecipano al sovracampionamento.
113;Tasso di irregolarità del lavoro;Unità di lavoro irregolari sul totale delle unità di lavoro (percentuale);Ula irregolari, Ula totali;REGIONI;2001;2012;Annuale;Fonte: Istat;"Le unità di lavoro irregolari comprendono le seguenti tipologie di attività lavorative: continuative svolte senza il rispetto della normativa vigente; occasionali svolte da persone che si dichiarano non attive in quanto studenti, casalinghe o pensionati; degli stranieri residenti e non regolari; plurime non dichiarate alle istituzioni fiscali. Con l'aggiornamento di gennaio 2013, l'intera serie storica è stata rivista a seguito della complessa revisione metodologica e definitoria della contabilità nazionale. La revisione ha riguardato anche il passaggio alla nuova classificazione delle attività economiche (Ateco 2007, versione italiana della Nace Rev. 2). Per ulteriori informazioni si rinvia al seguente link: http://www.istat.it/it/archivio/75111."
114;Incidenza della spesa totale per R&S sul PIL;Spesa totale per R&S in percentuale sul PIL (a prezzi correnti);PIL (valori correnti), Spese per R&S totali;REGIONI;1995;2022;Annuale;Fonte: Istat;L'attività di R&S è il complesso di lavori creativi intrapresi in modo sistematico sia per accrescere l'insieme delle conoscenze (compresa la conoscenza dell'uomo, della cultura e della società), sia per utilizzare dette conoscenze per nuove applicazioni (Manuale di Frascati, Ocse 2002). Dall'anno 2002, l'indicatore comprende anche la spesa per R&S intra muros effettuata dalle imprese private del settore non profit, precedentemente non rilevato dall'indagine.
115;Capacità di sviluppo dei servizi alle imprese;"Unità di lavoro nel settore delle ""Attività finanziarie e assicurative; attività immobiliari; attività professionali, scientifiche e tecniche; amministrazione e servizi di supporto"" sul totale delle unità di lavoro dei servizi destinabili alla vendita (%)";"Ula Servizi alle imprese, ULA Commercio all'ingrosso e al dettaglio, riparazione di autoveicoli e motocicli; trasporti e magazzinaggio; servizi di alloggio e di ristorazione; servizi di informazione e comunicazione, Ula Altre attività di servizi";REGIONI;1995;2022;Annuale;"Fonte: elaborazioni Istat su dati Istat; Conti economici territoriali";
116;Capacità di sviluppo dei servizi sociali;Persone di 14 anni e più che hanno partecipato a riunioni di volontariato, di associazioni ecologiche, per i diritti civili, per la pace o hanno svolto attività gratuita per associazioni di volontariato sul totale della popolazione di 14 anni e più (%);Persone di 14 anni e più che hanno svolto volontariato nell'ultimo anno, Popolazione 14 anni e oltre;REGIONI;1995;2018;Annuale;Fonte: Istat;Nell'anno 2004 l'Indagine Multiscopo ha subito lo spostamento del periodo di rilevazione da novembre a gennaio-febbraio 2005 per accogliere le esigenze maturate in sede internazionale legate alla necessità di fornire con periodicità annuale i dati necessari al calcolo degli indicatori eEurope2005 (Regolamento del Parlamento Europeo e del Consiglio approvato il 21 Aprile 2004 (N° 808/2004). Pertanto, i dati dell'anno 2004 non sono disponibili.
118;Indice del traffico merci su strada;Media delle tonnellate di merci in ingresso ed in uscita su strada per abitante;Trasporto merci su strada - regioni di destinazione, Popolazione residente media, Trasporto merci su strada - regioni d'origine;REGIONI;1995;2023;Annuale;Fonte: Istat;Il traffico merci su strada include il traffico nazionale e internazionale.
119;Indice del traffico delle merci in navigazione di cabotaggio;Media delle tonnellate di merci caricate e scaricate in navigazione di cabotaggio per 100 abitanti;Trasporto merci in navigazione di cabotaggio - merce sbarcata, Trasporto merci in navigazione di cabotaggio - merce imbarcata, Popolazione residente media;REGIONI;1995;2023;Annuale;Fonte: Istat;"È presente la voce ""altri porti"" non ripartibile per regione. Il traffico merci non include la navigazione internazionale."
120;Peso delle società cooperative;Percentuale degli addetti delle società cooperative sul totale degli addetti;Addetti medi dell'anno delle imprese cooperative con 1-99 addetti, Addetti medi dell'anno del totale delle imprese con 1-99 addetti;REGIONI;1996;2019;Annuale;Fonte: Istat;
122;Importanza economica del settore della pesca;Percentuale del valore aggiunto della pesca, della piscicoltura e servizi connessi sul valore aggiunto totale;Valore aggiunto Pesca, piscicoltura e servizi connessi (prezzi correnti), Valore aggiunto a prezzi correnti;REGIONI;1995;2023;Annuale;Fonte: Istat;Gli aggregati di contabilità nazionale utilizzati nella tavola sostituiscono integralmente i precedenti in quanto risultato di una complessa revisione metodologica e definitoria. La revisione ha riguardato anche il passaggio alla nuova classificazione delle attività economiche (Ateco 2007, versione italiana della Nace Rev. 2). Per ulteriori informazioni si rinvia al seguente link: http://www.istat.it/it/archivio/75111
123;Produttività del lavoro nell'industria in senso stretto;Valore aggiunto dell'industria in senso stretto per ULA dello stesso settore - Migliaia di euro - Valori concatenati - anno di riferimento 2020;Valore aggiunto Industria in senso stretto (prezzi correnti), Valore aggiunto Industria in senso stretto (prezzi anno precedente), Ula Industria in senso stretto;REGIONI;1995;2023;Annuale;Fonte: Istat;Gli aggregati di contabilità nazionale utilizzati nella tavola sostituiscono integralmente i precedenti in quanto risultato di una complessa revisione metodologica e definitoria. La revisione ha riguardato anche il passaggio alla nuova classificazione delle attività economiche (Ateco 2007, versione italiana della Nace Rev. 2). Per ulteriori informazioni si rinvia al seguente link: http://www.istat.it/it/archivio/75111
124;Produttività del lavoro nell'industria manifatturiera;Valore aggiunto dell'industria manifatturiera sulle Ula dello stesso settore - migliaia di euro concatenati (anno di riferimento 2020);Valore aggiunto Industria manifatturiera (prezzi correnti), Valore aggiunto Industria manifatturiera (prezzi anno precedente), Ula Industria manifatturiera;REGIONI;1995;2023;Annuale;Fonte: Istat;Gli aggregati di contabilità nazionale utilizzati nella tavola sostituiscono integralmente i precedenti in quanto risultato di una complessa revisione metodologica e definitoria. La revisione ha riguardato anche il passaggio alla nuova classificazione delle attività economiche (Ateco 2007, versione italiana della Nace Rev. 2). Per ulteriori informazioni si rinvia al seguente link: http://www.istat.it/it/archivio/75111
125;Diffusione della pratica sportiva;Popolazione di 3 anni e più che esercita pratica sportiva in modo continuativo o saltuario sul totale della popolazione di 3 anni e più (%);Totale popolazione di 3 anni e più, Popolazione di 3 anni e più che esercita pratica sportiva in modo continuativo o saltuario;REGIONI;1995;2025;Annuale;Fonte: Istat;"Il quesito sulla pratica sportiva è presente nelle indagini annuali ""Aspetti della vita quotidiana"" a partire dal 1997 e nell'indagine tematica ""Cultura, socialità e tempo libero"" del 1995. Nell'anno 2004 l'Indagine Multiscopo ha subito lo spostamento del periodo di rilevazione da novembre a gennaio-febbraio 2005 per accogliere le esigenze maturate in sede internazionale legate alla necessità di fornire con periodicità annuale i dati necessari al calcolo degli indicatori eEurope2005 (Regolamento del Parlamento Europeo e del Consiglio approvato il 21 Aprile 2004 (N° 808/2004). Pertanto, i dati dell'anno 2004 non saranno disponibili."
126;Difficoltà delle famiglie nel raggiungere negozi alimentari e/o mercati;Famiglie che dichiarano molta o abbastanza difficoltà nel raggiungere negozi alimentari e/o mercati sul totale delle famiglie (%);Famiglie che dichiarano difficoltà nel raggiungere negozi alimentari e/o mercati, Totale famiglie;REGIONI;1995;2024;Annuale;Fonte: Istat;Nell'anno 2004 l'Indagine Multiscopo ha subito lo spostamento del periodo di rilevazione da novembre a gennaio-febbraio 2005 per accogliere le esigenze maturate in sede internazionale legate alla necessità di fornire con periodicità annuale i dati necessari al calcolo degli indicatori eEurope2005 (Regolamento del Parlamento Europeo e del Consiglio approvato il 21 Aprile 2004 (N° 808/2004). Pertanto, i dati dell'anno 2004 non sono disponibili. Eventuali differenze tra i valori di questo indicatore ed analoghi dati presenti in altre pubblicazioni Istat sono imputabili a problemi di arrotondamento.
127;Difficoltà delle famiglie nel raggiungere i supermercati;Famiglie che dichiarano molta o abbastanza difficoltà nel raggiungere i supermercati sul totale delle famiglie (%);Famiglie che dichiarano difficoltà nel raggiungere i supermercati, Totale famiglie;REGIONI;1995;2024;Annuale;Fonte: Istat;Nell'anno 2004 l'Indagine Multiscopo ha subito lo spostamento del periodo di rilevazione da novembre a gennaio-febbraio 2005 per accogliere le esigenze maturate in sede internazionale legate alla necessità di fornire con periodicità annuale i dati necessari al calcolo degli indicatori eEurope2005 (Regolamento del Parlamento Europeo e del Consiglio approvato il 21 Aprile 2004 (N° 808/2004). Pertanto, i dati dell'anno 2004 non sono disponibili. Eventuali differenze tra i valori di questo indicatore ed analoghi dati presenti in altre pubblicazioni Istat sono imputabili a problemi di arrotondamento.
129;Utilizzo di mezzi pubblici di trasporto da parte di occupati, studenti, scolari e utenti di mezzi pubblici (totale);Numero di occupati, studenti, scolari e utenti di mezzi pubblici che hanno utilizzato mezzi pubblici di trasporto sul totale delle persone che si sono spostate per motivi di lavoro e di studio e hanno usato mezzi di trasporto;Utenti di mezzi pubblici (lavoratori, scolari e studenti), Totale delle persone che hanno utilizzato mezzi di trasporto per motivi di lavoro;REGIONI;1995;2025;Annuale;Fonte: Istat;Sono considerati mezzi pubblici: treno, tram, bus, metropolitane, pullman e corriere. Sono stati esclusi i pullman e le navette aziendali. L'indicatore presenta una piccola distorsione dovuta alla presenza di combinazioni di mezzi. La popolazione di riferimento sono gli occupati di 15 anni e più, gli studenti fino a 34 anni e gli scolari di scuola materna che sono usciti di casa per recarsi al lavoro, università e scuola. Nell'anno 2004 l'Indagine Multiscopo ha subito lo spostamento del periodo di rilevazione da novembre a gennaio-febbraio 2005 per accogliere le esigenze maturate in sede internazionale legate alla necessità di fornire con periodicità annuale i dati necessari al calcolo degli indicatori eEurope2005 (Regolamento del Parlamento Europeo e del Consiglio approvato il 21 Aprile 2004 (N° 808/2004). Pertanto, i dati dell'anno 2004 non sono disponibili.
130;Produttività del lavoro nel commercio;"Valore aggiunto del settore del Commercio all'ingrosso e al dettaglio; riparazione di autoveicoli, motocicli sulle ULA dello stesso settore - Migliaia di euro - Valori concatenati - anno di riferimento 2020";"Valore aggiunto Commercio all'ingrosso e al dettaglio; riparazione di autoveicoli e motocicli (prezzi correnti), Valore aggiunto Commercio all'ingrosso e al dettaglio; riparazione di autoveicoli e motocicli (prezzi anno precedente), Ula Commercio all'ingrosso e al dettaglio; riparazione di autoveicoli, motocicli";REGIONI;1995;2023;Annuale;Fonte: Istat;"A partire dal 1° gennaio 2008, con l'adozione da parte dell'Istat della nuova classificazione ATECO 2007 (corrispondente alla nomenclatura europea Nace Rev.2), in sostituzione della precedente (Ateco 2002), si sono determinate modifiche all'interno dei raggruppamenti delle attività economiche. In questo specifico caso il settore di riferimento dell'indicatore ""Produttività del lavoro nel commercio"" è divenuto ""Commercio all'ingrosso e al dettaglio; riparazione di autoveicoli, motocicli"". Gli aggregati di contabilità nazionale utilizzati nella tavola sostituiscono integralmente i precedenti in quanto risultato di una complessa revisione metodologica e definitoria. La revisione ha riguardato anche il passaggio alla nuova classificazione delle attività economiche (Ateco 2007, versione italiana della Nace Rev. 2). Per ulteriori informazioni si rinvia al seguente link: http://www.istat.it/it/archivio/75111"
132;Produttività del lavoro nel turismo;Valore aggiunto del settore del turismo per ULA dello stesso settore - migliaia di euro concatenati (anno di riferimento 2010);Valore aggiunto Turismo (prezzi correnti), Valore aggiunto Turismo (prezzi anno precedente), Ula Turismo;REGIONI;1995;2016;Annuale;"Fonte: elaborazioni Istat su dati Istat; Conti economici territoriali";
133;Produttività del lavoro nei servizi alle imprese;"Valore aggiunto del settore ""Attività finanziarie e assicurative; attività immobiliari; attività professionali, scientifiche e tecniche; amministrazione e servizi di supporto"" sulle ULA dello stesso settore - migliaia di euro concatenati (anno di riferimento 2020)";Valore aggiunto Servizi alle imprese (prezzi correnti), Valore aggiunto Servizi alle imprese (prezzi anno precedente), Ula Servizi alle imprese;REGIONI;1995;2023;Annuale;Fonte: Istat;"In seguito all'adozione della nuova classificazione ATECO 2007 (corrispondente alla nomenclatura europea Nace Rev.2) il settore di riferimento dell'indicatore ""Produttività del lavoro nei servizi di intermediazione monetaria e finanziaria e nelle attività immobiliari e imprenditoriali"" è stato ampliato includendovi le sezioni K, L e M: ""Attività finanziarie e assicurative; attività immobiliari; attività professionali, scientifiche e tecniche; amministrazione e servizi di supporto"". Alla luce della seguente modifica il nome dell'indicatore è mutato in ""Produttività dei servizi alle imprese"". Gli aggregati di contabilità nazionale utilizzati nella tavola sostituiscono integralmente i precedenti in quanto risultato di una complessa revisione metodologica e definitoria. La revisione ha riguardato anche il passaggio alla nuova classificazione delle attività economiche (Ateco 2007, versione italiana della Nace Rev. 2). Per ulteriori informazioni si rinvia al seguente link: http://www.istat.it/it/archivio/75111"
134;Indice di microcriminalità nelle città (1);Totale delitti legati alla microcriminalità nelle città per 1.000 abitanti;Microcriminalità nelle province dei capoluogo di regione, Popolazione residente nelle province dei capoluogo di regione al 31/12 dell'anno;REGIONI;1995;2023;Annuale;"Fonte: elaborazioni Istat su dati Ministero dell'Interno, Dipartimento della Pubblica Sicurezza; Istat";"Per ogni regione, l'indice è calcolato considerando i dati riferiti alla provincia del capoluogo di regione, ponendo al numeratore la somma dei seguenti delitti: furto con strappo, furto con destrezza, furto su auto in sosta, furto di autovettura; al denominatore la popolazione residente al 31/12. Per il Trentino Alto Adige,al numeratore si è utilizzato il dato regionale complessivo, mentre il denominatore è ottenuto come somma di Trento e Bolzano. I delitti rilevati sono quelli denunciati dalle Forze dell'ordine all'Autorità giudiziaria. Va tenuto conto che l'indicatore è affetto da distorsioni dovute al fatto che i reati meno gravi hanno generalmente una percentuale molto più bassa di denunce. Dal 2004 sono stati adottati significativi cambiamenti metodologici che possono compromettere l'omogeneità della serie storica e la confrontabilità del fenomeno nel tempo. Queste modificazioni derivano dal passaggio di competenza della rilevazione dall'Istat, titolare dell'indagine fino al 2003, al Ministero dell'Interno e hanno comportato: modifiche nell'universo e nel sistema di rilevazione; una diversa definizione di alcune tipologie di delitto; una più esatta determinazione del periodo e del luogo del commesso delitto. Per alcuni delitti, mancano informazioni precise sul luogo ove sono stati commessi, per cui in alcuni casi la somma dei delitti distinti per regione e per ripartizione può non coincidere con il totale Italia. Dal 2004 al 2007, l'Istat ha diffuso solo il dato aggregato della voce Furti, per cui non è stato possibile calcolare l'indicatore per questi anni."
135;Indice di microcriminalità nelle città (2);Totale delitti legati alla microcriminalità nelle città sul totale dei delitti (%);Microcriminalità nelle province dei capoluogo di regione, Delitti nelle province dei capoluogo di regione;REGIONI;1995;2023;Annuale;Fonte: elaborazioni Istat su dati Ministero dell'Interno, Dipartimento della Pubblica Sicurezza;"Per ogni regione, l'indice è calcolato con i dati riferiti alla provincia del capoluogo di regione, ponendo al numeratore la somma dei seguenti delitti: furto con strappo, furto con destrezza, furto su auto in sosta, furto di autovetture; al denominatore il totale dei delitti. Per il Trentino si considera il dato regionale complessivo, che include sia Trento, sia Bolzano. I delitti rilevati sono quelli denunciati dalle Forze dell'ordine all'Autorità giudiziaria. Va tenuto conto che l'indicatore può essere affetto da distorsioni dovute al fatto che i reati meno gravi hanno generalmente una percentuale molto più bassa di denunce. Dal 2004 sono stati adottati significativi cambiamenti metodologici che possono compromettere l'omogeneità della serie storica e la confrontabilità del fenomeno nel tempo. Queste modificazioni derivano dal passaggio di competenza della rilevazione dall'Istat, titolare dell'indagine fino al 2003, al Ministero dell'Interno e hanno comportato: modifiche nell'universo e nel sistema di rilevazione; una diversa definizione di alcune tipologie di delitto; una più esatta determinazione del periodo e del luogo del commesso delitto. Per alcuni delitti, mancano informazioni precise sul luogo ove sono stati commessi, per cui in alcuni casi la somma dei delitti distinti per regione e per ripartizione può non coincidere con il totale Italia.Dal 2004 al 2007, l'Istat ha diffuso solo il dato aggregato della voce Furti, per cui non è stato possibile calcolare l'indicatore per questi anni."
138;Trasporto pubblico locale nelle città;Reti urbane di trasporto pubblico nei comuni capoluogo di provincia per 100 Kmq di superficie comunale;Superficie dei comuni capoluogo di provincia, Reti urbane di trasporto pubblico;REGIONI;2000;2013;Annuale;Fonte: Istat;Le reti urbane di trasporto pubblico includono autobus, tram, filobus, metropolitana e funicolari, operanti all'interno del territorio comunale. L'aggiornamento annuale comporta la revisione dell'intera serie storica per tener conto delle rettifiche ricevute dai comuni, che possono riguardare anche i dati relativi ad anni precedenti.
139;Dotazione di parcheggi di corrispondenza;Numero di stalli di sosta nei parcheggi di corrispondenza dei comuni capoluogo di provincia per 1.000 autovetture circolanti;Autovetture circolanti, Stalli di sosta in parcheggi di corrispondenza;REGIONI;2000;2015;Annuale;"Fonte: elaborazioni Istat su dati ACI; Istat";Si intende un parcheggio situato in prossimità di stazioni o fermate del trasporto pubblico locale o del trasporto ferroviario, per agevolare l'intermodalità. L'aggiornamento annuale comporta la revisione dell'intera serie storica per tener conto delle rettifiche ricevute dai comuni, che possono riguardare anche i dati relativi ad anni precedenti.
142;Diffusione dei servizi per l'infanzia;Percentuale di Comuni che hanno attivato servizi per l'infanzia (asilo nido, micronidi o servizi integrativi e innovativi) sul totale dei Comuni della regione;Numero di comuni che hanno attivato asili nido o micronidi, servizi integrativi e/o innovativi (numero di comuni che hanno attivato almeno un servizio), Totale comuni al 31 dicembre dell'anno (senza Bolzano);REGIONI;2004;2023;Annuale;Fonte: Istat;"I servizi per l'infanzia si riferiscono solo alle strutture pubbliche direttamente gestite dal Comune o di altro tipo ma in convenzione. L'asilo nido è un servizio rivolto alla prima infanzia (0-3 anni), finalizzato a promuovere lo sviluppo psico-fisico, cognitivo, affettivo e sociale del bambino e ad offrire sostegno alle famiglie nel loro compito educativo, aperto per almeno 5 giorni e almeno 6 ore al giorno per un periodo di almeno 10 mesi all'anno. Rientrano sotto questa tipologia gli asili nido, i micronidi, gli asili nido aziendali, le sezioni 24-36 mesi aggregate alle scuole dell'infanzia (""sezioni primavera"") e i nidi integrati. Nella categoria dei servizi integrativi rientrano, invece, i servizi educativi realizzati in contesto domiciliare, gli spazi gioco e i centri bambini genitori rivolti a bambini da 0 a 3 anni e sono compresi i contributi per il servizio di ""Tagesmutter"". La serie storica inizia dal 2004 poiché i servizi integrativi o innovativi per la prima infanzia, che entrano nella definizione dell'indicatore, sono rilevati solo da questo anno."
144;Presa in carico degli anziani per il servizio di assistenza domiciliare integrata;Anziani trattati in assistenza domiciliare integrata (ADI) rispetto al totale della popolazione anziana (65 anni e oltre) (percentuale);Popolazione media residente in età 65 anni e più, Anziani trattati in assistenza domiciliare integrata (ADI);REGIONI;2001;2022;Annuale;"Fonte: elaborazioni Istat su dati Istat; Ministero della Salute";
145;Incidenza del costo dell'ADI sul totale della spesa sanitaria;Incidenza percentuale del costo dell'ADI sul totale della spesa sanitaria regionale per l'erogazione dei livelli essenziali di assistenza;Spesa per assistenza territoriale ambulatoriale e domiciliare - Assistenza programmata a domicilio (ADI), Spesa sanitaria totale;REGIONI;2001;2012;Annuale;Fonte: elaborazioni Istat su dati Ministero della Salute;
148;Tasso di innovazione del sistema produttivo;Imprese con almeno 10 addetti che hanno introdotto innovazioni tecnologiche (di prodotto e processo) nel triennio di riferimento in percentuale sul totale delle imprese con almeno 10 addetti;Imprese che hanno introdotto innovazioni di prodotto e/o processo - industria e servizi, Imprese totali - industria e servizi;REGIONI;2004;2020;Triennale;Fonte: Istat;L'indagine sull'innovazione delle imprese è svolta dall'Istat in conformità al Regolamento CE n. 1450/2004, con cadenza biennale dal 2004. I dati raccolti si riferiscono alle imprese innovatrici con più di 10 addetti attive nell'industria (Sezioni B, C, D, E dell'Ateco 2007), nelle costruzioni (sezione F) e in alcuni settori dei servizi. In particolare, i servizi del commercio (sez. G), trasporto e magazzinaggio (sez. H), informazione e comunicazione (div. 58, 61,62,63), attività finanziarie e assicurative (sez. K), attività degli studi di architettura e ingegneria e collaudi e analisi tecniche (div. 71) e ricerca scientifica e sviluppo (div. 72) sono stati rilevati in tutte le edizioni di indagine. Nelle edizioni del 2000, 2004 e 2008 sono stati rilevati anche il settore alberghiero e della ristorazione (sez. I), il settore immobiliare (sez. L) e le attività di noleggio (div. 77). Questi ultimi settori sono stati esclusi nell'edizione 2010 che ha rilevato, invece, altre attività professionali, scientifiche e tecniche (div. 70, 73, 74). I valori del 2000 non comprendono il settore delle Costruzioni. A partire dall'edizione 2008, è adottata la nuova classificazione delle attività economiche Ateco 2007. Per ulteriori informazioni sull'indagine, si segnala il seguente link: http://www.istat.it/it/archivio/74035.
150;Spesa media regionale per innovazione delle imprese;Spesa media regionale per innovazione per addetto nella popolazione totale delle imprese (migliaia di euro correnti);Addetti alle imprese, Spese sostenute dalle imprese per le attività innovative - industria e servizi;REGIONI;2004;2020;Triennale;Fonte: Istat;L'indagine sull'innovazione delle imprese è svolta dall'Istat in conformità al Regolamento CE n. 1450/2004, con cadenza biennale dal 2004. I dati raccolti si riferiscono alle imprese innovatrici con più di 10 addetti attive nell'industria (Sezioni B, C, D, E dell'Ateco 2007), nelle costruzioni (sezione F) e in alcuni settori dei servizi. In particolare, i servizi del commercio (sez. G), trasporto e magazzinaggio (sez. H), informazione e comunicazione (div. 58, 61,62,63), attività finanziarie e assicurative (sez. K), attività degli studi di architettura e ingegneria e collaudi e analisi tecniche (div. 71) e ricerca scientifica e sviluppo (div. 72) sono stati rilevati in tutte le edizioni di indagine. Nelle edizioni del 2000, 2004 e 2008 sono stati rilevati anche il settore alberghiero e della ristorazione (sez. I), il settore immobiliare (sez. L) e le attività di noleggio (div. 77). Questi ultimi settori sono stati esclusi nell'edizione 2010 che ha rilevato, invece, altre attività professionali, scientifiche e tecniche (div. 70, 73, 74). I valori del 2000 non comprendono il settore delle Costruzioni. A partire dall'edizione 2008, è adottata la nuova classificazione delle attività economiche Ateco 2007. Per ulteriori informazioni sull'indagine, si segnala il seguente link: http://www.istat.it/it/archivio/74035.
152;Intensità brevettuale;Numero di brevetti registrati allo European Patent Office (EPO) per milione di abitanti;Brevetti registrati presso lo European Patent Office, Popolazione residente media;REGIONI;1995;2012;Annuale;"Fonte: elaborazioni Istat su dati European Patent Office; Istat";I dati sono disaggregati territorialmente in base al codice postale della residenza dell'inventore. Se l'invenzione è opera di più autori, il brevetto è suddiviso equamente tra tutti loro e quindi tra i rispettivi luoghi di residenza. Ad ogni aggiornamento, viene revisionata l'intera serie storica. Gli indicatori, in alcuni casi, potrebbero leggermente discostarsi da quelli pubblicati da Eurostat, poiché questi ultimi usano al denominatore la popolazione al 1° gennaio.
157;Tasso netto di turnover delle imprese;Differenza tra il tasso di natalità e di mortalità;Imprese cessate, Imprese attive, Imprese nate;REGIONI;1999;2023;Annuale;Fonte: elaborazioni Istat su dati Istat ASIA demografia d'impresa;A partire dall'anno 2010 è stata rivista la metodologia di attribuzione dello stato di attività delle imprese.
158;Incidenza della certificazione ambientale;Percentuale delle organizzazioni con certificazione ambientale ISO 14001 sul totale delle organizzazioni certificate;Numero di siti di organizzazioni con certificazione ISO 14001 (al 30-09 dell'anno), Numero totale di siti di organizzazioni certificate (al 30-09 dell'anno);REGIONI;1998;2025;Annuale;Fonte: elaborazioni Istat su dati Sincert;Le organizzazioni certificate sono quelle che hanno ottenuto la certificazione rilasciata unicamente da organismi accreditati Sincert (Sistema nazionale per l'accreditamento degli organismi di certificazione). Questa riguarda le organizzazioni nel loro complesso oppure singoli siti produttivi di esse. I dati qui presentati vanno pertanto letti tenendo conto del fatto che possono riguardare più siti di una stessa organizzazione. Restituiscono quindi una misura più generale che puntuale della diffusione della certificazione ambientale sul territorio e della sua tendenza nel corso degli anni.
161;Impieghi bancari delle imprese non finanziarie sul PIL;Impieghi bancari delle imprese non finanziarie sul PIL;Impieghi famiglie produttrici, Impieghi società e quasi società non finanziarie, PIL (valori correnti);REGIONI;1998;2021;Annuale;"Fonte: elaborazioni Istat su dati Banca d'Italia; Istat";"A partire dal giugno 1998, la classificazione per settori e comparti di attività economica adottata nelle pubblicazioni della Banca d'Italia è stata adeguata ai nuovi criteri di settorizzazione previsti dal Sistema Europeo dei Conti nazionali e regionali (SEC95). Le nuove regole di classificazione hanno determinato talune discontinuità nelle serie storiche delle distribuzioni statistiche interessate, con particolare riguardo ai dati riferiti al settore 4: ""società non finanziarie"" e al sottosettore 62 ""famiglie produttrici"". Pertanto non vengono riportati gli anni precedenti al 1998. Fino al 2009 i dati di base utilizzati per la costruzione dell'indicatore (""Distribuzione per localizzazione e comparti di attività economica degli impieghi bancari delle famiglie produttrici e delle società e quasi società non finanziarie"") erano estratti dalla tavola ""TdB10231"" della Base Informativa Pubblica della Banca di Italia. Dal 2010, in seguito al cambio di classificazione ATECO 2007, i dati sono estratti dalla tavola ""TdB10232"" in ""sostanziale continuità con la tavola TdB10231"". Si segnala infine che dal 2011 sussiste una sostanziale discontinuità nella serie storica, essendovi incluso nel novero degli enti segnalanti anche la Cassa Depositi e Prestiti."
162;Rischio dei finanziamenti;Tasso di decadimento dei finanziamenti per cassa (percentuale);Impieghi vivi (escluso sofferenze rettificate), Flusso sofferenze rettificate;REGIONI;1997;2018;Annuale;Fonte: elaborazioni Istat su dati Banca d'Italia;"L'indicatore si riferisce alle categorie prenditrici ""società e quasi società non finanziarie"" e ""famiglie produttrici"" e viene calcolato tramite i dati annuali relativi al Flusso di sofferenze rettificate forniti direttamente all'Istat da Banca d'Italia. A partire dal marzo 2011 le informazioni sui tassi di decadimento dei finanziamenti per cassa vengono pubblicate secondo nuovi e più puntuali metodi di calcolo. In particolare, le nuove serie storiche sono state costruite tenendo conto dei fenomeni di concentrazione aziendale che hanno interessato gli enti segnalanti, delle operazioni di cessione di credito da e verso il sistema dei segnalanti (per ulteriori informazioni si rinvia al Bollettino statistico della Banca d'Italia, II trimestre 2011)."
163;Valore degli investimenti in capitale di rischio - early stage;Investimenti in capitale di rischio - early stage in percentuale del Pil;Investimenti in capitale di rischio: early stage, PIL (valori correnti);REGIONI;1999;2019;Annuale;"Fonte: elaborazioni Istat su dati AIFI; Istat";La definizione di capitale di rischio - early stage include gli investimenti nelle fasi di seed e start up relativi allo sviluppo iniziale di un prodotto/servizio e al suo marketing di supporto. L'attribuzione territoriale riguarda le operazioni aventi ad oggetto imprese localizzate nel territorio italiano.
164;Investimenti in capitale di rischio - expansion e replacement;Investimenti in capitale di rischio - expansion e replacement in percentuale del Pil;PIL (valori correnti), Investimenti in capitale di rischio: expansion, Investimenti in capitale di rischio: replacement;REGIONI;1999;2019;Annuale;"Fonte: elaborazioni Istat su dati Istat; AIFI";La definizione di capitale di rischio - expansion e replacement è relativa agli investimenti finalizzati alla crescita e sviluppo di società già operanti sul mercato (expansion) e agli investimenti finalizzati alla sostituzione di azionisti di minoranza delle società target (replacement). Non comprende le operazioni di buy out, mentre le operazioni expansion comprendono le operazioni turnaround. L'attribuzione territoriale riguarda le operazioni aventi ad oggetto imprese localizzate nel territorio italiano.
165;Turismo nei mesi non estivi;Giornate di presenza (italiani e stranieri) nel complesso degli esercizi ricettivi nei mesi non estivi per abitante;Turismo nei mesi non estivi, Popolazione residente media;REGIONI;1998;2024;Annuale;Fonte: Istat;
167;Intensità di accumulazione del capitale;Investimenti fissi lordi in percentuale del PIL (percentuale);Investimenti fissi lordi (prezzi correnti), Investimenti fissi lordi (prezzi anno precedente), PIL (valori correnti), PIL (prezzi dell'anno precedente);REGIONI;1995;2023;Annuale;Fonte: Istat;Gli aggregati di contabilità nazionale utilizzati nella tavola sostituiscono integralmente i precedenti in quanto risultato di una complessa revisione metodologica e definitoria. La revisione ha riguardato anche il passaggio alla nuova classificazione delle attività economiche (Ateco 2007, versione italiana della Nace Rev. 2). Per ulteriori informazioni si rinvia al seguente link: http://www.istat.it/it/archivio/75111
168;Capacità di esportare in settori a domanda mondiale dinamica;Quota del valore delle esportazioni in settori a domanda mondiale dinamica sul totale delle esportazioni (percentuale);Esportazioni nei settori dinamici, Esportazioni;REGIONI;1991;2022;Annuale;Fonte: Istat;"Fino all'anno 2008, i settori dinamici considerati, secondo la classificazione Ateco 2002, sono: DG-Prodotti chimici e fibre sintetiche e artificiali; 'DL-Macchine elettriche ed apparecchiature elettriche, ottiche e di precisione; DM-Mezzi di trasporto; KK- Prodotti delle attività informatiche, professionali ed imprenditoriali; OO-Prodotti di altri servizi pubblici, sociali e personali. Dal 2009, con l'adozione della nuova classificazione Ateco 2007, i settori dinamici sono: CE-Sostanze e prodotti chimici; CF-Articoli farmaceutici, chimico-medicinali e botanici; CI-Computer, apparecchi elettronici e ottici; CJ-Apparecchi elettrici; CL-Mezzi di trasporto; M - Attività professionali, scientifiche e tecniche; R - Attività artistiche, di intrattenimento e divertimento; S - Altre attività di servizi."
170;Indice traffico merci su ferrovia;Media delle tonnellate di merci in ingresso ed in uscita su ferrovia per 100 abitanti;Popolazione residente media, Trasporto merci su ferro - regioni d'origine, Trasporto merci su ferro - regioni di destinazione;REGIONI;1995;2010;Quinquennale;"Fonte: elaborazioni Istat su dati Istat; Trenitalia Spa";"Il traffico merci su ferrovia include il traffico nazionale e internazionale. La serie sul trasporto merci per ferrovia manca al 1999 a causa della privatizzazione delle FFSS. Trenitalia Spa ha reso disponibile annualmente i dati sul trasporto merci dal 2000 al 2008; dal 2010 l'aggiornamento dell'indicatore sarà possibile solo con cadenza quinquennale."
172;Grado di soddisfazione del servizio di trasporto ferroviario a livello regionale (Totale);Media delle persone che si dichiarano soddisfatte delle sette diverse caratteristiche del servizio rilevate (frequenza corse, puntualità, possibilità di trovare posto a sedere, pulizia delle vetture, comodità degli orari, costo del biglietto, informazioni sul servizio) sul totale degli utenti del servizio.;Utenti del treno, Media dei soddisfatti per l'utilizzo del treno;REGIONI;1995;2025;Annuale;"Fonte: elaborazioni Istat su dati Ministero dell'Interno, Dipartimento della Pubblica Sicurezza; Istat";Sono stati utilizzati i giudizi circa la soddisfazione su 7 diversi aspetti: frequenza corse, puntualità, possibilità di trovare posto a sedere, pulizia delle vetture, comodità degli orari, costo del biglietto, informazioni sul servizio. Il valore ottenuto perciò è diverso da quello riportato nel PSM calcolato solo su tre aspetti. Nell'anno 2004 l'Indagine Multiscopo ha subito lo spostamento del periodo di rilevazione da novembre a gennaio-febbraio 2005 per accogliere le esigenze maturate in sede internazionale legate alla necessità di fornire con periodicità annuale i dati necessari al calcolo degli indicatori eEurope2005 (Regolamento del Parlamento Europeo e del Consiglio approvato il 21 Aprile 2004 (N° 808/2004). Pertanto, i dati dell'anno 2004 non saranno disponibili.
174;Tasso di disoccupazione giovanile (femmine);Persone in cerca di occupazione in età 15-24 anni sulle forze di lavoro nella corrispondente classe di età (%) (media annua);Femmine: occupati in totale 15-24 anni, Femmine: disoccupati in totale 15-24 anni;REGIONI;2018;2025;Annuale;Fonte: Istat;
175;Tasso di disoccupazione (maschi);Persone in cerca di occupazione in età 15 anni e oltre sulle forze di lavoro nella corrispondente classe di età (%) (media annua);Maschi: Totale persone in cerca di occupazione, Forze di lavoro 15 anni e oltre (maschi);REGIONI;2018;2025;Annuale;Fonte: Istat;
176;Tasso di disoccupazione (femmine);Persone in cerca di occupazione in età 15 anni e oltre sulle forze di lavoro nella corrispondente classe di età (%) (media annua);Femmine: Totale persone in cerca di occupazione, Forze di lavoro 15 anni e oltre (femmine);REGIONI;2018;2025;Annuale;Fonte: Istat;
177;Tasso di occupazione (maschi);Persone occupate in età 15-64 anni sulla popolazione nella corrispondente classe di età (maschi) (percentuale);Maschi: occupati 15-64 anni, Maschi: popolazione15-64 anni;REGIONI;2018;2025;Annuale;Fonte: Istat;"La definizione di tasso di occupazione utilizzata è quella ufficiale di Eurostat riportata sul Coded (The Eurostat Concepts and Definitions Database) alla pagina web: http://forum.europa.eu.int/irc/dsis/coded/info/data/coded/en.htm o sul volume dal titolo ""The European Union labour force survey"", Methods and definitions, 1998 edition, Eurostat, p.13."
178;Tasso di occupazione (femmine);Persone occupate in età 15-64 anni sulla popolazione nella corrispondente classe di età (femmine) (percentuale);Femmine: occupati 15-64 anni, Femmine: popolazione 15-64 anni;REGIONI;2018;2025;Annuale;Fonte: Istat;"La definizione di tasso di occupazione utilizzata è quella ufficiale di Eurostat riportata sul Coded (The Eurostat Concepts and Definitions Database) alla pagina web: http://forum.europa.eu.int/irc/dsis/coded/info/data/coded/en.htm o sul volume dal titolo ""The European Union labour force survey"", Methods and definitions, 1998 edition, Eurostat, p.13."
179;Incidenza della disoccupazione di lunga durata (maschi);Persone in cerca di occupazione da oltre 12 mesi sul totale delle persone in cerca di occupazione (%) (media annua);Maschi: Totale persone in cerca di occupazione, Maschi: in cerca di occupazione (lunga durata > 12 mesi);REGIONI;2018;2025;Annuale;Fonte: Istat;
180;Incidenza della disoccupazione di lunga durata (femmine);Persone in cerca di occupazione da oltre 12 mesi sul totale delle persone in cerca di occupazione (%) (media annua);Femmine: in cerca di occupazione (lunga durata > 12 mesi), Femmine: Totale persone in cerca di occupazione;REGIONI;2018;2025;Annuale;Fonte: Istat;
181;Tasso di occupazione over 54 (maschi);Persone occupate (maschi) over 54 anni (55-64) in percentuale sulla popolazione nella corrispondente classe di età;Maschi: occupati 55-64 anni, Maschi: popolazione 55-64 anni;REGIONI;2018;2025;Annuale;Fonte: Istat;In seguito alla ricostruzione dei dati regionali dell'indagine per età, è stata rivista e ricostruita la serie storica a partire dal 1995 al 2006.
182;Tasso di occupazione over 54 (femmine);Persone occupate (femmine) over 54 anni (55-64) in percentuale sulla popolazione nella corrispondente classe di età;Femmine: occupati in totale 55-64 anni, Femmine: popolazione 55-64 anni;REGIONI;2018;2025;Annuale;Fonte: Istat;In seguito alla ricostruzione dei dati regionali dell'indagine per età, è stata rivista e ricostruita la serie storica a partire dal 1995 al 2006.
183;Tasso di disoccupazione di lunga durata (maschi);Persone in cerca di occupazione da oltre 12 mesi sulle forze di lavoro (%) (media annua);Maschi: in cerca di occupazione (lunga durata > 12 mesi), Forze di lavoro 15 anni e oltre (maschi);REGIONI;2018;2025;Annuale;Fonte: Istat;
184;Tasso di disoccupazione di lunga durata (femmine);Persone in cerca di occupazione da oltre 12 mesi sulle forze di lavoro (%) (media annua);Forze di lavoro 15 anni e oltre (femmine), Femmine: in cerca di occupazione (lunga durata > 12 mesi);REGIONI;2018;2025;Annuale;Fonte: Istat;
185;Occupati che partecipano ad attività formative e di istruzione (maschi);Adulti occupati nella classe di età 25-64 anni che partecipano ad attività formative e di istruzione sul totale della popolazione occupata nella classe di età 25-64 anni (%);Maschi: occupati 25-64 anni che partecipano ad attività formative e di istruzione, Maschi: Occupati 25-64 anni;REGIONI;2018;2024;Annuale;Fonte: Istat;Sono stati presi in considerazione i partecipanti a tutti i corsi di formazione e di istruzione nella fascia di età 25-64 anni. Per i dati fino al 2003 è stata considerata la rilevazione trimestrale di aprile, dove è presente il modulo sulla formazione. A partire dal 2004, oltre ad una rottura della serie dovuta all'introduzione della nuova indagine sulle FL, la sezione del questionario relativa alla formazione ha subito dei cambiamenti (Riferimento domande questionario RCFL Sezione H, domande H1 e H4).
186;Occupati che partecipano ad attività formative e di istruzione (femmine);Adulti occupati nella classe di età 25-64 anni che partecipano ad attività formative e di istruzione sul totale della popolazione occupata nella classe di età 25-64 anni (%);Femmine: occupati 25-64 anni che partecipano ad attività formative e di istruzione, Femmine: Occupati 25-64 anni;REGIONI;2018;2024;Annuale;Fonte: Istat;Sono stati presi in considerazione i partecipanti a tutti i corsi di formazione e di istruzione nella fascia di età 25-64 anni. Per i dati fino al 2003 è stata considerata la rilevazione trimestrale di aprile, dove è presente il modulo sulla formazione. A partire dal 2004, oltre ad una rottura della serie dovuta all'introduzione della nuova indagine sulle FL, la sezione del questionario relativa alla formazione ha subito dei cambiamenti (Riferimento domande questionario RCFL Sezione H, domande H1 e H4).
187;Non occupati che partecipano ad attività formative e di istruzione (maschi);Adulti inoccupati (disoccupati e non forze di lavoro) nella classe di età 25-64 anni che partecipano ad attività formative e di istruzione sul totale della popolazione inoccupata nella classe di età 25-64 anni (%);Maschi: inoccupati 25-64 (disoccupati+non forze di lavoro) che partecipano ad attività fomative e di istruzione, Maschi: Inoccupati 25-64 anni;REGIONI;2018;2024;Annuale;Fonte: Istat;Sono stati presi in considerazione i partecipanti a tutti i corsi di formazione e di istruzione nella fascia di età 25-64 anni. Per i dati fino al 2003 è stata considerata la rilevazione trimestrale di aprile, dove è presente il modulo sulla formazione. A partire dal 2004, oltre ad una rottura della serie dovuta all'introduzione della nuova indagine sulle FL, la sezione del questionario relativa alla formazione ha subito dei cambiamenti (Riferimento domande questionario RCFL Sezione H, domande H1 e H4).
188;Non occupati che partecipano ad attività formative e di istruzione (femmine);Adulti inoccupati (disoccupati e non forze di lavoro) nella classe di età 25-64 anni che partecipano ad attività formative e di istruzione sul totale della popolazione inoccupata nella classe di età 25-64 anni (%);Femmine: Inoccupati 25-64 anni, Femmine: inoccupati 25-64 (disoccupati+non forze di lavoro) che partecipano ad attività fomative e di istruzione;REGIONI;2018;2024;Annuale;Fonte: Istat;Sono stati presi in considerazione i partecipanti a tutti i corsi di formazione e di istruzione nella fascia di età 25-64 anni. Per i dati fino al 2003 è stata considerata la rilevazione trimestrale di aprile, dove è presente il modulo sulla formazione. A partire dal 2004, oltre ad una rottura della serie dovuta all'introduzione della nuova indagine sulle FL, la sezione del questionario relativa alla formazione ha subito dei cambiamenti (Riferimento domande questionario RCFL Sezione H, domande H1 e H4).
189;Livello di istruzione della popolazione 15-19 anni (maschi);Popolazione in età 15-19 anni in possesso almeno della licenza media inferiore sul totale della popolazione in età 15-19 anni (%);Maschi: popolazione 15-19 anni con almeno la licenza media inferiore, Maschi: popolazione 15-19 anni;REGIONI;2004;2024;Annuale;Fonte: Istat;Oltre a coloro che hanno conseguito il diploma di scuola media inferiore sono inclusi anche quelli che hanno conseguito la qualifica professionale e il diploma di scuola media superiore, nella fascia di età 15-19 anni
190;Livello di istruzione della popolazione 15-19 anni (femmine);Popolazione in età 15-19 anni in possesso almeno della licenza media inferiore sul totale della popolazione in età 15-19 anni (%);Femmine: popolazione 15-19 anni con almeno la licenza media inferiore, Femmine: popolazione 15-19 anni;REGIONI;2004;2024;Annuale;Fonte: Istat;Oltre a coloro che hanno conseguito il diploma di scuola media inferiore sono inclusi anche quelli che hanno conseguito la qualifica professionale e il diploma di scuola media superiore, nella fascia di età 15-19 anni
191;Tasso di partecipazione nell'istruzione secondaria superiore (maschi);Totale degli iscritti alle scuole secondarie superiori sulla popolazione residente nella classe di età 14-18 anni (%);Maschi: popolazione 14-18 anni residente al 1° gennaio, Maschi: studenti iscritti alle scuole secondarie superiori (scuole statali e non statali);REGIONI;1995;2020;Annuale;"Fonte: elaborazioni Istat su dati Istat e Mpi; Miur";"I valori superiori a 100 per il Lazio e la Basilicata negli ultimi anni possono essere attribuiti alla presenza di: iscritti a corsi serali (in Basilicata si è registrato un aumento dei corsi delle scuole serali nell'a.s. 2004-05); ripetenti; alunni non residenti frequentanti corsi nella regione (mobilità tra regioni); inoltre l'indagine 2004-05 del Miur ha rilevato anche i frequentanti delle scuole carcerarie e ospedaliere."
192;Tasso di partecipazione nell'istruzione secondaria superiore (femmine);Totale degli iscritti alle scuole secondarie superiori sulla popolazione residente nella classe di età 14-18 anni (%);Femmine: studenti iscritti alle scuole secondarie superiori (scuole statali e non statali), Femmine: popolazione 14-18 anni residente al 1° gennaio;REGIONI;1995;2020;Annuale;"Fonte: elaborazioni Istat su dati Miur; Istat e Mpi";"I valori superiori a 100 per il Lazio e la Basilicata negli ultimi anni possono essere attribuiti alla presenza di: iscritti a corsi serali (in Basilicata si è registrato un aumento dei corsi delle scuole serali nell'a.s. 2004-05); ripetenti; alunni non residenti frequentanti corsi nella regione (mobilità tra regioni); inoltre l'indagine 2004-05 del Miur ha rilevato anche i frequentanti delle scuole carcerarie e ospedaliere."
194;Laureati in scienza e tecnologia (maschi);Laureati in discipline scientifiche e tecnologiche per mille abitanti in età 20-29 anni (%) (maschi);Popolazione 20-29 anni (maschi), Laureati in scienza e tecnologia (maschi);REGIONI;1998;2012;Annuale;"Fonte: Istat; Elaborazioni Istat su dati Miur";"La definizione ""Laureati in scienza e tecnologia"" include: i laureati, i dottori di ricerca, i diplomati ai corsi di specializzazione, di perfezionamento e di master di I e di II livello (livelli 5 e 6 della classificazione internazionale Isced97) nelle aree disciplinari di Scienze naturali, Fisica, Matematica, Statistica, Informatica, Ingegneria dell'informazione, Ingegneria industriale, Architettura e Ingegneria civile. Al denominatore si considera la popolazione in età 20-29 anni."
196;Laureati in scienza e tecnologia (femmine);Laureati in discipline scientifiche e tecnologiche per mille abitanti in età 20-29 anni (%) (femmine);Popolazione 20-29 anni (femmine), Laureati in scienza e tecnologia (femmine);REGIONI;1998;2012;Annuale;"Fonte: Istat; Elaborazioni Istat su dati Miur";"La definizione ""Laureati in scienza e tecnologia"" include: i laureati, i dottori di ricerca, i diplomati ai corsi di specializzazione, di perfezionamento e di master di I e di II livello (livelli 5 e 6 della classificazione internazionale Isced97) nelle aree disciplinari di Scienze naturali, Fisica, Matematica, Statistica, Informatica, Ingegneria dell'informazione, Ingegneria industriale, Architettura e Ingegneria civile. Al denominatore si considera la popolazione in età 20-29 anni."
197;Adulti che partecipano all'apprendimento permanente (maschi);Popolazione 25-64 anni (maschi) che frequenta un corso di studio o di formazione professionale in percentuale sulla popolazione della stessa classe di età;Maschi: occupati 25-64 anni che partecipano ad attività formative e di istruzione, Maschi: inoccupati 25-64 (disoccupati+non forze di lavoro) che partecipano ad attività fomative e di istruzione, Maschi: Occupati 25-64 anni, Maschi: Inoccupati 25-64 anni;REGIONI;2018;2024;Annuale;Fonte: Istat;A partire dal 2004, oltre ad una rottura della serie dovuta all'introduzione della nuova indagine sulle FL, la sezione del questionario relativa alla formazione ha subito dei cambiamenti (Riferimento domande questionario RCFL Sezione H, domande H1 e H4).
198;Adulti che partecipano all'apprendimento permanente (femmine);Popolazione 25-64 anni (femmine) che frequenta un corso di studio o di formazione professionale in percentuale sulla popolazione della stessa classe di età;Femmine: occupati 25-64 anni che partecipano ad attività formative e di istruzione, Femmine: inoccupati 25-64 (disoccupati+non forze di lavoro) che partecipano ad attività fomative e di istruzione, Femmine: Occupati 25-64 anni, Femmine: Inoccupati 25-64 anni;REGIONI;2018;2024;Annuale;Fonte: Istat;A partire dal 2004, oltre ad una rottura della serie dovuta all'introduzione della nuova indagine sulle FL, la sezione del questionario relativa alla formazione ha subito dei cambiamenti (Riferimento domande questionario RCFL Sezione H, domande H1 e H4).
199;Giovani che abbandonano prematuramente i percorsi di istruzione e formazione professionale (maschi);Percentuale della popolazione (maschi) 18-24 anni con al più la licenza media, che non ha concluso un corso di formazione professionale riconosciuto dalla Regione di durata superiore ai 2 anni e che non frequenta corsi scolastici o svolge attività formative;Maschi: popolazione 18-24 anni, Maschi: popolazione 18-24 anni con al più la licenza media e che non svolge attività formative;REGIONI;2018;2024;Annuale;Fonte: Istat;"L'indicatore è presente nel set degli indicatori strutturali per la valutazione degli obiettivi europei della strategia di Lisbona, diffusi sul sito Internet di Eurostat (il link è presente nelle tavole degli indicatori). Rivisti gli anni 2004 e 2005 secondo i criteri di calcolo Eurostat. Tuttavia la definizione utilizzata si discosta leggermente da quella utilizzata da Eurostat per gli ""early school leavers"" in quanto la soglia della durata dei corsi di formazione professionale è stata innalzata da 6 mesi a 2 anni;"
200;Giovani che abbandonano prematuramente i percorsi di istruzione e formazione professionale (femmine);Percentuale della popolazione (femmine) 18-24 anni con al più la licenza media, che non ha concluso un corso di formazione professionale riconosciuto dalla Regione di durata superiore ai 2 anni e che non frequenta corsi scolastici o svolge attività formative;Femmine: popolazione 18-24 anni con al più la licenza media e non svolge attività formative, Femmine: Popolazione 18-24 anni;REGIONI;2018;2024;Annuale;Fonte: Istat;"L'indicatore è presente nel set degli indicatori strutturali per la valutazione degli obiettivi europei della strategia di Lisbona, diffusi sul sito Internet di Eurostat (il link è presente nelle tavole degli indicatori). Rivisti gli anni 2004 e 2005 secondo i criteri di calcolo Eurostat. Tuttavia la definizione utilizzata si discosta leggermente da quella utilizzata da Eurostat per gli ""early school leavers"" in quanto la soglia della durata dei corsi di formazione professionale è stata innalzata da 6 mesi a 2 anni;"
203;Tasso di attività totale della popolazione (femmine);Forze di lavoro in età 15-64 anni sul totale della popolazione in età 15-64 anni (%);Femmine: popolazione 15-64 anni, Femmine: forze di lavoro 15-64 anni;REGIONI;2018;2025;Annuale;Fonte: Istat;
205;Diffusione della pratica sportiva (maschi);Popolazione di 3 anni e più che esercita pratica sportiva in modo continuativo o saltuario sul totale della popolazione di 3 anni e più (%);Maschi: popolazione di 3 anni e più, Maschi: popolazione di 3 anni e più che pratica sport;REGIONI;1995;2025;Annuale;Fonte: Istat;"Il quesito sulla pratica sportiva è presente nelle indagini annuali ""Aspetti della vita quotidiana"" a partire dal 1997 e nell'indagine tematica ""Cultura, socialità e tempo libero"" del 1995. Nell'anno 2004 l'Indagine Multiscopo ha subito lo spostamento del periodo di rilevazione da novembre a gennaio-febbraio 2005 per accogliere le esigenze maturate in sede internazionale legate alla necessità di fornire con periodicità annuale i dati necessari al calcolo degli indicatori eEurope2005 (Regolamento del Parlamento Europeo e del Consiglio approvato il 21 Aprile 2004 (N° 808/2004). Pertanto, i dati dell'anno 2004 non saranno disponibili."
206;Diffusione della pratica sportiva (femmine);Popolazione di 3 anni e più che esercita pratica sportiva in modo continuativo o saltuario sul totale della popolazione di 3 anni e più (%);Femmine: popolazione di 3 anni e più, Femmine: popolazione di 3 anni e più pratica sport;REGIONI;1995;2025;Annuale;Fonte: Istat;"Il quesito sulla pratica sportiva è presente nelle indagini annuali ""Aspetti della vita quotidiana"" a partire dal 1997 e nell'indagine tematica ""Cultura, socialità e tempo libero"" del 1995. Nell'anno 2004 l'Indagine Multiscopo ha subito lo spostamento del periodo di rilevazione da novembre a gennaio-febbraio 2005 per accogliere le esigenze maturate in sede internazionale legate alla necessità di fornire con periodicità annuale i dati necessari al calcolo degli indicatori eEurope2005 (Regolamento del Parlamento Europeo e del Consiglio approvato il 21 Aprile 2004 (N° 808/2004). Pertanto, i dati dell'anno 2004 non saranno disponibili."
207;Utilizzo di mezzi pubblici di trasporto da parte di occupati, studenti, scolari e utenti di mezzi pubblici (maschi);Numero di occupati, studenti, scolari e utenti di mezzi pubblici che hanno utilizzato mezzi pubblici di trasporto sul totale delle persone che si sono spostate per motivi di lavoro e di studio e hanno usato mezzi di trasporto (maschi);Maschi: persone che hanno usato mezzi di trasporto, Maschi: utenti di soli mezzi pubblici;REGIONI;1995;2025;Annuale;Fonte: Istat;Sono considerati mezzi pubblici: treno, tram, bus, metropolitane, pullman e corriere. Sono stati esclusi i pullman e le navette aziendali. L'indicatore presenta una piccola distorsione dovuta alla presenza di combinazioni di mezzi. La popolazione di riferimento sono gli occupati di 15 anni e più, gli studenti fino a 34 anni e gli scolari di scuola materna che sono usciti di casa per recarsi al lavoro, università e scuola. Nell'anno 2004 l'Indagine Multiscopo ha subito lo spostamento del periodo di rilevazione da novembre a gennaio-febbraio 2005 per accogliere le esigenze maturate in sede internazionale legate alla necessità di fornire con periodicità annuale i dati necessari al calcolo degli indicatori eEurope2005 (Regolamento del Parlamento Europeo e del Consiglio approvato il 21 Aprile 2004 (N° 808/2004). Pertanto, i dati dell'anno 2004 non sono disponibili.
208;Utilizzo di mezzi pubblici di trasporto da parte di occupati, studenti, scolari e utenti di mezzi pubblici (femmine);Numero di occupati, studenti, scolari e utenti di mezzi pubblici che hanno utilizzato mezzi pubblici di trasporto sul totale delle persone che si sono spostate per motivi di lavoro e di studio e hanno usato mezzi di trasporto (femmine);Femmine: utenti di soli mezzi pubblici, Femmine: persone che hanno usato mezzi di trasporto;REGIONI;1995;2025;Annuale;Fonte: Istat;Sono considerati mezzi pubblici: treno, tram, bus, metropolitane, pullman e corriere. Sono stati esclusi i pullman e le navette aziendali. L'indicatore presenta una piccola distorsione dovuta alla presenza di combinazioni di mezzi. La popolazione di riferimento sono gli occupati di 15 anni e più, gli studenti fino a 34 anni e gli scolari di scuola materna che sono usciti di casa per recarsi al lavoro, università e scuola. Nell'anno 2004 l'Indagine Multiscopo ha subito lo spostamento del periodo di rilevazione da novembre a gennaio-febbraio 2005 per accogliere le esigenze maturate in sede internazionale legate alla necessità di fornire con periodicità annuale i dati necessari al calcolo degli indicatori eEurope2005 (Regolamento del Parlamento Europeo e del Consiglio approvato il 21 Aprile 2004 (N° 808/2004). Pertanto, i dati dell'anno 2004 non sono disponibili.
209;Grado di soddisfazione del servizio di trasporto ferroviario a livello regionale (Maschi);Media delle persone che si dichiarano soddisfatte delle sette diverse caratteristiche del servizio rilevate (frequenza corse, puntualità, possibilità di trovare posto a sedere, pulizia delle vetture, comodità degli orari, costo del biglietto, informazioni sul servizio) sul totale degli utenti del servizio.;Maschi: soddisfatti per l'utilizzo del treno, Maschi: utenti del treno;REGIONI;1995;2025;Annuale;Fonte: Istat;Sono stati utilizzati i giudizi circa la soddisfazione su 7 diversi aspetti: frequenza corse, puntualità, possibilità di trovare posto a sedere, pulizia delle vetture, comodità degli orari, costo del biglietto, informazioni sul servizio. Il valore ottenuto perciò è diverso da quello riportato nel PSM calcolato solo su tre aspetti. Nell'anno 2004 l'Indagine Multiscopo ha subito lo spostamento del periodo di rilevazione da novembre a gennaio-febbraio 2005 per accogliere le esigenze maturate in sede internazionale legate alla necessità di fornire con periodicità annuale i dati necessari al calcolo degli indicatori eEurope2005 (Regolamento del Parlamento Europeo e del Consiglio approvato il 21 Aprile 2004 (N° 808/2004). Pertanto, i dati dell'anno 2004 non saranno disponibili.
210;Grado di soddisfazione del servizio di trasporto ferroviario a livello regionale (Femmine);Media delle persone che si dichiarano soddisfatte delle sette diverse caratteristiche del servizio rilevate (frequenza corse, puntualità, possibilità di trovare posto a sedere, pulizia delle vetture, comodità degli orari, costo del biglietto, informazioni sul servizio) sul totale degli utenti del servizio.;Femmine: soddisfatti per l'utilizzo del treno, Femmine: utenti del treno;REGIONI;1995;2025;Annuale;Fonte: Istat;Sono stati utilizzati i giudizi circa la soddisfazione su 7 diversi aspetti: frequenza corse, puntualità, possibilità di trovare posto a sedere, pulizia delle vetture, comodità degli orari, costo del biglietto, informazioni sul servizio. Il valore ottenuto perciò è diverso da quello riportato nel PSM calcolato solo su tre aspetti. Nell'anno 2004 l'Indagine Multiscopo ha subito lo spostamento del periodo di rilevazione da novembre a gennaio-febbraio 2005 per accogliere le esigenze maturate in sede internazionale legate alla necessità di fornire con periodicità annuale i dati necessari al calcolo degli indicatori eEurope2005 (Regolamento del Parlamento Europeo e del Consiglio approvato il 21 Aprile 2004 (N° 808/2004). Pertanto, i dati dell'anno 2004 non saranno disponibili.
211;Indice di utilizzazione del trasporto ferroviario (1) (maschi);Persone che hanno utilizzato il mezzo di trasporto almeno una volta nell'anno sul totale della popolazione di 14 anni e oltre (%);Maschi: utenti del treno, Maschi: popolazione 14 anni e oltre;REGIONI;1995;2024;Annuale;Fonte: Istat;Nell'anno 2004 l'Indagine Multiscopo ha subito lo spostamento del periodo di rilevazione da novembre a gennaio-febbraio 2005 per accogliere le esigenze maturate in sede internazionale legate alla necessità di fornire con periodicità annuale i dati necessari al calcolo degli indicatori eEurope2005 (Regolamento del Parlamento Europeo e del Consiglio approvato il 21 Aprile 2004 (N° 808/2004). Pertanto, i dati dell'anno 2004 non sono disponibili.
212;Indice di utilizzazione del trasporto ferroviario (1) (femmine);Persone che hanno utilizzato il mezzo di trasporto almeno una volta nell'anno sul totale della popolazione di 14 anni e oltre (%);Femmine: utenti del treno, Femmine: popolazione 14 anni e oltre;REGIONI;1995;2024;Annuale;Fonte: Istat;Nell'anno 2004 l'Indagine Multiscopo ha subito lo spostamento del periodo di rilevazione da novembre a gennaio-febbraio 2005 per accogliere le esigenze maturate in sede internazionale legate alla necessità di fornire con periodicità annuale i dati necessari al calcolo degli indicatori eEurope2005 (Regolamento del Parlamento Europeo e del Consiglio approvato il 21 Aprile 2004 (N° 808/2004). Pertanto, i dati dell'anno 2004 non sono disponibili.
213;Tasso di attività totale della popolazione (maschi);Forze di lavoro in età 15-64 anni sul totale della popolazione in età 15-64 anni (%) (maschi);Maschi: forze di lavoro 15-64 anni, Maschi: popolazione15-64 anni;REGIONI;2018;2025;Annuale;Fonte: Istat;
230;Tasso di disoccupazione giovanile (maschi);Persone in cerca di occupazione in età 15-24 anni sulle forze di lavoro nella corrispondente classe di età (%) (media annua);Maschi: disoccupati 15-24 anni (in migliaia), Maschi: occupati 15-24 anni (in migliaia);REGIONI;1995;2025;Annuale;Fonte: Istat;
231;Grado di insoddisfazione dell'utenza per l'erogazione di gas;Percentuale di famiglie poco o per nulla soddisfatte del servizio di erogazione di gas sul totale delle famiglie allacciate alla rete;Famiglie poco o per niente soddisfatte per i servizi di erogazione del gas nel complesso, Totale famiglie allacciate alla rete;REGIONI;1998;2025;Annuale;Fonte: Istat;A dicembre 2004 è stata rivista la serie poiché è stata modificata la modalità di calcolo dell'indicatore. Nell'anno 2004 l'Indagine Multiscopo ha subito lo spostamento del periodo di rilevazione da novembre a gennaio-febbraio 2005 per accogliere le esigenze maturate in sede internazionale legate alla necessità di fornire con periodicità annuale i dati necessari al calcolo degli indicatori eEurope2005 (Regolamento del Parlamento Europeo e del Consiglio approvato il 21 Aprile 2004 (N° 808/2004). Pertanto, i dati dell'anno 2004 non saranno disponibili.
232;Percentuale di rifiuti urbani smaltiti in discarica;Rifiuti urbani smaltiti in discarica sui rifiuti urbani prodotti valore percentuale;Produzione di rifiuti urbani totali, Rifiuti urbani smaltiti in discarica;REGIONI;2002;2024;Annuale;Fonte: elaborazioni Istat su dati ISPRA;"Sono rifiuti urbani ai sensi dell'art. 184 del D.lgs. 152/2006 e ss.mm.ii: i rifiuti domestici, anche ingombranti, provenienti da locali e luoghi adibiti ad uso di civile abitazione; i rifiuti non pericolosi provenienti da locali e luoghi adibiti ad usi diversi da quelli di cui alla lettera a), assimilati ai rifiuti urbani per qualità e quantità (DCI 27/7/84); i rifiuti provenienti dallo spazzamento delle strade; i rifiuti di qualunque natura o provenienza, giacenti sulle strade ed aree pubbliche o sulle strade ed aree private comunque soggette ad uso pubblico o sulle spiagge marittime e lacuali e sulle rive dei corsi d'acqua; i rifiuti vegetali provenienti da aree verdi, quali giardini, parchi e aree cimiteriali; i rifiuti provenienti da esumazioni ed estumulazioni,nonché gli altri rifiuti provenienti da attività cimiteriale"
239;Superficie forestale;Ettari di superfici boscate e non boscate;Superficie forestale (Nuova Serie);REGIONI;2005;2005;Annuale;Fonte: elaborazioni Istat su dati Corpo Forestale dello Stato;Dall'anno 2005 il dato viene fornito dal corpo Forestale dello Stato. I dati sono stati rilevati con una modalità diversa rispetto al passato e adottando la definizione data dalla FAO per il Forest Resources Assesment 2000 e per l'indagine FRA2005 (FAO 2005).
241;Tasso di iscrizione lordo nel registro delle imprese;Imprese iscritte sul totale delle imprese registrate nell'anno precedente (al netto delle imprese agricole) (%);Imprese iscritte al 31/12 dell'anno, Imprese registrate al 31/12 dell'anno;REGIONI;1995;2023;Annuale;Fonte: elaborazioni Istat su dati Infocamere Movimprese;Sono state escluse, per problemi legati alla cambiata legislazione in materia di iscrizione agli Archivi Camerali, le imprese del settore Agricolo e della Pesca. I dati relativi all'Umbria per gli anni 1995 e 1996 presentano qualche distorsione dovuti alla messa in linea degli archivi.
242;Tasso di iscrizione netto nel registro delle imprese;Percentuale di imprese iscritte meno imprese cessate sul totale delle imprese registrate nell'anno precedente;Imprese registrate al 31/12 dell'anno, Imprese iscritte al 31/12 dell'anno, Imprese cessate al 31/12 dell'anno;REGIONI;1995;2023;Annuale;Fonte: elaborazioni Istat su dati Infocamere Movimprese;Sono state escluse, per problemi legati alla cambiata legislazione in materia di iscrizione agli Archivi Camerali, le imprese del settore Agricolo e della Pesca. I dati relativi all'Umbria per gli anni 1995 e 1996 presentano qualche distorsione dovuti alla messa in linea degli archivi.
244;Indice di attrattività delle università;Rapporto tra saldo migratorio netto degli studenti e il totale degli studenti immatricolati (%);Totale studenti immatricolati, Saldo migratorio netto degli studenti universitari;REGIONI;1999;2020;Annuale;Ufficio di Statistica. Dal 2013, elaborazione su dati Anagrafe Nazionale degli Studenti Universitari.;Il saldo migratorio netto è definito come la differenza tra il totale degli immatricolati nelle sedi universitarie della regione e gli immatricolati residenti nella regione stessa. Nel saldo migratorio non sono inclusi i residenti all'estero, gli immatricolati alle Università telematiche e quelli per cui la provincia di residenza non è definita. A partire dall'a.a. 2001/02 si fa riferimento alla regione sede del corso e non più alla regione in cui ha sede l'Ateneo. A partire dall'a.a. 2012/13 si utilizzano i dati dell'Anagrafe Nazionale degli Studenti Universitari (ANS) e sono inclusi anche gli studenti stranieri residenti in Italia. A partire dall'a.a. 2017/18 i dati comprendono anche coloro che in corso d'anno abbandonano gli studi, uscendo dal sistema universitario nazionale, mentre in precedenza si riferivano a chi risultava ancora iscritto al 31 luglio dell'anno t. Pertanto, le variazioni nel tempo dell'indicatore vanno interpretate tenendo conto di tali cambiamenti nella rilevazione e nel calcolo.
245;Popolazione residente nei comuni rurali;variazione percentuale annua della popolazione residente nei comuni rurali;Popolazione residente nei comuni rurali;REGIONI;2011;2013;Annuale;Fonte: Istat;"Un comune viene definito rurale, con riferimento alla nuova metodologia DEGURBA (Degree of Urbanisation) adottata dalla Commissione Europea, Eurostat, CCR insieme con l'OCSE. Secondo questa classificazione le unità locali amministrative di livello 2 ( LAU2 o comuni) sono distinte sulla base di una combinazione di criteri di contiguità geografica e soglia minima di popolazione applicati alle celle della griglia popolazione di 1 km2 . Questo grado di urbanizzazione crea una classificazione a tre tipologie di LAU2 come seguono: zona densamente popolata (codice 1); area di densità intermedia (codice 2); zona scarsamente popolata (codice 3). Con la nuova classificazione sono definiti rurali i comuni con codice 3. Eurostat aggiorna periodicamente il grado di urbanizzazione dei comuni, sulla base delle variazioni territoriali."
246;Popolazione residente nei comuni rurali (femmine);Variazione percentuale annua della popolazione residente nei comuni rurali;Popolazione femminile residente nei comuni rurali (definiti al 2011);REGIONI;2011;2013;Annuale;Fonte: Istat;"Un comune viene definito rurale, con riferimento alla nuova metodologia DEGURBA (Degree of Urbanisation) adottata dalla Commissione Europea, Eurostat, CCR insieme con l'OCSE. Secondo questa classificazione le unità locali amministrative di livello 2 ( LAU2 o comuni) sono distinte sulla base di una combinazione di criteri di contiguità geografica e soglia minima di popolazione applicati alle celle della griglia popolazione di 1 km2 . Questo grado di urbanizzazione crea una classificazione a tre tipologie di LAU2 come seguono: zona densamente popolata (codice 1); area di densità intermedia (codice 2); zona scarsamente popolata (codice 3). Con la nuova classificazione sono definiti rurali i comuni con codice 3. Eurostat aggiorna periodicamente il grado di urbanizzazione dei comuni, sulla base delle variazioni territoriali."
247;Popolazione residente nei comuni rurali (Maschi);Variazione percentuale annua della popolazione residente nei comuni rurali;Popolazione maschile residente nei comuni rurali (definiti al 2011);REGIONI;2011;2013;Annuale;Fonte: Istat;"Un comune viene definito rurale, con riferimento alla nuova metodologia DEGURBA (Degree of Urbanisation) adottata dalla Commissione Europea, Eurostat, CCR insieme con l'OCSE. Secondo questa classificazione le unità locali amministrative di livello 2 ( LAU2 o comuni) sono distinte sulla base di una combinazione di criteri di contiguità geografica e soglia minima di popolazione applicati alle celle della griglia popolazione di 1 km2 . Questo grado di urbanizzazione crea una classificazione a tre tipologie di LAU2 come seguono: zona densamente popolata (codice 1); area di densità intermedia (codice 2); zona scarsamente popolata (codice 3). Con la nuova classificazione sono definiti rurali i comuni con codice 3. Eurostat aggiorna periodicamente il grado di urbanizzazione dei comuni, sulla base delle variazioni territoriali."
248;Tasso di partecipazione nell'istruzione secondaria superiore;Totale degli iscritti alle scuole secondarie superiori sulla popolazione residente nella classe di età 14-18 anni (%);Popolazione 14-18 anni, Studenti iscritti nelle scuole secondarie superiori di secondo grado;REGIONI;1995;2020;Annuale;"Fonte: elaborazioni Istat su dati Istat; Miur";"I valori superiori a 100 per il Lazio e la Basilicata negli ultimi anni possono essere attribuiti alla presenza di: iscritti a corsi serali (in Basilicata si è registrato un aumento dei corsi delle scuole serali nell'a.s. 2004-05); ripetenti; alunni non residenti frequentanti corsi nella regione (mobilità tra regioni); inoltre l'indagine 2004-05 del Miur ha rilevato anche i frequentanti delle scuole carcerarie e ospedaliere."
249;Andamento dell'occupazione del settore della pesca;Variazione percentuale rispetto all'anno precedente delle unità di lavoro del settore della pesca, della piscicoltura e dei servizi connessi;Ula Pesca, piscicoltura e servizi connessi;REGIONI;1996;2023;Annuale;Fonte: Istat;
250;Tasso di crescita dell'agricoltura;Variazione percentuale rispetto all'anno precedente del valore aggiunto ai prezzi di base della branca agricoltura e caccia;Valore aggiunto dell'agricoltura (prezzi anno precedente), Valore aggiunto dell'agricoltura (prezzi correnti);REGIONI;1996;2024;Annuale;Fonte: Istat;
251;Addetti alla R&S;Addetti alla ricerca e sviluppo (unità espresse in equivalenti tempo pieno per mille abitanti);Personale addetto alla R&S delle università, Personale addetto alla R&S delle istituzioni private non profit, Popolazione residente media, Personale addetto alla R&S della Pubblica Amministrazione, Personale addetto alla R&S delle imprese;REGIONI;2002;2022;Annuale;Fonte: Istat;"L'indicatore si riferisce a ricercatori, tecnici e altro personale addetto alla R&S della Pubblica Amministrazione, Università e imprese pubbliche e private; a partire dal 2002, sono inclusi anche gli addetti delle istituzioni private non profit, precedentemente non rilevati dall'indagine di riferimento. Il numero degli addetti è espresso in unità equivalenti tempo pieno."
253;Popolazione equivalente urbana servita da depurazione;Popolazione equivalente urbana servita da depurazione in percentuale sul numero di abitanti;Abitanti equivalenti effettivi urbani serviti da impianti di depurazione che effettuano trattamento secondario e terziario, Abitanti Equivalenti Totali Urbani (AETU) effettivamente serviti dagli impianti di tipo secondario o terziario;REGIONI;2005;2015;Quadriennale;Fonte: Istat;
254;Tasso di abbandono alla fine del primo biennio delle scuole secondarie superiori;Abbandoni sul totale degli iscritti al primo biennio delle scuoe secondarie superiori (%);Abbandoni al primo biennio delle scuole secondarie superiori, Iscritti al primo biennio delle scuole secondarie superiori;REGIONI;1995;2019;Annuale;"Fonte: elaborazioni Istat su dati Istat e Miur; Miur";"La Scuola secondaria superiore (rinominata scuola secondaria di secondo grado a partire dalla Riforma Moratti, varata con Legge 28 marzo 2003 n. 53) costituisce il secondo ciclo di istruzione in cui si struttura il sistema scolastico italiano, che comprende il sistema dei licei, degli istituti tecnici e degli istituti professionali. Non sono, invece, considerati i percorsi formativi professionali di competenza delle regioni, finalizzati al conseguimento di una qualifica triennale riconosciuta a livello nazionale. Gli abbandoni si riferiscono agli studenti che interrompono la frequenza scolastica e non si iscrivono all'anno scolastico successivo. Le interruzioni di frequenza possono risultare in numero negativo per effetto della mobilità territoriale in entrata e in uscita. La formula utilizzata per il calcolo delle interruzioni di frequenza della classe n nell'anno scolastico t è uguale a: (nIt - nRt+1)-(n+1It+1 - n+1Rt+1) + nEPt, dove: nIt, sono gli studenti iscritti alla classe n nell'anno scolastico considerato; nRt+1 sono gli studenti ripetenti la stessa classe, nell'anno scolastico successivo; n+1It+1 sono gli studenti iscritti alla classe successiva, nell'anno scolastico successivo; n+1Rt+1 sono gli studenti ripetenti la classe successiva, nell'anno scolastico successivo; nEPt sono i candidati esterni promossi agli scrutini di fine anno della classe n, nell'anno scolastico considerato. Dall'anno scolastico 1998-99, non sono considerati nel calcolo, in quanto non disponibili, i dati sugli studenti esterni; ciò determina una sottostima del fenomeno. La provincia autonoma di Bolzano, dall'anno scolastico 2006/07, fornisce anche i dati sugli Istituti di Formazione Professionale (IFP) riconosciuti per l'adempimento dell'obbligo di istruzione (Legge Finanziaria 2007, comma 623). Tuttavia, questi dati non sono considerati nel calcolo dell'indicatore, al fine di mantenere criteri uniformi per tutte le aree territoriali."
255;Superficie boscata e non boscata percorsa dal fuoco;Superficie forestale percorsa dal fuoco in percentuale sul totale della superficie forestale;Superficie forestale percorsa da fuoco, Superficie forestale totale;REGIONI;2005;2022;Annuale;Fonte: elaborazioni Istat su dati Corpo Forestale dello Stato;Dall'anno 2005 il dato viene fornito dal corpo Forestale dello Stato. I dati sono stati rilevati con una modalità diversa rispetto al passato e adottando la definizione data dalla FAO per il Forest Resources Assesment 2000 e per l'indagine FRA2005 (FAO 2005).
257;Indice di domanda culturale dei musei e istituti similari non statali (media per istituto);Numero di visitatori dei musei e istituti similari non statali per museo/istituto (valori in migliaia);Visitatori dei musei e degli istituti similari non statali, Musei e istituti similari non statali;REGIONI;2006;2022;Annuale;Fonte: Istat;L'indagine sugli istituti di antichità e d'arte e i luoghi della cultura non statali è una rilevazione a carattere censuario promossa dal Dipartimento per le Politiche di Sviluppo (DPS) del Ministero dello Sviluppo economico e condotta nel 2007 dall'Istituto nazionale di statistica in collaborazione con il Ministero per i Beni e le Attività Culturali, le Regioni e le Province Autonome. L'indagine sui musei, le aree archeologiche e i monumenti in Italia è stata replicata nel 2012 e nel 2016 tracciando un quadro complessivo non solo dei musei presenti in Italia, ma anche degli altri istituti similari a carattere museale pubblici o privati, statali e non statali. Per approfondimenti si rimanda a: http://www3.istat.it/dati/dataset/20090721_00/ , http://www.istat.it/it/archivio/105061 e https://www.istat.it/it/archivio/194402. Dal 2018, nell'ambito della Convenzione stipulata tra l'Istat e l'Autorità di Gestione del PON Governance e Capacità istituzionale 2014-2020, l'indagine sui Musei e gli Istituti similari ha assunto carattere annuale. Per approfondimenti si rimanda a: https://www.istat.it/it/cultura-comunicazione-viaggi
258;Indice di domanda culturale dei musei e istituti similari non statali (per Kmq);Numero di visitatori dei musei e istituti similari non statali per kmq;Superficie, Visitatori dei musei e degli istituti similari non statali;REGIONI;2006;2022;Annuale;Fonte: Istat;L'indagine sugli istituti di antichità e d'arte e i luoghi della cultura non statali è una rilevazione a carattere censuario promossa dal Dipartimento per le Politiche di Sviluppo (DPS) del Ministero dello Sviluppo economico e condotta nel 2007 dall'Istituto nazionale di statistica in collaborazione con il Ministero per i Beni e le Attività Culturali, le Regioni e le Province Autonome. L'indagine sui musei, le aree archeologiche e i monumenti in Italia è stata replicata nel 2012 e nel 2016 tracciando un quadro complessivo non solo dei musei presenti in Italia, ma anche degli altri istituti similari a carattere museale pubblici o privati, statali e non statali. Per approfondimenti si rimanda a: http://www3.istat.it/dati/dataset/20090721_00/ , http://www.istat.it/it/archivio/105061 e https://www.istat.it/it/archivio/194402. Dal 2018, nell'ambito della Convenzione stipulata tra l'Istat e l'Autorità di Gestione del PON Governance e Capacità istituzionale 2014-2020, l'indagine sui Musei e gli Istituti similari ha assunto carattere annuale. Per approfondimenti si rimanda a: https://www.istat.it/it/cultura-comunicazione-viaggi
259;Grado di promozione dell'offerta culturale dei musei e istituti similari non statali;Visitatori paganti su visitatori non paganti dei musei e istituti similari non statali con ingresso a pagamento (%);Visitatori non paganti dei musei e degli istituti similari non statali con ingresso a pagamento, Visitatori paganti dei musei e degli istituti similari non statali;REGIONI;2006;2022;Annuale;Fonte: Istat;L'indagine sugli istituti di antichità e d'arte e i luoghi della cultura non statali è una rilevazione a carattere censuario promossa dal Dipartimento per le Politiche di Sviluppo (DPS) del Ministero dello Sviluppo economico e condotta nel 2007 dall'Istituto nazionale di statistica in collaborazione con il Ministero per i Beni e le Attività Culturali, le Regioni e le Province Autonome. L'indagine sui musei, le aree archeologiche e i monumenti in Italia è stata replicata nel 2012 e nel 2016 tracciando un quadro complessivo non solo dei musei presenti in Italia, ma anche degli altri istituti similari a carattere museale pubblici o privati, statali e non statali. Per approfondimenti si rimanda a: http://www3.istat.it/dati/dataset/20090721_00/ , http://www.istat.it/it/archivio/105061 e https://www.istat.it/it/archivio/194402. Dal 2018, nell'ambito della Convenzione stipulata tra l'Istat e l'Autorità di Gestione del PON Governance e Capacità istituzionale 2014-2020, l'indagine sui Musei e gli Istituti similari ha assunto carattere annuale. Per approfondimenti si rimanda a: https://www.istat.it/it/cultura-comunicazione-viaggi
261;Siti di Importanza Comunitaria (SIC);Superficie dei Siti di Importanza Comunitaria (SIC) sulla superficie regionale (percentuale);Superficie in ettari, Superficie dei Siti di interesse comunitario;REGIONI;2000;2021;Annuale;"Fonte: elaborazioni Istat su dati Istat; MITE, Ministero della Transizione Ecologica";"I Siti di Importanza Comunitaria (SIC) fanno parte della rete Natura 2000 e sono stati istituiti in seguito all'emanazione della Direttiva 92/43/CEE ""Habitat"""
262;Zone a Protezione Speciale (ZPS);Superficie delle Zone a Protezione Speciale (ZPS) sulla superficie Regionale (valore in percentuale);Superficie in ettari, Superficie delle Zone a protezione speciale;REGIONI;2000;2021;Annuale;"Fonte: elaborazioni Istat su dati Istat; MITE, Ministero della Transizione Ecologica";"Le Zone di Protezione Speciale (ZPS) fanno parte della rete Natura 2000 e sono state istituite ai sensi della Direttiva 79/409/CEE ""Uccelli""."
263;Rete Natura 2000;Superficie della Rete Natura 2000 sulla superficie Regionale (valore in percentuale);Superficie della rete Natura 2000, Superficie in ettari;REGIONI;2005;2021;Annuale;"Fonte: elaborazioni Istat su dati MITE, Ministero della Transizione Ecologica; Istat";Natura 2000 è il principale strumento della politica dell'Unione Europea per la conservazione della biodiversità.
264;Aree terrestri protette;Superficie delle Aree Terrestri protette sulla superficie Regionale (valore in percentuale);Superficie in ettari, Superficie delle Aree naturali terrestri protette;REGIONI;2001;2010;Quinquennale;"Fonte: elaborazioni Istat su dati Istat; MITE, Ministero della Transizione Ecologica";La legge 394/91 definisce le aree naturali protette allo scopo di garantire e promuovere la conservazione e valorizzazione del patrimonio naturale nazionale
265;Monitoraggio della qualità dell'aria;Dotazione di stazioni di monitoraggio dell'aria (valori per 100.000 abitanti);Stazioni di monitoraggio della qualità dell'aria selezionate (nuova serie), Popolazione residente media;REGIONI;2002;2012;Annuale;"Fonte: elaborazioni Istat su dati ISPRA; Istat";Va segnalato che le stazioni non hanno tutte la stessa valenza non rilevando infatti l'emissione delle stesse sostanze. È da considerare inoltre che buona parte delle reti esistenti continua a presentare problemi di organizzazione e funzionamento. I dati includono le stazioni di rilevamento dell'Enel. Va altresì precisato che sul totale delle stazioni di monitoraggio che risultano attive nella banca dati BRACE, solo circa un terzo comunica anche dati. La Banca Dati BRACE contiene informazioni sulle reti, le stazioni e i sensori di misura, presenti sul territorio nazionale, utilizzati per il monitoraggio della qualità dell'aria e i dati di concentrazione degli inquinanti. La serie è stata rivista con una diversa attribuzione temporale dei dati.
267;Capacità di esportare;Valore delle esportazioni di merci sul PIL (percentuale);Esportazioni, PIL (valori correnti);REGIONI;1995;2022;Annuale;Fonte: Istat;
268;Passeggeri trasportati dal TPL nei comuni capoluogo di provincia per abitante;Rapporto tra il numero di passeggeri trasportati dal Trasporto pubblico locale nei comuni capoluogo di provincia e la popolazione residente media nell'anno;Passeggeri trasportati dal TPL nei comuni capoluogo di provincia, Popolazione residente media nei comuni capoluogho di provincia;REGIONI;2000;2023;Annuale;Fonte: Istat;
269;Posti-km offerti dal TPL nei comuni capoluogo di provincia;Posti-km offerti dal Trasporto pubblico locale nei capoluoghi di Provincia (migliaia per abitante);Posti-km offerti dal TPL nei comuni capoluogo di provincia, Popolazione residente media nei comuni capoluogho di provincia;REGIONI;2000;2023;Annuale;Istat, Dati ambientali nelle città;
270;Rete ferroviaria;Rete ferroviaria di Ferrovie dello Stato, Concessioni e Gestioni commissariali sulla superficie regionale (Km per 100 kmq);Lunghezza della rete ferroviaria delle FS in esercizio totale (a binario semplice e doppio, elettrificato e non), Superficie;REGIONI;2004;2018;Annuale;"Fonte: elaborazioni Istat su dati Trenitalia RFI e Ministero delle Infrastrutture e dei trasporti; Istat";
271;Rete ferroviaria elettrificata;Rete ferroviaria elettrificata di Ferrovie dello Stato, Concessioni e Gestioni commissariali sulla lunghezza della rete totale (percentuale);Lunghezza della rete ferroviaria elettrificata (a binario semplice e doppio), Lunghezza della rete ferroviaria delle FS in esercizio totale (a binario semplice e doppio, elettrificato e non);REGIONI;2004;2018;Annuale;Fonte: elaborazioni Istat su dati Trenitalia RFI e Ministero delle Infrastrutture e dei trasporti;
272;Rete ferroviaria a doppio binario;Rete ferroviaria a doppio binario di Ferrovie dello Stato, Concessioni e Gestioni commissariali sulla lunghezza della rete totale (percentuale);Rete ferroviaria a doppio binario di Ferrovie dello Stato, Concessioni e Gestioni commissariali, Lunghezza della rete ferroviaria delle FS in esercizio totale (a binario semplice e doppio, elettrificato e non);REGIONI;2004;2018;Annuale;Fonte: elaborazioni Istat su dati Trenitalia RFI e Ministero delle Infrastrutture e dei trasporti;
273;Lunghezza della rete stradale;Strade provinciali, regionali e di interesse nazionale sulla superficie regionale (Km per 100 kmq);Superficie, Lunghezza delle strade;REGIONI;1996;2014;Annuale;"Fonte: elaborazioni Istat su dati Istat; Ministero delle Infrastrutture e dei trasporti";
276;Lunghezza della rete autostradale;Rete autostradale sulla superficie regionale (Km per 100 kmq);Lunghezza delle autostrade, Superficie;REGIONI;1996;2014;Annuale;"Fonte: elaborazioni Istat su dati Associazione Italiana società concessionarie autostrade e trafori (fino al 2006) e AnasAiscat (dal 2007); Istat";
277;Popolazione esposta a rischio frane;Abitanti per km2 esposti a rischio frane;Popolazione a rischio residente in aree a pericolosità da frana elevata e molto elevata, Superficie;REGIONI;2015;2024;Occasionale;"Fonte: elaborazioni Istat su dati ISPRA; Istat";
278;Popolazione esposta a rischio alluvione;Abitanti per km2 esposti a rischio alluvione;Popolazione esposta ad alluvioni, Superficie;REGIONI;2015;2020;Occasionale;"Fonte: elaborazioni Istat su dati ISPRA; Istat";Per popolazione esposta ad alluvioni si intende la popolazione residente esposta al rischio di danni alla persona (morti, dispersi, feriti, evacuati). Il numero di persone esposte è stato calcolato moltiplicando la percentuale di area a criticità idraulica all'interno di ciascuna sezione di censimento per la popolazione residente nella suddetta sezione e quindi aggregato su base comunale. L'indicatore è stato calcolato sulla mosaicatura ISPRA delle aree a pericolosità idraulica media P2 con tempo di ritorno fra 100 e 200 anni (aggiornamento dati: dicembre 2014) e il Censimento della popolazione ISTAT 2011. Le aree a pericolosità idraulica sono state redatte ai sensi del D.Lgs 49/2010 di recepimento della Direttiva Alluvioni 2007/60/CE. (Per alcune Regioni ci sono delle variazioni delle aree di pericolosità legate principalmente al fatto che si considera solo lo scenario di pericolosità media P2).
279;Tasso di furti denunciati;Furti denunciati per mille abitanti (popolazione residente media);Furti denunciati, Popolazione residente media;REGIONI;1995;2023;Annuale;"Fonte: elaborazioni Istat su dati Ministero dell'Interno, Dipartimento della Pubblica Sicurezza; Istat";I dati relativi ai delitti denunciati a partire dall'anno 2004 non sono omogenei rispetto a quelli degli anni precedenti, per profonde modificazioni nel sistema di rilevazione, nonché per variazioni nell'universo di rilevazione: dal 2004 vengono infatti considerati, oltre ai delitti denunciati all'Autorità giudiziaria da Polizia di Stato, Arma dei carabinieri e Guardia di finanza (che alimentavano il modello cartaceo 165 in uso fino all'anno 2003), anche quelli denunciati dal Corpo forestale dello Stato, dalla Polizia penitenziaria, dalla Direzione investigativa antimafia e da altri uffici. Ulteriori differenze derivano da una diversa definizione di alcune tipologie di delitto e da una più esatta determinazione del periodo e del luogo del commesso delitto. Per alcuni delitti mancano informazioni precise sul luogo ove sono stati commessi, per cui in alcuni casi la somma dei delitti distinti per regione e per ripartizione può non coincidere con il totale Italia.
280;Tasso di rapine denunciate;Rapine denunciate per mille abitanti (popolazione residente media);Rapine denunciate, Popolazione residente media;REGIONI;1995;2023;Annuale;"Fonte: elaborazioni Istat su dati Ministero dell'Interno, Dipartimento della Pubblica Sicurezza; Istat";I dati relativi ai delitti denunciati a partire dall'anno 2004 non sono omogenei rispetto a quelli degli anni precedenti, per profonde modificazioni nel sistema di rilevazione, nonché per variazioni nell'universo di rilevazione: dal 2004 vengono infatti considerati, oltre ai delitti denunciati all'Autorità giudiziaria da Polizia di Stato, Arma dei carabinieri e Guardia di finanza (che alimentavano il modello cartaceo 165 in uso fino all'anno 2003), anche quelli denunciati dal Corpo forestale dello Stato, dalla Polizia penitenziaria, dalla Direzione investigativa antimafia e da altri uffici. Ulteriori differenze derivano da una diversa definizione di alcune tipologie di delitto e da una più esatta determinazione del periodo e del luogo del commesso delitto. Per alcuni delitti mancano informazioni precise sul luogo ove sono stati commessi, per cui in alcuni casi la somma dei delitti distinti per regione e per ripartizione può non coincidere con il totale Italia.
281;Tasso di omicidi;Omicidi volontari consumati per centomila abitanti (popolazione residente media);Omicidi volontari consumati, Popolazione residente media;REGIONI;1995;2023;Annuale;"Fonte: elaborazioni Istat su dati Ministero dell'Interno, Dipartimento della Pubblica Sicurezza; Istat";I dati relativi ai delitti denunciati a partire dall'anno 2004 non sono omogenei rispetto a quelli degli anni precedenti, per profonde modificazioni nel sistema di rilevazione, nonché per variazioni nell'universo di rilevazione: dal 2004 vengono infatti considerati, oltre ai delitti denunciati all'Autorità giudiziaria da Polizia di Stato, Arma dei carabinieri e Guardia di finanza (che alimentavano il modello cartaceo 165 in uso fino all'anno 2003), anche quelli denunciati dal Corpo forestale dello Stato, dalla Polizia penitenziaria, dalla Direzione investigativa antimafia e da altri uffici. Ulteriori differenze derivano da una diversa definizione di alcune tipologie di delitto e da una più esatta determinazione del periodo e del luogo del commesso delitto. Per alcuni delitti mancano informazioni precise sul luogo ove sono stati commessi, per cui in alcuni casi la somma dei delitti distinti per regione e per ripartizione può non coincidere con il totale Italia. Gli omicidi volontari consumati sono di tre tipologie: a scopo di furto o rapina, di tipo mafioso, a scopo terroristico.
282;Tasso di criminalità organizzata e di tipo mafioso;Reati associativi per centomila abitanti (popolazione residente media);Reati associativi, Popolazione residente media;REGIONI;2004;2023;Annuale;"Fonte: elaborazioni Istat su dati Ministero dell'Interno, Dipartimento della Pubblica Sicurezza; Istat";I dati relativi ai delitti denunciati a partire dall'anno 2004 includono, oltre ai delitti denunciati all'Autorità giudiziaria da Polizia di Stato, Arma dei carabinieri e Guardia di finanza, anche quelli denunciati dal Corpo forestale dello Stato, dalla Polizia penitenziaria, dalla Direzione investigativa antimafia e da altri uffici. Per alcuni delitti mancano informazioni precise sul luogo ove sono stati commessi, per cui in alcuni casi la somma dei delitti distinti per regione e per ripartizione può non coincidere con il totale Italia. I reati associativi considerati sono: associazione per delinquere, associazioni di tipo mafioso, associazione per produzione e traffico di stupefacenti, associazione per spaccio di stupefacenti.
283;Incidenza di associazione mafiosa;Associazione di tipo mafioso sul totale dei reati associativi;Associazioni di tipo mafioso, Reati associativi;REGIONI;2004;2023;Annuale;Fonte: elaborazioni Istat su dati Ministero dell'Interno, Dipartimento della Pubblica Sicurezza;I dati relativi ai delitti denunciati a partire dall'anno 2004 includono, oltre ai delitti denunciati all'Autorità giudiziaria da Polizia di Stato, Arma dei carabinieri e Guardia di finanza, anche quelli denunciati dal Corpo forestale dello Stato, dalla Polizia penitenziaria, dalla Direzione investigativa antimafia e da altri uffici. Per alcuni delitti mancano informazioni precise sul luogo ove sono stati commessi, per cui in alcuni casi la somma dei delitti distinti per regione e per ripartizione può non coincidere con il totale Italia. I reati associativi considerati sono: associazione per delinquere, associazioni di tipo mafioso, associazione per produzione e traffico di stupefacenti, associazione per spaccio di stupefacenti.
284;Tasso di criminalità minorile;Minorenni denunciati sul totale della popolazione 14-17 anni;Minorenni denunciati, Popolazione residente media 14 - 17 anni ai confini dell'epoca;REGIONI;1995;2016;Annuale;"Fonte: elaborazioni Istat su dati Ministero dell'Interno, Dipartimento della Pubblica Sicurezza; Istat";Ogni (presunto) autore minore di 18 anni denunciato, arrestato o fermato, è conteggiato una sola volta per ciascuna tipologia di delitto commessa, indipendentemente dal numero di provvedimenti emessi nei suoi confronti dall'Autorità giudiziaria. Nel caso siano stati emessi nei suoi confronti provvedimenti relativi a tipologie diverse di delitto, l'autore verrà conteggiato più volte (una per ogni tipologia). I dati relativi ai delitti denunciati a partire dall'anno 2004 non sono omogenei rispetto a quelli degli anni precedenti, per profonde modificazioni nel sistema di rilevazione, nonché per variazioni nell'universo di rilevazione: dal 2004 vengono infatti considerati, oltre ai delitti denunciati all'Autorità giudiziaria da Polizia di Stato, Arma dei carabinieri e Guardia di finanza (che alimentavano il modello cartaceo 165 in uso fino all'anno 2003), anche quelli denunciati dal Corpo forestale dello Stato, dalla Polizia penitenziaria, dalla Direzione investigativa antimafia e da altri uffici. Ulteriori differenze derivano da una diversa definizione di alcune tipologie di delitto e da una più esatta determinazione del periodo e del luogo del commesso delitto. Per alcuni delitti mancano informazioni precise sul luogo ove sono stati commessi, per cui in alcuni casi la somma dei delitti distinti per regione e per ripartizione può non coincidere con il totale Italia.
285;Persone a rischio di povertà o esclusione sociale - Europa 2030 (totale);Persone a rischio di povertà o esclusione sociale - Europa 2030 (totale);;REGIONI;2004;2024;Annuale;Fonte: Istat;"L'indicatore è dato dalla somma delle persone che si trovano in almeno una delle seguenti tre condizioni: 1) vivono in famiglie a rischio di povertà; 2) vivono in famiglie in condizioni di grave deprivazione materiale e sociale (indicatore Europa 2030); 3) vivono in famiglie a bassa intensità di lavoro (indicatore Europa 2030). Le persone sono conteggiate una sola volta anche se sono presenti su più sub-indicatori. Le persone a rischio di povertà sono coloro vivono in famiglie con un reddito equivalente inferiore al 60 per cento del reddito equivalente mediano disponibile, dopo i trasferimenti sociali. Le persone in condizioni di grave deprivazione materiale e sociale (indicatore Europa 2030) sono coloro che vivono in famiglie che registrano almeno sette segnali di deprivazione materiale e sociale su una lista di tredici (sette relativi alla famiglia e sei relativi all'individuo). Le persone che vivono in famiglie a intensità lavorativa molto bassa (indicatore Europa 2030) sono coloro che vivono in famiglie per le quali il rapporto fra il numero totale di mesi lavorati dai componenti della famiglia durante l'anno di riferimento dei redditi (quello precedente all'anno di rilevazione) e il numero totale di mesi teoricamente disponibili per attività lavorative è inferiore a 0,20."
339;Tasso di istruzione terziaria nella fascia d'età 30-34 anni;Popolazione in età 30-34 anni che ha conseguito un livello di istruzione 5 e 6 (Isced97) in percentuale sulla popolazione nella stessa classe di età (totale);Popolazione in età 30-34 anni che ha conseguito un titolo di studio universitario, Popolazione 30-34 anni;REGIONI;2018;2023;Annuale;Fonte: Istat;"La definizione di ""istruzione terziaria"" include lauree di 4 anni o più (vecchio ordinamento o laurea specialistica/magistrale a ciclo unico), lauree triennali di primo livello, lauree specialistiche di 2 anni di secondo livello, diplomi universitari di due/tre anni, diplomi di scuole dirette a fini speciali, scuole parauniversitarie e i diplomi di Accademia belle arti, Istituto superiore industrie artistiche, Accademia di arte drammatica, perfezionamento Accademia di danza, perfezionamento Conservatorio, perfezionamento Istituto di musica pareggiato, Diploma accademico di alta formazione artistica e musicale e dottorati di ricerca. Nella classificazione internazionale sui livelli di istruzione (Isced97) sono considerati i titoli di studio compresi nei livelli 5 e 6 (tertiary education). L'indicatore è presente nel set degli indicatori strutturali per la valutazione degli obiettivi europei della strategia di Lisbona, diffusi sul sito Internet di Eurostat"
340;Tasso di istruzione terziaria nella fascia d'età 30-34 anni (maschi);Popolazione in età 30-34 anni che ha conseguito un livello di istruzione 5 e 6 (Isced97) in percentuale sulla popolazione nella stessa classe di età (maschi);Popolazione in età 30-34 anni che ha conseguito un titolo di studio universitario - Maschi, Popolazione 30-34 anni Maschi;REGIONI;2018;2023;Annuale;Fonte: Istat;"La definizione di ""istruzione terziaria"" include lauree di 4 anni o più (vecchio ordinamento o laurea specialistica/magistrale a ciclo unico), lauree triennali di primo livello, lauree specialistiche di 2 anni di secondo livello, diplomi universitari di due/tre anni, diplomi di scuole dirette a fini speciali, scuole parauniversitarie e i diplomi di Accademia belle arti, Istituto superiore industrie artistiche, Accademia di arte drammatica, perfezionamento Accademia di danza, perfezionamento Conservatorio, perfezionamento Istituto di musica pareggiato, Diploma accademico di alta formazione artistica e musicale e dottorati di ricerca. Nella classificazione internazionale sui livelli di istruzione (Isced97) sono considerati i titoli di studio compresi nei livelli 5 e 6 (tertiary education). L'indicatore è presente nel set degli indicatori strutturali per la valutazione degli obiettivi europei della strategia di Lisbona, diffusi sul sito Internet di Eurostat."
342;Tasso di istruzione terziaria nella fascia d'età 30-34 anni (femmine);Popolazione in età 30-34 anni che ha conseguito un livello di istruzione 5 e 6 (Isced97) in percentuale sulla popolazione nella stessa classe di età (femmine);Popolazione in età 30-34 anni che ha conseguito un titolo di studio universitario - Femmine, Popolazione 30-34 anni Femmine;REGIONI;2018;2023;Annuale;Fonte: Istat;"La definizione di ""istruzione terziaria"" include lauree di 4 anni o più (vecchio ordinamento o laurea specialistica/magistrale a ciclo unico), lauree triennali di primo livello, lauree specialistiche di 2 anni di secondo livello, diplomi universitari di due/tre anni, diplomi di scuole dirette a fini speciali, scuole parauniversitarie e i diplomi di Accademia belle arti, Istituto superiore industrie artistiche, Accademia di arte drammatica, perfezionamento Accademia di danza, perfezionamento Conservatorio, perfezionamento Istituto di musica pareggiato, Diploma accademico di alta formazione artistica e musicale e dottorati di ricerca. Nella classificazione internazionale sui livelli di istruzione (Isced97) sono considerati i titoli di studio compresi nei livelli 5 e 6 (tertiary education). L'indicatore è presente nel set degli indicatori strutturali per la valutazione degli obiettivi europei della strategia di Lisbona, diffusi sul sito Internet di Eurostat"
345;Tasso di occupazione 20-64 anni;Persone occupate in età 20-64 anni sulla popolazione nella corrispondente classe di età (percentuale);Occupati 20-64 anni (in migliaia), Popolazione 20-64 anni (in migliaia);REGIONI;2018;2025;Annuale;Fonte: Istat;Il tasso di occupazione 20-64 anni si ottiene dal rapporto tra gli occupati tra i 20 e i 64 anni e la popolazione della stessa classe di età moltiplicato cento. Secondo l'indagine sulle forze di lavoro, armonizzata a livello europeo, una persona è definita occupata se, nella settimana di riferimento, ha svolto almeno un'ora di lavoro in una qualsiasi attività che preveda un corrispettivo monetario o in natura, oppure è stata assente dal lavoro (ad esempio per ferie, malattia, cassa integrazione), ma ha mantenuto il posto di lavoro o l'attività autonoma. L'indicatore è presente nel set degli indicatori strutturali per la valutazione degli obiettivi europei della strategia Europa 2020, diffusi sul sito Internet di Eurostat.
346;Tasso di occupazione 20-64 anni (maschi);Persone occupate in età 20-64 anni sulla popolazione nella corrispondente classe di età (percentuale) (maschi);Maschi: Occupati 20-64 anni (in migliaia), Maschi: Popolazione 20-64 anni (in migliaia);REGIONI;2018;2025;Annuale;Fonte: Istat;Il tasso di occupazione 20-64 anni si ottiene dal rapporto tra gli occupati tra i 20 e i 64 anni e la popolazione della stessa classe di età moltiplicato cento. Secondo l'indagine sulle forze di lavoro, armonizzata a livello europeo, una persona è definita occupata se, nella settimana di riferimento, ha svolto almeno un'ora di lavoro in una qualsiasi attività che preveda un corrispettivo monetario o in natura, oppure è stata assente dal lavoro (ad esempio per ferie, malattia, cassa integrazione), ma ha mantenuto il posto di lavoro o l'attività autonoma. L'indicatore è presente nel set degli indicatori strutturali per la valutazione degli obiettivi europei della strategia di Lisbona, diffusi sul sito Internet di Eurostat
347;Tasso di occupazione 20-64 anni (femmine);Persone occupate in età 20-64 anni sulla popolazione nella corrispondente classe di età (percentuale) (femmine);Femmine: Occupati 20-64 anni (in migliaia), Femmine: Popolazione 20-64 anni (in migliaia);REGIONI;2018;2025;Annuale;Fonte: Istat;Il tasso di occupazione 20-64 anni si ottiene dal rapporto tra gli occupati tra i 20 e i 64 anni e la popolazione della stessa classe di età moltiplicato cento. Secondo l'indagine sulle forze di lavoro, armonizzata a livello europeo, una persona è definita occupata se, nella settimana di riferimento, ha svolto almeno un'ora di lavoro in una qualsiasi attività che preveda un corrispettivo monetario o in natura, oppure è stata assente dal lavoro (ad esempio per ferie, malattia, cassa integrazione), ma ha mantenuto il posto di lavoro o l'attività autonoma. L'indicatore è presente nel set degli indicatori strutturali per la valutazione degli obiettivi europei della strategia di Lisbona, diffusi sul sito Internet di Eurostat.
359;Persone a rischio di povertà o esclusione sociale - Europa 2030 (maschi);Persone a rischio di povertà o esclusione sociale - Europa 2030 (maschi);;REGIONI;2004;2024;Annuale;Fonte: Istat;"L'indicatore è dato dalla somma delle persone di genere maschile che si trovano in almeno una delle seguenti tre condizioni: 1) vivono in famiglie a rischio di povertà; 2) vivono in famiglie in condizioni di grave deprivazione materiale e sociale (indicatore Europa 2030); 3) vivono in famiglie a bassa intensità di lavoro (indicatore Europa 2030). Le persone sono conteggiate una sola volta anche se sono presenti su più sub-indicatori. Le persone a rischio di povertà sono coloro vivono in famiglie con un reddito equivalente inferiore al 60 per cento del reddito equivalente mediano disponibile, dopo i trasferimenti sociali. Le persone in condizioni di grave deprivazione materiale e sociale (indicatore Europa 2030) sono coloro che vivono in famiglie che registrano almeno sette segnali di deprivazione materiale e sociale su una lista di tredici (sette relativi alla famiglia e sei relativi all'individuo). Le persone che vivono in famiglie a intensità lavorativa molto bassa (indicatore Europa 2030) sono coloro che vivono in famiglie per le quali il rapporto fra il numero totale di mesi lavorati dai componenti della famiglia durante l'anno di riferimento dei redditi (quello precedente all'anno di rilevazione) e il numero totale di mesi teoricamente disponibili per attività lavorative è inferiore a 0,20."
360;Persone a rischio di povertà o esclusione sociale - Europa 2030 (femmine);Persone a rischio di povertà o esclusione sociale - Europa 2030 (femmine);;REGIONI;2004;2024;Annuale;Fonte: Istat;"L'indicatore è dato dalla somma delle persone di genere femminile che si trovano in almeno una delle seguenti tre condizioni: 1) vivono in famiglie a rischio di povertà; 2) vivono in famiglie in condizioni di grave deprivazione materiale e sociale (indicatore Europa 2030); 3) vivono in famiglie a bassa intensità di lavoro (indicatore Europa 2030). Le persone sono conteggiate una sola volta anche se sono presenti su più sub-indicatori. Le persone a rischio di povertà sono coloro vivono in famiglie con un reddito equivalente inferiore al 60 per cento del reddito equivalente mediano disponibile, dopo i trasferimenti sociali. Le persone in condizioni di grave deprivazione materiale e sociale (indicatore Europa 2030) sono coloro che vivono in famiglie che registrano almeno sette segnali di deprivazione materiale e sociale su una lista di tredici (sette relativi alla famiglia e sei relativi all'individuo). Le persone che vivono in famiglie a intensità lavorativa molto bassa (indicatore Europa 2030) sono coloro che vivono in famiglie per le quali il rapporto fra il numero totale di mesi lavorati dai componenti della famiglia durante l'anno di riferimento dei redditi (quello precedente all'anno di rilevazione) e il numero totale di mesi teoricamente disponibili per attività lavorative è inferiore a 0,20."
361;Minori a rischio di povertà o esclusione sociale - Europa 2030 (totale);Minori a rischio di povertà o esclusione sociale - Europa 2030 (totale);;REGIONI;2004;2024;Annuale;Fonte: Istat;"L'indicatore è dato dalla somma dei minori (0-17 anni) che si trovano in almeno una delle seguenti tre condizioni: 1) vivono in famiglie a rischio di povertà; 2) vivono in famiglie in condizioni di grave deprivazione materiale e sociale (indicatore Europa 2030); 3) vivono in famiglie a bassa intensità di lavoro (indicatore Europa 2030). Le persone sono conteggiate una sola volta anche se sono presenti su più sub-indicatori. Le persone a rischio di povertà sono coloro vivono in famiglie con un reddito equivalente inferiore al 60 per cento del reddito equivalente mediano disponibile, dopo i trasferimenti sociali. Le persone in condizioni di grave deprivazione materiale e sociale (indicatore Europa 2030) sono coloro che vivono in famiglie che registrano almeno sette segnali di deprivazione materiale e sociale su una lista di tredici (sette relativi alla famiglia e sei relativi all'individuo). Le persone che vivono in famiglie a intensità lavorativa molto bassa (indicatore Europa 2030) sono coloro che vivono in famiglie per le quali il rapporto fra il numero totale di mesi lavorati dai componenti della famiglia durante l'anno di riferimento dei redditi (quello precedente all'anno di rilevazione) e il numero totale di mesi teoricamente disponibili per attività lavorative è inferiore a 0,20."
363;Minori a rischio di povertà o esclusione sociale - Europa 2030 (femmine);Minori a rischio di povertà o esclusione sociale - Europa 2030 (femmine);;REGIONI;2004;2024;Annuale;Fonte: Istat;"L'indicatore è dato dalla somma dei minori (0-17 anni) di genere femminile che si trovano in almeno una delle seguenti tre condizioni: 1) vivono in famiglie a rischio di povertà; 2) vivono in famiglie in condizioni di grave deprivazione materiale e sociale (indicatore Europa 2030); 3) vivono in famiglie a bassa intensità di lavoro (indicatore Europa 2030). Le persone sono conteggiate una sola volta anche se sono presenti su più sub-indicatori. Le persone a rischio di povertà sono coloro vivono in famiglie con un reddito equivalente inferiore al 60 per cento del reddito equivalente mediano disponibile, dopo i trasferimenti sociali. Le persone in condizioni di grave deprivazione materiale e sociale (indicatore Europa 2030) sono coloro che vivono in famiglie che registrano almeno sette segnali di deprivazione materiale e sociale su una lista di tredici (sette relativi alla famiglia e sei relativi all'individuo). Le persone che vivono in famiglie a intensità lavorativa molto bassa (indicatore Europa 2030) sono coloro che vivono in famiglie per le quali il rapporto fra il numero totale di mesi lavorati dai componenti della famiglia durante l'anno di riferimento dei redditi (quello precedente all'anno di rilevazione) e il numero totale di mesi teoricamente disponibili per attività lavorative è inferiore a 0,20."
364;Minori a rischio di povertà o esclusione sociale - Europa 2030 (maschi);Minori a rischio di povertà o esclusione sociale - Europa 2030 (maschi);;REGIONI;2004;2024;Annuale;Fonte: Istat;"L'indicatore è dato dalla somma dei minori (0-17 anni) di genere maschile che si trovano in almeno una delle seguenti tre condizioni: 1) vivono in famiglie a rischio di povertà; 2) vivono in famiglie in condizioni di grave deprivazione materiale e sociale (indicatore Europa 2030); 3) vivono in famiglie a bassa intensità di lavoro (indicatore Europa 2030). Le persone sono conteggiate una sola volta anche se sono presenti su più sub-indicatori. Le persone a rischio di povertà sono coloro vivono in famiglie con un reddito equivalente inferiore al 60 per cento del reddito equivalente mediano disponibile, dopo i trasferimenti sociali. Le persone in condizioni di grave deprivazione materiale e sociale (indicatore Europa 2030) sono coloro che vivono in famiglie che registrano almeno sette segnali di deprivazione materiale e sociale su una lista di tredici (sette relativi alla famiglia e sei relativi all'individuo). Le persone che vivono in famiglie a intensità lavorativa molto bassa (indicatore Europa 2030) sono coloro che vivono in famiglie per le quali il rapporto fra il numero totale di mesi lavorati dai componenti della famiglia durante l'anno di riferimento dei redditi (quello precedente all'anno di rilevazione) e il numero totale di mesi teoricamente disponibili per attività lavorative è inferiore a 0,20."
365;Persone in condizioni di grave deprivazione materiale e sociale - Europa 2030 (totale);Persone in condizioni di grave deprivazione materiale e sociale - Europa 2030 (totale);;REGIONI;2004;2024;Annuale;Fonte: Istat;"L'indicatore è dato dal numero di persone che registrano almeno sette segnali di deprivazione materiale e sociale su una lista di tredici (sette relativi alla famiglia e sei relativi all'individuo) indicati di seguito. Segnali familiari: 1) non poter sostenere spese impreviste (l'importo di riferimento per le spese impreviste è pari a circa 1/12 del valore della soglia di povertà annuale calcolata con riferimento a due anni precedenti l'indagine); 2) non potersi permettere una settimana di vacanza all'anno lontano da casa; 3) essere in arretrato nel pagamento di bollette, affitto, mutuo o altro tipo di prestito; 4) non potersi permettere un pasto adeguato almeno una volta ogni due giorni, cioè con proteine della carne, del pesce o equivalente vegetariano; 5) non poter riscaldare adeguatamente l'abitazione; 6) non potersi permettere un'automobile; 7) non poter sostituire mobili danneggiati o fuori uso con altri in buono stato. Segnali individuali: 8) non potersi permettere una connessione internet utilizzabile a casa; 9) non poter sostituire gli abiti consumati con capi di abbigliamento nuovi; 10) non potersi permettere due paia di scarpe in buone condizioni per tutti i giorni; 11) non potersi permettere di spendere quasi tutte le settimane una piccola somma di denaro per le proprie esigenze personali; 12) non potersi permettere di svolgere regolarmente attività di svago fuori casa a pagamento; 13) non potersi permettere di incontrare familiari e/o amici per bere o mangiare insieme almeno una volta al mese."
366;Persone in condizioni di grave deprivazione materiale e sociale - Europa 2030 (maschi);Persone in condizioni di grave deprivazione materiale e sociale - Europa 2030 (maschi);;REGIONI;2004;2024;Annuale;Fonte: Istat;"L'indicatore è dato dal numero di persone di genere maschile che registrano almeno sette segnali di deprivazione materiale e sociale su una lista di tredici (sette relativi alla famiglia e sei relativi all'individuo) indicati di seguito. Segnali familiari: 1) non poter sostenere spese impreviste (l'importo di riferimento per le spese impreviste è pari a circa 1/12 del valore della soglia di povertà annuale calcolata con riferimento a due anni precedenti l'indagine); 2) non potersi permettere una settimana di vacanza all'anno lontano da casa; 3) essere in arretrato nel pagamento di bollette, affitto, mutuo o altro tipo di prestito; 4) non potersi permettere un pasto adeguato almeno una volta ogni due giorni, cioè con proteine della carne, del pesce o equivalente vegetariano; 5) non poter riscaldare adeguatamente l'abitazione; 6) non potersi permettere un'automobile; 7) non poter sostituire mobili danneggiati o fuori uso con altri in buono stato. Segnali individuali: 8) non potersi permettere una connessione internet utilizzabile a casa; 9) non poter sostituire gli abiti consumati con capi di abbigliamento nuovi; 10) non potersi permettere due paia di scarpe in buone condizioni per tutti i giorni; 11) non potersi permettere di spendere quasi tutte le settimane una piccola somma di denaro per le proprie esigenze personali; 12) non potersi permettere di svolgere regolarmente attività di svago fuori casa a pagamento; 13) non potersi permettere di incontrare familiari e/o amici per bere o mangiare insieme almeno una volta al mese."
367;Persone in condizioni di grave deprivazione materiale e sociale - Europa 2030 (femmine);Persone in condizioni di grave deprivazione materiale e sociale - Europa 2030 (femmine);;REGIONI;2004;2024;Annuale;Fonte: Istat;"L'indicatore è dato dal numero di persone di genere femminile che registrano almeno sette segnali di deprivazione materiale e sociale su una lista di tredici (sette relativi alla famiglia e sei relativi all'individuo) indicati di seguito. Segnali familiari: 1) non poter sostenere spese impreviste (l'importo di riferimento per le spese impreviste è pari a circa 1/12 del valore della soglia di povertà annuale calcolata con riferimento a due anni precedenti l'indagine); 2) non potersi permettere una settimana di vacanza all'anno lontano da casa; 3) essere in arretrato nel pagamento di bollette, affitto, mutuo o altro tipo di prestito; 4) non potersi permettere un pasto adeguato almeno una volta ogni due giorni, cioè con proteine della carne, del pesce o equivalente vegetariano; 5) non poter riscaldare adeguatamente l'abitazione; 6) non potersi permettere un'automobile; 7) non poter sostituire mobili danneggiati o fuori uso con altri in buono stato. Segnali individuali: 8) non potersi permettere una connessione internet utilizzabile a casa; 9) non poter sostituire gli abiti consumati con capi di abbigliamento nuovi; 10) non potersi permettere due paia di scarpe in buone condizioni per tutti i giorni; 11) non potersi permettere di spendere quasi tutte le settimane una piccola somma di denaro per le proprie esigenze personali; 12) non potersi permettere di svolgere regolarmente attività di svago fuori casa a pagamento; 13) non potersi permettere di incontrare familiari e/o amici per bere o mangiare insieme almeno una volta al mese."
368;Minori in condizione di grave deprivazione materiale e sociale - Europa 2030 (totale);Minori in condizione di grave deprivazione materiale e sociale - Europa 2030 (totale);;REGIONI;2004;2024;Annuale;Fonte: Istat;"L'indicatore è dato dal numero di minori (0-17 anni) che vivono in famiglie che registrano almeno sette segnali di deprivazione materiale e sociale su una lista di tredici (sette relativi alla famiglia e sei relativi all'individuo) indicati di seguito. Segnali familiari: 1) non poter sostenere spese impreviste (l'importo di riferimento per le spese impreviste è pari a circa 1/12 del valore della soglia di povertà annuale calcolata con riferimento a due anni precedenti l'indagine); 2) non potersi permettere una settimana di vacanza all'anno lontano da casa; 3) essere in arretrato nel pagamento di bollette, affitto, mutuo o altro tipo di prestito; 4) non potersi permettere un pasto adeguato almeno una volta ogni due giorni, cioè con proteine della carne, del pesce o equivalente vegetariano; 5) non poter riscaldare adeguatamente l'abitazione; 6) non potersi permettere un'automobile; 7) non poter sostituire mobili danneggiati o fuori uso con altri in buono stato. Segnali individuali: 8) non potersi permettere una connessione internet utilizzabile a casa; 9) non poter sostituire gli abiti consumati con capi di abbigliamento nuovi; 10) non potersi permettere due paia di scarpe in buone condizioni per tutti i giorni; 11) non potersi permettere di spendere quasi tutte le settimane una piccola somma di denaro per le proprie esigenze personali; 12) non potersi permettere di svolgere regolarmente attività di svago fuori casa a pagamento; 13) non potersi permettere di incontrare familiari e/o amici per bere o mangiare insieme almeno una volta al mese."
369;Minori in condizione di grave deprivazione materiale e sociale - Europa 2030 (maschi);Minori in condizione di grave deprivazione materiale e sociale - Europa 2030 (maschi);;REGIONI;2004;2024;Annuale;Fonte: Istat;"L'indicatore è dato dal numero di minori (0-17 anni) di genere maschile che vivono in famiglie che registrano almeno sette segnali di deprivazione materiale e sociale su una lista di tredici (sette relativi alla famiglia e sei relativi all'individuo) indicati di seguito. Segnali familiari: 1) non poter sostenere spese impreviste (l'importo di riferimento per le spese impreviste è pari a circa 1/12 del valore della soglia di povertà annuale calcolata con riferimento a due anni precedenti l'indagine); 2) non potersi permettere una settimana di vacanza all'anno lontano da casa; 3) essere in arretrato nel pagamento di bollette, affitto, mutuo o altro tipo di prestito; 4) non potersi permettere un pasto adeguato almeno una volta ogni due giorni, cioè con proteine della carne, del pesce o equivalente vegetariano; 5) non poter riscaldare adeguatamente l'abitazione; 6) non potersi permettere un'automobile; 7) non poter sostituire mobili danneggiati o fuori uso con altri in buono stato. Segnali individuali: 8) non potersi permettere una connessione internet utilizzabile a casa; 9) non poter sostituire gli abiti consumati con capi di abbigliamento nuovi; 10) non potersi permettere due paia di scarpe in buone condizioni per tutti i giorni; 11) non potersi permettere di spendere quasi tutte le settimane una piccola somma di denaro per le proprie esigenze personali; 12) non potersi permettere di svolgere regolarmente attività di svago fuori casa a pagamento; 13) non potersi permettere di incontrare familiari e/o amici per bere o mangiare insieme almeno una volta al mese."
370;Minori in condizione di grave deprivazione materiale e sociale - Europa 2030 (femmine);Minori in condizione di grave deprivazione materiale e sociale - Europa 2030 (femmine);;REGIONI;2004;2024;Annuale;Fonte: Istat;"L'indicatore è dato dal numero di minori (0-17 anni) di genere femminile che vivono in famiglie che registrano almeno sette segnali di deprivazione materiale e sociale su una lista di tredici (sette relativi alla famiglia e sei relativi all'individuo) indicati di seguito. Segnali familiari: 1) non poter sostenere spese impreviste (l'importo di riferimento per le spese impreviste è pari a circa 1/12 del valore della soglia di povertà annuale calcolata con riferimento a due anni precedenti l'indagine); 2) non potersi permettere una settimana di vacanza all'anno lontano da casa; 3) essere in arretrato nel pagamento di bollette, affitto, mutuo o altro tipo di prestito; 4) non potersi permettere un pasto adeguato almeno una volta ogni due giorni, cioè con proteine della carne, del pesce o equivalente vegetariano; 5) non poter riscaldare adeguatamente l'abitazione; 6) non potersi permettere un'automobile; 7) non poter sostituire mobili danneggiati o fuori uso con altri in buono stato. Segnali individuali: 8) non potersi permettere una connessione internet utilizzabile a casa; 9) non poter sostituire gli abiti consumati con capi di abbigliamento nuovi; 10) non potersi permettere due paia di scarpe in buone condizioni per tutti i giorni; 11) non potersi permettere di spendere quasi tutte le settimane una piccola somma di denaro per le proprie esigenze personali; 12) non potersi permettere di svolgere regolarmente attività di svago fuori casa a pagamento; 13) non potersi permettere di incontrare familiari e/o amici per bere o mangiare insieme almeno una volta al mese."
371;Persone che vivono in situazioni di sovraffollamento abitativo, in abitazioni prive di alcuni servizi e con problemi strutturali;Persone che vivono in situazioni di sovraffollamento abitativo, in abitazioni prive di alcuni servizi e con problemi strutturali;Individui che vivono in situazioni di sovraffollamento abitativo, in abitazioni prive di alcuni servizi e con problemi strutturali, Popolazione residente;REGIONI;2004;2024;Annuale;Fonte: Istat;
372;Indice di domanda culturale dei musei e istituti similari statali e non statali;Indice di domanda culturale dei musei e istituti similari statali e non statali;Visitatori di musei e istituti similari (statali e non statali), Musei e istituti similari aperti al pubblico (statali e non statali);REGIONI;2011;2022;Annuale;Fonte: Istat;L'indagine sugli istituti di antichità e d'arte e i luoghi della cultura non statali è una rilevazione a carattere censuario promossa dal Dipartimento per le Politiche di Sviluppo (DPS) del Ministero dello Sviluppo economico e condotta nel 2007 dall'Istituto nazionale di statistica in collaborazione con il Ministero per i Beni e le Attività Culturali, le Regioni e le Province Autonome. L'indagine sui musei, le aree archeologiche e i monumenti in Italia è stata replicata nel 2012 e nel 2016 tracciando un quadro complessivo non solo dei musei presenti in Italia, ma anche degli altri istituti similari a carattere museale pubblici o privati, statali e non statali. Per approfondimenti si rimanda a: http://www3.istat.it/dati/dataset/20090721_00/ , http://www.istat.it/it/archivio/105061 e https://www.istat.it/it/archivio/194402. Dal 2018, nell'ambito della Convenzione stipulata tra l'Istat e l'Autorità di Gestione del PON Governance e Capacità istituzionale 2014-2020, l'indagine sui Musei e gli Istituti similari ha assunto carattere annuale. Per approfondimenti si rimanda a: https://www.istat.it/it/cultura-comunicazione-viaggi
373;Consumi di energia elettrica della PA per ULA;Consumi di energia elettrica della PA misurati in GWh per centomila ULA della PA (media annua in migliaia);Consumi di energia elettrica della PA, Ula della PA;REGIONI;2001;2023;Annuale;"Fonte: elaborazioni Istat su dati Terna Spa; Istat";
374;Consumi di energia elettrica per illuminazione pubblica per superficie dei centri abitati;Consumi di energia elettrica per illuminazione pubblica misurati in GWh per superficie dei centri abitati misurata in km2 (valori espressi in centinaia);Consumi di energia elettrica per illuminazione pubblica, Superficie dei centri abitati;REGIONI;2011;2024;Annuale;"Fonte: elaborazioni Istat su dati Terna Spa; Istat";
375;Consumi di energia elettrica delle imprese dell'agricoltura;Consumi di energia elettrica delle imprese dell'agricoltura misurati in Gwh per cento milioni di euro di Valore aggiunto dell'agricoltura (valori concatenati - anno di riferimento 2020);Consumi di energia elettrica delle imprese dell'agricoltura, Valore aggiunto agricoltura, silvicoltura e pesca (prezzi correnti), Valore aggiunto agricoltura, silvicoltura e pesca (prezzi anno precedente);REGIONI;2001;2023;Annuale;"Fonte: elaborazioni Istat su dati Terna Spa; Istat";
376;Consumi di energia elettrica delle imprese dell'industria;Consumi di energia elettrica delle imprese dell'industria misurati in Gwh per cento milioni di euro di Valore aggiunto dell'industria (valori concatenati - anno di riferimento 2020);Consumi di energia elettrica delle imprese dell'industria, Valore aggiunto Industria in senso stretto e Costruzioni (prezzi correnti), Valore aggiunto Industria in senso stretto e Costruzioni (prezzi anno precedente);REGIONI;2001;2023;Annuale;"Fonte: elaborazioni Istat su dati Terna Spa; Istat";
377;Consumi di energia elettrica delle imprese private del terziario (esclusa la PA);Consumi di energia elettrica delle imprese del terziario servizi vendibili misurati in Gwh per cento milioni di euro di Valore aggiunto del terziario (esclusa la PA) (valori concatenati - anno di riferimento 2020);Consumi di energia elettrica delle imprese del terziario servizi vendibili, Valore aggiunto delle imprese del terziario (esclusa la PA) (prezzi correnti), Valore aggiunto delle imprese del terziario (esclusa la PA) (prezzi anno precedente);REGIONI;2001;2023;Annuale;"Fonte: elaborazioni Istat su dati Terna Spa; Istat";
378;Consumi di energia coperti da cogenerazione;Produzione lorda di energia elettrica da cogenerazione in percentuale sui consumi interni lordi di energia elettrica misurati in GWh;Produzione lorda di energia elettrica da cogenerazione, Consumo interno lordo di energia elettrica;REGIONI;2010;2024;Annuale;Fonte: elaborazioni Istat su dati Terna Spa;
379;Consumi di energia elettrica coperti con produzione da bioenergie;Produzione lorda di energia elettrica da bioenergie in percentuale dei consumi interni lordi di energia elettrica misurati in GWh;Produzione lorda di energia elettrica da bioenergie, Consumo interno lordo di energia elettrica;REGIONI;2007;2024;Annuale;Fonte: elaborazioni Istat su dati Terna Spa;
381;Emissioni di gas a effetto serra in agricoltura;(Tep CO2 /1000);;REGIONI;2010;2019;Quinquennale;Fonte: Ispra;
382;Emissioni di gas a effetto serra del settore energetico;(Tep CO2 /1000);;REGIONI;2010;2019;Quinquennale;Fonte: Ispra;
383;Emissioni di gas a effetto serra da trasporti stradali (Teq. CO2);Emissioni di CO2 in tonnellate equivalenti petrolio del settore dei trasporti;;REGIONI;2010;2019;Quinquennale;Fonte: Ispra;
384;Gestione dei siti contaminati;Siti con procedimento amministrativo concluso rispetto al totale dei siti oggetto di procedimento di bonifica;Totale siti con procedimento amministrativo concluso, Totale siti oggetto di procedimento amministrativo di bonifica;REGIONI;2017;2020;Annuale;ISPRA;
385;Dispersione della rete di distribuzione;Differenza tra acqua immessa e acqua erogata sul totale dell'acqua immessa nella rete di distribuzione comunale;Acqua immessa, Acqua erogata;REGIONI;1999;2018;Quadriennale;Fonte: Istat;
386;Corpi idrici in buono stato chimico di qualità;Numero di corpi idrici con acque sotterranee in buono stato di qualità chimico in percentuale sul numero dei campioni osservati;Numero di corpi idrici con acque sotterranee in buono stato di qualità chimico, Numero dei campioni osservati;REGIONI;2016;2016;Annuale;Fonte: elaborazioni Istat su dati ISPRA;
387;Dinamica dei litorali in erosione;Lunghezza delle coste in erosione in percentuale della lunghezza totale delle coste basse;Lunghezza delle coste in erosione, Lunghezza totale delle coste basse;REGIONI;2006;2019;Occasionale;Fonte: elaborazioni Istat su dati ISPRA;
388;Dinamica dei litorali in avanzamento;Lunghezza delle coste in avanzamento in percentuale della lunghezza totale delle coste basse;Lunghezza delle coste in avanzamento, Lunghezza totale delle coste basse;REGIONI;2006;2019;Occasionale;Fonte: elaborazioni Istat su dati ISPRA;
389;Dinamica dei litorali stabili;Lunghezza delle coste stabili in percentuale della lunghezza totale delle coste basse;Lunghezza delle coste stabili, Lunghezza totale delle coste basse;REGIONI;2006;2019;Occasionale;Fonte: elaborazioni Istat su dati ISPRA;
390;Costa non definita;Lunghezza di costa non definita in percentuale della lunghezza totale delle coste basse;Lunghezza della costa non definita, Lunghezza totale delle coste basse;REGIONI;2006;2019;Occasionale;Fonte: elaborazioni Istat su dati ISPRA;
391;Resilienza ai Terremoti degli Insediamenti, per assenza del piano di emergenza;Numero di Comuni per classe di mitigazione del rischio sismico che non hanno piano di emergenza in percentuale sul totale dei comuni;Numero di comuni per regione che non hanno piano di emergenza per il rischio sismico, Numero di comuni per regione;REGIONI;2014;2016;Occasionale;Fonte: elaborazioni Istat su dati Dipartimento Protezione Civile;
392;Resilienza ai Terremoti degli Insediamenti, per presenza del piano di emergenza;Numero di Comuni per classe di mitigazione del rischio sismico con almeno il piano di emergenza in percentuale sul totale dei comuni;Numero di comuni per regione con almeno il piano di emergenza per il rischio sismico, Numero di comuni per regione;REGIONI;2014;2016;Occasionale;Fonte: elaborazioni Istat su dati Dipartimento Protezione Civile;
393;Resilienza ai Terremoti degli Insediamenti, per presenza di microzonazione sismica;Numero di Comuni per classe di mitigazione del rischio sismico con piano di emergenza e studi di microzonazione sismica in percentuale sul totale dei comuni;Numero di comuni per regione con almeno il piano di emergenza e studi di microzonazione sismica di livello L1 o L2 e L3, Numero di comuni per regione;REGIONI;2014;2016;Occasionale;Fonte: elaborazioni Istat su dati Dipartimento Protezione Civile;
394;Resilienza ai Terremoti degli Insediamenti, per presenza di analisi della CLE;Numero di Comuni per classe di mitigazione del rischio sismico con piano di emergenza e analisi delle Condizioni Limite di Emergenza in percentuale sul totale dei comuni;Numero di comuni per regione con piano di emergenza e analisi delle Condizioni Limite di Emergenza, Numero di comuni per regione;REGIONI;2014;2016;Occasionale;Fonte: elaborazioni Istat su dati Dipartimento Protezione Civile;
395;Comuni nei quali non è applicabile l'indicatore di resilienza ai terremoti per assenza di dati;Numero di Comuni in assenza di dati sulla classe di rischio sismico in percentuale sul totale dei comuni;Numero di comuni per regione in cui non è stata fatta classificazione per il rischio sismico, Numero di comuni per regione;REGIONI;2014;2016;Occasionale;Fonte: elaborazioni Istat su dati Dipartimento Protezione Civile;
396;Tasso di natalità delle imprese nei settori ad alta intensità di conoscenza;Imprese nate nell'anno t nei settori ad alta intensità di conoscenza in percentuale del numero di imprese attive nell'anno t negli stessi settori;Imprese nate nell'anno t nei settori ad alta intensità di conoscenza, Imprese attive nell'anno t nei settori ad alta intensità di conoscenza;REGIONI;2004;2023;Annuale;Fonte: elaborazioni su dati Istat ASIA demografia d'impresa;"Fino all'anno 2006 si utilizza la classificazione Ateco2002; a partire dall'anno 2007 è utilizzata la classificazione Ateco2007."
397;Tasso di sopravvivenza a tre anni delle imprese nei settori ad alta intensità di conoscenza;Imprese nate nell'anno t nei settori ad alta intensità di conoscenza e sopravvissute all'anno t+3 in percentuale del numero di imprese nate nell'anno t nei settori ad alta intensità di conoscenza;Imprese nate nell'anno t nei settori ad alta intensità di conoscenza e sopravvissute all'anno t+3, Imprese nate nell'anno t nei settori ad alta intensità di conoscenza;REGIONI;2007;2023;Annuale;Fonte: elaborazioni su dati Istat ASIA demografia d'impresa;"Fino all'anno 2006 si utilizza la classificazione Ateco2002; a partire dall'anno 2007 è utilizzata la classificazione Ateco2007."
398;Addetti delle nuove imprese;Addetti delle imprese nate nell'ultimo triennio in percentuale su addetti totali;Addetti delle imprese nate nell'ultimo triennio, Addetti totali delle imprese nel triennio;REGIONI;2006;2023;Annuale;Fonte: elaborazioni su dati Istat ASIA demografia d'impresa;
399;Addetti alle imprese e alle istituzioni non profit che svolgono attività a contenuto sociale;Numero di addetti delle UL delle imprese che svolgono attività a contenuto sociale + numero di addetti e lavoratori esterni delle istituzioni non profit sulla popolazione residente (per mille abitanti);Numero di addetti delle UL delle imprese che svolgono attività a contenuto sociale e numero di addetti e lavoratori esterni delle UL delle istituzioni non profit, Popolazione residente al 31 dicembre;REGIONI;2011;2015;Occasionale;Fonte: Istat;
400;Imprese e istituzioni non profit che svolgono attività a contenuto sociale;UL delle imprese che svolgono attività a contenuto sociale + Istituzioni non profit sulla popolazione residente (per mille abitanti);UL delle imprese che svolgono attività a contenuto sociale e Istituzioni non profit, Popolazione residente al 31 dicembre;REGIONI;2011;2015;Occasionale;Istat, Censimento industria, istituzioni pubbliche e non profit 2011, Censimento permanente delle istituzioni non profit 2015, Archivio statistico delle imprese attive (Unità locali, 2015), Bilancio demografico;
401;Imprenditorialità giovanile (totale);Titolari di imprese individuali con meno di trent'anni in percentuale sul totale dei titolari di imprese individuali iscritti nei registri delle Camere di Commercio italiane (totale);Titolari di imprese individuali con meno di trent'anni iscritti nei registri delle Camere di Commercio italiane, Titolari di imprese individuali iscritti nei registri delle Camere di Commercio italiane (totale);REGIONI;2000;2023;Annuale;Fonte: elaborazioni Istat su dati Infocamere Movimprese;
402;Imprenditorialità femminile;Titolari di imprese individuali donne in percentuale sul totale dei titolari di imprese individuali iscritti nei registri delle Camere di Commercio italiane;Donne titolari di imprese individuali iscrittre nei registri delle Camere di Commercio italiane, Titolari di imprese individuali iscritti nei registri delle Camere di Commercio italiane (totale);REGIONI;2000;2023;Annuale;Fonte: elaborazioni Istat su dati Infocamere Movimprese;
403;Cohesion Open Government Index su trasparenza, partecipazione e collaborazione nelle politiche di coesione;Numero indice su trasparenza, partecipazione e collaborazione nelle politiche di coesione (base Italia 2013=100);;REGIONI;2013;2013;Annuale;Fonte: Dipartimento per le politiche di coesione della Presidenza del Consiglio dei Ministri;
405;Progetti e interventi che rispettano i crono-programmi di attuazione e un tracciato unico completo;Progetti e interventi che rispettano i crono-programmi di attuazione e un tracciato unico completo;;REGIONI;2013;2013;Annuale;IGRUE, Sistema di Monitoraggio Unitario;
406;Ritardo nei tempi di attuazione delle opere pubbliche;Quota di interventi con tempi di attuazione superiori ai valori di riferimento indicati da VISTO;;REGIONI;2013;2013;Annuale;Fonte: Sistema VISTO;
407;Tasso di occupazione giovanile (totale);Persone occupate (15-29 anni) in percentuale sulla popolazione nella corrispondente classe di età (media annua) (totale);Occupati 15-29 anni (in migliaia), Popolazione 15-29 anni;REGIONI;2018;2025;Annuale;Fonte: Istat;
408;Tasso giovani NEET (totale);Giovani tra i 15 e i 29 anni non occupati né inseriti in un percorso di istruzione/formazione in percentuale sulla popolazione nella corrispondente classe di età (media annua) (totale);Giovani 15-29 anni non occupati né inseriti in percorsi di istruzione e formazione (in migliaia), Popolazione 15-29 anni per NEET (in migliaia);REGIONI;2018;2024;Annuale;Fonte: Istat;
409;Incidenza dei diplomati nei percorsi di istruzione tecnica e professionale sul totale dei diplomati;Numero di diplomati (totale) presso i percorsi di istruzione tecnica e professionale sul totale dei diplomati;;REGIONI;2013;2021;Annuale;Fonte: MIUR;
410;Sicurezza degli edifici scolastici;Sicurezza degli edifici scolastici;;REGIONI;2012;2012;Annuale;Fonte: MIUR, Anagrafe edilizia scolastica.;
411;Disponibilità di nuove tecnologie per fini didattici;Disponibilità di nuove tecnologie per fini didattici;;REGIONI;2014;2014;Annuale;Fonte: MIUR;
412;Scuole che hanno aderito al Sistema Nazionale di Valutazione (VALES);Scuole che hanno aderito al Sistema Nazionale di Valutazione (VALES);;REGIONI;2014;2014;Annuale;Fonte: MIUR;
413;Quota valore fidi globali fra 30.000 e 500.000 euro utilizzati dalle imprese;Quota valore fidi globali fra 30.000 e 500.000 euro utilizzati dalle imprese;Valore dei fidi globali fra 30.000 e 500.000 euro utilizzati da imprese, Valore complessivo dei fidi globali utilizzati dalle imprese;REGIONI;1996;2021;Annuale;Fonte: elaborazioni Istat su dati Banca d'Italia;
414;Presa in carico di tutti gli utenti dei servizi per l'infanzia;Bambini tra zero e fino al compimento dei 3 anni che hanno usufruito dei servizi per l'infanzia (asilo nido, micronidi, o servizi integrativi e innovativi) sul totale della popolazione in età 0-2 anni (percentuale);Bambini tra zero e fino al compimento dei 3 anni che hanno usufruito dei servizi per l'infanzia (asilo nido, micronidi, o servizi integrativi e innovativi), Popolazione residente in età 0-3 anni;REGIONI;2004;2023;Annuale;Fonte: Istat;"L'asilo nido è un servizio rivolto alla prima infanzia (0-3 anni), finalizzato a promuovere lo sviluppo psico-fisico, cognitivo, affettivo e sociale del bambino e ad offrire sostegno alle famiglie nel loro compito educativo, aperto per almeno 5 giorni e almeno 6 ore al giorno per un periodo di almeno 10 mesi all'anno. Rientrano sotto questa tipologia gli asili nido, i micronidi, gli asili nido aziendali, le sezioni 24-36 mesi aggregate alle scuole dell'infanzia (sezioni primavera) e i nidi integrati.Nella categoria dei servizi integrativi rientrano i servizi educativi realizzati in contesto domiciliare, gli spazi gioco e i centri bambini genitori, rivolti a bambini da 0 a 3 anni. Sono compresi i contributi per il servizio di ""Tagesmutter""."
415;Anziani trattati in assistenza domiciliare socio-assistenziale;Anziani trattati in assistenza domiciliare socio-assistenziale sul totale della popolazione anziana (65 anni e oltre) (percentuale);;REGIONI;2003;2022;Annuale;Fonte: Istat;
416;Ricercatori occupati nelle imprese sul totale degli addetti (totale);Numero di ricercatori in percentuale sul numero di addetti;Ricercatori nelle imprese, Addetti alle imprese di industria e servizi;REGIONI;2010;2021;Annuale;Fonte: Istat;"I ""Ricercatori"" includono scienziati, ingegneri e specialisti delle varie discipline scientifiche impegnati nell'ideazione e nella creazione di nuove conoscenze, prodotti e processi, metodi e sistemi, inclusi anche i manager e gli amministratori responsabili della pianificazione o direzione di un progetto di ricerca."
417;Imprese che hanno svolto attività di R&S in collaborazione con soggetti esterni;Imprese che hanno svolto attività di R&S in collaborazione con soggetti esterni sul totale delle imprese che svolgono R&S (%);;REGIONI;2010;2022;Annuale;Fonte: Istat;
418;Incidenza della spesa per R&S del settore privato sul PIL;Spesa per R&S del settore privato (imprese e istituzioni private non profit) in percentuale sul PIL (a prezzi correnti);Spesa per R&S del settore privato (imprese e istituzioni private non profit), PIL (valori correnti);REGIONI;2002;2022;Annuale;Fonte: Istat;
419;Specializzazione produttiva nei settori ad alta tecnologia (totale);Occupati nei settori manifatturieri ad alta tecnologia e nei settori dei servizi ad elevata intensità di conoscenza e ad alta tecnologia in percentuale sul totale degli occupati (totale);Occupati nei settori ad alta tecnologia (totale), Occupati (totale);REGIONI;2008;2025;Annuale;Fonte: elaborazioni Istat su dati Eurostat;"I ""settori ad alta tecnologia"", secondo la definizione Eurostat basata sulla classificazione Nace Rev. 2, sono i seguenti: - per la manifattura, le ""High-technology manufacturing industries"": divisioni 21, 26, 30.3 - per i servizi, gli ""High-tech knowledge-intensive services"": divisioni da 59 a 63 e divisione 72"
420;Specializzazione produttiva nei settori ad alta tecnologia (maschi);Occupati nei settori manifatturieri ad alta tecnologia e nei settori dei servizi ad elevata intensità di conoscenza e ad alta tecnologia in percentuale sul totale degli occupati (maschi);Occupati nei settori ad alta tecnologia (maschi), Occupati (maschi);REGIONI;2008;2025;Annuale;Fonte: elaborazioni Istat su dati Eurostat;"I ""settori ad alta tecnologia"", secondo la definizione Eurostat basata sulla classificazione Nace Rev. 2, sono i seguenti: - per la manifattura, le ""High-technology manufacturing industries"": divisioni 21, 26, 30.3 - per i servizi, gli ""High-tech knowledge-intensive services"": divisioni da 59 a 63 e divisione 72"
421;Specializzazione produttiva nei settori ad alta tecnologia (femmine);Occupati nei settori manifatturieri ad alta tecnologia e nei settori dei servizi ad elevata intensità di conoscenza e ad alta tecnologia in percentuale sul totale degli occupati (femmine);Occupati nei settori ad alta tecnologia (femmine), Occupati (femmine);REGIONI;2008;2025;Annuale;Fonte: elaborazioni Istat su dati Eurostat;"I ""settori ad alta tecnologia"", secondo la definizione Eurostat basata sulla classificazione Nace Rev. 2, sono i seguenti: - per la manifattura, le ""High-technology manufacturing industries"": divisioni 21, 26, 30.3 - per i servizi, gli ""High-tech knowledge-intensive services"": divisioni da 59 a 63 e divisione 72"
422;Copertura con banda ultralarga ad almeno 30 Mbps;Popolazione coperta con banda ultralarga ad almeno 30 Mbps in percentuale sulla popolazione residente;;REGIONI;2013;2015;Annuale;Fonte: elaborazioni Istat su dati Ministero dello Sviluppo Economico;
423;Copertura con banda ultralarga a 100 Mbps;Popolazione coperta con banda ultralarga a 100 Mbps in percentuale sulla popolazione residente;;REGIONI;2013;2015;Annuale;Fonte: elaborazioni Istat su dati Ministero dello Sviluppo Economico;
424;Comuni con servizi pienamente interattivi;Numero di Comuni con servizi pienamente interattivi in percentuale sul totale dei Comuni;;REGIONI;2012;2022;Triennale;Fonte: Istat;Comuni con servizi pienamente interattivi sono quelli che consentono l'avvio e la conclusione per via telematica dell'intero iter relativo al servizio richiesto
425;Cittadini che utilizzano il Fascicolo Sanitario Elettronico;Persone di 14 anni e più che hanno usato Internet negli ultimi 12 mesi per accedere al Fascicolo Sanitario Elettronico sul totale delle persone di 14 anni e più che hanno usato Internet negli ultimi 12 mesi per relazionarsi per uso privato con la PA o con i gestori dei servizi pubblici;Persone di 14 anni e più che hanno usato Internet negli ultimi 12 mesi per accedere al Fascicolo Sanitario Elettronico, Persone di 14 anni e più che hanno usato Internet negli ultimi 12 mesi per relazionarsi per uso privato con la PA o con i gestori dei servizi pubblici;REGIONI;2014;2015;Annuale;Fonte: Istat;Per utilizzo del fascicolo sanitario elettronico si intende anche la ricerca di informazioni.
426;Grado di utilizzo di Internet nelle famiglie negli ultimi 12 mesi;Persone di 6 anni e più che hanno usato Internet negli ultimi 12 mesi in percentuale sulla popolazione della stessa classe di età;Persone di 6 anni e più che hanno usato Internet negli ultimi 12 mesi, Persone di 6 anni e più (popolazione Multiscopo);REGIONI;2005;2023;Annuale;Fonte: Istat;
427;Disponibilità di wi-fi pubblico nei Comuni;Percentuale di Comuni che forniscono punti di accesso wi-fi gratuiti sul proprio territorio sul totale dei Comuni;;REGIONI;2012;2022;Triennale;Fonte: Istat;
428;Grado di partecipazione dei cittadini attraverso il web a attività politiche e sociali;Persone di 6 anni e più che hanno usato Internet negli ultimi 3 mesi per esprimere opinioni su temi sociali o politici attraverso siti web (es. blog, social network, ecc.) sul totale delle persone di 6 anni e più che hanno usato Internet negli ultimi 3 mesi;Persone di 6 anni e più che hanno usato Internet negli ultimi 3 mesi per esprimere opinioni su temi sociali o politici attraverso siti web (es. blog, social network, ecc.), Persone di 6 anni e più che dichiarano di aver usato Internet negli ultimi 3 mesi;REGIONI;2011;2022;Annuale;Fonte: Istat;
429;Penetrazione della banda ultra larga;Numero di abbonamenti in banda ultra larga in percentuale sulla popolazione residente;;REGIONI;2013;2023;Annuale;Fonte: elaborazioni Istat su dati AGCom;
430;Dipendenti di amministrazioni locali che hanno seguito corsi di formazione ICT;Numero di dipendenti delle Amministrazioni locali che hanno seguito corsi di formazione ICT in percentuale sul totale dei dipendenti (totale);;REGIONI;2007;2022;Triennale;Fonte: Istat;
431;Grado di apertura commerciale del comparto manifatturiero;Export totale dell'industria manifatturiera + Import di beni intermedi dell'industria manifatturiera in percentuale del PIL (Valori in euro correnti);Export totale dell'industria manifatturiera, Import di beni intermedi dell'industria manifatturiera, PIL (valori correnti);REGIONI;2010;2019;Annuale;Fonte: Istat;
432;Imprese che hanno svolto attività di R&S utilizzando infrastrutture di ricerca e altri servizi alla R&S da soggetti pubblici o privati;Imprese che hanno svolto attività di R&S utilizzando infrastrutture di ricerca e altri servizi alla R&S da soggetti pubblici o privati sul totale delle imprese con attività di R&S intra-muros (%);Imprese che hanno svolto attività di R&S utilizzando infrastrutture di ricerca e altri servizi alla R&S da soggetti pubblici o privati, Imprese con attività di R&S intra-muros;REGIONI;2013;2022;Annuale;Fonte: Istat;"I c.d. ""servizi di supporto alla R&S"" considerati nell'indicatore riguardano l'utilizzo di infrastrutture di ricerca di proprietà di altri soggetti pubblici o privati (es. apparecchiature ed equipaggiamenti scientifici, facilities di calcolo e sperimentazione, siti di verifica e test, archivi e raccolte di dati o materiali scientifici, ecc.), nonché l'acquisizione di servizi di consulenza tecnica e organizzativa, la disponibilità di terreni ed edifici, il supporto nell'individuazione e utilizzo di servizi finanziari per le attività di ricerca."
434;Utilizzo dell'e-government da parte delle imprese;Percentuale di imprese che hanno avuto rapporti online con la PA;Numero di imprese che hanno avuto rapporti online con la PA, Numero totale di imprese con 10 addetti e oltre;REGIONI;2015;2023;Annuale;Fonte: Istat;Le attività considerate nei rapporti online con la PA sono le seguenti: Adempimenti e procedure per il lavoro (INPS/INAIL), Dichiarazione dei redditi dell'impresa, Dichiarazione IVA, Sportello Unico per le Attività Produttive (permessi di costruire, dichiarazione di inizio attività, ecc.), Adempimenti e procedure in materia edilizia, Dichiarazioni doganali (dazi, accise), comunicazioni Intrastat, Partecipazione a gare d'appalto e bandi on-line della PA, Utilizzo della fatturazione elettronica con la PA, Utilizzo della PEC per interagire con la PA.
435;Quota di lavoratori che percepiscono sussidi di politica del lavoro passiva: Cassa integrazione e Contratti di solidarietà;Quota percentuale di posizioni lavorative per le quali sono stati erogati sussidi da Cassa integrazione guadagni o sottoscritti Contratti di solidarietà sul totale delle posizioni lavorative;Posizioni lavorative per cui sono stati erogati sussidi da Cassa integrazione guadagni o sottoscritti Contratti di solidarietà, Posizioni lavorative totali;REGIONI;2014;2015;Annuale;Elaborazioni su dati INPS;
436;Addetti occupati nelle unità locali delle imprese italiane a controllo estero;Addetti alle unità locali delle imprese italiane a controllo estero in percentuale su addetti totali;Addetti alle unità locali delle imprese italiane a controllo estero, Addetti alle unità locali delle imprese;REGIONI;2007;2019;Annuale;Fonte: Istat;
437;Consumi finali di energia per Unità di lavoro;Consumi finali di energia (elettrica e termica) misurati in KTep per Unità di lavoro totali;Consumi finali lordi di energia, Ula totali;REGIONI;2012;2022;Annuale;"Fonte: elaborazioni Istat su dati GSE ENEA; Istat";
438;Velocità del trasporto pubblico su gomma nei comuni capoluogo di provincia;Velocità commerciale media per km del trasporto pubblico su gomma (autobus e filobus);;REGIONI;2012;2020;Annuale;Istat, Dati ambientali nelle città;
441;Percentuale di habitat con stato di conservazione favorevole;Percentuale di habitat con stato di conservazione favorevole;Habitat favorevoli, Totale habitat;REGIONI;2012;2018;;ISPRA;
442;Superficie delle Aree agricole ad Alto Valore Naturale;Superficie delle Aree agricole ad Alto Valore Naturale in percentuale sulla superficie territoriale regionale;SAU potenzialmente ad alto valore naturale totale, SAU Totale;REGIONI;2010;2010;Occasionale;Fonte: elaborazioni Istat su dati CREA;
443;Tasso di turisticità nei parchi nazionali e regionali;Giornate di presenza (italiani e stranieri) nei comuni in aree terrestri protette nel complesso degli esercizi ricettivi per abitante;Presenze nei Comuni con aree terrestri protette, Popolazione residente media (ai confini dell'epoca) nei Comuni in aree protette.;REGIONI;2007;2018;Annuale;Fonte: Istat;L'indicatore è calcolato a partire dalle presenze turistiche giornaliere nei Comuni la cui superfice ricade nelle aree terrestri protette. Dall'indicatore sono esclusi i Comuni capoluogo di Provincia. La serie storica dal 2007 al 2010 è computata su 2236 Comuni, quella dal 2011 al 2013 su 2537. I Comuni in più tra il 2011-2013 derivano dall'istituzione di nuove aree protette. Per tali motivi, le variazioni tra il 2010 e il 2011 vanno interpretate con cautela tenendo conto di questi cambiamenti. Le aree protette sono state identificate mediante una stima effettuata su elaborazione GIS per le superfici degli anni 2005 e 2010. Dal 2007-2010 si sono presi come riferimento le EUAP (Elenco Ufficiale Aree Protette) valide fino al 2005 mentre dal 2010 al 2013 si sono prese le EUAP 2010. Per il calcolo dell'indicatore sono computati anche i Comuni nei quali non sono rilevabili esercizi ricettivi e/o flussi turistici.
445;Indice di accessibilità verso i nodi urbani e logistici;Indice di accessibilità verso i nodi urbani e logistici;;REGIONI;2013;2013;Occasionale;Elaborazioni Istat;
450;Traffico ferroviario merci generato da porti e interporti;Somma dei treni circolati nell'anno sulla rete del gestore dell'infrastruttura nazionale, aventi come origine o destinazione un porto o un interporto.;;REGIONI;2014;2018;Annuale;Fonte: elaborazioni Istat su dati RFI, Rete Ferroviaria Italiana;
451;Tempo medio di sdoganamento nei porti;Rapporto fra il tempo di sdoganamento complessivo e il numero delle dichiarazioni presentate negli uffici doganali portuali.;;REGIONI;2014;2015;Annuale;Fonte: Agenzia delle Dogane e dei Monopoli;
452;Traffico passeggeri da e per aeroporti su mezzi pubblici collettivi;Traffico passeggeri da e per aeroporti su mezzi pubblici collettivi sul totale dei passegeri imbarcati e sbarcati negli aeroporti;Passeggeri trasportati dal TPL per regione di localizzazione dell'aeroporto, Passeggeri imbarcati e sbarcati dagli aeroporti, per regione di localizzazione dell'aeroporto;REGIONI;2015;2015;Annuale;"Fonte: elaborazioni Istat su dati Ministero delle Infrastrutture e dei trasporti; Istat";
455;Tasso di occupazione della popolazione straniera (totale);Persone straniere occupate in Italia in percentuale sulla popolazione straniera residente in Italia 15-64 anni (totale) (media triennale);;REGIONI;2014;2020;Annuale;Fonte: Istat;
460;Tasso di occupazione nelle aree rurali (15-64 anni);Persone occupate nelle aree rurali in percentuale della popolazione corrispondente (15-64 anni);Numero di Occupati nelle aree rurali (15-64 anni), Popolazione delle aree rurali (15-64 anni);REGIONI;2012;2023;Annuale;Fonte: Istat;
461;Beni confiscati e trasferiti al patrimonio dello stato o degli enti territoriali;(quota percentuale di beni immobili trasferiti al patrimonio dello stato o degli enti territoriali entro due anni dalla definitività della confisca sul totale dei beni immobili trasferiti al patrimonio dello stato o degli enti territoriali nell'anno);Beni immobili trasferiti al patrimonio dello stato o degli enti territoriali entro due anni dalla definitività della confisca, Beni immobili trasferiti al patrimonio dello stato o degli enti territoriali;REGIONI;2015;2015;Annuale;Fonte: elaborazioni Istat su dati Anbsc;
466;Condizione occupazionale dei laureati dopo 1-3 anni dal conseguimento del titolo;Tasso di occupazione dei 20-34enni non più in istruzione/formazione con un titolo di studio terziario conseguito da 1 a 3 anni prima in Italia;Occupati 20-34enni non più in istruzione/formazione con un titolo di studio terziario conseguito da 1 a 3 anni prima in Italia, Individui 20-34enni non più in istruzione/formazione con un titolo di studio terziario conseguito da 1 a 3 anni prima in Italia;REGIONI;2006;2024;Annuale;Fonte: Istat;Si considerano gli individui di età 20-34 anni che non sono più in istruzione/formazione e che hanno conseguito, da 1 a 3 anni prima, una delle seguenti qualifiche: ISCED1997 5-6 (fino al 2013) ISCED2011 5-8 (dal 2014)
469;Grado di utilizzo dell'e-procurement nella PA;Percentuale di bandi di gara sopra soglia con presentazione elettronica dell'offerta sul totale di bandi di gara sopra soglia;Numero di bandi di gara sopra soglia con presentazione elettronica dell'offerta, Numero totale dei bandi di gara sopra soglia;REGIONI;2015;2022;Annuale;Fonte: Istat;
471;Investimenti privati sul PIL;Investimenti privati sul PIL;Investimenti privati (prezzi correnti), Investimenti privati (prezzi anno precedente), PIL (valori correnti), PIL (prezzi dell'anno precedente);REGIONI;1995;2023;Annuale;Fonte: Istat;
475;Tasso di occupazione giovanile (maschi);Persone occupate (15-29 anni) in percentuale sulla popolazione nella corrispondente classe di età (media annua) (maschi);Occupati 15-29 anni (in migliaia) Maschi, Popolazione 15-29 anni maschi;REGIONI;2018;2025;Annuale;Fonte: Istat;
476;Tasso di occupazione giovanile (femmine);Persone occupate (15-29 anni) in percentuale sulla popolazione nella corrispondente classe di età (media annua) (femmine);Occupati 15-29 anni (in migliaia) Femmine, Popolazione 15-29 anni Femmine;REGIONI;2018;2025;Annuale;Fonte: Istat;
477;Tasso giovani NEET (maschi);Giovani tra i 15 e i 29 anni non occupati né inseriti in un percorso di istruzione/formazione in percentuale sulla popolazione nella corrispondente classe di età (media annua) (maschi);Giovani 15-29 anni non occupati né inseriti in percorsi di istruzione e formazione (in migliaia) maschi, Popolazione 15-29 anni per NEET (in migliaia) Maschi;REGIONI;2018;2024;Annuale;Fonte: Istat;
478;Tasso giovani NEET (femmine);Giovani tra i 15 e i 29 anni non occupati né inseriti in un percorso di istruzione/formazione in percentuale sulla popolazione nella corrispondente classe di età (media annua) (femmine);Giovani 15-29 anni non occupati né inseriti in percorsi di istruzione e formazione (in migliaia) Femmine, Popolazione 15-29 anni per NEET (in migliaia) Femmine;REGIONI;2018;2024;Annuale;Fonte: Istat;
481;Tasso di occupazione della popolazione straniera (maschi);Persone straniere occupate in Italia in percentuale sulla popolazione straniera residente in Italia 15-64 anni (maschi);;REGIONI;2014;2020;Annuale;Fonte: Istat;
482;Tasso di occupazione della popolazione straniera (femmine);Persone straniere occupate in Italia in percentuale sulla popolazione straniera residente in Italia 15-64 anni (femmine);;REGIONI;2014;2020;Annuale;Fonte: Istat;
511;Emissioni di gas serra;(tonnellate di CO2 equivalente per abitante);Emissioni totali di CO2, Popolazione residente media;REGIONI;1995;2019;Quinquennale;"Fonte: elaborazioni Istat su dati ISPRA; Istat";
514;Superficie boscata percorsa dal fuoco;Superficie forestale boscata percorsa dal fuoco sul totale della superficie forestale (%);Superficie forestale boscata percorsa da fuoco, Superficie forestale totale;REGIONI;2005;2022;Annuale;Fonte: elaborazioni Istat su dati Corpo Forestale dello Stato;
515;Merce nel complesso della navigazione per tipo di carico - CONTENITORI;Tonnellate di merci sbarcate e imbarcate in modalità CONTENITORI sul totale;Merce nel complesso della navigazione per tipo di carico - CONTENITORI, Merce nel complesso della navigazione;REGIONI;2005;2023;Annuale;Fonte: Istat;
516;Merce nel complesso della navigazione per tipo di carico - RINFUSA LIQUIDA;Tonnellate di merci sbarcate e imbarcate in modalità RINFUSA LIQUIDA sul totale;Merce nel complesso della navigazione per tipo di carico - RINFUSA LIQUIDA, Merce nel complesso della navigazione;REGIONI;2005;2023;Annuale;Fonte: Istat;
517;Merce nel complesso della navigazione per tipo di carico - RINFUSA SOLIDA;Tonnellate di merci sbarcate e imbarcate in modalità RINFUSA SOLIDA sul totale;Merce nel complesso della navigazione per tipo di carico - RINFUSA SOLIDA, Merce nel complesso della navigazione;REGIONI;2005;2023;Annuale;Fonte: Istat;
518;Merce nel complesso della navigazione per tipo di carico - RO-RO;Tonnellate di merci sbarcate e imbarcate in modalità RO-RO sul totale;Merce nel complesso della navigazione per tipo di carico - RO-RO, Merce nel complesso della navigazione;REGIONI;2005;2023;Annuale;Fonte: Istat;
519;Merce nel complesso della navigazione per tipo di carico - ALTRO CARICO;Tonnellate di merci sbarcate e imbarcate in modalità ALTRO CARICO sul totale;Merce nel complesso della navigazione per tipo di carico - ALTRO CARICO, Merce nel complesso della navigazione;REGIONI;2005;2023;Annuale;Fonte: Istat;
523;Quota degli addetti nei settori ad alta intensità di conoscenza nelle imprese dell'industria e dei servizi;Addetti nei settori ad alta intensità di conoscenza in percentuale sul totale addetti, nelle unità locali delle imprese dell'industria e dei servizi;Addetti alle unità locali delle imprese nei settori ad alta intensità di conoscenza, Addetti alle unità locali delle imprese;REGIONI;2012;2020;Annuale;ASIA unità locali;"I settori ad elevata intensità di conoscenza sono identificati sulla base della presenza di occupazione qualificata su scala europea: rientrano in questo gruppo le attività in cui almeno il 33 per cento degli addetti sono in possesso di un titolo di istruzione terziaria (Isced 5 o 6). Tali settori sono: i) Manifattura: divisioni 21, 26, 30.3 della Nace Rev.2; ii) Servizi : divisioni 50, 51, 58-63, 64-66, 69-75, 78,80 della Nace Rev.2."
530;Quota di lavoratori che percepiscono sussidi di politica del lavoro passiva: Indennità di disoccupazione e Assicurazione sociale per l'impiego;Quota percentuale di lavoratori che percepiscono sussidi da Assicurazione sociale per l'impiego (Aspi) e Indennità di disoccupazione sul totale dei lavoratori;Lavoratori che percepiscono sussidi da Assicurazione sociale per l'impiego (Aspi) e Indennità di disoccupazione, Lavoratori totali;REGIONI;2014;2020;Annuale;Elaborazioni su dati INPS;
539;Coste marine balneabili;Percentuale della lunghezza delle coste balneabili sulla lunghezza totale delle coste (percentuale);Lunghezza coste balneabili, Lunghezza coste totali;REGIONI;2013;2019;Annuale;Elaborazioni Istat su dati del Ministero della Salute;
542;Durata media effettiva in giorni dei procedimenti definiti presso i tribunali ordinari;Durata media effettiva in giorni dei procedimenti definiti presso i tribunali ordinari;Durata media effettiva in giorni dei procedimenti definiti presso i tribunali ordinari;REGIONI;2012;2024;Annuale;fonte: Ministero della Giustizia;
543;Valutazione dei livelli di apprendimento degli studenti della seconda classe primaria in italiano;valori standardizzati ottenuti sottraendo dal punteggio della singola regione la media italiana e dividendo il risultato per la deviazione standard nazionale;;REGIONI;2013;2019;Annuale;Fonte: Invalsi;
544;Corpi idrici in buono stato quantitativo di qualità;Numero di corpi idrici con acque sotterranee in buono stato di qualità quantitativo in percentuale sul numero dei corpi idrici totali;Numero di corpi idrici con acque sotterranee in buono stato di qualità quantitativo, Numero dei campioni osservati;REGIONI;2016;2016;Altro;Ispra;
545;Valutazione dei livelli di apprendimento degli studenti della seconda classe primaria in matematica;Punteggio standardizzato per gli studenti della seconda classe primaria in matematica;;REGIONI;2013;2019;Annuale;Fonte: Invalsi;
546;Valutazione dei livelli di apprendimento degli studenti della quinta classe primaria in italiano;Punteggio standardizzato per gli studenti della quinta classe primaria in italiano;;REGIONI;2013;2019;Annuale;Fonte: Invalsi;
547;Valutazione dei livelli di apprendimento degli studenti della quinta classe primaria in matematica;Punteggio standardizzato per gli studenti della quinta classe primaria in matematica;;REGIONI;2013;2019;Annuale;Fonte: Invalsi;
552;PIL ai prezzi di mercato (valori concatenati);Prodotto interno lordo ai prezzi di mercato (valori concatenati con anno di riferimento 2015) - milioni di euro;PIL (valori correnti), PIL (prezzi dell'anno precedente);REGIONI;1995;2024;Annuale;Fonte: Istat;
553;Consumi finali interni (valori concatenati);Consumi finali interni (valori concatenati con anno di riferimento 2010) - milioni di euro;Consumi finali interni (valori correnti), Consumi finali interni (prezzi dell'anno precedente);REGIONI;1995;2016;Annuale;Fonte: Istat;
554;Spesa per consumi finali delle istituzioni sociali private senza scopo di lucro a servizio delle famiglie (valori concatenati);Spesa per consumi finali delle istituzioni sociali private senza scopo di lucro a servizio delle famiglie (valori concatenati con anno di riferimento 2010) - milioni di euro;Spesa per consumi finali delle istituzioni sociali private senza scopo di lucro al servizio delle famiglie (valori correnti), Spesa per consumi finali delle istituzioni sociali private senza scopo di lucro al servizio delle famiglie (prezzi dell'anno precedente);REGIONI;1995;2016;Annuale;Fonte: Istat;
555;Spesa per consumi finali interni delle famiglie (valori concatenati);Spesa per consumi finali interni delle famiglie (valori concatenati con anno di riferimento 2010i) - milioni di euro;Spesa per consumi finali interni delle famiglie (valori correnti), Spesa per consumi finali interni delle famiglie (prezzi dell'anno precedente);REGIONI;1995;2017;Annuale;Fonte: Istat;
556;Importazioni nette (valori correnti);Importazioni nette (valori correnti) - milioni di euro;Importazioni nette (valori correnti);REGIONI;1995;2021;Annuale;Fonte: Istat;
557;Investimenti fissi lordi (valori concatenati);Investimenti fissi lordi (valori concatenati con anno di riferimento 2010) - milioni di euro;Investimenti fissi lordi (prezzi correnti), Investimenti fissi lordi (prezzi anno precedente);REGIONI;1995;2019;;Fonte: Istat;
558;Spesa consumi finali amministrazioni pubbliche (valori concatenati);Spesa consumi finali amministrazioni pubbliche (valori concatenati con anno di riferimento 2010) - milioni di euro;Spesa consumi finali amministrazioni pubbliche (valori correnti), Spesa consumi finali amministrazioni pubbliche (prezzi dell'anno precedente);REGIONI;1995;2016;Annuale;Fonte: Istat;
559;Variazione delle scorte e acquisizioni meno cessioni di oggetti di valore (valori correnti);Variazione delle scorte e acquisizioni meno cessioni di oggetti di valore (valori correnti) - milioni di euro;Variazione delle scorte e acquisizioni meno cessioni di oggetti di valore (valori correnti);REGIONI;1995;2016;Annuale;Fonte: Istat;
560;Redditi interni da lavoro dipendente (valori correnti);Redditi interni da lavoro dipendente (valori correnti) - milioni di euro;Redditi interni da lavoro dipendente (valori correnti);REGIONI;1995;2017;Annuale;Fonte: Istat;
561;Imposte indirette nette (valori correnti);Imposte indirette nette (valori correnti) - milioni di euro;Imposte indirette nette (valori correnti);REGIONI;1995;2016;Annuale;Fonte: Istat;
562;Risultato lordo di gestione e Reddito misto lordo (valori correnti);Risultato lordo di gestione e Reddito misto lordo (valori correnti) - milioni di euro;Risultato lordo di gestione e reddito misto lordo (valori correnti);REGIONI;1995;2016;Annuale;Fonte: Istat;
563;Ula (migliaia);Unità di lavoro (migliaia);Ula (migliaia);REGIONI;1995;2016;Annuale;Fonte: Istat;
564;Occupati (migliaia);Occupati (migliaia);Occupati (migliaia);REGIONI;1995;2017;Annuale;Fonte: Istat;
568;Valutazione dei livelli di apprendimento degli studenti della quinta classe primaria in inglese reading;Punteggio standardizzato per gli studenti della quinta classe primaria in inglese reading;;REGIONI;2018;2019;;Fonte: Invalsi;
590;Emigrazione ospedaliera in altra regione;Rapporto percentuale tra le dimissioni ospedaliere effettuate in regioni diverse da quella di residenza e il totale delle dimissioni dei residenti nella regione;Emigrazione ospedaliera in altra regione, Ricoveri ordinari acuti di persone residenti effettuati fuori regione, ricoveri ordinari acuti di persone residenti;REGIONI;1999;2023;Biennale;Fonte: elaborazioni Istat su dati Ministero della Salute;
592;Disponibilità di verde urbano;Metri quadrati di verde urbano per abitante nei comuni capoluogo di provincia/città metropolitana.;Superficie di verde urbano nei comuni capoluogo di provincia/città metropolitana, Popolazione residente media nei comuni capoluogho di provincia;REGIONI;2011;2020;Annuale;Fonte: Istat;
593;Quota di unità locali nei settori culturali e creativi sul totale;Unità locali delle imprese nei settori culturali e creativi sul totale delle unità locali (%);Unità locali nei settori culturali e creativi, Totale unità locali;REGIONI;2015;2023;Annuale;Fonte: Istat;"I dati relativi alle imprese attive nei settori culturali e creativi fanno riferimento a un perimetro di attività economiche individuate dal tavolo tecnico congiunto Istat e Nucleo di valutazione e analisi per la programmazione (NUVAP) del Dipartimento per le Politiche di Coesione, Presidenza del Consiglio dei Ministri, nell'ambito del ""Progetto Informazione statistica territoriale e settoriale per le politiche di coesione 2014-2020"" a valere sul PON Governance e Capacità Istituzionale 2014-2020. Il perimetro comprende 91 codici (Ateco 2007, aggiornamento 2022), corrispondenti a diversi livelli di aggregazione e che arrivano fino a 5 cifre. Di questi: 61 si riferiscono ad attività economiche considerate prevalentemente ""Culturali"" e 30 sono classificate invece come ""Creative"". Per approfondimenti sulla metodologia della classificazione utilizzata si rinvia alla ""Nota metodologica"" accessibile dalla BDPS."
594;Quota degli addetti delle imprese nei settori culturali e creativi sul totale;Addetti delle imprese nei settori culturali e creativi sul totale addetti (%);Addetti alle unità locali delle imprese attive nei settori culturali e creativi, Totale addetti unità locali;REGIONI;2015;2023;Annuale;Fonte: Istat;"I dati relativi alle imprese attive nei settori culturali e creativi fanno riferimento a un perimetro di attività economiche individuate dal tavolo tecnico congiunto Istat e Nucleo di valutazione e analisi per la programmazione (NUVAP) del Dipartimento per le Politiche di Coesione, Presidenza del Consiglio dei Ministri, nell'ambito del ""Progetto Informazione statistica territoriale e settoriale per le politiche di coesione 2014-2020"" a valere sul PON Governance e Capacità Istituzionale 2014-2020. Il perimetro comprende 91 codici (Ateco 2007, aggiornamento 2022), corrispondenti a diversi livelli di aggregazione e che arrivano fino a 5 cifre. Di questi: 61 si riferiscono ad attività economiche considerate prevalentemente ""Culturali"" e 30 sono classificate invece come ""Creative"". Per approfondimenti sulla metodologia della classificazione utilizzata si rinvia alla ""Nota metodologica"" accessibile dalla BDPS."
595;Incidenza del valore aggiunto dei settori culturali e creativi sul totale;Valore aggiunto delle imprese nei settori culturali e creativi sul totale delle imprese (%);Valore aggiunto delle imprese attive nei settori culturali e creativi (prezzi correnti), Valore aggiunto a prezzi correnti;REGIONI;2015;2023;Annuale;Fonte: Istat;"I dati relativi alle imprese attive nei settori culturali e creativi fanno riferimento a un perimetro di attività economiche individuate dal tavolo tecnico congiunto Istat e Nucleo di valutazione e analisi per la programmazione (NUVAP) del Dipartimento per le Politiche di Coesione, Presidenza del Consiglio dei Ministri, nell'ambito del ""Progetto Informazione statistica territoriale e settoriale per le politiche di coesione 2014-2020"" a valere sul PON Governance e Capacità Istituzionale 2014-2020. Il perimetro comprende 91 codici (Ateco 2007, aggiornamento 2022), corrispondenti a diversi livelli di aggregazione e che arrivano fino a 5 cifre. Di questi: 61 si riferiscono ad attività economiche considerate prevalentemente ""Culturali"" e 30 sono classificate invece come ""Creative"". Per approfondimenti sulla metodologia della classificazione utilizzata si rinvia alla ""Nota metodologica"" accessibile dalla BDPS."
596;Produttività del lavoro nei settori culturali e creativi;Valore aggiunto delle imprese nei settori culturali e creativi per addetti dello stesso settore;Valore aggiunto delle imprese attive nei settori culturali e creativi (prezzi correnti), Addetti alle unità locali delle imprese attive nei settori culturali e creativi;REGIONI;2015;2023;Annuale;Fonte: Istat;"I dati relativi alle imprese attive nei settori culturali e creativi fanno riferimento a un perimetro di attività economiche individuate dal tavolo tecnico congiunto Istat e Nucleo di valutazione e analisi per la programmazione (NUVAP) del Dipartimento per le Politiche di Coesione, Presidenza del Consiglio dei Ministri, nell'ambito del ""Progetto Informazione statistica territoriale e settoriale per le politiche di coesione 2014-2020"" a valere sul PON Governance e Capacità Istituzionale 2014-2020. Il perimetro comprende 91 codici (Ateco 2007, aggiornamento 2022), corrispondenti a diversi livelli di aggregazione e che arrivano fino a 5 cifre. Di questi: 61 si riferiscono ad attività economiche considerate prevalentemente ""Culturali"" e 30 sono classificate invece come ""Creative"". Per approfondimenti sulla metodologia della classificazione utilizzata si rinvia alla ""Nota metodologica"" accessibile dalla BDPS."
597;Grado di integrazione verticale delle imprese nei settori culturali e creativi;Valore aggiunto delle imprese nei settori culturali e creativi sul fatturato delle imprese degli stessi settori;Valore aggiunto delle imprese attive nei settori culturali e creativi (prezzi correnti), Ricavi delle imprese attive nei settori culturali e creativi;REGIONI;2015;2023;Annuale;Fonte: Istat;"I dati relativi alle imprese attive nei settori culturali e creativi fanno riferimento a un perimetro di attività economiche individuate dal tavolo tecnico congiunto Istat e Nucleo di valutazione e analisi per la programmazione (NUVAP) del Dipartimento per le Politiche di Coesione, Presidenza del Consiglio dei Ministri, nell'ambito del ""Progetto Informazione statistica territoriale e settoriale per le politiche di coesione 2014-2020"" a valere sul PON Governance e Capacità Istituzionale 2014-2020. Il perimetro comprende 91 codici (Ateco 2007, aggiornamento 2022), corrispondenti a diversi livelli di aggregazione e che arrivano fino a 5 cifre. Di questi: 61 si riferiscono ad attività economiche considerate prevalentemente ""Culturali"" e 30 sono classificate invece come ""Creative"". Per approfondimenti sulla metodologia della classificazione utilizzata si rinvia alla ""Nota metodologica"" accessibile dalla BDPS."
598;Incidenza di dipendenti di genere femminile delle imprese nei settori culturali e creativi;Dipendenti di genere femminile delle unità locali delle imprese nei settori culturali e creativi sul totale dei dipendenti dello stesso settore (%);Occupazione femminile nelle imprese attive nei settori culturali e creativi, Totale occupazione delle imprese attive nei settori culturali e creativi;REGIONI;2015;2023;Annuale;Fonte: Istat;"I dati relativi alle imprese attive nei settori culturali e creativi fanno riferimento a un perimetro di attività economiche individuate dal tavolo tecnico congiunto Istat e Nucleo di valutazione e analisi per la programmazione (NUVAP) del Dipartimento per le Politiche di Coesione, Presidenza del Consiglio dei Ministri, nell'ambito del ""Progetto Informazione statistica territoriale e settoriale per le politiche di coesione 2014-2020"" a valere sul PON Governance e Capacità Istituzionale 2014-2020. Il perimetro comprende 91 codici (Ateco 2007, aggiornamento 2022), corrispondenti a diversi livelli di aggregazione e che arrivano fino a 5 cifre. Di questi: 61 si riferiscono ad attività economiche considerate prevalentemente ""Culturali"" e 30 sono classificate invece come ""Creative"". Per approfondimenti sulla metodologia della classificazione utilizzata si rinvia alla ""Nota metodologica"" accessibile dalla BDPS."
599;Incidenza di dipendenti in età giovanile delle imprese nei settori culturali e creativi;Dipendenti in età giovanile (15-29 anni) delle unità locali delle imprese nei settori culturali e creativi sul totale dei dipendenti degli stessi settori (%);Occupazione giovanile delle imprese attive nei settori culturali e creativi, Totale occupazione delle imprese attive nei settori culturali e creativi;REGIONI;2015;2023;Annuale;Fonte: Istat;"I dati relativi alle imprese attive nei settori culturali e creativi fanno riferimento a un perimetro di attività economiche individuate dal tavolo tecnico congiunto Istat e Nucleo di valutazione e analisi per la programmazione (NUVAP) del Dipartimento per le Politiche di Coesione, Presidenza del Consiglio dei Ministri, nell'ambito del ""Progetto Informazione statistica territoriale e settoriale per le politiche di coesione 2014-2020"" a valere sul PON Governance e Capacità Istituzionale 2014-2020. Il perimetro comprende 91 codici (Ateco 2007, aggiornamento 2022), corrispondenti a diversi livelli di aggregazione e che arrivano fino a 5 cifre. Di questi: 61 si riferiscono ad attività economiche considerate prevalentemente ""Culturali"" e 30 sono classificate invece come ""Creative"". Per approfondimenti sulla metodologia della classificazione utilizzata si rinvia alla ""Nota metodologica"" accessibile dalla BDPS."
600;Addetti delle nuove imprese nei settori culturali e creativi;Numero di addetti delle nuove imprese nei settori culturali e creativi nate nel triennio sul totale degli addetti delle imprese degli stessi settori (valore percentuale);Addetti delle nuove imprese nate nei settori culturali e creativi, Totale degli addetti delle imprese attive nei settori culturali e creativi;REGIONI;2015;2023;Annuale;Fonte: Istat;"I dati relativi alle imprese attive nei settori culturali e creativi fanno riferimento a un perimetro di attività economiche individuate dal tavolo tecnico congiunto Istat e Nucleo di valutazione e analisi per la programmazione (NUVAP) del Dipartimento per le Politiche di Coesione, Presidenza del Consiglio dei Ministri, nell'ambito del ""Progetto Informazione statistica territoriale e settoriale per le politiche di coesione 2014-2020"" a valere sul PON Governance e Capacità Istituzionale 2014-2020. Il perimetro comprende 91 codici (Ateco 2007, aggiornamento 2022), corrispondenti a diversi livelli di aggregazione e che arrivano fino a 5 cifre. Di questi: 61 si riferiscono ad attività economiche considerate prevalentemente ""Culturali"" e 30 sono classificate invece come ""Creative"". Per approfondimenti sulla metodologia della classificazione utilizzata si rinvia alla ""Nota metodologica"" accessibile dalla BDPS."
610;Domanda di spettacolo, intrattenimento e sport per abitante;Ingressi a eventi di spettacolo e sport per 100 abitanti;Ingressi agli eventi di spettacolo, intrattenimento e sport, Popolazione residente media;REGIONI;2018;2023;Annuale;"Fonte: Elaborazioni Istat su dati SIAE; Istat";Gli indicatori fanno riferimento alle manifestazioni di spettacolo rilevate dalla Siae inclusive di: spettacoli cinematografici, spettacoli teatrali (teatro, lirica, rivista e commedia, balletto, burattini, circo, varie), concertisti (classica, pop, leggera, jazz), ballo e intrattenimento musicale (discoteche, ballo e intrattenimenti musicali), spettacolo viaggiante (attrazioni itineranti), parchi (parchi da divertimento), mostre e fiere (mostre, fiere) e manifestazioni all'aperto (feste di piazza e eventi) e manifestazioni sportive (sport calcio, sport di squadra non calcio, sport individuali e altri sport). Per favorire una lettura delle attività di spettacolo dal vivo dal punto di vista territoriale, i dati SIAE sono elaborati e diffusi dall'Istat attraverso le classificazioni territoriali statistiche utilizzate per la statistica ufficiale. Gli indicatori si collocano nell'ambito del Protocollo di Intesa MIC-SIAE del 2 marzo 2021, che prevede la condivisione a finalità statistica dei dati aggregati dello spettacolo con l'Istat e con il Nucleo di Valutazione e Analisi per la programmazione (NUVAP) del Dipartimento per le Politiche di coesione della Presidenza del Consiglio dei Ministri con compiti di sostegno metodologico alla misurazione dei risultati delle politiche di coesione.
611;Domanda di spettacolo cinematografico;Ingressi a eventi di spettacolo cinematografico per 100 abitanti;Ingressi ad eventi di spettacolo cinematografico, Popolazione residente media;REGIONI;2018;2024;Annuale;"Fonte: Elaborazioni Istat su dati SIAE; Istat";Gli indicatori fanno riferimento alle manifestazioni di spettacolo rilevate dalla Siae inclusive di: spettacoli cinematografici, spettacoli teatrali (teatro, lirica, rivista e commedia, balletto, burattini, circo, varie), concertisti (classica, pop, leggera, jazz), ballo e intrattenimento musicale (discoteche, ballo e intrattenimenti musicali), spettacolo viaggiante (attrazioni itineranti), parchi (parchi da divertimento), mostre e fiere (mostre, fiere) e manifestazioni all'aperto (feste di piazza e eventi) e manifestazioni sportive (sport calcio, sport di squadra non calcio, sport individuali e altri sport). Per favorire una lettura delle attività di spettacolo dal vivo dal punto di vista territoriale, i dati SIAE sono elaborati e diffusi dall'Istat attraverso le classificazioni territoriali statistiche utilizzate per la statistica ufficiale. Gli indicatori si collocano nell'ambito del Protocollo di Intesa MIC-SIAE del 2 marzo 2021, che prevede la condivisione a finalità statistica dei dati aggregati dello spettacolo con l'Istat e con il Nucleo di Valutazione e Analisi per la programmazione (NUVAP) del Dipartimento per le Politiche di coesione della Presidenza del Consiglio dei Ministri con compiti di sostegno metodologico alla misurazione dei risultati delle politiche di coesione.
612;Domanda di spettacolo sportivo;Ingressi a eventi di spettacolo sportivo per 100 abitanti;Ingressi ad eventi di spettacolo sportivo, Popolazione residente media;REGIONI;2018;2023;Annuale;"Fonte: Elaborazioni Istat su dati SIAE; Istat";Gli indicatori fanno riferimento alle manifestazioni di spettacolo rilevate dalla Siae inclusive di: spettacoli cinematografici, spettacoli teatrali (teatro, lirica, rivista e commedia, balletto, burattini, circo, varie), concertisti (classica, pop, leggera, jazz), ballo e intrattenimento musicale (discoteche, ballo e intrattenimenti musicali), spettacolo viaggiante (attrazioni itineranti), parchi (parchi da divertimento), mostre e fiere (mostre, fiere) e manifestazioni all'aperto (feste di piazza e eventi) e manifestazioni sportive (sport calcio, sport di squadra non calcio, sport individuali e altri sport). Per favorire una lettura delle attività di spettacolo dal vivo dal punto di vista territoriale, i dati SIAE sono elaborati e diffusi dall'Istat attraverso le classificazioni territoriali statistiche utilizzate per la statistica ufficiale. Gli indicatori si collocano nell'ambito del Protocollo di Intesa MIC-SIAE del 2 marzo 2021, che prevede la condivisione a finalità statistica dei dati aggregati dello spettacolo con l'Istat e con il Nucleo di Valutazione e Analisi per la programmazione (NUVAP) del Dipartimento per le Politiche di coesione della Presidenza del Consiglio dei Ministri con compiti di sostegno metodologico alla misurazione dei risultati delle politiche di coesione.
613;Domanda di spettacolo, intrattenimento e sport nei comuni situati in area interna;Ingressi a eventi di spettacolo e sport per 100 abitanti;Ingressi ad eventi di spettacolo, intrattenimento e sport nei comuni situati in area interna, Popolazione residente media nei comuni ad area interna;REGIONI;2018;2023;Annuale;"Fonte: Elaborazioni Istat su dati SIAE; Istat";Gli indicatori fanno riferimento alle manifestazioni di spettacolo rilevate dalla Siae inclusive di: spettacoli cinematografici, spettacoli teatrali (teatro, lirica, rivista e commedia, balletto, burattini, circo, varie), concertisti (classica, pop, leggera, jazz), ballo e intrattenimento musicale (discoteche, ballo e intrattenimenti musicali), spettacolo viaggiante (attrazioni itineranti), parchi (parchi da divertimento), mostre e fiere (mostre, fiere) e manifestazioni all'aperto (feste di piazza e eventi) e manifestazioni sportive (sport calcio, sport di squadra non calcio, sport individuali e altri sport). Per favorire una lettura delle attività di spettacolo dal vivo dal punto di vista territoriale, i dati SIAE sono elaborati e diffusi dall'Istat attraverso le classificazioni territoriali statistiche utilizzate per la statistica ufficiale. Gli indicatori si collocano nell'ambito del Protocollo di Intesa MIC-SIAE del 2 marzo 2021, che prevede la condivisione a finalità statistica dei dati aggregati dello spettacolo con l'Istat e con il Nucleo di Valutazione e Analisi per la programmazione (NUVAP) del Dipartimento per le Politiche di coesione della Presidenza del Consiglio dei Ministri con compiti di sostegno metodologico alla misurazione dei risultati delle politiche di coesione.
614;Incidenza della popolazione residente in comuni senza offerta di spettacolo, intrattenimento e sport;Quota di popolazione residente in comuni senza eventi di spettacolo, intrattenimento e sport sul totale (valore percentuale);Popolazione residente in comuni senza alcuna offerta di spettacolo, intrattenimento e sport, Popolazione residente media;REGIONI;2018;2023;Annuale;"Fonte: Elaborazioni Istat su dati SIAE; Istat";Gli indicatori fanno riferimento alle manifestazioni di spettacolo rilevate dalla Siae inclusive di: spettacoli cinematografici, spettacoli teatrali (teatro, lirica, rivista e commedia, balletto, burattini, circo, varie), concertisti (classica, pop, leggera, jazz), ballo e intrattenimento musicale (discoteche, ballo e intrattenimenti musicali), spettacolo viaggiante (attrazioni itineranti), parchi (parchi da divertimento), mostre e fiere (mostre, fiere) e manifestazioni all'aperto (feste di piazza e eventi) e manifestazioni sportive (sport calcio, sport di squadra non calcio, sport individuali e altri sport). Per favorire una lettura delle attività di spettacolo dal vivo dal punto di vista territoriale, i dati SIAE sono elaborati e diffusi dall'Istat attraverso le classificazioni territoriali statistiche utilizzate per la statistica ufficiale. Gli indicatori si collocano nell'ambito del Protocollo di Intesa MIC-SIAE del 2 marzo 2021, che prevede la condivisione a finalità statistica dei dati aggregati dello spettacolo con l'Istat e con il Nucleo di Valutazione e Analisi per la programmazione (NUVAP) del Dipartimento per le Politiche di coesione della Presidenza del Consiglio dei Ministri con compiti di sostegno metodologico alla misurazione dei risultati delle politiche di coesione.
615;Incidenza della popolazione residente in comuni senza alcuna offerta culturale;Quota di popolazione residente in comuni senza alcuna offerta culturale sul totale (valore percentuale);Popolazione residente in comuni senza alcuna offerta culturale, Popolazione residente media;REGIONI;2019;2022;Annuale;"Fonte: Elaborazioni Istat su dati SIAE; Istat";Gli indicatori fanno riferimento alle manifestazioni di spettacolo rilevate dalla Siae inclusive di: spettacoli cinematografici, spettacoli teatrali (teatro, lirica, rivista e commedia, balletto, burattini, circo, varie), concertisti (classica, pop, leggera, jazz), ballo e intrattenimento musicale (discoteche, ballo e intrattenimenti musicali), spettacolo viaggiante (attrazioni itineranti), parchi (parchi da divertimento), mostre e fiere (mostre, fiere) e manifestazioni all'aperto (feste di piazza e eventi) e manifestazioni sportive (sport calcio, sport di squadra non calcio, sport individuali e altri sport). Per favorire una lettura delle attività di spettacolo dal vivo dal punto di vista territoriale, i dati SIAE sono elaborati e diffusi dall'Istat attraverso le classificazioni territoriali statistiche utilizzate per la statistica ufficiale. Gli indicatori si collocano nell'ambito del Protocollo di Intesa MIC-SIAE del 2 marzo 2021, che prevede la condivisione a finalità statistica dei dati aggregati dello spettacolo con l'Istat e con il Nucleo di Valutazione e Analisi per la programmazione (NUVAP) del Dipartimento per le Politiche di coesione della Presidenza del Consiglio dei Ministri con compiti di sostegno metodologico alla misurazione dei risultati delle politiche di coesione.
617;Competenza alfabetica non adeguata (studenti classi III scuola secondaria primo grado);Percentuale di studenti delle classi III della scuola secondaria di primo grado che non raggiungono un livello sufficiente (Livello I + Livello II di 5 livelli) di competenza alfabetica;;REGIONI;2018;2025;Annuale;Fonte: elaborazioni Istat su dati Invalsi;
618;Competenza numerica non adeguata (studenti classi III scuola secondaria primo grado);Percentuale di studenti delle classi III della scuola secondaria di primo grado che non raggiungono un livello sufficiente (Livello I + Livello II di 5 livelli) di competenza numerica;;REGIONI;2018;2025;Annuale;Fonte: elaborazioni Istat su dati Invalsi;
619;Comprensione all'ascolto (listening) della lingua inglese non adeguata (studenti classi III scuola secondaria primo grado);Percentuale di studenti delle classi III della scuola secondaria di primo grado che non raggiungono un livello A2 di comprensione dell'ascolto (listening) della lingua inglese;;REGIONI;2018;2025;;Fonte: elaborazioni Istat su dati Invalsi;
620;Comprensione della lettura (reading) della lingua inglese non adeguata (studenti classi III scuola secondaria primo grado);Percentuale di studenti delle classi III della scuola secondaria di primo grado che non raggiungono un livello sufficiente A2 di comprensione della lettura (reading) della lingua inglese;;REGIONI;2018;2025;Annuale;Fonte: elaborazioni Istat su dati Invalsi;
621;Competenza alfabetica non adeguata (studenti classi II scuola secondaria secondo grado);Percentuale di studenti delle classi II della scuola secondaria di secondo grado che non raggiungono un livello sufficiente (Livello I + Livello II di 5 livelli) di competenza alfabetica;;REGIONI;2018;2023;Annuale;Fonte: elaborazioni Istat su dati Invalsi;
622;Competenza numerica non adeguata (studenti classi II scuola secondaria secondo grado);Percentuale di studenti delle classi II della scuola secondaria di secondo grado che non raggiungono un livello sufficiente (Livello I + Livello II di 5 livelli) di competenza numerica;;REGIONI;2018;2023;Annuale;Fonte: elaborazioni Istat su dati Invalsi;
623;Competenza alfabetica non adeguata (studenti classi V scuola secondaria secondo grado);Percentuale di studenti delle classi V della scuola secondaria di secondo grado che non raggiungono un livello sufficiente (Livello I + Livello II di 5 livelli) di competenza alfabetica;;REGIONI;2019;2025;Annuale;Fonte: elaborazioni Istat su dati Invalsi;
624;Competenza numerica non adeguata (studenti classi V scuola secondaria secondo grado);Percentuale di studenti delle classi V della scuola secondaria di secondo grado che non raggiungono un livello sufficiente (Livello I + Livello II di 5 livelli) di competenza numerica;;REGIONI;2019;2025;Annuale;Fonte: elaborazioni Istat su dati Invalsi;
625;Comprensione all'ascolto (listening) della lingua inglese non adeguata (studenti classi V scuola secondaria secondo grado);Percentuale di studenti delle classi V della scuola secondaria di secondo grado che non raggiungono un livello B2 di comprensione dell'ascolto (listening) della lingua inglese;;REGIONI;2019;2025;;Fonte: elaborazioni Istat su dati Invalsi;
626;Comprensione della lettura (reading) della lingua inglese non adeguata (studenti classi V scuola secondaria secondo grado);Percentuale di studenti delle classi V della scuola secondaria di secondo grado che non raggiungono un livello sufficiente B2 di comprensione della lettura (reading) della lingua inglese;;REGIONI;2019;2025;Annuale;Fonte: elaborazioni Istat su dati Invalsi;
627;Alunni con disabilità motoria;Alunni con disabilità motoria;;REGIONI;2012;2022;Annuale;Fonte: elaborazioni Istat su dati Miur;
628;Alunni con disabilità uditiva;Alunni con disabilità uditiva;;REGIONI;2007;2022;Annuale;Fonte: elaborazioni Istat su dati Miur;
629;Alunni con disabilità visiva;Alunni con disabilità visiva;;REGIONI;2007;2022;Annuale;Fonte: elaborazioni Istat su dati Miur;
630;Alunni con disabilità (totale);rapporto tra gli alunni con disabilità e gli alunni totali;;REGIONI;2007;2022;Annuale;Fonte: elaborazioni Istat su dati Miur;
631;Indice di povertà relativa regionale individuale (popolazione);Persone che vivono in famiglie al di sotto della soglia di povertà (percentuale sulle persone residenti);;REGIONI;2014;2024;Annuale;Fonte: Istat;"La stima dell'incidenza della povertà relativa (la percentuale di famiglie e persone povere) viene calcolata sulla base di una soglia convenzionale (nota come International Standard of Poverty Line) che individua il valore di spesa per consumi al di sotto del quale una famiglia viene definita povera in termini relativi. La soglia di povertà relativa per una famiglia di due componenti è pari alla spesa media mensile per persona nel Paese, che nel 2022 è risultata pari a 1.150,00 euro. Le famiglie composte da due persone che hanno una spesa mensile pari o inferiore a tale valore vengono classificate come povere relative. Per famiglie di ampiezza diversa il valore della linea si ottiene applicando un'opportuna scala di equivalenza. Per consultare le informazioni metodologiche si fa riferimento al comunicato stampa Istat su ""La povertà in Italia"". e stime si basano sui dati dell'Indagine sulle spese delle famiglie, con la nuova classificazione COICOP 2018; inoltre la metodologia è stata rivista insieme a quella della povertà assoluta in seguito alla nomina di una Commissione Interistituzionale. Per tale motivo è stato necessario ricostruire le serie storiche dei principali aggregati di spesa e i principali indicatori. I confronti temporali possono dunque essere effettuati esclusivamente con i dati in serie storica ricostruita e non con quelli precedentemente diffusi."
633;Indice di povertà relativa regionale familiare (famiglie);Famiglie che vivono al di sotto della soglia di povertà (percentuale sulle famiglie residenti);;REGIONI;2014;2024;Annuale;Fonte: Istat;"La stima dell'incidenza della povertà relativa (la percentuale di famiglie e persone povere) viene calcolata sulla base di una soglia convenzionale (nota come International Standard of Poverty Line) che individua il valore di spesa per consumi al di sotto del quale una famiglia viene definita povera in termini relativi. La soglia di povertà relativa per una famiglia di due componenti è pari alla spesa media mensile per persona nel Paese, che nel 2022 è risultata pari a 1.150,00 euro. Le famiglie composte da due persone che hanno una spesa mensile pari o inferiore a tale valore vengono classificate come povere relative. Per famiglie di ampiezza diversa il valore della linea si ottiene applicando un'opportuna scala di equivalenza. Per consultare le informazioni metodologiche si fa riferimento al comunicato stampa Istat su ""La povertà in Italia"". e stime si basano sui dati dell'Indagine sulle spese delle famiglie, con la nuova classificazione COICOP 2018; inoltre la metodologia è stata rivista insieme a quella della povertà assoluta in seguito alla nomina di una Commissione Interistituzionale. Per tale motivo è stato necessario ricostruire le serie storiche dei principali aggregati di spesa e i principali indicatori. I confronti temporali possono dunque essere effettuati esclusivamente con i dati in serie storica ricostruita e non con quelli precedentemente diffusi."
634;Spesa dei Comuni per strutture residenziali per area utenza Anziani per utente;Spesa dei Comuni per strutture residenziali per area utenza Anziani rapportata al numero di utenti anziani;Spesa dei Comuni per strutture residenziali per area utenza Anziani, Utenti anziani delle strutture residenziali;REGIONI;2008;2021;Annuale;Fonte: Istat;
635;Dimissioni ospedaliere di pazienti affetti da disturbi psichici per centomila abitanti;Dimissioni ospedaliere di pazienti affetti da disturbi psichici per centomila dimissioni;;REGIONI;2004;2022;Annuale;"Fonte: elaborazioni Istat su dati Ministero della Salute; Istat";
637;Ospiti adulti con disabilità o patologia psichiatrica dei presidi residenziali socio-assistenziali e socio-sanitari per centomila adulti;Ospiti adulti (fascia d'età 18-64 anni) con disabilità o patologia psichiatrica dei presidi residenziali socio-assistenziali e socio-sanitari rapportati alla popolazione residente media della fascia d'età 18-64 - per centomila adulti;;REGIONI;2009;2022;Annuale;Fonte: Istat;
638;Ospiti anziani non autosufficienti dei presidi residenziali socio-assistenziali e socio-sanitari per centomila anziani;Ospiti anziani (fascia d'età 65 anni ed oltre) non autosufficienti dei presidi residenziali socio-assistenziali e socio-sanitari sulla popolazione residente media della fascia d'età 65 anni ed oltre per centomila anziani;;REGIONI;2009;2022;Annuale;Fonte: Istat;
639;Ospiti minori con disabilità o disturbi mentali dei presidi residenziali socio-assistenziali e socio-sanitari per centomila minori;Ospiti minori (età 0-17 anni) con disabilità o disturbi mentali dei presidi residenziali socio-assistenziali e socio-sanitari rapportati alla popolazione residente media della fascia d'età 0-17 anni, per centomila minori;;REGIONI;2009;2022;Annuale;Fonte: Istat;
640;Ospiti con disabilità o non autosufficienti dei presidi residenziali socio-assistenziali e socio-sanitari per centomila abitanti;Ospiti con disabilità o non autosufficienti dei presidi residenziali socio-assistenziali e socio-sanitari rapportati alla popolazione residente media, per centomila abitanti;;REGIONI;2009;2022;Annuale;Fonte: Istat;
641;Percentuale di scuole con alunni con disabilità nelle quali sono presenti postazioni informatiche adattate;Scuole con alunni con disabilità nelle quali sono presenti postazioni informatiche adattate rapportate in percentuale al totale delle scuole;;REGIONI;2018;2023;Annuale;Fonte: Istat;
642;Percentuale di scuole dotate di un accesso con rampe;Scuole dotate di un accesso con rampe rapportate in percentuale al totale delle scuole;Scuole statali e non statali per barriere architettoniche;REGIONI;2018;2023;Annuale;"Fonte: elaborazioni Istat su dati Istat; Istat e Miur";
643;Percentuale di scuole dotate di un ascensore per il trasporto di persone con disabilità;Scuole dotate di un ascensore per il trasporto di persone con disabilità rapportate in percentuale al totale delle scuole;Scuole statali e non statali per barriere architettoniche;REGIONI;2018;2023;Annuale;"Fonte: elaborazioni Istat su dati Istat; Istat e Miur";
644;Percentuale di scuole dotate di un servoscala e/o piattaforma elevatrice;Scuole dotate di un servoscala e/o piattaforma elevatrice rapportate in percentuale al totale delle scuole;Scuole statali e non statali per barriere architettoniche;REGIONI;2018;2023;Annuale;"Fonte: elaborazioni Istat su dati Istat; Istat e Miur";
645;Percentuale di scuole dotate di servizi igienici a norma;Scuole dotate di servizi igienici a norma rapportate in percentuale al totale delle scuole;Scuole statali e non statali per barriere architettoniche;REGIONI;2018;2023;Annuale;"Fonte: elaborazioni Istat su dati Istat; Istat e Miur";
646;Percentuale di scuole dotate di scale a norma;Scuole dotate di scale a norma rapportate in percentuale al totale delle scuole;Scuole statali e non statali per barriere architettoniche;REGIONI;2018;2023;Annuale;"Fonte: elaborazioni Istat su dati Istat; Istat e Miur";
647;Percentuale di scuole dotate di porte a norma;Scuole dotate di porte a norma rapportate in percentuale al totale delle scuole;Scuole statali e non statali per barriere architettoniche;REGIONI;2018;2023;Annuale;"Fonte: elaborazioni Istat su dati Istat e Miur; Istat";
648;Percentuale di scuole dotate di percorsi interni accessibili;Scuole dotate di percorsi interni accessibili rapportate in percentuale al totale delle scuole;;REGIONI;2010;2018;Annuale;Fonte: Istat;
649;Percentuale di scuole dotate di percorsi esterni accessibili;Scuole dotate di percorsi esterni accessibili rapportate in percentuale al totale delle scuole;;REGIONI;2010;2018;Annuale;Fonte: Istat;
650;Percentuale scuole dotate di segnali acustici o/e visivi;Scuole dotate di segnali acustici o/e visivi rapportate in percentuale al totale delle scuole;Scuole statali e non statali per barriere architettoniche;REGIONI;2018;2023;Annuale;"Fonte: elaborazioni Istat su dati Istat e Miur; Istat";
651;Percentuale di scuole dotate di mappe a rilievo;Scuole dotate di mappe a rilievo rapportate in percentuale al totale delle scuole;Scuole statali e non statali per barriere architettoniche;REGIONI;2018;2023;Annuale;"Fonte: elaborazioni Istat su dati Istat; Istat e Miur";
652;Spesa dei Comuni per strutture residenziali per area utenza Disabilità per utente;Spesa dei Comuni per strutture residenziali per area utenza Disabilità rapportata al numero di utenti con disabilità;Spesa dei Comuni per strutture residenziali per area utenza Disabilità, Utenti con disabilità delle strutture residenziali;REGIONI;2008;2021;Annuale;Fonte: Istat;
653;Spesa dei Comuni per assistenza domiciliare per area utenza Anziani per utente anziano;Spesa dei Comuni per assistenza domiciliare per area utenza Anziani rapportata al numero di utenti anziani;Spesa dei Comuni per assistenza domiciliare per area utenza Anziani, Utenti anziani che ricevono assistenza domiciliare;REGIONI;2008;2021;Annuale;Fonte: Istat;
654;Spesa dei Comuni per assistenza domiciliare per area utenza Disabilità per utente con disabilità;Spesa dei Comuni per assistenza domiciliare per area utenza Disabilità rapportata al numero di utenti con disabilità;Spesa dei Comuni per assistenza domiciliare per area utenza Disabilità, Utenti disabili che ricevono assistenza domiciliare;REGIONI;2008;2021;Annuale;Fonte: Istat;
658;Percentuale di scuole dotate di un servoscala e/o piattaforma elevatrice;Scuole dotate di un servoscala e/o piattaforma elevatrice rapportate in percentuale al totale delle scuole;;PROVINCE;2018;2023;Annuale;"Fonte: elaborazioni Istat su dati Istat; Istat e Miur";
665;Percentuale scuole dotate di segnali acustici o/e visivi;Scuole dotate di segnali acustici o/e visivi rapportate in percentuale al totale delle scuole;;PROVINCE;2018;2023;Annuale;"Fonte: elaborazioni Istat su dati Istat; Istat e Miur";
