indicator_id;level;territory_key;year;value
EUROSTAT_AUTOVETTURE_1000;regione;abruzzo;2015;645
EUROSTAT_AUTOVETTURE_1000;regione;abruzzo;2016;653
EUROSTAT_AUTOVETTURE_1000;regione;abruzzo;2017;667
EUROSTAT_AUTOVETTURE_1000;regione;abruzzo;2018;678
EUROSTAT_AUTOVETTURE_1000;regione;abruzzo;2019;689
EUROSTAT_AUTOVETTURE_1000;regione;abruzzo;2020;701
EUROSTAT_AUTOVETTURE_1000;regione;abruzzo;2021;705
EUROSTAT_AUTOVETTURE_1000;regione;abruzzo;2022;710
EUROSTAT_AUTOVETTURE_1000;regione;abruzzo;2023;720
EUROSTAT_AUTOVETTURE_1000;regione;abruzzo;2024;728
EUROSTAT_AUTOVETTURE_1000;regione;basilicata;2015;634
EUROSTAT_AUTOVETTURE_1000;regione;basilicata;2016;646
EUROSTAT_AUTOVETTURE_1000;regione;basilicata;2017;659
EUROSTAT_AUTOVETTURE_1000;regione;basilicata;2018;674
EUROSTAT_AUTOVETTURE_1000;regione;basilicata;2019;685
EUROSTAT_AUTOVETTURE_1000;regione;basilicata;2020;699
EUROSTAT_AUTOVETTURE_1000;regione;basilicata;2021;707
EUROSTAT_AUTOVETTURE_1000;regione;basilicata;2022;713
EUROSTAT_AUTOVETTURE_1000;regione;basilicata;2023;726
EUROSTAT_AUTOVETTURE_1000;regione;basilicata;2024;738
EUROSTAT_AUTOVETTURE_1000;regione;calabria;2015;629
EUROSTAT_AUTOVETTURE_1000;regione;calabria;2016;640
EUROSTAT_AUTOVETTURE_1000;regione;calabria;2017;655
EUROSTAT_AUTOVETTURE_1000;regione;calabria;2018;670
EUROSTAT_AUTOVETTURE_1000;regione;calabria;2019;688
EUROSTAT_AUTOVETTURE_1000;regione;calabria;2020;709
EUROSTAT_AUTOVETTURE_1000;regione;calabria;2021;716
EUROSTAT_AUTOVETTURE_1000;regione;calabria;2022;725
EUROSTAT_AUTOVETTURE_1000;regione;calabria;2023;738
EUROSTAT_AUTOVETTURE_1000;regione;calabria;2024;750
EUROSTAT_AUTOVETTURE_1000;regione;campania;2015;578
EUROSTAT_AUTOVETTURE_1000;regione;campania;2016;586
EUROSTAT_AUTOVETTURE_1000;regione;campania;2017;597
EUROSTAT_AUTOVETTURE_1000;regione;campania;2018;608
EUROSTAT_AUTOVETTURE_1000;regione;campania;2019;620
EUROSTAT_AUTOVETTURE_1000;regione;campania;2020;635
EUROSTAT_AUTOVETTURE_1000;regione;campania;2021;637
EUROSTAT_AUTOVETTURE_1000;regione;campania;2022;644
EUROSTAT_AUTOVETTURE_1000;regione;campania;2023;657
EUROSTAT_AUTOVETTURE_1000;regione;campania;2024;667
EUROSTAT_AUTOVETTURE_1000;regione;emilia-romagna;2015;625
EUROSTAT_AUTOVETTURE_1000;regione;emilia-romagna;2016;632
EUROSTAT_AUTOVETTURE_1000;regione;emilia-romagna;2017;640
EUROSTAT_AUTOVETTURE_1000;regione;emilia-romagna;2018;646
EUROSTAT_AUTOVETTURE_1000;regione;emilia-romagna;2019;654
EUROSTAT_AUTOVETTURE_1000;regione;emilia-romagna;2020;660
EUROSTAT_AUTOVETTURE_1000;regione;emilia-romagna;2021;663
EUROSTAT_AUTOVETTURE_1000;regione;emilia-romagna;2022;667
EUROSTAT_AUTOVETTURE_1000;regione;emilia-romagna;2023;681
EUROSTAT_AUTOVETTURE_1000;regione;emilia-romagna;2024;691
EUROSTAT_AUTOVETTURE_1000;regione;friuli-venezia-giulia;2015;636
EUROSTAT_AUTOVETTURE_1000;regione;friuli-venezia-giulia;2016;645
EUROSTAT_AUTOVETTURE_1000;regione;friuli-venezia-giulia;2017;654
EUROSTAT_AUTOVETTURE_1000;regione;friuli-venezia-giulia;2018;662
EUROSTAT_AUTOVETTURE_1000;regione;friuli-venezia-giulia;2019;669
EUROSTAT_AUTOVETTURE_1000;regione;friuli-venezia-giulia;2020;673
EUROSTAT_AUTOVETTURE_1000;regione;friuli-venezia-giulia;2021;677
EUROSTAT_AUTOVETTURE_1000;regione;friuli-venezia-giulia;2022;680
EUROSTAT_AUTOVETTURE_1000;regione;friuli-venezia-giulia;2023;688
EUROSTAT_AUTOVETTURE_1000;regione;friuli-venezia-giulia;2024;695
EUROSTAT_AUTOVETTURE_1000;regione;lazio;2015;643
EUROSTAT_AUTOVETTURE_1000;regione;lazio;2016;646
EUROSTAT_AUTOVETTURE_1000;regione;lazio;2017;651
EUROSTAT_AUTOVETTURE_1000;regione;lazio;2018;653
EUROSTAT_AUTOVETTURE_1000;regione;lazio;2019;663
EUROSTAT_AUTOVETTURE_1000;regione;lazio;2020;667
EUROSTAT_AUTOVETTURE_1000;regione;lazio;2021;668
EUROSTAT_AUTOVETTURE_1000;regione;lazio;2022;674
EUROSTAT_AUTOVETTURE_1000;regione;lazio;2023;689
EUROSTAT_AUTOVETTURE_1000;regione;lazio;2024;701
EUROSTAT_AUTOVETTURE_1000;regione;liguria;2015;532
EUROSTAT_AUTOVETTURE_1000;regione;liguria;2016;536
EUROSTAT_AUTOVETTURE_1000;regione;liguria;2017;544
EUROSTAT_AUTOVETTURE_1000;regione;liguria;2018;549
EUROSTAT_AUTOVETTURE_1000;regione;liguria;2019;555
EUROSTAT_AUTOVETTURE_1000;regione;liguria;2020;557
EUROSTAT_AUTOVETTURE_1000;regione;liguria;2021;559
EUROSTAT_AUTOVETTURE_1000;regione;liguria;2022;559
EUROSTAT_AUTOVETTURE_1000;regione;liguria;2023;562
EUROSTAT_AUTOVETTURE_1000;regione;liguria;2024;563
EUROSTAT_AUTOVETTURE_1000;regione;lombardia;2015;595
EUROSTAT_AUTOVETTURE_1000;regione;lombardia;2016;602
EUROSTAT_AUTOVETTURE_1000;regione;lombardia;2017;609
EUROSTAT_AUTOVETTURE_1000;regione;lombardia;2018;614
EUROSTAT_AUTOVETTURE_1000;regione;lombardia;2019;620
EUROSTAT_AUTOVETTURE_1000;regione;lombardia;2020;624
EUROSTAT_AUTOVETTURE_1000;regione;lombardia;2021;626
EUROSTAT_AUTOVETTURE_1000;regione;lombardia;2022;629
EUROSTAT_AUTOVETTURE_1000;regione;lombardia;2023;637
EUROSTAT_AUTOVETTURE_1000;regione;lombardia;2024;640
EUROSTAT_AUTOVETTURE_1000;regione;marche;2015;648
EUROSTAT_AUTOVETTURE_1000;regione;marche;2016;656
EUROSTAT_AUTOVETTURE_1000;regione;marche;2017;666
EUROSTAT_AUTOVETTURE_1000;regione;marche;2018;675
EUROSTAT_AUTOVETTURE_1000;regione;marche;2019;685
EUROSTAT_AUTOVETTURE_1000;regione;marche;2020;695
EUROSTAT_AUTOVETTURE_1000;regione;marche;2021;699
EUROSTAT_AUTOVETTURE_1000;regione;marche;2022;703
EUROSTAT_AUTOVETTURE_1000;regione;marche;2023;711
EUROSTAT_AUTOVETTURE_1000;regione;marche;2024;718
EUROSTAT_AUTOVETTURE_1000;regione;molise;2015;660
EUROSTAT_AUTOVETTURE_1000;regione;molise;2016;672
EUROSTAT_AUTOVETTURE_1000;regione;molise;2017;686
EUROSTAT_AUTOVETTURE_1000;regione;molise;2018;702
EUROSTAT_AUTOVETTURE_1000;regione;molise;2019;715
EUROSTAT_AUTOVETTURE_1000;regione;molise;2020;732
EUROSTAT_AUTOVETTURE_1000;regione;molise;2021;737
EUROSTAT_AUTOVETTURE_1000;regione;molise;2022;740
EUROSTAT_AUTOVETTURE_1000;regione;molise;2023;752
EUROSTAT_AUTOVETTURE_1000;regione;molise;2024;767
EUROSTAT_AUTOVETTURE_1000;regione;piemonte;2015;649
EUROSTAT_AUTOVETTURE_1000;regione;piemonte;2016;660
EUROSTAT_AUTOVETTURE_1000;regione;piemonte;2017;676
EUROSTAT_AUTOVETTURE_1000;regione;piemonte;2018;679
EUROSTAT_AUTOVETTURE_1000;regione;piemonte;2019;681
EUROSTAT_AUTOVETTURE_1000;regione;piemonte;2020;682
EUROSTAT_AUTOVETTURE_1000;regione;piemonte;2021;676
EUROSTAT_AUTOVETTURE_1000;regione;piemonte;2022;682
EUROSTAT_AUTOVETTURE_1000;regione;piemonte;2023;705
EUROSTAT_AUTOVETTURE_1000;regione;piemonte;2024;723
EUROSTAT_AUTOVETTURE_1000;regione;puglia;2015;559
EUROSTAT_AUTOVETTURE_1000;regione;puglia;2016;569
EUROSTAT_AUTOVETTURE_1000;regione;puglia;2017;582
EUROSTAT_AUTOVETTURE_1000;regione;puglia;2018;596
EUROSTAT_AUTOVETTURE_1000;regione;puglia;2019;608
EUROSTAT_AUTOVETTURE_1000;regione;puglia;2020;616
EUROSTAT_AUTOVETTURE_1000;regione;puglia;2021;621
EUROSTAT_AUTOVETTURE_1000;regione;puglia;2022;627
EUROSTAT_AUTOVETTURE_1000;regione;puglia;2023;639
EUROSTAT_AUTOVETTURE_1000;regione;puglia;2024;649
EUROSTAT_AUTOVETTURE_1000;regione;sardegna;2015;616
EUROSTAT_AUTOVETTURE_1000;regione;sardegna;2016;625
EUROSTAT_AUTOVETTURE_1000;regione;sardegna;2017;636
EUROSTAT_AUTOVETTURE_1000;regione;sardegna;2018;649
EUROSTAT_AUTOVETTURE_1000;regione;sardegna;2019;664
EUROSTAT_AUTOVETTURE_1000;regione;sardegna;2020;679
EUROSTAT_AUTOVETTURE_1000;regione;sardegna;2021;687
EUROSTAT_AUTOVETTURE_1000;regione;sardegna;2022;696
EUROSTAT_AUTOVETTURE_1000;regione;sardegna;2023;708
EUROSTAT_AUTOVETTURE_1000;regione;sardegna;2024;719
EUROSTAT_AUTOVETTURE_1000;regione;sicilia;2015;633
EUROSTAT_AUTOVETTURE_1000;regione;sicilia;2016;645
EUROSTAT_AUTOVETTURE_1000;regione;sicilia;2017;659
EUROSTAT_AUTOVETTURE_1000;regione;sicilia;2018;674
EUROSTAT_AUTOVETTURE_1000;regione;sicilia;2019;688
EUROSTAT_AUTOVETTURE_1000;regione;sicilia;2020;701
EUROSTAT_AUTOVETTURE_1000;regione;sicilia;2021;707
EUROSTAT_AUTOVETTURE_1000;regione;sicilia;2022;714
EUROSTAT_AUTOVETTURE_1000;regione;sicilia;2023;724
EUROSTAT_AUTOVETTURE_1000;regione;sicilia;2024;733
EUROSTAT_AUTOVETTURE_1000;regione;toscana;2015;645
EUROSTAT_AUTOVETTURE_1000;regione;toscana;2016;658
EUROSTAT_AUTOVETTURE_1000;regione;toscana;2017;672
EUROSTAT_AUTOVETTURE_1000;regione;toscana;2018;685
EUROSTAT_AUTOVETTURE_1000;regione;toscana;2019;698
EUROSTAT_AUTOVETTURE_1000;regione;toscana;2020;703
EUROSTAT_AUTOVETTURE_1000;regione;toscana;2021;710
EUROSTAT_AUTOVETTURE_1000;regione;toscana;2022;720
EUROSTAT_AUTOVETTURE_1000;regione;toscana;2023;736
EUROSTAT_AUTOVETTURE_1000;regione;toscana;2024;744
EUROSTAT_AUTOVETTURE_1000;regione;trentino-alto-adige;2015;836
EUROSTAT_AUTOVETTURE_1000;regione;trentino-alto-adige;2016;901
EUROSTAT_AUTOVETTURE_1000;regione;trentino-alto-adige;2017;984
EUROSTAT_AUTOVETTURE_1000;regione;trentino-alto-adige;2018;1040
EUROSTAT_AUTOVETTURE_1000;regione;trentino-alto-adige;2019;1088
EUROSTAT_AUTOVETTURE_1000;regione;trentino-alto-adige;2020;1080
EUROSTAT_AUTOVETTURE_1000;regione;trentino-alto-adige;2021;1132
EUROSTAT_AUTOVETTURE_1000;regione;trentino-alto-adige;2022;1185
EUROSTAT_AUTOVETTURE_1000;regione;trentino-alto-adige;2023;1220
EUROSTAT_AUTOVETTURE_1000;regione;trentino-alto-adige;2024;1189
EUROSTAT_AUTOVETTURE_1000;regione;umbria;2015;698
EUROSTAT_AUTOVETTURE_1000;regione;umbria;2016;708
EUROSTAT_AUTOVETTURE_1000;regione;umbria;2017;720
EUROSTAT_AUTOVETTURE_1000;regione;umbria;2018;731
EUROSTAT_AUTOVETTURE_1000;regione;umbria;2019;740
EUROSTAT_AUTOVETTURE_1000;regione;umbria;2020;747
EUROSTAT_AUTOVETTURE_1000;regione;umbria;2021;751
EUROSTAT_AUTOVETTURE_1000;regione;umbria;2022;755
EUROSTAT_AUTOVETTURE_1000;regione;umbria;2023;765
EUROSTAT_AUTOVETTURE_1000;regione;umbria;2024;774
EUROSTAT_AUTOVETTURE_1000;regione;valle-d-aosta;2015;1144
EUROSTAT_AUTOVETTURE_1000;regione;valle-d-aosta;2016;1175
EUROSTAT_AUTOVETTURE_1000;regione;valle-d-aosta;2017;1325
EUROSTAT_AUTOVETTURE_1000;regione;valle-d-aosta;2018;1488
EUROSTAT_AUTOVETTURE_1000;regione;valle-d-aosta;2019;1711
EUROSTAT_AUTOVETTURE_1000;regione;valle-d-aosta;2020;1787
EUROSTAT_AUTOVETTURE_1000;regione;valle-d-aosta;2021;2022
EUROSTAT_AUTOVETTURE_1000;regione;valle-d-aosta;2022;2339
EUROSTAT_AUTOVETTURE_1000;regione;valle-d-aosta;2023;2295
EUROSTAT_AUTOVETTURE_1000;regione;valle-d-aosta;2024;1936
EUROSTAT_AUTOVETTURE_1000;regione;veneto;2015;616
EUROSTAT_AUTOVETTURE_1000;regione;veneto;2016;626
EUROSTAT_AUTOVETTURE_1000;regione;veneto;2017;636
EUROSTAT_AUTOVETTURE_1000;regione;veneto;2018;645
EUROSTAT_AUTOVETTURE_1000;regione;veneto;2019;653
EUROSTAT_AUTOVETTURE_1000;regione;veneto;2020;657
EUROSTAT_AUTOVETTURE_1000;regione;veneto;2021;660
EUROSTAT_AUTOVETTURE_1000;regione;veneto;2022;664
EUROSTAT_AUTOVETTURE_1000;regione;veneto;2023;673
EUROSTAT_AUTOVETTURE_1000;regione;veneto;2024;680
EUROSTAT_CASA_NON_RISCALDATA;regione;abruzzo;2021;7.0
EUROSTAT_CASA_NON_RISCALDATA;regione;abruzzo;2022;6.6
EUROSTAT_CASA_NON_RISCALDATA;regione;abruzzo;2023;15.4
EUROSTAT_CASA_NON_RISCALDATA;regione;abruzzo;2024;6.1
EUROSTAT_CASA_NON_RISCALDATA;regione;abruzzo;2025;8.1
EUROSTAT_CASA_NON_RISCALDATA;regione;basilicata;2021;3.0
EUROSTAT_CASA_NON_RISCALDATA;regione;basilicata;2022;9.3
EUROSTAT_CASA_NON_RISCALDATA;regione;basilicata;2023;2.9
EUROSTAT_CASA_NON_RISCALDATA;regione;basilicata;2024;4.0
EUROSTAT_CASA_NON_RISCALDATA;regione;basilicata;2025;9.2
EUROSTAT_CASA_NON_RISCALDATA;regione;calabria;2021;4.2
EUROSTAT_CASA_NON_RISCALDATA;regione;calabria;2022;11.5
EUROSTAT_CASA_NON_RISCALDATA;regione;calabria;2023;21.8
EUROSTAT_CASA_NON_RISCALDATA;regione;calabria;2024;16.6
EUROSTAT_CASA_NON_RISCALDATA;regione;calabria;2025;12.2
EUROSTAT_CASA_NON_RISCALDATA;regione;campania;2021;20.4
EUROSTAT_CASA_NON_RISCALDATA;regione;campania;2022;16.2
EUROSTAT_CASA_NON_RISCALDATA;regione;campania;2023;16.9
EUROSTAT_CASA_NON_RISCALDATA;regione;campania;2024;15.1
EUROSTAT_CASA_NON_RISCALDATA;regione;campania;2025;12.9
EUROSTAT_CASA_NON_RISCALDATA;regione;emilia-romagna;2021;1.7
EUROSTAT_CASA_NON_RISCALDATA;regione;emilia-romagna;2022;4.9
EUROSTAT_CASA_NON_RISCALDATA;regione;emilia-romagna;2023;2.3
EUROSTAT_CASA_NON_RISCALDATA;regione;emilia-romagna;2024;2.8
EUROSTAT_CASA_NON_RISCALDATA;regione;emilia-romagna;2025;3.0
EUROSTAT_CASA_NON_RISCALDATA;regione;friuli-venezia-giulia;2021;5.0
EUROSTAT_CASA_NON_RISCALDATA;regione;friuli-venezia-giulia;2022;3.8
EUROSTAT_CASA_NON_RISCALDATA;regione;friuli-venezia-giulia;2023;3.6
EUROSTAT_CASA_NON_RISCALDATA;regione;friuli-venezia-giulia;2024;3.4
EUROSTAT_CASA_NON_RISCALDATA;regione;friuli-venezia-giulia;2025;3.6
EUROSTAT_CASA_NON_RISCALDATA;regione;lazio;2021;8.4
EUROSTAT_CASA_NON_RISCALDATA;regione;lazio;2022;14.9
EUROSTAT_CASA_NON_RISCALDATA;regione;lazio;2023;10.2
EUROSTAT_CASA_NON_RISCALDATA;regione;lazio;2024;9.5
EUROSTAT_CASA_NON_RISCALDATA;regione;lazio;2025;5.8
EUROSTAT_CASA_NON_RISCALDATA;regione;liguria;2021;4.6
EUROSTAT_CASA_NON_RISCALDATA;regione;liguria;2022;6.5
EUROSTAT_CASA_NON_RISCALDATA;regione;liguria;2023;4.3
EUROSTAT_CASA_NON_RISCALDATA;regione;liguria;2024;6.6
EUROSTAT_CASA_NON_RISCALDATA;regione;liguria;2025;7.8
EUROSTAT_CASA_NON_RISCALDATA;regione;lombardia;2021;3.5
EUROSTAT_CASA_NON_RISCALDATA;regione;lombardia;2022;2.7
EUROSTAT_CASA_NON_RISCALDATA;regione;lombardia;2023;3.9
EUROSTAT_CASA_NON_RISCALDATA;regione;lombardia;2024;4.4
EUROSTAT_CASA_NON_RISCALDATA;regione;lombardia;2025;5.7
EUROSTAT_CASA_NON_RISCALDATA;regione;marche;2021;4.3
EUROSTAT_CASA_NON_RISCALDATA;regione;marche;2022;4.8
EUROSTAT_CASA_NON_RISCALDATA;regione;marche;2023;7.5
EUROSTAT_CASA_NON_RISCALDATA;regione;marche;2024;3.1
EUROSTAT_CASA_NON_RISCALDATA;regione;marche;2025;4.1
EUROSTAT_CASA_NON_RISCALDATA;regione;molise;2021;4.1
EUROSTAT_CASA_NON_RISCALDATA;regione;molise;2022;10.3
EUROSTAT_CASA_NON_RISCALDATA;regione;molise;2023;10.0
EUROSTAT_CASA_NON_RISCALDATA;regione;molise;2024;13.3
EUROSTAT_CASA_NON_RISCALDATA;regione;molise;2025;2.2
EUROSTAT_CASA_NON_RISCALDATA;regione;piemonte;2021;21.8
EUROSTAT_CASA_NON_RISCALDATA;regione;piemonte;2022;12.4
EUROSTAT_CASA_NON_RISCALDATA;regione;piemonte;2023;12.0
EUROSTAT_CASA_NON_RISCALDATA;regione;piemonte;2024;9.4
EUROSTAT_CASA_NON_RISCALDATA;regione;piemonte;2025;7.0
EUROSTAT_CASA_NON_RISCALDATA;regione;puglia;2021;11.0
EUROSTAT_CASA_NON_RISCALDATA;regione;puglia;2022;14.2
EUROSTAT_CASA_NON_RISCALDATA;regione;puglia;2023;19.1
EUROSTAT_CASA_NON_RISCALDATA;regione;puglia;2024;20.5
EUROSTAT_CASA_NON_RISCALDATA;regione;puglia;2025;17.6
EUROSTAT_CASA_NON_RISCALDATA;regione;sardegna;2021;8.8
EUROSTAT_CASA_NON_RISCALDATA;regione;sardegna;2022;11.4
EUROSTAT_CASA_NON_RISCALDATA;regione;sardegna;2023;14.5
EUROSTAT_CASA_NON_RISCALDATA;regione;sardegna;2024;7.7
EUROSTAT_CASA_NON_RISCALDATA;regione;sardegna;2025;8.5
EUROSTAT_CASA_NON_RISCALDATA;regione;sicilia;2021;10.4
EUROSTAT_CASA_NON_RISCALDATA;regione;sicilia;2022;13.5
EUROSTAT_CASA_NON_RISCALDATA;regione;sicilia;2023;16.2
EUROSTAT_CASA_NON_RISCALDATA;regione;sicilia;2024;14.0
EUROSTAT_CASA_NON_RISCALDATA;regione;sicilia;2025;18.5
EUROSTAT_CASA_NON_RISCALDATA;regione;toscana;2021;4.3
EUROSTAT_CASA_NON_RISCALDATA;regione;toscana;2022;4.9
EUROSTAT_CASA_NON_RISCALDATA;regione;toscana;2023;5.2
EUROSTAT_CASA_NON_RISCALDATA;regione;toscana;2024;6.0
EUROSTAT_CASA_NON_RISCALDATA;regione;toscana;2025;7.6
EUROSTAT_CASA_NON_RISCALDATA;regione;trentino-alto-adige;2021;2.3
EUROSTAT_CASA_NON_RISCALDATA;regione;trentino-alto-adige;2022;3.3
EUROSTAT_CASA_NON_RISCALDATA;regione;trentino-alto-adige;2023;3.5
EUROSTAT_CASA_NON_RISCALDATA;regione;trentino-alto-adige;2024;2.5
EUROSTAT_CASA_NON_RISCALDATA;regione;trentino-alto-adige;2025;2.3
EUROSTAT_CASA_NON_RISCALDATA;regione;umbria;2021;4.1
EUROSTAT_CASA_NON_RISCALDATA;regione;umbria;2022;2.3
EUROSTAT_CASA_NON_RISCALDATA;regione;umbria;2023;3.1
EUROSTAT_CASA_NON_RISCALDATA;regione;umbria;2024;3.0
EUROSTAT_CASA_NON_RISCALDATA;regione;umbria;2025;4.2
EUROSTAT_CASA_NON_RISCALDATA;regione;valle-d-aosta;2021;4.6
EUROSTAT_CASA_NON_RISCALDATA;regione;valle-d-aosta;2022;6.3
EUROSTAT_CASA_NON_RISCALDATA;regione;valle-d-aosta;2023;3.1
EUROSTAT_CASA_NON_RISCALDATA;regione;valle-d-aosta;2024;4.5
EUROSTAT_CASA_NON_RISCALDATA;regione;valle-d-aosta;2025;2.8
EUROSTAT_CASA_NON_RISCALDATA;regione;veneto;2021;3.1
EUROSTAT_CASA_NON_RISCALDATA;regione;veneto;2022;4.7
EUROSTAT_CASA_NON_RISCALDATA;regione;veneto;2023;4.0
EUROSTAT_CASA_NON_RISCALDATA;regione;veneto;2024;4.4
EUROSTAT_CASA_NON_RISCALDATA;regione;veneto;2025;8.1
EUROSTAT_MADRI_MINORI_20;provincia;agrigento;2015;1.89
EUROSTAT_MADRI_MINORI_20;provincia;agrigento;2016;1.88
EUROSTAT_MADRI_MINORI_20;provincia;agrigento;2017;1.80
EUROSTAT_MADRI_MINORI_20;provincia;agrigento;2018;1.53
EUROSTAT_MADRI_MINORI_20;provincia;agrigento;2019;2.22
EUROSTAT_MADRI_MINORI_20;provincia;agrigento;2020;1.85
EUROSTAT_MADRI_MINORI_20;provincia;agrigento;2021;2.05
EUROSTAT_MADRI_MINORI_20;provincia;agrigento;2022;1.77
EUROSTAT_MADRI_MINORI_20;provincia;agrigento;2023;1.89
EUROSTAT_MADRI_MINORI_20;provincia;agrigento;2024;1.51
EUROSTAT_MADRI_MINORI_20;provincia;alessandria;2015;1.70
EUROSTAT_MADRI_MINORI_20;provincia;alessandria;2016;1.73
EUROSTAT_MADRI_MINORI_20;provincia;alessandria;2017;1.44
EUROSTAT_MADRI_MINORI_20;provincia;alessandria;2018;1.36
EUROSTAT_MADRI_MINORI_20;provincia;alessandria;2019;1.07
EUROSTAT_MADRI_MINORI_20;provincia;alessandria;2020;1.02
EUROSTAT_MADRI_MINORI_20;provincia;alessandria;2021;0.79
EUROSTAT_MADRI_MINORI_20;provincia;alessandria;2022;1.00
EUROSTAT_MADRI_MINORI_20;provincia;alessandria;2023;0.73
EUROSTAT_MADRI_MINORI_20;provincia;alessandria;2024;0.86
EUROSTAT_MADRI_MINORI_20;provincia;ancona;2015;1.31
EUROSTAT_MADRI_MINORI_20;provincia;ancona;2016;1.09
EUROSTAT_MADRI_MINORI_20;provincia;ancona;2017;1.05
EUROSTAT_MADRI_MINORI_20;provincia;ancona;2018;0.84
EUROSTAT_MADRI_MINORI_20;provincia;ancona;2019;0.77
EUROSTAT_MADRI_MINORI_20;provincia;ancona;2020;0.62
EUROSTAT_MADRI_MINORI_20;provincia;ancona;2021;0.81
EUROSTAT_MADRI_MINORI_20;provincia;ancona;2022;0.53
EUROSTAT_MADRI_MINORI_20;provincia;ancona;2023;0.55
EUROSTAT_MADRI_MINORI_20;provincia;ancona;2024;0.55
EUROSTAT_MADRI_MINORI_20;provincia;aosta;2015;0.51
EUROSTAT_MADRI_MINORI_20;provincia;aosta;2016;0.73
EUROSTAT_MADRI_MINORI_20;provincia;aosta;2017;0.66
EUROSTAT_MADRI_MINORI_20;provincia;aosta;2018;0.88
EUROSTAT_MADRI_MINORI_20;provincia;aosta;2019;0.95
EUROSTAT_MADRI_MINORI_20;provincia;aosta;2020;0.52
EUROSTAT_MADRI_MINORI_20;provincia;aosta;2021;0.81
EUROSTAT_MADRI_MINORI_20;provincia;aosta;2022;0.77
EUROSTAT_MADRI_MINORI_20;provincia;aosta;2023;0.42
EUROSTAT_MADRI_MINORI_20;provincia;aosta;2024;0.63
EUROSTAT_MADRI_MINORI_20;provincia;arezzo;2015;1.22
EUROSTAT_MADRI_MINORI_20;provincia;arezzo;2016;0.92
EUROSTAT_MADRI_MINORI_20;provincia;arezzo;2017;0.70
EUROSTAT_MADRI_MINORI_20;provincia;arezzo;2018;0.81
EUROSTAT_MADRI_MINORI_20;provincia;arezzo;2019;0.95
EUROSTAT_MADRI_MINORI_20;provincia;arezzo;2020;0.65
EUROSTAT_MADRI_MINORI_20;provincia;arezzo;2021;0.55
EUROSTAT_MADRI_MINORI_20;provincia;arezzo;2022;0.40
EUROSTAT_MADRI_MINORI_20;provincia;arezzo;2023;0.82
EUROSTAT_MADRI_MINORI_20;provincia;arezzo;2024;0.55
EUROSTAT_MADRI_MINORI_20;provincia;ascoli-piceno;2015;1.12
EUROSTAT_MADRI_MINORI_20;provincia;ascoli-piceno;2016;0.93
EUROSTAT_MADRI_MINORI_20;provincia;ascoli-piceno;2017;0.66
EUROSTAT_MADRI_MINORI_20;provincia;ascoli-piceno;2018;0.38
EUROSTAT_MADRI_MINORI_20;provincia;ascoli-piceno;2019;0.40
EUROSTAT_MADRI_MINORI_20;provincia;ascoli-piceno;2020;0.40
EUROSTAT_MADRI_MINORI_20;provincia;ascoli-piceno;2021;0.75
EUROSTAT_MADRI_MINORI_20;provincia;ascoli-piceno;2022;0.76
EUROSTAT_MADRI_MINORI_20;provincia;ascoli-piceno;2023;0.51
EUROSTAT_MADRI_MINORI_20;provincia;ascoli-piceno;2024;0.35
EUROSTAT_MADRI_MINORI_20;provincia;asti;2015;0.95
EUROSTAT_MADRI_MINORI_20;provincia;asti;2016;1.35
EUROSTAT_MADRI_MINORI_20;provincia;asti;2017;1.31
EUROSTAT_MADRI_MINORI_20;provincia;asti;2018;1.42
EUROSTAT_MADRI_MINORI_20;provincia;asti;2019;1.35
EUROSTAT_MADRI_MINORI_20;provincia;asti;2020;0.72
EUROSTAT_MADRI_MINORI_20;provincia;asti;2021;0.64
EUROSTAT_MADRI_MINORI_20;provincia;asti;2022;0.49
EUROSTAT_MADRI_MINORI_20;provincia;asti;2023;1.11
EUROSTAT_MADRI_MINORI_20;provincia;asti;2024;1.15
EUROSTAT_MADRI_MINORI_20;provincia;avellino;2015;1.61
EUROSTAT_MADRI_MINORI_20;provincia;avellino;2016;1.25
EUROSTAT_MADRI_MINORI_20;provincia;avellino;2017;0.97
EUROSTAT_MADRI_MINORI_20;provincia;avellino;2018;1.01
EUROSTAT_MADRI_MINORI_20;provincia;avellino;2019;0.58
EUROSTAT_MADRI_MINORI_20;provincia;avellino;2020;0.81
EUROSTAT_MADRI_MINORI_20;provincia;avellino;2021;0.88
EUROSTAT_MADRI_MINORI_20;provincia;avellino;2022;0.69
EUROSTAT_MADRI_MINORI_20;provincia;avellino;2023;0.58
EUROSTAT_MADRI_MINORI_20;provincia;avellino;2024;0.62
EUROSTAT_MADRI_MINORI_20;provincia;bari;2015;1.89
EUROSTAT_MADRI_MINORI_20;provincia;bari;2016;1.69
EUROSTAT_MADRI_MINORI_20;provincia;bari;2017;1.58
EUROSTAT_MADRI_MINORI_20;provincia;bari;2018;1.44
EUROSTAT_MADRI_MINORI_20;provincia;bari;2019;1.48
EUROSTAT_MADRI_MINORI_20;provincia;bari;2020;1.31
EUROSTAT_MADRI_MINORI_20;provincia;bari;2021;1.12
EUROSTAT_MADRI_MINORI_20;provincia;bari;2022;1.23
EUROSTAT_MADRI_MINORI_20;provincia;bari;2023;1.08
EUROSTAT_MADRI_MINORI_20;provincia;bari;2024;1.05
EUROSTAT_MADRI_MINORI_20;provincia;barletta-andria-trani;2015;1.73
EUROSTAT_MADRI_MINORI_20;provincia;barletta-andria-trani;2016;1.54
EUROSTAT_MADRI_MINORI_20;provincia;barletta-andria-trani;2017;1.22
EUROSTAT_MADRI_MINORI_20;provincia;barletta-andria-trani;2018;1.53
EUROSTAT_MADRI_MINORI_20;provincia;barletta-andria-trani;2019;1.39
EUROSTAT_MADRI_MINORI_20;provincia;barletta-andria-trani;2020;1.48
EUROSTAT_MADRI_MINORI_20;provincia;barletta-andria-trani;2021;1.09
EUROSTAT_MADRI_MINORI_20;provincia;barletta-andria-trani;2022;1.15
EUROSTAT_MADRI_MINORI_20;provincia;barletta-andria-trani;2023;0.91
EUROSTAT_MADRI_MINORI_20;provincia;barletta-andria-trani;2024;1.43
EUROSTAT_MADRI_MINORI_20;provincia;belluno;2015;0.65
EUROSTAT_MADRI_MINORI_20;provincia;belluno;2016;1.29
EUROSTAT_MADRI_MINORI_20;provincia;belluno;2017;1.02
EUROSTAT_MADRI_MINORI_20;provincia;belluno;2018;1.02
EUROSTAT_MADRI_MINORI_20;provincia;belluno;2019;0.68
EUROSTAT_MADRI_MINORI_20;provincia;belluno;2020;0.50
EUROSTAT_MADRI_MINORI_20;provincia;belluno;2021;0.68
EUROSTAT_MADRI_MINORI_20;provincia;belluno;2022;0.27
EUROSTAT_MADRI_MINORI_20;provincia;belluno;2023;0.75
EUROSTAT_MADRI_MINORI_20;provincia;belluno;2024;0.84
EUROSTAT_MADRI_MINORI_20;provincia;benevento;2015;1.52
EUROSTAT_MADRI_MINORI_20;provincia;benevento;2016;1.45
EUROSTAT_MADRI_MINORI_20;provincia;benevento;2017;1.17
EUROSTAT_MADRI_MINORI_20;provincia;benevento;2018;1.19
EUROSTAT_MADRI_MINORI_20;provincia;benevento;2019;0.98
EUROSTAT_MADRI_MINORI_20;provincia;benevento;2020;0.67
EUROSTAT_MADRI_MINORI_20;provincia;benevento;2021;0.78
EUROSTAT_MADRI_MINORI_20;provincia;benevento;2022;1.17
EUROSTAT_MADRI_MINORI_20;provincia;benevento;2023;0.77
EUROSTAT_MADRI_MINORI_20;provincia;benevento;2024;1.59
EUROSTAT_MADRI_MINORI_20;provincia;bergamo;2015;1.20
EUROSTAT_MADRI_MINORI_20;provincia;bergamo;2016;1.03
EUROSTAT_MADRI_MINORI_20;provincia;bergamo;2017;0.95
EUROSTAT_MADRI_MINORI_20;provincia;bergamo;2018;0.97
EUROSTAT_MADRI_MINORI_20;provincia;bergamo;2019;0.87
EUROSTAT_MADRI_MINORI_20;provincia;bergamo;2020;0.77
EUROSTAT_MADRI_MINORI_20;provincia;bergamo;2021;0.55
EUROSTAT_MADRI_MINORI_20;provincia;bergamo;2022;0.62
EUROSTAT_MADRI_MINORI_20;provincia;bergamo;2023;0.64
EUROSTAT_MADRI_MINORI_20;provincia;bergamo;2024;0.56
EUROSTAT_MADRI_MINORI_20;provincia;biella;2015;1.59
EUROSTAT_MADRI_MINORI_20;provincia;biella;2016;0.83
EUROSTAT_MADRI_MINORI_20;provincia;biella;2017;0.91
EUROSTAT_MADRI_MINORI_20;provincia;biella;2018;1.68
EUROSTAT_MADRI_MINORI_20;provincia;biella;2019;1.19
EUROSTAT_MADRI_MINORI_20;provincia;biella;2020;0.81
EUROSTAT_MADRI_MINORI_20;provincia;biella;2021;0.57
EUROSTAT_MADRI_MINORI_20;provincia;biella;2022;0.97
EUROSTAT_MADRI_MINORI_20;provincia;biella;2023;0.71
EUROSTAT_MADRI_MINORI_20;provincia;biella;2024;1.14
EUROSTAT_MADRI_MINORI_20;provincia;bologna;2015;1.00
EUROSTAT_MADRI_MINORI_20;provincia;bologna;2016;1.12
EUROSTAT_MADRI_MINORI_20;provincia;bologna;2017;0.85
EUROSTAT_MADRI_MINORI_20;provincia;bologna;2018;1.02
EUROSTAT_MADRI_MINORI_20;provincia;bologna;2019;0.70
EUROSTAT_MADRI_MINORI_20;provincia;bologna;2020;0.82
EUROSTAT_MADRI_MINORI_20;provincia;bologna;2021;0.66
EUROSTAT_MADRI_MINORI_20;provincia;bologna;2022;0.48
EUROSTAT_MADRI_MINORI_20;provincia;bologna;2023;0.66
EUROSTAT_MADRI_MINORI_20;provincia;bologna;2024;0.68
EUROSTAT_MADRI_MINORI_20;provincia;bolzano;2015;1.16
EUROSTAT_MADRI_MINORI_20;provincia;bolzano;2016;0.99
EUROSTAT_MADRI_MINORI_20;provincia;bolzano;2017;0.97
EUROSTAT_MADRI_MINORI_20;provincia;bolzano;2018;0.97
EUROSTAT_MADRI_MINORI_20;provincia;bolzano;2019;0.78
EUROSTAT_MADRI_MINORI_20;provincia;bolzano;2020;0.85
EUROSTAT_MADRI_MINORI_20;provincia;bolzano;2021;0.68
EUROSTAT_MADRI_MINORI_20;provincia;bolzano;2022;0.75
EUROSTAT_MADRI_MINORI_20;provincia;bolzano;2023;0.60
EUROSTAT_MADRI_MINORI_20;provincia;bolzano;2024;0.75
EUROSTAT_MADRI_MINORI_20;provincia;brescia;2015;1.10
EUROSTAT_MADRI_MINORI_20;provincia;brescia;2016;1.16
EUROSTAT_MADRI_MINORI_20;provincia;brescia;2017;1.07
EUROSTAT_MADRI_MINORI_20;provincia;brescia;2018;0.80
EUROSTAT_MADRI_MINORI_20;provincia;brescia;2019;0.98
EUROSTAT_MADRI_MINORI_20;provincia;brescia;2020;0.64
EUROSTAT_MADRI_MINORI_20;provincia;brescia;2021;0.61
EUROSTAT_MADRI_MINORI_20;provincia;brescia;2022;0.82
EUROSTAT_MADRI_MINORI_20;provincia;brescia;2023;0.65
EUROSTAT_MADRI_MINORI_20;provincia;brescia;2024;0.60
EUROSTAT_MADRI_MINORI_20;provincia;brindisi;2015;1.95
EUROSTAT_MADRI_MINORI_20;provincia;brindisi;2016;1.97
EUROSTAT_MADRI_MINORI_20;provincia;brindisi;2017;2.23
EUROSTAT_MADRI_MINORI_20;provincia;brindisi;2018;1.71
EUROSTAT_MADRI_MINORI_20;provincia;brindisi;2019;1.56
EUROSTAT_MADRI_MINORI_20;provincia;brindisi;2020;1.89
EUROSTAT_MADRI_MINORI_20;provincia;brindisi;2021;1.82
EUROSTAT_MADRI_MINORI_20;provincia;brindisi;2022;1.43
EUROSTAT_MADRI_MINORI_20;provincia;brindisi;2023;1.40
EUROSTAT_MADRI_MINORI_20;provincia;brindisi;2024;1.33
EUROSTAT_MADRI_MINORI_20;provincia;cagliari;2015;1.79
EUROSTAT_MADRI_MINORI_20;provincia;cagliari;2016;1.57
EUROSTAT_MADRI_MINORI_20;provincia;caltanissetta;2015;3.86
EUROSTAT_MADRI_MINORI_20;provincia;caltanissetta;2016;3.94
EUROSTAT_MADRI_MINORI_20;provincia;caltanissetta;2017;3.47
EUROSTAT_MADRI_MINORI_20;provincia;caltanissetta;2018;3.48
EUROSTAT_MADRI_MINORI_20;provincia;caltanissetta;2019;2.59
EUROSTAT_MADRI_MINORI_20;provincia;caltanissetta;2020;2.96
EUROSTAT_MADRI_MINORI_20;provincia;caltanissetta;2021;2.61
EUROSTAT_MADRI_MINORI_20;provincia;caltanissetta;2022;1.76
EUROSTAT_MADRI_MINORI_20;provincia;caltanissetta;2023;2.57
EUROSTAT_MADRI_MINORI_20;provincia;caltanissetta;2024;2.50
EUROSTAT_MADRI_MINORI_20;provincia;campobasso;2015;1.24
EUROSTAT_MADRI_MINORI_20;provincia;campobasso;2016;1.40
EUROSTAT_MADRI_MINORI_20;provincia;campobasso;2017;1.31
EUROSTAT_MADRI_MINORI_20;provincia;campobasso;2018;0.98
EUROSTAT_MADRI_MINORI_20;provincia;campobasso;2019;0.82
EUROSTAT_MADRI_MINORI_20;provincia;campobasso;2020;0.56
EUROSTAT_MADRI_MINORI_20;provincia;campobasso;2021;1.16
EUROSTAT_MADRI_MINORI_20;provincia;campobasso;2022;0.85
EUROSTAT_MADRI_MINORI_20;provincia;campobasso;2023;1.24
EUROSTAT_MADRI_MINORI_20;provincia;campobasso;2024;0.79
EUROSTAT_MADRI_MINORI_20;provincia;caserta;2015;1.91
EUROSTAT_MADRI_MINORI_20;provincia;caserta;2016;1.80
EUROSTAT_MADRI_MINORI_20;provincia;caserta;2017;1.80
EUROSTAT_MADRI_MINORI_20;provincia;caserta;2018;1.44
EUROSTAT_MADRI_MINORI_20;provincia;caserta;2019;1.56
EUROSTAT_MADRI_MINORI_20;provincia;caserta;2020;1.33
EUROSTAT_MADRI_MINORI_20;provincia;caserta;2021;1.32
EUROSTAT_MADRI_MINORI_20;provincia;caserta;2022;1.14
EUROSTAT_MADRI_MINORI_20;provincia;caserta;2023;1.19
EUROSTAT_MADRI_MINORI_20;provincia;caserta;2024;1.22
EUROSTAT_MADRI_MINORI_20;provincia;catania;2015;4.12
EUROSTAT_MADRI_MINORI_20;provincia;catania;2016;4.13
EUROSTAT_MADRI_MINORI_20;provincia;catania;2017;3.59
EUROSTAT_MADRI_MINORI_20;provincia;catania;2018;3.64
EUROSTAT_MADRI_MINORI_20;provincia;catania;2019;3.18
EUROSTAT_MADRI_MINORI_20;provincia;catania;2020;3.09
EUROSTAT_MADRI_MINORI_20;provincia;catania;2021;3.14
EUROSTAT_MADRI_MINORI_20;provincia;catania;2022;3.26
EUROSTAT_MADRI_MINORI_20;provincia;catania;2023;2.96
EUROSTAT_MADRI_MINORI_20;provincia;catania;2024;2.73
EUROSTAT_MADRI_MINORI_20;provincia;catanzaro;2015;1.58
EUROSTAT_MADRI_MINORI_20;provincia;catanzaro;2016;1.45
EUROSTAT_MADRI_MINORI_20;provincia;catanzaro;2017;1.72
EUROSTAT_MADRI_MINORI_20;provincia;catanzaro;2018;1.34
EUROSTAT_MADRI_MINORI_20;provincia;catanzaro;2019;1.01
EUROSTAT_MADRI_MINORI_20;provincia;catanzaro;2020;1.12
EUROSTAT_MADRI_MINORI_20;provincia;catanzaro;2021;0.99
EUROSTAT_MADRI_MINORI_20;provincia;catanzaro;2022;1.21
EUROSTAT_MADRI_MINORI_20;provincia;catanzaro;2023;1.21
EUROSTAT_MADRI_MINORI_20;provincia;catanzaro;2024;0.81
EUROSTAT_MADRI_MINORI_20;provincia;chieti;2015;1.14
EUROSTAT_MADRI_MINORI_20;provincia;chieti;2016;0.98
EUROSTAT_MADRI_MINORI_20;provincia;chieti;2017;1.22
EUROSTAT_MADRI_MINORI_20;provincia;chieti;2018;1.09
EUROSTAT_MADRI_MINORI_20;provincia;chieti;2019;0.99
EUROSTAT_MADRI_MINORI_20;provincia;chieti;2020;1.22
EUROSTAT_MADRI_MINORI_20;provincia;chieti;2021;0.75
EUROSTAT_MADRI_MINORI_20;provincia;chieti;2022;0.71
EUROSTAT_MADRI_MINORI_20;provincia;chieti;2023;0.64
EUROSTAT_MADRI_MINORI_20;provincia;chieti;2024;0.86
EUROSTAT_MADRI_MINORI_20;provincia;como;2015;1.01
EUROSTAT_MADRI_MINORI_20;provincia;como;2016;0.90
EUROSTAT_MADRI_MINORI_20;provincia;como;2017;0.77
EUROSTAT_MADRI_MINORI_20;provincia;como;2018;0.69
EUROSTAT_MADRI_MINORI_20;provincia;como;2019;0.61
EUROSTAT_MADRI_MINORI_20;provincia;como;2020;0.47
EUROSTAT_MADRI_MINORI_20;provincia;como;2021;0.51
EUROSTAT_MADRI_MINORI_20;provincia;como;2022;0.71
EUROSTAT_MADRI_MINORI_20;provincia;como;2023;0.53
EUROSTAT_MADRI_MINORI_20;provincia;como;2024;0.32
EUROSTAT_MADRI_MINORI_20;provincia;cosenza;2015;1.69
EUROSTAT_MADRI_MINORI_20;provincia;cosenza;2016;1.33
EUROSTAT_MADRI_MINORI_20;provincia;cosenza;2017;1.31
EUROSTAT_MADRI_MINORI_20;provincia;cosenza;2018;1.29
EUROSTAT_MADRI_MINORI_20;provincia;cosenza;2019;1.77
EUROSTAT_MADRI_MINORI_20;provincia;cosenza;2020;1.06
EUROSTAT_MADRI_MINORI_20;provincia;cosenza;2021;1.17
EUROSTAT_MADRI_MINORI_20;provincia;cosenza;2022;1.01
EUROSTAT_MADRI_MINORI_20;provincia;cosenza;2023;0.81
EUROSTAT_MADRI_MINORI_20;provincia;cosenza;2024;1.32
EUROSTAT_MADRI_MINORI_20;provincia;cremona;2015;1.16
EUROSTAT_MADRI_MINORI_20;provincia;cremona;2016;1.07
EUROSTAT_MADRI_MINORI_20;provincia;cremona;2017;1.35
EUROSTAT_MADRI_MINORI_20;provincia;cremona;2018;1.44
EUROSTAT_MADRI_MINORI_20;provincia;cremona;2019;1.61
EUROSTAT_MADRI_MINORI_20;provincia;cremona;2020;1.12
EUROSTAT_MADRI_MINORI_20;provincia;cremona;2021;0.89
EUROSTAT_MADRI_MINORI_20;provincia;cremona;2022;1.08
EUROSTAT_MADRI_MINORI_20;provincia;cremona;2023;1.03
EUROSTAT_MADRI_MINORI_20;provincia;cremona;2024;0.76
EUROSTAT_MADRI_MINORI_20;provincia;crotone;2015;3.41
EUROSTAT_MADRI_MINORI_20;provincia;crotone;2016;3.53
EUROSTAT_MADRI_MINORI_20;provincia;crotone;2017;2.41
EUROSTAT_MADRI_MINORI_20;provincia;crotone;2018;3.32
EUROSTAT_MADRI_MINORI_20;provincia;crotone;2019;3.26
EUROSTAT_MADRI_MINORI_20;provincia;crotone;2020;2.68
EUROSTAT_MADRI_MINORI_20;provincia;crotone;2021;2.20
EUROSTAT_MADRI_MINORI_20;provincia;crotone;2022;2.14
EUROSTAT_MADRI_MINORI_20;provincia;crotone;2023;2.17
EUROSTAT_MADRI_MINORI_20;provincia;crotone;2024;2.28
EUROSTAT_MADRI_MINORI_20;provincia;cuneo;2015;1.22
EUROSTAT_MADRI_MINORI_20;provincia;cuneo;2016;0.85
EUROSTAT_MADRI_MINORI_20;provincia;cuneo;2017;0.89
EUROSTAT_MADRI_MINORI_20;provincia;cuneo;2018;1.07
EUROSTAT_MADRI_MINORI_20;provincia;cuneo;2019;0.78
EUROSTAT_MADRI_MINORI_20;provincia;cuneo;2020;0.74
EUROSTAT_MADRI_MINORI_20;provincia;cuneo;2021;0.33
EUROSTAT_MADRI_MINORI_20;provincia;cuneo;2022;0.68
EUROSTAT_MADRI_MINORI_20;provincia;cuneo;2023;0.58
EUROSTAT_MADRI_MINORI_20;provincia;cuneo;2024;0.47
EUROSTAT_MADRI_MINORI_20;provincia;enna;2015;2.88
EUROSTAT_MADRI_MINORI_20;provincia;enna;2016;2.32
EUROSTAT_MADRI_MINORI_20;provincia;enna;2017;2.63
EUROSTAT_MADRI_MINORI_20;provincia;enna;2018;3.11
EUROSTAT_MADRI_MINORI_20;provincia;enna;2019;2.33
EUROSTAT_MADRI_MINORI_20;provincia;enna;2020;3.07
EUROSTAT_MADRI_MINORI_20;provincia;enna;2021;1.82
EUROSTAT_MADRI_MINORI_20;provincia;enna;2022;2.35
EUROSTAT_MADRI_MINORI_20;provincia;enna;2023;2.64
EUROSTAT_MADRI_MINORI_20;provincia;enna;2024;2.24
EUROSTAT_MADRI_MINORI_20;provincia;fermo;2015;1.12
EUROSTAT_MADRI_MINORI_20;provincia;fermo;2016;0.93
EUROSTAT_MADRI_MINORI_20;provincia;fermo;2017;0.66
EUROSTAT_MADRI_MINORI_20;provincia;fermo;2018;0.38
EUROSTAT_MADRI_MINORI_20;provincia;fermo;2019;0.40
EUROSTAT_MADRI_MINORI_20;provincia;fermo;2020;0.40
EUROSTAT_MADRI_MINORI_20;provincia;fermo;2021;0.75
EUROSTAT_MADRI_MINORI_20;provincia;fermo;2022;0.76
EUROSTAT_MADRI_MINORI_20;provincia;fermo;2023;0.51
EUROSTAT_MADRI_MINORI_20;provincia;fermo;2024;0.35
EUROSTAT_MADRI_MINORI_20;provincia;ferrara;2015;0.83
EUROSTAT_MADRI_MINORI_20;provincia;ferrara;2016;0.72
EUROSTAT_MADRI_MINORI_20;provincia;ferrara;2017;0.79
EUROSTAT_MADRI_MINORI_20;provincia;ferrara;2018;0.80
EUROSTAT_MADRI_MINORI_20;provincia;ferrara;2019;0.92
EUROSTAT_MADRI_MINORI_20;provincia;ferrara;2020;0.83
EUROSTAT_MADRI_MINORI_20;provincia;ferrara;2021;0.53
EUROSTAT_MADRI_MINORI_20;provincia;ferrara;2022;0.92
EUROSTAT_MADRI_MINORI_20;provincia;ferrara;2023;1.00
EUROSTAT_MADRI_MINORI_20;provincia;ferrara;2024;0.75
EUROSTAT_MADRI_MINORI_20;provincia;firenze;2015;1.24
EUROSTAT_MADRI_MINORI_20;provincia;firenze;2016;0.92
EUROSTAT_MADRI_MINORI_20;provincia;firenze;2017;0.89
EUROSTAT_MADRI_MINORI_20;provincia;firenze;2018;0.87
EUROSTAT_MADRI_MINORI_20;provincia;firenze;2019;0.54
EUROSTAT_MADRI_MINORI_20;provincia;firenze;2020;0.63
EUROSTAT_MADRI_MINORI_20;provincia;firenze;2021;0.44
EUROSTAT_MADRI_MINORI_20;provincia;firenze;2022;0.64
EUROSTAT_MADRI_MINORI_20;provincia;firenze;2023;0.56
EUROSTAT_MADRI_MINORI_20;provincia;firenze;2024;0.56
EUROSTAT_MADRI_MINORI_20;provincia;foggia;2015;3.40
EUROSTAT_MADRI_MINORI_20;provincia;foggia;2016;4.04
EUROSTAT_MADRI_MINORI_20;provincia;foggia;2017;2.69
EUROSTAT_MADRI_MINORI_20;provincia;foggia;2018;3.71
EUROSTAT_MADRI_MINORI_20;provincia;foggia;2019;3.23
EUROSTAT_MADRI_MINORI_20;provincia;foggia;2020;2.77
EUROSTAT_MADRI_MINORI_20;provincia;foggia;2021;2.78
EUROSTAT_MADRI_MINORI_20;provincia;foggia;2022;2.49
EUROSTAT_MADRI_MINORI_20;provincia;foggia;2023;2.90
EUROSTAT_MADRI_MINORI_20;provincia;foggia;2024;2.86
EUROSTAT_MADRI_MINORI_20;provincia;forli-cesena;2015;0.92
EUROSTAT_MADRI_MINORI_20;provincia;forli-cesena;2016;1.18
EUROSTAT_MADRI_MINORI_20;provincia;forli-cesena;2017;0.73
EUROSTAT_MADRI_MINORI_20;provincia;forli-cesena;2018;0.88
EUROSTAT_MADRI_MINORI_20;provincia;forli-cesena;2019;0.77
EUROSTAT_MADRI_MINORI_20;provincia;forli-cesena;2020;0.83
EUROSTAT_MADRI_MINORI_20;provincia;forli-cesena;2021;0.52
EUROSTAT_MADRI_MINORI_20;provincia;forli-cesena;2022;0.53
EUROSTAT_MADRI_MINORI_20;provincia;forli-cesena;2023;0.48
EUROSTAT_MADRI_MINORI_20;provincia;forli-cesena;2024;0.56
EUROSTAT_MADRI_MINORI_20;provincia;frosinone;2015;1.42
EUROSTAT_MADRI_MINORI_20;provincia;frosinone;2016;1.51
EUROSTAT_MADRI_MINORI_20;provincia;frosinone;2017;1.02
EUROSTAT_MADRI_MINORI_20;provincia;frosinone;2018;1.16
EUROSTAT_MADRI_MINORI_20;provincia;frosinone;2019;1.15
EUROSTAT_MADRI_MINORI_20;provincia;frosinone;2020;1.01
EUROSTAT_MADRI_MINORI_20;provincia;frosinone;2021;0.70
EUROSTAT_MADRI_MINORI_20;provincia;frosinone;2022;0.78
EUROSTAT_MADRI_MINORI_20;provincia;frosinone;2023;0.74
EUROSTAT_MADRI_MINORI_20;provincia;frosinone;2024;0.74
EUROSTAT_MADRI_MINORI_20;provincia;genova;2015;1.35
EUROSTAT_MADRI_MINORI_20;provincia;genova;2016;1.35
EUROSTAT_MADRI_MINORI_20;provincia;genova;2017;1.23
EUROSTAT_MADRI_MINORI_20;provincia;genova;2018;1.18
EUROSTAT_MADRI_MINORI_20;provincia;genova;2019;1.05
EUROSTAT_MADRI_MINORI_20;provincia;genova;2020;1.07
EUROSTAT_MADRI_MINORI_20;provincia;genova;2021;0.79
EUROSTAT_MADRI_MINORI_20;provincia;genova;2022;0.89
EUROSTAT_MADRI_MINORI_20;provincia;genova;2023;0.78
EUROSTAT_MADRI_MINORI_20;provincia;genova;2024;1.01
EUROSTAT_MADRI_MINORI_20;provincia;gorizia;2015;1.70
EUROSTAT_MADRI_MINORI_20;provincia;gorizia;2016;1.36
EUROSTAT_MADRI_MINORI_20;provincia;gorizia;2017;0.63
EUROSTAT_MADRI_MINORI_20;provincia;gorizia;2018;1.34
EUROSTAT_MADRI_MINORI_20;provincia;gorizia;2019;1.18
EUROSTAT_MADRI_MINORI_20;provincia;gorizia;2020;0.90
EUROSTAT_MADRI_MINORI_20;provincia;gorizia;2021;0.37
EUROSTAT_MADRI_MINORI_20;provincia;gorizia;2022;0.54
EUROSTAT_MADRI_MINORI_20;provincia;gorizia;2023;0.65
EUROSTAT_MADRI_MINORI_20;provincia;gorizia;2024;0.85
EUROSTAT_MADRI_MINORI_20;provincia;grosseto;2015;1.23
EUROSTAT_MADRI_MINORI_20;provincia;grosseto;2016;1.06
EUROSTAT_MADRI_MINORI_20;provincia;grosseto;2017;2.03
EUROSTAT_MADRI_MINORI_20;provincia;grosseto;2018;1.18
EUROSTAT_MADRI_MINORI_20;provincia;grosseto;2019;1.36
EUROSTAT_MADRI_MINORI_20;provincia;grosseto;2020;1.33
EUROSTAT_MADRI_MINORI_20;provincia;grosseto;2021;0.94
EUROSTAT_MADRI_MINORI_20;provincia;grosseto;2022;1.19
EUROSTAT_MADRI_MINORI_20;provincia;grosseto;2023;0.82
EUROSTAT_MADRI_MINORI_20;provincia;grosseto;2024;0.82
EUROSTAT_MADRI_MINORI_20;provincia;imperia;2015;1.95
EUROSTAT_MADRI_MINORI_20;provincia;imperia;2016;1.32
EUROSTAT_MADRI_MINORI_20;provincia;imperia;2017;1.94
EUROSTAT_MADRI_MINORI_20;provincia;imperia;2018;2.29
EUROSTAT_MADRI_MINORI_20;provincia;imperia;2019;1.74
EUROSTAT_MADRI_MINORI_20;provincia;imperia;2020;0.92
EUROSTAT_MADRI_MINORI_20;provincia;imperia;2021;0.56
EUROSTAT_MADRI_MINORI_20;provincia;imperia;2022;0.81
EUROSTAT_MADRI_MINORI_20;provincia;imperia;2023;1.04
EUROSTAT_MADRI_MINORI_20;provincia;imperia;2024;1.24
EUROSTAT_MADRI_MINORI_20;provincia;isernia;2015;0.78
EUROSTAT_MADRI_MINORI_20;provincia;isernia;2016;1.36
EUROSTAT_MADRI_MINORI_20;provincia;isernia;2017;1.34
EUROSTAT_MADRI_MINORI_20;provincia;isernia;2018;1.41
EUROSTAT_MADRI_MINORI_20;provincia;isernia;2019;1.56
EUROSTAT_MADRI_MINORI_20;provincia;isernia;2020;1.30
EUROSTAT_MADRI_MINORI_20;provincia;isernia;2021;0.62
EUROSTAT_MADRI_MINORI_20;provincia;isernia;2022;0.99
EUROSTAT_MADRI_MINORI_20;provincia;isernia;2023;0.44
EUROSTAT_MADRI_MINORI_20;provincia;isernia;2024;0.95
EUROSTAT_MADRI_MINORI_20;provincia;l-aquila;2015;1.05
EUROSTAT_MADRI_MINORI_20;provincia;l-aquila;2016;1.28
EUROSTAT_MADRI_MINORI_20;provincia;l-aquila;2017;0.93
EUROSTAT_MADRI_MINORI_20;provincia;l-aquila;2018;0.73
EUROSTAT_MADRI_MINORI_20;provincia;l-aquila;2019;0.75
EUROSTAT_MADRI_MINORI_20;provincia;l-aquila;2020;0.70
EUROSTAT_MADRI_MINORI_20;provincia;l-aquila;2021;0.69
EUROSTAT_MADRI_MINORI_20;provincia;l-aquila;2022;0.34
EUROSTAT_MADRI_MINORI_20;provincia;l-aquila;2023;0.72
EUROSTAT_MADRI_MINORI_20;provincia;l-aquila;2024;0.77
EUROSTAT_MADRI_MINORI_20;provincia;la-spezia;2015;1.05
EUROSTAT_MADRI_MINORI_20;provincia;la-spezia;2016;0.80
EUROSTAT_MADRI_MINORI_20;provincia;la-spezia;2017;1.73
EUROSTAT_MADRI_MINORI_20;provincia;la-spezia;2018;0.96
EUROSTAT_MADRI_MINORI_20;provincia;la-spezia;2019;1.35
EUROSTAT_MADRI_MINORI_20;provincia;la-spezia;2020;1.55
EUROSTAT_MADRI_MINORI_20;provincia;la-spezia;2021;1.27
EUROSTAT_MADRI_MINORI_20;provincia;la-spezia;2022;2.32
EUROSTAT_MADRI_MINORI_20;provincia;la-spezia;2023;0.90
EUROSTAT_MADRI_MINORI_20;provincia;la-spezia;2024;1.96
EUROSTAT_MADRI_MINORI_20;provincia;latina;2015;1.40
EUROSTAT_MADRI_MINORI_20;provincia;latina;2016;1.21
EUROSTAT_MADRI_MINORI_20;provincia;latina;2017;1.09
EUROSTAT_MADRI_MINORI_20;provincia;latina;2018;1.01
EUROSTAT_MADRI_MINORI_20;provincia;latina;2019;1.00
EUROSTAT_MADRI_MINORI_20;provincia;latina;2020;0.93
EUROSTAT_MADRI_MINORI_20;provincia;latina;2021;0.81
EUROSTAT_MADRI_MINORI_20;provincia;latina;2022;0.89
EUROSTAT_MADRI_MINORI_20;provincia;latina;2023;0.91
EUROSTAT_MADRI_MINORI_20;provincia;latina;2024;1.13
EUROSTAT_MADRI_MINORI_20;provincia;lecce;2015;1.36
EUROSTAT_MADRI_MINORI_20;provincia;lecce;2016;1.42
EUROSTAT_MADRI_MINORI_20;provincia;lecce;2017;1.10
EUROSTAT_MADRI_MINORI_20;provincia;lecce;2018;1.44
EUROSTAT_MADRI_MINORI_20;provincia;lecce;2019;1.48
EUROSTAT_MADRI_MINORI_20;provincia;lecce;2020;1.08
EUROSTAT_MADRI_MINORI_20;provincia;lecce;2021;0.80
EUROSTAT_MADRI_MINORI_20;provincia;lecce;2022;0.76
EUROSTAT_MADRI_MINORI_20;provincia;lecce;2023;0.93
EUROSTAT_MADRI_MINORI_20;provincia;lecce;2024;1.00
EUROSTAT_MADRI_MINORI_20;provincia;lecco;2015;0.93
EUROSTAT_MADRI_MINORI_20;provincia;lecco;2016;1.29
EUROSTAT_MADRI_MINORI_20;provincia;lecco;2017;1.07
EUROSTAT_MADRI_MINORI_20;provincia;lecco;2018;0.76
EUROSTAT_MADRI_MINORI_20;provincia;lecco;2019;0.65
EUROSTAT_MADRI_MINORI_20;provincia;lecco;2020;0.42
EUROSTAT_MADRI_MINORI_20;provincia;lecco;2021;0.29
EUROSTAT_MADRI_MINORI_20;provincia;lecco;2022;0.38
EUROSTAT_MADRI_MINORI_20;provincia;lecco;2023;0.44
EUROSTAT_MADRI_MINORI_20;provincia;lecco;2024;0.44
EUROSTAT_MADRI_MINORI_20;provincia;livorno;2015;1.14
EUROSTAT_MADRI_MINORI_20;provincia;livorno;2016;1.09
EUROSTAT_MADRI_MINORI_20;provincia;livorno;2017;0.91
EUROSTAT_MADRI_MINORI_20;provincia;livorno;2018;1.36
EUROSTAT_MADRI_MINORI_20;provincia;livorno;2019;1.03
EUROSTAT_MADRI_MINORI_20;provincia;livorno;2020;0.77
EUROSTAT_MADRI_MINORI_20;provincia;livorno;2021;1.03
EUROSTAT_MADRI_MINORI_20;provincia;livorno;2022;0.66
EUROSTAT_MADRI_MINORI_20;provincia;livorno;2023;0.94
EUROSTAT_MADRI_MINORI_20;provincia;livorno;2024;0.93
EUROSTAT_MADRI_MINORI_20;provincia;lodi;2015;1.56
EUROSTAT_MADRI_MINORI_20;provincia;lodi;2016;1.80
EUROSTAT_MADRI_MINORI_20;provincia;lodi;2017;1.38
EUROSTAT_MADRI_MINORI_20;provincia;lodi;2018;1.13
EUROSTAT_MADRI_MINORI_20;provincia;lodi;2019;1.19
EUROSTAT_MADRI_MINORI_20;provincia;lodi;2020;0.76
EUROSTAT_MADRI_MINORI_20;provincia;lodi;2021;0.55
EUROSTAT_MADRI_MINORI_20;provincia;lodi;2022;1.00
EUROSTAT_MADRI_MINORI_20;provincia;lodi;2023;0.46
EUROSTAT_MADRI_MINORI_20;provincia;lodi;2024;0.89
EUROSTAT_MADRI_MINORI_20;provincia;lucca;2015;0.82
EUROSTAT_MADRI_MINORI_20;provincia;lucca;2016;1.37
EUROSTAT_MADRI_MINORI_20;provincia;lucca;2017;0.63
EUROSTAT_MADRI_MINORI_20;provincia;lucca;2018;1.16
EUROSTAT_MADRI_MINORI_20;provincia;lucca;2019;0.59
EUROSTAT_MADRI_MINORI_20;provincia;lucca;2020;0.46
EUROSTAT_MADRI_MINORI_20;provincia;lucca;2021;0.45
EUROSTAT_MADRI_MINORI_20;provincia;lucca;2022;0.39
EUROSTAT_MADRI_MINORI_20;provincia;lucca;2023;0.55
EUROSTAT_MADRI_MINORI_20;provincia;lucca;2024;0.55
EUROSTAT_MADRI_MINORI_20;provincia;macerata;2015;0.86
EUROSTAT_MADRI_MINORI_20;provincia;macerata;2016;0.93
EUROSTAT_MADRI_MINORI_20;provincia;macerata;2017;1.42
EUROSTAT_MADRI_MINORI_20;provincia;macerata;2018;0.86
EUROSTAT_MADRI_MINORI_20;provincia;macerata;2019;0.85
EUROSTAT_MADRI_MINORI_20;provincia;macerata;2020;0.73
EUROSTAT_MADRI_MINORI_20;provincia;macerata;2021;0.45
EUROSTAT_MADRI_MINORI_20;provincia;macerata;2022;0.54
EUROSTAT_MADRI_MINORI_20;provincia;macerata;2023;0.63
EUROSTAT_MADRI_MINORI_20;provincia;macerata;2024;0.72
EUROSTAT_MADRI_MINORI_20;provincia;mantova;2015;1.10
EUROSTAT_MADRI_MINORI_20;provincia;mantova;2016;1.17
EUROSTAT_MADRI_MINORI_20;provincia;mantova;2017;1.19
EUROSTAT_MADRI_MINORI_20;provincia;mantova;2018;1.08
EUROSTAT_MADRI_MINORI_20;provincia;mantova;2019;0.79
EUROSTAT_MADRI_MINORI_20;provincia;mantova;2020;0.99
EUROSTAT_MADRI_MINORI_20;provincia;mantova;2021;0.64
EUROSTAT_MADRI_MINORI_20;provincia;mantova;2022;0.61
EUROSTAT_MADRI_MINORI_20;provincia;mantova;2023;0.81
EUROSTAT_MADRI_MINORI_20;provincia;mantova;2024;0.44
EUROSTAT_MADRI_MINORI_20;provincia;massa-carrara;2015;1.73
EUROSTAT_MADRI_MINORI_20;provincia;massa-carrara;2016;1.43
EUROSTAT_MADRI_MINORI_20;provincia;massa-carrara;2017;0.74
EUROSTAT_MADRI_MINORI_20;provincia;massa-carrara;2018;1.08
EUROSTAT_MADRI_MINORI_20;provincia;massa-carrara;2019;0.93
EUROSTAT_MADRI_MINORI_20;provincia;massa-carrara;2020;1.26
EUROSTAT_MADRI_MINORI_20;provincia;massa-carrara;2021;0.51
EUROSTAT_MADRI_MINORI_20;provincia;massa-carrara;2022;1.03
EUROSTAT_MADRI_MINORI_20;provincia;massa-carrara;2023;0.88
EUROSTAT_MADRI_MINORI_20;provincia;massa-carrara;2024;0.95
EUROSTAT_MADRI_MINORI_20;provincia;matera;2015;1.23
EUROSTAT_MADRI_MINORI_20;provincia;matera;2016;1.67
EUROSTAT_MADRI_MINORI_20;provincia;matera;2017;1.13
EUROSTAT_MADRI_MINORI_20;provincia;matera;2018;1.74
EUROSTAT_MADRI_MINORI_20;provincia;matera;2019;1.05
EUROSTAT_MADRI_MINORI_20;provincia;matera;2020;1.50
EUROSTAT_MADRI_MINORI_20;provincia;matera;2021;0.87
EUROSTAT_MADRI_MINORI_20;provincia;matera;2022;0.78
EUROSTAT_MADRI_MINORI_20;provincia;matera;2023;1.23
EUROSTAT_MADRI_MINORI_20;provincia;matera;2024;0.70
EUROSTAT_MADRI_MINORI_20;provincia;messina;2015;2.42
EUROSTAT_MADRI_MINORI_20;provincia;messina;2016;1.97
EUROSTAT_MADRI_MINORI_20;provincia;messina;2017;1.74
EUROSTAT_MADRI_MINORI_20;provincia;messina;2018;1.58
EUROSTAT_MADRI_MINORI_20;provincia;messina;2019;1.65
EUROSTAT_MADRI_MINORI_20;provincia;messina;2020;1.65
EUROSTAT_MADRI_MINORI_20;provincia;messina;2021;1.45
EUROSTAT_MADRI_MINORI_20;provincia;messina;2022;1.70
EUROSTAT_MADRI_MINORI_20;provincia;messina;2023;1.80
EUROSTAT_MADRI_MINORI_20;provincia;messina;2024;1.39
EUROSTAT_MADRI_MINORI_20;provincia;milano;2015;1.10
EUROSTAT_MADRI_MINORI_20;provincia;milano;2016;1.09
EUROSTAT_MADRI_MINORI_20;provincia;milano;2017;0.90
EUROSTAT_MADRI_MINORI_20;provincia;milano;2018;0.93
EUROSTAT_MADRI_MINORI_20;provincia;milano;2019;0.88
EUROSTAT_MADRI_MINORI_20;provincia;milano;2020;0.83
EUROSTAT_MADRI_MINORI_20;provincia;milano;2021;0.65
EUROSTAT_MADRI_MINORI_20;provincia;milano;2022;0.65
EUROSTAT_MADRI_MINORI_20;provincia;milano;2023;0.67
EUROSTAT_MADRI_MINORI_20;provincia;milano;2024;0.61
EUROSTAT_MADRI_MINORI_20;provincia;modena;2015;0.79
EUROSTAT_MADRI_MINORI_20;provincia;modena;2016;0.85
EUROSTAT_MADRI_MINORI_20;provincia;modena;2017;0.90
EUROSTAT_MADRI_MINORI_20;provincia;modena;2018;0.93
EUROSTAT_MADRI_MINORI_20;provincia;modena;2019;0.65
EUROSTAT_MADRI_MINORI_20;provincia;modena;2020;0.44
EUROSTAT_MADRI_MINORI_20;provincia;modena;2021;0.37
EUROSTAT_MADRI_MINORI_20;provincia;modena;2022;0.59
EUROSTAT_MADRI_MINORI_20;provincia;modena;2023;0.53
EUROSTAT_MADRI_MINORI_20;provincia;modena;2024;0.75
EUROSTAT_MADRI_MINORI_20;provincia;monza-e-della-brianza;2015;0.63
EUROSTAT_MADRI_MINORI_20;provincia;monza-e-della-brianza;2016;0.85
EUROSTAT_MADRI_MINORI_20;provincia;monza-e-della-brianza;2017;0.68
EUROSTAT_MADRI_MINORI_20;provincia;monza-e-della-brianza;2018;0.74
EUROSTAT_MADRI_MINORI_20;provincia;monza-e-della-brianza;2019;0.78
EUROSTAT_MADRI_MINORI_20;provincia;monza-e-della-brianza;2020;0.56
EUROSTAT_MADRI_MINORI_20;provincia;monza-e-della-brianza;2021;0.54
EUROSTAT_MADRI_MINORI_20;provincia;monza-e-della-brianza;2022;0.43
EUROSTAT_MADRI_MINORI_20;provincia;monza-e-della-brianza;2023;0.68
EUROSTAT_MADRI_MINORI_20;provincia;monza-e-della-brianza;2024;0.50
EUROSTAT_MADRI_MINORI_20;provincia;napoli;2015;2.83
EUROSTAT_MADRI_MINORI_20;provincia;napoli;2016;2.71
EUROSTAT_MADRI_MINORI_20;provincia;napoli;2017;2.47
EUROSTAT_MADRI_MINORI_20;provincia;napoli;2018;2.50
EUROSTAT_MADRI_MINORI_20;provincia;napoli;2019;2.36
EUROSTAT_MADRI_MINORI_20;provincia;napoli;2020;2.13
EUROSTAT_MADRI_MINORI_20;provincia;napoli;2021;1.96
EUROSTAT_MADRI_MINORI_20;provincia;napoli;2022;1.74
EUROSTAT_MADRI_MINORI_20;provincia;napoli;2023;1.87
EUROSTAT_MADRI_MINORI_20;provincia;napoli;2024;1.60
EUROSTAT_MADRI_MINORI_20;provincia;novara;2015;0.77
EUROSTAT_MADRI_MINORI_20;provincia;novara;2016;0.89
EUROSTAT_MADRI_MINORI_20;provincia;novara;2017;1.28
EUROSTAT_MADRI_MINORI_20;provincia;novara;2018;1.07
EUROSTAT_MADRI_MINORI_20;provincia;novara;2019;0.83
EUROSTAT_MADRI_MINORI_20;provincia;novara;2020;1.04
EUROSTAT_MADRI_MINORI_20;provincia;novara;2021;0.68
EUROSTAT_MADRI_MINORI_20;provincia;novara;2022;0.72
EUROSTAT_MADRI_MINORI_20;provincia;novara;2023;0.90
EUROSTAT_MADRI_MINORI_20;provincia;novara;2024;0.90
EUROSTAT_MADRI_MINORI_20;provincia;nuoro;2015;1.15
EUROSTAT_MADRI_MINORI_20;provincia;nuoro;2016;0.72
EUROSTAT_MADRI_MINORI_20;provincia;oristano;2015;1.17
EUROSTAT_MADRI_MINORI_20;provincia;oristano;2016;0.65
EUROSTAT_MADRI_MINORI_20;provincia;padova;2015;0.93
EUROSTAT_MADRI_MINORI_20;provincia;padova;2016;0.83
EUROSTAT_MADRI_MINORI_20;provincia;padova;2017;0.83
EUROSTAT_MADRI_MINORI_20;provincia;padova;2018;0.79
EUROSTAT_MADRI_MINORI_20;provincia;padova;2019;0.77
EUROSTAT_MADRI_MINORI_20;provincia;padova;2020;0.72
EUROSTAT_MADRI_MINORI_20;provincia;padova;2021;0.58
EUROSTAT_MADRI_MINORI_20;provincia;padova;2022;0.45
EUROSTAT_MADRI_MINORI_20;provincia;padova;2023;0.57
EUROSTAT_MADRI_MINORI_20;provincia;padova;2024;0.39
EUROSTAT_MADRI_MINORI_20;provincia;palermo;2015;3.21
EUROSTAT_MADRI_MINORI_20;provincia;palermo;2016;3.31
EUROSTAT_MADRI_MINORI_20;provincia;palermo;2017;2.93
EUROSTAT_MADRI_MINORI_20;provincia;palermo;2018;2.51
EUROSTAT_MADRI_MINORI_20;provincia;palermo;2019;2.66
EUROSTAT_MADRI_MINORI_20;provincia;palermo;2020;2.37
EUROSTAT_MADRI_MINORI_20;provincia;palermo;2021;2.50
EUROSTAT_MADRI_MINORI_20;provincia;palermo;2022;2.71
EUROSTAT_MADRI_MINORI_20;provincia;palermo;2023;2.63
EUROSTAT_MADRI_MINORI_20;provincia;palermo;2024;2.51
EUROSTAT_MADRI_MINORI_20;provincia;parma;2015;1.28
EUROSTAT_MADRI_MINORI_20;provincia;parma;2016;0.92
EUROSTAT_MADRI_MINORI_20;provincia;parma;2017;0.97
EUROSTAT_MADRI_MINORI_20;provincia;parma;2018;1.05
EUROSTAT_MADRI_MINORI_20;provincia;parma;2019;0.88
EUROSTAT_MADRI_MINORI_20;provincia;parma;2020;0.67
EUROSTAT_MADRI_MINORI_20;provincia;parma;2021;0.73
EUROSTAT_MADRI_MINORI_20;provincia;parma;2022;0.40
EUROSTAT_MADRI_MINORI_20;provincia;parma;2023;0.60
EUROSTAT_MADRI_MINORI_20;provincia;parma;2024;0.65
EUROSTAT_MADRI_MINORI_20;provincia;pavia;2015;1.33
EUROSTAT_MADRI_MINORI_20;provincia;pavia;2016;1.27
EUROSTAT_MADRI_MINORI_20;provincia;pavia;2017;1.61
EUROSTAT_MADRI_MINORI_20;provincia;pavia;2018;1.54
EUROSTAT_MADRI_MINORI_20;provincia;pavia;2019;1.71
EUROSTAT_MADRI_MINORI_20;provincia;pavia;2020;1.12
EUROSTAT_MADRI_MINORI_20;provincia;pavia;2021;0.91
EUROSTAT_MADRI_MINORI_20;provincia;pavia;2022;0.98
EUROSTAT_MADRI_MINORI_20;provincia;pavia;2023;1.14
EUROSTAT_MADRI_MINORI_20;provincia;pavia;2024;1.10
EUROSTAT_MADRI_MINORI_20;provincia;perugia;2015;1.36
EUROSTAT_MADRI_MINORI_20;provincia;perugia;2016;0.96
EUROSTAT_MADRI_MINORI_20;provincia;perugia;2017;1.01
EUROSTAT_MADRI_MINORI_20;provincia;perugia;2018;0.95
EUROSTAT_MADRI_MINORI_20;provincia;perugia;2019;0.93
EUROSTAT_MADRI_MINORI_20;provincia;perugia;2020;0.97
EUROSTAT_MADRI_MINORI_20;provincia;perugia;2021;0.80
EUROSTAT_MADRI_MINORI_20;provincia;perugia;2022;0.71
EUROSTAT_MADRI_MINORI_20;provincia;perugia;2023;0.96
EUROSTAT_MADRI_MINORI_20;provincia;perugia;2024;0.31
EUROSTAT_MADRI_MINORI_20;provincia;pesaro-e-urbino;2015;1.02
EUROSTAT_MADRI_MINORI_20;provincia;pesaro-e-urbino;2016;0.92
EUROSTAT_MADRI_MINORI_20;provincia;pesaro-e-urbino;2017;0.91
EUROSTAT_MADRI_MINORI_20;provincia;pesaro-e-urbino;2018;0.88
EUROSTAT_MADRI_MINORI_20;provincia;pesaro-e-urbino;2019;0.97
EUROSTAT_MADRI_MINORI_20;provincia;pesaro-e-urbino;2020;0.42
EUROSTAT_MADRI_MINORI_20;provincia;pesaro-e-urbino;2021;0.55
EUROSTAT_MADRI_MINORI_20;provincia;pesaro-e-urbino;2022;0.90
EUROSTAT_MADRI_MINORI_20;provincia;pesaro-e-urbino;2023;0.49
EUROSTAT_MADRI_MINORI_20;provincia;pesaro-e-urbino;2024;0.53
EUROSTAT_MADRI_MINORI_20;provincia;pescara;2015;1.44
EUROSTAT_MADRI_MINORI_20;provincia;pescara;2016;1.41
EUROSTAT_MADRI_MINORI_20;provincia;pescara;2017;1.11
EUROSTAT_MADRI_MINORI_20;provincia;pescara;2018;1.32
EUROSTAT_MADRI_MINORI_20;provincia;pescara;2019;0.92
EUROSTAT_MADRI_MINORI_20;provincia;pescara;2020;1.17
EUROSTAT_MADRI_MINORI_20;provincia;pescara;2021;1.41
EUROSTAT_MADRI_MINORI_20;provincia;pescara;2022;1.22
EUROSTAT_MADRI_MINORI_20;provincia;pescara;2023;1.53
EUROSTAT_MADRI_MINORI_20;provincia;pescara;2024;0.93
EUROSTAT_MADRI_MINORI_20;provincia;piacenza;2015;1.11
EUROSTAT_MADRI_MINORI_20;provincia;piacenza;2016;1.56
EUROSTAT_MADRI_MINORI_20;provincia;piacenza;2017;1.51
EUROSTAT_MADRI_MINORI_20;provincia;piacenza;2018;1.03
EUROSTAT_MADRI_MINORI_20;provincia;piacenza;2019;1.65
EUROSTAT_MADRI_MINORI_20;provincia;piacenza;2020;0.84
EUROSTAT_MADRI_MINORI_20;provincia;piacenza;2021;0.99
EUROSTAT_MADRI_MINORI_20;provincia;piacenza;2022;0.82
EUROSTAT_MADRI_MINORI_20;provincia;piacenza;2023;0.60
EUROSTAT_MADRI_MINORI_20;provincia;piacenza;2024;0.89
EUROSTAT_MADRI_MINORI_20;provincia;pisa;2015;0.92
EUROSTAT_MADRI_MINORI_20;provincia;pisa;2016;1.19
EUROSTAT_MADRI_MINORI_20;provincia;pisa;2017;0.99
EUROSTAT_MADRI_MINORI_20;provincia;pisa;2018;1.37
EUROSTAT_MADRI_MINORI_20;provincia;pisa;2019;1.20
EUROSTAT_MADRI_MINORI_20;provincia;pisa;2020;1.06
EUROSTAT_MADRI_MINORI_20;provincia;pisa;2021;1.06
EUROSTAT_MADRI_MINORI_20;provincia;pisa;2022;0.70
EUROSTAT_MADRI_MINORI_20;provincia;pisa;2023;0.49
EUROSTAT_MADRI_MINORI_20;provincia;pisa;2024;0.87
EUROSTAT_MADRI_MINORI_20;provincia;pistoia;2015;1.57
EUROSTAT_MADRI_MINORI_20;provincia;pistoia;2016;0.83
EUROSTAT_MADRI_MINORI_20;provincia;pistoia;2017;0.73
EUROSTAT_MADRI_MINORI_20;provincia;pistoia;2018;0.73
EUROSTAT_MADRI_MINORI_20;provincia;pistoia;2019;0.71
EUROSTAT_MADRI_MINORI_20;provincia;pistoia;2020;0.40
EUROSTAT_MADRI_MINORI_20;provincia;pistoia;2021;0.63
EUROSTAT_MADRI_MINORI_20;provincia;pistoia;2022;0.52
EUROSTAT_MADRI_MINORI_20;provincia;pistoia;2023;0.90
EUROSTAT_MADRI_MINORI_20;provincia;pistoia;2024;0.44
EUROSTAT_MADRI_MINORI_20;provincia;pordenone;2015;0.81
EUROSTAT_MADRI_MINORI_20;provincia;pordenone;2016;0.77
EUROSTAT_MADRI_MINORI_20;provincia;pordenone;2017;0.90
EUROSTAT_MADRI_MINORI_20;provincia;pordenone;2018;1.02
EUROSTAT_MADRI_MINORI_20;provincia;pordenone;2019;0.41
EUROSTAT_MADRI_MINORI_20;provincia;pordenone;2020;0.96
EUROSTAT_MADRI_MINORI_20;provincia;pordenone;2021;0.75
EUROSTAT_MADRI_MINORI_20;provincia;pordenone;2022;0.35
EUROSTAT_MADRI_MINORI_20;provincia;pordenone;2023;0.81
EUROSTAT_MADRI_MINORI_20;provincia;pordenone;2024;0.53
EUROSTAT_MADRI_MINORI_20;provincia;potenza;2015;1.47
EUROSTAT_MADRI_MINORI_20;provincia;potenza;2016;0.91
EUROSTAT_MADRI_MINORI_20;provincia;potenza;2017;0.89
EUROSTAT_MADRI_MINORI_20;provincia;potenza;2018;1.07
EUROSTAT_MADRI_MINORI_20;provincia;potenza;2019;0.81
EUROSTAT_MADRI_MINORI_20;provincia;potenza;2020;0.75
EUROSTAT_MADRI_MINORI_20;provincia;potenza;2021;0.82
EUROSTAT_MADRI_MINORI_20;provincia;potenza;2022;0.58
EUROSTAT_MADRI_MINORI_20;provincia;potenza;2023;0.55
EUROSTAT_MADRI_MINORI_20;provincia;potenza;2024;0.58
EUROSTAT_MADRI_MINORI_20;provincia;prato;2015;0.70
EUROSTAT_MADRI_MINORI_20;provincia;prato;2016;0.95
EUROSTAT_MADRI_MINORI_20;provincia;prato;2017;0.85
EUROSTAT_MADRI_MINORI_20;provincia;prato;2018;1.09
EUROSTAT_MADRI_MINORI_20;provincia;prato;2019;0.29
EUROSTAT_MADRI_MINORI_20;provincia;prato;2020;0.71
EUROSTAT_MADRI_MINORI_20;provincia;prato;2021;0.37
EUROSTAT_MADRI_MINORI_20;provincia;prato;2022;0.81
EUROSTAT_MADRI_MINORI_20;provincia;prato;2023;0.33
EUROSTAT_MADRI_MINORI_20;provincia;prato;2024;0.43
EUROSTAT_MADRI_MINORI_20;provincia;ragusa;2015;2.77
EUROSTAT_MADRI_MINORI_20;provincia;ragusa;2016;2.30
EUROSTAT_MADRI_MINORI_20;provincia;ragusa;2017;2.55
EUROSTAT_MADRI_MINORI_20;provincia;ragusa;2018;2.46
EUROSTAT_MADRI_MINORI_20;provincia;ragusa;2019;2.33
EUROSTAT_MADRI_MINORI_20;provincia;ragusa;2020;1.55
EUROSTAT_MADRI_MINORI_20;provincia;ragusa;2021;1.94
EUROSTAT_MADRI_MINORI_20;provincia;ragusa;2022;1.67
EUROSTAT_MADRI_MINORI_20;provincia;ragusa;2023;1.67
EUROSTAT_MADRI_MINORI_20;provincia;ragusa;2024;1.47
EUROSTAT_MADRI_MINORI_20;provincia;ravenna;2015;1.50
EUROSTAT_MADRI_MINORI_20;provincia;ravenna;2016;1.28
EUROSTAT_MADRI_MINORI_20;provincia;ravenna;2017;1.32
EUROSTAT_MADRI_MINORI_20;provincia;ravenna;2018;1.12
EUROSTAT_MADRI_MINORI_20;provincia;ravenna;2019;0.88
EUROSTAT_MADRI_MINORI_20;provincia;ravenna;2020;0.99
EUROSTAT_MADRI_MINORI_20;provincia;ravenna;2021;0.49
EUROSTAT_MADRI_MINORI_20;provincia;ravenna;2022;0.95
EUROSTAT_MADRI_MINORI_20;provincia;ravenna;2023;0.61
EUROSTAT_MADRI_MINORI_20;provincia;ravenna;2024;0.63
EUROSTAT_MADRI_MINORI_20;provincia;reggio-calabria;2015;1.26
EUROSTAT_MADRI_MINORI_20;provincia;reggio-calabria;2016;1.20
EUROSTAT_MADRI_MINORI_20;provincia;reggio-calabria;2017;1.44
EUROSTAT_MADRI_MINORI_20;provincia;reggio-calabria;2018;1.37
EUROSTAT_MADRI_MINORI_20;provincia;reggio-calabria;2019;0.98
EUROSTAT_MADRI_MINORI_20;provincia;reggio-calabria;2020;0.90
EUROSTAT_MADRI_MINORI_20;provincia;reggio-calabria;2021;0.52
EUROSTAT_MADRI_MINORI_20;provincia;reggio-calabria;2022;0.86
EUROSTAT_MADRI_MINORI_20;provincia;reggio-calabria;2023;0.69
EUROSTAT_MADRI_MINORI_20;provincia;reggio-calabria;2024;0.78
EUROSTAT_MADRI_MINORI_20;provincia;reggio-emilia;2015;1.23
EUROSTAT_MADRI_MINORI_20;provincia;reggio-emilia;2016;1.00
EUROSTAT_MADRI_MINORI_20;provincia;reggio-emilia;2017;0.77
EUROSTAT_MADRI_MINORI_20;provincia;reggio-emilia;2018;0.68
EUROSTAT_MADRI_MINORI_20;provincia;reggio-emilia;2019;0.69
EUROSTAT_MADRI_MINORI_20;provincia;reggio-emilia;2020;0.68
EUROSTAT_MADRI_MINORI_20;provincia;reggio-emilia;2021;0.66
EUROSTAT_MADRI_MINORI_20;provincia;reggio-emilia;2022;0.71
EUROSTAT_MADRI_MINORI_20;provincia;reggio-emilia;2023;0.53
EUROSTAT_MADRI_MINORI_20;provincia;reggio-emilia;2024;0.34
EUROSTAT_MADRI_MINORI_20;provincia;rieti;2015;0.96
EUROSTAT_MADRI_MINORI_20;provincia;rieti;2016;0.39
EUROSTAT_MADRI_MINORI_20;provincia;rieti;2017;0.89
EUROSTAT_MADRI_MINORI_20;provincia;rieti;2018;0.32
EUROSTAT_MADRI_MINORI_20;provincia;rieti;2019;1.07
EUROSTAT_MADRI_MINORI_20;provincia;rieti;2020;0.66
EUROSTAT_MADRI_MINORI_20;provincia;rieti;2021;0.81
EUROSTAT_MADRI_MINORI_20;provincia;rieti;2022;0.95
EUROSTAT_MADRI_MINORI_20;provincia;rieti;2023;1.46
EUROSTAT_MADRI_MINORI_20;provincia;rieti;2024;1.10
EUROSTAT_MADRI_MINORI_20;provincia;rimini;2015;1.08
EUROSTAT_MADRI_MINORI_20;provincia;rimini;2016;1.48
EUROSTAT_MADRI_MINORI_20;provincia;rimini;2017;0.73
EUROSTAT_MADRI_MINORI_20;provincia;rimini;2018;0.64
EUROSTAT_MADRI_MINORI_20;provincia;rimini;2019;0.99
EUROSTAT_MADRI_MINORI_20;provincia;rimini;2020;0.55
EUROSTAT_MADRI_MINORI_20;provincia;rimini;2021;0.64
EUROSTAT_MADRI_MINORI_20;provincia;rimini;2022;0.63
EUROSTAT_MADRI_MINORI_20;provincia;rimini;2023;0.61
EUROSTAT_MADRI_MINORI_20;provincia;rimini;2024;0.63
EUROSTAT_MADRI_MINORI_20;provincia;roma;2015;0.92
EUROSTAT_MADRI_MINORI_20;provincia;roma;2016;0.90
EUROSTAT_MADRI_MINORI_20;provincia;roma;2017;0.91
EUROSTAT_MADRI_MINORI_20;provincia;roma;2018;0.89
EUROSTAT_MADRI_MINORI_20;provincia;roma;2019;0.78
EUROSTAT_MADRI_MINORI_20;provincia;roma;2020;0.79
EUROSTAT_MADRI_MINORI_20;provincia;roma;2021;0.59
EUROSTAT_MADRI_MINORI_20;provincia;roma;2022;0.61
EUROSTAT_MADRI_MINORI_20;provincia;roma;2023;0.73
EUROSTAT_MADRI_MINORI_20;provincia;roma;2024;0.73
EUROSTAT_MADRI_MINORI_20;provincia;rovigo;2015;0.88
EUROSTAT_MADRI_MINORI_20;provincia;rovigo;2016;1.50
EUROSTAT_MADRI_MINORI_20;provincia;rovigo;2017;1.07
EUROSTAT_MADRI_MINORI_20;provincia;rovigo;2018;1.19
EUROSTAT_MADRI_MINORI_20;provincia;rovigo;2019;0.99
EUROSTAT_MADRI_MINORI_20;provincia;rovigo;2020;1.11
EUROSTAT_MADRI_MINORI_20;provincia;rovigo;2021;0.77
EUROSTAT_MADRI_MINORI_20;provincia;rovigo;2022;0.77
EUROSTAT_MADRI_MINORI_20;provincia;rovigo;2023;0.94
EUROSTAT_MADRI_MINORI_20;provincia;rovigo;2024;0.99
EUROSTAT_MADRI_MINORI_20;provincia;salerno;2015;1.63
EUROSTAT_MADRI_MINORI_20;provincia;salerno;2016;1.52
EUROSTAT_MADRI_MINORI_20;provincia;salerno;2017;1.44
EUROSTAT_MADRI_MINORI_20;provincia;salerno;2018;1.40
EUROSTAT_MADRI_MINORI_20;provincia;salerno;2019;1.24
EUROSTAT_MADRI_MINORI_20;provincia;salerno;2020;1.10
EUROSTAT_MADRI_MINORI_20;provincia;salerno;2021;1.16
EUROSTAT_MADRI_MINORI_20;provincia;salerno;2022;0.99
EUROSTAT_MADRI_MINORI_20;provincia;salerno;2023;0.94
EUROSTAT_MADRI_MINORI_20;provincia;salerno;2024;1.00
EUROSTAT_MADRI_MINORI_20;provincia;sassari;2015;1.90
EUROSTAT_MADRI_MINORI_20;provincia;sassari;2016;1.81
EUROSTAT_MADRI_MINORI_20;provincia;savona;2015;0.88
EUROSTAT_MADRI_MINORI_20;provincia;savona;2016;0.95
EUROSTAT_MADRI_MINORI_20;provincia;savona;2017;1.27
EUROSTAT_MADRI_MINORI_20;provincia;savona;2018;1.05
EUROSTAT_MADRI_MINORI_20;provincia;savona;2019;0.77
EUROSTAT_MADRI_MINORI_20;provincia;savona;2020;0.57
EUROSTAT_MADRI_MINORI_20;provincia;savona;2021;0.73
EUROSTAT_MADRI_MINORI_20;provincia;savona;2022;0.79
EUROSTAT_MADRI_MINORI_20;provincia;savona;2023;0.96
EUROSTAT_MADRI_MINORI_20;provincia;savona;2024;0.69
EUROSTAT_MADRI_MINORI_20;provincia;siena;2015;1.03
EUROSTAT_MADRI_MINORI_20;provincia;siena;2016;1.06
EUROSTAT_MADRI_MINORI_20;provincia;siena;2017;1.34
EUROSTAT_MADRI_MINORI_20;provincia;siena;2018;0.94
EUROSTAT_MADRI_MINORI_20;provincia;siena;2019;0.85
EUROSTAT_MADRI_MINORI_20;provincia;siena;2020;0.51
EUROSTAT_MADRI_MINORI_20;provincia;siena;2021;0.47
EUROSTAT_MADRI_MINORI_20;provincia;siena;2022;0.76
EUROSTAT_MADRI_MINORI_20;provincia;siena;2023;0.53
EUROSTAT_MADRI_MINORI_20;provincia;siena;2024;0.97
EUROSTAT_MADRI_MINORI_20;provincia;siracusa;2015;4.00
EUROSTAT_MADRI_MINORI_20;provincia;siracusa;2016;3.79
EUROSTAT_MADRI_MINORI_20;provincia;siracusa;2017;4.32
EUROSTAT_MADRI_MINORI_20;provincia;siracusa;2018;3.77
EUROSTAT_MADRI_MINORI_20;provincia;siracusa;2019;3.45
EUROSTAT_MADRI_MINORI_20;provincia;siracusa;2020;3.67
EUROSTAT_MADRI_MINORI_20;provincia;siracusa;2021;4.05
EUROSTAT_MADRI_MINORI_20;provincia;siracusa;2022;3.03
EUROSTAT_MADRI_MINORI_20;provincia;siracusa;2023;3.48
EUROSTAT_MADRI_MINORI_20;provincia;siracusa;2024;3.05
EUROSTAT_MADRI_MINORI_20;provincia;sondrio;2015;0.97
EUROSTAT_MADRI_MINORI_20;provincia;sondrio;2016;0.83
EUROSTAT_MADRI_MINORI_20;provincia;sondrio;2017;0.79
EUROSTAT_MADRI_MINORI_20;provincia;sondrio;2018;0.60
EUROSTAT_MADRI_MINORI_20;provincia;sondrio;2019;0.46
EUROSTAT_MADRI_MINORI_20;provincia;sondrio;2020;0.68
EUROSTAT_MADRI_MINORI_20;provincia;sondrio;2021;0.73
EUROSTAT_MADRI_MINORI_20;provincia;sondrio;2022;0.75
EUROSTAT_MADRI_MINORI_20;provincia;sondrio;2023;0.35
EUROSTAT_MADRI_MINORI_20;provincia;sondrio;2024;0.26
EUROSTAT_MADRI_MINORI_20;provincia;sud-sardegna;2015;1.95
EUROSTAT_MADRI_MINORI_20;provincia;sud-sardegna;2016;1.44
EUROSTAT_MADRI_MINORI_20;provincia;sud-sardegna;2017;1.36
EUROSTAT_MADRI_MINORI_20;provincia;sud-sardegna;2018;1.59
EUROSTAT_MADRI_MINORI_20;provincia;sud-sardegna;2019;1.12
EUROSTAT_MADRI_MINORI_20;provincia;sud-sardegna;2020;0.93
EUROSTAT_MADRI_MINORI_20;provincia;sud-sardegna;2021;1.21
EUROSTAT_MADRI_MINORI_20;provincia;sud-sardegna;2022;1.17
EUROSTAT_MADRI_MINORI_20;provincia;sud-sardegna;2023;0.69
EUROSTAT_MADRI_MINORI_20;provincia;sud-sardegna;2024;0.88
EUROSTAT_MADRI_MINORI_20;provincia;taranto;2015;2.30
EUROSTAT_MADRI_MINORI_20;provincia;taranto;2016;1.86
EUROSTAT_MADRI_MINORI_20;provincia;taranto;2017;2.05
EUROSTAT_MADRI_MINORI_20;provincia;taranto;2018;2.05
EUROSTAT_MADRI_MINORI_20;provincia;taranto;2019;2.13
EUROSTAT_MADRI_MINORI_20;provincia;taranto;2020;2.03
EUROSTAT_MADRI_MINORI_20;provincia;taranto;2021;1.73
EUROSTAT_MADRI_MINORI_20;provincia;taranto;2022;2.07
EUROSTAT_MADRI_MINORI_20;provincia;taranto;2023;1.76
EUROSTAT_MADRI_MINORI_20;provincia;taranto;2024;1.87
EUROSTAT_MADRI_MINORI_20;provincia;teramo;2015;0.88
EUROSTAT_MADRI_MINORI_20;provincia;teramo;2016;1.33
EUROSTAT_MADRI_MINORI_20;provincia;teramo;2017;0.95
EUROSTAT_MADRI_MINORI_20;provincia;teramo;2018;0.90
EUROSTAT_MADRI_MINORI_20;provincia;teramo;2019;0.94
EUROSTAT_MADRI_MINORI_20;provincia;teramo;2020;0.92
EUROSTAT_MADRI_MINORI_20;provincia;teramo;2021;0.76
EUROSTAT_MADRI_MINORI_20;provincia;teramo;2022;0.88
EUROSTAT_MADRI_MINORI_20;provincia;teramo;2023;0.68
EUROSTAT_MADRI_MINORI_20;provincia;teramo;2024;0.86
EUROSTAT_MADRI_MINORI_20;provincia;terni;2015;0.75
EUROSTAT_MADRI_MINORI_20;provincia;terni;2016;1.24
EUROSTAT_MADRI_MINORI_20;provincia;terni;2017;0.87
EUROSTAT_MADRI_MINORI_20;provincia;terni;2018;0.96
EUROSTAT_MADRI_MINORI_20;provincia;terni;2019;1.09
EUROSTAT_MADRI_MINORI_20;provincia;terni;2020;0.72
EUROSTAT_MADRI_MINORI_20;provincia;terni;2021;0.57
EUROSTAT_MADRI_MINORI_20;provincia;terni;2022;0.70
EUROSTAT_MADRI_MINORI_20;provincia;terni;2023;0.63
EUROSTAT_MADRI_MINORI_20;provincia;terni;2024;0.53
EUROSTAT_MADRI_MINORI_20;provincia;torino;2015;1.05
EUROSTAT_MADRI_MINORI_20;provincia;torino;2016;0.86
EUROSTAT_MADRI_MINORI_20;provincia;torino;2017;0.94
EUROSTAT_MADRI_MINORI_20;provincia;torino;2018;0.98
EUROSTAT_MADRI_MINORI_20;provincia;torino;2019;0.86
EUROSTAT_MADRI_MINORI_20;provincia;torino;2020;0.71
EUROSTAT_MADRI_MINORI_20;provincia;torino;2021;0.75
EUROSTAT_MADRI_MINORI_20;provincia;torino;2022;0.50
EUROSTAT_MADRI_MINORI_20;provincia;torino;2023;0.66
EUROSTAT_MADRI_MINORI_20;provincia;torino;2024;0.60
EUROSTAT_MADRI_MINORI_20;provincia;trapani;2015;2.14
EUROSTAT_MADRI_MINORI_20;provincia;trapani;2016;2.47
EUROSTAT_MADRI_MINORI_20;provincia;trapani;2017;1.86
EUROSTAT_MADRI_MINORI_20;provincia;trapani;2018;2.47
EUROSTAT_MADRI_MINORI_20;provincia;trapani;2019;2.61
EUROSTAT_MADRI_MINORI_20;provincia;trapani;2020;2.07
EUROSTAT_MADRI_MINORI_20;provincia;trapani;2021;2.26
EUROSTAT_MADRI_MINORI_20;provincia;trapani;2022;1.62
EUROSTAT_MADRI_MINORI_20;provincia;trapani;2023;1.82
EUROSTAT_MADRI_MINORI_20;provincia;trapani;2024;1.90
EUROSTAT_MADRI_MINORI_20;provincia;trento;2015;0.95
EUROSTAT_MADRI_MINORI_20;provincia;trento;2016;0.99
EUROSTAT_MADRI_MINORI_20;provincia;trento;2017;0.82
EUROSTAT_MADRI_MINORI_20;provincia;trento;2018;0.85
EUROSTAT_MADRI_MINORI_20;provincia;trento;2019;0.61
EUROSTAT_MADRI_MINORI_20;provincia;trento;2020;0.84
EUROSTAT_MADRI_MINORI_20;provincia;trento;2021;0.53
EUROSTAT_MADRI_MINORI_20;provincia;trento;2022;0.55
EUROSTAT_MADRI_MINORI_20;provincia;trento;2023;0.50
EUROSTAT_MADRI_MINORI_20;provincia;trento;2024;0.56
EUROSTAT_MADRI_MINORI_20;provincia;treviso;2015;0.66
EUROSTAT_MADRI_MINORI_20;provincia;treviso;2016;1.09
EUROSTAT_MADRI_MINORI_20;provincia;treviso;2017;0.83
EUROSTAT_MADRI_MINORI_20;provincia;treviso;2018;0.86
EUROSTAT_MADRI_MINORI_20;provincia;treviso;2019;0.69
EUROSTAT_MADRI_MINORI_20;provincia;treviso;2020;0.66
EUROSTAT_MADRI_MINORI_20;provincia;treviso;2021;0.52
EUROSTAT_MADRI_MINORI_20;provincia;treviso;2022;0.45
EUROSTAT_MADRI_MINORI_20;provincia;treviso;2023;0.58
EUROSTAT_MADRI_MINORI_20;provincia;treviso;2024;0.63
EUROSTAT_MADRI_MINORI_20;provincia;trieste;2015;0.95
EUROSTAT_MADRI_MINORI_20;provincia;trieste;2016;1.07
EUROSTAT_MADRI_MINORI_20;provincia;trieste;2017;0.68
EUROSTAT_MADRI_MINORI_20;provincia;trieste;2018;1.18
EUROSTAT_MADRI_MINORI_20;provincia;trieste;2019;1.26
EUROSTAT_MADRI_MINORI_20;provincia;trieste;2020;0.73
EUROSTAT_MADRI_MINORI_20;provincia;trieste;2021;0.52
EUROSTAT_MADRI_MINORI_20;provincia;trieste;2022;0.87
EUROSTAT_MADRI_MINORI_20;provincia;trieste;2023;0.55
EUROSTAT_MADRI_MINORI_20;provincia;trieste;2024;1.11
EUROSTAT_MADRI_MINORI_20;provincia;udine;2015;0.69
EUROSTAT_MADRI_MINORI_20;provincia;udine;2016;0.81
EUROSTAT_MADRI_MINORI_20;provincia;udine;2017;0.59
EUROSTAT_MADRI_MINORI_20;provincia;udine;2018;0.92
EUROSTAT_MADRI_MINORI_20;provincia;udine;2019;0.64
EUROSTAT_MADRI_MINORI_20;provincia;udine;2020;0.68
EUROSTAT_MADRI_MINORI_20;provincia;udine;2021;0.50
EUROSTAT_MADRI_MINORI_20;provincia;udine;2022;0.75
EUROSTAT_MADRI_MINORI_20;provincia;udine;2023;0.61
EUROSTAT_MADRI_MINORI_20;provincia;udine;2024;0.53
EUROSTAT_MADRI_MINORI_20;provincia;varese;2015;1.08
EUROSTAT_MADRI_MINORI_20;provincia;varese;2016;1.08
EUROSTAT_MADRI_MINORI_20;provincia;varese;2017;1.02
EUROSTAT_MADRI_MINORI_20;provincia;varese;2018;0.83
EUROSTAT_MADRI_MINORI_20;provincia;varese;2019;0.84
EUROSTAT_MADRI_MINORI_20;provincia;varese;2020;0.86
EUROSTAT_MADRI_MINORI_20;provincia;varese;2021;0.84
EUROSTAT_MADRI_MINORI_20;provincia;varese;2022;0.63
EUROSTAT_MADRI_MINORI_20;provincia;varese;2023;0.65
EUROSTAT_MADRI_MINORI_20;provincia;varese;2024;0.53
EUROSTAT_MADRI_MINORI_20;provincia;venezia;2015;0.89
EUROSTAT_MADRI_MINORI_20;provincia;venezia;2016;0.95
EUROSTAT_MADRI_MINORI_20;provincia;venezia;2017;1.01
EUROSTAT_MADRI_MINORI_20;provincia;venezia;2018;0.90
EUROSTAT_MADRI_MINORI_20;provincia;venezia;2019;0.82
EUROSTAT_MADRI_MINORI_20;provincia;venezia;2020;0.86
EUROSTAT_MADRI_MINORI_20;provincia;venezia;2021;0.67
EUROSTAT_MADRI_MINORI_20;provincia;venezia;2022;0.58
EUROSTAT_MADRI_MINORI_20;provincia;venezia;2023;1.00
EUROSTAT_MADRI_MINORI_20;provincia;venezia;2024;0.83
EUROSTAT_MADRI_MINORI_20;provincia;verbano-cusio-ossola;2015;0.77
EUROSTAT_MADRI_MINORI_20;provincia;verbano-cusio-ossola;2016;0.63
EUROSTAT_MADRI_MINORI_20;provincia;verbano-cusio-ossola;2017;1.43
EUROSTAT_MADRI_MINORI_20;provincia;verbano-cusio-ossola;2018;0.23
EUROSTAT_MADRI_MINORI_20;provincia;verbano-cusio-ossola;2019;0.99
EUROSTAT_MADRI_MINORI_20;provincia;verbano-cusio-ossola;2020;0.81
EUROSTAT_MADRI_MINORI_20;provincia;verbano-cusio-ossola;2021;0.23
EUROSTAT_MADRI_MINORI_20;provincia;verbano-cusio-ossola;2022;0.52
EUROSTAT_MADRI_MINORI_20;provincia;verbano-cusio-ossola;2023;0.52
EUROSTAT_MADRI_MINORI_20;provincia;verbano-cusio-ossola;2024;0.66
EUROSTAT_MADRI_MINORI_20;provincia;vercelli;2015;2.80
EUROSTAT_MADRI_MINORI_20;provincia;vercelli;2016;1.29
EUROSTAT_MADRI_MINORI_20;provincia;vercelli;2017;1.43
EUROSTAT_MADRI_MINORI_20;provincia;vercelli;2018;1.12
EUROSTAT_MADRI_MINORI_20;provincia;vercelli;2019;1.53
EUROSTAT_MADRI_MINORI_20;provincia;vercelli;2020;1.09
EUROSTAT_MADRI_MINORI_20;provincia;vercelli;2021;0.80
EUROSTAT_MADRI_MINORI_20;provincia;vercelli;2022;1.12
EUROSTAT_MADRI_MINORI_20;provincia;vercelli;2023;0.53
EUROSTAT_MADRI_MINORI_20;provincia;vercelli;2024;1.00
EUROSTAT_MADRI_MINORI_20;provincia;verona;2015;0.93
EUROSTAT_MADRI_MINORI_20;provincia;verona;2016;0.95
EUROSTAT_MADRI_MINORI_20;provincia;verona;2017;0.91
EUROSTAT_MADRI_MINORI_20;provincia;verona;2018;0.68
EUROSTAT_MADRI_MINORI_20;provincia;verona;2019;0.84
EUROSTAT_MADRI_MINORI_20;provincia;verona;2020;0.69
EUROSTAT_MADRI_MINORI_20;provincia;verona;2021;0.51
EUROSTAT_MADRI_MINORI_20;provincia;verona;2022;0.51
EUROSTAT_MADRI_MINORI_20;provincia;verona;2023;0.50
EUROSTAT_MADRI_MINORI_20;provincia;verona;2024;0.50
EUROSTAT_MADRI_MINORI_20;provincia;vibo-valentia;2015;0.62
EUROSTAT_MADRI_MINORI_20;provincia;vibo-valentia;2016;1.43
EUROSTAT_MADRI_MINORI_20;provincia;vibo-valentia;2017;1.62
EUROSTAT_MADRI_MINORI_20;provincia;vibo-valentia;2018;1.22
EUROSTAT_MADRI_MINORI_20;provincia;vibo-valentia;2019;0.86
EUROSTAT_MADRI_MINORI_20;provincia;vibo-valentia;2020;1.11
EUROSTAT_MADRI_MINORI_20;provincia;vibo-valentia;2021;1.02
EUROSTAT_MADRI_MINORI_20;provincia;vibo-valentia;2022;0.72
EUROSTAT_MADRI_MINORI_20;provincia;vibo-valentia;2023;0.72
EUROSTAT_MADRI_MINORI_20;provincia;vibo-valentia;2024;0.54
EUROSTAT_MADRI_MINORI_20;provincia;vicenza;2015;0.82
EUROSTAT_MADRI_MINORI_20;provincia;vicenza;2016;0.92
EUROSTAT_MADRI_MINORI_20;provincia;vicenza;2017;1.15
EUROSTAT_MADRI_MINORI_20;provincia;vicenza;2018;0.87
EUROSTAT_MADRI_MINORI_20;provincia;vicenza;2019;0.72
EUROSTAT_MADRI_MINORI_20;provincia;vicenza;2020;0.81
EUROSTAT_MADRI_MINORI_20;provincia;vicenza;2021;0.47
EUROSTAT_MADRI_MINORI_20;provincia;vicenza;2022;0.47
EUROSTAT_MADRI_MINORI_20;provincia;vicenza;2023;0.55
EUROSTAT_MADRI_MINORI_20;provincia;vicenza;2024;0.40
EUROSTAT_MADRI_MINORI_20;provincia;viterbo;2015;1.02
EUROSTAT_MADRI_MINORI_20;provincia;viterbo;2016;1.14
EUROSTAT_MADRI_MINORI_20;provincia;viterbo;2017;1.29
EUROSTAT_MADRI_MINORI_20;provincia;viterbo;2018;1.14
EUROSTAT_MADRI_MINORI_20;provincia;viterbo;2019;1.01
EUROSTAT_MADRI_MINORI_20;provincia;viterbo;2020;0.88
EUROSTAT_MADRI_MINORI_20;provincia;viterbo;2021;0.73
EUROSTAT_MADRI_MINORI_20;provincia;viterbo;2022;0.62
EUROSTAT_MADRI_MINORI_20;provincia;viterbo;2023;0.77
EUROSTAT_MADRI_MINORI_20;provincia;viterbo;2024;0.45
EUROSTAT_MADRI_MINORI_20;regione;abruzzo;2015;1.13
EUROSTAT_MADRI_MINORI_20;regione;abruzzo;2016;1.24
EUROSTAT_MADRI_MINORI_20;regione;abruzzo;2017;1.06
EUROSTAT_MADRI_MINORI_20;regione;abruzzo;2018;1.02
EUROSTAT_MADRI_MINORI_20;regione;abruzzo;2019;0.91
EUROSTAT_MADRI_MINORI_20;regione;abruzzo;2020;1.02
EUROSTAT_MADRI_MINORI_20;regione;abruzzo;2021;0.92
EUROSTAT_MADRI_MINORI_20;regione;abruzzo;2022;0.80
EUROSTAT_MADRI_MINORI_20;regione;abruzzo;2023;0.88
EUROSTAT_MADRI_MINORI_20;regione;abruzzo;2024;0.86
EUROSTAT_MADRI_MINORI_20;regione;basilicata;2015;1.38
EUROSTAT_MADRI_MINORI_20;regione;basilicata;2016;1.19
EUROSTAT_MADRI_MINORI_20;regione;basilicata;2017;0.97
EUROSTAT_MADRI_MINORI_20;regione;basilicata;2018;1.32
EUROSTAT_MADRI_MINORI_20;regione;basilicata;2019;0.90
EUROSTAT_MADRI_MINORI_20;regione;basilicata;2020;1.02
EUROSTAT_MADRI_MINORI_20;regione;basilicata;2021;0.84
EUROSTAT_MADRI_MINORI_20;regione;basilicata;2022;0.65
EUROSTAT_MADRI_MINORI_20;regione;basilicata;2023;0.80
EUROSTAT_MADRI_MINORI_20;regione;basilicata;2024;0.62
EUROSTAT_MADRI_MINORI_20;regione;calabria;2015;1.62
EUROSTAT_MADRI_MINORI_20;regione;calabria;2016;1.53
EUROSTAT_MADRI_MINORI_20;regione;calabria;2017;1.55
EUROSTAT_MADRI_MINORI_20;regione;calabria;2018;1.52
EUROSTAT_MADRI_MINORI_20;regione;calabria;2019;1.47
EUROSTAT_MADRI_MINORI_20;regione;calabria;2020;1.18
EUROSTAT_MADRI_MINORI_20;regione;calabria;2021;1.04
EUROSTAT_MADRI_MINORI_20;regione;calabria;2022;1.09
EUROSTAT_MADRI_MINORI_20;regione;calabria;2023;0.96
EUROSTAT_MADRI_MINORI_20;regione;calabria;2024;1.09
EUROSTAT_MADRI_MINORI_20;regione;campania;2015;2.34
EUROSTAT_MADRI_MINORI_20;regione;campania;2016;2.21
EUROSTAT_MADRI_MINORI_20;regione;campania;2017;2.04
EUROSTAT_MADRI_MINORI_20;regione;campania;2018;1.99
EUROSTAT_MADRI_MINORI_20;regione;campania;2019;1.87
EUROSTAT_MADRI_MINORI_20;regione;campania;2020;1.68
EUROSTAT_MADRI_MINORI_20;regione;campania;2021;1.60
EUROSTAT_MADRI_MINORI_20;regione;campania;2022;1.42
EUROSTAT_MADRI_MINORI_20;regione;campania;2023;1.46
EUROSTAT_MADRI_MINORI_20;regione;campania;2024;1.37
EUROSTAT_MADRI_MINORI_20;regione;emilia-romagna;2015;1.06
EUROSTAT_MADRI_MINORI_20;regione;emilia-romagna;2016;1.09
EUROSTAT_MADRI_MINORI_20;regione;emilia-romagna;2017;0.92
EUROSTAT_MADRI_MINORI_20;regione;emilia-romagna;2018;0.92
EUROSTAT_MADRI_MINORI_20;regione;emilia-romagna;2019;0.83
EUROSTAT_MADRI_MINORI_20;regione;emilia-romagna;2020;0.72
EUROSTAT_MADRI_MINORI_20;regione;emilia-romagna;2021;0.60
EUROSTAT_MADRI_MINORI_20;regione;emilia-romagna;2022;0.62
EUROSTAT_MADRI_MINORI_20;regione;emilia-romagna;2023;0.61
EUROSTAT_MADRI_MINORI_20;regione;emilia-romagna;2024;0.65
EUROSTAT_MADRI_MINORI_20;regione;friuli-venezia-giulia;2015;0.89
EUROSTAT_MADRI_MINORI_20;regione;friuli-venezia-giulia;2016;0.91
EUROSTAT_MADRI_MINORI_20;regione;friuli-venezia-giulia;2017;0.70
EUROSTAT_MADRI_MINORI_20;regione;friuli-venezia-giulia;2018;1.05
EUROSTAT_MADRI_MINORI_20;regione;friuli-venezia-giulia;2019;0.75
EUROSTAT_MADRI_MINORI_20;regione;friuli-venezia-giulia;2020;0.79
EUROSTAT_MADRI_MINORI_20;regione;friuli-venezia-giulia;2021;0.56
EUROSTAT_MADRI_MINORI_20;regione;friuli-venezia-giulia;2022;0.63
EUROSTAT_MADRI_MINORI_20;regione;friuli-venezia-giulia;2023;0.66
EUROSTAT_MADRI_MINORI_20;regione;friuli-venezia-giulia;2024;0.68
EUROSTAT_MADRI_MINORI_20;regione;lazio;2015;1.01
EUROSTAT_MADRI_MINORI_20;regione;lazio;2016;0.98
EUROSTAT_MADRI_MINORI_20;regione;lazio;2017;0.95
EUROSTAT_MADRI_MINORI_20;regione;lazio;2018;0.93
EUROSTAT_MADRI_MINORI_20;regione;lazio;2019;0.85
EUROSTAT_MADRI_MINORI_20;regione;lazio;2020;0.83
EUROSTAT_MADRI_MINORI_20;regione;lazio;2021;0.63
EUROSTAT_MADRI_MINORI_20;regione;lazio;2022;0.66
EUROSTAT_MADRI_MINORI_20;regione;lazio;2023;0.77
EUROSTAT_MADRI_MINORI_20;regione;lazio;2024;0.77
EUROSTAT_MADRI_MINORI_20;regione;liguria;2015;1.31
EUROSTAT_MADRI_MINORI_20;regione;liguria;2016;1.19
EUROSTAT_MADRI_MINORI_20;regione;liguria;2017;1.41
EUROSTAT_MADRI_MINORI_20;regione;liguria;2018;1.28
EUROSTAT_MADRI_MINORI_20;regione;liguria;2019;1.14
EUROSTAT_MADRI_MINORI_20;regione;liguria;2020;1.04
EUROSTAT_MADRI_MINORI_20;regione;liguria;2021;0.82
EUROSTAT_MADRI_MINORI_20;regione;liguria;2022;1.06
EUROSTAT_MADRI_MINORI_20;regione;liguria;2023;0.86
EUROSTAT_MADRI_MINORI_20;regione;liguria;2024;1.13
EUROSTAT_MADRI_MINORI_20;regione;lombardia;2015;1.08
EUROSTAT_MADRI_MINORI_20;regione;lombardia;2016;1.09
EUROSTAT_MADRI_MINORI_20;regione;lombardia;2017;0.99
EUROSTAT_MADRI_MINORI_20;regione;lombardia;2018;0.92
EUROSTAT_MADRI_MINORI_20;regione;lombardia;2019;0.92
EUROSTAT_MADRI_MINORI_20;regione;lombardia;2020;0.77
EUROSTAT_MADRI_MINORI_20;regione;lombardia;2021;0.64
EUROSTAT_MADRI_MINORI_20;regione;lombardia;2022;0.68
EUROSTAT_MADRI_MINORI_20;regione;lombardia;2023;0.68
EUROSTAT_MADRI_MINORI_20;regione;lombardia;2024;0.59
EUROSTAT_MADRI_MINORI_20;regione;marche;2015;1.11
EUROSTAT_MADRI_MINORI_20;regione;marche;2016;1.00
EUROSTAT_MADRI_MINORI_20;regione;marche;2017;1.03
EUROSTAT_MADRI_MINORI_20;regione;marche;2018;0.84
EUROSTAT_MADRI_MINORI_20;regione;marche;2019;0.79
EUROSTAT_MADRI_MINORI_20;regione;marche;2020;0.58
EUROSTAT_MADRI_MINORI_20;regione;marche;2021;0.59
EUROSTAT_MADRI_MINORI_20;regione;marche;2022;0.65
EUROSTAT_MADRI_MINORI_20;regione;marche;2023;0.55
EUROSTAT_MADRI_MINORI_20;regione;marche;2024;0.53
EUROSTAT_MADRI_MINORI_20;regione;molise;2015;1.10
EUROSTAT_MADRI_MINORI_20;regione;molise;2016;1.39
EUROSTAT_MADRI_MINORI_20;regione;molise;2017;1.32
EUROSTAT_MADRI_MINORI_20;regione;molise;2018;1.11
EUROSTAT_MADRI_MINORI_20;regione;molise;2019;1.04
EUROSTAT_MADRI_MINORI_20;regione;molise;2020;0.76
EUROSTAT_MADRI_MINORI_20;regione;molise;2021;1.01
EUROSTAT_MADRI_MINORI_20;regione;molise;2022;0.89
EUROSTAT_MADRI_MINORI_20;regione;molise;2023;1.02
EUROSTAT_MADRI_MINORI_20;regione;molise;2024;0.83
EUROSTAT_MADRI_MINORI_20;regione;piemonte;2015;1.17
EUROSTAT_MADRI_MINORI_20;regione;piemonte;2016;0.97
EUROSTAT_MADRI_MINORI_20;regione;piemonte;2017;1.05
EUROSTAT_MADRI_MINORI_20;regione;piemonte;2018;1.06
EUROSTAT_MADRI_MINORI_20;regione;piemonte;2019;0.93
EUROSTAT_MADRI_MINORI_20;regione;piemonte;2020;0.79
EUROSTAT_MADRI_MINORI_20;regione;piemonte;2021;0.66
EUROSTAT_MADRI_MINORI_20;regione;piemonte;2022;0.63
EUROSTAT_MADRI_MINORI_20;regione;piemonte;2023;0.69
EUROSTAT_MADRI_MINORI_20;regione;piemonte;2024;0.69
EUROSTAT_MADRI_MINORI_20;regione;puglia;2015;2.10
EUROSTAT_MADRI_MINORI_20;regione;puglia;2016;2.06
EUROSTAT_MADRI_MINORI_20;regione;puglia;2017;1.76
EUROSTAT_MADRI_MINORI_20;regione;puglia;2018;1.92
EUROSTAT_MADRI_MINORI_20;regione;puglia;2019;1.85
EUROSTAT_MADRI_MINORI_20;regione;puglia;2020;1.68
EUROSTAT_MADRI_MINORI_20;regione;puglia;2021;1.47
EUROSTAT_MADRI_MINORI_20;regione;puglia;2022;1.46
EUROSTAT_MADRI_MINORI_20;regione;puglia;2023;1.46
EUROSTAT_MADRI_MINORI_20;regione;puglia;2024;1.50
EUROSTAT_MADRI_MINORI_20;regione;sardegna;2015;1.53
EUROSTAT_MADRI_MINORI_20;regione;sardegna;2016;1.31
EUROSTAT_MADRI_MINORI_20;regione;sardegna;2017;1.09
EUROSTAT_MADRI_MINORI_20;regione;sardegna;2018;1.34
EUROSTAT_MADRI_MINORI_20;regione;sardegna;2019;1.15
EUROSTAT_MADRI_MINORI_20;regione;sardegna;2020;0.90
EUROSTAT_MADRI_MINORI_20;regione;sardegna;2021;0.95
EUROSTAT_MADRI_MINORI_20;regione;sardegna;2022;1.01
EUROSTAT_MADRI_MINORI_20;regione;sardegna;2023;0.83
EUROSTAT_MADRI_MINORI_20;regione;sardegna;2024;0.89
EUROSTAT_MADRI_MINORI_20;regione;sicilia;2015;3.21
EUROSTAT_MADRI_MINORI_20;regione;sicilia;2016;3.15
EUROSTAT_MADRI_MINORI_20;regione;sicilia;2017;2.87
EUROSTAT_MADRI_MINORI_20;regione;sicilia;2018;2.76
EUROSTAT_MADRI_MINORI_20;regione;sicilia;2019;2.66
EUROSTAT_MADRI_MINORI_20;regione;sicilia;2020;2.49
EUROSTAT_MADRI_MINORI_20;regione;sicilia;2021;2.55
EUROSTAT_MADRI_MINORI_20;regione;sicilia;2022;2.46
EUROSTAT_MADRI_MINORI_20;regione;sicilia;2023;2.48
EUROSTAT_MADRI_MINORI_20;regione;sicilia;2024;2.26
EUROSTAT_MADRI_MINORI_20;regione;toscana;2015;1.14
EUROSTAT_MADRI_MINORI_20;regione;toscana;2016;1.05
EUROSTAT_MADRI_MINORI_20;regione;toscana;2017;0.93
EUROSTAT_MADRI_MINORI_20;regione;toscana;2018;1.03
EUROSTAT_MADRI_MINORI_20;regione;toscana;2019;0.78
EUROSTAT_MADRI_MINORI_20;regione;toscana;2020;0.72
EUROSTAT_MADRI_MINORI_20;regione;toscana;2021;0.62
EUROSTAT_MADRI_MINORI_20;regione;toscana;2022;0.66
EUROSTAT_MADRI_MINORI_20;regione;toscana;2023;0.64
EUROSTAT_MADRI_MINORI_20;regione;toscana;2024;0.67
EUROSTAT_MADRI_MINORI_20;regione;trentino-alto-adige;2015;1.06
EUROSTAT_MADRI_MINORI_20;regione;trentino-alto-adige;2016;0.99
EUROSTAT_MADRI_MINORI_20;regione;trentino-alto-adige;2017;0.90
EUROSTAT_MADRI_MINORI_20;regione;trentino-alto-adige;2018;0.91
EUROSTAT_MADRI_MINORI_20;regione;trentino-alto-adige;2019;0.71
EUROSTAT_MADRI_MINORI_20;regione;trentino-alto-adige;2020;0.84
EUROSTAT_MADRI_MINORI_20;regione;trentino-alto-adige;2021;0.61
EUROSTAT_MADRI_MINORI_20;regione;trentino-alto-adige;2022;0.66
EUROSTAT_MADRI_MINORI_20;regione;trentino-alto-adige;2023;0.55
EUROSTAT_MADRI_MINORI_20;regione;trentino-alto-adige;2024;0.66
EUROSTAT_MADRI_MINORI_20;regione;umbria;2015;1.22
EUROSTAT_MADRI_MINORI_20;regione;umbria;2016;1.02
EUROSTAT_MADRI_MINORI_20;regione;umbria;2017;0.98
EUROSTAT_MADRI_MINORI_20;regione;umbria;2018;0.95
EUROSTAT_MADRI_MINORI_20;regione;umbria;2019;0.97
EUROSTAT_MADRI_MINORI_20;regione;umbria;2020;0.91
EUROSTAT_MADRI_MINORI_20;regione;umbria;2021;0.74
EUROSTAT_MADRI_MINORI_20;regione;umbria;2022;0.71
EUROSTAT_MADRI_MINORI_20;regione;umbria;2023;0.88
EUROSTAT_MADRI_MINORI_20;regione;umbria;2024;0.36
EUROSTAT_MADRI_MINORI_20;regione;valle-d-aosta;2015;0.51
EUROSTAT_MADRI_MINORI_20;regione;valle-d-aosta;2016;0.73
EUROSTAT_MADRI_MINORI_20;regione;valle-d-aosta;2017;0.66
EUROSTAT_MADRI_MINORI_20;regione;valle-d-aosta;2018;0.88
EUROSTAT_MADRI_MINORI_20;regione;valle-d-aosta;2019;0.95
EUROSTAT_MADRI_MINORI_20;regione;valle-d-aosta;2020;0.52
EUROSTAT_MADRI_MINORI_20;regione;valle-d-aosta;2021;0.81
EUROSTAT_MADRI_MINORI_20;regione;valle-d-aosta;2022;0.77
EUROSTAT_MADRI_MINORI_20;regione;valle-d-aosta;2023;0.42
EUROSTAT_MADRI_MINORI_20;regione;valle-d-aosta;2024;0.63
EUROSTAT_MADRI_MINORI_20;regione;veneto;2015;0.84
EUROSTAT_MADRI_MINORI_20;regione;veneto;2016;0.98
EUROSTAT_MADRI_MINORI_20;regione;veneto;2017;0.95
EUROSTAT_MADRI_MINORI_20;regione;veneto;2018;0.84
EUROSTAT_MADRI_MINORI_20;regione;veneto;2019;0.77
EUROSTAT_MADRI_MINORI_20;regione;veneto;2020;0.75
EUROSTAT_MADRI_MINORI_20;regione;veneto;2021;0.56
EUROSTAT_MADRI_MINORI_20;regione;veneto;2022;0.49
EUROSTAT_MADRI_MINORI_20;regione;veneto;2023;0.64
EUROSTAT_MADRI_MINORI_20;regione;veneto;2024;0.57
EUROSTAT_NOTTI_ESTERO;regione;abruzzo;2015;13.38
EUROSTAT_NOTTI_ESTERO;regione;abruzzo;2016;14.30
EUROSTAT_NOTTI_ESTERO;regione;abruzzo;2017;13.98
EUROSTAT_NOTTI_ESTERO;regione;abruzzo;2018;13.70
EUROSTAT_NOTTI_ESTERO;regione;abruzzo;2019;12.85
EUROSTAT_NOTTI_ESTERO;regione;abruzzo;2020;5.80
EUROSTAT_NOTTI_ESTERO;regione;abruzzo;2021;9.07
EUROSTAT_NOTTI_ESTERO;regione;abruzzo;2022;15.18
EUROSTAT_NOTTI_ESTERO;regione;abruzzo;2023;14.39
EUROSTAT_NOTTI_ESTERO;regione;abruzzo;2024;15.11
EUROSTAT_NOTTI_ESTERO;regione;abruzzo;2025;17.17
EUROSTAT_NOTTI_ESTERO;regione;basilicata;2015;9.94
EUROSTAT_NOTTI_ESTERO;regione;basilicata;2016;10.73
EUROSTAT_NOTTI_ESTERO;regione;basilicata;2017;10.45
EUROSTAT_NOTTI_ESTERO;regione;basilicata;2018;11.38
EUROSTAT_NOTTI_ESTERO;regione;basilicata;2019;12.48
EUROSTAT_NOTTI_ESTERO;regione;basilicata;2020;4.95
EUROSTAT_NOTTI_ESTERO;regione;basilicata;2021;7.00
EUROSTAT_NOTTI_ESTERO;regione;basilicata;2022;14.35
EUROSTAT_NOTTI_ESTERO;regione;basilicata;2023;16.88
EUROSTAT_NOTTI_ESTERO;regione;basilicata;2024;17.84
EUROSTAT_NOTTI_ESTERO;regione;basilicata;2025;21.32
EUROSTAT_NOTTI_ESTERO;regione;calabria;2015;20.20
EUROSTAT_NOTTI_ESTERO;regione;calabria;2016;21.72
EUROSTAT_NOTTI_ESTERO;regione;calabria;2017;22.51
EUROSTAT_NOTTI_ESTERO;regione;calabria;2018;22.23
EUROSTAT_NOTTI_ESTERO;regione;calabria;2019;23.07
EUROSTAT_NOTTI_ESTERO;regione;calabria;2020;6.82
EUROSTAT_NOTTI_ESTERO;regione;calabria;2021;10.53
EUROSTAT_NOTTI_ESTERO;regione;calabria;2022;16.39
EUROSTAT_NOTTI_ESTERO;regione;calabria;2023;18.35
EUROSTAT_NOTTI_ESTERO;regione;calabria;2024;19.72
EUROSTAT_NOTTI_ESTERO;regione;calabria;2025;23.48
EUROSTAT_NOTTI_ESTERO;regione;campania;2015;45.99
EUROSTAT_NOTTI_ESTERO;regione;campania;2016;47.06
EUROSTAT_NOTTI_ESTERO;regione;campania;2017;46.68
EUROSTAT_NOTTI_ESTERO;regione;campania;2018;48.05
EUROSTAT_NOTTI_ESTERO;regione;campania;2019;48.29
EUROSTAT_NOTTI_ESTERO;regione;campania;2020;17.97
EUROSTAT_NOTTI_ESTERO;regione;campania;2021;25.62
EUROSTAT_NOTTI_ESTERO;regione;campania;2022;47.54
EUROSTAT_NOTTI_ESTERO;regione;campania;2023;51.23
EUROSTAT_NOTTI_ESTERO;regione;campania;2024;54.48
EUROSTAT_NOTTI_ESTERO;regione;campania;2025;53.97
EUROSTAT_NOTTI_ESTERO;regione;emilia-romagna;2015;26.30
EUROSTAT_NOTTI_ESTERO;regione;emilia-romagna;2016;26.70
EUROSTAT_NOTTI_ESTERO;regione;emilia-romagna;2017;26.74
EUROSTAT_NOTTI_ESTERO;regione;emilia-romagna;2018;26.66
EUROSTAT_NOTTI_ESTERO;regione;emilia-romagna;2019;26.29
EUROSTAT_NOTTI_ESTERO;regione;emilia-romagna;2020;14.40
EUROSTAT_NOTTI_ESTERO;regione;emilia-romagna;2021;17.90
EUROSTAT_NOTTI_ESTERO;regione;emilia-romagna;2022;25.61
EUROSTAT_NOTTI_ESTERO;regione;emilia-romagna;2023;28.30
EUROSTAT_NOTTI_ESTERO;regione;emilia-romagna;2024;29.95
EUROSTAT_NOTTI_ESTERO;regione;emilia-romagna;2025;31.92
EUROSTAT_NOTTI_ESTERO;regione;friuli-venezia-giulia;2015;54.38
EUROSTAT_NOTTI_ESTERO;regione;friuli-venezia-giulia;2016;55.93
EUROSTAT_NOTTI_ESTERO;regione;friuli-venezia-giulia;2017;56.88
EUROSTAT_NOTTI_ESTERO;regione;friuli-venezia-giulia;2018;57.16
EUROSTAT_NOTTI_ESTERO;regione;friuli-venezia-giulia;2019;56.94
EUROSTAT_NOTTI_ESTERO;regione;friuli-venezia-giulia;2020;38.96
EUROSTAT_NOTTI_ESTERO;regione;friuli-venezia-giulia;2021;48.34
EUROSTAT_NOTTI_ESTERO;regione;friuli-venezia-giulia;2022;56.04
EUROSTAT_NOTTI_ESTERO;regione;friuli-venezia-giulia;2023;58.28
EUROSTAT_NOTTI_ESTERO;regione;friuli-venezia-giulia;2024;59.27
EUROSTAT_NOTTI_ESTERO;regione;friuli-venezia-giulia;2025;58.91
EUROSTAT_NOTTI_ESTERO;regione;lazio;2015;62.04
EUROSTAT_NOTTI_ESTERO;regione;lazio;2016;60.98
EUROSTAT_NOTTI_ESTERO;regione;lazio;2017;62.16
EUROSTAT_NOTTI_ESTERO;regione;lazio;2018;62.31
EUROSTAT_NOTTI_ESTERO;regione;lazio;2019;62.50
EUROSTAT_NOTTI_ESTERO;regione;lazio;2020;35.27
EUROSTAT_NOTTI_ESTERO;regione;lazio;2021;34.00
EUROSTAT_NOTTI_ESTERO;regione;lazio;2022;56.90
EUROSTAT_NOTTI_ESTERO;regione;lazio;2023;63.66
EUROSTAT_NOTTI_ESTERO;regione;lazio;2024;67.22
EUROSTAT_NOTTI_ESTERO;regione;lazio;2025;71.62
EUROSTAT_NOTTI_ESTERO;regione;liguria;2015;40.04
EUROSTAT_NOTTI_ESTERO;regione;liguria;2016;40.09
EUROSTAT_NOTTI_ESTERO;regione;liguria;2017;40.57
EUROSTAT_NOTTI_ESTERO;regione;liguria;2018;41.24
EUROSTAT_NOTTI_ESTERO;regione;liguria;2019;40.74
EUROSTAT_NOTTI_ESTERO;regione;liguria;2020;24.21
EUROSTAT_NOTTI_ESTERO;regione;liguria;2021;32.72
EUROSTAT_NOTTI_ESTERO;regione;liguria;2022;42.54
EUROSTAT_NOTTI_ESTERO;regione;liguria;2023;45.01
EUROSTAT_NOTTI_ESTERO;regione;liguria;2024;45.84
EUROSTAT_NOTTI_ESTERO;regione;liguria;2025;45.88
EUROSTAT_NOTTI_ESTERO;regione;lombardia;2015;57.41
EUROSTAT_NOTTI_ESTERO;regione;lombardia;2016;59.93
EUROSTAT_NOTTI_ESTERO;regione;lombardia;2017;60.87
EUROSTAT_NOTTI_ESTERO;regione;lombardia;2018;59.96
EUROSTAT_NOTTI_ESTERO;regione;lombardia;2019;59.91
EUROSTAT_NOTTI_ESTERO;regione;lombardia;2020;43.39
EUROSTAT_NOTTI_ESTERO;regione;lombardia;2021;47.88
EUROSTAT_NOTTI_ESTERO;regione;lombardia;2022;58.87
EUROSTAT_NOTTI_ESTERO;regione;lombardia;2023;62.93
EUROSTAT_NOTTI_ESTERO;regione;lombardia;2024;64.81
EUROSTAT_NOTTI_ESTERO;regione;lombardia;2025;68.07
EUROSTAT_NOTTI_ESTERO;regione;marche;2015;18.88
EUROSTAT_NOTTI_ESTERO;regione;marche;2016;17.86
EUROSTAT_NOTTI_ESTERO;regione;marche;2017;18.00
EUROSTAT_NOTTI_ESTERO;regione;marche;2018;17.80
EUROSTAT_NOTTI_ESTERO;regione;marche;2019;16.61
EUROSTAT_NOTTI_ESTERO;regione;marche;2020;9.59
EUROSTAT_NOTTI_ESTERO;regione;marche;2021;10.71
EUROSTAT_NOTTI_ESTERO;regione;marche;2022;14.69
EUROSTAT_NOTTI_ESTERO;regione;marche;2023;16.22
EUROSTAT_NOTTI_ESTERO;regione;marche;2024;18.21
EUROSTAT_NOTTI_ESTERO;regione;marche;2025;20.15
EUROSTAT_NOTTI_ESTERO;regione;molise;2015;9.57
EUROSTAT_NOTTI_ESTERO;regione;molise;2016;9.77
EUROSTAT_NOTTI_ESTERO;regione;molise;2017;9.69
EUROSTAT_NOTTI_ESTERO;regione;molise;2018;8.00
EUROSTAT_NOTTI_ESTERO;regione;molise;2019;7.90
EUROSTAT_NOTTI_ESTERO;regione;molise;2020;4.28
EUROSTAT_NOTTI_ESTERO;regione;molise;2021;5.36
EUROSTAT_NOTTI_ESTERO;regione;molise;2022;9.29
EUROSTAT_NOTTI_ESTERO;regione;molise;2023;9.60
EUROSTAT_NOTTI_ESTERO;regione;molise;2024;9.28
EUROSTAT_NOTTI_ESTERO;regione;molise;2025;11.34
EUROSTAT_NOTTI_ESTERO;regione;piemonte;2015;43.82
EUROSTAT_NOTTI_ESTERO;regione;piemonte;2016;41.85
EUROSTAT_NOTTI_ESTERO;regione;piemonte;2017;42.61
EUROSTAT_NOTTI_ESTERO;regione;piemonte;2018;43.93
EUROSTAT_NOTTI_ESTERO;regione;piemonte;2019;43.91
EUROSTAT_NOTTI_ESTERO;regione;piemonte;2020;34.12
EUROSTAT_NOTTI_ESTERO;regione;piemonte;2021;37.69
EUROSTAT_NOTTI_ESTERO;regione;piemonte;2022;47.12
EUROSTAT_NOTTI_ESTERO;regione;piemonte;2023;49.83
EUROSTAT_NOTTI_ESTERO;regione;piemonte;2024;51.14
EUROSTAT_NOTTI_ESTERO;regione;piemonte;2025;53.16
EUROSTAT_NOTTI_ESTERO;regione;puglia;2015;19.78
EUROSTAT_NOTTI_ESTERO;regione;puglia;2016;20.68
EUROSTAT_NOTTI_ESTERO;regione;puglia;2017;21.48
EUROSTAT_NOTTI_ESTERO;regione;puglia;2018;23.38
EUROSTAT_NOTTI_ESTERO;regione;puglia;2019;24.89
EUROSTAT_NOTTI_ESTERO;regione;puglia;2020;11.76
EUROSTAT_NOTTI_ESTERO;regione;puglia;2021;16.56
EUROSTAT_NOTTI_ESTERO;regione;puglia;2022;27.17
EUROSTAT_NOTTI_ESTERO;regione;puglia;2023;30.37
EUROSTAT_NOTTI_ESTERO;regione;puglia;2024;33.71
EUROSTAT_NOTTI_ESTERO;regione;puglia;2025;38.06
EUROSTAT_NOTTI_ESTERO;regione;sardegna;2015;47.11
EUROSTAT_NOTTI_ESTERO;regione;sardegna;2016;47.67
EUROSTAT_NOTTI_ESTERO;regione;sardegna;2017;49.91
EUROSTAT_NOTTI_ESTERO;regione;sardegna;2018;51.56
EUROSTAT_NOTTI_ESTERO;regione;sardegna;2019;51.02
EUROSTAT_NOTTI_ESTERO;regione;sardegna;2020;25.03
EUROSTAT_NOTTI_ESTERO;regione;sardegna;2021;35.39
EUROSTAT_NOTTI_ESTERO;regione;sardegna;2022;45.62
EUROSTAT_NOTTI_ESTERO;regione;sardegna;2023;48.01
EUROSTAT_NOTTI_ESTERO;regione;sardegna;2024;51.10
EUROSTAT_NOTTI_ESTERO;regione;sardegna;2025;55.58
EUROSTAT_NOTTI_ESTERO;regione;sicilia;2015;48.02
EUROSTAT_NOTTI_ESTERO;regione;sicilia;2016;50.23
EUROSTAT_NOTTI_ESTERO;regione;sicilia;2017;49.25
EUROSTAT_NOTTI_ESTERO;regione;sicilia;2018;50.87
EUROSTAT_NOTTI_ESTERO;regione;sicilia;2019;50.49
EUROSTAT_NOTTI_ESTERO;regione;sicilia;2020;22.01
EUROSTAT_NOTTI_ESTERO;regione;sicilia;2021;27.93
EUROSTAT_NOTTI_ESTERO;regione;sicilia;2022;43.48
EUROSTAT_NOTTI_ESTERO;regione;sicilia;2023;48.76
EUROSTAT_NOTTI_ESTERO;regione;sicilia;2024;50.13
EUROSTAT_NOTTI_ESTERO;regione;sicilia;2025;55.99
EUROSTAT_NOTTI_ESTERO;regione;toscana;2015;53.96
EUROSTAT_NOTTI_ESTERO;regione;toscana;2016;54.20
EUROSTAT_NOTTI_ESTERO;regione;toscana;2017;54.30
EUROSTAT_NOTTI_ESTERO;regione;toscana;2018;54.48
EUROSTAT_NOTTI_ESTERO;regione;toscana;2019;53.58
EUROSTAT_NOTTI_ESTERO;regione;toscana;2020;27.56
EUROSTAT_NOTTI_ESTERO;regione;toscana;2021;36.27
EUROSTAT_NOTTI_ESTERO;regione;toscana;2022;51.01
EUROSTAT_NOTTI_ESTERO;regione;toscana;2023;54.97
EUROSTAT_NOTTI_ESTERO;regione;toscana;2024;57.60
EUROSTAT_NOTTI_ESTERO;regione;toscana;2025;59.17
EUROSTAT_NOTTI_ESTERO;regione;trentino-alto-adige;2015;58.81
EUROSTAT_NOTTI_ESTERO;regione;trentino-alto-adige;2016;59.17
EUROSTAT_NOTTI_ESTERO;regione;trentino-alto-adige;2017;58.87
EUROSTAT_NOTTI_ESTERO;regione;trentino-alto-adige;2018;59.17
EUROSTAT_NOTTI_ESTERO;regione;trentino-alto-adige;2019;59.78
EUROSTAT_NOTTI_ESTERO;regione;trentino-alto-adige;2020;49.62
EUROSTAT_NOTTI_ESTERO;regione;trentino-alto-adige;2021;51.79
EUROSTAT_NOTTI_ESTERO;regione;trentino-alto-adige;2022;58.57
EUROSTAT_NOTTI_ESTERO;regione;trentino-alto-adige;2023;60.74
EUROSTAT_NOTTI_ESTERO;regione;trentino-alto-adige;2024;62.04
EUROSTAT_NOTTI_ESTERO;regione;trentino-alto-adige;2025;61.69
EUROSTAT_NOTTI_ESTERO;regione;umbria;2015;36.84
EUROSTAT_NOTTI_ESTERO;regione;umbria;2016;36.23
EUROSTAT_NOTTI_ESTERO;regione;umbria;2017;36.04
EUROSTAT_NOTTI_ESTERO;regione;umbria;2018;36.81
EUROSTAT_NOTTI_ESTERO;regione;umbria;2019;35.30
EUROSTAT_NOTTI_ESTERO;regione;umbria;2020;15.61
EUROSTAT_NOTTI_ESTERO;regione;umbria;2021;21.64
EUROSTAT_NOTTI_ESTERO;regione;umbria;2022;32.49
EUROSTAT_NOTTI_ESTERO;regione;umbria;2023;33.71
EUROSTAT_NOTTI_ESTERO;regione;umbria;2024;35.32
EUROSTAT_NOTTI_ESTERO;regione;umbria;2025;39.43
EUROSTAT_NOTTI_ESTERO;regione;valle-d-aosta;2015;39.63
EUROSTAT_NOTTI_ESTERO;regione;valle-d-aosta;2016;39.43
EUROSTAT_NOTTI_ESTERO;regione;valle-d-aosta;2017;39.85
EUROSTAT_NOTTI_ESTERO;regione;valle-d-aosta;2018;42.16
EUROSTAT_NOTTI_ESTERO;regione;valle-d-aosta;2019;41.72
EUROSTAT_NOTTI_ESTERO;regione;valle-d-aosta;2020;33.82
EUROSTAT_NOTTI_ESTERO;regione;valle-d-aosta;2021;21.83
EUROSTAT_NOTTI_ESTERO;regione;valle-d-aosta;2022;36.61
EUROSTAT_NOTTI_ESTERO;regione;valle-d-aosta;2023;38.99
EUROSTAT_NOTTI_ESTERO;regione;valle-d-aosta;2024;41.45
EUROSTAT_NOTTI_ESTERO;regione;valle-d-aosta;2025;43.45
EUROSTAT_NOTTI_ESTERO;regione;veneto;2015;66.73
EUROSTAT_NOTTI_ESTERO;regione;veneto;2016;67.23
EUROSTAT_NOTTI_ESTERO;regione;veneto;2017;68.08
EUROSTAT_NOTTI_ESTERO;regione;veneto;2018;67.72
EUROSTAT_NOTTI_ESTERO;regione;veneto;2019;67.62
EUROSTAT_NOTTI_ESTERO;regione;veneto;2020;46.97
EUROSTAT_NOTTI_ESTERO;regione;veneto;2021;55.87
EUROSTAT_NOTTI_ESTERO;regione;veneto;2022;66.83
EUROSTAT_NOTTI_ESTERO;regione;veneto;2023;69.26
EUROSTAT_NOTTI_ESTERO;regione;veneto;2024;70.47
EUROSTAT_NOTTI_ESTERO;regione;veneto;2025;70.68
EUROSTAT_OCCUPAZIONE_POSTI_LETTO;regione;abruzzo;2015;31.4
EUROSTAT_OCCUPAZIONE_POSTI_LETTO;regione;abruzzo;2016;32.9
EUROSTAT_OCCUPAZIONE_POSTI_LETTO;regione;abruzzo;2017;33.2
EUROSTAT_OCCUPAZIONE_POSTI_LETTO;regione;abruzzo;2018;35.0
EUROSTAT_OCCUPAZIONE_POSTI_LETTO;regione;abruzzo;2019;37.7
EUROSTAT_OCCUPAZIONE_POSTI_LETTO;regione;abruzzo;2020;34.8
EUROSTAT_OCCUPAZIONE_POSTI_LETTO;regione;abruzzo;2021;41.6
EUROSTAT_OCCUPAZIONE_POSTI_LETTO;regione;abruzzo;2022;48.1
EUROSTAT_OCCUPAZIONE_POSTI_LETTO;regione;abruzzo;2023;46.2
EUROSTAT_OCCUPAZIONE_POSTI_LETTO;regione;abruzzo;2024;48.3
EUROSTAT_OCCUPAZIONE_POSTI_LETTO;regione;abruzzo;2025;49.0
EUROSTAT_OCCUPAZIONE_POSTI_LETTO;regione;basilicata;2015;35.2
EUROSTAT_OCCUPAZIONE_POSTI_LETTO;regione;basilicata;2016;35.4
EUROSTAT_OCCUPAZIONE_POSTI_LETTO;regione;basilicata;2017;32.9
EUROSTAT_OCCUPAZIONE_POSTI_LETTO;regione;basilicata;2018;39.6
EUROSTAT_OCCUPAZIONE_POSTI_LETTO;regione;basilicata;2019;39.8
EUROSTAT_OCCUPAZIONE_POSTI_LETTO;regione;basilicata;2020;28.8
EUROSTAT_OCCUPAZIONE_POSTI_LETTO;regione;basilicata;2021;32.4
EUROSTAT_OCCUPAZIONE_POSTI_LETTO;regione;basilicata;2022;38.2
EUROSTAT_OCCUPAZIONE_POSTI_LETTO;regione;basilicata;2023;36.3
EUROSTAT_OCCUPAZIONE_POSTI_LETTO;regione;basilicata;2024;35.8
EUROSTAT_OCCUPAZIONE_POSTI_LETTO;regione;basilicata;2025;46.5
EUROSTAT_OCCUPAZIONE_POSTI_LETTO;regione;calabria;2015;33.8
EUROSTAT_OCCUPAZIONE_POSTI_LETTO;regione;calabria;2016;27.0
EUROSTAT_OCCUPAZIONE_POSTI_LETTO;regione;calabria;2017;25.7
EUROSTAT_OCCUPAZIONE_POSTI_LETTO;regione;calabria;2018;29.6
EUROSTAT_OCCUPAZIONE_POSTI_LETTO;regione;calabria;2019;35.9
EUROSTAT_OCCUPAZIONE_POSTI_LETTO;regione;calabria;2020;26.0
EUROSTAT_OCCUPAZIONE_POSTI_LETTO;regione;calabria;2021;35.2
EUROSTAT_OCCUPAZIONE_POSTI_LETTO;regione;calabria;2022;38.6
EUROSTAT_OCCUPAZIONE_POSTI_LETTO;regione;calabria;2023;42.2
EUROSTAT_OCCUPAZIONE_POSTI_LETTO;regione;calabria;2024;43.2
EUROSTAT_OCCUPAZIONE_POSTI_LETTO;regione;calabria;2025;37.2
EUROSTAT_OCCUPAZIONE_POSTI_LETTO;regione;campania;2015;38.6
EUROSTAT_OCCUPAZIONE_POSTI_LETTO;regione;campania;2016;39.5
EUROSTAT_OCCUPAZIONE_POSTI_LETTO;regione;campania;2017;41.0
EUROSTAT_OCCUPAZIONE_POSTI_LETTO;regione;campania;2018;59.1
EUROSTAT_OCCUPAZIONE_POSTI_LETTO;regione;campania;2019;58.4
EUROSTAT_OCCUPAZIONE_POSTI_LETTO;regione;campania;2020;32.1
EUROSTAT_OCCUPAZIONE_POSTI_LETTO;regione;campania;2021;41.3
EUROSTAT_OCCUPAZIONE_POSTI_LETTO;regione;campania;2022;59.7
EUROSTAT_OCCUPAZIONE_POSTI_LETTO;regione;campania;2023;64.3
EUROSTAT_OCCUPAZIONE_POSTI_LETTO;regione;campania;2024;66.9
EUROSTAT_OCCUPAZIONE_POSTI_LETTO;regione;campania;2025;52.6
EUROSTAT_OCCUPAZIONE_POSTI_LETTO;regione;emilia-romagna;2015;40.0
EUROSTAT_OCCUPAZIONE_POSTI_LETTO;regione;emilia-romagna;2016;48.2
EUROSTAT_OCCUPAZIONE_POSTI_LETTO;regione;emilia-romagna;2017;53.0
EUROSTAT_OCCUPAZIONE_POSTI_LETTO;regione;emilia-romagna;2018;52.9
EUROSTAT_OCCUPAZIONE_POSTI_LETTO;regione;emilia-romagna;2019;52.1
EUROSTAT_OCCUPAZIONE_POSTI_LETTO;regione;emilia-romagna;2020;40.5
EUROSTAT_OCCUPAZIONE_POSTI_LETTO;regione;emilia-romagna;2021;48.8
EUROSTAT_OCCUPAZIONE_POSTI_LETTO;regione;emilia-romagna;2022;52.5
EUROSTAT_OCCUPAZIONE_POSTI_LETTO;regione;emilia-romagna;2023;51.2
EUROSTAT_OCCUPAZIONE_POSTI_LETTO;regione;emilia-romagna;2024;51.3
EUROSTAT_OCCUPAZIONE_POSTI_LETTO;regione;emilia-romagna;2025;50.9
EUROSTAT_OCCUPAZIONE_POSTI_LETTO;regione;friuli-venezia-giulia;2015;32.8
EUROSTAT_OCCUPAZIONE_POSTI_LETTO;regione;friuli-venezia-giulia;2016;34.4
EUROSTAT_OCCUPAZIONE_POSTI_LETTO;regione;friuli-venezia-giulia;2017;35.5
EUROSTAT_OCCUPAZIONE_POSTI_LETTO;regione;friuli-venezia-giulia;2018;36.5
EUROSTAT_OCCUPAZIONE_POSTI_LETTO;regione;friuli-venezia-giulia;2019;36.3
EUROSTAT_OCCUPAZIONE_POSTI_LETTO;regione;friuli-venezia-giulia;2020;19.6
EUROSTAT_OCCUPAZIONE_POSTI_LETTO;regione;friuli-venezia-giulia;2021;28.9
EUROSTAT_OCCUPAZIONE_POSTI_LETTO;regione;friuli-venezia-giulia;2022;37.9
EUROSTAT_OCCUPAZIONE_POSTI_LETTO;regione;friuli-venezia-giulia;2023;40.9
EUROSTAT_OCCUPAZIONE_POSTI_LETTO;regione;friuli-venezia-giulia;2024;41.5
EUROSTAT_OCCUPAZIONE_POSTI_LETTO;regione;friuli-venezia-giulia;2025;42.8
EUROSTAT_OCCUPAZIONE_POSTI_LETTO;regione;lazio;2015;40.4
EUROSTAT_OCCUPAZIONE_POSTI_LETTO;regione;lazio;2016;37.5
EUROSTAT_OCCUPAZIONE_POSTI_LETTO;regione;lazio;2017;50.2
EUROSTAT_OCCUPAZIONE_POSTI_LETTO;regione;lazio;2018;51.7
EUROSTAT_OCCUPAZIONE_POSTI_LETTO;regione;lazio;2019;52.5
EUROSTAT_OCCUPAZIONE_POSTI_LETTO;regione;lazio;2020;13.4
EUROSTAT_OCCUPAZIONE_POSTI_LETTO;regione;lazio;2021;23.0
EUROSTAT_OCCUPAZIONE_POSTI_LETTO;regione;lazio;2022;58.5
EUROSTAT_OCCUPAZIONE_POSTI_LETTO;regione;lazio;2023;71.1
EUROSTAT_OCCUPAZIONE_POSTI_LETTO;regione;lazio;2024;75.0
EUROSTAT_OCCUPAZIONE_POSTI_LETTO;regione;lazio;2025;57.1
EUROSTAT_OCCUPAZIONE_POSTI_LETTO;regione;liguria;2015;42.6
EUROSTAT_OCCUPAZIONE_POSTI_LETTO;regione;liguria;2016;45.1
EUROSTAT_OCCUPAZIONE_POSTI_LETTO;regione;liguria;2017;48.9
EUROSTAT_OCCUPAZIONE_POSTI_LETTO;regione;liguria;2018;43.2
EUROSTAT_OCCUPAZIONE_POSTI_LETTO;regione;liguria;2019;42.4
EUROSTAT_OCCUPAZIONE_POSTI_LETTO;regione;liguria;2020;31.2
EUROSTAT_OCCUPAZIONE_POSTI_LETTO;regione;liguria;2021;37.5
EUROSTAT_OCCUPAZIONE_POSTI_LETTO;regione;liguria;2022;43.2
EUROSTAT_OCCUPAZIONE_POSTI_LETTO;regione;liguria;2023;43.6
EUROSTAT_OCCUPAZIONE_POSTI_LETTO;regione;liguria;2024;42.6
EUROSTAT_OCCUPAZIONE_POSTI_LETTO;regione;liguria;2025;42.2
EUROSTAT_OCCUPAZIONE_POSTI_LETTO;regione;lombardia;2015;46.4
EUROSTAT_OCCUPAZIONE_POSTI_LETTO;regione;lombardia;2016;44.4
EUROSTAT_OCCUPAZIONE_POSTI_LETTO;regione;lombardia;2017;45.4
EUROSTAT_OCCUPAZIONE_POSTI_LETTO;regione;lombardia;2018;47.4
EUROSTAT_OCCUPAZIONE_POSTI_LETTO;regione;lombardia;2019;48.3
EUROSTAT_OCCUPAZIONE_POSTI_LETTO;regione;lombardia;2020;24.6
EUROSTAT_OCCUPAZIONE_POSTI_LETTO;regione;lombardia;2021;36.5
EUROSTAT_OCCUPAZIONE_POSTI_LETTO;regione;lombardia;2022;50.2
EUROSTAT_OCCUPAZIONE_POSTI_LETTO;regione;lombardia;2023;51.4
EUROSTAT_OCCUPAZIONE_POSTI_LETTO;regione;lombardia;2024;50.7
EUROSTAT_OCCUPAZIONE_POSTI_LETTO;regione;lombardia;2025;52.2
EUROSTAT_OCCUPAZIONE_POSTI_LETTO;regione;marche;2015;36.0
EUROSTAT_OCCUPAZIONE_POSTI_LETTO;regione;marche;2016;37.6
EUROSTAT_OCCUPAZIONE_POSTI_LETTO;regione;marche;2017;38.0
EUROSTAT_OCCUPAZIONE_POSTI_LETTO;regione;marche;2018;43.1
EUROSTAT_OCCUPAZIONE_POSTI_LETTO;regione;marche;2019;44.7
EUROSTAT_OCCUPAZIONE_POSTI_LETTO;regione;marche;2020;35.9
EUROSTAT_OCCUPAZIONE_POSTI_LETTO;regione;marche;2021;41.9
EUROSTAT_OCCUPAZIONE_POSTI_LETTO;regione;marche;2022;41.8
EUROSTAT_OCCUPAZIONE_POSTI_LETTO;regione;marche;2023;44.4
EUROSTAT_OCCUPAZIONE_POSTI_LETTO;regione;marche;2024;45.7
EUROSTAT_OCCUPAZIONE_POSTI_LETTO;regione;marche;2025;41.3
EUROSTAT_OCCUPAZIONE_POSTI_LETTO;regione;molise;2015;38.9
EUROSTAT_OCCUPAZIONE_POSTI_LETTO;regione;molise;2016;36.1
EUROSTAT_OCCUPAZIONE_POSTI_LETTO;regione;molise;2017;31.8
EUROSTAT_OCCUPAZIONE_POSTI_LETTO;regione;molise;2018;42.2
EUROSTAT_OCCUPAZIONE_POSTI_LETTO;regione;molise;2019;37.7
EUROSTAT_OCCUPAZIONE_POSTI_LETTO;regione;molise;2020;22.3
EUROSTAT_OCCUPAZIONE_POSTI_LETTO;regione;molise;2021;32.7
EUROSTAT_OCCUPAZIONE_POSTI_LETTO;regione;molise;2022;32.3
EUROSTAT_OCCUPAZIONE_POSTI_LETTO;regione;molise;2023;36.5
EUROSTAT_OCCUPAZIONE_POSTI_LETTO;regione;molise;2024;32.2
EUROSTAT_OCCUPAZIONE_POSTI_LETTO;regione;molise;2025;46.3
EUROSTAT_OCCUPAZIONE_POSTI_LETTO;regione;piemonte;2015;42.5
EUROSTAT_OCCUPAZIONE_POSTI_LETTO;regione;piemonte;2016;42.0
EUROSTAT_OCCUPAZIONE_POSTI_LETTO;regione;piemonte;2017;44.4
EUROSTAT_OCCUPAZIONE_POSTI_LETTO;regione;piemonte;2018;44.7
EUROSTAT_OCCUPAZIONE_POSTI_LETTO;regione;piemonte;2019;44.8
EUROSTAT_OCCUPAZIONE_POSTI_LETTO;regione;piemonte;2020;26.6
EUROSTAT_OCCUPAZIONE_POSTI_LETTO;regione;piemonte;2021;31.9
EUROSTAT_OCCUPAZIONE_POSTI_LETTO;regione;piemonte;2022;44.2
EUROSTAT_OCCUPAZIONE_POSTI_LETTO;regione;piemonte;2023;44.4
EUROSTAT_OCCUPAZIONE_POSTI_LETTO;regione;piemonte;2024;44.5
EUROSTAT_OCCUPAZIONE_POSTI_LETTO;regione;piemonte;2025;44.0
EUROSTAT_OCCUPAZIONE_POSTI_LETTO;regione;puglia;2015;31.7
EUROSTAT_OCCUPAZIONE_POSTI_LETTO;regione;puglia;2016;34.7
EUROSTAT_OCCUPAZIONE_POSTI_LETTO;regione;puglia;2017;31.0
EUROSTAT_OCCUPAZIONE_POSTI_LETTO;regione;puglia;2018;32.9
EUROSTAT_OCCUPAZIONE_POSTI_LETTO;regione;puglia;2019;34.6
EUROSTAT_OCCUPAZIONE_POSTI_LETTO;regione;puglia;2020;26.4
EUROSTAT_OCCUPAZIONE_POSTI_LETTO;regione;puglia;2021;31.3
EUROSTAT_OCCUPAZIONE_POSTI_LETTO;regione;puglia;2022;32.5
EUROSTAT_OCCUPAZIONE_POSTI_LETTO;regione;puglia;2023;33.4
EUROSTAT_OCCUPAZIONE_POSTI_LETTO;regione;puglia;2024;35.1
EUROSTAT_OCCUPAZIONE_POSTI_LETTO;regione;puglia;2025;46.4
EUROSTAT_OCCUPAZIONE_POSTI_LETTO;regione;sardegna;2015;42.6
EUROSTAT_OCCUPAZIONE_POSTI_LETTO;regione;sardegna;2016;46.3
EUROSTAT_OCCUPAZIONE_POSTI_LETTO;regione;sardegna;2017;43.7
EUROSTAT_OCCUPAZIONE_POSTI_LETTO;regione;sardegna;2018;47.2
EUROSTAT_OCCUPAZIONE_POSTI_LETTO;regione;sardegna;2019;47.5
EUROSTAT_OCCUPAZIONE_POSTI_LETTO;regione;sardegna;2020;26.9
EUROSTAT_OCCUPAZIONE_POSTI_LETTO;regione;sardegna;2021;34.5
EUROSTAT_OCCUPAZIONE_POSTI_LETTO;regione;sardegna;2022;40.5
EUROSTAT_OCCUPAZIONE_POSTI_LETTO;regione;sardegna;2023;51.6
EUROSTAT_OCCUPAZIONE_POSTI_LETTO;regione;sardegna;2024;57.9
EUROSTAT_OCCUPAZIONE_POSTI_LETTO;regione;sardegna;2025;57.5
EUROSTAT_OCCUPAZIONE_POSTI_LETTO;regione;sicilia;2015;32.7
EUROSTAT_OCCUPAZIONE_POSTI_LETTO;regione;sicilia;2016;39.5
EUROSTAT_OCCUPAZIONE_POSTI_LETTO;regione;sicilia;2017;39.3
EUROSTAT_OCCUPAZIONE_POSTI_LETTO;regione;sicilia;2018;39.6
EUROSTAT_OCCUPAZIONE_POSTI_LETTO;regione;sicilia;2019;40.3
EUROSTAT_OCCUPAZIONE_POSTI_LETTO;regione;sicilia;2020;22.9
EUROSTAT_OCCUPAZIONE_POSTI_LETTO;regione;sicilia;2021;30.2
EUROSTAT_OCCUPAZIONE_POSTI_LETTO;regione;sicilia;2022;37.1
EUROSTAT_OCCUPAZIONE_POSTI_LETTO;regione;sicilia;2023;42.0
EUROSTAT_OCCUPAZIONE_POSTI_LETTO;regione;sicilia;2024;44.6
EUROSTAT_OCCUPAZIONE_POSTI_LETTO;regione;sicilia;2025;53.6
EUROSTAT_OCCUPAZIONE_POSTI_LETTO;regione;toscana;2015;42.5
EUROSTAT_OCCUPAZIONE_POSTI_LETTO;regione;toscana;2016;40.7
EUROSTAT_OCCUPAZIONE_POSTI_LETTO;regione;toscana;2017;44.6
EUROSTAT_OCCUPAZIONE_POSTI_LETTO;regione;toscana;2018;44.6
EUROSTAT_OCCUPAZIONE_POSTI_LETTO;regione;toscana;2019;45.4
EUROSTAT_OCCUPAZIONE_POSTI_LETTO;regione;toscana;2020;22.9
EUROSTAT_OCCUPAZIONE_POSTI_LETTO;regione;toscana;2021;29.4
EUROSTAT_OCCUPAZIONE_POSTI_LETTO;regione;toscana;2022;38.2
EUROSTAT_OCCUPAZIONE_POSTI_LETTO;regione;toscana;2023;41.0
EUROSTAT_OCCUPAZIONE_POSTI_LETTO;regione;toscana;2024;41.4
EUROSTAT_OCCUPAZIONE_POSTI_LETTO;regione;toscana;2025;42.7
EUROSTAT_OCCUPAZIONE_POSTI_LETTO;regione;trentino-alto-adige;2015;55.1
EUROSTAT_OCCUPAZIONE_POSTI_LETTO;regione;trentino-alto-adige;2016;57.1
EUROSTAT_OCCUPAZIONE_POSTI_LETTO;regione;trentino-alto-adige;2017;60.8
EUROSTAT_OCCUPAZIONE_POSTI_LETTO;regione;trentino-alto-adige;2018;61.3
EUROSTAT_OCCUPAZIONE_POSTI_LETTO;regione;trentino-alto-adige;2019;62.3
EUROSTAT_OCCUPAZIONE_POSTI_LETTO;regione;trentino-alto-adige;2020;57.8
EUROSTAT_OCCUPAZIONE_POSTI_LETTO;regione;trentino-alto-adige;2021;56.1
EUROSTAT_OCCUPAZIONE_POSTI_LETTO;regione;trentino-alto-adige;2022;60.7
EUROSTAT_OCCUPAZIONE_POSTI_LETTO;regione;trentino-alto-adige;2023;63.4
EUROSTAT_OCCUPAZIONE_POSTI_LETTO;regione;trentino-alto-adige;2024;63.5
EUROSTAT_OCCUPAZIONE_POSTI_LETTO;regione;trentino-alto-adige;2025;64.2
EUROSTAT_OCCUPAZIONE_POSTI_LETTO;regione;umbria;2015;32.1
EUROSTAT_OCCUPAZIONE_POSTI_LETTO;regione;umbria;2016;33.0
EUROSTAT_OCCUPAZIONE_POSTI_LETTO;regione;umbria;2017;32.0
EUROSTAT_OCCUPAZIONE_POSTI_LETTO;regione;umbria;2018;34.8
EUROSTAT_OCCUPAZIONE_POSTI_LETTO;regione;umbria;2019;35.0
EUROSTAT_OCCUPAZIONE_POSTI_LETTO;regione;umbria;2020;22.8
EUROSTAT_OCCUPAZIONE_POSTI_LETTO;regione;umbria;2021;30.9
EUROSTAT_OCCUPAZIONE_POSTI_LETTO;regione;umbria;2022;38.0
EUROSTAT_OCCUPAZIONE_POSTI_LETTO;regione;umbria;2023;41.6
EUROSTAT_OCCUPAZIONE_POSTI_LETTO;regione;umbria;2024;43.7
EUROSTAT_OCCUPAZIONE_POSTI_LETTO;regione;umbria;2025;47.8
EUROSTAT_OCCUPAZIONE_POSTI_LETTO;regione;valle-d-aosta;2015;43.4
EUROSTAT_OCCUPAZIONE_POSTI_LETTO;regione;valle-d-aosta;2016;46.0
EUROSTAT_OCCUPAZIONE_POSTI_LETTO;regione;valle-d-aosta;2017;47.3
EUROSTAT_OCCUPAZIONE_POSTI_LETTO;regione;valle-d-aosta;2018;48.0
EUROSTAT_OCCUPAZIONE_POSTI_LETTO;regione;valle-d-aosta;2019;43.6
EUROSTAT_OCCUPAZIONE_POSTI_LETTO;regione;valle-d-aosta;2020;39.5
EUROSTAT_OCCUPAZIONE_POSTI_LETTO;regione;valle-d-aosta;2021;31.4
EUROSTAT_OCCUPAZIONE_POSTI_LETTO;regione;valle-d-aosta;2022;41.9
EUROSTAT_OCCUPAZIONE_POSTI_LETTO;regione;valle-d-aosta;2023;46.7
EUROSTAT_OCCUPAZIONE_POSTI_LETTO;regione;valle-d-aosta;2024;46.3
EUROSTAT_OCCUPAZIONE_POSTI_LETTO;regione;valle-d-aosta;2025;49.2
EUROSTAT_OCCUPAZIONE_POSTI_LETTO;regione;veneto;2015;53.5
EUROSTAT_OCCUPAZIONE_POSTI_LETTO;regione;veneto;2016;55.4
EUROSTAT_OCCUPAZIONE_POSTI_LETTO;regione;veneto;2017;56.8
EUROSTAT_OCCUPAZIONE_POSTI_LETTO;regione;veneto;2018;57.0
EUROSTAT_OCCUPAZIONE_POSTI_LETTO;regione;veneto;2019;56.5
EUROSTAT_OCCUPAZIONE_POSTI_LETTO;regione;veneto;2020;27.6
EUROSTAT_OCCUPAZIONE_POSTI_LETTO;regione;veneto;2021;42.4
EUROSTAT_OCCUPAZIONE_POSTI_LETTO;regione;veneto;2022;53.2
EUROSTAT_OCCUPAZIONE_POSTI_LETTO;regione;veneto;2023;55.5
EUROSTAT_OCCUPAZIONE_POSTI_LETTO;regione;veneto;2024;54.1
EUROSTAT_OCCUPAZIONE_POSTI_LETTO;regione;veneto;2025;53.9
EUROSTAT_ORE_LAVORATE;regione;abruzzo;2015;36.8
EUROSTAT_ORE_LAVORATE;regione;abruzzo;2016;37.1
EUROSTAT_ORE_LAVORATE;regione;abruzzo;2017;37.6
EUROSTAT_ORE_LAVORATE;regione;abruzzo;2018;37.3
EUROSTAT_ORE_LAVORATE;regione;abruzzo;2019;37.2
EUROSTAT_ORE_LAVORATE;regione;abruzzo;2020;37.1
EUROSTAT_ORE_LAVORATE;regione;abruzzo;2021;36.7
EUROSTAT_ORE_LAVORATE;regione;abruzzo;2022;36.4
EUROSTAT_ORE_LAVORATE;regione;abruzzo;2023;36.9
EUROSTAT_ORE_LAVORATE;regione;abruzzo;2024;36.7
EUROSTAT_ORE_LAVORATE;regione;abruzzo;2025;36.8
EUROSTAT_ORE_LAVORATE;regione;basilicata;2015;37.7
EUROSTAT_ORE_LAVORATE;regione;basilicata;2016;37.4
EUROSTAT_ORE_LAVORATE;regione;basilicata;2017;37.5
EUROSTAT_ORE_LAVORATE;regione;basilicata;2018;37.7
EUROSTAT_ORE_LAVORATE;regione;basilicata;2019;37.7
EUROSTAT_ORE_LAVORATE;regione;basilicata;2020;36.9
EUROSTAT_ORE_LAVORATE;regione;basilicata;2021;36.9
EUROSTAT_ORE_LAVORATE;regione;basilicata;2022;37.2
EUROSTAT_ORE_LAVORATE;regione;basilicata;2023;37.1
EUROSTAT_ORE_LAVORATE;regione;basilicata;2024;37.4
EUROSTAT_ORE_LAVORATE;regione;basilicata;2025;36.8
EUROSTAT_ORE_LAVORATE;regione;calabria;2015;36.7
EUROSTAT_ORE_LAVORATE;regione;calabria;2016;36.2
EUROSTAT_ORE_LAVORATE;regione;calabria;2017;36.6
EUROSTAT_ORE_LAVORATE;regione;calabria;2018;36.9
EUROSTAT_ORE_LAVORATE;regione;calabria;2019;36.6
EUROSTAT_ORE_LAVORATE;regione;calabria;2020;36.2
EUROSTAT_ORE_LAVORATE;regione;calabria;2021;36.2
EUROSTAT_ORE_LAVORATE;regione;calabria;2022;36.7
EUROSTAT_ORE_LAVORATE;regione;calabria;2023;36.9
EUROSTAT_ORE_LAVORATE;regione;calabria;2024;36.8
EUROSTAT_ORE_LAVORATE;regione;calabria;2025;37.0
EUROSTAT_ORE_LAVORATE;regione;campania;2015;36.8
EUROSTAT_ORE_LAVORATE;regione;campania;2016;36.8
EUROSTAT_ORE_LAVORATE;regione;campania;2017;37.2
EUROSTAT_ORE_LAVORATE;regione;campania;2018;36.9
EUROSTAT_ORE_LAVORATE;regione;campania;2019;36.8
EUROSTAT_ORE_LAVORATE;regione;campania;2020;36.6
EUROSTAT_ORE_LAVORATE;regione;campania;2021;36.7
EUROSTAT_ORE_LAVORATE;regione;campania;2022;36.5
EUROSTAT_ORE_LAVORATE;regione;campania;2023;36.2
EUROSTAT_ORE_LAVORATE;regione;campania;2024;36.4
EUROSTAT_ORE_LAVORATE;regione;campania;2025;36.7
EUROSTAT_ORE_LAVORATE;regione;emilia-romagna;2015;37.7
EUROSTAT_ORE_LAVORATE;regione;emilia-romagna;2016;37.7
EUROSTAT_ORE_LAVORATE;regione;emilia-romagna;2017;37.9
EUROSTAT_ORE_LAVORATE;regione;emilia-romagna;2018;37.8
EUROSTAT_ORE_LAVORATE;regione;emilia-romagna;2019;37.8
EUROSTAT_ORE_LAVORATE;regione;emilia-romagna;2020;37.5
EUROSTAT_ORE_LAVORATE;regione;emilia-romagna;2021;38.0
EUROSTAT_ORE_LAVORATE;regione;emilia-romagna;2022;38.2
EUROSTAT_ORE_LAVORATE;regione;emilia-romagna;2023;38.0
EUROSTAT_ORE_LAVORATE;regione;emilia-romagna;2024;37.8
EUROSTAT_ORE_LAVORATE;regione;emilia-romagna;2025;38.2
EUROSTAT_ORE_LAVORATE;regione;friuli-venezia-giulia;2015;37.0
EUROSTAT_ORE_LAVORATE;regione;friuli-venezia-giulia;2016;37.2
EUROSTAT_ORE_LAVORATE;regione;friuli-venezia-giulia;2017;37.2
EUROSTAT_ORE_LAVORATE;regione;friuli-venezia-giulia;2018;37.2
EUROSTAT_ORE_LAVORATE;regione;friuli-venezia-giulia;2019;37.5
EUROSTAT_ORE_LAVORATE;regione;friuli-venezia-giulia;2020;37.3
EUROSTAT_ORE_LAVORATE;regione;friuli-venezia-giulia;2021;37.4
EUROSTAT_ORE_LAVORATE;regione;friuli-venezia-giulia;2022;37.5
EUROSTAT_ORE_LAVORATE;regione;friuli-venezia-giulia;2023;37.6
EUROSTAT_ORE_LAVORATE;regione;friuli-venezia-giulia;2024;37.4
EUROSTAT_ORE_LAVORATE;regione;friuli-venezia-giulia;2025;37.2
EUROSTAT_ORE_LAVORATE;regione;lazio;2015;36.2
EUROSTAT_ORE_LAVORATE;regione;lazio;2016;36.5
EUROSTAT_ORE_LAVORATE;regione;lazio;2017;36.6
EUROSTAT_ORE_LAVORATE;regione;lazio;2018;36.7
EUROSTAT_ORE_LAVORATE;regione;lazio;2019;36.7
EUROSTAT_ORE_LAVORATE;regione;lazio;2020;36.4
EUROSTAT_ORE_LAVORATE;regione;lazio;2021;36.7
EUROSTAT_ORE_LAVORATE;regione;lazio;2022;36.9
EUROSTAT_ORE_LAVORATE;regione;lazio;2023;36.9
EUROSTAT_ORE_LAVORATE;regione;lazio;2024;36.8
EUROSTAT_ORE_LAVORATE;regione;lazio;2025;37.0
EUROSTAT_ORE_LAVORATE;regione;liguria;2015;36.5
EUROSTAT_ORE_LAVORATE;regione;liguria;2016;36.5
EUROSTAT_ORE_LAVORATE;regione;liguria;2017;36.4
EUROSTAT_ORE_LAVORATE;regione;liguria;2018;36.7
EUROSTAT_ORE_LAVORATE;regione;liguria;2019;37.2
EUROSTAT_ORE_LAVORATE;regione;liguria;2020;36.9
EUROSTAT_ORE_LAVORATE;regione;liguria;2021;37.3
EUROSTAT_ORE_LAVORATE;regione;liguria;2022;37.3
EUROSTAT_ORE_LAVORATE;regione;liguria;2023;37.2
EUROSTAT_ORE_LAVORATE;regione;liguria;2024;36.8
EUROSTAT_ORE_LAVORATE;regione;liguria;2025;37.1
EUROSTAT_ORE_LAVORATE;regione;lombardia;2015;37.5
EUROSTAT_ORE_LAVORATE;regione;lombardia;2016;37.5
EUROSTAT_ORE_LAVORATE;regione;lombardia;2017;37.6
EUROSTAT_ORE_LAVORATE;regione;lombardia;2018;37.7
EUROSTAT_ORE_LAVORATE;regione;lombardia;2019;37.6
EUROSTAT_ORE_LAVORATE;regione;lombardia;2020;37.5
EUROSTAT_ORE_LAVORATE;regione;lombardia;2021;37.9
EUROSTAT_ORE_LAVORATE;regione;lombardia;2022;37.9
EUROSTAT_ORE_LAVORATE;regione;lombardia;2023;38.0
EUROSTAT_ORE_LAVORATE;regione;lombardia;2024;37.9
EUROSTAT_ORE_LAVORATE;regione;lombardia;2025;37.7
EUROSTAT_ORE_LAVORATE;regione;marche;2015;36.9
EUROSTAT_ORE_LAVORATE;regione;marche;2016;36.6
EUROSTAT_ORE_LAVORATE;regione;marche;2017;37.1
EUROSTAT_ORE_LAVORATE;regione;marche;2018;37.0
EUROSTAT_ORE_LAVORATE;regione;marche;2019;37.2
EUROSTAT_ORE_LAVORATE;regione;marche;2020;36.8
EUROSTAT_ORE_LAVORATE;regione;marche;2021;37.0
EUROSTAT_ORE_LAVORATE;regione;marche;2022;37.0
EUROSTAT_ORE_LAVORATE;regione;marche;2023;37.2
EUROSTAT_ORE_LAVORATE;regione;marche;2024;36.7
EUROSTAT_ORE_LAVORATE;regione;marche;2025;36.6
EUROSTAT_ORE_LAVORATE;regione;molise;2015;37.5
EUROSTAT_ORE_LAVORATE;regione;molise;2016;37.9
EUROSTAT_ORE_LAVORATE;regione;molise;2017;37.3
EUROSTAT_ORE_LAVORATE;regione;molise;2018;38.1
EUROSTAT_ORE_LAVORATE;regione;molise;2019;37.8
EUROSTAT_ORE_LAVORATE;regione;molise;2020;37.2
EUROSTAT_ORE_LAVORATE;regione;molise;2021;37.3
EUROSTAT_ORE_LAVORATE;regione;molise;2022;37.0
EUROSTAT_ORE_LAVORATE;regione;molise;2023;37.0
EUROSTAT_ORE_LAVORATE;regione;molise;2024;37.6
EUROSTAT_ORE_LAVORATE;regione;molise;2025;37.8
EUROSTAT_ORE_LAVORATE;regione;piemonte;2015;37.9
EUROSTAT_ORE_LAVORATE;regione;piemonte;2016;37.8
EUROSTAT_ORE_LAVORATE;regione;piemonte;2017;37.7
EUROSTAT_ORE_LAVORATE;regione;piemonte;2018;37.8
EUROSTAT_ORE_LAVORATE;regione;piemonte;2019;37.4
EUROSTAT_ORE_LAVORATE;regione;piemonte;2020;37.2
EUROSTAT_ORE_LAVORATE;regione;piemonte;2021;38.0
EUROSTAT_ORE_LAVORATE;regione;piemonte;2022;38.1
EUROSTAT_ORE_LAVORATE;regione;piemonte;2023;38.1
EUROSTAT_ORE_LAVORATE;regione;piemonte;2024;37.9
EUROSTAT_ORE_LAVORATE;regione;piemonte;2025;37.8
EUROSTAT_ORE_LAVORATE;regione;puglia;2015;37.4
EUROSTAT_ORE_LAVORATE;regione;puglia;2016;37.0
EUROSTAT_ORE_LAVORATE;regione;puglia;2017;37.3
EUROSTAT_ORE_LAVORATE;regione;puglia;2018;37.5
EUROSTAT_ORE_LAVORATE;regione;puglia;2019;37.3
EUROSTAT_ORE_LAVORATE;regione;puglia;2020;36.9
EUROSTAT_ORE_LAVORATE;regione;puglia;2021;36.8
EUROSTAT_ORE_LAVORATE;regione;puglia;2022;37.1
EUROSTAT_ORE_LAVORATE;regione;puglia;2023;37.3
EUROSTAT_ORE_LAVORATE;regione;puglia;2024;37.3
EUROSTAT_ORE_LAVORATE;regione;puglia;2025;37.6
EUROSTAT_ORE_LAVORATE;regione;sardegna;2015;36.3
EUROSTAT_ORE_LAVORATE;regione;sardegna;2016;35.8
EUROSTAT_ORE_LAVORATE;regione;sardegna;2017;36.2
EUROSTAT_ORE_LAVORATE;regione;sardegna;2018;36.6
EUROSTAT_ORE_LAVORATE;regione;sardegna;2019;36.3
EUROSTAT_ORE_LAVORATE;regione;sardegna;2020;36.3
EUROSTAT_ORE_LAVORATE;regione;sardegna;2021;36.1
EUROSTAT_ORE_LAVORATE;regione;sardegna;2022;36.2
EUROSTAT_ORE_LAVORATE;regione;sardegna;2023;36.6
EUROSTAT_ORE_LAVORATE;regione;sardegna;2024;36.7
EUROSTAT_ORE_LAVORATE;regione;sardegna;2025;35.9
EUROSTAT_ORE_LAVORATE;regione;sicilia;2015;35.8
EUROSTAT_ORE_LAVORATE;regione;sicilia;2016;36.1
EUROSTAT_ORE_LAVORATE;regione;sicilia;2017;36.0
EUROSTAT_ORE_LAVORATE;regione;sicilia;2018;36.2
EUROSTAT_ORE_LAVORATE;regione;sicilia;2019;35.9
EUROSTAT_ORE_LAVORATE;regione;sicilia;2020;35.5
EUROSTAT_ORE_LAVORATE;regione;sicilia;2021;35.8
EUROSTAT_ORE_LAVORATE;regione;sicilia;2022;35.9
EUROSTAT_ORE_LAVORATE;regione;sicilia;2023;36.0
EUROSTAT_ORE_LAVORATE;regione;sicilia;2024;35.6
EUROSTAT_ORE_LAVORATE;regione;sicilia;2025;36.1
EUROSTAT_ORE_LAVORATE;regione;toscana;2015;37.0
EUROSTAT_ORE_LAVORATE;regione;toscana;2016;37.0
EUROSTAT_ORE_LAVORATE;regione;toscana;2017;36.9
EUROSTAT_ORE_LAVORATE;regione;toscana;2018;37.2
EUROSTAT_ORE_LAVORATE;regione;toscana;2019;37.0
EUROSTAT_ORE_LAVORATE;regione;toscana;2020;36.7
EUROSTAT_ORE_LAVORATE;regione;toscana;2021;37.1
EUROSTAT_ORE_LAVORATE;regione;toscana;2022;37.0
EUROSTAT_ORE_LAVORATE;regione;toscana;2023;37.4
EUROSTAT_ORE_LAVORATE;regione;toscana;2024;37.3
EUROSTAT_ORE_LAVORATE;regione;toscana;2025;36.9
EUROSTAT_ORE_LAVORATE;regione;trentino-alto-adige;2015;36.9
EUROSTAT_ORE_LAVORATE;regione;trentino-alto-adige;2016;37.0
EUROSTAT_ORE_LAVORATE;regione;trentino-alto-adige;2017;37.0
EUROSTAT_ORE_LAVORATE;regione;trentino-alto-adige;2018;37.1
EUROSTAT_ORE_LAVORATE;regione;trentino-alto-adige;2019;37.0
EUROSTAT_ORE_LAVORATE;regione;trentino-alto-adige;2020;37.1
EUROSTAT_ORE_LAVORATE;regione;trentino-alto-adige;2021;37.4
EUROSTAT_ORE_LAVORATE;regione;trentino-alto-adige;2022;37.7
EUROSTAT_ORE_LAVORATE;regione;trentino-alto-adige;2023;37.5
EUROSTAT_ORE_LAVORATE;regione;trentino-alto-adige;2024;37.1
EUROSTAT_ORE_LAVORATE;regione;trentino-alto-adige;2025;36.9
EUROSTAT_ORE_LAVORATE;regione;umbria;2015;36.6
EUROSTAT_ORE_LAVORATE;regione;umbria;2016;36.6
EUROSTAT_ORE_LAVORATE;regione;umbria;2017;36.5
EUROSTAT_ORE_LAVORATE;regione;umbria;2018;37.0
EUROSTAT_ORE_LAVORATE;regione;umbria;2019;37.1
EUROSTAT_ORE_LAVORATE;regione;umbria;2020;37.1
EUROSTAT_ORE_LAVORATE;regione;umbria;2021;37.4
EUROSTAT_ORE_LAVORATE;regione;umbria;2022;37.4
EUROSTAT_ORE_LAVORATE;regione;umbria;2023;37.3
EUROSTAT_ORE_LAVORATE;regione;umbria;2024;36.6
EUROSTAT_ORE_LAVORATE;regione;umbria;2025;36.7
EUROSTAT_ORE_LAVORATE;regione;valle-d-aosta;2015;37.8
EUROSTAT_ORE_LAVORATE;regione;valle-d-aosta;2016;37.6
EUROSTAT_ORE_LAVORATE;regione;valle-d-aosta;2017;37.7
EUROSTAT_ORE_LAVORATE;regione;valle-d-aosta;2018;37.5
EUROSTAT_ORE_LAVORATE;regione;valle-d-aosta;2019;37.8
EUROSTAT_ORE_LAVORATE;regione;valle-d-aosta;2020;37.4
EUROSTAT_ORE_LAVORATE;regione;valle-d-aosta;2021;37.9
EUROSTAT_ORE_LAVORATE;regione;valle-d-aosta;2022;38.2
EUROSTAT_ORE_LAVORATE;regione;valle-d-aosta;2023;38.1
EUROSTAT_ORE_LAVORATE;regione;valle-d-aosta;2024;37.7
EUROSTAT_ORE_LAVORATE;regione;valle-d-aosta;2025;37.4
EUROSTAT_ORE_LAVORATE;regione;veneto;2015;37.3
EUROSTAT_ORE_LAVORATE;regione;veneto;2016;37.1
EUROSTAT_ORE_LAVORATE;regione;veneto;2017;37.4
EUROSTAT_ORE_LAVORATE;regione;veneto;2018;37.7
EUROSTAT_ORE_LAVORATE;regione;veneto;2019;37.7
EUROSTAT_ORE_LAVORATE;regione;veneto;2020;37.6
EUROSTAT_ORE_LAVORATE;regione;veneto;2021;37.9
EUROSTAT_ORE_LAVORATE;regione;veneto;2022;37.8
EUROSTAT_ORE_LAVORATE;regione;veneto;2023;37.7
EUROSTAT_ORE_LAVORATE;regione;veneto;2024;37.3
EUROSTAT_ORE_LAVORATE;regione;veneto;2025;37.5
EUROSTAT_SCIENZIATI_INGEGNERI;regione;abruzzo;2015;3.4
EUROSTAT_SCIENZIATI_INGEGNERI;regione;abruzzo;2016;3.8
EUROSTAT_SCIENZIATI_INGEGNERI;regione;abruzzo;2017;3.8
EUROSTAT_SCIENZIATI_INGEGNERI;regione;abruzzo;2018;3.6
EUROSTAT_SCIENZIATI_INGEGNERI;regione;abruzzo;2019;3.9
EUROSTAT_SCIENZIATI_INGEGNERI;regione;abruzzo;2020;4.4
EUROSTAT_SCIENZIATI_INGEGNERI;regione;abruzzo;2021;4.7
EUROSTAT_SCIENZIATI_INGEGNERI;regione;abruzzo;2022;4.4
EUROSTAT_SCIENZIATI_INGEGNERI;regione;abruzzo;2023;4.4
EUROSTAT_SCIENZIATI_INGEGNERI;regione;abruzzo;2024;4.8
EUROSTAT_SCIENZIATI_INGEGNERI;regione;abruzzo;2025;4.6
EUROSTAT_SCIENZIATI_INGEGNERI;regione;basilicata;2015;3.4
EUROSTAT_SCIENZIATI_INGEGNERI;regione;basilicata;2016;3.4
EUROSTAT_SCIENZIATI_INGEGNERI;regione;basilicata;2017;3.4
EUROSTAT_SCIENZIATI_INGEGNERI;regione;basilicata;2018;3.4
EUROSTAT_SCIENZIATI_INGEGNERI;regione;basilicata;2019;3.2
EUROSTAT_SCIENZIATI_INGEGNERI;regione;basilicata;2020;3.6
EUROSTAT_SCIENZIATI_INGEGNERI;regione;basilicata;2021;3.1
EUROSTAT_SCIENZIATI_INGEGNERI;regione;basilicata;2022;3.5
EUROSTAT_SCIENZIATI_INGEGNERI;regione;basilicata;2023;4.0
EUROSTAT_SCIENZIATI_INGEGNERI;regione;basilicata;2024;3.8
EUROSTAT_SCIENZIATI_INGEGNERI;regione;basilicata;2025;4.1
EUROSTAT_SCIENZIATI_INGEGNERI;regione;calabria;2015;3.7
EUROSTAT_SCIENZIATI_INGEGNERI;regione;calabria;2016;3.3
EUROSTAT_SCIENZIATI_INGEGNERI;regione;calabria;2017;3.0
EUROSTAT_SCIENZIATI_INGEGNERI;regione;calabria;2018;2.9
EUROSTAT_SCIENZIATI_INGEGNERI;regione;calabria;2019;3.5
EUROSTAT_SCIENZIATI_INGEGNERI;regione;calabria;2020;3.6
EUROSTAT_SCIENZIATI_INGEGNERI;regione;calabria;2021;3.8
EUROSTAT_SCIENZIATI_INGEGNERI;regione;calabria;2022;3.9
EUROSTAT_SCIENZIATI_INGEGNERI;regione;calabria;2023;3.5
EUROSTAT_SCIENZIATI_INGEGNERI;regione;calabria;2024;4.1
EUROSTAT_SCIENZIATI_INGEGNERI;regione;calabria;2025;4.7
EUROSTAT_SCIENZIATI_INGEGNERI;regione;campania;2015;3.5
EUROSTAT_SCIENZIATI_INGEGNERI;regione;campania;2016;3.4
EUROSTAT_SCIENZIATI_INGEGNERI;regione;campania;2017;3.5
EUROSTAT_SCIENZIATI_INGEGNERI;regione;campania;2018;3.6
EUROSTAT_SCIENZIATI_INGEGNERI;regione;campania;2019;3.6
EUROSTAT_SCIENZIATI_INGEGNERI;regione;campania;2020;3.9
EUROSTAT_SCIENZIATI_INGEGNERI;regione;campania;2021;3.7
EUROSTAT_SCIENZIATI_INGEGNERI;regione;campania;2022;3.9
EUROSTAT_SCIENZIATI_INGEGNERI;regione;campania;2023;3.9
EUROSTAT_SCIENZIATI_INGEGNERI;regione;campania;2024;3.8
EUROSTAT_SCIENZIATI_INGEGNERI;regione;campania;2025;3.8
EUROSTAT_SCIENZIATI_INGEGNERI;regione;emilia-romagna;2015;4.3
EUROSTAT_SCIENZIATI_INGEGNERI;regione;emilia-romagna;2016;4.8
EUROSTAT_SCIENZIATI_INGEGNERI;regione;emilia-romagna;2017;4.4
EUROSTAT_SCIENZIATI_INGEGNERI;regione;emilia-romagna;2018;4.7
EUROSTAT_SCIENZIATI_INGEGNERI;regione;emilia-romagna;2019;4.9
EUROSTAT_SCIENZIATI_INGEGNERI;regione;emilia-romagna;2020;5.1
EUROSTAT_SCIENZIATI_INGEGNERI;regione;emilia-romagna;2021;5.3
EUROSTAT_SCIENZIATI_INGEGNERI;regione;emilia-romagna;2022;4.8
EUROSTAT_SCIENZIATI_INGEGNERI;regione;emilia-romagna;2023;5.0
EUROSTAT_SCIENZIATI_INGEGNERI;regione;emilia-romagna;2024;5.1
EUROSTAT_SCIENZIATI_INGEGNERI;regione;emilia-romagna;2025;5.3
EUROSTAT_SCIENZIATI_INGEGNERI;regione;friuli-venezia-giulia;2015;3.6
EUROSTAT_SCIENZIATI_INGEGNERI;regione;friuli-venezia-giulia;2016;3.2
EUROSTAT_SCIENZIATI_INGEGNERI;regione;friuli-venezia-giulia;2017;3.3
EUROSTAT_SCIENZIATI_INGEGNERI;regione;friuli-venezia-giulia;2018;3.8
EUROSTAT_SCIENZIATI_INGEGNERI;regione;friuli-venezia-giulia;2019;3.7
EUROSTAT_SCIENZIATI_INGEGNERI;regione;friuli-venezia-giulia;2020;3.7
EUROSTAT_SCIENZIATI_INGEGNERI;regione;friuli-venezia-giulia;2021;3.4
EUROSTAT_SCIENZIATI_INGEGNERI;regione;friuli-venezia-giulia;2022;3.9
EUROSTAT_SCIENZIATI_INGEGNERI;regione;friuli-venezia-giulia;2023;4.1
EUROSTAT_SCIENZIATI_INGEGNERI;regione;friuli-venezia-giulia;2024;4.0
EUROSTAT_SCIENZIATI_INGEGNERI;regione;friuli-venezia-giulia;2025;4.1
EUROSTAT_SCIENZIATI_INGEGNERI;regione;lazio;2015;5.3
EUROSTAT_SCIENZIATI_INGEGNERI;regione;lazio;2016;5.2
EUROSTAT_SCIENZIATI_INGEGNERI;regione;lazio;2017;5.4
EUROSTAT_SCIENZIATI_INGEGNERI;regione;lazio;2018;5.8
EUROSTAT_SCIENZIATI_INGEGNERI;regione;lazio;2019;6.4
EUROSTAT_SCIENZIATI_INGEGNERI;regione;lazio;2020;6.0
EUROSTAT_SCIENZIATI_INGEGNERI;regione;lazio;2021;5.9
EUROSTAT_SCIENZIATI_INGEGNERI;regione;lazio;2022;6.3
EUROSTAT_SCIENZIATI_INGEGNERI;regione;lazio;2023;6.8
EUROSTAT_SCIENZIATI_INGEGNERI;regione;lazio;2024;6.5
EUROSTAT_SCIENZIATI_INGEGNERI;regione;lazio;2025;6.3
EUROSTAT_SCIENZIATI_INGEGNERI;regione;liguria;2015;5.5
EUROSTAT_SCIENZIATI_INGEGNERI;regione;liguria;2016;5.5
EUROSTAT_SCIENZIATI_INGEGNERI;regione;liguria;2017;5.1
EUROSTAT_SCIENZIATI_INGEGNERI;regione;liguria;2018;5.7
EUROSTAT_SCIENZIATI_INGEGNERI;regione;liguria;2019;6.0
EUROSTAT_SCIENZIATI_INGEGNERI;regione;liguria;2020;5.7
EUROSTAT_SCIENZIATI_INGEGNERI;regione;liguria;2021;5.3
EUROSTAT_SCIENZIATI_INGEGNERI;regione;liguria;2022;5.2
EUROSTAT_SCIENZIATI_INGEGNERI;regione;liguria;2023;5.0
EUROSTAT_SCIENZIATI_INGEGNERI;regione;liguria;2024;4.6
EUROSTAT_SCIENZIATI_INGEGNERI;regione;liguria;2025;4.3
EUROSTAT_SCIENZIATI_INGEGNERI;regione;lombardia;2015;4.7
EUROSTAT_SCIENZIATI_INGEGNERI;regione;lombardia;2016;4.9
EUROSTAT_SCIENZIATI_INGEGNERI;regione;lombardia;2017;4.5
EUROSTAT_SCIENZIATI_INGEGNERI;regione;lombardia;2018;4.7
EUROSTAT_SCIENZIATI_INGEGNERI;regione;lombardia;2019;4.8
EUROSTAT_SCIENZIATI_INGEGNERI;regione;lombardia;2020;5.2
EUROSTAT_SCIENZIATI_INGEGNERI;regione;lombardia;2021;5.1
EUROSTAT_SCIENZIATI_INGEGNERI;regione;lombardia;2022;4.7
EUROSTAT_SCIENZIATI_INGEGNERI;regione;lombardia;2023;5.1
EUROSTAT_SCIENZIATI_INGEGNERI;regione;lombardia;2024;5.2
EUROSTAT_SCIENZIATI_INGEGNERI;regione;lombardia;2025;5.2
EUROSTAT_SCIENZIATI_INGEGNERI;regione;marche;2015;3.0
EUROSTAT_SCIENZIATI_INGEGNERI;regione;marche;2016;3.3
EUROSTAT_SCIENZIATI_INGEGNERI;regione;marche;2017;3.8
EUROSTAT_SCIENZIATI_INGEGNERI;regione;marche;2018;3.8
EUROSTAT_SCIENZIATI_INGEGNERI;regione;marche;2019;4.1
EUROSTAT_SCIENZIATI_INGEGNERI;regione;marche;2020;4.4
EUROSTAT_SCIENZIATI_INGEGNERI;regione;marche;2021;3.8
EUROSTAT_SCIENZIATI_INGEGNERI;regione;marche;2022;3.2
EUROSTAT_SCIENZIATI_INGEGNERI;regione;marche;2023;4.3
EUROSTAT_SCIENZIATI_INGEGNERI;regione;marche;2024;5.1
EUROSTAT_SCIENZIATI_INGEGNERI;regione;marche;2025;5.2
EUROSTAT_SCIENZIATI_INGEGNERI;regione;molise;2015;3.3
EUROSTAT_SCIENZIATI_INGEGNERI;regione;molise;2016;3.5
EUROSTAT_SCIENZIATI_INGEGNERI;regione;molise;2017;3.7
EUROSTAT_SCIENZIATI_INGEGNERI;regione;molise;2018;3.6
EUROSTAT_SCIENZIATI_INGEGNERI;regione;molise;2019;3.1
EUROSTAT_SCIENZIATI_INGEGNERI;regione;molise;2020;3.4
EUROSTAT_SCIENZIATI_INGEGNERI;regione;molise;2021;4.1
EUROSTAT_SCIENZIATI_INGEGNERI;regione;molise;2022;4.3
EUROSTAT_SCIENZIATI_INGEGNERI;regione;molise;2023;4.1
EUROSTAT_SCIENZIATI_INGEGNERI;regione;molise;2024;3.9
EUROSTAT_SCIENZIATI_INGEGNERI;regione;molise;2025;3.5
EUROSTAT_SCIENZIATI_INGEGNERI;regione;piemonte;2015;4.3
EUROSTAT_SCIENZIATI_INGEGNERI;regione;piemonte;2016;4.5
EUROSTAT_SCIENZIATI_INGEGNERI;regione;piemonte;2017;4.5
EUROSTAT_SCIENZIATI_INGEGNERI;regione;piemonte;2018;4.6
EUROSTAT_SCIENZIATI_INGEGNERI;regione;piemonte;2019;5.2
EUROSTAT_SCIENZIATI_INGEGNERI;regione;piemonte;2020;4.9
EUROSTAT_SCIENZIATI_INGEGNERI;regione;piemonte;2021;4.7
EUROSTAT_SCIENZIATI_INGEGNERI;regione;piemonte;2022;5.3
EUROSTAT_SCIENZIATI_INGEGNERI;regione;piemonte;2023;5.7
EUROSTAT_SCIENZIATI_INGEGNERI;regione;piemonte;2024;5.1
EUROSTAT_SCIENZIATI_INGEGNERI;regione;piemonte;2025;5.0
EUROSTAT_SCIENZIATI_INGEGNERI;regione;puglia;2015;3.2
EUROSTAT_SCIENZIATI_INGEGNERI;regione;puglia;2016;2.8
EUROSTAT_SCIENZIATI_INGEGNERI;regione;puglia;2017;2.9
EUROSTAT_SCIENZIATI_INGEGNERI;regione;puglia;2018;3.2
EUROSTAT_SCIENZIATI_INGEGNERI;regione;puglia;2019;3.1
EUROSTAT_SCIENZIATI_INGEGNERI;regione;puglia;2020;3.1
EUROSTAT_SCIENZIATI_INGEGNERI;regione;puglia;2021;3.6
EUROSTAT_SCIENZIATI_INGEGNERI;regione;puglia;2022;3.3
EUROSTAT_SCIENZIATI_INGEGNERI;regione;puglia;2023;3.8
EUROSTAT_SCIENZIATI_INGEGNERI;regione;puglia;2024;4.1
EUROSTAT_SCIENZIATI_INGEGNERI;regione;puglia;2025;4.6
EUROSTAT_SCIENZIATI_INGEGNERI;regione;sardegna;2015;3.6
EUROSTAT_SCIENZIATI_INGEGNERI;regione;sardegna;2016;3.5
EUROSTAT_SCIENZIATI_INGEGNERI;regione;sardegna;2017;3.9
EUROSTAT_SCIENZIATI_INGEGNERI;regione;sardegna;2018;3.5
EUROSTAT_SCIENZIATI_INGEGNERI;regione;sardegna;2019;3.9
EUROSTAT_SCIENZIATI_INGEGNERI;regione;sardegna;2020;4.3
EUROSTAT_SCIENZIATI_INGEGNERI;regione;sardegna;2021;4.1
EUROSTAT_SCIENZIATI_INGEGNERI;regione;sardegna;2022;4.0
EUROSTAT_SCIENZIATI_INGEGNERI;regione;sardegna;2023;4.3
EUROSTAT_SCIENZIATI_INGEGNERI;regione;sardegna;2024;4.2
EUROSTAT_SCIENZIATI_INGEGNERI;regione;sardegna;2025;4.2
EUROSTAT_SCIENZIATI_INGEGNERI;regione;sicilia;2015;3.3
EUROSTAT_SCIENZIATI_INGEGNERI;regione;sicilia;2016;3.1
EUROSTAT_SCIENZIATI_INGEGNERI;regione;sicilia;2017;3.2
EUROSTAT_SCIENZIATI_INGEGNERI;regione;sicilia;2018;3.4
EUROSTAT_SCIENZIATI_INGEGNERI;regione;sicilia;2019;3.3
EUROSTAT_SCIENZIATI_INGEGNERI;regione;sicilia;2020;3.5
EUROSTAT_SCIENZIATI_INGEGNERI;regione;sicilia;2021;3.7
EUROSTAT_SCIENZIATI_INGEGNERI;regione;sicilia;2022;3.6
EUROSTAT_SCIENZIATI_INGEGNERI;regione;sicilia;2023;3.8
EUROSTAT_SCIENZIATI_INGEGNERI;regione;sicilia;2024;4.1
EUROSTAT_SCIENZIATI_INGEGNERI;regione;sicilia;2025;3.9
EUROSTAT_SCIENZIATI_INGEGNERI;regione;toscana;2015;4.1
EUROSTAT_SCIENZIATI_INGEGNERI;regione;toscana;2016;3.9
EUROSTAT_SCIENZIATI_INGEGNERI;regione;toscana;2017;4.5
EUROSTAT_SCIENZIATI_INGEGNERI;regione;toscana;2018;4.9
EUROSTAT_SCIENZIATI_INGEGNERI;regione;toscana;2019;4.7
EUROSTAT_SCIENZIATI_INGEGNERI;regione;toscana;2020;4.8
EUROSTAT_SCIENZIATI_INGEGNERI;regione;toscana;2021;4.7
EUROSTAT_SCIENZIATI_INGEGNERI;regione;toscana;2022;4.8
EUROSTAT_SCIENZIATI_INGEGNERI;regione;toscana;2023;5.4
EUROSTAT_SCIENZIATI_INGEGNERI;regione;toscana;2024;5.4
EUROSTAT_SCIENZIATI_INGEGNERI;regione;toscana;2025;4.9
EUROSTAT_SCIENZIATI_INGEGNERI;regione;trentino-alto-adige;2015;3.2
EUROSTAT_SCIENZIATI_INGEGNERI;regione;trentino-alto-adige;2016;3.4
EUROSTAT_SCIENZIATI_INGEGNERI;regione;trentino-alto-adige;2017;3.8
EUROSTAT_SCIENZIATI_INGEGNERI;regione;trentino-alto-adige;2018;3.6
EUROSTAT_SCIENZIATI_INGEGNERI;regione;trentino-alto-adige;2019;3.8
EUROSTAT_SCIENZIATI_INGEGNERI;regione;trentino-alto-adige;2020;4.0
EUROSTAT_SCIENZIATI_INGEGNERI;regione;trentino-alto-adige;2021;3.6
EUROSTAT_SCIENZIATI_INGEGNERI;regione;trentino-alto-adige;2022;3.4
EUROSTAT_SCIENZIATI_INGEGNERI;regione;trentino-alto-adige;2023;3.6
EUROSTAT_SCIENZIATI_INGEGNERI;regione;trentino-alto-adige;2024;4.0
EUROSTAT_SCIENZIATI_INGEGNERI;regione;trentino-alto-adige;2025;3.8
EUROSTAT_SCIENZIATI_INGEGNERI;regione;umbria;2015;4.0
EUROSTAT_SCIENZIATI_INGEGNERI;regione;umbria;2016;3.8
EUROSTAT_SCIENZIATI_INGEGNERI;regione;umbria;2017;4.2
EUROSTAT_SCIENZIATI_INGEGNERI;regione;umbria;2018;4.8
EUROSTAT_SCIENZIATI_INGEGNERI;regione;umbria;2019;4.5
EUROSTAT_SCIENZIATI_INGEGNERI;regione;umbria;2020;4.2
EUROSTAT_SCIENZIATI_INGEGNERI;regione;umbria;2021;4.7
EUROSTAT_SCIENZIATI_INGEGNERI;regione;umbria;2022;4.9
EUROSTAT_SCIENZIATI_INGEGNERI;regione;umbria;2023;6.2
EUROSTAT_SCIENZIATI_INGEGNERI;regione;umbria;2024;6.4
EUROSTAT_SCIENZIATI_INGEGNERI;regione;umbria;2025;4.4
EUROSTAT_SCIENZIATI_INGEGNERI;regione;valle-d-aosta;2015;2.7
EUROSTAT_SCIENZIATI_INGEGNERI;regione;valle-d-aosta;2016;2.6
EUROSTAT_SCIENZIATI_INGEGNERI;regione;valle-d-aosta;2017;3.2
EUROSTAT_SCIENZIATI_INGEGNERI;regione;valle-d-aosta;2018;3.8
EUROSTAT_SCIENZIATI_INGEGNERI;regione;valle-d-aosta;2019;3.6
EUROSTAT_SCIENZIATI_INGEGNERI;regione;valle-d-aosta;2020;3.5
EUROSTAT_SCIENZIATI_INGEGNERI;regione;valle-d-aosta;2021;3.3
EUROSTAT_SCIENZIATI_INGEGNERI;regione;valle-d-aosta;2022;2.9
EUROSTAT_SCIENZIATI_INGEGNERI;regione;valle-d-aosta;2023;3.3
EUROSTAT_SCIENZIATI_INGEGNERI;regione;valle-d-aosta;2024;3.3
EUROSTAT_SCIENZIATI_INGEGNERI;regione;valle-d-aosta;2025;3.0
EUROSTAT_SCIENZIATI_INGEGNERI;regione;veneto;2015;3.5
EUROSTAT_SCIENZIATI_INGEGNERI;regione;veneto;2016;4.0
EUROSTAT_SCIENZIATI_INGEGNERI;regione;veneto;2017;3.6
EUROSTAT_SCIENZIATI_INGEGNERI;regione;veneto;2018;4.0
EUROSTAT_SCIENZIATI_INGEGNERI;regione;veneto;2019;4.1
EUROSTAT_SCIENZIATI_INGEGNERI;regione;veneto;2020;4.1
EUROSTAT_SCIENZIATI_INGEGNERI;regione;veneto;2021;4.3
EUROSTAT_SCIENZIATI_INGEGNERI;regione;veneto;2022;4.4
EUROSTAT_SCIENZIATI_INGEGNERI;regione;veneto;2023;3.9
EUROSTAT_SCIENZIATI_INGEGNERI;regione;veneto;2024;4.8
EUROSTAT_SCIENZIATI_INGEGNERI;regione;veneto;2025;5.0
