indicator_id;level;territory_key;year;value
ISTATP_LIFEEXP65;provincia;agrigento;2015;19.8
ISTATP_LIFEEXP65;provincia;agrigento;2016;20.4
ISTATP_LIFEEXP65;provincia;agrigento;2017;19.6
ISTATP_LIFEEXP65;provincia;agrigento;2018;20.2
ISTATP_LIFEEXP65;provincia;agrigento;2019;20
ISTATP_LIFEEXP65;provincia;agrigento;2020;20.2
ISTATP_LIFEEXP65;provincia;agrigento;2021;19.6
ISTATP_LIFEEXP65;provincia;agrigento;2022;19.7
ISTATP_LIFEEXP65;provincia;agrigento;2023;19.8
ISTATP_LIFEEXP65;provincia;agrigento;2024;20.5
ISTATP_LIFEEXP65;provincia;agrigento;2025;21
ISTATP_LIFEEXP65;provincia;alessandria;2015;19.8
ISTATP_LIFEEXP65;provincia;alessandria;2016;20.3
ISTATP_LIFEEXP65;provincia;alessandria;2017;20.1
ISTATP_LIFEEXP65;provincia;alessandria;2018;20.2
ISTATP_LIFEEXP65;provincia;alessandria;2019;20.4
ISTATP_LIFEEXP65;provincia;alessandria;2020;18.6
ISTATP_LIFEEXP65;provincia;alessandria;2021;20.2
ISTATP_LIFEEXP65;provincia;alessandria;2022;19.7
ISTATP_LIFEEXP65;provincia;alessandria;2023;20.3
ISTATP_LIFEEXP65;provincia;alessandria;2024;20.7
ISTATP_LIFEEXP65;provincia;alessandria;2025;21
ISTATP_LIFEEXP65;provincia;ancona;2015;20.9
ISTATP_LIFEEXP65;provincia;ancona;2016;21.4
ISTATP_LIFEEXP65;provincia;ancona;2017;21.2
ISTATP_LIFEEXP65;provincia;ancona;2018;21.6
ISTATP_LIFEEXP65;provincia;ancona;2019;21.8
ISTATP_LIFEEXP65;provincia;ancona;2020;21
ISTATP_LIFEEXP65;provincia;ancona;2021;20.8
ISTATP_LIFEEXP65;provincia;ancona;2022;21.1
ISTATP_LIFEEXP65;provincia;ancona;2023;21.5
ISTATP_LIFEEXP65;provincia;ancona;2024;22.1
ISTATP_LIFEEXP65;provincia;ancona;2025;22.3
ISTATP_LIFEEXP65;provincia;aosta;2015;19.9
ISTATP_LIFEEXP65;provincia;aosta;2016;20.8
ISTATP_LIFEEXP65;provincia;aosta;2017;20.5
ISTATP_LIFEEXP65;provincia;aosta;2018;20.3
ISTATP_LIFEEXP65;provincia;aosta;2019;20.9
ISTATP_LIFEEXP65;provincia;aosta;2020;19
ISTATP_LIFEEXP65;provincia;aosta;2021;20.5
ISTATP_LIFEEXP65;provincia;aosta;2022;20.7
ISTATP_LIFEEXP65;provincia;aosta;2023;21.2
ISTATP_LIFEEXP65;provincia;aosta;2024;21
ISTATP_LIFEEXP65;provincia;aosta;2025;21.7
ISTATP_LIFEEXP65;provincia;arezzo;2015;20.9
ISTATP_LIFEEXP65;provincia;arezzo;2016;21.2
ISTATP_LIFEEXP65;provincia;arezzo;2017;21.1
ISTATP_LIFEEXP65;provincia;arezzo;2018;21.3
ISTATP_LIFEEXP65;provincia;arezzo;2019;21.4
ISTATP_LIFEEXP65;provincia;arezzo;2020;20.9
ISTATP_LIFEEXP65;provincia;arezzo;2021;20.6
ISTATP_LIFEEXP65;provincia;arezzo;2022;20.8
ISTATP_LIFEEXP65;provincia;arezzo;2023;21.3
ISTATP_LIFEEXP65;provincia;arezzo;2024;21.7
ISTATP_LIFEEXP65;provincia;arezzo;2025;21.6
ISTATP_LIFEEXP65;provincia;ascoli-piceno;2015;21
ISTATP_LIFEEXP65;provincia;ascoli-piceno;2016;21.2
ISTATP_LIFEEXP65;provincia;ascoli-piceno;2017;21.1
ISTATP_LIFEEXP65;provincia;ascoli-piceno;2018;21.3
ISTATP_LIFEEXP65;provincia;ascoli-piceno;2019;21.9
ISTATP_LIFEEXP65;provincia;ascoli-piceno;2020;21
ISTATP_LIFEEXP65;provincia;ascoli-piceno;2021;21
ISTATP_LIFEEXP65;provincia;ascoli-piceno;2022;20.9
ISTATP_LIFEEXP65;provincia;ascoli-piceno;2023;21.4
ISTATP_LIFEEXP65;provincia;ascoli-piceno;2024;21.7
ISTATP_LIFEEXP65;provincia;ascoli-piceno;2025;22
ISTATP_LIFEEXP65;provincia;asti;2015;19.7
ISTATP_LIFEEXP65;provincia;asti;2016;20.2
ISTATP_LIFEEXP65;provincia;asti;2017;20.3
ISTATP_LIFEEXP65;provincia;asti;2018;20.3
ISTATP_LIFEEXP65;provincia;asti;2019;20.5
ISTATP_LIFEEXP65;provincia;asti;2020;18.9
ISTATP_LIFEEXP65;provincia;asti;2021;20
ISTATP_LIFEEXP65;provincia;asti;2022;20
ISTATP_LIFEEXP65;provincia;asti;2023;20.7
ISTATP_LIFEEXP65;provincia;asti;2024;21.3
ISTATP_LIFEEXP65;provincia;asti;2025;21.2
ISTATP_LIFEEXP65;provincia;avellino;2015;19.8
ISTATP_LIFEEXP65;provincia;avellino;2016;20.5
ISTATP_LIFEEXP65;provincia;avellino;2017;20.2
ISTATP_LIFEEXP65;provincia;avellino;2018;20.6
ISTATP_LIFEEXP65;provincia;avellino;2019;20.5
ISTATP_LIFEEXP65;provincia;avellino;2020;19.7
ISTATP_LIFEEXP65;provincia;avellino;2021;20
ISTATP_LIFEEXP65;provincia;avellino;2022;19.9
ISTATP_LIFEEXP65;provincia;avellino;2023;20.4
ISTATP_LIFEEXP65;provincia;avellino;2024;20.7
ISTATP_LIFEEXP65;provincia;avellino;2025;20.6
ISTATP_LIFEEXP65;provincia;bari;2015;20.6
ISTATP_LIFEEXP65;provincia;bari;2016;21.1
ISTATP_LIFEEXP65;provincia;bari;2017;20.8
ISTATP_LIFEEXP65;provincia;bari;2018;21.2
ISTATP_LIFEEXP65;provincia;bari;2019;21.3
ISTATP_LIFEEXP65;provincia;bari;2020;20.6
ISTATP_LIFEEXP65;provincia;bari;2021;19.9
ISTATP_LIFEEXP65;provincia;bari;2022;20.9
ISTATP_LIFEEXP65;provincia;bari;2023;21
ISTATP_LIFEEXP65;provincia;bari;2024;21.5
ISTATP_LIFEEXP65;provincia;bari;2025;21.7
ISTATP_LIFEEXP65;provincia;barletta-andria-trani;2015;20.1
ISTATP_LIFEEXP65;provincia;barletta-andria-trani;2016;20.8
ISTATP_LIFEEXP65;provincia;barletta-andria-trani;2017;20.2
ISTATP_LIFEEXP65;provincia;barletta-andria-trani;2018;20.8
ISTATP_LIFEEXP65;provincia;barletta-andria-trani;2019;20.8
ISTATP_LIFEEXP65;provincia;barletta-andria-trani;2020;19.7
ISTATP_LIFEEXP65;provincia;barletta-andria-trani;2021;19.8
ISTATP_LIFEEXP65;provincia;barletta-andria-trani;2022;20.5
ISTATP_LIFEEXP65;provincia;barletta-andria-trani;2023;20.7
ISTATP_LIFEEXP65;provincia;barletta-andria-trani;2024;21.3
ISTATP_LIFEEXP65;provincia;barletta-andria-trani;2025;21.3
ISTATP_LIFEEXP65;provincia;belluno;2015;20.1
ISTATP_LIFEEXP65;provincia;belluno;2016;20.8
ISTATP_LIFEEXP65;provincia;belluno;2017;20.5
ISTATP_LIFEEXP65;provincia;belluno;2018;20.8
ISTATP_LIFEEXP65;provincia;belluno;2019;21
ISTATP_LIFEEXP65;provincia;belluno;2020;20.1
ISTATP_LIFEEXP65;provincia;belluno;2021;21
ISTATP_LIFEEXP65;provincia;belluno;2022;20.4
ISTATP_LIFEEXP65;provincia;belluno;2023;21.1
ISTATP_LIFEEXP65;provincia;belluno;2024;21.2
ISTATP_LIFEEXP65;provincia;belluno;2025;21.5
ISTATP_LIFEEXP65;provincia;benevento;2015;19.8
ISTATP_LIFEEXP65;provincia;benevento;2016;20.4
ISTATP_LIFEEXP65;provincia;benevento;2017;20
ISTATP_LIFEEXP65;provincia;benevento;2018;20.4
ISTATP_LIFEEXP65;provincia;benevento;2019;20.7
ISTATP_LIFEEXP65;provincia;benevento;2020;20.5
ISTATP_LIFEEXP65;provincia;benevento;2021;20.2
ISTATP_LIFEEXP65;provincia;benevento;2022;20
ISTATP_LIFEEXP65;provincia;benevento;2023;20.3
ISTATP_LIFEEXP65;provincia;benevento;2024;20.8
ISTATP_LIFEEXP65;provincia;benevento;2025;20.8
ISTATP_LIFEEXP65;provincia;bergamo;2015;20.2
ISTATP_LIFEEXP65;provincia;bergamo;2016;20.9
ISTATP_LIFEEXP65;provincia;bergamo;2017;20.7
ISTATP_LIFEEXP65;provincia;bergamo;2018;21
ISTATP_LIFEEXP65;provincia;bergamo;2019;21.2
ISTATP_LIFEEXP65;provincia;bergamo;2020;17.7
ISTATP_LIFEEXP65;provincia;bergamo;2021;21.1
ISTATP_LIFEEXP65;provincia;bergamo;2022;20.5
ISTATP_LIFEEXP65;provincia;bergamo;2023;21.2
ISTATP_LIFEEXP65;provincia;bergamo;2024;21.5
ISTATP_LIFEEXP65;provincia;bergamo;2025;21.6
ISTATP_LIFEEXP65;provincia;biella;2015;20.4
ISTATP_LIFEEXP65;provincia;biella;2016;20.4
ISTATP_LIFEEXP65;provincia;biella;2017;20.8
ISTATP_LIFEEXP65;provincia;biella;2018;20.6
ISTATP_LIFEEXP65;provincia;biella;2019;21.3
ISTATP_LIFEEXP65;provincia;biella;2020;19.3
ISTATP_LIFEEXP65;provincia;biella;2021;20.7
ISTATP_LIFEEXP65;provincia;biella;2022;20.3
ISTATP_LIFEEXP65;provincia;biella;2023;21
ISTATP_LIFEEXP65;provincia;biella;2024;21
ISTATP_LIFEEXP65;provincia;biella;2025;21.2
ISTATP_LIFEEXP65;provincia;bologna;2015;20.7
ISTATP_LIFEEXP65;provincia;bologna;2016;21.4
ISTATP_LIFEEXP65;provincia;bologna;2017;21.2
ISTATP_LIFEEXP65;provincia;bologna;2018;21.4
ISTATP_LIFEEXP65;provincia;bologna;2019;21.6
ISTATP_LIFEEXP65;provincia;bologna;2020;20.6
ISTATP_LIFEEXP65;provincia;bologna;2021;20.8
ISTATP_LIFEEXP65;provincia;bologna;2022;21
ISTATP_LIFEEXP65;provincia;bologna;2023;21.4
ISTATP_LIFEEXP65;provincia;bologna;2024;21.7
ISTATP_LIFEEXP65;provincia;bologna;2025;22
ISTATP_LIFEEXP65;provincia;bolzano;2015;21.2
ISTATP_LIFEEXP65;provincia;bolzano;2016;21.5
ISTATP_LIFEEXP65;provincia;bolzano;2017;21.5
ISTATP_LIFEEXP65;provincia;bolzano;2018;21.7
ISTATP_LIFEEXP65;provincia;bolzano;2019;21.9
ISTATP_LIFEEXP65;provincia;bolzano;2020;20.6
ISTATP_LIFEEXP65;provincia;bolzano;2021;21.1
ISTATP_LIFEEXP65;provincia;bolzano;2022;21.1
ISTATP_LIFEEXP65;provincia;bolzano;2023;21.9
ISTATP_LIFEEXP65;provincia;bolzano;2024;22.2
ISTATP_LIFEEXP65;provincia;bolzano;2025;22.2
ISTATP_LIFEEXP65;provincia;brescia;2015;20.7
ISTATP_LIFEEXP65;provincia;brescia;2016;21.2
ISTATP_LIFEEXP65;provincia;brescia;2017;21
ISTATP_LIFEEXP65;provincia;brescia;2018;21.2
ISTATP_LIFEEXP65;provincia;brescia;2019;21.3
ISTATP_LIFEEXP65;provincia;brescia;2020;19
ISTATP_LIFEEXP65;provincia;brescia;2021;20.6
ISTATP_LIFEEXP65;provincia;brescia;2022;21
ISTATP_LIFEEXP65;provincia;brescia;2023;21.7
ISTATP_LIFEEXP65;provincia;brescia;2024;22
ISTATP_LIFEEXP65;provincia;brescia;2025;21.9
ISTATP_LIFEEXP65;provincia;brindisi;2015;20.1
ISTATP_LIFEEXP65;provincia;brindisi;2016;20.6
ISTATP_LIFEEXP65;provincia;brindisi;2017;20.3
ISTATP_LIFEEXP65;provincia;brindisi;2018;20.7
ISTATP_LIFEEXP65;provincia;brindisi;2019;20.7
ISTATP_LIFEEXP65;provincia;brindisi;2020;20.5
ISTATP_LIFEEXP65;provincia;brindisi;2021;20.5
ISTATP_LIFEEXP65;provincia;brindisi;2022;20.2
ISTATP_LIFEEXP65;provincia;brindisi;2023;20.4
ISTATP_LIFEEXP65;provincia;brindisi;2024;21
ISTATP_LIFEEXP65;provincia;brindisi;2025;21.2
ISTATP_LIFEEXP65;provincia;cagliari;2015;21
ISTATP_LIFEEXP65;provincia;cagliari;2016;21.7
ISTATP_LIFEEXP65;provincia;cagliari;2017;21.3
ISTATP_LIFEEXP65;provincia;cagliari;2018;22.1
ISTATP_LIFEEXP65;provincia;cagliari;2019;21.5
ISTATP_LIFEEXP65;provincia;cagliari;2020;21.3
ISTATP_LIFEEXP65;provincia;cagliari;2021;21.7
ISTATP_LIFEEXP65;provincia;cagliari;2022;20.7
ISTATP_LIFEEXP65;provincia;cagliari;2023;21.2
ISTATP_LIFEEXP65;provincia;cagliari;2024;22
ISTATP_LIFEEXP65;provincia;cagliari;2025;21.8
ISTATP_LIFEEXP65;provincia;caltanissetta;2015;19.3
ISTATP_LIFEEXP65;provincia;caltanissetta;2016;19.6
ISTATP_LIFEEXP65;provincia;caltanissetta;2017;19.2
ISTATP_LIFEEXP65;provincia;caltanissetta;2018;19.5
ISTATP_LIFEEXP65;provincia;caltanissetta;2019;19.5
ISTATP_LIFEEXP65;provincia;caltanissetta;2020;19.6
ISTATP_LIFEEXP65;provincia;caltanissetta;2021;19.1
ISTATP_LIFEEXP65;provincia;caltanissetta;2022;19.3
ISTATP_LIFEEXP65;provincia;caltanissetta;2023;19.9
ISTATP_LIFEEXP65;provincia;caltanissetta;2024;20.3
ISTATP_LIFEEXP65;provincia;caltanissetta;2025;20.6
ISTATP_LIFEEXP65;provincia;campobasso;2015;20.3
ISTATP_LIFEEXP65;provincia;campobasso;2016;21.1
ISTATP_LIFEEXP65;provincia;campobasso;2017;20.7
ISTATP_LIFEEXP65;provincia;campobasso;2018;21
ISTATP_LIFEEXP65;provincia;campobasso;2019;21.2
ISTATP_LIFEEXP65;provincia;campobasso;2020;20.6
ISTATP_LIFEEXP65;provincia;campobasso;2021;19.7
ISTATP_LIFEEXP65;provincia;campobasso;2022;20.2
ISTATP_LIFEEXP65;provincia;campobasso;2023;20.7
ISTATP_LIFEEXP65;provincia;campobasso;2024;21
ISTATP_LIFEEXP65;provincia;campobasso;2025;21.4
ISTATP_LIFEEXP65;provincia;caserta;2015;18.9
ISTATP_LIFEEXP65;provincia;caserta;2016;19.2
ISTATP_LIFEEXP65;provincia;caserta;2017;19
ISTATP_LIFEEXP65;provincia;caserta;2018;19.5
ISTATP_LIFEEXP65;provincia;caserta;2019;19.7
ISTATP_LIFEEXP65;provincia;caserta;2020;19
ISTATP_LIFEEXP65;provincia;caserta;2021;19.1
ISTATP_LIFEEXP65;provincia;caserta;2022;19.2
ISTATP_LIFEEXP65;provincia;caserta;2023;19.3
ISTATP_LIFEEXP65;provincia;caserta;2024;19.8
ISTATP_LIFEEXP65;provincia;caserta;2025;20.2
ISTATP_LIFEEXP65;provincia;catania;2015;19.5
ISTATP_LIFEEXP65;provincia;catania;2016;20
ISTATP_LIFEEXP65;provincia;catania;2017;19.5
ISTATP_LIFEEXP65;provincia;catania;2018;19.9
ISTATP_LIFEEXP65;provincia;catania;2019;20
ISTATP_LIFEEXP65;provincia;catania;2020;19.8
ISTATP_LIFEEXP65;provincia;catania;2021;19.5
ISTATP_LIFEEXP65;provincia;catania;2022;19.6
ISTATP_LIFEEXP65;provincia;catania;2023;19.9
ISTATP_LIFEEXP65;provincia;catania;2024;20.7
ISTATP_LIFEEXP65;provincia;catania;2025;20.7
ISTATP_LIFEEXP65;provincia;catanzaro;2015;20.2
ISTATP_LIFEEXP65;provincia;catanzaro;2016;20.7
ISTATP_LIFEEXP65;provincia;catanzaro;2017;20.2
ISTATP_LIFEEXP65;provincia;catanzaro;2018;20.4
ISTATP_LIFEEXP65;provincia;catanzaro;2019;20.9
ISTATP_LIFEEXP65;provincia;catanzaro;2020;20.8
ISTATP_LIFEEXP65;provincia;catanzaro;2021;20.5
ISTATP_LIFEEXP65;provincia;catanzaro;2022;20.3
ISTATP_LIFEEXP65;provincia;catanzaro;2023;20.7
ISTATP_LIFEEXP65;provincia;catanzaro;2024;21.1
ISTATP_LIFEEXP65;provincia;catanzaro;2025;21.1
ISTATP_LIFEEXP65;provincia;chieti;2015;20.5
ISTATP_LIFEEXP65;provincia;chieti;2016;20.8
ISTATP_LIFEEXP65;provincia;chieti;2017;20.4
ISTATP_LIFEEXP65;provincia;chieti;2018;20.9
ISTATP_LIFEEXP65;provincia;chieti;2019;21.4
ISTATP_LIFEEXP65;provincia;chieti;2020;20.9
ISTATP_LIFEEXP65;provincia;chieti;2021;20.7
ISTATP_LIFEEXP65;provincia;chieti;2022;20.6
ISTATP_LIFEEXP65;provincia;chieti;2023;20.6
ISTATP_LIFEEXP65;provincia;chieti;2024;21.3
ISTATP_LIFEEXP65;provincia;chieti;2025;21.6
ISTATP_LIFEEXP65;provincia;como;2015;20.7
ISTATP_LIFEEXP65;provincia;como;2016;21.1
ISTATP_LIFEEXP65;provincia;como;2017;21
ISTATP_LIFEEXP65;provincia;como;2018;21.1
ISTATP_LIFEEXP65;provincia;como;2019;21.1
ISTATP_LIFEEXP65;provincia;como;2020;19.6
ISTATP_LIFEEXP65;provincia;como;2021;20.7
ISTATP_LIFEEXP65;provincia;como;2022;20.8
ISTATP_LIFEEXP65;provincia;como;2023;21.7
ISTATP_LIFEEXP65;provincia;como;2024;21.8
ISTATP_LIFEEXP65;provincia;como;2025;22.1
ISTATP_LIFEEXP65;provincia;cosenza;2015;20.1
ISTATP_LIFEEXP65;provincia;cosenza;2016;20.6
ISTATP_LIFEEXP65;provincia;cosenza;2017;20.1
ISTATP_LIFEEXP65;provincia;cosenza;2018;20.9
ISTATP_LIFEEXP65;provincia;cosenza;2019;20.6
ISTATP_LIFEEXP65;provincia;cosenza;2020;20.3
ISTATP_LIFEEXP65;provincia;cosenza;2021;19.9
ISTATP_LIFEEXP65;provincia;cosenza;2022;20.1
ISTATP_LIFEEXP65;provincia;cosenza;2023;20.2
ISTATP_LIFEEXP65;provincia;cosenza;2024;20.6
ISTATP_LIFEEXP65;provincia;cosenza;2025;20.8
ISTATP_LIFEEXP65;provincia;cremona;2015;20.2
ISTATP_LIFEEXP65;provincia;cremona;2016;20.4
ISTATP_LIFEEXP65;provincia;cremona;2017;20.7
ISTATP_LIFEEXP65;provincia;cremona;2018;20.6
ISTATP_LIFEEXP65;provincia;cremona;2019;21.2
ISTATP_LIFEEXP65;provincia;cremona;2020;17.8
ISTATP_LIFEEXP65;provincia;cremona;2021;20.6
ISTATP_LIFEEXP65;provincia;cremona;2022;20.7
ISTATP_LIFEEXP65;provincia;cremona;2023;21.1
ISTATP_LIFEEXP65;provincia;cremona;2024;21.1
ISTATP_LIFEEXP65;provincia;cremona;2025;21.2
ISTATP_LIFEEXP65;provincia;crotone;2015;19.9
ISTATP_LIFEEXP65;provincia;crotone;2016;20.6
ISTATP_LIFEEXP65;provincia;crotone;2017;19.8
ISTATP_LIFEEXP65;provincia;crotone;2018;20.4
ISTATP_LIFEEXP65;provincia;crotone;2019;20.4
ISTATP_LIFEEXP65;provincia;crotone;2020;19.8
ISTATP_LIFEEXP65;provincia;crotone;2021;19.5
ISTATP_LIFEEXP65;provincia;crotone;2022;19.3
ISTATP_LIFEEXP65;provincia;crotone;2023;19.9
ISTATP_LIFEEXP65;provincia;crotone;2024;20.4
ISTATP_LIFEEXP65;provincia;crotone;2025;20.7
ISTATP_LIFEEXP65;provincia;cuneo;2015;20.1
ISTATP_LIFEEXP65;provincia;cuneo;2016;20.6
ISTATP_LIFEEXP65;provincia;cuneo;2017;20.4
ISTATP_LIFEEXP65;provincia;cuneo;2018;20.6
ISTATP_LIFEEXP65;provincia;cuneo;2019;20.7
ISTATP_LIFEEXP65;provincia;cuneo;2020;19.5
ISTATP_LIFEEXP65;provincia;cuneo;2021;20.3
ISTATP_LIFEEXP65;provincia;cuneo;2022;20.3
ISTATP_LIFEEXP65;provincia;cuneo;2023;20.9
ISTATP_LIFEEXP65;provincia;cuneo;2024;21.3
ISTATP_LIFEEXP65;provincia;cuneo;2025;21.3
ISTATP_LIFEEXP65;provincia;enna;2015;19.6
ISTATP_LIFEEXP65;provincia;enna;2016;20.1
ISTATP_LIFEEXP65;provincia;enna;2017;19.4
ISTATP_LIFEEXP65;provincia;enna;2018;20.3
ISTATP_LIFEEXP65;provincia;enna;2019;20.1
ISTATP_LIFEEXP65;provincia;enna;2020;19.8
ISTATP_LIFEEXP65;provincia;enna;2021;19.9
ISTATP_LIFEEXP65;provincia;enna;2022;19.3
ISTATP_LIFEEXP65;provincia;enna;2023;20.1
ISTATP_LIFEEXP65;provincia;enna;2024;21.2
ISTATP_LIFEEXP65;provincia;enna;2025;20.9
ISTATP_LIFEEXP65;provincia;fermo;2015;20.7
ISTATP_LIFEEXP65;provincia;fermo;2016;21.2
ISTATP_LIFEEXP65;provincia;fermo;2017;20.4
ISTATP_LIFEEXP65;provincia;fermo;2018;21.5
ISTATP_LIFEEXP65;provincia;fermo;2019;21.3
ISTATP_LIFEEXP65;provincia;fermo;2020;20.8
ISTATP_LIFEEXP65;provincia;fermo;2021;20.4
ISTATP_LIFEEXP65;provincia;fermo;2022;21.1
ISTATP_LIFEEXP65;provincia;fermo;2023;21.5
ISTATP_LIFEEXP65;provincia;fermo;2024;21.9
ISTATP_LIFEEXP65;provincia;fermo;2025;21.9
ISTATP_LIFEEXP65;provincia;ferrara;2015;19.9
ISTATP_LIFEEXP65;provincia;ferrara;2016;20.6
ISTATP_LIFEEXP65;provincia;ferrara;2017;20.2
ISTATP_LIFEEXP65;provincia;ferrara;2018;20.7
ISTATP_LIFEEXP65;provincia;ferrara;2019;21
ISTATP_LIFEEXP65;provincia;ferrara;2020;20.1
ISTATP_LIFEEXP65;provincia;ferrara;2021;20
ISTATP_LIFEEXP65;provincia;ferrara;2022;20.3
ISTATP_LIFEEXP65;provincia;ferrara;2023;20.9
ISTATP_LIFEEXP65;provincia;ferrara;2024;21.1
ISTATP_LIFEEXP65;provincia;ferrara;2025;21.4
ISTATP_LIFEEXP65;provincia;firenze;2015;21
ISTATP_LIFEEXP65;provincia;firenze;2016;21.6
ISTATP_LIFEEXP65;provincia;firenze;2017;21.4
ISTATP_LIFEEXP65;provincia;firenze;2018;21.8
ISTATP_LIFEEXP65;provincia;firenze;2019;21.8
ISTATP_LIFEEXP65;provincia;firenze;2020;21.1
ISTATP_LIFEEXP65;provincia;firenze;2021;21.4
ISTATP_LIFEEXP65;provincia;firenze;2022;21.2
ISTATP_LIFEEXP65;provincia;firenze;2023;22
ISTATP_LIFEEXP65;provincia;firenze;2024;22.1
ISTATP_LIFEEXP65;provincia;firenze;2025;22.4
ISTATP_LIFEEXP65;provincia;foggia;2015;20.3
ISTATP_LIFEEXP65;provincia;foggia;2016;20.7
ISTATP_LIFEEXP65;provincia;foggia;2017;20.4
ISTATP_LIFEEXP65;provincia;foggia;2018;20.7
ISTATP_LIFEEXP65;provincia;foggia;2019;20.9
ISTATP_LIFEEXP65;provincia;foggia;2020;19.6
ISTATP_LIFEEXP65;provincia;foggia;2021;19.8
ISTATP_LIFEEXP65;provincia;foggia;2022;20.4
ISTATP_LIFEEXP65;provincia;foggia;2023;20.8
ISTATP_LIFEEXP65;provincia;foggia;2024;21
ISTATP_LIFEEXP65;provincia;foggia;2025;21.3
ISTATP_LIFEEXP65;provincia;forli-cesena;2015;21
ISTATP_LIFEEXP65;provincia;forli-cesena;2016;21.4
ISTATP_LIFEEXP65;provincia;forli-cesena;2017;21.3
ISTATP_LIFEEXP65;provincia;forli-cesena;2018;21.7
ISTATP_LIFEEXP65;provincia;forli-cesena;2019;21.6
ISTATP_LIFEEXP65;provincia;forli-cesena;2020;20.9
ISTATP_LIFEEXP65;provincia;forli-cesena;2021;20.7
ISTATP_LIFEEXP65;provincia;forli-cesena;2022;20.9
ISTATP_LIFEEXP65;provincia;forli-cesena;2023;21.4
ISTATP_LIFEEXP65;provincia;forli-cesena;2024;22
ISTATP_LIFEEXP65;provincia;forli-cesena;2025;22
ISTATP_LIFEEXP65;provincia;frosinone;2015;20
ISTATP_LIFEEXP65;provincia;frosinone;2016;20.2
ISTATP_LIFEEXP65;provincia;frosinone;2017;20
ISTATP_LIFEEXP65;provincia;frosinone;2018;20.6
ISTATP_LIFEEXP65;provincia;frosinone;2019;20.6
ISTATP_LIFEEXP65;provincia;frosinone;2020;20.2
ISTATP_LIFEEXP65;provincia;frosinone;2021;19.7
ISTATP_LIFEEXP65;provincia;frosinone;2022;20.1
ISTATP_LIFEEXP65;provincia;frosinone;2023;20.3
ISTATP_LIFEEXP65;provincia;frosinone;2024;20.9
ISTATP_LIFEEXP65;provincia;frosinone;2025;20.9
ISTATP_LIFEEXP65;provincia;genova;2015;20.3
ISTATP_LIFEEXP65;provincia;genova;2016;20.8
ISTATP_LIFEEXP65;provincia;genova;2017;20.6
ISTATP_LIFEEXP65;provincia;genova;2018;20.7
ISTATP_LIFEEXP65;provincia;genova;2019;21
ISTATP_LIFEEXP65;provincia;genova;2020;19.4
ISTATP_LIFEEXP65;provincia;genova;2021;20.7
ISTATP_LIFEEXP65;provincia;genova;2022;20.4
ISTATP_LIFEEXP65;provincia;genova;2023;21
ISTATP_LIFEEXP65;provincia;genova;2024;21.4
ISTATP_LIFEEXP65;provincia;genova;2025;21.5
ISTATP_LIFEEXP65;provincia;gorizia;2015;20.3
ISTATP_LIFEEXP65;provincia;gorizia;2016;20.3
ISTATP_LIFEEXP65;provincia;gorizia;2017;20.9
ISTATP_LIFEEXP65;provincia;gorizia;2018;20.6
ISTATP_LIFEEXP65;provincia;gorizia;2019;21
ISTATP_LIFEEXP65;provincia;gorizia;2020;20.4
ISTATP_LIFEEXP65;provincia;gorizia;2021;20.3
ISTATP_LIFEEXP65;provincia;gorizia;2022;20.6
ISTATP_LIFEEXP65;provincia;gorizia;2023;21
ISTATP_LIFEEXP65;provincia;gorizia;2024;21.9
ISTATP_LIFEEXP65;provincia;gorizia;2025;21.8
ISTATP_LIFEEXP65;provincia;grosseto;2015;20.5
ISTATP_LIFEEXP65;provincia;grosseto;2016;21.1
ISTATP_LIFEEXP65;provincia;grosseto;2017;20.8
ISTATP_LIFEEXP65;provincia;grosseto;2018;21.3
ISTATP_LIFEEXP65;provincia;grosseto;2019;21.2
ISTATP_LIFEEXP65;provincia;grosseto;2020;20.8
ISTATP_LIFEEXP65;provincia;grosseto;2021;21.2
ISTATP_LIFEEXP65;provincia;grosseto;2022;20.8
ISTATP_LIFEEXP65;provincia;grosseto;2023;21.3
ISTATP_LIFEEXP65;provincia;grosseto;2024;20.9
ISTATP_LIFEEXP65;provincia;grosseto;2025;21.5
ISTATP_LIFEEXP65;provincia;imperia;2015;20.4
ISTATP_LIFEEXP65;provincia;imperia;2016;20.7
ISTATP_LIFEEXP65;provincia;imperia;2017;20.5
ISTATP_LIFEEXP65;provincia;imperia;2018;20.5
ISTATP_LIFEEXP65;provincia;imperia;2019;20.8
ISTATP_LIFEEXP65;provincia;imperia;2020;19.8
ISTATP_LIFEEXP65;provincia;imperia;2021;20.3
ISTATP_LIFEEXP65;provincia;imperia;2022;20
ISTATP_LIFEEXP65;provincia;imperia;2023;20.5
ISTATP_LIFEEXP65;provincia;imperia;2024;21.1
ISTATP_LIFEEXP65;provincia;imperia;2025;21.1
ISTATP_LIFEEXP65;provincia;isernia;2015;20.7
ISTATP_LIFEEXP65;provincia;isernia;2016;20.9
ISTATP_LIFEEXP65;provincia;isernia;2017;20.8
ISTATP_LIFEEXP65;provincia;isernia;2018;20.8
ISTATP_LIFEEXP65;provincia;isernia;2019;20.9
ISTATP_LIFEEXP65;provincia;isernia;2020;20.4
ISTATP_LIFEEXP65;provincia;isernia;2021;20.4
ISTATP_LIFEEXP65;provincia;isernia;2022;19.9
ISTATP_LIFEEXP65;provincia;isernia;2023;20.4
ISTATP_LIFEEXP65;provincia;isernia;2024;20.7
ISTATP_LIFEEXP65;provincia;isernia;2025;20.7
ISTATP_LIFEEXP65;provincia;l-aquila;2015;20.4
ISTATP_LIFEEXP65;provincia;l-aquila;2016;20.8
ISTATP_LIFEEXP65;provincia;l-aquila;2017;20.6
ISTATP_LIFEEXP65;provincia;l-aquila;2018;21.1
ISTATP_LIFEEXP65;provincia;l-aquila;2019;20.9
ISTATP_LIFEEXP65;provincia;l-aquila;2020;20.5
ISTATP_LIFEEXP65;provincia;l-aquila;2021;20.6
ISTATP_LIFEEXP65;provincia;l-aquila;2022;20.3
ISTATP_LIFEEXP65;provincia;l-aquila;2023;20.7
ISTATP_LIFEEXP65;provincia;l-aquila;2024;21.5
ISTATP_LIFEEXP65;provincia;l-aquila;2025;21.5
ISTATP_LIFEEXP65;provincia;la-spezia;2015;20.8
ISTATP_LIFEEXP65;provincia;la-spezia;2016;21.2
ISTATP_LIFEEXP65;provincia;la-spezia;2017;21.1
ISTATP_LIFEEXP65;provincia;la-spezia;2018;21
ISTATP_LIFEEXP65;provincia;la-spezia;2019;21.4
ISTATP_LIFEEXP65;provincia;la-spezia;2020;20.1
ISTATP_LIFEEXP65;provincia;la-spezia;2021;20.6
ISTATP_LIFEEXP65;provincia;la-spezia;2022;20.5
ISTATP_LIFEEXP65;provincia;la-spezia;2023;21.1
ISTATP_LIFEEXP65;provincia;la-spezia;2024;21.4
ISTATP_LIFEEXP65;provincia;la-spezia;2025;21.6
ISTATP_LIFEEXP65;provincia;latina;2015;20.2
ISTATP_LIFEEXP65;provincia;latina;2016;20.7
ISTATP_LIFEEXP65;provincia;latina;2017;20.6
ISTATP_LIFEEXP65;provincia;latina;2018;20.9
ISTATP_LIFEEXP65;provincia;latina;2019;21.2
ISTATP_LIFEEXP65;provincia;latina;2020;20.5
ISTATP_LIFEEXP65;provincia;latina;2021;20.6
ISTATP_LIFEEXP65;provincia;latina;2022;20.5
ISTATP_LIFEEXP65;provincia;latina;2023;20.7
ISTATP_LIFEEXP65;provincia;latina;2024;21.1
ISTATP_LIFEEXP65;provincia;latina;2025;21.1
ISTATP_LIFEEXP65;provincia;lecce;2015;20.3
ISTATP_LIFEEXP65;provincia;lecce;2016;21
ISTATP_LIFEEXP65;provincia;lecce;2017;20.5
ISTATP_LIFEEXP65;provincia;lecce;2018;21.2
ISTATP_LIFEEXP65;provincia;lecce;2019;21.3
ISTATP_LIFEEXP65;provincia;lecce;2020;21
ISTATP_LIFEEXP65;provincia;lecce;2021;20.6
ISTATP_LIFEEXP65;provincia;lecce;2022;20.7
ISTATP_LIFEEXP65;provincia;lecce;2023;20.9
ISTATP_LIFEEXP65;provincia;lecce;2024;21.2
ISTATP_LIFEEXP65;provincia;lecce;2025;21.5
ISTATP_LIFEEXP65;provincia;lecco;2015;20.7
ISTATP_LIFEEXP65;provincia;lecco;2016;21.3
ISTATP_LIFEEXP65;provincia;lecco;2017;21.3
ISTATP_LIFEEXP65;provincia;lecco;2018;21.5
ISTATP_LIFEEXP65;provincia;lecco;2019;21.4
ISTATP_LIFEEXP65;provincia;lecco;2020;19.6
ISTATP_LIFEEXP65;provincia;lecco;2021;21
ISTATP_LIFEEXP65;provincia;lecco;2022;21
ISTATP_LIFEEXP65;provincia;lecco;2023;21.9
ISTATP_LIFEEXP65;provincia;lecco;2024;22.2
ISTATP_LIFEEXP65;provincia;lecco;2025;22
ISTATP_LIFEEXP65;provincia;livorno;2015;20.5
ISTATP_LIFEEXP65;provincia;livorno;2016;21
ISTATP_LIFEEXP65;provincia;livorno;2017;20.9
ISTATP_LIFEEXP65;provincia;livorno;2018;21.1
ISTATP_LIFEEXP65;provincia;livorno;2019;21.1
ISTATP_LIFEEXP65;provincia;livorno;2020;20.6
ISTATP_LIFEEXP65;provincia;livorno;2021;20.8
ISTATP_LIFEEXP65;provincia;livorno;2022;20.3
ISTATP_LIFEEXP65;provincia;livorno;2023;21.1
ISTATP_LIFEEXP65;provincia;livorno;2024;21.4
ISTATP_LIFEEXP65;provincia;livorno;2025;21.5
ISTATP_LIFEEXP65;provincia;lodi;2015;19.6
ISTATP_LIFEEXP65;provincia;lodi;2016;20.5
ISTATP_LIFEEXP65;provincia;lodi;2017;20.5
ISTATP_LIFEEXP65;provincia;lodi;2018;20.3
ISTATP_LIFEEXP65;provincia;lodi;2019;21
ISTATP_LIFEEXP65;provincia;lodi;2020;17.8
ISTATP_LIFEEXP65;provincia;lodi;2021;20.4
ISTATP_LIFEEXP65;provincia;lodi;2022;20.3
ISTATP_LIFEEXP65;provincia;lodi;2023;21
ISTATP_LIFEEXP65;provincia;lodi;2024;21.2
ISTATP_LIFEEXP65;provincia;lodi;2025;21.1
ISTATP_LIFEEXP65;provincia;lucca;2015;20.2
ISTATP_LIFEEXP65;provincia;lucca;2016;20.7
ISTATP_LIFEEXP65;provincia;lucca;2017;20.4
ISTATP_LIFEEXP65;provincia;lucca;2018;20.5
ISTATP_LIFEEXP65;provincia;lucca;2019;20.9
ISTATP_LIFEEXP65;provincia;lucca;2020;20.3
ISTATP_LIFEEXP65;provincia;lucca;2021;20.3
ISTATP_LIFEEXP65;provincia;lucca;2022;20.6
ISTATP_LIFEEXP65;provincia;lucca;2023;21
ISTATP_LIFEEXP65;provincia;lucca;2024;21.4
ISTATP_LIFEEXP65;provincia;lucca;2025;21.4
ISTATP_LIFEEXP65;provincia;macerata;2015;20.9
ISTATP_LIFEEXP65;provincia;macerata;2016;21.2
ISTATP_LIFEEXP65;provincia;macerata;2017;20.9
ISTATP_LIFEEXP65;provincia;macerata;2018;21.7
ISTATP_LIFEEXP65;provincia;macerata;2019;21.6
ISTATP_LIFEEXP65;provincia;macerata;2020;20.7
ISTATP_LIFEEXP65;provincia;macerata;2021;20.7
ISTATP_LIFEEXP65;provincia;macerata;2022;20.8
ISTATP_LIFEEXP65;provincia;macerata;2023;21.6
ISTATP_LIFEEXP65;provincia;macerata;2024;21.5
ISTATP_LIFEEXP65;provincia;macerata;2025;22
ISTATP_LIFEEXP65;provincia;mantova;2015;20.6
ISTATP_LIFEEXP65;provincia;mantova;2016;21.1
ISTATP_LIFEEXP65;provincia;mantova;2017;21.1
ISTATP_LIFEEXP65;provincia;mantova;2018;21
ISTATP_LIFEEXP65;provincia;mantova;2019;20.9
ISTATP_LIFEEXP65;provincia;mantova;2020;19.5
ISTATP_LIFEEXP65;provincia;mantova;2021;20.3
ISTATP_LIFEEXP65;provincia;mantova;2022;20.5
ISTATP_LIFEEXP65;provincia;mantova;2023;20.8
ISTATP_LIFEEXP65;provincia;mantova;2024;21.1
ISTATP_LIFEEXP65;provincia;mantova;2025;21.5
ISTATP_LIFEEXP65;provincia;massa-carrara;2015;19.9
ISTATP_LIFEEXP65;provincia;massa-carrara;2016;20.8
ISTATP_LIFEEXP65;provincia;massa-carrara;2017;20.4
ISTATP_LIFEEXP65;provincia;massa-carrara;2018;20.7
ISTATP_LIFEEXP65;provincia;massa-carrara;2019;20.9
ISTATP_LIFEEXP65;provincia;massa-carrara;2020;19.8
ISTATP_LIFEEXP65;provincia;massa-carrara;2021;20.5
ISTATP_LIFEEXP65;provincia;massa-carrara;2022;20
ISTATP_LIFEEXP65;provincia;massa-carrara;2023;20.6
ISTATP_LIFEEXP65;provincia;massa-carrara;2024;21.3
ISTATP_LIFEEXP65;provincia;massa-carrara;2025;21.7
ISTATP_LIFEEXP65;provincia;matera;2015;20.2
ISTATP_LIFEEXP65;provincia;matera;2016;20.7
ISTATP_LIFEEXP65;provincia;matera;2017;20.8
ISTATP_LIFEEXP65;provincia;matera;2018;21.1
ISTATP_LIFEEXP65;provincia;matera;2019;21
ISTATP_LIFEEXP65;provincia;matera;2020;20.7
ISTATP_LIFEEXP65;provincia;matera;2021;20.6
ISTATP_LIFEEXP65;provincia;matera;2022;20.5
ISTATP_LIFEEXP65;provincia;matera;2023;20.9
ISTATP_LIFEEXP65;provincia;matera;2024;21.6
ISTATP_LIFEEXP65;provincia;matera;2025;21.5
ISTATP_LIFEEXP65;provincia;messina;2015;19.5
ISTATP_LIFEEXP65;provincia;messina;2016;20.3
ISTATP_LIFEEXP65;provincia;messina;2017;19.6
ISTATP_LIFEEXP65;provincia;messina;2018;20.2
ISTATP_LIFEEXP65;provincia;messina;2019;20.2
ISTATP_LIFEEXP65;provincia;messina;2020;20.1
ISTATP_LIFEEXP65;provincia;messina;2021;19.6
ISTATP_LIFEEXP65;provincia;messina;2022;19.3
ISTATP_LIFEEXP65;provincia;messina;2023;20
ISTATP_LIFEEXP65;provincia;messina;2024;20.5
ISTATP_LIFEEXP65;provincia;messina;2025;20.7
ISTATP_LIFEEXP65;provincia;milano;2015;20.9
ISTATP_LIFEEXP65;provincia;milano;2016;21.5
ISTATP_LIFEEXP65;provincia;milano;2017;21.3
ISTATP_LIFEEXP65;provincia;milano;2018;21.6
ISTATP_LIFEEXP65;provincia;milano;2019;21.7
ISTATP_LIFEEXP65;provincia;milano;2020;19.8
ISTATP_LIFEEXP65;provincia;milano;2021;21.1
ISTATP_LIFEEXP65;provincia;milano;2022;21
ISTATP_LIFEEXP65;provincia;milano;2023;21.7
ISTATP_LIFEEXP65;provincia;milano;2024;22
ISTATP_LIFEEXP65;provincia;milano;2025;22.1
ISTATP_LIFEEXP65;provincia;modena;2015;21.1
ISTATP_LIFEEXP65;provincia;modena;2016;21.1
ISTATP_LIFEEXP65;provincia;modena;2017;21.2
ISTATP_LIFEEXP65;provincia;modena;2018;21.5
ISTATP_LIFEEXP65;provincia;modena;2019;21.5
ISTATP_LIFEEXP65;provincia;modena;2020;20.6
ISTATP_LIFEEXP65;provincia;modena;2021;21
ISTATP_LIFEEXP65;provincia;modena;2022;21
ISTATP_LIFEEXP65;provincia;modena;2023;21.3
ISTATP_LIFEEXP65;provincia;modena;2024;21.6
ISTATP_LIFEEXP65;provincia;modena;2025;21.8
ISTATP_LIFEEXP65;provincia;monza-e-della-brianza;2015;20.8
ISTATP_LIFEEXP65;provincia;monza-e-della-brianza;2016;21.5
ISTATP_LIFEEXP65;provincia;monza-e-della-brianza;2017;21.3
ISTATP_LIFEEXP65;provincia;monza-e-della-brianza;2018;21.3
ISTATP_LIFEEXP65;provincia;monza-e-della-brianza;2019;21.6
ISTATP_LIFEEXP65;provincia;monza-e-della-brianza;2020;19.9
ISTATP_LIFEEXP65;provincia;monza-e-della-brianza;2021;21.2
ISTATP_LIFEEXP65;provincia;monza-e-della-brianza;2022;21.2
ISTATP_LIFEEXP65;provincia;monza-e-della-brianza;2023;21.9
ISTATP_LIFEEXP65;provincia;monza-e-della-brianza;2024;22
ISTATP_LIFEEXP65;provincia;monza-e-della-brianza;2025;22
ISTATP_LIFEEXP65;provincia;napoli;2015;18.4
ISTATP_LIFEEXP65;provincia;napoli;2016;19.1
ISTATP_LIFEEXP65;provincia;napoli;2017;18.9
ISTATP_LIFEEXP65;provincia;napoli;2018;19.4
ISTATP_LIFEEXP65;provincia;napoli;2019;19.6
ISTATP_LIFEEXP65;provincia;napoli;2020;18.9
ISTATP_LIFEEXP65;provincia;napoli;2021;18.8
ISTATP_LIFEEXP65;provincia;napoli;2022;19
ISTATP_LIFEEXP65;provincia;napoli;2023;19.5
ISTATP_LIFEEXP65;provincia;napoli;2024;19.8
ISTATP_LIFEEXP65;provincia;napoli;2025;20
ISTATP_LIFEEXP65;provincia;novara;2015;20.2
ISTATP_LIFEEXP65;provincia;novara;2016;20.7
ISTATP_LIFEEXP65;provincia;novara;2017;20.7
ISTATP_LIFEEXP65;provincia;novara;2018;20.4
ISTATP_LIFEEXP65;provincia;novara;2019;20.7
ISTATP_LIFEEXP65;provincia;novara;2020;19.5
ISTATP_LIFEEXP65;provincia;novara;2021;20.6
ISTATP_LIFEEXP65;provincia;novara;2022;20.4
ISTATP_LIFEEXP65;provincia;novara;2023;21.3
ISTATP_LIFEEXP65;provincia;novara;2024;21.4
ISTATP_LIFEEXP65;provincia;novara;2025;21.3
ISTATP_LIFEEXP65;provincia;nuoro;2015;20.7
ISTATP_LIFEEXP65;provincia;nuoro;2016;20.8
ISTATP_LIFEEXP65;provincia;nuoro;2017;21
ISTATP_LIFEEXP65;provincia;nuoro;2018;21.2
ISTATP_LIFEEXP65;provincia;nuoro;2019;21.5
ISTATP_LIFEEXP65;provincia;nuoro;2020;20.7
ISTATP_LIFEEXP65;provincia;nuoro;2021;20.7
ISTATP_LIFEEXP65;provincia;nuoro;2022;20.2
ISTATP_LIFEEXP65;provincia;nuoro;2023;20.9
ISTATP_LIFEEXP65;provincia;nuoro;2024;21.3
ISTATP_LIFEEXP65;provincia;nuoro;2025;21.2
ISTATP_LIFEEXP65;provincia;oristano;2015;20.6
ISTATP_LIFEEXP65;provincia;oristano;2016;21.1
ISTATP_LIFEEXP65;provincia;oristano;2017;20.9
ISTATP_LIFEEXP65;provincia;oristano;2018;21.2
ISTATP_LIFEEXP65;provincia;oristano;2019;21.2
ISTATP_LIFEEXP65;provincia;oristano;2020;20.5
ISTATP_LIFEEXP65;provincia;oristano;2021;20.9
ISTATP_LIFEEXP65;provincia;oristano;2022;20.3
ISTATP_LIFEEXP65;provincia;oristano;2023;20.8
ISTATP_LIFEEXP65;provincia;oristano;2024;21.2
ISTATP_LIFEEXP65;provincia;oristano;2025;21.3
ISTATP_LIFEEXP65;provincia;padova;2015;20.9
ISTATP_LIFEEXP65;provincia;padova;2016;21.2
ISTATP_LIFEEXP65;provincia;padova;2017;21.2
ISTATP_LIFEEXP65;provincia;padova;2018;21.5
ISTATP_LIFEEXP65;provincia;padova;2019;21.7
ISTATP_LIFEEXP65;provincia;padova;2020;21.1
ISTATP_LIFEEXP65;provincia;padova;2021;21.2
ISTATP_LIFEEXP65;provincia;padova;2022;21.3
ISTATP_LIFEEXP65;provincia;padova;2023;21.6
ISTATP_LIFEEXP65;provincia;padova;2024;22
ISTATP_LIFEEXP65;provincia;padova;2025;22.3
ISTATP_LIFEEXP65;provincia;palermo;2015;19.5
ISTATP_LIFEEXP65;provincia;palermo;2016;20
ISTATP_LIFEEXP65;provincia;palermo;2017;19.6
ISTATP_LIFEEXP65;provincia;palermo;2018;20
ISTATP_LIFEEXP65;provincia;palermo;2019;20.2
ISTATP_LIFEEXP65;provincia;palermo;2020;19.6
ISTATP_LIFEEXP65;provincia;palermo;2021;19.5
ISTATP_LIFEEXP65;provincia;palermo;2022;19.7
ISTATP_LIFEEXP65;provincia;palermo;2023;19.8
ISTATP_LIFEEXP65;provincia;palermo;2024;20.6
ISTATP_LIFEEXP65;provincia;palermo;2025;20.6
ISTATP_LIFEEXP65;provincia;parma;2015;20.7
ISTATP_LIFEEXP65;provincia;parma;2016;21.2
ISTATP_LIFEEXP65;provincia;parma;2017;21.1
ISTATP_LIFEEXP65;provincia;parma;2018;21.5
ISTATP_LIFEEXP65;provincia;parma;2019;21.3
ISTATP_LIFEEXP65;provincia;parma;2020;19.1
ISTATP_LIFEEXP65;provincia;parma;2021;20.7
ISTATP_LIFEEXP65;provincia;parma;2022;20.8
ISTATP_LIFEEXP65;provincia;parma;2023;21.4
ISTATP_LIFEEXP65;provincia;parma;2024;21.6
ISTATP_LIFEEXP65;provincia;parma;2025;21.5
ISTATP_LIFEEXP65;provincia;pavia;2015;19.8
ISTATP_LIFEEXP65;provincia;pavia;2016;20.2
ISTATP_LIFEEXP65;provincia;pavia;2017;20
ISTATP_LIFEEXP65;provincia;pavia;2018;20.2
ISTATP_LIFEEXP65;provincia;pavia;2019;20.5
ISTATP_LIFEEXP65;provincia;pavia;2020;18.2
ISTATP_LIFEEXP65;provincia;pavia;2021;19.9
ISTATP_LIFEEXP65;provincia;pavia;2022;19.8
ISTATP_LIFEEXP65;provincia;pavia;2023;20.2
ISTATP_LIFEEXP65;provincia;pavia;2024;20.4
ISTATP_LIFEEXP65;provincia;pavia;2025;20.7
ISTATP_LIFEEXP65;provincia;perugia;2015;21
ISTATP_LIFEEXP65;provincia;perugia;2016;21.3
ISTATP_LIFEEXP65;provincia;perugia;2017;21.1
ISTATP_LIFEEXP65;provincia;perugia;2018;21.8
ISTATP_LIFEEXP65;provincia;perugia;2019;22
ISTATP_LIFEEXP65;provincia;perugia;2020;21.4
ISTATP_LIFEEXP65;provincia;perugia;2021;20.9
ISTATP_LIFEEXP65;provincia;perugia;2022;21.1
ISTATP_LIFEEXP65;provincia;perugia;2023;21.6
ISTATP_LIFEEXP65;provincia;perugia;2024;22
ISTATP_LIFEEXP65;provincia;perugia;2025;22.2
ISTATP_LIFEEXP65;provincia;pesaro-e-urbino;2015;21.1
ISTATP_LIFEEXP65;provincia;pesaro-e-urbino;2016;21.3
ISTATP_LIFEEXP65;provincia;pesaro-e-urbino;2017;21.4
ISTATP_LIFEEXP65;provincia;pesaro-e-urbino;2018;21.9
ISTATP_LIFEEXP65;provincia;pesaro-e-urbino;2019;21.5
ISTATP_LIFEEXP65;provincia;pesaro-e-urbino;2020;20
ISTATP_LIFEEXP65;provincia;pesaro-e-urbino;2021;21
ISTATP_LIFEEXP65;provincia;pesaro-e-urbino;2022;20.9
ISTATP_LIFEEXP65;provincia;pesaro-e-urbino;2023;21.5
ISTATP_LIFEEXP65;provincia;pesaro-e-urbino;2024;22
ISTATP_LIFEEXP65;provincia;pesaro-e-urbino;2025;21.8
ISTATP_LIFEEXP65;provincia;pescara;2015;20.6
ISTATP_LIFEEXP65;provincia;pescara;2016;21.3
ISTATP_LIFEEXP65;provincia;pescara;2017;20.9
ISTATP_LIFEEXP65;provincia;pescara;2018;21
ISTATP_LIFEEXP65;provincia;pescara;2019;21.6
ISTATP_LIFEEXP65;provincia;pescara;2020;20.5
ISTATP_LIFEEXP65;provincia;pescara;2021;20.4
ISTATP_LIFEEXP65;provincia;pescara;2022;20.4
ISTATP_LIFEEXP65;provincia;pescara;2023;21.4
ISTATP_LIFEEXP65;provincia;pescara;2024;21.4
ISTATP_LIFEEXP65;provincia;pescara;2025;21.2
ISTATP_LIFEEXP65;provincia;piacenza;2015;20.3
ISTATP_LIFEEXP65;provincia;piacenza;2016;20.7
ISTATP_LIFEEXP65;provincia;piacenza;2017;20.6
ISTATP_LIFEEXP65;provincia;piacenza;2018;20.6
ISTATP_LIFEEXP65;provincia;piacenza;2019;21.2
ISTATP_LIFEEXP65;provincia;piacenza;2020;18.3
ISTATP_LIFEEXP65;provincia;piacenza;2021;20.7
ISTATP_LIFEEXP65;provincia;piacenza;2022;20.9
ISTATP_LIFEEXP65;provincia;piacenza;2023;20.8
ISTATP_LIFEEXP65;provincia;piacenza;2024;21.3
ISTATP_LIFEEXP65;provincia;piacenza;2025;21.5
ISTATP_LIFEEXP65;provincia;pisa;2015;20.5
ISTATP_LIFEEXP65;provincia;pisa;2016;21.1
ISTATP_LIFEEXP65;provincia;pisa;2017;20.9
ISTATP_LIFEEXP65;provincia;pisa;2018;21.2
ISTATP_LIFEEXP65;provincia;pisa;2019;21
ISTATP_LIFEEXP65;provincia;pisa;2020;20.5
ISTATP_LIFEEXP65;provincia;pisa;2021;20.9
ISTATP_LIFEEXP65;provincia;pisa;2022;20.7
ISTATP_LIFEEXP65;provincia;pisa;2023;21.4
ISTATP_LIFEEXP65;provincia;pisa;2024;21.6
ISTATP_LIFEEXP65;provincia;pisa;2025;21.6
ISTATP_LIFEEXP65;provincia;pistoia;2015;21
ISTATP_LIFEEXP65;provincia;pistoia;2016;21.3
ISTATP_LIFEEXP65;provincia;pistoia;2017;20.8
ISTATP_LIFEEXP65;provincia;pistoia;2018;21.4
ISTATP_LIFEEXP65;provincia;pistoia;2019;21.7
ISTATP_LIFEEXP65;provincia;pistoia;2020;21
ISTATP_LIFEEXP65;provincia;pistoia;2021;20.6
ISTATP_LIFEEXP65;provincia;pistoia;2022;21.2
ISTATP_LIFEEXP65;provincia;pistoia;2023;21.4
ISTATP_LIFEEXP65;provincia;pistoia;2024;21.9
ISTATP_LIFEEXP65;provincia;pistoia;2025;22.2
ISTATP_LIFEEXP65;provincia;pordenone;2015;21.1
ISTATP_LIFEEXP65;provincia;pordenone;2016;21.7
ISTATP_LIFEEXP65;provincia;pordenone;2017;21.5
ISTATP_LIFEEXP65;provincia;pordenone;2018;21.4
ISTATP_LIFEEXP65;provincia;pordenone;2019;21.9
ISTATP_LIFEEXP65;provincia;pordenone;2020;20.7
ISTATP_LIFEEXP65;provincia;pordenone;2021;20.8
ISTATP_LIFEEXP65;provincia;pordenone;2022;21.3
ISTATP_LIFEEXP65;provincia;pordenone;2023;21.7
ISTATP_LIFEEXP65;provincia;pordenone;2024;22.1
ISTATP_LIFEEXP65;provincia;pordenone;2025;22.2
ISTATP_LIFEEXP65;provincia;potenza;2015;20.2
ISTATP_LIFEEXP65;provincia;potenza;2016;20.6
ISTATP_LIFEEXP65;provincia;potenza;2017;20.3
ISTATP_LIFEEXP65;provincia;potenza;2018;20.9
ISTATP_LIFEEXP65;provincia;potenza;2019;20.5
ISTATP_LIFEEXP65;provincia;potenza;2020;20.5
ISTATP_LIFEEXP65;provincia;potenza;2021;20.4
ISTATP_LIFEEXP65;provincia;potenza;2022;20.1
ISTATP_LIFEEXP65;provincia;potenza;2023;20.5
ISTATP_LIFEEXP65;provincia;potenza;2024;21.3
ISTATP_LIFEEXP65;provincia;potenza;2025;21
ISTATP_LIFEEXP65;provincia;prato;2015;21.1
ISTATP_LIFEEXP65;provincia;prato;2016;21.4
ISTATP_LIFEEXP65;provincia;prato;2017;21.4
ISTATP_LIFEEXP65;provincia;prato;2018;21.3
ISTATP_LIFEEXP65;provincia;prato;2019;21.9
ISTATP_LIFEEXP65;provincia;prato;2020;20.9
ISTATP_LIFEEXP65;provincia;prato;2021;20
ISTATP_LIFEEXP65;provincia;prato;2022;21.1
ISTATP_LIFEEXP65;provincia;prato;2023;21.8
ISTATP_LIFEEXP65;provincia;prato;2024;21.8
ISTATP_LIFEEXP65;provincia;prato;2025;22.3
ISTATP_LIFEEXP65;provincia;ragusa;2015;19.8
ISTATP_LIFEEXP65;provincia;ragusa;2016;20.6
ISTATP_LIFEEXP65;provincia;ragusa;2017;20
ISTATP_LIFEEXP65;provincia;ragusa;2018;20.1
ISTATP_LIFEEXP65;provincia;ragusa;2019;20.4
ISTATP_LIFEEXP65;provincia;ragusa;2020;19.9
ISTATP_LIFEEXP65;provincia;ragusa;2021;20.4
ISTATP_LIFEEXP65;provincia;ragusa;2022;20.1
ISTATP_LIFEEXP65;provincia;ragusa;2023;20.3
ISTATP_LIFEEXP65;provincia;ragusa;2024;21
ISTATP_LIFEEXP65;provincia;ragusa;2025;21.2
ISTATP_LIFEEXP65;provincia;ravenna;2015;21
ISTATP_LIFEEXP65;provincia;ravenna;2016;21.4
ISTATP_LIFEEXP65;provincia;ravenna;2017;21.4
ISTATP_LIFEEXP65;provincia;ravenna;2018;21.7
ISTATP_LIFEEXP65;provincia;ravenna;2019;21.3
ISTATP_LIFEEXP65;provincia;ravenna;2020;20.8
ISTATP_LIFEEXP65;provincia;ravenna;2021;20.9
ISTATP_LIFEEXP65;provincia;ravenna;2022;21.1
ISTATP_LIFEEXP65;provincia;ravenna;2023;21.6
ISTATP_LIFEEXP65;provincia;ravenna;2024;21.9
ISTATP_LIFEEXP65;provincia;ravenna;2025;21.7
ISTATP_LIFEEXP65;provincia;reggio-calabria;2015;19.9
ISTATP_LIFEEXP65;provincia;reggio-calabria;2016;20.5
ISTATP_LIFEEXP65;provincia;reggio-calabria;2017;20.1
ISTATP_LIFEEXP65;provincia;reggio-calabria;2018;20.7
ISTATP_LIFEEXP65;provincia;reggio-calabria;2019;20.6
ISTATP_LIFEEXP65;provincia;reggio-calabria;2020;20.4
ISTATP_LIFEEXP65;provincia;reggio-calabria;2021;19.8
ISTATP_LIFEEXP65;provincia;reggio-calabria;2022;19.7
ISTATP_LIFEEXP65;provincia;reggio-calabria;2023;20.1
ISTATP_LIFEEXP65;provincia;reggio-calabria;2024;20.8
ISTATP_LIFEEXP65;provincia;reggio-calabria;2025;21.2
ISTATP_LIFEEXP65;provincia;reggio-emilia;2015;20.7
ISTATP_LIFEEXP65;provincia;reggio-emilia;2016;20.8
ISTATP_LIFEEXP65;provincia;reggio-emilia;2017;21.1
ISTATP_LIFEEXP65;provincia;reggio-emilia;2018;21.2
ISTATP_LIFEEXP65;provincia;reggio-emilia;2019;21.2
ISTATP_LIFEEXP65;provincia;reggio-emilia;2020;20.2
ISTATP_LIFEEXP65;provincia;reggio-emilia;2021;20.8
ISTATP_LIFEEXP65;provincia;reggio-emilia;2022;20.7
ISTATP_LIFEEXP65;provincia;reggio-emilia;2023;21.3
ISTATP_LIFEEXP65;provincia;reggio-emilia;2024;21.7
ISTATP_LIFEEXP65;provincia;reggio-emilia;2025;21.6
ISTATP_LIFEEXP65;provincia;rieti;2015;20.3
ISTATP_LIFEEXP65;provincia;rieti;2016;20.3
ISTATP_LIFEEXP65;provincia;rieti;2017;20.2
ISTATP_LIFEEXP65;provincia;rieti;2018;21.5
ISTATP_LIFEEXP65;provincia;rieti;2019;20.9
ISTATP_LIFEEXP65;provincia;rieti;2020;20.5
ISTATP_LIFEEXP65;provincia;rieti;2021;20.4
ISTATP_LIFEEXP65;provincia;rieti;2022;19.9
ISTATP_LIFEEXP65;provincia;rieti;2023;20.5
ISTATP_LIFEEXP65;provincia;rieti;2024;20.9
ISTATP_LIFEEXP65;provincia;rieti;2025;21.3
ISTATP_LIFEEXP65;provincia;rimini;2015;21.1
ISTATP_LIFEEXP65;provincia;rimini;2016;21.7
ISTATP_LIFEEXP65;provincia;rimini;2017;21.5
ISTATP_LIFEEXP65;provincia;rimini;2018;21.7
ISTATP_LIFEEXP65;provincia;rimini;2019;21.8
ISTATP_LIFEEXP65;provincia;rimini;2020;20.3
ISTATP_LIFEEXP65;provincia;rimini;2021;20.9
ISTATP_LIFEEXP65;provincia;rimini;2022;21.3
ISTATP_LIFEEXP65;provincia;rimini;2023;21.9
ISTATP_LIFEEXP65;provincia;rimini;2024;22
ISTATP_LIFEEXP65;provincia;rimini;2025;22.5
ISTATP_LIFEEXP65;provincia;roma;2015;20.4
ISTATP_LIFEEXP65;provincia;roma;2016;20.7
ISTATP_LIFEEXP65;provincia;roma;2017;20.5
ISTATP_LIFEEXP65;provincia;roma;2018;21
ISTATP_LIFEEXP65;provincia;roma;2019;21.3
ISTATP_LIFEEXP65;provincia;roma;2020;20.6
ISTATP_LIFEEXP65;provincia;roma;2021;20.6
ISTATP_LIFEEXP65;provincia;roma;2022;20.8
ISTATP_LIFEEXP65;provincia;roma;2023;20.8
ISTATP_LIFEEXP65;provincia;roma;2024;21.4
ISTATP_LIFEEXP65;provincia;roma;2025;21.6
ISTATP_LIFEEXP65;provincia;rovigo;2015;20.1
ISTATP_LIFEEXP65;provincia;rovigo;2016;20.3
ISTATP_LIFEEXP65;provincia;rovigo;2017;20.3
ISTATP_LIFEEXP65;provincia;rovigo;2018;20.2
ISTATP_LIFEEXP65;provincia;rovigo;2019;20.8
ISTATP_LIFEEXP65;provincia;rovigo;2020;20
ISTATP_LIFEEXP65;provincia;rovigo;2021;20.1
ISTATP_LIFEEXP65;provincia;rovigo;2022;20
ISTATP_LIFEEXP65;provincia;rovigo;2023;20.9
ISTATP_LIFEEXP65;provincia;rovigo;2024;21.2
ISTATP_LIFEEXP65;provincia;rovigo;2025;21.2
ISTATP_LIFEEXP65;provincia;salerno;2015;19.5
ISTATP_LIFEEXP65;provincia;salerno;2016;20.3
ISTATP_LIFEEXP65;provincia;salerno;2017;19.9
ISTATP_LIFEEXP65;provincia;salerno;2018;20.4
ISTATP_LIFEEXP65;provincia;salerno;2019;20.4
ISTATP_LIFEEXP65;provincia;salerno;2020;20.3
ISTATP_LIFEEXP65;provincia;salerno;2021;19.8
ISTATP_LIFEEXP65;provincia;salerno;2022;19.8
ISTATP_LIFEEXP65;provincia;salerno;2023;20.2
ISTATP_LIFEEXP65;provincia;salerno;2024;20.7
ISTATP_LIFEEXP65;provincia;salerno;2025;20.8
ISTATP_LIFEEXP65;provincia;sassari;2015;21
ISTATP_LIFEEXP65;provincia;sassari;2016;20.6
ISTATP_LIFEEXP65;provincia;sassari;2017;20.8
ISTATP_LIFEEXP65;provincia;sassari;2018;21.2
ISTATP_LIFEEXP65;provincia;sassari;2019;21.1
ISTATP_LIFEEXP65;provincia;sassari;2020;20.3
ISTATP_LIFEEXP65;provincia;sassari;2021;20.9
ISTATP_LIFEEXP65;provincia;sassari;2022;20.1
ISTATP_LIFEEXP65;provincia;sassari;2023;20.9
ISTATP_LIFEEXP65;provincia;sassari;2024;21.2
ISTATP_LIFEEXP65;provincia;sassari;2025;21.2
ISTATP_LIFEEXP65;provincia;savona;2015;20.2
ISTATP_LIFEEXP65;provincia;savona;2016;20.9
ISTATP_LIFEEXP65;provincia;savona;2017;20.6
ISTATP_LIFEEXP65;provincia;savona;2018;20.5
ISTATP_LIFEEXP65;provincia;savona;2019;21.1
ISTATP_LIFEEXP65;provincia;savona;2020;20.1
ISTATP_LIFEEXP65;provincia;savona;2021;20.4
ISTATP_LIFEEXP65;provincia;savona;2022;20.4
ISTATP_LIFEEXP65;provincia;savona;2023;20.9
ISTATP_LIFEEXP65;provincia;savona;2024;21.5
ISTATP_LIFEEXP65;provincia;savona;2025;21.6
ISTATP_LIFEEXP65;provincia;siena;2015;20.9
ISTATP_LIFEEXP65;provincia;siena;2016;21.4
ISTATP_LIFEEXP65;provincia;siena;2017;21.3
ISTATP_LIFEEXP65;provincia;siena;2018;21.5
ISTATP_LIFEEXP65;provincia;siena;2019;21.4
ISTATP_LIFEEXP65;provincia;siena;2020;21.2
ISTATP_LIFEEXP65;provincia;siena;2021;20.9
ISTATP_LIFEEXP65;provincia;siena;2022;21.1
ISTATP_LIFEEXP65;provincia;siena;2023;21.5
ISTATP_LIFEEXP65;provincia;siena;2024;21.8
ISTATP_LIFEEXP65;provincia;siena;2025;22.1
ISTATP_LIFEEXP65;provincia;siracusa;2015;19.3
ISTATP_LIFEEXP65;provincia;siracusa;2016;19.7
ISTATP_LIFEEXP65;provincia;siracusa;2017;19.6
ISTATP_LIFEEXP65;provincia;siracusa;2018;19.7
ISTATP_LIFEEXP65;provincia;siracusa;2019;19.7
ISTATP_LIFEEXP65;provincia;siracusa;2020;19.4
ISTATP_LIFEEXP65;provincia;siracusa;2021;18.8
ISTATP_LIFEEXP65;provincia;siracusa;2022;19
ISTATP_LIFEEXP65;provincia;siracusa;2023;19.8
ISTATP_LIFEEXP65;provincia;siracusa;2024;19.9
ISTATP_LIFEEXP65;provincia;siracusa;2025;20.5
ISTATP_LIFEEXP65;provincia;sondrio;2015;20.7
ISTATP_LIFEEXP65;provincia;sondrio;2016;21
ISTATP_LIFEEXP65;provincia;sondrio;2017;21
ISTATP_LIFEEXP65;provincia;sondrio;2018;20.6
ISTATP_LIFEEXP65;provincia;sondrio;2019;20.8
ISTATP_LIFEEXP65;provincia;sondrio;2020;19.2
ISTATP_LIFEEXP65;provincia;sondrio;2021;20.7
ISTATP_LIFEEXP65;provincia;sondrio;2022;20.7
ISTATP_LIFEEXP65;provincia;sondrio;2023;21.3
ISTATP_LIFEEXP65;provincia;sondrio;2024;21.4
ISTATP_LIFEEXP65;provincia;sondrio;2025;21.6
ISTATP_LIFEEXP65;provincia;sud-sardegna;2015;20.7
ISTATP_LIFEEXP65;provincia;sud-sardegna;2016;21.6
ISTATP_LIFEEXP65;provincia;sud-sardegna;2017;21.1
ISTATP_LIFEEXP65;provincia;sud-sardegna;2018;21.4
ISTATP_LIFEEXP65;provincia;sud-sardegna;2019;21.3
ISTATP_LIFEEXP65;provincia;sud-sardegna;2020;20.8
ISTATP_LIFEEXP65;provincia;sud-sardegna;2021;20.7
ISTATP_LIFEEXP65;provincia;sud-sardegna;2022;20.4
ISTATP_LIFEEXP65;provincia;sud-sardegna;2023;20.8
ISTATP_LIFEEXP65;provincia;sud-sardegna;2024;21.1
ISTATP_LIFEEXP65;provincia;sud-sardegna;2025;21.4
ISTATP_LIFEEXP65;provincia;taranto;2015;20.4
ISTATP_LIFEEXP65;provincia;taranto;2016;20.7
ISTATP_LIFEEXP65;provincia;taranto;2017;20.6
ISTATP_LIFEEXP65;provincia;taranto;2018;20.8
ISTATP_LIFEEXP65;provincia;taranto;2019;20.8
ISTATP_LIFEEXP65;provincia;taranto;2020;20.6
ISTATP_LIFEEXP65;provincia;taranto;2021;19.9
ISTATP_LIFEEXP65;provincia;taranto;2022;20.4
ISTATP_LIFEEXP65;provincia;taranto;2023;20.8
ISTATP_LIFEEXP65;provincia;taranto;2024;21.1
ISTATP_LIFEEXP65;provincia;taranto;2025;21.6
ISTATP_LIFEEXP65;provincia;teramo;2015;20.3
ISTATP_LIFEEXP65;provincia;teramo;2016;21.1
ISTATP_LIFEEXP65;provincia;teramo;2017;20.4
ISTATP_LIFEEXP65;provincia;teramo;2018;21.2
ISTATP_LIFEEXP65;provincia;teramo;2019;21.2
ISTATP_LIFEEXP65;provincia;teramo;2020;20.4
ISTATP_LIFEEXP65;provincia;teramo;2021;20.7
ISTATP_LIFEEXP65;provincia;teramo;2022;20.3
ISTATP_LIFEEXP65;provincia;teramo;2023;21.2
ISTATP_LIFEEXP65;provincia;teramo;2024;21.4
ISTATP_LIFEEXP65;provincia;teramo;2025;21.6
ISTATP_LIFEEXP65;provincia;terni;2015;20.4
ISTATP_LIFEEXP65;provincia;terni;2016;21
ISTATP_LIFEEXP65;provincia;terni;2017;20.8
ISTATP_LIFEEXP65;provincia;terni;2018;21.3
ISTATP_LIFEEXP65;provincia;terni;2019;21.3
ISTATP_LIFEEXP65;provincia;terni;2020;20.7
ISTATP_LIFEEXP65;provincia;terni;2021;21
ISTATP_LIFEEXP65;provincia;terni;2022;20.5
ISTATP_LIFEEXP65;provincia;terni;2023;20.8
ISTATP_LIFEEXP65;provincia;terni;2024;21.3
ISTATP_LIFEEXP65;provincia;terni;2025;21.5
ISTATP_LIFEEXP65;provincia;torino;2015;20.4
ISTATP_LIFEEXP65;provincia;torino;2016;21
ISTATP_LIFEEXP65;provincia;torino;2017;20.7
ISTATP_LIFEEXP65;provincia;torino;2018;20.9
ISTATP_LIFEEXP65;provincia;torino;2019;21
ISTATP_LIFEEXP65;provincia;torino;2020;19.6
ISTATP_LIFEEXP65;provincia;torino;2021;20.5
ISTATP_LIFEEXP65;provincia;torino;2022;20.5
ISTATP_LIFEEXP65;provincia;torino;2023;21.1
ISTATP_LIFEEXP65;provincia;torino;2024;21.4
ISTATP_LIFEEXP65;provincia;torino;2025;21.6
ISTATP_LIFEEXP65;provincia;trapani;2015;19.8
ISTATP_LIFEEXP65;provincia;trapani;2016;20.5
ISTATP_LIFEEXP65;provincia;trapani;2017;20
ISTATP_LIFEEXP65;provincia;trapani;2018;20.4
ISTATP_LIFEEXP65;provincia;trapani;2019;20.5
ISTATP_LIFEEXP65;provincia;trapani;2020;20.4
ISTATP_LIFEEXP65;provincia;trapani;2021;19.9
ISTATP_LIFEEXP65;provincia;trapani;2022;19.6
ISTATP_LIFEEXP65;provincia;trapani;2023;20
ISTATP_LIFEEXP65;provincia;trapani;2024;20.5
ISTATP_LIFEEXP65;provincia;trapani;2025;21
ISTATP_LIFEEXP65;provincia;trento;2015;21.2
ISTATP_LIFEEXP65;provincia;trento;2016;21.6
ISTATP_LIFEEXP65;provincia;trento;2017;21.6
ISTATP_LIFEEXP65;provincia;trento;2018;22
ISTATP_LIFEEXP65;provincia;trento;2019;22
ISTATP_LIFEEXP65;provincia;trento;2020;20.4
ISTATP_LIFEEXP65;provincia;trento;2021;21.5
ISTATP_LIFEEXP65;provincia;trento;2022;21.7
ISTATP_LIFEEXP65;provincia;trento;2023;22.2
ISTATP_LIFEEXP65;provincia;trento;2024;22.3
ISTATP_LIFEEXP65;provincia;trento;2025;22.5
ISTATP_LIFEEXP65;provincia;treviso;2015;21.1
ISTATP_LIFEEXP65;provincia;treviso;2016;21.6
ISTATP_LIFEEXP65;provincia;treviso;2017;21.5
ISTATP_LIFEEXP65;provincia;treviso;2018;21.7
ISTATP_LIFEEXP65;provincia;treviso;2019;21.8
ISTATP_LIFEEXP65;provincia;treviso;2020;21
ISTATP_LIFEEXP65;provincia;treviso;2021;21.4
ISTATP_LIFEEXP65;provincia;treviso;2022;21.4
ISTATP_LIFEEXP65;provincia;treviso;2023;21.8
ISTATP_LIFEEXP65;provincia;treviso;2024;22.3
ISTATP_LIFEEXP65;provincia;treviso;2025;22.4
ISTATP_LIFEEXP65;provincia;trieste;2015;20.2
ISTATP_LIFEEXP65;provincia;trieste;2016;20.6
ISTATP_LIFEEXP65;provincia;trieste;2017;20.7
ISTATP_LIFEEXP65;provincia;trieste;2018;20.9
ISTATP_LIFEEXP65;provincia;trieste;2019;21
ISTATP_LIFEEXP65;provincia;trieste;2020;20
ISTATP_LIFEEXP65;provincia;trieste;2021;19.9
ISTATP_LIFEEXP65;provincia;trieste;2022;20.4
ISTATP_LIFEEXP65;provincia;trieste;2023;20.9
ISTATP_LIFEEXP65;provincia;trieste;2024;20.9
ISTATP_LIFEEXP65;provincia;trieste;2025;21.6
ISTATP_LIFEEXP65;provincia;udine;2015;20.5
ISTATP_LIFEEXP65;provincia;udine;2016;21.1
ISTATP_LIFEEXP65;provincia;udine;2017;20.9
ISTATP_LIFEEXP65;provincia;udine;2018;21.2
ISTATP_LIFEEXP65;provincia;udine;2019;21.4
ISTATP_LIFEEXP65;provincia;udine;2020;20.4
ISTATP_LIFEEXP65;provincia;udine;2021;20
ISTATP_LIFEEXP65;provincia;udine;2022;20.9
ISTATP_LIFEEXP65;provincia;udine;2023;21.4
ISTATP_LIFEEXP65;provincia;udine;2024;21.7
ISTATP_LIFEEXP65;provincia;udine;2025;21.8
ISTATP_LIFEEXP65;provincia;varese;2015;20.7
ISTATP_LIFEEXP65;provincia;varese;2016;21.3
ISTATP_LIFEEXP65;provincia;varese;2017;21.1
ISTATP_LIFEEXP65;provincia;varese;2018;21.2
ISTATP_LIFEEXP65;provincia;varese;2019;21.3
ISTATP_LIFEEXP65;provincia;varese;2020;19.7
ISTATP_LIFEEXP65;provincia;varese;2021;20.6
ISTATP_LIFEEXP65;provincia;varese;2022;20.9
ISTATP_LIFEEXP65;provincia;varese;2023;21.5
ISTATP_LIFEEXP65;provincia;varese;2024;21.8
ISTATP_LIFEEXP65;provincia;varese;2025;21.9
ISTATP_LIFEEXP65;provincia;venezia;2015;20.8
ISTATP_LIFEEXP65;provincia;venezia;2016;21.1
ISTATP_LIFEEXP65;provincia;venezia;2017;21
ISTATP_LIFEEXP65;provincia;venezia;2018;21.2
ISTATP_LIFEEXP65;provincia;venezia;2019;21.4
ISTATP_LIFEEXP65;provincia;venezia;2020;20.4
ISTATP_LIFEEXP65;provincia;venezia;2021;20.8
ISTATP_LIFEEXP65;provincia;venezia;2022;20.7
ISTATP_LIFEEXP65;provincia;venezia;2023;21.4
ISTATP_LIFEEXP65;provincia;venezia;2024;21.8
ISTATP_LIFEEXP65;provincia;venezia;2025;21.8
ISTATP_LIFEEXP65;provincia;verbano-cusio-ossola;2015;20.1
ISTATP_LIFEEXP65;provincia;verbano-cusio-ossola;2016;21
ISTATP_LIFEEXP65;provincia;verbano-cusio-ossola;2017;20.6
ISTATP_LIFEEXP65;provincia;verbano-cusio-ossola;2018;20.8
ISTATP_LIFEEXP65;provincia;verbano-cusio-ossola;2019;21.4
ISTATP_LIFEEXP65;provincia;verbano-cusio-ossola;2020;20
ISTATP_LIFEEXP65;provincia;verbano-cusio-ossola;2021;20.9
ISTATP_LIFEEXP65;provincia;verbano-cusio-ossola;2022;20.4
ISTATP_LIFEEXP65;provincia;verbano-cusio-ossola;2023;20.9
ISTATP_LIFEEXP65;provincia;verbano-cusio-ossola;2024;21.5
ISTATP_LIFEEXP65;provincia;verbano-cusio-ossola;2025;21.4
ISTATP_LIFEEXP65;provincia;vercelli;2015;20.1
ISTATP_LIFEEXP65;provincia;vercelli;2016;20.4
ISTATP_LIFEEXP65;provincia;vercelli;2017;19.7
ISTATP_LIFEEXP65;provincia;vercelli;2018;20.3
ISTATP_LIFEEXP65;provincia;vercelli;2019;20.4
ISTATP_LIFEEXP65;provincia;vercelli;2020;18.6
ISTATP_LIFEEXP65;provincia;vercelli;2021;19.7
ISTATP_LIFEEXP65;provincia;vercelli;2022;19.9
ISTATP_LIFEEXP65;provincia;vercelli;2023;20.5
ISTATP_LIFEEXP65;provincia;vercelli;2024;20.9
ISTATP_LIFEEXP65;provincia;vercelli;2025;20.6
ISTATP_LIFEEXP65;provincia;verona;2015;20.8
ISTATP_LIFEEXP65;provincia;verona;2016;21.2
ISTATP_LIFEEXP65;provincia;verona;2017;21.1
ISTATP_LIFEEXP65;provincia;verona;2018;21.6
ISTATP_LIFEEXP65;provincia;verona;2019;21.7
ISTATP_LIFEEXP65;provincia;verona;2020;20.2
ISTATP_LIFEEXP65;provincia;verona;2021;21.2
ISTATP_LIFEEXP65;provincia;verona;2022;21.1
ISTATP_LIFEEXP65;provincia;verona;2023;21.5
ISTATP_LIFEEXP65;provincia;verona;2024;22.2
ISTATP_LIFEEXP65;provincia;verona;2025;22.1
ISTATP_LIFEEXP65;provincia;vibo-valentia;2015;20.4
ISTATP_LIFEEXP65;provincia;vibo-valentia;2016;20.7
ISTATP_LIFEEXP65;provincia;vibo-valentia;2017;20.6
ISTATP_LIFEEXP65;provincia;vibo-valentia;2018;20.9
ISTATP_LIFEEXP65;provincia;vibo-valentia;2019;21
ISTATP_LIFEEXP65;provincia;vibo-valentia;2020;20.6
ISTATP_LIFEEXP65;provincia;vibo-valentia;2021;20.3
ISTATP_LIFEEXP65;provincia;vibo-valentia;2022;19.9
ISTATP_LIFEEXP65;provincia;vibo-valentia;2023;20.5
ISTATP_LIFEEXP65;provincia;vibo-valentia;2024;21.1
ISTATP_LIFEEXP65;provincia;vibo-valentia;2025;21.6
ISTATP_LIFEEXP65;provincia;vicenza;2015;20.8
ISTATP_LIFEEXP65;provincia;vicenza;2016;21.2
ISTATP_LIFEEXP65;provincia;vicenza;2017;21.1
ISTATP_LIFEEXP65;provincia;vicenza;2018;21.3
ISTATP_LIFEEXP65;provincia;vicenza;2019;21.6
ISTATP_LIFEEXP65;provincia;vicenza;2020;20.4
ISTATP_LIFEEXP65;provincia;vicenza;2021;21.2
ISTATP_LIFEEXP65;provincia;vicenza;2022;21
ISTATP_LIFEEXP65;provincia;vicenza;2023;21.6
ISTATP_LIFEEXP65;provincia;vicenza;2024;22.1
ISTATP_LIFEEXP65;provincia;vicenza;2025;22.2
ISTATP_LIFEEXP65;provincia;viterbo;2015;19.3
ISTATP_LIFEEXP65;provincia;viterbo;2016;20.2
ISTATP_LIFEEXP65;provincia;viterbo;2017;19.6
ISTATP_LIFEEXP65;provincia;viterbo;2018;19.9
ISTATP_LIFEEXP65;provincia;viterbo;2019;20.3
ISTATP_LIFEEXP65;provincia;viterbo;2020;19.9
ISTATP_LIFEEXP65;provincia;viterbo;2021;20.2
ISTATP_LIFEEXP65;provincia;viterbo;2022;19.8
ISTATP_LIFEEXP65;provincia;viterbo;2023;20.3
ISTATP_LIFEEXP65;provincia;viterbo;2024;20.5
ISTATP_LIFEEXP65;provincia;viterbo;2025;21.1
ISTATP_LIFEEXP65;regione;abruzzo;2015;20.4
ISTATP_LIFEEXP65;regione;abruzzo;2016;20.9
ISTATP_LIFEEXP65;regione;abruzzo;2017;20.5
ISTATP_LIFEEXP65;regione;abruzzo;2018;21
ISTATP_LIFEEXP65;regione;abruzzo;2019;21.3
ISTATP_LIFEEXP65;regione;abruzzo;2020;20.6
ISTATP_LIFEEXP65;regione;abruzzo;2021;20.6
ISTATP_LIFEEXP65;regione;abruzzo;2022;20.4
ISTATP_LIFEEXP65;regione;abruzzo;2023;20.8
ISTATP_LIFEEXP65;regione;abruzzo;2024;21.4
ISTATP_LIFEEXP65;regione;abruzzo;2025;21.4
ISTATP_LIFEEXP65;regione;basilicata;2015;20.3
ISTATP_LIFEEXP65;regione;basilicata;2016;20.6
ISTATP_LIFEEXP65;regione;basilicata;2017;20.5
ISTATP_LIFEEXP65;regione;basilicata;2018;20.9
ISTATP_LIFEEXP65;regione;basilicata;2019;20.7
ISTATP_LIFEEXP65;regione;basilicata;2020;20.6
ISTATP_LIFEEXP65;regione;basilicata;2021;20.4
ISTATP_LIFEEXP65;regione;basilicata;2022;20.3
ISTATP_LIFEEXP65;regione;basilicata;2023;20.6
ISTATP_LIFEEXP65;regione;basilicata;2024;21.4
ISTATP_LIFEEXP65;regione;basilicata;2025;21.1
ISTATP_LIFEEXP65;regione;calabria;2015;20
ISTATP_LIFEEXP65;regione;calabria;2016;20.6
ISTATP_LIFEEXP65;regione;calabria;2017;20.1
ISTATP_LIFEEXP65;regione;calabria;2018;20.7
ISTATP_LIFEEXP65;regione;calabria;2019;20.6
ISTATP_LIFEEXP65;regione;calabria;2020;20.4
ISTATP_LIFEEXP65;regione;calabria;2021;19.9
ISTATP_LIFEEXP65;regione;calabria;2022;19.9
ISTATP_LIFEEXP65;regione;calabria;2023;20.2
ISTATP_LIFEEXP65;regione;calabria;2024;20.8
ISTATP_LIFEEXP65;regione;calabria;2025;21
ISTATP_LIFEEXP65;regione;campania;2015;18.9
ISTATP_LIFEEXP65;regione;campania;2016;19.5
ISTATP_LIFEEXP65;regione;campania;2017;19.3
ISTATP_LIFEEXP65;regione;campania;2018;19.7
ISTATP_LIFEEXP65;regione;campania;2019;19.9
ISTATP_LIFEEXP65;regione;campania;2020;19.3
ISTATP_LIFEEXP65;regione;campania;2021;19.2
ISTATP_LIFEEXP65;regione;campania;2022;19.3
ISTATP_LIFEEXP65;regione;campania;2023;19.6
ISTATP_LIFEEXP65;regione;campania;2024;20.1
ISTATP_LIFEEXP65;regione;campania;2025;20.2
ISTATP_LIFEEXP65;regione;emilia-romagna;2015;20.7
ISTATP_LIFEEXP65;regione;emilia-romagna;2016;21.1
ISTATP_LIFEEXP65;regione;emilia-romagna;2017;21
ISTATP_LIFEEXP65;regione;emilia-romagna;2018;21.3
ISTATP_LIFEEXP65;regione;emilia-romagna;2019;21.3
ISTATP_LIFEEXP65;regione;emilia-romagna;2020;20.2
ISTATP_LIFEEXP65;regione;emilia-romagna;2021;20.7
ISTATP_LIFEEXP65;regione;emilia-romagna;2022;20.9
ISTATP_LIFEEXP65;regione;emilia-romagna;2023;21.3
ISTATP_LIFEEXP65;regione;emilia-romagna;2024;21.6
ISTATP_LIFEEXP65;regione;emilia-romagna;2025;21.7
ISTATP_LIFEEXP65;regione;friuli-venezia-giulia;2015;20.5
ISTATP_LIFEEXP65;regione;friuli-venezia-giulia;2016;21
ISTATP_LIFEEXP65;regione;friuli-venezia-giulia;2017;21
ISTATP_LIFEEXP65;regione;friuli-venezia-giulia;2018;21.1
ISTATP_LIFEEXP65;regione;friuli-venezia-giulia;2019;21.3
ISTATP_LIFEEXP65;regione;friuli-venezia-giulia;2020;20.4
ISTATP_LIFEEXP65;regione;friuli-venezia-giulia;2021;20.2
ISTATP_LIFEEXP65;regione;friuli-venezia-giulia;2022;20.8
ISTATP_LIFEEXP65;regione;friuli-venezia-giulia;2023;21.2
ISTATP_LIFEEXP65;regione;friuli-venezia-giulia;2024;21.6
ISTATP_LIFEEXP65;regione;friuli-venezia-giulia;2025;21.8
ISTATP_LIFEEXP65;regione;lazio;2015;20.2
ISTATP_LIFEEXP65;regione;lazio;2016;20.5
ISTATP_LIFEEXP65;regione;lazio;2017;20.3
ISTATP_LIFEEXP65;regione;lazio;2018;20.8
ISTATP_LIFEEXP65;regione;lazio;2019;21.1
ISTATP_LIFEEXP65;regione;lazio;2020;20.5
ISTATP_LIFEEXP65;regione;lazio;2021;20.4
ISTATP_LIFEEXP65;regione;lazio;2022;20.6
ISTATP_LIFEEXP65;regione;lazio;2023;20.7
ISTATP_LIFEEXP65;regione;lazio;2024;21.2
ISTATP_LIFEEXP65;regione;lazio;2025;21.4
ISTATP_LIFEEXP65;regione;liguria;2015;20.3
ISTATP_LIFEEXP65;regione;liguria;2016;20.8
ISTATP_LIFEEXP65;regione;liguria;2017;20.6
ISTATP_LIFEEXP65;regione;liguria;2018;20.6
ISTATP_LIFEEXP65;regione;liguria;2019;21
ISTATP_LIFEEXP65;regione;liguria;2020;19.7
ISTATP_LIFEEXP65;regione;liguria;2021;20.5
ISTATP_LIFEEXP65;regione;liguria;2022;20.3
ISTATP_LIFEEXP65;regione;liguria;2023;20.9
ISTATP_LIFEEXP65;regione;liguria;2024;21.3
ISTATP_LIFEEXP65;regione;liguria;2025;21.4
ISTATP_LIFEEXP65;regione;lombardia;2015;20.5
ISTATP_LIFEEXP65;regione;lombardia;2016;21.1
ISTATP_LIFEEXP65;regione;lombardia;2017;21
ISTATP_LIFEEXP65;regione;lombardia;2018;21.1
ISTATP_LIFEEXP65;regione;lombardia;2019;21.3
ISTATP_LIFEEXP65;regione;lombardia;2020;19.2
ISTATP_LIFEEXP65;regione;lombardia;2021;20.7
ISTATP_LIFEEXP65;regione;lombardia;2022;20.8
ISTATP_LIFEEXP65;regione;lombardia;2023;21.4
ISTATP_LIFEEXP65;regione;lombardia;2024;21.7
ISTATP_LIFEEXP65;regione;lombardia;2025;21.7
ISTATP_LIFEEXP65;regione;marche;2015;20.9
ISTATP_LIFEEXP65;regione;marche;2016;21.2
ISTATP_LIFEEXP65;regione;marche;2017;21
ISTATP_LIFEEXP65;regione;marche;2018;21.6
ISTATP_LIFEEXP65;regione;marche;2019;21.6
ISTATP_LIFEEXP65;regione;marche;2020;20.7
ISTATP_LIFEEXP65;regione;marche;2021;20.8
ISTATP_LIFEEXP65;regione;marche;2022;20.9
ISTATP_LIFEEXP65;regione;marche;2023;21.5
ISTATP_LIFEEXP65;regione;marche;2024;21.8
ISTATP_LIFEEXP65;regione;marche;2025;22
ISTATP_LIFEEXP65;regione;molise;2015;20.4
ISTATP_LIFEEXP65;regione;molise;2016;21
ISTATP_LIFEEXP65;regione;molise;2017;20.7
ISTATP_LIFEEXP65;regione;molise;2018;20.9
ISTATP_LIFEEXP65;regione;molise;2019;21.2
ISTATP_LIFEEXP65;regione;molise;2020;20.6
ISTATP_LIFEEXP65;regione;molise;2021;20
ISTATP_LIFEEXP65;regione;molise;2022;20.1
ISTATP_LIFEEXP65;regione;molise;2023;20.6
ISTATP_LIFEEXP65;regione;molise;2024;20.8
ISTATP_LIFEEXP65;regione;molise;2025;21.1
ISTATP_LIFEEXP65;regione;piemonte;2015;20.2
ISTATP_LIFEEXP65;regione;piemonte;2016;20.7
ISTATP_LIFEEXP65;regione;piemonte;2017;20.5
ISTATP_LIFEEXP65;regione;piemonte;2018;20.6
ISTATP_LIFEEXP65;regione;piemonte;2019;20.8
ISTATP_LIFEEXP65;regione;piemonte;2020;19.4
ISTATP_LIFEEXP65;regione;piemonte;2021;20.3
ISTATP_LIFEEXP65;regione;piemonte;2022;20.2
ISTATP_LIFEEXP65;regione;piemonte;2023;20.8
ISTATP_LIFEEXP65;regione;piemonte;2024;21.2
ISTATP_LIFEEXP65;regione;piemonte;2025;21.3
ISTATP_LIFEEXP65;regione;puglia;2015;20.3
ISTATP_LIFEEXP65;regione;puglia;2016;20.8
ISTATP_LIFEEXP65;regione;puglia;2017;20.5
ISTATP_LIFEEXP65;regione;puglia;2018;20.9
ISTATP_LIFEEXP65;regione;puglia;2019;21
ISTATP_LIFEEXP65;regione;puglia;2020;20.4
ISTATP_LIFEEXP65;regione;puglia;2021;20
ISTATP_LIFEEXP65;regione;puglia;2022;20.6
ISTATP_LIFEEXP65;regione;puglia;2023;20.8
ISTATP_LIFEEXP65;regione;puglia;2024;21.2
ISTATP_LIFEEXP65;regione;puglia;2025;21.4
ISTATP_LIFEEXP65;regione;sardegna;2015;20.7
ISTATP_LIFEEXP65;regione;sardegna;2016;21
ISTATP_LIFEEXP65;regione;sardegna;2017;20.9
ISTATP_LIFEEXP65;regione;sardegna;2018;21.4
ISTATP_LIFEEXP65;regione;sardegna;2019;21.3
ISTATP_LIFEEXP65;regione;sardegna;2020;20.7
ISTATP_LIFEEXP65;regione;sardegna;2021;20.9
ISTATP_LIFEEXP65;regione;sardegna;2022;20.3
ISTATP_LIFEEXP65;regione;sardegna;2023;20.9
ISTATP_LIFEEXP65;regione;sardegna;2024;21.3
ISTATP_LIFEEXP65;regione;sardegna;2025;21.4
ISTATP_LIFEEXP65;regione;sicilia;2015;19.5
ISTATP_LIFEEXP65;regione;sicilia;2016;20
ISTATP_LIFEEXP65;regione;sicilia;2017;19.6
ISTATP_LIFEEXP65;regione;sicilia;2018;20
ISTATP_LIFEEXP65;regione;sicilia;2019;20.1
ISTATP_LIFEEXP65;regione;sicilia;2020;19.8
ISTATP_LIFEEXP65;regione;sicilia;2021;19.5
ISTATP_LIFEEXP65;regione;sicilia;2022;19.5
ISTATP_LIFEEXP65;regione;sicilia;2023;19.9
ISTATP_LIFEEXP65;regione;sicilia;2024;20.5
ISTATP_LIFEEXP65;regione;sicilia;2025;20.7
ISTATP_LIFEEXP65;regione;toscana;2015;20.7
ISTATP_LIFEEXP65;regione;toscana;2016;21.2
ISTATP_LIFEEXP65;regione;toscana;2017;21
ISTATP_LIFEEXP65;regione;toscana;2018;21.2
ISTATP_LIFEEXP65;regione;toscana;2019;21.3
ISTATP_LIFEEXP65;regione;toscana;2020;20.7
ISTATP_LIFEEXP65;regione;toscana;2021;20.8
ISTATP_LIFEEXP65;regione;toscana;2022;20.8
ISTATP_LIFEEXP65;regione;toscana;2023;21.4
ISTATP_LIFEEXP65;regione;toscana;2024;21.6
ISTATP_LIFEEXP65;regione;toscana;2025;21.8
ISTATP_LIFEEXP65;regione;trentino-alto-adige;2015;21.2
ISTATP_LIFEEXP65;regione;trentino-alto-adige;2016;21.5
ISTATP_LIFEEXP65;regione;trentino-alto-adige;2017;21.5
ISTATP_LIFEEXP65;regione;trentino-alto-adige;2018;21.8
ISTATP_LIFEEXP65;regione;trentino-alto-adige;2019;22
ISTATP_LIFEEXP65;regione;trentino-alto-adige;2020;20.5
ISTATP_LIFEEXP65;regione;trentino-alto-adige;2021;21.3
ISTATP_LIFEEXP65;regione;trentino-alto-adige;2022;21.4
ISTATP_LIFEEXP65;regione;trentino-alto-adige;2023;22
ISTATP_LIFEEXP65;regione;trentino-alto-adige;2024;22.3
ISTATP_LIFEEXP65;regione;trentino-alto-adige;2025;22.4
ISTATP_LIFEEXP65;regione;umbria;2015;20.8
ISTATP_LIFEEXP65;regione;umbria;2016;21.2
ISTATP_LIFEEXP65;regione;umbria;2017;21
ISTATP_LIFEEXP65;regione;umbria;2018;21.6
ISTATP_LIFEEXP65;regione;umbria;2019;21.7
ISTATP_LIFEEXP65;regione;umbria;2020;21.2
ISTATP_LIFEEXP65;regione;umbria;2021;21
ISTATP_LIFEEXP65;regione;umbria;2022;21
ISTATP_LIFEEXP65;regione;umbria;2023;21.4
ISTATP_LIFEEXP65;regione;umbria;2024;21.7
ISTATP_LIFEEXP65;regione;umbria;2025;22
ISTATP_LIFEEXP65;regione;valle-d-aosta;2015;19.9
ISTATP_LIFEEXP65;regione;valle-d-aosta;2016;20.8
ISTATP_LIFEEXP65;regione;valle-d-aosta;2017;20.5
ISTATP_LIFEEXP65;regione;valle-d-aosta;2018;20.3
ISTATP_LIFEEXP65;regione;valle-d-aosta;2019;20.9
ISTATP_LIFEEXP65;regione;valle-d-aosta;2020;19
ISTATP_LIFEEXP65;regione;valle-d-aosta;2021;20.5
ISTATP_LIFEEXP65;regione;valle-d-aosta;2022;20.7
ISTATP_LIFEEXP65;regione;valle-d-aosta;2023;21.2
ISTATP_LIFEEXP65;regione;valle-d-aosta;2024;21
ISTATP_LIFEEXP65;regione;valle-d-aosta;2025;21.7
ISTATP_LIFEEXP65;regione;veneto;2015;20.7
ISTATP_LIFEEXP65;regione;veneto;2016;21.1
ISTATP_LIFEEXP65;regione;veneto;2017;21
ISTATP_LIFEEXP65;regione;veneto;2018;21.3
ISTATP_LIFEEXP65;regione;veneto;2019;21.5
ISTATP_LIFEEXP65;regione;veneto;2020;20.5
ISTATP_LIFEEXP65;regione;veneto;2021;21
ISTATP_LIFEEXP65;regione;veneto;2022;20.9
ISTATP_LIFEEXP65;regione;veneto;2023;21.4
ISTATP_LIFEEXP65;regione;veneto;2024;21.9
ISTATP_LIFEEXP65;regione;veneto;2025;22
ISTATP_FECONDITA;provincia;agrigento;2015;1.27
ISTATP_FECONDITA;provincia;agrigento;2016;1.26
ISTATP_FECONDITA;provincia;agrigento;2017;1.3
ISTATP_FECONDITA;provincia;agrigento;2018;1.29
ISTATP_FECONDITA;provincia;agrigento;2019;1.24
ISTATP_FECONDITA;provincia;agrigento;2020;1.26
ISTATP_FECONDITA;provincia;agrigento;2021;1.27
ISTATP_FECONDITA;provincia;agrigento;2022;1.34
ISTATP_FECONDITA;provincia;agrigento;2023;1.31
ISTATP_FECONDITA;provincia;agrigento;2024;1.34
ISTATP_FECONDITA;provincia;agrigento;2025;1.25
ISTATP_FECONDITA;provincia;alessandria;2015;1.29
ISTATP_FECONDITA;provincia;alessandria;2016;1.3
ISTATP_FECONDITA;provincia;alessandria;2017;1.27
ISTATP_FECONDITA;provincia;alessandria;2018;1.22
ISTATP_FECONDITA;provincia;alessandria;2019;1.17
ISTATP_FECONDITA;provincia;alessandria;2020;1.15
ISTATP_FECONDITA;provincia;alessandria;2021;1.13
ISTATP_FECONDITA;provincia;alessandria;2022;1.21
ISTATP_FECONDITA;provincia;alessandria;2023;1.16
ISTATP_FECONDITA;provincia;alessandria;2024;1.1
ISTATP_FECONDITA;provincia;alessandria;2025;1.09
ISTATP_FECONDITA;provincia;ancona;2015;1.36
ISTATP_FECONDITA;provincia;ancona;2016;1.32
ISTATP_FECONDITA;provincia;ancona;2017;1.27
ISTATP_FECONDITA;provincia;ancona;2018;1.24
ISTATP_FECONDITA;provincia;ancona;2019;1.21
ISTATP_FECONDITA;provincia;ancona;2020;1.21
ISTATP_FECONDITA;provincia;ancona;2021;1.21
ISTATP_FECONDITA;provincia;ancona;2022;1.14
ISTATP_FECONDITA;provincia;ancona;2023;1.19
ISTATP_FECONDITA;provincia;ancona;2024;1.1
ISTATP_FECONDITA;provincia;ancona;2025;1.15
ISTATP_FECONDITA;provincia;aosta;2015;1.41
ISTATP_FECONDITA;provincia;aosta;2016;1.42
ISTATP_FECONDITA;provincia;aosta;2017;1.35
ISTATP_FECONDITA;provincia;aosta;2018;1.39
ISTATP_FECONDITA;provincia;aosta;2019;1.31
ISTATP_FECONDITA;provincia;aosta;2020;1.23
ISTATP_FECONDITA;provincia;aosta;2021;1.21
ISTATP_FECONDITA;provincia;aosta;2022;1.27
ISTATP_FECONDITA;provincia;aosta;2023;1.17
ISTATP_FECONDITA;provincia;aosta;2024;1.05
ISTATP_FECONDITA;provincia;aosta;2025;1.12
ISTATP_FECONDITA;provincia;arezzo;2015;1.25
ISTATP_FECONDITA;provincia;arezzo;2016;1.29
ISTATP_FECONDITA;provincia;arezzo;2017;1.28
ISTATP_FECONDITA;provincia;arezzo;2018;1.21
ISTATP_FECONDITA;provincia;arezzo;2019;1.22
ISTATP_FECONDITA;provincia;arezzo;2020;1.22
ISTATP_FECONDITA;provincia;arezzo;2021;1.26
ISTATP_FECONDITA;provincia;arezzo;2022;1.17
ISTATP_FECONDITA;provincia;arezzo;2023;1.15
ISTATP_FECONDITA;provincia;arezzo;2024;1.21
ISTATP_FECONDITA;provincia;arezzo;2025;1.14
ISTATP_FECONDITA;provincia;ascoli-piceno;2015;1.24
ISTATP_FECONDITA;provincia;ascoli-piceno;2016;1.26
ISTATP_FECONDITA;provincia;ascoli-piceno;2017;1.17
ISTATP_FECONDITA;provincia;ascoli-piceno;2018;1.15
ISTATP_FECONDITA;provincia;ascoli-piceno;2019;1.12
ISTATP_FECONDITA;provincia;ascoli-piceno;2020;1.13
ISTATP_FECONDITA;provincia;ascoli-piceno;2021;1.13
ISTATP_FECONDITA;provincia;ascoli-piceno;2022;1.14
ISTATP_FECONDITA;provincia;ascoli-piceno;2023;1.15
ISTATP_FECONDITA;provincia;ascoli-piceno;2024;1.11
ISTATP_FECONDITA;provincia;ascoli-piceno;2025;1.11
ISTATP_FECONDITA;provincia;asti;2015;1.37
ISTATP_FECONDITA;provincia;asti;2016;1.4
ISTATP_FECONDITA;provincia;asti;2017;1.41
ISTATP_FECONDITA;provincia;asti;2018;1.26
ISTATP_FECONDITA;provincia;asti;2019;1.28
ISTATP_FECONDITA;provincia;asti;2020;1.22
ISTATP_FECONDITA;provincia;asti;2021;1.22
ISTATP_FECONDITA;provincia;asti;2022;1.21
ISTATP_FECONDITA;provincia;asti;2023;1.18
ISTATP_FECONDITA;provincia;asti;2024;1.22
ISTATP_FECONDITA;provincia;asti;2025;1.09
ISTATP_FECONDITA;provincia;avellino;2015;1.16
ISTATP_FECONDITA;provincia;avellino;2016;1.2
ISTATP_FECONDITA;provincia;avellino;2017;1.21
ISTATP_FECONDITA;provincia;avellino;2018;1.15
ISTATP_FECONDITA;provincia;avellino;2019;1.13
ISTATP_FECONDITA;provincia;avellino;2020;1.09
ISTATP_FECONDITA;provincia;avellino;2021;1.12
ISTATP_FECONDITA;provincia;avellino;2022;1.13
ISTATP_FECONDITA;provincia;avellino;2023;1.14
ISTATP_FECONDITA;provincia;avellino;2024;1.1
ISTATP_FECONDITA;provincia;avellino;2025;1.08
ISTATP_FECONDITA;provincia;bari;2015;1.28
ISTATP_FECONDITA;provincia;bari;2016;1.29
ISTATP_FECONDITA;provincia;bari;2017;1.29
ISTATP_FECONDITA;provincia;bari;2018;1.28
ISTATP_FECONDITA;provincia;bari;2019;1.24
ISTATP_FECONDITA;provincia;bari;2020;1.18
ISTATP_FECONDITA;provincia;bari;2021;1.22
ISTATP_FECONDITA;provincia;bari;2022;1.24
ISTATP_FECONDITA;provincia;bari;2023;1.22
ISTATP_FECONDITA;provincia;bari;2024;1.17
ISTATP_FECONDITA;provincia;bari;2025;1.11
ISTATP_FECONDITA;provincia;barletta-andria-trani;2015;1.25
ISTATP_FECONDITA;provincia;barletta-andria-trani;2016;1.33
ISTATP_FECONDITA;provincia;barletta-andria-trani;2017;1.31
ISTATP_FECONDITA;provincia;barletta-andria-trani;2018;1.29
ISTATP_FECONDITA;provincia;barletta-andria-trani;2019;1.26
ISTATP_FECONDITA;provincia;barletta-andria-trani;2020;1.24
ISTATP_FECONDITA;provincia;barletta-andria-trani;2021;1.29
ISTATP_FECONDITA;provincia;barletta-andria-trani;2022;1.25
ISTATP_FECONDITA;provincia;barletta-andria-trani;2023;1.24
ISTATP_FECONDITA;provincia;barletta-andria-trani;2024;1.19
ISTATP_FECONDITA;provincia;barletta-andria-trani;2025;1.18
ISTATP_FECONDITA;provincia;belluno;2015;1.34
ISTATP_FECONDITA;provincia;belluno;2016;1.29
ISTATP_FECONDITA;provincia;belluno;2017;1.28
ISTATP_FECONDITA;provincia;belluno;2018;1.3
ISTATP_FECONDITA;provincia;belluno;2019;1.21
ISTATP_FECONDITA;provincia;belluno;2020;1.26
ISTATP_FECONDITA;provincia;belluno;2021;1.24
ISTATP_FECONDITA;provincia;belluno;2022;1.2
ISTATP_FECONDITA;provincia;belluno;2023;1.13
ISTATP_FECONDITA;provincia;belluno;2024;1.14
ISTATP_FECONDITA;provincia;belluno;2025;1.12
ISTATP_FECONDITA;provincia;benevento;2015;1.19
ISTATP_FECONDITA;provincia;benevento;2016;1.23
ISTATP_FECONDITA;provincia;benevento;2017;1.23
ISTATP_FECONDITA;provincia;benevento;2018;1.18
ISTATP_FECONDITA;provincia;benevento;2019;1.21
ISTATP_FECONDITA;provincia;benevento;2020;1.16
ISTATP_FECONDITA;provincia;benevento;2021;1.11
ISTATP_FECONDITA;provincia;benevento;2022;1.2
ISTATP_FECONDITA;provincia;benevento;2023;1.16
ISTATP_FECONDITA;provincia;benevento;2024;1.14
ISTATP_FECONDITA;provincia;benevento;2025;1.08
ISTATP_FECONDITA;provincia;bergamo;2015;1.47
ISTATP_FECONDITA;provincia;bergamo;2016;1.49
ISTATP_FECONDITA;provincia;bergamo;2017;1.46
ISTATP_FECONDITA;provincia;bergamo;2018;1.39
ISTATP_FECONDITA;provincia;bergamo;2019;1.36
ISTATP_FECONDITA;provincia;bergamo;2020;1.28
ISTATP_FECONDITA;provincia;bergamo;2021;1.3
ISTATP_FECONDITA;provincia;bergamo;2022;1.27
ISTATP_FECONDITA;provincia;bergamo;2023;1.24
ISTATP_FECONDITA;provincia;bergamo;2024;1.24
ISTATP_FECONDITA;provincia;bergamo;2025;1.2
ISTATP_FECONDITA;provincia;biella;2015;1.21
ISTATP_FECONDITA;provincia;biella;2016;1.27
ISTATP_FECONDITA;provincia;biella;2017;1.19
ISTATP_FECONDITA;provincia;biella;2018;1.18
ISTATP_FECONDITA;provincia;biella;2019;1.17
ISTATP_FECONDITA;provincia;biella;2020;1.11
ISTATP_FECONDITA;provincia;biella;2021;1.16
ISTATP_FECONDITA;provincia;biella;2022;1.1
ISTATP_FECONDITA;provincia;biella;2023;1.12
ISTATP_FECONDITA;provincia;biella;2024;1.05
ISTATP_FECONDITA;provincia;biella;2025;1.04
ISTATP_FECONDITA;provincia;bologna;2015;1.4
ISTATP_FECONDITA;provincia;bologna;2016;1.37
ISTATP_FECONDITA;provincia;bologna;2017;1.32
ISTATP_FECONDITA;provincia;bologna;2018;1.33
ISTATP_FECONDITA;provincia;bologna;2019;1.27
ISTATP_FECONDITA;provincia;bologna;2020;1.22
ISTATP_FECONDITA;provincia;bologna;2021;1.23
ISTATP_FECONDITA;provincia;bologna;2022;1.21
ISTATP_FECONDITA;provincia;bologna;2023;1.14
ISTATP_FECONDITA;provincia;bologna;2024;1.15
ISTATP_FECONDITA;provincia;bologna;2025;1.09
ISTATP_FECONDITA;provincia;bolzano;2015;1.71
ISTATP_FECONDITA;provincia;bolzano;2016;1.77
ISTATP_FECONDITA;provincia;bolzano;2017;1.75
ISTATP_FECONDITA;provincia;bolzano;2018;1.73
ISTATP_FECONDITA;provincia;bolzano;2019;1.71
ISTATP_FECONDITA;provincia;bolzano;2020;1.71
ISTATP_FECONDITA;provincia;bolzano;2021;1.72
ISTATP_FECONDITA;provincia;bolzano;2022;1.64
ISTATP_FECONDITA;provincia;bolzano;2023;1.57
ISTATP_FECONDITA;provincia;bolzano;2024;1.51
ISTATP_FECONDITA;provincia;bolzano;2025;1.55
ISTATP_FECONDITA;provincia;brescia;2015;1.5
ISTATP_FECONDITA;provincia;brescia;2016;1.46
ISTATP_FECONDITA;provincia;brescia;2017;1.44
ISTATP_FECONDITA;provincia;brescia;2018;1.4
ISTATP_FECONDITA;provincia;brescia;2019;1.36
ISTATP_FECONDITA;provincia;brescia;2020;1.33
ISTATP_FECONDITA;provincia;brescia;2021;1.31
ISTATP_FECONDITA;provincia;brescia;2022;1.3
ISTATP_FECONDITA;provincia;brescia;2023;1.28
ISTATP_FECONDITA;provincia;brescia;2024;1.24
ISTATP_FECONDITA;provincia;brescia;2025;1.21
ISTATP_FECONDITA;provincia;brindisi;2015;1.18
ISTATP_FECONDITA;provincia;brindisi;2016;1.18
ISTATP_FECONDITA;provincia;brindisi;2017;1.14
ISTATP_FECONDITA;provincia;brindisi;2018;1.15
ISTATP_FECONDITA;provincia;brindisi;2019;1.09
ISTATP_FECONDITA;provincia;brindisi;2020;1.14
ISTATP_FECONDITA;provincia;brindisi;2021;1.14
ISTATP_FECONDITA;provincia;brindisi;2022;1.21
ISTATP_FECONDITA;provincia;brindisi;2023;1.16
ISTATP_FECONDITA;provincia;brindisi;2024;1.16
ISTATP_FECONDITA;provincia;brindisi;2025;1.03
ISTATP_FECONDITA;provincia;cagliari;2015;1.14
ISTATP_FECONDITA;provincia;cagliari;2016;1.09
ISTATP_FECONDITA;provincia;cagliari;2017;1.05
ISTATP_FECONDITA;provincia;cagliari;2018;0.98
ISTATP_FECONDITA;provincia;cagliari;2019;0.97
ISTATP_FECONDITA;provincia;cagliari;2020;0.92
ISTATP_FECONDITA;provincia;cagliari;2021;0.94
ISTATP_FECONDITA;provincia;cagliari;2022;0.92
ISTATP_FECONDITA;provincia;cagliari;2023;0.85
ISTATP_FECONDITA;provincia;cagliari;2024;0.84
ISTATP_FECONDITA;provincia;cagliari;2025;0.75
ISTATP_FECONDITA;provincia;caltanissetta;2015;1.36
ISTATP_FECONDITA;provincia;caltanissetta;2016;1.34
ISTATP_FECONDITA;provincia;caltanissetta;2017;1.26
ISTATP_FECONDITA;provincia;caltanissetta;2018;1.28
ISTATP_FECONDITA;provincia;caltanissetta;2019;1.19
ISTATP_FECONDITA;provincia;caltanissetta;2020;1.23
ISTATP_FECONDITA;provincia;caltanissetta;2021;1.25
ISTATP_FECONDITA;provincia;caltanissetta;2022;1.24
ISTATP_FECONDITA;provincia;caltanissetta;2023;1.26
ISTATP_FECONDITA;provincia;caltanissetta;2024;1.2
ISTATP_FECONDITA;provincia;caltanissetta;2025;1.15
ISTATP_FECONDITA;provincia;campobasso;2015;1.16
ISTATP_FECONDITA;provincia;campobasso;2016;1.15
ISTATP_FECONDITA;provincia;campobasso;2017;1.2
ISTATP_FECONDITA;provincia;campobasso;2018;1.08
ISTATP_FECONDITA;provincia;campobasso;2019;1.12
ISTATP_FECONDITA;provincia;campobasso;2020;1.08
ISTATP_FECONDITA;provincia;campobasso;2021;1.08
ISTATP_FECONDITA;provincia;campobasso;2022;1.07
ISTATP_FECONDITA;provincia;campobasso;2023;1.11
ISTATP_FECONDITA;provincia;campobasso;2024;1.06
ISTATP_FECONDITA;provincia;campobasso;2025;1.02
ISTATP_FECONDITA;provincia;caserta;2015;1.37
ISTATP_FECONDITA;provincia;caserta;2016;1.35
ISTATP_FECONDITA;provincia;caserta;2017;1.34
ISTATP_FECONDITA;provincia;caserta;2018;1.33
ISTATP_FECONDITA;provincia;caserta;2019;1.27
ISTATP_FECONDITA;provincia;caserta;2020;1.31
ISTATP_FECONDITA;provincia;caserta;2021;1.26
ISTATP_FECONDITA;provincia;caserta;2022;1.35
ISTATP_FECONDITA;provincia;caserta;2023;1.34
ISTATP_FECONDITA;provincia;caserta;2024;1.28
ISTATP_FECONDITA;provincia;caserta;2025;1.25
ISTATP_FECONDITA;provincia;catania;2015;1.48
ISTATP_FECONDITA;provincia;catania;2016;1.43
ISTATP_FECONDITA;provincia;catania;2017;1.46
ISTATP_FECONDITA;provincia;catania;2018;1.46
ISTATP_FECONDITA;provincia;catania;2019;1.41
ISTATP_FECONDITA;provincia;catania;2020;1.39
ISTATP_FECONDITA;provincia;catania;2021;1.4
ISTATP_FECONDITA;provincia;catania;2022;1.41
ISTATP_FECONDITA;provincia;catania;2023;1.36
ISTATP_FECONDITA;provincia;catania;2024;1.32
ISTATP_FECONDITA;provincia;catania;2025;1.27
ISTATP_FECONDITA;provincia;catanzaro;2015;1.3
ISTATP_FECONDITA;provincia;catanzaro;2016;1.35
ISTATP_FECONDITA;provincia;catanzaro;2017;1.3
ISTATP_FECONDITA;provincia;catanzaro;2018;1.24
ISTATP_FECONDITA;provincia;catanzaro;2019;1.22
ISTATP_FECONDITA;provincia;catanzaro;2020;1.23
ISTATP_FECONDITA;provincia;catanzaro;2021;1.23
ISTATP_FECONDITA;provincia;catanzaro;2022;1.23
ISTATP_FECONDITA;provincia;catanzaro;2023;1.22
ISTATP_FECONDITA;provincia;catanzaro;2024;1.19
ISTATP_FECONDITA;provincia;catanzaro;2025;1.14
ISTATP_FECONDITA;provincia;chieti;2015;1.26
ISTATP_FECONDITA;provincia;chieti;2016;1.26
ISTATP_FECONDITA;provincia;chieti;2017;1.23
ISTATP_FECONDITA;provincia;chieti;2018;1.19
ISTATP_FECONDITA;provincia;chieti;2019;1.15
ISTATP_FECONDITA;provincia;chieti;2020;1.12
ISTATP_FECONDITA;provincia;chieti;2021;1.21
ISTATP_FECONDITA;provincia;chieti;2022;1.15
ISTATP_FECONDITA;provincia;chieti;2023;1.13
ISTATP_FECONDITA;provincia;chieti;2024;1.11
ISTATP_FECONDITA;provincia;chieti;2025;1.07
ISTATP_FECONDITA;provincia;como;2015;1.45
ISTATP_FECONDITA;provincia;como;2016;1.44
ISTATP_FECONDITA;provincia;como;2017;1.36
ISTATP_FECONDITA;provincia;como;2018;1.31
ISTATP_FECONDITA;provincia;como;2019;1.31
ISTATP_FECONDITA;provincia;como;2020;1.25
ISTATP_FECONDITA;provincia;como;2021;1.24
ISTATP_FECONDITA;provincia;como;2022;1.2
ISTATP_FECONDITA;provincia;como;2023;1.19
ISTATP_FECONDITA;provincia;como;2024;1.18
ISTATP_FECONDITA;provincia;como;2025;1.12
ISTATP_FECONDITA;provincia;cosenza;2015;1.27
ISTATP_FECONDITA;provincia;cosenza;2016;1.27
ISTATP_FECONDITA;provincia;cosenza;2017;1.25
ISTATP_FECONDITA;provincia;cosenza;2018;1.23
ISTATP_FECONDITA;provincia;cosenza;2019;1.21
ISTATP_FECONDITA;provincia;cosenza;2020;1.2
ISTATP_FECONDITA;provincia;cosenza;2021;1.19
ISTATP_FECONDITA;provincia;cosenza;2022;1.23
ISTATP_FECONDITA;provincia;cosenza;2023;1.22
ISTATP_FECONDITA;provincia;cosenza;2024;1.15
ISTATP_FECONDITA;provincia;cosenza;2025;1.12
ISTATP_FECONDITA;provincia;cremona;2015;1.37
ISTATP_FECONDITA;provincia;cremona;2016;1.34
ISTATP_FECONDITA;provincia;cremona;2017;1.36
ISTATP_FECONDITA;provincia;cremona;2018;1.33
ISTATP_FECONDITA;provincia;cremona;2019;1.34
ISTATP_FECONDITA;provincia;cremona;2020;1.26
ISTATP_FECONDITA;provincia;cremona;2021;1.31
ISTATP_FECONDITA;provincia;cremona;2022;1.23
ISTATP_FECONDITA;provincia;cremona;2023;1.23
ISTATP_FECONDITA;provincia;cremona;2024;1.24
ISTATP_FECONDITA;provincia;cremona;2025;1.21
ISTATP_FECONDITA;provincia;crotone;2015;1.41
ISTATP_FECONDITA;provincia;crotone;2016;1.41
ISTATP_FECONDITA;provincia;crotone;2017;1.4
ISTATP_FECONDITA;provincia;crotone;2018;1.41
ISTATP_FECONDITA;provincia;crotone;2019;1.39
ISTATP_FECONDITA;provincia;crotone;2020;1.37
ISTATP_FECONDITA;provincia;crotone;2021;1.33
ISTATP_FECONDITA;provincia;crotone;2022;1.44
ISTATP_FECONDITA;provincia;crotone;2023;1.36
ISTATP_FECONDITA;provincia;crotone;2024;1.36
ISTATP_FECONDITA;provincia;crotone;2025;1.25
ISTATP_FECONDITA;provincia;cuneo;2015;1.49
ISTATP_FECONDITA;provincia;cuneo;2016;1.5
ISTATP_FECONDITA;provincia;cuneo;2017;1.48
ISTATP_FECONDITA;provincia;cuneo;2018;1.43
ISTATP_FECONDITA;provincia;cuneo;2019;1.4
ISTATP_FECONDITA;provincia;cuneo;2020;1.36
ISTATP_FECONDITA;provincia;cuneo;2021;1.4
ISTATP_FECONDITA;provincia;cuneo;2022;1.31
ISTATP_FECONDITA;provincia;cuneo;2023;1.3
ISTATP_FECONDITA;provincia;cuneo;2024;1.27
ISTATP_FECONDITA;provincia;cuneo;2025;1.24
ISTATP_FECONDITA;provincia;enna;2015;1.24
ISTATP_FECONDITA;provincia;enna;2016;1.2
ISTATP_FECONDITA;provincia;enna;2017;1.24
ISTATP_FECONDITA;provincia;enna;2018;1.21
ISTATP_FECONDITA;provincia;enna;2019;1.15
ISTATP_FECONDITA;provincia;enna;2020;1.12
ISTATP_FECONDITA;provincia;enna;2021;1.18
ISTATP_FECONDITA;provincia;enna;2022;1.18
ISTATP_FECONDITA;provincia;enna;2023;1.21
ISTATP_FECONDITA;provincia;enna;2024;1.12
ISTATP_FECONDITA;provincia;enna;2025;1.12
ISTATP_FECONDITA;provincia;fermo;2015;1.32
ISTATP_FECONDITA;provincia;fermo;2016;1.31
ISTATP_FECONDITA;provincia;fermo;2017;1.23
ISTATP_FECONDITA;provincia;fermo;2018;1.21
ISTATP_FECONDITA;provincia;fermo;2019;1.13
ISTATP_FECONDITA;provincia;fermo;2020;1.18
ISTATP_FECONDITA;provincia;fermo;2021;1.13
ISTATP_FECONDITA;provincia;fermo;2022;1.13
ISTATP_FECONDITA;provincia;fermo;2023;1.11
ISTATP_FECONDITA;provincia;fermo;2024;1.08
ISTATP_FECONDITA;provincia;fermo;2025;1.03
ISTATP_FECONDITA;provincia;ferrara;2015;1.21
ISTATP_FECONDITA;provincia;ferrara;2016;1.21
ISTATP_FECONDITA;provincia;ferrara;2017;1.23
ISTATP_FECONDITA;provincia;ferrara;2018;1.21
ISTATP_FECONDITA;provincia;ferrara;2019;1.22
ISTATP_FECONDITA;provincia;ferrara;2020;1.14
ISTATP_FECONDITA;provincia;ferrara;2021;1.21
ISTATP_FECONDITA;provincia;ferrara;2022;1.2
ISTATP_FECONDITA;provincia;ferrara;2023;1.16
ISTATP_FECONDITA;provincia;ferrara;2024;1.11
ISTATP_FECONDITA;provincia;ferrara;2025;1.1
ISTATP_FECONDITA;provincia;firenze;2015;1.3
ISTATP_FECONDITA;provincia;firenze;2016;1.34
ISTATP_FECONDITA;provincia;firenze;2017;1.29
ISTATP_FECONDITA;provincia;firenze;2018;1.29
ISTATP_FECONDITA;provincia;firenze;2019;1.22
ISTATP_FECONDITA;provincia;firenze;2020;1.18
ISTATP_FECONDITA;provincia;firenze;2021;1.2
ISTATP_FECONDITA;provincia;firenze;2022;1.19
ISTATP_FECONDITA;provincia;firenze;2023;1.12
ISTATP_FECONDITA;provincia;firenze;2024;1.13
ISTATP_FECONDITA;provincia;firenze;2025;1.1
ISTATP_FECONDITA;provincia;foggia;2015;1.37
ISTATP_FECONDITA;provincia;foggia;2016;1.34
ISTATP_FECONDITA;provincia;foggia;2017;1.29
ISTATP_FECONDITA;provincia;foggia;2018;1.28
ISTATP_FECONDITA;provincia;foggia;2019;1.27
ISTATP_FECONDITA;provincia;foggia;2020;1.27
ISTATP_FECONDITA;provincia;foggia;2021;1.24
ISTATP_FECONDITA;provincia;foggia;2022;1.26
ISTATP_FECONDITA;provincia;foggia;2023;1.3
ISTATP_FECONDITA;provincia;foggia;2024;1.19
ISTATP_FECONDITA;provincia;foggia;2025;1.17
ISTATP_FECONDITA;provincia;forli-cesena;2015;1.4
ISTATP_FECONDITA;provincia;forli-cesena;2016;1.4
ISTATP_FECONDITA;provincia;forli-cesena;2017;1.35
ISTATP_FECONDITA;provincia;forli-cesena;2018;1.35
ISTATP_FECONDITA;provincia;forli-cesena;2019;1.25
ISTATP_FECONDITA;provincia;forli-cesena;2020;1.25
ISTATP_FECONDITA;provincia;forli-cesena;2021;1.26
ISTATP_FECONDITA;provincia;forli-cesena;2022;1.32
ISTATP_FECONDITA;provincia;forli-cesena;2023;1.27
ISTATP_FECONDITA;provincia;forli-cesena;2024;1.17
ISTATP_FECONDITA;provincia;forli-cesena;2025;1.09
ISTATP_FECONDITA;provincia;frosinone;2015;1.26
ISTATP_FECONDITA;provincia;frosinone;2016;1.33
ISTATP_FECONDITA;provincia;frosinone;2017;1.25
ISTATP_FECONDITA;provincia;frosinone;2018;1.18
ISTATP_FECONDITA;provincia;frosinone;2019;1.16
ISTATP_FECONDITA;provincia;frosinone;2020;1.18
ISTATP_FECONDITA;provincia;frosinone;2021;1.14
ISTATP_FECONDITA;provincia;frosinone;2022;1.15
ISTATP_FECONDITA;provincia;frosinone;2023;1.13
ISTATP_FECONDITA;provincia;frosinone;2024;1.09
ISTATP_FECONDITA;provincia;frosinone;2025;1
ISTATP_FECONDITA;provincia;genova;2015;1.3
ISTATP_FECONDITA;provincia;genova;2016;1.3
ISTATP_FECONDITA;provincia;genova;2017;1.29
ISTATP_FECONDITA;provincia;genova;2018;1.24
ISTATP_FECONDITA;provincia;genova;2019;1.22
ISTATP_FECONDITA;provincia;genova;2020;1.22
ISTATP_FECONDITA;provincia;genova;2021;1.21
ISTATP_FECONDITA;provincia;genova;2022;1.2
ISTATP_FECONDITA;provincia;genova;2023;1.18
ISTATP_FECONDITA;provincia;genova;2024;1.18
ISTATP_FECONDITA;provincia;genova;2025;1.15
ISTATP_FECONDITA;provincia;gorizia;2015;1.49
ISTATP_FECONDITA;provincia;gorizia;2016;1.43
ISTATP_FECONDITA;provincia;gorizia;2017;1.46
ISTATP_FECONDITA;provincia;gorizia;2018;1.4
ISTATP_FECONDITA;provincia;gorizia;2019;1.32
ISTATP_FECONDITA;provincia;gorizia;2020;1.39
ISTATP_FECONDITA;provincia;gorizia;2021;1.27
ISTATP_FECONDITA;provincia;gorizia;2022;1.45
ISTATP_FECONDITA;provincia;gorizia;2023;1.42
ISTATP_FECONDITA;provincia;gorizia;2024;1.27
ISTATP_FECONDITA;provincia;gorizia;2025;1.36
ISTATP_FECONDITA;provincia;grosseto;2015;1.27
ISTATP_FECONDITA;provincia;grosseto;2016;1.26
ISTATP_FECONDITA;provincia;grosseto;2017;1.21
ISTATP_FECONDITA;provincia;grosseto;2018;1.26
ISTATP_FECONDITA;provincia;grosseto;2019;1.12
ISTATP_FECONDITA;provincia;grosseto;2020;1.17
ISTATP_FECONDITA;provincia;grosseto;2021;1.16
ISTATP_FECONDITA;provincia;grosseto;2022;1.16
ISTATP_FECONDITA;provincia;grosseto;2023;1.1
ISTATP_FECONDITA;provincia;grosseto;2024;1.12
ISTATP_FECONDITA;provincia;grosseto;2025;1.03
ISTATP_FECONDITA;provincia;imperia;2015;1.35
ISTATP_FECONDITA;provincia;imperia;2016;1.31
ISTATP_FECONDITA;provincia;imperia;2017;1.31
ISTATP_FECONDITA;provincia;imperia;2018;1.25
ISTATP_FECONDITA;provincia;imperia;2019;1.2
ISTATP_FECONDITA;provincia;imperia;2020;1.3
ISTATP_FECONDITA;provincia;imperia;2021;1.25
ISTATP_FECONDITA;provincia;imperia;2022;1.25
ISTATP_FECONDITA;provincia;imperia;2023;1.16
ISTATP_FECONDITA;provincia;imperia;2024;1.21
ISTATP_FECONDITA;provincia;imperia;2025;1.05
ISTATP_FECONDITA;provincia;isernia;2015;1.25
ISTATP_FECONDITA;provincia;isernia;2016;1.17
ISTATP_FECONDITA;provincia;isernia;2017;1.21
ISTATP_FECONDITA;provincia;isernia;2018;1.18
ISTATP_FECONDITA;provincia;isernia;2019;1.24
ISTATP_FECONDITA;provincia;isernia;2020;1.02
ISTATP_FECONDITA;provincia;isernia;2021;1.09
ISTATP_FECONDITA;provincia;isernia;2022;1.18
ISTATP_FECONDITA;provincia;isernia;2023;1.08
ISTATP_FECONDITA;provincia;isernia;2024;1.03
ISTATP_FECONDITA;provincia;isernia;2025;1.02
ISTATP_FECONDITA;provincia;l-aquila;2015;1.31
ISTATP_FECONDITA;provincia;l-aquila;2016;1.27
ISTATP_FECONDITA;provincia;l-aquila;2017;1.24
ISTATP_FECONDITA;provincia;l-aquila;2018;1.22
ISTATP_FECONDITA;provincia;l-aquila;2019;1.13
ISTATP_FECONDITA;provincia;l-aquila;2020;1.16
ISTATP_FECONDITA;provincia;l-aquila;2021;1.11
ISTATP_FECONDITA;provincia;l-aquila;2022;1.16
ISTATP_FECONDITA;provincia;l-aquila;2023;1.12
ISTATP_FECONDITA;provincia;l-aquila;2024;1.15
ISTATP_FECONDITA;provincia;l-aquila;2025;1.06
ISTATP_FECONDITA;provincia;la-spezia;2015;1.27
ISTATP_FECONDITA;provincia;la-spezia;2016;1.37
ISTATP_FECONDITA;provincia;la-spezia;2017;1.32
ISTATP_FECONDITA;provincia;la-spezia;2018;1.26
ISTATP_FECONDITA;provincia;la-spezia;2019;1.26
ISTATP_FECONDITA;provincia;la-spezia;2020;1.24
ISTATP_FECONDITA;provincia;la-spezia;2021;1.21
ISTATP_FECONDITA;provincia;la-spezia;2022;1.17
ISTATP_FECONDITA;provincia;la-spezia;2023;1.19
ISTATP_FECONDITA;provincia;la-spezia;2024;1.19
ISTATP_FECONDITA;provincia;la-spezia;2025;1.04
ISTATP_FECONDITA;provincia;latina;2015;1.39
ISTATP_FECONDITA;provincia;latina;2016;1.39
ISTATP_FECONDITA;provincia;latina;2017;1.4
ISTATP_FECONDITA;provincia;latina;2018;1.36
ISTATP_FECONDITA;provincia;latina;2019;1.29
ISTATP_FECONDITA;provincia;latina;2020;1.24
ISTATP_FECONDITA;provincia;latina;2021;1.28
ISTATP_FECONDITA;provincia;latina;2022;1.22
ISTATP_FECONDITA;provincia;latina;2023;1.21
ISTATP_FECONDITA;provincia;latina;2024;1.13
ISTATP_FECONDITA;provincia;latina;2025;1.11
ISTATP_FECONDITA;provincia;lecce;2015;1.16
ISTATP_FECONDITA;provincia;lecce;2016;1.17
ISTATP_FECONDITA;provincia;lecce;2017;1.16
ISTATP_FECONDITA;provincia;lecce;2018;1.17
ISTATP_FECONDITA;provincia;lecce;2019;1.14
ISTATP_FECONDITA;provincia;lecce;2020;1.12
ISTATP_FECONDITA;provincia;lecce;2021;1.15
ISTATP_FECONDITA;provincia;lecce;2022;1.18
ISTATP_FECONDITA;provincia;lecce;2023;1.13
ISTATP_FECONDITA;provincia;lecce;2024;1.13
ISTATP_FECONDITA;provincia;lecce;2025;1.09
ISTATP_FECONDITA;provincia;lecco;2015;1.5
ISTATP_FECONDITA;provincia;lecco;2016;1.41
ISTATP_FECONDITA;provincia;lecco;2017;1.47
ISTATP_FECONDITA;provincia;lecco;2018;1.37
ISTATP_FECONDITA;provincia;lecco;2019;1.34
ISTATP_FECONDITA;provincia;lecco;2020;1.27
ISTATP_FECONDITA;provincia;lecco;2021;1.23
ISTATP_FECONDITA;provincia;lecco;2022;1.26
ISTATP_FECONDITA;provincia;lecco;2023;1.21
ISTATP_FECONDITA;provincia;lecco;2024;1.23
ISTATP_FECONDITA;provincia;lecco;2025;1.17
ISTATP_FECONDITA;provincia;livorno;2015;1.33
ISTATP_FECONDITA;provincia;livorno;2016;1.28
ISTATP_FECONDITA;provincia;livorno;2017;1.29
ISTATP_FECONDITA;provincia;livorno;2018;1.3
ISTATP_FECONDITA;provincia;livorno;2019;1.21
ISTATP_FECONDITA;provincia;livorno;2020;1.15
ISTATP_FECONDITA;provincia;livorno;2021;1.2
ISTATP_FECONDITA;provincia;livorno;2022;1.18
ISTATP_FECONDITA;provincia;livorno;2023;1.13
ISTATP_FECONDITA;provincia;livorno;2024;1.13
ISTATP_FECONDITA;provincia;livorno;2025;1.05
ISTATP_FECONDITA;provincia;lodi;2015;1.46
ISTATP_FECONDITA;provincia;lodi;2016;1.47
ISTATP_FECONDITA;provincia;lodi;2017;1.45
ISTATP_FECONDITA;provincia;lodi;2018;1.4
ISTATP_FECONDITA;provincia;lodi;2019;1.34
ISTATP_FECONDITA;provincia;lodi;2020;1.28
ISTATP_FECONDITA;provincia;lodi;2021;1.34
ISTATP_FECONDITA;provincia;lodi;2022;1.31
ISTATP_FECONDITA;provincia;lodi;2023;1.24
ISTATP_FECONDITA;provincia;lodi;2024;1.28
ISTATP_FECONDITA;provincia;lodi;2025;1.12
ISTATP_FECONDITA;provincia;lucca;2015;1.26
ISTATP_FECONDITA;provincia;lucca;2016;1.28
ISTATP_FECONDITA;provincia;lucca;2017;1.26
ISTATP_FECONDITA;provincia;lucca;2018;1.23
ISTATP_FECONDITA;provincia;lucca;2019;1.22
ISTATP_FECONDITA;provincia;lucca;2020;1.12
ISTATP_FECONDITA;provincia;lucca;2021;1.18
ISTATP_FECONDITA;provincia;lucca;2022;1.09
ISTATP_FECONDITA;provincia;lucca;2023;1.08
ISTATP_FECONDITA;provincia;lucca;2024;1.08
ISTATP_FECONDITA;provincia;lucca;2025;1.04
ISTATP_FECONDITA;provincia;macerata;2015;1.37
ISTATP_FECONDITA;provincia;macerata;2016;1.36
ISTATP_FECONDITA;provincia;macerata;2017;1.31
ISTATP_FECONDITA;provincia;macerata;2018;1.27
ISTATP_FECONDITA;provincia;macerata;2019;1.25
ISTATP_FECONDITA;provincia;macerata;2020;1.24
ISTATP_FECONDITA;provincia;macerata;2021;1.24
ISTATP_FECONDITA;provincia;macerata;2022;1.17
ISTATP_FECONDITA;provincia;macerata;2023;1.2
ISTATP_FECONDITA;provincia;macerata;2024;1.16
ISTATP_FECONDITA;provincia;macerata;2025;1.14
ISTATP_FECONDITA;provincia;mantova;2015;1.43
ISTATP_FECONDITA;provincia;mantova;2016;1.42
ISTATP_FECONDITA;provincia;mantova;2017;1.37
ISTATP_FECONDITA;provincia;mantova;2018;1.38
ISTATP_FECONDITA;provincia;mantova;2019;1.37
ISTATP_FECONDITA;provincia;mantova;2020;1.32
ISTATP_FECONDITA;provincia;mantova;2021;1.29
ISTATP_FECONDITA;provincia;mantova;2022;1.27
ISTATP_FECONDITA;provincia;mantova;2023;1.26
ISTATP_FECONDITA;provincia;mantova;2024;1.22
ISTATP_FECONDITA;provincia;mantova;2025;1.18
ISTATP_FECONDITA;provincia;massa-carrara;2015;1.16
ISTATP_FECONDITA;provincia;massa-carrara;2016;1.16
ISTATP_FECONDITA;provincia;massa-carrara;2017;1.23
ISTATP_FECONDITA;provincia;massa-carrara;2018;1.14
ISTATP_FECONDITA;provincia;massa-carrara;2019;1.02
ISTATP_FECONDITA;provincia;massa-carrara;2020;1.03
ISTATP_FECONDITA;provincia;massa-carrara;2021;1.09
ISTATP_FECONDITA;provincia;massa-carrara;2022;1.1
ISTATP_FECONDITA;provincia;massa-carrara;2023;1.03
ISTATP_FECONDITA;provincia;massa-carrara;2024;1.08
ISTATP_FECONDITA;provincia;massa-carrara;2025;1.02
ISTATP_FECONDITA;provincia;matera;2015;1.18
ISTATP_FECONDITA;provincia;matera;2016;1.24
ISTATP_FECONDITA;provincia;matera;2017;1.2
ISTATP_FECONDITA;provincia;matera;2018;1.2
ISTATP_FECONDITA;provincia;matera;2019;1.18
ISTATP_FECONDITA;provincia;matera;2020;1.14
ISTATP_FECONDITA;provincia;matera;2021;1.18
ISTATP_FECONDITA;provincia;matera;2022;1.09
ISTATP_FECONDITA;provincia;matera;2023;1.1
ISTATP_FECONDITA;provincia;matera;2024;1.14
ISTATP_FECONDITA;provincia;matera;2025;1.15
ISTATP_FECONDITA;provincia;messina;2015;1.23
ISTATP_FECONDITA;provincia;messina;2016;1.2
ISTATP_FECONDITA;provincia;messina;2017;1.26
ISTATP_FECONDITA;provincia;messina;2018;1.24
ISTATP_FECONDITA;provincia;messina;2019;1.19
ISTATP_FECONDITA;provincia;messina;2020;1.19
ISTATP_FECONDITA;provincia;messina;2021;1.22
ISTATP_FECONDITA;provincia;messina;2022;1.18
ISTATP_FECONDITA;provincia;messina;2023;1.16
ISTATP_FECONDITA;provincia;messina;2024;1.1
ISTATP_FECONDITA;provincia;messina;2025;1.07
ISTATP_FECONDITA;provincia;milano;2015;1.44
ISTATP_FECONDITA;provincia;milano;2016;1.44
ISTATP_FECONDITA;provincia;milano;2017;1.4
ISTATP_FECONDITA;provincia;milano;2018;1.34
ISTATP_FECONDITA;provincia;milano;2019;1.29
ISTATP_FECONDITA;provincia;milano;2020;1.24
ISTATP_FECONDITA;provincia;milano;2021;1.24
ISTATP_FECONDITA;provincia;milano;2022;1.22
ISTATP_FECONDITA;provincia;milano;2023;1.17
ISTATP_FECONDITA;provincia;milano;2024;1.13
ISTATP_FECONDITA;provincia;milano;2025;1.13
ISTATP_FECONDITA;provincia;modena;2015;1.48
ISTATP_FECONDITA;provincia;modena;2016;1.49
ISTATP_FECONDITA;provincia;modena;2017;1.44
ISTATP_FECONDITA;provincia;modena;2018;1.43
ISTATP_FECONDITA;provincia;modena;2019;1.33
ISTATP_FECONDITA;provincia;modena;2020;1.31
ISTATP_FECONDITA;provincia;modena;2021;1.36
ISTATP_FECONDITA;provincia;modena;2022;1.36
ISTATP_FECONDITA;provincia;modena;2023;1.26
ISTATP_FECONDITA;provincia;modena;2024;1.27
ISTATP_FECONDITA;provincia;modena;2025;1.24
ISTATP_FECONDITA;provincia;monza-e-della-brianza;2015;1.47
ISTATP_FECONDITA;provincia;monza-e-della-brianza;2016;1.43
ISTATP_FECONDITA;provincia;monza-e-della-brianza;2017;1.42
ISTATP_FECONDITA;provincia;monza-e-della-brianza;2018;1.38
ISTATP_FECONDITA;provincia;monza-e-della-brianza;2019;1.35
ISTATP_FECONDITA;provincia;monza-e-della-brianza;2020;1.3
ISTATP_FECONDITA;provincia;monza-e-della-brianza;2021;1.31
ISTATP_FECONDITA;provincia;monza-e-della-brianza;2022;1.29
ISTATP_FECONDITA;provincia;monza-e-della-brianza;2023;1.23
ISTATP_FECONDITA;provincia;monza-e-della-brianza;2024;1.19
ISTATP_FECONDITA;provincia;monza-e-della-brianza;2025;1.15
ISTATP_FECONDITA;provincia;napoli;2015;1.41
ISTATP_FECONDITA;provincia;napoli;2016;1.41
ISTATP_FECONDITA;provincia;napoli;2017;1.42
ISTATP_FECONDITA;provincia;napoli;2018;1.38
ISTATP_FECONDITA;provincia;napoli;2019;1.37
ISTATP_FECONDITA;provincia;napoli;2020;1.35
ISTATP_FECONDITA;provincia;napoli;2021;1.33
ISTATP_FECONDITA;provincia;napoli;2022;1.37
ISTATP_FECONDITA;provincia;napoli;2023;1.32
ISTATP_FECONDITA;provincia;napoli;2024;1.3
ISTATP_FECONDITA;provincia;napoli;2025;1.25
ISTATP_FECONDITA;provincia;novara;2015;1.38
ISTATP_FECONDITA;provincia;novara;2016;1.39
ISTATP_FECONDITA;provincia;novara;2017;1.38
ISTATP_FECONDITA;provincia;novara;2018;1.35
ISTATP_FECONDITA;provincia;novara;2019;1.32
ISTATP_FECONDITA;provincia;novara;2020;1.28
ISTATP_FECONDITA;provincia;novara;2021;1.27
ISTATP_FECONDITA;provincia;novara;2022;1.26
ISTATP_FECONDITA;provincia;novara;2023;1.2
ISTATP_FECONDITA;provincia;novara;2024;1.19
ISTATP_FECONDITA;provincia;novara;2025;1.16
ISTATP_FECONDITA;provincia;nuoro;2015;1.15
ISTATP_FECONDITA;provincia;nuoro;2016;1.13
ISTATP_FECONDITA;provincia;nuoro;2017;1.17
ISTATP_FECONDITA;provincia;nuoro;2018;1.13
ISTATP_FECONDITA;provincia;nuoro;2019;1.08
ISTATP_FECONDITA;provincia;nuoro;2020;1.03
ISTATP_FECONDITA;provincia;nuoro;2021;1.08
ISTATP_FECONDITA;provincia;nuoro;2022;1
ISTATP_FECONDITA;provincia;nuoro;2023;0.99
ISTATP_FECONDITA;provincia;nuoro;2024;0.98
ISTATP_FECONDITA;provincia;nuoro;2025;1
ISTATP_FECONDITA;provincia;oristano;2015;1.01
ISTATP_FECONDITA;provincia;oristano;2016;1.01
ISTATP_FECONDITA;provincia;oristano;2017;1.07
ISTATP_FECONDITA;provincia;oristano;2018;0.97
ISTATP_FECONDITA;provincia;oristano;2019;0.92
ISTATP_FECONDITA;provincia;oristano;2020;0.89
ISTATP_FECONDITA;provincia;oristano;2021;0.98
ISTATP_FECONDITA;provincia;oristano;2022;0.9
ISTATP_FECONDITA;provincia;oristano;2023;0.93
ISTATP_FECONDITA;provincia;oristano;2024;0.93
ISTATP_FECONDITA;provincia;oristano;2025;0.81
ISTATP_FECONDITA;provincia;padova;2015;1.36
ISTATP_FECONDITA;provincia;padova;2016;1.36
ISTATP_FECONDITA;provincia;padova;2017;1.31
ISTATP_FECONDITA;provincia;padova;2018;1.3
ISTATP_FECONDITA;provincia;padova;2019;1.25
ISTATP_FECONDITA;provincia;padova;2020;1.2
ISTATP_FECONDITA;provincia;padova;2021;1.26
ISTATP_FECONDITA;provincia;padova;2022;1.22
ISTATP_FECONDITA;provincia;padova;2023;1.15
ISTATP_FECONDITA;provincia;padova;2024;1.16
ISTATP_FECONDITA;provincia;padova;2025;1.08
ISTATP_FECONDITA;provincia;palermo;2015;1.45
ISTATP_FECONDITA;provincia;palermo;2016;1.4
ISTATP_FECONDITA;provincia;palermo;2017;1.42
ISTATP_FECONDITA;provincia;palermo;2018;1.43
ISTATP_FECONDITA;provincia;palermo;2019;1.41
ISTATP_FECONDITA;provincia;palermo;2020;1.4
ISTATP_FECONDITA;provincia;palermo;2021;1.4
ISTATP_FECONDITA;provincia;palermo;2022;1.42
ISTATP_FECONDITA;provincia;palermo;2023;1.38
ISTATP_FECONDITA;provincia;palermo;2024;1.31
ISTATP_FECONDITA;provincia;palermo;2025;1.27
ISTATP_FECONDITA;provincia;parma;2015;1.43
ISTATP_FECONDITA;provincia;parma;2016;1.42
ISTATP_FECONDITA;provincia;parma;2017;1.36
ISTATP_FECONDITA;provincia;parma;2018;1.34
ISTATP_FECONDITA;provincia;parma;2019;1.34
ISTATP_FECONDITA;provincia;parma;2020;1.3
ISTATP_FECONDITA;provincia;parma;2021;1.31
ISTATP_FECONDITA;provincia;parma;2022;1.29
ISTATP_FECONDITA;provincia;parma;2023;1.26
ISTATP_FECONDITA;provincia;parma;2024;1.21
ISTATP_FECONDITA;provincia;parma;2025;1.2
ISTATP_FECONDITA;provincia;pavia;2015;1.39
ISTATP_FECONDITA;provincia;pavia;2016;1.33
ISTATP_FECONDITA;provincia;pavia;2017;1.3
ISTATP_FECONDITA;provincia;pavia;2018;1.32
ISTATP_FECONDITA;provincia;pavia;2019;1.29
ISTATP_FECONDITA;provincia;pavia;2020;1.22
ISTATP_FECONDITA;provincia;pavia;2021;1.21
ISTATP_FECONDITA;provincia;pavia;2022;1.24
ISTATP_FECONDITA;provincia;pavia;2023;1.18
ISTATP_FECONDITA;provincia;pavia;2024;1.19
ISTATP_FECONDITA;provincia;pavia;2025;1.16
ISTATP_FECONDITA;provincia;perugia;2015;1.32
ISTATP_FECONDITA;provincia;perugia;2016;1.3
ISTATP_FECONDITA;provincia;perugia;2017;1.29
ISTATP_FECONDITA;provincia;perugia;2018;1.24
ISTATP_FECONDITA;provincia;perugia;2019;1.22
ISTATP_FECONDITA;provincia;perugia;2020;1.16
ISTATP_FECONDITA;provincia;perugia;2021;1.19
ISTATP_FECONDITA;provincia;perugia;2022;1.14
ISTATP_FECONDITA;provincia;perugia;2023;1.12
ISTATP_FECONDITA;provincia;perugia;2024;1.11
ISTATP_FECONDITA;provincia;perugia;2025;1.06
ISTATP_FECONDITA;provincia;pesaro-e-urbino;2015;1.35
ISTATP_FECONDITA;provincia;pesaro-e-urbino;2016;1.34
ISTATP_FECONDITA;provincia;pesaro-e-urbino;2017;1.28
ISTATP_FECONDITA;provincia;pesaro-e-urbino;2018;1.23
ISTATP_FECONDITA;provincia;pesaro-e-urbino;2019;1.19
ISTATP_FECONDITA;provincia;pesaro-e-urbino;2020;1.16
ISTATP_FECONDITA;provincia;pesaro-e-urbino;2021;1.21
ISTATP_FECONDITA;provincia;pesaro-e-urbino;2022;1.19
ISTATP_FECONDITA;provincia;pesaro-e-urbino;2023;1.15
ISTATP_FECONDITA;provincia;pesaro-e-urbino;2024;1.08
ISTATP_FECONDITA;provincia;pesaro-e-urbino;2025;1.08
ISTATP_FECONDITA;provincia;pescara;2015;1.33
ISTATP_FECONDITA;provincia;pescara;2016;1.35
ISTATP_FECONDITA;provincia;pescara;2017;1.27
ISTATP_FECONDITA;provincia;pescara;2018;1.22
ISTATP_FECONDITA;provincia;pescara;2019;1.23
ISTATP_FECONDITA;provincia;pescara;2020;1.24
ISTATP_FECONDITA;provincia;pescara;2021;1.29
ISTATP_FECONDITA;provincia;pescara;2022;1.23
ISTATP_FECONDITA;provincia;pescara;2023;1.11
ISTATP_FECONDITA;provincia;pescara;2024;1.12
ISTATP_FECONDITA;provincia;pescara;2025;1.08
ISTATP_FECONDITA;provincia;piacenza;2015;1.46
ISTATP_FECONDITA;provincia;piacenza;2016;1.43
ISTATP_FECONDITA;provincia;piacenza;2017;1.37
ISTATP_FECONDITA;provincia;piacenza;2018;1.43
ISTATP_FECONDITA;provincia;piacenza;2019;1.4
ISTATP_FECONDITA;provincia;piacenza;2020;1.29
ISTATP_FECONDITA;provincia;piacenza;2021;1.24
ISTATP_FECONDITA;provincia;piacenza;2022;1.34
ISTATP_FECONDITA;provincia;piacenza;2023;1.35
ISTATP_FECONDITA;provincia;piacenza;2024;1.28
ISTATP_FECONDITA;provincia;piacenza;2025;1.26
ISTATP_FECONDITA;provincia;pisa;2015;1.37
ISTATP_FECONDITA;provincia;pisa;2016;1.36
ISTATP_FECONDITA;provincia;pisa;2017;1.32
ISTATP_FECONDITA;provincia;pisa;2018;1.25
ISTATP_FECONDITA;provincia;pisa;2019;1.24
ISTATP_FECONDITA;provincia;pisa;2020;1.22
ISTATP_FECONDITA;provincia;pisa;2021;1.23
ISTATP_FECONDITA;provincia;pisa;2022;1.17
ISTATP_FECONDITA;provincia;pisa;2023;1.2
ISTATP_FECONDITA;provincia;pisa;2024;1.16
ISTATP_FECONDITA;provincia;pisa;2025;1.13
ISTATP_FECONDITA;provincia;pistoia;2015;1.34
ISTATP_FECONDITA;provincia;pistoia;2016;1.27
ISTATP_FECONDITA;provincia;pistoia;2017;1.3
ISTATP_FECONDITA;provincia;pistoia;2018;1.32
ISTATP_FECONDITA;provincia;pistoia;2019;1.19
ISTATP_FECONDITA;provincia;pistoia;2020;1.15
ISTATP_FECONDITA;provincia;pistoia;2021;1.19
ISTATP_FECONDITA;provincia;pistoia;2022;1.16
ISTATP_FECONDITA;provincia;pistoia;2023;1.14
ISTATP_FECONDITA;provincia;pistoia;2024;1.09
ISTATP_FECONDITA;provincia;pistoia;2025;1.09
ISTATP_FECONDITA;provincia;pordenone;2015;1.39
ISTATP_FECONDITA;provincia;pordenone;2016;1.42
ISTATP_FECONDITA;provincia;pordenone;2017;1.38
ISTATP_FECONDITA;provincia;pordenone;2018;1.36
ISTATP_FECONDITA;provincia;pordenone;2019;1.36
ISTATP_FECONDITA;provincia;pordenone;2020;1.31
ISTATP_FECONDITA;provincia;pordenone;2021;1.35
ISTATP_FECONDITA;provincia;pordenone;2022;1.31
ISTATP_FECONDITA;provincia;pordenone;2023;1.28
ISTATP_FECONDITA;provincia;pordenone;2024;1.21
ISTATP_FECONDITA;provincia;pordenone;2025;1.18
ISTATP_FECONDITA;provincia;potenza;2015;1.18
ISTATP_FECONDITA;provincia;potenza;2016;1.14
ISTATP_FECONDITA;provincia;potenza;2017;1.2
ISTATP_FECONDITA;provincia;potenza;2018;1.11
ISTATP_FECONDITA;provincia;potenza;2019;1.14
ISTATP_FECONDITA;provincia;potenza;2020;1.13
ISTATP_FECONDITA;provincia;potenza;2021;1.07
ISTATP_FECONDITA;provincia;potenza;2022;1.1
ISTATP_FECONDITA;provincia;potenza;2023;1.08
ISTATP_FECONDITA;provincia;potenza;2024;1.07
ISTATP_FECONDITA;provincia;potenza;2025;1.04
ISTATP_FECONDITA;provincia;prato;2015;1.42
ISTATP_FECONDITA;provincia;prato;2016;1.44
ISTATP_FECONDITA;provincia;prato;2017;1.45
ISTATP_FECONDITA;provincia;prato;2018;1.27
ISTATP_FECONDITA;provincia;prato;2019;1.22
ISTATP_FECONDITA;provincia;prato;2020;1.16
ISTATP_FECONDITA;provincia;prato;2021;1.1
ISTATP_FECONDITA;provincia;prato;2022;1.06
ISTATP_FECONDITA;provincia;prato;2023;1.08
ISTATP_FECONDITA;provincia;prato;2024;1.02
ISTATP_FECONDITA;provincia;prato;2025;1.01
ISTATP_FECONDITA;provincia;ragusa;2015;1.38
ISTATP_FECONDITA;provincia;ragusa;2016;1.39
ISTATP_FECONDITA;provincia;ragusa;2017;1.46
ISTATP_FECONDITA;provincia;ragusa;2018;1.4
ISTATP_FECONDITA;provincia;ragusa;2019;1.37
ISTATP_FECONDITA;provincia;ragusa;2020;1.38
ISTATP_FECONDITA;provincia;ragusa;2021;1.45
ISTATP_FECONDITA;provincia;ragusa;2022;1.43
ISTATP_FECONDITA;provincia;ragusa;2023;1.37
ISTATP_FECONDITA;provincia;ragusa;2024;1.35
ISTATP_FECONDITA;provincia;ragusa;2025;1.27
ISTATP_FECONDITA;provincia;ravenna;2015;1.41
ISTATP_FECONDITA;provincia;ravenna;2016;1.39
ISTATP_FECONDITA;provincia;ravenna;2017;1.37
ISTATP_FECONDITA;provincia;ravenna;2018;1.36
ISTATP_FECONDITA;provincia;ravenna;2019;1.3
ISTATP_FECONDITA;provincia;ravenna;2020;1.28
ISTATP_FECONDITA;provincia;ravenna;2021;1.3
ISTATP_FECONDITA;provincia;ravenna;2022;1.23
ISTATP_FECONDITA;provincia;ravenna;2023;1.21
ISTATP_FECONDITA;provincia;ravenna;2024;1.17
ISTATP_FECONDITA;provincia;ravenna;2025;1.07
ISTATP_FECONDITA;provincia;reggio-calabria;2015;1.36
ISTATP_FECONDITA;provincia;reggio-calabria;2016;1.3
ISTATP_FECONDITA;provincia;reggio-calabria;2017;1.35
ISTATP_FECONDITA;provincia;reggio-calabria;2018;1.34
ISTATP_FECONDITA;provincia;reggio-calabria;2019;1.31
ISTATP_FECONDITA;provincia;reggio-calabria;2020;1.3
ISTATP_FECONDITA;provincia;reggio-calabria;2021;1.24
ISTATP_FECONDITA;provincia;reggio-calabria;2022;1.31
ISTATP_FECONDITA;provincia;reggio-calabria;2023;1.37
ISTATP_FECONDITA;provincia;reggio-calabria;2024;1.34
ISTATP_FECONDITA;provincia;reggio-calabria;2025;1.28
ISTATP_FECONDITA;provincia;reggio-emilia;2015;1.55
ISTATP_FECONDITA;provincia;reggio-emilia;2016;1.49
ISTATP_FECONDITA;provincia;reggio-emilia;2017;1.44
ISTATP_FECONDITA;provincia;reggio-emilia;2018;1.35
ISTATP_FECONDITA;provincia;reggio-emilia;2019;1.37
ISTATP_FECONDITA;provincia;reggio-emilia;2020;1.34
ISTATP_FECONDITA;provincia;reggio-emilia;2021;1.34
ISTATP_FECONDITA;provincia;reggio-emilia;2022;1.3
ISTATP_FECONDITA;provincia;reggio-emilia;2023;1.27
ISTATP_FECONDITA;provincia;reggio-emilia;2024;1.24
ISTATP_FECONDITA;provincia;reggio-emilia;2025;1.21
ISTATP_FECONDITA;provincia;rieti;2015;1.25
ISTATP_FECONDITA;provincia;rieti;2016;1.16
ISTATP_FECONDITA;provincia;rieti;2017;1.17
ISTATP_FECONDITA;provincia;rieti;2018;1.1
ISTATP_FECONDITA;provincia;rieti;2019;1.16
ISTATP_FECONDITA;provincia;rieti;2020;1.15
ISTATP_FECONDITA;provincia;rieti;2021;1.13
ISTATP_FECONDITA;provincia;rieti;2022;1.12
ISTATP_FECONDITA;provincia;rieti;2023;1.1
ISTATP_FECONDITA;provincia;rieti;2024;1.11
ISTATP_FECONDITA;provincia;rieti;2025;1.07
ISTATP_FECONDITA;provincia;rimini;2015;1.42
ISTATP_FECONDITA;provincia;rimini;2016;1.33
ISTATP_FECONDITA;provincia;rimini;2017;1.3
ISTATP_FECONDITA;provincia;rimini;2018;1.24
ISTATP_FECONDITA;provincia;rimini;2019;1.21
ISTATP_FECONDITA;provincia;rimini;2020;1.19
ISTATP_FECONDITA;provincia;rimini;2021;1.13
ISTATP_FECONDITA;provincia;rimini;2022;1.16
ISTATP_FECONDITA;provincia;rimini;2023;1.12
ISTATP_FECONDITA;provincia;rimini;2024;1.08
ISTATP_FECONDITA;provincia;rimini;2025;0.99
ISTATP_FECONDITA;provincia;roma;2015;1.38
ISTATP_FECONDITA;provincia;roma;2016;1.38
ISTATP_FECONDITA;provincia;roma;2017;1.31
ISTATP_FECONDITA;provincia;roma;2018;1.25
ISTATP_FECONDITA;provincia;roma;2019;1.17
ISTATP_FECONDITA;provincia;roma;2020;1.17
ISTATP_FECONDITA;provincia;roma;2021;1.18
ISTATP_FECONDITA;provincia;roma;2022;1.15
ISTATP_FECONDITA;provincia;roma;2023;1.1
ISTATP_FECONDITA;provincia;roma;2024;1.1
ISTATP_FECONDITA;provincia;roma;2025;1.05
ISTATP_FECONDITA;provincia;rovigo;2015;1.2
ISTATP_FECONDITA;provincia;rovigo;2016;1.15
ISTATP_FECONDITA;provincia;rovigo;2017;1.21
ISTATP_FECONDITA;provincia;rovigo;2018;1.13
ISTATP_FECONDITA;provincia;rovigo;2019;1.05
ISTATP_FECONDITA;provincia;rovigo;2020;1.05
ISTATP_FECONDITA;provincia;rovigo;2021;1.06
ISTATP_FECONDITA;provincia;rovigo;2022;1.09
ISTATP_FECONDITA;provincia;rovigo;2023;1.12
ISTATP_FECONDITA;provincia;rovigo;2024;1.06
ISTATP_FECONDITA;provincia;rovigo;2025;1.09
ISTATP_FECONDITA;provincia;salerno;2015;1.29
ISTATP_FECONDITA;provincia;salerno;2016;1.29
ISTATP_FECONDITA;provincia;salerno;2017;1.28
ISTATP_FECONDITA;provincia;salerno;2018;1.26
ISTATP_FECONDITA;provincia;salerno;2019;1.28
ISTATP_FECONDITA;provincia;salerno;2020;1.24
ISTATP_FECONDITA;provincia;salerno;2021;1.25
ISTATP_FECONDITA;provincia;salerno;2022;1.26
ISTATP_FECONDITA;provincia;salerno;2023;1.25
ISTATP_FECONDITA;provincia;salerno;2024;1.22
ISTATP_FECONDITA;provincia;salerno;2025;1.18
ISTATP_FECONDITA;provincia;sassari;2015;1.15
ISTATP_FECONDITA;provincia;sassari;2016;1.14
ISTATP_FECONDITA;provincia;sassari;2017;1.15
ISTATP_FECONDITA;provincia;sassari;2018;1.09
ISTATP_FECONDITA;provincia;sassari;2019;1.06
ISTATP_FECONDITA;provincia;sassari;2020;0.99
ISTATP_FECONDITA;provincia;sassari;2021;1.03
ISTATP_FECONDITA;provincia;sassari;2022;1.01
ISTATP_FECONDITA;provincia;sassari;2023;0.96
ISTATP_FECONDITA;provincia;sassari;2024;0.94
ISTATP_FECONDITA;provincia;sassari;2025;0.89
ISTATP_FECONDITA;provincia;savona;2015;1.36
ISTATP_FECONDITA;provincia;savona;2016;1.3
ISTATP_FECONDITA;provincia;savona;2017;1.24
ISTATP_FECONDITA;provincia;savona;2018;1.23
ISTATP_FECONDITA;provincia;savona;2019;1.16
ISTATP_FECONDITA;provincia;savona;2020;1.18
ISTATP_FECONDITA;provincia;savona;2021;1.16
ISTATP_FECONDITA;provincia;savona;2022;1.18
ISTATP_FECONDITA;provincia;savona;2023;1.13
ISTATP_FECONDITA;provincia;savona;2024;1.09
ISTATP_FECONDITA;provincia;savona;2025;1.07
ISTATP_FECONDITA;provincia;siena;2015;1.33
ISTATP_FECONDITA;provincia;siena;2016;1.33
ISTATP_FECONDITA;provincia;siena;2017;1.28
ISTATP_FECONDITA;provincia;siena;2018;1.26
ISTATP_FECONDITA;provincia;siena;2019;1.25
ISTATP_FECONDITA;provincia;siena;2020;1.15
ISTATP_FECONDITA;provincia;siena;2021;1.25
ISTATP_FECONDITA;provincia;siena;2022;1.19
ISTATP_FECONDITA;provincia;siena;2023;1.16
ISTATP_FECONDITA;provincia;siena;2024;1.19
ISTATP_FECONDITA;provincia;siena;2025;1.12
ISTATP_FECONDITA;provincia;siracusa;2015;1.34
ISTATP_FECONDITA;provincia;siracusa;2016;1.35
ISTATP_FECONDITA;provincia;siracusa;2017;1.33
ISTATP_FECONDITA;provincia;siracusa;2018;1.35
ISTATP_FECONDITA;provincia;siracusa;2019;1.32
ISTATP_FECONDITA;provincia;siracusa;2020;1.31
ISTATP_FECONDITA;provincia;siracusa;2021;1.37
ISTATP_FECONDITA;provincia;siracusa;2022;1.32
ISTATP_FECONDITA;provincia;siracusa;2023;1.25
ISTATP_FECONDITA;provincia;siracusa;2024;1.18
ISTATP_FECONDITA;provincia;siracusa;2025;1.17
ISTATP_FECONDITA;provincia;sondrio;2015;1.45
ISTATP_FECONDITA;provincia;sondrio;2016;1.49
ISTATP_FECONDITA;provincia;sondrio;2017;1.45
ISTATP_FECONDITA;provincia;sondrio;2018;1.42
ISTATP_FECONDITA;provincia;sondrio;2019;1.42
ISTATP_FECONDITA;provincia;sondrio;2020;1.29
ISTATP_FECONDITA;provincia;sondrio;2021;1.36
ISTATP_FECONDITA;provincia;sondrio;2022;1.33
ISTATP_FECONDITA;provincia;sondrio;2023;1.26
ISTATP_FECONDITA;provincia;sondrio;2024;1.28
ISTATP_FECONDITA;provincia;sondrio;2025;1.17
ISTATP_FECONDITA;provincia;sud-sardegna;2015;1.04
ISTATP_FECONDITA;provincia;sud-sardegna;2016;1
ISTATP_FECONDITA;provincia;sud-sardegna;2017;0.97
ISTATP_FECONDITA;provincia;sud-sardegna;2018;1
ISTATP_FECONDITA;provincia;sud-sardegna;2019;0.92
ISTATP_FECONDITA;provincia;sud-sardegna;2020;0.97
ISTATP_FECONDITA;provincia;sud-sardegna;2021;0.97
ISTATP_FECONDITA;provincia;sud-sardegna;2022;0.9
ISTATP_FECONDITA;provincia;sud-sardegna;2023;0.87
ISTATP_FECONDITA;provincia;sud-sardegna;2024;0.89
ISTATP_FECONDITA;provincia;sud-sardegna;2025;0.85
ISTATP_FECONDITA;provincia;taranto;2015;1.25
ISTATP_FECONDITA;provincia;taranto;2016;1.26
ISTATP_FECONDITA;provincia;taranto;2017;1.25
ISTATP_FECONDITA;provincia;taranto;2018;1.18
ISTATP_FECONDITA;provincia;taranto;2019;1.18
ISTATP_FECONDITA;provincia;taranto;2020;1.15
ISTATP_FECONDITA;provincia;taranto;2021;1.17
ISTATP_FECONDITA;provincia;taranto;2022;1.16
ISTATP_FECONDITA;provincia;taranto;2023;1.16
ISTATP_FECONDITA;provincia;taranto;2024;1.12
ISTATP_FECONDITA;provincia;taranto;2025;1.08
ISTATP_FECONDITA;provincia;teramo;2015;1.27
ISTATP_FECONDITA;provincia;teramo;2016;1.3
ISTATP_FECONDITA;provincia;teramo;2017;1.28
ISTATP_FECONDITA;provincia;teramo;2018;1.18
ISTATP_FECONDITA;provincia;teramo;2019;1.17
ISTATP_FECONDITA;provincia;teramo;2020;1.15
ISTATP_FECONDITA;provincia;teramo;2021;1.19
ISTATP_FECONDITA;provincia;teramo;2022;1.19
ISTATP_FECONDITA;provincia;teramo;2023;1.19
ISTATP_FECONDITA;provincia;teramo;2024;1.11
ISTATP_FECONDITA;provincia;teramo;2025;1.08
ISTATP_FECONDITA;provincia;terni;2015;1.17
ISTATP_FECONDITA;provincia;terni;2016;1.2
ISTATP_FECONDITA;provincia;terni;2017;1.17
ISTATP_FECONDITA;provincia;terni;2018;1.18
ISTATP_FECONDITA;provincia;terni;2019;1.13
ISTATP_FECONDITA;provincia;terni;2020;1.14
ISTATP_FECONDITA;provincia;terni;2021;1.16
ISTATP_FECONDITA;provincia;terni;2022;1.1
ISTATP_FECONDITA;provincia;terni;2023;1.08
ISTATP_FECONDITA;provincia;terni;2024;1.12
ISTATP_FECONDITA;provincia;terni;2025;1.07
ISTATP_FECONDITA;provincia;torino;2015;1.37
ISTATP_FECONDITA;provincia;torino;2016;1.33
ISTATP_FECONDITA;provincia;torino;2017;1.34
ISTATP_FECONDITA;provincia;torino;2018;1.28
ISTATP_FECONDITA;provincia;torino;2019;1.25
ISTATP_FECONDITA;provincia;torino;2020;1.24
ISTATP_FECONDITA;provincia;torino;2021;1.23
ISTATP_FECONDITA;provincia;torino;2022;1.2
ISTATP_FECONDITA;provincia;torino;2023;1.14
ISTATP_FECONDITA;provincia;torino;2024;1.11
ISTATP_FECONDITA;provincia;torino;2025;1.06
ISTATP_FECONDITA;provincia;trapani;2015;1.31
ISTATP_FECONDITA;provincia;trapani;2016;1.33
ISTATP_FECONDITA;provincia;trapani;2017;1.32
ISTATP_FECONDITA;provincia;trapani;2018;1.35
ISTATP_FECONDITA;provincia;trapani;2019;1.32
ISTATP_FECONDITA;provincia;trapani;2020;1.33
ISTATP_FECONDITA;provincia;trapani;2021;1.34
ISTATP_FECONDITA;provincia;trapani;2022;1.35
ISTATP_FECONDITA;provincia;trapani;2023;1.35
ISTATP_FECONDITA;provincia;trapani;2024;1.26
ISTATP_FECONDITA;provincia;trapani;2025;1.27
ISTATP_FECONDITA;provincia;trento;2015;1.56
ISTATP_FECONDITA;provincia;trento;2016;1.52
ISTATP_FECONDITA;provincia;trento;2017;1.49
ISTATP_FECONDITA;provincia;trento;2018;1.45
ISTATP_FECONDITA;provincia;trento;2019;1.42
ISTATP_FECONDITA;provincia;trento;2020;1.36
ISTATP_FECONDITA;provincia;trento;2021;1.42
ISTATP_FECONDITA;provincia;trento;2022;1.36
ISTATP_FECONDITA;provincia;trento;2023;1.28
ISTATP_FECONDITA;provincia;trento;2024;1.27
ISTATP_FECONDITA;provincia;trento;2025;1.25
ISTATP_FECONDITA;provincia;treviso;2015;1.43
ISTATP_FECONDITA;provincia;treviso;2016;1.47
ISTATP_FECONDITA;provincia;treviso;2017;1.44
ISTATP_FECONDITA;provincia;treviso;2018;1.39
ISTATP_FECONDITA;provincia;treviso;2019;1.33
ISTATP_FECONDITA;provincia;treviso;2020;1.34
ISTATP_FECONDITA;provincia;treviso;2021;1.34
ISTATP_FECONDITA;provincia;treviso;2022;1.33
ISTATP_FECONDITA;provincia;treviso;2023;1.27
ISTATP_FECONDITA;provincia;treviso;2024;1.24
ISTATP_FECONDITA;provincia;treviso;2025;1.23
ISTATP_FECONDITA;provincia;trieste;2015;1.28
ISTATP_FECONDITA;provincia;trieste;2016;1.33
ISTATP_FECONDITA;provincia;trieste;2017;1.32
ISTATP_FECONDITA;provincia;trieste;2018;1.28
ISTATP_FECONDITA;provincia;trieste;2019;1.22
ISTATP_FECONDITA;provincia;trieste;2020;1.22
ISTATP_FECONDITA;provincia;trieste;2021;1.22
ISTATP_FECONDITA;provincia;trieste;2022;1.23
ISTATP_FECONDITA;provincia;trieste;2023;1.13
ISTATP_FECONDITA;provincia;trieste;2024;1.19
ISTATP_FECONDITA;provincia;trieste;2025;1.14
ISTATP_FECONDITA;provincia;udine;2015;1.27
ISTATP_FECONDITA;provincia;udine;2016;1.28
ISTATP_FECONDITA;provincia;udine;2017;1.24
ISTATP_FECONDITA;provincia;udine;2018;1.21
ISTATP_FECONDITA;provincia;udine;2019;1.18
ISTATP_FECONDITA;provincia;udine;2020;1.22
ISTATP_FECONDITA;provincia;udine;2021;1.19
ISTATP_FECONDITA;provincia;udine;2022;1.19
ISTATP_FECONDITA;provincia;udine;2023;1.14
ISTATP_FECONDITA;provincia;udine;2024;1.16
ISTATP_FECONDITA;provincia;udine;2025;1.08
ISTATP_FECONDITA;provincia;varese;2015;1.46
ISTATP_FECONDITA;provincia;varese;2016;1.4
ISTATP_FECONDITA;provincia;varese;2017;1.37
ISTATP_FECONDITA;provincia;varese;2018;1.36
ISTATP_FECONDITA;provincia;varese;2019;1.33
ISTATP_FECONDITA;provincia;varese;2020;1.25
ISTATP_FECONDITA;provincia;varese;2021;1.3
ISTATP_FECONDITA;provincia;varese;2022;1.25
ISTATP_FECONDITA;provincia;varese;2023;1.2
ISTATP_FECONDITA;provincia;varese;2024;1.19
ISTATP_FECONDITA;provincia;varese;2025;1.16
ISTATP_FECONDITA;provincia;venezia;2015;1.33
ISTATP_FECONDITA;provincia;venezia;2016;1.34
ISTATP_FECONDITA;provincia;venezia;2017;1.33
ISTATP_FECONDITA;provincia;venezia;2018;1.3
ISTATP_FECONDITA;provincia;venezia;2019;1.25
ISTATP_FECONDITA;provincia;venezia;2020;1.25
ISTATP_FECONDITA;provincia;venezia;2021;1.27
ISTATP_FECONDITA;provincia;venezia;2022;1.23
ISTATP_FECONDITA;provincia;venezia;2023;1.2
ISTATP_FECONDITA;provincia;venezia;2024;1.15
ISTATP_FECONDITA;provincia;venezia;2025;1.11
ISTATP_FECONDITA;provincia;verbano-cusio-ossola;2015;1.3
ISTATP_FECONDITA;provincia;verbano-cusio-ossola;2016;1.24
ISTATP_FECONDITA;provincia;verbano-cusio-ossola;2017;1.2
ISTATP_FECONDITA;provincia;verbano-cusio-ossola;2018;1.15
ISTATP_FECONDITA;provincia;verbano-cusio-ossola;2019;1.1
ISTATP_FECONDITA;provincia;verbano-cusio-ossola;2020;1.2
ISTATP_FECONDITA;provincia;verbano-cusio-ossola;2021;1.24
ISTATP_FECONDITA;provincia;verbano-cusio-ossola;2022;1.08
ISTATP_FECONDITA;provincia;verbano-cusio-ossola;2023;1.07
ISTATP_FECONDITA;provincia;verbano-cusio-ossola;2024;1.07
ISTATP_FECONDITA;provincia;verbano-cusio-ossola;2025;1.05
ISTATP_FECONDITA;provincia;vercelli;2015;1.3
ISTATP_FECONDITA;provincia;vercelli;2016;1.32
ISTATP_FECONDITA;provincia;vercelli;2017;1.3
ISTATP_FECONDITA;provincia;vercelli;2018;1.27
ISTATP_FECONDITA;provincia;vercelli;2019;1.26
ISTATP_FECONDITA;provincia;vercelli;2020;1.24
ISTATP_FECONDITA;provincia;vercelli;2021;1.25
ISTATP_FECONDITA;provincia;vercelli;2022;1.24
ISTATP_FECONDITA;provincia;vercelli;2023;1.19
ISTATP_FECONDITA;provincia;vercelli;2024;1.13
ISTATP_FECONDITA;provincia;vercelli;2025;1.18
ISTATP_FECONDITA;provincia;verona;2015;1.46
ISTATP_FECONDITA;provincia;verona;2016;1.45
ISTATP_FECONDITA;provincia;verona;2017;1.43
ISTATP_FECONDITA;provincia;verona;2018;1.41
ISTATP_FECONDITA;provincia;verona;2019;1.37
ISTATP_FECONDITA;provincia;verona;2020;1.32
ISTATP_FECONDITA;provincia;verona;2021;1.3
ISTATP_FECONDITA;provincia;verona;2022;1.27
ISTATP_FECONDITA;provincia;verona;2023;1.22
ISTATP_FECONDITA;provincia;verona;2024;1.21
ISTATP_FECONDITA;provincia;verona;2025;1.17
ISTATP_FECONDITA;provincia;vibo-valentia;2015;1.27
ISTATP_FECONDITA;provincia;vibo-valentia;2016;1.27
ISTATP_FECONDITA;provincia;vibo-valentia;2017;1.27
ISTATP_FECONDITA;provincia;vibo-valentia;2018;1.29
ISTATP_FECONDITA;provincia;vibo-valentia;2019;1.25
ISTATP_FECONDITA;provincia;vibo-valentia;2020;1.3
ISTATP_FECONDITA;provincia;vibo-valentia;2021;1.24
ISTATP_FECONDITA;provincia;vibo-valentia;2022;1.29
ISTATP_FECONDITA;provincia;vibo-valentia;2023;1.3
ISTATP_FECONDITA;provincia;vibo-valentia;2024;1.32
ISTATP_FECONDITA;provincia;vibo-valentia;2025;1.22
ISTATP_FECONDITA;provincia;vicenza;2015;1.44
ISTATP_FECONDITA;provincia;vicenza;2016;1.4
ISTATP_FECONDITA;provincia;vicenza;2017;1.38
ISTATP_FECONDITA;provincia;vicenza;2018;1.39
ISTATP_FECONDITA;provincia;vicenza;2019;1.33
ISTATP_FECONDITA;provincia;vicenza;2020;1.34
ISTATP_FECONDITA;provincia;vicenza;2021;1.38
ISTATP_FECONDITA;provincia;vicenza;2022;1.33
ISTATP_FECONDITA;provincia;vicenza;2023;1.27
ISTATP_FECONDITA;provincia;vicenza;2024;1.28
ISTATP_FECONDITA;provincia;vicenza;2025;1.23
ISTATP_FECONDITA;provincia;viterbo;2015;1.23
ISTATP_FECONDITA;provincia;viterbo;2016;1.23
ISTATP_FECONDITA;provincia;viterbo;2017;1.16
ISTATP_FECONDITA;provincia;viterbo;2018;1.2
ISTATP_FECONDITA;provincia;viterbo;2019;1.11
ISTATP_FECONDITA;provincia;viterbo;2020;1.09
ISTATP_FECONDITA;provincia;viterbo;2021;1.1
ISTATP_FECONDITA;provincia;viterbo;2022;1.1
ISTATP_FECONDITA;provincia;viterbo;2023;1.08
ISTATP_FECONDITA;provincia;viterbo;2024;1
ISTATP_FECONDITA;provincia;viterbo;2025;0.97
ISTATP_FECONDITA;regione;abruzzo;2015;1.29
ISTATP_FECONDITA;regione;abruzzo;2016;1.29
ISTATP_FECONDITA;regione;abruzzo;2017;1.25
ISTATP_FECONDITA;regione;abruzzo;2018;1.2
ISTATP_FECONDITA;regione;abruzzo;2019;1.17
ISTATP_FECONDITA;regione;abruzzo;2020;1.17
ISTATP_FECONDITA;regione;abruzzo;2021;1.2
ISTATP_FECONDITA;regione;abruzzo;2022;1.18
ISTATP_FECONDITA;regione;abruzzo;2023;1.14
ISTATP_FECONDITA;regione;abruzzo;2024;1.12
ISTATP_FECONDITA;regione;abruzzo;2025;1.07
ISTATP_FECONDITA;regione;basilicata;2015;1.18
ISTATP_FECONDITA;regione;basilicata;2016;1.18
ISTATP_FECONDITA;regione;basilicata;2017;1.2
ISTATP_FECONDITA;regione;basilicata;2018;1.14
ISTATP_FECONDITA;regione;basilicata;2019;1.15
ISTATP_FECONDITA;regione;basilicata;2020;1.14
ISTATP_FECONDITA;regione;basilicata;2021;1.11
ISTATP_FECONDITA;regione;basilicata;2022;1.1
ISTATP_FECONDITA;regione;basilicata;2023;1.09
ISTATP_FECONDITA;regione;basilicata;2024;1.09
ISTATP_FECONDITA;regione;basilicata;2025;1.08
ISTATP_FECONDITA;regione;calabria;2015;1.31
ISTATP_FECONDITA;regione;calabria;2016;1.31
ISTATP_FECONDITA;regione;calabria;2017;1.3
ISTATP_FECONDITA;regione;calabria;2018;1.29
ISTATP_FECONDITA;regione;calabria;2019;1.26
ISTATP_FECONDITA;regione;calabria;2020;1.26
ISTATP_FECONDITA;regione;calabria;2021;1.23
ISTATP_FECONDITA;regione;calabria;2022;1.28
ISTATP_FECONDITA;regione;calabria;2023;1.28
ISTATP_FECONDITA;regione;calabria;2024;1.25
ISTATP_FECONDITA;regione;calabria;2025;1.19
ISTATP_FECONDITA;regione;campania;2015;1.35
ISTATP_FECONDITA;regione;campania;2016;1.35
ISTATP_FECONDITA;regione;campania;2017;1.36
ISTATP_FECONDITA;regione;campania;2018;1.33
ISTATP_FECONDITA;regione;campania;2019;1.31
ISTATP_FECONDITA;regione;campania;2020;1.3
ISTATP_FECONDITA;regione;campania;2021;1.28
ISTATP_FECONDITA;regione;campania;2022;1.33
ISTATP_FECONDITA;regione;campania;2023;1.29
ISTATP_FECONDITA;regione;campania;2024;1.26
ISTATP_FECONDITA;regione;campania;2025;1.22
ISTATP_FECONDITA;regione;emilia-romagna;2015;1.43
ISTATP_FECONDITA;regione;emilia-romagna;2016;1.4
ISTATP_FECONDITA;regione;emilia-romagna;2017;1.36
ISTATP_FECONDITA;regione;emilia-romagna;2018;1.35
ISTATP_FECONDITA;regione;emilia-romagna;2019;1.3
ISTATP_FECONDITA;regione;emilia-romagna;2020;1.26
ISTATP_FECONDITA;regione;emilia-romagna;2021;1.27
ISTATP_FECONDITA;regione;emilia-romagna;2022;1.27
ISTATP_FECONDITA;regione;emilia-romagna;2023;1.22
ISTATP_FECONDITA;regione;emilia-romagna;2024;1.19
ISTATP_FECONDITA;regione;emilia-romagna;2025;1.14
ISTATP_FECONDITA;regione;friuli-venezia-giulia;2015;1.33
ISTATP_FECONDITA;regione;friuli-venezia-giulia;2016;1.34
ISTATP_FECONDITA;regione;friuli-venezia-giulia;2017;1.32
ISTATP_FECONDITA;regione;friuli-venezia-giulia;2018;1.28
ISTATP_FECONDITA;regione;friuli-venezia-giulia;2019;1.25
ISTATP_FECONDITA;regione;friuli-venezia-giulia;2020;1.26
ISTATP_FECONDITA;regione;friuli-venezia-giulia;2021;1.25
ISTATP_FECONDITA;regione;friuli-venezia-giulia;2022;1.26
ISTATP_FECONDITA;regione;friuli-venezia-giulia;2023;1.21
ISTATP_FECONDITA;regione;friuli-venezia-giulia;2024;1.19
ISTATP_FECONDITA;regione;friuli-venezia-giulia;2025;1.15
ISTATP_FECONDITA;regione;lazio;2015;1.36
ISTATP_FECONDITA;regione;lazio;2016;1.36
ISTATP_FECONDITA;regione;lazio;2017;1.3
ISTATP_FECONDITA;regione;lazio;2018;1.25
ISTATP_FECONDITA;regione;lazio;2019;1.18
ISTATP_FECONDITA;regione;lazio;2020;1.18
ISTATP_FECONDITA;regione;lazio;2021;1.18
ISTATP_FECONDITA;regione;lazio;2022;1.16
ISTATP_FECONDITA;regione;lazio;2023;1.11
ISTATP_FECONDITA;regione;lazio;2024;1.1
ISTATP_FECONDITA;regione;lazio;2025;1.05
ISTATP_FECONDITA;regione;liguria;2015;1.32
ISTATP_FECONDITA;regione;liguria;2016;1.31
ISTATP_FECONDITA;regione;liguria;2017;1.29
ISTATP_FECONDITA;regione;liguria;2018;1.24
ISTATP_FECONDITA;regione;liguria;2019;1.21
ISTATP_FECONDITA;regione;liguria;2020;1.23
ISTATP_FECONDITA;regione;liguria;2021;1.21
ISTATP_FECONDITA;regione;liguria;2022;1.2
ISTATP_FECONDITA;regione;liguria;2023;1.17
ISTATP_FECONDITA;regione;liguria;2024;1.17
ISTATP_FECONDITA;regione;liguria;2025;1.11
ISTATP_FECONDITA;regione;lombardia;2015;1.45
ISTATP_FECONDITA;regione;lombardia;2016;1.43
ISTATP_FECONDITA;regione;lombardia;2017;1.4
ISTATP_FECONDITA;regione;lombardia;2018;1.36
ISTATP_FECONDITA;regione;lombardia;2019;1.33
ISTATP_FECONDITA;regione;lombardia;2020;1.27
ISTATP_FECONDITA;regione;lombardia;2021;1.27
ISTATP_FECONDITA;regione;lombardia;2022;1.25
ISTATP_FECONDITA;regione;lombardia;2023;1.21
ISTATP_FECONDITA;regione;lombardia;2024;1.19
ISTATP_FECONDITA;regione;lombardia;2025;1.16
ISTATP_FECONDITA;regione;marche;2015;1.34
ISTATP_FECONDITA;regione;marche;2016;1.32
ISTATP_FECONDITA;regione;marche;2017;1.26
ISTATP_FECONDITA;regione;marche;2018;1.23
ISTATP_FECONDITA;regione;marche;2019;1.19
ISTATP_FECONDITA;regione;marche;2020;1.19
ISTATP_FECONDITA;regione;marche;2021;1.2
ISTATP_FECONDITA;regione;marche;2022;1.16
ISTATP_FECONDITA;regione;marche;2023;1.17
ISTATP_FECONDITA;regione;marche;2024;1.11
ISTATP_FECONDITA;regione;marche;2025;1.11
ISTATP_FECONDITA;regione;molise;2015;1.18
ISTATP_FECONDITA;regione;molise;2016;1.16
ISTATP_FECONDITA;regione;molise;2017;1.2
ISTATP_FECONDITA;regione;molise;2018;1.11
ISTATP_FECONDITA;regione;molise;2019;1.15
ISTATP_FECONDITA;regione;molise;2020;1.06
ISTATP_FECONDITA;regione;molise;2021;1.08
ISTATP_FECONDITA;regione;molise;2022;1.1
ISTATP_FECONDITA;regione;molise;2023;1.1
ISTATP_FECONDITA;regione;molise;2024;1.05
ISTATP_FECONDITA;regione;molise;2025;1.02
ISTATP_FECONDITA;regione;piemonte;2015;1.37
ISTATP_FECONDITA;regione;piemonte;2016;1.36
ISTATP_FECONDITA;regione;piemonte;2017;1.35
ISTATP_FECONDITA;regione;piemonte;2018;1.3
ISTATP_FECONDITA;regione;piemonte;2019;1.27
ISTATP_FECONDITA;regione;piemonte;2020;1.25
ISTATP_FECONDITA;regione;piemonte;2021;1.24
ISTATP_FECONDITA;regione;piemonte;2022;1.22
ISTATP_FECONDITA;regione;piemonte;2023;1.17
ISTATP_FECONDITA;regione;piemonte;2024;1.14
ISTATP_FECONDITA;regione;piemonte;2025;1.1
ISTATP_FECONDITA;regione;puglia;2015;1.26
ISTATP_FECONDITA;regione;puglia;2016;1.27
ISTATP_FECONDITA;regione;puglia;2017;1.25
ISTATP_FECONDITA;regione;puglia;2018;1.23
ISTATP_FECONDITA;regione;puglia;2019;1.2
ISTATP_FECONDITA;regione;puglia;2020;1.18
ISTATP_FECONDITA;regione;puglia;2021;1.2
ISTATP_FECONDITA;regione;puglia;2022;1.22
ISTATP_FECONDITA;regione;puglia;2023;1.2
ISTATP_FECONDITA;regione;puglia;2024;1.16
ISTATP_FECONDITA;regione;puglia;2025;1.11
ISTATP_FECONDITA;regione;sardegna;2015;1.11
ISTATP_FECONDITA;regione;sardegna;2016;1.08
ISTATP_FECONDITA;regione;sardegna;2017;1.08
ISTATP_FECONDITA;regione;sardegna;2018;1.03
ISTATP_FECONDITA;regione;sardegna;2019;1
ISTATP_FECONDITA;regione;sardegna;2020;0.97
ISTATP_FECONDITA;regione;sardegna;2021;0.99
ISTATP_FECONDITA;regione;sardegna;2022;0.95
ISTATP_FECONDITA;regione;sardegna;2023;0.91
ISTATP_FECONDITA;regione;sardegna;2024;0.91
ISTATP_FECONDITA;regione;sardegna;2025;0.85
ISTATP_FECONDITA;regione;sicilia;2015;1.38
ISTATP_FECONDITA;regione;sicilia;2016;1.35
ISTATP_FECONDITA;regione;sicilia;2017;1.37
ISTATP_FECONDITA;regione;sicilia;2018;1.37
ISTATP_FECONDITA;regione;sicilia;2019;1.33
ISTATP_FECONDITA;regione;sicilia;2020;1.33
ISTATP_FECONDITA;regione;sicilia;2021;1.35
ISTATP_FECONDITA;regione;sicilia;2022;1.35
ISTATP_FECONDITA;regione;sicilia;2023;1.32
ISTATP_FECONDITA;regione;sicilia;2024;1.27
ISTATP_FECONDITA;regione;sicilia;2025;1.23
ISTATP_FECONDITA;regione;toscana;2015;1.31
ISTATP_FECONDITA;regione;toscana;2016;1.31
ISTATP_FECONDITA;regione;toscana;2017;1.29
ISTATP_FECONDITA;regione;toscana;2018;1.26
ISTATP_FECONDITA;regione;toscana;2019;1.21
ISTATP_FECONDITA;regione;toscana;2020;1.16
ISTATP_FECONDITA;regione;toscana;2021;1.2
ISTATP_FECONDITA;regione;toscana;2022;1.16
ISTATP_FECONDITA;regione;toscana;2023;1.12
ISTATP_FECONDITA;regione;toscana;2024;1.12
ISTATP_FECONDITA;regione;toscana;2025;1.08
ISTATP_FECONDITA;regione;trentino-alto-adige;2015;1.64
ISTATP_FECONDITA;regione;trentino-alto-adige;2016;1.64
ISTATP_FECONDITA;regione;trentino-alto-adige;2017;1.62
ISTATP_FECONDITA;regione;trentino-alto-adige;2018;1.59
ISTATP_FECONDITA;regione;trentino-alto-adige;2019;1.57
ISTATP_FECONDITA;regione;trentino-alto-adige;2020;1.54
ISTATP_FECONDITA;regione;trentino-alto-adige;2021;1.57
ISTATP_FECONDITA;regione;trentino-alto-adige;2022;1.51
ISTATP_FECONDITA;regione;trentino-alto-adige;2023;1.43
ISTATP_FECONDITA;regione;trentino-alto-adige;2024;1.39
ISTATP_FECONDITA;regione;trentino-alto-adige;2025;1.4
ISTATP_FECONDITA;regione;umbria;2015;1.29
ISTATP_FECONDITA;regione;umbria;2016;1.28
ISTATP_FECONDITA;regione;umbria;2017;1.26
ISTATP_FECONDITA;regione;umbria;2018;1.22
ISTATP_FECONDITA;regione;umbria;2019;1.2
ISTATP_FECONDITA;regione;umbria;2020;1.16
ISTATP_FECONDITA;regione;umbria;2021;1.18
ISTATP_FECONDITA;regione;umbria;2022;1.13
ISTATP_FECONDITA;regione;umbria;2023;1.11
ISTATP_FECONDITA;regione;umbria;2024;1.11
ISTATP_FECONDITA;regione;umbria;2025;1.06
ISTATP_FECONDITA;regione;valle-d-aosta;2015;1.41
ISTATP_FECONDITA;regione;valle-d-aosta;2016;1.42
ISTATP_FECONDITA;regione;valle-d-aosta;2017;1.35
ISTATP_FECONDITA;regione;valle-d-aosta;2018;1.39
ISTATP_FECONDITA;regione;valle-d-aosta;2019;1.31
ISTATP_FECONDITA;regione;valle-d-aosta;2020;1.23
ISTATP_FECONDITA;regione;valle-d-aosta;2021;1.21
ISTATP_FECONDITA;regione;valle-d-aosta;2022;1.27
ISTATP_FECONDITA;regione;valle-d-aosta;2023;1.17
ISTATP_FECONDITA;regione;valle-d-aosta;2024;1.05
ISTATP_FECONDITA;regione;valle-d-aosta;2025;1.12
ISTATP_FECONDITA;regione;veneto;2015;1.39
ISTATP_FECONDITA;regione;veneto;2016;1.39
ISTATP_FECONDITA;regione;veneto;2017;1.37
ISTATP_FECONDITA;regione;veneto;2018;1.34
ISTATP_FECONDITA;regione;veneto;2019;1.29
ISTATP_FECONDITA;regione;veneto;2020;1.28
ISTATP_FECONDITA;regione;veneto;2021;1.3
ISTATP_FECONDITA;regione;veneto;2022;1.26
ISTATP_FECONDITA;regione;veneto;2023;1.21
ISTATP_FECONDITA;regione;veneto;2024;1.2
ISTATP_FECONDITA;regione;veneto;2025;1.16
ISTATP_INDICE_VECCHIAIA;provincia;agrigento;2015;145.8
ISTATP_INDICE_VECCHIAIA;provincia;agrigento;2016;150.9
ISTATP_INDICE_VECCHIAIA;provincia;agrigento;2017;156.5
ISTATP_INDICE_VECCHIAIA;provincia;agrigento;2018;160.9
ISTATP_INDICE_VECCHIAIA;provincia;agrigento;2019;165.9
ISTATP_INDICE_VECCHIAIA;provincia;agrigento;2020;172.5
ISTATP_INDICE_VECCHIAIA;provincia;agrigento;2021;178.1
ISTATP_INDICE_VECCHIAIA;provincia;agrigento;2022;182.6
ISTATP_INDICE_VECCHIAIA;provincia;agrigento;2023;187.6
ISTATP_INDICE_VECCHIAIA;provincia;agrigento;2024;193
ISTATP_INDICE_VECCHIAIA;provincia;agrigento;2025;198.9
ISTATP_INDICE_VECCHIAIA;provincia;agrigento;2026;206.6
ISTATP_INDICE_VECCHIAIA;provincia;alessandria;2015;234.9
ISTATP_INDICE_VECCHIAIA;provincia;alessandria;2016;237.9
ISTATP_INDICE_VECCHIAIA;provincia;alessandria;2017;241.3
ISTATP_INDICE_VECCHIAIA;provincia;alessandria;2018;244.4
ISTATP_INDICE_VECCHIAIA;provincia;alessandria;2019;248.9
ISTATP_INDICE_VECCHIAIA;provincia;alessandria;2020;255.4
ISTATP_INDICE_VECCHIAIA;provincia;alessandria;2021;256.9
ISTATP_INDICE_VECCHIAIA;provincia;alessandria;2022;262.9
ISTATP_INDICE_VECCHIAIA;provincia;alessandria;2023;267.5
ISTATP_INDICE_VECCHIAIA;provincia;alessandria;2024;273
ISTATP_INDICE_VECCHIAIA;provincia;alessandria;2025;279.4
ISTATP_INDICE_VECCHIAIA;provincia;alessandria;2026;285.8
ISTATP_INDICE_VECCHIAIA;provincia;ancona;2015;179.4
ISTATP_INDICE_VECCHIAIA;provincia;ancona;2016;182.9
ISTATP_INDICE_VECCHIAIA;provincia;ancona;2017;187.1
ISTATP_INDICE_VECCHIAIA;provincia;ancona;2018;191.2
ISTATP_INDICE_VECCHIAIA;provincia;ancona;2019;195.8
ISTATP_INDICE_VECCHIAIA;provincia;ancona;2020;201.5
ISTATP_INDICE_VECCHIAIA;provincia;ancona;2021;206.2
ISTATP_INDICE_VECCHIAIA;provincia;ancona;2022;210.8
ISTATP_INDICE_VECCHIAIA;provincia;ancona;2023;217.3
ISTATP_INDICE_VECCHIAIA;provincia;ancona;2024;225.8
ISTATP_INDICE_VECCHIAIA;provincia;ancona;2025;235.2
ISTATP_INDICE_VECCHIAIA;provincia;ancona;2026;244.3
ISTATP_INDICE_VECCHIAIA;provincia;aosta;2015;161.9
ISTATP_INDICE_VECCHIAIA;provincia;aosta;2016;166.8
ISTATP_INDICE_VECCHIAIA;provincia;aosta;2017;171.3
ISTATP_INDICE_VECCHIAIA;provincia;aosta;2018;175.9
ISTATP_INDICE_VECCHIAIA;provincia;aosta;2019;181.7
ISTATP_INDICE_VECCHIAIA;provincia;aosta;2020;188.4
ISTATP_INDICE_VECCHIAIA;provincia;aosta;2021;192.3
ISTATP_INDICE_VECCHIAIA;provincia;aosta;2022;199.5
ISTATP_INDICE_VECCHIAIA;provincia;aosta;2023;205.9
ISTATP_INDICE_VECCHIAIA;provincia;aosta;2024;215.1
ISTATP_INDICE_VECCHIAIA;provincia;aosta;2025;227.1
ISTATP_INDICE_VECCHIAIA;provincia;aosta;2026;237.4
ISTATP_INDICE_VECCHIAIA;provincia;arezzo;2015;189.9
ISTATP_INDICE_VECCHIAIA;provincia;arezzo;2016;193.8
ISTATP_INDICE_VECCHIAIA;provincia;arezzo;2017;198.4
ISTATP_INDICE_VECCHIAIA;provincia;arezzo;2018;202.3
ISTATP_INDICE_VECCHIAIA;provincia;arezzo;2019;206.1
ISTATP_INDICE_VECCHIAIA;provincia;arezzo;2020;212.5
ISTATP_INDICE_VECCHIAIA;provincia;arezzo;2021;216.4
ISTATP_INDICE_VECCHIAIA;provincia;arezzo;2022;220.5
ISTATP_INDICE_VECCHIAIA;provincia;arezzo;2023;226.6
ISTATP_INDICE_VECCHIAIA;provincia;arezzo;2024;234.5
ISTATP_INDICE_VECCHIAIA;provincia;arezzo;2025;241.8
ISTATP_INDICE_VECCHIAIA;provincia;arezzo;2026;249.7
ISTATP_INDICE_VECCHIAIA;provincia;ascoli-piceno;2015;193.6
ISTATP_INDICE_VECCHIAIA;provincia;ascoli-piceno;2016;198.9
ISTATP_INDICE_VECCHIAIA;provincia;ascoli-piceno;2017;202.5
ISTATP_INDICE_VECCHIAIA;provincia;ascoli-piceno;2018;206.6
ISTATP_INDICE_VECCHIAIA;provincia;ascoli-piceno;2019;212.1
ISTATP_INDICE_VECCHIAIA;provincia;ascoli-piceno;2020;218.9
ISTATP_INDICE_VECCHIAIA;provincia;ascoli-piceno;2021;224
ISTATP_INDICE_VECCHIAIA;provincia;ascoli-piceno;2022;230.1
ISTATP_INDICE_VECCHIAIA;provincia;ascoli-piceno;2023;235.2
ISTATP_INDICE_VECCHIAIA;provincia;ascoli-piceno;2024;243.4
ISTATP_INDICE_VECCHIAIA;provincia;ascoli-piceno;2025;251.9
ISTATP_INDICE_VECCHIAIA;provincia;ascoli-piceno;2026;261.4
ISTATP_INDICE_VECCHIAIA;provincia;asti;2015;197.4
ISTATP_INDICE_VECCHIAIA;provincia;asti;2016;202
ISTATP_INDICE_VECCHIAIA;provincia;asti;2017;205.6
ISTATP_INDICE_VECCHIAIA;provincia;asti;2018;210.5
ISTATP_INDICE_VECCHIAIA;provincia;asti;2019;216.3
ISTATP_INDICE_VECCHIAIA;provincia;asti;2020;222.3
ISTATP_INDICE_VECCHIAIA;provincia;asti;2021;224.3
ISTATP_INDICE_VECCHIAIA;provincia;asti;2022;229.6
ISTATP_INDICE_VECCHIAIA;provincia;asti;2023;234.1
ISTATP_INDICE_VECCHIAIA;provincia;asti;2024;241.9
ISTATP_INDICE_VECCHIAIA;provincia;asti;2025;250.7
ISTATP_INDICE_VECCHIAIA;provincia;asti;2026;258.7
ISTATP_INDICE_VECCHIAIA;provincia;avellino;2015;159.3
ISTATP_INDICE_VECCHIAIA;provincia;avellino;2016;164.1
ISTATP_INDICE_VECCHIAIA;provincia;avellino;2017;168.8
ISTATP_INDICE_VECCHIAIA;provincia;avellino;2018;173.3
ISTATP_INDICE_VECCHIAIA;provincia;avellino;2019;179.3
ISTATP_INDICE_VECCHIAIA;provincia;avellino;2020;185.9
ISTATP_INDICE_VECCHIAIA;provincia;avellino;2021;189
ISTATP_INDICE_VECCHIAIA;provincia;avellino;2022;195.1
ISTATP_INDICE_VECCHIAIA;provincia;avellino;2023;201.2
ISTATP_INDICE_VECCHIAIA;provincia;avellino;2024;208.2
ISTATP_INDICE_VECCHIAIA;provincia;avellino;2025;217.4
ISTATP_INDICE_VECCHIAIA;provincia;avellino;2026;226.7
ISTATP_INDICE_VECCHIAIA;provincia;bari;2015;141.7
ISTATP_INDICE_VECCHIAIA;provincia;bari;2016;147.1
ISTATP_INDICE_VECCHIAIA;provincia;bari;2017;152.5
ISTATP_INDICE_VECCHIAIA;provincia;bari;2018;157.2
ISTATP_INDICE_VECCHIAIA;provincia;bari;2019;163
ISTATP_INDICE_VECCHIAIA;provincia;bari;2020;169.6
ISTATP_INDICE_VECCHIAIA;provincia;bari;2021;174.4
ISTATP_INDICE_VECCHIAIA;provincia;bari;2022;179.8
ISTATP_INDICE_VECCHIAIA;provincia;bari;2023;186.2
ISTATP_INDICE_VECCHIAIA;provincia;bari;2024;192.8
ISTATP_INDICE_VECCHIAIA;provincia;bari;2025;201.1
ISTATP_INDICE_VECCHIAIA;provincia;bari;2026;210.9
ISTATP_INDICE_VECCHIAIA;provincia;barletta-andria-trani;2015;116.2
ISTATP_INDICE_VECCHIAIA;provincia;barletta-andria-trani;2016;121.7
ISTATP_INDICE_VECCHIAIA;provincia;barletta-andria-trani;2017;127.1
ISTATP_INDICE_VECCHIAIA;provincia;barletta-andria-trani;2018;132
ISTATP_INDICE_VECCHIAIA;provincia;barletta-andria-trani;2019;137.6
ISTATP_INDICE_VECCHIAIA;provincia;barletta-andria-trani;2020;144.1
ISTATP_INDICE_VECCHIAIA;provincia;barletta-andria-trani;2021;149.4
ISTATP_INDICE_VECCHIAIA;provincia;barletta-andria-trani;2022;154.9
ISTATP_INDICE_VECCHIAIA;provincia;barletta-andria-trani;2023;162.2
ISTATP_INDICE_VECCHIAIA;provincia;barletta-andria-trani;2024;169.1
ISTATP_INDICE_VECCHIAIA;provincia;barletta-andria-trani;2025;177.4
ISTATP_INDICE_VECCHIAIA;provincia;barletta-andria-trani;2026;186.8
ISTATP_INDICE_VECCHIAIA;provincia;belluno;2015;202.8
ISTATP_INDICE_VECCHIAIA;provincia;belluno;2016;209.9
ISTATP_INDICE_VECCHIAIA;provincia;belluno;2017;215.7
ISTATP_INDICE_VECCHIAIA;provincia;belluno;2018;222.8
ISTATP_INDICE_VECCHIAIA;provincia;belluno;2019;228.7
ISTATP_INDICE_VECCHIAIA;provincia;belluno;2020;236
ISTATP_INDICE_VECCHIAIA;provincia;belluno;2021;241
ISTATP_INDICE_VECCHIAIA;provincia;belluno;2022;248.8
ISTATP_INDICE_VECCHIAIA;provincia;belluno;2023;255.2
ISTATP_INDICE_VECCHIAIA;provincia;belluno;2024;265.3
ISTATP_INDICE_VECCHIAIA;provincia;belluno;2025;275.7
ISTATP_INDICE_VECCHIAIA;provincia;belluno;2026;286.1
ISTATP_INDICE_VECCHIAIA;provincia;benevento;2015;168.9
ISTATP_INDICE_VECCHIAIA;provincia;benevento;2016;173.8
ISTATP_INDICE_VECCHIAIA;provincia;benevento;2017;178.2
ISTATP_INDICE_VECCHIAIA;provincia;benevento;2018;181.8
ISTATP_INDICE_VECCHIAIA;provincia;benevento;2019;186.2
ISTATP_INDICE_VECCHIAIA;provincia;benevento;2020;191.6
ISTATP_INDICE_VECCHIAIA;provincia;benevento;2021;196.1
ISTATP_INDICE_VECCHIAIA;provincia;benevento;2022;201.6
ISTATP_INDICE_VECCHIAIA;provincia;benevento;2023;206.4
ISTATP_INDICE_VECCHIAIA;provincia;benevento;2024;212.6
ISTATP_INDICE_VECCHIAIA;provincia;benevento;2025;220.6
ISTATP_INDICE_VECCHIAIA;provincia;benevento;2026;230
ISTATP_INDICE_VECCHIAIA;provincia;bergamo;2015;127.8
ISTATP_INDICE_VECCHIAIA;provincia;bergamo;2016;132.4
ISTATP_INDICE_VECCHIAIA;provincia;bergamo;2017;136.8
ISTATP_INDICE_VECCHIAIA;provincia;bergamo;2018;140.9
ISTATP_INDICE_VECCHIAIA;provincia;bergamo;2019;146
ISTATP_INDICE_VECCHIAIA;provincia;bergamo;2020;151.5
ISTATP_INDICE_VECCHIAIA;provincia;bergamo;2021;153.3
ISTATP_INDICE_VECCHIAIA;provincia;bergamo;2022;159.9
ISTATP_INDICE_VECCHIAIA;provincia;bergamo;2023;165.8
ISTATP_INDICE_VECCHIAIA;provincia;bergamo;2024;172.7
ISTATP_INDICE_VECCHIAIA;provincia;bergamo;2025;180.7
ISTATP_INDICE_VECCHIAIA;provincia;bergamo;2026;189.5
ISTATP_INDICE_VECCHIAIA;provincia;biella;2015;237.1
ISTATP_INDICE_VECCHIAIA;provincia;biella;2016;245.5
ISTATP_INDICE_VECCHIAIA;provincia;biella;2017;251.2
ISTATP_INDICE_VECCHIAIA;provincia;biella;2018;259.2
ISTATP_INDICE_VECCHIAIA;provincia;biella;2019;267.7
ISTATP_INDICE_VECCHIAIA;provincia;biella;2020;276.2
ISTATP_INDICE_VECCHIAIA;provincia;biella;2021;282
ISTATP_INDICE_VECCHIAIA;provincia;biella;2022;290.7
ISTATP_INDICE_VECCHIAIA;provincia;biella;2023;298.7
ISTATP_INDICE_VECCHIAIA;provincia;biella;2024;306.6
ISTATP_INDICE_VECCHIAIA;provincia;biella;2025;314
ISTATP_INDICE_VECCHIAIA;provincia;biella;2026;324.1
ISTATP_INDICE_VECCHIAIA;provincia;bologna;2015;186.2
ISTATP_INDICE_VECCHIAIA;provincia;bologna;2016;186.8
ISTATP_INDICE_VECCHIAIA;provincia;bologna;2017;188.1
ISTATP_INDICE_VECCHIAIA;provincia;bologna;2018;189.8
ISTATP_INDICE_VECCHIAIA;provincia;bologna;2019;191.2
ISTATP_INDICE_VECCHIAIA;provincia;bologna;2020;194.2
ISTATP_INDICE_VECCHIAIA;provincia;bologna;2021;196.2
ISTATP_INDICE_VECCHIAIA;provincia;bologna;2022;199.8
ISTATP_INDICE_VECCHIAIA;provincia;bologna;2023;204.2
ISTATP_INDICE_VECCHIAIA;provincia;bologna;2024;209.5
ISTATP_INDICE_VECCHIAIA;provincia;bologna;2025;215.7
ISTATP_INDICE_VECCHIAIA;provincia;bologna;2026;221.4
ISTATP_INDICE_VECCHIAIA;provincia;bolzano;2015;118
ISTATP_INDICE_VECCHIAIA;provincia;bolzano;2016;120
ISTATP_INDICE_VECCHIAIA;provincia;bolzano;2017;122
ISTATP_INDICE_VECCHIAIA;provincia;bolzano;2018;123.4
ISTATP_INDICE_VECCHIAIA;provincia;bolzano;2019;125
ISTATP_INDICE_VECCHIAIA;provincia;bolzano;2020;126.9
ISTATP_INDICE_VECCHIAIA;provincia;bolzano;2021;127.6
ISTATP_INDICE_VECCHIAIA;provincia;bolzano;2022;129
ISTATP_INDICE_VECCHIAIA;provincia;bolzano;2023;131.8
ISTATP_INDICE_VECCHIAIA;provincia;bolzano;2024;135.7
ISTATP_INDICE_VECCHIAIA;provincia;bolzano;2025;140.5
ISTATP_INDICE_VECCHIAIA;provincia;bolzano;2026;145.2
ISTATP_INDICE_VECCHIAIA;provincia;brescia;2015;135.2
ISTATP_INDICE_VECCHIAIA;provincia;brescia;2016;139.4
ISTATP_INDICE_VECCHIAIA;provincia;brescia;2017;144
ISTATP_INDICE_VECCHIAIA;provincia;brescia;2018;148
ISTATP_INDICE_VECCHIAIA;provincia;brescia;2019;152.2
ISTATP_INDICE_VECCHIAIA;provincia;brescia;2020;157.1
ISTATP_INDICE_VECCHIAIA;provincia;brescia;2021;159.3
ISTATP_INDICE_VECCHIAIA;provincia;brescia;2022;164.1
ISTATP_INDICE_VECCHIAIA;provincia;brescia;2023;170
ISTATP_INDICE_VECCHIAIA;provincia;brescia;2024;176.6
ISTATP_INDICE_VECCHIAIA;provincia;brescia;2025;184.4
ISTATP_INDICE_VECCHIAIA;provincia;brescia;2026;193
ISTATP_INDICE_VECCHIAIA;provincia;brindisi;2015;160
ISTATP_INDICE_VECCHIAIA;provincia;brindisi;2016;165.6
ISTATP_INDICE_VECCHIAIA;provincia;brindisi;2017;171.6
ISTATP_INDICE_VECCHIAIA;provincia;brindisi;2018;177.7
ISTATP_INDICE_VECCHIAIA;provincia;brindisi;2019;183.5
ISTATP_INDICE_VECCHIAIA;provincia;brindisi;2020;190.7
ISTATP_INDICE_VECCHIAIA;provincia;brindisi;2021;196
ISTATP_INDICE_VECCHIAIA;provincia;brindisi;2022;203.3
ISTATP_INDICE_VECCHIAIA;provincia;brindisi;2023;209.8
ISTATP_INDICE_VECCHIAIA;provincia;brindisi;2024;217.5
ISTATP_INDICE_VECCHIAIA;provincia;brindisi;2025;226.8
ISTATP_INDICE_VECCHIAIA;provincia;brindisi;2026;238.2
ISTATP_INDICE_VECCHIAIA;provincia;cagliari;2015;166.2
ISTATP_INDICE_VECCHIAIA;provincia;cagliari;2016;172.4
ISTATP_INDICE_VECCHIAIA;provincia;cagliari;2017;179.3
ISTATP_INDICE_VECCHIAIA;provincia;cagliari;2018;186.2
ISTATP_INDICE_VECCHIAIA;provincia;cagliari;2019;196.1
ISTATP_INDICE_VECCHIAIA;provincia;cagliari;2020;205.6
ISTATP_INDICE_VECCHIAIA;provincia;cagliari;2021;214.9
ISTATP_INDICE_VECCHIAIA;provincia;cagliari;2022;226.7
ISTATP_INDICE_VECCHIAIA;provincia;cagliari;2023;237.1
ISTATP_INDICE_VECCHIAIA;provincia;cagliari;2024;251.2
ISTATP_INDICE_VECCHIAIA;provincia;cagliari;2025;268.9
ISTATP_INDICE_VECCHIAIA;provincia;cagliari;2026;287.8
ISTATP_INDICE_VECCHIAIA;provincia;caltanissetta;2015;133.8
ISTATP_INDICE_VECCHIAIA;provincia;caltanissetta;2016;138
ISTATP_INDICE_VECCHIAIA;provincia;caltanissetta;2017;143.1
ISTATP_INDICE_VECCHIAIA;provincia;caltanissetta;2018;147.6
ISTATP_INDICE_VECCHIAIA;provincia;caltanissetta;2019;152.9
ISTATP_INDICE_VECCHIAIA;provincia;caltanissetta;2020;160.5
ISTATP_INDICE_VECCHIAIA;provincia;caltanissetta;2021;166.7
ISTATP_INDICE_VECCHIAIA;provincia;caltanissetta;2022;172.7
ISTATP_INDICE_VECCHIAIA;provincia;caltanissetta;2023;177.7
ISTATP_INDICE_VECCHIAIA;provincia;caltanissetta;2024;184.7
ISTATP_INDICE_VECCHIAIA;provincia;caltanissetta;2025;193.6
ISTATP_INDICE_VECCHIAIA;provincia;caltanissetta;2026;204.3
ISTATP_INDICE_VECCHIAIA;provincia;campobasso;2015;191.1
ISTATP_INDICE_VECCHIAIA;provincia;campobasso;2016;196.4
ISTATP_INDICE_VECCHIAIA;provincia;campobasso;2017;202.1
ISTATP_INDICE_VECCHIAIA;provincia;campobasso;2018;208.2
ISTATP_INDICE_VECCHIAIA;provincia;campobasso;2019;215
ISTATP_INDICE_VECCHIAIA;provincia;campobasso;2020;224.1
ISTATP_INDICE_VECCHIAIA;provincia;campobasso;2021;231.6
ISTATP_INDICE_VECCHIAIA;provincia;campobasso;2022;237
ISTATP_INDICE_VECCHIAIA;provincia;campobasso;2023;242.8
ISTATP_INDICE_VECCHIAIA;provincia;campobasso;2024;250.5
ISTATP_INDICE_VECCHIAIA;provincia;campobasso;2025;259.4
ISTATP_INDICE_VECCHIAIA;provincia;campobasso;2026;270.6
ISTATP_INDICE_VECCHIAIA;provincia;caserta;2015;102.2
ISTATP_INDICE_VECCHIAIA;provincia;caserta;2016;105.8
ISTATP_INDICE_VECCHIAIA;provincia;caserta;2017;109.6
ISTATP_INDICE_VECCHIAIA;provincia;caserta;2018;112.8
ISTATP_INDICE_VECCHIAIA;provincia;caserta;2019;116.4
ISTATP_INDICE_VECCHIAIA;provincia;caserta;2020;122
ISTATP_INDICE_VECCHIAIA;provincia;caserta;2021;125.2
ISTATP_INDICE_VECCHIAIA;provincia;caserta;2022;129.6
ISTATP_INDICE_VECCHIAIA;provincia;caserta;2023;133.5
ISTATP_INDICE_VECCHIAIA;provincia;caserta;2024;137.8
ISTATP_INDICE_VECCHIAIA;provincia;caserta;2025;143.6
ISTATP_INDICE_VECCHIAIA;provincia;caserta;2026;150.6
ISTATP_INDICE_VECCHIAIA;provincia;catania;2015;121.1
ISTATP_INDICE_VECCHIAIA;provincia;catania;2016;124.3
ISTATP_INDICE_VECCHIAIA;provincia;catania;2017;127.9
ISTATP_INDICE_VECCHIAIA;provincia;catania;2018;131.1
ISTATP_INDICE_VECCHIAIA;provincia;catania;2019;135.3
ISTATP_INDICE_VECCHIAIA;provincia;catania;2020;140.3
ISTATP_INDICE_VECCHIAIA;provincia;catania;2021;143.9
ISTATP_INDICE_VECCHIAIA;provincia;catania;2022;147.6
ISTATP_INDICE_VECCHIAIA;provincia;catania;2023;151.7
ISTATP_INDICE_VECCHIAIA;provincia;catania;2024;157.2
ISTATP_INDICE_VECCHIAIA;provincia;catania;2025;163.5
ISTATP_INDICE_VECCHIAIA;provincia;catania;2026;171
ISTATP_INDICE_VECCHIAIA;provincia;catanzaro;2015;152
ISTATP_INDICE_VECCHIAIA;provincia;catanzaro;2016;156.3
ISTATP_INDICE_VECCHIAIA;provincia;catanzaro;2017;160.5
ISTATP_INDICE_VECCHIAIA;provincia;catanzaro;2018;164
ISTATP_INDICE_VECCHIAIA;provincia;catanzaro;2019;169.4
ISTATP_INDICE_VECCHIAIA;provincia;catanzaro;2020;176
ISTATP_INDICE_VECCHIAIA;provincia;catanzaro;2021;180.3
ISTATP_INDICE_VECCHIAIA;provincia;catanzaro;2022;186.5
ISTATP_INDICE_VECCHIAIA;provincia;catanzaro;2023;192.4
ISTATP_INDICE_VECCHIAIA;provincia;catanzaro;2024;199
ISTATP_INDICE_VECCHIAIA;provincia;catanzaro;2025;206.2
ISTATP_INDICE_VECCHIAIA;provincia;catanzaro;2026;215.4
ISTATP_INDICE_VECCHIAIA;provincia;chieti;2015;185.8
ISTATP_INDICE_VECCHIAIA;provincia;chieti;2016;190.2
ISTATP_INDICE_VECCHIAIA;provincia;chieti;2017;193.9
ISTATP_INDICE_VECCHIAIA;provincia;chieti;2018;197
ISTATP_INDICE_VECCHIAIA;provincia;chieti;2019;202.1
ISTATP_INDICE_VECCHIAIA;provincia;chieti;2020;207.8
ISTATP_INDICE_VECCHIAIA;provincia;chieti;2021;212.7
ISTATP_INDICE_VECCHIAIA;provincia;chieti;2022;218
ISTATP_INDICE_VECCHIAIA;provincia;chieti;2023;223.4
ISTATP_INDICE_VECCHIAIA;provincia;chieti;2024;230.4
ISTATP_INDICE_VECCHIAIA;provincia;chieti;2025;239.4
ISTATP_INDICE_VECCHIAIA;provincia;chieti;2026;250.6
ISTATP_INDICE_VECCHIAIA;provincia;como;2015;154.1
ISTATP_INDICE_VECCHIAIA;provincia;como;2016;158.2
ISTATP_INDICE_VECCHIAIA;provincia;como;2017;162
ISTATP_INDICE_VECCHIAIA;provincia;como;2018;166
ISTATP_INDICE_VECCHIAIA;provincia;como;2019;170.2
ISTATP_INDICE_VECCHIAIA;provincia;como;2020;175.2
ISTATP_INDICE_VECCHIAIA;provincia;como;2021;177.9
ISTATP_INDICE_VECCHIAIA;provincia;como;2022;183.9
ISTATP_INDICE_VECCHIAIA;provincia;como;2023;189.6
ISTATP_INDICE_VECCHIAIA;provincia;como;2024;196.7
ISTATP_INDICE_VECCHIAIA;provincia;como;2025;205.4
ISTATP_INDICE_VECCHIAIA;provincia;como;2026;214.4
ISTATP_INDICE_VECCHIAIA;provincia;cosenza;2015;158.8
ISTATP_INDICE_VECCHIAIA;provincia;cosenza;2016;162.7
ISTATP_INDICE_VECCHIAIA;provincia;cosenza;2017;166.9
ISTATP_INDICE_VECCHIAIA;provincia;cosenza;2018;170.6
ISTATP_INDICE_VECCHIAIA;provincia;cosenza;2019;175.6
ISTATP_INDICE_VECCHIAIA;provincia;cosenza;2020;181.3
ISTATP_INDICE_VECCHIAIA;provincia;cosenza;2021;184.3
ISTATP_INDICE_VECCHIAIA;provincia;cosenza;2022;189.7
ISTATP_INDICE_VECCHIAIA;provincia;cosenza;2023;194.7
ISTATP_INDICE_VECCHIAIA;provincia;cosenza;2024;200.3
ISTATP_INDICE_VECCHIAIA;provincia;cosenza;2025;208.8
ISTATP_INDICE_VECCHIAIA;provincia;cosenza;2026;216.9
ISTATP_INDICE_VECCHIAIA;provincia;cremona;2015;174.9
ISTATP_INDICE_VECCHIAIA;provincia;cremona;2016;179.3
ISTATP_INDICE_VECCHIAIA;provincia;cremona;2017;183
ISTATP_INDICE_VECCHIAIA;provincia;cremona;2018;187.4
ISTATP_INDICE_VECCHIAIA;provincia;cremona;2019;190.6
ISTATP_INDICE_VECCHIAIA;provincia;cremona;2020;194.7
ISTATP_INDICE_VECCHIAIA;provincia;cremona;2021;194.8
ISTATP_INDICE_VECCHIAIA;provincia;cremona;2022;199.3
ISTATP_INDICE_VECCHIAIA;provincia;cremona;2023;204.4
ISTATP_INDICE_VECCHIAIA;provincia;cremona;2024;210.7
ISTATP_INDICE_VECCHIAIA;provincia;cremona;2025;216.8
ISTATP_INDICE_VECCHIAIA;provincia;cremona;2026;223.4
ISTATP_INDICE_VECCHIAIA;provincia;crotone;2015;119.2
ISTATP_INDICE_VECCHIAIA;provincia;crotone;2016;123.2
ISTATP_INDICE_VECCHIAIA;provincia;crotone;2017;127.6
ISTATP_INDICE_VECCHIAIA;provincia;crotone;2018;131.2
ISTATP_INDICE_VECCHIAIA;provincia;crotone;2019;135.7
ISTATP_INDICE_VECCHIAIA;provincia;crotone;2020;142
ISTATP_INDICE_VECCHIAIA;provincia;crotone;2021;147.3
ISTATP_INDICE_VECCHIAIA;provincia;crotone;2022;152.1
ISTATP_INDICE_VECCHIAIA;provincia;crotone;2023;155.5
ISTATP_INDICE_VECCHIAIA;provincia;crotone;2024;161.5
ISTATP_INDICE_VECCHIAIA;provincia;crotone;2025;168.6
ISTATP_INDICE_VECCHIAIA;provincia;crotone;2026;176.9
ISTATP_INDICE_VECCHIAIA;provincia;cuneo;2015;168.7
ISTATP_INDICE_VECCHIAIA;provincia;cuneo;2016;172
ISTATP_INDICE_VECCHIAIA;provincia;cuneo;2017;175.5
ISTATP_INDICE_VECCHIAIA;provincia;cuneo;2018;178.5
ISTATP_INDICE_VECCHIAIA;provincia;cuneo;2019;181.5
ISTATP_INDICE_VECCHIAIA;provincia;cuneo;2020;185.4
ISTATP_INDICE_VECCHIAIA;provincia;cuneo;2021;186.6
ISTATP_INDICE_VECCHIAIA;provincia;cuneo;2022;190
ISTATP_INDICE_VECCHIAIA;provincia;cuneo;2023;194.5
ISTATP_INDICE_VECCHIAIA;provincia;cuneo;2024;199.6
ISTATP_INDICE_VECCHIAIA;provincia;cuneo;2025;206.1
ISTATP_INDICE_VECCHIAIA;provincia;cuneo;2026;212.6
ISTATP_INDICE_VECCHIAIA;provincia;enna;2015;157.7
ISTATP_INDICE_VECCHIAIA;provincia;enna;2016;164
ISTATP_INDICE_VECCHIAIA;provincia;enna;2017;170.9
ISTATP_INDICE_VECCHIAIA;provincia;enna;2018;176.8
ISTATP_INDICE_VECCHIAIA;provincia;enna;2019;183.3
ISTATP_INDICE_VECCHIAIA;provincia;enna;2020;191.5
ISTATP_INDICE_VECCHIAIA;provincia;enna;2021;198
ISTATP_INDICE_VECCHIAIA;provincia;enna;2022;204.5
ISTATP_INDICE_VECCHIAIA;provincia;enna;2023;210.3
ISTATP_INDICE_VECCHIAIA;provincia;enna;2024;217.1
ISTATP_INDICE_VECCHIAIA;provincia;enna;2025;227.2
ISTATP_INDICE_VECCHIAIA;provincia;enna;2026;236.6
ISTATP_INDICE_VECCHIAIA;provincia;fermo;2015;187.4
ISTATP_INDICE_VECCHIAIA;provincia;fermo;2016;191.4
ISTATP_INDICE_VECCHIAIA;provincia;fermo;2017;195.9
ISTATP_INDICE_VECCHIAIA;provincia;fermo;2018;198.8
ISTATP_INDICE_VECCHIAIA;provincia;fermo;2019;204.3
ISTATP_INDICE_VECCHIAIA;provincia;fermo;2020;210.8
ISTATP_INDICE_VECCHIAIA;provincia;fermo;2021;216.4
ISTATP_INDICE_VECCHIAIA;provincia;fermo;2022;223
ISTATP_INDICE_VECCHIAIA;provincia;fermo;2023;230.8
ISTATP_INDICE_VECCHIAIA;provincia;fermo;2024;237.6
ISTATP_INDICE_VECCHIAIA;provincia;fermo;2025;245.9
ISTATP_INDICE_VECCHIAIA;provincia;fermo;2026;256.4
ISTATP_INDICE_VECCHIAIA;provincia;ferrara;2015;241.7
ISTATP_INDICE_VECCHIAIA;provincia;ferrara;2016;245.4
ISTATP_INDICE_VECCHIAIA;provincia;ferrara;2017;250.5
ISTATP_INDICE_VECCHIAIA;provincia;ferrara;2018;253.7
ISTATP_INDICE_VECCHIAIA;provincia;ferrara;2019;257.3
ISTATP_INDICE_VECCHIAIA;provincia;ferrara;2020;262
ISTATP_INDICE_VECCHIAIA;provincia;ferrara;2021;265.3
ISTATP_INDICE_VECCHIAIA;provincia;ferrara;2022;269.1
ISTATP_INDICE_VECCHIAIA;provincia;ferrara;2023;273.5
ISTATP_INDICE_VECCHIAIA;provincia;ferrara;2024;279.6
ISTATP_INDICE_VECCHIAIA;provincia;ferrara;2025;288.3
ISTATP_INDICE_VECCHIAIA;provincia;ferrara;2026;297.9
ISTATP_INDICE_VECCHIAIA;provincia;firenze;2015;189.3
ISTATP_INDICE_VECCHIAIA;provincia;firenze;2016;191.6
ISTATP_INDICE_VECCHIAIA;provincia;firenze;2017;194.7
ISTATP_INDICE_VECCHIAIA;provincia;firenze;2018;197.9
ISTATP_INDICE_VECCHIAIA;provincia;firenze;2019;202.1
ISTATP_INDICE_VECCHIAIA;provincia;firenze;2020;207.5
ISTATP_INDICE_VECCHIAIA;provincia;firenze;2021;209.7
ISTATP_INDICE_VECCHIAIA;provincia;firenze;2022;214.6
ISTATP_INDICE_VECCHIAIA;provincia;firenze;2023;219.9
ISTATP_INDICE_VECCHIAIA;provincia;firenze;2024;226.9
ISTATP_INDICE_VECCHIAIA;provincia;firenze;2025;234.3
ISTATP_INDICE_VECCHIAIA;provincia;firenze;2026;242.5
ISTATP_INDICE_VECCHIAIA;provincia;foggia;2015;136.1
ISTATP_INDICE_VECCHIAIA;provincia;foggia;2016;140.4
ISTATP_INDICE_VECCHIAIA;provincia;foggia;2017;145.1
ISTATP_INDICE_VECCHIAIA;provincia;foggia;2018;149.7
ISTATP_INDICE_VECCHIAIA;provincia;foggia;2019;155.6
ISTATP_INDICE_VECCHIAIA;provincia;foggia;2020;162.6
ISTATP_INDICE_VECCHIAIA;provincia;foggia;2021;166.8
ISTATP_INDICE_VECCHIAIA;provincia;foggia;2022;172.5
ISTATP_INDICE_VECCHIAIA;provincia;foggia;2023;178
ISTATP_INDICE_VECCHIAIA;provincia;foggia;2024;184.7
ISTATP_INDICE_VECCHIAIA;provincia;foggia;2025;193.2
ISTATP_INDICE_VECCHIAIA;provincia;foggia;2026;202.3
ISTATP_INDICE_VECCHIAIA;provincia;forli-cesena;2015;172.8
ISTATP_INDICE_VECCHIAIA;provincia;forli-cesena;2016;176.1
ISTATP_INDICE_VECCHIAIA;provincia;forli-cesena;2017;179.3
ISTATP_INDICE_VECCHIAIA;provincia;forli-cesena;2018;182.1
ISTATP_INDICE_VECCHIAIA;provincia;forli-cesena;2019;185
ISTATP_INDICE_VECCHIAIA;provincia;forli-cesena;2020;189.8
ISTATP_INDICE_VECCHIAIA;provincia;forli-cesena;2021;193.2
ISTATP_INDICE_VECCHIAIA;provincia;forli-cesena;2022;198.2
ISTATP_INDICE_VECCHIAIA;provincia;forli-cesena;2023;202.9
ISTATP_INDICE_VECCHIAIA;provincia;forli-cesena;2024;208.8
ISTATP_INDICE_VECCHIAIA;provincia;forli-cesena;2025;216.4
ISTATP_INDICE_VECCHIAIA;provincia;forli-cesena;2026;225.5
ISTATP_INDICE_VECCHIAIA;provincia;frosinone;2015;168.4
ISTATP_INDICE_VECCHIAIA;provincia;frosinone;2016;172.5
ISTATP_INDICE_VECCHIAIA;provincia;frosinone;2017;175.9
ISTATP_INDICE_VECCHIAIA;provincia;frosinone;2018;179.3
ISTATP_INDICE_VECCHIAIA;provincia;frosinone;2019;184.5
ISTATP_INDICE_VECCHIAIA;provincia;frosinone;2020;191
ISTATP_INDICE_VECCHIAIA;provincia;frosinone;2021;196.2
ISTATP_INDICE_VECCHIAIA;provincia;frosinone;2022;201.3
ISTATP_INDICE_VECCHIAIA;provincia;frosinone;2023;208
ISTATP_INDICE_VECCHIAIA;provincia;frosinone;2024;215.3
ISTATP_INDICE_VECCHIAIA;provincia;frosinone;2025;224.6
ISTATP_INDICE_VECCHIAIA;provincia;frosinone;2026;236.3
ISTATP_INDICE_VECCHIAIA;provincia;genova;2015;245
ISTATP_INDICE_VECCHIAIA;provincia;genova;2016;248.1
ISTATP_INDICE_VECCHIAIA;provincia;genova;2017;251.6
ISTATP_INDICE_VECCHIAIA;provincia;genova;2018;255
ISTATP_INDICE_VECCHIAIA;provincia;genova;2019;258.9
ISTATP_INDICE_VECCHIAIA;provincia;genova;2020;263.8
ISTATP_INDICE_VECCHIAIA;provincia;genova;2021;263.1
ISTATP_INDICE_VECCHIAIA;provincia;genova;2022;268.7
ISTATP_INDICE_VECCHIAIA;provincia;genova;2023;272.3
ISTATP_INDICE_VECCHIAIA;provincia;genova;2024;277.4
ISTATP_INDICE_VECCHIAIA;provincia;genova;2025;283.8
ISTATP_INDICE_VECCHIAIA;provincia;genova;2026;290
ISTATP_INDICE_VECCHIAIA;provincia;gorizia;2015;216.2
ISTATP_INDICE_VECCHIAIA;provincia;gorizia;2016;219.3
ISTATP_INDICE_VECCHIAIA;provincia;gorizia;2017;222.8
ISTATP_INDICE_VECCHIAIA;provincia;gorizia;2018;224.5
ISTATP_INDICE_VECCHIAIA;provincia;gorizia;2019;226.9
ISTATP_INDICE_VECCHIAIA;provincia;gorizia;2020;228.8
ISTATP_INDICE_VECCHIAIA;provincia;gorizia;2021;231.2
ISTATP_INDICE_VECCHIAIA;provincia;gorizia;2022;233.9
ISTATP_INDICE_VECCHIAIA;provincia;gorizia;2023;235.5
ISTATP_INDICE_VECCHIAIA;provincia;gorizia;2024;238.7
ISTATP_INDICE_VECCHIAIA;provincia;gorizia;2025;244.8
ISTATP_INDICE_VECCHIAIA;provincia;gorizia;2026;250.6
ISTATP_INDICE_VECCHIAIA;provincia;grosseto;2015;227.6
ISTATP_INDICE_VECCHIAIA;provincia;grosseto;2016;231.2
ISTATP_INDICE_VECCHIAIA;provincia;grosseto;2017;235.2
ISTATP_INDICE_VECCHIAIA;provincia;grosseto;2018;239.7
ISTATP_INDICE_VECCHIAIA;provincia;grosseto;2019;245.3
ISTATP_INDICE_VECCHIAIA;provincia;grosseto;2020;253.1
ISTATP_INDICE_VECCHIAIA;provincia;grosseto;2021;257.9
ISTATP_INDICE_VECCHIAIA;provincia;grosseto;2022;265.6
ISTATP_INDICE_VECCHIAIA;provincia;grosseto;2023;272.9
ISTATP_INDICE_VECCHIAIA;provincia;grosseto;2024;282.1
ISTATP_INDICE_VECCHIAIA;provincia;grosseto;2025;292.4
ISTATP_INDICE_VECCHIAIA;provincia;grosseto;2026;302.2
ISTATP_INDICE_VECCHIAIA;provincia;imperia;2015;241.2
ISTATP_INDICE_VECCHIAIA;provincia;imperia;2016;245.5
ISTATP_INDICE_VECCHIAIA;provincia;imperia;2017;248.9
ISTATP_INDICE_VECCHIAIA;provincia;imperia;2018;250.3
ISTATP_INDICE_VECCHIAIA;provincia;imperia;2019;253.8
ISTATP_INDICE_VECCHIAIA;provincia;imperia;2020;258.5
ISTATP_INDICE_VECCHIAIA;provincia;imperia;2021;256.9
ISTATP_INDICE_VECCHIAIA;provincia;imperia;2022;258.9
ISTATP_INDICE_VECCHIAIA;provincia;imperia;2023;261
ISTATP_INDICE_VECCHIAIA;provincia;imperia;2024;266
ISTATP_INDICE_VECCHIAIA;provincia;imperia;2025;271
ISTATP_INDICE_VECCHIAIA;provincia;imperia;2026;277
ISTATP_INDICE_VECCHIAIA;provincia;isernia;2015;207.7
ISTATP_INDICE_VECCHIAIA;provincia;isernia;2016;212.9
ISTATP_INDICE_VECCHIAIA;provincia;isernia;2017;216.6
ISTATP_INDICE_VECCHIAIA;provincia;isernia;2018;220.7
ISTATP_INDICE_VECCHIAIA;provincia;isernia;2019;225.5
ISTATP_INDICE_VECCHIAIA;provincia;isernia;2020;231.3
ISTATP_INDICE_VECCHIAIA;provincia;isernia;2021;237
ISTATP_INDICE_VECCHIAIA;provincia;isernia;2022;245.5
ISTATP_INDICE_VECCHIAIA;provincia;isernia;2023;252
ISTATP_INDICE_VECCHIAIA;provincia;isernia;2024;260.6
ISTATP_INDICE_VECCHIAIA;provincia;isernia;2025;268.7
ISTATP_INDICE_VECCHIAIA;provincia;isernia;2026;277.3
ISTATP_INDICE_VECCHIAIA;provincia;l-aquila;2015;186.8
ISTATP_INDICE_VECCHIAIA;provincia;l-aquila;2016;190.5
ISTATP_INDICE_VECCHIAIA;provincia;l-aquila;2017;194.4
ISTATP_INDICE_VECCHIAIA;provincia;l-aquila;2018;198.5
ISTATP_INDICE_VECCHIAIA;provincia;l-aquila;2019;202.9
ISTATP_INDICE_VECCHIAIA;provincia;l-aquila;2020;209.7
ISTATP_INDICE_VECCHIAIA;provincia;l-aquila;2021;214.1
ISTATP_INDICE_VECCHIAIA;provincia;l-aquila;2022;220.5
ISTATP_INDICE_VECCHIAIA;provincia;l-aquila;2023;226.5
ISTATP_INDICE_VECCHIAIA;provincia;l-aquila;2024;233.8
ISTATP_INDICE_VECCHIAIA;provincia;l-aquila;2025;243.1
ISTATP_INDICE_VECCHIAIA;provincia;l-aquila;2026;252.1
ISTATP_INDICE_VECCHIAIA;provincia;la-spezia;2015;238.6
ISTATP_INDICE_VECCHIAIA;provincia;la-spezia;2016;241.3
ISTATP_INDICE_VECCHIAIA;provincia;la-spezia;2017;241.8
ISTATP_INDICE_VECCHIAIA;provincia;la-spezia;2018;242.6
ISTATP_INDICE_VECCHIAIA;provincia;la-spezia;2019;243.6
ISTATP_INDICE_VECCHIAIA;provincia;la-spezia;2020;247.3
ISTATP_INDICE_VECCHIAIA;provincia;la-spezia;2021;245.7
ISTATP_INDICE_VECCHIAIA;provincia;la-spezia;2022;249.6
ISTATP_INDICE_VECCHIAIA;provincia;la-spezia;2023;252.9
ISTATP_INDICE_VECCHIAIA;provincia;la-spezia;2024;258.5
ISTATP_INDICE_VECCHIAIA;provincia;la-spezia;2025;264.9
ISTATP_INDICE_VECCHIAIA;provincia;la-spezia;2026;273.9
ISTATP_INDICE_VECCHIAIA;provincia;latina;2015;140.4
ISTATP_INDICE_VECCHIAIA;provincia;latina;2016;144
ISTATP_INDICE_VECCHIAIA;provincia;latina;2017;147.9
ISTATP_INDICE_VECCHIAIA;provincia;latina;2018;151.2
ISTATP_INDICE_VECCHIAIA;provincia;latina;2019;155.1
ISTATP_INDICE_VECCHIAIA;provincia;latina;2020;160.5
ISTATP_INDICE_VECCHIAIA;provincia;latina;2021;163.8
ISTATP_INDICE_VECCHIAIA;provincia;latina;2022;168.2
ISTATP_INDICE_VECCHIAIA;provincia;latina;2023;173.6
ISTATP_INDICE_VECCHIAIA;provincia;latina;2024;180.1
ISTATP_INDICE_VECCHIAIA;provincia;latina;2025;188.9
ISTATP_INDICE_VECCHIAIA;provincia;latina;2026;197.7
ISTATP_INDICE_VECCHIAIA;provincia;lecce;2015;171.4
ISTATP_INDICE_VECCHIAIA;provincia;lecce;2016;177.4
ISTATP_INDICE_VECCHIAIA;provincia;lecce;2017;184
ISTATP_INDICE_VECCHIAIA;provincia;lecce;2018;188.6
ISTATP_INDICE_VECCHIAIA;provincia;lecce;2019;195.5
ISTATP_INDICE_VECCHIAIA;provincia;lecce;2020;203
ISTATP_INDICE_VECCHIAIA;provincia;lecce;2021;209.6
ISTATP_INDICE_VECCHIAIA;provincia;lecce;2022;215.6
ISTATP_INDICE_VECCHIAIA;provincia;lecce;2023;222.2
ISTATP_INDICE_VECCHIAIA;provincia;lecce;2024;229.8
ISTATP_INDICE_VECCHIAIA;provincia;lecce;2025;238
ISTATP_INDICE_VECCHIAIA;provincia;lecce;2026;248.5
ISTATP_INDICE_VECCHIAIA;provincia;lecco;2015;154.9
ISTATP_INDICE_VECCHIAIA;provincia;lecco;2016;160.2
ISTATP_INDICE_VECCHIAIA;provincia;lecco;2017;165.5
ISTATP_INDICE_VECCHIAIA;provincia;lecco;2018;170.2
ISTATP_INDICE_VECCHIAIA;provincia;lecco;2019;175.5
ISTATP_INDICE_VECCHIAIA;provincia;lecco;2020;181.2
ISTATP_INDICE_VECCHIAIA;provincia;lecco;2021;185.2
ISTATP_INDICE_VECCHIAIA;provincia;lecco;2022;192.2
ISTATP_INDICE_VECCHIAIA;provincia;lecco;2023;199.1
ISTATP_INDICE_VECCHIAIA;provincia;lecco;2024;207.6
ISTATP_INDICE_VECCHIAIA;provincia;lecco;2025;217.1
ISTATP_INDICE_VECCHIAIA;provincia;lecco;2026;226.8
ISTATP_INDICE_VECCHIAIA;provincia;livorno;2015;217.4
ISTATP_INDICE_VECCHIAIA;provincia;livorno;2016;218.7
ISTATP_INDICE_VECCHIAIA;provincia;livorno;2017;222.5
ISTATP_INDICE_VECCHIAIA;provincia;livorno;2018;225.2
ISTATP_INDICE_VECCHIAIA;provincia;livorno;2019;228.7
ISTATP_INDICE_VECCHIAIA;provincia;livorno;2020;235
ISTATP_INDICE_VECCHIAIA;provincia;livorno;2021;238.9
ISTATP_INDICE_VECCHIAIA;provincia;livorno;2022;245.6
ISTATP_INDICE_VECCHIAIA;provincia;livorno;2023;252.3
ISTATP_INDICE_VECCHIAIA;provincia;livorno;2024;261.1
ISTATP_INDICE_VECCHIAIA;provincia;livorno;2025;271.3
ISTATP_INDICE_VECCHIAIA;provincia;livorno;2026;282.1
ISTATP_INDICE_VECCHIAIA;provincia;lodi;2015;143.2
ISTATP_INDICE_VECCHIAIA;provincia;lodi;2016;146.3
ISTATP_INDICE_VECCHIAIA;provincia;lodi;2017;149.8
ISTATP_INDICE_VECCHIAIA;provincia;lodi;2018;152.2
ISTATP_INDICE_VECCHIAIA;provincia;lodi;2019;154.9
ISTATP_INDICE_VECCHIAIA;provincia;lodi;2020;159.4
ISTATP_INDICE_VECCHIAIA;provincia;lodi;2021;160
ISTATP_INDICE_VECCHIAIA;provincia;lodi;2022;164.2
ISTATP_INDICE_VECCHIAIA;provincia;lodi;2023;169
ISTATP_INDICE_VECCHIAIA;provincia;lodi;2024;174.1
ISTATP_INDICE_VECCHIAIA;provincia;lodi;2025;181.8
ISTATP_INDICE_VECCHIAIA;provincia;lodi;2026;189.9
ISTATP_INDICE_VECCHIAIA;provincia;lucca;2015;199.4
ISTATP_INDICE_VECCHIAIA;provincia;lucca;2016;202.7
ISTATP_INDICE_VECCHIAIA;provincia;lucca;2017;206.8
ISTATP_INDICE_VECCHIAIA;provincia;lucca;2018;210.4
ISTATP_INDICE_VECCHIAIA;provincia;lucca;2019;215
ISTATP_INDICE_VECCHIAIA;provincia;lucca;2020;220.1
ISTATP_INDICE_VECCHIAIA;provincia;lucca;2021;224.2
ISTATP_INDICE_VECCHIAIA;provincia;lucca;2022;229.9
ISTATP_INDICE_VECCHIAIA;provincia;lucca;2023;237.3
ISTATP_INDICE_VECCHIAIA;provincia;lucca;2024;246.5
ISTATP_INDICE_VECCHIAIA;provincia;lucca;2025;256.2
ISTATP_INDICE_VECCHIAIA;provincia;lucca;2026;267.9
ISTATP_INDICE_VECCHIAIA;provincia;macerata;2015;181.7
ISTATP_INDICE_VECCHIAIA;provincia;macerata;2016;184.8
ISTATP_INDICE_VECCHIAIA;provincia;macerata;2017;188.4
ISTATP_INDICE_VECCHIAIA;provincia;macerata;2018;193
ISTATP_INDICE_VECCHIAIA;provincia;macerata;2019;198.9
ISTATP_INDICE_VECCHIAIA;provincia;macerata;2020;204.6
ISTATP_INDICE_VECCHIAIA;provincia;macerata;2021;208.4
ISTATP_INDICE_VECCHIAIA;provincia;macerata;2022;212.1
ISTATP_INDICE_VECCHIAIA;provincia;macerata;2023;218.3
ISTATP_INDICE_VECCHIAIA;provincia;macerata;2024;224.3
ISTATP_INDICE_VECCHIAIA;provincia;macerata;2025;232.3
ISTATP_INDICE_VECCHIAIA;provincia;macerata;2026;241.4
ISTATP_INDICE_VECCHIAIA;provincia;mantova;2015;166.4
ISTATP_INDICE_VECCHIAIA;provincia;mantova;2016;170.1
ISTATP_INDICE_VECCHIAIA;provincia;mantova;2017;173.8
ISTATP_INDICE_VECCHIAIA;provincia;mantova;2018;177
ISTATP_INDICE_VECCHIAIA;provincia;mantova;2019;179.3
ISTATP_INDICE_VECCHIAIA;provincia;mantova;2020;183.5
ISTATP_INDICE_VECCHIAIA;provincia;mantova;2021;185
ISTATP_INDICE_VECCHIAIA;provincia;mantova;2022;188.9
ISTATP_INDICE_VECCHIAIA;provincia;mantova;2023;192.7
ISTATP_INDICE_VECCHIAIA;provincia;mantova;2024;197.7
ISTATP_INDICE_VECCHIAIA;provincia;mantova;2025;204.5
ISTATP_INDICE_VECCHIAIA;provincia;mantova;2026;212.3
ISTATP_INDICE_VECCHIAIA;provincia;massa-carrara;2015;222.9
ISTATP_INDICE_VECCHIAIA;provincia;massa-carrara;2016;227
ISTATP_INDICE_VECCHIAIA;provincia;massa-carrara;2017;232.1
ISTATP_INDICE_VECCHIAIA;provincia;massa-carrara;2018;236.9
ISTATP_INDICE_VECCHIAIA;provincia;massa-carrara;2019;242.8
ISTATP_INDICE_VECCHIAIA;provincia;massa-carrara;2020;250.4
ISTATP_INDICE_VECCHIAIA;provincia;massa-carrara;2021;256.2
ISTATP_INDICE_VECCHIAIA;provincia;massa-carrara;2022;265.3
ISTATP_INDICE_VECCHIAIA;provincia;massa-carrara;2023;273.5
ISTATP_INDICE_VECCHIAIA;provincia;massa-carrara;2024;285.4
ISTATP_INDICE_VECCHIAIA;provincia;massa-carrara;2025;296.2
ISTATP_INDICE_VECCHIAIA;provincia;massa-carrara;2026;307.4
ISTATP_INDICE_VECCHIAIA;provincia;matera;2015;160.4
ISTATP_INDICE_VECCHIAIA;provincia;matera;2016;166.3
ISTATP_INDICE_VECCHIAIA;provincia;matera;2017;170.9
ISTATP_INDICE_VECCHIAIA;provincia;matera;2018;176.7
ISTATP_INDICE_VECCHIAIA;provincia;matera;2019;182.8
ISTATP_INDICE_VECCHIAIA;provincia;matera;2020;189.4
ISTATP_INDICE_VECCHIAIA;provincia;matera;2021;194.5
ISTATP_INDICE_VECCHIAIA;provincia;matera;2022;201.3
ISTATP_INDICE_VECCHIAIA;provincia;matera;2023;206.6
ISTATP_INDICE_VECCHIAIA;provincia;matera;2024;215.4
ISTATP_INDICE_VECCHIAIA;provincia;matera;2025;224.8
ISTATP_INDICE_VECCHIAIA;provincia;matera;2026;234.1
ISTATP_INDICE_VECCHIAIA;provincia;messina;2015;168.1
ISTATP_INDICE_VECCHIAIA;provincia;messina;2016;172.4
ISTATP_INDICE_VECCHIAIA;provincia;messina;2017;177.5
ISTATP_INDICE_VECCHIAIA;provincia;messina;2018;181.1
ISTATP_INDICE_VECCHIAIA;provincia;messina;2019;186
ISTATP_INDICE_VECCHIAIA;provincia;messina;2020;192.6
ISTATP_INDICE_VECCHIAIA;provincia;messina;2021;197.2
ISTATP_INDICE_VECCHIAIA;provincia;messina;2022;202.1
ISTATP_INDICE_VECCHIAIA;provincia;messina;2023;208.1
ISTATP_INDICE_VECCHIAIA;provincia;messina;2024;215.1
ISTATP_INDICE_VECCHIAIA;provincia;messina;2025;223.6
ISTATP_INDICE_VECCHIAIA;provincia;messina;2026;233
ISTATP_INDICE_VECCHIAIA;provincia;milano;2015;161.5
ISTATP_INDICE_VECCHIAIA;provincia;milano;2016;163.1
ISTATP_INDICE_VECCHIAIA;provincia;milano;2017;164.9
ISTATP_INDICE_VECCHIAIA;provincia;milano;2018;166.4
ISTATP_INDICE_VECCHIAIA;provincia;milano;2019;168.8
ISTATP_INDICE_VECCHIAIA;provincia;milano;2020;172
ISTATP_INDICE_VECCHIAIA;provincia;milano;2021;171.9
ISTATP_INDICE_VECCHIAIA;provincia;milano;2022;175.6
ISTATP_INDICE_VECCHIAIA;provincia;milano;2023;179.6
ISTATP_INDICE_VECCHIAIA;provincia;milano;2024;184.8
ISTATP_INDICE_VECCHIAIA;provincia;milano;2025;191.2
ISTATP_INDICE_VECCHIAIA;provincia;milano;2026;197.6
ISTATP_INDICE_VECCHIAIA;provincia;modena;2015;154.8
ISTATP_INDICE_VECCHIAIA;provincia;modena;2016;157.8
ISTATP_INDICE_VECCHIAIA;provincia;modena;2017;160.1
ISTATP_INDICE_VECCHIAIA;provincia;modena;2018;163.1
ISTATP_INDICE_VECCHIAIA;provincia;modena;2019;165.1
ISTATP_INDICE_VECCHIAIA;provincia;modena;2020;169.7
ISTATP_INDICE_VECCHIAIA;provincia;modena;2021;172.7
ISTATP_INDICE_VECCHIAIA;provincia;modena;2022;176.6
ISTATP_INDICE_VECCHIAIA;provincia;modena;2023;181.2
ISTATP_INDICE_VECCHIAIA;provincia;modena;2024;187.1
ISTATP_INDICE_VECCHIAIA;provincia;modena;2025;193.4
ISTATP_INDICE_VECCHIAIA;provincia;modena;2026;200.5
ISTATP_INDICE_VECCHIAIA;provincia;monza-e-della-brianza;2015;145.6
ISTATP_INDICE_VECCHIAIA;provincia;monza-e-della-brianza;2016;149
ISTATP_INDICE_VECCHIAIA;provincia;monza-e-della-brianza;2017;152.8
ISTATP_INDICE_VECCHIAIA;provincia;monza-e-della-brianza;2018;156.3
ISTATP_INDICE_VECCHIAIA;provincia;monza-e-della-brianza;2019;159.9
ISTATP_INDICE_VECCHIAIA;provincia;monza-e-della-brianza;2020;164.4
ISTATP_INDICE_VECCHIAIA;provincia;monza-e-della-brianza;2021;167
ISTATP_INDICE_VECCHIAIA;provincia;monza-e-della-brianza;2022;172.5
ISTATP_INDICE_VECCHIAIA;provincia;monza-e-della-brianza;2023;177.6
ISTATP_INDICE_VECCHIAIA;provincia;monza-e-della-brianza;2024;184
ISTATP_INDICE_VECCHIAIA;provincia;monza-e-della-brianza;2025;191.5
ISTATP_INDICE_VECCHIAIA;provincia;monza-e-della-brianza;2026;199.7
ISTATP_INDICE_VECCHIAIA;provincia;napoli;2015;100.6
ISTATP_INDICE_VECCHIAIA;provincia;napoli;2016;104.2
ISTATP_INDICE_VECCHIAIA;provincia;napoli;2017;108.3
ISTATP_INDICE_VECCHIAIA;provincia;napoli;2018;111.8
ISTATP_INDICE_VECCHIAIA;provincia;napoli;2019;116.5
ISTATP_INDICE_VECCHIAIA;provincia;napoli;2020;121.8
ISTATP_INDICE_VECCHIAIA;provincia;napoli;2021;125.3
ISTATP_INDICE_VECCHIAIA;provincia;napoli;2022;130.3
ISTATP_INDICE_VECCHIAIA;provincia;napoli;2023;135.5
ISTATP_INDICE_VECCHIAIA;provincia;napoli;2024;141.4
ISTATP_INDICE_VECCHIAIA;provincia;napoli;2025;148.1
ISTATP_INDICE_VECCHIAIA;provincia;napoli;2026;155.4
ISTATP_INDICE_VECCHIAIA;provincia;novara;2015;169.2
ISTATP_INDICE_VECCHIAIA;provincia;novara;2016;172.9
ISTATP_INDICE_VECCHIAIA;provincia;novara;2017;176.1
ISTATP_INDICE_VECCHIAIA;provincia;novara;2018;180.1
ISTATP_INDICE_VECCHIAIA;provincia;novara;2019;183.8
ISTATP_INDICE_VECCHIAIA;provincia;novara;2020;188.6
ISTATP_INDICE_VECCHIAIA;provincia;novara;2021;190.9
ISTATP_INDICE_VECCHIAIA;provincia;novara;2022;195.2
ISTATP_INDICE_VECCHIAIA;provincia;novara;2023;201.1
ISTATP_INDICE_VECCHIAIA;provincia;novara;2024;207.5
ISTATP_INDICE_VECCHIAIA;provincia;novara;2025;215
ISTATP_INDICE_VECCHIAIA;provincia;novara;2026;222.1
ISTATP_INDICE_VECCHIAIA;provincia;nuoro;2015;179.4
ISTATP_INDICE_VECCHIAIA;provincia;nuoro;2016;186.4
ISTATP_INDICE_VECCHIAIA;provincia;nuoro;2017;193.3
ISTATP_INDICE_VECCHIAIA;provincia;nuoro;2018;199.4
ISTATP_INDICE_VECCHIAIA;provincia;nuoro;2019;207.2
ISTATP_INDICE_VECCHIAIA;provincia;nuoro;2020;217
ISTATP_INDICE_VECCHIAIA;provincia;nuoro;2021;226.3
ISTATP_INDICE_VECCHIAIA;provincia;nuoro;2022;236.4
ISTATP_INDICE_VECCHIAIA;provincia;nuoro;2023;246.2
ISTATP_INDICE_VECCHIAIA;provincia;nuoro;2024;258.9
ISTATP_INDICE_VECCHIAIA;provincia;nuoro;2025;273.7
ISTATP_INDICE_VECCHIAIA;provincia;nuoro;2026;288.4
ISTATP_INDICE_VECCHIAIA;provincia;oristano;2015;224.3
ISTATP_INDICE_VECCHIAIA;provincia;oristano;2016;234
ISTATP_INDICE_VECCHIAIA;provincia;oristano;2017;242.7
ISTATP_INDICE_VECCHIAIA;provincia;oristano;2018;251.1
ISTATP_INDICE_VECCHIAIA;provincia;oristano;2019;262.1
ISTATP_INDICE_VECCHIAIA;provincia;oristano;2020;273.2
ISTATP_INDICE_VECCHIAIA;provincia;oristano;2021;283.7
ISTATP_INDICE_VECCHIAIA;provincia;oristano;2022;293.5
ISTATP_INDICE_VECCHIAIA;provincia;oristano;2023;305.6
ISTATP_INDICE_VECCHIAIA;provincia;oristano;2024;320.2
ISTATP_INDICE_VECCHIAIA;provincia;oristano;2025;334.4
ISTATP_INDICE_VECCHIAIA;provincia;oristano;2026;352.2
ISTATP_INDICE_VECCHIAIA;provincia;padova;2015;153.1
ISTATP_INDICE_VECCHIAIA;provincia;padova;2016;157.6
ISTATP_INDICE_VECCHIAIA;provincia;padova;2017;161.8
ISTATP_INDICE_VECCHIAIA;provincia;padova;2018;165.8
ISTATP_INDICE_VECCHIAIA;provincia;padova;2019;170.8
ISTATP_INDICE_VECCHIAIA;provincia;padova;2020;177
ISTATP_INDICE_VECCHIAIA;provincia;padova;2021;181.7
ISTATP_INDICE_VECCHIAIA;provincia;padova;2022;187.5
ISTATP_INDICE_VECCHIAIA;provincia;padova;2023;194.2
ISTATP_INDICE_VECCHIAIA;provincia;padova;2024;202.5
ISTATP_INDICE_VECCHIAIA;provincia;padova;2025;212.1
ISTATP_INDICE_VECCHIAIA;provincia;padova;2026;222.1
ISTATP_INDICE_VECCHIAIA;provincia;palermo;2015;128.4
ISTATP_INDICE_VECCHIAIA;provincia;palermo;2016;131.7
ISTATP_INDICE_VECCHIAIA;provincia;palermo;2017;135.8
ISTATP_INDICE_VECCHIAIA;provincia;palermo;2018;139.6
ISTATP_INDICE_VECCHIAIA;provincia;palermo;2019;143.8
ISTATP_INDICE_VECCHIAIA;provincia;palermo;2020;149.1
ISTATP_INDICE_VECCHIAIA;provincia;palermo;2021;152.5
ISTATP_INDICE_VECCHIAIA;provincia;palermo;2022;156.8
ISTATP_INDICE_VECCHIAIA;provincia;palermo;2023;161.3
ISTATP_INDICE_VECCHIAIA;provincia;palermo;2024;166.5
ISTATP_INDICE_VECCHIAIA;provincia;palermo;2025;173.1
ISTATP_INDICE_VECCHIAIA;provincia;palermo;2026;180.6
ISTATP_INDICE_VECCHIAIA;provincia;parma;2015;174.4
ISTATP_INDICE_VECCHIAIA;provincia;parma;2016;174.4
ISTATP_INDICE_VECCHIAIA;provincia;parma;2017;174.9
ISTATP_INDICE_VECCHIAIA;provincia;parma;2018;175.4
ISTATP_INDICE_VECCHIAIA;provincia;parma;2019;176.5
ISTATP_INDICE_VECCHIAIA;provincia;parma;2020;177.6
ISTATP_INDICE_VECCHIAIA;provincia;parma;2021;176.8
ISTATP_INDICE_VECCHIAIA;provincia;parma;2022;178.2
ISTATP_INDICE_VECCHIAIA;provincia;parma;2023;181.1
ISTATP_INDICE_VECCHIAIA;provincia;parma;2024;185
ISTATP_INDICE_VECCHIAIA;provincia;parma;2025;191
ISTATP_INDICE_VECCHIAIA;provincia;parma;2026;196.7
ISTATP_INDICE_VECCHIAIA;provincia;pavia;2015;188.2
ISTATP_INDICE_VECCHIAIA;provincia;pavia;2016;190.9
ISTATP_INDICE_VECCHIAIA;provincia;pavia;2017;194.3
ISTATP_INDICE_VECCHIAIA;provincia;pavia;2018;197.2
ISTATP_INDICE_VECCHIAIA;provincia;pavia;2019;199.4
ISTATP_INDICE_VECCHIAIA;provincia;pavia;2020;203.7
ISTATP_INDICE_VECCHIAIA;provincia;pavia;2021;203.9
ISTATP_INDICE_VECCHIAIA;provincia;pavia;2022;208.3
ISTATP_INDICE_VECCHIAIA;provincia;pavia;2023;211.7
ISTATP_INDICE_VECCHIAIA;provincia;pavia;2024;216.3
ISTATP_INDICE_VECCHIAIA;provincia;pavia;2025;221.8
ISTATP_INDICE_VECCHIAIA;provincia;pavia;2026;226.1
ISTATP_INDICE_VECCHIAIA;provincia;perugia;2015;180.4
ISTATP_INDICE_VECCHIAIA;provincia;perugia;2016;183.4
ISTATP_INDICE_VECCHIAIA;provincia;perugia;2017;187.1
ISTATP_INDICE_VECCHIAIA;provincia;perugia;2018;190.4
ISTATP_INDICE_VECCHIAIA;provincia;perugia;2019;195.6
ISTATP_INDICE_VECCHIAIA;provincia;perugia;2020;201.2
ISTATP_INDICE_VECCHIAIA;provincia;perugia;2021;206.3
ISTATP_INDICE_VECCHIAIA;provincia;perugia;2022;211.8
ISTATP_INDICE_VECCHIAIA;provincia;perugia;2023;218.4
ISTATP_INDICE_VECCHIAIA;provincia;perugia;2024;227.1
ISTATP_INDICE_VECCHIAIA;provincia;perugia;2025;236.3
ISTATP_INDICE_VECCHIAIA;provincia;perugia;2026;246.1
ISTATP_INDICE_VECCHIAIA;provincia;pesaro-e-urbino;2015;169.4
ISTATP_INDICE_VECCHIAIA;provincia;pesaro-e-urbino;2016;173.5
ISTATP_INDICE_VECCHIAIA;provincia;pesaro-e-urbino;2017;177.5
ISTATP_INDICE_VECCHIAIA;provincia;pesaro-e-urbino;2018;181.3
ISTATP_INDICE_VECCHIAIA;provincia;pesaro-e-urbino;2019;186.4
ISTATP_INDICE_VECCHIAIA;provincia;pesaro-e-urbino;2020;192.2
ISTATP_INDICE_VECCHIAIA;provincia;pesaro-e-urbino;2021;195.4
ISTATP_INDICE_VECCHIAIA;provincia;pesaro-e-urbino;2022;201.1
ISTATP_INDICE_VECCHIAIA;provincia;pesaro-e-urbino;2023;206.7
ISTATP_INDICE_VECCHIAIA;provincia;pesaro-e-urbino;2024;214.7
ISTATP_INDICE_VECCHIAIA;provincia;pesaro-e-urbino;2025;224.7
ISTATP_INDICE_VECCHIAIA;provincia;pesaro-e-urbino;2026;234.9
ISTATP_INDICE_VECCHIAIA;provincia;pescara;2015;165.3
ISTATP_INDICE_VECCHIAIA;provincia;pescara;2016;168.1
ISTATP_INDICE_VECCHIAIA;provincia;pescara;2017;171.8
ISTATP_INDICE_VECCHIAIA;provincia;pescara;2018;175.6
ISTATP_INDICE_VECCHIAIA;provincia;pescara;2019;179.8
ISTATP_INDICE_VECCHIAIA;provincia;pescara;2020;185.2
ISTATP_INDICE_VECCHIAIA;provincia;pescara;2021;188
ISTATP_INDICE_VECCHIAIA;provincia;pescara;2022;191.7
ISTATP_INDICE_VECCHIAIA;provincia;pescara;2023;196.5
ISTATP_INDICE_VECCHIAIA;provincia;pescara;2024;204.8
ISTATP_INDICE_VECCHIAIA;provincia;pescara;2025;213.4
ISTATP_INDICE_VECCHIAIA;provincia;pescara;2026;222.2
ISTATP_INDICE_VECCHIAIA;provincia;piacenza;2015;192.5
ISTATP_INDICE_VECCHIAIA;provincia;piacenza;2016;194.4
ISTATP_INDICE_VECCHIAIA;provincia;piacenza;2017;195.8
ISTATP_INDICE_VECCHIAIA;provincia;piacenza;2018;197.3
ISTATP_INDICE_VECCHIAIA;provincia;piacenza;2019;197.9
ISTATP_INDICE_VECCHIAIA;provincia;piacenza;2020;200
ISTATP_INDICE_VECCHIAIA;provincia;piacenza;2021;198.8
ISTATP_INDICE_VECCHIAIA;provincia;piacenza;2022;202.1
ISTATP_INDICE_VECCHIAIA;provincia;piacenza;2023;205.3
ISTATP_INDICE_VECCHIAIA;provincia;piacenza;2024;207.8
ISTATP_INDICE_VECCHIAIA;provincia;piacenza;2025;213.2
ISTATP_INDICE_VECCHIAIA;provincia;piacenza;2026;218.3
ISTATP_INDICE_VECCHIAIA;provincia;pisa;2015;178.9
ISTATP_INDICE_VECCHIAIA;provincia;pisa;2016;181.4
ISTATP_INDICE_VECCHIAIA;provincia;pisa;2017;183.3
ISTATP_INDICE_VECCHIAIA;provincia;pisa;2018;186.3
ISTATP_INDICE_VECCHIAIA;provincia;pisa;2019;190
ISTATP_INDICE_VECCHIAIA;provincia;pisa;2020;193.9
ISTATP_INDICE_VECCHIAIA;provincia;pisa;2021;196.3
ISTATP_INDICE_VECCHIAIA;provincia;pisa;2022;200.5
ISTATP_INDICE_VECCHIAIA;provincia;pisa;2023;206
ISTATP_INDICE_VECCHIAIA;provincia;pisa;2024;212.4
ISTATP_INDICE_VECCHIAIA;provincia;pisa;2025;220
ISTATP_INDICE_VECCHIAIA;provincia;pisa;2026;227.8
ISTATP_INDICE_VECCHIAIA;provincia;pistoia;2015;189.7
ISTATP_INDICE_VECCHIAIA;provincia;pistoia;2016;192.7
ISTATP_INDICE_VECCHIAIA;provincia;pistoia;2017;196.7
ISTATP_INDICE_VECCHIAIA;provincia;pistoia;2018;199.5
ISTATP_INDICE_VECCHIAIA;provincia;pistoia;2019;202
ISTATP_INDICE_VECCHIAIA;provincia;pistoia;2020;206.8
ISTATP_INDICE_VECCHIAIA;provincia;pistoia;2021;210.7
ISTATP_INDICE_VECCHIAIA;provincia;pistoia;2022;215.2
ISTATP_INDICE_VECCHIAIA;provincia;pistoia;2023;221.8
ISTATP_INDICE_VECCHIAIA;provincia;pistoia;2024;228.8
ISTATP_INDICE_VECCHIAIA;provincia;pistoia;2025;237.3
ISTATP_INDICE_VECCHIAIA;provincia;pistoia;2026;246.9
ISTATP_INDICE_VECCHIAIA;provincia;pordenone;2015;160.5
ISTATP_INDICE_VECCHIAIA;provincia;pordenone;2016;165.5
ISTATP_INDICE_VECCHIAIA;provincia;pordenone;2017;170.6
ISTATP_INDICE_VECCHIAIA;provincia;pordenone;2018;175
ISTATP_INDICE_VECCHIAIA;provincia;pordenone;2019;178.3
ISTATP_INDICE_VECCHIAIA;provincia;pordenone;2020;184.2
ISTATP_INDICE_VECCHIAIA;provincia;pordenone;2021;187.3
ISTATP_INDICE_VECCHIAIA;provincia;pordenone;2022;191.8
ISTATP_INDICE_VECCHIAIA;provincia;pordenone;2023;198
ISTATP_INDICE_VECCHIAIA;provincia;pordenone;2024;204.8
ISTATP_INDICE_VECCHIAIA;provincia;pordenone;2025;214.4
ISTATP_INDICE_VECCHIAIA;provincia;pordenone;2026;223.4
ISTATP_INDICE_VECCHIAIA;provincia;potenza;2015;176.4
ISTATP_INDICE_VECCHIAIA;provincia;potenza;2016;181.6
ISTATP_INDICE_VECCHIAIA;provincia;potenza;2017;187.3
ISTATP_INDICE_VECCHIAIA;provincia;potenza;2018;192.3
ISTATP_INDICE_VECCHIAIA;provincia;potenza;2019;199.9
ISTATP_INDICE_VECCHIAIA;provincia;potenza;2020;207.4
ISTATP_INDICE_VECCHIAIA;provincia;potenza;2021;213.6
ISTATP_INDICE_VECCHIAIA;provincia;potenza;2022;221.6
ISTATP_INDICE_VECCHIAIA;provincia;potenza;2023;228.9
ISTATP_INDICE_VECCHIAIA;provincia;potenza;2024;238.3
ISTATP_INDICE_VECCHIAIA;provincia;potenza;2025;248.9
ISTATP_INDICE_VECCHIAIA;provincia;potenza;2026;259.7
ISTATP_INDICE_VECCHIAIA;provincia;prato;2015;151.7
ISTATP_INDICE_VECCHIAIA;provincia;prato;2016;153.9
ISTATP_INDICE_VECCHIAIA;provincia;prato;2017;154.8
ISTATP_INDICE_VECCHIAIA;provincia;prato;2018;156.9
ISTATP_INDICE_VECCHIAIA;provincia;prato;2019;159.3
ISTATP_INDICE_VECCHIAIA;provincia;prato;2020;163
ISTATP_INDICE_VECCHIAIA;provincia;prato;2021;164.9
ISTATP_INDICE_VECCHIAIA;provincia;prato;2022;171.8
ISTATP_INDICE_VECCHIAIA;provincia;prato;2023;179
ISTATP_INDICE_VECCHIAIA;provincia;prato;2024;187.9
ISTATP_INDICE_VECCHIAIA;provincia;prato;2025;197
ISTATP_INDICE_VECCHIAIA;provincia;prato;2026;206.9
ISTATP_INDICE_VECCHIAIA;provincia;ragusa;2015;131.6
ISTATP_INDICE_VECCHIAIA;provincia;ragusa;2016;134.3
ISTATP_INDICE_VECCHIAIA;provincia;ragusa;2017;137.3
ISTATP_INDICE_VECCHIAIA;provincia;ragusa;2018;139.2
ISTATP_INDICE_VECCHIAIA;provincia;ragusa;2019;142.2
ISTATP_INDICE_VECCHIAIA;provincia;ragusa;2020;145.9
ISTATP_INDICE_VECCHIAIA;provincia;ragusa;2021;147.6
ISTATP_INDICE_VECCHIAIA;provincia;ragusa;2022;151.1
ISTATP_INDICE_VECCHIAIA;provincia;ragusa;2023;153.1
ISTATP_INDICE_VECCHIAIA;provincia;ragusa;2024;156.5
ISTATP_INDICE_VECCHIAIA;provincia;ragusa;2025;161
ISTATP_INDICE_VECCHIAIA;provincia;ragusa;2026;166.2
ISTATP_INDICE_VECCHIAIA;provincia;ravenna;2015;190.5
ISTATP_INDICE_VECCHIAIA;provincia;ravenna;2016;192.9
ISTATP_INDICE_VECCHIAIA;provincia;ravenna;2017;196
ISTATP_INDICE_VECCHIAIA;provincia;ravenna;2018;199.2
ISTATP_INDICE_VECCHIAIA;provincia;ravenna;2019;202.7
ISTATP_INDICE_VECCHIAIA;provincia;ravenna;2020;206
ISTATP_INDICE_VECCHIAIA;provincia;ravenna;2021;207.7
ISTATP_INDICE_VECCHIAIA;provincia;ravenna;2022;212.7
ISTATP_INDICE_VECCHIAIA;provincia;ravenna;2023;217.4
ISTATP_INDICE_VECCHIAIA;provincia;ravenna;2024;224.6
ISTATP_INDICE_VECCHIAIA;provincia;ravenna;2025;233.5
ISTATP_INDICE_VECCHIAIA;provincia;ravenna;2026;242.8
ISTATP_INDICE_VECCHIAIA;provincia;reggio-calabria;2015;140.7
ISTATP_INDICE_VECCHIAIA;provincia;reggio-calabria;2016;144
ISTATP_INDICE_VECCHIAIA;provincia;reggio-calabria;2017;147.7
ISTATP_INDICE_VECCHIAIA;provincia;reggio-calabria;2018;150.5
ISTATP_INDICE_VECCHIAIA;provincia;reggio-calabria;2019;154.8
ISTATP_INDICE_VECCHIAIA;provincia;reggio-calabria;2020;160.1
ISTATP_INDICE_VECCHIAIA;provincia;reggio-calabria;2021;163.8
ISTATP_INDICE_VECCHIAIA;provincia;reggio-calabria;2022;168.3
ISTATP_INDICE_VECCHIAIA;provincia;reggio-calabria;2023;173.5
ISTATP_INDICE_VECCHIAIA;provincia;reggio-calabria;2024;178.4
ISTATP_INDICE_VECCHIAIA;provincia;reggio-calabria;2025;184.8
ISTATP_INDICE_VECCHIAIA;provincia;reggio-calabria;2026;192.7
ISTATP_INDICE_VECCHIAIA;provincia;reggio-emilia;2015;138.1
ISTATP_INDICE_VECCHIAIA;provincia;reggio-emilia;2016;140.4
ISTATP_INDICE_VECCHIAIA;provincia;reggio-emilia;2017;142.9
ISTATP_INDICE_VECCHIAIA;provincia;reggio-emilia;2018;146.3
ISTATP_INDICE_VECCHIAIA;provincia;reggio-emilia;2019;150.4
ISTATP_INDICE_VECCHIAIA;provincia;reggio-emilia;2020;155.5
ISTATP_INDICE_VECCHIAIA;provincia;reggio-emilia;2021;159
ISTATP_INDICE_VECCHIAIA;provincia;reggio-emilia;2022;163.8
ISTATP_INDICE_VECCHIAIA;provincia;reggio-emilia;2023;169.4
ISTATP_INDICE_VECCHIAIA;provincia;reggio-emilia;2024;175
ISTATP_INDICE_VECCHIAIA;provincia;reggio-emilia;2025;181.9
ISTATP_INDICE_VECCHIAIA;provincia;reggio-emilia;2026;189.7
ISTATP_INDICE_VECCHIAIA;provincia;rieti;2015;202.7
ISTATP_INDICE_VECCHIAIA;provincia;rieti;2016;208
ISTATP_INDICE_VECCHIAIA;provincia;rieti;2017;212.4
ISTATP_INDICE_VECCHIAIA;provincia;rieti;2018;217.8
ISTATP_INDICE_VECCHIAIA;provincia;rieti;2019;227.1
ISTATP_INDICE_VECCHIAIA;provincia;rieti;2020;233.7
ISTATP_INDICE_VECCHIAIA;provincia;rieti;2021;239.6
ISTATP_INDICE_VECCHIAIA;provincia;rieti;2022;245.7
ISTATP_INDICE_VECCHIAIA;provincia;rieti;2023;251.3
ISTATP_INDICE_VECCHIAIA;provincia;rieti;2024;259.3
ISTATP_INDICE_VECCHIAIA;provincia;rieti;2025;268.4
ISTATP_INDICE_VECCHIAIA;provincia;rieti;2026;276.9
ISTATP_INDICE_VECCHIAIA;provincia;rimini;2015;159.4
ISTATP_INDICE_VECCHIAIA;provincia;rimini;2016;162.2
ISTATP_INDICE_VECCHIAIA;provincia;rimini;2017;166.1
ISTATP_INDICE_VECCHIAIA;provincia;rimini;2018;169.9
ISTATP_INDICE_VECCHIAIA;provincia;rimini;2019;173.5
ISTATP_INDICE_VECCHIAIA;provincia;rimini;2020;178.7
ISTATP_INDICE_VECCHIAIA;provincia;rimini;2021;181.6
ISTATP_INDICE_VECCHIAIA;provincia;rimini;2022;187.8
ISTATP_INDICE_VECCHIAIA;provincia;rimini;2023;195.7
ISTATP_INDICE_VECCHIAIA;provincia;rimini;2024;204.9
ISTATP_INDICE_VECCHIAIA;provincia;rimini;2025;215.3
ISTATP_INDICE_VECCHIAIA;provincia;rimini;2026;227.8
ISTATP_INDICE_VECCHIAIA;provincia;roma;2015;146.8
ISTATP_INDICE_VECCHIAIA;provincia;roma;2016;148.8
ISTATP_INDICE_VECCHIAIA;provincia;roma;2017;151.3
ISTATP_INDICE_VECCHIAIA;provincia;roma;2018;154.3
ISTATP_INDICE_VECCHIAIA;provincia;roma;2019;159.1
ISTATP_INDICE_VECCHIAIA;provincia;roma;2020;164
ISTATP_INDICE_VECCHIAIA;provincia;roma;2021;167.2
ISTATP_INDICE_VECCHIAIA;provincia;roma;2022;172
ISTATP_INDICE_VECCHIAIA;provincia;roma;2023;178.3
ISTATP_INDICE_VECCHIAIA;provincia;roma;2024;185.3
ISTATP_INDICE_VECCHIAIA;provincia;roma;2025;193.4
ISTATP_INDICE_VECCHIAIA;provincia;roma;2026;203.4
ISTATP_INDICE_VECCHIAIA;provincia;rovigo;2015;213.9
ISTATP_INDICE_VECCHIAIA;provincia;rovigo;2016;219.6
ISTATP_INDICE_VECCHIAIA;provincia;rovigo;2017;224.2
ISTATP_INDICE_VECCHIAIA;provincia;rovigo;2018;229.1
ISTATP_INDICE_VECCHIAIA;provincia;rovigo;2019;235.5
ISTATP_INDICE_VECCHIAIA;provincia;rovigo;2020;243.8
ISTATP_INDICE_VECCHIAIA;provincia;rovigo;2021;250.3
ISTATP_INDICE_VECCHIAIA;provincia;rovigo;2022;256.8
ISTATP_INDICE_VECCHIAIA;provincia;rovigo;2023;263.6
ISTATP_INDICE_VECCHIAIA;provincia;rovigo;2024;273
ISTATP_INDICE_VECCHIAIA;provincia;rovigo;2025;285.2
ISTATP_INDICE_VECCHIAIA;provincia;rovigo;2026;296.6
ISTATP_INDICE_VECCHIAIA;provincia;salerno;2015;137.9
ISTATP_INDICE_VECCHIAIA;provincia;salerno;2016;141.7
ISTATP_INDICE_VECCHIAIA;provincia;salerno;2017;146
ISTATP_INDICE_VECCHIAIA;provincia;salerno;2018;149.3
ISTATP_INDICE_VECCHIAIA;provincia;salerno;2019;153.9
ISTATP_INDICE_VECCHIAIA;provincia;salerno;2020;159.1
ISTATP_INDICE_VECCHIAIA;provincia;salerno;2021;163.7
ISTATP_INDICE_VECCHIAIA;provincia;salerno;2022;168.4
ISTATP_INDICE_VECCHIAIA;provincia;salerno;2023;173.4
ISTATP_INDICE_VECCHIAIA;provincia;salerno;2024;179.2
ISTATP_INDICE_VECCHIAIA;provincia;salerno;2025;186.6
ISTATP_INDICE_VECCHIAIA;provincia;salerno;2026;194.3
ISTATP_INDICE_VECCHIAIA;provincia;sassari;2015;169.1
ISTATP_INDICE_VECCHIAIA;provincia;sassari;2016;175.2
ISTATP_INDICE_VECCHIAIA;provincia;sassari;2017;180.8
ISTATP_INDICE_VECCHIAIA;provincia;sassari;2018;186.7
ISTATP_INDICE_VECCHIAIA;provincia;sassari;2019;194.9
ISTATP_INDICE_VECCHIAIA;provincia;sassari;2020;203.3
ISTATP_INDICE_VECCHIAIA;provincia;sassari;2021;211.8
ISTATP_INDICE_VECCHIAIA;provincia;sassari;2022;220.3
ISTATP_INDICE_VECCHIAIA;provincia;sassari;2023;230.6
ISTATP_INDICE_VECCHIAIA;provincia;sassari;2024;243.5
ISTATP_INDICE_VECCHIAIA;provincia;sassari;2025;257.7
ISTATP_INDICE_VECCHIAIA;provincia;sassari;2026;272.9
ISTATP_INDICE_VECCHIAIA;provincia;savona;2015;247.9
ISTATP_INDICE_VECCHIAIA;provincia;savona;2016;251.3
ISTATP_INDICE_VECCHIAIA;provincia;savona;2017;255.8
ISTATP_INDICE_VECCHIAIA;provincia;savona;2018;260.9
ISTATP_INDICE_VECCHIAIA;provincia;savona;2019;266.4
ISTATP_INDICE_VECCHIAIA;provincia;savona;2020;273.7
ISTATP_INDICE_VECCHIAIA;provincia;savona;2021;278.2
ISTATP_INDICE_VECCHIAIA;provincia;savona;2022;284
ISTATP_INDICE_VECCHIAIA;provincia;savona;2023;289.7
ISTATP_INDICE_VECCHIAIA;provincia;savona;2024;298.6
ISTATP_INDICE_VECCHIAIA;provincia;savona;2025;308.1
ISTATP_INDICE_VECCHIAIA;provincia;savona;2026;316.2
ISTATP_INDICE_VECCHIAIA;provincia;siena;2015;201.2
ISTATP_INDICE_VECCHIAIA;provincia;siena;2016;203.2
ISTATP_INDICE_VECCHIAIA;provincia;siena;2017;205.9
ISTATP_INDICE_VECCHIAIA;provincia;siena;2018;208
ISTATP_INDICE_VECCHIAIA;provincia;siena;2019;211.4
ISTATP_INDICE_VECCHIAIA;provincia;siena;2020;214.8
ISTATP_INDICE_VECCHIAIA;provincia;siena;2021;218.8
ISTATP_INDICE_VECCHIAIA;provincia;siena;2022;221.7
ISTATP_INDICE_VECCHIAIA;provincia;siena;2023;226.9
ISTATP_INDICE_VECCHIAIA;provincia;siena;2024;233.8
ISTATP_INDICE_VECCHIAIA;provincia;siena;2025;242.4
ISTATP_INDICE_VECCHIAIA;provincia;siena;2026;250.8
ISTATP_INDICE_VECCHIAIA;provincia;siracusa;2015;142.3
ISTATP_INDICE_VECCHIAIA;provincia;siracusa;2016;146
ISTATP_INDICE_VECCHIAIA;provincia;siracusa;2017;150.2
ISTATP_INDICE_VECCHIAIA;provincia;siracusa;2018;154
ISTATP_INDICE_VECCHIAIA;provincia;siracusa;2019;158.6
ISTATP_INDICE_VECCHIAIA;provincia;siracusa;2020;163.9
ISTATP_INDICE_VECCHIAIA;provincia;siracusa;2021;168.3
ISTATP_INDICE_VECCHIAIA;provincia;siracusa;2022;171.4
ISTATP_INDICE_VECCHIAIA;provincia;siracusa;2023;176.1
ISTATP_INDICE_VECCHIAIA;provincia;siracusa;2024;182.4
ISTATP_INDICE_VECCHIAIA;provincia;siracusa;2025;189.7
ISTATP_INDICE_VECCHIAIA;provincia;siracusa;2026;198.2
ISTATP_INDICE_VECCHIAIA;provincia;sondrio;2015;162.8
ISTATP_INDICE_VECCHIAIA;provincia;sondrio;2016;168.1
ISTATP_INDICE_VECCHIAIA;provincia;sondrio;2017;172.6
ISTATP_INDICE_VECCHIAIA;provincia;sondrio;2018;176.9
ISTATP_INDICE_VECCHIAIA;provincia;sondrio;2019;181.9
ISTATP_INDICE_VECCHIAIA;provincia;sondrio;2020;186.4
ISTATP_INDICE_VECCHIAIA;provincia;sondrio;2021;189.6
ISTATP_INDICE_VECCHIAIA;provincia;sondrio;2022;196.2
ISTATP_INDICE_VECCHIAIA;provincia;sondrio;2023;202.2
ISTATP_INDICE_VECCHIAIA;provincia;sondrio;2024;209.4
ISTATP_INDICE_VECCHIAIA;provincia;sondrio;2025;216.4
ISTATP_INDICE_VECCHIAIA;provincia;sondrio;2026;225.3
ISTATP_INDICE_VECCHIAIA;provincia;sud-sardegna;2015;203.4
ISTATP_INDICE_VECCHIAIA;provincia;sud-sardegna;2016;212.2
ISTATP_INDICE_VECCHIAIA;provincia;sud-sardegna;2017;222.3
ISTATP_INDICE_VECCHIAIA;provincia;sud-sardegna;2018;232.7
ISTATP_INDICE_VECCHIAIA;provincia;sud-sardegna;2019;243.3
ISTATP_INDICE_VECCHIAIA;provincia;sud-sardegna;2020;255.5
ISTATP_INDICE_VECCHIAIA;provincia;sud-sardegna;2021;265.7
ISTATP_INDICE_VECCHIAIA;provincia;sud-sardegna;2022;276.9
ISTATP_INDICE_VECCHIAIA;provincia;sud-sardegna;2023;290
ISTATP_INDICE_VECCHIAIA;provincia;sud-sardegna;2024;305.6
ISTATP_INDICE_VECCHIAIA;provincia;sud-sardegna;2025;322.9
ISTATP_INDICE_VECCHIAIA;provincia;sud-sardegna;2026;342.2
ISTATP_INDICE_VECCHIAIA;provincia;taranto;2015;149.9
ISTATP_INDICE_VECCHIAIA;provincia;taranto;2016;155.5
ISTATP_INDICE_VECCHIAIA;provincia;taranto;2017;161.6
ISTATP_INDICE_VECCHIAIA;provincia;taranto;2018;167.1
ISTATP_INDICE_VECCHIAIA;provincia;taranto;2019;173.9
ISTATP_INDICE_VECCHIAIA;provincia;taranto;2020;181.2
ISTATP_INDICE_VECCHIAIA;provincia;taranto;2021;188.2
ISTATP_INDICE_VECCHIAIA;provincia;taranto;2022;194.7
ISTATP_INDICE_VECCHIAIA;provincia;taranto;2023;202.8
ISTATP_INDICE_VECCHIAIA;provincia;taranto;2024;211.1
ISTATP_INDICE_VECCHIAIA;provincia;taranto;2025;221.2
ISTATP_INDICE_VECCHIAIA;provincia;taranto;2026;233.3
ISTATP_INDICE_VECCHIAIA;provincia;teramo;2015;168.3
ISTATP_INDICE_VECCHIAIA;provincia;teramo;2016;172.3
ISTATP_INDICE_VECCHIAIA;provincia;teramo;2017;176.6
ISTATP_INDICE_VECCHIAIA;provincia;teramo;2018;179.8
ISTATP_INDICE_VECCHIAIA;provincia;teramo;2019;184.8
ISTATP_INDICE_VECCHIAIA;provincia;teramo;2020;191.2
ISTATP_INDICE_VECCHIAIA;provincia;teramo;2021;195.2
ISTATP_INDICE_VECCHIAIA;provincia;teramo;2022;199.2
ISTATP_INDICE_VECCHIAIA;provincia;teramo;2023;205
ISTATP_INDICE_VECCHIAIA;provincia;teramo;2024;211.7
ISTATP_INDICE_VECCHIAIA;provincia;teramo;2025;219.8
ISTATP_INDICE_VECCHIAIA;provincia;teramo;2026;229.4
ISTATP_INDICE_VECCHIAIA;provincia;terni;2015;218.6
ISTATP_INDICE_VECCHIAIA;provincia;terni;2016;224.2
ISTATP_INDICE_VECCHIAIA;provincia;terni;2017;228.5
ISTATP_INDICE_VECCHIAIA;provincia;terni;2018;233.5
ISTATP_INDICE_VECCHIAIA;provincia;terni;2019;239.3
ISTATP_INDICE_VECCHIAIA;provincia;terni;2020;246.4
ISTATP_INDICE_VECCHIAIA;provincia;terni;2021;252.3
ISTATP_INDICE_VECCHIAIA;provincia;terni;2022;258.9
ISTATP_INDICE_VECCHIAIA;provincia;terni;2023;267.3
ISTATP_INDICE_VECCHIAIA;provincia;terni;2024;275.2
ISTATP_INDICE_VECCHIAIA;provincia;terni;2025;283.6
ISTATP_INDICE_VECCHIAIA;provincia;terni;2026;295.2
ISTATP_INDICE_VECCHIAIA;provincia;torino;2015;185.2
ISTATP_INDICE_VECCHIAIA;provincia;torino;2016;188.7
ISTATP_INDICE_VECCHIAIA;provincia;torino;2017;192.7
ISTATP_INDICE_VECCHIAIA;provincia;torino;2018;196.8
ISTATP_INDICE_VECCHIAIA;provincia;torino;2019;201.8
ISTATP_INDICE_VECCHIAIA;provincia;torino;2020;207.3
ISTATP_INDICE_VECCHIAIA;provincia;torino;2021;210.1
ISTATP_INDICE_VECCHIAIA;provincia;torino;2022;215.4
ISTATP_INDICE_VECCHIAIA;provincia;torino;2023;221.4
ISTATP_INDICE_VECCHIAIA;provincia;torino;2024;228.9
ISTATP_INDICE_VECCHIAIA;provincia;torino;2025;237.4
ISTATP_INDICE_VECCHIAIA;provincia;torino;2026;246.1
ISTATP_INDICE_VECCHIAIA;provincia;trapani;2015;158.6
ISTATP_INDICE_VECCHIAIA;provincia;trapani;2016;162.9
ISTATP_INDICE_VECCHIAIA;provincia;trapani;2017;167.8
ISTATP_INDICE_VECCHIAIA;provincia;trapani;2018;171.9
ISTATP_INDICE_VECCHIAIA;provincia;trapani;2019;176.7
ISTATP_INDICE_VECCHIAIA;provincia;trapani;2020;182.9
ISTATP_INDICE_VECCHIAIA;provincia;trapani;2021;187.7
ISTATP_INDICE_VECCHIAIA;provincia;trapani;2022;191.7
ISTATP_INDICE_VECCHIAIA;provincia;trapani;2023;195.6
ISTATP_INDICE_VECCHIAIA;provincia;trapani;2024;200.9
ISTATP_INDICE_VECCHIAIA;provincia;trapani;2025;206.9
ISTATP_INDICE_VECCHIAIA;provincia;trapani;2026;213.5
ISTATP_INDICE_VECCHIAIA;provincia;trento;2015;138
ISTATP_INDICE_VECCHIAIA;provincia;trento;2016;142
ISTATP_INDICE_VECCHIAIA;provincia;trento;2017;145.9
ISTATP_INDICE_VECCHIAIA;provincia;trento;2018;150
ISTATP_INDICE_VECCHIAIA;provincia;trento;2019;154.2
ISTATP_INDICE_VECCHIAIA;provincia;trento;2020;159.1
ISTATP_INDICE_VECCHIAIA;provincia;trento;2021;161.8
ISTATP_INDICE_VECCHIAIA;provincia;trento;2022;166.9
ISTATP_INDICE_VECCHIAIA;provincia;trento;2023;172.1
ISTATP_INDICE_VECCHIAIA;provincia;trento;2024;179.2
ISTATP_INDICE_VECCHIAIA;provincia;trento;2025;187
ISTATP_INDICE_VECCHIAIA;provincia;trento;2026;195.5
ISTATP_INDICE_VECCHIAIA;provincia;treviso;2015;139.2
ISTATP_INDICE_VECCHIAIA;provincia;treviso;2016;144.1
ISTATP_INDICE_VECCHIAIA;provincia;treviso;2017;148.1
ISTATP_INDICE_VECCHIAIA;provincia;treviso;2018;152.5
ISTATP_INDICE_VECCHIAIA;provincia;treviso;2019;157.6
ISTATP_INDICE_VECCHIAIA;provincia;treviso;2020;163.8
ISTATP_INDICE_VECCHIAIA;provincia;treviso;2021;169.2
ISTATP_INDICE_VECCHIAIA;provincia;treviso;2022;175.3
ISTATP_INDICE_VECCHIAIA;provincia;treviso;2023;181.6
ISTATP_INDICE_VECCHIAIA;provincia;treviso;2024;189.9
ISTATP_INDICE_VECCHIAIA;provincia;treviso;2025;199.2
ISTATP_INDICE_VECCHIAIA;provincia;treviso;2026;209
ISTATP_INDICE_VECCHIAIA;provincia;trieste;2015;251.4
ISTATP_INDICE_VECCHIAIA;provincia;trieste;2016;254.8
ISTATP_INDICE_VECCHIAIA;provincia;trieste;2017;257.8
ISTATP_INDICE_VECCHIAIA;provincia;trieste;2018;259.4
ISTATP_INDICE_VECCHIAIA;provincia;trieste;2019;261.7
ISTATP_INDICE_VECCHIAIA;provincia;trieste;2020;266.2
ISTATP_INDICE_VECCHIAIA;provincia;trieste;2021;265
ISTATP_INDICE_VECCHIAIA;provincia;trieste;2022;267.5
ISTATP_INDICE_VECCHIAIA;provincia;trieste;2023;271.3
ISTATP_INDICE_VECCHIAIA;provincia;trieste;2024;276
ISTATP_INDICE_VECCHIAIA;provincia;trieste;2025;280.7
ISTATP_INDICE_VECCHIAIA;provincia;trieste;2026;287.4
ISTATP_INDICE_VECCHIAIA;provincia;udine;2015;201.7
ISTATP_INDICE_VECCHIAIA;provincia;udine;2016;207.5
ISTATP_INDICE_VECCHIAIA;provincia;udine;2017;212.4
ISTATP_INDICE_VECCHIAIA;provincia;udine;2018;218.2
ISTATP_INDICE_VECCHIAIA;provincia;udine;2019;225
ISTATP_INDICE_VECCHIAIA;provincia;udine;2020;232.2
ISTATP_INDICE_VECCHIAIA;provincia;udine;2021;237.2
ISTATP_INDICE_VECCHIAIA;provincia;udine;2022;243.5
ISTATP_INDICE_VECCHIAIA;provincia;udine;2023;250.1
ISTATP_INDICE_VECCHIAIA;provincia;udine;2024;258.9
ISTATP_INDICE_VECCHIAIA;provincia;udine;2025;269.3
ISTATP_INDICE_VECCHIAIA;provincia;udine;2026;280.5
ISTATP_INDICE_VECCHIAIA;provincia;varese;2015;161.2
ISTATP_INDICE_VECCHIAIA;provincia;varese;2016;164.2
ISTATP_INDICE_VECCHIAIA;provincia;varese;2017;168.2
ISTATP_INDICE_VECCHIAIA;provincia;varese;2018;171.9
ISTATP_INDICE_VECCHIAIA;provincia;varese;2019;175.5
ISTATP_INDICE_VECCHIAIA;provincia;varese;2020;180.3
ISTATP_INDICE_VECCHIAIA;provincia;varese;2021;183.5
ISTATP_INDICE_VECCHIAIA;provincia;varese;2022;187.9
ISTATP_INDICE_VECCHIAIA;provincia;varese;2023;192.9
ISTATP_INDICE_VECCHIAIA;provincia;varese;2024;199.5
ISTATP_INDICE_VECCHIAIA;provincia;varese;2025;207.6
ISTATP_INDICE_VECCHIAIA;provincia;varese;2026;215.4
ISTATP_INDICE_VECCHIAIA;provincia;venezia;2015;180.9
ISTATP_INDICE_VECCHIAIA;provincia;venezia;2016;185.6
ISTATP_INDICE_VECCHIAIA;provincia;venezia;2017;190
ISTATP_INDICE_VECCHIAIA;provincia;venezia;2018;194.1
ISTATP_INDICE_VECCHIAIA;provincia;venezia;2019;199.2
ISTATP_INDICE_VECCHIAIA;provincia;venezia;2020;205.5
ISTATP_INDICE_VECCHIAIA;provincia;venezia;2021;209.1
ISTATP_INDICE_VECCHIAIA;provincia;venezia;2022;215.3
ISTATP_INDICE_VECCHIAIA;provincia;venezia;2023;222
ISTATP_INDICE_VECCHIAIA;provincia;venezia;2024;230.4
ISTATP_INDICE_VECCHIAIA;provincia;venezia;2025;240.3
ISTATP_INDICE_VECCHIAIA;provincia;venezia;2026;250.6
ISTATP_INDICE_VECCHIAIA;provincia;verbano-cusio-ossola;2015;213.6
ISTATP_INDICE_VECCHIAIA;provincia;verbano-cusio-ossola;2016;218.8
ISTATP_INDICE_VECCHIAIA;provincia;verbano-cusio-ossola;2017;225.6
ISTATP_INDICE_VECCHIAIA;provincia;verbano-cusio-ossola;2018;230.2
ISTATP_INDICE_VECCHIAIA;provincia;verbano-cusio-ossola;2019;238.9
ISTATP_INDICE_VECCHIAIA;provincia;verbano-cusio-ossola;2020;248.1
ISTATP_INDICE_VECCHIAIA;provincia;verbano-cusio-ossola;2021;253.5
ISTATP_INDICE_VECCHIAIA;provincia;verbano-cusio-ossola;2022;261.9
ISTATP_INDICE_VECCHIAIA;provincia;verbano-cusio-ossola;2023;268.5
ISTATP_INDICE_VECCHIAIA;provincia;verbano-cusio-ossola;2024;277.3
ISTATP_INDICE_VECCHIAIA;provincia;verbano-cusio-ossola;2025;289.9
ISTATP_INDICE_VECCHIAIA;provincia;verbano-cusio-ossola;2026;301.5
ISTATP_INDICE_VECCHIAIA;provincia;vercelli;2015;220.1
ISTATP_INDICE_VECCHIAIA;provincia;vercelli;2016;225.5
ISTATP_INDICE_VECCHIAIA;provincia;vercelli;2017;230.6
ISTATP_INDICE_VECCHIAIA;provincia;vercelli;2018;234.7
ISTATP_INDICE_VECCHIAIA;provincia;vercelli;2019;238.8
ISTATP_INDICE_VECCHIAIA;provincia;vercelli;2020;242.8
ISTATP_INDICE_VECCHIAIA;provincia;vercelli;2021;244
ISTATP_INDICE_VECCHIAIA;provincia;vercelli;2022;246.9
ISTATP_INDICE_VECCHIAIA;provincia;vercelli;2023;251.7
ISTATP_INDICE_VECCHIAIA;provincia;vercelli;2024;256.5
ISTATP_INDICE_VECCHIAIA;provincia;vercelli;2025;263.9
ISTATP_INDICE_VECCHIAIA;provincia;vercelli;2026;268.9
ISTATP_INDICE_VECCHIAIA;provincia;verona;2015;146.6
ISTATP_INDICE_VECCHIAIA;provincia;verona;2016;149.8
ISTATP_INDICE_VECCHIAIA;provincia;verona;2017;153.1
ISTATP_INDICE_VECCHIAIA;provincia;verona;2018;156
ISTATP_INDICE_VECCHIAIA;provincia;verona;2019;158.8
ISTATP_INDICE_VECCHIAIA;provincia;verona;2020;163.1
ISTATP_INDICE_VECCHIAIA;provincia;verona;2021;165.1
ISTATP_INDICE_VECCHIAIA;provincia;verona;2022;169.7
ISTATP_INDICE_VECCHIAIA;provincia;verona;2023;174.6
ISTATP_INDICE_VECCHIAIA;provincia;verona;2024;181.3
ISTATP_INDICE_VECCHIAIA;provincia;verona;2025;188.7
ISTATP_INDICE_VECCHIAIA;provincia;verona;2026;196.5
ISTATP_INDICE_VECCHIAIA;provincia;vibo-valentia;2015;143.1
ISTATP_INDICE_VECCHIAIA;provincia;vibo-valentia;2016;148.2
ISTATP_INDICE_VECCHIAIA;provincia;vibo-valentia;2017;153.8
ISTATP_INDICE_VECCHIAIA;provincia;vibo-valentia;2018;158.4
ISTATP_INDICE_VECCHIAIA;provincia;vibo-valentia;2019;164.2
ISTATP_INDICE_VECCHIAIA;provincia;vibo-valentia;2020;171.3
ISTATP_INDICE_VECCHIAIA;provincia;vibo-valentia;2021;176.1
ISTATP_INDICE_VECCHIAIA;provincia;vibo-valentia;2022;181.8
ISTATP_INDICE_VECCHIAIA;provincia;vibo-valentia;2023;187.7
ISTATP_INDICE_VECCHIAIA;provincia;vibo-valentia;2024;193.5
ISTATP_INDICE_VECCHIAIA;provincia;vibo-valentia;2025;200
ISTATP_INDICE_VECCHIAIA;provincia;vibo-valentia;2026;208.4
ISTATP_INDICE_VECCHIAIA;provincia;vicenza;2015;139
ISTATP_INDICE_VECCHIAIA;provincia;vicenza;2016;144
ISTATP_INDICE_VECCHIAIA;provincia;vicenza;2017;149.5
ISTATP_INDICE_VECCHIAIA;provincia;vicenza;2018;154.6
ISTATP_INDICE_VECCHIAIA;provincia;vicenza;2019;159.5
ISTATP_INDICE_VECCHIAIA;provincia;vicenza;2020;166.3
ISTATP_INDICE_VECCHIAIA;provincia;vicenza;2021;170.7
ISTATP_INDICE_VECCHIAIA;provincia;vicenza;2022;176.3
ISTATP_INDICE_VECCHIAIA;provincia;vicenza;2023;181.8
ISTATP_INDICE_VECCHIAIA;provincia;vicenza;2024;189
ISTATP_INDICE_VECCHIAIA;provincia;vicenza;2025;197.2
ISTATP_INDICE_VECCHIAIA;provincia;vicenza;2026;206
ISTATP_INDICE_VECCHIAIA;provincia;viterbo;2015;182.5
ISTATP_INDICE_VECCHIAIA;provincia;viterbo;2016;185.9
ISTATP_INDICE_VECCHIAIA;provincia;viterbo;2017;190.2
ISTATP_INDICE_VECCHIAIA;provincia;viterbo;2018;194
ISTATP_INDICE_VECCHIAIA;provincia;viterbo;2019;198.4
ISTATP_INDICE_VECCHIAIA;provincia;viterbo;2020;205.5
ISTATP_INDICE_VECCHIAIA;provincia;viterbo;2021;211.3
ISTATP_INDICE_VECCHIAIA;provincia;viterbo;2022;217.8
ISTATP_INDICE_VECCHIAIA;provincia;viterbo;2023;223.8
ISTATP_INDICE_VECCHIAIA;provincia;viterbo;2024;233.2
ISTATP_INDICE_VECCHIAIA;provincia;viterbo;2025;243.4
ISTATP_INDICE_VECCHIAIA;provincia;viterbo;2026;254.4
ISTATP_INDICE_VECCHIAIA;regione;abruzzo;2015;176.6
ISTATP_INDICE_VECCHIAIA;regione;abruzzo;2016;180.4
ISTATP_INDICE_VECCHIAIA;regione;abruzzo;2017;184.2
ISTATP_INDICE_VECCHIAIA;regione;abruzzo;2018;187.8
ISTATP_INDICE_VECCHIAIA;regione;abruzzo;2019;192.5
ISTATP_INDICE_VECCHIAIA;regione;abruzzo;2020;198.5
ISTATP_INDICE_VECCHIAIA;regione;abruzzo;2021;202.5
ISTATP_INDICE_VECCHIAIA;regione;abruzzo;2022;207.3
ISTATP_INDICE_VECCHIAIA;regione;abruzzo;2023;212.8
ISTATP_INDICE_VECCHIAIA;regione;abruzzo;2024;220.2
ISTATP_INDICE_VECCHIAIA;regione;abruzzo;2025;228.9
ISTATP_INDICE_VECCHIAIA;regione;abruzzo;2026;238.6
ISTATP_INDICE_VECCHIAIA;regione;basilicata;2015;170.6
ISTATP_INDICE_VECCHIAIA;regione;basilicata;2016;176
ISTATP_INDICE_VECCHIAIA;regione;basilicata;2017;181.3
ISTATP_INDICE_VECCHIAIA;regione;basilicata;2018;186.6
ISTATP_INDICE_VECCHIAIA;regione;basilicata;2019;193.6
ISTATP_INDICE_VECCHIAIA;regione;basilicata;2020;200.8
ISTATP_INDICE_VECCHIAIA;regione;basilicata;2021;206.6
ISTATP_INDICE_VECCHIAIA;regione;basilicata;2022;214.1
ISTATP_INDICE_VECCHIAIA;regione;basilicata;2023;220.6
ISTATP_INDICE_VECCHIAIA;regione;basilicata;2024;229.8
ISTATP_INDICE_VECCHIAIA;regione;basilicata;2025;240
ISTATP_INDICE_VECCHIAIA;regione;basilicata;2026;250.2
ISTATP_INDICE_VECCHIAIA;regione;calabria;2015;147
ISTATP_INDICE_VECCHIAIA;regione;calabria;2016;151
ISTATP_INDICE_VECCHIAIA;regione;calabria;2017;155.2
ISTATP_INDICE_VECCHIAIA;regione;calabria;2018;158.6
ISTATP_INDICE_VECCHIAIA;regione;calabria;2019;163.5
ISTATP_INDICE_VECCHIAIA;regione;calabria;2020;169.5
ISTATP_INDICE_VECCHIAIA;regione;calabria;2021;173.3
ISTATP_INDICE_VECCHIAIA;regione;calabria;2022;178.6
ISTATP_INDICE_VECCHIAIA;regione;calabria;2023;183.7
ISTATP_INDICE_VECCHIAIA;regione;calabria;2024;189.4
ISTATP_INDICE_VECCHIAIA;regione;calabria;2025;196.7
ISTATP_INDICE_VECCHIAIA;regione;calabria;2026;205.1
ISTATP_INDICE_VECCHIAIA;regione;campania;2015;113.7
ISTATP_INDICE_VECCHIAIA;regione;campania;2016;117.5
ISTATP_INDICE_VECCHIAIA;regione;campania;2017;121.6
ISTATP_INDICE_VECCHIAIA;regione;campania;2018;125.1
ISTATP_INDICE_VECCHIAIA;regione;campania;2019;129.6
ISTATP_INDICE_VECCHIAIA;regione;campania;2020;135.1
ISTATP_INDICE_VECCHIAIA;regione;campania;2021;138.6
ISTATP_INDICE_VECCHIAIA;regione;campania;2022;143.6
ISTATP_INDICE_VECCHIAIA;regione;campania;2023;148.6
ISTATP_INDICE_VECCHIAIA;regione;campania;2024;154.3
ISTATP_INDICE_VECCHIAIA;regione;campania;2025;161.2
ISTATP_INDICE_VECCHIAIA;regione;campania;2026;168.8
ISTATP_INDICE_VECCHIAIA;regione;emilia-romagna;2015;174.5
ISTATP_INDICE_VECCHIAIA;regione;emilia-romagna;2016;176.5
ISTATP_INDICE_VECCHIAIA;regione;emilia-romagna;2017;178.8
ISTATP_INDICE_VECCHIAIA;regione;emilia-romagna;2018;181.3
ISTATP_INDICE_VECCHIAIA;regione;emilia-romagna;2019;183.7
ISTATP_INDICE_VECCHIAIA;regione;emilia-romagna;2020;187.5
ISTATP_INDICE_VECCHIAIA;regione;emilia-romagna;2021;189.7
ISTATP_INDICE_VECCHIAIA;regione;emilia-romagna;2022;193.7
ISTATP_INDICE_VECCHIAIA;regione;emilia-romagna;2023;198.4
ISTATP_INDICE_VECCHIAIA;regione;emilia-romagna;2024;204.1
ISTATP_INDICE_VECCHIAIA;regione;emilia-romagna;2025;211.1
ISTATP_INDICE_VECCHIAIA;regione;emilia-romagna;2026;218.6
ISTATP_INDICE_VECCHIAIA;regione;friuli-venezia-giulia;2015;200.1
ISTATP_INDICE_VECCHIAIA;regione;friuli-venezia-giulia;2016;205
ISTATP_INDICE_VECCHIAIA;regione;friuli-venezia-giulia;2017;209.5
ISTATP_INDICE_VECCHIAIA;regione;friuli-venezia-giulia;2018;213.8
ISTATP_INDICE_VECCHIAIA;regione;friuli-venezia-giulia;2019;218.3
ISTATP_INDICE_VECCHIAIA;regione;friuli-venezia-giulia;2020;224.1
ISTATP_INDICE_VECCHIAIA;regione;friuli-venezia-giulia;2021;227.1
ISTATP_INDICE_VECCHIAIA;regione;friuli-venezia-giulia;2022;231.8
ISTATP_INDICE_VECCHIAIA;regione;friuli-venezia-giulia;2023;237.2
ISTATP_INDICE_VECCHIAIA;regione;friuli-venezia-giulia;2024;244.1
ISTATP_INDICE_VECCHIAIA;regione;friuli-venezia-giulia;2025;252.9
ISTATP_INDICE_VECCHIAIA;regione;friuli-venezia-giulia;2026;262
ISTATP_INDICE_VECCHIAIA;regione;lazio;2015;151
ISTATP_INDICE_VECCHIAIA;regione;lazio;2016;153.4
ISTATP_INDICE_VECCHIAIA;regione;lazio;2017;156.2
ISTATP_INDICE_VECCHIAIA;regione;lazio;2018;159.4
ISTATP_INDICE_VECCHIAIA;regione;lazio;2019;164.1
ISTATP_INDICE_VECCHIAIA;regione;lazio;2020;169.3
ISTATP_INDICE_VECCHIAIA;regione;lazio;2021;172.9
ISTATP_INDICE_VECCHIAIA;regione;lazio;2022;177.8
ISTATP_INDICE_VECCHIAIA;regione;lazio;2023;184
ISTATP_INDICE_VECCHIAIA;regione;lazio;2024;191.2
ISTATP_INDICE_VECCHIAIA;regione;lazio;2025;199.5
ISTATP_INDICE_VECCHIAIA;regione;lazio;2026;209.6
ISTATP_INDICE_VECCHIAIA;regione;liguria;2015;244.1
ISTATP_INDICE_VECCHIAIA;regione;liguria;2016;247.4
ISTATP_INDICE_VECCHIAIA;regione;liguria;2017;250.6
ISTATP_INDICE_VECCHIAIA;regione;liguria;2018;253.6
ISTATP_INDICE_VECCHIAIA;regione;liguria;2019;257.3
ISTATP_INDICE_VECCHIAIA;regione;liguria;2020;262.4
ISTATP_INDICE_VECCHIAIA;regione;liguria;2021;262.3
ISTATP_INDICE_VECCHIAIA;regione;liguria;2022;267.2
ISTATP_INDICE_VECCHIAIA;regione;liguria;2023;270.9
ISTATP_INDICE_VECCHIAIA;regione;liguria;2024;276.6
ISTATP_INDICE_VECCHIAIA;regione;liguria;2025;283.3
ISTATP_INDICE_VECCHIAIA;regione;liguria;2026;290.2
ISTATP_INDICE_VECCHIAIA;regione;lombardia;2015;153.4
ISTATP_INDICE_VECCHIAIA;regione;lombardia;2016;156.6
ISTATP_INDICE_VECCHIAIA;regione;lombardia;2017;160
ISTATP_INDICE_VECCHIAIA;regione;lombardia;2018;163.1
ISTATP_INDICE_VECCHIAIA;regione;lombardia;2019;166.6
ISTATP_INDICE_VECCHIAIA;regione;lombardia;2020;170.9
ISTATP_INDICE_VECCHIAIA;regione;lombardia;2021;172.3
ISTATP_INDICE_VECCHIAIA;regione;lombardia;2022;177.1
ISTATP_INDICE_VECCHIAIA;regione;lombardia;2023;182
ISTATP_INDICE_VECCHIAIA;regione;lombardia;2024;188.1
ISTATP_INDICE_VECCHIAIA;regione;lombardia;2025;195.4
ISTATP_INDICE_VECCHIAIA;regione;lombardia;2026;203
ISTATP_INDICE_VECCHIAIA;regione;marche;2015;180.2
ISTATP_INDICE_VECCHIAIA;regione;marche;2016;184
ISTATP_INDICE_VECCHIAIA;regione;marche;2017;188
ISTATP_INDICE_VECCHIAIA;regione;marche;2018;192
ISTATP_INDICE_VECCHIAIA;regione;marche;2019;197.2
ISTATP_INDICE_VECCHIAIA;regione;marche;2020;203.1
ISTATP_INDICE_VECCHIAIA;regione;marche;2021;207.5
ISTATP_INDICE_VECCHIAIA;regione;marche;2022;212.6
ISTATP_INDICE_VECCHIAIA;regione;marche;2023;218.8
ISTATP_INDICE_VECCHIAIA;regione;marche;2024;226.4
ISTATP_INDICE_VECCHIAIA;regione;marche;2025;235.4
ISTATP_INDICE_VECCHIAIA;regione;marche;2026;245
ISTATP_INDICE_VECCHIAIA;regione;molise;2015;195.5
ISTATP_INDICE_VECCHIAIA;regione;molise;2016;200.8
ISTATP_INDICE_VECCHIAIA;regione;molise;2017;206
ISTATP_INDICE_VECCHIAIA;regione;molise;2018;211.6
ISTATP_INDICE_VECCHIAIA;regione;molise;2019;217.9
ISTATP_INDICE_VECCHIAIA;regione;molise;2020;226.1
ISTATP_INDICE_VECCHIAIA;regione;molise;2021;233.1
ISTATP_INDICE_VECCHIAIA;regione;molise;2022;239.3
ISTATP_INDICE_VECCHIAIA;regione;molise;2023;245.3
ISTATP_INDICE_VECCHIAIA;regione;molise;2024;253.3
ISTATP_INDICE_VECCHIAIA;regione;molise;2025;261.9
ISTATP_INDICE_VECCHIAIA;regione;molise;2026;272.4
ISTATP_INDICE_VECCHIAIA;regione;piemonte;2015;190.5
ISTATP_INDICE_VECCHIAIA;regione;piemonte;2016;194.3
ISTATP_INDICE_VECCHIAIA;regione;piemonte;2017;198.2
ISTATP_INDICE_VECCHIAIA;regione;piemonte;2018;202.2
ISTATP_INDICE_VECCHIAIA;regione;piemonte;2019;207
ISTATP_INDICE_VECCHIAIA;regione;piemonte;2020;212.4
ISTATP_INDICE_VECCHIAIA;regione;piemonte;2021;214.8
ISTATP_INDICE_VECCHIAIA;regione;piemonte;2022;219.9
ISTATP_INDICE_VECCHIAIA;regione;piemonte;2023;225.5
ISTATP_INDICE_VECCHIAIA;regione;piemonte;2024;232.3
ISTATP_INDICE_VECCHIAIA;regione;piemonte;2025;240.3
ISTATP_INDICE_VECCHIAIA;regione;piemonte;2026;248.3
ISTATP_INDICE_VECCHIAIA;regione;puglia;2015;146.5
ISTATP_INDICE_VECCHIAIA;regione;puglia;2016;151.9
ISTATP_INDICE_VECCHIAIA;regione;puglia;2017;157.6
ISTATP_INDICE_VECCHIAIA;regione;puglia;2018;162.5
ISTATP_INDICE_VECCHIAIA;regione;puglia;2019;168.7
ISTATP_INDICE_VECCHIAIA;regione;puglia;2020;175.6
ISTATP_INDICE_VECCHIAIA;regione;puglia;2021;181.1
ISTATP_INDICE_VECCHIAIA;regione;puglia;2022;187
ISTATP_INDICE_VECCHIAIA;regione;puglia;2023;193.6
ISTATP_INDICE_VECCHIAIA;regione;puglia;2024;200.8
ISTATP_INDICE_VECCHIAIA;regione;puglia;2025;209.4
ISTATP_INDICE_VECCHIAIA;regione;puglia;2026;219.7
ISTATP_INDICE_VECCHIAIA;regione;sardegna;2015;181.6
ISTATP_INDICE_VECCHIAIA;regione;sardegna;2016;188.6
ISTATP_INDICE_VECCHIAIA;regione;sardegna;2017;195.8
ISTATP_INDICE_VECCHIAIA;regione;sardegna;2018;203.1
ISTATP_INDICE_VECCHIAIA;regione;sardegna;2019;212.4
ISTATP_INDICE_VECCHIAIA;regione;sardegna;2020;222.2
ISTATP_INDICE_VECCHIAIA;regione;sardegna;2021;231.5
ISTATP_INDICE_VECCHIAIA;regione;sardegna;2022;241.8
ISTATP_INDICE_VECCHIAIA;regione;sardegna;2023;252.8
ISTATP_INDICE_VECCHIAIA;regione;sardegna;2024;266.6
ISTATP_INDICE_VECCHIAIA;regione;sardegna;2025;282.5
ISTATP_INDICE_VECCHIAIA;regione;sardegna;2026;299.7
ISTATP_INDICE_VECCHIAIA;regione;sicilia;2015;137.8
ISTATP_INDICE_VECCHIAIA;regione;sicilia;2016;141.4
ISTATP_INDICE_VECCHIAIA;regione;sicilia;2017;145.8
ISTATP_INDICE_VECCHIAIA;regione;sicilia;2018;149.4
ISTATP_INDICE_VECCHIAIA;regione;sicilia;2019;153.9
ISTATP_INDICE_VECCHIAIA;regione;sicilia;2020;159.5
ISTATP_INDICE_VECCHIAIA;regione;sicilia;2021;163.4
ISTATP_INDICE_VECCHIAIA;regione;sicilia;2022;167.6
ISTATP_INDICE_VECCHIAIA;regione;sicilia;2023;172
ISTATP_INDICE_VECCHIAIA;regione;sicilia;2024;177.5
ISTATP_INDICE_VECCHIAIA;regione;sicilia;2025;184.2
ISTATP_INDICE_VECCHIAIA;regione;sicilia;2026;192
ISTATP_INDICE_VECCHIAIA;regione;toscana;2015;193.3
ISTATP_INDICE_VECCHIAIA;regione;toscana;2016;195.9
ISTATP_INDICE_VECCHIAIA;regione;toscana;2017;199.1
ISTATP_INDICE_VECCHIAIA;regione;toscana;2018;202.3
ISTATP_INDICE_VECCHIAIA;regione;toscana;2019;206.1
ISTATP_INDICE_VECCHIAIA;regione;toscana;2020;211.4
ISTATP_INDICE_VECCHIAIA;regione;toscana;2021;214.6
ISTATP_INDICE_VECCHIAIA;regione;toscana;2022;219.9
ISTATP_INDICE_VECCHIAIA;regione;toscana;2023;226.1
ISTATP_INDICE_VECCHIAIA;regione;toscana;2024;234
ISTATP_INDICE_VECCHIAIA;regione;toscana;2025;242.5
ISTATP_INDICE_VECCHIAIA;regione;toscana;2026;251.7
ISTATP_INDICE_VECCHIAIA;regione;trentino-alto-adige;2015;127.9
ISTATP_INDICE_VECCHIAIA;regione;trentino-alto-adige;2016;130.8
ISTATP_INDICE_VECCHIAIA;regione;trentino-alto-adige;2017;133.7
ISTATP_INDICE_VECCHIAIA;regione;trentino-alto-adige;2018;136.3
ISTATP_INDICE_VECCHIAIA;regione;trentino-alto-adige;2019;139.1
ISTATP_INDICE_VECCHIAIA;regione;trentino-alto-adige;2020;142.4
ISTATP_INDICE_VECCHIAIA;regione;trentino-alto-adige;2021;143.9
ISTATP_INDICE_VECCHIAIA;regione;trentino-alto-adige;2022;147
ISTATP_INDICE_VECCHIAIA;regione;trentino-alto-adige;2023;150.8
ISTATP_INDICE_VECCHIAIA;regione;trentino-alto-adige;2024;156.1
ISTATP_INDICE_VECCHIAIA;regione;trentino-alto-adige;2025;162.2
ISTATP_INDICE_VECCHIAIA;regione;trentino-alto-adige;2026;168.5
ISTATP_INDICE_VECCHIAIA;regione;umbria;2015;189.6
ISTATP_INDICE_VECCHIAIA;regione;umbria;2016;193.1
ISTATP_INDICE_VECCHIAIA;regione;umbria;2017;197
ISTATP_INDICE_VECCHIAIA;regione;umbria;2018;200.6
ISTATP_INDICE_VECCHIAIA;regione;umbria;2019;206
ISTATP_INDICE_VECCHIAIA;regione;umbria;2020;211.9
ISTATP_INDICE_VECCHIAIA;regione;umbria;2021;217.1
ISTATP_INDICE_VECCHIAIA;regione;umbria;2022;222.8
ISTATP_INDICE_VECCHIAIA;regione;umbria;2023;229.8
ISTATP_INDICE_VECCHIAIA;regione;umbria;2024;238.3
ISTATP_INDICE_VECCHIAIA;regione;umbria;2025;247.4
ISTATP_INDICE_VECCHIAIA;regione;umbria;2026;257.6
ISTATP_INDICE_VECCHIAIA;regione;valle-d-aosta;2015;161.9
ISTATP_INDICE_VECCHIAIA;regione;valle-d-aosta;2016;166.8
ISTATP_INDICE_VECCHIAIA;regione;valle-d-aosta;2017;171.3
ISTATP_INDICE_VECCHIAIA;regione;valle-d-aosta;2018;175.9
ISTATP_INDICE_VECCHIAIA;regione;valle-d-aosta;2019;181.7
ISTATP_INDICE_VECCHIAIA;regione;valle-d-aosta;2020;188.4
ISTATP_INDICE_VECCHIAIA;regione;valle-d-aosta;2021;192.3
ISTATP_INDICE_VECCHIAIA;regione;valle-d-aosta;2022;199.5
ISTATP_INDICE_VECCHIAIA;regione;valle-d-aosta;2023;205.9
ISTATP_INDICE_VECCHIAIA;regione;valle-d-aosta;2024;215.1
ISTATP_INDICE_VECCHIAIA;regione;valle-d-aosta;2025;227.1
ISTATP_INDICE_VECCHIAIA;regione;valle-d-aosta;2026;237.4
ISTATP_INDICE_VECCHIAIA;regione;veneto;2015;155.3
ISTATP_INDICE_VECCHIAIA;regione;veneto;2016;159.9
ISTATP_INDICE_VECCHIAIA;regione;veneto;2017;164.3
ISTATP_INDICE_VECCHIAIA;regione;veneto;2018;168.5
ISTATP_INDICE_VECCHIAIA;regione;veneto;2019;173.1
ISTATP_INDICE_VECCHIAIA;regione;veneto;2020;179.2
ISTATP_INDICE_VECCHIAIA;regione;veneto;2021;183.3
ISTATP_INDICE_VECCHIAIA;regione;veneto;2022;189
ISTATP_INDICE_VECCHIAIA;regione;veneto;2023;195.1
ISTATP_INDICE_VECCHIAIA;regione;veneto;2024;202.9
ISTATP_INDICE_VECCHIAIA;regione;veneto;2025;212
ISTATP_INDICE_VECCHIAIA;regione;veneto;2026;221.4
ISTATP_SALDO_MIGRATORIO_INTERNO;provincia;agrigento;2015;-4.7
ISTATP_SALDO_MIGRATORIO_INTERNO;provincia;agrigento;2016;-5.3
ISTATP_SALDO_MIGRATORIO_INTERNO;provincia;agrigento;2017;-5.4
ISTATP_SALDO_MIGRATORIO_INTERNO;provincia;agrigento;2018;-6.2
ISTATP_SALDO_MIGRATORIO_INTERNO;provincia;agrigento;2019;-5
ISTATP_SALDO_MIGRATORIO_INTERNO;provincia;agrigento;2020;-3.7
ISTATP_SALDO_MIGRATORIO_INTERNO;provincia;agrigento;2021;-3.3
ISTATP_SALDO_MIGRATORIO_INTERNO;provincia;agrigento;2022;-4.6
ISTATP_SALDO_MIGRATORIO_INTERNO;provincia;agrigento;2023;-5.2
ISTATP_SALDO_MIGRATORIO_INTERNO;provincia;agrigento;2024;-4.1
ISTATP_SALDO_MIGRATORIO_INTERNO;provincia;agrigento;2025;-3.5
ISTATP_SALDO_MIGRATORIO_INTERNO;provincia;alessandria;2015;1.2
ISTATP_SALDO_MIGRATORIO_INTERNO;provincia;alessandria;2016;0.8
ISTATP_SALDO_MIGRATORIO_INTERNO;provincia;alessandria;2017;0.7
ISTATP_SALDO_MIGRATORIO_INTERNO;provincia;alessandria;2018;0.9
ISTATP_SALDO_MIGRATORIO_INTERNO;provincia;alessandria;2019;1.2
ISTATP_SALDO_MIGRATORIO_INTERNO;provincia;alessandria;2020;1
ISTATP_SALDO_MIGRATORIO_INTERNO;provincia;alessandria;2021;1.9
ISTATP_SALDO_MIGRATORIO_INTERNO;provincia;alessandria;2022;2.3
ISTATP_SALDO_MIGRATORIO_INTERNO;provincia;alessandria;2023;2.2
ISTATP_SALDO_MIGRATORIO_INTERNO;provincia;alessandria;2024;3.8
ISTATP_SALDO_MIGRATORIO_INTERNO;provincia;alessandria;2025;3.2
ISTATP_SALDO_MIGRATORIO_INTERNO;provincia;ancona;2015;0.5
ISTATP_SALDO_MIGRATORIO_INTERNO;provincia;ancona;2016;-0.4
ISTATP_SALDO_MIGRATORIO_INTERNO;provincia;ancona;2017;0.9
ISTATP_SALDO_MIGRATORIO_INTERNO;provincia;ancona;2018;1.5
ISTATP_SALDO_MIGRATORIO_INTERNO;provincia;ancona;2019;1.2
ISTATP_SALDO_MIGRATORIO_INTERNO;provincia;ancona;2020;1.3
ISTATP_SALDO_MIGRATORIO_INTERNO;provincia;ancona;2021;1.4
ISTATP_SALDO_MIGRATORIO_INTERNO;provincia;ancona;2022;1.6
ISTATP_SALDO_MIGRATORIO_INTERNO;provincia;ancona;2023;1.1
ISTATP_SALDO_MIGRATORIO_INTERNO;provincia;ancona;2024;1.1
ISTATP_SALDO_MIGRATORIO_INTERNO;provincia;ancona;2025;0.3
ISTATP_SALDO_MIGRATORIO_INTERNO;provincia;aosta;2015;-0.4
ISTATP_SALDO_MIGRATORIO_INTERNO;provincia;aosta;2016;0.7
ISTATP_SALDO_MIGRATORIO_INTERNO;provincia;aosta;2017;0.9
ISTATP_SALDO_MIGRATORIO_INTERNO;provincia;aosta;2018;0.9
ISTATP_SALDO_MIGRATORIO_INTERNO;provincia;aosta;2019;0.9
ISTATP_SALDO_MIGRATORIO_INTERNO;provincia;aosta;2020;1.8
ISTATP_SALDO_MIGRATORIO_INTERNO;provincia;aosta;2021;0.7
ISTATP_SALDO_MIGRATORIO_INTERNO;provincia;aosta;2022;0.5
ISTATP_SALDO_MIGRATORIO_INTERNO;provincia;aosta;2023;0.2
ISTATP_SALDO_MIGRATORIO_INTERNO;provincia;aosta;2024;2
ISTATP_SALDO_MIGRATORIO_INTERNO;provincia;aosta;2025;2.4
ISTATP_SALDO_MIGRATORIO_INTERNO;provincia;arezzo;2015;-0.6
ISTATP_SALDO_MIGRATORIO_INTERNO;provincia;arezzo;2016;-0.1
ISTATP_SALDO_MIGRATORIO_INTERNO;provincia;arezzo;2017;0.2
ISTATP_SALDO_MIGRATORIO_INTERNO;provincia;arezzo;2018;0.9
ISTATP_SALDO_MIGRATORIO_INTERNO;provincia;arezzo;2019;0.7
ISTATP_SALDO_MIGRATORIO_INTERNO;provincia;arezzo;2020;1
ISTATP_SALDO_MIGRATORIO_INTERNO;provincia;arezzo;2021;1.3
ISTATP_SALDO_MIGRATORIO_INTERNO;provincia;arezzo;2022;0.8
ISTATP_SALDO_MIGRATORIO_INTERNO;provincia;arezzo;2023;1.3
ISTATP_SALDO_MIGRATORIO_INTERNO;provincia;arezzo;2024;1.3
ISTATP_SALDO_MIGRATORIO_INTERNO;provincia;arezzo;2025;0.8
ISTATP_SALDO_MIGRATORIO_INTERNO;provincia;ascoli-piceno;2015;0
ISTATP_SALDO_MIGRATORIO_INTERNO;provincia;ascoli-piceno;2016;0.7
ISTATP_SALDO_MIGRATORIO_INTERNO;provincia;ascoli-piceno;2017;0
ISTATP_SALDO_MIGRATORIO_INTERNO;provincia;ascoli-piceno;2018;-0.5
ISTATP_SALDO_MIGRATORIO_INTERNO;provincia;ascoli-piceno;2019;-0.9
ISTATP_SALDO_MIGRATORIO_INTERNO;provincia;ascoli-piceno;2020;-0.9
ISTATP_SALDO_MIGRATORIO_INTERNO;provincia;ascoli-piceno;2021;0
ISTATP_SALDO_MIGRATORIO_INTERNO;provincia;ascoli-piceno;2022;-0.4
ISTATP_SALDO_MIGRATORIO_INTERNO;provincia;ascoli-piceno;2023;-0.8
ISTATP_SALDO_MIGRATORIO_INTERNO;provincia;ascoli-piceno;2024;0.7
ISTATP_SALDO_MIGRATORIO_INTERNO;provincia;ascoli-piceno;2025;0.6
ISTATP_SALDO_MIGRATORIO_INTERNO;provincia;asti;2015;-0.6
ISTATP_SALDO_MIGRATORIO_INTERNO;provincia;asti;2016;0.8
ISTATP_SALDO_MIGRATORIO_INTERNO;provincia;asti;2017;1.2
ISTATP_SALDO_MIGRATORIO_INTERNO;provincia;asti;2018;0.2
ISTATP_SALDO_MIGRATORIO_INTERNO;provincia;asti;2019;0.1
ISTATP_SALDO_MIGRATORIO_INTERNO;provincia;asti;2020;1.4
ISTATP_SALDO_MIGRATORIO_INTERNO;provincia;asti;2021;0.7
ISTATP_SALDO_MIGRATORIO_INTERNO;provincia;asti;2022;1.7
ISTATP_SALDO_MIGRATORIO_INTERNO;provincia;asti;2023;1.2
ISTATP_SALDO_MIGRATORIO_INTERNO;provincia;asti;2024;1.8
ISTATP_SALDO_MIGRATORIO_INTERNO;provincia;asti;2025;1.5
ISTATP_SALDO_MIGRATORIO_INTERNO;provincia;avellino;2015;-4.4
ISTATP_SALDO_MIGRATORIO_INTERNO;provincia;avellino;2016;-4.1
ISTATP_SALDO_MIGRATORIO_INTERNO;provincia;avellino;2017;-4.2
ISTATP_SALDO_MIGRATORIO_INTERNO;provincia;avellino;2018;-5.1
ISTATP_SALDO_MIGRATORIO_INTERNO;provincia;avellino;2019;-3.9
ISTATP_SALDO_MIGRATORIO_INTERNO;provincia;avellino;2020;-2.6
ISTATP_SALDO_MIGRATORIO_INTERNO;provincia;avellino;2021;-2.5
ISTATP_SALDO_MIGRATORIO_INTERNO;provincia;avellino;2022;-3.6
ISTATP_SALDO_MIGRATORIO_INTERNO;provincia;avellino;2023;-3.3
ISTATP_SALDO_MIGRATORIO_INTERNO;provincia;avellino;2024;-3.3
ISTATP_SALDO_MIGRATORIO_INTERNO;provincia;avellino;2025;-2.2
ISTATP_SALDO_MIGRATORIO_INTERNO;provincia;bari;2015;-2.2
ISTATP_SALDO_MIGRATORIO_INTERNO;provincia;bari;2016;-2.8
ISTATP_SALDO_MIGRATORIO_INTERNO;provincia;bari;2017;-2.5
ISTATP_SALDO_MIGRATORIO_INTERNO;provincia;bari;2018;-3
ISTATP_SALDO_MIGRATORIO_INTERNO;provincia;bari;2019;-2
ISTATP_SALDO_MIGRATORIO_INTERNO;provincia;bari;2020;-1.1
ISTATP_SALDO_MIGRATORIO_INTERNO;provincia;bari;2021;-1.2
ISTATP_SALDO_MIGRATORIO_INTERNO;provincia;bari;2022;-1.5
ISTATP_SALDO_MIGRATORIO_INTERNO;provincia;bari;2023;-1.7
ISTATP_SALDO_MIGRATORIO_INTERNO;provincia;bari;2024;-1.2
ISTATP_SALDO_MIGRATORIO_INTERNO;provincia;bari;2025;-0.9
ISTATP_SALDO_MIGRATORIO_INTERNO;provincia;barletta-andria-trani;2015;-3.2
ISTATP_SALDO_MIGRATORIO_INTERNO;provincia;barletta-andria-trani;2016;-3.7
ISTATP_SALDO_MIGRATORIO_INTERNO;provincia;barletta-andria-trani;2017;-4
ISTATP_SALDO_MIGRATORIO_INTERNO;provincia;barletta-andria-trani;2018;-4.3
ISTATP_SALDO_MIGRATORIO_INTERNO;provincia;barletta-andria-trani;2019;-2.5
ISTATP_SALDO_MIGRATORIO_INTERNO;provincia;barletta-andria-trani;2020;-2.1
ISTATP_SALDO_MIGRATORIO_INTERNO;provincia;barletta-andria-trani;2021;-1.6
ISTATP_SALDO_MIGRATORIO_INTERNO;provincia;barletta-andria-trani;2022;-2.9
ISTATP_SALDO_MIGRATORIO_INTERNO;provincia;barletta-andria-trani;2023;-3.1
ISTATP_SALDO_MIGRATORIO_INTERNO;provincia;barletta-andria-trani;2024;-2.4
ISTATP_SALDO_MIGRATORIO_INTERNO;provincia;barletta-andria-trani;2025;-1.7
ISTATP_SALDO_MIGRATORIO_INTERNO;provincia;belluno;2015;0
ISTATP_SALDO_MIGRATORIO_INTERNO;provincia;belluno;2016;0.5
ISTATP_SALDO_MIGRATORIO_INTERNO;provincia;belluno;2017;0.8
ISTATP_SALDO_MIGRATORIO_INTERNO;provincia;belluno;2018;1.9
ISTATP_SALDO_MIGRATORIO_INTERNO;provincia;belluno;2019;1.4
ISTATP_SALDO_MIGRATORIO_INTERNO;provincia;belluno;2020;1.3
ISTATP_SALDO_MIGRATORIO_INTERNO;provincia;belluno;2021;1.2
ISTATP_SALDO_MIGRATORIO_INTERNO;provincia;belluno;2022;1.8
ISTATP_SALDO_MIGRATORIO_INTERNO;provincia;belluno;2023;1.4
ISTATP_SALDO_MIGRATORIO_INTERNO;provincia;belluno;2024;1.9
ISTATP_SALDO_MIGRATORIO_INTERNO;provincia;belluno;2025;0.9
ISTATP_SALDO_MIGRATORIO_INTERNO;provincia;benevento;2015;-2.6
ISTATP_SALDO_MIGRATORIO_INTERNO;provincia;benevento;2016;-3.6
ISTATP_SALDO_MIGRATORIO_INTERNO;provincia;benevento;2017;-3.7
ISTATP_SALDO_MIGRATORIO_INTERNO;provincia;benevento;2018;-3.8
ISTATP_SALDO_MIGRATORIO_INTERNO;provincia;benevento;2019;-4.5
ISTATP_SALDO_MIGRATORIO_INTERNO;provincia;benevento;2020;-3.1
ISTATP_SALDO_MIGRATORIO_INTERNO;provincia;benevento;2021;-3
ISTATP_SALDO_MIGRATORIO_INTERNO;provincia;benevento;2022;-4.3
ISTATP_SALDO_MIGRATORIO_INTERNO;provincia;benevento;2023;-4.6
ISTATP_SALDO_MIGRATORIO_INTERNO;provincia;benevento;2024;-3.5
ISTATP_SALDO_MIGRATORIO_INTERNO;provincia;benevento;2025;-3.7
ISTATP_SALDO_MIGRATORIO_INTERNO;provincia;bergamo;2015;0.7
ISTATP_SALDO_MIGRATORIO_INTERNO;provincia;bergamo;2016;1.1
ISTATP_SALDO_MIGRATORIO_INTERNO;provincia;bergamo;2017;1.4
ISTATP_SALDO_MIGRATORIO_INTERNO;provincia;bergamo;2018;1.9
ISTATP_SALDO_MIGRATORIO_INTERNO;provincia;bergamo;2019;2.1
ISTATP_SALDO_MIGRATORIO_INTERNO;provincia;bergamo;2020;1.7
ISTATP_SALDO_MIGRATORIO_INTERNO;provincia;bergamo;2021;2.1
ISTATP_SALDO_MIGRATORIO_INTERNO;provincia;bergamo;2022;3
ISTATP_SALDO_MIGRATORIO_INTERNO;provincia;bergamo;2023;2.7
ISTATP_SALDO_MIGRATORIO_INTERNO;provincia;bergamo;2024;2.9
ISTATP_SALDO_MIGRATORIO_INTERNO;provincia;bergamo;2025;2.1
ISTATP_SALDO_MIGRATORIO_INTERNO;provincia;biella;2015;0.4
ISTATP_SALDO_MIGRATORIO_INTERNO;provincia;biella;2016;0.7
ISTATP_SALDO_MIGRATORIO_INTERNO;provincia;biella;2017;0
ISTATP_SALDO_MIGRATORIO_INTERNO;provincia;biella;2018;1.1
ISTATP_SALDO_MIGRATORIO_INTERNO;provincia;biella;2019;1.1
ISTATP_SALDO_MIGRATORIO_INTERNO;provincia;biella;2020;0.4
ISTATP_SALDO_MIGRATORIO_INTERNO;provincia;biella;2021;1.6
ISTATP_SALDO_MIGRATORIO_INTERNO;provincia;biella;2022;1.6
ISTATP_SALDO_MIGRATORIO_INTERNO;provincia;biella;2023;1.4
ISTATP_SALDO_MIGRATORIO_INTERNO;provincia;biella;2024;2.6
ISTATP_SALDO_MIGRATORIO_INTERNO;provincia;biella;2025;3.3
ISTATP_SALDO_MIGRATORIO_INTERNO;provincia;bologna;2015;5
ISTATP_SALDO_MIGRATORIO_INTERNO;provincia;bologna;2016;6.1
ISTATP_SALDO_MIGRATORIO_INTERNO;provincia;bologna;2017;6.1
ISTATP_SALDO_MIGRATORIO_INTERNO;provincia;bologna;2018;6.9
ISTATP_SALDO_MIGRATORIO_INTERNO;provincia;bologna;2019;6
ISTATP_SALDO_MIGRATORIO_INTERNO;provincia;bologna;2020;4.2
ISTATP_SALDO_MIGRATORIO_INTERNO;provincia;bologna;2021;3.7
ISTATP_SALDO_MIGRATORIO_INTERNO;provincia;bologna;2022;4.8
ISTATP_SALDO_MIGRATORIO_INTERNO;provincia;bologna;2023;3.7
ISTATP_SALDO_MIGRATORIO_INTERNO;provincia;bologna;2024;2.6
ISTATP_SALDO_MIGRATORIO_INTERNO;provincia;bologna;2025;2.5
ISTATP_SALDO_MIGRATORIO_INTERNO;provincia;bolzano;2015;2.7
ISTATP_SALDO_MIGRATORIO_INTERNO;provincia;bolzano;2016;2.7
ISTATP_SALDO_MIGRATORIO_INTERNO;provincia;bolzano;2017;3.4
ISTATP_SALDO_MIGRATORIO_INTERNO;provincia;bolzano;2018;4.1
ISTATP_SALDO_MIGRATORIO_INTERNO;provincia;bolzano;2019;2.7
ISTATP_SALDO_MIGRATORIO_INTERNO;provincia;bolzano;2020;1.8
ISTATP_SALDO_MIGRATORIO_INTERNO;provincia;bolzano;2021;0.9
ISTATP_SALDO_MIGRATORIO_INTERNO;provincia;bolzano;2022;0.8
ISTATP_SALDO_MIGRATORIO_INTERNO;provincia;bolzano;2023;1.4
ISTATP_SALDO_MIGRATORIO_INTERNO;provincia;bolzano;2024;1.2
ISTATP_SALDO_MIGRATORIO_INTERNO;provincia;bolzano;2025;1.3
ISTATP_SALDO_MIGRATORIO_INTERNO;provincia;brescia;2015;0.4
ISTATP_SALDO_MIGRATORIO_INTERNO;provincia;brescia;2016;0.3
ISTATP_SALDO_MIGRATORIO_INTERNO;provincia;brescia;2017;0.8
ISTATP_SALDO_MIGRATORIO_INTERNO;provincia;brescia;2018;2.8
ISTATP_SALDO_MIGRATORIO_INTERNO;provincia;brescia;2019;2.3
ISTATP_SALDO_MIGRATORIO_INTERNO;provincia;brescia;2020;1.5
ISTATP_SALDO_MIGRATORIO_INTERNO;provincia;brescia;2021;2
ISTATP_SALDO_MIGRATORIO_INTERNO;provincia;brescia;2022;2.1
ISTATP_SALDO_MIGRATORIO_INTERNO;provincia;brescia;2023;1.4
ISTATP_SALDO_MIGRATORIO_INTERNO;provincia;brescia;2024;1.8
ISTATP_SALDO_MIGRATORIO_INTERNO;provincia;brescia;2025;1.6
ISTATP_SALDO_MIGRATORIO_INTERNO;provincia;brindisi;2015;-3.5
ISTATP_SALDO_MIGRATORIO_INTERNO;provincia;brindisi;2016;-3.8
ISTATP_SALDO_MIGRATORIO_INTERNO;provincia;brindisi;2017;-4.6
ISTATP_SALDO_MIGRATORIO_INTERNO;provincia;brindisi;2018;-4.8
ISTATP_SALDO_MIGRATORIO_INTERNO;provincia;brindisi;2019;-3.2
ISTATP_SALDO_MIGRATORIO_INTERNO;provincia;brindisi;2020;-2
ISTATP_SALDO_MIGRATORIO_INTERNO;provincia;brindisi;2021;-1.6
ISTATP_SALDO_MIGRATORIO_INTERNO;provincia;brindisi;2022;-3
ISTATP_SALDO_MIGRATORIO_INTERNO;provincia;brindisi;2023;-3.1
ISTATP_SALDO_MIGRATORIO_INTERNO;provincia;brindisi;2024;-2.2
ISTATP_SALDO_MIGRATORIO_INTERNO;provincia;brindisi;2025;-1.6
ISTATP_SALDO_MIGRATORIO_INTERNO;provincia;cagliari;2015;-0.7
ISTATP_SALDO_MIGRATORIO_INTERNO;provincia;cagliari;2016;-0.4
ISTATP_SALDO_MIGRATORIO_INTERNO;provincia;cagliari;2017;0.2
ISTATP_SALDO_MIGRATORIO_INTERNO;provincia;cagliari;2018;-0.4
ISTATP_SALDO_MIGRATORIO_INTERNO;provincia;cagliari;2019;0.9
ISTATP_SALDO_MIGRATORIO_INTERNO;provincia;cagliari;2020;0.8
ISTATP_SALDO_MIGRATORIO_INTERNO;provincia;cagliari;2021;1
ISTATP_SALDO_MIGRATORIO_INTERNO;provincia;cagliari;2022;0.9
ISTATP_SALDO_MIGRATORIO_INTERNO;provincia;cagliari;2023;0.3
ISTATP_SALDO_MIGRATORIO_INTERNO;provincia;cagliari;2024;0.5
ISTATP_SALDO_MIGRATORIO_INTERNO;provincia;cagliari;2025;1
ISTATP_SALDO_MIGRATORIO_INTERNO;provincia;caltanissetta;2015;-6.8
ISTATP_SALDO_MIGRATORIO_INTERNO;provincia;caltanissetta;2016;-6.8
ISTATP_SALDO_MIGRATORIO_INTERNO;provincia;caltanissetta;2017;-9.3
ISTATP_SALDO_MIGRATORIO_INTERNO;provincia;caltanissetta;2018;-10.7
ISTATP_SALDO_MIGRATORIO_INTERNO;provincia;caltanissetta;2019;-8.5
ISTATP_SALDO_MIGRATORIO_INTERNO;provincia;caltanissetta;2020;-5.8
ISTATP_SALDO_MIGRATORIO_INTERNO;provincia;caltanissetta;2021;-6
ISTATP_SALDO_MIGRATORIO_INTERNO;provincia;caltanissetta;2022;-7
ISTATP_SALDO_MIGRATORIO_INTERNO;provincia;caltanissetta;2023;-7
ISTATP_SALDO_MIGRATORIO_INTERNO;provincia;caltanissetta;2024;-5
ISTATP_SALDO_MIGRATORIO_INTERNO;provincia;caltanissetta;2025;-5.4
ISTATP_SALDO_MIGRATORIO_INTERNO;provincia;campobasso;2015;-2
ISTATP_SALDO_MIGRATORIO_INTERNO;provincia;campobasso;2016;-3.4
ISTATP_SALDO_MIGRATORIO_INTERNO;provincia;campobasso;2017;-3.5
ISTATP_SALDO_MIGRATORIO_INTERNO;provincia;campobasso;2018;-3.9
ISTATP_SALDO_MIGRATORIO_INTERNO;provincia;campobasso;2019;-4.7
ISTATP_SALDO_MIGRATORIO_INTERNO;provincia;campobasso;2020;-3.5
ISTATP_SALDO_MIGRATORIO_INTERNO;provincia;campobasso;2021;-3.4
ISTATP_SALDO_MIGRATORIO_INTERNO;provincia;campobasso;2022;-3.9
ISTATP_SALDO_MIGRATORIO_INTERNO;provincia;campobasso;2023;-4.7
ISTATP_SALDO_MIGRATORIO_INTERNO;provincia;campobasso;2024;-3.5
ISTATP_SALDO_MIGRATORIO_INTERNO;provincia;campobasso;2025;-3.3
ISTATP_SALDO_MIGRATORIO_INTERNO;provincia;caserta;2015;-2.1
ISTATP_SALDO_MIGRATORIO_INTERNO;provincia;caserta;2016;-2.1
ISTATP_SALDO_MIGRATORIO_INTERNO;provincia;caserta;2017;-2.1
ISTATP_SALDO_MIGRATORIO_INTERNO;provincia;caserta;2018;-1.8
ISTATP_SALDO_MIGRATORIO_INTERNO;provincia;caserta;2019;-2.5
ISTATP_SALDO_MIGRATORIO_INTERNO;provincia;caserta;2020;-0.9
ISTATP_SALDO_MIGRATORIO_INTERNO;provincia;caserta;2021;-1.2
ISTATP_SALDO_MIGRATORIO_INTERNO;provincia;caserta;2022;-2.8
ISTATP_SALDO_MIGRATORIO_INTERNO;provincia;caserta;2023;-2.4
ISTATP_SALDO_MIGRATORIO_INTERNO;provincia;caserta;2024;-1.7
ISTATP_SALDO_MIGRATORIO_INTERNO;provincia;caserta;2025;-1.5
ISTATP_SALDO_MIGRATORIO_INTERNO;provincia;catania;2015;-2.1
ISTATP_SALDO_MIGRATORIO_INTERNO;provincia;catania;2016;-2.6
ISTATP_SALDO_MIGRATORIO_INTERNO;provincia;catania;2017;-3.1
ISTATP_SALDO_MIGRATORIO_INTERNO;provincia;catania;2018;-3
ISTATP_SALDO_MIGRATORIO_INTERNO;provincia;catania;2019;-2.7
ISTATP_SALDO_MIGRATORIO_INTERNO;provincia;catania;2020;-1.9
ISTATP_SALDO_MIGRATORIO_INTERNO;provincia;catania;2021;-1.9
ISTATP_SALDO_MIGRATORIO_INTERNO;provincia;catania;2022;-2.8
ISTATP_SALDO_MIGRATORIO_INTERNO;provincia;catania;2023;-2.5
ISTATP_SALDO_MIGRATORIO_INTERNO;provincia;catania;2024;-1.9
ISTATP_SALDO_MIGRATORIO_INTERNO;provincia;catania;2025;-1.5
ISTATP_SALDO_MIGRATORIO_INTERNO;provincia;catanzaro;2015;-2.7
ISTATP_SALDO_MIGRATORIO_INTERNO;provincia;catanzaro;2016;-3.4
ISTATP_SALDO_MIGRATORIO_INTERNO;provincia;catanzaro;2017;-4.2
ISTATP_SALDO_MIGRATORIO_INTERNO;provincia;catanzaro;2018;-4.9
ISTATP_SALDO_MIGRATORIO_INTERNO;provincia;catanzaro;2019;-4.4
ISTATP_SALDO_MIGRATORIO_INTERNO;provincia;catanzaro;2020;-3.3
ISTATP_SALDO_MIGRATORIO_INTERNO;provincia;catanzaro;2021;-3.3
ISTATP_SALDO_MIGRATORIO_INTERNO;provincia;catanzaro;2022;-4.6
ISTATP_SALDO_MIGRATORIO_INTERNO;provincia;catanzaro;2023;-3.9
ISTATP_SALDO_MIGRATORIO_INTERNO;provincia;catanzaro;2024;-3.1
ISTATP_SALDO_MIGRATORIO_INTERNO;provincia;catanzaro;2025;-3.4
ISTATP_SALDO_MIGRATORIO_INTERNO;provincia;chieti;2015;-1.2
ISTATP_SALDO_MIGRATORIO_INTERNO;provincia;chieti;2016;-2.4
ISTATP_SALDO_MIGRATORIO_INTERNO;provincia;chieti;2017;-1.5
ISTATP_SALDO_MIGRATORIO_INTERNO;provincia;chieti;2018;-2.3
ISTATP_SALDO_MIGRATORIO_INTERNO;provincia;chieti;2019;-0.5
ISTATP_SALDO_MIGRATORIO_INTERNO;provincia;chieti;2020;-0.1
ISTATP_SALDO_MIGRATORIO_INTERNO;provincia;chieti;2021;-0.7
ISTATP_SALDO_MIGRATORIO_INTERNO;provincia;chieti;2022;0.4
ISTATP_SALDO_MIGRATORIO_INTERNO;provincia;chieti;2023;0
ISTATP_SALDO_MIGRATORIO_INTERNO;provincia;chieti;2024;0.3
ISTATP_SALDO_MIGRATORIO_INTERNO;provincia;chieti;2025;-0.5
ISTATP_SALDO_MIGRATORIO_INTERNO;provincia;como;2015;2.3
ISTATP_SALDO_MIGRATORIO_INTERNO;provincia;como;2016;2.5
ISTATP_SALDO_MIGRATORIO_INTERNO;provincia;como;2017;1.5
ISTATP_SALDO_MIGRATORIO_INTERNO;provincia;como;2018;2.4
ISTATP_SALDO_MIGRATORIO_INTERNO;provincia;como;2019;2.6
ISTATP_SALDO_MIGRATORIO_INTERNO;provincia;como;2020;2.4
ISTATP_SALDO_MIGRATORIO_INTERNO;provincia;como;2021;2.4
ISTATP_SALDO_MIGRATORIO_INTERNO;provincia;como;2022;4.2
ISTATP_SALDO_MIGRATORIO_INTERNO;provincia;como;2023;2.6
ISTATP_SALDO_MIGRATORIO_INTERNO;provincia;como;2024;1.6
ISTATP_SALDO_MIGRATORIO_INTERNO;provincia;como;2025;1.5
ISTATP_SALDO_MIGRATORIO_INTERNO;provincia;cosenza;2015;-3.5
ISTATP_SALDO_MIGRATORIO_INTERNO;provincia;cosenza;2016;-3.9
ISTATP_SALDO_MIGRATORIO_INTERNO;provincia;cosenza;2017;-4.1
ISTATP_SALDO_MIGRATORIO_INTERNO;provincia;cosenza;2018;-4.5
ISTATP_SALDO_MIGRATORIO_INTERNO;provincia;cosenza;2019;-4
ISTATP_SALDO_MIGRATORIO_INTERNO;provincia;cosenza;2020;-3.1
ISTATP_SALDO_MIGRATORIO_INTERNO;provincia;cosenza;2021;-3.2
ISTATP_SALDO_MIGRATORIO_INTERNO;provincia;cosenza;2022;-4.2
ISTATP_SALDO_MIGRATORIO_INTERNO;provincia;cosenza;2023;-4.9
ISTATP_SALDO_MIGRATORIO_INTERNO;provincia;cosenza;2024;-3.9
ISTATP_SALDO_MIGRATORIO_INTERNO;provincia;cosenza;2025;-3.2
ISTATP_SALDO_MIGRATORIO_INTERNO;provincia;cremona;2015;0.4
ISTATP_SALDO_MIGRATORIO_INTERNO;provincia;cremona;2016;1.3
ISTATP_SALDO_MIGRATORIO_INTERNO;provincia;cremona;2017;0.2
ISTATP_SALDO_MIGRATORIO_INTERNO;provincia;cremona;2018;2.2
ISTATP_SALDO_MIGRATORIO_INTERNO;provincia;cremona;2019;2.5
ISTATP_SALDO_MIGRATORIO_INTERNO;provincia;cremona;2020;1
ISTATP_SALDO_MIGRATORIO_INTERNO;provincia;cremona;2021;2.5
ISTATP_SALDO_MIGRATORIO_INTERNO;provincia;cremona;2022;3.5
ISTATP_SALDO_MIGRATORIO_INTERNO;provincia;cremona;2023;3.6
ISTATP_SALDO_MIGRATORIO_INTERNO;provincia;cremona;2024;3.4
ISTATP_SALDO_MIGRATORIO_INTERNO;provincia;cremona;2025;3.2
ISTATP_SALDO_MIGRATORIO_INTERNO;provincia;crotone;2015;-4.1
ISTATP_SALDO_MIGRATORIO_INTERNO;provincia;crotone;2016;-4.9
ISTATP_SALDO_MIGRATORIO_INTERNO;provincia;crotone;2017;-8.1
ISTATP_SALDO_MIGRATORIO_INTERNO;provincia;crotone;2018;-7.8
ISTATP_SALDO_MIGRATORIO_INTERNO;provincia;crotone;2019;-9.7
ISTATP_SALDO_MIGRATORIO_INTERNO;provincia;crotone;2020;-7.9
ISTATP_SALDO_MIGRATORIO_INTERNO;provincia;crotone;2021;-6.6
ISTATP_SALDO_MIGRATORIO_INTERNO;provincia;crotone;2022;-6.1
ISTATP_SALDO_MIGRATORIO_INTERNO;provincia;crotone;2023;-5.7
ISTATP_SALDO_MIGRATORIO_INTERNO;provincia;crotone;2024;-5.2
ISTATP_SALDO_MIGRATORIO_INTERNO;provincia;crotone;2025;-4.1
ISTATP_SALDO_MIGRATORIO_INTERNO;provincia;cuneo;2015;1.2
ISTATP_SALDO_MIGRATORIO_INTERNO;provincia;cuneo;2016;0.7
ISTATP_SALDO_MIGRATORIO_INTERNO;provincia;cuneo;2017;1.6
ISTATP_SALDO_MIGRATORIO_INTERNO;provincia;cuneo;2018;1.6
ISTATP_SALDO_MIGRATORIO_INTERNO;provincia;cuneo;2019;1.8
ISTATP_SALDO_MIGRATORIO_INTERNO;provincia;cuneo;2020;1.5
ISTATP_SALDO_MIGRATORIO_INTERNO;provincia;cuneo;2021;1.9
ISTATP_SALDO_MIGRATORIO_INTERNO;provincia;cuneo;2022;2.3
ISTATP_SALDO_MIGRATORIO_INTERNO;provincia;cuneo;2023;1.2
ISTATP_SALDO_MIGRATORIO_INTERNO;provincia;cuneo;2024;1.2
ISTATP_SALDO_MIGRATORIO_INTERNO;provincia;cuneo;2025;0.8
ISTATP_SALDO_MIGRATORIO_INTERNO;provincia;enna;2015;-4.6
ISTATP_SALDO_MIGRATORIO_INTERNO;provincia;enna;2016;-6.6
ISTATP_SALDO_MIGRATORIO_INTERNO;provincia;enna;2017;-6.9
ISTATP_SALDO_MIGRATORIO_INTERNO;provincia;enna;2018;-7
ISTATP_SALDO_MIGRATORIO_INTERNO;provincia;enna;2019;-6.8
ISTATP_SALDO_MIGRATORIO_INTERNO;provincia;enna;2020;-4.8
ISTATP_SALDO_MIGRATORIO_INTERNO;provincia;enna;2021;-4.2
ISTATP_SALDO_MIGRATORIO_INTERNO;provincia;enna;2022;-6
ISTATP_SALDO_MIGRATORIO_INTERNO;provincia;enna;2023;-6.1
ISTATP_SALDO_MIGRATORIO_INTERNO;provincia;enna;2024;-4.1
ISTATP_SALDO_MIGRATORIO_INTERNO;provincia;enna;2025;-4.7
ISTATP_SALDO_MIGRATORIO_INTERNO;provincia;fermo;2015;-0.5
ISTATP_SALDO_MIGRATORIO_INTERNO;provincia;fermo;2016;-0.4
ISTATP_SALDO_MIGRATORIO_INTERNO;provincia;fermo;2017;-0.2
ISTATP_SALDO_MIGRATORIO_INTERNO;provincia;fermo;2018;0.1
ISTATP_SALDO_MIGRATORIO_INTERNO;provincia;fermo;2019;-0.1
ISTATP_SALDO_MIGRATORIO_INTERNO;provincia;fermo;2020;-1.3
ISTATP_SALDO_MIGRATORIO_INTERNO;provincia;fermo;2021;-0.4
ISTATP_SALDO_MIGRATORIO_INTERNO;provincia;fermo;2022;-0.1
ISTATP_SALDO_MIGRATORIO_INTERNO;provincia;fermo;2023;0.7
ISTATP_SALDO_MIGRATORIO_INTERNO;provincia;fermo;2024;0.1
ISTATP_SALDO_MIGRATORIO_INTERNO;provincia;fermo;2025;0.1
ISTATP_SALDO_MIGRATORIO_INTERNO;provincia;ferrara;2015;0.8
ISTATP_SALDO_MIGRATORIO_INTERNO;provincia;ferrara;2016;-0.9
ISTATP_SALDO_MIGRATORIO_INTERNO;provincia;ferrara;2017;2.5
ISTATP_SALDO_MIGRATORIO_INTERNO;provincia;ferrara;2018;3.3
ISTATP_SALDO_MIGRATORIO_INTERNO;provincia;ferrara;2019;2.5
ISTATP_SALDO_MIGRATORIO_INTERNO;provincia;ferrara;2020;2.7
ISTATP_SALDO_MIGRATORIO_INTERNO;provincia;ferrara;2021;3.5
ISTATP_SALDO_MIGRATORIO_INTERNO;provincia;ferrara;2022;4.1
ISTATP_SALDO_MIGRATORIO_INTERNO;provincia;ferrara;2023;4.1
ISTATP_SALDO_MIGRATORIO_INTERNO;provincia;ferrara;2024;3.9
ISTATP_SALDO_MIGRATORIO_INTERNO;provincia;ferrara;2025;4
ISTATP_SALDO_MIGRATORIO_INTERNO;provincia;firenze;2015;2.2
ISTATP_SALDO_MIGRATORIO_INTERNO;provincia;firenze;2016;1.3
ISTATP_SALDO_MIGRATORIO_INTERNO;provincia;firenze;2017;0
ISTATP_SALDO_MIGRATORIO_INTERNO;provincia;firenze;2018;-0.8
ISTATP_SALDO_MIGRATORIO_INTERNO;provincia;firenze;2019;1.4
ISTATP_SALDO_MIGRATORIO_INTERNO;provincia;firenze;2020;0.4
ISTATP_SALDO_MIGRATORIO_INTERNO;provincia;firenze;2021;-0.5
ISTATP_SALDO_MIGRATORIO_INTERNO;provincia;firenze;2022;0.9
ISTATP_SALDO_MIGRATORIO_INTERNO;provincia;firenze;2023;0.7
ISTATP_SALDO_MIGRATORIO_INTERNO;provincia;firenze;2024;-0.1
ISTATP_SALDO_MIGRATORIO_INTERNO;provincia;firenze;2025;-1
ISTATP_SALDO_MIGRATORIO_INTERNO;provincia;foggia;2015;-5.2
ISTATP_SALDO_MIGRATORIO_INTERNO;provincia;foggia;2016;-5.3
ISTATP_SALDO_MIGRATORIO_INTERNO;provincia;foggia;2017;-5.9
ISTATP_SALDO_MIGRATORIO_INTERNO;provincia;foggia;2018;-6.8
ISTATP_SALDO_MIGRATORIO_INTERNO;provincia;foggia;2019;-5.3
ISTATP_SALDO_MIGRATORIO_INTERNO;provincia;foggia;2020;-3.9
ISTATP_SALDO_MIGRATORIO_INTERNO;provincia;foggia;2021;-4.1
ISTATP_SALDO_MIGRATORIO_INTERNO;provincia;foggia;2022;-6.2
ISTATP_SALDO_MIGRATORIO_INTERNO;provincia;foggia;2023;-6.1
ISTATP_SALDO_MIGRATORIO_INTERNO;provincia;foggia;2024;-5.5
ISTATP_SALDO_MIGRATORIO_INTERNO;provincia;foggia;2025;-4.9
ISTATP_SALDO_MIGRATORIO_INTERNO;provincia;forli-cesena;2015;1.5
ISTATP_SALDO_MIGRATORIO_INTERNO;provincia;forli-cesena;2016;2.8
ISTATP_SALDO_MIGRATORIO_INTERNO;provincia;forli-cesena;2017;3.4
ISTATP_SALDO_MIGRATORIO_INTERNO;provincia;forli-cesena;2018;5.5
ISTATP_SALDO_MIGRATORIO_INTERNO;provincia;forli-cesena;2019;3.3
ISTATP_SALDO_MIGRATORIO_INTERNO;provincia;forli-cesena;2020;3.1
ISTATP_SALDO_MIGRATORIO_INTERNO;provincia;forli-cesena;2021;2.9
ISTATP_SALDO_MIGRATORIO_INTERNO;provincia;forli-cesena;2022;3.3
ISTATP_SALDO_MIGRATORIO_INTERNO;provincia;forli-cesena;2023;3.8
ISTATP_SALDO_MIGRATORIO_INTERNO;provincia;forli-cesena;2024;2.5
ISTATP_SALDO_MIGRATORIO_INTERNO;provincia;forli-cesena;2025;2.6
ISTATP_SALDO_MIGRATORIO_INTERNO;provincia;frosinone;2015;-2.3
ISTATP_SALDO_MIGRATORIO_INTERNO;provincia;frosinone;2016;-2.6
ISTATP_SALDO_MIGRATORIO_INTERNO;provincia;frosinone;2017;-2.8
ISTATP_SALDO_MIGRATORIO_INTERNO;provincia;frosinone;2018;-2.7
ISTATP_SALDO_MIGRATORIO_INTERNO;provincia;frosinone;2019;-3
ISTATP_SALDO_MIGRATORIO_INTERNO;provincia;frosinone;2020;-2
ISTATP_SALDO_MIGRATORIO_INTERNO;provincia;frosinone;2021;-2.3
ISTATP_SALDO_MIGRATORIO_INTERNO;provincia;frosinone;2022;-3
ISTATP_SALDO_MIGRATORIO_INTERNO;provincia;frosinone;2023;-2.2
ISTATP_SALDO_MIGRATORIO_INTERNO;provincia;frosinone;2024;-1.5
ISTATP_SALDO_MIGRATORIO_INTERNO;provincia;frosinone;2025;-1.5
ISTATP_SALDO_MIGRATORIO_INTERNO;provincia;genova;2015;-0.4
ISTATP_SALDO_MIGRATORIO_INTERNO;provincia;genova;2016;0
ISTATP_SALDO_MIGRATORIO_INTERNO;provincia;genova;2017;0.3
ISTATP_SALDO_MIGRATORIO_INTERNO;provincia;genova;2018;0.6
ISTATP_SALDO_MIGRATORIO_INTERNO;provincia;genova;2019;0.8
ISTATP_SALDO_MIGRATORIO_INTERNO;provincia;genova;2020;0.6
ISTATP_SALDO_MIGRATORIO_INTERNO;provincia;genova;2021;1.3
ISTATP_SALDO_MIGRATORIO_INTERNO;provincia;genova;2022;1.7
ISTATP_SALDO_MIGRATORIO_INTERNO;provincia;genova;2023;1.4
ISTATP_SALDO_MIGRATORIO_INTERNO;provincia;genova;2024;1.6
ISTATP_SALDO_MIGRATORIO_INTERNO;provincia;genova;2025;2
ISTATP_SALDO_MIGRATORIO_INTERNO;provincia;gorizia;2015;0.6
ISTATP_SALDO_MIGRATORIO_INTERNO;provincia;gorizia;2016;1.1
ISTATP_SALDO_MIGRATORIO_INTERNO;provincia;gorizia;2017;1.5
ISTATP_SALDO_MIGRATORIO_INTERNO;provincia;gorizia;2018;3
ISTATP_SALDO_MIGRATORIO_INTERNO;provincia;gorizia;2019;1.7
ISTATP_SALDO_MIGRATORIO_INTERNO;provincia;gorizia;2020;1.5
ISTATP_SALDO_MIGRATORIO_INTERNO;provincia;gorizia;2021;1.7
ISTATP_SALDO_MIGRATORIO_INTERNO;provincia;gorizia;2022;1.8
ISTATP_SALDO_MIGRATORIO_INTERNO;provincia;gorizia;2023;0.8
ISTATP_SALDO_MIGRATORIO_INTERNO;provincia;gorizia;2024;2.3
ISTATP_SALDO_MIGRATORIO_INTERNO;provincia;gorizia;2025;0.9
ISTATP_SALDO_MIGRATORIO_INTERNO;provincia;grosseto;2015;0.7
ISTATP_SALDO_MIGRATORIO_INTERNO;provincia;grosseto;2016;1.4
ISTATP_SALDO_MIGRATORIO_INTERNO;provincia;grosseto;2017;0.6
ISTATP_SALDO_MIGRATORIO_INTERNO;provincia;grosseto;2018;1.4
ISTATP_SALDO_MIGRATORIO_INTERNO;provincia;grosseto;2019;1.7
ISTATP_SALDO_MIGRATORIO_INTERNO;provincia;grosseto;2020;2.2
ISTATP_SALDO_MIGRATORIO_INTERNO;provincia;grosseto;2021;2.2
ISTATP_SALDO_MIGRATORIO_INTERNO;provincia;grosseto;2022;1.1
ISTATP_SALDO_MIGRATORIO_INTERNO;provincia;grosseto;2023;0.9
ISTATP_SALDO_MIGRATORIO_INTERNO;provincia;grosseto;2024;1
ISTATP_SALDO_MIGRATORIO_INTERNO;provincia;grosseto;2025;1.6
ISTATP_SALDO_MIGRATORIO_INTERNO;provincia;imperia;2015;-0.7
ISTATP_SALDO_MIGRATORIO_INTERNO;provincia;imperia;2016;1.2
ISTATP_SALDO_MIGRATORIO_INTERNO;provincia;imperia;2017;0.1
ISTATP_SALDO_MIGRATORIO_INTERNO;provincia;imperia;2018;1.3
ISTATP_SALDO_MIGRATORIO_INTERNO;provincia;imperia;2019;1.2
ISTATP_SALDO_MIGRATORIO_INTERNO;provincia;imperia;2020;1.8
ISTATP_SALDO_MIGRATORIO_INTERNO;provincia;imperia;2021;0.8
ISTATP_SALDO_MIGRATORIO_INTERNO;provincia;imperia;2022;0.6
ISTATP_SALDO_MIGRATORIO_INTERNO;provincia;imperia;2023;-0.8
ISTATP_SALDO_MIGRATORIO_INTERNO;provincia;imperia;2024;0.2
ISTATP_SALDO_MIGRATORIO_INTERNO;provincia;imperia;2025;1.4
ISTATP_SALDO_MIGRATORIO_INTERNO;provincia;isernia;2015;-2.8
ISTATP_SALDO_MIGRATORIO_INTERNO;provincia;isernia;2016;-4.3
ISTATP_SALDO_MIGRATORIO_INTERNO;provincia;isernia;2017;-4.2
ISTATP_SALDO_MIGRATORIO_INTERNO;provincia;isernia;2018;-5.5
ISTATP_SALDO_MIGRATORIO_INTERNO;provincia;isernia;2019;-3.9
ISTATP_SALDO_MIGRATORIO_INTERNO;provincia;isernia;2020;-3.9
ISTATP_SALDO_MIGRATORIO_INTERNO;provincia;isernia;2021;-4.6
ISTATP_SALDO_MIGRATORIO_INTERNO;provincia;isernia;2022;-4.6
ISTATP_SALDO_MIGRATORIO_INTERNO;provincia;isernia;2023;-4.3
ISTATP_SALDO_MIGRATORIO_INTERNO;provincia;isernia;2024;-3.1
ISTATP_SALDO_MIGRATORIO_INTERNO;provincia;isernia;2025;-3.3
ISTATP_SALDO_MIGRATORIO_INTERNO;provincia;l-aquila;2015;-2.5
ISTATP_SALDO_MIGRATORIO_INTERNO;provincia;l-aquila;2016;-2.6
ISTATP_SALDO_MIGRATORIO_INTERNO;provincia;l-aquila;2017;-3.4
ISTATP_SALDO_MIGRATORIO_INTERNO;provincia;l-aquila;2018;-2.8
ISTATP_SALDO_MIGRATORIO_INTERNO;provincia;l-aquila;2019;-2.4
ISTATP_SALDO_MIGRATORIO_INTERNO;provincia;l-aquila;2020;-1.1
ISTATP_SALDO_MIGRATORIO_INTERNO;provincia;l-aquila;2021;-1.2
ISTATP_SALDO_MIGRATORIO_INTERNO;provincia;l-aquila;2022;-1.3
ISTATP_SALDO_MIGRATORIO_INTERNO;provincia;l-aquila;2023;-1.2
ISTATP_SALDO_MIGRATORIO_INTERNO;provincia;l-aquila;2024;-0.3
ISTATP_SALDO_MIGRATORIO_INTERNO;provincia;l-aquila;2025;-0.4
ISTATP_SALDO_MIGRATORIO_INTERNO;provincia;la-spezia;2015;3.1
ISTATP_SALDO_MIGRATORIO_INTERNO;provincia;la-spezia;2016;2.9
ISTATP_SALDO_MIGRATORIO_INTERNO;provincia;la-spezia;2017;1.6
ISTATP_SALDO_MIGRATORIO_INTERNO;provincia;la-spezia;2018;3.1
ISTATP_SALDO_MIGRATORIO_INTERNO;provincia;la-spezia;2019;1.8
ISTATP_SALDO_MIGRATORIO_INTERNO;provincia;la-spezia;2020;1.7
ISTATP_SALDO_MIGRATORIO_INTERNO;provincia;la-spezia;2021;2.9
ISTATP_SALDO_MIGRATORIO_INTERNO;provincia;la-spezia;2022;2.4
ISTATP_SALDO_MIGRATORIO_INTERNO;provincia;la-spezia;2023;1.8
ISTATP_SALDO_MIGRATORIO_INTERNO;provincia;la-spezia;2024;1.7
ISTATP_SALDO_MIGRATORIO_INTERNO;provincia;la-spezia;2025;1.3
ISTATP_SALDO_MIGRATORIO_INTERNO;provincia;latina;2015;-0.3
ISTATP_SALDO_MIGRATORIO_INTERNO;provincia;latina;2016;-1.1
ISTATP_SALDO_MIGRATORIO_INTERNO;provincia;latina;2017;-1.8
ISTATP_SALDO_MIGRATORIO_INTERNO;provincia;latina;2018;-2.2
ISTATP_SALDO_MIGRATORIO_INTERNO;provincia;latina;2019;-1.5
ISTATP_SALDO_MIGRATORIO_INTERNO;provincia;latina;2020;-0.3
ISTATP_SALDO_MIGRATORIO_INTERNO;provincia;latina;2021;-0.2
ISTATP_SALDO_MIGRATORIO_INTERNO;provincia;latina;2022;-1.6
ISTATP_SALDO_MIGRATORIO_INTERNO;provincia;latina;2023;-2.1
ISTATP_SALDO_MIGRATORIO_INTERNO;provincia;latina;2024;-0.8
ISTATP_SALDO_MIGRATORIO_INTERNO;provincia;latina;2025;-0.9
ISTATP_SALDO_MIGRATORIO_INTERNO;provincia;lecce;2015;-1.4
ISTATP_SALDO_MIGRATORIO_INTERNO;provincia;lecce;2016;-2
ISTATP_SALDO_MIGRATORIO_INTERNO;provincia;lecce;2017;-2.2
ISTATP_SALDO_MIGRATORIO_INTERNO;provincia;lecce;2018;-3.7
ISTATP_SALDO_MIGRATORIO_INTERNO;provincia;lecce;2019;-2
ISTATP_SALDO_MIGRATORIO_INTERNO;provincia;lecce;2020;-0.6
ISTATP_SALDO_MIGRATORIO_INTERNO;provincia;lecce;2021;-0.5
ISTATP_SALDO_MIGRATORIO_INTERNO;provincia;lecce;2022;-2
ISTATP_SALDO_MIGRATORIO_INTERNO;provincia;lecce;2023;-1.7
ISTATP_SALDO_MIGRATORIO_INTERNO;provincia;lecce;2024;-0.6
ISTATP_SALDO_MIGRATORIO_INTERNO;provincia;lecce;2025;-0.5
ISTATP_SALDO_MIGRATORIO_INTERNO;provincia;lecco;2015;-0.6
ISTATP_SALDO_MIGRATORIO_INTERNO;provincia;lecco;2016;1.4
ISTATP_SALDO_MIGRATORIO_INTERNO;provincia;lecco;2017;1.1
ISTATP_SALDO_MIGRATORIO_INTERNO;provincia;lecco;2018;2
ISTATP_SALDO_MIGRATORIO_INTERNO;provincia;lecco;2019;0.8
ISTATP_SALDO_MIGRATORIO_INTERNO;provincia;lecco;2020;1
ISTATP_SALDO_MIGRATORIO_INTERNO;provincia;lecco;2021;1.4
ISTATP_SALDO_MIGRATORIO_INTERNO;provincia;lecco;2022;2.3
ISTATP_SALDO_MIGRATORIO_INTERNO;provincia;lecco;2023;1.9
ISTATP_SALDO_MIGRATORIO_INTERNO;provincia;lecco;2024;1.9
ISTATP_SALDO_MIGRATORIO_INTERNO;provincia;lecco;2025;1
ISTATP_SALDO_MIGRATORIO_INTERNO;provincia;livorno;2015;1.9
ISTATP_SALDO_MIGRATORIO_INTERNO;provincia;livorno;2016;1.5
ISTATP_SALDO_MIGRATORIO_INTERNO;provincia;livorno;2017;1.6
ISTATP_SALDO_MIGRATORIO_INTERNO;provincia;livorno;2018;1.2
ISTATP_SALDO_MIGRATORIO_INTERNO;provincia;livorno;2019;1.3
ISTATP_SALDO_MIGRATORIO_INTERNO;provincia;livorno;2020;1.3
ISTATP_SALDO_MIGRATORIO_INTERNO;provincia;livorno;2021;1.5
ISTATP_SALDO_MIGRATORIO_INTERNO;provincia;livorno;2022;2.5
ISTATP_SALDO_MIGRATORIO_INTERNO;provincia;livorno;2023;1.8
ISTATP_SALDO_MIGRATORIO_INTERNO;provincia;livorno;2024;2
ISTATP_SALDO_MIGRATORIO_INTERNO;provincia;livorno;2025;2.5
ISTATP_SALDO_MIGRATORIO_INTERNO;provincia;lodi;2015;-0.5
ISTATP_SALDO_MIGRATORIO_INTERNO;provincia;lodi;2016;-0.5
ISTATP_SALDO_MIGRATORIO_INTERNO;provincia;lodi;2017;-0.2
ISTATP_SALDO_MIGRATORIO_INTERNO;provincia;lodi;2018;1.2
ISTATP_SALDO_MIGRATORIO_INTERNO;provincia;lodi;2019;2.4
ISTATP_SALDO_MIGRATORIO_INTERNO;provincia;lodi;2020;2.1
ISTATP_SALDO_MIGRATORIO_INTERNO;provincia;lodi;2021;2.2
ISTATP_SALDO_MIGRATORIO_INTERNO;provincia;lodi;2022;2.4
ISTATP_SALDO_MIGRATORIO_INTERNO;provincia;lodi;2023;3.6
ISTATP_SALDO_MIGRATORIO_INTERNO;provincia;lodi;2024;1.9
ISTATP_SALDO_MIGRATORIO_INTERNO;provincia;lodi;2025;3.2
ISTATP_SALDO_MIGRATORIO_INTERNO;provincia;lucca;2015;-0.6
ISTATP_SALDO_MIGRATORIO_INTERNO;provincia;lucca;2016;0.2
ISTATP_SALDO_MIGRATORIO_INTERNO;provincia;lucca;2017;1.4
ISTATP_SALDO_MIGRATORIO_INTERNO;provincia;lucca;2018;1
ISTATP_SALDO_MIGRATORIO_INTERNO;provincia;lucca;2019;2.3
ISTATP_SALDO_MIGRATORIO_INTERNO;provincia;lucca;2020;2.9
ISTATP_SALDO_MIGRATORIO_INTERNO;provincia;lucca;2021;2
ISTATP_SALDO_MIGRATORIO_INTERNO;provincia;lucca;2022;2.3
ISTATP_SALDO_MIGRATORIO_INTERNO;provincia;lucca;2023;2.2
ISTATP_SALDO_MIGRATORIO_INTERNO;provincia;lucca;2024;2.3
ISTATP_SALDO_MIGRATORIO_INTERNO;provincia;lucca;2025;1.6
ISTATP_SALDO_MIGRATORIO_INTERNO;provincia;macerata;2015;0.1
ISTATP_SALDO_MIGRATORIO_INTERNO;provincia;macerata;2016;0.3
ISTATP_SALDO_MIGRATORIO_INTERNO;provincia;macerata;2017;-1.4
ISTATP_SALDO_MIGRATORIO_INTERNO;provincia;macerata;2018;-1
ISTATP_SALDO_MIGRATORIO_INTERNO;provincia;macerata;2019;-1.2
ISTATP_SALDO_MIGRATORIO_INTERNO;provincia;macerata;2020;-0.4
ISTATP_SALDO_MIGRATORIO_INTERNO;provincia;macerata;2021;-0.1
ISTATP_SALDO_MIGRATORIO_INTERNO;provincia;macerata;2022;-0.4
ISTATP_SALDO_MIGRATORIO_INTERNO;provincia;macerata;2023;-0.5
ISTATP_SALDO_MIGRATORIO_INTERNO;provincia;macerata;2024;0.2
ISTATP_SALDO_MIGRATORIO_INTERNO;provincia;macerata;2025;-0.6
ISTATP_SALDO_MIGRATORIO_INTERNO;provincia;mantova;2015;-1.1
ISTATP_SALDO_MIGRATORIO_INTERNO;provincia;mantova;2016;1.1
ISTATP_SALDO_MIGRATORIO_INTERNO;provincia;mantova;2017;2
ISTATP_SALDO_MIGRATORIO_INTERNO;provincia;mantova;2018;2.7
ISTATP_SALDO_MIGRATORIO_INTERNO;provincia;mantova;2019;1.4
ISTATP_SALDO_MIGRATORIO_INTERNO;provincia;mantova;2020;1.8
ISTATP_SALDO_MIGRATORIO_INTERNO;provincia;mantova;2021;2.3
ISTATP_SALDO_MIGRATORIO_INTERNO;provincia;mantova;2022;3.5
ISTATP_SALDO_MIGRATORIO_INTERNO;provincia;mantova;2023;3.4
ISTATP_SALDO_MIGRATORIO_INTERNO;provincia;mantova;2024;2.4
ISTATP_SALDO_MIGRATORIO_INTERNO;provincia;mantova;2025;2.2
ISTATP_SALDO_MIGRATORIO_INTERNO;provincia;massa-carrara;2015;-1.8
ISTATP_SALDO_MIGRATORIO_INTERNO;provincia;massa-carrara;2016;-1.8
ISTATP_SALDO_MIGRATORIO_INTERNO;provincia;massa-carrara;2017;0
ISTATP_SALDO_MIGRATORIO_INTERNO;provincia;massa-carrara;2018;-1.2
ISTATP_SALDO_MIGRATORIO_INTERNO;provincia;massa-carrara;2019;0.3
ISTATP_SALDO_MIGRATORIO_INTERNO;provincia;massa-carrara;2020;1
ISTATP_SALDO_MIGRATORIO_INTERNO;provincia;massa-carrara;2021;0
ISTATP_SALDO_MIGRATORIO_INTERNO;provincia;massa-carrara;2022;1.3
ISTATP_SALDO_MIGRATORIO_INTERNO;provincia;massa-carrara;2023;1.5
ISTATP_SALDO_MIGRATORIO_INTERNO;provincia;massa-carrara;2024;2.5
ISTATP_SALDO_MIGRATORIO_INTERNO;provincia;massa-carrara;2025;3
ISTATP_SALDO_MIGRATORIO_INTERNO;provincia;matera;2015;-2.8
ISTATP_SALDO_MIGRATORIO_INTERNO;provincia;matera;2016;-4.4
ISTATP_SALDO_MIGRATORIO_INTERNO;provincia;matera;2017;-3.4
ISTATP_SALDO_MIGRATORIO_INTERNO;provincia;matera;2018;-4
ISTATP_SALDO_MIGRATORIO_INTERNO;provincia;matera;2019;-4.4
ISTATP_SALDO_MIGRATORIO_INTERNO;provincia;matera;2020;-4
ISTATP_SALDO_MIGRATORIO_INTERNO;provincia;matera;2021;-4.1
ISTATP_SALDO_MIGRATORIO_INTERNO;provincia;matera;2022;-4.6
ISTATP_SALDO_MIGRATORIO_INTERNO;provincia;matera;2023;-6.2
ISTATP_SALDO_MIGRATORIO_INTERNO;provincia;matera;2024;-5.1
ISTATP_SALDO_MIGRATORIO_INTERNO;provincia;matera;2025;-6.3
ISTATP_SALDO_MIGRATORIO_INTERNO;provincia;messina;2015;-4.1
ISTATP_SALDO_MIGRATORIO_INTERNO;provincia;messina;2016;-4
ISTATP_SALDO_MIGRATORIO_INTERNO;provincia;messina;2017;-4.3
ISTATP_SALDO_MIGRATORIO_INTERNO;provincia;messina;2018;-4.1
ISTATP_SALDO_MIGRATORIO_INTERNO;provincia;messina;2019;-3.8
ISTATP_SALDO_MIGRATORIO_INTERNO;provincia;messina;2020;-2.2
ISTATP_SALDO_MIGRATORIO_INTERNO;provincia;messina;2021;-1.8
ISTATP_SALDO_MIGRATORIO_INTERNO;provincia;messina;2022;-3.3
ISTATP_SALDO_MIGRATORIO_INTERNO;provincia;messina;2023;-3.4
ISTATP_SALDO_MIGRATORIO_INTERNO;provincia;messina;2024;-3.2
ISTATP_SALDO_MIGRATORIO_INTERNO;provincia;messina;2025;-2.9
ISTATP_SALDO_MIGRATORIO_INTERNO;provincia;milano;2015;3.2
ISTATP_SALDO_MIGRATORIO_INTERNO;provincia;milano;2016;3.6
ISTATP_SALDO_MIGRATORIO_INTERNO;provincia;milano;2017;3.7
ISTATP_SALDO_MIGRATORIO_INTERNO;provincia;milano;2018;3.9
ISTATP_SALDO_MIGRATORIO_INTERNO;provincia;milano;2019;3
ISTATP_SALDO_MIGRATORIO_INTERNO;provincia;milano;2020;0.3
ISTATP_SALDO_MIGRATORIO_INTERNO;provincia;milano;2021;-0.6
ISTATP_SALDO_MIGRATORIO_INTERNO;provincia;milano;2022;-0.1
ISTATP_SALDO_MIGRATORIO_INTERNO;provincia;milano;2023;0.5
ISTATP_SALDO_MIGRATORIO_INTERNO;provincia;milano;2024;-1.9
ISTATP_SALDO_MIGRATORIO_INTERNO;provincia;milano;2025;-2.3
ISTATP_SALDO_MIGRATORIO_INTERNO;provincia;modena;2015;2.1
ISTATP_SALDO_MIGRATORIO_INTERNO;provincia;modena;2016;2.7
ISTATP_SALDO_MIGRATORIO_INTERNO;provincia;modena;2017;4.1
ISTATP_SALDO_MIGRATORIO_INTERNO;provincia;modena;2018;6
ISTATP_SALDO_MIGRATORIO_INTERNO;provincia;modena;2019;3.1
ISTATP_SALDO_MIGRATORIO_INTERNO;provincia;modena;2020;2.6
ISTATP_SALDO_MIGRATORIO_INTERNO;provincia;modena;2021;2
ISTATP_SALDO_MIGRATORIO_INTERNO;provincia;modena;2022;3.2
ISTATP_SALDO_MIGRATORIO_INTERNO;provincia;modena;2023;2.5
ISTATP_SALDO_MIGRATORIO_INTERNO;provincia;modena;2024;2.1
ISTATP_SALDO_MIGRATORIO_INTERNO;provincia;modena;2025;1.4
ISTATP_SALDO_MIGRATORIO_INTERNO;provincia;monza-e-della-brianza;2015;2
ISTATP_SALDO_MIGRATORIO_INTERNO;provincia;monza-e-della-brianza;2016;2.4
ISTATP_SALDO_MIGRATORIO_INTERNO;provincia;monza-e-della-brianza;2017;3
ISTATP_SALDO_MIGRATORIO_INTERNO;provincia;monza-e-della-brianza;2018;3.2
ISTATP_SALDO_MIGRATORIO_INTERNO;provincia;monza-e-della-brianza;2019;4.5
ISTATP_SALDO_MIGRATORIO_INTERNO;provincia;monza-e-della-brianza;2020;3.1
ISTATP_SALDO_MIGRATORIO_INTERNO;provincia;monza-e-della-brianza;2021;3.3
ISTATP_SALDO_MIGRATORIO_INTERNO;provincia;monza-e-della-brianza;2022;3.8
ISTATP_SALDO_MIGRATORIO_INTERNO;provincia;monza-e-della-brianza;2023;3.7
ISTATP_SALDO_MIGRATORIO_INTERNO;provincia;monza-e-della-brianza;2024;3.6
ISTATP_SALDO_MIGRATORIO_INTERNO;provincia;monza-e-della-brianza;2025;3.7
ISTATP_SALDO_MIGRATORIO_INTERNO;provincia;napoli;2015;-3.1
ISTATP_SALDO_MIGRATORIO_INTERNO;provincia;napoli;2016;-3.2
ISTATP_SALDO_MIGRATORIO_INTERNO;provincia;napoli;2017;-3.1
ISTATP_SALDO_MIGRATORIO_INTERNO;provincia;napoli;2018;-4.7
ISTATP_SALDO_MIGRATORIO_INTERNO;provincia;napoli;2019;-4.5
ISTATP_SALDO_MIGRATORIO_INTERNO;provincia;napoli;2020;-4
ISTATP_SALDO_MIGRATORIO_INTERNO;provincia;napoli;2021;-4.4
ISTATP_SALDO_MIGRATORIO_INTERNO;provincia;napoli;2022;-5.2
ISTATP_SALDO_MIGRATORIO_INTERNO;provincia;napoli;2023;-4.5
ISTATP_SALDO_MIGRATORIO_INTERNO;provincia;napoli;2024;-4.1
ISTATP_SALDO_MIGRATORIO_INTERNO;provincia;napoli;2025;-3.9
ISTATP_SALDO_MIGRATORIO_INTERNO;provincia;novara;2015;-0.5
ISTATP_SALDO_MIGRATORIO_INTERNO;provincia;novara;2016;0.6
ISTATP_SALDO_MIGRATORIO_INTERNO;provincia;novara;2017;0.6
ISTATP_SALDO_MIGRATORIO_INTERNO;provincia;novara;2018;1.1
ISTATP_SALDO_MIGRATORIO_INTERNO;provincia;novara;2019;1
ISTATP_SALDO_MIGRATORIO_INTERNO;provincia;novara;2020;2.1
ISTATP_SALDO_MIGRATORIO_INTERNO;provincia;novara;2021;1.4
ISTATP_SALDO_MIGRATORIO_INTERNO;provincia;novara;2022;2.5
ISTATP_SALDO_MIGRATORIO_INTERNO;provincia;novara;2023;3.1
ISTATP_SALDO_MIGRATORIO_INTERNO;provincia;novara;2024;2.1
ISTATP_SALDO_MIGRATORIO_INTERNO;provincia;novara;2025;2.7
ISTATP_SALDO_MIGRATORIO_INTERNO;provincia;nuoro;2015;-3.1
ISTATP_SALDO_MIGRATORIO_INTERNO;provincia;nuoro;2016;-2.8
ISTATP_SALDO_MIGRATORIO_INTERNO;provincia;nuoro;2017;-2.4
ISTATP_SALDO_MIGRATORIO_INTERNO;provincia;nuoro;2018;-4.1
ISTATP_SALDO_MIGRATORIO_INTERNO;provincia;nuoro;2019;-3.4
ISTATP_SALDO_MIGRATORIO_INTERNO;provincia;nuoro;2020;-2.7
ISTATP_SALDO_MIGRATORIO_INTERNO;provincia;nuoro;2021;-3.4
ISTATP_SALDO_MIGRATORIO_INTERNO;provincia;nuoro;2022;-2.5
ISTATP_SALDO_MIGRATORIO_INTERNO;provincia;nuoro;2023;-2.6
ISTATP_SALDO_MIGRATORIO_INTERNO;provincia;nuoro;2024;-3.4
ISTATP_SALDO_MIGRATORIO_INTERNO;provincia;nuoro;2025;-2.3
ISTATP_SALDO_MIGRATORIO_INTERNO;provincia;oristano;2015;-0.5
ISTATP_SALDO_MIGRATORIO_INTERNO;provincia;oristano;2016;-0.9
ISTATP_SALDO_MIGRATORIO_INTERNO;provincia;oristano;2017;-0.4
ISTATP_SALDO_MIGRATORIO_INTERNO;provincia;oristano;2018;-1.3
ISTATP_SALDO_MIGRATORIO_INTERNO;provincia;oristano;2019;-1.9
ISTATP_SALDO_MIGRATORIO_INTERNO;provincia;oristano;2020;-0.8
ISTATP_SALDO_MIGRATORIO_INTERNO;provincia;oristano;2021;-0.9
ISTATP_SALDO_MIGRATORIO_INTERNO;provincia;oristano;2022;-0.2
ISTATP_SALDO_MIGRATORIO_INTERNO;provincia;oristano;2023;-1.2
ISTATP_SALDO_MIGRATORIO_INTERNO;provincia;oristano;2024;0.2
ISTATP_SALDO_MIGRATORIO_INTERNO;provincia;oristano;2025;-0.5
ISTATP_SALDO_MIGRATORIO_INTERNO;provincia;padova;2015;1.3
ISTATP_SALDO_MIGRATORIO_INTERNO;provincia;padova;2016;1.5
ISTATP_SALDO_MIGRATORIO_INTERNO;provincia;padova;2017;2.5
ISTATP_SALDO_MIGRATORIO_INTERNO;provincia;padova;2018;2.8
ISTATP_SALDO_MIGRATORIO_INTERNO;provincia;padova;2019;2.2
ISTATP_SALDO_MIGRATORIO_INTERNO;provincia;padova;2020;1.7
ISTATP_SALDO_MIGRATORIO_INTERNO;provincia;padova;2021;2.1
ISTATP_SALDO_MIGRATORIO_INTERNO;provincia;padova;2022;2.5
ISTATP_SALDO_MIGRATORIO_INTERNO;provincia;padova;2023;1.6
ISTATP_SALDO_MIGRATORIO_INTERNO;provincia;padova;2024;1.5
ISTATP_SALDO_MIGRATORIO_INTERNO;provincia;padova;2025;1.9
ISTATP_SALDO_MIGRATORIO_INTERNO;provincia;palermo;2015;-1.6
ISTATP_SALDO_MIGRATORIO_INTERNO;provincia;palermo;2016;-2
ISTATP_SALDO_MIGRATORIO_INTERNO;provincia;palermo;2017;-2.6
ISTATP_SALDO_MIGRATORIO_INTERNO;provincia;palermo;2018;-3.4
ISTATP_SALDO_MIGRATORIO_INTERNO;provincia;palermo;2019;-4.3
ISTATP_SALDO_MIGRATORIO_INTERNO;provincia;palermo;2020;-2.8
ISTATP_SALDO_MIGRATORIO_INTERNO;provincia;palermo;2021;-2.7
ISTATP_SALDO_MIGRATORIO_INTERNO;provincia;palermo;2022;-3.4
ISTATP_SALDO_MIGRATORIO_INTERNO;provincia;palermo;2023;-2.8
ISTATP_SALDO_MIGRATORIO_INTERNO;provincia;palermo;2024;-2.2
ISTATP_SALDO_MIGRATORIO_INTERNO;provincia;palermo;2025;-1.7
ISTATP_SALDO_MIGRATORIO_INTERNO;provincia;parma;2015;5.7
ISTATP_SALDO_MIGRATORIO_INTERNO;provincia;parma;2016;4.5
ISTATP_SALDO_MIGRATORIO_INTERNO;provincia;parma;2017;4.5
ISTATP_SALDO_MIGRATORIO_INTERNO;provincia;parma;2018;3.7
ISTATP_SALDO_MIGRATORIO_INTERNO;provincia;parma;2019;5.4
ISTATP_SALDO_MIGRATORIO_INTERNO;provincia;parma;2020;3.1
ISTATP_SALDO_MIGRATORIO_INTERNO;provincia;parma;2021;3
ISTATP_SALDO_MIGRATORIO_INTERNO;provincia;parma;2022;4.3
ISTATP_SALDO_MIGRATORIO_INTERNO;provincia;parma;2023;3.1
ISTATP_SALDO_MIGRATORIO_INTERNO;provincia;parma;2024;2.7
ISTATP_SALDO_MIGRATORIO_INTERNO;provincia;parma;2025;1.6
ISTATP_SALDO_MIGRATORIO_INTERNO;provincia;pavia;2015;2.2
ISTATP_SALDO_MIGRATORIO_INTERNO;provincia;pavia;2016;1.8
ISTATP_SALDO_MIGRATORIO_INTERNO;provincia;pavia;2017;1.3
ISTATP_SALDO_MIGRATORIO_INTERNO;provincia;pavia;2018;4
ISTATP_SALDO_MIGRATORIO_INTERNO;provincia;pavia;2019;2.8
ISTATP_SALDO_MIGRATORIO_INTERNO;provincia;pavia;2020;1.7
ISTATP_SALDO_MIGRATORIO_INTERNO;provincia;pavia;2021;3.4
ISTATP_SALDO_MIGRATORIO_INTERNO;provincia;pavia;2022;4.6
ISTATP_SALDO_MIGRATORIO_INTERNO;provincia;pavia;2023;5.4
ISTATP_SALDO_MIGRATORIO_INTERNO;provincia;pavia;2024;5.3
ISTATP_SALDO_MIGRATORIO_INTERNO;provincia;pavia;2025;5.3
ISTATP_SALDO_MIGRATORIO_INTERNO;provincia;perugia;2015;0
ISTATP_SALDO_MIGRATORIO_INTERNO;provincia;perugia;2016;-0.1
ISTATP_SALDO_MIGRATORIO_INTERNO;provincia;perugia;2017;0.1
ISTATP_SALDO_MIGRATORIO_INTERNO;provincia;perugia;2018;0.2
ISTATP_SALDO_MIGRATORIO_INTERNO;provincia;perugia;2019;0.1
ISTATP_SALDO_MIGRATORIO_INTERNO;provincia;perugia;2020;0.4
ISTATP_SALDO_MIGRATORIO_INTERNO;provincia;perugia;2021;0.3
ISTATP_SALDO_MIGRATORIO_INTERNO;provincia;perugia;2022;0.5
ISTATP_SALDO_MIGRATORIO_INTERNO;provincia;perugia;2023;-0.4
ISTATP_SALDO_MIGRATORIO_INTERNO;provincia;perugia;2024;0.5
ISTATP_SALDO_MIGRATORIO_INTERNO;provincia;perugia;2025;0.2
ISTATP_SALDO_MIGRATORIO_INTERNO;provincia;pesaro-e-urbino;2015;0.2
ISTATP_SALDO_MIGRATORIO_INTERNO;provincia;pesaro-e-urbino;2016;0.9
ISTATP_SALDO_MIGRATORIO_INTERNO;provincia;pesaro-e-urbino;2017;1.6
ISTATP_SALDO_MIGRATORIO_INTERNO;provincia;pesaro-e-urbino;2018;1.6
ISTATP_SALDO_MIGRATORIO_INTERNO;provincia;pesaro-e-urbino;2019;1
ISTATP_SALDO_MIGRATORIO_INTERNO;provincia;pesaro-e-urbino;2020;1.9
ISTATP_SALDO_MIGRATORIO_INTERNO;provincia;pesaro-e-urbino;2021;1.9
ISTATP_SALDO_MIGRATORIO_INTERNO;provincia;pesaro-e-urbino;2022;2.2
ISTATP_SALDO_MIGRATORIO_INTERNO;provincia;pesaro-e-urbino;2023;1.9
ISTATP_SALDO_MIGRATORIO_INTERNO;provincia;pesaro-e-urbino;2024;1.2
ISTATP_SALDO_MIGRATORIO_INTERNO;provincia;pesaro-e-urbino;2025;1.5
ISTATP_SALDO_MIGRATORIO_INTERNO;provincia;pescara;2015;0.7
ISTATP_SALDO_MIGRATORIO_INTERNO;provincia;pescara;2016;1
ISTATP_SALDO_MIGRATORIO_INTERNO;provincia;pescara;2017;-1.7
ISTATP_SALDO_MIGRATORIO_INTERNO;provincia;pescara;2018;1.1
ISTATP_SALDO_MIGRATORIO_INTERNO;provincia;pescara;2019;0.4
ISTATP_SALDO_MIGRATORIO_INTERNO;provincia;pescara;2020;1.2
ISTATP_SALDO_MIGRATORIO_INTERNO;provincia;pescara;2021;1.7
ISTATP_SALDO_MIGRATORIO_INTERNO;provincia;pescara;2022;0.8
ISTATP_SALDO_MIGRATORIO_INTERNO;provincia;pescara;2023;0.6
ISTATP_SALDO_MIGRATORIO_INTERNO;provincia;pescara;2024;1.4
ISTATP_SALDO_MIGRATORIO_INTERNO;provincia;pescara;2025;2
ISTATP_SALDO_MIGRATORIO_INTERNO;provincia;piacenza;2015;2
ISTATP_SALDO_MIGRATORIO_INTERNO;provincia;piacenza;2016;2.5
ISTATP_SALDO_MIGRATORIO_INTERNO;provincia;piacenza;2017;2.6
ISTATP_SALDO_MIGRATORIO_INTERNO;provincia;piacenza;2018;2.7
ISTATP_SALDO_MIGRATORIO_INTERNO;provincia;piacenza;2019;3.1
ISTATP_SALDO_MIGRATORIO_INTERNO;provincia;piacenza;2020;3.5
ISTATP_SALDO_MIGRATORIO_INTERNO;provincia;piacenza;2021;3.5
ISTATP_SALDO_MIGRATORIO_INTERNO;provincia;piacenza;2022;3.2
ISTATP_SALDO_MIGRATORIO_INTERNO;provincia;piacenza;2023;2.7
ISTATP_SALDO_MIGRATORIO_INTERNO;provincia;piacenza;2024;2.4
ISTATP_SALDO_MIGRATORIO_INTERNO;provincia;piacenza;2025;2.4
ISTATP_SALDO_MIGRATORIO_INTERNO;provincia;pisa;2015;0.1
ISTATP_SALDO_MIGRATORIO_INTERNO;provincia;pisa;2016;3.4
ISTATP_SALDO_MIGRATORIO_INTERNO;provincia;pisa;2017;0.4
ISTATP_SALDO_MIGRATORIO_INTERNO;provincia;pisa;2018;0
ISTATP_SALDO_MIGRATORIO_INTERNO;provincia;pisa;2019;2.4
ISTATP_SALDO_MIGRATORIO_INTERNO;provincia;pisa;2020;1.7
ISTATP_SALDO_MIGRATORIO_INTERNO;provincia;pisa;2021;1.9
ISTATP_SALDO_MIGRATORIO_INTERNO;provincia;pisa;2022;2
ISTATP_SALDO_MIGRATORIO_INTERNO;provincia;pisa;2023;2
ISTATP_SALDO_MIGRATORIO_INTERNO;provincia;pisa;2024;1.7
ISTATP_SALDO_MIGRATORIO_INTERNO;provincia;pisa;2025;1.7
ISTATP_SALDO_MIGRATORIO_INTERNO;provincia;pistoia;2015;2.2
ISTATP_SALDO_MIGRATORIO_INTERNO;provincia;pistoia;2016;2.5
ISTATP_SALDO_MIGRATORIO_INTERNO;provincia;pistoia;2017;3.6
ISTATP_SALDO_MIGRATORIO_INTERNO;provincia;pistoia;2018;4.4
ISTATP_SALDO_MIGRATORIO_INTERNO;provincia;pistoia;2019;3.7
ISTATP_SALDO_MIGRATORIO_INTERNO;provincia;pistoia;2020;2.7
ISTATP_SALDO_MIGRATORIO_INTERNO;provincia;pistoia;2021;2.9
ISTATP_SALDO_MIGRATORIO_INTERNO;provincia;pistoia;2022;2.7
ISTATP_SALDO_MIGRATORIO_INTERNO;provincia;pistoia;2023;2.6
ISTATP_SALDO_MIGRATORIO_INTERNO;provincia;pistoia;2024;2.7
ISTATP_SALDO_MIGRATORIO_INTERNO;provincia;pistoia;2025;3.7
ISTATP_SALDO_MIGRATORIO_INTERNO;provincia;pordenone;2015;0.1
ISTATP_SALDO_MIGRATORIO_INTERNO;provincia;pordenone;2016;0.4
ISTATP_SALDO_MIGRATORIO_INTERNO;provincia;pordenone;2017;2.1
ISTATP_SALDO_MIGRATORIO_INTERNO;provincia;pordenone;2018;4.4
ISTATP_SALDO_MIGRATORIO_INTERNO;provincia;pordenone;2019;2.3
ISTATP_SALDO_MIGRATORIO_INTERNO;provincia;pordenone;2020;1.7
ISTATP_SALDO_MIGRATORIO_INTERNO;provincia;pordenone;2021;2.3
ISTATP_SALDO_MIGRATORIO_INTERNO;provincia;pordenone;2022;2.1
ISTATP_SALDO_MIGRATORIO_INTERNO;provincia;pordenone;2023;1.8
ISTATP_SALDO_MIGRATORIO_INTERNO;provincia;pordenone;2024;1
ISTATP_SALDO_MIGRATORIO_INTERNO;provincia;pordenone;2025;1.1
ISTATP_SALDO_MIGRATORIO_INTERNO;provincia;potenza;2015;-3.6
ISTATP_SALDO_MIGRATORIO_INTERNO;provincia;potenza;2016;-3.7
ISTATP_SALDO_MIGRATORIO_INTERNO;provincia;potenza;2017;-4.7
ISTATP_SALDO_MIGRATORIO_INTERNO;provincia;potenza;2018;-4.9
ISTATP_SALDO_MIGRATORIO_INTERNO;provincia;potenza;2019;-5.6
ISTATP_SALDO_MIGRATORIO_INTERNO;provincia;potenza;2020;-4.9
ISTATP_SALDO_MIGRATORIO_INTERNO;provincia;potenza;2021;-5
ISTATP_SALDO_MIGRATORIO_INTERNO;provincia;potenza;2022;-5.6
ISTATP_SALDO_MIGRATORIO_INTERNO;provincia;potenza;2023;-6.1
ISTATP_SALDO_MIGRATORIO_INTERNO;provincia;potenza;2024;-4.7
ISTATP_SALDO_MIGRATORIO_INTERNO;provincia;potenza;2025;-5
ISTATP_SALDO_MIGRATORIO_INTERNO;provincia;prato;2015;2.7
ISTATP_SALDO_MIGRATORIO_INTERNO;provincia;prato;2016;3.3
ISTATP_SALDO_MIGRATORIO_INTERNO;provincia;prato;2017;0.7
ISTATP_SALDO_MIGRATORIO_INTERNO;provincia;prato;2018;2.7
ISTATP_SALDO_MIGRATORIO_INTERNO;provincia;prato;2019;1.4
ISTATP_SALDO_MIGRATORIO_INTERNO;provincia;prato;2020;0.5
ISTATP_SALDO_MIGRATORIO_INTERNO;provincia;prato;2021;2.4
ISTATP_SALDO_MIGRATORIO_INTERNO;provincia;prato;2022;-0.2
ISTATP_SALDO_MIGRATORIO_INTERNO;provincia;prato;2023;-0.8
ISTATP_SALDO_MIGRATORIO_INTERNO;provincia;prato;2024;-0.8
ISTATP_SALDO_MIGRATORIO_INTERNO;provincia;prato;2025;0
ISTATP_SALDO_MIGRATORIO_INTERNO;provincia;ragusa;2015;-1.5
ISTATP_SALDO_MIGRATORIO_INTERNO;provincia;ragusa;2016;-2.4
ISTATP_SALDO_MIGRATORIO_INTERNO;provincia;ragusa;2017;-3.2
ISTATP_SALDO_MIGRATORIO_INTERNO;provincia;ragusa;2018;-3.9
ISTATP_SALDO_MIGRATORIO_INTERNO;provincia;ragusa;2019;-2.5
ISTATP_SALDO_MIGRATORIO_INTERNO;provincia;ragusa;2020;-1.8
ISTATP_SALDO_MIGRATORIO_INTERNO;provincia;ragusa;2021;-1.2
ISTATP_SALDO_MIGRATORIO_INTERNO;provincia;ragusa;2022;-2.5
ISTATP_SALDO_MIGRATORIO_INTERNO;provincia;ragusa;2023;-3.3
ISTATP_SALDO_MIGRATORIO_INTERNO;provincia;ragusa;2024;-2.5
ISTATP_SALDO_MIGRATORIO_INTERNO;provincia;ragusa;2025;-3.6
ISTATP_SALDO_MIGRATORIO_INTERNO;provincia;ravenna;2015;3
ISTATP_SALDO_MIGRATORIO_INTERNO;provincia;ravenna;2016;2.2
ISTATP_SALDO_MIGRATORIO_INTERNO;provincia;ravenna;2017;3.4
ISTATP_SALDO_MIGRATORIO_INTERNO;provincia;ravenna;2018;1.6
ISTATP_SALDO_MIGRATORIO_INTERNO;provincia;ravenna;2019;3.5
ISTATP_SALDO_MIGRATORIO_INTERNO;provincia;ravenna;2020;3.5
ISTATP_SALDO_MIGRATORIO_INTERNO;provincia;ravenna;2021;3.1
ISTATP_SALDO_MIGRATORIO_INTERNO;provincia;ravenna;2022;4.5
ISTATP_SALDO_MIGRATORIO_INTERNO;provincia;ravenna;2023;3.1
ISTATP_SALDO_MIGRATORIO_INTERNO;provincia;ravenna;2024;2.9
ISTATP_SALDO_MIGRATORIO_INTERNO;provincia;ravenna;2025;2.5
ISTATP_SALDO_MIGRATORIO_INTERNO;provincia;reggio-calabria;2015;-5
ISTATP_SALDO_MIGRATORIO_INTERNO;provincia;reggio-calabria;2016;-4.8
ISTATP_SALDO_MIGRATORIO_INTERNO;provincia;reggio-calabria;2017;-6.5
ISTATP_SALDO_MIGRATORIO_INTERNO;provincia;reggio-calabria;2018;-7.7
ISTATP_SALDO_MIGRATORIO_INTERNO;provincia;reggio-calabria;2019;-7.7
ISTATP_SALDO_MIGRATORIO_INTERNO;provincia;reggio-calabria;2020;-5.1
ISTATP_SALDO_MIGRATORIO_INTERNO;provincia;reggio-calabria;2021;-5.2
ISTATP_SALDO_MIGRATORIO_INTERNO;provincia;reggio-calabria;2022;-6.6
ISTATP_SALDO_MIGRATORIO_INTERNO;provincia;reggio-calabria;2023;-6.9
ISTATP_SALDO_MIGRATORIO_INTERNO;provincia;reggio-calabria;2024;-5.2
ISTATP_SALDO_MIGRATORIO_INTERNO;provincia;reggio-calabria;2025;-4.3
ISTATP_SALDO_MIGRATORIO_INTERNO;provincia;reggio-emilia;2015;1.7
ISTATP_SALDO_MIGRATORIO_INTERNO;provincia;reggio-emilia;2016;1.6
ISTATP_SALDO_MIGRATORIO_INTERNO;provincia;reggio-emilia;2017;2.5
ISTATP_SALDO_MIGRATORIO_INTERNO;provincia;reggio-emilia;2018;3.6
ISTATP_SALDO_MIGRATORIO_INTERNO;provincia;reggio-emilia;2019;2.8
ISTATP_SALDO_MIGRATORIO_INTERNO;provincia;reggio-emilia;2020;1.8
ISTATP_SALDO_MIGRATORIO_INTERNO;provincia;reggio-emilia;2021;1.7
ISTATP_SALDO_MIGRATORIO_INTERNO;provincia;reggio-emilia;2022;2.9
ISTATP_SALDO_MIGRATORIO_INTERNO;provincia;reggio-emilia;2023;2.7
ISTATP_SALDO_MIGRATORIO_INTERNO;provincia;reggio-emilia;2024;2.3
ISTATP_SALDO_MIGRATORIO_INTERNO;provincia;reggio-emilia;2025;0.8
ISTATP_SALDO_MIGRATORIO_INTERNO;provincia;rieti;2015;-0.3
ISTATP_SALDO_MIGRATORIO_INTERNO;provincia;rieti;2016;-1.2
ISTATP_SALDO_MIGRATORIO_INTERNO;provincia;rieti;2017;-2.5
ISTATP_SALDO_MIGRATORIO_INTERNO;provincia;rieti;2018;-3.3
ISTATP_SALDO_MIGRATORIO_INTERNO;provincia;rieti;2019;-1.2
ISTATP_SALDO_MIGRATORIO_INTERNO;provincia;rieti;2020;0.5
ISTATP_SALDO_MIGRATORIO_INTERNO;provincia;rieti;2021;0.7
ISTATP_SALDO_MIGRATORIO_INTERNO;provincia;rieti;2022;-1.1
ISTATP_SALDO_MIGRATORIO_INTERNO;provincia;rieti;2023;-1.4
ISTATP_SALDO_MIGRATORIO_INTERNO;provincia;rieti;2024;0.4
ISTATP_SALDO_MIGRATORIO_INTERNO;provincia;rieti;2025;-0.8
ISTATP_SALDO_MIGRATORIO_INTERNO;provincia;rimini;2015;3.4
ISTATP_SALDO_MIGRATORIO_INTERNO;provincia;rimini;2016;4.9
ISTATP_SALDO_MIGRATORIO_INTERNO;provincia;rimini;2017;3.6
ISTATP_SALDO_MIGRATORIO_INTERNO;provincia;rimini;2018;4.5
ISTATP_SALDO_MIGRATORIO_INTERNO;provincia;rimini;2019;3.7
ISTATP_SALDO_MIGRATORIO_INTERNO;provincia;rimini;2020;2.9
ISTATP_SALDO_MIGRATORIO_INTERNO;provincia;rimini;2021;2.2
ISTATP_SALDO_MIGRATORIO_INTERNO;provincia;rimini;2022;3
ISTATP_SALDO_MIGRATORIO_INTERNO;provincia;rimini;2023;2.5
ISTATP_SALDO_MIGRATORIO_INTERNO;provincia;rimini;2024;2.7
ISTATP_SALDO_MIGRATORIO_INTERNO;provincia;rimini;2025;2.2
ISTATP_SALDO_MIGRATORIO_INTERNO;provincia;roma;2015;2.6
ISTATP_SALDO_MIGRATORIO_INTERNO;provincia;roma;2016;2.6
ISTATP_SALDO_MIGRATORIO_INTERNO;provincia;roma;2017;2.4
ISTATP_SALDO_MIGRATORIO_INTERNO;provincia;roma;2018;1.4
ISTATP_SALDO_MIGRATORIO_INTERNO;provincia;roma;2019;0.3
ISTATP_SALDO_MIGRATORIO_INTERNO;provincia;roma;2020;-0.3
ISTATP_SALDO_MIGRATORIO_INTERNO;provincia;roma;2021;0.3
ISTATP_SALDO_MIGRATORIO_INTERNO;provincia;roma;2022;1
ISTATP_SALDO_MIGRATORIO_INTERNO;provincia;roma;2023;1
ISTATP_SALDO_MIGRATORIO_INTERNO;provincia;roma;2024;0.3
ISTATP_SALDO_MIGRATORIO_INTERNO;provincia;roma;2025;0.6
ISTATP_SALDO_MIGRATORIO_INTERNO;provincia;rovigo;2015;-0.8
ISTATP_SALDO_MIGRATORIO_INTERNO;provincia;rovigo;2016;-1.1
ISTATP_SALDO_MIGRATORIO_INTERNO;provincia;rovigo;2017;-1.5
ISTATP_SALDO_MIGRATORIO_INTERNO;provincia;rovigo;2018;-0.5
ISTATP_SALDO_MIGRATORIO_INTERNO;provincia;rovigo;2019;-1.2
ISTATP_SALDO_MIGRATORIO_INTERNO;provincia;rovigo;2020;0.2
ISTATP_SALDO_MIGRATORIO_INTERNO;provincia;rovigo;2021;0.1
ISTATP_SALDO_MIGRATORIO_INTERNO;provincia;rovigo;2022;0.8
ISTATP_SALDO_MIGRATORIO_INTERNO;provincia;rovigo;2023;0.9
ISTATP_SALDO_MIGRATORIO_INTERNO;provincia;rovigo;2024;1.5
ISTATP_SALDO_MIGRATORIO_INTERNO;provincia;rovigo;2025;1.6
ISTATP_SALDO_MIGRATORIO_INTERNO;provincia;salerno;2015;-2.3
ISTATP_SALDO_MIGRATORIO_INTERNO;provincia;salerno;2016;-2.1
ISTATP_SALDO_MIGRATORIO_INTERNO;provincia;salerno;2017;-2.3
ISTATP_SALDO_MIGRATORIO_INTERNO;provincia;salerno;2018;-2.7
ISTATP_SALDO_MIGRATORIO_INTERNO;provincia;salerno;2019;-2.6
ISTATP_SALDO_MIGRATORIO_INTERNO;provincia;salerno;2020;-1.5
ISTATP_SALDO_MIGRATORIO_INTERNO;provincia;salerno;2021;-1.7
ISTATP_SALDO_MIGRATORIO_INTERNO;provincia;salerno;2022;-3.2
ISTATP_SALDO_MIGRATORIO_INTERNO;provincia;salerno;2023;-2.9
ISTATP_SALDO_MIGRATORIO_INTERNO;provincia;salerno;2024;-2.5
ISTATP_SALDO_MIGRATORIO_INTERNO;provincia;salerno;2025;-2
ISTATP_SALDO_MIGRATORIO_INTERNO;provincia;sassari;2015;1.1
ISTATP_SALDO_MIGRATORIO_INTERNO;provincia;sassari;2016;0.8
ISTATP_SALDO_MIGRATORIO_INTERNO;provincia;sassari;2017;0.2
ISTATP_SALDO_MIGRATORIO_INTERNO;provincia;sassari;2018;0.6
ISTATP_SALDO_MIGRATORIO_INTERNO;provincia;sassari;2019;-0.1
ISTATP_SALDO_MIGRATORIO_INTERNO;provincia;sassari;2020;0.2
ISTATP_SALDO_MIGRATORIO_INTERNO;provincia;sassari;2021;0.5
ISTATP_SALDO_MIGRATORIO_INTERNO;provincia;sassari;2022;0
ISTATP_SALDO_MIGRATORIO_INTERNO;provincia;sassari;2023;0.1
ISTATP_SALDO_MIGRATORIO_INTERNO;provincia;sassari;2024;0.5
ISTATP_SALDO_MIGRATORIO_INTERNO;provincia;sassari;2025;1
ISTATP_SALDO_MIGRATORIO_INTERNO;provincia;savona;2015;1.7
ISTATP_SALDO_MIGRATORIO_INTERNO;provincia;savona;2016;1.9
ISTATP_SALDO_MIGRATORIO_INTERNO;provincia;savona;2017;2.4
ISTATP_SALDO_MIGRATORIO_INTERNO;provincia;savona;2018;2.2
ISTATP_SALDO_MIGRATORIO_INTERNO;provincia;savona;2019;1.1
ISTATP_SALDO_MIGRATORIO_INTERNO;provincia;savona;2020;1.2
ISTATP_SALDO_MIGRATORIO_INTERNO;provincia;savona;2021;2.3
ISTATP_SALDO_MIGRATORIO_INTERNO;provincia;savona;2022;2.2
ISTATP_SALDO_MIGRATORIO_INTERNO;provincia;savona;2023;4.1
ISTATP_SALDO_MIGRATORIO_INTERNO;provincia;savona;2024;1.8
ISTATP_SALDO_MIGRATORIO_INTERNO;provincia;savona;2025;2.1
ISTATP_SALDO_MIGRATORIO_INTERNO;provincia;siena;2015;1.1
ISTATP_SALDO_MIGRATORIO_INTERNO;provincia;siena;2016;-0.5
ISTATP_SALDO_MIGRATORIO_INTERNO;provincia;siena;2017;1
ISTATP_SALDO_MIGRATORIO_INTERNO;provincia;siena;2018;0.2
ISTATP_SALDO_MIGRATORIO_INTERNO;provincia;siena;2019;0.3
ISTATP_SALDO_MIGRATORIO_INTERNO;provincia;siena;2020;0.7
ISTATP_SALDO_MIGRATORIO_INTERNO;provincia;siena;2021;-0.6
ISTATP_SALDO_MIGRATORIO_INTERNO;provincia;siena;2022;0
ISTATP_SALDO_MIGRATORIO_INTERNO;provincia;siena;2023;-1.1
ISTATP_SALDO_MIGRATORIO_INTERNO;provincia;siena;2024;-0.9
ISTATP_SALDO_MIGRATORIO_INTERNO;provincia;siena;2025;-0.7
ISTATP_SALDO_MIGRATORIO_INTERNO;provincia;siracusa;2015;-3.8
ISTATP_SALDO_MIGRATORIO_INTERNO;provincia;siracusa;2016;-4.3
ISTATP_SALDO_MIGRATORIO_INTERNO;provincia;siracusa;2017;-5.2
ISTATP_SALDO_MIGRATORIO_INTERNO;provincia;siracusa;2018;-4.3
ISTATP_SALDO_MIGRATORIO_INTERNO;provincia;siracusa;2019;-3
ISTATP_SALDO_MIGRATORIO_INTERNO;provincia;siracusa;2020;-1.9
ISTATP_SALDO_MIGRATORIO_INTERNO;provincia;siracusa;2021;-1.8
ISTATP_SALDO_MIGRATORIO_INTERNO;provincia;siracusa;2022;-2.1
ISTATP_SALDO_MIGRATORIO_INTERNO;provincia;siracusa;2023;-2.3
ISTATP_SALDO_MIGRATORIO_INTERNO;provincia;siracusa;2024;-1.9
ISTATP_SALDO_MIGRATORIO_INTERNO;provincia;siracusa;2025;-1.3
ISTATP_SALDO_MIGRATORIO_INTERNO;provincia;sondrio;2015;1.1
ISTATP_SALDO_MIGRATORIO_INTERNO;provincia;sondrio;2016;0.2
ISTATP_SALDO_MIGRATORIO_INTERNO;provincia;sondrio;2017;1.2
ISTATP_SALDO_MIGRATORIO_INTERNO;provincia;sondrio;2018;0.8
ISTATP_SALDO_MIGRATORIO_INTERNO;provincia;sondrio;2019;2.4
ISTATP_SALDO_MIGRATORIO_INTERNO;provincia;sondrio;2020;2.2
ISTATP_SALDO_MIGRATORIO_INTERNO;provincia;sondrio;2021;1.1
ISTATP_SALDO_MIGRATORIO_INTERNO;provincia;sondrio;2022;1.7
ISTATP_SALDO_MIGRATORIO_INTERNO;provincia;sondrio;2023;2
ISTATP_SALDO_MIGRATORIO_INTERNO;provincia;sondrio;2024;2.2
ISTATP_SALDO_MIGRATORIO_INTERNO;provincia;sondrio;2025;1.8
ISTATP_SALDO_MIGRATORIO_INTERNO;provincia;sud-sardegna;2015;-1.8
ISTATP_SALDO_MIGRATORIO_INTERNO;provincia;sud-sardegna;2016;-2.2
ISTATP_SALDO_MIGRATORIO_INTERNO;provincia;sud-sardegna;2017;-2.6
ISTATP_SALDO_MIGRATORIO_INTERNO;provincia;sud-sardegna;2018;-3.1
ISTATP_SALDO_MIGRATORIO_INTERNO;provincia;sud-sardegna;2019;-2.4
ISTATP_SALDO_MIGRATORIO_INTERNO;provincia;sud-sardegna;2020;-1.3
ISTATP_SALDO_MIGRATORIO_INTERNO;provincia;sud-sardegna;2021;-0.6
ISTATP_SALDO_MIGRATORIO_INTERNO;provincia;sud-sardegna;2022;-1.7
ISTATP_SALDO_MIGRATORIO_INTERNO;provincia;sud-sardegna;2023;-0.5
ISTATP_SALDO_MIGRATORIO_INTERNO;provincia;sud-sardegna;2024;-0.2
ISTATP_SALDO_MIGRATORIO_INTERNO;provincia;sud-sardegna;2025;-0.5
ISTATP_SALDO_MIGRATORIO_INTERNO;provincia;taranto;2015;-3.9
ISTATP_SALDO_MIGRATORIO_INTERNO;provincia;taranto;2016;-4
ISTATP_SALDO_MIGRATORIO_INTERNO;provincia;taranto;2017;-4.3
ISTATP_SALDO_MIGRATORIO_INTERNO;provincia;taranto;2018;-4.7
ISTATP_SALDO_MIGRATORIO_INTERNO;provincia;taranto;2019;-4.1
ISTATP_SALDO_MIGRATORIO_INTERNO;provincia;taranto;2020;-2.3
ISTATP_SALDO_MIGRATORIO_INTERNO;provincia;taranto;2021;-2.2
ISTATP_SALDO_MIGRATORIO_INTERNO;provincia;taranto;2022;-3.5
ISTATP_SALDO_MIGRATORIO_INTERNO;provincia;taranto;2023;-3.3
ISTATP_SALDO_MIGRATORIO_INTERNO;provincia;taranto;2024;-2.8
ISTATP_SALDO_MIGRATORIO_INTERNO;provincia;taranto;2025;-2.2
ISTATP_SALDO_MIGRATORIO_INTERNO;provincia;teramo;2015;-0.8
ISTATP_SALDO_MIGRATORIO_INTERNO;provincia;teramo;2016;-0.5
ISTATP_SALDO_MIGRATORIO_INTERNO;provincia;teramo;2017;-2.2
ISTATP_SALDO_MIGRATORIO_INTERNO;provincia;teramo;2018;-0.9
ISTATP_SALDO_MIGRATORIO_INTERNO;provincia;teramo;2019;-1.7
ISTATP_SALDO_MIGRATORIO_INTERNO;provincia;teramo;2020;-0.4
ISTATP_SALDO_MIGRATORIO_INTERNO;provincia;teramo;2021;-0.7
ISTATP_SALDO_MIGRATORIO_INTERNO;provincia;teramo;2022;-0.6
ISTATP_SALDO_MIGRATORIO_INTERNO;provincia;teramo;2023;0
ISTATP_SALDO_MIGRATORIO_INTERNO;provincia;teramo;2024;0.8
ISTATP_SALDO_MIGRATORIO_INTERNO;provincia;teramo;2025;0
ISTATP_SALDO_MIGRATORIO_INTERNO;provincia;terni;2015;1.1
ISTATP_SALDO_MIGRATORIO_INTERNO;provincia;terni;2016;0.8
ISTATP_SALDO_MIGRATORIO_INTERNO;provincia;terni;2017;-0.1
ISTATP_SALDO_MIGRATORIO_INTERNO;provincia;terni;2018;0.4
ISTATP_SALDO_MIGRATORIO_INTERNO;provincia;terni;2019;0.2
ISTATP_SALDO_MIGRATORIO_INTERNO;provincia;terni;2020;0.7
ISTATP_SALDO_MIGRATORIO_INTERNO;provincia;terni;2021;0.4
ISTATP_SALDO_MIGRATORIO_INTERNO;provincia;terni;2022;0.1
ISTATP_SALDO_MIGRATORIO_INTERNO;provincia;terni;2023;-0.8
ISTATP_SALDO_MIGRATORIO_INTERNO;provincia;terni;2024;1.4
ISTATP_SALDO_MIGRATORIO_INTERNO;provincia;terni;2025;0.3
ISTATP_SALDO_MIGRATORIO_INTERNO;provincia;torino;2015;0.3
ISTATP_SALDO_MIGRATORIO_INTERNO;provincia;torino;2016;-0.2
ISTATP_SALDO_MIGRATORIO_INTERNO;provincia;torino;2017;0
ISTATP_SALDO_MIGRATORIO_INTERNO;provincia;torino;2018;-0.4
ISTATP_SALDO_MIGRATORIO_INTERNO;provincia;torino;2019;1.3
ISTATP_SALDO_MIGRATORIO_INTERNO;provincia;torino;2020;0.7
ISTATP_SALDO_MIGRATORIO_INTERNO;provincia;torino;2021;-0.2
ISTATP_SALDO_MIGRATORIO_INTERNO;provincia;torino;2022;-0.1
ISTATP_SALDO_MIGRATORIO_INTERNO;provincia;torino;2023;2.5
ISTATP_SALDO_MIGRATORIO_INTERNO;provincia;torino;2024;1.9
ISTATP_SALDO_MIGRATORIO_INTERNO;provincia;torino;2025;1.5
ISTATP_SALDO_MIGRATORIO_INTERNO;provincia;trapani;2015;-2.7
ISTATP_SALDO_MIGRATORIO_INTERNO;provincia;trapani;2016;-3.1
ISTATP_SALDO_MIGRATORIO_INTERNO;provincia;trapani;2017;-2.4
ISTATP_SALDO_MIGRATORIO_INTERNO;provincia;trapani;2018;-4.2
ISTATP_SALDO_MIGRATORIO_INTERNO;provincia;trapani;2019;-3.7
ISTATP_SALDO_MIGRATORIO_INTERNO;provincia;trapani;2020;-1.7
ISTATP_SALDO_MIGRATORIO_INTERNO;provincia;trapani;2021;-2.2
ISTATP_SALDO_MIGRATORIO_INTERNO;provincia;trapani;2022;-3.7
ISTATP_SALDO_MIGRATORIO_INTERNO;provincia;trapani;2023;-4.1
ISTATP_SALDO_MIGRATORIO_INTERNO;provincia;trapani;2024;-3
ISTATP_SALDO_MIGRATORIO_INTERNO;provincia;trapani;2025;-2.1
ISTATP_SALDO_MIGRATORIO_INTERNO;provincia;trento;2015;3.3
ISTATP_SALDO_MIGRATORIO_INTERNO;provincia;trento;2016;2.6
ISTATP_SALDO_MIGRATORIO_INTERNO;provincia;trento;2017;3
ISTATP_SALDO_MIGRATORIO_INTERNO;provincia;trento;2018;4.4
ISTATP_SALDO_MIGRATORIO_INTERNO;provincia;trento;2019;3.3
ISTATP_SALDO_MIGRATORIO_INTERNO;provincia;trento;2020;3.1
ISTATP_SALDO_MIGRATORIO_INTERNO;provincia;trento;2021;2.3
ISTATP_SALDO_MIGRATORIO_INTERNO;provincia;trento;2022;3
ISTATP_SALDO_MIGRATORIO_INTERNO;provincia;trento;2023;2.5
ISTATP_SALDO_MIGRATORIO_INTERNO;provincia;trento;2024;2.3
ISTATP_SALDO_MIGRATORIO_INTERNO;provincia;trento;2025;1.9
ISTATP_SALDO_MIGRATORIO_INTERNO;provincia;treviso;2015;0.9
ISTATP_SALDO_MIGRATORIO_INTERNO;provincia;treviso;2016;1.3
ISTATP_SALDO_MIGRATORIO_INTERNO;provincia;treviso;2017;1.7
ISTATP_SALDO_MIGRATORIO_INTERNO;provincia;treviso;2018;1.6
ISTATP_SALDO_MIGRATORIO_INTERNO;provincia;treviso;2019;1.5
ISTATP_SALDO_MIGRATORIO_INTERNO;provincia;treviso;2020;1.2
ISTATP_SALDO_MIGRATORIO_INTERNO;provincia;treviso;2021;1
ISTATP_SALDO_MIGRATORIO_INTERNO;provincia;treviso;2022;1.3
ISTATP_SALDO_MIGRATORIO_INTERNO;provincia;treviso;2023;0.7
ISTATP_SALDO_MIGRATORIO_INTERNO;provincia;treviso;2024;0.6
ISTATP_SALDO_MIGRATORIO_INTERNO;provincia;treviso;2025;0.8
ISTATP_SALDO_MIGRATORIO_INTERNO;provincia;trieste;2015;3.4
ISTATP_SALDO_MIGRATORIO_INTERNO;provincia;trieste;2016;4.8
ISTATP_SALDO_MIGRATORIO_INTERNO;provincia;trieste;2017;4.2
ISTATP_SALDO_MIGRATORIO_INTERNO;provincia;trieste;2018;5.3
ISTATP_SALDO_MIGRATORIO_INTERNO;provincia;trieste;2019;3.7
ISTATP_SALDO_MIGRATORIO_INTERNO;provincia;trieste;2020;3.1
ISTATP_SALDO_MIGRATORIO_INTERNO;provincia;trieste;2021;3.1
ISTATP_SALDO_MIGRATORIO_INTERNO;provincia;trieste;2022;3.3
ISTATP_SALDO_MIGRATORIO_INTERNO;provincia;trieste;2023;2.2
ISTATP_SALDO_MIGRATORIO_INTERNO;provincia;trieste;2024;2
ISTATP_SALDO_MIGRATORIO_INTERNO;provincia;trieste;2025;2.3
ISTATP_SALDO_MIGRATORIO_INTERNO;provincia;udine;2015;1.2
ISTATP_SALDO_MIGRATORIO_INTERNO;provincia;udine;2016;1.7
ISTATP_SALDO_MIGRATORIO_INTERNO;provincia;udine;2017;1.7
ISTATP_SALDO_MIGRATORIO_INTERNO;provincia;udine;2018;1.9
ISTATP_SALDO_MIGRATORIO_INTERNO;provincia;udine;2019;1.2
ISTATP_SALDO_MIGRATORIO_INTERNO;provincia;udine;2020;2
ISTATP_SALDO_MIGRATORIO_INTERNO;provincia;udine;2021;1.5
ISTATP_SALDO_MIGRATORIO_INTERNO;provincia;udine;2022;2.3
ISTATP_SALDO_MIGRATORIO_INTERNO;provincia;udine;2023;2.7
ISTATP_SALDO_MIGRATORIO_INTERNO;provincia;udine;2024;2.1
ISTATP_SALDO_MIGRATORIO_INTERNO;provincia;udine;2025;2.1
ISTATP_SALDO_MIGRATORIO_INTERNO;provincia;varese;2015;1.9
ISTATP_SALDO_MIGRATORIO_INTERNO;provincia;varese;2016;2
ISTATP_SALDO_MIGRATORIO_INTERNO;provincia;varese;2017;2
ISTATP_SALDO_MIGRATORIO_INTERNO;provincia;varese;2018;2.7
ISTATP_SALDO_MIGRATORIO_INTERNO;provincia;varese;2019;2.8
ISTATP_SALDO_MIGRATORIO_INTERNO;provincia;varese;2020;1.4
ISTATP_SALDO_MIGRATORIO_INTERNO;provincia;varese;2021;2.3
ISTATP_SALDO_MIGRATORIO_INTERNO;provincia;varese;2022;3.1
ISTATP_SALDO_MIGRATORIO_INTERNO;provincia;varese;2023;2.4
ISTATP_SALDO_MIGRATORIO_INTERNO;provincia;varese;2024;2.9
ISTATP_SALDO_MIGRATORIO_INTERNO;provincia;varese;2025;2.9
ISTATP_SALDO_MIGRATORIO_INTERNO;provincia;venezia;2015;1.5
ISTATP_SALDO_MIGRATORIO_INTERNO;provincia;venezia;2016;1.5
ISTATP_SALDO_MIGRATORIO_INTERNO;provincia;venezia;2017;1.4
ISTATP_SALDO_MIGRATORIO_INTERNO;provincia;venezia;2018;2.3
ISTATP_SALDO_MIGRATORIO_INTERNO;provincia;venezia;2019;0.8
ISTATP_SALDO_MIGRATORIO_INTERNO;provincia;venezia;2020;0.5
ISTATP_SALDO_MIGRATORIO_INTERNO;provincia;venezia;2021;0.8
ISTATP_SALDO_MIGRATORIO_INTERNO;provincia;venezia;2022;1.4
ISTATP_SALDO_MIGRATORIO_INTERNO;provincia;venezia;2023;1
ISTATP_SALDO_MIGRATORIO_INTERNO;provincia;venezia;2024;1.1
ISTATP_SALDO_MIGRATORIO_INTERNO;provincia;venezia;2025;0.7
ISTATP_SALDO_MIGRATORIO_INTERNO;provincia;verbano-cusio-ossola;2015;0.3
ISTATP_SALDO_MIGRATORIO_INTERNO;provincia;verbano-cusio-ossola;2016;1.1
ISTATP_SALDO_MIGRATORIO_INTERNO;provincia;verbano-cusio-ossola;2017;1
ISTATP_SALDO_MIGRATORIO_INTERNO;provincia;verbano-cusio-ossola;2018;1
ISTATP_SALDO_MIGRATORIO_INTERNO;provincia;verbano-cusio-ossola;2019;2
ISTATP_SALDO_MIGRATORIO_INTERNO;provincia;verbano-cusio-ossola;2020;1.9
ISTATP_SALDO_MIGRATORIO_INTERNO;provincia;verbano-cusio-ossola;2021;0.7
ISTATP_SALDO_MIGRATORIO_INTERNO;provincia;verbano-cusio-ossola;2022;3.1
ISTATP_SALDO_MIGRATORIO_INTERNO;provincia;verbano-cusio-ossola;2023;2.8
ISTATP_SALDO_MIGRATORIO_INTERNO;provincia;verbano-cusio-ossola;2024;1.3
ISTATP_SALDO_MIGRATORIO_INTERNO;provincia;verbano-cusio-ossola;2025;0.2
ISTATP_SALDO_MIGRATORIO_INTERNO;provincia;vercelli;2015;-0.7
ISTATP_SALDO_MIGRATORIO_INTERNO;provincia;vercelli;2016;-1.4
ISTATP_SALDO_MIGRATORIO_INTERNO;provincia;vercelli;2017;-0.8
ISTATP_SALDO_MIGRATORIO_INTERNO;provincia;vercelli;2018;-0.8
ISTATP_SALDO_MIGRATORIO_INTERNO;provincia;vercelli;2019;0.6
ISTATP_SALDO_MIGRATORIO_INTERNO;provincia;vercelli;2020;-0.1
ISTATP_SALDO_MIGRATORIO_INTERNO;provincia;vercelli;2021;1.6
ISTATP_SALDO_MIGRATORIO_INTERNO;provincia;vercelli;2022;2.4
ISTATP_SALDO_MIGRATORIO_INTERNO;provincia;vercelli;2023;2
ISTATP_SALDO_MIGRATORIO_INTERNO;provincia;vercelli;2024;3.3
ISTATP_SALDO_MIGRATORIO_INTERNO;provincia;vercelli;2025;2.1
ISTATP_SALDO_MIGRATORIO_INTERNO;provincia;verona;2015;1.7
ISTATP_SALDO_MIGRATORIO_INTERNO;provincia;verona;2016;1.6
ISTATP_SALDO_MIGRATORIO_INTERNO;provincia;verona;2017;2.7
ISTATP_SALDO_MIGRATORIO_INTERNO;provincia;verona;2018;2.9
ISTATP_SALDO_MIGRATORIO_INTERNO;provincia;verona;2019;2.8
ISTATP_SALDO_MIGRATORIO_INTERNO;provincia;verona;2020;2.1
ISTATP_SALDO_MIGRATORIO_INTERNO;provincia;verona;2021;1.8
ISTATP_SALDO_MIGRATORIO_INTERNO;provincia;verona;2022;2.2
ISTATP_SALDO_MIGRATORIO_INTERNO;provincia;verona;2023;1.4
ISTATP_SALDO_MIGRATORIO_INTERNO;provincia;verona;2024;1.1
ISTATP_SALDO_MIGRATORIO_INTERNO;provincia;verona;2025;0.9
ISTATP_SALDO_MIGRATORIO_INTERNO;provincia;vibo-valentia;2015;-6.1
ISTATP_SALDO_MIGRATORIO_INTERNO;provincia;vibo-valentia;2016;-7.2
ISTATP_SALDO_MIGRATORIO_INTERNO;provincia;vibo-valentia;2017;-5.8
ISTATP_SALDO_MIGRATORIO_INTERNO;provincia;vibo-valentia;2018;-7.4
ISTATP_SALDO_MIGRATORIO_INTERNO;provincia;vibo-valentia;2019;-6.6
ISTATP_SALDO_MIGRATORIO_INTERNO;provincia;vibo-valentia;2020;-6.8
ISTATP_SALDO_MIGRATORIO_INTERNO;provincia;vibo-valentia;2021;-5.7
ISTATP_SALDO_MIGRATORIO_INTERNO;provincia;vibo-valentia;2022;-6.3
ISTATP_SALDO_MIGRATORIO_INTERNO;provincia;vibo-valentia;2023;-6
ISTATP_SALDO_MIGRATORIO_INTERNO;provincia;vibo-valentia;2024;-6.4
ISTATP_SALDO_MIGRATORIO_INTERNO;provincia;vibo-valentia;2025;-5.2
ISTATP_SALDO_MIGRATORIO_INTERNO;provincia;vicenza;2015;0.1
ISTATP_SALDO_MIGRATORIO_INTERNO;provincia;vicenza;2016;0.2
ISTATP_SALDO_MIGRATORIO_INTERNO;provincia;vicenza;2017;0.7
ISTATP_SALDO_MIGRATORIO_INTERNO;provincia;vicenza;2018;1.2
ISTATP_SALDO_MIGRATORIO_INTERNO;provincia;vicenza;2019;1.8
ISTATP_SALDO_MIGRATORIO_INTERNO;provincia;vicenza;2020;1.4
ISTATP_SALDO_MIGRATORIO_INTERNO;provincia;vicenza;2021;1.5
ISTATP_SALDO_MIGRATORIO_INTERNO;provincia;vicenza;2022;1.2
ISTATP_SALDO_MIGRATORIO_INTERNO;provincia;vicenza;2023;1.4
ISTATP_SALDO_MIGRATORIO_INTERNO;provincia;vicenza;2024;1.2
ISTATP_SALDO_MIGRATORIO_INTERNO;provincia;vicenza;2025;1.1
ISTATP_SALDO_MIGRATORIO_INTERNO;provincia;viterbo;2015;0.4
ISTATP_SALDO_MIGRATORIO_INTERNO;provincia;viterbo;2016;-1.1
ISTATP_SALDO_MIGRATORIO_INTERNO;provincia;viterbo;2017;0.4
ISTATP_SALDO_MIGRATORIO_INTERNO;provincia;viterbo;2018;0.2
ISTATP_SALDO_MIGRATORIO_INTERNO;provincia;viterbo;2019;-0.7
ISTATP_SALDO_MIGRATORIO_INTERNO;provincia;viterbo;2020;1.5
ISTATP_SALDO_MIGRATORIO_INTERNO;provincia;viterbo;2021;2.3
ISTATP_SALDO_MIGRATORIO_INTERNO;provincia;viterbo;2022;1.9
ISTATP_SALDO_MIGRATORIO_INTERNO;provincia;viterbo;2023;0.7
ISTATP_SALDO_MIGRATORIO_INTERNO;provincia;viterbo;2024;2
ISTATP_SALDO_MIGRATORIO_INTERNO;provincia;viterbo;2025;2.5
ISTATP_SALDO_MIGRATORIO_INTERNO;regione;abruzzo;2015;-1
ISTATP_SALDO_MIGRATORIO_INTERNO;regione;abruzzo;2016;-1.2
ISTATP_SALDO_MIGRATORIO_INTERNO;regione;abruzzo;2017;-2.2
ISTATP_SALDO_MIGRATORIO_INTERNO;regione;abruzzo;2018;-1.2
ISTATP_SALDO_MIGRATORIO_INTERNO;regione;abruzzo;2019;-1
ISTATP_SALDO_MIGRATORIO_INTERNO;regione;abruzzo;2020;-0.1
ISTATP_SALDO_MIGRATORIO_INTERNO;regione;abruzzo;2021;-0.2
ISTATP_SALDO_MIGRATORIO_INTERNO;regione;abruzzo;2022;-0.1
ISTATP_SALDO_MIGRATORIO_INTERNO;regione;abruzzo;2023;-0.1
ISTATP_SALDO_MIGRATORIO_INTERNO;regione;abruzzo;2024;0.5
ISTATP_SALDO_MIGRATORIO_INTERNO;regione;abruzzo;2025;0.2
ISTATP_SALDO_MIGRATORIO_INTERNO;regione;basilicata;2015;-3.3
ISTATP_SALDO_MIGRATORIO_INTERNO;regione;basilicata;2016;-4
ISTATP_SALDO_MIGRATORIO_INTERNO;regione;basilicata;2017;-4.2
ISTATP_SALDO_MIGRATORIO_INTERNO;regione;basilicata;2018;-4.6
ISTATP_SALDO_MIGRATORIO_INTERNO;regione;basilicata;2019;-5.2
ISTATP_SALDO_MIGRATORIO_INTERNO;regione;basilicata;2020;-4.6
ISTATP_SALDO_MIGRATORIO_INTERNO;regione;basilicata;2021;-4.7
ISTATP_SALDO_MIGRATORIO_INTERNO;regione;basilicata;2022;-5.3
ISTATP_SALDO_MIGRATORIO_INTERNO;regione;basilicata;2023;-6.1
ISTATP_SALDO_MIGRATORIO_INTERNO;regione;basilicata;2024;-4.8
ISTATP_SALDO_MIGRATORIO_INTERNO;regione;basilicata;2025;-5.5
ISTATP_SALDO_MIGRATORIO_INTERNO;regione;calabria;2015;-4
ISTATP_SALDO_MIGRATORIO_INTERNO;regione;calabria;2016;-4.4
ISTATP_SALDO_MIGRATORIO_INTERNO;regione;calabria;2017;-5.3
ISTATP_SALDO_MIGRATORIO_INTERNO;regione;calabria;2018;-6
ISTATP_SALDO_MIGRATORIO_INTERNO;regione;calabria;2019;-5.8
ISTATP_SALDO_MIGRATORIO_INTERNO;regione;calabria;2020;-4.4
ISTATP_SALDO_MIGRATORIO_INTERNO;regione;calabria;2021;-4.3
ISTATP_SALDO_MIGRATORIO_INTERNO;regione;calabria;2022;-5.3
ISTATP_SALDO_MIGRATORIO_INTERNO;regione;calabria;2023;-5.4
ISTATP_SALDO_MIGRATORIO_INTERNO;regione;calabria;2024;-4.4
ISTATP_SALDO_MIGRATORIO_INTERNO;regione;calabria;2025;-3.8
ISTATP_SALDO_MIGRATORIO_INTERNO;regione;campania;2015;-2.8
ISTATP_SALDO_MIGRATORIO_INTERNO;regione;campania;2016;-2.9
ISTATP_SALDO_MIGRATORIO_INTERNO;regione;campania;2017;-2.9
ISTATP_SALDO_MIGRATORIO_INTERNO;regione;campania;2018;-3.8
ISTATP_SALDO_MIGRATORIO_INTERNO;regione;campania;2019;-3.8
ISTATP_SALDO_MIGRATORIO_INTERNO;regione;campania;2020;-2.9
ISTATP_SALDO_MIGRATORIO_INTERNO;regione;campania;2021;-3.2
ISTATP_SALDO_MIGRATORIO_INTERNO;regione;campania;2022;-4.3
ISTATP_SALDO_MIGRATORIO_INTERNO;regione;campania;2023;-3.8
ISTATP_SALDO_MIGRATORIO_INTERNO;regione;campania;2024;-3.3
ISTATP_SALDO_MIGRATORIO_INTERNO;regione;campania;2025;-3
ISTATP_SALDO_MIGRATORIO_INTERNO;regione;emilia-romagna;2015;3.1
ISTATP_SALDO_MIGRATORIO_INTERNO;regione;emilia-romagna;2016;3.3
ISTATP_SALDO_MIGRATORIO_INTERNO;regione;emilia-romagna;2017;4
ISTATP_SALDO_MIGRATORIO_INTERNO;regione;emilia-romagna;2018;4.7
ISTATP_SALDO_MIGRATORIO_INTERNO;regione;emilia-romagna;2019;4
ISTATP_SALDO_MIGRATORIO_INTERNO;regione;emilia-romagna;2020;3.1
ISTATP_SALDO_MIGRATORIO_INTERNO;regione;emilia-romagna;2021;2.9
ISTATP_SALDO_MIGRATORIO_INTERNO;regione;emilia-romagna;2022;3.8
ISTATP_SALDO_MIGRATORIO_INTERNO;regione;emilia-romagna;2023;3.2
ISTATP_SALDO_MIGRATORIO_INTERNO;regione;emilia-romagna;2024;2.6
ISTATP_SALDO_MIGRATORIO_INTERNO;regione;emilia-romagna;2025;2.1
ISTATP_SALDO_MIGRATORIO_INTERNO;regione;friuli-venezia-giulia;2015;1.3
ISTATP_SALDO_MIGRATORIO_INTERNO;regione;friuli-venezia-giulia;2016;1.9
ISTATP_SALDO_MIGRATORIO_INTERNO;regione;friuli-venezia-giulia;2017;2.3
ISTATP_SALDO_MIGRATORIO_INTERNO;regione;friuli-venezia-giulia;2018;3.3
ISTATP_SALDO_MIGRATORIO_INTERNO;regione;friuli-venezia-giulia;2019;2
ISTATP_SALDO_MIGRATORIO_INTERNO;regione;friuli-venezia-giulia;2020;2.1
ISTATP_SALDO_MIGRATORIO_INTERNO;regione;friuli-venezia-giulia;2021;2.1
ISTATP_SALDO_MIGRATORIO_INTERNO;regione;friuli-venezia-giulia;2022;2.4
ISTATP_SALDO_MIGRATORIO_INTERNO;regione;friuli-venezia-giulia;2023;2.1
ISTATP_SALDO_MIGRATORIO_INTERNO;regione;friuli-venezia-giulia;2024;1.8
ISTATP_SALDO_MIGRATORIO_INTERNO;regione;friuli-venezia-giulia;2025;1.8
ISTATP_SALDO_MIGRATORIO_INTERNO;regione;lazio;2015;1.7
ISTATP_SALDO_MIGRATORIO_INTERNO;regione;lazio;2016;1.5
ISTATP_SALDO_MIGRATORIO_INTERNO;regione;lazio;2017;1.3
ISTATP_SALDO_MIGRATORIO_INTERNO;regione;lazio;2018;0.5
ISTATP_SALDO_MIGRATORIO_INTERNO;regione;lazio;2019;-0.2
ISTATP_SALDO_MIGRATORIO_INTERNO;regione;lazio;2020;-0.4
ISTATP_SALDO_MIGRATORIO_INTERNO;regione;lazio;2021;0.1
ISTATP_SALDO_MIGRATORIO_INTERNO;regione;lazio;2022;0.4
ISTATP_SALDO_MIGRATORIO_INTERNO;regione;lazio;2023;0.4
ISTATP_SALDO_MIGRATORIO_INTERNO;regione;lazio;2024;0.1
ISTATP_SALDO_MIGRATORIO_INTERNO;regione;lazio;2025;0.4
ISTATP_SALDO_MIGRATORIO_INTERNO;regione;liguria;2015;0.4
ISTATP_SALDO_MIGRATORIO_INTERNO;regione;liguria;2016;0.9
ISTATP_SALDO_MIGRATORIO_INTERNO;regione;liguria;2017;0.8
ISTATP_SALDO_MIGRATORIO_INTERNO;regione;liguria;2018;1.3
ISTATP_SALDO_MIGRATORIO_INTERNO;regione;liguria;2019;1
ISTATP_SALDO_MIGRATORIO_INTERNO;regione;liguria;2020;1
ISTATP_SALDO_MIGRATORIO_INTERNO;regione;liguria;2021;1.6
ISTATP_SALDO_MIGRATORIO_INTERNO;regione;liguria;2022;1.7
ISTATP_SALDO_MIGRATORIO_INTERNO;regione;liguria;2023;1.7
ISTATP_SALDO_MIGRATORIO_INTERNO;regione;liguria;2024;1.5
ISTATP_SALDO_MIGRATORIO_INTERNO;regione;liguria;2025;1.8
ISTATP_SALDO_MIGRATORIO_INTERNO;regione;lombardia;2015;1.7
ISTATP_SALDO_MIGRATORIO_INTERNO;regione;lombardia;2016;2.1
ISTATP_SALDO_MIGRATORIO_INTERNO;regione;lombardia;2017;2.2
ISTATP_SALDO_MIGRATORIO_INTERNO;regione;lombardia;2018;3
ISTATP_SALDO_MIGRATORIO_INTERNO;regione;lombardia;2019;2.7
ISTATP_SALDO_MIGRATORIO_INTERNO;regione;lombardia;2020;1.3
ISTATP_SALDO_MIGRATORIO_INTERNO;regione;lombardia;2021;1.4
ISTATP_SALDO_MIGRATORIO_INTERNO;regione;lombardia;2022;2.1
ISTATP_SALDO_MIGRATORIO_INTERNO;regione;lombardia;2023;2.1
ISTATP_SALDO_MIGRATORIO_INTERNO;regione;lombardia;2024;1.3
ISTATP_SALDO_MIGRATORIO_INTERNO;regione;lombardia;2025;1
ISTATP_SALDO_MIGRATORIO_INTERNO;regione;marche;2015;0.2
ISTATP_SALDO_MIGRATORIO_INTERNO;regione;marche;2016;0.2
ISTATP_SALDO_MIGRATORIO_INTERNO;regione;marche;2017;0.3
ISTATP_SALDO_MIGRATORIO_INTERNO;regione;marche;2018;0.6
ISTATP_SALDO_MIGRATORIO_INTERNO;regione;marche;2019;0.2
ISTATP_SALDO_MIGRATORIO_INTERNO;regione;marche;2020;0.5
ISTATP_SALDO_MIGRATORIO_INTERNO;regione;marche;2021;0.8
ISTATP_SALDO_MIGRATORIO_INTERNO;regione;marche;2022;0.9
ISTATP_SALDO_MIGRATORIO_INTERNO;regione;marche;2023;0.7
ISTATP_SALDO_MIGRATORIO_INTERNO;regione;marche;2024;0.8
ISTATP_SALDO_MIGRATORIO_INTERNO;regione;marche;2025;0.4
ISTATP_SALDO_MIGRATORIO_INTERNO;regione;molise;2015;-2.2
ISTATP_SALDO_MIGRATORIO_INTERNO;regione;molise;2016;-3.7
ISTATP_SALDO_MIGRATORIO_INTERNO;regione;molise;2017;-3.7
ISTATP_SALDO_MIGRATORIO_INTERNO;regione;molise;2018;-4.3
ISTATP_SALDO_MIGRATORIO_INTERNO;regione;molise;2019;-4.4
ISTATP_SALDO_MIGRATORIO_INTERNO;regione;molise;2020;-3.6
ISTATP_SALDO_MIGRATORIO_INTERNO;regione;molise;2021;-3.7
ISTATP_SALDO_MIGRATORIO_INTERNO;regione;molise;2022;-4.1
ISTATP_SALDO_MIGRATORIO_INTERNO;regione;molise;2023;-4.6
ISTATP_SALDO_MIGRATORIO_INTERNO;regione;molise;2024;-3.4
ISTATP_SALDO_MIGRATORIO_INTERNO;regione;molise;2025;-3.3
ISTATP_SALDO_MIGRATORIO_INTERNO;regione;piemonte;2015;0.4
ISTATP_SALDO_MIGRATORIO_INTERNO;regione;piemonte;2016;0.2
ISTATP_SALDO_MIGRATORIO_INTERNO;regione;piemonte;2017;0.4
ISTATP_SALDO_MIGRATORIO_INTERNO;regione;piemonte;2018;0.2
ISTATP_SALDO_MIGRATORIO_INTERNO;regione;piemonte;2019;1.3
ISTATP_SALDO_MIGRATORIO_INTERNO;regione;piemonte;2020;1
ISTATP_SALDO_MIGRATORIO_INTERNO;regione;piemonte;2021;0.6
ISTATP_SALDO_MIGRATORIO_INTERNO;regione;piemonte;2022;1.1
ISTATP_SALDO_MIGRATORIO_INTERNO;regione;piemonte;2023;2.2
ISTATP_SALDO_MIGRATORIO_INTERNO;regione;piemonte;2024;2.1
ISTATP_SALDO_MIGRATORIO_INTERNO;regione;piemonte;2025;1.7
ISTATP_SALDO_MIGRATORIO_INTERNO;regione;puglia;2015;-3
ISTATP_SALDO_MIGRATORIO_INTERNO;regione;puglia;2016;-3.4
ISTATP_SALDO_MIGRATORIO_INTERNO;regione;puglia;2017;-3.6
ISTATP_SALDO_MIGRATORIO_INTERNO;regione;puglia;2018;-4.2
ISTATP_SALDO_MIGRATORIO_INTERNO;regione;puglia;2019;-3
ISTATP_SALDO_MIGRATORIO_INTERNO;regione;puglia;2020;-1.8
ISTATP_SALDO_MIGRATORIO_INTERNO;regione;puglia;2021;-1.7
ISTATP_SALDO_MIGRATORIO_INTERNO;regione;puglia;2022;-2.9
ISTATP_SALDO_MIGRATORIO_INTERNO;regione;puglia;2023;-2.8
ISTATP_SALDO_MIGRATORIO_INTERNO;regione;puglia;2024;-2.2
ISTATP_SALDO_MIGRATORIO_INTERNO;regione;puglia;2025;-1.7
ISTATP_SALDO_MIGRATORIO_INTERNO;regione;sardegna;2015;-0.7
ISTATP_SALDO_MIGRATORIO_INTERNO;regione;sardegna;2016;-0.8
ISTATP_SALDO_MIGRATORIO_INTERNO;regione;sardegna;2017;-0.8
ISTATP_SALDO_MIGRATORIO_INTERNO;regione;sardegna;2018;-1.2
ISTATP_SALDO_MIGRATORIO_INTERNO;regione;sardegna;2019;-0.9
ISTATP_SALDO_MIGRATORIO_INTERNO;regione;sardegna;2020;-0.4
ISTATP_SALDO_MIGRATORIO_INTERNO;regione;sardegna;2021;-0.2
ISTATP_SALDO_MIGRATORIO_INTERNO;regione;sardegna;2022;-0.5
ISTATP_SALDO_MIGRATORIO_INTERNO;regione;sardegna;2023;-0.4
ISTATP_SALDO_MIGRATORIO_INTERNO;regione;sardegna;2024;-0.1
ISTATP_SALDO_MIGRATORIO_INTERNO;regione;sardegna;2025;0.1
ISTATP_SALDO_MIGRATORIO_INTERNO;regione;sicilia;2015;-3
ISTATP_SALDO_MIGRATORIO_INTERNO;regione;sicilia;2016;-3.4
ISTATP_SALDO_MIGRATORIO_INTERNO;regione;sicilia;2017;-3.9
ISTATP_SALDO_MIGRATORIO_INTERNO;regione;sicilia;2018;-4.3
ISTATP_SALDO_MIGRATORIO_INTERNO;regione;sicilia;2019;-4
ISTATP_SALDO_MIGRATORIO_INTERNO;regione;sicilia;2020;-2.6
ISTATP_SALDO_MIGRATORIO_INTERNO;regione;sicilia;2021;-2.5
ISTATP_SALDO_MIGRATORIO_INTERNO;regione;sicilia;2022;-3.5
ISTATP_SALDO_MIGRATORIO_INTERNO;regione;sicilia;2023;-3.4
ISTATP_SALDO_MIGRATORIO_INTERNO;regione;sicilia;2024;-2.7
ISTATP_SALDO_MIGRATORIO_INTERNO;regione;sicilia;2025;-2.4
ISTATP_SALDO_MIGRATORIO_INTERNO;regione;toscana;2015;1
ISTATP_SALDO_MIGRATORIO_INTERNO;regione;toscana;2016;1.2
ISTATP_SALDO_MIGRATORIO_INTERNO;regione;toscana;2017;0.8
ISTATP_SALDO_MIGRATORIO_INTERNO;regione;toscana;2018;0.6
ISTATP_SALDO_MIGRATORIO_INTERNO;regione;toscana;2019;1.6
ISTATP_SALDO_MIGRATORIO_INTERNO;regione;toscana;2020;1.3
ISTATP_SALDO_MIGRATORIO_INTERNO;regione;toscana;2021;1
ISTATP_SALDO_MIGRATORIO_INTERNO;regione;toscana;2022;1.3
ISTATP_SALDO_MIGRATORIO_INTERNO;regione;toscana;2023;1.1
ISTATP_SALDO_MIGRATORIO_INTERNO;regione;toscana;2024;1
ISTATP_SALDO_MIGRATORIO_INTERNO;regione;toscana;2025;0.9
ISTATP_SALDO_MIGRATORIO_INTERNO;regione;trentino-alto-adige;2015;3
ISTATP_SALDO_MIGRATORIO_INTERNO;regione;trentino-alto-adige;2016;2.7
ISTATP_SALDO_MIGRATORIO_INTERNO;regione;trentino-alto-adige;2017;3.2
ISTATP_SALDO_MIGRATORIO_INTERNO;regione;trentino-alto-adige;2018;4.3
ISTATP_SALDO_MIGRATORIO_INTERNO;regione;trentino-alto-adige;2019;3
ISTATP_SALDO_MIGRATORIO_INTERNO;regione;trentino-alto-adige;2020;2.5
ISTATP_SALDO_MIGRATORIO_INTERNO;regione;trentino-alto-adige;2021;1.6
ISTATP_SALDO_MIGRATORIO_INTERNO;regione;trentino-alto-adige;2022;1.9
ISTATP_SALDO_MIGRATORIO_INTERNO;regione;trentino-alto-adige;2023;2
ISTATP_SALDO_MIGRATORIO_INTERNO;regione;trentino-alto-adige;2024;1.7
ISTATP_SALDO_MIGRATORIO_INTERNO;regione;trentino-alto-adige;2025;1.6
ISTATP_SALDO_MIGRATORIO_INTERNO;regione;umbria;2015;0.3
ISTATP_SALDO_MIGRATORIO_INTERNO;regione;umbria;2016;0.2
ISTATP_SALDO_MIGRATORIO_INTERNO;regione;umbria;2017;0.1
ISTATP_SALDO_MIGRATORIO_INTERNO;regione;umbria;2018;0.2
ISTATP_SALDO_MIGRATORIO_INTERNO;regione;umbria;2019;0.1
ISTATP_SALDO_MIGRATORIO_INTERNO;regione;umbria;2020;0.5
ISTATP_SALDO_MIGRATORIO_INTERNO;regione;umbria;2021;0.3
ISTATP_SALDO_MIGRATORIO_INTERNO;regione;umbria;2022;0.4
ISTATP_SALDO_MIGRATORIO_INTERNO;regione;umbria;2023;-0.5
ISTATP_SALDO_MIGRATORIO_INTERNO;regione;umbria;2024;0.7
ISTATP_SALDO_MIGRATORIO_INTERNO;regione;umbria;2025;0.3
ISTATP_SALDO_MIGRATORIO_INTERNO;regione;valle-d-aosta;2015;-0.4
ISTATP_SALDO_MIGRATORIO_INTERNO;regione;valle-d-aosta;2016;0.7
ISTATP_SALDO_MIGRATORIO_INTERNO;regione;valle-d-aosta;2017;0.9
ISTATP_SALDO_MIGRATORIO_INTERNO;regione;valle-d-aosta;2018;0.9
ISTATP_SALDO_MIGRATORIO_INTERNO;regione;valle-d-aosta;2019;0.9
ISTATP_SALDO_MIGRATORIO_INTERNO;regione;valle-d-aosta;2020;1.8
ISTATP_SALDO_MIGRATORIO_INTERNO;regione;valle-d-aosta;2021;0.7
ISTATP_SALDO_MIGRATORIO_INTERNO;regione;valle-d-aosta;2022;0.5
ISTATP_SALDO_MIGRATORIO_INTERNO;regione;valle-d-aosta;2023;0.2
ISTATP_SALDO_MIGRATORIO_INTERNO;regione;valle-d-aosta;2024;2
ISTATP_SALDO_MIGRATORIO_INTERNO;regione;valle-d-aosta;2025;2.4
ISTATP_SALDO_MIGRATORIO_INTERNO;regione;veneto;2015;1
ISTATP_SALDO_MIGRATORIO_INTERNO;regione;veneto;2016;1.1
ISTATP_SALDO_MIGRATORIO_INTERNO;regione;veneto;2017;1.6
ISTATP_SALDO_MIGRATORIO_INTERNO;regione;veneto;2018;2
ISTATP_SALDO_MIGRATORIO_INTERNO;regione;veneto;2019;1.7
ISTATP_SALDO_MIGRATORIO_INTERNO;regione;veneto;2020;1.4
ISTATP_SALDO_MIGRATORIO_INTERNO;regione;veneto;2021;1.4
ISTATP_SALDO_MIGRATORIO_INTERNO;regione;veneto;2022;1.7
ISTATP_SALDO_MIGRATORIO_INTERNO;regione;veneto;2023;1.2
ISTATP_SALDO_MIGRATORIO_INTERNO;regione;veneto;2024;1.1
ISTATP_SALDO_MIGRATORIO_INTERNO;regione;veneto;2025;1.1
ISTATP_ETA_MEDIA_MADRE;provincia;agrigento;2015;31.1
ISTATP_ETA_MEDIA_MADRE;provincia;agrigento;2016;31.5
ISTATP_ETA_MEDIA_MADRE;provincia;agrigento;2017;31.4
ISTATP_ETA_MEDIA_MADRE;provincia;agrigento;2018;31.6
ISTATP_ETA_MEDIA_MADRE;provincia;agrigento;2019;31.5
ISTATP_ETA_MEDIA_MADRE;provincia;agrigento;2020;31.7
ISTATP_ETA_MEDIA_MADRE;provincia;agrigento;2021;31.9
ISTATP_ETA_MEDIA_MADRE;provincia;agrigento;2022;31.9
ISTATP_ETA_MEDIA_MADRE;provincia;agrigento;2023;32.1
ISTATP_ETA_MEDIA_MADRE;provincia;agrigento;2024;32.1
ISTATP_ETA_MEDIA_MADRE;provincia;agrigento;2025;32.1
ISTATP_ETA_MEDIA_MADRE;provincia;alessandria;2015;31.2
ISTATP_ETA_MEDIA_MADRE;provincia;alessandria;2016;31.5
ISTATP_ETA_MEDIA_MADRE;provincia;alessandria;2017;31.4
ISTATP_ETA_MEDIA_MADRE;provincia;alessandria;2018;31.6
ISTATP_ETA_MEDIA_MADRE;provincia;alessandria;2019;31.7
ISTATP_ETA_MEDIA_MADRE;provincia;alessandria;2020;31.8
ISTATP_ETA_MEDIA_MADRE;provincia;alessandria;2021;32
ISTATP_ETA_MEDIA_MADRE;provincia;alessandria;2022;31.9
ISTATP_ETA_MEDIA_MADRE;provincia;alessandria;2023;32.2
ISTATP_ETA_MEDIA_MADRE;provincia;alessandria;2024;32
ISTATP_ETA_MEDIA_MADRE;provincia;alessandria;2025;32.1
ISTATP_ETA_MEDIA_MADRE;provincia;ancona;2015;31.7
ISTATP_ETA_MEDIA_MADRE;provincia;ancona;2016;31.9
ISTATP_ETA_MEDIA_MADRE;provincia;ancona;2017;32.1
ISTATP_ETA_MEDIA_MADRE;provincia;ancona;2018;32.3
ISTATP_ETA_MEDIA_MADRE;provincia;ancona;2019;32.3
ISTATP_ETA_MEDIA_MADRE;provincia;ancona;2020;32.3
ISTATP_ETA_MEDIA_MADRE;provincia;ancona;2021;32.5
ISTATP_ETA_MEDIA_MADRE;provincia;ancona;2022;32.5
ISTATP_ETA_MEDIA_MADRE;provincia;ancona;2023;32.5
ISTATP_ETA_MEDIA_MADRE;provincia;ancona;2024;32.6
ISTATP_ETA_MEDIA_MADRE;provincia;ancona;2025;32.9
ISTATP_ETA_MEDIA_MADRE;provincia;aosta;2015;31.5
ISTATP_ETA_MEDIA_MADRE;provincia;aosta;2016;31.6
ISTATP_ETA_MEDIA_MADRE;provincia;aosta;2017;32.1
ISTATP_ETA_MEDIA_MADRE;provincia;aosta;2018;32
ISTATP_ETA_MEDIA_MADRE;provincia;aosta;2019;32.2
ISTATP_ETA_MEDIA_MADRE;provincia;aosta;2020;32.3
ISTATP_ETA_MEDIA_MADRE;provincia;aosta;2021;32.1
ISTATP_ETA_MEDIA_MADRE;provincia;aosta;2022;32.3
ISTATP_ETA_MEDIA_MADRE;provincia;aosta;2023;32.5
ISTATP_ETA_MEDIA_MADRE;provincia;aosta;2024;32.2
ISTATP_ETA_MEDIA_MADRE;provincia;aosta;2025;32.4
ISTATP_ETA_MEDIA_MADRE;provincia;arezzo;2015;31.7
ISTATP_ETA_MEDIA_MADRE;provincia;arezzo;2016;31.9
ISTATP_ETA_MEDIA_MADRE;provincia;arezzo;2017;32.1
ISTATP_ETA_MEDIA_MADRE;provincia;arezzo;2018;32.1
ISTATP_ETA_MEDIA_MADRE;provincia;arezzo;2019;32.3
ISTATP_ETA_MEDIA_MADRE;provincia;arezzo;2020;32.4
ISTATP_ETA_MEDIA_MADRE;provincia;arezzo;2021;32.3
ISTATP_ETA_MEDIA_MADRE;provincia;arezzo;2022;32.7
ISTATP_ETA_MEDIA_MADRE;provincia;arezzo;2023;32.5
ISTATP_ETA_MEDIA_MADRE;provincia;arezzo;2024;32.5
ISTATP_ETA_MEDIA_MADRE;provincia;arezzo;2025;32.9
ISTATP_ETA_MEDIA_MADRE;provincia;ascoli-piceno;2015;32.5
ISTATP_ETA_MEDIA_MADRE;provincia;ascoli-piceno;2016;32.8
ISTATP_ETA_MEDIA_MADRE;provincia;ascoli-piceno;2017;32.7
ISTATP_ETA_MEDIA_MADRE;provincia;ascoli-piceno;2018;32.6
ISTATP_ETA_MEDIA_MADRE;provincia;ascoli-piceno;2019;33
ISTATP_ETA_MEDIA_MADRE;provincia;ascoli-piceno;2020;33.1
ISTATP_ETA_MEDIA_MADRE;provincia;ascoli-piceno;2021;33.1
ISTATP_ETA_MEDIA_MADRE;provincia;ascoli-piceno;2022;33.1
ISTATP_ETA_MEDIA_MADRE;provincia;ascoli-piceno;2023;33.1
ISTATP_ETA_MEDIA_MADRE;provincia;ascoli-piceno;2024;33.1
ISTATP_ETA_MEDIA_MADRE;provincia;ascoli-piceno;2025;33.2
ISTATP_ETA_MEDIA_MADRE;provincia;asti;2015;31.4
ISTATP_ETA_MEDIA_MADRE;provincia;asti;2016;31.1
ISTATP_ETA_MEDIA_MADRE;provincia;asti;2017;31.5
ISTATP_ETA_MEDIA_MADRE;provincia;asti;2018;31.4
ISTATP_ETA_MEDIA_MADRE;provincia;asti;2019;31.4
ISTATP_ETA_MEDIA_MADRE;provincia;asti;2020;31.4
ISTATP_ETA_MEDIA_MADRE;provincia;asti;2021;32.1
ISTATP_ETA_MEDIA_MADRE;provincia;asti;2022;32
ISTATP_ETA_MEDIA_MADRE;provincia;asti;2023;31.8
ISTATP_ETA_MEDIA_MADRE;provincia;asti;2024;31.6
ISTATP_ETA_MEDIA_MADRE;provincia;asti;2025;32.1
ISTATP_ETA_MEDIA_MADRE;provincia;avellino;2015;32.1
ISTATP_ETA_MEDIA_MADRE;provincia;avellino;2016;32
ISTATP_ETA_MEDIA_MADRE;provincia;avellino;2017;32.4
ISTATP_ETA_MEDIA_MADRE;provincia;avellino;2018;32.4
ISTATP_ETA_MEDIA_MADRE;provincia;avellino;2019;32.6
ISTATP_ETA_MEDIA_MADRE;provincia;avellino;2020;32.6
ISTATP_ETA_MEDIA_MADRE;provincia;avellino;2021;33.1
ISTATP_ETA_MEDIA_MADRE;provincia;avellino;2022;33
ISTATP_ETA_MEDIA_MADRE;provincia;avellino;2023;33.1
ISTATP_ETA_MEDIA_MADRE;provincia;avellino;2024;33.1
ISTATP_ETA_MEDIA_MADRE;provincia;avellino;2025;33.4
ISTATP_ETA_MEDIA_MADRE;provincia;bari;2015;31.9
ISTATP_ETA_MEDIA_MADRE;provincia;bari;2016;32.1
ISTATP_ETA_MEDIA_MADRE;provincia;bari;2017;32.2
ISTATP_ETA_MEDIA_MADRE;provincia;bari;2018;32.3
ISTATP_ETA_MEDIA_MADRE;provincia;bari;2019;32.3
ISTATP_ETA_MEDIA_MADRE;provincia;bari;2020;32.5
ISTATP_ETA_MEDIA_MADRE;provincia;bari;2021;32.6
ISTATP_ETA_MEDIA_MADRE;provincia;bari;2022;32.7
ISTATP_ETA_MEDIA_MADRE;provincia;bari;2023;32.9
ISTATP_ETA_MEDIA_MADRE;provincia;bari;2024;32.9
ISTATP_ETA_MEDIA_MADRE;provincia;bari;2025;33.1
ISTATP_ETA_MEDIA_MADRE;provincia;barletta-andria-trani;2015;31.6
ISTATP_ETA_MEDIA_MADRE;provincia;barletta-andria-trani;2016;31.8
ISTATP_ETA_MEDIA_MADRE;provincia;barletta-andria-trani;2017;31.8
ISTATP_ETA_MEDIA_MADRE;provincia;barletta-andria-trani;2018;32
ISTATP_ETA_MEDIA_MADRE;provincia;barletta-andria-trani;2019;32.1
ISTATP_ETA_MEDIA_MADRE;provincia;barletta-andria-trani;2020;32.1
ISTATP_ETA_MEDIA_MADRE;provincia;barletta-andria-trani;2021;32.6
ISTATP_ETA_MEDIA_MADRE;provincia;barletta-andria-trani;2022;32.4
ISTATP_ETA_MEDIA_MADRE;provincia;barletta-andria-trani;2023;32.7
ISTATP_ETA_MEDIA_MADRE;provincia;barletta-andria-trani;2024;32.7
ISTATP_ETA_MEDIA_MADRE;provincia;barletta-andria-trani;2025;32.8
ISTATP_ETA_MEDIA_MADRE;provincia;belluno;2015;31.6
ISTATP_ETA_MEDIA_MADRE;provincia;belluno;2016;31.7
ISTATP_ETA_MEDIA_MADRE;provincia;belluno;2017;31.8
ISTATP_ETA_MEDIA_MADRE;provincia;belluno;2018;31.9
ISTATP_ETA_MEDIA_MADRE;provincia;belluno;2019;32.2
ISTATP_ETA_MEDIA_MADRE;provincia;belluno;2020;32.1
ISTATP_ETA_MEDIA_MADRE;provincia;belluno;2021;32.4
ISTATP_ETA_MEDIA_MADRE;provincia;belluno;2022;32.5
ISTATP_ETA_MEDIA_MADRE;provincia;belluno;2023;32.5
ISTATP_ETA_MEDIA_MADRE;provincia;belluno;2024;32.2
ISTATP_ETA_MEDIA_MADRE;provincia;belluno;2025;32.9
ISTATP_ETA_MEDIA_MADRE;provincia;benevento;2015;32.1
ISTATP_ETA_MEDIA_MADRE;provincia;benevento;2016;32.2
ISTATP_ETA_MEDIA_MADRE;provincia;benevento;2017;32.2
ISTATP_ETA_MEDIA_MADRE;provincia;benevento;2018;32.5
ISTATP_ETA_MEDIA_MADRE;provincia;benevento;2019;32.8
ISTATP_ETA_MEDIA_MADRE;provincia;benevento;2020;32.8
ISTATP_ETA_MEDIA_MADRE;provincia;benevento;2021;32.9
ISTATP_ETA_MEDIA_MADRE;provincia;benevento;2022;32.9
ISTATP_ETA_MEDIA_MADRE;provincia;benevento;2023;33.1
ISTATP_ETA_MEDIA_MADRE;provincia;benevento;2024;33
ISTATP_ETA_MEDIA_MADRE;provincia;benevento;2025;33.1
ISTATP_ETA_MEDIA_MADRE;provincia;bergamo;2015;31.6
ISTATP_ETA_MEDIA_MADRE;provincia;bergamo;2016;31.6
ISTATP_ETA_MEDIA_MADRE;provincia;bergamo;2017;31.8
ISTATP_ETA_MEDIA_MADRE;provincia;bergamo;2018;31.9
ISTATP_ETA_MEDIA_MADRE;provincia;bergamo;2019;32.1
ISTATP_ETA_MEDIA_MADRE;provincia;bergamo;2020;32
ISTATP_ETA_MEDIA_MADRE;provincia;bergamo;2021;32.3
ISTATP_ETA_MEDIA_MADRE;provincia;bergamo;2022;32.4
ISTATP_ETA_MEDIA_MADRE;provincia;bergamo;2023;32.4
ISTATP_ETA_MEDIA_MADRE;provincia;bergamo;2024;32.6
ISTATP_ETA_MEDIA_MADRE;provincia;bergamo;2025;32.7
ISTATP_ETA_MEDIA_MADRE;provincia;biella;2015;31.6
ISTATP_ETA_MEDIA_MADRE;provincia;biella;2016;31.9
ISTATP_ETA_MEDIA_MADRE;provincia;biella;2017;31.9
ISTATP_ETA_MEDIA_MADRE;provincia;biella;2018;32
ISTATP_ETA_MEDIA_MADRE;provincia;biella;2019;32.2
ISTATP_ETA_MEDIA_MADRE;provincia;biella;2020;32.2
ISTATP_ETA_MEDIA_MADRE;provincia;biella;2021;32.9
ISTATP_ETA_MEDIA_MADRE;provincia;biella;2022;32.5
ISTATP_ETA_MEDIA_MADRE;provincia;biella;2023;32.7
ISTATP_ETA_MEDIA_MADRE;provincia;biella;2024;32.6
ISTATP_ETA_MEDIA_MADRE;provincia;biella;2025;32.9
ISTATP_ETA_MEDIA_MADRE;provincia;bologna;2015;31.8
ISTATP_ETA_MEDIA_MADRE;provincia;bologna;2016;31.9
ISTATP_ETA_MEDIA_MADRE;provincia;bologna;2017;32.2
ISTATP_ETA_MEDIA_MADRE;provincia;bologna;2018;32.3
ISTATP_ETA_MEDIA_MADRE;provincia;bologna;2019;32.2
ISTATP_ETA_MEDIA_MADRE;provincia;bologna;2020;32.6
ISTATP_ETA_MEDIA_MADRE;provincia;bologna;2021;32.9
ISTATP_ETA_MEDIA_MADRE;provincia;bologna;2022;32.9
ISTATP_ETA_MEDIA_MADRE;provincia;bologna;2023;33
ISTATP_ETA_MEDIA_MADRE;provincia;bologna;2024;33
ISTATP_ETA_MEDIA_MADRE;provincia;bologna;2025;33.2
ISTATP_ETA_MEDIA_MADRE;provincia;bolzano;2015;31.6
ISTATP_ETA_MEDIA_MADRE;provincia;bolzano;2016;31.6
ISTATP_ETA_MEDIA_MADRE;provincia;bolzano;2017;31.7
ISTATP_ETA_MEDIA_MADRE;provincia;bolzano;2018;31.8
ISTATP_ETA_MEDIA_MADRE;provincia;bolzano;2019;31.8
ISTATP_ETA_MEDIA_MADRE;provincia;bolzano;2020;31.8
ISTATP_ETA_MEDIA_MADRE;provincia;bolzano;2021;31.8
ISTATP_ETA_MEDIA_MADRE;provincia;bolzano;2022;31.8
ISTATP_ETA_MEDIA_MADRE;provincia;bolzano;2023;31.9
ISTATP_ETA_MEDIA_MADRE;provincia;bolzano;2024;31.8
ISTATP_ETA_MEDIA_MADRE;provincia;bolzano;2025;32
ISTATP_ETA_MEDIA_MADRE;provincia;brescia;2015;31.2
ISTATP_ETA_MEDIA_MADRE;provincia;brescia;2016;31.4
ISTATP_ETA_MEDIA_MADRE;provincia;brescia;2017;31.4
ISTATP_ETA_MEDIA_MADRE;provincia;brescia;2018;31.7
ISTATP_ETA_MEDIA_MADRE;provincia;brescia;2019;31.7
ISTATP_ETA_MEDIA_MADRE;provincia;brescia;2020;31.8
ISTATP_ETA_MEDIA_MADRE;provincia;brescia;2021;32
ISTATP_ETA_MEDIA_MADRE;provincia;brescia;2022;32.1
ISTATP_ETA_MEDIA_MADRE;provincia;brescia;2023;32.1
ISTATP_ETA_MEDIA_MADRE;provincia;brescia;2024;32.2
ISTATP_ETA_MEDIA_MADRE;provincia;brescia;2025;32.3
ISTATP_ETA_MEDIA_MADRE;provincia;brindisi;2015;31.4
ISTATP_ETA_MEDIA_MADRE;provincia;brindisi;2016;31.4
ISTATP_ETA_MEDIA_MADRE;provincia;brindisi;2017;31.6
ISTATP_ETA_MEDIA_MADRE;provincia;brindisi;2018;31.7
ISTATP_ETA_MEDIA_MADRE;provincia;brindisi;2019;31.8
ISTATP_ETA_MEDIA_MADRE;provincia;brindisi;2020;31.8
ISTATP_ETA_MEDIA_MADRE;provincia;brindisi;2021;31.9
ISTATP_ETA_MEDIA_MADRE;provincia;brindisi;2022;31.9
ISTATP_ETA_MEDIA_MADRE;provincia;brindisi;2023;32.1
ISTATP_ETA_MEDIA_MADRE;provincia;brindisi;2024;32.3
ISTATP_ETA_MEDIA_MADRE;provincia;brindisi;2025;32.2
ISTATP_ETA_MEDIA_MADRE;provincia;cagliari;2015;32.2
ISTATP_ETA_MEDIA_MADRE;provincia;cagliari;2016;32.5
ISTATP_ETA_MEDIA_MADRE;provincia;cagliari;2017;32.6
ISTATP_ETA_MEDIA_MADRE;provincia;cagliari;2018;32.5
ISTATP_ETA_MEDIA_MADRE;provincia;cagliari;2019;32.9
ISTATP_ETA_MEDIA_MADRE;provincia;cagliari;2020;33.1
ISTATP_ETA_MEDIA_MADRE;provincia;cagliari;2021;33.2
ISTATP_ETA_MEDIA_MADRE;provincia;cagliari;2022;32.9
ISTATP_ETA_MEDIA_MADRE;provincia;cagliari;2023;33.2
ISTATP_ETA_MEDIA_MADRE;provincia;cagliari;2024;33.4
ISTATP_ETA_MEDIA_MADRE;provincia;cagliari;2025;33.4
ISTATP_ETA_MEDIA_MADRE;provincia;caltanissetta;2015;30.9
ISTATP_ETA_MEDIA_MADRE;provincia;caltanissetta;2016;30.9
ISTATP_ETA_MEDIA_MADRE;provincia;caltanissetta;2017;30.7
ISTATP_ETA_MEDIA_MADRE;provincia;caltanissetta;2018;31
ISTATP_ETA_MEDIA_MADRE;provincia;caltanissetta;2019;31.3
ISTATP_ETA_MEDIA_MADRE;provincia;caltanissetta;2020;31
ISTATP_ETA_MEDIA_MADRE;provincia;caltanissetta;2021;31.4
ISTATP_ETA_MEDIA_MADRE;provincia;caltanissetta;2022;31.6
ISTATP_ETA_MEDIA_MADRE;provincia;caltanissetta;2023;31.7
ISTATP_ETA_MEDIA_MADRE;provincia;caltanissetta;2024;31.7
ISTATP_ETA_MEDIA_MADRE;provincia;caltanissetta;2025;31.8
ISTATP_ETA_MEDIA_MADRE;provincia;campobasso;2015;32.4
ISTATP_ETA_MEDIA_MADRE;provincia;campobasso;2016;32.3
ISTATP_ETA_MEDIA_MADRE;provincia;campobasso;2017;32.5
ISTATP_ETA_MEDIA_MADRE;provincia;campobasso;2018;32.3
ISTATP_ETA_MEDIA_MADRE;provincia;campobasso;2019;32.6
ISTATP_ETA_MEDIA_MADRE;provincia;campobasso;2020;32.8
ISTATP_ETA_MEDIA_MADRE;provincia;campobasso;2021;32.7
ISTATP_ETA_MEDIA_MADRE;provincia;campobasso;2022;32.8
ISTATP_ETA_MEDIA_MADRE;provincia;campobasso;2023;32.8
ISTATP_ETA_MEDIA_MADRE;provincia;campobasso;2024;33.2
ISTATP_ETA_MEDIA_MADRE;provincia;campobasso;2025;33.1
ISTATP_ETA_MEDIA_MADRE;provincia;caserta;2015;31.2
ISTATP_ETA_MEDIA_MADRE;provincia;caserta;2016;31.4
ISTATP_ETA_MEDIA_MADRE;provincia;caserta;2017;31.5
ISTATP_ETA_MEDIA_MADRE;provincia;caserta;2018;31.7
ISTATP_ETA_MEDIA_MADRE;provincia;caserta;2019;31.9
ISTATP_ETA_MEDIA_MADRE;provincia;caserta;2020;31.8
ISTATP_ETA_MEDIA_MADRE;provincia;caserta;2021;32.1
ISTATP_ETA_MEDIA_MADRE;provincia;caserta;2022;32.1
ISTATP_ETA_MEDIA_MADRE;provincia;caserta;2023;32.2
ISTATP_ETA_MEDIA_MADRE;provincia;caserta;2024;32.3
ISTATP_ETA_MEDIA_MADRE;provincia;caserta;2025;32.4
ISTATP_ETA_MEDIA_MADRE;provincia;catania;2015;30.6
ISTATP_ETA_MEDIA_MADRE;provincia;catania;2016;30.6
ISTATP_ETA_MEDIA_MADRE;provincia;catania;2017;30.7
ISTATP_ETA_MEDIA_MADRE;provincia;catania;2018;30.9
ISTATP_ETA_MEDIA_MADRE;provincia;catania;2019;31
ISTATP_ETA_MEDIA_MADRE;provincia;catania;2020;31.1
ISTATP_ETA_MEDIA_MADRE;provincia;catania;2021;31
ISTATP_ETA_MEDIA_MADRE;provincia;catania;2022;31.1
ISTATP_ETA_MEDIA_MADRE;provincia;catania;2023;31.3
ISTATP_ETA_MEDIA_MADRE;provincia;catania;2024;31.4
ISTATP_ETA_MEDIA_MADRE;provincia;catania;2025;31.6
ISTATP_ETA_MEDIA_MADRE;provincia;catanzaro;2015;31.8
ISTATP_ETA_MEDIA_MADRE;provincia;catanzaro;2016;31.8
ISTATP_ETA_MEDIA_MADRE;provincia;catanzaro;2017;31.7
ISTATP_ETA_MEDIA_MADRE;provincia;catanzaro;2018;32
ISTATP_ETA_MEDIA_MADRE;provincia;catanzaro;2019;32.1
ISTATP_ETA_MEDIA_MADRE;provincia;catanzaro;2020;32.1
ISTATP_ETA_MEDIA_MADRE;provincia;catanzaro;2021;32.2
ISTATP_ETA_MEDIA_MADRE;provincia;catanzaro;2022;32.4
ISTATP_ETA_MEDIA_MADRE;provincia;catanzaro;2023;32.4
ISTATP_ETA_MEDIA_MADRE;provincia;catanzaro;2024;32.8
ISTATP_ETA_MEDIA_MADRE;provincia;catanzaro;2025;32.5
ISTATP_ETA_MEDIA_MADRE;provincia;chieti;2015;32
ISTATP_ETA_MEDIA_MADRE;provincia;chieti;2016;32.2
ISTATP_ETA_MEDIA_MADRE;provincia;chieti;2017;32.4
ISTATP_ETA_MEDIA_MADRE;provincia;chieti;2018;32.4
ISTATP_ETA_MEDIA_MADRE;provincia;chieti;2019;32.6
ISTATP_ETA_MEDIA_MADRE;provincia;chieti;2020;32.5
ISTATP_ETA_MEDIA_MADRE;provincia;chieti;2021;32.6
ISTATP_ETA_MEDIA_MADRE;provincia;chieti;2022;32.9
ISTATP_ETA_MEDIA_MADRE;provincia;chieti;2023;32.9
ISTATP_ETA_MEDIA_MADRE;provincia;chieti;2024;32.9
ISTATP_ETA_MEDIA_MADRE;provincia;chieti;2025;33
ISTATP_ETA_MEDIA_MADRE;provincia;como;2015;32
ISTATP_ETA_MEDIA_MADRE;provincia;como;2016;32.1
ISTATP_ETA_MEDIA_MADRE;provincia;como;2017;32.4
ISTATP_ETA_MEDIA_MADRE;provincia;como;2018;32.5
ISTATP_ETA_MEDIA_MADRE;provincia;como;2019;32.4
ISTATP_ETA_MEDIA_MADRE;provincia;como;2020;32.6
ISTATP_ETA_MEDIA_MADRE;provincia;como;2021;32.9
ISTATP_ETA_MEDIA_MADRE;provincia;como;2022;32.8
ISTATP_ETA_MEDIA_MADRE;provincia;como;2023;32.8
ISTATP_ETA_MEDIA_MADRE;provincia;como;2024;33.1
ISTATP_ETA_MEDIA_MADRE;provincia;como;2025;33.2
ISTATP_ETA_MEDIA_MADRE;provincia;cosenza;2015;31.7
ISTATP_ETA_MEDIA_MADRE;provincia;cosenza;2016;31.9
ISTATP_ETA_MEDIA_MADRE;provincia;cosenza;2017;32
ISTATP_ETA_MEDIA_MADRE;provincia;cosenza;2018;32.1
ISTATP_ETA_MEDIA_MADRE;provincia;cosenza;2019;32.1
ISTATP_ETA_MEDIA_MADRE;provincia;cosenza;2020;32.2
ISTATP_ETA_MEDIA_MADRE;provincia;cosenza;2021;32.4
ISTATP_ETA_MEDIA_MADRE;provincia;cosenza;2022;32.2
ISTATP_ETA_MEDIA_MADRE;provincia;cosenza;2023;32.5
ISTATP_ETA_MEDIA_MADRE;provincia;cosenza;2024;32.7
ISTATP_ETA_MEDIA_MADRE;provincia;cosenza;2025;32.6
ISTATP_ETA_MEDIA_MADRE;provincia;cremona;2015;31.3
ISTATP_ETA_MEDIA_MADRE;provincia;cremona;2016;31.3
ISTATP_ETA_MEDIA_MADRE;provincia;cremona;2017;31.3
ISTATP_ETA_MEDIA_MADRE;provincia;cremona;2018;31.5
ISTATP_ETA_MEDIA_MADRE;provincia;cremona;2019;31.5
ISTATP_ETA_MEDIA_MADRE;provincia;cremona;2020;31.9
ISTATP_ETA_MEDIA_MADRE;provincia;cremona;2021;31.8
ISTATP_ETA_MEDIA_MADRE;provincia;cremona;2022;32
ISTATP_ETA_MEDIA_MADRE;provincia;cremona;2023;32
ISTATP_ETA_MEDIA_MADRE;provincia;cremona;2024;32
ISTATP_ETA_MEDIA_MADRE;provincia;cremona;2025;32.1
ISTATP_ETA_MEDIA_MADRE;provincia;crotone;2015;30.5
ISTATP_ETA_MEDIA_MADRE;provincia;crotone;2016;30.4
ISTATP_ETA_MEDIA_MADRE;provincia;crotone;2017;30.5
ISTATP_ETA_MEDIA_MADRE;provincia;crotone;2018;30.9
ISTATP_ETA_MEDIA_MADRE;provincia;crotone;2019;30.8
ISTATP_ETA_MEDIA_MADRE;provincia;crotone;2020;31
ISTATP_ETA_MEDIA_MADRE;provincia;crotone;2021;31.3
ISTATP_ETA_MEDIA_MADRE;provincia;crotone;2022;31.2
ISTATP_ETA_MEDIA_MADRE;provincia;crotone;2023;31.4
ISTATP_ETA_MEDIA_MADRE;provincia;crotone;2024;31.4
ISTATP_ETA_MEDIA_MADRE;provincia;crotone;2025;31.5
ISTATP_ETA_MEDIA_MADRE;provincia;cuneo;2015;31.3
ISTATP_ETA_MEDIA_MADRE;provincia;cuneo;2016;31.3
ISTATP_ETA_MEDIA_MADRE;provincia;cuneo;2017;31.5
ISTATP_ETA_MEDIA_MADRE;provincia;cuneo;2018;31.5
ISTATP_ETA_MEDIA_MADRE;provincia;cuneo;2019;31.6
ISTATP_ETA_MEDIA_MADRE;provincia;cuneo;2020;31.6
ISTATP_ETA_MEDIA_MADRE;provincia;cuneo;2021;32
ISTATP_ETA_MEDIA_MADRE;provincia;cuneo;2022;32
ISTATP_ETA_MEDIA_MADRE;provincia;cuneo;2023;32
ISTATP_ETA_MEDIA_MADRE;provincia;cuneo;2024;32
ISTATP_ETA_MEDIA_MADRE;provincia;cuneo;2025;32.5
ISTATP_ETA_MEDIA_MADRE;provincia;enna;2015;31.3
ISTATP_ETA_MEDIA_MADRE;provincia;enna;2016;31
ISTATP_ETA_MEDIA_MADRE;provincia;enna;2017;31.4
ISTATP_ETA_MEDIA_MADRE;provincia;enna;2018;31.5
ISTATP_ETA_MEDIA_MADRE;provincia;enna;2019;32
ISTATP_ETA_MEDIA_MADRE;provincia;enna;2020;31.7
ISTATP_ETA_MEDIA_MADRE;provincia;enna;2021;31.9
ISTATP_ETA_MEDIA_MADRE;provincia;enna;2022;31.6
ISTATP_ETA_MEDIA_MADRE;provincia;enna;2023;31.9
ISTATP_ETA_MEDIA_MADRE;provincia;enna;2024;32.5
ISTATP_ETA_MEDIA_MADRE;provincia;enna;2025;32.2
ISTATP_ETA_MEDIA_MADRE;provincia;fermo;2015;31.7
ISTATP_ETA_MEDIA_MADRE;provincia;fermo;2016;32
ISTATP_ETA_MEDIA_MADRE;provincia;fermo;2017;32.1
ISTATP_ETA_MEDIA_MADRE;provincia;fermo;2018;32.4
ISTATP_ETA_MEDIA_MADRE;provincia;fermo;2019;32.3
ISTATP_ETA_MEDIA_MADRE;provincia;fermo;2020;32.6
ISTATP_ETA_MEDIA_MADRE;provincia;fermo;2021;32.6
ISTATP_ETA_MEDIA_MADRE;provincia;fermo;2022;32.6
ISTATP_ETA_MEDIA_MADRE;provincia;fermo;2023;32.9
ISTATP_ETA_MEDIA_MADRE;provincia;fermo;2024;32.9
ISTATP_ETA_MEDIA_MADRE;provincia;fermo;2025;33.1
ISTATP_ETA_MEDIA_MADRE;provincia;ferrara;2015;31.7
ISTATP_ETA_MEDIA_MADRE;provincia;ferrara;2016;31.7
ISTATP_ETA_MEDIA_MADRE;provincia;ferrara;2017;31.7
ISTATP_ETA_MEDIA_MADRE;provincia;ferrara;2018;32
ISTATP_ETA_MEDIA_MADRE;provincia;ferrara;2019;31.8
ISTATP_ETA_MEDIA_MADRE;provincia;ferrara;2020;32
ISTATP_ETA_MEDIA_MADRE;provincia;ferrara;2021;32
ISTATP_ETA_MEDIA_MADRE;provincia;ferrara;2022;31.9
ISTATP_ETA_MEDIA_MADRE;provincia;ferrara;2023;32.3
ISTATP_ETA_MEDIA_MADRE;provincia;ferrara;2024;32
ISTATP_ETA_MEDIA_MADRE;provincia;ferrara;2025;32.2
ISTATP_ETA_MEDIA_MADRE;provincia;firenze;2015;32.3
ISTATP_ETA_MEDIA_MADRE;provincia;firenze;2016;32.2
ISTATP_ETA_MEDIA_MADRE;provincia;firenze;2017;32.5
ISTATP_ETA_MEDIA_MADRE;provincia;firenze;2018;32.5
ISTATP_ETA_MEDIA_MADRE;provincia;firenze;2019;32.9
ISTATP_ETA_MEDIA_MADRE;provincia;firenze;2020;32.9
ISTATP_ETA_MEDIA_MADRE;provincia;firenze;2021;33.3
ISTATP_ETA_MEDIA_MADRE;provincia;firenze;2022;33.2
ISTATP_ETA_MEDIA_MADRE;provincia;firenze;2023;33.3
ISTATP_ETA_MEDIA_MADRE;provincia;firenze;2024;33.3
ISTATP_ETA_MEDIA_MADRE;provincia;firenze;2025;33.5
ISTATP_ETA_MEDIA_MADRE;provincia;foggia;2015;30.8
ISTATP_ETA_MEDIA_MADRE;provincia;foggia;2016;30.8
ISTATP_ETA_MEDIA_MADRE;provincia;foggia;2017;31.1
ISTATP_ETA_MEDIA_MADRE;provincia;foggia;2018;31
ISTATP_ETA_MEDIA_MADRE;provincia;foggia;2019;31.2
ISTATP_ETA_MEDIA_MADRE;provincia;foggia;2020;31.3
ISTATP_ETA_MEDIA_MADRE;provincia;foggia;2021;31.2
ISTATP_ETA_MEDIA_MADRE;provincia;foggia;2022;31.4
ISTATP_ETA_MEDIA_MADRE;provincia;foggia;2023;31.6
ISTATP_ETA_MEDIA_MADRE;provincia;foggia;2024;31.6
ISTATP_ETA_MEDIA_MADRE;provincia;foggia;2025;31.8
ISTATP_ETA_MEDIA_MADRE;provincia;forli-cesena;2015;31.6
ISTATP_ETA_MEDIA_MADRE;provincia;forli-cesena;2016;31.7
ISTATP_ETA_MEDIA_MADRE;provincia;forli-cesena;2017;31.9
ISTATP_ETA_MEDIA_MADRE;provincia;forli-cesena;2018;31.8
ISTATP_ETA_MEDIA_MADRE;provincia;forli-cesena;2019;32
ISTATP_ETA_MEDIA_MADRE;provincia;forli-cesena;2020;32
ISTATP_ETA_MEDIA_MADRE;provincia;forli-cesena;2021;32.2
ISTATP_ETA_MEDIA_MADRE;provincia;forli-cesena;2022;32.1
ISTATP_ETA_MEDIA_MADRE;provincia;forli-cesena;2023;32.2
ISTATP_ETA_MEDIA_MADRE;provincia;forli-cesena;2024;32.4
ISTATP_ETA_MEDIA_MADRE;provincia;forli-cesena;2025;32.2
ISTATP_ETA_MEDIA_MADRE;provincia;frosinone;2015;31.8
ISTATP_ETA_MEDIA_MADRE;provincia;frosinone;2016;31.6
ISTATP_ETA_MEDIA_MADRE;provincia;frosinone;2017;31.9
ISTATP_ETA_MEDIA_MADRE;provincia;frosinone;2018;32
ISTATP_ETA_MEDIA_MADRE;provincia;frosinone;2019;32.2
ISTATP_ETA_MEDIA_MADRE;provincia;frosinone;2020;32.2
ISTATP_ETA_MEDIA_MADRE;provincia;frosinone;2021;32.5
ISTATP_ETA_MEDIA_MADRE;provincia;frosinone;2022;32.3
ISTATP_ETA_MEDIA_MADRE;provincia;frosinone;2023;32.6
ISTATP_ETA_MEDIA_MADRE;provincia;frosinone;2024;32.9
ISTATP_ETA_MEDIA_MADRE;provincia;frosinone;2025;32.8
ISTATP_ETA_MEDIA_MADRE;provincia;genova;2015;32
ISTATP_ETA_MEDIA_MADRE;provincia;genova;2016;32.1
ISTATP_ETA_MEDIA_MADRE;provincia;genova;2017;32.2
ISTATP_ETA_MEDIA_MADRE;provincia;genova;2018;32.2
ISTATP_ETA_MEDIA_MADRE;provincia;genova;2019;32.5
ISTATP_ETA_MEDIA_MADRE;provincia;genova;2020;32.5
ISTATP_ETA_MEDIA_MADRE;provincia;genova;2021;32.7
ISTATP_ETA_MEDIA_MADRE;provincia;genova;2022;32.8
ISTATP_ETA_MEDIA_MADRE;provincia;genova;2023;32.8
ISTATP_ETA_MEDIA_MADRE;provincia;genova;2024;32.8
ISTATP_ETA_MEDIA_MADRE;provincia;genova;2025;32.8
ISTATP_ETA_MEDIA_MADRE;provincia;gorizia;2015;31.3
ISTATP_ETA_MEDIA_MADRE;provincia;gorizia;2016;31.6
ISTATP_ETA_MEDIA_MADRE;provincia;gorizia;2017;31.6
ISTATP_ETA_MEDIA_MADRE;provincia;gorizia;2018;31.3
ISTATP_ETA_MEDIA_MADRE;provincia;gorizia;2019;31.6
ISTATP_ETA_MEDIA_MADRE;provincia;gorizia;2020;31.6
ISTATP_ETA_MEDIA_MADRE;provincia;gorizia;2021;31.5
ISTATP_ETA_MEDIA_MADRE;provincia;gorizia;2022;31.4
ISTATP_ETA_MEDIA_MADRE;provincia;gorizia;2023;31.5
ISTATP_ETA_MEDIA_MADRE;provincia;gorizia;2024;31.6
ISTATP_ETA_MEDIA_MADRE;provincia;gorizia;2025;31.5
ISTATP_ETA_MEDIA_MADRE;provincia;grosseto;2015;31.4
ISTATP_ETA_MEDIA_MADRE;provincia;grosseto;2016;31.5
ISTATP_ETA_MEDIA_MADRE;provincia;grosseto;2017;31.6
ISTATP_ETA_MEDIA_MADRE;provincia;grosseto;2018;31.6
ISTATP_ETA_MEDIA_MADRE;provincia;grosseto;2019;31.6
ISTATP_ETA_MEDIA_MADRE;provincia;grosseto;2020;31.8
ISTATP_ETA_MEDIA_MADRE;provincia;grosseto;2021;31.9
ISTATP_ETA_MEDIA_MADRE;provincia;grosseto;2022;32.3
ISTATP_ETA_MEDIA_MADRE;provincia;grosseto;2023;32.4
ISTATP_ETA_MEDIA_MADRE;provincia;grosseto;2024;32.4
ISTATP_ETA_MEDIA_MADRE;provincia;grosseto;2025;32.5
ISTATP_ETA_MEDIA_MADRE;provincia;imperia;2015;31.1
ISTATP_ETA_MEDIA_MADRE;provincia;imperia;2016;31.3
ISTATP_ETA_MEDIA_MADRE;provincia;imperia;2017;31.3
ISTATP_ETA_MEDIA_MADRE;provincia;imperia;2018;31.2
ISTATP_ETA_MEDIA_MADRE;provincia;imperia;2019;31.3
ISTATP_ETA_MEDIA_MADRE;provincia;imperia;2020;31.2
ISTATP_ETA_MEDIA_MADRE;provincia;imperia;2021;31.6
ISTATP_ETA_MEDIA_MADRE;provincia;imperia;2022;31.7
ISTATP_ETA_MEDIA_MADRE;provincia;imperia;2023;31.7
ISTATP_ETA_MEDIA_MADRE;provincia;imperia;2024;32
ISTATP_ETA_MEDIA_MADRE;provincia;imperia;2025;32.1
ISTATP_ETA_MEDIA_MADRE;provincia;isernia;2015;32
ISTATP_ETA_MEDIA_MADRE;provincia;isernia;2016;32.1
ISTATP_ETA_MEDIA_MADRE;provincia;isernia;2017;32.6
ISTATP_ETA_MEDIA_MADRE;provincia;isernia;2018;32.5
ISTATP_ETA_MEDIA_MADRE;provincia;isernia;2019;32.5
ISTATP_ETA_MEDIA_MADRE;provincia;isernia;2020;32.5
ISTATP_ETA_MEDIA_MADRE;provincia;isernia;2021;33
ISTATP_ETA_MEDIA_MADRE;provincia;isernia;2022;32.8
ISTATP_ETA_MEDIA_MADRE;provincia;isernia;2023;33.1
ISTATP_ETA_MEDIA_MADRE;provincia;isernia;2024;32.9
ISTATP_ETA_MEDIA_MADRE;provincia;isernia;2025;33
ISTATP_ETA_MEDIA_MADRE;provincia;l-aquila;2015;31.8
ISTATP_ETA_MEDIA_MADRE;provincia;l-aquila;2016;32
ISTATP_ETA_MEDIA_MADRE;provincia;l-aquila;2017;32.1
ISTATP_ETA_MEDIA_MADRE;provincia;l-aquila;2018;32.3
ISTATP_ETA_MEDIA_MADRE;provincia;l-aquila;2019;32.6
ISTATP_ETA_MEDIA_MADRE;provincia;l-aquila;2020;32.7
ISTATP_ETA_MEDIA_MADRE;provincia;l-aquila;2021;32.6
ISTATP_ETA_MEDIA_MADRE;provincia;l-aquila;2022;32.9
ISTATP_ETA_MEDIA_MADRE;provincia;l-aquila;2023;32.7
ISTATP_ETA_MEDIA_MADRE;provincia;l-aquila;2024;32.9
ISTATP_ETA_MEDIA_MADRE;provincia;l-aquila;2025;32.7
ISTATP_ETA_MEDIA_MADRE;provincia;la-spezia;2015;31.9
ISTATP_ETA_MEDIA_MADRE;provincia;la-spezia;2016;31.7
ISTATP_ETA_MEDIA_MADRE;provincia;la-spezia;2017;31.9
ISTATP_ETA_MEDIA_MADRE;provincia;la-spezia;2018;31.7
ISTATP_ETA_MEDIA_MADRE;provincia;la-spezia;2019;31.8
ISTATP_ETA_MEDIA_MADRE;provincia;la-spezia;2020;31.8
ISTATP_ETA_MEDIA_MADRE;provincia;la-spezia;2021;32.4
ISTATP_ETA_MEDIA_MADRE;provincia;la-spezia;2022;32
ISTATP_ETA_MEDIA_MADRE;provincia;la-spezia;2023;32.2
ISTATP_ETA_MEDIA_MADRE;provincia;la-spezia;2024;32.3
ISTATP_ETA_MEDIA_MADRE;provincia;la-spezia;2025;32.5
ISTATP_ETA_MEDIA_MADRE;provincia;latina;2015;31.6
ISTATP_ETA_MEDIA_MADRE;provincia;latina;2016;31.6
ISTATP_ETA_MEDIA_MADRE;provincia;latina;2017;31.9
ISTATP_ETA_MEDIA_MADRE;provincia;latina;2018;32.4
ISTATP_ETA_MEDIA_MADRE;provincia;latina;2019;32.1
ISTATP_ETA_MEDIA_MADRE;provincia;latina;2020;32.1
ISTATP_ETA_MEDIA_MADRE;provincia;latina;2021;32.2
ISTATP_ETA_MEDIA_MADRE;provincia;latina;2022;32.3
ISTATP_ETA_MEDIA_MADRE;provincia;latina;2023;32.4
ISTATP_ETA_MEDIA_MADRE;provincia;latina;2024;32.7
ISTATP_ETA_MEDIA_MADRE;provincia;latina;2025;32.6
ISTATP_ETA_MEDIA_MADRE;provincia;lecce;2015;32.1
ISTATP_ETA_MEDIA_MADRE;provincia;lecce;2016;32.1
ISTATP_ETA_MEDIA_MADRE;provincia;lecce;2017;32.3
ISTATP_ETA_MEDIA_MADRE;provincia;lecce;2018;32.3
ISTATP_ETA_MEDIA_MADRE;provincia;lecce;2019;32.4
ISTATP_ETA_MEDIA_MADRE;provincia;lecce;2020;32.5
ISTATP_ETA_MEDIA_MADRE;provincia;lecce;2021;32.7
ISTATP_ETA_MEDIA_MADRE;provincia;lecce;2022;32.6
ISTATP_ETA_MEDIA_MADRE;provincia;lecce;2023;32.9
ISTATP_ETA_MEDIA_MADRE;provincia;lecce;2024;33
ISTATP_ETA_MEDIA_MADRE;provincia;lecce;2025;32.9
ISTATP_ETA_MEDIA_MADRE;provincia;lecco;2015;32.1
ISTATP_ETA_MEDIA_MADRE;provincia;lecco;2016;32
ISTATP_ETA_MEDIA_MADRE;provincia;lecco;2017;32.2
ISTATP_ETA_MEDIA_MADRE;provincia;lecco;2018;32.2
ISTATP_ETA_MEDIA_MADRE;provincia;lecco;2019;32.4
ISTATP_ETA_MEDIA_MADRE;provincia;lecco;2020;32.5
ISTATP_ETA_MEDIA_MADRE;provincia;lecco;2021;32.6
ISTATP_ETA_MEDIA_MADRE;provincia;lecco;2022;32.9
ISTATP_ETA_MEDIA_MADRE;provincia;lecco;2023;32.8
ISTATP_ETA_MEDIA_MADRE;provincia;lecco;2024;33
ISTATP_ETA_MEDIA_MADRE;provincia;lecco;2025;33
ISTATP_ETA_MEDIA_MADRE;provincia;livorno;2015;31.8
ISTATP_ETA_MEDIA_MADRE;provincia;livorno;2016;31.7
ISTATP_ETA_MEDIA_MADRE;provincia;livorno;2017;32.1
ISTATP_ETA_MEDIA_MADRE;provincia;livorno;2018;32.1
ISTATP_ETA_MEDIA_MADRE;provincia;livorno;2019;32
ISTATP_ETA_MEDIA_MADRE;provincia;livorno;2020;32.3
ISTATP_ETA_MEDIA_MADRE;provincia;livorno;2021;32.3
ISTATP_ETA_MEDIA_MADRE;provincia;livorno;2022;32.6
ISTATP_ETA_MEDIA_MADRE;provincia;livorno;2023;32.5
ISTATP_ETA_MEDIA_MADRE;provincia;livorno;2024;32.7
ISTATP_ETA_MEDIA_MADRE;provincia;livorno;2025;32.8
ISTATP_ETA_MEDIA_MADRE;provincia;lodi;2015;31.5
ISTATP_ETA_MEDIA_MADRE;provincia;lodi;2016;31.4
ISTATP_ETA_MEDIA_MADRE;provincia;lodi;2017;31.7
ISTATP_ETA_MEDIA_MADRE;provincia;lodi;2018;31.5
ISTATP_ETA_MEDIA_MADRE;provincia;lodi;2019;31.8
ISTATP_ETA_MEDIA_MADRE;provincia;lodi;2020;31.7
ISTATP_ETA_MEDIA_MADRE;provincia;lodi;2021;32.1
ISTATP_ETA_MEDIA_MADRE;provincia;lodi;2022;31.9
ISTATP_ETA_MEDIA_MADRE;provincia;lodi;2023;32.3
ISTATP_ETA_MEDIA_MADRE;provincia;lodi;2024;32.2
ISTATP_ETA_MEDIA_MADRE;provincia;lodi;2025;32.5
ISTATP_ETA_MEDIA_MADRE;provincia;lucca;2015;32
ISTATP_ETA_MEDIA_MADRE;provincia;lucca;2016;32
ISTATP_ETA_MEDIA_MADRE;provincia;lucca;2017;32.2
ISTATP_ETA_MEDIA_MADRE;provincia;lucca;2018;32.1
ISTATP_ETA_MEDIA_MADRE;provincia;lucca;2019;32.5
ISTATP_ETA_MEDIA_MADRE;provincia;lucca;2020;32.6
ISTATP_ETA_MEDIA_MADRE;provincia;lucca;2021;32.7
ISTATP_ETA_MEDIA_MADRE;provincia;lucca;2022;32.8
ISTATP_ETA_MEDIA_MADRE;provincia;lucca;2023;33
ISTATP_ETA_MEDIA_MADRE;provincia;lucca;2024;33
ISTATP_ETA_MEDIA_MADRE;provincia;lucca;2025;33.1
ISTATP_ETA_MEDIA_MADRE;provincia;macerata;2015;31.6
ISTATP_ETA_MEDIA_MADRE;provincia;macerata;2016;31.8
ISTATP_ETA_MEDIA_MADRE;provincia;macerata;2017;32.1
ISTATP_ETA_MEDIA_MADRE;provincia;macerata;2018;32.1
ISTATP_ETA_MEDIA_MADRE;provincia;macerata;2019;32.2
ISTATP_ETA_MEDIA_MADRE;provincia;macerata;2020;32.5
ISTATP_ETA_MEDIA_MADRE;provincia;macerata;2021;32.7
ISTATP_ETA_MEDIA_MADRE;provincia;macerata;2022;32.6
ISTATP_ETA_MEDIA_MADRE;provincia;macerata;2023;32.9
ISTATP_ETA_MEDIA_MADRE;provincia;macerata;2024;32.8
ISTATP_ETA_MEDIA_MADRE;provincia;macerata;2025;33
ISTATP_ETA_MEDIA_MADRE;provincia;mantova;2015;30.9
ISTATP_ETA_MEDIA_MADRE;provincia;mantova;2016;31.1
ISTATP_ETA_MEDIA_MADRE;provincia;mantova;2017;31.4
ISTATP_ETA_MEDIA_MADRE;provincia;mantova;2018;31.5
ISTATP_ETA_MEDIA_MADRE;provincia;mantova;2019;31.4
ISTATP_ETA_MEDIA_MADRE;provincia;mantova;2020;31.3
ISTATP_ETA_MEDIA_MADRE;provincia;mantova;2021;31.8
ISTATP_ETA_MEDIA_MADRE;provincia;mantova;2022;31.8
ISTATP_ETA_MEDIA_MADRE;provincia;mantova;2023;31.6
ISTATP_ETA_MEDIA_MADRE;provincia;mantova;2024;32.1
ISTATP_ETA_MEDIA_MADRE;provincia;mantova;2025;32
ISTATP_ETA_MEDIA_MADRE;provincia;massa-carrara;2015;31.5
ISTATP_ETA_MEDIA_MADRE;provincia;massa-carrara;2016;31.9
ISTATP_ETA_MEDIA_MADRE;provincia;massa-carrara;2017;31.9
ISTATP_ETA_MEDIA_MADRE;provincia;massa-carrara;2018;32
ISTATP_ETA_MEDIA_MADRE;provincia;massa-carrara;2019;32.1
ISTATP_ETA_MEDIA_MADRE;provincia;massa-carrara;2020;32.1
ISTATP_ETA_MEDIA_MADRE;provincia;massa-carrara;2021;32.5
ISTATP_ETA_MEDIA_MADRE;provincia;massa-carrara;2022;32.1
ISTATP_ETA_MEDIA_MADRE;provincia;massa-carrara;2023;32.5
ISTATP_ETA_MEDIA_MADRE;provincia;massa-carrara;2024;32.9
ISTATP_ETA_MEDIA_MADRE;provincia;massa-carrara;2025;32.7
ISTATP_ETA_MEDIA_MADRE;provincia;matera;2015;32.2
ISTATP_ETA_MEDIA_MADRE;provincia;matera;2016;32.2
ISTATP_ETA_MEDIA_MADRE;provincia;matera;2017;32.6
ISTATP_ETA_MEDIA_MADRE;provincia;matera;2018;32.3
ISTATP_ETA_MEDIA_MADRE;provincia;matera;2019;32.6
ISTATP_ETA_MEDIA_MADRE;provincia;matera;2020;33
ISTATP_ETA_MEDIA_MADRE;provincia;matera;2021;32.9
ISTATP_ETA_MEDIA_MADRE;provincia;matera;2022;32.8
ISTATP_ETA_MEDIA_MADRE;provincia;matera;2023;32.9
ISTATP_ETA_MEDIA_MADRE;provincia;matera;2024;32.9
ISTATP_ETA_MEDIA_MADRE;provincia;matera;2025;33.2
ISTATP_ETA_MEDIA_MADRE;provincia;messina;2015;31.4
ISTATP_ETA_MEDIA_MADRE;provincia;messina;2016;31.6
ISTATP_ETA_MEDIA_MADRE;provincia;messina;2017;31.7
ISTATP_ETA_MEDIA_MADRE;provincia;messina;2018;31.8
ISTATP_ETA_MEDIA_MADRE;provincia;messina;2019;31.9
ISTATP_ETA_MEDIA_MADRE;provincia;messina;2020;31.9
ISTATP_ETA_MEDIA_MADRE;provincia;messina;2021;32.1
ISTATP_ETA_MEDIA_MADRE;provincia;messina;2022;32
ISTATP_ETA_MEDIA_MADRE;provincia;messina;2023;32.3
ISTATP_ETA_MEDIA_MADRE;provincia;messina;2024;32.5
ISTATP_ETA_MEDIA_MADRE;provincia;messina;2025;32.5
ISTATP_ETA_MEDIA_MADRE;provincia;milano;2015;32.2
ISTATP_ETA_MEDIA_MADRE;provincia;milano;2016;32.3
ISTATP_ETA_MEDIA_MADRE;provincia;milano;2017;32.4
ISTATP_ETA_MEDIA_MADRE;provincia;milano;2018;32.5
ISTATP_ETA_MEDIA_MADRE;provincia;milano;2019;32.7
ISTATP_ETA_MEDIA_MADRE;provincia;milano;2020;32.8
ISTATP_ETA_MEDIA_MADRE;provincia;milano;2021;33.2
ISTATP_ETA_MEDIA_MADRE;provincia;milano;2022;33.2
ISTATP_ETA_MEDIA_MADRE;provincia;milano;2023;33.3
ISTATP_ETA_MEDIA_MADRE;provincia;milano;2024;33.4
ISTATP_ETA_MEDIA_MADRE;provincia;milano;2025;33.5
ISTATP_ETA_MEDIA_MADRE;provincia;modena;2015;31.5
ISTATP_ETA_MEDIA_MADRE;provincia;modena;2016;31.6
ISTATP_ETA_MEDIA_MADRE;provincia;modena;2017;31.7
ISTATP_ETA_MEDIA_MADRE;provincia;modena;2018;31.8
ISTATP_ETA_MEDIA_MADRE;provincia;modena;2019;32
ISTATP_ETA_MEDIA_MADRE;provincia;modena;2020;32.1
ISTATP_ETA_MEDIA_MADRE;provincia;modena;2021;32.3
ISTATP_ETA_MEDIA_MADRE;provincia;modena;2022;32.4
ISTATP_ETA_MEDIA_MADRE;provincia;modena;2023;32.5
ISTATP_ETA_MEDIA_MADRE;provincia;modena;2024;32.6
ISTATP_ETA_MEDIA_MADRE;provincia;modena;2025;32.7
ISTATP_ETA_MEDIA_MADRE;provincia;monza-e-della-brianza;2015;32.2
ISTATP_ETA_MEDIA_MADRE;provincia;monza-e-della-brianza;2016;32.3
ISTATP_ETA_MEDIA_MADRE;provincia;monza-e-della-brianza;2017;32.5
ISTATP_ETA_MEDIA_MADRE;provincia;monza-e-della-brianza;2018;32.4
ISTATP_ETA_MEDIA_MADRE;provincia;monza-e-della-brianza;2019;32.5
ISTATP_ETA_MEDIA_MADRE;provincia;monza-e-della-brianza;2020;32.6
ISTATP_ETA_MEDIA_MADRE;provincia;monza-e-della-brianza;2021;32.8
ISTATP_ETA_MEDIA_MADRE;provincia;monza-e-della-brianza;2022;33
ISTATP_ETA_MEDIA_MADRE;provincia;monza-e-della-brianza;2023;32.9
ISTATP_ETA_MEDIA_MADRE;provincia;monza-e-della-brianza;2024;33.1
ISTATP_ETA_MEDIA_MADRE;provincia;monza-e-della-brianza;2025;33.1
ISTATP_ETA_MEDIA_MADRE;provincia;napoli;2015;30.9
ISTATP_ETA_MEDIA_MADRE;provincia;napoli;2016;31
ISTATP_ETA_MEDIA_MADRE;provincia;napoli;2017;31.2
ISTATP_ETA_MEDIA_MADRE;provincia;napoli;2018;31.3
ISTATP_ETA_MEDIA_MADRE;provincia;napoli;2019;31.4
ISTATP_ETA_MEDIA_MADRE;provincia;napoli;2020;31.4
ISTATP_ETA_MEDIA_MADRE;provincia;napoli;2021;31.7
ISTATP_ETA_MEDIA_MADRE;provincia;napoli;2022;31.7
ISTATP_ETA_MEDIA_MADRE;provincia;napoli;2023;31.8
ISTATP_ETA_MEDIA_MADRE;provincia;napoli;2024;32
ISTATP_ETA_MEDIA_MADRE;provincia;napoli;2025;32.2
ISTATP_ETA_MEDIA_MADRE;provincia;novara;2015;31.6
ISTATP_ETA_MEDIA_MADRE;provincia;novara;2016;31.7
ISTATP_ETA_MEDIA_MADRE;provincia;novara;2017;31.8
ISTATP_ETA_MEDIA_MADRE;provincia;novara;2018;31.9
ISTATP_ETA_MEDIA_MADRE;provincia;novara;2019;32
ISTATP_ETA_MEDIA_MADRE;provincia;novara;2020;31.9
ISTATP_ETA_MEDIA_MADRE;provincia;novara;2021;32.2
ISTATP_ETA_MEDIA_MADRE;provincia;novara;2022;32.4
ISTATP_ETA_MEDIA_MADRE;provincia;novara;2023;32.3
ISTATP_ETA_MEDIA_MADRE;provincia;novara;2024;32.3
ISTATP_ETA_MEDIA_MADRE;provincia;novara;2025;32.5
ISTATP_ETA_MEDIA_MADRE;provincia;nuoro;2015;32.6
ISTATP_ETA_MEDIA_MADRE;provincia;nuoro;2016;32.9
ISTATP_ETA_MEDIA_MADRE;provincia;nuoro;2017;32.7
ISTATP_ETA_MEDIA_MADRE;provincia;nuoro;2018;32.7
ISTATP_ETA_MEDIA_MADRE;provincia;nuoro;2019;33.3
ISTATP_ETA_MEDIA_MADRE;provincia;nuoro;2020;32.8
ISTATP_ETA_MEDIA_MADRE;provincia;nuoro;2021;33.2
ISTATP_ETA_MEDIA_MADRE;provincia;nuoro;2022;33.1
ISTATP_ETA_MEDIA_MADRE;provincia;nuoro;2023;33.4
ISTATP_ETA_MEDIA_MADRE;provincia;nuoro;2024;33.4
ISTATP_ETA_MEDIA_MADRE;provincia;nuoro;2025;33.5
ISTATP_ETA_MEDIA_MADRE;provincia;oristano;2015;32.3
ISTATP_ETA_MEDIA_MADRE;provincia;oristano;2016;32.8
ISTATP_ETA_MEDIA_MADRE;provincia;oristano;2017;32.6
ISTATP_ETA_MEDIA_MADRE;provincia;oristano;2018;32.6
ISTATP_ETA_MEDIA_MADRE;provincia;oristano;2019;33.1
ISTATP_ETA_MEDIA_MADRE;provincia;oristano;2020;33.4
ISTATP_ETA_MEDIA_MADRE;provincia;oristano;2021;33.2
ISTATP_ETA_MEDIA_MADRE;provincia;oristano;2022;33.2
ISTATP_ETA_MEDIA_MADRE;provincia;oristano;2023;33.7
ISTATP_ETA_MEDIA_MADRE;provincia;oristano;2024;33.6
ISTATP_ETA_MEDIA_MADRE;provincia;oristano;2025;33.2
ISTATP_ETA_MEDIA_MADRE;provincia;padova;2015;32.2
ISTATP_ETA_MEDIA_MADRE;provincia;padova;2016;32.4
ISTATP_ETA_MEDIA_MADRE;provincia;padova;2017;32.4
ISTATP_ETA_MEDIA_MADRE;provincia;padova;2018;32.6
ISTATP_ETA_MEDIA_MADRE;provincia;padova;2019;32.6
ISTATP_ETA_MEDIA_MADRE;provincia;padova;2020;32.7
ISTATP_ETA_MEDIA_MADRE;provincia;padova;2021;32.9
ISTATP_ETA_MEDIA_MADRE;provincia;padova;2022;32.9
ISTATP_ETA_MEDIA_MADRE;provincia;padova;2023;33.2
ISTATP_ETA_MEDIA_MADRE;provincia;padova;2024;33.1
ISTATP_ETA_MEDIA_MADRE;provincia;padova;2025;33.3
ISTATP_ETA_MEDIA_MADRE;provincia;palermo;2015;30.9
ISTATP_ETA_MEDIA_MADRE;provincia;palermo;2016;30.9
ISTATP_ETA_MEDIA_MADRE;provincia;palermo;2017;31.1
ISTATP_ETA_MEDIA_MADRE;provincia;palermo;2018;31.1
ISTATP_ETA_MEDIA_MADRE;provincia;palermo;2019;31.4
ISTATP_ETA_MEDIA_MADRE;provincia;palermo;2020;31.4
ISTATP_ETA_MEDIA_MADRE;provincia;palermo;2021;31.4
ISTATP_ETA_MEDIA_MADRE;provincia;palermo;2022;31.4
ISTATP_ETA_MEDIA_MADRE;provincia;palermo;2023;31.6
ISTATP_ETA_MEDIA_MADRE;provincia;palermo;2024;31.6
ISTATP_ETA_MEDIA_MADRE;provincia;palermo;2025;31.7
ISTATP_ETA_MEDIA_MADRE;provincia;parma;2015;31.5
ISTATP_ETA_MEDIA_MADRE;provincia;parma;2016;31.6
ISTATP_ETA_MEDIA_MADRE;provincia;parma;2017;31.8
ISTATP_ETA_MEDIA_MADRE;provincia;parma;2018;31.9
ISTATP_ETA_MEDIA_MADRE;provincia;parma;2019;32
ISTATP_ETA_MEDIA_MADRE;provincia;parma;2020;32
ISTATP_ETA_MEDIA_MADRE;provincia;parma;2021;32.4
ISTATP_ETA_MEDIA_MADRE;provincia;parma;2022;32.3
ISTATP_ETA_MEDIA_MADRE;provincia;parma;2023;32.4
ISTATP_ETA_MEDIA_MADRE;provincia;parma;2024;32.5
ISTATP_ETA_MEDIA_MADRE;provincia;parma;2025;32.8
ISTATP_ETA_MEDIA_MADRE;provincia;pavia;2015;31.2
ISTATP_ETA_MEDIA_MADRE;provincia;pavia;2016;31.3
ISTATP_ETA_MEDIA_MADRE;provincia;pavia;2017;31.4
ISTATP_ETA_MEDIA_MADRE;provincia;pavia;2018;31.5
ISTATP_ETA_MEDIA_MADRE;provincia;pavia;2019;31.4
ISTATP_ETA_MEDIA_MADRE;provincia;pavia;2020;31.8
ISTATP_ETA_MEDIA_MADRE;provincia;pavia;2021;31.9
ISTATP_ETA_MEDIA_MADRE;provincia;pavia;2022;32
ISTATP_ETA_MEDIA_MADRE;provincia;pavia;2023;32
ISTATP_ETA_MEDIA_MADRE;provincia;pavia;2024;32
ISTATP_ETA_MEDIA_MADRE;provincia;pavia;2025;32.4
ISTATP_ETA_MEDIA_MADRE;provincia;perugia;2015;31.6
ISTATP_ETA_MEDIA_MADRE;provincia;perugia;2016;31.8
ISTATP_ETA_MEDIA_MADRE;provincia;perugia;2017;31.9
ISTATP_ETA_MEDIA_MADRE;provincia;perugia;2018;31.9
ISTATP_ETA_MEDIA_MADRE;provincia;perugia;2019;32.1
ISTATP_ETA_MEDIA_MADRE;provincia;perugia;2020;32.2
ISTATP_ETA_MEDIA_MADRE;provincia;perugia;2021;32.3
ISTATP_ETA_MEDIA_MADRE;provincia;perugia;2022;32.4
ISTATP_ETA_MEDIA_MADRE;provincia;perugia;2023;32.6
ISTATP_ETA_MEDIA_MADRE;provincia;perugia;2024;32.8
ISTATP_ETA_MEDIA_MADRE;provincia;perugia;2025;32.4
ISTATP_ETA_MEDIA_MADRE;provincia;pesaro-e-urbino;2015;32
ISTATP_ETA_MEDIA_MADRE;provincia;pesaro-e-urbino;2016;31.9
ISTATP_ETA_MEDIA_MADRE;provincia;pesaro-e-urbino;2017;31.9
ISTATP_ETA_MEDIA_MADRE;provincia;pesaro-e-urbino;2018;32.2
ISTATP_ETA_MEDIA_MADRE;provincia;pesaro-e-urbino;2019;32.5
ISTATP_ETA_MEDIA_MADRE;provincia;pesaro-e-urbino;2020;32.6
ISTATP_ETA_MEDIA_MADRE;provincia;pesaro-e-urbino;2021;32.4
ISTATP_ETA_MEDIA_MADRE;provincia;pesaro-e-urbino;2022;32.5
ISTATP_ETA_MEDIA_MADRE;provincia;pesaro-e-urbino;2023;32.8
ISTATP_ETA_MEDIA_MADRE;provincia;pesaro-e-urbino;2024;32.6
ISTATP_ETA_MEDIA_MADRE;provincia;pesaro-e-urbino;2025;32.6
ISTATP_ETA_MEDIA_MADRE;provincia;pescara;2015;32.2
ISTATP_ETA_MEDIA_MADRE;provincia;pescara;2016;32.4
ISTATP_ETA_MEDIA_MADRE;provincia;pescara;2017;32.2
ISTATP_ETA_MEDIA_MADRE;provincia;pescara;2018;32.3
ISTATP_ETA_MEDIA_MADRE;provincia;pescara;2019;32.5
ISTATP_ETA_MEDIA_MADRE;provincia;pescara;2020;32.3
ISTATP_ETA_MEDIA_MADRE;provincia;pescara;2021;32.4
ISTATP_ETA_MEDIA_MADRE;provincia;pescara;2022;32.6
ISTATP_ETA_MEDIA_MADRE;provincia;pescara;2023;32.6
ISTATP_ETA_MEDIA_MADRE;provincia;pescara;2024;32.7
ISTATP_ETA_MEDIA_MADRE;provincia;pescara;2025;32.9
ISTATP_ETA_MEDIA_MADRE;provincia;piacenza;2015;31.2
ISTATP_ETA_MEDIA_MADRE;provincia;piacenza;2016;31.1
ISTATP_ETA_MEDIA_MADRE;provincia;piacenza;2017;31.2
ISTATP_ETA_MEDIA_MADRE;provincia;piacenza;2018;31.5
ISTATP_ETA_MEDIA_MADRE;provincia;piacenza;2019;31.2
ISTATP_ETA_MEDIA_MADRE;provincia;piacenza;2020;31.5
ISTATP_ETA_MEDIA_MADRE;provincia;piacenza;2021;31.6
ISTATP_ETA_MEDIA_MADRE;provincia;piacenza;2022;31.9
ISTATP_ETA_MEDIA_MADRE;provincia;piacenza;2023;32.1
ISTATP_ETA_MEDIA_MADRE;provincia;piacenza;2024;32.1
ISTATP_ETA_MEDIA_MADRE;provincia;piacenza;2025;32
ISTATP_ETA_MEDIA_MADRE;provincia;pisa;2015;32.1
ISTATP_ETA_MEDIA_MADRE;provincia;pisa;2016;32
ISTATP_ETA_MEDIA_MADRE;provincia;pisa;2017;32.2
ISTATP_ETA_MEDIA_MADRE;provincia;pisa;2018;32.3
ISTATP_ETA_MEDIA_MADRE;provincia;pisa;2019;32.5
ISTATP_ETA_MEDIA_MADRE;provincia;pisa;2020;32.4
ISTATP_ETA_MEDIA_MADRE;provincia;pisa;2021;32.5
ISTATP_ETA_MEDIA_MADRE;provincia;pisa;2022;32.8
ISTATP_ETA_MEDIA_MADRE;provincia;pisa;2023;32.9
ISTATP_ETA_MEDIA_MADRE;provincia;pisa;2024;32.8
ISTATP_ETA_MEDIA_MADRE;provincia;pisa;2025;32.9
ISTATP_ETA_MEDIA_MADRE;provincia;pistoia;2015;31.6
ISTATP_ETA_MEDIA_MADRE;provincia;pistoia;2016;31.8
ISTATP_ETA_MEDIA_MADRE;provincia;pistoia;2017;31.8
ISTATP_ETA_MEDIA_MADRE;provincia;pistoia;2018;31.8
ISTATP_ETA_MEDIA_MADRE;provincia;pistoia;2019;32.1
ISTATP_ETA_MEDIA_MADRE;provincia;pistoia;2020;32.4
ISTATP_ETA_MEDIA_MADRE;provincia;pistoia;2021;32.3
ISTATP_ETA_MEDIA_MADRE;provincia;pistoia;2022;32.6
ISTATP_ETA_MEDIA_MADRE;provincia;pistoia;2023;32.4
ISTATP_ETA_MEDIA_MADRE;provincia;pistoia;2024;32.6
ISTATP_ETA_MEDIA_MADRE;provincia;pistoia;2025;32.8
ISTATP_ETA_MEDIA_MADRE;provincia;pordenone;2015;31.7
ISTATP_ETA_MEDIA_MADRE;provincia;pordenone;2016;31.9
ISTATP_ETA_MEDIA_MADRE;provincia;pordenone;2017;31.8
ISTATP_ETA_MEDIA_MADRE;provincia;pordenone;2018;32
ISTATP_ETA_MEDIA_MADRE;provincia;pordenone;2019;31.9
ISTATP_ETA_MEDIA_MADRE;provincia;pordenone;2020;31.9
ISTATP_ETA_MEDIA_MADRE;provincia;pordenone;2021;32.2
ISTATP_ETA_MEDIA_MADRE;provincia;pordenone;2022;32.1
ISTATP_ETA_MEDIA_MADRE;provincia;pordenone;2023;32.2
ISTATP_ETA_MEDIA_MADRE;provincia;pordenone;2024;32.6
ISTATP_ETA_MEDIA_MADRE;provincia;pordenone;2025;32.7
ISTATP_ETA_MEDIA_MADRE;provincia;potenza;2015;32.3
ISTATP_ETA_MEDIA_MADRE;provincia;potenza;2016;32.6
ISTATP_ETA_MEDIA_MADRE;provincia;potenza;2017;32.8
ISTATP_ETA_MEDIA_MADRE;provincia;potenza;2018;32.7
ISTATP_ETA_MEDIA_MADRE;provincia;potenza;2019;32.9
ISTATP_ETA_MEDIA_MADRE;provincia;potenza;2020;33.1
ISTATP_ETA_MEDIA_MADRE;provincia;potenza;2021;33.1
ISTATP_ETA_MEDIA_MADRE;provincia;potenza;2022;33.3
ISTATP_ETA_MEDIA_MADRE;provincia;potenza;2023;33.2
ISTATP_ETA_MEDIA_MADRE;provincia;potenza;2024;33.4
ISTATP_ETA_MEDIA_MADRE;provincia;potenza;2025;33.8
ISTATP_ETA_MEDIA_MADRE;provincia;prato;2015;31.4
ISTATP_ETA_MEDIA_MADRE;provincia;prato;2016;31.1
ISTATP_ETA_MEDIA_MADRE;provincia;prato;2017;31.5
ISTATP_ETA_MEDIA_MADRE;provincia;prato;2018;31.6
ISTATP_ETA_MEDIA_MADRE;provincia;prato;2019;31.9
ISTATP_ETA_MEDIA_MADRE;provincia;prato;2020;32
ISTATP_ETA_MEDIA_MADRE;provincia;prato;2021;32.5
ISTATP_ETA_MEDIA_MADRE;provincia;prato;2022;32.3
ISTATP_ETA_MEDIA_MADRE;provincia;prato;2023;32.4
ISTATP_ETA_MEDIA_MADRE;provincia;prato;2024;32.4
ISTATP_ETA_MEDIA_MADRE;provincia;prato;2025;32.7
ISTATP_ETA_MEDIA_MADRE;provincia;ragusa;2015;30.9
ISTATP_ETA_MEDIA_MADRE;provincia;ragusa;2016;31
ISTATP_ETA_MEDIA_MADRE;provincia;ragusa;2017;30.9
ISTATP_ETA_MEDIA_MADRE;provincia;ragusa;2018;31.1
ISTATP_ETA_MEDIA_MADRE;provincia;ragusa;2019;31.2
ISTATP_ETA_MEDIA_MADRE;provincia;ragusa;2020;31.3
ISTATP_ETA_MEDIA_MADRE;provincia;ragusa;2021;31.5
ISTATP_ETA_MEDIA_MADRE;provincia;ragusa;2022;31.3
ISTATP_ETA_MEDIA_MADRE;provincia;ragusa;2023;31.6
ISTATP_ETA_MEDIA_MADRE;provincia;ragusa;2024;31.5
ISTATP_ETA_MEDIA_MADRE;provincia;ragusa;2025;31.7
ISTATP_ETA_MEDIA_MADRE;provincia;ravenna;2015;31.2
ISTATP_ETA_MEDIA_MADRE;provincia;ravenna;2016;31.2
ISTATP_ETA_MEDIA_MADRE;provincia;ravenna;2017;31.4
ISTATP_ETA_MEDIA_MADRE;provincia;ravenna;2018;31.6
ISTATP_ETA_MEDIA_MADRE;provincia;ravenna;2019;31.7
ISTATP_ETA_MEDIA_MADRE;provincia;ravenna;2020;31.7
ISTATP_ETA_MEDIA_MADRE;provincia;ravenna;2021;32.1
ISTATP_ETA_MEDIA_MADRE;provincia;ravenna;2022;32.1
ISTATP_ETA_MEDIA_MADRE;provincia;ravenna;2023;32.4
ISTATP_ETA_MEDIA_MADRE;provincia;ravenna;2024;32.3
ISTATP_ETA_MEDIA_MADRE;provincia;ravenna;2025;32.5
ISTATP_ETA_MEDIA_MADRE;provincia;reggio-calabria;2015;31.4
ISTATP_ETA_MEDIA_MADRE;provincia;reggio-calabria;2016;31.6
ISTATP_ETA_MEDIA_MADRE;provincia;reggio-calabria;2017;31.7
ISTATP_ETA_MEDIA_MADRE;provincia;reggio-calabria;2018;31.7
ISTATP_ETA_MEDIA_MADRE;provincia;reggio-calabria;2019;31.9
ISTATP_ETA_MEDIA_MADRE;provincia;reggio-calabria;2020;32
ISTATP_ETA_MEDIA_MADRE;provincia;reggio-calabria;2021;32.2
ISTATP_ETA_MEDIA_MADRE;provincia;reggio-calabria;2022;32.1
ISTATP_ETA_MEDIA_MADRE;provincia;reggio-calabria;2023;32.3
ISTATP_ETA_MEDIA_MADRE;provincia;reggio-calabria;2024;32.4
ISTATP_ETA_MEDIA_MADRE;provincia;reggio-calabria;2025;32.4
ISTATP_ETA_MEDIA_MADRE;provincia;reggio-emilia;2015;31.4
ISTATP_ETA_MEDIA_MADRE;provincia;reggio-emilia;2016;31.5
ISTATP_ETA_MEDIA_MADRE;provincia;reggio-emilia;2017;31.5
ISTATP_ETA_MEDIA_MADRE;provincia;reggio-emilia;2018;31.6
ISTATP_ETA_MEDIA_MADRE;provincia;reggio-emilia;2019;31.7
ISTATP_ETA_MEDIA_MADRE;provincia;reggio-emilia;2020;31.9
ISTATP_ETA_MEDIA_MADRE;provincia;reggio-emilia;2021;32.2
ISTATP_ETA_MEDIA_MADRE;provincia;reggio-emilia;2022;32.3
ISTATP_ETA_MEDIA_MADRE;provincia;reggio-emilia;2023;32.5
ISTATP_ETA_MEDIA_MADRE;provincia;reggio-emilia;2024;32.5
ISTATP_ETA_MEDIA_MADRE;provincia;reggio-emilia;2025;32.6
ISTATP_ETA_MEDIA_MADRE;provincia;rieti;2015;31.9
ISTATP_ETA_MEDIA_MADRE;provincia;rieti;2016;32.3
ISTATP_ETA_MEDIA_MADRE;provincia;rieti;2017;32
ISTATP_ETA_MEDIA_MADRE;provincia;rieti;2018;32.4
ISTATP_ETA_MEDIA_MADRE;provincia;rieti;2019;31.9
ISTATP_ETA_MEDIA_MADRE;provincia;rieti;2020;32.5
ISTATP_ETA_MEDIA_MADRE;provincia;rieti;2021;32.2
ISTATP_ETA_MEDIA_MADRE;provincia;rieti;2022;32.5
ISTATP_ETA_MEDIA_MADRE;provincia;rieti;2023;32.6
ISTATP_ETA_MEDIA_MADRE;provincia;rieti;2024;32.4
ISTATP_ETA_MEDIA_MADRE;provincia;rieti;2025;32.5
ISTATP_ETA_MEDIA_MADRE;provincia;rimini;2015;31.6
ISTATP_ETA_MEDIA_MADRE;provincia;rimini;2016;31.8
ISTATP_ETA_MEDIA_MADRE;provincia;rimini;2017;32
ISTATP_ETA_MEDIA_MADRE;provincia;rimini;2018;32.3
ISTATP_ETA_MEDIA_MADRE;provincia;rimini;2019;32.2
ISTATP_ETA_MEDIA_MADRE;provincia;rimini;2020;32.3
ISTATP_ETA_MEDIA_MADRE;provincia;rimini;2021;32.4
ISTATP_ETA_MEDIA_MADRE;provincia;rimini;2022;32.7
ISTATP_ETA_MEDIA_MADRE;provincia;rimini;2023;32.6
ISTATP_ETA_MEDIA_MADRE;provincia;rimini;2024;32.8
ISTATP_ETA_MEDIA_MADRE;provincia;rimini;2025;32.9
ISTATP_ETA_MEDIA_MADRE;provincia;roma;2015;32.2
ISTATP_ETA_MEDIA_MADRE;provincia;roma;2016;32.5
ISTATP_ETA_MEDIA_MADRE;provincia;roma;2017;32.5
ISTATP_ETA_MEDIA_MADRE;provincia;roma;2018;32.6
ISTATP_ETA_MEDIA_MADRE;provincia;roma;2019;32.7
ISTATP_ETA_MEDIA_MADRE;provincia;roma;2020;32.8
ISTATP_ETA_MEDIA_MADRE;provincia;roma;2021;33.1
ISTATP_ETA_MEDIA_MADRE;provincia;roma;2022;33.2
ISTATP_ETA_MEDIA_MADRE;provincia;roma;2023;33.1
ISTATP_ETA_MEDIA_MADRE;provincia;roma;2024;33.4
ISTATP_ETA_MEDIA_MADRE;provincia;roma;2025;33.4
ISTATP_ETA_MEDIA_MADRE;provincia;rovigo;2015;31.8
ISTATP_ETA_MEDIA_MADRE;provincia;rovigo;2016;31.9
ISTATP_ETA_MEDIA_MADRE;provincia;rovigo;2017;31.9
ISTATP_ETA_MEDIA_MADRE;provincia;rovigo;2018;31.7
ISTATP_ETA_MEDIA_MADRE;provincia;rovigo;2019;31.9
ISTATP_ETA_MEDIA_MADRE;provincia;rovigo;2020;31.9
ISTATP_ETA_MEDIA_MADRE;provincia;rovigo;2021;32.4
ISTATP_ETA_MEDIA_MADRE;provincia;rovigo;2022;32.1
ISTATP_ETA_MEDIA_MADRE;provincia;rovigo;2023;32
ISTATP_ETA_MEDIA_MADRE;provincia;rovigo;2024;32.4
ISTATP_ETA_MEDIA_MADRE;provincia;rovigo;2025;32.1
ISTATP_ETA_MEDIA_MADRE;provincia;salerno;2015;31.6
ISTATP_ETA_MEDIA_MADRE;provincia;salerno;2016;31.8
ISTATP_ETA_MEDIA_MADRE;provincia;salerno;2017;32
ISTATP_ETA_MEDIA_MADRE;provincia;salerno;2018;32.3
ISTATP_ETA_MEDIA_MADRE;provincia;salerno;2019;32.1
ISTATP_ETA_MEDIA_MADRE;provincia;salerno;2020;32.3
ISTATP_ETA_MEDIA_MADRE;provincia;salerno;2021;32.4
ISTATP_ETA_MEDIA_MADRE;provincia;salerno;2022;32.4
ISTATP_ETA_MEDIA_MADRE;provincia;salerno;2023;32.7
ISTATP_ETA_MEDIA_MADRE;provincia;salerno;2024;32.8
ISTATP_ETA_MEDIA_MADRE;provincia;salerno;2025;32.9
ISTATP_ETA_MEDIA_MADRE;provincia;sassari;2015;32.1
ISTATP_ETA_MEDIA_MADRE;provincia;sassari;2016;32
ISTATP_ETA_MEDIA_MADRE;provincia;sassari;2017;32.2
ISTATP_ETA_MEDIA_MADRE;provincia;sassari;2018;32.2
ISTATP_ETA_MEDIA_MADRE;provincia;sassari;2019;32.4
ISTATP_ETA_MEDIA_MADRE;provincia;sassari;2020;32.5
ISTATP_ETA_MEDIA_MADRE;provincia;sassari;2021;32.7
ISTATP_ETA_MEDIA_MADRE;provincia;sassari;2022;32.6
ISTATP_ETA_MEDIA_MADRE;provincia;sassari;2023;32.7
ISTATP_ETA_MEDIA_MADRE;provincia;sassari;2024;32.8
ISTATP_ETA_MEDIA_MADRE;provincia;sassari;2025;33.1
ISTATP_ETA_MEDIA_MADRE;provincia;savona;2015;31.6
ISTATP_ETA_MEDIA_MADRE;provincia;savona;2016;31.8
ISTATP_ETA_MEDIA_MADRE;provincia;savona;2017;31.9
ISTATP_ETA_MEDIA_MADRE;provincia;savona;2018;31.9
ISTATP_ETA_MEDIA_MADRE;provincia;savona;2019;32.3
ISTATP_ETA_MEDIA_MADRE;provincia;savona;2020;32.2
ISTATP_ETA_MEDIA_MADRE;provincia;savona;2021;32.2
ISTATP_ETA_MEDIA_MADRE;provincia;savona;2022;32.4
ISTATP_ETA_MEDIA_MADRE;provincia;savona;2023;32.7
ISTATP_ETA_MEDIA_MADRE;provincia;savona;2024;32.4
ISTATP_ETA_MEDIA_MADRE;provincia;savona;2025;32.9
ISTATP_ETA_MEDIA_MADRE;provincia;siena;2015;31.9
ISTATP_ETA_MEDIA_MADRE;provincia;siena;2016;31.7
ISTATP_ETA_MEDIA_MADRE;provincia;siena;2017;31.9
ISTATP_ETA_MEDIA_MADRE;provincia;siena;2018;32
ISTATP_ETA_MEDIA_MADRE;provincia;siena;2019;32.1
ISTATP_ETA_MEDIA_MADRE;provincia;siena;2020;32.3
ISTATP_ETA_MEDIA_MADRE;provincia;siena;2021;32.5
ISTATP_ETA_MEDIA_MADRE;provincia;siena;2022;32.4
ISTATP_ETA_MEDIA_MADRE;provincia;siena;2023;32.3
ISTATP_ETA_MEDIA_MADRE;provincia;siena;2024;32.7
ISTATP_ETA_MEDIA_MADRE;provincia;siena;2025;32.9
ISTATP_ETA_MEDIA_MADRE;provincia;siracusa;2015;30.5
ISTATP_ETA_MEDIA_MADRE;provincia;siracusa;2016;30.6
ISTATP_ETA_MEDIA_MADRE;provincia;siracusa;2017;30.6
ISTATP_ETA_MEDIA_MADRE;provincia;siracusa;2018;30.7
ISTATP_ETA_MEDIA_MADRE;provincia;siracusa;2019;30.9
ISTATP_ETA_MEDIA_MADRE;provincia;siracusa;2020;30.7
ISTATP_ETA_MEDIA_MADRE;provincia;siracusa;2021;30.7
ISTATP_ETA_MEDIA_MADRE;provincia;siracusa;2022;30.8
ISTATP_ETA_MEDIA_MADRE;provincia;siracusa;2023;31
ISTATP_ETA_MEDIA_MADRE;provincia;siracusa;2024;31.4
ISTATP_ETA_MEDIA_MADRE;provincia;siracusa;2025;31.3
ISTATP_ETA_MEDIA_MADRE;provincia;sondrio;2015;31.5
ISTATP_ETA_MEDIA_MADRE;provincia;sondrio;2016;31.6
ISTATP_ETA_MEDIA_MADRE;provincia;sondrio;2017;31.9
ISTATP_ETA_MEDIA_MADRE;provincia;sondrio;2018;31.6
ISTATP_ETA_MEDIA_MADRE;provincia;sondrio;2019;31.7
ISTATP_ETA_MEDIA_MADRE;provincia;sondrio;2020;32.2
ISTATP_ETA_MEDIA_MADRE;provincia;sondrio;2021;32
ISTATP_ETA_MEDIA_MADRE;provincia;sondrio;2022;32.1
ISTATP_ETA_MEDIA_MADRE;provincia;sondrio;2023;32.2
ISTATP_ETA_MEDIA_MADRE;provincia;sondrio;2024;32.5
ISTATP_ETA_MEDIA_MADRE;provincia;sondrio;2025;32.4
ISTATP_ETA_MEDIA_MADRE;provincia;sud-sardegna;2015;32.7
ISTATP_ETA_MEDIA_MADRE;provincia;sud-sardegna;2016;32.6
ISTATP_ETA_MEDIA_MADRE;provincia;sud-sardegna;2017;32.6
ISTATP_ETA_MEDIA_MADRE;provincia;sud-sardegna;2018;32.6
ISTATP_ETA_MEDIA_MADRE;provincia;sud-sardegna;2019;32.8
ISTATP_ETA_MEDIA_MADRE;provincia;sud-sardegna;2020;32.8
ISTATP_ETA_MEDIA_MADRE;provincia;sud-sardegna;2021;32.9
ISTATP_ETA_MEDIA_MADRE;provincia;sud-sardegna;2022;33
ISTATP_ETA_MEDIA_MADRE;provincia;sud-sardegna;2023;33.4
ISTATP_ETA_MEDIA_MADRE;provincia;sud-sardegna;2024;33.2
ISTATP_ETA_MEDIA_MADRE;provincia;sud-sardegna;2025;33.1
ISTATP_ETA_MEDIA_MADRE;provincia;taranto;2015;31.2
ISTATP_ETA_MEDIA_MADRE;provincia;taranto;2016;31.8
ISTATP_ETA_MEDIA_MADRE;provincia;taranto;2017;31.4
ISTATP_ETA_MEDIA_MADRE;provincia;taranto;2018;31.8
ISTATP_ETA_MEDIA_MADRE;provincia;taranto;2019;31.7
ISTATP_ETA_MEDIA_MADRE;provincia;taranto;2020;31.7
ISTATP_ETA_MEDIA_MADRE;provincia;taranto;2021;32
ISTATP_ETA_MEDIA_MADRE;provincia;taranto;2022;31.9
ISTATP_ETA_MEDIA_MADRE;provincia;taranto;2023;32
ISTATP_ETA_MEDIA_MADRE;provincia;taranto;2024;32.1
ISTATP_ETA_MEDIA_MADRE;provincia;taranto;2025;32
ISTATP_ETA_MEDIA_MADRE;provincia;teramo;2015;32.2
ISTATP_ETA_MEDIA_MADRE;provincia;teramo;2016;32.1
ISTATP_ETA_MEDIA_MADRE;provincia;teramo;2017;32.2
ISTATP_ETA_MEDIA_MADRE;provincia;teramo;2018;32.3
ISTATP_ETA_MEDIA_MADRE;provincia;teramo;2019;32.3
ISTATP_ETA_MEDIA_MADRE;provincia;teramo;2020;32.4
ISTATP_ETA_MEDIA_MADRE;provincia;teramo;2021;32.8
ISTATP_ETA_MEDIA_MADRE;provincia;teramo;2022;32.6
ISTATP_ETA_MEDIA_MADRE;provincia;teramo;2023;32.7
ISTATP_ETA_MEDIA_MADRE;provincia;teramo;2024;32.6
ISTATP_ETA_MEDIA_MADRE;provincia;teramo;2025;32.9
ISTATP_ETA_MEDIA_MADRE;provincia;terni;2015;31.8
ISTATP_ETA_MEDIA_MADRE;provincia;terni;2016;31.7
ISTATP_ETA_MEDIA_MADRE;provincia;terni;2017;32
ISTATP_ETA_MEDIA_MADRE;provincia;terni;2018;31.7
ISTATP_ETA_MEDIA_MADRE;provincia;terni;2019;32.2
ISTATP_ETA_MEDIA_MADRE;provincia;terni;2020;32.5
ISTATP_ETA_MEDIA_MADRE;provincia;terni;2021;32.5
ISTATP_ETA_MEDIA_MADRE;provincia;terni;2022;32.3
ISTATP_ETA_MEDIA_MADRE;provincia;terni;2023;32.7
ISTATP_ETA_MEDIA_MADRE;provincia;terni;2024;32.9
ISTATP_ETA_MEDIA_MADRE;provincia;terni;2025;32.9
ISTATP_ETA_MEDIA_MADRE;provincia;torino;2015;32
ISTATP_ETA_MEDIA_MADRE;provincia;torino;2016;32
ISTATP_ETA_MEDIA_MADRE;provincia;torino;2017;32.1
ISTATP_ETA_MEDIA_MADRE;provincia;torino;2018;32.2
ISTATP_ETA_MEDIA_MADRE;provincia;torino;2019;32.4
ISTATP_ETA_MEDIA_MADRE;provincia;torino;2020;32.5
ISTATP_ETA_MEDIA_MADRE;provincia;torino;2021;32.6
ISTATP_ETA_MEDIA_MADRE;provincia;torino;2022;32.8
ISTATP_ETA_MEDIA_MADRE;provincia;torino;2023;32.8
ISTATP_ETA_MEDIA_MADRE;provincia;torino;2024;33
ISTATP_ETA_MEDIA_MADRE;provincia;torino;2025;33.2
ISTATP_ETA_MEDIA_MADRE;provincia;trapani;2015;31.3
ISTATP_ETA_MEDIA_MADRE;provincia;trapani;2016;31.2
ISTATP_ETA_MEDIA_MADRE;provincia;trapani;2017;31.5
ISTATP_ETA_MEDIA_MADRE;provincia;trapani;2018;31.6
ISTATP_ETA_MEDIA_MADRE;provincia;trapani;2019;31.5
ISTATP_ETA_MEDIA_MADRE;provincia;trapani;2020;31.7
ISTATP_ETA_MEDIA_MADRE;provincia;trapani;2021;32
ISTATP_ETA_MEDIA_MADRE;provincia;trapani;2022;31.9
ISTATP_ETA_MEDIA_MADRE;provincia;trapani;2023;32
ISTATP_ETA_MEDIA_MADRE;provincia;trapani;2024;31.9
ISTATP_ETA_MEDIA_MADRE;provincia;trapani;2025;32.1
ISTATP_ETA_MEDIA_MADRE;provincia;trento;2015;31.7
ISTATP_ETA_MEDIA_MADRE;provincia;trento;2016;31.9
ISTATP_ETA_MEDIA_MADRE;provincia;trento;2017;32
ISTATP_ETA_MEDIA_MADRE;provincia;trento;2018;32.1
ISTATP_ETA_MEDIA_MADRE;provincia;trento;2019;32.3
ISTATP_ETA_MEDIA_MADRE;provincia;trento;2020;32.2
ISTATP_ETA_MEDIA_MADRE;provincia;trento;2021;32.4
ISTATP_ETA_MEDIA_MADRE;provincia;trento;2022;32.5
ISTATP_ETA_MEDIA_MADRE;provincia;trento;2023;32.6
ISTATP_ETA_MEDIA_MADRE;provincia;trento;2024;32.7
ISTATP_ETA_MEDIA_MADRE;provincia;trento;2025;32.6
ISTATP_ETA_MEDIA_MADRE;provincia;treviso;2015;31.9
ISTATP_ETA_MEDIA_MADRE;provincia;treviso;2016;31.9
ISTATP_ETA_MEDIA_MADRE;provincia;treviso;2017;32.1
ISTATP_ETA_MEDIA_MADRE;provincia;treviso;2018;32.1
ISTATP_ETA_MEDIA_MADRE;provincia;treviso;2019;32.3
ISTATP_ETA_MEDIA_MADRE;provincia;treviso;2020;32.1
ISTATP_ETA_MEDIA_MADRE;provincia;treviso;2021;32.4
ISTATP_ETA_MEDIA_MADRE;provincia;treviso;2022;32.4
ISTATP_ETA_MEDIA_MADRE;provincia;treviso;2023;32.6
ISTATP_ETA_MEDIA_MADRE;provincia;treviso;2024;32.6
ISTATP_ETA_MEDIA_MADRE;provincia;treviso;2025;32.7
ISTATP_ETA_MEDIA_MADRE;provincia;trieste;2015;32.3
ISTATP_ETA_MEDIA_MADRE;provincia;trieste;2016;32.1
ISTATP_ETA_MEDIA_MADRE;provincia;trieste;2017;32.2
ISTATP_ETA_MEDIA_MADRE;provincia;trieste;2018;32.6
ISTATP_ETA_MEDIA_MADRE;provincia;trieste;2019;32.6
ISTATP_ETA_MEDIA_MADRE;provincia;trieste;2020;32.6
ISTATP_ETA_MEDIA_MADRE;provincia;trieste;2021;32.7
ISTATP_ETA_MEDIA_MADRE;provincia;trieste;2022;32.8
ISTATP_ETA_MEDIA_MADRE;provincia;trieste;2023;32.7
ISTATP_ETA_MEDIA_MADRE;provincia;trieste;2024;32.7
ISTATP_ETA_MEDIA_MADRE;provincia;trieste;2025;33.4
ISTATP_ETA_MEDIA_MADRE;provincia;udine;2015;31.8
ISTATP_ETA_MEDIA_MADRE;provincia;udine;2016;32
ISTATP_ETA_MEDIA_MADRE;provincia;udine;2017;32
ISTATP_ETA_MEDIA_MADRE;provincia;udine;2018;32.3
ISTATP_ETA_MEDIA_MADRE;provincia;udine;2019;32.4
ISTATP_ETA_MEDIA_MADRE;provincia;udine;2020;32.3
ISTATP_ETA_MEDIA_MADRE;provincia;udine;2021;32.4
ISTATP_ETA_MEDIA_MADRE;provincia;udine;2022;32.7
ISTATP_ETA_MEDIA_MADRE;provincia;udine;2023;32.5
ISTATP_ETA_MEDIA_MADRE;provincia;udine;2024;32.8
ISTATP_ETA_MEDIA_MADRE;provincia;udine;2025;33
ISTATP_ETA_MEDIA_MADRE;provincia;varese;2015;31.9
ISTATP_ETA_MEDIA_MADRE;provincia;varese;2016;32
ISTATP_ETA_MEDIA_MADRE;provincia;varese;2017;32.1
ISTATP_ETA_MEDIA_MADRE;provincia;varese;2018;32.2
ISTATP_ETA_MEDIA_MADRE;provincia;varese;2019;32.3
ISTATP_ETA_MEDIA_MADRE;provincia;varese;2020;32.4
ISTATP_ETA_MEDIA_MADRE;provincia;varese;2021;32.5
ISTATP_ETA_MEDIA_MADRE;provincia;varese;2022;32.6
ISTATP_ETA_MEDIA_MADRE;provincia;varese;2023;32.7
ISTATP_ETA_MEDIA_MADRE;provincia;varese;2024;32.8
ISTATP_ETA_MEDIA_MADRE;provincia;varese;2025;32.8
ISTATP_ETA_MEDIA_MADRE;provincia;venezia;2015;31.9
ISTATP_ETA_MEDIA_MADRE;provincia;venezia;2016;31.9
ISTATP_ETA_MEDIA_MADRE;provincia;venezia;2017;32.1
ISTATP_ETA_MEDIA_MADRE;provincia;venezia;2018;32.1
ISTATP_ETA_MEDIA_MADRE;provincia;venezia;2019;32.2
ISTATP_ETA_MEDIA_MADRE;provincia;venezia;2020;32.2
ISTATP_ETA_MEDIA_MADRE;provincia;venezia;2021;32.4
ISTATP_ETA_MEDIA_MADRE;provincia;venezia;2022;32.4
ISTATP_ETA_MEDIA_MADRE;provincia;venezia;2023;32.5
ISTATP_ETA_MEDIA_MADRE;provincia;venezia;2024;32.4
ISTATP_ETA_MEDIA_MADRE;provincia;venezia;2025;32.6
ISTATP_ETA_MEDIA_MADRE;provincia;verbano-cusio-ossola;2015;31.7
ISTATP_ETA_MEDIA_MADRE;provincia;verbano-cusio-ossola;2016;31.9
ISTATP_ETA_MEDIA_MADRE;provincia;verbano-cusio-ossola;2017;32
ISTATP_ETA_MEDIA_MADRE;provincia;verbano-cusio-ossola;2018;32.3
ISTATP_ETA_MEDIA_MADRE;provincia;verbano-cusio-ossola;2019;32.2
ISTATP_ETA_MEDIA_MADRE;provincia;verbano-cusio-ossola;2020;32
ISTATP_ETA_MEDIA_MADRE;provincia;verbano-cusio-ossola;2021;32.5
ISTATP_ETA_MEDIA_MADRE;provincia;verbano-cusio-ossola;2022;32.6
ISTATP_ETA_MEDIA_MADRE;provincia;verbano-cusio-ossola;2023;32.7
ISTATP_ETA_MEDIA_MADRE;provincia;verbano-cusio-ossola;2024;32.4
ISTATP_ETA_MEDIA_MADRE;provincia;verbano-cusio-ossola;2025;33
ISTATP_ETA_MEDIA_MADRE;provincia;vercelli;2015;31.3
ISTATP_ETA_MEDIA_MADRE;provincia;vercelli;2016;31.5
ISTATP_ETA_MEDIA_MADRE;provincia;vercelli;2017;31.3
ISTATP_ETA_MEDIA_MADRE;provincia;vercelli;2018;31.7
ISTATP_ETA_MEDIA_MADRE;provincia;vercelli;2019;31.9
ISTATP_ETA_MEDIA_MADRE;provincia;vercelli;2020;31.8
ISTATP_ETA_MEDIA_MADRE;provincia;vercelli;2021;31.9
ISTATP_ETA_MEDIA_MADRE;provincia;vercelli;2022;31.8
ISTATP_ETA_MEDIA_MADRE;provincia;vercelli;2023;32
ISTATP_ETA_MEDIA_MADRE;provincia;vercelli;2024;32.2
ISTATP_ETA_MEDIA_MADRE;provincia;vercelli;2025;32
ISTATP_ETA_MEDIA_MADRE;provincia;verona;2015;31.7
ISTATP_ETA_MEDIA_MADRE;provincia;verona;2016;31.8
ISTATP_ETA_MEDIA_MADRE;provincia;verona;2017;32
ISTATP_ETA_MEDIA_MADRE;provincia;verona;2018;32
ISTATP_ETA_MEDIA_MADRE;provincia;verona;2019;32.2
ISTATP_ETA_MEDIA_MADRE;provincia;verona;2020;32.3
ISTATP_ETA_MEDIA_MADRE;provincia;verona;2021;32.5
ISTATP_ETA_MEDIA_MADRE;provincia;verona;2022;32.5
ISTATP_ETA_MEDIA_MADRE;provincia;verona;2023;32.7
ISTATP_ETA_MEDIA_MADRE;provincia;verona;2024;32.8
ISTATP_ETA_MEDIA_MADRE;provincia;verona;2025;32.9
ISTATP_ETA_MEDIA_MADRE;provincia;vibo-valentia;2015;31.4
ISTATP_ETA_MEDIA_MADRE;provincia;vibo-valentia;2016;31.7
ISTATP_ETA_MEDIA_MADRE;provincia;vibo-valentia;2017;31
ISTATP_ETA_MEDIA_MADRE;provincia;vibo-valentia;2018;31.5
ISTATP_ETA_MEDIA_MADRE;provincia;vibo-valentia;2019;32
ISTATP_ETA_MEDIA_MADRE;provincia;vibo-valentia;2020;31.8
ISTATP_ETA_MEDIA_MADRE;provincia;vibo-valentia;2021;32
ISTATP_ETA_MEDIA_MADRE;provincia;vibo-valentia;2022;32.1
ISTATP_ETA_MEDIA_MADRE;provincia;vibo-valentia;2023;32.3
ISTATP_ETA_MEDIA_MADRE;provincia;vibo-valentia;2024;32.4
ISTATP_ETA_MEDIA_MADRE;provincia;vibo-valentia;2025;32.6
ISTATP_ETA_MEDIA_MADRE;provincia;vicenza;2015;31.8
ISTATP_ETA_MEDIA_MADRE;provincia;vicenza;2016;32
ISTATP_ETA_MEDIA_MADRE;provincia;vicenza;2017;32.1
ISTATP_ETA_MEDIA_MADRE;provincia;vicenza;2018;32.2
ISTATP_ETA_MEDIA_MADRE;provincia;vicenza;2019;32.1
ISTATP_ETA_MEDIA_MADRE;provincia;vicenza;2020;32.3
ISTATP_ETA_MEDIA_MADRE;provincia;vicenza;2021;32.5
ISTATP_ETA_MEDIA_MADRE;provincia;vicenza;2022;32.6
ISTATP_ETA_MEDIA_MADRE;provincia;vicenza;2023;32.6
ISTATP_ETA_MEDIA_MADRE;provincia;vicenza;2024;32.6
ISTATP_ETA_MEDIA_MADRE;provincia;vicenza;2025;32.8
ISTATP_ETA_MEDIA_MADRE;provincia;viterbo;2015;31.8
ISTATP_ETA_MEDIA_MADRE;provincia;viterbo;2016;32
ISTATP_ETA_MEDIA_MADRE;provincia;viterbo;2017;32.2
ISTATP_ETA_MEDIA_MADRE;provincia;viterbo;2018;32.1
ISTATP_ETA_MEDIA_MADRE;provincia;viterbo;2019;32
ISTATP_ETA_MEDIA_MADRE;provincia;viterbo;2020;32.4
ISTATP_ETA_MEDIA_MADRE;provincia;viterbo;2021;32.4
ISTATP_ETA_MEDIA_MADRE;provincia;viterbo;2022;32.8
ISTATP_ETA_MEDIA_MADRE;provincia;viterbo;2023;32.7
ISTATP_ETA_MEDIA_MADRE;provincia;viterbo;2024;32.9
ISTATP_ETA_MEDIA_MADRE;provincia;viterbo;2025;32.8
ISTATP_ETA_MEDIA_MADRE;regione;abruzzo;2015;32
ISTATP_ETA_MEDIA_MADRE;regione;abruzzo;2016;32.2
ISTATP_ETA_MEDIA_MADRE;regione;abruzzo;2017;32.2
ISTATP_ETA_MEDIA_MADRE;regione;abruzzo;2018;32.3
ISTATP_ETA_MEDIA_MADRE;regione;abruzzo;2019;32.5
ISTATP_ETA_MEDIA_MADRE;regione;abruzzo;2020;32.5
ISTATP_ETA_MEDIA_MADRE;regione;abruzzo;2021;32.6
ISTATP_ETA_MEDIA_MADRE;regione;abruzzo;2022;32.7
ISTATP_ETA_MEDIA_MADRE;regione;abruzzo;2023;32.7
ISTATP_ETA_MEDIA_MADRE;regione;abruzzo;2024;32.8
ISTATP_ETA_MEDIA_MADRE;regione;abruzzo;2025;32.9
ISTATP_ETA_MEDIA_MADRE;regione;basilicata;2015;32.2
ISTATP_ETA_MEDIA_MADRE;regione;basilicata;2016;32.5
ISTATP_ETA_MEDIA_MADRE;regione;basilicata;2017;32.7
ISTATP_ETA_MEDIA_MADRE;regione;basilicata;2018;32.5
ISTATP_ETA_MEDIA_MADRE;regione;basilicata;2019;32.8
ISTATP_ETA_MEDIA_MADRE;regione;basilicata;2020;33
ISTATP_ETA_MEDIA_MADRE;regione;basilicata;2021;33
ISTATP_ETA_MEDIA_MADRE;regione;basilicata;2022;33.1
ISTATP_ETA_MEDIA_MADRE;regione;basilicata;2023;33.1
ISTATP_ETA_MEDIA_MADRE;regione;basilicata;2024;33.2
ISTATP_ETA_MEDIA_MADRE;regione;basilicata;2025;33.6
ISTATP_ETA_MEDIA_MADRE;regione;calabria;2015;31.5
ISTATP_ETA_MEDIA_MADRE;regione;calabria;2016;31.6
ISTATP_ETA_MEDIA_MADRE;regione;calabria;2017;31.6
ISTATP_ETA_MEDIA_MADRE;regione;calabria;2018;31.8
ISTATP_ETA_MEDIA_MADRE;regione;calabria;2019;31.9
ISTATP_ETA_MEDIA_MADRE;regione;calabria;2020;32
ISTATP_ETA_MEDIA_MADRE;regione;calabria;2021;32.2
ISTATP_ETA_MEDIA_MADRE;regione;calabria;2022;32.1
ISTATP_ETA_MEDIA_MADRE;regione;calabria;2023;32.3
ISTATP_ETA_MEDIA_MADRE;regione;calabria;2024;32.5
ISTATP_ETA_MEDIA_MADRE;regione;calabria;2025;32.4
ISTATP_ETA_MEDIA_MADRE;regione;campania;2015;31.2
ISTATP_ETA_MEDIA_MADRE;regione;campania;2016;31.3
ISTATP_ETA_MEDIA_MADRE;regione;campania;2017;31.5
ISTATP_ETA_MEDIA_MADRE;regione;campania;2018;31.6
ISTATP_ETA_MEDIA_MADRE;regione;campania;2019;31.7
ISTATP_ETA_MEDIA_MADRE;regione;campania;2020;31.7
ISTATP_ETA_MEDIA_MADRE;regione;campania;2021;32
ISTATP_ETA_MEDIA_MADRE;regione;campania;2022;32
ISTATP_ETA_MEDIA_MADRE;regione;campania;2023;32.1
ISTATP_ETA_MEDIA_MADRE;regione;campania;2024;32.3
ISTATP_ETA_MEDIA_MADRE;regione;campania;2025;32.4
ISTATP_ETA_MEDIA_MADRE;regione;emilia-romagna;2015;31.6
ISTATP_ETA_MEDIA_MADRE;regione;emilia-romagna;2016;31.6
ISTATP_ETA_MEDIA_MADRE;regione;emilia-romagna;2017;31.8
ISTATP_ETA_MEDIA_MADRE;regione;emilia-romagna;2018;31.9
ISTATP_ETA_MEDIA_MADRE;regione;emilia-romagna;2019;31.9
ISTATP_ETA_MEDIA_MADRE;regione;emilia-romagna;2020;32.1
ISTATP_ETA_MEDIA_MADRE;regione;emilia-romagna;2021;32.3
ISTATP_ETA_MEDIA_MADRE;regione;emilia-romagna;2022;32.4
ISTATP_ETA_MEDIA_MADRE;regione;emilia-romagna;2023;32.5
ISTATP_ETA_MEDIA_MADRE;regione;emilia-romagna;2024;32.6
ISTATP_ETA_MEDIA_MADRE;regione;emilia-romagna;2025;32.7
ISTATP_ETA_MEDIA_MADRE;regione;friuli-venezia-giulia;2015;31.8
ISTATP_ETA_MEDIA_MADRE;regione;friuli-venezia-giulia;2016;32
ISTATP_ETA_MEDIA_MADRE;regione;friuli-venezia-giulia;2017;31.9
ISTATP_ETA_MEDIA_MADRE;regione;friuli-venezia-giulia;2018;32.2
ISTATP_ETA_MEDIA_MADRE;regione;friuli-venezia-giulia;2019;32.2
ISTATP_ETA_MEDIA_MADRE;regione;friuli-venezia-giulia;2020;32.1
ISTATP_ETA_MEDIA_MADRE;regione;friuli-venezia-giulia;2021;32.3
ISTATP_ETA_MEDIA_MADRE;regione;friuli-venezia-giulia;2022;32.4
ISTATP_ETA_MEDIA_MADRE;regione;friuli-venezia-giulia;2023;32.4
ISTATP_ETA_MEDIA_MADRE;regione;friuli-venezia-giulia;2024;32.6
ISTATP_ETA_MEDIA_MADRE;regione;friuli-venezia-giulia;2025;32.8
ISTATP_ETA_MEDIA_MADRE;regione;lazio;2015;32.1
ISTATP_ETA_MEDIA_MADRE;regione;lazio;2016;32.3
ISTATP_ETA_MEDIA_MADRE;regione;lazio;2017;32.4
ISTATP_ETA_MEDIA_MADRE;regione;lazio;2018;32.5
ISTATP_ETA_MEDIA_MADRE;regione;lazio;2019;32.6
ISTATP_ETA_MEDIA_MADRE;regione;lazio;2020;32.7
ISTATP_ETA_MEDIA_MADRE;regione;lazio;2021;32.9
ISTATP_ETA_MEDIA_MADRE;regione;lazio;2022;33
ISTATP_ETA_MEDIA_MADRE;regione;lazio;2023;33
ISTATP_ETA_MEDIA_MADRE;regione;lazio;2024;33.2
ISTATP_ETA_MEDIA_MADRE;regione;lazio;2025;33.2
ISTATP_ETA_MEDIA_MADRE;regione;liguria;2015;31.8
ISTATP_ETA_MEDIA_MADRE;regione;liguria;2016;31.9
ISTATP_ETA_MEDIA_MADRE;regione;liguria;2017;32
ISTATP_ETA_MEDIA_MADRE;regione;liguria;2018;31.9
ISTATP_ETA_MEDIA_MADRE;regione;liguria;2019;32.2
ISTATP_ETA_MEDIA_MADRE;regione;liguria;2020;32.2
ISTATP_ETA_MEDIA_MADRE;regione;liguria;2021;32.4
ISTATP_ETA_MEDIA_MADRE;regione;liguria;2022;32.4
ISTATP_ETA_MEDIA_MADRE;regione;liguria;2023;32.6
ISTATP_ETA_MEDIA_MADRE;regione;liguria;2024;32.5
ISTATP_ETA_MEDIA_MADRE;regione;liguria;2025;32.7
ISTATP_ETA_MEDIA_MADRE;regione;lombardia;2015;31.8
ISTATP_ETA_MEDIA_MADRE;regione;lombardia;2016;31.9
ISTATP_ETA_MEDIA_MADRE;regione;lombardia;2017;32
ISTATP_ETA_MEDIA_MADRE;regione;lombardia;2018;32.1
ISTATP_ETA_MEDIA_MADRE;regione;lombardia;2019;32.2
ISTATP_ETA_MEDIA_MADRE;regione;lombardia;2020;32.3
ISTATP_ETA_MEDIA_MADRE;regione;lombardia;2021;32.6
ISTATP_ETA_MEDIA_MADRE;regione;lombardia;2022;32.7
ISTATP_ETA_MEDIA_MADRE;regione;lombardia;2023;32.7
ISTATP_ETA_MEDIA_MADRE;regione;lombardia;2024;32.8
ISTATP_ETA_MEDIA_MADRE;regione;lombardia;2025;32.9
ISTATP_ETA_MEDIA_MADRE;regione;marche;2015;31.9
ISTATP_ETA_MEDIA_MADRE;regione;marche;2016;32
ISTATP_ETA_MEDIA_MADRE;regione;marche;2017;32.1
ISTATP_ETA_MEDIA_MADRE;regione;marche;2018;32.3
ISTATP_ETA_MEDIA_MADRE;regione;marche;2019;32.4
ISTATP_ETA_MEDIA_MADRE;regione;marche;2020;32.5
ISTATP_ETA_MEDIA_MADRE;regione;marche;2021;32.6
ISTATP_ETA_MEDIA_MADRE;regione;marche;2022;32.6
ISTATP_ETA_MEDIA_MADRE;regione;marche;2023;32.8
ISTATP_ETA_MEDIA_MADRE;regione;marche;2024;32.7
ISTATP_ETA_MEDIA_MADRE;regione;marche;2025;32.9
ISTATP_ETA_MEDIA_MADRE;regione;molise;2015;32.3
ISTATP_ETA_MEDIA_MADRE;regione;molise;2016;32.2
ISTATP_ETA_MEDIA_MADRE;regione;molise;2017;32.5
ISTATP_ETA_MEDIA_MADRE;regione;molise;2018;32.4
ISTATP_ETA_MEDIA_MADRE;regione;molise;2019;32.6
ISTATP_ETA_MEDIA_MADRE;regione;molise;2020;32.7
ISTATP_ETA_MEDIA_MADRE;regione;molise;2021;32.8
ISTATP_ETA_MEDIA_MADRE;regione;molise;2022;32.8
ISTATP_ETA_MEDIA_MADRE;regione;molise;2023;32.9
ISTATP_ETA_MEDIA_MADRE;regione;molise;2024;33.1
ISTATP_ETA_MEDIA_MADRE;regione;molise;2025;33.1
ISTATP_ETA_MEDIA_MADRE;regione;piemonte;2015;31.7
ISTATP_ETA_MEDIA_MADRE;regione;piemonte;2016;31.8
ISTATP_ETA_MEDIA_MADRE;regione;piemonte;2017;31.8
ISTATP_ETA_MEDIA_MADRE;regione;piemonte;2018;31.9
ISTATP_ETA_MEDIA_MADRE;regione;piemonte;2019;32.1
ISTATP_ETA_MEDIA_MADRE;regione;piemonte;2020;32.2
ISTATP_ETA_MEDIA_MADRE;regione;piemonte;2021;32.3
ISTATP_ETA_MEDIA_MADRE;regione;piemonte;2022;32.4
ISTATP_ETA_MEDIA_MADRE;regione;piemonte;2023;32.5
ISTATP_ETA_MEDIA_MADRE;regione;piemonte;2024;32.6
ISTATP_ETA_MEDIA_MADRE;regione;piemonte;2025;32.8
ISTATP_ETA_MEDIA_MADRE;regione;puglia;2015;31.6
ISTATP_ETA_MEDIA_MADRE;regione;puglia;2016;31.7
ISTATP_ETA_MEDIA_MADRE;regione;puglia;2017;31.8
ISTATP_ETA_MEDIA_MADRE;regione;puglia;2018;31.9
ISTATP_ETA_MEDIA_MADRE;regione;puglia;2019;32
ISTATP_ETA_MEDIA_MADRE;regione;puglia;2020;32.1
ISTATP_ETA_MEDIA_MADRE;regione;puglia;2021;32.2
ISTATP_ETA_MEDIA_MADRE;regione;puglia;2022;32.3
ISTATP_ETA_MEDIA_MADRE;regione;puglia;2023;32.5
ISTATP_ETA_MEDIA_MADRE;regione;puglia;2024;32.5
ISTATP_ETA_MEDIA_MADRE;regione;puglia;2025;32.6
ISTATP_ETA_MEDIA_MADRE;regione;sardegna;2015;32.3
ISTATP_ETA_MEDIA_MADRE;regione;sardegna;2016;32.5
ISTATP_ETA_MEDIA_MADRE;regione;sardegna;2017;32.5
ISTATP_ETA_MEDIA_MADRE;regione;sardegna;2018;32.5
ISTATP_ETA_MEDIA_MADRE;regione;sardegna;2019;32.8
ISTATP_ETA_MEDIA_MADRE;regione;sardegna;2020;32.8
ISTATP_ETA_MEDIA_MADRE;regione;sardegna;2021;33
ISTATP_ETA_MEDIA_MADRE;regione;sardegna;2022;32.9
ISTATP_ETA_MEDIA_MADRE;regione;sardegna;2023;33.2
ISTATP_ETA_MEDIA_MADRE;regione;sardegna;2024;33.2
ISTATP_ETA_MEDIA_MADRE;regione;sardegna;2025;33.2
ISTATP_ETA_MEDIA_MADRE;regione;sicilia;2015;30.9
ISTATP_ETA_MEDIA_MADRE;regione;sicilia;2016;31
ISTATP_ETA_MEDIA_MADRE;regione;sicilia;2017;31.1
ISTATP_ETA_MEDIA_MADRE;regione;sicilia;2018;31.2
ISTATP_ETA_MEDIA_MADRE;regione;sicilia;2019;31.4
ISTATP_ETA_MEDIA_MADRE;regione;sicilia;2020;31.3
ISTATP_ETA_MEDIA_MADRE;regione;sicilia;2021;31.4
ISTATP_ETA_MEDIA_MADRE;regione;sicilia;2022;31.4
ISTATP_ETA_MEDIA_MADRE;regione;sicilia;2023;31.6
ISTATP_ETA_MEDIA_MADRE;regione;sicilia;2024;31.7
ISTATP_ETA_MEDIA_MADRE;regione;sicilia;2025;31.8
ISTATP_ETA_MEDIA_MADRE;regione;toscana;2015;31.9
ISTATP_ETA_MEDIA_MADRE;regione;toscana;2016;31.9
ISTATP_ETA_MEDIA_MADRE;regione;toscana;2017;32.1
ISTATP_ETA_MEDIA_MADRE;regione;toscana;2018;32.1
ISTATP_ETA_MEDIA_MADRE;regione;toscana;2019;32.4
ISTATP_ETA_MEDIA_MADRE;regione;toscana;2020;32.5
ISTATP_ETA_MEDIA_MADRE;regione;toscana;2021;32.7
ISTATP_ETA_MEDIA_MADRE;regione;toscana;2022;32.8
ISTATP_ETA_MEDIA_MADRE;regione;toscana;2023;32.8
ISTATP_ETA_MEDIA_MADRE;regione;toscana;2024;32.9
ISTATP_ETA_MEDIA_MADRE;regione;toscana;2025;33
ISTATP_ETA_MEDIA_MADRE;regione;trentino-alto-adige;2015;31.7
ISTATP_ETA_MEDIA_MADRE;regione;trentino-alto-adige;2016;31.7
ISTATP_ETA_MEDIA_MADRE;regione;trentino-alto-adige;2017;31.9
ISTATP_ETA_MEDIA_MADRE;regione;trentino-alto-adige;2018;31.9
ISTATP_ETA_MEDIA_MADRE;regione;trentino-alto-adige;2019;32
ISTATP_ETA_MEDIA_MADRE;regione;trentino-alto-adige;2020;32
ISTATP_ETA_MEDIA_MADRE;regione;trentino-alto-adige;2021;32.1
ISTATP_ETA_MEDIA_MADRE;regione;trentino-alto-adige;2022;32.1
ISTATP_ETA_MEDIA_MADRE;regione;trentino-alto-adige;2023;32.2
ISTATP_ETA_MEDIA_MADRE;regione;trentino-alto-adige;2024;32.2
ISTATP_ETA_MEDIA_MADRE;regione;trentino-alto-adige;2025;32.3
ISTATP_ETA_MEDIA_MADRE;regione;umbria;2015;31.6
ISTATP_ETA_MEDIA_MADRE;regione;umbria;2016;31.8
ISTATP_ETA_MEDIA_MADRE;regione;umbria;2017;31.9
ISTATP_ETA_MEDIA_MADRE;regione;umbria;2018;31.9
ISTATP_ETA_MEDIA_MADRE;regione;umbria;2019;32.1
ISTATP_ETA_MEDIA_MADRE;regione;umbria;2020;32.3
ISTATP_ETA_MEDIA_MADRE;regione;umbria;2021;32.4
ISTATP_ETA_MEDIA_MADRE;regione;umbria;2022;32.4
ISTATP_ETA_MEDIA_MADRE;regione;umbria;2023;32.6
ISTATP_ETA_MEDIA_MADRE;regione;umbria;2024;32.8
ISTATP_ETA_MEDIA_MADRE;regione;umbria;2025;32.6
ISTATP_ETA_MEDIA_MADRE;regione;valle-d-aosta;2015;31.5
ISTATP_ETA_MEDIA_MADRE;regione;valle-d-aosta;2016;31.6
ISTATP_ETA_MEDIA_MADRE;regione;valle-d-aosta;2017;32.1
ISTATP_ETA_MEDIA_MADRE;regione;valle-d-aosta;2018;32
ISTATP_ETA_MEDIA_MADRE;regione;valle-d-aosta;2019;32.2
ISTATP_ETA_MEDIA_MADRE;regione;valle-d-aosta;2020;32.3
ISTATP_ETA_MEDIA_MADRE;regione;valle-d-aosta;2021;32.1
ISTATP_ETA_MEDIA_MADRE;regione;valle-d-aosta;2022;32.3
ISTATP_ETA_MEDIA_MADRE;regione;valle-d-aosta;2023;32.5
ISTATP_ETA_MEDIA_MADRE;regione;valle-d-aosta;2024;32.2
ISTATP_ETA_MEDIA_MADRE;regione;valle-d-aosta;2025;32.4
ISTATP_ETA_MEDIA_MADRE;regione;veneto;2015;31.9
ISTATP_ETA_MEDIA_MADRE;regione;veneto;2016;32
ISTATP_ETA_MEDIA_MADRE;regione;veneto;2017;32.1
ISTATP_ETA_MEDIA_MADRE;regione;veneto;2018;32.2
ISTATP_ETA_MEDIA_MADRE;regione;veneto;2019;32.3
ISTATP_ETA_MEDIA_MADRE;regione;veneto;2020;32.3
ISTATP_ETA_MEDIA_MADRE;regione;veneto;2021;32.5
ISTATP_ETA_MEDIA_MADRE;regione;veneto;2022;32.5
ISTATP_ETA_MEDIA_MADRE;regione;veneto;2023;32.7
ISTATP_ETA_MEDIA_MADRE;regione;veneto;2024;32.7
ISTATP_ETA_MEDIA_MADRE;regione;veneto;2025;32.8
ISTATP_NATALITA;provincia;agrigento;2015;7.7
ISTATP_NATALITA;provincia;agrigento;2016;7.6
ISTATP_NATALITA;provincia;agrigento;2017;7.8
ISTATP_NATALITA;provincia;agrigento;2018;7.6
ISTATP_NATALITA;provincia;agrigento;2019;7.2
ISTATP_NATALITA;provincia;agrigento;2020;7.2
ISTATP_NATALITA;provincia;agrigento;2021;7.2
ISTATP_NATALITA;provincia;agrigento;2022;7.5
ISTATP_NATALITA;provincia;agrigento;2023;7.2
ISTATP_NATALITA;provincia;agrigento;2024;7.3
ISTATP_NATALITA;provincia;agrigento;2025;6.7
ISTATP_NATALITA;provincia;alessandria;2015;6.6
ISTATP_NATALITA;provincia;alessandria;2016;6.5
ISTATP_NATALITA;provincia;alessandria;2017;6.2
ISTATP_NATALITA;provincia;alessandria;2018;5.9
ISTATP_NATALITA;provincia;alessandria;2019;5.6
ISTATP_NATALITA;provincia;alessandria;2020;5.4
ISTATP_NATALITA;provincia;alessandria;2021;5.3
ISTATP_NATALITA;provincia;alessandria;2022;5.6
ISTATP_NATALITA;provincia;alessandria;2023;5.4
ISTATP_NATALITA;provincia;alessandria;2024;5.1
ISTATP_NATALITA;provincia;alessandria;2025;5.1
ISTATP_NATALITA;provincia;ancona;2015;7.7
ISTATP_NATALITA;provincia;ancona;2016;7.3
ISTATP_NATALITA;provincia;ancona;2017;6.9
ISTATP_NATALITA;provincia;ancona;2018;6.6
ISTATP_NATALITA;provincia;ancona;2019;6.3
ISTATP_NATALITA;provincia;ancona;2020;6.2
ISTATP_NATALITA;provincia;ancona;2021;6.1
ISTATP_NATALITA;provincia;ancona;2022;5.7
ISTATP_NATALITA;provincia;ancona;2023;5.9
ISTATP_NATALITA;provincia;ancona;2024;5.5
ISTATP_NATALITA;provincia;ancona;2025;5.7
ISTATP_NATALITA;provincia;aosta;2015;7.7
ISTATP_NATALITA;provincia;aosta;2016;7.6
ISTATP_NATALITA;provincia;aosta;2017;7.2
ISTATP_NATALITA;provincia;aosta;2018;7.2
ISTATP_NATALITA;provincia;aosta;2019;6.7
ISTATP_NATALITA;provincia;aosta;2020;6.2
ISTATP_NATALITA;provincia;aosta;2021;6
ISTATP_NATALITA;provincia;aosta;2022;6.3
ISTATP_NATALITA;provincia;aosta;2023;5.8
ISTATP_NATALITA;provincia;aosta;2024;5.2
ISTATP_NATALITA;provincia;aosta;2025;5.5
ISTATP_NATALITA;provincia;arezzo;2015;7.2
ISTATP_NATALITA;provincia;arezzo;2016;7.3
ISTATP_NATALITA;provincia;arezzo;2017;7.1
ISTATP_NATALITA;provincia;arezzo;2018;6.5
ISTATP_NATALITA;provincia;arezzo;2019;6.5
ISTATP_NATALITA;provincia;arezzo;2020;6.4
ISTATP_NATALITA;provincia;arezzo;2021;6.5
ISTATP_NATALITA;provincia;arezzo;2022;6
ISTATP_NATALITA;provincia;arezzo;2023;5.8
ISTATP_NATALITA;provincia;arezzo;2024;6.1
ISTATP_NATALITA;provincia;arezzo;2025;5.7
ISTATP_NATALITA;provincia;ascoli-piceno;2015;7.2
ISTATP_NATALITA;provincia;ascoli-piceno;2016;7.2
ISTATP_NATALITA;provincia;ascoli-piceno;2017;6.5
ISTATP_NATALITA;provincia;ascoli-piceno;2018;6.3
ISTATP_NATALITA;provincia;ascoli-piceno;2019;6.1
ISTATP_NATALITA;provincia;ascoli-piceno;2020;6
ISTATP_NATALITA;provincia;ascoli-piceno;2021;5.9
ISTATP_NATALITA;provincia;ascoli-piceno;2022;5.9
ISTATP_NATALITA;provincia;ascoli-piceno;2023;5.9
ISTATP_NATALITA;provincia;ascoli-piceno;2024;5.6
ISTATP_NATALITA;provincia;ascoli-piceno;2025;5.6
ISTATP_NATALITA;provincia;asti;2015;7.3
ISTATP_NATALITA;provincia;asti;2016;7.2
ISTATP_NATALITA;provincia;asti;2017;7.1
ISTATP_NATALITA;provincia;asti;2018;6.3
ISTATP_NATALITA;provincia;asti;2019;6.3
ISTATP_NATALITA;provincia;asti;2020;5.9
ISTATP_NATALITA;provincia;asti;2021;6
ISTATP_NATALITA;provincia;asti;2022;5.9
ISTATP_NATALITA;provincia;asti;2023;5.7
ISTATP_NATALITA;provincia;asti;2024;5.9
ISTATP_NATALITA;provincia;asti;2025;5.3
ISTATP_NATALITA;provincia;avellino;2015;7.3
ISTATP_NATALITA;provincia;avellino;2016;7.4
ISTATP_NATALITA;provincia;avellino;2017;7.4
ISTATP_NATALITA;provincia;avellino;2018;6.9
ISTATP_NATALITA;provincia;avellino;2019;6.7
ISTATP_NATALITA;provincia;avellino;2020;6.4
ISTATP_NATALITA;provincia;avellino;2021;6.5
ISTATP_NATALITA;provincia;avellino;2022;6.5
ISTATP_NATALITA;provincia;avellino;2023;6.5
ISTATP_NATALITA;provincia;avellino;2024;6.1
ISTATP_NATALITA;provincia;avellino;2025;6
ISTATP_NATALITA;provincia;bari;2015;8
ISTATP_NATALITA;provincia;bari;2016;7.9
ISTATP_NATALITA;provincia;bari;2017;7.8
ISTATP_NATALITA;provincia;bari;2018;7.6
ISTATP_NATALITA;provincia;bari;2019;7.2
ISTATP_NATALITA;provincia;bari;2020;6.8
ISTATP_NATALITA;provincia;bari;2021;6.9
ISTATP_NATALITA;provincia;bari;2022;7
ISTATP_NATALITA;provincia;bari;2023;6.8
ISTATP_NATALITA;provincia;bari;2024;6.5
ISTATP_NATALITA;provincia;bari;2025;6.1
ISTATP_NATALITA;provincia;barletta-andria-trani;2015;8
ISTATP_NATALITA;provincia;barletta-andria-trani;2016;8.3
ISTATP_NATALITA;provincia;barletta-andria-trani;2017;8
ISTATP_NATALITA;provincia;barletta-andria-trani;2018;7.8
ISTATP_NATALITA;provincia;barletta-andria-trani;2019;7.5
ISTATP_NATALITA;provincia;barletta-andria-trani;2020;7.2
ISTATP_NATALITA;provincia;barletta-andria-trani;2021;7.5
ISTATP_NATALITA;provincia;barletta-andria-trani;2022;7.1
ISTATP_NATALITA;provincia;barletta-andria-trani;2023;7
ISTATP_NATALITA;provincia;barletta-andria-trani;2024;6.6
ISTATP_NATALITA;provincia;barletta-andria-trani;2025;6.6
ISTATP_NATALITA;provincia;belluno;2015;6.8
ISTATP_NATALITA;provincia;belluno;2016;6.5
ISTATP_NATALITA;provincia;belluno;2017;6.3
ISTATP_NATALITA;provincia;belluno;2018;6.3
ISTATP_NATALITA;provincia;belluno;2019;5.8
ISTATP_NATALITA;provincia;belluno;2020;6
ISTATP_NATALITA;provincia;belluno;2021;5.9
ISTATP_NATALITA;provincia;belluno;2022;5.7
ISTATP_NATALITA;provincia;belluno;2023;5.4
ISTATP_NATALITA;provincia;belluno;2024;5.4
ISTATP_NATALITA;provincia;belluno;2025;5.3
ISTATP_NATALITA;provincia;benevento;2015;7.3
ISTATP_NATALITA;provincia;benevento;2016;7.4
ISTATP_NATALITA;provincia;benevento;2017;7.4
ISTATP_NATALITA;provincia;benevento;2018;7
ISTATP_NATALITA;provincia;benevento;2019;7.1
ISTATP_NATALITA;provincia;benevento;2020;6.7
ISTATP_NATALITA;provincia;benevento;2021;6.3
ISTATP_NATALITA;provincia;benevento;2022;6.8
ISTATP_NATALITA;provincia;benevento;2023;6.4
ISTATP_NATALITA;provincia;benevento;2024;6.3
ISTATP_NATALITA;provincia;benevento;2025;5.9
ISTATP_NATALITA;provincia;bergamo;2015;8.6
ISTATP_NATALITA;provincia;bergamo;2016;8.6
ISTATP_NATALITA;provincia;bergamo;2017;8.3
ISTATP_NATALITA;provincia;bergamo;2018;7.7
ISTATP_NATALITA;provincia;bergamo;2019;7.5
ISTATP_NATALITA;provincia;bergamo;2020;6.9
ISTATP_NATALITA;provincia;bergamo;2021;7
ISTATP_NATALITA;provincia;bergamo;2022;6.8
ISTATP_NATALITA;provincia;bergamo;2023;6.6
ISTATP_NATALITA;provincia;bergamo;2024;6.6
ISTATP_NATALITA;provincia;bergamo;2025;6.4
ISTATP_NATALITA;provincia;biella;2015;5.9
ISTATP_NATALITA;provincia;biella;2016;6.1
ISTATP_NATALITA;provincia;biella;2017;5.6
ISTATP_NATALITA;provincia;biella;2018;5.4
ISTATP_NATALITA;provincia;biella;2019;5.3
ISTATP_NATALITA;provincia;biella;2020;5
ISTATP_NATALITA;provincia;biella;2021;5.2
ISTATP_NATALITA;provincia;biella;2022;4.9
ISTATP_NATALITA;provincia;biella;2023;5
ISTATP_NATALITA;provincia;biella;2024;4.7
ISTATP_NATALITA;provincia;biella;2025;4.7
ISTATP_NATALITA;provincia;bologna;2015;8.1
ISTATP_NATALITA;provincia;bologna;2016;7.8
ISTATP_NATALITA;provincia;bologna;2017;7.4
ISTATP_NATALITA;provincia;bologna;2018;7.4
ISTATP_NATALITA;provincia;bologna;2019;7
ISTATP_NATALITA;provincia;bologna;2020;6.8
ISTATP_NATALITA;provincia;bologna;2021;6.9
ISTATP_NATALITA;provincia;bologna;2022;6.7
ISTATP_NATALITA;provincia;bologna;2023;6.4
ISTATP_NATALITA;provincia;bologna;2024;6.5
ISTATP_NATALITA;provincia;bologna;2025;6.1
ISTATP_NATALITA;provincia;bolzano;2015;10.3
ISTATP_NATALITA;provincia;bolzano;2016;10.4
ISTATP_NATALITA;provincia;bolzano;2017;10.2
ISTATP_NATALITA;provincia;bolzano;2018;10
ISTATP_NATALITA;provincia;bolzano;2019;9.8
ISTATP_NATALITA;provincia;bolzano;2020;9.7
ISTATP_NATALITA;provincia;bolzano;2021;9.7
ISTATP_NATALITA;provincia;bolzano;2022;9.2
ISTATP_NATALITA;provincia;bolzano;2023;8.8
ISTATP_NATALITA;provincia;bolzano;2024;8.4
ISTATP_NATALITA;provincia;bolzano;2025;8.6
ISTATP_NATALITA;provincia;brescia;2015;8.8
ISTATP_NATALITA;provincia;brescia;2016;8.4
ISTATP_NATALITA;provincia;brescia;2017;8.1
ISTATP_NATALITA;provincia;brescia;2018;7.8
ISTATP_NATALITA;provincia;brescia;2019;7.5
ISTATP_NATALITA;provincia;brescia;2020;7.2
ISTATP_NATALITA;provincia;brescia;2021;7
ISTATP_NATALITA;provincia;brescia;2022;6.9
ISTATP_NATALITA;provincia;brescia;2023;6.8
ISTATP_NATALITA;provincia;brescia;2024;6.6
ISTATP_NATALITA;provincia;brescia;2025;6.4
ISTATP_NATALITA;provincia;brindisi;2015;7.3
ISTATP_NATALITA;provincia;brindisi;2016;7.2
ISTATP_NATALITA;provincia;brindisi;2017;6.9
ISTATP_NATALITA;provincia;brindisi;2018;6.8
ISTATP_NATALITA;provincia;brindisi;2019;6.3
ISTATP_NATALITA;provincia;brindisi;2020;6.5
ISTATP_NATALITA;provincia;brindisi;2021;6.3
ISTATP_NATALITA;provincia;brindisi;2022;6.6
ISTATP_NATALITA;provincia;brindisi;2023;6.2
ISTATP_NATALITA;provincia;brindisi;2024;6.2
ISTATP_NATALITA;provincia;brindisi;2025;5.4
ISTATP_NATALITA;provincia;cagliari;2015;7.1
ISTATP_NATALITA;provincia;cagliari;2016;6.7
ISTATP_NATALITA;provincia;cagliari;2017;6.2
ISTATP_NATALITA;provincia;cagliari;2018;5.6
ISTATP_NATALITA;provincia;cagliari;2019;5.5
ISTATP_NATALITA;provincia;cagliari;2020;5.1
ISTATP_NATALITA;provincia;cagliari;2021;5.1
ISTATP_NATALITA;provincia;cagliari;2022;4.9
ISTATP_NATALITA;provincia;cagliari;2023;4.5
ISTATP_NATALITA;provincia;cagliari;2024;4.3
ISTATP_NATALITA;provincia;cagliari;2025;3.8
ISTATP_NATALITA;provincia;caltanissetta;2015;8.5
ISTATP_NATALITA;provincia;caltanissetta;2016;8.2
ISTATP_NATALITA;provincia;caltanissetta;2017;7.6
ISTATP_NATALITA;provincia;caltanissetta;2018;7.7
ISTATP_NATALITA;provincia;caltanissetta;2019;7.1
ISTATP_NATALITA;provincia;caltanissetta;2020;7.2
ISTATP_NATALITA;provincia;caltanissetta;2021;7.1
ISTATP_NATALITA;provincia;caltanissetta;2022;7
ISTATP_NATALITA;provincia;caltanissetta;2023;7
ISTATP_NATALITA;provincia;caltanissetta;2024;6.7
ISTATP_NATALITA;provincia;caltanissetta;2025;6.3
ISTATP_NATALITA;provincia;campobasso;2015;6.9
ISTATP_NATALITA;provincia;campobasso;2016;6.7
ISTATP_NATALITA;provincia;campobasso;2017;6.8
ISTATP_NATALITA;provincia;campobasso;2018;6
ISTATP_NATALITA;provincia;campobasso;2019;6.2
ISTATP_NATALITA;provincia;campobasso;2020;5.8
ISTATP_NATALITA;provincia;campobasso;2021;5.7
ISTATP_NATALITA;provincia;campobasso;2022;5.6
ISTATP_NATALITA;provincia;campobasso;2023;5.7
ISTATP_NATALITA;provincia;campobasso;2024;5.4
ISTATP_NATALITA;provincia;campobasso;2025;5.2
ISTATP_NATALITA;provincia;caserta;2015;9.2
ISTATP_NATALITA;provincia;caserta;2016;9
ISTATP_NATALITA;provincia;caserta;2017;8.8
ISTATP_NATALITA;provincia;caserta;2018;8.7
ISTATP_NATALITA;provincia;caserta;2019;8.1
ISTATP_NATALITA;provincia;caserta;2020;8.3
ISTATP_NATALITA;provincia;caserta;2021;7.9
ISTATP_NATALITA;provincia;caserta;2022;8.4
ISTATP_NATALITA;provincia;caserta;2023;8.2
ISTATP_NATALITA;provincia;caserta;2024;7.7
ISTATP_NATALITA;provincia;caserta;2025;7.5
ISTATP_NATALITA;provincia;catania;2015;9.6
ISTATP_NATALITA;provincia;catania;2016;9.1
ISTATP_NATALITA;provincia;catania;2017;9.2
ISTATP_NATALITA;provincia;catania;2018;9.1
ISTATP_NATALITA;provincia;catania;2019;8.6
ISTATP_NATALITA;provincia;catania;2020;8.4
ISTATP_NATALITA;provincia;catania;2021;8.3
ISTATP_NATALITA;provincia;catania;2022;8.2
ISTATP_NATALITA;provincia;catania;2023;7.9
ISTATP_NATALITA;provincia;catania;2024;7.6
ISTATP_NATALITA;provincia;catania;2025;7.2
ISTATP_NATALITA;provincia;catanzaro;2015;8.3
ISTATP_NATALITA;provincia;catanzaro;2016;8.5
ISTATP_NATALITA;provincia;catanzaro;2017;8
ISTATP_NATALITA;provincia;catanzaro;2018;7.6
ISTATP_NATALITA;provincia;catanzaro;2019;7.4
ISTATP_NATALITA;provincia;catanzaro;2020;7.2
ISTATP_NATALITA;provincia;catanzaro;2021;7.1
ISTATP_NATALITA;provincia;catanzaro;2022;7
ISTATP_NATALITA;provincia;catanzaro;2023;6.8
ISTATP_NATALITA;provincia;catanzaro;2024;6.6
ISTATP_NATALITA;provincia;catanzaro;2025;6.1
ISTATP_NATALITA;provincia;chieti;2015;7.5
ISTATP_NATALITA;provincia;chieti;2016;7.4
ISTATP_NATALITA;provincia;chieti;2017;7
ISTATP_NATALITA;provincia;chieti;2018;6.7
ISTATP_NATALITA;provincia;chieti;2019;6.4
ISTATP_NATALITA;provincia;chieti;2020;6.1
ISTATP_NATALITA;provincia;chieti;2021;6.4
ISTATP_NATALITA;provincia;chieti;2022;6.1
ISTATP_NATALITA;provincia;chieti;2023;5.9
ISTATP_NATALITA;provincia;chieti;2024;5.7
ISTATP_NATALITA;provincia;chieti;2025;5.4
ISTATP_NATALITA;provincia;como;2015;8.4
ISTATP_NATALITA;provincia;como;2016;8.2
ISTATP_NATALITA;provincia;como;2017;7.6
ISTATP_NATALITA;provincia;como;2018;7.2
ISTATP_NATALITA;provincia;como;2019;7.1
ISTATP_NATALITA;provincia;como;2020;6.7
ISTATP_NATALITA;provincia;como;2021;6.6
ISTATP_NATALITA;provincia;como;2022;6.3
ISTATP_NATALITA;provincia;como;2023;6.3
ISTATP_NATALITA;provincia;como;2024;6.2
ISTATP_NATALITA;provincia;como;2025;5.9
ISTATP_NATALITA;provincia;cosenza;2015;8.1
ISTATP_NATALITA;provincia;cosenza;2016;8
ISTATP_NATALITA;provincia;cosenza;2017;7.7
ISTATP_NATALITA;provincia;cosenza;2018;7.5
ISTATP_NATALITA;provincia;cosenza;2019;7.3
ISTATP_NATALITA;provincia;cosenza;2020;7.1
ISTATP_NATALITA;provincia;cosenza;2021;6.8
ISTATP_NATALITA;provincia;cosenza;2022;6.9
ISTATP_NATALITA;provincia;cosenza;2023;6.8
ISTATP_NATALITA;provincia;cosenza;2024;6.3
ISTATP_NATALITA;provincia;cosenza;2025;6.1
ISTATP_NATALITA;provincia;cremona;2015;7.7
ISTATP_NATALITA;provincia;cremona;2016;7.3
ISTATP_NATALITA;provincia;cremona;2017;7.3
ISTATP_NATALITA;provincia;cremona;2018;7
ISTATP_NATALITA;provincia;cremona;2019;7
ISTATP_NATALITA;provincia;cremona;2020;6.6
ISTATP_NATALITA;provincia;cremona;2021;6.7
ISTATP_NATALITA;provincia;cremona;2022;6.3
ISTATP_NATALITA;provincia;cremona;2023;6.3
ISTATP_NATALITA;provincia;cremona;2024;6.3
ISTATP_NATALITA;provincia;cremona;2025;6.2
ISTATP_NATALITA;provincia;crotone;2015;9
ISTATP_NATALITA;provincia;crotone;2016;8.9
ISTATP_NATALITA;provincia;crotone;2017;8.7
ISTATP_NATALITA;provincia;crotone;2018;8.6
ISTATP_NATALITA;provincia;crotone;2019;8.3
ISTATP_NATALITA;provincia;crotone;2020;8.1
ISTATP_NATALITA;provincia;crotone;2021;7.8
ISTATP_NATALITA;provincia;crotone;2022;8.3
ISTATP_NATALITA;provincia;crotone;2023;7.7
ISTATP_NATALITA;provincia;crotone;2024;7.6
ISTATP_NATALITA;provincia;crotone;2025;6.8
ISTATP_NATALITA;provincia;cuneo;2015;8.3
ISTATP_NATALITA;provincia;cuneo;2016;8.2
ISTATP_NATALITA;provincia;cuneo;2017;8
ISTATP_NATALITA;provincia;cuneo;2018;7.6
ISTATP_NATALITA;provincia;cuneo;2019;7.4
ISTATP_NATALITA;provincia;cuneo;2020;7.2
ISTATP_NATALITA;provincia;cuneo;2021;7.3
ISTATP_NATALITA;provincia;cuneo;2022;6.8
ISTATP_NATALITA;provincia;cuneo;2023;6.8
ISTATP_NATALITA;provincia;cuneo;2024;6.6
ISTATP_NATALITA;provincia;cuneo;2025;6.5
ISTATP_NATALITA;provincia;enna;2015;7.6
ISTATP_NATALITA;provincia;enna;2016;7.2
ISTATP_NATALITA;provincia;enna;2017;7.4
ISTATP_NATALITA;provincia;enna;2018;7.1
ISTATP_NATALITA;provincia;enna;2019;6.6
ISTATP_NATALITA;provincia;enna;2020;6.4
ISTATP_NATALITA;provincia;enna;2021;6.6
ISTATP_NATALITA;provincia;enna;2022;6.5
ISTATP_NATALITA;provincia;enna;2023;6.6
ISTATP_NATALITA;provincia;enna;2024;6.1
ISTATP_NATALITA;provincia;enna;2025;6.1
ISTATP_NATALITA;provincia;fermo;2015;7.7
ISTATP_NATALITA;provincia;fermo;2016;7.5
ISTATP_NATALITA;provincia;fermo;2017;6.9
ISTATP_NATALITA;provincia;fermo;2018;6.7
ISTATP_NATALITA;provincia;fermo;2019;6.2
ISTATP_NATALITA;provincia;fermo;2020;6.3
ISTATP_NATALITA;provincia;fermo;2021;5.9
ISTATP_NATALITA;provincia;fermo;2022;5.8
ISTATP_NATALITA;provincia;fermo;2023;5.7
ISTATP_NATALITA;provincia;fermo;2024;5.5
ISTATP_NATALITA;provincia;fermo;2025;5.2
ISTATP_NATALITA;provincia;ferrara;2015;6.1
ISTATP_NATALITA;provincia;ferrara;2016;5.9
ISTATP_NATALITA;provincia;ferrara;2017;5.9
ISTATP_NATALITA;provincia;ferrara;2018;5.7
ISTATP_NATALITA;provincia;ferrara;2019;5.7
ISTATP_NATALITA;provincia;ferrara;2020;5.2
ISTATP_NATALITA;provincia;ferrara;2021;5.5
ISTATP_NATALITA;provincia;ferrara;2022;5.4
ISTATP_NATALITA;provincia;ferrara;2023;5.3
ISTATP_NATALITA;provincia;ferrara;2024;5.1
ISTATP_NATALITA;provincia;ferrara;2025;5
ISTATP_NATALITA;provincia;firenze;2015;7.5
ISTATP_NATALITA;provincia;firenze;2016;7.5
ISTATP_NATALITA;provincia;firenze;2017;7.2
ISTATP_NATALITA;provincia;firenze;2018;7
ISTATP_NATALITA;provincia;firenze;2019;6.6
ISTATP_NATALITA;provincia;firenze;2020;6.4
ISTATP_NATALITA;provincia;firenze;2021;6.4
ISTATP_NATALITA;provincia;firenze;2022;6.3
ISTATP_NATALITA;provincia;firenze;2023;5.9
ISTATP_NATALITA;provincia;firenze;2024;6
ISTATP_NATALITA;provincia;firenze;2025;5.8
ISTATP_NATALITA;provincia;foggia;2015;8.4
ISTATP_NATALITA;provincia;foggia;2016;8.1
ISTATP_NATALITA;provincia;foggia;2017;7.7
ISTATP_NATALITA;provincia;foggia;2018;7.6
ISTATP_NATALITA;provincia;foggia;2019;7.4
ISTATP_NATALITA;provincia;foggia;2020;7.2
ISTATP_NATALITA;provincia;foggia;2021;7
ISTATP_NATALITA;provincia;foggia;2022;7
ISTATP_NATALITA;provincia;foggia;2023;7.1
ISTATP_NATALITA;provincia;foggia;2024;6.4
ISTATP_NATALITA;provincia;foggia;2025;6.3
ISTATP_NATALITA;provincia;forli-cesena;2015;8
ISTATP_NATALITA;provincia;forli-cesena;2016;7.8
ISTATP_NATALITA;provincia;forli-cesena;2017;7.3
ISTATP_NATALITA;provincia;forli-cesena;2018;7.2
ISTATP_NATALITA;provincia;forli-cesena;2019;6.6
ISTATP_NATALITA;provincia;forli-cesena;2020;6.4
ISTATP_NATALITA;provincia;forli-cesena;2021;6.4
ISTATP_NATALITA;provincia;forli-cesena;2022;6.7
ISTATP_NATALITA;provincia;forli-cesena;2023;6.4
ISTATP_NATALITA;provincia;forli-cesena;2024;5.9
ISTATP_NATALITA;provincia;forli-cesena;2025;5.5
ISTATP_NATALITA;provincia;frosinone;2015;7.9
ISTATP_NATALITA;provincia;frosinone;2016;8.1
ISTATP_NATALITA;provincia;frosinone;2017;7.5
ISTATP_NATALITA;provincia;frosinone;2018;7
ISTATP_NATALITA;provincia;frosinone;2019;6.7
ISTATP_NATALITA;provincia;frosinone;2020;6.7
ISTATP_NATALITA;provincia;frosinone;2021;6.4
ISTATP_NATALITA;provincia;frosinone;2022;6.3
ISTATP_NATALITA;provincia;frosinone;2023;6.1
ISTATP_NATALITA;provincia;frosinone;2024;5.8
ISTATP_NATALITA;provincia;frosinone;2025;5.2
ISTATP_NATALITA;provincia;genova;2015;6.5
ISTATP_NATALITA;provincia;genova;2016;6.3
ISTATP_NATALITA;provincia;genova;2017;6.2
ISTATP_NATALITA;provincia;genova;2018;5.9
ISTATP_NATALITA;provincia;genova;2019;5.8
ISTATP_NATALITA;provincia;genova;2020;5.8
ISTATP_NATALITA;provincia;genova;2021;5.7
ISTATP_NATALITA;provincia;genova;2022;5.7
ISTATP_NATALITA;provincia;genova;2023;5.7
ISTATP_NATALITA;provincia;genova;2024;5.7
ISTATP_NATALITA;provincia;genova;2025;5.6
ISTATP_NATALITA;provincia;gorizia;2015;7.2
ISTATP_NATALITA;provincia;gorizia;2016;6.9
ISTATP_NATALITA;provincia;gorizia;2017;6.9
ISTATP_NATALITA;provincia;gorizia;2018;6.5
ISTATP_NATALITA;provincia;gorizia;2019;6.1
ISTATP_NATALITA;provincia;gorizia;2020;6.4
ISTATP_NATALITA;provincia;gorizia;2021;5.9
ISTATP_NATALITA;provincia;gorizia;2022;6.7
ISTATP_NATALITA;provincia;gorizia;2023;6.6
ISTATP_NATALITA;provincia;gorizia;2024;5.9
ISTATP_NATALITA;provincia;gorizia;2025;6.4
ISTATP_NATALITA;provincia;grosseto;2015;6.6
ISTATP_NATALITA;provincia;grosseto;2016;6.4
ISTATP_NATALITA;provincia;grosseto;2017;6
ISTATP_NATALITA;provincia;grosseto;2018;6.1
ISTATP_NATALITA;provincia;grosseto;2019;5.3
ISTATP_NATALITA;provincia;grosseto;2020;5.5
ISTATP_NATALITA;provincia;grosseto;2021;5.4
ISTATP_NATALITA;provincia;grosseto;2022;5.4
ISTATP_NATALITA;provincia;grosseto;2023;5.1
ISTATP_NATALITA;provincia;grosseto;2024;5.1
ISTATP_NATALITA;provincia;grosseto;2025;4.7
ISTATP_NATALITA;provincia;imperia;2015;6.7
ISTATP_NATALITA;provincia;imperia;2016;6.4
ISTATP_NATALITA;provincia;imperia;2017;6.3
ISTATP_NATALITA;provincia;imperia;2018;6
ISTATP_NATALITA;provincia;imperia;2019;5.8
ISTATP_NATALITA;provincia;imperia;2020;6.2
ISTATP_NATALITA;provincia;imperia;2021;5.9
ISTATP_NATALITA;provincia;imperia;2022;5.9
ISTATP_NATALITA;provincia;imperia;2023;5.5
ISTATP_NATALITA;provincia;imperia;2024;5.8
ISTATP_NATALITA;provincia;imperia;2025;5.1
ISTATP_NATALITA;provincia;isernia;2015;7.5
ISTATP_NATALITA;provincia;isernia;2016;6.9
ISTATP_NATALITA;provincia;isernia;2017;7
ISTATP_NATALITA;provincia;isernia;2018;6.7
ISTATP_NATALITA;provincia;isernia;2019;6.9
ISTATP_NATALITA;provincia;isernia;2020;5.6
ISTATP_NATALITA;provincia;isernia;2021;6
ISTATP_NATALITA;provincia;isernia;2022;6.3
ISTATP_NATALITA;provincia;isernia;2023;5.7
ISTATP_NATALITA;provincia;isernia;2024;5.3
ISTATP_NATALITA;provincia;isernia;2025;5.2
ISTATP_NATALITA;provincia;l-aquila;2015;7.8
ISTATP_NATALITA;provincia;l-aquila;2016;7.5
ISTATP_NATALITA;provincia;l-aquila;2017;7.2
ISTATP_NATALITA;provincia;l-aquila;2018;6.9
ISTATP_NATALITA;provincia;l-aquila;2019;6.3
ISTATP_NATALITA;provincia;l-aquila;2020;6.4
ISTATP_NATALITA;provincia;l-aquila;2021;6
ISTATP_NATALITA;provincia;l-aquila;2022;6.1
ISTATP_NATALITA;provincia;l-aquila;2023;5.8
ISTATP_NATALITA;provincia;l-aquila;2024;5.9
ISTATP_NATALITA;provincia;l-aquila;2025;5.3
ISTATP_NATALITA;provincia;la-spezia;2015;6.5
ISTATP_NATALITA;provincia;la-spezia;2016;6.9
ISTATP_NATALITA;provincia;la-spezia;2017;6.6
ISTATP_NATALITA;provincia;la-spezia;2018;6.2
ISTATP_NATALITA;provincia;la-spezia;2019;6.1
ISTATP_NATALITA;provincia;la-spezia;2020;6
ISTATP_NATALITA;provincia;la-spezia;2021;5.9
ISTATP_NATALITA;provincia;la-spezia;2022;5.6
ISTATP_NATALITA;provincia;la-spezia;2023;5.7
ISTATP_NATALITA;provincia;la-spezia;2024;5.7
ISTATP_NATALITA;provincia;la-spezia;2025;5
ISTATP_NATALITA;provincia;latina;2015;8.7
ISTATP_NATALITA;provincia;latina;2016;8.5
ISTATP_NATALITA;provincia;latina;2017;8.4
ISTATP_NATALITA;provincia;latina;2018;8.1
ISTATP_NATALITA;provincia;latina;2019;7.5
ISTATP_NATALITA;provincia;latina;2020;7
ISTATP_NATALITA;provincia;latina;2021;7.2
ISTATP_NATALITA;provincia;latina;2022;6.7
ISTATP_NATALITA;provincia;latina;2023;6.6
ISTATP_NATALITA;provincia;latina;2024;6.1
ISTATP_NATALITA;provincia;latina;2025;5.9
ISTATP_NATALITA;provincia;lecce;2015;7.1
ISTATP_NATALITA;provincia;lecce;2016;7.1
ISTATP_NATALITA;provincia;lecce;2017;6.9
ISTATP_NATALITA;provincia;lecce;2018;6.8
ISTATP_NATALITA;provincia;lecce;2019;6.5
ISTATP_NATALITA;provincia;lecce;2020;6.2
ISTATP_NATALITA;provincia;lecce;2021;6.3
ISTATP_NATALITA;provincia;lecce;2022;6.3
ISTATP_NATALITA;provincia;lecce;2023;6
ISTATP_NATALITA;provincia;lecce;2024;5.9
ISTATP_NATALITA;provincia;lecce;2025;5.6
ISTATP_NATALITA;provincia;lecco;2015;8.3
ISTATP_NATALITA;provincia;lecco;2016;7.6
ISTATP_NATALITA;provincia;lecco;2017;7.8
ISTATP_NATALITA;provincia;lecco;2018;7.1
ISTATP_NATALITA;provincia;lecco;2019;6.9
ISTATP_NATALITA;provincia;lecco;2020;6.4
ISTATP_NATALITA;provincia;lecco;2021;6.2
ISTATP_NATALITA;provincia;lecco;2022;6.3
ISTATP_NATALITA;provincia;lecco;2023;6.1
ISTATP_NATALITA;provincia;lecco;2024;6.1
ISTATP_NATALITA;provincia;lecco;2025;5.9
ISTATP_NATALITA;provincia;livorno;2015;7
ISTATP_NATALITA;provincia;livorno;2016;6.6
ISTATP_NATALITA;provincia;livorno;2017;6.5
ISTATP_NATALITA;provincia;livorno;2018;6.4
ISTATP_NATALITA;provincia;livorno;2019;5.9
ISTATP_NATALITA;provincia;livorno;2020;5.5
ISTATP_NATALITA;provincia;livorno;2021;5.6
ISTATP_NATALITA;provincia;livorno;2022;5.6
ISTATP_NATALITA;provincia;livorno;2023;5.2
ISTATP_NATALITA;provincia;livorno;2024;5.3
ISTATP_NATALITA;provincia;livorno;2025;4.9
ISTATP_NATALITA;provincia;lodi;2015;8.7
ISTATP_NATALITA;provincia;lodi;2016;8.6
ISTATP_NATALITA;provincia;lodi;2017;8.3
ISTATP_NATALITA;provincia;lodi;2018;7.8
ISTATP_NATALITA;provincia;lodi;2019;7.4
ISTATP_NATALITA;provincia;lodi;2020;6.9
ISTATP_NATALITA;provincia;lodi;2021;7.2
ISTATP_NATALITA;provincia;lodi;2022;7
ISTATP_NATALITA;provincia;lodi;2023;6.6
ISTATP_NATALITA;provincia;lodi;2024;6.8
ISTATP_NATALITA;provincia;lodi;2025;5.9
ISTATP_NATALITA;provincia;lucca;2015;6.9
ISTATP_NATALITA;provincia;lucca;2016;6.8
ISTATP_NATALITA;provincia;lucca;2017;6.6
ISTATP_NATALITA;provincia;lucca;2018;6.3
ISTATP_NATALITA;provincia;lucca;2019;6.2
ISTATP_NATALITA;provincia;lucca;2020;5.6
ISTATP_NATALITA;provincia;lucca;2021;5.9
ISTATP_NATALITA;provincia;lucca;2022;5.4
ISTATP_NATALITA;provincia;lucca;2023;5.3
ISTATP_NATALITA;provincia;lucca;2024;5.3
ISTATP_NATALITA;provincia;lucca;2025;5
ISTATP_NATALITA;provincia;macerata;2015;8
ISTATP_NATALITA;provincia;macerata;2016;7.8
ISTATP_NATALITA;provincia;macerata;2017;7.4
ISTATP_NATALITA;provincia;macerata;2018;7
ISTATP_NATALITA;provincia;macerata;2019;6.8
ISTATP_NATALITA;provincia;macerata;2020;6.7
ISTATP_NATALITA;provincia;macerata;2021;6.6
ISTATP_NATALITA;provincia;macerata;2022;6.1
ISTATP_NATALITA;provincia;macerata;2023;6.2
ISTATP_NATALITA;provincia;macerata;2024;6
ISTATP_NATALITA;provincia;macerata;2025;5.8
ISTATP_NATALITA;provincia;mantova;2015;7.9
ISTATP_NATALITA;provincia;mantova;2016;7.7
ISTATP_NATALITA;provincia;mantova;2017;7.4
ISTATP_NATALITA;provincia;mantova;2018;7.3
ISTATP_NATALITA;provincia;mantova;2019;7.1
ISTATP_NATALITA;provincia;mantova;2020;6.7
ISTATP_NATALITA;provincia;mantova;2021;6.6
ISTATP_NATALITA;provincia;mantova;2022;6.4
ISTATP_NATALITA;provincia;mantova;2023;6.3
ISTATP_NATALITA;provincia;mantova;2024;6.1
ISTATP_NATALITA;provincia;mantova;2025;6
ISTATP_NATALITA;provincia;massa-carrara;2015;6.1
ISTATP_NATALITA;provincia;massa-carrara;2016;6.1
ISTATP_NATALITA;provincia;massa-carrara;2017;6.3
ISTATP_NATALITA;provincia;massa-carrara;2018;5.7
ISTATP_NATALITA;provincia;massa-carrara;2019;5
ISTATP_NATALITA;provincia;massa-carrara;2020;5
ISTATP_NATALITA;provincia;massa-carrara;2021;5.2
ISTATP_NATALITA;provincia;massa-carrara;2022;5.2
ISTATP_NATALITA;provincia;massa-carrara;2023;4.8
ISTATP_NATALITA;provincia;massa-carrara;2024;5.1
ISTATP_NATALITA;provincia;massa-carrara;2025;4.7
ISTATP_NATALITA;provincia;matera;2015;7.3
ISTATP_NATALITA;provincia;matera;2016;7.5
ISTATP_NATALITA;provincia;matera;2017;7.2
ISTATP_NATALITA;provincia;matera;2018;7
ISTATP_NATALITA;provincia;matera;2019;6.8
ISTATP_NATALITA;provincia;matera;2020;6.5
ISTATP_NATALITA;provincia;matera;2021;6.6
ISTATP_NATALITA;provincia;matera;2022;6
ISTATP_NATALITA;provincia;matera;2023;6
ISTATP_NATALITA;provincia;matera;2024;6.1
ISTATP_NATALITA;provincia;matera;2025;6.1
ISTATP_NATALITA;provincia;messina;2015;7.5
ISTATP_NATALITA;provincia;messina;2016;7.3
ISTATP_NATALITA;provincia;messina;2017;7.5
ISTATP_NATALITA;provincia;messina;2018;7.3
ISTATP_NATALITA;provincia;messina;2019;6.9
ISTATP_NATALITA;provincia;messina;2020;6.8
ISTATP_NATALITA;provincia;messina;2021;6.9
ISTATP_NATALITA;provincia;messina;2022;6.5
ISTATP_NATALITA;provincia;messina;2023;6.4
ISTATP_NATALITA;provincia;messina;2024;6
ISTATP_NATALITA;provincia;messina;2025;5.8
ISTATP_NATALITA;provincia;milano;2015;8.5
ISTATP_NATALITA;provincia;milano;2016;8.4
ISTATP_NATALITA;provincia;milano;2017;8.1
ISTATP_NATALITA;provincia;milano;2018;7.8
ISTATP_NATALITA;provincia;milano;2019;7.4
ISTATP_NATALITA;provincia;milano;2020;7.1
ISTATP_NATALITA;provincia;milano;2021;7.2
ISTATP_NATALITA;provincia;milano;2022;7
ISTATP_NATALITA;provincia;milano;2023;6.8
ISTATP_NATALITA;provincia;milano;2024;6.6
ISTATP_NATALITA;provincia;milano;2025;6.5
ISTATP_NATALITA;provincia;modena;2015;8.5
ISTATP_NATALITA;provincia;modena;2016;8.4
ISTATP_NATALITA;provincia;modena;2017;7.9
ISTATP_NATALITA;provincia;modena;2018;7.8
ISTATP_NATALITA;provincia;modena;2019;7.2
ISTATP_NATALITA;provincia;modena;2020;7
ISTATP_NATALITA;provincia;modena;2021;7.3
ISTATP_NATALITA;provincia;modena;2022;7.3
ISTATP_NATALITA;provincia;modena;2023;6.7
ISTATP_NATALITA;provincia;modena;2024;6.8
ISTATP_NATALITA;provincia;modena;2025;6.7
ISTATP_NATALITA;provincia;monza-e-della-brianza;2015;8.6
ISTATP_NATALITA;provincia;monza-e-della-brianza;2016;8.2
ISTATP_NATALITA;provincia;monza-e-della-brianza;2017;8
ISTATP_NATALITA;provincia;monza-e-della-brianza;2018;7.6
ISTATP_NATALITA;provincia;monza-e-della-brianza;2019;7.3
ISTATP_NATALITA;provincia;monza-e-della-brianza;2020;7
ISTATP_NATALITA;provincia;monza-e-della-brianza;2021;7
ISTATP_NATALITA;provincia;monza-e-della-brianza;2022;6.9
ISTATP_NATALITA;provincia;monza-e-della-brianza;2023;6.6
ISTATP_NATALITA;provincia;monza-e-della-brianza;2024;6.4
ISTATP_NATALITA;provincia;monza-e-della-brianza;2025;6.2
ISTATP_NATALITA;provincia;napoli;2015;9.2
ISTATP_NATALITA;provincia;napoli;2016;9.2
ISTATP_NATALITA;provincia;napoli;2017;9.1
ISTATP_NATALITA;provincia;napoli;2018;8.8
ISTATP_NATALITA;provincia;napoli;2019;8.6
ISTATP_NATALITA;provincia;napoli;2020;8.4
ISTATP_NATALITA;provincia;napoli;2021;8.1
ISTATP_NATALITA;provincia;napoli;2022;8.3
ISTATP_NATALITA;provincia;napoli;2023;7.9
ISTATP_NATALITA;provincia;napoli;2024;7.7
ISTATP_NATALITA;provincia;napoli;2025;7.4
ISTATP_NATALITA;provincia;novara;2015;7.7
ISTATP_NATALITA;provincia;novara;2016;7.6
ISTATP_NATALITA;provincia;novara;2017;7.4
ISTATP_NATALITA;provincia;novara;2018;7.1
ISTATP_NATALITA;provincia;novara;2019;6.9
ISTATP_NATALITA;provincia;novara;2020;6.6
ISTATP_NATALITA;provincia;novara;2021;6.5
ISTATP_NATALITA;provincia;novara;2022;6.5
ISTATP_NATALITA;provincia;novara;2023;6.1
ISTATP_NATALITA;provincia;novara;2024;6.1
ISTATP_NATALITA;provincia;novara;2025;6
ISTATP_NATALITA;provincia;nuoro;2015;6.7
ISTATP_NATALITA;provincia;nuoro;2016;6.5
ISTATP_NATALITA;provincia;nuoro;2017;6.5
ISTATP_NATALITA;provincia;nuoro;2018;6.2
ISTATP_NATALITA;provincia;nuoro;2019;5.8
ISTATP_NATALITA;provincia;nuoro;2020;5.4
ISTATP_NATALITA;provincia;nuoro;2021;5.5
ISTATP_NATALITA;provincia;nuoro;2022;5
ISTATP_NATALITA;provincia;nuoro;2023;4.9
ISTATP_NATALITA;provincia;nuoro;2024;4.8
ISTATP_NATALITA;provincia;nuoro;2025;4.8
ISTATP_NATALITA;provincia;oristano;2015;5.8
ISTATP_NATALITA;provincia;oristano;2016;5.8
ISTATP_NATALITA;provincia;oristano;2017;5.9
ISTATP_NATALITA;provincia;oristano;2018;5.2
ISTATP_NATALITA;provincia;oristano;2019;4.9
ISTATP_NATALITA;provincia;oristano;2020;4.6
ISTATP_NATALITA;provincia;oristano;2021;4.9
ISTATP_NATALITA;provincia;oristano;2022;4.4
ISTATP_NATALITA;provincia;oristano;2023;4.6
ISTATP_NATALITA;provincia;oristano;2024;4.4
ISTATP_NATALITA;provincia;oristano;2025;3.8
ISTATP_NATALITA;provincia;padova;2015;8
ISTATP_NATALITA;provincia;padova;2016;7.8
ISTATP_NATALITA;provincia;padova;2017;7.4
ISTATP_NATALITA;provincia;padova;2018;7.2
ISTATP_NATALITA;provincia;padova;2019;6.8
ISTATP_NATALITA;provincia;padova;2020;6.4
ISTATP_NATALITA;provincia;padova;2021;6.7
ISTATP_NATALITA;provincia;padova;2022;6.4
ISTATP_NATALITA;provincia;padova;2023;6.1
ISTATP_NATALITA;provincia;padova;2024;6.1
ISTATP_NATALITA;provincia;padova;2025;5.7
ISTATP_NATALITA;provincia;palermo;2015;9.2
ISTATP_NATALITA;provincia;palermo;2016;8.7
ISTATP_NATALITA;provincia;palermo;2017;8.8
ISTATP_NATALITA;provincia;palermo;2018;8.7
ISTATP_NATALITA;provincia;palermo;2019;8.5
ISTATP_NATALITA;provincia;palermo;2020;8.2
ISTATP_NATALITA;provincia;palermo;2021;8
ISTATP_NATALITA;provincia;palermo;2022;8
ISTATP_NATALITA;provincia;palermo;2023;7.8
ISTATP_NATALITA;provincia;palermo;2024;7.3
ISTATP_NATALITA;provincia;palermo;2025;7
ISTATP_NATALITA;provincia;parma;2015;8.4
ISTATP_NATALITA;provincia;parma;2016;8.3
ISTATP_NATALITA;provincia;parma;2017;7.8
ISTATP_NATALITA;provincia;parma;2018;7.6
ISTATP_NATALITA;provincia;parma;2019;7.5
ISTATP_NATALITA;provincia;parma;2020;7.3
ISTATP_NATALITA;provincia;parma;2021;7.3
ISTATP_NATALITA;provincia;parma;2022;7.2
ISTATP_NATALITA;provincia;parma;2023;7
ISTATP_NATALITA;provincia;parma;2024;6.7
ISTATP_NATALITA;provincia;parma;2025;6.7
ISTATP_NATALITA;provincia;pavia;2015;7.7
ISTATP_NATALITA;provincia;pavia;2016;7.2
ISTATP_NATALITA;provincia;pavia;2017;7
ISTATP_NATALITA;provincia;pavia;2018;6.9
ISTATP_NATALITA;provincia;pavia;2019;6.7
ISTATP_NATALITA;provincia;pavia;2020;6.3
ISTATP_NATALITA;provincia;pavia;2021;6.2
ISTATP_NATALITA;provincia;pavia;2022;6.3
ISTATP_NATALITA;provincia;pavia;2023;6
ISTATP_NATALITA;provincia;pavia;2024;6.1
ISTATP_NATALITA;provincia;pavia;2025;6
ISTATP_NATALITA;provincia;perugia;2015;7.7
ISTATP_NATALITA;provincia;perugia;2016;7.5
ISTATP_NATALITA;provincia;perugia;2017;7.3
ISTATP_NATALITA;provincia;perugia;2018;6.8
ISTATP_NATALITA;provincia;perugia;2019;6.6
ISTATP_NATALITA;provincia;perugia;2020;6.2
ISTATP_NATALITA;provincia;perugia;2021;6.2
ISTATP_NATALITA;provincia;perugia;2022;5.9
ISTATP_NATALITA;provincia;perugia;2023;5.7
ISTATP_NATALITA;provincia;perugia;2024;5.7
ISTATP_NATALITA;provincia;perugia;2025;5.3
ISTATP_NATALITA;provincia;pesaro-e-urbino;2015;7.9
ISTATP_NATALITA;provincia;pesaro-e-urbino;2016;7.6
ISTATP_NATALITA;provincia;pesaro-e-urbino;2017;7
ISTATP_NATALITA;provincia;pesaro-e-urbino;2018;6.6
ISTATP_NATALITA;provincia;pesaro-e-urbino;2019;6.3
ISTATP_NATALITA;provincia;pesaro-e-urbino;2020;6.1
ISTATP_NATALITA;provincia;pesaro-e-urbino;2021;6.2
ISTATP_NATALITA;provincia;pesaro-e-urbino;2022;6.1
ISTATP_NATALITA;provincia;pesaro-e-urbino;2023;5.8
ISTATP_NATALITA;provincia;pesaro-e-urbino;2024;5.4
ISTATP_NATALITA;provincia;pesaro-e-urbino;2025;5.4
ISTATP_NATALITA;provincia;pescara;2015;8
ISTATP_NATALITA;provincia;pescara;2016;8
ISTATP_NATALITA;provincia;pescara;2017;7.3
ISTATP_NATALITA;provincia;pescara;2018;6.9
ISTATP_NATALITA;provincia;pescara;2019;6.8
ISTATP_NATALITA;provincia;pescara;2020;6.8
ISTATP_NATALITA;provincia;pescara;2021;7
ISTATP_NATALITA;provincia;pescara;2022;6.6
ISTATP_NATALITA;provincia;pescara;2023;5.9
ISTATP_NATALITA;provincia;pescara;2024;5.8
ISTATP_NATALITA;provincia;pescara;2025;5.6
ISTATP_NATALITA;provincia;piacenza;2015;7.9
ISTATP_NATALITA;provincia;piacenza;2016;7.6
ISTATP_NATALITA;provincia;piacenza;2017;7.2
ISTATP_NATALITA;provincia;piacenza;2018;7.5
ISTATP_NATALITA;provincia;piacenza;2019;7.2
ISTATP_NATALITA;provincia;piacenza;2020;6.7
ISTATP_NATALITA;provincia;piacenza;2021;6.4
ISTATP_NATALITA;provincia;piacenza;2022;6.9
ISTATP_NATALITA;provincia;piacenza;2023;7.1
ISTATP_NATALITA;provincia;piacenza;2024;6.7
ISTATP_NATALITA;provincia;piacenza;2025;6.6
ISTATP_NATALITA;provincia;pisa;2015;8
ISTATP_NATALITA;provincia;pisa;2016;7.8
ISTATP_NATALITA;provincia;pisa;2017;7.5
ISTATP_NATALITA;provincia;pisa;2018;7
ISTATP_NATALITA;provincia;pisa;2019;6.8
ISTATP_NATALITA;provincia;pisa;2020;6.6
ISTATP_NATALITA;provincia;pisa;2021;6.5
ISTATP_NATALITA;provincia;pisa;2022;6.2
ISTATP_NATALITA;provincia;pisa;2023;6.3
ISTATP_NATALITA;provincia;pisa;2024;6.1
ISTATP_NATALITA;provincia;pisa;2025;5.9
ISTATP_NATALITA;provincia;pistoia;2015;7.6
ISTATP_NATALITA;provincia;pistoia;2016;7
ISTATP_NATALITA;provincia;pistoia;2017;7.1
ISTATP_NATALITA;provincia;pistoia;2018;7
ISTATP_NATALITA;provincia;pistoia;2019;6.3
ISTATP_NATALITA;provincia;pistoia;2020;6
ISTATP_NATALITA;provincia;pistoia;2021;6.1
ISTATP_NATALITA;provincia;pistoia;2022;5.9
ISTATP_NATALITA;provincia;pistoia;2023;5.7
ISTATP_NATALITA;provincia;pistoia;2024;5.4
ISTATP_NATALITA;provincia;pistoia;2025;5.4
ISTATP_NATALITA;provincia;pordenone;2015;7.9
ISTATP_NATALITA;provincia;pordenone;2016;7.9
ISTATP_NATALITA;provincia;pordenone;2017;7.5
ISTATP_NATALITA;provincia;pordenone;2018;7.3
ISTATP_NATALITA;provincia;pordenone;2019;7.1
ISTATP_NATALITA;provincia;pordenone;2020;6.7
ISTATP_NATALITA;provincia;pordenone;2021;6.8
ISTATP_NATALITA;provincia;pordenone;2022;6.5
ISTATP_NATALITA;provincia;pordenone;2023;6.4
ISTATP_NATALITA;provincia;pordenone;2024;6
ISTATP_NATALITA;provincia;pordenone;2025;5.9
ISTATP_NATALITA;provincia;potenza;2015;7.1
ISTATP_NATALITA;provincia;potenza;2016;6.8
ISTATP_NATALITA;provincia;potenza;2017;7
ISTATP_NATALITA;provincia;potenza;2018;6.4
ISTATP_NATALITA;provincia;potenza;2019;6.5
ISTATP_NATALITA;provincia;potenza;2020;6.4
ISTATP_NATALITA;provincia;potenza;2021;5.9
ISTATP_NATALITA;provincia;potenza;2022;5.9
ISTATP_NATALITA;provincia;potenza;2023;5.8
ISTATP_NATALITA;provincia;potenza;2024;5.6
ISTATP_NATALITA;provincia;potenza;2025;5.4
ISTATP_NATALITA;provincia;prato;2015;8.4
ISTATP_NATALITA;provincia;prato;2016;8.3
ISTATP_NATALITA;provincia;prato;2017;8.3
ISTATP_NATALITA;provincia;prato;2018;7.2
ISTATP_NATALITA;provincia;prato;2019;6.8
ISTATP_NATALITA;provincia;prato;2020;6.5
ISTATP_NATALITA;provincia;prato;2021;6.2
ISTATP_NATALITA;provincia;prato;2022;5.7
ISTATP_NATALITA;provincia;prato;2023;5.8
ISTATP_NATALITA;provincia;prato;2024;5.3
ISTATP_NATALITA;provincia;prato;2025;5.3
ISTATP_NATALITA;provincia;ragusa;2015;8.8
ISTATP_NATALITA;provincia;ragusa;2016;8.8
ISTATP_NATALITA;provincia;ragusa;2017;9
ISTATP_NATALITA;provincia;ragusa;2018;8.6
ISTATP_NATALITA;provincia;ragusa;2019;8.3
ISTATP_NATALITA;provincia;ragusa;2020;8.2
ISTATP_NATALITA;provincia;ragusa;2021;8.5
ISTATP_NATALITA;provincia;ragusa;2022;8.3
ISTATP_NATALITA;provincia;ragusa;2023;7.9
ISTATP_NATALITA;provincia;ragusa;2024;7.6
ISTATP_NATALITA;provincia;ragusa;2025;7.1
ISTATP_NATALITA;provincia;ravenna;2015;7.5
ISTATP_NATALITA;provincia;ravenna;2016;7.2
ISTATP_NATALITA;provincia;ravenna;2017;7
ISTATP_NATALITA;provincia;ravenna;2018;6.9
ISTATP_NATALITA;provincia;ravenna;2019;6.4
ISTATP_NATALITA;provincia;ravenna;2020;6.3
ISTATP_NATALITA;provincia;ravenna;2021;6.3
ISTATP_NATALITA;provincia;ravenna;2022;6
ISTATP_NATALITA;provincia;ravenna;2023;5.9
ISTATP_NATALITA;provincia;ravenna;2024;5.7
ISTATP_NATALITA;provincia;ravenna;2025;5.2
ISTATP_NATALITA;provincia;reggio-calabria;2015;8.8
ISTATP_NATALITA;provincia;reggio-calabria;2016;8.4
ISTATP_NATALITA;provincia;reggio-calabria;2017;8.6
ISTATP_NATALITA;provincia;reggio-calabria;2018;8.4
ISTATP_NATALITA;provincia;reggio-calabria;2019;8.1
ISTATP_NATALITA;provincia;reggio-calabria;2020;7.8
ISTATP_NATALITA;provincia;reggio-calabria;2021;7.3
ISTATP_NATALITA;provincia;reggio-calabria;2022;7.6
ISTATP_NATALITA;provincia;reggio-calabria;2023;7.8
ISTATP_NATALITA;provincia;reggio-calabria;2024;7.5
ISTATP_NATALITA;provincia;reggio-calabria;2025;7.1
ISTATP_NATALITA;provincia;reggio-emilia;2015;9
ISTATP_NATALITA;provincia;reggio-emilia;2016;8.5
ISTATP_NATALITA;provincia;reggio-emilia;2017;8.1
ISTATP_NATALITA;provincia;reggio-emilia;2018;7.4
ISTATP_NATALITA;provincia;reggio-emilia;2019;7.4
ISTATP_NATALITA;provincia;reggio-emilia;2020;7.2
ISTATP_NATALITA;provincia;reggio-emilia;2021;7.2
ISTATP_NATALITA;provincia;reggio-emilia;2022;6.9
ISTATP_NATALITA;provincia;reggio-emilia;2023;6.8
ISTATP_NATALITA;provincia;reggio-emilia;2024;6.6
ISTATP_NATALITA;provincia;reggio-emilia;2025;6.4
ISTATP_NATALITA;provincia;rieti;2015;7.3
ISTATP_NATALITA;provincia;rieti;2016;6.5
ISTATP_NATALITA;provincia;rieti;2017;6.5
ISTATP_NATALITA;provincia;rieti;2018;6
ISTATP_NATALITA;provincia;rieti;2019;6.1
ISTATP_NATALITA;provincia;rieti;2020;6
ISTATP_NATALITA;provincia;rieti;2021;5.7
ISTATP_NATALITA;provincia;rieti;2022;5.6
ISTATP_NATALITA;provincia;rieti;2023;5.5
ISTATP_NATALITA;provincia;rieti;2024;5.5
ISTATP_NATALITA;provincia;rieti;2025;5.2
ISTATP_NATALITA;provincia;rimini;2015;8.3
ISTATP_NATALITA;provincia;rimini;2016;7.7
ISTATP_NATALITA;provincia;rimini;2017;7.4
ISTATP_NATALITA;provincia;rimini;2018;7
ISTATP_NATALITA;provincia;rimini;2019;6.6
ISTATP_NATALITA;provincia;rimini;2020;6.4
ISTATP_NATALITA;provincia;rimini;2021;6
ISTATP_NATALITA;provincia;rimini;2022;6.1
ISTATP_NATALITA;provincia;rimini;2023;5.8
ISTATP_NATALITA;provincia;rimini;2024;5.6
ISTATP_NATALITA;provincia;rimini;2025;5.1
ISTATP_NATALITA;provincia;roma;2015;8.5
ISTATP_NATALITA;provincia;roma;2016;8.4
ISTATP_NATALITA;provincia;roma;2017;7.8
ISTATP_NATALITA;provincia;roma;2018;7.3
ISTATP_NATALITA;provincia;roma;2019;6.7
ISTATP_NATALITA;provincia;roma;2020;6.6
ISTATP_NATALITA;provincia;roma;2021;6.5
ISTATP_NATALITA;provincia;roma;2022;6.3
ISTATP_NATALITA;provincia;roma;2023;6
ISTATP_NATALITA;provincia;roma;2024;6
ISTATP_NATALITA;provincia;roma;2025;5.6
ISTATP_NATALITA;provincia;rovigo;2015;6.6
ISTATP_NATALITA;provincia;rovigo;2016;6.2
ISTATP_NATALITA;provincia;rovigo;2017;6.3
ISTATP_NATALITA;provincia;rovigo;2018;5.7
ISTATP_NATALITA;provincia;rovigo;2019;5.2
ISTATP_NATALITA;provincia;rovigo;2020;5.1
ISTATP_NATALITA;provincia;rovigo;2021;5.1
ISTATP_NATALITA;provincia;rovigo;2022;5.1
ISTATP_NATALITA;provincia;rovigo;2023;5.2
ISTATP_NATALITA;provincia;rovigo;2024;4.9
ISTATP_NATALITA;provincia;rovigo;2025;5
ISTATP_NATALITA;provincia;salerno;2015;8.2
ISTATP_NATALITA;provincia;salerno;2016;8.1
ISTATP_NATALITA;provincia;salerno;2017;8
ISTATP_NATALITA;provincia;salerno;2018;7.8
ISTATP_NATALITA;provincia;salerno;2019;7.8
ISTATP_NATALITA;provincia;salerno;2020;7.4
ISTATP_NATALITA;provincia;salerno;2021;7.3
ISTATP_NATALITA;provincia;salerno;2022;7.3
ISTATP_NATALITA;provincia;salerno;2023;7.2
ISTATP_NATALITA;provincia;salerno;2024;6.9
ISTATP_NATALITA;provincia;salerno;2025;6.6
ISTATP_NATALITA;provincia;sassari;2015;7.1
ISTATP_NATALITA;provincia;sassari;2016;6.8
ISTATP_NATALITA;provincia;sassari;2017;6.7
ISTATP_NATALITA;provincia;sassari;2018;6.2
ISTATP_NATALITA;provincia;sassari;2019;5.9
ISTATP_NATALITA;provincia;sassari;2020;5.4
ISTATP_NATALITA;provincia;sassari;2021;5.4
ISTATP_NATALITA;provincia;sassari;2022;5.3
ISTATP_NATALITA;provincia;sassari;2023;4.9
ISTATP_NATALITA;provincia;sassari;2024;4.8
ISTATP_NATALITA;provincia;sassari;2025;4.4
ISTATP_NATALITA;provincia;savona;2015;6.5
ISTATP_NATALITA;provincia;savona;2016;6.1
ISTATP_NATALITA;provincia;savona;2017;5.7
ISTATP_NATALITA;provincia;savona;2018;5.6
ISTATP_NATALITA;provincia;savona;2019;5.2
ISTATP_NATALITA;provincia;savona;2020;5.2
ISTATP_NATALITA;provincia;savona;2021;5.1
ISTATP_NATALITA;provincia;savona;2022;5.2
ISTATP_NATALITA;provincia;savona;2023;5.1
ISTATP_NATALITA;provincia;savona;2024;4.8
ISTATP_NATALITA;provincia;savona;2025;4.8
ISTATP_NATALITA;provincia;siena;2015;7.6
ISTATP_NATALITA;provincia;siena;2016;7.4
ISTATP_NATALITA;provincia;siena;2017;7
ISTATP_NATALITA;provincia;siena;2018;6.8
ISTATP_NATALITA;provincia;siena;2019;6.6
ISTATP_NATALITA;provincia;siena;2020;6
ISTATP_NATALITA;provincia;siena;2021;6.4
ISTATP_NATALITA;provincia;siena;2022;6
ISTATP_NATALITA;provincia;siena;2023;5.8
ISTATP_NATALITA;provincia;siena;2024;6
ISTATP_NATALITA;provincia;siena;2025;5.6
ISTATP_NATALITA;provincia;siracusa;2015;8.3
ISTATP_NATALITA;provincia;siracusa;2016;8.2
ISTATP_NATALITA;provincia;siracusa;2017;8
ISTATP_NATALITA;provincia;siracusa;2018;8
ISTATP_NATALITA;provincia;siracusa;2019;7.7
ISTATP_NATALITA;provincia;siracusa;2020;7.5
ISTATP_NATALITA;provincia;siracusa;2021;7.6
ISTATP_NATALITA;provincia;siracusa;2022;7.3
ISTATP_NATALITA;provincia;siracusa;2023;6.8
ISTATP_NATALITA;provincia;siracusa;2024;6.4
ISTATP_NATALITA;provincia;siracusa;2025;6.3
ISTATP_NATALITA;provincia;sondrio;2015;8
ISTATP_NATALITA;provincia;sondrio;2016;8
ISTATP_NATALITA;provincia;sondrio;2017;7.6
ISTATP_NATALITA;provincia;sondrio;2018;7.4
ISTATP_NATALITA;provincia;sondrio;2019;7.3
ISTATP_NATALITA;provincia;sondrio;2020;6.6
ISTATP_NATALITA;provincia;sondrio;2021;6.9
ISTATP_NATALITA;provincia;sondrio;2022;6.7
ISTATP_NATALITA;provincia;sondrio;2023;6.3
ISTATP_NATALITA;provincia;sondrio;2024;6.4
ISTATP_NATALITA;provincia;sondrio;2025;5.9
ISTATP_NATALITA;provincia;sud-sardegna;2015;6.3
ISTATP_NATALITA;provincia;sud-sardegna;2016;5.9
ISTATP_NATALITA;provincia;sud-sardegna;2017;5.5
ISTATP_NATALITA;provincia;sud-sardegna;2018;5.5
ISTATP_NATALITA;provincia;sud-sardegna;2019;5
ISTATP_NATALITA;provincia;sud-sardegna;2020;5.1
ISTATP_NATALITA;provincia;sud-sardegna;2021;4.9
ISTATP_NATALITA;provincia;sud-sardegna;2022;4.4
ISTATP_NATALITA;provincia;sud-sardegna;2023;4.2
ISTATP_NATALITA;provincia;sud-sardegna;2024;4.2
ISTATP_NATALITA;provincia;sud-sardegna;2025;3.9
ISTATP_NATALITA;provincia;taranto;2015;7.7
ISTATP_NATALITA;provincia;taranto;2016;7.6
ISTATP_NATALITA;provincia;taranto;2017;7.4
ISTATP_NATALITA;provincia;taranto;2018;6.8
ISTATP_NATALITA;provincia;taranto;2019;6.7
ISTATP_NATALITA;provincia;taranto;2020;6.4
ISTATP_NATALITA;provincia;taranto;2021;6.4
ISTATP_NATALITA;provincia;taranto;2022;6.2
ISTATP_NATALITA;provincia;taranto;2023;6.1
ISTATP_NATALITA;provincia;taranto;2024;5.8
ISTATP_NATALITA;provincia;taranto;2025;5.5
ISTATP_NATALITA;provincia;teramo;2015;7.8
ISTATP_NATALITA;provincia;teramo;2016;7.8
ISTATP_NATALITA;provincia;teramo;2017;7.6
ISTATP_NATALITA;provincia;teramo;2018;6.9
ISTATP_NATALITA;provincia;teramo;2019;6.7
ISTATP_NATALITA;provincia;teramo;2020;6.4
ISTATP_NATALITA;provincia;teramo;2021;6.6
ISTATP_NATALITA;provincia;teramo;2022;6.5
ISTATP_NATALITA;provincia;teramo;2023;6.3
ISTATP_NATALITA;provincia;teramo;2024;5.8
ISTATP_NATALITA;provincia;teramo;2025;5.6
ISTATP_NATALITA;provincia;terni;2015;6.4
ISTATP_NATALITA;provincia;terni;2016;6.4
ISTATP_NATALITA;provincia;terni;2017;6.1
ISTATP_NATALITA;provincia;terni;2018;6
ISTATP_NATALITA;provincia;terni;2019;5.7
ISTATP_NATALITA;provincia;terni;2020;5.6
ISTATP_NATALITA;provincia;terni;2021;5.6
ISTATP_NATALITA;provincia;terni;2022;5.2
ISTATP_NATALITA;provincia;terni;2023;5.1
ISTATP_NATALITA;provincia;terni;2024;5.2
ISTATP_NATALITA;provincia;terni;2025;5
ISTATP_NATALITA;provincia;torino;2015;7.7
ISTATP_NATALITA;provincia;torino;2016;7.3
ISTATP_NATALITA;provincia;torino;2017;7.2
ISTATP_NATALITA;provincia;torino;2018;6.8
ISTATP_NATALITA;provincia;torino;2019;6.5
ISTATP_NATALITA;provincia;torino;2020;6.4
ISTATP_NATALITA;provincia;torino;2021;6.3
ISTATP_NATALITA;provincia;torino;2022;6.1
ISTATP_NATALITA;provincia;torino;2023;5.9
ISTATP_NATALITA;provincia;torino;2024;5.8
ISTATP_NATALITA;provincia;torino;2025;5.5
ISTATP_NATALITA;provincia;trapani;2015;7.8
ISTATP_NATALITA;provincia;trapani;2016;7.8
ISTATP_NATALITA;provincia;trapani;2017;7.7
ISTATP_NATALITA;provincia;trapani;2018;7.7
ISTATP_NATALITA;provincia;trapani;2019;7.4
ISTATP_NATALITA;provincia;trapani;2020;7.4
ISTATP_NATALITA;provincia;trapani;2021;7.3
ISTATP_NATALITA;provincia;trapani;2022;7.3
ISTATP_NATALITA;provincia;trapani;2023;7.2
ISTATP_NATALITA;provincia;trapani;2024;6.6
ISTATP_NATALITA;provincia;trapani;2025;6.7
ISTATP_NATALITA;provincia;trento;2015;9
ISTATP_NATALITA;provincia;trento;2016;8.6
ISTATP_NATALITA;provincia;trento;2017;8.3
ISTATP_NATALITA;provincia;trento;2018;8
ISTATP_NATALITA;provincia;trento;2019;7.8
ISTATP_NATALITA;provincia;trento;2020;7.4
ISTATP_NATALITA;provincia;trento;2021;7.7
ISTATP_NATALITA;provincia;trento;2022;7.4
ISTATP_NATALITA;provincia;trento;2023;7
ISTATP_NATALITA;provincia;trento;2024;6.9
ISTATP_NATALITA;provincia;trento;2025;6.8
ISTATP_NATALITA;provincia;treviso;2015;8.2
ISTATP_NATALITA;provincia;treviso;2016;8.2
ISTATP_NATALITA;provincia;treviso;2017;7.9
ISTATP_NATALITA;provincia;treviso;2018;7.5
ISTATP_NATALITA;provincia;treviso;2019;7.1
ISTATP_NATALITA;provincia;treviso;2020;7
ISTATP_NATALITA;provincia;treviso;2021;6.9
ISTATP_NATALITA;provincia;treviso;2022;6.8
ISTATP_NATALITA;provincia;treviso;2023;6.5
ISTATP_NATALITA;provincia;treviso;2024;6.3
ISTATP_NATALITA;provincia;treviso;2025;6.2
ISTATP_NATALITA;provincia;trieste;2015;6.3
ISTATP_NATALITA;provincia;trieste;2016;6.4
ISTATP_NATALITA;provincia;trieste;2017;6.4
ISTATP_NATALITA;provincia;trieste;2018;6.2
ISTATP_NATALITA;provincia;trieste;2019;5.8
ISTATP_NATALITA;provincia;trieste;2020;5.9
ISTATP_NATALITA;provincia;trieste;2021;5.9
ISTATP_NATALITA;provincia;trieste;2022;6
ISTATP_NATALITA;provincia;trieste;2023;5.6
ISTATP_NATALITA;provincia;trieste;2024;5.9
ISTATP_NATALITA;provincia;trieste;2025;5.8
ISTATP_NATALITA;provincia;udine;2015;6.8
ISTATP_NATALITA;provincia;udine;2016;6.7
ISTATP_NATALITA;provincia;udine;2017;6.4
ISTATP_NATALITA;provincia;udine;2018;6.1
ISTATP_NATALITA;provincia;udine;2019;5.9
ISTATP_NATALITA;provincia;udine;2020;5.9
ISTATP_NATALITA;provincia;udine;2021;5.7
ISTATP_NATALITA;provincia;udine;2022;5.7
ISTATP_NATALITA;provincia;udine;2023;5.4
ISTATP_NATALITA;provincia;udine;2024;5.5
ISTATP_NATALITA;provincia;udine;2025;5.1
ISTATP_NATALITA;provincia;varese;2015;8.4
ISTATP_NATALITA;provincia;varese;2016;7.9
ISTATP_NATALITA;provincia;varese;2017;7.5
ISTATP_NATALITA;provincia;varese;2018;7.4
ISTATP_NATALITA;provincia;varese;2019;7.1
ISTATP_NATALITA;provincia;varese;2020;6.6
ISTATP_NATALITA;provincia;varese;2021;6.8
ISTATP_NATALITA;provincia;varese;2022;6.5
ISTATP_NATALITA;provincia;varese;2023;6.3
ISTATP_NATALITA;provincia;varese;2024;6.2
ISTATP_NATALITA;provincia;varese;2025;6
ISTATP_NATALITA;provincia;venezia;2015;7.2
ISTATP_NATALITA;provincia;venezia;2016;7.1
ISTATP_NATALITA;provincia;venezia;2017;6.9
ISTATP_NATALITA;provincia;venezia;2018;6.6
ISTATP_NATALITA;provincia;venezia;2019;6.3
ISTATP_NATALITA;provincia;venezia;2020;6.2
ISTATP_NATALITA;provincia;venezia;2021;6.3
ISTATP_NATALITA;provincia;venezia;2022;6
ISTATP_NATALITA;provincia;venezia;2023;5.9
ISTATP_NATALITA;provincia;venezia;2024;5.6
ISTATP_NATALITA;provincia;venezia;2025;5.4
ISTATP_NATALITA;provincia;verbano-cusio-ossola;2015;6.5
ISTATP_NATALITA;provincia;verbano-cusio-ossola;2016;6
ISTATP_NATALITA;provincia;verbano-cusio-ossola;2017;5.7
ISTATP_NATALITA;provincia;verbano-cusio-ossola;2018;5.4
ISTATP_NATALITA;provincia;verbano-cusio-ossola;2019;5.2
ISTATP_NATALITA;provincia;verbano-cusio-ossola;2020;5.5
ISTATP_NATALITA;provincia;verbano-cusio-ossola;2021;5.7
ISTATP_NATALITA;provincia;verbano-cusio-ossola;2022;5
ISTATP_NATALITA;provincia;verbano-cusio-ossola;2023;5
ISTATP_NATALITA;provincia;verbano-cusio-ossola;2024;4.9
ISTATP_NATALITA;provincia;verbano-cusio-ossola;2025;4.9
ISTATP_NATALITA;provincia;vercelli;2015;6.7
ISTATP_NATALITA;provincia;vercelli;2016;6.7
ISTATP_NATALITA;provincia;vercelli;2017;6.5
ISTATP_NATALITA;provincia;vercelli;2018;6.3
ISTATP_NATALITA;provincia;vercelli;2019;6.1
ISTATP_NATALITA;provincia;vercelli;2020;6
ISTATP_NATALITA;provincia;vercelli;2021;6
ISTATP_NATALITA;provincia;vercelli;2022;5.9
ISTATP_NATALITA;provincia;vercelli;2023;5.7
ISTATP_NATALITA;provincia;vercelli;2024;5.4
ISTATP_NATALITA;provincia;vercelli;2025;5.7
ISTATP_NATALITA;provincia;verona;2015;8.7
ISTATP_NATALITA;provincia;verona;2016;8.5
ISTATP_NATALITA;provincia;verona;2017;8.2
ISTATP_NATALITA;provincia;verona;2018;8
ISTATP_NATALITA;provincia;verona;2019;7.7
ISTATP_NATALITA;provincia;verona;2020;7.4
ISTATP_NATALITA;provincia;verona;2021;7.2
ISTATP_NATALITA;provincia;verona;2022;7
ISTATP_NATALITA;provincia;verona;2023;6.7
ISTATP_NATALITA;provincia;verona;2024;6.6
ISTATP_NATALITA;provincia;verona;2025;6.4
ISTATP_NATALITA;provincia;vibo-valentia;2015;8
ISTATP_NATALITA;provincia;vibo-valentia;2016;7.9
ISTATP_NATALITA;provincia;vibo-valentia;2017;7.8
ISTATP_NATALITA;provincia;vibo-valentia;2018;7.8
ISTATP_NATALITA;provincia;vibo-valentia;2019;7.5
ISTATP_NATALITA;provincia;vibo-valentia;2020;7.6
ISTATP_NATALITA;provincia;vibo-valentia;2021;7.1
ISTATP_NATALITA;provincia;vibo-valentia;2022;7.3
ISTATP_NATALITA;provincia;vibo-valentia;2023;7.3
ISTATP_NATALITA;provincia;vibo-valentia;2024;7.4
ISTATP_NATALITA;provincia;vibo-valentia;2025;6.8
ISTATP_NATALITA;provincia;vicenza;2015;8.2
ISTATP_NATALITA;provincia;vicenza;2016;7.9
ISTATP_NATALITA;provincia;vicenza;2017;7.6
ISTATP_NATALITA;provincia;vicenza;2018;7.5
ISTATP_NATALITA;provincia;vicenza;2019;7.1
ISTATP_NATALITA;provincia;vicenza;2020;7.1
ISTATP_NATALITA;provincia;vicenza;2021;7.2
ISTATP_NATALITA;provincia;vicenza;2022;7
ISTATP_NATALITA;provincia;vicenza;2023;6.6
ISTATP_NATALITA;provincia;vicenza;2024;6.7
ISTATP_NATALITA;provincia;vicenza;2025;6.4
ISTATP_NATALITA;provincia;viterbo;2015;7.4
ISTATP_NATALITA;provincia;viterbo;2016;7.2
ISTATP_NATALITA;provincia;viterbo;2017;6.7
ISTATP_NATALITA;provincia;viterbo;2018;6.7
ISTATP_NATALITA;provincia;viterbo;2019;6.1
ISTATP_NATALITA;provincia;viterbo;2020;5.9
ISTATP_NATALITA;provincia;viterbo;2021;5.8
ISTATP_NATALITA;provincia;viterbo;2022;5.7
ISTATP_NATALITA;provincia;viterbo;2023;5.5
ISTATP_NATALITA;provincia;viterbo;2024;5
ISTATP_NATALITA;provincia;viterbo;2025;4.8
ISTATP_NATALITA;regione;abruzzo;2015;7.7
ISTATP_NATALITA;regione;abruzzo;2016;7.7
ISTATP_NATALITA;regione;abruzzo;2017;7.3
ISTATP_NATALITA;regione;abruzzo;2018;6.9
ISTATP_NATALITA;regione;abruzzo;2019;6.6
ISTATP_NATALITA;regione;abruzzo;2020;6.4
ISTATP_NATALITA;regione;abruzzo;2021;6.5
ISTATP_NATALITA;regione;abruzzo;2022;6.3
ISTATP_NATALITA;regione;abruzzo;2023;6
ISTATP_NATALITA;regione;abruzzo;2024;5.8
ISTATP_NATALITA;regione;abruzzo;2025;5.5
ISTATP_NATALITA;regione;basilicata;2015;7.2
ISTATP_NATALITA;regione;basilicata;2016;7.1
ISTATP_NATALITA;regione;basilicata;2017;7.1
ISTATP_NATALITA;regione;basilicata;2018;6.6
ISTATP_NATALITA;regione;basilicata;2019;6.6
ISTATP_NATALITA;regione;basilicata;2020;6.4
ISTATP_NATALITA;regione;basilicata;2021;6.1
ISTATP_NATALITA;regione;basilicata;2022;6
ISTATP_NATALITA;regione;basilicata;2023;5.8
ISTATP_NATALITA;regione;basilicata;2024;5.8
ISTATP_NATALITA;regione;basilicata;2025;5.6
ISTATP_NATALITA;regione;calabria;2015;8.4
ISTATP_NATALITA;regione;calabria;2016;8.3
ISTATP_NATALITA;regione;calabria;2017;8.1
ISTATP_NATALITA;regione;calabria;2018;7.9
ISTATP_NATALITA;regione;calabria;2019;7.6
ISTATP_NATALITA;regione;calabria;2020;7.4
ISTATP_NATALITA;regione;calabria;2021;7.1
ISTATP_NATALITA;regione;calabria;2022;7.3
ISTATP_NATALITA;regione;calabria;2023;7.2
ISTATP_NATALITA;regione;calabria;2024;6.9
ISTATP_NATALITA;regione;calabria;2025;6.5
ISTATP_NATALITA;regione;campania;2015;8.8
ISTATP_NATALITA;regione;campania;2016;8.7
ISTATP_NATALITA;regione;campania;2017;8.7
ISTATP_NATALITA;regione;campania;2018;8.4
ISTATP_NATALITA;regione;campania;2019;8.2
ISTATP_NATALITA;regione;campania;2020;8
ISTATP_NATALITA;regione;campania;2021;7.7
ISTATP_NATALITA;regione;campania;2022;7.9
ISTATP_NATALITA;regione;campania;2023;7.7
ISTATP_NATALITA;regione;campania;2024;7.4
ISTATP_NATALITA;regione;campania;2025;7.1
ISTATP_NATALITA;regione;emilia-romagna;2015;8.1
ISTATP_NATALITA;regione;emilia-romagna;2016;7.8
ISTATP_NATALITA;regione;emilia-romagna;2017;7.4
ISTATP_NATALITA;regione;emilia-romagna;2018;7.3
ISTATP_NATALITA;regione;emilia-romagna;2019;6.9
ISTATP_NATALITA;regione;emilia-romagna;2020;6.7
ISTATP_NATALITA;regione;emilia-romagna;2021;6.7
ISTATP_NATALITA;regione;emilia-romagna;2022;6.7
ISTATP_NATALITA;regione;emilia-romagna;2023;6.4
ISTATP_NATALITA;regione;emilia-romagna;2024;6.3
ISTATP_NATALITA;regione;emilia-romagna;2025;6
ISTATP_NATALITA;regione;friuli-venezia-giulia;2015;7
ISTATP_NATALITA;regione;friuli-venezia-giulia;2016;7
ISTATP_NATALITA;regione;friuli-venezia-giulia;2017;6.7
ISTATP_NATALITA;regione;friuli-venezia-giulia;2018;6.5
ISTATP_NATALITA;regione;friuli-venezia-giulia;2019;6.2
ISTATP_NATALITA;regione;friuli-venezia-giulia;2020;6.2
ISTATP_NATALITA;regione;friuli-venezia-giulia;2021;6.1
ISTATP_NATALITA;regione;friuli-venezia-giulia;2022;6.1
ISTATP_NATALITA;regione;friuli-venezia-giulia;2023;5.8
ISTATP_NATALITA;regione;friuli-venezia-giulia;2024;5.8
ISTATP_NATALITA;regione;friuli-venezia-giulia;2025;5.6
ISTATP_NATALITA;regione;lazio;2015;8.4
ISTATP_NATALITA;regione;lazio;2016;8.3
ISTATP_NATALITA;regione;lazio;2017;7.7
ISTATP_NATALITA;regione;lazio;2018;7.3
ISTATP_NATALITA;regione;lazio;2019;6.7
ISTATP_NATALITA;regione;lazio;2020;6.6
ISTATP_NATALITA;regione;lazio;2021;6.5
ISTATP_NATALITA;regione;lazio;2022;6.3
ISTATP_NATALITA;regione;lazio;2023;6
ISTATP_NATALITA;regione;lazio;2024;5.9
ISTATP_NATALITA;regione;lazio;2025;5.6
ISTATP_NATALITA;regione;liguria;2015;6.5
ISTATP_NATALITA;regione;liguria;2016;6.4
ISTATP_NATALITA;regione;liguria;2017;6.2
ISTATP_NATALITA;regione;liguria;2018;5.9
ISTATP_NATALITA;regione;liguria;2019;5.7
ISTATP_NATALITA;regione;liguria;2020;5.8
ISTATP_NATALITA;regione;liguria;2021;5.7
ISTATP_NATALITA;regione;liguria;2022;5.6
ISTATP_NATALITA;regione;liguria;2023;5.5
ISTATP_NATALITA;regione;liguria;2024;5.6
ISTATP_NATALITA;regione;liguria;2025;5.3
ISTATP_NATALITA;regione;lombardia;2015;8.5
ISTATP_NATALITA;regione;lombardia;2016;8.2
ISTATP_NATALITA;regione;lombardia;2017;7.9
ISTATP_NATALITA;regione;lombardia;2018;7.6
ISTATP_NATALITA;regione;lombardia;2019;7.3
ISTATP_NATALITA;regione;lombardia;2020;6.9
ISTATP_NATALITA;regione;lombardia;2021;6.9
ISTATP_NATALITA;regione;lombardia;2022;6.8
ISTATP_NATALITA;regione;lombardia;2023;6.6
ISTATP_NATALITA;regione;lombardia;2024;6.5
ISTATP_NATALITA;regione;lombardia;2025;6.3
ISTATP_NATALITA;regione;marche;2015;7.7
ISTATP_NATALITA;regione;marche;2016;7.5
ISTATP_NATALITA;regione;marche;2017;7
ISTATP_NATALITA;regione;marche;2018;6.7
ISTATP_NATALITA;regione;marche;2019;6.4
ISTATP_NATALITA;regione;marche;2020;6.3
ISTATP_NATALITA;regione;marche;2021;6.2
ISTATP_NATALITA;regione;marche;2022;5.9
ISTATP_NATALITA;regione;marche;2023;5.9
ISTATP_NATALITA;regione;marche;2024;5.6
ISTATP_NATALITA;regione;marche;2025;5.6
ISTATP_NATALITA;regione;molise;2015;7
ISTATP_NATALITA;regione;molise;2016;6.8
ISTATP_NATALITA;regione;molise;2017;6.9
ISTATP_NATALITA;regione;molise;2018;6.2
ISTATP_NATALITA;regione;molise;2019;6.4
ISTATP_NATALITA;regione;molise;2020;5.8
ISTATP_NATALITA;regione;molise;2021;5.7
ISTATP_NATALITA;regione;molise;2022;5.8
ISTATP_NATALITA;regione;molise;2023;5.7
ISTATP_NATALITA;regione;molise;2024;5.4
ISTATP_NATALITA;regione;molise;2025;5.2
ISTATP_NATALITA;regione;piemonte;2015;7.5
ISTATP_NATALITA;regione;piemonte;2016;7.2
ISTATP_NATALITA;regione;piemonte;2017;7.1
ISTATP_NATALITA;regione;piemonte;2018;6.7
ISTATP_NATALITA;regione;piemonte;2019;6.5
ISTATP_NATALITA;regione;piemonte;2020;6.3
ISTATP_NATALITA;regione;piemonte;2021;6.3
ISTATP_NATALITA;regione;piemonte;2022;6.1
ISTATP_NATALITA;regione;piemonte;2023;5.9
ISTATP_NATALITA;regione;piemonte;2024;5.8
ISTATP_NATALITA;regione;piemonte;2025;5.6
ISTATP_NATALITA;regione;puglia;2015;7.8
ISTATP_NATALITA;regione;puglia;2016;7.7
ISTATP_NATALITA;regione;puglia;2017;7.5
ISTATP_NATALITA;regione;puglia;2018;7.3
ISTATP_NATALITA;regione;puglia;2019;7
ISTATP_NATALITA;regione;puglia;2020;6.7
ISTATP_NATALITA;regione;puglia;2021;6.7
ISTATP_NATALITA;regione;puglia;2022;6.7
ISTATP_NATALITA;regione;puglia;2023;6.6
ISTATP_NATALITA;regione;puglia;2024;6.3
ISTATP_NATALITA;regione;puglia;2025;5.9
ISTATP_NATALITA;regione;sardegna;2015;6.7
ISTATP_NATALITA;regione;sardegna;2016;6.4
ISTATP_NATALITA;regione;sardegna;2017;6.2
ISTATP_NATALITA;regione;sardegna;2018;5.8
ISTATP_NATALITA;regione;sardegna;2019;5.5
ISTATP_NATALITA;regione;sardegna;2020;5.2
ISTATP_NATALITA;regione;sardegna;2021;5.2
ISTATP_NATALITA;regione;sardegna;2022;4.9
ISTATP_NATALITA;regione;sardegna;2023;4.6
ISTATP_NATALITA;regione;sardegna;2024;4.5
ISTATP_NATALITA;regione;sardegna;2025;4.1
ISTATP_NATALITA;regione;sicilia;2015;8.6
ISTATP_NATALITA;regione;sicilia;2016;8.3
ISTATP_NATALITA;regione;sicilia;2017;8.4
ISTATP_NATALITA;regione;sicilia;2018;8.3
ISTATP_NATALITA;regione;sicilia;2019;7.9
ISTATP_NATALITA;regione;sicilia;2020;7.7
ISTATP_NATALITA;regione;sicilia;2021;7.7
ISTATP_NATALITA;regione;sicilia;2022;7.6
ISTATP_NATALITA;regione;sicilia;2023;7.4
ISTATP_NATALITA;regione;sicilia;2024;7
ISTATP_NATALITA;regione;sicilia;2025;6.7
ISTATP_NATALITA;regione;toscana;2015;7.4
ISTATP_NATALITA;regione;toscana;2016;7.2
ISTATP_NATALITA;regione;toscana;2017;7
ISTATP_NATALITA;regione;toscana;2018;6.7
ISTATP_NATALITA;regione;toscana;2019;6.3
ISTATP_NATALITA;regione;toscana;2020;6.1
ISTATP_NATALITA;regione;toscana;2021;6.1
ISTATP_NATALITA;regione;toscana;2022;5.9
ISTATP_NATALITA;regione;toscana;2023;5.7
ISTATP_NATALITA;regione;toscana;2024;5.7
ISTATP_NATALITA;regione;toscana;2025;5.4
ISTATP_NATALITA;regione;trentino-alto-adige;2015;9.6
ISTATP_NATALITA;regione;trentino-alto-adige;2016;9.5
ISTATP_NATALITA;regione;trentino-alto-adige;2017;9.2
ISTATP_NATALITA;regione;trentino-alto-adige;2018;9
ISTATP_NATALITA;regione;trentino-alto-adige;2019;8.8
ISTATP_NATALITA;regione;trentino-alto-adige;2020;8.6
ISTATP_NATALITA;regione;trentino-alto-adige;2021;8.7
ISTATP_NATALITA;regione;trentino-alto-adige;2022;8.3
ISTATP_NATALITA;regione;trentino-alto-adige;2023;7.9
ISTATP_NATALITA;regione;trentino-alto-adige;2024;7.6
ISTATP_NATALITA;regione;trentino-alto-adige;2025;7.7
ISTATP_NATALITA;regione;umbria;2015;7.4
ISTATP_NATALITA;regione;umbria;2016;7.2
ISTATP_NATALITA;regione;umbria;2017;7
ISTATP_NATALITA;regione;umbria;2018;6.6
ISTATP_NATALITA;regione;umbria;2019;6.4
ISTATP_NATALITA;regione;umbria;2020;6.1
ISTATP_NATALITA;regione;umbria;2021;6.1
ISTATP_NATALITA;regione;umbria;2022;5.7
ISTATP_NATALITA;regione;umbria;2023;5.6
ISTATP_NATALITA;regione;umbria;2024;5.6
ISTATP_NATALITA;regione;umbria;2025;5.2
ISTATP_NATALITA;regione;valle-d-aosta;2015;7.7
ISTATP_NATALITA;regione;valle-d-aosta;2016;7.6
ISTATP_NATALITA;regione;valle-d-aosta;2017;7.2
ISTATP_NATALITA;regione;valle-d-aosta;2018;7.2
ISTATP_NATALITA;regione;valle-d-aosta;2019;6.7
ISTATP_NATALITA;regione;valle-d-aosta;2020;6.2
ISTATP_NATALITA;regione;valle-d-aosta;2021;6
ISTATP_NATALITA;regione;valle-d-aosta;2022;6.3
ISTATP_NATALITA;regione;valle-d-aosta;2023;5.8
ISTATP_NATALITA;regione;valle-d-aosta;2024;5.2
ISTATP_NATALITA;regione;valle-d-aosta;2025;5.5
ISTATP_NATALITA;regione;veneto;2015;8
ISTATP_NATALITA;regione;veneto;2016;7.7
ISTATP_NATALITA;regione;veneto;2017;7.5
ISTATP_NATALITA;regione;veneto;2018;7.2
ISTATP_NATALITA;regione;veneto;2019;6.9
ISTATP_NATALITA;regione;veneto;2020;6.7
ISTATP_NATALITA;regione;veneto;2021;6.8
ISTATP_NATALITA;regione;veneto;2022;6.5
ISTATP_NATALITA;regione;veneto;2023;6.3
ISTATP_NATALITA;regione;veneto;2024;6.2
ISTATP_NATALITA;regione;veneto;2025;6
ISTATP_DISOCCUPAZIONE;provincia;agrigento;2018;27.316
ISTATP_DISOCCUPAZIONE;provincia;agrigento;2019;23.51
ISTATP_DISOCCUPAZIONE;provincia;agrigento;2020;22.014
ISTATP_DISOCCUPAZIONE;provincia;agrigento;2021;21.777
ISTATP_DISOCCUPAZIONE;provincia;agrigento;2022;18.919
ISTATP_DISOCCUPAZIONE;provincia;agrigento;2023;16.186
ISTATP_DISOCCUPAZIONE;provincia;agrigento;2024;15.705
ISTATP_DISOCCUPAZIONE;provincia;agrigento;2025;19.821
ISTATP_DISOCCUPAZIONE;provincia;alessandria;2018;9.965
ISTATP_DISOCCUPAZIONE;provincia;alessandria;2019;9.181
ISTATP_DISOCCUPAZIONE;provincia;alessandria;2020;9.826
ISTATP_DISOCCUPAZIONE;provincia;alessandria;2021;6.867
ISTATP_DISOCCUPAZIONE;provincia;alessandria;2022;7.024
ISTATP_DISOCCUPAZIONE;provincia;alessandria;2023;6.659
ISTATP_DISOCCUPAZIONE;provincia;alessandria;2024;4.983
ISTATP_DISOCCUPAZIONE;provincia;alessandria;2025;4.289
ISTATP_DISOCCUPAZIONE;provincia;ancona;2018;8.923
ISTATP_DISOCCUPAZIONE;provincia;ancona;2019;11.018
ISTATP_DISOCCUPAZIONE;provincia;ancona;2020;8.167
ISTATP_DISOCCUPAZIONE;provincia;ancona;2021;8.406
ISTATP_DISOCCUPAZIONE;provincia;ancona;2022;7.76
ISTATP_DISOCCUPAZIONE;provincia;ancona;2023;6.007
ISTATP_DISOCCUPAZIONE;provincia;ancona;2024;6.823
ISTATP_DISOCCUPAZIONE;provincia;ancona;2025;6.321
ISTATP_DISOCCUPAZIONE;provincia;aosta;2018;7.075
ISTATP_DISOCCUPAZIONE;provincia;aosta;2019;6.485
ISTATP_DISOCCUPAZIONE;provincia;aosta;2020;5.853
ISTATP_DISOCCUPAZIONE;provincia;aosta;2021;7.26
ISTATP_DISOCCUPAZIONE;provincia;aosta;2022;5.353
ISTATP_DISOCCUPAZIONE;provincia;aosta;2023;4.042
ISTATP_DISOCCUPAZIONE;provincia;aosta;2024;3.897
ISTATP_DISOCCUPAZIONE;provincia;aosta;2025;3.893
ISTATP_DISOCCUPAZIONE;provincia;arezzo;2018;9.265
ISTATP_DISOCCUPAZIONE;provincia;arezzo;2019;7.443
ISTATP_DISOCCUPAZIONE;provincia;arezzo;2020;7.604
ISTATP_DISOCCUPAZIONE;provincia;arezzo;2021;7.051
ISTATP_DISOCCUPAZIONE;provincia;arezzo;2022;5.172
ISTATP_DISOCCUPAZIONE;provincia;arezzo;2023;5.301
ISTATP_DISOCCUPAZIONE;provincia;arezzo;2024;4.18
ISTATP_DISOCCUPAZIONE;provincia;arezzo;2025;2.911
ISTATP_DISOCCUPAZIONE;provincia;ascoli-piceno;2018;9.349
ISTATP_DISOCCUPAZIONE;provincia;ascoli-piceno;2019;10.47
ISTATP_DISOCCUPAZIONE;provincia;ascoli-piceno;2020;10.779
ISTATP_DISOCCUPAZIONE;provincia;ascoli-piceno;2021;8.474
ISTATP_DISOCCUPAZIONE;provincia;ascoli-piceno;2022;6.703
ISTATP_DISOCCUPAZIONE;provincia;ascoli-piceno;2023;4.251
ISTATP_DISOCCUPAZIONE;provincia;ascoli-piceno;2024;3.715
ISTATP_DISOCCUPAZIONE;provincia;ascoli-piceno;2025;3.338
ISTATP_DISOCCUPAZIONE;provincia;asti;2018;8.361
ISTATP_DISOCCUPAZIONE;provincia;asti;2019;5.57
ISTATP_DISOCCUPAZIONE;provincia;asti;2020;7.197
ISTATP_DISOCCUPAZIONE;provincia;asti;2021;7.447
ISTATP_DISOCCUPAZIONE;provincia;asti;2022;7.83
ISTATP_DISOCCUPAZIONE;provincia;asti;2023;6.915
ISTATP_DISOCCUPAZIONE;provincia;asti;2024;6.411
ISTATP_DISOCCUPAZIONE;provincia;asti;2025;4.005
ISTATP_DISOCCUPAZIONE;provincia;avellino;2018;15.251
ISTATP_DISOCCUPAZIONE;provincia;avellino;2019;14.576
ISTATP_DISOCCUPAZIONE;provincia;avellino;2020;14.122
ISTATP_DISOCCUPAZIONE;provincia;avellino;2021;14.471
ISTATP_DISOCCUPAZIONE;provincia;avellino;2022;13.859
ISTATP_DISOCCUPAZIONE;provincia;avellino;2023;14.08
ISTATP_DISOCCUPAZIONE;provincia;avellino;2024;8.719
ISTATP_DISOCCUPAZIONE;provincia;avellino;2025;6.815
ISTATP_DISOCCUPAZIONE;provincia;bari;2018;13.136
ISTATP_DISOCCUPAZIONE;provincia;bari;2019;11.824
ISTATP_DISOCCUPAZIONE;provincia;bari;2020;10.254
ISTATP_DISOCCUPAZIONE;provincia;bari;2021;9.968
ISTATP_DISOCCUPAZIONE;provincia;bari;2022;9.122
ISTATP_DISOCCUPAZIONE;provincia;bari;2023;8.276
ISTATP_DISOCCUPAZIONE;provincia;bari;2024;5.636
ISTATP_DISOCCUPAZIONE;provincia;bari;2025;6.29
ISTATP_DISOCCUPAZIONE;provincia;barletta-andria-trani;2018;14.044
ISTATP_DISOCCUPAZIONE;provincia;barletta-andria-trani;2019;14.243
ISTATP_DISOCCUPAZIONE;provincia;barletta-andria-trani;2020;13.705
ISTATP_DISOCCUPAZIONE;provincia;barletta-andria-trani;2021;15.602
ISTATP_DISOCCUPAZIONE;provincia;barletta-andria-trani;2022;10.984
ISTATP_DISOCCUPAZIONE;provincia;barletta-andria-trani;2023;9.448
ISTATP_DISOCCUPAZIONE;provincia;barletta-andria-trani;2024;6.649
ISTATP_DISOCCUPAZIONE;provincia;barletta-andria-trani;2025;11.639
ISTATP_DISOCCUPAZIONE;provincia;belluno;2018;4.352
ISTATP_DISOCCUPAZIONE;provincia;belluno;2019;3.881
ISTATP_DISOCCUPAZIONE;provincia;belluno;2020;3.757
ISTATP_DISOCCUPAZIONE;provincia;belluno;2021;4.239
ISTATP_DISOCCUPAZIONE;provincia;belluno;2022;2.814
ISTATP_DISOCCUPAZIONE;provincia;belluno;2023;3.009
ISTATP_DISOCCUPAZIONE;provincia;belluno;2024;2.817
ISTATP_DISOCCUPAZIONE;provincia;belluno;2025;2.803
ISTATP_DISOCCUPAZIONE;provincia;benevento;2018;11.805
ISTATP_DISOCCUPAZIONE;provincia;benevento;2019;10.372
ISTATP_DISOCCUPAZIONE;provincia;benevento;2020;11.737
ISTATP_DISOCCUPAZIONE;provincia;benevento;2021;12.774
ISTATP_DISOCCUPAZIONE;provincia;benevento;2022;7.451
ISTATP_DISOCCUPAZIONE;provincia;benevento;2023;9.537
ISTATP_DISOCCUPAZIONE;provincia;benevento;2024;8.372
ISTATP_DISOCCUPAZIONE;provincia;benevento;2025;7.916
ISTATP_DISOCCUPAZIONE;provincia;bergamo;2018;4.839
ISTATP_DISOCCUPAZIONE;provincia;bergamo;2019;3.549
ISTATP_DISOCCUPAZIONE;provincia;bergamo;2020;3.069
ISTATP_DISOCCUPAZIONE;provincia;bergamo;2021;3.545
ISTATP_DISOCCUPAZIONE;provincia;bergamo;2022;3.386
ISTATP_DISOCCUPAZIONE;provincia;bergamo;2023;2.919
ISTATP_DISOCCUPAZIONE;provincia;bergamo;2024;1.557
ISTATP_DISOCCUPAZIONE;provincia;bergamo;2025;1.349
ISTATP_DISOCCUPAZIONE;provincia;biella;2018;6.604
ISTATP_DISOCCUPAZIONE;provincia;biella;2019;8.077
ISTATP_DISOCCUPAZIONE;provincia;biella;2020;6.64
ISTATP_DISOCCUPAZIONE;provincia;biella;2021;6.016
ISTATP_DISOCCUPAZIONE;provincia;biella;2022;3.75
ISTATP_DISOCCUPAZIONE;provincia;biella;2023;3.97
ISTATP_DISOCCUPAZIONE;provincia;biella;2024;3.34
ISTATP_DISOCCUPAZIONE;provincia;biella;2025;4.195
ISTATP_DISOCCUPAZIONE;provincia;bologna;2018;5.618
ISTATP_DISOCCUPAZIONE;provincia;bologna;2019;4.488
ISTATP_DISOCCUPAZIONE;provincia;bologna;2020;4.63
ISTATP_DISOCCUPAZIONE;provincia;bologna;2021;4.574
ISTATP_DISOCCUPAZIONE;provincia;bologna;2022;3.629
ISTATP_DISOCCUPAZIONE;provincia;bologna;2023;3.809
ISTATP_DISOCCUPAZIONE;provincia;bologna;2024;4.514
ISTATP_DISOCCUPAZIONE;provincia;bologna;2025;3.145
ISTATP_DISOCCUPAZIONE;provincia;bolzano;2018;2.896
ISTATP_DISOCCUPAZIONE;provincia;bolzano;2019;2.881
ISTATP_DISOCCUPAZIONE;provincia;bolzano;2020;3.718
ISTATP_DISOCCUPAZIONE;provincia;bolzano;2021;3.837
ISTATP_DISOCCUPAZIONE;provincia;bolzano;2022;2.283
ISTATP_DISOCCUPAZIONE;provincia;bolzano;2023;1.968
ISTATP_DISOCCUPAZIONE;provincia;bolzano;2024;1.955
ISTATP_DISOCCUPAZIONE;provincia;bolzano;2025;1.779
ISTATP_DISOCCUPAZIONE;provincia;brescia;2018;5.21
ISTATP_DISOCCUPAZIONE;provincia;brescia;2019;4.744
ISTATP_DISOCCUPAZIONE;provincia;brescia;2020;4.361
ISTATP_DISOCCUPAZIONE;provincia;brescia;2021;4.891
ISTATP_DISOCCUPAZIONE;provincia;brescia;2022;4.05
ISTATP_DISOCCUPAZIONE;provincia;brescia;2023;3.438
ISTATP_DISOCCUPAZIONE;provincia;brescia;2024;2.841
ISTATP_DISOCCUPAZIONE;provincia;brescia;2025;2.876
ISTATP_DISOCCUPAZIONE;provincia;brindisi;2018;14.347
ISTATP_DISOCCUPAZIONE;provincia;brindisi;2019;11.747
ISTATP_DISOCCUPAZIONE;provincia;brindisi;2020;11.841
ISTATP_DISOCCUPAZIONE;provincia;brindisi;2021;15.8
ISTATP_DISOCCUPAZIONE;provincia;brindisi;2022;12.96
ISTATP_DISOCCUPAZIONE;provincia;brindisi;2023;14.836
ISTATP_DISOCCUPAZIONE;provincia;brindisi;2024;10.5
ISTATP_DISOCCUPAZIONE;provincia;brindisi;2025;6.409
ISTATP_DISOCCUPAZIONE;provincia;cagliari;2018;16.3
ISTATP_DISOCCUPAZIONE;provincia;cagliari;2019;15.899
ISTATP_DISOCCUPAZIONE;provincia;cagliari;2020;13.008
ISTATP_DISOCCUPAZIONE;provincia;cagliari;2021;16.409
ISTATP_DISOCCUPAZIONE;provincia;cagliari;2022;13.538
ISTATP_DISOCCUPAZIONE;provincia;cagliari;2023;11.38
ISTATP_DISOCCUPAZIONE;provincia;cagliari;2024;8.752
ISTATP_DISOCCUPAZIONE;provincia;cagliari;2025;7.966
ISTATP_DISOCCUPAZIONE;provincia;caltanissetta;2018;17.465
ISTATP_DISOCCUPAZIONE;provincia;caltanissetta;2019;18.47
ISTATP_DISOCCUPAZIONE;provincia;caltanissetta;2020;13.995
ISTATP_DISOCCUPAZIONE;provincia;caltanissetta;2021;16.32
ISTATP_DISOCCUPAZIONE;provincia;caltanissetta;2022;19.596
ISTATP_DISOCCUPAZIONE;provincia;caltanissetta;2023;17.236
ISTATP_DISOCCUPAZIONE;provincia;caltanissetta;2024;13.936
ISTATP_DISOCCUPAZIONE;provincia;caltanissetta;2025;11.305
ISTATP_DISOCCUPAZIONE;provincia;campobasso;2018;11.147
ISTATP_DISOCCUPAZIONE;provincia;campobasso;2019;11.62
ISTATP_DISOCCUPAZIONE;provincia;campobasso;2020;9.651
ISTATP_DISOCCUPAZIONE;provincia;campobasso;2021;10.46
ISTATP_DISOCCUPAZIONE;provincia;campobasso;2022;10.722
ISTATP_DISOCCUPAZIONE;provincia;campobasso;2023;8.75
ISTATP_DISOCCUPAZIONE;provincia;campobasso;2024;8.396
ISTATP_DISOCCUPAZIONE;provincia;campobasso;2025;6.663
ISTATP_DISOCCUPAZIONE;provincia;caserta;2018;19.23
ISTATP_DISOCCUPAZIONE;provincia;caserta;2019;18.333
ISTATP_DISOCCUPAZIONE;provincia;caserta;2020;17.154
ISTATP_DISOCCUPAZIONE;provincia;caserta;2021;15.349
ISTATP_DISOCCUPAZIONE;provincia;caserta;2022;14.2
ISTATP_DISOCCUPAZIONE;provincia;caserta;2023;13.308
ISTATP_DISOCCUPAZIONE;provincia;caserta;2024;9.942
ISTATP_DISOCCUPAZIONE;provincia;caserta;2025;11.284
ISTATP_DISOCCUPAZIONE;provincia;catania;2018;18.533
ISTATP_DISOCCUPAZIONE;provincia;catania;2019;15.961
ISTATP_DISOCCUPAZIONE;provincia;catania;2020;16.025
ISTATP_DISOCCUPAZIONE;provincia;catania;2021;15.452
ISTATP_DISOCCUPAZIONE;provincia;catania;2022;16.006
ISTATP_DISOCCUPAZIONE;provincia;catania;2023;15.312
ISTATP_DISOCCUPAZIONE;provincia;catania;2024;12.52
ISTATP_DISOCCUPAZIONE;provincia;catania;2025;12.714
ISTATP_DISOCCUPAZIONE;provincia;catanzaro;2018;20.23
ISTATP_DISOCCUPAZIONE;provincia;catanzaro;2019;20.643
ISTATP_DISOCCUPAZIONE;provincia;catanzaro;2020;18.13
ISTATP_DISOCCUPAZIONE;provincia;catanzaro;2021;16.795
ISTATP_DISOCCUPAZIONE;provincia;catanzaro;2022;13.077
ISTATP_DISOCCUPAZIONE;provincia;catanzaro;2023;14.904
ISTATP_DISOCCUPAZIONE;provincia;catanzaro;2024;15.682
ISTATP_DISOCCUPAZIONE;provincia;catanzaro;2025;10.39
ISTATP_DISOCCUPAZIONE;provincia;chieti;2018;11.247
ISTATP_DISOCCUPAZIONE;provincia;chieti;2019;13.472
ISTATP_DISOCCUPAZIONE;provincia;chieti;2020;10.911
ISTATP_DISOCCUPAZIONE;provincia;chieti;2021;9.651
ISTATP_DISOCCUPAZIONE;provincia;chieti;2022;11.198
ISTATP_DISOCCUPAZIONE;provincia;chieti;2023;7.248
ISTATP_DISOCCUPAZIONE;provincia;chieti;2024;5.773
ISTATP_DISOCCUPAZIONE;provincia;chieti;2025;7.708
ISTATP_DISOCCUPAZIONE;provincia;como;2018;7.251
ISTATP_DISOCCUPAZIONE;provincia;como;2019;6.493
ISTATP_DISOCCUPAZIONE;provincia;como;2020;5.594
ISTATP_DISOCCUPAZIONE;provincia;como;2021;7.501
ISTATP_DISOCCUPAZIONE;provincia;como;2022;6.407
ISTATP_DISOCCUPAZIONE;provincia;como;2023;5.455
ISTATP_DISOCCUPAZIONE;provincia;como;2024;5.435
ISTATP_DISOCCUPAZIONE;provincia;como;2025;4.66
ISTATP_DISOCCUPAZIONE;provincia;cosenza;2018;23.409
ISTATP_DISOCCUPAZIONE;provincia;cosenza;2019;21.386
ISTATP_DISOCCUPAZIONE;provincia;cosenza;2020;21.857
ISTATP_DISOCCUPAZIONE;provincia;cosenza;2021;18.775
ISTATP_DISOCCUPAZIONE;provincia;cosenza;2022;15.627
ISTATP_DISOCCUPAZIONE;provincia;cosenza;2023;17.478
ISTATP_DISOCCUPAZIONE;provincia;cosenza;2024;13.612
ISTATP_DISOCCUPAZIONE;provincia;cosenza;2025;10.305
ISTATP_DISOCCUPAZIONE;provincia;cremona;2018;5.081
ISTATP_DISOCCUPAZIONE;provincia;cremona;2019;4.926
ISTATP_DISOCCUPAZIONE;provincia;cremona;2020;5.683
ISTATP_DISOCCUPAZIONE;provincia;cremona;2021;4.975
ISTATP_DISOCCUPAZIONE;provincia;cremona;2022;5.402
ISTATP_DISOCCUPAZIONE;provincia;cremona;2023;2.617
ISTATP_DISOCCUPAZIONE;provincia;cremona;2024;1.958
ISTATP_DISOCCUPAZIONE;provincia;cremona;2025;2.389
ISTATP_DISOCCUPAZIONE;provincia;crotone;2018;27.694
ISTATP_DISOCCUPAZIONE;provincia;crotone;2019;29.022
ISTATP_DISOCCUPAZIONE;provincia;crotone;2020;30.079
ISTATP_DISOCCUPAZIONE;provincia;crotone;2021;20.33
ISTATP_DISOCCUPAZIONE;provincia;crotone;2022;16.589
ISTATP_DISOCCUPAZIONE;provincia;crotone;2023;12.988
ISTATP_DISOCCUPAZIONE;provincia;crotone;2024;11.242
ISTATP_DISOCCUPAZIONE;provincia;crotone;2025;12.348
ISTATP_DISOCCUPAZIONE;provincia;cuneo;2018;4.348
ISTATP_DISOCCUPAZIONE;provincia;cuneo;2019;4.789
ISTATP_DISOCCUPAZIONE;provincia;cuneo;2020;4.679
ISTATP_DISOCCUPAZIONE;provincia;cuneo;2021;4.62
ISTATP_DISOCCUPAZIONE;provincia;cuneo;2022;3.639
ISTATP_DISOCCUPAZIONE;provincia;cuneo;2023;3.567
ISTATP_DISOCCUPAZIONE;provincia;cuneo;2024;2.742
ISTATP_DISOCCUPAZIONE;provincia;cuneo;2025;3.164
ISTATP_DISOCCUPAZIONE;provincia;enna;2018;21.351
ISTATP_DISOCCUPAZIONE;provincia;enna;2019;23.402
ISTATP_DISOCCUPAZIONE;provincia;enna;2020;17.108
ISTATP_DISOCCUPAZIONE;provincia;enna;2021;18.169
ISTATP_DISOCCUPAZIONE;provincia;enna;2022;12.769
ISTATP_DISOCCUPAZIONE;provincia;enna;2023;13.899
ISTATP_DISOCCUPAZIONE;provincia;enna;2024;10.493
ISTATP_DISOCCUPAZIONE;provincia;enna;2025;11.959
ISTATP_DISOCCUPAZIONE;provincia;fermo;2018;5.782
ISTATP_DISOCCUPAZIONE;provincia;fermo;2019;5.791
ISTATP_DISOCCUPAZIONE;provincia;fermo;2020;4.844
ISTATP_DISOCCUPAZIONE;provincia;fermo;2021;4.822
ISTATP_DISOCCUPAZIONE;provincia;fermo;2022;4.25
ISTATP_DISOCCUPAZIONE;provincia;fermo;2023;3.091
ISTATP_DISOCCUPAZIONE;provincia;fermo;2024;3.792
ISTATP_DISOCCUPAZIONE;provincia;fermo;2025;5.515
ISTATP_DISOCCUPAZIONE;provincia;ferrara;2018;8.973
ISTATP_DISOCCUPAZIONE;provincia;ferrara;2019;8.714
ISTATP_DISOCCUPAZIONE;provincia;ferrara;2020;6.946
ISTATP_DISOCCUPAZIONE;provincia;ferrara;2021;7.299
ISTATP_DISOCCUPAZIONE;provincia;ferrara;2022;8.101
ISTATP_DISOCCUPAZIONE;provincia;ferrara;2023;5.617
ISTATP_DISOCCUPAZIONE;provincia;ferrara;2024;4.94
ISTATP_DISOCCUPAZIONE;provincia;ferrara;2025;4.586
ISTATP_DISOCCUPAZIONE;provincia;firenze;2018;5.777
ISTATP_DISOCCUPAZIONE;provincia;firenze;2019;6.164
ISTATP_DISOCCUPAZIONE;provincia;firenze;2020;6.011
ISTATP_DISOCCUPAZIONE;provincia;firenze;2021;6.184
ISTATP_DISOCCUPAZIONE;provincia;firenze;2022;5.994
ISTATP_DISOCCUPAZIONE;provincia;firenze;2023;4.535
ISTATP_DISOCCUPAZIONE;provincia;firenze;2024;2.671
ISTATP_DISOCCUPAZIONE;provincia;firenze;2025;3.632
ISTATP_DISOCCUPAZIONE;provincia;foggia;2018;22.232
ISTATP_DISOCCUPAZIONE;provincia;foggia;2019;20.77
ISTATP_DISOCCUPAZIONE;provincia;foggia;2020;25.052
ISTATP_DISOCCUPAZIONE;provincia;foggia;2021;21.767
ISTATP_DISOCCUPAZIONE;provincia;foggia;2022;16.897
ISTATP_DISOCCUPAZIONE;provincia;foggia;2023;17.573
ISTATP_DISOCCUPAZIONE;provincia;foggia;2024;16.002
ISTATP_DISOCCUPAZIONE;provincia;foggia;2025;13.732
ISTATP_DISOCCUPAZIONE;provincia;forli-cesena;2018;4.845
ISTATP_DISOCCUPAZIONE;provincia;forli-cesena;2019;5.605
ISTATP_DISOCCUPAZIONE;provincia;forli-cesena;2020;5.322
ISTATP_DISOCCUPAZIONE;provincia;forli-cesena;2021;5.487
ISTATP_DISOCCUPAZIONE;provincia;forli-cesena;2022;4.01
ISTATP_DISOCCUPAZIONE;provincia;forli-cesena;2023;5.151
ISTATP_DISOCCUPAZIONE;provincia;forli-cesena;2024;3.395
ISTATP_DISOCCUPAZIONE;provincia;forli-cesena;2025;4.527
ISTATP_DISOCCUPAZIONE;provincia;frosinone;2018;18.521
ISTATP_DISOCCUPAZIONE;provincia;frosinone;2019;14.164
ISTATP_DISOCCUPAZIONE;provincia;frosinone;2020;11.313
ISTATP_DISOCCUPAZIONE;provincia;frosinone;2021;10.876
ISTATP_DISOCCUPAZIONE;provincia;frosinone;2022;8.787
ISTATP_DISOCCUPAZIONE;provincia;frosinone;2023;10.126
ISTATP_DISOCCUPAZIONE;provincia;frosinone;2024;6.166
ISTATP_DISOCCUPAZIONE;provincia;frosinone;2025;5.281
ISTATP_DISOCCUPAZIONE;provincia;genova;2018;9.572
ISTATP_DISOCCUPAZIONE;provincia;genova;2019;9.994
ISTATP_DISOCCUPAZIONE;provincia;genova;2020;8.308
ISTATP_DISOCCUPAZIONE;provincia;genova;2021;7.543
ISTATP_DISOCCUPAZIONE;provincia;genova;2022;6.756
ISTATP_DISOCCUPAZIONE;provincia;genova;2023;5.839
ISTATP_DISOCCUPAZIONE;provincia;genova;2024;5.327
ISTATP_DISOCCUPAZIONE;provincia;genova;2025;4.703
ISTATP_DISOCCUPAZIONE;provincia;gorizia;2018;8.526
ISTATP_DISOCCUPAZIONE;provincia;gorizia;2019;7.679
ISTATP_DISOCCUPAZIONE;provincia;gorizia;2020;8.495
ISTATP_DISOCCUPAZIONE;provincia;gorizia;2021;7.67
ISTATP_DISOCCUPAZIONE;provincia;gorizia;2022;5.815
ISTATP_DISOCCUPAZIONE;provincia;gorizia;2023;6.268
ISTATP_DISOCCUPAZIONE;provincia;gorizia;2024;5.862
ISTATP_DISOCCUPAZIONE;provincia;gorizia;2025;4.091
ISTATP_DISOCCUPAZIONE;provincia;grosseto;2018;8.929
ISTATP_DISOCCUPAZIONE;provincia;grosseto;2019;7.142
ISTATP_DISOCCUPAZIONE;provincia;grosseto;2020;6.432
ISTATP_DISOCCUPAZIONE;provincia;grosseto;2021;8.041
ISTATP_DISOCCUPAZIONE;provincia;grosseto;2022;5.865
ISTATP_DISOCCUPAZIONE;provincia;grosseto;2023;5.62
ISTATP_DISOCCUPAZIONE;provincia;grosseto;2024;5.241
ISTATP_DISOCCUPAZIONE;provincia;grosseto;2025;4.869
ISTATP_DISOCCUPAZIONE;provincia;imperia;2018;13.292
ISTATP_DISOCCUPAZIONE;provincia;imperia;2019;13.57
ISTATP_DISOCCUPAZIONE;provincia;imperia;2020;10.017
ISTATP_DISOCCUPAZIONE;provincia;imperia;2021;11.13
ISTATP_DISOCCUPAZIONE;provincia;imperia;2022;9.214
ISTATP_DISOCCUPAZIONE;provincia;imperia;2023;8.387
ISTATP_DISOCCUPAZIONE;provincia;imperia;2024;5.623
ISTATP_DISOCCUPAZIONE;provincia;imperia;2025;3.015
ISTATP_DISOCCUPAZIONE;provincia;isernia;2018;17.079
ISTATP_DISOCCUPAZIONE;provincia;isernia;2019;13.171
ISTATP_DISOCCUPAZIONE;provincia;isernia;2020;10.65
ISTATP_DISOCCUPAZIONE;provincia;isernia;2021;12.119
ISTATP_DISOCCUPAZIONE;provincia;isernia;2022;9.978
ISTATP_DISOCCUPAZIONE;provincia;isernia;2023;11.675
ISTATP_DISOCCUPAZIONE;provincia;isernia;2024;6.6
ISTATP_DISOCCUPAZIONE;provincia;isernia;2025;4.901
ISTATP_DISOCCUPAZIONE;provincia;l-aquila;2018;9.956
ISTATP_DISOCCUPAZIONE;provincia;l-aquila;2019;9.443
ISTATP_DISOCCUPAZIONE;provincia;l-aquila;2020;8.229
ISTATP_DISOCCUPAZIONE;provincia;l-aquila;2021;9.493
ISTATP_DISOCCUPAZIONE;provincia;l-aquila;2022;8.891
ISTATP_DISOCCUPAZIONE;provincia;l-aquila;2023;9.193
ISTATP_DISOCCUPAZIONE;provincia;l-aquila;2024;6.068
ISTATP_DISOCCUPAZIONE;provincia;l-aquila;2025;4.267
ISTATP_DISOCCUPAZIONE;provincia;la-spezia;2018;9.805
ISTATP_DISOCCUPAZIONE;provincia;la-spezia;2019;8.798
ISTATP_DISOCCUPAZIONE;provincia;la-spezia;2020;10.005
ISTATP_DISOCCUPAZIONE;provincia;la-spezia;2021;9.782
ISTATP_DISOCCUPAZIONE;provincia;la-spezia;2022;8.012
ISTATP_DISOCCUPAZIONE;provincia;la-spezia;2023;5.03
ISTATP_DISOCCUPAZIONE;provincia;la-spezia;2024;5.162
ISTATP_DISOCCUPAZIONE;provincia;la-spezia;2025;5.465
ISTATP_DISOCCUPAZIONE;provincia;latina;2018;16.066
ISTATP_DISOCCUPAZIONE;provincia;latina;2019;13.7
ISTATP_DISOCCUPAZIONE;provincia;latina;2020;11.659
ISTATP_DISOCCUPAZIONE;provincia;latina;2021;10.941
ISTATP_DISOCCUPAZIONE;provincia;latina;2022;9.41
ISTATP_DISOCCUPAZIONE;provincia;latina;2023;8.946
ISTATP_DISOCCUPAZIONE;provincia;latina;2024;9.393
ISTATP_DISOCCUPAZIONE;provincia;latina;2025;5.936
ISTATP_DISOCCUPAZIONE;provincia;lecce;2018;17.932
ISTATP_DISOCCUPAZIONE;provincia;lecce;2019;17.502
ISTATP_DISOCCUPAZIONE;provincia;lecce;2020;16.254
ISTATP_DISOCCUPAZIONE;provincia;lecce;2021;15.351
ISTATP_DISOCCUPAZIONE;provincia;lecce;2022;12.796
ISTATP_DISOCCUPAZIONE;provincia;lecce;2023;10.736
ISTATP_DISOCCUPAZIONE;provincia;lecce;2024;10.143
ISTATP_DISOCCUPAZIONE;provincia;lecce;2025;10.186
ISTATP_DISOCCUPAZIONE;provincia;lecco;2018;5.772
ISTATP_DISOCCUPAZIONE;provincia;lecco;2019;5.289
ISTATP_DISOCCUPAZIONE;provincia;lecco;2020;5.295
ISTATP_DISOCCUPAZIONE;provincia;lecco;2021;5.493
ISTATP_DISOCCUPAZIONE;provincia;lecco;2022;2.816
ISTATP_DISOCCUPAZIONE;provincia;lecco;2023;3.034
ISTATP_DISOCCUPAZIONE;provincia;lecco;2024;3.082
ISTATP_DISOCCUPAZIONE;provincia;lecco;2025;2.575
ISTATP_DISOCCUPAZIONE;provincia;livorno;2018;6.397
ISTATP_DISOCCUPAZIONE;provincia;livorno;2019;5.823
ISTATP_DISOCCUPAZIONE;provincia;livorno;2020;6.184
ISTATP_DISOCCUPAZIONE;provincia;livorno;2021;5.453
ISTATP_DISOCCUPAZIONE;provincia;livorno;2022;4.812
ISTATP_DISOCCUPAZIONE;provincia;livorno;2023;4.686
ISTATP_DISOCCUPAZIONE;provincia;livorno;2024;4.755
ISTATP_DISOCCUPAZIONE;provincia;livorno;2025;3.88
ISTATP_DISOCCUPAZIONE;provincia;lodi;2018;6.552
ISTATP_DISOCCUPAZIONE;provincia;lodi;2019;7.154
ISTATP_DISOCCUPAZIONE;provincia;lodi;2020;6.16
ISTATP_DISOCCUPAZIONE;provincia;lodi;2021;5.277
ISTATP_DISOCCUPAZIONE;provincia;lodi;2022;5.092
ISTATP_DISOCCUPAZIONE;provincia;lodi;2023;4.023
ISTATP_DISOCCUPAZIONE;provincia;lodi;2024;2.519
ISTATP_DISOCCUPAZIONE;provincia;lodi;2025;1.997
ISTATP_DISOCCUPAZIONE;provincia;lucca;2018;9.312
ISTATP_DISOCCUPAZIONE;provincia;lucca;2019;7.854
ISTATP_DISOCCUPAZIONE;provincia;lucca;2020;7.632
ISTATP_DISOCCUPAZIONE;provincia;lucca;2021;11.927
ISTATP_DISOCCUPAZIONE;provincia;lucca;2022;6.619
ISTATP_DISOCCUPAZIONE;provincia;lucca;2023;6.699
ISTATP_DISOCCUPAZIONE;provincia;lucca;2024;4.548
ISTATP_DISOCCUPAZIONE;provincia;lucca;2025;6.295
ISTATP_DISOCCUPAZIONE;provincia;macerata;2018;7.731
ISTATP_DISOCCUPAZIONE;provincia;macerata;2019;7.51
ISTATP_DISOCCUPAZIONE;provincia;macerata;2020;5.621
ISTATP_DISOCCUPAZIONE;provincia;macerata;2021;7.449
ISTATP_DISOCCUPAZIONE;provincia;macerata;2022;6.036
ISTATP_DISOCCUPAZIONE;provincia;macerata;2023;5.512
ISTATP_DISOCCUPAZIONE;provincia;macerata;2024;5.867
ISTATP_DISOCCUPAZIONE;provincia;macerata;2025;5.257
ISTATP_DISOCCUPAZIONE;provincia;mantova;2018;6.667
ISTATP_DISOCCUPAZIONE;provincia;mantova;2019;6.325
ISTATP_DISOCCUPAZIONE;provincia;mantova;2020;4.649
ISTATP_DISOCCUPAZIONE;provincia;mantova;2021;4.583
ISTATP_DISOCCUPAZIONE;provincia;mantova;2022;4.455
ISTATP_DISOCCUPAZIONE;provincia;mantova;2023;4.714
ISTATP_DISOCCUPAZIONE;provincia;mantova;2024;3.455
ISTATP_DISOCCUPAZIONE;provincia;mantova;2025;3.697
ISTATP_DISOCCUPAZIONE;provincia;massa-carrara;2018;10.451
ISTATP_DISOCCUPAZIONE;provincia;massa-carrara;2019;6.863
ISTATP_DISOCCUPAZIONE;provincia;massa-carrara;2020;7.539
ISTATP_DISOCCUPAZIONE;provincia;massa-carrara;2021;11.271
ISTATP_DISOCCUPAZIONE;provincia;massa-carrara;2022;8.958
ISTATP_DISOCCUPAZIONE;provincia;massa-carrara;2023;6.139
ISTATP_DISOCCUPAZIONE;provincia;massa-carrara;2024;6.173
ISTATP_DISOCCUPAZIONE;provincia;massa-carrara;2025;7.82
ISTATP_DISOCCUPAZIONE;provincia;matera;2018;11.959
ISTATP_DISOCCUPAZIONE;provincia;matera;2019;10.627
ISTATP_DISOCCUPAZIONE;provincia;matera;2020;8.627
ISTATP_DISOCCUPAZIONE;provincia;matera;2021;7.922
ISTATP_DISOCCUPAZIONE;provincia;matera;2022;7.636
ISTATP_DISOCCUPAZIONE;provincia;matera;2023;7.99
ISTATP_DISOCCUPAZIONE;provincia;matera;2024;7.113
ISTATP_DISOCCUPAZIONE;provincia;matera;2025;5.717
ISTATP_DISOCCUPAZIONE;provincia;messina;2018;25.476
ISTATP_DISOCCUPAZIONE;provincia;messina;2019;25.997
ISTATP_DISOCCUPAZIONE;provincia;messina;2020;24.508
ISTATP_DISOCCUPAZIONE;provincia;messina;2021;23.909
ISTATP_DISOCCUPAZIONE;provincia;messina;2022;21.235
ISTATP_DISOCCUPAZIONE;provincia;messina;2023;19.349
ISTATP_DISOCCUPAZIONE;provincia;messina;2024;15.912
ISTATP_DISOCCUPAZIONE;provincia;messina;2025;11.165
ISTATP_DISOCCUPAZIONE;provincia;milano;2018;6.422
ISTATP_DISOCCUPAZIONE;provincia;milano;2019;5.921
ISTATP_DISOCCUPAZIONE;provincia;milano;2020;5.941
ISTATP_DISOCCUPAZIONE;provincia;milano;2021;6.467
ISTATP_DISOCCUPAZIONE;provincia;milano;2022;5.445
ISTATP_DISOCCUPAZIONE;provincia;milano;2023;4.69
ISTATP_DISOCCUPAZIONE;provincia;milano;2024;4.642
ISTATP_DISOCCUPAZIONE;provincia;milano;2025;2.986
ISTATP_DISOCCUPAZIONE;provincia;modena;2018;6.078
ISTATP_DISOCCUPAZIONE;provincia;modena;2019;6.491
ISTATP_DISOCCUPAZIONE;provincia;modena;2020;6.056
ISTATP_DISOCCUPAZIONE;provincia;modena;2021;4.393
ISTATP_DISOCCUPAZIONE;provincia;modena;2022;5.086
ISTATP_DISOCCUPAZIONE;provincia;modena;2023;5.325
ISTATP_DISOCCUPAZIONE;provincia;modena;2024;4.226
ISTATP_DISOCCUPAZIONE;provincia;modena;2025;4.256
ISTATP_DISOCCUPAZIONE;provincia;monza-e-della-brianza;2018;6.082
ISTATP_DISOCCUPAZIONE;provincia;monza-e-della-brianza;2019;6.947
ISTATP_DISOCCUPAZIONE;provincia;monza-e-della-brianza;2020;5.061
ISTATP_DISOCCUPAZIONE;provincia;monza-e-della-brianza;2021;6.586
ISTATP_DISOCCUPAZIONE;provincia;monza-e-della-brianza;2022;4.338
ISTATP_DISOCCUPAZIONE;provincia;monza-e-della-brianza;2023;2.885
ISTATP_DISOCCUPAZIONE;provincia;monza-e-della-brianza;2024;3.289
ISTATP_DISOCCUPAZIONE;provincia;monza-e-della-brianza;2025;3.076
ISTATP_DISOCCUPAZIONE;provincia;napoli;2018;24.306
ISTATP_DISOCCUPAZIONE;provincia;napoli;2019;23.418
ISTATP_DISOCCUPAZIONE;provincia;napoli;2020;22.124
ISTATP_DISOCCUPAZIONE;provincia;napoli;2021;23.672
ISTATP_DISOCCUPAZIONE;provincia;napoli;2022;20.585
ISTATP_DISOCCUPAZIONE;provincia;napoli;2023;20.751
ISTATP_DISOCCUPAZIONE;provincia;napoli;2024;19.962
ISTATP_DISOCCUPAZIONE;provincia;napoli;2025;17.896
ISTATP_DISOCCUPAZIONE;provincia;novara;2018;8.394
ISTATP_DISOCCUPAZIONE;provincia;novara;2019;7.921
ISTATP_DISOCCUPAZIONE;provincia;novara;2020;7.051
ISTATP_DISOCCUPAZIONE;provincia;novara;2021;7.676
ISTATP_DISOCCUPAZIONE;provincia;novara;2022;6.511
ISTATP_DISOCCUPAZIONE;provincia;novara;2023;5.616
ISTATP_DISOCCUPAZIONE;provincia;novara;2024;5.648
ISTATP_DISOCCUPAZIONE;provincia;novara;2025;4.37
ISTATP_DISOCCUPAZIONE;provincia;nuoro;2018;13.109
ISTATP_DISOCCUPAZIONE;provincia;nuoro;2019;11.322
ISTATP_DISOCCUPAZIONE;provincia;nuoro;2020;9.728
ISTATP_DISOCCUPAZIONE;provincia;nuoro;2021;7.269
ISTATP_DISOCCUPAZIONE;provincia;nuoro;2022;7.659
ISTATP_DISOCCUPAZIONE;provincia;nuoro;2023;6.715
ISTATP_DISOCCUPAZIONE;provincia;nuoro;2024;9.257
ISTATP_DISOCCUPAZIONE;provincia;nuoro;2025;8.944
ISTATP_DISOCCUPAZIONE;provincia;oristano;2018;13.325
ISTATP_DISOCCUPAZIONE;provincia;oristano;2019;17.186
ISTATP_DISOCCUPAZIONE;provincia;oristano;2020;15.212
ISTATP_DISOCCUPAZIONE;provincia;oristano;2021;14.832
ISTATP_DISOCCUPAZIONE;provincia;oristano;2022;13.145
ISTATP_DISOCCUPAZIONE;provincia;oristano;2023;8.353
ISTATP_DISOCCUPAZIONE;provincia;oristano;2024;8.836
ISTATP_DISOCCUPAZIONE;provincia;oristano;2025;11.14
ISTATP_DISOCCUPAZIONE;provincia;padova;2018;5.812
ISTATP_DISOCCUPAZIONE;provincia;padova;2019;5.744
ISTATP_DISOCCUPAZIONE;provincia;padova;2020;6.556
ISTATP_DISOCCUPAZIONE;provincia;padova;2021;5.558
ISTATP_DISOCCUPAZIONE;provincia;padova;2022;4.476
ISTATP_DISOCCUPAZIONE;provincia;padova;2023;3.836
ISTATP_DISOCCUPAZIONE;provincia;padova;2024;2.576
ISTATP_DISOCCUPAZIONE;provincia;padova;2025;2.243
ISTATP_DISOCCUPAZIONE;provincia;palermo;2018;19.627
ISTATP_DISOCCUPAZIONE;provincia;palermo;2019;19.047
ISTATP_DISOCCUPAZIONE;provincia;palermo;2020;15.748
ISTATP_DISOCCUPAZIONE;provincia;palermo;2021;19.449
ISTATP_DISOCCUPAZIONE;provincia;palermo;2022;17.628
ISTATP_DISOCCUPAZIONE;provincia;palermo;2023;17.064
ISTATP_DISOCCUPAZIONE;provincia;palermo;2024;14.279
ISTATP_DISOCCUPAZIONE;provincia;palermo;2025;12.783
ISTATP_DISOCCUPAZIONE;provincia;parma;2018;4.761
ISTATP_DISOCCUPAZIONE;provincia;parma;2019;4.837
ISTATP_DISOCCUPAZIONE;provincia;parma;2020;5.798
ISTATP_DISOCCUPAZIONE;provincia;parma;2021;5.752
ISTATP_DISOCCUPAZIONE;provincia;parma;2022;5.334
ISTATP_DISOCCUPAZIONE;provincia;parma;2023;3.984
ISTATP_DISOCCUPAZIONE;provincia;parma;2024;4.478
ISTATP_DISOCCUPAZIONE;provincia;parma;2025;3.995
ISTATP_DISOCCUPAZIONE;provincia;pavia;2018;6.496
ISTATP_DISOCCUPAZIONE;provincia;pavia;2019;6.616
ISTATP_DISOCCUPAZIONE;provincia;pavia;2020;5.603
ISTATP_DISOCCUPAZIONE;provincia;pavia;2021;6.953
ISTATP_DISOCCUPAZIONE;provincia;pavia;2022;5.947
ISTATP_DISOCCUPAZIONE;provincia;pavia;2023;4.662
ISTATP_DISOCCUPAZIONE;provincia;pavia;2024;3.547
ISTATP_DISOCCUPAZIONE;provincia;pavia;2025;4.067
ISTATP_DISOCCUPAZIONE;provincia;perugia;2018;9.08
ISTATP_DISOCCUPAZIONE;provincia;perugia;2019;7.86
ISTATP_DISOCCUPAZIONE;provincia;perugia;2020;8.502
ISTATP_DISOCCUPAZIONE;provincia;perugia;2021;6.458
ISTATP_DISOCCUPAZIONE;provincia;perugia;2022;7.287
ISTATP_DISOCCUPAZIONE;provincia;perugia;2023;5.8
ISTATP_DISOCCUPAZIONE;provincia;perugia;2024;4.715
ISTATP_DISOCCUPAZIONE;provincia;perugia;2025;4.78
ISTATP_DISOCCUPAZIONE;provincia;pesaro-e-urbino;2018;7.913
ISTATP_DISOCCUPAZIONE;provincia;pesaro-e-urbino;2019;6.803
ISTATP_DISOCCUPAZIONE;provincia;pesaro-e-urbino;2020;7.729
ISTATP_DISOCCUPAZIONE;provincia;pesaro-e-urbino;2021;5.532
ISTATP_DISOCCUPAZIONE;provincia;pesaro-e-urbino;2022;4.929
ISTATP_DISOCCUPAZIONE;provincia;pesaro-e-urbino;2023;5.243
ISTATP_DISOCCUPAZIONE;provincia;pesaro-e-urbino;2024;3.662
ISTATP_DISOCCUPAZIONE;provincia;pesaro-e-urbino;2025;4.093
ISTATP_DISOCCUPAZIONE;provincia;pescara;2018;11.741
ISTATP_DISOCCUPAZIONE;provincia;pescara;2019;11.845
ISTATP_DISOCCUPAZIONE;provincia;pescara;2020;9.716
ISTATP_DISOCCUPAZIONE;provincia;pescara;2021;11.203
ISTATP_DISOCCUPAZIONE;provincia;pescara;2022;10.986
ISTATP_DISOCCUPAZIONE;provincia;pescara;2023;9.321
ISTATP_DISOCCUPAZIONE;provincia;pescara;2024;7.434
ISTATP_DISOCCUPAZIONE;provincia;pescara;2025;6.705
ISTATP_DISOCCUPAZIONE;provincia;piacenza;2018;5.614
ISTATP_DISOCCUPAZIONE;provincia;piacenza;2019;5.677
ISTATP_DISOCCUPAZIONE;provincia;piacenza;2020;5.858
ISTATP_DISOCCUPAZIONE;provincia;piacenza;2021;6.065
ISTATP_DISOCCUPAZIONE;provincia;piacenza;2022;6.487
ISTATP_DISOCCUPAZIONE;provincia;piacenza;2023;6.384
ISTATP_DISOCCUPAZIONE;provincia;piacenza;2024;5.264
ISTATP_DISOCCUPAZIONE;provincia;piacenza;2025;5.784
ISTATP_DISOCCUPAZIONE;provincia;pisa;2018;6.201
ISTATP_DISOCCUPAZIONE;provincia;pisa;2019;6.072
ISTATP_DISOCCUPAZIONE;provincia;pisa;2020;6.486
ISTATP_DISOCCUPAZIONE;provincia;pisa;2021;6.755
ISTATP_DISOCCUPAZIONE;provincia;pisa;2022;6.621
ISTATP_DISOCCUPAZIONE;provincia;pisa;2023;5.946
ISTATP_DISOCCUPAZIONE;provincia;pisa;2024;4.681
ISTATP_DISOCCUPAZIONE;provincia;pisa;2025;4.174
ISTATP_DISOCCUPAZIONE;provincia;pistoia;2018;7.936
ISTATP_DISOCCUPAZIONE;provincia;pistoia;2019;8.352
ISTATP_DISOCCUPAZIONE;provincia;pistoia;2020;8.58
ISTATP_DISOCCUPAZIONE;provincia;pistoia;2021;9.776
ISTATP_DISOCCUPAZIONE;provincia;pistoia;2022;6.606
ISTATP_DISOCCUPAZIONE;provincia;pistoia;2023;7.066
ISTATP_DISOCCUPAZIONE;provincia;pistoia;2024;6.451
ISTATP_DISOCCUPAZIONE;provincia;pistoia;2025;2.959
ISTATP_DISOCCUPAZIONE;provincia;pordenone;2018;4.802
ISTATP_DISOCCUPAZIONE;provincia;pordenone;2019;4.522
ISTATP_DISOCCUPAZIONE;provincia;pordenone;2020;3.199
ISTATP_DISOCCUPAZIONE;provincia;pordenone;2021;3.253
ISTATP_DISOCCUPAZIONE;provincia;pordenone;2022;2.989
ISTATP_DISOCCUPAZIONE;provincia;pordenone;2023;3.369
ISTATP_DISOCCUPAZIONE;provincia;pordenone;2024;1.776
ISTATP_DISOCCUPAZIONE;provincia;pordenone;2025;2.999
ISTATP_DISOCCUPAZIONE;provincia;potenza;2018;12.722
ISTATP_DISOCCUPAZIONE;provincia;potenza;2019;10.955
ISTATP_DISOCCUPAZIONE;provincia;potenza;2020;8.918
ISTATP_DISOCCUPAZIONE;provincia;potenza;2021;8.442
ISTATP_DISOCCUPAZIONE;provincia;potenza;2022;6.777
ISTATP_DISOCCUPAZIONE;provincia;potenza;2023;7.205
ISTATP_DISOCCUPAZIONE;provincia;potenza;2024;6.494
ISTATP_DISOCCUPAZIONE;provincia;potenza;2025;5.094
ISTATP_DISOCCUPAZIONE;provincia;prato;2018;6.652
ISTATP_DISOCCUPAZIONE;provincia;prato;2019;6.216
ISTATP_DISOCCUPAZIONE;provincia;prato;2020;6.747
ISTATP_DISOCCUPAZIONE;provincia;prato;2021;7.061
ISTATP_DISOCCUPAZIONE;provincia;prato;2022;6.271
ISTATP_DISOCCUPAZIONE;provincia;prato;2023;4.393
ISTATP_DISOCCUPAZIONE;provincia;prato;2024;2.497
ISTATP_DISOCCUPAZIONE;provincia;prato;2025;6.139
ISTATP_DISOCCUPAZIONE;provincia;ragusa;2018;18.613
ISTATP_DISOCCUPAZIONE;provincia;ragusa;2019;16.418
ISTATP_DISOCCUPAZIONE;provincia;ragusa;2020;14.261
ISTATP_DISOCCUPAZIONE;provincia;ragusa;2021;15.011
ISTATP_DISOCCUPAZIONE;provincia;ragusa;2022;9.736
ISTATP_DISOCCUPAZIONE;provincia;ragusa;2023;9.543
ISTATP_DISOCCUPAZIONE;provincia;ragusa;2024;5.656
ISTATP_DISOCCUPAZIONE;provincia;ragusa;2025;7.084
ISTATP_DISOCCUPAZIONE;provincia;ravenna;2018;5.761
ISTATP_DISOCCUPAZIONE;provincia;ravenna;2019;4.608
ISTATP_DISOCCUPAZIONE;provincia;ravenna;2020;6.893
ISTATP_DISOCCUPAZIONE;provincia;ravenna;2021;6.204
ISTATP_DISOCCUPAZIONE;provincia;ravenna;2022;5.403
ISTATP_DISOCCUPAZIONE;provincia;ravenna;2023;4.618
ISTATP_DISOCCUPAZIONE;provincia;ravenna;2024;4.094
ISTATP_DISOCCUPAZIONE;provincia;ravenna;2025;4.119
ISTATP_DISOCCUPAZIONE;provincia;reggio-calabria;2018;19.7
ISTATP_DISOCCUPAZIONE;provincia;reggio-calabria;2019;18.871
ISTATP_DISOCCUPAZIONE;provincia;reggio-calabria;2020;15.844
ISTATP_DISOCCUPAZIONE;provincia;reggio-calabria;2021;16.597
ISTATP_DISOCCUPAZIONE;provincia;reggio-calabria;2022;13.668
ISTATP_DISOCCUPAZIONE;provincia;reggio-calabria;2023;15.878
ISTATP_DISOCCUPAZIONE;provincia;reggio-calabria;2024;10.708
ISTATP_DISOCCUPAZIONE;provincia;reggio-calabria;2025;8.512
ISTATP_DISOCCUPAZIONE;provincia;reggio-emilia;2018;4.211
ISTATP_DISOCCUPAZIONE;provincia;reggio-emilia;2019;4.001
ISTATP_DISOCCUPAZIONE;provincia;reggio-emilia;2020;4.801
ISTATP_DISOCCUPAZIONE;provincia;reggio-emilia;2021;5.146
ISTATP_DISOCCUPAZIONE;provincia;reggio-emilia;2022;4.221
ISTATP_DISOCCUPAZIONE;provincia;reggio-emilia;2023;4.956
ISTATP_DISOCCUPAZIONE;provincia;reggio-emilia;2024;3.515
ISTATP_DISOCCUPAZIONE;provincia;reggio-emilia;2025;4.115
ISTATP_DISOCCUPAZIONE;provincia;rieti;2018;10.972
ISTATP_DISOCCUPAZIONE;provincia;rieti;2019;10.364
ISTATP_DISOCCUPAZIONE;provincia;rieti;2020;6.962
ISTATP_DISOCCUPAZIONE;provincia;rieti;2021;10.378
ISTATP_DISOCCUPAZIONE;provincia;rieti;2022;10.116
ISTATP_DISOCCUPAZIONE;provincia;rieti;2023;8.346
ISTATP_DISOCCUPAZIONE;provincia;rieti;2024;7.208
ISTATP_DISOCCUPAZIONE;provincia;rieti;2025;7.287
ISTATP_DISOCCUPAZIONE;provincia;rimini;2018;8.134
ISTATP_DISOCCUPAZIONE;provincia;rimini;2019;7.976
ISTATP_DISOCCUPAZIONE;provincia;rimini;2020;9.965
ISTATP_DISOCCUPAZIONE;provincia;rimini;2021;7.409
ISTATP_DISOCCUPAZIONE;provincia;rimini;2022;6.463
ISTATP_DISOCCUPAZIONE;provincia;rimini;2023;7.425
ISTATP_DISOCCUPAZIONE;provincia;rimini;2024;4.711
ISTATP_DISOCCUPAZIONE;provincia;rimini;2025;4.483
ISTATP_DISOCCUPAZIONE;provincia;roma;2018;9.756
ISTATP_DISOCCUPAZIONE;provincia;roma;2019;9.047
ISTATP_DISOCCUPAZIONE;provincia;roma;2020;8.973
ISTATP_DISOCCUPAZIONE;provincia;roma;2021;9.763
ISTATP_DISOCCUPAZIONE;provincia;roma;2022;7.387
ISTATP_DISOCCUPAZIONE;provincia;roma;2023;6.467
ISTATP_DISOCCUPAZIONE;provincia;roma;2024;5.914
ISTATP_DISOCCUPAZIONE;provincia;roma;2025;5.313
ISTATP_DISOCCUPAZIONE;provincia;rovigo;2018;6.882
ISTATP_DISOCCUPAZIONE;provincia;rovigo;2019;8.172
ISTATP_DISOCCUPAZIONE;provincia;rovigo;2020;7.641
ISTATP_DISOCCUPAZIONE;provincia;rovigo;2021;9.092
ISTATP_DISOCCUPAZIONE;provincia;rovigo;2022;8.358
ISTATP_DISOCCUPAZIONE;provincia;rovigo;2023;7.945
ISTATP_DISOCCUPAZIONE;provincia;rovigo;2024;6.436
ISTATP_DISOCCUPAZIONE;provincia;rovigo;2025;5.272
ISTATP_DISOCCUPAZIONE;provincia;salerno;2018;15.056
ISTATP_DISOCCUPAZIONE;provincia;salerno;2019;17.161
ISTATP_DISOCCUPAZIONE;provincia;salerno;2020;13.049
ISTATP_DISOCCUPAZIONE;provincia;salerno;2021;15.123
ISTATP_DISOCCUPAZIONE;provincia;salerno;2022;14.209
ISTATP_DISOCCUPAZIONE;provincia;salerno;2023;15.112
ISTATP_DISOCCUPAZIONE;provincia;salerno;2024;12.378
ISTATP_DISOCCUPAZIONE;provincia;salerno;2025;9.826
ISTATP_DISOCCUPAZIONE;provincia;sassari;2018;14.514
ISTATP_DISOCCUPAZIONE;provincia;sassari;2019;13.975
ISTATP_DISOCCUPAZIONE;provincia;sassari;2020;14.833
ISTATP_DISOCCUPAZIONE;provincia;sassari;2021;13.022
ISTATP_DISOCCUPAZIONE;provincia;sassari;2022;10.251
ISTATP_DISOCCUPAZIONE;provincia;sassari;2023;9.575
ISTATP_DISOCCUPAZIONE;provincia;sassari;2024;7.513
ISTATP_DISOCCUPAZIONE;provincia;sassari;2025;11.418
ISTATP_DISOCCUPAZIONE;provincia;savona;2018;7.765
ISTATP_DISOCCUPAZIONE;provincia;savona;2019;5.683
ISTATP_DISOCCUPAZIONE;provincia;savona;2020;6.416
ISTATP_DISOCCUPAZIONE;provincia;savona;2021;7.572
ISTATP_DISOCCUPAZIONE;provincia;savona;2022;5.007
ISTATP_DISOCCUPAZIONE;provincia;savona;2023;6.078
ISTATP_DISOCCUPAZIONE;provincia;savona;2024;5.757
ISTATP_DISOCCUPAZIONE;provincia;savona;2025;5.192
ISTATP_DISOCCUPAZIONE;provincia;siena;2018;7.493
ISTATP_DISOCCUPAZIONE;provincia;siena;2019;7.079
ISTATP_DISOCCUPAZIONE;provincia;siena;2020;6.865
ISTATP_DISOCCUPAZIONE;provincia;siena;2021;5.878
ISTATP_DISOCCUPAZIONE;provincia;siena;2022;4.473
ISTATP_DISOCCUPAZIONE;provincia;siena;2023;3.489
ISTATP_DISOCCUPAZIONE;provincia;siena;2024;3.006
ISTATP_DISOCCUPAZIONE;provincia;siena;2025;3.098
ISTATP_DISOCCUPAZIONE;provincia;siracusa;2018;22.034
ISTATP_DISOCCUPAZIONE;provincia;siracusa;2019;24.062
ISTATP_DISOCCUPAZIONE;provincia;siracusa;2020;23.815
ISTATP_DISOCCUPAZIONE;provincia;siracusa;2021;21.373
ISTATP_DISOCCUPAZIONE;provincia;siracusa;2022;14.428
ISTATP_DISOCCUPAZIONE;provincia;siracusa;2023;16.334
ISTATP_DISOCCUPAZIONE;provincia;siracusa;2024;15.046
ISTATP_DISOCCUPAZIONE;provincia;siracusa;2025;11.617
ISTATP_DISOCCUPAZIONE;provincia;sondrio;2018;6.674
ISTATP_DISOCCUPAZIONE;provincia;sondrio;2019;5.435
ISTATP_DISOCCUPAZIONE;provincia;sondrio;2020;5.62
ISTATP_DISOCCUPAZIONE;provincia;sondrio;2021;6.484
ISTATP_DISOCCUPAZIONE;provincia;sondrio;2022;6.443
ISTATP_DISOCCUPAZIONE;provincia;sondrio;2023;6.306
ISTATP_DISOCCUPAZIONE;provincia;sondrio;2024;6.64
ISTATP_DISOCCUPAZIONE;provincia;sondrio;2025;4.139
ISTATP_DISOCCUPAZIONE;provincia;sud-sardegna;2018;17.915
ISTATP_DISOCCUPAZIONE;provincia;sud-sardegna;2019;15.926
ISTATP_DISOCCUPAZIONE;provincia;sud-sardegna;2020;12.058
ISTATP_DISOCCUPAZIONE;provincia;sud-sardegna;2021;13.095
ISTATP_DISOCCUPAZIONE;provincia;sud-sardegna;2022;12.026
ISTATP_DISOCCUPAZIONE;provincia;sud-sardegna;2023;11.424
ISTATP_DISOCCUPAZIONE;provincia;sud-sardegna;2024;8.142
ISTATP_DISOCCUPAZIONE;provincia;sud-sardegna;2025;7.238
ISTATP_DISOCCUPAZIONE;provincia;taranto;2018;16.834
ISTATP_DISOCCUPAZIONE;provincia;taranto;2019;15.37
ISTATP_DISOCCUPAZIONE;provincia;taranto;2020;11.705
ISTATP_DISOCCUPAZIONE;provincia;taranto;2021;14.959
ISTATP_DISOCCUPAZIONE;provincia;taranto;2022;13.336
ISTATP_DISOCCUPAZIONE;provincia;taranto;2023;13.539
ISTATP_DISOCCUPAZIONE;provincia;taranto;2024;10.498
ISTATP_DISOCCUPAZIONE;provincia;taranto;2025;17.129
ISTATP_DISOCCUPAZIONE;provincia;teramo;2018;10.19
ISTATP_DISOCCUPAZIONE;provincia;teramo;2019;9.208
ISTATP_DISOCCUPAZIONE;provincia;teramo;2020;9.449
ISTATP_DISOCCUPAZIONE;provincia;teramo;2021;6.929
ISTATP_DISOCCUPAZIONE;provincia;teramo;2022;6.266
ISTATP_DISOCCUPAZIONE;provincia;teramo;2023;6.688
ISTATP_DISOCCUPAZIONE;provincia;teramo;2024;9.22
ISTATP_DISOCCUPAZIONE;provincia;teramo;2025;7.203
ISTATP_DISOCCUPAZIONE;provincia;terni;2018;9.833
ISTATP_DISOCCUPAZIONE;provincia;terni;2019;10.405
ISTATP_DISOCCUPAZIONE;provincia;terni;2020;7.64
ISTATP_DISOCCUPAZIONE;provincia;terni;2021;7.189
ISTATP_DISOCCUPAZIONE;provincia;terni;2022;6.696
ISTATP_DISOCCUPAZIONE;provincia;terni;2023;6.52
ISTATP_DISOCCUPAZIONE;provincia;terni;2024;5.145
ISTATP_DISOCCUPAZIONE;provincia;terni;2025;3.854
ISTATP_DISOCCUPAZIONE;provincia;torino;2018;9.253
ISTATP_DISOCCUPAZIONE;provincia;torino;2019;8.334
ISTATP_DISOCCUPAZIONE;provincia;torino;2020;8.326
ISTATP_DISOCCUPAZIONE;provincia;torino;2021;8.256
ISTATP_DISOCCUPAZIONE;provincia;torino;2022;7.395
ISTATP_DISOCCUPAZIONE;provincia;torino;2023;7.005
ISTATP_DISOCCUPAZIONE;provincia;torino;2024;6.307
ISTATP_DISOCCUPAZIONE;provincia;torino;2025;8.029
ISTATP_DISOCCUPAZIONE;provincia;trapani;2018;23.467
ISTATP_DISOCCUPAZIONE;provincia;trapani;2019;17.757
ISTATP_DISOCCUPAZIONE;provincia;trapani;2020;17.574
ISTATP_DISOCCUPAZIONE;provincia;trapani;2021;15.749
ISTATP_DISOCCUPAZIONE;provincia;trapani;2022;13.359
ISTATP_DISOCCUPAZIONE;provincia;trapani;2023;12.528
ISTATP_DISOCCUPAZIONE;provincia;trapani;2024;8.054
ISTATP_DISOCCUPAZIONE;provincia;trapani;2025;7.9
ISTATP_DISOCCUPAZIONE;provincia;trento;2018;4.785
ISTATP_DISOCCUPAZIONE;provincia;trento;2019;5.023
ISTATP_DISOCCUPAZIONE;provincia;trento;2020;5.447
ISTATP_DISOCCUPAZIONE;provincia;trento;2021;4.807
ISTATP_DISOCCUPAZIONE;provincia;trento;2022;3.789
ISTATP_DISOCCUPAZIONE;provincia;trento;2023;3.761
ISTATP_DISOCCUPAZIONE;provincia;trento;2024;2.732
ISTATP_DISOCCUPAZIONE;provincia;trento;2025;2.241
ISTATP_DISOCCUPAZIONE;provincia;treviso;2018;8.055
ISTATP_DISOCCUPAZIONE;provincia;treviso;2019;6.963
ISTATP_DISOCCUPAZIONE;provincia;treviso;2020;5.461
ISTATP_DISOCCUPAZIONE;provincia;treviso;2021;4.903
ISTATP_DISOCCUPAZIONE;provincia;treviso;2022;5.116
ISTATP_DISOCCUPAZIONE;provincia;treviso;2023;5.662
ISTATP_DISOCCUPAZIONE;provincia;treviso;2024;2.351
ISTATP_DISOCCUPAZIONE;provincia;treviso;2025;2.856
ISTATP_DISOCCUPAZIONE;provincia;trieste;2018;7.24
ISTATP_DISOCCUPAZIONE;provincia;trieste;2019;5.763
ISTATP_DISOCCUPAZIONE;provincia;trieste;2020;4.452
ISTATP_DISOCCUPAZIONE;provincia;trieste;2021;5.648
ISTATP_DISOCCUPAZIONE;provincia;trieste;2022;6.133
ISTATP_DISOCCUPAZIONE;provincia;trieste;2023;3.34
ISTATP_DISOCCUPAZIONE;provincia;trieste;2024;5.854
ISTATP_DISOCCUPAZIONE;provincia;trieste;2025;5.59
ISTATP_DISOCCUPAZIONE;provincia;udine;2018;7.072
ISTATP_DISOCCUPAZIONE;provincia;udine;2019;6.752
ISTATP_DISOCCUPAZIONE;provincia;udine;2020;6.931
ISTATP_DISOCCUPAZIONE;provincia;udine;2021;6.692
ISTATP_DISOCCUPAZIONE;provincia;udine;2022;6.189
ISTATP_DISOCCUPAZIONE;provincia;udine;2023;5.38
ISTATP_DISOCCUPAZIONE;provincia;udine;2024;4.734
ISTATP_DISOCCUPAZIONE;provincia;udine;2025;5.211
ISTATP_DISOCCUPAZIONE;provincia;varese;2018;5.962
ISTATP_DISOCCUPAZIONE;provincia;varese;2019;5.41
ISTATP_DISOCCUPAZIONE;provincia;varese;2020;5.271
ISTATP_DISOCCUPAZIONE;provincia;varese;2021;6.556
ISTATP_DISOCCUPAZIONE;provincia;varese;2022;4.674
ISTATP_DISOCCUPAZIONE;provincia;varese;2023;3.581
ISTATP_DISOCCUPAZIONE;provincia;varese;2024;3.613
ISTATP_DISOCCUPAZIONE;provincia;varese;2025;3.018
ISTATP_DISOCCUPAZIONE;provincia;venezia;2018;6.467
ISTATP_DISOCCUPAZIONE;provincia;venezia;2019;5.976
ISTATP_DISOCCUPAZIONE;provincia;venezia;2020;6.198
ISTATP_DISOCCUPAZIONE;provincia;venezia;2021;6.026
ISTATP_DISOCCUPAZIONE;provincia;venezia;2022;4.241
ISTATP_DISOCCUPAZIONE;provincia;venezia;2023;4.435
ISTATP_DISOCCUPAZIONE;provincia;venezia;2024;3.89
ISTATP_DISOCCUPAZIONE;provincia;venezia;2025;4.626
ISTATP_DISOCCUPAZIONE;provincia;verbano-cusio-ossola;2018;5.715
ISTATP_DISOCCUPAZIONE;provincia;verbano-cusio-ossola;2019;5.849
ISTATP_DISOCCUPAZIONE;provincia;verbano-cusio-ossola;2020;6.183
ISTATP_DISOCCUPAZIONE;provincia;verbano-cusio-ossola;2021;5.808
ISTATP_DISOCCUPAZIONE;provincia;verbano-cusio-ossola;2022;5.888
ISTATP_DISOCCUPAZIONE;provincia;verbano-cusio-ossola;2023;5.457
ISTATP_DISOCCUPAZIONE;provincia;verbano-cusio-ossola;2024;2.808
ISTATP_DISOCCUPAZIONE;provincia;verbano-cusio-ossola;2025;2.784
ISTATP_DISOCCUPAZIONE;provincia;vercelli;2018;7.128
ISTATP_DISOCCUPAZIONE;provincia;vercelli;2019;7.867
ISTATP_DISOCCUPAZIONE;provincia;vercelli;2020;8.231
ISTATP_DISOCCUPAZIONE;provincia;vercelli;2021;8.231
ISTATP_DISOCCUPAZIONE;provincia;vercelli;2022;5.389
ISTATP_DISOCCUPAZIONE;provincia;vercelli;2023;6.628
ISTATP_DISOCCUPAZIONE;provincia;vercelli;2024;6.842
ISTATP_DISOCCUPAZIONE;provincia;vercelli;2025;4.875
ISTATP_DISOCCUPAZIONE;provincia;verona;2018;7.027
ISTATP_DISOCCUPAZIONE;provincia;verona;2019;4.573
ISTATP_DISOCCUPAZIONE;provincia;verona;2020;4.717
ISTATP_DISOCCUPAZIONE;provincia;verona;2021;4.67
ISTATP_DISOCCUPAZIONE;provincia;verona;2022;3.097
ISTATP_DISOCCUPAZIONE;provincia;verona;2023;3.033
ISTATP_DISOCCUPAZIONE;provincia;verona;2024;2.493
ISTATP_DISOCCUPAZIONE;provincia;verona;2025;3.874
ISTATP_DISOCCUPAZIONE;provincia;vibo-valentia;2018;14.862
ISTATP_DISOCCUPAZIONE;provincia;vibo-valentia;2019;17.494
ISTATP_DISOCCUPAZIONE;provincia;vibo-valentia;2020;18.809
ISTATP_DISOCCUPAZIONE;provincia;vibo-valentia;2021;19.223
ISTATP_DISOCCUPAZIONE;provincia;vibo-valentia;2022;14.374
ISTATP_DISOCCUPAZIONE;provincia;vibo-valentia;2023;13.972
ISTATP_DISOCCUPAZIONE;provincia;vibo-valentia;2024;13.322
ISTATP_DISOCCUPAZIONE;provincia;vibo-valentia;2025;7.799
ISTATP_DISOCCUPAZIONE;provincia;vicenza;2018;5.235
ISTATP_DISOCCUPAZIONE;provincia;vicenza;2019;4.695
ISTATP_DISOCCUPAZIONE;provincia;vicenza;2020;6.887
ISTATP_DISOCCUPAZIONE;provincia;vicenza;2021;4.628
ISTATP_DISOCCUPAZIONE;provincia;vicenza;2022;3.44
ISTATP_DISOCCUPAZIONE;provincia;vicenza;2023;3.586
ISTATP_DISOCCUPAZIONE;provincia;vicenza;2024;2.868
ISTATP_DISOCCUPAZIONE;provincia;vicenza;2025;3.294
ISTATP_DISOCCUPAZIONE;provincia;viterbo;2018;11.851
ISTATP_DISOCCUPAZIONE;provincia;viterbo;2019;9.965
ISTATP_DISOCCUPAZIONE;provincia;viterbo;2020;9.208
ISTATP_DISOCCUPAZIONE;provincia;viterbo;2021;10.851
ISTATP_DISOCCUPAZIONE;provincia;viterbo;2022;7.426
ISTATP_DISOCCUPAZIONE;provincia;viterbo;2023;9.719
ISTATP_DISOCCUPAZIONE;provincia;viterbo;2024;5.819
ISTATP_DISOCCUPAZIONE;provincia;viterbo;2025;7.178
ISTATP_DISOCCUPAZIONE;regione;abruzzo;2018;10.81
ISTATP_DISOCCUPAZIONE;regione;abruzzo;2019;11.147
ISTATP_DISOCCUPAZIONE;regione;abruzzo;2020;9.657
ISTATP_DISOCCUPAZIONE;regione;abruzzo;2021;9.344
ISTATP_DISOCCUPAZIONE;regione;abruzzo;2022;9.425
ISTATP_DISOCCUPAZIONE;regione;abruzzo;2023;8.052
ISTATP_DISOCCUPAZIONE;regione;abruzzo;2024;7.08
ISTATP_DISOCCUPAZIONE;regione;abruzzo;2025;6.548
ISTATP_DISOCCUPAZIONE;regione;basilicata;2018;12.46
ISTATP_DISOCCUPAZIONE;regione;basilicata;2019;10.836
ISTATP_DISOCCUPAZIONE;regione;basilicata;2020;8.814
ISTATP_DISOCCUPAZIONE;regione;basilicata;2021;8.259
ISTATP_DISOCCUPAZIONE;regione;basilicata;2022;7.082
ISTATP_DISOCCUPAZIONE;regione;basilicata;2023;7.487
ISTATP_DISOCCUPAZIONE;regione;basilicata;2024;6.717
ISTATP_DISOCCUPAZIONE;regione;basilicata;2025;5.317
ISTATP_DISOCCUPAZIONE;regione;calabria;2018;21.566
ISTATP_DISOCCUPAZIONE;regione;calabria;2019;20.97
ISTATP_DISOCCUPAZIONE;regione;calabria;2020;20.021
ISTATP_DISOCCUPAZIONE;regione;calabria;2021;17.965
ISTATP_DISOCCUPAZIONE;regione;calabria;2022;14.574
ISTATP_DISOCCUPAZIONE;regione;calabria;2023;15.896
ISTATP_DISOCCUPAZIONE;regione;calabria;2024;13.074
ISTATP_DISOCCUPAZIONE;regione;calabria;2025;9.832
ISTATP_DISOCCUPAZIONE;regione;campania;2018;20.392
ISTATP_DISOCCUPAZIONE;regione;campania;2019;20.083
ISTATP_DISOCCUPAZIONE;regione;campania;2020;18.399
ISTATP_DISOCCUPAZIONE;regione;campania;2021;19.349
ISTATP_DISOCCUPAZIONE;regione;campania;2022;17.129
ISTATP_DISOCCUPAZIONE;regione;campania;2023;17.415
ISTATP_DISOCCUPAZIONE;regione;campania;2024;15.554
ISTATP_DISOCCUPAZIONE;regione;campania;2025;13.945
ISTATP_DISOCCUPAZIONE;regione;emilia-romagna;2018;5.829
ISTATP_DISOCCUPAZIONE;regione;emilia-romagna;2019;5.551
ISTATP_DISOCCUPAZIONE;regione;emilia-romagna;2020;5.898
ISTATP_DISOCCUPAZIONE;regione;emilia-romagna;2021;5.472
ISTATP_DISOCCUPAZIONE;regione;emilia-romagna;2022;5.021
ISTATP_DISOCCUPAZIONE;regione;emilia-romagna;2023;4.959
ISTATP_DISOCCUPAZIONE;regione;emilia-romagna;2024;4.309
ISTATP_DISOCCUPAZIONE;regione;emilia-romagna;2025;4.106
ISTATP_DISOCCUPAZIONE;regione;friuli-venezia-giulia;2018;6.672
ISTATP_DISOCCUPAZIONE;regione;friuli-venezia-giulia;2019;6.081
ISTATP_DISOCCUPAZIONE;regione;friuli-venezia-giulia;2020;5.662
ISTATP_DISOCCUPAZIONE;regione;friuli-venezia-giulia;2021;5.712
ISTATP_DISOCCUPAZIONE;regione;friuli-venezia-giulia;2022;5.321
ISTATP_DISOCCUPAZIONE;regione;friuli-venezia-giulia;2023;4.573
ISTATP_DISOCCUPAZIONE;regione;friuli-venezia-giulia;2024;4.343
ISTATP_DISOCCUPAZIONE;regione;friuli-venezia-giulia;2025;4.604
ISTATP_DISOCCUPAZIONE;regione;lazio;2018;11.11
ISTATP_DISOCCUPAZIONE;regione;lazio;2019;9.904
ISTATP_DISOCCUPAZIONE;regione;lazio;2020;9.348
ISTATP_DISOCCUPAZIONE;regione;lazio;2021;10.024
ISTATP_DISOCCUPAZIONE;regione;lazio;2022;7.747
ISTATP_DISOCCUPAZIONE;regione;lazio;2023;7.173
ISTATP_DISOCCUPAZIONE;regione;lazio;2024;6.274
ISTATP_DISOCCUPAZIONE;regione;lazio;2025;5.514
ISTATP_DISOCCUPAZIONE;regione;liguria;2018;9.793
ISTATP_DISOCCUPAZIONE;regione;liguria;2019;9.568
ISTATP_DISOCCUPAZIONE;regione;liguria;2020;8.462
ISTATP_DISOCCUPAZIONE;regione;liguria;2021;8.367
ISTATP_DISOCCUPAZIONE;regione;liguria;2022;6.963
ISTATP_DISOCCUPAZIONE;regione;liguria;2023;6.103
ISTATP_DISOCCUPAZIONE;regione;liguria;2024;5.416
ISTATP_DISOCCUPAZIONE;regione;liguria;2025;4.664
ISTATP_DISOCCUPAZIONE;regione;lombardia;2018;6.036
ISTATP_DISOCCUPAZIONE;regione;lombardia;2019;5.625
ISTATP_DISOCCUPAZIONE;regione;lombardia;2020;5.183
ISTATP_DISOCCUPAZIONE;regione;lombardia;2021;5.882
ISTATP_DISOCCUPAZIONE;regione;lombardia;2022;4.855
ISTATP_DISOCCUPAZIONE;regione;lombardia;2023;4.025
ISTATP_DISOCCUPAZIONE;regione;lombardia;2024;3.672
ISTATP_DISOCCUPAZIONE;regione;lombardia;2025;2.958
ISTATP_DISOCCUPAZIONE;regione;marche;2018;8.127
ISTATP_DISOCCUPAZIONE;regione;marche;2019;8.626
ISTATP_DISOCCUPAZIONE;regione;marche;2020;7.524
ISTATP_DISOCCUPAZIONE;regione;marche;2021;7.124
ISTATP_DISOCCUPAZIONE;regione;marche;2022;6.198
ISTATP_DISOCCUPAZIONE;regione;marche;2023;5.169
ISTATP_DISOCCUPAZIONE;regione;marche;2024;5.099
ISTATP_DISOCCUPAZIONE;regione;marche;2025;5.077
ISTATP_DISOCCUPAZIONE;regione;molise;2018;12.773
ISTATP_DISOCCUPAZIONE;regione;molise;2019;12.054
ISTATP_DISOCCUPAZIONE;regione;molise;2020;9.947
ISTATP_DISOCCUPAZIONE;regione;molise;2021;10.944
ISTATP_DISOCCUPAZIONE;regione;molise;2022;10.51
ISTATP_DISOCCUPAZIONE;regione;molise;2023;9.582
ISTATP_DISOCCUPAZIONE;regione;molise;2024;7.895
ISTATP_DISOCCUPAZIONE;regione;molise;2025;6.188
ISTATP_DISOCCUPAZIONE;regione;piemonte;2018;8.223
ISTATP_DISOCCUPAZIONE;regione;piemonte;2019;7.632
ISTATP_DISOCCUPAZIONE;regione;piemonte;2020;7.636
ISTATP_DISOCCUPAZIONE;regione;piemonte;2021;7.338
ISTATP_DISOCCUPAZIONE;regione;piemonte;2022;6.501
ISTATP_DISOCCUPAZIONE;regione;piemonte;2023;6.169
ISTATP_DISOCCUPAZIONE;regione;piemonte;2024;5.424
ISTATP_DISOCCUPAZIONE;regione;piemonte;2025;6.033
ISTATP_DISOCCUPAZIONE;regione;puglia;2018;16.09
ISTATP_DISOCCUPAZIONE;regione;puglia;2019;14.876
ISTATP_DISOCCUPAZIONE;regione;puglia;2020;14.249
ISTATP_DISOCCUPAZIONE;regione;puglia;2021;14.569
ISTATP_DISOCCUPAZIONE;regione;puglia;2022;12.118
ISTATP_DISOCCUPAZIONE;regione;puglia;2023;11.584
ISTATP_DISOCCUPAZIONE;regione;puglia;2024;9.261
ISTATP_DISOCCUPAZIONE;regione;puglia;2025;10.014
ISTATP_DISOCCUPAZIONE;regione;sardegna;2018;15.45
ISTATP_DISOCCUPAZIONE;regione;sardegna;2019;14.897
ISTATP_DISOCCUPAZIONE;regione;sardegna;2020;13.207
ISTATP_DISOCCUPAZIONE;regione;sardegna;2021;13.515
ISTATP_DISOCCUPAZIONE;regione;sardegna;2022;11.532
ISTATP_DISOCCUPAZIONE;regione;sardegna;2023;10.05
ISTATP_DISOCCUPAZIONE;regione;sardegna;2024;8.324
ISTATP_DISOCCUPAZIONE;regione;sardegna;2025;9.26
ISTATP_DISOCCUPAZIONE;regione;sicilia;2018;21.283
ISTATP_DISOCCUPAZIONE;regione;sicilia;2019;19.969
ISTATP_DISOCCUPAZIONE;regione;sicilia;2020;18.256
ISTATP_DISOCCUPAZIONE;regione;sicilia;2021;18.73
ISTATP_DISOCCUPAZIONE;regione;sicilia;2022;16.578
ISTATP_DISOCCUPAZIONE;regione;sicilia;2023;15.779
ISTATP_DISOCCUPAZIONE;regione;sicilia;2024;12.987
ISTATP_DISOCCUPAZIONE;regione;sicilia;2025;12.166
ISTATP_DISOCCUPAZIONE;regione;toscana;2018;7.324
ISTATP_DISOCCUPAZIONE;regione;toscana;2019;6.739
ISTATP_DISOCCUPAZIONE;regione;toscana;2020;6.803
ISTATP_DISOCCUPAZIONE;regione;toscana;2021;7.544
ISTATP_DISOCCUPAZIONE;regione;toscana;2022;6.047
ISTATP_DISOCCUPAZIONE;regione;toscana;2023;5.257
ISTATP_DISOCCUPAZIONE;regione;toscana;2024;4.028
ISTATP_DISOCCUPAZIONE;regione;toscana;2025;4.301
ISTATP_DISOCCUPAZIONE;regione;trentino-alto-adige;2018;3.818
ISTATP_DISOCCUPAZIONE;regione;trentino-alto-adige;2019;3.924
ISTATP_DISOCCUPAZIONE;regione;trentino-alto-adige;2020;4.558
ISTATP_DISOCCUPAZIONE;regione;trentino-alto-adige;2021;4.313
ISTATP_DISOCCUPAZIONE;regione;trentino-alto-adige;2022;3.013
ISTATP_DISOCCUPAZIONE;regione;trentino-alto-adige;2023;2.843
ISTATP_DISOCCUPAZIONE;regione;trentino-alto-adige;2024;2.337
ISTATP_DISOCCUPAZIONE;regione;trentino-alto-adige;2025;2.007
ISTATP_DISOCCUPAZIONE;regione;umbria;2018;9.262
ISTATP_DISOCCUPAZIONE;regione;umbria;2019;8.482
ISTATP_DISOCCUPAZIONE;regione;umbria;2020;8.302
ISTATP_DISOCCUPAZIONE;regione;umbria;2021;6.633
ISTATP_DISOCCUPAZIONE;regione;umbria;2022;7.149
ISTATP_DISOCCUPAZIONE;regione;umbria;2023;5.967
ISTATP_DISOCCUPAZIONE;regione;umbria;2024;4.818
ISTATP_DISOCCUPAZIONE;regione;umbria;2025;4.554
ISTATP_DISOCCUPAZIONE;regione;valle-d-aosta;2018;7.075
ISTATP_DISOCCUPAZIONE;regione;valle-d-aosta;2019;6.485
ISTATP_DISOCCUPAZIONE;regione;valle-d-aosta;2020;5.853
ISTATP_DISOCCUPAZIONE;regione;valle-d-aosta;2021;7.26
ISTATP_DISOCCUPAZIONE;regione;valle-d-aosta;2022;5.353
ISTATP_DISOCCUPAZIONE;regione;valle-d-aosta;2023;4.042
ISTATP_DISOCCUPAZIONE;regione;valle-d-aosta;2024;3.897
ISTATP_DISOCCUPAZIONE;regione;valle-d-aosta;2025;3.893
ISTATP_DISOCCUPAZIONE;regione;veneto;2018;6.454
ISTATP_DISOCCUPAZIONE;regione;veneto;2019;5.624
ISTATP_DISOCCUPAZIONE;regione;veneto;2020;5.923
ISTATP_DISOCCUPAZIONE;regione;veneto;2021;5.287
ISTATP_DISOCCUPAZIONE;regione;veneto;2022;4.21
ISTATP_DISOCCUPAZIONE;regione;veneto;2023;4.226
ISTATP_DISOCCUPAZIONE;regione;veneto;2024;2.979
ISTATP_DISOCCUPAZIONE;regione;veneto;2025;3.421
ISTATP_ATTIVITA;provincia;agrigento;2018;54.061
ISTATP_ATTIVITA;provincia;agrigento;2019;53.455
ISTATP_ATTIVITA;provincia;agrigento;2020;51.239
ISTATP_ATTIVITA;provincia;agrigento;2021;51.112
ISTATP_ATTIVITA;provincia;agrigento;2022;51.891
ISTATP_ATTIVITA;provincia;agrigento;2023;53.927
ISTATP_ATTIVITA;provincia;agrigento;2024;55.291
ISTATP_ATTIVITA;provincia;agrigento;2025;56.939
ISTATP_ATTIVITA;provincia;alessandria;2018;71.88
ISTATP_ATTIVITA;provincia;alessandria;2019;71.21
ISTATP_ATTIVITA;provincia;alessandria;2020;69.254
ISTATP_ATTIVITA;provincia;alessandria;2021;71.418
ISTATP_ATTIVITA;provincia;alessandria;2022;71.293
ISTATP_ATTIVITA;provincia;alessandria;2023;71.459
ISTATP_ATTIVITA;provincia;alessandria;2024;72.418
ISTATP_ATTIVITA;provincia;alessandria;2025;73.601
ISTATP_ATTIVITA;provincia;ancona;2018;71.473
ISTATP_ATTIVITA;provincia;ancona;2019;72.446
ISTATP_ATTIVITA;provincia;ancona;2020;69.328
ISTATP_ATTIVITA;provincia;ancona;2021;71.039
ISTATP_ATTIVITA;provincia;ancona;2022;72.819
ISTATP_ATTIVITA;provincia;ancona;2023;72.445
ISTATP_ATTIVITA;provincia;ancona;2024;71.193
ISTATP_ATTIVITA;provincia;ancona;2025;71.633
ISTATP_ATTIVITA;provincia;aosta;2018;72.871
ISTATP_ATTIVITA;provincia;aosta;2019;73.097
ISTATP_ATTIVITA;provincia;aosta;2020;70.631
ISTATP_ATTIVITA;provincia;aosta;2021;71.772
ISTATP_ATTIVITA;provincia;aosta;2022;73.774
ISTATP_ATTIVITA;provincia;aosta;2023;74.812
ISTATP_ATTIVITA;provincia;aosta;2024;75.093
ISTATP_ATTIVITA;provincia;aosta;2025;74.889
ISTATP_ATTIVITA;provincia;arezzo;2018;71.41
ISTATP_ATTIVITA;provincia;arezzo;2019;72.662
ISTATP_ATTIVITA;provincia;arezzo;2020;72.055
ISTATP_ATTIVITA;provincia;arezzo;2021;73.239
ISTATP_ATTIVITA;provincia;arezzo;2022;73.507
ISTATP_ATTIVITA;provincia;arezzo;2023;75.641
ISTATP_ATTIVITA;provincia;arezzo;2024;73.417
ISTATP_ATTIVITA;provincia;arezzo;2025;72.807
ISTATP_ATTIVITA;provincia;ascoli-piceno;2018;66.732
ISTATP_ATTIVITA;provincia;ascoli-piceno;2019;68.912
ISTATP_ATTIVITA;provincia;ascoli-piceno;2020;66.268
ISTATP_ATTIVITA;provincia;ascoli-piceno;2021;65.384
ISTATP_ATTIVITA;provincia;ascoli-piceno;2022;69.915
ISTATP_ATTIVITA;provincia;ascoli-piceno;2023;70.359
ISTATP_ATTIVITA;provincia;ascoli-piceno;2024;72.731
ISTATP_ATTIVITA;provincia;ascoli-piceno;2025;70.486
ISTATP_ATTIVITA;provincia;asti;2018;69.813
ISTATP_ATTIVITA;provincia;asti;2019;71.869
ISTATP_ATTIVITA;provincia;asti;2020;72.086
ISTATP_ATTIVITA;provincia;asti;2021;72.412
ISTATP_ATTIVITA;provincia;asti;2022;73.75
ISTATP_ATTIVITA;provincia;asti;2023;73.99
ISTATP_ATTIVITA;provincia;asti;2024;75.155
ISTATP_ATTIVITA;provincia;asti;2025;73.794
ISTATP_ATTIVITA;provincia;avellino;2018;60.678
ISTATP_ATTIVITA;provincia;avellino;2019;60.948
ISTATP_ATTIVITA;provincia;avellino;2020;59.967
ISTATP_ATTIVITA;provincia;avellino;2021;62.473
ISTATP_ATTIVITA;provincia;avellino;2022;62.415
ISTATP_ATTIVITA;provincia;avellino;2023;61.451
ISTATP_ATTIVITA;provincia;avellino;2024;60.055
ISTATP_ATTIVITA;provincia;avellino;2025;61.085
ISTATP_ATTIVITA;provincia;bari;2018;57.601
ISTATP_ATTIVITA;provincia;bari;2019;59.352
ISTATP_ATTIVITA;provincia;bari;2020;58.338
ISTATP_ATTIVITA;provincia;bari;2021;57.074
ISTATP_ATTIVITA;provincia;bari;2022;58.073
ISTATP_ATTIVITA;provincia;bari;2023;61.253
ISTATP_ATTIVITA;provincia;bari;2024;62.325
ISTATP_ATTIVITA;provincia;bari;2025;60.718
ISTATP_ATTIVITA;provincia;barletta-andria-trani;2018;51.003
ISTATP_ATTIVITA;provincia;barletta-andria-trani;2019;50.767
ISTATP_ATTIVITA;provincia;barletta-andria-trani;2020;47.889
ISTATP_ATTIVITA;provincia;barletta-andria-trani;2021;51.805
ISTATP_ATTIVITA;provincia;barletta-andria-trani;2022;53.369
ISTATP_ATTIVITA;provincia;barletta-andria-trani;2023;52.375
ISTATP_ATTIVITA;provincia;barletta-andria-trani;2024;48.857
ISTATP_ATTIVITA;provincia;barletta-andria-trani;2025;49.521
ISTATP_ATTIVITA;provincia;belluno;2018;73.595
ISTATP_ATTIVITA;provincia;belluno;2019;74.242
ISTATP_ATTIVITA;provincia;belluno;2020;70.902
ISTATP_ATTIVITA;provincia;belluno;2021;71.191
ISTATP_ATTIVITA;provincia;belluno;2022;72.172
ISTATP_ATTIVITA;provincia;belluno;2023;73.596
ISTATP_ATTIVITA;provincia;belluno;2024;73.801
ISTATP_ATTIVITA;provincia;belluno;2025;72.159
ISTATP_ATTIVITA;provincia;benevento;2018;47.429
ISTATP_ATTIVITA;provincia;benevento;2019;48.726
ISTATP_ATTIVITA;provincia;benevento;2020;46.994
ISTATP_ATTIVITA;provincia;benevento;2021;51.576
ISTATP_ATTIVITA;provincia;benevento;2022;55.488
ISTATP_ATTIVITA;provincia;benevento;2023;57.817
ISTATP_ATTIVITA;provincia;benevento;2024;54.039
ISTATP_ATTIVITA;provincia;benevento;2025;55.471
ISTATP_ATTIVITA;provincia;bergamo;2018;69.116
ISTATP_ATTIVITA;provincia;bergamo;2019;68.671
ISTATP_ATTIVITA;provincia;bergamo;2020;67.088
ISTATP_ATTIVITA;provincia;bergamo;2021;67.857
ISTATP_ATTIVITA;provincia;bergamo;2022;69.969
ISTATP_ATTIVITA;provincia;bergamo;2023;69.831
ISTATP_ATTIVITA;provincia;bergamo;2024;69.482
ISTATP_ATTIVITA;provincia;bergamo;2025;68.806
ISTATP_ATTIVITA;provincia;biella;2018;73.326
ISTATP_ATTIVITA;provincia;biella;2019;71.345
ISTATP_ATTIVITA;provincia;biella;2020;70.779
ISTATP_ATTIVITA;provincia;biella;2021;69.458
ISTATP_ATTIVITA;provincia;biella;2022;69.085
ISTATP_ATTIVITA;provincia;biella;2023;73.284
ISTATP_ATTIVITA;provincia;biella;2024;72.835
ISTATP_ATTIVITA;provincia;biella;2025;73.68
ISTATP_ATTIVITA;provincia;bologna;2018;76.868
ISTATP_ATTIVITA;provincia;bologna;2019;76.392
ISTATP_ATTIVITA;provincia;bologna;2020;73.66
ISTATP_ATTIVITA;provincia;bologna;2021;73.259
ISTATP_ATTIVITA;provincia;bologna;2022;74.27
ISTATP_ATTIVITA;provincia;bologna;2023;76.372
ISTATP_ATTIVITA;provincia;bologna;2024;75.368
ISTATP_ATTIVITA;provincia;bologna;2025;76.626
ISTATP_ATTIVITA;provincia;bolzano;2018;75.994
ISTATP_ATTIVITA;provincia;bolzano;2019;76.574
ISTATP_ATTIVITA;provincia;bolzano;2020;74.923
ISTATP_ATTIVITA;provincia;bolzano;2021;73.561
ISTATP_ATTIVITA;provincia;bolzano;2022;75.819
ISTATP_ATTIVITA;provincia;bolzano;2023;75.873
ISTATP_ATTIVITA;provincia;bolzano;2024;75.657
ISTATP_ATTIVITA;provincia;bolzano;2025;75.236
ISTATP_ATTIVITA;provincia;brescia;2018;70.572
ISTATP_ATTIVITA;provincia;brescia;2019;70.72
ISTATP_ATTIVITA;provincia;brescia;2020;68.116
ISTATP_ATTIVITA;provincia;brescia;2021;69.189
ISTATP_ATTIVITA;provincia;brescia;2022;68.79
ISTATP_ATTIVITA;provincia;brescia;2023;69.113
ISTATP_ATTIVITA;provincia;brescia;2024;69.255
ISTATP_ATTIVITA;provincia;brescia;2025;69.785
ISTATP_ATTIVITA;provincia;brindisi;2018;57.001
ISTATP_ATTIVITA;provincia;brindisi;2019;56.375
ISTATP_ATTIVITA;provincia;brindisi;2020;52.879
ISTATP_ATTIVITA;provincia;brindisi;2021;56.522
ISTATP_ATTIVITA;provincia;brindisi;2022;64.892
ISTATP_ATTIVITA;provincia;brindisi;2023;62.643
ISTATP_ATTIVITA;provincia;brindisi;2024;58.37
ISTATP_ATTIVITA;provincia;brindisi;2025;56.29
ISTATP_ATTIVITA;provincia;cagliari;2018;64.464
ISTATP_ATTIVITA;provincia;cagliari;2019;66.381
ISTATP_ATTIVITA;provincia;cagliari;2020;66.142
ISTATP_ATTIVITA;provincia;cagliari;2021;68.714
ISTATP_ATTIVITA;provincia;cagliari;2022;67.634
ISTATP_ATTIVITA;provincia;cagliari;2023;69.8
ISTATP_ATTIVITA;provincia;cagliari;2024;66.833
ISTATP_ATTIVITA;provincia;cagliari;2025;68.584
ISTATP_ATTIVITA;provincia;caltanissetta;2018;47.908
ISTATP_ATTIVITA;provincia;caltanissetta;2019;46.734
ISTATP_ATTIVITA;provincia;caltanissetta;2020;43.775
ISTATP_ATTIVITA;provincia;caltanissetta;2021;45.049
ISTATP_ATTIVITA;provincia;caltanissetta;2022;44.873
ISTATP_ATTIVITA;provincia;caltanissetta;2023;45.635
ISTATP_ATTIVITA;provincia;caltanissetta;2024;48.49
ISTATP_ATTIVITA;provincia;caltanissetta;2025;50.141
ISTATP_ATTIVITA;provincia;campobasso;2018;61.207
ISTATP_ATTIVITA;provincia;campobasso;2019;61.934
ISTATP_ATTIVITA;provincia;campobasso;2020;57.131
ISTATP_ATTIVITA;provincia;campobasso;2021;57.432
ISTATP_ATTIVITA;provincia;campobasso;2022;60.284
ISTATP_ATTIVITA;provincia;campobasso;2023;62.074
ISTATP_ATTIVITA;provincia;campobasso;2024;62.129
ISTATP_ATTIVITA;provincia;campobasso;2025;61.895
ISTATP_ATTIVITA;provincia;caserta;2018;51.351
ISTATP_ATTIVITA;provincia;caserta;2019;50.354
ISTATP_ATTIVITA;provincia;caserta;2020;46.451
ISTATP_ATTIVITA;provincia;caserta;2021;50.488
ISTATP_ATTIVITA;provincia;caserta;2022;49.331
ISTATP_ATTIVITA;provincia;caserta;2023;50.194
ISTATP_ATTIVITA;provincia;caserta;2024;47.705
ISTATP_ATTIVITA;provincia;caserta;2025;50.465
ISTATP_ATTIVITA;provincia;catania;2018;49.342
ISTATP_ATTIVITA;provincia;catania;2019;49.131
ISTATP_ATTIVITA;provincia;catania;2020;46.879
ISTATP_ATTIVITA;provincia;catania;2021;46.269
ISTATP_ATTIVITA;provincia;catania;2022;48.665
ISTATP_ATTIVITA;provincia;catania;2023;53.406
ISTATP_ATTIVITA;provincia;catania;2024;53.896
ISTATP_ATTIVITA;provincia;catania;2025;55.14
ISTATP_ATTIVITA;provincia;catanzaro;2018;56.815
ISTATP_ATTIVITA;provincia;catanzaro;2019;58.96
ISTATP_ATTIVITA;provincia;catanzaro;2020;56.848
ISTATP_ATTIVITA;provincia;catanzaro;2021;55.627
ISTATP_ATTIVITA;provincia;catanzaro;2022;54.371
ISTATP_ATTIVITA;provincia;catanzaro;2023;61.565
ISTATP_ATTIVITA;provincia;catanzaro;2024;59.074
ISTATP_ATTIVITA;provincia;catanzaro;2025;56.482
ISTATP_ATTIVITA;provincia;chieti;2018;65.074
ISTATP_ATTIVITA;provincia;chieti;2019;66.14
ISTATP_ATTIVITA;provincia;chieti;2020;61.925
ISTATP_ATTIVITA;provincia;chieti;2021;63.386
ISTATP_ATTIVITA;provincia;chieti;2022;63.194
ISTATP_ATTIVITA;provincia;chieti;2023;66.661
ISTATP_ATTIVITA;provincia;chieti;2024;65.318
ISTATP_ATTIVITA;provincia;chieti;2025;65.847
ISTATP_ATTIVITA;provincia;como;2018;72.151
ISTATP_ATTIVITA;provincia;como;2019;71.891
ISTATP_ATTIVITA;provincia;como;2020;68.538
ISTATP_ATTIVITA;provincia;como;2021;70.651
ISTATP_ATTIVITA;provincia;como;2022;71.616
ISTATP_ATTIVITA;provincia;como;2023;71.808
ISTATP_ATTIVITA;provincia;como;2024;71.269
ISTATP_ATTIVITA;provincia;como;2025;69.789
ISTATP_ATTIVITA;provincia;cosenza;2018;56.247
ISTATP_ATTIVITA;provincia;cosenza;2019;55.875
ISTATP_ATTIVITA;provincia;cosenza;2020;55.039
ISTATP_ATTIVITA;provincia;cosenza;2021;53.324
ISTATP_ATTIVITA;provincia;cosenza;2022;52.921
ISTATP_ATTIVITA;provincia;cosenza;2023;54.225
ISTATP_ATTIVITA;provincia;cosenza;2024;50.793
ISTATP_ATTIVITA;provincia;cosenza;2025;52.591
ISTATP_ATTIVITA;provincia;cremona;2018;70.674
ISTATP_ATTIVITA;provincia;cremona;2019;70.485
ISTATP_ATTIVITA;provincia;cremona;2020;66.507
ISTATP_ATTIVITA;provincia;cremona;2021;67.59
ISTATP_ATTIVITA;provincia;cremona;2022;69.024
ISTATP_ATTIVITA;provincia;cremona;2023;70.948
ISTATP_ATTIVITA;provincia;cremona;2024;71.645
ISTATP_ATTIVITA;provincia;cremona;2025;70.585
ISTATP_ATTIVITA;provincia;crotone;2018;54.295
ISTATP_ATTIVITA;provincia;crotone;2019;50.686
ISTATP_ATTIVITA;provincia;crotone;2020;46.21
ISTATP_ATTIVITA;provincia;crotone;2021;47.529
ISTATP_ATTIVITA;provincia;crotone;2022;44.541
ISTATP_ATTIVITA;provincia;crotone;2023;46.561
ISTATP_ATTIVITA;provincia;crotone;2024;51.23
ISTATP_ATTIVITA;provincia;crotone;2025;51.436
ISTATP_ATTIVITA;provincia;cuneo;2018;71.819
ISTATP_ATTIVITA;provincia;cuneo;2019;73.131
ISTATP_ATTIVITA;provincia;cuneo;2020;71.864
ISTATP_ATTIVITA;provincia;cuneo;2021;72.994
ISTATP_ATTIVITA;provincia;cuneo;2022;73.046
ISTATP_ATTIVITA;provincia;cuneo;2023;72.66
ISTATP_ATTIVITA;provincia;cuneo;2024;72.557
ISTATP_ATTIVITA;provincia;cuneo;2025;75
ISTATP_ATTIVITA;provincia;enna;2018;51.249
ISTATP_ATTIVITA;provincia;enna;2019;52.288
ISTATP_ATTIVITA;provincia;enna;2020;49.79
ISTATP_ATTIVITA;provincia;enna;2021;53.835
ISTATP_ATTIVITA;provincia;enna;2022;52.22
ISTATP_ATTIVITA;provincia;enna;2023;54.988
ISTATP_ATTIVITA;provincia;enna;2024;54.413
ISTATP_ATTIVITA;provincia;enna;2025;53.958
ISTATP_ATTIVITA;provincia;fermo;2018;70.724
ISTATP_ATTIVITA;provincia;fermo;2019;71.871
ISTATP_ATTIVITA;provincia;fermo;2020;66.186
ISTATP_ATTIVITA;provincia;fermo;2021;66.608
ISTATP_ATTIVITA;provincia;fermo;2022;68.397
ISTATP_ATTIVITA;provincia;fermo;2023;67.511
ISTATP_ATTIVITA;provincia;fermo;2024;67.398
ISTATP_ATTIVITA;provincia;fermo;2025;69.23
ISTATP_ATTIVITA;provincia;ferrara;2018;73.294
ISTATP_ATTIVITA;provincia;ferrara;2019;75.487
ISTATP_ATTIVITA;provincia;ferrara;2020;73.602
ISTATP_ATTIVITA;provincia;ferrara;2021;74.599
ISTATP_ATTIVITA;provincia;ferrara;2022;73.051
ISTATP_ATTIVITA;provincia;ferrara;2023;73.595
ISTATP_ATTIVITA;provincia;ferrara;2024;73.37
ISTATP_ATTIVITA;provincia;ferrara;2025;76.858
ISTATP_ATTIVITA;provincia;firenze;2018;74.082
ISTATP_ATTIVITA;provincia;firenze;2019;74.964
ISTATP_ATTIVITA;provincia;firenze;2020;72.221
ISTATP_ATTIVITA;provincia;firenze;2021;72.304
ISTATP_ATTIVITA;provincia;firenze;2022;76.512
ISTATP_ATTIVITA;provincia;firenze;2023;74.4
ISTATP_ATTIVITA;provincia;firenze;2024;76.181
ISTATP_ATTIVITA;provincia;firenze;2025;76.219
ISTATP_ATTIVITA;provincia;foggia;2018;51.47
ISTATP_ATTIVITA;provincia;foggia;2019;51.429
ISTATP_ATTIVITA;provincia;foggia;2020;51.821
ISTATP_ATTIVITA;provincia;foggia;2021;53.196
ISTATP_ATTIVITA;provincia;foggia;2022;53.346
ISTATP_ATTIVITA;provincia;foggia;2023;55.461
ISTATP_ATTIVITA;provincia;foggia;2024;56.607
ISTATP_ATTIVITA;provincia;foggia;2025;57.796
ISTATP_ATTIVITA;provincia;forli-cesena;2018;71.695
ISTATP_ATTIVITA;provincia;forli-cesena;2019;75.71
ISTATP_ATTIVITA;provincia;forli-cesena;2020;73.803
ISTATP_ATTIVITA;provincia;forli-cesena;2021;72.328
ISTATP_ATTIVITA;provincia;forli-cesena;2022;73.299
ISTATP_ATTIVITA;provincia;forli-cesena;2023;74.358
ISTATP_ATTIVITA;provincia;forli-cesena;2024;73.254
ISTATP_ATTIVITA;provincia;forli-cesena;2025;73.923
ISTATP_ATTIVITA;provincia;frosinone;2018;59.994
ISTATP_ATTIVITA;provincia;frosinone;2019;56.337
ISTATP_ATTIVITA;provincia;frosinone;2020;56.773
ISTATP_ATTIVITA;provincia;frosinone;2021;61.561
ISTATP_ATTIVITA;provincia;frosinone;2022;61.805
ISTATP_ATTIVITA;provincia;frosinone;2023;61.999
ISTATP_ATTIVITA;provincia;frosinone;2024;61.768
ISTATP_ATTIVITA;provincia;frosinone;2025;62.872
ISTATP_ATTIVITA;provincia;genova;2018;71.424
ISTATP_ATTIVITA;provincia;genova;2019;70.856
ISTATP_ATTIVITA;provincia;genova;2020;68.074
ISTATP_ATTIVITA;provincia;genova;2021;70.141
ISTATP_ATTIVITA;provincia;genova;2022;72.433
ISTATP_ATTIVITA;provincia;genova;2023;74.029
ISTATP_ATTIVITA;provincia;genova;2024;72.861
ISTATP_ATTIVITA;provincia;genova;2025;74.166
ISTATP_ATTIVITA;provincia;gorizia;2018;67.836
ISTATP_ATTIVITA;provincia;gorizia;2019;69.219
ISTATP_ATTIVITA;provincia;gorizia;2020;68.811
ISTATP_ATTIVITA;provincia;gorizia;2021;70.499
ISTATP_ATTIVITA;provincia;gorizia;2022;69.978
ISTATP_ATTIVITA;provincia;gorizia;2023;69.889
ISTATP_ATTIVITA;provincia;gorizia;2024;72.477
ISTATP_ATTIVITA;provincia;gorizia;2025;73.39
ISTATP_ATTIVITA;provincia;grosseto;2018;70.576
ISTATP_ATTIVITA;provincia;grosseto;2019;71.328
ISTATP_ATTIVITA;provincia;grosseto;2020;69.576
ISTATP_ATTIVITA;provincia;grosseto;2021;72.086
ISTATP_ATTIVITA;provincia;grosseto;2022;73.667
ISTATP_ATTIVITA;provincia;grosseto;2023;73.595
ISTATP_ATTIVITA;provincia;grosseto;2024;75.01
ISTATP_ATTIVITA;provincia;grosseto;2025;74.282
ISTATP_ATTIVITA;provincia;imperia;2018;68.574
ISTATP_ATTIVITA;provincia;imperia;2019;69.061
ISTATP_ATTIVITA;provincia;imperia;2020;64.576
ISTATP_ATTIVITA;provincia;imperia;2021;67.485
ISTATP_ATTIVITA;provincia;imperia;2022;68.614
ISTATP_ATTIVITA;provincia;imperia;2023;68.528
ISTATP_ATTIVITA;provincia;imperia;2024;69.717
ISTATP_ATTIVITA;provincia;imperia;2025;69.817
ISTATP_ATTIVITA;provincia;isernia;2018;61.896
ISTATP_ATTIVITA;provincia;isernia;2019;63.675
ISTATP_ATTIVITA;provincia;isernia;2020;64.357
ISTATP_ATTIVITA;provincia;isernia;2021;62.894
ISTATP_ATTIVITA;provincia;isernia;2022;64.62
ISTATP_ATTIVITA;provincia;isernia;2023;65.853
ISTATP_ATTIVITA;provincia;isernia;2024;65.084
ISTATP_ATTIVITA;provincia;isernia;2025;61.694
ISTATP_ATTIVITA;provincia;l-aquila;2018;64.81
ISTATP_ATTIVITA;provincia;l-aquila;2019;64.263
ISTATP_ATTIVITA;provincia;l-aquila;2020;62.452
ISTATP_ATTIVITA;provincia;l-aquila;2021;63.461
ISTATP_ATTIVITA;provincia;l-aquila;2022;63.309
ISTATP_ATTIVITA;provincia;l-aquila;2023;65.759
ISTATP_ATTIVITA;provincia;l-aquila;2024;67.513
ISTATP_ATTIVITA;provincia;l-aquila;2025;68.495
ISTATP_ATTIVITA;provincia;la-spezia;2018;68.016
ISTATP_ATTIVITA;provincia;la-spezia;2019;70.491
ISTATP_ATTIVITA;provincia;la-spezia;2020;68.794
ISTATP_ATTIVITA;provincia;la-spezia;2021;70.846
ISTATP_ATTIVITA;provincia;la-spezia;2022;69.956
ISTATP_ATTIVITA;provincia;la-spezia;2023;71.417
ISTATP_ATTIVITA;provincia;la-spezia;2024;71.445
ISTATP_ATTIVITA;provincia;la-spezia;2025;69.744
ISTATP_ATTIVITA;provincia;latina;2018;63.52
ISTATP_ATTIVITA;provincia;latina;2019;63.243
ISTATP_ATTIVITA;provincia;latina;2020;61.421
ISTATP_ATTIVITA;provincia;latina;2021;61.983
ISTATP_ATTIVITA;provincia;latina;2022;61.382
ISTATP_ATTIVITA;provincia;latina;2023;62.845
ISTATP_ATTIVITA;provincia;latina;2024;62.137
ISTATP_ATTIVITA;provincia;latina;2025;62.118
ISTATP_ATTIVITA;provincia;lecce;2018;53.993
ISTATP_ATTIVITA;provincia;lecce;2019;52.814
ISTATP_ATTIVITA;provincia;lecce;2020;51.627
ISTATP_ATTIVITA;provincia;lecce;2021;55.524
ISTATP_ATTIVITA;provincia;lecce;2022;56.447
ISTATP_ATTIVITA;provincia;lecce;2023;58.195
ISTATP_ATTIVITA;provincia;lecce;2024;57.838
ISTATP_ATTIVITA;provincia;lecce;2025;60.185
ISTATP_ATTIVITA;provincia;lecco;2018;72.01
ISTATP_ATTIVITA;provincia;lecco;2019;72.777
ISTATP_ATTIVITA;provincia;lecco;2020;72.408
ISTATP_ATTIVITA;provincia;lecco;2021;69.635
ISTATP_ATTIVITA;provincia;lecco;2022;69.123
ISTATP_ATTIVITA;provincia;lecco;2023;70.199
ISTATP_ATTIVITA;provincia;lecco;2024;69.567
ISTATP_ATTIVITA;provincia;lecco;2025;67.247
ISTATP_ATTIVITA;provincia;livorno;2018;68.409
ISTATP_ATTIVITA;provincia;livorno;2019;66.671
ISTATP_ATTIVITA;provincia;livorno;2020;65.254
ISTATP_ATTIVITA;provincia;livorno;2021;68.537
ISTATP_ATTIVITA;provincia;livorno;2022;69.476
ISTATP_ATTIVITA;provincia;livorno;2023;69.829
ISTATP_ATTIVITA;provincia;livorno;2024;72.519
ISTATP_ATTIVITA;provincia;livorno;2025;72.308
ISTATP_ATTIVITA;provincia;lodi;2018;70.846
ISTATP_ATTIVITA;provincia;lodi;2019;70.702
ISTATP_ATTIVITA;provincia;lodi;2020;69.572
ISTATP_ATTIVITA;provincia;lodi;2021;71.88
ISTATP_ATTIVITA;provincia;lodi;2022;71.383
ISTATP_ATTIVITA;provincia;lodi;2023;70.176
ISTATP_ATTIVITA;provincia;lodi;2024;67.546
ISTATP_ATTIVITA;provincia;lodi;2025;68.108
ISTATP_ATTIVITA;provincia;lucca;2018;69.102
ISTATP_ATTIVITA;provincia;lucca;2019;67.019
ISTATP_ATTIVITA;provincia;lucca;2020;66.633
ISTATP_ATTIVITA;provincia;lucca;2021;70.608
ISTATP_ATTIVITA;provincia;lucca;2022;72.091
ISTATP_ATTIVITA;provincia;lucca;2023;71.44
ISTATP_ATTIVITA;provincia;lucca;2024;72.91
ISTATP_ATTIVITA;provincia;lucca;2025;71.518
ISTATP_ATTIVITA;provincia;macerata;2018;69.911
ISTATP_ATTIVITA;provincia;macerata;2019;70.902
ISTATP_ATTIVITA;provincia;macerata;2020;67.598
ISTATP_ATTIVITA;provincia;macerata;2021;67.602
ISTATP_ATTIVITA;provincia;macerata;2022;69.618
ISTATP_ATTIVITA;provincia;macerata;2023;69.419
ISTATP_ATTIVITA;provincia;macerata;2024;69.234
ISTATP_ATTIVITA;provincia;macerata;2025;71.778
ISTATP_ATTIVITA;provincia;mantova;2018;71.075
ISTATP_ATTIVITA;provincia;mantova;2019;72.916
ISTATP_ATTIVITA;provincia;mantova;2020;69.255
ISTATP_ATTIVITA;provincia;mantova;2021;69.203
ISTATP_ATTIVITA;provincia;mantova;2022;72.675
ISTATP_ATTIVITA;provincia;mantova;2023;72.378
ISTATP_ATTIVITA;provincia;mantova;2024;71.545
ISTATP_ATTIVITA;provincia;mantova;2025;71.574
ISTATP_ATTIVITA;provincia;massa-carrara;2018;68.854
ISTATP_ATTIVITA;provincia;massa-carrara;2019;69.007
ISTATP_ATTIVITA;provincia;massa-carrara;2020;70.389
ISTATP_ATTIVITA;provincia;massa-carrara;2021;66.937
ISTATP_ATTIVITA;provincia;massa-carrara;2022;66.685
ISTATP_ATTIVITA;provincia;massa-carrara;2023;70.57
ISTATP_ATTIVITA;provincia;massa-carrara;2024;72.801
ISTATP_ATTIVITA;provincia;massa-carrara;2025;71.906
ISTATP_ATTIVITA;provincia;matera;2018;55.135
ISTATP_ATTIVITA;provincia;matera;2019;58.814
ISTATP_ATTIVITA;provincia;matera;2020;55.739
ISTATP_ATTIVITA;provincia;matera;2021;57.536
ISTATP_ATTIVITA;provincia;matera;2022;57.543
ISTATP_ATTIVITA;provincia;matera;2023;59.679
ISTATP_ATTIVITA;provincia;matera;2024;60.615
ISTATP_ATTIVITA;provincia;matera;2025;61.14
ISTATP_ATTIVITA;provincia;messina;2018;55.863
ISTATP_ATTIVITA;provincia;messina;2019;53.854
ISTATP_ATTIVITA;provincia;messina;2020;54.578
ISTATP_ATTIVITA;provincia;messina;2021;53.999
ISTATP_ATTIVITA;provincia;messina;2022;55.205
ISTATP_ATTIVITA;provincia;messina;2023;56.485
ISTATP_ATTIVITA;provincia;messina;2024;55.919
ISTATP_ATTIVITA;provincia;messina;2025;54.289
ISTATP_ATTIVITA;provincia;milano;2018;74.379
ISTATP_ATTIVITA;provincia;milano;2019;75.121
ISTATP_ATTIVITA;provincia;milano;2020;72.07
ISTATP_ATTIVITA;provincia;milano;2021;72.698
ISTATP_ATTIVITA;provincia;milano;2022;74.203
ISTATP_ATTIVITA;provincia;milano;2023;74.77
ISTATP_ATTIVITA;provincia;milano;2024;75.251
ISTATP_ATTIVITA;provincia;milano;2025;75.084
ISTATP_ATTIVITA;provincia;modena;2018;73.551
ISTATP_ATTIVITA;provincia;modena;2019;74.828
ISTATP_ATTIVITA;provincia;modena;2020;72.812
ISTATP_ATTIVITA;provincia;modena;2021;70.863
ISTATP_ATTIVITA;provincia;modena;2022;74.843
ISTATP_ATTIVITA;provincia;modena;2023;74.47
ISTATP_ATTIVITA;provincia;modena;2024;72.434
ISTATP_ATTIVITA;provincia;modena;2025;72.895
ISTATP_ATTIVITA;provincia;monza-e-della-brianza;2018;71.831
ISTATP_ATTIVITA;provincia;monza-e-della-brianza;2019;73.472
ISTATP_ATTIVITA;provincia;monza-e-della-brianza;2020;71.178
ISTATP_ATTIVITA;provincia;monza-e-della-brianza;2021;72.536
ISTATP_ATTIVITA;provincia;monza-e-della-brianza;2022;72.779
ISTATP_ATTIVITA;provincia;monza-e-della-brianza;2023;73.36
ISTATP_ATTIVITA;provincia;monza-e-della-brianza;2024;73.244
ISTATP_ATTIVITA;provincia;monza-e-della-brianza;2025;70.336
ISTATP_ATTIVITA;provincia;napoli;2018;51.207
ISTATP_ATTIVITA;provincia;napoli;2019;50.864
ISTATP_ATTIVITA;provincia;napoli;2020;48.095
ISTATP_ATTIVITA;provincia;napoli;2021;49.247
ISTATP_ATTIVITA;provincia;napoli;2022;50.861
ISTATP_ATTIVITA;provincia;napoli;2023;52.767
ISTATP_ATTIVITA;provincia;napoli;2024;53.479
ISTATP_ATTIVITA;provincia;napoli;2025;53.389
ISTATP_ATTIVITA;provincia;novara;2018;70.177
ISTATP_ATTIVITA;provincia;novara;2019;72.465
ISTATP_ATTIVITA;provincia;novara;2020;69.886
ISTATP_ATTIVITA;provincia;novara;2021;69.54
ISTATP_ATTIVITA;provincia;novara;2022;72.205
ISTATP_ATTIVITA;provincia;novara;2023;73.436
ISTATP_ATTIVITA;provincia;novara;2024;70.845
ISTATP_ATTIVITA;provincia;novara;2025;71.612
ISTATP_ATTIVITA;provincia;nuoro;2018;57.209
ISTATP_ATTIVITA;provincia;nuoro;2019;58.297
ISTATP_ATTIVITA;provincia;nuoro;2020;54.354
ISTATP_ATTIVITA;provincia;nuoro;2021;59.744
ISTATP_ATTIVITA;provincia;nuoro;2022;59.183
ISTATP_ATTIVITA;provincia;nuoro;2023;57.329
ISTATP_ATTIVITA;provincia;nuoro;2024;60.801
ISTATP_ATTIVITA;provincia;nuoro;2025;64.32
ISTATP_ATTIVITA;provincia;oristano;2018;61.446
ISTATP_ATTIVITA;provincia;oristano;2019;61.438
ISTATP_ATTIVITA;provincia;oristano;2020;62.376
ISTATP_ATTIVITA;provincia;oristano;2021;59.824
ISTATP_ATTIVITA;provincia;oristano;2022;59.514
ISTATP_ATTIVITA;provincia;oristano;2023;61.365
ISTATP_ATTIVITA;provincia;oristano;2024;64.275
ISTATP_ATTIVITA;provincia;oristano;2025;62.5
ISTATP_ATTIVITA;provincia;padova;2018;71.956
ISTATP_ATTIVITA;provincia;padova;2019;71.018
ISTATP_ATTIVITA;provincia;padova;2020;67.744
ISTATP_ATTIVITA;provincia;padova;2021;66.649
ISTATP_ATTIVITA;provincia;padova;2022;70.954
ISTATP_ATTIVITA;provincia;padova;2023;74.768
ISTATP_ATTIVITA;provincia;padova;2024;75.025
ISTATP_ATTIVITA;provincia;padova;2025;72.966
ISTATP_ATTIVITA;provincia;palermo;2018;49.383
ISTATP_ATTIVITA;provincia;palermo;2019;49.269
ISTATP_ATTIVITA;provincia;palermo;2020;46.029
ISTATP_ATTIVITA;provincia;palermo;2021;49.823
ISTATP_ATTIVITA;provincia;palermo;2022;50.428
ISTATP_ATTIVITA;provincia;palermo;2023;51.63
ISTATP_ATTIVITA;provincia;palermo;2024;52.022
ISTATP_ATTIVITA;provincia;palermo;2025;50.305
ISTATP_ATTIVITA;provincia;parma;2018;73.817
ISTATP_ATTIVITA;provincia;parma;2019;72.139
ISTATP_ATTIVITA;provincia;parma;2020;71.314
ISTATP_ATTIVITA;provincia;parma;2021;72.839
ISTATP_ATTIVITA;provincia;parma;2022;75.101
ISTATP_ATTIVITA;provincia;parma;2023;74.595
ISTATP_ATTIVITA;provincia;parma;2024;74.984
ISTATP_ATTIVITA;provincia;parma;2025;74.953
ISTATP_ATTIVITA;provincia;pavia;2018;71.03
ISTATP_ATTIVITA;provincia;pavia;2019;72.816
ISTATP_ATTIVITA;provincia;pavia;2020;68.794
ISTATP_ATTIVITA;provincia;pavia;2021;69.636
ISTATP_ATTIVITA;provincia;pavia;2022;71.106
ISTATP_ATTIVITA;provincia;pavia;2023;71.165
ISTATP_ATTIVITA;provincia;pavia;2024;70.092
ISTATP_ATTIVITA;provincia;pavia;2025;71.854
ISTATP_ATTIVITA;provincia;perugia;2018;70.412
ISTATP_ATTIVITA;provincia;perugia;2019;71.488
ISTATP_ATTIVITA;provincia;perugia;2020;70.597
ISTATP_ATTIVITA;provincia;perugia;2021;70.372
ISTATP_ATTIVITA;provincia;perugia;2022;71.343
ISTATP_ATTIVITA;provincia;perugia;2023;72.554
ISTATP_ATTIVITA;provincia;perugia;2024;72.48
ISTATP_ATTIVITA;provincia;perugia;2025;72.948
ISTATP_ATTIVITA;provincia;pesaro-e-urbino;2018;70.421
ISTATP_ATTIVITA;provincia;pesaro-e-urbino;2019;70.649
ISTATP_ATTIVITA;provincia;pesaro-e-urbino;2020;71.423
ISTATP_ATTIVITA;provincia;pesaro-e-urbino;2021;71.499
ISTATP_ATTIVITA;provincia;pesaro-e-urbino;2022;73.191
ISTATP_ATTIVITA;provincia;pesaro-e-urbino;2023;73.144
ISTATP_ATTIVITA;provincia;pesaro-e-urbino;2024;72.611
ISTATP_ATTIVITA;provincia;pesaro-e-urbino;2025;71.722
ISTATP_ATTIVITA;provincia;pescara;2018;62.899
ISTATP_ATTIVITA;provincia;pescara;2019;65.903
ISTATP_ATTIVITA;provincia;pescara;2020;62.893
ISTATP_ATTIVITA;provincia;pescara;2021;63.937
ISTATP_ATTIVITA;provincia;pescara;2022;65.608
ISTATP_ATTIVITA;provincia;pescara;2023;67.155
ISTATP_ATTIVITA;provincia;pescara;2024;68.345
ISTATP_ATTIVITA;provincia;pescara;2025;68.296
ISTATP_ATTIVITA;provincia;piacenza;2018;73.402
ISTATP_ATTIVITA;provincia;piacenza;2019;73.997
ISTATP_ATTIVITA;provincia;piacenza;2020;72.6
ISTATP_ATTIVITA;provincia;piacenza;2021;72.498
ISTATP_ATTIVITA;provincia;piacenza;2022;73.632
ISTATP_ATTIVITA;provincia;piacenza;2023;75.501
ISTATP_ATTIVITA;provincia;piacenza;2024;76.159
ISTATP_ATTIVITA;provincia;piacenza;2025;76.656
ISTATP_ATTIVITA;provincia;pisa;2018;73.213
ISTATP_ATTIVITA;provincia;pisa;2019;72.374
ISTATP_ATTIVITA;provincia;pisa;2020;71.103
ISTATP_ATTIVITA;provincia;pisa;2021;72.281
ISTATP_ATTIVITA;provincia;pisa;2022;72.662
ISTATP_ATTIVITA;provincia;pisa;2023;74.17
ISTATP_ATTIVITA;provincia;pisa;2024;72.009
ISTATP_ATTIVITA;provincia;pisa;2025;73.79
ISTATP_ATTIVITA;provincia;pistoia;2018;70.7
ISTATP_ATTIVITA;provincia;pistoia;2019;69.923
ISTATP_ATTIVITA;provincia;pistoia;2020;66.633
ISTATP_ATTIVITA;provincia;pistoia;2021;69.868
ISTATP_ATTIVITA;provincia;pistoia;2022;71.147
ISTATP_ATTIVITA;provincia;pistoia;2023;71.217
ISTATP_ATTIVITA;provincia;pistoia;2024;70.679
ISTATP_ATTIVITA;provincia;pistoia;2025;69.756
ISTATP_ATTIVITA;provincia;pordenone;2018;71.299
ISTATP_ATTIVITA;provincia;pordenone;2019;71.805
ISTATP_ATTIVITA;provincia;pordenone;2020;69.816
ISTATP_ATTIVITA;provincia;pordenone;2021;70.379
ISTATP_ATTIVITA;provincia;pordenone;2022;70.095
ISTATP_ATTIVITA;provincia;pordenone;2023;69.36
ISTATP_ATTIVITA;provincia;pordenone;2024;69.087
ISTATP_ATTIVITA;provincia;pordenone;2025;68.642
ISTATP_ATTIVITA;provincia;potenza;2018;57.335
ISTATP_ATTIVITA;provincia;potenza;2019;55.954
ISTATP_ATTIVITA;provincia;potenza;2020;54.646
ISTATP_ATTIVITA;provincia;potenza;2021;57.316
ISTATP_ATTIVITA;provincia;potenza;2022;57.126
ISTATP_ATTIVITA;provincia;potenza;2023;59.333
ISTATP_ATTIVITA;provincia;potenza;2024;59.859
ISTATP_ATTIVITA;provincia;potenza;2025;60.519
ISTATP_ATTIVITA;provincia;prato;2018;72.429
ISTATP_ATTIVITA;provincia;prato;2019;73.169
ISTATP_ATTIVITA;provincia;prato;2020;71.797
ISTATP_ATTIVITA;provincia;prato;2021;69.663
ISTATP_ATTIVITA;provincia;prato;2022;72.928
ISTATP_ATTIVITA;provincia;prato;2023;74.407
ISTATP_ATTIVITA;provincia;prato;2024;75.211
ISTATP_ATTIVITA;provincia;prato;2025;75.357
ISTATP_ATTIVITA;provincia;ragusa;2018;59.7
ISTATP_ATTIVITA;provincia;ragusa;2019;60.815
ISTATP_ATTIVITA;provincia;ragusa;2020;61.022
ISTATP_ATTIVITA;provincia;ragusa;2021;62.148
ISTATP_ATTIVITA;provincia;ragusa;2022;59.954
ISTATP_ATTIVITA;provincia;ragusa;2023;62.289
ISTATP_ATTIVITA;provincia;ragusa;2024;63.297
ISTATP_ATTIVITA;provincia;ragusa;2025;61.864
ISTATP_ATTIVITA;provincia;ravenna;2018;72.452
ISTATP_ATTIVITA;provincia;ravenna;2019;74.098
ISTATP_ATTIVITA;provincia;ravenna;2020;72.2
ISTATP_ATTIVITA;provincia;ravenna;2021;74.097
ISTATP_ATTIVITA;provincia;ravenna;2022;74.249
ISTATP_ATTIVITA;provincia;ravenna;2023;72.837
ISTATP_ATTIVITA;provincia;ravenna;2024;72.672
ISTATP_ATTIVITA;provincia;ravenna;2025;72.517
ISTATP_ATTIVITA;provincia;reggio-calabria;2018;49.55
ISTATP_ATTIVITA;provincia;reggio-calabria;2019;48.356
ISTATP_ATTIVITA;provincia;reggio-calabria;2020;46.06
ISTATP_ATTIVITA;provincia;reggio-calabria;2021;48.228
ISTATP_ATTIVITA;provincia;reggio-calabria;2022;47.96
ISTATP_ATTIVITA;provincia;reggio-calabria;2023;49.254
ISTATP_ATTIVITA;provincia;reggio-calabria;2024;47.61
ISTATP_ATTIVITA;provincia;reggio-calabria;2025;46.132
ISTATP_ATTIVITA;provincia;reggio-emilia;2018;72.368
ISTATP_ATTIVITA;provincia;reggio-emilia;2019;73.203
ISTATP_ATTIVITA;provincia;reggio-emilia;2020;71.224
ISTATP_ATTIVITA;provincia;reggio-emilia;2021;71.563
ISTATP_ATTIVITA;provincia;reggio-emilia;2022;70.607
ISTATP_ATTIVITA;provincia;reggio-emilia;2023;73.884
ISTATP_ATTIVITA;provincia;reggio-emilia;2024;71.206
ISTATP_ATTIVITA;provincia;reggio-emilia;2025;72.452
ISTATP_ATTIVITA;provincia;rieti;2018;64.252
ISTATP_ATTIVITA;provincia;rieti;2019;65.931
ISTATP_ATTIVITA;provincia;rieti;2020;62.019
ISTATP_ATTIVITA;provincia;rieti;2021;64.537
ISTATP_ATTIVITA;provincia;rieti;2022;64.956
ISTATP_ATTIVITA;provincia;rieti;2023;67.585
ISTATP_ATTIVITA;provincia;rieti;2024;67.738
ISTATP_ATTIVITA;provincia;rieti;2025;65.742
ISTATP_ATTIVITA;provincia;rimini;2018;74.523
ISTATP_ATTIVITA;provincia;rimini;2019;72.853
ISTATP_ATTIVITA;provincia;rimini;2020;70.379
ISTATP_ATTIVITA;provincia;rimini;2021;71.104
ISTATP_ATTIVITA;provincia;rimini;2022;69.907
ISTATP_ATTIVITA;provincia;rimini;2023;70.54
ISTATP_ATTIVITA;provincia;rimini;2024;71.779
ISTATP_ATTIVITA;provincia;rimini;2025;73.009
ISTATP_ATTIVITA;provincia;roma;2018;70.778
ISTATP_ATTIVITA;provincia;roma;2019;70.487
ISTATP_ATTIVITA;provincia;roma;2020;67.722
ISTATP_ATTIVITA;provincia;roma;2021;68.137
ISTATP_ATTIVITA;provincia;roma;2022;68.818
ISTATP_ATTIVITA;provincia;roma;2023;69.912
ISTATP_ATTIVITA;provincia;roma;2024;69.997
ISTATP_ATTIVITA;provincia;roma;2025;69.503
ISTATP_ATTIVITA;provincia;rovigo;2018;69.482
ISTATP_ATTIVITA;provincia;rovigo;2019;70.464
ISTATP_ATTIVITA;provincia;rovigo;2020;65.818
ISTATP_ATTIVITA;provincia;rovigo;2021;69.502
ISTATP_ATTIVITA;provincia;rovigo;2022;69.805
ISTATP_ATTIVITA;provincia;rovigo;2023;72.579
ISTATP_ATTIVITA;provincia;rovigo;2024;73.359
ISTATP_ATTIVITA;provincia;rovigo;2025;70.38
ISTATP_ATTIVITA;provincia;salerno;2018;55.089
ISTATP_ATTIVITA;provincia;salerno;2019;54.352
ISTATP_ATTIVITA;provincia;salerno;2020;53.05
ISTATP_ATTIVITA;provincia;salerno;2021;54.476
ISTATP_ATTIVITA;provincia;salerno;2022;55.961
ISTATP_ATTIVITA;provincia;salerno;2023;57.623
ISTATP_ATTIVITA;provincia;salerno;2024;58.795
ISTATP_ATTIVITA;provincia;salerno;2025;58.153
ISTATP_ATTIVITA;provincia;sassari;2018;63.264
ISTATP_ATTIVITA;provincia;sassari;2019;65.081
ISTATP_ATTIVITA;provincia;sassari;2020;58.312
ISTATP_ATTIVITA;provincia;sassari;2021;59.475
ISTATP_ATTIVITA;provincia;sassari;2022;60.923
ISTATP_ATTIVITA;provincia;sassari;2023;60.609
ISTATP_ATTIVITA;provincia;sassari;2024;63.105
ISTATP_ATTIVITA;provincia;sassari;2025;63.513
ISTATP_ATTIVITA;provincia;savona;2018;68.216
ISTATP_ATTIVITA;provincia;savona;2019;68.051
ISTATP_ATTIVITA;provincia;savona;2020;65.49
ISTATP_ATTIVITA;provincia;savona;2021;67.674
ISTATP_ATTIVITA;provincia;savona;2022;69.638
ISTATP_ATTIVITA;provincia;savona;2023;68.509
ISTATP_ATTIVITA;provincia;savona;2024;67.287
ISTATP_ATTIVITA;provincia;savona;2025;69.805
ISTATP_ATTIVITA;provincia;siena;2018;74.105
ISTATP_ATTIVITA;provincia;siena;2019;73.969
ISTATP_ATTIVITA;provincia;siena;2020;72.61
ISTATP_ATTIVITA;provincia;siena;2021;71.43
ISTATP_ATTIVITA;provincia;siena;2022;72.257
ISTATP_ATTIVITA;provincia;siena;2023;74.203
ISTATP_ATTIVITA;provincia;siena;2024;73.956
ISTATP_ATTIVITA;provincia;siena;2025;73.856
ISTATP_ATTIVITA;provincia;siracusa;2018;58.816
ISTATP_ATTIVITA;provincia;siracusa;2019;58.784
ISTATP_ATTIVITA;provincia;siracusa;2020;53.37
ISTATP_ATTIVITA;provincia;siracusa;2021;54.044
ISTATP_ATTIVITA;provincia;siracusa;2022;51.708
ISTATP_ATTIVITA;provincia;siracusa;2023;52.765
ISTATP_ATTIVITA;provincia;siracusa;2024;55.47
ISTATP_ATTIVITA;provincia;siracusa;2025;55.978
ISTATP_ATTIVITA;provincia;sondrio;2018;69.805
ISTATP_ATTIVITA;provincia;sondrio;2019;70.585
ISTATP_ATTIVITA;provincia;sondrio;2020;68.597
ISTATP_ATTIVITA;provincia;sondrio;2021;68.513
ISTATP_ATTIVITA;provincia;sondrio;2022;69.811
ISTATP_ATTIVITA;provincia;sondrio;2023;69.477
ISTATP_ATTIVITA;provincia;sondrio;2024;68.136
ISTATP_ATTIVITA;provincia;sondrio;2025;68.018
ISTATP_ATTIVITA;provincia;sud-sardegna;2018;61.951
ISTATP_ATTIVITA;provincia;sud-sardegna;2019;60.961
ISTATP_ATTIVITA;provincia;sud-sardegna;2020;55.964
ISTATP_ATTIVITA;provincia;sud-sardegna;2021;59.903
ISTATP_ATTIVITA;provincia;sud-sardegna;2022;59.822
ISTATP_ATTIVITA;provincia;sud-sardegna;2023;59.365
ISTATP_ATTIVITA;provincia;sud-sardegna;2024;58.859
ISTATP_ATTIVITA;provincia;sud-sardegna;2025;60.96
ISTATP_ATTIVITA;provincia;taranto;2018;51.087
ISTATP_ATTIVITA;provincia;taranto;2019;51.119
ISTATP_ATTIVITA;provincia;taranto;2020;50.089
ISTATP_ATTIVITA;provincia;taranto;2021;51.199
ISTATP_ATTIVITA;provincia;taranto;2022;51.748
ISTATP_ATTIVITA;provincia;taranto;2023;50.195
ISTATP_ATTIVITA;provincia;taranto;2024;45.646
ISTATP_ATTIVITA;provincia;taranto;2025;48.114
ISTATP_ATTIVITA;provincia;teramo;2018;67.659
ISTATP_ATTIVITA;provincia;teramo;2019;66.003
ISTATP_ATTIVITA;provincia;teramo;2020;64.117
ISTATP_ATTIVITA;provincia;teramo;2021;65.006
ISTATP_ATTIVITA;provincia;teramo;2022;66.713
ISTATP_ATTIVITA;provincia;teramo;2023;67.79
ISTATP_ATTIVITA;provincia;teramo;2024;66.778
ISTATP_ATTIVITA;provincia;teramo;2025;65.485
ISTATP_ATTIVITA;provincia;terni;2018;66.168
ISTATP_ATTIVITA;provincia;terni;2019;68.032
ISTATP_ATTIVITA;provincia;terni;2020;63.315
ISTATP_ATTIVITA;provincia;terni;2021;65.347
ISTATP_ATTIVITA;provincia;terni;2022;65.352
ISTATP_ATTIVITA;provincia;terni;2023;65.329
ISTATP_ATTIVITA;provincia;terni;2024;68.721
ISTATP_ATTIVITA;provincia;terni;2025;71.093
ISTATP_ATTIVITA;provincia;torino;2018;72.503
ISTATP_ATTIVITA;provincia;torino;2019;71.406
ISTATP_ATTIVITA;provincia;torino;2020;68.872
ISTATP_ATTIVITA;provincia;torino;2021;69.753
ISTATP_ATTIVITA;provincia;torino;2022;70.162
ISTATP_ATTIVITA;provincia;torino;2023;70.752
ISTATP_ATTIVITA;provincia;torino;2024;73.638
ISTATP_ATTIVITA;provincia;torino;2025;73.532
ISTATP_ATTIVITA;provincia;trapani;2018;50.596
ISTATP_ATTIVITA;provincia;trapani;2019;49.913
ISTATP_ATTIVITA;provincia;trapani;2020;51.03
ISTATP_ATTIVITA;provincia;trapani;2021;50.312
ISTATP_ATTIVITA;provincia;trapani;2022;50.092
ISTATP_ATTIVITA;provincia;trapani;2023;52.48
ISTATP_ATTIVITA;provincia;trapani;2024;50.352
ISTATP_ATTIVITA;provincia;trapani;2025;53.614
ISTATP_ATTIVITA;provincia;trento;2018;71.763
ISTATP_ATTIVITA;provincia;trento;2019;72.156
ISTATP_ATTIVITA;provincia;trento;2020;70.252
ISTATP_ATTIVITA;provincia;trento;2021;70.713
ISTATP_ATTIVITA;provincia;trento;2022;72.276
ISTATP_ATTIVITA;provincia;trento;2023;73.008
ISTATP_ATTIVITA;provincia;trento;2024;73.263
ISTATP_ATTIVITA;provincia;trento;2025;73.567
ISTATP_ATTIVITA;provincia;treviso;2018;72.583
ISTATP_ATTIVITA;provincia;treviso;2019;70.947
ISTATP_ATTIVITA;provincia;treviso;2020;70.816
ISTATP_ATTIVITA;provincia;treviso;2021;71.831
ISTATP_ATTIVITA;provincia;treviso;2022;69.718
ISTATP_ATTIVITA;provincia;treviso;2023;74.13
ISTATP_ATTIVITA;provincia;treviso;2024;71.131
ISTATP_ATTIVITA;provincia;treviso;2025;70.46
ISTATP_ATTIVITA;provincia;trieste;2018;73.697
ISTATP_ATTIVITA;provincia;trieste;2019;72.375
ISTATP_ATTIVITA;provincia;trieste;2020;73.003
ISTATP_ATTIVITA;provincia;trieste;2021;73.907
ISTATP_ATTIVITA;provincia;trieste;2022;74.479
ISTATP_ATTIVITA;provincia;trieste;2023;74.062
ISTATP_ATTIVITA;provincia;trieste;2024;76.62
ISTATP_ATTIVITA;provincia;trieste;2025;75.178
ISTATP_ATTIVITA;provincia;udine;2018;70.609
ISTATP_ATTIVITA;provincia;udine;2019;70.357
ISTATP_ATTIVITA;provincia;udine;2020;70.495
ISTATP_ATTIVITA;provincia;udine;2021;71.435
ISTATP_ATTIVITA;provincia;udine;2022;73.591
ISTATP_ATTIVITA;provincia;udine;2023;73.558
ISTATP_ATTIVITA;provincia;udine;2024;73.983
ISTATP_ATTIVITA;provincia;udine;2025;74.209
ISTATP_ATTIVITA;provincia;varese;2018;71.974
ISTATP_ATTIVITA;provincia;varese;2019;70.576
ISTATP_ATTIVITA;provincia;varese;2020;68.339
ISTATP_ATTIVITA;provincia;varese;2021;70.858
ISTATP_ATTIVITA;provincia;varese;2022;70.531
ISTATP_ATTIVITA;provincia;varese;2023;72.195
ISTATP_ATTIVITA;provincia;varese;2024;71.532
ISTATP_ATTIVITA;provincia;varese;2025;72.023
ISTATP_ATTIVITA;provincia;venezia;2018;68.928
ISTATP_ATTIVITA;provincia;venezia;2019;71.16
ISTATP_ATTIVITA;provincia;venezia;2020;69.167
ISTATP_ATTIVITA;provincia;venezia;2021;68.36
ISTATP_ATTIVITA;provincia;venezia;2022;71.98
ISTATP_ATTIVITA;provincia;venezia;2023;72.497
ISTATP_ATTIVITA;provincia;venezia;2024;70.93
ISTATP_ATTIVITA;provincia;venezia;2025;73.721
ISTATP_ATTIVITA;provincia;verbano-cusio-ossola;2018;68.298
ISTATP_ATTIVITA;provincia;verbano-cusio-ossola;2019;67.604
ISTATP_ATTIVITA;provincia;verbano-cusio-ossola;2020;67.607
ISTATP_ATTIVITA;provincia;verbano-cusio-ossola;2021;67.858
ISTATP_ATTIVITA;provincia;verbano-cusio-ossola;2022;70.473
ISTATP_ATTIVITA;provincia;verbano-cusio-ossola;2023;71.396
ISTATP_ATTIVITA;provincia;verbano-cusio-ossola;2024;72.057
ISTATP_ATTIVITA;provincia;verbano-cusio-ossola;2025;73.709
ISTATP_ATTIVITA;provincia;vercelli;2018;71.638
ISTATP_ATTIVITA;provincia;vercelli;2019;71.039
ISTATP_ATTIVITA;provincia;vercelli;2020;68.258
ISTATP_ATTIVITA;provincia;vercelli;2021;67.386
ISTATP_ATTIVITA;provincia;vercelli;2022;69.568
ISTATP_ATTIVITA;provincia;vercelli;2023;71.411
ISTATP_ATTIVITA;provincia;vercelli;2024;70.816
ISTATP_ATTIVITA;provincia;vercelli;2025;70.066
ISTATP_ATTIVITA;provincia;verona;2018;71.597
ISTATP_ATTIVITA;provincia;verona;2019;73.235
ISTATP_ATTIVITA;provincia;verona;2020;71.309
ISTATP_ATTIVITA;provincia;verona;2021;69.951
ISTATP_ATTIVITA;provincia;verona;2022;70.538
ISTATP_ATTIVITA;provincia;verona;2023;74.202
ISTATP_ATTIVITA;provincia;verona;2024;72.477
ISTATP_ATTIVITA;provincia;verona;2025;71.516
ISTATP_ATTIVITA;provincia;vibo-valentia;2018;51.18
ISTATP_ATTIVITA;provincia;vibo-valentia;2019;49.346
ISTATP_ATTIVITA;provincia;vibo-valentia;2020;45.011
ISTATP_ATTIVITA;provincia;vibo-valentia;2021;49.828
ISTATP_ATTIVITA;provincia;vibo-valentia;2022;53.611
ISTATP_ATTIVITA;provincia;vibo-valentia;2023;51.19
ISTATP_ATTIVITA;provincia;vibo-valentia;2024;54.197
ISTATP_ATTIVITA;provincia;vibo-valentia;2025;56.143
ISTATP_ATTIVITA;provincia;vicenza;2018;70.926
ISTATP_ATTIVITA;provincia;vicenza;2019;71.562
ISTATP_ATTIVITA;provincia;vicenza;2020;68.453
ISTATP_ATTIVITA;provincia;vicenza;2021;69.956
ISTATP_ATTIVITA;provincia;vicenza;2022;71.035
ISTATP_ATTIVITA;provincia;vicenza;2023;72.594
ISTATP_ATTIVITA;provincia;vicenza;2024;71.517
ISTATP_ATTIVITA;provincia;vicenza;2025;70.506
ISTATP_ATTIVITA;provincia;viterbo;2018;63.966
ISTATP_ATTIVITA;provincia;viterbo;2019;60.653
ISTATP_ATTIVITA;provincia;viterbo;2020;60.111
ISTATP_ATTIVITA;provincia;viterbo;2021;63.176
ISTATP_ATTIVITA;provincia;viterbo;2022;63.111
ISTATP_ATTIVITA;provincia;viterbo;2023;64.433
ISTATP_ATTIVITA;provincia;viterbo;2024;67.726
ISTATP_ATTIVITA;provincia;viterbo;2025;67.388
ISTATP_ATTIVITA;regione;abruzzo;2018;65.098
ISTATP_ATTIVITA;regione;abruzzo;2019;65.621
ISTATP_ATTIVITA;regione;abruzzo;2020;62.804
ISTATP_ATTIVITA;regione;abruzzo;2021;63.924
ISTATP_ATTIVITA;regione;abruzzo;2022;64.656
ISTATP_ATTIVITA;regione;abruzzo;2023;66.851
ISTATP_ATTIVITA;regione;abruzzo;2024;66.906
ISTATP_ATTIVITA;regione;abruzzo;2025;66.958
ISTATP_ATTIVITA;regione;basilicata;2018;56.566
ISTATP_ATTIVITA;regione;basilicata;2019;56.957
ISTATP_ATTIVITA;regione;basilicata;2020;55.031
ISTATP_ATTIVITA;regione;basilicata;2021;57.394
ISTATP_ATTIVITA;regione;basilicata;2022;57.274
ISTATP_ATTIVITA;regione;basilicata;2023;59.457
ISTATP_ATTIVITA;regione;basilicata;2024;60.129
ISTATP_ATTIVITA;regione;basilicata;2025;60.74
ISTATP_ATTIVITA;regione;calabria;2018;53.893
ISTATP_ATTIVITA;regione;calabria;2019;53.346
ISTATP_ATTIVITA;regione;calabria;2020;51.26
ISTATP_ATTIVITA;regione;calabria;2021;51.523
ISTATP_ATTIVITA;regione;calabria;2022;51.117
ISTATP_ATTIVITA;regione;calabria;2023;53.263
ISTATP_ATTIVITA;regione;calabria;2024;51.745
ISTATP_ATTIVITA;regione;calabria;2025;51.692
ISTATP_ATTIVITA;regione;campania;2018;52.461
ISTATP_ATTIVITA;regione;campania;2019;52.053
ISTATP_ATTIVITA;regione;campania;2020;49.546
ISTATP_ATTIVITA;regione;campania;2021;51.469
ISTATP_ATTIVITA;regione;campania;2022;52.595
ISTATP_ATTIVITA;regione;campania;2023;54.093
ISTATP_ATTIVITA;regione;campania;2024;54.008
ISTATP_ATTIVITA;regione;campania;2025;54.425
ISTATP_ATTIVITA;regione;emilia-romagna;2018;73.974
ISTATP_ATTIVITA;regione;emilia-romagna;2019;74.573
ISTATP_ATTIVITA;regione;emilia-romagna;2020;72.555
ISTATP_ATTIVITA;regione;emilia-romagna;2021;72.505
ISTATP_ATTIVITA;regione;emilia-romagna;2022;73.452
ISTATP_ATTIVITA;regione;emilia-romagna;2023;74.396
ISTATP_ATTIVITA;regione;emilia-romagna;2024;73.566
ISTATP_ATTIVITA;regione;emilia-romagna;2025;74.504
ISTATP_ATTIVITA;regione;friuli-venezia-giulia;2018;71.05
ISTATP_ATTIVITA;regione;friuli-venezia-giulia;2019;70.982
ISTATP_ATTIVITA;regione;friuli-venezia-giulia;2020;70.595
ISTATP_ATTIVITA;regione;friuli-venezia-giulia;2021;71.513
ISTATP_ATTIVITA;regione;friuli-venezia-giulia;2022;72.418
ISTATP_ATTIVITA;regione;friuli-venezia-giulia;2023;72.119
ISTATP_ATTIVITA;regione;friuli-venezia-giulia;2024;73.008
ISTATP_ATTIVITA;regione;friuli-venezia-giulia;2025;72.821
ISTATP_ATTIVITA;regione;lazio;2018;68.623
ISTATP_ATTIVITA;regione;lazio;2019;67.956
ISTATP_ATTIVITA;regione;lazio;2020;65.649
ISTATP_ATTIVITA;regione;lazio;2021;66.635
ISTATP_ATTIVITA;regione;lazio;2022;67.109
ISTATP_ATTIVITA;regione;lazio;2023;68.219
ISTATP_ATTIVITA;regione;lazio;2024;68.377
ISTATP_ATTIVITA;regione;lazio;2025;68.032
ISTATP_ATTIVITA;regione;liguria;2018;69.971
ISTATP_ATTIVITA;regione;liguria;2019;70.059
ISTATP_ATTIVITA;regione;liguria;2020;67.237
ISTATP_ATTIVITA;regione;liguria;2021;69.437
ISTATP_ATTIVITA;regione;liguria;2022;71.05
ISTATP_ATTIVITA;regione;liguria;2023;71.911
ISTATP_ATTIVITA;regione;liguria;2024;71.237
ISTATP_ATTIVITA;regione;liguria;2025;72.157
ISTATP_ATTIVITA;regione;lombardia;2018;72.055
ISTATP_ATTIVITA;regione;lombardia;2019;72.474
ISTATP_ATTIVITA;regione;lombardia;2020;69.811
ISTATP_ATTIVITA;regione;lombardia;2021;70.744
ISTATP_ATTIVITA;regione;lombardia;2022;71.73
ISTATP_ATTIVITA;regione;lombardia;2023;72.204
ISTATP_ATTIVITA;regione;lombardia;2024;72.071
ISTATP_ATTIVITA;regione;lombardia;2025;71.707
ISTATP_ATTIVITA;regione;marche;2018;70.167
ISTATP_ATTIVITA;regione;marche;2019;71.155
ISTATP_ATTIVITA;regione;marche;2020;68.694
ISTATP_ATTIVITA;regione;marche;2021;69.176
ISTATP_ATTIVITA;regione;marche;2022;71.363
ISTATP_ATTIVITA;regione;marche;2023;71.158
ISTATP_ATTIVITA;regione;marche;2024;70.913
ISTATP_ATTIVITA;regione;marche;2025;71.259
ISTATP_ATTIVITA;regione;molise;2018;61.394
ISTATP_ATTIVITA;regione;molise;2019;62.412
ISTATP_ATTIVITA;regione;molise;2020;59.112
ISTATP_ATTIVITA;regione;molise;2021;58.926
ISTATP_ATTIVITA;regione;molise;2022;61.465
ISTATP_ATTIVITA;regione;molise;2023;63.099
ISTATP_ATTIVITA;regione;molise;2024;62.928
ISTATP_ATTIVITA;regione;molise;2025;61.84
ISTATP_ATTIVITA;regione;piemonte;2018;71.864
ISTATP_ATTIVITA;regione;piemonte;2019;71.582
ISTATP_ATTIVITA;regione;piemonte;2020;69.567
ISTATP_ATTIVITA;regione;piemonte;2021;70.295
ISTATP_ATTIVITA;regione;piemonte;2022;70.964
ISTATP_ATTIVITA;regione;piemonte;2023;71.619
ISTATP_ATTIVITA;regione;piemonte;2024;73.007
ISTATP_ATTIVITA;regione;piemonte;2025;73.464
ISTATP_ATTIVITA;regione;puglia;2018;54.317
ISTATP_ATTIVITA;regione;puglia;2019;54.551
ISTATP_ATTIVITA;regione;puglia;2020;53.291
ISTATP_ATTIVITA;regione;puglia;2021;54.767
ISTATP_ATTIVITA;regione;puglia;2022;56.329
ISTATP_ATTIVITA;regione;puglia;2023;57.462
ISTATP_ATTIVITA;regione;puglia;2024;56.502
ISTATP_ATTIVITA;regione;puglia;2025;56.848
ISTATP_ATTIVITA;regione;sardegna;2018;62.369
ISTATP_ATTIVITA;regione;sardegna;2019;63.363
ISTATP_ATTIVITA;regione;sardegna;2020;59.799
ISTATP_ATTIVITA;regione;sardegna;2021;62.113
ISTATP_ATTIVITA;regione;sardegna;2022;62.167
ISTATP_ATTIVITA;regione;sardegna;2023;62.515
ISTATP_ATTIVITA;regione;sardegna;2024;63.067
ISTATP_ATTIVITA;regione;sardegna;2025;64.379
ISTATP_ATTIVITA;regione;sicilia;2018;52.1
ISTATP_ATTIVITA;regione;sicilia;2019;51.705
ISTATP_ATTIVITA;regione;sicilia;2020;49.734
ISTATP_ATTIVITA;regione;sicilia;2021;50.731
ISTATP_ATTIVITA;regione;sicilia;2022;51.223
ISTATP_ATTIVITA;regione;sicilia;2023;53.499
ISTATP_ATTIVITA;regione;sicilia;2024;53.991
ISTATP_ATTIVITA;regione;sicilia;2025;54.08
ISTATP_ATTIVITA;regione;toscana;2018;71.853
ISTATP_ATTIVITA;regione;toscana;2019;71.774
ISTATP_ATTIVITA;regione;toscana;2020;70.184
ISTATP_ATTIVITA;regione;toscana;2021;71.144
ISTATP_ATTIVITA;regione;toscana;2022;73.07
ISTATP_ATTIVITA;regione;toscana;2023;73.271
ISTATP_ATTIVITA;regione;toscana;2024;73.885
ISTATP_ATTIVITA;regione;toscana;2025;73.727
ISTATP_ATTIVITA;regione;trentino-alto-adige;2018;73.861
ISTATP_ATTIVITA;regione;trentino-alto-adige;2019;74.351
ISTATP_ATTIVITA;regione;trentino-alto-adige;2020;72.575
ISTATP_ATTIVITA;regione;trentino-alto-adige;2021;72.133
ISTATP_ATTIVITA;regione;trentino-alto-adige;2022;74.049
ISTATP_ATTIVITA;regione;trentino-alto-adige;2023;74.439
ISTATP_ATTIVITA;regione;trentino-alto-adige;2024;74.459
ISTATP_ATTIVITA;regione;trentino-alto-adige;2025;74.402
ISTATP_ATTIVITA;regione;umbria;2018;69.333
ISTATP_ATTIVITA;regione;umbria;2019;70.61
ISTATP_ATTIVITA;regione;umbria;2020;68.753
ISTATP_ATTIVITA;regione;umbria;2021;69.105
ISTATP_ATTIVITA;regione;umbria;2022;69.845
ISTATP_ATTIVITA;regione;umbria;2023;70.748
ISTATP_ATTIVITA;regione;umbria;2024;71.541
ISTATP_ATTIVITA;regione;umbria;2025;72.486
ISTATP_ATTIVITA;regione;valle-d-aosta;2018;72.871
ISTATP_ATTIVITA;regione;valle-d-aosta;2019;73.097
ISTATP_ATTIVITA;regione;valle-d-aosta;2020;70.631
ISTATP_ATTIVITA;regione;valle-d-aosta;2021;71.772
ISTATP_ATTIVITA;regione;valle-d-aosta;2022;73.774
ISTATP_ATTIVITA;regione;valle-d-aosta;2023;74.812
ISTATP_ATTIVITA;regione;valle-d-aosta;2024;75.093
ISTATP_ATTIVITA;regione;valle-d-aosta;2025;74.889
ISTATP_ATTIVITA;regione;veneto;2018;71.246
ISTATP_ATTIVITA;regione;veneto;2019;71.649
ISTATP_ATTIVITA;regione;veneto;2020;69.386
ISTATP_ATTIVITA;regione;veneto;2021;69.412
ISTATP_ATTIVITA;regione;veneto;2022;70.835
ISTATP_ATTIVITA;regione;veneto;2023;73.624
ISTATP_ATTIVITA;regione;veneto;2024;72.383
ISTATP_ATTIVITA;regione;veneto;2025;71.773
ISTATP_PIL_PRO_CAPITE;provincia;agrigento;2015;14732.18
ISTATP_PIL_PRO_CAPITE;provincia;agrigento;2016;14730.085
ISTATP_PIL_PRO_CAPITE;provincia;agrigento;2017;15238.055
ISTATP_PIL_PRO_CAPITE;provincia;agrigento;2018;15375.042
ISTATP_PIL_PRO_CAPITE;provincia;agrigento;2019;15916.479
ISTATP_PIL_PRO_CAPITE;provincia;agrigento;2020;15200.39
ISTATP_PIL_PRO_CAPITE;provincia;agrigento;2021;16647.035
ISTATP_PIL_PRO_CAPITE;provincia;agrigento;2022;18027.744
ISTATP_PIL_PRO_CAPITE;provincia;agrigento;2023;19006.799
ISTATP_PIL_PRO_CAPITE;provincia;alessandria;2015;26900.297
ISTATP_PIL_PRO_CAPITE;provincia;alessandria;2016;27154.367
ISTATP_PIL_PRO_CAPITE;provincia;alessandria;2017;28709.544
ISTATP_PIL_PRO_CAPITE;provincia;alessandria;2018;28777.151
ISTATP_PIL_PRO_CAPITE;provincia;alessandria;2019;29527.31
ISTATP_PIL_PRO_CAPITE;provincia;alessandria;2020;26999.063
ISTATP_PIL_PRO_CAPITE;provincia;alessandria;2021;30322.391
ISTATP_PIL_PRO_CAPITE;provincia;alessandria;2022;32288.031
ISTATP_PIL_PRO_CAPITE;provincia;alessandria;2023;35524.114
ISTATP_PIL_PRO_CAPITE;provincia;ancona;2015;28564.005
ISTATP_PIL_PRO_CAPITE;provincia;ancona;2016;28961.069
ISTATP_PIL_PRO_CAPITE;provincia;ancona;2017;29602.805
ISTATP_PIL_PRO_CAPITE;provincia;ancona;2018;30092.698
ISTATP_PIL_PRO_CAPITE;provincia;ancona;2019;30666.665
ISTATP_PIL_PRO_CAPITE;provincia;ancona;2020;28540.135
ISTATP_PIL_PRO_CAPITE;provincia;ancona;2021;31464.302
ISTATP_PIL_PRO_CAPITE;provincia;ancona;2022;33318.891
ISTATP_PIL_PRO_CAPITE;provincia;ancona;2023;35181.976
ISTATP_PIL_PRO_CAPITE;provincia;aosta;2015;36465.228
ISTATP_PIL_PRO_CAPITE;provincia;aosta;2016;36238.228
ISTATP_PIL_PRO_CAPITE;provincia;aosta;2017;37725.263
ISTATP_PIL_PRO_CAPITE;provincia;aosta;2018;38180.504
ISTATP_PIL_PRO_CAPITE;provincia;aosta;2019;38688.872
ISTATP_PIL_PRO_CAPITE;provincia;aosta;2020;35610.627
ISTATP_PIL_PRO_CAPITE;provincia;aosta;2021;38666.032
ISTATP_PIL_PRO_CAPITE;provincia;aosta;2022;43798.701
ISTATP_PIL_PRO_CAPITE;provincia;aosta;2023;47121.951
ISTATP_PIL_PRO_CAPITE;provincia;arezzo;2015;26937.083
ISTATP_PIL_PRO_CAPITE;provincia;arezzo;2016;26479.625
ISTATP_PIL_PRO_CAPITE;provincia;arezzo;2017;28068.248
ISTATP_PIL_PRO_CAPITE;provincia;arezzo;2018;28904.289
ISTATP_PIL_PRO_CAPITE;provincia;arezzo;2019;29820.564
ISTATP_PIL_PRO_CAPITE;provincia;arezzo;2020;27052.504
ISTATP_PIL_PRO_CAPITE;provincia;arezzo;2021;30630.61
ISTATP_PIL_PRO_CAPITE;provincia;arezzo;2022;34331.839
ISTATP_PIL_PRO_CAPITE;provincia;arezzo;2023;36772.55
ISTATP_PIL_PRO_CAPITE;provincia;ascoli-piceno;2015;23468.668
ISTATP_PIL_PRO_CAPITE;provincia;ascoli-piceno;2016;23936.534
ISTATP_PIL_PRO_CAPITE;provincia;ascoli-piceno;2017;24491.473
ISTATP_PIL_PRO_CAPITE;provincia;ascoli-piceno;2018;24756.645
ISTATP_PIL_PRO_CAPITE;provincia;ascoli-piceno;2019;26206.735
ISTATP_PIL_PRO_CAPITE;provincia;ascoli-piceno;2020;25140.64
ISTATP_PIL_PRO_CAPITE;provincia;ascoli-piceno;2021;26810.508
ISTATP_PIL_PRO_CAPITE;provincia;ascoli-piceno;2022;29237.741
ISTATP_PIL_PRO_CAPITE;provincia;ascoli-piceno;2023;32788.27
ISTATP_PIL_PRO_CAPITE;provincia;asti;2015;24568.441
ISTATP_PIL_PRO_CAPITE;provincia;asti;2016;25016.702
ISTATP_PIL_PRO_CAPITE;provincia;asti;2017;25439.648
ISTATP_PIL_PRO_CAPITE;provincia;asti;2018;26236.673
ISTATP_PIL_PRO_CAPITE;provincia;asti;2019;26728.645
ISTATP_PIL_PRO_CAPITE;provincia;asti;2020;24888.02
ISTATP_PIL_PRO_CAPITE;provincia;asti;2021;27172.872
ISTATP_PIL_PRO_CAPITE;provincia;asti;2022;28591.062
ISTATP_PIL_PRO_CAPITE;provincia;asti;2023;30327.553
ISTATP_PIL_PRO_CAPITE;provincia;avellino;2015;18229.224
ISTATP_PIL_PRO_CAPITE;provincia;avellino;2016;17967.262
ISTATP_PIL_PRO_CAPITE;provincia;avellino;2017;18679.587
ISTATP_PIL_PRO_CAPITE;provincia;avellino;2018;19266.941
ISTATP_PIL_PRO_CAPITE;provincia;avellino;2019;18912.103
ISTATP_PIL_PRO_CAPITE;provincia;avellino;2020;17595.284
ISTATP_PIL_PRO_CAPITE;provincia;avellino;2021;19603.434
ISTATP_PIL_PRO_CAPITE;provincia;avellino;2022;21278.111
ISTATP_PIL_PRO_CAPITE;provincia;avellino;2023;22891.96
ISTATP_PIL_PRO_CAPITE;provincia;bari;2015;20469.587
ISTATP_PIL_PRO_CAPITE;provincia;bari;2016;21138.285
ISTATP_PIL_PRO_CAPITE;provincia;bari;2017;21357.777
ISTATP_PIL_PRO_CAPITE;provincia;bari;2018;22067.508
ISTATP_PIL_PRO_CAPITE;provincia;bari;2019;22666.643
ISTATP_PIL_PRO_CAPITE;provincia;bari;2020;21357.662
ISTATP_PIL_PRO_CAPITE;provincia;bari;2021;23577.516
ISTATP_PIL_PRO_CAPITE;provincia;bari;2022;25748.083
ISTATP_PIL_PRO_CAPITE;provincia;bari;2023;27742.357
ISTATP_PIL_PRO_CAPITE;provincia;barletta-andria-trani;2015;15123.899
ISTATP_PIL_PRO_CAPITE;provincia;barletta-andria-trani;2016;15579.714
ISTATP_PIL_PRO_CAPITE;provincia;barletta-andria-trani;2017;16152.397
ISTATP_PIL_PRO_CAPITE;provincia;barletta-andria-trani;2018;16241.516
ISTATP_PIL_PRO_CAPITE;provincia;barletta-andria-trani;2019;16447.275
ISTATP_PIL_PRO_CAPITE;provincia;barletta-andria-trani;2020;15434.158
ISTATP_PIL_PRO_CAPITE;provincia;barletta-andria-trani;2021;17202.97
ISTATP_PIL_PRO_CAPITE;provincia;barletta-andria-trani;2022;18341.752
ISTATP_PIL_PRO_CAPITE;provincia;barletta-andria-trani;2023;19836.282
ISTATP_PIL_PRO_CAPITE;provincia;belluno;2015;30530.529
ISTATP_PIL_PRO_CAPITE;provincia;belluno;2016;31967.239
ISTATP_PIL_PRO_CAPITE;provincia;belluno;2017;32596.103
ISTATP_PIL_PRO_CAPITE;provincia;belluno;2018;33208.407
ISTATP_PIL_PRO_CAPITE;provincia;belluno;2019;35396.467
ISTATP_PIL_PRO_CAPITE;provincia;belluno;2020;29820.978
ISTATP_PIL_PRO_CAPITE;provincia;belluno;2021;33851.256
ISTATP_PIL_PRO_CAPITE;provincia;belluno;2022;37407.762
ISTATP_PIL_PRO_CAPITE;provincia;belluno;2023;39610.915
ISTATP_PIL_PRO_CAPITE;provincia;benevento;2015;16443.471
ISTATP_PIL_PRO_CAPITE;provincia;benevento;2016;16428.16
ISTATP_PIL_PRO_CAPITE;provincia;benevento;2017;16802.907
ISTATP_PIL_PRO_CAPITE;provincia;benevento;2018;17168.139
ISTATP_PIL_PRO_CAPITE;provincia;benevento;2019;17209.095
ISTATP_PIL_PRO_CAPITE;provincia;benevento;2020;16453.115
ISTATP_PIL_PRO_CAPITE;provincia;benevento;2021;18349.901
ISTATP_PIL_PRO_CAPITE;provincia;benevento;2022;19966.679
ISTATP_PIL_PRO_CAPITE;provincia;benevento;2023;21544.034
ISTATP_PIL_PRO_CAPITE;provincia;bergamo;2015;31558.826
ISTATP_PIL_PRO_CAPITE;provincia;bergamo;2016;32576.195
ISTATP_PIL_PRO_CAPITE;provincia;bergamo;2017;33413.632
ISTATP_PIL_PRO_CAPITE;provincia;bergamo;2018;34376.841
ISTATP_PIL_PRO_CAPITE;provincia;bergamo;2019;35273.191
ISTATP_PIL_PRO_CAPITE;provincia;bergamo;2020;32625.715
ISTATP_PIL_PRO_CAPITE;provincia;bergamo;2021;36600.141
ISTATP_PIL_PRO_CAPITE;provincia;bergamo;2022;38635.829
ISTATP_PIL_PRO_CAPITE;provincia;bergamo;2023;42014.616
ISTATP_PIL_PRO_CAPITE;provincia;biella;2015;25863.951
ISTATP_PIL_PRO_CAPITE;provincia;biella;2016;26280.766
ISTATP_PIL_PRO_CAPITE;provincia;biella;2017;26896.663
ISTATP_PIL_PRO_CAPITE;provincia;biella;2018;27970.021
ISTATP_PIL_PRO_CAPITE;provincia;biella;2019;27741.406
ISTATP_PIL_PRO_CAPITE;provincia;biella;2020;25478.798
ISTATP_PIL_PRO_CAPITE;provincia;biella;2021;28271.615
ISTATP_PIL_PRO_CAPITE;provincia;biella;2022;30706.958
ISTATP_PIL_PRO_CAPITE;provincia;biella;2023;33430.095
ISTATP_PIL_PRO_CAPITE;provincia;bologna;2015;38837.626
ISTATP_PIL_PRO_CAPITE;provincia;bologna;2016;39680.852
ISTATP_PIL_PRO_CAPITE;provincia;bologna;2017;40746.222
ISTATP_PIL_PRO_CAPITE;provincia;bologna;2018;41824.036
ISTATP_PIL_PRO_CAPITE;provincia;bologna;2019;42464.769
ISTATP_PIL_PRO_CAPITE;provincia;bologna;2020;39389.426
ISTATP_PIL_PRO_CAPITE;provincia;bologna;2021;42996.391
ISTATP_PIL_PRO_CAPITE;provincia;bologna;2022;46640.988
ISTATP_PIL_PRO_CAPITE;provincia;bologna;2023;50087.607
ISTATP_PIL_PRO_CAPITE;provincia;bolzano;2015;44228.023
ISTATP_PIL_PRO_CAPITE;provincia;bolzano;2016;45063.065
ISTATP_PIL_PRO_CAPITE;provincia;bolzano;2017;46424.563
ISTATP_PIL_PRO_CAPITE;provincia;bolzano;2018;48062.549
ISTATP_PIL_PRO_CAPITE;provincia;bolzano;2019;49244.523
ISTATP_PIL_PRO_CAPITE;provincia;bolzano;2020;45707.255
ISTATP_PIL_PRO_CAPITE;provincia;bolzano;2021;49941.587
ISTATP_PIL_PRO_CAPITE;provincia;bolzano;2022;55928.009
ISTATP_PIL_PRO_CAPITE;provincia;bolzano;2023;61545.353
ISTATP_PIL_PRO_CAPITE;provincia;brescia;2015;31991.165
ISTATP_PIL_PRO_CAPITE;provincia;brescia;2016;33183.944
ISTATP_PIL_PRO_CAPITE;provincia;brescia;2017;34302.174
ISTATP_PIL_PRO_CAPITE;provincia;brescia;2018;35197.148
ISTATP_PIL_PRO_CAPITE;provincia;brescia;2019;35795.205
ISTATP_PIL_PRO_CAPITE;provincia;brescia;2020;33069.75
ISTATP_PIL_PRO_CAPITE;provincia;brescia;2021;37081.491
ISTATP_PIL_PRO_CAPITE;provincia;brescia;2022;40473.231
ISTATP_PIL_PRO_CAPITE;provincia;brescia;2023;42916.369
ISTATP_PIL_PRO_CAPITE;provincia;brindisi;2015;17453.235
ISTATP_PIL_PRO_CAPITE;provincia;brindisi;2016;17129.648
ISTATP_PIL_PRO_CAPITE;provincia;brindisi;2017;17706.798
ISTATP_PIL_PRO_CAPITE;provincia;brindisi;2018;18158.698
ISTATP_PIL_PRO_CAPITE;provincia;brindisi;2019;17955.689
ISTATP_PIL_PRO_CAPITE;provincia;brindisi;2020;17158.122
ISTATP_PIL_PRO_CAPITE;provincia;brindisi;2021;18730.656
ISTATP_PIL_PRO_CAPITE;provincia;brindisi;2022;20400.368
ISTATP_PIL_PRO_CAPITE;provincia;brindisi;2023;22103.594
ISTATP_PIL_PRO_CAPITE;provincia;cagliari;2015;27172.219
ISTATP_PIL_PRO_CAPITE;provincia;cagliari;2016;27655.736
ISTATP_PIL_PRO_CAPITE;provincia;cagliari;2017;27895.842
ISTATP_PIL_PRO_CAPITE;provincia;cagliari;2018;28532.57
ISTATP_PIL_PRO_CAPITE;provincia;cagliari;2019;28898.933
ISTATP_PIL_PRO_CAPITE;provincia;cagliari;2020;26185.588
ISTATP_PIL_PRO_CAPITE;provincia;cagliari;2021;28848.249
ISTATP_PIL_PRO_CAPITE;provincia;cagliari;2022;32161.52
ISTATP_PIL_PRO_CAPITE;provincia;cagliari;2023;34362.64
ISTATP_PIL_PRO_CAPITE;provincia;caltanissetta;2015;14968.225
ISTATP_PIL_PRO_CAPITE;provincia;caltanissetta;2016;14933.537
ISTATP_PIL_PRO_CAPITE;provincia;caltanissetta;2017;15036.123
ISTATP_PIL_PRO_CAPITE;provincia;caltanissetta;2018;15085.121
ISTATP_PIL_PRO_CAPITE;provincia;caltanissetta;2019;15688.118
ISTATP_PIL_PRO_CAPITE;provincia;caltanissetta;2020;15738.86
ISTATP_PIL_PRO_CAPITE;provincia;caltanissetta;2021;17542.471
ISTATP_PIL_PRO_CAPITE;provincia;caltanissetta;2022;18823.224
ISTATP_PIL_PRO_CAPITE;provincia;caltanissetta;2023;20390.656
ISTATP_PIL_PRO_CAPITE;provincia;campobasso;2015;20177.798
ISTATP_PIL_PRO_CAPITE;provincia;campobasso;2016;20724.151
ISTATP_PIL_PRO_CAPITE;provincia;campobasso;2017;21340.747
ISTATP_PIL_PRO_CAPITE;provincia;campobasso;2018;21944.849
ISTATP_PIL_PRO_CAPITE;provincia;campobasso;2019;22734.81
ISTATP_PIL_PRO_CAPITE;provincia;campobasso;2020;21261.864
ISTATP_PIL_PRO_CAPITE;provincia;campobasso;2021;23874.879
ISTATP_PIL_PRO_CAPITE;provincia;campobasso;2022;25443.655
ISTATP_PIL_PRO_CAPITE;provincia;campobasso;2023;27184.974
ISTATP_PIL_PRO_CAPITE;provincia;caserta;2015;16022.641
ISTATP_PIL_PRO_CAPITE;provincia;caserta;2016;16528.595
ISTATP_PIL_PRO_CAPITE;provincia;caserta;2017;16798.844
ISTATP_PIL_PRO_CAPITE;provincia;caserta;2018;16906.553
ISTATP_PIL_PRO_CAPITE;provincia;caserta;2019;17506.389
ISTATP_PIL_PRO_CAPITE;provincia;caserta;2020;16837.273
ISTATP_PIL_PRO_CAPITE;provincia;caserta;2021;18329.396
ISTATP_PIL_PRO_CAPITE;provincia;caserta;2022;19931.537
ISTATP_PIL_PRO_CAPITE;provincia;caserta;2023;21465.298
ISTATP_PIL_PRO_CAPITE;provincia;catania;2015;17634.756
ISTATP_PIL_PRO_CAPITE;provincia;catania;2016;17984.782
ISTATP_PIL_PRO_CAPITE;provincia;catania;2017;18393.25
ISTATP_PIL_PRO_CAPITE;provincia;catania;2018;18631.58
ISTATP_PIL_PRO_CAPITE;provincia;catania;2019;19222.674
ISTATP_PIL_PRO_CAPITE;provincia;catania;2020;17849.421
ISTATP_PIL_PRO_CAPITE;provincia;catania;2021;19567.341
ISTATP_PIL_PRO_CAPITE;provincia;catania;2022;21210.037
ISTATP_PIL_PRO_CAPITE;provincia;catania;2023;22787.252
ISTATP_PIL_PRO_CAPITE;provincia;catanzaro;2015;18684.076
ISTATP_PIL_PRO_CAPITE;provincia;catanzaro;2016;19608.828
ISTATP_PIL_PRO_CAPITE;provincia;catanzaro;2017;20124.961
ISTATP_PIL_PRO_CAPITE;provincia;catanzaro;2018;19879.208
ISTATP_PIL_PRO_CAPITE;provincia;catanzaro;2019;20036.262
ISTATP_PIL_PRO_CAPITE;provincia;catanzaro;2020;18982.652
ISTATP_PIL_PRO_CAPITE;provincia;catanzaro;2021;20924.435
ISTATP_PIL_PRO_CAPITE;provincia;catanzaro;2022;22304.259
ISTATP_PIL_PRO_CAPITE;provincia;catanzaro;2023;24025.784
ISTATP_PIL_PRO_CAPITE;provincia;chieti;2015;24862.214
ISTATP_PIL_PRO_CAPITE;provincia;chieti;2016;25245.094
ISTATP_PIL_PRO_CAPITE;provincia;chieti;2017;26302.28
ISTATP_PIL_PRO_CAPITE;provincia;chieti;2018;26129.985
ISTATP_PIL_PRO_CAPITE;provincia;chieti;2019;26535.288
ISTATP_PIL_PRO_CAPITE;provincia;chieti;2020;24665.698
ISTATP_PIL_PRO_CAPITE;provincia;chieti;2021;27235.698
ISTATP_PIL_PRO_CAPITE;provincia;chieti;2022;29538.998
ISTATP_PIL_PRO_CAPITE;provincia;chieti;2023;31702.07
ISTATP_PIL_PRO_CAPITE;provincia;como;2015;27868.305
ISTATP_PIL_PRO_CAPITE;provincia;como;2016;28269.773
ISTATP_PIL_PRO_CAPITE;provincia;como;2017;29192.861
ISTATP_PIL_PRO_CAPITE;provincia;como;2018;29363.147
ISTATP_PIL_PRO_CAPITE;provincia;como;2019;29543.592
ISTATP_PIL_PRO_CAPITE;provincia;como;2020;26953.335
ISTATP_PIL_PRO_CAPITE;provincia;como;2021;30017.388
ISTATP_PIL_PRO_CAPITE;provincia;como;2022;32699.664
ISTATP_PIL_PRO_CAPITE;provincia;como;2023;34960.669
ISTATP_PIL_PRO_CAPITE;provincia;cosenza;2015;15362.982
ISTATP_PIL_PRO_CAPITE;provincia;cosenza;2016;15844.196
ISTATP_PIL_PRO_CAPITE;provincia;cosenza;2017;16091.66
ISTATP_PIL_PRO_CAPITE;provincia;cosenza;2018;15925.534
ISTATP_PIL_PRO_CAPITE;provincia;cosenza;2019;16224.683
ISTATP_PIL_PRO_CAPITE;provincia;cosenza;2020;15348.008
ISTATP_PIL_PRO_CAPITE;provincia;cosenza;2021;16877.063
ISTATP_PIL_PRO_CAPITE;provincia;cosenza;2022;18133.63
ISTATP_PIL_PRO_CAPITE;provincia;cosenza;2023;19413.254
ISTATP_PIL_PRO_CAPITE;provincia;cremona;2015;29185.204
ISTATP_PIL_PRO_CAPITE;provincia;cremona;2016;30374.745
ISTATP_PIL_PRO_CAPITE;provincia;cremona;2017;32400.577
ISTATP_PIL_PRO_CAPITE;provincia;cremona;2018;32872.135
ISTATP_PIL_PRO_CAPITE;provincia;cremona;2019;33279.11
ISTATP_PIL_PRO_CAPITE;provincia;cremona;2020;31923.374
ISTATP_PIL_PRO_CAPITE;provincia;cremona;2021;35407.369
ISTATP_PIL_PRO_CAPITE;provincia;cremona;2022;37439.614
ISTATP_PIL_PRO_CAPITE;provincia;cremona;2023;39370.391
ISTATP_PIL_PRO_CAPITE;provincia;crotone;2015;16279.359
ISTATP_PIL_PRO_CAPITE;provincia;crotone;2016;16559.731
ISTATP_PIL_PRO_CAPITE;provincia;crotone;2017;17408.557
ISTATP_PIL_PRO_CAPITE;provincia;crotone;2018;17559.112
ISTATP_PIL_PRO_CAPITE;provincia;crotone;2019;17431.581
ISTATP_PIL_PRO_CAPITE;provincia;crotone;2020;16124.941
ISTATP_PIL_PRO_CAPITE;provincia;crotone;2021;18524.449
ISTATP_PIL_PRO_CAPITE;provincia;crotone;2022;19869.485
ISTATP_PIL_PRO_CAPITE;provincia;crotone;2023;20560.69
ISTATP_PIL_PRO_CAPITE;provincia;cuneo;2015;29813.122
ISTATP_PIL_PRO_CAPITE;provincia;cuneo;2016;30699.608
ISTATP_PIL_PRO_CAPITE;provincia;cuneo;2017;31762.579
ISTATP_PIL_PRO_CAPITE;provincia;cuneo;2018;32193.67
ISTATP_PIL_PRO_CAPITE;provincia;cuneo;2019;33155.684
ISTATP_PIL_PRO_CAPITE;provincia;cuneo;2020;31645.541
ISTATP_PIL_PRO_CAPITE;provincia;cuneo;2021;34016.034
ISTATP_PIL_PRO_CAPITE;provincia;cuneo;2022;37255.341
ISTATP_PIL_PRO_CAPITE;provincia;cuneo;2023;40464.556
ISTATP_PIL_PRO_CAPITE;provincia;enna;2015;14555.941
ISTATP_PIL_PRO_CAPITE;provincia;enna;2016;14755.795
ISTATP_PIL_PRO_CAPITE;provincia;enna;2017;15095.153
ISTATP_PIL_PRO_CAPITE;provincia;enna;2018;15455.227
ISTATP_PIL_PRO_CAPITE;provincia;enna;2019;15710.803
ISTATP_PIL_PRO_CAPITE;provincia;enna;2020;15251.732
ISTATP_PIL_PRO_CAPITE;provincia;enna;2021;16514.979
ISTATP_PIL_PRO_CAPITE;provincia;enna;2022;18223.363
ISTATP_PIL_PRO_CAPITE;provincia;enna;2023;19312.581
ISTATP_PIL_PRO_CAPITE;provincia;fermo;2015;23786.737
ISTATP_PIL_PRO_CAPITE;provincia;fermo;2016;24615.497
ISTATP_PIL_PRO_CAPITE;provincia;fermo;2017;24947.046
ISTATP_PIL_PRO_CAPITE;provincia;fermo;2018;24931.207
ISTATP_PIL_PRO_CAPITE;provincia;fermo;2019;25223.299
ISTATP_PIL_PRO_CAPITE;provincia;fermo;2020;22126.652
ISTATP_PIL_PRO_CAPITE;provincia;fermo;2021;24847.452
ISTATP_PIL_PRO_CAPITE;provincia;fermo;2022;27464.01
ISTATP_PIL_PRO_CAPITE;provincia;fermo;2023;29397.375
ISTATP_PIL_PRO_CAPITE;provincia;ferrara;2015;25511.068
ISTATP_PIL_PRO_CAPITE;provincia;ferrara;2016;26324.876
ISTATP_PIL_PRO_CAPITE;provincia;ferrara;2017;26988.482
ISTATP_PIL_PRO_CAPITE;provincia;ferrara;2018;27322.518
ISTATP_PIL_PRO_CAPITE;provincia;ferrara;2019;27032.711
ISTATP_PIL_PRO_CAPITE;provincia;ferrara;2020;25144.384
ISTATP_PIL_PRO_CAPITE;provincia;ferrara;2021;28150.383
ISTATP_PIL_PRO_CAPITE;provincia;ferrara;2022;28895.993
ISTATP_PIL_PRO_CAPITE;provincia;ferrara;2023;30212.077
ISTATP_PIL_PRO_CAPITE;provincia;firenze;2015;36050.688
ISTATP_PIL_PRO_CAPITE;provincia;firenze;2016;36969.734
ISTATP_PIL_PRO_CAPITE;provincia;firenze;2017;37543.261
ISTATP_PIL_PRO_CAPITE;provincia;firenze;2018;38836.039
ISTATP_PIL_PRO_CAPITE;provincia;firenze;2019;42885.397
ISTATP_PIL_PRO_CAPITE;provincia;firenze;2020;34669.747
ISTATP_PIL_PRO_CAPITE;provincia;firenze;2021;39378.138
ISTATP_PIL_PRO_CAPITE;provincia;firenze;2022;43738.611
ISTATP_PIL_PRO_CAPITE;provincia;firenze;2023;46698.027
ISTATP_PIL_PRO_CAPITE;provincia;foggia;2015;17103.857
ISTATP_PIL_PRO_CAPITE;provincia;foggia;2016;17452.879
ISTATP_PIL_PRO_CAPITE;provincia;foggia;2017;17569.75
ISTATP_PIL_PRO_CAPITE;provincia;foggia;2018;17983.769
ISTATP_PIL_PRO_CAPITE;provincia;foggia;2019;18300.989
ISTATP_PIL_PRO_CAPITE;provincia;foggia;2020;16974.32
ISTATP_PIL_PRO_CAPITE;provincia;foggia;2021;18621.134
ISTATP_PIL_PRO_CAPITE;provincia;foggia;2022;20569.133
ISTATP_PIL_PRO_CAPITE;provincia;foggia;2023;22052.49
ISTATP_PIL_PRO_CAPITE;provincia;forli-cesena;2015;30847.121
ISTATP_PIL_PRO_CAPITE;provincia;forli-cesena;2016;31560.663
ISTATP_PIL_PRO_CAPITE;provincia;forli-cesena;2017;32230.008
ISTATP_PIL_PRO_CAPITE;provincia;forli-cesena;2018;32951.336
ISTATP_PIL_PRO_CAPITE;provincia;forli-cesena;2019;33291.408
ISTATP_PIL_PRO_CAPITE;provincia;forli-cesena;2020;31493.981
ISTATP_PIL_PRO_CAPITE;provincia;forli-cesena;2021;34855.481
ISTATP_PIL_PRO_CAPITE;provincia;forli-cesena;2022;37131.545
ISTATP_PIL_PRO_CAPITE;provincia;forli-cesena;2023;39826.619
ISTATP_PIL_PRO_CAPITE;provincia;frosinone;2015;21123.407
ISTATP_PIL_PRO_CAPITE;provincia;frosinone;2016;21732.024
ISTATP_PIL_PRO_CAPITE;provincia;frosinone;2017;22623.001
ISTATP_PIL_PRO_CAPITE;provincia;frosinone;2018;22881.265
ISTATP_PIL_PRO_CAPITE;provincia;frosinone;2019;23588.063
ISTATP_PIL_PRO_CAPITE;provincia;frosinone;2020;21451.038
ISTATP_PIL_PRO_CAPITE;provincia;frosinone;2021;23670.409
ISTATP_PIL_PRO_CAPITE;provincia;frosinone;2022;25212.018
ISTATP_PIL_PRO_CAPITE;provincia;frosinone;2023;27128.458
ISTATP_PIL_PRO_CAPITE;provincia;genova;2015;32928.761
ISTATP_PIL_PRO_CAPITE;provincia;genova;2016;33861.888
ISTATP_PIL_PRO_CAPITE;provincia;genova;2017;34884.863
ISTATP_PIL_PRO_CAPITE;provincia;genova;2018;35070.993
ISTATP_PIL_PRO_CAPITE;provincia;genova;2019;36166.63
ISTATP_PIL_PRO_CAPITE;provincia;genova;2020;32039.378
ISTATP_PIL_PRO_CAPITE;provincia;genova;2021;35243.066
ISTATP_PIL_PRO_CAPITE;provincia;genova;2022;37785.802
ISTATP_PIL_PRO_CAPITE;provincia;genova;2023;42157.631
ISTATP_PIL_PRO_CAPITE;provincia;gorizia;2015;25937.015
ISTATP_PIL_PRO_CAPITE;provincia;gorizia;2016;27016.642
ISTATP_PIL_PRO_CAPITE;provincia;gorizia;2017;27421.785
ISTATP_PIL_PRO_CAPITE;provincia;gorizia;2018;28154.13
ISTATP_PIL_PRO_CAPITE;provincia;gorizia;2019;29333.785
ISTATP_PIL_PRO_CAPITE;provincia;gorizia;2020;26689.707
ISTATP_PIL_PRO_CAPITE;provincia;gorizia;2021;29713.051
ISTATP_PIL_PRO_CAPITE;provincia;gorizia;2022;31839.13
ISTATP_PIL_PRO_CAPITE;provincia;gorizia;2023;34298.119
ISTATP_PIL_PRO_CAPITE;provincia;grosseto;2015;24044.366
ISTATP_PIL_PRO_CAPITE;provincia;grosseto;2016;24510.61
ISTATP_PIL_PRO_CAPITE;provincia;grosseto;2017;24915.901
ISTATP_PIL_PRO_CAPITE;provincia;grosseto;2018;25145.935
ISTATP_PIL_PRO_CAPITE;provincia;grosseto;2019;25254.631
ISTATP_PIL_PRO_CAPITE;provincia;grosseto;2020;24411.318
ISTATP_PIL_PRO_CAPITE;provincia;grosseto;2021;26702.439
ISTATP_PIL_PRO_CAPITE;provincia;grosseto;2022;28413.745
ISTATP_PIL_PRO_CAPITE;provincia;grosseto;2023;30453.284
ISTATP_PIL_PRO_CAPITE;provincia;imperia;2015;23051.488
ISTATP_PIL_PRO_CAPITE;provincia;imperia;2016;23581.261
ISTATP_PIL_PRO_CAPITE;provincia;imperia;2017;23740.875
ISTATP_PIL_PRO_CAPITE;provincia;imperia;2018;24131.211
ISTATP_PIL_PRO_CAPITE;provincia;imperia;2019;24572.426
ISTATP_PIL_PRO_CAPITE;provincia;imperia;2020;22828.813
ISTATP_PIL_PRO_CAPITE;provincia;imperia;2021;24948.514
ISTATP_PIL_PRO_CAPITE;provincia;imperia;2022;26889.315
ISTATP_PIL_PRO_CAPITE;provincia;imperia;2023;28960.728
ISTATP_PIL_PRO_CAPITE;provincia;isernia;2015;19868.363
ISTATP_PIL_PRO_CAPITE;provincia;isernia;2016;19885.951
ISTATP_PIL_PRO_CAPITE;provincia;isernia;2017;20452.023
ISTATP_PIL_PRO_CAPITE;provincia;isernia;2018;20848.03
ISTATP_PIL_PRO_CAPITE;provincia;isernia;2019;21139.599
ISTATP_PIL_PRO_CAPITE;provincia;isernia;2020;20214.018
ISTATP_PIL_PRO_CAPITE;provincia;isernia;2021;21911.286
ISTATP_PIL_PRO_CAPITE;provincia;isernia;2022;23865.337
ISTATP_PIL_PRO_CAPITE;provincia;isernia;2023;27097.99
ISTATP_PIL_PRO_CAPITE;provincia;l-aquila;2015;23988.64
ISTATP_PIL_PRO_CAPITE;provincia;l-aquila;2016;24031.751
ISTATP_PIL_PRO_CAPITE;provincia;l-aquila;2017;24702.539
ISTATP_PIL_PRO_CAPITE;provincia;l-aquila;2018;24881.016
ISTATP_PIL_PRO_CAPITE;provincia;l-aquila;2019;25751.896
ISTATP_PIL_PRO_CAPITE;provincia;l-aquila;2020;24259.197
ISTATP_PIL_PRO_CAPITE;provincia;l-aquila;2021;26128.891
ISTATP_PIL_PRO_CAPITE;provincia;l-aquila;2022;29118.239
ISTATP_PIL_PRO_CAPITE;provincia;l-aquila;2023;31747.302
ISTATP_PIL_PRO_CAPITE;provincia;la-spezia;2015;29249.256
ISTATP_PIL_PRO_CAPITE;provincia;la-spezia;2016;29815.742
ISTATP_PIL_PRO_CAPITE;provincia;la-spezia;2017;30231.159
ISTATP_PIL_PRO_CAPITE;provincia;la-spezia;2018;30733.583
ISTATP_PIL_PRO_CAPITE;provincia;la-spezia;2019;31215.622
ISTATP_PIL_PRO_CAPITE;provincia;la-spezia;2020;30101.393
ISTATP_PIL_PRO_CAPITE;provincia;la-spezia;2021;33798.189
ISTATP_PIL_PRO_CAPITE;provincia;la-spezia;2022;36059.07
ISTATP_PIL_PRO_CAPITE;provincia;la-spezia;2023;38562.791
ISTATP_PIL_PRO_CAPITE;provincia;latina;2015;21883.737
ISTATP_PIL_PRO_CAPITE;provincia;latina;2016;22279.425
ISTATP_PIL_PRO_CAPITE;provincia;latina;2017;22652.114
ISTATP_PIL_PRO_CAPITE;provincia;latina;2018;23320.766
ISTATP_PIL_PRO_CAPITE;provincia;latina;2019;23649.385
ISTATP_PIL_PRO_CAPITE;provincia;latina;2020;22791.492
ISTATP_PIL_PRO_CAPITE;provincia;latina;2021;24481.746
ISTATP_PIL_PRO_CAPITE;provincia;latina;2022;25691.114
ISTATP_PIL_PRO_CAPITE;provincia;latina;2023;27484.565
ISTATP_PIL_PRO_CAPITE;provincia;lecce;2015;15956.859
ISTATP_PIL_PRO_CAPITE;provincia;lecce;2016;15999.953
ISTATP_PIL_PRO_CAPITE;provincia;lecce;2017;16391.741
ISTATP_PIL_PRO_CAPITE;provincia;lecce;2018;16963.792
ISTATP_PIL_PRO_CAPITE;provincia;lecce;2019;17415.586
ISTATP_PIL_PRO_CAPITE;provincia;lecce;2020;16455.485
ISTATP_PIL_PRO_CAPITE;provincia;lecce;2021;18494.975
ISTATP_PIL_PRO_CAPITE;provincia;lecce;2022;20157.765
ISTATP_PIL_PRO_CAPITE;provincia;lecce;2023;21903.276
ISTATP_PIL_PRO_CAPITE;provincia;lecco;2015;29923.407
ISTATP_PIL_PRO_CAPITE;provincia;lecco;2016;30580.293
ISTATP_PIL_PRO_CAPITE;provincia;lecco;2017;31673.567
ISTATP_PIL_PRO_CAPITE;provincia;lecco;2018;32379.916
ISTATP_PIL_PRO_CAPITE;provincia;lecco;2019;32820.447
ISTATP_PIL_PRO_CAPITE;provincia;lecco;2020;30572.348
ISTATP_PIL_PRO_CAPITE;provincia;lecco;2021;34056.768
ISTATP_PIL_PRO_CAPITE;provincia;lecco;2022;36488.274
ISTATP_PIL_PRO_CAPITE;provincia;lecco;2023;38651.652
ISTATP_PIL_PRO_CAPITE;provincia;livorno;2015;26058.851
ISTATP_PIL_PRO_CAPITE;provincia;livorno;2016;26581.153
ISTATP_PIL_PRO_CAPITE;provincia;livorno;2017;26676.091
ISTATP_PIL_PRO_CAPITE;provincia;livorno;2018;27028.115
ISTATP_PIL_PRO_CAPITE;provincia;livorno;2019;27167.665
ISTATP_PIL_PRO_CAPITE;provincia;livorno;2020;25439.198
ISTATP_PIL_PRO_CAPITE;provincia;livorno;2021;28579.361
ISTATP_PIL_PRO_CAPITE;provincia;livorno;2022;31257.265
ISTATP_PIL_PRO_CAPITE;provincia;livorno;2023;32894.334
ISTATP_PIL_PRO_CAPITE;provincia;lodi;2015;25464.226
ISTATP_PIL_PRO_CAPITE;provincia;lodi;2016;26862.22
ISTATP_PIL_PRO_CAPITE;provincia;lodi;2017;27151.647
ISTATP_PIL_PRO_CAPITE;provincia;lodi;2018;27234.262
ISTATP_PIL_PRO_CAPITE;provincia;lodi;2019;28434.082
ISTATP_PIL_PRO_CAPITE;provincia;lodi;2020;26583.044
ISTATP_PIL_PRO_CAPITE;provincia;lodi;2021;29313.683
ISTATP_PIL_PRO_CAPITE;provincia;lodi;2022;30609.135
ISTATP_PIL_PRO_CAPITE;provincia;lodi;2023;32766.608
ISTATP_PIL_PRO_CAPITE;provincia;lucca;2015;26685.191
ISTATP_PIL_PRO_CAPITE;provincia;lucca;2016;27421.159
ISTATP_PIL_PRO_CAPITE;provincia;lucca;2017;28204.246
ISTATP_PIL_PRO_CAPITE;provincia;lucca;2018;28713.174
ISTATP_PIL_PRO_CAPITE;provincia;lucca;2019;29169.841
ISTATP_PIL_PRO_CAPITE;provincia;lucca;2020;27561.509
ISTATP_PIL_PRO_CAPITE;provincia;lucca;2021;30001.486
ISTATP_PIL_PRO_CAPITE;provincia;lucca;2022;33136.28
ISTATP_PIL_PRO_CAPITE;provincia;lucca;2023;36439.791
ISTATP_PIL_PRO_CAPITE;provincia;macerata;2015;24069.37
ISTATP_PIL_PRO_CAPITE;provincia;macerata;2016;24638.666
ISTATP_PIL_PRO_CAPITE;provincia;macerata;2017;26055.188
ISTATP_PIL_PRO_CAPITE;provincia;macerata;2018;26788.202
ISTATP_PIL_PRO_CAPITE;provincia;macerata;2019;26979.758
ISTATP_PIL_PRO_CAPITE;provincia;macerata;2020;25054.216
ISTATP_PIL_PRO_CAPITE;provincia;macerata;2021;27941.945
ISTATP_PIL_PRO_CAPITE;provincia;macerata;2022;30724.047
ISTATP_PIL_PRO_CAPITE;provincia;macerata;2023;32455.504
ISTATP_PIL_PRO_CAPITE;provincia;mantova;2015;29869.402
ISTATP_PIL_PRO_CAPITE;provincia;mantova;2016;30757.518
ISTATP_PIL_PRO_CAPITE;provincia;mantova;2017;32258.422
ISTATP_PIL_PRO_CAPITE;provincia;mantova;2018;32829.163
ISTATP_PIL_PRO_CAPITE;provincia;mantova;2019;32504.765
ISTATP_PIL_PRO_CAPITE;provincia;mantova;2020;30698.366
ISTATP_PIL_PRO_CAPITE;provincia;mantova;2021;33608.391
ISTATP_PIL_PRO_CAPITE;provincia;mantova;2022;36535.899
ISTATP_PIL_PRO_CAPITE;provincia;mantova;2023;39215.445
ISTATP_PIL_PRO_CAPITE;provincia;massa-carrara;2015;24068.328
ISTATP_PIL_PRO_CAPITE;provincia;massa-carrara;2016;24715.998
ISTATP_PIL_PRO_CAPITE;provincia;massa-carrara;2017;25654.971
ISTATP_PIL_PRO_CAPITE;provincia;massa-carrara;2018;26100.158
ISTATP_PIL_PRO_CAPITE;provincia;massa-carrara;2019;26336.946
ISTATP_PIL_PRO_CAPITE;provincia;massa-carrara;2020;24836.664
ISTATP_PIL_PRO_CAPITE;provincia;massa-carrara;2021;27153.202
ISTATP_PIL_PRO_CAPITE;provincia;massa-carrara;2022;29490.957
ISTATP_PIL_PRO_CAPITE;provincia;massa-carrara;2023;31329.418
ISTATP_PIL_PRO_CAPITE;provincia;matera;2015;17888.619
ISTATP_PIL_PRO_CAPITE;provincia;matera;2016;18135.324
ISTATP_PIL_PRO_CAPITE;provincia;matera;2017;18299.631
ISTATP_PIL_PRO_CAPITE;provincia;matera;2018;19166.798
ISTATP_PIL_PRO_CAPITE;provincia;matera;2019;19585.303
ISTATP_PIL_PRO_CAPITE;provincia;matera;2020;19078.972
ISTATP_PIL_PRO_CAPITE;provincia;matera;2021;21303.476
ISTATP_PIL_PRO_CAPITE;provincia;matera;2022;23222.687
ISTATP_PIL_PRO_CAPITE;provincia;matera;2023;24524.934
ISTATP_PIL_PRO_CAPITE;provincia;messina;2015;17061.8
ISTATP_PIL_PRO_CAPITE;provincia;messina;2016;17439.635
ISTATP_PIL_PRO_CAPITE;provincia;messina;2017;17894.961
ISTATP_PIL_PRO_CAPITE;provincia;messina;2018;18158.339
ISTATP_PIL_PRO_CAPITE;provincia;messina;2019;18456.925
ISTATP_PIL_PRO_CAPITE;provincia;messina;2020;17670.825
ISTATP_PIL_PRO_CAPITE;provincia;messina;2021;19124.177
ISTATP_PIL_PRO_CAPITE;provincia;messina;2022;20907.429
ISTATP_PIL_PRO_CAPITE;provincia;messina;2023;22450.342
ISTATP_PIL_PRO_CAPITE;provincia;milano;2015;52899.816
ISTATP_PIL_PRO_CAPITE;provincia;milano;2016;54563.625
ISTATP_PIL_PRO_CAPITE;provincia;milano;2017;55538.317
ISTATP_PIL_PRO_CAPITE;provincia;milano;2018;57063.228
ISTATP_PIL_PRO_CAPITE;provincia;milano;2019;56965.132
ISTATP_PIL_PRO_CAPITE;provincia;milano;2020;54220.782
ISTATP_PIL_PRO_CAPITE;provincia;milano;2021;61600.093
ISTATP_PIL_PRO_CAPITE;provincia;milano;2022;66617.62
ISTATP_PIL_PRO_CAPITE;provincia;milano;2023;71274.407
ISTATP_PIL_PRO_CAPITE;provincia;modena;2015;36027.565
ISTATP_PIL_PRO_CAPITE;provincia;modena;2016;37974.174
ISTATP_PIL_PRO_CAPITE;provincia;modena;2017;39152.89
ISTATP_PIL_PRO_CAPITE;provincia;modena;2018;39205.659
ISTATP_PIL_PRO_CAPITE;provincia;modena;2019;38441.82
ISTATP_PIL_PRO_CAPITE;provincia;modena;2020;36114.221
ISTATP_PIL_PRO_CAPITE;provincia;modena;2021;41921.106
ISTATP_PIL_PRO_CAPITE;provincia;modena;2022;45027.027
ISTATP_PIL_PRO_CAPITE;provincia;modena;2023;48643.323
ISTATP_PIL_PRO_CAPITE;provincia;monza-e-della-brianza;2015;29939.882
ISTATP_PIL_PRO_CAPITE;provincia;monza-e-della-brianza;2016;30911.234
ISTATP_PIL_PRO_CAPITE;provincia;monza-e-della-brianza;2017;31501.13
ISTATP_PIL_PRO_CAPITE;provincia;monza-e-della-brianza;2018;31945.345
ISTATP_PIL_PRO_CAPITE;provincia;monza-e-della-brianza;2019;32537.49
ISTATP_PIL_PRO_CAPITE;provincia;monza-e-della-brianza;2020;30920.978
ISTATP_PIL_PRO_CAPITE;provincia;monza-e-della-brianza;2021;33792.03
ISTATP_PIL_PRO_CAPITE;provincia;monza-e-della-brianza;2022;35903.67
ISTATP_PIL_PRO_CAPITE;provincia;monza-e-della-brianza;2023;38994.516
ISTATP_PIL_PRO_CAPITE;provincia;napoli;2015;18436.126
ISTATP_PIL_PRO_CAPITE;provincia;napoli;2016;18935.797
ISTATP_PIL_PRO_CAPITE;provincia;napoli;2017;19365.299
ISTATP_PIL_PRO_CAPITE;provincia;napoli;2018;19568.714
ISTATP_PIL_PRO_CAPITE;provincia;napoli;2019;20188.809
ISTATP_PIL_PRO_CAPITE;provincia;napoli;2020;18614.358
ISTATP_PIL_PRO_CAPITE;provincia;napoli;2021;20478.277
ISTATP_PIL_PRO_CAPITE;provincia;napoli;2022;22430.386
ISTATP_PIL_PRO_CAPITE;provincia;napoli;2023;24475.064
ISTATP_PIL_PRO_CAPITE;provincia;novara;2015;27917.977
ISTATP_PIL_PRO_CAPITE;provincia;novara;2016;28949.17
ISTATP_PIL_PRO_CAPITE;provincia;novara;2017;29698.68
ISTATP_PIL_PRO_CAPITE;provincia;novara;2018;30440.008
ISTATP_PIL_PRO_CAPITE;provincia;novara;2019;31419.431
ISTATP_PIL_PRO_CAPITE;provincia;novara;2020;29418.577
ISTATP_PIL_PRO_CAPITE;provincia;novara;2021;32485.716
ISTATP_PIL_PRO_CAPITE;provincia;novara;2022;34685.257
ISTATP_PIL_PRO_CAPITE;provincia;novara;2023;36231.405
ISTATP_PIL_PRO_CAPITE;provincia;nuoro;2015;18275.251
ISTATP_PIL_PRO_CAPITE;provincia;nuoro;2016;17942.023
ISTATP_PIL_PRO_CAPITE;provincia;nuoro;2017;18390.91
ISTATP_PIL_PRO_CAPITE;provincia;nuoro;2018;18865.052
ISTATP_PIL_PRO_CAPITE;provincia;nuoro;2019;19506.914
ISTATP_PIL_PRO_CAPITE;provincia;nuoro;2020;18670.951
ISTATP_PIL_PRO_CAPITE;provincia;nuoro;2021;20618.499
ISTATP_PIL_PRO_CAPITE;provincia;nuoro;2022;22248.746
ISTATP_PIL_PRO_CAPITE;provincia;nuoro;2023;24186.047
ISTATP_PIL_PRO_CAPITE;provincia;oristano;2015;16244.207
ISTATP_PIL_PRO_CAPITE;provincia;oristano;2016;16465.828
ISTATP_PIL_PRO_CAPITE;provincia;oristano;2017;17144.227
ISTATP_PIL_PRO_CAPITE;provincia;oristano;2018;17374.438
ISTATP_PIL_PRO_CAPITE;provincia;oristano;2019;17570.676
ISTATP_PIL_PRO_CAPITE;provincia;oristano;2020;16917.195
ISTATP_PIL_PRO_CAPITE;provincia;oristano;2021;18611.905
ISTATP_PIL_PRO_CAPITE;provincia;oristano;2022;20250.993
ISTATP_PIL_PRO_CAPITE;provincia;oristano;2023;21903.808
ISTATP_PIL_PRO_CAPITE;provincia;padova;2015;31926.978
ISTATP_PIL_PRO_CAPITE;provincia;padova;2016;33160.943
ISTATP_PIL_PRO_CAPITE;provincia;padova;2017;34081.46
ISTATP_PIL_PRO_CAPITE;provincia;padova;2018;34680.311
ISTATP_PIL_PRO_CAPITE;provincia;padova;2019;35229.355
ISTATP_PIL_PRO_CAPITE;provincia;padova;2020;32912.11
ISTATP_PIL_PRO_CAPITE;provincia;padova;2021;36462.963
ISTATP_PIL_PRO_CAPITE;provincia;padova;2022;39111.541
ISTATP_PIL_PRO_CAPITE;provincia;padova;2023;42062.299
ISTATP_PIL_PRO_CAPITE;provincia;palermo;2015;18201.261
ISTATP_PIL_PRO_CAPITE;provincia;palermo;2016;18234.001
ISTATP_PIL_PRO_CAPITE;provincia;palermo;2017;18722.967
ISTATP_PIL_PRO_CAPITE;provincia;palermo;2018;18849.792
ISTATP_PIL_PRO_CAPITE;provincia;palermo;2019;19207.602
ISTATP_PIL_PRO_CAPITE;provincia;palermo;2020;18159.548
ISTATP_PIL_PRO_CAPITE;provincia;palermo;2021;20108.918
ISTATP_PIL_PRO_CAPITE;provincia;palermo;2022;21860.6
ISTATP_PIL_PRO_CAPITE;provincia;palermo;2023;23865.924
ISTATP_PIL_PRO_CAPITE;provincia;parma;2015;35354.345
ISTATP_PIL_PRO_CAPITE;provincia;parma;2016;36130.941
ISTATP_PIL_PRO_CAPITE;provincia;parma;2017;37059.619
ISTATP_PIL_PRO_CAPITE;provincia;parma;2018;38345.308
ISTATP_PIL_PRO_CAPITE;provincia;parma;2019;38813.492
ISTATP_PIL_PRO_CAPITE;provincia;parma;2020;37021.93
ISTATP_PIL_PRO_CAPITE;provincia;parma;2021;42190.244
ISTATP_PIL_PRO_CAPITE;provincia;parma;2022;42840.329
ISTATP_PIL_PRO_CAPITE;provincia;parma;2023;47467.432
ISTATP_PIL_PRO_CAPITE;provincia;pavia;2015;24315.161
ISTATP_PIL_PRO_CAPITE;provincia;pavia;2016;23947.949
ISTATP_PIL_PRO_CAPITE;provincia;pavia;2017;24786.51
ISTATP_PIL_PRO_CAPITE;provincia;pavia;2018;25343.61
ISTATP_PIL_PRO_CAPITE;provincia;pavia;2019;25737.087
ISTATP_PIL_PRO_CAPITE;provincia;pavia;2020;23799.411
ISTATP_PIL_PRO_CAPITE;provincia;pavia;2021;26714.092
ISTATP_PIL_PRO_CAPITE;provincia;pavia;2022;29450.98
ISTATP_PIL_PRO_CAPITE;provincia;pavia;2023;30506.047
ISTATP_PIL_PRO_CAPITE;provincia;perugia;2015;24850.853
ISTATP_PIL_PRO_CAPITE;provincia;perugia;2016;25057.253
ISTATP_PIL_PRO_CAPITE;provincia;perugia;2017;25601.905
ISTATP_PIL_PRO_CAPITE;provincia;perugia;2018;26456.991
ISTATP_PIL_PRO_CAPITE;provincia;perugia;2019;26828.816
ISTATP_PIL_PRO_CAPITE;provincia;perugia;2020;24856.366
ISTATP_PIL_PRO_CAPITE;provincia;perugia;2021;27189.257
ISTATP_PIL_PRO_CAPITE;provincia;perugia;2022;29749.922
ISTATP_PIL_PRO_CAPITE;provincia;perugia;2023;32215.606
ISTATP_PIL_PRO_CAPITE;provincia;pesaro-e-urbino;2015;25387.902
ISTATP_PIL_PRO_CAPITE;provincia;pesaro-e-urbino;2016;26257.681
ISTATP_PIL_PRO_CAPITE;provincia;pesaro-e-urbino;2017;26570.089
ISTATP_PIL_PRO_CAPITE;provincia;pesaro-e-urbino;2018;27411.505
ISTATP_PIL_PRO_CAPITE;provincia;pesaro-e-urbino;2019;28079.65
ISTATP_PIL_PRO_CAPITE;provincia;pesaro-e-urbino;2020;26145.085
ISTATP_PIL_PRO_CAPITE;provincia;pesaro-e-urbino;2021;29765.523
ISTATP_PIL_PRO_CAPITE;provincia;pesaro-e-urbino;2022;31864.455
ISTATP_PIL_PRO_CAPITE;provincia;pesaro-e-urbino;2023;33846.154
ISTATP_PIL_PRO_CAPITE;provincia;pescara;2015;24344.53
ISTATP_PIL_PRO_CAPITE;provincia;pescara;2016;24287.901
ISTATP_PIL_PRO_CAPITE;provincia;pescara;2017;24837.41
ISTATP_PIL_PRO_CAPITE;provincia;pescara;2018;25386.227
ISTATP_PIL_PRO_CAPITE;provincia;pescara;2019;25033.116
ISTATP_PIL_PRO_CAPITE;provincia;pescara;2020;23162.995
ISTATP_PIL_PRO_CAPITE;provincia;pescara;2021;25760.736
ISTATP_PIL_PRO_CAPITE;provincia;pescara;2022;27374.282
ISTATP_PIL_PRO_CAPITE;provincia;pescara;2023;30079.949
ISTATP_PIL_PRO_CAPITE;provincia;piacenza;2015;30729.698
ISTATP_PIL_PRO_CAPITE;provincia;piacenza;2016;31199.741
ISTATP_PIL_PRO_CAPITE;provincia;piacenza;2017;31943.415
ISTATP_PIL_PRO_CAPITE;provincia;piacenza;2018;33236.873
ISTATP_PIL_PRO_CAPITE;provincia;piacenza;2019;33846.056
ISTATP_PIL_PRO_CAPITE;provincia;piacenza;2020;32423.207
ISTATP_PIL_PRO_CAPITE;provincia;piacenza;2021;35432.633
ISTATP_PIL_PRO_CAPITE;provincia;piacenza;2022;37551.092
ISTATP_PIL_PRO_CAPITE;provincia;piacenza;2023;40298.455
ISTATP_PIL_PRO_CAPITE;provincia;pisa;2015;28974.732
ISTATP_PIL_PRO_CAPITE;provincia;pisa;2016;29935.014
ISTATP_PIL_PRO_CAPITE;provincia;pisa;2017;30833.349
ISTATP_PIL_PRO_CAPITE;provincia;pisa;2018;31817.376
ISTATP_PIL_PRO_CAPITE;provincia;pisa;2019;32400.793
ISTATP_PIL_PRO_CAPITE;provincia;pisa;2020;30369.551
ISTATP_PIL_PRO_CAPITE;provincia;pisa;2021;33088.084
ISTATP_PIL_PRO_CAPITE;provincia;pisa;2022;35682.091
ISTATP_PIL_PRO_CAPITE;provincia;pisa;2023;38179.205
ISTATP_PIL_PRO_CAPITE;provincia;pistoia;2015;24969.71
ISTATP_PIL_PRO_CAPITE;provincia;pistoia;2016;25751.428
ISTATP_PIL_PRO_CAPITE;provincia;pistoia;2017;26383.659
ISTATP_PIL_PRO_CAPITE;provincia;pistoia;2018;26830.524
ISTATP_PIL_PRO_CAPITE;provincia;pistoia;2019;26835.634
ISTATP_PIL_PRO_CAPITE;provincia;pistoia;2020;24968.906
ISTATP_PIL_PRO_CAPITE;provincia;pistoia;2021;26901.718
ISTATP_PIL_PRO_CAPITE;provincia;pistoia;2022;28818.025
ISTATP_PIL_PRO_CAPITE;provincia;pistoia;2023;31459.627
ISTATP_PIL_PRO_CAPITE;provincia;pordenone;2015;29516.361
ISTATP_PIL_PRO_CAPITE;provincia;pordenone;2016;30064.084
ISTATP_PIL_PRO_CAPITE;provincia;pordenone;2017;30482.504
ISTATP_PIL_PRO_CAPITE;provincia;pordenone;2018;31286.038
ISTATP_PIL_PRO_CAPITE;provincia;pordenone;2019;31881.028
ISTATP_PIL_PRO_CAPITE;provincia;pordenone;2020;30344.87
ISTATP_PIL_PRO_CAPITE;provincia;pordenone;2021;33119.16
ISTATP_PIL_PRO_CAPITE;provincia;pordenone;2022;34935.442
ISTATP_PIL_PRO_CAPITE;provincia;pordenone;2023;36588.273
ISTATP_PIL_PRO_CAPITE;provincia;potenza;2015;22606.579
ISTATP_PIL_PRO_CAPITE;provincia;potenza;2016;22652.216
ISTATP_PIL_PRO_CAPITE;provincia;potenza;2017;23029.448
ISTATP_PIL_PRO_CAPITE;provincia;potenza;2018;24373.519
ISTATP_PIL_PRO_CAPITE;provincia;potenza;2019;23984.738
ISTATP_PIL_PRO_CAPITE;provincia;potenza;2020;21403.237
ISTATP_PIL_PRO_CAPITE;provincia;potenza;2021;25259.02
ISTATP_PIL_PRO_CAPITE;provincia;potenza;2022;27424.303
ISTATP_PIL_PRO_CAPITE;provincia;potenza;2023;29481.009
ISTATP_PIL_PRO_CAPITE;provincia;prato;2015;29469.108
ISTATP_PIL_PRO_CAPITE;provincia;prato;2016;30639.787
ISTATP_PIL_PRO_CAPITE;provincia;prato;2017;31781.172
ISTATP_PIL_PRO_CAPITE;provincia;prato;2018;32913.224
ISTATP_PIL_PRO_CAPITE;provincia;prato;2019;33058.694
ISTATP_PIL_PRO_CAPITE;provincia;prato;2020;28604.05
ISTATP_PIL_PRO_CAPITE;provincia;prato;2021;31541.599
ISTATP_PIL_PRO_CAPITE;provincia;prato;2022;34702.744
ISTATP_PIL_PRO_CAPITE;provincia;prato;2023;35943.76
ISTATP_PIL_PRO_CAPITE;provincia;ragusa;2015;17191.929
ISTATP_PIL_PRO_CAPITE;provincia;ragusa;2016;17240.865
ISTATP_PIL_PRO_CAPITE;provincia;ragusa;2017;17885.214
ISTATP_PIL_PRO_CAPITE;provincia;ragusa;2018;18228.072
ISTATP_PIL_PRO_CAPITE;provincia;ragusa;2019;18299.329
ISTATP_PIL_PRO_CAPITE;provincia;ragusa;2020;17402.413
ISTATP_PIL_PRO_CAPITE;provincia;ragusa;2021;19067.49
ISTATP_PIL_PRO_CAPITE;provincia;ragusa;2022;20675.394
ISTATP_PIL_PRO_CAPITE;provincia;ragusa;2023;22238.619
ISTATP_PIL_PRO_CAPITE;provincia;ravenna;2015;30606.155
ISTATP_PIL_PRO_CAPITE;provincia;ravenna;2016;31675.225
ISTATP_PIL_PRO_CAPITE;provincia;ravenna;2017;31932.181
ISTATP_PIL_PRO_CAPITE;provincia;ravenna;2018;32361.24
ISTATP_PIL_PRO_CAPITE;provincia;ravenna;2019;32226.988
ISTATP_PIL_PRO_CAPITE;provincia;ravenna;2020;30498.581
ISTATP_PIL_PRO_CAPITE;provincia;ravenna;2021;33332.312
ISTATP_PIL_PRO_CAPITE;provincia;ravenna;2022;35761.658
ISTATP_PIL_PRO_CAPITE;provincia;ravenna;2023;38195.45
ISTATP_PIL_PRO_CAPITE;provincia;reggio-calabria;2015;17080.266
ISTATP_PIL_PRO_CAPITE;provincia;reggio-calabria;2016;16922.285
ISTATP_PIL_PRO_CAPITE;provincia;reggio-calabria;2017;17453.428
ISTATP_PIL_PRO_CAPITE;provincia;reggio-calabria;2018;17626.808
ISTATP_PIL_PRO_CAPITE;provincia;reggio-calabria;2019;18051.034
ISTATP_PIL_PRO_CAPITE;provincia;reggio-calabria;2020;17004.452
ISTATP_PIL_PRO_CAPITE;provincia;reggio-calabria;2021;18772.39
ISTATP_PIL_PRO_CAPITE;provincia;reggio-calabria;2022;20211.376
ISTATP_PIL_PRO_CAPITE;provincia;reggio-calabria;2023;21942.349
ISTATP_PIL_PRO_CAPITE;provincia;reggio-emilia;2015;33505.503
ISTATP_PIL_PRO_CAPITE;provincia;reggio-emilia;2016;34593.128
ISTATP_PIL_PRO_CAPITE;provincia;reggio-emilia;2017;35800.716
ISTATP_PIL_PRO_CAPITE;provincia;reggio-emilia;2018;36424.644
ISTATP_PIL_PRO_CAPITE;provincia;reggio-emilia;2019;37116.209
ISTATP_PIL_PRO_CAPITE;provincia;reggio-emilia;2020;34922.035
ISTATP_PIL_PRO_CAPITE;provincia;reggio-emilia;2021;38662.714
ISTATP_PIL_PRO_CAPITE;provincia;reggio-emilia;2022;42004.56
ISTATP_PIL_PRO_CAPITE;provincia;reggio-emilia;2023;44089.79
ISTATP_PIL_PRO_CAPITE;provincia;rieti;2015;18543.547
ISTATP_PIL_PRO_CAPITE;provincia;rieti;2016;18401.613
ISTATP_PIL_PRO_CAPITE;provincia;rieti;2017;18999.066
ISTATP_PIL_PRO_CAPITE;provincia;rieti;2018;19905.303
ISTATP_PIL_PRO_CAPITE;provincia;rieti;2019;20550.107
ISTATP_PIL_PRO_CAPITE;provincia;rieti;2020;20510.185
ISTATP_PIL_PRO_CAPITE;provincia;rieti;2021;23103.853
ISTATP_PIL_PRO_CAPITE;provincia;rieti;2022;24377.321
ISTATP_PIL_PRO_CAPITE;provincia;rieti;2023;25372.836
ISTATP_PIL_PRO_CAPITE;provincia;rimini;2015;28334.487
ISTATP_PIL_PRO_CAPITE;provincia;rimini;2016;29442.983
ISTATP_PIL_PRO_CAPITE;provincia;rimini;2017;30157.451
ISTATP_PIL_PRO_CAPITE;provincia;rimini;2018;30703.783
ISTATP_PIL_PRO_CAPITE;provincia;rimini;2019;31205.583
ISTATP_PIL_PRO_CAPITE;provincia;rimini;2020;27513.507
ISTATP_PIL_PRO_CAPITE;provincia;rimini;2021;31038.933
ISTATP_PIL_PRO_CAPITE;provincia;rimini;2022;33894.302
ISTATP_PIL_PRO_CAPITE;provincia;rimini;2023;36520.33
ISTATP_PIL_PRO_CAPITE;provincia;roma;2015;37239.136
ISTATP_PIL_PRO_CAPITE;provincia;roma;2016;38899.29
ISTATP_PIL_PRO_CAPITE;provincia;roma;2017;39223.956
ISTATP_PIL_PRO_CAPITE;provincia;roma;2018;39731.801
ISTATP_PIL_PRO_CAPITE;provincia;roma;2019;40412.097
ISTATP_PIL_PRO_CAPITE;provincia;roma;2020;37329.7
ISTATP_PIL_PRO_CAPITE;provincia;roma;2021;40029.187
ISTATP_PIL_PRO_CAPITE;provincia;roma;2022;44979.394
ISTATP_PIL_PRO_CAPITE;provincia;roma;2023;47601.211
ISTATP_PIL_PRO_CAPITE;provincia;rovigo;2015;24943.055
ISTATP_PIL_PRO_CAPITE;provincia;rovigo;2016;25120.053
ISTATP_PIL_PRO_CAPITE;provincia;rovigo;2017;25583.664
ISTATP_PIL_PRO_CAPITE;provincia;rovigo;2018;26457.156
ISTATP_PIL_PRO_CAPITE;provincia;rovigo;2019;26762.502
ISTATP_PIL_PRO_CAPITE;provincia;rovigo;2020;25380.402
ISTATP_PIL_PRO_CAPITE;provincia;rovigo;2021;27830.724
ISTATP_PIL_PRO_CAPITE;provincia;rovigo;2022;29386.165
ISTATP_PIL_PRO_CAPITE;provincia;rovigo;2023;31695.213
ISTATP_PIL_PRO_CAPITE;provincia;salerno;2015;17907.02
ISTATP_PIL_PRO_CAPITE;provincia;salerno;2016;18077.327
ISTATP_PIL_PRO_CAPITE;provincia;salerno;2017;18498.516
ISTATP_PIL_PRO_CAPITE;provincia;salerno;2018;18849.379
ISTATP_PIL_PRO_CAPITE;provincia;salerno;2019;19277.556
ISTATP_PIL_PRO_CAPITE;provincia;salerno;2020;18216.676
ISTATP_PIL_PRO_CAPITE;provincia;salerno;2021;20152.635
ISTATP_PIL_PRO_CAPITE;provincia;salerno;2022;22227.136
ISTATP_PIL_PRO_CAPITE;provincia;salerno;2023;24405.852
ISTATP_PIL_PRO_CAPITE;provincia;sassari;2015;20389.786
ISTATP_PIL_PRO_CAPITE;provincia;sassari;2016;19951.076
ISTATP_PIL_PRO_CAPITE;provincia;sassari;2017;20465.503
ISTATP_PIL_PRO_CAPITE;provincia;sassari;2018;20792.562
ISTATP_PIL_PRO_CAPITE;provincia;sassari;2019;21609.014
ISTATP_PIL_PRO_CAPITE;provincia;sassari;2020;20136.681
ISTATP_PIL_PRO_CAPITE;provincia;sassari;2021;22857.01
ISTATP_PIL_PRO_CAPITE;provincia;sassari;2022;24862.308
ISTATP_PIL_PRO_CAPITE;provincia;sassari;2023;27061.801
ISTATP_PIL_PRO_CAPITE;provincia;savona;2015;26596.436
ISTATP_PIL_PRO_CAPITE;provincia;savona;2016;27053.363
ISTATP_PIL_PRO_CAPITE;provincia;savona;2017;28030.841
ISTATP_PIL_PRO_CAPITE;provincia;savona;2018;28196.926
ISTATP_PIL_PRO_CAPITE;provincia;savona;2019;27942.82
ISTATP_PIL_PRO_CAPITE;provincia;savona;2020;26695.982
ISTATP_PIL_PRO_CAPITE;provincia;savona;2021;29634.708
ISTATP_PIL_PRO_CAPITE;provincia;savona;2022;32899.514
ISTATP_PIL_PRO_CAPITE;provincia;savona;2023;34751.402
ISTATP_PIL_PRO_CAPITE;provincia;siena;2015;30940.692
ISTATP_PIL_PRO_CAPITE;provincia;siena;2016;32177.911
ISTATP_PIL_PRO_CAPITE;provincia;siena;2017;32308.627
ISTATP_PIL_PRO_CAPITE;provincia;siena;2018;32723.294
ISTATP_PIL_PRO_CAPITE;provincia;siena;2019;32686.728
ISTATP_PIL_PRO_CAPITE;provincia;siena;2020;29969.266
ISTATP_PIL_PRO_CAPITE;provincia;siena;2021;32449.992
ISTATP_PIL_PRO_CAPITE;provincia;siena;2022;34794.941
ISTATP_PIL_PRO_CAPITE;provincia;siena;2023;37383.788
ISTATP_PIL_PRO_CAPITE;provincia;siracusa;2015;18105.154
ISTATP_PIL_PRO_CAPITE;provincia;siracusa;2016;18544.026
ISTATP_PIL_PRO_CAPITE;provincia;siracusa;2017;19297.404
ISTATP_PIL_PRO_CAPITE;provincia;siracusa;2018;18563.046
ISTATP_PIL_PRO_CAPITE;provincia;siracusa;2019;18340.015
ISTATP_PIL_PRO_CAPITE;provincia;siracusa;2020;17095.758
ISTATP_PIL_PRO_CAPITE;provincia;siracusa;2021;20954.02
ISTATP_PIL_PRO_CAPITE;provincia;siracusa;2022;29125.584
ISTATP_PIL_PRO_CAPITE;provincia;siracusa;2023;23574.402
ISTATP_PIL_PRO_CAPITE;provincia;sondrio;2015;28620.56
ISTATP_PIL_PRO_CAPITE;provincia;sondrio;2016;29177.422
ISTATP_PIL_PRO_CAPITE;provincia;sondrio;2017;29286.757
ISTATP_PIL_PRO_CAPITE;provincia;sondrio;2018;29845.08
ISTATP_PIL_PRO_CAPITE;provincia;sondrio;2019;31187.851
ISTATP_PIL_PRO_CAPITE;provincia;sondrio;2020;28681.664
ISTATP_PIL_PRO_CAPITE;provincia;sondrio;2021;30600.671
ISTATP_PIL_PRO_CAPITE;provincia;sondrio;2022;33519.016
ISTATP_PIL_PRO_CAPITE;provincia;sondrio;2023;36722.595
ISTATP_PIL_PRO_CAPITE;provincia;sud-sardegna;2015;15295.257
ISTATP_PIL_PRO_CAPITE;provincia;sud-sardegna;2016;14680.676
ISTATP_PIL_PRO_CAPITE;provincia;sud-sardegna;2017;15176.8
ISTATP_PIL_PRO_CAPITE;provincia;sud-sardegna;2018;15391.776
ISTATP_PIL_PRO_CAPITE;provincia;sud-sardegna;2019;15930.728
ISTATP_PIL_PRO_CAPITE;provincia;sud-sardegna;2020;15271.304
ISTATP_PIL_PRO_CAPITE;provincia;sud-sardegna;2021;16811.509
ISTATP_PIL_PRO_CAPITE;provincia;sud-sardegna;2022;17899.315
ISTATP_PIL_PRO_CAPITE;provincia;sud-sardegna;2023;19474.474
ISTATP_PIL_PRO_CAPITE;provincia;taranto;2015;16931.703
ISTATP_PIL_PRO_CAPITE;provincia;taranto;2016;17823.342
ISTATP_PIL_PRO_CAPITE;provincia;taranto;2017;18330.75
ISTATP_PIL_PRO_CAPITE;provincia;taranto;2018;18146.269
ISTATP_PIL_PRO_CAPITE;provincia;taranto;2019;18304.634
ISTATP_PIL_PRO_CAPITE;provincia;taranto;2020;17744.232
ISTATP_PIL_PRO_CAPITE;provincia;taranto;2021;20272.379
ISTATP_PIL_PRO_CAPITE;provincia;taranto;2022;21916.532
ISTATP_PIL_PRO_CAPITE;provincia;taranto;2023;22323.906
ISTATP_PIL_PRO_CAPITE;provincia;teramo;2015;22724.762
ISTATP_PIL_PRO_CAPITE;provincia;teramo;2016;23169.694
ISTATP_PIL_PRO_CAPITE;provincia;teramo;2017;23774.163
ISTATP_PIL_PRO_CAPITE;provincia;teramo;2018;24001.458
ISTATP_PIL_PRO_CAPITE;provincia;teramo;2019;24282.567
ISTATP_PIL_PRO_CAPITE;provincia;teramo;2020;22635.17
ISTATP_PIL_PRO_CAPITE;provincia;teramo;2021;25830.235
ISTATP_PIL_PRO_CAPITE;provincia;teramo;2022;28214.429
ISTATP_PIL_PRO_CAPITE;provincia;teramo;2023;30882.353
ISTATP_PIL_PRO_CAPITE;provincia;terni;2015;22242.079
ISTATP_PIL_PRO_CAPITE;provincia;terni;2016;22499.835
ISTATP_PIL_PRO_CAPITE;provincia;terni;2017;23566.964
ISTATP_PIL_PRO_CAPITE;provincia;terni;2018;24326.952
ISTATP_PIL_PRO_CAPITE;provincia;terni;2019;24296.04
ISTATP_PIL_PRO_CAPITE;provincia;terni;2020;22190.962
ISTATP_PIL_PRO_CAPITE;provincia;terni;2021;25236.348
ISTATP_PIL_PRO_CAPITE;provincia;terni;2022;26129.017
ISTATP_PIL_PRO_CAPITE;provincia;terni;2023;29168.591
ISTATP_PIL_PRO_CAPITE;provincia;torino;2015;29556.755
ISTATP_PIL_PRO_CAPITE;provincia;torino;2016;30653.534
ISTATP_PIL_PRO_CAPITE;provincia;torino;2017;31881.86
ISTATP_PIL_PRO_CAPITE;provincia;torino;2018;32874.253
ISTATP_PIL_PRO_CAPITE;provincia;torino;2019;32738.843
ISTATP_PIL_PRO_CAPITE;provincia;torino;2020;29915.675
ISTATP_PIL_PRO_CAPITE;provincia;torino;2021;33530.283
ISTATP_PIL_PRO_CAPITE;provincia;torino;2022;35657.12
ISTATP_PIL_PRO_CAPITE;provincia;torino;2023;39017.598
ISTATP_PIL_PRO_CAPITE;provincia;trapani;2015;15712.99
ISTATP_PIL_PRO_CAPITE;provincia;trapani;2016;15965.393
ISTATP_PIL_PRO_CAPITE;provincia;trapani;2017;16181.811
ISTATP_PIL_PRO_CAPITE;provincia;trapani;2018;16549.973
ISTATP_PIL_PRO_CAPITE;provincia;trapani;2019;16734.25
ISTATP_PIL_PRO_CAPITE;provincia;trapani;2020;15813.147
ISTATP_PIL_PRO_CAPITE;provincia;trapani;2021;17335.129
ISTATP_PIL_PRO_CAPITE;provincia;trapani;2022;18791.877
ISTATP_PIL_PRO_CAPITE;provincia;trapani;2023;19987.923
ISTATP_PIL_PRO_CAPITE;provincia;trento;2015;35198.828
ISTATP_PIL_PRO_CAPITE;provincia;trento;2016;35706.862
ISTATP_PIL_PRO_CAPITE;provincia;trento;2017;36361.33
ISTATP_PIL_PRO_CAPITE;provincia;trento;2018;37673.46
ISTATP_PIL_PRO_CAPITE;provincia;trento;2019;38605.414
ISTATP_PIL_PRO_CAPITE;provincia;trento;2020;36341.743
ISTATP_PIL_PRO_CAPITE;provincia;trento;2021;39475.126
ISTATP_PIL_PRO_CAPITE;provincia;trento;2022;43819.188
ISTATP_PIL_PRO_CAPITE;provincia;trento;2023;46809.41
ISTATP_PIL_PRO_CAPITE;provincia;treviso;2015;30790.551
ISTATP_PIL_PRO_CAPITE;provincia;treviso;2016;32195.773
ISTATP_PIL_PRO_CAPITE;provincia;treviso;2017;32856.43
ISTATP_PIL_PRO_CAPITE;provincia;treviso;2018;34011.938
ISTATP_PIL_PRO_CAPITE;provincia;treviso;2019;34376.064
ISTATP_PIL_PRO_CAPITE;provincia;treviso;2020;32227.225
ISTATP_PIL_PRO_CAPITE;provincia;treviso;2021;35861.185
ISTATP_PIL_PRO_CAPITE;provincia;treviso;2022;38188.752
ISTATP_PIL_PRO_CAPITE;provincia;treviso;2023;40762.143
ISTATP_PIL_PRO_CAPITE;provincia;trieste;2015;32106.491
ISTATP_PIL_PRO_CAPITE;provincia;trieste;2016;32507.802
ISTATP_PIL_PRO_CAPITE;provincia;trieste;2017;34082.439
ISTATP_PIL_PRO_CAPITE;provincia;trieste;2018;34880.467
ISTATP_PIL_PRO_CAPITE;provincia;trieste;2019;35391.378
ISTATP_PIL_PRO_CAPITE;provincia;trieste;2020;33293.592
ISTATP_PIL_PRO_CAPITE;provincia;trieste;2021;38498.099
ISTATP_PIL_PRO_CAPITE;provincia;trieste;2022;39021.853
ISTATP_PIL_PRO_CAPITE;provincia;trieste;2023;41373.578
ISTATP_PIL_PRO_CAPITE;provincia;udine;2015;29078.374
ISTATP_PIL_PRO_CAPITE;provincia;udine;2016;29399.452
ISTATP_PIL_PRO_CAPITE;provincia;udine;2017;29912.506
ISTATP_PIL_PRO_CAPITE;provincia;udine;2018;30870.227
ISTATP_PIL_PRO_CAPITE;provincia;udine;2019;31882.817
ISTATP_PIL_PRO_CAPITE;provincia;udine;2020;29766.241
ISTATP_PIL_PRO_CAPITE;provincia;udine;2021;33142.984
ISTATP_PIL_PRO_CAPITE;provincia;udine;2022;35799.537
ISTATP_PIL_PRO_CAPITE;provincia;udine;2023;37720.418
ISTATP_PIL_PRO_CAPITE;provincia;varese;2015;29758.92
ISTATP_PIL_PRO_CAPITE;provincia;varese;2016;29542.339
ISTATP_PIL_PRO_CAPITE;provincia;varese;2017;29895.867
ISTATP_PIL_PRO_CAPITE;provincia;varese;2018;30672.794
ISTATP_PIL_PRO_CAPITE;provincia;varese;2019;30995.936
ISTATP_PIL_PRO_CAPITE;provincia;varese;2020;28359.233
ISTATP_PIL_PRO_CAPITE;provincia;varese;2021;31105.018
ISTATP_PIL_PRO_CAPITE;provincia;varese;2022;34207.352
ISTATP_PIL_PRO_CAPITE;provincia;varese;2023;36000
ISTATP_PIL_PRO_CAPITE;provincia;venezia;2015;29890.54
ISTATP_PIL_PRO_CAPITE;provincia;venezia;2016;30731.249
ISTATP_PIL_PRO_CAPITE;provincia;venezia;2017;31412.349
ISTATP_PIL_PRO_CAPITE;provincia;venezia;2018;31967.068
ISTATP_PIL_PRO_CAPITE;provincia;venezia;2019;32937.912
ISTATP_PIL_PRO_CAPITE;provincia;venezia;2020;28109.016
ISTATP_PIL_PRO_CAPITE;provincia;venezia;2021;31795.944
ISTATP_PIL_PRO_CAPITE;provincia;venezia;2022;35722.143
ISTATP_PIL_PRO_CAPITE;provincia;venezia;2023;38751.944
ISTATP_PIL_PRO_CAPITE;provincia;verbano-cusio-ossola;2015;23263.259
ISTATP_PIL_PRO_CAPITE;provincia;verbano-cusio-ossola;2016;23693.541
ISTATP_PIL_PRO_CAPITE;provincia;verbano-cusio-ossola;2017;24641.693
ISTATP_PIL_PRO_CAPITE;provincia;verbano-cusio-ossola;2018;24683.343
ISTATP_PIL_PRO_CAPITE;provincia;verbano-cusio-ossola;2019;25388.293
ISTATP_PIL_PRO_CAPITE;provincia;verbano-cusio-ossola;2020;22707.914
ISTATP_PIL_PRO_CAPITE;provincia;verbano-cusio-ossola;2021;25358.851
ISTATP_PIL_PRO_CAPITE;provincia;verbano-cusio-ossola;2022;27659.961
ISTATP_PIL_PRO_CAPITE;provincia;verbano-cusio-ossola;2023;29018.843
ISTATP_PIL_PRO_CAPITE;provincia;vercelli;2015;26412.02
ISTATP_PIL_PRO_CAPITE;provincia;vercelli;2016;26695.287
ISTATP_PIL_PRO_CAPITE;provincia;vercelli;2017;27557.692
ISTATP_PIL_PRO_CAPITE;provincia;vercelli;2018;27996.798
ISTATP_PIL_PRO_CAPITE;provincia;vercelli;2019;28223.615
ISTATP_PIL_PRO_CAPITE;provincia;vercelli;2020;27820.203
ISTATP_PIL_PRO_CAPITE;provincia;vercelli;2021;30409.673
ISTATP_PIL_PRO_CAPITE;provincia;vercelli;2022;32499.398
ISTATP_PIL_PRO_CAPITE;provincia;vercelli;2023;33986.731
ISTATP_PIL_PRO_CAPITE;provincia;verona;2015;32058.801
ISTATP_PIL_PRO_CAPITE;provincia;verona;2016;33325.195
ISTATP_PIL_PRO_CAPITE;provincia;verona;2017;34396.542
ISTATP_PIL_PRO_CAPITE;provincia;verona;2018;34684.965
ISTATP_PIL_PRO_CAPITE;provincia;verona;2019;35020.276
ISTATP_PIL_PRO_CAPITE;provincia;verona;2020;32495.67
ISTATP_PIL_PRO_CAPITE;provincia;verona;2021;35577.434
ISTATP_PIL_PRO_CAPITE;provincia;verona;2022;38877.595
ISTATP_PIL_PRO_CAPITE;provincia;verona;2023;41544.856
ISTATP_PIL_PRO_CAPITE;provincia;vibo-valentia;2015;15597.212
ISTATP_PIL_PRO_CAPITE;provincia;vibo-valentia;2016;15872.23
ISTATP_PIL_PRO_CAPITE;provincia;vibo-valentia;2017;16103.628
ISTATP_PIL_PRO_CAPITE;provincia;vibo-valentia;2018;16402.511
ISTATP_PIL_PRO_CAPITE;provincia;vibo-valentia;2019;16843.792
ISTATP_PIL_PRO_CAPITE;provincia;vibo-valentia;2020;15773.983
ISTATP_PIL_PRO_CAPITE;provincia;vibo-valentia;2021;17244.854
ISTATP_PIL_PRO_CAPITE;provincia;vibo-valentia;2022;18430.179
ISTATP_PIL_PRO_CAPITE;provincia;vibo-valentia;2023;20059.761
ISTATP_PIL_PRO_CAPITE;provincia;vicenza;2015;32196.684
ISTATP_PIL_PRO_CAPITE;provincia;vicenza;2016;33081.912
ISTATP_PIL_PRO_CAPITE;provincia;vicenza;2017;34267.584
ISTATP_PIL_PRO_CAPITE;provincia;vicenza;2018;35018.485
ISTATP_PIL_PRO_CAPITE;provincia;vicenza;2019;35622.828
ISTATP_PIL_PRO_CAPITE;provincia;vicenza;2020;33501.979
ISTATP_PIL_PRO_CAPITE;provincia;vicenza;2021;37212.019
ISTATP_PIL_PRO_CAPITE;provincia;vicenza;2022;40075.073
ISTATP_PIL_PRO_CAPITE;provincia;vicenza;2023;42632.443
ISTATP_PIL_PRO_CAPITE;provincia;viterbo;2015;20849.995
ISTATP_PIL_PRO_CAPITE;provincia;viterbo;2016;21011.05
ISTATP_PIL_PRO_CAPITE;provincia;viterbo;2017;21542.909
ISTATP_PIL_PRO_CAPITE;provincia;viterbo;2018;21662.414
ISTATP_PIL_PRO_CAPITE;provincia;viterbo;2019;21751.151
ISTATP_PIL_PRO_CAPITE;provincia;viterbo;2020;20679.241
ISTATP_PIL_PRO_CAPITE;provincia;viterbo;2021;22622.367
ISTATP_PIL_PRO_CAPITE;provincia;viterbo;2022;24329.442
ISTATP_PIL_PRO_CAPITE;provincia;viterbo;2023;26239.039
