indicator_id;level;territory_key;year;value
AVQ_PRONTO_SOCCORSO;regione;abruzzo;2001;68.4
AVQ_PRONTO_SOCCORSO;regione;basilicata;2001;42.5
AVQ_PRONTO_SOCCORSO;regione;calabria;2001;60.9
AVQ_PRONTO_SOCCORSO;regione;campania;2001;48.6
AVQ_PRONTO_SOCCORSO;regione;emilia-romagna;2001;68.6
AVQ_PRONTO_SOCCORSO;regione;friuli-venezia-giulia;2001;78.2
AVQ_PRONTO_SOCCORSO;regione;lazio;2001;66.3
AVQ_PRONTO_SOCCORSO;regione;liguria;2001;58.4
AVQ_PRONTO_SOCCORSO;regione;lombardia;2001;63.4
AVQ_PRONTO_SOCCORSO;regione;marche;2001;64.5
AVQ_PRONTO_SOCCORSO;regione;molise;2001;54.7
AVQ_PRONTO_SOCCORSO;regione;piemonte;2001;62.4
AVQ_PRONTO_SOCCORSO;regione;puglia;2001;46.0
AVQ_PRONTO_SOCCORSO;regione;sardegna;2001;60.0
AVQ_PRONTO_SOCCORSO;regione;sicilia;2001;48.8
AVQ_PRONTO_SOCCORSO;regione;toscana;2001;66.4
AVQ_PRONTO_SOCCORSO;regione;trentino-alto-adige;2001;81.949273
AVQ_PRONTO_SOCCORSO;regione;umbria;2001;60.5
AVQ_PRONTO_SOCCORSO;regione;valle-d-aosta;2001;54.2
AVQ_PRONTO_SOCCORSO;regione;veneto;2001;77.6
AVQ_PRONTO_SOCCORSO;regione;abruzzo;2002;54.9
AVQ_PRONTO_SOCCORSO;regione;basilicata;2002;49.0
AVQ_PRONTO_SOCCORSO;regione;calabria;2002;56.3
AVQ_PRONTO_SOCCORSO;regione;campania;2002;41.6
AVQ_PRONTO_SOCCORSO;regione;emilia-romagna;2002;82.4
AVQ_PRONTO_SOCCORSO;regione;friuli-venezia-giulia;2002;71.1
AVQ_PRONTO_SOCCORSO;regione;lazio;2002;54.5
AVQ_PRONTO_SOCCORSO;regione;liguria;2002;73.1
AVQ_PRONTO_SOCCORSO;regione;lombardia;2002;74.9
AVQ_PRONTO_SOCCORSO;regione;marche;2002;70.0
AVQ_PRONTO_SOCCORSO;regione;molise;2002;56.9
AVQ_PRONTO_SOCCORSO;regione;piemonte;2002;77.6
AVQ_PRONTO_SOCCORSO;regione;puglia;2002;54.2
AVQ_PRONTO_SOCCORSO;regione;sardegna;2002;55.9
AVQ_PRONTO_SOCCORSO;regione;sicilia;2002;56.2
AVQ_PRONTO_SOCCORSO;regione;toscana;2002;72.7
AVQ_PRONTO_SOCCORSO;regione;trentino-alto-adige;2002;80.05269
AVQ_PRONTO_SOCCORSO;regione;umbria;2002;75.4
AVQ_PRONTO_SOCCORSO;regione;valle-d-aosta;2002;63.2
AVQ_PRONTO_SOCCORSO;regione;veneto;2002;78.4
AVQ_PRONTO_SOCCORSO;regione;abruzzo;2003;57.0
AVQ_PRONTO_SOCCORSO;regione;basilicata;2003;51.8
AVQ_PRONTO_SOCCORSO;regione;calabria;2003;59.1
AVQ_PRONTO_SOCCORSO;regione;campania;2003;38.4
AVQ_PRONTO_SOCCORSO;regione;emilia-romagna;2003;101.0
AVQ_PRONTO_SOCCORSO;regione;friuli-venezia-giulia;2003;65.6
AVQ_PRONTO_SOCCORSO;regione;lazio;2003;63.9
AVQ_PRONTO_SOCCORSO;regione;liguria;2003;60.9
AVQ_PRONTO_SOCCORSO;regione;lombardia;2003;70.5
AVQ_PRONTO_SOCCORSO;regione;marche;2003;76.5
AVQ_PRONTO_SOCCORSO;regione;molise;2003;53.7
AVQ_PRONTO_SOCCORSO;regione;piemonte;2003;71.9
AVQ_PRONTO_SOCCORSO;regione;puglia;2003;43.1
AVQ_PRONTO_SOCCORSO;regione;sardegna;2003;75.1
AVQ_PRONTO_SOCCORSO;regione;sicilia;2003;60.9
AVQ_PRONTO_SOCCORSO;regione;toscana;2003;66.3
AVQ_PRONTO_SOCCORSO;regione;trentino-alto-adige;2003;64.886934
AVQ_PRONTO_SOCCORSO;regione;umbria;2003;85.1
AVQ_PRONTO_SOCCORSO;regione;valle-d-aosta;2003;64.1
AVQ_PRONTO_SOCCORSO;regione;veneto;2003;81.2
AVQ_PRONTO_SOCCORSO;regione;abruzzo;2005;65.0
AVQ_PRONTO_SOCCORSO;regione;basilicata;2005;58.1
AVQ_PRONTO_SOCCORSO;regione;calabria;2005;75.7
AVQ_PRONTO_SOCCORSO;regione;campania;2005;44.5
AVQ_PRONTO_SOCCORSO;regione;emilia-romagna;2005;80.6
AVQ_PRONTO_SOCCORSO;regione;friuli-venezia-giulia;2005;77.1
AVQ_PRONTO_SOCCORSO;regione;lazio;2005;75.7
AVQ_PRONTO_SOCCORSO;regione;liguria;2005;45.7
AVQ_PRONTO_SOCCORSO;regione;lombardia;2005;75.5
AVQ_PRONTO_SOCCORSO;regione;marche;2005;71.9
AVQ_PRONTO_SOCCORSO;regione;molise;2005;48.9
AVQ_PRONTO_SOCCORSO;regione;piemonte;2005;69.0
AVQ_PRONTO_SOCCORSO;regione;puglia;2005;48.2
AVQ_PRONTO_SOCCORSO;regione;sardegna;2005;59.0
AVQ_PRONTO_SOCCORSO;regione;sicilia;2005;57.7
AVQ_PRONTO_SOCCORSO;regione;toscana;2005;67.6
AVQ_PRONTO_SOCCORSO;regione;trentino-alto-adige;2005;64.838855
AVQ_PRONTO_SOCCORSO;regione;umbria;2005;67.0
AVQ_PRONTO_SOCCORSO;regione;valle-d-aosta;2005;50.2
AVQ_PRONTO_SOCCORSO;regione;veneto;2005;74.1
AVQ_PRONTO_SOCCORSO;regione;abruzzo;2006;58.1
AVQ_PRONTO_SOCCORSO;regione;basilicata;2006;51.4
AVQ_PRONTO_SOCCORSO;regione;calabria;2006;50.7
AVQ_PRONTO_SOCCORSO;regione;campania;2006;48.5
AVQ_PRONTO_SOCCORSO;regione;emilia-romagna;2006;99.4
AVQ_PRONTO_SOCCORSO;regione;friuli-venezia-giulia;2006;66.5
AVQ_PRONTO_SOCCORSO;regione;lazio;2006;70.5
AVQ_PRONTO_SOCCORSO;regione;liguria;2006;59.3
AVQ_PRONTO_SOCCORSO;regione;lombardia;2006;74.4
AVQ_PRONTO_SOCCORSO;regione;marche;2006;68.7
AVQ_PRONTO_SOCCORSO;regione;molise;2006;71.2
AVQ_PRONTO_SOCCORSO;regione;piemonte;2006;66.3
AVQ_PRONTO_SOCCORSO;regione;puglia;2006;48.7
AVQ_PRONTO_SOCCORSO;regione;sardegna;2006;52.9
AVQ_PRONTO_SOCCORSO;regione;sicilia;2006;60.6
AVQ_PRONTO_SOCCORSO;regione;toscana;2006;74.5
AVQ_PRONTO_SOCCORSO;regione;trentino-alto-adige;2006;88.039624
AVQ_PRONTO_SOCCORSO;regione;umbria;2006;72.2
AVQ_PRONTO_SOCCORSO;regione;valle-d-aosta;2006;65.6
AVQ_PRONTO_SOCCORSO;regione;veneto;2006;81.1
AVQ_PRONTO_SOCCORSO;regione;abruzzo;2007;64.5
AVQ_PRONTO_SOCCORSO;regione;basilicata;2007;49.5
AVQ_PRONTO_SOCCORSO;regione;calabria;2007;59.2
AVQ_PRONTO_SOCCORSO;regione;campania;2007;44.2
AVQ_PRONTO_SOCCORSO;regione;emilia-romagna;2007;80.6
AVQ_PRONTO_SOCCORSO;regione;friuli-venezia-giulia;2007;86.9
AVQ_PRONTO_SOCCORSO;regione;lazio;2007;52.8
AVQ_PRONTO_SOCCORSO;regione;liguria;2007;69.7
AVQ_PRONTO_SOCCORSO;regione;lombardia;2007;78.1
AVQ_PRONTO_SOCCORSO;regione;marche;2007;72.5
AVQ_PRONTO_SOCCORSO;regione;molise;2007;62.8
AVQ_PRONTO_SOCCORSO;regione;piemonte;2007;69.3
AVQ_PRONTO_SOCCORSO;regione;puglia;2007;51.1
AVQ_PRONTO_SOCCORSO;regione;sardegna;2007;67.6
AVQ_PRONTO_SOCCORSO;regione;sicilia;2007;60.4
AVQ_PRONTO_SOCCORSO;regione;toscana;2007;68.2
AVQ_PRONTO_SOCCORSO;regione;trentino-alto-adige;2007;88.348504
AVQ_PRONTO_SOCCORSO;regione;umbria;2007;78.2
AVQ_PRONTO_SOCCORSO;regione;valle-d-aosta;2007;70.7
AVQ_PRONTO_SOCCORSO;regione;veneto;2007;90.8
AVQ_PRONTO_SOCCORSO;regione;abruzzo;2008;67.2
AVQ_PRONTO_SOCCORSO;regione;basilicata;2008;51.9
AVQ_PRONTO_SOCCORSO;regione;calabria;2008;57.4
AVQ_PRONTO_SOCCORSO;regione;campania;2008;56.0
AVQ_PRONTO_SOCCORSO;regione;emilia-romagna;2008;97.3
AVQ_PRONTO_SOCCORSO;regione;friuli-venezia-giulia;2008;71.8
AVQ_PRONTO_SOCCORSO;regione;lazio;2008;69.2
AVQ_PRONTO_SOCCORSO;regione;liguria;2008;68.6
AVQ_PRONTO_SOCCORSO;regione;lombardia;2008;90.4
AVQ_PRONTO_SOCCORSO;regione;marche;2008;66.9
AVQ_PRONTO_SOCCORSO;regione;molise;2008;55.5
AVQ_PRONTO_SOCCORSO;regione;piemonte;2008;86.6
AVQ_PRONTO_SOCCORSO;regione;puglia;2008;58.3
AVQ_PRONTO_SOCCORSO;regione;sardegna;2008;65.3
AVQ_PRONTO_SOCCORSO;regione;sicilia;2008;52.4
AVQ_PRONTO_SOCCORSO;regione;toscana;2008;79.1
AVQ_PRONTO_SOCCORSO;regione;trentino-alto-adige;2008;93.186165
AVQ_PRONTO_SOCCORSO;regione;umbria;2008;89.1
AVQ_PRONTO_SOCCORSO;regione;valle-d-aosta;2008;84.3
AVQ_PRONTO_SOCCORSO;regione;veneto;2008;80.7
AVQ_PRONTO_SOCCORSO;regione;abruzzo;2009;70.7
AVQ_PRONTO_SOCCORSO;regione;basilicata;2009;64.1
AVQ_PRONTO_SOCCORSO;regione;calabria;2009;75.1
AVQ_PRONTO_SOCCORSO;regione;campania;2009;42.6
AVQ_PRONTO_SOCCORSO;regione;emilia-romagna;2009;94.2
AVQ_PRONTO_SOCCORSO;regione;friuli-venezia-giulia;2009;75.3
AVQ_PRONTO_SOCCORSO;regione;lazio;2009;74.6
AVQ_PRONTO_SOCCORSO;regione;liguria;2009;61.8
AVQ_PRONTO_SOCCORSO;regione;lombardia;2009;80.2
AVQ_PRONTO_SOCCORSO;regione;marche;2009;71.3
AVQ_PRONTO_SOCCORSO;regione;molise;2009;50.3
AVQ_PRONTO_SOCCORSO;regione;piemonte;2009;74.6
AVQ_PRONTO_SOCCORSO;regione;puglia;2009;52.8
AVQ_PRONTO_SOCCORSO;regione;sardegna;2009;65.2
AVQ_PRONTO_SOCCORSO;regione;sicilia;2009;64.6
AVQ_PRONTO_SOCCORSO;regione;toscana;2009;71.2
AVQ_PRONTO_SOCCORSO;regione;trentino-alto-adige;2009;92.385313
AVQ_PRONTO_SOCCORSO;regione;umbria;2009;85.7
AVQ_PRONTO_SOCCORSO;regione;valle-d-aosta;2009;60.4
AVQ_PRONTO_SOCCORSO;regione;veneto;2009;79.3
AVQ_PRONTO_SOCCORSO;regione;abruzzo;2010;59.2
AVQ_PRONTO_SOCCORSO;regione;basilicata;2010;56.7
AVQ_PRONTO_SOCCORSO;regione;calabria;2010;56.1
AVQ_PRONTO_SOCCORSO;regione;campania;2010;39.6
AVQ_PRONTO_SOCCORSO;regione;emilia-romagna;2010;70.9
AVQ_PRONTO_SOCCORSO;regione;friuli-venezia-giulia;2010;67.3
AVQ_PRONTO_SOCCORSO;regione;lazio;2010;58.3
AVQ_PRONTO_SOCCORSO;regione;liguria;2010;66.0
AVQ_PRONTO_SOCCORSO;regione;lombardia;2010;68.6
AVQ_PRONTO_SOCCORSO;regione;marche;2010;63.5
AVQ_PRONTO_SOCCORSO;regione;molise;2010;47.8
AVQ_PRONTO_SOCCORSO;regione;piemonte;2010;64.3
AVQ_PRONTO_SOCCORSO;regione;puglia;2010;44.9
AVQ_PRONTO_SOCCORSO;regione;sardegna;2010;42.8
AVQ_PRONTO_SOCCORSO;regione;sicilia;2010;51.4
AVQ_PRONTO_SOCCORSO;regione;toscana;2010;61.0
AVQ_PRONTO_SOCCORSO;regione;trentino-alto-adige;2010;78.132707
AVQ_PRONTO_SOCCORSO;regione;umbria;2010;68.9
AVQ_PRONTO_SOCCORSO;regione;valle-d-aosta;2010;54.1
AVQ_PRONTO_SOCCORSO;regione;veneto;2010;71.3
AVQ_PRONTO_SOCCORSO;regione;abruzzo;2011;49.7
AVQ_PRONTO_SOCCORSO;regione;basilicata;2011;54.3
AVQ_PRONTO_SOCCORSO;regione;calabria;2011;55.9
AVQ_PRONTO_SOCCORSO;regione;campania;2011;31.5
AVQ_PRONTO_SOCCORSO;regione;emilia-romagna;2011;64.5
AVQ_PRONTO_SOCCORSO;regione;friuli-venezia-giulia;2011;63.2
AVQ_PRONTO_SOCCORSO;regione;lazio;2011;49.1
AVQ_PRONTO_SOCCORSO;regione;liguria;2011;58.0
AVQ_PRONTO_SOCCORSO;regione;lombardia;2011;63.6
AVQ_PRONTO_SOCCORSO;regione;marche;2011;65.0
AVQ_PRONTO_SOCCORSO;regione;molise;2011;47.6
AVQ_PRONTO_SOCCORSO;regione;piemonte;2011;69.0
AVQ_PRONTO_SOCCORSO;regione;puglia;2011;41.0
AVQ_PRONTO_SOCCORSO;regione;sardegna;2011;64.0
AVQ_PRONTO_SOCCORSO;regione;sicilia;2011;51.2
AVQ_PRONTO_SOCCORSO;regione;toscana;2011;61.9
AVQ_PRONTO_SOCCORSO;regione;trentino-alto-adige;2011;80.456107
AVQ_PRONTO_SOCCORSO;regione;umbria;2011;78.2
AVQ_PRONTO_SOCCORSO;regione;valle-d-aosta;2011;69.4
AVQ_PRONTO_SOCCORSO;regione;veneto;2011;74.5
AVQ_PRONTO_SOCCORSO;regione;abruzzo;2012;46.5
AVQ_PRONTO_SOCCORSO;regione;basilicata;2012;66.2
AVQ_PRONTO_SOCCORSO;regione;calabria;2012;56.3
AVQ_PRONTO_SOCCORSO;regione;campania;2012;39.0
AVQ_PRONTO_SOCCORSO;regione;emilia-romagna;2012;69.1
AVQ_PRONTO_SOCCORSO;regione;friuli-venezia-giulia;2012;67.2
AVQ_PRONTO_SOCCORSO;regione;lazio;2012;41.3
AVQ_PRONTO_SOCCORSO;regione;liguria;2012;56.4
AVQ_PRONTO_SOCCORSO;regione;lombardia;2012;68.8
AVQ_PRONTO_SOCCORSO;regione;marche;2012;57.1
AVQ_PRONTO_SOCCORSO;regione;molise;2012;47.5
AVQ_PRONTO_SOCCORSO;regione;piemonte;2012;70.1
AVQ_PRONTO_SOCCORSO;regione;puglia;2012;43.2
AVQ_PRONTO_SOCCORSO;regione;sardegna;2012;48.8
AVQ_PRONTO_SOCCORSO;regione;sicilia;2012;44.9
AVQ_PRONTO_SOCCORSO;regione;toscana;2012;69.3
AVQ_PRONTO_SOCCORSO;regione;trentino-alto-adige;2012;77.169599
AVQ_PRONTO_SOCCORSO;regione;umbria;2012;80.7
AVQ_PRONTO_SOCCORSO;regione;valle-d-aosta;2012;76.7
AVQ_PRONTO_SOCCORSO;regione;veneto;2012;71.7
AVQ_PRONTO_SOCCORSO;regione;abruzzo;2013;65.0
AVQ_PRONTO_SOCCORSO;regione;basilicata;2013;63.9
AVQ_PRONTO_SOCCORSO;regione;calabria;2013;51.8
AVQ_PRONTO_SOCCORSO;regione;campania;2013;43.1
AVQ_PRONTO_SOCCORSO;regione;emilia-romagna;2013;83.4
AVQ_PRONTO_SOCCORSO;regione;friuli-venezia-giulia;2013;75.1
AVQ_PRONTO_SOCCORSO;regione;lazio;2013;59.4
AVQ_PRONTO_SOCCORSO;regione;liguria;2013;68.2
AVQ_PRONTO_SOCCORSO;regione;lombardia;2013;77.6
AVQ_PRONTO_SOCCORSO;regione;marche;2013;67.2
AVQ_PRONTO_SOCCORSO;regione;molise;2013;53.6
AVQ_PRONTO_SOCCORSO;regione;piemonte;2013;68.1
AVQ_PRONTO_SOCCORSO;regione;puglia;2013;53.6
AVQ_PRONTO_SOCCORSO;regione;sardegna;2013;63.9
AVQ_PRONTO_SOCCORSO;regione;sicilia;2013;52.3
AVQ_PRONTO_SOCCORSO;regione;toscana;2013;74.7
AVQ_PRONTO_SOCCORSO;regione;trentino-alto-adige;2013;78.86345
AVQ_PRONTO_SOCCORSO;regione;umbria;2013;72.9
AVQ_PRONTO_SOCCORSO;regione;valle-d-aosta;2013;94.9
AVQ_PRONTO_SOCCORSO;regione;veneto;2013;72.2
AVQ_PRONTO_SOCCORSO;regione;abruzzo;2014;71.8
AVQ_PRONTO_SOCCORSO;regione;basilicata;2014;44.9
AVQ_PRONTO_SOCCORSO;regione;calabria;2014;72.1
AVQ_PRONTO_SOCCORSO;regione;campania;2014;43.7
AVQ_PRONTO_SOCCORSO;regione;emilia-romagna;2014;84.5
AVQ_PRONTO_SOCCORSO;regione;friuli-venezia-giulia;2014;85.0
AVQ_PRONTO_SOCCORSO;regione;lazio;2014;69.1
AVQ_PRONTO_SOCCORSO;regione;liguria;2014;78.2
AVQ_PRONTO_SOCCORSO;regione;lombardia;2014;82.7
AVQ_PRONTO_SOCCORSO;regione;marche;2014;72.3
AVQ_PRONTO_SOCCORSO;regione;molise;2014;67.8
AVQ_PRONTO_SOCCORSO;regione;piemonte;2014;75.5
AVQ_PRONTO_SOCCORSO;regione;puglia;2014;54.1
AVQ_PRONTO_SOCCORSO;regione;sardegna;2014;62.6
AVQ_PRONTO_SOCCORSO;regione;sicilia;2014;66.3
AVQ_PRONTO_SOCCORSO;regione;toscana;2014;74.6
AVQ_PRONTO_SOCCORSO;regione;trentino-alto-adige;2014;84.430827
AVQ_PRONTO_SOCCORSO;regione;umbria;2014;81.7
AVQ_PRONTO_SOCCORSO;regione;valle-d-aosta;2014;85.0
AVQ_PRONTO_SOCCORSO;regione;veneto;2014;67.9
AVQ_PRONTO_SOCCORSO;regione;abruzzo;2015;83.4
AVQ_PRONTO_SOCCORSO;regione;basilicata;2015;59.3
AVQ_PRONTO_SOCCORSO;regione;calabria;2015;53.2
AVQ_PRONTO_SOCCORSO;regione;campania;2015;39.1
AVQ_PRONTO_SOCCORSO;regione;emilia-romagna;2015;95.9
AVQ_PRONTO_SOCCORSO;regione;friuli-venezia-giulia;2015;67.8
AVQ_PRONTO_SOCCORSO;regione;lazio;2015;60.9
AVQ_PRONTO_SOCCORSO;regione;liguria;2015;73.5
AVQ_PRONTO_SOCCORSO;regione;lombardia;2015;76.1
AVQ_PRONTO_SOCCORSO;regione;marche;2015;68.3
AVQ_PRONTO_SOCCORSO;regione;molise;2015;57.4
AVQ_PRONTO_SOCCORSO;regione;piemonte;2015;76.7
AVQ_PRONTO_SOCCORSO;regione;puglia;2015;63.2
AVQ_PRONTO_SOCCORSO;regione;sardegna;2015;47.3
AVQ_PRONTO_SOCCORSO;regione;sicilia;2015;59.6
AVQ_PRONTO_SOCCORSO;regione;toscana;2015;82.2
AVQ_PRONTO_SOCCORSO;regione;trentino-alto-adige;2015;81.248504
AVQ_PRONTO_SOCCORSO;regione;umbria;2015;75.0
AVQ_PRONTO_SOCCORSO;regione;valle-d-aosta;2015;83.0
AVQ_PRONTO_SOCCORSO;regione;veneto;2015;82.3
AVQ_PRONTO_SOCCORSO;regione;abruzzo;2016;65.5
AVQ_PRONTO_SOCCORSO;regione;basilicata;2016;65.2
AVQ_PRONTO_SOCCORSO;regione;calabria;2016;50.3
AVQ_PRONTO_SOCCORSO;regione;campania;2016;33.6
AVQ_PRONTO_SOCCORSO;regione;emilia-romagna;2016;75.8
AVQ_PRONTO_SOCCORSO;regione;friuli-venezia-giulia;2016;60.2
AVQ_PRONTO_SOCCORSO;regione;lazio;2016;62.0
AVQ_PRONTO_SOCCORSO;regione;liguria;2016;80.9
AVQ_PRONTO_SOCCORSO;regione;lombardia;2016;87.8
AVQ_PRONTO_SOCCORSO;regione;marche;2016;75.2
AVQ_PRONTO_SOCCORSO;regione;molise;2016;51.1
AVQ_PRONTO_SOCCORSO;regione;piemonte;2016;73.5
AVQ_PRONTO_SOCCORSO;regione;puglia;2016;48.2
AVQ_PRONTO_SOCCORSO;regione;sardegna;2016;66.9
AVQ_PRONTO_SOCCORSO;regione;sicilia;2016;51.3
AVQ_PRONTO_SOCCORSO;regione;toscana;2016;68.5
AVQ_PRONTO_SOCCORSO;regione;trentino-alto-adige;2016;77.423141
AVQ_PRONTO_SOCCORSO;regione;umbria;2016;77.8
AVQ_PRONTO_SOCCORSO;regione;valle-d-aosta;2016;95.3
AVQ_PRONTO_SOCCORSO;regione;veneto;2016;75.8
AVQ_PRONTO_SOCCORSO;regione;abruzzo;2017;54.8
AVQ_PRONTO_SOCCORSO;regione;basilicata;2017;65.4
AVQ_PRONTO_SOCCORSO;regione;calabria;2017;59.8
AVQ_PRONTO_SOCCORSO;regione;campania;2017;38.7
AVQ_PRONTO_SOCCORSO;regione;emilia-romagna;2017;96.5
AVQ_PRONTO_SOCCORSO;regione;friuli-venezia-giulia;2017;81.3
AVQ_PRONTO_SOCCORSO;regione;lazio;2017;62.4
AVQ_PRONTO_SOCCORSO;regione;liguria;2017;88.1
AVQ_PRONTO_SOCCORSO;regione;lombardia;2017;89.0
AVQ_PRONTO_SOCCORSO;regione;marche;2017;85.0
AVQ_PRONTO_SOCCORSO;regione;molise;2017;68.3
AVQ_PRONTO_SOCCORSO;regione;piemonte;2017;73.2
AVQ_PRONTO_SOCCORSO;regione;puglia;2017;62.8
AVQ_PRONTO_SOCCORSO;regione;sardegna;2017;73.7
AVQ_PRONTO_SOCCORSO;regione;sicilia;2017;55.0
AVQ_PRONTO_SOCCORSO;regione;toscana;2017;101.1
AVQ_PRONTO_SOCCORSO;regione;trentino-alto-adige;2017;91.811186
AVQ_PRONTO_SOCCORSO;regione;umbria;2017;94.0
AVQ_PRONTO_SOCCORSO;regione;valle-d-aosta;2017;101.6
AVQ_PRONTO_SOCCORSO;regione;veneto;2017;80.5
AVQ_PRONTO_SOCCORSO;regione;abruzzo;2018;95.3
AVQ_PRONTO_SOCCORSO;regione;basilicata;2018;81.8
AVQ_PRONTO_SOCCORSO;regione;calabria;2018;62.2
AVQ_PRONTO_SOCCORSO;regione;campania;2018;40.1
AVQ_PRONTO_SOCCORSO;regione;emilia-romagna;2018;84.0
AVQ_PRONTO_SOCCORSO;regione;friuli-venezia-giulia;2018;86.5
AVQ_PRONTO_SOCCORSO;regione;lazio;2018;76.0
AVQ_PRONTO_SOCCORSO;regione;liguria;2018;74.9
AVQ_PRONTO_SOCCORSO;regione;lombardia;2018;92.1
AVQ_PRONTO_SOCCORSO;regione;marche;2018;63.9
AVQ_PRONTO_SOCCORSO;regione;molise;2018;72.4
AVQ_PRONTO_SOCCORSO;regione;piemonte;2018;93.9
AVQ_PRONTO_SOCCORSO;regione;puglia;2018;59.6
AVQ_PRONTO_SOCCORSO;regione;sardegna;2018;69.2
AVQ_PRONTO_SOCCORSO;regione;sicilia;2018;55.7
AVQ_PRONTO_SOCCORSO;regione;toscana;2018;84.4
AVQ_PRONTO_SOCCORSO;regione;trentino-alto-adige;2018;89.504695
AVQ_PRONTO_SOCCORSO;regione;umbria;2018;89.1
AVQ_PRONTO_SOCCORSO;regione;valle-d-aosta;2018;107.5
AVQ_PRONTO_SOCCORSO;regione;veneto;2018;87.0
AVQ_PRONTO_SOCCORSO;regione;abruzzo;2019;79.9
AVQ_PRONTO_SOCCORSO;regione;basilicata;2019;61.1
AVQ_PRONTO_SOCCORSO;regione;calabria;2019;70.0
AVQ_PRONTO_SOCCORSO;regione;campania;2019;43.4
AVQ_PRONTO_SOCCORSO;regione;emilia-romagna;2019;93.2
AVQ_PRONTO_SOCCORSO;regione;friuli-venezia-giulia;2019;88.2
AVQ_PRONTO_SOCCORSO;regione;lazio;2019;61.7
AVQ_PRONTO_SOCCORSO;regione;liguria;2019;92.9
AVQ_PRONTO_SOCCORSO;regione;lombardia;2019;96.7
AVQ_PRONTO_SOCCORSO;regione;marche;2019;81.9
AVQ_PRONTO_SOCCORSO;regione;molise;2019;73.3
AVQ_PRONTO_SOCCORSO;regione;piemonte;2019;89.0
AVQ_PRONTO_SOCCORSO;regione;puglia;2019;65.2
AVQ_PRONTO_SOCCORSO;regione;sardegna;2019;74.1
AVQ_PRONTO_SOCCORSO;regione;sicilia;2019;66.9
AVQ_PRONTO_SOCCORSO;regione;toscana;2019;93.7
AVQ_PRONTO_SOCCORSO;regione;trentino-alto-adige;2019;92.667377
AVQ_PRONTO_SOCCORSO;regione;umbria;2019;80.2
AVQ_PRONTO_SOCCORSO;regione;valle-d-aosta;2019;90.0
AVQ_PRONTO_SOCCORSO;regione;veneto;2019;87.4
AVQ_PRONTO_SOCCORSO;regione;abruzzo;2020;64.9
AVQ_PRONTO_SOCCORSO;regione;basilicata;2020;41.1
AVQ_PRONTO_SOCCORSO;regione;calabria;2020;36.2
AVQ_PRONTO_SOCCORSO;regione;campania;2020;27.1
AVQ_PRONTO_SOCCORSO;regione;emilia-romagna;2020;61.3
AVQ_PRONTO_SOCCORSO;regione;friuli-venezia-giulia;2020;59.6
AVQ_PRONTO_SOCCORSO;regione;lazio;2020;41.8
AVQ_PRONTO_SOCCORSO;regione;liguria;2020;51.5
AVQ_PRONTO_SOCCORSO;regione;lombardia;2020;57.8
AVQ_PRONTO_SOCCORSO;regione;marche;2020;56.3
AVQ_PRONTO_SOCCORSO;regione;molise;2020;45.8
AVQ_PRONTO_SOCCORSO;regione;piemonte;2020;55.2
AVQ_PRONTO_SOCCORSO;regione;puglia;2020;41.8
AVQ_PRONTO_SOCCORSO;regione;sardegna;2020;46.5
AVQ_PRONTO_SOCCORSO;regione;sicilia;2020;37.4
AVQ_PRONTO_SOCCORSO;regione;toscana;2020;56.6
AVQ_PRONTO_SOCCORSO;regione;trentino-alto-adige;2020;79.790434
AVQ_PRONTO_SOCCORSO;regione;umbria;2020;64.5
AVQ_PRONTO_SOCCORSO;regione;valle-d-aosta;2020;58.8
AVQ_PRONTO_SOCCORSO;regione;veneto;2020;66.9
AVQ_PRONTO_SOCCORSO;regione;abruzzo;2021;34.9
AVQ_PRONTO_SOCCORSO;regione;basilicata;2021;33.6
AVQ_PRONTO_SOCCORSO;regione;calabria;2021;31.6
AVQ_PRONTO_SOCCORSO;regione;campania;2021;24.0
AVQ_PRONTO_SOCCORSO;regione;emilia-romagna;2021;50.8
AVQ_PRONTO_SOCCORSO;regione;friuli-venezia-giulia;2021;53.4
AVQ_PRONTO_SOCCORSO;regione;lazio;2021;39.9
AVQ_PRONTO_SOCCORSO;regione;liguria;2021;49.9
AVQ_PRONTO_SOCCORSO;regione;lombardia;2021;49.2
AVQ_PRONTO_SOCCORSO;regione;marche;2021;56.8
AVQ_PRONTO_SOCCORSO;regione;molise;2021;34.2
AVQ_PRONTO_SOCCORSO;regione;piemonte;2021;39.8
AVQ_PRONTO_SOCCORSO;regione;puglia;2021;35.8
AVQ_PRONTO_SOCCORSO;regione;sardegna;2021;35.3
AVQ_PRONTO_SOCCORSO;regione;sicilia;2021;29.8
AVQ_PRONTO_SOCCORSO;regione;toscana;2021;51.3
AVQ_PRONTO_SOCCORSO;regione;trentino-alto-adige;2021;62.767293
AVQ_PRONTO_SOCCORSO;regione;umbria;2021;47.3
AVQ_PRONTO_SOCCORSO;regione;valle-d-aosta;2021;47.4
AVQ_PRONTO_SOCCORSO;regione;veneto;2021;60.6
AVQ_PRONTO_SOCCORSO;regione;abruzzo;2022;54.4
AVQ_PRONTO_SOCCORSO;regione;basilicata;2022;42.9
AVQ_PRONTO_SOCCORSO;regione;calabria;2022;47.7
AVQ_PRONTO_SOCCORSO;regione;campania;2022;28.1
AVQ_PRONTO_SOCCORSO;regione;emilia-romagna;2022;62.5
AVQ_PRONTO_SOCCORSO;regione;friuli-venezia-giulia;2022;66.4
AVQ_PRONTO_SOCCORSO;regione;lazio;2022;43.6
AVQ_PRONTO_SOCCORSO;regione;liguria;2022;60.3
AVQ_PRONTO_SOCCORSO;regione;lombardia;2022;66.7
AVQ_PRONTO_SOCCORSO;regione;marche;2022;60.0
AVQ_PRONTO_SOCCORSO;regione;molise;2022;54.1
AVQ_PRONTO_SOCCORSO;regione;piemonte;2022;67.8
AVQ_PRONTO_SOCCORSO;regione;puglia;2022;44.2
AVQ_PRONTO_SOCCORSO;regione;sardegna;2022;39.7
AVQ_PRONTO_SOCCORSO;regione;sicilia;2022;35.9
AVQ_PRONTO_SOCCORSO;regione;toscana;2022;74.2
AVQ_PRONTO_SOCCORSO;regione;trentino-alto-adige;2022;76.339883
AVQ_PRONTO_SOCCORSO;regione;umbria;2022;62.5
AVQ_PRONTO_SOCCORSO;regione;valle-d-aosta;2022;74.3
AVQ_PRONTO_SOCCORSO;regione;veneto;2022;77.8
AVQ_PRONTO_SOCCORSO;regione;abruzzo;2023;55.6
AVQ_PRONTO_SOCCORSO;regione;basilicata;2023;52.8
AVQ_PRONTO_SOCCORSO;regione;calabria;2023;29.1
AVQ_PRONTO_SOCCORSO;regione;campania;2023;39.1
AVQ_PRONTO_SOCCORSO;regione;emilia-romagna;2023;86.8
AVQ_PRONTO_SOCCORSO;regione;friuli-venezia-giulia;2023;85.1
AVQ_PRONTO_SOCCORSO;regione;lazio;2023;46.1
AVQ_PRONTO_SOCCORSO;regione;liguria;2023;63.5
AVQ_PRONTO_SOCCORSO;regione;lombardia;2023;64.8
AVQ_PRONTO_SOCCORSO;regione;marche;2023;60.9
AVQ_PRONTO_SOCCORSO;regione;molise;2023;39.8
AVQ_PRONTO_SOCCORSO;regione;piemonte;2023;70.3
AVQ_PRONTO_SOCCORSO;regione;puglia;2023;40.6
AVQ_PRONTO_SOCCORSO;regione;sardegna;2023;50.8
AVQ_PRONTO_SOCCORSO;regione;sicilia;2023;41.1
AVQ_PRONTO_SOCCORSO;regione;toscana;2023;73.9
AVQ_PRONTO_SOCCORSO;regione;trentino-alto-adige;2023;83.692314
AVQ_PRONTO_SOCCORSO;regione;umbria;2023;66.1
AVQ_PRONTO_SOCCORSO;regione;valle-d-aosta;2023;63.2
AVQ_PRONTO_SOCCORSO;regione;veneto;2023;66.5
AVQ_PRONTO_SOCCORSO;regione;abruzzo;2024;87.7
AVQ_PRONTO_SOCCORSO;regione;basilicata;2024;65.9
AVQ_PRONTO_SOCCORSO;regione;calabria;2024;57.6
AVQ_PRONTO_SOCCORSO;regione;campania;2024;48.4
AVQ_PRONTO_SOCCORSO;regione;emilia-romagna;2024;86.7
AVQ_PRONTO_SOCCORSO;regione;friuli-venezia-giulia;2024;88.3
AVQ_PRONTO_SOCCORSO;regione;lazio;2024;60.6
AVQ_PRONTO_SOCCORSO;regione;liguria;2024;76.9
AVQ_PRONTO_SOCCORSO;regione;lombardia;2024;79.0
AVQ_PRONTO_SOCCORSO;regione;marche;2024;65.9
AVQ_PRONTO_SOCCORSO;regione;molise;2024;72.2
AVQ_PRONTO_SOCCORSO;regione;piemonte;2024;83.9
AVQ_PRONTO_SOCCORSO;regione;puglia;2024;61.7
AVQ_PRONTO_SOCCORSO;regione;sardegna;2024;65.0
AVQ_PRONTO_SOCCORSO;regione;sicilia;2024;57.8
AVQ_PRONTO_SOCCORSO;regione;toscana;2024;77.0
AVQ_PRONTO_SOCCORSO;regione;trentino-alto-adige;2024;74.788129
AVQ_PRONTO_SOCCORSO;regione;umbria;2024;86.7
AVQ_PRONTO_SOCCORSO;regione;valle-d-aosta;2024;72.9
AVQ_PRONTO_SOCCORSO;regione;veneto;2024;84.3
AVQ_PRONTO_SOCCORSO;regione;abruzzo;2025;67.3
AVQ_PRONTO_SOCCORSO;regione;basilicata;2025;65.0
AVQ_PRONTO_SOCCORSO;regione;calabria;2025;53.0
AVQ_PRONTO_SOCCORSO;regione;campania;2025;42.5
AVQ_PRONTO_SOCCORSO;regione;emilia-romagna;2025;100.5
AVQ_PRONTO_SOCCORSO;regione;friuli-venezia-giulia;2025;93.6
AVQ_PRONTO_SOCCORSO;regione;lazio;2025;58.0
AVQ_PRONTO_SOCCORSO;regione;liguria;2025;77.8
AVQ_PRONTO_SOCCORSO;regione;lombardia;2025;78.8
AVQ_PRONTO_SOCCORSO;regione;marche;2025;68.0
AVQ_PRONTO_SOCCORSO;regione;molise;2025;57.4
AVQ_PRONTO_SOCCORSO;regione;piemonte;2025;64.2
AVQ_PRONTO_SOCCORSO;regione;puglia;2025;67.4
AVQ_PRONTO_SOCCORSO;regione;sardegna;2025;72.4
AVQ_PRONTO_SOCCORSO;regione;sicilia;2025;54.1
AVQ_PRONTO_SOCCORSO;regione;toscana;2025;71.5
AVQ_PRONTO_SOCCORSO;regione;trentino-alto-adige;2025;86.389582
AVQ_PRONTO_SOCCORSO;regione;umbria;2025;85.0
AVQ_PRONTO_SOCCORSO;regione;valle-d-aosta;2025;78.7
AVQ_PRONTO_SOCCORSO;regione;veneto;2025;80.5
AVQ_GUARDIA_MEDICA;regione;abruzzo;2001;42.3
AVQ_GUARDIA_MEDICA;regione;basilicata;2001;80.8
AVQ_GUARDIA_MEDICA;regione;calabria;2001;63.4
AVQ_GUARDIA_MEDICA;regione;campania;2001;50.7
AVQ_GUARDIA_MEDICA;regione;emilia-romagna;2001;21.5
AVQ_GUARDIA_MEDICA;regione;friuli-venezia-giulia;2001;27.4
AVQ_GUARDIA_MEDICA;regione;lazio;2001;12.0
AVQ_GUARDIA_MEDICA;regione;liguria;2001;11.5
AVQ_GUARDIA_MEDICA;regione;lombardia;2001;19.1
AVQ_GUARDIA_MEDICA;regione;marche;2001;25.3
AVQ_GUARDIA_MEDICA;regione;molise;2001;46.0
AVQ_GUARDIA_MEDICA;regione;piemonte;2001;22.1
AVQ_GUARDIA_MEDICA;regione;puglia;2001;41.9
AVQ_GUARDIA_MEDICA;regione;sardegna;2001;40.6
AVQ_GUARDIA_MEDICA;regione;sicilia;2001;32.5
AVQ_GUARDIA_MEDICA;regione;toscana;2001;31.2
AVQ_GUARDIA_MEDICA;regione;trentino-alto-adige;2001;48.224419
AVQ_GUARDIA_MEDICA;regione;umbria;2001;25.7
AVQ_GUARDIA_MEDICA;regione;valle-d-aosta;2001;29.1
AVQ_GUARDIA_MEDICA;regione;veneto;2001;20.6
AVQ_GUARDIA_MEDICA;regione;abruzzo;2002;26.5
AVQ_GUARDIA_MEDICA;regione;basilicata;2002;67.6
AVQ_GUARDIA_MEDICA;regione;calabria;2002;46.8
AVQ_GUARDIA_MEDICA;regione;campania;2002;44.4
AVQ_GUARDIA_MEDICA;regione;emilia-romagna;2002;26.2
AVQ_GUARDIA_MEDICA;regione;friuli-venezia-giulia;2002;18.5
AVQ_GUARDIA_MEDICA;regione;lazio;2002;14.1
AVQ_GUARDIA_MEDICA;regione;liguria;2002;17.0
AVQ_GUARDIA_MEDICA;regione;lombardia;2002;13.0
AVQ_GUARDIA_MEDICA;regione;marche;2002;23.7
AVQ_GUARDIA_MEDICA;regione;molise;2002;38.7
AVQ_GUARDIA_MEDICA;regione;piemonte;2002;21.8
AVQ_GUARDIA_MEDICA;regione;puglia;2002;45.6
AVQ_GUARDIA_MEDICA;regione;sardegna;2002;48.6
AVQ_GUARDIA_MEDICA;regione;sicilia;2002;47.6
AVQ_GUARDIA_MEDICA;regione;toscana;2002;25.0
AVQ_GUARDIA_MEDICA;regione;trentino-alto-adige;2002;48.175914
AVQ_GUARDIA_MEDICA;regione;umbria;2002;21.5
AVQ_GUARDIA_MEDICA;regione;valle-d-aosta;2002;37.6
AVQ_GUARDIA_MEDICA;regione;veneto;2002;20.2
AVQ_GUARDIA_MEDICA;regione;abruzzo;2003;23.6
AVQ_GUARDIA_MEDICA;regione;basilicata;2003;70.0
AVQ_GUARDIA_MEDICA;regione;calabria;2003;50.2
AVQ_GUARDIA_MEDICA;regione;campania;2003;46.7
AVQ_GUARDIA_MEDICA;regione;emilia-romagna;2003;18.2
AVQ_GUARDIA_MEDICA;regione;friuli-venezia-giulia;2003;17.1
AVQ_GUARDIA_MEDICA;regione;lazio;2003;17.4
AVQ_GUARDIA_MEDICA;regione;liguria;2003;8.1
AVQ_GUARDIA_MEDICA;regione;lombardia;2003;17.0
AVQ_GUARDIA_MEDICA;regione;marche;2003;25.9
AVQ_GUARDIA_MEDICA;regione;molise;2003;25.2
AVQ_GUARDIA_MEDICA;regione;piemonte;2003;19.4
AVQ_GUARDIA_MEDICA;regione;puglia;2003;46.7
AVQ_GUARDIA_MEDICA;regione;sardegna;2003;57.1
AVQ_GUARDIA_MEDICA;regione;sicilia;2003;52.5
AVQ_GUARDIA_MEDICA;regione;toscana;2003;35.4
AVQ_GUARDIA_MEDICA;regione;trentino-alto-adige;2003;44.895898
AVQ_GUARDIA_MEDICA;regione;umbria;2003;21.1
AVQ_GUARDIA_MEDICA;regione;valle-d-aosta;2003;17.8
AVQ_GUARDIA_MEDICA;regione;veneto;2003;17.9
AVQ_GUARDIA_MEDICA;regione;abruzzo;2005;37.3
AVQ_GUARDIA_MEDICA;regione;basilicata;2005;60.7
AVQ_GUARDIA_MEDICA;regione;calabria;2005;59.2
AVQ_GUARDIA_MEDICA;regione;campania;2005;48.3
AVQ_GUARDIA_MEDICA;regione;emilia-romagna;2005;35.7
AVQ_GUARDIA_MEDICA;regione;friuli-venezia-giulia;2005;34.6
AVQ_GUARDIA_MEDICA;regione;lazio;2005;14.6
AVQ_GUARDIA_MEDICA;regione;liguria;2005;14.9
AVQ_GUARDIA_MEDICA;regione;lombardia;2005;18.5
AVQ_GUARDIA_MEDICA;regione;marche;2005;43.6
AVQ_GUARDIA_MEDICA;regione;molise;2005;27.1
AVQ_GUARDIA_MEDICA;regione;piemonte;2005;28.2
AVQ_GUARDIA_MEDICA;regione;puglia;2005;55.1
AVQ_GUARDIA_MEDICA;regione;sardegna;2005;40.1
AVQ_GUARDIA_MEDICA;regione;sicilia;2005;41.3
AVQ_GUARDIA_MEDICA;regione;toscana;2005;40.7
AVQ_GUARDIA_MEDICA;regione;trentino-alto-adige;2005;57.512464
AVQ_GUARDIA_MEDICA;regione;umbria;2005;23.4
AVQ_GUARDIA_MEDICA;regione;valle-d-aosta;2005;30.7
AVQ_GUARDIA_MEDICA;regione;veneto;2005;23.6
AVQ_GUARDIA_MEDICA;regione;abruzzo;2006;25.2
AVQ_GUARDIA_MEDICA;regione;basilicata;2006;52.3
AVQ_GUARDIA_MEDICA;regione;calabria;2006;49.2
AVQ_GUARDIA_MEDICA;regione;campania;2006;34.9
AVQ_GUARDIA_MEDICA;regione;emilia-romagna;2006;32.8
AVQ_GUARDIA_MEDICA;regione;friuli-venezia-giulia;2006;17.7
AVQ_GUARDIA_MEDICA;regione;lazio;2006;16.2
AVQ_GUARDIA_MEDICA;regione;liguria;2006;14.1
AVQ_GUARDIA_MEDICA;regione;lombardia;2006;16.8
AVQ_GUARDIA_MEDICA;regione;marche;2006;38.7
AVQ_GUARDIA_MEDICA;regione;molise;2006;66.8
AVQ_GUARDIA_MEDICA;regione;piemonte;2006;21.4
AVQ_GUARDIA_MEDICA;regione;puglia;2006;36.6
AVQ_GUARDIA_MEDICA;regione;sardegna;2006;37.8
AVQ_GUARDIA_MEDICA;regione;sicilia;2006;44.8
AVQ_GUARDIA_MEDICA;regione;toscana;2006;33.4
AVQ_GUARDIA_MEDICA;regione;trentino-alto-adige;2006;64.336031
AVQ_GUARDIA_MEDICA;regione;umbria;2006;20.3
AVQ_GUARDIA_MEDICA;regione;valle-d-aosta;2006;20.7
AVQ_GUARDIA_MEDICA;regione;veneto;2006;23.9
AVQ_GUARDIA_MEDICA;regione;abruzzo;2007;24.7
AVQ_GUARDIA_MEDICA;regione;basilicata;2007;60.5
AVQ_GUARDIA_MEDICA;regione;calabria;2007;54.3
AVQ_GUARDIA_MEDICA;regione;campania;2007;53.6
AVQ_GUARDIA_MEDICA;regione;emilia-romagna;2007;26.5
AVQ_GUARDIA_MEDICA;regione;friuli-venezia-giulia;2007;22.5
AVQ_GUARDIA_MEDICA;regione;lazio;2007;13.1
AVQ_GUARDIA_MEDICA;regione;liguria;2007;22.2
AVQ_GUARDIA_MEDICA;regione;lombardia;2007;16.3
AVQ_GUARDIA_MEDICA;regione;marche;2007;30.9
AVQ_GUARDIA_MEDICA;regione;molise;2007;59.4
AVQ_GUARDIA_MEDICA;regione;piemonte;2007;22.3
AVQ_GUARDIA_MEDICA;regione;puglia;2007;36.2
AVQ_GUARDIA_MEDICA;regione;sardegna;2007;53.6
AVQ_GUARDIA_MEDICA;regione;sicilia;2007;47.3
AVQ_GUARDIA_MEDICA;regione;toscana;2007;39.4
AVQ_GUARDIA_MEDICA;regione;trentino-alto-adige;2007;47.688554
AVQ_GUARDIA_MEDICA;regione;umbria;2007;23.5
AVQ_GUARDIA_MEDICA;regione;valle-d-aosta;2007;17.9
AVQ_GUARDIA_MEDICA;regione;veneto;2007;26.3
AVQ_GUARDIA_MEDICA;regione;abruzzo;2008;37.4
AVQ_GUARDIA_MEDICA;regione;basilicata;2008;78.0
AVQ_GUARDIA_MEDICA;regione;calabria;2008;61.2
AVQ_GUARDIA_MEDICA;regione;campania;2008;49.8
AVQ_GUARDIA_MEDICA;regione;emilia-romagna;2008;38.2
AVQ_GUARDIA_MEDICA;regione;friuli-venezia-giulia;2008;26.9
AVQ_GUARDIA_MEDICA;regione;lazio;2008;17.1
AVQ_GUARDIA_MEDICA;regione;liguria;2008;21.5
AVQ_GUARDIA_MEDICA;regione;lombardia;2008;20.5
AVQ_GUARDIA_MEDICA;regione;marche;2008;38.6
AVQ_GUARDIA_MEDICA;regione;molise;2008;36.4
AVQ_GUARDIA_MEDICA;regione;piemonte;2008;25.7
AVQ_GUARDIA_MEDICA;regione;puglia;2008;47.5
AVQ_GUARDIA_MEDICA;regione;sardegna;2008;57.7
AVQ_GUARDIA_MEDICA;regione;sicilia;2008;42.3
AVQ_GUARDIA_MEDICA;regione;toscana;2008;35.7
AVQ_GUARDIA_MEDICA;regione;trentino-alto-adige;2008;50.295472
AVQ_GUARDIA_MEDICA;regione;umbria;2008;38.6
AVQ_GUARDIA_MEDICA;regione;valle-d-aosta;2008;35.8
AVQ_GUARDIA_MEDICA;regione;veneto;2008;23.0
AVQ_GUARDIA_MEDICA;regione;abruzzo;2009;26.9
AVQ_GUARDIA_MEDICA;regione;basilicata;2009;85.2
AVQ_GUARDIA_MEDICA;regione;calabria;2009;58.7
AVQ_GUARDIA_MEDICA;regione;campania;2009;42.2
AVQ_GUARDIA_MEDICA;regione;emilia-romagna;2009;30.9
AVQ_GUARDIA_MEDICA;regione;friuli-venezia-giulia;2009;35.2
AVQ_GUARDIA_MEDICA;regione;lazio;2009;17.4
AVQ_GUARDIA_MEDICA;regione;liguria;2009;15.1
AVQ_GUARDIA_MEDICA;regione;lombardia;2009;25.4
AVQ_GUARDIA_MEDICA;regione;marche;2009;27.3
AVQ_GUARDIA_MEDICA;regione;molise;2009;47.8
AVQ_GUARDIA_MEDICA;regione;piemonte;2009;24.0
AVQ_GUARDIA_MEDICA;regione;puglia;2009;53.2
AVQ_GUARDIA_MEDICA;regione;sardegna;2009;57.7
AVQ_GUARDIA_MEDICA;regione;sicilia;2009;48.7
AVQ_GUARDIA_MEDICA;regione;toscana;2009;30.2
AVQ_GUARDIA_MEDICA;regione;trentino-alto-adige;2009;49.468229
AVQ_GUARDIA_MEDICA;regione;umbria;2009;38.1
AVQ_GUARDIA_MEDICA;regione;valle-d-aosta;2009;31.4
AVQ_GUARDIA_MEDICA;regione;veneto;2009;21.4
AVQ_GUARDIA_MEDICA;regione;abruzzo;2010;46.8
AVQ_GUARDIA_MEDICA;regione;basilicata;2010;67.0
AVQ_GUARDIA_MEDICA;regione;calabria;2010;51.3
AVQ_GUARDIA_MEDICA;regione;campania;2010;45.1
AVQ_GUARDIA_MEDICA;regione;emilia-romagna;2010;36.2
AVQ_GUARDIA_MEDICA;regione;friuli-venezia-giulia;2010;30.8
AVQ_GUARDIA_MEDICA;regione;lazio;2010;17.2
AVQ_GUARDIA_MEDICA;regione;liguria;2010;21.8
AVQ_GUARDIA_MEDICA;regione;lombardia;2010;16.6
AVQ_GUARDIA_MEDICA;regione;marche;2010;35.9
AVQ_GUARDIA_MEDICA;regione;molise;2010;44.0
AVQ_GUARDIA_MEDICA;regione;piemonte;2010;24.2
AVQ_GUARDIA_MEDICA;regione;puglia;2010;37.4
AVQ_GUARDIA_MEDICA;regione;sardegna;2010;45.9
AVQ_GUARDIA_MEDICA;regione;sicilia;2010;39.4
AVQ_GUARDIA_MEDICA;regione;toscana;2010;33.6
AVQ_GUARDIA_MEDICA;regione;trentino-alto-adige;2010;40.897435
AVQ_GUARDIA_MEDICA;regione;umbria;2010;24.6
AVQ_GUARDIA_MEDICA;regione;valle-d-aosta;2010;19.6
AVQ_GUARDIA_MEDICA;regione;veneto;2010;31.9
AVQ_GUARDIA_MEDICA;regione;abruzzo;2011;43.2
AVQ_GUARDIA_MEDICA;regione;basilicata;2011;55.6
AVQ_GUARDIA_MEDICA;regione;calabria;2011;60.0
AVQ_GUARDIA_MEDICA;regione;campania;2011;34.6
AVQ_GUARDIA_MEDICA;regione;emilia-romagna;2011;21.0
AVQ_GUARDIA_MEDICA;regione;friuli-venezia-giulia;2011;23.9
AVQ_GUARDIA_MEDICA;regione;lazio;2011;15.7
AVQ_GUARDIA_MEDICA;regione;liguria;2011;21.4
AVQ_GUARDIA_MEDICA;regione;lombardia;2011;23.5
AVQ_GUARDIA_MEDICA;regione;marche;2011;26.5
AVQ_GUARDIA_MEDICA;regione;molise;2011;44.2
AVQ_GUARDIA_MEDICA;regione;piemonte;2011;18.3
AVQ_GUARDIA_MEDICA;regione;puglia;2011;39.6
AVQ_GUARDIA_MEDICA;regione;sardegna;2011;48.8
AVQ_GUARDIA_MEDICA;regione;sicilia;2011;32.3
AVQ_GUARDIA_MEDICA;regione;toscana;2011;32.2
AVQ_GUARDIA_MEDICA;regione;trentino-alto-adige;2011;46.937402
AVQ_GUARDIA_MEDICA;regione;umbria;2011;37.3
AVQ_GUARDIA_MEDICA;regione;valle-d-aosta;2011;28.8
AVQ_GUARDIA_MEDICA;regione;veneto;2011;27.1
AVQ_GUARDIA_MEDICA;regione;abruzzo;2012;34.8
AVQ_GUARDIA_MEDICA;regione;basilicata;2012;54.9
AVQ_GUARDIA_MEDICA;regione;calabria;2012;60.1
AVQ_GUARDIA_MEDICA;regione;campania;2012;45.6
AVQ_GUARDIA_MEDICA;regione;emilia-romagna;2012;23.1
AVQ_GUARDIA_MEDICA;regione;friuli-venezia-giulia;2012;21.7
AVQ_GUARDIA_MEDICA;regione;lazio;2012;13.1
AVQ_GUARDIA_MEDICA;regione;liguria;2012;16.4
AVQ_GUARDIA_MEDICA;regione;lombardia;2012;18.1
AVQ_GUARDIA_MEDICA;regione;marche;2012;20.2
AVQ_GUARDIA_MEDICA;regione;molise;2012;43.3
AVQ_GUARDIA_MEDICA;regione;piemonte;2012;24.4
AVQ_GUARDIA_MEDICA;regione;puglia;2012;40.8
AVQ_GUARDIA_MEDICA;regione;sardegna;2012;37.2
AVQ_GUARDIA_MEDICA;regione;sicilia;2012;35.3
AVQ_GUARDIA_MEDICA;regione;toscana;2012;39.1
AVQ_GUARDIA_MEDICA;regione;trentino-alto-adige;2012;33.875063
AVQ_GUARDIA_MEDICA;regione;umbria;2012;22.2
AVQ_GUARDIA_MEDICA;regione;valle-d-aosta;2012;20.5
AVQ_GUARDIA_MEDICA;regione;veneto;2012;20.3
AVQ_GUARDIA_MEDICA;regione;abruzzo;2013;32.7
AVQ_GUARDIA_MEDICA;regione;basilicata;2013;50.1
AVQ_GUARDIA_MEDICA;regione;calabria;2013;76.4
AVQ_GUARDIA_MEDICA;regione;campania;2013;46.0
AVQ_GUARDIA_MEDICA;regione;emilia-romagna;2013;29.3
AVQ_GUARDIA_MEDICA;regione;friuli-venezia-giulia;2013;30.7
AVQ_GUARDIA_MEDICA;regione;lazio;2013;23.0
AVQ_GUARDIA_MEDICA;regione;liguria;2013;17.3
AVQ_GUARDIA_MEDICA;regione;lombardia;2013;23.9
AVQ_GUARDIA_MEDICA;regione;marche;2013;36.4
AVQ_GUARDIA_MEDICA;regione;molise;2013;29.5
AVQ_GUARDIA_MEDICA;regione;piemonte;2013;27.0
AVQ_GUARDIA_MEDICA;regione;puglia;2013;51.4
AVQ_GUARDIA_MEDICA;regione;sardegna;2013;46.9
AVQ_GUARDIA_MEDICA;regione;sicilia;2013;41.1
AVQ_GUARDIA_MEDICA;regione;toscana;2013;33.6
AVQ_GUARDIA_MEDICA;regione;trentino-alto-adige;2013;40.408538
AVQ_GUARDIA_MEDICA;regione;umbria;2013;32.6
AVQ_GUARDIA_MEDICA;regione;valle-d-aosta;2013;46.3
AVQ_GUARDIA_MEDICA;regione;veneto;2013;25.9
AVQ_GUARDIA_MEDICA;regione;abruzzo;2014;36.6
AVQ_GUARDIA_MEDICA;regione;basilicata;2014;52.6
AVQ_GUARDIA_MEDICA;regione;calabria;2014;73.9
AVQ_GUARDIA_MEDICA;regione;campania;2014;39.3
AVQ_GUARDIA_MEDICA;regione;emilia-romagna;2014;33.3
AVQ_GUARDIA_MEDICA;regione;friuli-venezia-giulia;2014;30.1
AVQ_GUARDIA_MEDICA;regione;lazio;2014;16.6
AVQ_GUARDIA_MEDICA;regione;liguria;2014;22.2
AVQ_GUARDIA_MEDICA;regione;lombardia;2014;19.1
AVQ_GUARDIA_MEDICA;regione;marche;2014;33.8
AVQ_GUARDIA_MEDICA;regione;molise;2014;53.5
AVQ_GUARDIA_MEDICA;regione;piemonte;2014;21.3
AVQ_GUARDIA_MEDICA;regione;puglia;2014;34.1
AVQ_GUARDIA_MEDICA;regione;sardegna;2014;60.4
AVQ_GUARDIA_MEDICA;regione;sicilia;2014;39.7
AVQ_GUARDIA_MEDICA;regione;toscana;2014;31.4
AVQ_GUARDIA_MEDICA;regione;trentino-alto-adige;2014;61.9567
AVQ_GUARDIA_MEDICA;regione;umbria;2014;29.5
AVQ_GUARDIA_MEDICA;regione;valle-d-aosta;2014;33.7
AVQ_GUARDIA_MEDICA;regione;veneto;2014;19.6
AVQ_GUARDIA_MEDICA;regione;abruzzo;2015;49.8
AVQ_GUARDIA_MEDICA;regione;basilicata;2015;59.7
AVQ_GUARDIA_MEDICA;regione;calabria;2015;66.6
AVQ_GUARDIA_MEDICA;regione;campania;2015;39.5
AVQ_GUARDIA_MEDICA;regione;emilia-romagna;2015;42.3
AVQ_GUARDIA_MEDICA;regione;friuli-venezia-giulia;2015;26.4
AVQ_GUARDIA_MEDICA;regione;lazio;2015;25.3
AVQ_GUARDIA_MEDICA;regione;liguria;2015;22.7
AVQ_GUARDIA_MEDICA;regione;lombardia;2015;29.9
AVQ_GUARDIA_MEDICA;regione;marche;2015;41.0
AVQ_GUARDIA_MEDICA;regione;molise;2015;68.1
AVQ_GUARDIA_MEDICA;regione;piemonte;2015;28.6
AVQ_GUARDIA_MEDICA;regione;puglia;2015;49.8
AVQ_GUARDIA_MEDICA;regione;sardegna;2015;49.1
AVQ_GUARDIA_MEDICA;regione;sicilia;2015;47.7
AVQ_GUARDIA_MEDICA;regione;toscana;2015;32.1
AVQ_GUARDIA_MEDICA;regione;trentino-alto-adige;2015;50.83279
AVQ_GUARDIA_MEDICA;regione;umbria;2015;19.8
AVQ_GUARDIA_MEDICA;regione;valle-d-aosta;2015;35.8
AVQ_GUARDIA_MEDICA;regione;veneto;2015;30.2
AVQ_GUARDIA_MEDICA;regione;abruzzo;2016;28.0
AVQ_GUARDIA_MEDICA;regione;basilicata;2016;70.7
AVQ_GUARDIA_MEDICA;regione;calabria;2016;47.4
AVQ_GUARDIA_MEDICA;regione;campania;2016;36.4
AVQ_GUARDIA_MEDICA;regione;emilia-romagna;2016;32.9
AVQ_GUARDIA_MEDICA;regione;friuli-venezia-giulia;2016;27.8
AVQ_GUARDIA_MEDICA;regione;lazio;2016;22.0
AVQ_GUARDIA_MEDICA;regione;liguria;2016;26.7
AVQ_GUARDIA_MEDICA;regione;lombardia;2016;25.7
AVQ_GUARDIA_MEDICA;regione;marche;2016;32.7
AVQ_GUARDIA_MEDICA;regione;molise;2016;46.0
AVQ_GUARDIA_MEDICA;regione;piemonte;2016;38.0
AVQ_GUARDIA_MEDICA;regione;puglia;2016;30.6
AVQ_GUARDIA_MEDICA;regione;sardegna;2016;45.7
AVQ_GUARDIA_MEDICA;regione;sicilia;2016;36.2
AVQ_GUARDIA_MEDICA;regione;toscana;2016;35.0
AVQ_GUARDIA_MEDICA;regione;trentino-alto-adige;2016;59.424336
AVQ_GUARDIA_MEDICA;regione;umbria;2016;29.8
AVQ_GUARDIA_MEDICA;regione;valle-d-aosta;2016;28.4
AVQ_GUARDIA_MEDICA;regione;veneto;2016;26.6
AVQ_GUARDIA_MEDICA;regione;abruzzo;2017;29.4
AVQ_GUARDIA_MEDICA;regione;basilicata;2017;84.2
AVQ_GUARDIA_MEDICA;regione;calabria;2017;43.7
AVQ_GUARDIA_MEDICA;regione;campania;2017;40.4
AVQ_GUARDIA_MEDICA;regione;emilia-romagna;2017;33.8
AVQ_GUARDIA_MEDICA;regione;friuli-venezia-giulia;2017;28.3
AVQ_GUARDIA_MEDICA;regione;lazio;2017;18.8
AVQ_GUARDIA_MEDICA;regione;liguria;2017;34.3
AVQ_GUARDIA_MEDICA;regione;lombardia;2017;24.2
AVQ_GUARDIA_MEDICA;regione;marche;2017;36.1
AVQ_GUARDIA_MEDICA;regione;molise;2017;78.1
AVQ_GUARDIA_MEDICA;regione;piemonte;2017;35.4
AVQ_GUARDIA_MEDICA;regione;puglia;2017;41.8
AVQ_GUARDIA_MEDICA;regione;sardegna;2017;60.5
AVQ_GUARDIA_MEDICA;regione;sicilia;2017;31.9
AVQ_GUARDIA_MEDICA;regione;toscana;2017;40.4
AVQ_GUARDIA_MEDICA;regione;trentino-alto-adige;2017;48.83117
AVQ_GUARDIA_MEDICA;regione;umbria;2017;52.4
AVQ_GUARDIA_MEDICA;regione;valle-d-aosta;2017;35.6
AVQ_GUARDIA_MEDICA;regione;veneto;2017;30.4
AVQ_GUARDIA_MEDICA;regione;abruzzo;2018;37.0
AVQ_GUARDIA_MEDICA;regione;basilicata;2018;61.0
AVQ_GUARDIA_MEDICA;regione;calabria;2018;52.1
AVQ_GUARDIA_MEDICA;regione;campania;2018;38.3
AVQ_GUARDIA_MEDICA;regione;emilia-romagna;2018;47.4
AVQ_GUARDIA_MEDICA;regione;friuli-venezia-giulia;2018;29.6
AVQ_GUARDIA_MEDICA;regione;lazio;2018;24.0
AVQ_GUARDIA_MEDICA;regione;liguria;2018;33.5
AVQ_GUARDIA_MEDICA;regione;lombardia;2018;28.0
AVQ_GUARDIA_MEDICA;regione;marche;2018;42.9
AVQ_GUARDIA_MEDICA;regione;molise;2018;64.7
AVQ_GUARDIA_MEDICA;regione;piemonte;2018;37.1
AVQ_GUARDIA_MEDICA;regione;puglia;2018;39.7
AVQ_GUARDIA_MEDICA;regione;sardegna;2018;69.8
AVQ_GUARDIA_MEDICA;regione;sicilia;2018;45.0
AVQ_GUARDIA_MEDICA;regione;toscana;2018;38.2
AVQ_GUARDIA_MEDICA;regione;trentino-alto-adige;2018;63.160459
AVQ_GUARDIA_MEDICA;regione;umbria;2018;38.4
AVQ_GUARDIA_MEDICA;regione;valle-d-aosta;2018;55.9
AVQ_GUARDIA_MEDICA;regione;veneto;2018;32.4
AVQ_GUARDIA_MEDICA;regione;abruzzo;2019;49.8
AVQ_GUARDIA_MEDICA;regione;basilicata;2019;62.0
AVQ_GUARDIA_MEDICA;regione;calabria;2019;68.4
AVQ_GUARDIA_MEDICA;regione;campania;2019;44.2
AVQ_GUARDIA_MEDICA;regione;emilia-romagna;2019;33.5
AVQ_GUARDIA_MEDICA;regione;friuli-venezia-giulia;2019;34.3
AVQ_GUARDIA_MEDICA;regione;lazio;2019;25.0
AVQ_GUARDIA_MEDICA;regione;liguria;2019;25.5
AVQ_GUARDIA_MEDICA;regione;lombardia;2019;28.1
AVQ_GUARDIA_MEDICA;regione;marche;2019;54.3
AVQ_GUARDIA_MEDICA;regione;molise;2019;45.6
AVQ_GUARDIA_MEDICA;regione;piemonte;2019;40.1
AVQ_GUARDIA_MEDICA;regione;puglia;2019;49.3
AVQ_GUARDIA_MEDICA;regione;sardegna;2019;59.0
AVQ_GUARDIA_MEDICA;regione;sicilia;2019;33.9
AVQ_GUARDIA_MEDICA;regione;toscana;2019;44.2
AVQ_GUARDIA_MEDICA;regione;trentino-alto-adige;2019;58.244662
AVQ_GUARDIA_MEDICA;regione;umbria;2019;58.0
AVQ_GUARDIA_MEDICA;regione;valle-d-aosta;2019;49.5
AVQ_GUARDIA_MEDICA;regione;veneto;2019;36.5
AVQ_GUARDIA_MEDICA;regione;abruzzo;2020;29.9
AVQ_GUARDIA_MEDICA;regione;basilicata;2020;38.4
AVQ_GUARDIA_MEDICA;regione;calabria;2020;49.6
AVQ_GUARDIA_MEDICA;regione;campania;2020;25.6
AVQ_GUARDIA_MEDICA;regione;emilia-romagna;2020;36.7
AVQ_GUARDIA_MEDICA;regione;friuli-venezia-giulia;2020;30.0
AVQ_GUARDIA_MEDICA;regione;lazio;2020;14.2
AVQ_GUARDIA_MEDICA;regione;liguria;2020;16.0
AVQ_GUARDIA_MEDICA;regione;lombardia;2020;25.0
AVQ_GUARDIA_MEDICA;regione;marche;2020;29.5
AVQ_GUARDIA_MEDICA;regione;molise;2020;45.8
AVQ_GUARDIA_MEDICA;regione;piemonte;2020;27.6
AVQ_GUARDIA_MEDICA;regione;puglia;2020;48.6
AVQ_GUARDIA_MEDICA;regione;sardegna;2020;33.1
AVQ_GUARDIA_MEDICA;regione;sicilia;2020;39.0
AVQ_GUARDIA_MEDICA;regione;toscana;2020;25.8
AVQ_GUARDIA_MEDICA;regione;trentino-alto-adige;2020;45.765839
AVQ_GUARDIA_MEDICA;regione;umbria;2020;47.6
AVQ_GUARDIA_MEDICA;regione;valle-d-aosta;2020;32.2
AVQ_GUARDIA_MEDICA;regione;veneto;2020;25.1
AVQ_GUARDIA_MEDICA;regione;abruzzo;2021;24.4
AVQ_GUARDIA_MEDICA;regione;basilicata;2021;31.5
AVQ_GUARDIA_MEDICA;regione;calabria;2021;38.6
AVQ_GUARDIA_MEDICA;regione;campania;2021;29.7
AVQ_GUARDIA_MEDICA;regione;emilia-romagna;2021;27.3
AVQ_GUARDIA_MEDICA;regione;friuli-venezia-giulia;2021;24.7
AVQ_GUARDIA_MEDICA;regione;lazio;2021;15.0
AVQ_GUARDIA_MEDICA;regione;liguria;2021;21.3
AVQ_GUARDIA_MEDICA;regione;lombardia;2021;16.4
AVQ_GUARDIA_MEDICA;regione;marche;2021;25.6
AVQ_GUARDIA_MEDICA;regione;molise;2021;34.9
AVQ_GUARDIA_MEDICA;regione;piemonte;2021;20.2
AVQ_GUARDIA_MEDICA;regione;puglia;2021;23.0
AVQ_GUARDIA_MEDICA;regione;sardegna;2021;34.4
AVQ_GUARDIA_MEDICA;regione;sicilia;2021;29.4
AVQ_GUARDIA_MEDICA;regione;toscana;2021;23.4
AVQ_GUARDIA_MEDICA;regione;trentino-alto-adige;2021;29.911612
AVQ_GUARDIA_MEDICA;regione;umbria;2021;27.0
AVQ_GUARDIA_MEDICA;regione;valle-d-aosta;2021;24.9
AVQ_GUARDIA_MEDICA;regione;veneto;2021;27.7
AVQ_GUARDIA_MEDICA;regione;abruzzo;2022;20.6
AVQ_GUARDIA_MEDICA;regione;basilicata;2022;38.2
AVQ_GUARDIA_MEDICA;regione;calabria;2022;77.6
AVQ_GUARDIA_MEDICA;regione;campania;2022;44.6
AVQ_GUARDIA_MEDICA;regione;emilia-romagna;2022;21.4
AVQ_GUARDIA_MEDICA;regione;friuli-venezia-giulia;2022;24.7
AVQ_GUARDIA_MEDICA;regione;lazio;2022;13.4
AVQ_GUARDIA_MEDICA;regione;liguria;2022;13.3
AVQ_GUARDIA_MEDICA;regione;lombardia;2022;21.8
AVQ_GUARDIA_MEDICA;regione;marche;2022;25.6
AVQ_GUARDIA_MEDICA;regione;molise;2022;22.5
AVQ_GUARDIA_MEDICA;regione;piemonte;2022;24.3
AVQ_GUARDIA_MEDICA;regione;puglia;2022;31.3
AVQ_GUARDIA_MEDICA;regione;sardegna;2022;43.0
AVQ_GUARDIA_MEDICA;regione;sicilia;2022;35.2
AVQ_GUARDIA_MEDICA;regione;toscana;2022;30.1
AVQ_GUARDIA_MEDICA;regione;trentino-alto-adige;2022;44.925021
AVQ_GUARDIA_MEDICA;regione;umbria;2022;23.7
AVQ_GUARDIA_MEDICA;regione;valle-d-aosta;2022;32.0
AVQ_GUARDIA_MEDICA;regione;veneto;2022;30.2
AVQ_GUARDIA_MEDICA;regione;abruzzo;2023;37.2
AVQ_GUARDIA_MEDICA;regione;basilicata;2023;40.9
AVQ_GUARDIA_MEDICA;regione;calabria;2023;20.7
AVQ_GUARDIA_MEDICA;regione;campania;2023;36.9
AVQ_GUARDIA_MEDICA;regione;emilia-romagna;2023;31.8
AVQ_GUARDIA_MEDICA;regione;friuli-venezia-giulia;2023;38.1
AVQ_GUARDIA_MEDICA;regione;lazio;2023;15.5
AVQ_GUARDIA_MEDICA;regione;liguria;2023;18.4
AVQ_GUARDIA_MEDICA;regione;lombardia;2023;20.2
AVQ_GUARDIA_MEDICA;regione;marche;2023;39.7
AVQ_GUARDIA_MEDICA;regione;molise;2023;40.4
AVQ_GUARDIA_MEDICA;regione;piemonte;2023;28.0
AVQ_GUARDIA_MEDICA;regione;puglia;2023;28.9
AVQ_GUARDIA_MEDICA;regione;sardegna;2023;57.5
AVQ_GUARDIA_MEDICA;regione;sicilia;2023;22.9
AVQ_GUARDIA_MEDICA;regione;toscana;2023;28.5
AVQ_GUARDIA_MEDICA;regione;trentino-alto-adige;2023;51.139967
AVQ_GUARDIA_MEDICA;regione;umbria;2023;38.5
AVQ_GUARDIA_MEDICA;regione;valle-d-aosta;2023;26.9
AVQ_GUARDIA_MEDICA;regione;veneto;2023;27.6
AVQ_GUARDIA_MEDICA;regione;abruzzo;2024;41.5
AVQ_GUARDIA_MEDICA;regione;basilicata;2024;58.2
AVQ_GUARDIA_MEDICA;regione;calabria;2024;33.3
AVQ_GUARDIA_MEDICA;regione;campania;2024;42.3
AVQ_GUARDIA_MEDICA;regione;emilia-romagna;2024;38.5
AVQ_GUARDIA_MEDICA;regione;friuli-venezia-giulia;2024;34.5
AVQ_GUARDIA_MEDICA;regione;lazio;2024;24.8
AVQ_GUARDIA_MEDICA;regione;liguria;2024;18.3
AVQ_GUARDIA_MEDICA;regione;lombardia;2024;32.3
AVQ_GUARDIA_MEDICA;regione;marche;2024;50.0
AVQ_GUARDIA_MEDICA;regione;molise;2024;78.1
AVQ_GUARDIA_MEDICA;regione;piemonte;2024;38.2
AVQ_GUARDIA_MEDICA;regione;puglia;2024;41.2
AVQ_GUARDIA_MEDICA;regione;sardegna;2024;65.5
AVQ_GUARDIA_MEDICA;regione;sicilia;2024;32.6
AVQ_GUARDIA_MEDICA;regione;toscana;2024;39.5
AVQ_GUARDIA_MEDICA;regione;trentino-alto-adige;2024;61.018187
AVQ_GUARDIA_MEDICA;regione;umbria;2024;51.8
AVQ_GUARDIA_MEDICA;regione;valle-d-aosta;2024;35.6
AVQ_GUARDIA_MEDICA;regione;veneto;2024;35.9
AVQ_GUARDIA_MEDICA;regione;abruzzo;2025;41.7
AVQ_GUARDIA_MEDICA;regione;basilicata;2025;68.5
AVQ_GUARDIA_MEDICA;regione;calabria;2025;39.4
AVQ_GUARDIA_MEDICA;regione;campania;2025;32.1
AVQ_GUARDIA_MEDICA;regione;emilia-romagna;2025;45.3
AVQ_GUARDIA_MEDICA;regione;friuli-venezia-giulia;2025;30.8
AVQ_GUARDIA_MEDICA;regione;lazio;2025;34.1
AVQ_GUARDIA_MEDICA;regione;liguria;2025;23.8
AVQ_GUARDIA_MEDICA;regione;lombardia;2025;27.6
AVQ_GUARDIA_MEDICA;regione;marche;2025;46.7
AVQ_GUARDIA_MEDICA;regione;molise;2025;35.9
AVQ_GUARDIA_MEDICA;regione;piemonte;2025;31.6
AVQ_GUARDIA_MEDICA;regione;puglia;2025;46.9
AVQ_GUARDIA_MEDICA;regione;sardegna;2025;49.5
AVQ_GUARDIA_MEDICA;regione;sicilia;2025;45.4
AVQ_GUARDIA_MEDICA;regione;toscana;2025;39.4
AVQ_GUARDIA_MEDICA;regione;trentino-alto-adige;2025;46.755422
AVQ_GUARDIA_MEDICA;regione;umbria;2025;40.3
AVQ_GUARDIA_MEDICA;regione;valle-d-aosta;2025;30.1
AVQ_GUARDIA_MEDICA;regione;veneto;2025;27.2
AVQ_ASL_FILA_OLTRE_20_MIN;regione;abruzzo;2001;35.5
AVQ_ASL_FILA_OLTRE_20_MIN;regione;basilicata;2001;55.9
AVQ_ASL_FILA_OLTRE_20_MIN;regione;calabria;2001;56.1
AVQ_ASL_FILA_OLTRE_20_MIN;regione;campania;2001;48.3
AVQ_ASL_FILA_OLTRE_20_MIN;regione;emilia-romagna;2001;32.8
AVQ_ASL_FILA_OLTRE_20_MIN;regione;friuli-venezia-giulia;2001;41.0
AVQ_ASL_FILA_OLTRE_20_MIN;regione;lazio;2001;59.3
AVQ_ASL_FILA_OLTRE_20_MIN;regione;liguria;2001;35.2
AVQ_ASL_FILA_OLTRE_20_MIN;regione;lombardia;2001;29.5
AVQ_ASL_FILA_OLTRE_20_MIN;regione;marche;2001;30.8
AVQ_ASL_FILA_OLTRE_20_MIN;regione;molise;2001;46.5
AVQ_ASL_FILA_OLTRE_20_MIN;regione;piemonte;2001;36.3
AVQ_ASL_FILA_OLTRE_20_MIN;regione;puglia;2001;53.9
AVQ_ASL_FILA_OLTRE_20_MIN;regione;sardegna;2001;56.3
AVQ_ASL_FILA_OLTRE_20_MIN;regione;sicilia;2001;54.0
AVQ_ASL_FILA_OLTRE_20_MIN;regione;toscana;2001;33.7
AVQ_ASL_FILA_OLTRE_20_MIN;regione;trentino-alto-adige;2001;20.2
AVQ_ASL_FILA_OLTRE_20_MIN;regione;umbria;2001;39.0
AVQ_ASL_FILA_OLTRE_20_MIN;regione;valle-d-aosta;2001;13.0
AVQ_ASL_FILA_OLTRE_20_MIN;regione;veneto;2001;32.1
AVQ_ASL_FILA_OLTRE_20_MIN;regione;abruzzo;2002;41.2
AVQ_ASL_FILA_OLTRE_20_MIN;regione;basilicata;2002;58.2
AVQ_ASL_FILA_OLTRE_20_MIN;regione;calabria;2002;55.3
AVQ_ASL_FILA_OLTRE_20_MIN;regione;campania;2002;44.1
AVQ_ASL_FILA_OLTRE_20_MIN;regione;emilia-romagna;2002;36.2
AVQ_ASL_FILA_OLTRE_20_MIN;regione;friuli-venezia-giulia;2002;37.8
AVQ_ASL_FILA_OLTRE_20_MIN;regione;lazio;2002;58.7
AVQ_ASL_FILA_OLTRE_20_MIN;regione;liguria;2002;36.7
AVQ_ASL_FILA_OLTRE_20_MIN;regione;lombardia;2002;31.1
AVQ_ASL_FILA_OLTRE_20_MIN;regione;marche;2002;22.2
AVQ_ASL_FILA_OLTRE_20_MIN;regione;molise;2002;48.0
AVQ_ASL_FILA_OLTRE_20_MIN;regione;piemonte;2002;35.0
AVQ_ASL_FILA_OLTRE_20_MIN;regione;puglia;2002;48.3
AVQ_ASL_FILA_OLTRE_20_MIN;regione;sardegna;2002;54.3
AVQ_ASL_FILA_OLTRE_20_MIN;regione;sicilia;2002;55.1
AVQ_ASL_FILA_OLTRE_20_MIN;regione;toscana;2002;29.2
AVQ_ASL_FILA_OLTRE_20_MIN;regione;trentino-alto-adige;2002;20.29462
AVQ_ASL_FILA_OLTRE_20_MIN;regione;umbria;2002;38.3
AVQ_ASL_FILA_OLTRE_20_MIN;regione;valle-d-aosta;2002;13.0
AVQ_ASL_FILA_OLTRE_20_MIN;regione;veneto;2002;28.9
AVQ_ASL_FILA_OLTRE_20_MIN;regione;abruzzo;2003;41.8
AVQ_ASL_FILA_OLTRE_20_MIN;regione;basilicata;2003;50.5
AVQ_ASL_FILA_OLTRE_20_MIN;regione;calabria;2003;57.4
AVQ_ASL_FILA_OLTRE_20_MIN;regione;campania;2003;39.6
AVQ_ASL_FILA_OLTRE_20_MIN;regione;emilia-romagna;2003;34.6
AVQ_ASL_FILA_OLTRE_20_MIN;regione;friuli-venezia-giulia;2003;38.6
AVQ_ASL_FILA_OLTRE_20_MIN;regione;lazio;2003;59.5
AVQ_ASL_FILA_OLTRE_20_MIN;regione;liguria;2003;37.4
AVQ_ASL_FILA_OLTRE_20_MIN;regione;lombardia;2003;32.5
AVQ_ASL_FILA_OLTRE_20_MIN;regione;marche;2003;27.0
AVQ_ASL_FILA_OLTRE_20_MIN;regione;molise;2003;47.9
AVQ_ASL_FILA_OLTRE_20_MIN;regione;piemonte;2003;40.3
AVQ_ASL_FILA_OLTRE_20_MIN;regione;puglia;2003;54.1
AVQ_ASL_FILA_OLTRE_20_MIN;regione;sardegna;2003;59.5
AVQ_ASL_FILA_OLTRE_20_MIN;regione;sicilia;2003;56.5
AVQ_ASL_FILA_OLTRE_20_MIN;regione;toscana;2003;36.8
AVQ_ASL_FILA_OLTRE_20_MIN;regione;trentino-alto-adige;2003;18.338855
AVQ_ASL_FILA_OLTRE_20_MIN;regione;umbria;2003;36.6
AVQ_ASL_FILA_OLTRE_20_MIN;regione;valle-d-aosta;2003;14.5
AVQ_ASL_FILA_OLTRE_20_MIN;regione;veneto;2003;31.4
AVQ_ASL_FILA_OLTRE_20_MIN;regione;abruzzo;2005;47.7
AVQ_ASL_FILA_OLTRE_20_MIN;regione;basilicata;2005;50.2
AVQ_ASL_FILA_OLTRE_20_MIN;regione;calabria;2005;61.8
AVQ_ASL_FILA_OLTRE_20_MIN;regione;campania;2005;44.3
AVQ_ASL_FILA_OLTRE_20_MIN;regione;emilia-romagna;2005;36.2
AVQ_ASL_FILA_OLTRE_20_MIN;regione;friuli-venezia-giulia;2005;39.9
AVQ_ASL_FILA_OLTRE_20_MIN;regione;lazio;2005;66.7
AVQ_ASL_FILA_OLTRE_20_MIN;regione;liguria;2005;42.2
AVQ_ASL_FILA_OLTRE_20_MIN;regione;lombardia;2005;36.0
AVQ_ASL_FILA_OLTRE_20_MIN;regione;marche;2005;28.6
AVQ_ASL_FILA_OLTRE_20_MIN;regione;molise;2005;45.5
AVQ_ASL_FILA_OLTRE_20_MIN;regione;piemonte;2005;42.0
AVQ_ASL_FILA_OLTRE_20_MIN;regione;puglia;2005;57.1
AVQ_ASL_FILA_OLTRE_20_MIN;regione;sardegna;2005;58.9
AVQ_ASL_FILA_OLTRE_20_MIN;regione;sicilia;2005;54.6
AVQ_ASL_FILA_OLTRE_20_MIN;regione;toscana;2005;39.1
AVQ_ASL_FILA_OLTRE_20_MIN;regione;trentino-alto-adige;2005;18.580359
AVQ_ASL_FILA_OLTRE_20_MIN;regione;umbria;2005;34.2
AVQ_ASL_FILA_OLTRE_20_MIN;regione;valle-d-aosta;2005;21.6
AVQ_ASL_FILA_OLTRE_20_MIN;regione;veneto;2005;34.9
AVQ_ASL_FILA_OLTRE_20_MIN;regione;abruzzo;2006;49.0
AVQ_ASL_FILA_OLTRE_20_MIN;regione;basilicata;2006;53.1
AVQ_ASL_FILA_OLTRE_20_MIN;regione;calabria;2006;60.5
AVQ_ASL_FILA_OLTRE_20_MIN;regione;campania;2006;54.7
AVQ_ASL_FILA_OLTRE_20_MIN;regione;emilia-romagna;2006;36.8
AVQ_ASL_FILA_OLTRE_20_MIN;regione;friuli-venezia-giulia;2006;34.2
AVQ_ASL_FILA_OLTRE_20_MIN;regione;lazio;2006;62.1
AVQ_ASL_FILA_OLTRE_20_MIN;regione;liguria;2006;42.6
AVQ_ASL_FILA_OLTRE_20_MIN;regione;lombardia;2006;36.0
AVQ_ASL_FILA_OLTRE_20_MIN;regione;marche;2006;28.3
AVQ_ASL_FILA_OLTRE_20_MIN;regione;molise;2006;47.7
AVQ_ASL_FILA_OLTRE_20_MIN;regione;piemonte;2006;43.1
AVQ_ASL_FILA_OLTRE_20_MIN;regione;puglia;2006;54.9
AVQ_ASL_FILA_OLTRE_20_MIN;regione;sardegna;2006;58.7
AVQ_ASL_FILA_OLTRE_20_MIN;regione;sicilia;2006;56.5
AVQ_ASL_FILA_OLTRE_20_MIN;regione;toscana;2006;35.3
AVQ_ASL_FILA_OLTRE_20_MIN;regione;trentino-alto-adige;2006;21.756533
AVQ_ASL_FILA_OLTRE_20_MIN;regione;umbria;2006;36.9
AVQ_ASL_FILA_OLTRE_20_MIN;regione;valle-d-aosta;2006;16.8
AVQ_ASL_FILA_OLTRE_20_MIN;regione;veneto;2006;32.8
AVQ_ASL_FILA_OLTRE_20_MIN;regione;abruzzo;2007;49.9
AVQ_ASL_FILA_OLTRE_20_MIN;regione;basilicata;2007;56.0
AVQ_ASL_FILA_OLTRE_20_MIN;regione;calabria;2007;58.1
AVQ_ASL_FILA_OLTRE_20_MIN;regione;campania;2007;48.7
AVQ_ASL_FILA_OLTRE_20_MIN;regione;emilia-romagna;2007;36.7
AVQ_ASL_FILA_OLTRE_20_MIN;regione;friuli-venezia-giulia;2007;38.2
AVQ_ASL_FILA_OLTRE_20_MIN;regione;lazio;2007;61.3
AVQ_ASL_FILA_OLTRE_20_MIN;regione;liguria;2007;48.6
AVQ_ASL_FILA_OLTRE_20_MIN;regione;lombardia;2007;36.4
AVQ_ASL_FILA_OLTRE_20_MIN;regione;marche;2007;32.2
AVQ_ASL_FILA_OLTRE_20_MIN;regione;molise;2007;51.7
AVQ_ASL_FILA_OLTRE_20_MIN;regione;piemonte;2007;41.9
AVQ_ASL_FILA_OLTRE_20_MIN;regione;puglia;2007;53.1
AVQ_ASL_FILA_OLTRE_20_MIN;regione;sardegna;2007;58.5
AVQ_ASL_FILA_OLTRE_20_MIN;regione;sicilia;2007;56.3
AVQ_ASL_FILA_OLTRE_20_MIN;regione;toscana;2007;38.5
AVQ_ASL_FILA_OLTRE_20_MIN;regione;trentino-alto-adige;2007;19.141161
AVQ_ASL_FILA_OLTRE_20_MIN;regione;umbria;2007;37.7
AVQ_ASL_FILA_OLTRE_20_MIN;regione;valle-d-aosta;2007;27.8
AVQ_ASL_FILA_OLTRE_20_MIN;regione;veneto;2007;31.5
AVQ_ASL_FILA_OLTRE_20_MIN;regione;abruzzo;2008;57.5
AVQ_ASL_FILA_OLTRE_20_MIN;regione;basilicata;2008;54.4
AVQ_ASL_FILA_OLTRE_20_MIN;regione;calabria;2008;63.1
AVQ_ASL_FILA_OLTRE_20_MIN;regione;campania;2008;53.3
AVQ_ASL_FILA_OLTRE_20_MIN;regione;emilia-romagna;2008;37.5
AVQ_ASL_FILA_OLTRE_20_MIN;regione;friuli-venezia-giulia;2008;43.6
AVQ_ASL_FILA_OLTRE_20_MIN;regione;lazio;2008;65.1
AVQ_ASL_FILA_OLTRE_20_MIN;regione;liguria;2008;50.8
AVQ_ASL_FILA_OLTRE_20_MIN;regione;lombardia;2008;37.8
AVQ_ASL_FILA_OLTRE_20_MIN;regione;marche;2008;34.1
AVQ_ASL_FILA_OLTRE_20_MIN;regione;molise;2008;46.3
AVQ_ASL_FILA_OLTRE_20_MIN;regione;piemonte;2008;47.8
AVQ_ASL_FILA_OLTRE_20_MIN;regione;puglia;2008;55.8
AVQ_ASL_FILA_OLTRE_20_MIN;regione;sardegna;2008;56.6
AVQ_ASL_FILA_OLTRE_20_MIN;regione;sicilia;2008;62.4
AVQ_ASL_FILA_OLTRE_20_MIN;regione;toscana;2008;46.9
AVQ_ASL_FILA_OLTRE_20_MIN;regione;trentino-alto-adige;2008;19.293851
AVQ_ASL_FILA_OLTRE_20_MIN;regione;umbria;2008;37.7
AVQ_ASL_FILA_OLTRE_20_MIN;regione;valle-d-aosta;2008;28.5
AVQ_ASL_FILA_OLTRE_20_MIN;regione;veneto;2008;38.6
AVQ_ASL_FILA_OLTRE_20_MIN;regione;abruzzo;2009;57.4
AVQ_ASL_FILA_OLTRE_20_MIN;regione;basilicata;2009;60.2
AVQ_ASL_FILA_OLTRE_20_MIN;regione;calabria;2009;63.6
AVQ_ASL_FILA_OLTRE_20_MIN;regione;campania;2009;56.0
AVQ_ASL_FILA_OLTRE_20_MIN;regione;emilia-romagna;2009;41.9
AVQ_ASL_FILA_OLTRE_20_MIN;regione;friuli-venezia-giulia;2009;39.2
AVQ_ASL_FILA_OLTRE_20_MIN;regione;lazio;2009;67.3
AVQ_ASL_FILA_OLTRE_20_MIN;regione;liguria;2009;50.5
AVQ_ASL_FILA_OLTRE_20_MIN;regione;lombardia;2009;37.0
AVQ_ASL_FILA_OLTRE_20_MIN;regione;marche;2009;40.2
AVQ_ASL_FILA_OLTRE_20_MIN;regione;molise;2009;49.5
AVQ_ASL_FILA_OLTRE_20_MIN;regione;piemonte;2009;43.3
AVQ_ASL_FILA_OLTRE_20_MIN;regione;puglia;2009;59.6
AVQ_ASL_FILA_OLTRE_20_MIN;regione;sardegna;2009;62.4
AVQ_ASL_FILA_OLTRE_20_MIN;regione;sicilia;2009;66.8
AVQ_ASL_FILA_OLTRE_20_MIN;regione;toscana;2009;44.7
AVQ_ASL_FILA_OLTRE_20_MIN;regione;trentino-alto-adige;2009;19.506149
AVQ_ASL_FILA_OLTRE_20_MIN;regione;umbria;2009;42.6
AVQ_ASL_FILA_OLTRE_20_MIN;regione;valle-d-aosta;2009;29.6
AVQ_ASL_FILA_OLTRE_20_MIN;regione;veneto;2009;39.5
AVQ_ASL_FILA_OLTRE_20_MIN;regione;abruzzo;2010;59.6
AVQ_ASL_FILA_OLTRE_20_MIN;regione;basilicata;2010;54.9
AVQ_ASL_FILA_OLTRE_20_MIN;regione;calabria;2010;61.3
AVQ_ASL_FILA_OLTRE_20_MIN;regione;campania;2010;55.8
AVQ_ASL_FILA_OLTRE_20_MIN;regione;emilia-romagna;2010;40.4
AVQ_ASL_FILA_OLTRE_20_MIN;regione;friuli-venezia-giulia;2010;44.9
AVQ_ASL_FILA_OLTRE_20_MIN;regione;lazio;2010;62.6
AVQ_ASL_FILA_OLTRE_20_MIN;regione;liguria;2010;51.7
AVQ_ASL_FILA_OLTRE_20_MIN;regione;lombardia;2010;36.4
AVQ_ASL_FILA_OLTRE_20_MIN;regione;marche;2010;31.2
AVQ_ASL_FILA_OLTRE_20_MIN;regione;molise;2010;42.4
AVQ_ASL_FILA_OLTRE_20_MIN;regione;piemonte;2010;45.7
AVQ_ASL_FILA_OLTRE_20_MIN;regione;puglia;2010;56.7
AVQ_ASL_FILA_OLTRE_20_MIN;regione;sardegna;2010;60.5
AVQ_ASL_FILA_OLTRE_20_MIN;regione;sicilia;2010;60.3
AVQ_ASL_FILA_OLTRE_20_MIN;regione;toscana;2010;43.6
AVQ_ASL_FILA_OLTRE_20_MIN;regione;trentino-alto-adige;2010;15.89462
AVQ_ASL_FILA_OLTRE_20_MIN;regione;umbria;2010;31.2
AVQ_ASL_FILA_OLTRE_20_MIN;regione;valle-d-aosta;2010;21.6
AVQ_ASL_FILA_OLTRE_20_MIN;regione;veneto;2010;35.0
AVQ_ASL_FILA_OLTRE_20_MIN;regione;abruzzo;2011;65.6
AVQ_ASL_FILA_OLTRE_20_MIN;regione;basilicata;2011;53.8
AVQ_ASL_FILA_OLTRE_20_MIN;regione;calabria;2011;74.1
AVQ_ASL_FILA_OLTRE_20_MIN;regione;campania;2011;66.8
AVQ_ASL_FILA_OLTRE_20_MIN;regione;emilia-romagna;2011;39.6
AVQ_ASL_FILA_OLTRE_20_MIN;regione;friuli-venezia-giulia;2011;42.0
AVQ_ASL_FILA_OLTRE_20_MIN;regione;lazio;2011;61.4
AVQ_ASL_FILA_OLTRE_20_MIN;regione;liguria;2011;48.6
AVQ_ASL_FILA_OLTRE_20_MIN;regione;lombardia;2011;38.5
AVQ_ASL_FILA_OLTRE_20_MIN;regione;marche;2011;40.9
AVQ_ASL_FILA_OLTRE_20_MIN;regione;molise;2011;46.4
AVQ_ASL_FILA_OLTRE_20_MIN;regione;piemonte;2011;44.6
AVQ_ASL_FILA_OLTRE_20_MIN;regione;puglia;2011;59.5
AVQ_ASL_FILA_OLTRE_20_MIN;regione;sardegna;2011;54.1
AVQ_ASL_FILA_OLTRE_20_MIN;regione;sicilia;2011;60.7
AVQ_ASL_FILA_OLTRE_20_MIN;regione;toscana;2011;42.7
AVQ_ASL_FILA_OLTRE_20_MIN;regione;trentino-alto-adige;2011;18.485397
AVQ_ASL_FILA_OLTRE_20_MIN;regione;umbria;2011;40.1
AVQ_ASL_FILA_OLTRE_20_MIN;regione;valle-d-aosta;2011;29.5
AVQ_ASL_FILA_OLTRE_20_MIN;regione;veneto;2011;40.2
AVQ_ASL_FILA_OLTRE_20_MIN;regione;abruzzo;2012;69.1
AVQ_ASL_FILA_OLTRE_20_MIN;regione;basilicata;2012;63.4
AVQ_ASL_FILA_OLTRE_20_MIN;regione;calabria;2012;68.3
AVQ_ASL_FILA_OLTRE_20_MIN;regione;campania;2012;60.2
AVQ_ASL_FILA_OLTRE_20_MIN;regione;emilia-romagna;2012;41.0
AVQ_ASL_FILA_OLTRE_20_MIN;regione;friuli-venezia-giulia;2012;44.6
AVQ_ASL_FILA_OLTRE_20_MIN;regione;lazio;2012;61.7
AVQ_ASL_FILA_OLTRE_20_MIN;regione;liguria;2012;52.5
AVQ_ASL_FILA_OLTRE_20_MIN;regione;lombardia;2012;44.1
AVQ_ASL_FILA_OLTRE_20_MIN;regione;marche;2012;41.2
AVQ_ASL_FILA_OLTRE_20_MIN;regione;molise;2012;46.4
AVQ_ASL_FILA_OLTRE_20_MIN;regione;piemonte;2012;50.5
AVQ_ASL_FILA_OLTRE_20_MIN;regione;puglia;2012;63.8
AVQ_ASL_FILA_OLTRE_20_MIN;regione;sardegna;2012;59.9
AVQ_ASL_FILA_OLTRE_20_MIN;regione;sicilia;2012;61.1
AVQ_ASL_FILA_OLTRE_20_MIN;regione;toscana;2012;44.1
AVQ_ASL_FILA_OLTRE_20_MIN;regione;trentino-alto-adige;2012;17.906917
AVQ_ASL_FILA_OLTRE_20_MIN;regione;umbria;2012;40.4
AVQ_ASL_FILA_OLTRE_20_MIN;regione;valle-d-aosta;2012;27.7
AVQ_ASL_FILA_OLTRE_20_MIN;regione;veneto;2012;45.0
AVQ_ASL_FILA_OLTRE_20_MIN;regione;abruzzo;2013;60.1
AVQ_ASL_FILA_OLTRE_20_MIN;regione;basilicata;2013;55.4
AVQ_ASL_FILA_OLTRE_20_MIN;regione;calabria;2013;70.8
AVQ_ASL_FILA_OLTRE_20_MIN;regione;campania;2013;56.6
AVQ_ASL_FILA_OLTRE_20_MIN;regione;emilia-romagna;2013;41.8
AVQ_ASL_FILA_OLTRE_20_MIN;regione;friuli-venezia-giulia;2013;42.3
AVQ_ASL_FILA_OLTRE_20_MIN;regione;lazio;2013;62.2
AVQ_ASL_FILA_OLTRE_20_MIN;regione;liguria;2013;56.4
AVQ_ASL_FILA_OLTRE_20_MIN;regione;lombardia;2013;41.0
AVQ_ASL_FILA_OLTRE_20_MIN;regione;marche;2013;39.0
AVQ_ASL_FILA_OLTRE_20_MIN;regione;molise;2013;49.9
AVQ_ASL_FILA_OLTRE_20_MIN;regione;piemonte;2013;50.4
AVQ_ASL_FILA_OLTRE_20_MIN;regione;puglia;2013;59.2
AVQ_ASL_FILA_OLTRE_20_MIN;regione;sardegna;2013;56.5
AVQ_ASL_FILA_OLTRE_20_MIN;regione;sicilia;2013;66.7
AVQ_ASL_FILA_OLTRE_20_MIN;regione;toscana;2013;47.3
AVQ_ASL_FILA_OLTRE_20_MIN;regione;trentino-alto-adige;2013;22.803074
AVQ_ASL_FILA_OLTRE_20_MIN;regione;umbria;2013;44.0
AVQ_ASL_FILA_OLTRE_20_MIN;regione;valle-d-aosta;2013;28.7
AVQ_ASL_FILA_OLTRE_20_MIN;regione;veneto;2013;39.8
AVQ_ASL_FILA_OLTRE_20_MIN;regione;abruzzo;2014;66.0
AVQ_ASL_FILA_OLTRE_20_MIN;regione;basilicata;2014;53.4
AVQ_ASL_FILA_OLTRE_20_MIN;regione;calabria;2014;72.9
AVQ_ASL_FILA_OLTRE_20_MIN;regione;campania;2014;65.5
AVQ_ASL_FILA_OLTRE_20_MIN;regione;emilia-romagna;2014;43.8
AVQ_ASL_FILA_OLTRE_20_MIN;regione;friuli-venezia-giulia;2014;47.3
AVQ_ASL_FILA_OLTRE_20_MIN;regione;lazio;2014;64.0
AVQ_ASL_FILA_OLTRE_20_MIN;regione;liguria;2014;55.5
AVQ_ASL_FILA_OLTRE_20_MIN;regione;lombardia;2014;39.5
AVQ_ASL_FILA_OLTRE_20_MIN;regione;marche;2014;42.2
AVQ_ASL_FILA_OLTRE_20_MIN;regione;molise;2014;50.6
AVQ_ASL_FILA_OLTRE_20_MIN;regione;piemonte;2014;51.2
AVQ_ASL_FILA_OLTRE_20_MIN;regione;puglia;2014;66.4
AVQ_ASL_FILA_OLTRE_20_MIN;regione;sardegna;2014;60.5
AVQ_ASL_FILA_OLTRE_20_MIN;regione;sicilia;2014;67.7
AVQ_ASL_FILA_OLTRE_20_MIN;regione;toscana;2014;50.1
AVQ_ASL_FILA_OLTRE_20_MIN;regione;trentino-alto-adige;2014;20.861913
AVQ_ASL_FILA_OLTRE_20_MIN;regione;umbria;2014;55.9
AVQ_ASL_FILA_OLTRE_20_MIN;regione;valle-d-aosta;2014;32.9
AVQ_ASL_FILA_OLTRE_20_MIN;regione;veneto;2014;47.3
AVQ_ASL_FILA_OLTRE_20_MIN;regione;abruzzo;2015;68.0
AVQ_ASL_FILA_OLTRE_20_MIN;regione;basilicata;2015;54.1
AVQ_ASL_FILA_OLTRE_20_MIN;regione;calabria;2015;65.2
AVQ_ASL_FILA_OLTRE_20_MIN;regione;campania;2015;59.2
AVQ_ASL_FILA_OLTRE_20_MIN;regione;emilia-romagna;2015;47.2
AVQ_ASL_FILA_OLTRE_20_MIN;regione;friuli-venezia-giulia;2015;40.5
AVQ_ASL_FILA_OLTRE_20_MIN;regione;lazio;2015;66.0
AVQ_ASL_FILA_OLTRE_20_MIN;regione;liguria;2015;58.2
AVQ_ASL_FILA_OLTRE_20_MIN;regione;lombardia;2015;42.9
AVQ_ASL_FILA_OLTRE_20_MIN;regione;marche;2015;35.4
AVQ_ASL_FILA_OLTRE_20_MIN;regione;molise;2015;50.6
AVQ_ASL_FILA_OLTRE_20_MIN;regione;piemonte;2015;52.0
AVQ_ASL_FILA_OLTRE_20_MIN;regione;puglia;2015;62.0
AVQ_ASL_FILA_OLTRE_20_MIN;regione;sardegna;2015;65.3
AVQ_ASL_FILA_OLTRE_20_MIN;regione;sicilia;2015;62.5
AVQ_ASL_FILA_OLTRE_20_MIN;regione;toscana;2015;53.2
AVQ_ASL_FILA_OLTRE_20_MIN;regione;trentino-alto-adige;2015;24.293083
AVQ_ASL_FILA_OLTRE_20_MIN;regione;umbria;2015;45.4
AVQ_ASL_FILA_OLTRE_20_MIN;regione;valle-d-aosta;2015;35.7
AVQ_ASL_FILA_OLTRE_20_MIN;regione;veneto;2015;40.2
AVQ_ASL_FILA_OLTRE_20_MIN;regione;abruzzo;2016;61.0
AVQ_ASL_FILA_OLTRE_20_MIN;regione;basilicata;2016;61.4
AVQ_ASL_FILA_OLTRE_20_MIN;regione;calabria;2016;68.1
AVQ_ASL_FILA_OLTRE_20_MIN;regione;campania;2016;66.8
AVQ_ASL_FILA_OLTRE_20_MIN;regione;emilia-romagna;2016;40.2
AVQ_ASL_FILA_OLTRE_20_MIN;regione;friuli-venezia-giulia;2016;45.8
AVQ_ASL_FILA_OLTRE_20_MIN;regione;lazio;2016;62.4
AVQ_ASL_FILA_OLTRE_20_MIN;regione;liguria;2016;52.8
AVQ_ASL_FILA_OLTRE_20_MIN;regione;lombardia;2016;42.9
AVQ_ASL_FILA_OLTRE_20_MIN;regione;marche;2016;43.9
AVQ_ASL_FILA_OLTRE_20_MIN;regione;molise;2016;49.9
AVQ_ASL_FILA_OLTRE_20_MIN;regione;piemonte;2016;54.9
AVQ_ASL_FILA_OLTRE_20_MIN;regione;puglia;2016;63.9
AVQ_ASL_FILA_OLTRE_20_MIN;regione;sardegna;2016;62.8
AVQ_ASL_FILA_OLTRE_20_MIN;regione;sicilia;2016;55.6
AVQ_ASL_FILA_OLTRE_20_MIN;regione;toscana;2016;51.4
AVQ_ASL_FILA_OLTRE_20_MIN;regione;trentino-alto-adige;2016;24.390777
AVQ_ASL_FILA_OLTRE_20_MIN;regione;umbria;2016;46.2
AVQ_ASL_FILA_OLTRE_20_MIN;regione;valle-d-aosta;2016;38.5
AVQ_ASL_FILA_OLTRE_20_MIN;regione;veneto;2016;41.4
AVQ_ASL_FILA_OLTRE_20_MIN;regione;abruzzo;2017;59.5
AVQ_ASL_FILA_OLTRE_20_MIN;regione;basilicata;2017;68.3
AVQ_ASL_FILA_OLTRE_20_MIN;regione;calabria;2017;73.6
AVQ_ASL_FILA_OLTRE_20_MIN;regione;campania;2017;63.3
AVQ_ASL_FILA_OLTRE_20_MIN;regione;emilia-romagna;2017;43.9
AVQ_ASL_FILA_OLTRE_20_MIN;regione;friuli-venezia-giulia;2017;40.1
AVQ_ASL_FILA_OLTRE_20_MIN;regione;lazio;2017;61.9
AVQ_ASL_FILA_OLTRE_20_MIN;regione;liguria;2017;60.7
AVQ_ASL_FILA_OLTRE_20_MIN;regione;lombardia;2017;43.9
AVQ_ASL_FILA_OLTRE_20_MIN;regione;marche;2017;44.4
AVQ_ASL_FILA_OLTRE_20_MIN;regione;molise;2017;53.2
AVQ_ASL_FILA_OLTRE_20_MIN;regione;piemonte;2017;56.5
AVQ_ASL_FILA_OLTRE_20_MIN;regione;puglia;2017;66.6
AVQ_ASL_FILA_OLTRE_20_MIN;regione;sardegna;2017;64.6
AVQ_ASL_FILA_OLTRE_20_MIN;regione;sicilia;2017;64.5
AVQ_ASL_FILA_OLTRE_20_MIN;regione;toscana;2017;50.3
AVQ_ASL_FILA_OLTRE_20_MIN;regione;trentino-alto-adige;2017;23.13655
AVQ_ASL_FILA_OLTRE_20_MIN;regione;umbria;2017;45.5
AVQ_ASL_FILA_OLTRE_20_MIN;regione;valle-d-aosta;2017;29.4
AVQ_ASL_FILA_OLTRE_20_MIN;regione;veneto;2017;37.8
AVQ_ASL_FILA_OLTRE_20_MIN;regione;abruzzo;2018;57.8
AVQ_ASL_FILA_OLTRE_20_MIN;regione;basilicata;2018;53.0
AVQ_ASL_FILA_OLTRE_20_MIN;regione;calabria;2018;73.2
AVQ_ASL_FILA_OLTRE_20_MIN;regione;campania;2018;62.4
AVQ_ASL_FILA_OLTRE_20_MIN;regione;emilia-romagna;2018;44.6
AVQ_ASL_FILA_OLTRE_20_MIN;regione;friuli-venezia-giulia;2018;43.0
AVQ_ASL_FILA_OLTRE_20_MIN;regione;lazio;2018;68.1
AVQ_ASL_FILA_OLTRE_20_MIN;regione;liguria;2018;60.3
AVQ_ASL_FILA_OLTRE_20_MIN;regione;lombardia;2018;50.4
AVQ_ASL_FILA_OLTRE_20_MIN;regione;marche;2018;42.6
AVQ_ASL_FILA_OLTRE_20_MIN;regione;molise;2018;54.3
AVQ_ASL_FILA_OLTRE_20_MIN;regione;piemonte;2018;55.1
AVQ_ASL_FILA_OLTRE_20_MIN;regione;puglia;2018;60.9
AVQ_ASL_FILA_OLTRE_20_MIN;regione;sardegna;2018;69.7
AVQ_ASL_FILA_OLTRE_20_MIN;regione;sicilia;2018;73.3
AVQ_ASL_FILA_OLTRE_20_MIN;regione;toscana;2018;50.6
AVQ_ASL_FILA_OLTRE_20_MIN;regione;trentino-alto-adige;2018;22.490777
AVQ_ASL_FILA_OLTRE_20_MIN;regione;umbria;2018;48.4
AVQ_ASL_FILA_OLTRE_20_MIN;regione;valle-d-aosta;2018;32.5
AVQ_ASL_FILA_OLTRE_20_MIN;regione;veneto;2018;43.8
AVQ_ASL_FILA_OLTRE_20_MIN;regione;abruzzo;2019;59.9
AVQ_ASL_FILA_OLTRE_20_MIN;regione;basilicata;2019;57.9
AVQ_ASL_FILA_OLTRE_20_MIN;regione;calabria;2019;70.9
AVQ_ASL_FILA_OLTRE_20_MIN;regione;campania;2019;66.7
AVQ_ASL_FILA_OLTRE_20_MIN;regione;emilia-romagna;2019;46.2
AVQ_ASL_FILA_OLTRE_20_MIN;regione;friuli-venezia-giulia;2019;44.1
AVQ_ASL_FILA_OLTRE_20_MIN;regione;lazio;2019;61.4
AVQ_ASL_FILA_OLTRE_20_MIN;regione;liguria;2019;51.4
AVQ_ASL_FILA_OLTRE_20_MIN;regione;lombardia;2019;52.0
AVQ_ASL_FILA_OLTRE_20_MIN;regione;marche;2019;47.7
AVQ_ASL_FILA_OLTRE_20_MIN;regione;molise;2019;49.8
AVQ_ASL_FILA_OLTRE_20_MIN;regione;piemonte;2019;55.6
AVQ_ASL_FILA_OLTRE_20_MIN;regione;puglia;2019;61.5
AVQ_ASL_FILA_OLTRE_20_MIN;regione;sardegna;2019;66.3
AVQ_ASL_FILA_OLTRE_20_MIN;regione;sicilia;2019;70.9
AVQ_ASL_FILA_OLTRE_20_MIN;regione;toscana;2019;51.4
AVQ_ASL_FILA_OLTRE_20_MIN;regione;trentino-alto-adige;2019;28.317335
AVQ_ASL_FILA_OLTRE_20_MIN;regione;umbria;2019;42.5
AVQ_ASL_FILA_OLTRE_20_MIN;regione;valle-d-aosta;2019;33.5
AVQ_ASL_FILA_OLTRE_20_MIN;regione;veneto;2019;41.5
AVQ_ASL_FILA_OLTRE_20_MIN;regione;abruzzo;2020;60.5
AVQ_ASL_FILA_OLTRE_20_MIN;regione;basilicata;2020;55.7
AVQ_ASL_FILA_OLTRE_20_MIN;regione;calabria;2020;70.2
AVQ_ASL_FILA_OLTRE_20_MIN;regione;campania;2020;65.5
AVQ_ASL_FILA_OLTRE_20_MIN;regione;emilia-romagna;2020;39.4
AVQ_ASL_FILA_OLTRE_20_MIN;regione;friuli-venezia-giulia;2020;33.7
AVQ_ASL_FILA_OLTRE_20_MIN;regione;lazio;2020;71.2
AVQ_ASL_FILA_OLTRE_20_MIN;regione;liguria;2020;52.9
AVQ_ASL_FILA_OLTRE_20_MIN;regione;lombardia;2020;51.9
AVQ_ASL_FILA_OLTRE_20_MIN;regione;marche;2020;51.1
AVQ_ASL_FILA_OLTRE_20_MIN;regione;molise;2020;56.9
AVQ_ASL_FILA_OLTRE_20_MIN;regione;piemonte;2020;53.6
AVQ_ASL_FILA_OLTRE_20_MIN;regione;puglia;2020;58.8
AVQ_ASL_FILA_OLTRE_20_MIN;regione;sardegna;2020;63.5
AVQ_ASL_FILA_OLTRE_20_MIN;regione;sicilia;2020;70.3
AVQ_ASL_FILA_OLTRE_20_MIN;regione;toscana;2020;49.1
AVQ_ASL_FILA_OLTRE_20_MIN;regione;trentino-alto-adige;2020;26.426984
AVQ_ASL_FILA_OLTRE_20_MIN;regione;umbria;2020;40.8
AVQ_ASL_FILA_OLTRE_20_MIN;regione;valle-d-aosta;2020;28.1
AVQ_ASL_FILA_OLTRE_20_MIN;regione;veneto;2020;40.2
AVQ_ASL_FILA_OLTRE_20_MIN;regione;abruzzo;2021;46.2
AVQ_ASL_FILA_OLTRE_20_MIN;regione;basilicata;2021;55.2
AVQ_ASL_FILA_OLTRE_20_MIN;regione;calabria;2021;65.9
AVQ_ASL_FILA_OLTRE_20_MIN;regione;campania;2021;60.6
AVQ_ASL_FILA_OLTRE_20_MIN;regione;emilia-romagna;2021;28.3
AVQ_ASL_FILA_OLTRE_20_MIN;regione;friuli-venezia-giulia;2021;29.7
AVQ_ASL_FILA_OLTRE_20_MIN;regione;lazio;2021;56.8
AVQ_ASL_FILA_OLTRE_20_MIN;regione;liguria;2021;39.5
AVQ_ASL_FILA_OLTRE_20_MIN;regione;lombardia;2021;42.4
AVQ_ASL_FILA_OLTRE_20_MIN;regione;marche;2021;36.8
AVQ_ASL_FILA_OLTRE_20_MIN;regione;molise;2021;65.5
AVQ_ASL_FILA_OLTRE_20_MIN;regione;piemonte;2021;43.2
AVQ_ASL_FILA_OLTRE_20_MIN;regione;puglia;2021;57.2
AVQ_ASL_FILA_OLTRE_20_MIN;regione;sardegna;2021;53.4
AVQ_ASL_FILA_OLTRE_20_MIN;regione;sicilia;2021;65.8
AVQ_ASL_FILA_OLTRE_20_MIN;regione;toscana;2021;39.4
AVQ_ASL_FILA_OLTRE_20_MIN;regione;trentino-alto-adige;2021;18.275405
AVQ_ASL_FILA_OLTRE_20_MIN;regione;umbria;2021;33.7
AVQ_ASL_FILA_OLTRE_20_MIN;regione;valle-d-aosta;2021;27.7
AVQ_ASL_FILA_OLTRE_20_MIN;regione;veneto;2021;30.1
AVQ_ASL_FILA_OLTRE_20_MIN;regione;abruzzo;2022;56.3
AVQ_ASL_FILA_OLTRE_20_MIN;regione;basilicata;2022;59.1
AVQ_ASL_FILA_OLTRE_20_MIN;regione;calabria;2022;70.4
AVQ_ASL_FILA_OLTRE_20_MIN;regione;campania;2022;70.0
AVQ_ASL_FILA_OLTRE_20_MIN;regione;emilia-romagna;2022;32.2
AVQ_ASL_FILA_OLTRE_20_MIN;regione;friuli-venezia-giulia;2022;34.3
AVQ_ASL_FILA_OLTRE_20_MIN;regione;lazio;2022;63.8
AVQ_ASL_FILA_OLTRE_20_MIN;regione;liguria;2022;42.4
AVQ_ASL_FILA_OLTRE_20_MIN;regione;lombardia;2022;45.9
AVQ_ASL_FILA_OLTRE_20_MIN;regione;marche;2022;37.6
AVQ_ASL_FILA_OLTRE_20_MIN;regione;molise;2022;61.0
AVQ_ASL_FILA_OLTRE_20_MIN;regione;piemonte;2022;50.0
AVQ_ASL_FILA_OLTRE_20_MIN;regione;puglia;2022;61.5
AVQ_ASL_FILA_OLTRE_20_MIN;regione;sardegna;2022;60.3
AVQ_ASL_FILA_OLTRE_20_MIN;regione;sicilia;2022;64.8
AVQ_ASL_FILA_OLTRE_20_MIN;regione;toscana;2022;40.8
AVQ_ASL_FILA_OLTRE_20_MIN;regione;trentino-alto-adige;2022;20.842698
AVQ_ASL_FILA_OLTRE_20_MIN;regione;umbria;2022;39.8
AVQ_ASL_FILA_OLTRE_20_MIN;regione;valle-d-aosta;2022;30.9
AVQ_ASL_FILA_OLTRE_20_MIN;regione;veneto;2022;35.3
AVQ_ASL_FILA_OLTRE_20_MIN;regione;abruzzo;2023;57.1
AVQ_ASL_FILA_OLTRE_20_MIN;regione;basilicata;2023;65.0
AVQ_ASL_FILA_OLTRE_20_MIN;regione;calabria;2023;67.2
AVQ_ASL_FILA_OLTRE_20_MIN;regione;campania;2023;65.8
AVQ_ASL_FILA_OLTRE_20_MIN;regione;emilia-romagna;2023;33.8
AVQ_ASL_FILA_OLTRE_20_MIN;regione;friuli-venezia-giulia;2023;29.7
AVQ_ASL_FILA_OLTRE_20_MIN;regione;lazio;2023;59.4
AVQ_ASL_FILA_OLTRE_20_MIN;regione;liguria;2023;42.5
AVQ_ASL_FILA_OLTRE_20_MIN;regione;lombardia;2023;47.1
AVQ_ASL_FILA_OLTRE_20_MIN;regione;marche;2023;42.4
AVQ_ASL_FILA_OLTRE_20_MIN;regione;molise;2023;67.6
AVQ_ASL_FILA_OLTRE_20_MIN;regione;piemonte;2023;49.9
AVQ_ASL_FILA_OLTRE_20_MIN;regione;puglia;2023;55.2
AVQ_ASL_FILA_OLTRE_20_MIN;regione;sardegna;2023;62.2
AVQ_ASL_FILA_OLTRE_20_MIN;regione;sicilia;2023;68.4
AVQ_ASL_FILA_OLTRE_20_MIN;regione;toscana;2023;42.3
AVQ_ASL_FILA_OLTRE_20_MIN;regione;trentino-alto-adige;2023;20.464645
AVQ_ASL_FILA_OLTRE_20_MIN;regione;umbria;2023;39.8
AVQ_ASL_FILA_OLTRE_20_MIN;regione;valle-d-aosta;2023;31.7
AVQ_ASL_FILA_OLTRE_20_MIN;regione;veneto;2023;39.7
AVQ_ASL_FILA_OLTRE_20_MIN;regione;abruzzo;2024;62.1
AVQ_ASL_FILA_OLTRE_20_MIN;regione;basilicata;2024;57.8
AVQ_ASL_FILA_OLTRE_20_MIN;regione;calabria;2024;63.9
AVQ_ASL_FILA_OLTRE_20_MIN;regione;campania;2024;65.8
AVQ_ASL_FILA_OLTRE_20_MIN;regione;emilia-romagna;2024;39.3
AVQ_ASL_FILA_OLTRE_20_MIN;regione;friuli-venezia-giulia;2024;34.4
AVQ_ASL_FILA_OLTRE_20_MIN;regione;lazio;2024;58.5
AVQ_ASL_FILA_OLTRE_20_MIN;regione;liguria;2024;46.0
AVQ_ASL_FILA_OLTRE_20_MIN;regione;lombardia;2024;47.5
AVQ_ASL_FILA_OLTRE_20_MIN;regione;marche;2024;38.8
AVQ_ASL_FILA_OLTRE_20_MIN;regione;molise;2024;66.7
AVQ_ASL_FILA_OLTRE_20_MIN;regione;piemonte;2024;52.8
AVQ_ASL_FILA_OLTRE_20_MIN;regione;puglia;2024;62.0
AVQ_ASL_FILA_OLTRE_20_MIN;regione;sardegna;2024;59.6
AVQ_ASL_FILA_OLTRE_20_MIN;regione;sicilia;2024;70.1
AVQ_ASL_FILA_OLTRE_20_MIN;regione;toscana;2024;41.8
AVQ_ASL_FILA_OLTRE_20_MIN;regione;trentino-alto-adige;2024;23.749616
AVQ_ASL_FILA_OLTRE_20_MIN;regione;umbria;2024;36.0
AVQ_ASL_FILA_OLTRE_20_MIN;regione;valle-d-aosta;2024;38.6
AVQ_ASL_FILA_OLTRE_20_MIN;regione;veneto;2024;38.0
AVQ_ASL_FILA_OLTRE_20_MIN;regione;abruzzo;2025;64.2
AVQ_ASL_FILA_OLTRE_20_MIN;regione;basilicata;2025;60.3
AVQ_ASL_FILA_OLTRE_20_MIN;regione;calabria;2025;71.5
AVQ_ASL_FILA_OLTRE_20_MIN;regione;campania;2025;65.1
AVQ_ASL_FILA_OLTRE_20_MIN;regione;emilia-romagna;2025;39.5
AVQ_ASL_FILA_OLTRE_20_MIN;regione;friuli-venezia-giulia;2025;29.6
AVQ_ASL_FILA_OLTRE_20_MIN;regione;lazio;2025;58.6
AVQ_ASL_FILA_OLTRE_20_MIN;regione;liguria;2025;42.7
AVQ_ASL_FILA_OLTRE_20_MIN;regione;lombardia;2025;49.4
AVQ_ASL_FILA_OLTRE_20_MIN;regione;marche;2025;45.6
AVQ_ASL_FILA_OLTRE_20_MIN;regione;molise;2025;57.7
AVQ_ASL_FILA_OLTRE_20_MIN;regione;piemonte;2025;50.8
AVQ_ASL_FILA_OLTRE_20_MIN;regione;puglia;2025;63.2
AVQ_ASL_FILA_OLTRE_20_MIN;regione;sardegna;2025;64.4
AVQ_ASL_FILA_OLTRE_20_MIN;regione;sicilia;2025;66.9
AVQ_ASL_FILA_OLTRE_20_MIN;regione;toscana;2025;36.5
AVQ_ASL_FILA_OLTRE_20_MIN;regione;trentino-alto-adige;2025;22.854996
AVQ_ASL_FILA_OLTRE_20_MIN;regione;umbria;2025;32.8
AVQ_ASL_FILA_OLTRE_20_MIN;regione;valle-d-aosta;2025;33.4
AVQ_ASL_FILA_OLTRE_20_MIN;regione;veneto;2025;36.4
AVQ_BANCA_FILA_OLTRE_20_MIN;regione;abruzzo;2001;18.4
AVQ_BANCA_FILA_OLTRE_20_MIN;regione;basilicata;2001;27.6
AVQ_BANCA_FILA_OLTRE_20_MIN;regione;calabria;2001;49.7
AVQ_BANCA_FILA_OLTRE_20_MIN;regione;campania;2001;38.5
AVQ_BANCA_FILA_OLTRE_20_MIN;regione;emilia-romagna;2001;8.7
AVQ_BANCA_FILA_OLTRE_20_MIN;regione;friuli-venezia-giulia;2001;9.7
AVQ_BANCA_FILA_OLTRE_20_MIN;regione;lazio;2001;38.8
AVQ_BANCA_FILA_OLTRE_20_MIN;regione;liguria;2001;13.0
AVQ_BANCA_FILA_OLTRE_20_MIN;regione;lombardia;2001;8.4
AVQ_BANCA_FILA_OLTRE_20_MIN;regione;marche;2001;11.7
AVQ_BANCA_FILA_OLTRE_20_MIN;regione;molise;2001;23.6
AVQ_BANCA_FILA_OLTRE_20_MIN;regione;piemonte;2001;13.4
AVQ_BANCA_FILA_OLTRE_20_MIN;regione;puglia;2001;37.4
AVQ_BANCA_FILA_OLTRE_20_MIN;regione;sardegna;2001;37.3
AVQ_BANCA_FILA_OLTRE_20_MIN;regione;sicilia;2001;52.1
AVQ_BANCA_FILA_OLTRE_20_MIN;regione;toscana;2001;18.7
AVQ_BANCA_FILA_OLTRE_20_MIN;regione;trentino-alto-adige;2001;2.50538
AVQ_BANCA_FILA_OLTRE_20_MIN;regione;umbria;2001;18.7
AVQ_BANCA_FILA_OLTRE_20_MIN;regione;valle-d-aosta;2001;7.1
AVQ_BANCA_FILA_OLTRE_20_MIN;regione;veneto;2001;10.1
AVQ_BANCA_FILA_OLTRE_20_MIN;regione;abruzzo;2002;13.5
AVQ_BANCA_FILA_OLTRE_20_MIN;regione;basilicata;2002;22.8
AVQ_BANCA_FILA_OLTRE_20_MIN;regione;calabria;2002;42.2
AVQ_BANCA_FILA_OLTRE_20_MIN;regione;campania;2002;36.2
AVQ_BANCA_FILA_OLTRE_20_MIN;regione;emilia-romagna;2002;6.6
AVQ_BANCA_FILA_OLTRE_20_MIN;regione;friuli-venezia-giulia;2002;6.9
AVQ_BANCA_FILA_OLTRE_20_MIN;regione;lazio;2002;32.4
AVQ_BANCA_FILA_OLTRE_20_MIN;regione;liguria;2002;9.9
AVQ_BANCA_FILA_OLTRE_20_MIN;regione;lombardia;2002;5.3
AVQ_BANCA_FILA_OLTRE_20_MIN;regione;marche;2002;7.2
AVQ_BANCA_FILA_OLTRE_20_MIN;regione;molise;2002;25.1
AVQ_BANCA_FILA_OLTRE_20_MIN;regione;piemonte;2002;14.5
AVQ_BANCA_FILA_OLTRE_20_MIN;regione;puglia;2002;30.0
AVQ_BANCA_FILA_OLTRE_20_MIN;regione;sardegna;2002;33.4
AVQ_BANCA_FILA_OLTRE_20_MIN;regione;sicilia;2002;45.6
AVQ_BANCA_FILA_OLTRE_20_MIN;regione;toscana;2002;13.2
AVQ_BANCA_FILA_OLTRE_20_MIN;regione;trentino-alto-adige;2002;1.961913
AVQ_BANCA_FILA_OLTRE_20_MIN;regione;umbria;2002;12.3
AVQ_BANCA_FILA_OLTRE_20_MIN;regione;valle-d-aosta;2002;6.3
AVQ_BANCA_FILA_OLTRE_20_MIN;regione;veneto;2002;5.4
AVQ_BANCA_FILA_OLTRE_20_MIN;regione;abruzzo;2003;14.3
AVQ_BANCA_FILA_OLTRE_20_MIN;regione;basilicata;2003;23.1
AVQ_BANCA_FILA_OLTRE_20_MIN;regione;calabria;2003;40.1
AVQ_BANCA_FILA_OLTRE_20_MIN;regione;campania;2003;29.5
AVQ_BANCA_FILA_OLTRE_20_MIN;regione;emilia-romagna;2003;5.6
AVQ_BANCA_FILA_OLTRE_20_MIN;regione;friuli-venezia-giulia;2003;5.0
AVQ_BANCA_FILA_OLTRE_20_MIN;regione;lazio;2003;29.3
AVQ_BANCA_FILA_OLTRE_20_MIN;regione;liguria;2003;8.7
AVQ_BANCA_FILA_OLTRE_20_MIN;regione;lombardia;2003;6.0
AVQ_BANCA_FILA_OLTRE_20_MIN;regione;marche;2003;7.5
AVQ_BANCA_FILA_OLTRE_20_MIN;regione;molise;2003;20.7
AVQ_BANCA_FILA_OLTRE_20_MIN;regione;piemonte;2003;10.9
AVQ_BANCA_FILA_OLTRE_20_MIN;regione;puglia;2003;24.9
AVQ_BANCA_FILA_OLTRE_20_MIN;regione;sardegna;2003;33.4
AVQ_BANCA_FILA_OLTRE_20_MIN;regione;sicilia;2003;40.0
AVQ_BANCA_FILA_OLTRE_20_MIN;regione;toscana;2003;16.2
AVQ_BANCA_FILA_OLTRE_20_MIN;regione;trentino-alto-adige;2003;2.06345
AVQ_BANCA_FILA_OLTRE_20_MIN;regione;umbria;2003;12.1
AVQ_BANCA_FILA_OLTRE_20_MIN;regione;valle-d-aosta;2003;5.1
AVQ_BANCA_FILA_OLTRE_20_MIN;regione;veneto;2003;5.3
AVQ_BANCA_FILA_OLTRE_20_MIN;regione;abruzzo;2005;13.0
AVQ_BANCA_FILA_OLTRE_20_MIN;regione;basilicata;2005;18.4
AVQ_BANCA_FILA_OLTRE_20_MIN;regione;calabria;2005;42.0
AVQ_BANCA_FILA_OLTRE_20_MIN;regione;campania;2005;27.7
AVQ_BANCA_FILA_OLTRE_20_MIN;regione;emilia-romagna;2005;5.1
AVQ_BANCA_FILA_OLTRE_20_MIN;regione;friuli-venezia-giulia;2005;2.4
AVQ_BANCA_FILA_OLTRE_20_MIN;regione;lazio;2005;29.7
AVQ_BANCA_FILA_OLTRE_20_MIN;regione;liguria;2005;9.4
AVQ_BANCA_FILA_OLTRE_20_MIN;regione;lombardia;2005;6.2
AVQ_BANCA_FILA_OLTRE_20_MIN;regione;marche;2005;4.7
AVQ_BANCA_FILA_OLTRE_20_MIN;regione;molise;2005;14.6
AVQ_BANCA_FILA_OLTRE_20_MIN;regione;piemonte;2005;12.2
AVQ_BANCA_FILA_OLTRE_20_MIN;regione;puglia;2005;25.1
AVQ_BANCA_FILA_OLTRE_20_MIN;regione;sardegna;2005;25.2
AVQ_BANCA_FILA_OLTRE_20_MIN;regione;sicilia;2005;41.2
AVQ_BANCA_FILA_OLTRE_20_MIN;regione;toscana;2005;14.3
AVQ_BANCA_FILA_OLTRE_20_MIN;regione;trentino-alto-adige;2005;1.607686
AVQ_BANCA_FILA_OLTRE_20_MIN;regione;umbria;2005;11.3
AVQ_BANCA_FILA_OLTRE_20_MIN;regione;valle-d-aosta;2005;8.3
AVQ_BANCA_FILA_OLTRE_20_MIN;regione;veneto;2005;5.8
AVQ_BANCA_FILA_OLTRE_20_MIN;regione;abruzzo;2006;14.4
AVQ_BANCA_FILA_OLTRE_20_MIN;regione;basilicata;2006;19.6
AVQ_BANCA_FILA_OLTRE_20_MIN;regione;calabria;2006;33.8
AVQ_BANCA_FILA_OLTRE_20_MIN;regione;campania;2006;34.8
AVQ_BANCA_FILA_OLTRE_20_MIN;regione;emilia-romagna;2006;5.9
AVQ_BANCA_FILA_OLTRE_20_MIN;regione;friuli-venezia-giulia;2006;3.7
AVQ_BANCA_FILA_OLTRE_20_MIN;regione;lazio;2006;21.1
AVQ_BANCA_FILA_OLTRE_20_MIN;regione;liguria;2006;8.7
AVQ_BANCA_FILA_OLTRE_20_MIN;regione;lombardia;2006;5.2
AVQ_BANCA_FILA_OLTRE_20_MIN;regione;marche;2006;5.6
AVQ_BANCA_FILA_OLTRE_20_MIN;regione;molise;2006;15.4
AVQ_BANCA_FILA_OLTRE_20_MIN;regione;piemonte;2006;10.3
AVQ_BANCA_FILA_OLTRE_20_MIN;regione;puglia;2006;25.9
AVQ_BANCA_FILA_OLTRE_20_MIN;regione;sardegna;2006;31.6
AVQ_BANCA_FILA_OLTRE_20_MIN;regione;sicilia;2006;41.7
AVQ_BANCA_FILA_OLTRE_20_MIN;regione;toscana;2006;12.6
AVQ_BANCA_FILA_OLTRE_20_MIN;regione;trentino-alto-adige;2006;0.90538
AVQ_BANCA_FILA_OLTRE_20_MIN;regione;umbria;2006;14.8
AVQ_BANCA_FILA_OLTRE_20_MIN;regione;valle-d-aosta;2006;5.0
AVQ_BANCA_FILA_OLTRE_20_MIN;regione;veneto;2006;4.6
AVQ_BANCA_FILA_OLTRE_20_MIN;regione;abruzzo;2007;16.9
AVQ_BANCA_FILA_OLTRE_20_MIN;regione;basilicata;2007;18.5
AVQ_BANCA_FILA_OLTRE_20_MIN;regione;calabria;2007;34.9
AVQ_BANCA_FILA_OLTRE_20_MIN;regione;campania;2007;29.4
AVQ_BANCA_FILA_OLTRE_20_MIN;regione;emilia-romagna;2007;5.0
AVQ_BANCA_FILA_OLTRE_20_MIN;regione;friuli-venezia-giulia;2007;4.9
AVQ_BANCA_FILA_OLTRE_20_MIN;regione;lazio;2007;23.3
AVQ_BANCA_FILA_OLTRE_20_MIN;regione;liguria;2007;16.5
AVQ_BANCA_FILA_OLTRE_20_MIN;regione;lombardia;2007;6.6
AVQ_BANCA_FILA_OLTRE_20_MIN;regione;marche;2007;3.6
AVQ_BANCA_FILA_OLTRE_20_MIN;regione;molise;2007;15.5
AVQ_BANCA_FILA_OLTRE_20_MIN;regione;piemonte;2007;11.1
AVQ_BANCA_FILA_OLTRE_20_MIN;regione;puglia;2007;25.1
AVQ_BANCA_FILA_OLTRE_20_MIN;regione;sardegna;2007;30.7
AVQ_BANCA_FILA_OLTRE_20_MIN;regione;sicilia;2007;41.0
AVQ_BANCA_FILA_OLTRE_20_MIN;regione;toscana;2007;12.0
AVQ_BANCA_FILA_OLTRE_20_MIN;regione;trentino-alto-adige;2007;0.803074
AVQ_BANCA_FILA_OLTRE_20_MIN;regione;umbria;2007;15.4
AVQ_BANCA_FILA_OLTRE_20_MIN;regione;valle-d-aosta;2007;6.0
AVQ_BANCA_FILA_OLTRE_20_MIN;regione;veneto;2007;4.2
AVQ_BANCA_FILA_OLTRE_20_MIN;regione;abruzzo;2008;16.3
AVQ_BANCA_FILA_OLTRE_20_MIN;regione;basilicata;2008;17.5
AVQ_BANCA_FILA_OLTRE_20_MIN;regione;calabria;2008;39.2
AVQ_BANCA_FILA_OLTRE_20_MIN;regione;campania;2008;27.2
AVQ_BANCA_FILA_OLTRE_20_MIN;regione;emilia-romagna;2008;4.3
AVQ_BANCA_FILA_OLTRE_20_MIN;regione;friuli-venezia-giulia;2008;3.9
AVQ_BANCA_FILA_OLTRE_20_MIN;regione;lazio;2008;22.9
AVQ_BANCA_FILA_OLTRE_20_MIN;regione;liguria;2008;12.6
AVQ_BANCA_FILA_OLTRE_20_MIN;regione;lombardia;2008;5.3
AVQ_BANCA_FILA_OLTRE_20_MIN;regione;marche;2008;5.2
AVQ_BANCA_FILA_OLTRE_20_MIN;regione;molise;2008;14.0
AVQ_BANCA_FILA_OLTRE_20_MIN;regione;piemonte;2008;13.1
AVQ_BANCA_FILA_OLTRE_20_MIN;regione;puglia;2008;28.3
AVQ_BANCA_FILA_OLTRE_20_MIN;regione;sardegna;2008;24.4
AVQ_BANCA_FILA_OLTRE_20_MIN;regione;sicilia;2008;44.2
AVQ_BANCA_FILA_OLTRE_20_MIN;regione;toscana;2008;13.0
AVQ_BANCA_FILA_OLTRE_20_MIN;regione;trentino-alto-adige;2008;1.459607
AVQ_BANCA_FILA_OLTRE_20_MIN;regione;umbria;2008;14.2
AVQ_BANCA_FILA_OLTRE_20_MIN;regione;valle-d-aosta;2008;6.1
AVQ_BANCA_FILA_OLTRE_20_MIN;regione;veneto;2008;5.3
AVQ_BANCA_FILA_OLTRE_20_MIN;regione;abruzzo;2009;14.7
AVQ_BANCA_FILA_OLTRE_20_MIN;regione;basilicata;2009;19.2
AVQ_BANCA_FILA_OLTRE_20_MIN;regione;calabria;2009;36.3
AVQ_BANCA_FILA_OLTRE_20_MIN;regione;campania;2009;34.0
AVQ_BANCA_FILA_OLTRE_20_MIN;regione;emilia-romagna;2009;6.4
AVQ_BANCA_FILA_OLTRE_20_MIN;regione;friuli-venezia-giulia;2009;6.2
AVQ_BANCA_FILA_OLTRE_20_MIN;regione;lazio;2009;26.6
AVQ_BANCA_FILA_OLTRE_20_MIN;regione;liguria;2009;14.4
AVQ_BANCA_FILA_OLTRE_20_MIN;regione;lombardia;2009;6.5
AVQ_BANCA_FILA_OLTRE_20_MIN;regione;marche;2009;7.9
AVQ_BANCA_FILA_OLTRE_20_MIN;regione;molise;2009;20.0
AVQ_BANCA_FILA_OLTRE_20_MIN;regione;piemonte;2009;11.9
AVQ_BANCA_FILA_OLTRE_20_MIN;regione;puglia;2009;24.3
AVQ_BANCA_FILA_OLTRE_20_MIN;regione;sardegna;2009;33.4
AVQ_BANCA_FILA_OLTRE_20_MIN;regione;sicilia;2009;43.9
AVQ_BANCA_FILA_OLTRE_20_MIN;regione;toscana;2009;11.4
AVQ_BANCA_FILA_OLTRE_20_MIN;regione;trentino-alto-adige;2009;1.306917
AVQ_BANCA_FILA_OLTRE_20_MIN;regione;umbria;2009;15.3
AVQ_BANCA_FILA_OLTRE_20_MIN;regione;valle-d-aosta;2009;8.9
AVQ_BANCA_FILA_OLTRE_20_MIN;regione;veneto;2009;6.8
AVQ_BANCA_FILA_OLTRE_20_MIN;regione;abruzzo;2010;16.6
AVQ_BANCA_FILA_OLTRE_20_MIN;regione;basilicata;2010;18.9
AVQ_BANCA_FILA_OLTRE_20_MIN;regione;calabria;2010;29.8
AVQ_BANCA_FILA_OLTRE_20_MIN;regione;campania;2010;31.6
AVQ_BANCA_FILA_OLTRE_20_MIN;regione;emilia-romagna;2010;6.0
AVQ_BANCA_FILA_OLTRE_20_MIN;regione;friuli-venezia-giulia;2010;5.2
AVQ_BANCA_FILA_OLTRE_20_MIN;regione;lazio;2010;23.7
AVQ_BANCA_FILA_OLTRE_20_MIN;regione;liguria;2010;17.8
AVQ_BANCA_FILA_OLTRE_20_MIN;regione;lombardia;2010;5.1
AVQ_BANCA_FILA_OLTRE_20_MIN;regione;marche;2010;4.8
AVQ_BANCA_FILA_OLTRE_20_MIN;regione;molise;2010;24.4
AVQ_BANCA_FILA_OLTRE_20_MIN;regione;piemonte;2010;13.2
AVQ_BANCA_FILA_OLTRE_20_MIN;regione;puglia;2010;26.8
AVQ_BANCA_FILA_OLTRE_20_MIN;regione;sardegna;2010;29.3
AVQ_BANCA_FILA_OLTRE_20_MIN;regione;sicilia;2010;36.6
AVQ_BANCA_FILA_OLTRE_20_MIN;regione;toscana;2010;10.5
AVQ_BANCA_FILA_OLTRE_20_MIN;regione;trentino-alto-adige;2010;0.951921
AVQ_BANCA_FILA_OLTRE_20_MIN;regione;umbria;2010;17.8
AVQ_BANCA_FILA_OLTRE_20_MIN;regione;valle-d-aosta;2010;6.1
AVQ_BANCA_FILA_OLTRE_20_MIN;regione;veneto;2010;4.2
AVQ_BANCA_FILA_OLTRE_20_MIN;regione;abruzzo;2011;17.9
AVQ_BANCA_FILA_OLTRE_20_MIN;regione;basilicata;2011;13.7
AVQ_BANCA_FILA_OLTRE_20_MIN;regione;calabria;2011;35.5
AVQ_BANCA_FILA_OLTRE_20_MIN;regione;campania;2011;34.2
AVQ_BANCA_FILA_OLTRE_20_MIN;regione;emilia-romagna;2011;8.4
AVQ_BANCA_FILA_OLTRE_20_MIN;regione;friuli-venezia-giulia;2011;3.6
AVQ_BANCA_FILA_OLTRE_20_MIN;regione;lazio;2011;22.2
AVQ_BANCA_FILA_OLTRE_20_MIN;regione;liguria;2011;13.1
AVQ_BANCA_FILA_OLTRE_20_MIN;regione;lombardia;2011;4.0
AVQ_BANCA_FILA_OLTRE_20_MIN;regione;marche;2011;7.1
AVQ_BANCA_FILA_OLTRE_20_MIN;regione;molise;2011;15.3
AVQ_BANCA_FILA_OLTRE_20_MIN;regione;piemonte;2011;11.2
AVQ_BANCA_FILA_OLTRE_20_MIN;regione;puglia;2011;24.8
AVQ_BANCA_FILA_OLTRE_20_MIN;regione;sardegna;2011;22.9
AVQ_BANCA_FILA_OLTRE_20_MIN;regione;sicilia;2011;39.4
AVQ_BANCA_FILA_OLTRE_20_MIN;regione;toscana;2011;10.0
AVQ_BANCA_FILA_OLTRE_20_MIN;regione;trentino-alto-adige;2011;1.153459
AVQ_BANCA_FILA_OLTRE_20_MIN;regione;umbria;2011;15.4
AVQ_BANCA_FILA_OLTRE_20_MIN;regione;valle-d-aosta;2011;8.0
AVQ_BANCA_FILA_OLTRE_20_MIN;regione;veneto;2011;3.9
AVQ_BANCA_FILA_OLTRE_20_MIN;regione;abruzzo;2012;16.1
AVQ_BANCA_FILA_OLTRE_20_MIN;regione;basilicata;2012;19.9
AVQ_BANCA_FILA_OLTRE_20_MIN;regione;calabria;2012;37.0
AVQ_BANCA_FILA_OLTRE_20_MIN;regione;campania;2012;27.3
AVQ_BANCA_FILA_OLTRE_20_MIN;regione;emilia-romagna;2012;5.9
AVQ_BANCA_FILA_OLTRE_20_MIN;regione;friuli-venezia-giulia;2012;5.5
AVQ_BANCA_FILA_OLTRE_20_MIN;regione;lazio;2012;18.3
AVQ_BANCA_FILA_OLTRE_20_MIN;regione;liguria;2012;13.2
AVQ_BANCA_FILA_OLTRE_20_MIN;regione;lombardia;2012;6.2
AVQ_BANCA_FILA_OLTRE_20_MIN;regione;marche;2012;7.4
AVQ_BANCA_FILA_OLTRE_20_MIN;regione;molise;2012;18.5
AVQ_BANCA_FILA_OLTRE_20_MIN;regione;piemonte;2012;11.7
AVQ_BANCA_FILA_OLTRE_20_MIN;regione;puglia;2012;28.7
AVQ_BANCA_FILA_OLTRE_20_MIN;regione;sardegna;2012;23.2
AVQ_BANCA_FILA_OLTRE_20_MIN;regione;sicilia;2012;35.2
AVQ_BANCA_FILA_OLTRE_20_MIN;regione;toscana;2012;12.2
AVQ_BANCA_FILA_OLTRE_20_MIN;regione;trentino-alto-adige;2012;0.953459
AVQ_BANCA_FILA_OLTRE_20_MIN;regione;umbria;2012;11.1
AVQ_BANCA_FILA_OLTRE_20_MIN;regione;valle-d-aosta;2012;6.9
AVQ_BANCA_FILA_OLTRE_20_MIN;regione;veneto;2012;3.9
AVQ_BANCA_FILA_OLTRE_20_MIN;regione;abruzzo;2013;16.0
AVQ_BANCA_FILA_OLTRE_20_MIN;regione;basilicata;2013;18.1
AVQ_BANCA_FILA_OLTRE_20_MIN;regione;calabria;2013;34.0
AVQ_BANCA_FILA_OLTRE_20_MIN;regione;campania;2013;25.0
AVQ_BANCA_FILA_OLTRE_20_MIN;regione;emilia-romagna;2013;7.5
AVQ_BANCA_FILA_OLTRE_20_MIN;regione;friuli-venezia-giulia;2013;5.6
AVQ_BANCA_FILA_OLTRE_20_MIN;regione;lazio;2013;21.2
AVQ_BANCA_FILA_OLTRE_20_MIN;regione;liguria;2013;15.1
AVQ_BANCA_FILA_OLTRE_20_MIN;regione;lombardia;2013;7.5
AVQ_BANCA_FILA_OLTRE_20_MIN;regione;marche;2013;5.9
AVQ_BANCA_FILA_OLTRE_20_MIN;regione;molise;2013;13.6
AVQ_BANCA_FILA_OLTRE_20_MIN;regione;piemonte;2013;21.1
AVQ_BANCA_FILA_OLTRE_20_MIN;regione;puglia;2013;26.1
AVQ_BANCA_FILA_OLTRE_20_MIN;regione;sardegna;2013;21.2
AVQ_BANCA_FILA_OLTRE_20_MIN;regione;sicilia;2013;40.8
AVQ_BANCA_FILA_OLTRE_20_MIN;regione;toscana;2013;11.1
AVQ_BANCA_FILA_OLTRE_20_MIN;regione;trentino-alto-adige;2013;1.70538
AVQ_BANCA_FILA_OLTRE_20_MIN;regione;umbria;2013;11.6
AVQ_BANCA_FILA_OLTRE_20_MIN;regione;valle-d-aosta;2013;10.9
AVQ_BANCA_FILA_OLTRE_20_MIN;regione;veneto;2013;4.2
AVQ_BANCA_FILA_OLTRE_20_MIN;regione;abruzzo;2014;20.3
AVQ_BANCA_FILA_OLTRE_20_MIN;regione;basilicata;2014;22.1
AVQ_BANCA_FILA_OLTRE_20_MIN;regione;calabria;2014;38.2
AVQ_BANCA_FILA_OLTRE_20_MIN;regione;campania;2014;33.3
AVQ_BANCA_FILA_OLTRE_20_MIN;regione;emilia-romagna;2014;9.8
AVQ_BANCA_FILA_OLTRE_20_MIN;regione;friuli-venezia-giulia;2014;6.8
AVQ_BANCA_FILA_OLTRE_20_MIN;regione;lazio;2014;27.3
AVQ_BANCA_FILA_OLTRE_20_MIN;regione;liguria;2014;14.3
AVQ_BANCA_FILA_OLTRE_20_MIN;regione;lombardia;2014;7.4
AVQ_BANCA_FILA_OLTRE_20_MIN;regione;marche;2014;9.2
AVQ_BANCA_FILA_OLTRE_20_MIN;regione;molise;2014;18.8
AVQ_BANCA_FILA_OLTRE_20_MIN;regione;piemonte;2014;17.6
AVQ_BANCA_FILA_OLTRE_20_MIN;regione;puglia;2014;30.2
AVQ_BANCA_FILA_OLTRE_20_MIN;regione;sardegna;2014;25.5
AVQ_BANCA_FILA_OLTRE_20_MIN;regione;sicilia;2014;32.9
AVQ_BANCA_FILA_OLTRE_20_MIN;regione;toscana;2014;11.2
AVQ_BANCA_FILA_OLTRE_20_MIN;regione;trentino-alto-adige;2014;2.00538
AVQ_BANCA_FILA_OLTRE_20_MIN;regione;umbria;2014;17.0
AVQ_BANCA_FILA_OLTRE_20_MIN;regione;valle-d-aosta;2014;15.0
AVQ_BANCA_FILA_OLTRE_20_MIN;regione;veneto;2014;6.0
AVQ_BANCA_FILA_OLTRE_20_MIN;regione;abruzzo;2015;17.7
AVQ_BANCA_FILA_OLTRE_20_MIN;regione;basilicata;2015;18.7
AVQ_BANCA_FILA_OLTRE_20_MIN;regione;calabria;2015;38.6
AVQ_BANCA_FILA_OLTRE_20_MIN;regione;campania;2015;38.0
AVQ_BANCA_FILA_OLTRE_20_MIN;regione;emilia-romagna;2015;11.3
AVQ_BANCA_FILA_OLTRE_20_MIN;regione;friuli-venezia-giulia;2015;5.8
AVQ_BANCA_FILA_OLTRE_20_MIN;regione;lazio;2015;26.5
AVQ_BANCA_FILA_OLTRE_20_MIN;regione;liguria;2015;18.7
AVQ_BANCA_FILA_OLTRE_20_MIN;regione;lombardia;2015;8.5
AVQ_BANCA_FILA_OLTRE_20_MIN;regione;marche;2015;7.6
AVQ_BANCA_FILA_OLTRE_20_MIN;regione;molise;2015;24.8
AVQ_BANCA_FILA_OLTRE_20_MIN;regione;piemonte;2015;18.8
AVQ_BANCA_FILA_OLTRE_20_MIN;regione;puglia;2015;31.3
AVQ_BANCA_FILA_OLTRE_20_MIN;regione;sardegna;2015;25.3
AVQ_BANCA_FILA_OLTRE_20_MIN;regione;sicilia;2015;38.5
AVQ_BANCA_FILA_OLTRE_20_MIN;regione;toscana;2015;13.1
AVQ_BANCA_FILA_OLTRE_20_MIN;regione;trentino-alto-adige;2015;2.904612
AVQ_BANCA_FILA_OLTRE_20_MIN;regione;umbria;2015;15.2
AVQ_BANCA_FILA_OLTRE_20_MIN;regione;valle-d-aosta;2015;17.1
AVQ_BANCA_FILA_OLTRE_20_MIN;regione;veneto;2015;6.8
AVQ_BANCA_FILA_OLTRE_20_MIN;regione;abruzzo;2016;14.0
AVQ_BANCA_FILA_OLTRE_20_MIN;regione;basilicata;2016;26.0
AVQ_BANCA_FILA_OLTRE_20_MIN;regione;calabria;2016;31.3
AVQ_BANCA_FILA_OLTRE_20_MIN;regione;campania;2016;30.8
AVQ_BANCA_FILA_OLTRE_20_MIN;regione;emilia-romagna;2016;6.2
AVQ_BANCA_FILA_OLTRE_20_MIN;regione;friuli-venezia-giulia;2016;6.0
AVQ_BANCA_FILA_OLTRE_20_MIN;regione;lazio;2016;21.8
AVQ_BANCA_FILA_OLTRE_20_MIN;regione;liguria;2016;12.3
AVQ_BANCA_FILA_OLTRE_20_MIN;regione;lombardia;2016;6.1
AVQ_BANCA_FILA_OLTRE_20_MIN;regione;marche;2016;9.1
AVQ_BANCA_FILA_OLTRE_20_MIN;regione;molise;2016;16.1
AVQ_BANCA_FILA_OLTRE_20_MIN;regione;piemonte;2016;17.1
AVQ_BANCA_FILA_OLTRE_20_MIN;regione;puglia;2016;26.4
AVQ_BANCA_FILA_OLTRE_20_MIN;regione;sardegna;2016;24.8
AVQ_BANCA_FILA_OLTRE_20_MIN;regione;sicilia;2016;34.3
AVQ_BANCA_FILA_OLTRE_20_MIN;regione;toscana;2016;14.2
AVQ_BANCA_FILA_OLTRE_20_MIN;regione;trentino-alto-adige;2016;2.601537
AVQ_BANCA_FILA_OLTRE_20_MIN;regione;umbria;2016;16.1
AVQ_BANCA_FILA_OLTRE_20_MIN;regione;valle-d-aosta;2016;12.4
AVQ_BANCA_FILA_OLTRE_20_MIN;regione;veneto;2016;7.0
AVQ_BANCA_FILA_OLTRE_20_MIN;regione;abruzzo;2017;22.9
AVQ_BANCA_FILA_OLTRE_20_MIN;regione;basilicata;2017;19.8
AVQ_BANCA_FILA_OLTRE_20_MIN;regione;calabria;2017;28.3
AVQ_BANCA_FILA_OLTRE_20_MIN;regione;campania;2017;28.1
AVQ_BANCA_FILA_OLTRE_20_MIN;regione;emilia-romagna;2017;10.1
AVQ_BANCA_FILA_OLTRE_20_MIN;regione;friuli-venezia-giulia;2017;7.2
AVQ_BANCA_FILA_OLTRE_20_MIN;regione;lazio;2017;23.6
AVQ_BANCA_FILA_OLTRE_20_MIN;regione;liguria;2017;20.5
AVQ_BANCA_FILA_OLTRE_20_MIN;regione;lombardia;2017;7.5
AVQ_BANCA_FILA_OLTRE_20_MIN;regione;marche;2017;7.6
AVQ_BANCA_FILA_OLTRE_20_MIN;regione;molise;2017;22.3
AVQ_BANCA_FILA_OLTRE_20_MIN;regione;piemonte;2017;17.9
AVQ_BANCA_FILA_OLTRE_20_MIN;regione;puglia;2017;27.2
AVQ_BANCA_FILA_OLTRE_20_MIN;regione;sardegna;2017;27.0
AVQ_BANCA_FILA_OLTRE_20_MIN;regione;sicilia;2017;39.5
AVQ_BANCA_FILA_OLTRE_20_MIN;regione;toscana;2017;16.5
AVQ_BANCA_FILA_OLTRE_20_MIN;regione;trentino-alto-adige;2017;4.36345
AVQ_BANCA_FILA_OLTRE_20_MIN;regione;umbria;2017;16.2
AVQ_BANCA_FILA_OLTRE_20_MIN;regione;valle-d-aosta;2017;7.7
AVQ_BANCA_FILA_OLTRE_20_MIN;regione;veneto;2017;7.9
AVQ_BANCA_FILA_OLTRE_20_MIN;regione;abruzzo;2018;20.3
AVQ_BANCA_FILA_OLTRE_20_MIN;regione;basilicata;2018;16.7
AVQ_BANCA_FILA_OLTRE_20_MIN;regione;calabria;2018;30.2
AVQ_BANCA_FILA_OLTRE_20_MIN;regione;campania;2018;26.7
AVQ_BANCA_FILA_OLTRE_20_MIN;regione;emilia-romagna;2018;10.9
AVQ_BANCA_FILA_OLTRE_20_MIN;regione;friuli-venezia-giulia;2018;10.8
AVQ_BANCA_FILA_OLTRE_20_MIN;regione;lazio;2018;26.1
AVQ_BANCA_FILA_OLTRE_20_MIN;regione;liguria;2018;17.2
AVQ_BANCA_FILA_OLTRE_20_MIN;regione;lombardia;2018;9.4
AVQ_BANCA_FILA_OLTRE_20_MIN;regione;marche;2018;14.7
AVQ_BANCA_FILA_OLTRE_20_MIN;regione;molise;2018;24.0
AVQ_BANCA_FILA_OLTRE_20_MIN;regione;piemonte;2018;18.2
AVQ_BANCA_FILA_OLTRE_20_MIN;regione;puglia;2018;26.9
AVQ_BANCA_FILA_OLTRE_20_MIN;regione;sardegna;2018;28.3
AVQ_BANCA_FILA_OLTRE_20_MIN;regione;sicilia;2018;38.4
AVQ_BANCA_FILA_OLTRE_20_MIN;regione;toscana;2018;17.1
AVQ_BANCA_FILA_OLTRE_20_MIN;regione;trentino-alto-adige;2018;3.251921
AVQ_BANCA_FILA_OLTRE_20_MIN;regione;umbria;2018;18.7
AVQ_BANCA_FILA_OLTRE_20_MIN;regione;valle-d-aosta;2018;11.1
AVQ_BANCA_FILA_OLTRE_20_MIN;regione;veneto;2018;10.8
AVQ_BANCA_FILA_OLTRE_20_MIN;regione;abruzzo;2019;23.9
AVQ_BANCA_FILA_OLTRE_20_MIN;regione;basilicata;2019;18.2
AVQ_BANCA_FILA_OLTRE_20_MIN;regione;calabria;2019;27.6
AVQ_BANCA_FILA_OLTRE_20_MIN;regione;campania;2019;28.5
AVQ_BANCA_FILA_OLTRE_20_MIN;regione;emilia-romagna;2019;12.5
AVQ_BANCA_FILA_OLTRE_20_MIN;regione;friuli-venezia-giulia;2019;11.1
AVQ_BANCA_FILA_OLTRE_20_MIN;regione;lazio;2019;25.2
AVQ_BANCA_FILA_OLTRE_20_MIN;regione;liguria;2019;16.0
AVQ_BANCA_FILA_OLTRE_20_MIN;regione;lombardia;2019;11.1
AVQ_BANCA_FILA_OLTRE_20_MIN;regione;marche;2019;17.2
AVQ_BANCA_FILA_OLTRE_20_MIN;regione;molise;2019;21.6
AVQ_BANCA_FILA_OLTRE_20_MIN;regione;piemonte;2019;20.4
AVQ_BANCA_FILA_OLTRE_20_MIN;regione;puglia;2019;30.5
AVQ_BANCA_FILA_OLTRE_20_MIN;regione;sardegna;2019;32.5
AVQ_BANCA_FILA_OLTRE_20_MIN;regione;sicilia;2019;37.7
AVQ_BANCA_FILA_OLTRE_20_MIN;regione;toscana;2019;16.9
AVQ_BANCA_FILA_OLTRE_20_MIN;regione;trentino-alto-adige;2019;3.914603
AVQ_BANCA_FILA_OLTRE_20_MIN;regione;umbria;2019;16.9
AVQ_BANCA_FILA_OLTRE_20_MIN;regione;valle-d-aosta;2019;13.7
AVQ_BANCA_FILA_OLTRE_20_MIN;regione;veneto;2019;10.8
AVQ_BANCA_FILA_OLTRE_20_MIN;regione;abruzzo;2020;17.2
AVQ_BANCA_FILA_OLTRE_20_MIN;regione;basilicata;2020;22.2
AVQ_BANCA_FILA_OLTRE_20_MIN;regione;calabria;2020;34.3
AVQ_BANCA_FILA_OLTRE_20_MIN;regione;campania;2020;31.9
AVQ_BANCA_FILA_OLTRE_20_MIN;regione;emilia-romagna;2020;11.1
AVQ_BANCA_FILA_OLTRE_20_MIN;regione;friuli-venezia-giulia;2020;10.5
AVQ_BANCA_FILA_OLTRE_20_MIN;regione;lazio;2020;30.7
AVQ_BANCA_FILA_OLTRE_20_MIN;regione;liguria;2020;21.3
AVQ_BANCA_FILA_OLTRE_20_MIN;regione;lombardia;2020;12.0
AVQ_BANCA_FILA_OLTRE_20_MIN;regione;marche;2020;18.6
AVQ_BANCA_FILA_OLTRE_20_MIN;regione;molise;2020;29.2
AVQ_BANCA_FILA_OLTRE_20_MIN;regione;piemonte;2020;24.2
AVQ_BANCA_FILA_OLTRE_20_MIN;regione;puglia;2020;29.1
AVQ_BANCA_FILA_OLTRE_20_MIN;regione;sardegna;2020;29.2
AVQ_BANCA_FILA_OLTRE_20_MIN;regione;sicilia;2020;48.8
AVQ_BANCA_FILA_OLTRE_20_MIN;regione;toscana;2020;19.6
AVQ_BANCA_FILA_OLTRE_20_MIN;regione;trentino-alto-adige;2020;5.454227
AVQ_BANCA_FILA_OLTRE_20_MIN;regione;umbria;2020;16.8
AVQ_BANCA_FILA_OLTRE_20_MIN;regione;valle-d-aosta;2020;10.3
AVQ_BANCA_FILA_OLTRE_20_MIN;regione;veneto;2020;12.1
AVQ_BANCA_FILA_OLTRE_20_MIN;regione;abruzzo;2021;17.9
AVQ_BANCA_FILA_OLTRE_20_MIN;regione;basilicata;2021;26.7
AVQ_BANCA_FILA_OLTRE_20_MIN;regione;calabria;2021;36.7
AVQ_BANCA_FILA_OLTRE_20_MIN;regione;campania;2021;27.4
AVQ_BANCA_FILA_OLTRE_20_MIN;regione;emilia-romagna;2021;11.1
AVQ_BANCA_FILA_OLTRE_20_MIN;regione;friuli-venezia-giulia;2021;7.9
AVQ_BANCA_FILA_OLTRE_20_MIN;regione;lazio;2021;25.2
AVQ_BANCA_FILA_OLTRE_20_MIN;regione;liguria;2021;18.1
AVQ_BANCA_FILA_OLTRE_20_MIN;regione;lombardia;2021;10.3
AVQ_BANCA_FILA_OLTRE_20_MIN;regione;marche;2021;17.0
AVQ_BANCA_FILA_OLTRE_20_MIN;regione;molise;2021;20.7
AVQ_BANCA_FILA_OLTRE_20_MIN;regione;piemonte;2021;16.5
AVQ_BANCA_FILA_OLTRE_20_MIN;regione;puglia;2021;29.4
AVQ_BANCA_FILA_OLTRE_20_MIN;regione;sardegna;2021;24.9
AVQ_BANCA_FILA_OLTRE_20_MIN;regione;sicilia;2021;45.5
AVQ_BANCA_FILA_OLTRE_20_MIN;regione;toscana;2021;13.8
AVQ_BANCA_FILA_OLTRE_20_MIN;regione;trentino-alto-adige;2021;3.756533
AVQ_BANCA_FILA_OLTRE_20_MIN;regione;umbria;2021;11.8
AVQ_BANCA_FILA_OLTRE_20_MIN;regione;valle-d-aosta;2021;11.5
AVQ_BANCA_FILA_OLTRE_20_MIN;regione;veneto;2021;7.8
AVQ_BANCA_FILA_OLTRE_20_MIN;regione;abruzzo;2022;21.7
AVQ_BANCA_FILA_OLTRE_20_MIN;regione;basilicata;2022;22.6
AVQ_BANCA_FILA_OLTRE_20_MIN;regione;calabria;2022;38.1
AVQ_BANCA_FILA_OLTRE_20_MIN;regione;campania;2022;29.6
AVQ_BANCA_FILA_OLTRE_20_MIN;regione;emilia-romagna;2022;13.1
AVQ_BANCA_FILA_OLTRE_20_MIN;regione;friuli-venezia-giulia;2022;11.6
AVQ_BANCA_FILA_OLTRE_20_MIN;regione;lazio;2022;24.9
AVQ_BANCA_FILA_OLTRE_20_MIN;regione;liguria;2022;17.9
AVQ_BANCA_FILA_OLTRE_20_MIN;regione;lombardia;2022;9.7
AVQ_BANCA_FILA_OLTRE_20_MIN;regione;marche;2022;13.6
AVQ_BANCA_FILA_OLTRE_20_MIN;regione;molise;2022;31.3
AVQ_BANCA_FILA_OLTRE_20_MIN;regione;piemonte;2022;20.6
AVQ_BANCA_FILA_OLTRE_20_MIN;regione;puglia;2022;30.0
AVQ_BANCA_FILA_OLTRE_20_MIN;regione;sardegna;2022;30.8
AVQ_BANCA_FILA_OLTRE_20_MIN;regione;sicilia;2022;39.0
AVQ_BANCA_FILA_OLTRE_20_MIN;regione;toscana;2022;15.0
AVQ_BANCA_FILA_OLTRE_20_MIN;regione;trentino-alto-adige;2022;4.303843
AVQ_BANCA_FILA_OLTRE_20_MIN;regione;umbria;2022;16.6
AVQ_BANCA_FILA_OLTRE_20_MIN;regione;valle-d-aosta;2022;12.4
AVQ_BANCA_FILA_OLTRE_20_MIN;regione;veneto;2022;10.5
AVQ_BANCA_FILA_OLTRE_20_MIN;regione;abruzzo;2023;17.6
AVQ_BANCA_FILA_OLTRE_20_MIN;regione;basilicata;2023;29.7
AVQ_BANCA_FILA_OLTRE_20_MIN;regione;calabria;2023;26.8
AVQ_BANCA_FILA_OLTRE_20_MIN;regione;campania;2023;31.1
AVQ_BANCA_FILA_OLTRE_20_MIN;regione;emilia-romagna;2023;9.6
AVQ_BANCA_FILA_OLTRE_20_MIN;regione;friuli-venezia-giulia;2023;10.7
AVQ_BANCA_FILA_OLTRE_20_MIN;regione;lazio;2023;24.2
AVQ_BANCA_FILA_OLTRE_20_MIN;regione;liguria;2023;24.4
AVQ_BANCA_FILA_OLTRE_20_MIN;regione;lombardia;2023;11.2
AVQ_BANCA_FILA_OLTRE_20_MIN;regione;marche;2023;15.6
AVQ_BANCA_FILA_OLTRE_20_MIN;regione;molise;2023;24.5
AVQ_BANCA_FILA_OLTRE_20_MIN;regione;piemonte;2023;17.7
AVQ_BANCA_FILA_OLTRE_20_MIN;regione;puglia;2023;27.6
AVQ_BANCA_FILA_OLTRE_20_MIN;regione;sardegna;2023;24.2
AVQ_BANCA_FILA_OLTRE_20_MIN;regione;sicilia;2023;32.9
AVQ_BANCA_FILA_OLTRE_20_MIN;regione;toscana;2023;13.9
AVQ_BANCA_FILA_OLTRE_20_MIN;regione;trentino-alto-adige;2023;3.40538
AVQ_BANCA_FILA_OLTRE_20_MIN;regione;umbria;2023;21.4
AVQ_BANCA_FILA_OLTRE_20_MIN;regione;valle-d-aosta;2023;12.3
AVQ_BANCA_FILA_OLTRE_20_MIN;regione;veneto;2023;11.2
AVQ_BANCA_FILA_OLTRE_20_MIN;regione;abruzzo;2024;20.3
AVQ_BANCA_FILA_OLTRE_20_MIN;regione;basilicata;2024;20.8
AVQ_BANCA_FILA_OLTRE_20_MIN;regione;calabria;2024;31.3
AVQ_BANCA_FILA_OLTRE_20_MIN;regione;campania;2024;26.3
AVQ_BANCA_FILA_OLTRE_20_MIN;regione;emilia-romagna;2024;12.1
AVQ_BANCA_FILA_OLTRE_20_MIN;regione;friuli-venezia-giulia;2024;11.9
AVQ_BANCA_FILA_OLTRE_20_MIN;regione;lazio;2024;22.8
AVQ_BANCA_FILA_OLTRE_20_MIN;regione;liguria;2024;19.3
AVQ_BANCA_FILA_OLTRE_20_MIN;regione;lombardia;2024;9.9
AVQ_BANCA_FILA_OLTRE_20_MIN;regione;marche;2024;15.5
AVQ_BANCA_FILA_OLTRE_20_MIN;regione;molise;2024;20.0
AVQ_BANCA_FILA_OLTRE_20_MIN;regione;piemonte;2024;16.7
AVQ_BANCA_FILA_OLTRE_20_MIN;regione;puglia;2024;26.0
AVQ_BANCA_FILA_OLTRE_20_MIN;regione;sardegna;2024;26.1
AVQ_BANCA_FILA_OLTRE_20_MIN;regione;sicilia;2024;31.3
AVQ_BANCA_FILA_OLTRE_20_MIN;regione;toscana;2024;12.8
AVQ_BANCA_FILA_OLTRE_20_MIN;regione;trentino-alto-adige;2024;4.857302
AVQ_BANCA_FILA_OLTRE_20_MIN;regione;umbria;2024;12.7
AVQ_BANCA_FILA_OLTRE_20_MIN;regione;valle-d-aosta;2024;11.9
AVQ_BANCA_FILA_OLTRE_20_MIN;regione;veneto;2024;8.9
AVQ_BANCA_FILA_OLTRE_20_MIN;regione;abruzzo;2025;24.6
AVQ_BANCA_FILA_OLTRE_20_MIN;regione;basilicata;2025;22.0
AVQ_BANCA_FILA_OLTRE_20_MIN;regione;calabria;2025;30.3
AVQ_BANCA_FILA_OLTRE_20_MIN;regione;campania;2025;26.1
AVQ_BANCA_FILA_OLTRE_20_MIN;regione;emilia-romagna;2025;9.8
AVQ_BANCA_FILA_OLTRE_20_MIN;regione;friuli-venezia-giulia;2025;10.4
AVQ_BANCA_FILA_OLTRE_20_MIN;regione;lazio;2025;24.1
AVQ_BANCA_FILA_OLTRE_20_MIN;regione;liguria;2025;18.3
AVQ_BANCA_FILA_OLTRE_20_MIN;regione;lombardia;2025;9.6
AVQ_BANCA_FILA_OLTRE_20_MIN;regione;marche;2025;13.2
AVQ_BANCA_FILA_OLTRE_20_MIN;regione;molise;2025;23.1
AVQ_BANCA_FILA_OLTRE_20_MIN;regione;piemonte;2025;14.3
AVQ_BANCA_FILA_OLTRE_20_MIN;regione;puglia;2025;26.6
AVQ_BANCA_FILA_OLTRE_20_MIN;regione;sardegna;2025;23.8
AVQ_BANCA_FILA_OLTRE_20_MIN;regione;sicilia;2025;33.9
AVQ_BANCA_FILA_OLTRE_20_MIN;regione;toscana;2025;14.3
AVQ_BANCA_FILA_OLTRE_20_MIN;regione;trentino-alto-adige;2025;5.415372
AVQ_BANCA_FILA_OLTRE_20_MIN;regione;umbria;2025;14.1
AVQ_BANCA_FILA_OLTRE_20_MIN;regione;valle-d-aosta;2025;13.7
AVQ_BANCA_FILA_OLTRE_20_MIN;regione;veneto;2025;9.5
AVQ_RICOVERO_ASSISTENZA_MEDICA;regione;abruzzo;2001;92.6
AVQ_RICOVERO_ASSISTENZA_MEDICA;regione;basilicata;2001;84.9
AVQ_RICOVERO_ASSISTENZA_MEDICA;regione;calabria;2001;85.2
AVQ_RICOVERO_ASSISTENZA_MEDICA;regione;campania;2001;91.8
AVQ_RICOVERO_ASSISTENZA_MEDICA;regione;emilia-romagna;2001;94.4
AVQ_RICOVERO_ASSISTENZA_MEDICA;regione;friuli-venezia-giulia;2001;92.2
AVQ_RICOVERO_ASSISTENZA_MEDICA;regione;lazio;2001;85.6
AVQ_RICOVERO_ASSISTENZA_MEDICA;regione;liguria;2001;93.0
AVQ_RICOVERO_ASSISTENZA_MEDICA;regione;lombardia;2001;90.2
AVQ_RICOVERO_ASSISTENZA_MEDICA;regione;marche;2001;88.4
AVQ_RICOVERO_ASSISTENZA_MEDICA;regione;molise;2001;95.2
AVQ_RICOVERO_ASSISTENZA_MEDICA;regione;piemonte;2001;87.8
AVQ_RICOVERO_ASSISTENZA_MEDICA;regione;puglia;2001;81.6
AVQ_RICOVERO_ASSISTENZA_MEDICA;regione;sardegna;2001;92.6
AVQ_RICOVERO_ASSISTENZA_MEDICA;regione;sicilia;2001;90.2
AVQ_RICOVERO_ASSISTENZA_MEDICA;regione;toscana;2001;93.7
AVQ_RICOVERO_ASSISTENZA_MEDICA;regione;trentino-alto-adige;2001;92.383091
AVQ_RICOVERO_ASSISTENZA_MEDICA;regione;umbria;2001;89.8
AVQ_RICOVERO_ASSISTENZA_MEDICA;regione;valle-d-aosta;2001;92.6
AVQ_RICOVERO_ASSISTENZA_MEDICA;regione;veneto;2001;89.4
AVQ_RICOVERO_ASSISTENZA_MEDICA;regione;abruzzo;2002;92.0
AVQ_RICOVERO_ASSISTENZA_MEDICA;regione;basilicata;2002;75.7
AVQ_RICOVERO_ASSISTENZA_MEDICA;regione;calabria;2002;86.2
AVQ_RICOVERO_ASSISTENZA_MEDICA;regione;campania;2002;91.1
AVQ_RICOVERO_ASSISTENZA_MEDICA;regione;emilia-romagna;2002;89.5
AVQ_RICOVERO_ASSISTENZA_MEDICA;regione;friuli-venezia-giulia;2002;91.7
AVQ_RICOVERO_ASSISTENZA_MEDICA;regione;lazio;2002;85.7
AVQ_RICOVERO_ASSISTENZA_MEDICA;regione;liguria;2002;89.2
AVQ_RICOVERO_ASSISTENZA_MEDICA;regione;lombardia;2002;84.0
AVQ_RICOVERO_ASSISTENZA_MEDICA;regione;marche;2002;81.8
AVQ_RICOVERO_ASSISTENZA_MEDICA;regione;molise;2002;93.0
AVQ_RICOVERO_ASSISTENZA_MEDICA;regione;piemonte;2002;86.2
AVQ_RICOVERO_ASSISTENZA_MEDICA;regione;puglia;2002;81.9
AVQ_RICOVERO_ASSISTENZA_MEDICA;regione;sardegna;2002;84.1
AVQ_RICOVERO_ASSISTENZA_MEDICA;regione;sicilia;2002;85.8
AVQ_RICOVERO_ASSISTENZA_MEDICA;regione;toscana;2002;87.6
AVQ_RICOVERO_ASSISTENZA_MEDICA;regione;trentino-alto-adige;2002;94.922289
AVQ_RICOVERO_ASSISTENZA_MEDICA;regione;umbria;2002;88.8
AVQ_RICOVERO_ASSISTENZA_MEDICA;regione;valle-d-aosta;2002;84.7
AVQ_RICOVERO_ASSISTENZA_MEDICA;regione;veneto;2002;83.3
AVQ_RICOVERO_ASSISTENZA_MEDICA;regione;abruzzo;2003;89.8
AVQ_RICOVERO_ASSISTENZA_MEDICA;regione;basilicata;2003;81.0
AVQ_RICOVERO_ASSISTENZA_MEDICA;regione;calabria;2003;91.7
AVQ_RICOVERO_ASSISTENZA_MEDICA;regione;campania;2003;86.9
AVQ_RICOVERO_ASSISTENZA_MEDICA;regione;emilia-romagna;2003;86.7
AVQ_RICOVERO_ASSISTENZA_MEDICA;regione;friuli-venezia-giulia;2003;90.3
AVQ_RICOVERO_ASSISTENZA_MEDICA;regione;lazio;2003;83.4
AVQ_RICOVERO_ASSISTENZA_MEDICA;regione;liguria;2003;95.9
AVQ_RICOVERO_ASSISTENZA_MEDICA;regione;lombardia;2003;90.1
AVQ_RICOVERO_ASSISTENZA_MEDICA;regione;marche;2003;90.6
AVQ_RICOVERO_ASSISTENZA_MEDICA;regione;molise;2003;83.4
AVQ_RICOVERO_ASSISTENZA_MEDICA;regione;piemonte;2003;89.8
AVQ_RICOVERO_ASSISTENZA_MEDICA;regione;puglia;2003;89.1
AVQ_RICOVERO_ASSISTENZA_MEDICA;regione;sardegna;2003;83.5
AVQ_RICOVERO_ASSISTENZA_MEDICA;regione;sicilia;2003;72.3
AVQ_RICOVERO_ASSISTENZA_MEDICA;regione;toscana;2003;91.3
AVQ_RICOVERO_ASSISTENZA_MEDICA;regione;trentino-alto-adige;2003;95.713835
AVQ_RICOVERO_ASSISTENZA_MEDICA;regione;umbria;2003;88.7
AVQ_RICOVERO_ASSISTENZA_MEDICA;regione;valle-d-aosta;2003;97.8
AVQ_RICOVERO_ASSISTENZA_MEDICA;regione;veneto;2003;90.7
AVQ_RICOVERO_ASSISTENZA_MEDICA;regione;abruzzo;2005;91.8
AVQ_RICOVERO_ASSISTENZA_MEDICA;regione;basilicata;2005;96.5
AVQ_RICOVERO_ASSISTENZA_MEDICA;regione;calabria;2005;80.4
AVQ_RICOVERO_ASSISTENZA_MEDICA;regione;campania;2005;86.3
AVQ_RICOVERO_ASSISTENZA_MEDICA;regione;emilia-romagna;2005;89.4
AVQ_RICOVERO_ASSISTENZA_MEDICA;regione;friuli-venezia-giulia;2005;84.1
AVQ_RICOVERO_ASSISTENZA_MEDICA;regione;lazio;2005;88.1
AVQ_RICOVERO_ASSISTENZA_MEDICA;regione;liguria;2005;95.4
AVQ_RICOVERO_ASSISTENZA_MEDICA;regione;lombardia;2005;90.3
AVQ_RICOVERO_ASSISTENZA_MEDICA;regione;marche;2005;90.9
AVQ_RICOVERO_ASSISTENZA_MEDICA;regione;molise;2005;78.9
AVQ_RICOVERO_ASSISTENZA_MEDICA;regione;piemonte;2005;97.5
AVQ_RICOVERO_ASSISTENZA_MEDICA;regione;puglia;2005;80.5
AVQ_RICOVERO_ASSISTENZA_MEDICA;regione;sardegna;2005;85.9
AVQ_RICOVERO_ASSISTENZA_MEDICA;regione;sicilia;2005;90.3
AVQ_RICOVERO_ASSISTENZA_MEDICA;regione;toscana;2005;86.2
AVQ_RICOVERO_ASSISTENZA_MEDICA;regione;trentino-alto-adige;2005;91.429206
AVQ_RICOVERO_ASSISTENZA_MEDICA;regione;umbria;2005;83.5
AVQ_RICOVERO_ASSISTENZA_MEDICA;regione;valle-d-aosta;2005;92.4
AVQ_RICOVERO_ASSISTENZA_MEDICA;regione;veneto;2005;91.6
AVQ_RICOVERO_ASSISTENZA_MEDICA;regione;abruzzo;2006;95.3
AVQ_RICOVERO_ASSISTENZA_MEDICA;regione;basilicata;2006;89.2
AVQ_RICOVERO_ASSISTENZA_MEDICA;regione;calabria;2006;89.3
AVQ_RICOVERO_ASSISTENZA_MEDICA;regione;campania;2006;88.0
AVQ_RICOVERO_ASSISTENZA_MEDICA;regione;emilia-romagna;2006;87.2
AVQ_RICOVERO_ASSISTENZA_MEDICA;regione;friuli-venezia-giulia;2006;97.3
AVQ_RICOVERO_ASSISTENZA_MEDICA;regione;lazio;2006;89.9
AVQ_RICOVERO_ASSISTENZA_MEDICA;regione;liguria;2006;94.1
AVQ_RICOVERO_ASSISTENZA_MEDICA;regione;lombardia;2006;92.6
AVQ_RICOVERO_ASSISTENZA_MEDICA;regione;marche;2006;89.2
AVQ_RICOVERO_ASSISTENZA_MEDICA;regione;molise;2006;85.4
AVQ_RICOVERO_ASSISTENZA_MEDICA;regione;piemonte;2006;92.9
AVQ_RICOVERO_ASSISTENZA_MEDICA;regione;puglia;2006;86.6
AVQ_RICOVERO_ASSISTENZA_MEDICA;regione;sardegna;2006;95.8
AVQ_RICOVERO_ASSISTENZA_MEDICA;regione;sicilia;2006;87.4
AVQ_RICOVERO_ASSISTENZA_MEDICA;regione;toscana;2006;88.4
AVQ_RICOVERO_ASSISTENZA_MEDICA;regione;trentino-alto-adige;2006;94.33117
AVQ_RICOVERO_ASSISTENZA_MEDICA;regione;umbria;2006;90.5
AVQ_RICOVERO_ASSISTENZA_MEDICA;regione;valle-d-aosta;2006;90.5
AVQ_RICOVERO_ASSISTENZA_MEDICA;regione;veneto;2006;87.1
AVQ_RICOVERO_ASSISTENZA_MEDICA;regione;abruzzo;2007;92.3
AVQ_RICOVERO_ASSISTENZA_MEDICA;regione;basilicata;2007;87.0
AVQ_RICOVERO_ASSISTENZA_MEDICA;regione;calabria;2007;86.0
AVQ_RICOVERO_ASSISTENZA_MEDICA;regione;campania;2007;90.1
AVQ_RICOVERO_ASSISTENZA_MEDICA;regione;emilia-romagna;2007;87.6
AVQ_RICOVERO_ASSISTENZA_MEDICA;regione;friuli-venezia-giulia;2007;91.5
AVQ_RICOVERO_ASSISTENZA_MEDICA;regione;lazio;2007;89.9
AVQ_RICOVERO_ASSISTENZA_MEDICA;regione;liguria;2007;91.4
AVQ_RICOVERO_ASSISTENZA_MEDICA;regione;lombardia;2007;92.1
AVQ_RICOVERO_ASSISTENZA_MEDICA;regione;marche;2007;92.4
AVQ_RICOVERO_ASSISTENZA_MEDICA;regione;molise;2007;83.0
AVQ_RICOVERO_ASSISTENZA_MEDICA;regione;piemonte;2007;88.0
AVQ_RICOVERO_ASSISTENZA_MEDICA;regione;puglia;2007;84.3
AVQ_RICOVERO_ASSISTENZA_MEDICA;regione;sardegna;2007;86.0
AVQ_RICOVERO_ASSISTENZA_MEDICA;regione;sicilia;2007;90.7
AVQ_RICOVERO_ASSISTENZA_MEDICA;regione;toscana;2007;94.0
AVQ_RICOVERO_ASSISTENZA_MEDICA;regione;trentino-alto-adige;2007;86.658839
AVQ_RICOVERO_ASSISTENZA_MEDICA;regione;umbria;2007;91.4
AVQ_RICOVERO_ASSISTENZA_MEDICA;regione;valle-d-aosta;2007;93.8
AVQ_RICOVERO_ASSISTENZA_MEDICA;regione;veneto;2007;88.1
AVQ_RICOVERO_ASSISTENZA_MEDICA;regione;abruzzo;2008;92.7
AVQ_RICOVERO_ASSISTENZA_MEDICA;regione;basilicata;2008;91.3
AVQ_RICOVERO_ASSISTENZA_MEDICA;regione;calabria;2008;83.1
AVQ_RICOVERO_ASSISTENZA_MEDICA;regione;campania;2008;90.0
AVQ_RICOVERO_ASSISTENZA_MEDICA;regione;emilia-romagna;2008;91.2
AVQ_RICOVERO_ASSISTENZA_MEDICA;regione;friuli-venezia-giulia;2008;92.7
AVQ_RICOVERO_ASSISTENZA_MEDICA;regione;lazio;2008;88.9
AVQ_RICOVERO_ASSISTENZA_MEDICA;regione;liguria;2008;97.1
AVQ_RICOVERO_ASSISTENZA_MEDICA;regione;lombardia;2008;91.7
AVQ_RICOVERO_ASSISTENZA_MEDICA;regione;marche;2008;82.8
AVQ_RICOVERO_ASSISTENZA_MEDICA;regione;molise;2008;87.0
AVQ_RICOVERO_ASSISTENZA_MEDICA;regione;piemonte;2008;84.8
AVQ_RICOVERO_ASSISTENZA_MEDICA;regione;puglia;2008;93.2
AVQ_RICOVERO_ASSISTENZA_MEDICA;regione;sardegna;2008;92.6
AVQ_RICOVERO_ASSISTENZA_MEDICA;regione;sicilia;2008;85.2
AVQ_RICOVERO_ASSISTENZA_MEDICA;regione;toscana;2008;88.0
AVQ_RICOVERO_ASSISTENZA_MEDICA;regione;trentino-alto-adige;2008;87.538087
AVQ_RICOVERO_ASSISTENZA_MEDICA;regione;umbria;2008;95.3
AVQ_RICOVERO_ASSISTENZA_MEDICA;regione;valle-d-aosta;2008;94.7
AVQ_RICOVERO_ASSISTENZA_MEDICA;regione;veneto;2008;89.2
AVQ_RICOVERO_ASSISTENZA_MEDICA;regione;abruzzo;2009;86.9
AVQ_RICOVERO_ASSISTENZA_MEDICA;regione;basilicata;2009;73.2
AVQ_RICOVERO_ASSISTENZA_MEDICA;regione;calabria;2009;91.7
AVQ_RICOVERO_ASSISTENZA_MEDICA;regione;campania;2009;91.0
AVQ_RICOVERO_ASSISTENZA_MEDICA;regione;emilia-romagna;2009;91.4
AVQ_RICOVERO_ASSISTENZA_MEDICA;regione;friuli-venezia-giulia;2009;87.4
AVQ_RICOVERO_ASSISTENZA_MEDICA;regione;lazio;2009;86.8
AVQ_RICOVERO_ASSISTENZA_MEDICA;regione;liguria;2009;87.9
AVQ_RICOVERO_ASSISTENZA_MEDICA;regione;lombardia;2009;91.1
AVQ_RICOVERO_ASSISTENZA_MEDICA;regione;marche;2009;89.9
AVQ_RICOVERO_ASSISTENZA_MEDICA;regione;molise;2009;91.6
AVQ_RICOVERO_ASSISTENZA_MEDICA;regione;piemonte;2009;91.6
AVQ_RICOVERO_ASSISTENZA_MEDICA;regione;puglia;2009;85.2
AVQ_RICOVERO_ASSISTENZA_MEDICA;regione;sardegna;2009;91.8
AVQ_RICOVERO_ASSISTENZA_MEDICA;regione;sicilia;2009;83.1
AVQ_RICOVERO_ASSISTENZA_MEDICA;regione;toscana;2009;81.8
AVQ_RICOVERO_ASSISTENZA_MEDICA;regione;trentino-alto-adige;2009;96.573868
AVQ_RICOVERO_ASSISTENZA_MEDICA;regione;umbria;2009;76.9
AVQ_RICOVERO_ASSISTENZA_MEDICA;regione;valle-d-aosta;2009;86.8
AVQ_RICOVERO_ASSISTENZA_MEDICA;regione;veneto;2009;90.7
AVQ_RICOVERO_ASSISTENZA_MEDICA;regione;abruzzo;2010;84.9
AVQ_RICOVERO_ASSISTENZA_MEDICA;regione;basilicata;2010;94.9
AVQ_RICOVERO_ASSISTENZA_MEDICA;regione;calabria;2010;87.0
AVQ_RICOVERO_ASSISTENZA_MEDICA;regione;campania;2010;84.1
AVQ_RICOVERO_ASSISTENZA_MEDICA;regione;emilia-romagna;2010;89.3
AVQ_RICOVERO_ASSISTENZA_MEDICA;regione;friuli-venezia-giulia;2010;92.8
AVQ_RICOVERO_ASSISTENZA_MEDICA;regione;lazio;2010;81.9
AVQ_RICOVERO_ASSISTENZA_MEDICA;regione;liguria;2010;93.6
AVQ_RICOVERO_ASSISTENZA_MEDICA;regione;lombardia;2010;91.7
AVQ_RICOVERO_ASSISTENZA_MEDICA;regione;marche;2010;80.8
AVQ_RICOVERO_ASSISTENZA_MEDICA;regione;molise;2010;87.7
AVQ_RICOVERO_ASSISTENZA_MEDICA;regione;piemonte;2010;93.0
AVQ_RICOVERO_ASSISTENZA_MEDICA;regione;puglia;2010;88.0
AVQ_RICOVERO_ASSISTENZA_MEDICA;regione;sardegna;2010;83.3
AVQ_RICOVERO_ASSISTENZA_MEDICA;regione;sicilia;2010;90.1
AVQ_RICOVERO_ASSISTENZA_MEDICA;regione;toscana;2010;88.5
AVQ_RICOVERO_ASSISTENZA_MEDICA;regione;trentino-alto-adige;2010;95.931512
AVQ_RICOVERO_ASSISTENZA_MEDICA;regione;umbria;2010;90.9
AVQ_RICOVERO_ASSISTENZA_MEDICA;regione;valle-d-aosta;2010;89.8
AVQ_RICOVERO_ASSISTENZA_MEDICA;regione;veneto;2010;91.2
AVQ_RICOVERO_ASSISTENZA_MEDICA;regione;abruzzo;2011;90.2
AVQ_RICOVERO_ASSISTENZA_MEDICA;regione;basilicata;2011;86.8
AVQ_RICOVERO_ASSISTENZA_MEDICA;regione;calabria;2011;86.9
AVQ_RICOVERO_ASSISTENZA_MEDICA;regione;campania;2011;88.9
AVQ_RICOVERO_ASSISTENZA_MEDICA;regione;emilia-romagna;2011;93.5
AVQ_RICOVERO_ASSISTENZA_MEDICA;regione;friuli-venezia-giulia;2011;93.2
AVQ_RICOVERO_ASSISTENZA_MEDICA;regione;lazio;2011;85.0
AVQ_RICOVERO_ASSISTENZA_MEDICA;regione;liguria;2011;91.4
AVQ_RICOVERO_ASSISTENZA_MEDICA;regione;lombardia;2011;89.9
AVQ_RICOVERO_ASSISTENZA_MEDICA;regione;marche;2011;96.1
AVQ_RICOVERO_ASSISTENZA_MEDICA;regione;molise;2011;87.2
AVQ_RICOVERO_ASSISTENZA_MEDICA;regione;piemonte;2011;89.0
AVQ_RICOVERO_ASSISTENZA_MEDICA;regione;puglia;2011;92.2
AVQ_RICOVERO_ASSISTENZA_MEDICA;regione;sardegna;2011;96.7
AVQ_RICOVERO_ASSISTENZA_MEDICA;regione;sicilia;2011;88.9
AVQ_RICOVERO_ASSISTENZA_MEDICA;regione;toscana;2011;86.1
AVQ_RICOVERO_ASSISTENZA_MEDICA;regione;trentino-alto-adige;2011;96.267293
AVQ_RICOVERO_ASSISTENZA_MEDICA;regione;umbria;2011;84.6
AVQ_RICOVERO_ASSISTENZA_MEDICA;regione;valle-d-aosta;2011;85.2
AVQ_RICOVERO_ASSISTENZA_MEDICA;regione;veneto;2011;96.2
AVQ_RICOVERO_ASSISTENZA_MEDICA;regione;abruzzo;2012;89.1
AVQ_RICOVERO_ASSISTENZA_MEDICA;regione;basilicata;2012;94.0
AVQ_RICOVERO_ASSISTENZA_MEDICA;regione;calabria;2012;79.5
AVQ_RICOVERO_ASSISTENZA_MEDICA;regione;campania;2012;88.7
AVQ_RICOVERO_ASSISTENZA_MEDICA;regione;emilia-romagna;2012;90.3
AVQ_RICOVERO_ASSISTENZA_MEDICA;regione;friuli-venezia-giulia;2012;94.2
AVQ_RICOVERO_ASSISTENZA_MEDICA;regione;lazio;2012;86.2
AVQ_RICOVERO_ASSISTENZA_MEDICA;regione;liguria;2012;93.3
AVQ_RICOVERO_ASSISTENZA_MEDICA;regione;lombardia;2012;94.8
AVQ_RICOVERO_ASSISTENZA_MEDICA;regione;marche;2012;79.4
AVQ_RICOVERO_ASSISTENZA_MEDICA;regione;molise;2012;87.2
AVQ_RICOVERO_ASSISTENZA_MEDICA;regione;piemonte;2012;90.4
AVQ_RICOVERO_ASSISTENZA_MEDICA;regione;puglia;2012;89.4
AVQ_RICOVERO_ASSISTENZA_MEDICA;regione;sardegna;2012;92.8
AVQ_RICOVERO_ASSISTENZA_MEDICA;regione;sicilia;2012;88.9
AVQ_RICOVERO_ASSISTENZA_MEDICA;regione;toscana;2012;86.2
AVQ_RICOVERO_ASSISTENZA_MEDICA;regione;trentino-alto-adige;2012;95.698463
AVQ_RICOVERO_ASSISTENZA_MEDICA;regione;umbria;2012;93.2
AVQ_RICOVERO_ASSISTENZA_MEDICA;regione;valle-d-aosta;2012;97.5
AVQ_RICOVERO_ASSISTENZA_MEDICA;regione;veneto;2012;86.5
AVQ_RICOVERO_ASSISTENZA_MEDICA;regione;abruzzo;2013;93.0
AVQ_RICOVERO_ASSISTENZA_MEDICA;regione;basilicata;2013;83.1
AVQ_RICOVERO_ASSISTENZA_MEDICA;regione;calabria;2013;91.2
AVQ_RICOVERO_ASSISTENZA_MEDICA;regione;campania;2013;92.2
AVQ_RICOVERO_ASSISTENZA_MEDICA;regione;emilia-romagna;2013;93.3
AVQ_RICOVERO_ASSISTENZA_MEDICA;regione;friuli-venezia-giulia;2013;91.6
AVQ_RICOVERO_ASSISTENZA_MEDICA;regione;lazio;2013;89.3
AVQ_RICOVERO_ASSISTENZA_MEDICA;regione;liguria;2013;89.4
AVQ_RICOVERO_ASSISTENZA_MEDICA;regione;lombardia;2013;94.1
AVQ_RICOVERO_ASSISTENZA_MEDICA;regione;marche;2013;88.4
AVQ_RICOVERO_ASSISTENZA_MEDICA;regione;molise;2013;89.3
AVQ_RICOVERO_ASSISTENZA_MEDICA;regione;piemonte;2013;92.2
AVQ_RICOVERO_ASSISTENZA_MEDICA;regione;puglia;2013;83.7
AVQ_RICOVERO_ASSISTENZA_MEDICA;regione;sardegna;2013;88.6
AVQ_RICOVERO_ASSISTENZA_MEDICA;regione;sicilia;2013;89.3
AVQ_RICOVERO_ASSISTENZA_MEDICA;regione;toscana;2013;91.2
AVQ_RICOVERO_ASSISTENZA_MEDICA;regione;trentino-alto-adige;2013;92.990351
AVQ_RICOVERO_ASSISTENZA_MEDICA;regione;umbria;2013;92.5
AVQ_RICOVERO_ASSISTENZA_MEDICA;regione;valle-d-aosta;2013;83.1
AVQ_RICOVERO_ASSISTENZA_MEDICA;regione;veneto;2013;90.3
AVQ_RICOVERO_ASSISTENZA_MEDICA;regione;abruzzo;2014;75.8
AVQ_RICOVERO_ASSISTENZA_MEDICA;regione;basilicata;2014;85.4
AVQ_RICOVERO_ASSISTENZA_MEDICA;regione;calabria;2014;90.2
AVQ_RICOVERO_ASSISTENZA_MEDICA;regione;campania;2014;92.4
AVQ_RICOVERO_ASSISTENZA_MEDICA;regione;emilia-romagna;2014;89.1
AVQ_RICOVERO_ASSISTENZA_MEDICA;regione;friuli-venezia-giulia;2014;88.9
AVQ_RICOVERO_ASSISTENZA_MEDICA;regione;lazio;2014;84.5
AVQ_RICOVERO_ASSISTENZA_MEDICA;regione;liguria;2014;97.9
AVQ_RICOVERO_ASSISTENZA_MEDICA;regione;lombardia;2014;89.4
AVQ_RICOVERO_ASSISTENZA_MEDICA;regione;marche;2014;86.7
AVQ_RICOVERO_ASSISTENZA_MEDICA;regione;molise;2014;76.9
AVQ_RICOVERO_ASSISTENZA_MEDICA;regione;piemonte;2014;86.9
AVQ_RICOVERO_ASSISTENZA_MEDICA;regione;puglia;2014;88.2
AVQ_RICOVERO_ASSISTENZA_MEDICA;regione;sardegna;2014;93.0
AVQ_RICOVERO_ASSISTENZA_MEDICA;regione;sicilia;2014;87.3
AVQ_RICOVERO_ASSISTENZA_MEDICA;regione;toscana;2014;90.2
AVQ_RICOVERO_ASSISTENZA_MEDICA;regione;trentino-alto-adige;2014;90.972331
AVQ_RICOVERO_ASSISTENZA_MEDICA;regione;umbria;2014;93.5
AVQ_RICOVERO_ASSISTENZA_MEDICA;regione;valle-d-aosta;2014;86.4
AVQ_RICOVERO_ASSISTENZA_MEDICA;regione;veneto;2014;89.7
AVQ_RICOVERO_ASSISTENZA_MEDICA;regione;abruzzo;2015;94.5
AVQ_RICOVERO_ASSISTENZA_MEDICA;regione;basilicata;2015;80.0
AVQ_RICOVERO_ASSISTENZA_MEDICA;regione;calabria;2015;86.2
AVQ_RICOVERO_ASSISTENZA_MEDICA;regione;campania;2015;87.2
AVQ_RICOVERO_ASSISTENZA_MEDICA;regione;emilia-romagna;2015;94.7
AVQ_RICOVERO_ASSISTENZA_MEDICA;regione;friuli-venezia-giulia;2015;94.9
AVQ_RICOVERO_ASSISTENZA_MEDICA;regione;lazio;2015;92.3
AVQ_RICOVERO_ASSISTENZA_MEDICA;regione;liguria;2015;97.2
AVQ_RICOVERO_ASSISTENZA_MEDICA;regione;lombardia;2015;92.9
AVQ_RICOVERO_ASSISTENZA_MEDICA;regione;marche;2015;94.4
AVQ_RICOVERO_ASSISTENZA_MEDICA;regione;molise;2015;82.9
AVQ_RICOVERO_ASSISTENZA_MEDICA;regione;piemonte;2015;89.4
AVQ_RICOVERO_ASSISTENZA_MEDICA;regione;puglia;2015;83.9
AVQ_RICOVERO_ASSISTENZA_MEDICA;regione;sardegna;2015;85.4
AVQ_RICOVERO_ASSISTENZA_MEDICA;regione;sicilia;2015;83.3
AVQ_RICOVERO_ASSISTENZA_MEDICA;regione;toscana;2015;92.0
AVQ_RICOVERO_ASSISTENZA_MEDICA;regione;trentino-alto-adige;2015;89.3
AVQ_RICOVERO_ASSISTENZA_MEDICA;regione;umbria;2015;84.3
AVQ_RICOVERO_ASSISTENZA_MEDICA;regione;valle-d-aosta;2015;89.3
AVQ_RICOVERO_ASSISTENZA_MEDICA;regione;veneto;2015;95.6
AVQ_RICOVERO_ASSISTENZA_MEDICA;regione;abruzzo;2016;91.3
AVQ_RICOVERO_ASSISTENZA_MEDICA;regione;basilicata;2016;82.4
AVQ_RICOVERO_ASSISTENZA_MEDICA;regione;calabria;2016;95.5
AVQ_RICOVERO_ASSISTENZA_MEDICA;regione;campania;2016;95.4
AVQ_RICOVERO_ASSISTENZA_MEDICA;regione;emilia-romagna;2016;90.5
AVQ_RICOVERO_ASSISTENZA_MEDICA;regione;friuli-venezia-giulia;2016;93.1
AVQ_RICOVERO_ASSISTENZA_MEDICA;regione;lazio;2016;92.1
AVQ_RICOVERO_ASSISTENZA_MEDICA;regione;liguria;2016;93.8
AVQ_RICOVERO_ASSISTENZA_MEDICA;regione;lombardia;2016;90.5
AVQ_RICOVERO_ASSISTENZA_MEDICA;regione;marche;2016;92.2
AVQ_RICOVERO_ASSISTENZA_MEDICA;regione;molise;2016;90.9
AVQ_RICOVERO_ASSISTENZA_MEDICA;regione;piemonte;2016;96.9
AVQ_RICOVERO_ASSISTENZA_MEDICA;regione;puglia;2016;91.4
AVQ_RICOVERO_ASSISTENZA_MEDICA;regione;sardegna;2016;86.9
AVQ_RICOVERO_ASSISTENZA_MEDICA;regione;sicilia;2016;92.0
AVQ_RICOVERO_ASSISTENZA_MEDICA;regione;toscana;2016;89.9
AVQ_RICOVERO_ASSISTENZA_MEDICA;regione;trentino-alto-adige;2016;96.806149
AVQ_RICOVERO_ASSISTENZA_MEDICA;regione;umbria;2016;86.2
AVQ_RICOVERO_ASSISTENZA_MEDICA;regione;valle-d-aosta;2016;96.3
AVQ_RICOVERO_ASSISTENZA_MEDICA;regione;veneto;2016;94.9
AVQ_RICOVERO_ASSISTENZA_MEDICA;regione;abruzzo;2017;89.7
AVQ_RICOVERO_ASSISTENZA_MEDICA;regione;basilicata;2017;89.5
AVQ_RICOVERO_ASSISTENZA_MEDICA;regione;calabria;2017;84.3
AVQ_RICOVERO_ASSISTENZA_MEDICA;regione;campania;2017;91.9
AVQ_RICOVERO_ASSISTENZA_MEDICA;regione;emilia-romagna;2017;95.6
AVQ_RICOVERO_ASSISTENZA_MEDICA;regione;friuli-venezia-giulia;2017;91.3
AVQ_RICOVERO_ASSISTENZA_MEDICA;regione;lazio;2017;84.7
AVQ_RICOVERO_ASSISTENZA_MEDICA;regione;liguria;2017;98.8
AVQ_RICOVERO_ASSISTENZA_MEDICA;regione;lombardia;2017;92.0
AVQ_RICOVERO_ASSISTENZA_MEDICA;regione;marche;2017;83.2
AVQ_RICOVERO_ASSISTENZA_MEDICA;regione;molise;2017;93.6
AVQ_RICOVERO_ASSISTENZA_MEDICA;regione;piemonte;2017;86.0
AVQ_RICOVERO_ASSISTENZA_MEDICA;regione;puglia;2017;93.9
AVQ_RICOVERO_ASSISTENZA_MEDICA;regione;sardegna;2017;91.2
AVQ_RICOVERO_ASSISTENZA_MEDICA;regione;sicilia;2017;78.8
AVQ_RICOVERO_ASSISTENZA_MEDICA;regione;toscana;2017;89.7
AVQ_RICOVERO_ASSISTENZA_MEDICA;regione;trentino-alto-adige;2017;96.16883
AVQ_RICOVERO_ASSISTENZA_MEDICA;regione;umbria;2017;86.2
AVQ_RICOVERO_ASSISTENZA_MEDICA;regione;valle-d-aosta;2017;94.6
AVQ_RICOVERO_ASSISTENZA_MEDICA;regione;veneto;2017;91.2
AVQ_RICOVERO_ASSISTENZA_MEDICA;regione;abruzzo;2018;91.1
AVQ_RICOVERO_ASSISTENZA_MEDICA;regione;basilicata;2018;81.1
AVQ_RICOVERO_ASSISTENZA_MEDICA;regione;calabria;2018;76.1
AVQ_RICOVERO_ASSISTENZA_MEDICA;regione;campania;2018;86.2
AVQ_RICOVERO_ASSISTENZA_MEDICA;regione;emilia-romagna;2018;94.1
AVQ_RICOVERO_ASSISTENZA_MEDICA;regione;friuli-venezia-giulia;2018;90.8
AVQ_RICOVERO_ASSISTENZA_MEDICA;regione;lazio;2018;93.8
AVQ_RICOVERO_ASSISTENZA_MEDICA;regione;liguria;2018;94.3
AVQ_RICOVERO_ASSISTENZA_MEDICA;regione;lombardia;2018;94.7
AVQ_RICOVERO_ASSISTENZA_MEDICA;regione;marche;2018;84.6
AVQ_RICOVERO_ASSISTENZA_MEDICA;regione;molise;2018;87.5
AVQ_RICOVERO_ASSISTENZA_MEDICA;regione;piemonte;2018;93.9
AVQ_RICOVERO_ASSISTENZA_MEDICA;regione;puglia;2018;85.3
AVQ_RICOVERO_ASSISTENZA_MEDICA;regione;sardegna;2018;84.8
AVQ_RICOVERO_ASSISTENZA_MEDICA;regione;sicilia;2018;97.4
AVQ_RICOVERO_ASSISTENZA_MEDICA;regione;toscana;2018;94.3
AVQ_RICOVERO_ASSISTENZA_MEDICA;regione;trentino-alto-adige;2018;93.972673
AVQ_RICOVERO_ASSISTENZA_MEDICA;regione;umbria;2018;88.7
AVQ_RICOVERO_ASSISTENZA_MEDICA;regione;valle-d-aosta;2018;97.0
AVQ_RICOVERO_ASSISTENZA_MEDICA;regione;veneto;2018;95.0
AVQ_RICOVERO_ASSISTENZA_MEDICA;regione;abruzzo;2019;88.6
AVQ_RICOVERO_ASSISTENZA_MEDICA;regione;basilicata;2019;91.2
AVQ_RICOVERO_ASSISTENZA_MEDICA;regione;calabria;2019;90.5
AVQ_RICOVERO_ASSISTENZA_MEDICA;regione;campania;2019;86.0
AVQ_RICOVERO_ASSISTENZA_MEDICA;regione;emilia-romagna;2019;83.4
AVQ_RICOVERO_ASSISTENZA_MEDICA;regione;friuli-venezia-giulia;2019;94.1
AVQ_RICOVERO_ASSISTENZA_MEDICA;regione;lazio;2019;90.8
AVQ_RICOVERO_ASSISTENZA_MEDICA;regione;liguria;2019;87.4
AVQ_RICOVERO_ASSISTENZA_MEDICA;regione;lombardia;2019;88.3
AVQ_RICOVERO_ASSISTENZA_MEDICA;regione;marche;2019;96.6
AVQ_RICOVERO_ASSISTENZA_MEDICA;regione;molise;2019;84.9
AVQ_RICOVERO_ASSISTENZA_MEDICA;regione;piemonte;2019;88.9
AVQ_RICOVERO_ASSISTENZA_MEDICA;regione;puglia;2019;86.2
AVQ_RICOVERO_ASSISTENZA_MEDICA;regione;sardegna;2019;77.0
AVQ_RICOVERO_ASSISTENZA_MEDICA;regione;sicilia;2019;80.4
AVQ_RICOVERO_ASSISTENZA_MEDICA;regione;toscana;2019;92.1
AVQ_RICOVERO_ASSISTENZA_MEDICA;regione;trentino-alto-adige;2019;92.856533
AVQ_RICOVERO_ASSISTENZA_MEDICA;regione;umbria;2019;82.8
AVQ_RICOVERO_ASSISTENZA_MEDICA;regione;valle-d-aosta;2019;90.9
AVQ_RICOVERO_ASSISTENZA_MEDICA;regione;veneto;2019;90.5
AVQ_RICOVERO_ASSISTENZA_MEDICA;regione;abruzzo;2020;95.9
AVQ_RICOVERO_ASSISTENZA_MEDICA;regione;basilicata;2020;91.5
AVQ_RICOVERO_ASSISTENZA_MEDICA;regione;calabria;2020;89.7
AVQ_RICOVERO_ASSISTENZA_MEDICA;regione;campania;2020;91.4
AVQ_RICOVERO_ASSISTENZA_MEDICA;regione;emilia-romagna;2020;93.9
AVQ_RICOVERO_ASSISTENZA_MEDICA;regione;friuli-venezia-giulia;2020;98.0
AVQ_RICOVERO_ASSISTENZA_MEDICA;regione;lazio;2020;95.4
AVQ_RICOVERO_ASSISTENZA_MEDICA;regione;liguria;2020;92.4
AVQ_RICOVERO_ASSISTENZA_MEDICA;regione;lombardia;2020;92.0
AVQ_RICOVERO_ASSISTENZA_MEDICA;regione;marche;2020;95.6
AVQ_RICOVERO_ASSISTENZA_MEDICA;regione;molise;2020;84.7
AVQ_RICOVERO_ASSISTENZA_MEDICA;regione;piemonte;2020;94.4
AVQ_RICOVERO_ASSISTENZA_MEDICA;regione;puglia;2020;96.1
AVQ_RICOVERO_ASSISTENZA_MEDICA;regione;sardegna;2020;89.9
AVQ_RICOVERO_ASSISTENZA_MEDICA;regione;sicilia;2020;89.3
AVQ_RICOVERO_ASSISTENZA_MEDICA;regione;toscana;2020;96.3
AVQ_RICOVERO_ASSISTENZA_MEDICA;regione;trentino-alto-adige;2020;94.595388
AVQ_RICOVERO_ASSISTENZA_MEDICA;regione;umbria;2020;97.3
AVQ_RICOVERO_ASSISTENZA_MEDICA;regione;valle-d-aosta;2020;95.1
AVQ_RICOVERO_ASSISTENZA_MEDICA;regione;veneto;2020;91.9
AVQ_RICOVERO_ASSISTENZA_MEDICA;regione;abruzzo;2021;91.0
AVQ_RICOVERO_ASSISTENZA_MEDICA;regione;basilicata;2021;90.7
AVQ_RICOVERO_ASSISTENZA_MEDICA;regione;calabria;2021;86.6
AVQ_RICOVERO_ASSISTENZA_MEDICA;regione;campania;2021;94.6
AVQ_RICOVERO_ASSISTENZA_MEDICA;regione;emilia-romagna;2021;100.0
AVQ_RICOVERO_ASSISTENZA_MEDICA;regione;friuli-venezia-giulia;2021;91.1
AVQ_RICOVERO_ASSISTENZA_MEDICA;regione;lazio;2021;94.0
AVQ_RICOVERO_ASSISTENZA_MEDICA;regione;liguria;2021;91.1
AVQ_RICOVERO_ASSISTENZA_MEDICA;regione;lombardia;2021;97.5
AVQ_RICOVERO_ASSISTENZA_MEDICA;regione;marche;2021;91.9
AVQ_RICOVERO_ASSISTENZA_MEDICA;regione;molise;2021;83.8
AVQ_RICOVERO_ASSISTENZA_MEDICA;regione;piemonte;2021;97.0
AVQ_RICOVERO_ASSISTENZA_MEDICA;regione;puglia;2021;94.8
AVQ_RICOVERO_ASSISTENZA_MEDICA;regione;sardegna;2021;81.1
AVQ_RICOVERO_ASSISTENZA_MEDICA;regione;sicilia;2021;88.2
AVQ_RICOVERO_ASSISTENZA_MEDICA;regione;toscana;2021;92.1
AVQ_RICOVERO_ASSISTENZA_MEDICA;regione;trentino-alto-adige;2021;91.695388
AVQ_RICOVERO_ASSISTENZA_MEDICA;regione;umbria;2021;87.6
AVQ_RICOVERO_ASSISTENZA_MEDICA;regione;valle-d-aosta;2021;89.4
AVQ_RICOVERO_ASSISTENZA_MEDICA;regione;veneto;2021;94.3
AVQ_RICOVERO_ASSISTENZA_MEDICA;regione;abruzzo;2022;92.7
AVQ_RICOVERO_ASSISTENZA_MEDICA;regione;basilicata;2022;90.4
AVQ_RICOVERO_ASSISTENZA_MEDICA;regione;calabria;2022;82.2
AVQ_RICOVERO_ASSISTENZA_MEDICA;regione;campania;2022;86.0
AVQ_RICOVERO_ASSISTENZA_MEDICA;regione;emilia-romagna;2022;96.5
AVQ_RICOVERO_ASSISTENZA_MEDICA;regione;friuli-venezia-giulia;2022;91.6
AVQ_RICOVERO_ASSISTENZA_MEDICA;regione;lazio;2022;82.3
AVQ_RICOVERO_ASSISTENZA_MEDICA;regione;liguria;2022;95.6
AVQ_RICOVERO_ASSISTENZA_MEDICA;regione;lombardia;2022;91.8
AVQ_RICOVERO_ASSISTENZA_MEDICA;regione;marche;2022;91.1
AVQ_RICOVERO_ASSISTENZA_MEDICA;regione;molise;2022;96.8
AVQ_RICOVERO_ASSISTENZA_MEDICA;regione;piemonte;2022;88.0
AVQ_RICOVERO_ASSISTENZA_MEDICA;regione;puglia;2022;87.8
AVQ_RICOVERO_ASSISTENZA_MEDICA;regione;sardegna;2022;85.2
AVQ_RICOVERO_ASSISTENZA_MEDICA;regione;sicilia;2022;91.2
AVQ_RICOVERO_ASSISTENZA_MEDICA;regione;toscana;2022;91.3
AVQ_RICOVERO_ASSISTENZA_MEDICA;regione;trentino-alto-adige;2022;81.945347
AVQ_RICOVERO_ASSISTENZA_MEDICA;regione;umbria;2022;92.4
AVQ_RICOVERO_ASSISTENZA_MEDICA;regione;valle-d-aosta;2022;96.9
AVQ_RICOVERO_ASSISTENZA_MEDICA;regione;veneto;2022;86.4
AVQ_RICOVERO_ASSISTENZA_MEDICA;regione;abruzzo;2023;88.9
AVQ_RICOVERO_ASSISTENZA_MEDICA;regione;basilicata;2023;100.0
AVQ_RICOVERO_ASSISTENZA_MEDICA;regione;calabria;2023;86.0
AVQ_RICOVERO_ASSISTENZA_MEDICA;regione;campania;2023;86.6
AVQ_RICOVERO_ASSISTENZA_MEDICA;regione;emilia-romagna;2023;88.8
AVQ_RICOVERO_ASSISTENZA_MEDICA;regione;friuli-venezia-giulia;2023;86.6
AVQ_RICOVERO_ASSISTENZA_MEDICA;regione;lazio;2023;79.7
AVQ_RICOVERO_ASSISTENZA_MEDICA;regione;liguria;2023;89.9
AVQ_RICOVERO_ASSISTENZA_MEDICA;regione;lombardia;2023;91.3
AVQ_RICOVERO_ASSISTENZA_MEDICA;regione;marche;2023;89.9
AVQ_RICOVERO_ASSISTENZA_MEDICA;regione;molise;2023;83.8
AVQ_RICOVERO_ASSISTENZA_MEDICA;regione;piemonte;2023;95.9
AVQ_RICOVERO_ASSISTENZA_MEDICA;regione;puglia;2023;89.8
AVQ_RICOVERO_ASSISTENZA_MEDICA;regione;sardegna;2023;66.7
AVQ_RICOVERO_ASSISTENZA_MEDICA;regione;sicilia;2023;83.8
AVQ_RICOVERO_ASSISTENZA_MEDICA;regione;toscana;2023;86.2
AVQ_RICOVERO_ASSISTENZA_MEDICA;regione;trentino-alto-adige;2023;91.587703
AVQ_RICOVERO_ASSISTENZA_MEDICA;regione;umbria;2023;87.9
AVQ_RICOVERO_ASSISTENZA_MEDICA;regione;valle-d-aosta;2023;93.6
AVQ_RICOVERO_ASSISTENZA_MEDICA;regione;veneto;2023;90.1
AVQ_RICOVERO_ASSISTENZA_MEDICA;regione;abruzzo;2024;90.4
AVQ_RICOVERO_ASSISTENZA_MEDICA;regione;basilicata;2024;87.7
AVQ_RICOVERO_ASSISTENZA_MEDICA;regione;calabria;2024;89.4
AVQ_RICOVERO_ASSISTENZA_MEDICA;regione;campania;2024;94.5
AVQ_RICOVERO_ASSISTENZA_MEDICA;regione;emilia-romagna;2024;92.0
AVQ_RICOVERO_ASSISTENZA_MEDICA;regione;friuli-venezia-giulia;2024;92.9
AVQ_RICOVERO_ASSISTENZA_MEDICA;regione;lazio;2024;85.8
AVQ_RICOVERO_ASSISTENZA_MEDICA;regione;liguria;2024;90.1
AVQ_RICOVERO_ASSISTENZA_MEDICA;regione;lombardia;2024;93.2
AVQ_RICOVERO_ASSISTENZA_MEDICA;regione;marche;2024;95.2
AVQ_RICOVERO_ASSISTENZA_MEDICA;regione;molise;2024;86.5
AVQ_RICOVERO_ASSISTENZA_MEDICA;regione;piemonte;2024;91.7
AVQ_RICOVERO_ASSISTENZA_MEDICA;regione;puglia;2024;93.0
AVQ_RICOVERO_ASSISTENZA_MEDICA;regione;sardegna;2024;80.4
AVQ_RICOVERO_ASSISTENZA_MEDICA;regione;sicilia;2024;90.6
AVQ_RICOVERO_ASSISTENZA_MEDICA;regione;toscana;2024;89.1
AVQ_RICOVERO_ASSISTENZA_MEDICA;regione;trentino-alto-adige;2024;91.606917
AVQ_RICOVERO_ASSISTENZA_MEDICA;regione;umbria;2024;91.2
AVQ_RICOVERO_ASSISTENZA_MEDICA;regione;valle-d-aosta;2024;100.0
AVQ_RICOVERO_ASSISTENZA_MEDICA;regione;veneto;2024;90.9
AVQ_RICOVERO_ASSISTENZA_MEDICA;regione;abruzzo;2025;83.7
AVQ_RICOVERO_ASSISTENZA_MEDICA;regione;basilicata;2025;78.0
AVQ_RICOVERO_ASSISTENZA_MEDICA;regione;calabria;2025;82.0
AVQ_RICOVERO_ASSISTENZA_MEDICA;regione;campania;2025;81.8
AVQ_RICOVERO_ASSISTENZA_MEDICA;regione;emilia-romagna;2025;83.0
AVQ_RICOVERO_ASSISTENZA_MEDICA;regione;friuli-venezia-giulia;2025;85.0
AVQ_RICOVERO_ASSISTENZA_MEDICA;regione;lazio;2025;84.2
AVQ_RICOVERO_ASSISTENZA_MEDICA;regione;liguria;2025;90.5
AVQ_RICOVERO_ASSISTENZA_MEDICA;regione;lombardia;2025;81.7
AVQ_RICOVERO_ASSISTENZA_MEDICA;regione;marche;2025;72.1
AVQ_RICOVERO_ASSISTENZA_MEDICA;regione;molise;2025;89.5
AVQ_RICOVERO_ASSISTENZA_MEDICA;regione;piemonte;2025;84.5
AVQ_RICOVERO_ASSISTENZA_MEDICA;regione;puglia;2025;78.4
AVQ_RICOVERO_ASSISTENZA_MEDICA;regione;sardegna;2025;92.0
AVQ_RICOVERO_ASSISTENZA_MEDICA;regione;sicilia;2025;86.0
AVQ_RICOVERO_ASSISTENZA_MEDICA;regione;toscana;2025;81.4
AVQ_RICOVERO_ASSISTENZA_MEDICA;regione;trentino-alto-adige;2025;89.141161
AVQ_RICOVERO_ASSISTENZA_MEDICA;regione;umbria;2025;90.7
AVQ_RICOVERO_ASSISTENZA_MEDICA;regione;valle-d-aosta;2025;81.9
AVQ_RICOVERO_ASSISTENZA_MEDICA;regione;veneto;2025;87.7
AVQ_INCIDENTI_DOMESTICI;regione;abruzzo;2001;10.8
AVQ_INCIDENTI_DOMESTICI;regione;basilicata;2001;10.2
AVQ_INCIDENTI_DOMESTICI;regione;calabria;2001;11.8
AVQ_INCIDENTI_DOMESTICI;regione;campania;2001;15.9
AVQ_INCIDENTI_DOMESTICI;regione;emilia-romagna;2001;7.3
AVQ_INCIDENTI_DOMESTICI;regione;friuli-venezia-giulia;2001;14.3
AVQ_INCIDENTI_DOMESTICI;regione;lazio;2001;12.8
AVQ_INCIDENTI_DOMESTICI;regione;liguria;2001;7.4
AVQ_INCIDENTI_DOMESTICI;regione;lombardia;2001;11.3
AVQ_INCIDENTI_DOMESTICI;regione;marche;2001;11.6
AVQ_INCIDENTI_DOMESTICI;regione;molise;2001;16.7
AVQ_INCIDENTI_DOMESTICI;regione;piemonte;2001;13.9
AVQ_INCIDENTI_DOMESTICI;regione;puglia;2001;18.2
AVQ_INCIDENTI_DOMESTICI;regione;sardegna;2001;9.8
AVQ_INCIDENTI_DOMESTICI;regione;sicilia;2001;11.0
AVQ_INCIDENTI_DOMESTICI;regione;toscana;2001;14.5
AVQ_INCIDENTI_DOMESTICI;regione;trentino-alto-adige;2001;12.396926
AVQ_INCIDENTI_DOMESTICI;regione;umbria;2001;16.9
AVQ_INCIDENTI_DOMESTICI;regione;valle-d-aosta;2001;4.9
AVQ_INCIDENTI_DOMESTICI;regione;veneto;2001;10.3
AVQ_INCIDENTI_DOMESTICI;regione;abruzzo;2002;9.4
AVQ_INCIDENTI_DOMESTICI;regione;basilicata;2002;11.8
AVQ_INCIDENTI_DOMESTICI;regione;calabria;2002;12.3
AVQ_INCIDENTI_DOMESTICI;regione;campania;2002;9.3
AVQ_INCIDENTI_DOMESTICI;regione;emilia-romagna;2002;9.4
AVQ_INCIDENTI_DOMESTICI;regione;friuli-venezia-giulia;2002;11.8
AVQ_INCIDENTI_DOMESTICI;regione;lazio;2002;9.7
AVQ_INCIDENTI_DOMESTICI;regione;liguria;2002;12.4
AVQ_INCIDENTI_DOMESTICI;regione;lombardia;2002;11.4
AVQ_INCIDENTI_DOMESTICI;regione;marche;2002;10.9
AVQ_INCIDENTI_DOMESTICI;regione;molise;2002;14.3
AVQ_INCIDENTI_DOMESTICI;regione;piemonte;2002;11.1
AVQ_INCIDENTI_DOMESTICI;regione;puglia;2002;20.7
AVQ_INCIDENTI_DOMESTICI;regione;sardegna;2002;21.6
AVQ_INCIDENTI_DOMESTICI;regione;sicilia;2002;16.3
AVQ_INCIDENTI_DOMESTICI;regione;toscana;2002;12.5
AVQ_INCIDENTI_DOMESTICI;regione;trentino-alto-adige;2002;15.136892
AVQ_INCIDENTI_DOMESTICI;regione;umbria;2002;12.9
AVQ_INCIDENTI_DOMESTICI;regione;valle-d-aosta;2002;9.0
AVQ_INCIDENTI_DOMESTICI;regione;veneto;2002;11.5
AVQ_INCIDENTI_DOMESTICI;regione;abruzzo;2003;9.9
AVQ_INCIDENTI_DOMESTICI;regione;basilicata;2003;9.8
AVQ_INCIDENTI_DOMESTICI;regione;calabria;2003;14.3
AVQ_INCIDENTI_DOMESTICI;regione;campania;2003;16.1
AVQ_INCIDENTI_DOMESTICI;regione;emilia-romagna;2003;16.3
AVQ_INCIDENTI_DOMESTICI;regione;friuli-venezia-giulia;2003;11.9
AVQ_INCIDENTI_DOMESTICI;regione;lazio;2003;9.6
AVQ_INCIDENTI_DOMESTICI;regione;liguria;2003;5.1
AVQ_INCIDENTI_DOMESTICI;regione;lombardia;2003;10.2
AVQ_INCIDENTI_DOMESTICI;regione;marche;2003;14.1
AVQ_INCIDENTI_DOMESTICI;regione;molise;2003;11.3
AVQ_INCIDENTI_DOMESTICI;regione;piemonte;2003;11.2
AVQ_INCIDENTI_DOMESTICI;regione;puglia;2003;15.2
AVQ_INCIDENTI_DOMESTICI;regione;sardegna;2003;19.4
AVQ_INCIDENTI_DOMESTICI;regione;sicilia;2003;9.1
AVQ_INCIDENTI_DOMESTICI;regione;toscana;2003;11.3
AVQ_INCIDENTI_DOMESTICI;regione;trentino-alto-adige;2003;13.090351
AVQ_INCIDENTI_DOMESTICI;regione;umbria;2003;18.4
AVQ_INCIDENTI_DOMESTICI;regione;valle-d-aosta;2003;9.7
AVQ_INCIDENTI_DOMESTICI;regione;veneto;2003;12.8
AVQ_INCIDENTI_DOMESTICI;regione;abruzzo;2005;17.2
AVQ_INCIDENTI_DOMESTICI;regione;basilicata;2005;11.1
AVQ_INCIDENTI_DOMESTICI;regione;calabria;2005;16.3
AVQ_INCIDENTI_DOMESTICI;regione;campania;2005;13.5
AVQ_INCIDENTI_DOMESTICI;regione;emilia-romagna;2005;9.2
AVQ_INCIDENTI_DOMESTICI;regione;friuli-venezia-giulia;2005;11.9
AVQ_INCIDENTI_DOMESTICI;regione;lazio;2005;16.6
AVQ_INCIDENTI_DOMESTICI;regione;liguria;2005;3.5
AVQ_INCIDENTI_DOMESTICI;regione;lombardia;2005;11.4
AVQ_INCIDENTI_DOMESTICI;regione;marche;2005;8.7
AVQ_INCIDENTI_DOMESTICI;regione;molise;2005;4.4
AVQ_INCIDENTI_DOMESTICI;regione;piemonte;2005;9.5
AVQ_INCIDENTI_DOMESTICI;regione;puglia;2005;21.2
AVQ_INCIDENTI_DOMESTICI;regione;sardegna;2005;16.5
AVQ_INCIDENTI_DOMESTICI;regione;sicilia;2005;9.7
AVQ_INCIDENTI_DOMESTICI;regione;toscana;2005;17.4
AVQ_INCIDENTI_DOMESTICI;regione;trentino-alto-adige;2005;9.109649
AVQ_INCIDENTI_DOMESTICI;regione;umbria;2005;14.5
AVQ_INCIDENTI_DOMESTICI;regione;valle-d-aosta;2005;8.4
AVQ_INCIDENTI_DOMESTICI;regione;veneto;2005;15.0
AVQ_INCIDENTI_DOMESTICI;regione;abruzzo;2006;10.1
AVQ_INCIDENTI_DOMESTICI;regione;basilicata;2006;9.8
AVQ_INCIDENTI_DOMESTICI;regione;calabria;2006;14.1
AVQ_INCIDENTI_DOMESTICI;regione;campania;2006;9.1
AVQ_INCIDENTI_DOMESTICI;regione;emilia-romagna;2006;19.2
AVQ_INCIDENTI_DOMESTICI;regione;friuli-venezia-giulia;2006;13.9
AVQ_INCIDENTI_DOMESTICI;regione;lazio;2006;20.3
AVQ_INCIDENTI_DOMESTICI;regione;liguria;2006;9.3
AVQ_INCIDENTI_DOMESTICI;regione;lombardia;2006;12.3
AVQ_INCIDENTI_DOMESTICI;regione;marche;2006;15.2
AVQ_INCIDENTI_DOMESTICI;regione;molise;2006;15.5
AVQ_INCIDENTI_DOMESTICI;regione;piemonte;2006;14.3
AVQ_INCIDENTI_DOMESTICI;regione;puglia;2006;8.2
AVQ_INCIDENTI_DOMESTICI;regione;sardegna;2006;11.1
AVQ_INCIDENTI_DOMESTICI;regione;sicilia;2006;18.4
AVQ_INCIDENTI_DOMESTICI;regione;toscana;2006;12.5
AVQ_INCIDENTI_DOMESTICI;regione;trentino-alto-adige;2006;16.976516
AVQ_INCIDENTI_DOMESTICI;regione;umbria;2006;7.4
AVQ_INCIDENTI_DOMESTICI;regione;valle-d-aosta;2006;16.5
AVQ_INCIDENTI_DOMESTICI;regione;veneto;2006;13.2
AVQ_INCIDENTI_DOMESTICI;regione;abruzzo;2007;12.6
AVQ_INCIDENTI_DOMESTICI;regione;basilicata;2007;17.7
AVQ_INCIDENTI_DOMESTICI;regione;calabria;2007;9.4
AVQ_INCIDENTI_DOMESTICI;regione;campania;2007;15.8
AVQ_INCIDENTI_DOMESTICI;regione;emilia-romagna;2007;11.4
AVQ_INCIDENTI_DOMESTICI;regione;friuli-venezia-giulia;2007;8.2
AVQ_INCIDENTI_DOMESTICI;regione;lazio;2007;11.0
AVQ_INCIDENTI_DOMESTICI;regione;liguria;2007;8.0
AVQ_INCIDENTI_DOMESTICI;regione;lombardia;2007;8.7
AVQ_INCIDENTI_DOMESTICI;regione;marche;2007;19.6
AVQ_INCIDENTI_DOMESTICI;regione;molise;2007;15.1
AVQ_INCIDENTI_DOMESTICI;regione;piemonte;2007;11.9
AVQ_INCIDENTI_DOMESTICI;regione;puglia;2007;8.5
AVQ_INCIDENTI_DOMESTICI;regione;sardegna;2007;19.9
AVQ_INCIDENTI_DOMESTICI;regione;sicilia;2007;11.1
AVQ_INCIDENTI_DOMESTICI;regione;toscana;2007;13.9
AVQ_INCIDENTI_DOMESTICI;regione;trentino-alto-adige;2007;12.226132
AVQ_INCIDENTI_DOMESTICI;regione;umbria;2007;15.9
AVQ_INCIDENTI_DOMESTICI;regione;valle-d-aosta;2007;10.1
AVQ_INCIDENTI_DOMESTICI;regione;veneto;2007;13.5
AVQ_INCIDENTI_DOMESTICI;regione;abruzzo;2008;14.5
AVQ_INCIDENTI_DOMESTICI;regione;basilicata;2008;9.8
AVQ_INCIDENTI_DOMESTICI;regione;calabria;2008;14.8
AVQ_INCIDENTI_DOMESTICI;regione;campania;2008;12.8
AVQ_INCIDENTI_DOMESTICI;regione;emilia-romagna;2008;20.1
AVQ_INCIDENTI_DOMESTICI;regione;friuli-venezia-giulia;2008;20.5
AVQ_INCIDENTI_DOMESTICI;regione;lazio;2008;14.6
AVQ_INCIDENTI_DOMESTICI;regione;liguria;2008;7.0
AVQ_INCIDENTI_DOMESTICI;regione;lombardia;2008;10.8
AVQ_INCIDENTI_DOMESTICI;regione;marche;2008;8.5
AVQ_INCIDENTI_DOMESTICI;regione;molise;2008;7.8
AVQ_INCIDENTI_DOMESTICI;regione;piemonte;2008;16.1
AVQ_INCIDENTI_DOMESTICI;regione;puglia;2008;15.3
AVQ_INCIDENTI_DOMESTICI;regione;sardegna;2008;9.5
AVQ_INCIDENTI_DOMESTICI;regione;sicilia;2008;15.3
AVQ_INCIDENTI_DOMESTICI;regione;toscana;2008;10.6
AVQ_INCIDENTI_DOMESTICI;regione;trentino-alto-adige;2008;10.49462
AVQ_INCIDENTI_DOMESTICI;regione;umbria;2008;16.1
AVQ_INCIDENTI_DOMESTICI;regione;valle-d-aosta;2008;10.5
AVQ_INCIDENTI_DOMESTICI;regione;veneto;2008;12.2
AVQ_INCIDENTI_DOMESTICI;regione;abruzzo;2009;16.1
AVQ_INCIDENTI_DOMESTICI;regione;basilicata;2009;23.8
AVQ_INCIDENTI_DOMESTICI;regione;calabria;2009;15.7
AVQ_INCIDENTI_DOMESTICI;regione;campania;2009;10.0
AVQ_INCIDENTI_DOMESTICI;regione;emilia-romagna;2009;12.6
AVQ_INCIDENTI_DOMESTICI;regione;friuli-venezia-giulia;2009;9.8
AVQ_INCIDENTI_DOMESTICI;regione;lazio;2009;9.7
AVQ_INCIDENTI_DOMESTICI;regione;liguria;2009;7.6
AVQ_INCIDENTI_DOMESTICI;regione;lombardia;2009;11.7
AVQ_INCIDENTI_DOMESTICI;regione;marche;2009;13.0
AVQ_INCIDENTI_DOMESTICI;regione;molise;2009;11.6
AVQ_INCIDENTI_DOMESTICI;regione;piemonte;2009;10.9
AVQ_INCIDENTI_DOMESTICI;regione;puglia;2009;10.5
AVQ_INCIDENTI_DOMESTICI;regione;sardegna;2009;11.3
AVQ_INCIDENTI_DOMESTICI;regione;sicilia;2009;14.4
AVQ_INCIDENTI_DOMESTICI;regione;toscana;2009;10.0
AVQ_INCIDENTI_DOMESTICI;regione;trentino-alto-adige;2009;8.646884
AVQ_INCIDENTI_DOMESTICI;regione;umbria;2009;20.1
AVQ_INCIDENTI_DOMESTICI;regione;valle-d-aosta;2009;18.6
AVQ_INCIDENTI_DOMESTICI;regione;veneto;2009;12.4
AVQ_INCIDENTI_DOMESTICI;regione;abruzzo;2010;14.8
AVQ_INCIDENTI_DOMESTICI;regione;basilicata;2010;14.3
AVQ_INCIDENTI_DOMESTICI;regione;calabria;2010;14.1
AVQ_INCIDENTI_DOMESTICI;regione;campania;2010;10.9
AVQ_INCIDENTI_DOMESTICI;regione;emilia-romagna;2010;16.2
AVQ_INCIDENTI_DOMESTICI;regione;friuli-venezia-giulia;2010;16.8
AVQ_INCIDENTI_DOMESTICI;regione;lazio;2010;13.8
AVQ_INCIDENTI_DOMESTICI;regione;liguria;2010;13.5
AVQ_INCIDENTI_DOMESTICI;regione;lombardia;2010;13.8
AVQ_INCIDENTI_DOMESTICI;regione;marche;2010;15.0
AVQ_INCIDENTI_DOMESTICI;regione;molise;2010;14.0
AVQ_INCIDENTI_DOMESTICI;regione;piemonte;2010;10.5
AVQ_INCIDENTI_DOMESTICI;regione;puglia;2010;10.2
AVQ_INCIDENTI_DOMESTICI;regione;sardegna;2010;16.4
AVQ_INCIDENTI_DOMESTICI;regione;sicilia;2010;15.1
AVQ_INCIDENTI_DOMESTICI;regione;toscana;2010;14.3
AVQ_INCIDENTI_DOMESTICI;regione;trentino-alto-adige;2010;12.673442
AVQ_INCIDENTI_DOMESTICI;regione;umbria;2010;15.5
AVQ_INCIDENTI_DOMESTICI;regione;valle-d-aosta;2010;14.9
AVQ_INCIDENTI_DOMESTICI;regione;veneto;2010;12.2
AVQ_INCIDENTI_DOMESTICI;regione;abruzzo;2011;12.4
AVQ_INCIDENTI_DOMESTICI;regione;basilicata;2011;13.4
AVQ_INCIDENTI_DOMESTICI;regione;calabria;2011;16.1
AVQ_INCIDENTI_DOMESTICI;regione;campania;2011;9.0
AVQ_INCIDENTI_DOMESTICI;regione;emilia-romagna;2011;9.1
AVQ_INCIDENTI_DOMESTICI;regione;friuli-venezia-giulia;2011;11.1
AVQ_INCIDENTI_DOMESTICI;regione;lazio;2011;9.8
AVQ_INCIDENTI_DOMESTICI;regione;liguria;2011;8.0
AVQ_INCIDENTI_DOMESTICI;regione;lombardia;2011;14.1
AVQ_INCIDENTI_DOMESTICI;regione;marche;2011;16.0
AVQ_INCIDENTI_DOMESTICI;regione;molise;2011;4.1
AVQ_INCIDENTI_DOMESTICI;regione;piemonte;2011;10.6
AVQ_INCIDENTI_DOMESTICI;regione;puglia;2011;7.6
AVQ_INCIDENTI_DOMESTICI;regione;sardegna;2011;15.0
AVQ_INCIDENTI_DOMESTICI;regione;sicilia;2011;13.8
AVQ_INCIDENTI_DOMESTICI;regione;toscana;2011;12.2
AVQ_INCIDENTI_DOMESTICI;regione;trentino-alto-adige;2011;8.669599
AVQ_INCIDENTI_DOMESTICI;regione;umbria;2011;11.5
AVQ_INCIDENTI_DOMESTICI;regione;valle-d-aosta;2011;11.1
AVQ_INCIDENTI_DOMESTICI;regione;veneto;2011;15.9
AVQ_INCIDENTI_DOMESTICI;regione;abruzzo;2012;12.6
AVQ_INCIDENTI_DOMESTICI;regione;basilicata;2012;13.2
AVQ_INCIDENTI_DOMESTICI;regione;calabria;2012;15.7
AVQ_INCIDENTI_DOMESTICI;regione;campania;2012;10.7
AVQ_INCIDENTI_DOMESTICI;regione;emilia-romagna;2012;11.5
AVQ_INCIDENTI_DOMESTICI;regione;friuli-venezia-giulia;2012;15.6
AVQ_INCIDENTI_DOMESTICI;regione;lazio;2012;9.2
AVQ_INCIDENTI_DOMESTICI;regione;liguria;2012;8.0
AVQ_INCIDENTI_DOMESTICI;regione;lombardia;2012;11.5
AVQ_INCIDENTI_DOMESTICI;regione;marche;2012;10.6
AVQ_INCIDENTI_DOMESTICI;regione;molise;2012;9.8
AVQ_INCIDENTI_DOMESTICI;regione;piemonte;2012;15.8
AVQ_INCIDENTI_DOMESTICI;regione;puglia;2012;7.3
AVQ_INCIDENTI_DOMESTICI;regione;sardegna;2012;16.8
AVQ_INCIDENTI_DOMESTICI;regione;sicilia;2012;13.2
AVQ_INCIDENTI_DOMESTICI;regione;toscana;2012;15.3
AVQ_INCIDENTI_DOMESTICI;regione;trentino-alto-adige;2012;10.626132
AVQ_INCIDENTI_DOMESTICI;regione;umbria;2012;12.9
AVQ_INCIDENTI_DOMESTICI;regione;valle-d-aosta;2012;10.1
AVQ_INCIDENTI_DOMESTICI;regione;veneto;2012;15.7
AVQ_INCIDENTI_DOMESTICI;regione;abruzzo;2013;6.0
AVQ_INCIDENTI_DOMESTICI;regione;basilicata;2013;11.8
AVQ_INCIDENTI_DOMESTICI;regione;calabria;2013;13.2
AVQ_INCIDENTI_DOMESTICI;regione;campania;2013;8.2
AVQ_INCIDENTI_DOMESTICI;regione;emilia-romagna;2013;12.5
AVQ_INCIDENTI_DOMESTICI;regione;friuli-venezia-giulia;2013;11.8
AVQ_INCIDENTI_DOMESTICI;regione;lazio;2013;8.2
AVQ_INCIDENTI_DOMESTICI;regione;liguria;2013;11.4
AVQ_INCIDENTI_DOMESTICI;regione;lombardia;2013;9.4
AVQ_INCIDENTI_DOMESTICI;regione;marche;2013;3.6
AVQ_INCIDENTI_DOMESTICI;regione;molise;2013;7.6
AVQ_INCIDENTI_DOMESTICI;regione;piemonte;2013;7.5
AVQ_INCIDENTI_DOMESTICI;regione;puglia;2013;8.5
AVQ_INCIDENTI_DOMESTICI;regione;sardegna;2013;19.5
AVQ_INCIDENTI_DOMESTICI;regione;sicilia;2013;11.7
AVQ_INCIDENTI_DOMESTICI;regione;toscana;2013;16.0
AVQ_INCIDENTI_DOMESTICI;regione;trentino-alto-adige;2013;12.913066
AVQ_INCIDENTI_DOMESTICI;regione;umbria;2013;18.6
AVQ_INCIDENTI_DOMESTICI;regione;valle-d-aosta;2013;11.3
AVQ_INCIDENTI_DOMESTICI;regione;veneto;2013;12.2
AVQ_INCIDENTI_DOMESTICI;regione;abruzzo;2014;14.5
AVQ_INCIDENTI_DOMESTICI;regione;basilicata;2014;8.3
AVQ_INCIDENTI_DOMESTICI;regione;calabria;2014;14.1
AVQ_INCIDENTI_DOMESTICI;regione;campania;2014;12.1
AVQ_INCIDENTI_DOMESTICI;regione;emilia-romagna;2014;14.7
AVQ_INCIDENTI_DOMESTICI;regione;friuli-venezia-giulia;2014;18.7
AVQ_INCIDENTI_DOMESTICI;regione;lazio;2014;3.5
AVQ_INCIDENTI_DOMESTICI;regione;liguria;2014;11.7
AVQ_INCIDENTI_DOMESTICI;regione;lombardia;2014;8.8
AVQ_INCIDENTI_DOMESTICI;regione;marche;2014;11.5
AVQ_INCIDENTI_DOMESTICI;regione;molise;2014;8.1
AVQ_INCIDENTI_DOMESTICI;regione;piemonte;2014;10.5
AVQ_INCIDENTI_DOMESTICI;regione;puglia;2014;11.5
AVQ_INCIDENTI_DOMESTICI;regione;sardegna;2014;12.8
AVQ_INCIDENTI_DOMESTICI;regione;sicilia;2014;10.1
AVQ_INCIDENTI_DOMESTICI;regione;toscana;2014;14.9
AVQ_INCIDENTI_DOMESTICI;regione;trentino-alto-adige;2014;10.299231
AVQ_INCIDENTI_DOMESTICI;regione;umbria;2014;16.9
AVQ_INCIDENTI_DOMESTICI;regione;valle-d-aosta;2014;10.1
AVQ_INCIDENTI_DOMESTICI;regione;veneto;2014;16.4
AVQ_INCIDENTI_DOMESTICI;regione;abruzzo;2015;19.0
AVQ_INCIDENTI_DOMESTICI;regione;basilicata;2015;7.2
AVQ_INCIDENTI_DOMESTICI;regione;calabria;2015;20.2
AVQ_INCIDENTI_DOMESTICI;regione;campania;2015;9.9
AVQ_INCIDENTI_DOMESTICI;regione;emilia-romagna;2015;12.9
AVQ_INCIDENTI_DOMESTICI;regione;friuli-venezia-giulia;2015;10.2
AVQ_INCIDENTI_DOMESTICI;regione;lazio;2015;7.9
AVQ_INCIDENTI_DOMESTICI;regione;liguria;2015;13.8
AVQ_INCIDENTI_DOMESTICI;regione;lombardia;2015;11.2
AVQ_INCIDENTI_DOMESTICI;regione;marche;2015;11.2
AVQ_INCIDENTI_DOMESTICI;regione;molise;2015;13.3
AVQ_INCIDENTI_DOMESTICI;regione;piemonte;2015;11.5
AVQ_INCIDENTI_DOMESTICI;regione;puglia;2015;14.6
AVQ_INCIDENTI_DOMESTICI;regione;sardegna;2015;18.2
AVQ_INCIDENTI_DOMESTICI;regione;sicilia;2015;18.2
AVQ_INCIDENTI_DOMESTICI;regione;toscana;2015;12.2
AVQ_INCIDENTI_DOMESTICI;regione;trentino-alto-adige;2015;13.821521
AVQ_INCIDENTI_DOMESTICI;regione;umbria;2015;15.1
AVQ_INCIDENTI_DOMESTICI;regione;valle-d-aosta;2015;15.8
AVQ_INCIDENTI_DOMESTICI;regione;veneto;2015;17.3
AVQ_INCIDENTI_DOMESTICI;regione;abruzzo;2016;13.8
AVQ_INCIDENTI_DOMESTICI;regione;basilicata;2016;8.3
AVQ_INCIDENTI_DOMESTICI;regione;calabria;2016;9.7
AVQ_INCIDENTI_DOMESTICI;regione;campania;2016;8.1
AVQ_INCIDENTI_DOMESTICI;regione;emilia-romagna;2016;12.5
AVQ_INCIDENTI_DOMESTICI;regione;friuli-venezia-giulia;2016;12.5
AVQ_INCIDENTI_DOMESTICI;regione;lazio;2016;10.2
AVQ_INCIDENTI_DOMESTICI;regione;liguria;2016;16.2
AVQ_INCIDENTI_DOMESTICI;regione;lombardia;2016;10.8
AVQ_INCIDENTI_DOMESTICI;regione;marche;2016;10.3
AVQ_INCIDENTI_DOMESTICI;regione;molise;2016;8.6
AVQ_INCIDENTI_DOMESTICI;regione;piemonte;2016;13.0
AVQ_INCIDENTI_DOMESTICI;regione;puglia;2016;7.5
AVQ_INCIDENTI_DOMESTICI;regione;sardegna;2016;16.7
AVQ_INCIDENTI_DOMESTICI;regione;sicilia;2016;12.9
AVQ_INCIDENTI_DOMESTICI;regione;toscana;2016;13.2
AVQ_INCIDENTI_DOMESTICI;regione;trentino-alto-adige;2016;7.942698
AVQ_INCIDENTI_DOMESTICI;regione;umbria;2016;12.8
AVQ_INCIDENTI_DOMESTICI;regione;valle-d-aosta;2016;19.0
AVQ_INCIDENTI_DOMESTICI;regione;veneto;2016;14.6
AVQ_INCIDENTI_DOMESTICI;regione;abruzzo;2017;15.3
AVQ_INCIDENTI_DOMESTICI;regione;basilicata;2017;9.6
AVQ_INCIDENTI_DOMESTICI;regione;calabria;2017;11.1
AVQ_INCIDENTI_DOMESTICI;regione;campania;2017;12.4
AVQ_INCIDENTI_DOMESTICI;regione;emilia-romagna;2017;21.0
AVQ_INCIDENTI_DOMESTICI;regione;friuli-venezia-giulia;2017;16.2
AVQ_INCIDENTI_DOMESTICI;regione;lazio;2017;10.1
AVQ_INCIDENTI_DOMESTICI;regione;liguria;2017;17.9
AVQ_INCIDENTI_DOMESTICI;regione;lombardia;2017;13.2
AVQ_INCIDENTI_DOMESTICI;regione;marche;2017;13.7
AVQ_INCIDENTI_DOMESTICI;regione;molise;2017;13.1
AVQ_INCIDENTI_DOMESTICI;regione;piemonte;2017;17.7
AVQ_INCIDENTI_DOMESTICI;regione;puglia;2017;10.1
AVQ_INCIDENTI_DOMESTICI;regione;sardegna;2017;18.3
AVQ_INCIDENTI_DOMESTICI;regione;sicilia;2017;9.3
AVQ_INCIDENTI_DOMESTICI;regione;toscana;2017;16.2
AVQ_INCIDENTI_DOMESTICI;regione;trentino-alto-adige;2017;19.757302
AVQ_INCIDENTI_DOMESTICI;regione;umbria;2017;11.7
AVQ_INCIDENTI_DOMESTICI;regione;valle-d-aosta;2017;13.5
AVQ_INCIDENTI_DOMESTICI;regione;veneto;2017;15.6
AVQ_INCIDENTI_DOMESTICI;regione;abruzzo;2018;15.4
AVQ_INCIDENTI_DOMESTICI;regione;basilicata;2018;17.3
AVQ_INCIDENTI_DOMESTICI;regione;calabria;2018;12.9
AVQ_INCIDENTI_DOMESTICI;regione;campania;2018;9.7
AVQ_INCIDENTI_DOMESTICI;regione;emilia-romagna;2018;17.4
AVQ_INCIDENTI_DOMESTICI;regione;friuli-venezia-giulia;2018;15.4
AVQ_INCIDENTI_DOMESTICI;regione;lazio;2018;13.1
AVQ_INCIDENTI_DOMESTICI;regione;liguria;2018;17.0
AVQ_INCIDENTI_DOMESTICI;regione;lombardia;2018;12.2
AVQ_INCIDENTI_DOMESTICI;regione;marche;2018;16.1
AVQ_INCIDENTI_DOMESTICI;regione;molise;2018;11.2
AVQ_INCIDENTI_DOMESTICI;regione;piemonte;2018;14.9
AVQ_INCIDENTI_DOMESTICI;regione;puglia;2018;9.4
AVQ_INCIDENTI_DOMESTICI;regione;sardegna;2018;22.7
AVQ_INCIDENTI_DOMESTICI;regione;sicilia;2018;9.6
AVQ_INCIDENTI_DOMESTICI;regione;toscana;2018;18.5
AVQ_INCIDENTI_DOMESTICI;regione;trentino-alto-adige;2018;13.538855
AVQ_INCIDENTI_DOMESTICI;regione;umbria;2018;13.8
AVQ_INCIDENTI_DOMESTICI;regione;valle-d-aosta;2018;14.0
AVQ_INCIDENTI_DOMESTICI;regione;veneto;2018;12.7
AVQ_INCIDENTI_DOMESTICI;regione;abruzzo;2019;16.1
AVQ_INCIDENTI_DOMESTICI;regione;basilicata;2019;11.3
AVQ_INCIDENTI_DOMESTICI;regione;calabria;2019;6.3
AVQ_INCIDENTI_DOMESTICI;regione;campania;2019;10.5
AVQ_INCIDENTI_DOMESTICI;regione;emilia-romagna;2019;19.1
AVQ_INCIDENTI_DOMESTICI;regione;friuli-venezia-giulia;2019;14.6
AVQ_INCIDENTI_DOMESTICI;regione;lazio;2019;9.8
AVQ_INCIDENTI_DOMESTICI;regione;liguria;2019;15.3
AVQ_INCIDENTI_DOMESTICI;regione;lombardia;2019;12.7
AVQ_INCIDENTI_DOMESTICI;regione;marche;2019;16.6
AVQ_INCIDENTI_DOMESTICI;regione;molise;2019;12.3
AVQ_INCIDENTI_DOMESTICI;regione;piemonte;2019;11.9
AVQ_INCIDENTI_DOMESTICI;regione;puglia;2019;10.2
AVQ_INCIDENTI_DOMESTICI;regione;sardegna;2019;16.1
AVQ_INCIDENTI_DOMESTICI;regione;sicilia;2019;10.6
AVQ_INCIDENTI_DOMESTICI;regione;toscana;2019;17.0
AVQ_INCIDENTI_DOMESTICI;regione;trentino-alto-adige;2019;13.361913
AVQ_INCIDENTI_DOMESTICI;regione;umbria;2019;16.9
AVQ_INCIDENTI_DOMESTICI;regione;valle-d-aosta;2019;10.8
AVQ_INCIDENTI_DOMESTICI;regione;veneto;2019;9.6
AVQ_INCIDENTI_DOMESTICI;regione;abruzzo;2021;10.2
AVQ_INCIDENTI_DOMESTICI;regione;basilicata;2021;9.0
AVQ_INCIDENTI_DOMESTICI;regione;calabria;2021;7.2
AVQ_INCIDENTI_DOMESTICI;regione;campania;2021;6.2
AVQ_INCIDENTI_DOMESTICI;regione;emilia-romagna;2021;9.5
AVQ_INCIDENTI_DOMESTICI;regione;friuli-venezia-giulia;2021;11.2
AVQ_INCIDENTI_DOMESTICI;regione;lazio;2021;13.6
AVQ_INCIDENTI_DOMESTICI;regione;liguria;2021;11.2
AVQ_INCIDENTI_DOMESTICI;regione;lombardia;2021;10.7
AVQ_INCIDENTI_DOMESTICI;regione;marche;2021;14.2
AVQ_INCIDENTI_DOMESTICI;regione;molise;2021;5.7
AVQ_INCIDENTI_DOMESTICI;regione;piemonte;2021;11.0
AVQ_INCIDENTI_DOMESTICI;regione;puglia;2021;6.4
AVQ_INCIDENTI_DOMESTICI;regione;sardegna;2021;14.2
AVQ_INCIDENTI_DOMESTICI;regione;sicilia;2021;8.0
AVQ_INCIDENTI_DOMESTICI;regione;toscana;2021;14.8
AVQ_INCIDENTI_DOMESTICI;regione;trentino-alto-adige;2021;15.675748
AVQ_INCIDENTI_DOMESTICI;regione;umbria;2021;17.3
AVQ_INCIDENTI_DOMESTICI;regione;valle-d-aosta;2021;15.5
AVQ_INCIDENTI_DOMESTICI;regione;veneto;2021;12.9
AVQ_INCIDENTI_DOMESTICI;regione;abruzzo;2022;7.7
AVQ_INCIDENTI_DOMESTICI;regione;basilicata;2022;8.5
AVQ_INCIDENTI_DOMESTICI;regione;calabria;2022;6.3
AVQ_INCIDENTI_DOMESTICI;regione;campania;2022;5.5
AVQ_INCIDENTI_DOMESTICI;regione;emilia-romagna;2022;11.6
AVQ_INCIDENTI_DOMESTICI;regione;friuli-venezia-giulia;2022;12.0
AVQ_INCIDENTI_DOMESTICI;regione;lazio;2022;11.3
AVQ_INCIDENTI_DOMESTICI;regione;liguria;2022;8.9
AVQ_INCIDENTI_DOMESTICI;regione;lombardia;2022;8.7
AVQ_INCIDENTI_DOMESTICI;regione;marche;2022;9.0
AVQ_INCIDENTI_DOMESTICI;regione;molise;2022;9.0
AVQ_INCIDENTI_DOMESTICI;regione;piemonte;2022;10.0
AVQ_INCIDENTI_DOMESTICI;regione;puglia;2022;11.0
AVQ_INCIDENTI_DOMESTICI;regione;sardegna;2022;8.5
AVQ_INCIDENTI_DOMESTICI;regione;sicilia;2022;6.8
AVQ_INCIDENTI_DOMESTICI;regione;toscana;2022;12.0
AVQ_INCIDENTI_DOMESTICI;regione;trentino-alto-adige;2022;10.353459
AVQ_INCIDENTI_DOMESTICI;regione;umbria;2022;16.1
AVQ_INCIDENTI_DOMESTICI;regione;valle-d-aosta;2022;4.7
AVQ_INCIDENTI_DOMESTICI;regione;veneto;2022;9.9
AVQ_INCIDENTI_DOMESTICI;regione;abruzzo;2023;9.9
AVQ_INCIDENTI_DOMESTICI;regione;basilicata;2023;10.5
AVQ_INCIDENTI_DOMESTICI;regione;calabria;2023;5.5
AVQ_INCIDENTI_DOMESTICI;regione;campania;2023;6.2
AVQ_INCIDENTI_DOMESTICI;regione;emilia-romagna;2023;14.4
AVQ_INCIDENTI_DOMESTICI;regione;friuli-venezia-giulia;2023;8.9
AVQ_INCIDENTI_DOMESTICI;regione;lazio;2023;8.6
AVQ_INCIDENTI_DOMESTICI;regione;liguria;2023;13.8
AVQ_INCIDENTI_DOMESTICI;regione;lombardia;2023;9.8
AVQ_INCIDENTI_DOMESTICI;regione;marche;2023;11.5
AVQ_INCIDENTI_DOMESTICI;regione;molise;2023;10.5
AVQ_INCIDENTI_DOMESTICI;regione;piemonte;2023;10.3
AVQ_INCIDENTI_DOMESTICI;regione;puglia;2023;8.9
AVQ_INCIDENTI_DOMESTICI;regione;sardegna;2023;8.7
AVQ_INCIDENTI_DOMESTICI;regione;sicilia;2023;4.9
AVQ_INCIDENTI_DOMESTICI;regione;toscana;2023;7.1
AVQ_INCIDENTI_DOMESTICI;regione;trentino-alto-adige;2023;9.74731
AVQ_INCIDENTI_DOMESTICI;regione;umbria;2023;6.2
AVQ_INCIDENTI_DOMESTICI;regione;valle-d-aosta;2023;6.8
AVQ_INCIDENTI_DOMESTICI;regione;veneto;2023;11.5
AVQ_INCIDENTI_DOMESTICI;regione;abruzzo;2024;15.1
AVQ_INCIDENTI_DOMESTICI;regione;basilicata;2024;10.3
AVQ_INCIDENTI_DOMESTICI;regione;calabria;2024;11.7
AVQ_INCIDENTI_DOMESTICI;regione;campania;2024;11.0
AVQ_INCIDENTI_DOMESTICI;regione;emilia-romagna;2024;11.7
AVQ_INCIDENTI_DOMESTICI;regione;friuli-venezia-giulia;2024;14.2
AVQ_INCIDENTI_DOMESTICI;regione;lazio;2024;13.0
AVQ_INCIDENTI_DOMESTICI;regione;liguria;2024;16.5
AVQ_INCIDENTI_DOMESTICI;regione;lombardia;2024;15.7
AVQ_INCIDENTI_DOMESTICI;regione;marche;2024;14.9
AVQ_INCIDENTI_DOMESTICI;regione;molise;2024;12.5
AVQ_INCIDENTI_DOMESTICI;regione;piemonte;2024;12.9
AVQ_INCIDENTI_DOMESTICI;regione;puglia;2024;10.7
AVQ_INCIDENTI_DOMESTICI;regione;sardegna;2024;13.1
AVQ_INCIDENTI_DOMESTICI;regione;sicilia;2024;7.8
AVQ_INCIDENTI_DOMESTICI;regione;toscana;2024;16.1
AVQ_INCIDENTI_DOMESTICI;regione;trentino-alto-adige;2024;16.421946
AVQ_INCIDENTI_DOMESTICI;regione;umbria;2024;18.1
AVQ_INCIDENTI_DOMESTICI;regione;valle-d-aosta;2024;11.8
AVQ_INCIDENTI_DOMESTICI;regione;veneto;2024;16.5
AVQ_INCIDENTI_DOMESTICI;regione;abruzzo;2025;15.7
AVQ_INCIDENTI_DOMESTICI;regione;basilicata;2025;6.0
AVQ_INCIDENTI_DOMESTICI;regione;calabria;2025;11.1
AVQ_INCIDENTI_DOMESTICI;regione;campania;2025;10.2
AVQ_INCIDENTI_DOMESTICI;regione;emilia-romagna;2025;17.1
AVQ_INCIDENTI_DOMESTICI;regione;friuli-venezia-giulia;2025;14.1
AVQ_INCIDENTI_DOMESTICI;regione;lazio;2025;12.7
AVQ_INCIDENTI_DOMESTICI;regione;liguria;2025;14.8
AVQ_INCIDENTI_DOMESTICI;regione;lombardia;2025;7.5
AVQ_INCIDENTI_DOMESTICI;regione;marche;2025;13.1
AVQ_INCIDENTI_DOMESTICI;regione;molise;2025;4.4
AVQ_INCIDENTI_DOMESTICI;regione;piemonte;2025;11.7
AVQ_INCIDENTI_DOMESTICI;regione;puglia;2025;12.0
AVQ_INCIDENTI_DOMESTICI;regione;sardegna;2025;16.3
AVQ_INCIDENTI_DOMESTICI;regione;sicilia;2025;11.4
AVQ_INCIDENTI_DOMESTICI;regione;toscana;2025;15.7
AVQ_INCIDENTI_DOMESTICI;regione;trentino-alto-adige;2025;17.831512
AVQ_INCIDENTI_DOMESTICI;regione;umbria;2025;9.9
AVQ_INCIDENTI_DOMESTICI;regione;valle-d-aosta;2025;10.2
AVQ_INCIDENTI_DOMESTICI;regione;veneto;2025;12.2
AVQ_BUS_FREQUENZA_CORSE;regione;abruzzo;2001;72.8
AVQ_BUS_FREQUENZA_CORSE;regione;basilicata;2001;55.4
AVQ_BUS_FREQUENZA_CORSE;regione;calabria;2001;51.8
AVQ_BUS_FREQUENZA_CORSE;regione;campania;2001;45.5
AVQ_BUS_FREQUENZA_CORSE;regione;emilia-romagna;2001;74.7
AVQ_BUS_FREQUENZA_CORSE;regione;friuli-venezia-giulia;2001;63.7
AVQ_BUS_FREQUENZA_CORSE;regione;lazio;2001;43.6
AVQ_BUS_FREQUENZA_CORSE;regione;liguria;2001;59.4
AVQ_BUS_FREQUENZA_CORSE;regione;lombardia;2001;58.2
AVQ_BUS_FREQUENZA_CORSE;regione;marche;2001;67.3
AVQ_BUS_FREQUENZA_CORSE;regione;molise;2001;68.2
AVQ_BUS_FREQUENZA_CORSE;regione;piemonte;2001;60.3
AVQ_BUS_FREQUENZA_CORSE;regione;puglia;2001;35.5
AVQ_BUS_FREQUENZA_CORSE;regione;sardegna;2001;42.4
AVQ_BUS_FREQUENZA_CORSE;regione;sicilia;2001;35.1
AVQ_BUS_FREQUENZA_CORSE;regione;toscana;2001;56.1
AVQ_BUS_FREQUENZA_CORSE;regione;trentino-alto-adige;2001;86.138087
AVQ_BUS_FREQUENZA_CORSE;regione;umbria;2001;76.7
AVQ_BUS_FREQUENZA_CORSE;regione;valle-d-aosta;2001;77.8
AVQ_BUS_FREQUENZA_CORSE;regione;veneto;2001;69.6
AVQ_BUS_FREQUENZA_CORSE;regione;abruzzo;2002;71.9
AVQ_BUS_FREQUENZA_CORSE;regione;basilicata;2002;65.9
AVQ_BUS_FREQUENZA_CORSE;regione;calabria;2002;40.7
AVQ_BUS_FREQUENZA_CORSE;regione;campania;2002;43.9
AVQ_BUS_FREQUENZA_CORSE;regione;emilia-romagna;2002;75.6
AVQ_BUS_FREQUENZA_CORSE;regione;friuli-venezia-giulia;2002;80.0
AVQ_BUS_FREQUENZA_CORSE;regione;lazio;2002;47.5
AVQ_BUS_FREQUENZA_CORSE;regione;liguria;2002;63.2
AVQ_BUS_FREQUENZA_CORSE;regione;lombardia;2002;61.3
AVQ_BUS_FREQUENZA_CORSE;regione;marche;2002;79.8
AVQ_BUS_FREQUENZA_CORSE;regione;molise;2002;60.7
AVQ_BUS_FREQUENZA_CORSE;regione;piemonte;2002;60.5
AVQ_BUS_FREQUENZA_CORSE;regione;puglia;2002;37.7
AVQ_BUS_FREQUENZA_CORSE;regione;sardegna;2002;45.5
AVQ_BUS_FREQUENZA_CORSE;regione;sicilia;2002;31.1
AVQ_BUS_FREQUENZA_CORSE;regione;toscana;2002;58.7
AVQ_BUS_FREQUENZA_CORSE;regione;trentino-alto-adige;2002;82.2
AVQ_BUS_FREQUENZA_CORSE;regione;umbria;2002;69.6
AVQ_BUS_FREQUENZA_CORSE;regione;valle-d-aosta;2002;88.5
AVQ_BUS_FREQUENZA_CORSE;regione;veneto;2002;67.8
AVQ_BUS_FREQUENZA_CORSE;regione;abruzzo;2003;70.8
AVQ_BUS_FREQUENZA_CORSE;regione;basilicata;2003;53.5
AVQ_BUS_FREQUENZA_CORSE;regione;calabria;2003;45.5
AVQ_BUS_FREQUENZA_CORSE;regione;campania;2003;42.4
AVQ_BUS_FREQUENZA_CORSE;regione;emilia-romagna;2003;75.2
AVQ_BUS_FREQUENZA_CORSE;regione;friuli-venezia-giulia;2003;70.7
AVQ_BUS_FREQUENZA_CORSE;regione;lazio;2003;39.4
AVQ_BUS_FREQUENZA_CORSE;regione;liguria;2003;61.0
AVQ_BUS_FREQUENZA_CORSE;regione;lombardia;2003;59.8
AVQ_BUS_FREQUENZA_CORSE;regione;marche;2003;68.5
AVQ_BUS_FREQUENZA_CORSE;regione;molise;2003;56.1
AVQ_BUS_FREQUENZA_CORSE;regione;piemonte;2003;61.0
AVQ_BUS_FREQUENZA_CORSE;regione;puglia;2003;40.2
AVQ_BUS_FREQUENZA_CORSE;regione;sardegna;2003;36.6
AVQ_BUS_FREQUENZA_CORSE;regione;sicilia;2003;22.5
AVQ_BUS_FREQUENZA_CORSE;regione;toscana;2003;58.4
AVQ_BUS_FREQUENZA_CORSE;regione;trentino-alto-adige;2003;83.664987
AVQ_BUS_FREQUENZA_CORSE;regione;umbria;2003;71.3
AVQ_BUS_FREQUENZA_CORSE;regione;valle-d-aosta;2003;73.1
AVQ_BUS_FREQUENZA_CORSE;regione;veneto;2003;66.8
AVQ_BUS_FREQUENZA_CORSE;regione;abruzzo;2005;64.7
AVQ_BUS_FREQUENZA_CORSE;regione;basilicata;2005;58.5
AVQ_BUS_FREQUENZA_CORSE;regione;calabria;2005;46.2
AVQ_BUS_FREQUENZA_CORSE;regione;campania;2005;39.5
AVQ_BUS_FREQUENZA_CORSE;regione;emilia-romagna;2005;75.0
AVQ_BUS_FREQUENZA_CORSE;regione;friuli-venezia-giulia;2005;68.1
AVQ_BUS_FREQUENZA_CORSE;regione;lazio;2005;34.1
AVQ_BUS_FREQUENZA_CORSE;regione;liguria;2005;56.9
AVQ_BUS_FREQUENZA_CORSE;regione;lombardia;2005;56.7
AVQ_BUS_FREQUENZA_CORSE;regione;marche;2005;70.2
AVQ_BUS_FREQUENZA_CORSE;regione;molise;2005;50.4
AVQ_BUS_FREQUENZA_CORSE;regione;piemonte;2005;59.2
AVQ_BUS_FREQUENZA_CORSE;regione;puglia;2005;43.5
AVQ_BUS_FREQUENZA_CORSE;regione;sardegna;2005;49.3
AVQ_BUS_FREQUENZA_CORSE;regione;sicilia;2005;32.3
AVQ_BUS_FREQUENZA_CORSE;regione;toscana;2005;55.3
AVQ_BUS_FREQUENZA_CORSE;regione;trentino-alto-adige;2005;79.048079
AVQ_BUS_FREQUENZA_CORSE;regione;umbria;2005;78.9
AVQ_BUS_FREQUENZA_CORSE;regione;valle-d-aosta;2005;72.7
AVQ_BUS_FREQUENZA_CORSE;regione;veneto;2005;62.7
AVQ_BUS_FREQUENZA_CORSE;regione;abruzzo;2006;69.8
AVQ_BUS_FREQUENZA_CORSE;regione;basilicata;2006;63.7
AVQ_BUS_FREQUENZA_CORSE;regione;calabria;2006;47.1
AVQ_BUS_FREQUENZA_CORSE;regione;campania;2006;39.0
AVQ_BUS_FREQUENZA_CORSE;regione;emilia-romagna;2006;74.0
AVQ_BUS_FREQUENZA_CORSE;regione;friuli-venezia-giulia;2006;69.7
AVQ_BUS_FREQUENZA_CORSE;regione;lazio;2006;33.2
AVQ_BUS_FREQUENZA_CORSE;regione;liguria;2006;57.5
AVQ_BUS_FREQUENZA_CORSE;regione;lombardia;2006;54.0
AVQ_BUS_FREQUENZA_CORSE;regione;marche;2006;69.1
AVQ_BUS_FREQUENZA_CORSE;regione;molise;2006;63.2
AVQ_BUS_FREQUENZA_CORSE;regione;piemonte;2006;60.5
AVQ_BUS_FREQUENZA_CORSE;regione;puglia;2006;38.7
AVQ_BUS_FREQUENZA_CORSE;regione;sardegna;2006;40.4
AVQ_BUS_FREQUENZA_CORSE;regione;sicilia;2006;31.8
AVQ_BUS_FREQUENZA_CORSE;regione;toscana;2006;54.3
AVQ_BUS_FREQUENZA_CORSE;regione;trentino-alto-adige;2006;80.796926
AVQ_BUS_FREQUENZA_CORSE;regione;umbria;2006;68.9
AVQ_BUS_FREQUENZA_CORSE;regione;valle-d-aosta;2006;72.1
AVQ_BUS_FREQUENZA_CORSE;regione;veneto;2006;64.7
AVQ_BUS_FREQUENZA_CORSE;regione;abruzzo;2007;67.1
AVQ_BUS_FREQUENZA_CORSE;regione;basilicata;2007;66.0
AVQ_BUS_FREQUENZA_CORSE;regione;calabria;2007;46.6
AVQ_BUS_FREQUENZA_CORSE;regione;campania;2007;50.0
AVQ_BUS_FREQUENZA_CORSE;regione;emilia-romagna;2007;74.4
AVQ_BUS_FREQUENZA_CORSE;regione;friuli-venezia-giulia;2007;72.0
AVQ_BUS_FREQUENZA_CORSE;regione;lazio;2007;43.8
AVQ_BUS_FREQUENZA_CORSE;regione;liguria;2007;53.1
AVQ_BUS_FREQUENZA_CORSE;regione;lombardia;2007;61.0
AVQ_BUS_FREQUENZA_CORSE;regione;marche;2007;75.0
AVQ_BUS_FREQUENZA_CORSE;regione;molise;2007;67.0
AVQ_BUS_FREQUENZA_CORSE;regione;piemonte;2007;62.1
AVQ_BUS_FREQUENZA_CORSE;regione;puglia;2007;43.7
AVQ_BUS_FREQUENZA_CORSE;regione;sardegna;2007;45.3
AVQ_BUS_FREQUENZA_CORSE;regione;sicilia;2007;32.9
AVQ_BUS_FREQUENZA_CORSE;regione;toscana;2007;58.6
AVQ_BUS_FREQUENZA_CORSE;regione;trentino-alto-adige;2007;82.323484
AVQ_BUS_FREQUENZA_CORSE;regione;umbria;2007;71.3
AVQ_BUS_FREQUENZA_CORSE;regione;valle-d-aosta;2007;74.1
AVQ_BUS_FREQUENZA_CORSE;regione;veneto;2007;68.1
AVQ_BUS_FREQUENZA_CORSE;regione;abruzzo;2008;64.4
AVQ_BUS_FREQUENZA_CORSE;regione;basilicata;2008;66.7
AVQ_BUS_FREQUENZA_CORSE;regione;calabria;2008;46.2
AVQ_BUS_FREQUENZA_CORSE;regione;campania;2008;42.8
AVQ_BUS_FREQUENZA_CORSE;regione;emilia-romagna;2008;73.4
AVQ_BUS_FREQUENZA_CORSE;regione;friuli-venezia-giulia;2008;69.0
AVQ_BUS_FREQUENZA_CORSE;regione;lazio;2008;41.0
AVQ_BUS_FREQUENZA_CORSE;regione;liguria;2008;61.4
AVQ_BUS_FREQUENZA_CORSE;regione;lombardia;2008;58.7
AVQ_BUS_FREQUENZA_CORSE;regione;marche;2008;70.1
AVQ_BUS_FREQUENZA_CORSE;regione;molise;2008;64.3
AVQ_BUS_FREQUENZA_CORSE;regione;piemonte;2008;60.2
AVQ_BUS_FREQUENZA_CORSE;regione;puglia;2008;40.6
AVQ_BUS_FREQUENZA_CORSE;regione;sardegna;2008;47.4
AVQ_BUS_FREQUENZA_CORSE;regione;sicilia;2008;25.0
AVQ_BUS_FREQUENZA_CORSE;regione;toscana;2008;60.6
AVQ_BUS_FREQUENZA_CORSE;regione;trentino-alto-adige;2008;81.110418
AVQ_BUS_FREQUENZA_CORSE;regione;umbria;2008;70.3
AVQ_BUS_FREQUENZA_CORSE;regione;valle-d-aosta;2008;70.7
AVQ_BUS_FREQUENZA_CORSE;regione;veneto;2008;63.5
AVQ_BUS_FREQUENZA_CORSE;regione;abruzzo;2009;65.4
AVQ_BUS_FREQUENZA_CORSE;regione;basilicata;2009;71.8
AVQ_BUS_FREQUENZA_CORSE;regione;calabria;2009;51.1
AVQ_BUS_FREQUENZA_CORSE;regione;campania;2009;42.5
AVQ_BUS_FREQUENZA_CORSE;regione;emilia-romagna;2009;78.9
AVQ_BUS_FREQUENZA_CORSE;regione;friuli-venezia-giulia;2009;81.4
AVQ_BUS_FREQUENZA_CORSE;regione;lazio;2009;39.4
AVQ_BUS_FREQUENZA_CORSE;regione;liguria;2009;65.1
AVQ_BUS_FREQUENZA_CORSE;regione;lombardia;2009;60.3
AVQ_BUS_FREQUENZA_CORSE;regione;marche;2009;73.9
AVQ_BUS_FREQUENZA_CORSE;regione;molise;2009;66.2
AVQ_BUS_FREQUENZA_CORSE;regione;piemonte;2009;61.5
AVQ_BUS_FREQUENZA_CORSE;regione;puglia;2009;43.6
AVQ_BUS_FREQUENZA_CORSE;regione;sardegna;2009;55.0
AVQ_BUS_FREQUENZA_CORSE;regione;sicilia;2009;26.3
AVQ_BUS_FREQUENZA_CORSE;regione;toscana;2009;62.5
AVQ_BUS_FREQUENZA_CORSE;regione;trentino-alto-adige;2009;85.501537
AVQ_BUS_FREQUENZA_CORSE;regione;umbria;2009;59.4
AVQ_BUS_FREQUENZA_CORSE;regione;valle-d-aosta;2009;76.5
AVQ_BUS_FREQUENZA_CORSE;regione;veneto;2009;73.0
AVQ_BUS_FREQUENZA_CORSE;regione;abruzzo;2010;65.2
AVQ_BUS_FREQUENZA_CORSE;regione;basilicata;2010;58.0
AVQ_BUS_FREQUENZA_CORSE;regione;calabria;2010;51.3
AVQ_BUS_FREQUENZA_CORSE;regione;campania;2010;37.5
AVQ_BUS_FREQUENZA_CORSE;regione;emilia-romagna;2010;77.6
AVQ_BUS_FREQUENZA_CORSE;regione;friuli-venezia-giulia;2010;82.1
AVQ_BUS_FREQUENZA_CORSE;regione;lazio;2010;44.1
AVQ_BUS_FREQUENZA_CORSE;regione;liguria;2010;58.7
AVQ_BUS_FREQUENZA_CORSE;regione;lombardia;2010;58.9
AVQ_BUS_FREQUENZA_CORSE;regione;marche;2010;70.8
AVQ_BUS_FREQUENZA_CORSE;regione;molise;2010;72.4
AVQ_BUS_FREQUENZA_CORSE;regione;piemonte;2010;62.8
AVQ_BUS_FREQUENZA_CORSE;regione;puglia;2010;55.9
AVQ_BUS_FREQUENZA_CORSE;regione;sardegna;2010;50.6
AVQ_BUS_FREQUENZA_CORSE;regione;sicilia;2010;25.7
AVQ_BUS_FREQUENZA_CORSE;regione;toscana;2010;61.0
AVQ_BUS_FREQUENZA_CORSE;regione;trentino-alto-adige;2010;86.918446
AVQ_BUS_FREQUENZA_CORSE;regione;umbria;2010;62.3
AVQ_BUS_FREQUENZA_CORSE;regione;valle-d-aosta;2010;80.2
AVQ_BUS_FREQUENZA_CORSE;regione;veneto;2010;72.7
AVQ_BUS_FREQUENZA_CORSE;regione;abruzzo;2011;64.2
AVQ_BUS_FREQUENZA_CORSE;regione;basilicata;2011;68.1
AVQ_BUS_FREQUENZA_CORSE;regione;calabria;2011;50.0
AVQ_BUS_FREQUENZA_CORSE;regione;campania;2011;31.7
AVQ_BUS_FREQUENZA_CORSE;regione;emilia-romagna;2011;72.7
AVQ_BUS_FREQUENZA_CORSE;regione;friuli-venezia-giulia;2011;77.0
AVQ_BUS_FREQUENZA_CORSE;regione;lazio;2011;39.5
AVQ_BUS_FREQUENZA_CORSE;regione;liguria;2011;58.3
AVQ_BUS_FREQUENZA_CORSE;regione;lombardia;2011;63.2
AVQ_BUS_FREQUENZA_CORSE;regione;marche;2011;69.9
AVQ_BUS_FREQUENZA_CORSE;regione;molise;2011;63.6
AVQ_BUS_FREQUENZA_CORSE;regione;piemonte;2011;64.3
AVQ_BUS_FREQUENZA_CORSE;regione;puglia;2011;51.5
AVQ_BUS_FREQUENZA_CORSE;regione;sardegna;2011;57.5
AVQ_BUS_FREQUENZA_CORSE;regione;sicilia;2011;25.9
AVQ_BUS_FREQUENZA_CORSE;regione;toscana;2011;61.7
AVQ_BUS_FREQUENZA_CORSE;regione;trentino-alto-adige;2011;82.174637
AVQ_BUS_FREQUENZA_CORSE;regione;umbria;2011;58.9
AVQ_BUS_FREQUENZA_CORSE;regione;valle-d-aosta;2011;67.0
AVQ_BUS_FREQUENZA_CORSE;regione;veneto;2011;75.5
AVQ_BUS_FREQUENZA_CORSE;regione;abruzzo;2012;59.5
AVQ_BUS_FREQUENZA_CORSE;regione;basilicata;2012;69.9
AVQ_BUS_FREQUENZA_CORSE;regione;calabria;2012;49.3
AVQ_BUS_FREQUENZA_CORSE;regione;campania;2012;34.1
AVQ_BUS_FREQUENZA_CORSE;regione;emilia-romagna;2012;78.3
AVQ_BUS_FREQUENZA_CORSE;regione;friuli-venezia-giulia;2012;84.4
AVQ_BUS_FREQUENZA_CORSE;regione;lazio;2012;42.9
AVQ_BUS_FREQUENZA_CORSE;regione;liguria;2012;62.2
AVQ_BUS_FREQUENZA_CORSE;regione;lombardia;2012;67.8
AVQ_BUS_FREQUENZA_CORSE;regione;marche;2012;72.4
AVQ_BUS_FREQUENZA_CORSE;regione;molise;2012;64.5
AVQ_BUS_FREQUENZA_CORSE;regione;piemonte;2012;69.5
AVQ_BUS_FREQUENZA_CORSE;regione;puglia;2012;47.6
AVQ_BUS_FREQUENZA_CORSE;regione;sardegna;2012;61.5
AVQ_BUS_FREQUENZA_CORSE;regione;sicilia;2012;25.0
AVQ_BUS_FREQUENZA_CORSE;regione;toscana;2012;63.3
AVQ_BUS_FREQUENZA_CORSE;regione;trentino-alto-adige;2012;83.920409
AVQ_BUS_FREQUENZA_CORSE;regione;umbria;2012;70.0
AVQ_BUS_FREQUENZA_CORSE;regione;valle-d-aosta;2012;73.9
AVQ_BUS_FREQUENZA_CORSE;regione;veneto;2012;71.0
AVQ_BUS_FREQUENZA_CORSE;regione;abruzzo;2013;61.5
AVQ_BUS_FREQUENZA_CORSE;regione;basilicata;2013;49.9
AVQ_BUS_FREQUENZA_CORSE;regione;calabria;2013;44.5
AVQ_BUS_FREQUENZA_CORSE;regione;campania;2013;22.1
AVQ_BUS_FREQUENZA_CORSE;regione;emilia-romagna;2013;76.8
AVQ_BUS_FREQUENZA_CORSE;regione;friuli-venezia-giulia;2013;75.3
AVQ_BUS_FREQUENZA_CORSE;regione;lazio;2013;42.0
AVQ_BUS_FREQUENZA_CORSE;regione;liguria;2013;53.3
AVQ_BUS_FREQUENZA_CORSE;regione;lombardia;2013;66.4
AVQ_BUS_FREQUENZA_CORSE;regione;marche;2013;64.9
AVQ_BUS_FREQUENZA_CORSE;regione;molise;2013;63.8
AVQ_BUS_FREQUENZA_CORSE;regione;piemonte;2013;66.3
AVQ_BUS_FREQUENZA_CORSE;regione;puglia;2013;41.0
AVQ_BUS_FREQUENZA_CORSE;regione;sardegna;2013;63.4
AVQ_BUS_FREQUENZA_CORSE;regione;sicilia;2013;21.8
AVQ_BUS_FREQUENZA_CORSE;regione;toscana;2013;62.2
AVQ_BUS_FREQUENZA_CORSE;regione;trentino-alto-adige;2013;84.430401
AVQ_BUS_FREQUENZA_CORSE;regione;umbria;2013;68.4
AVQ_BUS_FREQUENZA_CORSE;regione;valle-d-aosta;2013;78.4
AVQ_BUS_FREQUENZA_CORSE;regione;veneto;2013;62.5
AVQ_BUS_FREQUENZA_CORSE;regione;abruzzo;2014;68.2
AVQ_BUS_FREQUENZA_CORSE;regione;basilicata;2014;67.5
AVQ_BUS_FREQUENZA_CORSE;regione;calabria;2014;46.9
AVQ_BUS_FREQUENZA_CORSE;regione;campania;2014;26.0
AVQ_BUS_FREQUENZA_CORSE;regione;emilia-romagna;2014;74.1
AVQ_BUS_FREQUENZA_CORSE;regione;friuli-venezia-giulia;2014;77.5
AVQ_BUS_FREQUENZA_CORSE;regione;lazio;2014;39.9
AVQ_BUS_FREQUENZA_CORSE;regione;liguria;2014;54.0
AVQ_BUS_FREQUENZA_CORSE;regione;lombardia;2014;73.6
AVQ_BUS_FREQUENZA_CORSE;regione;marche;2014;68.9
AVQ_BUS_FREQUENZA_CORSE;regione;molise;2014;71.6
AVQ_BUS_FREQUENZA_CORSE;regione;piemonte;2014;61.2
AVQ_BUS_FREQUENZA_CORSE;regione;puglia;2014;49.7
AVQ_BUS_FREQUENZA_CORSE;regione;sardegna;2014;55.5
AVQ_BUS_FREQUENZA_CORSE;regione;sicilia;2014;28.6
AVQ_BUS_FREQUENZA_CORSE;regione;toscana;2014;63.2
AVQ_BUS_FREQUENZA_CORSE;regione;trentino-alto-adige;2014;87.090777
AVQ_BUS_FREQUENZA_CORSE;regione;umbria;2014;68.2
AVQ_BUS_FREQUENZA_CORSE;regione;valle-d-aosta;2014;77.6
AVQ_BUS_FREQUENZA_CORSE;regione;veneto;2014;66.0
AVQ_BUS_FREQUENZA_CORSE;regione;abruzzo;2015;60.7
AVQ_BUS_FREQUENZA_CORSE;regione;basilicata;2015;70.0
AVQ_BUS_FREQUENZA_CORSE;regione;calabria;2015;41.9
AVQ_BUS_FREQUENZA_CORSE;regione;campania;2015;24.9
AVQ_BUS_FREQUENZA_CORSE;regione;emilia-romagna;2015;73.4
AVQ_BUS_FREQUENZA_CORSE;regione;friuli-venezia-giulia;2015;81.8
AVQ_BUS_FREQUENZA_CORSE;regione;lazio;2015;40.3
AVQ_BUS_FREQUENZA_CORSE;regione;liguria;2015;57.3
AVQ_BUS_FREQUENZA_CORSE;regione;lombardia;2015;70.0
AVQ_BUS_FREQUENZA_CORSE;regione;marche;2015;72.6
AVQ_BUS_FREQUENZA_CORSE;regione;molise;2015;66.7
AVQ_BUS_FREQUENZA_CORSE;regione;piemonte;2015;62.8
AVQ_BUS_FREQUENZA_CORSE;regione;puglia;2015;37.3
AVQ_BUS_FREQUENZA_CORSE;regione;sardegna;2015;60.6
AVQ_BUS_FREQUENZA_CORSE;regione;sicilia;2015;28.6
AVQ_BUS_FREQUENZA_CORSE;regione;toscana;2015;66.2
AVQ_BUS_FREQUENZA_CORSE;regione;trentino-alto-adige;2015;83.110418
AVQ_BUS_FREQUENZA_CORSE;regione;umbria;2015;69.3
AVQ_BUS_FREQUENZA_CORSE;regione;valle-d-aosta;2015;77.4
AVQ_BUS_FREQUENZA_CORSE;regione;veneto;2015;66.3
AVQ_BUS_FREQUENZA_CORSE;regione;abruzzo;2016;61.5
AVQ_BUS_FREQUENZA_CORSE;regione;basilicata;2016;61.0
AVQ_BUS_FREQUENZA_CORSE;regione;calabria;2016;47.0
AVQ_BUS_FREQUENZA_CORSE;regione;campania;2016;19.4
AVQ_BUS_FREQUENZA_CORSE;regione;emilia-romagna;2016;70.4
AVQ_BUS_FREQUENZA_CORSE;regione;friuli-venezia-giulia;2016;77.1
AVQ_BUS_FREQUENZA_CORSE;regione;lazio;2016;34.8
AVQ_BUS_FREQUENZA_CORSE;regione;liguria;2016;53.9
AVQ_BUS_FREQUENZA_CORSE;regione;lombardia;2016;66.4
AVQ_BUS_FREQUENZA_CORSE;regione;marche;2016;64.8
AVQ_BUS_FREQUENZA_CORSE;regione;molise;2016;61.1
AVQ_BUS_FREQUENZA_CORSE;regione;piemonte;2016;61.1
AVQ_BUS_FREQUENZA_CORSE;regione;puglia;2016;45.1
AVQ_BUS_FREQUENZA_CORSE;regione;sardegna;2016;53.3
AVQ_BUS_FREQUENZA_CORSE;regione;sicilia;2016;29.7
AVQ_BUS_FREQUENZA_CORSE;regione;toscana;2016;60.5
AVQ_BUS_FREQUENZA_CORSE;regione;trentino-alto-adige;2016;85.780017
AVQ_BUS_FREQUENZA_CORSE;regione;umbria;2016;65.5
AVQ_BUS_FREQUENZA_CORSE;regione;valle-d-aosta;2016;72.5
AVQ_BUS_FREQUENZA_CORSE;regione;veneto;2016;69.0
AVQ_BUS_FREQUENZA_CORSE;regione;abruzzo;2017;65.7
AVQ_BUS_FREQUENZA_CORSE;regione;basilicata;2017;63.4
AVQ_BUS_FREQUENZA_CORSE;regione;calabria;2017;50.0
AVQ_BUS_FREQUENZA_CORSE;regione;campania;2017;28.2
AVQ_BUS_FREQUENZA_CORSE;regione;emilia-romagna;2017;74.8
AVQ_BUS_FREQUENZA_CORSE;regione;friuli-venezia-giulia;2017;80.0
AVQ_BUS_FREQUENZA_CORSE;regione;lazio;2017;29.9
AVQ_BUS_FREQUENZA_CORSE;regione;liguria;2017;53.7
AVQ_BUS_FREQUENZA_CORSE;regione;lombardia;2017;71.5
AVQ_BUS_FREQUENZA_CORSE;regione;marche;2017;66.9
AVQ_BUS_FREQUENZA_CORSE;regione;molise;2017;58.3
AVQ_BUS_FREQUENZA_CORSE;regione;piemonte;2017;60.2
AVQ_BUS_FREQUENZA_CORSE;regione;puglia;2017;51.2
AVQ_BUS_FREQUENZA_CORSE;regione;sardegna;2017;65.0
AVQ_BUS_FREQUENZA_CORSE;regione;sicilia;2017;35.8
AVQ_BUS_FREQUENZA_CORSE;regione;toscana;2017;65.3
AVQ_BUS_FREQUENZA_CORSE;regione;trentino-alto-adige;2017;85.80888
AVQ_BUS_FREQUENZA_CORSE;regione;umbria;2017;67.0
AVQ_BUS_FREQUENZA_CORSE;regione;valle-d-aosta;2017;67.9
AVQ_BUS_FREQUENZA_CORSE;regione;veneto;2017;71.0
AVQ_BUS_FREQUENZA_CORSE;regione;abruzzo;2018;64.5
AVQ_BUS_FREQUENZA_CORSE;regione;basilicata;2018;61.1
AVQ_BUS_FREQUENZA_CORSE;regione;calabria;2018;54.4
AVQ_BUS_FREQUENZA_CORSE;regione;campania;2018;22.0
AVQ_BUS_FREQUENZA_CORSE;regione;emilia-romagna;2018;72.5
AVQ_BUS_FREQUENZA_CORSE;regione;friuli-venezia-giulia;2018;79.3
AVQ_BUS_FREQUENZA_CORSE;regione;lazio;2018;27.3
AVQ_BUS_FREQUENZA_CORSE;regione;liguria;2018;58.6
AVQ_BUS_FREQUENZA_CORSE;regione;lombardia;2018;73.2
AVQ_BUS_FREQUENZA_CORSE;regione;marche;2018;71.6
AVQ_BUS_FREQUENZA_CORSE;regione;molise;2018;57.3
AVQ_BUS_FREQUENZA_CORSE;regione;piemonte;2018;58.8
AVQ_BUS_FREQUENZA_CORSE;regione;puglia;2018;51.7
AVQ_BUS_FREQUENZA_CORSE;regione;sardegna;2018;65.3
AVQ_BUS_FREQUENZA_CORSE;regione;sicilia;2018;33.2
AVQ_BUS_FREQUENZA_CORSE;regione;toscana;2018;61.2
AVQ_BUS_FREQUENZA_CORSE;regione;trentino-alto-adige;2018;84.734244
AVQ_BUS_FREQUENZA_CORSE;regione;umbria;2018;71.3
AVQ_BUS_FREQUENZA_CORSE;regione;valle-d-aosta;2018;67.6
AVQ_BUS_FREQUENZA_CORSE;regione;veneto;2018;74.1
AVQ_BUS_FREQUENZA_CORSE;regione;abruzzo;2019;62.5
AVQ_BUS_FREQUENZA_CORSE;regione;basilicata;2019;57.8
AVQ_BUS_FREQUENZA_CORSE;regione;calabria;2019;47.2
AVQ_BUS_FREQUENZA_CORSE;regione;campania;2019;30.9
AVQ_BUS_FREQUENZA_CORSE;regione;emilia-romagna;2019;78.0
AVQ_BUS_FREQUENZA_CORSE;regione;friuli-venezia-giulia;2019;83.9
AVQ_BUS_FREQUENZA_CORSE;regione;lazio;2019;29.7
AVQ_BUS_FREQUENZA_CORSE;regione;liguria;2019;62.4
AVQ_BUS_FREQUENZA_CORSE;regione;lombardia;2019;72.0
AVQ_BUS_FREQUENZA_CORSE;regione;marche;2019;73.1
AVQ_BUS_FREQUENZA_CORSE;regione;molise;2019;62.5
AVQ_BUS_FREQUENZA_CORSE;regione;piemonte;2019;59.2
AVQ_BUS_FREQUENZA_CORSE;regione;puglia;2019;56.4
AVQ_BUS_FREQUENZA_CORSE;regione;sardegna;2019;63.3
AVQ_BUS_FREQUENZA_CORSE;regione;sicilia;2019;36.5
AVQ_BUS_FREQUENZA_CORSE;regione;toscana;2019;65.7
AVQ_BUS_FREQUENZA_CORSE;regione;trentino-alto-adige;2019;83.89462
AVQ_BUS_FREQUENZA_CORSE;regione;umbria;2019;63.0
AVQ_BUS_FREQUENZA_CORSE;regione;valle-d-aosta;2019;71.8
AVQ_BUS_FREQUENZA_CORSE;regione;veneto;2019;76.5
AVQ_BUS_FREQUENZA_CORSE;regione;abruzzo;2020;55.4
AVQ_BUS_FREQUENZA_CORSE;regione;basilicata;2020;60.0
AVQ_BUS_FREQUENZA_CORSE;regione;calabria;2020;47.9
AVQ_BUS_FREQUENZA_CORSE;regione;campania;2020;28.9
AVQ_BUS_FREQUENZA_CORSE;regione;emilia-romagna;2020;82.1
AVQ_BUS_FREQUENZA_CORSE;regione;friuli-venezia-giulia;2020;81.4
AVQ_BUS_FREQUENZA_CORSE;regione;lazio;2020;30.6
AVQ_BUS_FREQUENZA_CORSE;regione;liguria;2020;70.2
AVQ_BUS_FREQUENZA_CORSE;regione;lombardia;2020;76.4
AVQ_BUS_FREQUENZA_CORSE;regione;marche;2020;78.8
AVQ_BUS_FREQUENZA_CORSE;regione;molise;2020;58.5
AVQ_BUS_FREQUENZA_CORSE;regione;piemonte;2020;63.1
AVQ_BUS_FREQUENZA_CORSE;regione;puglia;2020;50.9
AVQ_BUS_FREQUENZA_CORSE;regione;sardegna;2020;74.5
AVQ_BUS_FREQUENZA_CORSE;regione;sicilia;2020;45.4
AVQ_BUS_FREQUENZA_CORSE;regione;toscana;2020;65.8
AVQ_BUS_FREQUENZA_CORSE;regione;trentino-alto-adige;2020;88.493851
AVQ_BUS_FREQUENZA_CORSE;regione;umbria;2020;69.5
AVQ_BUS_FREQUENZA_CORSE;regione;valle-d-aosta;2020;76.0
AVQ_BUS_FREQUENZA_CORSE;regione;veneto;2020;76.9
AVQ_BUS_FREQUENZA_CORSE;regione;abruzzo;2021;64.8
AVQ_BUS_FREQUENZA_CORSE;regione;basilicata;2021;56.4
AVQ_BUS_FREQUENZA_CORSE;regione;calabria;2021;54.9
AVQ_BUS_FREQUENZA_CORSE;regione;campania;2021;27.2
AVQ_BUS_FREQUENZA_CORSE;regione;emilia-romagna;2021;82.3
AVQ_BUS_FREQUENZA_CORSE;regione;friuli-venezia-giulia;2021;81.6
AVQ_BUS_FREQUENZA_CORSE;regione;lazio;2021;35.7
AVQ_BUS_FREQUENZA_CORSE;regione;liguria;2021;71.4
AVQ_BUS_FREQUENZA_CORSE;regione;lombardia;2021;72.8
AVQ_BUS_FREQUENZA_CORSE;regione;marche;2021;70.6
AVQ_BUS_FREQUENZA_CORSE;regione;molise;2021;60.1
AVQ_BUS_FREQUENZA_CORSE;regione;piemonte;2021;59.1
AVQ_BUS_FREQUENZA_CORSE;regione;puglia;2021;54.6
AVQ_BUS_FREQUENZA_CORSE;regione;sardegna;2021;62.1
AVQ_BUS_FREQUENZA_CORSE;regione;sicilia;2021;38.1
AVQ_BUS_FREQUENZA_CORSE;regione;toscana;2021;73.3
AVQ_BUS_FREQUENZA_CORSE;regione;trentino-alto-adige;2021;84.617335
AVQ_BUS_FREQUENZA_CORSE;regione;umbria;2021;54.7
AVQ_BUS_FREQUENZA_CORSE;regione;valle-d-aosta;2021;78.7
AVQ_BUS_FREQUENZA_CORSE;regione;veneto;2021;73.4
AVQ_BUS_FREQUENZA_CORSE;regione;abruzzo;2022;69.7
AVQ_BUS_FREQUENZA_CORSE;regione;basilicata;2022;67.0
AVQ_BUS_FREQUENZA_CORSE;regione;calabria;2022;50.2
AVQ_BUS_FREQUENZA_CORSE;regione;campania;2022;37.9
AVQ_BUS_FREQUENZA_CORSE;regione;emilia-romagna;2022;76.6
AVQ_BUS_FREQUENZA_CORSE;regione;friuli-venezia-giulia;2022;84.6
AVQ_BUS_FREQUENZA_CORSE;regione;lazio;2022;39.7
AVQ_BUS_FREQUENZA_CORSE;regione;liguria;2022;70.4
AVQ_BUS_FREQUENZA_CORSE;regione;lombardia;2022;76.6
AVQ_BUS_FREQUENZA_CORSE;regione;marche;2022;72.4
AVQ_BUS_FREQUENZA_CORSE;regione;molise;2022;62.4
AVQ_BUS_FREQUENZA_CORSE;regione;piemonte;2022;61.9
AVQ_BUS_FREQUENZA_CORSE;regione;puglia;2022;63.2
AVQ_BUS_FREQUENZA_CORSE;regione;sardegna;2022;66.9
AVQ_BUS_FREQUENZA_CORSE;regione;sicilia;2022;38.3
AVQ_BUS_FREQUENZA_CORSE;regione;toscana;2022;67.6
AVQ_BUS_FREQUENZA_CORSE;regione;trentino-alto-adige;2022;85.204269
AVQ_BUS_FREQUENZA_CORSE;regione;umbria;2022;66.1
AVQ_BUS_FREQUENZA_CORSE;regione;valle-d-aosta;2022;81.6
AVQ_BUS_FREQUENZA_CORSE;regione;veneto;2022;73.7
AVQ_BUS_FREQUENZA_CORSE;regione;abruzzo;2023;67.1
AVQ_BUS_FREQUENZA_CORSE;regione;basilicata;2023;70.6
AVQ_BUS_FREQUENZA_CORSE;regione;calabria;2023;66.9
AVQ_BUS_FREQUENZA_CORSE;regione;campania;2023;42.8
AVQ_BUS_FREQUENZA_CORSE;regione;emilia-romagna;2023;80.1
AVQ_BUS_FREQUENZA_CORSE;regione;friuli-venezia-giulia;2023;85.6
AVQ_BUS_FREQUENZA_CORSE;regione;lazio;2023;34.8
AVQ_BUS_FREQUENZA_CORSE;regione;liguria;2023;74.5
AVQ_BUS_FREQUENZA_CORSE;regione;lombardia;2023;74.2
AVQ_BUS_FREQUENZA_CORSE;regione;marche;2023;73.0
AVQ_BUS_FREQUENZA_CORSE;regione;molise;2023;61.8
AVQ_BUS_FREQUENZA_CORSE;regione;piemonte;2023;57.5
AVQ_BUS_FREQUENZA_CORSE;regione;puglia;2023;60.7
AVQ_BUS_FREQUENZA_CORSE;regione;sardegna;2023;72.8
AVQ_BUS_FREQUENZA_CORSE;regione;sicilia;2023;44.8
AVQ_BUS_FREQUENZA_CORSE;regione;toscana;2023;66.4
AVQ_BUS_FREQUENZA_CORSE;regione;trentino-alto-adige;2023;84.315798
AVQ_BUS_FREQUENZA_CORSE;regione;umbria;2023;66.0
AVQ_BUS_FREQUENZA_CORSE;regione;valle-d-aosta;2023;72.9
AVQ_BUS_FREQUENZA_CORSE;regione;veneto;2023;72.3
AVQ_BUS_FREQUENZA_CORSE;regione;abruzzo;2024;64.9
AVQ_BUS_FREQUENZA_CORSE;regione;basilicata;2024;58.8
AVQ_BUS_FREQUENZA_CORSE;regione;calabria;2024;50.2
AVQ_BUS_FREQUENZA_CORSE;regione;campania;2024;38.0
AVQ_BUS_FREQUENZA_CORSE;regione;emilia-romagna;2024;67.6
AVQ_BUS_FREQUENZA_CORSE;regione;friuli-venezia-giulia;2024;82.0
AVQ_BUS_FREQUENZA_CORSE;regione;lazio;2024;33.2
AVQ_BUS_FREQUENZA_CORSE;regione;liguria;2024;69.0
AVQ_BUS_FREQUENZA_CORSE;regione;lombardia;2024;67.3
AVQ_BUS_FREQUENZA_CORSE;regione;marche;2024;73.7
AVQ_BUS_FREQUENZA_CORSE;regione;molise;2024;65.5
AVQ_BUS_FREQUENZA_CORSE;regione;piemonte;2024;62.0
AVQ_BUS_FREQUENZA_CORSE;regione;puglia;2024;53.8
AVQ_BUS_FREQUENZA_CORSE;regione;sardegna;2024;69.4
AVQ_BUS_FREQUENZA_CORSE;regione;sicilia;2024;44.0
AVQ_BUS_FREQUENZA_CORSE;regione;toscana;2024;61.8
AVQ_BUS_FREQUENZA_CORSE;regione;trentino-alto-adige;2024;83.605038
AVQ_BUS_FREQUENZA_CORSE;regione;umbria;2024;72.2
AVQ_BUS_FREQUENZA_CORSE;regione;valle-d-aosta;2024;71.5
AVQ_BUS_FREQUENZA_CORSE;regione;veneto;2024;70.3
AVQ_BUS_FREQUENZA_CORSE;regione;abruzzo;2025;68.6
AVQ_BUS_FREQUENZA_CORSE;regione;basilicata;2025;68.6
AVQ_BUS_FREQUENZA_CORSE;regione;calabria;2025;64.8
AVQ_BUS_FREQUENZA_CORSE;regione;campania;2025;49.6
AVQ_BUS_FREQUENZA_CORSE;regione;emilia-romagna;2025;70.9
AVQ_BUS_FREQUENZA_CORSE;regione;friuli-venezia-giulia;2025;79.6
AVQ_BUS_FREQUENZA_CORSE;regione;lazio;2025;37.0
AVQ_BUS_FREQUENZA_CORSE;regione;liguria;2025;63.7
AVQ_BUS_FREQUENZA_CORSE;regione;lombardia;2025;63.9
AVQ_BUS_FREQUENZA_CORSE;regione;marche;2025;69.0
AVQ_BUS_FREQUENZA_CORSE;regione;molise;2025;73.0
AVQ_BUS_FREQUENZA_CORSE;regione;piemonte;2025;51.7
AVQ_BUS_FREQUENZA_CORSE;regione;puglia;2025;59.3
AVQ_BUS_FREQUENZA_CORSE;regione;sardegna;2025;68.1
AVQ_BUS_FREQUENZA_CORSE;regione;sicilia;2025;44.3
AVQ_BUS_FREQUENZA_CORSE;regione;toscana;2025;63.3
AVQ_BUS_FREQUENZA_CORSE;regione;trentino-alto-adige;2025;81.850042
AVQ_BUS_FREQUENZA_CORSE;regione;umbria;2025;56.8
AVQ_BUS_FREQUENZA_CORSE;regione;valle-d-aosta;2025;74.4
AVQ_BUS_FREQUENZA_CORSE;regione;veneto;2025;70.7
AVQ_BUS_ATTESA_FERMATA;regione;abruzzo;2001;49.1
AVQ_BUS_ATTESA_FERMATA;regione;basilicata;2001;37.4
AVQ_BUS_ATTESA_FERMATA;regione;calabria;2001;23.5
AVQ_BUS_ATTESA_FERMATA;regione;campania;2001;22.4
AVQ_BUS_ATTESA_FERMATA;regione;emilia-romagna;2001;58.2
AVQ_BUS_ATTESA_FERMATA;regione;friuli-venezia-giulia;2001;48.1
AVQ_BUS_ATTESA_FERMATA;regione;lazio;2001;17.0
AVQ_BUS_ATTESA_FERMATA;regione;liguria;2001;36.6
AVQ_BUS_ATTESA_FERMATA;regione;lombardia;2001;34.5
AVQ_BUS_ATTESA_FERMATA;regione;marche;2001;46.6
AVQ_BUS_ATTESA_FERMATA;regione;molise;2001;38.3
AVQ_BUS_ATTESA_FERMATA;regione;piemonte;2001;52.1
AVQ_BUS_ATTESA_FERMATA;regione;puglia;2001;22.0
AVQ_BUS_ATTESA_FERMATA;regione;sardegna;2001;23.1
AVQ_BUS_ATTESA_FERMATA;regione;sicilia;2001;24.2
AVQ_BUS_ATTESA_FERMATA;regione;toscana;2001;31.6
AVQ_BUS_ATTESA_FERMATA;regione;trentino-alto-adige;2001;68.293851
AVQ_BUS_ATTESA_FERMATA;regione;umbria;2001;59.8
AVQ_BUS_ATTESA_FERMATA;regione;valle-d-aosta;2001;68.7
AVQ_BUS_ATTESA_FERMATA;regione;veneto;2001;38.2
AVQ_BUS_ATTESA_FERMATA;regione;abruzzo;2002;40.4
AVQ_BUS_ATTESA_FERMATA;regione;basilicata;2002;39.4
AVQ_BUS_ATTESA_FERMATA;regione;calabria;2002;29.6
AVQ_BUS_ATTESA_FERMATA;regione;campania;2002;17.9
AVQ_BUS_ATTESA_FERMATA;regione;emilia-romagna;2002;61.0
AVQ_BUS_ATTESA_FERMATA;regione;friuli-venezia-giulia;2002;46.6
AVQ_BUS_ATTESA_FERMATA;regione;lazio;2002;23.1
AVQ_BUS_ATTESA_FERMATA;regione;liguria;2002;35.4
AVQ_BUS_ATTESA_FERMATA;regione;lombardia;2002;37.9
AVQ_BUS_ATTESA_FERMATA;regione;marche;2002;52.9
AVQ_BUS_ATTESA_FERMATA;regione;molise;2002;39.6
AVQ_BUS_ATTESA_FERMATA;regione;piemonte;2002;47.9
AVQ_BUS_ATTESA_FERMATA;regione;puglia;2002;23.0
AVQ_BUS_ATTESA_FERMATA;regione;sardegna;2002;20.5
AVQ_BUS_ATTESA_FERMATA;regione;sicilia;2002;22.0
AVQ_BUS_ATTESA_FERMATA;regione;toscana;2002;32.7
AVQ_BUS_ATTESA_FERMATA;regione;trentino-alto-adige;2002;61.587703
AVQ_BUS_ATTESA_FERMATA;regione;umbria;2002;47.3
AVQ_BUS_ATTESA_FERMATA;regione;valle-d-aosta;2002;70.4
AVQ_BUS_ATTESA_FERMATA;regione;veneto;2002;41.7
AVQ_BUS_ATTESA_FERMATA;regione;abruzzo;2003;41.8
AVQ_BUS_ATTESA_FERMATA;regione;basilicata;2003;41.9
AVQ_BUS_ATTESA_FERMATA;regione;calabria;2003;30.7
AVQ_BUS_ATTESA_FERMATA;regione;campania;2003;24.0
AVQ_BUS_ATTESA_FERMATA;regione;emilia-romagna;2003;62.4
AVQ_BUS_ATTESA_FERMATA;regione;friuli-venezia-giulia;2003;38.9
AVQ_BUS_ATTESA_FERMATA;regione;lazio;2003;19.4
AVQ_BUS_ATTESA_FERMATA;regione;liguria;2003;37.7
AVQ_BUS_ATTESA_FERMATA;regione;lombardia;2003;33.8
AVQ_BUS_ATTESA_FERMATA;regione;marche;2003;46.8
AVQ_BUS_ATTESA_FERMATA;regione;molise;2003;37.6
AVQ_BUS_ATTESA_FERMATA;regione;piemonte;2003;50.8
AVQ_BUS_ATTESA_FERMATA;regione;puglia;2003;23.7
AVQ_BUS_ATTESA_FERMATA;regione;sardegna;2003;16.6
AVQ_BUS_ATTESA_FERMATA;regione;sicilia;2003;15.6
AVQ_BUS_ATTESA_FERMATA;regione;toscana;2003;32.3
AVQ_BUS_ATTESA_FERMATA;regione;trentino-alto-adige;2003;68.91076
AVQ_BUS_ATTESA_FERMATA;regione;umbria;2003;46.1
AVQ_BUS_ATTESA_FERMATA;regione;valle-d-aosta;2003;53.6
AVQ_BUS_ATTESA_FERMATA;regione;veneto;2003;42.6
AVQ_BUS_ATTESA_FERMATA;regione;abruzzo;2005;38.8
AVQ_BUS_ATTESA_FERMATA;regione;basilicata;2005;37.6
AVQ_BUS_ATTESA_FERMATA;regione;calabria;2005;27.7
AVQ_BUS_ATTESA_FERMATA;regione;campania;2005;20.6
AVQ_BUS_ATTESA_FERMATA;regione;emilia-romagna;2005;56.2
AVQ_BUS_ATTESA_FERMATA;regione;friuli-venezia-giulia;2005;38.0
AVQ_BUS_ATTESA_FERMATA;regione;lazio;2005;18.1
AVQ_BUS_ATTESA_FERMATA;regione;liguria;2005;42.1
AVQ_BUS_ATTESA_FERMATA;regione;lombardia;2005;37.3
AVQ_BUS_ATTESA_FERMATA;regione;marche;2005;53.5
AVQ_BUS_ATTESA_FERMATA;regione;molise;2005;31.5
AVQ_BUS_ATTESA_FERMATA;regione;piemonte;2005;48.8
AVQ_BUS_ATTESA_FERMATA;regione;puglia;2005;24.0
AVQ_BUS_ATTESA_FERMATA;regione;sardegna;2005;21.9
AVQ_BUS_ATTESA_FERMATA;regione;sicilia;2005;23.3
AVQ_BUS_ATTESA_FERMATA;regione;toscana;2005;35.7
AVQ_BUS_ATTESA_FERMATA;regione;trentino-alto-adige;2005;66.677285
AVQ_BUS_ATTESA_FERMATA;regione;umbria;2005;48.7
AVQ_BUS_ATTESA_FERMATA;regione;valle-d-aosta;2005;64.8
AVQ_BUS_ATTESA_FERMATA;regione;veneto;2005;40.7
AVQ_BUS_ATTESA_FERMATA;regione;abruzzo;2006;40.4
AVQ_BUS_ATTESA_FERMATA;regione;basilicata;2006;37.0
AVQ_BUS_ATTESA_FERMATA;regione;calabria;2006;30.7
AVQ_BUS_ATTESA_FERMATA;regione;campania;2006;18.6
AVQ_BUS_ATTESA_FERMATA;regione;emilia-romagna;2006;53.0
AVQ_BUS_ATTESA_FERMATA;regione;friuli-venezia-giulia;2006;52.5
AVQ_BUS_ATTESA_FERMATA;regione;lazio;2006;17.7
AVQ_BUS_ATTESA_FERMATA;regione;liguria;2006;37.1
AVQ_BUS_ATTESA_FERMATA;regione;lombardia;2006;33.3
AVQ_BUS_ATTESA_FERMATA;regione;marche;2006;50.8
AVQ_BUS_ATTESA_FERMATA;regione;molise;2006;38.8
AVQ_BUS_ATTESA_FERMATA;regione;piemonte;2006;50.6
AVQ_BUS_ATTESA_FERMATA;regione;puglia;2006;20.1
AVQ_BUS_ATTESA_FERMATA;regione;sardegna;2006;13.3
AVQ_BUS_ATTESA_FERMATA;regione;sicilia;2006;21.1
AVQ_BUS_ATTESA_FERMATA;regione;toscana;2006;33.0
AVQ_BUS_ATTESA_FERMATA;regione;trentino-alto-adige;2006;68.630744
AVQ_BUS_ATTESA_FERMATA;regione;umbria;2006;49.4
AVQ_BUS_ATTESA_FERMATA;regione;valle-d-aosta;2006;56.7
AVQ_BUS_ATTESA_FERMATA;regione;veneto;2006;45.7
AVQ_BUS_ATTESA_FERMATA;regione;abruzzo;2007;39.8
AVQ_BUS_ATTESA_FERMATA;regione;basilicata;2007;39.9
AVQ_BUS_ATTESA_FERMATA;regione;calabria;2007;29.5
AVQ_BUS_ATTESA_FERMATA;regione;campania;2007;29.5
AVQ_BUS_ATTESA_FERMATA;regione;emilia-romagna;2007;58.3
AVQ_BUS_ATTESA_FERMATA;regione;friuli-venezia-giulia;2007;53.2
AVQ_BUS_ATTESA_FERMATA;regione;lazio;2007;30.7
AVQ_BUS_ATTESA_FERMATA;regione;liguria;2007;33.6
AVQ_BUS_ATTESA_FERMATA;regione;lombardia;2007;44.9
AVQ_BUS_ATTESA_FERMATA;regione;marche;2007;58.6
AVQ_BUS_ATTESA_FERMATA;regione;molise;2007;42.2
AVQ_BUS_ATTESA_FERMATA;regione;piemonte;2007;50.6
AVQ_BUS_ATTESA_FERMATA;regione;puglia;2007;23.4
AVQ_BUS_ATTESA_FERMATA;regione;sardegna;2007;22.9
AVQ_BUS_ATTESA_FERMATA;regione;sicilia;2007;22.9
AVQ_BUS_ATTESA_FERMATA;regione;toscana;2007;35.8
AVQ_BUS_ATTESA_FERMATA;regione;trentino-alto-adige;2007;72.790777
AVQ_BUS_ATTESA_FERMATA;regione;umbria;2007;48.3
AVQ_BUS_ATTESA_FERMATA;regione;valle-d-aosta;2007;69.5
AVQ_BUS_ATTESA_FERMATA;regione;veneto;2007;46.2
AVQ_BUS_ATTESA_FERMATA;regione;abruzzo;2008;37.6
AVQ_BUS_ATTESA_FERMATA;regione;basilicata;2008;47.3
AVQ_BUS_ATTESA_FERMATA;regione;calabria;2008;29.3
AVQ_BUS_ATTESA_FERMATA;regione;campania;2008;23.3
AVQ_BUS_ATTESA_FERMATA;regione;emilia-romagna;2008;54.8
AVQ_BUS_ATTESA_FERMATA;regione;friuli-venezia-giulia;2008;46.1
AVQ_BUS_ATTESA_FERMATA;regione;lazio;2008;22.7
AVQ_BUS_ATTESA_FERMATA;regione;liguria;2008;37.3
AVQ_BUS_ATTESA_FERMATA;regione;lombardia;2008;42.0
AVQ_BUS_ATTESA_FERMATA;regione;marche;2008;43.0
AVQ_BUS_ATTESA_FERMATA;regione;molise;2008;32.3
AVQ_BUS_ATTESA_FERMATA;regione;piemonte;2008;48.7
AVQ_BUS_ATTESA_FERMATA;regione;puglia;2008;18.8
AVQ_BUS_ATTESA_FERMATA;regione;sardegna;2008;20.0
AVQ_BUS_ATTESA_FERMATA;regione;sicilia;2008;19.0
AVQ_BUS_ATTESA_FERMATA;regione;toscana;2008;37.4
AVQ_BUS_ATTESA_FERMATA;regione;trentino-alto-adige;2008;70.387703
AVQ_BUS_ATTESA_FERMATA;regione;umbria;2008;49.0
AVQ_BUS_ATTESA_FERMATA;regione;valle-d-aosta;2008;69.0
AVQ_BUS_ATTESA_FERMATA;regione;veneto;2008;49.0
AVQ_BUS_ATTESA_FERMATA;regione;abruzzo;2009;42.0
AVQ_BUS_ATTESA_FERMATA;regione;basilicata;2009;50.0
AVQ_BUS_ATTESA_FERMATA;regione;calabria;2009;30.8
AVQ_BUS_ATTESA_FERMATA;regione;campania;2009;28.5
AVQ_BUS_ATTESA_FERMATA;regione;emilia-romagna;2009;59.5
AVQ_BUS_ATTESA_FERMATA;regione;friuli-venezia-giulia;2009;56.1
AVQ_BUS_ATTESA_FERMATA;regione;lazio;2009;27.7
AVQ_BUS_ATTESA_FERMATA;regione;liguria;2009;40.5
AVQ_BUS_ATTESA_FERMATA;regione;lombardia;2009;40.0
AVQ_BUS_ATTESA_FERMATA;regione;marche;2009;46.3
AVQ_BUS_ATTESA_FERMATA;regione;molise;2009;41.1
AVQ_BUS_ATTESA_FERMATA;regione;piemonte;2009;50.6
AVQ_BUS_ATTESA_FERMATA;regione;puglia;2009;24.8
AVQ_BUS_ATTESA_FERMATA;regione;sardegna;2009;28.8
AVQ_BUS_ATTESA_FERMATA;regione;sicilia;2009;17.2
AVQ_BUS_ATTESA_FERMATA;regione;toscana;2009;35.9
AVQ_BUS_ATTESA_FERMATA;regione;trentino-alto-adige;2009;70.906149
AVQ_BUS_ATTESA_FERMATA;regione;umbria;2009;46.3
AVQ_BUS_ATTESA_FERMATA;regione;valle-d-aosta;2009;65.6
AVQ_BUS_ATTESA_FERMATA;regione;veneto;2009;44.9
AVQ_BUS_ATTESA_FERMATA;regione;abruzzo;2010;36.1
AVQ_BUS_ATTESA_FERMATA;regione;basilicata;2010;38.1
AVQ_BUS_ATTESA_FERMATA;regione;calabria;2010;31.3
AVQ_BUS_ATTESA_FERMATA;regione;campania;2010;19.3
AVQ_BUS_ATTESA_FERMATA;regione;emilia-romagna;2010;56.2
AVQ_BUS_ATTESA_FERMATA;regione;friuli-venezia-giulia;2010;50.7
AVQ_BUS_ATTESA_FERMATA;regione;lazio;2010;24.9
AVQ_BUS_ATTESA_FERMATA;regione;liguria;2010;37.2
AVQ_BUS_ATTESA_FERMATA;regione;lombardia;2010;43.3
AVQ_BUS_ATTESA_FERMATA;regione;marche;2010;52.9
AVQ_BUS_ATTESA_FERMATA;regione;molise;2010;41.8
AVQ_BUS_ATTESA_FERMATA;regione;piemonte;2010;47.6
AVQ_BUS_ATTESA_FERMATA;regione;puglia;2010;30.4
AVQ_BUS_ATTESA_FERMATA;regione;sardegna;2010;19.0
AVQ_BUS_ATTESA_FERMATA;regione;sicilia;2010;10.7
AVQ_BUS_ATTESA_FERMATA;regione;toscana;2010;33.2
AVQ_BUS_ATTESA_FERMATA;regione;trentino-alto-adige;2010;71.690777
AVQ_BUS_ATTESA_FERMATA;regione;umbria;2010;43.4
AVQ_BUS_ATTESA_FERMATA;regione;valle-d-aosta;2010;64.8
AVQ_BUS_ATTESA_FERMATA;regione;veneto;2010;44.9
AVQ_BUS_ATTESA_FERMATA;regione;abruzzo;2011;39.6
AVQ_BUS_ATTESA_FERMATA;regione;basilicata;2011;41.6
AVQ_BUS_ATTESA_FERMATA;regione;calabria;2011;26.3
AVQ_BUS_ATTESA_FERMATA;regione;campania;2011;19.7
AVQ_BUS_ATTESA_FERMATA;regione;emilia-romagna;2011;53.8
AVQ_BUS_ATTESA_FERMATA;regione;friuli-venezia-giulia;2011;47.6
AVQ_BUS_ATTESA_FERMATA;regione;lazio;2011;24.8
AVQ_BUS_ATTESA_FERMATA;regione;liguria;2011;40.3
AVQ_BUS_ATTESA_FERMATA;regione;lombardia;2011;48.5
AVQ_BUS_ATTESA_FERMATA;regione;marche;2011;41.0
AVQ_BUS_ATTESA_FERMATA;regione;molise;2011;44.2
AVQ_BUS_ATTESA_FERMATA;regione;piemonte;2011;51.0
AVQ_BUS_ATTESA_FERMATA;regione;puglia;2011;28.8
AVQ_BUS_ATTESA_FERMATA;regione;sardegna;2011;30.0
AVQ_BUS_ATTESA_FERMATA;regione;sicilia;2011;16.7
AVQ_BUS_ATTESA_FERMATA;regione;toscana;2011;36.9
AVQ_BUS_ATTESA_FERMATA;regione;trentino-alto-adige;2011;70.935013
AVQ_BUS_ATTESA_FERMATA;regione;umbria;2011;45.9
AVQ_BUS_ATTESA_FERMATA;regione;valle-d-aosta;2011;62.9
AVQ_BUS_ATTESA_FERMATA;regione;veneto;2011;56.0
AVQ_BUS_ATTESA_FERMATA;regione;abruzzo;2012;39.2
AVQ_BUS_ATTESA_FERMATA;regione;basilicata;2012;46.6
AVQ_BUS_ATTESA_FERMATA;regione;calabria;2012;29.2
AVQ_BUS_ATTESA_FERMATA;regione;campania;2012;18.0
AVQ_BUS_ATTESA_FERMATA;regione;emilia-romagna;2012;50.1
AVQ_BUS_ATTESA_FERMATA;regione;friuli-venezia-giulia;2012;55.6
AVQ_BUS_ATTESA_FERMATA;regione;lazio;2012;26.4
AVQ_BUS_ATTESA_FERMATA;regione;liguria;2012;40.4
AVQ_BUS_ATTESA_FERMATA;regione;lombardia;2012;53.1
AVQ_BUS_ATTESA_FERMATA;regione;marche;2012;54.0
AVQ_BUS_ATTESA_FERMATA;regione;molise;2012;53.3
AVQ_BUS_ATTESA_FERMATA;regione;piemonte;2012;52.6
AVQ_BUS_ATTESA_FERMATA;regione;puglia;2012;23.4
AVQ_BUS_ATTESA_FERMATA;regione;sardegna;2012;28.6
AVQ_BUS_ATTESA_FERMATA;regione;sicilia;2012;12.0
AVQ_BUS_ATTESA_FERMATA;regione;toscana;2012;41.2
AVQ_BUS_ATTESA_FERMATA;regione;trentino-alto-adige;2012;73.278479
AVQ_BUS_ATTESA_FERMATA;regione;umbria;2012;56.7
AVQ_BUS_ATTESA_FERMATA;regione;valle-d-aosta;2012;68.3
AVQ_BUS_ATTESA_FERMATA;regione;veneto;2012;50.5
AVQ_BUS_ATTESA_FERMATA;regione;abruzzo;2013;41.6
AVQ_BUS_ATTESA_FERMATA;regione;basilicata;2013;39.9
AVQ_BUS_ATTESA_FERMATA;regione;calabria;2013;34.9
AVQ_BUS_ATTESA_FERMATA;regione;campania;2013;14.9
AVQ_BUS_ATTESA_FERMATA;regione;emilia-romagna;2013;47.3
AVQ_BUS_ATTESA_FERMATA;regione;friuli-venezia-giulia;2013;52.2
AVQ_BUS_ATTESA_FERMATA;regione;lazio;2013;25.5
AVQ_BUS_ATTESA_FERMATA;regione;liguria;2013;36.2
AVQ_BUS_ATTESA_FERMATA;regione;lombardia;2013;46.0
AVQ_BUS_ATTESA_FERMATA;regione;marche;2013;41.4
AVQ_BUS_ATTESA_FERMATA;regione;molise;2013;40.3
AVQ_BUS_ATTESA_FERMATA;regione;piemonte;2013;60.1
AVQ_BUS_ATTESA_FERMATA;regione;puglia;2013;16.6
AVQ_BUS_ATTESA_FERMATA;regione;sardegna;2013;32.7
AVQ_BUS_ATTESA_FERMATA;regione;sicilia;2013;16.4
AVQ_BUS_ATTESA_FERMATA;regione;toscana;2013;36.0
AVQ_BUS_ATTESA_FERMATA;regione;trentino-alto-adige;2013;71.851921
AVQ_BUS_ATTESA_FERMATA;regione;umbria;2013;48.6
AVQ_BUS_ATTESA_FERMATA;regione;valle-d-aosta;2013;70.8
AVQ_BUS_ATTESA_FERMATA;regione;veneto;2013;47.8
AVQ_BUS_ATTESA_FERMATA;regione;abruzzo;2014;42.3
AVQ_BUS_ATTESA_FERMATA;regione;basilicata;2014;48.2
AVQ_BUS_ATTESA_FERMATA;regione;calabria;2014;26.6
AVQ_BUS_ATTESA_FERMATA;regione;campania;2014;16.6
AVQ_BUS_ATTESA_FERMATA;regione;emilia-romagna;2014;51.6
AVQ_BUS_ATTESA_FERMATA;regione;friuli-venezia-giulia;2014;53.1
AVQ_BUS_ATTESA_FERMATA;regione;lazio;2014;26.2
AVQ_BUS_ATTESA_FERMATA;regione;liguria;2014;34.8
AVQ_BUS_ATTESA_FERMATA;regione;lombardia;2014;52.5
AVQ_BUS_ATTESA_FERMATA;regione;marche;2014;49.8
AVQ_BUS_ATTESA_FERMATA;regione;molise;2014;56.4
AVQ_BUS_ATTESA_FERMATA;regione;piemonte;2014;51.1
AVQ_BUS_ATTESA_FERMATA;regione;puglia;2014;26.5
AVQ_BUS_ATTESA_FERMATA;regione;sardegna;2014;33.4
AVQ_BUS_ATTESA_FERMATA;regione;sicilia;2014;19.0
AVQ_BUS_ATTESA_FERMATA;regione;toscana;2014;37.5
AVQ_BUS_ATTESA_FERMATA;regione;trentino-alto-adige;2014;78.062682
AVQ_BUS_ATTESA_FERMATA;regione;umbria;2014;52.6
AVQ_BUS_ATTESA_FERMATA;regione;valle-d-aosta;2014;66.3
AVQ_BUS_ATTESA_FERMATA;regione;veneto;2014;52.3
AVQ_BUS_ATTESA_FERMATA;regione;abruzzo;2015;38.8
AVQ_BUS_ATTESA_FERMATA;regione;basilicata;2015;48.3
AVQ_BUS_ATTESA_FERMATA;regione;calabria;2015;32.1
AVQ_BUS_ATTESA_FERMATA;regione;campania;2015;17.8
AVQ_BUS_ATTESA_FERMATA;regione;emilia-romagna;2015;47.4
AVQ_BUS_ATTESA_FERMATA;regione;friuli-venezia-giulia;2015;56.7
AVQ_BUS_ATTESA_FERMATA;regione;lazio;2015;26.4
AVQ_BUS_ATTESA_FERMATA;regione;liguria;2015;35.2
AVQ_BUS_ATTESA_FERMATA;regione;lombardia;2015;47.4
AVQ_BUS_ATTESA_FERMATA;regione;marche;2015;54.6
AVQ_BUS_ATTESA_FERMATA;regione;molise;2015;34.5
AVQ_BUS_ATTESA_FERMATA;regione;piemonte;2015;51.5
AVQ_BUS_ATTESA_FERMATA;regione;puglia;2015;14.0
AVQ_BUS_ATTESA_FERMATA;regione;sardegna;2015;30.7
AVQ_BUS_ATTESA_FERMATA;regione;sicilia;2015;17.9
AVQ_BUS_ATTESA_FERMATA;regione;toscana;2015;38.6
AVQ_BUS_ATTESA_FERMATA;regione;trentino-alto-adige;2015;74.037744
AVQ_BUS_ATTESA_FERMATA;regione;umbria;2015;48.2
AVQ_BUS_ATTESA_FERMATA;regione;valle-d-aosta;2015;63.1
AVQ_BUS_ATTESA_FERMATA;regione;veneto;2015;48.6
AVQ_BUS_ATTESA_FERMATA;regione;abruzzo;2016;38.2
AVQ_BUS_ATTESA_FERMATA;regione;basilicata;2016;37.9
AVQ_BUS_ATTESA_FERMATA;regione;calabria;2016;26.7
AVQ_BUS_ATTESA_FERMATA;regione;campania;2016;13.6
AVQ_BUS_ATTESA_FERMATA;regione;emilia-romagna;2016;49.9
AVQ_BUS_ATTESA_FERMATA;regione;friuli-venezia-giulia;2016;49.6
AVQ_BUS_ATTESA_FERMATA;regione;lazio;2016;21.5
AVQ_BUS_ATTESA_FERMATA;regione;liguria;2016;29.5
AVQ_BUS_ATTESA_FERMATA;regione;lombardia;2016;46.0
AVQ_BUS_ATTESA_FERMATA;regione;marche;2016;39.3
AVQ_BUS_ATTESA_FERMATA;regione;molise;2016;41.1
AVQ_BUS_ATTESA_FERMATA;regione;piemonte;2016;46.6
AVQ_BUS_ATTESA_FERMATA;regione;puglia;2016;24.9
AVQ_BUS_ATTESA_FERMATA;regione;sardegna;2016;26.8
AVQ_BUS_ATTESA_FERMATA;regione;sicilia;2016;16.8
AVQ_BUS_ATTESA_FERMATA;regione;toscana;2016;37.6
AVQ_BUS_ATTESA_FERMATA;regione;trentino-alto-adige;2016;70.225021
AVQ_BUS_ATTESA_FERMATA;regione;umbria;2016;46.4
AVQ_BUS_ATTESA_FERMATA;regione;valle-d-aosta;2016;65.3
AVQ_BUS_ATTESA_FERMATA;regione;veneto;2016;46.7
AVQ_BUS_ATTESA_FERMATA;regione;abruzzo;2017;40.3
AVQ_BUS_ATTESA_FERMATA;regione;basilicata;2017;49.0
AVQ_BUS_ATTESA_FERMATA;regione;calabria;2017;28.3
AVQ_BUS_ATTESA_FERMATA;regione;campania;2017;15.8
AVQ_BUS_ATTESA_FERMATA;regione;emilia-romagna;2017;50.9
AVQ_BUS_ATTESA_FERMATA;regione;friuli-venezia-giulia;2017;51.0
AVQ_BUS_ATTESA_FERMATA;regione;lazio;2017;19.5
AVQ_BUS_ATTESA_FERMATA;regione;liguria;2017;31.4
AVQ_BUS_ATTESA_FERMATA;regione;lombardia;2017;50.0
AVQ_BUS_ATTESA_FERMATA;regione;marche;2017;44.4
AVQ_BUS_ATTESA_FERMATA;regione;molise;2017;41.1
AVQ_BUS_ATTESA_FERMATA;regione;piemonte;2017;47.0
AVQ_BUS_ATTESA_FERMATA;regione;puglia;2017;31.8
AVQ_BUS_ATTESA_FERMATA;regione;sardegna;2017;34.1
AVQ_BUS_ATTESA_FERMATA;regione;sicilia;2017;18.6
AVQ_BUS_ATTESA_FERMATA;regione;toscana;2017;36.4
AVQ_BUS_ATTESA_FERMATA;regione;trentino-alto-adige;2017;74.000426
AVQ_BUS_ATTESA_FERMATA;regione;umbria;2017;49.2
AVQ_BUS_ATTESA_FERMATA;regione;valle-d-aosta;2017;61.8
AVQ_BUS_ATTESA_FERMATA;regione;veneto;2017;46.8
AVQ_BUS_ATTESA_FERMATA;regione;abruzzo;2018;44.2
AVQ_BUS_ATTESA_FERMATA;regione;basilicata;2018;54.5
AVQ_BUS_ATTESA_FERMATA;regione;calabria;2018;36.0
AVQ_BUS_ATTESA_FERMATA;regione;campania;2018;16.9
AVQ_BUS_ATTESA_FERMATA;regione;emilia-romagna;2018;47.7
AVQ_BUS_ATTESA_FERMATA;regione;friuli-venezia-giulia;2018;54.9
AVQ_BUS_ATTESA_FERMATA;regione;lazio;2018;15.4
AVQ_BUS_ATTESA_FERMATA;regione;liguria;2018;35.7
AVQ_BUS_ATTESA_FERMATA;regione;lombardia;2018;49.9
AVQ_BUS_ATTESA_FERMATA;regione;marche;2018;48.2
AVQ_BUS_ATTESA_FERMATA;regione;molise;2018;40.0
AVQ_BUS_ATTESA_FERMATA;regione;piemonte;2018;39.3
AVQ_BUS_ATTESA_FERMATA;regione;puglia;2018;32.6
AVQ_BUS_ATTESA_FERMATA;regione;sardegna;2018;40.6
AVQ_BUS_ATTESA_FERMATA;regione;sicilia;2018;18.3
AVQ_BUS_ATTESA_FERMATA;regione;toscana;2018;37.2
AVQ_BUS_ATTESA_FERMATA;regione;trentino-alto-adige;2018;73.967719
AVQ_BUS_ATTESA_FERMATA;regione;umbria;2018;44.6
AVQ_BUS_ATTESA_FERMATA;regione;valle-d-aosta;2018;63.2
AVQ_BUS_ATTESA_FERMATA;regione;veneto;2018;52.7
AVQ_BUS_ATTESA_FERMATA;regione;abruzzo;2019;44.7
AVQ_BUS_ATTESA_FERMATA;regione;basilicata;2019;44.5
AVQ_BUS_ATTESA_FERMATA;regione;calabria;2019;34.2
AVQ_BUS_ATTESA_FERMATA;regione;campania;2019;17.7
AVQ_BUS_ATTESA_FERMATA;regione;emilia-romagna;2019;55.0
AVQ_BUS_ATTESA_FERMATA;regione;friuli-venezia-giulia;2019;59.8
AVQ_BUS_ATTESA_FERMATA;regione;lazio;2019;19.1
AVQ_BUS_ATTESA_FERMATA;regione;liguria;2019;34.2
AVQ_BUS_ATTESA_FERMATA;regione;lombardia;2019;48.4
AVQ_BUS_ATTESA_FERMATA;regione;marche;2019;53.6
AVQ_BUS_ATTESA_FERMATA;regione;molise;2019;44.1
AVQ_BUS_ATTESA_FERMATA;regione;piemonte;2019;43.8
AVQ_BUS_ATTESA_FERMATA;regione;puglia;2019;32.5
AVQ_BUS_ATTESA_FERMATA;regione;sardegna;2019;42.7
AVQ_BUS_ATTESA_FERMATA;regione;sicilia;2019;22.2
AVQ_BUS_ATTESA_FERMATA;regione;toscana;2019;44.1
AVQ_BUS_ATTESA_FERMATA;regione;trentino-alto-adige;2019;76.05269
AVQ_BUS_ATTESA_FERMATA;regione;umbria;2019;53.8
AVQ_BUS_ATTESA_FERMATA;regione;valle-d-aosta;2019;70.5
AVQ_BUS_ATTESA_FERMATA;regione;veneto;2019;55.0
AVQ_BUS_ATTESA_FERMATA;regione;abruzzo;2020;41.1
AVQ_BUS_ATTESA_FERMATA;regione;basilicata;2020;50.6
AVQ_BUS_ATTESA_FERMATA;regione;calabria;2020;37.7
AVQ_BUS_ATTESA_FERMATA;regione;campania;2020;15.9
AVQ_BUS_ATTESA_FERMATA;regione;emilia-romagna;2020;57.4
AVQ_BUS_ATTESA_FERMATA;regione;friuli-venezia-giulia;2020;64.1
AVQ_BUS_ATTESA_FERMATA;regione;lazio;2020;17.2
AVQ_BUS_ATTESA_FERMATA;regione;liguria;2020;43.8
AVQ_BUS_ATTESA_FERMATA;regione;lombardia;2020;53.9
AVQ_BUS_ATTESA_FERMATA;regione;marche;2020;57.2
AVQ_BUS_ATTESA_FERMATA;regione;molise;2020;45.4
AVQ_BUS_ATTESA_FERMATA;regione;piemonte;2020;49.6
AVQ_BUS_ATTESA_FERMATA;regione;puglia;2020;29.9
AVQ_BUS_ATTESA_FERMATA;regione;sardegna;2020;42.2
AVQ_BUS_ATTESA_FERMATA;regione;sicilia;2020;27.1
AVQ_BUS_ATTESA_FERMATA;regione;toscana;2020;36.4
AVQ_BUS_ATTESA_FERMATA;regione;trentino-alto-adige;2020;75.743467
AVQ_BUS_ATTESA_FERMATA;regione;umbria;2020;53.3
AVQ_BUS_ATTESA_FERMATA;regione;valle-d-aosta;2020;70.1
AVQ_BUS_ATTESA_FERMATA;regione;veneto;2020;53.9
AVQ_BUS_ATTESA_FERMATA;regione;abruzzo;2021;50.7
AVQ_BUS_ATTESA_FERMATA;regione;basilicata;2021;39.6
AVQ_BUS_ATTESA_FERMATA;regione;calabria;2021;37.6
AVQ_BUS_ATTESA_FERMATA;regione;campania;2021;16.2
AVQ_BUS_ATTESA_FERMATA;regione;emilia-romagna;2021;64.6
AVQ_BUS_ATTESA_FERMATA;regione;friuli-venezia-giulia;2021;61.6
AVQ_BUS_ATTESA_FERMATA;regione;lazio;2021;21.5
AVQ_BUS_ATTESA_FERMATA;regione;liguria;2021;45.0
AVQ_BUS_ATTESA_FERMATA;regione;lombardia;2021;53.3
AVQ_BUS_ATTESA_FERMATA;regione;marche;2021;50.4
AVQ_BUS_ATTESA_FERMATA;regione;molise;2021;43.4
AVQ_BUS_ATTESA_FERMATA;regione;piemonte;2021;47.2
AVQ_BUS_ATTESA_FERMATA;regione;puglia;2021;36.6
AVQ_BUS_ATTESA_FERMATA;regione;sardegna;2021;48.3
AVQ_BUS_ATTESA_FERMATA;regione;sicilia;2021;24.7
AVQ_BUS_ATTESA_FERMATA;regione;toscana;2021;49.1
AVQ_BUS_ATTESA_FERMATA;regione;trentino-alto-adige;2021;75.530401
AVQ_BUS_ATTESA_FERMATA;regione;umbria;2021;38.6
AVQ_BUS_ATTESA_FERMATA;regione;valle-d-aosta;2021;72.6
AVQ_BUS_ATTESA_FERMATA;regione;veneto;2021;53.1
AVQ_BUS_ATTESA_FERMATA;regione;abruzzo;2022;47.4
AVQ_BUS_ATTESA_FERMATA;regione;basilicata;2022;55.5
AVQ_BUS_ATTESA_FERMATA;regione;calabria;2022;38.9
AVQ_BUS_ATTESA_FERMATA;regione;campania;2022;27.3
AVQ_BUS_ATTESA_FERMATA;regione;emilia-romagna;2022;54.7
AVQ_BUS_ATTESA_FERMATA;regione;friuli-venezia-giulia;2022;58.1
AVQ_BUS_ATTESA_FERMATA;regione;lazio;2022;23.4
AVQ_BUS_ATTESA_FERMATA;regione;liguria;2022;42.8
AVQ_BUS_ATTESA_FERMATA;regione;lombardia;2022;54.9
AVQ_BUS_ATTESA_FERMATA;regione;marche;2022;44.9
AVQ_BUS_ATTESA_FERMATA;regione;molise;2022;47.4
AVQ_BUS_ATTESA_FERMATA;regione;piemonte;2022;45.8
AVQ_BUS_ATTESA_FERMATA;regione;puglia;2022;42.6
AVQ_BUS_ATTESA_FERMATA;regione;sardegna;2022;45.0
AVQ_BUS_ATTESA_FERMATA;regione;sicilia;2022;25.6
AVQ_BUS_ATTESA_FERMATA;regione;toscana;2022;46.2
AVQ_BUS_ATTESA_FERMATA;regione;trentino-alto-adige;2022;80.218872
AVQ_BUS_ATTESA_FERMATA;regione;umbria;2022;51.2
AVQ_BUS_ATTESA_FERMATA;regione;valle-d-aosta;2022;75.0
AVQ_BUS_ATTESA_FERMATA;regione;veneto;2022;59.6
AVQ_BUS_ATTESA_FERMATA;regione;abruzzo;2023;41.7
AVQ_BUS_ATTESA_FERMATA;regione;basilicata;2023;48.5
AVQ_BUS_ATTESA_FERMATA;regione;calabria;2023;46.2
AVQ_BUS_ATTESA_FERMATA;regione;campania;2023;31.2
AVQ_BUS_ATTESA_FERMATA;regione;emilia-romagna;2023;51.4
AVQ_BUS_ATTESA_FERMATA;regione;friuli-venezia-giulia;2023;64.5
AVQ_BUS_ATTESA_FERMATA;regione;lazio;2023;19.9
AVQ_BUS_ATTESA_FERMATA;regione;liguria;2023;48.7
AVQ_BUS_ATTESA_FERMATA;regione;lombardia;2023;54.3
AVQ_BUS_ATTESA_FERMATA;regione;marche;2023;57.4
AVQ_BUS_ATTESA_FERMATA;regione;molise;2023;41.6
AVQ_BUS_ATTESA_FERMATA;regione;piemonte;2023;43.9
AVQ_BUS_ATTESA_FERMATA;regione;puglia;2023;40.4
AVQ_BUS_ATTESA_FERMATA;regione;sardegna;2023;45.1
AVQ_BUS_ATTESA_FERMATA;regione;sicilia;2023;32.1
AVQ_BUS_ATTESA_FERMATA;regione;toscana;2023;46.6
AVQ_BUS_ATTESA_FERMATA;regione;trentino-alto-adige;2023;77.331938
AVQ_BUS_ATTESA_FERMATA;regione;umbria;2023;51.7
AVQ_BUS_ATTESA_FERMATA;regione;valle-d-aosta;2023;61.8
AVQ_BUS_ATTESA_FERMATA;regione;veneto;2023;55.3
AVQ_BUS_ATTESA_FERMATA;regione;abruzzo;2024;48.4
AVQ_BUS_ATTESA_FERMATA;regione;basilicata;2024;43.3
AVQ_BUS_ATTESA_FERMATA;regione;calabria;2024;46.4
AVQ_BUS_ATTESA_FERMATA;regione;campania;2024;29.0
AVQ_BUS_ATTESA_FERMATA;regione;emilia-romagna;2024;48.2
AVQ_BUS_ATTESA_FERMATA;regione;friuli-venezia-giulia;2024;62.1
AVQ_BUS_ATTESA_FERMATA;regione;lazio;2024;19.7
AVQ_BUS_ATTESA_FERMATA;regione;liguria;2024;42.4
AVQ_BUS_ATTESA_FERMATA;regione;lombardia;2024;48.2
AVQ_BUS_ATTESA_FERMATA;regione;marche;2024;52.3
AVQ_BUS_ATTESA_FERMATA;regione;molise;2024;52.8
AVQ_BUS_ATTESA_FERMATA;regione;piemonte;2024;50.0
AVQ_BUS_ATTESA_FERMATA;regione;puglia;2024;32.3
AVQ_BUS_ATTESA_FERMATA;regione;sardegna;2024;46.5
AVQ_BUS_ATTESA_FERMATA;regione;sicilia;2024;29.3
AVQ_BUS_ATTESA_FERMATA;regione;toscana;2024;41.9
AVQ_BUS_ATTESA_FERMATA;regione;trentino-alto-adige;2024;72.670025
AVQ_BUS_ATTESA_FERMATA;regione;umbria;2024;57.4
AVQ_BUS_ATTESA_FERMATA;regione;valle-d-aosta;2024;63.5
AVQ_BUS_ATTESA_FERMATA;regione;veneto;2024;53.4
AVQ_BUS_ATTESA_FERMATA;regione;abruzzo;2025;48.1
AVQ_BUS_ATTESA_FERMATA;regione;basilicata;2025;54.6
AVQ_BUS_ATTESA_FERMATA;regione;calabria;2025;45.3
AVQ_BUS_ATTESA_FERMATA;regione;campania;2025;35.4
AVQ_BUS_ATTESA_FERMATA;regione;emilia-romagna;2025;47.5
AVQ_BUS_ATTESA_FERMATA;regione;friuli-venezia-giulia;2025;58.9
AVQ_BUS_ATTESA_FERMATA;regione;lazio;2025;22.2
AVQ_BUS_ATTESA_FERMATA;regione;liguria;2025;38.3
AVQ_BUS_ATTESA_FERMATA;regione;lombardia;2025;47.5
AVQ_BUS_ATTESA_FERMATA;regione;marche;2025;55.1
AVQ_BUS_ATTESA_FERMATA;regione;molise;2025;51.7
AVQ_BUS_ATTESA_FERMATA;regione;piemonte;2025;38.9
AVQ_BUS_ATTESA_FERMATA;regione;puglia;2025;41.2
AVQ_BUS_ATTESA_FERMATA;regione;sardegna;2025;44.2
AVQ_BUS_ATTESA_FERMATA;regione;sicilia;2025;33.8
AVQ_BUS_ATTESA_FERMATA;regione;toscana;2025;40.8
AVQ_BUS_ATTESA_FERMATA;regione;trentino-alto-adige;2025;75.281554
AVQ_BUS_ATTESA_FERMATA;regione;umbria;2025;48.4
AVQ_BUS_ATTESA_FERMATA;regione;valle-d-aosta;2025;69.5
AVQ_BUS_ATTESA_FERMATA;regione;veneto;2025;55.6
AVQ_BUS_COMODITA_ORARI;regione;abruzzo;2001;69.2
AVQ_BUS_COMODITA_ORARI;regione;basilicata;2001;50.3
AVQ_BUS_COMODITA_ORARI;regione;calabria;2001;44.0
AVQ_BUS_COMODITA_ORARI;regione;campania;2001;40.0
AVQ_BUS_COMODITA_ORARI;regione;emilia-romagna;2001;74.3
AVQ_BUS_COMODITA_ORARI;regione;friuli-venezia-giulia;2001;63.4
AVQ_BUS_COMODITA_ORARI;regione;lazio;2001;45.8
AVQ_BUS_COMODITA_ORARI;regione;liguria;2001;59.3
AVQ_BUS_COMODITA_ORARI;regione;lombardia;2001;59.7
AVQ_BUS_COMODITA_ORARI;regione;marche;2001;63.9
AVQ_BUS_COMODITA_ORARI;regione;molise;2001;65.1
AVQ_BUS_COMODITA_ORARI;regione;piemonte;2001;63.5
AVQ_BUS_COMODITA_ORARI;regione;puglia;2001;36.1
AVQ_BUS_COMODITA_ORARI;regione;sardegna;2001;43.2
AVQ_BUS_COMODITA_ORARI;regione;sicilia;2001;33.0
AVQ_BUS_COMODITA_ORARI;regione;toscana;2001;54.6
AVQ_BUS_COMODITA_ORARI;regione;trentino-alto-adige;2001;81.13655
AVQ_BUS_COMODITA_ORARI;regione;umbria;2001;71.8
AVQ_BUS_COMODITA_ORARI;regione;valle-d-aosta;2001;69.2
AVQ_BUS_COMODITA_ORARI;regione;veneto;2001;64.3
AVQ_BUS_COMODITA_ORARI;regione;abruzzo;2002;62.4
AVQ_BUS_COMODITA_ORARI;regione;basilicata;2002;57.3
AVQ_BUS_COMODITA_ORARI;regione;calabria;2002;37.9
AVQ_BUS_COMODITA_ORARI;regione;campania;2002;39.3
AVQ_BUS_COMODITA_ORARI;regione;emilia-romagna;2002;73.6
AVQ_BUS_COMODITA_ORARI;regione;friuli-venezia-giulia;2002;72.5
AVQ_BUS_COMODITA_ORARI;regione;lazio;2002;48.4
AVQ_BUS_COMODITA_ORARI;regione;liguria;2002;63.4
AVQ_BUS_COMODITA_ORARI;regione;lombardia;2002;61.1
AVQ_BUS_COMODITA_ORARI;regione;marche;2002;76.1
AVQ_BUS_COMODITA_ORARI;regione;molise;2002;53.6
AVQ_BUS_COMODITA_ORARI;regione;piemonte;2002;58.3
AVQ_BUS_COMODITA_ORARI;regione;puglia;2002;34.7
AVQ_BUS_COMODITA_ORARI;regione;sardegna;2002;46.8
AVQ_BUS_COMODITA_ORARI;regione;sicilia;2002;30.7
AVQ_BUS_COMODITA_ORARI;regione;toscana;2002;53.9
AVQ_BUS_COMODITA_ORARI;regione;trentino-alto-adige;2002;77.561145
AVQ_BUS_COMODITA_ORARI;regione;umbria;2002;63.3
AVQ_BUS_COMODITA_ORARI;regione;valle-d-aosta;2002;84.5
AVQ_BUS_COMODITA_ORARI;regione;veneto;2002;64.5
AVQ_BUS_COMODITA_ORARI;regione;abruzzo;2003;64.8
AVQ_BUS_COMODITA_ORARI;regione;basilicata;2003;50.5
AVQ_BUS_COMODITA_ORARI;regione;calabria;2003;39.9
AVQ_BUS_COMODITA_ORARI;regione;campania;2003;35.2
AVQ_BUS_COMODITA_ORARI;regione;emilia-romagna;2003;75.0
AVQ_BUS_COMODITA_ORARI;regione;friuli-venezia-giulia;2003;66.6
AVQ_BUS_COMODITA_ORARI;regione;lazio;2003;46.8
AVQ_BUS_COMODITA_ORARI;regione;liguria;2003;58.8
AVQ_BUS_COMODITA_ORARI;regione;lombardia;2003;58.3
AVQ_BUS_COMODITA_ORARI;regione;marche;2003;63.6
AVQ_BUS_COMODITA_ORARI;regione;molise;2003;46.2
AVQ_BUS_COMODITA_ORARI;regione;piemonte;2003;61.7
AVQ_BUS_COMODITA_ORARI;regione;puglia;2003;40.2
AVQ_BUS_COMODITA_ORARI;regione;sardegna;2003;41.4
AVQ_BUS_COMODITA_ORARI;regione;sicilia;2003;22.5
AVQ_BUS_COMODITA_ORARI;regione;toscana;2003;57.3
AVQ_BUS_COMODITA_ORARI;regione;trentino-alto-adige;2003;78.461913
AVQ_BUS_COMODITA_ORARI;regione;umbria;2003;66.6
AVQ_BUS_COMODITA_ORARI;regione;valle-d-aosta;2003;65.4
AVQ_BUS_COMODITA_ORARI;regione;veneto;2003;65.0
AVQ_BUS_COMODITA_ORARI;regione;abruzzo;2005;59.3
AVQ_BUS_COMODITA_ORARI;regione;basilicata;2005;47.4
AVQ_BUS_COMODITA_ORARI;regione;calabria;2005;36.1
AVQ_BUS_COMODITA_ORARI;regione;campania;2005;33.6
AVQ_BUS_COMODITA_ORARI;regione;emilia-romagna;2005;72.3
AVQ_BUS_COMODITA_ORARI;regione;friuli-venezia-giulia;2005;65.5
AVQ_BUS_COMODITA_ORARI;regione;lazio;2005;37.6
AVQ_BUS_COMODITA_ORARI;regione;liguria;2005;52.9
AVQ_BUS_COMODITA_ORARI;regione;lombardia;2005;60.1
AVQ_BUS_COMODITA_ORARI;regione;marche;2005;67.3
AVQ_BUS_COMODITA_ORARI;regione;molise;2005;52.5
AVQ_BUS_COMODITA_ORARI;regione;piemonte;2005;61.3
AVQ_BUS_COMODITA_ORARI;regione;puglia;2005;35.9
AVQ_BUS_COMODITA_ORARI;regione;sardegna;2005;53.4
AVQ_BUS_COMODITA_ORARI;regione;sicilia;2005;35.1
AVQ_BUS_COMODITA_ORARI;regione;toscana;2005;53.8
AVQ_BUS_COMODITA_ORARI;regione;trentino-alto-adige;2005;75.220752
AVQ_BUS_COMODITA_ORARI;regione;umbria;2005;70.3
AVQ_BUS_COMODITA_ORARI;regione;valle-d-aosta;2005;66.9
AVQ_BUS_COMODITA_ORARI;regione;veneto;2005;58.9
AVQ_BUS_COMODITA_ORARI;regione;abruzzo;2006;65.9
AVQ_BUS_COMODITA_ORARI;regione;basilicata;2006;56.9
AVQ_BUS_COMODITA_ORARI;regione;calabria;2006;41.7
AVQ_BUS_COMODITA_ORARI;regione;campania;2006;33.5
AVQ_BUS_COMODITA_ORARI;regione;emilia-romagna;2006;72.7
AVQ_BUS_COMODITA_ORARI;regione;friuli-venezia-giulia;2006;62.4
AVQ_BUS_COMODITA_ORARI;regione;lazio;2006;39.2
AVQ_BUS_COMODITA_ORARI;regione;liguria;2006;57.5
AVQ_BUS_COMODITA_ORARI;regione;lombardia;2006;57.2
AVQ_BUS_COMODITA_ORARI;regione;marche;2006;65.0
AVQ_BUS_COMODITA_ORARI;regione;molise;2006;62.4
AVQ_BUS_COMODITA_ORARI;regione;piemonte;2006;64.1
AVQ_BUS_COMODITA_ORARI;regione;puglia;2006;37.5
AVQ_BUS_COMODITA_ORARI;regione;sardegna;2006;41.0
AVQ_BUS_COMODITA_ORARI;regione;sicilia;2006;29.3
AVQ_BUS_COMODITA_ORARI;regione;toscana;2006;56.6
AVQ_BUS_COMODITA_ORARI;regione;trentino-alto-adige;2006;77.850384
AVQ_BUS_COMODITA_ORARI;regione;umbria;2006;62.5
AVQ_BUS_COMODITA_ORARI;regione;valle-d-aosta;2006;65.2
AVQ_BUS_COMODITA_ORARI;regione;veneto;2006;60.3
AVQ_BUS_COMODITA_ORARI;regione;abruzzo;2007;59.7
AVQ_BUS_COMODITA_ORARI;regione;basilicata;2007;65.4
AVQ_BUS_COMODITA_ORARI;regione;calabria;2007;42.2
AVQ_BUS_COMODITA_ORARI;regione;campania;2007;48.2
AVQ_BUS_COMODITA_ORARI;regione;emilia-romagna;2007;71.6
AVQ_BUS_COMODITA_ORARI;regione;friuli-venezia-giulia;2007;67.7
AVQ_BUS_COMODITA_ORARI;regione;lazio;2007;48.1
AVQ_BUS_COMODITA_ORARI;regione;liguria;2007;49.0
AVQ_BUS_COMODITA_ORARI;regione;lombardia;2007;61.5
AVQ_BUS_COMODITA_ORARI;regione;marche;2007;71.4
AVQ_BUS_COMODITA_ORARI;regione;molise;2007;62.7
AVQ_BUS_COMODITA_ORARI;regione;piemonte;2007;63.0
AVQ_BUS_COMODITA_ORARI;regione;puglia;2007;40.5
AVQ_BUS_COMODITA_ORARI;regione;sardegna;2007;46.0
AVQ_BUS_COMODITA_ORARI;regione;sicilia;2007;34.1
AVQ_BUS_COMODITA_ORARI;regione;toscana;2007;56.0
AVQ_BUS_COMODITA_ORARI;regione;trentino-alto-adige;2007;76.895388
AVQ_BUS_COMODITA_ORARI;regione;umbria;2007;65.3
AVQ_BUS_COMODITA_ORARI;regione;valle-d-aosta;2007;73.9
AVQ_BUS_COMODITA_ORARI;regione;veneto;2007;62.3
AVQ_BUS_COMODITA_ORARI;regione;abruzzo;2008;59.2
AVQ_BUS_COMODITA_ORARI;regione;basilicata;2008;63.2
AVQ_BUS_COMODITA_ORARI;regione;calabria;2008;44.4
AVQ_BUS_COMODITA_ORARI;regione;campania;2008;35.8
AVQ_BUS_COMODITA_ORARI;regione;emilia-romagna;2008;70.2
AVQ_BUS_COMODITA_ORARI;regione;friuli-venezia-giulia;2008;67.2
AVQ_BUS_COMODITA_ORARI;regione;lazio;2008;44.5
AVQ_BUS_COMODITA_ORARI;regione;liguria;2008;55.6
AVQ_BUS_COMODITA_ORARI;regione;lombardia;2008;58.7
AVQ_BUS_COMODITA_ORARI;regione;marche;2008;64.7
AVQ_BUS_COMODITA_ORARI;regione;molise;2008;50.2
AVQ_BUS_COMODITA_ORARI;regione;piemonte;2008;61.7
AVQ_BUS_COMODITA_ORARI;regione;puglia;2008;35.8
AVQ_BUS_COMODITA_ORARI;regione;sardegna;2008;53.4
AVQ_BUS_COMODITA_ORARI;regione;sicilia;2008;27.4
AVQ_BUS_COMODITA_ORARI;regione;toscana;2008;56.6
AVQ_BUS_COMODITA_ORARI;regione;trentino-alto-adige;2008;76.621946
AVQ_BUS_COMODITA_ORARI;regione;umbria;2008;63.9
AVQ_BUS_COMODITA_ORARI;regione;valle-d-aosta;2008;70.1
AVQ_BUS_COMODITA_ORARI;regione;veneto;2008;58.9
AVQ_BUS_COMODITA_ORARI;regione;abruzzo;2009;63.8
AVQ_BUS_COMODITA_ORARI;regione;basilicata;2009;71.0
AVQ_BUS_COMODITA_ORARI;regione;calabria;2009;50.5
AVQ_BUS_COMODITA_ORARI;regione;campania;2009;39.9
AVQ_BUS_COMODITA_ORARI;regione;emilia-romagna;2009;73.8
AVQ_BUS_COMODITA_ORARI;regione;friuli-venezia-giulia;2009;76.8
AVQ_BUS_COMODITA_ORARI;regione;lazio;2009;48.8
AVQ_BUS_COMODITA_ORARI;regione;liguria;2009;60.9
AVQ_BUS_COMODITA_ORARI;regione;lombardia;2009;60.6
AVQ_BUS_COMODITA_ORARI;regione;marche;2009;67.5
AVQ_BUS_COMODITA_ORARI;regione;molise;2009;59.5
AVQ_BUS_COMODITA_ORARI;regione;piemonte;2009;63.1
AVQ_BUS_COMODITA_ORARI;regione;puglia;2009;42.4
AVQ_BUS_COMODITA_ORARI;regione;sardegna;2009;53.4
AVQ_BUS_COMODITA_ORARI;regione;sicilia;2009;28.6
AVQ_BUS_COMODITA_ORARI;regione;toscana;2009;58.7
AVQ_BUS_COMODITA_ORARI;regione;trentino-alto-adige;2009;79.919983
AVQ_BUS_COMODITA_ORARI;regione;umbria;2009;56.1
AVQ_BUS_COMODITA_ORARI;regione;valle-d-aosta;2009;75.5
AVQ_BUS_COMODITA_ORARI;regione;veneto;2009;68.2
AVQ_BUS_COMODITA_ORARI;regione;abruzzo;2010;61.1
AVQ_BUS_COMODITA_ORARI;regione;basilicata;2010;58.3
AVQ_BUS_COMODITA_ORARI;regione;calabria;2010;38.2
AVQ_BUS_COMODITA_ORARI;regione;campania;2010;35.1
AVQ_BUS_COMODITA_ORARI;regione;emilia-romagna;2010;74.2
AVQ_BUS_COMODITA_ORARI;regione;friuli-venezia-giulia;2010;77.0
AVQ_BUS_COMODITA_ORARI;regione;lazio;2010;51.0
AVQ_BUS_COMODITA_ORARI;regione;liguria;2010;58.9
AVQ_BUS_COMODITA_ORARI;regione;lombardia;2010;58.6
AVQ_BUS_COMODITA_ORARI;regione;marche;2010;68.4
AVQ_BUS_COMODITA_ORARI;regione;molise;2010;62.4
AVQ_BUS_COMODITA_ORARI;regione;piemonte;2010;64.4
AVQ_BUS_COMODITA_ORARI;regione;puglia;2010;58.2
AVQ_BUS_COMODITA_ORARI;regione;sardegna;2010;50.0
AVQ_BUS_COMODITA_ORARI;regione;sicilia;2010;25.8
AVQ_BUS_COMODITA_ORARI;regione;toscana;2010;57.6
AVQ_BUS_COMODITA_ORARI;regione;trentino-alto-adige;2010;83.220752
AVQ_BUS_COMODITA_ORARI;regione;umbria;2010;59.6
AVQ_BUS_COMODITA_ORARI;regione;valle-d-aosta;2010;75.3
AVQ_BUS_COMODITA_ORARI;regione;veneto;2010;69.4
AVQ_BUS_COMODITA_ORARI;regione;abruzzo;2011;59.3
AVQ_BUS_COMODITA_ORARI;regione;basilicata;2011;63.1
AVQ_BUS_COMODITA_ORARI;regione;calabria;2011;44.3
AVQ_BUS_COMODITA_ORARI;regione;campania;2011;27.9
AVQ_BUS_COMODITA_ORARI;regione;emilia-romagna;2011;72.1
AVQ_BUS_COMODITA_ORARI;regione;friuli-venezia-giulia;2011;71.1
AVQ_BUS_COMODITA_ORARI;regione;lazio;2011;44.5
AVQ_BUS_COMODITA_ORARI;regione;liguria;2011;54.7
AVQ_BUS_COMODITA_ORARI;regione;lombardia;2011;63.2
AVQ_BUS_COMODITA_ORARI;regione;marche;2011;68.5
AVQ_BUS_COMODITA_ORARI;regione;molise;2011;61.8
AVQ_BUS_COMODITA_ORARI;regione;piemonte;2011;63.5
AVQ_BUS_COMODITA_ORARI;regione;puglia;2011;50.7
AVQ_BUS_COMODITA_ORARI;regione;sardegna;2011;58.8
AVQ_BUS_COMODITA_ORARI;regione;sicilia;2011;28.1
AVQ_BUS_COMODITA_ORARI;regione;toscana;2011;56.4
AVQ_BUS_COMODITA_ORARI;regione;trentino-alto-adige;2011;76.617335
AVQ_BUS_COMODITA_ORARI;regione;umbria;2011;54.4
AVQ_BUS_COMODITA_ORARI;regione;valle-d-aosta;2011;66.1
AVQ_BUS_COMODITA_ORARI;regione;veneto;2011;71.0
AVQ_BUS_COMODITA_ORARI;regione;abruzzo;2012;59.0
AVQ_BUS_COMODITA_ORARI;regione;basilicata;2012;62.5
AVQ_BUS_COMODITA_ORARI;regione;calabria;2012;40.5
AVQ_BUS_COMODITA_ORARI;regione;campania;2012;30.2
AVQ_BUS_COMODITA_ORARI;regione;emilia-romagna;2012;72.2
AVQ_BUS_COMODITA_ORARI;regione;friuli-venezia-giulia;2012;77.9
AVQ_BUS_COMODITA_ORARI;regione;lazio;2012;45.0
AVQ_BUS_COMODITA_ORARI;regione;liguria;2012;58.2
AVQ_BUS_COMODITA_ORARI;regione;lombardia;2012;67.8
AVQ_BUS_COMODITA_ORARI;regione;marche;2012;64.6
AVQ_BUS_COMODITA_ORARI;regione;molise;2012;57.8
AVQ_BUS_COMODITA_ORARI;regione;piemonte;2012;68.8
AVQ_BUS_COMODITA_ORARI;regione;puglia;2012;49.3
AVQ_BUS_COMODITA_ORARI;regione;sardegna;2012;58.6
AVQ_BUS_COMODITA_ORARI;regione;sicilia;2012;28.4
AVQ_BUS_COMODITA_ORARI;regione;toscana;2012;59.3
AVQ_BUS_COMODITA_ORARI;regione;trentino-alto-adige;2012;77.608112
AVQ_BUS_COMODITA_ORARI;regione;umbria;2012;61.8
AVQ_BUS_COMODITA_ORARI;regione;valle-d-aosta;2012;70.1
AVQ_BUS_COMODITA_ORARI;regione;veneto;2012;68.9
AVQ_BUS_COMODITA_ORARI;regione;abruzzo;2013;60.6
AVQ_BUS_COMODITA_ORARI;regione;basilicata;2013;48.3
AVQ_BUS_COMODITA_ORARI;regione;calabria;2013;42.3
AVQ_BUS_COMODITA_ORARI;regione;campania;2013;16.5
AVQ_BUS_COMODITA_ORARI;regione;emilia-romagna;2013;73.8
AVQ_BUS_COMODITA_ORARI;regione;friuli-venezia-giulia;2013;69.4
AVQ_BUS_COMODITA_ORARI;regione;lazio;2013;40.7
AVQ_BUS_COMODITA_ORARI;regione;liguria;2013;52.5
AVQ_BUS_COMODITA_ORARI;regione;lombardia;2013;63.7
AVQ_BUS_COMODITA_ORARI;regione;marche;2013;61.0
AVQ_BUS_COMODITA_ORARI;regione;molise;2013;62.4
AVQ_BUS_COMODITA_ORARI;regione;piemonte;2013;69.0
AVQ_BUS_COMODITA_ORARI;regione;puglia;2013;37.8
AVQ_BUS_COMODITA_ORARI;regione;sardegna;2013;59.3
AVQ_BUS_COMODITA_ORARI;regione;sicilia;2013;24.5
AVQ_BUS_COMODITA_ORARI;regione;toscana;2013;58.8
AVQ_BUS_COMODITA_ORARI;regione;trentino-alto-adige;2013;81.135013
AVQ_BUS_COMODITA_ORARI;regione;umbria;2013;63.5
AVQ_BUS_COMODITA_ORARI;regione;valle-d-aosta;2013;72.8
AVQ_BUS_COMODITA_ORARI;regione;veneto;2013;59.3
AVQ_BUS_COMODITA_ORARI;regione;abruzzo;2014;61.7
AVQ_BUS_COMODITA_ORARI;regione;basilicata;2014;56.6
AVQ_BUS_COMODITA_ORARI;regione;calabria;2014;37.6
AVQ_BUS_COMODITA_ORARI;regione;campania;2014;25.1
AVQ_BUS_COMODITA_ORARI;regione;emilia-romagna;2014;68.6
AVQ_BUS_COMODITA_ORARI;regione;friuli-venezia-giulia;2014;69.7
AVQ_BUS_COMODITA_ORARI;regione;lazio;2014;41.9
AVQ_BUS_COMODITA_ORARI;regione;liguria;2014;52.8
AVQ_BUS_COMODITA_ORARI;regione;lombardia;2014;69.1
AVQ_BUS_COMODITA_ORARI;regione;marche;2014;60.2
AVQ_BUS_COMODITA_ORARI;regione;molise;2014;70.1
AVQ_BUS_COMODITA_ORARI;regione;piemonte;2014;60.1
AVQ_BUS_COMODITA_ORARI;regione;puglia;2014;44.4
AVQ_BUS_COMODITA_ORARI;regione;sardegna;2014;53.3
AVQ_BUS_COMODITA_ORARI;regione;sicilia;2014;27.1
AVQ_BUS_COMODITA_ORARI;regione;toscana;2014;59.2
AVQ_BUS_COMODITA_ORARI;regione;trentino-alto-adige;2014;83.054996
AVQ_BUS_COMODITA_ORARI;regione;umbria;2014;64.4
AVQ_BUS_COMODITA_ORARI;regione;valle-d-aosta;2014;71.2
AVQ_BUS_COMODITA_ORARI;regione;veneto;2014;60.8
AVQ_BUS_COMODITA_ORARI;regione;abruzzo;2015;54.1
AVQ_BUS_COMODITA_ORARI;regione;basilicata;2015;63.8
AVQ_BUS_COMODITA_ORARI;regione;calabria;2015;39.5
AVQ_BUS_COMODITA_ORARI;regione;campania;2015;22.0
AVQ_BUS_COMODITA_ORARI;regione;emilia-romagna;2015;72.4
AVQ_BUS_COMODITA_ORARI;regione;friuli-venezia-giulia;2015;77.6
AVQ_BUS_COMODITA_ORARI;regione;lazio;2015;40.5
AVQ_BUS_COMODITA_ORARI;regione;liguria;2015;53.1
AVQ_BUS_COMODITA_ORARI;regione;lombardia;2015;67.2
AVQ_BUS_COMODITA_ORARI;regione;marche;2015;69.7
AVQ_BUS_COMODITA_ORARI;regione;molise;2015;54.4
AVQ_BUS_COMODITA_ORARI;regione;piemonte;2015;61.2
AVQ_BUS_COMODITA_ORARI;regione;puglia;2015;40.2
AVQ_BUS_COMODITA_ORARI;regione;sardegna;2015;61.5
AVQ_BUS_COMODITA_ORARI;regione;sicilia;2015;29.1
AVQ_BUS_COMODITA_ORARI;regione;toscana;2015;59.1
AVQ_BUS_COMODITA_ORARI;regione;trentino-alto-adige;2015;81.471562
AVQ_BUS_COMODITA_ORARI;regione;umbria;2015;63.0
AVQ_BUS_COMODITA_ORARI;regione;valle-d-aosta;2015;71.3
AVQ_BUS_COMODITA_ORARI;regione;veneto;2015;61.9
AVQ_BUS_COMODITA_ORARI;regione;abruzzo;2016;59.4
AVQ_BUS_COMODITA_ORARI;regione;basilicata;2016;58.7
AVQ_BUS_COMODITA_ORARI;regione;calabria;2016;42.4
AVQ_BUS_COMODITA_ORARI;regione;campania;2016;17.6
AVQ_BUS_COMODITA_ORARI;regione;emilia-romagna;2016;68.5
AVQ_BUS_COMODITA_ORARI;regione;friuli-venezia-giulia;2016;72.7
AVQ_BUS_COMODITA_ORARI;regione;lazio;2016;36.0
AVQ_BUS_COMODITA_ORARI;regione;liguria;2016;49.1
AVQ_BUS_COMODITA_ORARI;regione;lombardia;2016;65.0
AVQ_BUS_COMODITA_ORARI;regione;marche;2016;55.7
AVQ_BUS_COMODITA_ORARI;regione;molise;2016;57.8
AVQ_BUS_COMODITA_ORARI;regione;piemonte;2016;60.1
AVQ_BUS_COMODITA_ORARI;regione;puglia;2016;46.7
AVQ_BUS_COMODITA_ORARI;regione;sardegna;2016;52.8
AVQ_BUS_COMODITA_ORARI;regione;sicilia;2016;27.8
AVQ_BUS_COMODITA_ORARI;regione;toscana;2016;54.9
AVQ_BUS_COMODITA_ORARI;regione;trentino-alto-adige;2016;81.084628
AVQ_BUS_COMODITA_ORARI;regione;umbria;2016;61.2
AVQ_BUS_COMODITA_ORARI;regione;valle-d-aosta;2016;69.7
AVQ_BUS_COMODITA_ORARI;regione;veneto;2016;65.3
AVQ_BUS_COMODITA_ORARI;regione;abruzzo;2017;59.4
AVQ_BUS_COMODITA_ORARI;regione;basilicata;2017;59.1
AVQ_BUS_COMODITA_ORARI;regione;calabria;2017;47.9
AVQ_BUS_COMODITA_ORARI;regione;campania;2017;23.7
AVQ_BUS_COMODITA_ORARI;regione;emilia-romagna;2017;70.4
AVQ_BUS_COMODITA_ORARI;regione;friuli-venezia-giulia;2017;75.1
AVQ_BUS_COMODITA_ORARI;regione;lazio;2017;31.2
AVQ_BUS_COMODITA_ORARI;regione;liguria;2017;51.9
AVQ_BUS_COMODITA_ORARI;regione;lombardia;2017;66.7
AVQ_BUS_COMODITA_ORARI;regione;marche;2017;58.1
AVQ_BUS_COMODITA_ORARI;regione;molise;2017;48.6
AVQ_BUS_COMODITA_ORARI;regione;piemonte;2017;58.0
AVQ_BUS_COMODITA_ORARI;regione;puglia;2017;47.4
AVQ_BUS_COMODITA_ORARI;regione;sardegna;2017;57.4
AVQ_BUS_COMODITA_ORARI;regione;sicilia;2017;38.5
AVQ_BUS_COMODITA_ORARI;regione;toscana;2017;56.9
AVQ_BUS_COMODITA_ORARI;regione;trentino-alto-adige;2017;83.897352
AVQ_BUS_COMODITA_ORARI;regione;umbria;2017;59.5
AVQ_BUS_COMODITA_ORARI;regione;valle-d-aosta;2017;67.4
AVQ_BUS_COMODITA_ORARI;regione;veneto;2017;61.9
AVQ_BUS_COMODITA_ORARI;regione;abruzzo;2018;62.3
AVQ_BUS_COMODITA_ORARI;regione;basilicata;2018;59.9
AVQ_BUS_COMODITA_ORARI;regione;calabria;2018;52.1
AVQ_BUS_COMODITA_ORARI;regione;campania;2018;20.9
AVQ_BUS_COMODITA_ORARI;regione;emilia-romagna;2018;69.4
AVQ_BUS_COMODITA_ORARI;regione;friuli-venezia-giulia;2018;76.5
AVQ_BUS_COMODITA_ORARI;regione;lazio;2018;34.4
AVQ_BUS_COMODITA_ORARI;regione;liguria;2018;56.5
AVQ_BUS_COMODITA_ORARI;regione;lombardia;2018;70.1
AVQ_BUS_COMODITA_ORARI;regione;marche;2018;71.3
AVQ_BUS_COMODITA_ORARI;regione;molise;2018;51.8
AVQ_BUS_COMODITA_ORARI;regione;piemonte;2018;59.0
AVQ_BUS_COMODITA_ORARI;regione;puglia;2018;50.5
AVQ_BUS_COMODITA_ORARI;regione;sardegna;2018;65.1
AVQ_BUS_COMODITA_ORARI;regione;sicilia;2018;31.8
AVQ_BUS_COMODITA_ORARI;regione;toscana;2018;56.6
AVQ_BUS_COMODITA_ORARI;regione;trentino-alto-adige;2018;80.637318
AVQ_BUS_COMODITA_ORARI;regione;umbria;2018;61.9
AVQ_BUS_COMODITA_ORARI;regione;valle-d-aosta;2018;63.0
AVQ_BUS_COMODITA_ORARI;regione;veneto;2018;65.6
AVQ_BUS_COMODITA_ORARI;regione;abruzzo;2019;59.0
AVQ_BUS_COMODITA_ORARI;regione;basilicata;2019;52.7
AVQ_BUS_COMODITA_ORARI;regione;calabria;2019;38.7
AVQ_BUS_COMODITA_ORARI;regione;campania;2019;28.6
AVQ_BUS_COMODITA_ORARI;regione;emilia-romagna;2019;70.8
AVQ_BUS_COMODITA_ORARI;regione;friuli-venezia-giulia;2019;77.3
AVQ_BUS_COMODITA_ORARI;regione;lazio;2019;35.0
AVQ_BUS_COMODITA_ORARI;regione;liguria;2019;57.5
AVQ_BUS_COMODITA_ORARI;regione;lombardia;2019;67.2
AVQ_BUS_COMODITA_ORARI;regione;marche;2019;68.6
AVQ_BUS_COMODITA_ORARI;regione;molise;2019;58.3
AVQ_BUS_COMODITA_ORARI;regione;piemonte;2019;58.7
AVQ_BUS_COMODITA_ORARI;regione;puglia;2019;51.2
AVQ_BUS_COMODITA_ORARI;regione;sardegna;2019;62.3
AVQ_BUS_COMODITA_ORARI;regione;sicilia;2019;36.8
AVQ_BUS_COMODITA_ORARI;regione;toscana;2019;61.6
AVQ_BUS_COMODITA_ORARI;regione;trentino-alto-adige;2019;78.129632
AVQ_BUS_COMODITA_ORARI;regione;umbria;2019;60.1
AVQ_BUS_COMODITA_ORARI;regione;valle-d-aosta;2019;68.2
AVQ_BUS_COMODITA_ORARI;regione;veneto;2019;70.1
AVQ_BUS_COMODITA_ORARI;regione;abruzzo;2020;57.5
AVQ_BUS_COMODITA_ORARI;regione;basilicata;2020;58.8
AVQ_BUS_COMODITA_ORARI;regione;calabria;2020;45.0
AVQ_BUS_COMODITA_ORARI;regione;campania;2020;24.3
AVQ_BUS_COMODITA_ORARI;regione;emilia-romagna;2020;76.5
AVQ_BUS_COMODITA_ORARI;regione;friuli-venezia-giulia;2020;74.1
AVQ_BUS_COMODITA_ORARI;regione;lazio;2020;37.8
AVQ_BUS_COMODITA_ORARI;regione;liguria;2020;67.1
AVQ_BUS_COMODITA_ORARI;regione;lombardia;2020;73.2
AVQ_BUS_COMODITA_ORARI;regione;marche;2020;69.5
AVQ_BUS_COMODITA_ORARI;regione;molise;2020;47.3
AVQ_BUS_COMODITA_ORARI;regione;piemonte;2020;59.4
AVQ_BUS_COMODITA_ORARI;regione;puglia;2020;47.2
AVQ_BUS_COMODITA_ORARI;regione;sardegna;2020;68.4
AVQ_BUS_COMODITA_ORARI;regione;sicilia;2020;44.3
AVQ_BUS_COMODITA_ORARI;regione;toscana;2020;61.2
AVQ_BUS_COMODITA_ORARI;regione;trentino-alto-adige;2020;83.219215
AVQ_BUS_COMODITA_ORARI;regione;umbria;2020;62.7
AVQ_BUS_COMODITA_ORARI;regione;valle-d-aosta;2020;76.6
AVQ_BUS_COMODITA_ORARI;regione;veneto;2020;70.5
AVQ_BUS_COMODITA_ORARI;regione;abruzzo;2021;63.6
AVQ_BUS_COMODITA_ORARI;regione;basilicata;2021;56.6
AVQ_BUS_COMODITA_ORARI;regione;calabria;2021;50.3
AVQ_BUS_COMODITA_ORARI;regione;campania;2021;26.2
AVQ_BUS_COMODITA_ORARI;regione;emilia-romagna;2021;77.2
AVQ_BUS_COMODITA_ORARI;regione;friuli-venezia-giulia;2021;81.9
AVQ_BUS_COMODITA_ORARI;regione;lazio;2021;39.7
AVQ_BUS_COMODITA_ORARI;regione;liguria;2021;66.0
AVQ_BUS_COMODITA_ORARI;regione;lombardia;2021;68.5
AVQ_BUS_COMODITA_ORARI;regione;marche;2021;64.4
AVQ_BUS_COMODITA_ORARI;regione;molise;2021;56.7
AVQ_BUS_COMODITA_ORARI;regione;piemonte;2021;57.6
AVQ_BUS_COMODITA_ORARI;regione;puglia;2021;52.9
AVQ_BUS_COMODITA_ORARI;regione;sardegna;2021;62.7
AVQ_BUS_COMODITA_ORARI;regione;sicilia;2021;36.8
AVQ_BUS_COMODITA_ORARI;regione;toscana;2021;65.8
AVQ_BUS_COMODITA_ORARI;regione;trentino-alto-adige;2021;79.211955
AVQ_BUS_COMODITA_ORARI;regione;umbria;2021;50.0
AVQ_BUS_COMODITA_ORARI;regione;valle-d-aosta;2021;77.7
AVQ_BUS_COMODITA_ORARI;regione;veneto;2021;61.6
AVQ_BUS_COMODITA_ORARI;regione;abruzzo;2022;61.2
AVQ_BUS_COMODITA_ORARI;regione;basilicata;2022;64.0
AVQ_BUS_COMODITA_ORARI;regione;calabria;2022;42.9
AVQ_BUS_COMODITA_ORARI;regione;campania;2022;32.3
AVQ_BUS_COMODITA_ORARI;regione;emilia-romagna;2022;72.0
AVQ_BUS_COMODITA_ORARI;regione;friuli-venezia-giulia;2022;76.2
AVQ_BUS_COMODITA_ORARI;regione;lazio;2022;40.6
AVQ_BUS_COMODITA_ORARI;regione;liguria;2022;64.3
AVQ_BUS_COMODITA_ORARI;regione;lombardia;2022;72.8
AVQ_BUS_COMODITA_ORARI;regione;marche;2022;63.4
AVQ_BUS_COMODITA_ORARI;regione;molise;2022;57.9
AVQ_BUS_COMODITA_ORARI;regione;piemonte;2022;61.6
AVQ_BUS_COMODITA_ORARI;regione;puglia;2022;61.3
AVQ_BUS_COMODITA_ORARI;regione;sardegna;2022;67.0
AVQ_BUS_COMODITA_ORARI;regione;sicilia;2022;36.0
AVQ_BUS_COMODITA_ORARI;regione;toscana;2022;62.6
AVQ_BUS_COMODITA_ORARI;regione;trentino-alto-adige;2022;81.54543
AVQ_BUS_COMODITA_ORARI;regione;umbria;2022;64.2
AVQ_BUS_COMODITA_ORARI;regione;valle-d-aosta;2022;74.8
AVQ_BUS_COMODITA_ORARI;regione;veneto;2022;70.6
AVQ_BUS_COMODITA_ORARI;regione;abruzzo;2023;58.3
AVQ_BUS_COMODITA_ORARI;regione;basilicata;2023;69.6
AVQ_BUS_COMODITA_ORARI;regione;calabria;2023;62.7
AVQ_BUS_COMODITA_ORARI;regione;campania;2023;38.1
AVQ_BUS_COMODITA_ORARI;regione;emilia-romagna;2023;72.4
AVQ_BUS_COMODITA_ORARI;regione;friuli-venezia-giulia;2023;76.9
AVQ_BUS_COMODITA_ORARI;regione;lazio;2023;39.1
AVQ_BUS_COMODITA_ORARI;regione;liguria;2023;69.4
AVQ_BUS_COMODITA_ORARI;regione;lombardia;2023;67.7
AVQ_BUS_COMODITA_ORARI;regione;marche;2023;68.2
AVQ_BUS_COMODITA_ORARI;regione;molise;2023;57.6
AVQ_BUS_COMODITA_ORARI;regione;piemonte;2023;59.4
AVQ_BUS_COMODITA_ORARI;regione;puglia;2023;52.2
AVQ_BUS_COMODITA_ORARI;regione;sardegna;2023;67.9
AVQ_BUS_COMODITA_ORARI;regione;sicilia;2023;45.3
AVQ_BUS_COMODITA_ORARI;regione;toscana;2023;63.1
AVQ_BUS_COMODITA_ORARI;regione;trentino-alto-adige;2023;77.295046
AVQ_BUS_COMODITA_ORARI;regione;umbria;2023;55.3
AVQ_BUS_COMODITA_ORARI;regione;valle-d-aosta;2023;69.8
AVQ_BUS_COMODITA_ORARI;regione;veneto;2023;66.9
AVQ_BUS_COMODITA_ORARI;regione;abruzzo;2024;58.9
AVQ_BUS_COMODITA_ORARI;regione;basilicata;2024;55.2
AVQ_BUS_COMODITA_ORARI;regione;calabria;2024;48.6
AVQ_BUS_COMODITA_ORARI;regione;campania;2024;37.7
AVQ_BUS_COMODITA_ORARI;regione;emilia-romagna;2024;59.1
AVQ_BUS_COMODITA_ORARI;regione;friuli-venezia-giulia;2024;77.8
AVQ_BUS_COMODITA_ORARI;regione;lazio;2024;35.4
AVQ_BUS_COMODITA_ORARI;regione;liguria;2024;66.1
AVQ_BUS_COMODITA_ORARI;regione;lombardia;2024;64.1
AVQ_BUS_COMODITA_ORARI;regione;marche;2024;68.9
AVQ_BUS_COMODITA_ORARI;regione;molise;2024;56.3
AVQ_BUS_COMODITA_ORARI;regione;piemonte;2024;57.8
AVQ_BUS_COMODITA_ORARI;regione;puglia;2024;49.8
AVQ_BUS_COMODITA_ORARI;regione;sardegna;2024;65.2
AVQ_BUS_COMODITA_ORARI;regione;sicilia;2024;39.5
AVQ_BUS_COMODITA_ORARI;regione;toscana;2024;56.9
AVQ_BUS_COMODITA_ORARI;regione;trentino-alto-adige;2024;79.033475
AVQ_BUS_COMODITA_ORARI;regione;umbria;2024;60.7
AVQ_BUS_COMODITA_ORARI;regione;valle-d-aosta;2024;66.3
AVQ_BUS_COMODITA_ORARI;regione;veneto;2024;67.0
AVQ_BUS_COMODITA_ORARI;regione;abruzzo;2025;61.6
AVQ_BUS_COMODITA_ORARI;regione;basilicata;2025;64.8
AVQ_BUS_COMODITA_ORARI;regione;calabria;2025;58.4
AVQ_BUS_COMODITA_ORARI;regione;campania;2025;44.3
AVQ_BUS_COMODITA_ORARI;regione;emilia-romagna;2025;68.0
AVQ_BUS_COMODITA_ORARI;regione;friuli-venezia-giulia;2025;76.6
AVQ_BUS_COMODITA_ORARI;regione;lazio;2025;35.0
AVQ_BUS_COMODITA_ORARI;regione;liguria;2025;61.9
AVQ_BUS_COMODITA_ORARI;regione;lombardia;2025;62.4
AVQ_BUS_COMODITA_ORARI;regione;marche;2025;63.6
AVQ_BUS_COMODITA_ORARI;regione;molise;2025;63.3
AVQ_BUS_COMODITA_ORARI;regione;piemonte;2025;46.9
AVQ_BUS_COMODITA_ORARI;regione;puglia;2025;52.7
AVQ_BUS_COMODITA_ORARI;regione;sardegna;2025;69.0
AVQ_BUS_COMODITA_ORARI;regione;sicilia;2025;42.5
AVQ_BUS_COMODITA_ORARI;regione;toscana;2025;58.7
AVQ_BUS_COMODITA_ORARI;regione;trentino-alto-adige;2025;78.460033
AVQ_BUS_COMODITA_ORARI;regione;umbria;2025;52.2
AVQ_BUS_COMODITA_ORARI;regione;valle-d-aosta;2025;66.6
AVQ_BUS_COMODITA_ORARI;regione;veneto;2025;62.3
AVQ_LAVORO_AUTO_PRIVATA;regione;abruzzo;2001;73.8
AVQ_LAVORO_AUTO_PRIVATA;regione;basilicata;2001;65.2
AVQ_LAVORO_AUTO_PRIVATA;regione;calabria;2001;69.0
AVQ_LAVORO_AUTO_PRIVATA;regione;campania;2001;60.9
AVQ_LAVORO_AUTO_PRIVATA;regione;emilia-romagna;2001;76.0
AVQ_LAVORO_AUTO_PRIVATA;regione;friuli-venezia-giulia;2001;73.6
AVQ_LAVORO_AUTO_PRIVATA;regione;lazio;2001;64.1
AVQ_LAVORO_AUTO_PRIVATA;regione;liguria;2001;46.3
AVQ_LAVORO_AUTO_PRIVATA;regione;lombardia;2001;67.9
AVQ_LAVORO_AUTO_PRIVATA;regione;marche;2001;75.3
AVQ_LAVORO_AUTO_PRIVATA;regione;molise;2001;61.0
AVQ_LAVORO_AUTO_PRIVATA;regione;piemonte;2001;69.8
AVQ_LAVORO_AUTO_PRIVATA;regione;puglia;2001;61.8
AVQ_LAVORO_AUTO_PRIVATA;regione;sardegna;2001;68.5
AVQ_LAVORO_AUTO_PRIVATA;regione;sicilia;2001;73.3
AVQ_LAVORO_AUTO_PRIVATA;regione;toscana;2001;67.8
AVQ_LAVORO_AUTO_PRIVATA;regione;trentino-alto-adige;2001;60.497268
AVQ_LAVORO_AUTO_PRIVATA;regione;umbria;2001;79.9
AVQ_LAVORO_AUTO_PRIVATA;regione;valle-d-aosta;2001;68.1
AVQ_LAVORO_AUTO_PRIVATA;regione;veneto;2001;72.7
AVQ_LAVORO_AUTO_PRIVATA;regione;abruzzo;2002;77.5
AVQ_LAVORO_AUTO_PRIVATA;regione;basilicata;2002;68.2
AVQ_LAVORO_AUTO_PRIVATA;regione;calabria;2002;68.6
AVQ_LAVORO_AUTO_PRIVATA;regione;campania;2002;59.7
AVQ_LAVORO_AUTO_PRIVATA;regione;emilia-romagna;2002;70.4
AVQ_LAVORO_AUTO_PRIVATA;regione;friuli-venezia-giulia;2002;75.2
AVQ_LAVORO_AUTO_PRIVATA;regione;lazio;2002;64.2
AVQ_LAVORO_AUTO_PRIVATA;regione;liguria;2002;56.5
AVQ_LAVORO_AUTO_PRIVATA;regione;lombardia;2002;65.9
AVQ_LAVORO_AUTO_PRIVATA;regione;marche;2002;75.5
AVQ_LAVORO_AUTO_PRIVATA;regione;molise;2002;68.1
AVQ_LAVORO_AUTO_PRIVATA;regione;piemonte;2002;68.9
AVQ_LAVORO_AUTO_PRIVATA;regione;puglia;2002;61.4
AVQ_LAVORO_AUTO_PRIVATA;regione;sardegna;2002;71.7
AVQ_LAVORO_AUTO_PRIVATA;regione;sicilia;2002;71.8
AVQ_LAVORO_AUTO_PRIVATA;regione;toscana;2002;66.6
AVQ_LAVORO_AUTO_PRIVATA;regione;trentino-alto-adige;2002;63.00188
AVQ_LAVORO_AUTO_PRIVATA;regione;umbria;2002;81.9
AVQ_LAVORO_AUTO_PRIVATA;regione;valle-d-aosta;2002;72.4
AVQ_LAVORO_AUTO_PRIVATA;regione;veneto;2002;72.6
AVQ_LAVORO_AUTO_PRIVATA;regione;abruzzo;2003;72.4
AVQ_LAVORO_AUTO_PRIVATA;regione;basilicata;2003;67.3
AVQ_LAVORO_AUTO_PRIVATA;regione;calabria;2003;66.5
AVQ_LAVORO_AUTO_PRIVATA;regione;campania;2003;59.8
AVQ_LAVORO_AUTO_PRIVATA;regione;emilia-romagna;2003;72.5
AVQ_LAVORO_AUTO_PRIVATA;regione;friuli-venezia-giulia;2003;71.2
AVQ_LAVORO_AUTO_PRIVATA;regione;lazio;2003;65.4
AVQ_LAVORO_AUTO_PRIVATA;regione;liguria;2003;53.6
AVQ_LAVORO_AUTO_PRIVATA;regione;lombardia;2003;64.9
AVQ_LAVORO_AUTO_PRIVATA;regione;marche;2003;76.2
AVQ_LAVORO_AUTO_PRIVATA;regione;molise;2003;71.8
AVQ_LAVORO_AUTO_PRIVATA;regione;piemonte;2003;71.3
AVQ_LAVORO_AUTO_PRIVATA;regione;puglia;2003;63.1
AVQ_LAVORO_AUTO_PRIVATA;regione;sardegna;2003;71.6
AVQ_LAVORO_AUTO_PRIVATA;regione;sicilia;2003;74.0
AVQ_LAVORO_AUTO_PRIVATA;regione;toscana;2003;68.3
AVQ_LAVORO_AUTO_PRIVATA;regione;trentino-alto-adige;2003;63.269173
AVQ_LAVORO_AUTO_PRIVATA;regione;umbria;2003;79.4
AVQ_LAVORO_AUTO_PRIVATA;regione;valle-d-aosta;2003;77.1
AVQ_LAVORO_AUTO_PRIVATA;regione;veneto;2003;73.3
AVQ_LAVORO_AUTO_PRIVATA;regione;abruzzo;2005;76.6
AVQ_LAVORO_AUTO_PRIVATA;regione;basilicata;2005;62.4
AVQ_LAVORO_AUTO_PRIVATA;regione;calabria;2005;73.7
AVQ_LAVORO_AUTO_PRIVATA;regione;campania;2005;64.6
AVQ_LAVORO_AUTO_PRIVATA;regione;emilia-romagna;2005;72.8
AVQ_LAVORO_AUTO_PRIVATA;regione;friuli-venezia-giulia;2005;71.3
AVQ_LAVORO_AUTO_PRIVATA;regione;lazio;2005;67.7
AVQ_LAVORO_AUTO_PRIVATA;regione;liguria;2005;53.9
AVQ_LAVORO_AUTO_PRIVATA;regione;lombardia;2005;70.6
AVQ_LAVORO_AUTO_PRIVATA;regione;marche;2005;73.8
AVQ_LAVORO_AUTO_PRIVATA;regione;molise;2005;70.6
AVQ_LAVORO_AUTO_PRIVATA;regione;piemonte;2005;71.0
AVQ_LAVORO_AUTO_PRIVATA;regione;puglia;2005;68.3
AVQ_LAVORO_AUTO_PRIVATA;regione;sardegna;2005;74.5
AVQ_LAVORO_AUTO_PRIVATA;regione;sicilia;2005;73.9
AVQ_LAVORO_AUTO_PRIVATA;regione;toscana;2005;71.2
AVQ_LAVORO_AUTO_PRIVATA;regione;trentino-alto-adige;2005;63.118789
AVQ_LAVORO_AUTO_PRIVATA;regione;umbria;2005;82.7
AVQ_LAVORO_AUTO_PRIVATA;regione;valle-d-aosta;2005;76.2
AVQ_LAVORO_AUTO_PRIVATA;regione;veneto;2005;74.0
AVQ_LAVORO_AUTO_PRIVATA;regione;abruzzo;2006;78.9
AVQ_LAVORO_AUTO_PRIVATA;regione;basilicata;2006;70.5
AVQ_LAVORO_AUTO_PRIVATA;regione;calabria;2006;75.9
AVQ_LAVORO_AUTO_PRIVATA;regione;campania;2006;62.3
AVQ_LAVORO_AUTO_PRIVATA;regione;emilia-romagna;2006;71.9
AVQ_LAVORO_AUTO_PRIVATA;regione;friuli-venezia-giulia;2006;75.2
AVQ_LAVORO_AUTO_PRIVATA;regione;lazio;2006;66.7
AVQ_LAVORO_AUTO_PRIVATA;regione;liguria;2006;54.3
AVQ_LAVORO_AUTO_PRIVATA;regione;lombardia;2006;68.0
AVQ_LAVORO_AUTO_PRIVATA;regione;marche;2006;77.6
AVQ_LAVORO_AUTO_PRIVATA;regione;molise;2006;70.2
AVQ_LAVORO_AUTO_PRIVATA;regione;piemonte;2006;70.4
AVQ_LAVORO_AUTO_PRIVATA;regione;puglia;2006;69.2
AVQ_LAVORO_AUTO_PRIVATA;regione;sardegna;2006;74.5
AVQ_LAVORO_AUTO_PRIVATA;regione;sicilia;2006;72.0
AVQ_LAVORO_AUTO_PRIVATA;regione;toscana;2006;69.8
AVQ_LAVORO_AUTO_PRIVATA;regione;trentino-alto-adige;2006;64.055338
AVQ_LAVORO_AUTO_PRIVATA;regione;umbria;2006;80.9
AVQ_LAVORO_AUTO_PRIVATA;regione;valle-d-aosta;2006;75.6
AVQ_LAVORO_AUTO_PRIVATA;regione;veneto;2006;72.2
AVQ_LAVORO_AUTO_PRIVATA;regione;abruzzo;2007;75.3
AVQ_LAVORO_AUTO_PRIVATA;regione;basilicata;2007;71.2
AVQ_LAVORO_AUTO_PRIVATA;regione;calabria;2007;75.4
AVQ_LAVORO_AUTO_PRIVATA;regione;campania;2007;60.3
AVQ_LAVORO_AUTO_PRIVATA;regione;emilia-romagna;2007;72.9
AVQ_LAVORO_AUTO_PRIVATA;regione;friuli-venezia-giulia;2007;76.4
AVQ_LAVORO_AUTO_PRIVATA;regione;lazio;2007;61.2
AVQ_LAVORO_AUTO_PRIVATA;regione;liguria;2007;59.1
AVQ_LAVORO_AUTO_PRIVATA;regione;lombardia;2007;67.6
AVQ_LAVORO_AUTO_PRIVATA;regione;marche;2007;76.7
AVQ_LAVORO_AUTO_PRIVATA;regione;molise;2007;73.6
AVQ_LAVORO_AUTO_PRIVATA;regione;piemonte;2007;67.6
AVQ_LAVORO_AUTO_PRIVATA;regione;puglia;2007;65.1
AVQ_LAVORO_AUTO_PRIVATA;regione;sardegna;2007;72.2
AVQ_LAVORO_AUTO_PRIVATA;regione;sicilia;2007;69.2
AVQ_LAVORO_AUTO_PRIVATA;regione;toscana;2007;70.1
AVQ_LAVORO_AUTO_PRIVATA;regione;trentino-alto-adige;2007;61.717252
AVQ_LAVORO_AUTO_PRIVATA;regione;umbria;2007;81.0
AVQ_LAVORO_AUTO_PRIVATA;regione;valle-d-aosta;2007;70.7
AVQ_LAVORO_AUTO_PRIVATA;regione;veneto;2007;70.6
AVQ_LAVORO_AUTO_PRIVATA;regione;abruzzo;2008;76.2
AVQ_LAVORO_AUTO_PRIVATA;regione;basilicata;2008;73.5
AVQ_LAVORO_AUTO_PRIVATA;regione;calabria;2008;74.6
AVQ_LAVORO_AUTO_PRIVATA;regione;campania;2008;59.4
AVQ_LAVORO_AUTO_PRIVATA;regione;emilia-romagna;2008;77.1
AVQ_LAVORO_AUTO_PRIVATA;regione;friuli-venezia-giulia;2008;73.6
AVQ_LAVORO_AUTO_PRIVATA;regione;lazio;2008;64.3
AVQ_LAVORO_AUTO_PRIVATA;regione;liguria;2008;51.0
AVQ_LAVORO_AUTO_PRIVATA;regione;lombardia;2008;70.2
AVQ_LAVORO_AUTO_PRIVATA;regione;marche;2008;77.8
AVQ_LAVORO_AUTO_PRIVATA;regione;molise;2008;73.8
AVQ_LAVORO_AUTO_PRIVATA;regione;piemonte;2008;72.4
AVQ_LAVORO_AUTO_PRIVATA;regione;puglia;2008;65.2
AVQ_LAVORO_AUTO_PRIVATA;regione;sardegna;2008;70.7
AVQ_LAVORO_AUTO_PRIVATA;regione;sicilia;2008;68.8
AVQ_LAVORO_AUTO_PRIVATA;regione;toscana;2008;69.5
AVQ_LAVORO_AUTO_PRIVATA;regione;trentino-alto-adige;2008;59.369173
AVQ_LAVORO_AUTO_PRIVATA;regione;umbria;2008;83.1
AVQ_LAVORO_AUTO_PRIVATA;regione;valle-d-aosta;2008;79.0
AVQ_LAVORO_AUTO_PRIVATA;regione;veneto;2008;74.8
AVQ_LAVORO_AUTO_PRIVATA;regione;abruzzo;2009;78.7
AVQ_LAVORO_AUTO_PRIVATA;regione;basilicata;2009;70.1
AVQ_LAVORO_AUTO_PRIVATA;regione;calabria;2009;75.8
AVQ_LAVORO_AUTO_PRIVATA;regione;campania;2009;60.7
AVQ_LAVORO_AUTO_PRIVATA;regione;emilia-romagna;2009;75.0
AVQ_LAVORO_AUTO_PRIVATA;regione;friuli-venezia-giulia;2009;76.4
AVQ_LAVORO_AUTO_PRIVATA;regione;lazio;2009;69.9
AVQ_LAVORO_AUTO_PRIVATA;regione;liguria;2009;53.8
AVQ_LAVORO_AUTO_PRIVATA;regione;lombardia;2009;66.2
AVQ_LAVORO_AUTO_PRIVATA;regione;marche;2009;75.0
AVQ_LAVORO_AUTO_PRIVATA;regione;molise;2009;69.7
AVQ_LAVORO_AUTO_PRIVATA;regione;piemonte;2009;66.9
AVQ_LAVORO_AUTO_PRIVATA;regione;puglia;2009;65.8
AVQ_LAVORO_AUTO_PRIVATA;regione;sardegna;2009;77.7
AVQ_LAVORO_AUTO_PRIVATA;regione;sicilia;2009;73.2
AVQ_LAVORO_AUTO_PRIVATA;regione;toscana;2009;68.9
AVQ_LAVORO_AUTO_PRIVATA;regione;trentino-alto-adige;2009;62.935355
AVQ_LAVORO_AUTO_PRIVATA;regione;umbria;2009;80.5
AVQ_LAVORO_AUTO_PRIVATA;regione;valle-d-aosta;2009;70.5
AVQ_LAVORO_AUTO_PRIVATA;regione;veneto;2009;72.6
AVQ_LAVORO_AUTO_PRIVATA;regione;abruzzo;2010;79.5
AVQ_LAVORO_AUTO_PRIVATA;regione;basilicata;2010;72.0
AVQ_LAVORO_AUTO_PRIVATA;regione;calabria;2010;77.9
AVQ_LAVORO_AUTO_PRIVATA;regione;campania;2010;60.9
AVQ_LAVORO_AUTO_PRIVATA;regione;emilia-romagna;2010;70.6
AVQ_LAVORO_AUTO_PRIVATA;regione;friuli-venezia-giulia;2010;76.2
AVQ_LAVORO_AUTO_PRIVATA;regione;lazio;2010;65.6
AVQ_LAVORO_AUTO_PRIVATA;regione;liguria;2010;56.0
AVQ_LAVORO_AUTO_PRIVATA;regione;lombardia;2010;71.2
AVQ_LAVORO_AUTO_PRIVATA;regione;marche;2010;77.1
AVQ_LAVORO_AUTO_PRIVATA;regione;molise;2010;73.8
AVQ_LAVORO_AUTO_PRIVATA;regione;piemonte;2010;70.7
AVQ_LAVORO_AUTO_PRIVATA;regione;puglia;2010;71.5
AVQ_LAVORO_AUTO_PRIVATA;regione;sardegna;2010;73.8
AVQ_LAVORO_AUTO_PRIVATA;regione;sicilia;2010;74.9
AVQ_LAVORO_AUTO_PRIVATA;regione;toscana;2010;71.1
AVQ_LAVORO_AUTO_PRIVATA;regione;trentino-alto-adige;2010;62.315714
AVQ_LAVORO_AUTO_PRIVATA;regione;umbria;2010;81.9
AVQ_LAVORO_AUTO_PRIVATA;regione;valle-d-aosta;2010;76.5
AVQ_LAVORO_AUTO_PRIVATA;regione;veneto;2010;76.1
AVQ_LAVORO_AUTO_PRIVATA;regione;abruzzo;2011;73.8
AVQ_LAVORO_AUTO_PRIVATA;regione;basilicata;2011;67.7
AVQ_LAVORO_AUTO_PRIVATA;regione;calabria;2011;71.6
AVQ_LAVORO_AUTO_PRIVATA;regione;campania;2011;61.5
AVQ_LAVORO_AUTO_PRIVATA;regione;emilia-romagna;2011;75.2
AVQ_LAVORO_AUTO_PRIVATA;regione;friuli-venezia-giulia;2011;75.2
AVQ_LAVORO_AUTO_PRIVATA;regione;lazio;2011;66.5
AVQ_LAVORO_AUTO_PRIVATA;regione;liguria;2011;55.4
AVQ_LAVORO_AUTO_PRIVATA;regione;lombardia;2011;68.5
AVQ_LAVORO_AUTO_PRIVATA;regione;marche;2011;79.9
AVQ_LAVORO_AUTO_PRIVATA;regione;molise;2011;71.3
AVQ_LAVORO_AUTO_PRIVATA;regione;piemonte;2011;70.5
AVQ_LAVORO_AUTO_PRIVATA;regione;puglia;2011;69.0
AVQ_LAVORO_AUTO_PRIVATA;regione;sardegna;2011;72.8
AVQ_LAVORO_AUTO_PRIVATA;regione;sicilia;2011;73.3
AVQ_LAVORO_AUTO_PRIVATA;regione;toscana;2011;71.9
AVQ_LAVORO_AUTO_PRIVATA;regione;trentino-alto-adige;2011;60.682665
AVQ_LAVORO_AUTO_PRIVATA;regione;umbria;2011;79.0
AVQ_LAVORO_AUTO_PRIVATA;regione;valle-d-aosta;2011;72.3
AVQ_LAVORO_AUTO_PRIVATA;regione;veneto;2011;74.8
AVQ_LAVORO_AUTO_PRIVATA;regione;abruzzo;2012;74.2
AVQ_LAVORO_AUTO_PRIVATA;regione;basilicata;2012;67.6
AVQ_LAVORO_AUTO_PRIVATA;regione;calabria;2012;71.0
AVQ_LAVORO_AUTO_PRIVATA;regione;campania;2012;62.6
AVQ_LAVORO_AUTO_PRIVATA;regione;emilia-romagna;2012;72.6
AVQ_LAVORO_AUTO_PRIVATA;regione;friuli-venezia-giulia;2012;71.7
AVQ_LAVORO_AUTO_PRIVATA;regione;lazio;2012;66.0
AVQ_LAVORO_AUTO_PRIVATA;regione;liguria;2012;52.1
AVQ_LAVORO_AUTO_PRIVATA;regione;lombardia;2012;68.2
AVQ_LAVORO_AUTO_PRIVATA;regione;marche;2012;80.5
AVQ_LAVORO_AUTO_PRIVATA;regione;molise;2012;71.0
AVQ_LAVORO_AUTO_PRIVATA;regione;piemonte;2012;70.9
AVQ_LAVORO_AUTO_PRIVATA;regione;puglia;2012;66.7
AVQ_LAVORO_AUTO_PRIVATA;regione;sardegna;2012;72.3
AVQ_LAVORO_AUTO_PRIVATA;regione;sicilia;2012;70.0
AVQ_LAVORO_AUTO_PRIVATA;regione;toscana;2012;71.7
AVQ_LAVORO_AUTO_PRIVATA;regione;trentino-alto-adige;2012;65.659181
AVQ_LAVORO_AUTO_PRIVATA;regione;umbria;2012;78.5
AVQ_LAVORO_AUTO_PRIVATA;regione;valle-d-aosta;2012;77.0
AVQ_LAVORO_AUTO_PRIVATA;regione;veneto;2012;75.3
AVQ_LAVORO_AUTO_PRIVATA;regione;abruzzo;2013;76.8
AVQ_LAVORO_AUTO_PRIVATA;regione;basilicata;2013;69.6
AVQ_LAVORO_AUTO_PRIVATA;regione;calabria;2013;69.5
AVQ_LAVORO_AUTO_PRIVATA;regione;campania;2013;62.2
AVQ_LAVORO_AUTO_PRIVATA;regione;emilia-romagna;2013;76.0
AVQ_LAVORO_AUTO_PRIVATA;regione;friuli-venezia-giulia;2013;73.7
AVQ_LAVORO_AUTO_PRIVATA;regione;lazio;2013;62.2
AVQ_LAVORO_AUTO_PRIVATA;regione;liguria;2013;50.0
AVQ_LAVORO_AUTO_PRIVATA;regione;lombardia;2013;68.6
AVQ_LAVORO_AUTO_PRIVATA;regione;marche;2013;78.7
AVQ_LAVORO_AUTO_PRIVATA;regione;molise;2013;76.1
AVQ_LAVORO_AUTO_PRIVATA;regione;piemonte;2013;68.4
AVQ_LAVORO_AUTO_PRIVATA;regione;puglia;2013;63.9
AVQ_LAVORO_AUTO_PRIVATA;regione;sardegna;2013;72.6
AVQ_LAVORO_AUTO_PRIVATA;regione;sicilia;2013;69.6
AVQ_LAVORO_AUTO_PRIVATA;regione;toscana;2013;74.0
AVQ_LAVORO_AUTO_PRIVATA;regione;trentino-alto-adige;2013;64.331086
AVQ_LAVORO_AUTO_PRIVATA;regione;umbria;2013;75.9
AVQ_LAVORO_AUTO_PRIVATA;regione;valle-d-aosta;2013;69.2
AVQ_LAVORO_AUTO_PRIVATA;regione;veneto;2013;73.9
AVQ_LAVORO_AUTO_PRIVATA;regione;abruzzo;2014;79.9
AVQ_LAVORO_AUTO_PRIVATA;regione;basilicata;2014;66.7
AVQ_LAVORO_AUTO_PRIVATA;regione;calabria;2014;70.6
AVQ_LAVORO_AUTO_PRIVATA;regione;campania;2014;59.4
AVQ_LAVORO_AUTO_PRIVATA;regione;emilia-romagna;2014;72.8
AVQ_LAVORO_AUTO_PRIVATA;regione;friuli-venezia-giulia;2014;71.9
AVQ_LAVORO_AUTO_PRIVATA;regione;lazio;2014;61.3
AVQ_LAVORO_AUTO_PRIVATA;regione;liguria;2014;50.6
AVQ_LAVORO_AUTO_PRIVATA;regione;lombardia;2014;66.8
AVQ_LAVORO_AUTO_PRIVATA;regione;marche;2014;76.6
AVQ_LAVORO_AUTO_PRIVATA;regione;molise;2014;72.7
AVQ_LAVORO_AUTO_PRIVATA;regione;piemonte;2014;70.8
AVQ_LAVORO_AUTO_PRIVATA;regione;puglia;2014;69.2
AVQ_LAVORO_AUTO_PRIVATA;regione;sardegna;2014;71.4
AVQ_LAVORO_AUTO_PRIVATA;regione;sicilia;2014;70.9
AVQ_LAVORO_AUTO_PRIVATA;regione;toscana;2014;73.8
AVQ_LAVORO_AUTO_PRIVATA;regione;trentino-alto-adige;2014;61.575322
AVQ_LAVORO_AUTO_PRIVATA;regione;umbria;2014;81.0
AVQ_LAVORO_AUTO_PRIVATA;regione;valle-d-aosta;2014;67.8
AVQ_LAVORO_AUTO_PRIVATA;regione;veneto;2014;71.4
AVQ_LAVORO_AUTO_PRIVATA;regione;abruzzo;2015;76.8
AVQ_LAVORO_AUTO_PRIVATA;regione;basilicata;2015;64.9
AVQ_LAVORO_AUTO_PRIVATA;regione;calabria;2015;71.0
AVQ_LAVORO_AUTO_PRIVATA;regione;campania;2015;57.8
AVQ_LAVORO_AUTO_PRIVATA;regione;emilia-romagna;2015;74.6
AVQ_LAVORO_AUTO_PRIVATA;regione;friuli-venezia-giulia;2015;74.9
AVQ_LAVORO_AUTO_PRIVATA;regione;lazio;2015;60.0
AVQ_LAVORO_AUTO_PRIVATA;regione;liguria;2015;51.3
AVQ_LAVORO_AUTO_PRIVATA;regione;lombardia;2015;69.2
AVQ_LAVORO_AUTO_PRIVATA;regione;marche;2015;80.2
AVQ_LAVORO_AUTO_PRIVATA;regione;molise;2015;69.9
AVQ_LAVORO_AUTO_PRIVATA;regione;piemonte;2015;72.8
AVQ_LAVORO_AUTO_PRIVATA;regione;puglia;2015;64.3
AVQ_LAVORO_AUTO_PRIVATA;regione;sardegna;2015;73.2
AVQ_LAVORO_AUTO_PRIVATA;regione;sicilia;2015;68.3
AVQ_LAVORO_AUTO_PRIVATA;regione;toscana;2015;70.9
AVQ_LAVORO_AUTO_PRIVATA;regione;trentino-alto-adige;2015;62.473785
AVQ_LAVORO_AUTO_PRIVATA;regione;umbria;2015;81.6
AVQ_LAVORO_AUTO_PRIVATA;regione;valle-d-aosta;2015;72.0
AVQ_LAVORO_AUTO_PRIVATA;regione;veneto;2015;75.0
AVQ_LAVORO_AUTO_PRIVATA;regione;abruzzo;2016;76.0
AVQ_LAVORO_AUTO_PRIVATA;regione;basilicata;2016;72.9
AVQ_LAVORO_AUTO_PRIVATA;regione;calabria;2016;72.6
AVQ_LAVORO_AUTO_PRIVATA;regione;campania;2016;62.0
AVQ_LAVORO_AUTO_PRIVATA;regione;emilia-romagna;2016;74.4
AVQ_LAVORO_AUTO_PRIVATA;regione;friuli-venezia-giulia;2016;72.2
AVQ_LAVORO_AUTO_PRIVATA;regione;lazio;2016;65.1
AVQ_LAVORO_AUTO_PRIVATA;regione;liguria;2016;50.9
AVQ_LAVORO_AUTO_PRIVATA;regione;lombardia;2016;67.1
AVQ_LAVORO_AUTO_PRIVATA;regione;marche;2016;77.6
AVQ_LAVORO_AUTO_PRIVATA;regione;molise;2016;73.3
AVQ_LAVORO_AUTO_PRIVATA;regione;piemonte;2016;69.8
AVQ_LAVORO_AUTO_PRIVATA;regione;puglia;2016;69.2
AVQ_LAVORO_AUTO_PRIVATA;regione;sardegna;2016;75.0
AVQ_LAVORO_AUTO_PRIVATA;regione;sicilia;2016;70.0
AVQ_LAVORO_AUTO_PRIVATA;regione;toscana;2016;68.7
AVQ_LAVORO_AUTO_PRIVATA;regione;trentino-alto-adige;2016;62.221095
AVQ_LAVORO_AUTO_PRIVATA;regione;umbria;2016;78.2
AVQ_LAVORO_AUTO_PRIVATA;regione;valle-d-aosta;2016;72.5
AVQ_LAVORO_AUTO_PRIVATA;regione;veneto;2016;72.7
AVQ_LAVORO_AUTO_PRIVATA;regione;abruzzo;2017;77.3
AVQ_LAVORO_AUTO_PRIVATA;regione;basilicata;2017;70.5
AVQ_LAVORO_AUTO_PRIVATA;regione;calabria;2017;69.5
AVQ_LAVORO_AUTO_PRIVATA;regione;campania;2017;63.5
AVQ_LAVORO_AUTO_PRIVATA;regione;emilia-romagna;2017;72.8
AVQ_LAVORO_AUTO_PRIVATA;regione;friuli-venezia-giulia;2017;75.8
AVQ_LAVORO_AUTO_PRIVATA;regione;lazio;2017;63.5
AVQ_LAVORO_AUTO_PRIVATA;regione;liguria;2017;50.4
AVQ_LAVORO_AUTO_PRIVATA;regione;lombardia;2017;67.4
AVQ_LAVORO_AUTO_PRIVATA;regione;marche;2017;82.1
AVQ_LAVORO_AUTO_PRIVATA;regione;molise;2017;66.8
AVQ_LAVORO_AUTO_PRIVATA;regione;piemonte;2017;69.3
AVQ_LAVORO_AUTO_PRIVATA;regione;puglia;2017;68.8
AVQ_LAVORO_AUTO_PRIVATA;regione;sardegna;2017;73.6
AVQ_LAVORO_AUTO_PRIVATA;regione;sicilia;2017;71.3
AVQ_LAVORO_AUTO_PRIVATA;regione;toscana;2017;69.3
AVQ_LAVORO_AUTO_PRIVATA;regione;trentino-alto-adige;2017;65.004954
AVQ_LAVORO_AUTO_PRIVATA;regione;umbria;2017;82.2
AVQ_LAVORO_AUTO_PRIVATA;regione;valle-d-aosta;2017;73.2
AVQ_LAVORO_AUTO_PRIVATA;regione;veneto;2017;74.7
AVQ_LAVORO_AUTO_PRIVATA;regione;abruzzo;2018;74.8
AVQ_LAVORO_AUTO_PRIVATA;regione;basilicata;2018;71.8
AVQ_LAVORO_AUTO_PRIVATA;regione;calabria;2018;69.8
AVQ_LAVORO_AUTO_PRIVATA;regione;campania;2018;63.2
AVQ_LAVORO_AUTO_PRIVATA;regione;emilia-romagna;2018;72.8
AVQ_LAVORO_AUTO_PRIVATA;regione;friuli-venezia-giulia;2018;75.6
AVQ_LAVORO_AUTO_PRIVATA;regione;lazio;2018;63.8
AVQ_LAVORO_AUTO_PRIVATA;regione;liguria;2018;52.8
AVQ_LAVORO_AUTO_PRIVATA;regione;lombardia;2018;66.7
AVQ_LAVORO_AUTO_PRIVATA;regione;marche;2018;79.2
AVQ_LAVORO_AUTO_PRIVATA;regione;molise;2018;75.3
AVQ_LAVORO_AUTO_PRIVATA;regione;piemonte;2018;69.0
AVQ_LAVORO_AUTO_PRIVATA;regione;puglia;2018;69.3
AVQ_LAVORO_AUTO_PRIVATA;regione;sardegna;2018;76.3
AVQ_LAVORO_AUTO_PRIVATA;regione;sicilia;2018;67.3
AVQ_LAVORO_AUTO_PRIVATA;regione;toscana;2018;70.4
AVQ_LAVORO_AUTO_PRIVATA;regione;trentino-alto-adige;2018;63.64919
AVQ_LAVORO_AUTO_PRIVATA;regione;umbria;2018;83.3
AVQ_LAVORO_AUTO_PRIVATA;regione;valle-d-aosta;2018;67.6
AVQ_LAVORO_AUTO_PRIVATA;regione;veneto;2018;76.6
AVQ_LAVORO_AUTO_PRIVATA;regione;abruzzo;2019;78.0
AVQ_LAVORO_AUTO_PRIVATA;regione;basilicata;2019;65.4
AVQ_LAVORO_AUTO_PRIVATA;regione;calabria;2019;73.7
AVQ_LAVORO_AUTO_PRIVATA;regione;campania;2019;64.3
AVQ_LAVORO_AUTO_PRIVATA;regione;emilia-romagna;2019;74.1
AVQ_LAVORO_AUTO_PRIVATA;regione;friuli-venezia-giulia;2019;71.1
AVQ_LAVORO_AUTO_PRIVATA;regione;lazio;2019;62.4
AVQ_LAVORO_AUTO_PRIVATA;regione;liguria;2019;50.2
AVQ_LAVORO_AUTO_PRIVATA;regione;lombardia;2019;68.1
AVQ_LAVORO_AUTO_PRIVATA;regione;marche;2019;79.5
AVQ_LAVORO_AUTO_PRIVATA;regione;molise;2019;75.4
AVQ_LAVORO_AUTO_PRIVATA;regione;piemonte;2019;71.0
AVQ_LAVORO_AUTO_PRIVATA;regione;puglia;2019;66.8
AVQ_LAVORO_AUTO_PRIVATA;regione;sardegna;2019;73.8
AVQ_LAVORO_AUTO_PRIVATA;regione;sicilia;2019;71.8
AVQ_LAVORO_AUTO_PRIVATA;regione;toscana;2019;71.2
AVQ_LAVORO_AUTO_PRIVATA;regione;trentino-alto-adige;2019;65.738004
AVQ_LAVORO_AUTO_PRIVATA;regione;umbria;2019;81.0
AVQ_LAVORO_AUTO_PRIVATA;regione;valle-d-aosta;2019;69.3
AVQ_LAVORO_AUTO_PRIVATA;regione;veneto;2019;76.5
AVQ_LAVORO_AUTO_PRIVATA;regione;abruzzo;2020;76.3
AVQ_LAVORO_AUTO_PRIVATA;regione;basilicata;2020;72.8
AVQ_LAVORO_AUTO_PRIVATA;regione;calabria;2020;68.2
AVQ_LAVORO_AUTO_PRIVATA;regione;campania;2020;63.3
AVQ_LAVORO_AUTO_PRIVATA;regione;emilia-romagna;2020;74.8
AVQ_LAVORO_AUTO_PRIVATA;regione;friuli-venezia-giulia;2020;76.3
AVQ_LAVORO_AUTO_PRIVATA;regione;lazio;2020;67.8
AVQ_LAVORO_AUTO_PRIVATA;regione;liguria;2020;52.6
AVQ_LAVORO_AUTO_PRIVATA;regione;lombardia;2020;68.0
AVQ_LAVORO_AUTO_PRIVATA;regione;marche;2020;79.8
AVQ_LAVORO_AUTO_PRIVATA;regione;molise;2020;77.3
AVQ_LAVORO_AUTO_PRIVATA;regione;piemonte;2020;72.1
AVQ_LAVORO_AUTO_PRIVATA;regione;puglia;2020;67.8
AVQ_LAVORO_AUTO_PRIVATA;regione;sardegna;2020;73.9
AVQ_LAVORO_AUTO_PRIVATA;regione;sicilia;2020;70.6
AVQ_LAVORO_AUTO_PRIVATA;regione;toscana;2020;74.4
AVQ_LAVORO_AUTO_PRIVATA;regione;trentino-alto-adige;2020;61.118789
AVQ_LAVORO_AUTO_PRIVATA;regione;umbria;2020;81.7
AVQ_LAVORO_AUTO_PRIVATA;regione;valle-d-aosta;2020;68.8
AVQ_LAVORO_AUTO_PRIVATA;regione;veneto;2020;79.5
AVQ_LAVORO_AUTO_PRIVATA;regione;abruzzo;2021;75.9
AVQ_LAVORO_AUTO_PRIVATA;regione;basilicata;2021;73.0
AVQ_LAVORO_AUTO_PRIVATA;regione;calabria;2021;72.2
AVQ_LAVORO_AUTO_PRIVATA;regione;campania;2021;65.5
AVQ_LAVORO_AUTO_PRIVATA;regione;emilia-romagna;2021;76.5
AVQ_LAVORO_AUTO_PRIVATA;regione;friuli-venezia-giulia;2021;81.4
AVQ_LAVORO_AUTO_PRIVATA;regione;lazio;2021;64.2
AVQ_LAVORO_AUTO_PRIVATA;regione;liguria;2021;55.6
AVQ_LAVORO_AUTO_PRIVATA;regione;lombardia;2021;69.6
AVQ_LAVORO_AUTO_PRIVATA;regione;marche;2021;79.1
AVQ_LAVORO_AUTO_PRIVATA;regione;molise;2021;74.8
AVQ_LAVORO_AUTO_PRIVATA;regione;piemonte;2021;72.4
AVQ_LAVORO_AUTO_PRIVATA;regione;puglia;2021;72.1
AVQ_LAVORO_AUTO_PRIVATA;regione;sardegna;2021;77.3
AVQ_LAVORO_AUTO_PRIVATA;regione;sicilia;2021;70.4
AVQ_LAVORO_AUTO_PRIVATA;regione;toscana;2021;74.4
AVQ_LAVORO_AUTO_PRIVATA;regione;trentino-alto-adige;2021;65.367636
AVQ_LAVORO_AUTO_PRIVATA;regione;umbria;2021;81.8
AVQ_LAVORO_AUTO_PRIVATA;regione;valle-d-aosta;2021;72.2
AVQ_LAVORO_AUTO_PRIVATA;regione;veneto;2021;77.9
AVQ_LAVORO_AUTO_PRIVATA;regione;abruzzo;2022;76.1
AVQ_LAVORO_AUTO_PRIVATA;regione;basilicata;2022;65.2
AVQ_LAVORO_AUTO_PRIVATA;regione;calabria;2022;68.8
AVQ_LAVORO_AUTO_PRIVATA;regione;campania;2022;64.2
AVQ_LAVORO_AUTO_PRIVATA;regione;emilia-romagna;2022;76.0
AVQ_LAVORO_AUTO_PRIVATA;regione;friuli-venezia-giulia;2022;75.9
AVQ_LAVORO_AUTO_PRIVATA;regione;lazio;2022;64.7
AVQ_LAVORO_AUTO_PRIVATA;regione;liguria;2022;49.6
AVQ_LAVORO_AUTO_PRIVATA;regione;lombardia;2022;70.4
AVQ_LAVORO_AUTO_PRIVATA;regione;marche;2022;79.0
AVQ_LAVORO_AUTO_PRIVATA;regione;molise;2022;74.5
AVQ_LAVORO_AUTO_PRIVATA;regione;piemonte;2022;73.2
AVQ_LAVORO_AUTO_PRIVATA;regione;puglia;2022;69.7
AVQ_LAVORO_AUTO_PRIVATA;regione;sardegna;2022;76.6
AVQ_LAVORO_AUTO_PRIVATA;regione;sicilia;2022;73.5
AVQ_LAVORO_AUTO_PRIVATA;regione;toscana;2022;71.1
AVQ_LAVORO_AUTO_PRIVATA;regione;trentino-alto-adige;2022;61.388388
AVQ_LAVORO_AUTO_PRIVATA;regione;umbria;2022;81.8
AVQ_LAVORO_AUTO_PRIVATA;regione;valle-d-aosta;2022;70.2
AVQ_LAVORO_AUTO_PRIVATA;regione;veneto;2022;77.2
AVQ_LAVORO_AUTO_PRIVATA;regione;abruzzo;2023;79.9
AVQ_LAVORO_AUTO_PRIVATA;regione;basilicata;2023;68.2
AVQ_LAVORO_AUTO_PRIVATA;regione;calabria;2023;69.5
AVQ_LAVORO_AUTO_PRIVATA;regione;campania;2023;65.4
AVQ_LAVORO_AUTO_PRIVATA;regione;emilia-romagna;2023;75.9
AVQ_LAVORO_AUTO_PRIVATA;regione;friuli-venezia-giulia;2023;75.1
AVQ_LAVORO_AUTO_PRIVATA;regione;lazio;2023;69.0
AVQ_LAVORO_AUTO_PRIVATA;regione;liguria;2023;52.0
AVQ_LAVORO_AUTO_PRIVATA;regione;lombardia;2023;69.0
AVQ_LAVORO_AUTO_PRIVATA;regione;marche;2023;77.7
AVQ_LAVORO_AUTO_PRIVATA;regione;molise;2023;69.3
AVQ_LAVORO_AUTO_PRIVATA;regione;piemonte;2023;73.0
AVQ_LAVORO_AUTO_PRIVATA;regione;puglia;2023;69.1
AVQ_LAVORO_AUTO_PRIVATA;regione;sardegna;2023;76.5
AVQ_LAVORO_AUTO_PRIVATA;regione;sicilia;2023;72.2
AVQ_LAVORO_AUTO_PRIVATA;regione;toscana;2023;71.9
AVQ_LAVORO_AUTO_PRIVATA;regione;trentino-alto-adige;2023;63.55995
AVQ_LAVORO_AUTO_PRIVATA;regione;umbria;2023;84.0
AVQ_LAVORO_AUTO_PRIVATA;regione;valle-d-aosta;2023;72.4
AVQ_LAVORO_AUTO_PRIVATA;regione;veneto;2023;75.0
AVQ_LAVORO_AUTO_PRIVATA;regione;abruzzo;2024;80.4
AVQ_LAVORO_AUTO_PRIVATA;regione;basilicata;2024;72.5
AVQ_LAVORO_AUTO_PRIVATA;regione;calabria;2024;71.0
AVQ_LAVORO_AUTO_PRIVATA;regione;campania;2024;67.4
AVQ_LAVORO_AUTO_PRIVATA;regione;emilia-romagna;2024;74.5
AVQ_LAVORO_AUTO_PRIVATA;regione;friuli-venezia-giulia;2024;72.1
AVQ_LAVORO_AUTO_PRIVATA;regione;lazio;2024;68.2
AVQ_LAVORO_AUTO_PRIVATA;regione;liguria;2024;50.2
AVQ_LAVORO_AUTO_PRIVATA;regione;lombardia;2024;67.2
AVQ_LAVORO_AUTO_PRIVATA;regione;marche;2024;79.6
AVQ_LAVORO_AUTO_PRIVATA;regione;molise;2024;81.6
AVQ_LAVORO_AUTO_PRIVATA;regione;piemonte;2024;70.2
AVQ_LAVORO_AUTO_PRIVATA;regione;puglia;2024;67.2
AVQ_LAVORO_AUTO_PRIVATA;regione;sardegna;2024;74.9
AVQ_LAVORO_AUTO_PRIVATA;regione;sicilia;2024;71.9
AVQ_LAVORO_AUTO_PRIVATA;regione;toscana;2024;70.2
AVQ_LAVORO_AUTO_PRIVATA;regione;trentino-alto-adige;2024;61.588814
AVQ_LAVORO_AUTO_PRIVATA;regione;umbria;2024;80.7
AVQ_LAVORO_AUTO_PRIVATA;regione;valle-d-aosta;2024;73.3
AVQ_LAVORO_AUTO_PRIVATA;regione;veneto;2024;76.7
AVQ_LAVORO_AUTO_PRIVATA;regione;abruzzo;2025;77.6
AVQ_LAVORO_AUTO_PRIVATA;regione;basilicata;2025;71.9
AVQ_LAVORO_AUTO_PRIVATA;regione;calabria;2025;75.0
AVQ_LAVORO_AUTO_PRIVATA;regione;campania;2025;66.0
AVQ_LAVORO_AUTO_PRIVATA;regione;emilia-romagna;2025;75.8
AVQ_LAVORO_AUTO_PRIVATA;regione;friuli-venezia-giulia;2025;74.5
AVQ_LAVORO_AUTO_PRIVATA;regione;lazio;2025;64.6
AVQ_LAVORO_AUTO_PRIVATA;regione;liguria;2025;55.8
AVQ_LAVORO_AUTO_PRIVATA;regione;lombardia;2025;70.3
AVQ_LAVORO_AUTO_PRIVATA;regione;marche;2025;76.7
AVQ_LAVORO_AUTO_PRIVATA;regione;molise;2025;77.9
AVQ_LAVORO_AUTO_PRIVATA;regione;piemonte;2025;72.1
AVQ_LAVORO_AUTO_PRIVATA;regione;puglia;2025;68.5
AVQ_LAVORO_AUTO_PRIVATA;regione;sardegna;2025;76.2
AVQ_LAVORO_AUTO_PRIVATA;regione;sicilia;2025;71.7
AVQ_LAVORO_AUTO_PRIVATA;regione;toscana;2025;71.2
AVQ_LAVORO_AUTO_PRIVATA;regione;trentino-alto-adige;2025;64.705723
AVQ_LAVORO_AUTO_PRIVATA;regione;umbria;2025;81.9
AVQ_LAVORO_AUTO_PRIVATA;regione;valle-d-aosta;2025;72.8
AVQ_LAVORO_AUTO_PRIVATA;regione;veneto;2025;75.8
AVQ_LAVORO_A_PIEDI;regione;abruzzo;2001;12.7
AVQ_LAVORO_A_PIEDI;regione;basilicata;2001;17.3
AVQ_LAVORO_A_PIEDI;regione;calabria;2001;14.7
AVQ_LAVORO_A_PIEDI;regione;campania;2001;16.2
AVQ_LAVORO_A_PIEDI;regione;emilia-romagna;2001;7.6
AVQ_LAVORO_A_PIEDI;regione;friuli-venezia-giulia;2001;8.0
AVQ_LAVORO_A_PIEDI;regione;lazio;2001;9.1
AVQ_LAVORO_A_PIEDI;regione;liguria;2001;17.4
AVQ_LAVORO_A_PIEDI;regione;lombardia;2001;10.6
AVQ_LAVORO_A_PIEDI;regione;marche;2001;11.5
AVQ_LAVORO_A_PIEDI;regione;molise;2001;18.1
AVQ_LAVORO_A_PIEDI;regione;piemonte;2001;12.5
AVQ_LAVORO_A_PIEDI;regione;puglia;2001;16.3
AVQ_LAVORO_A_PIEDI;regione;sardegna;2001;11.9
AVQ_LAVORO_A_PIEDI;regione;sicilia;2001;11.1
AVQ_LAVORO_A_PIEDI;regione;toscana;2001;10.0
AVQ_LAVORO_A_PIEDI;regione;trentino-alto-adige;2001;18.088471
AVQ_LAVORO_A_PIEDI;regione;umbria;2001;8.0
AVQ_LAVORO_A_PIEDI;regione;valle-d-aosta;2001;20.2
AVQ_LAVORO_A_PIEDI;regione;veneto;2001;8.7
AVQ_LAVORO_A_PIEDI;regione;abruzzo;2002;9.9
AVQ_LAVORO_A_PIEDI;regione;basilicata;2002;16.9
AVQ_LAVORO_A_PIEDI;regione;calabria;2002;14.9
AVQ_LAVORO_A_PIEDI;regione;campania;2002;16.4
AVQ_LAVORO_A_PIEDI;regione;emilia-romagna;2002;9.4
AVQ_LAVORO_A_PIEDI;regione;friuli-venezia-giulia;2002;7.4
AVQ_LAVORO_A_PIEDI;regione;lazio;2002;6.7
AVQ_LAVORO_A_PIEDI;regione;liguria;2002;12.1
AVQ_LAVORO_A_PIEDI;regione;lombardia;2002;8.9
AVQ_LAVORO_A_PIEDI;regione;marche;2002;9.9
AVQ_LAVORO_A_PIEDI;regione;molise;2002;17.4
AVQ_LAVORO_A_PIEDI;regione;piemonte;2002;11.7
AVQ_LAVORO_A_PIEDI;regione;puglia;2002;18.8
AVQ_LAVORO_A_PIEDI;regione;sardegna;2002;13.7
AVQ_LAVORO_A_PIEDI;regione;sicilia;2002;12.4
AVQ_LAVORO_A_PIEDI;regione;toscana;2002;10.6
AVQ_LAVORO_A_PIEDI;regione;trentino-alto-adige;2002;16.528095
AVQ_LAVORO_A_PIEDI;regione;umbria;2002;8.3
AVQ_LAVORO_A_PIEDI;regione;valle-d-aosta;2002;17.3
AVQ_LAVORO_A_PIEDI;regione;veneto;2002;9.0
AVQ_LAVORO_A_PIEDI;regione;abruzzo;2003;11.9
AVQ_LAVORO_A_PIEDI;regione;basilicata;2003;15.5
AVQ_LAVORO_A_PIEDI;regione;calabria;2003;15.5
AVQ_LAVORO_A_PIEDI;regione;campania;2003;16.8
AVQ_LAVORO_A_PIEDI;regione;emilia-romagna;2003;8.9
AVQ_LAVORO_A_PIEDI;regione;friuli-venezia-giulia;2003;7.5
AVQ_LAVORO_A_PIEDI;regione;lazio;2003;8.3
AVQ_LAVORO_A_PIEDI;regione;liguria;2003;14.9
AVQ_LAVORO_A_PIEDI;regione;lombardia;2003;9.6
AVQ_LAVORO_A_PIEDI;regione;marche;2003;10.5
AVQ_LAVORO_A_PIEDI;regione;molise;2003;12.4
AVQ_LAVORO_A_PIEDI;regione;piemonte;2003;10.1
AVQ_LAVORO_A_PIEDI;regione;puglia;2003;14.7
AVQ_LAVORO_A_PIEDI;regione;sardegna;2003;12.1
AVQ_LAVORO_A_PIEDI;regione;sicilia;2003;10.7
AVQ_LAVORO_A_PIEDI;regione;toscana;2003;9.3
AVQ_LAVORO_A_PIEDI;regione;trentino-alto-adige;2003;15.328864
AVQ_LAVORO_A_PIEDI;regione;umbria;2003;8.0
AVQ_LAVORO_A_PIEDI;regione;valle-d-aosta;2003;10.5
AVQ_LAVORO_A_PIEDI;regione;veneto;2003;7.0
AVQ_LAVORO_A_PIEDI;regione;abruzzo;2005;12.0
AVQ_LAVORO_A_PIEDI;regione;basilicata;2005;19.4
AVQ_LAVORO_A_PIEDI;regione;calabria;2005;13.9
AVQ_LAVORO_A_PIEDI;regione;campania;2005;14.8
AVQ_LAVORO_A_PIEDI;regione;emilia-romagna;2005;10.1
AVQ_LAVORO_A_PIEDI;regione;friuli-venezia-giulia;2005;6.6
AVQ_LAVORO_A_PIEDI;regione;lazio;2005;7.8
AVQ_LAVORO_A_PIEDI;regione;liguria;2005;14.1
AVQ_LAVORO_A_PIEDI;regione;lombardia;2005;9.5
AVQ_LAVORO_A_PIEDI;regione;marche;2005;14.4
AVQ_LAVORO_A_PIEDI;regione;molise;2005;15.3
AVQ_LAVORO_A_PIEDI;regione;piemonte;2005;10.7
AVQ_LAVORO_A_PIEDI;regione;puglia;2005;16.3
AVQ_LAVORO_A_PIEDI;regione;sardegna;2005;11.6
AVQ_LAVORO_A_PIEDI;regione;sicilia;2005;12.1
AVQ_LAVORO_A_PIEDI;regione;toscana;2005;11.6
AVQ_LAVORO_A_PIEDI;regione;trentino-alto-adige;2005;16.044236
AVQ_LAVORO_A_PIEDI;regione;umbria;2005;9.1
AVQ_LAVORO_A_PIEDI;regione;valle-d-aosta;2005;14.5
AVQ_LAVORO_A_PIEDI;regione;veneto;2005;7.8
AVQ_LAVORO_A_PIEDI;regione;abruzzo;2006;10.3
AVQ_LAVORO_A_PIEDI;regione;basilicata;2006;14.7
AVQ_LAVORO_A_PIEDI;regione;calabria;2006;11.6
AVQ_LAVORO_A_PIEDI;regione;campania;2006;14.6
AVQ_LAVORO_A_PIEDI;regione;emilia-romagna;2006;7.9
AVQ_LAVORO_A_PIEDI;regione;friuli-venezia-giulia;2006;9.9
AVQ_LAVORO_A_PIEDI;regione;lazio;2006;8.4
AVQ_LAVORO_A_PIEDI;regione;liguria;2006;14.4
AVQ_LAVORO_A_PIEDI;regione;lombardia;2006;10.6
AVQ_LAVORO_A_PIEDI;regione;marche;2006;11.9
AVQ_LAVORO_A_PIEDI;regione;molise;2006;16.0
AVQ_LAVORO_A_PIEDI;regione;piemonte;2006;11.0
AVQ_LAVORO_A_PIEDI;regione;puglia;2006;15.6
AVQ_LAVORO_A_PIEDI;regione;sardegna;2006;11.4
AVQ_LAVORO_A_PIEDI;regione;sicilia;2006;13.7
AVQ_LAVORO_A_PIEDI;regione;toscana;2006;10.2
AVQ_LAVORO_A_PIEDI;regione;trentino-alto-adige;2006;14.031938
AVQ_LAVORO_A_PIEDI;regione;umbria;2006;9.6
AVQ_LAVORO_A_PIEDI;regione;valle-d-aosta;2006;14.5
AVQ_LAVORO_A_PIEDI;regione;veneto;2006;8.4
AVQ_LAVORO_A_PIEDI;regione;abruzzo;2007;12.6
AVQ_LAVORO_A_PIEDI;regione;basilicata;2007;14.8
AVQ_LAVORO_A_PIEDI;regione;calabria;2007;12.4
AVQ_LAVORO_A_PIEDI;regione;campania;2007;16.6
AVQ_LAVORO_A_PIEDI;regione;emilia-romagna;2007;7.9
AVQ_LAVORO_A_PIEDI;regione;friuli-venezia-giulia;2007;8.5
AVQ_LAVORO_A_PIEDI;regione;lazio;2007;9.7
AVQ_LAVORO_A_PIEDI;regione;liguria;2007;11.3
AVQ_LAVORO_A_PIEDI;regione;lombardia;2007;10.0
AVQ_LAVORO_A_PIEDI;regione;marche;2007;11.0
AVQ_LAVORO_A_PIEDI;regione;molise;2007;13.3
AVQ_LAVORO_A_PIEDI;regione;piemonte;2007;11.4
AVQ_LAVORO_A_PIEDI;regione;puglia;2007;14.9
AVQ_LAVORO_A_PIEDI;regione;sardegna;2007;13.4
AVQ_LAVORO_A_PIEDI;regione;sicilia;2007;13.1
AVQ_LAVORO_A_PIEDI;regione;toscana;2007;10.5
AVQ_LAVORO_A_PIEDI;regione;trentino-alto-adige;2007;15.881554
AVQ_LAVORO_A_PIEDI;regione;umbria;2007;7.6
AVQ_LAVORO_A_PIEDI;regione;valle-d-aosta;2007;17.6
AVQ_LAVORO_A_PIEDI;regione;veneto;2007;9.0
AVQ_LAVORO_A_PIEDI;regione;abruzzo;2008;12.6
AVQ_LAVORO_A_PIEDI;regione;basilicata;2008;16.3
AVQ_LAVORO_A_PIEDI;regione;calabria;2008;13.2
AVQ_LAVORO_A_PIEDI;regione;campania;2008;19.3
AVQ_LAVORO_A_PIEDI;regione;emilia-romagna;2008;7.5
AVQ_LAVORO_A_PIEDI;regione;friuli-venezia-giulia;2008;9.5
AVQ_LAVORO_A_PIEDI;regione;lazio;2008;10.1
AVQ_LAVORO_A_PIEDI;regione;liguria;2008;14.8
AVQ_LAVORO_A_PIEDI;regione;lombardia;2008;8.5
AVQ_LAVORO_A_PIEDI;regione;marche;2008;11.3
AVQ_LAVORO_A_PIEDI;regione;molise;2008;13.0
AVQ_LAVORO_A_PIEDI;regione;piemonte;2008;9.5
AVQ_LAVORO_A_PIEDI;regione;puglia;2008;13.4
AVQ_LAVORO_A_PIEDI;regione;sardegna;2008;18.7
AVQ_LAVORO_A_PIEDI;regione;sicilia;2008;14.5
AVQ_LAVORO_A_PIEDI;regione;toscana;2008;9.8
AVQ_LAVORO_A_PIEDI;regione;trentino-alto-adige;2008;15.392314
AVQ_LAVORO_A_PIEDI;regione;umbria;2008;6.6
AVQ_LAVORO_A_PIEDI;regione;valle-d-aosta;2008;14.6
AVQ_LAVORO_A_PIEDI;regione;veneto;2008;8.1
AVQ_LAVORO_A_PIEDI;regione;abruzzo;2009;10.4
AVQ_LAVORO_A_PIEDI;regione;basilicata;2009;15.0
AVQ_LAVORO_A_PIEDI;regione;calabria;2009;10.4
AVQ_LAVORO_A_PIEDI;regione;campania;2009;18.4
AVQ_LAVORO_A_PIEDI;regione;emilia-romagna;2009;7.9
AVQ_LAVORO_A_PIEDI;regione;friuli-venezia-giulia;2009;9.1
AVQ_LAVORO_A_PIEDI;regione;lazio;2009;7.4
AVQ_LAVORO_A_PIEDI;regione;liguria;2009;14.6
AVQ_LAVORO_A_PIEDI;regione;lombardia;2009;9.6
AVQ_LAVORO_A_PIEDI;regione;marche;2009;13.2
AVQ_LAVORO_A_PIEDI;regione;molise;2009;13.9
AVQ_LAVORO_A_PIEDI;regione;piemonte;2009;12.2
AVQ_LAVORO_A_PIEDI;regione;puglia;2009;16.7
AVQ_LAVORO_A_PIEDI;regione;sardegna;2009;11.7
AVQ_LAVORO_A_PIEDI;regione;sicilia;2009;13.0
AVQ_LAVORO_A_PIEDI;regione;toscana;2009;12.0
AVQ_LAVORO_A_PIEDI;regione;trentino-alto-adige;2009;14.402306
AVQ_LAVORO_A_PIEDI;regione;umbria;2009;8.0
AVQ_LAVORO_A_PIEDI;regione;valle-d-aosta;2009;17.2
AVQ_LAVORO_A_PIEDI;regione;veneto;2009;8.7
AVQ_LAVORO_A_PIEDI;regione;abruzzo;2010;9.6
AVQ_LAVORO_A_PIEDI;regione;basilicata;2010;12.9
AVQ_LAVORO_A_PIEDI;regione;calabria;2010;10.2
AVQ_LAVORO_A_PIEDI;regione;campania;2010;16.9
AVQ_LAVORO_A_PIEDI;regione;emilia-romagna;2010;9.7
AVQ_LAVORO_A_PIEDI;regione;friuli-venezia-giulia;2010;7.7
AVQ_LAVORO_A_PIEDI;regione;lazio;2010;7.5
AVQ_LAVORO_A_PIEDI;regione;liguria;2010;13.3
AVQ_LAVORO_A_PIEDI;regione;lombardia;2010;9.2
AVQ_LAVORO_A_PIEDI;regione;marche;2010;12.2
AVQ_LAVORO_A_PIEDI;regione;molise;2010;11.9
AVQ_LAVORO_A_PIEDI;regione;piemonte;2010;11.8
AVQ_LAVORO_A_PIEDI;regione;puglia;2010;14.5
AVQ_LAVORO_A_PIEDI;regione;sardegna;2010;12.8
AVQ_LAVORO_A_PIEDI;regione;sicilia;2010;12.2
AVQ_LAVORO_A_PIEDI;regione;toscana;2010;9.8
AVQ_LAVORO_A_PIEDI;regione;trentino-alto-adige;2010;15.749616
AVQ_LAVORO_A_PIEDI;regione;umbria;2010;7.4
AVQ_LAVORO_A_PIEDI;regione;valle-d-aosta;2010;14.4
AVQ_LAVORO_A_PIEDI;regione;veneto;2010;7.7
AVQ_LAVORO_A_PIEDI;regione;abruzzo;2011;11.0
AVQ_LAVORO_A_PIEDI;regione;basilicata;2011;16.7
AVQ_LAVORO_A_PIEDI;regione;calabria;2011;14.5
AVQ_LAVORO_A_PIEDI;regione;campania;2011;18.6
AVQ_LAVORO_A_PIEDI;regione;emilia-romagna;2011;9.8
AVQ_LAVORO_A_PIEDI;regione;friuli-venezia-giulia;2011;9.7
AVQ_LAVORO_A_PIEDI;regione;lazio;2011;8.7
AVQ_LAVORO_A_PIEDI;regione;liguria;2011;12.8
AVQ_LAVORO_A_PIEDI;regione;lombardia;2011;10.7
AVQ_LAVORO_A_PIEDI;regione;marche;2011;8.4
AVQ_LAVORO_A_PIEDI;regione;molise;2011;14.9
AVQ_LAVORO_A_PIEDI;regione;piemonte;2011;13.6
AVQ_LAVORO_A_PIEDI;regione;puglia;2011;15.5
AVQ_LAVORO_A_PIEDI;regione;sardegna;2011;13.3
AVQ_LAVORO_A_PIEDI;regione;sicilia;2011;10.5
AVQ_LAVORO_A_PIEDI;regione;toscana;2011;10.4
AVQ_LAVORO_A_PIEDI;regione;trentino-alto-adige;2011;19.660376
AVQ_LAVORO_A_PIEDI;regione;umbria;2011;11.8
AVQ_LAVORO_A_PIEDI;regione;valle-d-aosta;2011;18.2
AVQ_LAVORO_A_PIEDI;regione;veneto;2011;9.6
AVQ_LAVORO_A_PIEDI;regione;abruzzo;2012;11.7
AVQ_LAVORO_A_PIEDI;regione;basilicata;2012;17.3
AVQ_LAVORO_A_PIEDI;regione;calabria;2012;16.7
AVQ_LAVORO_A_PIEDI;regione;campania;2012;18.1
AVQ_LAVORO_A_PIEDI;regione;emilia-romagna;2012;8.2
AVQ_LAVORO_A_PIEDI;regione;friuli-venezia-giulia;2012;10.2
AVQ_LAVORO_A_PIEDI;regione;lazio;2012;8.7
AVQ_LAVORO_A_PIEDI;regione;liguria;2012;16.4
AVQ_LAVORO_A_PIEDI;regione;lombardia;2012;8.8
AVQ_LAVORO_A_PIEDI;regione;marche;2012;6.2
AVQ_LAVORO_A_PIEDI;regione;molise;2012;15.9
AVQ_LAVORO_A_PIEDI;regione;piemonte;2012;10.7
AVQ_LAVORO_A_PIEDI;regione;puglia;2012;18.7
AVQ_LAVORO_A_PIEDI;regione;sardegna;2012;15.0
AVQ_LAVORO_A_PIEDI;regione;sicilia;2012;16.0
AVQ_LAVORO_A_PIEDI;regione;toscana;2012;10.6
AVQ_LAVORO_A_PIEDI;regione;trentino-alto-adige;2012;13.738087
AVQ_LAVORO_A_PIEDI;regione;umbria;2012;11.1
AVQ_LAVORO_A_PIEDI;regione;valle-d-aosta;2012;15.0
AVQ_LAVORO_A_PIEDI;regione;veneto;2012;8.8
AVQ_LAVORO_A_PIEDI;regione;abruzzo;2013;12.4
AVQ_LAVORO_A_PIEDI;regione;basilicata;2013;17.5
AVQ_LAVORO_A_PIEDI;regione;calabria;2013;14.4
AVQ_LAVORO_A_PIEDI;regione;campania;2013;18.4
AVQ_LAVORO_A_PIEDI;regione;emilia-romagna;2013;7.0
AVQ_LAVORO_A_PIEDI;regione;friuli-venezia-giulia;2013;9.3
AVQ_LAVORO_A_PIEDI;regione;lazio;2013;9.8
AVQ_LAVORO_A_PIEDI;regione;liguria;2013;17.3
AVQ_LAVORO_A_PIEDI;regione;lombardia;2013;9.0
AVQ_LAVORO_A_PIEDI;regione;marche;2013;10.2
AVQ_LAVORO_A_PIEDI;regione;molise;2013;13.3
AVQ_LAVORO_A_PIEDI;regione;piemonte;2013;13.2
AVQ_LAVORO_A_PIEDI;regione;puglia;2013;18.8
AVQ_LAVORO_A_PIEDI;regione;sardegna;2013;13.3
AVQ_LAVORO_A_PIEDI;regione;sicilia;2013;13.6
AVQ_LAVORO_A_PIEDI;regione;toscana;2013;7.1
AVQ_LAVORO_A_PIEDI;regione;trentino-alto-adige;2013;13.387703
AVQ_LAVORO_A_PIEDI;regione;umbria;2013;10.9
AVQ_LAVORO_A_PIEDI;regione;valle-d-aosta;2013;20.2
AVQ_LAVORO_A_PIEDI;regione;veneto;2013;9.0
AVQ_LAVORO_A_PIEDI;regione;abruzzo;2014;9.0
AVQ_LAVORO_A_PIEDI;regione;basilicata;2014;14.8
AVQ_LAVORO_A_PIEDI;regione;calabria;2014;14.9
AVQ_LAVORO_A_PIEDI;regione;campania;2014;17.6
AVQ_LAVORO_A_PIEDI;regione;emilia-romagna;2014;7.8
AVQ_LAVORO_A_PIEDI;regione;friuli-venezia-giulia;2014;8.6
AVQ_LAVORO_A_PIEDI;regione;lazio;2014;10.0
AVQ_LAVORO_A_PIEDI;regione;liguria;2014;14.9
AVQ_LAVORO_A_PIEDI;regione;lombardia;2014;9.1
AVQ_LAVORO_A_PIEDI;regione;marche;2014;9.3
AVQ_LAVORO_A_PIEDI;regione;molise;2014;12.0
AVQ_LAVORO_A_PIEDI;regione;piemonte;2014;11.2
AVQ_LAVORO_A_PIEDI;regione;puglia;2014;16.0
AVQ_LAVORO_A_PIEDI;regione;sardegna;2014;16.7
AVQ_LAVORO_A_PIEDI;regione;sicilia;2014;13.2
AVQ_LAVORO_A_PIEDI;regione;toscana;2014;8.0
AVQ_LAVORO_A_PIEDI;regione;trentino-alto-adige;2014;16.692314
AVQ_LAVORO_A_PIEDI;regione;umbria;2014;8.5
AVQ_LAVORO_A_PIEDI;regione;valle-d-aosta;2014;20.3
AVQ_LAVORO_A_PIEDI;regione;veneto;2014;9.4
AVQ_LAVORO_A_PIEDI;regione;abruzzo;2015;12.3
AVQ_LAVORO_A_PIEDI;regione;basilicata;2015;19.9
AVQ_LAVORO_A_PIEDI;regione;calabria;2015;14.4
AVQ_LAVORO_A_PIEDI;regione;campania;2015;20.1
AVQ_LAVORO_A_PIEDI;regione;emilia-romagna;2015;8.9
AVQ_LAVORO_A_PIEDI;regione;friuli-venezia-giulia;2015;7.4
AVQ_LAVORO_A_PIEDI;regione;lazio;2015;10.7
AVQ_LAVORO_A_PIEDI;regione;liguria;2015;15.6
AVQ_LAVORO_A_PIEDI;regione;lombardia;2015;8.8
AVQ_LAVORO_A_PIEDI;regione;marche;2015;9.6
AVQ_LAVORO_A_PIEDI;regione;molise;2015;14.9
AVQ_LAVORO_A_PIEDI;regione;piemonte;2015;10.8
AVQ_LAVORO_A_PIEDI;regione;puglia;2015;17.2
AVQ_LAVORO_A_PIEDI;regione;sardegna;2015;16.8
AVQ_LAVORO_A_PIEDI;regione;sicilia;2015;14.1
AVQ_LAVORO_A_PIEDI;regione;toscana;2015;12.2
AVQ_LAVORO_A_PIEDI;regione;trentino-alto-adige;2015;16.545004
AVQ_LAVORO_A_PIEDI;regione;umbria;2015;10.1
AVQ_LAVORO_A_PIEDI;regione;valle-d-aosta;2015;18.6
AVQ_LAVORO_A_PIEDI;regione;veneto;2015;7.8
AVQ_LAVORO_A_PIEDI;regione;abruzzo;2016;10.9
AVQ_LAVORO_A_PIEDI;regione;basilicata;2016;12.2
AVQ_LAVORO_A_PIEDI;regione;calabria;2016;13.5
AVQ_LAVORO_A_PIEDI;regione;campania;2016;17.5
AVQ_LAVORO_A_PIEDI;regione;emilia-romagna;2016;8.6
AVQ_LAVORO_A_PIEDI;regione;friuli-venezia-giulia;2016;8.3
AVQ_LAVORO_A_PIEDI;regione;lazio;2016;9.4
AVQ_LAVORO_A_PIEDI;regione;liguria;2016;14.9
AVQ_LAVORO_A_PIEDI;regione;lombardia;2016;9.9
AVQ_LAVORO_A_PIEDI;regione;marche;2016;9.4
AVQ_LAVORO_A_PIEDI;regione;molise;2016;13.1
AVQ_LAVORO_A_PIEDI;regione;piemonte;2016;13.5
AVQ_LAVORO_A_PIEDI;regione;puglia;2016;16.8
AVQ_LAVORO_A_PIEDI;regione;sardegna;2016;12.8
AVQ_LAVORO_A_PIEDI;regione;sicilia;2016;13.3
AVQ_LAVORO_A_PIEDI;regione;toscana;2016;9.6
AVQ_LAVORO_A_PIEDI;regione;trentino-alto-adige;2016;15.059265
AVQ_LAVORO_A_PIEDI;regione;umbria;2016;11.2
AVQ_LAVORO_A_PIEDI;regione;valle-d-aosta;2016;20.0
AVQ_LAVORO_A_PIEDI;regione;veneto;2016;8.4
AVQ_LAVORO_A_PIEDI;regione;abruzzo;2017;11.0
AVQ_LAVORO_A_PIEDI;regione;basilicata;2017;17.3
AVQ_LAVORO_A_PIEDI;regione;calabria;2017;12.7
AVQ_LAVORO_A_PIEDI;regione;campania;2017;18.2
AVQ_LAVORO_A_PIEDI;regione;emilia-romagna;2017;9.9
AVQ_LAVORO_A_PIEDI;regione;friuli-venezia-giulia;2017;10.2
AVQ_LAVORO_A_PIEDI;regione;lazio;2017;11.8
AVQ_LAVORO_A_PIEDI;regione;liguria;2017;16.2
AVQ_LAVORO_A_PIEDI;regione;lombardia;2017;8.6
AVQ_LAVORO_A_PIEDI;regione;marche;2017;7.9
AVQ_LAVORO_A_PIEDI;regione;molise;2017;16.3
AVQ_LAVORO_A_PIEDI;regione;piemonte;2017;13.8
AVQ_LAVORO_A_PIEDI;regione;puglia;2017;18.0
AVQ_LAVORO_A_PIEDI;regione;sardegna;2017;14.8
AVQ_LAVORO_A_PIEDI;regione;sicilia;2017;13.0
AVQ_LAVORO_A_PIEDI;regione;toscana;2017;12.1
AVQ_LAVORO_A_PIEDI;regione;trentino-alto-adige;2017;17.663108
AVQ_LAVORO_A_PIEDI;regione;umbria;2017;6.9
AVQ_LAVORO_A_PIEDI;regione;valle-d-aosta;2017;16.4
AVQ_LAVORO_A_PIEDI;regione;veneto;2017;8.8
AVQ_LAVORO_A_PIEDI;regione;abruzzo;2018;12.6
AVQ_LAVORO_A_PIEDI;regione;basilicata;2018;13.7
AVQ_LAVORO_A_PIEDI;regione;calabria;2018;15.1
AVQ_LAVORO_A_PIEDI;regione;campania;2018;17.4
AVQ_LAVORO_A_PIEDI;regione;emilia-romagna;2018;10.9
AVQ_LAVORO_A_PIEDI;regione;friuli-venezia-giulia;2018;11.0
AVQ_LAVORO_A_PIEDI;regione;lazio;2018;10.6
AVQ_LAVORO_A_PIEDI;regione;liguria;2018;14.1
AVQ_LAVORO_A_PIEDI;regione;lombardia;2018;10.3
AVQ_LAVORO_A_PIEDI;regione;marche;2018;9.8
AVQ_LAVORO_A_PIEDI;regione;molise;2018;13.4
AVQ_LAVORO_A_PIEDI;regione;piemonte;2018;14.3
AVQ_LAVORO_A_PIEDI;regione;puglia;2018;16.5
AVQ_LAVORO_A_PIEDI;regione;sardegna;2018;12.9
AVQ_LAVORO_A_PIEDI;regione;sicilia;2018;15.4
AVQ_LAVORO_A_PIEDI;regione;toscana;2018;11.0
AVQ_LAVORO_A_PIEDI;regione;trentino-alto-adige;2018;14.892314
AVQ_LAVORO_A_PIEDI;regione;umbria;2018;9.5
AVQ_LAVORO_A_PIEDI;regione;valle-d-aosta;2018;21.3
AVQ_LAVORO_A_PIEDI;regione;veneto;2018;10.3
AVQ_LAVORO_A_PIEDI;regione;abruzzo;2019;7.7
AVQ_LAVORO_A_PIEDI;regione;basilicata;2019;14.0
AVQ_LAVORO_A_PIEDI;regione;calabria;2019;12.6
AVQ_LAVORO_A_PIEDI;regione;campania;2019;17.1
AVQ_LAVORO_A_PIEDI;regione;emilia-romagna;2019;9.9
AVQ_LAVORO_A_PIEDI;regione;friuli-venezia-giulia;2019;12.1
AVQ_LAVORO_A_PIEDI;regione;lazio;2019;11.2
AVQ_LAVORO_A_PIEDI;regione;liguria;2019;17.0
AVQ_LAVORO_A_PIEDI;regione;lombardia;2019;10.5
AVQ_LAVORO_A_PIEDI;regione;marche;2019;10.7
AVQ_LAVORO_A_PIEDI;regione;molise;2019;13.4
AVQ_LAVORO_A_PIEDI;regione;piemonte;2019;11.8
AVQ_LAVORO_A_PIEDI;regione;puglia;2019;15.7
AVQ_LAVORO_A_PIEDI;regione;sardegna;2019;14.9
AVQ_LAVORO_A_PIEDI;regione;sicilia;2019;12.8
AVQ_LAVORO_A_PIEDI;regione;toscana;2019;11.3
AVQ_LAVORO_A_PIEDI;regione;trentino-alto-adige;2019;15.757728
AVQ_LAVORO_A_PIEDI;regione;umbria;2019;10.8
AVQ_LAVORO_A_PIEDI;regione;valle-d-aosta;2019;19.9
AVQ_LAVORO_A_PIEDI;regione;veneto;2019;9.4
AVQ_LAVORO_A_PIEDI;regione;abruzzo;2020;13.2
AVQ_LAVORO_A_PIEDI;regione;basilicata;2020;12.8
AVQ_LAVORO_A_PIEDI;regione;calabria;2020;16.6
AVQ_LAVORO_A_PIEDI;regione;campania;2020;20.3
AVQ_LAVORO_A_PIEDI;regione;emilia-romagna;2020;9.7
AVQ_LAVORO_A_PIEDI;regione;friuli-venezia-giulia;2020;9.0
AVQ_LAVORO_A_PIEDI;regione;lazio;2020;9.5
AVQ_LAVORO_A_PIEDI;regione;liguria;2020;14.4
AVQ_LAVORO_A_PIEDI;regione;lombardia;2020;9.6
AVQ_LAVORO_A_PIEDI;regione;marche;2020;11.0
AVQ_LAVORO_A_PIEDI;regione;molise;2020;12.5
AVQ_LAVORO_A_PIEDI;regione;piemonte;2020;12.1
AVQ_LAVORO_A_PIEDI;regione;puglia;2020;14.2
AVQ_LAVORO_A_PIEDI;regione;sardegna;2020;14.9
AVQ_LAVORO_A_PIEDI;regione;sicilia;2020;13.3
AVQ_LAVORO_A_PIEDI;regione;toscana;2020;10.7
AVQ_LAVORO_A_PIEDI;regione;trentino-alto-adige;2020;19.020409
AVQ_LAVORO_A_PIEDI;regione;umbria;2020;9.0
AVQ_LAVORO_A_PIEDI;regione;valle-d-aosta;2020;19.7
AVQ_LAVORO_A_PIEDI;regione;veneto;2020;6.4
AVQ_LAVORO_A_PIEDI;regione;abruzzo;2021;13.8
AVQ_LAVORO_A_PIEDI;regione;basilicata;2021;15.5
AVQ_LAVORO_A_PIEDI;regione;calabria;2021;14.0
AVQ_LAVORO_A_PIEDI;regione;campania;2021;17.2
AVQ_LAVORO_A_PIEDI;regione;emilia-romagna;2021;10.7
AVQ_LAVORO_A_PIEDI;regione;friuli-venezia-giulia;2021;8.2
AVQ_LAVORO_A_PIEDI;regione;lazio;2021;11.5
AVQ_LAVORO_A_PIEDI;regione;liguria;2021;15.8
AVQ_LAVORO_A_PIEDI;regione;lombardia;2021;12.1
AVQ_LAVORO_A_PIEDI;regione;marche;2021;9.4
AVQ_LAVORO_A_PIEDI;regione;molise;2021;13.7
AVQ_LAVORO_A_PIEDI;regione;piemonte;2021;15.1
AVQ_LAVORO_A_PIEDI;regione;puglia;2021;17.0
AVQ_LAVORO_A_PIEDI;regione;sardegna;2021;13.1
AVQ_LAVORO_A_PIEDI;regione;sicilia;2021;11.6
AVQ_LAVORO_A_PIEDI;regione;toscana;2021;9.8
AVQ_LAVORO_A_PIEDI;regione;trentino-alto-adige;2021;14.218872
AVQ_LAVORO_A_PIEDI;regione;umbria;2021;10.9
AVQ_LAVORO_A_PIEDI;regione;valle-d-aosta;2021;20.4
AVQ_LAVORO_A_PIEDI;regione;veneto;2021;7.3
AVQ_LAVORO_A_PIEDI;regione;abruzzo;2022;9.8
AVQ_LAVORO_A_PIEDI;regione;basilicata;2022;19.8
AVQ_LAVORO_A_PIEDI;regione;calabria;2022;14.8
AVQ_LAVORO_A_PIEDI;regione;campania;2022;19.9
AVQ_LAVORO_A_PIEDI;regione;emilia-romagna;2022;9.1
AVQ_LAVORO_A_PIEDI;regione;friuli-venezia-giulia;2022;10.0
AVQ_LAVORO_A_PIEDI;regione;lazio;2022;9.6
AVQ_LAVORO_A_PIEDI;regione;liguria;2022;16.5
AVQ_LAVORO_A_PIEDI;regione;lombardia;2022;9.5
AVQ_LAVORO_A_PIEDI;regione;marche;2022;11.1
AVQ_LAVORO_A_PIEDI;regione;molise;2022;13.6
AVQ_LAVORO_A_PIEDI;regione;piemonte;2022;11.0
AVQ_LAVORO_A_PIEDI;regione;puglia;2022;14.6
AVQ_LAVORO_A_PIEDI;regione;sardegna;2022;14.2
AVQ_LAVORO_A_PIEDI;regione;sicilia;2022;13.8
AVQ_LAVORO_A_PIEDI;regione;toscana;2022;13.0
AVQ_LAVORO_A_PIEDI;regione;trentino-alto-adige;2022;18.566182
AVQ_LAVORO_A_PIEDI;regione;umbria;2022;9.2
AVQ_LAVORO_A_PIEDI;regione;valle-d-aosta;2022;17.8
AVQ_LAVORO_A_PIEDI;regione;veneto;2022;7.0
AVQ_LAVORO_A_PIEDI;regione;abruzzo;2023;11.2
AVQ_LAVORO_A_PIEDI;regione;basilicata;2023;14.1
AVQ_LAVORO_A_PIEDI;regione;calabria;2023;17.2
AVQ_LAVORO_A_PIEDI;regione;campania;2023;16.9
AVQ_LAVORO_A_PIEDI;regione;emilia-romagna;2023;7.8
AVQ_LAVORO_A_PIEDI;regione;friuli-venezia-giulia;2023;9.7
AVQ_LAVORO_A_PIEDI;regione;lazio;2023;10.2
AVQ_LAVORO_A_PIEDI;regione;liguria;2023;13.9
AVQ_LAVORO_A_PIEDI;regione;lombardia;2023;11.8
AVQ_LAVORO_A_PIEDI;regione;marche;2023;10.3
AVQ_LAVORO_A_PIEDI;regione;molise;2023;16.3
AVQ_LAVORO_A_PIEDI;regione;piemonte;2023;11.8
AVQ_LAVORO_A_PIEDI;regione;puglia;2023;15.0
AVQ_LAVORO_A_PIEDI;regione;sardegna;2023;13.1
AVQ_LAVORO_A_PIEDI;regione;sicilia;2023;12.4
AVQ_LAVORO_A_PIEDI;regione;toscana;2023;11.1
AVQ_LAVORO_A_PIEDI;regione;trentino-alto-adige;2023;17.08924
AVQ_LAVORO_A_PIEDI;regione;umbria;2023;5.9
AVQ_LAVORO_A_PIEDI;regione;valle-d-aosta;2023;17.6
AVQ_LAVORO_A_PIEDI;regione;veneto;2023;8.9
AVQ_LAVORO_A_PIEDI;regione;abruzzo;2024;9.3
AVQ_LAVORO_A_PIEDI;regione;basilicata;2024;12.7
AVQ_LAVORO_A_PIEDI;regione;calabria;2024;14.2
AVQ_LAVORO_A_PIEDI;regione;campania;2024;16.3
AVQ_LAVORO_A_PIEDI;regione;emilia-romagna;2024;9.5
AVQ_LAVORO_A_PIEDI;regione;friuli-venezia-giulia;2024;11.0
AVQ_LAVORO_A_PIEDI;regione;lazio;2024;10.5
AVQ_LAVORO_A_PIEDI;regione;liguria;2024;15.4
AVQ_LAVORO_A_PIEDI;regione;lombardia;2024;11.6
AVQ_LAVORO_A_PIEDI;regione;marche;2024;9.0
AVQ_LAVORO_A_PIEDI;regione;molise;2024;8.3
AVQ_LAVORO_A_PIEDI;regione;piemonte;2024;14.1
AVQ_LAVORO_A_PIEDI;regione;puglia;2024;15.4
AVQ_LAVORO_A_PIEDI;regione;sardegna;2024;12.8
AVQ_LAVORO_A_PIEDI;regione;sicilia;2024;11.0
AVQ_LAVORO_A_PIEDI;regione;toscana;2024;11.0
AVQ_LAVORO_A_PIEDI;regione;trentino-alto-adige;2024;18.929632
AVQ_LAVORO_A_PIEDI;regione;umbria;2024;10.1
AVQ_LAVORO_A_PIEDI;regione;valle-d-aosta;2024;17.2
AVQ_LAVORO_A_PIEDI;regione;veneto;2024;9.7
AVQ_LAVORO_A_PIEDI;regione;abruzzo;2025;11.6
AVQ_LAVORO_A_PIEDI;regione;basilicata;2025;14.6
AVQ_LAVORO_A_PIEDI;regione;calabria;2025;13.0
AVQ_LAVORO_A_PIEDI;regione;campania;2025;16.0
AVQ_LAVORO_A_PIEDI;regione;emilia-romagna;2025;10.3
AVQ_LAVORO_A_PIEDI;regione;friuli-venezia-giulia;2025;10.1
AVQ_LAVORO_A_PIEDI;regione;lazio;2025;10.0
AVQ_LAVORO_A_PIEDI;regione;liguria;2025;16.3
AVQ_LAVORO_A_PIEDI;regione;lombardia;2025;9.0
AVQ_LAVORO_A_PIEDI;regione;marche;2025;9.6
AVQ_LAVORO_A_PIEDI;regione;molise;2025;13.5
AVQ_LAVORO_A_PIEDI;regione;piemonte;2025;12.7
AVQ_LAVORO_A_PIEDI;regione;puglia;2025;15.5
AVQ_LAVORO_A_PIEDI;regione;sardegna;2025;14.2
AVQ_LAVORO_A_PIEDI;regione;sicilia;2025;10.7
AVQ_LAVORO_A_PIEDI;regione;toscana;2025;10.6
AVQ_LAVORO_A_PIEDI;regione;trentino-alto-adige;2025;15.690008
AVQ_LAVORO_A_PIEDI;regione;umbria;2025;8.6
AVQ_LAVORO_A_PIEDI;regione;valle-d-aosta;2025;16.2
AVQ_LAVORO_A_PIEDI;regione;veneto;2025;9.1
AVQ_LAVORO_BICICLETTA;regione;abruzzo;2001;0.6
AVQ_LAVORO_BICICLETTA;regione;basilicata;2001;0.0
AVQ_LAVORO_BICICLETTA;regione;calabria;2001;0.2
AVQ_LAVORO_BICICLETTA;regione;campania;2001;0.4
AVQ_LAVORO_BICICLETTA;regione;emilia-romagna;2001;6.9
AVQ_LAVORO_BICICLETTA;regione;friuli-venezia-giulia;2001;4.2
AVQ_LAVORO_BICICLETTA;regione;lazio;2001;0.6
AVQ_LAVORO_BICICLETTA;regione;liguria;2001;0.7
AVQ_LAVORO_BICICLETTA;regione;lombardia;2001;3.5
AVQ_LAVORO_BICICLETTA;regione;marche;2001;1.6
AVQ_LAVORO_BICICLETTA;regione;molise;2001;0.0
AVQ_LAVORO_BICICLETTA;regione;piemonte;2001;2.2
AVQ_LAVORO_BICICLETTA;regione;puglia;2001;0.8
AVQ_LAVORO_BICICLETTA;regione;sardegna;2001;0.8
AVQ_LAVORO_BICICLETTA;regione;sicilia;2001;0.5
AVQ_LAVORO_BICICLETTA;regione;toscana;2001;3.9
AVQ_LAVORO_BICICLETTA;regione;trentino-alto-adige;2001;5.381554
AVQ_LAVORO_BICICLETTA;regione;umbria;2001;1.2
AVQ_LAVORO_BICICLETTA;regione;valle-d-aosta;2001;1.7
AVQ_LAVORO_BICICLETTA;regione;veneto;2001;5.3
AVQ_LAVORO_BICICLETTA;regione;abruzzo;2002;0.7
AVQ_LAVORO_BICICLETTA;regione;basilicata;2002;0.4
AVQ_LAVORO_BICICLETTA;regione;calabria;2002;0.3
AVQ_LAVORO_BICICLETTA;regione;campania;2002;0.5
AVQ_LAVORO_BICICLETTA;regione;emilia-romagna;2002;7.5
AVQ_LAVORO_BICICLETTA;regione;friuli-venezia-giulia;2002;4.0
AVQ_LAVORO_BICICLETTA;regione;lazio;2002;0.8
AVQ_LAVORO_BICICLETTA;regione;liguria;2002;1.9
AVQ_LAVORO_BICICLETTA;regione;lombardia;2002;4.0
AVQ_LAVORO_BICICLETTA;regione;marche;2002;3.2
AVQ_LAVORO_BICICLETTA;regione;molise;2002;0.0
AVQ_LAVORO_BICICLETTA;regione;piemonte;2002;2.0
AVQ_LAVORO_BICICLETTA;regione;puglia;2002;1.4
AVQ_LAVORO_BICICLETTA;regione;sardegna;2002;0.7
AVQ_LAVORO_BICICLETTA;regione;sicilia;2002;0.6
AVQ_LAVORO_BICICLETTA;regione;toscana;2002;3.7
AVQ_LAVORO_BICICLETTA;regione;trentino-alto-adige;2002;6.319641
AVQ_LAVORO_BICICLETTA;regione;umbria;2002;0.9
AVQ_LAVORO_BICICLETTA;regione;valle-d-aosta;2002;2.0
AVQ_LAVORO_BICICLETTA;regione;veneto;2002;6.1
AVQ_LAVORO_BICICLETTA;regione;abruzzo;2003;1.3
AVQ_LAVORO_BICICLETTA;regione;basilicata;2003;0.0
AVQ_LAVORO_BICICLETTA;regione;calabria;2003;0.3
AVQ_LAVORO_BICICLETTA;regione;campania;2003;0.5
AVQ_LAVORO_BICICLETTA;regione;emilia-romagna;2003;6.9
AVQ_LAVORO_BICICLETTA;regione;friuli-venezia-giulia;2003;5.0
AVQ_LAVORO_BICICLETTA;regione;lazio;2003;0.4
AVQ_LAVORO_BICICLETTA;regione;liguria;2003;1.8
AVQ_LAVORO_BICICLETTA;regione;lombardia;2003;4.0
AVQ_LAVORO_BICICLETTA;regione;marche;2003;2.3
AVQ_LAVORO_BICICLETTA;regione;molise;2003;0.0
AVQ_LAVORO_BICICLETTA;regione;piemonte;2003;2.4
AVQ_LAVORO_BICICLETTA;regione;puglia;2003;0.2
AVQ_LAVORO_BICICLETTA;regione;sardegna;2003;0.9
AVQ_LAVORO_BICICLETTA;regione;sicilia;2003;0.3
AVQ_LAVORO_BICICLETTA;regione;toscana;2003;5.0
AVQ_LAVORO_BICICLETTA;regione;trentino-alto-adige;2003;6.88386
AVQ_LAVORO_BICICLETTA;regione;umbria;2003;2.5
AVQ_LAVORO_BICICLETTA;regione;valle-d-aosta;2003;1.7
AVQ_LAVORO_BICICLETTA;regione;veneto;2003;5.8
AVQ_LAVORO_BICICLETTA;regione;abruzzo;2005;1.6
AVQ_LAVORO_BICICLETTA;regione;basilicata;2005;0.4
AVQ_LAVORO_BICICLETTA;regione;calabria;2005;0.0
AVQ_LAVORO_BICICLETTA;regione;campania;2005;0.2
AVQ_LAVORO_BICICLETTA;regione;emilia-romagna;2005;7.4
AVQ_LAVORO_BICICLETTA;regione;friuli-venezia-giulia;2005;4.7
AVQ_LAVORO_BICICLETTA;regione;lazio;2005;0.1
AVQ_LAVORO_BICICLETTA;regione;liguria;2005;0.7
AVQ_LAVORO_BICICLETTA;regione;lombardia;2005;4.4
AVQ_LAVORO_BICICLETTA;regione;marche;2005;2.1
AVQ_LAVORO_BICICLETTA;regione;molise;2005;0.0
AVQ_LAVORO_BICICLETTA;regione;piemonte;2005;2.6
AVQ_LAVORO_BICICLETTA;regione;puglia;2005;1.5
AVQ_LAVORO_BICICLETTA;regione;sardegna;2005;0.3
AVQ_LAVORO_BICICLETTA;regione;sicilia;2005;0.1
AVQ_LAVORO_BICICLETTA;regione;toscana;2005;3.5
AVQ_LAVORO_BICICLETTA;regione;trentino-alto-adige;2005;6.865413
AVQ_LAVORO_BICICLETTA;regione;umbria;2005;0.6
AVQ_LAVORO_BICICLETTA;regione;valle-d-aosta;2005;2.9
AVQ_LAVORO_BICICLETTA;regione;veneto;2005;6.0
AVQ_LAVORO_BICICLETTA;regione;abruzzo;2006;0.4
AVQ_LAVORO_BICICLETTA;regione;basilicata;2006;0.0
AVQ_LAVORO_BICICLETTA;regione;calabria;2006;0.3
AVQ_LAVORO_BICICLETTA;regione;campania;2006;0.6
AVQ_LAVORO_BICICLETTA;regione;emilia-romagna;2006;7.8
AVQ_LAVORO_BICICLETTA;regione;friuli-venezia-giulia;2006;3.2
AVQ_LAVORO_BICICLETTA;regione;lazio;2006;0.3
AVQ_LAVORO_BICICLETTA;regione;liguria;2006;0.7
AVQ_LAVORO_BICICLETTA;regione;lombardia;2006;4.4
AVQ_LAVORO_BICICLETTA;regione;marche;2006;1.3
AVQ_LAVORO_BICICLETTA;regione;molise;2006;0.4
AVQ_LAVORO_BICICLETTA;regione;piemonte;2006;3.1
AVQ_LAVORO_BICICLETTA;regione;puglia;2006;0.7
AVQ_LAVORO_BICICLETTA;regione;sardegna;2006;1.1
AVQ_LAVORO_BICICLETTA;regione;sicilia;2006;0.4
AVQ_LAVORO_BICICLETTA;regione;toscana;2006;3.7
AVQ_LAVORO_BICICLETTA;regione;trentino-alto-adige;2006;8.518104
AVQ_LAVORO_BICICLETTA;regione;umbria;2006;0.6
AVQ_LAVORO_BICICLETTA;regione;valle-d-aosta;2006;1.8
AVQ_LAVORO_BICICLETTA;regione;veneto;2006;5.6
AVQ_LAVORO_BICICLETTA;regione;abruzzo;2007;1.1
AVQ_LAVORO_BICICLETTA;regione;basilicata;2007;0.4
AVQ_LAVORO_BICICLETTA;regione;calabria;2007;0.5
AVQ_LAVORO_BICICLETTA;regione;campania;2007;0.2
AVQ_LAVORO_BICICLETTA;regione;emilia-romagna;2007;9.0
AVQ_LAVORO_BICICLETTA;regione;friuli-venezia-giulia;2007;5.0
AVQ_LAVORO_BICICLETTA;regione;lazio;2007;0.2
AVQ_LAVORO_BICICLETTA;regione;liguria;2007;0.9
AVQ_LAVORO_BICICLETTA;regione;lombardia;2007;4.4
AVQ_LAVORO_BICICLETTA;regione;marche;2007;2.0
AVQ_LAVORO_BICICLETTA;regione;molise;2007;0.0
AVQ_LAVORO_BICICLETTA;regione;piemonte;2007;2.9
AVQ_LAVORO_BICICLETTA;regione;puglia;2007;0.6
AVQ_LAVORO_BICICLETTA;regione;sardegna;2007;1.4
AVQ_LAVORO_BICICLETTA;regione;sicilia;2007;0.2
AVQ_LAVORO_BICICLETTA;regione;toscana;2007;4.2
AVQ_LAVORO_BICICLETTA;regione;trentino-alto-adige;2007;7.418872
AVQ_LAVORO_BICICLETTA;regione;umbria;2007;1.1
AVQ_LAVORO_BICICLETTA;regione;valle-d-aosta;2007;0.4
AVQ_LAVORO_BICICLETTA;regione;veneto;2007;7.3
AVQ_LAVORO_BICICLETTA;regione;abruzzo;2008;1.8
AVQ_LAVORO_BICICLETTA;regione;basilicata;2008;0.0
AVQ_LAVORO_BICICLETTA;regione;calabria;2008;0.3
AVQ_LAVORO_BICICLETTA;regione;campania;2008;0.5
AVQ_LAVORO_BICICLETTA;regione;emilia-romagna;2008;7.5
AVQ_LAVORO_BICICLETTA;regione;friuli-venezia-giulia;2008;6.0
AVQ_LAVORO_BICICLETTA;regione;lazio;2008;0.4
AVQ_LAVORO_BICICLETTA;regione;liguria;2008;1.3
AVQ_LAVORO_BICICLETTA;regione;lombardia;2008;4.3
AVQ_LAVORO_BICICLETTA;regione;marche;2008;1.8
AVQ_LAVORO_BICICLETTA;regione;molise;2008;0.0
AVQ_LAVORO_BICICLETTA;regione;piemonte;2008;3.0
AVQ_LAVORO_BICICLETTA;regione;puglia;2008;1.7
AVQ_LAVORO_BICICLETTA;regione;sardegna;2008;1.2
AVQ_LAVORO_BICICLETTA;regione;sicilia;2008;0.4
AVQ_LAVORO_BICICLETTA;regione;toscana;2008;4.4
AVQ_LAVORO_BICICLETTA;regione;trentino-alto-adige;2008;9.511955
AVQ_LAVORO_BICICLETTA;regione;umbria;2008;0.6
AVQ_LAVORO_BICICLETTA;regione;valle-d-aosta;2008;0.6
AVQ_LAVORO_BICICLETTA;regione;veneto;2008;5.6
AVQ_LAVORO_BICICLETTA;regione;abruzzo;2009;1.3
AVQ_LAVORO_BICICLETTA;regione;basilicata;2009;0.0
AVQ_LAVORO_BICICLETTA;regione;calabria;2009;0.1
AVQ_LAVORO_BICICLETTA;regione;campania;2009;0.8
AVQ_LAVORO_BICICLETTA;regione;emilia-romagna;2009;7.4
AVQ_LAVORO_BICICLETTA;regione;friuli-venezia-giulia;2009;4.1
AVQ_LAVORO_BICICLETTA;regione;lazio;2009;0.3
AVQ_LAVORO_BICICLETTA;regione;liguria;2009;2.0
AVQ_LAVORO_BICICLETTA;regione;lombardia;2009;4.9
AVQ_LAVORO_BICICLETTA;regione;marche;2009;3.3
AVQ_LAVORO_BICICLETTA;regione;molise;2009;0.0
AVQ_LAVORO_BICICLETTA;regione;piemonte;2009;3.5
AVQ_LAVORO_BICICLETTA;regione;puglia;2009;0.9
AVQ_LAVORO_BICICLETTA;regione;sardegna;2009;0.3
AVQ_LAVORO_BICICLETTA;regione;sicilia;2009;0.5
AVQ_LAVORO_BICICLETTA;regione;toscana;2009;3.5
AVQ_LAVORO_BICICLETTA;regione;trentino-alto-adige;2009;10.612723
AVQ_LAVORO_BICICLETTA;regione;umbria;2009;1.1
AVQ_LAVORO_BICICLETTA;regione;valle-d-aosta;2009;1.4
AVQ_LAVORO_BICICLETTA;regione;veneto;2009;6.9
AVQ_LAVORO_BICICLETTA;regione;abruzzo;2010;2.6
AVQ_LAVORO_BICICLETTA;regione;basilicata;2010;0.2
AVQ_LAVORO_BICICLETTA;regione;calabria;2010;0.2
AVQ_LAVORO_BICICLETTA;regione;campania;2010;0.5
AVQ_LAVORO_BICICLETTA;regione;emilia-romagna;2010;9.6
AVQ_LAVORO_BICICLETTA;regione;friuli-venezia-giulia;2010;5.3
AVQ_LAVORO_BICICLETTA;regione;lazio;2010;0.5
AVQ_LAVORO_BICICLETTA;regione;liguria;2010;1.3
AVQ_LAVORO_BICICLETTA;regione;lombardia;2010;3.9
AVQ_LAVORO_BICICLETTA;regione;marche;2010;1.5
AVQ_LAVORO_BICICLETTA;regione;molise;2010;0.0
AVQ_LAVORO_BICICLETTA;regione;piemonte;2010;2.4
AVQ_LAVORO_BICICLETTA;regione;puglia;2010;1.1
AVQ_LAVORO_BICICLETTA;regione;sardegna;2010;1.1
AVQ_LAVORO_BICICLETTA;regione;sicilia;2010;0.3
AVQ_LAVORO_BICICLETTA;regione;toscana;2010;4.9
AVQ_LAVORO_BICICLETTA;regione;trentino-alto-adige;2010;9.205038
AVQ_LAVORO_BICICLETTA;regione;umbria;2010;1.1
AVQ_LAVORO_BICICLETTA;regione;valle-d-aosta;2010;0.8
AVQ_LAVORO_BICICLETTA;regione;veneto;2010;6.2
AVQ_LAVORO_BICICLETTA;regione;abruzzo;2011;1.8
AVQ_LAVORO_BICICLETTA;regione;basilicata;2011;0.2
AVQ_LAVORO_BICICLETTA;regione;calabria;2011;0.6
AVQ_LAVORO_BICICLETTA;regione;campania;2011;0.5
AVQ_LAVORO_BICICLETTA;regione;emilia-romagna;2011;8.3
AVQ_LAVORO_BICICLETTA;regione;friuli-venezia-giulia;2011;4.4
AVQ_LAVORO_BICICLETTA;regione;lazio;2011;0.4
AVQ_LAVORO_BICICLETTA;regione;liguria;2011;1.9
AVQ_LAVORO_BICICLETTA;regione;lombardia;2011;3.9
AVQ_LAVORO_BICICLETTA;regione;marche;2011;2.9
AVQ_LAVORO_BICICLETTA;regione;molise;2011;0.2
AVQ_LAVORO_BICICLETTA;regione;piemonte;2011;2.9
AVQ_LAVORO_BICICLETTA;regione;puglia;2011;0.9
AVQ_LAVORO_BICICLETTA;regione;sardegna;2011;1.2
AVQ_LAVORO_BICICLETTA;regione;sicilia;2011;0.2
AVQ_LAVORO_BICICLETTA;regione;toscana;2011;2.9
AVQ_LAVORO_BICICLETTA;regione;trentino-alto-adige;2011;9.418104
AVQ_LAVORO_BICICLETTA;regione;umbria;2011;0.5
AVQ_LAVORO_BICICLETTA;regione;valle-d-aosta;2011;3.4
AVQ_LAVORO_BICICLETTA;regione;veneto;2011;6.5
AVQ_LAVORO_BICICLETTA;regione;abruzzo;2012;1.3
AVQ_LAVORO_BICICLETTA;regione;basilicata;2012;0.2
AVQ_LAVORO_BICICLETTA;regione;calabria;2012;0.3
AVQ_LAVORO_BICICLETTA;regione;campania;2012;0.4
AVQ_LAVORO_BICICLETTA;regione;emilia-romagna;2012;9.3
AVQ_LAVORO_BICICLETTA;regione;friuli-venezia-giulia;2012;4.6
AVQ_LAVORO_BICICLETTA;regione;lazio;2012;0.8
AVQ_LAVORO_BICICLETTA;regione;liguria;2012;0.8
AVQ_LAVORO_BICICLETTA;regione;lombardia;2012;6.6
AVQ_LAVORO_BICICLETTA;regione;marche;2012;3.6
AVQ_LAVORO_BICICLETTA;regione;molise;2012;0.0
AVQ_LAVORO_BICICLETTA;regione;piemonte;2012;4.5
AVQ_LAVORO_BICICLETTA;regione;puglia;2012;1.8
AVQ_LAVORO_BICICLETTA;regione;sardegna;2012;0.4
AVQ_LAVORO_BICICLETTA;regione;sicilia;2012;0.6
AVQ_LAVORO_BICICLETTA;regione;toscana;2012;3.4
AVQ_LAVORO_BICICLETTA;regione;trentino-alto-adige;2012;8.817335
AVQ_LAVORO_BICICLETTA;regione;umbria;2012;0.5
AVQ_LAVORO_BICICLETTA;regione;valle-d-aosta;2012;2.3
AVQ_LAVORO_BICICLETTA;regione;veneto;2012;6.2
AVQ_LAVORO_BICICLETTA;regione;abruzzo;2013;1.2
AVQ_LAVORO_BICICLETTA;regione;basilicata;2013;0.2
AVQ_LAVORO_BICICLETTA;regione;calabria;2013;0.4
AVQ_LAVORO_BICICLETTA;regione;campania;2013;1.0
AVQ_LAVORO_BICICLETTA;regione;emilia-romagna;2013;8.3
AVQ_LAVORO_BICICLETTA;regione;friuli-venezia-giulia;2013;7.3
AVQ_LAVORO_BICICLETTA;regione;lazio;2013;0.7
AVQ_LAVORO_BICICLETTA;regione;liguria;2013;2.0
AVQ_LAVORO_BICICLETTA;regione;lombardia;2013;5.8
AVQ_LAVORO_BICICLETTA;regione;marche;2013;2.9
AVQ_LAVORO_BICICLETTA;regione;molise;2013;0.0
AVQ_LAVORO_BICICLETTA;regione;piemonte;2013;2.6
AVQ_LAVORO_BICICLETTA;regione;puglia;2013;1.3
AVQ_LAVORO_BICICLETTA;regione;sardegna;2013;0.9
AVQ_LAVORO_BICICLETTA;regione;sicilia;2013;0.8
AVQ_LAVORO_BICICLETTA;regione;toscana;2013;4.8
AVQ_LAVORO_BICICLETTA;regione;trentino-alto-adige;2013;10.666182
AVQ_LAVORO_BICICLETTA;regione;umbria;2013;2.4
AVQ_LAVORO_BICICLETTA;regione;valle-d-aosta;2013;1.6
AVQ_LAVORO_BICICLETTA;regione;veneto;2013;6.0
AVQ_LAVORO_BICICLETTA;regione;abruzzo;2014;1.0
AVQ_LAVORO_BICICLETTA;regione;basilicata;2014;0.0
AVQ_LAVORO_BICICLETTA;regione;calabria;2014;0.4
AVQ_LAVORO_BICICLETTA;regione;campania;2014;0.8
AVQ_LAVORO_BICICLETTA;regione;emilia-romagna;2014;10.5
AVQ_LAVORO_BICICLETTA;regione;friuli-venezia-giulia;2014;7.6
AVQ_LAVORO_BICICLETTA;regione;lazio;2014;0.4
AVQ_LAVORO_BICICLETTA;regione;liguria;2014;1.8
AVQ_LAVORO_BICICLETTA;regione;lombardia;2014;6.1
AVQ_LAVORO_BICICLETTA;regione;marche;2014;3.3
AVQ_LAVORO_BICICLETTA;regione;molise;2014;0.5
AVQ_LAVORO_BICICLETTA;regione;piemonte;2014;3.8
AVQ_LAVORO_BICICLETTA;regione;puglia;2014;1.1
AVQ_LAVORO_BICICLETTA;regione;sardegna;2014;1.2
AVQ_LAVORO_BICICLETTA;regione;sicilia;2014;0.9
AVQ_LAVORO_BICICLETTA;regione;toscana;2014;4.6
AVQ_LAVORO_BICICLETTA;regione;trentino-alto-adige;2014;8.670794
AVQ_LAVORO_BICICLETTA;regione;umbria;2014;2.6
AVQ_LAVORO_BICICLETTA;regione;valle-d-aosta;2014;1.7
AVQ_LAVORO_BICICLETTA;regione;veneto;2014;8.6
AVQ_LAVORO_BICICLETTA;regione;abruzzo;2015;1.9
AVQ_LAVORO_BICICLETTA;regione;basilicata;2015;0.6
AVQ_LAVORO_BICICLETTA;regione;calabria;2015;0.6
AVQ_LAVORO_BICICLETTA;regione;campania;2015;1.1
AVQ_LAVORO_BICICLETTA;regione;emilia-romagna;2015;7.8
AVQ_LAVORO_BICICLETTA;regione;friuli-venezia-giulia;2015;5.5
AVQ_LAVORO_BICICLETTA;regione;lazio;2015;0.5
AVQ_LAVORO_BICICLETTA;regione;liguria;2015;1.2
AVQ_LAVORO_BICICLETTA;regione;lombardia;2015;4.7
AVQ_LAVORO_BICICLETTA;regione;marche;2015;3.1
AVQ_LAVORO_BICICLETTA;regione;molise;2015;0.5
AVQ_LAVORO_BICICLETTA;regione;piemonte;2015;2.7
AVQ_LAVORO_BICICLETTA;regione;puglia;2015;0.9
AVQ_LAVORO_BICICLETTA;regione;sardegna;2015;0.8
AVQ_LAVORO_BICICLETTA;regione;sicilia;2015;0.6
AVQ_LAVORO_BICICLETTA;regione;toscana;2015;4.1
AVQ_LAVORO_BICICLETTA;regione;trentino-alto-adige;2015;8.564645
AVQ_LAVORO_BICICLETTA;regione;umbria;2015;1.9
AVQ_LAVORO_BICICLETTA;regione;valle-d-aosta;2015;1.2
AVQ_LAVORO_BICICLETTA;regione;veneto;2015;7.7
AVQ_LAVORO_BICICLETTA;regione;abruzzo;2016;1.7
AVQ_LAVORO_BICICLETTA;regione;basilicata;2016;0.0
AVQ_LAVORO_BICICLETTA;regione;calabria;2016;1.9
AVQ_LAVORO_BICICLETTA;regione;campania;2016;1.1
AVQ_LAVORO_BICICLETTA;regione;emilia-romagna;2016;7.5
AVQ_LAVORO_BICICLETTA;regione;friuli-venezia-giulia;2016;6.1
AVQ_LAVORO_BICICLETTA;regione;lazio;2016;0.5
AVQ_LAVORO_BICICLETTA;regione;liguria;2016;0.9
AVQ_LAVORO_BICICLETTA;regione;lombardia;2016;5.2
AVQ_LAVORO_BICICLETTA;regione;marche;2016;3.6
AVQ_LAVORO_BICICLETTA;regione;molise;2016;0.0
AVQ_LAVORO_BICICLETTA;regione;piemonte;2016;4.1
AVQ_LAVORO_BICICLETTA;regione;puglia;2016;2.1
AVQ_LAVORO_BICICLETTA;regione;sardegna;2016;0.4
AVQ_LAVORO_BICICLETTA;regione;sicilia;2016;1.2
AVQ_LAVORO_BICICLETTA;regione;toscana;2016;3.6
AVQ_LAVORO_BICICLETTA;regione;trentino-alto-adige;2016;10.416566
AVQ_LAVORO_BICICLETTA;regione;umbria;2016;0.5
AVQ_LAVORO_BICICLETTA;regione;valle-d-aosta;2016;2.1
AVQ_LAVORO_BICICLETTA;regione;veneto;2016;7.1
AVQ_LAVORO_BICICLETTA;regione;abruzzo;2017;1.7
AVQ_LAVORO_BICICLETTA;regione;basilicata;2017;0.3
AVQ_LAVORO_BICICLETTA;regione;calabria;2017;1.2
AVQ_LAVORO_BICICLETTA;regione;campania;2017;0.8
AVQ_LAVORO_BICICLETTA;regione;emilia-romagna;2017;8.0
AVQ_LAVORO_BICICLETTA;regione;friuli-venezia-giulia;2017;6.6
AVQ_LAVORO_BICICLETTA;regione;lazio;2017;1.7
AVQ_LAVORO_BICICLETTA;regione;liguria;2017;1.7
AVQ_LAVORO_BICICLETTA;regione;lombardia;2017;5.0
AVQ_LAVORO_BICICLETTA;regione;marche;2017;3.4
AVQ_LAVORO_BICICLETTA;regione;molise;2017;1.1
AVQ_LAVORO_BICICLETTA;regione;piemonte;2017;3.0
AVQ_LAVORO_BICICLETTA;regione;puglia;2017;1.3
AVQ_LAVORO_BICICLETTA;regione;sardegna;2017;1.6
AVQ_LAVORO_BICICLETTA;regione;sicilia;2017;1.3
AVQ_LAVORO_BICICLETTA;regione;toscana;2017;7.2
AVQ_LAVORO_BICICLETTA;regione;trentino-alto-adige;2017;10.177711
AVQ_LAVORO_BICICLETTA;regione;umbria;2017;1.9
AVQ_LAVORO_BICICLETTA;regione;valle-d-aosta;2017;2.8
AVQ_LAVORO_BICICLETTA;regione;veneto;2017;8.6
AVQ_LAVORO_BICICLETTA;regione;abruzzo;2018;1.3
AVQ_LAVORO_BICICLETTA;regione;basilicata;2018;0.3
AVQ_LAVORO_BICICLETTA;regione;calabria;2018;0.7
AVQ_LAVORO_BICICLETTA;regione;campania;2018;1.1
AVQ_LAVORO_BICICLETTA;regione;emilia-romagna;2018;7.7
AVQ_LAVORO_BICICLETTA;regione;friuli-venezia-giulia;2018;6.8
AVQ_LAVORO_BICICLETTA;regione;lazio;2018;1.1
AVQ_LAVORO_BICICLETTA;regione;liguria;2018;1.8
AVQ_LAVORO_BICICLETTA;regione;lombardia;2018;5.0
AVQ_LAVORO_BICICLETTA;regione;marche;2018;2.8
AVQ_LAVORO_BICICLETTA;regione;molise;2018;0.5
AVQ_LAVORO_BICICLETTA;regione;piemonte;2018;4.5
AVQ_LAVORO_BICICLETTA;regione;puglia;2018;2.0
AVQ_LAVORO_BICICLETTA;regione;sardegna;2018;0.4
AVQ_LAVORO_BICICLETTA;regione;sicilia;2018;1.3
AVQ_LAVORO_BICICLETTA;regione;toscana;2018;5.3
AVQ_LAVORO_BICICLETTA;regione;trentino-alto-adige;2018;8.973099
AVQ_LAVORO_BICICLETTA;regione;umbria;2018;2.4
AVQ_LAVORO_BICICLETTA;regione;valle-d-aosta;2018;3.4
AVQ_LAVORO_BICICLETTA;regione;veneto;2018;7.1
AVQ_LAVORO_BICICLETTA;regione;abruzzo;2019;1.6
AVQ_LAVORO_BICICLETTA;regione;basilicata;2019;0.2
AVQ_LAVORO_BICICLETTA;regione;calabria;2019;0.1
AVQ_LAVORO_BICICLETTA;regione;campania;2019;1.0
AVQ_LAVORO_BICICLETTA;regione;emilia-romagna;2019;6.6
AVQ_LAVORO_BICICLETTA;regione;friuli-venezia-giulia;2019;5.8
AVQ_LAVORO_BICICLETTA;regione;lazio;2019;1.3
AVQ_LAVORO_BICICLETTA;regione;liguria;2019;1.7
AVQ_LAVORO_BICICLETTA;regione;lombardia;2019;4.2
AVQ_LAVORO_BICICLETTA;regione;marche;2019;1.1
AVQ_LAVORO_BICICLETTA;regione;molise;2019;0.2
AVQ_LAVORO_BICICLETTA;regione;piemonte;2019;2.6
AVQ_LAVORO_BICICLETTA;regione;puglia;2019;2.3
AVQ_LAVORO_BICICLETTA;regione;sardegna;2019;1.8
AVQ_LAVORO_BICICLETTA;regione;sicilia;2019;1.1
AVQ_LAVORO_BICICLETTA;regione;toscana;2019;4.8
AVQ_LAVORO_BICICLETTA;regione;trentino-alto-adige;2019;6.177711
AVQ_LAVORO_BICICLETTA;regione;umbria;2019;1.4
AVQ_LAVORO_BICICLETTA;regione;valle-d-aosta;2019;3.8
AVQ_LAVORO_BICICLETTA;regione;veneto;2019;6.7
AVQ_LAVORO_BICICLETTA;regione;abruzzo;2020;2.0
AVQ_LAVORO_BICICLETTA;regione;basilicata;2020;0.5
AVQ_LAVORO_BICICLETTA;regione;calabria;2020;1.2
AVQ_LAVORO_BICICLETTA;regione;campania;2020;0.6
AVQ_LAVORO_BICICLETTA;regione;emilia-romagna;2020;6.8
AVQ_LAVORO_BICICLETTA;regione;friuli-venezia-giulia;2020;4.2
AVQ_LAVORO_BICICLETTA;regione;lazio;2020;0.9
AVQ_LAVORO_BICICLETTA;regione;liguria;2020;1.8
AVQ_LAVORO_BICICLETTA;regione;lombardia;2020;4.3
AVQ_LAVORO_BICICLETTA;regione;marche;2020;1.7
AVQ_LAVORO_BICICLETTA;regione;molise;2020;1.2
AVQ_LAVORO_BICICLETTA;regione;piemonte;2020;3.4
AVQ_LAVORO_BICICLETTA;regione;puglia;2020;1.9
AVQ_LAVORO_BICICLETTA;regione;sardegna;2020;2.3
AVQ_LAVORO_BICICLETTA;regione;sicilia;2020;0.7
AVQ_LAVORO_BICICLETTA;regione;toscana;2020;3.2
AVQ_LAVORO_BICICLETTA;regione;trentino-alto-adige;2020;9.825789
AVQ_LAVORO_BICICLETTA;regione;umbria;2020;2.5
AVQ_LAVORO_BICICLETTA;regione;valle-d-aosta;2020;2.9
AVQ_LAVORO_BICICLETTA;regione;veneto;2020;4.6
AVQ_LAVORO_BICICLETTA;regione;abruzzo;2021;1.9
AVQ_LAVORO_BICICLETTA;regione;basilicata;2021;0.3
AVQ_LAVORO_BICICLETTA;regione;calabria;2021;0.5
AVQ_LAVORO_BICICLETTA;regione;campania;2021;1.4
AVQ_LAVORO_BICICLETTA;regione;emilia-romagna;2021;5.4
AVQ_LAVORO_BICICLETTA;regione;friuli-venezia-giulia;2021;5.2
AVQ_LAVORO_BICICLETTA;regione;lazio;2021;0.9
AVQ_LAVORO_BICICLETTA;regione;liguria;2021;1.3
AVQ_LAVORO_BICICLETTA;regione;lombardia;2021;4.8
AVQ_LAVORO_BICICLETTA;regione;marche;2021;2.7
AVQ_LAVORO_BICICLETTA;regione;molise;2021;0.6
AVQ_LAVORO_BICICLETTA;regione;piemonte;2021;2.6
AVQ_LAVORO_BICICLETTA;regione;puglia;2021;1.1
AVQ_LAVORO_BICICLETTA;regione;sardegna;2021;2.3
AVQ_LAVORO_BICICLETTA;regione;sicilia;2021;1.9
AVQ_LAVORO_BICICLETTA;regione;toscana;2021;3.3
AVQ_LAVORO_BICICLETTA;regione;trentino-alto-adige;2021;9.463876
AVQ_LAVORO_BICICLETTA;regione;umbria;2021;1.4
AVQ_LAVORO_BICICLETTA;regione;valle-d-aosta;2021;2.3
AVQ_LAVORO_BICICLETTA;regione;veneto;2021;6.7
AVQ_LAVORO_BICICLETTA;regione;abruzzo;2022;1.3
AVQ_LAVORO_BICICLETTA;regione;basilicata;2022;0.5
AVQ_LAVORO_BICICLETTA;regione;calabria;2022;0.2
AVQ_LAVORO_BICICLETTA;regione;campania;2022;1.4
AVQ_LAVORO_BICICLETTA;regione;emilia-romagna;2022;6.4
AVQ_LAVORO_BICICLETTA;regione;friuli-venezia-giulia;2022;4.3
AVQ_LAVORO_BICICLETTA;regione;lazio;2022;2.0
AVQ_LAVORO_BICICLETTA;regione;liguria;2022;1.2
AVQ_LAVORO_BICICLETTA;regione;lombardia;2022;4.6
AVQ_LAVORO_BICICLETTA;regione;marche;2022;1.9
AVQ_LAVORO_BICICLETTA;regione;molise;2022;0.6
AVQ_LAVORO_BICICLETTA;regione;piemonte;2022;2.7
AVQ_LAVORO_BICICLETTA;regione;puglia;2022;0.9
AVQ_LAVORO_BICICLETTA;regione;sardegna;2022;1.4
AVQ_LAVORO_BICICLETTA;regione;sicilia;2022;0.7
AVQ_LAVORO_BICICLETTA;regione;toscana;2022;3.8
AVQ_LAVORO_BICICLETTA;regione;trentino-alto-adige;2022;7.318872
AVQ_LAVORO_BICICLETTA;regione;umbria;2022;2.5
AVQ_LAVORO_BICICLETTA;regione;valle-d-aosta;2022;3.0
AVQ_LAVORO_BICICLETTA;regione;veneto;2022;6.3
AVQ_LAVORO_BICICLETTA;regione;abruzzo;2023;1.6
AVQ_LAVORO_BICICLETTA;regione;basilicata;2023;0.6
AVQ_LAVORO_BICICLETTA;regione;calabria;2023;1.1
AVQ_LAVORO_BICICLETTA;regione;campania;2023;1.0
AVQ_LAVORO_BICICLETTA;regione;emilia-romagna;2023;6.9
AVQ_LAVORO_BICICLETTA;regione;friuli-venezia-giulia;2023;4.7
AVQ_LAVORO_BICICLETTA;regione;lazio;2023;1.2
AVQ_LAVORO_BICICLETTA;regione;liguria;2023;0.7
AVQ_LAVORO_BICICLETTA;regione;lombardia;2023;3.6
AVQ_LAVORO_BICICLETTA;regione;marche;2023;3.5
AVQ_LAVORO_BICICLETTA;regione;molise;2023;0.0
AVQ_LAVORO_BICICLETTA;regione;piemonte;2023;2.9
AVQ_LAVORO_BICICLETTA;regione;puglia;2023;1.1
AVQ_LAVORO_BICICLETTA;regione;sardegna;2023;0.8
AVQ_LAVORO_BICICLETTA;regione;sicilia;2023;0.6
AVQ_LAVORO_BICICLETTA;regione;toscana;2023;3.0
AVQ_LAVORO_BICICLETTA;regione;trentino-alto-adige;2023;9.511955
AVQ_LAVORO_BICICLETTA;regione;umbria;2023;0.8
AVQ_LAVORO_BICICLETTA;regione;valle-d-aosta;2023;3.0
AVQ_LAVORO_BICICLETTA;regione;veneto;2023;6.3
AVQ_LAVORO_BICICLETTA;regione;abruzzo;2024;1.1
AVQ_LAVORO_BICICLETTA;regione;basilicata;2024;0.2
AVQ_LAVORO_BICICLETTA;regione;calabria;2024;0.6
AVQ_LAVORO_BICICLETTA;regione;campania;2024;1.0
AVQ_LAVORO_BICICLETTA;regione;emilia-romagna;2024;4.4
AVQ_LAVORO_BICICLETTA;regione;friuli-venezia-giulia;2024;3.5
AVQ_LAVORO_BICICLETTA;regione;lazio;2024;1.9
AVQ_LAVORO_BICICLETTA;regione;liguria;2024;0.7
AVQ_LAVORO_BICICLETTA;regione;lombardia;2024;4.6
AVQ_LAVORO_BICICLETTA;regione;marche;2024;0.7
AVQ_LAVORO_BICICLETTA;regione;molise;2024;0.1
AVQ_LAVORO_BICICLETTA;regione;piemonte;2024;2.5
AVQ_LAVORO_BICICLETTA;regione;puglia;2024;1.7
AVQ_LAVORO_BICICLETTA;regione;sardegna;2024;0.8
AVQ_LAVORO_BICICLETTA;regione;sicilia;2024;1.4
AVQ_LAVORO_BICICLETTA;regione;toscana;2024;4.4
AVQ_LAVORO_BICICLETTA;regione;trentino-alto-adige;2024;6.982322
AVQ_LAVORO_BICICLETTA;regione;umbria;2024;1.3
AVQ_LAVORO_BICICLETTA;regione;valle-d-aosta;2024;2.5
AVQ_LAVORO_BICICLETTA;regione;veneto;2024;4.0
AVQ_LAVORO_BICICLETTA;regione;abruzzo;2025;0.3
AVQ_LAVORO_BICICLETTA;regione;basilicata;2025;0.2
AVQ_LAVORO_BICICLETTA;regione;calabria;2025;0.6
AVQ_LAVORO_BICICLETTA;regione;campania;2025;0.6
AVQ_LAVORO_BICICLETTA;regione;emilia-romagna;2025;5.4
AVQ_LAVORO_BICICLETTA;regione;friuli-venezia-giulia;2025;4.2
AVQ_LAVORO_BICICLETTA;regione;lazio;2025;1.0
AVQ_LAVORO_BICICLETTA;regione;liguria;2025;2.7
AVQ_LAVORO_BICICLETTA;regione;lombardia;2025;4.0
AVQ_LAVORO_BICICLETTA;regione;marche;2025;3.0
AVQ_LAVORO_BICICLETTA;regione;molise;2025;0.2
AVQ_LAVORO_BICICLETTA;regione;piemonte;2025;1.8
AVQ_LAVORO_BICICLETTA;regione;puglia;2025;1.1
AVQ_LAVORO_BICICLETTA;regione;sardegna;2025;1.2
AVQ_LAVORO_BICICLETTA;regione;sicilia;2025;1.2
AVQ_LAVORO_BICICLETTA;regione;toscana;2025;2.9
AVQ_LAVORO_BICICLETTA;regione;trentino-alto-adige;2025;8.328864
AVQ_LAVORO_BICICLETTA;regione;umbria;2025;0.9
AVQ_LAVORO_BICICLETTA;regione;valle-d-aosta;2025;1.5
AVQ_LAVORO_BICICLETTA;regione;veneto;2025;5.6
AVQ_GIOVANI_CON_GENITORI;regione;abruzzo;2001;66.7
AVQ_GIOVANI_CON_GENITORI;regione;basilicata;2001;64.9
AVQ_GIOVANI_CON_GENITORI;regione;calabria;2001;59.1
AVQ_GIOVANI_CON_GENITORI;regione;campania;2001;62.7
AVQ_GIOVANI_CON_GENITORI;regione;emilia-romagna;2001;52.7
AVQ_GIOVANI_CON_GENITORI;regione;friuli-venezia-giulia;2001;60.3
AVQ_GIOVANI_CON_GENITORI;regione;lazio;2001;60.6
AVQ_GIOVANI_CON_GENITORI;regione;liguria;2001;55.6
AVQ_GIOVANI_CON_GENITORI;regione;lombardia;2001;60.1
AVQ_GIOVANI_CON_GENITORI;regione;marche;2001;63.1
AVQ_GIOVANI_CON_GENITORI;regione;molise;2001;65.3
AVQ_GIOVANI_CON_GENITORI;regione;piemonte;2001;56.8
AVQ_GIOVANI_CON_GENITORI;regione;puglia;2001;66.4
AVQ_GIOVANI_CON_GENITORI;regione;sardegna;2001;68.6
AVQ_GIOVANI_CON_GENITORI;regione;sicilia;2001;56.0
AVQ_GIOVANI_CON_GENITORI;regione;toscana;2001;60.5
AVQ_GIOVANI_CON_GENITORI;regione;trentino-alto-adige;2001;59.091546
AVQ_GIOVANI_CON_GENITORI;regione;umbria;2001;68.5
AVQ_GIOVANI_CON_GENITORI;regione;valle-d-aosta;2001;49.9
AVQ_GIOVANI_CON_GENITORI;regione;veneto;2001;60.5
AVQ_GIOVANI_CON_GENITORI;regione;abruzzo;2002;66.5
AVQ_GIOVANI_CON_GENITORI;regione;basilicata;2002;65.0
AVQ_GIOVANI_CON_GENITORI;regione;calabria;2002;64.5
AVQ_GIOVANI_CON_GENITORI;regione;campania;2002;61.6
AVQ_GIOVANI_CON_GENITORI;regione;emilia-romagna;2002;56.9
AVQ_GIOVANI_CON_GENITORI;regione;friuli-venezia-giulia;2002;57.5
AVQ_GIOVANI_CON_GENITORI;regione;lazio;2002;61.7
AVQ_GIOVANI_CON_GENITORI;regione;liguria;2002;56.8
AVQ_GIOVANI_CON_GENITORI;regione;lombardia;2002;56.6
AVQ_GIOVANI_CON_GENITORI;regione;marche;2002;60.2
AVQ_GIOVANI_CON_GENITORI;regione;molise;2002;63.5
AVQ_GIOVANI_CON_GENITORI;regione;piemonte;2002;52.6
AVQ_GIOVANI_CON_GENITORI;regione;puglia;2002;62.2
AVQ_GIOVANI_CON_GENITORI;regione;sardegna;2002;67.2
AVQ_GIOVANI_CON_GENITORI;regione;sicilia;2002;60.2
AVQ_GIOVANI_CON_GENITORI;regione;toscana;2002;57.4
AVQ_GIOVANI_CON_GENITORI;regione;trentino-alto-adige;2002;58.862682
AVQ_GIOVANI_CON_GENITORI;regione;umbria;2002;70.1
AVQ_GIOVANI_CON_GENITORI;regione;valle-d-aosta;2002;53.3
AVQ_GIOVANI_CON_GENITORI;regione;veneto;2002;59.8
AVQ_GIOVANI_CON_GENITORI;regione;abruzzo;2003;64.2
AVQ_GIOVANI_CON_GENITORI;regione;basilicata;2003;68.0
AVQ_GIOVANI_CON_GENITORI;regione;calabria;2003;63.6
AVQ_GIOVANI_CON_GENITORI;regione;campania;2003;64.5
AVQ_GIOVANI_CON_GENITORI;regione;emilia-romagna;2003;54.8
AVQ_GIOVANI_CON_GENITORI;regione;friuli-venezia-giulia;2003;55.7
AVQ_GIOVANI_CON_GENITORI;regione;lazio;2003;58.2
AVQ_GIOVANI_CON_GENITORI;regione;liguria;2003;61.4
AVQ_GIOVANI_CON_GENITORI;regione;lombardia;2003;55.8
AVQ_GIOVANI_CON_GENITORI;regione;marche;2003;59.6
AVQ_GIOVANI_CON_GENITORI;regione;molise;2003;63.9
AVQ_GIOVANI_CON_GENITORI;regione;piemonte;2003;55.8
AVQ_GIOVANI_CON_GENITORI;regione;puglia;2003;63.9
AVQ_GIOVANI_CON_GENITORI;regione;sardegna;2003;72.3
AVQ_GIOVANI_CON_GENITORI;regione;sicilia;2003;56.7
AVQ_GIOVANI_CON_GENITORI;regione;toscana;2003;59.9
AVQ_GIOVANI_CON_GENITORI;regione;trentino-alto-adige;2003;58.186165
AVQ_GIOVANI_CON_GENITORI;regione;umbria;2003;61.2
AVQ_GIOVANI_CON_GENITORI;regione;valle-d-aosta;2003;53.2
AVQ_GIOVANI_CON_GENITORI;regione;veneto;2003;58.4
AVQ_GIOVANI_CON_GENITORI;regione;abruzzo;2005;64.4
AVQ_GIOVANI_CON_GENITORI;regione;basilicata;2005;68.9
AVQ_GIOVANI_CON_GENITORI;regione;calabria;2005;65.5
AVQ_GIOVANI_CON_GENITORI;regione;campania;2005;63.3
AVQ_GIOVANI_CON_GENITORI;regione;emilia-romagna;2005;52.0
AVQ_GIOVANI_CON_GENITORI;regione;friuli-venezia-giulia;2005;60.7
AVQ_GIOVANI_CON_GENITORI;regione;lazio;2005;57.5
AVQ_GIOVANI_CON_GENITORI;regione;liguria;2005;52.1
AVQ_GIOVANI_CON_GENITORI;regione;lombardia;2005;59.6
AVQ_GIOVANI_CON_GENITORI;regione;marche;2005;63.9
AVQ_GIOVANI_CON_GENITORI;regione;molise;2005;68.8
AVQ_GIOVANI_CON_GENITORI;regione;piemonte;2005;53.7
AVQ_GIOVANI_CON_GENITORI;regione;puglia;2005;61.8
AVQ_GIOVANI_CON_GENITORI;regione;sardegna;2005;72.1
AVQ_GIOVANI_CON_GENITORI;regione;sicilia;2005;61.4
AVQ_GIOVANI_CON_GENITORI;regione;toscana;2005;55.8
AVQ_GIOVANI_CON_GENITORI;regione;trentino-alto-adige;2005;53.397694
AVQ_GIOVANI_CON_GENITORI;regione;umbria;2005;62.7
AVQ_GIOVANI_CON_GENITORI;regione;valle-d-aosta;2005;44.4
AVQ_GIOVANI_CON_GENITORI;regione;veneto;2005;55.2
AVQ_GIOVANI_CON_GENITORI;regione;abruzzo;2006;64.3
AVQ_GIOVANI_CON_GENITORI;regione;basilicata;2006;58.0
AVQ_GIOVANI_CON_GENITORI;regione;calabria;2006;63.6
AVQ_GIOVANI_CON_GENITORI;regione;campania;2006;61.8
AVQ_GIOVANI_CON_GENITORI;regione;emilia-romagna;2006;57.3
AVQ_GIOVANI_CON_GENITORI;regione;friuli-venezia-giulia;2006;59.2
AVQ_GIOVANI_CON_GENITORI;regione;lazio;2006;57.4
AVQ_GIOVANI_CON_GENITORI;regione;liguria;2006;62.6
AVQ_GIOVANI_CON_GENITORI;regione;lombardia;2006;57.1
AVQ_GIOVANI_CON_GENITORI;regione;marche;2006;62.2
AVQ_GIOVANI_CON_GENITORI;regione;molise;2006;71.1
AVQ_GIOVANI_CON_GENITORI;regione;piemonte;2006;55.2
AVQ_GIOVANI_CON_GENITORI;regione;puglia;2006;63.9
AVQ_GIOVANI_CON_GENITORI;regione;sardegna;2006;70.3
AVQ_GIOVANI_CON_GENITORI;regione;sicilia;2006;59.0
AVQ_GIOVANI_CON_GENITORI;regione;toscana;2006;63.5
AVQ_GIOVANI_CON_GENITORI;regione;trentino-alto-adige;2006;57.113066
AVQ_GIOVANI_CON_GENITORI;regione;umbria;2006;64.4
AVQ_GIOVANI_CON_GENITORI;regione;valle-d-aosta;2006;49.5
AVQ_GIOVANI_CON_GENITORI;regione;veneto;2006;59.6
AVQ_GIOVANI_CON_GENITORI;regione;abruzzo;2007;64.1
AVQ_GIOVANI_CON_GENITORI;regione;basilicata;2007;64.5
AVQ_GIOVANI_CON_GENITORI;regione;calabria;2007;66.1
AVQ_GIOVANI_CON_GENITORI;regione;campania;2007;66.2
AVQ_GIOVANI_CON_GENITORI;regione;emilia-romagna;2007;50.6
AVQ_GIOVANI_CON_GENITORI;regione;friuli-venezia-giulia;2007;56.7
AVQ_GIOVANI_CON_GENITORI;regione;lazio;2007;60.3
AVQ_GIOVANI_CON_GENITORI;regione;liguria;2007;56.3
AVQ_GIOVANI_CON_GENITORI;regione;lombardia;2007;53.9
AVQ_GIOVANI_CON_GENITORI;regione;marche;2007;55.6
AVQ_GIOVANI_CON_GENITORI;regione;molise;2007;69.8
AVQ_GIOVANI_CON_GENITORI;regione;piemonte;2007;54.0
AVQ_GIOVANI_CON_GENITORI;regione;puglia;2007;63.6
AVQ_GIOVANI_CON_GENITORI;regione;sardegna;2007;70.1
AVQ_GIOVANI_CON_GENITORI;regione;sicilia;2007;59.5
AVQ_GIOVANI_CON_GENITORI;regione;toscana;2007;59.7
AVQ_GIOVANI_CON_GENITORI;regione;trentino-alto-adige;2007;55.219641
AVQ_GIOVANI_CON_GENITORI;regione;umbria;2007;65.1
AVQ_GIOVANI_CON_GENITORI;regione;valle-d-aosta;2007;51.5
AVQ_GIOVANI_CON_GENITORI;regione;veneto;2007;57.5
AVQ_GIOVANI_CON_GENITORI;regione;abruzzo;2008;66.1
AVQ_GIOVANI_CON_GENITORI;regione;basilicata;2008;65.2
AVQ_GIOVANI_CON_GENITORI;regione;calabria;2008;66.3
AVQ_GIOVANI_CON_GENITORI;regione;campania;2008;68.0
AVQ_GIOVANI_CON_GENITORI;regione;emilia-romagna;2008;49.3
AVQ_GIOVANI_CON_GENITORI;regione;friuli-venezia-giulia;2008;51.9
AVQ_GIOVANI_CON_GENITORI;regione;lazio;2008;62.0
AVQ_GIOVANI_CON_GENITORI;regione;liguria;2008;61.8
AVQ_GIOVANI_CON_GENITORI;regione;lombardia;2008;55.6
AVQ_GIOVANI_CON_GENITORI;regione;marche;2008;57.2
AVQ_GIOVANI_CON_GENITORI;regione;molise;2008;67.3
AVQ_GIOVANI_CON_GENITORI;regione;piemonte;2008;53.7
AVQ_GIOVANI_CON_GENITORI;regione;puglia;2008;68.4
AVQ_GIOVANI_CON_GENITORI;regione;sardegna;2008;73.9
AVQ_GIOVANI_CON_GENITORI;regione;sicilia;2008;61.8
AVQ_GIOVANI_CON_GENITORI;regione;toscana;2008;55.3
AVQ_GIOVANI_CON_GENITORI;regione;trentino-alto-adige;2008;53.312723
AVQ_GIOVANI_CON_GENITORI;regione;umbria;2008;56.4
AVQ_GIOVANI_CON_GENITORI;regione;valle-d-aosta;2008;49.8
AVQ_GIOVANI_CON_GENITORI;regione;veneto;2008;54.7
AVQ_GIOVANI_CON_GENITORI;regione;abruzzo;2009;68.4
AVQ_GIOVANI_CON_GENITORI;regione;basilicata;2009;66.2
AVQ_GIOVANI_CON_GENITORI;regione;calabria;2009;65.9
AVQ_GIOVANI_CON_GENITORI;regione;campania;2009;65.1
AVQ_GIOVANI_CON_GENITORI;regione;emilia-romagna;2009;47.7
AVQ_GIOVANI_CON_GENITORI;regione;friuli-venezia-giulia;2009;52.4
AVQ_GIOVANI_CON_GENITORI;regione;lazio;2009;58.3
AVQ_GIOVANI_CON_GENITORI;regione;liguria;2009;54.4
AVQ_GIOVANI_CON_GENITORI;regione;lombardia;2009;54.0
AVQ_GIOVANI_CON_GENITORI;regione;marche;2009;57.7
AVQ_GIOVANI_CON_GENITORI;regione;molise;2009;67.9
AVQ_GIOVANI_CON_GENITORI;regione;piemonte;2009;53.9
AVQ_GIOVANI_CON_GENITORI;regione;puglia;2009;64.1
AVQ_GIOVANI_CON_GENITORI;regione;sardegna;2009;69.1
AVQ_GIOVANI_CON_GENITORI;regione;sicilia;2009;61.9
AVQ_GIOVANI_CON_GENITORI;regione;toscana;2009;57.4
AVQ_GIOVANI_CON_GENITORI;regione;trentino-alto-adige;2009;52.48386
AVQ_GIOVANI_CON_GENITORI;regione;umbria;2009;59.7
AVQ_GIOVANI_CON_GENITORI;regione;valle-d-aosta;2009;51.5
AVQ_GIOVANI_CON_GENITORI;regione;veneto;2009;56.0
AVQ_GIOVANI_CON_GENITORI;regione;abruzzo;2010;61.3
AVQ_GIOVANI_CON_GENITORI;regione;basilicata;2010;63.1
AVQ_GIOVANI_CON_GENITORI;regione;calabria;2010;66.0
AVQ_GIOVANI_CON_GENITORI;regione;campania;2010;66.6
AVQ_GIOVANI_CON_GENITORI;regione;emilia-romagna;2010;47.3
AVQ_GIOVANI_CON_GENITORI;regione;friuli-venezia-giulia;2010;57.1
AVQ_GIOVANI_CON_GENITORI;regione;lazio;2010;55.9
AVQ_GIOVANI_CON_GENITORI;regione;liguria;2010;56.7
AVQ_GIOVANI_CON_GENITORI;regione;lombardia;2010;54.9
AVQ_GIOVANI_CON_GENITORI;regione;marche;2010;59.7
AVQ_GIOVANI_CON_GENITORI;regione;molise;2010;69.1
AVQ_GIOVANI_CON_GENITORI;regione;piemonte;2010;51.0
AVQ_GIOVANI_CON_GENITORI;regione;puglia;2010;63.4
AVQ_GIOVANI_CON_GENITORI;regione;sardegna;2010;67.1
AVQ_GIOVANI_CON_GENITORI;regione;sicilia;2010;62.7
AVQ_GIOVANI_CON_GENITORI;regione;toscana;2010;60.6
AVQ_GIOVANI_CON_GENITORI;regione;trentino-alto-adige;2010;54.738087
AVQ_GIOVANI_CON_GENITORI;regione;umbria;2010;52.8
AVQ_GIOVANI_CON_GENITORI;regione;valle-d-aosta;2010;49.8
AVQ_GIOVANI_CON_GENITORI;regione;veneto;2010;56.8
AVQ_GIOVANI_CON_GENITORI;regione;abruzzo;2011;66.5
AVQ_GIOVANI_CON_GENITORI;regione;basilicata;2011;67.1
AVQ_GIOVANI_CON_GENITORI;regione;calabria;2011;65.9
AVQ_GIOVANI_CON_GENITORI;regione;campania;2011;65.7
AVQ_GIOVANI_CON_GENITORI;regione;emilia-romagna;2011;49.5
AVQ_GIOVANI_CON_GENITORI;regione;friuli-venezia-giulia;2011;50.0
AVQ_GIOVANI_CON_GENITORI;regione;lazio;2011;65.0
AVQ_GIOVANI_CON_GENITORI;regione;liguria;2011;59.1
AVQ_GIOVANI_CON_GENITORI;regione;lombardia;2011;52.0
AVQ_GIOVANI_CON_GENITORI;regione;marche;2011;60.8
AVQ_GIOVANI_CON_GENITORI;regione;molise;2011;69.4
AVQ_GIOVANI_CON_GENITORI;regione;piemonte;2011;56.1
AVQ_GIOVANI_CON_GENITORI;regione;puglia;2011;65.7
AVQ_GIOVANI_CON_GENITORI;regione;sardegna;2011;70.2
AVQ_GIOVANI_CON_GENITORI;regione;sicilia;2011;60.0
AVQ_GIOVANI_CON_GENITORI;regione;toscana;2011;58.3
AVQ_GIOVANI_CON_GENITORI;regione;trentino-alto-adige;2011;54.077711
AVQ_GIOVANI_CON_GENITORI;regione;umbria;2011;56.4
AVQ_GIOVANI_CON_GENITORI;regione;valle-d-aosta;2011;48.0
AVQ_GIOVANI_CON_GENITORI;regione;veneto;2011;57.4
AVQ_GIOVANI_CON_GENITORI;regione;abruzzo;2012;66.6
AVQ_GIOVANI_CON_GENITORI;regione;basilicata;2012;70.6
AVQ_GIOVANI_CON_GENITORI;regione;calabria;2012;65.8
AVQ_GIOVANI_CON_GENITORI;regione;campania;2012;69.1
AVQ_GIOVANI_CON_GENITORI;regione;emilia-romagna;2012;55.9
AVQ_GIOVANI_CON_GENITORI;regione;friuli-venezia-giulia;2012;56.8
AVQ_GIOVANI_CON_GENITORI;regione;lazio;2012;61.6
AVQ_GIOVANI_CON_GENITORI;regione;liguria;2012;63.4
AVQ_GIOVANI_CON_GENITORI;regione;lombardia;2012;54.5
AVQ_GIOVANI_CON_GENITORI;regione;marche;2012;58.4
AVQ_GIOVANI_CON_GENITORI;regione;molise;2012;73.1
AVQ_GIOVANI_CON_GENITORI;regione;piemonte;2012;57.9
AVQ_GIOVANI_CON_GENITORI;regione;puglia;2012;67.6
AVQ_GIOVANI_CON_GENITORI;regione;sardegna;2012;67.5
AVQ_GIOVANI_CON_GENITORI;regione;sicilia;2012;62.5
AVQ_GIOVANI_CON_GENITORI;regione;toscana;2012;58.3
AVQ_GIOVANI_CON_GENITORI;regione;trentino-alto-adige;2012;59.525021
AVQ_GIOVANI_CON_GENITORI;regione;umbria;2012;60.3
AVQ_GIOVANI_CON_GENITORI;regione;valle-d-aosta;2012;52.7
AVQ_GIOVANI_CON_GENITORI;regione;veneto;2012;61.2
AVQ_GIOVANI_CON_GENITORI;regione;abruzzo;2013;68.4
AVQ_GIOVANI_CON_GENITORI;regione;basilicata;2013;73.2
AVQ_GIOVANI_CON_GENITORI;regione;calabria;2013;68.6
AVQ_GIOVANI_CON_GENITORI;regione;campania;2013;65.3
AVQ_GIOVANI_CON_GENITORI;regione;emilia-romagna;2013;54.6
AVQ_GIOVANI_CON_GENITORI;regione;friuli-venezia-giulia;2013;58.5
AVQ_GIOVANI_CON_GENITORI;regione;lazio;2013;60.6
AVQ_GIOVANI_CON_GENITORI;regione;liguria;2013;61.3
AVQ_GIOVANI_CON_GENITORI;regione;lombardia;2013;57.9
AVQ_GIOVANI_CON_GENITORI;regione;marche;2013;66.5
AVQ_GIOVANI_CON_GENITORI;regione;molise;2013;72.9
AVQ_GIOVANI_CON_GENITORI;regione;piemonte;2013;60.2
AVQ_GIOVANI_CON_GENITORI;regione;puglia;2013;67.9
AVQ_GIOVANI_CON_GENITORI;regione;sardegna;2013;66.6
AVQ_GIOVANI_CON_GENITORI;regione;sicilia;2013;64.0
AVQ_GIOVANI_CON_GENITORI;regione;toscana;2013;59.8
AVQ_GIOVANI_CON_GENITORI;regione;trentino-alto-adige;2013;56.96345
AVQ_GIOVANI_CON_GENITORI;regione;umbria;2013;60.3
AVQ_GIOVANI_CON_GENITORI;regione;valle-d-aosta;2013;49.8
AVQ_GIOVANI_CON_GENITORI;regione;veneto;2013;63.8
AVQ_GIOVANI_CON_GENITORI;regione;abruzzo;2014;69.3
AVQ_GIOVANI_CON_GENITORI;regione;basilicata;2014;67.3
AVQ_GIOVANI_CON_GENITORI;regione;calabria;2014;66.0
AVQ_GIOVANI_CON_GENITORI;regione;campania;2014;68.9
AVQ_GIOVANI_CON_GENITORI;regione;emilia-romagna;2014;58.9
AVQ_GIOVANI_CON_GENITORI;regione;friuli-venezia-giulia;2014;58.2
AVQ_GIOVANI_CON_GENITORI;regione;lazio;2014;57.3
AVQ_GIOVANI_CON_GENITORI;regione;liguria;2014;57.4
AVQ_GIOVANI_CON_GENITORI;regione;lombardia;2014;61.6
AVQ_GIOVANI_CON_GENITORI;regione;marche;2014;63.5
AVQ_GIOVANI_CON_GENITORI;regione;molise;2014;68.1
AVQ_GIOVANI_CON_GENITORI;regione;piemonte;2014;59.5
AVQ_GIOVANI_CON_GENITORI;regione;puglia;2014;70.8
AVQ_GIOVANI_CON_GENITORI;regione;sardegna;2014;67.7
AVQ_GIOVANI_CON_GENITORI;regione;sicilia;2014;63.0
AVQ_GIOVANI_CON_GENITORI;regione;toscana;2014;56.1
AVQ_GIOVANI_CON_GENITORI;regione;trentino-alto-adige;2014;52.299231
AVQ_GIOVANI_CON_GENITORI;regione;umbria;2014;57.2
AVQ_GIOVANI_CON_GENITORI;regione;valle-d-aosta;2014;46.6
AVQ_GIOVANI_CON_GENITORI;regione;veneto;2014;62.0
AVQ_GIOVANI_CON_GENITORI;regione;abruzzo;2015;66.6
AVQ_GIOVANI_CON_GENITORI;regione;basilicata;2015;75.7
AVQ_GIOVANI_CON_GENITORI;regione;calabria;2015;65.1
AVQ_GIOVANI_CON_GENITORI;regione;campania;2015;69.0
AVQ_GIOVANI_CON_GENITORI;regione;emilia-romagna;2015;53.0
AVQ_GIOVANI_CON_GENITORI;regione;friuli-venezia-giulia;2015;53.7
AVQ_GIOVANI_CON_GENITORI;regione;lazio;2015;60.8
AVQ_GIOVANI_CON_GENITORI;regione;liguria;2015;55.0
AVQ_GIOVANI_CON_GENITORI;regione;lombardia;2015;59.0
AVQ_GIOVANI_CON_GENITORI;regione;marche;2015;68.0
AVQ_GIOVANI_CON_GENITORI;regione;molise;2015;71.6
AVQ_GIOVANI_CON_GENITORI;regione;piemonte;2015;58.3
AVQ_GIOVANI_CON_GENITORI;regione;puglia;2015;68.7
AVQ_GIOVANI_CON_GENITORI;regione;sardegna;2015;69.6
AVQ_GIOVANI_CON_GENITORI;regione;sicilia;2015;65.2
AVQ_GIOVANI_CON_GENITORI;regione;toscana;2015;59.4
AVQ_GIOVANI_CON_GENITORI;regione;trentino-alto-adige;2015;57.545773
AVQ_GIOVANI_CON_GENITORI;regione;umbria;2015;62.0
AVQ_GIOVANI_CON_GENITORI;regione;valle-d-aosta;2015;50.2
AVQ_GIOVANI_CON_GENITORI;regione;veneto;2015;62.6
AVQ_GIOVANI_CON_GENITORI;regione;abruzzo;2016;66.2
AVQ_GIOVANI_CON_GENITORI;regione;basilicata;2016;67.5
AVQ_GIOVANI_CON_GENITORI;regione;calabria;2016;67.3
AVQ_GIOVANI_CON_GENITORI;regione;campania;2016;69.4
AVQ_GIOVANI_CON_GENITORI;regione;emilia-romagna;2016;57.7
AVQ_GIOVANI_CON_GENITORI;regione;friuli-venezia-giulia;2016;61.5
AVQ_GIOVANI_CON_GENITORI;regione;lazio;2016;65.1
AVQ_GIOVANI_CON_GENITORI;regione;liguria;2016;59.1
AVQ_GIOVANI_CON_GENITORI;regione;lombardia;2016;59.2
AVQ_GIOVANI_CON_GENITORI;regione;marche;2016;63.9
AVQ_GIOVANI_CON_GENITORI;regione;molise;2016;64.8
AVQ_GIOVANI_CON_GENITORI;regione;piemonte;2016;60.2
AVQ_GIOVANI_CON_GENITORI;regione;puglia;2016;68.8
AVQ_GIOVANI_CON_GENITORI;regione;sardegna;2016;65.0
AVQ_GIOVANI_CON_GENITORI;regione;sicilia;2016;65.6
AVQ_GIOVANI_CON_GENITORI;regione;toscana;2016;58.3
AVQ_GIOVANI_CON_GENITORI;regione;trentino-alto-adige;2016;57.336124
AVQ_GIOVANI_CON_GENITORI;regione;umbria;2016;63.2
AVQ_GIOVANI_CON_GENITORI;regione;valle-d-aosta;2016;42.0
AVQ_GIOVANI_CON_GENITORI;regione;veneto;2016;64.8
AVQ_GIOVANI_CON_GENITORI;regione;abruzzo;2017;68.1
AVQ_GIOVANI_CON_GENITORI;regione;basilicata;2017;61.5
AVQ_GIOVANI_CON_GENITORI;regione;calabria;2017;65.3
AVQ_GIOVANI_CON_GENITORI;regione;campania;2017;68.9
AVQ_GIOVANI_CON_GENITORI;regione;emilia-romagna;2017;56.1
AVQ_GIOVANI_CON_GENITORI;regione;friuli-venezia-giulia;2017;56.0
AVQ_GIOVANI_CON_GENITORI;regione;lazio;2017;66.8
AVQ_GIOVANI_CON_GENITORI;regione;liguria;2017;57.2
AVQ_GIOVANI_CON_GENITORI;regione;lombardia;2017;58.5
AVQ_GIOVANI_CON_GENITORI;regione;marche;2017;64.9
AVQ_GIOVANI_CON_GENITORI;regione;molise;2017;66.8
AVQ_GIOVANI_CON_GENITORI;regione;piemonte;2017;54.8
AVQ_GIOVANI_CON_GENITORI;regione;puglia;2017;64.4
AVQ_GIOVANI_CON_GENITORI;regione;sardegna;2017;69.6
AVQ_GIOVANI_CON_GENITORI;regione;sicilia;2017;66.2
AVQ_GIOVANI_CON_GENITORI;regione;toscana;2017;62.7
AVQ_GIOVANI_CON_GENITORI;regione;trentino-alto-adige;2017;58.053459
AVQ_GIOVANI_CON_GENITORI;regione;umbria;2017;62.6
AVQ_GIOVANI_CON_GENITORI;regione;valle-d-aosta;2017;38.1
AVQ_GIOVANI_CON_GENITORI;regione;veneto;2017;61.2
AVQ_GIOVANI_CON_GENITORI;regione;abruzzo;2018;65.5
AVQ_GIOVANI_CON_GENITORI;regione;basilicata;2018;64.4
AVQ_GIOVANI_CON_GENITORI;regione;calabria;2018;66.9
AVQ_GIOVANI_CON_GENITORI;regione;campania;2018;68.4
AVQ_GIOVANI_CON_GENITORI;regione;emilia-romagna;2018;54.7
AVQ_GIOVANI_CON_GENITORI;regione;friuli-venezia-giulia;2018;58.3
AVQ_GIOVANI_CON_GENITORI;regione;lazio;2018;61.4
AVQ_GIOVANI_CON_GENITORI;regione;liguria;2018;63.5
AVQ_GIOVANI_CON_GENITORI;regione;lombardia;2018;55.5
AVQ_GIOVANI_CON_GENITORI;regione;marche;2018;66.1
AVQ_GIOVANI_CON_GENITORI;regione;molise;2018;60.7
AVQ_GIOVANI_CON_GENITORI;regione;piemonte;2018;61.3
AVQ_GIOVANI_CON_GENITORI;regione;puglia;2018;70.1
AVQ_GIOVANI_CON_GENITORI;regione;sardegna;2018;66.9
AVQ_GIOVANI_CON_GENITORI;regione;sicilia;2018;65.1
AVQ_GIOVANI_CON_GENITORI;regione;toscana;2018;62.1
AVQ_GIOVANI_CON_GENITORI;regione;trentino-alto-adige;2018;54.46345
AVQ_GIOVANI_CON_GENITORI;regione;umbria;2018;53.3
AVQ_GIOVANI_CON_GENITORI;regione;valle-d-aosta;2018;37.4
AVQ_GIOVANI_CON_GENITORI;regione;veneto;2018;61.0
AVQ_GIOVANI_CON_GENITORI;regione;abruzzo;2019;63.5
AVQ_GIOVANI_CON_GENITORI;regione;basilicata;2019;73.4
AVQ_GIOVANI_CON_GENITORI;regione;calabria;2019;66.5
AVQ_GIOVANI_CON_GENITORI;regione;campania;2019;70.9
AVQ_GIOVANI_CON_GENITORI;regione;emilia-romagna;2019;52.8
AVQ_GIOVANI_CON_GENITORI;regione;friuli-venezia-giulia;2019;63.2
AVQ_GIOVANI_CON_GENITORI;regione;lazio;2019;67.6
AVQ_GIOVANI_CON_GENITORI;regione;liguria;2019;57.4
AVQ_GIOVANI_CON_GENITORI;regione;lombardia;2019;58.9
AVQ_GIOVANI_CON_GENITORI;regione;marche;2019;69.9
AVQ_GIOVANI_CON_GENITORI;regione;molise;2019;73.3
AVQ_GIOVANI_CON_GENITORI;regione;piemonte;2019;58.9
AVQ_GIOVANI_CON_GENITORI;regione;puglia;2019;70.7
AVQ_GIOVANI_CON_GENITORI;regione;sardegna;2019;68.1
AVQ_GIOVANI_CON_GENITORI;regione;sicilia;2019;67.8
AVQ_GIOVANI_CON_GENITORI;regione;toscana;2019;63.3
AVQ_GIOVANI_CON_GENITORI;regione;trentino-alto-adige;2019;61.911529
AVQ_GIOVANI_CON_GENITORI;regione;umbria;2019;60.2
AVQ_GIOVANI_CON_GENITORI;regione;valle-d-aosta;2019;55.9
AVQ_GIOVANI_CON_GENITORI;regione;veneto;2019;65.5
AVQ_GIOVANI_CON_GENITORI;regione;abruzzo;2020;67.5
AVQ_GIOVANI_CON_GENITORI;regione;basilicata;2020;64.6
AVQ_GIOVANI_CON_GENITORI;regione;calabria;2020;69.4
AVQ_GIOVANI_CON_GENITORI;regione;campania;2020;72.7
AVQ_GIOVANI_CON_GENITORI;regione;emilia-romagna;2020;58.1
AVQ_GIOVANI_CON_GENITORI;regione;friuli-venezia-giulia;2020;64.5
AVQ_GIOVANI_CON_GENITORI;regione;lazio;2020;61.6
AVQ_GIOVANI_CON_GENITORI;regione;liguria;2020;59.5
AVQ_GIOVANI_CON_GENITORI;regione;lombardia;2020;56.1
AVQ_GIOVANI_CON_GENITORI;regione;marche;2020;64.8
AVQ_GIOVANI_CON_GENITORI;regione;molise;2020;76.9
AVQ_GIOVANI_CON_GENITORI;regione;piemonte;2020;60.6
AVQ_GIOVANI_CON_GENITORI;regione;puglia;2020;74.7
AVQ_GIOVANI_CON_GENITORI;regione;sardegna;2020;73.7
AVQ_GIOVANI_CON_GENITORI;regione;sicilia;2020;69.9
AVQ_GIOVANI_CON_GENITORI;regione;toscana;2020;63.7
AVQ_GIOVANI_CON_GENITORI;regione;trentino-alto-adige;2020;61.681896
AVQ_GIOVANI_CON_GENITORI;regione;umbria;2020;72.0
AVQ_GIOVANI_CON_GENITORI;regione;valle-d-aosta;2020;61.8
AVQ_GIOVANI_CON_GENITORI;regione;veneto;2020;64.8
AVQ_GIOVANI_CON_GENITORI;regione;abruzzo;2021;71.1
AVQ_GIOVANI_CON_GENITORI;regione;basilicata;2021;74.6
AVQ_GIOVANI_CON_GENITORI;regione;calabria;2021;70.3
AVQ_GIOVANI_CON_GENITORI;regione;campania;2021;75.8
AVQ_GIOVANI_CON_GENITORI;regione;emilia-romagna;2021;65.0
AVQ_GIOVANI_CON_GENITORI;regione;friuli-venezia-giulia;2021;65.5
AVQ_GIOVANI_CON_GENITORI;regione;lazio;2021;66.4
AVQ_GIOVANI_CON_GENITORI;regione;liguria;2021;59.7
AVQ_GIOVANI_CON_GENITORI;regione;lombardia;2021;63.4
AVQ_GIOVANI_CON_GENITORI;regione;marche;2021;71.8
AVQ_GIOVANI_CON_GENITORI;regione;molise;2021;72.0
AVQ_GIOVANI_CON_GENITORI;regione;piemonte;2021;64.0
AVQ_GIOVANI_CON_GENITORI;regione;puglia;2021;71.1
AVQ_GIOVANI_CON_GENITORI;regione;sardegna;2021;71.4
AVQ_GIOVANI_CON_GENITORI;regione;sicilia;2021;72.2
AVQ_GIOVANI_CON_GENITORI;regione;toscana;2021;64.9
AVQ_GIOVANI_CON_GENITORI;regione;trentino-alto-adige;2021;59.426901
AVQ_GIOVANI_CON_GENITORI;regione;umbria;2021;70.8
AVQ_GIOVANI_CON_GENITORI;regione;valle-d-aosta;2021;62.5
AVQ_GIOVANI_CON_GENITORI;regione;veneto;2021;64.0
AVQ_GIOVANI_CON_GENITORI;regione;abruzzo;2022;67.1
AVQ_GIOVANI_CON_GENITORI;regione;basilicata;2022;73.1
AVQ_GIOVANI_CON_GENITORI;regione;calabria;2022;67.3
AVQ_GIOVANI_CON_GENITORI;regione;campania;2022;75.4
AVQ_GIOVANI_CON_GENITORI;regione;emilia-romagna;2022;64.2
AVQ_GIOVANI_CON_GENITORI;regione;friuli-venezia-giulia;2022;57.1
AVQ_GIOVANI_CON_GENITORI;regione;lazio;2022;67.4
AVQ_GIOVANI_CON_GENITORI;regione;liguria;2022;67.5
AVQ_GIOVANI_CON_GENITORI;regione;lombardia;2022;64.0
AVQ_GIOVANI_CON_GENITORI;regione;marche;2022;74.5
AVQ_GIOVANI_CON_GENITORI;regione;molise;2022;73.2
AVQ_GIOVANI_CON_GENITORI;regione;piemonte;2022;61.5
AVQ_GIOVANI_CON_GENITORI;regione;puglia;2022;74.5
AVQ_GIOVANI_CON_GENITORI;regione;sardegna;2022;70.9
AVQ_GIOVANI_CON_GENITORI;regione;sicilia;2022;66.8
AVQ_GIOVANI_CON_GENITORI;regione;toscana;2022;63.6
AVQ_GIOVANI_CON_GENITORI;regione;trentino-alto-adige;2022;60.84731
AVQ_GIOVANI_CON_GENITORI;regione;umbria;2022;69.6
AVQ_GIOVANI_CON_GENITORI;regione;valle-d-aosta;2022;61.4
AVQ_GIOVANI_CON_GENITORI;regione;veneto;2022;68.6
AVQ_GIOVANI_CON_GENITORI;regione;abruzzo;2023;68.7
AVQ_GIOVANI_CON_GENITORI;regione;basilicata;2023;66.5
AVQ_GIOVANI_CON_GENITORI;regione;calabria;2023;65.8
AVQ_GIOVANI_CON_GENITORI;regione;campania;2023;71.7
AVQ_GIOVANI_CON_GENITORI;regione;emilia-romagna;2023;58.2
AVQ_GIOVANI_CON_GENITORI;regione;friuli-venezia-giulia;2023;62.4
AVQ_GIOVANI_CON_GENITORI;regione;lazio;2023;66.0
AVQ_GIOVANI_CON_GENITORI;regione;liguria;2023;59.2
AVQ_GIOVANI_CON_GENITORI;regione;lombardia;2023;59.3
AVQ_GIOVANI_CON_GENITORI;regione;marche;2023;64.6
AVQ_GIOVANI_CON_GENITORI;regione;molise;2023;71.6
AVQ_GIOVANI_CON_GENITORI;regione;piemonte;2023;60.3
AVQ_GIOVANI_CON_GENITORI;regione;puglia;2023;63.6
AVQ_GIOVANI_CON_GENITORI;regione;sardegna;2023;63.6
AVQ_GIOVANI_CON_GENITORI;regione;sicilia;2023;66.9
AVQ_GIOVANI_CON_GENITORI;regione;toscana;2023;59.1
AVQ_GIOVANI_CON_GENITORI;regione;trentino-alto-adige;2023;58.057302
AVQ_GIOVANI_CON_GENITORI;regione;umbria;2023;65.2
AVQ_GIOVANI_CON_GENITORI;regione;valle-d-aosta;2023;53.2
AVQ_GIOVANI_CON_GENITORI;regione;veneto;2023;61.6
AVQ_GIOVANI_CON_GENITORI;regione;abruzzo;2024;65.9
AVQ_GIOVANI_CON_GENITORI;regione;basilicata;2024;66.1
AVQ_GIOVANI_CON_GENITORI;regione;calabria;2024;63.0
AVQ_GIOVANI_CON_GENITORI;regione;campania;2024;70.6
AVQ_GIOVANI_CON_GENITORI;regione;emilia-romagna;2024;58.5
AVQ_GIOVANI_CON_GENITORI;regione;friuli-venezia-giulia;2024;59.5
AVQ_GIOVANI_CON_GENITORI;regione;lazio;2024;66.2
AVQ_GIOVANI_CON_GENITORI;regione;liguria;2024;56.0
AVQ_GIOVANI_CON_GENITORI;regione;lombardia;2024;60.4
AVQ_GIOVANI_CON_GENITORI;regione;marche;2024;67.7
AVQ_GIOVANI_CON_GENITORI;regione;molise;2024;67.8
AVQ_GIOVANI_CON_GENITORI;regione;piemonte;2024;60.0
AVQ_GIOVANI_CON_GENITORI;regione;puglia;2024;68.6
AVQ_GIOVANI_CON_GENITORI;regione;sardegna;2024;65.1
AVQ_GIOVANI_CON_GENITORI;regione;sicilia;2024;65.6
AVQ_GIOVANI_CON_GENITORI;regione;toscana;2024;60.7
AVQ_GIOVANI_CON_GENITORI;regione;trentino-alto-adige;2024;59.758839
AVQ_GIOVANI_CON_GENITORI;regione;umbria;2024;59.5
AVQ_GIOVANI_CON_GENITORI;regione;valle-d-aosta;2024;58.6
AVQ_GIOVANI_CON_GENITORI;regione;veneto;2024;60.3
AVQ_GIOVANI_CON_GENITORI;regione;abruzzo;2025;68.0
AVQ_GIOVANI_CON_GENITORI;regione;basilicata;2025;63.0
AVQ_GIOVANI_CON_GENITORI;regione;calabria;2025;63.7
AVQ_GIOVANI_CON_GENITORI;regione;campania;2025;68.8
AVQ_GIOVANI_CON_GENITORI;regione;emilia-romagna;2025;56.4
AVQ_GIOVANI_CON_GENITORI;regione;friuli-venezia-giulia;2025;55.6
AVQ_GIOVANI_CON_GENITORI;regione;lazio;2025;61.2
AVQ_GIOVANI_CON_GENITORI;regione;liguria;2025;60.0
AVQ_GIOVANI_CON_GENITORI;regione;lombardia;2025;59.2
AVQ_GIOVANI_CON_GENITORI;regione;marche;2025;64.5
AVQ_GIOVANI_CON_GENITORI;regione;molise;2025;66.4
AVQ_GIOVANI_CON_GENITORI;regione;piemonte;2025;58.2
AVQ_GIOVANI_CON_GENITORI;regione;puglia;2025;68.2
AVQ_GIOVANI_CON_GENITORI;regione;sardegna;2025;71.0
AVQ_GIOVANI_CON_GENITORI;regione;sicilia;2025;61.3
AVQ_GIOVANI_CON_GENITORI;regione;toscana;2025;57.7
AVQ_GIOVANI_CON_GENITORI;regione;trentino-alto-adige;2025;51.954996
AVQ_GIOVANI_CON_GENITORI;regione;umbria;2025;62.5
AVQ_GIOVANI_CON_GENITORI;regione;valle-d-aosta;2025;62.2
AVQ_GIOVANI_CON_GENITORI;regione;veneto;2025;63.0
AVQ_TEATRO;regione;abruzzo;2001;13.7
AVQ_TEATRO;regione;basilicata;2001;12.9
AVQ_TEATRO;regione;calabria;2001;8.6
AVQ_TEATRO;regione;campania;2001;17.3
AVQ_TEATRO;regione;emilia-romagna;2001;20.8
AVQ_TEATRO;regione;friuli-venezia-giulia;2001;24.0
AVQ_TEATRO;regione;lazio;2001;26.0
AVQ_TEATRO;regione;liguria;2001;21.0
AVQ_TEATRO;regione;lombardia;2001;22.9
AVQ_TEATRO;regione;marche;2001;15.0
AVQ_TEATRO;regione;molise;2001;14.4
AVQ_TEATRO;regione;piemonte;2001;17.8
AVQ_TEATRO;regione;puglia;2001;13.5
AVQ_TEATRO;regione;sardegna;2001;12.1
AVQ_TEATRO;regione;sicilia;2001;15.7
AVQ_TEATRO;regione;toscana;2001;17.5
AVQ_TEATRO;regione;trentino-alto-adige;2001;29.157728
AVQ_TEATRO;regione;umbria;2001;18.1
AVQ_TEATRO;regione;valle-d-aosta;2001;15.7
AVQ_TEATRO;regione;veneto;2001;18.6
AVQ_TEATRO;regione;abruzzo;2002;16.5
AVQ_TEATRO;regione;basilicata;2002;10.8
AVQ_TEATRO;regione;calabria;2002;12.6
AVQ_TEATRO;regione;campania;2002;14.3
AVQ_TEATRO;regione;emilia-romagna;2002;21.5
AVQ_TEATRO;regione;friuli-venezia-giulia;2002;19.9
AVQ_TEATRO;regione;lazio;2002;24.6
AVQ_TEATRO;regione;liguria;2002;19.6
AVQ_TEATRO;regione;lombardia;2002;22.2
AVQ_TEATRO;regione;marche;2002;18.1
AVQ_TEATRO;regione;molise;2002;12.0
AVQ_TEATRO;regione;piemonte;2002;17.1
AVQ_TEATRO;regione;puglia;2002;13.0
AVQ_TEATRO;regione;sardegna;2002;12.3
AVQ_TEATRO;regione;sicilia;2002;17.5
AVQ_TEATRO;regione;toscana;2002;19.9
AVQ_TEATRO;regione;trentino-alto-adige;2002;32.3035
AVQ_TEATRO;regione;umbria;2002;15.9
AVQ_TEATRO;regione;valle-d-aosta;2002;16.4
AVQ_TEATRO;regione;veneto;2002;18.9
AVQ_TEATRO;regione;abruzzo;2003;17.8
AVQ_TEATRO;regione;basilicata;2003;11.7
AVQ_TEATRO;regione;calabria;2003;8.4
AVQ_TEATRO;regione;campania;2003;17.0
AVQ_TEATRO;regione;emilia-romagna;2003;21.0
AVQ_TEATRO;regione;friuli-venezia-giulia;2003;20.8
AVQ_TEATRO;regione;lazio;2003;23.0
AVQ_TEATRO;regione;liguria;2003;18.6
AVQ_TEATRO;regione;lombardia;2003;20.1
AVQ_TEATRO;regione;marche;2003;17.5
AVQ_TEATRO;regione;molise;2003;10.8
AVQ_TEATRO;regione;piemonte;2003;18.3
AVQ_TEATRO;regione;puglia;2003;13.0
AVQ_TEATRO;regione;sardegna;2003;8.8
AVQ_TEATRO;regione;sicilia;2003;14.4
AVQ_TEATRO;regione;toscana;2003;20.2
AVQ_TEATRO;regione;trentino-alto-adige;2003;27.347736
AVQ_TEATRO;regione;umbria;2003;17.3
AVQ_TEATRO;regione;valle-d-aosta;2003;11.7
AVQ_TEATRO;regione;veneto;2003;17.8
AVQ_TEATRO;regione;abruzzo;2005;17.2
AVQ_TEATRO;regione;basilicata;2005;15.5
AVQ_TEATRO;regione;calabria;2005;12.1
AVQ_TEATRO;regione;campania;2005;18.6
AVQ_TEATRO;regione;emilia-romagna;2005;22.5
AVQ_TEATRO;regione;friuli-venezia-giulia;2005;23.9
AVQ_TEATRO;regione;lazio;2005;28.1
AVQ_TEATRO;regione;liguria;2005;17.4
AVQ_TEATRO;regione;lombardia;2005;22.5
AVQ_TEATRO;regione;marche;2005;21.8
AVQ_TEATRO;regione;molise;2005;14.2
AVQ_TEATRO;regione;piemonte;2005;20.4
AVQ_TEATRO;regione;puglia;2005;15.2
AVQ_TEATRO;regione;sardegna;2005;12.2
AVQ_TEATRO;regione;sicilia;2005;15.2
AVQ_TEATRO;regione;toscana;2005;19.8
AVQ_TEATRO;regione;trentino-alto-adige;2005;30.35619
AVQ_TEATRO;regione;umbria;2005;19.1
AVQ_TEATRO;regione;valle-d-aosta;2005;14.1
AVQ_TEATRO;regione;veneto;2005;18.1
AVQ_TEATRO;regione;abruzzo;2006;19.4
AVQ_TEATRO;regione;basilicata;2006;17.9
AVQ_TEATRO;regione;calabria;2006;13.5
AVQ_TEATRO;regione;campania;2006;17.2
AVQ_TEATRO;regione;emilia-romagna;2006;25.3
AVQ_TEATRO;regione;friuli-venezia-giulia;2006;20.0
AVQ_TEATRO;regione;lazio;2006;23.9
AVQ_TEATRO;regione;liguria;2006;18.7
AVQ_TEATRO;regione;lombardia;2006;23.8
AVQ_TEATRO;regione;marche;2006;20.5
AVQ_TEATRO;regione;molise;2006;15.5
AVQ_TEATRO;regione;piemonte;2006;18.2
AVQ_TEATRO;regione;puglia;2006;16.1
AVQ_TEATRO;regione;sardegna;2006;10.5
AVQ_TEATRO;regione;sicilia;2006;15.3
AVQ_TEATRO;regione;toscana;2006;22.3
AVQ_TEATRO;regione;trentino-alto-adige;2006;31.449273
AVQ_TEATRO;regione;umbria;2006;20.4
AVQ_TEATRO;regione;valle-d-aosta;2006;14.0
AVQ_TEATRO;regione;veneto;2006;19.6
AVQ_TEATRO;regione;abruzzo;2007;18.6
AVQ_TEATRO;regione;basilicata;2007;13.9
AVQ_TEATRO;regione;calabria;2007;12.0
AVQ_TEATRO;regione;campania;2007;19.7
AVQ_TEATRO;regione;emilia-romagna;2007;23.4
AVQ_TEATRO;regione;friuli-venezia-giulia;2007;22.9
AVQ_TEATRO;regione;lazio;2007;27.5
AVQ_TEATRO;regione;liguria;2007;22.1
AVQ_TEATRO;regione;lombardia;2007;25.9
AVQ_TEATRO;regione;marche;2007;21.1
AVQ_TEATRO;regione;molise;2007;14.9
AVQ_TEATRO;regione;piemonte;2007;21.3
AVQ_TEATRO;regione;puglia;2007;15.0
AVQ_TEATRO;regione;sardegna;2007;12.3
AVQ_TEATRO;regione;sicilia;2007;16.9
AVQ_TEATRO;regione;toscana;2007;19.6
AVQ_TEATRO;regione;trentino-alto-adige;2007;31.589666
AVQ_TEATRO;regione;umbria;2007;20.4
AVQ_TEATRO;regione;valle-d-aosta;2007;16.8
AVQ_TEATRO;regione;veneto;2007;19.1
AVQ_TEATRO;regione;abruzzo;2008;18.2
AVQ_TEATRO;regione;basilicata;2008;18.6
AVQ_TEATRO;regione;calabria;2008;11.3
AVQ_TEATRO;regione;campania;2008;18.5
AVQ_TEATRO;regione;emilia-romagna;2008;21.2
AVQ_TEATRO;regione;friuli-venezia-giulia;2008;25.3
AVQ_TEATRO;regione;lazio;2008;29.2
AVQ_TEATRO;regione;liguria;2008;21.8
AVQ_TEATRO;regione;lombardia;2008;24.1
AVQ_TEATRO;regione;marche;2008;19.3
AVQ_TEATRO;regione;molise;2008;13.8
AVQ_TEATRO;regione;piemonte;2008;19.1
AVQ_TEATRO;regione;puglia;2008;13.5
AVQ_TEATRO;regione;sardegna;2008;11.9
AVQ_TEATRO;regione;sicilia;2008;16.9
AVQ_TEATRO;regione;toscana;2008;21.2
AVQ_TEATRO;regione;trentino-alto-adige;2008;32.65619
AVQ_TEATRO;regione;umbria;2008;19.6
AVQ_TEATRO;regione;valle-d-aosta;2008;14.7
AVQ_TEATRO;regione;veneto;2008;22.4
AVQ_TEATRO;regione;abruzzo;2009;17.7
AVQ_TEATRO;regione;basilicata;2009;17.7
AVQ_TEATRO;regione;calabria;2009;12.1
AVQ_TEATRO;regione;campania;2009;20.1
AVQ_TEATRO;regione;emilia-romagna;2009;22.9
AVQ_TEATRO;regione;friuli-venezia-giulia;2009;24.2
AVQ_TEATRO;regione;lazio;2009;30.6
AVQ_TEATRO;regione;liguria;2009;20.4
AVQ_TEATRO;regione;lombardia;2009;24.0
AVQ_TEATRO;regione;marche;2009;22.5
AVQ_TEATRO;regione;molise;2009;14.0
AVQ_TEATRO;regione;piemonte;2009;21.9
AVQ_TEATRO;regione;puglia;2009;15.0
AVQ_TEATRO;regione;sardegna;2009;13.4
AVQ_TEATRO;regione;sicilia;2009;19.2
AVQ_TEATRO;regione;toscana;2009;20.4
AVQ_TEATRO;regione;trentino-alto-adige;2009;32.104269
AVQ_TEATRO;regione;umbria;2009;19.3
AVQ_TEATRO;regione;valle-d-aosta;2009;15.6
AVQ_TEATRO;regione;veneto;2009;20.7
AVQ_TEATRO;regione;abruzzo;2010;20.1
AVQ_TEATRO;regione;basilicata;2010;16.4
AVQ_TEATRO;regione;calabria;2010;14.5
AVQ_TEATRO;regione;campania;2010;18.9
AVQ_TEATRO;regione;emilia-romagna;2010;25.0
AVQ_TEATRO;regione;friuli-venezia-giulia;2010;25.7
AVQ_TEATRO;regione;lazio;2010;31.0
AVQ_TEATRO;regione;liguria;2010;24.3
AVQ_TEATRO;regione;lombardia;2010;27.2
AVQ_TEATRO;regione;marche;2010;22.8
AVQ_TEATRO;regione;molise;2010;17.0
AVQ_TEATRO;regione;piemonte;2010;20.1
AVQ_TEATRO;regione;puglia;2010;16.0
AVQ_TEATRO;regione;sardegna;2010;13.3
AVQ_TEATRO;regione;sicilia;2010;20.0
AVQ_TEATRO;regione;toscana;2010;22.8
AVQ_TEATRO;regione;trentino-alto-adige;2010;30.6035
AVQ_TEATRO;regione;umbria;2010;18.9
AVQ_TEATRO;regione;valle-d-aosta;2010;16.9
AVQ_TEATRO;regione;veneto;2010;21.6
AVQ_TEATRO;regione;abruzzo;2011;19.9
AVQ_TEATRO;regione;basilicata;2011;18.0
AVQ_TEATRO;regione;calabria;2011;13.5
AVQ_TEATRO;regione;campania;2011;17.9
AVQ_TEATRO;regione;emilia-romagna;2011;24.0
AVQ_TEATRO;regione;friuli-venezia-giulia;2011;27.3
AVQ_TEATRO;regione;lazio;2011;31.5
AVQ_TEATRO;regione;liguria;2011;22.6
AVQ_TEATRO;regione;lombardia;2011;24.3
AVQ_TEATRO;regione;marche;2011;23.5
AVQ_TEATRO;regione;molise;2011;16.6
AVQ_TEATRO;regione;piemonte;2011;20.4
AVQ_TEATRO;regione;puglia;2011;18.0
AVQ_TEATRO;regione;sardegna;2011;16.6
AVQ_TEATRO;regione;sicilia;2011;16.8
AVQ_TEATRO;regione;toscana;2011;22.8
AVQ_TEATRO;regione;trentino-alto-adige;2011;33.791203
AVQ_TEATRO;regione;umbria;2011;19.2
AVQ_TEATRO;regione;valle-d-aosta;2011;16.6
AVQ_TEATRO;regione;veneto;2011;22.2
AVQ_TEATRO;regione;abruzzo;2012;16.6
AVQ_TEATRO;regione;basilicata;2012;14.1
AVQ_TEATRO;regione;calabria;2012;13.3
AVQ_TEATRO;regione;campania;2012;17.4
AVQ_TEATRO;regione;emilia-romagna;2012;22.5
AVQ_TEATRO;regione;friuli-venezia-giulia;2012;24.2
AVQ_TEATRO;regione;lazio;2012;27.2
AVQ_TEATRO;regione;liguria;2012;18.8
AVQ_TEATRO;regione;lombardia;2012;22.3
AVQ_TEATRO;regione;marche;2012;19.8
AVQ_TEATRO;regione;molise;2012;13.4
AVQ_TEATRO;regione;piemonte;2012;20.3
AVQ_TEATRO;regione;puglia;2012;15.6
AVQ_TEATRO;regione;sardegna;2012;13.3
AVQ_TEATRO;regione;sicilia;2012;17.4
AVQ_TEATRO;regione;toscana;2012;20.5
AVQ_TEATRO;regione;trentino-alto-adige;2012;31.48198
AVQ_TEATRO;regione;umbria;2012;20.8
AVQ_TEATRO;regione;valle-d-aosta;2012;17.5
AVQ_TEATRO;regione;veneto;2012;20.2
AVQ_TEATRO;regione;abruzzo;2013;15.9
AVQ_TEATRO;regione;basilicata;2013;16.6
AVQ_TEATRO;regione;calabria;2013;10.4
AVQ_TEATRO;regione;campania;2013;14.8
AVQ_TEATRO;regione;emilia-romagna;2013;21.0
AVQ_TEATRO;regione;friuli-venezia-giulia;2013;22.7
AVQ_TEATRO;regione;lazio;2013;26.0
AVQ_TEATRO;regione;liguria;2013;17.9
AVQ_TEATRO;regione;lombardia;2013;20.7
AVQ_TEATRO;regione;marche;2013;18.9
AVQ_TEATRO;regione;molise;2013;12.4
AVQ_TEATRO;regione;piemonte;2013;17.2
AVQ_TEATRO;regione;puglia;2013;14.2
AVQ_TEATRO;regione;sardegna;2013;12.5
AVQ_TEATRO;regione;sicilia;2013;14.2
AVQ_TEATRO;regione;toscana;2013;17.5
AVQ_TEATRO;regione;trentino-alto-adige;2013;30.84543
AVQ_TEATRO;regione;umbria;2013;20.6
AVQ_TEATRO;regione;valle-d-aosta;2013;12.5
AVQ_TEATRO;regione;veneto;2013;20.5
AVQ_TEATRO;regione;abruzzo;2014;15.8
AVQ_TEATRO;regione;basilicata;2014;12.5
AVQ_TEATRO;regione;calabria;2014;7.9
AVQ_TEATRO;regione;campania;2014;16.1
AVQ_TEATRO;regione;emilia-romagna;2014;21.1
AVQ_TEATRO;regione;friuli-venezia-giulia;2014;22.0
AVQ_TEATRO;regione;lazio;2014;28.8
AVQ_TEATRO;regione;liguria;2014;18.8
AVQ_TEATRO;regione;lombardia;2014;21.2
AVQ_TEATRO;regione;marche;2014;19.5
AVQ_TEATRO;regione;molise;2014;10.9
AVQ_TEATRO;regione;piemonte;2014;19.5
AVQ_TEATRO;regione;puglia;2014;14.6
AVQ_TEATRO;regione;sardegna;2014;13.2
AVQ_TEATRO;regione;sicilia;2014;15.5
AVQ_TEATRO;regione;toscana;2014;18.8
AVQ_TEATRO;regione;trentino-alto-adige;2014;29.635438
AVQ_TEATRO;regione;umbria;2014;19.0
AVQ_TEATRO;regione;valle-d-aosta;2014;10.0
AVQ_TEATRO;regione;veneto;2014;17.3
AVQ_TEATRO;regione;abruzzo;2015;14.3
AVQ_TEATRO;regione;basilicata;2015;17.6
AVQ_TEATRO;regione;calabria;2015;11.3
AVQ_TEATRO;regione;campania;2015;15.9
AVQ_TEATRO;regione;emilia-romagna;2015;21.9
AVQ_TEATRO;regione;friuli-venezia-giulia;2015;23.1
AVQ_TEATRO;regione;lazio;2015;25.4
AVQ_TEATRO;regione;liguria;2015;19.3
AVQ_TEATRO;regione;lombardia;2015;21.9
AVQ_TEATRO;regione;marche;2015;21.9
AVQ_TEATRO;regione;molise;2015;14.1
AVQ_TEATRO;regione;piemonte;2015;19.8
AVQ_TEATRO;regione;puglia;2015;16.2
AVQ_TEATRO;regione;sardegna;2015;12.9
AVQ_TEATRO;regione;sicilia;2015;18.8
AVQ_TEATRO;regione;toscana;2015;18.7
AVQ_TEATRO;regione;trentino-alto-adige;2015;31.346199
AVQ_TEATRO;regione;umbria;2015;19.3
AVQ_TEATRO;regione;valle-d-aosta;2015;17.5
AVQ_TEATRO;regione;veneto;2015;18.5
AVQ_TEATRO;regione;abruzzo;2016;16.3
AVQ_TEATRO;regione;basilicata;2016;18.0
AVQ_TEATRO;regione;calabria;2016;11.9
AVQ_TEATRO;regione;campania;2016;16.2
AVQ_TEATRO;regione;emilia-romagna;2016;20.6
AVQ_TEATRO;regione;friuli-venezia-giulia;2016;24.8
AVQ_TEATRO;regione;lazio;2016;26.3
AVQ_TEATRO;regione;liguria;2016;20.7
AVQ_TEATRO;regione;lombardia;2016;23.0
AVQ_TEATRO;regione;marche;2016;21.7
AVQ_TEATRO;regione;molise;2016;14.9
AVQ_TEATRO;regione;piemonte;2016;19.5
AVQ_TEATRO;regione;puglia;2016;14.3
AVQ_TEATRO;regione;sardegna;2016;14.6
AVQ_TEATRO;regione;sicilia;2016;19.2
AVQ_TEATRO;regione;toscana;2016;20.9
AVQ_TEATRO;regione;trentino-alto-adige;2016;31.5035
AVQ_TEATRO;regione;umbria;2016;19.5
AVQ_TEATRO;regione;valle-d-aosta;2016;16.5
AVQ_TEATRO;regione;veneto;2016;18.7
AVQ_TEATRO;regione;abruzzo;2017;15.5
AVQ_TEATRO;regione;basilicata;2017;15.0
AVQ_TEATRO;regione;calabria;2017;13.5
AVQ_TEATRO;regione;campania;2017;15.9
AVQ_TEATRO;regione;emilia-romagna;2017;22.1
AVQ_TEATRO;regione;friuli-venezia-giulia;2017;20.2
AVQ_TEATRO;regione;lazio;2017;26.5
AVQ_TEATRO;regione;liguria;2017;21.3
AVQ_TEATRO;regione;lombardia;2017;20.4
AVQ_TEATRO;regione;marche;2017;18.8
AVQ_TEATRO;regione;molise;2017;13.1
AVQ_TEATRO;regione;piemonte;2017;19.2
AVQ_TEATRO;regione;puglia;2017;14.9
AVQ_TEATRO;regione;sardegna;2017;14.5
AVQ_TEATRO;regione;sicilia;2017;14.1
AVQ_TEATRO;regione;toscana;2017;20.2
AVQ_TEATRO;regione;trentino-alto-adige;2017;30.155422
AVQ_TEATRO;regione;umbria;2017;21.2
AVQ_TEATRO;regione;valle-d-aosta;2017;11.5
AVQ_TEATRO;regione;veneto;2017;19.4
AVQ_TEATRO;regione;abruzzo;2018;15.0
AVQ_TEATRO;regione;basilicata;2018;16.8
AVQ_TEATRO;regione;calabria;2018;13.9
AVQ_TEATRO;regione;campania;2018;16.6
AVQ_TEATRO;regione;emilia-romagna;2018;22.0
AVQ_TEATRO;regione;friuli-venezia-giulia;2018;22.6
AVQ_TEATRO;regione;lazio;2018;23.2
AVQ_TEATRO;regione;liguria;2018;20.5
AVQ_TEATRO;regione;lombardia;2018;22.3
AVQ_TEATRO;regione;marche;2018;18.4
AVQ_TEATRO;regione;molise;2018;11.9
AVQ_TEATRO;regione;piemonte;2018;18.2
AVQ_TEATRO;regione;puglia;2018;15.9
AVQ_TEATRO;regione;sardegna;2018;9.3
AVQ_TEATRO;regione;sicilia;2018;15.5
AVQ_TEATRO;regione;toscana;2018;21.0
AVQ_TEATRO;regione;trentino-alto-adige;2018;29.246199
AVQ_TEATRO;regione;umbria;2018;19.7
AVQ_TEATRO;regione;valle-d-aosta;2018;13.9
AVQ_TEATRO;regione;veneto;2018;19.0
AVQ_TEATRO;regione;abruzzo;2019;16.4
AVQ_TEATRO;regione;basilicata;2019;14.8
AVQ_TEATRO;regione;calabria;2019;13.2
AVQ_TEATRO;regione;campania;2019;20.2
AVQ_TEATRO;regione;emilia-romagna;2019;21.8
AVQ_TEATRO;regione;friuli-venezia-giulia;2019;22.4
AVQ_TEATRO;regione;lazio;2019;24.4
AVQ_TEATRO;regione;liguria;2019;20.2
AVQ_TEATRO;regione;lombardia;2019;22.3
AVQ_TEATRO;regione;marche;2019;21.4
AVQ_TEATRO;regione;molise;2019;13.9
AVQ_TEATRO;regione;piemonte;2019;20.0
AVQ_TEATRO;regione;puglia;2019;19.1
AVQ_TEATRO;regione;sardegna;2019;14.6
AVQ_TEATRO;regione;sicilia;2019;17.6
AVQ_TEATRO;regione;toscana;2019;19.7
AVQ_TEATRO;regione;trentino-alto-adige;2019;31.128864
AVQ_TEATRO;regione;umbria;2019;20.7
AVQ_TEATRO;regione;valle-d-aosta;2019;14.6
AVQ_TEATRO;regione;veneto;2019;18.2
AVQ_TEATRO;regione;abruzzo;2020;11.3
AVQ_TEATRO;regione;basilicata;2020;10.7
AVQ_TEATRO;regione;calabria;2020;9.3
AVQ_TEATRO;regione;campania;2020;14.2
AVQ_TEATRO;regione;emilia-romagna;2020;18.3
AVQ_TEATRO;regione;friuli-venezia-giulia;2020;19.3
AVQ_TEATRO;regione;lazio;2020;20.4
AVQ_TEATRO;regione;liguria;2020;18.1
AVQ_TEATRO;regione;lombardia;2020;16.4
AVQ_TEATRO;regione;marche;2020;16.4
AVQ_TEATRO;regione;molise;2020;9.8
AVQ_TEATRO;regione;piemonte;2020;15.1
AVQ_TEATRO;regione;puglia;2020;14.2
AVQ_TEATRO;regione;sardegna;2020;9.4
AVQ_TEATRO;regione;sicilia;2020;13.7
AVQ_TEATRO;regione;toscana;2020;16.2
AVQ_TEATRO;regione;trentino-alto-adige;2020;22.674637
AVQ_TEATRO;regione;umbria;2020;14.7
AVQ_TEATRO;regione;valle-d-aosta;2020;12.1
AVQ_TEATRO;regione;veneto;2020;14.6
AVQ_TEATRO;regione;abruzzo;2021;2.7
AVQ_TEATRO;regione;basilicata;2021;2.4
AVQ_TEATRO;regione;calabria;2021;2.0
AVQ_TEATRO;regione;campania;2021;2.4
AVQ_TEATRO;regione;emilia-romagna;2021;3.9
AVQ_TEATRO;regione;friuli-venezia-giulia;2021;3.3
AVQ_TEATRO;regione;lazio;2021;3.7
AVQ_TEATRO;regione;liguria;2021;2.7
AVQ_TEATRO;regione;lombardia;2021;2.9
AVQ_TEATRO;regione;marche;2021;3.1
AVQ_TEATRO;regione;molise;2021;2.0
AVQ_TEATRO;regione;piemonte;2021;3.1
AVQ_TEATRO;regione;puglia;2021;2.5
AVQ_TEATRO;regione;sardegna;2021;2.2
AVQ_TEATRO;regione;sicilia;2021;2.3
AVQ_TEATRO;regione;toscana;2021;3.7
AVQ_TEATRO;regione;trentino-alto-adige;2021;3.991546
AVQ_TEATRO;regione;umbria;2021;3.6
AVQ_TEATRO;regione;valle-d-aosta;2021;1.1
AVQ_TEATRO;regione;veneto;2021;2.5
AVQ_TEATRO;regione;abruzzo;2022;10.7
AVQ_TEATRO;regione;basilicata;2022;7.4
AVQ_TEATRO;regione;calabria;2022;8.0
AVQ_TEATRO;regione;campania;2022;14.0
AVQ_TEATRO;regione;emilia-romagna;2022;11.8
AVQ_TEATRO;regione;friuli-venezia-giulia;2022;12.7
AVQ_TEATRO;regione;lazio;2022;17.6
AVQ_TEATRO;regione;liguria;2022;11.9
AVQ_TEATRO;regione;lombardia;2022;13.3
AVQ_TEATRO;regione;marche;2022;14.5
AVQ_TEATRO;regione;molise;2022;7.4
AVQ_TEATRO;regione;piemonte;2022;11.2
AVQ_TEATRO;regione;puglia;2022;8.3
AVQ_TEATRO;regione;sardegna;2022;6.4
AVQ_TEATRO;regione;sicilia;2022;9.3
AVQ_TEATRO;regione;toscana;2022;12.3
AVQ_TEATRO;regione;trentino-alto-adige;2022;17.04193
AVQ_TEATRO;regione;umbria;2022;10.5
AVQ_TEATRO;regione;valle-d-aosta;2022;8.4
AVQ_TEATRO;regione;veneto;2022;10.3
AVQ_TEATRO;regione;abruzzo;2023;16.1
AVQ_TEATRO;regione;basilicata;2023;14.3
AVQ_TEATRO;regione;calabria;2023;14.1
AVQ_TEATRO;regione;campania;2023;20.8
AVQ_TEATRO;regione;emilia-romagna;2023;20.7
AVQ_TEATRO;regione;friuli-venezia-giulia;2023;20.3
AVQ_TEATRO;regione;lazio;2023;24.7
AVQ_TEATRO;regione;liguria;2023;22.8
AVQ_TEATRO;regione;lombardia;2023;21.8
AVQ_TEATRO;regione;marche;2023;21.8
AVQ_TEATRO;regione;molise;2023;15.0
AVQ_TEATRO;regione;piemonte;2023;16.8
AVQ_TEATRO;regione;puglia;2023;17.9
AVQ_TEATRO;regione;sardegna;2023;13.3
AVQ_TEATRO;regione;sicilia;2023;16.6
AVQ_TEATRO;regione;toscana;2023;20.6
AVQ_TEATRO;regione;trentino-alto-adige;2023;28.931938
AVQ_TEATRO;regione;umbria;2023;17.3
AVQ_TEATRO;regione;valle-d-aosta;2023;15.7
AVQ_TEATRO;regione;veneto;2023;17.9
AVQ_TEATRO;regione;abruzzo;2024;19.3
AVQ_TEATRO;regione;basilicata;2024;14.6
AVQ_TEATRO;regione;calabria;2024;15.8
AVQ_TEATRO;regione;campania;2024;22.8
AVQ_TEATRO;regione;emilia-romagna;2024;22.6
AVQ_TEATRO;regione;friuli-venezia-giulia;2024;26.2
AVQ_TEATRO;regione;lazio;2024;29.3
AVQ_TEATRO;regione;liguria;2024;22.7
AVQ_TEATRO;regione;lombardia;2024;23.4
AVQ_TEATRO;regione;marche;2024;23.0
AVQ_TEATRO;regione;molise;2024;21.7
AVQ_TEATRO;regione;piemonte;2024;22.6
AVQ_TEATRO;regione;puglia;2024;19.6
AVQ_TEATRO;regione;sardegna;2024;13.2
AVQ_TEATRO;regione;sicilia;2024;18.6
AVQ_TEATRO;regione;toscana;2024;21.5
AVQ_TEATRO;regione;trentino-alto-adige;2024;30.138087
AVQ_TEATRO;regione;umbria;2024;23.0
AVQ_TEATRO;regione;valle-d-aosta;2024;17.3
AVQ_TEATRO;regione;veneto;2024;18.2
AVQ_TEATRO;regione;abruzzo;2025;21.8
AVQ_TEATRO;regione;basilicata;2025;12.6
AVQ_TEATRO;regione;calabria;2025;14.0
AVQ_TEATRO;regione;campania;2025;23.2
AVQ_TEATRO;regione;emilia-romagna;2025;27.2
AVQ_TEATRO;regione;friuli-venezia-giulia;2025;25.2
AVQ_TEATRO;regione;lazio;2025;31.0
AVQ_TEATRO;regione;liguria;2025;25.9
AVQ_TEATRO;regione;lombardia;2025;25.0
AVQ_TEATRO;regione;marche;2025;25.7
AVQ_TEATRO;regione;molise;2025;19.5
AVQ_TEATRO;regione;piemonte;2025;25.6
AVQ_TEATRO;regione;puglia;2025;23.0
AVQ_TEATRO;regione;sardegna;2025;17.8
AVQ_TEATRO;regione;sicilia;2025;20.6
AVQ_TEATRO;regione;toscana;2025;25.3
AVQ_TEATRO;regione;trentino-alto-adige;2025;32.282322
AVQ_TEATRO;regione;umbria;2025;21.7
AVQ_TEATRO;regione;valle-d-aosta;2025;22.6
AVQ_TEATRO;regione;veneto;2025;22.2
AVQ_CINEMA;regione;abruzzo;2001;48.1
AVQ_CINEMA;regione;basilicata;2001;37.6
AVQ_CINEMA;regione;calabria;2001;40.5
AVQ_CINEMA;regione;campania;2001;47.5
AVQ_CINEMA;regione;emilia-romagna;2001;51.7
AVQ_CINEMA;regione;friuli-venezia-giulia;2001;48.3
AVQ_CINEMA;regione;lazio;2001;56.1
AVQ_CINEMA;regione;liguria;2001;50.7
AVQ_CINEMA;regione;lombardia;2001;53.7
AVQ_CINEMA;regione;marche;2001;48.9
AVQ_CINEMA;regione;molise;2001;42.5
AVQ_CINEMA;regione;piemonte;2001;51.2
AVQ_CINEMA;regione;puglia;2001;48.0
AVQ_CINEMA;regione;sardegna;2001;39.7
AVQ_CINEMA;regione;sicilia;2001;46.3
AVQ_CINEMA;regione;toscana;2001;51.1
AVQ_CINEMA;regione;trentino-alto-adige;2001;40.527669
AVQ_CINEMA;regione;umbria;2001;46.5
AVQ_CINEMA;regione;valle-d-aosta;2001;48.3
AVQ_CINEMA;regione;veneto;2001;46.9
AVQ_CINEMA;regione;abruzzo;2002;46.6
AVQ_CINEMA;regione;basilicata;2002;40.5
AVQ_CINEMA;regione;calabria;2002;43.0
AVQ_CINEMA;regione;campania;2002;51.8
AVQ_CINEMA;regione;emilia-romagna;2002;50.9
AVQ_CINEMA;regione;friuli-venezia-giulia;2002;47.6
AVQ_CINEMA;regione;lazio;2002;57.1
AVQ_CINEMA;regione;liguria;2002;48.9
AVQ_CINEMA;regione;lombardia;2002;50.7
AVQ_CINEMA;regione;marche;2002;49.1
AVQ_CINEMA;regione;molise;2002;44.3
AVQ_CINEMA;regione;piemonte;2002;48.9
AVQ_CINEMA;regione;puglia;2002;49.9
AVQ_CINEMA;regione;sardegna;2002;40.8
AVQ_CINEMA;regione;sicilia;2002;48.2
AVQ_CINEMA;regione;toscana;2002;54.4
AVQ_CINEMA;regione;trentino-alto-adige;2002;39.213835
AVQ_CINEMA;regione;umbria;2002;44.6
AVQ_CINEMA;regione;valle-d-aosta;2002;45.2
AVQ_CINEMA;regione;veneto;2002;46.8
AVQ_CINEMA;regione;abruzzo;2003;48.4
AVQ_CINEMA;regione;basilicata;2003;41.9
AVQ_CINEMA;regione;calabria;2003;35.5
AVQ_CINEMA;regione;campania;2003;51.7
AVQ_CINEMA;regione;emilia-romagna;2003;48.0
AVQ_CINEMA;regione;friuli-venezia-giulia;2003;44.8
AVQ_CINEMA;regione;lazio;2003;52.2
AVQ_CINEMA;regione;liguria;2003;46.0
AVQ_CINEMA;regione;lombardia;2003;47.8
AVQ_CINEMA;regione;marche;2003;48.5
AVQ_CINEMA;regione;molise;2003;41.2
AVQ_CINEMA;regione;piemonte;2003;47.4
AVQ_CINEMA;regione;puglia;2003;46.7
AVQ_CINEMA;regione;sardegna;2003;42.2
AVQ_CINEMA;regione;sicilia;2003;47.5
AVQ_CINEMA;regione;toscana;2003;49.7
AVQ_CINEMA;regione;trentino-alto-adige;2003;38.326901
AVQ_CINEMA;regione;umbria;2003;44.9
AVQ_CINEMA;regione;valle-d-aosta;2003;39.4
AVQ_CINEMA;regione;veneto;2003;47.1
AVQ_CINEMA;regione;abruzzo;2005;52.3
AVQ_CINEMA;regione;basilicata;2005;43.8
AVQ_CINEMA;regione;calabria;2005;43.6
AVQ_CINEMA;regione;campania;2005;54.8
AVQ_CINEMA;regione;emilia-romagna;2005;50.7
AVQ_CINEMA;regione;friuli-venezia-giulia;2005;50.8
AVQ_CINEMA;regione;lazio;2005;56.3
AVQ_CINEMA;regione;liguria;2005;46.5
AVQ_CINEMA;regione;lombardia;2005;52.6
AVQ_CINEMA;regione;marche;2005;53.3
AVQ_CINEMA;regione;molise;2005;44.4
AVQ_CINEMA;regione;piemonte;2005;53.3
AVQ_CINEMA;regione;puglia;2005;48.4
AVQ_CINEMA;regione;sardegna;2005;40.5
AVQ_CINEMA;regione;sicilia;2005;47.5
AVQ_CINEMA;regione;toscana;2005;52.6
AVQ_CINEMA;regione;trentino-alto-adige;2005;39.523826
AVQ_CINEMA;regione;umbria;2005;47.1
AVQ_CINEMA;regione;valle-d-aosta;2005;49.7
AVQ_CINEMA;regione;veneto;2005;48.1
AVQ_CINEMA;regione;abruzzo;2006;54.4
AVQ_CINEMA;regione;basilicata;2006;43.6
AVQ_CINEMA;regione;calabria;2006;39.6
AVQ_CINEMA;regione;campania;2006;49.0
AVQ_CINEMA;regione;emilia-romagna;2006;53.1
AVQ_CINEMA;regione;friuli-venezia-giulia;2006;45.7
AVQ_CINEMA;regione;lazio;2006;53.4
AVQ_CINEMA;regione;liguria;2006;47.1
AVQ_CINEMA;regione;lombardia;2006;51.2
AVQ_CINEMA;regione;marche;2006;50.2
AVQ_CINEMA;regione;molise;2006;45.0
AVQ_CINEMA;regione;piemonte;2006;49.1
AVQ_CINEMA;regione;puglia;2006;48.8
AVQ_CINEMA;regione;sardegna;2006;41.3
AVQ_CINEMA;regione;sicilia;2006;43.0
AVQ_CINEMA;regione;toscana;2006;54.4
AVQ_CINEMA;regione;trentino-alto-adige;2006;39.774979
AVQ_CINEMA;regione;umbria;2006;50.0
AVQ_CINEMA;regione;valle-d-aosta;2006;44.7
AVQ_CINEMA;regione;veneto;2006;46.7
AVQ_CINEMA;regione;abruzzo;2007;51.3
AVQ_CINEMA;regione;basilicata;2007;43.2
AVQ_CINEMA;regione;calabria;2007;40.5
AVQ_CINEMA;regione;campania;2007;51.9
AVQ_CINEMA;regione;emilia-romagna;2007;50.6
AVQ_CINEMA;regione;friuli-venezia-giulia;2007;48.3
AVQ_CINEMA;regione;lazio;2007;54.0
AVQ_CINEMA;regione;liguria;2007;48.3
AVQ_CINEMA;regione;lombardia;2007;50.4
AVQ_CINEMA;regione;marche;2007;48.5
AVQ_CINEMA;regione;molise;2007;42.0
AVQ_CINEMA;regione;piemonte;2007;50.2
AVQ_CINEMA;regione;puglia;2007;46.9
AVQ_CINEMA;regione;sardegna;2007;40.2
AVQ_CINEMA;regione;sicilia;2007;47.3
AVQ_CINEMA;regione;toscana;2007;50.0
AVQ_CINEMA;regione;trentino-alto-adige;2007;37.380359
AVQ_CINEMA;regione;umbria;2007;46.5
AVQ_CINEMA;regione;valle-d-aosta;2007;46.9
AVQ_CINEMA;regione;veneto;2007;46.2
AVQ_CINEMA;regione;abruzzo;2008;51.9
AVQ_CINEMA;regione;basilicata;2008;47.1
AVQ_CINEMA;regione;calabria;2008;41.4
AVQ_CINEMA;regione;campania;2008;49.9
AVQ_CINEMA;regione;emilia-romagna;2008;53.0
AVQ_CINEMA;regione;friuli-venezia-giulia;2008;43.7
AVQ_CINEMA;regione;lazio;2008;58.0
AVQ_CINEMA;regione;liguria;2008;48.3
AVQ_CINEMA;regione;lombardia;2008;51.6
AVQ_CINEMA;regione;marche;2008;46.9
AVQ_CINEMA;regione;molise;2008;46.8
AVQ_CINEMA;regione;piemonte;2008;49.2
AVQ_CINEMA;regione;puglia;2008;49.5
AVQ_CINEMA;regione;sardegna;2008;44.4
AVQ_CINEMA;regione;sicilia;2008;48.1
AVQ_CINEMA;regione;toscana;2008;53.0
AVQ_CINEMA;regione;trentino-alto-adige;2008;38.211529
AVQ_CINEMA;regione;umbria;2008;45.3
AVQ_CINEMA;regione;valle-d-aosta;2008;47.7
AVQ_CINEMA;regione;veneto;2008;50.2
AVQ_CINEMA;regione;abruzzo;2009;52.3
AVQ_CINEMA;regione;basilicata;2009;43.7
AVQ_CINEMA;regione;calabria;2009;39.8
AVQ_CINEMA;regione;campania;2009;50.5
AVQ_CINEMA;regione;emilia-romagna;2009;52.2
AVQ_CINEMA;regione;friuli-venezia-giulia;2009;49.3
AVQ_CINEMA;regione;lazio;2009;56.6
AVQ_CINEMA;regione;liguria;2009;47.0
AVQ_CINEMA;regione;lombardia;2009;49.5
AVQ_CINEMA;regione;marche;2009;51.4
AVQ_CINEMA;regione;molise;2009;43.7
AVQ_CINEMA;regione;piemonte;2009;50.5
AVQ_CINEMA;regione;puglia;2009;50.1
AVQ_CINEMA;regione;sardegna;2009;47.3
AVQ_CINEMA;regione;sicilia;2009;48.2
AVQ_CINEMA;regione;toscana;2009;52.2
AVQ_CINEMA;regione;trentino-alto-adige;2009;39.370368
AVQ_CINEMA;regione;umbria;2009;47.0
AVQ_CINEMA;regione;valle-d-aosta;2009;45.2
AVQ_CINEMA;regione;veneto;2009;45.3
AVQ_CINEMA;regione;abruzzo;2010;57.4
AVQ_CINEMA;regione;basilicata;2010;45.2
AVQ_CINEMA;regione;calabria;2010;43.3
AVQ_CINEMA;regione;campania;2010;51.1
AVQ_CINEMA;regione;emilia-romagna;2010;50.4
AVQ_CINEMA;regione;friuli-venezia-giulia;2010;49.9
AVQ_CINEMA;regione;lazio;2010;59.8
AVQ_CINEMA;regione;liguria;2010;52.2
AVQ_CINEMA;regione;lombardia;2010;54.4
AVQ_CINEMA;regione;marche;2010;54.4
AVQ_CINEMA;regione;molise;2010;47.5
AVQ_CINEMA;regione;piemonte;2010;52.3
AVQ_CINEMA;regione;puglia;2010;52.4
AVQ_CINEMA;regione;sardegna;2010;43.7
AVQ_CINEMA;regione;sicilia;2010;54.0
AVQ_CINEMA;regione;toscana;2010;55.8
AVQ_CINEMA;regione;trentino-alto-adige;2010;42.953459
AVQ_CINEMA;regione;umbria;2010;49.6
AVQ_CINEMA;regione;valle-d-aosta;2010;49.3
AVQ_CINEMA;regione;veneto;2010;47.1
AVQ_CINEMA;regione;abruzzo;2011;58.7
AVQ_CINEMA;regione;basilicata;2011;45.6
AVQ_CINEMA;regione;calabria;2011;44.3
AVQ_CINEMA;regione;campania;2011;53.9
AVQ_CINEMA;regione;emilia-romagna;2011;53.7
AVQ_CINEMA;regione;friuli-venezia-giulia;2011;51.5
AVQ_CINEMA;regione;lazio;2011;61.8
AVQ_CINEMA;regione;liguria;2011;53.7
AVQ_CINEMA;regione;lombardia;2011;55.8
AVQ_CINEMA;regione;marche;2011;53.2
AVQ_CINEMA;regione;molise;2011;51.8
AVQ_CINEMA;regione;piemonte;2011;55.3
AVQ_CINEMA;regione;puglia;2011;54.7
AVQ_CINEMA;regione;sardegna;2011;49.5
AVQ_CINEMA;regione;sicilia;2011;49.0
AVQ_CINEMA;regione;toscana;2011;55.0
AVQ_CINEMA;regione;trentino-alto-adige;2011;46.117678
AVQ_CINEMA;regione;umbria;2011;49.0
AVQ_CINEMA;regione;valle-d-aosta;2011;47.4
AVQ_CINEMA;regione;veneto;2011;51.0
AVQ_CINEMA;regione;abruzzo;2012;51.1
AVQ_CINEMA;regione;basilicata;2012;39.2
AVQ_CINEMA;regione;calabria;2012;40.6
AVQ_CINEMA;regione;campania;2012;49.8
AVQ_CINEMA;regione;emilia-romagna;2012;51.6
AVQ_CINEMA;regione;friuli-venezia-giulia;2012;48.0
AVQ_CINEMA;regione;lazio;2012;58.0
AVQ_CINEMA;regione;liguria;2012;50.6
AVQ_CINEMA;regione;lombardia;2012;52.8
AVQ_CINEMA;regione;marche;2012;47.0
AVQ_CINEMA;regione;molise;2012;42.7
AVQ_CINEMA;regione;piemonte;2012;50.1
AVQ_CINEMA;regione;puglia;2012;45.2
AVQ_CINEMA;regione;sardegna;2012;40.7
AVQ_CINEMA;regione;sicilia;2012;50.0
AVQ_CINEMA;regione;toscana;2012;52.9
AVQ_CINEMA;regione;trentino-alto-adige;2012;41.275405
AVQ_CINEMA;regione;umbria;2012;46.8
AVQ_CINEMA;regione;valle-d-aosta;2012;47.5
AVQ_CINEMA;regione;veneto;2012;47.3
AVQ_CINEMA;regione;abruzzo;2013;48.5
AVQ_CINEMA;regione;basilicata;2013;41.3
AVQ_CINEMA;regione;calabria;2013;36.0
AVQ_CINEMA;regione;campania;2013;48.4
AVQ_CINEMA;regione;emilia-romagna;2013;48.7
AVQ_CINEMA;regione;friuli-venezia-giulia;2013;46.4
AVQ_CINEMA;regione;lazio;2013;58.4
AVQ_CINEMA;regione;liguria;2013;43.6
AVQ_CINEMA;regione;lombardia;2013;49.1
AVQ_CINEMA;regione;marche;2013;49.1
AVQ_CINEMA;regione;molise;2013;35.2
AVQ_CINEMA;regione;piemonte;2013;45.3
AVQ_CINEMA;regione;puglia;2013;46.0
AVQ_CINEMA;regione;sardegna;2013;36.0
AVQ_CINEMA;regione;sicilia;2013;41.7
AVQ_CINEMA;regione;toscana;2013;48.0
AVQ_CINEMA;regione;trentino-alto-adige;2013;39.128864
AVQ_CINEMA;regione;umbria;2013;45.3
AVQ_CINEMA;regione;valle-d-aosta;2013;42.8
AVQ_CINEMA;regione;veneto;2013;46.3
AVQ_CINEMA;regione;abruzzo;2014;46.7
AVQ_CINEMA;regione;basilicata;2014;36.8
AVQ_CINEMA;regione;calabria;2014;36.5
AVQ_CINEMA;regione;campania;2014;47.6
AVQ_CINEMA;regione;emilia-romagna;2014;49.8
AVQ_CINEMA;regione;friuli-venezia-giulia;2014;48.3
AVQ_CINEMA;regione;lazio;2014;58.0
AVQ_CINEMA;regione;liguria;2014;47.9
AVQ_CINEMA;regione;lombardia;2014;48.9
AVQ_CINEMA;regione;marche;2014;46.9
AVQ_CINEMA;regione;molise;2014;42.9
AVQ_CINEMA;regione;piemonte;2014;48.3
AVQ_CINEMA;regione;puglia;2014;44.9
AVQ_CINEMA;regione;sardegna;2014;41.7
AVQ_CINEMA;regione;sicilia;2014;46.3
AVQ_CINEMA;regione;toscana;2014;51.4
AVQ_CINEMA;regione;trentino-alto-adige;2014;43.98386
AVQ_CINEMA;regione;umbria;2014;46.8
AVQ_CINEMA;regione;valle-d-aosta;2014;47.7
AVQ_CINEMA;regione;veneto;2014;44.5
AVQ_CINEMA;regione;abruzzo;2015;48.4
AVQ_CINEMA;regione;basilicata;2015;41.9
AVQ_CINEMA;regione;calabria;2015;40.7
AVQ_CINEMA;regione;campania;2015;51.7
AVQ_CINEMA;regione;emilia-romagna;2015;51.7
AVQ_CINEMA;regione;friuli-venezia-giulia;2015;50.3
AVQ_CINEMA;regione;lazio;2015;54.5
AVQ_CINEMA;regione;liguria;2015;47.4
AVQ_CINEMA;regione;lombardia;2015;50.1
AVQ_CINEMA;regione;marche;2015;49.5
AVQ_CINEMA;regione;molise;2015;42.1
AVQ_CINEMA;regione;piemonte;2015;49.8
AVQ_CINEMA;regione;puglia;2015;48.5
AVQ_CINEMA;regione;sardegna;2015;39.9
AVQ_CINEMA;regione;sicilia;2015;51.0
AVQ_CINEMA;regione;toscana;2015;52.3
AVQ_CINEMA;regione;trentino-alto-adige;2015;41.93117
AVQ_CINEMA;regione;umbria;2015;51.3
AVQ_CINEMA;regione;valle-d-aosta;2015;46.9
AVQ_CINEMA;regione;veneto;2015;46.9
AVQ_CINEMA;regione;abruzzo;2016;51.2
AVQ_CINEMA;regione;basilicata;2016;50.9
AVQ_CINEMA;regione;calabria;2016;42.2
AVQ_CINEMA;regione;campania;2016;50.5
AVQ_CINEMA;regione;emilia-romagna;2016;55.1
AVQ_CINEMA;regione;friuli-venezia-giulia;2016;53.1
AVQ_CINEMA;regione;lazio;2016;61.0
AVQ_CINEMA;regione;liguria;2016;52.0
AVQ_CINEMA;regione;lombardia;2016;52.1
AVQ_CINEMA;regione;marche;2016;55.2
AVQ_CINEMA;regione;molise;2016;49.6
AVQ_CINEMA;regione;piemonte;2016;51.7
AVQ_CINEMA;regione;puglia;2016;52.9
AVQ_CINEMA;regione;sardegna;2016;42.4
AVQ_CINEMA;regione;sicilia;2016;48.7
AVQ_CINEMA;regione;toscana;2016;55.0
AVQ_CINEMA;regione;trentino-alto-adige;2016;48.056533
AVQ_CINEMA;regione;umbria;2016;48.9
AVQ_CINEMA;regione;valle-d-aosta;2016;50.9
AVQ_CINEMA;regione;veneto;2016;51.5
AVQ_CINEMA;regione;abruzzo;2017;52.3
AVQ_CINEMA;regione;basilicata;2017;44.5
AVQ_CINEMA;regione;calabria;2017;40.0
AVQ_CINEMA;regione;campania;2017;48.6
AVQ_CINEMA;regione;emilia-romagna;2017;52.3
AVQ_CINEMA;regione;friuli-venezia-giulia;2017;49.3
AVQ_CINEMA;regione;lazio;2017;59.5
AVQ_CINEMA;regione;liguria;2017;47.2
AVQ_CINEMA;regione;lombardia;2017;51.1
AVQ_CINEMA;regione;marche;2017;50.2
AVQ_CINEMA;regione;molise;2017;39.4
AVQ_CINEMA;regione;piemonte;2017;50.2
AVQ_CINEMA;regione;puglia;2017;46.6
AVQ_CINEMA;regione;sardegna;2017;38.6
AVQ_CINEMA;regione;sicilia;2017;46.6
AVQ_CINEMA;regione;toscana;2017;49.5
AVQ_CINEMA;regione;trentino-alto-adige;2017;44.64193
AVQ_CINEMA;regione;umbria;2017;50.2
AVQ_CINEMA;regione;valle-d-aosta;2017;42.0
AVQ_CINEMA;regione;veneto;2017;48.7
AVQ_CINEMA;regione;abruzzo;2018;48.2
AVQ_CINEMA;regione;basilicata;2018;44.3
AVQ_CINEMA;regione;calabria;2018;43.3
AVQ_CINEMA;regione;campania;2018;49.2
AVQ_CINEMA;regione;emilia-romagna;2018;52.4
AVQ_CINEMA;regione;friuli-venezia-giulia;2018;47.6
AVQ_CINEMA;regione;lazio;2018;55.4
AVQ_CINEMA;regione;liguria;2018;48.8
AVQ_CINEMA;regione;lombardia;2018;50.7
AVQ_CINEMA;regione;marche;2018;47.0
AVQ_CINEMA;regione;molise;2018;37.4
AVQ_CINEMA;regione;piemonte;2018;47.6
AVQ_CINEMA;regione;puglia;2018;46.4
AVQ_CINEMA;regione;sardegna;2018;38.7
AVQ_CINEMA;regione;sicilia;2018;45.0
AVQ_CINEMA;regione;toscana;2018;51.6
AVQ_CINEMA;regione;trentino-alto-adige;2018;42.696157
AVQ_CINEMA;regione;umbria;2018;48.0
AVQ_CINEMA;regione;valle-d-aosta;2018;43.7
AVQ_CINEMA;regione;veneto;2018;47.4
AVQ_CINEMA;regione;abruzzo;2019;48.0
AVQ_CINEMA;regione;basilicata;2019;41.1
AVQ_CINEMA;regione;calabria;2019;38.0
AVQ_CINEMA;regione;campania;2019;50.6
AVQ_CINEMA;regione;emilia-romagna;2019;52.3
AVQ_CINEMA;regione;friuli-venezia-giulia;2019;47.2
AVQ_CINEMA;regione;lazio;2019;53.4
AVQ_CINEMA;regione;liguria;2019;45.4
AVQ_CINEMA;regione;lombardia;2019;49.6
AVQ_CINEMA;regione;marche;2019;47.9
AVQ_CINEMA;regione;molise;2019;35.4
AVQ_CINEMA;regione;piemonte;2019;47.7
AVQ_CINEMA;regione;puglia;2019;48.5
AVQ_CINEMA;regione;sardegna;2019;40.1
AVQ_CINEMA;regione;sicilia;2019;48.5
AVQ_CINEMA;regione;toscana;2019;49.4
AVQ_CINEMA;regione;trentino-alto-adige;2019;42.356533
AVQ_CINEMA;regione;umbria;2019;49.5
AVQ_CINEMA;regione;valle-d-aosta;2019;45.1
AVQ_CINEMA;regione;veneto;2019;46.4
AVQ_CINEMA;regione;abruzzo;2020;47.5
AVQ_CINEMA;regione;basilicata;2020;36.2
AVQ_CINEMA;regione;calabria;2020;32.5
AVQ_CINEMA;regione;campania;2020;44.1
AVQ_CINEMA;regione;emilia-romagna;2020;49.6
AVQ_CINEMA;regione;friuli-venezia-giulia;2020;44.3
AVQ_CINEMA;regione;lazio;2020;49.6
AVQ_CINEMA;regione;liguria;2020;43.0
AVQ_CINEMA;regione;lombardia;2020;48.7
AVQ_CINEMA;regione;marche;2020;43.8
AVQ_CINEMA;regione;molise;2020;40.0
AVQ_CINEMA;regione;piemonte;2020;45.2
AVQ_CINEMA;regione;puglia;2020;46.9
AVQ_CINEMA;regione;sardegna;2020;36.9
AVQ_CINEMA;regione;sicilia;2020;41.8
AVQ_CINEMA;regione;toscana;2020;44.4
AVQ_CINEMA;regione;trentino-alto-adige;2020;40.614603
AVQ_CINEMA;regione;umbria;2020;41.6
AVQ_CINEMA;regione;valle-d-aosta;2020;42.4
AVQ_CINEMA;regione;veneto;2020;44.8
AVQ_CINEMA;regione;abruzzo;2021;8.1
AVQ_CINEMA;regione;basilicata;2021;6.8
AVQ_CINEMA;regione;calabria;2021;4.4
AVQ_CINEMA;regione;campania;2021;8.2
AVQ_CINEMA;regione;emilia-romagna;2021;11.4
AVQ_CINEMA;regione;friuli-venezia-giulia;2021;8.9
AVQ_CINEMA;regione;lazio;2021;10.2
AVQ_CINEMA;regione;liguria;2021;7.1
AVQ_CINEMA;regione;lombardia;2021;8.9
AVQ_CINEMA;regione;marche;2021;8.9
AVQ_CINEMA;regione;molise;2021;5.2
AVQ_CINEMA;regione;piemonte;2021;8.5
AVQ_CINEMA;regione;puglia;2021;9.1
AVQ_CINEMA;regione;sardegna;2021;7.8
AVQ_CINEMA;regione;sicilia;2021;10.7
AVQ_CINEMA;regione;toscana;2021;10.5
AVQ_CINEMA;regione;trentino-alto-adige;2021;9.851921
AVQ_CINEMA;regione;umbria;2021;12.4
AVQ_CINEMA;regione;valle-d-aosta;2021;7.8
AVQ_CINEMA;regione;veneto;2021;8.2
AVQ_CINEMA;regione;abruzzo;2022;33.1
AVQ_CINEMA;regione;basilicata;2022;24.4
AVQ_CINEMA;regione;calabria;2022;21.6
AVQ_CINEMA;regione;campania;2022;38.5
AVQ_CINEMA;regione;emilia-romagna;2022;31.6
AVQ_CINEMA;regione;friuli-venezia-giulia;2022;28.4
AVQ_CINEMA;regione;lazio;2022;36.0
AVQ_CINEMA;regione;liguria;2022;26.6
AVQ_CINEMA;regione;lombardia;2022;30.7
AVQ_CINEMA;regione;marche;2022;30.5
AVQ_CINEMA;regione;molise;2022;26.6
AVQ_CINEMA;regione;piemonte;2022;29.3
AVQ_CINEMA;regione;puglia;2022;30.0
AVQ_CINEMA;regione;sardegna;2022;24.3
AVQ_CINEMA;regione;sicilia;2022;27.5
AVQ_CINEMA;regione;toscana;2022;29.1
AVQ_CINEMA;regione;trentino-alto-adige;2022;29.141161
AVQ_CINEMA;regione;umbria;2022;30.1
AVQ_CINEMA;regione;valle-d-aosta;2022;29.0
AVQ_CINEMA;regione;veneto;2022;28.2
AVQ_CINEMA;regione;abruzzo;2023;42.5
AVQ_CINEMA;regione;basilicata;2023;35.2
AVQ_CINEMA;regione;calabria;2023;36.0
AVQ_CINEMA;regione;campania;2023;43.2
AVQ_CINEMA;regione;emilia-romagna;2023;43.2
AVQ_CINEMA;regione;friuli-venezia-giulia;2023;37.7
AVQ_CINEMA;regione;lazio;2023;43.2
AVQ_CINEMA;regione;liguria;2023;38.8
AVQ_CINEMA;regione;lombardia;2023;44.5
AVQ_CINEMA;regione;marche;2023;38.8
AVQ_CINEMA;regione;molise;2023;30.7
AVQ_CINEMA;regione;piemonte;2023;39.0
AVQ_CINEMA;regione;puglia;2023;39.7
AVQ_CINEMA;regione;sardegna;2023;32.8
AVQ_CINEMA;regione;sicilia;2023;38.1
AVQ_CINEMA;regione;toscana;2023;42.3
AVQ_CINEMA;regione;trentino-alto-adige;2023;39.432707
AVQ_CINEMA;regione;umbria;2023;39.1
AVQ_CINEMA;regione;valle-d-aosta;2023;40.5
AVQ_CINEMA;regione;veneto;2023;38.2
AVQ_CINEMA;regione;abruzzo;2024;45.1
AVQ_CINEMA;regione;basilicata;2024;36.5
AVQ_CINEMA;regione;calabria;2024;33.0
AVQ_CINEMA;regione;campania;2024;47.2
AVQ_CINEMA;regione;emilia-romagna;2024;46.7
AVQ_CINEMA;regione;friuli-venezia-giulia;2024;42.7
AVQ_CINEMA;regione;lazio;2024;53.1
AVQ_CINEMA;regione;liguria;2024;43.3
AVQ_CINEMA;regione;lombardia;2024;48.5
AVQ_CINEMA;regione;marche;2024;43.0
AVQ_CINEMA;regione;molise;2024;38.7
AVQ_CINEMA;regione;piemonte;2024;43.4
AVQ_CINEMA;regione;puglia;2024;46.7
AVQ_CINEMA;regione;sardegna;2024;35.6
AVQ_CINEMA;regione;sicilia;2024;42.0
AVQ_CINEMA;regione;toscana;2024;47.3
AVQ_CINEMA;regione;trentino-alto-adige;2024;41.839624
AVQ_CINEMA;regione;umbria;2024;49.1
AVQ_CINEMA;regione;valle-d-aosta;2024;41.2
AVQ_CINEMA;regione;veneto;2024;41.9
AVQ_CINEMA;regione;abruzzo;2025;48.8
AVQ_CINEMA;regione;basilicata;2025;41.1
AVQ_CINEMA;regione;calabria;2025;40.0
AVQ_CINEMA;regione;campania;2025;50.8
AVQ_CINEMA;regione;emilia-romagna;2025;53.9
AVQ_CINEMA;regione;friuli-venezia-giulia;2025;44.1
AVQ_CINEMA;regione;lazio;2025;54.8
AVQ_CINEMA;regione;liguria;2025;43.2
AVQ_CINEMA;regione;lombardia;2025;48.6
AVQ_CINEMA;regione;marche;2025;47.3
AVQ_CINEMA;regione;molise;2025;43.0
AVQ_CINEMA;regione;piemonte;2025;48.1
AVQ_CINEMA;regione;puglia;2025;49.8
AVQ_CINEMA;regione;sardegna;2025;41.2
AVQ_CINEMA;regione;sicilia;2025;43.8
AVQ_CINEMA;regione;toscana;2025;48.3
AVQ_CINEMA;regione;trentino-alto-adige;2025;44.14193
AVQ_CINEMA;regione;umbria;2025;46.8
AVQ_CINEMA;regione;valle-d-aosta;2025;43.5
AVQ_CINEMA;regione;veneto;2025;44.8
AVQ_SITI_ARCHEOLOGICI;regione;abruzzo;2001;19.0
AVQ_SITI_ARCHEOLOGICI;regione;basilicata;2001;15.6
AVQ_SITI_ARCHEOLOGICI;regione;calabria;2001;9.8
AVQ_SITI_ARCHEOLOGICI;regione;campania;2001;15.6
AVQ_SITI_ARCHEOLOGICI;regione;emilia-romagna;2001;25.7
AVQ_SITI_ARCHEOLOGICI;regione;friuli-venezia-giulia;2001;28.0
AVQ_SITI_ARCHEOLOGICI;regione;lazio;2001;25.4
AVQ_SITI_ARCHEOLOGICI;regione;liguria;2001;16.3
AVQ_SITI_ARCHEOLOGICI;regione;lombardia;2001;27.1
AVQ_SITI_ARCHEOLOGICI;regione;marche;2001;18.7
AVQ_SITI_ARCHEOLOGICI;regione;molise;2001;17.5
AVQ_SITI_ARCHEOLOGICI;regione;piemonte;2001;25.0
AVQ_SITI_ARCHEOLOGICI;regione;puglia;2001;12.4
AVQ_SITI_ARCHEOLOGICI;regione;sardegna;2001;28.3
AVQ_SITI_ARCHEOLOGICI;regione;sicilia;2001;13.9
AVQ_SITI_ARCHEOLOGICI;regione;toscana;2001;24.0
AVQ_SITI_ARCHEOLOGICI;regione;trentino-alto-adige;2001;27.012297
AVQ_SITI_ARCHEOLOGICI;regione;umbria;2001;22.1
AVQ_SITI_ARCHEOLOGICI;regione;valle-d-aosta;2001;23.8
AVQ_SITI_ARCHEOLOGICI;regione;veneto;2001;24.1
AVQ_SITI_ARCHEOLOGICI;regione;abruzzo;2002;18.3
AVQ_SITI_ARCHEOLOGICI;regione;basilicata;2002;16.4
AVQ_SITI_ARCHEOLOGICI;regione;calabria;2002;12.3
AVQ_SITI_ARCHEOLOGICI;regione;campania;2002;13.8
AVQ_SITI_ARCHEOLOGICI;regione;emilia-romagna;2002;26.1
AVQ_SITI_ARCHEOLOGICI;regione;friuli-venezia-giulia;2002;26.3
AVQ_SITI_ARCHEOLOGICI;regione;lazio;2002;23.9
AVQ_SITI_ARCHEOLOGICI;regione;liguria;2002;20.3
AVQ_SITI_ARCHEOLOGICI;regione;lombardia;2002;24.2
AVQ_SITI_ARCHEOLOGICI;regione;marche;2002;20.4
AVQ_SITI_ARCHEOLOGICI;regione;molise;2002;18.9
AVQ_SITI_ARCHEOLOGICI;regione;piemonte;2002;22.3
AVQ_SITI_ARCHEOLOGICI;regione;puglia;2002;14.7
AVQ_SITI_ARCHEOLOGICI;regione;sardegna;2002;26.1
AVQ_SITI_ARCHEOLOGICI;regione;sicilia;2002;15.8
AVQ_SITI_ARCHEOLOGICI;regione;toscana;2002;25.7
AVQ_SITI_ARCHEOLOGICI;regione;trentino-alto-adige;2002;29.570368
AVQ_SITI_ARCHEOLOGICI;regione;umbria;2002;21.5
AVQ_SITI_ARCHEOLOGICI;regione;valle-d-aosta;2002;24.5
AVQ_SITI_ARCHEOLOGICI;regione;veneto;2002;26.7
AVQ_SITI_ARCHEOLOGICI;regione;abruzzo;2003;19.8
AVQ_SITI_ARCHEOLOGICI;regione;basilicata;2003;17.1
AVQ_SITI_ARCHEOLOGICI;regione;calabria;2003;13.8
AVQ_SITI_ARCHEOLOGICI;regione;campania;2003;14.4
AVQ_SITI_ARCHEOLOGICI;regione;emilia-romagna;2003;26.1
AVQ_SITI_ARCHEOLOGICI;regione;friuli-venezia-giulia;2003;26.7
AVQ_SITI_ARCHEOLOGICI;regione;lazio;2003;23.8
AVQ_SITI_ARCHEOLOGICI;regione;liguria;2003;22.2
AVQ_SITI_ARCHEOLOGICI;regione;lombardia;2003;28.7
AVQ_SITI_ARCHEOLOGICI;regione;marche;2003;26.2
AVQ_SITI_ARCHEOLOGICI;regione;molise;2003;19.5
AVQ_SITI_ARCHEOLOGICI;regione;piemonte;2003;25.1
AVQ_SITI_ARCHEOLOGICI;regione;puglia;2003;13.5
AVQ_SITI_ARCHEOLOGICI;regione;sardegna;2003;28.4
AVQ_SITI_ARCHEOLOGICI;regione;sicilia;2003;13.8
AVQ_SITI_ARCHEOLOGICI;regione;toscana;2003;24.1
AVQ_SITI_ARCHEOLOGICI;regione;trentino-alto-adige;2003;29.109223
AVQ_SITI_ARCHEOLOGICI;regione;umbria;2003;20.9
AVQ_SITI_ARCHEOLOGICI;regione;valle-d-aosta;2003;24.6
AVQ_SITI_ARCHEOLOGICI;regione;veneto;2003;30.8
AVQ_SITI_ARCHEOLOGICI;regione;abruzzo;2005;19.6
AVQ_SITI_ARCHEOLOGICI;regione;basilicata;2005;18.1
AVQ_SITI_ARCHEOLOGICI;regione;calabria;2005;14.2
AVQ_SITI_ARCHEOLOGICI;regione;campania;2005;13.2
AVQ_SITI_ARCHEOLOGICI;regione;emilia-romagna;2005;23.9
AVQ_SITI_ARCHEOLOGICI;regione;friuli-venezia-giulia;2005;25.6
AVQ_SITI_ARCHEOLOGICI;regione;lazio;2005;26.6
AVQ_SITI_ARCHEOLOGICI;regione;liguria;2005;16.4
AVQ_SITI_ARCHEOLOGICI;regione;lombardia;2005;26.4
AVQ_SITI_ARCHEOLOGICI;regione;marche;2005;22.8
AVQ_SITI_ARCHEOLOGICI;regione;molise;2005;13.7
AVQ_SITI_ARCHEOLOGICI;regione;piemonte;2005;20.4
AVQ_SITI_ARCHEOLOGICI;regione;puglia;2005;13.8
AVQ_SITI_ARCHEOLOGICI;regione;sardegna;2005;26.7
AVQ_SITI_ARCHEOLOGICI;regione;sicilia;2005;13.4
AVQ_SITI_ARCHEOLOGICI;regione;toscana;2005;23.9
AVQ_SITI_ARCHEOLOGICI;regione;trentino-alto-adige;2005;28.055764
AVQ_SITI_ARCHEOLOGICI;regione;umbria;2005;21.2
AVQ_SITI_ARCHEOLOGICI;regione;valle-d-aosta;2005;21.2
AVQ_SITI_ARCHEOLOGICI;regione;veneto;2005;26.2
AVQ_SITI_ARCHEOLOGICI;regione;abruzzo;2006;15.1
AVQ_SITI_ARCHEOLOGICI;regione;basilicata;2006;15.6
AVQ_SITI_ARCHEOLOGICI;regione;calabria;2006;10.8
AVQ_SITI_ARCHEOLOGICI;regione;campania;2006;14.7
AVQ_SITI_ARCHEOLOGICI;regione;emilia-romagna;2006;26.2
AVQ_SITI_ARCHEOLOGICI;regione;friuli-venezia-giulia;2006;22.9
AVQ_SITI_ARCHEOLOGICI;regione;lazio;2006;24.0
AVQ_SITI_ARCHEOLOGICI;regione;liguria;2006;18.3
AVQ_SITI_ARCHEOLOGICI;regione;lombardia;2006;26.1
AVQ_SITI_ARCHEOLOGICI;regione;marche;2006;20.9
AVQ_SITI_ARCHEOLOGICI;regione;molise;2006;14.0
AVQ_SITI_ARCHEOLOGICI;regione;piemonte;2006;25.1
AVQ_SITI_ARCHEOLOGICI;regione;puglia;2006;13.5
AVQ_SITI_ARCHEOLOGICI;regione;sardegna;2006;27.1
AVQ_SITI_ARCHEOLOGICI;regione;sicilia;2006;13.0
AVQ_SITI_ARCHEOLOGICI;regione;toscana;2006;22.7
AVQ_SITI_ARCHEOLOGICI;regione;trentino-alto-adige;2006;25.809223
AVQ_SITI_ARCHEOLOGICI;regione;umbria;2006;20.2
AVQ_SITI_ARCHEOLOGICI;regione;valle-d-aosta;2006;25.0
AVQ_SITI_ARCHEOLOGICI;regione;veneto;2006;26.1
AVQ_SITI_ARCHEOLOGICI;regione;abruzzo;2007;16.5
AVQ_SITI_ARCHEOLOGICI;regione;basilicata;2007;17.7
AVQ_SITI_ARCHEOLOGICI;regione;calabria;2007;10.4
AVQ_SITI_ARCHEOLOGICI;regione;campania;2007;14.6
AVQ_SITI_ARCHEOLOGICI;regione;emilia-romagna;2007;25.8
AVQ_SITI_ARCHEOLOGICI;regione;friuli-venezia-giulia;2007;25.6
AVQ_SITI_ARCHEOLOGICI;regione;lazio;2007;25.4
AVQ_SITI_ARCHEOLOGICI;regione;liguria;2007;19.8
AVQ_SITI_ARCHEOLOGICI;regione;lombardia;2007;27.7
AVQ_SITI_ARCHEOLOGICI;regione;marche;2007;18.7
AVQ_SITI_ARCHEOLOGICI;regione;molise;2007;14.6
AVQ_SITI_ARCHEOLOGICI;regione;piemonte;2007;25.9
AVQ_SITI_ARCHEOLOGICI;regione;puglia;2007;11.9
AVQ_SITI_ARCHEOLOGICI;regione;sardegna;2007;27.0
AVQ_SITI_ARCHEOLOGICI;regione;sicilia;2007;14.2
AVQ_SITI_ARCHEOLOGICI;regione;toscana;2007;23.7
AVQ_SITI_ARCHEOLOGICI;regione;trentino-alto-adige;2007;26.972673
AVQ_SITI_ARCHEOLOGICI;regione;umbria;2007;18.9
AVQ_SITI_ARCHEOLOGICI;regione;valle-d-aosta;2007;31.5
AVQ_SITI_ARCHEOLOGICI;regione;veneto;2007;25.5
AVQ_SITI_ARCHEOLOGICI;regione;abruzzo;2008;17.7
AVQ_SITI_ARCHEOLOGICI;regione;basilicata;2008;15.3
AVQ_SITI_ARCHEOLOGICI;regione;calabria;2008;11.2
AVQ_SITI_ARCHEOLOGICI;regione;campania;2008;13.3
AVQ_SITI_ARCHEOLOGICI;regione;emilia-romagna;2008;22.6
AVQ_SITI_ARCHEOLOGICI;regione;friuli-venezia-giulia;2008;30.3
AVQ_SITI_ARCHEOLOGICI;regione;lazio;2008;27.5
AVQ_SITI_ARCHEOLOGICI;regione;liguria;2008;19.8
AVQ_SITI_ARCHEOLOGICI;regione;lombardia;2008;26.5
AVQ_SITI_ARCHEOLOGICI;regione;marche;2008;20.0
AVQ_SITI_ARCHEOLOGICI;regione;molise;2008;16.0
AVQ_SITI_ARCHEOLOGICI;regione;piemonte;2008;24.6
AVQ_SITI_ARCHEOLOGICI;regione;puglia;2008;12.0
AVQ_SITI_ARCHEOLOGICI;regione;sardegna;2008;26.5
AVQ_SITI_ARCHEOLOGICI;regione;sicilia;2008;14.4
AVQ_SITI_ARCHEOLOGICI;regione;toscana;2008;23.5
AVQ_SITI_ARCHEOLOGICI;regione;trentino-alto-adige;2008;25.524595
AVQ_SITI_ARCHEOLOGICI;regione;umbria;2008;22.7
AVQ_SITI_ARCHEOLOGICI;regione;valle-d-aosta;2008;30.0
AVQ_SITI_ARCHEOLOGICI;regione;veneto;2008;26.0
AVQ_SITI_ARCHEOLOGICI;regione;abruzzo;2009;16.8
AVQ_SITI_ARCHEOLOGICI;regione;basilicata;2009;15.9
AVQ_SITI_ARCHEOLOGICI;regione;calabria;2009;12.4
AVQ_SITI_ARCHEOLOGICI;regione;campania;2009;15.1
AVQ_SITI_ARCHEOLOGICI;regione;emilia-romagna;2009;24.3
AVQ_SITI_ARCHEOLOGICI;regione;friuli-venezia-giulia;2009;27.9
AVQ_SITI_ARCHEOLOGICI;regione;lazio;2009;27.7
AVQ_SITI_ARCHEOLOGICI;regione;liguria;2009;19.9
AVQ_SITI_ARCHEOLOGICI;regione;lombardia;2009;25.9
AVQ_SITI_ARCHEOLOGICI;regione;marche;2009;22.7
AVQ_SITI_ARCHEOLOGICI;regione;molise;2009;17.3
AVQ_SITI_ARCHEOLOGICI;regione;piemonte;2009;24.9
AVQ_SITI_ARCHEOLOGICI;regione;puglia;2009;11.9
AVQ_SITI_ARCHEOLOGICI;regione;sardegna;2009;25.1
AVQ_SITI_ARCHEOLOGICI;regione;sicilia;2009;15.9
AVQ_SITI_ARCHEOLOGICI;regione;toscana;2009;24.7
AVQ_SITI_ARCHEOLOGICI;regione;trentino-alto-adige;2009;26.473442
AVQ_SITI_ARCHEOLOGICI;regione;umbria;2009;23.3
AVQ_SITI_ARCHEOLOGICI;regione;valle-d-aosta;2009;27.8
AVQ_SITI_ARCHEOLOGICI;regione;veneto;2009;26.0
AVQ_SITI_ARCHEOLOGICI;regione;abruzzo;2010;19.8
AVQ_SITI_ARCHEOLOGICI;regione;basilicata;2010;17.4
AVQ_SITI_ARCHEOLOGICI;regione;calabria;2010;12.0
AVQ_SITI_ARCHEOLOGICI;regione;campania;2010;17.1
AVQ_SITI_ARCHEOLOGICI;regione;emilia-romagna;2010;23.1
AVQ_SITI_ARCHEOLOGICI;regione;friuli-venezia-giulia;2010;28.4
AVQ_SITI_ARCHEOLOGICI;regione;lazio;2010;28.5
AVQ_SITI_ARCHEOLOGICI;regione;liguria;2010;21.8
AVQ_SITI_ARCHEOLOGICI;regione;lombardia;2010;28.2
AVQ_SITI_ARCHEOLOGICI;regione;marche;2010;20.2
AVQ_SITI_ARCHEOLOGICI;regione;molise;2010;16.0
AVQ_SITI_ARCHEOLOGICI;regione;piemonte;2010;26.5
AVQ_SITI_ARCHEOLOGICI;regione;puglia;2010;13.4
AVQ_SITI_ARCHEOLOGICI;regione;sardegna;2010;28.7
AVQ_SITI_ARCHEOLOGICI;regione;sicilia;2010;16.9
AVQ_SITI_ARCHEOLOGICI;regione;toscana;2010;27.0
AVQ_SITI_ARCHEOLOGICI;regione;trentino-alto-adige;2010;25.184971
AVQ_SITI_ARCHEOLOGICI;regione;umbria;2010;22.8
AVQ_SITI_ARCHEOLOGICI;regione;valle-d-aosta;2010;31.6
AVQ_SITI_ARCHEOLOGICI;regione;veneto;2010;27.1
AVQ_SITI_ARCHEOLOGICI;regione;abruzzo;2011;17.2
AVQ_SITI_ARCHEOLOGICI;regione;basilicata;2011;17.3
AVQ_SITI_ARCHEOLOGICI;regione;calabria;2011;10.7
AVQ_SITI_ARCHEOLOGICI;regione;campania;2011;14.3
AVQ_SITI_ARCHEOLOGICI;regione;emilia-romagna;2011;23.6
AVQ_SITI_ARCHEOLOGICI;regione;friuli-venezia-giulia;2011;30.1
AVQ_SITI_ARCHEOLOGICI;regione;lazio;2011;29.8
AVQ_SITI_ARCHEOLOGICI;regione;liguria;2011;21.2
AVQ_SITI_ARCHEOLOGICI;regione;lombardia;2011;28.3
AVQ_SITI_ARCHEOLOGICI;regione;marche;2011;21.1
AVQ_SITI_ARCHEOLOGICI;regione;molise;2011;17.0
AVQ_SITI_ARCHEOLOGICI;regione;piemonte;2011;26.4
AVQ_SITI_ARCHEOLOGICI;regione;puglia;2011;12.8
AVQ_SITI_ARCHEOLOGICI;regione;sardegna;2011;28.3
AVQ_SITI_ARCHEOLOGICI;regione;sicilia;2011;16.0
AVQ_SITI_ARCHEOLOGICI;regione;toscana;2011;26.8
AVQ_SITI_ARCHEOLOGICI;regione;trentino-alto-adige;2011;27.419215
AVQ_SITI_ARCHEOLOGICI;regione;umbria;2011;20.8
AVQ_SITI_ARCHEOLOGICI;regione;valle-d-aosta;2011;31.7
AVQ_SITI_ARCHEOLOGICI;regione;veneto;2011;28.3
AVQ_SITI_ARCHEOLOGICI;regione;abruzzo;2012;13.9
AVQ_SITI_ARCHEOLOGICI;regione;basilicata;2012;13.8
AVQ_SITI_ARCHEOLOGICI;regione;calabria;2012;11.3
AVQ_SITI_ARCHEOLOGICI;regione;campania;2012;14.8
AVQ_SITI_ARCHEOLOGICI;regione;emilia-romagna;2012;24.3
AVQ_SITI_ARCHEOLOGICI;regione;friuli-venezia-giulia;2012;27.3
AVQ_SITI_ARCHEOLOGICI;regione;lazio;2012;25.1
AVQ_SITI_ARCHEOLOGICI;regione;liguria;2012;22.0
AVQ_SITI_ARCHEOLOGICI;regione;lombardia;2012;26.3
AVQ_SITI_ARCHEOLOGICI;regione;marche;2012;18.1
AVQ_SITI_ARCHEOLOGICI;regione;molise;2012;15.2
AVQ_SITI_ARCHEOLOGICI;regione;piemonte;2012;25.2
AVQ_SITI_ARCHEOLOGICI;regione;puglia;2012;11.0
AVQ_SITI_ARCHEOLOGICI;regione;sardegna;2012;23.4
AVQ_SITI_ARCHEOLOGICI;regione;sicilia;2012;15.2
AVQ_SITI_ARCHEOLOGICI;regione;toscana;2012;23.0
AVQ_SITI_ARCHEOLOGICI;regione;trentino-alto-adige;2012;24.028438
AVQ_SITI_ARCHEOLOGICI;regione;umbria;2012;21.0
AVQ_SITI_ARCHEOLOGICI;regione;valle-d-aosta;2012;32.8
AVQ_SITI_ARCHEOLOGICI;regione;veneto;2012;26.1
AVQ_SITI_ARCHEOLOGICI;regione;abruzzo;2013;14.7
AVQ_SITI_ARCHEOLOGICI;regione;basilicata;2013;17.0
AVQ_SITI_ARCHEOLOGICI;regione;calabria;2013;9.8
AVQ_SITI_ARCHEOLOGICI;regione;campania;2013;13.2
AVQ_SITI_ARCHEOLOGICI;regione;emilia-romagna;2013;23.7
AVQ_SITI_ARCHEOLOGICI;regione;friuli-venezia-giulia;2013;26.5
AVQ_SITI_ARCHEOLOGICI;regione;lazio;2013;28.7
AVQ_SITI_ARCHEOLOGICI;regione;liguria;2013;20.2
AVQ_SITI_ARCHEOLOGICI;regione;lombardia;2013;25.4
AVQ_SITI_ARCHEOLOGICI;regione;marche;2013;21.1
AVQ_SITI_ARCHEOLOGICI;regione;molise;2013;14.4
AVQ_SITI_ARCHEOLOGICI;regione;piemonte;2013;21.0
AVQ_SITI_ARCHEOLOGICI;regione;puglia;2013;13.2
AVQ_SITI_ARCHEOLOGICI;regione;sardegna;2013;23.8
AVQ_SITI_ARCHEOLOGICI;regione;sicilia;2013;12.5
AVQ_SITI_ARCHEOLOGICI;regione;toscana;2013;22.6
AVQ_SITI_ARCHEOLOGICI;regione;trentino-alto-adige;2013;25.362682
AVQ_SITI_ARCHEOLOGICI;regione;umbria;2013;20.1
AVQ_SITI_ARCHEOLOGICI;regione;valle-d-aosta;2013;27.2
AVQ_SITI_ARCHEOLOGICI;regione;veneto;2013;25.1
AVQ_SITI_ARCHEOLOGICI;regione;abruzzo;2014;17.6
AVQ_SITI_ARCHEOLOGICI;regione;basilicata;2014;14.3
AVQ_SITI_ARCHEOLOGICI;regione;calabria;2014;11.4
AVQ_SITI_ARCHEOLOGICI;regione;campania;2014;14.6
AVQ_SITI_ARCHEOLOGICI;regione;emilia-romagna;2014;25.5
AVQ_SITI_ARCHEOLOGICI;regione;friuli-venezia-giulia;2014;27.2
AVQ_SITI_ARCHEOLOGICI;regione;lazio;2014;30.5
AVQ_SITI_ARCHEOLOGICI;regione;liguria;2014;21.0
AVQ_SITI_ARCHEOLOGICI;regione;lombardia;2014;24.0
AVQ_SITI_ARCHEOLOGICI;regione;marche;2014;22.0
AVQ_SITI_ARCHEOLOGICI;regione;molise;2014;18.7
AVQ_SITI_ARCHEOLOGICI;regione;piemonte;2014;25.6
AVQ_SITI_ARCHEOLOGICI;regione;puglia;2014;13.6
AVQ_SITI_ARCHEOLOGICI;regione;sardegna;2014;29.5
AVQ_SITI_ARCHEOLOGICI;regione;sicilia;2014;14.0
AVQ_SITI_ARCHEOLOGICI;regione;toscana;2014;26.0
AVQ_SITI_ARCHEOLOGICI;regione;trentino-alto-adige;2014;29.564987
AVQ_SITI_ARCHEOLOGICI;regione;umbria;2014;21.9
AVQ_SITI_ARCHEOLOGICI;regione;valle-d-aosta;2014;26.7
AVQ_SITI_ARCHEOLOGICI;regione;veneto;2014;23.2
AVQ_SITI_ARCHEOLOGICI;regione;abruzzo;2015;19.0
AVQ_SITI_ARCHEOLOGICI;regione;basilicata;2015;18.3
AVQ_SITI_ARCHEOLOGICI;regione;calabria;2015;13.5
AVQ_SITI_ARCHEOLOGICI;regione;campania;2015;18.3
AVQ_SITI_ARCHEOLOGICI;regione;emilia-romagna;2015;25.7
AVQ_SITI_ARCHEOLOGICI;regione;friuli-venezia-giulia;2015;28.9
AVQ_SITI_ARCHEOLOGICI;regione;lazio;2015;28.6
AVQ_SITI_ARCHEOLOGICI;regione;liguria;2015;23.4
AVQ_SITI_ARCHEOLOGICI;regione;lombardia;2015;27.6
AVQ_SITI_ARCHEOLOGICI;regione;marche;2015;23.7
AVQ_SITI_ARCHEOLOGICI;regione;molise;2015;18.2
AVQ_SITI_ARCHEOLOGICI;regione;piemonte;2015;27.3
AVQ_SITI_ARCHEOLOGICI;regione;puglia;2015;15.2
AVQ_SITI_ARCHEOLOGICI;regione;sardegna;2015;26.0
AVQ_SITI_ARCHEOLOGICI;regione;sicilia;2015;17.1
AVQ_SITI_ARCHEOLOGICI;regione;toscana;2015;25.0
AVQ_SITI_ARCHEOLOGICI;regione;trentino-alto-adige;2015;29.126901
AVQ_SITI_ARCHEOLOGICI;regione;umbria;2015;27.5
AVQ_SITI_ARCHEOLOGICI;regione;valle-d-aosta;2015;33.1
AVQ_SITI_ARCHEOLOGICI;regione;veneto;2015;25.7
AVQ_SITI_ARCHEOLOGICI;regione;abruzzo;2016;19.2
AVQ_SITI_ARCHEOLOGICI;regione;basilicata;2016;21.4
AVQ_SITI_ARCHEOLOGICI;regione;calabria;2016;13.0
AVQ_SITI_ARCHEOLOGICI;regione;campania;2016;20.2
AVQ_SITI_ARCHEOLOGICI;regione;emilia-romagna;2016;26.1
AVQ_SITI_ARCHEOLOGICI;regione;friuli-venezia-giulia;2016;32.2
AVQ_SITI_ARCHEOLOGICI;regione;lazio;2016;29.7
AVQ_SITI_ARCHEOLOGICI;regione;liguria;2016;23.5
AVQ_SITI_ARCHEOLOGICI;regione;lombardia;2016;29.5
AVQ_SITI_ARCHEOLOGICI;regione;marche;2016;25.0
AVQ_SITI_ARCHEOLOGICI;regione;molise;2016;20.6
AVQ_SITI_ARCHEOLOGICI;regione;piemonte;2016;27.2
AVQ_SITI_ARCHEOLOGICI;regione;puglia;2016;17.2
AVQ_SITI_ARCHEOLOGICI;regione;sardegna;2016;30.8
AVQ_SITI_ARCHEOLOGICI;regione;sicilia;2016;16.8
AVQ_SITI_ARCHEOLOGICI;regione;toscana;2016;26.4
AVQ_SITI_ARCHEOLOGICI;regione;trentino-alto-adige;2016;30.674211
AVQ_SITI_ARCHEOLOGICI;regione;umbria;2016;26.9
AVQ_SITI_ARCHEOLOGICI;regione;valle-d-aosta;2016;32.1
AVQ_SITI_ARCHEOLOGICI;regione;veneto;2016;27.9
AVQ_SITI_ARCHEOLOGICI;regione;abruzzo;2017;21.0
AVQ_SITI_ARCHEOLOGICI;regione;basilicata;2017;17.6
AVQ_SITI_ARCHEOLOGICI;regione;calabria;2017;12.2
AVQ_SITI_ARCHEOLOGICI;regione;campania;2017;19.6
AVQ_SITI_ARCHEOLOGICI;regione;emilia-romagna;2017;31.9
AVQ_SITI_ARCHEOLOGICI;regione;friuli-venezia-giulia;2017;27.1
AVQ_SITI_ARCHEOLOGICI;regione;lazio;2017;34.7
AVQ_SITI_ARCHEOLOGICI;regione;liguria;2017;26.9
AVQ_SITI_ARCHEOLOGICI;regione;lombardia;2017;25.9
AVQ_SITI_ARCHEOLOGICI;regione;marche;2017;26.4
AVQ_SITI_ARCHEOLOGICI;regione;molise;2017;18.9
AVQ_SITI_ARCHEOLOGICI;regione;piemonte;2017;27.1
AVQ_SITI_ARCHEOLOGICI;regione;puglia;2017;16.1
AVQ_SITI_ARCHEOLOGICI;regione;sardegna;2017;31.1
AVQ_SITI_ARCHEOLOGICI;regione;sicilia;2017;17.3
AVQ_SITI_ARCHEOLOGICI;regione;toscana;2017;26.5
AVQ_SITI_ARCHEOLOGICI;regione;trentino-alto-adige;2017;28.908029
AVQ_SITI_ARCHEOLOGICI;regione;umbria;2017;25.2
AVQ_SITI_ARCHEOLOGICI;regione;valle-d-aosta;2017;31.3
AVQ_SITI_ARCHEOLOGICI;regione;veneto;2017;27.6
AVQ_SITI_ARCHEOLOGICI;regione;abruzzo;2018;18.5
AVQ_SITI_ARCHEOLOGICI;regione;basilicata;2018;20.5
AVQ_SITI_ARCHEOLOGICI;regione;calabria;2018;14.5
AVQ_SITI_ARCHEOLOGICI;regione;campania;2018;20.4
AVQ_SITI_ARCHEOLOGICI;regione;emilia-romagna;2018;32.9
AVQ_SITI_ARCHEOLOGICI;regione;friuli-venezia-giulia;2018;29.8
AVQ_SITI_ARCHEOLOGICI;regione;lazio;2018;34.6
AVQ_SITI_ARCHEOLOGICI;regione;liguria;2018;30.3
AVQ_SITI_ARCHEOLOGICI;regione;lombardia;2018;31.9
AVQ_SITI_ARCHEOLOGICI;regione;marche;2018;22.3
AVQ_SITI_ARCHEOLOGICI;regione;molise;2018;20.4
AVQ_SITI_ARCHEOLOGICI;regione;piemonte;2018;28.2
AVQ_SITI_ARCHEOLOGICI;regione;puglia;2018;17.2
AVQ_SITI_ARCHEOLOGICI;regione;sardegna;2018;32.2
AVQ_SITI_ARCHEOLOGICI;regione;sicilia;2018;19.6
AVQ_SITI_ARCHEOLOGICI;regione;toscana;2018;33.4
AVQ_SITI_ARCHEOLOGICI;regione;trentino-alto-adige;2018;29.388814
AVQ_SITI_ARCHEOLOGICI;regione;umbria;2018;29.4
AVQ_SITI_ARCHEOLOGICI;regione;valle-d-aosta;2018;28.9
AVQ_SITI_ARCHEOLOGICI;regione;veneto;2018;30.7
AVQ_SITI_ARCHEOLOGICI;regione;abruzzo;2019;23.2
AVQ_SITI_ARCHEOLOGICI;regione;basilicata;2019;20.6
AVQ_SITI_ARCHEOLOGICI;regione;calabria;2019;16.4
AVQ_SITI_ARCHEOLOGICI;regione;campania;2019;24.9
AVQ_SITI_ARCHEOLOGICI;regione;emilia-romagna;2019;31.7
AVQ_SITI_ARCHEOLOGICI;regione;friuli-venezia-giulia;2019;32.7
AVQ_SITI_ARCHEOLOGICI;regione;lazio;2019;32.6
AVQ_SITI_ARCHEOLOGICI;regione;liguria;2019;28.5
AVQ_SITI_ARCHEOLOGICI;regione;lombardia;2019;30.1
AVQ_SITI_ARCHEOLOGICI;regione;marche;2019;26.9
AVQ_SITI_ARCHEOLOGICI;regione;molise;2019;19.6
AVQ_SITI_ARCHEOLOGICI;regione;piemonte;2019;28.0
AVQ_SITI_ARCHEOLOGICI;regione;puglia;2019;19.6
AVQ_SITI_ARCHEOLOGICI;regione;sardegna;2019;33.4
AVQ_SITI_ARCHEOLOGICI;regione;sicilia;2019;19.2
AVQ_SITI_ARCHEOLOGICI;regione;toscana;2019;30.2
AVQ_SITI_ARCHEOLOGICI;regione;trentino-alto-adige;2019;29.000343
AVQ_SITI_ARCHEOLOGICI;regione;umbria;2019;28.1
AVQ_SITI_ARCHEOLOGICI;regione;valle-d-aosta;2019;31.4
AVQ_SITI_ARCHEOLOGICI;regione;veneto;2019;29.5
AVQ_SITI_ARCHEOLOGICI;regione;abruzzo;2020;22.4
AVQ_SITI_ARCHEOLOGICI;regione;basilicata;2020;17.0
AVQ_SITI_ARCHEOLOGICI;regione;calabria;2020;11.7
AVQ_SITI_ARCHEOLOGICI;regione;campania;2020;20.3
AVQ_SITI_ARCHEOLOGICI;regione;emilia-romagna;2020;27.6
AVQ_SITI_ARCHEOLOGICI;regione;friuli-venezia-giulia;2020;30.5
AVQ_SITI_ARCHEOLOGICI;regione;lazio;2020;33.1
AVQ_SITI_ARCHEOLOGICI;regione;liguria;2020;26.3
AVQ_SITI_ARCHEOLOGICI;regione;lombardia;2020;29.6
AVQ_SITI_ARCHEOLOGICI;regione;marche;2020;23.1
AVQ_SITI_ARCHEOLOGICI;regione;molise;2020;20.6
AVQ_SITI_ARCHEOLOGICI;regione;piemonte;2020;25.3
AVQ_SITI_ARCHEOLOGICI;regione;puglia;2020;16.5
AVQ_SITI_ARCHEOLOGICI;regione;sardegna;2020;27.1
AVQ_SITI_ARCHEOLOGICI;regione;sicilia;2020;18.0
AVQ_SITI_ARCHEOLOGICI;regione;toscana;2020;28.3
AVQ_SITI_ARCHEOLOGICI;regione;trentino-alto-adige;2020;28.984202
AVQ_SITI_ARCHEOLOGICI;regione;umbria;2020;24.3
AVQ_SITI_ARCHEOLOGICI;regione;valle-d-aosta;2020;33.1
AVQ_SITI_ARCHEOLOGICI;regione;veneto;2020;27.8
AVQ_SITI_ARCHEOLOGICI;regione;abruzzo;2021;7.3
AVQ_SITI_ARCHEOLOGICI;regione;basilicata;2021;4.7
AVQ_SITI_ARCHEOLOGICI;regione;calabria;2021;5.7
AVQ_SITI_ARCHEOLOGICI;regione;campania;2021;6.7
AVQ_SITI_ARCHEOLOGICI;regione;emilia-romagna;2021;11.3
AVQ_SITI_ARCHEOLOGICI;regione;friuli-venezia-giulia;2021;13.1
AVQ_SITI_ARCHEOLOGICI;regione;lazio;2021;17.5
AVQ_SITI_ARCHEOLOGICI;regione;liguria;2021;10.0
AVQ_SITI_ARCHEOLOGICI;regione;lombardia;2021;11.6
AVQ_SITI_ARCHEOLOGICI;regione;marche;2021;8.4
AVQ_SITI_ARCHEOLOGICI;regione;molise;2021;6.3
AVQ_SITI_ARCHEOLOGICI;regione;piemonte;2021;11.7
AVQ_SITI_ARCHEOLOGICI;regione;puglia;2021;5.1
AVQ_SITI_ARCHEOLOGICI;regione;sardegna;2021;12.7
AVQ_SITI_ARCHEOLOGICI;regione;sicilia;2021;6.7
AVQ_SITI_ARCHEOLOGICI;regione;toscana;2021;11.6
AVQ_SITI_ARCHEOLOGICI;regione;trentino-alto-adige;2021;11.721521
AVQ_SITI_ARCHEOLOGICI;regione;umbria;2021;8.4
AVQ_SITI_ARCHEOLOGICI;regione;valle-d-aosta;2021;13.4
AVQ_SITI_ARCHEOLOGICI;regione;veneto;2021;10.3
AVQ_SITI_ARCHEOLOGICI;regione;abruzzo;2022;19.2
AVQ_SITI_ARCHEOLOGICI;regione;basilicata;2022;13.6
AVQ_SITI_ARCHEOLOGICI;regione;calabria;2022;10.7
AVQ_SITI_ARCHEOLOGICI;regione;campania;2022;15.7
AVQ_SITI_ARCHEOLOGICI;regione;emilia-romagna;2022;21.9
AVQ_SITI_ARCHEOLOGICI;regione;friuli-venezia-giulia;2022;23.6
AVQ_SITI_ARCHEOLOGICI;regione;lazio;2022;26.6
AVQ_SITI_ARCHEOLOGICI;regione;liguria;2022;17.5
AVQ_SITI_ARCHEOLOGICI;regione;lombardia;2022;24.8
AVQ_SITI_ARCHEOLOGICI;regione;marche;2022;21.3
AVQ_SITI_ARCHEOLOGICI;regione;molise;2022;21.6
AVQ_SITI_ARCHEOLOGICI;regione;piemonte;2022;21.1
AVQ_SITI_ARCHEOLOGICI;regione;puglia;2022;10.5
AVQ_SITI_ARCHEOLOGICI;regione;sardegna;2022;26.8
AVQ_SITI_ARCHEOLOGICI;regione;sicilia;2022;14.1
AVQ_SITI_ARCHEOLOGICI;regione;toscana;2022;23.2
AVQ_SITI_ARCHEOLOGICI;regione;trentino-alto-adige;2022;24.636124
AVQ_SITI_ARCHEOLOGICI;regione;umbria;2022;22.7
AVQ_SITI_ARCHEOLOGICI;regione;valle-d-aosta;2022;23.2
AVQ_SITI_ARCHEOLOGICI;regione;veneto;2022;24.4
AVQ_SITI_ARCHEOLOGICI;regione;abruzzo;2023;24.8
AVQ_SITI_ARCHEOLOGICI;regione;basilicata;2023;20.5
AVQ_SITI_ARCHEOLOGICI;regione;calabria;2023;17.3
AVQ_SITI_ARCHEOLOGICI;regione;campania;2023;22.9
AVQ_SITI_ARCHEOLOGICI;regione;emilia-romagna;2023;31.2
AVQ_SITI_ARCHEOLOGICI;regione;friuli-venezia-giulia;2023;30.2
AVQ_SITI_ARCHEOLOGICI;regione;lazio;2023;37.3
AVQ_SITI_ARCHEOLOGICI;regione;liguria;2023;30.5
AVQ_SITI_ARCHEOLOGICI;regione;lombardia;2023;36.0
AVQ_SITI_ARCHEOLOGICI;regione;marche;2023;28.2
AVQ_SITI_ARCHEOLOGICI;regione;molise;2023;28.1
AVQ_SITI_ARCHEOLOGICI;regione;piemonte;2023;29.9
AVQ_SITI_ARCHEOLOGICI;regione;puglia;2023;21.7
AVQ_SITI_ARCHEOLOGICI;regione;sardegna;2023;32.0
AVQ_SITI_ARCHEOLOGICI;regione;sicilia;2023;20.5
AVQ_SITI_ARCHEOLOGICI;regione;toscana;2023;32.1
AVQ_SITI_ARCHEOLOGICI;regione;trentino-alto-adige;2023;32.046115
AVQ_SITI_ARCHEOLOGICI;regione;umbria;2023;30.8
AVQ_SITI_ARCHEOLOGICI;regione;valle-d-aosta;2023;35.1
AVQ_SITI_ARCHEOLOGICI;regione;veneto;2023;33.3
AVQ_SITI_ARCHEOLOGICI;regione;abruzzo;2024;26.9
AVQ_SITI_ARCHEOLOGICI;regione;basilicata;2024;21.2
AVQ_SITI_ARCHEOLOGICI;regione;calabria;2024;18.3
AVQ_SITI_ARCHEOLOGICI;regione;campania;2024;23.7
AVQ_SITI_ARCHEOLOGICI;regione;emilia-romagna;2024;34.4
AVQ_SITI_ARCHEOLOGICI;regione;friuli-venezia-giulia;2024;35.4
AVQ_SITI_ARCHEOLOGICI;regione;lazio;2024;41.6
AVQ_SITI_ARCHEOLOGICI;regione;liguria;2024;32.5
AVQ_SITI_ARCHEOLOGICI;regione;lombardia;2024;33.4
AVQ_SITI_ARCHEOLOGICI;regione;marche;2024;29.4
AVQ_SITI_ARCHEOLOGICI;regione;molise;2024;30.3
AVQ_SITI_ARCHEOLOGICI;regione;piemonte;2024;33.0
AVQ_SITI_ARCHEOLOGICI;regione;puglia;2024;23.2
AVQ_SITI_ARCHEOLOGICI;regione;sardegna;2024;32.5
AVQ_SITI_ARCHEOLOGICI;regione;sicilia;2024;23.3
AVQ_SITI_ARCHEOLOGICI;regione;toscana;2024;34.4
AVQ_SITI_ARCHEOLOGICI;regione;trentino-alto-adige;2024;32.844578
AVQ_SITI_ARCHEOLOGICI;regione;umbria;2024;35.0
AVQ_SITI_ARCHEOLOGICI;regione;valle-d-aosta;2024;35.3
AVQ_SITI_ARCHEOLOGICI;regione;veneto;2024;31.1
AVQ_SITI_ARCHEOLOGICI;regione;abruzzo;2025;27.3
AVQ_SITI_ARCHEOLOGICI;regione;basilicata;2025;22.0
AVQ_SITI_ARCHEOLOGICI;regione;calabria;2025;17.9
AVQ_SITI_ARCHEOLOGICI;regione;campania;2025;27.2
AVQ_SITI_ARCHEOLOGICI;regione;emilia-romagna;2025;36.0
AVQ_SITI_ARCHEOLOGICI;regione;friuli-venezia-giulia;2025;32.4
AVQ_SITI_ARCHEOLOGICI;regione;lazio;2025;40.9
AVQ_SITI_ARCHEOLOGICI;regione;liguria;2025;29.2
AVQ_SITI_ARCHEOLOGICI;regione;lombardia;2025;35.4
AVQ_SITI_ARCHEOLOGICI;regione;marche;2025;31.3
AVQ_SITI_ARCHEOLOGICI;regione;molise;2025;29.2
AVQ_SITI_ARCHEOLOGICI;regione;piemonte;2025;34.8
AVQ_SITI_ARCHEOLOGICI;regione;puglia;2025;22.9
AVQ_SITI_ARCHEOLOGICI;regione;sardegna;2025;34.7
AVQ_SITI_ARCHEOLOGICI;regione;sicilia;2025;26.2
AVQ_SITI_ARCHEOLOGICI;regione;toscana;2025;35.1
AVQ_SITI_ARCHEOLOGICI;regione;trentino-alto-adige;2025;33.698805
AVQ_SITI_ARCHEOLOGICI;regione;umbria;2025;34.7
AVQ_SITI_ARCHEOLOGICI;regione;valle-d-aosta;2025;34.4
AVQ_SITI_ARCHEOLOGICI;regione;veneto;2025;34.8
AVQ_AMICI_OGNI_GIORNO;regione;abruzzo;2001;29.8
AVQ_AMICI_OGNI_GIORNO;regione;basilicata;2001;42.3
AVQ_AMICI_OGNI_GIORNO;regione;calabria;2001;32.4
AVQ_AMICI_OGNI_GIORNO;regione;campania;2001;30.7
AVQ_AMICI_OGNI_GIORNO;regione;emilia-romagna;2001;21.2
AVQ_AMICI_OGNI_GIORNO;regione;friuli-venezia-giulia;2001;19.1
AVQ_AMICI_OGNI_GIORNO;regione;lazio;2001;23.5
AVQ_AMICI_OGNI_GIORNO;regione;liguria;2001;24.3
AVQ_AMICI_OGNI_GIORNO;regione;lombardia;2001;21.7
AVQ_AMICI_OGNI_GIORNO;regione;marche;2001;25.1
AVQ_AMICI_OGNI_GIORNO;regione;molise;2001;32.2
AVQ_AMICI_OGNI_GIORNO;regione;piemonte;2001;18.0
AVQ_AMICI_OGNI_GIORNO;regione;puglia;2001;33.2
AVQ_AMICI_OGNI_GIORNO;regione;sardegna;2001;30.3
AVQ_AMICI_OGNI_GIORNO;regione;sicilia;2001;34.4
AVQ_AMICI_OGNI_GIORNO;regione;toscana;2001;24.5
AVQ_AMICI_OGNI_GIORNO;regione;trentino-alto-adige;2001;24.611529
AVQ_AMICI_OGNI_GIORNO;regione;umbria;2001;28.1
AVQ_AMICI_OGNI_GIORNO;regione;valle-d-aosta;2001;22.4
AVQ_AMICI_OGNI_GIORNO;regione;veneto;2001;18.9
AVQ_AMICI_OGNI_GIORNO;regione;abruzzo;2002;32.5
AVQ_AMICI_OGNI_GIORNO;regione;basilicata;2002;39.3
AVQ_AMICI_OGNI_GIORNO;regione;calabria;2002;33.9
AVQ_AMICI_OGNI_GIORNO;regione;campania;2002;34.2
AVQ_AMICI_OGNI_GIORNO;regione;emilia-romagna;2002;19.9
AVQ_AMICI_OGNI_GIORNO;regione;friuli-venezia-giulia;2002;22.0
AVQ_AMICI_OGNI_GIORNO;regione;lazio;2002;21.4
AVQ_AMICI_OGNI_GIORNO;regione;liguria;2002;23.5
AVQ_AMICI_OGNI_GIORNO;regione;lombardia;2002;22.6
AVQ_AMICI_OGNI_GIORNO;regione;marche;2002;25.5
AVQ_AMICI_OGNI_GIORNO;regione;molise;2002;37.1
AVQ_AMICI_OGNI_GIORNO;regione;piemonte;2002;17.9
AVQ_AMICI_OGNI_GIORNO;regione;puglia;2002;35.9
AVQ_AMICI_OGNI_GIORNO;regione;sardegna;2002;33.0
AVQ_AMICI_OGNI_GIORNO;regione;sicilia;2002;30.1
AVQ_AMICI_OGNI_GIORNO;regione;toscana;2002;24.9
AVQ_AMICI_OGNI_GIORNO;regione;trentino-alto-adige;2002;25.454227
AVQ_AMICI_OGNI_GIORNO;regione;umbria;2002;27.7
AVQ_AMICI_OGNI_GIORNO;regione;valle-d-aosta;2002;21.4
AVQ_AMICI_OGNI_GIORNO;regione;veneto;2002;17.9
AVQ_AMICI_OGNI_GIORNO;regione;abruzzo;2003;34.1
AVQ_AMICI_OGNI_GIORNO;regione;basilicata;2003;40.8
AVQ_AMICI_OGNI_GIORNO;regione;calabria;2003;38.7
AVQ_AMICI_OGNI_GIORNO;regione;campania;2003;34.2
AVQ_AMICI_OGNI_GIORNO;regione;emilia-romagna;2003;22.6
AVQ_AMICI_OGNI_GIORNO;regione;friuli-venezia-giulia;2003;21.0
AVQ_AMICI_OGNI_GIORNO;regione;lazio;2003;21.3
AVQ_AMICI_OGNI_GIORNO;regione;liguria;2003;22.7
AVQ_AMICI_OGNI_GIORNO;regione;lombardia;2003;20.6
AVQ_AMICI_OGNI_GIORNO;regione;marche;2003;25.0
AVQ_AMICI_OGNI_GIORNO;regione;molise;2003;36.2
AVQ_AMICI_OGNI_GIORNO;regione;piemonte;2003;20.0
AVQ_AMICI_OGNI_GIORNO;regione;puglia;2003;34.6
AVQ_AMICI_OGNI_GIORNO;regione;sardegna;2003;33.0
AVQ_AMICI_OGNI_GIORNO;regione;sicilia;2003;32.3
AVQ_AMICI_OGNI_GIORNO;regione;toscana;2003;26.1
AVQ_AMICI_OGNI_GIORNO;regione;trentino-alto-adige;2003;21.58924
AVQ_AMICI_OGNI_GIORNO;regione;umbria;2003;31.4
AVQ_AMICI_OGNI_GIORNO;regione;valle-d-aosta;2003;26.2
AVQ_AMICI_OGNI_GIORNO;regione;veneto;2003;18.8
AVQ_AMICI_OGNI_GIORNO;regione;abruzzo;2005;32.3
AVQ_AMICI_OGNI_GIORNO;regione;basilicata;2005;43.6
AVQ_AMICI_OGNI_GIORNO;regione;calabria;2005;32.4
AVQ_AMICI_OGNI_GIORNO;regione;campania;2005;30.7
AVQ_AMICI_OGNI_GIORNO;regione;emilia-romagna;2005;19.0
AVQ_AMICI_OGNI_GIORNO;regione;friuli-venezia-giulia;2005;20.8
AVQ_AMICI_OGNI_GIORNO;regione;lazio;2005;20.5
AVQ_AMICI_OGNI_GIORNO;regione;liguria;2005;21.5
AVQ_AMICI_OGNI_GIORNO;regione;lombardia;2005;22.5
AVQ_AMICI_OGNI_GIORNO;regione;marche;2005;24.2
AVQ_AMICI_OGNI_GIORNO;regione;molise;2005;37.0
AVQ_AMICI_OGNI_GIORNO;regione;piemonte;2005;18.3
AVQ_AMICI_OGNI_GIORNO;regione;puglia;2005;33.8
AVQ_AMICI_OGNI_GIORNO;regione;sardegna;2005;31.6
AVQ_AMICI_OGNI_GIORNO;regione;sicilia;2005;33.4
AVQ_AMICI_OGNI_GIORNO;regione;toscana;2005;24.0
AVQ_AMICI_OGNI_GIORNO;regione;trentino-alto-adige;2005;22.596157
AVQ_AMICI_OGNI_GIORNO;regione;umbria;2005;28.3
AVQ_AMICI_OGNI_GIORNO;regione;valle-d-aosta;2005;21.4
AVQ_AMICI_OGNI_GIORNO;regione;veneto;2005;16.9
AVQ_AMICI_OGNI_GIORNO;regione;abruzzo;2006;28.0
AVQ_AMICI_OGNI_GIORNO;regione;basilicata;2006;36.5
AVQ_AMICI_OGNI_GIORNO;regione;calabria;2006;34.0
AVQ_AMICI_OGNI_GIORNO;regione;campania;2006;33.2
AVQ_AMICI_OGNI_GIORNO;regione;emilia-romagna;2006;20.2
AVQ_AMICI_OGNI_GIORNO;regione;friuli-venezia-giulia;2006;18.6
AVQ_AMICI_OGNI_GIORNO;regione;lazio;2006;22.4
AVQ_AMICI_OGNI_GIORNO;regione;liguria;2006;21.0
AVQ_AMICI_OGNI_GIORNO;regione;lombardia;2006;20.5
AVQ_AMICI_OGNI_GIORNO;regione;marche;2006;25.7
AVQ_AMICI_OGNI_GIORNO;regione;molise;2006;30.7
AVQ_AMICI_OGNI_GIORNO;regione;piemonte;2006;17.4
AVQ_AMICI_OGNI_GIORNO;regione;puglia;2006;33.5
AVQ_AMICI_OGNI_GIORNO;regione;sardegna;2006;30.6
AVQ_AMICI_OGNI_GIORNO;regione;sicilia;2006;29.7
AVQ_AMICI_OGNI_GIORNO;regione;toscana;2006;22.2
AVQ_AMICI_OGNI_GIORNO;regione;trentino-alto-adige;2006;21.150384
AVQ_AMICI_OGNI_GIORNO;regione;umbria;2006;28.1
AVQ_AMICI_OGNI_GIORNO;regione;valle-d-aosta;2006;23.0
AVQ_AMICI_OGNI_GIORNO;regione;veneto;2006;18.3
AVQ_AMICI_OGNI_GIORNO;regione;abruzzo;2007;26.5
AVQ_AMICI_OGNI_GIORNO;regione;basilicata;2007;38.8
AVQ_AMICI_OGNI_GIORNO;regione;calabria;2007;33.3
AVQ_AMICI_OGNI_GIORNO;regione;campania;2007;29.7
AVQ_AMICI_OGNI_GIORNO;regione;emilia-romagna;2007;20.0
AVQ_AMICI_OGNI_GIORNO;regione;friuli-venezia-giulia;2007;20.2
AVQ_AMICI_OGNI_GIORNO;regione;lazio;2007;21.7
AVQ_AMICI_OGNI_GIORNO;regione;liguria;2007;22.7
AVQ_AMICI_OGNI_GIORNO;regione;lombardia;2007;19.7
AVQ_AMICI_OGNI_GIORNO;regione;marche;2007;25.2
AVQ_AMICI_OGNI_GIORNO;regione;molise;2007;35.7
AVQ_AMICI_OGNI_GIORNO;regione;piemonte;2007;18.4
AVQ_AMICI_OGNI_GIORNO;regione;puglia;2007;31.5
AVQ_AMICI_OGNI_GIORNO;regione;sardegna;2007;25.9
AVQ_AMICI_OGNI_GIORNO;regione;sicilia;2007;27.3
AVQ_AMICI_OGNI_GIORNO;regione;toscana;2007;23.8
AVQ_AMICI_OGNI_GIORNO;regione;trentino-alto-adige;2007;23.446541
AVQ_AMICI_OGNI_GIORNO;regione;umbria;2007;27.5
AVQ_AMICI_OGNI_GIORNO;regione;valle-d-aosta;2007;20.1
AVQ_AMICI_OGNI_GIORNO;regione;veneto;2007;18.7
AVQ_AMICI_OGNI_GIORNO;regione;abruzzo;2008;28.4
AVQ_AMICI_OGNI_GIORNO;regione;basilicata;2008;31.4
AVQ_AMICI_OGNI_GIORNO;regione;calabria;2008;31.8
AVQ_AMICI_OGNI_GIORNO;regione;campania;2008;28.8
AVQ_AMICI_OGNI_GIORNO;regione;emilia-romagna;2008;17.0
AVQ_AMICI_OGNI_GIORNO;regione;friuli-venezia-giulia;2008;18.8
AVQ_AMICI_OGNI_GIORNO;regione;lazio;2008;20.0
AVQ_AMICI_OGNI_GIORNO;regione;liguria;2008;20.3
AVQ_AMICI_OGNI_GIORNO;regione;lombardia;2008;18.7
AVQ_AMICI_OGNI_GIORNO;regione;marche;2008;22.2
AVQ_AMICI_OGNI_GIORNO;regione;molise;2008;32.2
AVQ_AMICI_OGNI_GIORNO;regione;piemonte;2008;16.8
AVQ_AMICI_OGNI_GIORNO;regione;puglia;2008;28.9
AVQ_AMICI_OGNI_GIORNO;regione;sardegna;2008;28.0
AVQ_AMICI_OGNI_GIORNO;regione;sicilia;2008;27.1
AVQ_AMICI_OGNI_GIORNO;regione;toscana;2008;24.0
AVQ_AMICI_OGNI_GIORNO;regione;trentino-alto-adige;2008;19.800769
AVQ_AMICI_OGNI_GIORNO;regione;umbria;2008;22.6
AVQ_AMICI_OGNI_GIORNO;regione;valle-d-aosta;2008;20.4
AVQ_AMICI_OGNI_GIORNO;regione;veneto;2008;14.9
AVQ_AMICI_OGNI_GIORNO;regione;abruzzo;2009;25.7
AVQ_AMICI_OGNI_GIORNO;regione;basilicata;2009;38.8
AVQ_AMICI_OGNI_GIORNO;regione;calabria;2009;33.0
AVQ_AMICI_OGNI_GIORNO;regione;campania;2009;29.9
AVQ_AMICI_OGNI_GIORNO;regione;emilia-romagna;2009;17.9
AVQ_AMICI_OGNI_GIORNO;regione;friuli-venezia-giulia;2009;18.1
AVQ_AMICI_OGNI_GIORNO;regione;lazio;2009;17.7
AVQ_AMICI_OGNI_GIORNO;regione;liguria;2009;20.9
AVQ_AMICI_OGNI_GIORNO;regione;lombardia;2009;20.3
AVQ_AMICI_OGNI_GIORNO;regione;marche;2009;21.4
AVQ_AMICI_OGNI_GIORNO;regione;molise;2009;35.2
AVQ_AMICI_OGNI_GIORNO;regione;piemonte;2009;17.0
AVQ_AMICI_OGNI_GIORNO;regione;puglia;2009;30.8
AVQ_AMICI_OGNI_GIORNO;regione;sardegna;2009;25.4
AVQ_AMICI_OGNI_GIORNO;regione;sicilia;2009;25.6
AVQ_AMICI_OGNI_GIORNO;regione;toscana;2009;22.4
AVQ_AMICI_OGNI_GIORNO;regione;trentino-alto-adige;2009;20.746541
AVQ_AMICI_OGNI_GIORNO;regione;umbria;2009;24.0
AVQ_AMICI_OGNI_GIORNO;regione;valle-d-aosta;2009;25.3
AVQ_AMICI_OGNI_GIORNO;regione;veneto;2009;15.9
AVQ_AMICI_OGNI_GIORNO;regione;abruzzo;2010;24.7
AVQ_AMICI_OGNI_GIORNO;regione;basilicata;2010;32.8
AVQ_AMICI_OGNI_GIORNO;regione;calabria;2010;28.6
AVQ_AMICI_OGNI_GIORNO;regione;campania;2010;28.7
AVQ_AMICI_OGNI_GIORNO;regione;emilia-romagna;2010;17.4
AVQ_AMICI_OGNI_GIORNO;regione;friuli-venezia-giulia;2010;20.3
AVQ_AMICI_OGNI_GIORNO;regione;lazio;2010;17.0
AVQ_AMICI_OGNI_GIORNO;regione;liguria;2010;19.6
AVQ_AMICI_OGNI_GIORNO;regione;lombardia;2010;17.3
AVQ_AMICI_OGNI_GIORNO;regione;marche;2010;21.2
AVQ_AMICI_OGNI_GIORNO;regione;molise;2010;32.7
AVQ_AMICI_OGNI_GIORNO;regione;piemonte;2010;15.2
AVQ_AMICI_OGNI_GIORNO;regione;puglia;2010;31.4
AVQ_AMICI_OGNI_GIORNO;regione;sardegna;2010;23.3
AVQ_AMICI_OGNI_GIORNO;regione;sicilia;2010;24.8
AVQ_AMICI_OGNI_GIORNO;regione;toscana;2010;22.3
AVQ_AMICI_OGNI_GIORNO;regione;trentino-alto-adige;2010;21.990008
AVQ_AMICI_OGNI_GIORNO;regione;umbria;2010;20.5
AVQ_AMICI_OGNI_GIORNO;regione;valle-d-aosta;2010;22.2
AVQ_AMICI_OGNI_GIORNO;regione;veneto;2010;16.5
AVQ_AMICI_OGNI_GIORNO;regione;abruzzo;2011;25.8
AVQ_AMICI_OGNI_GIORNO;regione;basilicata;2011;35.6
AVQ_AMICI_OGNI_GIORNO;regione;calabria;2011;29.8
AVQ_AMICI_OGNI_GIORNO;regione;campania;2011;24.7
AVQ_AMICI_OGNI_GIORNO;regione;emilia-romagna;2011;16.2
AVQ_AMICI_OGNI_GIORNO;regione;friuli-venezia-giulia;2011;15.6
AVQ_AMICI_OGNI_GIORNO;regione;lazio;2011;15.4
AVQ_AMICI_OGNI_GIORNO;regione;liguria;2011;20.7
AVQ_AMICI_OGNI_GIORNO;regione;lombardia;2011;18.3
AVQ_AMICI_OGNI_GIORNO;regione;marche;2011;22.0
AVQ_AMICI_OGNI_GIORNO;regione;molise;2011;29.9
AVQ_AMICI_OGNI_GIORNO;regione;piemonte;2011;16.7
AVQ_AMICI_OGNI_GIORNO;regione;puglia;2011;28.3
AVQ_AMICI_OGNI_GIORNO;regione;sardegna;2011;23.4
AVQ_AMICI_OGNI_GIORNO;regione;sicilia;2011;24.0
AVQ_AMICI_OGNI_GIORNO;regione;toscana;2011;24.6
AVQ_AMICI_OGNI_GIORNO;regione;trentino-alto-adige;2011;18.099231
AVQ_AMICI_OGNI_GIORNO;regione;umbria;2011;21.8
AVQ_AMICI_OGNI_GIORNO;regione;valle-d-aosta;2011;21.6
AVQ_AMICI_OGNI_GIORNO;regione;veneto;2011;14.6
AVQ_AMICI_OGNI_GIORNO;regione;abruzzo;2012;24.7
AVQ_AMICI_OGNI_GIORNO;regione;basilicata;2012;31.2
AVQ_AMICI_OGNI_GIORNO;regione;calabria;2012;31.6
AVQ_AMICI_OGNI_GIORNO;regione;campania;2012;24.7
AVQ_AMICI_OGNI_GIORNO;regione;emilia-romagna;2012;17.0
AVQ_AMICI_OGNI_GIORNO;regione;friuli-venezia-giulia;2012;17.7
AVQ_AMICI_OGNI_GIORNO;regione;lazio;2012;17.4
AVQ_AMICI_OGNI_GIORNO;regione;liguria;2012;22.9
AVQ_AMICI_OGNI_GIORNO;regione;lombardia;2012;18.5
AVQ_AMICI_OGNI_GIORNO;regione;marche;2012;19.8
AVQ_AMICI_OGNI_GIORNO;regione;molise;2012;33.2
AVQ_AMICI_OGNI_GIORNO;regione;piemonte;2012;15.4
AVQ_AMICI_OGNI_GIORNO;regione;puglia;2012;28.3
AVQ_AMICI_OGNI_GIORNO;regione;sardegna;2012;22.3
AVQ_AMICI_OGNI_GIORNO;regione;sicilia;2012;26.8
AVQ_AMICI_OGNI_GIORNO;regione;toscana;2012;19.9
AVQ_AMICI_OGNI_GIORNO;regione;trentino-alto-adige;2012;20.198463
AVQ_AMICI_OGNI_GIORNO;regione;umbria;2012;24.1
AVQ_AMICI_OGNI_GIORNO;regione;valle-d-aosta;2012;19.8
AVQ_AMICI_OGNI_GIORNO;regione;veneto;2012;16.2
AVQ_AMICI_OGNI_GIORNO;regione;abruzzo;2013;23.9
AVQ_AMICI_OGNI_GIORNO;regione;basilicata;2013;31.9
AVQ_AMICI_OGNI_GIORNO;regione;calabria;2013;30.7
AVQ_AMICI_OGNI_GIORNO;regione;campania;2013;25.4
AVQ_AMICI_OGNI_GIORNO;regione;emilia-romagna;2013;16.7
AVQ_AMICI_OGNI_GIORNO;regione;friuli-venezia-giulia;2013;18.0
AVQ_AMICI_OGNI_GIORNO;regione;lazio;2013;16.7
AVQ_AMICI_OGNI_GIORNO;regione;liguria;2013;20.5
AVQ_AMICI_OGNI_GIORNO;regione;lombardia;2013;15.8
AVQ_AMICI_OGNI_GIORNO;regione;marche;2013;14.2
AVQ_AMICI_OGNI_GIORNO;regione;molise;2013;27.1
AVQ_AMICI_OGNI_GIORNO;regione;piemonte;2013;14.2
AVQ_AMICI_OGNI_GIORNO;regione;puglia;2013;26.9
AVQ_AMICI_OGNI_GIORNO;regione;sardegna;2013;23.4
AVQ_AMICI_OGNI_GIORNO;regione;sicilia;2013;25.3
AVQ_AMICI_OGNI_GIORNO;regione;toscana;2013;16.5
AVQ_AMICI_OGNI_GIORNO;regione;trentino-alto-adige;2013;18.408454
AVQ_AMICI_OGNI_GIORNO;regione;umbria;2013;18.3
AVQ_AMICI_OGNI_GIORNO;regione;valle-d-aosta;2013;19.1
AVQ_AMICI_OGNI_GIORNO;regione;veneto;2013;13.3
AVQ_AMICI_OGNI_GIORNO;regione;abruzzo;2014;20.2
AVQ_AMICI_OGNI_GIORNO;regione;basilicata;2014;31.0
AVQ_AMICI_OGNI_GIORNO;regione;calabria;2014;30.2
AVQ_AMICI_OGNI_GIORNO;regione;campania;2014;22.5
AVQ_AMICI_OGNI_GIORNO;regione;emilia-romagna;2014;17.7
AVQ_AMICI_OGNI_GIORNO;regione;friuli-venezia-giulia;2014;15.4
AVQ_AMICI_OGNI_GIORNO;regione;lazio;2014;17.0
AVQ_AMICI_OGNI_GIORNO;regione;liguria;2014;16.3
AVQ_AMICI_OGNI_GIORNO;regione;lombardia;2014;18.3
AVQ_AMICI_OGNI_GIORNO;regione;marche;2014;15.6
AVQ_AMICI_OGNI_GIORNO;regione;molise;2014;26.5
AVQ_AMICI_OGNI_GIORNO;regione;piemonte;2014;16.2
AVQ_AMICI_OGNI_GIORNO;regione;puglia;2014;26.2
AVQ_AMICI_OGNI_GIORNO;regione;sardegna;2014;21.6
AVQ_AMICI_OGNI_GIORNO;regione;sicilia;2014;22.5
AVQ_AMICI_OGNI_GIORNO;regione;toscana;2014;16.9
AVQ_AMICI_OGNI_GIORNO;regione;trentino-alto-adige;2014;18.355764
AVQ_AMICI_OGNI_GIORNO;regione;umbria;2014;24.4
AVQ_AMICI_OGNI_GIORNO;regione;valle-d-aosta;2014;19.4
AVQ_AMICI_OGNI_GIORNO;regione;veneto;2014;14.9
AVQ_AMICI_OGNI_GIORNO;regione;abruzzo;2015;20.7
AVQ_AMICI_OGNI_GIORNO;regione;basilicata;2015;26.6
AVQ_AMICI_OGNI_GIORNO;regione;calabria;2015;28.1
AVQ_AMICI_OGNI_GIORNO;regione;campania;2015;22.9
AVQ_AMICI_OGNI_GIORNO;regione;emilia-romagna;2015;14.3
AVQ_AMICI_OGNI_GIORNO;regione;friuli-venezia-giulia;2015;15.1
AVQ_AMICI_OGNI_GIORNO;regione;lazio;2015;18.1
AVQ_AMICI_OGNI_GIORNO;regione;liguria;2015;20.8
AVQ_AMICI_OGNI_GIORNO;regione;lombardia;2015;15.8
AVQ_AMICI_OGNI_GIORNO;regione;marche;2015;18.6
AVQ_AMICI_OGNI_GIORNO;regione;molise;2015;24.1
AVQ_AMICI_OGNI_GIORNO;regione;piemonte;2015;13.9
AVQ_AMICI_OGNI_GIORNO;regione;puglia;2015;23.7
AVQ_AMICI_OGNI_GIORNO;regione;sardegna;2015;23.5
AVQ_AMICI_OGNI_GIORNO;regione;sicilia;2015;21.2
AVQ_AMICI_OGNI_GIORNO;regione;toscana;2015;18.4
AVQ_AMICI_OGNI_GIORNO;regione;trentino-alto-adige;2015;17.257302
AVQ_AMICI_OGNI_GIORNO;regione;umbria;2015;19.7
AVQ_AMICI_OGNI_GIORNO;regione;valle-d-aosta;2015;20.8
AVQ_AMICI_OGNI_GIORNO;regione;veneto;2015;14.1
AVQ_AMICI_OGNI_GIORNO;regione;abruzzo;2016;20.0
AVQ_AMICI_OGNI_GIORNO;regione;basilicata;2016;29.3
AVQ_AMICI_OGNI_GIORNO;regione;calabria;2016;23.5
AVQ_AMICI_OGNI_GIORNO;regione;campania;2016;21.0
AVQ_AMICI_OGNI_GIORNO;regione;emilia-romagna;2016;15.9
AVQ_AMICI_OGNI_GIORNO;regione;friuli-venezia-giulia;2016;15.3
AVQ_AMICI_OGNI_GIORNO;regione;lazio;2016;15.2
AVQ_AMICI_OGNI_GIORNO;regione;liguria;2016;17.8
AVQ_AMICI_OGNI_GIORNO;regione;lombardia;2016;15.9
AVQ_AMICI_OGNI_GIORNO;regione;marche;2016;14.7
AVQ_AMICI_OGNI_GIORNO;regione;molise;2016;25.8
AVQ_AMICI_OGNI_GIORNO;regione;piemonte;2016;14.2
AVQ_AMICI_OGNI_GIORNO;regione;puglia;2016;23.4
AVQ_AMICI_OGNI_GIORNO;regione;sardegna;2016;20.2
AVQ_AMICI_OGNI_GIORNO;regione;sicilia;2016;23.6
AVQ_AMICI_OGNI_GIORNO;regione;toscana;2016;16.6
AVQ_AMICI_OGNI_GIORNO;regione;trentino-alto-adige;2016;18.0
AVQ_AMICI_OGNI_GIORNO;regione;umbria;2016;20.9
AVQ_AMICI_OGNI_GIORNO;regione;valle-d-aosta;2016;18.1
AVQ_AMICI_OGNI_GIORNO;regione;veneto;2016;14.9
AVQ_AMICI_OGNI_GIORNO;regione;abruzzo;2017;16.1
AVQ_AMICI_OGNI_GIORNO;regione;basilicata;2017;26.2
AVQ_AMICI_OGNI_GIORNO;regione;calabria;2017;21.9
AVQ_AMICI_OGNI_GIORNO;regione;campania;2017;19.6
AVQ_AMICI_OGNI_GIORNO;regione;emilia-romagna;2017;14.6
AVQ_AMICI_OGNI_GIORNO;regione;friuli-venezia-giulia;2017;14.1
AVQ_AMICI_OGNI_GIORNO;regione;lazio;2017;12.5
AVQ_AMICI_OGNI_GIORNO;regione;liguria;2017;16.0
AVQ_AMICI_OGNI_GIORNO;regione;lombardia;2017;16.0
AVQ_AMICI_OGNI_GIORNO;regione;marche;2017;10.7
AVQ_AMICI_OGNI_GIORNO;regione;molise;2017;24.0
AVQ_AMICI_OGNI_GIORNO;regione;piemonte;2017;12.3
AVQ_AMICI_OGNI_GIORNO;regione;puglia;2017;20.5
AVQ_AMICI_OGNI_GIORNO;regione;sardegna;2017;19.1
AVQ_AMICI_OGNI_GIORNO;regione;sicilia;2017;19.1
AVQ_AMICI_OGNI_GIORNO;regione;toscana;2017;15.5
AVQ_AMICI_OGNI_GIORNO;regione;trentino-alto-adige;2017;16.396157
AVQ_AMICI_OGNI_GIORNO;regione;umbria;2017;17.7
AVQ_AMICI_OGNI_GIORNO;regione;valle-d-aosta;2017;17.3
AVQ_AMICI_OGNI_GIORNO;regione;veneto;2017;11.3
AVQ_AMICI_OGNI_GIORNO;regione;abruzzo;2018;20.7
AVQ_AMICI_OGNI_GIORNO;regione;basilicata;2018;27.4
AVQ_AMICI_OGNI_GIORNO;regione;calabria;2018;23.8
AVQ_AMICI_OGNI_GIORNO;regione;campania;2018;20.1
AVQ_AMICI_OGNI_GIORNO;regione;emilia-romagna;2018;14.9
AVQ_AMICI_OGNI_GIORNO;regione;friuli-venezia-giulia;2018;10.6
AVQ_AMICI_OGNI_GIORNO;regione;lazio;2018;13.0
AVQ_AMICI_OGNI_GIORNO;regione;liguria;2018;14.9
AVQ_AMICI_OGNI_GIORNO;regione;lombardia;2018;14.2
AVQ_AMICI_OGNI_GIORNO;regione;marche;2018;13.1
AVQ_AMICI_OGNI_GIORNO;regione;molise;2018;22.7
AVQ_AMICI_OGNI_GIORNO;regione;piemonte;2018;11.5
AVQ_AMICI_OGNI_GIORNO;regione;puglia;2018;24.9
AVQ_AMICI_OGNI_GIORNO;regione;sardegna;2018;19.4
AVQ_AMICI_OGNI_GIORNO;regione;sicilia;2018;18.9
AVQ_AMICI_OGNI_GIORNO;regione;toscana;2018;13.2
AVQ_AMICI_OGNI_GIORNO;regione;trentino-alto-adige;2018;15.604612
AVQ_AMICI_OGNI_GIORNO;regione;umbria;2018;15.2
AVQ_AMICI_OGNI_GIORNO;regione;valle-d-aosta;2018;14.8
AVQ_AMICI_OGNI_GIORNO;regione;veneto;2018;13.4
AVQ_AMICI_OGNI_GIORNO;regione;abruzzo;2019;14.9
AVQ_AMICI_OGNI_GIORNO;regione;basilicata;2019;21.6
AVQ_AMICI_OGNI_GIORNO;regione;calabria;2019;22.9
AVQ_AMICI_OGNI_GIORNO;regione;campania;2019;16.5
AVQ_AMICI_OGNI_GIORNO;regione;emilia-romagna;2019;11.1
AVQ_AMICI_OGNI_GIORNO;regione;friuli-venezia-giulia;2019;10.6
AVQ_AMICI_OGNI_GIORNO;regione;lazio;2019;13.5
AVQ_AMICI_OGNI_GIORNO;regione;liguria;2019;10.9
AVQ_AMICI_OGNI_GIORNO;regione;lombardia;2019;11.1
AVQ_AMICI_OGNI_GIORNO;regione;marche;2019;11.8
AVQ_AMICI_OGNI_GIORNO;regione;molise;2019;18.4
AVQ_AMICI_OGNI_GIORNO;regione;piemonte;2019;10.0
AVQ_AMICI_OGNI_GIORNO;regione;puglia;2019;20.1
AVQ_AMICI_OGNI_GIORNO;regione;sardegna;2019;17.6
AVQ_AMICI_OGNI_GIORNO;regione;sicilia;2019;17.1
AVQ_AMICI_OGNI_GIORNO;regione;toscana;2019;12.8
AVQ_AMICI_OGNI_GIORNO;regione;trentino-alto-adige;2019;12.885397
AVQ_AMICI_OGNI_GIORNO;regione;umbria;2019;13.2
AVQ_AMICI_OGNI_GIORNO;regione;valle-d-aosta;2019;13.1
AVQ_AMICI_OGNI_GIORNO;regione;veneto;2019;9.8
AVQ_AMICI_OGNI_GIORNO;regione;abruzzo;2020;11.9
AVQ_AMICI_OGNI_GIORNO;regione;basilicata;2020;23.2
AVQ_AMICI_OGNI_GIORNO;regione;calabria;2020;18.6
AVQ_AMICI_OGNI_GIORNO;regione;campania;2020;12.8
AVQ_AMICI_OGNI_GIORNO;regione;emilia-romagna;2020;10.4
AVQ_AMICI_OGNI_GIORNO;regione;friuli-venezia-giulia;2020;8.9
AVQ_AMICI_OGNI_GIORNO;regione;lazio;2020;8.1
AVQ_AMICI_OGNI_GIORNO;regione;liguria;2020;9.3
AVQ_AMICI_OGNI_GIORNO;regione;lombardia;2020;9.7
AVQ_AMICI_OGNI_GIORNO;regione;marche;2020;9.0
AVQ_AMICI_OGNI_GIORNO;regione;molise;2020;18.6
AVQ_AMICI_OGNI_GIORNO;regione;piemonte;2020;6.9
AVQ_AMICI_OGNI_GIORNO;regione;puglia;2020;17.8
AVQ_AMICI_OGNI_GIORNO;regione;sardegna;2020;14.3
AVQ_AMICI_OGNI_GIORNO;regione;sicilia;2020;14.9
AVQ_AMICI_OGNI_GIORNO;regione;toscana;2020;9.8
AVQ_AMICI_OGNI_GIORNO;regione;trentino-alto-adige;2020;10.306149
AVQ_AMICI_OGNI_GIORNO;regione;umbria;2020;11.9
AVQ_AMICI_OGNI_GIORNO;regione;valle-d-aosta;2020;8.2
AVQ_AMICI_OGNI_GIORNO;regione;veneto;2020;7.1
AVQ_AMICI_OGNI_GIORNO;regione;abruzzo;2021;8.4
AVQ_AMICI_OGNI_GIORNO;regione;basilicata;2021;13.4
AVQ_AMICI_OGNI_GIORNO;regione;calabria;2021;11.7
AVQ_AMICI_OGNI_GIORNO;regione;campania;2021;10.3
AVQ_AMICI_OGNI_GIORNO;regione;emilia-romagna;2021;6.1
AVQ_AMICI_OGNI_GIORNO;regione;friuli-venezia-giulia;2021;5.8
AVQ_AMICI_OGNI_GIORNO;regione;lazio;2021;6.2
AVQ_AMICI_OGNI_GIORNO;regione;liguria;2021;8.7
AVQ_AMICI_OGNI_GIORNO;regione;lombardia;2021;5.4
AVQ_AMICI_OGNI_GIORNO;regione;marche;2021;7.1
AVQ_AMICI_OGNI_GIORNO;regione;molise;2021;12.2
AVQ_AMICI_OGNI_GIORNO;regione;piemonte;2021;5.4
AVQ_AMICI_OGNI_GIORNO;regione;puglia;2021;10.1
AVQ_AMICI_OGNI_GIORNO;regione;sardegna;2021;9.6
AVQ_AMICI_OGNI_GIORNO;regione;sicilia;2021;7.7
AVQ_AMICI_OGNI_GIORNO;regione;toscana;2021;7.0
AVQ_AMICI_OGNI_GIORNO;regione;trentino-alto-adige;2021;9.404612
AVQ_AMICI_OGNI_GIORNO;regione;umbria;2021;9.9
AVQ_AMICI_OGNI_GIORNO;regione;valle-d-aosta;2021;10.2
AVQ_AMICI_OGNI_GIORNO;regione;veneto;2021;5.5
AVQ_AMICI_OGNI_GIORNO;regione;abruzzo;2022;11.2
AVQ_AMICI_OGNI_GIORNO;regione;basilicata;2022;17.2
AVQ_AMICI_OGNI_GIORNO;regione;calabria;2022;17.3
AVQ_AMICI_OGNI_GIORNO;regione;campania;2022;14.1
AVQ_AMICI_OGNI_GIORNO;regione;emilia-romagna;2022;10.5
AVQ_AMICI_OGNI_GIORNO;regione;friuli-venezia-giulia;2022;7.7
AVQ_AMICI_OGNI_GIORNO;regione;lazio;2022;8.7
AVQ_AMICI_OGNI_GIORNO;regione;liguria;2022;10.9
AVQ_AMICI_OGNI_GIORNO;regione;lombardia;2022;8.7
AVQ_AMICI_OGNI_GIORNO;regione;marche;2022;11.8
AVQ_AMICI_OGNI_GIORNO;regione;molise;2022;16.4
AVQ_AMICI_OGNI_GIORNO;regione;piemonte;2022;7.8
AVQ_AMICI_OGNI_GIORNO;regione;puglia;2022;14.5
AVQ_AMICI_OGNI_GIORNO;regione;sardegna;2022;12.1
AVQ_AMICI_OGNI_GIORNO;regione;sicilia;2022;13.8
AVQ_AMICI_OGNI_GIORNO;regione;toscana;2022;10.3
AVQ_AMICI_OGNI_GIORNO;regione;trentino-alto-adige;2022;11.301537
AVQ_AMICI_OGNI_GIORNO;regione;umbria;2022;10.6
AVQ_AMICI_OGNI_GIORNO;regione;valle-d-aosta;2022;12.9
AVQ_AMICI_OGNI_GIORNO;regione;veneto;2022;7.7
AVQ_AMICI_OGNI_GIORNO;regione;abruzzo;2023;12.5
AVQ_AMICI_OGNI_GIORNO;regione;basilicata;2023;19.3
AVQ_AMICI_OGNI_GIORNO;regione;calabria;2023;18.8
AVQ_AMICI_OGNI_GIORNO;regione;campania;2023;13.8
AVQ_AMICI_OGNI_GIORNO;regione;emilia-romagna;2023;9.3
AVQ_AMICI_OGNI_GIORNO;regione;friuli-venezia-giulia;2023;8.9
AVQ_AMICI_OGNI_GIORNO;regione;lazio;2023;9.0
AVQ_AMICI_OGNI_GIORNO;regione;liguria;2023;10.4
AVQ_AMICI_OGNI_GIORNO;regione;lombardia;2023;8.9
AVQ_AMICI_OGNI_GIORNO;regione;marche;2023;9.1
AVQ_AMICI_OGNI_GIORNO;regione;molise;2023;16.1
AVQ_AMICI_OGNI_GIORNO;regione;piemonte;2023;8.0
AVQ_AMICI_OGNI_GIORNO;regione;puglia;2023;16.5
AVQ_AMICI_OGNI_GIORNO;regione;sardegna;2023;14.9
AVQ_AMICI_OGNI_GIORNO;regione;sicilia;2023;14.6
AVQ_AMICI_OGNI_GIORNO;regione;toscana;2023;10.5
AVQ_AMICI_OGNI_GIORNO;regione;trentino-alto-adige;2023;9.895388
AVQ_AMICI_OGNI_GIORNO;regione;umbria;2023;12.2
AVQ_AMICI_OGNI_GIORNO;regione;valle-d-aosta;2023;11.5
AVQ_AMICI_OGNI_GIORNO;regione;veneto;2023;8.6
AVQ_AMICI_OGNI_GIORNO;regione;abruzzo;2024;11.9
AVQ_AMICI_OGNI_GIORNO;regione;basilicata;2024;16.9
AVQ_AMICI_OGNI_GIORNO;regione;calabria;2024;14.2
AVQ_AMICI_OGNI_GIORNO;regione;campania;2024;15.8
AVQ_AMICI_OGNI_GIORNO;regione;emilia-romagna;2024;8.6
AVQ_AMICI_OGNI_GIORNO;regione;friuli-venezia-giulia;2024;7.9
AVQ_AMICI_OGNI_GIORNO;regione;lazio;2024;9.0
AVQ_AMICI_OGNI_GIORNO;regione;liguria;2024;8.5
AVQ_AMICI_OGNI_GIORNO;regione;lombardia;2024;10.4
AVQ_AMICI_OGNI_GIORNO;regione;marche;2024;9.4
AVQ_AMICI_OGNI_GIORNO;regione;molise;2024;12.2
AVQ_AMICI_OGNI_GIORNO;regione;piemonte;2024;7.9
AVQ_AMICI_OGNI_GIORNO;regione;puglia;2024;15.6
AVQ_AMICI_OGNI_GIORNO;regione;sardegna;2024;13.0
AVQ_AMICI_OGNI_GIORNO;regione;sicilia;2024;13.2
AVQ_AMICI_OGNI_GIORNO;regione;toscana;2024;8.5
AVQ_AMICI_OGNI_GIORNO;regione;trentino-alto-adige;2024;10.253459
AVQ_AMICI_OGNI_GIORNO;regione;umbria;2024;10.0
AVQ_AMICI_OGNI_GIORNO;regione;valle-d-aosta;2024;12.8
AVQ_AMICI_OGNI_GIORNO;regione;veneto;2024;7.9
AVQ_AMICI_OGNI_GIORNO;regione;abruzzo;2025;13.0
AVQ_AMICI_OGNI_GIORNO;regione;basilicata;2025;15.5
AVQ_AMICI_OGNI_GIORNO;regione;calabria;2025;15.9
AVQ_AMICI_OGNI_GIORNO;regione;campania;2025;14.2
AVQ_AMICI_OGNI_GIORNO;regione;emilia-romagna;2025;9.4
AVQ_AMICI_OGNI_GIORNO;regione;friuli-venezia-giulia;2025;9.3
AVQ_AMICI_OGNI_GIORNO;regione;lazio;2025;6.2
AVQ_AMICI_OGNI_GIORNO;regione;liguria;2025;11.0
AVQ_AMICI_OGNI_GIORNO;regione;lombardia;2025;9.2
AVQ_AMICI_OGNI_GIORNO;regione;marche;2025;8.7
AVQ_AMICI_OGNI_GIORNO;regione;molise;2025;13.0
AVQ_AMICI_OGNI_GIORNO;regione;piemonte;2025;6.2
AVQ_AMICI_OGNI_GIORNO;regione;puglia;2025;15.5
AVQ_AMICI_OGNI_GIORNO;regione;sardegna;2025;12.4
AVQ_AMICI_OGNI_GIORNO;regione;sicilia;2025;13.3
AVQ_AMICI_OGNI_GIORNO;regione;toscana;2025;8.3
AVQ_AMICI_OGNI_GIORNO;regione;trentino-alto-adige;2025;10.903843
AVQ_AMICI_OGNI_GIORNO;regione;umbria;2025;11.3
AVQ_AMICI_OGNI_GIORNO;regione;valle-d-aosta;2025;14.2
AVQ_AMICI_OGNI_GIORNO;regione;veneto;2025;7.5
AVQ_CONDIZIONATORI;regione;abruzzo;2001;5.7
AVQ_CONDIZIONATORI;regione;basilicata;2001;4.5
AVQ_CONDIZIONATORI;regione;calabria;2001;8.1
AVQ_CONDIZIONATORI;regione;campania;2001;3.5
AVQ_CONDIZIONATORI;regione;emilia-romagna;2001;21.1
AVQ_CONDIZIONATORI;regione;friuli-venezia-giulia;2001;14.3
AVQ_CONDIZIONATORI;regione;lazio;2001;7.9
AVQ_CONDIZIONATORI;regione;liguria;2001;4.2
AVQ_CONDIZIONATORI;regione;lombardia;2001;9.9
AVQ_CONDIZIONATORI;regione;marche;2001;3.6
AVQ_CONDIZIONATORI;regione;molise;2001;3.6
AVQ_CONDIZIONATORI;regione;piemonte;2001;4.4
AVQ_CONDIZIONATORI;regione;puglia;2001;10.6
AVQ_CONDIZIONATORI;regione;sardegna;2001;23.1
AVQ_CONDIZIONATORI;regione;sicilia;2001;15.8
AVQ_CONDIZIONATORI;regione;toscana;2001;10.2
AVQ_CONDIZIONATORI;regione;trentino-alto-adige;2001;2.054996
AVQ_CONDIZIONATORI;regione;umbria;2001;5.1
AVQ_CONDIZIONATORI;regione;valle-d-aosta;2001;1.1
AVQ_CONDIZIONATORI;regione;veneto;2001;22.7
AVQ_CONDIZIONATORI;regione;abruzzo;2002;5.0
AVQ_CONDIZIONATORI;regione;basilicata;2002;9.7
AVQ_CONDIZIONATORI;regione;calabria;2002;11.4
AVQ_CONDIZIONATORI;regione;campania;2002;7.7
AVQ_CONDIZIONATORI;regione;emilia-romagna;2002;24.7
AVQ_CONDIZIONATORI;regione;friuli-venezia-giulia;2002;15.0
AVQ_CONDIZIONATORI;regione;lazio;2002;9.3
AVQ_CONDIZIONATORI;regione;liguria;2002;6.1
AVQ_CONDIZIONATORI;regione;lombardia;2002;11.9
AVQ_CONDIZIONATORI;regione;marche;2002;5.4
AVQ_CONDIZIONATORI;regione;molise;2002;3.1
AVQ_CONDIZIONATORI;regione;piemonte;2002;5.1
AVQ_CONDIZIONATORI;regione;puglia;2002;14.7
AVQ_CONDIZIONATORI;regione;sardegna;2002;25.4
AVQ_CONDIZIONATORI;regione;sicilia;2002;20.6
AVQ_CONDIZIONATORI;regione;toscana;2002;8.0
AVQ_CONDIZIONATORI;regione;trentino-alto-adige;2002;2.054227
AVQ_CONDIZIONATORI;regione;umbria;2002;4.2
AVQ_CONDIZIONATORI;regione;valle-d-aosta;2002;1.0
AVQ_CONDIZIONATORI;regione;veneto;2002;31.6
AVQ_CONDIZIONATORI;regione;abruzzo;2003;6.2
AVQ_CONDIZIONATORI;regione;basilicata;2003;8.8
AVQ_CONDIZIONATORI;regione;calabria;2003;13.4
AVQ_CONDIZIONATORI;regione;campania;2003;9.8
AVQ_CONDIZIONATORI;regione;emilia-romagna;2003;28.1
AVQ_CONDIZIONATORI;regione;friuli-venezia-giulia;2003;18.9
AVQ_CONDIZIONATORI;regione;lazio;2003;14.1
AVQ_CONDIZIONATORI;regione;liguria;2003;6.0
AVQ_CONDIZIONATORI;regione;lombardia;2003;16.4
AVQ_CONDIZIONATORI;regione;marche;2003;9.2
AVQ_CONDIZIONATORI;regione;molise;2003;4.5
AVQ_CONDIZIONATORI;regione;piemonte;2003;5.9
AVQ_CONDIZIONATORI;regione;puglia;2003;18.5
AVQ_CONDIZIONATORI;regione;sardegna;2003;29.6
AVQ_CONDIZIONATORI;regione;sicilia;2003;24.6
AVQ_CONDIZIONATORI;regione;toscana;2003;13.3
AVQ_CONDIZIONATORI;regione;trentino-alto-adige;2003;2.803843
AVQ_CONDIZIONATORI;regione;umbria;2003;7.3
AVQ_CONDIZIONATORI;regione;valle-d-aosta;2003;1.9
AVQ_CONDIZIONATORI;regione;veneto;2003;40.3
AVQ_CONDIZIONATORI;regione;abruzzo;2005;8.5
AVQ_CONDIZIONATORI;regione;basilicata;2005;6.9
AVQ_CONDIZIONATORI;regione;calabria;2005;17.2
AVQ_CONDIZIONATORI;regione;campania;2005;16.8
AVQ_CONDIZIONATORI;regione;emilia-romagna;2005;27.9
AVQ_CONDIZIONATORI;regione;friuli-venezia-giulia;2005;27.1
AVQ_CONDIZIONATORI;regione;lazio;2005;18.4
AVQ_CONDIZIONATORI;regione;liguria;2005;9.2
AVQ_CONDIZIONATORI;regione;lombardia;2005;20.3
AVQ_CONDIZIONATORI;regione;marche;2005;8.3
AVQ_CONDIZIONATORI;regione;molise;2005;7.6
AVQ_CONDIZIONATORI;regione;piemonte;2005;11.0
AVQ_CONDIZIONATORI;regione;puglia;2005;23.0
AVQ_CONDIZIONATORI;regione;sardegna;2005;37.0
AVQ_CONDIZIONATORI;regione;sicilia;2005;30.7
AVQ_CONDIZIONATORI;regione;toscana;2005;14.8
AVQ_CONDIZIONATORI;regione;trentino-alto-adige;2005;2.551153
AVQ_CONDIZIONATORI;regione;umbria;2005;9.2
AVQ_CONDIZIONATORI;regione;valle-d-aosta;2005;4.9
AVQ_CONDIZIONATORI;regione;veneto;2005;41.6
AVQ_CONDIZIONATORI;regione;abruzzo;2006;11.0
AVQ_CONDIZIONATORI;regione;basilicata;2006;8.7
AVQ_CONDIZIONATORI;regione;calabria;2006;18.5
AVQ_CONDIZIONATORI;regione;campania;2006;16.8
AVQ_CONDIZIONATORI;regione;emilia-romagna;2006;33.5
AVQ_CONDIZIONATORI;regione;friuli-venezia-giulia;2006;22.0
AVQ_CONDIZIONATORI;regione;lazio;2006;19.5
AVQ_CONDIZIONATORI;regione;liguria;2006;9.5
AVQ_CONDIZIONATORI;regione;lombardia;2006;22.5
AVQ_CONDIZIONATORI;regione;marche;2006;10.2
AVQ_CONDIZIONATORI;regione;molise;2006;5.7
AVQ_CONDIZIONATORI;regione;piemonte;2006;11.6
AVQ_CONDIZIONATORI;regione;puglia;2006;24.0
AVQ_CONDIZIONATORI;regione;sardegna;2006;38.8
AVQ_CONDIZIONATORI;regione;sicilia;2006;36.0
AVQ_CONDIZIONATORI;regione;toscana;2006;16.4
AVQ_CONDIZIONATORI;regione;trentino-alto-adige;2006;5.009223
AVQ_CONDIZIONATORI;regione;umbria;2006;9.6
AVQ_CONDIZIONATORI;regione;valle-d-aosta;2006;3.8
AVQ_CONDIZIONATORI;regione;veneto;2006;45.1
AVQ_CONDIZIONATORI;regione;abruzzo;2007;8.6
AVQ_CONDIZIONATORI;regione;basilicata;2007;11.0
AVQ_CONDIZIONATORI;regione;calabria;2007;16.5
AVQ_CONDIZIONATORI;regione;campania;2007;18.6
AVQ_CONDIZIONATORI;regione;emilia-romagna;2007;35.9
AVQ_CONDIZIONATORI;regione;friuli-venezia-giulia;2007;24.8
AVQ_CONDIZIONATORI;regione;lazio;2007;23.6
AVQ_CONDIZIONATORI;regione;liguria;2007;10.5
AVQ_CONDIZIONATORI;regione;lombardia;2007;28.1
AVQ_CONDIZIONATORI;regione;marche;2007;13.4
AVQ_CONDIZIONATORI;regione;molise;2007;9.1
AVQ_CONDIZIONATORI;regione;piemonte;2007;11.3
AVQ_CONDIZIONATORI;regione;puglia;2007;27.2
AVQ_CONDIZIONATORI;regione;sardegna;2007;43.7
AVQ_CONDIZIONATORI;regione;sicilia;2007;39.3
AVQ_CONDIZIONATORI;regione;toscana;2007;17.9
AVQ_CONDIZIONATORI;regione;trentino-alto-adige;2007;5.712297
AVQ_CONDIZIONATORI;regione;umbria;2007;10.1
AVQ_CONDIZIONATORI;regione;valle-d-aosta;2007;4.1
AVQ_CONDIZIONATORI;regione;veneto;2007;45.8
AVQ_CONDIZIONATORI;regione;abruzzo;2008;13.5
AVQ_CONDIZIONATORI;regione;basilicata;2008;16.6
AVQ_CONDIZIONATORI;regione;calabria;2008;25.6
AVQ_CONDIZIONATORI;regione;campania;2008;22.6
AVQ_CONDIZIONATORI;regione;emilia-romagna;2008;41.9
AVQ_CONDIZIONATORI;regione;friuli-venezia-giulia;2008;30.7
AVQ_CONDIZIONATORI;regione;lazio;2008;28.6
AVQ_CONDIZIONATORI;regione;liguria;2008;12.5
AVQ_CONDIZIONATORI;regione;lombardia;2008;27.5
AVQ_CONDIZIONATORI;regione;marche;2008;14.9
AVQ_CONDIZIONATORI;regione;molise;2008;10.6
AVQ_CONDIZIONATORI;regione;piemonte;2008;12.3
AVQ_CONDIZIONATORI;regione;puglia;2008;36.3
AVQ_CONDIZIONATORI;regione;sardegna;2008;42.3
AVQ_CONDIZIONATORI;regione;sicilia;2008;40.6
AVQ_CONDIZIONATORI;regione;toscana;2008;20.5
AVQ_CONDIZIONATORI;regione;trentino-alto-adige;2008;5.857302
AVQ_CONDIZIONATORI;regione;umbria;2008;12.9
AVQ_CONDIZIONATORI;regione;valle-d-aosta;2008;4.1
AVQ_CONDIZIONATORI;regione;veneto;2008;50.5
AVQ_CONDIZIONATORI;regione;abruzzo;2009;18.0
AVQ_CONDIZIONATORI;regione;basilicata;2009;16.2
AVQ_CONDIZIONATORI;regione;calabria;2009;29.6
AVQ_CONDIZIONATORI;regione;campania;2009;27.8
AVQ_CONDIZIONATORI;regione;emilia-romagna;2009;38.5
AVQ_CONDIZIONATORI;regione;friuli-venezia-giulia;2009;30.5
AVQ_CONDIZIONATORI;regione;lazio;2009;30.2
AVQ_CONDIZIONATORI;regione;liguria;2009;10.4
AVQ_CONDIZIONATORI;regione;lombardia;2009;32.2
AVQ_CONDIZIONATORI;regione;marche;2009;17.5
AVQ_CONDIZIONATORI;regione;molise;2009;7.6
AVQ_CONDIZIONATORI;regione;piemonte;2009;15.3
AVQ_CONDIZIONATORI;regione;puglia;2009;36.4
AVQ_CONDIZIONATORI;regione;sardegna;2009;45.4
AVQ_CONDIZIONATORI;regione;sicilia;2009;48.0
AVQ_CONDIZIONATORI;regione;toscana;2009;20.3
AVQ_CONDIZIONATORI;regione;trentino-alto-adige;2009;5.061913
AVQ_CONDIZIONATORI;regione;umbria;2009;12.9
AVQ_CONDIZIONATORI;regione;valle-d-aosta;2009;4.1
AVQ_CONDIZIONATORI;regione;veneto;2009;51.1
AVQ_CONDIZIONATORI;regione;abruzzo;2010;19.3
AVQ_CONDIZIONATORI;regione;basilicata;2010;10.3
AVQ_CONDIZIONATORI;regione;calabria;2010;31.5
AVQ_CONDIZIONATORI;regione;campania;2010;25.9
AVQ_CONDIZIONATORI;regione;emilia-romagna;2010;38.7
AVQ_CONDIZIONATORI;regione;friuli-venezia-giulia;2010;32.3
AVQ_CONDIZIONATORI;regione;lazio;2010;28.9
AVQ_CONDIZIONATORI;regione;liguria;2010;12.3
AVQ_CONDIZIONATORI;regione;lombardia;2010;29.7
AVQ_CONDIZIONATORI;regione;marche;2010;17.7
AVQ_CONDIZIONATORI;regione;molise;2010;11.1
AVQ_CONDIZIONATORI;regione;piemonte;2010;17.0
AVQ_CONDIZIONATORI;regione;puglia;2010;35.8
AVQ_CONDIZIONATORI;regione;sardegna;2010;45.5
AVQ_CONDIZIONATORI;regione;sicilia;2010;47.4
AVQ_CONDIZIONATORI;regione;toscana;2010;23.7
AVQ_CONDIZIONATORI;regione;trentino-alto-adige;2010;5.111529
AVQ_CONDIZIONATORI;regione;umbria;2010;15.4
AVQ_CONDIZIONATORI;regione;valle-d-aosta;2010;2.4
AVQ_CONDIZIONATORI;regione;veneto;2010;49.3
AVQ_CONDIZIONATORI;regione;abruzzo;2011;18.3
AVQ_CONDIZIONATORI;regione;basilicata;2011;18.7
AVQ_CONDIZIONATORI;regione;calabria;2011;35.2
AVQ_CONDIZIONATORI;regione;campania;2011;28.5
AVQ_CONDIZIONATORI;regione;emilia-romagna;2011;44.4
AVQ_CONDIZIONATORI;regione;friuli-venezia-giulia;2011;35.0
AVQ_CONDIZIONATORI;regione;lazio;2011;33.6
AVQ_CONDIZIONATORI;regione;liguria;2011;13.1
AVQ_CONDIZIONATORI;regione;lombardia;2011;33.2
AVQ_CONDIZIONATORI;regione;marche;2011;18.1
AVQ_CONDIZIONATORI;regione;molise;2011;13.0
AVQ_CONDIZIONATORI;regione;piemonte;2011;14.5
AVQ_CONDIZIONATORI;regione;puglia;2011;41.1
AVQ_CONDIZIONATORI;regione;sardegna;2011;48.8
AVQ_CONDIZIONATORI;regione;sicilia;2011;49.3
AVQ_CONDIZIONATORI;regione;toscana;2011;22.7
AVQ_CONDIZIONATORI;regione;trentino-alto-adige;2011;5.661913
AVQ_CONDIZIONATORI;regione;umbria;2011;12.7
AVQ_CONDIZIONATORI;regione;valle-d-aosta;2011;2.9
AVQ_CONDIZIONATORI;regione;veneto;2011;52.4
AVQ_CONDIZIONATORI;regione;abruzzo;2012;19.1
AVQ_CONDIZIONATORI;regione;basilicata;2012;21.7
AVQ_CONDIZIONATORI;regione;calabria;2012;33.2
AVQ_CONDIZIONATORI;regione;campania;2012;25.0
AVQ_CONDIZIONATORI;regione;emilia-romagna;2012;41.2
AVQ_CONDIZIONATORI;regione;friuli-venezia-giulia;2012;36.3
AVQ_CONDIZIONATORI;regione;lazio;2012;32.3
AVQ_CONDIZIONATORI;regione;liguria;2012;13.9
AVQ_CONDIZIONATORI;regione;lombardia;2012;32.0
AVQ_CONDIZIONATORI;regione;marche;2012;21.8
AVQ_CONDIZIONATORI;regione;molise;2012;11.5
AVQ_CONDIZIONATORI;regione;piemonte;2012;16.2
AVQ_CONDIZIONATORI;regione;puglia;2012;39.7
AVQ_CONDIZIONATORI;regione;sardegna;2012;45.6
AVQ_CONDIZIONATORI;regione;sicilia;2012;47.7
AVQ_CONDIZIONATORI;regione;toscana;2012;25.8
AVQ_CONDIZIONATORI;regione;trentino-alto-adige;2012;6.162682
AVQ_CONDIZIONATORI;regione;umbria;2012;17.6
AVQ_CONDIZIONATORI;regione;valle-d-aosta;2012;4.4
AVQ_CONDIZIONATORI;regione;veneto;2012;52.8
AVQ_CONDIZIONATORI;regione;abruzzo;2013;21.4
AVQ_CONDIZIONATORI;regione;basilicata;2013;22.6
AVQ_CONDIZIONATORI;regione;calabria;2013;33.8
AVQ_CONDIZIONATORI;regione;campania;2013;29.0
AVQ_CONDIZIONATORI;regione;emilia-romagna;2013;49.6
AVQ_CONDIZIONATORI;regione;friuli-venezia-giulia;2013;39.6
AVQ_CONDIZIONATORI;regione;lazio;2013;38.2
AVQ_CONDIZIONATORI;regione;liguria;2013;15.1
AVQ_CONDIZIONATORI;regione;lombardia;2013;38.4
AVQ_CONDIZIONATORI;regione;marche;2013;19.6
AVQ_CONDIZIONATORI;regione;molise;2013;11.4
AVQ_CONDIZIONATORI;regione;piemonte;2013;12.3
AVQ_CONDIZIONATORI;regione;puglia;2013;48.2
AVQ_CONDIZIONATORI;regione;sardegna;2013;48.7
AVQ_CONDIZIONATORI;regione;sicilia;2013;54.3
AVQ_CONDIZIONATORI;regione;toscana;2013;27.7
AVQ_CONDIZIONATORI;regione;trentino-alto-adige;2013;6.513066
AVQ_CONDIZIONATORI;regione;umbria;2013;18.5
AVQ_CONDIZIONATORI;regione;valle-d-aosta;2013;1.9
AVQ_CONDIZIONATORI;regione;veneto;2013;58.4
AVQ_CONDIZIONATORI;regione;abruzzo;2014;23.0
AVQ_CONDIZIONATORI;regione;basilicata;2014;16.1
AVQ_CONDIZIONATORI;regione;calabria;2014;37.1
AVQ_CONDIZIONATORI;regione;campania;2014;31.4
AVQ_CONDIZIONATORI;regione;emilia-romagna;2014;48.7
AVQ_CONDIZIONATORI;regione;friuli-venezia-giulia;2014;39.9
AVQ_CONDIZIONATORI;regione;lazio;2014;36.9
AVQ_CONDIZIONATORI;regione;liguria;2014;18.1
AVQ_CONDIZIONATORI;regione;lombardia;2014;37.4
AVQ_CONDIZIONATORI;regione;marche;2014;21.4
AVQ_CONDIZIONATORI;regione;molise;2014;18.9
AVQ_CONDIZIONATORI;regione;piemonte;2014;16.4
AVQ_CONDIZIONATORI;regione;puglia;2014;47.5
AVQ_CONDIZIONATORI;regione;sardegna;2014;49.9
AVQ_CONDIZIONATORI;regione;sicilia;2014;50.2
AVQ_CONDIZIONATORI;regione;toscana;2014;26.0
AVQ_CONDIZIONATORI;regione;trentino-alto-adige;2014;7.565756
AVQ_CONDIZIONATORI;regione;umbria;2014;18.3
AVQ_CONDIZIONATORI;regione;valle-d-aosta;2014;3.4
AVQ_CONDIZIONATORI;regione;veneto;2014;61.3
AVQ_CONDIZIONATORI;regione;abruzzo;2015;23.1
AVQ_CONDIZIONATORI;regione;basilicata;2015;17.9
AVQ_CONDIZIONATORI;regione;calabria;2015;33.9
AVQ_CONDIZIONATORI;regione;campania;2015;34.0
AVQ_CONDIZIONATORI;regione;emilia-romagna;2015;45.6
AVQ_CONDIZIONATORI;regione;friuli-venezia-giulia;2015;37.6
AVQ_CONDIZIONATORI;regione;lazio;2015;38.8
AVQ_CONDIZIONATORI;regione;liguria;2015;17.5
AVQ_CONDIZIONATORI;regione;lombardia;2015;38.8
AVQ_CONDIZIONATORI;regione;marche;2015;25.2
AVQ_CONDIZIONATORI;regione;molise;2015;16.8
AVQ_CONDIZIONATORI;regione;piemonte;2015;16.8
AVQ_CONDIZIONATORI;regione;puglia;2015;46.9
AVQ_CONDIZIONATORI;regione;sardegna;2015;48.6
AVQ_CONDIZIONATORI;regione;sicilia;2015;50.8
AVQ_CONDIZIONATORI;regione;toscana;2015;27.1
AVQ_CONDIZIONATORI;regione;trentino-alto-adige;2015;5.913066
AVQ_CONDIZIONATORI;regione;umbria;2015;17.2
AVQ_CONDIZIONATORI;regione;valle-d-aosta;2015;2.0
AVQ_CONDIZIONATORI;regione;veneto;2015;61.9
AVQ_CONDIZIONATORI;regione;abruzzo;2016;26.1
AVQ_CONDIZIONATORI;regione;basilicata;2016;26.6
AVQ_CONDIZIONATORI;regione;calabria;2016;35.0
AVQ_CONDIZIONATORI;regione;campania;2016;35.4
AVQ_CONDIZIONATORI;regione;emilia-romagna;2016;49.6
AVQ_CONDIZIONATORI;regione;friuli-venezia-giulia;2016;41.2
AVQ_CONDIZIONATORI;regione;lazio;2016;41.8
AVQ_CONDIZIONATORI;regione;liguria;2016;17.5
AVQ_CONDIZIONATORI;regione;lombardia;2016;36.7
AVQ_CONDIZIONATORI;regione;marche;2016;24.9
AVQ_CONDIZIONATORI;regione;molise;2016;17.4
AVQ_CONDIZIONATORI;regione;piemonte;2016;20.9
AVQ_CONDIZIONATORI;regione;puglia;2016;53.5
AVQ_CONDIZIONATORI;regione;sardegna;2016;49.3
AVQ_CONDIZIONATORI;regione;sicilia;2016;51.3
AVQ_CONDIZIONATORI;regione;toscana;2016;27.7
AVQ_CONDIZIONATORI;regione;trentino-alto-adige;2016;9.001537
AVQ_CONDIZIONATORI;regione;umbria;2016;20.4
AVQ_CONDIZIONATORI;regione;valle-d-aosta;2016;3.0
AVQ_CONDIZIONATORI;regione;veneto;2016;60.4
AVQ_CONDIZIONATORI;regione;abruzzo;2017;27.5
AVQ_CONDIZIONATORI;regione;basilicata;2017;26.3
AVQ_CONDIZIONATORI;regione;calabria;2017;36.2
AVQ_CONDIZIONATORI;regione;campania;2017;36.4
AVQ_CONDIZIONATORI;regione;emilia-romagna;2017;48.4
AVQ_CONDIZIONATORI;regione;friuli-venezia-giulia;2017;46.1
AVQ_CONDIZIONATORI;regione;lazio;2017;45.8
AVQ_CONDIZIONATORI;regione;liguria;2017;19.5
AVQ_CONDIZIONATORI;regione;lombardia;2017;38.4
AVQ_CONDIZIONATORI;regione;marche;2017;28.0
AVQ_CONDIZIONATORI;regione;molise;2017;19.1
AVQ_CONDIZIONATORI;regione;piemonte;2017;18.9
AVQ_CONDIZIONATORI;regione;puglia;2017;49.5
AVQ_CONDIZIONATORI;regione;sardegna;2017;48.0
AVQ_CONDIZIONATORI;regione;sicilia;2017;50.6
AVQ_CONDIZIONATORI;regione;toscana;2017;30.4
AVQ_CONDIZIONATORI;regione;trentino-alto-adige;2017;10.758839
AVQ_CONDIZIONATORI;regione;umbria;2017;24.1
AVQ_CONDIZIONATORI;regione;valle-d-aosta;2017;1.7
AVQ_CONDIZIONATORI;regione;veneto;2017;66.0
AVQ_CONDIZIONATORI;regione;abruzzo;2018;33.2
AVQ_CONDIZIONATORI;regione;basilicata;2018;26.9
AVQ_CONDIZIONATORI;regione;calabria;2018;39.7
AVQ_CONDIZIONATORI;regione;campania;2018;41.2
AVQ_CONDIZIONATORI;regione;emilia-romagna;2018;54.5
AVQ_CONDIZIONATORI;regione;friuli-venezia-giulia;2018;51.1
AVQ_CONDIZIONATORI;regione;lazio;2018;44.7
AVQ_CONDIZIONATORI;regione;liguria;2018;22.5
AVQ_CONDIZIONATORI;regione;lombardia;2018;43.2
AVQ_CONDIZIONATORI;regione;marche;2018;29.5
AVQ_CONDIZIONATORI;regione;molise;2018;26.0
AVQ_CONDIZIONATORI;regione;piemonte;2018;21.2
AVQ_CONDIZIONATORI;regione;puglia;2018;52.9
AVQ_CONDIZIONATORI;regione;sardegna;2018;54.7
AVQ_CONDIZIONATORI;regione;sicilia;2018;52.7
AVQ_CONDIZIONATORI;regione;toscana;2018;32.9
AVQ_CONDIZIONATORI;regione;trentino-alto-adige;2018;10.554227
AVQ_CONDIZIONATORI;regione;umbria;2018;27.0
AVQ_CONDIZIONATORI;regione;valle-d-aosta;2018;2.1
AVQ_CONDIZIONATORI;regione;veneto;2018;64.4
AVQ_CONDIZIONATORI;regione;abruzzo;2019;31.7
AVQ_CONDIZIONATORI;regione;basilicata;2019;26.3
AVQ_CONDIZIONATORI;regione;calabria;2019;41.1
AVQ_CONDIZIONATORI;regione;campania;2019;38.5
AVQ_CONDIZIONATORI;regione;emilia-romagna;2019;54.3
AVQ_CONDIZIONATORI;regione;friuli-venezia-giulia;2019;50.1
AVQ_CONDIZIONATORI;regione;lazio;2019;46.7
AVQ_CONDIZIONATORI;regione;liguria;2019;21.7
AVQ_CONDIZIONATORI;regione;lombardia;2019;40.2
AVQ_CONDIZIONATORI;regione;marche;2019;30.8
AVQ_CONDIZIONATORI;regione;molise;2019;23.0
AVQ_CONDIZIONATORI;regione;piemonte;2019;20.6
AVQ_CONDIZIONATORI;regione;puglia;2019;56.5
AVQ_CONDIZIONATORI;regione;sardegna;2019;57.1
AVQ_CONDIZIONATORI;regione;sicilia;2019;55.4
AVQ_CONDIZIONATORI;regione;toscana;2019;31.7
AVQ_CONDIZIONATORI;regione;trentino-alto-adige;2019;8.96883
AVQ_CONDIZIONATORI;regione;umbria;2019;24.8
AVQ_CONDIZIONATORI;regione;valle-d-aosta;2019;3.3
AVQ_CONDIZIONATORI;regione;veneto;2019;66.0
AVQ_CONDIZIONATORI;regione;abruzzo;2020;30.9
AVQ_CONDIZIONATORI;regione;basilicata;2020;25.8
AVQ_CONDIZIONATORI;regione;calabria;2020;47.0
AVQ_CONDIZIONATORI;regione;campania;2020;49.4
AVQ_CONDIZIONATORI;regione;emilia-romagna;2020;63.9
AVQ_CONDIZIONATORI;regione;friuli-venezia-giulia;2020;48.5
AVQ_CONDIZIONATORI;regione;lazio;2020;51.1
AVQ_CONDIZIONATORI;regione;liguria;2020;26.1
AVQ_CONDIZIONATORI;regione;lombardia;2020;49.0
AVQ_CONDIZIONATORI;regione;marche;2020;32.3
AVQ_CONDIZIONATORI;regione;molise;2020;19.0
AVQ_CONDIZIONATORI;regione;piemonte;2020;23.9
AVQ_CONDIZIONATORI;regione;puglia;2020;58.2
AVQ_CONDIZIONATORI;regione;sardegna;2020;56.2
AVQ_CONDIZIONATORI;regione;sicilia;2020;61.6
AVQ_CONDIZIONATORI;regione;toscana;2020;37.3
AVQ_CONDIZIONATORI;regione;trentino-alto-adige;2020;10.106149
AVQ_CONDIZIONATORI;regione;umbria;2020;27.5
AVQ_CONDIZIONATORI;regione;valle-d-aosta;2020;3.9
AVQ_CONDIZIONATORI;regione;veneto;2020;67.7
AVQ_CONDIZIONATORI;regione;abruzzo;2021;37.8
AVQ_CONDIZIONATORI;regione;basilicata;2021;24.3
AVQ_CONDIZIONATORI;regione;calabria;2021;42.4
AVQ_CONDIZIONATORI;regione;campania;2021;48.4
AVQ_CONDIZIONATORI;regione;emilia-romagna;2021;57.0
AVQ_CONDIZIONATORI;regione;friuli-venezia-giulia;2021;53.3
AVQ_CONDIZIONATORI;regione;lazio;2021;51.5
AVQ_CONDIZIONATORI;regione;liguria;2021;27.8
AVQ_CONDIZIONATORI;regione;lombardia;2021;48.7
AVQ_CONDIZIONATORI;regione;marche;2021;29.2
AVQ_CONDIZIONATORI;regione;molise;2021;23.1
AVQ_CONDIZIONATORI;regione;piemonte;2021;28.6
AVQ_CONDIZIONATORI;regione;puglia;2021;58.2
AVQ_CONDIZIONATORI;regione;sardegna;2021;56.3
AVQ_CONDIZIONATORI;regione;sicilia;2021;67.4
AVQ_CONDIZIONATORI;regione;toscana;2021;39.7
AVQ_CONDIZIONATORI;regione;trentino-alto-adige;2021;12.91614
AVQ_CONDIZIONATORI;regione;umbria;2021;27.2
AVQ_CONDIZIONATORI;regione;valle-d-aosta;2021;4.1
AVQ_CONDIZIONATORI;regione;veneto;2021;70.8
AVQ_CONDIZIONATORI;regione;abruzzo;2022;39.0
AVQ_CONDIZIONATORI;regione;basilicata;2022;33.7
AVQ_CONDIZIONATORI;regione;calabria;2022;48.7
AVQ_CONDIZIONATORI;regione;campania;2022;50.4
AVQ_CONDIZIONATORI;regione;emilia-romagna;2022;59.5
AVQ_CONDIZIONATORI;regione;friuli-venezia-giulia;2022;55.9
AVQ_CONDIZIONATORI;regione;lazio;2022;56.5
AVQ_CONDIZIONATORI;regione;liguria;2022;27.4
AVQ_CONDIZIONATORI;regione;lombardia;2022;50.1
AVQ_CONDIZIONATORI;regione;marche;2022;35.7
AVQ_CONDIZIONATORI;regione;molise;2022;22.1
AVQ_CONDIZIONATORI;regione;piemonte;2022;29.0
AVQ_CONDIZIONATORI;regione;puglia;2022;62.4
AVQ_CONDIZIONATORI;regione;sardegna;2022;60.9
AVQ_CONDIZIONATORI;regione;sicilia;2022;63.9
AVQ_CONDIZIONATORI;regione;toscana;2022;38.6
AVQ_CONDIZIONATORI;regione;trentino-alto-adige;2022;11.762682
AVQ_CONDIZIONATORI;regione;umbria;2022;31.0
AVQ_CONDIZIONATORI;regione;valle-d-aosta;2022;5.5
AVQ_CONDIZIONATORI;regione;veneto;2022;73.8
AVQ_CONDIZIONATORI;regione;abruzzo;2023;38.1
AVQ_CONDIZIONATORI;regione;basilicata;2023;33.0
AVQ_CONDIZIONATORI;regione;calabria;2023;48.9
AVQ_CONDIZIONATORI;regione;campania;2023;54.0
AVQ_CONDIZIONATORI;regione;emilia-romagna;2023;62.6
AVQ_CONDIZIONATORI;regione;friuli-venezia-giulia;2023;57.0
AVQ_CONDIZIONATORI;regione;lazio;2023;52.9
AVQ_CONDIZIONATORI;regione;liguria;2023;32.0
AVQ_CONDIZIONATORI;regione;lombardia;2023;51.1
AVQ_CONDIZIONATORI;regione;marche;2023;40.6
AVQ_CONDIZIONATORI;regione;molise;2023;26.8
AVQ_CONDIZIONATORI;regione;piemonte;2023;28.6
AVQ_CONDIZIONATORI;regione;puglia;2023;57.6
AVQ_CONDIZIONATORI;regione;sardegna;2023;61.5
AVQ_CONDIZIONATORI;regione;sicilia;2023;66.7
AVQ_CONDIZIONATORI;regione;toscana;2023;39.4
AVQ_CONDIZIONATORI;regione;trentino-alto-adige;2023;13.654996
AVQ_CONDIZIONATORI;regione;umbria;2023;34.3
AVQ_CONDIZIONATORI;regione;valle-d-aosta;2023;4.4
AVQ_CONDIZIONATORI;regione;veneto;2023;70.4
AVQ_CONDIZIONATORI;regione;abruzzo;2024;40.7
AVQ_CONDIZIONATORI;regione;basilicata;2024;27.6
AVQ_CONDIZIONATORI;regione;calabria;2024;46.8
AVQ_CONDIZIONATORI;regione;campania;2024;56.4
AVQ_CONDIZIONATORI;regione;emilia-romagna;2024;62.1
AVQ_CONDIZIONATORI;regione;friuli-venezia-giulia;2024;61.1
AVQ_CONDIZIONATORI;regione;lazio;2024;55.6
AVQ_CONDIZIONATORI;regione;liguria;2024;32.3
AVQ_CONDIZIONATORI;regione;lombardia;2024;55.3
AVQ_CONDIZIONATORI;regione;marche;2024;38.0
AVQ_CONDIZIONATORI;regione;molise;2024;26.9
AVQ_CONDIZIONATORI;regione;piemonte;2024;31.7
AVQ_CONDIZIONATORI;regione;puglia;2024;66.4
AVQ_CONDIZIONATORI;regione;sardegna;2024;63.0
AVQ_CONDIZIONATORI;regione;sicilia;2024;65.5
AVQ_CONDIZIONATORI;regione;toscana;2024;42.8
AVQ_CONDIZIONATORI;regione;trentino-alto-adige;2024;16.267293
AVQ_CONDIZIONATORI;regione;umbria;2024;33.6
AVQ_CONDIZIONATORI;regione;valle-d-aosta;2024;6.3
AVQ_CONDIZIONATORI;regione;veneto;2024;73.2
AVQ_CONDIZIONATORI;regione;abruzzo;2025;38.3
AVQ_CONDIZIONATORI;regione;basilicata;2025;40.7
AVQ_CONDIZIONATORI;regione;calabria;2025;48.4
AVQ_CONDIZIONATORI;regione;campania;2025;55.3
AVQ_CONDIZIONATORI;regione;emilia-romagna;2025;63.3
AVQ_CONDIZIONATORI;regione;friuli-venezia-giulia;2025;56.3
AVQ_CONDIZIONATORI;regione;lazio;2025;55.3
AVQ_CONDIZIONATORI;regione;liguria;2025;38.7
AVQ_CONDIZIONATORI;regione;lombardia;2025;58.8
AVQ_CONDIZIONATORI;regione;marche;2025;43.0
AVQ_CONDIZIONATORI;regione;molise;2025;33.6
AVQ_CONDIZIONATORI;regione;piemonte;2025;31.5
AVQ_CONDIZIONATORI;regione;puglia;2025;69.7
AVQ_CONDIZIONATORI;regione;sardegna;2025;66.2
AVQ_CONDIZIONATORI;regione;sicilia;2025;72.2
AVQ_CONDIZIONATORI;regione;toscana;2025;46.7
AVQ_CONDIZIONATORI;regione;trentino-alto-adige;2025;13.762682
AVQ_CONDIZIONATORI;regione;umbria;2025;38.6
AVQ_CONDIZIONATORI;regione;valle-d-aosta;2025;6.6
AVQ_CONDIZIONATORI;regione;veneto;2025;68.5
AVQ_PIU_DI_UN_AUTO;regione;abruzzo;2001;40.1
AVQ_PIU_DI_UN_AUTO;regione;basilicata;2001;29.6
AVQ_PIU_DI_UN_AUTO;regione;calabria;2001;23.0
AVQ_PIU_DI_UN_AUTO;regione;campania;2001;24.1
AVQ_PIU_DI_UN_AUTO;regione;emilia-romagna;2001;42.1
AVQ_PIU_DI_UN_AUTO;regione;friuli-venezia-giulia;2001;38.7
AVQ_PIU_DI_UN_AUTO;regione;lazio;2001;30.0
AVQ_PIU_DI_UN_AUTO;regione;liguria;2001;18.7
AVQ_PIU_DI_UN_AUTO;regione;lombardia;2001;35.6
AVQ_PIU_DI_UN_AUTO;regione;marche;2001;45.1
AVQ_PIU_DI_UN_AUTO;regione;molise;2001;33.4
AVQ_PIU_DI_UN_AUTO;regione;piemonte;2001;32.3
AVQ_PIU_DI_UN_AUTO;regione;puglia;2001;27.4
AVQ_PIU_DI_UN_AUTO;regione;sardegna;2001;30.7
AVQ_PIU_DI_UN_AUTO;regione;sicilia;2001;26.6
AVQ_PIU_DI_UN_AUTO;regione;toscana;2001;39.1
AVQ_PIU_DI_UN_AUTO;regione;trentino-alto-adige;2001;34.497268
AVQ_PIU_DI_UN_AUTO;regione;umbria;2001;48.7
AVQ_PIU_DI_UN_AUTO;regione;valle-d-aosta;2001;39.0
AVQ_PIU_DI_UN_AUTO;regione;veneto;2001;45.3
AVQ_PIU_DI_UN_AUTO;regione;abruzzo;2002;43.3
AVQ_PIU_DI_UN_AUTO;regione;basilicata;2002;33.2
AVQ_PIU_DI_UN_AUTO;regione;calabria;2002;25.5
AVQ_PIU_DI_UN_AUTO;regione;campania;2002;20.7
AVQ_PIU_DI_UN_AUTO;regione;emilia-romagna;2002;39.1
AVQ_PIU_DI_UN_AUTO;regione;friuli-venezia-giulia;2002;39.5
AVQ_PIU_DI_UN_AUTO;regione;lazio;2002;33.1
AVQ_PIU_DI_UN_AUTO;regione;liguria;2002;20.5
AVQ_PIU_DI_UN_AUTO;regione;lombardia;2002;34.6
AVQ_PIU_DI_UN_AUTO;regione;marche;2002;46.1
AVQ_PIU_DI_UN_AUTO;regione;molise;2002;35.4
AVQ_PIU_DI_UN_AUTO;regione;piemonte;2002;36.3
AVQ_PIU_DI_UN_AUTO;regione;puglia;2002;24.9
AVQ_PIU_DI_UN_AUTO;regione;sardegna;2002;30.5
AVQ_PIU_DI_UN_AUTO;regione;sicilia;2002;27.1
AVQ_PIU_DI_UN_AUTO;regione;toscana;2002;39.2
AVQ_PIU_DI_UN_AUTO;regione;trentino-alto-adige;2002;35.522289
AVQ_PIU_DI_UN_AUTO;regione;umbria;2002;48.3
AVQ_PIU_DI_UN_AUTO;regione;valle-d-aosta;2002;42.0
AVQ_PIU_DI_UN_AUTO;regione;veneto;2002;44.6
AVQ_PIU_DI_UN_AUTO;regione;abruzzo;2003;38.1
AVQ_PIU_DI_UN_AUTO;regione;basilicata;2003;33.3
AVQ_PIU_DI_UN_AUTO;regione;calabria;2003;26.3
AVQ_PIU_DI_UN_AUTO;regione;campania;2003;24.7
AVQ_PIU_DI_UN_AUTO;regione;emilia-romagna;2003;39.8
AVQ_PIU_DI_UN_AUTO;regione;friuli-venezia-giulia;2003;33.7
AVQ_PIU_DI_UN_AUTO;regione;lazio;2003;28.1
AVQ_PIU_DI_UN_AUTO;regione;liguria;2003;20.4
AVQ_PIU_DI_UN_AUTO;regione;lombardia;2003;34.4
AVQ_PIU_DI_UN_AUTO;regione;marche;2003;47.0
AVQ_PIU_DI_UN_AUTO;regione;molise;2003;38.0
AVQ_PIU_DI_UN_AUTO;regione;piemonte;2003;33.2
AVQ_PIU_DI_UN_AUTO;regione;puglia;2003;30.9
AVQ_PIU_DI_UN_AUTO;regione;sardegna;2003;28.6
AVQ_PIU_DI_UN_AUTO;regione;sicilia;2003;28.9
AVQ_PIU_DI_UN_AUTO;regione;toscana;2003;37.1
AVQ_PIU_DI_UN_AUTO;regione;trentino-alto-adige;2003;32.871136
AVQ_PIU_DI_UN_AUTO;regione;umbria;2003;47.3
AVQ_PIU_DI_UN_AUTO;regione;valle-d-aosta;2003;41.9
AVQ_PIU_DI_UN_AUTO;regione;veneto;2003;46.3
AVQ_PIU_DI_UN_AUTO;regione;abruzzo;2005;40.0
AVQ_PIU_DI_UN_AUTO;regione;basilicata;2005;31.3
AVQ_PIU_DI_UN_AUTO;regione;calabria;2005;27.9
AVQ_PIU_DI_UN_AUTO;regione;campania;2005;25.2
AVQ_PIU_DI_UN_AUTO;regione;emilia-romagna;2005;41.1
AVQ_PIU_DI_UN_AUTO;regione;friuli-venezia-giulia;2005;39.8
AVQ_PIU_DI_UN_AUTO;regione;lazio;2005;30.7
AVQ_PIU_DI_UN_AUTO;regione;liguria;2005;19.2
AVQ_PIU_DI_UN_AUTO;regione;lombardia;2005;37.3
AVQ_PIU_DI_UN_AUTO;regione;marche;2005;46.6
AVQ_PIU_DI_UN_AUTO;regione;molise;2005;37.0
AVQ_PIU_DI_UN_AUTO;regione;piemonte;2005;34.7
AVQ_PIU_DI_UN_AUTO;regione;puglia;2005;27.2
AVQ_PIU_DI_UN_AUTO;regione;sardegna;2005;34.3
AVQ_PIU_DI_UN_AUTO;regione;sicilia;2005;26.7
AVQ_PIU_DI_UN_AUTO;regione;toscana;2005;39.9
AVQ_PIU_DI_UN_AUTO;regione;trentino-alto-adige;2005;34.191888
AVQ_PIU_DI_UN_AUTO;regione;umbria;2005;48.6
AVQ_PIU_DI_UN_AUTO;regione;valle-d-aosta;2005;41.4
AVQ_PIU_DI_UN_AUTO;regione;veneto;2005;42.9
AVQ_PIU_DI_UN_AUTO;regione;abruzzo;2006;40.6
AVQ_PIU_DI_UN_AUTO;regione;basilicata;2006;34.1
AVQ_PIU_DI_UN_AUTO;regione;calabria;2006;25.5
AVQ_PIU_DI_UN_AUTO;regione;campania;2006;22.3
AVQ_PIU_DI_UN_AUTO;regione;emilia-romagna;2006;40.7
AVQ_PIU_DI_UN_AUTO;regione;friuli-venezia-giulia;2006;35.8
AVQ_PIU_DI_UN_AUTO;regione;lazio;2006;31.8
AVQ_PIU_DI_UN_AUTO;regione;liguria;2006;21.6
AVQ_PIU_DI_UN_AUTO;regione;lombardia;2006;36.7
AVQ_PIU_DI_UN_AUTO;regione;marche;2006;42.9
AVQ_PIU_DI_UN_AUTO;regione;molise;2006;37.5
AVQ_PIU_DI_UN_AUTO;regione;piemonte;2006;32.7
AVQ_PIU_DI_UN_AUTO;regione;puglia;2006;27.6
AVQ_PIU_DI_UN_AUTO;regione;sardegna;2006;32.8
AVQ_PIU_DI_UN_AUTO;regione;sicilia;2006;27.4
AVQ_PIU_DI_UN_AUTO;regione;toscana;2006;37.3
AVQ_PIU_DI_UN_AUTO;regione;trentino-alto-adige;2006;34.789582
AVQ_PIU_DI_UN_AUTO;regione;umbria;2006;45.5
AVQ_PIU_DI_UN_AUTO;regione;valle-d-aosta;2006;42.5
AVQ_PIU_DI_UN_AUTO;regione;veneto;2006;44.8
AVQ_PIU_DI_UN_AUTO;regione;abruzzo;2007;39.5
AVQ_PIU_DI_UN_AUTO;regione;basilicata;2007;33.8
AVQ_PIU_DI_UN_AUTO;regione;calabria;2007;30.4
AVQ_PIU_DI_UN_AUTO;regione;campania;2007;25.5
AVQ_PIU_DI_UN_AUTO;regione;emilia-romagna;2007;37.4
AVQ_PIU_DI_UN_AUTO;regione;friuli-venezia-giulia;2007;36.2
AVQ_PIU_DI_UN_AUTO;regione;lazio;2007;32.5
AVQ_PIU_DI_UN_AUTO;regione;liguria;2007;18.4
AVQ_PIU_DI_UN_AUTO;regione;lombardia;2007;35.9
AVQ_PIU_DI_UN_AUTO;regione;marche;2007;41.7
AVQ_PIU_DI_UN_AUTO;regione;molise;2007;37.2
AVQ_PIU_DI_UN_AUTO;regione;piemonte;2007;33.0
AVQ_PIU_DI_UN_AUTO;regione;puglia;2007;27.1
AVQ_PIU_DI_UN_AUTO;regione;sardegna;2007;33.5
AVQ_PIU_DI_UN_AUTO;regione;sicilia;2007;28.7
AVQ_PIU_DI_UN_AUTO;regione;toscana;2007;36.6
AVQ_PIU_DI_UN_AUTO;regione;trentino-alto-adige;2007;33.732281
AVQ_PIU_DI_UN_AUTO;regione;umbria;2007;46.2
AVQ_PIU_DI_UN_AUTO;regione;valle-d-aosta;2007;42.3
AVQ_PIU_DI_UN_AUTO;regione;veneto;2007;40.0
AVQ_PIU_DI_UN_AUTO;regione;abruzzo;2008;42.0
AVQ_PIU_DI_UN_AUTO;regione;basilicata;2008;33.9
AVQ_PIU_DI_UN_AUTO;regione;calabria;2008;31.0
AVQ_PIU_DI_UN_AUTO;regione;campania;2008;27.5
AVQ_PIU_DI_UN_AUTO;regione;emilia-romagna;2008;39.4
AVQ_PIU_DI_UN_AUTO;regione;friuli-venezia-giulia;2008;37.3
AVQ_PIU_DI_UN_AUTO;regione;lazio;2008;32.2
AVQ_PIU_DI_UN_AUTO;regione;liguria;2008;19.6
AVQ_PIU_DI_UN_AUTO;regione;lombardia;2008;35.5
AVQ_PIU_DI_UN_AUTO;regione;marche;2008;45.2
AVQ_PIU_DI_UN_AUTO;regione;molise;2008;40.3
AVQ_PIU_DI_UN_AUTO;regione;piemonte;2008;33.2
AVQ_PIU_DI_UN_AUTO;regione;puglia;2008;27.1
AVQ_PIU_DI_UN_AUTO;regione;sardegna;2008;30.6
AVQ_PIU_DI_UN_AUTO;regione;sicilia;2008;26.2
AVQ_PIU_DI_UN_AUTO;regione;toscana;2008;35.5
AVQ_PIU_DI_UN_AUTO;regione;trentino-alto-adige;2008;30.268062
AVQ_PIU_DI_UN_AUTO;regione;umbria;2008;43.7
AVQ_PIU_DI_UN_AUTO;regione;valle-d-aosta;2008;38.4
AVQ_PIU_DI_UN_AUTO;regione;veneto;2008;41.9
AVQ_PIU_DI_UN_AUTO;regione;abruzzo;2009;42.4
AVQ_PIU_DI_UN_AUTO;regione;basilicata;2009;33.8
AVQ_PIU_DI_UN_AUTO;regione;calabria;2009;30.7
AVQ_PIU_DI_UN_AUTO;regione;campania;2009;25.0
AVQ_PIU_DI_UN_AUTO;regione;emilia-romagna;2009;36.6
AVQ_PIU_DI_UN_AUTO;regione;friuli-venezia-giulia;2009;40.6
AVQ_PIU_DI_UN_AUTO;regione;lazio;2009;31.4
AVQ_PIU_DI_UN_AUTO;regione;liguria;2009;19.1
AVQ_PIU_DI_UN_AUTO;regione;lombardia;2009;33.7
AVQ_PIU_DI_UN_AUTO;regione;marche;2009;45.3
AVQ_PIU_DI_UN_AUTO;regione;molise;2009;38.3
AVQ_PIU_DI_UN_AUTO;regione;piemonte;2009;33.6
AVQ_PIU_DI_UN_AUTO;regione;puglia;2009;30.0
AVQ_PIU_DI_UN_AUTO;regione;sardegna;2009;32.7
AVQ_PIU_DI_UN_AUTO;regione;sicilia;2009;29.0
AVQ_PIU_DI_UN_AUTO;regione;toscana;2009;36.8
AVQ_PIU_DI_UN_AUTO;regione;trentino-alto-adige;2009;31.032281
AVQ_PIU_DI_UN_AUTO;regione;umbria;2009;43.0
AVQ_PIU_DI_UN_AUTO;regione;valle-d-aosta;2009;41.5
AVQ_PIU_DI_UN_AUTO;regione;veneto;2009;41.0
AVQ_PIU_DI_UN_AUTO;regione;abruzzo;2010;38.5
AVQ_PIU_DI_UN_AUTO;regione;basilicata;2010;35.7
AVQ_PIU_DI_UN_AUTO;regione;calabria;2010;34.4
AVQ_PIU_DI_UN_AUTO;regione;campania;2010;25.8
AVQ_PIU_DI_UN_AUTO;regione;emilia-romagna;2010;37.3
AVQ_PIU_DI_UN_AUTO;regione;friuli-venezia-giulia;2010;37.4
AVQ_PIU_DI_UN_AUTO;regione;lazio;2010;29.8
AVQ_PIU_DI_UN_AUTO;regione;liguria;2010;21.7
AVQ_PIU_DI_UN_AUTO;regione;lombardia;2010;35.1
AVQ_PIU_DI_UN_AUTO;regione;marche;2010;42.0
AVQ_PIU_DI_UN_AUTO;regione;molise;2010;36.1
AVQ_PIU_DI_UN_AUTO;regione;piemonte;2010;31.5
AVQ_PIU_DI_UN_AUTO;regione;puglia;2010;29.0
AVQ_PIU_DI_UN_AUTO;regione;sardegna;2010;31.5
AVQ_PIU_DI_UN_AUTO;regione;sicilia;2010;32.2
AVQ_PIU_DI_UN_AUTO;regione;toscana;2010;37.2
AVQ_PIU_DI_UN_AUTO;regione;trentino-alto-adige;2010;32.3965
AVQ_PIU_DI_UN_AUTO;regione;umbria;2010;41.3
AVQ_PIU_DI_UN_AUTO;regione;valle-d-aosta;2010;41.5
AVQ_PIU_DI_UN_AUTO;regione;veneto;2010;40.0
AVQ_PIU_DI_UN_AUTO;regione;abruzzo;2011;37.6
AVQ_PIU_DI_UN_AUTO;regione;basilicata;2011;34.9
AVQ_PIU_DI_UN_AUTO;regione;calabria;2011;27.0
AVQ_PIU_DI_UN_AUTO;regione;campania;2011;22.0
AVQ_PIU_DI_UN_AUTO;regione;emilia-romagna;2011;38.0
AVQ_PIU_DI_UN_AUTO;regione;friuli-venezia-giulia;2011;38.8
AVQ_PIU_DI_UN_AUTO;regione;lazio;2011;29.3
AVQ_PIU_DI_UN_AUTO;regione;liguria;2011;20.8
AVQ_PIU_DI_UN_AUTO;regione;lombardia;2011;31.9
AVQ_PIU_DI_UN_AUTO;regione;marche;2011;44.1
AVQ_PIU_DI_UN_AUTO;regione;molise;2011;38.1
AVQ_PIU_DI_UN_AUTO;regione;piemonte;2011;32.8
AVQ_PIU_DI_UN_AUTO;regione;puglia;2011;27.8
AVQ_PIU_DI_UN_AUTO;regione;sardegna;2011;35.2
AVQ_PIU_DI_UN_AUTO;regione;sicilia;2011;27.0
AVQ_PIU_DI_UN_AUTO;regione;toscana;2011;35.3
AVQ_PIU_DI_UN_AUTO;regione;trentino-alto-adige;2011;33.459607
AVQ_PIU_DI_UN_AUTO;regione;umbria;2011;42.7
AVQ_PIU_DI_UN_AUTO;regione;valle-d-aosta;2011;39.1
AVQ_PIU_DI_UN_AUTO;regione;veneto;2011;42.3
AVQ_PIU_DI_UN_AUTO;regione;abruzzo;2012;36.6
AVQ_PIU_DI_UN_AUTO;regione;basilicata;2012;35.6
AVQ_PIU_DI_UN_AUTO;regione;calabria;2012;27.7
AVQ_PIU_DI_UN_AUTO;regione;campania;2012;21.5
AVQ_PIU_DI_UN_AUTO;regione;emilia-romagna;2012;33.5
AVQ_PIU_DI_UN_AUTO;regione;friuli-venezia-giulia;2012;33.4
AVQ_PIU_DI_UN_AUTO;regione;lazio;2012;30.2
AVQ_PIU_DI_UN_AUTO;regione;liguria;2012;19.0
AVQ_PIU_DI_UN_AUTO;regione;lombardia;2012;30.3
AVQ_PIU_DI_UN_AUTO;regione;marche;2012;39.5
AVQ_PIU_DI_UN_AUTO;regione;molise;2012;34.5
AVQ_PIU_DI_UN_AUTO;regione;piemonte;2012;34.6
AVQ_PIU_DI_UN_AUTO;regione;puglia;2012;25.2
AVQ_PIU_DI_UN_AUTO;regione;sardegna;2012;31.5
AVQ_PIU_DI_UN_AUTO;regione;sicilia;2012;24.5
AVQ_PIU_DI_UN_AUTO;regione;toscana;2012;34.1
AVQ_PIU_DI_UN_AUTO;regione;trentino-alto-adige;2012;31.737661
AVQ_PIU_DI_UN_AUTO;regione;umbria;2012;44.3
AVQ_PIU_DI_UN_AUTO;regione;valle-d-aosta;2012;38.1
AVQ_PIU_DI_UN_AUTO;regione;veneto;2012;39.0
AVQ_PIU_DI_UN_AUTO;regione;abruzzo;2013;35.9
AVQ_PIU_DI_UN_AUTO;regione;basilicata;2013;34.0
AVQ_PIU_DI_UN_AUTO;regione;calabria;2013;24.5
AVQ_PIU_DI_UN_AUTO;regione;campania;2013;21.7
AVQ_PIU_DI_UN_AUTO;regione;emilia-romagna;2013;36.6
AVQ_PIU_DI_UN_AUTO;regione;friuli-venezia-giulia;2013;39.2
AVQ_PIU_DI_UN_AUTO;regione;lazio;2013;26.6
AVQ_PIU_DI_UN_AUTO;regione;liguria;2013;16.8
AVQ_PIU_DI_UN_AUTO;regione;lombardia;2013;32.0
AVQ_PIU_DI_UN_AUTO;regione;marche;2013;44.0
AVQ_PIU_DI_UN_AUTO;regione;molise;2013;33.0
AVQ_PIU_DI_UN_AUTO;regione;piemonte;2013;30.7
AVQ_PIU_DI_UN_AUTO;regione;puglia;2013;24.2
AVQ_PIU_DI_UN_AUTO;regione;sardegna;2013;27.2
AVQ_PIU_DI_UN_AUTO;regione;sicilia;2013;26.8
AVQ_PIU_DI_UN_AUTO;regione;toscana;2013;32.0
AVQ_PIU_DI_UN_AUTO;regione;trentino-alto-adige;2013;32.734587
AVQ_PIU_DI_UN_AUTO;regione;umbria;2013;41.3
AVQ_PIU_DI_UN_AUTO;regione;valle-d-aosta;2013;37.4
AVQ_PIU_DI_UN_AUTO;regione;veneto;2013;39.2
AVQ_PIU_DI_UN_AUTO;regione;abruzzo;2014;35.7
AVQ_PIU_DI_UN_AUTO;regione;basilicata;2014;32.6
AVQ_PIU_DI_UN_AUTO;regione;calabria;2014;23.0
AVQ_PIU_DI_UN_AUTO;regione;campania;2014;19.3
AVQ_PIU_DI_UN_AUTO;regione;emilia-romagna;2014;35.3
AVQ_PIU_DI_UN_AUTO;regione;friuli-venezia-giulia;2014;35.2
AVQ_PIU_DI_UN_AUTO;regione;lazio;2014;27.5
AVQ_PIU_DI_UN_AUTO;regione;liguria;2014;18.3
AVQ_PIU_DI_UN_AUTO;regione;lombardia;2014;31.5
AVQ_PIU_DI_UN_AUTO;regione;marche;2014;42.4
AVQ_PIU_DI_UN_AUTO;regione;molise;2014;31.2
AVQ_PIU_DI_UN_AUTO;regione;piemonte;2014;31.4
AVQ_PIU_DI_UN_AUTO;regione;puglia;2014;25.0
AVQ_PIU_DI_UN_AUTO;regione;sardegna;2014;28.5
AVQ_PIU_DI_UN_AUTO;regione;sicilia;2014;24.4
AVQ_PIU_DI_UN_AUTO;regione;toscana;2014;36.6
AVQ_PIU_DI_UN_AUTO;regione;trentino-alto-adige;2014;31.984202
AVQ_PIU_DI_UN_AUTO;regione;umbria;2014;43.3
AVQ_PIU_DI_UN_AUTO;regione;valle-d-aosta;2014;37.1
AVQ_PIU_DI_UN_AUTO;regione;veneto;2014;38.4
AVQ_PIU_DI_UN_AUTO;regione;abruzzo;2015;37.4
AVQ_PIU_DI_UN_AUTO;regione;basilicata;2015;27.5
AVQ_PIU_DI_UN_AUTO;regione;calabria;2015;25.6
AVQ_PIU_DI_UN_AUTO;regione;campania;2015;21.1
AVQ_PIU_DI_UN_AUTO;regione;emilia-romagna;2015;34.5
AVQ_PIU_DI_UN_AUTO;regione;friuli-venezia-giulia;2015;35.3
AVQ_PIU_DI_UN_AUTO;regione;lazio;2015;25.4
AVQ_PIU_DI_UN_AUTO;regione;liguria;2015;17.0
AVQ_PIU_DI_UN_AUTO;regione;lombardia;2015;33.3
AVQ_PIU_DI_UN_AUTO;regione;marche;2015;39.5
AVQ_PIU_DI_UN_AUTO;regione;molise;2015;35.7
AVQ_PIU_DI_UN_AUTO;regione;piemonte;2015;32.6
AVQ_PIU_DI_UN_AUTO;regione;puglia;2015;25.2
AVQ_PIU_DI_UN_AUTO;regione;sardegna;2015;30.4
AVQ_PIU_DI_UN_AUTO;regione;sicilia;2015;25.9
AVQ_PIU_DI_UN_AUTO;regione;toscana;2015;32.2
AVQ_PIU_DI_UN_AUTO;regione;trentino-alto-adige;2015;29.644578
AVQ_PIU_DI_UN_AUTO;regione;umbria;2015;44.5
AVQ_PIU_DI_UN_AUTO;regione;valle-d-aosta;2015;36.1
AVQ_PIU_DI_UN_AUTO;regione;veneto;2015;40.4
AVQ_PIU_DI_UN_AUTO;regione;abruzzo;2016;37.2
AVQ_PIU_DI_UN_AUTO;regione;basilicata;2016;31.9
AVQ_PIU_DI_UN_AUTO;regione;calabria;2016;25.6
AVQ_PIU_DI_UN_AUTO;regione;campania;2016;20.8
AVQ_PIU_DI_UN_AUTO;regione;emilia-romagna;2016;35.0
AVQ_PIU_DI_UN_AUTO;regione;friuli-venezia-giulia;2016;36.2
AVQ_PIU_DI_UN_AUTO;regione;lazio;2016;30.2
AVQ_PIU_DI_UN_AUTO;regione;liguria;2016;18.4
AVQ_PIU_DI_UN_AUTO;regione;lombardia;2016;31.8
AVQ_PIU_DI_UN_AUTO;regione;marche;2016;39.8
AVQ_PIU_DI_UN_AUTO;regione;molise;2016;32.2
AVQ_PIU_DI_UN_AUTO;regione;piemonte;2016;32.4
AVQ_PIU_DI_UN_AUTO;regione;puglia;2016;23.4
AVQ_PIU_DI_UN_AUTO;regione;sardegna;2016;31.8
AVQ_PIU_DI_UN_AUTO;regione;sicilia;2016;24.4
AVQ_PIU_DI_UN_AUTO;regione;toscana;2016;32.5
AVQ_PIU_DI_UN_AUTO;regione;trentino-alto-adige;2016;30.336124
AVQ_PIU_DI_UN_AUTO;regione;umbria;2016;40.5
AVQ_PIU_DI_UN_AUTO;regione;valle-d-aosta;2016;34.9
AVQ_PIU_DI_UN_AUTO;regione;veneto;2016;42.6
AVQ_PIU_DI_UN_AUTO;regione;abruzzo;2017;39.7
AVQ_PIU_DI_UN_AUTO;regione;basilicata;2017;35.3
AVQ_PIU_DI_UN_AUTO;regione;calabria;2017;27.7
AVQ_PIU_DI_UN_AUTO;regione;campania;2017;24.9
AVQ_PIU_DI_UN_AUTO;regione;emilia-romagna;2017;34.3
AVQ_PIU_DI_UN_AUTO;regione;friuli-venezia-giulia;2017;33.5
AVQ_PIU_DI_UN_AUTO;regione;lazio;2017;29.5
AVQ_PIU_DI_UN_AUTO;regione;liguria;2017;18.6
AVQ_PIU_DI_UN_AUTO;regione;lombardia;2017;30.6
AVQ_PIU_DI_UN_AUTO;regione;marche;2017;42.0
AVQ_PIU_DI_UN_AUTO;regione;molise;2017;31.8
AVQ_PIU_DI_UN_AUTO;regione;piemonte;2017;29.3
AVQ_PIU_DI_UN_AUTO;regione;puglia;2017;24.8
AVQ_PIU_DI_UN_AUTO;regione;sardegna;2017;32.3
AVQ_PIU_DI_UN_AUTO;regione;sicilia;2017;27.3
AVQ_PIU_DI_UN_AUTO;regione;toscana;2017;32.7
AVQ_PIU_DI_UN_AUTO;regione;trentino-alto-adige;2017;31.075748
AVQ_PIU_DI_UN_AUTO;regione;umbria;2017;41.2
AVQ_PIU_DI_UN_AUTO;regione;valle-d-aosta;2017;33.9
AVQ_PIU_DI_UN_AUTO;regione;veneto;2017;37.5
AVQ_PIU_DI_UN_AUTO;regione;abruzzo;2018;38.4
AVQ_PIU_DI_UN_AUTO;regione;basilicata;2018;37.8
AVQ_PIU_DI_UN_AUTO;regione;calabria;2018;25.4
AVQ_PIU_DI_UN_AUTO;regione;campania;2018;25.6
AVQ_PIU_DI_UN_AUTO;regione;emilia-romagna;2018;34.2
AVQ_PIU_DI_UN_AUTO;regione;friuli-venezia-giulia;2018;39.1
AVQ_PIU_DI_UN_AUTO;regione;lazio;2018;29.1
AVQ_PIU_DI_UN_AUTO;regione;liguria;2018;19.6
AVQ_PIU_DI_UN_AUTO;regione;lombardia;2018;34.0
AVQ_PIU_DI_UN_AUTO;regione;marche;2018;39.9
AVQ_PIU_DI_UN_AUTO;regione;molise;2018;30.7
AVQ_PIU_DI_UN_AUTO;regione;piemonte;2018;32.0
AVQ_PIU_DI_UN_AUTO;regione;puglia;2018;29.5
AVQ_PIU_DI_UN_AUTO;regione;sardegna;2018;29.7
AVQ_PIU_DI_UN_AUTO;regione;sicilia;2018;24.7
AVQ_PIU_DI_UN_AUTO;regione;toscana;2018;34.9
AVQ_PIU_DI_UN_AUTO;regione;trentino-alto-adige;2018;35.278822
AVQ_PIU_DI_UN_AUTO;regione;umbria;2018;43.8
AVQ_PIU_DI_UN_AUTO;regione;valle-d-aosta;2018;29.2
AVQ_PIU_DI_UN_AUTO;regione;veneto;2018;40.9
AVQ_PIU_DI_UN_AUTO;regione;abruzzo;2019;39.9
AVQ_PIU_DI_UN_AUTO;regione;basilicata;2019;35.5
AVQ_PIU_DI_UN_AUTO;regione;calabria;2019;28.0
AVQ_PIU_DI_UN_AUTO;regione;campania;2019;24.9
AVQ_PIU_DI_UN_AUTO;regione;emilia-romagna;2019;37.0
AVQ_PIU_DI_UN_AUTO;regione;friuli-venezia-giulia;2019;36.9
AVQ_PIU_DI_UN_AUTO;regione;lazio;2019;32.3
AVQ_PIU_DI_UN_AUTO;regione;liguria;2019;19.8
AVQ_PIU_DI_UN_AUTO;regione;lombardia;2019;33.1
AVQ_PIU_DI_UN_AUTO;regione;marche;2019;45.7
AVQ_PIU_DI_UN_AUTO;regione;molise;2019;35.5
AVQ_PIU_DI_UN_AUTO;regione;piemonte;2019;33.6
AVQ_PIU_DI_UN_AUTO;regione;puglia;2019;29.6
AVQ_PIU_DI_UN_AUTO;regione;sardegna;2019;33.0
AVQ_PIU_DI_UN_AUTO;regione;sicilia;2019;27.3
AVQ_PIU_DI_UN_AUTO;regione;toscana;2019;35.2
AVQ_PIU_DI_UN_AUTO;regione;trentino-alto-adige;2019;35.253801
AVQ_PIU_DI_UN_AUTO;regione;umbria;2019;43.9
AVQ_PIU_DI_UN_AUTO;regione;valle-d-aosta;2019;39.2
AVQ_PIU_DI_UN_AUTO;regione;veneto;2019;41.5
AVQ_PIU_DI_UN_AUTO;regione;abruzzo;2020;34.3
AVQ_PIU_DI_UN_AUTO;regione;basilicata;2020;33.6
AVQ_PIU_DI_UN_AUTO;regione;calabria;2020;27.3
AVQ_PIU_DI_UN_AUTO;regione;campania;2020;23.5
AVQ_PIU_DI_UN_AUTO;regione;emilia-romagna;2020;37.2
AVQ_PIU_DI_UN_AUTO;regione;friuli-venezia-giulia;2020;40.2
AVQ_PIU_DI_UN_AUTO;regione;lazio;2020;30.7
AVQ_PIU_DI_UN_AUTO;regione;liguria;2020;23.0
AVQ_PIU_DI_UN_AUTO;regione;lombardia;2020;32.8
AVQ_PIU_DI_UN_AUTO;regione;marche;2020;43.6
AVQ_PIU_DI_UN_AUTO;regione;molise;2020;40.0
AVQ_PIU_DI_UN_AUTO;regione;piemonte;2020;31.7
AVQ_PIU_DI_UN_AUTO;regione;puglia;2020;29.1
AVQ_PIU_DI_UN_AUTO;regione;sardegna;2020;31.8
AVQ_PIU_DI_UN_AUTO;regione;sicilia;2020;28.9
AVQ_PIU_DI_UN_AUTO;regione;toscana;2020;35.2
AVQ_PIU_DI_UN_AUTO;regione;trentino-alto-adige;2020;31.4965
AVQ_PIU_DI_UN_AUTO;regione;umbria;2020;42.3
AVQ_PIU_DI_UN_AUTO;regione;valle-d-aosta;2020;37.5
AVQ_PIU_DI_UN_AUTO;regione;veneto;2020;40.4
AVQ_PIU_DI_UN_AUTO;regione;abruzzo;2021;38.2
AVQ_PIU_DI_UN_AUTO;regione;basilicata;2021;35.6
AVQ_PIU_DI_UN_AUTO;regione;calabria;2021;30.1
AVQ_PIU_DI_UN_AUTO;regione;campania;2021;26.2
AVQ_PIU_DI_UN_AUTO;regione;emilia-romagna;2021;39.2
AVQ_PIU_DI_UN_AUTO;regione;friuli-venezia-giulia;2021;40.0
AVQ_PIU_DI_UN_AUTO;regione;lazio;2021;32.2
AVQ_PIU_DI_UN_AUTO;regione;liguria;2021;23.8
AVQ_PIU_DI_UN_AUTO;regione;lombardia;2021;35.8
AVQ_PIU_DI_UN_AUTO;regione;marche;2021;40.3
AVQ_PIU_DI_UN_AUTO;regione;molise;2021;40.9
AVQ_PIU_DI_UN_AUTO;regione;piemonte;2021;34.5
AVQ_PIU_DI_UN_AUTO;regione;puglia;2021;33.8
AVQ_PIU_DI_UN_AUTO;regione;sardegna;2021;33.4
AVQ_PIU_DI_UN_AUTO;regione;sicilia;2021;31.0
AVQ_PIU_DI_UN_AUTO;regione;toscana;2021;38.5
AVQ_PIU_DI_UN_AUTO;regione;trentino-alto-adige;2021;38.023058
AVQ_PIU_DI_UN_AUTO;regione;umbria;2021;44.8
AVQ_PIU_DI_UN_AUTO;regione;valle-d-aosta;2021;36.0
AVQ_PIU_DI_UN_AUTO;regione;veneto;2021;39.5
AVQ_PIU_DI_UN_AUTO;regione;abruzzo;2022;40.3
AVQ_PIU_DI_UN_AUTO;regione;basilicata;2022;34.0
AVQ_PIU_DI_UN_AUTO;regione;calabria;2022;28.5
AVQ_PIU_DI_UN_AUTO;regione;campania;2022;25.9
AVQ_PIU_DI_UN_AUTO;regione;emilia-romagna;2022;38.6
AVQ_PIU_DI_UN_AUTO;regione;friuli-venezia-giulia;2022;38.5
AVQ_PIU_DI_UN_AUTO;regione;lazio;2022;32.3
AVQ_PIU_DI_UN_AUTO;regione;liguria;2022;24.2
AVQ_PIU_DI_UN_AUTO;regione;lombardia;2022;35.7
AVQ_PIU_DI_UN_AUTO;regione;marche;2022;45.5
AVQ_PIU_DI_UN_AUTO;regione;molise;2022;40.3
AVQ_PIU_DI_UN_AUTO;regione;piemonte;2022;33.5
AVQ_PIU_DI_UN_AUTO;regione;puglia;2022;30.4
AVQ_PIU_DI_UN_AUTO;regione;sardegna;2022;33.6
AVQ_PIU_DI_UN_AUTO;regione;sicilia;2022;31.2
AVQ_PIU_DI_UN_AUTO;regione;toscana;2022;36.5
AVQ_PIU_DI_UN_AUTO;regione;trentino-alto-adige;2022;35.178054
AVQ_PIU_DI_UN_AUTO;regione;umbria;2022;47.1
AVQ_PIU_DI_UN_AUTO;regione;valle-d-aosta;2022;37.1
AVQ_PIU_DI_UN_AUTO;regione;veneto;2022;41.7
AVQ_PIU_DI_UN_AUTO;regione;abruzzo;2023;38.6
AVQ_PIU_DI_UN_AUTO;regione;basilicata;2023;37.4
AVQ_PIU_DI_UN_AUTO;regione;calabria;2023;27.4
AVQ_PIU_DI_UN_AUTO;regione;campania;2023;23.9
AVQ_PIU_DI_UN_AUTO;regione;emilia-romagna;2023;36.4
AVQ_PIU_DI_UN_AUTO;regione;friuli-venezia-giulia;2023;36.2
AVQ_PIU_DI_UN_AUTO;regione;lazio;2023;32.1
AVQ_PIU_DI_UN_AUTO;regione;liguria;2023;18.8
AVQ_PIU_DI_UN_AUTO;regione;lombardia;2023;32.0
AVQ_PIU_DI_UN_AUTO;regione;marche;2023;41.5
AVQ_PIU_DI_UN_AUTO;regione;molise;2023;36.1
AVQ_PIU_DI_UN_AUTO;regione;piemonte;2023;35.7
AVQ_PIU_DI_UN_AUTO;regione;puglia;2023;32.0
AVQ_PIU_DI_UN_AUTO;regione;sardegna;2023;34.1
AVQ_PIU_DI_UN_AUTO;regione;sicilia;2023;29.0
AVQ_PIU_DI_UN_AUTO;regione;toscana;2023;36.0
AVQ_PIU_DI_UN_AUTO;regione;trentino-alto-adige;2023;32.278054
AVQ_PIU_DI_UN_AUTO;regione;umbria;2023;41.7
AVQ_PIU_DI_UN_AUTO;regione;valle-d-aosta;2023;34.9
AVQ_PIU_DI_UN_AUTO;regione;veneto;2023;41.1
AVQ_PIU_DI_UN_AUTO;regione;abruzzo;2024;38.7
AVQ_PIU_DI_UN_AUTO;regione;basilicata;2024;33.9
AVQ_PIU_DI_UN_AUTO;regione;calabria;2024;27.3
AVQ_PIU_DI_UN_AUTO;regione;campania;2024;25.0
AVQ_PIU_DI_UN_AUTO;regione;emilia-romagna;2024;37.6
AVQ_PIU_DI_UN_AUTO;regione;friuli-venezia-giulia;2024;36.3
AVQ_PIU_DI_UN_AUTO;regione;lazio;2024;31.3
AVQ_PIU_DI_UN_AUTO;regione;liguria;2024;21.0
AVQ_PIU_DI_UN_AUTO;regione;lombardia;2024;32.2
AVQ_PIU_DI_UN_AUTO;regione;marche;2024;40.7
AVQ_PIU_DI_UN_AUTO;regione;molise;2024;37.6
AVQ_PIU_DI_UN_AUTO;regione;piemonte;2024;33.2
AVQ_PIU_DI_UN_AUTO;regione;puglia;2024;31.8
AVQ_PIU_DI_UN_AUTO;regione;sardegna;2024;32.9
AVQ_PIU_DI_UN_AUTO;regione;sicilia;2024;29.3
AVQ_PIU_DI_UN_AUTO;regione;toscana;2024;34.3
AVQ_PIU_DI_UN_AUTO;regione;trentino-alto-adige;2024;35.361913
AVQ_PIU_DI_UN_AUTO;regione;umbria;2024;43.8
AVQ_PIU_DI_UN_AUTO;regione;valle-d-aosta;2024;37.7
AVQ_PIU_DI_UN_AUTO;regione;veneto;2024;39.0
AVQ_PIU_DI_UN_AUTO;regione;abruzzo;2025;38.7
AVQ_PIU_DI_UN_AUTO;regione;basilicata;2025;37.5
AVQ_PIU_DI_UN_AUTO;regione;calabria;2025;29.7
AVQ_PIU_DI_UN_AUTO;regione;campania;2025;25.7
AVQ_PIU_DI_UN_AUTO;regione;emilia-romagna;2025;37.3
AVQ_PIU_DI_UN_AUTO;regione;friuli-venezia-giulia;2025;38.4
AVQ_PIU_DI_UN_AUTO;regione;lazio;2025;30.5
AVQ_PIU_DI_UN_AUTO;regione;liguria;2025;20.0
AVQ_PIU_DI_UN_AUTO;regione;lombardia;2025;33.1
AVQ_PIU_DI_UN_AUTO;regione;marche;2025;44.0
AVQ_PIU_DI_UN_AUTO;regione;molise;2025;35.2
AVQ_PIU_DI_UN_AUTO;regione;piemonte;2025;34.4
AVQ_PIU_DI_UN_AUTO;regione;puglia;2025;29.4
AVQ_PIU_DI_UN_AUTO;regione;sardegna;2025;34.0
AVQ_PIU_DI_UN_AUTO;regione;sicilia;2025;31.5
AVQ_PIU_DI_UN_AUTO;regione;toscana;2025;35.6
AVQ_PIU_DI_UN_AUTO;regione;trentino-alto-adige;2025;34.621521
AVQ_PIU_DI_UN_AUTO;regione;umbria;2025;42.1
AVQ_PIU_DI_UN_AUTO;regione;valle-d-aosta;2025;38.7
AVQ_PIU_DI_UN_AUTO;regione;veneto;2025;39.4
AVQ_BICICLETTE;regione;abruzzo;2001;51.7
AVQ_BICICLETTE;regione;basilicata;2001;35.1
AVQ_BICICLETTE;regione;calabria;2001;34.0
AVQ_BICICLETTE;regione;campania;2001;40.3
AVQ_BICICLETTE;regione;emilia-romagna;2001;81.6
AVQ_BICICLETTE;regione;friuli-venezia-giulia;2001;76.6
AVQ_BICICLETTE;regione;lazio;2001;39.2
AVQ_BICICLETTE;regione;liguria;2001;35.7
AVQ_BICICLETTE;regione;lombardia;2001;71.3
AVQ_BICICLETTE;regione;marche;2001;62.3
AVQ_BICICLETTE;regione;molise;2001;43.1
AVQ_BICICLETTE;regione;piemonte;2001;69.1
AVQ_BICICLETTE;regione;puglia;2001;52.6
AVQ_BICICLETTE;regione;sardegna;2001;46.3
AVQ_BICICLETTE;regione;sicilia;2001;33.2
AVQ_BICICLETTE;regione;toscana;2001;71.1
AVQ_BICICLETTE;regione;trentino-alto-adige;2001;74.085397
AVQ_BICICLETTE;regione;umbria;2001;57.4
AVQ_BICICLETTE;regione;valle-d-aosta;2001;52.1
AVQ_BICICLETTE;regione;veneto;2001;86.5
AVQ_BICICLETTE;regione;abruzzo;2002;58.9
AVQ_BICICLETTE;regione;basilicata;2002;41.8
AVQ_BICICLETTE;regione;calabria;2002;41.5
AVQ_BICICLETTE;regione;campania;2002;42.2
AVQ_BICICLETTE;regione;emilia-romagna;2002;83.9
AVQ_BICICLETTE;regione;friuli-venezia-giulia;2002;75.9
AVQ_BICICLETTE;regione;lazio;2002;39.2
AVQ_BICICLETTE;regione;liguria;2002;37.3
AVQ_BICICLETTE;regione;lombardia;2002;68.1
AVQ_BICICLETTE;regione;marche;2002;60.8
AVQ_BICICLETTE;regione;molise;2002;50.4
AVQ_BICICLETTE;regione;piemonte;2002;68.1
AVQ_BICICLETTE;regione;puglia;2002;55.0
AVQ_BICICLETTE;regione;sardegna;2002;43.1
AVQ_BICICLETTE;regione;sicilia;2002;33.9
AVQ_BICICLETTE;regione;toscana;2002;68.3
AVQ_BICICLETTE;regione;trentino-alto-adige;2002;87.286082
AVQ_BICICLETTE;regione;umbria;2002;61.2
AVQ_BICICLETTE;regione;valle-d-aosta;2002;56.7
AVQ_BICICLETTE;regione;veneto;2002;82.6
AVQ_BICICLETTE;regione;abruzzo;2003;55.0
AVQ_BICICLETTE;regione;basilicata;2003;35.7
AVQ_BICICLETTE;regione;calabria;2003;34.4
AVQ_BICICLETTE;regione;campania;2003;38.7
AVQ_BICICLETTE;regione;emilia-romagna;2003;82.1
AVQ_BICICLETTE;regione;friuli-venezia-giulia;2003;74.2
AVQ_BICICLETTE;regione;lazio;2003;36.3
AVQ_BICICLETTE;regione;liguria;2003;36.3
AVQ_BICICLETTE;regione;lombardia;2003;68.9
AVQ_BICICLETTE;regione;marche;2003;58.2
AVQ_BICICLETTE;regione;molise;2003;38.6
AVQ_BICICLETTE;regione;piemonte;2003;63.1
AVQ_BICICLETTE;regione;puglia;2003;50.9
AVQ_BICICLETTE;regione;sardegna;2003;45.6
AVQ_BICICLETTE;regione;sicilia;2003;34.3
AVQ_BICICLETTE;regione;toscana;2003;62.0
AVQ_BICICLETTE;regione;trentino-alto-adige;2003;69.730401
AVQ_BICICLETTE;regione;umbria;2003;62.0
AVQ_BICICLETTE;regione;valle-d-aosta;2003;53.2
AVQ_BICICLETTE;regione;veneto;2003;84.2
AVQ_BICICLETTE;regione;abruzzo;2005;57.3
AVQ_BICICLETTE;regione;basilicata;2005;39.6
AVQ_BICICLETTE;regione;calabria;2005;40.4
AVQ_BICICLETTE;regione;campania;2005;43.6
AVQ_BICICLETTE;regione;emilia-romagna;2005;80.4
AVQ_BICICLETTE;regione;friuli-venezia-giulia;2005;74.1
AVQ_BICICLETTE;regione;lazio;2005;36.7
AVQ_BICICLETTE;regione;liguria;2005;36.6
AVQ_BICICLETTE;regione;lombardia;2005;73.5
AVQ_BICICLETTE;regione;marche;2005;69.5
AVQ_BICICLETTE;regione;molise;2005;46.4
AVQ_BICICLETTE;regione;piemonte;2005;66.5
AVQ_BICICLETTE;regione;puglia;2005;54.4
AVQ_BICICLETTE;regione;sardegna;2005;46.9
AVQ_BICICLETTE;regione;sicilia;2005;32.1
AVQ_BICICLETTE;regione;toscana;2005;67.6
AVQ_BICICLETTE;regione;trentino-alto-adige;2005;73.633475
AVQ_BICICLETTE;regione;umbria;2005;57.4
AVQ_BICICLETTE;regione;valle-d-aosta;2005;52.0
AVQ_BICICLETTE;regione;veneto;2005;84.9
AVQ_BICICLETTE;regione;abruzzo;2006;53.1
AVQ_BICICLETTE;regione;basilicata;2006;38.7
AVQ_BICICLETTE;regione;calabria;2006;34.6
AVQ_BICICLETTE;regione;campania;2006;38.5
AVQ_BICICLETTE;regione;emilia-romagna;2006;82.8
AVQ_BICICLETTE;regione;friuli-venezia-giulia;2006;71.1
AVQ_BICICLETTE;regione;lazio;2006;39.0
AVQ_BICICLETTE;regione;liguria;2006;38.3
AVQ_BICICLETTE;regione;lombardia;2006;71.0
AVQ_BICICLETTE;regione;marche;2006;61.2
AVQ_BICICLETTE;regione;molise;2006;45.3
AVQ_BICICLETTE;regione;piemonte;2006;68.6
AVQ_BICICLETTE;regione;puglia;2006;50.4
AVQ_BICICLETTE;regione;sardegna;2006;43.2
AVQ_BICICLETTE;regione;sicilia;2006;35.5
AVQ_BICICLETTE;regione;toscana;2006;65.1
AVQ_BICICLETTE;regione;trentino-alto-adige;2006;72.425021
AVQ_BICICLETTE;regione;umbria;2006;55.8
AVQ_BICICLETTE;regione;valle-d-aosta;2006;57.5
AVQ_BICICLETTE;regione;veneto;2006;84.0
AVQ_BICICLETTE;regione;abruzzo;2007;52.9
AVQ_BICICLETTE;regione;basilicata;2007;38.2
AVQ_BICICLETTE;regione;calabria;2007;34.6
AVQ_BICICLETTE;regione;campania;2007;35.9
AVQ_BICICLETTE;regione;emilia-romagna;2007;81.5
AVQ_BICICLETTE;regione;friuli-venezia-giulia;2007;73.8
AVQ_BICICLETTE;regione;lazio;2007;38.1
AVQ_BICICLETTE;regione;liguria;2007;35.2
AVQ_BICICLETTE;regione;lombardia;2007;72.7
AVQ_BICICLETTE;regione;marche;2007;58.3
AVQ_BICICLETTE;regione;molise;2007;42.2
AVQ_BICICLETTE;regione;piemonte;2007;67.0
AVQ_BICICLETTE;regione;puglia;2007;49.9
AVQ_BICICLETTE;regione;sardegna;2007;44.1
AVQ_BICICLETTE;regione;sicilia;2007;34.8
AVQ_BICICLETTE;regione;toscana;2007;59.0
AVQ_BICICLETTE;regione;trentino-alto-adige;2007;73.833475
AVQ_BICICLETTE;regione;umbria;2007;57.4
AVQ_BICICLETTE;regione;valle-d-aosta;2007;54.7
AVQ_BICICLETTE;regione;veneto;2007;81.1
AVQ_BICICLETTE;regione;abruzzo;2008;55.0
AVQ_BICICLETTE;regione;basilicata;2008;36.5
AVQ_BICICLETTE;regione;calabria;2008;35.2
AVQ_BICICLETTE;regione;campania;2008;38.6
AVQ_BICICLETTE;regione;emilia-romagna;2008;82.0
AVQ_BICICLETTE;regione;friuli-venezia-giulia;2008;73.4
AVQ_BICICLETTE;regione;lazio;2008;39.5
AVQ_BICICLETTE;regione;liguria;2008;34.6
AVQ_BICICLETTE;regione;lombardia;2008;72.8
AVQ_BICICLETTE;regione;marche;2008;58.9
AVQ_BICICLETTE;regione;molise;2008;44.0
AVQ_BICICLETTE;regione;piemonte;2008;67.3
AVQ_BICICLETTE;regione;puglia;2008;51.3
AVQ_BICICLETTE;regione;sardegna;2008;36.3
AVQ_BICICLETTE;regione;sicilia;2008;28.3
AVQ_BICICLETTE;regione;toscana;2008;62.2
AVQ_BICICLETTE;regione;trentino-alto-adige;2008;74.178479
AVQ_BICICLETTE;regione;umbria;2008;56.5
AVQ_BICICLETTE;regione;valle-d-aosta;2008;51.6
AVQ_BICICLETTE;regione;veneto;2008;83.1
AVQ_BICICLETTE;regione;abruzzo;2009;56.7
AVQ_BICICLETTE;regione;basilicata;2009;40.0
AVQ_BICICLETTE;regione;calabria;2009;34.8
AVQ_BICICLETTE;regione;campania;2009;37.5
AVQ_BICICLETTE;regione;emilia-romagna;2009;80.6
AVQ_BICICLETTE;regione;friuli-venezia-giulia;2009;72.0
AVQ_BICICLETTE;regione;lazio;2009;38.3
AVQ_BICICLETTE;regione;liguria;2009;32.0
AVQ_BICICLETTE;regione;lombardia;2009;73.1
AVQ_BICICLETTE;regione;marche;2009;61.8
AVQ_BICICLETTE;regione;molise;2009;44.6
AVQ_BICICLETTE;regione;piemonte;2009;64.9
AVQ_BICICLETTE;regione;puglia;2009;53.5
AVQ_BICICLETTE;regione;sardegna;2009;42.1
AVQ_BICICLETTE;regione;sicilia;2009;31.8
AVQ_BICICLETTE;regione;toscana;2009;63.6
AVQ_BICICLETTE;regione;trentino-alto-adige;2009;71.920409
AVQ_BICICLETTE;regione;umbria;2009;58.4
AVQ_BICICLETTE;regione;valle-d-aosta;2009;53.0
AVQ_BICICLETTE;regione;veneto;2009;81.6
AVQ_BICICLETTE;regione;abruzzo;2010;57.7
AVQ_BICICLETTE;regione;basilicata;2010;33.4
AVQ_BICICLETTE;regione;calabria;2010;34.5
AVQ_BICICLETTE;regione;campania;2010;34.5
AVQ_BICICLETTE;regione;emilia-romagna;2010;79.8
AVQ_BICICLETTE;regione;friuli-venezia-giulia;2010;75.4
AVQ_BICICLETTE;regione;lazio;2010;37.1
AVQ_BICICLETTE;regione;liguria;2010;36.6
AVQ_BICICLETTE;regione;lombardia;2010;72.7
AVQ_BICICLETTE;regione;marche;2010;59.5
AVQ_BICICLETTE;regione;molise;2010;41.7
AVQ_BICICLETTE;regione;piemonte;2010;64.8
AVQ_BICICLETTE;regione;puglia;2010;50.4
AVQ_BICICLETTE;regione;sardegna;2010;38.7
AVQ_BICICLETTE;regione;sicilia;2010;33.7
AVQ_BICICLETTE;regione;toscana;2010;63.8
AVQ_BICICLETTE;regione;trentino-alto-adige;2010;73.079248
AVQ_BICICLETTE;regione;umbria;2010;53.5
AVQ_BICICLETTE;regione;valle-d-aosta;2010;53.9
AVQ_BICICLETTE;regione;veneto;2010;81.4
AVQ_BICICLETTE;regione;abruzzo;2011;55.4
AVQ_BICICLETTE;regione;basilicata;2011;37.3
AVQ_BICICLETTE;regione;calabria;2011;34.4
AVQ_BICICLETTE;regione;campania;2011;37.3
AVQ_BICICLETTE;regione;emilia-romagna;2011;78.5
AVQ_BICICLETTE;regione;friuli-venezia-giulia;2011;72.2
AVQ_BICICLETTE;regione;lazio;2011;37.0
AVQ_BICICLETTE;regione;liguria;2011;33.3
AVQ_BICICLETTE;regione;lombardia;2011;70.7
AVQ_BICICLETTE;regione;marche;2011;58.7
AVQ_BICICLETTE;regione;molise;2011;43.5
AVQ_BICICLETTE;regione;piemonte;2011;65.3
AVQ_BICICLETTE;regione;puglia;2011;50.7
AVQ_BICICLETTE;regione;sardegna;2011;40.7
AVQ_BICICLETTE;regione;sicilia;2011;30.9
AVQ_BICICLETTE;regione;toscana;2011;60.0
AVQ_BICICLETTE;regione;trentino-alto-adige;2011;69.819641
AVQ_BICICLETTE;regione;umbria;2011;55.6
AVQ_BICICLETTE;regione;valle-d-aosta;2011;53.5
AVQ_BICICLETTE;regione;veneto;2011;82.9
AVQ_BICICLETTE;regione;abruzzo;2012;54.1
AVQ_BICICLETTE;regione;basilicata;2012;30.4
AVQ_BICICLETTE;regione;calabria;2012;30.2
AVQ_BICICLETTE;regione;campania;2012;30.0
AVQ_BICICLETTE;regione;emilia-romagna;2012;77.9
AVQ_BICICLETTE;regione;friuli-venezia-giulia;2012;69.7
AVQ_BICICLETTE;regione;lazio;2012;34.0
AVQ_BICICLETTE;regione;liguria;2012;31.5
AVQ_BICICLETTE;regione;lombardia;2012;70.7
AVQ_BICICLETTE;regione;marche;2012;59.7
AVQ_BICICLETTE;regione;molise;2012;41.2
AVQ_BICICLETTE;regione;piemonte;2012;63.8
AVQ_BICICLETTE;regione;puglia;2012;48.3
AVQ_BICICLETTE;regione;sardegna;2012;34.2
AVQ_BICICLETTE;regione;sicilia;2012;30.1
AVQ_BICICLETTE;regione;toscana;2012;61.7
AVQ_BICICLETTE;regione;trentino-alto-adige;2012;73.280017
AVQ_BICICLETTE;regione;umbria;2012;53.8
AVQ_BICICLETTE;regione;valle-d-aosta;2012;52.2
AVQ_BICICLETTE;regione;veneto;2012;79.7
AVQ_BICICLETTE;regione;abruzzo;2013;49.4
AVQ_BICICLETTE;regione;basilicata;2013;39.0
AVQ_BICICLETTE;regione;calabria;2013;30.1
AVQ_BICICLETTE;regione;campania;2013;37.3
AVQ_BICICLETTE;regione;emilia-romagna;2013;80.1
AVQ_BICICLETTE;regione;friuli-venezia-giulia;2013;72.5
AVQ_BICICLETTE;regione;lazio;2013;38.6
AVQ_BICICLETTE;regione;liguria;2013;33.3
AVQ_BICICLETTE;regione;lombardia;2013;71.5
AVQ_BICICLETTE;regione;marche;2013;59.1
AVQ_BICICLETTE;regione;molise;2013;38.3
AVQ_BICICLETTE;regione;piemonte;2013;62.2
AVQ_BICICLETTE;regione;puglia;2013;48.2
AVQ_BICICLETTE;regione;sardegna;2013;39.5
AVQ_BICICLETTE;regione;sicilia;2013;29.1
AVQ_BICICLETTE;regione;toscana;2013;60.8
AVQ_BICICLETTE;regione;trentino-alto-adige;2013;68.967719
AVQ_BICICLETTE;regione;umbria;2013;52.1
AVQ_BICICLETTE;regione;valle-d-aosta;2013;53.1
AVQ_BICICLETTE;regione;veneto;2013;83.5
AVQ_BICICLETTE;regione;abruzzo;2014;48.4
AVQ_BICICLETTE;regione;basilicata;2014;32.1
AVQ_BICICLETTE;regione;calabria;2014;32.6
AVQ_BICICLETTE;regione;campania;2014;32.5
AVQ_BICICLETTE;regione;emilia-romagna;2014;83.8
AVQ_BICICLETTE;regione;friuli-venezia-giulia;2014;72.9
AVQ_BICICLETTE;regione;lazio;2014;36.4
AVQ_BICICLETTE;regione;liguria;2014;36.6
AVQ_BICICLETTE;regione;lombardia;2014;69.3
AVQ_BICICLETTE;regione;marche;2014;53.3
AVQ_BICICLETTE;regione;molise;2014;38.4
AVQ_BICICLETTE;regione;piemonte;2014;65.2
AVQ_BICICLETTE;regione;puglia;2014;47.5
AVQ_BICICLETTE;regione;sardegna;2014;41.7
AVQ_BICICLETTE;regione;sicilia;2014;30.7
AVQ_BICICLETTE;regione;toscana;2014;62.7
AVQ_BICICLETTE;regione;trentino-alto-adige;2014;72.126558
AVQ_BICICLETTE;regione;umbria;2014;51.1
AVQ_BICICLETTE;regione;valle-d-aosta;2014;57.1
AVQ_BICICLETTE;regione;veneto;2014;82.7
AVQ_BICICLETTE;regione;abruzzo;2015;50.6
AVQ_BICICLETTE;regione;basilicata;2015;32.4
AVQ_BICICLETTE;regione;calabria;2015;31.5
AVQ_BICICLETTE;regione;campania;2015;37.0
AVQ_BICICLETTE;regione;emilia-romagna;2015;78.3
AVQ_BICICLETTE;regione;friuli-venezia-giulia;2015;69.2
AVQ_BICICLETTE;regione;lazio;2015;37.9
AVQ_BICICLETTE;regione;liguria;2015;35.1
AVQ_BICICLETTE;regione;lombardia;2015;70.5
AVQ_BICICLETTE;regione;marche;2015;60.3
AVQ_BICICLETTE;regione;molise;2015;41.8
AVQ_BICICLETTE;regione;piemonte;2015;63.7
AVQ_BICICLETTE;regione;puglia;2015;49.9
AVQ_BICICLETTE;regione;sardegna;2015;37.1
AVQ_BICICLETTE;regione;sicilia;2015;29.7
AVQ_BICICLETTE;regione;toscana;2015;60.5
AVQ_BICICLETTE;regione;trentino-alto-adige;2015;72.227327
AVQ_BICICLETTE;regione;umbria;2015;53.4
AVQ_BICICLETTE;regione;valle-d-aosta;2015;51.4
AVQ_BICICLETTE;regione;veneto;2015;80.8
AVQ_BICICLETTE;regione;abruzzo;2016;52.2
AVQ_BICICLETTE;regione;basilicata;2016;35.5
AVQ_BICICLETTE;regione;calabria;2016;28.2
AVQ_BICICLETTE;regione;campania;2016;37.6
AVQ_BICICLETTE;regione;emilia-romagna;2016;78.2
AVQ_BICICLETTE;regione;friuli-venezia-giulia;2016;72.2
AVQ_BICICLETTE;regione;lazio;2016;38.6
AVQ_BICICLETTE;regione;liguria;2016;34.3
AVQ_BICICLETTE;regione;lombardia;2016;69.5
AVQ_BICICLETTE;regione;marche;2016;59.8
AVQ_BICICLETTE;regione;molise;2016;40.9
AVQ_BICICLETTE;regione;piemonte;2016;65.3
AVQ_BICICLETTE;regione;puglia;2016;46.0
AVQ_BICICLETTE;regione;sardegna;2016;40.0
AVQ_BICICLETTE;regione;sicilia;2016;29.8
AVQ_BICICLETTE;regione;toscana;2016;60.1
AVQ_BICICLETTE;regione;trentino-alto-adige;2016;77.035013
AVQ_BICICLETTE;regione;umbria;2016;50.2
AVQ_BICICLETTE;regione;valle-d-aosta;2016;53.9
AVQ_BICICLETTE;regione;veneto;2016;81.4
AVQ_BICICLETTE;regione;abruzzo;2017;53.3
AVQ_BICICLETTE;regione;basilicata;2017;38.1
AVQ_BICICLETTE;regione;calabria;2017;31.5
AVQ_BICICLETTE;regione;campania;2017;33.4
AVQ_BICICLETTE;regione;emilia-romagna;2017;75.0
AVQ_BICICLETTE;regione;friuli-venezia-giulia;2017;74.9
AVQ_BICICLETTE;regione;lazio;2017;41.1
AVQ_BICICLETTE;regione;liguria;2017;32.8
AVQ_BICICLETTE;regione;lombardia;2017;67.9
AVQ_BICICLETTE;regione;marche;2017;57.2
AVQ_BICICLETTE;regione;molise;2017;39.1
AVQ_BICICLETTE;regione;piemonte;2017;57.7
AVQ_BICICLETTE;regione;puglia;2017;49.5
AVQ_BICICLETTE;regione;sardegna;2017;36.8
AVQ_BICICLETTE;regione;sicilia;2017;28.8
AVQ_BICICLETTE;regione;toscana;2017;58.6
AVQ_BICICLETTE;regione;trentino-alto-adige;2017;74.113492
AVQ_BICICLETTE;regione;umbria;2017;50.9
AVQ_BICICLETTE;regione;valle-d-aosta;2017;46.0
AVQ_BICICLETTE;regione;veneto;2017;78.5
AVQ_BICICLETTE;regione;abruzzo;2018;52.6
AVQ_BICICLETTE;regione;basilicata;2018;36.2
AVQ_BICICLETTE;regione;calabria;2018;30.0
AVQ_BICICLETTE;regione;campania;2018;35.9
AVQ_BICICLETTE;regione;emilia-romagna;2018;77.8
AVQ_BICICLETTE;regione;friuli-venezia-giulia;2018;72.2
AVQ_BICICLETTE;regione;lazio;2018;37.6
AVQ_BICICLETTE;regione;liguria;2018;37.0
AVQ_BICICLETTE;regione;lombardia;2018;67.9
AVQ_BICICLETTE;regione;marche;2018;59.3
AVQ_BICICLETTE;regione;molise;2018;39.2
AVQ_BICICLETTE;regione;piemonte;2018;61.4
AVQ_BICICLETTE;regione;puglia;2018;51.3
AVQ_BICICLETTE;regione;sardegna;2018;41.7
AVQ_BICICLETTE;regione;sicilia;2018;32.9
AVQ_BICICLETTE;regione;toscana;2018;59.1
AVQ_BICICLETTE;regione;trentino-alto-adige;2018;71.915029
AVQ_BICICLETTE;regione;umbria;2018;50.9
AVQ_BICICLETTE;regione;valle-d-aosta;2018;50.0
AVQ_BICICLETTE;regione;veneto;2018;76.7
AVQ_BICICLETTE;regione;abruzzo;2019;50.3
AVQ_BICICLETTE;regione;basilicata;2019;29.9
AVQ_BICICLETTE;regione;calabria;2019;30.4
AVQ_BICICLETTE;regione;campania;2019;32.4
AVQ_BICICLETTE;regione;emilia-romagna;2019;74.8
AVQ_BICICLETTE;regione;friuli-venezia-giulia;2019;71.2
AVQ_BICICLETTE;regione;lazio;2019;35.4
AVQ_BICICLETTE;regione;liguria;2019;31.5
AVQ_BICICLETTE;regione;lombardia;2019;63.3
AVQ_BICICLETTE;regione;marche;2019;59.7
AVQ_BICICLETTE;regione;molise;2019;34.4
AVQ_BICICLETTE;regione;piemonte;2019;57.0
AVQ_BICICLETTE;regione;puglia;2019;47.9
AVQ_BICICLETTE;regione;sardegna;2019;38.7
AVQ_BICICLETTE;regione;sicilia;2019;28.5
AVQ_BICICLETTE;regione;toscana;2019;57.5
AVQ_BICICLETTE;regione;trentino-alto-adige;2019;70.876942
AVQ_BICICLETTE;regione;umbria;2019;44.9
AVQ_BICICLETTE;regione;valle-d-aosta;2019;50.0
AVQ_BICICLETTE;regione;veneto;2019;77.6
AVQ_BICICLETTE;regione;abruzzo;2020;52.4
AVQ_BICICLETTE;regione;basilicata;2020;34.0
AVQ_BICICLETTE;regione;calabria;2020;28.4
AVQ_BICICLETTE;regione;campania;2020;33.5
AVQ_BICICLETTE;regione;emilia-romagna;2020;77.9
AVQ_BICICLETTE;regione;friuli-venezia-giulia;2020;69.3
AVQ_BICICLETTE;regione;lazio;2020;34.7
AVQ_BICICLETTE;regione;liguria;2020;33.7
AVQ_BICICLETTE;regione;lombardia;2020;66.9
AVQ_BICICLETTE;regione;marche;2020;52.5
AVQ_BICICLETTE;regione;molise;2020;37.8
AVQ_BICICLETTE;regione;piemonte;2020;57.6
AVQ_BICICLETTE;regione;puglia;2020;49.4
AVQ_BICICLETTE;regione;sardegna;2020;33.8
AVQ_BICICLETTE;regione;sicilia;2020;30.6
AVQ_BICICLETTE;regione;toscana;2020;59.7
AVQ_BICICLETTE;regione;trentino-alto-adige;2020;73.272331
AVQ_BICICLETTE;regione;umbria;2020;49.0
AVQ_BICICLETTE;regione;valle-d-aosta;2020;51.6
AVQ_BICICLETTE;regione;veneto;2020;79.0
AVQ_BICICLETTE;regione;abruzzo;2021;54.0
AVQ_BICICLETTE;regione;basilicata;2021;30.0
AVQ_BICICLETTE;regione;calabria;2021;26.9
AVQ_BICICLETTE;regione;campania;2021;33.6
AVQ_BICICLETTE;regione;emilia-romagna;2021;74.2
AVQ_BICICLETTE;regione;friuli-venezia-giulia;2021;72.1
AVQ_BICICLETTE;regione;lazio;2021;34.0
AVQ_BICICLETTE;regione;liguria;2021;32.4
AVQ_BICICLETTE;regione;lombardia;2021;69.4
AVQ_BICICLETTE;regione;marche;2021;56.5
AVQ_BICICLETTE;regione;molise;2021;36.7
AVQ_BICICLETTE;regione;piemonte;2021;60.3
AVQ_BICICLETTE;regione;puglia;2021;52.2
AVQ_BICICLETTE;regione;sardegna;2021;39.9
AVQ_BICICLETTE;regione;sicilia;2021;30.2
AVQ_BICICLETTE;regione;toscana;2021;56.0
AVQ_BICICLETTE;regione;trentino-alto-adige;2021;71.853885
AVQ_BICICLETTE;regione;umbria;2021;50.7
AVQ_BICICLETTE;regione;valle-d-aosta;2021;52.0
AVQ_BICICLETTE;regione;veneto;2021;80.1
AVQ_BICICLETTE;regione;abruzzo;2022;52.0
AVQ_BICICLETTE;regione;basilicata;2022;28.5
AVQ_BICICLETTE;regione;calabria;2022;24.8
AVQ_BICICLETTE;regione;campania;2022;32.2
AVQ_BICICLETTE;regione;emilia-romagna;2022;76.1
AVQ_BICICLETTE;regione;friuli-venezia-giulia;2022;70.2
AVQ_BICICLETTE;regione;lazio;2022;36.3
AVQ_BICICLETTE;regione;liguria;2022;34.4
AVQ_BICICLETTE;regione;lombardia;2022;65.2
AVQ_BICICLETTE;regione;marche;2022;57.8
AVQ_BICICLETTE;regione;molise;2022;35.4
AVQ_BICICLETTE;regione;piemonte;2022;60.8
AVQ_BICICLETTE;regione;puglia;2022;41.4
AVQ_BICICLETTE;regione;sardegna;2022;34.2
AVQ_BICICLETTE;regione;sicilia;2022;25.8
AVQ_BICICLETTE;regione;toscana;2022;54.7
AVQ_BICICLETTE;regione;trentino-alto-adige;2022;67.660033
AVQ_BICICLETTE;regione;umbria;2022;53.3
AVQ_BICICLETTE;regione;valle-d-aosta;2022;50.6
AVQ_BICICLETTE;regione;veneto;2022;77.2
AVQ_BICICLETTE;regione;abruzzo;2023;53.8
AVQ_BICICLETTE;regione;basilicata;2023;29.2
AVQ_BICICLETTE;regione;calabria;2023;23.8
AVQ_BICICLETTE;regione;campania;2023;29.9
AVQ_BICICLETTE;regione;emilia-romagna;2023;74.2
AVQ_BICICLETTE;regione;friuli-venezia-giulia;2023;72.0
AVQ_BICICLETTE;regione;lazio;2023;36.0
AVQ_BICICLETTE;regione;liguria;2023;31.3
AVQ_BICICLETTE;regione;lombardia;2023;63.7
AVQ_BICICLETTE;regione;marche;2023;52.0
AVQ_BICICLETTE;regione;molise;2023;35.9
AVQ_BICICLETTE;regione;piemonte;2023;59.0
AVQ_BICICLETTE;regione;puglia;2023;42.5
AVQ_BICICLETTE;regione;sardegna;2023;38.1
AVQ_BICICLETTE;regione;sicilia;2023;25.3
AVQ_BICICLETTE;regione;toscana;2023;53.1
AVQ_BICICLETTE;regione;trentino-alto-adige;2023;69.861571
AVQ_BICICLETTE;regione;umbria;2023;50.9
AVQ_BICICLETTE;regione;valle-d-aosta;2023;45.8
AVQ_BICICLETTE;regione;veneto;2023;75.1
AVQ_BICICLETTE;regione;abruzzo;2024;48.0
AVQ_BICICLETTE;regione;basilicata;2024;26.6
AVQ_BICICLETTE;regione;calabria;2024;24.8
AVQ_BICICLETTE;regione;campania;2024;30.3
AVQ_BICICLETTE;regione;emilia-romagna;2024;72.2
AVQ_BICICLETTE;regione;friuli-venezia-giulia;2024;70.2
AVQ_BICICLETTE;regione;lazio;2024;37.2
AVQ_BICICLETTE;regione;liguria;2024;31.7
AVQ_BICICLETTE;regione;lombardia;2024;67.2
AVQ_BICICLETTE;regione;marche;2024;53.9
AVQ_BICICLETTE;regione;molise;2024;33.7
AVQ_BICICLETTE;regione;piemonte;2024;59.7
AVQ_BICICLETTE;regione;puglia;2024;44.6
AVQ_BICICLETTE;regione;sardegna;2024;35.6
AVQ_BICICLETTE;regione;sicilia;2024;23.7
AVQ_BICICLETTE;regione;toscana;2024;55.2
AVQ_BICICLETTE;regione;trentino-alto-adige;2024;70.210418
AVQ_BICICLETTE;regione;umbria;2024;42.8
AVQ_BICICLETTE;regione;valle-d-aosta;2024;46.3
AVQ_BICICLETTE;regione;veneto;2024;75.5
AVQ_BICICLETTE;regione;abruzzo;2025;46.8
AVQ_BICICLETTE;regione;basilicata;2025;32.1
AVQ_BICICLETTE;regione;calabria;2025;23.9
AVQ_BICICLETTE;regione;campania;2025;28.5
AVQ_BICICLETTE;regione;emilia-romagna;2025;70.0
AVQ_BICICLETTE;regione;friuli-venezia-giulia;2025;63.2
AVQ_BICICLETTE;regione;lazio;2025;32.7
AVQ_BICICLETTE;regione;liguria;2025;33.9
AVQ_BICICLETTE;regione;lombardia;2025;64.8
AVQ_BICICLETTE;regione;marche;2025;51.5
AVQ_BICICLETTE;regione;molise;2025;34.6
AVQ_BICICLETTE;regione;piemonte;2025;56.6
AVQ_BICICLETTE;regione;puglia;2025;41.7
AVQ_BICICLETTE;regione;sardegna;2025;34.1
AVQ_BICICLETTE;regione;sicilia;2025;26.4
AVQ_BICICLETTE;regione;toscana;2025;50.5
AVQ_BICICLETTE;regione;trentino-alto-adige;2025;66.566951
AVQ_BICICLETTE;regione;umbria;2025;45.9
AVQ_BICICLETTE;regione;valle-d-aosta;2025;47.9
AVQ_BICICLETTE;regione;veneto;2025;76.2
AVQ_LAVASTOVIGLIE;regione;abruzzo;2001;38.0
AVQ_LAVASTOVIGLIE;regione;basilicata;2001;27.3
AVQ_LAVASTOVIGLIE;regione;calabria;2001;25.5
AVQ_LAVASTOVIGLIE;regione;campania;2001;16.8
AVQ_LAVASTOVIGLIE;regione;emilia-romagna;2001;41.7
AVQ_LAVASTOVIGLIE;regione;friuli-venezia-giulia;2001;37.8
AVQ_LAVASTOVIGLIE;regione;lazio;2001;31.4
AVQ_LAVASTOVIGLIE;regione;liguria;2001;31.3
AVQ_LAVASTOVIGLIE;regione;lombardia;2001;42.0
AVQ_LAVASTOVIGLIE;regione;marche;2001;39.6
AVQ_LAVASTOVIGLIE;regione;molise;2001;27.1
AVQ_LAVASTOVIGLIE;regione;piemonte;2001;31.6
AVQ_LAVASTOVIGLIE;regione;puglia;2001;19.2
AVQ_LAVASTOVIGLIE;regione;sardegna;2001;20.9
AVQ_LAVASTOVIGLIE;regione;sicilia;2001;16.5
AVQ_LAVASTOVIGLIE;regione;toscana;2001;51.1
AVQ_LAVASTOVIGLIE;regione;trentino-alto-adige;2001;45.495388
AVQ_LAVASTOVIGLIE;regione;umbria;2001;37.8
AVQ_LAVASTOVIGLIE;regione;valle-d-aosta;2001;33.6
AVQ_LAVASTOVIGLIE;regione;veneto;2001;42.9
AVQ_LAVASTOVIGLIE;regione;abruzzo;2002;33.5
AVQ_LAVASTOVIGLIE;regione;basilicata;2002;29.0
AVQ_LAVASTOVIGLIE;regione;calabria;2002;26.8
AVQ_LAVASTOVIGLIE;regione;campania;2002;18.4
AVQ_LAVASTOVIGLIE;regione;emilia-romagna;2002;41.9
AVQ_LAVASTOVIGLIE;regione;friuli-venezia-giulia;2002;38.9
AVQ_LAVASTOVIGLIE;regione;lazio;2002;33.6
AVQ_LAVASTOVIGLIE;regione;liguria;2002;33.5
AVQ_LAVASTOVIGLIE;regione;lombardia;2002;40.0
AVQ_LAVASTOVIGLIE;regione;marche;2002;39.3
AVQ_LAVASTOVIGLIE;regione;molise;2002;27.4
AVQ_LAVASTOVIGLIE;regione;piemonte;2002;33.5
AVQ_LAVASTOVIGLIE;regione;puglia;2002;23.5
AVQ_LAVASTOVIGLIE;regione;sardegna;2002;20.9
AVQ_LAVASTOVIGLIE;regione;sicilia;2002;16.8
AVQ_LAVASTOVIGLIE;regione;toscana;2002;49.2
AVQ_LAVASTOVIGLIE;regione;trentino-alto-adige;2002;47.931938
AVQ_LAVASTOVIGLIE;regione;umbria;2002;37.0
AVQ_LAVASTOVIGLIE;regione;valle-d-aosta;2002;36.0
AVQ_LAVASTOVIGLIE;regione;veneto;2002;46.1
AVQ_LAVASTOVIGLIE;regione;abruzzo;2003;34.0
AVQ_LAVASTOVIGLIE;regione;basilicata;2003;28.9
AVQ_LAVASTOVIGLIE;regione;calabria;2003;22.0
AVQ_LAVASTOVIGLIE;regione;campania;2003;21.0
AVQ_LAVASTOVIGLIE;regione;emilia-romagna;2003;43.6
AVQ_LAVASTOVIGLIE;regione;friuli-venezia-giulia;2003;37.9
AVQ_LAVASTOVIGLIE;regione;lazio;2003;32.1
AVQ_LAVASTOVIGLIE;regione;liguria;2003;34.7
AVQ_LAVASTOVIGLIE;regione;lombardia;2003;45.2
AVQ_LAVASTOVIGLIE;regione;marche;2003;45.4
AVQ_LAVASTOVIGLIE;regione;molise;2003;27.3
AVQ_LAVASTOVIGLIE;regione;piemonte;2003;36.2
AVQ_LAVASTOVIGLIE;regione;puglia;2003;21.9
AVQ_LAVASTOVIGLIE;regione;sardegna;2003;15.9
AVQ_LAVASTOVIGLIE;regione;sicilia;2003;14.5
AVQ_LAVASTOVIGLIE;regione;toscana;2003;48.8
AVQ_LAVASTOVIGLIE;regione;trentino-alto-adige;2003;45.038087
AVQ_LAVASTOVIGLIE;regione;umbria;2003;43.8
AVQ_LAVASTOVIGLIE;regione;valle-d-aosta;2003;36.9
AVQ_LAVASTOVIGLIE;regione;veneto;2003;48.3
AVQ_LAVASTOVIGLIE;regione;abruzzo;2005;39.6
AVQ_LAVASTOVIGLIE;regione;basilicata;2005;32.3
AVQ_LAVASTOVIGLIE;regione;calabria;2005;28.7
AVQ_LAVASTOVIGLIE;regione;campania;2005;23.0
AVQ_LAVASTOVIGLIE;regione;emilia-romagna;2005;45.5
AVQ_LAVASTOVIGLIE;regione;friuli-venezia-giulia;2005;43.4
AVQ_LAVASTOVIGLIE;regione;lazio;2005;38.5
AVQ_LAVASTOVIGLIE;regione;liguria;2005;35.8
AVQ_LAVASTOVIGLIE;regione;lombardia;2005;46.8
AVQ_LAVASTOVIGLIE;regione;marche;2005;41.5
AVQ_LAVASTOVIGLIE;regione;molise;2005;29.2
AVQ_LAVASTOVIGLIE;regione;piemonte;2005;39.9
AVQ_LAVASTOVIGLIE;regione;puglia;2005;23.6
AVQ_LAVASTOVIGLIE;regione;sardegna;2005;18.2
AVQ_LAVASTOVIGLIE;regione;sicilia;2005;16.9
AVQ_LAVASTOVIGLIE;regione;toscana;2005;52.5
AVQ_LAVASTOVIGLIE;regione;trentino-alto-adige;2005;48.196926
AVQ_LAVASTOVIGLIE;regione;umbria;2005;42.7
AVQ_LAVASTOVIGLIE;regione;valle-d-aosta;2005;42.5
AVQ_LAVASTOVIGLIE;regione;veneto;2005;47.7
AVQ_LAVASTOVIGLIE;regione;abruzzo;2006;40.2
AVQ_LAVASTOVIGLIE;regione;basilicata;2006;32.7
AVQ_LAVASTOVIGLIE;regione;calabria;2006;25.7
AVQ_LAVASTOVIGLIE;regione;campania;2006;18.7
AVQ_LAVASTOVIGLIE;regione;emilia-romagna;2006;44.8
AVQ_LAVASTOVIGLIE;regione;friuli-venezia-giulia;2006;41.2
AVQ_LAVASTOVIGLIE;regione;lazio;2006;33.7
AVQ_LAVASTOVIGLIE;regione;liguria;2006;35.2
AVQ_LAVASTOVIGLIE;regione;lombardia;2006;48.0
AVQ_LAVASTOVIGLIE;regione;marche;2006;47.6
AVQ_LAVASTOVIGLIE;regione;molise;2006;28.4
AVQ_LAVASTOVIGLIE;regione;piemonte;2006;39.0
AVQ_LAVASTOVIGLIE;regione;puglia;2006;25.7
AVQ_LAVASTOVIGLIE;regione;sardegna;2006;21.4
AVQ_LAVASTOVIGLIE;regione;sicilia;2006;16.8
AVQ_LAVASTOVIGLIE;regione;toscana;2006;53.9
AVQ_LAVASTOVIGLIE;regione;trentino-alto-adige;2006;51.578479
AVQ_LAVASTOVIGLIE;regione;umbria;2006;42.1
AVQ_LAVASTOVIGLIE;regione;valle-d-aosta;2006;36.2
AVQ_LAVASTOVIGLIE;regione;veneto;2006;50.0
AVQ_LAVASTOVIGLIE;regione;abruzzo;2007;35.6
AVQ_LAVASTOVIGLIE;regione;basilicata;2007;33.2
AVQ_LAVASTOVIGLIE;regione;calabria;2007;26.5
AVQ_LAVASTOVIGLIE;regione;campania;2007;23.0
AVQ_LAVASTOVIGLIE;regione;emilia-romagna;2007;46.6
AVQ_LAVASTOVIGLIE;regione;friuli-venezia-giulia;2007;49.0
AVQ_LAVASTOVIGLIE;regione;lazio;2007;38.6
AVQ_LAVASTOVIGLIE;regione;liguria;2007;36.8
AVQ_LAVASTOVIGLIE;regione;lombardia;2007;50.2
AVQ_LAVASTOVIGLIE;regione;marche;2007;43.4
AVQ_LAVASTOVIGLIE;regione;molise;2007;29.3
AVQ_LAVASTOVIGLIE;regione;piemonte;2007;40.9
AVQ_LAVASTOVIGLIE;regione;puglia;2007;23.3
AVQ_LAVASTOVIGLIE;regione;sardegna;2007;23.9
AVQ_LAVASTOVIGLIE;regione;sicilia;2007;20.0
AVQ_LAVASTOVIGLIE;regione;toscana;2007;52.6
AVQ_LAVASTOVIGLIE;regione;trentino-alto-adige;2007;54.135781
AVQ_LAVASTOVIGLIE;regione;umbria;2007;46.0
AVQ_LAVASTOVIGLIE;regione;valle-d-aosta;2007;46.1
AVQ_LAVASTOVIGLIE;regione;veneto;2007;50.0
AVQ_LAVASTOVIGLIE;regione;abruzzo;2008;40.2
AVQ_LAVASTOVIGLIE;regione;basilicata;2008;31.9
AVQ_LAVASTOVIGLIE;regione;calabria;2008;31.8
AVQ_LAVASTOVIGLIE;regione;campania;2008;22.9
AVQ_LAVASTOVIGLIE;regione;emilia-romagna;2008;48.5
AVQ_LAVASTOVIGLIE;regione;friuli-venezia-giulia;2008;45.2
AVQ_LAVASTOVIGLIE;regione;lazio;2008;37.6
AVQ_LAVASTOVIGLIE;regione;liguria;2008;38.7
AVQ_LAVASTOVIGLIE;regione;lombardia;2008;51.4
AVQ_LAVASTOVIGLIE;regione;marche;2008;48.0
AVQ_LAVASTOVIGLIE;regione;molise;2008;39.6
AVQ_LAVASTOVIGLIE;regione;piemonte;2008;41.0
AVQ_LAVASTOVIGLIE;regione;puglia;2008;22.2
AVQ_LAVASTOVIGLIE;regione;sardegna;2008;22.9
AVQ_LAVASTOVIGLIE;regione;sicilia;2008;18.0
AVQ_LAVASTOVIGLIE;regione;toscana;2008;53.3
AVQ_LAVASTOVIGLIE;regione;trentino-alto-adige;2008;56.356959
AVQ_LAVASTOVIGLIE;regione;umbria;2008;47.2
AVQ_LAVASTOVIGLIE;regione;valle-d-aosta;2008;42.4
AVQ_LAVASTOVIGLIE;regione;veneto;2008;53.2
AVQ_LAVASTOVIGLIE;regione;abruzzo;2009;44.4
AVQ_LAVASTOVIGLIE;regione;basilicata;2009;35.6
AVQ_LAVASTOVIGLIE;regione;calabria;2009;31.9
AVQ_LAVASTOVIGLIE;regione;campania;2009;28.9
AVQ_LAVASTOVIGLIE;regione;emilia-romagna;2009;49.9
AVQ_LAVASTOVIGLIE;regione;friuli-venezia-giulia;2009;46.3
AVQ_LAVASTOVIGLIE;regione;lazio;2009;43.5
AVQ_LAVASTOVIGLIE;regione;liguria;2009;38.7
AVQ_LAVASTOVIGLIE;regione;lombardia;2009;50.5
AVQ_LAVASTOVIGLIE;regione;marche;2009;50.9
AVQ_LAVASTOVIGLIE;regione;molise;2009;35.4
AVQ_LAVASTOVIGLIE;regione;piemonte;2009;42.1
AVQ_LAVASTOVIGLIE;regione;puglia;2009;26.8
AVQ_LAVASTOVIGLIE;regione;sardegna;2009;26.1
AVQ_LAVASTOVIGLIE;regione;sicilia;2009;20.7
AVQ_LAVASTOVIGLIE;regione;toscana;2009;59.8
AVQ_LAVASTOVIGLIE;regione;trentino-alto-adige;2009;54.582322
AVQ_LAVASTOVIGLIE;regione;umbria;2009;51.2
AVQ_LAVASTOVIGLIE;regione;valle-d-aosta;2009;46.2
AVQ_LAVASTOVIGLIE;regione;veneto;2009;51.9
AVQ_LAVASTOVIGLIE;regione;abruzzo;2010;48.1
AVQ_LAVASTOVIGLIE;regione;basilicata;2010;35.3
AVQ_LAVASTOVIGLIE;regione;calabria;2010;36.8
AVQ_LAVASTOVIGLIE;regione;campania;2010;24.9
AVQ_LAVASTOVIGLIE;regione;emilia-romagna;2010;51.3
AVQ_LAVASTOVIGLIE;regione;friuli-venezia-giulia;2010;47.2
AVQ_LAVASTOVIGLIE;regione;lazio;2010;40.2
AVQ_LAVASTOVIGLIE;regione;liguria;2010;44.5
AVQ_LAVASTOVIGLIE;regione;lombardia;2010;53.2
AVQ_LAVASTOVIGLIE;regione;marche;2010;51.1
AVQ_LAVASTOVIGLIE;regione;molise;2010;41.5
AVQ_LAVASTOVIGLIE;regione;piemonte;2010;45.5
AVQ_LAVASTOVIGLIE;regione;puglia;2010;29.5
AVQ_LAVASTOVIGLIE;regione;sardegna;2010;28.7
AVQ_LAVASTOVIGLIE;regione;sicilia;2010;24.8
AVQ_LAVASTOVIGLIE;regione;toscana;2010;58.2
AVQ_LAVASTOVIGLIE;regione;trentino-alto-adige;2010;55.101537
AVQ_LAVASTOVIGLIE;regione;umbria;2010;52.3
AVQ_LAVASTOVIGLIE;regione;valle-d-aosta;2010;46.5
AVQ_LAVASTOVIGLIE;regione;veneto;2010;56.4
AVQ_LAVASTOVIGLIE;regione;abruzzo;2011;52.9
AVQ_LAVASTOVIGLIE;regione;basilicata;2011;34.6
AVQ_LAVASTOVIGLIE;regione;calabria;2011;32.3
AVQ_LAVASTOVIGLIE;regione;campania;2011;26.0
AVQ_LAVASTOVIGLIE;regione;emilia-romagna;2011;56.2
AVQ_LAVASTOVIGLIE;regione;friuli-venezia-giulia;2011;49.1
AVQ_LAVASTOVIGLIE;regione;lazio;2011;41.2
AVQ_LAVASTOVIGLIE;regione;liguria;2011;43.0
AVQ_LAVASTOVIGLIE;regione;lombardia;2011;55.1
AVQ_LAVASTOVIGLIE;regione;marche;2011;55.6
AVQ_LAVASTOVIGLIE;regione;molise;2011;43.8
AVQ_LAVASTOVIGLIE;regione;piemonte;2011;44.9
AVQ_LAVASTOVIGLIE;regione;puglia;2011;28.5
AVQ_LAVASTOVIGLIE;regione;sardegna;2011;28.1
AVQ_LAVASTOVIGLIE;regione;sicilia;2011;23.8
AVQ_LAVASTOVIGLIE;regione;toscana;2011;59.8
AVQ_LAVASTOVIGLIE;regione;trentino-alto-adige;2011;57.551921
AVQ_LAVASTOVIGLIE;regione;umbria;2011;50.2
AVQ_LAVASTOVIGLIE;regione;valle-d-aosta;2011;50.9
AVQ_LAVASTOVIGLIE;regione;veneto;2011;55.5
AVQ_LAVASTOVIGLIE;regione;abruzzo;2012;51.9
AVQ_LAVASTOVIGLIE;regione;basilicata;2012;34.2
AVQ_LAVASTOVIGLIE;regione;calabria;2012;36.7
AVQ_LAVASTOVIGLIE;regione;campania;2012;25.9
AVQ_LAVASTOVIGLIE;regione;emilia-romagna;2012;51.3
AVQ_LAVASTOVIGLIE;regione;friuli-venezia-giulia;2012;49.8
AVQ_LAVASTOVIGLIE;regione;lazio;2012;45.1
AVQ_LAVASTOVIGLIE;regione;liguria;2012;45.1
AVQ_LAVASTOVIGLIE;regione;lombardia;2012;54.3
AVQ_LAVASTOVIGLIE;regione;marche;2012;54.6
AVQ_LAVASTOVIGLIE;regione;molise;2012;41.7
AVQ_LAVASTOVIGLIE;regione;piemonte;2012;45.0
AVQ_LAVASTOVIGLIE;regione;puglia;2012;29.0
AVQ_LAVASTOVIGLIE;regione;sardegna;2012;30.4
AVQ_LAVASTOVIGLIE;regione;sicilia;2012;22.8
AVQ_LAVASTOVIGLIE;regione;toscana;2012;59.3
AVQ_LAVASTOVIGLIE;regione;trentino-alto-adige;2012;55.377711
AVQ_LAVASTOVIGLIE;regione;umbria;2012;50.1
AVQ_LAVASTOVIGLIE;regione;valle-d-aosta;2012;47.6
AVQ_LAVASTOVIGLIE;regione;veneto;2012;56.4
AVQ_LAVASTOVIGLIE;regione;abruzzo;2013;50.7
AVQ_LAVASTOVIGLIE;regione;basilicata;2013;43.4
AVQ_LAVASTOVIGLIE;regione;calabria;2013;33.4
AVQ_LAVASTOVIGLIE;regione;campania;2013;26.3
AVQ_LAVASTOVIGLIE;regione;emilia-romagna;2013;57.4
AVQ_LAVASTOVIGLIE;regione;friuli-venezia-giulia;2013;50.2
AVQ_LAVASTOVIGLIE;regione;lazio;2013;44.2
AVQ_LAVASTOVIGLIE;regione;liguria;2013;45.6
AVQ_LAVASTOVIGLIE;regione;lombardia;2013;56.7
AVQ_LAVASTOVIGLIE;regione;marche;2013;57.8
AVQ_LAVASTOVIGLIE;regione;molise;2013;41.6
AVQ_LAVASTOVIGLIE;regione;piemonte;2013;45.3
AVQ_LAVASTOVIGLIE;regione;puglia;2013;35.6
AVQ_LAVASTOVIGLIE;regione;sardegna;2013;30.1
AVQ_LAVASTOVIGLIE;regione;sicilia;2013;22.8
AVQ_LAVASTOVIGLIE;regione;toscana;2013;61.3
AVQ_LAVASTOVIGLIE;regione;trentino-alto-adige;2013;61.110418
AVQ_LAVASTOVIGLIE;regione;umbria;2013;53.3
AVQ_LAVASTOVIGLIE;regione;valle-d-aosta;2013;52.3
AVQ_LAVASTOVIGLIE;regione;veneto;2013;60.2
AVQ_LAVASTOVIGLIE;regione;abruzzo;2014;51.9
AVQ_LAVASTOVIGLIE;regione;basilicata;2014;38.6
AVQ_LAVASTOVIGLIE;regione;calabria;2014;34.3
AVQ_LAVASTOVIGLIE;regione;campania;2014;27.2
AVQ_LAVASTOVIGLIE;regione;emilia-romagna;2014;55.8
AVQ_LAVASTOVIGLIE;regione;friuli-venezia-giulia;2014;54.9
AVQ_LAVASTOVIGLIE;regione;lazio;2014;46.1
AVQ_LAVASTOVIGLIE;regione;liguria;2014;46.0
AVQ_LAVASTOVIGLIE;regione;lombardia;2014;54.4
AVQ_LAVASTOVIGLIE;regione;marche;2014;61.8
AVQ_LAVASTOVIGLIE;regione;molise;2014;40.1
AVQ_LAVASTOVIGLIE;regione;piemonte;2014;50.5
AVQ_LAVASTOVIGLIE;regione;puglia;2014;33.2
AVQ_LAVASTOVIGLIE;regione;sardegna;2014;34.0
AVQ_LAVASTOVIGLIE;regione;sicilia;2014;24.7
AVQ_LAVASTOVIGLIE;regione;toscana;2014;63.5
AVQ_LAVASTOVIGLIE;regione;trentino-alto-adige;2014;59.629632
AVQ_LAVASTOVIGLIE;regione;umbria;2014;56.3
AVQ_LAVASTOVIGLIE;regione;valle-d-aosta;2014;47.1
AVQ_LAVASTOVIGLIE;regione;veneto;2014;57.0
AVQ_LAVASTOVIGLIE;regione;abruzzo;2015;53.8
AVQ_LAVASTOVIGLIE;regione;basilicata;2015;44.8
AVQ_LAVASTOVIGLIE;regione;calabria;2015;37.8
AVQ_LAVASTOVIGLIE;regione;campania;2015;31.7
AVQ_LAVASTOVIGLIE;regione;emilia-romagna;2015;58.4
AVQ_LAVASTOVIGLIE;regione;friuli-venezia-giulia;2015;54.3
AVQ_LAVASTOVIGLIE;regione;lazio;2015;46.9
AVQ_LAVASTOVIGLIE;regione;liguria;2015;49.1
AVQ_LAVASTOVIGLIE;regione;lombardia;2015;57.0
AVQ_LAVASTOVIGLIE;regione;marche;2015;61.8
AVQ_LAVASTOVIGLIE;regione;molise;2015;44.2
AVQ_LAVASTOVIGLIE;regione;piemonte;2015;50.2
AVQ_LAVASTOVIGLIE;regione;puglia;2015;32.6
AVQ_LAVASTOVIGLIE;regione;sardegna;2015;32.6
AVQ_LAVASTOVIGLIE;regione;sicilia;2015;26.4
AVQ_LAVASTOVIGLIE;regione;toscana;2015;65.2
AVQ_LAVASTOVIGLIE;regione;trentino-alto-adige;2015;62.953459
AVQ_LAVASTOVIGLIE;regione;umbria;2015;58.9
AVQ_LAVASTOVIGLIE;regione;valle-d-aosta;2015;52.5
AVQ_LAVASTOVIGLIE;regione;veneto;2015;61.3
AVQ_LAVASTOVIGLIE;regione;abruzzo;2016;56.7
AVQ_LAVASTOVIGLIE;regione;basilicata;2016;44.8
AVQ_LAVASTOVIGLIE;regione;calabria;2016;37.3
AVQ_LAVASTOVIGLIE;regione;campania;2016;30.5
AVQ_LAVASTOVIGLIE;regione;emilia-romagna;2016;61.8
AVQ_LAVASTOVIGLIE;regione;friuli-venezia-giulia;2016;56.1
AVQ_LAVASTOVIGLIE;regione;lazio;2016;48.1
AVQ_LAVASTOVIGLIE;regione;liguria;2016;50.9
AVQ_LAVASTOVIGLIE;regione;lombardia;2016;56.7
AVQ_LAVASTOVIGLIE;regione;marche;2016;59.2
AVQ_LAVASTOVIGLIE;regione;molise;2016;45.3
AVQ_LAVASTOVIGLIE;regione;piemonte;2016;53.1
AVQ_LAVASTOVIGLIE;regione;puglia;2016;35.2
AVQ_LAVASTOVIGLIE;regione;sardegna;2016;36.6
AVQ_LAVASTOVIGLIE;regione;sicilia;2016;27.6
AVQ_LAVASTOVIGLIE;regione;toscana;2016;62.9
AVQ_LAVASTOVIGLIE;regione;trentino-alto-adige;2016;61.025363
AVQ_LAVASTOVIGLIE;regione;umbria;2016;52.6
AVQ_LAVASTOVIGLIE;regione;valle-d-aosta;2016;51.4
AVQ_LAVASTOVIGLIE;regione;veneto;2016;62.8
AVQ_LAVASTOVIGLIE;regione;abruzzo;2017;53.6
AVQ_LAVASTOVIGLIE;regione;basilicata;2017;47.9
AVQ_LAVASTOVIGLIE;regione;calabria;2017;37.4
AVQ_LAVASTOVIGLIE;regione;campania;2017;33.2
AVQ_LAVASTOVIGLIE;regione;emilia-romagna;2017;58.4
AVQ_LAVASTOVIGLIE;regione;friuli-venezia-giulia;2017;53.7
AVQ_LAVASTOVIGLIE;regione;lazio;2017;47.9
AVQ_LAVASTOVIGLIE;regione;liguria;2017;45.3
AVQ_LAVASTOVIGLIE;regione;lombardia;2017;56.2
AVQ_LAVASTOVIGLIE;regione;marche;2017;59.6
AVQ_LAVASTOVIGLIE;regione;molise;2017;43.5
AVQ_LAVASTOVIGLIE;regione;piemonte;2017;52.3
AVQ_LAVASTOVIGLIE;regione;puglia;2017;36.3
AVQ_LAVASTOVIGLIE;regione;sardegna;2017;36.2
AVQ_LAVASTOVIGLIE;regione;sicilia;2017;27.8
AVQ_LAVASTOVIGLIE;regione;toscana;2017;63.6
AVQ_LAVASTOVIGLIE;regione;trentino-alto-adige;2017;65.488471
AVQ_LAVASTOVIGLIE;regione;umbria;2017;56.2
AVQ_LAVASTOVIGLIE;regione;valle-d-aosta;2017;51.3
AVQ_LAVASTOVIGLIE;regione;veneto;2017;59.6
AVQ_LAVASTOVIGLIE;regione;abruzzo;2018;52.6
AVQ_LAVASTOVIGLIE;regione;basilicata;2018;47.4
AVQ_LAVASTOVIGLIE;regione;calabria;2018;42.7
AVQ_LAVASTOVIGLIE;regione;campania;2018;33.6
AVQ_LAVASTOVIGLIE;regione;emilia-romagna;2018;61.2
AVQ_LAVASTOVIGLIE;regione;friuli-venezia-giulia;2018;59.2
AVQ_LAVASTOVIGLIE;regione;lazio;2018;48.0
AVQ_LAVASTOVIGLIE;regione;liguria;2018;49.7
AVQ_LAVASTOVIGLIE;regione;lombardia;2018;60.0
AVQ_LAVASTOVIGLIE;regione;marche;2018;62.4
AVQ_LAVASTOVIGLIE;regione;molise;2018;47.8
AVQ_LAVASTOVIGLIE;regione;piemonte;2018;51.7
AVQ_LAVASTOVIGLIE;regione;puglia;2018;42.4
AVQ_LAVASTOVIGLIE;regione;sardegna;2018;34.1
AVQ_LAVASTOVIGLIE;regione;sicilia;2018;28.7
AVQ_LAVASTOVIGLIE;regione;toscana;2018;64.2
AVQ_LAVASTOVIGLIE;regione;trentino-alto-adige;2018;64.630401
AVQ_LAVASTOVIGLIE;regione;umbria;2018;58.0
AVQ_LAVASTOVIGLIE;regione;valle-d-aosta;2018;54.4
AVQ_LAVASTOVIGLIE;regione;veneto;2018;63.0
AVQ_LAVASTOVIGLIE;regione;abruzzo;2019;57.5
AVQ_LAVASTOVIGLIE;regione;basilicata;2019;46.5
AVQ_LAVASTOVIGLIE;regione;calabria;2019;41.0
AVQ_LAVASTOVIGLIE;regione;campania;2019;31.9
AVQ_LAVASTOVIGLIE;regione;emilia-romagna;2019;58.9
AVQ_LAVASTOVIGLIE;regione;friuli-venezia-giulia;2019;60.5
AVQ_LAVASTOVIGLIE;regione;lazio;2019;51.0
AVQ_LAVASTOVIGLIE;regione;liguria;2019;51.1
AVQ_LAVASTOVIGLIE;regione;lombardia;2019;61.0
AVQ_LAVASTOVIGLIE;regione;marche;2019;64.7
AVQ_LAVASTOVIGLIE;regione;molise;2019;49.9
AVQ_LAVASTOVIGLIE;regione;piemonte;2019;52.1
AVQ_LAVASTOVIGLIE;regione;puglia;2019;37.9
AVQ_LAVASTOVIGLIE;regione;sardegna;2019;36.0
AVQ_LAVASTOVIGLIE;regione;sicilia;2019;27.5
AVQ_LAVASTOVIGLIE;regione;toscana;2019;67.0
AVQ_LAVASTOVIGLIE;regione;trentino-alto-adige;2019;66.225789
AVQ_LAVASTOVIGLIE;regione;umbria;2019;57.8
AVQ_LAVASTOVIGLIE;regione;valle-d-aosta;2019;57.7
AVQ_LAVASTOVIGLIE;regione;veneto;2019;61.2
AVQ_LAVASTOVIGLIE;regione;abruzzo;2020;53.4
AVQ_LAVASTOVIGLIE;regione;basilicata;2020;47.3
AVQ_LAVASTOVIGLIE;regione;calabria;2020;42.2
AVQ_LAVASTOVIGLIE;regione;campania;2020;36.0
AVQ_LAVASTOVIGLIE;regione;emilia-romagna;2020;63.0
AVQ_LAVASTOVIGLIE;regione;friuli-venezia-giulia;2020;55.6
AVQ_LAVASTOVIGLIE;regione;lazio;2020;50.6
AVQ_LAVASTOVIGLIE;regione;liguria;2020;49.2
AVQ_LAVASTOVIGLIE;regione;lombardia;2020;63.3
AVQ_LAVASTOVIGLIE;regione;marche;2020;62.1
AVQ_LAVASTOVIGLIE;regione;molise;2020;51.6
AVQ_LAVASTOVIGLIE;regione;piemonte;2020;51.7
AVQ_LAVASTOVIGLIE;regione;puglia;2020;36.3
AVQ_LAVASTOVIGLIE;regione;sardegna;2020;37.6
AVQ_LAVASTOVIGLIE;regione;sicilia;2020;32.3
AVQ_LAVASTOVIGLIE;regione;toscana;2020;66.4
AVQ_LAVASTOVIGLIE;regione;trentino-alto-adige;2020;66.200769
AVQ_LAVASTOVIGLIE;regione;umbria;2020;56.6
AVQ_LAVASTOVIGLIE;regione;valle-d-aosta;2020;58.0
AVQ_LAVASTOVIGLIE;regione;veneto;2020;63.1
AVQ_LAVASTOVIGLIE;regione;abruzzo;2021;62.6
AVQ_LAVASTOVIGLIE;regione;basilicata;2021;48.7
AVQ_LAVASTOVIGLIE;regione;calabria;2021;44.7
AVQ_LAVASTOVIGLIE;regione;campania;2021;37.9
AVQ_LAVASTOVIGLIE;regione;emilia-romagna;2021;65.2
AVQ_LAVASTOVIGLIE;regione;friuli-venezia-giulia;2021;61.8
AVQ_LAVASTOVIGLIE;regione;lazio;2021;54.3
AVQ_LAVASTOVIGLIE;regione;liguria;2021;52.9
AVQ_LAVASTOVIGLIE;regione;lombardia;2021;64.5
AVQ_LAVASTOVIGLIE;regione;marche;2021;61.0
AVQ_LAVASTOVIGLIE;regione;molise;2021;53.0
AVQ_LAVASTOVIGLIE;regione;piemonte;2021;55.0
AVQ_LAVASTOVIGLIE;regione;puglia;2021;42.1
AVQ_LAVASTOVIGLIE;regione;sardegna;2021;43.3
AVQ_LAVASTOVIGLIE;regione;sicilia;2021;32.2
AVQ_LAVASTOVIGLIE;regione;toscana;2021;65.0
AVQ_LAVASTOVIGLIE;regione;trentino-alto-adige;2021;71.573099
AVQ_LAVASTOVIGLIE;regione;umbria;2021;62.0
AVQ_LAVASTOVIGLIE;regione;valle-d-aosta;2021;57.9
AVQ_LAVASTOVIGLIE;regione;veneto;2021;67.2
AVQ_LAVASTOVIGLIE;regione;abruzzo;2022;62.4
AVQ_LAVASTOVIGLIE;regione;basilicata;2022;48.6
AVQ_LAVASTOVIGLIE;regione;calabria;2022;44.0
AVQ_LAVASTOVIGLIE;regione;campania;2022;41.2
AVQ_LAVASTOVIGLIE;regione;emilia-romagna;2022;62.1
AVQ_LAVASTOVIGLIE;regione;friuli-venezia-giulia;2022;60.1
AVQ_LAVASTOVIGLIE;regione;lazio;2022;58.0
AVQ_LAVASTOVIGLIE;regione;liguria;2022;51.8
AVQ_LAVASTOVIGLIE;regione;lombardia;2022;66.5
AVQ_LAVASTOVIGLIE;regione;marche;2022;65.2
AVQ_LAVASTOVIGLIE;regione;molise;2022;50.7
AVQ_LAVASTOVIGLIE;regione;piemonte;2022;56.0
AVQ_LAVASTOVIGLIE;regione;puglia;2022;44.0
AVQ_LAVASTOVIGLIE;regione;sardegna;2022;42.5
AVQ_LAVASTOVIGLIE;regione;sicilia;2022;30.5
AVQ_LAVASTOVIGLIE;regione;toscana;2022;69.9
AVQ_LAVASTOVIGLIE;regione;trentino-alto-adige;2022;71.925789
AVQ_LAVASTOVIGLIE;regione;umbria;2022;62.3
AVQ_LAVASTOVIGLIE;regione;valle-d-aosta;2022;62.3
AVQ_LAVASTOVIGLIE;regione;veneto;2022;65.7
AVQ_LAVASTOVIGLIE;regione;abruzzo;2023;61.9
AVQ_LAVASTOVIGLIE;regione;basilicata;2023;53.4
AVQ_LAVASTOVIGLIE;regione;calabria;2023;44.3
AVQ_LAVASTOVIGLIE;regione;campania;2023;38.5
AVQ_LAVASTOVIGLIE;regione;emilia-romagna;2023;64.4
AVQ_LAVASTOVIGLIE;regione;friuli-venezia-giulia;2023;60.5
AVQ_LAVASTOVIGLIE;regione;lazio;2023;53.9
AVQ_LAVASTOVIGLIE;regione;liguria;2023;52.7
AVQ_LAVASTOVIGLIE;regione;lombardia;2023;63.6
AVQ_LAVASTOVIGLIE;regione;marche;2023;65.5
AVQ_LAVASTOVIGLIE;regione;molise;2023;49.5
AVQ_LAVASTOVIGLIE;regione;piemonte;2023;60.2
AVQ_LAVASTOVIGLIE;regione;puglia;2023;46.4
AVQ_LAVASTOVIGLIE;regione;sardegna;2023;43.2
AVQ_LAVASTOVIGLIE;regione;sicilia;2023;31.8
AVQ_LAVASTOVIGLIE;regione;toscana;2023;69.8
AVQ_LAVASTOVIGLIE;regione;trentino-alto-adige;2023;72.867719
AVQ_LAVASTOVIGLIE;regione;umbria;2023;63.1
AVQ_LAVASTOVIGLIE;regione;valle-d-aosta;2023;62.6
AVQ_LAVASTOVIGLIE;regione;veneto;2023;66.4
AVQ_LAVASTOVIGLIE;regione;abruzzo;2024;59.5
AVQ_LAVASTOVIGLIE;regione;basilicata;2024;56.9
AVQ_LAVASTOVIGLIE;regione;calabria;2024;46.4
AVQ_LAVASTOVIGLIE;regione;campania;2024;41.5
AVQ_LAVASTOVIGLIE;regione;emilia-romagna;2024;63.7
AVQ_LAVASTOVIGLIE;regione;friuli-venezia-giulia;2024;61.7
AVQ_LAVASTOVIGLIE;regione;lazio;2024;53.6
AVQ_LAVASTOVIGLIE;regione;liguria;2024;55.7
AVQ_LAVASTOVIGLIE;regione;lombardia;2024;63.4
AVQ_LAVASTOVIGLIE;regione;marche;2024;63.3
AVQ_LAVASTOVIGLIE;regione;molise;2024;52.0
AVQ_LAVASTOVIGLIE;regione;piemonte;2024;58.4
AVQ_LAVASTOVIGLIE;regione;puglia;2024;44.9
AVQ_LAVASTOVIGLIE;regione;sardegna;2024;43.9
AVQ_LAVASTOVIGLIE;regione;sicilia;2024;31.1
AVQ_LAVASTOVIGLIE;regione;toscana;2024;66.9
AVQ_LAVASTOVIGLIE;regione;trentino-alto-adige;2024;71.507343
AVQ_LAVASTOVIGLIE;regione;umbria;2024;64.4
AVQ_LAVASTOVIGLIE;regione;valle-d-aosta;2024;63.7
AVQ_LAVASTOVIGLIE;regione;veneto;2024;69.6
AVQ_LAVASTOVIGLIE;regione;abruzzo;2025;61.0
AVQ_LAVASTOVIGLIE;regione;basilicata;2025;59.2
AVQ_LAVASTOVIGLIE;regione;calabria;2025;49.5
AVQ_LAVASTOVIGLIE;regione;campania;2025;40.6
AVQ_LAVASTOVIGLIE;regione;emilia-romagna;2025;65.9
AVQ_LAVASTOVIGLIE;regione;friuli-venezia-giulia;2025;60.3
AVQ_LAVASTOVIGLIE;regione;lazio;2025;59.7
AVQ_LAVASTOVIGLIE;regione;liguria;2025;55.5
AVQ_LAVASTOVIGLIE;regione;lombardia;2025;66.3
AVQ_LAVASTOVIGLIE;regione;marche;2025;65.8
AVQ_LAVASTOVIGLIE;regione;molise;2025;53.3
AVQ_LAVASTOVIGLIE;regione;piemonte;2025;61.2
AVQ_LAVASTOVIGLIE;regione;puglia;2025;50.4
AVQ_LAVASTOVIGLIE;regione;sardegna;2025;46.8
AVQ_LAVASTOVIGLIE;regione;sicilia;2025;33.8
AVQ_LAVASTOVIGLIE;regione;toscana;2025;71.2
AVQ_LAVASTOVIGLIE;regione;trentino-alto-adige;2025;72.421178
AVQ_LAVASTOVIGLIE;regione;umbria;2025;65.0
AVQ_LAVASTOVIGLIE;regione;valle-d-aosta;2025;62.0
AVQ_LAVASTOVIGLIE;regione;veneto;2025;68.2
AVQ_COLAZIONE_ADEGUATA;regione;abruzzo;2001;73.8
AVQ_COLAZIONE_ADEGUATA;regione;basilicata;2001;73.0
AVQ_COLAZIONE_ADEGUATA;regione;calabria;2001;62.2
AVQ_COLAZIONE_ADEGUATA;regione;campania;2001;66.6
AVQ_COLAZIONE_ADEGUATA;regione;emilia-romagna;2001;79.4
AVQ_COLAZIONE_ADEGUATA;regione;friuli-venezia-giulia;2001;73.7
AVQ_COLAZIONE_ADEGUATA;regione;lazio;2001;79.4
AVQ_COLAZIONE_ADEGUATA;regione;liguria;2001;81.0
AVQ_COLAZIONE_ADEGUATA;regione;lombardia;2001;78.6
AVQ_COLAZIONE_ADEGUATA;regione;marche;2001;80.0
AVQ_COLAZIONE_ADEGUATA;regione;molise;2001;70.7
AVQ_COLAZIONE_ADEGUATA;regione;piemonte;2001;74.6
AVQ_COLAZIONE_ADEGUATA;regione;puglia;2001;72.6
AVQ_COLAZIONE_ADEGUATA;regione;sardegna;2001;73.4
AVQ_COLAZIONE_ADEGUATA;regione;sicilia;2001;73.5
AVQ_COLAZIONE_ADEGUATA;regione;toscana;2001;82.2
AVQ_COLAZIONE_ADEGUATA;regione;trentino-alto-adige;2001;77.870794
AVQ_COLAZIONE_ADEGUATA;regione;umbria;2001;81.3
AVQ_COLAZIONE_ADEGUATA;regione;valle-d-aosta;2001;77.7
AVQ_COLAZIONE_ADEGUATA;regione;veneto;2001;77.8
AVQ_COLAZIONE_ADEGUATA;regione;abruzzo;2002;79.3
AVQ_COLAZIONE_ADEGUATA;regione;basilicata;2002;67.7
AVQ_COLAZIONE_ADEGUATA;regione;calabria;2002;63.7
AVQ_COLAZIONE_ADEGUATA;regione;campania;2002;71.6
AVQ_COLAZIONE_ADEGUATA;regione;emilia-romagna;2002;79.4
AVQ_COLAZIONE_ADEGUATA;regione;friuli-venezia-giulia;2002;73.3
AVQ_COLAZIONE_ADEGUATA;regione;lazio;2002;78.6
AVQ_COLAZIONE_ADEGUATA;regione;liguria;2002;78.6
AVQ_COLAZIONE_ADEGUATA;regione;lombardia;2002;77.8
AVQ_COLAZIONE_ADEGUATA;regione;marche;2002;83.9
AVQ_COLAZIONE_ADEGUATA;regione;molise;2002;70.8
AVQ_COLAZIONE_ADEGUATA;regione;piemonte;2002;77.8
AVQ_COLAZIONE_ADEGUATA;regione;puglia;2002;73.6
AVQ_COLAZIONE_ADEGUATA;regione;sardegna;2002;73.9
AVQ_COLAZIONE_ADEGUATA;regione;sicilia;2002;69.8
AVQ_COLAZIONE_ADEGUATA;regione;toscana;2002;84.5
AVQ_COLAZIONE_ADEGUATA;regione;trentino-alto-adige;2002;79.069256
AVQ_COLAZIONE_ADEGUATA;regione;umbria;2002;82.0
AVQ_COLAZIONE_ADEGUATA;regione;valle-d-aosta;2002;73.9
AVQ_COLAZIONE_ADEGUATA;regione;veneto;2002;79.6
AVQ_COLAZIONE_ADEGUATA;regione;abruzzo;2003;75.9
AVQ_COLAZIONE_ADEGUATA;regione;basilicata;2003;74.0
AVQ_COLAZIONE_ADEGUATA;regione;calabria;2003;66.4
AVQ_COLAZIONE_ADEGUATA;regione;campania;2003;70.4
AVQ_COLAZIONE_ADEGUATA;regione;emilia-romagna;2003;81.1
AVQ_COLAZIONE_ADEGUATA;regione;friuli-venezia-giulia;2003;76.3
AVQ_COLAZIONE_ADEGUATA;regione;lazio;2003;80.9
AVQ_COLAZIONE_ADEGUATA;regione;liguria;2003;81.5
AVQ_COLAZIONE_ADEGUATA;regione;lombardia;2003;80.3
AVQ_COLAZIONE_ADEGUATA;regione;marche;2003;84.1
AVQ_COLAZIONE_ADEGUATA;regione;molise;2003;73.8
AVQ_COLAZIONE_ADEGUATA;regione;piemonte;2003;76.9
AVQ_COLAZIONE_ADEGUATA;regione;puglia;2003;74.3
AVQ_COLAZIONE_ADEGUATA;regione;sardegna;2003;78.4
AVQ_COLAZIONE_ADEGUATA;regione;sicilia;2003;73.7
AVQ_COLAZIONE_ADEGUATA;regione;toscana;2003;81.4
AVQ_COLAZIONE_ADEGUATA;regione;trentino-alto-adige;2003;77.327327
AVQ_COLAZIONE_ADEGUATA;regione;umbria;2003;82.8
AVQ_COLAZIONE_ADEGUATA;regione;valle-d-aosta;2003;74.5
AVQ_COLAZIONE_ADEGUATA;regione;veneto;2003;80.4
AVQ_COLAZIONE_ADEGUATA;regione;abruzzo;2005;78.0
AVQ_COLAZIONE_ADEGUATA;regione;basilicata;2005;71.8
AVQ_COLAZIONE_ADEGUATA;regione;calabria;2005;67.4
AVQ_COLAZIONE_ADEGUATA;regione;campania;2005;70.4
AVQ_COLAZIONE_ADEGUATA;regione;emilia-romagna;2005;83.3
AVQ_COLAZIONE_ADEGUATA;regione;friuli-venezia-giulia;2005;79.3
AVQ_COLAZIONE_ADEGUATA;regione;lazio;2005;80.8
AVQ_COLAZIONE_ADEGUATA;regione;liguria;2005;82.2
AVQ_COLAZIONE_ADEGUATA;regione;lombardia;2005;79.8
AVQ_COLAZIONE_ADEGUATA;regione;marche;2005;84.3
AVQ_COLAZIONE_ADEGUATA;regione;molise;2005;73.7
AVQ_COLAZIONE_ADEGUATA;regione;piemonte;2005;77.8
AVQ_COLAZIONE_ADEGUATA;regione;puglia;2005;77.7
AVQ_COLAZIONE_ADEGUATA;regione;sardegna;2005;74.0
AVQ_COLAZIONE_ADEGUATA;regione;sicilia;2005;76.9
AVQ_COLAZIONE_ADEGUATA;regione;toscana;2005;83.5
AVQ_COLAZIONE_ADEGUATA;regione;trentino-alto-adige;2005;80.527327
AVQ_COLAZIONE_ADEGUATA;regione;umbria;2005;83.3
AVQ_COLAZIONE_ADEGUATA;regione;valle-d-aosta;2005;72.1
AVQ_COLAZIONE_ADEGUATA;regione;veneto;2005;81.9
AVQ_COLAZIONE_ADEGUATA;regione;abruzzo;2006;79.3
AVQ_COLAZIONE_ADEGUATA;regione;basilicata;2006;75.9
AVQ_COLAZIONE_ADEGUATA;regione;calabria;2006;69.3
AVQ_COLAZIONE_ADEGUATA;regione;campania;2006;70.9
AVQ_COLAZIONE_ADEGUATA;regione;emilia-romagna;2006;81.6
AVQ_COLAZIONE_ADEGUATA;regione;friuli-venezia-giulia;2006;73.3
AVQ_COLAZIONE_ADEGUATA;regione;lazio;2006;79.6
AVQ_COLAZIONE_ADEGUATA;regione;liguria;2006;83.8
AVQ_COLAZIONE_ADEGUATA;regione;lombardia;2006;79.5
AVQ_COLAZIONE_ADEGUATA;regione;marche;2006;85.6
AVQ_COLAZIONE_ADEGUATA;regione;molise;2006;75.9
AVQ_COLAZIONE_ADEGUATA;regione;piemonte;2006;76.8
AVQ_COLAZIONE_ADEGUATA;regione;puglia;2006;79.4
AVQ_COLAZIONE_ADEGUATA;regione;sardegna;2006;74.6
AVQ_COLAZIONE_ADEGUATA;regione;sicilia;2006;75.9
AVQ_COLAZIONE_ADEGUATA;regione;toscana;2006;83.8
AVQ_COLAZIONE_ADEGUATA;regione;trentino-alto-adige;2006;79.226558
AVQ_COLAZIONE_ADEGUATA;regione;umbria;2006;81.9
AVQ_COLAZIONE_ADEGUATA;regione;valle-d-aosta;2006;77.8
AVQ_COLAZIONE_ADEGUATA;regione;veneto;2006;80.6
AVQ_COLAZIONE_ADEGUATA;regione;abruzzo;2007;76.9
AVQ_COLAZIONE_ADEGUATA;regione;basilicata;2007;70.9
AVQ_COLAZIONE_ADEGUATA;regione;calabria;2007;68.3
AVQ_COLAZIONE_ADEGUATA;regione;campania;2007;71.6
AVQ_COLAZIONE_ADEGUATA;regione;emilia-romagna;2007;82.5
AVQ_COLAZIONE_ADEGUATA;regione;friuli-venezia-giulia;2007;73.9
AVQ_COLAZIONE_ADEGUATA;regione;lazio;2007;83.2
AVQ_COLAZIONE_ADEGUATA;regione;liguria;2007;81.9
AVQ_COLAZIONE_ADEGUATA;regione;lombardia;2007;80.3
AVQ_COLAZIONE_ADEGUATA;regione;marche;2007;82.6
AVQ_COLAZIONE_ADEGUATA;regione;molise;2007;75.0
AVQ_COLAZIONE_ADEGUATA;regione;piemonte;2007;78.3
AVQ_COLAZIONE_ADEGUATA;regione;puglia;2007;75.9
AVQ_COLAZIONE_ADEGUATA;regione;sardegna;2007;75.0
AVQ_COLAZIONE_ADEGUATA;regione;sicilia;2007;74.2
AVQ_COLAZIONE_ADEGUATA;regione;toscana;2007;85.0
AVQ_COLAZIONE_ADEGUATA;regione;trentino-alto-adige;2007;80.128095
AVQ_COLAZIONE_ADEGUATA;regione;umbria;2007;85.7
AVQ_COLAZIONE_ADEGUATA;regione;valle-d-aosta;2007;78.3
AVQ_COLAZIONE_ADEGUATA;regione;veneto;2007;82.3
AVQ_COLAZIONE_ADEGUATA;regione;abruzzo;2008;84.8
AVQ_COLAZIONE_ADEGUATA;regione;basilicata;2008;70.9
AVQ_COLAZIONE_ADEGUATA;regione;calabria;2008;72.6
AVQ_COLAZIONE_ADEGUATA;regione;campania;2008;73.1
AVQ_COLAZIONE_ADEGUATA;regione;emilia-romagna;2008;81.7
AVQ_COLAZIONE_ADEGUATA;regione;friuli-venezia-giulia;2008;78.5
AVQ_COLAZIONE_ADEGUATA;regione;lazio;2008;83.2
AVQ_COLAZIONE_ADEGUATA;regione;liguria;2008;82.5
AVQ_COLAZIONE_ADEGUATA;regione;lombardia;2008;79.0
AVQ_COLAZIONE_ADEGUATA;regione;marche;2008;86.0
AVQ_COLAZIONE_ADEGUATA;regione;molise;2008;77.3
AVQ_COLAZIONE_ADEGUATA;regione;piemonte;2008;80.1
AVQ_COLAZIONE_ADEGUATA;regione;puglia;2008;78.1
AVQ_COLAZIONE_ADEGUATA;regione;sardegna;2008;78.3
AVQ_COLAZIONE_ADEGUATA;regione;sicilia;2008;75.9
AVQ_COLAZIONE_ADEGUATA;regione;toscana;2008;83.1
AVQ_COLAZIONE_ADEGUATA;regione;trentino-alto-adige;2008;78.591546
AVQ_COLAZIONE_ADEGUATA;regione;umbria;2008;83.8
AVQ_COLAZIONE_ADEGUATA;regione;valle-d-aosta;2008;80.4
AVQ_COLAZIONE_ADEGUATA;regione;veneto;2008;79.8
AVQ_COLAZIONE_ADEGUATA;regione;abruzzo;2009;80.3
AVQ_COLAZIONE_ADEGUATA;regione;basilicata;2009;75.5
AVQ_COLAZIONE_ADEGUATA;regione;calabria;2009;74.3
AVQ_COLAZIONE_ADEGUATA;regione;campania;2009;73.9
AVQ_COLAZIONE_ADEGUATA;regione;emilia-romagna;2009;80.2
AVQ_COLAZIONE_ADEGUATA;regione;friuli-venezia-giulia;2009;78.6
AVQ_COLAZIONE_ADEGUATA;regione;lazio;2009;81.4
AVQ_COLAZIONE_ADEGUATA;regione;liguria;2009;81.0
AVQ_COLAZIONE_ADEGUATA;regione;lombardia;2009;79.2
AVQ_COLAZIONE_ADEGUATA;regione;marche;2009;83.7
AVQ_COLAZIONE_ADEGUATA;regione;molise;2009;77.2
AVQ_COLAZIONE_ADEGUATA;regione;piemonte;2009;78.0
AVQ_COLAZIONE_ADEGUATA;regione;puglia;2009;79.0
AVQ_COLAZIONE_ADEGUATA;regione;sardegna;2009;75.0
AVQ_COLAZIONE_ADEGUATA;regione;sicilia;2009;77.2
AVQ_COLAZIONE_ADEGUATA;regione;toscana;2009;86.0
AVQ_COLAZIONE_ADEGUATA;regione;trentino-alto-adige;2009;80.693851
AVQ_COLAZIONE_ADEGUATA;regione;umbria;2009;82.8
AVQ_COLAZIONE_ADEGUATA;regione;valle-d-aosta;2009;80.8
AVQ_COLAZIONE_ADEGUATA;regione;veneto;2009;78.6
AVQ_COLAZIONE_ADEGUATA;regione;abruzzo;2010;82.3
AVQ_COLAZIONE_ADEGUATA;regione;basilicata;2010;73.0
AVQ_COLAZIONE_ADEGUATA;regione;calabria;2010;73.9
AVQ_COLAZIONE_ADEGUATA;regione;campania;2010;74.6
AVQ_COLAZIONE_ADEGUATA;regione;emilia-romagna;2010;81.3
AVQ_COLAZIONE_ADEGUATA;regione;friuli-venezia-giulia;2010;80.7
AVQ_COLAZIONE_ADEGUATA;regione;lazio;2010;79.8
AVQ_COLAZIONE_ADEGUATA;regione;liguria;2010;84.5
AVQ_COLAZIONE_ADEGUATA;regione;lombardia;2010;81.2
AVQ_COLAZIONE_ADEGUATA;regione;marche;2010;85.3
AVQ_COLAZIONE_ADEGUATA;regione;molise;2010;74.9
AVQ_COLAZIONE_ADEGUATA;regione;piemonte;2010;77.7
AVQ_COLAZIONE_ADEGUATA;regione;puglia;2010;79.5
AVQ_COLAZIONE_ADEGUATA;regione;sardegna;2010;76.0
AVQ_COLAZIONE_ADEGUATA;regione;sicilia;2010;73.1
AVQ_COLAZIONE_ADEGUATA;regione;toscana;2010;85.9
AVQ_COLAZIONE_ADEGUATA;regione;trentino-alto-adige;2010;82.097694
AVQ_COLAZIONE_ADEGUATA;regione;umbria;2010;82.3
AVQ_COLAZIONE_ADEGUATA;regione;valle-d-aosta;2010;80.8
AVQ_COLAZIONE_ADEGUATA;regione;veneto;2010;81.2
AVQ_COLAZIONE_ADEGUATA;regione;abruzzo;2011;81.4
AVQ_COLAZIONE_ADEGUATA;regione;basilicata;2011;74.6
AVQ_COLAZIONE_ADEGUATA;regione;calabria;2011;72.8
AVQ_COLAZIONE_ADEGUATA;regione;campania;2011;75.7
AVQ_COLAZIONE_ADEGUATA;regione;emilia-romagna;2011;82.1
AVQ_COLAZIONE_ADEGUATA;regione;friuli-venezia-giulia;2011;80.1
AVQ_COLAZIONE_ADEGUATA;regione;lazio;2011;83.8
AVQ_COLAZIONE_ADEGUATA;regione;liguria;2011;84.7
AVQ_COLAZIONE_ADEGUATA;regione;lombardia;2011;79.4
AVQ_COLAZIONE_ADEGUATA;regione;marche;2011;83.7
AVQ_COLAZIONE_ADEGUATA;regione;molise;2011;76.5
AVQ_COLAZIONE_ADEGUATA;regione;piemonte;2011;81.0
AVQ_COLAZIONE_ADEGUATA;regione;puglia;2011;79.9
AVQ_COLAZIONE_ADEGUATA;regione;sardegna;2011;77.0
AVQ_COLAZIONE_ADEGUATA;regione;sicilia;2011;74.9
AVQ_COLAZIONE_ADEGUATA;regione;toscana;2011;84.5
AVQ_COLAZIONE_ADEGUATA;regione;trentino-alto-adige;2011;80.529632
AVQ_COLAZIONE_ADEGUATA;regione;umbria;2011;86.2
AVQ_COLAZIONE_ADEGUATA;regione;valle-d-aosta;2011;77.8
AVQ_COLAZIONE_ADEGUATA;regione;veneto;2011;82.7
AVQ_COLAZIONE_ADEGUATA;regione;abruzzo;2012;85.1
AVQ_COLAZIONE_ADEGUATA;regione;basilicata;2012;72.0
AVQ_COLAZIONE_ADEGUATA;regione;calabria;2012;72.1
AVQ_COLAZIONE_ADEGUATA;regione;campania;2012;72.3
AVQ_COLAZIONE_ADEGUATA;regione;emilia-romagna;2012;83.7
AVQ_COLAZIONE_ADEGUATA;regione;friuli-venezia-giulia;2012;77.8
AVQ_COLAZIONE_ADEGUATA;regione;lazio;2012;81.9
AVQ_COLAZIONE_ADEGUATA;regione;liguria;2012;84.2
AVQ_COLAZIONE_ADEGUATA;regione;lombardia;2012;81.0
AVQ_COLAZIONE_ADEGUATA;regione;marche;2012;86.8
AVQ_COLAZIONE_ADEGUATA;regione;molise;2012;77.6
AVQ_COLAZIONE_ADEGUATA;regione;piemonte;2012;80.9
AVQ_COLAZIONE_ADEGUATA;regione;puglia;2012;78.9
AVQ_COLAZIONE_ADEGUATA;regione;sardegna;2012;78.6
AVQ_COLAZIONE_ADEGUATA;regione;sicilia;2012;76.1
AVQ_COLAZIONE_ADEGUATA;regione;toscana;2012;83.6
AVQ_COLAZIONE_ADEGUATA;regione;trentino-alto-adige;2012;82.193083
AVQ_COLAZIONE_ADEGUATA;regione;umbria;2012;86.8
AVQ_COLAZIONE_ADEGUATA;regione;valle-d-aosta;2012;75.7
AVQ_COLAZIONE_ADEGUATA;regione;veneto;2012;84.0
AVQ_COLAZIONE_ADEGUATA;regione;abruzzo;2013;82.6
AVQ_COLAZIONE_ADEGUATA;regione;basilicata;2013;76.2
AVQ_COLAZIONE_ADEGUATA;regione;calabria;2013;71.7
AVQ_COLAZIONE_ADEGUATA;regione;campania;2013;74.5
AVQ_COLAZIONE_ADEGUATA;regione;emilia-romagna;2013;82.7
AVQ_COLAZIONE_ADEGUATA;regione;friuli-venezia-giulia;2013;81.4
AVQ_COLAZIONE_ADEGUATA;regione;lazio;2013;80.0
AVQ_COLAZIONE_ADEGUATA;regione;liguria;2013;81.7
AVQ_COLAZIONE_ADEGUATA;regione;lombardia;2013;79.2
AVQ_COLAZIONE_ADEGUATA;regione;marche;2013;83.3
AVQ_COLAZIONE_ADEGUATA;regione;molise;2013;77.9
AVQ_COLAZIONE_ADEGUATA;regione;piemonte;2013;81.4
AVQ_COLAZIONE_ADEGUATA;regione;puglia;2013;79.0
AVQ_COLAZIONE_ADEGUATA;regione;sardegna;2013;79.6
AVQ_COLAZIONE_ADEGUATA;regione;sicilia;2013;74.9
AVQ_COLAZIONE_ADEGUATA;regione;toscana;2013;85.1
AVQ_COLAZIONE_ADEGUATA;regione;trentino-alto-adige;2013;80.23117
AVQ_COLAZIONE_ADEGUATA;regione;umbria;2013;85.6
AVQ_COLAZIONE_ADEGUATA;regione;valle-d-aosta;2013;80.8
AVQ_COLAZIONE_ADEGUATA;regione;veneto;2013;84.4
AVQ_COLAZIONE_ADEGUATA;regione;abruzzo;2014;79.5
AVQ_COLAZIONE_ADEGUATA;regione;basilicata;2014;74.3
AVQ_COLAZIONE_ADEGUATA;regione;calabria;2014;73.4
AVQ_COLAZIONE_ADEGUATA;regione;campania;2014;74.7
AVQ_COLAZIONE_ADEGUATA;regione;emilia-romagna;2014;84.3
AVQ_COLAZIONE_ADEGUATA;regione;friuli-venezia-giulia;2014;83.2
AVQ_COLAZIONE_ADEGUATA;regione;lazio;2014;83.8
AVQ_COLAZIONE_ADEGUATA;regione;liguria;2014;83.8
AVQ_COLAZIONE_ADEGUATA;regione;lombardia;2014;81.2
AVQ_COLAZIONE_ADEGUATA;regione;marche;2014;84.2
AVQ_COLAZIONE_ADEGUATA;regione;molise;2014;76.3
AVQ_COLAZIONE_ADEGUATA;regione;piemonte;2014;79.5
AVQ_COLAZIONE_ADEGUATA;regione;puglia;2014;78.1
AVQ_COLAZIONE_ADEGUATA;regione;sardegna;2014;76.5
AVQ_COLAZIONE_ADEGUATA;regione;sicilia;2014;76.4
AVQ_COLAZIONE_ADEGUATA;regione;toscana;2014;83.4
AVQ_COLAZIONE_ADEGUATA;regione;trentino-alto-adige;2014;81.543467
AVQ_COLAZIONE_ADEGUATA;regione;umbria;2014;85.1
AVQ_COLAZIONE_ADEGUATA;regione;valle-d-aosta;2014;77.7
AVQ_COLAZIONE_ADEGUATA;regione;veneto;2014;82.3
AVQ_COLAZIONE_ADEGUATA;regione;abruzzo;2015;83.7
AVQ_COLAZIONE_ADEGUATA;regione;basilicata;2015;81.8
AVQ_COLAZIONE_ADEGUATA;regione;calabria;2015;71.3
AVQ_COLAZIONE_ADEGUATA;regione;campania;2015;76.3
AVQ_COLAZIONE_ADEGUATA;regione;emilia-romagna;2015;85.1
AVQ_COLAZIONE_ADEGUATA;regione;friuli-venezia-giulia;2015;82.1
AVQ_COLAZIONE_ADEGUATA;regione;lazio;2015;82.0
AVQ_COLAZIONE_ADEGUATA;regione;liguria;2015;84.0
AVQ_COLAZIONE_ADEGUATA;regione;lombardia;2015;82.1
AVQ_COLAZIONE_ADEGUATA;regione;marche;2015;84.4
AVQ_COLAZIONE_ADEGUATA;regione;molise;2015;80.0
AVQ_COLAZIONE_ADEGUATA;regione;piemonte;2015;81.2
AVQ_COLAZIONE_ADEGUATA;regione;puglia;2015;79.7
AVQ_COLAZIONE_ADEGUATA;regione;sardegna;2015;78.5
AVQ_COLAZIONE_ADEGUATA;regione;sicilia;2015;78.6
AVQ_COLAZIONE_ADEGUATA;regione;toscana;2015;86.6
AVQ_COLAZIONE_ADEGUATA;regione;trentino-alto-adige;2015;82.703843
AVQ_COLAZIONE_ADEGUATA;regione;umbria;2015;85.4
AVQ_COLAZIONE_ADEGUATA;regione;valle-d-aosta;2015;79.6
AVQ_COLAZIONE_ADEGUATA;regione;veneto;2015;82.3
AVQ_COLAZIONE_ADEGUATA;regione;abruzzo;2016;81.5
AVQ_COLAZIONE_ADEGUATA;regione;basilicata;2016;75.8
AVQ_COLAZIONE_ADEGUATA;regione;calabria;2016;74.9
AVQ_COLAZIONE_ADEGUATA;regione;campania;2016;76.2
AVQ_COLAZIONE_ADEGUATA;regione;emilia-romagna;2016;84.3
AVQ_COLAZIONE_ADEGUATA;regione;friuli-venezia-giulia;2016;80.8
AVQ_COLAZIONE_ADEGUATA;regione;lazio;2016;85.5
AVQ_COLAZIONE_ADEGUATA;regione;liguria;2016;82.0
AVQ_COLAZIONE_ADEGUATA;regione;lombardia;2016;82.2
AVQ_COLAZIONE_ADEGUATA;regione;marche;2016;84.9
AVQ_COLAZIONE_ADEGUATA;regione;molise;2016;77.1
AVQ_COLAZIONE_ADEGUATA;regione;piemonte;2016;81.8
AVQ_COLAZIONE_ADEGUATA;regione;puglia;2016;79.1
AVQ_COLAZIONE_ADEGUATA;regione;sardegna;2016;82.0
AVQ_COLAZIONE_ADEGUATA;regione;sicilia;2016;77.8
AVQ_COLAZIONE_ADEGUATA;regione;toscana;2016;85.6
AVQ_COLAZIONE_ADEGUATA;regione;trentino-alto-adige;2016;82.353459
AVQ_COLAZIONE_ADEGUATA;regione;umbria;2016;86.3
AVQ_COLAZIONE_ADEGUATA;regione;valle-d-aosta;2016;78.1
AVQ_COLAZIONE_ADEGUATA;regione;veneto;2016;84.8
AVQ_COLAZIONE_ADEGUATA;regione;abruzzo;2017;84.2
AVQ_COLAZIONE_ADEGUATA;regione;basilicata;2017;78.3
AVQ_COLAZIONE_ADEGUATA;regione;calabria;2017;78.9
AVQ_COLAZIONE_ADEGUATA;regione;campania;2017;74.4
AVQ_COLAZIONE_ADEGUATA;regione;emilia-romagna;2017;86.2
AVQ_COLAZIONE_ADEGUATA;regione;friuli-venezia-giulia;2017;82.7
AVQ_COLAZIONE_ADEGUATA;regione;lazio;2017;83.2
AVQ_COLAZIONE_ADEGUATA;regione;liguria;2017;85.4
AVQ_COLAZIONE_ADEGUATA;regione;lombardia;2017;81.3
AVQ_COLAZIONE_ADEGUATA;regione;marche;2017;86.0
AVQ_COLAZIONE_ADEGUATA;regione;molise;2017;80.8
AVQ_COLAZIONE_ADEGUATA;regione;piemonte;2017;81.2
AVQ_COLAZIONE_ADEGUATA;regione;puglia;2017;79.9
AVQ_COLAZIONE_ADEGUATA;regione;sardegna;2017;78.4
AVQ_COLAZIONE_ADEGUATA;regione;sicilia;2017;76.5
AVQ_COLAZIONE_ADEGUATA;regione;toscana;2017;86.8
AVQ_COLAZIONE_ADEGUATA;regione;trentino-alto-adige;2017;84.53117
AVQ_COLAZIONE_ADEGUATA;regione;umbria;2017;87.4
AVQ_COLAZIONE_ADEGUATA;regione;valle-d-aosta;2017;79.0
AVQ_COLAZIONE_ADEGUATA;regione;veneto;2017;83.3
AVQ_COLAZIONE_ADEGUATA;regione;abruzzo;2018;79.7
AVQ_COLAZIONE_ADEGUATA;regione;basilicata;2018;80.1
AVQ_COLAZIONE_ADEGUATA;regione;calabria;2018;72.8
AVQ_COLAZIONE_ADEGUATA;regione;campania;2018;75.2
AVQ_COLAZIONE_ADEGUATA;regione;emilia-romagna;2018;85.1
AVQ_COLAZIONE_ADEGUATA;regione;friuli-venezia-giulia;2018;84.6
AVQ_COLAZIONE_ADEGUATA;regione;lazio;2018;82.3
AVQ_COLAZIONE_ADEGUATA;regione;liguria;2018;85.2
AVQ_COLAZIONE_ADEGUATA;regione;lombardia;2018;82.2
AVQ_COLAZIONE_ADEGUATA;regione;marche;2018;84.2
AVQ_COLAZIONE_ADEGUATA;regione;molise;2018;74.8
AVQ_COLAZIONE_ADEGUATA;regione;piemonte;2018;79.8
AVQ_COLAZIONE_ADEGUATA;regione;puglia;2018;77.5
AVQ_COLAZIONE_ADEGUATA;regione;sardegna;2018;79.1
AVQ_COLAZIONE_ADEGUATA;regione;sicilia;2018;77.2
AVQ_COLAZIONE_ADEGUATA;regione;toscana;2018;85.7
AVQ_COLAZIONE_ADEGUATA;regione;trentino-alto-adige;2018;82.36345
AVQ_COLAZIONE_ADEGUATA;regione;umbria;2018;85.1
AVQ_COLAZIONE_ADEGUATA;regione;valle-d-aosta;2018;80.2
AVQ_COLAZIONE_ADEGUATA;regione;veneto;2018;84.3
AVQ_COLAZIONE_ADEGUATA;regione;abruzzo;2019;81.7
AVQ_COLAZIONE_ADEGUATA;regione;basilicata;2019;73.0
AVQ_COLAZIONE_ADEGUATA;regione;calabria;2019;73.0
AVQ_COLAZIONE_ADEGUATA;regione;campania;2019;74.7
AVQ_COLAZIONE_ADEGUATA;regione;emilia-romagna;2019;84.8
AVQ_COLAZIONE_ADEGUATA;regione;friuli-venezia-giulia;2019;83.7
AVQ_COLAZIONE_ADEGUATA;regione;lazio;2019;81.8
AVQ_COLAZIONE_ADEGUATA;regione;liguria;2019;81.8
AVQ_COLAZIONE_ADEGUATA;regione;lombardia;2019;81.2
AVQ_COLAZIONE_ADEGUATA;regione;marche;2019;84.9
AVQ_COLAZIONE_ADEGUATA;regione;molise;2019;76.2
AVQ_COLAZIONE_ADEGUATA;regione;piemonte;2019;80.7
AVQ_COLAZIONE_ADEGUATA;regione;puglia;2019;79.3
AVQ_COLAZIONE_ADEGUATA;regione;sardegna;2019;75.3
AVQ_COLAZIONE_ADEGUATA;regione;sicilia;2019;78.6
AVQ_COLAZIONE_ADEGUATA;regione;toscana;2019;85.8
AVQ_COLAZIONE_ADEGUATA;regione;trentino-alto-adige;2019;81.95269
AVQ_COLAZIONE_ADEGUATA;regione;umbria;2019;84.8
AVQ_COLAZIONE_ADEGUATA;regione;valle-d-aosta;2019;82.8
AVQ_COLAZIONE_ADEGUATA;regione;veneto;2019;81.1
AVQ_COLAZIONE_ADEGUATA;regione;abruzzo;2020;81.3
AVQ_COLAZIONE_ADEGUATA;regione;basilicata;2020;82.4
AVQ_COLAZIONE_ADEGUATA;regione;calabria;2020;74.9
AVQ_COLAZIONE_ADEGUATA;regione;campania;2020;73.1
AVQ_COLAZIONE_ADEGUATA;regione;emilia-romagna;2020;82.8
AVQ_COLAZIONE_ADEGUATA;regione;friuli-venezia-giulia;2020;83.9
AVQ_COLAZIONE_ADEGUATA;regione;lazio;2020;85.4
AVQ_COLAZIONE_ADEGUATA;regione;liguria;2020;85.2
AVQ_COLAZIONE_ADEGUATA;regione;lombardia;2020;81.3
AVQ_COLAZIONE_ADEGUATA;regione;marche;2020;84.5
AVQ_COLAZIONE_ADEGUATA;regione;molise;2020;78.8
AVQ_COLAZIONE_ADEGUATA;regione;piemonte;2020;81.6
AVQ_COLAZIONE_ADEGUATA;regione;puglia;2020;76.7
AVQ_COLAZIONE_ADEGUATA;regione;sardegna;2020;78.5
AVQ_COLAZIONE_ADEGUATA;regione;sicilia;2020;79.4
AVQ_COLAZIONE_ADEGUATA;regione;toscana;2020;86.1
AVQ_COLAZIONE_ADEGUATA;regione;trentino-alto-adige;2020;83.503074
AVQ_COLAZIONE_ADEGUATA;regione;umbria;2020;86.7
AVQ_COLAZIONE_ADEGUATA;regione;valle-d-aosta;2020;80.2
AVQ_COLAZIONE_ADEGUATA;regione;veneto;2020;83.6
AVQ_COLAZIONE_ADEGUATA;regione;abruzzo;2021;81.1
AVQ_COLAZIONE_ADEGUATA;regione;basilicata;2021;76.5
AVQ_COLAZIONE_ADEGUATA;regione;calabria;2021;74.5
AVQ_COLAZIONE_ADEGUATA;regione;campania;2021;74.8
AVQ_COLAZIONE_ADEGUATA;regione;emilia-romagna;2021;83.8
AVQ_COLAZIONE_ADEGUATA;regione;friuli-venezia-giulia;2021;84.1
AVQ_COLAZIONE_ADEGUATA;regione;lazio;2021;83.5
AVQ_COLAZIONE_ADEGUATA;regione;liguria;2021;85.4
AVQ_COLAZIONE_ADEGUATA;regione;lombardia;2021;82.4
AVQ_COLAZIONE_ADEGUATA;regione;marche;2021;85.1
AVQ_COLAZIONE_ADEGUATA;regione;molise;2021;73.7
AVQ_COLAZIONE_ADEGUATA;regione;piemonte;2021;82.7
AVQ_COLAZIONE_ADEGUATA;regione;puglia;2021;78.7
AVQ_COLAZIONE_ADEGUATA;regione;sardegna;2021;77.2
AVQ_COLAZIONE_ADEGUATA;regione;sicilia;2021;77.9
AVQ_COLAZIONE_ADEGUATA;regione;toscana;2021;85.6
AVQ_COLAZIONE_ADEGUATA;regione;trentino-alto-adige;2021;82.865756
AVQ_COLAZIONE_ADEGUATA;regione;umbria;2021;85.7
AVQ_COLAZIONE_ADEGUATA;regione;valle-d-aosta;2021;82.6
AVQ_COLAZIONE_ADEGUATA;regione;veneto;2021;85.8
AVQ_COLAZIONE_ADEGUATA;regione;abruzzo;2022;81.9
AVQ_COLAZIONE_ADEGUATA;regione;basilicata;2022;78.2
AVQ_COLAZIONE_ADEGUATA;regione;calabria;2022;76.5
AVQ_COLAZIONE_ADEGUATA;regione;campania;2022;75.4
AVQ_COLAZIONE_ADEGUATA;regione;emilia-romagna;2022;83.3
AVQ_COLAZIONE_ADEGUATA;regione;friuli-venezia-giulia;2022;83.1
AVQ_COLAZIONE_ADEGUATA;regione;lazio;2022;83.9
AVQ_COLAZIONE_ADEGUATA;regione;liguria;2022;81.7
AVQ_COLAZIONE_ADEGUATA;regione;lombardia;2022;80.3
AVQ_COLAZIONE_ADEGUATA;regione;marche;2022;85.0
AVQ_COLAZIONE_ADEGUATA;regione;molise;2022;77.2
AVQ_COLAZIONE_ADEGUATA;regione;piemonte;2022;81.8
AVQ_COLAZIONE_ADEGUATA;regione;puglia;2022;77.5
AVQ_COLAZIONE_ADEGUATA;regione;sardegna;2022;74.9
AVQ_COLAZIONE_ADEGUATA;regione;sicilia;2022;76.8
AVQ_COLAZIONE_ADEGUATA;regione;toscana;2022;82.7
AVQ_COLAZIONE_ADEGUATA;regione;trentino-alto-adige;2022;80.993851
AVQ_COLAZIONE_ADEGUATA;regione;umbria;2022;86.2
AVQ_COLAZIONE_ADEGUATA;regione;valle-d-aosta;2022;82.2
AVQ_COLAZIONE_ADEGUATA;regione;veneto;2022;84.7
AVQ_COLAZIONE_ADEGUATA;regione;abruzzo;2023;81.9
AVQ_COLAZIONE_ADEGUATA;regione;basilicata;2023;76.9
AVQ_COLAZIONE_ADEGUATA;regione;calabria;2023;76.0
AVQ_COLAZIONE_ADEGUATA;regione;campania;2023;73.3
AVQ_COLAZIONE_ADEGUATA;regione;emilia-romagna;2023;83.0
AVQ_COLAZIONE_ADEGUATA;regione;friuli-venezia-giulia;2023;80.3
AVQ_COLAZIONE_ADEGUATA;regione;lazio;2023;83.0
AVQ_COLAZIONE_ADEGUATA;regione;liguria;2023;81.4
AVQ_COLAZIONE_ADEGUATA;regione;lombardia;2023;80.0
AVQ_COLAZIONE_ADEGUATA;regione;marche;2023;85.4
AVQ_COLAZIONE_ADEGUATA;regione;molise;2023;81.5
AVQ_COLAZIONE_ADEGUATA;regione;piemonte;2023;80.2
AVQ_COLAZIONE_ADEGUATA;regione;puglia;2023;78.7
AVQ_COLAZIONE_ADEGUATA;regione;sardegna;2023;78.8
AVQ_COLAZIONE_ADEGUATA;regione;sicilia;2023;78.8
AVQ_COLAZIONE_ADEGUATA;regione;toscana;2023;82.4
AVQ_COLAZIONE_ADEGUATA;regione;trentino-alto-adige;2023;80.723826
AVQ_COLAZIONE_ADEGUATA;regione;umbria;2023;83.9
AVQ_COLAZIONE_ADEGUATA;regione;valle-d-aosta;2023;80.6
AVQ_COLAZIONE_ADEGUATA;regione;veneto;2023;82.0
AVQ_COLAZIONE_ADEGUATA;regione;abruzzo;2024;82.5
AVQ_COLAZIONE_ADEGUATA;regione;basilicata;2024;78.7
AVQ_COLAZIONE_ADEGUATA;regione;calabria;2024;77.4
AVQ_COLAZIONE_ADEGUATA;regione;campania;2024;75.3
AVQ_COLAZIONE_ADEGUATA;regione;emilia-romagna;2024;82.1
AVQ_COLAZIONE_ADEGUATA;regione;friuli-venezia-giulia;2024;82.6
AVQ_COLAZIONE_ADEGUATA;regione;lazio;2024;84.3
AVQ_COLAZIONE_ADEGUATA;regione;liguria;2024;83.6
AVQ_COLAZIONE_ADEGUATA;regione;lombardia;2024;80.5
AVQ_COLAZIONE_ADEGUATA;regione;marche;2024;85.3
AVQ_COLAZIONE_ADEGUATA;regione;molise;2024;75.0
AVQ_COLAZIONE_ADEGUATA;regione;piemonte;2024;81.8
AVQ_COLAZIONE_ADEGUATA;regione;puglia;2024;79.3
AVQ_COLAZIONE_ADEGUATA;regione;sardegna;2024;77.4
AVQ_COLAZIONE_ADEGUATA;regione;sicilia;2024;77.0
AVQ_COLAZIONE_ADEGUATA;regione;toscana;2024;84.0
AVQ_COLAZIONE_ADEGUATA;regione;trentino-alto-adige;2024;80.659607
AVQ_COLAZIONE_ADEGUATA;regione;umbria;2024;85.5
AVQ_COLAZIONE_ADEGUATA;regione;valle-d-aosta;2024;82.7
AVQ_COLAZIONE_ADEGUATA;regione;veneto;2024;82.4
AVQ_COLAZIONE_ADEGUATA;regione;abruzzo;2025;81.7
AVQ_COLAZIONE_ADEGUATA;regione;basilicata;2025;78.4
AVQ_COLAZIONE_ADEGUATA;regione;calabria;2025;73.9
AVQ_COLAZIONE_ADEGUATA;regione;campania;2025;76.3
AVQ_COLAZIONE_ADEGUATA;regione;emilia-romagna;2025;83.8
AVQ_COLAZIONE_ADEGUATA;regione;friuli-venezia-giulia;2025;81.0
AVQ_COLAZIONE_ADEGUATA;regione;lazio;2025;83.2
AVQ_COLAZIONE_ADEGUATA;regione;liguria;2025;82.2
AVQ_COLAZIONE_ADEGUATA;regione;lombardia;2025;80.6
AVQ_COLAZIONE_ADEGUATA;regione;marche;2025;81.8
AVQ_COLAZIONE_ADEGUATA;regione;molise;2025;75.2
AVQ_COLAZIONE_ADEGUATA;regione;piemonte;2025;80.8
AVQ_COLAZIONE_ADEGUATA;regione;puglia;2025;75.4
AVQ_COLAZIONE_ADEGUATA;regione;sardegna;2025;75.4
AVQ_COLAZIONE_ADEGUATA;regione;sicilia;2025;78.0
AVQ_COLAZIONE_ADEGUATA;regione;toscana;2025;82.5
AVQ_COLAZIONE_ADEGUATA;regione;trentino-alto-adige;2025;79.914603
AVQ_COLAZIONE_ADEGUATA;regione;umbria;2025;82.9
AVQ_COLAZIONE_ADEGUATA;regione;valle-d-aosta;2025;81.6
AVQ_COLAZIONE_ADEGUATA;regione;veneto;2025;81.9
AVQ_CINQUE_PORZIONI;regione;abruzzo;2005;4.3
AVQ_CINQUE_PORZIONI;regione;basilicata;2005;3.1
AVQ_CINQUE_PORZIONI;regione;calabria;2005;2.5
AVQ_CINQUE_PORZIONI;regione;campania;2005;6.0
AVQ_CINQUE_PORZIONI;regione;emilia-romagna;2005;5.1
AVQ_CINQUE_PORZIONI;regione;friuli-venezia-giulia;2005;7.7
AVQ_CINQUE_PORZIONI;regione;lazio;2005;5.5
AVQ_CINQUE_PORZIONI;regione;liguria;2005;5.6
AVQ_CINQUE_PORZIONI;regione;lombardia;2005;4.9
AVQ_CINQUE_PORZIONI;regione;marche;2005;4.5
AVQ_CINQUE_PORZIONI;regione;molise;2005;4.7
AVQ_CINQUE_PORZIONI;regione;piemonte;2005;6.7
AVQ_CINQUE_PORZIONI;regione;puglia;2005;3.3
AVQ_CINQUE_PORZIONI;regione;sardegna;2005;6.4
AVQ_CINQUE_PORZIONI;regione;sicilia;2005;4.4
AVQ_CINQUE_PORZIONI;regione;toscana;2005;5.7
AVQ_CINQUE_PORZIONI;regione;trentino-alto-adige;2005;6.565756
AVQ_CINQUE_PORZIONI;regione;umbria;2005;5.1
AVQ_CINQUE_PORZIONI;regione;valle-d-aosta;2005;4.9
AVQ_CINQUE_PORZIONI;regione;veneto;2005;6.7
AVQ_CINQUE_PORZIONI;regione;abruzzo;2006;5.1
AVQ_CINQUE_PORZIONI;regione;basilicata;2006;4.7
AVQ_CINQUE_PORZIONI;regione;calabria;2006;2.9
AVQ_CINQUE_PORZIONI;regione;campania;2006;4.4
AVQ_CINQUE_PORZIONI;regione;emilia-romagna;2006;6.0
AVQ_CINQUE_PORZIONI;regione;friuli-venezia-giulia;2006;5.5
AVQ_CINQUE_PORZIONI;regione;lazio;2006;5.6
AVQ_CINQUE_PORZIONI;regione;liguria;2006;7.0
AVQ_CINQUE_PORZIONI;regione;lombardia;2006;5.8
AVQ_CINQUE_PORZIONI;regione;marche;2006;3.8
AVQ_CINQUE_PORZIONI;regione;molise;2006;4.5
AVQ_CINQUE_PORZIONI;regione;piemonte;2006;7.3
AVQ_CINQUE_PORZIONI;regione;puglia;2006;3.6
AVQ_CINQUE_PORZIONI;regione;sardegna;2006;4.9
AVQ_CINQUE_PORZIONI;regione;sicilia;2006;4.6
AVQ_CINQUE_PORZIONI;regione;toscana;2006;4.9
AVQ_CINQUE_PORZIONI;regione;trentino-alto-adige;2006;6.912297
AVQ_CINQUE_PORZIONI;regione;umbria;2006;4.8
AVQ_CINQUE_PORZIONI;regione;valle-d-aosta;2006;6.2
AVQ_CINQUE_PORZIONI;regione;veneto;2006;6.2
AVQ_CINQUE_PORZIONI;regione;abruzzo;2007;5.7
AVQ_CINQUE_PORZIONI;regione;basilicata;2007;2.3
AVQ_CINQUE_PORZIONI;regione;calabria;2007;2.7
AVQ_CINQUE_PORZIONI;regione;campania;2007;5.6
AVQ_CINQUE_PORZIONI;regione;emilia-romagna;2007;5.3
AVQ_CINQUE_PORZIONI;regione;friuli-venezia-giulia;2007;4.7
AVQ_CINQUE_PORZIONI;regione;lazio;2007;5.5
AVQ_CINQUE_PORZIONI;regione;liguria;2007;5.3
AVQ_CINQUE_PORZIONI;regione;lombardia;2007;6.9
AVQ_CINQUE_PORZIONI;regione;marche;2007;6.6
AVQ_CINQUE_PORZIONI;regione;molise;2007;6.9
AVQ_CINQUE_PORZIONI;regione;piemonte;2007;6.6
AVQ_CINQUE_PORZIONI;regione;puglia;2007;5.3
AVQ_CINQUE_PORZIONI;regione;sardegna;2007;6.8
AVQ_CINQUE_PORZIONI;regione;sicilia;2007;3.5
AVQ_CINQUE_PORZIONI;regione;toscana;2007;5.1
AVQ_CINQUE_PORZIONI;regione;trentino-alto-adige;2007;8.660376
AVQ_CINQUE_PORZIONI;regione;umbria;2007;6.1
AVQ_CINQUE_PORZIONI;regione;valle-d-aosta;2007;3.8
AVQ_CINQUE_PORZIONI;regione;veneto;2007;6.4
AVQ_CINQUE_PORZIONI;regione;abruzzo;2008;6.3
AVQ_CINQUE_PORZIONI;regione;basilicata;2008;4.4
AVQ_CINQUE_PORZIONI;regione;calabria;2008;4.1
AVQ_CINQUE_PORZIONI;regione;campania;2008;6.6
AVQ_CINQUE_PORZIONI;regione;emilia-romagna;2008;5.5
AVQ_CINQUE_PORZIONI;regione;friuli-venezia-giulia;2008;7.4
AVQ_CINQUE_PORZIONI;regione;lazio;2008;6.1
AVQ_CINQUE_PORZIONI;regione;liguria;2008;5.9
AVQ_CINQUE_PORZIONI;regione;lombardia;2008;5.5
AVQ_CINQUE_PORZIONI;regione;marche;2008;4.5
AVQ_CINQUE_PORZIONI;regione;molise;2008;4.9
AVQ_CINQUE_PORZIONI;regione;piemonte;2008;7.0
AVQ_CINQUE_PORZIONI;regione;puglia;2008;4.6
AVQ_CINQUE_PORZIONI;regione;sardegna;2008;5.9
AVQ_CINQUE_PORZIONI;regione;sicilia;2008;4.7
AVQ_CINQUE_PORZIONI;regione;toscana;2008;5.1
AVQ_CINQUE_PORZIONI;regione;trentino-alto-adige;2008;6.462682
AVQ_CINQUE_PORZIONI;regione;umbria;2008;5.0
AVQ_CINQUE_PORZIONI;regione;valle-d-aosta;2008;6.6
AVQ_CINQUE_PORZIONI;regione;veneto;2008;6.1
AVQ_CINQUE_PORZIONI;regione;abruzzo;2009;3.4
AVQ_CINQUE_PORZIONI;regione;basilicata;2009;1.7
AVQ_CINQUE_PORZIONI;regione;calabria;2009;2.9
AVQ_CINQUE_PORZIONI;regione;campania;2009;5.4
AVQ_CINQUE_PORZIONI;regione;emilia-romagna;2009;7.0
AVQ_CINQUE_PORZIONI;regione;friuli-venezia-giulia;2009;4.8
AVQ_CINQUE_PORZIONI;regione;lazio;2009;4.0
AVQ_CINQUE_PORZIONI;regione;liguria;2009;4.9
AVQ_CINQUE_PORZIONI;regione;lombardia;2009;5.9
AVQ_CINQUE_PORZIONI;regione;marche;2009;4.5
AVQ_CINQUE_PORZIONI;regione;molise;2009;4.4
AVQ_CINQUE_PORZIONI;regione;piemonte;2009;5.4
AVQ_CINQUE_PORZIONI;regione;puglia;2009;3.7
AVQ_CINQUE_PORZIONI;regione;sardegna;2009;4.7
AVQ_CINQUE_PORZIONI;regione;sicilia;2009;3.7
AVQ_CINQUE_PORZIONI;regione;toscana;2009;4.0
AVQ_CINQUE_PORZIONI;regione;trentino-alto-adige;2009;7.718446
AVQ_CINQUE_PORZIONI;regione;umbria;2009;5.3
AVQ_CINQUE_PORZIONI;regione;valle-d-aosta;2009;6.5
AVQ_CINQUE_PORZIONI;regione;veneto;2009;4.1
AVQ_CINQUE_PORZIONI;regione;abruzzo;2010;5.8
AVQ_CINQUE_PORZIONI;regione;basilicata;2010;3.1
AVQ_CINQUE_PORZIONI;regione;calabria;2010;4.2
AVQ_CINQUE_PORZIONI;regione;campania;2010;5.9
AVQ_CINQUE_PORZIONI;regione;emilia-romagna;2010;5.5
AVQ_CINQUE_PORZIONI;regione;friuli-venezia-giulia;2010;5.9
AVQ_CINQUE_PORZIONI;regione;lazio;2010;5.8
AVQ_CINQUE_PORZIONI;regione;liguria;2010;5.1
AVQ_CINQUE_PORZIONI;regione;lombardia;2010;5.8
AVQ_CINQUE_PORZIONI;regione;marche;2010;5.7
AVQ_CINQUE_PORZIONI;regione;molise;2010;3.5
AVQ_CINQUE_PORZIONI;regione;piemonte;2010;6.8
AVQ_CINQUE_PORZIONI;regione;puglia;2010;3.1
AVQ_CINQUE_PORZIONI;regione;sardegna;2010;6.6
AVQ_CINQUE_PORZIONI;regione;sicilia;2010;4.5
AVQ_CINQUE_PORZIONI;regione;toscana;2010;5.8
AVQ_CINQUE_PORZIONI;regione;trentino-alto-adige;2010;6.708454
AVQ_CINQUE_PORZIONI;regione;umbria;2010;4.3
AVQ_CINQUE_PORZIONI;regione;valle-d-aosta;2010;6.1
AVQ_CINQUE_PORZIONI;regione;veneto;2010;5.8
AVQ_CINQUE_PORZIONI;regione;abruzzo;2011;6.6
AVQ_CINQUE_PORZIONI;regione;basilicata;2011;4.7
AVQ_CINQUE_PORZIONI;regione;calabria;2011;2.4
AVQ_CINQUE_PORZIONI;regione;campania;2011;3.9
AVQ_CINQUE_PORZIONI;regione;emilia-romagna;2011;5.1
AVQ_CINQUE_PORZIONI;regione;friuli-venezia-giulia;2011;6.9
AVQ_CINQUE_PORZIONI;regione;lazio;2011;3.9
AVQ_CINQUE_PORZIONI;regione;liguria;2011;5.3
AVQ_CINQUE_PORZIONI;regione;lombardia;2011;6.1
AVQ_CINQUE_PORZIONI;regione;marche;2011;5.4
AVQ_CINQUE_PORZIONI;regione;molise;2011;6.1
AVQ_CINQUE_PORZIONI;regione;piemonte;2011;6.2
AVQ_CINQUE_PORZIONI;regione;puglia;2011;2.7
AVQ_CINQUE_PORZIONI;regione;sardegna;2011;8.2
AVQ_CINQUE_PORZIONI;regione;sicilia;2011;3.6
AVQ_CINQUE_PORZIONI;regione;toscana;2011;3.8
AVQ_CINQUE_PORZIONI;regione;trentino-alto-adige;2011;5.911529
AVQ_CINQUE_PORZIONI;regione;umbria;2011;6.4
AVQ_CINQUE_PORZIONI;regione;valle-d-aosta;2011;6.3
AVQ_CINQUE_PORZIONI;regione;veneto;2011;6.0
AVQ_CINQUE_PORZIONI;regione;abruzzo;2012;3.8
AVQ_CINQUE_PORZIONI;regione;basilicata;2012;1.7
AVQ_CINQUE_PORZIONI;regione;calabria;2012;2.1
AVQ_CINQUE_PORZIONI;regione;campania;2012;3.7
AVQ_CINQUE_PORZIONI;regione;emilia-romagna;2012;5.3
AVQ_CINQUE_PORZIONI;regione;friuli-venezia-giulia;2012;5.6
AVQ_CINQUE_PORZIONI;regione;lazio;2012;5.4
AVQ_CINQUE_PORZIONI;regione;liguria;2012;4.3
AVQ_CINQUE_PORZIONI;regione;lombardia;2012;5.9
AVQ_CINQUE_PORZIONI;regione;marche;2012;3.3
AVQ_CINQUE_PORZIONI;regione;molise;2012;2.5
AVQ_CINQUE_PORZIONI;regione;piemonte;2012;5.3
AVQ_CINQUE_PORZIONI;regione;puglia;2012;2.0
AVQ_CINQUE_PORZIONI;regione;sardegna;2012;6.0
AVQ_CINQUE_PORZIONI;regione;sicilia;2012;4.3
AVQ_CINQUE_PORZIONI;regione;toscana;2012;4.5
AVQ_CINQUE_PORZIONI;regione;trentino-alto-adige;2012;5.567293
AVQ_CINQUE_PORZIONI;regione;umbria;2012;4.7
AVQ_CINQUE_PORZIONI;regione;valle-d-aosta;2012;4.9
AVQ_CINQUE_PORZIONI;regione;veneto;2012;5.6
AVQ_CINQUE_PORZIONI;regione;abruzzo;2013;3.2
AVQ_CINQUE_PORZIONI;regione;basilicata;2013;2.5
AVQ_CINQUE_PORZIONI;regione;calabria;2013;1.8
AVQ_CINQUE_PORZIONI;regione;campania;2013;5.7
AVQ_CINQUE_PORZIONI;regione;emilia-romagna;2013;4.5
AVQ_CINQUE_PORZIONI;regione;friuli-venezia-giulia;2013;5.6
AVQ_CINQUE_PORZIONI;regione;lazio;2013;6.4
AVQ_CINQUE_PORZIONI;regione;liguria;2013;4.8
AVQ_CINQUE_PORZIONI;regione;lombardia;2013;4.3
AVQ_CINQUE_PORZIONI;regione;marche;2013;3.8
AVQ_CINQUE_PORZIONI;regione;molise;2013;3.9
AVQ_CINQUE_PORZIONI;regione;piemonte;2013;7.0
AVQ_CINQUE_PORZIONI;regione;puglia;2013;1.8
AVQ_CINQUE_PORZIONI;regione;sardegna;2013;4.6
AVQ_CINQUE_PORZIONI;regione;sicilia;2013;5.2
AVQ_CINQUE_PORZIONI;regione;toscana;2013;5.5
AVQ_CINQUE_PORZIONI;regione;trentino-alto-adige;2013;5.706149
AVQ_CINQUE_PORZIONI;regione;umbria;2013;4.8
AVQ_CINQUE_PORZIONI;regione;valle-d-aosta;2013;3.7
AVQ_CINQUE_PORZIONI;regione;veneto;2013;4.8
AVQ_CINQUE_PORZIONI;regione;abruzzo;2014;6.3
AVQ_CINQUE_PORZIONI;regione;basilicata;2014;1.9
AVQ_CINQUE_PORZIONI;regione;calabria;2014;2.1
AVQ_CINQUE_PORZIONI;regione;campania;2014;4.4
AVQ_CINQUE_PORZIONI;regione;emilia-romagna;2014;4.4
AVQ_CINQUE_PORZIONI;regione;friuli-venezia-giulia;2014;5.3
AVQ_CINQUE_PORZIONI;regione;lazio;2014;9.0
AVQ_CINQUE_PORZIONI;regione;liguria;2014;4.9
AVQ_CINQUE_PORZIONI;regione;lombardia;2014;4.9
AVQ_CINQUE_PORZIONI;regione;marche;2014;5.6
AVQ_CINQUE_PORZIONI;regione;molise;2014;6.8
AVQ_CINQUE_PORZIONI;regione;piemonte;2014;6.0
AVQ_CINQUE_PORZIONI;regione;puglia;2014;1.3
AVQ_CINQUE_PORZIONI;regione;sardegna;2014;5.6
AVQ_CINQUE_PORZIONI;regione;sicilia;2014;3.1
AVQ_CINQUE_PORZIONI;regione;toscana;2014;5.2
AVQ_CINQUE_PORZIONI;regione;trentino-alto-adige;2014;5.403074
AVQ_CINQUE_PORZIONI;regione;umbria;2014;6.4
AVQ_CINQUE_PORZIONI;regione;valle-d-aosta;2014;4.6
AVQ_CINQUE_PORZIONI;regione;veneto;2014;5.1
AVQ_CINQUE_PORZIONI;regione;abruzzo;2015;3.5
AVQ_CINQUE_PORZIONI;regione;basilicata;2015;2.1
AVQ_CINQUE_PORZIONI;regione;calabria;2015;3.8
AVQ_CINQUE_PORZIONI;regione;campania;2015;4.9
AVQ_CINQUE_PORZIONI;regione;emilia-romagna;2015;7.3
AVQ_CINQUE_PORZIONI;regione;friuli-venezia-giulia;2015;6.3
AVQ_CINQUE_PORZIONI;regione;lazio;2015;6.1
AVQ_CINQUE_PORZIONI;regione;liguria;2015;4.9
AVQ_CINQUE_PORZIONI;regione;lombardia;2015;5.4
AVQ_CINQUE_PORZIONI;regione;marche;2015;7.0
AVQ_CINQUE_PORZIONI;regione;molise;2015;1.7
AVQ_CINQUE_PORZIONI;regione;piemonte;2015;8.1
AVQ_CINQUE_PORZIONI;regione;puglia;2015;3.3
AVQ_CINQUE_PORZIONI;regione;sardegna;2015;5.6
AVQ_CINQUE_PORZIONI;regione;sicilia;2015;2.9
AVQ_CINQUE_PORZIONI;regione;toscana;2015;5.9
AVQ_CINQUE_PORZIONI;regione;trentino-alto-adige;2015;6.75807
AVQ_CINQUE_PORZIONI;regione;umbria;2015;3.1
AVQ_CINQUE_PORZIONI;regione;valle-d-aosta;2015;4.6
AVQ_CINQUE_PORZIONI;regione;veneto;2015;5.4
AVQ_CINQUE_PORZIONI;regione;abruzzo;2016;3.9
AVQ_CINQUE_PORZIONI;regione;basilicata;2016;4.3
AVQ_CINQUE_PORZIONI;regione;calabria;2016;3.1
AVQ_CINQUE_PORZIONI;regione;campania;2016;4.4
AVQ_CINQUE_PORZIONI;regione;emilia-romagna;2016;6.7
AVQ_CINQUE_PORZIONI;regione;friuli-venezia-giulia;2016;6.3
AVQ_CINQUE_PORZIONI;regione;lazio;2016;7.3
AVQ_CINQUE_PORZIONI;regione;liguria;2016;4.8
AVQ_CINQUE_PORZIONI;regione;lombardia;2016;5.8
AVQ_CINQUE_PORZIONI;regione;marche;2016;4.4
AVQ_CINQUE_PORZIONI;regione;molise;2016;4.9
AVQ_CINQUE_PORZIONI;regione;piemonte;2016;5.9
AVQ_CINQUE_PORZIONI;regione;puglia;2016;3.1
AVQ_CINQUE_PORZIONI;regione;sardegna;2016;6.8
AVQ_CINQUE_PORZIONI;regione;sicilia;2016;3.9
AVQ_CINQUE_PORZIONI;regione;toscana;2016;6.9
AVQ_CINQUE_PORZIONI;regione;trentino-alto-adige;2016;7.808454
AVQ_CINQUE_PORZIONI;regione;umbria;2016;7.4
AVQ_CINQUE_PORZIONI;regione;valle-d-aosta;2016;4.4
AVQ_CINQUE_PORZIONI;regione;veneto;2016;6.7
AVQ_CINQUE_PORZIONI;regione;abruzzo;2017;5.2
AVQ_CINQUE_PORZIONI;regione;basilicata;2017;2.9
AVQ_CINQUE_PORZIONI;regione;calabria;2017;2.6
AVQ_CINQUE_PORZIONI;regione;campania;2017;2.8
AVQ_CINQUE_PORZIONI;regione;emilia-romagna;2017;5.9
AVQ_CINQUE_PORZIONI;regione;friuli-venezia-giulia;2017;7.3
AVQ_CINQUE_PORZIONI;regione;lazio;2017;5.2
AVQ_CINQUE_PORZIONI;regione;liguria;2017;5.6
AVQ_CINQUE_PORZIONI;regione;lombardia;2017;6.1
AVQ_CINQUE_PORZIONI;regione;marche;2017;6.5
AVQ_CINQUE_PORZIONI;regione;molise;2017;5.1
AVQ_CINQUE_PORZIONI;regione;piemonte;2017;5.8
AVQ_CINQUE_PORZIONI;regione;puglia;2017;2.7
AVQ_CINQUE_PORZIONI;regione;sardegna;2017;8.2
AVQ_CINQUE_PORZIONI;regione;sicilia;2017;5.2
AVQ_CINQUE_PORZIONI;regione;toscana;2017;6.1
AVQ_CINQUE_PORZIONI;regione;trentino-alto-adige;2017;9.31076
AVQ_CINQUE_PORZIONI;regione;umbria;2017;7.6
AVQ_CINQUE_PORZIONI;regione;valle-d-aosta;2017;3.6
AVQ_CINQUE_PORZIONI;regione;veneto;2017;5.4
AVQ_CINQUE_PORZIONI;regione;abruzzo;2018;5.3
AVQ_CINQUE_PORZIONI;regione;basilicata;2018;2.9
AVQ_CINQUE_PORZIONI;regione;calabria;2018;4.3
AVQ_CINQUE_PORZIONI;regione;campania;2018;5.7
AVQ_CINQUE_PORZIONI;regione;emilia-romagna;2018;6.4
AVQ_CINQUE_PORZIONI;regione;friuli-venezia-giulia;2018;8.4
AVQ_CINQUE_PORZIONI;regione;lazio;2018;5.6
AVQ_CINQUE_PORZIONI;regione;liguria;2018;7.7
AVQ_CINQUE_PORZIONI;regione;lombardia;2018;5.9
AVQ_CINQUE_PORZIONI;regione;marche;2018;4.4
AVQ_CINQUE_PORZIONI;regione;molise;2018;6.4
AVQ_CINQUE_PORZIONI;regione;piemonte;2018;7.6
AVQ_CINQUE_PORZIONI;regione;puglia;2018;3.6
AVQ_CINQUE_PORZIONI;regione;sardegna;2018;7.9
AVQ_CINQUE_PORZIONI;regione;sicilia;2018;5.0
AVQ_CINQUE_PORZIONI;regione;toscana;2018;7.7
AVQ_CINQUE_PORZIONI;regione;trentino-alto-adige;2018;7.366525
AVQ_CINQUE_PORZIONI;regione;umbria;2018;6.9
AVQ_CINQUE_PORZIONI;regione;valle-d-aosta;2018;8.4
AVQ_CINQUE_PORZIONI;regione;veneto;2018;5.8
AVQ_CINQUE_PORZIONI;regione;abruzzo;2019;4.1
AVQ_CINQUE_PORZIONI;regione;basilicata;2019;2.3
AVQ_CINQUE_PORZIONI;regione;calabria;2019;3.2
AVQ_CINQUE_PORZIONI;regione;campania;2019;4.2
AVQ_CINQUE_PORZIONI;regione;emilia-romagna;2019;7.0
AVQ_CINQUE_PORZIONI;regione;friuli-venezia-giulia;2019;8.5
AVQ_CINQUE_PORZIONI;regione;lazio;2019;6.0
AVQ_CINQUE_PORZIONI;regione;liguria;2019;6.0
AVQ_CINQUE_PORZIONI;regione;lombardia;2019;7.1
AVQ_CINQUE_PORZIONI;regione;marche;2019;6.5
AVQ_CINQUE_PORZIONI;regione;molise;2019;4.8
AVQ_CINQUE_PORZIONI;regione;piemonte;2019;7.4
AVQ_CINQUE_PORZIONI;regione;puglia;2019;3.3
AVQ_CINQUE_PORZIONI;regione;sardegna;2019;6.0
AVQ_CINQUE_PORZIONI;regione;sicilia;2019;3.8
AVQ_CINQUE_PORZIONI;regione;toscana;2019;5.7
AVQ_CINQUE_PORZIONI;regione;trentino-alto-adige;2019;9.95807
AVQ_CINQUE_PORZIONI;regione;umbria;2019;6.9
AVQ_CINQUE_PORZIONI;regione;valle-d-aosta;2019;7.2
AVQ_CINQUE_PORZIONI;regione;veneto;2019;6.8
AVQ_CINQUE_PORZIONI;regione;abruzzo;2020;4.0
AVQ_CINQUE_PORZIONI;regione;basilicata;2020;3.7
AVQ_CINQUE_PORZIONI;regione;calabria;2020;2.0
AVQ_CINQUE_PORZIONI;regione;campania;2020;2.8
AVQ_CINQUE_PORZIONI;regione;emilia-romagna;2020;5.8
AVQ_CINQUE_PORZIONI;regione;friuli-venezia-giulia;2020;7.7
AVQ_CINQUE_PORZIONI;regione;lazio;2020;6.4
AVQ_CINQUE_PORZIONI;regione;liguria;2020;6.0
AVQ_CINQUE_PORZIONI;regione;lombardia;2020;6.5
AVQ_CINQUE_PORZIONI;regione;marche;2020;7.4
AVQ_CINQUE_PORZIONI;regione;molise;2020;5.5
AVQ_CINQUE_PORZIONI;regione;piemonte;2020;8.5
AVQ_CINQUE_PORZIONI;regione;puglia;2020;3.7
AVQ_CINQUE_PORZIONI;regione;sardegna;2020;7.0
AVQ_CINQUE_PORZIONI;regione;sicilia;2020;3.9
AVQ_CINQUE_PORZIONI;regione;toscana;2020;7.1
AVQ_CINQUE_PORZIONI;regione;trentino-alto-adige;2020;8.61076
AVQ_CINQUE_PORZIONI;regione;umbria;2020;5.5
AVQ_CINQUE_PORZIONI;regione;valle-d-aosta;2020;7.6
AVQ_CINQUE_PORZIONI;regione;veneto;2020;7.3
AVQ_CINQUE_PORZIONI;regione;abruzzo;2021;3.8
AVQ_CINQUE_PORZIONI;regione;basilicata;2021;3.7
AVQ_CINQUE_PORZIONI;regione;calabria;2021;3.5
AVQ_CINQUE_PORZIONI;regione;campania;2021;5.2
AVQ_CINQUE_PORZIONI;regione;emilia-romagna;2021;6.5
AVQ_CINQUE_PORZIONI;regione;friuli-venezia-giulia;2021;5.8
AVQ_CINQUE_PORZIONI;regione;lazio;2021;6.6
AVQ_CINQUE_PORZIONI;regione;liguria;2021;6.5
AVQ_CINQUE_PORZIONI;regione;lombardia;2021;6.9
AVQ_CINQUE_PORZIONI;regione;marche;2021;5.5
AVQ_CINQUE_PORZIONI;regione;molise;2021;5.4
AVQ_CINQUE_PORZIONI;regione;piemonte;2021;6.4
AVQ_CINQUE_PORZIONI;regione;puglia;2021;3.1
AVQ_CINQUE_PORZIONI;regione;sardegna;2021;6.0
AVQ_CINQUE_PORZIONI;regione;sicilia;2021;4.5
AVQ_CINQUE_PORZIONI;regione;toscana;2021;6.9
AVQ_CINQUE_PORZIONI;regione;trentino-alto-adige;2021;8.358839
AVQ_CINQUE_PORZIONI;regione;umbria;2021;5.6
AVQ_CINQUE_PORZIONI;regione;valle-d-aosta;2021;6.3
AVQ_CINQUE_PORZIONI;regione;veneto;2021;5.9
AVQ_CINQUE_PORZIONI;regione;abruzzo;2022;3.2
AVQ_CINQUE_PORZIONI;regione;basilicata;2022;2.9
AVQ_CINQUE_PORZIONI;regione;calabria;2022;3.1
AVQ_CINQUE_PORZIONI;regione;campania;2022;2.3
AVQ_CINQUE_PORZIONI;regione;emilia-romagna;2022;6.5
AVQ_CINQUE_PORZIONI;regione;friuli-venezia-giulia;2022;7.3
AVQ_CINQUE_PORZIONI;regione;lazio;2022;4.8
AVQ_CINQUE_PORZIONI;regione;liguria;2022;7.2
AVQ_CINQUE_PORZIONI;regione;lombardia;2022;6.2
AVQ_CINQUE_PORZIONI;regione;marche;2022;5.5
AVQ_CINQUE_PORZIONI;regione;molise;2022;3.8
AVQ_CINQUE_PORZIONI;regione;piemonte;2022;5.4
AVQ_CINQUE_PORZIONI;regione;puglia;2022;3.3
AVQ_CINQUE_PORZIONI;regione;sardegna;2022;4.1
AVQ_CINQUE_PORZIONI;regione;sicilia;2022;4.5
AVQ_CINQUE_PORZIONI;regione;toscana;2022;6.4
AVQ_CINQUE_PORZIONI;regione;trentino-alto-adige;2022;8.004612
AVQ_CINQUE_PORZIONI;regione;umbria;2022;6.3
AVQ_CINQUE_PORZIONI;regione;valle-d-aosta;2022;5.7
AVQ_CINQUE_PORZIONI;regione;veneto;2022;4.4
AVQ_CINQUE_PORZIONI;regione;abruzzo;2023;3.6
AVQ_CINQUE_PORZIONI;regione;basilicata;2023;2.3
AVQ_CINQUE_PORZIONI;regione;calabria;2023;3.7
AVQ_CINQUE_PORZIONI;regione;campania;2023;3.0
AVQ_CINQUE_PORZIONI;regione;emilia-romagna;2023;6.1
AVQ_CINQUE_PORZIONI;regione;friuli-venezia-giulia;2023;6.9
AVQ_CINQUE_PORZIONI;regione;lazio;2023;6.5
AVQ_CINQUE_PORZIONI;regione;liguria;2023;5.0
AVQ_CINQUE_PORZIONI;regione;lombardia;2023;6.2
AVQ_CINQUE_PORZIONI;regione;marche;2023;5.6
AVQ_CINQUE_PORZIONI;regione;molise;2023;5.7
AVQ_CINQUE_PORZIONI;regione;piemonte;2023;8.1
AVQ_CINQUE_PORZIONI;regione;puglia;2023;3.6
AVQ_CINQUE_PORZIONI;regione;sardegna;2023;5.0
AVQ_CINQUE_PORZIONI;regione;sicilia;2023;3.6
AVQ_CINQUE_PORZIONI;regione;toscana;2023;5.4
AVQ_CINQUE_PORZIONI;regione;trentino-alto-adige;2023;6.964987
AVQ_CINQUE_PORZIONI;regione;umbria;2023;3.9
AVQ_CINQUE_PORZIONI;regione;valle-d-aosta;2023;6.7
AVQ_CINQUE_PORZIONI;regione;veneto;2023;4.8
AVQ_CINQUE_PORZIONI;regione;abruzzo;2024;5.8
AVQ_CINQUE_PORZIONI;regione;basilicata;2024;3.7
AVQ_CINQUE_PORZIONI;regione;calabria;2024;4.2
AVQ_CINQUE_PORZIONI;regione;campania;2024;4.2
AVQ_CINQUE_PORZIONI;regione;emilia-romagna;2024;6.0
AVQ_CINQUE_PORZIONI;regione;friuli-venezia-giulia;2024;7.8
AVQ_CINQUE_PORZIONI;regione;lazio;2024;5.5
AVQ_CINQUE_PORZIONI;regione;liguria;2024;6.2
AVQ_CINQUE_PORZIONI;regione;lombardia;2024;6.0
AVQ_CINQUE_PORZIONI;regione;marche;2024;5.2
AVQ_CINQUE_PORZIONI;regione;molise;2024;4.0
AVQ_CINQUE_PORZIONI;regione;piemonte;2024;6.1
AVQ_CINQUE_PORZIONI;regione;puglia;2024;4.4
AVQ_CINQUE_PORZIONI;regione;sardegna;2024;7.0
AVQ_CINQUE_PORZIONI;regione;sicilia;2024;3.4
AVQ_CINQUE_PORZIONI;regione;toscana;2024;4.4
AVQ_CINQUE_PORZIONI;regione;trentino-alto-adige;2024;6.96345
AVQ_CINQUE_PORZIONI;regione;umbria;2024;5.4
AVQ_CINQUE_PORZIONI;regione;valle-d-aosta;2024;7.6
AVQ_CINQUE_PORZIONI;regione;veneto;2024;6.2
AVQ_CINQUE_PORZIONI;regione;abruzzo;2025;4.4
AVQ_CINQUE_PORZIONI;regione;basilicata;2025;3.7
AVQ_CINQUE_PORZIONI;regione;calabria;2025;3.5
AVQ_CINQUE_PORZIONI;regione;campania;2025;3.7
AVQ_CINQUE_PORZIONI;regione;emilia-romagna;2025;5.3
AVQ_CINQUE_PORZIONI;regione;friuli-venezia-giulia;2025;7.1
AVQ_CINQUE_PORZIONI;regione;lazio;2025;5.3
AVQ_CINQUE_PORZIONI;regione;liguria;2025;5.9
AVQ_CINQUE_PORZIONI;regione;lombardia;2025;6.3
AVQ_CINQUE_PORZIONI;regione;marche;2025;5.7
AVQ_CINQUE_PORZIONI;regione;molise;2025;4.6
AVQ_CINQUE_PORZIONI;regione;piemonte;2025;6.7
AVQ_CINQUE_PORZIONI;regione;puglia;2025;5.4
AVQ_CINQUE_PORZIONI;regione;sardegna;2025;7.5
AVQ_CINQUE_PORZIONI;regione;sicilia;2025;3.2
AVQ_CINQUE_PORZIONI;regione;toscana;2025;5.1
AVQ_CINQUE_PORZIONI;regione;trentino-alto-adige;2025;8.271905
AVQ_CINQUE_PORZIONI;regione;umbria;2025;5.8
AVQ_CINQUE_PORZIONI;regione;valle-d-aosta;2025;5.6
AVQ_CINQUE_PORZIONI;regione;veneto;2025;5.0
